Ｍ,日付(yyyy.mm.dd),場所,開催,クラス名,レース名,枠番,馬番,馬名,性別,年齢,騎手,斤量,頭数,人気,着順,芝(内・外),距離,馬場状態,多頭出し,所属,調教師,走破タイム,着差,2角,3角,4角,上り3F,馬体重,馬体重増減,ブリンカー
,"2026. 3.29",中京,1名6,2勝,鈴鹿特別･2勝,6,11,コーラルクラウン,牡,4,川田将雅, 58 ,16,1,１, ,ダ1400,良,,(栗),福永祐一,1245,-0.1,,3,3,36.3,484,-4,
,"2026. 3.29",中京,1名6,Ｇ１,高松宮記G1,5,9,サトノレーヴ,牡,7,ルメール, 58 ,18,1,１, ,芝1200,良,,(美),堀宣行,1063,-0.3,,10,10,32.4,530,-2,
,"2026. 3.29",中京,1名6,3勝,伊勢ＳＨ･3勝,5,8,ゴールデンクラウド,牡,4,西村淳也, 57 ,15,1,１, ,ダ1900,良,,(栗),小林真也,1586,-0.1,2,2,2,36.8,526,-6,
,"2026. 3.29",中京,1名6,1勝,１勝ｸﾗｽ,3,6,アンダーザライト,牡,4,団野大成, 58 ,16,2,１, ,芝1600,良,,(美),宮田敬介,1337,-0.0,5,4,5,33.6,532,-2,
,"2026. 3.29",中京,1名6,1勝,大寒桜賞･1勝,7,7,テルヒコウ,牡,3,西村淳也, 57 ,7,4,１, ,芝2200,良,,(栗),矢作芳人,2141,-0.1,1,1,1,34.6,482,0,
,"2026. 3.29",中京,1名6,1勝,１勝ｸﾗｽ・牝,8,12,アイブリンク,牝,4,松山弘平, 56 ,13,2,１, ,ダ1800,良,,(栗),大久保龍,1539,-0.0,10,8,8,36.9,472,-6,
,"2026. 3.29",中京,1名6,1勝,１勝ｸﾗｽ,4,5,メイショウアイル,牡,4,武豊, 57 ,13,6,１, ,芝2200,良,,(栗),高橋義忠,2116,-0.3,3,3,3,34.4,478,-2,
,"2026. 3.29",中京,1名6,未勝利,未勝利,4,7,エンジョイドアスク,牝,3,ルメール, 55 ,16,1,１, ,芝2000,良,,(美),堀宣行,2024,-0.2,8,6,6,33.8,484,,
,"2026. 3.29",中京,1名6,未勝利,未勝利,1,2,メローネ,牝,3,松山弘平, 55 ,18,2,１, ,芝1200,良,,(栗),西園翔太,1088,-0.1,,4,6,34.0,410,+8,
,"2026. 3.29",中京,1名6,未勝利,未勝利,4,7,ロイヤルスパイア,牡,3,川田将雅, 57 ,15,1,１, ,ダ1200,良,,(美),栗田徹,1130,-0.1,,3,3,36.6,460,0,
,"2026. 3.29",中京,1名6,未勝利,未勝利,1,1,メイショウペイト,牡,3,加藤祥太, 57 ,14,9,１, ,ダ1900,良,,(栗),梅田智之,2021,-0.0,10,11,8,37.3,528,-2,
,"2026. 3.29",中京,1名6,未勝利,未勝利・牝,6,12,ルビドゥソレイユ,牝,3,ルメール, 55 ,16,1,１, ,ダ1400,良,,(栗),田中克典,1250,-0.2,,3,3,36.9,474,-2,
,"2026. 3.28",中京,1名5,2勝,フィリピ･2勝,6,11,ノクナレア,牝,4,吉田隼人, 56 ,16,1,１, ,芝1400,良,,(栗),今野貞一,1210,-0.0,,5,5,33.7,448,-4,
,"2026. 3.28",中京,1名5,3勝,マレーシ･3勝,1,2,ルージュソリテール,牝,4,西塚洸二, 56 ,16,1,１, ,芝1600,良,,(栗),藤原英昭,1322,-0.1,4,4,4,34.0,428,-6,
,"2026. 3.28",中京,1名5,2勝,ターフオ･2勝,6,8,ディーガレジェンド,牡,5,西塚洸二, 58 ,12,7,１, ,芝2200,良,,(栗),藤原英昭,2153,-0.1,1,1,1,33.7,470,0,B
,"2026. 3.28",中京,1名5,1勝,ロイヤル･1勝,3,3,ディズレーリ,セ,6,小沢大仁, 58 ,9,8,１, ,ダ1900,稍,,(美),池上昌和,1596,-0.3,8,5,4,37.5,520,-4,B
,"2026. 3.28",中京,1名5,1勝,１勝ｸﾗｽ,5,9,ダノンカゼルタ,セ,4,舟山瑠泉,55▲,15,9,１, ,芝2000,良,,(栗),寺島良,2014,-0.0,4,3,3,33.9,492,-2,
,"2026. 3.28",中京,1名5,1勝,１勝ｸﾗｽ・牝,1,1,キスアンドクライ,牝,4,小沢大仁, 56 ,16,4,１, ,芝1600,良,,(栗),橋口慎介,1344,-0.2,2,2,2,33.8,452,+6,
,"2026. 3.28",中京,1名5,1勝,１勝ｸﾗｽ,1,1,ホウオウゴールド,牡,4,高杉吏麒, 58 ,16,3,１, ,ダ1400,稍,,(美),栗田徹,1241,-0.2,,12,11,35.6,478,-2,
,"2026. 3.28",中京,1名5,未勝利,未勝利,7,12,マイバレンタイン,牡,3,田口貫太, 57 ,15,4,１, ,芝2200,良,,(栗),池江泰寿,2132,-0.0,3,4,3,35.8,512,-2,
,"2026. 3.28",中京,1名5,未勝利,未勝利・若,6,9,アスクドゥチャンプ,牡,3,西塚洸二, 57 ,14,2,１, ,ダ1800,稍,,(栗),藤原英昭,1541,-0.0,11,8,7,37.7,490,-8,B
,"2026. 3.28",中京,1名5,未勝利,未勝利,1,2,ラプランセス,牝,3,岩田康誠, 55 ,16,1,１, ,芝1600,良,,(美),斎藤誠,1344,-0.0,1,1,1,34.8,468,+6,
,"2026. 3.28",中京,1名5,未勝利,未勝利・牝,8,13,キタノサリスカ,牝,3,川端海翼,52▲,13,11,１, ,ダ1800,稍,,(栗),羽月友彦,1552,-0.4,3,3,2,38.6,426,+4,
,"2026. 3.28",中京,1名5,未勝利,未勝利,3,6,リサシテーション,牡,3,柴田裕一,55△,16,8,１, ,ダ1400,稍,,(栗),岡田稲男,1249,-0.2,,13,13,36.6,466,+8,
,"2026. 3.22",中京,1名4,1勝,１勝ｸﾗｽ,3,6,シルフズミスチーフ,牝,4,今村聖奈,54◇,16,1,１, ,ダ1200,良,,(栗),池江泰寿,1122,-0.0,,4,4,36.5,464,+4,
,"2026. 3.22",中京,1名4,Ｇ３,愛知杯G3,8,18,アイサンサン,牝,4,幸英明, 55 ,18,12,１, ,芝1400,良,,(栗),橋田宜長,1196,-0.0,,1,1,34.2,458,-4,
,"2026. 3.22",中京,1名4,2勝,弥富特別･2勝,5,9,タイセイアディクト,牡,5,横山武史, 58 ,16,5,１, ,ダ1900,良,,(美),池上昌和,1595,-0.1,14,9,8,36.8,500,-8,
,"2026. 3.22",中京,1名4,1勝,フローラ･1勝,7,8,テーオーアルアイン,牡,3,団野大成, 57 ,10,8,１, ,芝1600,良,,(栗),奥村豊,1337,-0.2,7,7,7,33.1,482,-4,
,"2026. 3.22",中京,1名4,1勝,１勝ｸﾗｽ,6,12,チムグクル,牡,4,小崎綾也, 58 ,18,1,１, ,芝1400,良,,(栗),福永祐一,1203,-0.0,,7,6,34.0,452,0,
,"2026. 3.22",中京,1名4,1勝,１勝ｸﾗｽ,7,13,テルアスワッド,セ,4,田山旺佑,55▲,15,8,１, ,ダ1800,良,,(栗),須貝尚介,1543,-0.2,1,2,2,37.0,486,-6,B
,"2026. 3.22",中京,1名4,1勝,１勝ｸﾗｽ・牝,1,2,サラスヴァティー,牝,4,横山武史, 56 ,17,1,１, ,芝2000,良,,(美),森一誠,1595,-0.1,3,3,3,34.4,474,-4,
,"2026. 3.22",中京,1名4,未勝利,未勝利,2,3,エンヴェロップ,牝,3,吉村誠之, 55 ,16,6,１, ,芝1600,良,,(栗),佐藤悠太,1339,-0.1,3,5,3,34.7,452,-8,
,"2026. 3.22",中京,1名4,未勝利,未勝利,6,11,ロザーンジュ,牝,3,今村聖奈,53◇,15,4,１, ,芝2000,良,,(栗),寺島良,2003,-0.1,7,7,8,35.0,426,-2,
,"2026. 3.22",中京,1名4,未勝利,未勝利,8,14,ルーナディサングエ,牡,3,菅原隆一, 57 ,15,9,１, ,ダ1800,良,,(美),天間昭一,1547,-0.2,5,2,4,37.9,466,+14,
,"2026. 3.22",中京,1名4,未勝利,未勝利,2,4,スタームーンナイト,牡,3,横山武史, 57 ,16,2,１, ,ダ1400,良,,(美),中舘英二,1251,-1.3,,1,1,38.3,510,+12,B
,"2026. 3.22",中京,1名4,未勝利,未勝利・牝,6,10,セレーノ,牝,3,田山旺佑,52▲,14,4,１, ,ダ1800,良,,(栗),高橋亮,1550,-0.1,1,1,1,37.8,446,+2,
,"2026. 3.21",中京,1名3,1勝,１勝ｸﾗｽ,3,3,ベストシーン,牡,4,嶋田純次, 58 ,14,3,１, ,芝1600,良,,(美),手塚貴久,1341,-0.3,3,4,5,33.4,476,+6,B
,"2026. 3.21",中京,1名3,Ｇ３,ファルコG3,5,9,ダイヤモンドノット,牡,3,川田将雅, 57 ,17,1,１, ,芝1400,良,,(栗),福永祐一,1198,-0.2,,5,4,33.6,474,+2,
,"2026. 3.21",中京,1名3,3勝,豊明ＳＨ･3勝,7,13,ドラゴンテイラー,牡,4,横山武史, 56 ,16,2,１, ,ダ1400,良,,(栗),藤原英昭,1233,-0.4,,3,2,36.5,532,-4,B
,"2026. 3.21",中京,1名3,2勝,岡崎特別･2勝,1,1,ミトノオルフェ,牡,4,三浦皇成, 58 ,10,4,１, ,芝1400,良,,(栗),前川恭子,1200,-0.2,,7,7,34.1,510,-8,
,"2026. 3.21",中京,1名3,1勝,１勝ｸﾗｽ,7,11,エアビッグマム,牝,4,西塚洸二, 56 ,13,3,１, ,芝2000,良,,(栗),笹田和秀,1597,-0.1,4,4,4,34.3,512,+2,
,"2026. 3.21",中京,1名3,1勝,１勝ｸﾗｽ,4,7,ジェミート,牡,4,舟山瑠泉,55▲,16,2,１, ,ダ1400,良,,(栗),四位洋文,1243,-0.3,,12,12,35.9,492,+6,B
,"2026. 3.21",中京,1名3,未勝利,未勝利,2,4,ペアレンツギフト,牝,3,川田将雅, 55 ,18,2,１, ,芝1400,良,,(栗),中内田充,1211,-0.1,,6,5,34.4,440,+6,
,"2026. 3.21",中京,1名3,未勝利,未勝利,5,9,エイシンウィスパー,牝,3,松若風馬, 55 ,18,3,１, ,芝2000,良,,(栗),今野貞一,2014,-0.1,2,2,2,35.4,476,-6,
,"2026. 3.21",中京,1名3,未勝利,未勝利・牝,8,16,レイクラシック,牝,3,横山武史, 55 ,18,2,１, ,芝2000,良,,(栗),新谷功一,2001,-0.3,6,5,5,35.0,484,-4,
,"2026. 3.21",中京,1名3,未勝利,未勝利,1,1,セルジュバローズ,牡,3,川田将雅, 57 ,13,1,１, ,ダ1900,良,,(栗),池江泰寿,2024,-0.5,1,1,1,38.4,504,+10,
,"2026. 3.21",中京,1名3,未勝利,未勝利・牝,5,10,ヴェルジーネ,牝,3,国分恭介, 55 ,16,5,１, ,ダ1200,良,,(栗),宮地貴稔,1132,-0.6,,8,8,37.1,438,-8,
,"2026. 3.21",中京,1名3,未勝利,未勝利,8,13,コルヴァス,牡,3,川田将雅, 57 ,13,1,１, ,ダ1800,良,,(栗),矢作芳人,1557,-0.1,3,3,3,38.3,480,-10,
,"2026. 3.15",中京,1名2,1勝,１勝ｸﾗｽ,7,13,ヴェントゥーラ,牝,4,舟山瑠泉,53▲,18,1,１, ,芝1200,良,,(栗),小栗実,1075,-0.2,,1,1,34.1,480,-6,
,"2026. 3.15",中京,1名2,Ｇ２,金鯱賞G2,6,9,シェイクユアハート,牡,6,古川吉洋, 57 ,14,8,１, ,芝2000,良,,(栗),宮徹,1581,-0.0,11,12,10,33.5,462,+4,
,"2026. 3.15",中京,1名2,ｵｰﾌﾟﾝ,昇竜Ｓ,4,4,スマートジュリアス,牡,3,武豊, 57 ,12,4,１, ,ダ1400,良,,(栗),中村直也,1240,-0.1,,4,3,36.0,476,-8,
,"2026. 3.15",中京,1名2,2勝,伊良湖特･2勝,8,16,ランウインディ,牝,5,岩田望来, 56 ,16,4,１, ,ダ1200,良,,(栗),中尾秀正,1124,-0.0,,2,2,36.0,474,-6,
,"2026. 3.15",中京,1名2,1勝,１勝ｸﾗｽ,7,10,エリーナストーム,牝,4,三浦皇成, 56 ,12,1,１, ,芝2000,良,,(美),鹿戸雄一,1596,-0.3,7,7,7,34.1,522,+4,B
,"2026. 3.15",中京,1名2,1勝,１勝ｸﾗｽ,1,1,オリーブグリーン,牡,4,岩田望来, 58 ,15,1,１, ,ダ1800,良,,(栗),矢作芳人,1534,-0.2,6,6,3,36.9,532,-8,
,"2026. 3.15",中京,1名2,1勝,１勝ｸﾗｽ・牝,1,2,アクアマリーナ,牝,4,岩田望来, 56 ,16,5,１, ,ダ1400,良,,(美),伊坂重信,1239,-0.2,,1,1,36.5,466,+8,
,"2026. 3.15",中京,1名2,未勝利,未勝利,1,1,メイショウナルカミ,牡,3,川田将雅, 57 ,15,2,１, ,芝2200,良,,(栗),安達昭夫,2125,-0.0,4,3,3,35.6,492,-6,
,"2026. 3.15",中京,1名2,未勝利,未勝利,8,17,タイキプレジール,牡,3,岩田望来, 57 ,18,3,１, ,芝1400,良,,(美),矢野英一,1211,-0.2,,8,8,34.8,494,-2,
,"2026. 3.15",中京,1名2,未勝利,未勝利・牝,1,1,スリラーナイト,牝,3,松山弘平, 55 ,16,2,１, ,芝1600,良,,(栗),長谷川浩,1349,-0.1,4,4,4,34.5,444,0,
,"2026. 3.15",中京,1名2,未勝利,未勝利,1,1,オオツカ,牡,3,松山弘平, 57 ,13,1,１, ,ダ1800,良,,(栗),大久保龍,1541,-0.0,1,1,1,37.2,444,0,
,"2026. 3.15",中京,1名2,未勝利,未勝利,7,14,タイセイモノリス,牡,3,岩田望来, 57 ,16,2,１, ,ダ1400,良,,(美),栗田徹,1250,-0.5,,2,2,37.3,482,+2,
,"2026. 3.14",中京,1名1,1勝,１勝ｸﾗｽ・牝,8,16,カウンティフェア,牝,4,ディー, 56 ,18,2,１, ,芝1400,良,*,(栗),高野友和,1210,-0.0,,4,3,34.8,456,-2,B
,"2026. 3.14",中京,1名1,2勝,中京スＨ･2勝,5,7,テーオーマルコーニ,牡,4,高杉吏麒, 57 ,14,1,１, ,ダ1800,良,,(栗),奥村豊,1541,-0.0,3,6,6,36.2,496,-8,
,"2026. 3.14",中京,1名1,2勝,茶臼山高･2勝,1,1,シンゼンカガ,牡,4,吉田隼人, 58 ,10,4,１, ,芝2000,良,,(栗),荒川義之,1589,-0.2,8,9,9,34.6,456,+2,
,"2026. 3.14",中京,1名1,1勝,鶴舞特別･1勝,7,8,ニュークレド,牡,4,鮫島克駿, 57 ,10,2,１, ,芝2200,良,,(栗),石坂公一,2114,-0.4,9,8,7,35.0,436,-2,
,"2026. 3.14",中京,1名1,1勝,１勝ｸﾗｽ,6,12,ゲーベル,牡,5,高杉吏麒, 58 ,16,1,１, ,ダ1200,良,,(栗),渡辺薫彦,1123,-0.2,,1,1,36.9,528,+8,B
,"2026. 3.14",中京,1名1,1勝,１勝ｸﾗｽ,1,1,スナークピカソ,牡,4,吉田隼人, 58 ,16,4,１, ,芝1600,良,,(栗),高橋一哉,1335,-0.3,7,7,7,33.9,480,-6,
,"2026. 3.14",中京,1名1,1勝,１勝ｸﾗｽ*,6,11,ドンエレクトス,牡,3,浜中俊, 57 ,16,2,１, ,ダ1800,良,,(美),高木登,1527,-0.4,9,3,3,37.3,466,0,
,"2026. 3.14",中京,1名1,未勝利,未勝利,3,5,ミッキージャンプ,牡,3,高杉吏麒, 57 ,18,3,１, ,芝2000,良,*,(栗),池江泰寿,2004,-0.5,1,1,1,35.0,466,+6,
,"2026. 3.14",中京,1名1,未勝利,未勝利・若,6,11,ルージュリリック,牝,3,舟山瑠泉,52▲,16,3,１, ,芝1600,良,,(美),上原佑紀,1342,-0.2,2,2,2,34.4,464,-6,
,"2026. 3.14",中京,1名1,未勝利,未勝利,1,1,アビラーシャ,牡,3,浜中俊, 57 ,13,4,１, ,ダ1900,良,*,(栗),武幸四郎,2032,-0.1,4,3,3,37.5,472,+2,
,"2026. 3.14",中京,1名1,未勝利,未勝利,5,9,ゴーゴーパンチ,牡,3,永島まな,55◇,16,3,１, ,ダ1200,良,,(美),天間昭一,1132,-0.0,,4,4,37.1,480,-4,
,"2026. 3.14",中京,1名1,未勝利,未勝利・牝,5,5,ヴェールミューズ,牝,3,高杉吏麒, 55 ,10,1,１, ,ダ1800,良,,(栗),浜田多実,1550,-1.0,2,2,2,38.5,430,+2,
,2025.12.21,中京,5名6,2勝,尾張特Ｈ･2勝,8,17,リチャードバローズ,牡,4,菅原明良, 56 ,18,4,１, ,芝1400,稍,,(栗),上村洋行,1219,-0.1,,14,14,34.1,516,+12,
,2025.12.21,中京,5名6,ｵｰﾌﾟﾝ,コールド,8,15,ダノンフィーゴ,牡,3,菅原明良, 57 ,16,1,１, ,ダ1400,稍,,(栗),友道康夫,1225,-0.1,,7,7,35.8,464,-10,
,2025.12.21,中京,5名6,2勝,名古屋日･2勝,2,2,ディヴァインスター,牡,3,菅原明良, 57 ,10,4,１, ,芝2000,稍,,(美),林徹,2029,-0.1,2,2,2,35.6,496,+12,
,2025.12.21,中京,5名6,1勝,寒椿賞･1勝*,1,2,カタリテ,牡,2,高杉吏麒, 56 ,16,1,１, ,ダ1400,稍,,(栗),北出成人,1245,-0.2,,2,2,37.2,462,0,
,2025.12.21,中京,5名6,1勝,１勝ｸﾗｽ,1,2,ミトノオルフェ,牡,3,菅原明良, 57 ,16,5,１, ,芝1600,稍,,(栗),前川恭子,1358,-0.0,5,3,3,35.4,516,-6,
,2025.12.21,中京,5名6,1勝,１勝ｸﾗｽ・若,3,6,エメラヴィ,牝,3,斎藤新, 55 ,16,2,１, ,ダ1200,稍,,(栗),松永幹夫,1117,-0.0,,4,4,36.3,448,-4,
,2025.12.21,中京,5名6,1勝,１勝ｸﾗｽ・牝,6,11,ノクナレア,牝,3,荻野極, 55 ,16,1,１, ,芝1600,稍,,(栗),今野貞一,1361,-0.2,6,8,8,34.9,452,+18,
,2025.12.21,中京,5名6,新馬,新馬,4,7,ペルセポネ,牝,2,河原田菜,51★,15,4,１, ,ダ1400,稍,,(栗),渡辺薫彦,1260,-0.2,,3,3,37.4,478,,
,2025.12.21,中京,5名6,未勝利,未勝利*,7,15,テルヴィセクス,牡,2,団野大成, 56 ,18,7,１, ,芝1400,稍,,(栗),斉藤崇史,1219,-0.0,,2,2,34.9,476,0,
,2025.12.21,中京,5名6,1勝,１勝ｸﾗｽ,6,11,ゼンエスポワール,牡,3,横山典弘, 57 ,16,1,１, ,ダ1800,稍,,(栗),飯田祐史,1531,-0.0,2,2,2,38.2,516,-4,
,2025.12.21,中京,5名6,1勝,１勝ｸﾗｽ,2,4,スプランドゥール,牡,4,石神深道,55▲,16,1,１, ,ダ1200,稍,,(美),和田雄二,1125,-0.2,,6,6,36.3,478,+8,
,2025.12.21,中京,5名6,未勝利,未勝利*,6,11,マッドゲイル,牡,2,鮫島克駿, 56 ,16,1,１, ,ダ1800,稍,,(美),上原佑紀,1552,-0.4,8,2,2,38.7,448,0,
,2025.12.20,中京,5名5,1勝,１勝ｸﾗｽ,3,6,ガンマジーティーピ,牡,3,丸山元気, 57 ,18,2,１, ,芝1400,稍,,(栗),渡辺薫彦,1208,-0.0,,6,7,34.7,464,0,
,2025.12.20,中京,5名5,3勝,尾頭橋Ｓ･3勝,6,6,メイショウズイウン,牡,3,松本大輝, 57 ,11,1,１, ,ダ1800,稍,,(栗),本田優,1525,-0.1,5,6,5,36.7,498,-2,
,2025.12.20,中京,5名5,2勝,ヤングジ･2勝,4,7,トルーマンテソーロ,牡,6,塩津璃菜, 58 ,16,8,１, ,ダ1400,稍,,(美),菊川正達,1253,-0.0,,4,4,37.4,530,-2,
,2025.12.20,中京,5名5,ｵｰﾌﾟﾝ,クリスマ,4,4,コラルリーフ,牝,2,鮫島克駿, 55 ,9,4,１, ,芝1200,稍,,(栗),佐藤悠太,1090,-0.2,,8,7,34.0,460,+4,
,2025.12.20,中京,5名5,1勝,ヤングジ･1勝,8,15,モアリジット,牡,4,古川奈穂, 58 ,16,6,１, ,芝2000,稍,*,(栗),西村真幸,2001,-0.1,2,1,1,35.9,510,+10,B
,2025.12.20,中京,5名5,1勝,１勝ｸﾗｽ,6,11,ペイドラロワール,牡,3,高杉吏麒, 57 ,16,8,１, ,ダ1400,稍,,(栗),清水久詞,1253,-0.1,,2,2,37.0,468,+10,
,2025.12.20,中京,5名5,1勝,１勝ｸﾗｽ,5,9,タガノヘラクレス,牡,4,高杉吏麒, 58 ,16,3,１, ,ダ1800,稍,,(栗),千田輝彦,1539,-0.9,3,3,3,37.6,518,+12,
,2025.12.20,中京,5名5,未勝利,未勝利*,5,10,ロードメルヴェイユ,牡,2,横山琉人, 56 ,18,2,１, ,芝2000,稍,,(栗),長谷川浩,2025,-0.0,6,5,5,35.1,466,-8,
,2025.12.20,中京,5名5,未勝利,未勝利・牝*,1,1,アンディムジーク,牝,2,西塚洸二,54☆,16,1,１, ,芝1600,稍,,(栗),渡辺薫彦,1353,-0.1,8,6,8,35.0,446,+10,B
,2025.12.20,中京,5名5,1勝,１勝ｸﾗｽ,2,4,スルーザナイト,牝,3,亀田温心, 55 ,16,4,１, ,ダ1900,稍,,(栗),西園翔太,1599,-0.5,1,2,1,38.0,490,-4,
,2025.12.20,中京,5名5,1勝,１勝ｸﾗｽ・牝,5,9,モリノアミーゴ,牝,3,小林美駒,52▲,16,3,１, ,ダ1400,稍,,(美),鈴木伸尋,1258,-0.3,,13,13,36.1,466,0,
,2025.12.20,中京,5名5,未勝利,未勝利*,5,9,ミヤラティーニ,牝,2,高杉吏麒, 55 ,16,1,１, ,ダ1200,稍,,(栗),東田明士,1136,-0.5,,4,4,37.8,428,+6,
,2025.12.14,中京,5名4,1勝,１勝ｸﾗｽ,2,3,ウインベアトリス,牝,3,石神深道,52▲,16,4,１, ,芝1600,稍,,(美),深山雅史,1356,-0.0,12,10,10,33.9,456,+6,
,2025.12.14,中京,5名4,3勝,知立Ｓ･3勝,7,7,モズナナスター,牝,3,丸山元気, 55 ,10,7,１, ,芝1200,稍,,(栗),矢作芳人,1087,-0.1,,5,5,34.0,460,+4,
,2025.12.14,中京,5名4,2勝,一宮特別･2勝,5,5,バルナバ,牡,3,斎藤新, 56 ,10,3,１, ,芝2200,稍,,(栗),浜田多実,2140,-0.1,6,3,3,34.7,504,+2,
,2025.12.14,中京,5名4,1勝,大須特別･1勝,5,5,レッドボブ,牡,3,亀田温心, 57 ,12,2,１, ,ダ1800,稍,,(栗),田中克典,1542,-0.1,3,3,3,39.5,524,-4,
,2025.12.14,中京,5名4,1勝,１勝ｸﾗｽ,8,16,キョウエイカンセ,牡,4,長浜鴻緒,56△,16,2,１, ,ダ1400,稍,,(美),萱野浩二,1251,-0.3,,6,4,37.0,498,-6,B
,2025.12.14,中京,5名4,1勝,１勝ｸﾗｽ・若,7,12,コウジョリョウゾク,牡,3,橋木太希,54▲,15,8,１, ,ダ1800,稍,,(栗),牧田和弥,1550,-0.1,13,13,11,37.7,478,0,
,2025.12.14,中京,5名4,1勝,１勝ｸﾗｽ・牝,6,11,テンミラクルスター,牝,3,今村聖奈,53◇,18,1,１, ,芝2000,稍,,(美),辻哲英,2012,-0.0,9,7,7,34.4,450,-8,
,2025.12.14,中京,5名4,新馬,新馬,4,4,ウルフ,牡,2,松本大輝,55☆,13,1,１, ,ダ1800,稍,,(栗),渡辺薫彦,1557,-0.5,4,3,2,37.9,498,,
,2025.12.14,中京,5名4,未勝利,未勝利*,6,9,グレーヌドジョワ,牡,2,富田暁, 56 ,13,2,１, ,芝2000,稍,,(栗),今野貞一,2020,-0.1,3,3,3,35.3,456,0,
,2025.12.14,中京,5名4,1勝,１勝ｸﾗｽ,1,2,ドラゴンテイラー,牡,3,和田陽希,54▲,16,1,１, ,ダ1200,稍,,(栗),藤原英昭,1117,-0.5,,1,1,36.1,532,+8,B
,2025.12.14,中京,5名4,未勝利,未勝利*,4,5,クラシオン,牡,2,菊沢一樹, 56 ,13,8,１, ,ダ1400,稍,,(美),菊沢隆徳,1259,-0.2,,3,3,38.4,470,+4,
,2025.12.14,中京,5名4,未勝利,未勝利・牝*,3,3,ブルーメサンライズ,牝,2,富田暁, 55 ,14,2,１, ,ダ1800,稍,*,(栗),石坂公一,1548,-0.4,4,3,2,39.3,462,-10,
,2025.12.13,中京,5名3,1勝,１勝ｸﾗｽ,4,7,クイーンズデイ,牝,3,国分恭介, 55 ,18,9,１, ,芝1200,良,,(栗),岡田稲男,1083,-0.1,,7,6,33.0,446,+2,
,2025.12.13,中京,5名3,Ｇ３,中日新聞ＨG3,4,8,シェイクユアハート,牡,5,古川吉洋,56.5,18,3,１, ,芝2000,良,,(栗),宮徹,1576,-0.2,9,9,10,33.2,458,0,
,2025.12.13,中京,5名3,2勝,鳴海特別･2勝,8,16,アラレタバシル,牡,4,丸山元気, 58 ,16,2,１, ,ダ1800,良,,(美),根本康広,1533,-0.1,13,5,5,36.6,466,-6,B
,2025.12.13,中京,5名3,1勝,つわぶき･1勝,6,6,プレセピオ,牝,2,富田暁, 55 ,11,8,１, ,芝1400,良,,(栗),笹田和秀,1199,-0.1,,2,2,34.8,474,+4,
,2025.12.13,中京,5名3,1勝,１勝ｸﾗｽ,2,3,マジックローズ,牝,3,西村淳也, 55 ,16,3,１, ,ダ1400,良,,(栗),中内田充,1245,-0.3,,1,1,37.5,440,-12,
,2025.12.13,中京,5名3,1勝,１勝ｸﾗｽ,2,4,パフュームセント,牝,4,池添謙一, 56 ,18,1,１, ,芝2200,良,,(栗),斉藤崇史,2110,-0.5,5,4,3,34.0,450,-4,
,2025.12.13,中京,5名3,1勝,１勝ｸﾗｽ・牝,5,10,カロローザ,牝,3,鷲頭虎太,53△,16,9,１, ,ダ1800,良,,(栗),松永幹夫,1538,-0.1,13,12,12,36.3,468,-6,
,2025.12.13,中京,5名3,新馬,新馬,7,9,イベントホライゾン,牡,2,松山弘平, 56 ,12,2,１, ,芝2000,良,,(栗),池江泰寿,2014,-0.3,6,4,3,33.4,488,,
,2025.12.13,中京,5名3,未勝利,未勝利*,5,6,イージーライダー,牡,2,西村淳也, 56 ,13,1,１, ,芝1600,良,,(栗),杉山晴紀,1343,-0.1,7,4,4,34.4,464,0,
,2025.12.13,中京,5名3,1勝,１勝ｸﾗｽ,7,9,ギュルヴィ,牡,3,武豊, 57 ,12,1,１, ,ダ1900,良,,(栗),大久保龍,2009,-0.4,3,4,2,38.0,514,+4,
,2025.12.13,中京,5名3,1勝,１勝ｸﾗｽ・牝,4,7,ノビル,牝,4,川端海翼,53▲,16,8,１, ,ダ1200,良,,(栗),鈴木孝志,1124,-0.0,,4,4,36.5,440,+4,
,2025.12.13,中京,5名3,未勝利,未勝利*,4,5,インシオン,牡,2,松山弘平, 56 ,14,1,１, ,ダ1800,良,,(栗),藤原英昭,1554,-0.3,1,1,2,37.4,504,+2,
,"2025.12. 7",中京,5名2,1勝,栄特別･1勝,6,6,ホウオウレイヴン,セ,3,坂井瑠星, 56 ,10,4,１, ,芝2200,良,,(栗),矢作芳人,2121,-0.0,3,3,3,34.2,454,+2,
,"2025.12. 7",中京,5名2,Ｇ１,チャンピG1,1,2,ダブルハートボンド,牝,4,坂井瑠星, 56 ,16,3,１, ,ダ1800,良,*,(栗),大久保龍,1502,-0.0,3,3,3,37.1,474,-2,
,"2025.12. 7",中京,5名2,2勝,志摩特Ｈ･2勝,6,8,キングメーカー,牡,3,ルメール, 55 ,13,3,１, ,芝1600,良,*,(栗),須貝尚介,1338,-0.2,12,6,6,33.2,490,-4,
,"2025.12. 7",中京,5名2,2勝,犬山特別･2勝,8,16,エイシンナデシコ,牝,3,原優介, 55 ,16,10,１, ,ダ1800,良,,(美),田中剛,1525,-0.3,4,4,4,38.0,442,0,
,"2025.12. 7",中京,5名2,1勝,１勝ｸﾗｽ,7,15,レーヴジーニアル,セ,4,吉田隼人, 58 ,18,7,１, ,芝1400,良,,(栗),松永幹夫,1204,-0.1,,4,4,34.0,488,+2,
,"2025.12. 7",中京,5名2,1勝,１勝ｸﾗｽ,3,4,ラーナローザ,牝,3,大久保友,52▲,14,5,１, ,ダ1200,良,,(美),畠山吉宏,1119,-0.6,,2,3,36.6,494,-4,B
,"2025.12. 7",中京,5名2,1勝,１勝ｸﾗｽ,1,2,カレンワッツアップ,牡,4,松山弘平, 58 ,16,3,１, ,ダ1400,良,,(栗),小林真也,1246,-0.0,,14,13,36.0,476,0,B
,"2025.12. 7",中京,5名2,新馬,新馬,6,12,ゴーゴーリチャード,牡,2,武豊, 56 ,17,5,１, ,芝1400,良,,(栗),庄野靖志,1218,-0.2,,2,2,34.1,502,,
,"2025.12. 7",中京,5名2,未勝利,未勝利*,8,13,トライアンフパス,牝,2,ルメール, 55 ,14,1,１, ,芝1600,良,,(栗),宮徹,1341,-0.1,3,3,3,34.4,478,0,
,"2025.12. 7",中京,5名2,1勝,１勝ｸﾗｽ,3,4,ジーティーダーリン,牡,3,ルメール, 57 ,14,1,１, ,ダ1800,良,,(栗),田中克典,1534,-0.5,3,3,3,37.6,508,+6,
,"2025.12. 7",中京,5名2,1勝,１勝ｸﾗｽ・牝,6,11,マーゴットレーヴ,牝,5,古川奈穂,53▲,16,6,１, ,ダ1400,良,*,(美),伊坂重信,1252,-0.1,,15,12,36.1,472,-4,
,"2025.12. 7",中京,5名2,未勝利,未勝利*,3,3,リベッチオ,牡,2,川田将雅, 56 ,13,2,１, ,ダ1800,良,,(栗),杉山晴紀,1538,-0.4,1,1,1,37.6,492,0,
,"2025.12. 6",中京,5名1,1勝,１勝ｸﾗｽ,3,6,ツーエムクロノス,牡,3,松本大輝,56☆,16,5,１, ,芝1600,良,,(栗),本田優,1330,-0.2,5,5,5,33.8,512,0,
,"2025.12. 6",中京,5名1,3勝,飛騨Ｓ･3勝,5,6,レディマリオン,牝,4,吉村誠之, 56 ,12,1,１, ,芝1400,良,,(栗),長谷川浩,1194,-0.0,,5,5,33.4,448,-2,
,"2025.12. 6",中京,5名1,2勝,中京日経･2勝,4,4,ゼットエール,牡,3,松本大輝, 57 ,13,1,１, ,ダ1200,良,,(栗),吉田直弘,1109,-0.4,,2,2,36.1,514,+2,
,"2025.12. 6",中京,5名1,1勝,こうやま･1勝,6,6,クールデイトナ,牡,2,吉村誠之, 56 ,8,4,１, ,芝1600,良,,(栗),宮地貴稔,1368,-0.2,3,3,3,33.3,478,+4,
,"2025.12. 6",中京,5名1,1勝,１勝ｸﾗｽ,1,2,アオイタケル,牡,3,藤岡佑介, 57 ,18,1,１, ,芝2000,良,,(栗),四位洋文,1590,-0.3,4,4,4,34.0,490,+12,
,"2025.12. 6",中京,5名1,1勝,１勝ｸﾗｽ・若,1,1,ストーンズ,牡,4,永島まな,56◇,16,1,１, ,ダ1800,良,,(栗),友道康夫,1537,-0.3,7,5,4,37.6,500,-6,
,"2025.12. 6",中京,5名1,1勝,１勝ｸﾗｽ,1,1,スマートシーカー,牡,3,西塚洸二,56☆,16,7,１, ,ダ1900,良,,(栗),吉村圭司,2002,-0.2,1,1,1,37.8,476,-2,
,"2025.12. 6",中京,5名1,未勝利,未勝利*,6,10,アクロフェイズ,牡,2,亀田温心, 56 ,14,3,１, ,芝2000,良,,(栗),奥村豊,2013,-0.2,4,3,3,34.1,474,-2,
,"2025.12. 6",中京,5名1,未勝利,未勝利*,4,7,ハッピーラッキー,牡,2,石神深道,53▲,18,2,１, ,芝1200,良,,(美),武市康男,1093,-0.2,,9,9,33.8,456,+2,
,"2025.12. 6",中京,5名1,1勝,１勝ｸﾗｽ・牝,7,13,レーヴドレフォン,牝,4,古川奈穂,53▲,15,9,１, ,ダ1800,良,,(栗),矢作芳人,1542,-0.2,15,11,11,37.6,480,+6,
,"2025.12. 6",中京,5名1,1勝,１勝ｸﾗｽ,5,6,セルヴァンス,セ,3,長岡禎仁, 57 ,13,5,１, ,ダ1200,良,,(栗),小椋研介,1119,-0.3,,3,2,36.5,438,+4,
,"2025.12. 6",中京,5名1,未勝利,未勝利・牝*,8,16,ダンシングドール,牝,2,森田誠也,52▲,16,1,１, ,ダ1400,良,,(栗),牧田和弥,1268,-0.7,,15,15,37.2,460,+6,
,"2025. 8.31",中京,4名4,1勝,１勝ｸﾗｽ,2,2,コシュデリ,牡,3,岩田望来, 56 ,14,4,１, ,ダ1200,良,*,(栗),千田輝彦,1118,-0.0,,5,5,36.7,488,+8,
,"2025. 8.31",中京,4名4,Ｇ３,中京２歳G3,4,4,キャンディード,牡,2,北村友一, 55 ,13,6,１, ,芝1400,良,,(栗),松下武士,1194,-0.0,,8,8,33.9,480,+10,
,"2025. 8.31",中京,4名4,3勝,白川郷Ｓ･3勝,5,9,カゼノランナー,牡,4,北村友一, 58 ,16,2,１, ,ダ1900,良,,(栗),松永幹夫,1585,-0.1,4,3,3,37.5,534,+8,
,"2025. 8.31",中京,4名4,2勝,美濃特別･2勝,2,2,ファミリータイム,牡,4,松山弘平, 58 ,8,2,１, ,芝2200,良,,(栗),石坂公一,2132,-0.2,2,2,2,33.2,476,-2,
,"2025. 8.31",中京,4名4,1勝,１勝ｸﾗｽ,1,2,グローリーリンク,牝,3,北村友一, 53 ,16,1,１, ,芝1600,良,,(栗),吉岡辰弥,1313,-0.8,4,4,5,33.7,514,+2,
,"2025. 8.31",中京,4名4,1勝,１勝ｸﾗｽ,5,7,スーパージョック,牡,3,団野大成, 55 ,13,1,１, ,ダ1800,良,,(栗),佐々木晶,1534,-0.5,3,4,4,37.5,492,+2,
,"2025. 8.31",中京,4名4,新馬,新馬,5,8,カヴァレリッツォ,牡,2,北村友一, 55 ,14,1,１, ,芝1600,良,,(栗),吉岡辰弥,1342,-0.8,8,6,6,34.0,480,,
,"2025. 8.31",中京,4名4,新馬,新馬,2,2,サトノアイボリー,牡,2,団野大成, 55 ,7,3,１, ,芝2000,良,,(栗),杉山晴紀,2047,-0.0,3,4,3,34.0,480,,
,"2025. 8.31",中京,4名4,未勝利,未勝利,8,15,シュテルンビルト,牡,3,松山弘平, 57 ,16,1,１, ,ダ1400,良,,(栗),森田直行,1254,-0.1,,4,3,38.1,458,0,
,"2025. 8.31",中京,4名4,未勝利,未勝利,3,6,メイショウアイル,牡,3,秋山稔樹, 57 ,18,12,１, ,芝2000,良,,(栗),高橋義忠,1591,-0.1,2,3,2,34.4,472,-4,
,"2025. 8.31",中京,4名4,未勝利,未勝利・牝,4,7,オリジナルファイン,牝,3,国分恭介, 55 ,16,2,１, ,ダ1800,良,,(栗),清水久詞,1545,-0.1,15,13,10,37.4,512,+8,
,"2025. 8.31",中京,4名4,未勝利,未勝利*,5,6,レディーゴール,牝,2,松山弘平, 55 ,13,2,１, ,芝1400,良,,(栗),池添学,1213,-0.0,,10,11,34.8,450,+6,
,"2025. 8.30",中京,4名3,1勝,１勝ｸﾗｽ,5,6,エリカドリーム,牝,5,富田暁, 56 ,12,8,１, ,ダ1400,良,,(栗),佐藤悠太,1249,-0.0,,2,2,37.7,506,+6,
,"2025. 8.30",中京,4名3,ｵｰﾌﾟﾝ,名古屋城Ｈ,2,4,テーオーパスワード,牡,4,松山弘平, 56 ,16,1,１, ,ダ1800,良,,(栗),高柳大輔,1518,-0.5,7,8,8,36.7,484,+2,
,"2025. 8.30",中京,4名3,2勝,桑名特別･2勝,6,6,コト,牝,4,高杉吏麒, 56 ,11,6,１, ,芝1400,良,,(栗),野中賢二,1204,-0.1,,1,1,33.6,474,-2,
,"2025. 8.30",中京,4名3,2勝,清洲特別･2勝,7,14,メイショウヤーキス,牡,4,菱田裕二, 58 ,16,5,１, ,ダ1200,良,,(栗),飯田祐史,1110,-0.0,,6,4,36.0,444,+8,
,"2025. 8.30",中京,4名3,1勝,１勝ｸﾗｽ,7,7,ジョイエッロ,牡,3,田口貫太, 55 ,8,2,１, ,芝2000,良,,(栗),池江泰寿,2004,-0.1,2,3,3,33.6,448,+4,
,"2025. 8.30",中京,4名3,1勝,１勝ｸﾗｽ・牝,8,10,オーケアニス,牝,3,北村友一, 53 ,10,1,１, ,ダ1800,良,,(栗),松永幹夫,1535,-0.3,1,2,1,37.1,460,-14,
,"2025. 8.30",中京,4名3,未勝利,未勝利,2,4,ダノンブギ,牡,3,川田将雅, 57 ,16,1,１, ,芝1600,良,,(栗),安田翔伍,1323,-0.3,7,8,8,34.1,478,-2,
,"2025. 8.30",中京,4名3,新馬,新馬・牝,2,2,フルールジェンヌ,牝,2,田口貫太, 55 ,10,5,１, ,芝1400,良,,(栗),鈴木孝志,1217,-0.1,,1,1,35.6,458,,
,"2025. 8.30",中京,4名3,未勝利,未勝利,8,15,ハッピーダンチャン,牡,3,西塚洸二,56☆,16,6,１, ,ダ1800,良,,(栗),小椋研介,1531,-0.6,2,2,2,38.0,464,-4,
,"2025. 8.30",中京,4名3,未勝利,未勝利,1,1,リーティアコナル,牡,3,小崎綾也, 57 ,15,6,１, ,芝2200,良,*,(栗),友道康夫,2127,-0.1,2,2,2,34.8,494,+4,B
,"2025. 8.30",中京,4名3,未勝利,未勝利*,5,8,ダンツシタン,牡,2,団野大成, 55 ,14,4,１, ,ダ1800,良,,(栗),本田優,1555,-0.1,5,4,3,38.2,516,-8,
,"2025. 8.30",中京,4名3,未勝利,未勝利*,8,12,カラペルソナ,牝,2,吉村誠之,54☆,12,2,１, ,芝2000,良,,(栗),斉藤崇史,2005,-0.3,6,4,4,33.1,446,-2,
,"2025. 8.24",中京,4名2,1勝,１勝ｸﾗｽ,5,7,ダイシンリンク,牡,3,中井裕二, 55 ,14,4,１, ,ダ1400,良,*,(栗),森秀行,1246,-0.1,,10,10,37.5,444,-10,
,"2025. 8.24",中京,4名2,3勝,長篠Ｓ･3勝,1,1,ワンダーキサラ,牝,6,太宰啓介, 56 ,9,1,１, ,芝1200,良,,(栗),石橋守,1072,-0.4,,3,4,33.2,468,0,
,"2025. 8.24",中京,4名2,2勝,大府特別･2勝,8,15,パカーラン,牡,4,西塚洸二, 58 ,16,4,１, ,ダ1800,良,,(栗),藤原英昭,1529,-0.3,6,5,5,38.3,474,-4,
,"2025. 8.24",中京,4名2,1勝,賢島特別･1勝,6,10,ホーリーブラッサム,牝,3,川田将雅, 53 ,14,1,１, ,芝1400,良,,(栗),斉藤崇史,1194,-0.4,,1,1,33.5,486,+10,
,"2025. 8.24",中京,4名2,未勝利,未勝利,5,9,シェーラ,牝,3,高杉吏麒,54☆,15,3,１, ,芝2000,良,,(栗),牧田和弥,2000,-0.1,7,6,5,33.7,416,-2,
,"2025. 8.24",中京,4名2,1勝,１勝ｸﾗｽ,6,6,タガノマルアフ,牡,3,角田大和, 55 ,7,4,１, ,ダ1800,良,,(栗),角田晃一,1537,-0.1,3,2,1,38.0,476,-2,
,"2025. 8.24",中京,4名2,未勝利,未勝利,1,2,エイヘンハールト,牡,3,川田将雅, 57 ,17,2,１, ,芝1400,良,,(栗),高野友和,1204,-0.2,,3,4,34.4,470,-2,B
,"2025. 8.24",中京,4名2,新馬,新馬,5,5,ソラーロ,牡,2,亀田温心, 55 ,5,4,１, ,芝2000,良,,(栗),加藤公太,2059,-0.3,1,1,1,33.7,452,,
,"2025. 8.24",中京,4名2,未勝利,未勝利・牝,2,3,イーブンベター,牝,3,国分恭介, 55 ,16,15,１, ,ダ1400,良,,(栗),牧浦充徳,1250,-0.5,,6,4,37.9,434,-8,
,"2025. 8.24",中京,4名2,未勝利,未勝利*,2,2,クールデイトナ,牡,2,吉村誠之,54☆,8,5,１, ,芝1600,良,,(栗),宮地貴稔,1334,-0.4,4,5,4,34.3,458,+6,
,"2025. 8.24",中京,4名2,未勝利,未勝利,2,3,ドウジャスティ,牡,3,角田大和, 57 ,16,3,１, ,ダ1900,良,*,(栗),池江泰寿,2013,-0.1,1,1,1,39.5,488,0,
,"2025. 8.24",中京,4名2,未勝利,障害未勝利,1,1,アメリカンピース,セ,7,小坂忠士, 60 ,11,2,１, ,芝3000,良,*,(栗),東田明士,3187,-0.5,1,1,2,13.2,460,+2,
,"2025. 8.23",中京,4名1,1勝,１勝ｸﾗｽ,7,7,カミノレアル,牡,3,田口貫太, 55 ,7,1,１, ,ダ1800,良,,(栗),今野貞一,1541,-0.1,4,4,4,38.3,512,+4,B
,"2025. 8.23",中京,4名1,3勝,伊賀ＳＨ･3勝,4,8,プロトポロス,牡,5,松山弘平, 56 ,16,6,１, ,ダ1400,良,,(栗),西村真幸,1235,-0.1,,1,1,37.4,486,-2,B
,"2025. 8.23",中京,4名1,2勝,有松特別･2勝,5,7,モンテシート,牡,3,吉村誠之, 55 ,13,2,１, ,芝1600,良,,(栗),牧田和弥,1335,-0.1,2,1,1,33.9,498,+6,
,"2025. 8.23",中京,4名1,1勝,長良川特･1勝,1,1,パフュームセント,牝,4,池添謙一, 56 ,6,3,１, ,芝2200,良,,(栗),斉藤崇史,2125,-0.0,3,3,4,33.8,446,+14,
,"2025. 8.23",中京,4名1,1勝,１勝ｸﾗｽ・牝,2,2,フルレゾン,牝,4,亀田温心, 56 ,8,2,１, ,芝2000,良,,(栗),池添学,1579,-0.7,4,4,4,33.4,444,-8,
,"2025. 8.23",中京,4名1,未勝利,未勝利,6,12,チムニーパイプ,牝,3,田山旺佑,52▲,16,3,１, ,ダ1200,良,,(栗),岡田稲男,1128,-0.2,,11,9,37.1,416,+2,
,"2025. 8.23",中京,4名1,新馬,新馬,4,4,シュガービスケッツ,牝,2,松若風馬, 55 ,12,7,１, ,ダ1800,良,*,(栗),東田明士,1551,-1.1,1,1,1,37.7,432,,
,"2025. 8.23",中京,4名1,新馬,新馬,8,10,アルスマグナ,牡,2,高杉吏麒,54☆,10,8,１, ,芝1400,良,,(美),池上昌和,1223,-0.2,,2,2,34.7,452,,
,"2025. 8.23",中京,4名1,未勝利,未勝利,6,12,ヤマニンレセディ,牝,3,松山弘平, 55 ,18,2,１, ,芝1200,良,,(栗),長谷川浩,1078,-0.2,,4,5,33.6,448,-8,
,"2025. 8.23",中京,4名1,未勝利,未勝利・牝*,4,4,メイショウハッケイ,牝,2,高杉吏麒,54☆,9,2,１, ,芝1400,良,,(栗),本田優,1212,-0.0,,5,6,33.6,458,-4,
,"2025. 8.23",中京,4名1,未勝利,未勝利,1,2,タガノアニマシオン,セ,3,松山弘平, 57 ,16,7,１, ,ダ1800,良,,(栗),奥村豊,1540,-0.3,10,10,9,37.6,468,+3,
,"2025. 8.23",中京,4名1,ｵｰﾌﾟﾝ,障害・オープ,5,5,ヘザルフェン,牡,4,森一馬, 60 ,6,2,１, ,芝3330,良,,(栗),昆貢,3377,-1.6,2,1,1,13.1,508,+6,
,"2025. 8.17",中京,3名8,1勝,１勝ｸﾗｽ,4,8,ブルーサンセット,牝,3,吉村誠之,53☆,18,3,１, ,芝1200,良,,(栗),奥村豊,1085,-0.3,,2,2,34.3,444,+2,
,"2025. 8.17",中京,3名8,未勝利,未勝利,8,15,コスモグローリー,牡,3,松山弘平, 57 ,15,2,１, ,芝1600,良,,(栗),北出成人,1335,-0.0,3,2,2,35.0,448,0,B
,"2025. 8.17",中京,3名8,1勝,１勝ｸﾗｽ・牝,4,7,エイプリルインパリ,牝,3,バデル, 53 ,16,1,１, ,ダ1400,良,,(栗),高橋義忠,1247,-0.4,,2,1,38.9,454,-2,
,"2025. 8.17",中京,3名8,未勝利,未勝利,2,3,リードプリンシパル,牝,3,菱田裕二, 55 ,16,5,１, ,ダ1200,良,,(栗),秋山真一,1128,-0.2,,4,4,37.7,474,+10,
,"2025. 8.17",中京,3名8,1勝,常滑特別･1勝,6,6,ダノンジョーカー,牡,3,川田将雅, 55 ,6,1,１, ,芝2000,良,,(栗),中内田充,2041,-0.1,6,5,5,32.8,494,+8,
,"2025. 8.17",中京,3名8,Ｇ３,中京記念G3,1,1,マピュース,牝,3,横山武史, 52 ,12,5,１, ,芝1600,良,,(美),和田勇介,1323,-0.1,2,2,2,33.6,488,+6,
,"2025. 8.17",中京,3名8,2勝,大垣特別･2勝,5,10,タイセイレスポンス,セ,4,菱田裕二, 58 ,16,9,１, ,ダ1400,良,,(栗),安田翔伍,1242,-0.0,,3,3,36.3,486,-2,
,"2025. 8.17",中京,3名8,未勝利,未勝利・牝,3,6,アイブリンク,牝,3,松若風馬, 55 ,16,10,１, ,ダ1800,良,*,(栗),大久保龍,1538,-0.1,10,13,13,37.7,470,+6,
,"2025. 8.17",中京,3名8,未勝利,未勝利,8,12,アンビアンス,牝,3,酒井学, 55 ,13,8,１, ,芝2000,良,,(栗),清水久詞,2006,-0.2,7,7,7,34.1,450,+4,
,"2025. 8.17",中京,3名8,新馬,新馬,2,2,スウィッチインラヴ,牝,2,坂井瑠星, 55 ,9,1,１, ,芝1600,良,,(栗),矢作芳人,1362,-0.0,2,2,2,34.0,442,,
,"2025. 8.17",中京,3名8,新馬,新馬,5,9,キーンセンス,牡,2,坂井瑠星, 55 ,16,2,１, ,ダ1400,良,,(栗),松永幹夫,1261,-0.1,,2,2,37.6,514,,
,"2025. 8.17",中京,3名8,未勝利,未勝利*,1,1,ローベルクランツ,牡,2,松山弘平, 55 ,7,1,１, ,芝2000,良,,(栗),小林真也,2007,-0.5,6,4,5,33.9,464,-4,
,"2025. 8.16",中京,3名7,1勝,１勝ｸﾗｽ,6,6,コリカンチャ,セ,3,団野大成, 55 ,10,2,１, ,芝1600,良,,(栗),斉藤崇史,1337,-0.0,6,6,6,33.4,484,+2,B
,"2025. 8.16",中京,3名7,未勝利,未勝利・牝,3,6,ベルサ,牝,3,永島まな,53◇,17,1,１, ,芝1400,良,,(栗),鈴木孝志,1198,-0.1,,1,1,35.1,458,+2,
,"2025. 8.16",中京,3名7,1勝,１勝ｸﾗｽ,1,1,テーオーライマン,牡,3,高杉吏麒,54☆,8,2,１, ,ダ1800,良,,(栗),宮徹,1527,-0.3,3,4,3,37.7,456,-6,
,"2025. 8.16",中京,3名7,1勝,１勝ｸﾗｽ,2,3,ヤマニンシュラ,牡,3,川田将雅, 56 ,16,2,１, ,ダ1200,良,,(栗),斉藤崇史,1109,-1.0,,1,1,35.9,470,0,
,"2025. 8.16",中京,3名7,2勝,長久手特･2勝,8,8,レディーヴァリュー,牝,4,団野大成, 56 ,8,2,１, ,芝2000,良,,(栗),小林真也,1597,-0.2,2,2,2,34.0,464,0,
,"2025. 8.16",中京,3名7,3勝,高山ＳＨ･3勝,8,8,バールデュヴァン,牡,5,バデル, 53 ,9,5,１, ,芝2000,良,,(栗),浜田多実,1584,-0.1,1,1,1,34.5,510,+4,
,"2025. 8.16",中京,3名7,2勝,知多特別･2勝,5,6,サウスバンク,牝,3,川田将雅, 54 ,13,1,１, ,芝1200,良,,(栗),吉岡辰弥,1071,-0.2,,1,1,33.5,484,-2,
,"2025. 8.16",中京,3名7,未勝利,未勝利,7,13,ワンウェイトゥヘル,牡,3,吉村誠之,56☆,16,6,１, ,ダ1400,良,,(栗),中村直也,1250,-0.1,,1,1,37.6,462,+4,
,"2025. 8.16",中京,3名7,未勝利,未勝利,4,7,ワイドクリーガー,牡,3,松山弘平, 57 ,16,2,１, ,ダ1800,良,,(栗),奥村豊,1545,-0.1,5,3,3,38.4,464,-2,
,"2025. 8.16",中京,3名7,未勝利,未勝利,8,16,テレプシコーラ,牝,3,団野大成, 55 ,18,5,１, ,芝2200,良,,(栗),坂口智康,2124,-0.4,8,8,8,34.3,404,-2,
,"2025. 8.16",中京,3名7,新馬,新馬,8,10,シルバーナイツ,牡,2,団野大成, 55 ,10,1,１, ,芝1200,良,,(栗),西園正都,1088,-0.1,,7,5,33.9,506,,
,"2025. 8.16",中京,3名7,未勝利,未勝利*,5,5,テーオーグレーザー,牡,2,高杉吏麒,54☆,9,2,１, ,ダ1200,良,,(栗),藤岡健一,1127,-0.6,,2,2,37.3,488,+2,
,"2025. 8.10",中京,3名6,1勝,１勝ｸﾗｽ,1,1,アンダースコア,牡,3,田口貫太, 55 ,15,7,１, ,芝1400,良,,(栗),庄野靖志,1202,-0.3,,5,5,34.2,448,-8,
,"2025. 8.10",中京,3名6,未勝利,未勝利・牝,3,5,カウンティフェア,牝,3,永島まな,53◇,16,6,１, ,芝1600,良,,(栗),高野友和,1351,-0.2,1,1,1,33.9,454,-4,B
,"2025. 8.10",中京,3名6,1勝,１勝ｸﾗｽ,2,2,メイケイロゼッタ,牡,3,酒井学, 55 ,13,7,１, ,ダ1900,良,,(栗),河嶋宏樹,2009,-0.1,3,3,2,37.7,464,+2,
,"2025. 8.10",中京,3名6,未勝利,未勝利,8,13,クラヴァンス,牡,3,北村友一, 57 ,14,1,１, ,芝2000,良,,(栗),友道康夫,2019,-0.1,1,1,1,34.2,472,-2,B
,"2025. 8.10",中京,3名6,2勝,揖斐川特･2勝,4,4,タガノバビロン,牡,3,荻野極, 55 ,12,1,１, ,ダ1800,良,,(栗),西園翔太,1526,-0.4,4,4,3,37.0,514,0,
,"2025. 8.10",中京,3名6,Ｇ３,ＣＢＣ賞ＨG3,8,17,インビンシブルパパ,牡,4,佐々木大, 57 ,18,5,１, ,芝1200,良,,(美),伊藤大士,1074,-0.1,,1,1,33.4,512,-2,
,"2025. 8.10",中京,3名6,2勝,浜名湖特･2勝,8,8,シャハザマーン,牡,4,バデル, 58 ,9,1,１, ,芝2000,良,,(栗),藤原英昭,1587,-0.4,5,5,2,34.1,480,0,B
,"2025. 8.10",中京,3名6,未勝利,未勝利・牝,3,6,クインズメレンゲ,牝,3,田口貫太, 55 ,16,3,１, ,ダ1400,良,,(栗),吉岡辰弥,1259,-0.0,,5,4,37.9,452,0,
,"2025. 8.10",中京,3名6,新馬,新馬,5,6,アストロレガシー,牡,2,武豊, 55 ,13,2,１, ,芝2000,良,,(栗),武英智,2027,-0.2,3,3,3,33.7,454,,
,"2025. 8.10",中京,3名6,未勝利,未勝利*,4,4,アンドゥーリル,牡,2,荻野極, 55 ,12,1,１, ,芝1600,良,,(栗),中内田充,1332,-0.9,6,6,6,34.3,454,-2,
,"2025. 8.10",中京,3名6,未勝利,未勝利,7,13,ロカヒ,牡,3,武豊, 57 ,15,1,１, ,ダ1800,良,,(栗),飯田祐史,1549,-0.2,14,13,11,38.0,482,+4,
,"2025. 8.10",中京,3名6,未勝利,障害未勝利,5,5,ディープレイヤー,牡,6,五十嵐雄, 60 ,11,2,１, ,芝3000,良,,(美),大和田成,3193,-0.3,2,2,2,13.3,488,+2,
,"2025. 8. 9",中京,3名5,1勝,１勝ｸﾗｽ・牝,8,11,アイサンサン,牝,3,田山旺佑,50▲,12,3,１, ,芝1600,良,,(栗),佐々木晶,1324,-0.1,2,2,2,33.7,450,+2,
,"2025. 8. 9",中京,3名5,未勝利,未勝利,7,14,ロンティケチャップ,牡,3,松若風馬, 57 ,18,5,１, ,芝1400,良,*,(栗),牧田和弥,1203,-0.2,,3,3,35.4,502,-4,B
,"2025. 8. 9",中京,3名5,1勝,１勝ｸﾗｽ,2,3,メイショウハチロー,牡,3,吉村誠之,54☆,15,2,１, ,ダ1400,良,,(栗),福永祐一,1247,-0.2,,9,8,36.8,498,+8,
,"2025. 8. 9",中京,3名5,1勝,１勝ｸﾗｽ・牝,8,9,アンドリーナ,牝,3,バデル, 53 ,9,1,１, ,ダ1800,良,,(栗),牧浦充徳,1532,-0.3,2,2,2,38.5,464,+4,
,"2025. 8. 9",中京,3名5,1勝,香嵐渓特･1勝,4,4,キタサンハナビラ,牝,3,団野大成, 53 ,7,2,１, ,芝2000,良,,(栗),斉藤崇史,1589,-0.3,2,2,2,34.2,450,+12,
,"2025. 8. 9",中京,3名5,3勝,三河Ｓ･3勝,7,13,ポッドロゴ,牡,4,長岡禎仁, 58 ,16,2,１, ,ダ1800,良,,(栗),西園正都,1527,-0.0,7,5,4,37.6,472,-2,
,"2025. 8. 9",中京,3名5,2勝,中京スポ･2勝,4,4,スリールミニョン,牝,3,永島まな, 53 ,11,3,１, ,芝1400,良,,(栗),高橋康之,1210,-0.1,,1,2,33.7,442,-10,
,"2025. 8. 9",中京,3名5,未勝利,未勝利,8,16,キーガッツ,牡,3,長岡禎仁, 57 ,16,1,１, ,ダ1200,良,,(栗),杉山佳明,1126,-0.1,,9,8,37.0,462,+6,
,"2025. 8. 9",中京,3名5,新馬,新馬,7,8,アイニードユー,牝,2,川田将雅, 55 ,11,1,１, ,芝1400,良,,(栗),吉村圭司,1223,-0.2,,2,2,34.1,462,,
,"2025. 8. 9",中京,3名5,未勝利,未勝利*,7,10,フレンドモナコ,牡,2,秋山稔樹, 55 ,12,8,１, ,芝1200,良,,(美),南田美知,1088,-0.2,,4,3,34.4,418,-2,
,"2025. 8. 9",中京,3名5,未勝利,未勝利,2,2,ヒサエノオモカゲ,牝,3,北村友一, 55 ,15,3,１, ,ダ1800,良,,(美),千葉直人,1541,-0.4,1,1,1,37.9,470,-10,
,"2025. 8. 9",中京,3名5,ｵｰﾌﾟﾝ,障害・オープ,8,9,ケンアンビシャス,牡,7,五十嵐雄, 60 ,9,3,１, ,芝3300,良,,(美),久保田貴,3366,-0.2,4,5,2,13.1,484,+2,
,"2025. 8. 3",中京,3名4,1勝,１勝ｸﾗｽ,3,6,エクストラバック,牡,4,団野大成, 58 ,18,4,１, ,芝1400,良,,(栗),西園正都,1198,-0.0,,5,4,34.1,496,+4,
,"2025. 8. 3",中京,3名4,1勝,１勝ｸﾗｽ,8,8,サトノソティラス,牡,3,松山弘平, 55 ,8,1,１, ,芝2200,良,,(栗),池江泰寿,2126,-0.2,2,2,2,34.3,492,-4,
,"2025. 8. 3",中京,3名4,1勝,１勝ｸﾗｽ,8,15,フィドルファドル,牝,3,坂井瑠星, 54 ,16,1,１, ,ダ1200,良,,(栗),矢作芳人,1114,-0.4,,8,7,36.3,452,-4,
,"2025. 8. 3",中京,3名4,未勝利,未勝利・牝,1,2,ダノンフィオーレ,牝,3,松山弘平, 55 ,18,1,１, ,芝2000,良,,(栗),藤原英昭,2004,-0.2,1,1,1,34.1,452,-2,
,"2025. 8. 3",中京,3名4,2勝,納屋橋特･2勝,5,5,ディアナザール,牡,3,団野大成, 55 ,8,1,１, ,芝1600,良,,(栗),斉藤崇史,1327,-0.2,1,1,1,33.3,484,+10,
,"2025. 8. 3",中京,3名4,OP(L),名鉄杯(L),5,5,マリオロード,牡,6,バデル, 57 ,12,9,１, ,ダ1800,良,,(栗),安達昭夫,1521,-0.1,6,3,2,37.3,494,+6,B
,"2025. 8. 3",中京,3名4,3勝,桶狭間Ｓ･3勝,1,2,アッチャゴーラ,牡,5,小崎綾也, 58 ,16,4,１, ,ダ1400,良,,(美),浅利英明,1241,-0.0,,13,10,36.7,518,+10,
,"2025. 8. 3",中京,3名4,未勝利,未勝利,1,2,ビップディラン,牡,3,坂井瑠星, 57 ,16,2,１, ,芝1600,良,,(栗),小椋研介,1333,-0.1,6,5,5,34.5,456,+4,
,"2025. 8. 3",中京,3名4,未勝利,未勝利,1,1,ヴァリオーサ,牝,3,坂井瑠星, 55 ,16,2,１, ,ダ1900,良,,(栗),武幸四郎,2032,-0.1,4,5,3,37.0,470,0,
,"2025. 8. 3",中京,3名4,新馬,新馬,2,2,ラエトゥス,牝,2,松山弘平, 55 ,7,4,１, ,芝1600,良,,(栗),池添学,1369,-0.0,6,2,2,34.3,460,,
,"2025. 8. 3",中京,3名4,新馬,新馬,3,4,マヴィ,牝,2,バデル, 55 ,15,3,１, ,ダ1800,良,,(栗),牧浦充徳,1564,-0.6,1,1,1,39.5,464,,
,"2025. 8. 3",中京,3名4,未勝利,未勝利*,5,5,ユヴァスキュラ,牡,2,松山弘平, 55 ,5,1,１, ,芝2000,良,,(栗),小椋研介,2033,-0.2,5,5,3,33.6,454,+8,
,"2025. 8. 2",中京,3名3,未勝利,未勝利,3,6,パリコレジェンヌ,牝,3,田口貫太, 55 ,16,8,１, ,芝1200,良,*,(栗),鈴木孝志,1077,-0.1,,8,8,33.6,456,+4,
,"2025. 8. 2",中京,3名3,1勝,１勝ｸﾗｽ・牝,5,7,セナスタイル,牝,3,坂井瑠星, 53 ,13,2,１, ,芝2000,良,,(栗),安田翔伍,2011,-0.0,7,9,7,33.9,438,0,
,"2025. 8. 2",中京,3名3,1勝,１勝ｸﾗｽ,5,6,カルパ,牡,4,川田将雅, 58 ,13,3,１, ,ダ1400,良,,(栗),須貝尚介,1245,-0.2,,7,5,37.5,446,+6,
,"2025. 8. 2",中京,3名3,1勝,１勝ｸﾗｽ,1,1,ショーダンサー,牡,3,国分優作, 55 ,10,2,１, ,ダ1800,良,,(栗),大根田裕,1537,-0.2,7,7,7,37.7,434,-4,
,"2025. 8. 2",中京,3名3,2勝,浜松特別･2勝,8,13,テーオーエルビス,牡,3,坂井瑠星, 56 ,14,1,１, ,ダ1200,良,,(栗),高柳大輔,1112,-0.2,,7,7,36.0,510,+6,
,"2025. 8. 2",中京,3名3,3勝,豊明ＳＨ･3勝,4,4,アクートゥス,牡,5,高杉吏麒, 56 ,13,3,１, ,芝1400,良,,(栗),藤原英昭,1187,-0.1,,6,6,32.9,460,-2,
,"2025. 8. 2",中京,3名3,2勝,日進特別･2勝,6,8,グラヴィス,牡,4,坂井瑠星, 58 ,12,2,１, ,ダ1800,良,,(栗),矢作芳人,1535,-0.2,6,6,5,39.3,498,+8,B
,"2025. 8. 2",中京,3名3,未勝利,未勝利,6,11,モズケイスター,牡,3,高杉吏麒,56☆,16,2,１, ,ダ1400,良,,(栗),高柳大輔,1248,-1.1,,4,4,37.6,458,-10,
,"2025. 8. 2",中京,3名3,未勝利,未勝利,1,1,アロンディ,牡,3,バデル, 57 ,14,1,１, ,芝2000,良,,(栗),武英智,1594,-0.2,9,6,4,34.5,452,-2,
,"2025. 8. 2",中京,3名3,未勝利,未勝利,6,11,オーケーエンジェル,牝,3,高杉吏麒,54☆,16,6,１, ,ダ1800,良,,(栗),笹田和秀,1547,-0.2,6,6,2,37.9,440,0,
,"2025. 8. 2",中京,3名3,新馬,新馬・牝,5,5,コニーアイランド,牝,2,川田将雅, 55 ,7,1,１, ,芝1600,良,,(栗),中内田充,1354,-0.2,7,4,3,33.9,470,,
,"2025. 8. 2",中京,3名3,未勝利,未勝利*,5,5,タマモイカロス,牡,2,高杉吏麒,54☆,5,1,１, ,芝1400,良,,(栗),藤岡健一,1223,-0.6,,2,2,33.4,526,+2,
,"2025. 7.27",中京,3名2,1勝,１勝ｸﾗｽ,3,3,ピースフルナイト,牝,5,バデル, 56 ,9,3,１, ,芝1200,良,,(栗),高野友和,1079,-0.0,,4,4,33.9,410,+2,
,"2025. 7.27",中京,3名2,未勝利,未勝利,5,5,ホウオウレイヴン,セ,3,坂井瑠星, 57 ,11,1,１, ,芝2200,良,,(栗),矢作芳人,2136,-0.0,8,7,8,34.0,452,+4,
,"2025. 7.27",中京,3名2,1勝,１勝ｸﾗｽ,7,9,アメリカンポリス,牡,3,坂井瑠星, 55 ,12,1,１, ,ダ1400,良,*,(栗),池江泰寿,1246,-0.3,,1,1,37.3,512,+8,
,"2025. 7.27",中京,3名2,1勝,１勝ｸﾗｽ・牝,5,5,エターナルプロミス,牝,3,吉村誠之,52☆,9,3,１, ,ダ1800,良,*,(栗),茶木太樹,1543,-0.3,7,5,4,37.7,470,+4,
,"2025. 7.27",中京,3名2,1勝,御在所特･1勝,6,6,メディテラニアン,牡,3,バデル, 55 ,7,2,１, ,芝2000,良,,(栗),池江泰寿,1592,-0.0,3,3,2,34.8,460,0,
,"2025. 7.27",中京,3名2,Ｇ３,東海ＳG3,4,7,ヤマニンウルス,牡,5,武豊, 57 ,16,4,１, ,ダ1400,良,,(栗),斉藤崇史,1222,-0.6,,2,2,35.7,582,-2,B
,"2025. 7.27",中京,3名2,2勝,木曽川Ｈ･2勝,3,3,ヤングスカーレット,牡,4,坂井瑠星, 57 ,10,2,１, ,芝2000,良,,(栗),杉山晴紀,1595,-0.3,5,7,7,33.3,536,-6,
,"2025. 7.27",中京,3名2,未勝利,未勝利,4,7,メイショウセイロウ,牡,3,団野大成, 57 ,18,2,１, ,芝1400,良,,(栗),荒川義之,1200,-0.1,,12,11,33.8,414,-6,
,"2025. 7.27",中京,3名2,未勝利,未勝利,5,9,メイショウサトノヒ,牡,3,田口貫太, 57 ,16,6,１, ,ダ1200,良,,(栗),長谷川浩,1123,-0.0,,9,8,36.2,506,+4,
,"2025. 7.27",中京,3名2,新馬,新馬,3,3,ロックターミガン,牡,2,幸英明, 55 ,6,3,１, ,芝2000,良,,(栗),石坂公一,2015,-0.5,4,2,3,34.8,534,,
,"2025. 7.27",中京,3名2,未勝利,未勝利,2,3,テーオーシュタイン,牡,3,松若風馬, 57 ,16,5,１, ,ダ1800,良,,(栗),梅田智之,1541,-0.4,4,4,3,38.4,456,+6,
,"2025. 7.27",中京,3名2,未勝利,障害未勝利,8,14,タマモエース,牡,6,小野寺祐, 60 ,14,1,１, ,芝3000,良,,(栗),宮地貴稔,3190,-0.3,2,2,2,13.3,486,-6,
,"2025. 7.26",中京,3名1,1勝,１勝ｸﾗｽ,8,10,ミニトランザット,牡,3,吉村誠之,54☆,10,2,１, ,芝1600,良,,(栗),杉山佳明,1330,-0.2,5,6,5,33.4,458,-8,
,"2025. 7.26",中京,3名1,未勝利,未勝利,6,9,オーバースタンド,牡,3,松若風馬, 57 ,14,3,１, ,芝2000,良,,(栗),小崎憲,2014,-0.0,8,8,6,34.7,434,-4,
,"2025. 7.26",中京,3名1,1勝,１勝ｸﾗｽ,8,10,メイショウソウセキ,牡,3,永島まな,53◇,11,9,１, ,ダ1800,良,,(栗),松永幹夫,1535,-0.1,1,1,1,38.4,494,0,
,"2025. 7.26",中京,3名1,ｵｰﾌﾟﾝ,障害・オープ,2,2,マイネルエール,セ,6,大江原圭, 60 ,8,1,１, ,芝3300,良,*,(美),蛯名利弘,3385,-0.1,1,1,1,13.2,460,-2,
,"2025. 7.26",中京,3名1,2勝,遠州灘特･2勝,1,1,パルクリチュード,牝,5,松山弘平, 56 ,7,1,１, ,ダ1800,良,,(栗),松永幹夫,1543,-0.2,4,6,4,37.5,456,0,
,"2025. 7.26",中京,3名1,3勝,関ケ原Ｓ･3勝,7,8,グランヴィノス,牡,5,坂井瑠星, 58 ,10,4,１, ,芝2000,良,,(栗),友道康夫,1592,-0.3,2,2,2,33.5,520,-6,
,"2025. 7.26",中京,3名1,2勝,四日市特･2勝,8,15,ワイワイレジェンド,牡,4,高杉吏麒, 58 ,16,7,１, ,ダ1400,良,,(栗),前川恭子,1234,-0.5,,1,1,37.5,486,0,
,"2025. 7.26",中京,3名1,未勝利,未勝利,2,4,ハヤブサオヒメサマ,牝,3,河原田菜,51★,16,2,１, ,ダ1400,良,*,(栗),渡辺薫彦,1251,-0.1,,1,1,38.9,442,+2,B
,"2025. 7.26",中京,3名1,新馬,新馬,7,8,マイケルバローズ,牡,2,川田将雅, 55 ,11,1,１, ,芝1400,良,,(栗),上村洋行,1220,-0.0,,2,2,35.2,494,,
,"2025. 7.26",中京,3名1,未勝利,未勝利*,6,6,バースデイフライト,牝,2,川田将雅, 55 ,6,2,１, ,芝1600,良,,(栗),新谷功一,1343,-0.0,5,3,3,34.2,444,-8,
,"2025. 7.26",中京,3名1,未勝利,未勝利・牝,3,6,サッカレッロ,牝,3,バデル, 55 ,16,7,１, ,ダ1800,良,,(栗),坂口智康,1543,-0.0,11,11,8,36.3,446,+14,
,"2025. 7.26",中京,3名1,未勝利,障害未勝利,1,1,ヘザルフェン,牡,4,森一馬, 60 ,14,3,１, ,芝3000,良,,(栗),昆貢,3170,-0.4,6,6,6,13.1,502,+2,
,"2025. 3.30",中京,2名6,2勝,鈴鹿特別･2勝,3,6,セミマル,牡,5,モレイラ, 58 ,16,1,１, ,ダ1400,良,,(栗),西村真幸,1247,-0.2,,7,7,36.5,526,-4,
,"2025. 3.30",中京,2名6,Ｇ１,高松宮記G1,5,10,サトノレーヴ,牡,6,モレイラ, 58 ,18,2,１, ,芝1200,良,,(美),堀宣行,1079,-0.1,,7,9,33.4,530,-7,
,"2025. 3.30",中京,2名6,3勝,伊勢ＳＨ･3勝,4,7,レヴォントゥレット,牡,4,坂井瑠星, 56 ,16,1,１, ,ダ1900,良,,(栗),矢作芳人,1593,-0.1,1,1,1,38.4,496,+8,
,"2025. 3.30",中京,2名6,1勝,１勝ｸﾗｽ,3,3,グラティアスミノル,牡,4,幸英明, 58 ,14,8,１, ,ダ1400,良,,(栗),北出成人,1253,-0.1,,4,3,37.4,498,-8,B
,"2025. 3.30",中京,2名6,1勝,大寒桜賞･1勝,7,7,エムズ,牡,3,ルメール, 57 ,7,2,１, ,芝2200,良,,(栗),池江泰寿,2136,-0.6,2,2,2,34.4,450,+12,
,"2025. 3.30",中京,2名6,1勝,１勝ｸﾗｽ・牝,8,8,フローラルセント,牝,4,西村淳也, 56 ,9,3,１, ,ダ1800,稍,,(栗),松下武士,1542,-0.4,1,1,1,39.1,470,+2,
,"2025. 3.30",中京,2名6,1勝,１勝ｸﾗｽ,6,8,インビジブルセルフ,牡,4,モレイラ, 57 ,12,2,１, ,芝2200,良,*,(栗),池江泰寿,2153,-0.1,7,8,8,34.1,528,+12,
,"2025. 3.30",中京,2名6,未勝利,未勝利,6,11,ビービーエフォート,牝,3,横山武史, 55 ,18,6,１, ,芝1200,良,,(美),高柳瑞樹,1104,-0.0,,9,9,34.1,410,-8,
,"2025. 3.30",中京,2名6,未勝利,未勝利,8,13,エキサイトバイオ,牡,3,川田将雅, 57 ,13,3,１, ,芝2000,良,,(栗),今野貞一,2021,-0.0,2,2,2,34.8,474,0,
,"2025. 3.30",中京,2名6,未勝利,未勝利,5,6,タイセイカイザー,牡,3,モレイラ, 57 ,13,5,１, ,ダ1800,稍,,(栗),奥村豊,1553,-0.4,12,8,4,36.4,502,,
,"2025. 3.30",中京,2名6,未勝利,未勝利,5,10,キュードス,牡,3,田中健, 57 ,16,2,１, ,ダ1200,稍,,(栗),荒川義之,1129,-0.6,,7,6,37.2,474,-8,
,"2025. 3.30",中京,2名6,未勝利,未勝利・牝,5,5,マリーヌ,牝,3,幸英明, 55 ,12,2,１, ,ダ1800,稍,,(栗),斉藤崇史,1552,-0.3,12,6,7,38.0,462,,
,"2025. 3.29",中京,2名5,1勝,１勝ｸﾗｽ,7,14,ダズリングダンス,セ,5,川須栄彦, 58 ,16,1,１, ,ダ1200,稍,,(栗),小椋研介,1122,-0.2,,3,3,37.4,486,-6,B
,"2025. 3.29",中京,2名5,3勝,豊橋Ｓ･3勝,7,9,バウンシーステップ,牝,4,鮫島克駿, 56 ,11,3,１, ,芝1600,稍,*,(栗),高橋亮,1352,-0.0,4,4,4,34.1,470,+4,
,"2025. 3.29",中京,2名5,2勝,熊野特別･2勝,3,3,モズマーヴェリック,牡,4,国分恭介, 57 ,9,1,１, ,芝2200,稍,,(栗),牧浦充徳,2134,-0.6,6,5,6,37.0,478,0,
,"2025. 3.29",中京,2名5,2勝,矢作川特･2勝,4,5,ティンティンデオ,牡,4,鮫島克駿, 58 ,13,1,１, ,ダ1800,稍,,(栗),小崎憲,1529,-0.2,12,12,11,37.7,488,-2,
,"2025. 3.29",中京,2名5,1勝,１勝ｸﾗｽ,8,15,エーデルサンライズ,牝,5,小崎綾也, 56 ,16,14,１, ,芝1600,稍,,(栗),小林真也,1343,-0.1,6,5,6,34.8,436,+2,
,"2025. 3.29",中京,2名5,1勝,１勝ｸﾗｽ,1,1,バルダンツァ,牡,4,永島まな,56◇,14,2,１, ,ダ1800,稍,,(美),天間昭一,1522,-0.3,13,12,12,37.0,458,-6,
,"2025. 3.29",中京,2名5,1勝,１勝ｸﾗｽ・牝,4,7,ハニーコム,牝,4,シュタル, 56 ,15,6,１, ,芝2000,重,,(美),蛯名正義,2006,-0.2,8,8,6,36.0,430,-10,
,"2025. 3.29",中京,2名5,未勝利,未勝利,6,11,バルナバ,牡,3,佐々木大, 57 ,18,1,１, ,芝2200,重,,(栗),浜田多実,2149,-0.4,9,10,10,35.2,494,0,
,"2025. 3.29",中京,2名5,未勝利,未勝利・若,2,2,メイショウソウセキ,牡,3,角田大和, 57 ,13,1,１, ,ダ1800,稍,,(栗),松永幹夫,1537,-0.1,2,2,2,38.5,496,+4,
,"2025. 3.29",中京,2名5,未勝利,未勝利,6,11,ジェミート,牡,3,富田暁, 57 ,16,2,１, ,ダ1400,稍,,(栗),四位洋文,1247,-0.3,,7,5,36.4,486,0,
,"2025. 3.29",中京,2名5,未勝利,未勝利,5,7,クレスコドルフィン,牡,3,角田大和, 57 ,13,4,１, ,ダ1900,稍,,(栗),長谷川浩,2003,-0.0,2,2,2,38.1,528,0,B
,"2025. 3.29",中京,2名5,未勝利,未勝利・牝,8,16,キョラムン,牝,3,小沢大仁, 55 ,16,1,１, ,ダ1400,稍,,(栗),石橋守,1240,-0.0,,2,2,36.6,462,0,
,"2025. 3.23",中京,2名4,1勝,１勝ｸﾗｽ,7,14,アドマイヤジェイ,牡,6,丹内祐次, 58 ,18,1,１, ,芝1200,良,,(栗),友道康夫,1091,-0.1,,7,7,34.5,490,+2,
,"2025. 3.23",中京,2名4,Ｇ３,愛知杯G3,8,16,ワイドラトゥール,牝,4,北村友一, 55 ,18,10,１, ,芝1400,良,,(栗),藤原英昭,1202,-0.2,,15,13,34.6,426,0,
,"2025. 3.23",中京,2名4,2勝,弥富特Ｈ･2勝,2,4,アスクデビューモア,牡,4,戸崎圭太, 56 ,16,3,１, ,ダ1900,良,,(栗),福永祐一,1592,-0.5,13,6,6,38.3,464,0,
,"2025. 3.23",中京,2名4,1勝,フローラ･1勝,8,9,ウィルサヴァイブ,牝,3,団野大成, 55 ,10,5,１, ,芝1600,良,,(栗),須貝尚介,1352,-0.2,6,3,3,34.9,430,-4,
,"2025. 3.23",中京,2名4,1勝,１勝ｸﾗｽ,7,14,フィリップ,牡,4,丹内祐次, 58 ,16,1,１, ,ダ1400,良,,(美),岩戸孝樹,1246,-0.3,,3,3,37.1,496,+4,B
,"2025. 3.23",中京,2名4,1勝,１勝ｸﾗｽ,6,12,メイショウヘール,牡,4,幸英明, 58 ,16,6,１, ,ダ1800,良,,(栗),大橋勇樹,1549,-0.0,11,7,7,37.0,484,+2,
,"2025. 3.23",中京,2名4,1勝,１勝ｸﾗｽ・牝,2,4,ベルダイナフェロー,牝,4,丹内祐次, 56 ,16,5,１, ,ダ1400,良,,(栗),東田明士,1248,-0.1,,2,2,38.1,474,+2,
,"2025. 3.23",中京,2名4,未勝利,未勝利,8,17,スリーラーケン,牡,3,藤懸貴志, 57 ,18,3,１, ,芝2000,良,,(栗),高橋義忠,2017,-0.1,2,2,2,35.5,494,0,
,"2025. 3.23",中京,2名4,未勝利,未勝利,7,14,カシオペア,牡,3,石川裕紀, 57 ,18,9,１, ,芝1400,良,,(美),上原佑紀,1219,-0.2,,15,14,34.3,522,-2,B
,"2025. 3.23",中京,2名4,未勝利,未勝利,7,14,ハウリングウィンド,牡,3,北村友一, 57 ,16,8,１, ,ダ1400,良,,(栗),安田翔伍,1254,-0.5,,1,1,38.1,500,-6,
,"2025. 3.23",中京,2名4,未勝利,未勝利,8,13,キャストロププ,牡,3,丹内祐次, 57 ,13,3,１, ,ダ1800,良,,(美),尾形和幸,1541,-0.8,7,7,6,38.6,498,-2,
,"2025. 3.23",中京,2名4,未勝利,未勝利・牝,5,9,セレジェイラ,牝,3,西村淳也, 55 ,16,1,１, ,ダ1200,良,,(栗),西村真幸,1129,-0.3,,6,6,37.4,476,-6,
,"2025. 3.22",中京,2名3,1勝,１勝ｸﾗｽ,8,16,ヨシノヤッタルデー,牡,4,角田大和, 58 ,16,3,１, ,ダ1200,良,,(栗),中竹和也,1114,-0.0,,2,2,36.5,458,+6,
,"2025. 3.22",中京,2名3,Ｇ３,ファルコG3,3,6,ヤンキーバローズ,牡,3,岩田望来, 57 ,18,3,１, ,芝1400,良,,(栗),上村洋行,1210,-0.1,,10,8,34.3,482,+6,
,"2025. 3.22",中京,2名3,2勝,熱田特別･2勝,5,9,ソルトクィーン,牝,4,藤岡佑介, 56 ,17,3,１, ,芝1400,良,,(栗),武英智,1210,-0.1,,2,2,35.0,442,-4,
,"2025. 3.22",中京,2名3,1勝,金山特別･1勝,4,8,コスモエクスプレス,牡,6,斎藤新, 58 ,18,12,１, ,芝2000,良,,(美),松永康利,2002,-0.0,15,14,14,34.7,496,-2,
,"2025. 3.22",中京,2名3,1勝,１勝ｸﾗｽ,7,12,ホウオウベルクソン,牡,4,シュタル, 58 ,15,4,１, ,ダ1900,良,,(美),大竹正博,1592,-0.2,7,6,6,36.8,538,+10,B
,"2025. 3.22",中京,2名3,1勝,１勝ｸﾗｽ,5,9,アドマイヤアストラ,牡,4,岩田望来, 58 ,16,1,１, ,芝1600,良,,(栗),友道康夫,1341,-0.0,8,7,6,34.7,444,0,
,"2025. 3.22",中京,2名3,未勝利,未勝利,6,8,ポッドフォルク,牡,3,中井裕二, 57 ,12,1,１, ,ダ1800,良,,(栗),西園正都,1550,-0.6,3,2,3,39.0,494,+6,
,"2025. 3.22",中京,2名3,未勝利,未勝利,1,1,ツーエムクロノス,牡,3,丸山元気, 57 ,16,4,１, ,芝1600,良,,(栗),本田優,1352,-0.2,1,1,1,35.4,504,0,
,"2025. 3.22",中京,2名3,未勝利,未勝利,4,8,パヴィーア,牝,3,北村友一, 55 ,16,6,１, ,ダ1400,良,,(栗),田中克典,1247,-0.2,,6,6,37.3,464,+2,
,"2025. 3.22",中京,2名3,未勝利,未勝利,5,6,エコロスパーダ,牡,3,和田陽希,54▲,12,6,１, ,ダ1900,良,,(栗),大久保龍,2022,-0.4,3,4,4,38.7,452,,
,"2025. 3.22",中京,2名3,未勝利,未勝利,8,16,トラヴェリンバンド,牡,3,北村友一, 57 ,16,1,１, ,ダ1200,良,,(栗),西村真幸,1125,-0.7,,2,2,37.2,478,0,B
,"2025. 3.22",中京,2名3,未勝利,未勝利・牝,3,3,フェアリーブルー,牝,3,ルメール, 55 ,14,1,１, ,ダ1800,良,,(栗),西園翔太,1534,-0.1,1,1,1,38.0,484,0,
,"2025. 3.16",中京,2名2,1勝,１勝ｸﾗｽ,2,3,クレイヴィンオナー,牡,4,岩田康誠, 58 ,16,4,１, ,ダ1400,重,,(美),嘉藤貴行,1234,-0.3,,8,8,35.8,528,-2,B
,"2025. 3.16",中京,2名2,Ｇ２,金鯱賞G2,6,6,クイーンズウォーク,牝,4,川田将雅, 55 ,10,4,１, ,芝2000,重,*,(栗),中内田充,2013,-0.0,3,3,3,36.3,534,0,
,"2025. 3.16",中京,2名2,ｵｰﾌﾟﾝ,昇竜Ｓ,3,3,マテンロウコマンド,牡,3,松山弘平, 57 ,12,2,１, ,ダ1400,重,,(栗),長谷川浩,1232,-0.2,,6,5,36.1,512,0,
,"2025. 3.16",中京,2名2,2勝,岡崎特Ｈ･2勝,6,8,ヤマニンアストロン,牡,4,武豊, 56 ,13,3,１, ,芝1400,重,,(栗),石橋守,1222,-0.6,,3,3,35.4,496,+6,
,"2025. 3.16",中京,2名2,1勝,１勝ｸﾗｽ,6,9,パカーラン,牡,4,川田将雅, 58 ,14,1,１, ,ダ1800,重,,(栗),藤原英昭,1539,-0.0,2,2,2,36.1,478,+2,
,"2025. 3.16",中京,2名2,1勝,１勝ｸﾗｽ,1,1,マテンロウブラボー,牡,4,岩田望来, 58 ,16,5,１, ,芝1600,重,,(栗),野中賢二,1372,-0.1,5,5,5,35.4,506,-14,
,"2025. 3.16",中京,2名2,1勝,１勝ｸﾗｽ・牝,3,3,メイショウタムシバ,牝,4,武豊, 56 ,10,1,１, ,ダ1800,重,,(栗),飯田祐史,1527,-0.1,2,2,2,36.8,412,-8,
,"2025. 3.16",中京,2名2,未勝利,未勝利,7,15,ラミアメンテ,牝,3,西村淳也, 55 ,18,5,１, ,芝1400,重,,(美),堀宣行,1240,-0.3,,5,4,36.7,498,,
,"2025. 3.16",中京,2名2,未勝利,未勝利,1,2,ヴァリディシームス,牡,3,西村淳也, 57 ,17,1,１, ,芝2200,重,,(栗),中内田充,2156,-1.1,4,4,4,36.2,480,0,
,"2025. 3.16",中京,2名2,未勝利,未勝利,1,2,ハードセルツァー,牡,3,佐々木大, 57 ,16,6,１, ,ダ1400,重,,(美),堀宣行,1235,-0.7,,1,1,36.2,480,,
,"2025. 3.16",中京,2名2,未勝利,未勝利,1,1,レッドボブ,牡,3,北村友一, 57 ,13,2,１, ,ダ1900,重,,(栗),田中克典,1585,-1.0,1,2,2,36.9,524,-4,
,"2025. 3.16",中京,2名2,未勝利,未勝利・牝,8,16,エイプリルインパリ,牝,3,小崎綾也, 55 ,16,3,１, ,ダ1400,重,,(栗),高橋義忠,1238,-0.5,,1,1,36.5,466,+2,
,"2025. 3.15",中京,2名1,1勝,１勝ｸﾗｽ,7,15,ソルトクィーン,牝,4,富田暁, 56 ,18,2,１, ,芝1400,良,,(栗),武英智,1217,-0.0,,1,1,35.4,446,+12,
,"2025. 3.15",中京,2名1,3勝,中京スポ･3勝,7,14,リジル,牝,4,佐々木大, 56 ,16,2,１, ,ダ1400,良,,(栗),奥村豊,1245,-0.2,,2,2,36.2,488,-2,
,"2025. 3.15",中京,2名1,2勝,恋路ケ浜･2勝,4,5,ヴィレム,牡,4,西塚洸二, 58 ,13,1,１, ,芝2000,良,,(栗),藤原英昭,2009,-0.1,5,7,5,34.6,520,+2,
,"2025. 3.15",中京,2名1,2勝,伊良湖特･2勝,2,3,ヤマニンアルリフラ,牡,4,鮫島克駿, 58 ,16,1,１, ,ダ1200,良,,(栗),斉藤崇史,1123,-0.2,,2,2,36.3,486,0,
,"2025. 3.15",中京,2名1,1勝,１勝ｸﾗｽ,5,9,ファミリータイム,牡,4,丸山元気, 57 ,18,2,１, ,芝2200,良,,(栗),石坂公一,2151,-0.1,7,7,7,34.5,474,0,
,"2025. 3.15",中京,2名1,1勝,１勝ｸﾗｽ・牝,3,5,シュヴァルツリーベ,牝,5,伊藤工真, 56 ,15,3,１, ,ダ1400,良,,(美),林徹,1254,-0.1,,3,3,37.2,444,-6,B
,"2025. 3.15",中京,2名1,1勝,１勝ｸﾗｽ*,1,1,ブルックリンダンス,牡,3,亀田温心, 57 ,13,1,１, ,ダ1800,良,,(栗),田中克典,1529,-0.2,6,7,6,37.2,480,0,
,"2025. 3.15",中京,2名1,未勝利,未勝利,6,11,プレミアシップ,牡,3,佐々木大, 57 ,18,3,１, ,芝2000,良,,(栗),吉岡辰弥,2009,-0.0,10,10,7,34.8,498,-2,
,"2025. 3.15",中京,2名1,未勝利,未勝利・若,5,8,カミノレアル,牡,3,佐々木大, 57 ,15,1,１, ,ダ1800,良,,(栗),今野貞一,1553,-0.1,4,3,3,38.5,512,0,
,"2025. 3.15",中京,2名1,未勝利,未勝利・牝,6,12,ケリフレッドアスク,牝,3,西塚洸二,54☆,16,2,１, ,芝1600,良,,(栗),藤原英昭,1353,-0.1,2,2,2,34.6,444,-6,
,"2025. 3.15",中京,2名1,未勝利,未勝利,2,4,サウンドモリアーナ,牝,3,富田暁, 55 ,16,1,１, ,ダ1200,良,,(栗),武英智,1128,-0.6,,1,1,37.7,438,0,
,"2025. 3.15",中京,2名1,未勝利,未勝利・牝,1,2,サリーチェ,牝,3,佐々木大, 55 ,16,1,１, ,ダ1800,良,,(栗),池添学,1554,-0.5,3,3,3,38.4,472,-2,
,"2025. 1.26",中京,1名9,2勝,２勝ｸﾗｽ,6,8,マサノカナリア,牝,4,川田将雅, 55 ,13,4,１, ,芝1400,良,,(栗),藤野健太,1214,-0.0,,6,6,34.9,460,-8,
,"2025. 1.26",中京,1名9,Ｇ２,プロキオG2,1,1,サンデーファンデー,牡,5,鮫島克駿, 57 ,16,5,１, ,ダ1800,良,*,(栗),音無秀孝,1506,-0.0,1,1,1,37.3,526,-2,B
,"2025. 1.26",中京,1名9,3勝,トリトン･3勝,4,5,フルメタルボディー,セ,5,国分優作, 58 ,14,5,１, ,芝1400,良,,(栗),清水久詞,1221,-0.2,,2,2,34.3,504,+2,B
,"2025. 1.26",中京,1名9,2勝,茶臼山Ｈ･2勝,4,4,ランスオブクイーン,牝,4,松山弘平, 55 ,9,1,１, ,芝2000,良,,(栗),奥村豊,2013,-0.1,5,4,5,34.6,440,0,
,"2025. 1.26",中京,1名9,1勝,１勝ｸﾗｽ・牝,6,8,パルクリチュード,牝,5,西村淳也, 56 ,13,1,１, ,ダ1800,良,,(栗),松永幹夫,1536,-0.7,2,2,1,37.4,450,0,
,"2025. 1.26",中京,1名9,1勝,１勝ｸﾗｽ,2,3,オコタンペ,牡,4,Ｍ．デム, 58 ,16,2,１, ,ダ1200,良,,(栗),須貝尚介,1119,-0.1,,6,5,35.9,498,+4,B
,"2025. 1.26",中京,1名9,未勝利,未勝利,4,8,ビゾー,牡,3,川田将雅, 57 ,16,2,１, ,芝2200,良,,(栗),斉藤崇史,2155,-0.0,7,4,4,35.3,470,+6,
,"2025. 1.26",中京,1名9,新馬,新馬,5,10,ラウルベア,牝,3,角田大和, 55 ,16,7,１, ,芝1600,良,,(栗),高野友和,1368,-0.1,8,7,6,34.9,444,,
,"2025. 1.26",中京,1名9,1勝,１勝ｸﾗｽ*,7,7,イサナ,牡,3,松山弘平, 57 ,8,6,１, ,ダ1800,良,,(栗),橋口慎介,1532,-0.1,1,1,1,37.4,506,-12,
,"2025. 1.26",中京,1名9,未勝利,未勝利,1,1,ライノ,牡,3,北村友一, 57 ,11,1,１, ,ダ1900,良,,(栗),高野友和,2013,-1.0,2,2,2,37.8,522,0,
,"2025. 1.26",中京,1名9,未勝利,未勝利,2,3,スリーソング,牡,3,川田将雅, 57 ,16,1,１, ,ダ1400,良,,(美),伊藤圭三,1266,-0.1,,9,9,37.9,464,+4,
,"2025. 1.26",中京,1名9,未勝利,未勝利・牝,2,2,クインズショコラ,牝,3,Ｍ．デム, 55 ,11,2,１, ,ダ1800,良,,(栗),新谷功一,1555,-0.7,5,6,6,38.7,490,-8,
,"2025. 1.25",中京,1名8,1勝,１勝ｸﾗｽ,1,1,シルキーガール,牝,4,岩田康誠, 55 ,12,1,１, ,芝2000,良,,(栗),上村洋行,2016,-0.1,3,3,3,36.0,462,-2,
,"2025. 1.25",中京,1名8,3勝,瀬戸Ｓ･3勝,3,4,テーオーパスワード,牡,4,坂井瑠星, 57 ,14,1,１, ,ダ1900,良,,(栗),高柳大輔,1580,-0.0,3,4,4,36.7,482,-8,
,"2025. 1.25",中京,1名8,2勝,刈谷特別･2勝,8,13,ホークフィールド,牡,4,坂井瑠星, 57 ,13,1,１, ,ダ1800,良,,(栗),武英智,1535,-0.0,2,2,2,37.2,488,+4,
,"2025. 1.25",中京,1名8,OP(L),若駒Ｓ(L),8,9,ジュタ,牡,3,坂井瑠星, 57 ,10,1,１, ,芝2000,良,,(栗),矢作芳人,2023,-0.1,4,4,3,35.1,498,-12,
,"2025. 1.25",中京,1名8,2勝,２勝ｸﾗｽ・牝,4,8,リジル,牝,4,団野大成, 55 ,16,1,１, ,ダ1400,良,,(栗),奥村豊,1239,-0.1,,4,4,36.5,490,+2,
,"2025. 1.25",中京,1名8,1勝,１勝ｸﾗｽ,2,3,ヒロノラメール,牡,4,西村淳也, 57 ,15,2,１, ,ダ1800,良,,(栗),宮地貴稔,1531,-0.3,1,1,1,38.1,488,+4,
,"2025. 1.25",中京,1名8,未勝利,未勝利・牝,1,1,グローリーリンク,牝,3,岩田康誠, 55 ,16,2,１, ,芝1600,良,,(栗),吉岡辰弥,1355,-0.9,9,9,9,34.1,514,,
,"2025. 1.25",中京,1名8,未勝利,未勝利,3,6,チムグクル,牡,3,坂井瑠星, 57 ,18,1,１, ,芝1400,良,,(栗),福永祐一,1221,-0.2,,5,5,34.8,422,0,
,"2025. 1.25",中京,1名8,新馬,新馬,3,5,インディゴ,牡,3,団野大成, 57 ,16,1,１, ,ダ1800,良,*,(栗),野中賢二,1564,-0.7,3,4,3,39.0,482,,
,"2025. 1.25",中京,1名8,未勝利,未勝利・牝,3,6,ネーヴェフレスカ,牝,3,坂井瑠星, 55 ,16,1,１, ,ダ1400,良,*,(栗),石坂公一,1260,-1.1,,3,3,38.1,434,-4,
,"2025. 1.25",中京,1名8,未勝利,未勝利,5,10,テスティモーネ,牡,3,幸英明, 57 ,16,2,１, ,ダ1800,良,,(栗),大根田裕,1554,-0.4,7,4,3,38.2,508,-4,
,"2025. 1.25",中京,1名8,未勝利,未勝利,1,1,エコロレオナ,牝,3,岩田康誠, 55 ,16,1,１, ,ダ1200,良,,(栗),森秀行,1125,-0.8,,1,1,37.2,434,-2,
,"2025. 1.19",中京,1名7,1勝,１勝ｸﾗｽ,7,14,オトコギアンパン,牡,4,吉村誠之,55△,16,6,１, ,芝1600,良,,(栗),小栗実,1342,-0.3,2,2,2,35.2,492,+2,B
,"2025. 1.19",中京,1名7,Ｇ２,日経新春ＨG2,4,8,ロードデルレイ,牡,5,西村淳也,57.5,16,4,１, ,芝2200,良,,(栗),中内田充,2098,-0.5,8,8,6,35.6,490,+4,
,"2025. 1.19",中京,1名7,2勝,豊川特別･2勝,1,2,ドゥータップ,牡,4,松山弘平, 58 ,16,1,１, ,ダ1200,良,,(栗),藤原英昭,1111,-0.2,,1,1,36.0,508,+4,B
,"2025. 1.19",中京,1名7,2勝,西尾特別･2勝,8,10,ミッキーツインクル,牝,5,ルメート, 56 ,11,2,１, ,芝2000,良,,(栗),中内田充,2003,-0.2,11,11,11,34.0,476,-10,
,"2025. 1.19",中京,1名7,1勝,１勝ｸﾗｽ,3,6,テーオードラッカー,牡,4,川田将雅, 57 ,16,1,１, ,ダ1400,良,,(栗),高柳大輔,1248,-0.0,,4,3,37.3,514,-2,
,"2025. 1.19",中京,1名7,1勝,１勝ｸﾗｽ,3,3,ヴォルスター,牡,4,吉村誠之,55△,10,3,１, ,ダ1800,良,,(栗),清水久詞,1528,-0.2,1,1,1,38.7,438,0,
,"2025. 1.19",中京,1名7,1勝,１勝ｸﾗｽ*,1,1,ペイシャケイプ,牡,3,永島まな,55◇,10,4,１, ,ダ1200,良,,(栗),高橋康之,1113,-0.4,,10,8,35.5,538,0,
,"2025. 1.19",中京,1名7,新馬,新馬,4,7,セナスタイル,牝,3,坂井瑠星, 55 ,18,3,１, ,芝2000,良,,(栗),安田翔伍,2038,-0.1,2,2,2,33.9,438,,
,"2025. 1.19",中京,1名7,未勝利,未勝利,2,2,コズミックダンサー,牡,3,田口貫太,56☆,10,2,１, ,ダ1900,良,,(栗),藤原英昭,2003,-0.1,3,3,3,38.4,482,+2,B
,"2025. 1.19",中京,1名7,未勝利,未勝利,5,10,サンライズブレイク,牡,3,西村淳也, 57 ,16,2,１, ,ダ1400,良,,(栗),浜田多実,1254,-0.7,,1,1,38.3,504,-8,
,"2025. 1.19",中京,1名7,未勝利,未勝利,4,5,ロードトルネード,牡,3,長岡禎仁, 57 ,13,3,１, ,ダ1800,良,,(栗),辻野泰之,1546,-0.1,2,4,4,37.7,472,0,
,"2025. 1.19",中京,1名7,未勝利,未勝利・牝,1,2,アオイレーギーナ,牝,3,鮫島克駿, 55 ,16,2,１, ,ダ1200,良,,(栗),宮地貴稔,1127,-0.8,,2,2,37.1,476,+2,
,"2025. 1.18",中京,1名6,2勝,２勝ｸﾗｽ,2,2,レディントン,牡,4,川田将雅, 57 ,13,2,１, ,芝1600,良,,(栗),杉山晴紀,1341,-0.3,2,3,3,35.0,488,+4,
,"2025. 1.18",中京,1名6,3勝,遠江Ｓ･3勝,3,5,モズミギカタアガリ,牝,4,松山弘平, 55 ,16,3,１, ,ダ1400,良,*,(栗),藤岡健一,1233,-0.0,,3,3,35.4,466,-2,
,"2025. 1.18",中京,1名6,OP(L),紅梅Ｓ(L),6,8,ナムラクララ,牝,3,西村淳也, 55 ,12,2,１, ,芝1400,良,,(栗),長谷川浩,1211,-0.3,,5,5,34.5,472,0,
,"2025. 1.18",中京,1名6,2勝,濃尾特別･2勝,6,11,マーブルマウンテン,牝,4,鮫島克駿, 55 ,16,1,１, ,ダ1800,良,,(栗),田中克典,1541,-0.0,3,2,3,36.6,468,-2,
,"2025. 1.18",中京,1名6,1勝,１勝ｸﾗｽ,1,2,サクラトップヒル,牡,6,水口優也, 58 ,16,2,１, ,ダ1200,良,,(栗),浜田多実,1121,-0.1,,7,6,36.5,498,-6,
,"2025. 1.18",中京,1名6,1勝,１勝ｸﾗｽ,1,1,アンバードール,牡,4,川田将雅, 57 ,12,1,１, ,ダ1900,良,,(栗),吉岡辰弥,2001,-0.0,6,8,8,36.4,520,0,
,"2025. 1.18",中京,1名6,未勝利,未勝利,3,5,アスクセクシーモア,牡,3,武豊, 57 ,16,3,１, ,芝1600,良,,(栗),福永祐一,1349,-0.2,7,4,3,35.2,484,+4,
,"2025. 1.18",中京,1名6,未勝利,未勝利,7,15,トッピボーン,牡,3,武豊, 57 ,18,3,１, ,芝2000,良,,(栗),笹田和秀,2008,-0.5,9,8,8,34.4,464,0,
,"2025. 1.18",中京,1名6,1勝,１勝ｸﾗｽ*,5,10,ベルベルコンパス,牡,3,北村友一, 57 ,16,7,１, ,ダ1800,良,,(栗),小栗実,1530,-0.1,4,6,5,37.2,546,+20,
,"2025. 1.18",中京,1名6,新馬,新馬・牝,3,5,ベルギューン,牝,3,高杉吏麒,54☆,16,2,１, ,ダ1400,良,,(栗),牧浦充徳,1268,-0.4,,2,2,38.4,470,,
,"2025. 1.18",中京,1名6,未勝利,未勝利,2,2,ドラゴン,牡,3,武豊, 57 ,11,2,１, ,ダ1800,良,,(栗),松永幹夫,1530,-1.5,7,1,2,37.8,486,-2,
,"2025. 1.18",中京,1名6,未勝利,未勝利,1,1,コーラルクラウン,牡,3,吉村誠之,55△,16,1,１, ,ダ1200,良,,(栗),福永祐一,1128,-0.3,,3,3,36.9,486,-4,
,"2025. 1.13",中京,1名5,2勝,２勝ｸﾗｽ,8,14,ロードトレイル,牡,4,高杉吏麒,56△,14,9,１, ,芝1200,良,,(栗),藤岡健一,1101,-0.1,,2,2,35.5,488,+10,
,"2025. 1.13",中京,1名5,Ｇ３,シンザンG3,3,4,リラエンブレム,牡,3,浜中俊, 57 ,15,3,１, ,芝1600,良,,(栗),武幸四郎,1346,-0.4,4,8,9,35.1,476,+6,
,"2025. 1.13",中京,1名5,3勝,雅ＳＨ･3勝,5,10,スナークラファエロ,セ,4,西村淳也, 56 ,16,1,１, ,ダ1800,良,,(栗),野中賢二,1521,-0.3,1,1,1,37.3,480,-6,B
,"2025. 1.13",中京,1名5,2勝,鳥羽特別･2勝,6,11,エムズマインド,牡,5,団野大成, 58 ,16,6,１, ,ダ1400,良,,(栗),荒川義之,1248,-0.1,,7,4,36.9,518,-6,
,"2025. 1.13",中京,1名5,1勝,１勝ｸﾗｽ,7,14,グラヴィス,牡,4,坂井瑠星, 57 ,16,1,１, ,ダ1900,良,,(栗),矢作芳人,2005,-0.2,5,3,3,39.8,496,-4,B
,"2025. 1.13",中京,1名5,1勝,１勝ｸﾗｽ,4,8,ダノンブリザード,牡,6,松山弘平, 58 ,18,5,１, ,芝2200,良,,(栗),池江泰寿,2145,-0.0,11,9,4,35.3,496,+4,
,"2025. 1.13",中京,1名5,1勝,１勝ｸﾗｽ・牝,4,8,プウスカンドゥール,牝,5,ルメート, 56 ,16,1,１, ,ダ1400,良,,(栗),坂口智康,1265,-0.1,,10,11,38.1,462,-2,
,"2025. 1.13",中京,1名5,新馬,新馬,1,2,トワイライトシティ,牝,3,西村淳也, 55 ,16,3,１, ,芝1600,良,,(栗),杉山晴紀,1378,-0.1,4,5,4,34.9,450,,
,"2025. 1.13",中京,1名5,新馬,新馬,3,4,ヨリノレジェンド,牡,3,川田将雅, 57 ,15,1,１, ,ダ1200,良,,(栗),奥村豊,1136,-0.3,,4,4,37.0,460,,
,"2025. 1.13",中京,1名5,未勝利,未勝利,1,2,ジーティーアメリカ,牡,3,藤岡佑介, 57 ,16,5,１, ,ダ1900,良,,(栗),吉岡辰弥,2024,-0.3,1,1,1,38.8,520,-2,B
,"2025. 1.13",中京,1名5,未勝利,未勝利,2,4,ゲイルライダー,牡,3,高杉吏麒,55△,16,1,１, ,ダ1400,良,,(栗),牧浦充徳,1260,-0.5,,2,2,37.7,492,+2,
,"2025. 1.13",中京,1名5,未勝利,未勝利・牝,6,11,マーゴットレジーナ,牝,3,角田大和, 55 ,16,10,１, ,ダ1800,良,,(栗),小林真也,1571,-0.3,10,8,8,39.1,436,+4,
,"2025. 1.12",中京,1名4,1勝,１勝ｸﾗｽ,3,6,トラペジスト,牡,4,北村友一, 57 ,18,3,１, ,芝1400,良,*,(栗),音無秀孝,1219,-0.1,,3,3,34.7,540,+10,
,"2025. 1.12",中京,1名4,OP(L),淀短距離(L),1,2,ソンシ,牡,4,川田将雅, 57 ,18,1,１, ,芝1200,良,,(栗),中内田充,1087,-0.2,,4,2,34.1,502,+4,
,"2025. 1.12",中京,1名4,3勝,新春ＳＨ･3勝,3,6,ヒルノローザンヌ,牝,6,池添謙一, 52 ,16,10,１, ,芝1600,良,*,(栗),西村真幸,1344,-0.1,3,3,3,35.8,492,+4,B
,"2025. 1.12",中京,1名4,2勝,天白川特･2勝,2,3,ミッキークレスト,牡,4,坂井瑠星, 57 ,16,1,１, ,ダ1900,良,,(栗),大久保龍,1599,-0.1,5,7,6,37.0,518,+10,
,"2025. 1.12",中京,1名4,1勝,１勝ｸﾗｽ,7,13,マイネルフォーコン,牡,5,川田将雅, 58 ,16,1,１, ,ダ1200,良,,(栗),西園翔太,1122,-0.1,,2,2,35.9,500,+4,
,"2025. 1.12",中京,1名4,1勝,１勝ｸﾗｽ*,6,11,マテンロウコマンド,牡,3,松山弘平, 57 ,16,8,１, ,ダ1400,良,,(栗),長谷川浩,1241,-0.0,,2,2,36.8,512,+16,
,"2025. 1.12",中京,1名4,未勝利,未勝利・牝,8,16,レーゼドラマ,牝,3,西村淳也, 55 ,18,10,１, ,芝2000,良,,(栗),辻野泰之,2016,-0.9,2,2,2,36.8,462,-6,
,"2025. 1.12",中京,1名4,新馬,新馬,1,2,ナンヨーパワフル,牡,3,鮫島克駿, 57 ,16,3,１, ,ダ1800,良,,(栗),松永幹夫,1543,-0.6,6,5,4,38.1,552,,
,"2025. 1.12",中京,1名4,未勝利,障害未勝利,5,6,メイショウコホク,セ,8,小坂忠士, 60 ,12,5,１, ,芝3000,良,,(栗),藤沢則雄,3227,-0.0,6,3,3,13.5,512,+6,
,"2025. 1.12",中京,1名4,未勝利,未勝利・牝,2,3,ヴェントインコーダ,牝,3,藤岡佑介, 55 ,16,7,１, ,ダ1200,良,,(栗),角田晃一,1129,-0.1,,4,3,37.4,468,-6,
,"2025. 1.12",中京,1名4,未勝利,未勝利,5,10,レーティッシュ,牡,3,坂井瑠星, 57 ,16,5,１, ,ダ1400,良,,(栗),高橋一哉,1255,-1.0,,2,1,38.2,514,+4,
,"2025. 1.12",中京,1名4,未勝利,未勝利,8,16,メイショウズイウン,牡,3,武豊, 57 ,16,1,１, ,ダ1800,良,,(栗),本田優,1540,-0.7,5,3,3,37.8,496,+4,
,"2025. 1.11",中京,1名3,未勝利,未勝利,5,10,マッドマックス,牡,3,北村友一, 57 ,16,3,１, ,芝1600,良,,(栗),西園正都,1361,-0.5,2,2,2,36.1,502,+6,
,"2025. 1.11",中京,1名3,OP(L),すばるＳ(L),5,10,フリームファクシ,牡,5,Ｍ．デム, 59 ,16,1,１, ,ダ1400,良,,(栗),須貝尚介,1230,-0.5,,4,4,36.6,526,+4,
,"2025. 1.11",中京,1名3,2勝,恵那特別･2勝,8,16,ダブルハートボンド,牝,4,坂井瑠星, 55 ,16,1,１, ,ダ1800,良,*,(栗),大久保龍,1526,-0.5,3,3,3,36.9,478,+6,
,"2025. 1.11",中京,1名3,2勝,渥美特別･2勝,8,13,パワーホール,セ,4,横山典弘, 57 ,13,5,１, ,芝2000,良,,(栗),昆貢,2017,-0.2,1,1,1,35.2,494,0,
,"2025. 1.11",中京,1名3,ｵｰﾌﾟﾝ,牛若丸ジ,6,7,サイード,セ,6,小牧加矢, 60 ,11,1,１, ,芝3300,良,,(栗),角田晃一,3372,-0.7,4,3,2,13.2,502,+4,
,"2025. 1.11",中京,1名3,1勝,１勝ｸﾗｽ,6,12,メイショウコナン,牡,4,団野大成, 57 ,16,7,１, ,ダ1800,良,,(栗),荒川義之,1533,-0.0,11,5,4,38.2,510,+2,
,"2025. 1.11",中京,1名3,1勝,１勝ｸﾗｽ*,5,5,フードマン,牡,3,松山弘平, 57 ,7,2,１, ,芝1200,良,,(栗),小栗実,1100,-0.2,,3,3,35.1,464,-2,
,"2025. 1.11",中京,1名3,未勝利,未勝利,5,9,マイユニバース,牡,3,横山典弘, 57 ,18,4,１, ,芝2200,良,,(栗),武幸四郎,2165,-0.1,6,9,8,35.1,462,0,
,"2025. 1.11",中京,1名3,1勝,１勝ｸﾗｽ,7,14,ダミエ,牡,5,武豊, 58 ,16,1,１, ,ダ1400,良,,(栗),武幸四郎,1255,-0.1,,7,5,37.8,466,-6,
,"2025. 1.11",中京,1名3,新馬,新馬・牝,8,16,リープアップ,牝,3,北村友一, 55 ,16,2,１, ,ダ1800,良,,(美),田中博康,1544,-0.4,2,2,2,38.4,502,,B
,"2025. 1.11",中京,1名3,未勝利,未勝利,4,7,ワイルドブッター,牡,3,吉村誠之,55△,16,1,１, ,ダ1200,良,,(栗),武英智,1136,-0.1,,2,2,38.7,516,+24,B
,"2025. 1.11",中京,1名3,未勝利,未勝利,1,1,エンマ,牡,3,藤岡佑介, 57 ,16,6,１, ,ダ1800,良,,(栗),武英智,1538,-0.7,13,1,1,38.9,466,+2,
,"2025. 1. 6",中京,1名2,2勝,２勝ｸﾗｽ,2,4,ナムラエイハブ,牡,4,松山弘平, 57 ,16,2,１, ,芝1600,重,,(栗),長谷川浩,1372,-0.1,1,1,1,36.9,516,+14,
,"2025. 1. 6",中京,1名2,ｵｰﾌﾟﾝ,万葉ＳＨ,1,1,ゴールデンスナップ,牝,5,浜中俊, 54 ,17,1,１, ,芝3000,稍,,(栗),田中克典,3102,-0.3,6,4,4,38.3,458,-10,
,"2025. 1. 6",中京,1名2,3勝,寿Ｓ･3勝,1,1,グランドカリナン,牡,5,坂井瑠星, 58 ,18,7,１, ,芝2000,稍,,(美),田島俊明,2020,-0.1,3,4,3,35.8,454,0,
,"2025. 1. 6",中京,1名2,2勝,天竜川特･2勝,8,15,スリリングチェイス,牡,5,西村淳也, 58 ,16,3,１, ,ダ1800,良,*,(栗),渡辺薫彦,1528,-0.6,2,2,2,38.1,510,-4,
,"2025. 1. 6",中京,1名2,1勝,１勝ｸﾗｽ,8,15,ルディック,牡,4,鮫島克駿, 57 ,16,2,１, ,ダ1400,良,,(栗),高野友和,1251,-0.0,,2,2,38.3,530,+18,B
,"2025. 1. 6",中京,1名2,1勝,１勝ｸﾗｽ,7,13,ティンティンデオ,牡,4,鮫島克駿, 57 ,16,6,１, ,ダ1800,良,,(栗),小崎憲,1540,-0.3,9,10,9,37.1,498,+16,
,"2025. 1. 6",中京,1名2,未勝利,未勝利,2,4,ザカリナン,牡,3,吉村誠之,55△,18,4,１, ,芝1400,良,,(栗),小栗実,1222,-0.1,,12,11,35.3,444,-2,
,"2025. 1. 6",中京,1名2,未勝利,未勝利,6,11,ミラージュナイト,牡,3,武豊, 57 ,18,2,１, ,芝2000,良,*,(栗),辻野泰之,2029,-0.2,1,1,1,35.2,488,+20,
,"2025. 1. 6",中京,1名2,1勝,１勝ｸﾗｽ*,1,1,ドンインザムード,牡,3,松山弘平, 57 ,12,8,１, ,ダ1800,良,,(栗),今野貞一,1533,-0.0,4,3,3,38.3,510,+2,
,"2025. 1. 6",中京,1名2,新馬,新馬,8,16,フィリップバローズ,牡,3,松山弘平, 57 ,16,4,１, ,ダ1400,良,,(美),森一誠,1262,-0.4,,2,1,38.7,456,,
,"2025. 1. 6",中京,1名2,未勝利,未勝利,5,9,カフェロワイヤル,牝,3,岩田望来, 55 ,16,1,１, ,ダ1200,良,,(栗),小林真也,1126,-0.1,,2,2,37.0,468,0,B
,"2025. 1. 6",中京,1名2,未勝利,未勝利・牝,1,2,コンテナライン,牝,3,団野大成, 55 ,16,1,１, ,ダ1800,良,,(栗),高柳大輔,1563,-0.1,8,12,12,38.3,480,+12,
,"2025. 1. 5",中京,1名1,1勝,１勝ｸﾗｽ,3,6,オーシャントライブ,セ,5,坂井瑠星, 58 ,16,5,１, ,芝1600,良,,(栗),高柳大輔,1348,-0.2,6,7,6,34.7,444,+4,
,"2025. 1. 5",中京,1名1,Ｇ３,京都金杯ＨG3,4,7,サクラトゥジュール,セ,8,キング, 58 ,16,6,１, ,芝1600,良,,(美),堀宣行,1335,-0.1,13,10,10,34.6,512,0,
,"2025. 1. 5",中京,1名1,3勝,門松Ｓ･3勝,5,10,サウンドアレグリア,牝,4,松山弘平, 56 ,16,2,１, ,ダ1200,良,,(栗),武英智,1116,-0.0,,2,2,35.9,500,0,
,"2025. 1. 5",中京,1名1,2勝,鶴舞特別･2勝,5,5,ハヤテノフクノスケ,牡,4,岩田望来, 57 ,11,2,１, ,芝2200,良,,(栗),中村直也,2121,-0.7,4,5,4,35.0,534,+18,
,"2025. 1. 5",中京,1名1,2勝,２勝ｸﾗｽ,5,9,ナッカーフェイス,牡,6,高倉稜, 58 ,16,12,１, ,ダ1200,良,,(栗),北出成人,1119,-0.0,,12,12,36.0,468,+6,
,"2025. 1. 5",中京,1名1,1勝,１勝ｸﾗｽ*,2,2,ミッキーゴールド,牡,3,浜中俊, 57 ,9,4,１, ,芝2000,良,,(栗),池江泰寿,2009,-0.1,4,4,3,34.5,498,+2,
,"2025. 1. 5",中京,1名1,1勝,１勝ｸﾗｽ・牝,2,4,サクソンジェンヌ,牝,4,団野大成, 55 ,16,1,１, ,ダ1800,良,,(栗),高橋義忠,1530,-0.2,4,3,3,36.1,458,+2,
,"2025. 1. 5",中京,1名1,新馬,新馬,2,4,ジーティーアダマン,牡,3,松山弘平, 57 ,18,2,１, ,芝2000,良,*,(栗),上村洋行,2017,-0.3,1,2,1,35.5,502,,
,"2025. 1. 5",中京,1名1,新馬,新馬,1,1,ソルナシエンテ,牡,3,高杉吏麒,55△,16,2,１, ,ダ1800,良,,(栗),藤岡健一,1550,-0.5,5,4,4,37.5,506,,
,"2025. 1. 5",中京,1名1,未勝利,未勝利,3,5,ハグ,牡,3,高杉吏麒,55△,16,1,１, ,ダ1900,良,,(栗),藤岡健一,2022,-0.0,2,3,2,38.8,510,-4,
,"2025. 1. 5",中京,1名1,未勝利,未勝利,2,4,セルズパワー,牡,3,幸英明, 57 ,16,3,１, ,ダ1400,良,,(栗),牧田和弥,1261,-0.2,,8,7,37.3,468,+4,
,"2025. 1. 5",中京,1名1,未勝利,未勝利,1,2,ルヴァンユニベール,牡,3,高倉稜, 57 ,16,3,１, ,ダ1800,良,,(栗),北出成人,1548,-0.3,3,4,3,37.6,528,-2,
,2024.12.15,中京,4名6,2勝,尾張特Ｈ･2勝,3,6,デイトナモード,牡,4,ドイル, 55 ,18,12,１, ,芝1200,良,,(栗),千田輝彦,1090,-0.1,,2,2,34.6,538,-4,
,2024.12.15,中京,4名6,ｵｰﾌﾟﾝ,コールド,8,16,フリームファクシ,牡,4,Ｍ．デム, 59 ,16,3,１, ,ダ1400,良,*,(栗),須貝尚介,1229,-0.7,,6,5,36.0,520,+2,
,2024.12.15,中京,4名6,2勝,一宮特別･2勝,7,8,ブロッケンボウ,牡,3,団野大成, 56 ,10,2,１, ,芝2200,良,,(栗),佐々木晶,2136,-0.3,1,1,1,35.5,472,+6,
,2024.12.15,中京,4名6,1勝,寒椿賞･1勝*,6,6,ポールセン,牡,2,斎藤新, 56 ,7,1,１, ,ダ1400,良,,(美),斎藤誠,1249,-0.7,,2,2,36.3,476,+6,
,2024.12.15,中京,4名6,1勝,１勝ｸﾗｽ・牝,5,10,サクラオーラ,牝,5,酒井学, 56 ,16,7,１, ,芝1600,良,,(栗),河嶋宏樹,1342,-0.1,7,6,6,35.8,442,+2,
,2024.12.15,中京,4名6,1勝,１勝ｸﾗｽ・若,3,5,レッドフランカー,セ,6,原優介,57☆,16,7,１, ,ダ1400,良,,(栗),音無秀孝,1245,-0.1,,4,3,37.9,468,-8,B
,2024.12.15,中京,4名6,1勝,１勝ｸﾗｽ,1,1,ワンパット,牡,3,太宰啓介, 57 ,15,3,１, ,ダ1900,良,,(栗),高橋亮,2005,-0.0,8,8,7,36.9,484,0,
,2024.12.15,中京,4名6,新馬,新馬,2,3,ホーリーブラッサム,牝,2,団野大成, 55 ,18,2,１, ,芝1400,良,,(栗),斉藤崇史,1230,-0.4,,1,1,35.6,488,,
,2024.12.15,中京,4名6,未勝利,未勝利*,3,5,オンザムーブ,牡,2,西村淳也, 56 ,16,3,１, ,芝1600,良,,(栗),矢作芳人,1346,-0.0,2,2,2,35.8,504,0,
,2024.12.15,中京,4名6,1勝,１勝ｸﾗｽ,6,11,ボックスオフィス,牡,3,川又賢治, 57 ,16,5,１, ,ダ1800,良,,(栗),吉村圭司,1531,-0.0,4,2,2,37.8,516,-8,B
,2024.12.15,中京,4名6,1勝,１勝ｸﾗｽ,2,4,メイショウキルギス,牡,3,高杉吏麒,55△,16,1,１, ,ダ1200,良,,(栗),高橋亮,1115,-0.4,,1,1,36.9,478,+2,
,2024.12.15,中京,4名6,未勝利,未勝利*,2,2,ヤングアメリカンズ,牡,2,小沢大仁,55☆,15,2,１, ,ダ1800,良,,(栗),奥村豊,1550,-0.1,3,5,4,37.5,492,+12,
,2024.12.14,中京,4名5,1勝,１勝ｸﾗｽ,3,6,スカイハイ,牡,3,古川吉洋, 57 ,18,1,１, ,芝1400,良,*,(栗),清水久詞,1212,-0.1,,4,4,35.2,540,-6,
,2024.12.14,中京,4名5,3勝,尾頭橋Ｓ･3勝,7,10,フタイテンロック,牡,5,小崎綾也, 58 ,13,8,１, ,ダ1800,良,,(美),佐藤吉勝,1513,-0.1,2,2,2,37.6,502,+6,
,2024.12.14,中京,4名5,2勝,ヤングジ･2勝,2,3,アイファースキャン,牡,4,望月洵輝, 58 ,16,15,１, ,ダ1400,良,,(美),根本康広,1250,-0.0,,5,4,37.4,488,0,
,2024.12.14,中京,4名5,ｵｰﾌﾟﾝ,中京２歳,3,3,アメリカンステージ,牡,2,岩田康誠, 57 ,11,1,１, ,芝1200,良,,(栗),矢作芳人,1091,-0.6,,1,1,34.0,506,0,
,2024.12.14,中京,4名5,1勝,ヤングジ･1勝,8,15,タガノデュード,牡,3,室陽一朗, 57 ,16,1,１, ,芝2000,良,,(栗),宮徹,2012,-0.1,2,1,2,35.2,490,+18,
,2024.12.14,中京,4名5,1勝,１勝ｸﾗｽ,7,13,アークドール,牡,3,丸山元気, 57 ,16,2,１, ,ダ1800,良,,(栗),松永幹夫,1543,-0.0,12,4,3,38.3,434,0,
,2024.12.14,中京,4名5,1勝,１勝ｸﾗｽ,4,8,ミッドナイトラスタ,牝,3,岩田康誠, 55 ,16,6,１, ,ダ1400,良,,(美),加藤征弘,1241,-0.2,,5,5,37.3,480,-16,
,2024.12.14,中京,4名5,未勝利,未勝利*,5,10,ノラリクラリ,牡,2,高杉吏麒,54△,18,4,１, ,芝2000,良,,(栗),藤岡健一,2026,-0.1,4,3,3,35.0,438,+12,
,2024.12.14,中京,4名5,未勝利,未勝利・牝*,6,12,コルドンブルー,牝,2,鮫島克駿, 55 ,18,1,１, ,芝1400,良,,(栗),松永幹夫,1223,-0.3,,8,8,35.1,438,0,
,2024.12.14,中京,4名5,1勝,１勝ｸﾗｽ,5,9,ビバップ,牡,3,鮫島克駿, 57 ,16,1,１, ,ダ1200,良,,(栗),清水久詞,1116,-0.3,,1,1,36.4,486,-4,B
,2024.12.14,中京,4名5,1勝,１勝ｸﾗｽ・牝,2,3,サイモンブーケ,牝,4,古川奈穂,53▲,16,2,１, ,ダ1800,良,,(栗),梅田智之,1529,-0.1,3,4,4,37.6,514,0,B
,2024.12.14,中京,4名5,未勝利,未勝利*,4,8,カペルブリュッケ,牡,2,高杉吏麒,54△,16,1,１, ,ダ1400,良,,(栗),浜田多実,1261,-0.2,,5,5,38.0,456,+4,
,"2024.12. 8",中京,4名4,1勝,１勝ｸﾗｽ,8,15,アルトゥーム,牡,3,高杉吏麒,55△,16,2,１, ,芝1600,良,,(栗),藤岡健一,1350,-0.3,3,3,2,35.6,426,+2,
,"2024.12. 8",中京,4名4,3勝,知立Ｓ･3勝,8,12,スリーアイランド,牝,4,ドイル, 56 ,13,2,１, ,芝1200,良,,(栗),中竹和也,1088,-0.0,,4,3,34.4,492,-4,
,"2024.12. 8",中京,4名4,2勝,名古屋日･2勝,4,7,ナヴォーナ,牡,4,川端海翼, 58 ,16,4,１, ,芝2000,良,,(栗),矢作芳人,2009,-0.1,7,4,4,35.8,484,+4,B
,"2024.12. 8",中京,4名4,1勝,大須特別･1勝,8,8,キングオブフジ,牡,3,中井裕二, 57 ,9,3,１, ,ダ1800,良,,(栗),角田晃一,1536,-0.5,4,5,5,37.7,502,+8,
,"2024.12. 8",中京,4名4,1勝,１勝ｸﾗｽ,1,2,エチャケナ,牝,3,伊藤工真, 55 ,16,7,１, ,ダ1400,良,,(美),金成貴史,1255,-0.0,,4,3,38.6,442,-6,
,"2024.12. 8",中京,4名4,1勝,１勝ｸﾗｽ・牝,4,7,スズカミエール,牝,3,川須栄彦, 55 ,18,4,１, ,芝2000,良,,(栗),吉村圭司,2014,-0.1,5,6,6,34.7,478,+8,
,"2024.12. 8",中京,4名4,1勝,１勝ｸﾗｽ・若,8,11,アスクデビューモア,牡,3,今村聖奈,54▲,11,2,１, ,ダ1800,良,,(栗),福永祐一,1537,-0.0,9,10,8,37.6,468,0,
,"2024.12. 8",中京,4名4,新馬,新馬,5,6,エムズ,牡,2,荻野極, 56 ,12,1,１, ,芝2000,良,,(栗),池江泰寿,2039,-0.1,5,4,5,34.6,438,,
,"2024.12. 8",中京,4名4,未勝利,未勝利*,5,8,デリュージョン,牡,2,西塚洸二,55☆,15,2,１, ,芝1400,良,,(栗),奥村豊,1227,-0.1,,3,3,35.6,464,-6,
,"2024.12. 8",中京,4名4,1勝,１勝ｸﾗｽ・牝,4,8,ゼンノツキヨミ,牝,3,荻野極, 55 ,16,2,１, ,ダ1200,良,,(栗),武幸四郎,1125,-0.0,,5,4,37.1,442,+8,
,"2024.12. 8",中京,4名4,未勝利,未勝利*,6,12,タイセイレグノ,牡,2,高杉吏麒,54△,16,1,１, ,ダ1800,良,,(栗),浜田多実,1559,-0.0,2,2,2,40.1,470,+6,
,"2024.12. 8",中京,4名4,未勝利,未勝利*,6,7,モズタチアガレ,牡,2,柴田裕一,53▲,12,1,１, ,ダ1200,良,,(栗),中尾秀正,1130,-0.2,,2,3,37.3,480,+10,
,"2024.12. 7",中京,4名3,1勝,１勝ｸﾗｽ,2,4,アイルドリアン,牝,3,ドイル, 55 ,18,2,１, ,芝1200,良,,(栗),音無秀孝,1098,-0.2,,1,1,34.0,492,-8,
,"2024.12. 7",中京,4名3,Ｇ３,中日新聞ＨG3,4,8,デシエルト,牡,5,岩田康誠, 58 ,18,3,１, ,芝2000,良,,(栗),安田翔伍,1584,-0.4,1,1,1,35.6,532,+4,
,"2024.12. 7",中京,4名3,2勝,鳴海特別･2勝,3,5,スナークラファエロ,セ,3,西村淳也, 57 ,16,2,１, ,ダ1800,良,,(栗),野中賢二,1520,-0.3,1,1,1,36.9,486,+12,B
,"2024.12. 7",中京,4名3,1勝,つわぶき･1勝,7,9,ルージュラナキラ,牝,2,岩田康誠, 55 ,12,7,１, ,芝1400,良,,(美),加藤征弘,1219,-0.0,,12,11,35.1,466,0,
,"2024.12. 7",中京,4名3,1勝,１勝ｸﾗｽ,3,4,カツラノキサノキ,牡,3,岩田康誠, 57 ,15,4,１, ,ダ1200,良,,(栗),庄野靖志,1121,-0.1,,9,9,35.9,492,+4,
,"2024.12. 7",中京,4名3,1勝,１勝ｸﾗｽ,8,17,ファミリータイム,牡,3,鮫島克駿, 56 ,18,5,１, ,芝2200,良,,(栗),石坂公一,2118,-0.1,12,10,6,35.2,472,0,
,"2024.12. 7",中京,4名3,1勝,１勝ｸﾗｽ,8,15,ジャスパーワールド,セ,4,高杉吏麒,56△,16,12,１, ,ダ1900,良,*,(栗),森秀行,1594,-0.6,1,4,4,37.2,532,+20,B
,"2024.12. 7",中京,4名3,新馬,新馬,4,7,トゥロン,牝,2,西村淳也, 55 ,16,4,１, ,ダ1400,良,,(栗),佐々木晶,1252,-0.0,,5,4,36.8,522,,
,"2024.12. 7",中京,4名3,未勝利,未勝利*,5,5,マテンロウムーブ,牡,2,横山典弘, 56 ,10,3,１, ,芝2000,良,,(栗),松永幹夫,2015,-0.0,9,7,6,34.2,492,+4,
,"2024.12. 7",中京,4名3,1勝,１勝ｸﾗｽ・牝,4,4,モモンウールー,牝,3,松山弘平, 55 ,8,1,１, ,ダ1800,良,,(栗),池添学,1535,-0.0,4,4,4,36.6,454,-4,
,"2024.12. 7",中京,4名3,1勝,１勝ｸﾗｽ,6,8,トクシーカイザー,牡,4,Ｍ．デム, 58 ,13,2,１, ,ダ1400,良,,(美),小島茂之,1240,-0.4,,1,1,36.7,482,0,
,"2024.12. 7",中京,4名3,未勝利,未勝利・牝*,3,3,プリンセッサ,牝,2,鮫島克駿, 55 ,10,1,１, ,ダ1800,良,,(栗),牧田和弥,1545,-1.3,2,1,1,37.4,496,-10,
,"2024.12. 1",中京,4名2,1勝,栄特別･1勝,2,3,オルトパラティウム,牡,3,ムーア, 56 ,16,1,１, ,芝2200,良,,(栗),安田翔伍,2126,-0.2,2,4,3,34.9,508,+4,
,"2024.12. 1",中京,4名2,Ｇ１,チャンピG1,1,2,レモンポップ,牡,6,坂井瑠星, 58 ,16,1,１, ,ダ1800,良,,(美),田中博康,1501,-0.0,1,1,1,36.9,516,+2,
,"2024.12. 1",中京,4名2,2勝,クロフネ･2勝,3,5,ライジン,牡,4,岩田望来, 58 ,16,3,１, ,ダ1200,良,,(栗),池添学,1109,-0.1,,2,2,36.3,492,+4,
,"2024.12. 1",中京,4名2,1勝,こうやま･1勝,4,4,カラマティアノス,牡,2,川田将雅, 56 ,7,2,１, ,芝1600,良,,(美),奥村武,1351,-0.0,6,4,4,34.2,462,+4,
,"2024.12. 1",中京,4名2,1勝,１勝ｸﾗｽ,5,10,グロリアラウス,セ,3,Ｃ．デム, 57 ,18,2,１, ,芝1400,良,,(栗),斉藤崇史,1207,-0.0,,2,2,34.3,490,+6,
,"2024.12. 1",中京,4名2,1勝,１勝ｸﾗｽ,7,10,ホークフィールド,牡,3,Ｃ．デム, 56 ,12,1,１, ,ダ1800,良,,(栗),武英智,1519,-0.0,3,4,3,36.8,484,+2,
,"2024.12. 1",中京,4名2,1勝,１勝ｸﾗｽ,1,2,ズバットマサムネ,牡,3,川又賢治, 57 ,16,3,１, ,ダ1200,良,,(栗),杉山佳明,1124,-0.2,,2,2,36.4,498,-2,
,"2024.12. 1",中京,4名2,未勝利,未勝利*,7,7,インターポーザー,牡,2,Ｃ．デム, 56 ,8,1,１, ,芝2000,良,,(栗),高野友和,2027,-0.3,7,7,3,34.2,486,+12,
,"2024.12. 1",中京,4名2,未勝利,未勝利*,3,4,ラージギャラリー,牝,2,ルメール, 55 ,15,4,１, ,芝1600,良,,(栗),高橋亮,1349,-0.5,1,1,1,34.4,470,+2,
,"2024.12. 1",中京,4名2,1勝,１勝ｸﾗｽ,5,5,セレクティオ,牡,4,菱田裕二, 58 ,9,7,１, ,ダ1900,良,,(栗),橋口慎介,1597,-0.2,5,7,6,37.7,488,+8,
,"2024.12. 1",中京,4名2,1勝,１勝ｸﾗｽ・牝,6,12,ディクレアブルーム,牝,4,永島まな,54◇,16,6,１, ,ダ1400,良,,(栗),辻野泰之,1252,-0.3,,2,1,37.2,484,0,
,"2024.12. 1",中京,4名2,未勝利,未勝利*,6,7,ミライヘノカギ,牡,2,川田将雅, 56 ,12,2,１, ,ダ1800,良,,(美),上原佑紀,1532,-0.2,2,2,2,37.0,526,+4,
,2024.11.30,中京,4名1,1勝,１勝ｸﾗｽ,2,4,サダムオプシス,牡,3,永島まな,54◇,17,8,１, ,芝2000,良,,(栗),平田修,2008,-0.1,1,1,1,34.2,470,-4,
,2024.11.30,中京,4名1,3勝,飛騨Ｓ･3勝,6,8,ベガリス,牝,4,藤懸貴志, 56 ,13,6,１, ,芝1400,良,,(栗),高橋義忠,1214,-0.0,,1,1,34.5,430,+6,
,2024.11.30,中京,4名1,2勝,中京日Ｈ･2勝,4,5,メルトユアハート,牝,3,横山和生, 53 ,13,5,１, ,芝1600,良,,(栗),長谷川浩,1339,-0.1,2,2,2,34.6,500,0,
,2024.11.30,中京,4名1,2勝,犬山特別･2勝,2,3,メイショウポペット,牝,4,横山和生, 56 ,16,6,１, ,ダ1800,良,,(栗),角田晃一,1530,-0.1,13,1,1,37.6,498,+2,
,2024.11.30,中京,4名1,1勝,１勝ｸﾗｽ,8,16,ダズリングブレイヴ,セ,4,亀田温心, 58 ,16,4,１, ,芝1600,良,,(栗),斉藤崇史,1335,-0.0,9,8,8,34.9,484,-4,
,2024.11.30,中京,4名1,1勝,１勝ｸﾗｽ・若,7,10,ユメハハテシナク,牡,4,高杉吏麒,56△,12,5,１, ,ダ1800,良,,(栗),石坂公一,1544,-0.1,2,3,2,37.2,488,-2,
,2024.11.30,中京,4名1,1勝,１勝ｸﾗｽ,5,10,アンシール,セ,3,鮫島克駿, 57 ,16,1,１, ,ダ1400,良,,(栗),小崎憲,1246,-0.1,,10,7,36.4,474,-4,
,2024.11.30,中京,4名1,新馬,新馬,7,7,フィングステン,牝,2,亀田温心, 55 ,8,3,１, ,ダ1800,良,,(栗),西園正都,1582,-0.2,2,2,2,37.6,464,,
,2024.11.30,中京,4名1,未勝利,未勝利*,3,6,タガノアンファン,牡,2,藤懸貴志, 56 ,17,1,１, ,芝1200,良,,(栗),石坂公一,1091,-0.0,,3,3,34.5,466,+2,
,2024.11.30,中京,4名1,1勝,１勝ｸﾗｽ・牝,6,8,ザブライド,牝,3,鮫島克駿, 54 ,13,1,１, ,ダ1800,良,,(栗),西村真幸,1542,-0.2,2,2,2,37.9,470,+2,B
,2024.11.30,中京,4名1,1勝,１勝ｸﾗｽ,3,5,イミュータブル,牡,4,鮫島克駿, 58 ,16,2,１, ,ダ1200,良,,(栗),浜田多実,1123,-0.3,,2,2,37.5,488,+4,
,2024.11.30,中京,4名1,未勝利,未勝利・牝*,4,8,フルドド,牝,2,長岡禎仁, 55 ,16,6,１, ,ダ1400,良,*,(栗),茶木太樹,1251,-0.1,,2,2,37.9,468,+10,
,"2024. 9.29",中京,3名9,2勝,２勝ｸﾗｽ,5,9,リンドラゴ,牡,5,北村友一, 58 ,16,4,１, ,ダ1400,稍,,(栗),杉山佳明,1234,-0.0,,1,1,36.4,474,-2,B
,"2024. 9.29",中京,3名9,OP(L),ポートア(L),8,13,アスクコンナモンダ,牡,5,岩田望来, 57 ,14,3,１, ,芝1600,稍,,(栗),中内田充,1344,-0.1,8,5,4,35.1,460,+2,
,"2024. 9.29",中京,3名9,3勝,白川郷Ｓ･3勝,8,15,ディープリボーン,牡,4,古川吉洋, 58 ,15,3,１, ,ダ1800,稍,,(栗),四位洋文,1518,-0.2,3,3,2,36.6,468,+8,
,"2024. 9.29",中京,3名9,2勝,常滑特別･2勝,4,4,ショーモン,セ,4,池添謙一, 58 ,9,5,１, ,芝2000,稍,,(栗),橋口慎介,2025,-0.0,2,2,2,35.0,498,+16,
,"2024. 9.29",中京,3名9,2勝,２勝ｸﾗｽ,6,11,リューデスハイム,牡,3,池添謙一, 55 ,16,1,１, ,ダ1900,重,,(栗),牧田和弥,1583,-0.3,2,2,2,37.8,508,0,
,"2024. 9.29",中京,3名9,1勝,１勝ｸﾗｽ,6,12,ヨウシタンレイ,牝,4,Ｍ．デム, 56 ,16,2,１, ,芝1600,重,,(栗),藤野健太,1350,-0.3,5,5,4,34.5,470,+12,
,"2024. 9.29",中京,3名9,1勝,１勝ｸﾗｽ・牝,8,15,シャープソーン,牝,4,橋木太希,53▲,16,4,１, ,ダ1400,重,,(栗),西園正都,1241,-0.5,,2,1,37.9,462,+14,
,"2024. 9.29",中京,3名9,新馬,新馬,8,15,ワース,牡,2,鮫島克駿, 55 ,15,1,１, ,芝1400,重,,(美),上原佑紀,1245,-0.0,,3,4,35.3,488,,
,"2024. 9.29",中京,3名9,1勝,１勝ｸﾗｽ,2,2,アルベリック,牡,3,柴田裕一,52▲,9,4,１, ,ダ1900,重,,(栗),中竹和也,1591,-0.6,3,4,4,36.9,470,-2,
,"2024. 9.29",中京,3名9,新馬,新馬,2,2,アートコレクション,牡,2,角田大和, 55 ,15,5,１, ,ダ1400,重,,(栗),角田晃一,1253,-0.3,,3,3,36.8,480,,
,"2024. 9.29",中京,3名9,未勝利,未勝利*,4,4,バルティカ,牡,2,岩田望来, 55 ,9,4,１, ,芝2000,重,,(栗),高橋亮,2073,-0.0,1,1,1,34.5,434,+2,
,"2024. 9.29",中京,3名9,未勝利,未勝利*,4,4,ダノンフェルゼン,牡,2,高杉吏麒,52▲,10,3,１, ,ダ1800,重,,(栗),音無秀孝,1531,-0.0,4,6,4,37.3,472,-8,
,"2024. 9.28",中京,3名8,1勝,１勝ｸﾗｽ,2,2,シンエン,牡,5,荻野極, 58 ,11,11,１, ,ダ1400,良,,(栗),松下武士,1241,-0.1,,5,5,36.6,486,+2,
,"2024. 9.28",中京,3名8,Ｇ３,シリウスＨG3,1,1,ハギノアレグリアス,牡,7,岩田望来,59.5,15,5,１, ,ダ1900,良,,(栗),四位洋文,1571,-0.2,5,6,5,36.4,496,+2,
,"2024. 9.28",中京,3名8,3勝,高山Ｓ･3勝,6,8,マコトヴェリーキー,牡,4,岩田望来, 58 ,13,2,１, ,芝2000,良,,(栗),上村洋行,1599,-0.1,8,7,5,35.0,484,+8,
,"2024. 9.28",中京,3名8,1勝,ヤマボウ･1勝,1,1,アメリカンビキニ,牝,2,団野大成, 55 ,10,2,１, ,ダ1400,良,,(栗),斉藤崇史,1236,-0.4,,1,1,36.3,494,+2,
,"2024. 9.28",中京,3名8,2勝,２勝ｸﾗｽ,6,8,スズカダブル,牡,4,西村淳也, 58 ,13,6,１, ,芝1600,良,,(栗),西村真幸,1340,-0.2,1,1,1,34.7,486,-2,
,"2024. 9.28",中京,3名8,1勝,１勝ｸﾗｽ,7,12,シャイニングソード,牡,3,川田将雅, 55 ,14,1,１, ,芝2200,良,,(栗),中内田充,2124,-0.1,12,12,13,35.2,520,+6,
,"2024. 9.28",中京,3名8,1勝,１勝ｸﾗｽ,1,1,レッドリベルタ,牡,3,田口貫太,54☆,10,3,１, ,ダ1800,良,,(栗),庄野靖志,1521,-0.8,5,5,4,37.5,444,-2,
,"2024. 9.28",中京,3名8,新馬,新馬,8,17,ロケベンドラ,牝,2,北村友一, 55 ,17,5,１, ,芝2000,良,*,(栗),西園翔太,2036,-0.6,10,9,10,33.8,422,,
,"2024. 9.28",中京,3名8,新馬,新馬,1,2,ローランドバローズ,牡,2,岩田康誠, 55 ,16,2,１, ,ダ1800,良,,(栗),上村洋行,1535,-0.2,2,2,2,38.7,486,,
,"2024. 9.28",中京,3名8,未勝利,未勝利*,5,5,ブルクトーア,牡,2,鮫島克駿, 55 ,10,3,１, ,芝1600,良,,(栗),長谷川浩,1355,-0.3,7,5,5,34.3,482,+6,
,"2024. 9.28",中京,3名8,未勝利,未勝利*,2,2,ニヒトツーゼーア,牡,2,柴田裕一,52▲,11,2,１, ,ダ1800,良,,(栗),中竹和也,1546,-0.2,2,6,5,38.0,502,0,
,"2024. 9.28",中京,3名8,未勝利,未勝利*,8,8,ドンパッショーネ,牡,2,池添謙一, 55 ,9,5,１, ,ダ1200,良,,(栗),斉藤崇史,1117,-0.9,,1,1,37.2,532,-6,B
,"2024. 9.22",中京,3名7,2勝,２勝ｸﾗｽ,8,10,インユアパレス,牡,3,川田将雅, 56 ,10,1,１, ,ダ1200,良,,(栗),須貝尚介,1111,-0.6,,8,6,35.5,474,-8,
,"2024. 9.22",中京,3名7,Ｇ２,神戸新聞G2,8,15,メイショウタバル,牡,3,浜中俊, 57 ,15,2,１, ,芝2200,稍,,(栗),石橋守,2118,-0.1,1,1,1,36.0,496,-4,
,"2024. 9.22",中京,3名7,3勝,志摩Ｓ･3勝,3,6,ミルトクレイモー,牡,4,岩田望来, 58 ,17,2,１, ,芝1200,稍,,(栗),中村直也,1085,-0.6,,2,1,33.6,510,-2,
,"2024. 9.22",中京,3名7,2勝,夕月特別･2勝,6,7,タイセイフェリーク,牝,4,藤懸貴志, 56 ,11,6,１, ,芝2000,稍,,(栗),田中克典,2006,-0.0,7,8,6,34.5,426,+10,
,"2024. 9.22",中京,3名7,1勝,１勝ｸﾗｽ,6,6,オボッチャマ,牡,4,松山弘平, 58 ,10,3,１, ,ダ1800,良,,(栗),音無秀孝,1537,-0.0,5,5,5,37.6,498,0,B
,"2024. 9.22",中京,3名7,1勝,１勝ｸﾗｽ,6,8,レッドダンルース,牡,4,坂井瑠星, 58 ,12,3,１, ,ダ1400,良,,(栗),福永祐一,1246,-0.0,,4,4,36.9,474,+2,B
,"2024. 9.22",中京,3名7,1勝,１勝ｸﾗｽ・牝,3,3,タクシンイメル,牝,3,坂井瑠星, 53 ,9,2,１, ,ダ1800,良,,(栗),武英智,1540,-0.7,2,2,2,38.1,464,-20,
,"2024. 9.22",中京,3名7,新馬,新馬,6,6,サトノシャイニング,牡,2,松山弘平, 55 ,11,2,１, ,芝2000,良,,(栗),杉山晴紀,2043,-0.3,2,3,3,33.7,490,,
,"2024. 9.22",中京,3名7,新馬,新馬・牝,7,8,プロミストジーン,牝,2,川田将雅, 55 ,11,1,１, ,ダ1400,良,,(美),上原佑紀,1271,-0.3,,4,4,36.3,452,,
,"2024. 9.22",中京,3名7,未勝利,未勝利*,1,1,キャッスルレイク,牝,2,高杉吏麒,52▲,18,4,１, ,芝1400,良,,(栗),松下武士,1219,-0.2,,4,4,36.2,462,+2,
,"2024. 9.22",中京,3名7,未勝利,未勝利*,7,9,イサナ,牡,2,松山弘平, 55 ,11,1,１, ,ダ1800,良,,(栗),橋口慎介,1553,-0.2,1,1,2,39.0,514,+4,
,"2024. 9.22",中京,3名7,未勝利,障害未勝利,5,7,タイセイスラッガー,牡,6,伴啓太, 60 ,13,8,１, ,芝3000,良,,(美),古賀慎明,3213,-0.8,1,1,1,13.4,568,+6,B
,"2024. 9.21",中京,3名6,2勝,２勝ｸﾗｽ,1,1,バンドマスター,牡,4,吉村誠之,55▲,16,1,１, ,ダ1800,良,,(栗),茶木太樹,1527,-0.0,2,1,1,38.5,498,-6,B
,"2024. 9.21",中京,3名6,3勝,伊賀ＳＨ･3勝,7,13,エミサキホコル,牡,4,長岡禎仁, 54 ,15,8,１, ,ダ1400,良,,(栗),杉山佳明,1232,-0.1,,7,7,36.1,492,+4,B
,"2024. 9.21",中京,3名6,2勝,賢島特Ｈ･2勝,8,15,フィオライア,牝,3,坂井瑠星, 53 ,16,2,１, ,芝1200,良,,(栗),西園正都,1084,-0.0,,3,4,33.6,458,-6,
,"2024. 9.21",中京,3名6,1勝,１勝ｸﾗｽ,8,13,アメリカンチケット,牡,3,シュタル, 56 ,14,1,１, ,ダ1200,良,,(栗),藤原英昭,1113,-0.7,,1,1,36.9,494,-6,
,"2024. 9.21",中京,3名6,ｵｰﾌﾟﾝ,野路菊Ｓ,1,1,エリキング,牡,2,川田将雅, 55 ,5,1,１, ,芝2000,良,,(栗),中内田充,2028,-0.1,3,3,3,33.4,498,+14,
,"2024. 9.21",中京,3名6,1勝,１勝ｸﾗｽ,4,7,ヤングスカーレット,牡,3,坂井瑠星, 55 ,16,1,１, ,芝2000,良,,(栗),杉山晴紀,2004,-0.4,4,4,3,34.2,542,+12,
,"2024. 9.21",中京,3名6,1勝,１勝ｸﾗｽ,8,8,グランオース,牡,3,角田大和, 55 ,8,4,１, ,ダ1900,良,,(栗),角田晃一,2006,-0.1,3,3,2,37.3,514,+10,
,"2024. 9.21",中京,3名6,新馬,新馬,3,4,ザラタン,牝,2,池添謙一, 55 ,14,2,１, ,芝1600,良,,(栗),中竹和也,1359,-0.1,2,2,2,34.5,434,,
,"2024. 9.21",中京,3名6,新馬,新馬,8,10,ザクシス,牡,2,団野大成, 55 ,11,3,１, ,ダ1200,良,,(美),加藤士津,1140,-0.0,,4,4,37.9,444,,
,"2024. 9.21",中京,3名6,未勝利,未勝利*,5,9,ユウトザユウト,牡,2,団野大成, 55 ,16,5,１, ,ダ1400,良,,(栗),小崎憲,1252,-0.7,,7,7,37.9,488,+4,
,"2024. 9.21",中京,3名6,未勝利,未勝利*,6,6,サンライズグラシア,牡,2,坂井瑠星, 55 ,9,1,１, ,芝2000,良,,(栗),矢作芳人,2023,-0.1,2,2,2,34.7,478,+6,
,"2024. 9.21",中京,3名6,未勝利,未勝利・牝*,7,7,フィドルファドル,牝,2,坂井瑠星, 55 ,9,3,１, ,ダ1400,良,,(栗),矢作芳人,1252,-0.1,,2,2,38.3,442,+6,
,"2024. 9.16",中京,3名5,1勝,１勝ｸﾗｽ,6,8,フェンダー,牡,3,吉村誠之,53▲,12,1,１, ,ダ1200,良,,(栗),斉藤崇史,1105,-0.3,,2,2,36.2,512,0,B
,"2024. 9.16",中京,3名5,3勝,アニバー･3勝,1,2,カズペトシーン,牡,4,西村淳也, 58 ,16,1,１, ,ダ1800,良,,(栗),池添学,1511,-0.2,11,11,10,36.3,488,0,B
,"2024. 9.16",中京,3名5,2勝,桑名特別･2勝,5,7,ソンシ,牡,3,川田将雅, 56 ,13,1,１, ,芝1400,良,,(栗),中内田充,1207,-0.3,,3,3,33.5,484,0,
,"2024. 9.16",中京,3名5,1勝,長良川特･1勝,5,5,ショウナンハウル,牡,3,池添謙一, 55 ,9,4,１, ,芝2200,良,,(栗),松下武士,2131,-0.2,6,1,1,35.3,502,+14,
,"2024. 9.16",中京,3名5,1勝,１勝ｸﾗｽ,1,2,コト,牝,3,岩田望来, 54 ,18,1,１, ,芝1400,良,,(栗),野中賢二,1211,-0.1,,7,7,34.2,484,+6,
,"2024. 9.16",中京,3名5,1勝,１勝ｸﾗｽ,7,9,モンブランミノル,牡,3,松山弘平, 55 ,11,1,１, ,ダ1800,稍,,(栗),小栗実,1516,-0.0,2,2,2,36.6,496,+6,
,"2024. 9.16",中京,3名5,1勝,１勝ｸﾗｽ,8,14,ライズンシャイン,牝,6,柴田裕一,53▲,15,6,１, ,ダ1400,稍,,(栗),岡田稲男,1239,-0.2,,4,5,36.9,514,0,B
,"2024. 9.16",中京,3名5,新馬,新馬・牝,8,11,ゴージャス,牝,2,浜中俊, 55 ,12,3,１, ,芝1600,良,,(栗),四位洋文,1367,-0.1,7,5,5,34.0,424,,
,"2024. 9.16",中京,3名5,新馬,新馬,1,1,ミリアッドラヴ,牝,2,西村淳也, 55 ,14,3,１, ,ダ1400,稍,,(栗),新谷功一,1239,-0.1,,2,2,36.7,470,,
,"2024. 9.16",中京,3名5,未勝利,未勝利*,5,5,サトノクローザー,牡,2,岩田望来, 55 ,12,1,１, ,芝2000,良,,(栗),友道康夫,2015,-0.0,5,6,7,35.4,518,0,
,"2024. 9.16",中京,3名5,未勝利,未勝利*,4,4,パワーストーン,牝,2,柴田裕一,52▲,10,7,１, ,ダ1800,稍,,(栗),中竹和也,1557,-0.2,9,7,7,38.4,468,+4,
,"2024. 9.16",中京,3名5,未勝利,未勝利・牝*,4,4,ヴァカンツァ,牝,2,角田大和,54☆,10,1,１, ,ダ1400,稍,,(栗),高橋亮,1259,-1.2,,1,1,37.5,468,-2,
,"2024. 9.15",中京,3名4,2勝,２勝ｸﾗｽ,2,2,ヴィヴァン,牡,6,松山弘平, 58 ,13,1,１, ,ダ1400,重,,(栗),池江泰寿,1230,-0.0,,5,4,36.7,496,+2,
,"2024. 9.15",中京,3名4,Ｇ２,ローズＳG2,2,2,クイーンズウォーク,牝,3,川田将雅, 55 ,15,2,１, ,芝2000,稍,,(栗),中内田充,1599,-0.2,6,6,6,33.5,522,0,
,"2024. 9.15",中京,3名4,3勝,納屋橋Ｓ･3勝,1,2,ペイシャフラワー,牝,4,永島まな, 56 ,16,12,１, ,芝1600,稍,,(栗),高橋康之,1335,-0.2,1,1,1,34.8,464,+2,
,"2024. 9.15",中京,3名4,2勝,茶臼山Ｈ･2勝,2,2,アドマイヤテラ,牡,3,ルメール, 55 ,10,1,１, ,芝2200,稍,,(栗),友道康夫,2124,-0.3,3,5,5,34.3,478,-2,
,"2024. 9.15",中京,3名4,1勝,１勝ｸﾗｽ,4,4,スリリングチェイス,牡,4,西村淳也, 58 ,12,1,１, ,ダ1800,重,,(栗),渡辺薫彦,1505,-0.4,1,1,1,36.8,510,0,
,"2024. 9.15",中京,3名4,1勝,１勝ｸﾗｽ,6,9,ライジン,牡,4,岩田望来, 58 ,13,1,１, ,ダ1200,重,,(栗),池添学,1098,-0.3,,1,1,35.7,488,-4,
,"2024. 9.15",中京,3名4,1勝,１勝ｸﾗｽ・牝,2,2,ゼットレジーナ,牝,3,川田将雅, 53 ,12,4,１, ,ダ1800,重,,(栗),吉田直弘,1515,-0.1,4,4,4,36.2,438,+4,
,"2024. 9.15",中京,3名4,新馬,新馬,5,5,スリーキングス,牡,2,岩田康誠, 55 ,9,1,１, ,芝2000,稍,,(栗),上村洋行,2029,-0.1,6,3,2,36.9,494,,
,"2024. 9.15",中京,3名4,新馬,新馬,1,1,キタノサワヤカ,牡,2,池添謙一, 55 ,9,8,１, ,ダ1800,重,,(栗),吉田直弘,1539,-0.3,9,8,8,38.0,446,,
,"2024. 9.15",中京,3名4,未勝利,未勝利*,3,3,ハイファイスピード,牝,2,国分恭介, 55 ,8,3,１, ,芝1200,稍,,(栗),宮本博,1095,-0.5,,6,6,34.8,452,+6,
,"2024. 9.15",中京,3名4,未勝利,未勝利*,6,6,オトメナシャチョウ,牝,2,松山弘平, 55 ,9,1,１, ,ダ1200,重,,(栗),森秀行,1107,-0.9,,1,1,36.2,478,-2,
,"2024. 9.15",中京,3名4,未勝利,障害未勝利,7,7,ニシノパプルブリリ,牝,4,伴啓太, 58 ,10,2,１, ,芝3000,稍,,(美),矢野英一,3193,-0.6,4,2,2,13.3,480,+4,
,"2024. 9.14",中京,3名3,1勝,１勝ｸﾗｽ,3,4,ラブコメディ,牝,3,鮫島克駿, 54 ,15,4,１, ,ダ1400,良,,(栗),寺島良,1236,-0.5,,2,2,37.1,448,+2,B
,"2024. 9.14",中京,3名3,ｵｰﾌﾟﾝ,ケフェウＨ,6,6,フライライクバード,セ,7,ルメール, 56 ,11,3,１, ,芝2000,良,,(栗),福永祐一,1582,-0.3,2,2,2,34.1,456,+4,
,"2024. 9.14",中京,3名3,2勝,恵那特別･2勝,2,2,ポッドロゴ,牡,3,松山弘平, 55 ,12,2,１, ,ダ1800,良,,(栗),西園正都,1529,-0.2,3,4,4,36.8,470,0,
,"2024. 9.14",中京,3名3,ｵｰﾌﾟﾝ,ききょう,3,3,スリールミニョン,牝,2,永島まな, 55 ,5,5,１, ,芝1400,良,,(栗),高橋康之,1207,-0.1,,5,5,34.4,436,+2,
,"2024. 9.14",中京,3名3,ＪＧ３,阪神ジャJG3,1,1,サペラヴィ,牡,7,江田勇亮, 60 ,12,3,１, ,芝3330,良,,(美),南田美知,3390,-0.7,2,1,1,13.2,480,+6,
,"2024. 9.14",中京,3名3,1勝,１勝ｸﾗｽ・牝,7,13,ルージュシェノン,牝,5,西村淳也, 56 ,15,4,１, ,ダ1200,良,,(栗),石坂公一,1116,-0.0,,7,5,36.5,460,0,
,"2024. 9.14",中京,3名3,1勝,１勝ｸﾗｽ,3,6,レディントン,牡,3,団野大成, 56 ,16,9,１, ,芝1600,良,,(栗),杉山晴紀,1324,-0.3,6,7,7,34.6,482,+2,
,"2024. 9.14",中京,3名3,新馬,新馬,8,10,ナムラクララ,牝,2,浜中俊, 55 ,11,5,１, ,芝1400,良,,(栗),長谷川浩,1222,-0.2,,3,2,34.1,472,,
,"2024. 9.14",中京,3名3,1勝,１勝ｸﾗｽ,4,5,ラミアストラーダ,牡,4,高杉吏麒,55▲,13,8,１, ,ダ1900,良,,(栗),田中克典,2002,-0.2,2,5,5,37.5,476,+24,
,"2024. 9.14",中京,3名3,未勝利,未勝利・牝*,6,11,ウォーターガーベラ,牝,2,西塚洸二,54☆,15,5,１, ,芝1600,良,,(栗),河内洋,1343,-0.1,3,2,3,34.9,440,-2,
,"2024. 9.14",中京,3名3,未勝利,未勝利*,6,6,メルキオル,牡,2,川田将雅, 55 ,8,1,１, ,ダ1800,良,,(栗),松永幹夫,1534,-2.3,1,1,1,36.6,474,+6,
,"2024. 9.14",中京,3名3,未勝利,未勝利*,3,3,ヤマニンシュラ,牡,2,川田将雅, 55 ,9,1,１, ,ダ1400,良,,(栗),斉藤崇史,1253,-0.1,,1,1,37.6,462,-2,
,"2024. 9. 8",中京,3名2,1勝,１勝ｸﾗｽ,1,1,ストレングス,牡,3,松山弘平, 56 ,13,2,１, ,ダ1400,良,,(栗),寺島良,1242,-0.3,,2,2,37.6,468,0,B
,"2024. 9. 8",中京,3名2,Ｇ２,セントウG2,8,17,トウシンマカオ,牡,5,菅原明良, 57 ,18,2,１, ,芝1200,良,,(美),高柳瑞樹,1077,-0.1,,11,10,33.1,474,-6,
,"2024. 9. 8",中京,3名2,3勝,浜松Ｓ･3勝,2,4,ヒビキ,牡,4,岩田望来, 58 ,16,3,１, ,ダ1200,良,,(栗),辻野泰之,1109,-0.2,,6,6,35.8,494,0,B
,"2024. 9. 8",中京,3名2,2勝,天竜川特･2勝,2,2,ムルソー,牡,3,戸崎圭太, 55 ,14,1,１, ,ダ1800,良,,(栗),斉藤崇史,1516,-1.0,1,1,1,37.1,514,+12,
,"2024. 9. 8",中京,3名2,1勝,１勝ｸﾗｽ,6,6,スターリングアップ,牝,3,池添謙一, 53 ,11,1,１, ,芝2000,良,,(栗),松永幹夫,1598,-0.2,6,6,6,34.2,430,0,
,"2024. 9. 8",中京,3名2,1勝,１勝ｸﾗｽ,6,6,リューデスハイム,牡,3,池添謙一, 55 ,9,1,１, ,ダ1900,良,,(栗),牧田和弥,1591,-0.9,1,1,1,37.2,508,0,
,"2024. 9. 8",中京,3名2,1勝,１勝ｸﾗｽ・牝,2,2,ダブルハートボンド,牝,3,坂井瑠星, 53 ,10,1,１, ,ダ1800,良,,(栗),大久保龍,1512,-1.9,1,1,1,36.7,472,-4,
,"2024. 9. 8",中京,3名2,新馬,新馬,3,3,ゲルチュタール,牡,2,坂井瑠星, 55 ,7,1,１, ,芝2000,良,,(栗),杉山晴紀,2029,-0.1,2,2,2,34.1,508,,
,"2024. 9. 8",中京,3名2,新馬,新馬,3,3,パンジャタワー,牡,2,松山弘平, 55 ,7,1,１, ,芝1200,良,,(栗),橋口慎介,1097,-0.1,,2,2,34.2,468,,
,"2024. 9. 8",中京,3名2,未勝利,未勝利*,1,1,マイネルチケット,牡,2,戸崎圭太, 55 ,7,2,１, ,芝1600,良,,(栗),宮徹,1345,-0.1,3,3,4,35.6,454,+6,
,"2024. 9. 8",中京,3名2,未勝利,未勝利*,7,7,シャインミラカナ,牡,2,亀田温心, 55 ,9,7,１, ,ダ1200,良,,(栗),北出成人,1136,-0.1,,4,4,37.9,472,-8,
,"2024. 9. 8",中京,3名2,未勝利,障害未勝利,6,6,トーセンオリジン,牡,7,上野翔, 60 ,9,1,１, ,芝3000,良,*,(美),和田雄二,3215,-0.4,3,2,2,13.4,456,-6,
,"2024. 9. 7",中京,3名1,2勝,２勝ｸﾗｽ,6,6,スターターン,牡,3,坂井瑠星, 56 ,11,1,１, ,ダ1200,良,,(栗),坂口智康,1107,-0.4,,7,7,35.5,476,-2,
,"2024. 9. 7",中京,3名1,OP(L),エニフＳ(L),2,2,エンペラーワケア,牡,4,川田将雅, 59 ,10,1,１, ,ダ1400,良,,(栗),杉山晴紀,1224,-0.1,,3,3,35.0,536,+2,
,"2024. 9. 7",中京,3名1,3勝,ムーンＨ･3勝,2,3,ケイアイサンデラ,牡,4,藤懸貴志, 57 ,16,4,１, ,芝2200,良,*,(栗),小林真也,2111,-0.0,3,3,3,34.6,440,+6,
,"2024. 9. 7",中京,3名1,2勝,浜名湖特･2勝,5,5,セブンサミット,牡,6,坂井瑠星, 58 ,8,3,１, ,芝2000,良,,(栗),西村真幸,2009,-0.1,1,1,1,34.7,516,0,
,"2024. 9. 7",中京,3名1,1勝,１勝ｸﾗｽ,4,7,サトノプリエール,牝,5,幸英明, 56 ,18,4,１, ,芝1200,良,,(栗),斉藤崇史,1083,-0.1,,7,6,33.9,486,+6,
,"2024. 9. 7",中京,3名1,1勝,１勝ｸﾗｽ,7,8,アルゴナヴィス,牡,3,西村淳也, 55 ,11,5,１, ,ダ1800,良,,(栗),池江泰寿,1518,-0.3,2,2,2,37.0,474,-2,
,"2024. 9. 7",中京,3名1,1勝,１勝ｸﾗｽ,8,14,ストライクオン,牡,3,角田大和,55☆,14,6,１, ,ダ1200,良,,(栗),角田晃一,1119,-0.1,,3,2,36.1,464,-4,
,"2024. 9. 7",中京,3名1,新馬,新馬,4,4,タイセイカレント,牡,2,西村淳也, 55 ,8,5,１, ,芝1600,良,,(栗),矢作芳人,1365,-0.3,1,1,1,33.9,486,,
,"2024. 9. 7",中京,3名1,新馬,新馬,7,7,トリポリタニア,牡,2,岩田望来, 55 ,10,3,１, ,ダ1800,良,,(栗),上村洋行,1554,-0.5,6,1,1,36.5,478,,
,"2024. 9. 7",中京,3名1,未勝利,未勝利*,2,2,モルティフレーバー,牝,2,坂井瑠星, 55 ,5,2,１, ,芝2000,良,,(栗),清水久詞,2015,-0.3,1,1,1,34.4,456,+4,
,"2024. 9. 7",中京,3名1,未勝利,未勝利*,8,8,メイショウハチロー,牡,2,団野大成, 55 ,8,1,１, ,ダ1800,良,,(栗),福永祐一,1540,-0.5,1,1,1,38.6,496,-6,
,"2024. 9. 7",中京,3名1,未勝利,未勝利*,4,4,サディーク,牝,2,西村淳也, 55 ,10,1,１, ,ダ1400,良,,(栗),河嶋宏樹,1248,-0.4,,2,2,37.4,430,+2,
,"2024. 9. 1",中京,2名8,1勝,１勝ｸﾗｽ,8,16,フィルムアクトレス,牝,4,酒井学, 56 ,16,1,１, ,ダ1200,重,,(栗),石橋守,1095,-0.4,,1,1,35.4,496,-6,B
,"2024. 9. 1",中京,2名8,Ｇ３,小倉２歳G3,6,8,エイシンワンド,牡,2,幸英明, 55 ,13,1,１, ,芝1200,重,,(栗),大久保龍,1090,-0.1,,3,2,34.3,472,+6,
,"2024. 9. 1",中京,2名8,3勝,桶狭間Ｓ･3勝,7,13,アドバンスファラオ,牡,4,西村淳也, 58 ,16,7,１, ,ダ1400,重,,(栗),森秀行,1217,-0.0,,1,1,35.8,496,+10,
,"2024. 9. 1",中京,2名8,2勝,有松特別･2勝,1,1,フォーチュンタイム,牡,3,岩田望来, 55 ,8,3,１, ,芝1600,重,,(栗),吉岡辰弥,1344,-0.1,4,5,5,33.8,498,+6,
,"2024. 9. 1",中京,2名8,1勝,１勝ｸﾗｽ,3,6,ジュンヴァンケット,牡,3,岩田望来, 55 ,18,1,１, ,芝1400,重,,(栗),友道康夫,1212,-0.1,,4,5,34.4,460,-6,
,"2024. 9. 1",中京,2名8,1勝,１勝ｸﾗｽ,4,4,キュピドン,牡,4,吉村誠之,55▲,11,10,１, ,ダ1800,不,,(栗),森秀行,1513,-0.3,2,2,2,36.5,514,0,
,"2024. 9. 1",中京,2名8,未勝利,未勝利,4,8,オメガナビゲーター,セ,3,岩田康誠, 57 ,18,6,１, ,芝2000,重,*,(栗),安田翔伍,2007,-0.1,10,11,7,35.6,484,-4,
,"2024. 9. 1",中京,2名8,新馬,新馬,3,3,フードマン,牡,2,松山弘平, 55 ,11,1,１, ,芝1400,重,,(栗),小栗実,1226,-0.1,,1,1,35.1,462,,
,"2024. 9. 1",中京,2名8,未勝利,未勝利,7,14,アンナバローズ,牝,3,岩田望来, 55 ,16,1,１, ,ダ1400,不,*,(栗),辻野泰之,1240,-0.6,,1,1,37.1,490,-2,
,"2024. 9. 1",中京,2名8,未勝利,未勝利*,4,4,ラッキーベイ,牡,2,松山弘平, 55 ,8,2,１, ,芝2000,重,,(栗),今野貞一,2033,-0.1,1,1,1,37.5,454,+2,
,"2024. 9. 1",中京,2名8,未勝利,未勝利,7,13,メイショウオオコ,牡,3,団野大成, 57 ,16,4,１, ,ダ1800,不,*,(栗),荒川義之,1520,-0.2,8,8,6,37.0,470,0,B
,"2024. 9. 1",中京,2名8,未勝利,障害未勝利,4,4,コルドゥーン,牡,8,坂口智康,57▲,9,6,１, ,芝3000,不,,(美),石栗龍彦,3244,-0.2,7,5,4,13.6,464,-10,B
,"2024. 8.31",中京,2名7,1勝,１勝ｸﾗｽ,3,3,メイショウミシガン,牡,3,川田将雅, 55 ,13,1,１, ,ダ1400,不,,(栗),鮫島一歩,1235,-0.5,,4,3,36.9,452,+2,
,"2024. 8.31",中京,2名7,3勝,長篠ＳＨ･3勝,6,11,ティニア,牡,4,坂井瑠星, 57 ,18,4,１, ,芝1200,不,,(栗),池江泰寿,1102,-0.0,,5,4,34.9,506,+4,
,"2024. 8.31",中京,2名7,2勝,鳥羽特別･2勝,2,2,カズゴルティス,牡,3,和田竜二, 55 ,15,1,１, ,ダ1400,不,,(栗),杉山晴紀,1234,-0.3,,1,1,36.8,506,+2,
,"2024. 8.31",中京,2名7,1勝,香嵐渓特･1勝,8,10,クレオメデス,牡,4,松山弘平, 58 ,10,4,１, ,芝2000,不,,(栗),武英智,2057,-0.3,5,3,3,36.3,510,0,
,"2024. 8.31",中京,2名7,1勝,１勝ｸﾗｽ・牝,6,6,チカミリオン,牝,3,川田将雅, 53 ,9,1,１, ,ダ1800,不,,(栗),大久保龍,1534,-0.1,2,2,2,35.8,482,0,
,"2024. 8.31",中京,2名7,未勝利,未勝利,8,15,マルモア,牝,3,Ｍ．デム, 55 ,16,7,１, ,芝1600,不,,(栗),松永幹夫,1399,-0.1,10,5,6,36.6,416,-4,
,"2024. 8.31",中京,2名7,新馬,新馬,7,13,ハリーケーン,牡,2,水口優也, 55 ,16,5,１, ,ダ1400,不,,(栗),大根田裕,1270,-0.5,,1,1,38.3,494,,
,"2024. 8.31",中京,2名7,新馬,新馬,3,3,カレンラップスター,牡,2,松山弘平, 55 ,8,6,１, ,芝2000,重,,(栗),小林真也,2087,-0.3,4,4,5,34.7,498,,
,"2024. 8.31",中京,2名7,未勝利,未勝利,5,10,レッドエヴァンス,牡,3,団野大成, 57 ,18,2,１, ,芝1400,重,,(栗),音無秀孝,1230,-0.1,,7,7,36.3,486,-4,B
,"2024. 8.31",中京,2名7,未勝利,未勝利,4,7,ブライトルピナス,牝,3,吉村誠之,52▲,16,4,１, ,ダ1200,不,,(栗),杉山晴紀,1110,-0.6,,1,1,36.6,470,+4,
,"2024. 8.31",中京,2名7,未勝利,未勝利*,5,5,カロローザ,牝,2,坂井瑠星, 55 ,9,1,１, ,芝1400,重,,(栗),松永幹夫,1229,-1.0,,1,1,35.7,468,0,
,"2024. 8.31",中京,2名7,未勝利,未勝利*,4,4,ロードラビリンス,牡,2,西塚洸二,54☆,11,4,１, ,ダ1800,不,,(栗),松下武士,1541,-0.4,3,4,3,38.1,474,+4,
,"2024. 8.25",中京,2名6,1勝,１勝ｸﾗｽ,5,8,スターターン,牡,3,幸英明, 56 ,15,1,１, ,ダ1200,良,,(栗),坂口智康,1116,-0.4,,6,4,36.5,478,+14,
,"2024. 8.25",中京,2名6,ｵｰﾌﾟﾝ,名鉄杯,7,10,バハルダール,牡,5,水口優也, 57 ,13,6,１, ,ダ1800,良,,(栗),池江泰寿,1516,-0.0,12,11,10,37.3,500,-18,
,"2024. 8.25",中京,2名6,2勝,長久手特･2勝,6,6,チルカーノ,牝,3,西村淳也, 53 ,7,3,１, ,芝2000,良,,(栗),高野友和,1592,-0.1,4,4,4,33.8,456,+4,
,"2024. 8.25",中京,2名6,2勝,大府特別･2勝,8,15,カズペトシーン,牡,4,鮫島克駿, 58 ,16,3,１, ,ダ1800,良,,(栗),池添学,1522,-1.0,12,12,12,36.0,488,+4,B
,"2024. 8.25",中京,2名6,1勝,１勝ｸﾗｽ,7,14,ハワイアンティアレ,牝,3,Ｍ．デム, 53 ,16,2,１, ,芝1600,良,,(栗),松永幹夫,1333,-0.1,10,10,11,33.6,428,+8,
,"2024. 8.25",中京,2名6,1勝,１勝ｸﾗｽ,8,13,カズタンジャー,牡,3,西村淳也, 55 ,14,2,１, ,ダ1900,良,,(栗),新谷功一,1596,-0.3,2,2,2,39.0,492,+4,B
,"2024. 8.25",中京,2名6,1勝,１勝ｸﾗｽ・牝,5,9,ブループリマドンナ,牝,3,酒井学, 53 ,16,6,１, ,ダ1400,良,,(栗),小林真也,1249,-0.0,,13,14,36.6,472,+14,
,"2024. 8.25",中京,2名6,新馬,新馬,7,8,クラウディアイ,牡,2,西村淳也, 55 ,10,2,１, ,芝2000,良,,(栗),橋口慎介,2026,-0.3,3,3,3,34.1,416,,
,"2024. 8.25",中京,2名6,未勝利,未勝利,5,9,サーナーティオン,牡,3,鮫島克駿, 57 ,17,2,１, ,芝1400,良,,(栗),藤岡健一,1206,-0.3,,1,1,34.3,486,-8,
,"2024. 8.25",中京,2名6,未勝利,未勝利,2,4,アラナコア,牡,3,小沢大仁,56☆,18,5,１, ,芝2200,良,,(栗),田中克典,2132,-0.1,7,7,4,35.7,492,+2,
,"2024. 8.25",中京,2名6,未勝利,未勝利,1,2,ダブルジャッジ,牡,3,西塚洸二,56☆,16,2,１, ,ダ1800,良,,(栗),笹田和秀,1540,-0.6,1,1,1,39.5,502,+2,B
,"2024. 8.25",中京,2名6,未勝利,未勝利・牝*,8,12,ウィルサヴァイブ,牝,2,団野大成, 55 ,13,2,１, ,芝1400,良,,(栗),須貝尚介,1220,-0.0,,5,5,35.6,428,-4,
,"2024. 8.24",中京,2名5,1勝,１勝ｸﾗｽ・牝,7,14,ケーブパール,牝,3,小崎綾也, 53 ,18,1,１, ,芝1400,良,,(栗),友道康夫,1199,-0.2,,17,17,33.1,436,+6,
,"2024. 8.24",中京,2名5,3勝,瀬戸ＳＨ･3勝,2,2,サンマルパトロール,牡,4,菱田裕二, 55 ,15,1,１, ,ダ1900,良,,(栗),大橋勇樹,1595,-0.3,11,10,6,37.8,484,+4,
,"2024. 8.24",中京,2名5,2勝,清洲特別･2勝,1,1,ヒビキ,牡,4,岩田望来, 58 ,16,3,１, ,ダ1200,良,,(栗),辻野泰之,1113,-0.2,,10,8,35.9,494,-12,B
,"2024. 8.24",中京,2名5,1勝,揖斐川特･1勝,5,6,ヤマニンステラータ,牡,3,Ｍ．デム, 55 ,13,3,１, ,芝2200,良,,(栗),松永幹夫,2130,-0.1,11,11,9,33.9,466,+2,
,"2024. 8.24",中京,2名5,1勝,１勝ｸﾗｽ,4,5,スリリングチェイス,牡,4,西村淳也, 58 ,13,1,１, ,ダ1800,良,,(栗),渡辺薫彦,1537,-0.1,1,1,1,36.9,510,0,
,"2024. 8.24",中京,2名5,未勝利,未勝利・牝,2,4,エコテーラー,牝,3,西村淳也, 55 ,18,2,１, ,芝2000,良,,(栗),石橋守,1596,-0.3,1,1,1,35.4,498,+18,
,"2024. 8.24",中京,2名5,未勝利,未勝利,5,9,ボックスオフィス,牡,3,和田竜二, 57 ,16,13,１, ,ダ1800,良,,(栗),吉村圭司,1544,-0.5,12,2,2,38.7,510,+6,B
,"2024. 8.24",中京,2名5,新馬,新馬,5,9,ショウナンラフィネ,牝,2,鮫島克駿, 55 ,16,10,１, ,芝1600,良,,(栗),高野友和,1351,-0.1,1,1,1,34.5,390,,
,"2024. 8.24",中京,2名5,ＪＧ３,小倉サマJG3,5,5,ロスコフ,牡,6,草野太郎, 60 ,6,1,１, ,芝3300,良,,(美),久保田貴,3335,-0.8,2,2,1,12.9,504,+2,
,"2024. 8.24",中京,2名5,未勝利,未勝利,3,6,エブリモーメント,牡,3,西村淳也, 57 ,16,2,１, ,ダ1200,良,,(栗),牧田和弥,1118,-0.8,,4,2,36.7,496,+8,B
,"2024. 8.24",中京,2名5,未勝利,未勝利・牝,7,14,クインズアトリア,牝,3,吉村誠之,52▲,16,1,１, ,ダ1400,良,,(栗),吉岡辰弥,1253,-0.6,,1,1,37.3,454,-2,B
,"2024. 8.24",中京,2名5,未勝利,未勝利*,5,5,ラヴァブル,牝,2,西村淳也, 55 ,9,1,１, ,芝1600,良,,(栗),松下武士,1353,-0.1,3,3,3,35.3,488,+4,
,"2024. 8.18",中京,2名4,1勝,１勝ｸﾗｽ,8,16,パドマ,牝,3,加藤祥太, 54 ,16,2,１, ,ダ1200,良,,(栗),杉山晴紀,1114,-0.2,,1,1,36.8,500,+6,
,"2024. 8.18",中京,2名4,Ｇ３,ＣＢＣ賞ＨG3,1,1,ドロップオブライト,牝,5,幸英明, 54 ,18,6,１, ,芝1200,良,,(栗),福永祐一,1075,-0.0,,3,3,33.6,440,+4,
,"2024. 8.18",中京,2名4,2勝,中京スポ･2勝,4,7,アクートゥス,牡,4,西塚洸二, 58 ,16,8,１, ,芝1400,良,,(栗),藤原英昭,1201,-0.0,,8,10,33.2,454,-14,
,"2024. 8.18",中京,2名4,2勝,濃尾特別･2勝,4,8,サトノアイオライト,牝,3,西村淳也, 53 ,16,1,１, ,ダ1800,良,,(栗),吉村圭司,1529,-0.1,2,2,2,38.0,468,+2,
,"2024. 8.18",中京,2名4,1勝,１勝ｸﾗｽ,6,11,ヘルモーズ,牡,3,吉村誠之,52▲,16,5,１, ,ダ1400,良,,(栗),小林真也,1238,-0.6,,14,12,36.5,504,+2,
,"2024. 8.18",中京,2名4,1勝,１勝ｸﾗｽ・牝,1,1,バスタードサフラン,牝,3,酒井学, 53 ,13,1,１, ,ダ1800,良,,(栗),渡辺薫彦,1529,-0.1,1,1,1,37.1,462,-2,B
,"2024. 8.18",中京,2名4,未勝利,未勝利,4,8,モズマーヴェリック,牡,3,国分恭介, 57 ,18,3,１, ,芝2000,良,,(栗),牧浦充徳,2002,-0.0,8,9,9,34.6,480,-18,
,"2024. 8.18",中京,2名4,新馬,新馬・牝,1,2,ビップデイジー,牝,2,幸英明, 55 ,16,5,１, ,芝1600,良,,(栗),松下武士,1347,-0.2,14,11,10,35.0,426,,
,"2024. 8.18",中京,2名4,未勝利,未勝利,7,13,ベルダイナフェロー,牝,3,酒井学, 55 ,16,7,１, ,ダ1400,良,,(栗),須貝尚介,1253,-0.6,,4,3,38.6,480,-8,
,"2024. 8.18",中京,2名4,未勝利,未勝利*,1,1,サラコスティ,牡,2,坂井瑠星, 55 ,6,1,１, ,芝2000,良,,(栗),池添学,2004,-1.5,1,1,1,34.0,462,0,
,"2024. 8.18",中京,2名4,未勝利,未勝利,5,6,ダブルハートボンド,牝,3,坂井瑠星, 55 ,13,4,１, ,ダ1800,良,,(栗),大久保龍,1532,-1.0,2,2,1,37.3,476,,
,"2024. 8.18",中京,2名4,未勝利,障害未勝利,2,2,プリモスペランツァ,牡,5,田村太雅, 60 ,12,1,１, ,芝3000,良,,(栗),中竹和也,3158,-0.4,2,3,2,13.1,504,+4,
,"2024. 8.17",中京,2名3,1勝,１勝ｸﾗｽ,8,16,セレッソデアモール,牝,4,川須栄彦, 56 ,18,7,１, ,芝1200,良,,(栗),庄野靖志,1080,-0.1,,10,10,34.0,468,-2,
,"2024. 8.17",中京,2名3,3勝,豊明Ｓ･3勝,7,11,クランフォード,牝,3,西村淳也, 53 ,14,1,１, ,芝1400,良,,(栗),杉山晴紀,1190,-0.1,,2,2,34.5,456,+2,
,"2024. 8.17",中京,2名3,2勝,四日市特･2勝,5,10,エメラルドビーチ,牡,4,Ｍ．デム, 58 ,16,8,１, ,ダ1400,良,,(栗),大久保龍,1241,-0.2,,11,8,37.2,528,0,
,"2024. 8.17",中京,2名3,1勝,御在所特･1勝,1,1,フレミングフープ,牝,3,川田将雅, 53 ,9,1,１, ,芝2000,良,,(栗),友道康夫,1589,-0.3,8,8,8,33.5,480,0,
,"2024. 8.17",中京,2名3,1勝,１勝ｸﾗｽ,8,10,ショーヘーフェイス,牡,4,団野大成, 58 ,11,2,１, ,ダ1800,良,,(栗),荒川義之,1533,-0.5,6,4,3,38.8,536,-6,
,"2024. 8.17",中京,2名3,未勝利,未勝利,4,8,オタルグリーン,牝,3,松本大輝,54☆,16,7,１, ,芝1600,良,,(栗),中竹和也,1331,-0.0,6,5,5,34.1,440,0,
,"2024. 8.17",中京,2名3,新馬,新馬,3,6,クァンタムウェーブ,牡,2,坂井瑠星, 55 ,16,1,１, ,ダ1800,良,,(栗),松永幹夫,1546,-0.6,6,2,2,37.4,504,,
,"2024. 8.17",中京,2名3,新馬,新馬,2,4,ラヴェンデル,牝,2,川田将雅, 55 ,18,3,１, ,芝1400,良,,(栗),吉村圭司,1220,-0.1,,4,3,34.7,408,,
,"2024. 8.17",中京,2名3,未勝利,未勝利・牝,8,16,マックスセレナーデ,牝,3,幸英明, 55 ,16,1,１, ,ダ1200,良,,(栗),橋口慎介,1132,-0.0,,6,4,37.2,508,-2,
,"2024. 8.17",中京,2名3,未勝利,未勝利,8,11,カレンワッツアップ,牡,3,角田大和,56☆,11,5,１, ,ダ1900,良,,(栗),小林真也,2010,-0.0,3,3,2,39.1,462,-10,B
,"2024. 8.17",中京,2名3,未勝利,未勝利・牝,6,11,ゼットレジーナ,牝,3,川田将雅, 55 ,16,1,１, ,ダ1800,良,,(栗),吉田直弘,1549,-0.3,12,10,7,38.5,434,+2,
,"2024. 8.17",中京,2名3,未勝利,未勝利*,8,9,ブルーサンセット,牝,2,西村淳也, 55 ,10,2,１, ,芝1200,良,,(栗),奥村豊,1090,-0.6,,1,1,34.8,438,-8,
,"2024. 8.11",中京,2名2,2勝,知多特別･2勝,2,2,ヤマニンアンフィル,牝,5,団野大成, 56 ,10,2,１, ,芝1200,良,,(栗),斉藤崇史,1073,-0.1,,7,6,33.4,482,+4,
,"2024. 8.11",中京,2名2,Ｇ３,小倉記念ＨG3,1,1,リフレーミング,牡,6,川田将雅, 57 ,12,1,１, ,芝2000,良,,(栗),鮫島一歩,1565,-0.1,8,8,8,34.1,466,-4,
,"2024. 8.11",中京,2名2,3勝,三河Ｓ･3勝,6,6,オシゲ,牝,4,酒井学, 56 ,10,4,１, ,ダ1800,良,*,(栗),須貝尚介,1524,-0.4,6,8,9,36.9,488,0,
,"2024. 8.11",中京,2名2,1勝,鞍ケ池特･1勝,8,10,ベラジオボンド,牡,3,川田将雅, 55 ,10,1,１, ,芝1600,良,,(栗),上村洋行,1324,-0.1,9,10,10,33.7,496,+22,
,"2024. 8.11",中京,2名2,1勝,１勝ｸﾗｽ,4,5,グーヴェルナイユ,牡,3,西村淳也, 55 ,13,2,１, ,ダ1800,良,,(栗),武幸四郎,1531,-0.1,2,2,2,38.1,460,+2,
,"2024. 8.11",中京,2名2,1勝,１勝ｸﾗｽ,7,7,ブロッケンボウ,牡,3,柴田裕一,52▲,9,3,１, ,芝2000,良,,(栗),佐々木晶,1588,-0.2,6,5,7,34.9,464,-2,
,"2024. 8.11",中京,2名2,未勝利,未勝利,6,11,エイシンコクスン,牝,3,幸英明, 55 ,16,1,１, ,ダ1400,良,,(栗),大久保龍,1248,-0.6,,2,2,38.3,466,+8,
,"2024. 8.11",中京,2名2,新馬,新馬,1,1,カムニャック,牝,2,川田将雅, 55 ,9,1,１, ,芝2000,良,,(栗),友道康夫,2042,-0.6,7,6,4,33.6,476,,
,"2024. 8.11",中京,2名2,未勝利,未勝利,3,5,ミグラテール,牡,3,吉村誠之,54▲,16,9,１, ,ダ1900,良,,(栗),小栗実,2007,-0.0,9,8,7,38.8,502,0,B
,"2024. 8.11",中京,2名2,未勝利,未勝利,3,5,レディーヴァリュー,牝,3,永島まな,53◇,18,2,１, ,芝2000,良,,(栗),小林真也,1586,-0.4,1,1,1,35.7,442,+4,
,"2024. 8.11",中京,2名2,未勝利,未勝利,7,14,ララバッカナール,牝,3,中井裕二, 55 ,16,1,１, ,ダ1200,良,,(栗),斉藤崇史,1122,-0.4,,4,2,37.1,458,+8,
,"2024. 8.11",中京,2名2,未勝利,未勝利*,4,4,メイショウツヨキ,牡,2,坂井瑠星, 55 ,8,3,１, ,芝1600,良,,(栗),飯田祐史,1341,-0.3,2,2,2,35.7,458,-4,
,"2024. 8.10",中京,2名1,1勝,１勝ｸﾗｽ,6,11,トーホウキザン,牡,4,小沢大仁,57☆,16,4,１, ,ダ1400,良,,(栗),高橋康之,1250,-0.0,,8,8,38.0,476,-14,
,"2024. 8.10",中京,2名1,3勝,関ケ原Ｈ･3勝,6,6,ドクタードリトル,牡,4,松山弘平, 57 ,9,1,１, ,芝2000,良,,(栗),今野貞一,1587,-0.5,7,5,7,34.9,460,+4,
,"2024. 8.10",中京,2名1,2勝,日進特別･2勝,4,8,サンマルパトロール,牡,4,Ｍ．デム, 58 ,16,2,１, ,ダ1800,良,*,(栗),大橋勇樹,1532,-0.1,14,8,7,37.3,480,-2,
,"2024. 8.10",中京,2名1,2勝,木曽川特･2勝,1,1,ミタマ,牝,4,松山弘平, 56 ,11,3,１, ,芝2000,良,,(栗),上村洋行,1586,-0.1,3,4,3,34.6,480,0,
,"2024. 8.10",中京,2名1,1勝,１勝ｸﾗｽ,5,9,デルマアートマン,セ,3,小崎綾也, 55 ,15,4,１, ,ダ1800,良,,(栗),友道康夫,1525,-0.5,2,2,2,38.2,472,-4,
,"2024. 8.10",中京,2名1,未勝利,未勝利,6,12,アイルドリアン,牝,3,吉村誠之,52▲,18,5,１, ,芝1200,良,,(栗),音無秀孝,1082,-0.2,,1,1,34.2,500,-8,
,"2024. 8.10",中京,2名1,未勝利,未勝利,7,14,エノラブエナ,牡,3,松山弘平, 57 ,16,4,１, ,ダ1800,良,,(栗),上村洋行,1540,-0.2,5,4,4,38.2,532,,
,"2024. 8.10",中京,2名1,新馬,新馬,7,12,エイシンワンド,牡,2,幸英明, 55 ,14,1,１, ,芝1200,良,,(栗),大久保龍,1092,-0.2,,2,2,33.5,466,,
,"2024. 8.10",中京,2名1,ｵｰﾌﾟﾝ,障害・オープ,3,3,テイエムタツマキ,牡,6,田村太雅, 60 ,6,2,１, ,芝3300,良,,(栗),武英智,3363,-0.0,3,3,2,13.1,506,-4,B
,"2024. 8.10",中京,2名1,未勝利,未勝利・牝,7,14,ルージュルリアン,牝,3,松山弘平, 55 ,16,3,１, ,ダ1800,良,,(栗),藤原英昭,1551,-0.0,1,1,1,39.7,484,-4,
,"2024. 8.10",中京,2名1,未勝利,未勝利*,5,10,アーデルリーベ,牝,2,幸英明, 55 ,16,3,１, ,ダ1200,良,,(栗),斉藤崇史,1122,-0.8,,1,1,37.9,458,+4,
,"2024. 8.10",中京,2名1,未勝利,障害未勝利,1,1,ゼンカイテン,牡,5,伴啓太, 60 ,10,3,１, ,芝3000,良,,(美),矢野英一,3186,-0.1,1,1,1,13.2,476,+6,
,"2024. 3.24",中京,1名6,2勝,鈴鹿特別･2勝,3,6,ロードフォンス,牡,4,川田将雅, 58 ,16,1,１, ,ダ1400,重,,(栗),安田翔伍,1230,-0.2,,4,4,35.7,480,+8,B
,"2024. 3.24",中京,1名6,Ｇ１,高松宮記G1,1,2,マッドクール,牡,5,坂井瑠星, 58 ,18,6,１, ,芝1200,重,,(栗),池添学,1089,-0.0,,3,3,33.7,540,+18,
,"2024. 3.24",中京,1名6,2勝,ロードカ･2勝,2,4,サンテックス,牡,4,川田将雅, 58 ,16,3,１, ,ダ1800,重,,(栗),浜田多実,1504,-0.0,4,4,3,36.3,536,+26,
,"2024. 3.24",中京,1名6,1勝,大寒桜賞･1勝,8,10,シュガークン,牡,3,武豊, 57 ,10,1,１, ,芝2200,重,,(栗),清水久詞,2174,-0.3,1,1,1,35.6,498,-6,
,"2024. 3.24",中京,1名6,1勝,１勝ｸﾗｽ,5,9,アシャカタカ,牡,4,武豊, 58 ,16,2,１, ,芝1200,重,,(美),鈴木伸尋,1103,-0.3,,1,1,35.2,472,0,
,"2024. 3.24",中京,1名6,1勝,１勝ｸﾗｽ,2,2,コパノサントス,牡,4,川田将雅, 57 ,9,1,１, ,芝2200,重,,(栗),梅田智之,2150,-0.3,7,5,3,37.0,474,+18,
,"2024. 3.24",中京,1名6,1勝,１勝ｸﾗｽ,6,6,レッドラグラス,牡,4,川田将雅, 58 ,11,1,１, ,ダ1800,重,,(栗),中内田充,1515,-0.3,3,4,3,36.5,480,-2,
,"2024. 3.24",中京,1名6,1勝,１勝ｸﾗｽ,5,6,アルゲンテウス,セ,5,Ｍ．デム, 58 ,13,3,１, ,芝1600,重,,(美),小島茂之,1362,-0.2,4,5,5,35.9,470,+6,
,"2024. 3.24",中京,1名6,未勝利,未勝利,5,9,アスクカムオンモア,牡,3,川田将雅, 57 ,16,1,１, ,芝2000,重,,(栗),藤原英昭,2035,-0.4,4,3,3,35.3,492,-2,
,"2024. 3.24",中京,1名6,未勝利,未勝利,6,9,シャンパンポップ,牡,3,ムルザバ, 57 ,14,4,１, ,ダ1800,重,,(栗),武幸四郎,1528,-0.8,7,6,6,35.2,546,,
,"2024. 3.24",中京,1名6,未勝利,未勝利・牝,1,1,モアナフリューゲル,牝,3,西村淳也, 55 ,18,5,１, ,芝2000,重,,(美),和田勇介,2027,-0.3,11,9,9,35.2,458,-8,
,"2024. 3.24",中京,1名6,未勝利,未勝利,1,1,テーオードラッカー,牡,3,川田将雅, 57 ,16,1,１, ,ダ1200,重,,(栗),高柳大輔,1107,-0.4,,1,1,35.6,516,-2,
,"2024. 3.23",中京,1名5,1勝,１勝ｸﾗｽ,6,11,リッキーヤスオカ,牡,5,斎藤新, 58 ,16,11,１, ,ダ1200,重,,(栗),高橋一哉,1099,-0.0,,8,7,35.0,506,0,
,"2024. 3.23",中京,1名5,3勝,伊勢ＳＨ･3勝,5,10,ロコポルティ,牡,6,丸山元気, 56 ,16,8,１, ,ダ1900,重,,(栗),西園正都,1556,-0.5,7,7,6,35.9,520,-4,
,"2024. 3.23",中京,1名5,2勝,熊野特別･2勝,8,10,ホールネス,牝,4,西塚洸二, 55 ,10,2,１, ,芝2200,重,,(栗),藤原英昭,2158,-0.3,5,4,4,35.1,524,+6,
,"2024. 3.23",中京,1名5,1勝,金山特別･1勝,2,2,ワンダイレクト,牡,4,藤岡佑介, 58 ,8,1,１, ,芝2000,重,,(栗),藤岡健一,2024,-0.1,2,2,2,35.8,454,0,
,"2024. 3.23",中京,1名5,1勝,１勝ｸﾗｽ,6,11,エイシンレジューム,牡,4,藤岡佑介, 58 ,16,1,１, ,ダ1400,重,,(栗),中尾秀正,1229,-0.0,,3,2,35.7,516,0,B
,"2024. 3.23",中京,1名5,1勝,１勝ｸﾗｽ・牝,7,12,ビターグラッセ,牝,4,永島まな,53▲,14,6,１, ,芝1600,重,,(美),栗田徹,1366,-0.0,11,11,11,34.8,502,-4,
,"2024. 3.23",中京,1名5,未勝利,未勝利・若,2,4,コムルヴァン,牝,3,高杉吏麒,52▲,16,7,１, ,ダ1900,重,,(栗),藤岡健一,1594,-0.6,4,3,5,37.8,458,-2,
,"2024. 3.23",中京,1名5,未勝利,未勝利,5,8,ブロッケンボウ,牡,3,藤岡佑介, 57 ,14,2,１, ,芝2200,重,,(栗),佐々木晶,2172,-0.3,2,2,2,36.5,464,-12,
,"2024. 3.23",中京,1名5,未勝利,未勝利,2,4,グランエシェゾー,牝,3,斎藤新, 55 ,16,6,１, ,芝1600,重,*,(栗),新谷功一,1364,-0.0,1,1,1,36.8,480,-2,
,"2024. 3.23",中京,1名5,未勝利,未勝利,3,5,ヨゾラノムコウニ,牡,3,吉田豊, 57 ,16,6,１, ,ダ1400,重,,(美),小笠倫弘,1250,-0.1,,12,12,36.2,492,-4,
,"2024. 3.23",中京,1名5,未勝利,未勝利,4,7,ストレイトアスク,牝,3,西塚洸二,53△,18,5,１, ,芝1400,重,,(栗),藤原英昭,1236,-0.0,,5,4,34.9,424,0,
,"2024. 3.23",中京,1名5,未勝利,未勝利・牝,1,2,ブラックドレス,牝,3,永島まな,52▲,16,1,１, ,ダ1800,稍,,(栗),谷潔,1549,-0.1,3,3,3,39.0,426,+4,
,"2024. 3.17",中京,1名4,1勝,１勝ｸﾗｽ,5,10,パスカリ,牝,4,吉田隼人, 56 ,16,2,１, ,ダ1200,良,,(栗),杉山晴紀,1118,-0.0,,4,2,36.9,470,0,
,"2024. 3.17",中京,1名4,ｵｰﾌﾟﾝ,名古屋城,4,5,テーオードレフォン,牡,5,丸山元気, 58 ,13,4,１, ,ダ1800,良,,(栗),梅田智之,1520,-0.4,1,1,1,36.0,502,+4,
,"2024. 3.17",中京,1名4,2勝,熱田特別･2勝,4,4,ルミノメテオール,牝,4,松山弘平, 56 ,12,1,１, ,芝1400,良,,(美),金成貴史,1214,-0.0,,2,3,34.8,456,+14,
,"2024. 3.17",中京,1名4,1勝,フローラ･1勝,8,10,エポックヴィーナス,牝,3,松山弘平, 55 ,10,1,１, ,芝1600,良,,(栗),新谷功一,1347,-0.0,2,2,2,34.1,440,+4,
,"2024. 3.17",中京,1名4,1勝,１勝ｸﾗｽ,3,3,メジャークオリティ,牡,5,松山弘平, 58 ,10,1,１, ,ダ1800,良,,(栗),西園正都,1534,-0.5,1,3,3,37.6,490,-2,
,"2024. 3.17",中京,1名4,1勝,１勝ｸﾗｽ,4,7,ユハンヌス,牡,4,藤岡康太, 58 ,16,3,１, ,芝1400,良,,(栗),大久保龍,1216,-0.0,,7,7,34.1,472,-4,
,"2024. 3.17",中京,1名4,1勝,１勝ｸﾗｽ,6,7,ワイドアウェイク,牝,6,藤岡康太, 56 ,11,6,１, ,ダ1900,良,,(栗),西園翔太,2006,-0.0,4,2,2,38.1,506,-6,
,"2024. 3.17",中京,1名4,未勝利,未勝利・若,1,2,クリノアドバンス,牡,3,永島まな,54▲,16,1,１, ,芝2000,良,,(栗),大橋勇樹,2022,-0.0,1,1,1,35.0,436,-4,
,"2024. 3.17",中京,1名4,未勝利,未勝利,7,14,ピックアチェリー,牝,3,吉田隼人, 55 ,16,1,１, ,芝1600,良,,(美),和田正一,1357,-0.1,6,5,4,34.1,426,-12,
,"2024. 3.17",中京,1名4,未勝利,未勝利・牝,5,10,メルトユアハート,牝,3,鮫島克駿, 55 ,18,1,１, ,芝2000,良,,(栗),長谷川浩,2036,-0.1,3,3,3,34.4,488,-4,
,"2024. 3.17",中京,1名4,未勝利,未勝利,7,14,サトノアインス,牡,3,吉田隼人, 57 ,16,1,１, ,ダ1400,良,,(美),萩原清,1253,-0.1,,3,2,37.0,430,+6,
,"2024. 3.17",中京,1名4,未勝利,未勝利・牝,6,11,サトノアイオライト,牝,3,角田大河,54☆,15,9,１, ,ダ1800,良,,(栗),吉村圭司,1539,-0.5,2,2,2,37.9,464,+4,
,"2024. 3.16",中京,1名3,1勝,１勝ｸﾗｽ・牝,7,14,エリーズダイヤ,牝,4,川田将雅, 56 ,16,1,１, ,ダ1400,良,,(美),戸田博文,1253,-0.0,,4,5,38.6,478,-4,
,"2024. 3.16",中京,1名3,Ｇ３,ファルコG3,8,15,ダノンマッキンリー,牡,3,北村友一, 57 ,17,7,１, ,芝1400,良,,(栗),藤原英昭,1202,-0.1,,14,14,33.6,468,0,
,"2024. 3.16",中京,1名3,3勝,豊橋Ｓ･3勝,8,16,ラリュエル,牝,5,北村友一, 56 ,16,12,１, ,芝1600,良,,(栗),矢作芳人,1331,-0.2,1,1,1,34.4,422,-8,
,"2024. 3.16",中京,1名3,2勝,弥富特Ｈ･2勝,4,8,メイショウコガシラ,牡,4,荻野極, 55 ,16,2,１, ,ダ1900,良,,(栗),本田優,1592,-0.2,1,1,1,36.9,500,+4,
,"2024. 3.16",中京,1名3,1勝,１勝ｸﾗｽ,5,7,アクートゥス,牡,4,西塚洸二,56△,13,3,１, ,芝1600,良,,(栗),藤原英昭,1351,-0.1,7,4,6,33.6,466,0,
,"2024. 3.16",中京,1名3,1勝,１勝ｸﾗｽ,6,6,ヴィンセドリス,牡,4,川田将雅, 58 ,6,1,１, ,芝2000,良,,(栗),友道康夫,2022,-0.3,2,2,2,33.7,488,+8,
,"2024. 3.16",中京,1名3,1勝,１勝ｸﾗｽ・牝,1,1,ジェモロジー,牝,4,松山弘平, 56 ,8,1,１, ,芝2000,良,,(栗),橋口慎介,1598,-0.1,2,3,2,35.1,492,0,
,"2024. 3.16",中京,1名3,未勝利,未勝利,4,7,カゼノランナー,牡,3,西村淳也, 57 ,15,2,１, ,ダ1900,良,,(栗),松永幹夫,1588,-1.0,1,1,1,36.6,516,+6,
,"2024. 3.16",中京,1名3,未勝利,未勝利,4,4,コルレオニス,牡,3,藤岡康太, 57 ,12,1,１, ,芝2000,良,,(栗),友道康夫,1596,-0.3,1,1,1,35.5,446,0,
,"2024. 3.16",中京,1名3,未勝利,未勝利,4,8,アウェイキング,牡,3,川田将雅, 57 ,18,1,１, ,芝1200,良,,(栗),矢作芳人,1089,-0.5,,5,3,34.6,500,+8,
,"2024. 3.16",中京,1名3,未勝利,未勝利,5,6,タイセイミッション,牡,3,藤岡康太, 57 ,13,2,１, ,ダ1800,良,,(美),伊藤圭三,1550,-0.6,3,2,1,39.4,518,+2,B
,"2024. 3.16",中京,1名3,未勝利,未勝利・牝,4,7,クインズシャウラ,牝,3,西塚洸二,53△,16,7,１, ,ダ1200,良,,(栗),野中賢二,1137,-0.0,,10,9,37.0,416,,
,"2024. 3.10",中京,1名2,1勝,１勝ｸﾗｽ,3,5,アルシオーネ,牡,6,川田将雅, 58 ,16,1,１, ,ダ1400,良,,(栗),須貝尚介,1240,-1.2,,2,2,36.9,514,-2,
,"2024. 3.10",中京,1名2,Ｇ２,金鯱賞G2,4,4,プログノーシス,牡,6,川田将雅, 58 ,13,2,１, ,芝2000,良,,(栗),中内田充,1576,-0.8,10,8,5,34.3,480,+9,
,"2024. 3.10",中京,1名2,ｵｰﾌﾟﾝ,昇竜Ｓ,6,6,チカッパ,牡,3,三浦皇成, 57 ,9,4,１, ,ダ1400,良,,(栗),中竹和也,1254,-0.0,,2,2,37.0,482,0,
,"2024. 3.10",中京,1名2,2勝,岡崎特Ｈ･2勝,3,3,リュミエールノワル,牡,5,吉田隼人, 55 ,11,1,１, ,芝1400,良,,(美),上原佑紀,1206,-0.2,,3,3,35.1,476,+8,
,"2024. 3.10",中京,1名2,1勝,１勝ｸﾗｽ,4,4,エゾダイモン,牡,4,ルメール, 58 ,8,1,１, ,芝2000,良,,(栗),武幸四郎,2034,-0.0,6,6,4,34.2,472,+4,
,"2024. 3.10",中京,1名2,1勝,１勝ｸﾗｽ,8,9,アイルシャイン,牡,4,横山典弘, 58 ,10,5,１, ,芝1600,良,,(栗),新谷功一,1339,-0.1,6,6,6,34.3,486,+2,
,"2024. 3.10",中京,1名2,1勝,１勝ｸﾗｽ・牝,5,5,シンボリックレルム,牝,5,三浦皇成, 56 ,10,6,１, ,ダ1800,良,,(美),水野貴広,1558,-0.0,6,4,4,38.8,488,-6,
,"2024. 3.10",中京,1名2,未勝利,未勝利,2,2,オールセインツ,牡,3,藤岡康太, 57 ,11,3,１, ,芝2200,良,,(栗),友道康夫,2171,-0.1,4,6,5,34.2,500,,
,"2024. 3.10",中京,1名2,未勝利,未勝利,8,10,パッカパッカブー,牡,3,戸崎圭太, 57 ,11,4,１, ,ダ1900,良,,(栗),須貝尚介,2040,-0.0,2,3,3,39.6,480,+2,B
,"2024. 3.10",中京,1名2,未勝利,未勝利,4,7,コーティアスマナー,牝,3,川田将雅, 55 ,18,1,１, ,芝1400,良,,(栗),高橋義忠,1225,-0.0,,7,6,35.4,442,-2,
,"2024. 3.10",中京,1名2,未勝利,未勝利,6,12,ミッキードラマー,牡,3,菊沢一樹, 57 ,16,2,１, ,ダ1200,良,,(美),菊沢隆徳,1137,-0.2,,5,5,37.6,522,-6,B
,"2024. 3.10",中京,1名2,未勝利,未勝利・牝,4,4,エスシーヤマト,牝,3,三浦皇成, 55 ,13,6,１, ,ダ1800,良,,(美),加藤士津,1567,-0.7,10,7,3,40.1,436,0,B
,"2024. 3. 9",中京,1名1,1勝,１勝ｸﾗｽ・牝,7,14,スクルトゥーラ,牝,5,荻野極, 56 ,18,8,１, ,芝1400,良,,(美),鹿戸雄一,1216,-0.0,,6,6,35.8,444,+8,
,"2024. 3. 9",中京,1名1,3勝,中京スポ･3勝,5,5,アルムブラーヴ,牡,5,丸山元気, 58 ,12,7,１, ,ダ1400,良,,(栗),川村禎彦,1251,-0.1,,4,5,36.6,498,+6,
,"2024. 3. 9",中京,1名1,2勝,恋路ケ浜･2勝,8,9,エイカイマッケンロ,牡,5,北村友一, 58 ,10,1,１, ,芝2000,良,,(栗),藤原英昭,2000,-0.1,8,6,6,34.7,500,+4,
,"2024. 3. 9",中京,1名1,2勝,伊良湖特･2勝,5,10,ロングファイナリー,セ,8,太宰啓介, 58 ,16,7,１, ,ダ1200,良,,(栗),高橋亮,1130,-0.0,,10,8,37.4,486,-2,
,"2024. 3. 9",中京,1名1,1勝,１勝ｸﾗｽ,7,7,ダイメイセブン,牡,4,河原田菜,54★,8,3,１, ,ダ1800,良,,(栗),本田優,1552,-0.3,1,1,1,37.6,508,-6,
,"2024. 3. 9",中京,1名1,1勝,１勝ｸﾗｽ,6,6,バンフィエルド,牡,5,長岡禎仁, 58 ,9,5,１, ,芝2200,良,,(栗),緒方努,2130,-0.4,4,4,3,36.5,430,0,
,"2024. 3. 9",中京,1名1,1勝,１勝ｸﾗｽ*,3,3,スナークラファエロ,牡,3,小沢大仁,56☆,14,6,１, ,ダ1800,稍,,(栗),野中賢二,1540,-0.4,2,2,1,39.3,474,+2,B
,"2024. 3. 9",中京,1名1,未勝利,未勝利,2,3,ケイケイ,セ,3,吉田隼人, 57 ,15,2,１, ,芝1600,良,,(美),杉浦宏昭,1353,-0.0,4,2,3,35.1,460,-4,B
,"2024. 3. 9",中京,1名1,未勝利,未勝利・若,6,7,クリノフィガロ,牡,3,団野大成, 57 ,11,1,１, ,ダ1800,稍,,(栗),荒川義之,1568,-0.3,3,3,3,38.3,496,-8,
,"2024. 3. 9",中京,1名1,未勝利,未勝利,1,1,スノーディーヴァ,牝,3,西塚洸二,53△,12,7,１, ,芝2000,良,,(美),深山雅史,2033,-0.0,1,1,1,35.4,452,0,
,"2024. 3. 9",中京,1名1,未勝利,未勝利・牝,7,13,メリージェーン,牝,3,木幡育也, 55 ,18,2,１, ,芝1400,良,,(美),鹿戸雄一,1231,-0.0,,2,2,35.1,476,-2,
,"2024. 3. 9",中京,1名1,未勝利,未勝利,3,6,スート,牡,3,富田暁, 57 ,16,2,１, ,ダ1400,稍,,(美),林徹,1267,-0.5,,4,5,37.4,460,0,
,2023.12.17,中京,4名6,2勝,尾張特別･2勝,5,5,マイネルエンペラー,牡,3,松岡正海, 56 ,9,3,１, ,芝2200,良,,(栗),清水久詞,2151,-0.0,4,4,4,34.1,472,0,
,2023.12.17,中京,4名6,ｵｰﾌﾟﾝ,コールド,2,4,フルム,牡,4,水口優也, 58 ,16,5,１, ,ダ1400,良,,(栗),浜田多実,1241,-0.1,,9,9,37.5,488,+8,
,2023.12.17,中京,4名6,2勝,桑名特Ｈ･2勝,2,4,タウゼントシェーン,牝,5,藤岡康太, 53 ,16,4,１, ,芝1200,良,*,(栗),小林真也,1089,-0.2,,3,3,34.3,444,0,
,2023.12.17,中京,4名6,1勝,寒椿賞･1勝*,8,10,ラムジェット,牡,2,三浦皇成, 56 ,11,2,１, ,ダ1400,稍,,(栗),佐々木晶,1260,-0.2,,8,6,36.5,496,-4,
,2023.12.17,中京,4名6,1勝,１勝ｸﾗｽ,4,8,タシット,牡,4,佐々木大,57☆,16,3,１, ,芝1600,良,,(美),中川公成,1344,-0.4,6,4,5,34.3,466,-10,
,2023.12.17,中京,4名6,1勝,１勝ｸﾗｽ,1,1,ヴォーグマチネ,牡,5,佐々木大,57☆,12,5,１, ,ダ1800,稍,,(美),堀内岳志,1544,-0.1,5,5,5,38.8,502,+6,B
,2023.12.17,中京,4名6,1勝,１勝ｸﾗｽ・牝,7,13,ステラバルセロナ,牝,3,西村淳也, 55 ,16,1,１, ,芝1600,良,,(美),菊川正達,1345,-0.1,10,9,7,35.1,414,-6,
,2023.12.17,中京,4名6,新馬,新馬,6,7,ミッドナイトホーク,牡,2,富田暁, 56 ,11,2,１, ,芝2000,良,,(栗),四位洋文,2043,-0.1,7,5,5,36.1,472,,
,2023.12.17,中京,4名6,未勝利,未勝利・牝*,6,12,ショウナンラウール,牝,2,西村淳也, 55 ,16,2,１, ,芝1400,良,,(栗),高橋義忠,1226,-0.0,,8,7,35.2,416,-2,
,2023.12.17,中京,4名6,1勝,１勝ｸﾗｽ・若,7,13,ジュンウィンダム,牝,3,西村淳也, 55 ,16,3,１, ,ダ1400,稍,,(栗),浜田多実,1249,-0.2,,3,3,38.0,492,-2,
,2023.12.17,中京,4名6,1勝,１勝ｸﾗｽ,7,12,カフェカルマ,牡,4,ドイル, 58 ,15,5,１, ,ダ1900,稍,,(美),古賀慎明,2015,-0.1,7,8,8,39.1,542,+2,B
,2023.12.17,中京,4名6,未勝利,未勝利*,2,3,パフ,牡,2,西村淳也, 56 ,16,5,１, ,ダ1800,稍,,(栗),橋口慎介,1546,-0.7,2,2,2,38.4,466,0,
,2023.12.16,中京,4名5,1勝,１勝ｸﾗｽ,4,7,リュミエールノワル,牡,4,吉田隼人, 58 ,18,7,１, ,芝1400,稍,,(美),上原佑紀,1216,-0.1,,2,2,35.0,468,-2,
,2023.12.16,中京,4名5,3勝,尾頭橋Ｓ･3勝,8,13,スマートサニー,牡,3,藤岡康太, 57 ,14,1,１, ,ダ1800,重,,(栗),松永昌博,1503,-0.3,1,1,1,37.1,462,+2,
,2023.12.16,中京,4名5,ｵｰﾌﾟﾝ,中京２歳,5,5,クリスアーサー,牡,2,河原田菜, 56 ,9,4,１, ,芝1200,稍,,(栗),渡辺薫彦,1086,-0.1,,3,3,34.6,512,+2,
,2023.12.16,中京,4名5,1勝,高山特別･1勝,8,16,コスモフリーゲン,牡,3,柴田大知, 56 ,18,5,１, ,芝2200,稍,,(美),畠山吉宏,2141,-0.1,2,2,2,34.8,514,+4,
,2023.12.16,中京,4名5,1勝,１勝ｸﾗｽ,1,1,タイキエクセロン,牡,4,国分恭介, 58 ,16,6,１, ,ダ1200,重,,(栗),西園翔太,1106,-0.3,,3,2,35.3,502,0,
,2023.12.16,中京,4名5,1勝,１勝ｸﾗｽ,2,2,ジルバーン,牡,4,北村友一, 58 ,15,2,１, ,ダ1800,重,,(栗),緒方努,1521,-0.1,7,9,6,36.8,430,+2,
,2023.12.16,中京,4名5,未勝利,未勝利*,2,2,バーケンティン,牡,2,北村友一, 56 ,15,7,１, ,芝1600,稍,,(栗),平田修,1358,-0.2,3,3,3,35.2,472,-10,
,2023.12.16,中京,4名5,新馬,新馬,8,12,メッエフアパラ,牡,2,河原田菜,52★,13,11,１, ,ダ1800,重,,(美),辻哲英,1547,-0.9,1,1,1,36.6,466,,
,2023.12.16,中京,4名5,未勝利,未勝利*,4,7,ソウルアンドジャズ,牡,2,藤岡佑介, 56 ,15,4,１, ,芝2000,重,,(美),武井亮,2007,-0.2,2,2,2,35.7,498,+10,
,2023.12.16,中京,4名5,1勝,１勝ｸﾗｽ,4,8,ジョヴィアン,牡,3,ドイル, 57 ,16,1,１, ,ダ1400,重,,(栗),奥村豊,1242,-0.0,,2,2,37.6,498,+4,
,2023.12.16,中京,4名5,1勝,１勝ｸﾗｽ・牝,8,14,ルナビス,牝,3,北村友一, 55 ,15,1,１, ,ダ1800,重,,(栗),森田直行,1538,-0.1,2,2,2,36.1,480,0,
,2023.12.16,中京,4名5,未勝利,未勝利*,3,6,ラストボーン,セ,2,河原田菜,52★,16,1,１, ,ダ1200,重,,(栗),加用正,1123,-0.7,,1,1,36.8,452,0,
,2023.12.10,中京,4名4,1勝,１勝ｸﾗｽ,8,13,アサカラキング,牡,3,斎藤新, 57 ,13,3,１, ,芝1600,良,,(美),斎藤誠,1337,-0.0,1,1,1,34.8,520,+14,
,2023.12.10,中京,4名4,3勝,知立Ｓ･3勝,7,7,ドロップオブライト,牝,4,小沢大仁, 56 ,9,1,１, ,芝1200,良,,(栗),松永昌博,1076,-0.3,,3,3,32.9,438,-8,
,2023.12.10,中京,4名4,2勝,名古屋日･2勝,8,12,バールデュヴァン,牡,3,角田大河, 57 ,12,7,１, ,芝2000,良,,(栗),浜田多実,1590,-0.1,1,1,1,34.7,522,+18,
,2023.12.10,中京,4名4,2勝,大須特別･2勝,5,9,フレンチギフト,牝,4,丸山元気, 56 ,16,4,１, ,ダ1800,良,,(美),中川公成,1533,-0.3,14,14,13,36.4,478,-4,B
,2023.12.10,中京,4名4,1勝,１勝ｸﾗｽ,2,4,フミサウンド,牡,3,荻野極, 57 ,16,6,１, ,ダ1400,良,,(美),鹿戸雄一,1250,-0.3,,6,6,37.9,444,0,
,2023.12.10,中京,4名4,1勝,１勝ｸﾗｽ・若,4,4,ミヤジシャルマン,牡,3,富田暁, 57 ,10,8,１, ,ダ1800,良,,(栗),川村禎彦,1544,-0.0,4,4,4,38.2,506,+32,
,2023.12.10,中京,4名4,1勝,１勝ｸﾗｽ・牝,1,1,ラレーヌデリス,牝,3,ドイル, 55 ,15,3,１, ,芝2000,良,,(栗),安田翔伍,1588,-0.0,11,10,10,34.8,440,0,
,2023.12.10,中京,4名4,新馬,新馬,1,1,アンシール,牡,2,松若風馬, 56 ,16,4,１, ,ダ1400,良,,(栗),小崎憲,1272,-0.3,,2,2,39.0,482,,
,2023.12.10,中京,4名4,未勝利,未勝利*,6,11,アンクルクロス,牡,2,長岡禎仁, 56 ,16,12,１, ,芝1400,良,,(栗),高橋亮,1220,-0.3,,3,3,34.8,468,+20,
,2023.12.10,中京,4名4,1勝,１勝ｸﾗｽ,8,9,ディープリボーン,牡,3,富田暁, 57 ,10,1,１, ,ダ1900,良,,(栗),四位洋文,2009,-0.7,3,3,3,37.5,456,+2,
,2023.12.10,中京,4名4,1勝,１勝ｸﾗｽ・牝,3,3,クルールデュヴァン,牝,4,ドイル, 56 ,13,2,１, ,ダ1200,良,,(美),竹内正洋,1127,-0.1,,9,9,36.7,506,+10,
,2023.12.10,中京,4名4,未勝利,未勝利*,5,5,キャッシュブリッツ,牡,2,黛弘人, 56 ,11,4,１, ,ダ1800,良,,(美),伊藤伸一,1571,-0.0,2,2,2,41.2,496,0,
,"2023.12. 9",中京,4名3,1勝,１勝ｸﾗｽ,2,3,ラヴォルタ,牝,5,丸山元気, 56 ,15,6,１, ,芝1200,良,,(美),田村康仁,1080,-0.1,,4,4,34.0,500,0,
,"2023.12. 9",中京,4名3,Ｇ３,中日新聞ＨG3,4,7,ヤマニンサルバム,牡,4,三浦皇成, 57 ,17,2,１, ,芝2000,良,,(栗),中村直也,1588,-0.1,3,5,4,34.2,502,+2,
,"2023.12. 9",中京,4名3,2勝,豊川特別･2勝,4,8,ドラゴンゴクウ,牡,4,古川吉洋, 58 ,16,11,１, ,ダ1200,良,,(美),根本康広,1115,-0.1,,15,16,35.0,476,0,
,"2023.12. 9",中京,4名3,1勝,つわぶき･1勝,6,9,バウンシーステップ,牝,2,鮫島克駿, 55 ,14,2,１, ,芝1400,良,,(栗),高橋亮,1209,-0.4,,9,7,33.7,456,-4,
,"2023.12. 9",中京,4名3,1勝,１勝ｸﾗｽ,3,6,ロジシルバー,牝,3,団野大成, 55 ,18,1,１, ,芝2000,良,,(美),宮田敬介,2008,-0.0,5,3,3,34.1,484,-6,
,"2023.12. 9",中京,4名3,1勝,１勝ｸﾗｽ,5,5,メイショウコガシラ,牡,3,団野大成, 57 ,11,2,１, ,ダ1800,良,,(栗),本田優,1523,-1.3,2,2,2,38.2,492,-4,
,"2023.12. 9",中京,4名3,1勝,１勝ｸﾗｽ,1,2,ストリンジェンド,牡,3,ドイル, 57 ,16,2,１, ,ダ1200,良,,(栗),音無秀孝,1124,-0.7,,6,4,37.6,482,+8,
,"2023.12. 9",中京,4名3,未勝利,未勝利・牝*,2,4,ナムラエデン,牝,2,永島まな,52▲,16,2,１, ,芝1600,良,,(栗),小栗実,1345,-0.1,1,1,1,34.9,416,-2,
,"2023.12. 9",中京,4名3,未勝利,未勝利*,6,11,レイワサンサン,牡,2,ムルザバ, 56 ,16,2,１, ,芝2000,良,,(栗),高柳大輔,2025,-0.0,12,6,5,35.1,488,+2,
,"2023.12. 9",中京,4名3,1勝,１勝ｸﾗｽ・牝,3,3,メテオールライト,牝,3,ドイル, 55 ,11,3,１, ,ダ1800,良,,(美),萩原清,1549,-0.2,9,6,6,38.4,422,-2,
,"2023.12. 9",中京,4名3,1勝,１勝ｸﾗｽ,1,2,ライツフォル,牡,3,ムルザバ, 57 ,16,1,１, ,ダ1400,良,,(栗),高橋義忠,1253,-0.5,,9,9,37.2,490,0,
,"2023.12. 9",中京,4名3,未勝利,未勝利*,7,8,タイセイアディクト,牡,2,佐々木大,55☆,10,2,１, ,ダ1800,良,,(美),池上昌和,1559,-0.4,7,6,6,38.2,482,0,
,"2023.12. 3",中京,4名2,1勝,栄特別･1勝,6,6,プラニスフェリオ,牡,3,ルメール, 56 ,11,2,１, ,芝2200,良,,(栗),牧浦充徳,2146,-0.3,2,2,2,34.4,492,0,
,"2023.12. 3",中京,4名2,Ｇ１,チャンピG1,8,15,レモンポップ,牡,5,坂井瑠星, 58 ,15,1,１, ,ダ1800,良,,(美),田中博康,1506,-0.2,1,1,1,37.3,514,-3,
,"2023.12. 3",中京,4名2,2勝,鳴海特別･2勝,5,9,ロードアウォード,セ,3,川田将雅, 57 ,16,1,１, ,ダ1400,良,,(栗),吉岡辰弥,1241,-0.3,,4,6,37.1,460,-4,
,"2023.12. 3",中京,4名2,1勝,１勝ｸﾗｽ,8,15,ショウナンナダル,牝,4,永島まな,53▲,15,11,１, ,芝1400,良,,(栗),須貝尚介,1212,-0.0,,12,12,34.4,458,+4,
,"2023.12. 3",中京,4名2,1勝,こうやま･1勝,6,6,ジューンテイク,牡,2,岩田望来, 56 ,7,4,１, ,芝1600,良,,(栗),武英智,1340,-0.1,3,3,2,34.7,484,+6,
,"2023.12. 3",中京,4名2,1勝,１勝ｸﾗｽ,7,7,シャドウアイル,セ,4,岩田望来, 58 ,9,8,１, ,ダ1800,良,,(栗),斉藤崇史,1544,-0.1,4,6,5,39.3,480,-4,
,"2023.12. 3",中京,4名2,未勝利,未勝利*,2,2,コスモレオナルド,牡,2,横山武史, 56 ,12,3,１, ,芝2000,良,,(美),鹿戸雄一,2020,-0.0,3,6,6,35.1,450,+6,
,"2023.12. 3",中京,4名2,新馬,新馬,4,4,アルトゥーム,牡,2,ムルザバ, 56 ,10,1,１, ,芝1400,良,,(栗),藤岡健一,1231,-0.1,,6,6,33.4,434,,
,"2023.12. 3",中京,4名2,未勝利,未勝利*,2,4,ナイトスラッガー,牡,2,モレイラ, 56 ,16,1,１, ,芝1600,良,,(栗),小栗実,1354,-0.5,3,3,3,33.7,522,0,
,"2023.12. 3",中京,4名2,1勝,１勝ｸﾗｽ・牝,6,10,ローズバルサム,牝,3,坂井瑠星, 55 ,15,1,１, ,ダ1400,良,,(栗),吉村圭司,1247,-0.4,,9,8,36.4,440,+8,
,"2023.12. 3",中京,4名2,1勝,１勝ｸﾗｽ,2,3,マヴォロンテ,牝,3,坂井瑠星, 55 ,16,2,１, ,ダ1200,良,,(栗),松永幹夫,1120,-0.1,,1,1,36.9,472,+2,B
,"2023.12. 3",中京,4名2,未勝利,未勝利・牝*,3,3,モモンウールー,牝,2,ムルザバ, 55 ,14,5,１, ,ダ1800,良,,(栗),池添学,1569,-0.1,6,6,6,37.8,456,-10,
,"2023.12. 2",中京,4名1,1勝,１勝ｸﾗｽ,7,14,ホールネス,牝,3,西塚洸二,52▲,17,5,１, ,芝2000,良,,(栗),藤原英昭,2000,-0.2,8,9,9,34.6,518,+10,
,"2023.12. 2",中京,4名1,3勝,浜松Ｓ･3勝,5,6,バルサムノート,牡,3,北村友一, 57 ,12,1,１, ,芝1400,良,,(栗),高野友和,1200,-0.1,,2,2,35.0,500,+10,
,"2023.12. 2",中京,4名1,2勝,中京日Ｈ･2勝,3,3,エアミアーニ,セ,5,角田大和, 56 ,13,5,１, ,芝1600,良,,(栗),笹田和秀,1338,-0.1,7,7,5,34.5,448,-2,
,"2023.12. 2",中京,4名1,2勝,犬山特別･2勝,6,12,アースライザー,セ,6,吉田隼人, 58 ,16,10,１, ,ダ1900,良,,(美),鈴木慎太,2001,-0.1,4,4,4,37.3,486,-2,B
,"2023.12. 2",中京,4名1,1勝,１勝ｸﾗｽ,8,15,サイレンスゴールド,牡,3,鷲頭虎太,54▲,16,1,１, ,ダ1200,良,,(栗),杉山佳明,1120,-0.3,,1,1,37.8,512,+8,B
,"2023.12. 2",中京,4名1,1勝,１勝ｸﾗｽ,8,14,フミヤングフェイス,牡,3,松本大輝,56☆,14,4,１, ,ダ1900,良,,(栗),新谷功一,2009,-0.6,10,8,7,38.0,506,+2,
,"2023.12. 2",中京,4名1,1勝,１勝ｸﾗｽ,5,10,フェイト,牡,3,古川奈穂,53★,16,1,１, ,芝1600,良,,(栗),矢作芳人,1332,-0.4,3,2,2,35.7,494,+10,
,"2023.12. 2",中京,4名1,1勝,１勝ｸﾗｽ・若,2,2,スマラグドス,牡,3,田口貫太,55△,12,1,１, ,ダ1800,良,,(栗),西園正都,1546,-1.2,2,2,2,36.3,470,+4,
,"2023.12. 2",中京,4名1,未勝利,未勝利*,7,9,タイセイフェスタ,牡,2,鮫島克駿, 56 ,12,2,１, ,芝1200,良,,(美),高橋裕,1103,-0.2,,10,8,33.9,484,+2,
,"2023.12. 2",中京,4名1,1勝,１勝ｸﾗｽ,4,7,スマートアンバー,牝,3,田口貫太,53△,16,4,１, ,ダ1400,良,,(栗),西園翔太,1252,-0.6,,4,4,37.2,476,+8,
,"2023.12. 2",中京,4名1,1勝,１勝ｸﾗｽ・牝,3,3,ピエナパイロ,牝,3,永島まな,52▲,10,3,１, ,ダ1800,良,,(栗),渡辺薫彦,1547,-0.5,1,1,1,38.7,488,+10,B
,"2023.12. 2",中京,4名1,未勝利,未勝利*,1,1,テイエムリステット,牡,2,酒井学, 56 ,16,1,１, ,ダ1400,良,,(栗),木原一良,1259,-0.1,,4,2,37.0,464,-12,
,"2023. 7.23",中京,3名8,1勝,１勝ｸﾗｽ,5,10,ゴッドブルービー,牡,3,松山弘平, 55 ,16,2,１, ,ダ1400,良,,(栗),角田晃一,1243,-0.2,,2,2,37.7,458,-8,
,"2023. 7.23",中京,3名8,Ｇ３,中京記念ＨG3,3,6,セルバーグ,牡,4,松山弘平, 55 ,16,8,１, ,芝1600,良,,(栗),鈴木孝志,1330,-0.3,1,1,1,35.6,432,-4,
,"2023. 7.23",中京,3名8,3勝,桶狭間Ｓ･3勝,4,7,アルファマム,牝,4,菅原明良, 56 ,16,3,１, ,ダ1200,良,,(栗),佐々木晶,1105,-0.1,,14,14,34.7,464,-2,
,"2023. 7.23",中京,3名8,2勝,有松特別･2勝,5,5,ショウナンアレクサ,牡,3,岩田望来, 55 ,10,1,１, ,芝1600,良,*,(栗),清水久詞,1334,-0.8,4,7,7,35.0,492,-2,
,"2023. 7.23",中京,3名8,1勝,１勝ｸﾗｽ,7,14,ペイシャフラワー,牝,3,永島まな,50▲,18,2,１, ,芝1400,良,,(栗),高橋康之,1207,-0.2,,3,3,35.3,458,+8,
,"2023. 7.23",中京,3名8,未勝利,未勝利,7,13,メイショウオオミネ,牡,3,角田大河,55☆,18,4,１, ,芝2000,良,,(栗),石橋守,2018,-0.2,10,9,9,35.0,432,0,
,"2023. 7.23",中京,3名8,1勝,１勝ｸﾗｽ・牝,3,4,サーマルソアリング,牝,3,西村淳也, 53 ,14,4,１, ,ダ1800,良,,(栗),藤原英昭,1518,-2.2,1,1,1,37.7,476,0,
,"2023. 7.23",中京,3名8,新馬,新馬,4,4,マテンロウゴールド,牡,2,川田将雅, 55 ,11,1,１, ,芝2000,良,,(栗),中内田充,2053,-0.1,4,5,5,35.4,520,,
,"2023. 7.23",中京,3名8,未勝利,未勝利,8,16,マテンロウナイト,牡,3,太宰啓介, 56 ,18,4,１, ,芝1200,良,,(栗),坂口智康,1093,-0.0,,7,6,34.3,456,0,
,"2023. 7.23",中京,3名8,未勝利,未勝利,4,7,ディアマイサン,牡,3,和田竜二, 56 ,17,7,１, ,芝2200,良,,(栗),松下武士,2151,-0.0,8,9,10,35.8,514,0,
,"2023. 7.23",中京,3名8,未勝利,未勝利*,8,13,ハビレ,牡,2,菅原明良, 55 ,13,1,１, ,ダ1400,良,,(美),武井亮,1252,-0.1,,8,6,37.4,476,+8,
,"2023. 7.23",中京,3名8,未勝利,未勝利*,4,4,セキトバイースト,牝,2,岩田望来, 55 ,8,1,１, ,芝1600,良,,(栗),四位洋文,1358,-0.7,3,3,3,34.6,434,+2,
,"2023. 7.22",中京,3名7,1勝,１勝ｸﾗｽ,6,12,エアメテオラ,牡,3,松山弘平, 55 ,16,1,１, ,ダ1800,良,,(栗),池添学,1530,-0.9,3,3,3,37.3,506,+8,
,"2023. 7.22",中京,3名7,3勝,豊明Ｓ･3勝,8,16,サマートゥリスト,牝,5,坂井瑠星, 56 ,18,5,１, ,芝1400,良,,(栗),藤原英昭,1208,-0.0,,6,5,34.6,486,+12,
,"2023. 7.22",中京,3名7,2勝,清洲特別･2勝,1,2,アームズレイン,牡,3,松山弘平, 55 ,16,2,１, ,ダ1200,良,,(栗),上村洋行,1104,-0.6,,1,1,36.1,490,+8,
,"2023. 7.22",中京,3名7,1勝,香嵐渓特･1勝,6,7,スマートファントム,牡,3,角田大河, 55 ,12,3,１, ,芝2000,良,,(栗),石橋守,2023,-0.1,10,10,9,34.6,460,0,
,"2023. 7.22",中京,3名7,1勝,１勝ｸﾗｽ,3,4,アイザックバローズ,牡,3,川田将雅, 55 ,14,1,１, ,芝2200,良,,(栗),友道康夫,2144,-0.2,9,6,6,35.7,474,-2,
,"2023. 7.22",中京,3名7,未勝利,未勝利,6,11,バトルハーデン,牡,3,坂井瑠星, 56 ,16,1,１, ,芝1600,良,,(栗),矢作芳人,1348,-0.0,7,8,8,35.6,510,+4,
,"2023. 7.22",中京,3名7,未勝利,未勝利,1,1,エイシンレジューム,牡,3,団野大成, 56 ,16,1,１, ,ダ1400,良,,(栗),中尾秀正,1246,-0.7,,3,3,37.6,492,-10,
,"2023. 7.22",中京,3名7,新馬,新馬,3,3,ルクスノア,牝,2,永島まな,52▲,8,4,１, ,芝1600,良,,(栗),平田修,1370,-0.5,3,3,3,35.1,466,,
,"2023. 7.22",中京,3名7,ｵｰﾌﾟﾝ,障害・オープ,2,2,エコロデュエル,牡,4,草野太郎, 60 ,9,1,１, ,芝3330,良,,(美),岩戸孝樹,3423,-0.5,4,6,6,13.4,468,+4,
,"2023. 7.22",中京,3名7,未勝利,未勝利,4,8,ビナカントー,牝,3,河原田菜,50★,16,4,１, ,ダ1200,良,*,(栗),服部利之,1128,-0.0,,4,5,36.7,478,+4,
,"2023. 7.22",中京,3名7,未勝利,未勝利,8,15,リュクスドレフォン,牡,3,藤懸貴志, 56 ,16,5,１, ,ダ1800,良,,(栗),平田修,1535,-0.9,2,2,2,37.8,508,+8,
,"2023. 7.22",中京,3名7,未勝利,障害未勝利,1,1,ディアマンミノル,牡,6,中村将之, 60 ,10,1,１, ,芝3000,良,,(栗),本田優,3189,-0.0,5,4,3,13.3,468,0,
,"2023. 7.16",中京,3名6,1勝,１勝ｸﾗｽ,3,3,ウォータールグラン,牝,4,西塚洸二,53▲,14,6,１, ,芝1200,良,,(栗),河内洋,1083,-0.1,,1,1,35.2,496,0,B
,"2023. 7.16",中京,3名6,OP(L),名鉄杯(L),5,9,アーテルアストレア,牝,4,菱田裕二, 55 ,15,3,１, ,ダ1800,良,,(栗),橋口慎介,1517,-0.1,9,8,6,36.7,450,-6,
,"2023. 7.16",中京,3名6,2勝,中京スポ･2勝,3,4,サトノペルセウス,セ,5,松山弘平, 58 ,14,4,１, ,芝1400,良,,(栗),藤原英昭,1204,-0.0,,5,6,33.9,468,-4,
,"2023. 7.16",中京,3名6,2勝,長久手Ｈ･2勝,4,8,サンライズロナウド,牡,4,横山典弘, 55 ,18,6,１, ,芝2000,良,,(栗),安田隆行,1587,-0.0,1,1,1,37.7,468,-6,
,"2023. 7.16",中京,3名6,1勝,１勝ｸﾗｽ・牝,3,5,トウシンカーリン,牝,3,長岡禎仁, 53 ,16,7,１, ,ダ1400,良,,(栗),杉山晴紀,1247,-0.0,,2,2,37.8,454,0,
,"2023. 7.16",中京,3名6,1勝,１勝ｸﾗｽ,6,8,スタボーンイメル,牡,3,藤懸貴志, 55 ,13,9,１, ,ダ1900,良,,(栗),高橋義忠,2001,-0.1,11,9,7,37.9,488,+2,
,"2023. 7.16",中京,3名6,未勝利,未勝利・牝,4,6,ルソルティール,牝,3,岩田望来, 54 ,15,3,１, ,芝2000,良,,(栗),清水久詞,2009,-0.0,2,2,2,35.8,424,+2,
,"2023. 7.16",中京,3名6,新馬,新馬,5,6,エンヤラヴフェイス,牡,2,菱田裕二, 55 ,12,1,１, ,芝1600,良,,(栗),森田直行,1353,-0.8,2,2,2,34.3,472,,
,"2023. 7.16",中京,3名6,未勝利,未勝利,2,3,ガウロン,牡,3,幸英明, 56 ,16,2,１, ,ダ1800,良,,(栗),大根田裕,1546,-0.1,9,6,6,37.6,518,-4,
,"2023. 7.16",中京,3名6,未勝利,未勝利,6,12,シランケド,牝,3,国分恭介, 54 ,18,12,１, ,芝1400,良,,(栗),牧浦充徳,1205,-0.1,,16,16,34.2,500,+4,
,"2023. 7.16",中京,3名6,未勝利,未勝利・牝,3,6,エランティス,牝,3,松若風馬, 54 ,16,1,１, ,ダ1200,良,,(栗),杉山晴紀,1121,-0.4,,2,2,37.4,478,-4,
,"2023. 7.16",中京,3名6,未勝利,障害未勝利,4,4,サイード,セ,4,小牧加矢,59☆,10,1,１, ,芝3000,良,,(栗),角田晃一,3203,-0.3,2,1,1,13.4,500,+8,
,"2023. 7.15",中京,3名5,1勝,１勝ｸﾗｽ,8,16,メタマックス,牡,3,松若風馬, 55 ,16,3,１, ,ダ1200,良,,(栗),森秀行,1117,-0.0,,3,3,36.1,524,+6,
,"2023. 7.15",中京,3名5,3勝,関ケ原Ｓ･3勝,8,11,ファユエン,牝,5,岩田望来, 56 ,11,5,１, ,芝2000,良,,(美),勢司和浩,2014,-0.1,6,4,6,33.2,460,-8,
,"2023. 7.15",中京,3名5,2勝,大府特別･2勝,3,5,ゼットリアン,牡,3,松山弘平, 55 ,16,1,１, ,ダ1800,良,,(栗),吉田直弘,1529,-0.4,4,4,5,37.1,436,-2,
,"2023. 7.15",中京,3名5,1勝,鞍ケ池特･1勝,2,2,コンクシェル,牝,3,坂井瑠星, 53 ,9,2,１, ,芝1600,良,,(栗),清水久詞,1323,-0.9,1,1,1,34.0,462,0,B
,"2023. 7.15",中京,3名5,1勝,１勝ｸﾗｽ,5,5,ダンツエスプリ,牡,4,泉谷楓真,57☆,8,7,１, ,芝2000,良,,(栗),本田優,2005,-0.0,8,6,6,34.0,486,0,B
,"2023. 7.15",中京,3名5,1勝,１勝ｸﾗｽ,7,9,テーオーレガシー,牡,3,秋山稔樹,54☆,11,6,１, ,ダ1800,稍,,(栗),宮徹,1542,-0.2,1,1,1,38.8,512,0,
,"2023. 7.15",中京,3名5,新馬,新馬,4,4,キャンシーエンゼル,牝,2,岩田望来, 55 ,9,1,１, ,芝1200,良,,(栗),鈴木孝志,1087,-0.4,,2,2,34.1,442,,
,"2023. 7.15",中京,3名5,新馬,新馬・牝,8,8,ステラスプレンダー,牝,2,松山弘平, 55 ,8,2,１, ,芝1400,良,,(栗),石坂公一,1221,-0.6,,2,2,35.5,426,,
,"2023. 7.15",中京,3名5,未勝利,未勝利,8,13,スイープアワーズ,牡,3,川田将雅, 56 ,14,2,１, ,芝2000,良,,(栗),友道康夫,2009,-0.2,3,4,4,35.5,450,0,
,"2023. 7.15",中京,3名5,未勝利,未勝利,8,15,デアデルマーレ,牝,3,川田将雅, 54 ,16,1,１, ,ダ1400,稍,,(栗),坂口智康,1249,-0.2,,2,2,38.2,486,+4,
,"2023. 7.15",中京,3名5,未勝利,未勝利・牝,8,16,ピュアグルーヴ,牝,3,河原田菜,50★,16,5,１, ,ダ1800,稍,,(栗),藤岡健一,1553,-0.4,12,11,11,38.4,452,-6,
,"2023. 7.15",中京,3名5,未勝利,未勝利*,6,6,アスクワンタイム,牡,2,岩田望来, 55 ,8,1,１, ,芝1200,稍,,(栗),梅田智之,1093,-0.8,,3,3,35.0,438,0,
,"2023. 7. 9",中京,3名4,2勝,シンガポ･2勝,5,6,ヴェールアンレーヴ,牝,4,川田将雅, 56 ,12,3,１, ,芝1600,稍,,(美),宮田敬介,1346,-0.2,2,2,2,34.6,442,-2,
,"2023. 7. 9",中京,3名4,Ｇ３,プロキオG3,4,7,ドンフランキー,牡,4,池添謙一, 57 ,16,2,１, ,ダ1400,稍,,(栗),斉藤崇史,1230,-0.1,,1,1,37.5,594,-4,
,"2023. 7. 9",中京,3名4,2勝,フィリピ･2勝,8,12,フォレストキャット,牝,5,藤岡康太, 56 ,13,2,１, ,ダ1800,稍,,(栗),野中賢二,1531,-0.2,11,10,7,37.9,478,+2,
,"2023. 7. 9",中京,3名4,1勝,タイラン･1勝,3,6,スズハローム,牡,3,松山弘平, 55 ,18,1,１, ,芝1400,稍,,(栗),牧田和弥,1202,-0.8,,4,4,35.0,458,+2,
,"2023. 7. 9",中京,3名4,1勝,１勝ｸﾗｽ,5,10,ルーカスミノル,牡,3,荻野極, 55 ,16,5,１, ,ダ1800,稍,,(栗),本田優,1538,-0.4,4,4,4,38.6,516,-8,
,"2023. 7. 9",中京,3名4,未勝利,未勝利,3,3,ゴートゥファースト,牡,3,岩田望来, 56 ,14,1,１, ,芝2000,稍,,(栗),新谷功一,2014,-0.2,7,6,4,36.1,486,+4,
,"2023. 7. 9",中京,3名4,新馬,新馬・牝,7,7,ショウナンマヌエラ,牝,2,西村淳也, 55 ,10,4,１, ,芝1600,稍,,(栗),高野友和,1379,-0.1,1,1,1,35.1,460,,
,"2023. 7. 9",中京,3名4,新馬,新馬,5,5,ミカエルパシャ,牡,2,松山弘平, 55 ,8,2,１, ,芝2000,稍,,(栗),橋口慎介,2054,-0.4,1,1,1,34.6,454,,
,"2023. 7. 9",中京,3名4,未勝利,未勝利,7,14,カセノミオ,牝,3,田口貫太,51▲,16,1,１, ,ダ1400,稍,,(栗),中尾秀正,1256,-0.2,,2,2,37.9,514,-4,
,"2023. 7. 9",中京,3名4,未勝利,未勝利・牝,1,2,テクノデザイン,牝,3,岩田望来, 54 ,16,1,１, ,芝1600,稍,,(栗),千田輝彦,1353,-0.2,4,3,3,35.5,432,0,
,"2023. 7. 9",中京,3名4,未勝利,未勝利,3,5,ケイアイサンデラ,牡,3,藤懸貴志, 56 ,16,7,１, ,芝2200,稍,,(栗),小林真也,2142,-0.8,1,1,1,35.7,432,-4,B
,"2023. 7. 9",中京,3名4,未勝利,未勝利*,2,2,ブルーミンデザイン,牡,2,西村淳也, 55 ,5,1,１, ,芝1600,稍,,(栗),宮本博,1358,-0.1,2,2,2,35.0,458,-4,
,"2023. 7. 8",中京,3名3,1勝,１勝ｸﾗｽ・牝,3,6,メテオリート,牝,3,西村淳也, 53 ,16,4,１, ,芝1600,良,,(栗),吉岡辰弥,1332,-0.2,6,3,3,35.7,478,0,
,"2023. 7. 8",中京,3名3,3勝,マレーＨ･3勝,4,7,サンマルレジェンド,牡,5,酒井学, 57 ,16,5,１, ,ダ1800,良,,(栗),大橋勇樹,1531,-0.1,2,2,2,36.5,486,-4,
,"2023. 7. 8",中京,3名3,2勝,インディ･2勝,4,8,サンライズフレイム,牡,3,藤岡康太, 55 ,16,1,１, ,ダ1400,良,,(栗),石坂公一,1241,-0.2,,4,4,37.0,512,0,
,"2023. 7. 8",中京,3名3,1勝,マカオジ･1勝,6,6,ブライトジュエリー,牝,3,川田将雅, 53 ,10,1,１, ,芝2200,良,,(栗),橋口慎介,2115,-0.1,3,4,4,35.2,440,+8,
,"2023. 7. 8",中京,3名3,1勝,１勝ｸﾗｽ・牝,6,11,スタティスティクス,牝,4,川田将雅, 56 ,15,2,１, ,芝2000,良,,(栗),石坂公一,1599,-0.1,5,3,2,34.8,448,-8,
,"2023. 7. 8",中京,3名3,未勝利,未勝利,7,15,フライングブレード,牡,3,和田竜二, 56 ,18,1,１, ,芝1200,良,,(栗),飯田祐史,1081,-0.1,,5,5,34.2,468,-4,
,"2023. 7. 8",中京,3名3,1勝,１勝ｸﾗｽ,8,15,エンペラーワケア,牡,3,松山弘平, 55 ,16,1,１, ,ダ1400,良,,(栗),杉山晴紀,1239,-0.1,,4,5,37.8,528,+16,
,"2023. 7. 8",中京,3名3,新馬,新馬,6,6,ジューンテイク,牡,2,岩田望来, 55 ,9,2,１, ,芝1400,良,,(栗),武英智,1237,-0.2,,4,3,35.0,472,,
,"2023. 7. 8",中京,3名3,ｵｰﾌﾟﾝ,障害・オープ,8,8,シャンボールナイト,セ,8,石神深一, 60 ,8,2,１, ,芝3300,良,,(美),武井亮,3361,-0.1,1,1,2,13.1,468,-2,
,"2023. 7. 8",中京,3名3,未勝利,未勝利,6,11,シゲルソロソロ,牝,3,和田翼, 54 ,16,4,１, ,ダ1800,良,,(栗),谷潔,1546,-0.0,2,2,2,38.9,460,+6,
,"2023. 7. 8",中京,3名3,未勝利,未勝利・牝,2,4,キトリ,牝,3,西村淳也, 54 ,16,8,１, ,ダ1800,良,,(栗),杉山晴紀,1558,-0.2,1,1,1,41.3,466,+8,B
,"2023. 7. 8",中京,3名3,未勝利,障害未勝利,5,5,スヴァルナ,牡,8,平沢健治, 60 ,10,1,１, ,芝3000,良,,(栗),池江泰寿,3164,-0.7,2,1,1,13.1,516,-6,
,"2023. 7. 2",中京,3名2,1勝,１勝ｸﾗｽ,8,16,テイエムフェロー,牡,4,田中健, 58 ,16,12,１, ,ダ1200,稍,,(栗),飯田雄三,1117,-0.0,,12,11,36.3,488,0,
,"2023. 7. 2",中京,3名2,Ｇ３,ＣＢＣ賞ＨG3,7,10,ジャスパークローネ,牡,4,団野大成, 55 ,12,7,１, ,芝1200,良,*,(栗),森秀行,1072,-0.1,,1,1,33.5,480,-8,
,"2023. 7. 2",中京,3名2,2勝,日進特別･2勝,3,5,マルカアトラス,牡,4,松山弘平, 58 ,16,3,１, ,ダ1800,稍,,(栗),松永昌博,1526,-0.3,2,1,1,39.3,490,0,
,"2023. 7. 2",中京,3名2,2勝,木曽川特･2勝,4,4,サスツルギ,牡,3,川田将雅, 55 ,9,1,１, ,芝2200,良,,(美),木村哲也,2122,-0.3,6,6,4,35.9,480,-2,
,"2023. 7. 2",中京,3名2,1勝,１勝ｸﾗｽ,2,4,アドマイヤラヴィ,牝,4,坂井瑠星, 56 ,18,2,１, ,芝1200,良,,(栗),友道康夫,1081,-0.1,,1,1,34.5,464,+6,
,"2023. 7. 2",中京,3名2,1勝,１勝ｸﾗｽ,7,7,システムリブート,牡,3,坂井瑠星, 55 ,8,3,１, ,芝1600,良,,(栗),吉岡辰弥,1339,-0.1,1,1,1,34.5,506,+4,
,"2023. 7. 2",中京,3名2,未勝利,未勝利,3,5,セレクティオ,牡,3,松山弘平, 56 ,15,2,１, ,ダ1800,稍,,(栗),橋口慎介,1547,-0.6,2,2,1,40.2,474,-2,
,"2023. 7. 2",中京,3名2,新馬,新馬,7,7,ルージュスタニング,牝,2,坂井瑠星, 55 ,8,2,１, ,芝1600,良,,(栗),友道康夫,1367,-0.2,3,3,3,34.3,492,,
,"2023. 7. 2",中京,3名2,未勝利,未勝利,7,15,スイミーユニバンス,牝,3,永島まな,51▲,18,1,１, ,芝1400,稍,,(栗),平田修,1206,-0.4,,1,1,35.9,424,-2,
,"2023. 7. 2",中京,3名2,未勝利,未勝利・牝,5,9,ローズバルサム,牝,3,坂井瑠星, 54 ,16,3,１, ,ダ1400,重,,(栗),吉村圭司,1241,-0.2,,11,10,36.5,432,-2,
,"2023. 7. 2",中京,3名2,未勝利,未勝利,7,14,ピエナパイロ,牝,3,河原田菜,50★,16,2,１, ,ダ1900,重,,(栗),渡辺薫彦,1598,-0.5,2,1,1,38.8,470,-2,B
,"2023. 7. 2",中京,3名2,未勝利,障害未勝利,4,4,ホウオウヴォーヌ,牡,5,伴啓太, 60 ,10,2,１, ,芝3000,稍,,(美),天間昭一,3190,-0.2,3,1,1,13.3,472,-10,
,"2023. 7. 1",中京,3名1,1勝,１勝ｸﾗｽ,5,9,ルクスフロンティア,牡,3,秋山真一, 55 ,16,4,１, ,ダ1900,不,,(栗),松永幹夫,1582,-0.1,3,3,3,37.5,480,-6,
,"2023. 7. 1",中京,3名1,3勝,白川郷Ｈ･3勝,1,1,アスクコンナモンダ,牡,4,川田将雅, 57 ,13,1,１, ,芝1600,重,,(栗),中内田充,1341,-0.1,11,9,5,34.9,452,+4,
,"2023. 7. 1",中京,3名1,2勝,知多特別･2勝,7,9,タイセイブリリオ,牡,4,藤岡康太, 58 ,11,2,１, ,芝1200,重,,(栗),大橋勇樹,1087,-0.0,,1,1,34.9,478,0,
,"2023. 7. 1",中京,3名1,1勝,御在所特･1勝,6,6,ウィズユアドリーム,牡,3,松山弘平, 55 ,8,2,１, ,芝2000,重,,(栗),吉岡辰弥,2017,-0.6,1,1,1,34.9,496,+4,
,"2023. 7. 1",中京,3名1,1勝,１勝ｸﾗｽ・牝,3,3,タガノアレハンドラ,牝,3,国分恭介, 53 ,7,3,１, ,ダ1800,不,,(栗),西園翔太,1514,-0.3,5,5,5,37.5,482,-2,
,"2023. 7. 1",中京,3名1,未勝利,未勝利,8,15,ファルシオン,牝,3,幸英明, 54 ,16,1,１, ,芝1600,重,,(栗),羽月友彦,1357,-0.3,2,2,2,35.2,442,-6,
,"2023. 7. 1",中京,3名1,新馬,新馬,6,6,ラムジェット,牡,2,北村宏司, 55 ,10,6,１, ,ダ1400,不,,(栗),佐々木晶,1254,-0.2,,9,9,35.8,488,,
,"2023. 7. 1",中京,3名1,新馬,新馬,7,7,クリノハレルヤ,牝,2,川田将雅, 55 ,7,1,１, ,芝1200,重,,(栗),武英智,1105,-0.6,,1,1,34.5,456,,
,"2023. 7. 1",中京,3名1,未勝利,未勝利,8,17,ルクスビッグスター,牡,3,岩田望来, 56 ,17,5,１, ,芝2000,重,,(栗),清水久詞,2031,-0.2,12,7,9,36.4,472,+6,
,"2023. 7. 1",中京,3名1,未勝利,未勝利,8,15,ファイアネイド,牝,3,横山典弘, 54 ,16,2,１, ,ダ1200,不,,(栗),安田翔伍,1115,-0.3,,7,5,36.5,454,+2,
,"2023. 7. 1",中京,3名1,未勝利,未勝利・牝,2,4,ゴーフォマームード,牝,3,今村聖奈,51▲,16,4,１, ,ダ1800,不,,(栗),長谷川浩,1526,-0.3,4,4,3,38.1,438,-4,
,"2023. 7. 1",中京,3名1,未勝利,未勝利*,6,6,ジュントネフ,牡,2,岩田望来, 55 ,7,1,１, ,芝1400,不,,(栗),清水久詞,1238,-0.2,,3,3,36.3,484,+2,
,"2023. 3.26",中京,2名6,2勝,四日市特･2勝,8,15,エルバリオ,牡,4,鮫島克駿, 58 ,15,3,１, ,ダ1400,不,,(栗),高野友和,1238,-0.0,,10,10,36.0,524,-2,B
,"2023. 3.26",中京,2名6,Ｇ１,高松宮記G1,7,13,ファストフォース,牡,7,団野大成, 58 ,18,12,１, ,芝1200,不,,(栗),西村真幸,1115,-0.1,,7,5,35.5,518,-8,B
,"2023. 3.26",中京,2名6,2勝,天白川特･2勝,6,8,セブンスレター,牡,4,黛弘人, 58 ,13,4,１, ,ダ1900,不,,(美),武井亮,1583,-0.0,3,3,3,36.9,488,+2,
,"2023. 3.26",中京,2名6,1勝,大寒桜賞･1勝,5,5,ヨリマル,牡,3,横山和生, 56 ,8,2,１, ,芝2200,不,,(栗),上村洋行,2211,-0.2,3,2,2,37.0,490,-4,
,"2023. 3.26",中京,2名6,1勝,１勝ｸﾗｽ,7,14,ヤマニンアンフィル,牝,4,西村淳也, 56 ,18,4,１, ,芝1200,不,,(栗),斉藤崇史,1123,-0.6,,8,9,35.8,460,-2,
,"2023. 3.26",中京,2名6,1勝,１勝ｸﾗｽ,7,8,ウェイオブライト,セ,5,松山弘平, 58 ,11,4,１, ,芝2200,不,,(栗),高橋康之,2201,-0.2,3,3,3,37.3,516,-12,
,"2023. 3.26",中京,2名6,1勝,１勝ｸﾗｽ,7,14,マイレッドスター,牡,4,岩田望来, 58 ,16,2,１, ,ダ1400,不,,(栗),安田翔伍,1252,-0.3,,2,3,36.9,514,+12,B
,"2023. 3.26",中京,2名6,1勝,１勝ｸﾗｽ・牝,6,8,ブロードリーチ,牝,4,戸崎圭太, 56 ,12,3,１, ,ダ1800,不,,(美),宗像義忠,1531,-0.3,2,2,3,38.8,432,-1,
,"2023. 3.26",中京,2名6,未勝利,未勝利,1,2,アスクドゥポルテ,牡,3,岩田康誠, 56 ,18,2,１, ,芝2000,不,,(栗),河内洋,2078,-0.6,16,15,8,37.9,460,-6,
,"2023. 3.26",中京,2名6,未勝利,未勝利,4,7,アルルカン,牡,3,松山弘平, 56 ,16,1,１, ,ダ1200,不,,(栗),寺島良,1117,-1.0,,1,1,36.4,466,-6,
,"2023. 3.26",中京,2名6,未勝利,未勝利,8,13,スカーズ,牡,3,戸崎圭太, 56 ,13,1,１, ,ダ1900,不,,(栗),武幸四郎,2001,-0.1,4,2,2,38.2,486,-6,
,"2023. 3.26",中京,2名6,未勝利,未勝利・牝,2,3,ペイシャフラワー,牝,3,永島まな,50★,16,1,１, ,ダ1400,不,,(栗),高橋康之,1252,-0.9,,1,1,38.2,458,-12,
,"2023. 3.25",中京,2名5,1勝,１勝ｸﾗｽ,3,6,ニシノラーナ,牝,4,水沼元輝,53▲,16,10,１, ,ダ1200,不,,(美),加藤和宏,1107,-0.3,,2,2,36.1,482,-6,
,"2023. 3.25",中京,2名5,3勝,鈴鹿ＳＨ･3勝,7,13,マリオロード,牡,4,国分恭介, 55 ,16,10,１, ,ダ1900,不,,(栗),安達昭夫,1574,-0.1,2,2,2,35.9,500,+2,
,"2023. 3.25",中京,2名5,2勝,熊野特別･2勝,6,8,レッドバリエンテ,牡,4,西村淳也, 57 ,13,1,１, ,芝2200,重,,(栗),中内田充,2152,-0.7,6,6,6,34.9,480,-2,
,"2023. 3.25",中京,2名5,1勝,金山特別･1勝,2,2,クリオミニーズ,牡,4,荻野極, 58 ,10,4,１, ,芝2000,重,,(栗),西園翔太,2038,-0.1,3,4,3,35.2,494,-6,
,"2023. 3.25",中京,2名5,1勝,１勝ｸﾗｽ,3,3,ハギノロックオン,牡,4,西村淳也, 58 ,10,1,１, ,ダ1800,不,,(栗),高野友和,1504,-0.1,4,5,4,35.9,516,+6,
,"2023. 3.25",中京,2名5,1勝,１勝ｸﾗｽ・牝,7,13,アーレンダール,牝,4,小林勝太,53▲,16,2,１, ,ダ1400,不,,(美),宮田敬介,1244,-0.1,,9,10,36.4,498,-6,
,"2023. 3.25",中京,2名5,未勝利,未勝利,3,5,サウンドレイラ,牝,3,西村淳也, 54 ,16,1,１, ,芝1600,重,,(栗),渡辺薫彦,1379,-0.0,3,3,3,35.3,464,-2,
,"2023. 3.25",中京,2名5,未勝利,未勝利,6,11,サンスノーフレーク,牝,3,酒井学, 54 ,18,3,１, ,芝2200,重,,(栗),長谷川浩,2168,-0.7,13,9,8,36.6,460,+6,
,"2023. 3.25",中京,2名5,未勝利,未勝利,4,7,オードリーバローズ,牝,3,鮫島克駿, 54 ,18,1,１, ,芝1400,重,,(栗),清水久詞,1239,-0.0,,2,2,35.2,466,-4,
,"2023. 3.25",中京,2名5,未勝利,未勝利・若,7,14,グランフォーブル,牡,3,佐々木大,53▲,16,7,１, ,ダ1800,不,,(美),土田稔,1528,-0.0,2,2,2,38.3,468,+4,B
,"2023. 3.25",中京,2名5,未勝利,未勝利,2,3,スマートアンバー,牝,3,幸英明, 54 ,16,6,１, ,ダ1400,不,,(栗),西園翔太,1242,-0.0,,7,6,36.1,470,+8,
,"2023. 3.25",中京,2名5,未勝利,未勝利・牝,1,1,ベファーナ,牝,3,鮫島克駿, 54 ,14,6,１, ,ダ1800,不,,(栗),松下武士,1525,-0.1,7,6,5,37.7,492,-2,
,"2023. 3.19",中京,2名4,1勝,１勝ｸﾗｽ,4,8,クリーンジーニアス,牝,4,団野大成, 56 ,16,4,１, ,ダ1200,稍,,(栗),荒川義之,1115,-0.1,,10,9,35.6,450,0,
,"2023. 3.19",中京,2名4,ｵｰﾌﾟﾝ,名古屋城,6,11,ルコルセール,牡,5,菱田裕二, 58 ,16,5,１, ,ダ1800,稍,,(美),堀宣行,1502,-0.0,2,2,2,36.5,522,-8,
,"2023. 3.19",中京,2名4,2勝,熱田特別･2勝,8,10,ヒルノローザンヌ,牝,4,吉田隼人, 56 ,10,2,１, ,芝1400,稍,,(栗),西村真幸,1219,-0.2,,8,7,33.6,476,-4,
,"2023. 3.19",中京,2名4,1勝,フローラ･1勝,1,1,ティニア,牡,3,荻野極, 56 ,8,3,１, ,芝1600,稍,,(栗),池江泰寿,1362,-0.0,1,1,1,34.5,496,+10,
,"2023. 3.19",中京,2名4,1勝,１勝ｸﾗｽ,5,8,テーオーソラネル,牡,4,河原田菜,54★,15,2,１, ,芝2000,稍,,(栗),須貝尚介,2003,-0.5,1,1,1,35.2,496,0,
,"2023. 3.19",中京,2名4,1勝,１勝ｸﾗｽ,7,7,グーデンドラーク,牡,4,鮫島克駿, 58 ,10,2,１, ,ダ1800,重,,(栗),池添学,1514,-1.2,2,2,2,36.2,520,-14,
,"2023. 3.19",中京,2名4,1勝,１勝ｸﾗｽ・牝,7,13,ダノンソフィア,牝,4,佐々木大,53▲,16,2,１, ,芝1600,稍,,(栗),佐々木晶,1358,-0.0,4,4,4,34.6,502,-2,
,"2023. 3.19",中京,2名4,未勝利,未勝利,6,11,リビアングラス,牡,3,鮫島克駿, 56 ,18,1,１, ,芝2000,稍,,(栗),矢作芳人,2035,-0.0,10,3,5,36.1,496,-10,
,"2023. 3.19",中京,2名4,未勝利,未勝利・若,8,13,ネイロン,牡,3,角田大和,55☆,14,1,１, ,ダ1800,重,,(栗),中竹和也,1524,-0.4,2,1,1,37.0,480,-2,
,"2023. 3.19",中京,2名4,未勝利,未勝利,7,13,ユイノイチゲキ,牡,3,吉田隼人, 56 ,16,3,１, ,ダ1400,重,,(美),深山雅史,1246,-0.1,,1,1,37.0,502,-10,
,"2023. 3.19",中京,2名4,未勝利,未勝利,7,10,ディープリボーン,牡,3,古川吉洋, 56 ,13,2,１, ,ダ1900,重,,(栗),四位洋文,1592,-0.3,9,3,3,38.1,454,0,B
,"2023. 3.19",中京,2名4,未勝利,未勝利・牝,5,9,メイショウピース,牝,3,秋山真一, 54 ,16,3,１, ,ダ1200,重,*,(栗),高橋亮,1118,-0.1,,4,3,35.7,464,-4,
,"2023. 3.18",中京,2名3,1勝,１勝ｸﾗｽ,2,4,ダンディジャック,牡,4,西塚洸二,55▲,16,7,１, ,ダ1400,不,,(美),佐藤吉勝,1236,-0.1,,12,12,35.5,496,-10,
,"2023. 3.18",中京,2名3,Ｇ３,ファルコG3,4,6,タマモブラックタイ,牡,3,幸英明, 56 ,14,8,１, ,芝1400,重,,(栗),角田晃一,1226,-0.0,,4,4,35.5,524,+2,
,"2023. 3.18",中京,2名3,3勝,豊橋Ｓ･3勝,7,10,アヴェラーレ,牝,5,菅原明良, 56 ,12,2,１, ,芝1600,重,,(美),木村哲也,1372,-0.1,5,5,5,34.6,450,0,
,"2023. 3.18",中京,2名3,2勝,弥富特Ｈ･2勝,3,6,ラルフ,牡,5,武豊, 56 ,16,7,１, ,ダ1800,不,,(栗),荒川義之,1502,-0.1,2,1,2,36.9,500,+6,
,"2023. 3.18",中京,2名3,1勝,１勝ｸﾗｽ,8,17,メイショウソラフネ,牡,4,角田大河,56△,18,4,１, ,芝1400,重,,(栗),石橋守,1224,-0.7,,2,2,35.5,444,0,
,"2023. 3.18",中京,2名3,1勝,１勝ｸﾗｽ,2,2,インテンスフレイム,牡,5,岩田望来, 58 ,10,1,１, ,ダ1900,不,,(栗),千田輝彦,1574,-0.3,2,2,2,36.2,522,-4,
,"2023. 3.18",中京,2名3,1勝,１勝ｸﾗｽ・牝,2,2,アレマーナ,牝,4,角田大和,55☆,12,9,１, ,ダ1800,不,,(栗),松下武士,1516,-0.0,3,5,3,36.7,484,+2,B
,"2023. 3.18",中京,2名3,未勝利,未勝利,3,6,ソノママソノママ,牝,3,泉谷楓真,53☆,18,8,１, ,芝1200,重,,(栗),奥村豊,1108,-0.5,,5,4,35.4,448,,
,"2023. 3.18",中京,2名3,未勝利,未勝利・牝,4,8,トリオンファルマン,牝,3,鮫島克駿, 54 ,18,1,１, ,芝2000,重,,(栗),笹田和秀,2047,-0.5,8,8,6,36.5,420,+2,
,"2023. 3.18",中京,2名3,未勝利,未勝利,8,15,レッドダンルース,牡,3,坂井瑠星, 56 ,16,1,１, ,ダ1800,重,,(栗),矢作芳人,1515,-0.3,3,4,4,36.0,478,-6,
,"2023. 3.18",中京,2名3,未勝利,未勝利,2,4,アスクエピソード,牡,3,岩田望来, 56 ,16,1,１, ,ダ1200,重,,(栗),藤原英昭,1114,-0.0,,2,2,36.0,464,-6,
,"2023. 3.18",中京,2名3,未勝利,未勝利・牝,4,4,ノボリクレバー,牝,3,角田大河,52△,13,3,１, ,ダ1800,重,,(栗),石橋守,1518,-0.5,1,1,1,36.9,480,+2,
,"2023. 3.12",中京,2名2,1勝,１勝ｸﾗｽ,7,13,コンクエスト,牡,4,川田将雅, 58 ,16,1,１, ,ダ1400,良,,(美),小笠倫弘,1248,-0.3,,2,2,37.0,494,-8,B
,"2023. 3.12",中京,2名2,Ｇ２,金鯱賞G2,8,12,プログノーシス,牡,5,川田将雅, 57 ,12,1,１, ,芝2000,良,,(栗),中内田充,1598,-0.1,10,9,9,33.9,474,-4,
,"2023. 3.12",中京,2名2,ｵｰﾌﾟﾝ,昇竜Ｓ,4,8,グレートサンドシー,牡,3,川田将雅, 56 ,16,1,１, ,ダ1400,良,,(栗),中内田充,1240,-0.6,,13,12,36.2,496,-2,
,"2023. 3.12",中京,2名2,2勝,岡崎特Ｈ･2勝,2,2,スコールユニバンス,牝,4,坂井瑠星, 54 ,12,1,１, ,芝1400,良,*,(栗),矢作芳人,1213,-0.1,,8,7,34.9,450,-4,
,"2023. 3.12",中京,2名2,1勝,１勝ｸﾗｽ,2,2,マルブツプライド,牡,4,川田将雅, 58 ,15,1,１, ,ダ1800,良,,(栗),加用正,1529,-0.1,6,6,5,38.0,526,0,
,"2023. 3.12",中京,2名2,1勝,１勝ｸﾗｽ・牝,7,8,ベリーヴィーナス,牝,4,松山弘平, 56 ,10,3,１, ,芝2000,良,,(栗),鈴木孝志,2009,-0.6,2,1,1,35.1,478,-10,
,"2023. 3.12",中京,2名2,1勝,１勝ｸﾗｽ,4,6,エリザベスミノル,牝,4,横山典弘, 56 ,15,4,１, ,ダ1200,良,,(栗),本田優,1126,-0.0,,10,9,36.1,450,-6,
,"2023. 3.12",中京,2名2,未勝利,未勝利,5,9,ブレイクボーイ,牡,3,川田将雅, 56 ,15,1,１, ,芝2200,良,,(栗),四位洋文,2159,-0.2,5,5,5,34.3,468,-10,
,"2023. 3.12",中京,2名2,未勝利,未勝利,2,4,トーセンサマンサ,牝,3,佐々木大,51▲,16,8,１, ,芝1600,良,,(美),深山雅史,1357,-0.1,1,1,1,35.0,406,-10,
,"2023. 3.12",中京,2名2,未勝利,未勝利,4,7,ダディーズウォリア,牡,3,浜中俊, 56 ,16,3,１, ,ダ1900,良,,(栗),千田輝彦,2014,-0.3,10,1,1,38.3,446,-4,
,"2023. 3.12",中京,2名2,未勝利,未勝利,4,8,アイオブザストーム,牝,3,団野大成, 54 ,16,3,１, ,ダ1400,良,,(栗),岡田稲男,1252,-0.0,,5,5,37.2,452,-4,
,"2023. 3.12",中京,2名2,未勝利,未勝利・牝,5,8,メイショウオーロラ,牝,3,横山典弘, 54 ,15,6,１, ,ダ1800,良,,(栗),本田優,1536,-0.7,1,1,1,37.0,482,,
,"2023. 3.11",中京,2名1,1勝,１勝ｸﾗｽ,2,3,インテグリフォリア,牝,5,北村宏司, 56 ,16,6,１, ,芝1600,良,*,(美),古賀慎明,1353,-0.0,4,5,4,34.7,470,-2,
,"2023. 3.11",中京,2名1,3勝,中京スポ･3勝,4,8,テイエムアトム,牡,5,幸英明, 58 ,16,3,１, ,ダ1400,良,,(美),石栗龍彦,1233,-0.1,,2,2,36.3,536,-4,B
,"2023. 3.11",中京,2名1,2勝,恋路ケ浜･2勝,4,4,エスコバル,セ,5,菱田裕二, 58 ,9,2,１, ,芝2000,良,,(美),堀宣行,2010,-0.0,8,8,8,34.0,502,-12,
,"2023. 3.11",中京,2名1,2勝,伊良湖特･2勝,8,15,ウナギノボリ,牡,4,鮫島克駿, 58 ,16,1,１, ,ダ1200,良,,(栗),音無秀孝,1117,-0.1,,12,12,35.3,468,+6,
,"2023. 3.11",中京,2名1,1勝,１勝ｸﾗｽ・若,5,7,ジョーコモド,牡,4,角田大和,57☆,13,4,１, ,ダ1900,良,,(栗),中竹和也,2012,-0.1,9,8,7,37.5,484,-4,
,"2023. 3.11",中京,2名1,1勝,１勝ｸﾗｽ,2,2,ブルーゲート,牝,4,佐々木大,52▲,11,4,１, ,芝2200,良,,(美),武井亮,2142,-0.1,3,3,2,35.2,434,+2,
,"2023. 3.11",中京,2名1,1勝,１勝ｸﾗｽ*,5,6,ソッコータルマカ,牡,3,岩田望来, 56 ,13,3,１, ,ダ1800,良,,(栗),四位洋文,1536,-0.0,3,4,4,37.0,506,-6,B
,"2023. 3.11",中京,2名1,未勝利,未勝利,7,15,ブライトジュエリー,牝,3,鮫島克駿, 54 ,18,6,１, ,芝2000,良,,(栗),橋口慎介,2013,-0.7,13,15,12,34.6,430,,
,"2023. 3.11",中京,2名1,未勝利,未勝利,3,6,ベルタソ,牝,3,吉田隼人, 54 ,18,5,１, ,芝1400,良,,(栗),小崎憲,1217,-0.0,,6,5,34.5,446,,
,"2023. 3.11",中京,2名1,未勝利,未勝利,3,6,アンスリウム,牝,3,岩田望来, 54 ,16,3,１, ,ダ1200,良,,(美),加藤征弘,1128,-0.1,,4,4,36.6,476,-4,
,"2023. 3.11",中京,2名1,未勝利,未勝利,4,5,イツモハラペコ,牡,3,幸英明, 56 ,14,1,１, ,ダ1800,良,,(栗),畑端省吾,1553,-0.3,1,1,1,39.3,468,0,
,"2023. 3.11",中京,2名1,未勝利,未勝利・牝,5,10,ギョウネン,牝,3,長岡禎仁, 54 ,16,5,１, ,ダ1400,良,,(美),竹内正洋,1260,-0.6,,5,5,37.9,424,-6,
,"2023. 2. 5",中京,1名C,2勝,２勝ｸﾗｽ,2,2,リーゼントフラム,牡,6,鮫島克駿, 58 ,11,7,１, ,芝1200,良,,(栗),矢作芳人,1082,-0.1,,2,2,33.7,476,-14,
,"2023. 2. 5",中京,1名C,Ｇ３,きさらぎG3,2,2,フリームファクシ,牡,3,川田将雅, 56 ,8,1,１, ,芝2000,良,,(栗),須貝尚介,1597,-0.1,2,2,2,34.2,502,-4,
,"2023. 2. 5",中京,1名C,ｵｰﾌﾟﾝ,令月ＳＨ,3,3,ケイアイターコイズ,牡,7,ムルザバ, 57 ,11,1,１, ,ダ1200,良,,(栗),新谷功一,1117,-0.1,,2,2,36.6,528,-2,
,"2023. 2. 5",中京,1名C,3勝,瀬戸Ｓ･3勝,7,12,メイショウユズルハ,牡,4,岩田康誠, 57 ,14,1,１, ,ダ1900,良,*,(栗),岡田稲男,2000,-0.0,7,7,7,37.8,492,0,B
,"2023. 2. 5",中京,1名C,1勝,１勝ｸﾗｽ,8,8,オオキニ,牡,4,和田竜二, 57 ,9,2,１, ,芝2000,良,,(栗),鈴木孝志,2010,-0.0,2,2,2,34.9,456,+10,
,"2023. 2. 5",中京,1名C,1勝,１勝ｸﾗｽ,2,2,ヴィンテージボンド,牡,4,ムルザバ, 57 ,9,1,１, ,ダ1800,良,,(栗),西園正都,1537,-1.0,1,2,2,38.4,492,+6,
,"2023. 2. 5",中京,1名C,新馬,新馬,1,1,タイキバルドル,牡,3,荻野琢真, 56 ,15,1,１, ,芝1600,良,,(栗),大久保龍,1369,-0.0,4,4,3,34.2,478,,
,"2023. 2. 5",中京,1名C,未勝利,未勝利,4,7,アルナージェイン,牝,3,岩田康誠, 54 ,15,3,１, ,芝1600,良,,(栗),奥村豊,1336,-0.4,1,1,1,35.3,494,+14,
,"2023. 2. 5",中京,1名C,1勝,１勝ｸﾗｽ*,7,7,フルングニル,牡,3,川田将雅, 56 ,8,1,１, ,ダ1800,良,,(栗),杉山晴紀,1546,-0.0,2,3,3,37.2,568,+6,
,"2023. 2. 5",中京,1名C,未勝利,未勝利,8,15,バトゥーキ,牡,3,川田将雅, 56 ,16,1,１, ,ダ1200,良,,(栗),浜田多実,1147,-0.3,,3,2,37.0,478,-6,
,"2023. 2. 5",中京,1名C,未勝利,未勝利・牝,4,6,スペキオサレジーナ,牝,3,岩田望来, 54 ,15,2,１, ,ダ1400,良,,(栗),安田隆行,1267,-0.2,,6,4,37.4,468,+8,B
,"2023. 2. 5",中京,1名C,未勝利,未勝利,4,4,メイショウモズ,牡,3,岩田康誠, 56 ,11,2,１, ,ダ1800,良,,(栗),松永昌博,1561,-0.6,5,2,2,39.1,498,-10,
,"2023. 2. 4",中京,1名B,2勝,２勝ｸﾗｽ,2,2,アップデート,牡,4,和田竜二, 57 ,11,5,１, ,芝2000,良,,(栗),杉山晴紀,2001,-0.0,3,5,3,34.2,506,+2,
,"2023. 2. 4",中京,1名B,ｵｰﾌﾟﾝ,アルデバ,4,7,メイショウフンジン,牡,5,酒井学, 57 ,16,4,１, ,ダ1900,良,,(栗),西園正都,1597,-0.1,2,2,2,37.6,518,0,
,"2023. 2. 4",中京,1名B,OP(L),エルフィ(L),5,5,ユリーシャ,牝,3,松山弘平, 54 ,11,6,１, ,芝1600,良,,(栗),中村直也,1342,-0.4,1,1,1,34.4,446,-8,
,"2023. 2. 4",中京,1名B,3勝,トリトン･3勝,2,2,サトノラムセス,牡,5,川田将雅, 58 ,9,1,１, ,芝1400,良,,(栗),橋口慎介,1198,-0.5,,7,6,34.1,486,+6,
,"2023. 2. 4",中京,1名B,2勝,２勝ｸﾗｽ,1,1,カズプレスト,牡,4,川田将雅, 58 ,16,1,１, ,ダ1400,良,,(栗),高柳大輔,1245,-0.3,,2,2,37.5,534,+4,
,"2023. 2. 4",中京,1名B,1勝,１勝ｸﾗｽ,7,9,イシュタルゲート,牡,7,吉田隼人, 58 ,11,1,１, ,ダ1900,良,,(栗),茶木太樹,2010,-1.0,7,6,3,38.3,522,+4,B
,"2023. 2. 4",中京,1名B,1勝,１勝ｸﾗｽ,4,7,オステリア,牡,4,荻野極, 58 ,16,9,１, ,ダ1200,良,,(栗),宮本博,1129,-0.2,,11,10,36.7,506,-2,
,"2023. 2. 4",中京,1名B,未勝利,未勝利,8,13,アドマイヤイル,牡,3,川田将雅, 56 ,13,1,１, ,芝2200,良,,(栗),友道康夫,2152,-0.0,7,6,6,34.1,528,-6,
,"2023. 2. 4",中京,1名B,新馬,新馬,8,8,スマートサニー,牡,3,小沢大仁,55☆,9,6,１, ,ダ1800,良,,(栗),松永昌博,1551,-1.4,1,1,1,37.6,466,,
,"2023. 2. 4",中京,1名B,未勝利,未勝利,6,11,ラミアストラーダ,牡,3,鮫島克駿, 56 ,16,3,１, ,ダ1900,良,,(栗),田中克典,2035,-0.2,8,5,4,38.0,452,-4,B
,"2023. 2. 4",中京,1名B,未勝利,未勝利,5,9,ツークフォーゲル,牡,3,川島信二, 56 ,16,6,１, ,ダ1400,良,,(栗),荒川義之,1264,-0.4,,14,14,37.1,532,-2,
,"2023. 2. 4",中京,1名B,未勝利,未勝利・牝,7,13,メイショウコボケ,牝,3,団野大成, 54 ,15,2,１, ,ダ1800,良,,(栗),河内洋,1555,-0.1,2,1,1,39.5,494,+16,
,"2023. 1.29",中京,1名A,2勝,２勝ｸﾗｽ,6,6,セルバーグ,牡,4,今村聖奈,54▲,9,1,１, ,芝1600,良,,(栗),鈴木孝志,1329,-0.4,2,2,2,34.0,438,+8,
,"2023. 1.29",中京,1名A,Ｇ３,シルクロＨG3,2,2,ナムラクレア,牝,4,浜中俊,56.5,15,2,１, ,芝1200,良,,(栗),長谷川浩,1073,-0.0,,7,8,32.9,472,+6,
,"2023. 1.29",中京,1名A,2勝,刈谷特別･2勝,3,5,サンライズアリオン,牡,4,松山弘平, 57 ,16,1,１, ,ダ1800,良,,(栗),平田修,1538,-0.3,1,1,1,37.3,526,+8,
,"2023. 1.29",中京,1名A,3勝,美濃Ｓ･3勝,1,1,セファーラジエル,牡,5,福永祐一, 58 ,7,3,１, ,芝2200,良,,(栗),高柳大輔,2129,-0.0,1,1,1,35.0,532,0,
,"2023. 1.29",中京,1名A,1勝,１勝ｸﾗｽ,1,1,レッドラマンシュ,牡,4,福永祐一, 57 ,16,1,１, ,ダ1400,良,,(栗),庄野靖志,1255,-0.2,,2,2,38.9,478,-4,
,"2023. 1.29",中京,1名A,1勝,１勝ｸﾗｽ・牝,8,8,グレナデンシロップ,牝,4,川端海翼,52▲,8,6,１, ,ダ1800,良,,(栗),浜田多実,1559,-0.0,5,5,4,38.1,452,+10,
,"2023. 1.29",中京,1名A,新馬,新馬,6,8,エルチェリーナ,牝,3,岩田望来, 54 ,12,3,１, ,芝2000,良,,(栗),高野友和,2044,-0.0,6,7,6,33.9,484,,
,"2023. 1.29",中京,1名A,未勝利,未勝利・牝,2,4,ベルシャンブル,牝,3,福永祐一, 54 ,16,1,１, ,芝1600,良,,(栗),中内田充,1341,-0.2,7,8,8,35.3,454,-6,
,"2023. 1.29",中京,1名A,1勝,１勝ｸﾗｽ*,2,2,エレガントムーン,牝,3,今村聖奈,51▲,13,6,１, ,ダ1200,良,,(栗),牧浦充徳,1127,-0.2,,9,9,36.8,422,+6,
,"2023. 1.29",中京,1名A,未勝利,未勝利,4,6,バールデュヴァン,牡,3,岩田望来, 56 ,15,1,１, ,ダ1400,良,,(栗),浜田多実,1262,-0.1,,8,8,37.8,522,+14,
,"2023. 1.29",中京,1名A,未勝利,未勝利,7,10,マルベリーシチー,牡,3,鮫島克駿, 56 ,12,4,１, ,ダ1800,良,,(栗),橋口慎介,1555,-0.0,1,1,1,39.2,468,0,
,"2023. 1.29",中京,1名A,未勝利,未勝利・牝,3,3,ダノンミカエル,牝,3,横山典弘, 54 ,13,3,１, ,ダ1200,良,,(栗),安田翔伍,1130,-0.3,,3,3,36.9,410,0,
,"2023. 1.28",中京,1名9,1勝,１勝ｸﾗｽ,7,10,カルタゴ,牝,5,国分恭介, 56 ,13,11,１, ,芝1600,良,,(美),小島茂之,1346,-0.1,1,1,1,34.9,464,+4,
,"2023. 1.28",中京,1名9,3勝,伊賀ＳＨ･3勝,6,12,サンライズホーク,セ,4,国分優作, 57 ,16,2,１, ,ダ1200,良,,(栗),牧浦充徳,1114,-0.5,,7,6,36.4,506,-2,
,"2023. 1.28",中京,1名9,2勝,茶臼山高･2勝,1,1,レベランス,牡,5,ムルザバ, 58 ,9,3,１, ,芝2200,良,,(栗),須貝尚介,2144,-0.0,2,2,2,34.4,472,+10,B
,"2023. 1.28",中京,1名9,1勝,白梅賞･1勝*,4,4,カルロヴェローチェ,牡,3,福永祐一, 56 ,7,2,１, ,芝1600,良,,(栗),須貝尚介,1333,-0.5,1,1,1,34.2,508,+18,
,"2023. 1.28",中京,1名9,2勝,２勝ｸﾗｽ,8,15,ストームゾーン,牡,4,坂井瑠星, 58 ,16,3,１, ,ダ1200,良,,(栗),上村洋行,1120,-0.0,,3,4,37.1,518,0,
,"2023. 1.28",中京,1名9,1勝,１勝ｸﾗｽ,5,5,テイエムフォンテ,牡,4,酒井学, 57 ,8,4,１, ,ダ1800,良,,(栗),飯田雄三,1555,-0.0,2,2,1,38.3,494,+6,B
,"2023. 1.28",中京,1名9,1勝,１勝ｸﾗｽ・牝*,5,7,ハンベルジャイト,牝,3,鮫島克駿, 54 ,13,6,１, ,ダ1400,良,,(栗),大久保龍,1259,-0.2,,2,2,37.8,480,-10,
,"2023. 1.28",中京,1名9,未勝利,未勝利,3,3,アイザックバローズ,牡,3,坂井瑠星, 56 ,8,1,１, ,芝2000,良,,(栗),友道康夫,2006,-0.5,6,6,6,35.3,468,-4,
,"2023. 1.28",中京,1名9,新馬,新馬,3,5,モズアカボス,牡,3,坂井瑠星, 56 ,16,1,１, ,ダ1400,良,,(栗),矢作芳人,1280,-0.2,,3,3,39.0,498,,
,"2023. 1.28",中京,1名9,未勝利,未勝利,2,3,バンドマスター,牡,3,ムルザバ, 56 ,15,5,１, ,ダ1900,良,,(栗),茶木太樹,2013,-2.0,1,1,1,38.3,492,+4,
,"2023. 1.28",中京,1名9,未勝利,未勝利,2,2,マヴォロンテ,牝,3,坂井瑠星, 54 ,12,1,１, ,ダ1200,良,,(栗),松永幹夫,1133,-0.8,,2,1,37.9,454,0,
,"2023. 1.28",中京,1名9,未勝利,未勝利・牝,8,11,ガウラ,牝,3,松山弘平, 54 ,11,2,１, ,ダ1800,良,,(栗),鈴木孝志,1567,-0.0,4,3,3,39.0,472,-6,
,"2023. 1.22",中京,1名8,2勝,２勝ｸﾗｽ,5,5,ボルザコフスキー,牡,4,ムルザバ, 57 ,8,1,１, ,芝1400,良,,(栗),清水久詞,1204,-0.0,,5,4,34.4,502,-6,
,"2023. 1.22",中京,1名8,Ｇ２,東海ＳG2,6,10,プロミストウォリア,牡,6,ムルザバ, 57 ,15,2,１, ,ダ1800,良,*,(栗),野中賢二,1512,-0.4,1,1,1,36.4,516,-4,
,"2023. 1.22",中京,1名8,3勝,長篠ＳＨ･3勝,6,6,ルージュスティリア,牝,4,福永祐一, 54 ,10,1,１, ,芝1600,良,,(栗),藤原英昭,1335,-0.4,2,2,2,34.2,486,0,
,"2023. 1.22",中京,1名8,2勝,西尾特別･2勝,8,8,エイカイステラ,牝,5,岩田望来, 56 ,8,5,１, ,芝2000,良,,(栗),藤原英昭,2012,-0.0,4,4,4,34.2,474,+2,
,"2023. 1.22",中京,1名8,1勝,１勝ｸﾗｽ,2,2,メイショウオウギ,牝,7,角田大河,54△,15,9,１, ,ダ1200,良,,(栗),石橋守,1131,-0.1,,4,3,37.2,458,+6,
,"2023. 1.22",中京,1名8,1勝,１勝ｸﾗｽ,2,2,ショウサンキズナ,牡,4,酒井学, 57 ,12,3,１, ,ダ1900,良,,(栗),松下武士,2023,-0.2,8,7,7,39.6,522,+6,
,"2023. 1.22",中京,1名8,新馬,新馬,8,16,ハートループ,牝,3,イーガン, 54 ,16,3,１, ,芝1600,良,,(栗),池添学,1359,-0.0,2,1,1,35.2,464,,
,"2023. 1.22",中京,1名8,未勝利,未勝利,8,11,マキシ,牡,3,川田将雅, 56 ,11,2,１, ,芝2200,良,,(栗),辻野泰之,2136,-0.0,4,5,6,34.4,498,-6,
,"2023. 1.22",中京,1名8,1勝,１勝ｸﾗｽ*,4,4,エクロジャイト,牡,3,イーガン, 56 ,8,8,１, ,ダ1800,良,,(栗),安田隆行,1554,-0.1,1,1,1,38.2,516,+14,B
,"2023. 1.22",中京,1名8,新馬,新馬・牝,2,4,スクルプトーリス,牝,3,鮫島克駿, 54 ,16,5,１, ,ダ1200,良,,(栗),松下武士,1144,-0.3,,3,3,38.9,436,,
,"2023. 1.22",中京,1名8,未勝利,未勝利,1,1,セミマル,牡,3,川田将雅, 56 ,15,1,１, ,ダ1400,良,,(栗),西村真幸,1265,-0.2,,4,4,38.0,492,+2,
,"2023. 1.22",中京,1名8,未勝利,未勝利,5,9,サンテックス,牡,3,川田将雅, 56 ,15,1,１, ,ダ1800,良,*,(栗),浜田多実,1555,-1.4,3,3,3,38.4,524,0,
,"2023. 1.21",中京,1名7,1勝,１勝ｸﾗｽ,3,3,エンドウノハナ,牡,4,川田将雅, 57 ,7,1,１, ,芝2200,良,,(栗),四位洋文,2124,-1.2,5,5,5,35.2,468,+6,
,"2023. 1.21",中京,1名7,ｵｰﾌﾟﾝ,睦月Ｓ,3,3,キングエルメス,牡,4,坂井瑠星, 56 ,9,5,１, ,芝1600,良,,(栗),矢作芳人,1341,-0.3,2,2,2,33.8,498,+2,
,"2023. 1.21",中京,1名7,OP(L),若駒Ｓ(L),5,5,マイネルラウレア,牡,3,川田将雅, 56 ,7,2,１, ,芝2000,良,,(栗),宮徹,2029,-0.0,7,6,7,33.7,502,+4,
,"2023. 1.21",中京,1名7,3勝,遠州灘Ｓ･3勝,4,8,アーテルアストレア,牝,4,菱田裕二, 55 ,16,5,１, ,ダ1800,良,,(栗),橋口慎介,1544,-0.1,12,11,11,36.9,456,+2,
,"2023. 1.21",中京,1名7,2勝,２勝ｸﾗｽ,6,11,タイミングナウ,セ,7,武豊, 58 ,16,5,１, ,ダ1400,良,,(栗),四位洋文,1255,-0.0,,2,2,38.4,486,0,
,"2023. 1.21",中京,1名7,2勝,２勝ｸﾗｽ,4,7,レッドファーロ,牡,4,横山典弘, 57 ,16,1,１, ,ダ1900,良,,(栗),松永幹夫,2004,-0.1,10,7,7,38.1,508,-2,
,"2023. 1.21",中京,1名7,未勝利,未勝利,5,5,シャドウフューリー,牡,3,松山弘平, 56 ,11,1,１, ,芝1600,良,,(栗),杉山晴紀,1355,-0.2,2,2,2,34.4,462,-2,
,"2023. 1.21",中京,1名7,未勝利,未勝利・牝,7,8,マテンロウアルテ,牝,3,横山典弘, 54 ,11,1,１, ,芝2000,良,,(栗),坂口智康,2019,-0.0,1,1,1,35.6,480,-2,
,"2023. 1.21",中京,1名7,1勝,１勝ｸﾗｽ*,7,7,ゼットリアン,牡,3,鮫島克駿, 56 ,9,6,１, ,ダ1400,良,,(栗),吉田直弘,1254,-0.2,,6,6,37.1,440,+4,
,"2023. 1.21",中京,1名7,新馬,新馬,8,15,メイトースイ,牡,3,古川奈穂,52★,16,13,１, ,ダ1800,良,,(栗),羽月友彦,1579,-0.2,6,4,5,39.6,404,,
,"2023. 1.21",中京,1名7,未勝利,未勝利,6,8,ルガル,牡,3,坂井瑠星, 56 ,12,1,１, ,ダ1200,良,,(栗),杉山晴紀,1136,-0.6,,1,1,37.2,506,-8,
,"2023. 1.21",中京,1名7,未勝利,未勝利,8,13,ソッコータルマカ,牡,3,岩田望来, 56 ,13,3,１, ,ダ1900,良,,(栗),四位洋文,2022,-1.5,2,2,2,37.6,512,-12,B
,"2023. 1.15",中京,1名6,2勝,２勝ｸﾗｽ・牝,2,2,テーオーメアリー,牝,5,古川吉洋, 56 ,12,9,１, ,芝1400,稍,,(栗),梅田智之,1222,-0.0,,8,8,34.5,470,0,
,"2023. 1.15",中京,1名6,Ｇ２,日経新春ＨG2,2,2,ヴェルトライゼンデ,牡,6,イーガン, 59 ,14,2,１, ,芝2200,稍,,(栗),池江泰寿,2142,-0.1,5,5,4,35.0,500,+6,
,"2023. 1.15",中京,1名6,OP(L),紅梅Ｓ(L),4,4,ダルエスサラーム,牝,3,イーガン, 54 ,10,4,１, ,芝1400,稍,,(栗),高野友和,1218,-0.1,,3,3,35.1,438,0,
,"2023. 1.15",中京,1名6,2勝,天竜川特･2勝,6,10,ペルアア,牝,4,岩田望来, 55 ,14,1,１, ,ダ1800,稍,,(栗),野中賢二,1540,-0.7,2,2,2,36.0,480,-8,
,"2023. 1.15",中京,1名6,2勝,２勝ｸﾗｽ,4,5,サンライズホーク,セ,4,国分優作, 58 ,13,3,１, ,ダ1200,稍,,(栗),牧浦充徳,1118,-0.6,,3,3,36.1,508,+12,
,"2023. 1.15",中京,1名6,1勝,１勝ｸﾗｽ,5,7,サトノルフィアン,牡,4,古川吉洋, 57 ,14,5,１, ,ダ1400,稍,,(栗),南井克巳,1256,-0.1,,3,3,37.8,486,-8,B
,"2023. 1.15",中京,1名6,新馬,新馬,6,7,マスクトディーヴァ,牝,3,吉田隼人, 54 ,12,6,１, ,芝2000,重,,(栗),辻野泰之,2035,-0.3,7,7,7,34.4,448,,
,"2023. 1.15",中京,1名6,未勝利,未勝利,5,6,シャザーン,牡,3,川田将雅, 56 ,12,1,１, ,芝2000,重,,(栗),友道康夫,2038,-0.4,2,2,2,34.6,490,+12,
,"2023. 1.15",中京,1名6,1勝,１勝ｸﾗｽ*,2,2,アームズレイン,牡,3,坂井瑠星, 56 ,11,3,１, ,ダ1200,稍,,(栗),上村洋行,1118,-0.6,,1,1,36.2,490,-2,
,"2023. 1.15",中京,1名6,新馬,新馬・牝,3,4,キスオンザチーク,牝,3,横山典弘, 54 ,14,3,１, ,ダ1800,稍,,(栗),松永幹夫,1560,-0.3,3,3,3,38.1,498,,
,"2023. 1.15",中京,1名6,未勝利,未勝利,5,9,マーブルロック,牡,3,福永祐一, 56 ,16,1,１, ,ダ1400,稍,,(栗),西園正都,1265,-0.1,,1,1,38.8,502,+4,
,"2023. 1.15",中京,1名6,未勝利,未勝利,8,11,ワンライトスター,牡,3,吉田隼人, 56 ,11,1,１, ,ダ1900,稍,,(栗),茶木太樹,2027,-0.2,2,2,2,39.3,466,-4,
,"2023. 1.14",中京,1名5,1勝,１勝ｸﾗｽ,6,11,アスクコンナモンダ,牡,4,川田将雅, 57 ,16,2,１, ,芝1600,重,,(栗),中内田充,1361,-0.5,9,10,10,34.2,452,+12,
,"2023. 1.14",中京,1名5,Ｇ３,愛知杯ＨG3,2,3,アートハウス,牝,4,川田将雅, 55 ,15,1,１, ,芝2000,重,*,(栗),中内田充,2031,-0.3,3,3,3,33.9,482,+10,
,"2023. 1.14",中京,1名5,3勝,遠江Ｓ･3勝,7,14,ドンフランキー,牡,4,福永祐一, 57 ,16,1,１, ,ダ1400,重,,(栗),斉藤崇史,1230,-0.4,,1,1,36.6,594,+14,
,"2023. 1.14",中京,1名5,2勝,渥美特別･2勝,7,7,シェルビーズアイ,牡,4,武豊, 57 ,8,1,１, ,芝2000,重,,(栗),武英智,2035,-0.1,5,5,5,35.1,476,0,
,"2023. 1.14",中京,1名5,1勝,１勝ｸﾗｽ,7,12,ナムラフランク,牡,4,松山弘平, 58 ,14,1,１, ,ダ1200,重,,(栗),鈴木孝志,1119,-0.7,,2,2,36.1,490,-2,
,"2023. 1.14",中京,1名5,1勝,１勝ｸﾗｽ,8,9,デルマグレムリン,牡,4,戸崎圭太, 57 ,9,3,１, ,ダ1800,重,,(栗),五十嵐忠,1533,-0.2,8,7,6,36.9,450,+2,
,"2023. 1.14",中京,1名5,1勝,１勝ｸﾗｽ*,3,3,ショウナンバシット,牡,3,福永祐一, 56 ,6,3,１, ,芝2200,重,,(栗),須貝尚介,2167,-0.3,2,2,2,35.2,502,-4,
,"2023. 1.14",中京,1名5,未勝利,未勝利,3,6,アスクビートルズ,牡,3,福永祐一, 56 ,18,1,１, ,芝1400,重,,(栗),藤原英昭,1235,-0.1,,5,5,36.1,494,+10,
,"2023. 1.14",中京,1名5,新馬,新馬,7,13,ディクレアブルーム,牝,3,岩田望来, 54 ,16,1,１, ,ダ1400,重,,(栗),辻野泰之,1272,-0.2,,7,7,37.5,462,,
,"2023. 1.14",中京,1名5,未勝利,未勝利,7,11,ルクスフロンティア,牡,3,武豊, 56 ,13,7,１, ,ダ1800,重,,(栗),松永幹夫,1549,-0.1,2,2,2,37.5,490,+2,
,"2023. 1.14",中京,1名5,未勝利,未勝利・牝,6,11,シャープソーン,牝,3,イーガン, 54 ,15,6,１, ,ダ1400,重,,(栗),西園正都,1261,-1.0,,1,1,37.5,442,-2,
,"2023. 1.14",中京,1名5,未勝利,未勝利,3,5,フォルティーナ,牝,3,角田大河,52△,16,5,１, ,ダ1200,重,,(栗),石橋守,1138,-0.0,,2,2,38.7,436,-2,
,"2023. 1. 9",中京,1名4,1勝,１勝ｸﾗｽ,3,4,マッハモンルード,牝,5,イーガン, 56 ,14,6,１, ,芝2000,良,,(栗),斉藤崇史,2020,-0.0,3,3,3,34.3,502,-4,B
,"2023. 1. 9",中京,1名4,OP(L),淀短距離(L),2,2,ホープフルサイン,牡,7,幸英明, 57 ,15,9,１, ,芝1200,良,,(美),本間忍,1075,-0.2,,8,8,33.0,510,+4,B
,"2023. 1. 9",中京,1名4,3勝,雅Ｓ･3勝,8,16,オディロン,牡,4,川田将雅, 57 ,16,3,１, ,ダ1800,良,,(栗),浜田多実,1529,-0.2,5,7,5,37.0,488,-2,
,"2023. 1. 9",中京,1名4,2勝,鳥羽特別･2勝,5,8,フォーチュンテラー,牡,4,福永祐一, 57 ,14,1,１, ,ダ1400,良,,(栗),浜田多実,1245,-0.3,,10,9,37.1,470,-4,
,"2023. 1. 9",中京,1名4,1勝,１勝ｸﾗｽ・牝,3,5,エレガントチャーム,牝,6,角田大和,55☆,15,5,１, ,ダ1800,良,,(美),菊沢隆徳,1551,-0.0,10,5,5,37.8,490,+8,
,"2023. 1. 9",中京,1名4,未勝利,未勝利,8,16,ヨリマル,牡,3,川田将雅, 56 ,18,1,１, ,芝2000,良,,(栗),上村洋行,2009,-0.2,1,1,1,35.1,488,+8,
,"2023. 1. 9",中京,1名4,新馬,新馬,7,14,アルジーヌ,牝,3,川田将雅, 54 ,16,1,１, ,芝1600,良,,(栗),中内田充,1376,-0.1,4,3,2,33.8,444,,
,"2023. 1. 9",中京,1名4,未勝利,未勝利・牝,6,12,サーマルソアリング,牝,3,福永祐一, 54 ,16,3,１, ,芝1600,良,,(栗),藤原英昭,1346,-0.2,7,9,9,34.5,468,-6,
,"2023. 1. 9",中京,1名4,1勝,１勝ｸﾗｽ,2,4,タガノトランキーロ,牡,6,角田大河,56△,16,7,１, ,ダ1400,良,*,(栗),石橋守,1252,-0.0,,12,11,37.4,488,-6,
,"2023. 1. 9",中京,1名4,1勝,１勝ｸﾗｽ*,5,6,カレンアルカンタラ,牡,3,川田将雅, 56 ,12,5,１, ,ダ1800,良,*,(栗),新谷功一,1544,-0.2,3,4,3,36.7,492,0,
,"2023. 1. 9",中京,1名4,未勝利,未勝利,4,7,ワイアウ,牝,3,吉田隼人, 54 ,16,7,１, ,ダ1200,良,,(栗),武幸四郎,1135,-0.2,,1,1,37.8,464,+28,
,"2023. 1. 9",中京,1名4,未勝利,未勝利,6,7,シュニー,牝,3,武豊, 54 ,11,1,１, ,ダ1800,良,,(栗),小崎憲,1572,-0.8,2,2,2,39.1,450,0,
,"2023. 1. 8",中京,1名3,2勝,２勝ｸﾗｽ,8,13,ドグマ,牡,4,武豊, 58 ,13,3,１, ,芝1200,良,,(栗),武幸四郎,1087,-0.0,,6,6,33.7,490,+22,
,"2023. 1. 8",中京,1名3,Ｇ３,シンザンG3,2,2,ライトクオンタム,牝,3,武豊, 54 ,7,2,１, ,芝1600,良,,(栗),武幸四郎,1337,-0.1,5,5,5,34.6,428,+2,
,"2023. 1. 8",中京,1名3,3勝,新春Ｓ･3勝,6,7,ヒメノカリス,牝,6,イーガン, 56 ,11,5,１, ,芝1400,良,,(栗),池江泰寿,1201,-0.0,,10,11,33.9,464,+2,B
,"2023. 1. 8",中京,1名3,2勝,濃尾特別･2勝,3,6,ジロー,牡,6,水口優也, 58 ,16,12,１, ,ダ1800,良,,(栗),岡田稲男,1540,-0.0,11,14,11,37.9,482,+2,
,"2023. 1. 8",中京,1名3,1勝,１勝ｸﾗｽ,8,12,ウインザナドゥ,牡,5,松山弘平, 58 ,12,3,１, ,ダ1900,良,*,(栗),加用正,2012,-0.2,6,5,3,37.2,478,-2,
,"2023. 1. 8",中京,1名3,1勝,１勝ｸﾗｽ・牝,3,5,ティントリップ,牝,4,西村淳也, 56 ,16,3,１, ,ダ1200,良,,(栗),杉山晴紀,1128,-0.0,,2,2,38.2,482,-2,
,"2023. 1. 8",中京,1名3,新馬,新馬,3,4,ミッキーツインクル,牝,3,イーガン, 54 ,15,2,１, ,芝2000,良,,(栗),中内田充,2024,-0.1,10,10,11,33.9,456,,
,"2023. 1. 8",中京,1名3,未勝利,未勝利,5,10,コレオグラファー,牡,3,ムルザバ, 56 ,18,7,１, ,芝2200,良,,(栗),高柳大輔,2141,-0.2,16,4,4,35.4,478,+12,
,"2023. 1. 8",中京,1名3,新馬,新馬,6,11,タガノシャーンス,牝,3,川須栄彦, 54 ,16,5,１, ,ダ1200,良,,(栗),中尾秀正,1125,-0.8,,2,2,36.3,452,,
,"2023. 1. 8",中京,1名3,未勝利,未勝利,8,11,ハギノサステナブル,牡,3,松若風馬, 56 ,11,3,１, ,ダ1800,良,,(栗),高野友和,1551,-0.1,2,2,2,36.8,450,-2,
,"2023. 1. 8",中京,1名3,未勝利,未勝利,6,11,マリアナトレンチ,牡,3,鮫島克駿, 56 ,16,9,１, ,ダ1400,良,,(栗),音無秀孝,1262,-0.6,,9,5,37.1,472,+2,
,"2023. 1. 8",中京,1名3,未勝利,未勝利・牝,5,9,サイモンコーラル,牝,3,松山弘平, 54 ,15,10,１, ,ダ1800,良,*,(栗),羽月友彦,1564,-0.0,11,6,7,39.0,452,-2,B
,"2023. 1. 7",中京,1名2,1勝,１勝ｸﾗｽ,7,14,スコールユニバンス,牝,4,坂井瑠星, 55 ,18,1,１, ,芝1400,良,,(栗),矢作芳人,1207,-0.5,,12,12,33.9,454,-8,
,"2023. 1. 7",中京,1名2,OP(L),すばるＳ(L),6,10,バトルクライ,牡,4,川田将雅, 56 ,14,2,１, ,ダ1400,良,,(美),高木登,1238,-0.1,,7,7,36.8,496,+4,
,"2023. 1. 7",中京,1名2,3勝,寿Ｓ･3勝,5,7,ヤマニンサルバム,牡,4,浜中俊, 57 ,13,1,１, ,芝2000,良,,(栗),中村直也,2002,-0.2,3,4,4,34.1,500,+12,
,"2023. 1. 7",中京,1名2,2勝,長良川特･2勝,6,10,チャックネイト,牡,5,松山弘平, 58 ,14,7,１, ,芝2200,良,,(美),堀宣行,2129,-0.0,5,5,5,34.4,490,+12,B
,"2023. 1. 7",中京,1名2,2勝,２勝ｸﾗｽ・牝,5,8,キングスフィリア,牝,5,岩田康誠, 56 ,15,7,１, ,ダ1800,良,,(美),萩原清,1544,-0.0,14,15,15,36.0,420,-2,
,"2023. 1. 7",中京,1名2,1勝,１勝ｸﾗｽ,6,8,マジックスピーチ,セ,6,今村聖奈,55▲,12,1,１, ,ダ1800,良,,(栗),飯田祐史,1539,-0.3,10,10,6,38.0,470,+4,
,"2023. 1. 7",中京,1名2,1勝,１勝ｸﾗｽ*,4,4,プロトポロス,牡,3,イーガン, 56 ,9,1,１, ,芝1200,良,,(栗),西村真幸,1083,-0.1,,4,4,33.6,482,-2,
,"2023. 1. 7",中京,1名2,未勝利,未勝利,5,8,エアメテオラ,牡,3,松山弘平, 56 ,15,1,１, ,芝1600,良,,(栗),池添学,1340,-0.3,1,1,1,34.0,492,-4,
,"2023. 1. 7",中京,1名2,新馬,新馬,5,5,トーホウレーゲン,牡,3,菱田裕二, 56 ,12,9,１, ,ダ1800,良,,(栗),石坂公一,1569,-0.1,5,4,4,38.8,444,,
,"2023. 1. 7",中京,1名2,未勝利,未勝利,7,10,マサハヤウォルズ,牡,3,今村聖奈,53▲,13,8,１, ,ダ1900,良,,(栗),今野貞一,2025,-0.1,7,5,4,39.6,466,+6,
,"2023. 1. 7",中京,1名2,未勝利,未勝利・牝,1,2,プライムレート,牝,3,水口優也, 54 ,16,4,１, ,ダ1200,良,,(栗),笹田和秀,1131,-0.8,,1,1,37.7,472,-8,
,"2023. 1. 7",中京,1名2,未勝利,未勝利,6,11,サンデーヒーロー,牡,3,坂井瑠星, 56 ,15,3,１, ,ダ1800,良,,(栗),中村直也,1557,-0.0,2,2,2,38.6,454,-6,
,"2023. 1. 5",中京,1名1,2勝,２勝ｸﾗｽ,4,4,カワキタレブリー,牡,4,松山弘平, 57 ,12,1,１, ,芝1600,良,,(栗),杉山佳明,1341,-0.3,3,4,4,34.1,446,+12,
,"2023. 1. 5",中京,1名1,Ｇ３,京都金杯ＨG3,4,7,イルーシヴパンサー,牡,5,岩田望来, 58 ,16,5,１, ,芝1600,良,,(美),久保田貴,1327,-0.1,9,9,7,34.4,488,+14,
,"2023. 1. 5",中京,1名1,ｵｰﾌﾟﾝ,万葉ＳＨ,8,15,ミクソロジー,牡,4,西村淳也, 53 ,16,1,１, ,芝3000,良,,(栗),辻野泰之,3034,-0.3,6,5,4,35.9,436,+2,
,"2023. 1. 5",中京,1名1,3勝,門松Ｓ･3勝,1,2,ヴァルキュリア,牝,6,イーガン, 56 ,16,2,１, ,ダ1400,良,,(栗),大久保龍,1245,-0.4,,3,4,36.8,480,0,
,"2023. 1. 5",中京,1名1,2勝,２勝ｸﾗｽ,6,12,バハルダール,牡,4,川田将雅, 57 ,16,1,１, ,ダ1900,良,,(栗),池江泰寿,2000,-0.2,7,5,2,38.5,502,+16,
,"2023. 1. 5",中京,1名1,2勝,２勝ｸﾗｽ,4,7,タイセイグラシア,牝,5,古川奈穂,52★,16,14,１, ,ダ1200,良,,(栗),矢作芳人,1124,-0.0,,5,4,37.2,460,-4,
,"2023. 1. 5",中京,1名1,1勝,１勝ｸﾗｽ*,3,3,フリームファクシ,牡,3,川田将雅, 56 ,9,1,１, ,芝2000,良,,(栗),須貝尚介,2002,-0.2,5,5,4,34.8,506,+2,
,"2023. 1. 5",中京,1名1,新馬,新馬,5,6,ヒメナデシコ,牝,3,岩田望来, 54 ,12,6,１, ,芝2000,良,,(栗),森田直行,2035,-0.1,7,7,7,34.4,434,,
,"2023. 1. 5",中京,1名1,1勝,１勝ｸﾗｽ,6,7,レイクリエイター,牡,5,福永祐一, 58 ,12,8,１, ,ダ1800,良,,(栗),浜田多実,1550,-0.2,3,4,4,38.2,484,+18,
,"2023. 1. 5",中京,1名1,未勝利,未勝利,7,9,マテンロウガイ,牡,3,角田大和,55☆,12,6,１, ,ダ1900,良,,(栗),角田晃一,2028,-0.1,7,4,2,38.7,518,+4,
,"2023. 1. 5",中京,1名1,未勝利,未勝利,4,7,エリスグリ,牡,3,横山典弘, 56 ,15,9,１, ,ダ1200,良,,(栗),牧田和弥,1137,-1.0,,4,4,37.9,492,-4,
,"2023. 1. 5",中京,1名1,未勝利,未勝利,8,13,マコトヴィクラント,牡,3,坂井瑠星, 56 ,13,2,１, ,ダ1800,良,,(栗),鮫島一歩,1564,-0.8,1,1,1,40.0,472,+6,
,2022.12.18,中京,6名6,2勝,尾張特別･2勝,3,3,シュトルーヴェ,牡,3,菱田裕二, 55 ,12,2,１, ,芝2200,良,,(美),堀宣行,2136,-0.0,8,9,6,34.7,484,-2,B
,2022.12.18,中京,6名6,ｵｰﾌﾟﾝ,コールド,6,12,リフレイム,牝,4,野中悠太, 57 ,16,2,１, ,ダ1400,良,,(美),黒岩陽一,1241,-0.5,,1,1,36.6,512,-8,
,2022.12.18,中京,6名6,2勝,有松特Ｈ･2勝,3,6,アビエルト,牡,5,荻野極, 56 ,16,4,１, ,芝1200,良,,(栗),杉山佳明,1085,-0.1,,4,4,34.8,500,+4,
,2022.12.18,中京,6名6,1勝,寒椿賞･1勝*,8,15,ニシノカシミヤ,牝,2,永野猛蔵, 54 ,15,4,１, ,ダ1400,良,,(美),伊藤圭三,1261,-0.2,,2,2,38.5,474,-2,
,2022.12.18,中京,6名6,1勝,１勝ｸﾗｽ,3,3,スナークレジスト,牡,5,永島まな,53★,10,8,１, ,ダ1800,良,,(栗),川村禎彦,1554,-0.0,8,10,9,39.0,502,-8,
,2022.12.18,中京,6名6,1勝,１勝ｸﾗｽ,7,8,キミコソシャチョウ,牡,3,ムルザバ, 56 ,10,3,１, ,ダ1800,良,*,(栗),森秀行,1554,-0.0,2,2,2,40.1,512,+1,
,2022.12.18,中京,6名6,1勝,１勝ｸﾗｽ,3,5,オーソレミオ,牝,3,横山和生, 54 ,16,3,１, ,芝1600,良,,(栗),昆貢,1353,-0.0,4,8,8,35.0,448,+8,
,2022.12.18,中京,6名6,1勝,１勝ｸﾗｽ・牝,8,13,エピックジョイ,牝,3,浜中俊, 54 ,13,2,１, ,ダ1800,良,,(栗),武幸四郎,1565,-0.1,2,2,2,40.8,484,-8,
,2022.12.18,中京,6名6,新馬,新馬,7,13,プウスカンドゥール,牝,2,横山琉人,52△,18,8,１, ,芝1400,良,,(栗),坂口智康,1230,-0.2,,10,9,34.9,444,,
,2022.12.18,中京,6名6,未勝利,未勝利*,4,8,カネフラ,牡,2,斎藤新, 55 ,18,4,１, ,芝2000,良,,(栗),高橋康之,2029,-0.0,5,6,5,36.2,466,+6,
,2022.12.18,中京,6名6,1勝,１勝ｸﾗｽ・若,2,4,トランキリテ,牡,3,団野大成, 56 ,16,1,１, ,ダ1400,良,,(栗),松永幹夫,1259,-0.2,,4,4,38.7,464,0,
,2022.12.18,中京,6名6,1勝,１勝ｸﾗｽ,6,7,ルーパステソーロ,牡,4,ムルザバ, 57 ,11,6,１, ,ダ1900,良,,(美),加藤士津,2031,-0.3,1,1,1,41.0,548,+6,
,2022.12.18,中京,6名6,未勝利,未勝利*,5,10,ケイエイト,牡,2,丸山元気, 55 ,16,7,１, ,ダ1800,良,,(栗),羽月友彦,1561,-0.7,2,2,2,39.1,464,+24,
,2022.12.17,中京,6名5,1勝,１勝ｸﾗｽ,1,1,コズミックフロスト,牝,3,西村淳也, 54 ,17,1,１, ,芝1400,良,,(美),高柳瑞樹,1214,-0.0,,7,5,34.6,456,0,
,2022.12.17,中京,6名5,3勝,尾頭橋Ｓ･3勝,2,3,ゴールドハイアー,牡,4,幸英明, 57 ,16,4,１, ,ダ1800,良,,(栗),大久保龍,1541,-0.0,7,7,7,36.6,492,+6,
,2022.12.17,中京,6名5,2勝,ヤングジ･2勝,1,2,タイキフォース,牡,4,泉谷楓真, 57 ,16,3,１, ,ダ1400,良,,(栗),牧浦充徳,1249,-0.7,,6,4,37.3,496,+6,
,2022.12.17,中京,6名5,ｵｰﾌﾟﾝ,中京２歳,7,7,ビッグシーザー,牡,2,幸英明, 56 ,10,1,１, ,芝1200,良,,(栗),西園正都,1080,-0.3,,2,3,33.3,502,+4,
,2022.12.17,中京,6名5,1勝,ヤングジ･1勝,2,3,エコルフリューゲル,牝,3,小林凌大, 54 ,16,1,１, ,芝2000,良,,(美),鈴木慎太,2014,-0.4,9,10,10,34.8,472,+2,
,2022.12.17,中京,6名5,1勝,１勝ｸﾗｽ,1,2,セイウンシデン,牡,3,永野猛蔵,55☆,16,11,１, ,ダ1200,良,,(美),稲垣幸雄,1126,-0.1,,8,8,36.0,516,+6,
,2022.12.17,中京,6名5,1勝,１勝ｸﾗｽ・牝,2,2,パンドレア,牝,3,団野大成, 54 ,15,8,１, ,芝1600,良,,(栗),斉藤崇史,1345,-0.1,7,7,5,34.6,446,-2,B
,2022.12.17,中京,6名5,新馬,新馬,1,1,ベンダバリラビア,牡,2,今村聖奈,52▲,8,1,１, ,ダ1800,良,,(栗),寺島良,1572,-0.2,7,7,7,37.1,526,,
,2022.12.17,中京,6名5,未勝利,未勝利*,1,2,ハッピーパンニャ,牡,2,永野猛蔵,54☆,16,5,１, ,芝1600,良,,(美),黒岩陽一,1347,-0.0,15,15,13,34.4,474,-6,
,2022.12.17,中京,6名5,1勝,１勝ｸﾗｽ,8,10,ハイラブハンター,牡,4,和田翼, 57 ,11,5,１, ,ダ1800,良,,(栗),谷潔,1551,-0.1,3,2,3,37.6,494,+10,
,2022.12.17,中京,6名5,1勝,１勝ｸﾗｽ,8,15,エーティーマクフィ,牡,3,富田暁, 56 ,16,1,１, ,ダ1400,良,,(栗),武英智,1252,-0.2,,2,2,37.8,472,-2,
,2022.12.17,中京,6名5,未勝利,未勝利・牝*,5,10,メイショウポペット,牝,2,角田大河,52△,16,2,１, ,ダ1800,良,*,(栗),角田晃一,1557,-1.2,3,2,2,39.4,488,+6,
,2022.12.11,中京,6名4,1勝,１勝ｸﾗｽ,1,1,ショウナンアデイブ,牡,3,西村淳也, 56 ,16,1,１, ,芝1600,良,,(栗),高野友和,1343,-0.0,3,4,3,34.2,504,-4,B
,2022.12.11,中京,6名4,3勝,知立Ｓ･3勝,3,6,マッドクール,牡,3,藤岡康太, 56 ,16,1,１, ,芝1200,良,,(栗),池添学,1072,-0.2,,5,4,33.3,530,+2,
,2022.12.11,中京,6名4,2勝,名古屋日･2勝,2,2,ヤマニンサルバム,牡,3,浜中俊, 56 ,11,1,１, ,芝2000,良,,(栗),中村直也,1595,-0.4,3,3,3,34.0,488,-8,
,2022.12.11,中京,6名4,1勝,大須特別･1勝,2,2,メイショウゲキリン,牡,3,幸英明, 56 ,10,1,１, ,ダ1800,良,,(栗),池添兼雄,1539,-0.1,1,2,2,38.7,512,+2,
,2022.12.11,中京,6名4,1勝,１勝ｸﾗｽ・若,1,1,カズプレスト,牡,3,亀田温心,55☆,16,2,１, ,ダ1400,良,,(栗),高柳大輔,1253,-0.5,,2,2,37.3,524,+3,
,2022.12.11,中京,6名4,1勝,１勝ｸﾗｽ,3,3,メイショウブレゲ,牡,3,今村聖奈,52▲,12,3,１, ,芝2200,良,,(栗),本田優,2125,-0.0,11,11,11,34.0,462,+14,
,2022.12.11,中京,6名4,1勝,１勝ｸﾗｽ・牝,1,1,アタカンテ,牝,3,鷲頭虎太,51▲,15,4,１, ,ダ1200,良,,(栗),藤原英昭,1132,-0.2,,5,4,37.8,482,-22,B
,2022.12.11,中京,6名4,新馬,新馬,5,6,アステロイドメア,牝,2,横山琉人,52△,12,6,１, ,ダ1400,良,,(美),武市康男,1268,-0.0,,9,8,37.5,476,,
,2022.12.11,中京,6名4,未勝利,未勝利・牝*,6,12,ベガリス,牝,2,小沢大仁,53☆,18,4,１, ,芝1400,良,,(栗),高橋義忠,1214,-0.0,,2,3,35.3,422,-4,
,2022.12.11,中京,6名4,1勝,１勝ｸﾗｽ,7,9,タシロ,牡,5,杉原誠人, 57 ,11,6,１, ,ダ1900,良,,(美),伊藤大士,2020,-0.1,5,5,5,37.9,528,-10,B
,2022.12.11,中京,6名4,未勝利,未勝利*,8,13,キョウエイゲイル,牡,2,高倉稜, 55 ,13,4,１, ,ダ1400,良,,(栗),田中克典,1261,-0.5,,2,3,39.2,474,+6,
,2022.12.11,中京,6名4,未勝利,未勝利*,7,9,ササヤキ,牡,2,浜中俊, 55 ,11,5,１, ,ダ1800,良,,(栗),畑端省吾,1559,-0.2,10,2,2,38.5,536,+2,
,2022.12.10,中京,6名3,1勝,１勝ｸﾗｽ,5,9,ベンガン,牡,5,岩田望来, 57 ,18,5,１, ,芝1200,良,,(栗),千田輝彦,1083,-0.0,,4,4,33.5,466,-2,
,2022.12.10,中京,6名3,Ｇ３,中日新聞ＨG3,1,1,キラーアビリティ,牡,3,団野大成, 56 ,18,5,１, ,芝2000,良,*,(栗),斉藤崇史,1594,-0.0,13,12,13,34.0,470,0,
,2022.12.10,中京,6名3,2勝,犬山特別･2勝,7,14,コルドンルージュ,牝,3,イーガン, 54 ,16,2,１, ,ダ1900,良,,(栗),斉藤崇史,2003,-0.4,3,2,2,39.2,500,-4,
,2022.12.10,中京,6名3,1勝,つわぶき･1勝,1,1,ルミノメテオール,牝,2,Ｍ．デム, 54 ,13,7,１, ,芝1400,良,,(美),金成貴史,1208,-0.1,,7,7,33.6,442,+2,
,2022.12.10,中京,6名3,1勝,１勝ｸﾗｽ,1,1,アイアムイチリュウ,牡,5,永島まな,53★,9,5,１, ,ダ1800,良,,(美),奥平雅士,1545,-0.0,7,7,7,36.9,514,-2,B
,2022.12.10,中京,6名3,1勝,１勝ｸﾗｽ・牝,2,2,ロマンシングブルー,牝,3,イーガン, 54 ,15,2,１, ,芝2000,良,,(栗),渡辺薫彦,1599,-0.4,2,2,2,34.1,468,+2,
,2022.12.10,中京,6名3,1勝,１勝ｸﾗｽ,1,1,セイカフォルゴーレ,牡,3,横山琉人,54△,15,7,１, ,ダ1400,良,,(美),相沢郁,1247,-0.6,,1,1,38.1,510,+2,
,2022.12.10,中京,6名3,未勝利,未勝利*,4,4,ジェモロジー,牝,2,イーガン, 54 ,13,1,１, ,芝2000,良,,(栗),橋口慎介,2003,-0.8,4,4,4,35.2,482,-4,
,2022.12.10,中京,6名3,未勝利,未勝利*,3,6,マイネルフォルツァ,牡,2,Ｍ．デム, 55 ,16,6,１, ,芝1600,良,,(美),金成貴史,1360,-0.1,2,1,1,34.8,494,-4,
,2022.12.10,中京,6名3,1勝,１勝ｸﾗｽ,4,6,メイショウクリフト,牡,3,岩田望来, 56 ,14,2,１, ,ダ1200,良,,(栗),笹田和秀,1122,-0.2,,5,4,36.0,448,-2,
,2022.12.10,中京,6名3,1勝,１勝ｸﾗｽ・牝,5,6,フレンチギフト,牝,3,西村淳也, 54 ,12,1,１, ,ダ1800,良,,(美),中川公成,1530,-1.5,7,5,5,37.2,466,+2,
,2022.12.10,中京,6名3,未勝利,未勝利*,3,3,ミルトプライム,牡,2,西村淳也, 55 ,13,2,１, ,ダ1200,良,,(栗),杉山晴紀,1132,-0.1,,1,1,37.3,470,0,
,"2022.12. 4",中京,6名2,1勝,栄特別･1勝,8,10,ストップザタイム,牡,3,古川吉洋, 55 ,11,1,１, ,芝2200,良,,(栗),昆貢,2150,-0.0,3,3,3,34.3,518,+10,
,"2022.12. 4",中京,6名2,Ｇ１,チャンピG1,3,5,ジュンライトボルト,牡,5,石川裕紀, 57 ,16,3,１, ,ダ1800,良,,(栗),友道康夫,1519,-0.0,9,8,10,36.2,486,+8,
,"2022.12. 4",中京,6名2,2勝,豊川特別･2勝,4,7,ファーンヒル,牡,3,武豊, 56 ,16,1,１, ,ダ1200,良,,(栗),清水久詞,1120,-0.7,,6,6,36.8,466,-2,
,"2022.12. 4",中京,6名2,1勝,こうやま･1勝,7,10,コレペティトール,牡,2,松山弘平, 55 ,12,2,１, ,芝1600,良,,(栗),中竹和也,1346,-0.2,8,7,7,34.6,472,0,
,"2022.12. 4",中京,6名2,1勝,１勝ｸﾗｽ,4,8,ケデシュ,牝,3,レーン, 54 ,18,2,１, ,芝1400,良,,(栗),上村洋行,1204,-0.1,,4,4,35.0,482,+16,
,"2022.12. 4",中京,6名2,1勝,１勝ｸﾗｽ,3,3,アスクビックスター,牡,3,古川奈穂,52★,12,5,１, ,ダ1800,良,,(栗),矢作芳人,1540,-0.2,1,1,1,38.0,472,+6,
,"2022.12. 4",中京,6名2,1勝,１勝ｸﾗｽ,6,11,ベジェサ,牝,3,武豊, 54 ,16,3,１, ,ダ1200,良,,(栗),飯田祐史,1131,-0.1,,2,2,37.4,498,+4,
,"2022.12. 4",中京,6名2,新馬,新馬,1,1,ワンダイレクト,牡,2,ルメール, 55 ,9,3,１, ,芝2000,良,,(栗),藤岡健一,2025,-0.0,6,6,6,34.1,444,,
,"2022.12. 4",中京,6名2,未勝利,未勝利*,2,4,スカイロケット,牡,2,ムーア, 55 ,18,1,１, ,芝1400,良,,(栗),須貝尚介,1214,-0.3,,7,7,35.1,426,+4,
,"2022.12. 4",中京,6名2,1勝,１勝ｸﾗｽ・牝,2,4,ソールズベリー,牝,3,佐々木大,51▲,16,5,１, ,ダ1400,良,,(美),竹内正洋,1259,-0.0,,1,2,39.2,450,-4,
,"2022.12. 4",中京,6名2,1勝,１勝ｸﾗｽ,6,6,レッドファーロ,牡,3,横山典弘, 56 ,10,4,１, ,ダ1900,良,,(栗),松永幹夫,2004,-0.5,9,7,7,37.6,510,+20,
,"2022.12. 4",中京,6名2,未勝利,未勝利・牝*,5,8,ツーエムルーイー,牝,2,鮫島克駿, 54 ,14,3,１, ,ダ1800,良,,(栗),高柳大輔,1563,-0.0,2,2,2,38.6,514,-8,
,"2022.12. 3",中京,6名1,1勝,１勝ｸﾗｽ,2,3,ホウオウバニラ,牝,3,横山典弘, 54 ,16,1,１, ,芝2000,良,,(栗),安田翔伍,2011,-0.2,6,8,9,35.0,436,+4,
,"2022.12. 3",中京,6名1,3勝,飛騨Ｓ･3勝,4,4,サトノアイ,牝,4,西村淳也, 55 ,11,5,１, ,芝1400,良,,(栗),須貝尚介,1201,-0.1,,6,6,34.5,454,+8,
,"2022.12. 3",中京,6名1,2勝,中京日Ｈ･2勝,8,10,エンペザー,牡,3,西村淳也, 55 ,10,1,１, ,芝1600,良,,(栗),田中克典,1338,-0.4,1,1,1,34.1,494,+2,
,"2022.12. 3",中京,6名1,2勝,鳴海特別･2勝,2,3,アーテルアストレア,牝,3,菱田裕二, 54 ,15,1,１, ,ダ1800,良,,(栗),橋口慎介,1541,-0.3,12,15,15,36.2,454,0,
,"2022.12. 3",中京,6名1,1勝,１勝ｸﾗｽ,4,6,メイショウキッド,牡,3,横山典弘, 56 ,15,2,１, ,ダ1400,良,,(栗),本田優,1257,-0.0,,7,8,36.7,516,+2,
,"2022.12. 3",中京,6名1,1勝,１勝ｸﾗｽ,8,15,ヒルノショパン,牡,3,横山典弘, 56 ,16,3,１, ,芝1600,良,,(栗),昆貢,1345,-0.1,1,1,1,34.4,448,+4,
,"2022.12. 3",中京,6名1,1勝,１勝ｸﾗｽ・若,1,1,ヴィンテージボンド,牡,3,斎藤新, 56 ,10,3,１, ,ダ1800,良,,(栗),西園正都,1552,-0.7,2,2,1,37.1,486,0,
,"2022.12. 3",中京,6名1,1勝,１勝ｸﾗｽ,1,1,ストームゾーン,牡,3,西村淳也, 56 ,16,2,１, ,ダ1200,良,,(栗),杉山晴紀,1119,-0.5,,1,1,37.0,516,+6,
,"2022.12. 3",中京,6名1,未勝利,未勝利*,3,6,シェイクユアハート,牡,2,藤岡康太, 55 ,16,4,１, ,芝2000,良,,(栗),宮徹,2010,-0.3,7,7,5,36.3,432,-8,
,"2022.12. 3",中京,6名1,1勝,１勝ｸﾗｽ・牝,5,6,リースタル,牝,3,西村淳也, 54 ,13,2,１, ,ダ1800,良,,(栗),森田直行,1551,-0.5,2,2,2,37.9,442,+2,B
,"2022.12. 3",中京,6名1,未勝利,未勝利*,6,12,ユメハハテシナク,牡,2,幸英明, 55 ,16,3,１, ,ダ1400,良,,(栗),石坂公一,1268,-0.0,,2,2,37.8,468,+2,
,"2022.12. 3",中京,6名1,未勝利,未勝利*,8,13,グランデスフィーダ,牡,2,鮫島克駿, 55 ,14,1,１, ,ダ1800,良,,(栗),池江泰寿,1550,-0.0,3,3,3,38.4,528,+10,
,"2022.10. 2",中京,5名9,2勝,２勝ｸﾗｽ,8,16,カセノダンサー,牝,3,吉田隼人, 53 ,16,1,１, ,ダ1400,良,,(栗),中尾秀正,1235,-0.7,,2,2,36.6,480,+14,
,"2022.10. 2",中京,5名9,OP(L),ポートア(L),7,9,アルサトワ,牡,5,幸英明, 57 ,12,4,１, ,芝1600,良,,(栗),斉藤崇史,1331,-0.1,1,1,1,33.9,516,0,
,"2022.10. 2",中京,5名9,3勝,白川郷Ｓ･3勝,5,9,ヴィアメント,セ,5,藤岡佑介, 57 ,15,4,１, ,ダ1900,良,,(美),鹿戸雄一,1590,-0.5,14,12,12,36.7,480,+2,B
,"2022.10. 2",中京,5名9,2勝,浜名湖特･2勝,8,9,スワヤンブナート,セ,3,吉田隼人, 55 ,10,2,１, ,芝2000,良,,(栗),須貝尚介,2024,-0.1,2,2,2,34.0,502,-2,
,"2022.10. 2",中京,5名9,1勝,１勝ｸﾗｽ,3,5,レゾンドゥスリール,セ,4,松若風馬, 57 ,17,8,１, ,芝1400,良,,(栗),辻野泰之,1201,-0.0,,4,4,34.5,454,+10,
,"2022.10. 2",中京,5名9,1勝,１勝ｸﾗｽ,1,2,ワンダーブレット,セ,3,小牧太, 55 ,16,1,１, ,ダ1800,良,,(栗),笹田和秀,1532,-0.3,1,1,1,39.3,500,+10,
,"2022.10. 2",中京,5名9,1勝,１勝ｸﾗｽ,7,12,コルドンルージュ,牝,3,岩田望来, 53 ,15,1,１, ,ダ1900,良,,(栗),斉藤崇史,2005,-0.5,1,1,1,39.7,504,+12,
,"2022.10. 2",中京,5名9,新馬,新馬,2,2,ダノンペドロ,牡,2,岩田望来, 55 ,14,3,１, ,芝2000,良,,(栗),寺島良,2036,-0.1,6,5,3,34.5,474,,
,"2022.10. 2",中京,5名9,新馬,新馬,4,4,タガノエヴリン,牝,2,角田大河,51▲,13,1,１, ,ダ1400,良,,(栗),石橋守,1265,-0.2,,4,4,37.4,470,,
,"2022.10. 2",中京,5名9,未勝利,未勝利*,6,8,メランポジューム,牝,2,吉田隼人, 54 ,13,1,１, ,芝1600,良,,(栗),高野友和,1354,-0.1,8,8,8,34.4,450,0,
,"2022.10. 2",中京,5名9,未勝利,未勝利*,7,9,ナムラジョシュア,牡,2,藤岡康太, 55 ,11,9,１, ,ダ1200,良,,(栗),羽月友彦,1132,-0.1,,3,3,37.2,468,+6,
,"2022.10. 2",中京,5名9,未勝利,未勝利*,8,11,デルマソトガケ,牡,2,松若風馬, 55 ,11,1,１, ,ダ1800,良,,(栗),音無秀孝,1538,-0.7,2,2,1,38.1,492,+2,
,"2022.10. 1",中京,5名8,2勝,２勝ｸﾗｽ,1,1,ルピナスリード,牝,3,池添謙一, 53 ,13,1,１, ,芝1400,良,,(栗),吉岡辰弥,1197,-0.1,,5,5,34.1,456,+6,
,"2022.10. 1",中京,5名8,Ｇ３,シリウスＨG3,5,9,ジュンライトボルト,牡,5,石川裕紀, 56 ,16,4,１, ,ダ1900,良,,(栗),友道康夫,1577,-0.1,7,7,7,37.6,478,-2,
,"2022.10. 1",中京,5名8,3勝,関ケ原Ｓ･3勝,7,14,サンテローズ,牝,5,福永祐一, 55 ,17,4,１, ,芝2000,良,,(栗),西村真幸,1590,-0.1,7,7,7,34.1,530,+10,
,"2022.10. 1",中京,5名8,1勝,ヤマボウ･1勝,5,5,オマツリオトコ,牡,2,松山弘平, 55 ,9,2,１, ,ダ1400,良,,(美),伊藤圭三,1243,-0.3,,6,5,37.2,480,+4,
,"2022.10. 1",中京,5名8,2勝,２勝ｸﾗｽ,1,1,トウセツ,牡,3,藤岡康太, 55 ,15,1,１, ,ダ1900,良,,(栗),杉山佳明,2002,-0.1,6,6,5,38.2,480,-2,
,"2022.10. 1",中京,5名8,1勝,１勝ｸﾗｽ,6,10,ボルザコフスキー,牡,3,松山弘平, 55 ,14,3,１, ,芝1600,良,,(栗),清水久詞,1335,-0.0,4,3,3,34.2,506,+8,
,"2022.10. 1",中京,5名8,1勝,１勝ｸﾗｽ,3,5,ヘネラルカレーラ,牝,4,角田大河,52▲,16,4,１, ,芝2200,良,,(栗),角田晃一,2124,-0.2,2,2,2,34.8,474,0,
,"2022.10. 1",中京,5名8,新馬,新馬,8,13,ダノンタッチダウン,牡,2,福永祐一, 55 ,14,1,１, ,芝1600,良,,(栗),安田隆行,1364,-0.2,8,9,9,33.6,532,,
,"2022.10. 1",中京,5名8,1勝,１勝ｸﾗｽ,7,13,ロードアラビアン,牡,3,福永祐一, 55 ,16,1,１, ,ダ1400,良,,(栗),四位洋文,1242,-0.5,,7,7,36.9,520,+22,
,"2022.10. 1",中京,5名8,新馬,新馬,5,6,プラーヴィ,牡,2,松山弘平, 55 ,12,1,１, ,ダ1800,良,,(栗),杉山晴紀,1550,-0.5,4,5,3,38.3,458,,
,"2022.10. 1",中京,5名8,未勝利,未勝利*,4,4,ビップクロエ,牝,2,和田竜二, 54 ,10,6,１, ,芝2000,良,,(栗),松下武士,2014,-0.4,1,1,1,34.9,454,-2,
,"2022.10. 1",中京,5名8,未勝利,未勝利・牝*,6,11,メアリー,牝,2,団野大成, 54 ,15,2,１, ,ダ1400,良,,(栗),浜田多実,1261,-0.2,,1,1,38.6,468,0,
,"2022. 9.25",中京,5名7,2勝,２勝ｸﾗｽ,4,7,フルム,牡,3,水口優也, 55 ,16,2,１, ,ダ1200,良,,(栗),浜田多実,1116,-0.6,,13,13,35.5,470,-2,
,"2022. 9.25",中京,5名7,Ｇ２,神戸新聞G2,4,7,ジャスティンパレス,牡,3,鮫島克駿, 56 ,17,5,１, ,芝2200,良,,(栗),杉山晴紀,2111,-0.6,5,4,3,34.4,452,+4,
,"2022. 9.25",中京,5名7,3勝,桶狭間Ｓ･3勝,6,12,ファシネートゼット,牝,5,北村友一, 55 ,16,9,１, ,ダ1400,良,,(栗),平田修,1236,-0.0,,14,14,35.2,486,+10,
,"2022. 9.25",中京,5名7,2勝,知多特別･2勝,5,10,マッドクール,牡,3,坂井瑠星, 55 ,17,1,１, ,芝1200,良,,(栗),池添学,1077,-0.1,,2,2,33.9,528,0,
,"2022. 9.25",中京,5名7,1勝,１勝ｸﾗｽ,5,6,ヴェールランス,牡,3,ルメール, 54 ,13,2,１, ,芝2000,良,,(栗),藤岡健一,1592,-0.1,2,3,3,35.1,436,0,
,"2022. 9.25",中京,5名7,1勝,１勝ｸﾗｽ,6,6,クロニクル,牡,3,吉田隼人, 54 ,11,1,１, ,ダ1800,稍,,(栗),田中克典,1539,-0.6,3,2,2,38.7,504,+6,
,"2022. 9.25",中京,5名7,1勝,１勝ｸﾗｽ・牝,8,16,ワンダーキサラ,牝,3,角田大河,50▲,16,5,１, ,ダ1400,稍,,(栗),石橋守,1248,-0.6,,2,2,37.0,446,+2,
,"2022. 9.25",中京,5名7,新馬,新馬,7,7,バロッサヴァレー,牝,2,北村友一, 54 ,8,3,１, ,芝2000,良,,(栗),高野友和,2019,-0.2,5,4,2,34.2,452,,
,"2022. 9.25",中京,5名7,新馬,新馬,3,3,ルクルス,牡,2,武豊, 54 ,8,2,１, ,ダ1200,稍,,(栗),松永幹夫,1139,-0.5,,2,2,38.4,502,,
,"2022. 9.25",中京,5名7,未勝利,未勝利*,3,4,モズライフセーバー,牡,2,吉田隼人, 54 ,15,9,１, ,芝1400,良,,(栗),清水久詞,1217,-0.0,,8,8,34.9,472,+2,
,"2022. 9.25",中京,5名7,未勝利,未勝利*,4,5,メイクザビート,牡,2,和田竜二, 54 ,13,1,１, ,ダ1800,稍,,(栗),西園正都,1548,-0.3,6,3,3,38.8,492,+2,
,"2022. 9.25",中京,5名7,未勝利,障害未勝利,5,6,ロードアクア,牡,6,難波剛健, 60 ,12,4,１, ,芝3000,良,,(栗),中村直也,3192,-0.0,1,1,2,13.3,484,+12,
,"2022. 9.24",中京,5名6,2勝,２勝ｸﾗｽ,8,12,キュールエフウジン,牡,3,吉田隼人, 54 ,13,2,１, ,ダ1800,稍,,(栗),中尾秀正,1519,-0.6,5,4,3,38.5,480,-18,
,"2022. 9.24",中京,5名6,3勝,豊明ＳＨ･3勝,2,4,ショウナンバニラ,牝,6,池添謙一, 53 ,17,7,１, ,芝1200,良,,(美),武市康男,1075,-0.2,,6,5,33.6,442,-8,
,"2022. 9.24",中京,5名6,2勝,夕月特別･2勝,4,4,タガノフィナーレ,牝,3,岩田望来, 52 ,11,6,１, ,芝2000,良,,(栗),中村直也,2001,-0.0,1,1,1,35.1,488,0,
,"2022. 9.24",中京,5名6,ｵｰﾌﾟﾝ,野路菊Ｓ,1,1,ファントムシーフ,牡,2,福永祐一, 54 ,7,2,１, ,芝2000,良,,(栗),西村真幸,2002,-0.3,4,3,3,33.5,492,+8,
,"2022. 9.24",中京,5名6,1勝,１勝ｸﾗｽ,4,8,サンライズアムール,牡,3,福永祐一, 55 ,16,1,１, ,ダ1200,重,,(栗),小林真也,1113,-0.2,,11,10,35.9,500,+8,
,"2022. 9.24",中京,5名6,1勝,１勝ｸﾗｽ,4,7,ルージュスティリア,牝,3,福永祐一, 53 ,16,2,１, ,芝1600,良,,(栗),藤原英昭,1333,-0.0,3,3,4,33.4,484,+20,
,"2022. 9.24",中京,5名6,1勝,１勝ｸﾗｽ,8,8,プリモスペランツァ,牡,3,角田大河,51▲,9,1,１, ,ダ1900,重,,(栗),中竹和也,1584,-2.1,6,4,4,38.4,486,+4,
,"2022. 9.24",中京,5名6,新馬,新馬,3,4,オオバンブルマイ,牡,2,角田大河,51▲,14,5,１, ,芝1400,良,,(栗),吉村圭司,1221,-0.2,,3,3,35.1,414,,
,"2022. 9.24",中京,5名6,新馬,新馬・牝,8,10,セラドナイト,牝,2,ルメール, 54 ,10,2,１, ,ダ1400,不,,(美),木村哲也,1251,-0.2,,2,2,36.6,424,,
,"2022. 9.24",中京,5名6,未勝利,未勝利*,4,4,エゾダイモン,牡,2,武豊, 54 ,11,4,１, ,芝2000,稍,,(栗),武幸四郎,2008,-0.2,4,4,3,34.9,466,+12,
,"2022. 9.24",中京,5名6,未勝利,未勝利*,4,4,ロードフォンス,牡,2,松若風馬, 54 ,13,8,１, ,ダ1400,不,,(栗),安田翔伍,1250,-0.0,,3,3,38.3,452,-4,
,"2022. 9.24",中京,5名6,未勝利,未勝利*,8,9,フェルヴェンテ,牡,2,川田将雅, 54 ,10,3,１, ,ダ1800,不,,(栗),加用正,1530,-0.3,2,2,2,37.6,466,+2,
,"2022. 9.19",中京,5名5,1勝,１勝ｸﾗｽ,6,10,シャウビンダー,牝,3,酒井学, 53 ,15,15,１, ,芝1200,不,,(栗),須貝尚介,1105,-0.0,,9,10,35.2,410,-4,
,"2022. 9.19",中京,5名5,3勝,JRAアＨ･3勝,5,9,フラーレン,牝,5,坂井瑠星, 53 ,16,3,１, ,ダ1800,重,,(栗),牧田和弥,1505,-0.3,1,1,1,37.4,520,+12,
,"2022. 9.19",中京,5名5,2勝,ジェン･2勝,7,9,コスタボニータ,牝,3,藤岡康太, 53 ,11,1,１, ,芝1600,稍,,(栗),杉山佳明,1346,-0.2,5,5,5,34.9,462,+8,
,"2022. 9.19",中京,5名5,1勝,金山特別･1勝,2,2,レッドバリエンテ,牡,3,川田将雅, 54 ,8,1,１, ,芝2200,稍,,(栗),中内田充,2143,-0.3,5,5,5,34.1,470,-4,
,"2022. 9.19",中京,5名5,1勝,１勝ｸﾗｽ,5,6,スーパーチーフ,牡,3,坂井瑠星, 54 ,12,1,１, ,ダ1900,稍,,(栗),斉藤崇史,2008,-0.1,8,6,4,37.9,486,+6,
,"2022. 9.19",中京,5名5,1勝,１勝ｸﾗｽ,7,12,キュートヴィラン,牝,3,福永祐一, 53 ,15,1,１, ,ダ1400,稍,,(栗),四位洋文,1249,-0.4,,5,5,37.8,464,-10,
,"2022. 9.19",中京,5名5,1勝,１勝ｸﾗｽ・牝,3,3,ヴァランシエンヌ,牝,3,藤岡康太, 52 ,11,2,１, ,ダ1800,稍,,(栗),西村真幸,1542,-0.3,5,1,1,39.1,464,-2,B
,"2022. 9.19",中京,5名5,新馬,新馬,4,6,オーシャントライブ,牡,2,吉田隼人, 54 ,14,12,１, ,芝1600,稍,,(栗),高柳大輔,1366,-0.0,11,9,9,35.1,446,,
,"2022. 9.19",中京,5名5,新馬,新馬,4,4,テレパシー,牝,2,和田竜二, 54 ,12,7,１, ,ダ1800,稍,,(栗),石坂公一,1556,-0.3,3,3,3,38.2,492,,
,"2022. 9.19",中京,5名5,未勝利,未勝利*,8,8,ラスハンメル,牡,2,藤岡康太, 54 ,8,1,１, ,芝2000,稍,,(栗),松永幹夫,2023,-0.2,2,2,2,35.6,514,-2,
,"2022. 9.19",中京,5名5,未勝利,未勝利*,8,9,エクロジャイト,牡,2,坂井瑠星, 54 ,10,1,１, ,ダ1400,稍,,(栗),安田隆行,1265,-0.4,,6,6,37.9,506,+12,
,"2022. 9.19",中京,5名5,未勝利,未勝利・牝*,8,10,マルカラピッド,牝,2,小沢大仁,53☆,10,4,１, ,ダ1200,稍,,(栗),今野貞一,1121,-0.3,,2,2,37.1,464,0,
,"2022. 9.18",中京,5名4,2勝,２勝ｸﾗｽ,7,14,ドンフランキー,牡,3,池添謙一, 55 ,16,1,１, ,ダ1400,良,,(栗),斉藤崇史,1228,-0.9,,2,2,36.1,584,+10,
,"2022. 9.18",中京,5名4,Ｇ２,ローズＳG2,5,8,アートハウス,牝,3,川田将雅, 54 ,14,1,１, ,芝2000,良,,(栗),中内田充,1585,-0.1,4,5,3,34.2,476,0,
,"2022. 9.18",中京,5名4,3勝,納屋橋Ｓ･3勝,1,1,ママコチャ,牝,3,松山弘平, 53 ,13,1,１, ,芝1600,良,*,(栗),池江泰寿,1334,-0.1,2,3,2,33.2,484,+2,
,"2022. 9.18",中京,5名4,2勝,木曽川特･2勝,4,4,アーティット,牡,3,坂井瑠星, 54 ,11,3,１, ,芝2200,良,,(栗),友道康夫,2121,-0.2,2,2,2,34.0,480,0,
,"2022. 9.18",中京,5名4,1勝,１勝ｸﾗｽ,4,6,サンライズホーク,セ,3,国分優作, 55 ,15,2,１, ,ダ1200,良,,(栗),牧浦充徳,1117,-0.0,,3,3,36.7,496,+6,
,"2022. 9.18",中京,5名4,1勝,１勝ｸﾗｽ・牝,3,4,シンシアウィッシュ,牝,3,浜中俊, 52 ,15,1,１, ,芝2000,良,,(栗),吉村圭司,1592,-0.4,2,2,2,34.2,452,+8,
,"2022. 9.18",中京,5名4,1勝,１勝ｸﾗｽ,1,1,ダノンフォーナイン,牡,3,川田将雅, 54 ,11,2,１, ,ダ1800,良,,(栗),音無秀孝,1525,-0.3,1,1,1,37.5,500,-6,
,"2022. 9.18",中京,5名4,新馬,新馬,7,8,ハーツコンチェルト,牡,2,松山弘平, 54 ,11,1,１, ,芝2000,良,,(美),武井亮,2016,-1.3,8,2,3,33.9,492,,
,"2022. 9.18",中京,5名4,新馬,新馬,3,3,ルーカスミノル,牡,2,荻野極, 54 ,13,12,１, ,ダ1400,良,,(栗),本田優,1257,-0.3,,2,2,38.6,510,,
,"2022. 9.18",中京,5名4,未勝利,未勝利*,1,1,ビッグシーザー,牡,2,幸英明, 54 ,8,1,１, ,芝1200,良,,(栗),西園正都,1079,-0.4,,1,1,34.4,496,+4,
,"2022. 9.18",中京,5名4,未勝利,未勝利*,5,5,ツウカイリアル,牡,2,幸英明, 54 ,7,1,１, ,ダ1800,良,,(栗),庄野靖志,1551,-1.0,3,1,1,40.5,480,+4,
,"2022. 9.18",中京,5名4,未勝利,未勝利*,2,2,ノースディーバ,牡,2,坂井瑠星, 54 ,10,1,１, ,ダ1200,良,,(栗),鮫島一歩,1132,-0.0,,1,1,37.4,514,+4,
,"2022. 9.17",中京,5名3,1勝,１勝ｸﾗｽ,6,11,スプラウティング,牡,3,幸英明, 55 ,16,3,１, ,ダ1400,良,,(栗),西園正都,1242,-0.1,,2,2,37.6,494,-4,B
,"2022. 9.17",中京,5名3,ｵｰﾌﾟﾝ,ケフェウＨ,2,2,コスモカレンドゥラ,牡,6,幸英明, 54 ,10,9,１, ,芝2000,良,,(美),田中博康,1576,-0.2,1,1,1,34.6,460,-6,
,"2022. 9.17",中京,5名3,2勝,大府特別･2勝,5,8,ビヨンドザファザー,牡,3,坂井瑠星, 54 ,15,1,１, ,ダ1800,良,,(栗),藤岡健一,1519,-0.4,9,10,9,37.0,502,+2,
,"2022. 9.17",中京,5名3,ｵｰﾌﾟﾝ,ききょう,4,4,アロマデローサ,牝,2,福永祐一, 54 ,11,2,１, ,芝1400,良,,(栗),池添学,1204,-0.2,,5,5,34.1,442,+2,
,"2022. 9.17",中京,5名3,ＪＧ３,阪神ジャJG3,5,8,ホッコーメヴィウス,セ,6,黒岩悠, 60 ,14,1,１, ,芝3300,良,,(栗),清水久詞,3334,-0.6,1,1,1,12.9,476,+8,
,"2022. 9.17",中京,5名3,1勝,１勝ｸﾗｽ・牝,1,1,メイショウヒヅクリ,牝,3,角田大河,50▲,14,2,１, ,ダ1200,良,,(栗),角田晃一,1116,-0.6,,1,1,36.5,464,-10,
,"2022. 9.17",中京,5名3,1勝,１勝ｸﾗｽ,5,6,サンマルレジェンド,牡,4,酒井学, 57 ,12,4,１, ,ダ1800,良,,(栗),大橋勇樹,1526,-0.6,1,1,1,37.3,482,-10,
,"2022. 9.17",中京,5名3,新馬,新馬,3,3,トレンディスター,牝,2,川田将雅, 54 ,10,1,１, ,芝1200,良,,(栗),高柳大輔,1089,-0.5,,1,1,33.5,494,,
,"2022. 9.17",中京,5名3,1勝,１勝ｸﾗｽ,2,2,シャンバラ,牡,3,川田将雅, 54 ,11,2,１, ,ダ1900,良,,(栗),橋口慎介,1594,-0.2,3,4,3,37.3,508,0,
,"2022. 9.17",中京,5名3,未勝利,未勝利*,8,14,ショウナンアレクサ,牡,2,岩田康誠, 54 ,14,1,１, ,芝1600,良,,(栗),清水久詞,1342,-0.1,3,3,3,34.0,478,-6,
,"2022. 9.17",中京,5名3,未勝利,未勝利*,3,3,ゴライコウ,牡,2,幸英明, 54 ,8,2,１, ,ダ1800,良,,(栗),新谷功一,1556,-0.5,2,2,2,37.8,500,+6,B
,"2022. 9.17",中京,5名3,未勝利,未勝利*,6,6,ドライグ,牡,2,幸英明, 54 ,10,3,１, ,ダ1400,良,,(栗),大根田裕,1274,-0.1,,2,4,38.8,460,-8,
,"2022. 9.11",中京,5名2,1勝,１勝ｸﾗｽ,5,6,ララヴォルシエル,牡,3,和田竜二, 55 ,12,2,１, ,芝1600,良,,(栗),辻野泰之,1322,-0.5,9,10,10,33.9,432,0,
,"2022. 9.11",中京,5名2,Ｇ２,セントウG2,4,5,メイケイエール,牝,4,池添謙一, 55 ,13,1,１, ,芝1200,良,,(栗),武英智,1062,-0.4,,5,5,32.9,484,+14,
,"2022. 9.11",中京,5名2,3勝,浜松ＳＨ･3勝,3,6,クロジシジョー,牡,3,菱田裕二, 54 ,16,4,１, ,ダ1200,稍,*,(栗),岡田稲男,1102,-0.1,,11,10,35.5,432,-4,
,"2022. 9.11",中京,5名2,2勝,長久手特･2勝,3,3,ハートオブアシティ,牡,4,菱田裕二, 57 ,8,3,１, ,芝2000,良,,(栗),森田直行,2000,-0.1,5,5,5,33.9,442,+6,
,"2022. 9.11",中京,5名2,1勝,１勝ｸﾗｽ,2,2,フォーチュンテラー,牡,3,福永祐一, 55 ,13,1,１, ,ダ1400,稍,,(栗),浜田多実,1235,-0.1,,3,3,37.1,464,+2,
,"2022. 9.11",中京,5名2,1勝,１勝ｸﾗｽ,1,1,メディシス,牝,4,藤岡康太, 55 ,12,6,１, ,ダ1200,稍,,(栗),杉山佳明,1109,-0.3,,1,1,37.2,492,+8,B
,"2022. 9.11",中京,5名2,1勝,１勝ｸﾗｽ・牝,8,12,ハギノメーテル,牝,3,今村聖奈,49★,12,1,１, ,ダ1800,稍,,(栗),寺島良,1523,-0.4,2,1,1,37.9,500,+16,
,"2022. 9.11",中京,5名2,新馬,新馬,1,1,オープンファイア,牡,2,ルメール, 54 ,7,1,１, ,芝2000,良,,(栗),斉藤崇史,2058,-0.0,6,5,5,33.4,512,,
,"2022. 9.11",中京,5名2,新馬,新馬,5,8,テーオーリカード,牡,2,松山弘平, 54 ,14,6,１, ,ダ1800,稍,,(栗),高柳大輔,1535,-0.3,2,2,2,38.0,480,,
,"2022. 9.11",中京,5名2,未勝利,未勝利*,7,11,ロードスパイラル,牡,2,福永祐一, 54 ,13,1,１, ,芝1400,良,,(栗),清水久詞,1213,-0.1,,8,8,34.7,460,+4,
,"2022. 9.11",中京,5名2,未勝利,未勝利・牝*,7,8,トゥーテイルズ,牝,2,今村聖奈,50★,11,4,１, ,芝1600,良,,(栗),藤原英昭,1352,-0.1,2,3,3,34.3,466,+10,
,"2022. 9.11",中京,5名2,未勝利,未勝利*,6,6,ビューティーワン,牝,2,川田将雅, 54 ,11,1,１, ,ダ1800,稍,,(栗),武英智,1539,-0.6,5,3,3,38.2,502,+8,
,"2022. 9.10",中京,5名1,2勝,２勝ｸﾗｽ,1,2,ラインガルーダ,牡,5,小沢大仁,56☆,16,9,１, ,ダ1200,重,,(栗),松永昌博,1091,-0.8,,1,1,35.5,466,-2,
,"2022. 9.10",中京,5名1,OP(L),エニフＳ(L),1,1,チェーンオブラブ,牝,5,菅原明良, 54 ,16,2,１, ,ダ1400,重,,(美),小笠倫弘,1216,-0.0,,15,14,35.0,482,+4,
,"2022. 9.10",中京,5名1,3勝,ムーンＨ･3勝,7,9,レインカルナティオ,牡,5,川田将雅, 56 ,12,2,１, ,芝2200,稍,,(美),小西一男,2119,-0.0,10,8,7,34.5,496,+6,
,"2022. 9.10",中京,5名1,2勝,日進特別･2勝,6,9,メイショウユズルハ,牡,3,岩田康誠, 54 ,13,1,１, ,ダ1800,重,,(栗),岡田稲男,1496,-1.1,2,2,1,36.2,486,+2,B
,"2022. 9.10",中京,5名1,1勝,１勝ｸﾗｽ,1,1,ブラックシールド,牡,3,藤岡康太, 54 ,10,1,１, ,芝2000,稍,,(栗),武幸四郎,2021,-0.0,5,4,5,33.4,456,+6,
,"2022. 9.10",中京,5名1,1勝,１勝ｸﾗｽ,5,5,クレア,牝,3,横山典弘, 53 ,11,2,１, ,ダ1200,不,,(栗),飯田祐史,1094,-0.8,,2,2,35.0,518,+2,
,"2022. 9.10",中京,5名1,1勝,１勝ｸﾗｽ,5,5,タイセイエピソード,牡,3,松若風馬, 54 ,10,3,１, ,ダ1800,不,,(栗),杉山晴紀,1512,-0.1,4,3,2,36.1,470,-2,
,"2022. 9.10",中京,5名1,新馬,新馬・牝,5,5,スマートジェイナ,牝,2,今村聖奈,50★,8,1,１, ,芝1600,稍,,(栗),大久保龍,1377,-0.1,2,2,2,34.2,442,,
,"2022. 9.10",中京,5名1,1勝,１勝ｸﾗｽ,2,2,ナムラダイゴロー,牡,3,城戸義政, 54 ,12,6,１, ,ダ1900,不,,(栗),荒川義之,1574,-0.3,8,11,7,36.2,458,0,
,"2022. 9.10",中京,5名1,新馬,新馬,7,7,ティニア,牡,2,福永祐一, 54 ,9,1,１, ,芝1400,稍,,(栗),池江泰寿,1222,-0.2,,5,5,34.0,476,,
,"2022. 9.10",中京,5名1,未勝利,未勝利*,8,8,チャンスザローゼス,牡,2,川田将雅, 54 ,8,1,１, ,芝2000,稍,,(栗),中内田充,2014,-0.6,6,7,7,33.5,480,-4,
,"2022. 9.10",中京,5名1,未勝利,未勝利*,6,7,エミサキホコル,牡,2,藤岡康太, 54 ,12,2,１, ,ダ1400,不,,(栗),杉山佳明,1243,-0.3,,2,2,37.1,460,-8,
,"2022. 6.12",中京,4名4,1勝,１勝ｸﾗｽ,5,10,クリノマジン,牡,3,小沢大仁,52△,16,8,１, ,芝1200,良,,(栗),高橋義忠,1085,-0.3,,6,6,34.2,450,-4,
,"2022. 6.12",中京,4名4,ｵｰﾌﾟﾝ,三宮ＳＨ,5,10,ハヤブサナンデクン,牡,6,福永祐一, 55 ,16,2,１, ,ダ1800,良,,(栗),吉村圭司,1500,-1.0,4,3,2,37.5,512,0,
,"2022. 6.12",中京,4名4,2勝,常滑特別･2勝,8,10,ウインリブルマン,牡,4,松若風馬, 57 ,10,1,１, ,芝2000,良,,(栗),飯田雄三,2000,-0.1,2,2,2,35.7,510,0,
,"2022. 6.12",中京,4名4,2勝,恵那特別･2勝,6,11,ペプチドヤマト,牡,3,松若風馬, 54 ,16,5,１, ,ダ1200,良,,(栗),武英智,1108,-0.3,,3,3,36.6,472,-2,B
,"2022. 6.12",中京,4名4,1勝,１勝ｸﾗｽ,8,13,ワイドレッジャドロ,牡,5,幸英明, 57 ,13,6,１, ,ダ1900,良,*,(栗),加用正,2006,-0.2,6,2,2,38.3,512,+4,
,"2022. 6.12",中京,4名4,1勝,１勝ｸﾗｽ・牝,8,16,シダー,牝,3,角田大河,49▲,16,14,１, ,ダ1400,良,,(栗),本田優,1242,-0.3,,6,6,37.6,478,+4,B
,"2022. 6.12",中京,4名4,未勝利,未勝利,4,4,タイムオブフライト,牡,3,富田暁, 56 ,12,4,１, ,芝2200,良,,(栗),辻野泰之,2136,-0.2,9,9,6,36.2,434,-8,
,"2022. 6.12",中京,4名4,新馬,新馬,1,1,プロトポロス,牡,2,福永祐一, 54 ,9,1,１, ,芝1200,良,,(栗),西村真幸,1094,-0.6,,3,3,33.8,476,,
,"2022. 6.12",中京,4名4,未勝利,未勝利・牝,2,3,ダイシンビヨンド,牝,3,松若風馬, 54 ,16,11,１, ,芝1600,良,,(栗),梅田智之,1332,-0.9,2,2,2,35.3,456,+2,
,"2022. 6.12",中京,4名4,未勝利,未勝利,2,3,サンライズアムール,牡,3,福永祐一, 56 ,16,4,１, ,ダ1200,良,,(栗),小林真也,1112,-0.4,,4,3,36.5,492,-2,
,"2022. 6.12",中京,4名4,未勝利,未勝利・牝,8,9,シゲルオトヒメ,牝,3,永島まな,50★,10,7,１, ,ダ1800,良,,(栗),谷潔,1543,-0.6,8,7,7,39.1,426,+6,
,"2022. 6.12",中京,4名4,未勝利,障害未勝利,7,10,ダイメイコスモス,牡,6,植野貴也, 60 ,13,2,１, ,芝3000,良,,(栗),森田直行,3201,-0.1,5,3,3,13.3,494,0,B
,"2022. 6.11",中京,4名3,2勝,２勝ｸﾗｽ・牝,1,1,ランスオブアース,牝,4,今村聖奈,51★,12,6,１, ,ダ1800,良,,(栗),本田優,1527,-0.1,1,1,1,35.8,480,-8,
,"2022. 6.11",中京,4名3,3勝,桑名Ｓ･3勝,5,9,エンデュミオン,牡,5,秋山真一, 57 ,15,9,１, ,芝1600,良,,(栗),清水久詞,1335,-0.2,9,12,12,33.6,460,-8,
,"2022. 6.11",中京,4名3,3勝,清洲ＳＨ･3勝,3,6,サイモンハロルド,牡,5,松山弘平, 54 ,16,2,１, ,ダ1200,良,*,(栗),森秀行,1099,-0.4,,2,2,35.9,458,-2,
,"2022. 6.11",中京,4名3,1勝,春日井特･1勝,1,1,デビットバローズ,牡,3,川田将雅, 53 ,11,1,１, ,芝2200,良,,(栗),上村洋行,2122,-0.1,1,1,1,35.7,496,-2,
,"2022. 6.11",中京,4名3,1勝,１勝ｸﾗｽ・牝,5,5,テーオーアリエス,牝,3,小沢大仁,50△,10,3,１, ,芝2000,良,,(栗),岡田稲男,2011,-0.2,1,2,1,35.7,482,-4,
,"2022. 6.11",中京,4名3,1勝,１勝ｸﾗｽ,6,12,バーニングソウル,牝,5,松山弘平, 55 ,16,9,１, ,ダ1200,良,,(栗),谷潔,1108,-0.0,,10,9,35.5,426,-8,
,"2022. 6.11",中京,4名3,未勝利,未勝利,2,4,キタサンユーダイ,牡,3,岩田望来, 56 ,18,6,１, ,芝1200,良,,(栗),清水久詞,1084,-0.1,,2,2,34.8,482,+2,
,"2022. 6.11",中京,4名3,新馬,新馬,2,2,マラキナイア,牝,2,川田将雅, 54 ,11,1,１, ,芝1600,良,,(栗),吉岡辰弥,1347,-0.3,3,3,3,34.7,422,,
,"2022. 6.11",中京,4名3,未勝利,未勝利・牝,3,5,ゲーテローズ,牝,3,坂井瑠星, 54 ,15,1,１, ,芝2000,良,,(栗),武英智,2017,-0.6,2,2,2,34.8,434,0,
,"2022. 6.11",中京,4名3,未勝利,未勝利,7,10,ショウサンキズナ,牡,3,松本大輝,54△,12,6,１, ,ダ1900,良,,(栗),松下武士,2014,-0.1,5,4,3,38.2,516,-2,
,"2022. 6.11",中京,4名3,未勝利,未勝利,1,1,ミレヴィーナス,牝,3,岩田望来, 54 ,16,3,１, ,ダ1400,良,*,(栗),茶木太樹,1246,-0.6,,2,2,37.8,438,+2,
,"2022. 6.11",中京,4名3,未勝利,未勝利,1,1,リースタル,牝,3,坂井瑠星, 54 ,14,2,１, ,ダ1800,良,,(栗),森田直行,1541,-0.2,1,1,1,37.8,432,-2,B
,"2022. 6. 5",中京,4名2,1勝,１勝ｸﾗｽ,1,1,ヤマニンサルバム,牡,3,鮫島克駿, 54 ,10,3,１, ,芝1600,良,,(栗),中村直也,1348,-0.0,1,1,1,33.5,494,-2,
,"2022. 6. 5",中京,4名2,ｵｰﾌﾟﾝ,松風月Ｓ,2,3,オーロラテソーロ,牡,5,鮫島克駿, 57 ,16,3,１, ,ダ1200,良,,(美),畠山吉宏,1102,-0.0,,2,2,35.8,502,+6,
,"2022. 6. 5",中京,4名2,3勝,高山Ｓ･3勝,6,10,イクスプロージョン,牡,4,和田竜二, 57 ,15,1,１, ,芝2000,良,,(栗),杉山晴紀,1597,-0.3,11,9,8,34.6,470,-2,B
,"2022. 6. 5",中京,4名2,2勝,一宮特別･2勝,7,7,ボルドグフーシュ,牡,3,松山弘平, 53 ,8,1,１, ,芝2200,良,,(栗),宮本博,2116,-0.3,7,7,7,34.8,490,+6,
,"2022. 6. 5",中京,4名2,1勝,１勝ｸﾗｽ,7,12,モズリッキー,牡,3,松山弘平, 54 ,15,2,１, ,ダ1400,良,,(栗),上村洋行,1239,-0.5,,7,7,36.2,458,-6,
,"2022. 6. 5",中京,4名2,1勝,１勝ｸﾗｽ,7,9,ヘラルドバローズ,牡,3,松山弘平, 54 ,12,1,１, ,ダ1800,良,,(栗),寺島良,1527,-0.5,2,2,2,37.3,490,+2,
,"2022. 6. 5",中京,4名2,未勝利,未勝利,3,5,レディズビーク,牝,3,今村聖奈,50★,16,4,１, ,芝1600,良,,(栗),池江泰寿,1341,-0.1,6,3,3,35.3,436,0,
,"2022. 6. 5",中京,4名2,新馬,新馬,3,3,ジョウショーホープ,牡,2,藤岡康太, 54 ,9,4,１, ,芝1400,良,,(栗),新谷功一,1223,-0.2,,3,2,35.0,454,,
,"2022. 6. 5",中京,4名2,未勝利,未勝利,1,2,ウイングスオブラヴ,セ,3,秋山真一, 56 ,16,12,１, ,ダ1400,良,*,(栗),武幸四郎,1252,-0.0,,16,15,36.7,458,0,
,"2022. 6. 5",中京,4名2,未勝利,未勝利,6,8,アスクビックスター,牡,3,古川奈穂,52★,13,2,１, ,ダ1900,良,,(栗),矢作芳人,2009,-0.6,2,1,1,39.2,480,-6,
,"2022. 6. 5",中京,4名2,未勝利,未勝利・牝,4,5,フォーランマリア,牝,3,酒井学, 54 ,14,3,１, ,ダ1800,良,,(栗),森田直行,1549,-0.2,7,5,4,39.2,400,-8,
,"2022. 6. 5",中京,4名2,ｵｰﾌﾟﾝ,障害・オープ,8,8,スズカフロンティア,牡,8,森一馬, 60 ,9,4,１, ,芝3330,良,,(栗),橋田満,3393,-0.5,3,2,2,13.2,448,0,
,"2022. 6. 4",中京,4名1,2勝,２勝ｸﾗｽ,5,10,ジレトール,牡,3,川田将雅, 54 ,16,1,１, ,ダ1400,良,,(栗),松永幹夫,1239,-0.2,,5,5,35.6,474,+2,
,"2022. 6. 4",中京,4名1,Ｇ３,鳴尾記念G3,2,2,ヴェルトライゼンデ,牡,5,レーン, 56 ,10,2,１, ,芝2000,良,,(栗),池江泰寿,1577,-0.1,6,5,5,33.7,496,+2,
,"2022. 6. 4",中京,4名1,2勝,中京スポ･2勝,7,7,スズカトップバゴ,牡,4,幸英明, 57 ,10,1,１, ,芝1600,良,,(栗),吉村圭司,1336,-0.1,4,4,4,34.2,466,0,
,"2022. 6. 4",中京,4名1,2勝,弥富特Ｈ･2勝,4,7,タイセイドレフォン,牡,3,川田将雅, 54 ,16,1,１, ,ダ1800,良,,(栗),西村真幸,1511,-1.3,4,4,4,36.8,488,-6,
,"2022. 6. 4",中京,4名1,1勝,１勝ｸﾗｽ,1,2,ルピナスリード,牝,3,池添謙一, 52 ,16,1,１, ,芝1400,良,,(栗),吉岡辰弥,1197,-0.2,,4,3,33.9,454,+4,
,"2022. 6. 4",中京,4名1,1勝,１勝ｸﾗｽ,6,6,ゼッフィーロ,牡,3,松山弘平, 54 ,8,2,１, ,芝2000,良,,(栗),池江泰寿,1596,-0.1,3,3,3,33.8,468,+4,
,"2022. 6. 4",中京,4名1,1勝,１勝ｸﾗｽ・牝,5,7,アーテルアストレア,牝,3,菱田裕二, 52 ,14,1,１, ,ダ1800,良,,(栗),橋口慎介,1530,-0.6,9,8,8,37.4,450,-6,
,"2022. 6. 4",中京,4名1,新馬,新馬,6,6,ダイヤモンドハンズ,牡,2,福永祐一, 54 ,9,1,１, ,芝1600,良,,(栗),池江泰寿,1354,-0.2,3,3,3,34.3,498,,
,"2022. 6. 4",中京,4名1,未勝利,未勝利,3,3,イスラグランデ,牡,3,国分恭介, 56 ,14,5,１, ,芝2000,良,,(栗),西園正都,2005,-0.0,6,5,5,35.2,534,0,
,"2022. 6. 4",中京,4名1,未勝利,未勝利,8,16,テイエムヒマラヤ,牡,3,松田大作, 56 ,16,3,１, ,ダ1200,良,,(栗),武英智,1121,-0.1,,3,3,37.2,460,+6,
,"2022. 6. 4",中京,4名1,未勝利,未勝利,8,12,シゲルツキミザケ,牡,3,幸英明, 56 ,12,5,１, ,ダ1800,良,,(栗),谷潔,1546,-0.1,9,8,8,37.8,458,0,
,"2022. 6. 4",中京,4名1,未勝利,未勝利・牝,7,14,ルージュシェノン,牝,3,レーン, 54 ,16,3,１, ,ダ1400,良,,(栗),石坂公一,1254,-0.0,,4,5,37.3,436,-2,
,"2022. 5.29",中京,3名8,3勝,朱雀ＳＨ･3勝,3,6,オパールシャルム,牝,5,江田照男, 53 ,16,2,１, ,芝1200,良,,(美),武藤善則,1081,-0.0,,1,1,35.2,466,-16,
,"2022. 5.29",中京,3名8,OP(L),白百合Ｓ(L),7,7,フェーングロッテン,牡,3,松若風馬, 56 ,7,5,１, ,芝2000,良,,(栗),宮本博,1598,-0.2,1,1,1,34.7,470,-8,B
,"2022. 5.29",中京,3名8,OP(L),安土城Ｈ(L),1,1,エントシャイデン,牡,7,坂井瑠星, 56 ,18,6,１, ,芝1400,良,,(栗),矢作芳人,1194,-0.2,,1,1,34.3,482,,
,"2022. 5.29",中京,3名8,2勝,香嵐渓特･2勝,6,6,ゲンパチハマジ,牡,4,鮫島克駿, 57 ,9,3,１, ,ダ1900,良,,(栗),佐々木晶,1590,-0.4,2,2,2,35.9,512,-4,
,"2022. 5.29",中京,3名8,2勝,２勝ｸﾗｽ,2,2,エピローグ,牝,6,長岡禎仁, 55 ,14,10,１, ,芝1400,良,,(栗),杉山佳明,1200,-0.3,,6,6,35.0,492,-2,B
,"2022. 5.29",中京,3名8,1勝,１勝ｸﾗｽ,1,1,ナムラボス,牡,5,藤岡康太, 57 ,13,1,１, ,ダ1200,良,,(栗),羽月友彦,1108,-0.6,,2,2,36.4,484,-4,
,"2022. 5.29",中京,3名8,1勝,１勝ｸﾗｽ*,4,6,ドライゼ,牝,3,藤岡康太, 54 ,15,3,１, ,ダ1800,良,,(栗),須貝尚介,1521,-0.2,12,10,8,36.9,490,-2,
,"2022. 5.29",中京,3名8,未勝利,未勝利,3,5,アルファヒディ,牡,3,坂井瑠星, 56 ,16,1,１, ,芝2000,良,,(栗),池江泰寿,2018,-0.3,2,3,3,35.4,492,+20,
,"2022. 5.29",中京,3名8,未勝利,未勝利,2,4,ポーカー,牡,3,鮫島克駿, 56 ,16,2,１, ,芝1600,良,,(栗),上村洋行,1351,-0.0,6,10,9,34.2,450,-2,
,"2022. 5.29",中京,3名8,未勝利,未勝利・牝,1,2,ミロワール,牝,3,坂井瑠星, 54 ,16,2,１, ,ダ1200,良,,(栗),池添学,1117,-0.5,,1,1,37.0,442,0,
,"2022. 5.29",中京,3名8,未勝利,未勝利,4,6,テーオーサンドニ,牡,3,鮫島克駿, 56 ,15,1,１, ,ダ1800,良,,(栗),高柳大輔,1534,-0.0,1,1,1,38.9,470,0,
,"2022. 5.29",中京,3名8,未勝利,未勝利,4,8,トランキリテ,牡,3,坂井瑠星, 56 ,16,4,１, ,ダ1400,良,,(栗),松永幹夫,1247,-0.6,,7,5,37.2,454,+10,
,"2022. 5.28",中京,3名7,2勝,２勝ｸﾗｽ,7,14,アシタバ,牝,4,吉田隼人, 55 ,16,1,１, ,ダ1200,稍,,(栗),奥村豊,1111,-0.3,,3,3,36.3,478,0,
,"2022. 5.28",中京,3名7,Ｇ３,葵ＳG3,4,7,ウインマーベル,牡,3,松山弘平, 57 ,17,1,１, ,芝1200,良,,(美),深山雅史,1082,-0.4,,8,8,34.4,464,-2,B
,"2022. 5.28",中京,3名7,3勝,伊勢Ｓ･3勝,5,9,フィニステール,牡,5,川田将雅, 57 ,16,1,１, ,ダ1900,稍,,(栗),中内田充,1585,-0.1,14,13,13,36.5,474,+2,B
,"2022. 5.28",中京,3名7,2勝,御在所特･2勝,6,6,ファユエン,牝,4,岩田望来, 55 ,9,4,１, ,芝2000,良,,(美),勢司和浩,2015,-0.5,6,6,6,34.6,462,+2,
,"2022. 5.28",中京,3名7,1勝,１勝ｸﾗｽ,8,10,スズカルビコン,牡,4,加藤祥太, 57 ,11,5,１, ,ダ1800,稍,,(栗),杉山晴紀,1530,-0.1,3,3,2,39.4,518,0,B
,"2022. 5.28",中京,3名7,1勝,１勝ｸﾗｽ,1,1,アナレンマ,牡,4,岩田望来, 57 ,9,2,１, ,芝2000,良,,(栗),藤原英昭,2025,-0.2,3,2,2,35.5,460,+6,
,"2022. 5.28",中京,3名7,1勝,１勝ｸﾗｽ*,5,5,ロールアップ,牝,3,川田将雅, 54 ,9,1,１, ,芝1600,良,,(栗),中内田充,1345,-0.0,6,6,5,34.7,446,-4,
,"2022. 5.28",中京,3名7,未勝利,未勝利,6,8,ディーンズリスター,牡,3,坂井瑠星, 56 ,12,1,１, ,芝2200,良,,(栗),矢作芳人,2152,-0.0,9,9,8,35.6,508,,
,"2022. 5.28",中京,3名7,未勝利,未勝利,3,3,テイエムシニスター,牡,3,富田暁, 56 ,12,6,１, ,ダ1900,重,,(栗),木原一良,2003,-0.3,2,2,2,38.8,480,-6,
,"2022. 5.28",中京,3名7,未勝利,未勝利,7,14,マッドクール,牡,3,坂井瑠星, 56 ,18,2,１, ,芝1400,良,,(栗),池添学,1204,-0.9,,1,1,34.4,526,-2,
,"2022. 5.28",中京,3名7,未勝利,未勝利,5,9,ビリーズバウンス,牡,3,鮫島克駿, 56 ,16,2,１, ,ダ1200,重,,(栗),武幸四郎,1129,-0.2,,1,1,38.2,466,-6,
,"2022. 5.28",中京,3名7,未勝利,未勝利・牝,8,16,マルヨミニスター,牝,3,浜中俊, 54 ,16,6,１, ,ダ1800,重,,(栗),牧田和弥,1535,-0.7,6,5,2,38.6,502,-6,
,"2022. 5.22",中京,3名6,2勝,２勝ｸﾗｽ,7,7,メイショウハクサン,牡,5,藤岡佑介, 57 ,10,1,１, ,ダ1800,良,,(栗),中内田充,1544,-0.1,5,7,7,37.3,492,-2,
,"2022. 5.22",中京,3名6,3勝,大垣Ｓ･3勝,4,8,イバル,牡,5,松若風馬, 57 ,16,2,１, ,ダ1400,良,,(栗),小崎憲,1239,-0.1,,13,11,37.2,506,-16,
,"2022. 5.22",中京,3名6,OP(L),鳳雛Ｓ(L),8,10,ハピ,牡,3,藤岡佑介, 56 ,10,1,１, ,ダ1800,良,,(栗),大久保龍,1530,-0.3,8,9,7,36.5,462,+4,
,"2022. 5.22",中京,3名6,2勝,揖斐川Ｈ･2勝,2,2,メイショウボサツ,牡,5,柴山雄一, 56 ,11,5,１, ,芝2000,良,,(栗),松永昌博,2003,-0.1,6,6,6,35.0,474,-4,
,"2022. 5.22",中京,3名6,1勝,１勝ｸﾗｽ,7,11,マイプレシャス,牡,4,泉谷楓真,56☆,14,7,１, ,芝1600,良,,(栗),松永幹夫,1341,-0.2,11,10,9,34.6,510,0,
,"2022. 5.22",中京,3名6,1勝,１勝ｸﾗｽ,4,4,ブロフェルド,牡,5,和田竜二, 57 ,8,4,１, ,ダ1800,良,,(栗),茶木太樹,1544,-0.1,4,4,4,38.6,534,-2,
,"2022. 5.22",中京,3名6,1勝,１勝ｸﾗｽ*,5,6,ハーツアズワン,牡,3,松山弘平, 56 ,13,1,１, ,ダ1400,良,,(栗),池江泰寿,1245,-0.7,,2,2,37.4,516,-2,
,"2022. 5.22",中京,3名6,未勝利,未勝利,8,10,ダノンソフィア,牝,3,藤岡佑介, 54 ,11,1,１, ,芝2200,良,,(栗),佐々木晶,2140,-0.2,1,1,1,35.6,484,-4,
,"2022. 5.22",中京,3名6,未勝利,未勝利,8,16,エイシンスポッター,牡,3,角田大河,53▲,18,8,１, ,芝1200,稍,,(栗),吉村圭司,1090,-0.1,,14,14,33.9,482,+4,
,"2022. 5.22",中京,3名6,未勝利,未勝利・牝,3,3,ヘクトパスカル,牝,3,幸英明, 54 ,10,3,１, ,芝2000,稍,,(栗),橋口慎介,2005,-0.1,1,1,1,36.5,434,0,
,"2022. 5.22",中京,3名6,未勝利,未勝利,1,1,タマモモンレーブ,牡,3,幸英明, 56 ,16,9,１, ,ダ1900,稍,,(栗),大橋勇樹,2030,-0.2,6,6,6,39.7,494,-2,
,"2022. 5.22",中京,3名6,未勝利,未勝利,1,1,ブルーノート,牡,3,松若風馬, 56 ,16,3,１, ,ダ1200,稍,,(栗),梅田智之,1136,-0.1,,11,11,37.5,480,-2,
,"2022. 5.21",中京,3名5,2勝,オースト･2勝,3,3,ディヴィナシオン,牡,5,川田将雅, 57 ,12,1,１, ,芝1200,良,*,(栗),森秀行,1084,-0.0,,10,10,33.4,460,-6,
,"2022. 5.21",中京,3名5,Ｇ３,平安ＳG3,2,4,テーオーケインズ,牡,5,松山弘平, 59 ,16,1,１, ,ダ1900,良,,(栗),高柳大輔,1570,-0.4,3,4,4,35.9,500,,
,"2022. 5.21",中京,3名5,3勝,シドニー･3勝,2,2,ヴィオリーナ,牝,5,坂井瑠星, 55 ,10,2,１, ,芝2000,良,,(栗),中内田充,2006,-0.6,1,1,1,33.8,468,+4,B
,"2022. 5.21",中京,3名5,1勝,メルボル･1勝,4,8,ダテボレアス,牡,3,幸英明, 56 ,16,6,１, ,芝1200,良,,(栗),西園正都,1089,-0.1,,2,2,34.3,488,0,
,"2022. 5.21",中京,3名5,2勝,２勝ｸﾗｽ,4,7,メイショウオーギシ,牡,5,武豊, 57 ,16,6,１, ,ダ1400,良,,(栗),飯田祐史,1238,-0.6,,8,7,36.7,500,+6,
,"2022. 5.21",中京,3名5,1勝,１勝ｸﾗｽ,6,6,エルディアブロ,牡,4,角田大河,54▲,9,5,１, ,芝2200,良,,(栗),佐々木晶,2157,-0.0,7,7,7,33.8,446,-8,B
,"2022. 5.21",中京,3名5,1勝,１勝ｸﾗｽ,6,8,セイイーグル,セ,8,川田将雅, 57 ,12,1,１, ,ダ1400,良,,(栗),宮本博,1248,-0.2,,4,4,36.7,448,-4,
,"2022. 5.21",中京,3名5,未勝利,未勝利,3,3,デビットバローズ,牡,3,川田将雅, 56 ,10,1,１, ,芝2000,良,,(栗),上村洋行,2016,-0.4,1,1,1,34.8,498,-2,
,"2022. 5.21",中京,3名5,未勝利,未勝利,3,4,ミッキーフローガ,牡,3,浜中俊, 56 ,15,3,１, ,芝1600,良,,(栗),池江泰寿,1355,-0.0,2,3,3,34.8,460,+2,
,"2022. 5.21",中京,3名5,未勝利,未勝利,5,7,クラップサンダー,牡,3,吉田隼人, 56 ,14,7,１, ,ダ1800,良,,(栗),五十嵐忠,1552,-0.1,11,6,6,38.2,450,0,
,"2022. 5.21",中京,3名5,未勝利,未勝利,2,3,ニホンピロオーセン,牡,3,吉田隼人, 56 ,16,4,１, ,ダ1400,良,,(栗),大橋勇樹,1253,-1.2,,1,1,37.4,488,0,
,"2022. 5.21",中京,3名5,未勝利,未勝利・牝,5,5,スパークルアイズ,牝,3,Ｍ．デム, 54 ,11,1,１, ,ダ1800,良,,(栗),武幸四郎,1563,-0.3,3,2,2,40.0,482,-8,
,"2022. 5.15",中京,3名4,2勝,２勝ｸﾗｽ・牝,1,1,メガキャット,牝,4,松若風馬, 55 ,6,2,１, ,ダ1800,稍,,(栗),吉岡辰弥,1529,-0.1,2,2,2,37.1,528,-8,
,"2022. 5.15",中京,3名4,OP(L),栗東ＳＨ(L),8,16,レディバグ,牝,4,酒井学, 53 ,16,3,１, ,ダ1400,稍,,(栗),北出成人,1230,-0.1,,13,13,36.0,452,+5,
,"2022. 5.15",中京,3名4,3勝,志摩Ｓ･3勝,2,2,ヴァトレニ,セ,4,横山和生, 57 ,9,4,１, ,芝1600,良,,(栗),長谷川浩,1347,-0.0,1,1,1,33.8,440,+2,
,"2022. 5.15",中京,3名4,2勝,寒狭川特･2勝,3,3,ダノンセレスタ,牡,5,浜中俊, 57 ,9,3,１, ,芝2200,良,,(栗),音無秀孝,2128,-0.0,5,4,3,35.0,498,-10,
,"2022. 5.15",中京,3名4,1勝,１勝ｸﾗｽ,6,6,キゾク,牡,4,大久保友,54▲,9,5,１, ,ダ1900,稍,,(栗),池添兼雄,2004,-0.2,4,5,4,37.8,494,+2,
,"2022. 5.15",中京,3名4,1勝,１勝ｸﾗｽ・牝,2,2,シンシアリダーリン,牝,4,松田大作, 55 ,6,1,１, ,芝2000,良,,(栗),上村洋行,2016,-0.3,4,5,4,34.7,442,0,
,"2022. 5.15",中京,3名4,1勝,１勝ｸﾗｽ*,7,14,カフジエニアゴン,牝,3,富田暁, 54 ,16,2,１, ,ダ1200,重,,(栗),木原一良,1110,-0.2,,1,1,36.9,490,-4,
,"2022. 5.15",中京,3名4,1勝,１勝ｸﾗｽ・牝*,6,7,ウィシンクアスク,牝,3,富田暁, 54 ,11,3,１, ,ダ1800,重,,(栗),野中賢二,1528,-0.1,5,5,6,37.7,470,-6,
,"2022. 5.15",中京,3名4,未勝利,未勝利,2,2,テーオーアリエス,牝,3,横山和生, 54 ,11,2,１, ,芝2000,良,,(栗),岡田稲男,2012,-0.1,3,3,3,35.0,486,-2,
,"2022. 5.15",中京,3名4,未勝利,未勝利,4,7,ヤマニンサルバム,牡,3,浜中俊, 56 ,18,3,１, ,芝1400,良,,(栗),中村直也,1214,-0.0,,4,4,35.4,496,-10,
,"2022. 5.15",中京,3名4,未勝利,未勝利,6,9,ダノンフォーナイン,牡,3,浜中俊, 56 ,13,2,１, ,ダ1800,重,,(栗),音無秀孝,1525,-0.3,1,1,1,37.9,506,+2,
,"2022. 5.15",中京,3名4,未勝利,未勝利,1,2,ガレットジョーカー,牝,3,永島まな,50★,16,12,１, ,ダ1200,重,,(栗),宮徹,1123,-0.1,,1,1,37.0,450,0,
,"2022. 5.14",中京,3名3,2勝,２勝ｸﾗｽ,8,16,ホッコーカリュウ,牝,4,幸英明, 55 ,16,6,１, ,ダ1200,重,*,(栗),飯田祐史,1110,-0.0,,8,8,36.0,476,0,
,"2022. 5.14",中京,3名3,OP(L),都大路Ｓ(L),4,4,シフルマン,牡,6,吉田隼人, 56 ,7,3,１, ,芝2000,稍,,(栗),中尾秀正,2005,-0.0,2,2,2,34.5,502,-2,
,"2022. 5.14",中京,3名3,3勝,三河ＳＨ･3勝,2,4,スレイマン,牡,4,吉田隼人, 56 ,16,1,１, ,ダ1800,不,,(栗),池添学,1503,-0.5,3,3,3,37.5,534,-2,
,"2022. 5.14",中京,3名3,1勝,あずさ賞･1勝,5,5,セントカメリア,牝,3,福永祐一, 54 ,9,3,１, ,芝2000,重,,(栗),高野友和,1596,-0.2,1,1,1,34.4,432,-2,
,"2022. 5.14",中京,3名3,ＪＧ２,京都ハイJG2,8,9,タガノエスプレッソ,牡,10,石神深一, 60 ,9,1,１, ,芝3900,重,,(栗),五十嵐忠,4177,-0.1,1,1,1,13.2,468,0,
,"2022. 5.14",中京,3名3,1勝,１勝ｸﾗｽ,2,3,ウェーブメジャー,牡,4,藤岡康太, 57 ,15,3,１, ,ダ1200,不,,(栗),中尾秀正,1119,-0.1,,1,1,37.6,476,+2,B
,"2022. 5.14",中京,3名3,1勝,１勝ｸﾗｽ,5,8,セリシア,牝,4,服部寿希,52▲,14,6,１, ,芝1200,重,,(栗),中竹和也,1091,-0.1,,4,4,34.5,460,+2,
,"2022. 5.14",中京,3名3,未勝利,未勝利,7,7,エンドウノハナ,牡,3,横山典弘, 56 ,10,3,１, ,芝2200,重,,(栗),四位洋文,2154,-0.2,8,5,6,35.6,452,-2,
,"2022. 5.14",中京,3名3,未勝利,未勝利・牝,1,1,ピラティス,牝,3,横山典弘, 54 ,16,2,１, ,芝1600,重,,(栗),松永幹夫,1347,-0.0,1,1,2,36.0,444,+2,
,"2022. 5.14",中京,3名3,未勝利,未勝利,5,8,ダンツエスプリ,牡,3,藤懸貴志, 56 ,15,6,１, ,ダ1900,不,,(栗),本田優,2000,-0.2,11,11,9,38.0,464,-8,
,"2022. 5.14",中京,3名3,未勝利,未勝利,7,13,キムケンリアン,牝,3,坂井瑠星, 54 ,16,3,１, ,ダ1400,不,,(栗),矢作芳人,1253,-0.3,,4,4,38.2,424,-4,
,"2022. 5.14",中京,3名3,未勝利,未勝利・牝,2,4,クインズグレイト,牝,3,藤岡康太, 54 ,16,5,１, ,ダ1800,不,,(栗),野中賢二,1542,-0.4,4,4,4,39.1,440,+12,
,"2022. 5. 8",中京,3名2,2勝,２勝ｸﾗｽ,1,1,サステナブル,牡,4,幸英明, 57 ,9,1,１, ,ダ1900,良,,(栗),長谷川浩,2011,-0.1,4,2,2,39.2,516,0,B
,"2022. 5. 8",中京,3名2,ｵｰﾌﾟﾝ,鞍馬Ｓ,7,13,シゲルピンクルビー,牝,4,和田竜二, 55 ,18,3,１, ,芝1200,良,,(栗),渡辺薫彦,1071,-0.2,,3,3,33.2,470,-6,
,"2022. 5. 8",中京,3名2,OP(L),橘Ｓ(L),8,10,ウインマーベル,牡,3,和田竜二, 56 ,10,5,１, ,芝1400,良,,(美),深山雅史,1193,-0.3,,3,3,33.9,466,0,B
,"2022. 5. 8",中京,3名2,3勝,三方ヶＨ･3勝,1,1,プリマヴィスタ,牡,5,藤岡康太, 54 ,14,8,１, ,芝2200,良,*,(栗),矢作芳人,2090,-0.5,8,8,5,35.2,474,-4,
,"2022. 5. 8",中京,3名2,1勝,１勝ｸﾗｽ,5,5,クリノクラール,牡,4,太宰啓介, 57 ,9,1,１, ,ダ1800,良,,(栗),武英智,1541,-0.1,8,5,4,38.4,494,-2,
,"2022. 5. 8",中京,3名2,1勝,１勝ｸﾗｽ,1,1,サウンドウォリアー,牡,4,幸英明, 57 ,9,1,１, ,芝2000,良,,(栗),高橋康之,1596,-0.0,3,3,3,35.0,498,+6,
,"2022. 5. 8",中京,3名2,1勝,１勝ｸﾗｽ*,8,12,スマートラプター,牡,3,角田大河,53▲,12,1,１, ,ダ1400,良,,(栗),西園正都,1245,-0.2,,2,2,37.9,508,-4,
,"2022. 5. 8",中京,3名2,未勝利,未勝利,5,9,ブライトオンベイス,牝,3,秋山真一, 54 ,16,9,１, ,芝1600,良,,(栗),清水久詞,1334,-0.1,1,1,1,35.0,424,+14,
,"2022. 5. 8",中京,3名2,未勝利,未勝利・牝,6,8,ベリーヴィーナス,牝,3,藤岡康太, 54 ,12,2,１, ,芝2000,良,,(栗),鈴木孝志,2002,-0.2,3,3,3,34.3,470,-8,
,"2022. 5. 8",中京,3名2,未勝利,未勝利,8,11,メジャークオリティ,牡,3,藤岡康太, 56 ,12,1,１, ,ダ1800,良,,(栗),西園正都,1561,-0.9,3,3,2,39.7,484,0,
,"2022. 5. 8",中京,3名2,未勝利,未勝利,8,16,メイショウヒメゴゼ,牝,3,浜中俊, 54 ,16,1,１, ,ダ1400,良,*,(栗),南井克巳,1261,-0.8,,7,6,38.4,470,-2,
,"2022. 5. 8",中京,3名2,未勝利,未勝利・牝,8,12,エピックジョイ,牝,3,浜中俊, 54 ,13,2,１, ,ダ1800,良,,(栗),武幸四郎,1569,-0.3,2,2,2,38.1,470,-2,
,"2022. 5. 7",中京,3名1,1勝,１勝ｸﾗｽ・牝,5,5,メイショウミチノク,牝,6,太宰啓介, 55 ,10,6,１, ,ダ1400,良,,(栗),高橋亮,1249,-0.3,,10,10,36.7,486,-4,
,"2022. 5. 7",中京,3名1,Ｇ２,京都新聞G2,3,3,アスクワイルドモア,牡,3,岩田望来, 56 ,12,8,１, ,芝2200,良,,(栗),藤原英昭,2095,-0.1,8,9,6,35.2,462,-2,
,"2022. 5. 7",中京,3名1,2勝,鞍ケ池特･2勝,7,7,リトルクレバー,牡,5,藤岡佑介, 57 ,8,5,１, ,芝1600,良,,(栗),佐々木晶,1334,-0.2,3,3,3,33.6,464,-2,
,"2022. 5. 7",中京,3名1,2勝,安城特別･2勝,3,3,プライムフェイズ,牡,5,岩田望来, 57 ,10,5,１, ,芝2000,良,,(栗),藤原英昭,1584,-0.1,5,5,5,34.0,464,-4,
,"2022. 5. 7",中京,3名1,1勝,１勝ｸﾗｽ*,2,2,トウセツ,牡,3,藤岡康太, 56 ,10,1,１, ,ダ1800,良,,(栗),杉山佳明,1530,-0.4,5,4,3,37.4,478,0,
,"2022. 5. 7",中京,3名1,1勝,１勝ｸﾗｽ,2,2,タマモダイジョッキ,牡,4,福永祐一, 57 ,15,3,１, ,芝1400,良,*,(栗),南井克巳,1196,-0.1,,9,6,33.6,464,-8,
,"2022. 5. 7",中京,3名1,1勝,１勝ｸﾗｽ*,7,7,タガノフィナーレ,牝,3,鮫島克駿, 54 ,9,9,１, ,芝1600,良,,(栗),中村直也,1340,-0.2,1,1,1,33.7,490,-2,
,"2022. 5. 7",中京,3名1,未勝利,未勝利,1,1,ヤマニンゼスト,牡,3,鷲頭虎太,53▲,11,4,１, ,芝2000,良,,(栗),千田輝彦,2007,-0.0,7,5,5,34.4,490,-4,
,"2022. 5. 7",中京,3名1,未勝利,未勝利,5,5,グローツラング,牡,3,藤岡康太, 56 ,8,4,１, ,ダ1900,良,,(栗),安達昭夫,1599,-0.4,1,1,1,38.0,514,-4,
,"2022. 5. 7",中京,3名1,未勝利,未勝利,6,12,カフジエニアゴン,牝,3,古川吉洋, 54 ,16,6,１, ,ダ1200,良,,(栗),木原一良,1120,-0.8,,1,1,37.1,494,+12,
,"2022. 5. 7",中京,3名1,未勝利,未勝利,8,10,コルドンルージュ,牝,3,レーン, 54 ,10,1,１, ,ダ1800,良,,(栗),斉藤崇史,1542,-0.7,1,1,1,38.3,494,-2,
,"2022. 5. 7",中京,3名1,未勝利,未勝利・牝,3,3,エリザベスミノル,牝,3,横山典弘, 54 ,14,4,１, ,ダ1400,良,,(栗),本田優,1254,-0.0,,2,2,38.0,440,+4,
,"2022. 3.27",中京,2名6,2勝,四日市特･2勝,8,16,ラフストリーム,牡,4,秋山稔樹, 57 ,16,2,１, ,ダ1400,重,,(美),武井亮,1235,-0.4,,5,5,36.7,542,+18,
,"2022. 3.27",中京,2名6,Ｇ１,高松宮記G1,1,2,ナランフレグ,牡,6,丸田恭介, 57 ,18,8,１, ,芝1200,重,,(美),宗像義忠,1083,-0.0,,15,14,33.9,486,-12,
,"2022. 3.27",中京,2名6,3勝,鈴鹿ＳＨ･3勝,4,7,ペルセウスシチー,牡,5,横山武史, 56 ,16,3,１, ,ダ1900,重,,(美),池上昌和,1571,-0.4,11,8,8,37.3,484,-2,B
,"2022. 3.27",中京,2名6,1勝,大寒桜賞･1勝,5,5,ブラックブロッサム,牡,3,横山武史, 56 ,8,2,１, ,芝2200,重,,(栗),斉藤崇史,2141,-1.3,3,3,2,36.4,522,-4,
,"2022. 3.27",中京,2名6,1勝,１勝ｸﾗｽ,8,16,シゲルセンム,牝,4,秋山真一, 55 ,18,3,１, ,芝1200,重,,(栗),谷潔,1098,-0.1,,1,1,35.4,462,+14,
,"2022. 3.27",中京,2名6,1勝,１勝ｸﾗｽ,1,2,ダノンセレスタ,牡,5,田辺裕信, 57 ,16,3,１, ,芝2200,重,,(栗),音無秀孝,2161,-0.1,3,8,7,36.4,502,-6,
,"2022. 3.27",中京,2名6,1勝,１勝ｸﾗｽ,7,11,セブンデイズ,牡,4,岩田望来, 57 ,14,1,１, ,ダ1800,不,,(美),田中博康,1513,-1.4,8,6,6,37.0,492,-2,
,"2022. 3.27",中京,2名6,未勝利,未勝利,7,14,セントカメリア,牝,3,福永祐一, 54 ,17,3,１, ,芝2000,重,,(栗),高野友和,2038,-0.5,2,2,2,35.9,434,-6,
,"2022. 3.27",中京,2名6,未勝利,未勝利,7,13,アポロプラネット,牡,3,田辺裕信, 56 ,16,1,１, ,ダ1400,不,,(美),岩戸孝樹,1250,-0.1,,8,5,37.8,492,0,
,"2022. 3.27",中京,2名6,未勝利,未勝利,7,13,ポルテーニャ,牝,3,岩田望来, 54 ,16,1,１, ,ダ1800,不,,(栗),西村真幸,1532,-0.0,2,2,2,38.1,430,-2,
,"2022. 3.27",中京,2名6,未勝利,未勝利,6,11,ジダイノチョウジ,牡,3,福永祐一, 56 ,16,3,１, ,ダ1200,不,,(栗),中竹和也,1122,-0.2,,1,1,37.2,510,-6,
,"2022. 3.27",中京,2名6,未勝利,未勝利・牝,5,8,ドライゼ,牝,3,福永祐一, 54 ,15,7,１, ,ダ1800,不,*,(栗),須貝尚介,1542,-0.7,11,10,11,38.6,492,,
,"2022. 3.26",中京,2名5,1勝,１勝ｸﾗｽ・牝,1,1,ヘッズオアテールズ,牝,4,吉田隼人, 55 ,11,2,１, ,芝2000,重,,(栗),須貝尚介,2027,-0.0,1,3,3,35.8,490,+10,
,"2022. 3.26",中京,2名5,ｵｰﾌﾟﾝ,名鉄杯,1,1,ケイアイターコイズ,牡,6,西村淳也, 57 ,14,1,１, ,ダ1400,重,,(栗),新谷功一,1230,-0.1,,2,2,36.9,534,+6,
,"2022. 3.26",中京,2名5,2勝,熊野特別･2勝,5,5,イクスプロージョン,牡,4,西村淳也, 56 ,9,1,１, ,芝2200,稍,,(栗),杉山晴紀,2140,-0.1,5,3,3,35.5,478,+4,B
,"2022. 3.26",中京,2名5,2勝,天白川特･2勝,3,4,スレイマン,牡,4,吉田隼人, 57 ,14,1,１, ,ダ1900,重,,(栗),池添学,1589,-0.3,3,7,4,36.7,536,+6,
,"2022. 3.26",中京,2名5,1勝,１勝ｸﾗｽ,8,15,ワンダースティング,牡,4,高倉稜, 57 ,16,3,１, ,ダ1400,重,,(栗),渡辺薫彦,1242,-0.3,,2,2,36.7,520,+2,
,"2022. 3.26",中京,2名5,1勝,１勝ｸﾗｽ・若,3,3,ランカンカン,セ,4,西村淳也, 57 ,13,1,１, ,ダ1800,重,,(美),田中博康,1548,-0.0,4,3,3,37.2,504,+2,B
,"2022. 3.26",中京,2名5,1勝,１勝ｸﾗｽ・牝,3,4,アイスリアン,牝,4,吉田隼人, 55 ,15,2,１, ,ダ1200,稍,,(栗),高柳大輔,1117,-0.6,,1,1,36.9,472,+2,
,"2022. 3.26",中京,2名5,未勝利,未勝利,4,6,コントゥラット,牡,3,斎藤新, 56 ,14,2,１, ,芝2200,稍,,(栗),吉岡辰弥,2159,-0.6,3,5,3,35.1,482,-4,
,"2022. 3.26",中京,2名5,未勝利,未勝利,1,1,サトノレギオン,牡,3,斎藤新, 56 ,18,3,１, ,芝1400,良,,(美),萩原清,1210,-0.2,,10,9,34.2,500,+4,
,"2022. 3.26",中京,2名5,未勝利,未勝利,1,1,ヒロシクン,セ,3,松田大作, 56 ,14,4,１, ,ダ1800,稍,,(栗),宮本博,1556,-0.3,1,1,1,38.4,530,+2,
,"2022. 3.26",中京,2名5,未勝利,未勝利,5,8,ボブズヤアンクル,牡,3,菱田裕二, 56 ,15,2,１, ,ダ1900,稍,,(栗),大久保龍,2023,-0.3,2,2,2,40.0,536,-4,
,"2022. 3.26",中京,2名5,未勝利,未勝利・牝,7,13,フォレクラフト,牝,3,角田大和,51▲,16,5,１, ,ダ1400,稍,*,(栗),四位洋文,1269,-0.1,,5,5,38.8,470,-18,
,"2022. 3.21",中京,2名4,1勝,１勝ｸﾗｽ,6,12,ケイサンフリーゼ,牝,4,松若風馬, 55 ,16,2,１, ,ダ1400,稍,,(栗),杉山晴紀,1250,-0.2,,1,1,37.7,486,-4,
,"2022. 3.21",中京,2名4,ｵｰﾌﾟﾝ,名古屋城,7,13,グロリアムンディ,牡,4,福永祐一, 57 ,16,1,１, ,ダ1800,稍,,(栗),大久保龍,1518,-0.3,5,4,4,37.0,504,+2,B
,"2022. 3.21",中京,2名4,2勝,熱田特別･2勝,1,1,タイニーロマンス,牝,4,福永祐一, 55 ,12,1,１, ,芝1400,良,,(美),金成貴史,1208,-0.4,,2,2,34.6,524,-6,
,"2022. 3.21",中京,2名4,1勝,フローラ･1勝,8,9,エンペザー,牡,3,吉田隼人, 56 ,10,2,１, ,芝1600,良,,(栗),田中克典,1351,-0.2,2,2,2,34.3,480,-6,
,"2022. 3.21",中京,2名4,1勝,１勝ｸﾗｽ,8,10,ゲンパチハマジ,牡,4,武豊, 57 ,10,1,１, ,ダ1900,稍,,(栗),佐々木晶,2006,-0.3,3,2,3,38.1,516,+10,
,"2022. 3.21",中京,2名4,1勝,１勝ｸﾗｽ,7,14,ヴィアルークス,牡,4,岩田望来, 57 ,16,1,１, ,芝1600,良,,(栗),藤原英昭,1354,-0.0,7,7,7,34.1,502,-6,
,"2022. 3.21",中京,2名4,1勝,１勝ｸﾗｽ・牝,4,4,ラフルオリータ,牝,4,鮫島克駿, 55 ,11,3,１, ,ダ1800,稍,,(美),加藤士津,1537,-0.8,1,1,1,38.4,488,-7,
,"2022. 3.21",中京,2名4,未勝利,未勝利,8,16,ストップザタイム,牡,3,古川吉洋, 56 ,17,2,１, ,芝2000,良,,(栗),昆貢,2017,-0.2,10,10,9,35.4,516,-10,
,"2022. 3.21",中京,2名4,未勝利,未勝利・若,5,9,マサノパドゥシャ,牡,3,小林凌大,53▲,16,10,１, ,ダ1400,稍,,(美),小島茂之,1262,-0.3,,8,7,38.2,486,,
,"2022. 3.21",中京,2名4,未勝利,未勝利,1,2,テンクウフラワー,牝,3,菱田裕二, 54 ,16,2,１, ,ダ1200,稍,,(栗),渡辺薫彦,1130,-0.0,,1,1,38.0,410,+2,
,"2022. 3.21",中京,2名4,未勝利,未勝利,6,9,サザンステート,牡,3,今村聖奈,52★,14,1,１, ,ダ1800,稍,,(栗),松永幹夫,1551,-0.4,3,2,2,38.3,472,-2,
,"2022. 3.21",中京,2名4,未勝利,未勝利・牝,5,9,マリブパイン,牝,3,国分優作, 54 ,16,4,１, ,ダ1200,稍,,(栗),大根田裕,1129,-0.0,,1,1,37.3,492,-5,
,"2022. 3.19",中京,2名3,1勝,１勝ｸﾗｽ,6,11,セイレーン,牝,4,小沢大仁,53△,16,14,１, ,ダ1200,重,,(栗),佐々木晶,1117,-0.0,,8,6,37.0,400,-10,
,"2022. 3.19",中京,2名3,Ｇ３,ファルコG3,1,1,プルパレイ,牡,3,Ｍ．デム, 56 ,18,2,１, ,芝1400,稍,,(栗),須貝尚介,1209,-0.3,,9,7,35.9,494,+2,
,"2022. 3.19",中京,2名3,3勝,豊橋Ｓ･3勝,1,1,ディヴィーナ,牝,4,吉田隼人, 55 ,16,4,１, ,芝1600,稍,,(栗),友道康夫,1343,-0.0,4,3,4,35.5,420,0,
,"2022. 3.19",中京,2名3,2勝,矢作川Ｈ･2勝,2,4,フラーレン,牝,5,坂井瑠星, 54 ,16,2,１, ,ダ1800,重,,(栗),牧田和弥,1518,-0.3,5,5,3,36.9,516,0,
,"2022. 3.19",中京,2名3,1勝,１勝ｸﾗｽ,3,5,シテフローラル,牡,4,福永祐一, 57 ,15,3,１, ,芝2000,稍,,(美),堀宣行,2024,-0.0,6,6,6,36.7,444,-18,
,"2022. 3.19",中京,2名3,1勝,１勝ｸﾗｽ,5,7,サステナブル,牡,4,鮫島克駿, 57 ,14,3,１, ,ダ1800,重,,(栗),長谷川浩,1517,-0.1,4,3,2,37.5,522,+6,B
,"2022. 3.19",中京,2名3,1勝,１勝ｸﾗｽ・牝,8,16,ナンヨーアイボリー,牝,4,泉谷楓真,54☆,16,8,１, ,ダ1400,重,,(栗),松永幹夫,1229,-0.6,,8,8,36.2,420,-2,B
,"2022. 3.19",中京,2名3,未勝利,未勝利,4,8,シタン,牝,3,福永祐一, 54 ,16,3,１, ,芝1600,重,,(栗),吉岡辰弥,1355,-0.2,3,3,3,36.0,406,-18,
,"2022. 3.19",中京,2名3,未勝利,未勝利,2,4,ジューンヨシツネ,牡,3,松本大輝,53▲,18,1,１, ,芝1200,重,,(栗),松下武士,1102,-0.2,,7,6,35.7,466,0,
,"2022. 3.19",中京,2名3,未勝利,未勝利,4,7,メイクアリープ,牡,3,幸英明, 56 ,16,1,１, ,ダ1900,不,,(栗),大根田裕,1596,-0.5,7,3,2,37.5,476,-2,
,"2022. 3.19",中京,2名3,未勝利,未勝利,5,10,エコロドラゴン,牡,3,菅原明良, 56 ,16,2,１, ,ダ1400,不,,(美),岩戸孝樹,1248,-0.4,,2,2,38.3,550,0,
,"2022. 3.19",中京,2名3,未勝利,未勝利・牝,6,8,ローラスノビリス,牝,3,ルメール, 54 ,12,1,１, ,ダ1800,不,,(栗),庄野靖志,1533,-0.5,2,2,2,37.6,460,+2,
,"2022. 3.13",中京,2名2,1勝,１勝ｸﾗｽ,3,5,コズミックマインド,牡,4,Ｍ．デム, 57 ,16,5,１, ,ダ1200,良,,(美),田島俊明,1124,-0.0,,8,8,36.1,458,-8,B
,"2022. 3.13",中京,2名2,Ｇ２,金鯱賞G2,3,3,ジャックドール,牡,4,藤岡佑介, 56 ,13,1,１, ,芝2000,良,,(栗),藤岡健一,1572,-0.4,1,1,1,34.6,506,-2,
,"2022. 3.13",中京,2名2,ｵｰﾌﾟﾝ,昇竜Ｓ,5,5,リメイク,牡,3,福永祐一, 56 ,10,3,１, ,ダ1400,良,,(栗),新谷功一,1235,-0.4,,3,3,36.7,480,0,
,"2022. 3.13",中京,2名2,2勝,岡崎特別･2勝,1,1,ショウナンアレス,牡,4,柴山雄一, 57 ,10,1,１, ,芝1400,良,,(栗),池添兼雄,1200,-0.0,,5,5,33.3,538,-2,
,"2022. 3.13",中京,2名2,1勝,１勝ｸﾗｽ,2,2,タイセイコマンド,牡,4,吉田隼人, 56 ,10,7,１, ,芝2200,良,*,(美),青木孝文,2127,-0.1,6,6,6,34.7,490,-4,B
,"2022. 3.13",中京,2名2,1勝,１勝ｸﾗｽ・牝,3,6,ラブアンバサダー,牝,5,角田大和,52▲,16,6,１, ,芝1600,良,,(栗),松永幹夫,1336,-0.1,5,5,5,34.5,426,-4,
,"2022. 3.13",中京,2名2,1勝,１勝ｸﾗｽ,4,4,ブレイブライオン,牡,4,福永祐一, 57 ,11,3,１, ,ダ1800,良,,(栗),西村真幸,1539,-0.4,2,2,2,36.2,496,-10,
,"2022. 3.13",中京,2名2,未勝利,未勝利・牝,3,6,ストーリア,牝,3,岩田望来, 54 ,18,1,１, ,芝2000,良,,(栗),杉山晴紀,2014,-0.3,3,3,3,34.8,476,-10,
,"2022. 3.13",中京,2名2,未勝利,未勝利,6,6,ネッスンドルマ,牡,3,川田将雅, 56 ,10,1,１, ,ダ1900,良,,(美),加藤士津,2033,-0.1,3,3,3,37.2,432,-16,
,"2022. 3.13",中京,2名2,未勝利,未勝利,4,8,タガノミア,牝,3,角田大河,51▲,16,3,１, ,ダ1200,良,,(栗),河内洋,1134,-0.3,,2,2,37.4,444,-14,
,"2022. 3.13",中京,2名2,未勝利,未勝利,1,1,ブラジリアンソング,牡,3,岩田康誠, 56 ,12,3,１, ,ダ1800,良,,(栗),池添学,1554,-0.1,1,1,1,38.9,496,-14,B
,"2022. 3.13",中京,2名2,未勝利,未勝利・牝,4,8,ルショコラ,牝,3,川田将雅, 54 ,16,1,１, ,ダ1400,良,,(栗),吉田直弘,1252,-0.5,,1,1,37.3,470,+2,
,"2022. 3.12",中京,2名1,1勝,１勝ｸﾗｽ,5,10,イルクオーレ,セ,4,荻野極, 57 ,18,6,１, ,芝1400,良,,(美),高橋文雅,1203,-0.2,,1,1,34.4,494,+8,B
,"2022. 3.12",中京,2名1,3勝,中京スＨ･3勝,2,3,プリマジア,牡,5,荻野極, 55 ,16,5,１, ,ダ1400,良,,(美),金成貴史,1237,-0.2,,9,9,37.3,470,-6,
,"2022. 3.12",中京,2名1,2勝,恋路ケ浜･2勝,4,8,ナリタブレード,牡,5,西村淳也, 57 ,16,4,１, ,芝2000,良,,(栗),中尾秀正,1592,-0.1,12,12,10,34.6,510,+6,
,"2022. 3.12",中京,2名1,2勝,伊良湖特･2勝,6,11,イバル,牡,5,小崎綾也, 57 ,16,1,１, ,ダ1200,良,,(栗),小崎憲,1117,-0.2,,6,6,36.2,524,+2,
,"2022. 3.12",中京,2名1,1勝,１勝ｸﾗｽ,5,9,ヤマニンスプレモ,牡,6,角田大和,54▲,15,13,１, ,ダ1900,良,,(栗),茶木太樹,2010,-0.2,3,3,3,38.8,490,-2,
,"2022. 3.12",中京,2名1,1勝,１勝ｸﾗｽ,2,3,ウーゴ,牡,5,太宰啓介, 57 ,16,3,１, ,ダ1400,良,,(栗),高橋亮,1249,-0.3,,6,5,37.0,502,-2,B
,"2022. 3.12",中京,2名1,1勝,１勝ｸﾗｽ*,3,6,デアノヴァ,牝,3,宮崎北斗, 54 ,16,4,１, ,ダ1800,良,,(美),伊坂重信,1546,-0.1,15,10,9,38.1,456,-4,
,"2022. 3.12",中京,2名1,未勝利,未勝利,6,9,レッドバリエンテ,牡,3,藤岡佑介, 56 ,14,3,１, ,芝2200,良,,(栗),中内田充,2143,-0.2,5,3,2,34.8,474,+2,
,"2022. 3.12",中京,2名1,未勝利,未勝利・若,6,10,サンライズロナウド,牡,3,亀田温心,55☆,15,2,１, ,ダ1800,良,,(栗),安田隆行,1542,-1.2,1,1,1,39.7,452,-6,
,"2022. 3.12",中京,2名1,未勝利,未勝利,3,6,メイケイバートン,牡,3,松本大輝,53▲,18,1,１, ,芝1400,良,,(栗),中竹和也,1211,-0.2,,1,1,34.9,474,+24,
,"2022. 3.12",中京,2名1,未勝利,未勝利・牝,5,7,タガノカンデラ,牝,3,城戸義政, 54 ,13,1,１, ,ダ1800,良,,(栗),奥村豊,1561,-0.2,6,5,4,38.6,458,+2,
,"2022. 3.12",中京,2名1,未勝利,未勝利,4,8,ミユキアイラブユー,牡,3,小林脩斗,53▲,16,5,１, ,ダ1400,良,*,(美),小島茂之,1252,-1.0,,2,2,37.7,556,-14,
,"2022. 2. 6",中京,1名C,2勝,２勝ｸﾗｽ,6,12,オシリスブレイン,牡,5,川田将雅, 57 ,16,4,１, ,芝1200,稍,,(美),田村康仁,1089,-0.0,,7,7,34.3,498,-2,
,"2022. 2. 6",中京,1名C,Ｇ３,きさらぎG3,2,2,マテンロウレオ,牡,3,横山典弘, 56 ,11,2,１, ,芝2000,稍,,(栗),昆貢,2005,-0.0,8,7,7,35.0,476,-2,
,"2022. 2. 6",中京,1名C,3勝,瀬戸ＳＨ･3勝,5,8,ハヤブサナンデクン,牡,6,武豊, 56 ,14,1,１, ,ダ1900,稍,,(栗),吉村圭司,1588,-0.1,2,1,1,38.3,502,0,
,"2022. 2. 6",中京,1名C,3勝,トリトン･3勝,6,6,ビップウインク,牝,5,幸英明, 55 ,10,8,１, ,芝1400,稍,,(栗),清水久詞,1212,-0.1,,4,4,34.4,510,0,
,"2022. 2. 6",中京,1名C,2勝,２勝ｸﾗｽ,6,7,テイエムマグマ,牡,4,高倉稜, 56 ,11,6,１, ,ダ1800,稍,,(栗),杉山晴紀,1540,-0.0,2,2,2,39.1,506,-6,
,"2022. 2. 6",中京,1名C,1勝,１勝ｸﾗｽ,3,3,アズユーフィール,牡,4,川田将雅, 56 ,11,1,１, ,ダ1900,稍,,(栗),宮本博,2016,-0.6,5,5,5,38.3,506,-2,B
,"2022. 2. 6",中京,1名C,新馬,新馬,4,8,ゼッフィーロ,牡,3,岩田望来, 56 ,16,1,１, ,芝1600,稍,,(栗),池江泰寿,1368,-0.2,2,4,4,34.7,464,,
,"2022. 2. 6",中京,1名C,未勝利,未勝利,1,1,ダノンジャッカル,牡,3,川田将雅, 56 ,10,1,１, ,芝2200,稍,,(栗),中内田充,2150,-0.4,3,5,5,35.9,462,+2,
,"2022. 2. 6",中京,1名C,1勝,１勝ｸﾗｽ*,6,7,オディロン,牡,3,池添謙一, 56 ,11,6,１, ,ダ1800,稍,,(栗),浜田多実,1534,-0.2,3,3,3,37.5,496,+4,
,"2022. 2. 6",中京,1名C,未勝利,未勝利・牝,6,11,ハッピースワニー,牝,3,岩田望来, 54 ,16,7,１, ,ダ1400,稍,,(栗),牧浦充徳,1253,-0.7,,7,6,37.1,428,-4,B
,"2022. 2. 6",中京,1名C,未勝利,未勝利,8,12,ワンダフルトゥデイ,牡,3,川田将雅, 56 ,12,2,１, ,ダ1800,稍,,(栗),中尾秀正,1553,-0.1,3,3,3,37.6,510,0,
,"2022. 2. 6",中京,1名C,未勝利,未勝利,8,16,カライカマウリオラ,牡,3,幸英明, 56 ,16,1,１, ,ダ1200,稍,,(栗),西園正都,1130,-0.1,,4,4,37.1,480,0,
,"2022. 2. 5",中京,1名B,2勝,２勝ｸﾗｽ,4,7,クインズレモン,牝,4,松山弘平, 55 ,16,1,１, ,ダ1200,良,,(栗),新谷功一,1130,-0.1,,3,2,37.6,500,0,
,"2022. 2. 5",中京,1名B,ｵｰﾌﾟﾝ,アルデバ,4,7,スマッシングハーツ,牡,6,福永祐一, 56 ,16,2,１, ,ダ1900,良,,(栗),新谷功一,1593,-0.3,9,7,5,36.9,516,0,
,"2022. 2. 5",中京,1名B,OP(L),エルフィ(L),6,6,アルーリングウェイ,牝,3,藤岡佑介, 54 ,10,4,１, ,芝1600,良,,(栗),藤岡健一,1340,-0.2,2,2,2,34.8,454,-4,
,"2022. 2. 5",中京,1名B,2勝,天竜川特･2勝,5,5,リフレーミング,牡,4,川田将雅, 56 ,7,1,１, ,芝2000,良,,(栗),鮫島一歩,2042,-0.0,5,4,5,33.4,466,-2,
,"2022. 2. 5",中京,1名B,1勝,１勝ｸﾗｽ,8,12,クリノナイスガイ,セ,5,岩田望来, 57 ,12,3,１, ,ダ1800,良,,(栗),橋田満,1547,-0.2,4,2,2,39.3,466,+2,
,"2022. 2. 5",中京,1名B,1勝,１勝ｸﾗｽ,5,5,ヴェルトハイム,牝,4,岩田望来, 54 ,11,1,１, ,芝2000,良,,(栗),友道康夫,2020,-0.5,5,5,5,34.3,476,+8,
,"2022. 2. 5",中京,1名B,1勝,１勝ｸﾗｽ,1,2,タイセイブレイズ,牡,4,岩田望来, 57 ,16,1,１, ,ダ1400,良,,(栗),牧浦充徳,1260,-0.1,,11,11,38.1,468,-6,
,"2022. 2. 5",中京,1名B,未勝利,未勝利,2,2,サブライムアンセム,牝,3,岩田望来, 54 ,13,1,２, ,芝1600,良,,(栗),藤原英昭,1359,0.0,4,7,7,34.6,478,+2,
,"2022. 2. 5",中京,1名B,新馬,新馬,4,7,アキュートガール,牝,3,団野大成, 54 ,15,7,１, ,ダ1800,良,,(栗),高橋義忠,1570,-0.2,1,1,1,38.7,456,,
,"2022. 2. 5",中京,1名B,未勝利,未勝利,7,10,インディゴブラック,牡,3,坂井瑠星, 56 ,13,3,１, ,ダ1900,良,,(栗),奥村豊,2009,-1.2,2,2,1,38.6,500,-4,
,"2022. 2. 5",中京,1名B,未勝利,未勝利,1,1,スマートラプター,牡,3,武豊, 56 ,16,2,１, ,ダ1400,良,,(栗),西園正都,1251,-0.2,,1,1,38.1,512,-6,
,"2022. 2. 5",中京,1名B,未勝利,未勝利・牝,8,12,ビジン,牝,3,池添謙一, 54 ,12,3,１, ,ダ1800,良,,(栗),武英智,1562,-0.3,7,7,6,38.8,458,+2,
,"2022. 1.30",中京,1名A,1勝,１勝ｸﾗｽ,7,14,レオパルドミノル,牡,4,横山典弘, 56 ,16,5,１, ,ダ1200,良,,(栗),本田優,1126,-0.3,,2,3,37.6,484,-2,
,"2022. 1.30",中京,1名A,Ｇ３,シルクロＨG3,2,3,メイケイエール,牝,4,池添謙一, 55 ,18,2,１, ,芝1200,良,,(栗),武英智,1081,-0.1,,4,3,34.2,472,+2,
,"2022. 1.30",中京,1名A,3勝,美濃Ｓ･3勝,5,5,パトリック,牡,6,松山弘平, 57 ,11,5,１, ,芝2200,良,,(栗),岡田稲男,2146,-0.0,6,6,8,33.7,488,+6,
,"2022. 1.30",中京,1名A,2勝,刈谷特別･2勝,7,8,フラーズダルム,牝,4,松山弘平, 54 ,10,2,１, ,芝1600,良,,(栗),松永昌博,1345,-0.1,5,4,4,34.2,492,+10,
,"2022. 1.30",中京,1名A,2勝,２勝ｸﾗｽ,4,4,ヴァンヤール,牡,4,荻野極, 56 ,11,2,１, ,ダ1800,良,,(栗),庄野靖志,1543,-0.1,4,4,4,36.6,522,+2,
,"2022. 1.30",中京,1名A,1勝,１勝ｸﾗｽ・牝,6,6,ファーストソリスト,牝,4,団野大成, 54 ,9,3,１, ,ダ1800,良,,(栗),吉村圭司,1560,-0.3,2,2,2,38.7,474,+2,
,"2022. 1.30",中京,1名A,新馬,新馬,4,8,ブラックブロッサム,牡,3,松山弘平, 56 ,18,1,１, ,芝2000,良,,(栗),斉藤崇史,2018,-0.1,3,2,3,35.4,526,,
,"2022. 1.30",中京,1名A,未勝利,未勝利・牝,2,2,アンジェリーナ,牝,3,横山典弘, 54 ,13,2,１, ,芝1600,良,,(栗),昆貢,1347,-0.6,5,4,4,34.7,420,-4,
,"2022. 1.30",中京,1名A,1勝,１勝ｸﾗｽ*,6,7,フルム,牡,3,水口優也, 56 ,12,2,１, ,ダ1200,良,,(栗),浜田多実,1125,-0.0,,8,8,36.5,480,0,
,"2022. 1.30",中京,1名A,未勝利,未勝利,2,4,ウラヤ,牡,3,藤岡佑介, 56 ,16,3,１, ,ダ1400,良,,(栗),野中賢二,1257,-0.4,,3,3,38.4,484,-2,
,"2022. 1.30",中京,1名A,未勝利,未勝利,8,10,ジルバーン,牡,3,横山典弘, 56 ,11,1,１, ,ダ1800,良,,(栗),武英智,1558,-0.2,7,6,6,38.6,426,0,
,"2022. 1.30",中京,1名A,未勝利,未勝利・牝,6,12,サエールフェイス,牝,3,酒井学, 54 ,16,7,１, ,ダ1200,良,,(栗),石橋守,1136,-0.2,,2,2,37.9,462,0,
,"2022. 1.29",中京,1名9,2勝,２勝ｸﾗｽ,8,12,ルチェカリーナ,牝,4,和田竜二, 54 ,13,2,１, ,ダ1400,良,,(栗),高橋義忠,1251,-0.3,,2,2,38.4,478,-2,
,"2022. 1.29",中京,1名9,3勝,伊賀Ｓ･3勝,6,12,メイショウミライ,牡,7,秋山真一, 57 ,16,12,１, ,ダ1200,良,,(栗),南井克巳,1116,-0.3,,6,7,36.5,506,+2,
,"2022. 1.29",中京,1名9,2勝,茶臼山Ｈ･2勝,7,7,ロードプレジール,牡,4,川田将雅, 54 ,10,1,１, ,芝2200,良,,(栗),中内田充,2127,-0.1,6,4,4,35.4,474,-2,
,"2022. 1.29",中京,1名9,1勝,白梅賞･1勝*,7,9,カワキタレブリー,牡,3,松山弘平, 56 ,11,5,１, ,芝1600,良,,(栗),杉山佳明,1360,-0.1,2,2,2,34.4,432,0,
,"2022. 1.29",中京,1名9,1勝,１勝ｸﾗｽ,8,9,ラルフ,牡,4,松山弘平, 56 ,9,1,１, ,ダ1800,良,,(栗),荒川義之,1542,-0.6,1,1,1,36.4,502,0,
,"2022. 1.29",中京,1名9,1勝,１勝ｸﾗｽ,6,6,エーティーソブリン,牡,4,松田大作, 56 ,11,9,１, ,芝1600,良,,(栗),武英智,1342,-0.0,7,7,9,34.7,484,-2,B
,"2022. 1.29",中京,1名9,1勝,１勝ｸﾗｽ・牝*,6,7,バスマティ,牝,3,川田将雅, 54 ,12,2,１, ,ダ1400,良,,(美),藤沢和雄,1259,-0.0,,7,8,38.4,436,0,
,"2022. 1.29",中京,1名9,未勝利,未勝利,2,2,ハイコースト,牡,3,松山弘平, 56 ,11,4,１, ,芝2000,良,,(栗),今野貞一,2024,-0.3,1,1,1,34.9,484,-6,
,"2022. 1.29",中京,1名9,新馬,新馬,6,10,キュートヴィラン,牝,3,岩田望来, 54 ,14,1,１, ,ダ1400,良,,(栗),四位洋文,1262,-1.1,,2,2,37.9,448,,
,"2022. 1.29",中京,1名9,未勝利,未勝利,7,8,トウセツ,牡,3,幸英明, 56 ,11,2,１, ,ダ1900,良,,(栗),杉山佳明,2019,-0.3,6,4,3,39.6,486,-6,
,"2022. 1.29",中京,1名9,未勝利,未勝利,4,8,バトルクライ,牡,3,岩田望来, 56 ,16,3,１, ,ダ1200,良,,(美),高木登,1119,-1.7,,2,1,36.5,480,-2,
,"2022. 1.29",中京,1名9,未勝利,未勝利・牝,3,3,セレッソ,牝,3,川須栄彦, 54 ,11,1,１, ,ダ1800,良,,(栗),長谷川浩,1561,-0.0,4,3,2,38.2,456,-2,
,"2022. 1.23",中京,1名8,2勝,２勝ｸﾗｽ,8,16,ジオラマ,牡,9,幸英明, 57 ,16,5,１, ,ダ1200,良,,(栗),西園正都,1127,-0.0,,9,9,36.7,540,+10,
,"2022. 1.23",中京,1名8,Ｇ２,東海ＳG2,3,5,スワーヴアラミス,牡,7,松田大作, 56 ,16,7,１, ,ダ1800,良,,(栗),須貝尚介,1517,-0.1,10,7,8,37.2,492,+6,B
,"2022. 1.23",中京,1名8,2勝,賢島特Ｈ･2勝,1,1,エグレムニ,牡,5,川須栄彦, 55 ,12,9,１, ,芝1400,良,,(栗),加用正,1212,-0.1,,3,2,34.6,496,0,
,"2022. 1.23",中京,1名8,2勝,西尾特別･2勝,8,9,メイサウザンアワー,牝,4,Ｍ．デム, 54 ,9,2,１, ,芝2000,良,,(美),尾関知人,2014,-0.1,9,9,9,34.3,514,+14,
,"2022. 1.23",中京,1名8,1勝,１勝ｸﾗｽ,8,12,ショウナンアーチー,牡,4,坂井瑠星, 56 ,12,1,１, ,ダ1900,良,,(栗),松下武士,2008,-0.0,2,2,1,37.4,500,0,
,"2022. 1.23",中京,1名8,1勝,１勝ｸﾗｽ,8,13,ディーズローリエ,牝,5,菱田裕二, 55 ,13,8,１, ,ダ1200,良,,(栗),岡田稲男,1129,-0.4,,8,8,36.1,446,+4,B
,"2022. 1.23",中京,1名8,新馬,新馬,6,12,キタサンシュガー,牝,3,坂井瑠星, 54 ,16,7,１, ,芝1600,良,,(栗),清水久詞,1374,-0.0,10,10,11,34.4,444,,
,"2022. 1.23",中京,1名8,未勝利,未勝利,5,5,エターナルビクトリ,牡,3,武豊, 56 ,9,2,１, ,芝2200,良,,(栗),小崎憲,2137,-0.1,6,7,5,35.4,450,-2,
,"2022. 1.23",中京,1名8,1勝,１勝ｸﾗｽ*,6,6,カフジオクタゴン,牡,3,坂井瑠星, 56 ,11,1,１, ,ダ1800,良,,(栗),矢作芳人,1542,-0.1,8,7,7,38.1,538,+2,
,"2022. 1.23",中京,1名8,新馬,新馬・牝,8,13,カネコメシスター,牝,3,森裕太朗, 54 ,13,2,１, ,ダ1200,良,,(栗),中尾秀正,1139,-1.1,,5,4,36.8,476,,
,"2022. 1.23",中京,1名8,未勝利,未勝利,4,6,バンドールロゼ,牡,3,池添謙一, 56 ,14,5,１, ,ダ1400,良,,(栗),松永昌博,1273,-0.0,,6,6,39.0,474,-8,
,"2022. 1.23",中京,1名8,未勝利,未勝利,6,6,シュプリンガー,牡,3,団野大成, 56 ,11,1,１, ,ダ1900,良,,(栗),松下武士,2033,-0.7,2,2,1,38.9,500,+4,
,"2022. 1.22",中京,1名7,1勝,１勝ｸﾗｽ,5,6,キタノエクスプレス,牡,4,松山弘平, 56 ,13,2,１, ,ダ1400,良,,(栗),坂口智康,1245,-0.2,,1,1,36.8,512,+10,
,"2022. 1.22",中京,1名7,3勝,長篠ＳＨ･3勝,3,3,ワールドバローズ,牡,4,和田竜二, 55 ,7,1,１, ,芝1600,良,,(栗),石坂公一,1348,-0.1,6,6,5,34.3,452,0,
,"2022. 1.22",中京,1名7,OP(L),若駒Ｓ(L),5,5,リューベック,牡,3,池添謙一, 56 ,7,3,１, ,芝2000,良,,(栗),須貝尚介,2022,-0.2,1,1,1,35.0,490,+18,
,"2022. 1.22",中京,1名7,3勝,遠州灘Ｓ･3勝,8,9,クリノフラッシュ,牝,7,武豊, 55 ,10,3,１, ,ダ1800,良,,(栗),橋田満,1522,-1.1,2,2,1,37.5,450,0,B
,"2022. 1.22",中京,1名7,2勝,２勝ｸﾗｽ,1,1,フォルテデイマルミ,牡,4,川田将雅, 56 ,9,1,１, ,ダ1900,良,,(栗),須貝尚介,2003,-0.1,8,6,6,37.0,492,0,
,"2022. 1.22",中京,1名7,1勝,１勝ｸﾗｽ,6,6,スワーヴエルメ,牡,4,川田将雅, 56 ,9,1,１, ,芝2200,良,,(美),堀宣行,2128,-0.3,5,5,5,35.0,526,0,
,"2022. 1.22",中京,1名7,未勝利,未勝利,7,12,アスクコンナモンダ,牡,3,川田将雅, 56 ,15,2,１, ,芝1600,良,,(栗),中内田充,1343,-0.5,3,3,3,35.3,438,+2,
,"2022. 1.22",中京,1名7,未勝利,未勝利・牝,4,4,プレミアスコア,牝,3,武豊, 54 ,7,3,１, ,芝2000,良,,(栗),松永幹夫,2019,-0.2,1,1,1,34.8,472,0,
,"2022. 1.22",中京,1名7,1勝,１勝ｸﾗｽ*,3,3,ジレトール,牡,3,川田将雅, 56 ,8,1,１, ,ダ1400,良,,(栗),松永幹夫,1252,-0.2,,1,1,35.8,486,+8,
,"2022. 1.22",中京,1名7,新馬,新馬,4,5,ブリッツファング,牡,3,池添謙一, 56 ,14,1,１, ,ダ1800,良,,(栗),大久保龍,1544,-1.2,3,4,4,37.5,460,,
,"2022. 1.22",中京,1名7,未勝利,未勝利,1,2,ポメラート,牝,3,松山弘平, 54 ,16,1,１, ,ダ1200,良,,(栗),茶木太樹,1136,-0.9,,1,1,37.4,484,-4,
,"2022. 1.22",中京,1名7,未勝利,未勝利,5,5,ジョーコモド,牡,3,服部寿希,53▲,11,4,１, ,ダ1800,良,,(栗),中竹和也,1555,-0.3,5,7,7,38.1,490,-6,
,"2022. 1.16",中京,1名6,2勝,２勝ｸﾗｽ,8,15,ゼンノジャスタ,牡,5,岩田望来, 57 ,15,8,１, ,ダ1400,良,,(栗),浅見秀一,1252,-0.1,,10,10,38.1,476,+4,
,"2022. 1.16",中京,1名6,Ｇ２,日経新春ＨG2,5,10,ヨーホーレイク,牡,4,川田将雅, 55 ,16,3,１, ,芝2200,良,*,(栗),友道康夫,2117,-0.1,9,9,9,34.4,508,+4,
,"2022. 1.16",中京,1名6,3勝,遠江Ｓ･3勝,3,5,コラルノクターン,牡,5,岩田望来, 57 ,16,2,１, ,ダ1400,良,,(栗),藤原英昭,1241,-0.0,,7,7,36.5,514,+4,
,"2022. 1.16",中京,1名6,2勝,２勝ｸﾗｽ・牝,4,6,ビューティフルデイ,牝,4,川田将雅, 54 ,14,1,１, ,芝1400,良,,(美),国枝栄,1207,-0.1,,5,5,34.5,456,+2,
,"2022. 1.16",中京,1名6,1勝,梅花賞･1勝*,5,5,セレシオン,牡,3,川田将雅, 56 ,5,1,１, ,芝2200,良,,(栗),友道康夫,2157,-0.0,3,3,3,34.0,476,-2,
,"2022. 1.16",中京,1名6,1勝,１勝ｸﾗｽ,2,2,ヴィルヘルム,牡,4,松山弘平, 56 ,14,1,１, ,芝1600,良,,(栗),池江泰寿,1341,-0.3,4,4,3,35.5,510,-2,
,"2022. 1.16",中京,1名6,1勝,１勝ｸﾗｽ,7,7,ステイブルアスク,牝,4,古川奈穂,50★,10,1,１, ,ダ1800,良,,(栗),矢作芳人,1541,-0.5,9,4,4,37.0,424,0,
,"2022. 1.16",中京,1名6,未勝利,未勝利,3,3,エイカイマッケンロ,牡,3,岩田望来, 56 ,11,6,１, ,芝2000,良,,(栗),藤原英昭,2019,-0.1,4,4,3,34.6,488,+2,
,"2022. 1.16",中京,1名6,新馬,新馬・牝,5,8,ウィングヘヴン,牝,3,松山弘平, 54 ,14,1,１, ,ダ1800,良,,(栗),茶木太樹,1544,-1.0,2,2,2,38.0,466,,
,"2022. 1.16",中京,1名6,未勝利,未勝利,7,9,プルートマスター,牡,3,松山弘平, 56 ,12,4,１, ,ダ1400,良,,(栗),今野貞一,1260,-0.4,,5,6,38.3,488,0,
,"2022. 1.16",中京,1名6,未勝利,未勝利・牝,8,9,スマートオリーブ,牝,3,坂井瑠星, 54 ,9,2,１, ,ダ1800,良,,(栗),矢作芳人,1573,-0.0,2,2,2,37.1,470,-8,
,"2022. 1.16",中京,1名6,未勝利,未勝利,8,14,マルモリスペシャル,牡,3,武豊, 56 ,14,5,１, ,ダ1200,良,,(栗),大橋勇樹,1133,-0.1,,2,2,38.3,534,+30,
,"2022. 1.15",中京,1名5,1勝,１勝ｸﾗｽ,5,8,エールソヴール,牝,4,松若風馬, 54 ,15,2,１, ,ダ1200,良,,(栗),橋口慎介,1125,-0.2,,2,2,37.0,472,0,
,"2022. 1.15",中京,1名5,Ｇ３,愛知杯ＨG3,1,1,ルビーカサブランカ,牝,5,武豊, 52 ,16,7,１, ,芝2000,良,,(栗),須貝尚介,2010,-0.0,11,11,9,34.2,476,+8,
,"2022. 1.15",中京,1名5,OP(L),紅梅Ｓ(L),1,1,フォラブリューテ,牝,3,ルメール, 54 ,9,1,１, ,芝1400,良,,(美),宮田敬介,1218,-0.1,,7,7,34.7,440,+2,
,"2022. 1.15",中京,1名5,2勝,渥美特別･2勝,3,3,ビッグリボン,牝,4,川田将雅, 54 ,10,1,１, ,芝2000,良,,(栗),中内田充,2001,-0.7,6,6,6,34.4,496,-10,
,"2022. 1.15",中京,1名5,2勝,２勝ｸﾗｽ,7,10,フィニステール,牡,5,川田将雅, 57 ,12,2,１, ,ダ1800,良,,(栗),中内田充,1527,-0.3,11,11,11,36.7,472,+2,B
,"2022. 1.15",中京,1名5,1勝,１勝ｸﾗｽ*,8,10,ペプチドヤマト,牡,3,松山弘平, 56 ,11,1,１, ,ダ1200,良,,(栗),武英智,1129,-0.0,,3,3,37.4,470,-4,
,"2022. 1.15",中京,1名5,新馬,新馬,4,4,マテンロウボンド,牡,3,川田将雅, 56 ,12,2,１, ,芝2000,良,,(栗),野中賢二,2042,-0.1,6,6,4,34.2,484,,
,"2022. 1.15",中京,1名5,未勝利,未勝利,4,7,ショウナンハクラク,牡,3,坂井瑠星, 56 ,18,4,１, ,芝1400,良,,(栗),松下武士,1216,-0.0,,7,7,35.3,472,0,
,"2022. 1.15",中京,1名5,新馬,新馬,8,16,ナパージュケイク,牝,3,団野大成, 54 ,16,5,１, ,ダ1400,良,,(栗),笹田和秀,1266,-0.3,,4,2,37.9,480,,
,"2022. 1.15",中京,1名5,未勝利,未勝利,1,1,ケイアイスペース,セ,3,ルメール, 56 ,9,1,１, ,ダ1900,良,,(栗),西村真幸,2039,-0.2,8,6,6,38.1,500,-2,
,"2022. 1.15",中京,1名5,未勝利,未勝利・牝,4,5,バスマティ,牝,3,ルメール, 54 ,13,4,１, ,ダ1400,良,,(美),藤沢和雄,1261,-0.7,,4,3,38.3,436,+4,
,"2022. 1.15",中京,1名5,未勝利,未勝利,2,2,ディパッセ,牡,3,池添謙一, 56 ,10,1,１, ,ダ1800,良,,(栗),高柳大輔,1556,-1.1,1,1,1,40.2,488,+4,
,"2022. 1.10",中京,1名4,1勝,１勝ｸﾗｽ,7,13,エイシンギアアップ,牡,4,川田将雅, 56 ,15,1,１, ,ダ1400,良,,(栗),中尾秀正,1243,-0.3,,3,3,37.5,508,-4,
,"2022. 1.10",中京,1名4,OP(L),淀短距離(L),2,4,スマートクラージュ,牡,5,松山弘平, 56 ,17,1,１, ,芝1200,良,,(栗),池江泰寿,1079,-0.1,,4,3,34.2,474,0,
,"2022. 1.10",中京,1名4,3勝,雅Ｓ･3勝,7,7,グロリアムンディ,牡,4,Ｃ．デム, 56 ,10,2,１, ,ダ1800,良,,(栗),大久保龍,1509,-0.1,7,4,4,37.1,502,+8,B
,"2022. 1.10",中京,1名4,2勝,長良川特･2勝,1,1,カレンルシェルブル,牡,4,川田将雅, 56 ,11,1,１, ,芝2200,良,,(栗),安田翔伍,2116,-0.1,7,8,7,36.0,502,-4,
,"2022. 1.10",中京,1名4,2勝,２勝ｸﾗｽ・牝,8,10,クレデンザ,牝,5,吉田隼人, 55 ,10,4,１, ,ダ1800,良,,(栗),辻野泰之,1531,-0.1,9,9,7,37.7,452,+2,
,"2022. 1.10",中京,1名4,1勝,１勝ｸﾗｽ,7,9,スレイマン,牡,4,Ｃ．デム, 56 ,11,1,１, ,ダ1900,良,,(栗),池添学,2002,-0.8,2,2,2,37.5,530,0,
,"2022. 1.10",中京,1名4,1勝,１勝ｸﾗｽ*,7,8,エテルナメンテ,牝,3,横山琉人,51▲,10,3,１, ,芝1200,良,,(美),小島茂之,1089,-0.2,,1,1,34.5,456,+6,
,"2022. 1.10",中京,1名4,未勝利,未勝利,4,8,セルケト,牝,3,Ｃ．デム, 54 ,17,1,１, ,芝2000,良,,(栗),斉藤崇史,2008,-0.2,2,2,2,34.8,484,-2,
,"2022. 1.10",中京,1名4,新馬,新馬,4,7,ハピ,牡,3,和田竜二, 56 ,15,4,１, ,ダ1800,良,,(栗),大久保龍,1547,-0.4,3,3,3,37.9,466,,
,"2022. 1.10",中京,1名4,未勝利,未勝利,7,12,ベルドラゴ,牡,3,小沢大仁,54△,15,2,１, ,ダ1400,良,,(栗),庄野靖志,1260,-0.0,,3,3,38.6,476,+6,
,"2022. 1.10",中京,1名4,未勝利,未勝利,5,5,エヴィダンシア,牡,3,岩田望来, 56 ,10,3,１, ,ダ1800,良,,(栗),藤原英昭,1543,-0.3,2,2,1,38.3,484,-4,
,"2022. 1.10",中京,1名4,未勝利,未勝利・牝,2,3,トゥーレツリー,牝,3,横山典弘, 54 ,16,3,１, ,ダ1200,良,,(栗),安田翔伍,1136,-0.0,,14,14,36.5,434,-6,
,"2022. 1. 9",中京,1名3,2勝,２勝ｸﾗｽ,1,1,レッドランサー,牡,7,川田将雅, 57 ,16,1,１, ,ダ1200,良,,(栗),中内田充,1118,-0.0,,5,3,36.5,468,0,B
,"2022. 1. 9",中京,1名3,2勝,２勝ｸﾗｽ,4,7,スズカカナロア,牡,6,藤岡佑介, 57 ,16,2,１, ,ダ1200,良,*,(栗),橋田満,1118,-0.0,,7,6,36.0,508,0,
,"2022. 1. 9",中京,1名3,Ｇ３,シンザンG3,6,10,マテンロウオリオン,牡,3,横山典弘, 56 ,15,4,１, ,芝1600,良,,(栗),昆貢,1341,-0.0,3,4,3,34.9,486,0,
,"2022. 1. 9",中京,1名3,3勝,新春Ｓ･3勝,3,5,グレイイングリーン,牡,4,岩田望来, 56 ,16,4,１, ,芝1400,良,,(栗),池江泰寿,1196,-0.2,,9,9,33.8,494,-4,
,"2022. 1. 9",中京,1名3,2勝,濃尾特別･2勝,5,9,レプンカムイ,牡,4,鮫島克駿, 56 ,15,1,１, ,ダ1800,良,,(栗),橋口慎介,1532,-0.4,2,2,2,36.0,478,-4,
,"2022. 1. 9",中京,1名3,1勝,１勝ｸﾗｽ,8,13,スタッドリー,牡,4,Ｃ．デム, 56 ,13,1,１, ,芝2000,良,,(栗),奥村豊,2010,-0.2,2,2,2,34.3,520,+4,
,"2022. 1. 9",中京,1名3,1勝,１勝ｸﾗｽ,8,14,ラズルダズル,牡,5,吉田隼人, 57 ,14,1,１, ,ダ1800,良,,(栗),茶木太樹,1531,-0.5,2,2,2,38.8,470,+8,B
,"2022. 1. 9",中京,1名3,新馬,新馬,4,4,アスクオンディープ,牡,3,岩田望来, 56 ,11,4,１, ,芝2000,良,,(栗),藤原英昭,2044,-0.4,1,1,1,34.3,486,,
,"2022. 1. 9",中京,1名3,未勝利,未勝利,8,16,エンペザー,牡,3,坂井瑠星, 56 ,16,2,１, ,芝1600,良,,(栗),田中克典,1347,-0.7,1,1,1,34.8,486,-4,
,"2022. 1. 9",中京,1名3,1勝,１勝ｸﾗｽ・牝,6,12,エコロマンボ,牝,4,西村淳也, 54 ,16,1,１, ,ダ1400,良,,(栗),牧浦充徳,1255,-0.1,,9,5,37.2,516,+2,
,"2022. 1. 9",中京,1名3,未勝利,未勝利,4,6,サンライズジャスト,牡,3,幸英明, 56 ,15,1,１, ,ダ1900,良,,(栗),羽月友彦,2019,-1.0,4,2,2,37.9,524,-4,
,"2022. 1. 9",中京,1名3,未勝利,未勝利,6,11,アルムブラーヴ,牡,3,鮫島克駿, 56 ,16,1,１, ,ダ1200,良,,(栗),川村禎彦,1134,-0.1,,2,3,38.0,484,-2,
,"2022. 1. 9",中京,1名3,未勝利,未勝利,6,10,シェイリーン,牝,3,Ｃ．デム, 54 ,15,1,１, ,ダ1800,良,,(栗),池添学,1555,-0.0,3,4,5,37.9,490,+2,
,"2022. 1. 8",中京,1名2,1勝,１勝ｸﾗｽ,6,11,ロコポルティ,牡,4,Ｃ．デム, 56 ,16,3,１, ,ダ1200,良,,(栗),西園正都,1119,-0.1,,4,5,36.3,526,+24,
,"2022. 1. 8",中京,1名2,OP(L),すばるＳ(L),2,4,ピンシャン,牡,5,川田将雅, 57 ,16,2,１, ,ダ1400,良,,(栗),森秀行,1238,-0.1,,1,1,37.8,470,,
,"2022. 1. 8",中京,1名2,3勝,寿Ｓ･3勝,1,1,シュヴァリエローズ,牡,4,吉田隼人, 56 ,10,4,１, ,芝2000,良,,(栗),清水久詞,1595,-0.2,3,3,3,34.5,454,+10,
,"2022. 1. 8",中京,1名2,2勝,鳥羽特別･2勝,6,10,テーオーマルクス,牡,5,斎藤新, 57 ,14,11,１, ,芝1200,良,,(栗),宮徹,1082,-0.2,,1,1,34.3,500,+2,
,"2022. 1. 8",中京,1名2,1勝,１勝ｸﾗｽ・牝,3,5,メリディアン,牝,5,和田竜二, 55 ,15,5,１, ,ダ1800,良,,(栗),坂口智康,1548,-0.1,4,4,4,37.5,438,-2,
,"2022. 1. 8",中京,1名2,1勝,１勝ｸﾗｽ*,3,4,デシエルト,牡,3,岩田康誠, 56 ,14,2,１, ,ダ1800,良,,(栗),安田隆行,1529,-0.2,2,1,2,39.0,506,0,
,"2022. 1. 8",中京,1名2,新馬,新馬,7,13,ショショローザ,牝,3,岩田望来, 54 ,16,3,１, ,芝1600,良,,(栗),友道康夫,1371,-0.1,2,2,2,34.3,456,,
,"2022. 1. 8",中京,1名2,未勝利,未勝利,4,8,アーティット,牡,3,川田将雅, 56 ,17,1,１, ,芝2200,良,,(栗),友道康夫,2138,-0.1,2,2,2,36.3,482,+4,
,"2022. 1. 8",中京,1名2,新馬,新馬,8,14,カネトシブルーム,牡,3,富田暁, 56 ,15,3,１, ,ダ1200,良,,(栗),大橋勇樹,1134,-0.2,,3,3,37.3,504,,
,"2022. 1. 8",中京,1名2,未勝利,未勝利,7,11,スマートビクター,牡,3,坂井瑠星, 56 ,14,9,１, ,ダ1800,良,,(栗),吉田直弘,1549,-0.0,1,1,1,38.9,512,-8,
,"2022. 1. 8",中京,1名2,未勝利,未勝利,1,1,オラヴェリタス,牡,3,角田大和,53▲,15,4,１, ,ダ1400,良,,(栗),寺島良,1267,-0.3,,1,1,39.6,494,+2,B
,"2022. 1. 8",中京,1名2,未勝利,未勝利・牝,5,9,レタラ,牝,3,坂井瑠星, 54 ,16,1,１, ,ダ1800,良,,(栗),吉村圭司,1554,-0.1,1,1,1,40.1,448,-4,
,"2022. 1. 5",中京,1名1,2勝,２勝ｸﾗｽ,7,13,トーセンアラン,牡,4,松山弘平, 56 ,16,6,１, ,ダ1400,良,,(栗),池江泰寿,1238,-0.2,,2,2,37.1,532,-6,
,"2022. 1. 5",中京,1名1,Ｇ３,京都金杯ＨG3,4,7,ザダル,牡,6,松山弘平,57.5,16,7,１, ,芝1600,良,,(美),大竹正博,1329,-0.1,12,12,12,34.2,502,+2,
,"2022. 1. 5",中京,1名1,ｵｰﾌﾟﾝ,万葉ＳＨ,6,9,マカオンドール,牡,4,松山弘平, 52 ,13,1,１, ,芝3000,良,,(栗),今野貞一,3043,-0.0,10,10,10,34.8,492,0,
,"2022. 1. 5",中京,1名1,3勝,門松Ｓ･3勝,5,9,ボンディマンシュ,セ,6,藤岡佑介, 57 ,16,2,１, ,ダ1400,良,*,(栗),中内田充,1240,-0.2,,8,8,37.0,500,+2,
,"2022. 1. 5",中京,1名1,2勝,２勝ｸﾗｽ,6,6,ディヴィーナ,牝,4,Ｃ．デム, 54 ,10,2,１, ,芝1600,良,,(栗),友道康夫,1353,-0.3,4,4,4,33.5,416,+2,
,"2022. 1. 5",中京,1名1,2勝,２勝ｸﾗｽ,7,11,クリノドラゴン,牡,4,武豊, 56 ,14,1,１, ,ダ1900,良,,(栗),大橋勇樹,2007,-0.3,9,5,5,37.9,478,-2,
,"2022. 1. 5",中京,1名1,1勝,１勝ｸﾗｽ*,2,2,グランディア,牡,3,川田将雅, 56 ,10,1,１, ,芝2000,良,,(栗),中内田充,2001,-0.0,7,7,5,36.1,476,0,
,"2022. 1. 5",中京,1名1,新馬,新馬,7,12,チュウワダンス,牝,3,川田将雅, 54 ,14,1,１, ,芝2000,良,,(栗),大久保龍,2032,-0.0,3,3,3,35.3,458,,
,"2022. 1. 5",中京,1名1,1勝,１勝ｸﾗｽ,2,2,トレデマンド,牝,4,Ｃ．デム, 54 ,8,1,１, ,ダ1800,良,,(栗),松永幹夫,1536,-0.5,2,2,2,37.7,458,-6,
,"2022. 1. 5",中京,1名1,未勝利,未勝利,4,6,メイショウユズルハ,牡,3,菱田裕二, 56 ,14,1,１, ,ダ1900,良,,(栗),岡田稲男,2021,-0.2,2,1,1,39.2,482,+8,
,"2022. 1. 5",中京,1名1,未勝利,未勝利,5,8,テーオーステルス,牡,3,幸英明, 56 ,15,2,１, ,ダ1200,良,,(栗),奥村豊,1133,-0.6,,2,2,38.1,538,+8,
,"2022. 1. 5",中京,1名1,未勝利,未勝利,8,14,ロードジャスティス,牡,3,松山弘平, 56 ,14,2,１, ,ダ1800,良,,(栗),安田隆行,1548,-1.0,1,1,1,37.2,468,+8,B
,2021.12.19,中京,6名6,2勝,尾張特別･2勝,5,5,ダンディズム,セ,5,富田暁, 57 ,12,1,１, ,芝2200,良,,(栗),野中賢二,2138,-0.0,11,9,7,35.0,482,0,B
,2021.12.19,中京,6名6,3勝,三河Ｓ･3勝,5,9,マテンロウスパーク,牡,4,柴山雄一, 57 ,15,1,１, ,ダ1800,重,,(栗),昆貢,1506,-0.1,11,11,10,36.5,504,0,
,2021.12.19,中京,6名6,1勝,寒椿賞･1勝*,5,10,グットディール,牡,2,浜中俊, 55 ,16,3,１, ,ダ1400,重,,(栗),須貝尚介,1236,-0.1,,7,6,37.3,494,0,
,2021.12.19,中京,6名6,1勝,１勝ｸﾗｽ・牝,1,2,アトミックフレア,牝,3,泉谷楓真,53☆,18,9,１, ,芝2000,良,,(栗),渡辺薫彦,2016,-0.0,4,4,4,35.6,442,+2,
,2021.12.19,中京,6名6,1勝,１勝ｸﾗｽ,1,1,メモリーエフェクト,牡,3,富田暁,55☆,16,1,１, ,芝1600,良,*,(栗),大久保龍,1345,-0.2,1,1,1,34.6,470,+4,
,2021.12.19,中京,6名6,1勝,１勝ｸﾗｽ・若,4,5,イグナーツ,牡,5,泉谷楓真,56☆,13,6,１, ,ダ1800,重,,(栗),中竹和也,1519,-0.0,1,1,1,37.3,496,-8,
,2021.12.19,中京,6名6,1勝,１勝ｸﾗｽ,1,1,キュムロンニンバス,牡,3,黛弘人, 56 ,16,8,１, ,ダ1200,重,,(美),南田美知,1111,-0.0,,12,12,35.9,496,-4,
,2021.12.19,中京,6名6,新馬,新馬,1,1,モズゴールドバレル,牝,2,坂井瑠星, 54 ,18,1,１, ,芝1400,良,,(栗),藤岡健一,1233,-0.1,,3,3,35.1,444,,
,2021.12.19,中京,6名6,未勝利,未勝利*,3,5,スカイトレイル,牝,2,小沢大仁,51▲,18,4,１, ,芝1400,良,,(栗),西村真幸,1221,-0.1,,11,8,35.2,432,+8,
,2021.12.19,中京,6名6,1勝,１勝ｸﾗｽ,3,3,ダッシュダクラウン,セ,3,富田暁,55☆,13,3,１, ,ダ1900,重,,(栗),武英智,1579,-0.1,12,4,4,37.0,456,-10,B
,2021.12.19,中京,6名6,1勝,１勝ｸﾗｽ・牝,6,12,ミラーウォーカーズ,牝,3,藤岡康太, 54 ,16,2,１, ,ダ1400,重,,(美),石栗龍彦,1238,-0.1,,2,2,36.6,476,-6,
,2021.12.19,中京,6名6,未勝利,未勝利*,7,10,マルカアトラス,牡,2,小沢大仁,52▲,12,2,１, ,ダ1800,重,,(栗),松永昌博,1528,-0.1,2,1,1,38.5,492,-4,
,2021.12.18,中京,6名5,2勝,大須特別･2勝,1,2,オーマイガイ,牡,8,亀田温心, 57 ,16,2,１, ,ダ1400,重,,(栗),河内洋,1223,-0.5,,1,1,36.3,472,-4,
,2021.12.18,中京,6名5,2勝,有松特Ｈ･2勝,3,5,フミロア,牝,3,斎藤新, 52 ,17,4,１, ,芝1200,良,,(美),黒岩陽一,1089,-0.1,,1,1,34.8,444,-4,
,2021.12.18,中京,6名5,ｵｰﾌﾟﾝ,中京２歳,7,7,ジャングロ,牡,2,武豊, 55 ,9,2,１, ,芝1200,良,,(栗),森秀行,1084,-0.6,,1,1,34.7,454,-4,
,2021.12.18,中京,6名5,1勝,１勝ｸﾗｽ,3,5,チャックネイト,牡,3,藤岡康太, 55 ,18,6,１, ,芝2200,良,,(美),堀宣行,2138,-0.4,6,7,7,36.0,476,+6,
,2021.12.18,中京,6名5,1勝,１勝ｸﾗｽ,2,2,メイショウミカワ,牡,3,武豊, 56 ,12,1,１, ,ダ1800,重,,(栗),南井克巳,1506,-0.5,3,3,2,37.3,486,0,
,2021.12.18,中京,6名5,1勝,１勝ｸﾗｽ,7,13,タイニーロマンス,牝,3,秋山稔樹,53☆,18,2,１, ,芝1400,稍,,(美),金成貴史,1212,-0.4,,3,3,35.1,528,+8,
,2021.12.18,中京,6名5,1勝,１勝ｸﾗｽ・若,7,14,アシタバ,牝,3,西村淳也, 54 ,16,1,１, ,ダ1200,重,,(栗),奥村豊,1109,-0.5,,3,2,36.7,472,-8,
,2021.12.18,中京,6名5,新馬,新馬,4,4,フロンタルジェダイ,牡,2,藤岡康太, 55 ,9,5,１, ,ダ1800,重,,(栗),高橋義忠,1540,-0.5,1,1,1,38.1,516,,
,2021.12.18,中京,6名5,未勝利,未勝利*,2,3,アランヴェリテ,牡,2,小沢大仁,52▲,15,2,１, ,芝2000,稍,,(栗),中竹和也,2025,-0.3,1,1,1,35.8,480,+2,
,2021.12.18,中京,6名5,1勝,１勝ｸﾗｽ,3,6,マブストーク,牡,3,中井裕二, 56 ,16,2,１, ,ダ1400,重,,(美),牧光二,1237,-0.1,,6,6,36.7,484,+4,
,2021.12.18,中京,6名5,1勝,１勝ｸﾗｽ・牝,3,3,コーラスケイト,牝,3,坂井瑠星, 54 ,14,2,１, ,ダ1800,重,,(栗),新谷功一,1515,-0.0,7,6,5,37.6,522,+3,
,2021.12.18,中京,6名5,未勝利,未勝利*,3,5,ライラボンド,牡,2,長岡禎仁, 55 ,16,4,１, ,ダ1400,重,,(栗),清水久詞,1236,-0.2,,3,2,36.7,504,+4,
,2021.12.12,中京,6名4,2勝,名古屋日･2勝,6,7,オーロラフラッシュ,牝,4,柴山雄一, 55 ,12,12,１, ,芝2000,良,,(美),藤沢和雄,2007,-0.2,1,1,1,34.8,460,-4,B
,2021.12.12,中京,6名4,3勝,知立Ｓ･3勝,4,7,スティクス,牝,3,斎藤新, 54 ,18,1,１, ,芝1200,良,,(栗),武幸四郎,1087,-0.0,,1,1,34.4,488,-4,
,2021.12.12,中京,6名4,1勝,つわぶき･1勝,5,5,コムストックロード,牝,2,黛弘人, 54 ,12,2,１, ,芝1400,良,,(美),中野栄治,1217,-0.0,,1,1,35.1,426,-8,
,2021.12.12,中京,6名4,1勝,１勝ｸﾗｽ,5,9,ルピナステソーロ,牝,3,鮫島克駿, 54 ,16,5,１, ,ダ1200,良,,(美),畠山吉宏,1120,-0.4,,4,4,36.9,452,-12,
,2021.12.12,中京,6名4,1勝,１勝ｸﾗｽ・若,7,10,シューラヴァラ,牡,3,鮫島克駿, 56 ,13,2,１, ,ダ1800,良,,(栗),川村禎彦,1547,-0.5,4,3,3,38.1,454,-4,
,2021.12.12,中京,6名4,1勝,１勝ｸﾗｽ,1,2,ディヴィーナ,牝,3,西村淳也, 54 ,16,1,１, ,芝1600,良,,(栗),友道康夫,1340,-0.2,3,3,3,34.6,414,-6,
,2021.12.12,中京,6名4,1勝,１勝ｸﾗｽ,6,8,ウォーロード,牡,3,秋山稔樹,55☆,13,1,１, ,ダ1900,良,,(美),和田勇介,2002,-0.2,5,5,4,37.6,478,-8,
,2021.12.12,中京,6名4,1勝,１勝ｸﾗｽ,3,6,アオイカツマ,牡,3,坂井瑠星, 56 ,16,4,１, ,ダ1400,良,,(美),古賀慎明,1250,-0.8,,2,2,36.8,480,+4,
,2021.12.12,中京,6名4,未勝利,未勝利*,8,16,テーオーソラネル,牡,2,松田大作, 55 ,18,10,１, ,芝2000,良,,(栗),須貝尚介,2022,-0.2,5,6,4,35.7,496,+16,B
,2021.12.12,中京,6名4,1勝,１勝ｸﾗｽ・牝,4,7,チャペルレーン,牝,3,坂井瑠星, 54 ,16,2,１, ,ダ1200,良,,(美),尾形和幸,1123,-0.2,,10,11,36.3,456,+2,
,2021.12.12,中京,6名4,未勝利,未勝利*,6,11,アルムマッツ,牡,2,西谷凜,52▲,16,12,１, ,ダ1400,良,,(栗),中竹和也,1258,-0.0,,9,9,38.0,478,-4,
,2021.12.12,中京,6名4,未勝利,未勝利・牝*,2,2,グレナデンシロップ,牝,2,鮫島克駿, 54 ,14,5,１, ,ダ1800,良,,(栗),浜田多実,1557,-0.0,10,6,4,38.9,432,-10,
,2021.12.11,中京,6名3,2勝,豊川特別･2勝,6,10,カーテンコール,牝,4,川須栄彦, 55 ,15,1,１, ,ダ1200,良,,(栗),高野友和,1113,-0.5,,1,1,36.7,502,+8,
,2021.12.11,中京,6名3,Ｇ３,中日新聞ＨG3,1,2,ショウナンバルディ,牡,5,岩田康誠, 55 ,18,8,１, ,芝2000,良,,(栗),松下武士,1598,-0.1,1,1,1,35.0,452,+6,
,2021.12.11,中京,6名3,2勝,犬山特別･2勝,6,11,ベルジュネス,セ,5,池添謙一, 57 ,16,6,１, ,ダ1900,良,,(美),畠山吉宏,2000,-0.0,8,4,4,38.8,462,-4,B
,2021.12.11,中京,6名3,1勝,１勝ｸﾗｽ,7,15,ボーデン,牡,3,ルメール, 56 ,18,1,１, ,芝2000,良,,(美),木村哲也,2006,-0.2,8,7,6,35.2,496,+4,
,2021.12.11,中京,6名3,1勝,１勝ｸﾗｽ,5,9,デルマカンノン,牝,3,ルメール, 54 ,18,1,１, ,芝1200,良,,(栗),五十嵐忠,1088,-0.1,,8,6,34.1,452,+6,
,2021.12.11,中京,6名3,1勝,１勝ｸﾗｽ,8,15,メイショウナリヒラ,牡,3,武豊, 56 ,16,7,１, ,ダ1400,良,,(栗),南井克巳,1248,-0.1,,2,2,38.3,470,-6,
,2021.12.11,中京,6名3,1勝,１勝ｸﾗｽ・牝,7,10,ギブミーラブ,牝,3,ルメール, 54 ,13,1,１, ,ダ1800,良,,(栗),藤岡健一,1545,-0.3,4,4,4,38.6,478,-6,
,2021.12.11,中京,6名3,新馬,新馬,7,10,ナッカーフェイス,牡,2,亀田温心,54☆,13,5,１, ,ダ1400,良,,(栗),北出成人,1262,-0.7,,4,3,37.6,440,,
,2021.12.11,中京,6名3,未勝利,未勝利・牝*,5,9,ルピナスリード,牝,2,池添謙一, 54 ,16,1,１, ,芝1600,良,,(栗),吉岡辰弥,1365,-0.1,8,8,8,34.2,450,-6,
,2021.12.11,中京,6名3,1勝,１勝ｸﾗｽ,6,10,タイキフォース,牡,3,ルメール, 56 ,15,1,１, ,ダ1800,良,,(栗),牧浦充徳,1527,-1.3,2,1,1,37.9,484,+6,
,2021.12.11,中京,6名3,未勝利,未勝利*,3,6,テイエムランウェイ,牡,2,岩田康誠, 55 ,16,2,１, ,ダ1200,良,,(栗),飯田雄三,1128,-0.6,,1,1,37.9,486,-4,
,2021.12.11,中京,6名3,未勝利,未勝利*,1,1,ハセドン,牡,2,三浦皇成, 55 ,12,3,１, ,ダ1800,良,,(栗),安田翔伍,1546,-0.5,9,10,7,37.0,490,-4,B
,"2021.12. 5",中京,6名2,2勝,鳴海特別･2勝,8,16,ハリーバローズ,牡,4,松山弘平, 57 ,16,1,１, ,ダ1400,良,,(栗),上村洋行,1245,-0.4,,2,2,37.8,496,+8,B
,"2021.12. 5",中京,6名2,Ｇ１,チャンピG1,3,6,テーオーケインズ,牡,4,松山弘平, 57 ,16,1,１, ,ダ1800,良,,(栗),高柳大輔,1497,-1.0,5,6,6,35.5,498,+6,
,"2021.12. 5",中京,6名2,2勝,中京日経･2勝,7,11,サマートゥリスト,牝,3,福永祐一, 54 ,13,3,１, ,芝1600,良,,(栗),藤原英昭,1351,-0.0,6,6,6,33.4,480,-6,
,"2021.12. 5",中京,6名2,1勝,こうやま･1勝,7,7,ソリタリオ,牡,2,福永祐一, 55 ,9,1,１, ,芝1600,良,,(栗),西村真幸,1353,-0.1,5,2,3,35.1,478,+4,
,"2021.12. 5",中京,6名2,1勝,１勝ｸﾗｽ,5,9,ロードプレジール,牡,3,川田将雅, 55 ,18,1,１, ,芝2200,良,,(栗),中内田充,2130,-0.1,11,13,13,34.8,476,-4,
,"2021.12. 5",中京,6名2,1勝,１勝ｸﾗｽ,7,11,ラズルダズル,牡,4,吉田隼人, 57 ,14,2,１, ,ダ1800,良,,(栗),茶木太樹,1528,-1.0,10,2,2,37.8,462,+8,B
,"2021.12. 5",中京,6名2,1勝,１勝ｸﾗｽ,2,4,マイグレーション,牡,3,Ｍ．デム, 56 ,16,4,１, ,ダ1400,良,,(美),水野貴広,1254,-0.0,,7,7,37.5,494,+4,
,"2021.12. 5",中京,6名2,新馬,新馬,4,4,シェルビーズアイ,牡,2,武豊, 55 ,6,4,１, ,芝2000,良,,(栗),武英智,2034,-0.0,4,4,4,34.2,472,,
,"2021.12. 5",中京,6名2,未勝利,未勝利*,7,14,パーサヴィアランス,牡,2,松山弘平, 55 ,18,2,１, ,芝1400,良,,(栗),西村真幸,1225,-0.0,,2,2,34.9,454,+4,
,"2021.12. 5",中京,6名2,1勝,１勝ｸﾗｽ・牝,6,11,トップザビル,牝,3,柴山雄一, 54 ,16,9,１, ,ダ1800,良,,(美),小手川準,1550,-0.2,16,15,13,36.2,438,0,
,"2021.12. 5",中京,6名2,1勝,１勝ｸﾗｽ,8,16,ミキノバスドラム,牡,3,原優介,53▲,16,2,１, ,ダ1200,良,*,(美),南田美知,1130,-0.0,,1,1,37.4,508,0,
,"2021.12. 5",中京,6名2,未勝利,未勝利*,8,8,ハナキリ,牡,2,松山弘平, 55 ,9,1,１, ,ダ1800,良,,(栗),森秀行,1554,-0.3,2,2,2,38.3,474,+4,
,"2021.12. 4",中京,6名1,1勝,栄特別･1勝,8,18,ビッグリボン,牝,3,西村淳也, 54 ,18,1,１, ,芝2000,良,,(栗),中内田充,2009,-0.1,10,5,3,35.2,506,+22,
,"2021.12. 4",中京,6名1,3勝,飛騨ＳＨ･3勝,8,18,イーサンパンサー,牡,5,古川吉洋, 54 ,18,16,１, ,芝1400,良,,(栗),昆貢,1207,-0.0,,6,6,34.7,478,-4,
,"2021.12. 4",中京,6名1,2勝,中京スポ･2勝,5,9,アリエノール,牝,3,斎藤新, 54 ,16,1,１, ,ダ1800,良,,(美),斎藤誠,1543,-0.1,2,2,2,36.6,424,+2,
,"2021.12. 4",中京,6名1,1勝,１勝ｸﾗｽ,8,16,ソウルラッシュ,牡,3,浜中俊, 56 ,16,2,１, ,芝1600,良,,(栗),池江泰寿,1336,-0.2,6,6,6,34.0,498,-2,B
,"2021.12. 4",中京,6名1,1勝,１勝ｸﾗｽ,6,11,テイエムマグマ,牡,3,高倉稜, 56 ,16,4,１, ,ダ1800,良,,(栗),杉山晴紀,1537,-0.6,3,2,2,38.2,504,+2,
,"2021.12. 4",中京,6名1,1勝,１勝ｸﾗｽ,3,6,スーパーホープ,牡,3,斎藤新, 56 ,18,2,１, ,芝1400,良,,(栗),藤岡健一,1212,-0.1,,8,8,35.1,520,+2,
,"2021.12. 4",中京,6名1,1勝,１勝ｸﾗｽ,1,1,ヒミノフラッシュ,牡,3,富田暁,55☆,14,1,１, ,ダ1900,良,,(栗),川村禎彦,2005,-1.1,3,5,2,37.6,550,+4,
,"2021.12. 4",中京,6名1,1勝,１勝ｸﾗｽ・若,1,1,アイアムイチオシ,牡,4,荻野極, 57 ,16,3,１, ,ダ1200,良,,(美),奥平雅士,1123,-0.0,,8,8,36.6,534,0,
,"2021.12. 4",中京,6名1,未勝利,未勝利*,7,14,スピードグラマー,牝,2,木幡育也,53☆,16,2,１, ,芝1600,良,,(美),藤沢和雄,1355,-0.1,2,2,2,35.3,468,-2,
,"2021.12. 4",中京,6名1,1勝,１勝ｸﾗｽ・牝,2,3,ハクサンライラック,牝,5,西村淳也, 55 ,16,9,１, ,ダ1400,良,,(栗),飯田雄三,1253,-0.1,,2,2,37.8,500,+2,
,"2021.12. 4",中京,6名1,未勝利,未勝利*,6,8,ディサイド,牡,2,坂井瑠星, 55 ,12,2,１, ,ダ1800,良,,(栗),高野友和,1559,-0.6,3,4,4,40.3,480,+8,
,"2021.12. 4",中京,6名1,未勝利,未勝利*,2,2,バイハリウッド,牡,2,泉谷楓真,54☆,12,1,１, ,ダ1200,良,,(美),金成貴史,1132,-0.8,,1,1,37.0,484,+4,
,"2021.10. 3",中京,5名9,2勝,２勝ｸﾗｽ,7,14,フルヴォート,牡,3,石橋脩, 55 ,16,1,１, ,ダ1400,良,,(栗),西村真幸,1238,-0.4,,4,4,36.6,496,0,
,"2021.10. 3",中京,5名9,OP(L),ポートア(L),5,9,プリンスリターン,牡,4,松山弘平, 57 ,16,4,１, ,芝1600,良,,(栗),加用正,1326,-0.0,6,6,6,34.2,462,+2,
,"2021.10. 3",中京,5名9,3勝,白川郷Ｓ･3勝,7,14,ゲンパチルシファー,牡,5,川島信二, 57 ,16,2,１, ,ダ1900,良,,(栗),佐々木晶,1588,-0.1,7,5,3,38.1,524,-4,
,"2021.10. 3",中京,5名9,2勝,浜名湖特･2勝,7,7,ジャックドール,牡,3,藤岡康太, 55 ,8,1,１, ,芝2000,良,,(栗),藤岡健一,2015,-0.5,1,1,1,33.2,506,-2,
,"2021.10. 3",中京,5名9,1勝,１勝ｸﾗｽ,3,6,レディステディゴー,牡,3,川須栄彦, 55 ,16,6,１, ,ダ1400,良,,(栗),浅見秀一,1243,-0.2,,8,8,36.4,512,+12,
,"2021.10. 3",中京,5名9,1勝,１勝ｸﾗｽ,2,3,テーオーロイヤル,牡,3,菱田裕二, 54 ,16,1,１, ,芝2200,良,,(栗),岡田稲男,2125,-0.2,7,9,9,35.8,458,+12,
,"2021.10. 3",中京,5名9,1勝,１勝ｸﾗｽ,4,4,サハラヴァンクール,牡,3,松山弘平, 55 ,12,1,１, ,ダ1900,良,,(栗),村山明,1591,-0.5,8,9,7,37.3,472,+2,
,"2021.10. 3",中京,5名9,新馬,新馬,2,2,タナザウィング,牝,2,斎藤新, 54 ,15,2,１, ,芝1600,良,,(栗),清水久詞,1352,-0.1,4,3,3,35.0,456,,
,"2021.10. 3",中京,5名9,新馬,新馬,3,3,クラウンプライド,牡,2,幸英明, 55 ,10,5,１, ,ダ1800,良,,(栗),新谷功一,1553,-1.0,3,4,4,38.7,494,,
,"2021.10. 3",中京,5名9,未勝利,未勝利*,5,9,カジュフェイス,牡,2,秋山真一, 55 ,18,2,１, ,芝1400,良,,(栗),森田直行,1212,-0.7,,1,1,35.6,478,-8,
,"2021.10. 3",中京,5名9,未勝利,未勝利*,8,15,マリオロード,牡,2,幸英明, 55 ,15,1,１, ,ダ1800,良,*,(栗),安達昭夫,1553,-0.3,3,3,2,38.7,468,+2,
,"2021.10. 3",中京,5名9,未勝利,未勝利*,7,9,スーパーラッキー,牡,2,泉谷楓真,54☆,12,1,１, ,ダ1200,良,,(栗),新谷功一,1127,-0.4,,2,2,36.8,458,+10,
,"2021.10. 2",中京,5名8,2勝,２勝ｸﾗｽ,8,13,ブルースピリット,牡,3,川田将雅, 55 ,13,1,１, ,芝1400,良,,(栗),中内田充,1206,-0.1,,2,2,34.2,486,-2,
,"2021.10. 2",中京,5名8,Ｇ３,シリウスＨG3,4,8,サンライズホープ,牡,4,幸英明, 56 ,16,4,１, ,ダ1900,良,,(栗),羽月友彦,1574,-0.1,3,2,2,37.9,540,0,B
,"2021.10. 2",中京,5名8,3勝,関ケ原Ｓ･3勝,8,12,シフルマン,牡,5,吉田隼人, 57 ,13,12,１, ,芝2000,良,,(栗),中尾秀正,1599,-0.0,2,2,2,34.6,502,0,
,"2021.10. 2",中京,5名8,ｵｰﾌﾟﾝ,ききょう,1,1,ドーブネ,牡,2,吉田隼人, 55 ,7,1,１, ,芝1400,良,,(栗),武幸四郎,1214,-0.3,,1,1,35.2,468,+4,
,"2021.10. 2",中京,5名8,2勝,２勝ｸﾗｽ,4,4,サンライズシェリー,牡,4,富田暁,56☆,13,6,１, ,ダ1900,良,,(栗),河内洋,1593,-0.1,1,1,1,37.7,480,-2,
,"2021.10. 2",中京,5名8,1勝,１勝ｸﾗｽ,2,3,ジャスティンカフェ,牡,3,川田将雅, 55 ,16,1,１, ,芝1600,良,,(栗),安田翔伍,1326,-0.2,9,9,8,33.5,492,+6,
,"2021.10. 2",中京,5名8,1勝,１勝ｸﾗｽ,7,10,ヴォワドアンジェ,牝,3,角田大和,50▲,13,8,１, ,ダ1800,良,,(栗),中竹和也,1529,-0.1,2,2,1,38.3,458,+4,
,"2021.10. 2",中京,5名8,新馬,新馬,3,3,ヴェールランス,牡,2,藤岡佑介, 55 ,12,4,１, ,芝2000,良,,(栗),藤岡健一,2018,-0.1,3,3,3,35.2,434,,
,"2021.10. 2",中京,5名8,1勝,１勝ｸﾗｽ・牝,1,1,レーヴリアン,牝,3,松山弘平, 53 ,12,1,１, ,ダ1200,良,,(栗),杉山晴紀,1124,-0.3,,1,1,37.3,488,+4,
,"2021.10. 2",中京,5名8,新馬,新馬,5,5,リメイク,牡,2,鮫島克駿, 55 ,11,6,１, ,ダ1400,良,*,(栗),新谷功一,1260,-1.3,,2,2,36.6,476,,
,"2021.10. 2",中京,5名8,未勝利,未勝利*,2,2,ダンテスヴュー,牡,2,川田将雅, 55 ,9,1,１, ,芝2000,良,,(栗),友道康夫,2009,-0.4,3,4,4,35.8,458,-2,
,"2021.10. 2",中京,5名8,未勝利,未勝利・牝*,5,8,ヤマイチエスポ,牝,2,岩田望来, 54 ,14,5,１, ,ダ1400,良,,(栗),中尾秀正,1269,-0.2,,5,5,39.2,464,-2,
,"2021. 9.26",中京,5名7,2勝,２勝ｸﾗｽ,7,14,オースミムテキ,牡,5,福永祐一, 57 ,16,1,１, ,ダ1200,不,,(栗),松永昌博,1107,-0.0,,1,1,36.6,480,-8,
,"2021. 9.26",中京,5名7,Ｇ２,神戸新聞G2,5,5,ステラヴェローチェ,牡,3,吉田隼人, 56 ,10,2,１, ,芝2200,不,,(栗),須貝尚介,2180,-0.0,8,9,9,35.6,506,+18,
,"2021. 9.26",中京,5名7,3勝,桶狭間Ｈ･3勝,3,5,レディバグ,牝,3,松山弘平, 53 ,16,1,１, ,ダ1400,不,*,(栗),北出成人,1224,-0.4,,4,3,36.6,456,+2,
,"2021. 9.26",中京,5名7,2勝,知多特Ｈ･2勝,5,10,マリーナ,牝,3,幸英明, 52 ,18,2,１, ,芝1200,重,,(栗),矢作芳人,1108,-0.1,,2,3,35.4,444,+6,
,"2021. 9.26",中京,5名7,1勝,１勝ｸﾗｽ,3,3,ルージュメサージュ,牝,3,鮫島克駿, 52 ,10,5,１, ,芝2000,重,,(栗),斉藤崇史,2048,-0.3,7,7,7,35.6,468,0,
,"2021. 9.26",中京,5名7,1勝,１勝ｸﾗｽ,5,5,ミッションレール,牡,3,松山弘平, 54 ,10,6,１, ,ダ1900,不,,(栗),大久保龍,1579,-0.0,5,3,2,36.9,472,-14,
,"2021. 9.26",中京,5名7,1勝,１勝ｸﾗｽ・牝,4,6,クインズバジル,牝,3,松若風馬, 52 ,14,2,１, ,ダ1800,不,,(栗),梅田智之,1521,-0.2,4,4,4,38.4,466,0,
,"2021. 9.26",中京,5名7,新馬,新馬,8,11,トゥーサン,牝,2,幸英明, 54 ,11,5,１, ,芝2000,重,,(栗),吉岡辰弥,2086,-0.3,3,3,3,35.3,448,,
,"2021. 9.26",中京,5名7,新馬,新馬,3,3,ドライスタウト,牡,2,福永祐一, 54 ,12,3,１, ,ダ1200,不,,(栗),牧浦充徳,1112,-0.4,,3,3,35.4,522,,
,"2021. 9.26",中京,5名7,未勝利,未勝利・牝*,8,11,サウンドビバーチェ,牝,2,松山弘平, 54 ,12,6,１, ,芝1600,重,,(栗),高柳大輔,1365,-0.0,3,3,2,36.3,462,+2,
,"2021. 9.26",中京,5名7,未勝利,未勝利*,4,4,コパノニコルソン,牡,2,亀田温心,53☆,10,1,１, ,ダ1800,重,,(栗),宮徹,1512,-0.3,1,1,1,37.0,502,+2,
,"2021. 9.26",中京,5名7,未勝利,障害未勝利,3,4,フィードバック,セ,5,草野太郎, 60 ,14,3,１, ,芝3000,稍,,(美),鈴木伸尋,3202,-0.3,6,6,4,13.3,484,-14,
,"2021. 9.25",中京,5名6,2勝,２勝ｸﾗｽ,3,6,クリノホノオ,牡,4,藤岡康太, 57 ,16,3,１, ,ダ1800,良,,(栗),谷潔,1528,-0.5,6,5,3,37.3,482,+4,
,"2021. 9.25",中京,5名6,3勝,長篠Ｓ･3勝,2,4,キタイ,牝,5,池添謙一, 55 ,16,10,１, ,芝1200,良,*,(美),杉浦宏昭,1081,-0.0,,1,1,34.7,516,0,
,"2021. 9.25",中京,5名6,2勝,夕月特別･2勝,1,1,サンテローズ,牝,4,福永祐一, 55 ,9,1,１, ,芝2000,良,,(栗),西村真幸,2007,-0.6,3,3,3,33.7,522,+10,
,"2021. 9.25",中京,5名6,ｵｰﾌﾟﾝ,野路菊Ｓ,6,6,ロン,牝,2,武豊, 54 ,8,2,１, ,芝2000,良,,(栗),石橋守,1598,-0.7,3,3,3,34.8,494,0,
,"2021. 9.25",中京,5名6,1勝,１勝ｸﾗｽ,6,12,スペースクラフト,セ,5,松山弘平, 57 ,16,3,１, ,ダ1400,良,,(栗),松永幹夫,1243,-0.3,,2,2,37.3,490,+10,
,"2021. 9.25",中京,5名6,1勝,１勝ｸﾗｽ,6,6,スギノマジェスティ,牡,3,角田大和,51▲,10,7,１, ,ダ1800,良,,(栗),上村洋行,1528,-0.9,2,1,1,37.2,456,-6,
,"2021. 9.25",中京,5名6,1勝,１勝ｸﾗｽ,6,10,ランドボルケーノ,牡,3,幸英明, 55 ,14,2,１, ,ダ1200,良,,(栗),安達昭夫,1113,-0.5,,7,7,36.5,470,+2,
,"2021. 9.25",中京,5名6,新馬,新馬,1,2,ヴィルチュオーズ,牝,2,松田大作, 54 ,16,9,１, ,芝1400,良,,(栗),武幸四郎,1223,-0.1,,5,5,33.8,420,,
,"2021. 9.25",中京,5名6,新馬,新馬・牝,8,13,アファン,牝,2,岩田望来, 54 ,13,7,１, ,ダ1400,良,,(栗),平田修,1269,-0.4,,8,8,37.4,480,,
,"2021. 9.25",中京,5名6,未勝利,未勝利*,3,3,サトノヘリオス,牡,2,川田将雅, 54 ,11,1,１, ,芝2000,良,,(栗),友道康夫,2000,-0.1,3,3,3,34.3,470,0,
,"2021. 9.25",中京,5名6,未勝利,未勝利*,2,2,オディロン,牡,2,池添謙一, 54 ,10,5,１, ,ダ1800,良,,(栗),浜田多実,1539,-0.0,2,2,3,38.7,480,-8,
,"2021. 9.25",中京,5名6,未勝利,未勝利*,8,8,シンリミテス,牡,2,国分優作, 54 ,8,3,１, ,ダ1400,良,,(栗),大根田裕,1256,-0.0,,3,2,37.6,478,-2,
,"2021. 9.20",中京,5名5,1勝,１勝ｸﾗｽ,2,4,カーフライターク,牡,4,幸英明, 57 ,18,7,１, ,芝1200,良,,(栗),田中克典,1086,-0.1,,8,7,34.0,480,+10,
,"2021. 9.20",中京,5名5,3勝,JRAアニ･3勝,4,7,トランスナショナル,セ,5,酒井学, 57 ,16,12,１, ,ダ1800,良,,(美),田村康仁,1512,-0.1,6,5,5,37.3,482,+4,
,"2021. 9.20",中京,5名5,2勝,オルフ･2勝,6,8,ワールドバローズ,牡,3,和田竜二, 55 ,12,1,１, ,芝1600,良,,(栗),石坂公一,1349,-0.0,2,4,4,34.5,448,-2,
,"2021. 9.20",中京,5名5,1勝,ヤマボウ･1勝,3,3,コンバスチョン,牡,2,三浦皇成, 54 ,8,1,１, ,ダ1400,良,*,(美),伊藤圭三,1239,-0.1,,4,3,36.8,488,+4,
,"2021. 9.20",中京,5名5,1勝,１勝ｸﾗｽ,6,12,ヒメノカリス,牝,4,幸英明, 55 ,16,6,１, ,芝1600,良,,(栗),池江泰寿,1342,-0.0,3,3,3,35.0,464,+8,B
,"2021. 9.20",中京,5名5,1勝,１勝ｸﾗｽ,8,10,セイクリッドゲイズ,牡,3,斎藤新,53☆,10,6,１, ,ダ1800,稍,,(栗),佐々木晶,1527,-0.1,5,2,2,37.9,490,+3,
,"2021. 9.20",中京,5名5,1勝,１勝ｸﾗｽ,4,4,ルーチェット,牝,3,岩田望来, 52 ,13,2,１, ,ダ1900,稍,,(栗),松永幹夫,1589,-0.0,7,7,7,37.7,470,+18,
,"2021. 9.20",中京,5名5,新馬,新馬,8,14,レッドラマンシュ,牡,2,武豊, 54 ,14,4,１, ,芝1600,良,,(栗),庄野靖志,1373,-0.0,2,2,2,34.9,468,,
,"2021. 9.20",中京,5名5,新馬,新馬,6,8,テーオーシャルマン,牝,2,吉田隼人, 54 ,13,6,１, ,ダ1400,稍,,(栗),奥村豊,1261,-0.5,,4,4,38.0,480,,
,"2021. 9.20",中京,5名5,未勝利,未勝利*,1,1,パーソナルハイ,牝,2,藤岡佑介, 54 ,10,2,１, ,芝2000,良,,(栗),矢作芳人,2038,-0.7,1,1,1,33.7,460,0,
,"2021. 9.20",中京,5名5,未勝利,未勝利*,1,1,ウェルカムニュース,牡,2,岩田望来, 54 ,10,1,１, ,ダ1800,稍,,(栗),池江泰寿,1530,-1.3,3,1,1,37.3,496,0,
,"2021. 9.20",中京,5名5,未勝利,未勝利・牝*,5,7,ナツイロノオトメ,牝,2,角田大和,51▲,13,1,１, ,ダ1200,稍,*,(栗),角田晃一,1117,-0.4,,3,2,37.1,474,-4,
,"2021. 9.19",中京,5名4,2勝,２勝ｸﾗｽ,8,16,メイショウマサヒメ,牝,4,松山弘平, 55 ,16,5,１, ,ダ1400,重,,(栗),本田優,1230,-0.4,,2,2,36.4,498,+8,
,"2021. 9.19",中京,5名4,Ｇ２,ローズＳG2,6,12,アンドヴァラナウト,牝,3,福永祐一, 54 ,18,4,１, ,芝2000,良,,(栗),池添学,2000,-0.2,6,6,6,33.8,436,+2,
,"2021. 9.19",中京,5名4,3勝,納屋橋Ｓ･3勝,5,6,フォルコメン,セ,5,ルメール, 57 ,12,3,１, ,芝1600,良,,(美),堀宣行,1346,-0.1,3,1,1,33.6,500,+2,B
,"2021. 9.19",中京,5名4,2勝,木曽川特･2勝,4,4,ディヴァインラヴ,牝,3,福永祐一, 52 ,9,1,１, ,芝2200,良,,(栗),斉藤崇史,2124,-0.1,3,3,3,34.4,484,+4,
,"2021. 9.19",中京,5名4,1勝,１勝ｸﾗｽ,1,1,タイセイシェダル,牡,3,吉田隼人, 54 ,13,1,１, ,ダ1800,重,,(栗),高橋義忠,1517,-0.2,3,5,4,37.1,456,+8,
,"2021. 9.19",中京,5名4,1勝,１勝ｸﾗｽ・牝,3,6,ミラクル,牝,3,和田竜二, 53 ,16,3,１, ,ダ1200,重,,(栗),加用正,1106,-0.2,,4,3,36.0,456,+10,
,"2021. 9.19",中京,5名4,1勝,１勝ｸﾗｽ,8,11,ハギノエスペラント,牡,4,富田暁,56☆,12,5,１, ,ダ1900,重,,(栗),四位洋文,1578,-0.3,4,2,2,37.2,490,-8,
,"2021. 9.19",中京,5名4,新馬,新馬,5,5,トゥデイイズザデイ,牡,2,武豊, 54 ,7,1,１, ,芝2000,良,,(栗),池江泰寿,2048,-0.2,1,1,1,34.0,456,,
,"2021. 9.19",中京,5名4,1勝,１勝ｸﾗｽ,3,6,エイシンディーデイ,牡,3,福永祐一, 55 ,16,3,１, ,ダ1400,重,,(栗),野中賢二,1231,-0.1,,7,5,36.7,480,0,
,"2021. 9.19",中京,5名4,未勝利,未勝利*,7,12,テーオースパロー,牡,2,岩田望来, 54 ,15,2,１, ,芝1200,良,,(栗),清水久詞,1097,-0.2,,9,8,33.9,480,-4,
,"2021. 9.19",中京,5名4,未勝利,未勝利*,1,1,アナザーエデン,牡,2,武豊, 54 ,8,1,１, ,ダ1800,重,,(栗),吉村圭司,1523,-0.1,6,6,6,37.5,502,-8,
,"2021. 9.19",中京,5名4,未勝利,未勝利*,2,2,スミ,牝,2,池添謙一, 54 ,10,3,１, ,ダ1400,重,,(栗),高橋亮,1249,-0.0,,7,6,36.8,458,+2,
,"2021. 9.18",中京,5名3,1勝,１勝ｸﾗｽ,6,11,エヴァン,牡,4,鮫島克駿, 57 ,15,6,１, ,ダ1400,不,,(栗),佐々木晶,1230,-0.3,,2,2,37.2,468,-8,B
,"2021. 9.18",中京,5名3,ｵｰﾌﾟﾝ,ケフェウＨ,6,8,アラタ,牡,4,大野拓弥, 54 ,13,2,１, ,芝2000,重,,(美),和田勇介,2012,-0.0,5,4,4,34.0,454,-2,
,"2021. 9.18",中京,5名3,2勝,大府特Ｈ･2勝,8,12,アドマイヤメティス,牝,4,太宰啓介, 52 ,13,6,１, ,ダ1800,不,,(栗),畑端省吾,1487,-0.1,2,2,2,37.5,418,-2,
,"2021. 9.18",中京,5名3,1勝,金山特別･1勝,5,6,ワイドエンペラー,牡,3,ルメール, 54 ,13,3,１, ,芝2200,重,,(栗),藤岡健一,2126,-0.2,10,12,11,34.6,488,-12,
,"2021. 9.18",中京,5名3,ＪＧ３,阪神ジャJG3,7,8,トゥルボー,牡,5,石神深一, 60 ,10,3,１, ,芝3300,不,,(美),小笠倫弘,3383,-0.5,7,3,2,13.2,512,-2,
,"2021. 9.18",中京,5名3,1勝,１勝ｸﾗｽ,6,9,レーヴリアン,牝,3,松若風馬, 53 ,13,6,１, ,ダ1200,不,,(栗),杉山晴紀,1109,-0.2,,1,1,36.8,484,-6,
,"2021. 9.18",中京,5名3,1勝,１勝ｸﾗｽ・牝,1,1,エイカイステラ,牝,3,福永祐一, 52 ,14,1,１, ,ダ1800,不,,(栗),藤原英昭,1499,-0.5,2,2,2,37.0,460,+4,
,"2021. 9.18",中京,5名3,新馬,新馬,6,6,ラキエータ,牝,2,松山弘平, 54 ,10,1,１, ,芝1200,不,,(栗),音無秀孝,1107,-0.2,,4,4,35.2,408,,
,"2021. 9.18",中京,5名3,新馬,新馬,1,1,アスクドゥラメンテ,牡,2,福永祐一, 54 ,12,1,１, ,ダ1800,不,,(栗),藤原英昭,1535,-0.4,3,5,5,37.5,516,,
,"2021. 9.18",中京,5名3,未勝利,未勝利*,8,13,ピンクマクフィー,牝,2,福永祐一, 54 ,14,3,１, ,芝1600,不,,(栗),四位洋文,1368,-0.1,3,5,5,35.9,426,-12,
,"2021. 9.18",中京,5名3,未勝利,未勝利*,8,10,メズメライザー,牡,2,福永祐一, 54 ,10,1,１, ,ダ1200,不,,(栗),千田輝彦,1111,-0.2,,2,2,35.7,522,+10,
,"2021. 9.18",中京,5名3,未勝利,未勝利*,3,3,ジレトール,牡,2,川田将雅, 54 ,11,1,１, ,ダ1400,不,,(栗),松永幹夫,1243,-0.4,,1,1,37.0,468,-12,
,"2021. 9.12",中京,5名2,1勝,１勝ｸﾗｽ,5,10,エルカスティージョ,牝,3,Ｍ．デム, 53 ,18,3,１, ,芝1400,良,,(栗),斉藤崇史,1211,-0.0,,13,13,33.7,456,+2,
,"2021. 9.12",中京,5名2,Ｇ２,セントウG2,4,8,レシステンシア,牝,4,ルメール, 54 ,17,1,１, ,芝1200,良,,(栗),松下武士,1072,-0.0,,2,2,34.0,508,+4,
,"2021. 9.12",中京,5名2,3勝,浜松Ｓ･3勝,4,8,エンプティチェア,牡,4,松山弘平, 57 ,16,5,１, ,ダ1200,良,,(栗),音無秀孝,1102,-0.3,,5,4,35.5,474,+2,B
,"2021. 9.12",中京,5名2,2勝,長久手Ｈ･2勝,4,4,ロバートソンキー,牡,4,福永祐一, 57 ,8,1,１, ,芝2000,良,,(美),林徹,2004,-0.3,4,4,4,34.1,466,-20,
,"2021. 9.12",中京,5名2,2勝,２勝ｸﾗｽ・牝,6,6,キムケンドリーム,牝,4,小沢大仁,52▲,7,5,１, ,ダ1800,良,,(栗),西村真幸,1513,-0.4,3,2,2,37.2,460,-2,B
,"2021. 9.12",中京,5名2,1勝,１勝ｸﾗｽ,6,6,メイショウミカワ,牡,3,武豊, 54 ,11,2,１, ,ダ1800,良,,(栗),南井克巳,1514,-0.8,2,3,3,38.1,478,-6,
,"2021. 9.12",中京,5名2,1勝,１勝ｸﾗｽ・牝,5,9,ヴァーチャリティ,牝,3,酒井学, 53 ,16,6,１, ,ダ1400,良,,(栗),庄野靖志,1237,-0.1,,1,1,37.5,460,+6,
,"2021. 9.12",中京,5名2,新馬,新馬,4,4,ジャスティンパレス,牡,2,ルメール, 54 ,5,1,１, ,芝2000,良,,(栗),杉山晴紀,2023,-0.3,2,2,2,34.3,444,,
,"2021. 9.12",中京,5名2,1勝,１勝ｸﾗｽ,2,2,カモントゥミー,牡,4,富田暁,56☆,12,7,１, ,ダ1200,良,,(栗),牧田和弥,1106,-0.1,,1,1,36.3,504,+8,
,"2021. 9.12",中京,5名2,新馬,新馬,5,5,アイスジャイアント,牡,2,ルメール, 54 ,11,1,１, ,ダ1800,良,,(美),高柳瑞樹,1529,-0.1,2,2,2,38.0,484,,
,"2021. 9.12",中京,5名2,未勝利,未勝利*,4,7,デヴィルズマーブル,牡,2,岩田望来, 54 ,15,7,１, ,芝1400,良,,(栗),斉藤崇史,1214,-0.1,,6,6,35.1,478,-4,
,"2021. 9.12",中京,5名2,未勝利,未勝利*,7,10,レイワホマレ,牡,2,松山弘平, 54 ,12,5,１, ,ダ1400,良,,(栗),高柳大輔,1246,-0.6,,3,3,37.4,506,-2,
,"2021. 9.11",中京,5名1,2勝,２勝ｸﾗｽ,2,4,パワフルヒロコ,牝,7,酒井学, 55 ,16,10,１, ,ダ1200,稍,,(栗),飯田雄三,1102,-0.0,,4,4,35.4,448,-4,
,"2021. 9.11",中京,5名1,OP(L),エニフＳ(L),6,11,ジャスパープリンス,牡,6,松山弘平, 57 ,16,4,１, ,ダ1400,稍,,(栗),森秀行,1221,-0.2,,2,2,36.2,498,0,
,"2021. 9.11",中京,5名1,3勝,ムーンＨ･3勝,1,1,フライライクバード,牡,4,岩田望来, 56 ,13,1,１, ,芝2200,良,,(栗),友道康夫,2121,-0.4,8,8,7,34.2,458,-2,
,"2021. 9.11",中京,5名1,2勝,日進特別･2勝,4,4,ケイアイロベージ,セ,3,岩田望来, 54 ,11,1,１, ,ダ1800,稍,,(栗),野中賢二,1508,-0.2,3,3,2,35.6,482,+6,B
,"2021. 9.11",中京,5名1,1勝,１勝ｸﾗｽ,2,2,ジャックドール,牡,3,藤岡佑介, 54 ,13,1,１, ,芝2000,良,,(栗),藤岡健一,1594,-0.3,2,2,2,34.6,508,+16,
,"2021. 9.11",中京,5名1,1勝,１勝ｸﾗｽ,7,10,ティートラップ,牡,4,秋山真一, 57 ,12,6,１, ,ダ1400,稍,,(栗),五十嵐忠,1233,-0.0,,2,2,36.4,460,0,
,"2021. 9.11",中京,5名1,1勝,１勝ｸﾗｽ,5,6,カサデガ,牡,3,川又賢治, 54 ,12,7,１, ,ダ1900,稍,,(栗),寺島良,1580,-0.1,3,3,3,36.8,452,-10,
,"2021. 9.11",中京,5名1,新馬,新馬,6,7,ウナギノボリ,牡,2,和田竜二, 54 ,12,4,１, ,芝1400,良,,(栗),音無秀孝,1223,-0.1,,8,6,34.8,468,,B
,"2021. 9.11",中京,5名1,新馬,新馬・牝,4,4,ナミュール,牝,2,川田将雅, 54 ,10,2,１, ,芝1600,良,,(栗),高野友和,1390,-0.3,2,2,2,33.3,438,,
,"2021. 9.11",中京,5名1,未勝利,未勝利*,6,6,グランディア,牡,2,川田将雅, 54 ,9,1,１, ,芝2000,良,,(栗),中内田充,2012,-0.4,4,5,4,34.8,476,+8,
,"2021. 9.11",中京,5名1,未勝利,未勝利*,3,3,シュガーコルト,牡,2,岩田望来, 54 ,12,4,１, ,ダ1800,稍,,(栗),寺島良,1529,-0.2,2,2,2,38.1,504,-14,
,"2021. 9.11",中京,5名1,未勝利,未勝利*,7,7,ケイティレインボー,牡,2,長岡禎仁, 54 ,7,1,１, ,ダ1200,稍,,(栗),杉山佳明,1129,-0.3,,2,2,35.5,466,+2,
,"2021. 6.13",中京,4名4,1勝,１勝ｸﾗｽ,3,3,ディープハーモニー,牡,4,角田大和,54▲,10,5,１, ,芝1400,稍,,(栗),本田優,1213,-0.4,,2,2,34.9,480,-6,
,"2021. 6.13",中京,4名4,ｵｰﾌﾟﾝ,三宮ＳＨ,6,12,サンライズホープ,牡,4,幸英明, 54 ,16,2,１, ,ダ1800,稍,,(栗),羽月友彦,1512,-0.4,1,1,1,36.4,538,-2,B
,"2021. 6.13",中京,4名4,2勝,常滑特Ｈ･2勝,2,2,メイショウロセツ,牡,6,西村淳也, 55 ,11,7,１, ,芝2000,稍,,(栗),河内洋,2015,-0.2,3,3,3,34.5,500,0,
,"2021. 6.13",中京,4名4,2勝,恵那特別･2勝,3,5,ジゲン,牡,4,松若風馬, 57 ,15,2,１, ,ダ1200,稍,*,(栗),浅見秀一,1111,-0.5,,2,2,36.0,450,-2,
,"2021. 6.13",中京,4名4,1勝,１勝ｸﾗｽ,2,2,ノースザワールド,牡,3,松山弘平, 54 ,13,1,１, ,ダ1900,稍,,(栗),大久保龍,1597,-0.0,11,7,6,37.8,468,+2,
,"2021. 6.13",中京,4名4,1勝,１勝ｸﾗｽ・牝,8,12,タガノペカ,牝,3,幸英明, 52 ,12,1,１, ,ダ1400,良,,(栗),西園正都,1241,-0.5,,2,2,37.0,504,-2,
,"2021. 6.13",中京,4名4,未勝利,未勝利,8,13,ウインリブルマン,牡,3,松若風馬, 56 ,14,1,１, ,芝2200,良,,(栗),飯田雄三,2151,-0.7,3,2,2,36.7,490,-4,
,"2021. 6.13",中京,4名4,新馬,新馬,2,2,メリトクラシー,牝,2,福永祐一, 54 ,9,1,１, ,芝1200,良,,(栗),武幸四郎,1107,-0.2,,1,1,34.9,490,,
,"2021. 6.13",中京,4名4,未勝利,未勝利・牝,6,12,シャイニングフジ,牝,3,富田暁,53☆,16,3,１, ,芝1600,良,,(栗),笹田和秀,1343,-0.2,4,3,3,35.0,488,0,
,"2021. 6.13",中京,4名4,未勝利,未勝利,3,6,エイシンディーデイ,牡,3,西村淳也, 56 ,16,2,１, ,ダ1400,良,,(栗),野中賢二,1255,-0.5,,2,2,38.4,480,+6,
,"2021. 6.13",中京,4名4,未勝利,未勝利・牝,4,7,トレデマンド,牝,3,松山弘平, 54 ,16,3,１, ,ダ1800,良,*,(栗),松永幹夫,1538,-0.2,3,2,3,37.1,456,+6,
,"2021. 6.13",中京,4名4,未勝利,障害未勝利,3,3,レッドローゼス,牡,7,石神深一, 60 ,14,1,１, ,芝3000,良,,(美),国枝栄,3181,-0.1,4,3,2,13.2,494,+4,
,"2021. 6.12",中京,4名3,2勝,２勝ｸﾗｽ・牝,5,6,ショウナンナデシコ,牝,4,松山弘平, 55 ,13,4,１, ,ダ1800,良,,(栗),須貝尚介,1524,-1.0,3,3,5,36.8,478,-6,
,"2021. 6.12",中京,4名3,3勝,桑名Ｓ･3勝,8,11,カレンシュトラウス,牡,4,池添謙一, 57 ,11,1,１, ,芝1600,良,,(栗),平田修,1328,-0.0,6,6,7,33.5,514,+6,
,"2021. 6.12",中京,4名3,3勝,清洲Ｓ･3勝,3,5,イメル,牡,5,浜中俊, 57 ,16,1,１, ,ダ1400,良,,(栗),音無秀孝,1229,-0.2,,4,3,36.1,486,0,
,"2021. 6.12",中京,4名3,1勝,春日井特･1勝,8,8,イクスプロージョン,牡,3,西村淳也, 53 ,8,6,１, ,芝2200,良,,(栗),杉山晴紀,2119,-0.2,2,2,2,34.9,468,+2,
,"2021. 6.12",中京,4名3,1勝,１勝ｸﾗｽ・牝,1,1,マリアエレーナ,牝,3,松山弘平, 52 ,7,2,１, ,芝2000,良,,(栗),吉田直弘,2014,-0.0,7,6,5,33.3,416,+4,
,"2021. 6.12",中京,4名3,1勝,１勝ｸﾗｽ,8,15,メイショウヒューマ,牡,3,藤岡康太, 54 ,15,2,１, ,ダ1200,良,,(栗),藤岡健一,1113,-0.2,,3,3,36.2,482,+4,
,"2021. 6.12",中京,4名3,未勝利,未勝利,1,2,タナキーボー,牡,3,藤井勘一, 56 ,18,4,１, ,芝1200,良,*,(栗),清水久詞,1087,-0.3,,8,8,34.2,492,-2,
,"2021. 6.12",中京,4名3,新馬,新馬,6,6,セリフォス,牡,2,川田将雅, 54 ,10,1,１, ,芝1600,良,,(栗),中内田充,1350,-0.2,3,2,2,34.4,480,,
,"2021. 6.12",中京,4名3,未勝利,未勝利・牝,4,6,プリュムドール,牝,3,川田将雅, 54 ,15,1,１, ,芝2000,良,,(栗),奥村豊,2000,-0.3,6,6,8,34.8,458,+8,
,"2021. 6.12",中京,4名3,未勝利,未勝利,6,7,グランメテオール,牡,3,松山弘平, 56 ,11,1,１, ,ダ1900,良,,(栗),松永幹夫,2009,-0.2,2,2,1,38.5,476,+4,
,"2021. 6.12",中京,4名3,未勝利,未勝利,5,9,レッドフランカー,牡,3,川田将雅, 56 ,16,2,１, ,ダ1200,良,,(栗),音無秀孝,1121,-0.1,,8,8,36.3,458,+2,B
,"2021. 6.12",中京,4名3,未勝利,未勝利,5,9,ヴァジュランダ,牡,3,松山弘平, 56 ,15,2,１, ,ダ1800,良,,(栗),宮本博,1537,-0.0,2,2,2,38.4,486,-2,
,"2021. 6. 6",中京,4名2,1勝,１勝ｸﾗｽ,7,12,スカリーワグ,牡,3,松本大輝,51▲,15,2,１, ,ダ1400,稍,,(栗),藤原英昭,1239,-0.6,,1,1,35.7,508,0,
,"2021. 6. 6",中京,4名2,3勝,高山Ｓ･3勝,4,5,トーセングラン,牡,5,団野大成, 57 ,14,8,１, ,芝2000,良,,(美),田村康仁,1598,-0.0,2,2,2,35.9,436,+2,
,"2021. 6. 6",中京,4名2,2勝,弥富特別･2勝,7,9,モダスオペランディ,牡,5,和田竜二, 57 ,12,5,１, ,ダ1800,稍,,(栗),西園正都,1507,-0.3,2,2,2,36.8,528,+2,
,"2021. 6. 6",中京,4名2,2勝,蒲郡特別･2勝,7,8,グレイトゲイナー,牡,4,団野大成, 57 ,11,3,１, ,芝1200,良,*,(栗),森秀行,1082,-0.5,,1,1,34.2,466,+6,
,"2021. 6. 6",中京,4名2,1勝,１勝ｸﾗｽ,3,3,シゲルソウサイ,牡,3,角田大和,51▲,8,4,１, ,芝2000,良,,(栗),上村洋行,2010,-0.6,4,7,5,36.9,488,+2,
,"2021. 6. 6",中京,4名2,1勝,１勝ｸﾗｽ,5,5,レプンカムイ,牡,3,鮫島克駿, 54 ,10,1,１, ,ダ1800,稍,,(栗),橋口慎介,1507,-0.9,1,1,1,36.9,480,0,
,"2021. 6. 6",中京,4名2,未勝利,未勝利,1,2,サマートゥリスト,牝,3,岩田望来, 54 ,16,1,１, ,芝1600,良,*,(栗),藤原英昭,1338,-0.7,2,3,3,34.4,480,0,
,"2021. 6. 6",中京,4名2,新馬,新馬,2,2,ブレスレスリー,牝,2,藤岡康太, 54 ,13,5,１, ,芝1400,良,,(栗),藤岡健一,1231,-0.2,,1,1,35.9,434,,
,"2021. 6. 6",中京,4名2,未勝利,未勝利,7,14,ヒロノクイーン,牝,3,小沢大仁,51▲,16,3,１, ,ダ1400,稍,,(栗),寺島良,1247,-0.4,,5,5,37.5,478,+4,
,"2021. 6. 6",中京,4名2,未勝利,未勝利,2,3,フランコイメル,牡,3,藤岡佑介, 56 ,16,1,１, ,ダ1900,稍,,(栗),武英智,2011,-0.0,1,1,1,40.1,512,+2,
,"2021. 6. 6",中京,4名2,未勝利,未勝利・牝,4,8,グッドインパクト,牝,3,藤岡康太, 54 ,16,1,１, ,ダ1800,稍,,(栗),宮徹,1529,-0.9,3,3,2,38.4,428,-6,
,"2021. 6. 6",中京,4名2,ｵｰﾌﾟﾝ,障害・オープ,7,9,グランソード,牡,6,難波剛健, 60 ,12,6,１, ,芝3330,良,,(栗),高野友和,3420,-0.1,3,3,2,13.3,568,-4,
,"2021. 6. 5",中京,4名1,2勝,２勝ｸﾗｽ,4,8,アオイツヤヒメ,牝,5,永島まな,51★,16,5,１, ,ダ1400,重,,(栗),高橋康之,1225,-0.7,,1,1,37.3,482,+14,
,"2021. 6. 5",中京,4名1,Ｇ３,鳴尾記念G3,3,3,ユニコーンライオン,牡,5,坂井瑠星, 56 ,13,8,１, ,芝2000,良,,(栗),矢作芳人,2007,-0.6,1,1,1,34.1,528,-4,
,"2021. 6. 5",中京,4名1,3勝,松風月Ｈ･3勝,3,5,マリオ,牡,6,吉田隼人, 54 ,16,4,１, ,ダ1800,重,,(栗),安達昭夫,1505,-0.1,8,8,7,36.8,504,-6,
,"2021. 6. 5",中京,4名1,2勝,一宮特別･2勝,4,4,タイセイシリウス,牡,4,松若風馬, 57 ,10,6,１, ,芝2200,良,,(栗),高野友和,2145,-0.1,3,3,3,35.9,492,0,
,"2021. 6. 5",中京,4名1,1勝,１勝ｸﾗｽ,4,8,プログノーシス,牡,3,川田将雅, 54 ,16,1,１, ,芝1600,良,,(栗),中内田充,1329,-0.5,12,7,6,34.5,470,-4,
,"2021. 6. 5",中京,4名1,1勝,１勝ｸﾗｽ・牝,5,6,メイショウアサヒ,牝,4,岩田望来, 55 ,12,2,１, ,ダ1800,重,,(栗),笹田和秀,1517,-0.5,3,5,3,36.4,478,0,B
,"2021. 6. 5",中京,4名1,1勝,１勝ｸﾗｽ,4,5,アサケエース,牡,4,小沢大仁,54▲,13,1,１, ,芝1200,良,,(栗),大橋勇樹,1088,-0.0,,7,8,33.7,438,0,
,"2021. 6. 5",中京,4名1,新馬,新馬,2,2,クラウンドマジック,牡,2,岩田康誠, 54 ,12,7,１, ,芝1600,良,,(栗),加用正,1360,-0.0,11,10,10,34.3,496,,
,"2021. 6. 5",中京,4名1,未勝利,未勝利,5,10,カレンルシェルブル,牡,3,川田将雅, 56 ,18,1,１, ,芝2000,稍,,(栗),安田翔伍,2013,-0.3,5,4,3,34.9,496,-4,
,"2021. 6. 5",中京,4名1,未勝利,未勝利,7,13,デアリングウーマン,牝,3,角田大和,51▲,16,1,１, ,ダ1200,重,,(栗),角田晃一,1118,-0.1,,2,2,37.7,432,0,
,"2021. 6. 5",中京,4名1,未勝利,未勝利,8,16,トウリュウ,牡,3,小崎綾也, 56 ,16,2,１, ,ダ1800,重,,(栗),野中賢二,1517,-0.1,3,1,1,38.7,446,0,
,"2021. 6. 5",中京,4名1,未勝利,未勝利・牝,4,7,ビクトリアバローズ,牝,3,川田将雅, 54 ,16,6,１, ,ダ1400,重,,(栗),中内田充,1242,-0.5,,1,1,37.2,442,+10,
,"2021. 5.30",中京,3名8,3勝,伊勢Ｓ･3勝,2,4,シャンパンクーペ,牡,5,中井裕二, 57 ,16,3,１, ,ダ1900,良,,(栗),今野貞一,1593,-0.0,13,12,11,37.7,524,-4,B
,"2021. 5.30",中京,3名8,OP(L),白百合Ｓ(L),6,6,セファーラジエル,牡,3,鮫島克駿, 56 ,8,2,１, ,芝2000,良,,(栗),高柳大輔,1596,-0.6,7,5,4,35.4,518,-2,
,"2021. 5.30",中京,3名8,OP(L),安土城Ｈ(L),5,9,クリノガウディー,牡,5,岩田康誠,57.5,18,3,１, ,芝1400,良,,(栗),藤沢則雄,1192,-0.1,,5,5,34.2,488,-2,
,"2021. 5.30",中京,3名8,2勝,香嵐渓特･2勝,2,4,ハヤブサナンデクン,牡,5,川又賢治, 57 ,16,1,１, ,ダ1900,良,,(栗),吉村圭司,1585,-0.3,1,1,1,39.0,508,-4,
,"2021. 5.30",中京,3名8,2勝,２勝ｸﾗｽ,4,4,チュウワノキセキ,牡,4,岩田望来, 57 ,12,2,１, ,芝1400,良,,(栗),大久保龍,1202,-0.2,,5,4,34.5,474,-2,
,"2021. 5.30",中京,3名8,1勝,１勝ｸﾗｽ,3,3,サンライズシェリー,牡,4,富田暁,56☆,11,2,１, ,ダ1800,良,,(栗),河内洋,1530,-0.9,2,2,2,37.1,482,0,
,"2021. 5.30",中京,3名8,1勝,１勝ｸﾗｽ*,7,9,アンセーニュ,牝,3,坂井瑠星, 54 ,11,4,１, ,芝1200,良,*,(栗),奥村豊,1086,-0.1,,5,4,34.1,416,+2,
,"2021. 5.30",中京,3名8,1勝,１勝ｸﾗｽ*,2,3,シャークスポット,牡,3,松本大輝,53▲,16,7,１, ,ダ1400,良,,(栗),高柳大輔,1241,-0.0,,10,9,37.4,442,-4,
,"2021. 5.30",中京,3名8,未勝利,障害未勝利,5,5,カフジジュピター,牡,5,白浜雄造, 60 ,11,1,１, ,芝3000,良,,(栗),矢作芳人,3167,-0.1,1,1,1,13.1,468,+2,
,"2021. 5.30",中京,3名8,未勝利,未勝利,1,2,メッザノッテ,牝,3,荻野琢真, 54 ,16,2,１, ,ダ1200,良,,(栗),寺島良,1121,-0.5,,2,2,37.5,454,+2,
,"2021. 5.30",中京,3名8,未勝利,未勝利,7,7,リフレーミング,牡,3,藤岡康太, 56 ,9,1,１, ,芝2000,良,,(栗),鮫島一歩,2004,-0.2,5,4,3,35.1,462,-2,
,"2021. 5.30",中京,3名8,未勝利,未勝利,7,11,サワヤカコーズサン,牡,3,団野大成, 56 ,14,1,１, ,ダ1800,良,,(栗),茶木太樹,1523,-1.1,1,1,1,37.9,460,-4,
,"2021. 5.29",中京,3名7,2勝,２勝ｸﾗｽ,8,16,アサカディオネ,牝,4,小沢大仁,52▲,16,1,１, ,ダ1200,稍,*,(栗),佐々木晶,1107,-0.0,,1,1,36.1,456,0,
,"2021. 5.29",中京,3名7,重賞,葵Ｓ･重,4,7,レイハリア,牝,3,亀田温心, 54 ,18,13,１, ,芝1200,良,,(美),田島俊明,1081,-0.0,,2,2,34.5,446,+2,
,"2021. 5.29",中京,3名7,3勝,志摩ＳＨ･3勝,3,3,アクアミラビリス,牝,5,岩田望来, 54 ,13,2,１, ,芝1400,良,,(栗),吉村圭司,1194,-0.2,,6,6,33.9,428,-4,
,"2021. 5.29",中京,3名7,2勝,揖斐川特･2勝,5,5,イロゴトシ,牡,4,松山弘平, 57 ,10,4,１, ,芝2000,良,,(栗),牧田和弥,2004,-0.1,7,7,7,34.9,470,-2,
,"2021. 5.29",中京,3名7,1勝,１勝ｸﾗｽ,1,1,フルールドネージュ,牝,4,松山弘平, 55 ,16,2,１, ,ダ1200,稍,,(栗),鈴木孝志,1112,-0.0,,2,2,37.0,434,-2,
,"2021. 5.29",中京,3名7,1勝,１勝ｸﾗｽ,8,8,サマービート,牡,4,岩田望来, 57 ,9,5,１, ,芝2000,良,,(栗),四位洋文,1599,-0.1,8,8,7,34.4,460,-4,
,"2021. 5.29",中京,3名7,1勝,１勝ｸﾗｽ*,5,9,キャリアリズム,牡,3,福永祐一, 56 ,16,1,１, ,ダ1800,稍,,(栗),藤原英昭,1517,-0.1,2,2,2,38.1,504,0,
,"2021. 5.29",中京,3名7,未勝利,未勝利,2,2,オータムヒロイン,牝,3,鮫島克駿, 54 ,10,8,１, ,芝2200,良,*,(栗),鮫島一歩,2145,-0.1,9,7,6,35.0,456,0,
,"2021. 5.29",中京,3名7,未勝利,未勝利,6,11,ユナイテッドハーツ,牡,3,川田将雅, 56 ,18,4,１, ,芝1400,良,,(栗),新谷功一,1211,-0.0,,5,5,35.4,432,+8,
,"2021. 5.29",中京,3名7,未勝利,未勝利,1,1,エーティーソブリン,牡,3,池添謙一, 56 ,11,2,１, ,ダ1900,稍,,(栗),武英智,1599,-0.6,1,1,1,38.8,474,-14,
,"2021. 5.29",中京,3名7,未勝利,未勝利,2,3,ベリエドール,牡,3,松山弘平, 56 ,16,1,１, ,ダ1400,稍,,(栗),池江泰寿,1239,-0.5,,1,1,37.9,540,0,
,"2021. 5.29",中京,3名7,未勝利,未勝利・牝,6,11,ベゼドランジュ,牝,3,荻野琢真, 54 ,15,6,１, ,ダ1800,稍,,(栗),今野貞一,1532,-1.4,2,2,2,39.1,496,-6,
,"2021. 5.23",中京,3名6,2勝,２勝ｸﾗｽ,2,2,スズカパンサー,牡,4,幸英明, 57 ,12,2,１, ,ダ1800,稍,*,(栗),西村真幸,1523,-0.0,2,2,2,39.0,470,+6,
,"2021. 5.23",中京,3名6,3勝,大垣Ｓ･3勝,3,5,デンコウリジエール,牡,4,小沢大仁, 57 ,16,6,１, ,ダ1200,稍,,(栗),荒川義之,1111,-0.2,,6,5,36.6,464,-6,
,"2021. 5.23",中京,3名6,OP(L),鳳雛Ｓ(L),6,8,ウェルドーン,牝,3,藤岡佑介, 54 ,12,5,１, ,ダ1800,稍,,(栗),角田晃一,1522,-0.5,4,4,3,38.4,496,+10,
,"2021. 5.23",中京,3名6,2勝,御在所特･2勝,6,7,キングスタイル,牝,4,浜中俊, 55 ,12,9,１, ,芝2000,良,,(栗),田中克典,2007,-0.3,10,4,4,36.0,410,+6,
,"2021. 5.23",中京,3名6,1勝,１勝ｸﾗｽ,6,8,ノクターンノーツ,牝,4,酒井学, 55 ,13,7,１, ,芝1200,良,,(栗),田中克典,1083,-0.0,,3,2,34.9,494,+8,B
,"2021. 5.23",中京,3名6,1勝,１勝ｸﾗｽ,5,7,メイショウハクサン,牡,4,藤岡佑介, 57 ,14,1,１, ,ダ1900,稍,,(栗),中内田充,1591,-1.1,8,6,5,37.9,488,0,
,"2021. 5.23",中京,3名6,1勝,１勝ｸﾗｽ*,6,6,デルマセイシ,牝,3,松若風馬, 54 ,8,7,１, ,芝1600,良,,(栗),音無秀孝,1347,-0.3,2,2,2,34.4,462,+2,
,"2021. 5.23",中京,3名6,未勝利,未勝利・牝,6,10,オーパンバル,牝,3,団野大成, 54 ,15,6,１, ,芝2000,良,,(栗),野中賢二,2019,-0.1,12,12,12,35.1,456,-6,
,"2021. 5.23",中京,3名6,未勝利,未勝利,5,10,ユキノフラッシュ,牡,3,幸英明, 56 ,16,1,１, ,芝1600,良,,(栗),牧田和弥,1340,-0.1,2,3,3,35.5,474,-10,
,"2021. 5.23",中京,3名6,未勝利,未勝利,5,9,スカーレットジンク,牡,3,浜中俊, 56 ,16,1,１, ,ダ1400,重,,(栗),宮徹,1253,-0.3,,2,2,38.8,456,-4,
,"2021. 5.23",中京,3名6,未勝利,未勝利,4,8,ニホンピロハーバー,牡,3,田中健, 56 ,16,4,１, ,ダ1800,重,,(栗),安達昭夫,1529,-0.1,2,2,2,38.3,490,+2,
,"2021. 5.23",中京,3名6,未勝利,未勝利・牝,8,16,ペガサスハーツ,牝,3,藤岡佑介, 54 ,16,2,１, ,ダ1200,重,,(栗),矢作芳人,1122,-0.2,,4,4,37.1,520,+8,
,"2021. 5.22",中京,3名5,2勝,オースＨ･2勝,2,2,ノーブルアース,牝,6,高倉稜, 52 ,8,5,１, ,芝1600,稍,,(栗),牧浦充徳,1342,-0.0,3,5,4,35.2,490,+6,
,"2021. 5.22",中京,3名5,Ｇ３,平安ＳG3,3,5,オーヴェルニュ,牡,5,福永祐一, 58 ,16,2,１, ,ダ1900,重,,(栗),西村真幸,1547,-1.0,3,2,2,36.4,474,+14,
,"2021. 5.22",中京,3名5,3勝,シドニー･3勝,8,11,ソフトフルート,牝,4,岩田望来, 55 ,12,3,１, ,芝2000,稍,,(栗),斉藤崇史,2011,-0.1,7,8,10,34.4,470,+6,
,"2021. 5.22",中京,3名5,1勝,メルボル･1勝,4,4,タイソウ,牡,3,団野大成, 56 ,9,2,１, ,芝2200,稍,,(栗),西園正都,2146,-0.0,1,1,1,35.2,508,0,
,"2021. 5.22",中京,3名5,1勝,１勝ｸﾗｽ,8,16,ヴァクストゥーム,牡,4,和田竜二, 57 ,16,2,１, ,ダ1400,重,,(栗),吉田直弘,1233,-0.2,,2,2,37.1,468,+12,
,"2021. 5.22",中京,3名5,1勝,１勝ｸﾗｽ・牝,6,6,ウィズダイヤモンズ,牝,4,和田竜二, 55 ,9,2,１, ,芝2000,稍,,(栗),宮徹,2019,-0.0,3,3,3,35.4,420,+10,
,"2021. 5.22",中京,3名5,1勝,１勝ｸﾗｽ*,1,1,クインズレモン,牝,3,松山弘平, 54 ,16,4,１, ,ダ1200,重,*,(栗),新谷功一,1107,-0.6,,2,2,36.3,490,-6,
,"2021. 5.22",中京,3名5,未勝利,未勝利,2,2,ディヴィーナ,牝,3,岩田望来, 54 ,11,4,１, ,芝2000,稍,,(栗),友道康夫,2018,-0.3,4,5,5,34.0,420,,
,"2021. 5.22",中京,3名5,未勝利,未勝利,3,5,アスクキングコング,牡,3,荻野琢真, 56 ,18,1,１, ,芝1200,稍,,(栗),梅田智之,1089,-0.3,,3,3,35.3,458,+4,
,"2021. 5.22",中京,3名5,未勝利,未勝利,1,1,グリンブルスティ,牡,3,団野大成, 56 ,16,3,１, ,ダ1900,不,,(栗),宮本博,1592,-0.0,3,3,3,38.3,470,+10,B
,"2021. 5.22",中京,3名5,未勝利,未勝利,8,16,ヨドノゴールド,牡,3,幸英明, 56 ,16,7,１, ,ダ1200,不,,(栗),西園正都,1112,-0.3,,2,2,36.0,448,-4,
,"2021. 5.22",中京,3名5,未勝利,未勝利・牝,2,3,ジョリーブレス,牝,3,ルメール, 54 ,16,3,１, ,ダ1800,不,*,(栗),奥村豊,1530,-0.1,10,8,9,38.3,442,-6,
,"2021. 5.16",中京,3名4,2勝,２勝ｸﾗｽ,1,1,サンキューユウガ,牡,5,幸英明, 57 ,15,1,１, ,芝1200,稍,,(栗),西村真幸,1081,-0.0,,4,4,34.1,518,0,
,"2021. 5.16",中京,3名4,OP(L),栗東ＳＨ(L),4,8,メイショウオーパス,牡,6,幸英明, 54 ,16,7,１, ,ダ1400,稍,,(栗),飯田祐史,1232,-0.1,,12,11,36.2,506,-2,
,"2021. 5.16",中京,3名4,3勝,朱雀Ｓ･3勝,1,2,コロラトゥーレ,牝,7,荻野琢真, 55 ,18,16,１, ,芝1200,稍,,(栗),梅田智之,1079,-0.3,,12,11,33.4,476,0,
,"2021. 5.16",中京,3名4,2勝,寒狭川Ｈ･2勝,4,4,ペプチドオーキッド,牡,6,富田暁, 55 ,7,3,１, ,芝2200,稍,,(栗),武英智,2131,-0.0,5,6,5,36.1,494,+8,
,"2021. 5.16",中京,3名4,2勝,２勝ｸﾗｽ・牝,8,8,メイショウヨソユキ,牝,5,小沢大仁,52▲,9,8,１, ,ダ1800,稍,,(栗),庄野靖志,1516,-0.8,2,2,2,37.8,452,-2,
,"2021. 5.16",中京,3名4,1勝,１勝ｸﾗｽ,7,9,グレースルビー,牝,4,岩田望来, 55 ,11,3,１, ,ダ1800,稍,,(栗),羽月友彦,1533,-0.3,3,3,3,37.9,456,+8,
,"2021. 5.16",中京,3名4,1勝,１勝ｸﾗｽ・牝*,5,5,ナギサ,牝,3,泉谷楓真,52△,8,5,１, ,芝1600,稍,,(栗),本田優,1371,-0.1,1,1,1,33.2,484,-2,
,"2021. 5.16",中京,3名4,1勝,１勝ｸﾗｽ*,4,7,スウィープザボード,牡,3,小牧太, 56 ,15,1,１, ,ダ1800,稍,,(栗),中尾秀正,1535,-0.7,6,5,2,38.6,456,-4,B
,"2021. 5.16",中京,3名4,未勝利,未勝利,1,1,ミリタリータンゴ,牡,3,小沢大仁,53▲,12,5,１, ,芝2000,良,*,(栗),中竹和也,2027,-0.1,1,1,1,35.2,452,-4,
,"2021. 5.16",中京,3名4,未勝利,未勝利,8,15,サブロンカズマ,牡,3,横山和生, 56 ,16,2,１, ,ダ1200,良,,(栗),安田隆行,1131,-0.2,,7,7,37.3,466,+4,
,"2021. 5.16",中京,3名4,未勝利,未勝利,4,4,タイスケフェイス,牡,3,幸英明, 56 ,10,1,１, ,ダ1900,良,,(栗),石橋守,2020,-0.2,4,4,4,38.2,474,+8,
,"2021. 5.16",中京,3名4,未勝利,未勝利・牝,6,11,キャロライナリーパ,牝,3,岩田望来, 54 ,15,1,１, ,ダ1400,良,,(栗),寺島良,1250,-0.6,,5,5,37.2,452,+4,
,"2021. 5.15",中京,3名3,2勝,２勝ｸﾗｽ,8,15,サンライズラポール,牡,4,福永祐一, 57 ,16,1,１, ,ダ1400,良,,(栗),平田修,1243,-0.2,,3,3,36.4,504,-6,B
,"2021. 5.15",中京,3名3,OP(L),都大路Ｓ(L),8,12,マウントゴールド,牡,8,岩田望来, 58 ,12,7,１, ,芝2000,良,,(栗),池江泰寿,1595,-0.1,2,2,2,34.5,458,-6,
,"2021. 5.15",中京,3名3,3勝,遠州灘Ｓ･3勝,6,11,サンダーブリッツ,牡,4,川田将雅, 57 ,16,1,１, ,ダ1800,良,,(美),久保田貴,1524,-0.0,12,12,11,37.1,502,0,
,"2021. 5.15",中京,3名3,1勝,あずさ賞･1勝,1,1,カイザーバローズ,牡,3,川田将雅, 56 ,9,1,１, ,芝2000,良,,(栗),中内田充,2010,-0.2,2,2,2,34.0,446,0,
,"2021. 5.15",中京,3名3,ＪＧ２,京都ハイJG2,6,7,マーニ,牡,5,三津谷隼, 60 ,11,3,１, ,芝3900,良,,(栗),鮫島一歩,4148,-0.7,3,1,1,13.1,458,+6,
,"2021. 5.15",中京,3名3,1勝,１勝ｸﾗｽ,6,11,セントクリーガー,牝,4,角田大和,52▲,16,1,１, ,ダ1200,良,,(栗),上村洋行,1124,-0.0,,9,9,36.0,496,+4,
,"2021. 5.15",中京,3名3,1勝,１勝ｸﾗｽ,4,4,ダノンレガーロ,牡,4,川田将雅, 57 ,7,1,１, ,芝2200,良,,(栗),中内田充,2143,-0.0,3,3,3,34.1,462,-8,
,"2021. 5.15",中京,3名3,未勝利,未勝利,4,7,ランスオブミューズ,牝,3,藤岡康太, 54 ,18,11,１, ,芝1400,良,,(栗),奥村豊,1205,-0.2,,1,1,35.8,448,0,
,"2021. 5.15",中京,3名3,未勝利,未勝利,8,8,ヘッズオアテールズ,牝,3,川田将雅, 54 ,8,2,１, ,芝2200,良,,(栗),須貝尚介,2151,-0.2,2,2,2,33.7,484,-6,
,"2021. 5.15",中京,3名3,未勝利,未勝利,7,12,クリノドラゴン,牡,3,武豊, 56 ,14,1,１, ,ダ1800,良,,(栗),大橋勇樹,1553,-1.0,4,2,1,38.7,474,+4,
,"2021. 5.15",中京,3名3,未勝利,未勝利,3,5,メイクマイデイ,牡,3,藤岡佑介, 56 ,16,9,１, ,ダ1400,良,,(栗),昆貢,1260,-0.1,,1,1,38.8,490,+6,
,"2021. 5.15",中京,3名3,未勝利,未勝利・牝,1,1,アイリスクォーツ,牝,3,団野大成, 54 ,16,3,１, ,ダ1800,良,,(栗),高野友和,1570,-0.1,1,1,1,41.6,486,-14,B
,"2021. 5. 9",中京,3名2,2勝,２勝ｸﾗｽ,7,8,ダッチマン,セ,4,松若風馬, 57 ,10,2,１, ,ダ1900,良,,(栗),音無秀孝,2001,-0.1,3,3,3,38.5,450,0,
,"2021. 5. 9",中京,3名2,ｵｰﾌﾟﾝ,鞍馬Ｓ,6,10,クリノガウディー,牡,5,岩田康誠, 56 ,15,2,１, ,芝1200,良,,(栗),藤沢則雄,1071,-0.1,,6,6,33.3,490,-6,
,"2021. 5. 9",中京,3名2,OP(L),橘Ｓ(L),5,6,ダディーズビビッド,牡,3,竹之下智, 56 ,13,7,１, ,芝1400,良,,(栗),千田輝彦,1199,-0.7,,4,4,34.1,490,+4,
,"2021. 5. 9",中京,3名2,3勝,三方ヶＨ･3勝,2,2,ジェットモーション,セ,5,藤岡康太, 55 ,10,3,１, ,芝2200,良,,(栗),藤岡健一,2127,-0.0,3,5,3,34.3,526,-4,B
,"2021. 5. 9",中京,3名2,1勝,１勝ｸﾗｽ,1,1,シャイニングデイズ,牡,5,角田大和,54▲,8,4,１, ,ダ1800,稍,,(栗),須貝尚介,1529,-0.3,6,3,3,38.2,470,-4,B
,"2021. 5. 9",中京,3名2,1勝,１勝ｸﾗｽ,3,3,ヴェルザスカ,牝,4,松若風馬, 55 ,11,6,１, ,芝1600,良,,(栗),今野貞一,1342,-0.1,1,1,1,34.4,436,-16,
,"2021. 5. 9",中京,3名2,1勝,１勝ｸﾗｽ*,7,14,スカーレットスカイ,牝,3,国分優作, 54 ,16,2,１, ,ダ1400,稍,,(栗),岡田稲男,1257,-0.0,,2,2,38.9,460,0,
,"2021. 5. 9",中京,3名2,1勝,１勝ｸﾗｽ*,6,6,ワールドバローズ,牡,3,泉谷楓真,54△,8,1,１, ,芝1600,良,,(栗),石坂公一,1352,-0.1,4,4,3,33.7,450,0,
,"2021. 5. 9",中京,3名2,未勝利,未勝利,5,9,コスモホクシン,牡,3,柴田大知, 56 ,18,3,１, ,芝2000,良,,(栗),西園正都,2003,-0.0,1,1,1,36.6,476,-2,
,"2021. 5. 9",中京,3名2,未勝利,未勝利,7,11,メイショウキリモン,牡,3,団野大成, 56 ,13,1,１, ,ダ1800,稍,,(栗),荒川義之,1554,-0.2,11,2,2,40.7,460,+2,
,"2021. 5. 9",中京,3名2,未勝利,未勝利,2,3,イマジンヨウコ,牝,3,富田暁,53☆,16,3,１, ,ダ1200,稍,*,(栗),武英智,1134,-0.3,,1,1,39.2,456,-2,B
,"2021. 5. 9",中京,3名2,未勝利,未勝利・牝,8,14,ワイドアウェイク,牝,3,泉谷楓真,52△,14,1,１, ,ダ1800,稍,,(栗),加用正,1558,-0.2,6,4,4,39.9,490,+2,
,"2021. 5. 8",中京,3名1,2勝,２勝ｸﾗｽ,8,15,ラホーヤノキセキ,牡,7,小沢大仁,54▲,16,1,１, ,ダ1200,稍,,(栗),松永昌博,1114,-0.0,,2,4,37.4,502,+6,
,"2021. 5. 8",中京,3名1,Ｇ２,京都新聞G2,8,10,レッドジェネシス,牡,3,川田将雅, 56 ,11,3,１, ,芝2200,良,*,(栗),友道康夫,2112,-0.1,8,8,5,35.3,488,0,
,"2021. 5. 8",中京,3名1,2勝,鞍ケ池特･2勝,1,1,ジュンライトボルト,牡,4,川田将雅, 57 ,8,1,１, ,芝1600,良,,(栗),友道康夫,1331,-0.5,6,6,6,33.3,478,-2,
,"2021. 5. 8",中京,3名1,2勝,安城特別･2勝,7,8,サターン,牡,5,福永祐一, 57 ,10,1,１, ,芝2000,良,,(栗),辻野泰之,2017,-0.1,2,2,2,33.7,498,+8,
,"2021. 5. 8",中京,3名1,1勝,１勝ｸﾗｽ,6,7,スリーコーズクライ,牡,4,泉谷楓真,55△,12,5,１, ,ダ1400,稍,,(栗),吉村圭司,1244,-0.3,,2,2,37.8,472,+2,
,"2021. 5. 8",中京,3名1,1勝,１勝ｸﾗｽ・牝,5,5,キムケンドリーム,牝,4,福永祐一, 55 ,6,1,１, ,ダ1800,稍,,(栗),西村真幸,1539,-0.1,3,1,1,38.6,458,+8,B
,"2021. 5. 8",中京,3名1,1勝,１勝ｸﾗｽ*,2,2,マサハヤサン,牝,3,和田竜二, 54 ,9,3,１, ,ダ1900,稍,,(栗),今野貞一,1588,-0.2,5,6,4,37.9,462,0,B
,"2021. 5. 8",中京,3名1,未勝利,未勝利,7,13,ナンヨーアイボリー,牝,3,泉谷楓真,52△,16,8,１, ,芝1600,良,,(栗),松永幹夫,1347,-0.1,2,1,1,34.5,414,+4,B
,"2021. 5. 8",中京,3名1,未勝利,未勝利・牝,6,11,ミスフィガロ,牝,3,川田将雅, 54 ,15,2,１, ,芝2000,良,,(栗),友道康夫,2012,-0.4,12,2,2,35.1,400,0,
,"2021. 5. 8",中京,3名1,未勝利,未勝利,4,4,ペプチドナイル,牡,3,岩田望来, 56 ,13,3,１, ,ダ1900,稍,,(栗),武英智,1595,-1.3,2,2,2,36.4,508,-2,
,"2021. 5. 8",中京,3名1,未勝利,未勝利,8,16,エイシンギアアップ,牡,3,川田将雅, 56 ,16,1,１, ,ダ1400,稍,,(栗),中尾秀正,1245,-0.5,,2,2,37.7,506,+2,
,"2021. 5. 8",中京,3名1,未勝利,未勝利,8,14,キャリアリズム,牡,3,福永祐一, 56 ,14,1,１, ,ダ1800,稍,,(栗),藤原英昭,1522,-1.1,1,1,1,38.0,504,0,
,"2021. 3.28",中京,2名6,2勝,四日市特･2勝,5,10,ロードアブソルート,牡,5,松山弘平, 57 ,16,2,１, ,ダ1400,重,,(栗),吉岡辰弥,1238,-0.1,,3,2,36.1,442,-4,
,"2021. 3.28",中京,2名6,Ｇ１,高松宮記G1,7,14,ダノンスマッシュ,牡,6,川田将雅, 57 ,18,2,１, ,芝1200,重,,(栗),安田隆行,1092,-0.0,,10,9,34.3,472,+3,
,"2021. 3.28",中京,2名6,3勝,鈴鹿ＳＨ･3勝,2,3,ドスハーツ,牡,4,小沢大仁, 54 ,16,4,１, ,ダ1900,重,,(栗),松永昌博,1573,-0.2,14,13,12,36.4,462,-8,
,"2021. 3.28",中京,2名6,1勝,大寒桜賞･1勝,8,14,マカオンドール,牡,3,松山弘平, 56 ,14,1,１, ,芝2200,重,,(栗),今野貞一,2156,-0.2,7,7,6,36.6,484,0,
,"2021. 3.28",中京,2名6,1勝,１勝ｸﾗｽ,8,10,アンセッドヴァウ,セ,4,鮫島克駿, 57 ,11,1,１, ,ダ1800,稍,*,(栗),中竹和也,1525,-0.1,4,4,4,37.1,454,-2,
,"2021. 3.28",中京,2名6,1勝,１勝ｸﾗｽ,4,5,タイセイモンストル,牡,4,古川奈穂,52★,14,5,１, ,芝2200,稍,,(栗),矢作芳人,2163,-0.0,4,1,1,35.6,482,0,
,"2021. 3.28",中京,2名6,1勝,１勝ｸﾗｽ・牝,2,4,ゴーゴーレイワ,牝,4,幸英明, 55 ,16,7,１, ,ダ1200,良,,(栗),畑端省吾,1118,-0.0,,1,1,36.6,476,+10,
,"2021. 3.28",中京,2名6,未勝利,未勝利,7,10,プレイイットサム,牡,3,藤岡佑介, 56 ,12,2,１, ,芝2000,良,,(栗),藤岡健一,2030,-0.2,1,1,1,35.1,508,-16,
,"2021. 3.28",中京,2名6,未勝利,未勝利,7,14,コスモアディラート,牡,3,Ｍ．デム, 54 ,18,2,１, ,芝1400,良,,(美),和田正一,1215,-0.0,,7,7,35.2,474,+10,
,"2021. 3.28",中京,2名6,未勝利,未勝利,7,10,マンインザミラー,牡,3,浜中俊, 56 ,12,2,１, ,ダ1900,良,,(栗),池江泰寿,2034,-0.0,2,2,2,38.5,488,+10,
,"2021. 3.28",中京,2名6,未勝利,未勝利,6,11,ノーリス,牡,3,田辺裕信, 56 ,16,2,１, ,ダ1400,良,,(美),手塚貴久,1238,-0.4,,1,1,37.1,524,-12,
,"2021. 3.28",中京,2名6,未勝利,未勝利・牝,3,5,マテンロウルビー,牝,3,福永祐一, 54 ,16,3,１, ,ダ1800,良,,(栗),野中賢二,1557,-0.4,2,2,2,38.0,442,-2,
,"2021. 3.27",中京,2名5,2勝,天白川特･2勝,6,9,ロードリバーサル,牡,5,岩田望来, 57 ,14,3,１, ,ダ1900,良,,(栗),藤岡健一,2001,-0.1,2,1,1,38.5,490,-8,
,"2021. 3.27",中京,2名5,ｵｰﾌﾟﾝ,名鉄杯,1,2,ペプチドバンブー,牡,6,松田大作, 57 ,16,10,１, ,ダ1400,良,*,(栗),武英智,1233,-0.4,,13,12,36.9,506,-2,B
,"2021. 3.27",中京,2名5,2勝,恋路ケ浜･2勝,2,2,レザネフォール,牡,4,荻野極, 57 ,10,1,１, ,芝2000,良,,(栗),池江泰寿,2006,-0.0,6,5,5,35.7,472,+2,
,"2021. 3.27",中京,2名5,1勝,１勝ｸﾗｽ,2,2,エピローグ,牝,5,荻野極, 55 ,15,8,１, ,芝1400,良,,(栗),杉山佳明,1214,-0.2,,11,10,34.8,466,+6,B
,"2021. 3.27",中京,2名5,1勝,１勝ｸﾗｽ・若,4,4,マーブルサニー,牝,5,泉谷楓真,53△,12,2,１, ,ダ1800,良,,(栗),西園正都,1533,-0.8,3,3,4,37.1,486,+6,
,"2021. 3.27",中京,2名5,1勝,１勝ｸﾗｽ・牝,6,11,ステラドーロ,牝,4,斎藤新,54☆,18,4,１, ,芝2000,良,,(美),畠山吉宏,2004,-0.2,3,2,2,34.6,470,+2,
,"2021. 3.27",中京,2名5,1勝,１勝ｸﾗｽ,7,14,モズピンポン,牡,4,古川奈穂,53★,16,1,１, ,ダ1400,良,,(栗),矢作芳人,1245,-0.8,,1,1,38.5,508,0,
,"2021. 3.27",中京,2名5,未勝利,未勝利,4,8,カフジアスール,牡,3,角田大和,53▲,16,2,１, ,芝2200,良,,(栗),中竹和也,2139,-0.3,4,3,3,35.3,466,-4,
,"2021. 3.27",中京,2名5,未勝利,未勝利,2,2,ノーブルキャニオン,牡,3,岩田望来, 56 ,14,2,１, ,ダ1800,良,,(栗),牧浦充徳,1566,-0.0,5,4,5,39.7,470,-4,B
,"2021. 3.27",中京,2名5,未勝利,未勝利,8,15,ゴイゴイスー,牡,3,泉谷楓真,54△,16,2,１, ,ダ1200,良,,(栗),中尾秀正,1123,-0.5,,2,2,36.8,486,+2,
,"2021. 3.27",中京,2名5,未勝利,未勝利,5,8,サトノクリーチャー,牡,3,泉谷楓真,54△,15,4,１, ,ダ1800,良,,(栗),池江泰寿,1552,-0.6,7,2,2,39.4,498,,
,"2021. 3.27",中京,2名5,未勝利,未勝利・牝,4,8,ピナ,牝,3,岩田望来, 54 ,16,1,１, ,ダ1400,良,,(栗),上村洋行,1255,-0.2,,2,2,38.3,466,-4,
,"2021. 3.21",中京,2名4,2勝,豊橋特別･2勝,6,10,ビオグラフィー,牝,4,藤岡康太, 55 ,15,11,１, ,芝1400,不,,(栗),藤岡健一,1233,-0.2,,1,1,37.1,488,+16,B
,"2021. 3.21",中京,2名4,ｵｰﾌﾟﾝ,名古屋城,3,4,テーオーケインズ,牡,4,松山弘平, 57 ,15,1,１, ,ダ1800,不,,(栗),高柳大輔,1493,-0.5,3,2,1,37.2,494,+4,
,"2021. 3.21",中京,2名4,1勝,フローラ･1勝,7,7,ゲンパチミーティア,牡,3,松山弘平, 56 ,9,3,１, ,芝1600,不,,(栗),矢作芳人,1372,-0.1,2,2,2,37.2,464,-6,
,"2021. 3.21",中京,2名4,1勝,１勝ｸﾗｽ,4,8,グレイトゲイナー,牡,4,吉田隼人, 57 ,18,2,１, ,芝1200,不,,(栗),森秀行,1109,-0.1,,2,2,36.7,462,+6,
,"2021. 3.21",中京,2名4,1勝,１勝ｸﾗｽ,5,5,ウェイヴァリー,牡,4,吉田隼人, 57 ,8,4,１, ,ダ1900,不,,(栗),小林真也,1590,-0.4,1,1,1,37.0,520,-12,
,"2021. 3.21",中京,2名4,1勝,１勝ｸﾗｽ,2,3,タケルラスティ,牡,4,古川奈穂,53★,15,3,１, ,ダ1400,不,,(栗),矢作芳人,1228,-0.4,,1,1,37.5,494,+2,
,"2021. 3.21",中京,2名4,1勝,１勝ｸﾗｽ・牝,3,3,ラブスピール,牝,4,松山弘平, 55 ,11,1,１, ,ダ1800,不,,(栗),森田直行,1530,-0.0,3,2,2,37.9,430,-14,
,"2021. 3.21",中京,2名4,未勝利,未勝利,3,6,パナプリ,牡,3,松山弘平, 56 ,16,6,１, ,芝2000,不,,(栗),牧田和弥,2057,-0.1,2,2,2,38.2,440,-6,
,"2021. 3.21",中京,2名4,未勝利,未勝利・若,6,11,トーセンアラン,牡,3,荻野極, 56 ,15,3,１, ,ダ1400,不,,(栗),池江泰寿,1239,-0.0,,2,2,38.1,524,+2,
,"2021. 3.21",中京,2名4,未勝利,未勝利,6,6,スズカルビコン,牡,3,松山弘平, 56 ,8,1,１, ,ダ1800,不,,(栗),杉山晴紀,1537,-0.1,3,3,3,37.7,498,-4,B
,"2021. 3.21",中京,2名4,未勝利,未勝利・牝,4,7,アイスリアン,牝,3,松山弘平, 54 ,16,1,１, ,ダ1200,不,,(栗),高柳大輔,1117,-0.1,,5,4,36.7,454,-8,
,"2021. 3.21",中京,2名4,未勝利,未勝利,5,5,ホッコーハナミチ,牡,3,浜中俊, 56 ,10,1,１, ,ダ1800,重,,(栗),長谷川浩,1524,-0.0,2,2,2,36.8,472,+2,
,"2021. 3.20",中京,2名3,2勝,矢作川Ｈ･2勝,1,2,ダノングリスター,セ,5,西村淳也, 55 ,16,7,１, ,ダ1800,良,,(栗),寺島良,1537,-0.0,1,1,1,38.5,492,-4,B
,"2021. 3.20",中京,2名3,Ｇ３,ファルコG3,1,1,ルークズネスト,牡,3,幸英明, 56 ,15,3,１, ,芝1400,良,,(栗),浜田多実,1201,-0.0,,1,1,35.0,510,+10,
,"2021. 3.20",中京,2名3,1勝,熱田特別･1勝,8,9,キタノインパクト,牡,5,ルメール, 57 ,10,1,１, ,芝2000,良,,(美),藤沢和雄,2018,-0.3,2,2,2,35.1,500,-2,
,"2021. 3.20",中京,2名3,1勝,１勝ｸﾗｽ・牝,5,10,ホワイトロッジ,牝,4,戸崎圭太, 55 ,18,3,１, ,芝1400,良,,(栗),藤岡健一,1213,-0.0,,6,6,35.1,428,+6,
,"2021. 3.20",中京,2名3,1勝,１勝ｸﾗｽ,8,8,スズカブルグ,牡,7,幸英明, 57 ,9,3,１, ,ダ1800,良,,(栗),藤沢則雄,1545,-0.0,2,4,4,37.6,500,-8,
,"2021. 3.20",中京,2名3,1勝,１勝ｸﾗｽ,5,6,ミラクルチューン,牝,5,秋山稔樹,52▲,13,1,１, ,ダ1200,良,,(栗),大根田裕,1129,-0.1,,2,2,37.2,486,+4,
,"2021. 3.20",中京,2名3,未勝利,未勝利・牝,6,11,シャンブル,牝,3,川田将雅, 54 ,18,5,１, ,芝2000,良,,(栗),吉村圭司,2017,-0.2,1,1,1,34.8,466,-8,
,"2021. 3.20",中京,2名3,未勝利,未勝利,1,1,ブロンズレッド,牡,3,西村淳也, 56 ,18,6,１, ,芝1200,良,,(栗),牧浦充徳,1091,-0.1,,2,1,35.2,528,,
,"2021. 3.20",中京,2名3,未勝利,未勝利,3,6,インディペンデント,牡,3,菱田裕二, 56 ,16,4,１, ,ダ1400,良,,(美),武藤善則,1260,-0.2,,6,5,38.1,466,-2,
,"2021. 3.20",中京,2名3,未勝利,未勝利,5,5,アスターナランハ,牡,3,国分優作, 56 ,8,1,１, ,ダ1900,良,,(栗),南井克巳,2040,-1.6,4,3,1,38.5,466,-6,B
,"2021. 3.20",中京,2名3,未勝利,未勝利,8,16,ヒヤ,牡,3,川田将雅, 56 ,16,1,１, ,ダ1200,良,,(栗),鮫島一歩,1133,-0.1,,6,6,36.8,448,+2,
,"2021. 3.20",中京,2名3,未勝利,未勝利・牝,4,5,メイショウミナヅキ,牝,3,城戸義政, 54 ,14,5,１, ,ダ1800,良,,(栗),荒川義之,1547,-0.6,1,1,1,38.0,464,-10,
,"2021. 3.14",中京,2名2,2勝,伊良湖特･2勝,8,15,クインズヴィヴィ,牝,4,川田将雅, 55 ,15,2,１, ,ダ1200,重,,(栗),野中賢二,1106,-0.1,,8,8,35.5,480,0,
,"2021. 3.14",中京,2名2,Ｇ２,金鯱賞G2,5,5,ギベオン,牡,6,西村淳也, 56 ,10,10,１, ,芝2000,重,,(栗),藤原英昭,2018,-0.0,1,1,1,36.8,508,+8,
,"2021. 3.14",中京,2名2,2勝,岡崎特Ｈ･2勝,7,9,カヌメラビーチ,牡,5,福永祐一, 56 ,12,3,１, ,芝1400,重,,(栗),須貝尚介,1225,-0.4,,4,2,37.2,478,-4,B
,"2021. 3.14",中京,2名2,1勝,１勝ｸﾗｽ,3,3,ペプチドヒミコ,牝,4,酒井学, 54 ,11,5,１, ,芝2200,重,,(栗),武英智,2183,-0.0,4,4,4,36.2,466,0,
,"2021. 3.14",中京,2名2,1勝,１勝ｸﾗｽ,4,4,ペルセウスシチー,牡,4,ルメール, 57 ,8,1,１, ,ダ1900,不,,(美),池上昌和,1575,-0.6,2,2,2,36.9,470,-2,B
,"2021. 3.14",中京,2名2,1勝,１勝ｸﾗｽ,1,1,ロッシュローブ,牡,4,菱田裕二, 57 ,14,7,１, ,ダ1400,不,,(栗),田中克典,1242,-0.1,,4,3,37.3,488,+8,
,"2021. 3.14",中京,2名2,1勝,１勝ｸﾗｽ*,8,10,ピースマッチング,牡,3,ルメール, 56 ,11,1,１, ,ダ1800,不,,(美),斎藤誠,1511,-0.1,4,3,3,36.9,462,0,B
,"2021. 3.14",中京,2名2,未勝利,未勝利,2,2,リンフレスカンテ,牡,3,ルメール, 56 ,9,2,１, ,芝2200,重,,(栗),宮本博,2192,-0.0,7,4,4,35.6,444,-2,
,"2021. 3.14",中京,2名2,未勝利,未勝利,1,1,ミッキーハロー,牝,3,亀田温心,53☆,15,6,１, ,芝1600,重,,(美),久保田貴,1375,-0.1,1,1,1,36.4,446,+4,
,"2021. 3.14",中京,2名2,未勝利,未勝利,5,9,カンタベリーマッハ,牡,3,鮫島良太, 56 ,16,7,１, ,ダ1200,不,,(美),鈴木慎太,1115,-0.2,,1,1,36.6,504,+4,
,"2021. 3.14",中京,2名2,未勝利,未勝利,4,4,アクイール,牝,3,永島まな,50★,9,4,１, ,ダ1800,不,,(栗),高橋康之,1528,-0.2,1,1,1,37.9,460,+2,
,"2021. 3.14",中京,2名2,未勝利,未勝利・牝,3,5,ヤマニンビオローネ,牝,3,ルメール, 54 ,16,1,１, ,ダ1400,不,,(栗),奥村豊,1237,-0.3,,4,4,37.1,480,-4,
,"2021. 3.13",中京,2名1,2勝,熊野特別･2勝,2,2,プリマヴィスタ,牡,4,吉田隼人, 56 ,8,6,１, ,芝2200,不,,(栗),矢作芳人,2198,-0.5,3,3,3,39.3,452,0,
,"2021. 3.13",中京,2名1,3勝,中京スポ･3勝,4,7,イッツクール,牡,5,富田暁, 57 ,16,3,１, ,ダ1400,不,,(栗),武英智,1232,-0.2,,1,1,38.1,482,-4,B
,"2021. 3.13",中京,2名1,ｵｰﾌﾟﾝ,昇竜Ｓ,3,3,カレンロマチェンコ,牡,3,松若風馬, 56 ,13,3,１, ,ダ1400,不,,(栗),高柳大輔,1236,-0.1,,1,1,37.9,460,-2,
,"2021. 3.13",中京,2名1,1勝,１勝ｸﾗｽ,5,8,マリノジュリア,牝,5,松若風馬, 55 ,14,8,１, ,芝1600,不,,(美),稲垣幸雄,1399,-0.0,3,4,2,40.3,450,-2,
,"2021. 3.13",中京,2名1,1勝,１勝ｸﾗｽ,1,1,ワールドイズマイン,牝,5,伊藤工真, 55 ,13,3,１, ,ダ1200,不,,(美),金成貴史,1111,-0.3,,1,1,36.9,452,-12,
,"2021. 3.13",中京,2名1,1勝,１勝ｸﾗｽ,4,4,ポポラリタ,牝,4,松若風馬, 55 ,10,5,１, ,ダ1800,不,,(栗),牧田和弥,1522,-0.7,3,4,4,36.7,520,-4,
,"2021. 3.13",中京,2名1,1勝,１勝ｸﾗｽ・牝,5,9,ヴァルキュリア,牝,4,松本大輝,52▲,16,2,１, ,ダ1400,不,,(栗),大久保龍,1248,-0.4,,10,11,36.9,478,+26,
,"2021. 3.13",中京,2名1,未勝利,未勝利,6,7,タマモネックタイ,牡,3,泉谷楓真,53▲,11,3,１, ,芝2000,不,,(栗),池添学,2080,-0.2,1,1,1,39.4,472,-4,
,"2021. 3.13",中京,2名1,未勝利,未勝利・若,6,6,ニホンピロクリフ,牡,3,森裕太朗, 56 ,10,1,１, ,ダ1900,不,,(栗),大橋勇樹,1599,-0.1,3,4,4,37.6,450,-4,
,"2021. 3.13",中京,2名1,未勝利,未勝利,1,2,エレボアブランシュ,牝,3,松山弘平, 54 ,18,2,１, ,芝1400,不,*,(美),加藤士津,1255,-0.2,,4,3,37.8,428,-2,
,"2021. 3.13",中京,2名1,未勝利,未勝利・牝,7,11,マリオンエール,牝,3,松山弘平, 54 ,13,1,１, ,ダ1800,不,,(栗),安達昭夫,1531,-0.9,8,3,3,37.5,456,+2,
,"2021. 3.13",中京,2名1,未勝利,未勝利,8,15,アウリガテソーロ,牡,3,秋山稔樹,53▲,16,11,１, ,ダ1400,不,,(美),加藤士津,1251,-0.1,,1,1,38.3,506,+6,B
,"2021. 2. 7",中京,1名C,2勝,２勝ｸﾗｽ,5,7,ウォーターエデン,牝,5,武豊, 55 ,13,3,１, ,芝1200,良,,(栗),岡田稲男,1090,-0.0,,9,8,33.8,494,-2,
,"2021. 2. 7",中京,1名C,Ｇ３,きさらぎG3,2,2,ラーゴム,牡,3,北村友一, 56 ,11,3,１, ,芝2000,良,,(栗),斉藤崇史,2010,-0.0,3,3,2,35.4,512,0,
,"2021. 2. 7",中京,1名C,3勝,トリトン･3勝,3,3,リリーバレロ,牝,6,松山弘平, 55 ,9,2,１, ,芝1600,良,,(美),堀宣行,1368,-0.1,2,2,2,34.3,474,-8,
,"2021. 2. 7",中京,1名C,3勝,遠江ＳＨ･3勝,6,11,アイオライト,牡,4,川田将雅, 55 ,15,2,１, ,ダ1400,良,,(美),武藤善則,1238,-0.5,,2,2,37.5,496,0,
,"2021. 2. 7",中京,1名C,2勝,２勝ｸﾗｽ,6,6,タマモサンシーロ,牡,5,幸英明, 57 ,9,4,１, ,ダ1800,良,,(栗),大橋勇樹,1533,-0.3,2,2,2,37.0,522,-4,
,"2021. 2. 7",中京,1名C,1勝,１勝ｸﾗｽ,7,9,ユウゲン,牡,4,松若風馬, 56 ,11,2,１, ,ダ1900,良,,(栗),橋口慎介,2016,-0.1,2,2,2,37.1,500,-4,
,"2021. 2. 7",中京,1名C,新馬,新馬,4,8,メモリーエフェクト,牡,3,荻野琢真, 56 ,16,3,１, ,芝1600,良,*,(栗),大久保龍,1391,-0.1,1,1,1,35.0,484,,
,"2021. 2. 7",中京,1名C,未勝利,未勝利,7,11,リーブルミノル,牡,3,松山弘平, 56 ,13,4,１, ,芝2200,良,,(栗),本田優,2147,-0.0,9,9,7,35.2,472,+2,
,"2021. 2. 7",中京,1名C,1勝,１勝ｸﾗｽ*,2,2,ゴッドセレクション,牡,3,中井裕二, 56 ,12,6,１, ,ダ1800,稍,,(栗),今野貞一,1534,-1.4,1,1,1,37.7,526,+6,B
,"2021. 2. 7",中京,1名C,未勝利,未勝利・牝,4,6,スマートパサート,牝,3,武豊, 54 ,14,2,１, ,ダ1400,稍,,(栗),須貝尚介,1261,-0.6,,1,1,37.8,474,-10,
,"2021. 2. 7",中京,1名C,未勝利,未勝利,5,8,ハイエストポイント,牡,3,松山弘平, 56 ,14,1,１, ,ダ1800,稍,,(栗),鈴木孝志,1546,-0.8,2,2,2,39.1,452,-4,
,"2021. 2. 7",中京,1名C,未勝利,未勝利,5,10,ベンチャーアウト,牡,3,松若風馬, 56 ,16,6,１, ,ダ1200,稍,,(栗),庄野靖志,1124,-0.3,,4,4,36.8,504,0,
,"2021. 2. 6",中京,1名B,2勝,２勝ｸﾗｽ,5,9,サイモンハロルド,牡,4,高倉稜, 57 ,16,4,１, ,ダ1200,稍,*,(栗),森秀行,1116,-0.2,,1,1,36.2,448,-6,
,"2021. 2. 6",中京,1名B,ｵｰﾌﾟﾝ,アルデバ,7,14,ロードレガリス,牡,6,武豊, 57 ,16,1,１, ,ダ1900,稍,,(栗),野中賢二,1584,-0.1,15,4,2,37.0,526,+4,
,"2021. 2. 6",中京,1名B,OP(L),エルフィ(L),7,9,サルファーコスモス,牝,3,川田将雅, 54 ,12,5,１, ,芝1600,良,,(栗),中内田充,1360,-0.0,5,5,5,33.8,456,-4,
,"2021. 2. 6",中京,1名B,1勝,１勝ｸﾗｽ,4,7,ダンシングサンダー,牡,4,川田将雅, 57 ,16,1,１, ,ダ1400,稍,,(美),伊藤圭三,1254,-0.1,,12,12,36.5,482,-2,
,"2021. 2. 6",中京,1名B,2勝,茶臼山高･2勝,5,5,サトノグロワール,牡,6,岩田望来, 57 ,6,3,１, ,芝2200,良,,(栗),池江泰寿,2134,-0.2,3,3,3,35.8,520,+14,
,"2021. 2. 6",中京,1名B,1勝,１勝ｸﾗｽ,3,3,サンテローズ,牝,4,松山弘平, 54 ,9,2,１, ,芝2000,良,,(栗),西村真幸,2043,-0.2,6,6,6,33.8,514,-4,
,"2021. 2. 6",中京,1名B,1勝,１勝ｸﾗｽ,4,4,ラヴォアドゥース,牝,4,和田竜二, 54 ,9,1,１, ,ダ1800,稍,,(栗),渡辺薫彦,1530,-0.2,4,3,3,37.9,476,-2,
,"2021. 2. 6",中京,1名B,未勝利,未勝利,2,3,サトノスカイターフ,牡,3,松山弘平, 56 ,16,2,１, ,芝1600,良,,(栗),池江泰寿,1352,-0.0,8,8,8,36.1,486,-4,
,"2021. 2. 6",中京,1名B,新馬,新馬,7,14,ハースファイア,牡,3,川田将雅, 56 ,16,1,１, ,ダ1400,稍,,(栗),中内田充,1271,-0.4,,2,2,37.7,456,,
,"2021. 2. 6",中京,1名B,未勝利,未勝利,7,11,アレクサンドロス,牡,3,福永祐一, 56 ,14,1,１, ,ダ1900,稍,,(栗),須貝尚介,2027,-0.1,3,2,3,39.5,492,-4,
,"2021. 2. 6",中京,1名B,未勝利,未勝利,3,5,メイショウヨシテル,牡,3,池添謙一, 56 ,16,2,１, ,ダ1400,稍,,(栗),池添兼雄,1258,-0.1,,10,9,37.5,466,0,
,"2021. 2. 6",中京,1名B,未勝利,未勝利・牝,2,3,キタサンマーベラス,牝,3,岩田望来, 54 ,15,3,１, ,ダ1800,稍,,(栗),梅田智之,1553,-0.3,1,1,1,38.6,462,-2,
,"2021. 1.31",中京,1名A,2勝,２勝ｸﾗｽ・牝,2,4,アイムポッシブル,牝,4,団野大成,53☆,16,5,１, ,ダ1400,稍,,(栗),小崎憲,1242,-0.1,,3,3,37.0,468,-2,B
,"2021. 1.31",中京,1名A,Ｇ３,シルクロＨG3,7,13,シヴァージ,牡,6,福永祐一, 56 ,18,4,１, ,芝1200,良,,(栗),野中賢二,1083,-0.2,,10,9,33.6,498,0,B
,"2021. 1.31",中京,1名A,3勝,美濃Ｓ･3勝,2,3,ヒートオンビート,牡,4,池添謙一, 56 ,15,1,１, ,芝2200,良,,(栗),松田国英,2128,-0.0,6,5,5,35.2,470,-4,
,"2021. 1.31",中京,1名A,2勝,刈谷特別･2勝,7,8,ノルカソルカ,牡,4,藤岡佑介, 56 ,11,1,１, ,芝1600,良,,(栗),藤岡健一,1338,-0.2,3,3,3,35.2,500,+2,
,"2021. 1.31",中京,1名A,1勝,１勝ｸﾗｽ,7,7,エスピリトゥオーゾ,牡,7,富田暁,56☆,10,9,１, ,ダ1800,稍,,(栗),木原一良,1537,-0.6,2,2,2,37.5,490,-2,
,"2021. 1.31",中京,1名A,1勝,１勝ｸﾗｽ,7,14,カレンリズ,牝,4,松山弘平, 54 ,16,2,１, ,ダ1200,稍,,(栗),鈴木孝志,1130,-0.1,,4,4,37.5,438,-2,
,"2021. 1.31",中京,1名A,新馬,新馬,7,12,アナレンマ,牡,3,福永祐一, 56 ,14,1,１, ,芝2000,稍,,(栗),藤原英昭,2054,-0.1,6,4,4,34.5,470,,
,"2021. 1.31",中京,1名A,未勝利,未勝利,5,9,ワールドバローズ,牡,3,和田竜二, 56 ,16,2,１, ,芝1600,稍,,(栗),石坂公一,1344,-0.2,6,5,5,35.7,454,-4,
,"2021. 1.31",中京,1名A,1勝,１勝ｸﾗｽ*,8,10,ブラックアーメット,牡,3,岩田望来, 56 ,10,2,１, ,ダ1400,稍,,(栗),角田晃一,1252,-0.3,,2,2,37.4,508,0,
,"2021. 1.31",中京,1名A,未勝利,未勝利,5,7,ダッシュダクラウン,牡,3,富田暁,55☆,14,1,１, ,ダ1900,稍,,(栗),武英智,2010,-1.2,7,2,1,38.5,458,0,
,"2021. 1.31",中京,1名A,未勝利,未勝利,8,13,ウェーブメジャー,牡,3,川須栄彦, 56 ,14,2,１, ,ダ1200,稍,,(栗),中尾秀正,1132,-0.4,,1,1,37.9,470,-2,
,"2021. 1.31",中京,1名A,未勝利,未勝利・牝,7,7,ハイラブサンケイ,牝,3,古川吉洋, 54 ,10,3,１, ,ダ1800,稍,,(栗),大根田裕,1571,-0.1,8,8,7,37.1,508,-2,
,"2021. 1.30",中京,1名9,1勝,１勝ｸﾗｽ,7,13,ダノンアレー,牡,4,岩田康誠, 56 ,15,1,１, ,ダ1400,稍,,(栗),安田隆行,1247,-0.0,,2,2,36.8,502,-2,
,"2021. 1.30",中京,1名9,3勝,瀬戸ＳＨ･3勝,8,16,ウェルカムゴールド,牡,6,幸英明, 55 ,16,4,１, ,ダ1900,稍,,(栗),西村真幸,1585,-0.0,5,3,4,37.6,540,+2,B
,"2021. 1.30",中京,1名9,2勝,天竜川特･2勝,5,5,パトリック,牡,5,松山弘平, 57 ,9,3,１, ,芝2000,稍,,(栗),岡田稲男,2013,-0.0,9,7,4,35.4,478,+8,
,"2021. 1.30",中京,1名9,1勝,白梅賞･1勝*,3,3,ヴィジュネル,牡,3,幸英明, 56 ,7,3,１, ,芝1600,稍,,(栗),渡辺薫彦,1350,-0.0,6,6,5,34.8,472,-4,
,"2021. 1.30",中京,1名9,2勝,２勝ｸﾗｽ,8,10,フラテッリ,牡,6,福永祐一, 57 ,11,4,１, ,ダ1800,重,,(栗),石坂公一,1522,-0.6,3,3,3,37.7,568,0,
,"2021. 1.30",中京,1名9,1勝,１勝ｸﾗｽ,1,1,エアファンディタ,牡,4,福永祐一, 56 ,8,1,１, ,芝1600,重,,(栗),池添学,1348,-0.3,7,8,8,34.1,462,0,
,"2021. 1.30",中京,1名9,1勝,１勝ｸﾗｽ・牝*,5,5,ホッコーカリュウ,牝,3,池添謙一, 54 ,12,6,１, ,ダ1200,重,,(栗),西浦勝一,1127,-0.0,,8,8,37.8,466,-4,
,"2021. 1.30",中京,1名9,未勝利,未勝利,6,8,ルペルカーリア,牡,3,福永祐一, 56 ,12,1,１, ,芝2000,重,,(栗),友道康夫,2027,-0.5,5,4,5,36.0,500,+12,
,"2021. 1.30",中京,1名9,新馬,新馬,3,3,ルーチェット,牝,3,岩田望来, 54 ,9,5,１, ,ダ1800,重,,(栗),松永幹夫,1557,-0.1,4,4,4,37.1,452,,
,"2021. 1.30",中京,1名9,未勝利,未勝利,3,4,スマッシャー,牡,3,坂井瑠星, 56 ,15,1,１, ,ダ1400,重,,(栗),吉岡辰弥,1245,-1.2,,7,7,37.3,464,+2,
,"2021. 1.30",中京,1名9,未勝利,未勝利,4,4,メイショウフンジン,牡,3,酒井学, 56 ,13,2,１, ,ダ1800,重,,(栗),西園正都,1541,-0.4,1,1,1,38.0,504,0,
,"2021. 1.30",中京,1名9,未勝利,未勝利・牝,6,10,エールソヴール,牝,3,松若風馬, 54 ,15,1,１, ,ダ1200,重,,(栗),橋口慎介,1126,-0.0,,9,8,37.1,476,-8,
,"2021. 1.24",中京,1名8,1勝,１勝ｸﾗｽ,4,4,ロバートソンキー,牡,4,伊藤工真, 56 ,11,1,１, ,芝2200,不,,(美),林徹,2188,-0.0,7,7,7,36.1,486,+16,
,"2021. 1.24",中京,1名8,Ｇ２,東海ＳG2,6,11,オーヴェルニュ,牡,5,川田将雅, 56 ,15,2,１, ,ダ1800,不,,(栗),西村真幸,1492,-0.3,3,2,2,37.8,476,+4,
,"2021. 1.24",中京,1名8,3勝,伊賀Ｓ･3勝,1,1,メイショウテンセイ,牡,7,森裕太朗, 57 ,14,6,１, ,ダ1200,不,,(栗),西橋豊治,1101,-0.0,,7,5,35.5,534,+16,
,"2021. 1.24",中京,1名8,2勝,西尾特別･2勝,5,5,アカイイト,牝,4,松山弘平, 54 ,8,3,１, ,芝2000,不,,(栗),中竹和也,2063,-0.3,6,7,7,34.4,512,+10,
,"2021. 1.24",中京,1名8,2勝,２勝ｸﾗｽ,1,1,フローリン,牡,6,岩田望来, 57 ,8,4,１, ,ダ1900,不,,(栗),中内田充,1584,-0.2,5,6,6,35.8,476,+4,
,"2021. 1.24",中京,1名8,1勝,１勝ｸﾗｽ,1,1,コラルノクターン,牡,4,福永祐一, 56 ,9,1,１, ,ダ1800,不,,(栗),藤原英昭,1518,-0.1,5,5,5,37.8,506,-4,
,"2021. 1.24",中京,1名8,新馬,新馬,5,8,ジャスティンカフェ,牡,3,北村友一, 56 ,15,2,１, ,芝1600,不,,(栗),安田翔伍,1370,-0.2,4,5,5,35.6,482,,
,"2021. 1.24",中京,1名8,未勝利,未勝利,4,7,マリーナ,牝,3,坂井瑠星, 54 ,16,1,１, ,芝1400,不,,(栗),矢作芳人,1234,-0.0,,3,2,35.7,432,+2,
,"2021. 1.24",中京,1名8,1勝,１勝ｸﾗｽ*,1,1,ジュディッタ,牝,3,福永祐一, 54 ,9,4,１, ,ダ1800,不,,(栗),石坂公一,1513,-0.4,4,4,3,38.0,498,+2,
,"2021. 1.24",中京,1名8,新馬,新馬,6,12,ウルトラソニック,牡,3,森裕太朗,55☆,16,1,１, ,ダ1200,不,,(栗),中尾秀正,1131,-0.3,,6,6,37.2,482,,
,"2021. 1.24",中京,1名8,未勝利,未勝利,6,12,スペースフライト,牡,3,田辺裕信, 56 ,16,6,１, ,ダ1400,不,,(栗),佐々木晶,1247,-0.5,,1,1,37.7,524,-10,
,"2021. 1.24",中京,1名8,未勝利,未勝利,7,9,ゲンパチハマジ,牡,3,田辺裕信, 56 ,12,3,１, ,ダ1900,不,,(栗),佐々木晶,1594,-0.4,3,2,2,36.4,502,+2,
,"2021. 1.23",中京,1名7,2勝,２勝ｸﾗｽ,4,8,ピンシャン,牡,4,松山弘平, 56 ,16,4,１, ,ダ1400,重,,(栗),森秀行,1236,-0.2,,1,1,37.5,468,+6,
,"2021. 1.23",中京,1名7,3勝,豊明ＳＨ･3勝,7,13,メイショウチタン,牡,4,幸英明, 56 ,16,2,１, ,芝1400,重,,(栗),本田優,1228,-0.2,,4,6,35.6,472,+2,
,"2021. 1.23",中京,1名7,OP(L),若駒Ｓ(L),2,2,ウインアグライア,牝,3,和田竜二, 54 ,7,5,１, ,芝2000,重,,(美),和田雄二,2038,-0.0,2,3,3,37.4,462,+4,
,"2021. 1.23",中京,1名7,2勝,賢島特別･2勝,4,4,ビップウインク,牝,4,岩田康誠, 54 ,9,2,１, ,芝1400,重,,(栗),清水久詞,1226,-0.1,,2,2,36.1,504,+2,
,"2021. 1.23",中京,1名7,1勝,１勝ｸﾗｽ,4,4,メイショウコジョウ,牡,4,幸英明, 56 ,11,4,１, ,ダ1900,稍,,(栗),石橋守,2005,-0.2,11,9,8,37.3,474,+2,
,"2021. 1.23",中京,1名7,1勝,１勝ｸﾗｽ,6,11,シンゼンブースター,セ,5,池添謙一, 57 ,16,3,１, ,ダ1200,稍,,(栗),飯田祐史,1125,-0.1,,13,11,36.0,492,-2,
,"2021. 1.23",中京,1名7,未勝利,未勝利,8,12,ハギノロマネスク,牝,3,小崎綾也, 54 ,12,7,１, ,芝2200,重,,(栗),寺島良,2179,-0.6,1,1,1,36.8,460,-6,B
,"2021. 1.23",中京,1名7,未勝利,未勝利・牝,2,2,ナギサ,牝,3,武豊, 54 ,11,3,１, ,芝2000,稍,,(栗),本田優,2041,-0.1,1,1,1,36.3,488,-6,
,"2021. 1.23",中京,1名7,1勝,１勝ｸﾗｽ*,5,5,ヨッシーフェイス,牡,3,川須栄彦, 56 ,11,1,１, ,ダ1200,稍,,(栗),寺島良,1121,-0.2,,2,2,37.1,470,0,
,"2021. 1.23",中京,1名7,新馬,新馬・牝,1,1,メイショウクシナダ,牝,3,和田竜二, 54 ,10,2,１, ,ダ1800,稍,,(栗),南井克巳,1564,-0.2,1,1,1,38.5,498,,
,"2021. 1.23",中京,1名7,未勝利,未勝利,6,6,ペプチドハオー,牡,3,松山弘平, 56 ,11,3,１, ,ダ1200,良,,(栗),武英智,1132,-0.4,,1,1,36.8,482,-4,
,"2021. 1.23",中京,1名7,未勝利,未勝利,2,2,クープラン,牡,3,和田翼, 56 ,12,3,１, ,ダ1800,良,,(栗),橋田満,1550,-0.3,3,3,3,38.4,524,-2,
,"2021. 1.17",中京,1名6,2勝,２勝ｸﾗｽ,2,2,エアロロノア,牡,4,福永祐一, 56 ,13,1,１, ,芝1600,良,,(栗),笹田和秀,1333,-0.0,5,3,2,34.5,492,-2,
,"2021. 1.17",中京,1名6,Ｇ２,日経新春ＨG2,7,14,ショウリュウイクゾ,牡,5,団野大成, 53 ,16,7,１, ,芝2200,良,,(栗),佐々木晶,2118,-0.1,3,3,3,35.5,512,+10,B
,"2021. 1.17",中京,1名6,3勝,雅Ｓ･3勝,7,14,マリオマッハー,牡,4,内田博幸, 56 ,16,1,１, ,ダ1800,良,,(栗),安達昭夫,1524,-0.0,14,13,13,37.5,456,-6,
,"2021. 1.17",中京,1名6,1勝,梅花賞･1勝*,2,2,ディープモンスター,牡,3,武豊, 56 ,8,1,１, ,芝2200,良,,(栗),池江泰寿,2136,-0.2,5,5,5,34.7,456,+2,
,"2021. 1.17",中京,1名6,2勝,２勝ｸﾗｽ,7,14,キャノンバローズ,セ,5,団野大成,56☆,16,1,１, ,ダ1800,良,*,(栗),斉藤崇史,1526,-0.2,1,1,1,37.1,454,+4,B
,"2021. 1.17",中京,1名6,1勝,１勝ｸﾗｽ,5,10,アメージングラン,牡,4,和田竜二, 56 ,16,2,１, ,ダ1400,良,,(栗),牧田和弥,1253,-0.1,,7,6,37.5,512,+2,
,"2021. 1.17",中京,1名6,1勝,１勝ｸﾗｽ,4,4,メイショウヨソユキ,牝,5,団野大成,54☆,12,3,１, ,ダ1800,良,,(栗),庄野靖志,1530,-0.2,1,1,1,37.6,454,-2,
,"2021. 1.17",中京,1名6,未勝利,未勝利,2,3,ウィンドリッパー,牡,3,川田将雅, 56 ,16,3,１, ,芝2000,良,,(栗),清水久詞,2016,-0.1,3,3,3,35.1,480,+8,
,"2021. 1.17",中京,1名6,新馬,新馬,1,1,リノユニヴァース,牡,3,福永祐一, 56 ,11,3,１, ,ダ1800,良,,(栗),友道康夫,1568,-0.1,6,7,7,37.5,500,,
,"2021. 1.17",中京,1名6,未勝利,未勝利・牝,5,10,メイショウマンサク,牝,3,太宰啓介, 54 ,16,16,１, ,ダ1400,良,,(栗),石橋守,1264,-0.0,,13,14,37.5,526,+18,
,"2021. 1.17",中京,1名6,未勝利,未勝利,8,10,ロスコフ,牡,3,西村淳也, 56 ,10,5,１, ,ダ1900,良,,(美),久保田貴,2022,-0.7,2,2,1,38.1,484,-2,
,"2021. 1.17",中京,1名6,未勝利,未勝利,6,12,エイユーストロング,牡,3,和田竜二, 56 ,16,2,１, ,ダ1200,良,,(栗),鈴木孝志,1134,-0.2,,1,1,37.5,468,+12,
,"2021. 1.16",中京,1名5,3勝,３勝ｸﾗｽ,5,10,ロイヤルパールス,牡,6,中井裕二, 57 ,16,16,１, ,ダ1400,良,,(栗),湯窪幸雄,1241,-0.0,,4,3,37.1,536,+4,B
,"2021. 1.16",中京,1名5,Ｇ３,愛知杯ＨG3,8,18,マジックキャッスル,牝,4,戸崎圭太, 54 ,18,2,１, ,芝2000,良,*,(美),国枝栄,1587,-0.0,11,10,8,35.4,444,+12,
,"2021. 1.16",中京,1名5,OP(L),紅梅Ｓ(L),6,6,ソングライン,牝,3,ルメール, 54 ,11,1,１, ,芝1400,良,,(美),林徹,1206,-0.5,,3,4,35.3,480,-2,
,"2021. 1.16",中京,1名5,2勝,長良川特･2勝,4,4,フライライクバード,牡,4,福永祐一, 56 ,10,1,１, ,芝2200,良,,(栗),友道康夫,2112,-1.1,6,6,4,35.3,460,+10,
,"2021. 1.16",中京,1名5,2勝,２勝ｸﾗｽ,4,6,シゲルオトメザ,牝,4,和田竜二, 54 ,14,2,１, ,ダ1200,良,,(栗),橋田満,1118,-0.0,,2,2,36.7,506,+6,
,"2021. 1.16",中京,1名5,1勝,１勝ｸﾗｽ,5,9,デルマカミカゼ,牡,6,菊沢一樹,56☆,16,5,１, ,ダ1200,良,,(美),小野次郎,1122,-0.4,,7,7,36.5,468,-4,
,"2021. 1.16",中京,1名5,新馬,新馬,8,15,インフィニタス,牝,3,岩田康誠, 54 ,16,3,１, ,芝2000,良,,(栗),清水久詞,2021,-0.2,1,1,1,36.1,456,,
,"2021. 1.16",中京,1名5,未勝利,未勝利,2,3,レイモンドバローズ,牡,3,松山弘平, 56 ,16,5,１, ,芝1600,良,,(栗),上村洋行,1341,-0.0,2,1,1,36.5,474,0,
,"2021. 1.16",中京,1名5,1勝,１勝ｸﾗｽ*,6,7,カレンロマチェンコ,牡,3,松若風馬, 56 ,12,2,１, ,ダ1400,良,,(栗),高柳大輔,1246,-0.5,,1,1,37.4,462,+10,
,"2021. 1.16",中京,1名5,未勝利,未勝利,7,13,タイキフォース,牡,3,ルメール, 56 ,16,1,１, ,ダ1800,良,,(栗),牧浦充徳,1549,-0.7,6,5,3,38.1,472,0,
,"2021. 1.16",中京,1名5,未勝利,未勝利,3,6,シューラヴァラ,牡,3,松山弘平, 56 ,16,3,１, ,ダ1400,良,,(栗),川村禎彦,1259,-0.3,,14,13,37.2,456,0,
,"2021. 1.16",中京,1名5,未勝利,未勝利・牝,4,4,ビルボードクィーン,牝,3,岩田康誠, 54 ,9,1,１, ,ダ1800,良,,(栗),庄野靖志,1557,-0.8,2,1,1,38.4,452,-2,
,"2021. 1.11",中京,1名4,1勝,１勝ｸﾗｽ,1,1,ロードシャムロック,牡,4,藤岡佑介, 56 ,16,3,１, ,芝1600,良,,(栗),中内田充,1340,-0.5,1,1,1,35.6,500,+2,
,"2021. 1.11",中京,1名4,OP(L),すばるＳ(L),4,7,テイエムサウスダン,牡,4,浜中俊, 56 ,16,5,１, ,ダ1400,良,,(栗),飯田雄三,1234,-0.3,,4,4,36.5,544,-2,
,"2021. 1.11",中京,1名4,3勝,寿ＳＨ･3勝,7,14,ツーエムアロンソ,牡,5,高倉稜, 54 ,16,14,１, ,芝2000,良,,(栗),本田優,2004,-0.0,8,7,8,35.4,550,+6,
,"2021. 1.11",中京,1名4,2勝,尾頭橋特･2勝,7,13,ドウドウキリシマ,牡,5,松山弘平, 57 ,16,4,１, ,ダ1400,良,,(栗),村山明,1241,-0.4,,11,10,37.3,496,+2,B
,"2021. 1.11",中京,1名4,1勝,１勝ｸﾗｽ,5,9,ラヴィンフォール,牝,4,岩田望来, 54 ,16,1,１, ,ダ1800,良,,(栗),友道康夫,1537,-0.1,3,3,3,38.7,490,-6,
,"2021. 1.11",中京,1名4,1勝,１勝ｸﾗｽ・牝,6,12,ショウゲッコウ,牝,4,中井裕二, 54 ,16,5,１, ,ダ1200,良,,(栗),湯窪幸雄,1130,-0.0,,12,12,36.5,478,+12,
,"2021. 1.11",中京,1名4,1勝,１勝ｸﾗｽ*,4,4,ロングトレーン,牝,3,団野大成,53☆,11,5,１, ,芝1200,良,,(栗),佐々木晶,1090,-0.4,,9,9,34.1,428,+6,
,"2021. 1.11",中京,1名4,未勝利,未勝利,5,9,マイプレシャス,牡,3,浜中俊, 56 ,16,5,１, ,芝2200,良,,(栗),松永幹夫,2147,-0.4,4,3,2,35.5,494,-2,
,"2021. 1.11",中京,1名4,新馬,新馬,1,1,リアンクール,牝,3,北村友一, 54 ,9,1,１, ,ダ1800,良,,(栗),安田隆行,1581,-0.2,5,5,4,37.6,462,,
,"2021. 1.11",中京,1名4,未勝利,未勝利,8,15,ジャスパードリーム,牡,3,松山弘平, 56 ,16,2,１, ,ダ1800,良,,(栗),森秀行,1543,-0.4,2,1,1,39.5,528,-2,
,"2021. 1.11",中京,1名4,未勝利,未勝利,5,9,コパノジャンピング,牡,3,幸英明, 56 ,16,3,１, ,ダ1200,良,,(栗),梅田智之,1132,-0.1,,5,3,37.0,534,0,
,"2021. 1.11",中京,1名4,未勝利,未勝利・牝,8,16,トップザビル,牝,3,Ｍ．デム, 54 ,16,1,１, ,ダ1800,良,,(栗),武幸四郎,1560,-0.2,16,3,2,39.7,424,-4,
,"2021. 1.10",中京,1名3,1勝,１勝ｸﾗｽ,3,6,ジャスパーイーグル,牡,4,森裕太朗,55☆,16,3,１, ,ダ1200,良,,(栗),森秀行,1123,-0.2,,1,1,37.2,498,+4,B
,"2021. 1.10",中京,1名3,Ｇ３,シンザンG3,7,12,ピクシーナイト,牡,3,福永祐一, 56 ,15,4,１, ,芝1600,良,,(栗),音無秀孝,1333,-0.2,1,1,1,35.2,536,-2,
,"2021. 1.10",中京,1名3,3勝,新春Ｓ･3勝,5,10,スギノヴォルケーノ,牡,5,ルメール, 57 ,16,1,１, ,芝1200,良,,(栗),清水久詞,1087,-0.4,,2,2,34.0,500,+6,
,"2021. 1.10",中京,1名3,2勝,渥美特Ｈ･2勝,1,2,ジョディー,牝,5,ルメール, 54 ,16,1,１, ,芝2000,良,,(美),戸田博文,1597,-0.2,3,3,3,34.8,498,+4,
,"2021. 1.10",中京,1名3,2勝,２勝ｸﾗｽ・牝,2,2,バラーディスト,牝,5,吉田隼人, 55 ,11,8,１, ,ダ1800,良,,(栗),石坂正,1543,-0.1,8,8,8,36.9,478,-2,
,"2021. 1.10",中京,1名3,1勝,１勝ｸﾗｽ,3,3,ヴェラアズール,牡,4,福永祐一, 56 ,14,2,１, ,ダ1900,良,,(栗),渡辺薫彦,2013,-0.6,2,2,2,37.2,504,+2,B
,"2021. 1.10",中京,1名3,新馬,新馬,6,11,レイクリエイター,牡,3,藤井勘一, 56 ,16,9,１, ,ダ1400,良,,(栗),浜田多実,1282,-0.0,,4,4,37.7,496,,
,"2021. 1.10",中京,1名3,未勝利,未勝利・牝,4,8,クァンタムレルム,牝,3,藤岡佑介, 54 ,16,9,１, ,芝1600,良,,(栗),石橋守,1345,-0.0,13,12,11,34.9,458,+2,
,"2021. 1.10",中京,1名3,新馬,新馬,4,4,レプンカムイ,牡,3,鮫島克駿, 56 ,13,1,１, ,ダ1800,良,,(栗),橋口慎介,1567,-0.2,1,1,1,37.5,482,,
,"2021. 1.10",中京,1名3,未勝利,未勝利,4,7,チカリヨン,牝,3,ルメール, 54 ,16,2,１, ,ダ1400,良,,(栗),松永幹夫,1264,-0.4,,6,6,38.3,478,+10,
,"2021. 1.10",中京,1名3,未勝利,未勝利,4,8,クリノクラール,牡,3,福永祐一, 56 ,16,2,１, ,ダ1800,良,,(栗),武英智,1563,-0.0,4,5,5,38.7,486,-4,
,"2021. 1.10",中京,1名3,未勝利,未勝利・牝,7,13,クインズレモン,牝,3,松山弘平, 54 ,16,4,１, ,ダ1200,良,,(栗),新谷功一,1129,-0.3,,2,2,37.5,498,+6,
,"2021. 1. 9",中京,1名2,1勝,１勝ｸﾗｽ,6,11,イバル,牡,4,小崎綾也, 56 ,16,2,１, ,ダ1400,良,*,(栗),小崎憲,1247,-0.3,,10,10,37.6,514,0,
,"2021. 1. 9",中京,1名2,OP(L),淀短距離(L),1,1,トゥラヴェスーラ,牡,6,池添謙一, 57 ,16,3,１, ,芝1200,良,,(栗),高橋康之,1082,-0.2,,4,4,34.0,484,+8,
,"2021. 1. 9",中京,1名2,2勝,濃尾特別･2勝,8,16,ソルトイブキ,牡,5,富田暁, 57 ,16,7,１, ,ダ1800,良,,(栗),木原一良,1538,-0.2,5,6,4,37.7,488,0,
,"2021. 1. 9",中京,1名2,2勝,鳥羽特別･2勝,7,12,スワーヴシャルル,牡,5,福永祐一, 57 ,15,2,１, ,芝1200,良,,(栗),安田隆行,1087,-0.3,,1,1,34.4,486,+18,B
,"2021. 1. 9",中京,1名2,1勝,１勝ｸﾗｽ・牝,6,8,チェルアルコ,牝,4,池添謙一, 54 ,13,3,１, ,ダ1800,良,,(栗),森田直行,1543,-0.1,2,2,2,39.2,528,-2,
,"2021. 1. 9",中京,1名2,1勝,１勝ｸﾗｽ*,3,3,ハンディーズピーク,牡,3,幸英明, 56 ,13,1,１, ,ダ1800,良,,(栗),大久保龍,1542,-0.3,4,3,4,39.0,504,+6,
,"2021. 1. 9",中京,1名2,新馬,新馬,5,10,デルマセイシ,牝,3,松若風馬, 54 ,16,2,１, ,芝1600,良,,(栗),音無秀孝,1372,-0.0,3,3,3,34.7,468,,
,"2021. 1. 9",中京,1名2,未勝利,未勝利,2,3,ノースザワールド,牡,3,松山弘平, 56 ,16,1,１, ,芝2000,良,,(栗),大久保龍,2012,-0.1,3,4,4,35.6,472,+6,
,"2021. 1. 9",中京,1名2,新馬,新馬・牝,4,7,バリコノユメ,牝,3,藤懸貴志, 54 ,15,4,１, ,ダ1200,良,,(栗),松永昌博,1138,-0.0,,2,2,37.5,460,,
,"2021. 1. 9",中京,1名2,未勝利,未勝利,2,3,ダンツトレノ,牡,3,泉谷楓真,53▲,16,9,１, ,ダ1900,良,,(栗),本田優,2020,-0.4,1,1,1,39.7,464,-6,
,"2021. 1. 9",中京,1名2,未勝利,未勝利,8,16,ジョディーズマロン,牡,3,亀田温心,55☆,16,3,１, ,ダ1400,良,,(栗),北出成人,1266,-0.2,,8,6,38.2,456,+6,
,"2021. 1. 9",中京,1名2,未勝利,未勝利,4,7,グリームエース,牡,3,亀田温心,55☆,16,16,１, ,ダ1800,良,,(美),久保田貴,1556,-0.1,16,11,10,38.4,472,-6,
,"2021. 1. 5",中京,1名1,2勝,２勝ｸﾗｽ,7,13,リレーションシップ,牡,4,武豊, 56 ,15,1,１, ,芝1400,良,*,(栗),須貝尚介,1205,-0.3,,3,4,34.6,498,-2,
,"2021. 1. 5",中京,1名1,Ｇ３,京都金杯ＨG3,1,2,ケイデンスコール,牡,5,岩田康誠, 56 ,16,12,１, ,芝1600,良,*,(栗),安田隆行,1331,-0.1,6,4,3,34.0,472,+4,
,"2021. 1. 5",中京,1名1,ｵｰﾌﾟﾝ,万葉ＳＨ,8,13,ナムラドノヴァン,牡,6,高倉稜, 51 ,14,7,１, ,芝3000,良,,(栗),杉山晴紀,3039,-0.2,10,7,7,35.3,494,+2,
,"2021. 1. 5",中京,1名1,3勝,門松Ｓ･3勝,3,6,メイショウウズマサ,牡,5,斎藤新, 57 ,16,2,１, ,ダ1400,良,,(栗),安田隆行,1242,-0.0,,1,1,36.9,500,+6,
,"2021. 1. 5",中京,1名1,2勝,２勝ｸﾗｽ,3,6,マリオマッハー,牡,4,幸英明, 56 ,16,1,１, ,ダ1900,良,,(栗),安達昭夫,2003,-0.3,14,12,11,37.5,462,+18,
,"2021. 1. 5",中京,1名1,2勝,２勝ｸﾗｽ,5,9,コウユークロガヨカ,牡,5,秋山稔樹,54▲,16,5,１, ,ダ1200,良,,(美),竹内正洋,1123,-0.2,,2,2,36.9,470,-2,B
,"2021. 1. 5",中京,1名1,1勝,１勝ｸﾗｽ*,7,7,タガノカイ,牡,3,泉谷楓真,53▲,8,3,１, ,芝2000,良,,(栗),宮徹,2017,-0.1,1,1,1,35.7,510,+2,
,"2021. 1. 5",中京,1名1,新馬,新馬,5,10,エアサージュ,牡,3,福永祐一, 56 ,16,1,１, ,芝2000,良,,(栗),池添学,2036,-0.2,3,3,3,33.6,504,,
,"2021. 1. 5",中京,1名1,1勝,１勝ｸﾗｽ,8,11,スコルピウス,セ,5,武豊, 57 ,11,1,１, ,ダ1800,良,,(栗),武幸四郎,1539,-0.2,2,1,1,38.3,478,+4,B
,"2021. 1. 5",中京,1名1,未勝利,未勝利,4,5,ゴールドハイアー,牡,3,福永祐一, 56 ,14,1,１, ,ダ1900,良,,(栗),大久保龍,2009,-0.3,7,6,5,37.5,474,0,
,"2021. 1. 5",中京,1名1,未勝利,未勝利,4,7,ジャスパーゴールド,牡,3,武豊, 56 ,16,1,１, ,ダ1200,良,,(栗),森秀行,1124,-0.1,,2,2,37.8,452,+4,
,"2021. 1. 5",中京,1名1,未勝利,未勝利,6,6,テイエムマグマ,牡,3,高倉稜, 56 ,11,4,１, ,ダ1800,良,,(栗),杉山晴紀,1555,-0.2,1,1,1,38.8,500,+2,B
,2020.12.20,中京,3名6,2勝,尾張特別･2勝,8,11,ヒラボクメルロー,牝,4,津村明秀, 55 ,11,9,１, ,芝2200,良,*,(栗),寺島良,2151,-1.4,1,1,1,36.7,466,-2,
,2020.12.20,中京,3名6,3勝,三河ＳＨ･3勝,3,6,ベルダーイメル,牡,3,吉田隼人, 55 ,16,1,１, ,ダ1400,良,,(栗),本田優,1237,-0.2,,4,2,37.4,460,+6,
,2020.12.20,中京,3名6,1勝,寒椿賞･1勝*,1,2,サヴァ,牡,2,吉田隼人, 55 ,16,2,１, ,ダ1400,良,,(栗),上村洋行,1251,-0.5,,5,5,38.1,508,+4,
,2020.12.20,中京,3名6,1勝,１勝ｸﾗｽ,5,9,ゼツエイ,牡,3,西村淳也, 55 ,18,1,１, ,芝1200,良,*,(栗),音無秀孝,1091,-0.2,,9,7,34.2,498,-4,B
,2020.12.20,中京,3名6,1勝,１勝ｸﾗｽ・牝,2,3,ルビーカサブランカ,牝,3,藤岡康太, 54 ,18,1,１, ,芝2000,良,,(栗),須貝尚介,2015,-0.1,8,8,7,34.9,454,+4,
,2020.12.20,中京,3名6,1勝,１勝ｸﾗｽ,3,6,クリアサウンド,牝,3,鮫島克駿, 54 ,18,1,１, ,芝1400,良,,(栗),杉山晴紀,1217,-0.3,,2,2,34.5,490,+6,
,2020.12.20,中京,3名6,新馬,新馬,5,6,タイセイアーメット,牡,2,西村淳也, 55 ,13,2,１, ,ダ1800,良,,(栗),浜田多実,1559,-0.1,1,1,1,38.4,478,,
,2020.12.20,中京,3名6,未勝利,未勝利*,8,16,ルチェカリーナ,牝,2,吉田隼人, 54 ,18,1,１, ,芝1400,良,,(栗),高橋義忠,1224,-0.0,,12,12,34.2,460,-2,
,2020.12.20,中京,3名6,未勝利,障害未勝利,6,9,サーブルオール,牡,7,五十嵐雄, 60 ,13,1,１, ,芝3000,良,,(美),萩原清,3201,-0.0,2,2,1,13.3,490,+2,
,2020.12.20,中京,3名6,1勝,１勝ｸﾗｽ・若,3,5,レガーメペスカ,牡,3,亀田温心,55☆,16,1,１, ,ダ1800,良,,(栗),松永昌博,1545,-0.1,1,1,1,38.4,502,+22,
,2020.12.20,中京,3名6,1勝,１勝ｸﾗｽ,1,1,テンピン,牡,3,吉田隼人, 56 ,16,1,１, ,ダ1900,良,,(栗),安田隆行,2007,-0.5,2,2,2,38.7,492,-2,
,2020.12.20,中京,3名6,未勝利,未勝利*,2,3,フロストエッジ,牝,2,吉田隼人, 54 ,16,2,１, ,ダ1400,良,,(栗),西園正都,1266,-0.0,,7,5,38.3,490,-4,
,2020.12.19,中京,3名5,2勝,大須特別･2勝,7,14,シホノレジーナ,牝,3,浜中俊, 54 ,16,1,１, ,ダ1400,良,,(栗),寺島良,1240,-0.3,,3,2,36.1,500,+2,
,2020.12.19,中京,3名5,2勝,有松特別･2勝,6,7,ペコリーノロマーノ,牝,3,西村淳也, 54 ,12,2,１, ,芝1400,良,,(美),久保田貴,1217,-0.1,,2,2,34.6,438,-8,
,2020.12.19,中京,3名5,ｵｰﾌﾟﾝ,中京２歳,5,7,ゴールドチャリス,牝,2,浜中俊, 54 ,14,7,１, ,芝1200,良,,(栗),武幸四郎,1095,-0.1,,6,4,34.5,414,-2,
,2020.12.19,中京,3名5,1勝,１勝ｸﾗｽ,6,11,エフティイーリス,牝,4,伊藤工真, 55 ,18,10,１, ,芝2200,良,,(美),金成貴史,2148,-0.2,7,9,6,35.7,450,-2,
,2020.12.19,中京,3名5,1勝,１勝ｸﾗｽ・若,5,9,アイムポッシブル,牝,3,西村淳也, 54 ,16,2,１, ,ダ1400,良,,(栗),小崎憲,1252,-0.5,,3,3,36.8,470,-2,B
,2020.12.19,中京,3名5,未勝利,未勝利*,5,9,マテンロウエール,牡,2,横山典弘, 55 ,18,1,１, ,芝2000,良,,(栗),松永幹夫,2014,-0.2,4,4,3,35.5,498,-2,
,2020.12.19,中京,3名5,1勝,１勝ｸﾗｽ,3,6,ストークダバノン,牡,3,横山典弘, 56 ,16,1,１, ,ダ1800,良,,(栗),松永幹夫,1532,-0.1,6,6,6,37.3,510,+4,
,2020.12.19,中京,3名5,ｵｰﾌﾟﾝ,障害・オープ,3,4,キャプテンペリー,セ,7,五十嵐雄, 60 ,14,7,１, ,芝3330,良,,(美),岩戸孝樹,3386,-0.3,1,1,1,13.1,512,-2,
,2020.12.19,中京,3名5,未勝利,障害未勝利,8,14,トゥルボー,牡,4,小野寺祐, 60 ,14,6,１, ,芝3000,良,,(美),小笠倫弘,3217,-0.2,4,3,4,13.4,506,+6,
,2020.12.19,中京,3名5,1勝,１勝ｸﾗｽ,2,4,コウユークロガヨカ,牡,4,秋山稔樹,54▲,16,1,１, ,ダ1200,良,,(美),竹内正洋,1122,-0.2,,2,2,36.7,472,0,B
,2020.12.19,中京,3名5,1勝,１勝ｸﾗｽ・牝,4,4,フラーレン,牝,3,藤岡康太, 54 ,11,2,１, ,ダ1800,良,,(栗),牧田和弥,1548,-1.1,2,2,3,37.1,510,+6,
,2020.12.19,中京,3名5,未勝利,未勝利*,6,11,レディマーシー,牝,2,蛯名正義, 54 ,16,7,１, ,ダ1800,良,,(栗),北出成人,1547,-0.8,2,2,2,37.6,460,-6,B
,2020.12.13,中京,3名4,2勝,名古屋日･2勝,2,2,シャレード,牝,3,岩田望来, 54 ,12,2,１, ,芝2000,良,,(栗),藤原英昭,2004,-0.0,7,8,7,35.6,504,0,
,2020.12.13,中京,3名4,3勝,飛騨Ｓ･3勝,8,15,ヴェスターヴァルト,牡,3,富田暁, 56 ,16,3,１, ,芝1400,良,,(美),加藤征弘,1203,-0.1,,7,9,34.4,470,+2,
,2020.12.13,中京,3名4,1勝,つわぶき･1勝,7,7,カイトゲニー,牝,2,柴田大知, 54 ,8,4,１, ,芝1400,良,,(美),和田雄二,1220,-0.2,,1,1,34.5,472,+4,
,2020.12.13,中京,3名4,1勝,１勝ｸﾗｽ,6,11,メイショウドヒョウ,牡,3,泉谷楓真,53▲,16,2,１, ,ダ1800,良,,(栗),西園正都,1548,-0.2,2,2,2,38.3,480,0,
,2020.12.13,中京,3名4,1勝,１勝ｸﾗｽ,5,10,ヴィクターバローズ,牡,3,藤岡康太, 56 ,18,5,１, ,芝2000,良,,(美),堀宣行,2020,-0.1,6,4,4,35.3,486,-4,B
,2020.12.13,中京,3名4,1勝,１勝ｸﾗｽ,8,14,ドスハーツ,牡,3,菅原明良,55☆,14,1,１, ,ダ1900,良,,(栗),松永昌博,2019,-0.1,11,9,10,36.6,470,-12,
,2020.12.13,中京,3名4,未勝利,未勝利・牝*,7,14,マリアエレーナ,牝,2,川島信二, 54 ,16,1,１, ,芝1600,良,,(栗),吉田直弘,1347,-0.6,13,12,11,35.1,412,0,
,2020.12.13,中京,3名4,新馬,新馬,8,11,ソウルラッシュ,牡,2,荻野極, 55 ,12,2,１, ,芝2000,良,,(栗),池江泰寿,2031,-0.3,6,6,6,35.7,496,,
,2020.12.13,中京,3名4,未勝利,障害未勝利,1,1,ホッコーメヴィウス,セ,4,難波剛健, 60 ,14,3,１, ,芝3000,良,,(栗),西浦勝一,3165,-1.4,1,1,1,13.1,456,-4,
,2020.12.13,中京,3名4,1勝,１勝ｸﾗｽ・若,5,9,クリノカサット,牝,5,加藤祥太, 55 ,15,9,１, ,ダ1200,良,,(栗),藤沢則雄,1124,-0.3,,9,8,36.3,480,0,
,2020.12.13,中京,3名4,1勝,１勝ｸﾗｽ,2,3,ロードアブソルート,牡,4,岩田望来, 57 ,16,2,１, ,ダ1400,良,,(栗),吉岡辰弥,1249,-0.2,,2,2,37.1,440,-6,
,2020.12.13,中京,3名4,未勝利,未勝利*,8,16,カズロレアート,牡,2,藤岡康太, 55 ,16,1,１, ,ダ1800,良,,(栗),安田隆行,1550,-0.2,9,8,8,37.7,472,+2,B
,2020.12.12,中京,3名3,1勝,豊川特別･1勝,8,16,クロワドフェール,牝,3,岩田望来, 54 ,16,3,１, ,芝1600,良,,(栗),斉藤崇史,1342,-0.2,6,6,6,34.7,458,-12,
,2020.12.12,中京,3名3,Ｇ３,中日新聞ＨG3,1,2,ボッケリーニ,牡,4,松山弘平, 55 ,18,2,１, ,芝2000,良,,(栗),池江泰寿,2001,-0.1,6,8,7,33.5,468,0,
,2020.12.12,中京,3名3,2勝,犬山特別･2勝,1,1,アメリカンシード,牡,3,ルメール, 56 ,16,1,１, ,ダ1900,良,,(栗),藤岡健一,1587,-0.9,3,2,2,38.5,472,+4,
,2020.12.12,中京,3名3,1勝,１勝ｸﾗｽ,3,5,リレーションシップ,牡,3,ルメール, 56 ,18,1,１, ,芝1400,良,,(栗),須貝尚介,1203,-0.4,,5,5,34.7,500,-2,
,2020.12.12,中京,3名3,1勝,１勝ｸﾗｽ・牝,6,12,メイショウマサヒメ,牝,3,松山弘平, 54 ,16,1,１, ,ダ1400,良,,(栗),本田優,1247,-0.7,,2,2,36.9,492,-6,
,2020.12.12,中京,3名3,未勝利,未勝利*,6,7,カツコ,牝,2,吉田隼人, 54 ,12,6,１, ,芝2000,良,,(栗),寺島良,2018,-0.1,8,8,8,35.2,446,-10,
,2020.12.12,中京,3名3,1勝,１勝ｸﾗｽ,6,11,マイネルイヴィンス,セ,4,西村淳也, 57 ,16,13,１, ,ダ1800,良,,(美),清水英克,1533,-0.6,11,8,7,37.4,508,-4,B
,2020.12.12,中京,3名3,ｵｰﾌﾟﾝ,障害・オープ,7,11,スマートアペックス,牡,3,中村将之, 58 ,14,2,１, ,芝3300,良,,(栗),浅見秀一,3370,-0.5,3,3,3,13.2,492,+14,
,2020.12.12,中京,3名3,未勝利,障害未勝利,7,11,ヒドゥンパラメータ,牡,6,伊藤工真, 60 ,14,5,１, ,芝3000,良,,(美),宗像義忠,3183,-1.5,10,8,7,13.2,466,-8,
,2020.12.12,中京,3名3,1勝,１勝ｸﾗｽ,7,14,アーマーバローズ,牡,3,ルメール, 56 ,16,1,１, ,ダ1200,良,,(栗),上村洋行,1117,-0.8,,2,1,36.2,478,-10,
,2020.12.12,中京,3名3,1勝,１勝ｸﾗｽ・牝,7,10,クレデンザ,牝,3,坂井瑠星, 54 ,12,2,１, ,ダ1800,良,,(栗),中内田充,1537,-0.0,5,5,5,37.2,448,0,
,2020.12.12,中京,3名3,未勝利,未勝利*,1,1,ラストバリオン,牡,2,ルメール, 55 ,12,1,１, ,ダ1200,良,,(栗),牧浦充徳,1133,-0.2,,1,1,37.7,494,+6,
,"2020.12. 6",中京,3名2,2勝,鳴海特別･2勝,4,7,カフェクラウン,牡,4,ルメール, 57 ,16,2,１, ,ダ1400,良,,(美),堀宣行,1242,-0.1,,2,2,37.0,526,+2,
,"2020.12. 6",中京,3名2,Ｇ１,チャンピG1,6,11,チュウワウィザード,牡,5,戸崎圭太, 57 ,16,4,１, ,ダ1800,良,,(栗),大久保龍,1493,-0.4,7,5,4,36.4,486,+3,
,"2020.12. 6",中京,3名2,2勝,中京日経･2勝,1,1,デルマカトリーナ,牝,4,横山武史, 55 ,18,4,１, ,芝1200,良,,(栗),音無秀孝,1081,-0.0,,13,11,32.9,436,0,
,"2020.12. 6",中京,3名2,1勝,こうやま･1勝,8,8,ダディーズビビッド,牡,2,武豊, 55 ,8,3,１, ,芝1600,良,,(栗),千田輝彦,1341,-0.2,5,3,3,33.8,492,+14,
,"2020.12. 6",中京,3名2,1勝,１勝ｸﾗｽ,3,6,ミツカネプリンス,牡,3,横山武史, 56 ,16,1,１, ,ダ1400,良,,(美),鈴木伸尋,1247,-0.1,,10,8,36.6,452,+6,
,"2020.12. 6",中京,3名2,1勝,１勝ｸﾗｽ,4,7,アルディエンテ,牡,3,横山武史, 55 ,18,10,１, ,芝2200,良,,(美),古賀慎明,2119,-0.1,10,10,8,34.3,486,+16,
,"2020.12. 6",中京,3名2,1勝,１勝ｸﾗｽ,6,6,ルモンド,牡,4,川田将雅, 57 ,10,5,１, ,ダ1800,良,,(栗),中内田充,1525,-0.0,3,2,2,37.5,476,+2,
,"2020.12. 6",中京,3名2,新馬,新馬,4,5,ヤマニンルリュール,牝,2,武豊, 54 ,14,2,１, ,芝1400,良,,(栗),木原一良,1209,-0.6,,9,8,34.1,462,,
,"2020.12. 6",中京,3名2,未勝利,未勝利*,5,10,ゼリア,牝,2,和田竜二, 54 ,18,5,１, ,芝1200,良,,(栗),鈴木孝志,1085,-0.3,,3,3,34.3,436,0,
,"2020.12. 6",中京,3名2,1勝,１勝ｸﾗｽ・牝,8,9,シーシーサザン,牝,3,三浦皇成, 54 ,10,2,１, ,ダ1800,良,,(美),武井亮,1543,-0.2,7,7,8,37.0,450,+4,
,"2020.12. 6",中京,3名2,1勝,１勝ｸﾗｽ,7,13,エイシンバッカス,牡,3,松山弘平, 56 ,16,3,１, ,ダ1200,良,,(栗),今野貞一,1122,-0.0,,2,2,35.9,470,+12,
,"2020.12. 6",中京,3名2,未勝利,未勝利*,1,1,レンツシュピッツェ,牡,2,松山弘平, 55 ,13,2,１, ,ダ1800,良,,(栗),寺島良,1549,-0.1,11,9,9,37.3,466,+2,
,"2020.12. 5",中京,3名1,1勝,栄特別･1勝,2,4,モーソンピーク,牡,3,菅原明良, 56 ,18,2,１, ,芝2000,良,,(美),国枝栄,1598,-0.0,6,7,7,34.8,502,+2,
,"2020.12. 5",中京,3名1,3勝,浜松ＳＨ･3勝,7,13,ケイアイサクソニー,牡,4,藤懸貴志, 55 ,18,7,１, ,芝1200,良,,(栗),吉岡辰弥,1077,-0.1,,1,1,34.3,498,+4,
,"2020.12. 5",中京,3名1,2勝,浜名湖特･2勝,1,1,ソングオブザハート,牝,3,中井裕二, 54 ,16,5,１, ,ダ1800,良,,(栗),寺島良,1537,-0.0,2,3,3,38.5,424,-4,B
,"2020.12. 5",中京,3名1,1勝,１勝ｸﾗｽ,3,6,チャロアイト,牝,3,荻野極, 54 ,16,6,１, ,芝1600,良,,(美),池上昌和,1333,-0.2,1,1,1,34.8,478,-2,
,"2020.12. 5",中京,3名1,1勝,１勝ｸﾗｽ,6,11,ボルサリーノ,牡,3,亀田温心,54△,16,4,１, ,ダ1400,良,,(栗),杉山晴紀,1246,-0.1,,7,6,37.6,466,+6,B
,"2020.12. 5",中京,3名1,1勝,１勝ｸﾗｽ・若,1,1,チェリートリトン,牡,6,小林凌大,54▲,13,4,１, ,ダ1800,良,,(美),小西一男,1550,-0.1,1,1,1,37.4,500,+14,
,"2020.12. 5",中京,3名1,1勝,１勝ｸﾗｽ,2,4,リヴェール,牝,3,吉田隼人, 54 ,18,2,１, ,芝1400,良,,(栗),鮫島一歩,1206,-0.1,,1,1,34.5,446,+2,
,"2020.12. 5",中京,3名1,1勝,１勝ｸﾗｽ・牝,8,15,ロゼキルシュ,牝,3,岩田望来, 54 ,16,5,１, ,ダ1200,良,,(栗),杉山晴紀,1125,-0.1,,4,4,37.0,488,0,
,"2020.12. 5",中京,3名1,未勝利,未勝利*,4,8,ヴィアルークス,牡,2,岩田望来, 55 ,16,1,１, ,芝1600,良,,(栗),藤原英昭,1347,-0.1,4,4,5,34.6,508,0,
,"2020.12. 5",中京,3名1,1勝,１勝ｸﾗｽ,6,6,バイシュラバナ,牡,3,吉田隼人, 56 ,10,1,１, ,ダ1900,良,,(美),久保田貴,2000,-0.2,6,6,5,37.5,476,+4,
,"2020.12. 5",中京,3名1,未勝利,未勝利*,7,13,アレナマエストロ,牝,2,吉田隼人, 54 ,16,2,１, ,ダ1400,良,,(美),久保田貴,1262,-0.0,,2,2,38.7,464,-8,
,"2020.12. 5",中京,3名1,未勝利,未勝利・牝*,2,3,バイオレットジンク,牝,2,岩田望来, 54 ,16,3,１, ,ダ1800,良,,(栗),川村禎彦,1559,-0.2,1,1,1,39.0,504,+6,
,"2020.10. 4",中京,2名9,2勝,２勝ｸﾗｽ,1,1,メイショウテンセイ,牡,6,森裕太朗,56☆,16,9,１, ,ダ1200,良,,(栗),西橋豊治,1106,-0.1,,4,3,35.8,514,-2,
,"2020.10. 4",中京,2名9,OP(L),ポートア(L),1,2,ドナウデルタ,牝,4,北村友一, 54 ,16,4,１, ,芝1600,良,,(栗),石坂正,1330,-0.0,6,7,7,34.3,444,-4,
,"2020.10. 4",中京,2名9,3勝,白川郷Ｈ･3勝,5,9,ハギノアレグリアス,牡,3,岩田望来, 54 ,16,1,１, ,ダ1900,良,,(栗),松田国英,1563,-0.2,8,6,5,36.0,470,0,
,"2020.10. 4",中京,2名9,2勝,長久手特･2勝,8,10,カントル,牡,4,岩田望来, 57 ,10,1,１, ,芝2000,良,,(栗),藤原英昭,2005,-0.0,2,2,2,35.1,478,-2,
,"2020.10. 4",中京,2名9,1勝,１勝ｸﾗｽ,7,14,リュクスウォリアー,牡,3,藤懸貴志, 55 ,16,3,１, ,ダ1400,良,,(栗),平田修,1245,-0.1,,3,3,37.5,496,-2,B
,"2020.10. 4",中京,2名9,1勝,１勝ｸﾗｽ,3,3,サトノシャローム,牡,3,藤岡康太, 54 ,9,4,１, ,芝2200,良,,(栗),池江泰寿,2148,-0.2,1,1,1,34.8,506,+4,
,"2020.10. 4",中京,2名9,1勝,１勝ｸﾗｽ・牝,4,5,プリティーチャンス,牝,3,岩田望来,52☆,14,5,１, ,ダ1800,良,,(栗),野中賢二,1526,-0.3,8,8,8,37.7,446,+4,
,"2020.10. 4",中京,2名9,新馬,新馬,8,15,レアシャンパーニュ,牝,2,和田竜二, 54 ,16,4,１, ,芝1600,良,,(栗),音無秀孝,1362,-0.0,9,8,8,35.0,448,,
,"2020.10. 4",中京,2名9,未勝利,未勝利*,3,4,スパイラルノヴァ,牡,2,藤岡康太, 55 ,14,1,１, ,芝2000,良,,(栗),藤岡健一,2016,-0.4,1,1,1,35.3,470,-2,
,"2020.10. 4",中京,2名9,未勝利,未勝利*,4,5,ドナウエレン,牝,2,北村友一, 54 ,14,1,１, ,芝1200,良,,(栗),高野友和,1092,-0.6,,3,3,34.5,464,+8,B
,"2020.10. 4",中京,2名9,未勝利,未勝利*,8,16,ロードシュトローム,牡,2,西村淳也, 55 ,16,7,１, ,ダ1800,良,*,(栗),清水久詞,1535,-0.3,1,1,1,38.2,484,0,
,"2020.10. 4",中京,2名9,未勝利,障害未勝利,6,9,アドマイヤアゼリ,牡,6,森一馬, 60 ,14,1,１, ,芝3000,良,,(栗),須貝尚介,3173,-0.1,2,2,2,13.2,464,+4,
,"2020.10. 3",中京,2名8,2勝,２勝ｸﾗｽ,7,14,トリプルエース,牡,3,福永祐一, 55 ,18,1,１, ,芝1400,良,,(栗),斉藤崇史,1205,-0.1,,9,9,34.6,486,-2,
,"2020.10. 3",中京,2名8,Ｇ３,シリウスＨG3,8,15,カフェファラオ,牡,3,ルメール, 54 ,16,1,１, ,ダ1900,良,,(美),堀宣行,1578,-0.1,8,7,8,36.9,510,+2,
,"2020.10. 3",中京,2名8,3勝,関ケ原Ｓ･3勝,7,8,ショウナンバルディ,牡,4,岩田康誠, 57 ,11,5,１, ,芝2000,良,,(栗),松下武士,2014,-0.1,2,2,2,34.3,440,0,
,"2020.10. 3",中京,2名8,ｵｰﾌﾟﾝ,ききょう,5,5,ポールネイロン,牝,2,藤岡佑介, 54 ,8,1,１, ,芝1400,良,,(栗),矢作芳人,1211,-0.0,,1,1,35.2,438,-2,
,"2020.10. 3",中京,2名8,2勝,２勝ｸﾗｽ,7,14,ウインフォルティス,牡,5,和田竜二, 57 ,16,6,１, ,ダ1900,良,,(栗),加用正,1585,-0.0,7,6,6,37.4,500,+2,
,"2020.10. 3",中京,2名8,1勝,１勝ｸﾗｽ,8,11,ノルカソルカ,牡,3,藤岡佑介, 55 ,12,1,１, ,芝1600,良,,(栗),藤岡健一,1337,-0.2,3,1,1,35.0,492,+2,
,"2020.10. 3",中京,2名8,1勝,１勝ｸﾗｽ,8,15,マテンロウスパーク,牡,3,横山典弘, 55 ,15,1,１, ,ダ1800,良,,(栗),昆貢,1523,-0.0,3,3,2,36.6,498,-6,
,"2020.10. 3",中京,2名8,新馬,新馬,3,3,クインズラベンダー,牝,2,川田将雅, 54 ,14,1,１, ,芝2000,良,,(栗),西村真幸,2006,-0.4,2,2,2,34.8,470,,
,"2020.10. 3",中京,2名8,新馬,新馬,6,11,ハンディーズピーク,牡,2,幸英明, 55 ,16,4,１, ,ダ1800,良,,(栗),大久保龍,1539,-0.4,2,2,2,37.6,496,,
,"2020.10. 3",中京,2名8,1勝,１勝ｸﾗｽ,7,14,ミエノワールド,牡,3,川島信二, 55 ,16,1,１, ,ダ1200,良,,(栗),西園正都,1112,-1.0,,1,1,36.2,502,+12,
,"2020.10. 3",中京,2名8,未勝利,未勝利*,8,9,スパークル,牝,2,川田将雅, 54 ,10,1,１, ,芝1600,良,,(栗),中内田充,1343,-0.2,8,4,3,35.3,476,-4,
,"2020.10. 3",中京,2名8,未勝利,未勝利*,2,4,プレジールミノル,牡,2,亀田温心,53△,16,3,１, ,ダ1400,良,,(栗),北出成人,1253,-0.0,,2,2,38.2,488,0,
,"2020. 9.27",中京,2名7,2勝,２勝ｸﾗｽ,5,9,ホウオウスクラム,牡,5,松山弘平, 57 ,16,6,１, ,ダ1400,稍,,(美),奥村武,1244,-0.3,,3,3,37.7,510,0,
,"2020. 9.27",中京,2名7,Ｇ２,神戸新聞G2,1,2,コントレイル,牡,3,福永祐一, 56 ,18,1,１, ,芝2200,良,*,(栗),矢作芳人,2125,-0.3,7,8,6,35.6,460,0,
,"2020. 9.27",中京,2名7,3勝,桶狭間Ｈ･3勝,1,1,エイシンポジション,牝,4,武豊, 53 ,16,1,１, ,ダ1400,稍,,(栗),野中賢二,1230,-0.6,,4,3,36.5,440,+6,
,"2020. 9.27",中京,2名7,2勝,知立特別･2勝,5,6,アーズローヴァー,牝,4,北村友一, 55 ,13,5,１, ,芝1200,良,,(栗),松下武士,1093,-0.0,,3,4,34.1,462,0,B
,"2020. 9.27",中京,2名7,1勝,１勝ｸﾗｽ,6,10,ディアスティマ,牡,3,北村友一, 54 ,14,1,１, ,芝2000,良,,(栗),高野友和,2006,-0.3,3,3,3,36.1,490,+12,B
,"2020. 9.27",中京,2名7,1勝,１勝ｸﾗｽ・牝,3,3,メイショウベッピン,牝,3,武豊, 53 ,13,1,１, ,ダ1200,稍,,(栗),荒川義之,1120,-0.0,,10,10,36.2,484,+8,
,"2020. 9.27",中京,2名7,1勝,１勝ｸﾗｽ,5,5,キスラー,牡,4,武豊, 57 ,12,5,１, ,ダ1900,稍,,(栗),池江泰寿,2001,-0.3,7,8,7,37.9,478,+2,
,"2020. 9.27",中京,2名7,新馬,新馬,4,4,ノースブリッジ,牡,2,武豊, 54 ,10,3,１, ,芝2000,良,,(美),奥村武,2026,-0.2,1,1,1,35.6,468,,
,"2020. 9.27",中京,2名7,新馬,新馬・牝,2,3,クープドクール,牝,2,難波剛健, 54 ,18,8,１, ,芝1400,良,,(栗),高橋義忠,1226,-0.0,,2,2,37.0,450,,
,"2020. 9.27",中京,2名7,未勝利,未勝利*,3,3,ロングトレーン,牝,2,川田将雅, 54 ,14,1,１, ,芝1400,良,,(栗),佐々木晶,1223,-0.1,,2,2,36.1,422,0,
,"2020. 9.27",中京,2名7,未勝利,未勝利*,3,3,バイス,牡,2,鮫島克駿, 54 ,12,3,１, ,ダ1800,稍,,(栗),川村禎彦,1559,-0.3,4,3,3,40.3,494,-2,
,"2020. 9.27",中京,2名7,未勝利,障害未勝利,8,13,ストレートパンチ,牡,4,伴啓太, 60 ,13,3,１, ,芝3000,良,,(美),堀井雅広,3183,-0.6,1,1,1,13.2,486,+2,
,"2020. 9.26",中京,2名6,2勝,２勝ｸﾗｽ,5,8,ペガサス,牡,4,和田竜二, 57 ,15,2,１, ,ダ1800,稍,,(栗),大久保龍,1518,-0.0,5,4,5,38.4,450,-8,B
,"2020. 9.26",中京,2名6,3勝,長篠Ｓ･3勝,2,4,カレンモエ,牝,4,北村友一, 55 ,18,1,１, ,芝1200,良,*,(栗),安田隆行,1081,-0.2,,3,3,34.0,464,-2,
,"2020. 9.26",中京,2名6,2勝,夕月特別･2勝,8,8,ソフトフルート,牝,3,川田将雅, 52 ,9,1,１, ,芝2000,良,,(栗),松田国英,2000,-0.7,6,7,6,34.3,470,+4,
,"2020. 9.26",中京,2名6,1勝,ヤマボウ･1勝,3,3,デュアリスト,牡,2,北村友一, 54 ,9,3,１, ,ダ1400,稍,,(栗),安田隆行,1236,-1.1,,1,1,36.6,480,+2,
,"2020. 9.26",中京,2名6,1勝,１勝ｸﾗｽ,1,2,セルフィー,牝,3,岩田望来,52☆,18,16,１, ,芝1400,良,,(美),藤沢和雄,1205,-0.2,,6,5,34.5,456,+2,B
,"2020. 9.26",中京,2名6,1勝,１勝ｸﾗｽ,3,4,サンライズラポール,牡,3,斎藤新,54☆,14,2,１, ,ダ1400,稍,*,(栗),平田修,1237,-0.5,,3,3,37.2,496,-4,B
,"2020. 9.26",中京,2名6,1勝,１勝ｸﾗｽ,7,12,ダノングリスター,セ,4,岩田望来,56☆,15,8,１, ,ダ1800,稍,,(栗),寺島良,1539,-0.0,1,3,4,37.6,490,-8,B
,"2020. 9.26",中京,2名6,新馬,新馬,7,8,ピクシーナイト,牡,2,福永祐一, 54 ,11,1,１, ,芝1400,良,,(栗),音無秀孝,1234,-0.1,,5,5,34.6,528,,
,"2020. 9.26",中京,2名6,新馬,新馬,5,8,タガノネクステージ,牡,2,和田竜二, 54 ,15,8,１, ,ダ1400,重,,(栗),鈴木孝志,1256,-0.5,,1,1,37.5,482,,
,"2020. 9.26",中京,2名6,未勝利,未勝利*,7,9,トーセンインパルス,牡,2,ルメール, 54 ,12,1,１, ,芝2000,稍,,(栗),角居勝彦,2015,-0.3,3,3,2,35.6,474,0,
,"2020. 9.26",中京,2名6,未勝利,未勝利・牝*,5,5,ヴァーチャリティ,牝,2,ルメール, 54 ,11,2,１, ,芝1600,稍,,(栗),庄野靖志,1340,-0.4,5,2,2,35.1,458,-8,
,"2020. 9.26",中京,2名6,未勝利,未勝利*,3,3,エリオット,牡,2,福永祐一, 54 ,10,1,１, ,ダ1200,重,,(栗),宮本博,1125,-0.7,,1,1,37.5,520,-4,
,"2020. 9.21",中京,2名5,1勝,１勝ｸﾗｽ,1,1,シャドウブロッサム,牝,3,松山弘平, 53 ,18,3,１, ,芝1200,良,,(栗),藤岡健一,1087,-0.3,,4,4,33.9,450,+2,
,"2020. 9.21",中京,2名5,3勝,JRAアニ･3勝,2,3,ダイアナブライト,牝,4,吉田隼人, 55 ,16,6,１, ,ダ1800,良,,(栗),石坂正,1513,-0.0,9,10,8,37.4,448,-4,
,"2020. 9.21",中京,2名5,2勝,ブエナ･2勝,8,13,クリスティ,牝,3,松若風馬, 53 ,14,2,１, ,芝1600,良,,(栗),杉山晴紀,1333,-0.1,6,4,4,34.6,482,0,
,"2020. 9.21",中京,2名5,1勝,金山特別･1勝,1,1,ディアマンミノル,牡,3,松山弘平, 54 ,11,3,１, ,芝2200,良,,(栗),本田優,2133,-0.2,3,4,4,34.2,460,+4,
,"2020. 9.21",中京,2名5,1勝,１勝ｸﾗｽ,2,4,ゲンパチマイティー,牡,3,福永祐一, 55 ,16,1,１, ,ダ1400,良,,(栗),牧浦充徳,1244,-0.2,,2,2,37.4,510,+8,
,"2020. 9.21",中京,2名5,1勝,１勝ｸﾗｽ,4,4,ザプラウドワンズ,セ,4,太宰啓介, 57 ,13,9,１, ,ダ1800,良,,(栗),奥村豊,1530,-0.4,10,9,8,37.8,486,-6,
,"2020. 9.21",中京,2名5,1勝,１勝ｸﾗｽ・牝,2,3,タガノハイライト,牝,3,川須栄彦, 53 ,16,1,１, ,ダ1200,良,,(栗),斉藤崇史,1113,-0.5,,1,1,36.5,524,0,
,"2020. 9.21",中京,2名5,新馬,新馬,8,13,ナムラメーテル,牝,2,和田竜二, 54 ,13,5,１, ,芝1600,良,,(栗),鈴木孝志,1344,-0.5,2,2,2,35.3,426,,
,"2020. 9.21",中京,2名5,新馬,新馬,1,1,クインズメリッサ,牝,2,川又賢治, 54 ,9,4,１, ,ダ1200,良,*,(栗),宮本博,1122,-1.3,,1,1,36.5,456,,
,"2020. 9.21",中京,2名5,未勝利,未勝利*,4,4,マカオンドール,牡,2,松山弘平, 54 ,12,4,１, ,芝2000,良,,(栗),今野貞一,2012,-0.1,7,6,6,35.0,482,+8,
,"2020. 9.21",中京,2名5,未勝利,未勝利*,7,8,プルモナリア,牝,2,藤岡佑介, 54 ,11,4,１, ,ダ1800,良,,(栗),中竹和也,1544,-0.4,10,10,7,38.0,458,-10,
,"2020. 9.21",中京,2名5,未勝利,未勝利*,6,6,ポールスター,牡,2,武豊, 54 ,11,2,１, ,ダ1400,良,,(栗),安田隆行,1255,-0.0,,2,2,38.3,508,-4,
,"2020. 9.20",中京,2名4,2勝,２勝ｸﾗｽ,4,6,ペオース,牡,3,松山弘平, 54 ,15,1,１, ,ダ1800,良,,(栗),大久保龍,1513,-0.9,1,1,1,37.7,474,+14,
,"2020. 9.20",中京,2名4,Ｇ２,ローズＳG2,1,1,リアアメリア,牝,3,川田将雅, 54 ,18,3,１, ,芝2000,良,*,(栗),中内田充,1599,-0.3,2,2,2,34.4,488,+14,
,"2020. 9.20",中京,2名4,3勝,納屋橋Ｓ･3勝,3,3,シュリ,牡,4,川田将雅, 57 ,14,1,１, ,芝1600,良,,(栗),池江泰寿,1328,-0.3,4,3,4,34.7,512,+6,
,"2020. 9.20",中京,2名4,2勝,小牧特別･2勝,1,1,アリストテレス,牡,3,Ｍ．デム, 54 ,9,2,１, ,芝2200,良,,(栗),音無秀孝,2119,-0.1,3,1,1,34.6,466,0,
,"2020. 9.20",中京,2名4,1勝,１勝ｸﾗｽ,6,10,キングレイスター,牡,6,小牧太, 57 ,14,12,１, ,ダ1900,良,,(栗),大橋勇樹,1598,-0.0,10,11,10,37.6,496,+2,
,"2020. 9.20",中京,2名4,1勝,１勝ｸﾗｽ,1,1,ロードシャムロック,牡,3,川田将雅, 55 ,16,3,１, ,芝1600,良,,(栗),中内田充,1335,-0.1,4,3,2,34.8,494,-4,
,"2020. 9.20",中京,2名4,1勝,１勝ｸﾗｽ,5,9,テイエムイダテン,牡,3,鮫島克駿, 55 ,15,2,１, ,ダ1200,良,,(栗),飯田雄三,1116,-0.0,,2,2,36.7,476,+6,
,"2020. 9.20",中京,2名4,新馬,新馬,5,6,ジュンブルースカイ,牡,2,福永祐一, 54 ,13,1,１, ,芝2000,良,,(栗),友道康夫,2026,-0.1,4,3,4,34.1,440,,
,"2020. 9.20",中京,2名4,1勝,１勝ｸﾗｽ・牝,2,4,リネンファッション,牝,3,秋山真一, 52 ,16,1,１, ,ダ1800,良,,(栗),坂口智康,1522,-0.8,1,1,1,36.2,446,+8,
,"2020. 9.20",中京,2名4,未勝利,未勝利*,8,10,ココクラッシュ,牝,2,川田将雅, 54 ,11,3,１, ,芝1200,良,,(栗),梅田智之,1100,-0.2,,2,2,35.0,422,+6,
,"2020. 9.20",中京,2名4,未勝利,未勝利*,7,11,ブラックアーメット,牡,2,武豊, 54 ,13,2,１, ,ダ1200,良,,(栗),角田晃一,1130,-0.3,,12,10,36.3,494,+14,
,"2020. 9.20",中京,2名4,未勝利,障害未勝利,3,3,ルンルンキャット,牝,4,植野貴也, 58 ,9,6,１, ,芝3000,良,,(栗),高柳大輔,3201,-0.3,3,3,3,13.3,460,+10,
,"2020. 9.19",中京,2名3,1勝,１勝ｸﾗｽ,5,10,ケイアイワイプ,牡,3,福永祐一, 55 ,16,4,１, ,ダ1400,良,,(栗),西村真幸,1248,-0.2,,2,2,37.5,480,+4,
,"2020. 9.19",中京,2名3,ｵｰﾌﾟﾝ,ケフェウＨ,7,13,トリコロールブルー,牡,6,武豊, 56 ,16,4,１, ,芝2000,良,*,(栗),友道康夫,1587,-0.1,9,10,10,35.4,494,-6,
,"2020. 9.19",中京,2名3,2勝,大府特別･2勝,4,8,アールロッソ,牝,4,川須栄彦, 55 ,16,8,１, ,ダ1200,良,,(栗),松下武士,1118,-0.0,,11,8,36.4,492,+2,
,"2020. 9.19",中京,2名3,ｵｰﾌﾟﾝ,野路菊Ｓ,1,1,ホウオウアマゾン,牡,2,松山弘平, 54 ,5,4,１, ,芝1600,良,,(栗),矢作芳人,1354,-0.3,1,1,1,34.1,486,-4,
,"2020. 9.19",中京,2名3,ＪＧ３,阪神ジャJG3,5,6,タガノエスプレッソ,牡,8,平沢健治, 60 ,13,4,１, ,芝3300,良,,(栗),五十嵐忠,3333,-1.3,2,1,1,12.9,460,-6,
,"2020. 9.19",中京,2名3,1勝,１勝ｸﾗｽ,8,13,キャノンバローズ,セ,4,浜中俊, 57 ,13,1,１, ,ダ1800,良,,(栗),斉藤崇史,1529,-0.2,1,1,1,40.5,448,0,B
,"2020. 9.19",中京,2名3,1勝,１勝ｸﾗｽ・牝,4,7,サウンドレベッカ,牝,3,松山弘平, 52 ,15,2,１, ,芝2000,良,,(栗),安達昭夫,2007,-0.2,2,2,2,34.1,454,-2,
,"2020. 9.19",中京,2名3,新馬,新馬,7,10,ヒトヨギリ,牝,2,福永祐一, 54 ,12,1,１, ,芝1200,良,,(栗),橋田満,1099,-0.3,,2,2,34.3,446,,
,"2020. 9.19",中京,2名3,新馬,新馬,3,3,タイセイアゲイン,牡,2,福永祐一, 54 ,10,3,１, ,ダ1800,良,,(栗),松下武士,1574,-1.3,3,4,3,36.6,462,,
,"2020. 9.19",中京,2名3,未勝利,未勝利*,5,5,レッドベルオーブ,牡,2,福永祐一, 54 ,10,1,１, ,芝1600,良,,(栗),藤原英昭,1331,-0.6,2,2,1,35.9,470,-8,
,"2020. 9.19",中京,2名3,未勝利,未勝利*,5,5,タガノチュール,牡,2,太宰啓介, 54 ,11,4,１, ,ダ1800,良,,(栗),西園正都,1567,-0.4,2,2,2,39.9,454,+2,
,"2020. 9.19",中京,2名3,未勝利,未勝利・牝*,8,16,ゼンノアンジュ,牝,2,岩田康誠, 54 ,16,2,１, ,ダ1400,良,,(栗),浅見秀一,1252,-0.7,,2,2,38.2,500,+8,
,"2020. 9.13",中京,2名2,2勝,２勝ｸﾗｽ,8,15,イメル,牡,4,松山弘平, 57 ,16,1,１, ,ダ1400,稍,,(栗),音無秀孝,1234,-0.2,,3,3,36.6,476,-6,
,"2020. 9.13",中京,2名2,Ｇ２,セントウG2,8,16,ダノンスマッシュ,牡,5,三浦皇成, 57 ,17,1,１, ,芝1200,良,,(栗),安田隆行,1079,-0.2,,4,4,34.1,470,-6,
,"2020. 9.13",中京,2名2,3勝,ムーンＨ･3勝,8,17,アドマイヤビルゴ,牡,3,武豊, 54 ,18,1,１, ,芝2200,良,,(栗),友道康夫,2157,-0.2,5,5,5,34.1,434,+4,
,"2020. 9.13",中京,2名2,2勝,知多特別･2勝,3,3,ハッシュゴーゴー,牝,4,浜中俊, 55 ,10,4,１, ,芝1400,良,,(栗),荒川義之,1208,-0.0,,6,5,34.0,456,+2,
,"2020. 9.13",中京,2名2,1勝,１勝ｸﾗｽ,5,5,ハギノリュクス,牝,3,川田将雅, 52 ,9,1,１, ,ダ1800,稍,,(栗),松田国英,1519,-0.9,1,1,1,37.5,442,-20,
,"2020. 9.13",中京,2名2,1勝,１勝ｸﾗｽ,8,9,リノキアナ,牝,3,幸英明, 52 ,10,2,１, ,芝2000,良,,(栗),谷潔,2026,-0.1,3,3,3,34.6,424,-18,
,"2020. 9.13",中京,2名2,1勝,１勝ｸﾗｽ・牝,5,6,シホノレジーナ,牝,3,浜中俊, 53 ,13,1,１, ,ダ1400,稍,,(栗),寺島良,1237,-0.6,,2,1,37.1,494,0,
,"2020. 9.13",中京,2名2,新馬,新馬,6,7,テリオスルイ,牡,2,菱田裕二, 54 ,12,8,１, ,芝2000,良,,(栗),松下武士,2036,-0.5,9,8,2,35.7,458,,
,"2020. 9.13",中京,2名2,新馬,新馬,4,4,ケイサンフリーゼ,牝,2,松若風馬, 54 ,12,2,１, ,ダ1400,稍,,(栗),杉山晴紀,1261,-0.3,,2,2,37.8,478,,
,"2020. 9.13",中京,2名2,未勝利,未勝利*,6,6,シャドウエリス,牝,2,北村友一, 54 ,10,2,１, ,芝1600,良,,(栗),友道康夫,1362,-0.2,9,8,6,35.0,442,-8,
,"2020. 9.13",中京,2名2,未勝利,未勝利*,6,6,レイニーデイ,牡,2,岩田望来,53☆,10,3,１, ,ダ1800,稍,,(美),矢野英一,1544,-0.9,1,1,1,37.8,512,0,
,"2020. 9.13",中京,2名2,未勝利,障害未勝利,8,10,ディオーネプリンス,牡,4,熊沢重文, 60 ,10,4,１, ,芝3000,良,,(栗),森田直行,3215,-0.2,4,3,3,13.4,474,+12,
,"2020. 9.12",中京,2名1,1勝,１勝ｸﾗｽ,5,6,オーマイダーリン,牝,3,川田将雅, 53 ,13,1,１, ,芝1600,良,,(栗),河内洋,1346,-0.0,11,12,13,33.7,460,-4,
,"2020. 9.12",中京,2名1,OP(L),エニフＳ(L),2,2,ジャスパープリンス,牡,5,松山弘平, 56 ,14,6,１, ,ダ1400,稍,,(栗),森秀行,1220,-0.3,,1,1,36.4,484,-10,
,"2020. 9.12",中京,2名1,2勝,日進特別･2勝,4,7,ハギノアレグリアス,牡,3,川田将雅, 54 ,16,1,１, ,ダ1800,稍,,(栗),松田国英,1511,-0.4,7,5,5,36.0,470,-6,
,"2020. 9.12",中京,2名1,1勝,１勝ｸﾗｽ,5,8,ダノンボヌール,牝,3,中井裕二, 53 ,15,2,１, ,ダ1200,稍,,(栗),村山明,1111,-0.4,,2,2,36.8,480,-8,
,"2020. 9.12",中京,2名1,2勝,木曽川Ｈ･2勝,4,4,ベレヌス,牡,3,西村淳也, 53 ,7,4,１, ,芝2000,良,,(栗),杉山晴紀,2010,-0.1,1,1,1,34.5,510,-10,
,"2020. 9.12",中京,2名1,1勝,１勝ｸﾗｽ,6,6,マリオマッハー,牡,3,幸英明, 54 ,10,5,１, ,ダ1900,稍,,(栗),安達昭夫,1587,-0.7,7,6,5,38.0,444,+2,
,"2020. 9.12",中京,2名1,1勝,１勝ｸﾗｽ,4,6,ハリーバローズ,牡,3,川田将雅, 55 ,15,1,１, ,ダ1400,稍,,(栗),中内田充,1238,-0.6,,1,1,37.6,488,+2,
,"2020. 9.12",中京,2名1,新馬,新馬,4,4,ポールネイロン,牝,2,藤岡佑介, 54 ,12,4,１, ,芝1400,良,,(栗),矢作芳人,1215,-1.3,,1,1,35.0,440,,
,"2020. 9.12",中京,2名1,新馬,新馬・牝,6,12,サトノルーチェ,牝,2,幸英明, 54 ,16,6,１, ,芝1600,稍,,(栗),吉村圭司,1355,-0.3,7,7,7,34.2,418,,
,"2020. 9.12",中京,2名1,未勝利,未勝利*,2,2,ワールドリバイバル,牡,2,藤岡康太, 54 ,9,1,１, ,芝2000,稍,,(栗),牧田和弥,2026,-0.1,2,2,2,35.2,492,-6,
,"2020. 9.12",中京,2名1,未勝利,未勝利*,2,2,カレンロマチェンコ,牡,2,松山弘平, 54 ,15,1,１, ,ダ1400,重,,(栗),高柳大輔,1247,-0.6,,1,1,37.9,452,-4,
,"2020. 9.12",中京,2名1,未勝利,未勝利・牝*,7,10,グランデフィオーレ,牝,2,松山弘平, 54 ,13,5,１, ,芝1400,稍,,(栗),藤岡健一,1218,-0.2,,5,8,35.4,462,+14,
,"2020. 3.29",中京,1名8,2勝,鈴鹿特別･2勝,5,10,ニューモニュメント,牡,4,三浦皇成, 57 ,16,4,１, ,ダ1400,不,,(栗),小崎憲,1219,-0.1,,13,11,35.2,486,-2,
,"2020. 3.29",中京,1名8,Ｇ１,高松宮記G1,8,16,モズスーパーフレア,牝,5,松若風馬, 55 ,18,9,２, ,芝1200,重,,(栗),音無秀孝,1087,0.0,,1,1,34.5,494,0,
,"2020. 3.29",中京,1名8,3勝,名古屋Ｈ･3勝,5,9,オーヴェルニュ,牡,4,松山弘平, 55 ,16,3,１, ,ダ1800,不,,(栗),西村真幸,1489,-0.2,3,3,3,35.9,466,0,
,"2020. 3.29",中京,1名8,1勝,大寒桜賞･1勝,6,6,メイショウボサツ,牡,3,幸英明, 56 ,10,7,１, ,芝2200,重,,(栗),西浦勝一,2175,-0.1,7,7,4,35.4,462,-2,
,"2020. 3.29",中京,1名8,1勝,１勝ｸﾗｽ,4,6,トロイメント,牝,4,池添謙一, 55 ,14,7,１, ,芝1600,重,,(栗),西浦勝一,1367,-0.2,8,8,3,35.6,452,-10,
,"2020. 3.29",中京,1名8,1勝,１勝ｸﾗｽ,4,7,カーサデルシエロ,牝,5,福永祐一, 55 ,18,2,１, ,芝1200,重,,(栗),藤原英昭,1094,-0.1,,12,12,33.9,438,+2,
,"2020. 3.29",中京,1名8,1勝,１勝ｸﾗｽ・牝,5,5,サルサレイア,牝,4,丸山元気, 55 ,11,1,１, ,ダ1800,不,,(栗),羽月友彦,1507,-0.1,7,6,5,36.7,482,-2,
,"2020. 3.29",中京,1名8,1勝,１勝ｸﾗｽ,5,10,ボナヴィーゴ,牡,5,北村友一, 57 ,16,3,１, ,ダ1200,不,,(栗),吉岡辰弥,1105,-0.5,,2,2,36.4,506,+14,
,"2020. 3.29",中京,1名8,未勝利,未勝利,8,16,メラーキ,牡,3,岩田康誠, 56 ,17,6,１, ,芝2200,不,,(栗),友道康夫,2186,-0.0,7,4,6,36.2,462,-8,
,"2020. 3.29",中京,1名8,未勝利,未勝利,2,3,ソルトキャピタル,牡,3,武豊, 56 ,18,2,１, ,芝1400,不,,(栗),武英智,1237,-0.1,,12,12,35.4,508,0,
,"2020. 3.29",中京,1名8,未勝利,未勝利,6,7,キースローガン,牡,3,松山弘平, 56 ,11,7,１, ,ダ1800,不,,(栗),川村禎彦,1530,-0.3,1,1,1,36.9,468,0,
,"2020. 3.29",中京,1名8,未勝利,未勝利,8,15,トレーンベアラー,牝,3,北村友一, 54 ,16,1,１, ,ダ1400,不,*,(栗),石坂正,1247,-0.8,,6,7,37.0,434,-6,
,"2020. 3.28",中京,1名7,2勝,岡崎特別･2勝,3,3,スイーズドリームス,牡,6,吉田隼人, 57 ,11,2,１, ,芝1400,稍,,(栗),須貝尚介,1208,-0.1,,6,6,33.9,510,+2,
,"2020. 3.28",中京,1名7,ｵｰﾌﾟﾝ,名鉄杯,1,1,ダイメイフジ,牡,6,菱田裕二, 58 ,14,10,１, ,ダ1400,稍,,(栗),森田直行,1231,-0.5,,1,1,35.5,528,-2,
,"2020. 3.28",中京,1名7,2勝,熊野特別･2勝,2,2,ニューポート,牡,4,吉田隼人, 56 ,12,1,１, ,芝2200,稍,,(栗),石坂正,2156,-0.0,3,4,4,33.9,446,-6,
,"2020. 3.28",中京,1名7,1勝,１勝ｸﾗｽ,7,7,リーガルマインド,牡,4,川田将雅, 57 ,10,2,１, ,ダ1800,稍,,(栗),河内洋,1542,-0.7,1,1,1,36.7,460,+6,
,"2020. 3.28",中京,1名7,1勝,１勝ｸﾗｽ,7,10,シーリアスラブ,牡,4,団野大成,55△,13,5,１, ,芝2000,稍,,(栗),音無秀孝,2025,-0.1,7,6,5,34.5,468,+2,
,"2020. 3.28",中京,1名7,1勝,１勝ｸﾗｽ,2,2,スマッシングハーツ,牡,4,Ｍ．デム, 57 ,14,2,１, ,ダ1400,稍,,(栗),新谷功一,1248,-0.3,,9,9,35.9,502,-25,
,"2020. 3.28",中京,1名7,未勝利,未勝利・若,8,13,ウェイトゥザトップ,牡,3,斎藤新,55☆,13,3,１, ,ダ1900,稍,,(栗),石坂正,2016,-0.0,2,2,1,38.3,482,-6,
,"2020. 3.28",中京,1名7,ｵｰﾌﾟﾝ,障害・オープ,4,5,ノワールギャルソン,牡,8,江田勇亮, 64 ,14,8,１, ,芝3330,稍,,(美),田村康仁,3382,-1.1,3,3,3,13.1,448,+2,
,"2020. 3.28",中京,1名7,未勝利,障害未勝利,3,3,メイショウジザイ,牡,4,山本康志, 59 ,14,1,１, ,芝3000,稍,,(美),和田勇介,3182,-0.0,3,3,3,13.2,518,+2,
,"2020. 3.28",中京,1名7,未勝利,未勝利,4,8,ワルツフォーデビー,牡,3,西村淳也,55☆,16,1,１, ,ダ1200,稍,,(栗),森秀行,1129,-0.2,,1,1,37.9,440,0,
,"2020. 3.28",中京,1名7,未勝利,未勝利,6,11,ヴィディア,牝,3,川田将雅, 54 ,16,1,１, ,芝1600,稍,,(美),大竹正博,1342,-0.1,5,4,4,34.5,456,+2,
,"2020. 3.28",中京,1名7,未勝利,未勝利・牝,8,16,エバンタイユドール,牝,3,山田敬士,51▲,16,5,１, ,ダ1800,稍,,(美),大江原哲,1555,-0.5,15,7,7,38.2,498,-2,
,"2020. 3.15",中京,1名6,2勝,賢島特Ｈ･2勝,4,4,シュリ,牡,4,川田将雅, 55 ,11,1,１, ,芝1600,良,,(栗),池江泰寿,1339,-0.2,3,3,4,34.3,504,+4,
,"2020. 3.15",中京,1名6,Ｇ２,金鯱賞G2,5,6,サートゥルナーリア,牡,4,ルメール, 58 ,12,1,１, ,芝2000,良,,(栗),角居勝彦,2016,-0.3,5,5,5,33.2,502,-2,
,"2020. 3.15",中京,1名6,1勝,沈丁花賞･1勝,2,2,マカオンブラン,牡,3,松若風馬, 56 ,12,9,１, ,ダ1800,良,,(栗),今野貞一,1540,-0.1,1,1,1,37.9,490,-14,
,"2020. 3.15",中京,1名6,1勝,１勝ｸﾗｽ,8,15,スキップ,牡,4,松若風馬, 57 ,16,14,１, ,芝1400,良,,(栗),加用正,1215,-0.0,,2,2,34.8,466,+4,
,"2020. 3.15",中京,1名6,1勝,１勝ｸﾗｽ,7,9,ワイズワン,牡,5,亀田温心,54▲,11,3,１, ,ダ1900,稍,,(栗),橋口慎介,2006,-0.3,4,2,2,38.8,512,+6,B
,"2020. 3.15",中京,1名6,1勝,１勝ｸﾗｽ,7,7,コパノケネディー,牡,4,亀田温心,53▲,10,2,１, ,芝2200,稍,,(栗),宮徹,2146,-0.1,1,1,1,35.7,544,-10,
,"2020. 3.15",中京,1名6,1勝,１勝ｸﾗｽ・牝,7,13,トゥインクルリーフ,牝,4,ルメール, 55 ,15,2,１, ,ダ1400,稍,,(栗),吉岡辰弥,1243,-0.5,,8,7,37.1,440,0,
,"2020. 3.15",中京,1名6,未勝利,未勝利,6,8,アドマイヤベネラ,牡,3,川田将雅, 56 ,12,1,１, ,芝2000,稍,,(栗),友道康夫,2037,-0.1,4,4,4,35.6,486,-14,
,"2020. 3.15",中京,1名6,未勝利,未勝利,5,9,ノルカソルカ,牡,3,ルメール, 56 ,16,2,１, ,芝1600,稍,,(栗),藤岡健一,1343,-0.6,1,1,1,35.8,482,-2,
,"2020. 3.15",中京,1名6,未勝利,未勝利,1,1,アーマーバローズ,牡,3,ルメール, 56 ,12,1,１, ,ダ1200,稍,,(栗),上村洋行,1124,-0.5,,4,4,36.9,474,-6,
,"2020. 3.15",中京,1名6,未勝利,未勝利,3,5,タイタンブレイン,牡,3,内田博幸, 56 ,16,1,１, ,ダ1800,稍,,(美),奥平雅士,1552,-0.2,7,5,6,38.8,520,0,
,"2020. 3.15",中京,1名6,未勝利,未勝利・牝,7,11,ココラ,牝,3,ルメール, 54 ,13,1,１, ,ダ1400,稍,,(美),大和田成,1259,-0.3,,3,3,38.0,452,0,
,"2020. 3.14",中京,1名5,2勝,瀬戸特別･2勝,2,3,トップウイナー,牡,4,藤岡康太, 57 ,16,1,１, ,ダ1800,稍,,(栗),鈴木孝志,1522,-0.0,2,2,2,36.8,480,0,B
,"2020. 3.14",中京,1名5,Ｇ３,ファルコG3,3,6,シャインガーネット,牝,3,田辺裕信, 54 ,18,6,１, ,芝1400,重,,(美),栗田徹,1213,-0.2,,7,5,34.7,460,0,
,"2020. 3.14",中京,1名5,1勝,熱田特別･1勝,2,2,ザプリオレス,牡,4,福永祐一, 57 ,10,3,１, ,芝2000,重,,(栗),大橋勇樹,2046,-0.1,1,1,1,34.9,506,+6,
,"2020. 3.14",中京,1名5,1勝,１勝ｸﾗｽ,7,10,コンボルブルス,牡,4,泉谷楓真,54▲,13,7,１, ,ダ1800,稍,,(栗),本田優,1529,-0.2,10,10,9,37.7,426,-5,
,"2020. 3.14",中京,1名5,1勝,１勝ｸﾗｽ・牝,7,14,シャドウアイランド,牝,5,丸山元気, 55 ,16,5,１, ,芝1600,重,,(美),林徹,1363,-0.1,13,11,10,34.2,456,-8,
,"2020. 3.14",中京,1名5,1勝,１勝ｸﾗｽ,5,8,クリノビッグサージ,牝,4,泉谷楓真,52▲,14,5,１, ,ダ1200,稍,,(栗),南井克巳,1112,-0.1,,1,1,36.2,494,+2,
,"2020. 3.14",中京,1名5,未勝利,未勝利・牝,1,2,ジャルジェ,牝,3,岩田望来,53☆,16,1,１, ,芝2000,重,,(栗),千田輝彦,2046,-0.4,8,8,7,35.7,464,-10,
,"2020. 3.14",中京,1名5,未勝利,未勝利,5,9,タイキラッシュ,牡,3,丸山元気, 56 ,16,1,１, ,ダ1400,稍,,(美),高木登,1240,-0.9,,1,1,37.3,508,0,
,"2020. 3.14",中京,1名5,未勝利,未勝利,3,5,ビップウインク,牝,3,福永祐一, 54 ,18,4,１, ,芝1200,稍,,(栗),清水久詞,1107,-0.2,,3,3,34.5,490,+4,
,"2020. 3.14",中京,1名5,未勝利,未勝利,7,13,ナムラゴロフキン,牡,3,柴山雄一, 56 ,16,16,１, ,ダ1900,稍,,(栗),大橋勇樹,2016,-0.1,5,4,5,39.1,484,-8,
,"2020. 3.14",中京,1名5,未勝利,未勝利,1,1,ネイチャーカレン,牡,3,丸山元気, 56 ,16,1,１, ,ダ1200,稍,,(美),根本康広,1124,-0.2,,2,2,37.1,450,+2,
,"2020. 3.14",中京,1名5,未勝利,未勝利・牝,8,11,シゲルモクセイ,牝,3,菱田裕二, 54 ,12,2,１, ,ダ1800,稍,,(栗),谷潔,1553,-1.0,10,1,1,37.7,452,+4,
,"2020. 3. 8",中京,1名4,2勝,伊良湖特･2勝,6,12,ロイヤルパールス,牡,5,荻野極, 57 ,16,2,１, ,ダ1200,不,*,(栗),湯窪幸雄,1109,-0.1,,3,2,35.5,532,0,B
,"2020. 3. 8",中京,1名4,3勝,トリトン･3勝,6,9,ペプチドバンブー,牡,5,菱田裕二, 57 ,13,8,１, ,芝1600,不,,(栗),武英智,1386,-0.2,11,10,11,35.7,512,+2,B
,"2020. 3. 8",中京,1名4,ｵｰﾌﾟﾝ,昇竜Ｓ,7,7,テイエムサウスダン,牡,3,Ｍ．デム, 57 ,10,1,１, ,ダ1400,不,,(栗),飯田雄三,1238,-0.1,,2,2,37.2,524,+8,
,"2020. 3. 8",中京,1名4,1勝,１勝ｸﾗｽ,2,3,キルロード,セ,5,横山武史, 57 ,18,2,１, ,芝1200,不,,(美),田村康仁,1121,-0.3,,1,1,36.9,498,+4,B
,"2020. 3. 8",中京,1名4,1勝,１勝ｸﾗｽ,5,5,レッドフィオナ,牝,5,鮫島克駿, 55 ,7,2,１, ,芝2000,不,,(栗),橋口慎介,2094,-0.0,1,1,1,38.8,458,+2,
,"2020. 3. 8",中京,1名4,1勝,１勝ｸﾗｽ,7,9,ウォータービルド,牡,6,菱田裕二, 57 ,11,6,１, ,ダ1800,不,,(栗),岡田稲男,1521,-0.1,2,2,2,36.7,498,+16,
,"2020. 3. 8",中京,1名4,1勝,１勝ｸﾗｽ・牝,6,9,ヴィルデローゼ,牝,6,岩田望来,54☆,14,2,１, ,ダ1200,不,,(栗),石坂正,1113,-0.1,,2,2,36.0,474,-2,
,"2020. 3. 8",中京,1名4,未勝利,未勝利,6,11,コスモクウ,牡,3,黛弘人, 56 ,17,15,１, ,芝2200,不,,(美),上原博之,2217,-0.1,13,14,12,37.7,464,0,
,"2020. 3. 8",中京,1名4,未勝利,障害未勝利,6,9,シゲルコング,牡,6,草野太郎, 60 ,14,7,１, ,芝3000,不,,(美),田中清隆,3256,-0.0,7,5,4,13.7,508,-2,
,"2020. 3. 8",中京,1名4,未勝利,未勝利・若,3,3,タマノアドレ,牝,3,亀田温心,51▲,13,9,１, ,ダ1200,不,,(栗),西浦勝一,1119,-0.1,,1,1,36.9,396,-4,
,"2020. 3. 8",中京,1名4,未勝利,未勝利,8,18,ヴィルトゥオシタ,牝,3,岩田望来,53☆,18,1,１, ,芝1400,不,,(栗),池添学,1244,-0.2,,4,5,36.2,426,+6,
,"2020. 3. 8",中京,1名4,未勝利,未勝利,7,8,セイユメアカリ,牡,3,斎藤新,55☆,11,5,１, ,ダ1800,不,,(美),浅野洋一,1530,-0.2,5,3,2,37.5,446,0,
,"2020. 3. 7",中京,1名3,1勝,刈谷特別･1勝,8,16,ナスノシンフォニー,牝,5,吉田隼人, 55 ,16,1,１, ,芝1600,良,,(美),武井亮,1336,-0.2,12,10,10,35.0,474,+6,
,"2020. 3. 7",中京,1名3,2勝,中京スＨ･2勝,1,2,ワールドフォーラブ,牝,6,吉田隼人, 54 ,18,2,１, ,芝1200,良,,(栗),音無秀孝,1085,-0.0,,6,6,33.5,458,+8,
,"2020. 3. 7",中京,1名3,1勝,フローラ･1勝,6,8,ジュンライトボルト,牡,3,藤井勘一, 56 ,13,2,１, ,芝1600,良,,(栗),友道康夫,1345,-0.0,5,7,7,34.9,458,-2,
,"2020. 3. 7",中京,1名3,1勝,１勝ｸﾗｽ・牝,2,2,ハイエストクイーン,牝,5,川又賢治,54☆,10,6,１, ,ダ1800,良,,(栗),吉村圭司,1545,-0.0,6,6,6,38.2,492,+8,
,"2020. 3. 7",中京,1名3,1勝,１勝ｸﾗｽ,4,8,グレートバニヤン,牡,4,岩田望来,56☆,16,1,１, ,ダ1400,良,,(栗),牧田和弥,1245,-0.0,,1,1,38.5,544,+6,
,"2020. 3. 7",中京,1名3,未勝利,未勝利・若,8,11,ブラックヒューマー,牝,3,岩田望来,53☆,11,5,１, ,芝2000,良,,(栗),千田輝彦,2040,-0.0,1,1,1,34.8,468,-6,
,"2020. 3. 7",中京,1名3,未勝利,未勝利,5,7,ドスハーツ,牡,3,森一馬, 56 ,14,1,１, ,ダ1900,良,,(栗),松永昌博,2025,-0.0,8,12,9,38.0,470,-4,
,"2020. 3. 7",中京,1名3,ｵｰﾌﾟﾝ,障害・オープ,6,10,ルグランフリソン,牡,7,高田潤, 60 ,14,4,１, ,芝3300,良,,(栗),中竹和也,3356,-0.3,3,3,3,13.1,492,+4,
,"2020. 3. 7",中京,1名3,未勝利,障害未勝利,6,8,レンジストライク,牡,5,石神深一, 60 ,13,2,１, ,芝3000,良,,(美),武井亮,3184,-0.2,7,6,3,13.2,524,+2,
,"2020. 3. 7",中京,1名3,未勝利,未勝利・牝,3,4,アサカディオネ,牝,3,中井裕二, 54 ,15,1,１, ,ダ1200,良,,(栗),佐々木晶,1126,-0.8,,1,1,38.0,440,-8,
,"2020. 3. 7",中京,1名3,未勝利,未勝利,8,15,オーマイオーマイ,牡,3,西村淳也,55☆,16,5,１, ,ダ1400,良,,(栗),小崎憲,1260,-0.4,,5,5,38.8,470,+2,
,"2020. 3. 7",中京,1名3,未勝利,未勝利・牝,6,6,アルタグラシア,牝,3,西村淳也,53☆,11,1,１, ,ダ1800,良,,(栗),平田修,1547,-0.8,1,1,1,38.4,464,+10,
,"2020. 3. 1",中京,1名2,2勝,伊勢特Ｈ･2勝,3,6,アヴァンセ,牡,4,岩田望来, 55 ,16,6,１, ,ダ1900,良,,(栗),吉村圭司,1584,-0.1,5,5,4,38.0,472,-2,
,"2020. 3. 1",中京,1名2,3勝,豊明Ｓ･3勝,8,17,タイセイアベニール,牡,5,西村淳也, 57 ,18,1,１, ,芝1200,良,,(栗),西村真幸,1082,-0.1,,10,11,33.1,504,+12,
,"2020. 3. 1",中京,1名2,1勝,茶臼山高･1勝,3,3,ハンターバレー,牡,4,丸田恭介, 56 ,10,5,１, ,芝2200,良,,(美),宗像義忠,2148,-0.0,8,7,6,34.8,488,-8,
,"2020. 3. 1",中京,1名2,1勝,１勝ｸﾗｽ・牝,8,10,ヴィーナスフローラ,牝,6,藤岡康太, 55 ,11,2,１, ,ダ1400,稍,,(栗),須貝尚介,1243,-0.1,,6,6,37.0,484,0,B
,"2020. 3. 1",中京,1名2,1勝,１勝ｸﾗｽ・若,6,7,ヴィーヴァバッカス,牡,5,斎藤新,56☆,11,1,１, ,ダ1800,稍,*,(栗),作田誠二,1522,-1.0,7,4,3,37.4,474,0,
,"2020. 3. 1",中京,1名2,1勝,１勝ｸﾗｽ,5,5,トーセンスカイ,牡,4,岩田望来,54△,8,1,１, ,芝2000,良,,(栗),藤原英昭,2032,-0.0,4,4,3,34.1,494,-4,
,"2020. 3. 1",中京,1名2,未勝利,未勝利,2,2,エースレイジング,牡,3,西村淳也,55☆,10,1,１, ,ダ1800,稍,,(栗),小崎憲,1548,-0.3,1,1,1,37.9,446,+14,
,"2020. 3. 1",中京,1名2,未勝利,障害未勝利,7,11,ウインリベロ,牡,5,上野翔, 60 ,13,5,１, ,芝3000,良,,(美),水野貴広,3198,-0.2,3,3,2,13.3,428,+6,
,"2020. 3. 1",中京,1名2,未勝利,障害未勝利,2,2,エムアイグランツ,牡,4,金子光希, 59 ,14,2,１, ,芝3000,稍,,(美),青木孝文,3188,-0.2,4,3,2,13.3,516,+6,
,"2020. 3. 1",中京,1名2,未勝利,未勝利,1,1,プリモダルク,牝,3,岩田望来,52△,15,1,１, ,ダ1200,稍,,(栗),藤原英昭,1110,-1.8,,1,1,36.3,446,-4,
,"2020. 3. 1",中京,1名2,未勝利,未勝利,3,3,マイネルインパクト,牡,3,柴田大知, 56 ,13,1,１, ,芝2000,稍,,(美),高木登,2019,-0.0,8,7,6,35.2,484,+4,
,"2020. 3. 1",中京,1名2,未勝利,未勝利・牝,5,7,アドマイヤミランダ,牝,3,岩田望来,52△,13,1,１, ,ダ1800,稍,,(栗),梅田智之,1537,-1.0,3,2,2,38.8,470,-10,
,"2020. 2.29",中京,1名1,1勝,豊橋特別･1勝,8,17,コスモエスパーダ,牡,4,柴田大知, 57 ,18,14,１, ,芝1400,良,,(美),伊藤大士,1216,-0.1,,2,2,34.9,482,+10,
,"2020. 2.29",中京,1名1,2勝,中京スポ･2勝,3,3,サンレイポケット,牡,5,荻野極, 57 ,12,1,１, ,芝2000,良,,(栗),高橋義忠,1598,-0.0,10,10,10,34.5,476,0,
,"2020. 2.29",中京,1名1,1勝,はこべら･1勝,3,3,フォーテ,牡,3,岩田望来, 56 ,11,1,１, ,ダ1400,良,,(栗),藤原英昭,1246,-0.5,,1,1,37.6,488,-6,B
,"2020. 2.29",中京,1名1,1勝,１勝ｸﾗｽ,3,3,カラル,セ,6,団野大成,55△,11,1,１, ,ダ1900,良,,(栗),佐々木晶,2009,-1.1,3,2,2,36.5,488,-2,
,"2020. 2.29",中京,1名1,1勝,１勝ｸﾗｽ,8,13,ハードカウント,セ,5,岩田望来,55△,13,6,１, ,ダ1200,良,,(栗),小崎憲,1119,-0.3,,4,5,36.8,462,-4,
,"2020. 2.29",中京,1名1,1勝,１勝ｸﾗｽ・牝,1,1,コスタネラ,牝,5,秋山真一, 55 ,9,3,１, ,ダ1800,良,,(栗),大久保龍,1544,-0.3,3,4,5,35.8,452,+8,
,"2020. 2.29",中京,1名1,未勝利,未勝利,7,13,カフェサンドリヨン,牝,3,斎藤新,53☆,15,4,１, ,芝1600,良,,(美),古賀慎明,1348,-0.1,2,2,2,34.8,460,-12,
,"2020. 2.29",中京,1名1,未勝利,未勝利・若,5,7,ミスビアンカ,牝,3,荻野極, 54 ,13,1,１, ,ダ1400,良,,(栗),高橋義忠,1257,-0.0,,1,1,38.4,446,+2,
,"2020. 2.29",中京,1名1,未勝利,未勝利・牝,5,10,ソフトフルート,牝,3,岩田望来,52△,17,1,１, ,芝2000,良,,(栗),松田国英,2018,-0.3,4,4,5,35.1,468,+6,
,"2020. 2.29",中京,1名1,未勝利,未勝利,1,1,シネマトグラフ,牝,3,吉田隼人, 54 ,18,1,１, ,芝1200,良,,(美),奥村武,1089,-1.0,,1,1,35.0,450,-6,
,"2020. 2.29",中京,1名1,未勝利,未勝利,5,5,ワンダークンナパー,牡,3,長岡禎仁, 56 ,12,2,１, ,ダ1900,良,,(栗),杉山晴紀,2028,-0.2,6,6,5,37.5,504,-2,B
,"2020. 2.29",中京,1名1,未勝利,未勝利・牝,2,3,バーニングソウル,牝,3,太宰啓介, 54 ,16,4,１, ,ダ1400,良,,(栗),谷潔,1265,-0.2,,7,7,37.8,422,+4,
,2019.12.15,中京,4名6,2勝,尾張特別･2勝,8,11,タイセイモナーク,牡,3,吉田隼人, 55 ,11,2,１, ,芝2200,良,,(栗),西村真幸,2119,-0.0,9,8,8,35.0,484,+4,
,2019.12.15,中京,4名6,3勝,浜松ＳＨ･3勝,3,6,ナランフレグ,牡,3,丸田恭介, 54 ,17,3,１, ,芝1200,良,*,(美),宗像義忠,1082,-0.4,,11,13,32.6,476,+2,
,2019.12.15,中京,4名6,1勝,寒椿賞･1勝*,5,9,コパシーナ,セ,2,吉田隼人, 55 ,16,6,１, ,ダ1400,良,,(美),伊藤圭三,1250,-0.0,,2,2,37.0,486,+4,
,2019.12.15,中京,4名6,1勝,１勝ｸﾗｽ,3,5,ナンゴクアイネット,牝,4,中谷雄太, 55 ,18,10,１, ,芝1200,良,,(栗),鮫島一歩,1088,-0.0,,6,6,33.8,462,0,
,2019.12.15,中京,4名6,1勝,１勝ｸﾗｽ・牝,4,7,ウインラナキラ,牝,4,松若風馬, 55 ,18,9,１, ,芝2000,良,,(栗),宮徹,2008,-0.1,9,4,4,34.8,408,-2,
,2019.12.15,中京,4名6,1勝,１勝ｸﾗｽ・若,7,10,オウケンスターダム,牡,5,川又賢治,56☆,13,1,１, ,ダ1800,良,,(美),国枝栄,1539,-0.0,2,1,1,39.4,486,+6,
,2019.12.15,中京,4名6,未勝利,未勝利*,7,14,シーシーサザン,牝,2,藤田菜七,51▲,17,4,１, ,芝1400,良,,(美),武井亮,1222,-0.3,,8,8,34.5,440,-2,
,2019.12.15,中京,4名6,新馬,新馬,6,6,メイショウダジン,牡,2,団野大成,52▲,9,1,１, ,ダ1800,良,,(栗),松永昌博,1578,-0.3,6,8,7,37.1,482,,
,2019.12.15,中京,4名6,未勝利,障害未勝利,6,9,フライクーゲル,牡,3,小野寺祐, 58 ,14,3,１, ,芝3000,良,,(美),黒岩陽一,3217,-1.5,8,4,3,13.4,488,-6,
,2019.12.15,中京,4名6,1勝,１勝ｸﾗｽ,3,6,カーンテソーロ,牡,3,斎藤新,54△,16,3,１, ,ダ1200,良,,(美),竹内正洋,1121,-0.2,,6,6,36.4,482,+2,
,2019.12.15,中京,4名6,1勝,１勝ｸﾗｽ,6,9,タマモサンシーロ,牡,3,亀田温心,53▲,13,3,１, ,ダ1900,良,,(栗),大橋勇樹,2001,-0.1,1,1,1,38.4,516,0,
,2019.12.15,中京,4名6,未勝利,未勝利*,3,6,マカオンブラン,牡,2,松若風馬, 55 ,16,5,１, ,ダ1800,良,,(栗),今野貞一,1548,-0.0,2,2,2,39.3,494,+4,
,2019.12.14,中京,4名5,2勝,中京日経･2勝,3,6,アプルーヴァル,牡,4,藤岡康太, 57 ,17,3,１, ,芝1400,良,,(栗),今野貞一,1212,-0.0,,6,5,34.4,516,+12,
,2019.12.14,中京,4名5,3勝,三河Ｓ･3勝,8,16,タガノアム,牝,4,岡田祥嗣, 55 ,16,4,１, ,ダ1400,良,*,(栗),浅見秀一,1239,-0.2,,9,8,36.5,486,-2,
,2019.12.14,中京,4名5,1勝,豊川特別･1勝,4,8,セグレドスペリオル,牡,3,菊沢一樹, 56 ,16,7,１, ,芝1600,良,,(栗),宮本博,1345,-0.0,11,12,11,33.2,490,+18,
,2019.12.14,中京,4名5,1勝,１勝ｸﾗｽ,7,15,デュアライズ,牡,3,荻野極, 55 ,18,1,１, ,芝2200,良,,(美),中舘英二,2135,-0.1,17,14,11,33.9,448,+10,
,2019.12.14,中京,4名5,1勝,１勝ｸﾗｽ,1,2,シャイニーロック,牡,3,北村友一, 56 ,16,2,１, ,ダ1400,良,,(栗),佐々木晶,1245,-0.3,,1,1,38.1,506,+2,
,2019.12.14,中京,4名5,未勝利,未勝利・牝*,2,4,エピファレーヌ,牝,2,松田大作, 54 ,16,5,１, ,芝1600,良,,(栗),池江泰寿,1350,-0.0,3,4,3,34.1,500,-2,
,2019.12.14,中京,4名5,1勝,１勝ｸﾗｽ,4,5,ポルタメント,牡,3,北村友一, 56 ,13,3,１, ,ダ1800,良,,(美),中舘英二,1540,-0.0,1,1,1,38.3,466,0,
,2019.12.14,中京,4名5,ｵｰﾌﾟﾝ,障害・オープ,4,4,ボナパルト,牡,5,白浜雄造, 60 ,13,9,１, ,芝3300,良,,(栗),庄野靖志,3355,-0.2,1,1,1,13.1,510,+4,
,2019.12.14,中京,4名5,未勝利,障害未勝利,3,4,ネプチュナイト,牡,4,小坂忠士, 60 ,14,1,１, ,芝3000,良,,(栗),友道康夫,3172,-0.8,6,6,3,13.1,486,0,
,2019.12.14,中京,4名5,1勝,１勝ｸﾗｽ・若,2,3,スマートモリガン,牝,3,団野大成,51▲,16,8,１, ,ダ1200,良,,(栗),寺島良,1126,-0.0,,2,2,36.7,478,+8,
,2019.12.14,中京,4名5,1勝,１勝ｸﾗｽ・牝,2,2,ニシノアメイズ,牝,3,団野大成,51▲,13,2,１, ,ダ1800,良,,(美),松山将樹,1540,-0.2,6,6,6,37.6,500,-4,
,2019.12.14,中京,4名5,未勝利,未勝利*,1,1,ミツカネプリンス,牡,2,横山武史, 55 ,16,7,１, ,ダ1400,良,,(美),鈴木伸尋,1263,-0.1,,6,6,37.8,450,0,
,"2019.12. 8",中京,4名4,1勝,栄特別･1勝,8,16,サンレイポケット,牡,4,荻野極, 57 ,16,3,１, ,芝2000,良,,(栗),高橋義忠,2012,-0.1,13,10,10,33.8,476,+4,
,"2019.12. 8",中京,4名4,3勝,飛騨Ｓ･3勝,3,6,ワンアフター,牡,6,吉田隼人, 57 ,16,7,１, ,芝1400,良,,(栗),西村真幸,1201,-0.2,,10,10,33.5,476,-2,
,"2019.12. 8",中京,4名4,2勝,浜名湖特･2勝,2,2,バーンスター,牡,3,藤井勘一, 56 ,11,2,１, ,ダ1800,良,,(栗),谷潔,1533,-0.2,4,3,3,38.0,490,+10,
,"2019.12. 8",中京,4名4,1勝,１勝ｸﾗｽ,2,3,ブルスクーロ,牡,3,太宰啓介, 56 ,18,1,１, ,芝1400,良,,(栗),池添学,1209,-0.2,,1,1,35.1,514,+2,B
,"2019.12. 8",中京,4名4,1勝,１勝ｸﾗｽ,4,4,エイシンヨッシー,牡,3,小牧太, 56 ,11,3,１, ,ダ1800,良,,(栗),今野貞一,1534,-0.1,7,6,4,38.1,452,+14,
,"2019.12. 8",中京,4名4,未勝利,未勝利*,8,15,ウインドラブリーナ,牝,2,鮫島良太, 54 ,16,6,１, ,芝1600,良,,(栗),飯田雄三,1354,-0.1,7,5,5,35.0,416,-2,
,"2019.12. 8",中京,4名4,1勝,１勝ｸﾗｽ・牝,8,10,グラスミルキー,牝,3,団野大成,51▲,11,4,１, ,ダ1800,良,,(美),尾形和幸,1540,-0.8,1,1,1,37.6,498,+6,
,"2019.12. 8",中京,4名4,新馬,新馬,3,3,テンピン,牡,2,中井裕二, 55 ,10,5,１, ,芝2000,良,,(栗),安田隆行,2030,-0.2,2,2,2,35.4,502,,
,"2019.12. 8",中京,4名4,未勝利,障害未勝利,7,10,スリーコーズライン,牡,3,伊藤工真, 58 ,13,5,１, ,芝3000,良,,(美),柄崎孝,3175,-0.3,10,9,8,13.2,464,+8,
,"2019.12. 8",中京,4名4,1勝,１勝ｸﾗｽ・若,2,2,スズカカナロア,牡,3,横山武史, 56 ,15,2,１, ,ダ1200,良,,(栗),橋田満,1124,-0.2,,6,4,36.5,494,+14,
,"2019.12. 8",中京,4名4,1勝,１勝ｸﾗｽ,3,4,ウォークザライン,牡,3,太宰啓介, 56 ,15,6,１, ,ダ1400,良,,(栗),高橋亮,1253,-0.0,,13,8,37.2,484,0,
,"2019.12. 8",中京,4名4,未勝利,未勝利・牝*,1,1,ハイアーグレード,牝,2,松若風馬, 54 ,13,3,１, ,ダ1800,良,,(栗),今野貞一,1557,-0.2,7,5,5,38.9,450,-4,
,"2019.12. 7",中京,4名3,2勝,鳥羽特別･2勝,1,2,マルカテノール,牡,5,秋山真一, 57 ,18,13,１, ,芝1200,良,,(栗),浜田多実,1095,-0.0,,3,3,33.5,486,+4,
,"2019.12. 7",中京,4名3,Ｇ３,中日新聞ＨG3,2,4,サトノガーネット,牝,4,坂井瑠星, 53 ,16,8,１, ,芝2000,良,,(栗),矢作芳人,1592,-0.0,14,13,14,33.3,440,-2,
,"2019.12. 7",中京,4名3,1勝,つわぶき･1勝,6,10,ペコリーノロマーノ,牝,2,吉田隼人, 54 ,14,5,１, ,芝1400,良,,(美),久保田貴,1218,-0.1,,4,4,34.5,436,0,
,"2019.12. 7",中京,4名3,1勝,１勝ｸﾗｽ,4,4,ゴールデンライオン,牡,3,吉田隼人, 56 ,12,3,１, ,ダ1800,良,,(栗),川村禎彦,1538,-0.1,2,2,2,38.1,492,+8,
,"2019.12. 7",中京,4名3,1勝,１勝ｸﾗｽ,3,6,スーパーブレイク,牡,5,吉田隼人, 57 ,16,10,１, ,芝1600,良,,(美),戸田博文,1337,-0.0,15,13,13,34.1,470,+4,
,"2019.12. 7",中京,4名3,未勝利,未勝利*,5,8,メイショウボサツ,牡,2,藤岡康太, 55 ,14,4,１, ,芝2000,良,,(栗),西浦勝一,2017,-0.1,11,8,8,34.0,454,+4,
,"2019.12. 7",中京,4名3,1勝,１勝ｸﾗｽ,6,6,ストロングライン,牡,3,スミヨン, 56 ,10,1,１, ,ダ1900,良,,(栗),西村真幸,2000,-0.2,4,4,3,38.0,520,+8,
,"2019.12. 7",中京,4名3,ｵｰﾌﾟﾝ,障害・オープ,4,5,プラチナアッシュ,セ,4,白浜雄造, 60 ,14,2,１, ,芝3300,良,,(栗),寺島良,3345,-1.0,1,1,1,13.0,480,0,
,"2019.12. 7",中京,4名3,未勝利,障害未勝利,4,5,ルグランフリソン,牡,6,白浜雄造, 60 ,14,1,１, ,芝3000,良,,(栗),中竹和也,3200,-0.2,1,1,1,13.3,488,+6,
,"2019.12. 7",中京,4名3,1勝,１勝ｸﾗｽ,4,8,ザベストエバー,牡,5,横山武史, 57 ,16,11,１, ,ダ1200,良,,(美),武井亮,1120,-0.3,,1,1,36.8,462,+2,B
,"2019.12. 7",中京,4名3,1勝,１勝ｸﾗｽ・牝,7,14,アオイツヤヒメ,牝,3,藤井勘一, 54 ,16,7,１, ,ダ1400,良,,(栗),高橋康之,1255,-0.1,,3,3,36.9,468,+2,
,"2019.12. 7",中京,4名3,未勝利,未勝利*,7,13,ナムラボス,牡,2,藤岡康太, 55 ,16,5,１, ,ダ1200,良,,(栗),羽月友彦,1133,-0.0,,4,4,37.3,458,-2,
,"2019.12. 1",中京,4名2,2勝,鳴海特別･2勝,2,3,エルモンストロ,牡,3,福永祐一, 56 ,16,2,１, ,ダ1400,良,,(栗),角居勝彦,1233,-0.7,,9,9,36.0,466,0,
,"2019.12. 1",中京,4名2,Ｇ１,チャンピG1,3,5,クリソベリル,牡,3,川田将雅, 55 ,16,2,１, ,ダ1800,良,,(栗),音無秀孝,1485,-0.0,3,4,4,35.4,550,+11,
,"2019.12. 1",中京,4名2,2勝,名古屋日･2勝,7,7,エレクトロニカ,牝,5,デットー, 55 ,10,1,１, ,芝2000,良,,(栗),須貝尚介,1588,-0.0,2,2,2,35.0,446,-4,
,"2019.12. 1",中京,4名2,1勝,桑名特別･1勝,2,3,ハーキーステップ,牡,3,スミヨン, 56 ,18,9,１, ,芝1200,良,,(栗),浜田多実,1085,-0.0,,10,10,34.0,480,-2,
,"2019.12. 1",中京,4名2,1勝,１勝ｸﾗｽ,2,2,オウケンドーン,牡,3,マーフィ, 56 ,14,2,１, ,ダ1400,良,,(栗),安田隆行,1241,-0.2,,2,2,37.7,490,+8,B
,"2019.12. 1",中京,4名2,1勝,１勝ｸﾗｽ,3,4,ジャストアジゴロ,牡,3,デットー, 55 ,14,1,１, ,芝2000,良,,(栗),安田翔伍,2002,-0.1,7,6,6,34.0,444,0,
,"2019.12. 1",中京,4名2,1勝,１勝ｸﾗｽ,1,1,ネクストムーブ,牡,6,福永祐一, 57 ,11,2,１, ,ダ1800,良,,(栗),清水久詞,1533,-0.1,3,4,4,37.0,514,-4,
,"2019.12. 1",中京,4名2,新馬,新馬,2,2,ミズリーナ,牝,2,武豊, 54 ,14,4,１, ,芝1400,良,*,(栗),坂口智康,1235,-0.2,,3,4,34.7,470,,
,"2019.12. 1",中京,4名2,未勝利,未勝利*,1,2,サヴァイヴ,牡,2,福永祐一, 55 ,17,2,１, ,芝1200,良,,(栗),清水久詞,1097,-0.1,,4,3,34.5,456,-8,
,"2019.12. 1",中京,4名2,1勝,１勝ｸﾗｽ,6,6,ブルーコンパクタ,牡,3,武豊, 55 ,7,3,１, ,ダ1900,良,,(栗),大橋勇樹,2034,-0.1,2,2,2,35.6,458,+4,
,"2019.12. 1",中京,4名2,1勝,１勝ｸﾗｽ・牝,3,5,レッドシャーロット,牝,4,川田将雅, 55 ,16,1,１, ,ダ1200,良,,(栗),庄野靖志,1119,-0.3,,5,5,36.8,466,+2,
,"2019.12. 1",中京,4名2,未勝利,未勝利*,4,6,ヒルノブルージュ,牡,2,横山和生, 55 ,15,3,１, ,ダ1800,良,,(栗),昆貢,1552,-0.0,9,8,7,38.7,476,0,
,2019.11.30,中京,4名1,1勝,長良川特･1勝,3,6,ニューポート,牡,3,北村友一, 55 ,16,1,１, ,芝2200,良,,(栗),石坂正,2137,-0.1,4,2,2,34.5,450,+4,
,2019.11.30,中京,4名1,2勝,犬山特Ｈ･2勝,5,9,マスターフェンサー,牡,3,福永祐一, 56 ,16,1,１, ,ダ1900,良,,(栗),角田晃一,1590,-0.5,5,4,3,36.7,498,,
,2019.11.30,中京,4名1,1勝,こうやま･1勝,2,2,アブソルティスモ,牡,2,丸山元気, 55 ,7,1,１, ,芝1600,良,,(美),藤沢和雄,1358,-0.2,3,4,4,34.2,500,+6,
,2019.11.30,中京,4名1,1勝,１勝ｸﾗｽ,4,7,キャッチミーアップ,牝,4,岡田祥嗣, 55 ,18,6,１, ,芝1400,良,,(栗),河内洋,1203,-0.0,,9,9,34.0,462,+6,
,2019.11.30,中京,4名1,1勝,１勝ｸﾗｽ・若,3,3,ラージヒル,牡,3,横山武史, 55 ,11,1,１, ,ダ1800,良,,(美),林徹,1529,-0.3,1,1,1,37.7,472,-4,
,2019.11.30,中京,4名1,1勝,１勝ｸﾗｽ,8,14,カシノブレンド,セ,3,西村淳也,55☆,14,1,１, ,ダ1400,良,,(美),蛯名利弘,1248,-0.3,,6,4,36.9,442,-4,
,2019.11.30,中京,4名1,1勝,１勝ｸﾗｽ,2,4,パルマリア,牡,4,丸山元気, 57 ,16,1,１, ,芝1600,良,,(美),武井亮,1339,-0.5,3,3,3,33.4,528,-8,
,2019.11.30,中京,4名1,1勝,１勝ｸﾗｽ,8,9,アリスカン,牡,5,斎藤新,55△,10,1,１, ,ダ1900,良,,(美),田島俊明,2003,-0.1,2,2,2,37.7,510,-2,
,2019.11.30,中京,4名1,未勝利,未勝利*,4,4,クリノブレーヴ,牡,2,斎藤新,53△,10,4,１, ,芝2000,良,,(栗),長谷川浩,2030,-0.0,3,2,2,35.0,458,-4,
,2019.11.30,中京,4名1,1勝,１勝ｸﾗｽ,8,16,ミッキーハイド,牡,4,菊沢一樹,56☆,16,3,１, ,ダ1200,良,,(美),菊沢隆徳,1127,-0.1,,5,5,36.6,504,+6,
,2019.11.30,中京,4名1,1勝,１勝ｸﾗｽ・牝,5,5,サツキサンダー,牝,3,荻野極, 53 ,11,2,１, ,ダ1800,良,,(栗),寺島良,1564,-0.1,3,3,3,37.2,444,-2,
,2019.11.30,中京,4名1,未勝利,未勝利*,5,10,メイショウアゴニカ,牝,2,丸山元気, 54 ,16,2,１, ,ダ1400,良,,(栗),河内洋,1263,-0.0,,2,2,38.9,490,-10,
,"2019. 7.21",中京,3名8,1勝,１勝ｸﾗｽ,6,11,シトラスノート,牝,3,川田将雅, 52 ,15,1,１, ,芝1400,稍,*,(栗),石坂正,1211,-0.1,,4,4,34.1,446,0,
,"2019. 7.21",中京,3名8,Ｇ３,中京記念ＨG3,3,5,グルーヴィット,牡,3,松山弘平, 52 ,16,3,１, ,芝1600,稍,,(栗),松永幹夫,1336,-0.0,4,7,7,34.6,490,+2,
,"2019. 7.21",中京,3名8,2勝,尾頭橋特･2勝,8,15,デンバーテソーロ,牝,3,松山弘平, 52 ,16,1,１, ,ダ1400,稍,,(美),栗田徹,1236,-0.0,,3,3,36.4,458,-2,
,"2019. 7.21",中京,3名8,2勝,長久手特･2勝,1,1,アルティマリガーレ,牝,3,浜中俊, 52 ,12,1,１, ,芝1600,稍,,(栗),佐々木晶,1347,-0.1,6,6,5,34.6,444,+2,
,"2019. 7.21",中京,3名8,1勝,１勝ｸﾗｽ,5,9,ショウナンサリュー,牡,5,浜中俊, 57 ,16,1,１, ,ダ1800,稍,,(栗),高野友和,1518,-0.7,4,3,2,36.3,488,-4,
,"2019. 7.21",中京,3名8,1勝,１勝ｸﾗｽ・牝,8,14,ダイメイギンガ,牝,4,松若風馬, 55 ,15,8,１, ,ダ1400,稍,,(栗),森田直行,1242,-0.4,,14,13,37.0,468,-6,
,"2019. 7.21",中京,3名8,未勝利,未勝利,7,13,マーニ,牡,3,和田竜二, 56 ,16,1,１, ,芝1600,稍,,(栗),鮫島一歩,1356,-0.3,6,5,5,35.3,438,0,
,"2019. 7.21",中京,3名8,新馬,新馬,7,13,ロールオブサンダー,牡,2,松山弘平, 54 ,16,11,１, ,芝2000,稍,,(栗),橋口慎介,2039,-0.4,4,5,5,36.0,484,,
,"2019. 7.21",中京,3名8,未勝利,未勝利,6,11,ハギノベルエキプ,牝,3,三津谷隼,51▲,15,1,１, ,芝2000,稍,*,(栗),鮫島一歩,2033,-0.3,7,5,4,36.1,426,0,
,"2019. 7.21",中京,3名8,未勝利,未勝利,6,12,ブルーコンパクタ,牡,3,和田翼, 56 ,16,10,１, ,ダ1800,稍,,(栗),大橋勇樹,1530,-0.2,10,10,10,36.7,448,-8,
,"2019. 7.21",中京,3名8,未勝利,未勝利*,8,12,デンコウリジエール,牡,2,太宰啓介, 54 ,13,10,１, ,ダ1200,稍,,(栗),荒川義之,1128,-0.0,,3,3,37.3,456,-2,
,"2019. 7.21",中京,3名8,未勝利,障害未勝利,4,4,ランドハイパワー,牡,6,森一馬, 60 ,11,6,１, ,芝3000,稍,,(栗),安達昭夫,3192,-0.1,3,2,2,13.3,500,+6,
,"2019. 7.20",中京,3名7,1勝,１勝ｸﾗｽ,8,15,アンドラステ,牝,3,岩田望来,49▲,15,3,１, ,芝1600,重,,(栗),中内田充,1334,-0.3,1,1,1,34.3,466,+4,
,"2019. 7.20",中京,3名7,3勝,桶狭間Ｓ･3勝,2,2,マルカソレイユ,牝,5,和田竜二, 55 ,14,12,１, ,ダ1400,重,,(栗),今野貞一,1222,-0.3,,10,9,36.0,474,-2,
,"2019. 7.20",中京,3名7,2勝,日進特別･2勝,8,15,サンライズセナ,牡,4,和田竜二, 57 ,15,2,１, ,ダ1800,重,,(栗),平田修,1509,-0.1,3,2,2,36.9,496,-2,
,"2019. 7.20",中京,3名7,ｵｰﾌﾟﾝ,中京２歳,2,2,ラインベック,牡,2,福永祐一, 54 ,8,1,１, ,芝1600,重,,(栗),友道康夫,1365,-0.3,2,4,4,35.3,456,-6,
,"2019. 7.20",中京,3名7,1勝,１勝ｸﾗｽ,8,11,モズベッロ,牡,3,Ｍ．デム, 54 ,12,1,１, ,芝2200,重,,(栗),森田直行,2133,-0.6,6,5,5,36.0,468,-6,
,"2019. 7.20",中京,3名7,1勝,１勝ｸﾗｽ,6,11,メラナイト,セ,4,和田竜二, 57 ,15,4,１, ,ダ1200,重,,(栗),佐々木晶,1107,-0.0,,9,6,35.5,456,+8,
,"2019. 7.20",中京,3名7,新馬,新馬,3,3,ペールエール,牡,2,Ｍ．デム, 54 ,13,1,１, ,芝1400,重,,(栗),安田隆行,1232,-0.2,,2,2,34.8,500,,
,"2019. 7.20",中京,3名7,新馬,新馬,6,10,マイネルグリット,牡,2,和田竜二, 54 ,14,4,１, ,芝1600,重,,(栗),吉田直弘,1366,-0.2,4,5,5,35.3,474,,
,"2019. 7.20",中京,3名7,未勝利,未勝利,1,2,ノーブルワークス,牝,3,西村淳也,52△,18,3,１, ,芝1200,重,,(栗),吉田直弘,1089,-0.1,,6,2,34.4,452,0,
,"2019. 7.20",中京,3名7,未勝利,未勝利,6,12,メイショウハナモリ,牡,3,松若風馬, 56 ,16,6,１, ,ダ1400,不,,(栗),本田優,1235,-0.2,,1,1,37.7,494,0,
,"2019. 7.20",中京,3名7,未勝利,未勝利・牝,4,8,セブンティサン,牝,3,松若風馬, 54 ,16,3,１, ,ダ1800,不,,(栗),音無秀孝,1523,-0.0,2,2,2,36.8,424,+12,
,"2019. 7.20",中京,3名7,未勝利,未勝利*,3,3,ヒシタイザン,牡,2,福永祐一, 54 ,8,3,１, ,芝1600,重,,(栗),角田晃一,1356,-0.3,3,2,2,35.4,506,-2,
,"2019. 7.14",中京,3名6,2勝,シンガポ･2勝,6,6,エスポワール,牝,3,Ｍ．デム, 52 ,10,1,１, ,芝2000,重,,(栗),角居勝彦,2008,-0.7,2,3,3,35.9,478,-8,
,"2019. 7.14",中京,3名6,OP(L),名鉄杯(L),1,1,スマハマ,牡,4,藤岡佑介, 56 ,11,1,１, ,ダ1800,重,,(栗),高橋亮,1476,-0.1,1,1,1,35.7,538,0,
,"2019. 7.14",中京,3名6,2勝,フィリピ･2勝,2,2,フェルトベルク,牝,5,浜中俊, 55 ,10,5,１, ,芝1200,重,,(栗),荒川義之,1084,-0.0,,3,3,34.6,448,+4,
,"2019. 7.14",中京,3名6,1勝,タイラン･1勝,3,3,ヒンドゥタイムズ,牡,3,川田将雅, 54 ,11,1,１, ,芝2000,重,,(栗),斉藤崇史,2032,-0.1,3,4,3,34.9,460,+4,
,"2019. 7.14",中京,3名6,1勝,１勝ｸﾗｽ,5,9,ロードリバーサル,牡,3,川田将雅, 54 ,16,3,１, ,ダ1900,重,,(栗),藤岡健一,1559,-0.1,1,1,1,35.9,490,-2,
,"2019. 7.14",中京,3名6,1勝,１勝ｸﾗｽ・牝,4,4,グレースゼット,牝,3,川須栄彦, 52 ,12,4,１, ,ダ1800,重,,(栗),宮徹,1493,-1.0,1,1,1,36.5,502,-6,
,"2019. 7.14",中京,3名6,新馬,新馬,8,8,ダンツウィザード,牡,2,松山弘平, 54 ,9,2,１, ,芝1200,重,,(栗),池添兼雄,1114,-0.2,,1,1,35.0,458,,
,"2019. 7.14",中京,3名6,新馬,新馬・牝,7,10,クリアサウンド,牝,2,松山弘平, 54 ,13,2,１, ,芝1400,重,,(栗),杉山晴紀,1237,-0.5,,3,3,35.3,468,,
,"2019. 7.14",中京,3名6,未勝利,未勝利,3,6,ベストクィーン,牝,3,和田竜二, 54 ,16,4,１, ,芝1600,不,,(栗),西橋豊治,1364,-0.5,5,5,2,35.3,412,-6,
,"2019. 7.14",中京,3名6,未勝利,未勝利,4,7,レシプロケイト,牡,3,川田将雅, 56 ,16,1,１, ,ダ1800,不,,(栗),鮫島一歩,1512,-0.3,6,4,3,37.7,508,+4,
,"2019. 7.14",中京,3名6,未勝利,未勝利・牝,8,12,トレミエール,牝,3,松山弘平, 54 ,12,6,１, ,芝2000,不,,(栗),西園正都,2059,-0.3,4,2,2,35.9,466,0,
,"2019. 7.14",中京,3名6,未勝利,未勝利*,4,4,アサケエース,牡,2,西村淳也,52△,9,5,１, ,芝1400,不,,(栗),大橋勇樹,1237,-0.0,,3,3,37.1,418,+2,
,"2019. 7.13",中京,3名5,1勝,１勝ｸﾗｽ,1,1,ダイシンクローバー,牡,3,川田将雅, 54 ,16,1,１, ,ダ1400,重,*,(栗),安田隆行,1235,-0.0,,1,1,37.7,470,-2,
,"2019. 7.13",中京,3名5,3勝,マレーシ･3勝,3,3,カヴァル,牡,4,福永祐一, 57 ,10,3,１, ,芝2000,稍,,(美),勢司和浩,2008,-0.0,8,8,8,33.4,508,+8,
,"2019. 7.13",中京,3名5,2勝,インデＨ･2勝,7,14,ブラックウォーリア,牡,3,和田竜二, 53 ,16,2,１, ,ダ1900,重,,(栗),西村真幸,1576,-0.2,3,2,2,37.3,494,-10,
,"2019. 7.13",中京,3名5,1勝,マカオジ･1勝,1,1,トップソリスト,牝,3,福永祐一, 52 ,12,1,１, ,芝1200,稍,,(栗),中竹和也,1088,-0.2,,1,1,34.1,462,0,
,"2019. 7.13",中京,3名5,1勝,１勝ｸﾗｽ・牝,6,11,タンタラス,牝,3,川田将雅, 52 ,15,3,１, ,芝2000,稍,,(栗),池添学,2008,-0.1,1,1,1,35.1,470,+6,B
,"2019. 7.13",中京,3名5,未勝利,未勝利,8,15,ボンベール,牡,3,浜中俊, 56 ,17,3,１, ,芝2200,稍,,(栗),荒川義之,2192,-0.0,3,3,3,34.2,454,0,
,"2019. 7.13",中京,3名5,未勝利,未勝利・牝,4,7,カルカリーナ,牝,3,国分優作, 54 ,16,6,１, ,ダ1400,重,,(栗),松下武士,1246,-0.3,,3,3,37.8,422,-6,
,"2019. 7.13",中京,3名5,新馬,新馬,7,9,ギルデッドミラー,牝,2,川田将雅, 54 ,11,1,１, ,芝1600,稍,,(栗),松永幹夫,1366,-0.0,4,5,5,33.9,472,,
,"2019. 7.13",中京,3名5,ｵｰﾌﾟﾝ,障害・オープ,3,3,クリュティエ,牝,5,山本康志, 58 ,6,4,１, ,芝3330,稍,,(美),松山将樹,3397,-0.0,4,3,2,13.2,466,-2,
,"2019. 7.13",中京,3名5,未勝利,未勝利,1,1,オースミムテキ,牡,3,福永祐一, 56 ,16,1,１, ,ダ1200,重,,(栗),松永昌博,1114,-0.4,,2,2,37.1,464,-4,
,"2019. 7.13",中京,3名5,未勝利,未勝利,1,2,スキッピングロック,牡,3,鮫島克駿, 56 ,16,7,１, ,ダ1900,重,,(栗),浅見秀一,2003,-0.5,7,9,6,37.7,450,-6,
,"2019. 7.13",中京,3名5,未勝利,障害未勝利,7,9,ボナパルト,牡,5,白浜雄造, 60 ,11,1,１, ,芝3000,稍,,(栗),庄野靖志,3170,-1.5,1,1,1,13.1,506,+4,
,"2019. 7. 7",中京,3名4,1勝,１勝ｸﾗｽ,6,12,メリーメーキング,牡,3,藤井勘一, 54 ,18,2,１, ,芝1400,稍,,(栗),清水久詞,1211,-0.0,,7,7,34.7,448,-10,
,"2019. 7. 7",中京,3名4,Ｇ３,プロキオG3,6,10,アルクトス,牡,4,田辺裕信, 56 ,15,2,１, ,ダ1400,稍,,(美),栗田徹,1212,-0.1,,4,4,36.5,548,+2,
,"2019. 7. 7",中京,3名4,2勝,有松特Ｈ･2勝,1,2,ムーンチャイム,牝,4,武豊, 52 ,16,11,１, ,芝1600,稍,,(栗),千田輝彦,1340,-0.1,11,12,12,34.5,460,+28,
,"2019. 7. 7",中京,3名4,2勝,大府特別･2勝,5,9,モンペルデュ,牝,3,川田将雅, 52 ,16,1,１, ,ダ1200,稍,,(栗),松永幹夫,1097,-0.2,,1,1,36.2,468,+4,
,"2019. 7. 7",中京,3名4,1勝,１勝ｸﾗｽ,4,7,コンカラー,牡,3,北村友一, 54 ,15,1,１, ,ダ1800,稍,,(栗),石坂正,1518,-0.5,7,7,6,36.3,474,+2,
,"2019. 7. 7",中京,3名4,1勝,１勝ｸﾗｽ,2,2,ダノンクライム,牡,5,北村友一, 57 ,7,3,１, ,芝2000,稍,*,(栗),寺島良,2025,-0.2,2,3,3,33.8,524,-2,
,"2019. 7. 7",中京,3名4,未勝利,未勝利,2,3,ジューンシルフィア,牝,3,鮫島克駿, 54 ,18,8,１, ,芝1400,稍,*,(栗),松下武士,1218,-0.0,,7,7,34.3,436,+4,
,"2019. 7. 7",中京,3名4,新馬,新馬,5,5,マイラプソディ,牡,2,武豊, 54 ,10,1,１, ,芝2000,稍,,(栗),友道康夫,2060,-0.1,7,8,8,34.0,502,,
,"2019. 7. 7",中京,3名4,未勝利,未勝利,6,11,ナムラシェパード,牡,3,幸英明, 56 ,16,1,１, ,ダ1400,重,,(栗),大橋勇樹,1234,-0.2,,2,2,36.0,470,-2,
,"2019. 7. 7",中京,3名4,未勝利,未勝利*,4,4,セツメンノトビウオ,牡,2,幸英明, 54 ,8,4,１, ,芝1600,稍,,(栗),牧田和弥,1365,-0.1,6,7,8,35.5,424,-2,
,"2019. 7. 7",中京,3名4,未勝利,未勝利・牝,6,10,ププッピドゥ,牝,3,酒井学, 54 ,15,6,１, ,ダ1800,重,,(栗),北出成人,1526,-0.0,2,2,2,38.2,494,-10,
,"2019. 7. 7",中京,3名4,未勝利,障害未勝利,1,1,スワーヴエドワード,牡,4,蓑島靖典, 60 ,14,5,１, ,芝3000,稍,,(美),国枝栄,3191,-0.2,1,1,1,13.3,500,-6,
,"2019. 7. 6",中京,3名3,1勝,１勝ｸﾗｽ,7,13,マラードザレコード,セ,5,和田竜二, 57 ,16,1,１, ,ダ1200,重,,(栗),鈴木孝志,1104,-0.3,,2,2,36.9,460,0,B
,"2019. 7. 6",中京,3名3,3勝,豊明Ｓ･3勝,1,1,トロワゼトワル,牝,4,北村友一, 55 ,8,1,１, ,芝1400,稍,,(栗),安田隆行,1203,-0.2,,4,5,34.8,466,+4,
,"2019. 7. 6",中京,3名3,2勝,濃尾特別･2勝,2,4,スペリオルシチー,牡,5,松若風馬, 57 ,16,9,１, ,ダ1800,重,,(美),相沢郁,1506,-0.0,4,2,2,36.4,476,+4,B
,"2019. 7. 6",中京,3名3,1勝,茶臼山高･1勝,8,8,カセドラルベル,牝,3,西村淳也, 52 ,8,2,１, ,芝2200,稍,,(栗),西村真幸,2151,-0.0,3,3,3,34.4,522,+8,
,"2019. 7. 6",中京,3名3,1勝,１勝ｸﾗｽ・牝,5,10,ブランノワール,牝,3,川田将雅, 52 ,16,1,１, ,芝1600,稍,,(栗),須貝尚介,1342,-0.2,4,4,4,34.8,446,+2,
,"2019. 7. 6",中京,3名3,未勝利,未勝利,2,3,ビスタストリカ,牝,3,西村淳也,52△,18,5,１, ,芝2000,稍,,(栗),斉藤崇史,2030,-0.0,3,3,3,34.8,460,-2,
,"2019. 7. 6",中京,3名3,新馬,新馬,6,12,ファシネートゼット,牝,2,松若風馬, 54 ,16,2,１, ,ダ1400,重,,(栗),平田修,1252,-0.1,,3,3,35.7,456,,
,"2019. 7. 6",中京,3名3,新馬,新馬,4,5,シャレード,牝,2,福永祐一, 54 ,13,1,１, ,芝1400,重,,(栗),藤原英昭,1225,-0.6,,5,5,34.9,482,,
,"2019. 7. 6",中京,3名3,未勝利,未勝利・牝,1,2,サドキンザン,牝,3,北村友一, 54 ,16,7,１, ,芝1600,重,,(栗),大久保龍,1357,-0.1,5,3,3,35.4,444,+10,
,"2019. 7. 6",中京,3名3,未勝利,未勝利,7,13,メイショウカササギ,牝,3,岩田望来,51▲,16,6,１, ,ダ1200,重,,(栗),木原一良,1114,-0.3,,3,3,36.4,464,+4,
,"2019. 7. 6",中京,3名3,未勝利,未勝利,1,1,タガノファジョーロ,牡,3,鮫島良太, 56 ,16,3,１, ,ダ1800,重,,(栗),角田晃一,1529,-0.2,6,5,4,37.4,448,0,B
,"2019. 7. 6",中京,3名3,未勝利,未勝利*,8,9,テーオーマルクス,牡,2,斎藤新,51▲,9,3,１, ,芝1200,重,,(栗),宮徹,1096,-0.2,,1,1,34.9,474,0,
,"2019. 6.30",中京,3名2,1勝,１勝ｸﾗｽ,3,5,ビッグデータ,牡,4,福永祐一, 57 ,16,4,１, ,ダ1400,不,,(栗),昆貢,1236,-0.1,,12,10,36.3,428,+2,B
,"2019. 6.30",中京,3名2,Ｇ３,ＣＢＣ賞ＨG3,6,9,レッドアンシェル,牡,5,福永祐一, 56 ,13,1,１, ,芝1200,不,,(栗),庄野靖志,1098,-0.0,,6,8,34.4,466,0,
,"2019. 6.30",中京,3名2,2勝,香嵐渓特･2勝,7,14,カレンガリアード,牡,4,松若風馬, 57 ,16,7,１, ,ダ1400,不,,(栗),安田翔伍,1223,-0.0,,3,3,36.6,470,+2,
,"2019. 6.30",中京,3名2,2勝,木曽川特･2勝,8,11,ミスマンマミーア,牝,4,福永祐一, 55 ,12,2,１, ,芝2200,重,,(栗),寺島良,2147,-0.3,9,8,8,36.2,452,-4,
,"2019. 6.30",中京,3名2,1勝,１勝ｸﾗｽ,6,6,ショウナンバルディ,牡,3,松若風馬, 54 ,11,5,１, ,芝2000,重,,(栗),松下武士,2022,-0.1,1,1,1,35.7,432,-6,
,"2019. 6.30",中京,3名2,未勝利,未勝利,6,12,スターリーパレード,牡,3,幸英明, 56 ,16,6,１, ,ダ1800,不,*,(栗),西村真幸,1521,-0.3,3,2,2,37.9,484,+2,B
,"2019. 6.30",中京,3名2,新馬,新馬,5,5,ゼンノジャスタ,牡,2,田中健, 54 ,11,5,１, ,芝1400,重,,(栗),浅見秀一,1242,-0.1,,2,2,36.7,454,,
,"2019. 6.30",中京,3名2,新馬,新馬・牝,3,3,ヤマニンエルモサ,牝,2,藤懸貴志, 54 ,11,10,１, ,芝1600,重,,(栗),松永幹夫,1372,-0.0,2,2,2,35.2,440,,
,"2019. 6.30",中京,3名2,未勝利,未勝利,8,18,プレイリードリーム,牡,3,幸英明, 56 ,18,7,１, ,芝2000,重,,(栗),安達昭夫,2035,-0.0,12,10,10,35.3,456,+4,
,"2019. 6.30",中京,3名2,未勝利,未勝利・牝,6,10,アマリリステソーロ,牝,3,浜中俊, 54 ,15,2,１, ,ダ1800,不,,(栗),高橋康之,1528,-0.1,9,5,6,38.0,432,0,
,"2019. 6.30",中京,3名2,未勝利,未勝利,4,8,レティキュール,牝,3,川田将雅, 54 ,16,1,１, ,芝1600,重,,(栗),斉藤崇史,1360,-0.0,2,2,2,34.8,428,+8,
,"2019. 6.30",中京,3名2,未勝利,未勝利*,4,4,インザムービー,牝,2,幸英明, 54 ,6,1,１, ,芝1400,重,,(栗),牧田和弥,1223,-0.6,,1,1,35.8,462,-10,
,"2019. 6.29",中京,3名1,1勝,１勝ｸﾗｽ,6,11,ホッコーシェルビー,牡,3,岩田望来,51▲,15,5,１, ,芝1200,稍,,(栗),西浦勝一,1091,-0.1,,1,1,34.5,498,+8,
,"2019. 6.29",中京,3名1,3勝,白川郷Ｈ･3勝,1,1,メイプルブラザー,牡,5,森裕太朗, 56 ,16,9,１, ,ダ1800,重,,(栗),山内研二,1503,-0.0,10,10,8,36.3,490,0,
,"2019. 6.29",中京,3名1,2勝,知多特別･2勝,7,15,ミッキーブリランテ,牡,3,福永祐一, 54 ,18,1,１, ,芝1400,稍,*,(栗),矢作芳人,1203,-0.0,,7,8,34.2,466,+4,
,"2019. 6.29",中京,3名1,1勝,御在所特･1勝,4,4,ブレイニーラン,牡,4,福永祐一, 57 ,9,3,１, ,芝1600,稍,,(栗),須貝尚介,1340,-0.0,4,5,5,33.5,462,+2,
,"2019. 6.29",中京,3名1,1勝,１勝ｸﾗｽ,1,2,バーンスター,牡,3,藤井勘一, 54 ,16,8,１, ,ダ1800,重,,(栗),谷潔,1522,-0.2,10,12,11,36.6,480,-2,
,"2019. 6.29",中京,3名1,未勝利,未勝利,4,5,シャイニングデイズ,牡,3,川田将雅, 56 ,13,1,１, ,芝2200,稍,,(栗),須貝尚介,2166,-0.1,3,4,3,34.6,470,-6,B
,"2019. 6.29",中京,3名1,未勝利,未勝利,4,8,グランドビクトリー,牡,3,和田竜二, 56 ,16,1,１, ,ダ1400,重,,(栗),鈴木孝志,1238,-0.4,,1,1,36.9,484,0,B
,"2019. 6.29",中京,3名1,新馬,新馬,7,7,ラインベック,牡,2,福永祐一, 54 ,9,1,１, ,芝1600,稍,,(栗),友道康夫,1392,-0.2,2,2,2,33.8,462,,
,"2019. 6.29",中京,3名1,ｵｰﾌﾟﾝ,障害・オープ,3,3,メドウラーク,牡,8,北沢伸也, 60 ,10,3,１, ,芝3300,稍,,(栗),橋田満,3385,-0.4,3,2,2,13.2,508,-2,
,"2019. 6.29",中京,3名1,未勝利,未勝利・牝,1,1,ナムラマッチェリ,牝,3,幸英明, 54 ,16,2,１, ,ダ1200,重,,(栗),大橋勇樹,1115,-0.2,,3,2,36.7,462,+4,
,"2019. 6.29",中京,3名1,未勝利,未勝利,1,1,アイファーキングズ,牡,3,浜中俊, 56 ,15,1,１, ,ダ1900,重,,(栗),鮫島一歩,1589,-0.0,2,2,2,36.9,490,0,
,"2019. 6.29",中京,3名1,未勝利,障害未勝利,5,7,インウィスパーズ,牡,5,熊沢重文, 60 ,14,2,１, ,芝3000,重,,(栗),音無秀孝,3182,-0.4,9,5,6,13.2,446,-2,
,"2019. 3.24",中京,2名6,1000万,鈴鹿特別1000,3,5,マイネルラック,牡,6,国分優作, 57 ,16,13,１, ,ダ1400,良,,(栗),梅田智之,1245,-0.0,,5,5,37.4,498,-6,
,"2019. 3.24",中京,2名6,Ｇ１,高松宮記G1,2,3,ミスターメロディ,牡,4,福永祐一, 57 ,18,3,１, ,芝1200,良,,(栗),藤原英昭,1073,-0.1,,4,5,33.6,492,-4,
,"2019. 3.24",中京,2名6,1000万,岡崎特Ｈ1000,5,6,スターリーステージ,牝,4,川田将雅, 53 ,13,1,１, ,芝1200,良,,(栗),音無秀孝,1082,-0.1,,11,10,33.3,458,-4,
,"2019. 3.24",中京,2名6,500万,大寒桜賞500*,6,6,リオンリオン,牡,3,横山典弘, 56 ,10,4,１, ,芝2200,良,,(栗),松永幹夫,2153,-0.2,1,1,1,34.2,476,0,
,"2019. 3.24",中京,2名6,500万,500万下,4,7,バルコラベーロ,牡,5,西村淳也,54▲,16,5,１, ,ダ1200,良,,(栗),梅田智之,1127,-0.1,,1,1,37.7,482,-10,
,"2019. 3.24",中京,2名6,500万,500万下・牝,1,1,アドラータ,牝,4,丸山元気, 55 ,16,8,１, ,芝2000,良,,(栗),石坂公一,1596,-0.2,1,1,1,35.0,478,0,
,"2019. 3.24",中京,2名6,500万,500万下,3,3,ライデンバローズ,牡,5,ルメール, 57 ,11,1,１, ,ダ1900,良,,(栗),藤岡健一,2009,-0.2,2,2,2,37.6,532,-4,B
,"2019. 3.24",中京,2名6,500万,500万下,3,6,アンリミット,牝,4,岩田康誠, 55 ,17,2,１, ,芝1400,良,,(栗),清水久詞,1217,-0.0,,1,1,34.4,488,+14,
,"2019. 3.24",中京,2名6,未勝利,未勝利,8,16,ニューアビリティ,牡,3,福永祐一, 56 ,16,3,１, ,芝2000,良,,(栗),橋田満,2034,-0.0,7,5,5,34.1,476,-4,
,"2019. 3.24",中京,2名6,未勝利,未勝利,2,3,ハギノアトラス,牡,3,川田将雅, 56 ,16,1,１, ,ダ1800,良,,(栗),鮫島一歩,1558,-0.0,3,3,2,37.3,486,-2,
,"2019. 3.24",中京,2名6,未勝利,未勝利,5,9,トモジャバロンド,牡,3,丸山元気, 56 ,16,7,１, ,ダ1400,良,,(美),鈴木伸尋,1263,-0.0,,3,3,38.1,478,-6,
,"2019. 3.24",中京,2名6,未勝利,未勝利・牝,8,15,ワインレッドローズ,牝,3,川田将雅, 54 ,16,1,１, ,ダ1800,良,,(栗),西園正都,1557,-0.1,5,4,4,38.3,470,0,
,"2019. 3.23",中京,2名5,1000万,熊野特別1000,2,2,レッドレオン,牡,4,中谷雄太, 56 ,12,2,１, ,芝2200,良,,(栗),角居勝彦,2127,-0.0,4,4,4,34.9,450,+2,
,"2019. 3.23",中京,2名5,1600万,名古屋城1600,1,2,アイファーイチオー,牡,5,藤井勘一, 57 ,16,6,１, ,ダ1800,良,,(栗),上村洋行,1530,-0.1,2,2,2,38.0,510,0,
,"2019. 3.23",中京,2名5,500万,刈谷特別500,2,4,ダノンディーヴァ,牝,5,丸山元気, 55 ,16,1,１, ,芝1600,良,*,(栗),大久保龍,1338,-0.3,2,2,2,34.3,468,-2,
,"2019. 3.23",中京,2名5,500万,500万下・牝,3,4,サニーレイ,牝,4,小崎綾也, 55 ,14,1,１, ,ダ1800,良,,(栗),野中賢二,1548,-0.1,6,6,4,38.7,452,-6,B
,"2019. 3.23",中京,2名5,500万,500万下,6,6,イペルラーニオ,牡,4,西村淳也,53▲,8,6,１, ,芝2200,良,,(栗),西村真幸,2112,-0.1,5,5,4,34.6,490,+12,B
,"2019. 3.23",中京,2名5,500万,500万下,4,8,ジョワイユ,牝,5,荻野極, 55 ,16,7,１, ,ダ1400,良,,(美),高木登,1251,-0.3,,3,3,37.2,460,-2,
,"2019. 3.23",中京,2名5,未勝利,未勝利,3,5,ショーヒデキラ,牡,3,横山武史,55☆,16,3,１, ,芝1600,良,,(美),鈴木伸尋,1337,-0.2,4,4,3,34.6,468,-8,
,"2019. 3.23",中京,2名5,未勝利,未勝利,8,18,シセイタイガ,牡,3,菱田裕二, 56 ,18,5,１, ,芝1200,良,,(美),高橋文雅,1086,-0.0,,9,9,33.7,450,-4,
,"2019. 3.23",中京,2名5,未勝利,未勝利・牝,8,17,ウインメルシー,牝,3,横山武史,53☆,18,2,１, ,芝2000,良,,(美),鈴木伸尋,2022,-0.3,1,1,1,34.5,454,-8,
,"2019. 3.23",中京,2名5,未勝利,未勝利,1,2,エルズリー,牝,3,藤田菜七,51▲,16,4,１, ,ダ1200,良,,(栗),山内研二,1135,-0.1,,5,5,37.5,512,-6,
,"2019. 3.23",中京,2名5,未勝利,未勝利・若,5,10,ローザノワール,牝,3,藤田菜七,51▲,16,5,１, ,ダ1900,良,,(栗),西園正都,2025,-0.1,2,2,2,38.3,462,+14,
,"2019. 3.23",中京,2名5,未勝利,未勝利・牝,7,13,ノンライセンス,牝,3,松田大作, 54 ,16,2,１, ,ダ1400,良,,(栗),松永幹夫,1268,-0.5,,4,4,37.9,458,+2,
,"2019. 3.17",中京,2名4,500万,豊橋特別500,5,9,ヤマニンペダラーダ,牡,5,丸山元気, 57 ,18,1,１, ,芝1200,良,,(栗),浅見秀一,1091,-0.1,,13,13,33.8,476,-4,
,"2019. 3.17",中京,2名4,1000万,小牧特別1000,8,12,アロハリリー,牝,4,北村友一, 55 ,13,1,１, ,芝2000,良,,(栗),高野友和,2021,-0.3,3,3,3,34.3,454,0,
,"2019. 3.17",中京,2名4,500万,沈丁花賞500*,8,13,ブラックウォーリア,牡,3,藤岡康太, 56 ,13,3,１, ,ダ1800,良,,(栗),西村真幸,1544,-0.0,8,4,2,38.6,498,+2,
,"2019. 3.17",中京,2名4,500万,500万下,1,2,エミーリオ,牡,5,丸田恭介, 57 ,16,10,１, ,芝1600,良,,(美),田中剛,1347,-0.0,14,14,12,35.2,494,-2,
,"2019. 3.17",中京,2名4,500万,500万下・若,4,4,レンジストライク,牡,4,横山武史,56☆,12,1,１, ,ダ1800,良,,(美),武井亮,1534,-0.7,3,3,5,38.4,522,-2,
,"2019. 3.17",中京,2名4,500万,500万下・牝,3,5,グランドガール,牝,5,亀田温心,52▲,16,8,１, ,ダ1200,良,,(栗),北出成人,1129,-0.5,,2,1,37.7,476,+14,
,"2019. 3.17",中京,2名4,未勝利,未勝利,1,1,ピースフルサンデー,牡,3,小崎綾也, 56 ,14,5,１, ,芝2000,良,,(栗),宮徹,2030,-0.3,7,7,6,35.5,448,-4,
,"2019. 3.17",中京,2名4,未勝利,未勝利,8,9,ゲンパチルシファー,牡,3,斎藤新,53▲,10,2,１, ,ダ1800,良,,(栗),佐々木晶,1549,-0.7,2,1,1,38.9,484,-2,
,"2019. 3.17",中京,2名4,未勝利,障害未勝利,5,8,ダンツペンダント,牝,6,平沢健治, 58 ,14,1,１, ,芝3000,良,,(栗),本田優,3195,-0.3,1,1,1,13.3,520,-12,
,"2019. 3.17",中京,2名4,未勝利,未勝利・牝,7,14,グレースアンバー,牝,3,西村淳也,51▲,16,1,１, ,ダ1200,良,,(栗),高柳大輔,1141,-0.2,,2,3,37.9,424,-4,
,"2019. 3.17",中京,2名4,未勝利,未勝利,8,10,パシージョ,牡,3,津村明秀, 56 ,11,9,１, ,ダ1900,良,,(美),田中博康,2030,-0.0,9,8,6,38.6,468,-2,
,"2019. 3.17",中京,2名4,未勝利,未勝利,5,10,キンシロウ,牡,3,津村明秀, 56 ,16,4,１, ,ダ1400,良,,(美),岩戸孝樹,1261,-0.0,,4,3,39.1,490,-6,B
,"2019. 3.16",中京,2名3,1000万,恵那特Ｈ1000,1,2,ヤマニンレジスタ,牡,4,藤岡康太, 56 ,16,2,１, ,ダ1200,良,,(栗),奥村豊,1120,-0.0,,1,1,37.6,500,+8,
,"2019. 3.16",中京,2名3,Ｇ３,ファルコG3,8,15,ハッピーアワー,牡,3,吉田隼人, 56 ,15,4,１, ,芝1400,良,,(栗),武幸四郎,1209,-0.1,,13,12,34.0,446,-2,
,"2019. 3.16",中京,2名3,500万,美濃特別500,4,4,リンディーホップ,牝,4,田辺裕信, 55 ,10,3,１, ,芝2000,良,,(美),金成貴史,2019,-0.3,3,3,3,35.9,460,+6,
,"2019. 3.16",中京,2名3,500万,500万下,1,2,スズカフェスタ,牡,4,国分優作, 57 ,16,9,１, ,ダ1400,良,,(栗),大橋勇樹,1260,-0.4,,1,1,38.8,506,+6,
,"2019. 3.16",中京,2名3,500万,500万下,5,5,ヒルノアトラーニ,牡,5,横山和生, 57 ,10,3,１, ,ダ1900,良,,(栗),昆貢,2027,-0.0,10,1,1,39.4,522,-4,
,"2019. 3.16",中京,2名3,未勝利,未勝利,7,9,ジェットモーション,牡,3,福永祐一, 56 ,11,1,１, ,芝2200,良,,(栗),藤岡健一,2164,-0.1,5,5,5,34.8,514,-4,B
,"2019. 3.16",中京,2名3,未勝利,未勝利,7,9,タウィーザ,牡,3,北村友一, 56 ,12,3,１, ,ダ1800,良,,(栗),安田隆行,1558,-0.1,3,3,3,39.2,500,+6,
,"2019. 3.16",中京,2名3,ｵｰﾌﾟﾝ,障害・オープ,5,8,ハルキストン,牡,4,森一馬, 61 ,14,1,１, ,芝3300,良,,(栗),浅見秀一,3366,-0.2,3,3,2,13.1,456,+4,
,"2019. 3.16",中京,2名3,未勝利,障害未勝利,5,7,キングジョーカ,牡,4,五十嵐雄, 59 ,14,4,１, ,芝3000,良,,(美),天間昭一,3186,-0.3,1,1,1,13.2,480,+2,
,"2019. 3.16",中京,2名3,未勝利,未勝利,8,16,トップウイナー,牡,3,藤岡康太, 56 ,16,2,１, ,ダ1200,良,,(栗),鈴木孝志,1132,-1.1,,3,3,37.0,472,+2,B
,"2019. 3.16",中京,2名3,未勝利,未勝利,3,6,サンノゼテソーロ,牡,3,津村明秀, 56 ,18,2,１, ,芝1400,稍,,(美),田中博康,1218,-0.6,,4,3,34.6,464,,
,"2019. 3.16",中京,2名3,未勝利,未勝利・牝,8,12,カグラヒメ,牝,3,横山和生, 54 ,12,3,１, ,ダ1800,稍,,(栗),昆貢,1566,-0.2,2,2,2,39.6,462,,
,"2019. 3.10",中京,2名2,1000万,賢島特別1000,5,9,トロワゼトワル,牝,4,横山典弘, 55 ,17,2,１, ,芝1400,稍,,(栗),安田隆行,1215,-0.3,,4,4,34.4,468,+2,
,"2019. 3.10",中京,2名2,Ｇ２,金鯱賞G2,1,1,ダノンプレミアム,牡,4,川田将雅, 56 ,13,2,１, ,芝2000,稍,,(栗),中内田充,2001,-0.2,3,3,3,34.1,502,+4,
,"2019. 3.10",中京,2名2,ｵｰﾌﾟﾝ,昇竜Ｓ,1,1,デュープロセス,牡,3,Ｍ．デム, 56 ,13,4,１, ,ダ1400,稍,,(栗),安田隆行,1236,-0.2,,13,13,35.2,464,-8,
,"2019. 3.10",中京,2名2,500万,500万下,4,7,アプルーヴァル,牡,4,和田竜二, 57 ,18,1,１, ,芝1400,稍,,(栗),今野貞一,1222,-0.1,,6,7,34.7,510,0,
,"2019. 3.10",中京,2名2,500万,500万下,3,3,エンパイアミライ,牡,4,Ｍ．デム, 57 ,13,1,１, ,ダ1800,稍,,(栗),西村真幸,1525,-0.5,5,4,3,37.5,504,+4,
,"2019. 3.10",中京,2名2,500万,500万下,7,13,アサケパワー,牡,5,幸英明, 57 ,16,3,１, ,ダ1200,稍,,(栗),大橋勇樹,1122,-0.0,,1,1,37.2,518,+8,
,"2019. 3.10",中京,2名2,500万,500万下・牝,2,4,チカリータ,牝,6,武豊, 55 ,16,1,１, ,ダ1400,良,,(栗),小崎憲,1248,-0.7,,11,10,37.1,458,-4,
,"2019. 3.10",中京,2名2,未勝利,未勝利,3,4,バラックパリンカ,牡,3,和田竜二, 56 ,14,1,１, ,芝2000,良,,(栗),平田修,2042,-0.3,3,3,3,35.2,436,-6,
,"2019. 3.10",中京,2名2,未勝利,未勝利,6,11,ロードゼウス,牡,3,川田将雅, 56 ,16,1,１, ,芝1600,良,,(栗),中内田充,1355,-0.0,2,2,2,35.7,456,-6,
,"2019. 3.10",中京,2名2,未勝利,未勝利,6,8,スペースクラフト,牡,3,武豊, 56 ,13,3,１, ,ダ1900,良,,(栗),松永幹夫,2029,-0.0,6,4,4,37.8,488,,
,"2019. 3.10",中京,2名2,未勝利,未勝利,4,7,ダイメイサツキ,牡,3,Ｍ．デム, 56 ,16,3,１, ,ダ1200,良,,(栗),森田直行,1140,-0.0,,3,4,37.8,488,0,
,"2019. 3.10",中京,2名2,未勝利,未勝利・牝,6,6,ベルキューズ,牝,3,川田将雅, 54 ,11,1,１, ,ダ1800,良,,(美),武井亮,1554,-0.3,5,4,4,39.3,486,0,B
,"2019. 3. 9",中京,2名1,1000万,瀬戸特別1000,1,1,アイファーイチオー,牡,5,丸山元気, 57 ,14,9,１, ,ダ1800,良,,(栗),上村洋行,1528,-0.2,1,1,1,37.5,510,-2,
,"2019. 3. 9",中京,2名1,1600万,トリトＨ1600,5,7,グランドボヌール,牡,5,城戸義政, 55 ,14,6,１, ,芝1400,良,,(栗),鈴木孝志,1204,-0.2,,2,2,33.8,484,0,
,"2019. 3. 9",中京,2名1,500万,フローラ500*,1,1,ピースワンパラディ,牡,3,丸山元気, 56 ,11,3,１, ,芝1600,良,,(美),大竹正博,1348,-0.2,11,10,10,33.0,452,-6,
,"2019. 3. 9",中京,2名1,500万,500万下,1,2,ディサーニング,牡,4,西村太一, 57 ,16,2,１, ,ダ1400,良,,(美),加藤征弘,1250,-0.1,,4,3,36.5,504,-2,
,"2019. 3. 9",中京,2名1,500万,500万下・牝,4,6,ビーカーリー,牝,5,小崎綾也, 55 ,14,1,１, ,芝1600,良,*,(栗),西村真幸,1351,-0.1,8,8,8,33.9,466,-2,
,"2019. 3. 9",中京,2名1,500万,500万下,5,6,ストロングレヴィル,牡,5,藤岡康太, 57 ,13,2,１, ,芝2000,良,,(美),堀宣行,2012,-0.2,12,11,12,34.5,488,+14,
,"2019. 3. 9",中京,2名1,500万,500万下・牝,6,7,クインアマランサス,牝,5,北村友一, 55 ,11,1,１, ,ダ1800,良,,(栗),高野友和,1541,-0.5,3,3,3,37.8,470,0,
,"2019. 3. 9",中京,2名1,未勝利,未勝利,2,4,トウカイオラージュ,牡,3,斎藤新,53▲,18,2,１, ,芝1400,良,*,(栗),安田隆行,1215,-0.3,,13,12,34.5,456,-2,
,"2019. 3. 9",中京,2名1,未勝利,未勝利,6,12,キングキャラット,牡,3,丸山元気, 56 ,16,1,１, ,ダ1400,稍,,(美),南田美知,1263,-0.7,,4,3,37.9,506,0,
,"2019. 3. 9",中京,2名1,未勝利,未勝利,2,2,スターオブオナー,牡,3,丸山元気, 56 ,12,4,１, ,ダ1800,稍,,(美),宗像義忠,1556,-0.2,1,1,1,38.3,474,+2,
,"2019. 3. 9",中京,2名1,未勝利,未勝利・若,7,12,メイショウフクイク,牝,3,義英真, 54 ,15,4,１, ,ダ1200,稍,,(栗),藤沢則雄,1139,-0.2,,9,5,37.3,474,-4,
,"2019. 3. 9",中京,2名1,未勝利,未勝利・牝,1,2,ヒイナヅキ,牝,3,藤田菜七,51▲,16,2,１, ,ダ1400,稍,,(美),林徹,1253,-1.0,,1,1,38.1,460,-4,
,"2019. 2. 3",中京,1名6,1000万,伊良湖特1000,3,3,グロワールシチー,牡,5,菱田裕二, 57 ,12,1,１, ,ダ1400,稍,,(栗),岡田稲男,1251,-0.1,,5,5,35.9,470,-2,
,"2019. 2. 3",中京,1名6,1600万,納屋橋Ｈ1600,3,3,アルドーレ,牡,4,古川吉洋, 55 ,11,1,１, ,ダ1900,稍,,(栗),昆貢,1587,-0.0,10,8,8,37.2,492,-2,B
,"2019. 2. 3",中京,1名6,500万,鞍ケ池特500,6,9,アンノートル,牡,5,津村明秀, 57 ,14,1,１, ,芝1600,良,,(美),田中博康,1343,-0.0,6,5,4,34.1,508,-2,
,"2019. 2. 3",中京,1名6,500万,500万下,2,2,ネプチュナイト,牡,4,藤岡康太, 56 ,13,1,１, ,芝2200,良,,(栗),友道康夫,2143,-0.1,5,5,5,34.2,480,-6,
,"2019. 2. 3",中京,1名6,500万,500万下,7,10,グーテンターク,牡,4,菱田裕二, 56 ,12,1,１, ,ダ1800,稍,,(栗),石坂正,1543,-0.0,4,3,3,36.6,492,-2,
,"2019. 2. 3",中京,1名6,未勝利,未勝利,3,5,カレングロリアーレ,牡,3,鮫島克駿, 56 ,18,1,１, ,芝1400,良,,(栗),安田隆行,1223,-0.0,,7,8,34.6,452,+2,
,"2019. 2. 3",中京,1名6,未勝利,未勝利・牝,1,1,ファナティック,牝,3,川又賢治,53☆,16,1,１, ,芝2000,良,,(栗),松永幹夫,2011,-0.2,8,11,10,35.2,458,-6,
,"2019. 2. 3",中京,1名6,新馬,新馬,7,12,ボランテレオ,牡,3,難波剛健, 56 ,15,6,１, ,ダ1400,稍,,(栗),森田直行,1283,-0.0,,2,2,38.6,492,,
,"2019. 2. 3",中京,1名6,未勝利,障害未勝利,8,14,シーレーン,牡,4,白浜雄造, 59 ,14,2,１, ,芝3000,良,,(栗),大久保龍,3184,-0.5,1,1,1,13.2,470,-6,
,"2019. 2. 3",中京,1名6,500万,500万下・牝,5,6,ナイスドゥ,牝,4,吉田隼人, 55 ,13,5,１, ,ダ1200,稍,,(栗),鈴木孝志,1127,-0.1,,5,5,36.5,442,-4,
,"2019. 2. 3",中京,1名6,未勝利,未勝利・若,6,10,キュリオス,牡,3,西村淳也,53▲,15,8,１, ,ダ1800,稍,,(美),中舘英二,1560,-0.6,3,3,3,39.5,464,+8,
,"2019. 2. 3",中京,1名6,未勝利,未勝利,2,4,ウォータービジョン,牝,3,西村淳也,51▲,16,5,１, ,ダ1200,稍,*,(栗),田所秀孝,1137,-0.4,,1,1,37.5,472,-4,
,"2019. 2. 2",中京,1名5,500万,西尾特別500,4,4,ウインルチル,牝,4,吉田隼人, 54 ,11,6,１, ,芝2000,良,,(栗),奥村豊,2040,-0.0,5,5,6,33.8,432,-4,
,"2019. 2. 2",中京,1名5,1000万,中京スポ1000,1,1,アナザープラネット,牡,6,吉田隼人, 57 ,10,7,１, ,芝1600,良,*,(栗),安達昭夫,1352,-0.0,1,1,1,33.9,498,+20,
,"2019. 2. 2",中京,1名5,500万,ごぎょう500*,8,11,タイミングナウ,牡,3,武豊, 56 ,11,1,１, ,ダ1200,稍,,(栗),角居勝彦,1120,-0.3,,1,2,36.9,474,+2,
,"2019. 2. 2",中京,1名5,500万,500万下,2,3,シャドウノエル,牝,4,武豊, 55 ,15,1,１, ,芝1200,良,,(栗),角居勝彦,1092,-0.0,,7,6,34.3,474,-6,
,"2019. 2. 2",中京,1名5,500万,500万下,6,6,ティカル,セ,4,中井裕二, 57 ,11,2,１, ,ダ1400,稍,,(栗),池添学,1245,-0.2,,1,1,37.6,492,-18,
,"2019. 2. 2",中京,1名5,未勝利,未勝利,5,5,ワダツミ,牡,3,武豊, 56 ,10,3,１, ,芝2200,良,,(栗),牧浦充徳,2143,-0.1,6,8,8,35.6,482,+2,
,"2019. 2. 2",中京,1名5,500万,500万下・牝,4,4,フワトロ,牝,4,丸田恭介, 54 ,13,5,１, ,ダ1900,稍,,(栗),奥村豊,2003,-0.0,7,6,6,38.6,468,-18,
,"2019. 2. 2",中京,1名5,500万,500万下・牝,7,11,ダンツチョイス,牝,4,丸山元気, 54 ,13,1,１, ,ダ1900,稍,,(栗),本田優,2003,-0.0,8,7,6,38.5,448,0,
,"2019. 2. 2",中京,1名5,ｵｰﾌﾟﾝ,障害・オープ,4,6,シングンマイケル,セ,5,金子光希, 61 ,14,1,１, ,芝3330,良,,(美),高市圭二,3375,-0.4,5,4,2,13.1,456,+2,
,"2019. 2. 2",中京,1名5,未勝利,障害未勝利,3,4,ロードショー,牡,4,原田和真, 59 ,14,5,１, ,芝3000,良,,(美),和田雄二,3214,-0.2,3,5,4,13.4,486,+2,
,"2019. 2. 2",中京,1名5,500万,500万下・若,5,8,リチュアルローズ,牝,6,藤田菜七,54☆,15,1,１, ,ダ1200,稍,,(美),新開幸一,1128,-0.0,,5,5,36.2,472,-14,
,"2019. 2. 2",中京,1名5,未勝利,未勝利,2,4,サンライズハイアー,牡,3,西村淳也,53▲,16,2,１, ,ダ1400,稍,,(栗),羽月友彦,1256,-0.3,,4,3,37.4,480,+2,B
,"2019. 2. 2",中京,1名5,未勝利,未勝利,6,9,サンレイファイト,牡,3,太宰啓介, 56 ,13,2,１, ,ダ1800,稍,,(栗),西橋豊治,1555,-0.0,13,12,9,37.9,456,-4,
,"2019. 1.27",中京,1名4,500万,蒲郡特別500,6,12,ズアー,牡,5,藤岡康太, 57 ,18,3,１, ,芝1200,良,,(栗),池添学,1088,-0.2,,2,2,33.8,502,+2,
,"2019. 1.27",中京,1名4,1000万,伊勢特別1000,7,11,ナンヨープルートー,牡,5,吉田隼人, 57 ,14,6,１, ,ダ1900,良,,(栗),松永幹夫,2007,-0.0,6,3,2,39.0,516,+8,
,"2019. 1.27",中京,1名4,500万,熱田特別500,8,9,モザイク,牡,5,荻野極, 57 ,10,3,１, ,芝2000,良,,(栗),奥村豊,1598,-0.3,6,7,7,34.4,462,-2,
,"2019. 1.27",中京,1名4,500万,500万下,6,11,リスペクタブル,牡,4,鮫島克駿, 56 ,16,3,１, ,ダ1400,良,,(栗),橋田満,1257,-0.1,,13,12,37.8,492,-8,
,"2019. 1.27",中京,1名4,500万,500万下・若,3,5,コパノピエール,牡,5,藤田菜七,56☆,18,5,１, ,芝1400,良,,(栗),宮徹,1209,-0.0,,1,1,34.7,492,+6,B
,"2019. 1.27",中京,1名4,未勝利,未勝利,3,6,メイショウコミチ,牝,3,松若風馬, 54 ,16,3,１, ,芝1600,良,,(栗),本田優,1354,-0.2,1,1,1,34.7,444,+2,
,"2019. 1.27",中京,1名4,500万,500万下・牝,8,10,シゲルマツタケ,牝,4,義英真,53☆,10,2,１, ,ダ1800,良,*,(栗),谷潔,1551,-0.4,4,3,3,37.3,448,0,
,"2019. 1.27",中京,1名4,未勝利,障害未勝利,6,9,ダンツセイケイ,牡,4,佐久間寛, 59 ,14,4,１, ,芝3000,良,,(栗),山内研二,3178,-1.1,6,4,3,13.2,506,+14,
,"2019. 1.27",中京,1名4,未勝利,障害未勝利,3,3,トーアツキヒカリ,セ,5,西谷誠, 60 ,13,1,１, ,芝3000,良,,(美),藤原辰雄,3189,-1.1,6,5,4,13.3,460,+6,
,"2019. 1.27",中京,1名4,未勝利,未勝利,2,3,イチバンヤリ,牡,3,吉田隼人, 56 ,16,1,１, ,ダ1200,良,,(栗),松永幹夫,1137,-0.1,,7,7,37.4,496,-2,
,"2019. 1.27",中京,1名4,未勝利,未勝利・牝,4,8,アオイツヤヒメ,牝,3,義英真,53☆,16,5,１, ,ダ1400,良,,(栗),高橋康之,1261,-1.5,,1,1,38.5,456,-6,
,"2019. 1.27",中京,1名4,未勝利,未勝利,3,5,サーチュイン,牝,3,川島信二, 54 ,15,8,１, ,ダ1800,良,,(栗),荒川義之,1571,-0.0,12,12,11,38.9,472,-2,
,"2019. 1.26",中京,1名3,1000万,知立特別1000,1,1,コパノディール,牝,6,戸崎圭太, 55 ,16,7,１, ,芝1200,良,,(美),武藤善則,1082,-0.1,,3,3,33.6,440,+2,
,"2019. 1.26",中京,1名3,Ｇ３,愛知杯ＨG3,4,5,ワンブレスアウェイ,牝,6,津村明秀, 54 ,14,8,１, ,芝2000,良,,(美),古賀慎明,2000,-0.1,4,4,4,33.9,496,+10,
,"2019. 1.26",中京,1名3,500万,はこべら500*,6,12,ケイアイターコイズ,牡,3,藤懸貴志, 56 ,16,3,１, ,ダ1400,良,,(栗),山内研二,1244,-0.7,,1,1,38.7,516,-4,
,"2019. 1.26",中京,1名3,500万,500万下,7,8,アイファーイチオー,牡,5,田中健, 57 ,10,1,１, ,ダ1800,良,,(栗),坂口正則,1544,-0.6,2,2,2,38.5,516,+4,
,"2019. 1.26",中京,1名3,500万,500万下,4,7,レッドランサー,牡,4,ルメール, 56 ,16,1,１, ,ダ1200,良,,(栗),中内田充,1121,-1.0,,1,1,36.6,462,+2,
,"2019. 1.26",中京,1名3,500万,500万下,2,2,ケンシュナウザー,牡,5,丸山元気, 57 ,11,5,１, ,ダ1900,良,,(栗),本田優,2019,-1.4,7,7,8,37.5,476,-4,
,"2019. 1.26",中京,1名3,未勝利,未勝利,8,12,アスクフラッシュ,牡,3,Ｍ．デム, 56 ,13,1,１, ,芝2000,良,,(栗),藤原英昭,2027,-0.2,1,1,1,34.9,510,0,
,"2019. 1.26",中京,1名3,新馬,新馬,8,15,ピースワンパラディ,牡,3,丸山元気, 56 ,16,3,１, ,芝1600,良,,(美),大竹正博,1373,-0.2,7,6,6,33.8,458,,
,"2019. 1.26",中京,1名3,500万,500万下・牝,2,3,コロニアルスタイル,牝,5,Ｍ．デム, 55 ,16,1,１, ,ダ1200,良,,(美),鈴木伸尋,1133,-0.0,,5,4,37.2,466,+4,
,"2019. 1.26",中京,1名3,未勝利,未勝利,8,11,キャメロン,牡,3,ルメール, 56 ,11,1,１, ,ダ1900,良,,(栗),今野貞一,2030,-1.0,1,1,1,38.9,492,-4,
,"2019. 1.26",中京,1名3,未勝利,未勝利,6,11,ゴールデンライオン,牡,3,鮫島克駿, 56 ,16,2,１, ,ダ1400,良,,(栗),川村禎彦,1270,-0.1,,3,2,36.9,482,-4,
,"2019. 1.26",中京,1名3,未勝利,未勝利・牝,6,7,グラスミルキー,牝,3,戸崎圭太, 54 ,12,2,１, ,ダ1800,良,,(美),尾形和幸,1575,-0.2,3,2,3,39.8,492,0,
,"2019. 1.20",中京,1名2,1000万,大須特別1000,1,2,ヒロシゲゴールド,牡,4,松田大作, 56 ,16,1,１, ,ダ1200,良,,(栗),北出成人,1114,-0.5,,1,1,36.4,470,-4,B
,"2019. 1.20",中京,1名2,Ｇ２,東海ＳG2,4,4,インティ,牡,5,武豊, 56 ,13,1,１, ,ダ1800,良,*,(栗),野中賢二,1498,-0.3,1,1,1,35.9,514,-2,
,"2019. 1.20",中京,1名2,500万,金山特別500,7,12,ナムラドノヴァン,牡,4,鮫島克駿, 56 ,15,2,１, ,芝2200,良,,(栗),杉山晴紀,2138,-0.1,7,6,9,34.0,484,+2,
,"2019. 1.20",中京,1名2,500万,500万下,7,13,サトノシリウス,牡,4,川田将雅, 56 ,18,1,１, ,芝2000,良,,(栗),藤原英昭,2023,-0.3,5,3,3,34.0,474,+2,
,"2019. 1.20",中京,1名2,500万,500万下,5,8,クイックファイア,牡,4,藤岡佑介, 56 ,14,2,１, ,ダ1800,良,,(栗),中内田充,1528,-1.6,5,3,2,37.1,468,-2,
,"2019. 1.20",中京,1名2,未勝利,未勝利,3,5,キュールエサクラ,牝,3,川田将雅, 54 ,18,1,１, ,芝1400,良,,(栗),中内田充,1227,-0.2,,2,2,34.7,458,-6,
,"2019. 1.20",中京,1名2,500万,500万下・牝,2,4,エテルニテ,牝,4,福永祐一, 54 ,16,1,１, ,ダ1400,良,,(栗),平田修,1257,-0.2,,2,2,38.1,500,-2,
,"2019. 1.20",中京,1名2,新馬,新馬,8,16,クールウォーター,牝,3,藤岡康太, 54 ,18,3,１, ,芝2000,良,,(美),堀宣行,2032,-0.5,6,2,3,34.7,418,,
,"2019. 1.20",中京,1名2,未勝利,障害未勝利,5,8,ジャッカスバーク,セ,8,熊沢重文, 60 ,14,2,１, ,芝3000,良,,(美),古賀慎明,3197,-0.1,1,1,1,13.3,546,+4,
,"2019. 1.20",中京,1名2,500万,500万下,3,5,クリノケンリュウ,牡,5,義英真,56☆,16,1,１, ,ダ1200,良,,(栗),藤沢則雄,1127,-0.4,,3,3,36.4,498,0,
,"2019. 1.20",中京,1名2,未勝利,未勝利,4,5,サトノファイター,牡,3,福永祐一, 56 ,13,2,１, ,ダ1900,良,,(栗),高橋亮,2048,-0.1,6,7,5,38.1,472,+2,
,"2019. 1.20",中京,1名2,未勝利,未勝利,6,10,レオビヨンド,牡,3,荻野極,55☆,14,4,１, ,ダ1800,良,,(栗),高柳大輔,1565,-0.3,3,4,4,37.7,468,-2,
,"2019. 1.19",中京,1名1,500万,庄内川特500,1,1,ライトオンキュー,牡,4,古川吉洋, 56 ,18,2,１, ,芝1400,良,,(栗),昆貢,1203,-0.1,,4,3,34.1,506,+18,
,"2019. 1.19",中京,1名1,1000万,中京スＨ1000,1,1,トーセンアイトーン,牡,4,荻野極, 55 ,10,1,１, ,芝2000,良,,(栗),藤原英昭,1590,-0.3,4,5,4,34.4,444,+2,
,"2019. 1.19",中京,1名1,500万,なずな賞500*,6,9,ジャスティン,牡,3,川又賢治, 56 ,13,6,１, ,芝1400,良,,(栗),矢作芳人,1209,-0.0,,1,1,34.7,486,+6,
,"2019. 1.19",中京,1名1,500万,500万下,2,4,ハーグリーブス,牡,4,丸山元気, 56 ,16,2,１, ,ダ1400,良,,(美),尾関知人,1252,-0.0,,3,2,37.2,510,+4,
,"2019. 1.19",中京,1名1,500万,500万下,3,5,ジェミニズ,牡,5,丸田恭介, 57 ,16,5,１, ,ダ1900,良,,(美),石栗龍彦,2010,-0.3,11,12,11,37.5,518,+10,
,"2019. 1.19",中京,1名1,未勝利,未勝利,4,7,シフルマン,牡,3,吉田隼人, 56 ,18,1,１, ,芝2000,良,,(栗),中尾秀正,2024,-0.2,3,3,3,34.8,504,+2,
,"2019. 1.19",中京,1名1,500万,500万下・牝,3,4,ダンツカホウ,牝,4,森裕太朗,52△,14,3,１, ,ダ1800,良,,(栗),山内研二,1556,-0.1,1,1,1,37.4,498,+2,B
,"2019. 1.19",中京,1名1,ｵｰﾌﾟﾝ,障害・オープ,8,13,ノワールギャルソン,牡,7,江田勇亮, 60 ,14,1,１, ,芝3330,良,,(美),田村康仁,3385,-0.8,1,1,1,13.1,446,0,
,"2019. 1.19",中京,1名1,未勝利,障害未勝利,7,12,レッドライジェル,セ,7,五十嵐雄, 60 ,14,2,１, ,芝3000,良,,(美),藤沢和雄,3212,-0.0,4,6,6,13.4,440,0,
,"2019. 1.19",中京,1名1,未勝利,未勝利,1,2,イーサンパンサー,牡,3,古川吉洋, 56 ,16,1,１, ,ダ1200,良,,(栗),昆貢,1135,-0.6,,4,3,37.4,466,-4,
,"2019. 1.19",中京,1名1,未勝利,未勝利・若,4,8,コパノカーリング,牡,3,森裕太朗,54△,16,5,１, ,ダ1400,良,,(栗),村山明,1275,-0.1,,12,13,37.8,460,+2,
,"2019. 1.19",中京,1名1,未勝利,未勝利・牝,3,5,ティボリドライヴ,牝,3,西村淳也,51▲,15,3,１, ,ダ1800,良,,(栗),田所秀孝,1571,-0.0,1,2,2,38.5,480,0,
,2018.12.16,中京,4名6,1000万,尾張特別1000,7,8,ギャラッド,セ,3,丸山元気, 55 ,10,1,１, ,芝2200,良,,(美),田村康仁,2154,-0.0,5,6,6,34.2,474,+6,
,2018.12.16,中京,4名6,1600万,三河ＳＨ1600,7,11,スマートダンディー,牡,4,秋山真一, 57 ,14,1,１, ,ダ1400,良,,(栗),石橋守,1238,-0.0,,7,8,35.5,502,+2,
,2018.12.16,中京,4名6,500万,桑名特別500,3,5,ワールドフォーラブ,牝,4,松若風馬, 55 ,18,2,１, ,芝1200,良,,(栗),音無秀孝,1090,-0.1,,4,3,34.2,448,-8,
,2018.12.16,中京,4名6,500万,500万下,8,16,アンネリース,牝,4,黛弘人, 55 ,18,5,１, ,芝2200,良,,(美),尾関知人,2142,-0.2,12,12,10,34.6,490,+4,
,2018.12.16,中京,4名6,500万,500万下,7,14,ロフティフレーズ,牝,3,丸山元気, 54 ,16,4,１, ,芝1600,良,,(美),上原博之,1342,-0.0,14,12,12,34.2,450,+12,
,2018.12.16,中京,4名6,500万,500万下,3,3,キングブラック,牡,3,柴山雄一, 56 ,12,3,１, ,ダ1900,良,,(栗),大橋勇樹,2007,-0.0,4,4,4,37.3,514,+8,
,2018.12.16,中京,4名6,500万,500万下・若,7,10,マンハッタンロック,牡,4,西村淳也,54▲,13,1,１, ,ダ1800,良,,(栗),岡田稲男,1532,-0.1,6,8,7,37.6,456,-2,
,2018.12.16,中京,4名6,未勝利,未勝利*,5,9,テーオーアマゾン,牡,2,鮫島克駿, 55 ,18,4,１, ,芝1400,良,,(栗),浜田多実,1225,-0.2,,8,8,35.2,480,-2,
,2018.12.16,中京,4名6,未勝利,障害未勝利,7,12,ヤマニンマンドール,牡,6,難波剛健, 60 ,14,1,１, ,芝3000,良,,(栗),浅見秀一,3185,-0.2,6,6,6,13.2,462,+12,
,2018.12.16,中京,4名6,500万,500万下,7,13,ツウカイウイング,牡,3,川須栄彦, 56 ,16,6,１, ,ダ1200,良,,(栗),千田輝彦,1121,-0.0,,9,9,36.6,456,+2,
,2018.12.16,中京,4名6,500万,500万下・牝,7,13,アポロユッキー,牝,4,秋山真一, 55 ,16,4,１, ,ダ1400,良,,(美),鈴木伸尋,1245,-0.3,,12,11,36.5,528,+2,
,2018.12.16,中京,4名6,未勝利,未勝利*,7,10,ゼルク,牡,2,鮫島克駿, 55 ,13,3,１, ,ダ1800,良,,(栗),松永幹夫,1557,-0.6,10,10,9,38.1,492,-4,
,2018.12.15,中京,4名5,500万,栄特別500,3,6,レッドレオン,牡,3,中谷雄太, 56 ,18,1,１, ,芝2000,良,,(栗),中竹和也,2021,-0.0,4,4,3,34.9,448,-6,
,2018.12.15,中京,4名5,1000万,中京日経1000,5,10,グランドボヌール,牡,4,松山弘平, 57 ,18,1,１, ,芝1200,良,,(栗),鈴木孝志,1084,-0.6,,1,1,33.8,482,+6,
,2018.12.15,中京,4名5,500万,寒椿賞500*,7,11,オーヴァルエース,牡,2,蛯名正義, 55 ,13,1,１, ,ダ1400,稍,,(美),高木登,1256,-0.2,,8,8,37.3,508,+4,
,2018.12.15,中京,4名5,500万,500万下,4,7,メモリーコロネット,牝,3,蛯名正義, 54 ,18,2,１, ,芝1400,良,,(栗),大久保龍,1214,-0.0,,4,3,34.8,438,-2,
,2018.12.15,中京,4名5,500万,500万下,7,13,スズカフューラー,牡,4,太宰啓介, 57 ,16,3,１, ,ダ1800,稍,,(栗),西橋豊治,1537,-0.0,5,4,4,38.2,434,+12,
,2018.12.15,中京,4名5,500万,500万下,8,16,クリムズンフラッグ,牡,3,柴山雄一, 56 ,16,3,１, ,ダ1400,稍,,(美),青木孝文,1251,-0.0,,3,3,37.6,524,-4,
,2018.12.15,中京,4名5,未勝利,未勝利・牝*,7,13,トロイメント,牝,2,津村明秀, 54 ,16,3,１, ,芝1600,良,,(栗),西浦勝一,1347,-0.7,11,11,9,34.9,424,-6,
,2018.12.15,中京,4名5,新馬,新馬,8,12,グトルフォス,牡,2,柴山雄一, 55 ,13,3,１, ,ダ1800,稍,,(栗),浅見秀一,1565,-0.1,12,9,9,39.9,510,,
,2018.12.15,中京,4名5,未勝利,障害未勝利,1,1,ムーンクレスト,牡,6,平沢健治, 60 ,14,1,１, ,芝3000,良,,(栗),本田優,3217,-0.1,2,2,2,13.4,486,+14,
,2018.12.15,中京,4名5,500万,500万下・若,8,13,メイショウラケーテ,牡,4,荻野極,56☆,14,1,１, ,ダ1200,稍,,(栗),松永昌博,1125,-0.0,,2,2,36.9,464,+6,
,2018.12.15,中京,4名5,500万,500万下・牝,1,2,カリーニョミノル,牝,4,富田暁,53△,16,1,１, ,ダ1800,稍,,(栗),北出成人,1539,-0.2,9,3,2,37.7,490,0,
,2018.12.15,中京,4名5,未勝利,未勝利*,4,7,オールミラージュ,牡,2,横山武史,53△,16,9,１, ,ダ1400,稍,,(美),伊藤正徳,1269,-0.1,,4,4,38.5,442,+2,
,"2018.12. 9",中京,4名4,500万,長良川特500,3,4,バレリオ,牡,3,柴山雄一, 55 ,15,4,１, ,芝2200,良,,(美),相沢郁,2138,-0.1,14,12,9,34.5,504,+24,
,"2018.12. 9",中京,4名4,1000万,名古屋日1000,8,11,プラチナヴォイス,牡,4,柴山雄一, 57 ,12,1,１, ,芝2000,良,,(栗),鮫島一歩,2014,-0.2,7,3,3,34.9,522,0,
,"2018.12. 9",中京,4名4,500万,つわぶき500*,7,9,アフランシール,牝,2,酒井学, 54 ,12,2,１, ,芝1400,良,*,(美),尾関知人,1224,-0.1,,8,6,34.7,482,+4,
,"2018.12. 9",中京,4名4,500万,500万下,5,5,ロードゴラッソ,牡,3,吉田隼人, 56 ,12,3,１, ,ダ1900,良,,(栗),藤岡健一,2013,-0.5,3,4,2,37.8,464,-6,
,"2018.12. 9",中京,4名4,500万,500万下,8,15,エイムアンドエンド,牡,3,吉田隼人, 56 ,16,2,１, ,芝1600,良,,(美),奥村武,1345,-0.1,2,2,2,36.8,488,+4,
,"2018.12. 9",中京,4名4,未勝利,未勝利*,8,13,タイセイモナーク,牡,2,吉田隼人, 55 ,14,7,１, ,芝2000,良,*,(栗),西村真幸,2041,-0.0,9,8,8,34.9,470,-2,
,"2018.12. 9",中京,4名4,500万,500万下・若,8,11,メイショウナンプウ,牡,4,城戸義政, 57 ,11,6,１, ,ダ1800,良,,(栗),荒川義之,1553,-0.0,11,7,4,38.0,494,+2,B
,"2018.12. 9",中京,4名4,新馬,新馬,5,5,タニノドラマ,牡,2,吉田隼人, 55 ,8,5,１, ,芝2000,良,,(栗),松田国英,2038,-0.1,5,6,5,35.3,424,,
,"2018.12. 9",中京,4名4,未勝利,障害未勝利,6,9,ヤマカツリーダー,セ,5,北沢伸也, 60 ,14,1,１, ,芝3000,良,,(栗),大根田裕,3203,-0.4,3,3,3,13.4,488,+8,
,"2018.12. 9",中京,4名4,500万,500万下,6,12,ラホーヤノキセキ,牡,4,森一馬, 57 ,16,2,１, ,ダ1200,良,,(栗),松永昌博,1128,-0.6,,2,2,37.4,508,+12,
,"2018.12. 9",中京,4名4,500万,500万下・牝,7,8,アスターストーリー,牝,4,西村淳也,52▲,10,2,１, ,ダ1800,良,,(栗),湯窪幸雄,1546,-0.2,3,4,3,38.8,454,+2,
,"2018.12. 9",中京,4名4,未勝利,未勝利*,4,7,スポーカンテソーロ,牝,2,横山武史,52△,16,1,１, ,ダ1400,良,,(美),武井亮,1266,-0.6,,1,1,39.5,516,+8,
,"2018.12. 8",中京,4名3,500万,犬山特別500,6,11,トーセンリラ,牝,3,田中勝春, 54 ,18,10,１, ,芝1400,良,,(美),宗像義忠,1210,-0.1,,4,5,35.1,454,-8,
,"2018.12. 8",中京,4名3,Ｇ３,中日新聞ＨG3,5,7,ギベオン,牡,3,Ｃ．デム, 56 ,14,1,１, ,芝2000,良,,(栗),藤原英昭,1593,-0.0,8,8,7,35.3,508,+4,
,"2018.12. 8",中京,4名3,1000万,浜名湖特1000,3,5,エオリア,牝,4,吉田隼人, 55 ,16,3,１, ,ダ1800,良,,(栗),角田晃一,1534,-0.5,7,7,7,38.0,484,-6,
,"2018.12. 8",中京,4名3,500万,500万下,7,15,レッドエクシード,牡,3,Ｃ．デム, 56 ,18,1,１, ,芝2000,良,,(栗),松永幹夫,2014,-0.0,5,5,5,35.3,480,+6,
,"2018.12. 8",中京,4名3,500万,500万下・牝,6,12,サンシャーロット,牝,4,横山武史,53△,16,7,１, ,ダ1400,良,,(栗),谷潔,1250,-1.1,,12,9,37.0,450,+12,
,"2018.12. 8",中京,4名3,未勝利,未勝利*,5,7,ワイドファラオ,牡,2,福永祐一, 55 ,14,1,１, ,芝1600,良,,(栗),中竹和也,1352,-0.2,4,2,2,35.3,500,+4,
,"2018.12. 8",中京,4名3,500万,500万下,3,4,テイエムオスカー,牡,3,西村淳也,53▲,15,6,１, ,ダ1800,良,,(栗),山内研二,1528,-0.8,6,5,5,37.6,500,+6,
,"2018.12. 8",中京,4名3,ｵｰﾌﾟﾝ,障害・オープ,1,1,ハルキストン,牡,3,中村将之, 58 ,14,6,１, ,芝3300,良,,(栗),浅見秀一,3376,-0.0,11,6,4,13.2,448,+6,
,"2018.12. 8",中京,4名3,未勝利,障害未勝利,6,10,キークラッカー,牡,5,石神深一, 60 ,14,5,１, ,芝3000,良,,(美),土田稔,3197,-0.4,2,2,2,13.3,520,-8,
,"2018.12. 8",中京,4名3,500万,500万下,4,8,ファビラスヒーロー,セ,5,義英真,56☆,16,2,１, ,ダ1200,良,,(栗),野中賢二,1130,-0.0,,8,9,37.6,490,+12,
,"2018.12. 8",中京,4名3,500万,500万下,6,11,フィールザファラオ,牡,3,北村宏司, 56 ,16,6,１, ,ダ1400,良,,(美),岩戸孝樹,1251,-0.0,,10,10,37.0,456,+4,
,"2018.12. 8",中京,4名3,未勝利,未勝利・牝*,8,12,ユーフォニー,牝,2,津村明秀, 54 ,12,3,１, ,ダ1800,良,,(栗),角田晃一,1560,-0.7,5,4,2,39.4,458,+4,
,"2018.12. 2",中京,4名2,1000万,鳴海特別1000,7,13,イーグルバローズ,牡,4,モレイラ, 57 ,16,1,１, ,ダ1200,良,,(美),堀宣行,1105,-0.6,,4,4,35.7,548,+4,
,"2018.12. 2",中京,4名2,Ｇ１,チャンピG1,2,2,ルヴァンスレーヴ,牡,3,Ｍ．デム, 56 ,15,1,１, ,ダ1800,良,,(美),萩原清,1501,-0.4,2,3,3,35.6,490,+2,
,"2018.12. 2",中京,4名2,1000万,鳥羽特別1000,5,9,ラベンダーヴァレイ,牝,5,モレイラ, 55 ,16,4,１, ,芝1400,良,,(栗),藤原英昭,1206,-0.1,,7,7,34.0,440,+14,
,"2018.12. 2",中京,4名2,500万,豊川特別500,6,10,トライン,牡,3,藤岡佑介, 56 ,15,6,１, ,芝1600,良,,(栗),浜田多実,1333,-0.0,12,13,13,32.9,458,-6,
,"2018.12. 2",中京,4名2,500万,500万下,4,7,レッドヴァール,牝,3,三浦皇成, 53 ,18,3,１, ,芝2200,良,,(美),鹿戸雄一,2136,-0.0,1,2,1,35.1,466,-6,
,"2018.12. 2",中京,4名2,500万,500万下,2,3,ダンサクドゥーロ,牡,4,小牧太, 57 ,15,2,１, ,ダ1800,良,,(栗),松永昌博,1538,-0.3,8,5,3,38.4,514,+4,
,"2018.12. 2",中京,4名2,500万,500万下,8,17,ボーンスキルフル,牝,3,モレイラ, 54 ,18,2,１, ,芝1200,良,*,(栗),牧浦充徳,1084,-0.1,,2,2,34.5,448,+6,
,"2018.12. 2",中京,4名2,新馬,新馬,8,15,フォッサマグナ,牡,2,ルメール, 55 ,16,1,１, ,芝1400,良,,(美),藤沢和雄,1217,-0.4,,10,10,33.7,466,,
,"2018.12. 2",中京,4名2,未勝利,未勝利*,2,2,ミトノマルーン,牡,2,松山弘平, 55 ,10,2,１, ,芝2000,良,,(栗),大橋勇樹,2030,-0.0,1,1,1,34.7,482,0,
,"2018.12. 2",中京,4名2,500万,500万下,6,12,ラブリーイレブン,牝,3,戸崎圭太, 54 ,16,5,１, ,ダ1400,良,,(栗),松元茂樹,1248,-0.4,,3,3,37.0,436,+8,
,"2018.12. 2",中京,4名2,500万,500万下・牝,4,5,エイシンセラード,牝,3,福永祐一, 54 ,13,1,１, ,ダ1800,良,,(栗),今野貞一,1530,-0.3,2,2,2,38.4,516,+16,
,"2018.12. 2",中京,4名2,未勝利,未勝利*,7,14,タマモクレマチス,牝,2,富田暁,52△,16,4,１, ,ダ1200,良,,(栗),木原一良,1135,-0.1,,2,2,37.3,436,-6,
,"2018.12. 1",中京,4名1,500万,高山特別500,6,11,クリノフラッシュ,牝,3,松山弘平, 54 ,16,7,１, ,ダ1400,良,,(栗),橋田満,1249,-0.2,,2,2,37.6,432,+2,B
,"2018.12. 1",中京,4名1,1600万,浜松ＳＨ1600,4,7,イエローマリンバ,牝,3,高倉稜, 52 ,18,5,１, ,芝1200,良,,(栗),河内洋,1081,-0.0,,1,1,34.1,436,-2,
,"2018.12. 1",中京,4名1,500万,こうやま500*,7,7,ダノンチェイサー,牡,2,津村明秀, 55 ,9,1,１, ,芝1600,良,,(栗),池江泰寿,1347,-0.0,5,5,5,33.5,474,+4,
,"2018.12. 1",中京,4名1,500万,500万下・牝,8,16,アロハリリー,牝,3,川又賢治,53☆,18,1,１, ,芝2000,良,,(栗),高野友和,2009,-0.4,2,2,2,34.3,454,+20,
,"2018.12. 1",中京,4名1,500万,500万下・若,2,2,ダノンスパーク,牡,5,川又賢治,56☆,15,2,１, ,ダ1800,良,,(栗),音無秀孝,1535,-0.5,1,1,1,38.1,512,-10,
,"2018.12. 1",中京,4名1,500万,500万下,2,3,イナズママンボ,牝,4,松山弘平, 55 ,16,9,１, ,ダ1200,良,,(栗),松元茂樹,1127,-0.1,,11,10,36.6,464,+8,B
,"2018.12. 1",中京,4名1,500万,500万下,3,6,ディアボレット,牝,3,藤田菜七,52△,18,3,１, ,芝1400,良,,(栗),加用正,1204,-0.2,,2,2,34.3,458,+8,
,"2018.12. 1",中京,4名1,500万,500万下,7,13,マイアフェクション,牡,4,太宰啓介, 57 ,16,4,１, ,ダ1800,良,,(栗),石橋守,1537,-0.0,1,1,1,36.7,468,0,
,"2018.12. 1",中京,4名1,未勝利,未勝利*,1,2,メジャーハリケーン,牡,2,池添謙一, 55 ,18,1,１, ,芝1200,良,,(栗),清水久詞,1093,-0.0,,3,3,34.7,474,-4,
,"2018.12. 1",中京,4名1,500万,500万下,7,13,サノノカガヤキ,牡,5,嶋田純次, 57 ,16,6,１, ,ダ1900,良,,(美),尾形和幸,1595,-1.9,1,1,1,37.3,504,0,
,"2018.12. 1",中京,4名1,500万,500万下・牝,2,4,エトワールブリエ,牝,3,菱田裕二, 54 ,16,10,１, ,ダ1200,良,,(美),田中博康,1121,-0.2,,1,1,36.8,420,-14,
,"2018.12. 1",中京,4名1,未勝利,未勝利*,6,11,ロードリバーサル,牡,2,藤岡康太, 55 ,16,3,１, ,ダ1800,良,,(栗),藤岡健一,1557,-0.2,5,3,3,38.8,494,+2,
,"2018. 7.22",中京,3名8,500万,500万下,4,7,ダノンフォワード,牡,3,戸崎圭太, 54 ,15,1,１, ,ダ1800,良,,(栗),藤原英昭,1527,-0.4,1,1,1,38.8,442,-2,B
,"2018. 7.22",中京,3名8,Ｇ３,中京記念ＨG3,8,16,グレーターロンドン,牡,6,田辺裕信,56.5,16,1,１, ,芝1600,良,,(美),大竹正博,1323,-0.1,8,11,11,34.1,468,0,
,"2018. 7.22",中京,3名8,1000万,尾頭橋特1000,2,4,スズカコーズライン,牡,4,酒井学, 57 ,16,2,１, ,ダ1200,良,,(栗),木原一良,1106,-0.2,,1,1,36.6,500,+2,
,"2018. 7.22",中京,3名8,500万,渥美特別500,8,13,アフリカンゴールド,牡,3,松若風馬, 54 ,14,4,１, ,芝2200,良,,(栗),西園正都,2119,-0.4,3,2,3,35.6,462,0,
,"2018. 7.22",中京,3名8,500万,500万下,8,16,タガノアム,牝,3,岡田祥嗣, 52 ,16,1,１, ,ダ1400,良,,(栗),浅見秀一,1242,-0.2,,11,11,37.2,458,+2,
,"2018. 7.22",中京,3名8,500万,500万下,7,14,レッドヴェイロン,牡,3,福永祐一, 54 ,16,1,１, ,芝1600,良,,(栗),石坂正,1332,-0.0,9,9,9,34.5,482,+8,
,"2018. 7.22",中京,3名8,未勝利,未勝利,2,3,クイックファイア,牡,3,川又賢治,54△,16,6,１, ,ダ1800,良,,(栗),中内田充,1544,-1.2,2,1,1,38.6,470,,
,"2018. 7.22",中京,3名8,新馬,新馬,8,9,ソルトホープ,牡,2,戸崎圭太, 54 ,9,6,１, ,芝2000,良,,(栗),武英智,2058,-0.0,2,2,2,34.5,446,,
,"2018. 7.22",中京,3名8,未勝利,障害未勝利,1,1,マッシヴランナー,牡,6,熊沢重文, 60 ,10,2,１, ,芝3000,良,,(栗),大橋勇樹,3191,-0.2,1,1,1,13.3,528,-4,
,"2018. 7.22",中京,3名8,未勝利,未勝利,8,16,テーオージーニアス,牡,3,松若風馬, 56 ,16,2,１, ,ダ1200,良,,(栗),梅田智之,1125,-0.5,,10,10,36.4,484,+2,
,"2018. 7.22",中京,3名8,未勝利,未勝利,7,15,メモリーコロネット,牝,3,福永祐一, 54 ,18,2,１, ,芝1200,良,,(栗),大久保龍,1092,-0.3,,6,6,33.7,438,0,
,"2018. 7.22",中京,3名8,未勝利,未勝利*,7,9,アドマイヤジャスタ,牡,2,福永祐一, 54 ,12,1,１, ,芝1600,良,,(栗),須貝尚介,1364,-0.4,6,6,7,34.3,506,-2,
,"2018. 7.21",中京,3名7,500万,500万下・牝,8,16,デスティニーソング,牝,4,鮫島克駿, 55 ,18,1,１, ,芝1400,良,,(栗),松下武士,1212,-0.0,,6,10,35.0,444,0,
,"2018. 7.21",中京,3名7,1600万,桶狭間Ｓ1600,4,6,アードラー,牡,4,松若風馬, 57 ,15,2,１, ,ダ1400,良,*,(栗),音無秀孝,1236,-0.0,,11,11,35.9,466,-8,
,"2018. 7.21",中京,3名7,1000万,長久手特1000,5,5,ソーグリッタリング,牡,4,Ｍ．デム, 57 ,11,1,１, ,芝1600,良,,(栗),池江泰寿,1331,-0.2,4,4,3,34.5,470,-2,
,"2018. 7.21",中京,3名7,ｵｰﾌﾟﾝ,中京２歳,6,6,アドマイヤマーズ,牡,2,Ｍ．デム, 54 ,7,1,１, ,芝1600,良,,(栗),友道康夫,1347,-0.5,2,3,4,34.9,460,-8,
,"2018. 7.21",中京,3名7,500万,500万下,3,6,スズカモナミ,牝,4,Ｍ．デム, 55 ,16,2,１, ,ダ1200,良,,(栗),吉村圭司,1115,-0.6,,5,5,36.6,428,-8,
,"2018. 7.21",中京,3名7,未勝利,未勝利,7,11,タガノヒルクライム,牡,3,幸英明, 56 ,13,4,１, ,芝2200,良,,(栗),鈴木孝志,2142,-0.4,11,1,1,36.4,444,0,
,"2018. 7.21",中京,3名7,新馬,新馬,3,3,ジョニーズララバイ,牡,2,Ｍ．デム, 54 ,10,1,１, ,芝1400,良,,(栗),音無秀孝,1236,-0.0,,2,1,35.7,454,,
,"2018. 7.21",中京,3名7,新馬,新馬,8,9,ドラウプニル,牡,2,福永祐一, 54 ,10,3,１, ,芝1600,良,,(栗),斉藤崇史,1369,-0.2,4,3,3,35.0,454,,
,"2018. 7.21",中京,3名7,未勝利,未勝利,2,4,リスペクタブル,牡,3,和田竜二, 56 ,16,4,１, ,ダ1400,良,,(栗),橋田満,1259,-0.2,,10,10,38.3,484,+6,
,"2018. 7.21",中京,3名7,未勝利,未勝利,4,7,ヘブンリーデイズ,牡,3,川又賢治,54△,16,8,１, ,芝2000,良,,(栗),矢作芳人,2008,-0.2,3,2,2,35.6,446,-2,
,"2018. 7.21",中京,3名7,未勝利,未勝利・牝,3,4,メモリーコバルト,牝,3,幸英明, 54 ,15,2,１, ,ダ1800,良,,(栗),湯窪幸雄,1552,-0.7,6,6,4,38.7,456,0,
,"2018. 7.21",中京,3名7,未勝利,未勝利*,1,2,アールロッソ,牝,2,松山弘平, 54 ,16,2,１, ,ダ1200,良,,(栗),松下武士,1126,-0.1,,2,1,37.5,474,+6,
,"2018. 7.15",中京,3名6,1000万,フィリピ1000,3,3,キーナンバー,牡,5,幸英明, 57 ,10,3,１, ,芝1200,良,,(栗),宮徹,1081,-0.1,,4,3,33.9,514,+14,
,"2018. 7.15",中京,3名6,ｵｰﾌﾟﾝ,名鉄杯,8,16,ラインルーフ,牡,6,森一馬, 56 ,16,3,１, ,ダ1800,良,,(栗),松永昌博,1491,-1.3,2,2,2,36.4,510,-4,
,"2018. 7.15",中京,3名6,1000万,シンガポ1000,4,5,シャルドネゴールド,牡,3,Ｍ．デム, 54 ,13,1,１, ,芝2000,良,,(栗),池江泰寿,2001,-0.2,6,5,5,34.9,446,+6,
,"2018. 7.15",中京,3名6,500万,タイラン500,8,17,スイーズドリームス,牡,4,武豊, 57 ,17,2,１, ,芝1400,良,,(栗),須貝尚介,1208,-0.2,,12,13,33.7,498,+6,
,"2018. 7.15",中京,3名6,500万,500万下・牝,8,12,レオコックブルー,牝,3,浜中俊, 52 ,13,6,１, ,芝2000,良,,(栗),牧田和弥,1598,-0.0,12,7,7,34.9,438,-2,
,"2018. 7.15",中京,3名6,500万,500万下,5,10,インティ,牡,4,武豊, 57 ,16,1,１, ,ダ1800,良,,(栗),野中賢二,1513,-0.7,4,3,2,37.3,516,+14,
,"2018. 7.15",中京,3名6,新馬,新馬,6,7,ファンタジスト,牡,2,武豊, 54 ,12,2,１, ,芝1200,良,,(栗),梅田智之,1096,-0.0,,2,2,34.5,448,,
,"2018. 7.15",中京,3名6,新馬,新馬,1,1,エルモンストロ,牡,2,Ｍ．デム, 54 ,11,2,１, ,芝1600,良,,(栗),中竹和也,1349,-0.2,1,1,1,35.2,464,,
,"2018. 7.15",中京,3名6,未勝利,未勝利,5,9,アドマイヤデジタル,牡,3,Ｍ．デム, 56 ,18,1,１, ,芝2000,良,,(栗),友道康夫,2016,-0.4,11,4,3,35.0,446,-4,
,"2018. 7.15",中京,3名6,未勝利,未勝利,3,5,フローリン,牡,3,荻野極,55☆,16,1,１, ,ダ1900,良,,(栗),中内田充,1595,-1.1,1,1,1,38.2,464,-6,
,"2018. 7.15",中京,3名6,未勝利,未勝利・牝,1,1,ナイスドゥ,牝,3,森裕太朗,52△,16,3,１, ,ダ1400,良,,(栗),鈴木孝志,1245,-0.2,,5,4,37.2,436,-2,
,"2018. 7.15",中京,3名6,未勝利,未勝利*,1,1,プールヴィル,牝,2,Ｍ．デム, 54 ,13,2,１, ,芝1400,良,,(栗),庄野靖志,1220,-0.1,,7,5,35.5,418,0,
,"2018. 7.14",中京,3名5,500万,500万下,8,16,ニホンピロタイド,牡,3,酒井学, 54 ,16,2,１, ,ダ1400,良,,(栗),大橋勇樹,1230,-0.2,,3,3,36.3,484,-8,
,"2018. 7.14",中京,3名5,1600万,マレーシ1600,2,2,エンジニア,牡,5,和田竜二, 57 ,6,3,１, ,芝2000,良,,(美),牧光二,2007,-0.0,4,4,4,33.9,482,0,
,"2018. 7.14",中京,3名5,1000万,インデＨ1000,4,6,アイアンテーラー,牝,4,浜中俊, 53 ,14,6,１, ,ダ1900,良,,(栗),飯田雄三,1577,-0.1,1,1,1,38.3,466,-4,
,"2018. 7.14",中京,3名5,500万,マカオジ500,5,8,スマートシャヒーン,牡,4,鮫島克駿, 57 ,15,8,１, ,芝1200,良,,(栗),安田隆行,1081,-0.1,,1,1,34.1,476,+6,
,"2018. 7.14",中京,3名5,500万,500万下,6,7,シースプラッシュ,牡,3,太宰啓介, 54 ,12,5,１, ,芝2000,良,,(栗),本田優,1593,-0.2,4,4,4,35.7,496,-2,
,"2018. 7.14",中京,3名5,未勝利,未勝利,6,11,ブレイニーラン,牡,3,福永祐一, 56 ,16,1,１, ,芝1600,良,,(栗),須貝尚介,1340,-0.2,8,8,8,34.2,450,-2,
,"2018. 7.14",中京,3名5,未勝利,未勝利,4,7,イベリア,牡,3,福永祐一, 56 ,16,3,１, ,ダ1800,良,,(栗),橋田満,1540,-0.0,4,3,2,39.3,486,-6,
,"2018. 7.14",中京,3名5,新馬,新馬・牝,8,14,ローゼンクリーガー,牝,2,川又賢治,52△,15,3,１, ,芝1400,良,,(栗),高橋亮,1216,-0.2,,1,1,35.5,458,,
,"2018. 7.14",中京,3名5,ｵｰﾌﾟﾝ,障害・オープ,1,1,メイショウヤエヤマ,牡,4,平沢健治, 60 ,7,1,１, ,芝3330,良,,(栗),高橋亮,3390,-0.1,1,1,1,13.2,516,-4,
,"2018. 7.14",中京,3名5,未勝利,未勝利,7,13,ヘーザ,牝,3,Ｍ．デム, 54 ,16,1,１, ,ダ1200,良,,(栗),高柳大輔,1120,-0.1,,2,2,37.4,430,+2,B
,"2018. 7.14",中京,3名5,未勝利,未勝利・牝,4,7,デイジーブリランテ,牝,3,秋山真一, 54 ,16,3,１, ,ダ1800,良,,(栗),鮫島一歩,1531,-0.9,1,1,1,38.2,458,0,
,"2018. 7.14",中京,3名5,未勝利,障害未勝利,4,4,メイショウグジョウ,牡,4,中村将之, 60 ,11,1,１, ,芝3000,良,,(栗),浅見秀一,3194,-0.6,1,1,1,13.3,468,+4,
,"2018. 7. 8",中京,3名4,500万,500万下,1,2,クリノフウジン,牡,4,Ｍ．デム, 57 ,16,3,１, ,ダ1800,不,,(栗),高橋義忠,1506,-0.2,10,9,4,37.1,490,-6,
,"2018. 7. 8",中京,3名4,Ｇ３,プロキオG3,8,13,マテラスカイ,牡,4,武豊, 56 ,14,5,１, ,ダ1400,不,,(栗),森秀行,1203,-0.7,,1,1,35.6,508,-8,
,"2018. 7. 8",中京,3名4,1000万,有松特Ｈ1000,1,1,インディチャンプ,牡,3,福永祐一, 54 ,14,1,１, ,芝1600,稍,,(栗),音無秀孝,1342,-0.3,3,5,5,35.2,452,-8,
,"2018. 7. 8",中京,3名4,500万,清洲特別500,8,12,プリュス,牝,3,武豊, 52 ,13,4,１, ,芝1400,稍,,(栗),松永幹夫,1221,-0.0,,6,6,34.6,426,-2,
,"2018. 7. 8",中京,3名4,500万,500万下,2,2,ヴァントシルム,牡,4,川田将雅, 57 ,12,2,１, ,芝2200,稍,,(栗),須貝尚介,2144,-0.1,3,3,3,35.9,480,-2,
,"2018. 7. 8",中京,3名4,500万,500万下・牝,4,8,マコトモンジョワ,牝,3,和田竜二, 52 ,16,3,１, ,ダ1400,不,,(栗),高橋義忠,1221,-0.2,,4,3,36.8,452,+2,B
,"2018. 7. 8",中京,3名4,未勝利,未勝利,4,7,キタノナシラ,セ,3,鮫島克駿, 56 ,16,3,１, ,ダ1400,不,*,(栗),坂口正則,1233,-0.1,,2,2,37.1,476,0,B
,"2018. 7. 8",中京,3名4,新馬,新馬,2,2,カテドラル,牡,2,福永祐一, 54 ,10,4,１, ,芝2000,重,,(栗),池添学,2061,-0.4,2,3,3,34.3,464,,
,"2018. 7. 8",中京,3名4,未勝利,障害未勝利,6,9,カレンバッドボーイ,牡,8,平沢健治, 60 ,14,2,１, ,芝3000,重,,(栗),橋口慎介,3204,-0.2,8,3,1,13.4,476,-10,
,"2018. 7. 8",中京,3名4,未勝利,未勝利・牝,3,5,タガノブディーノ,牝,3,三浦皇成, 54 ,16,9,１, ,ダ1800,不,,(栗),五十嵐忠,1526,-0.7,14,12,9,36.7,478,-4,
,"2018. 7. 8",中京,3名4,未勝利,未勝利,2,3,アプルーヴァル,牡,3,和田竜二, 56 ,18,1,１, ,芝1400,重,,(栗),今野貞一,1224,-0.3,,6,6,35.4,500,-2,
,"2018. 7. 8",中京,3名4,未勝利,未勝利*,4,4,マイネルフラップ,牡,2,和田竜二, 54 ,7,4,１, ,芝1600,重,,(栗),梅田智之,1378,-0.2,6,5,5,36.3,456,-8,
,"2018. 7. 7",中京,3名3,500万,500万下,3,5,ペルペトゥオ,牝,3,川田将雅, 52 ,16,1,１, ,ダ1200,重,,(栗),中内田充,1103,-0.2,,1,1,36.2,468,+2,
,"2018. 7. 7",中京,3名3,1600万,豊明Ｓ1600,7,13,エイシンティンクル,牝,5,和田竜二, 55 ,15,4,１, ,芝1400,重,,(栗),坂口正則,1208,-0.1,,4,4,35.5,506,0,
,"2018. 7. 7",中京,3名3,1000万,濃尾特別1000,2,2,プロスパラスデイズ,牡,3,太宰啓介, 54 ,15,9,１, ,ダ1800,重,,(栗),昆貢,1497,-0.4,12,12,8,36.3,518,-2,
,"2018. 7. 7",中京,3名3,500万,茶臼山高500,2,2,メルヴィンカズマ,牡,4,Ｍ．デム, 57 ,9,3,１, ,芝2000,重,,(栗),西浦勝一,2017,-0.1,3,3,4,35.3,490,-2,
,"2018. 7. 7",中京,3名3,500万,500万下・牝,6,11,ディメンシオン,牝,4,福永祐一, 55 ,16,1,１, ,芝1600,重,,(栗),藤原英昭,1344,-0.1,12,9,6,35.4,448,+8,
,"2018. 7. 7",中京,3名3,未勝利,未勝利,4,7,ショウナンバーチ,牝,3,Ｍ．デム, 54 ,18,2,１, ,芝2000,重,,(栗),高野友和,2026,-0.4,1,1,1,35.9,456,+8,
,"2018. 7. 7",中京,3名3,新馬,新馬,6,12,タガノカルラ,牡,2,太宰啓介, 54 ,16,10,１, ,ダ1400,重,,(栗),本田優,1247,-0.1,,5,4,36.5,432,,
,"2018. 7. 7",中京,3名3,新馬,新馬,7,9,アヴァンティスト,牡,2,幸英明, 54 ,11,4,１, ,芝1400,重,,(栗),西浦勝一,1236,-0.2,,5,5,35.6,458,,
,"2018. 7. 7",中京,3名3,未勝利,未勝利・牝,3,5,チカアレグレ,牝,3,松若風馬, 54 ,16,2,１, ,芝1600,重,*,(栗),中竹和也,1357,-0.8,1,1,1,35.6,490,-6,
,"2018. 7. 7",中京,3名3,未勝利,未勝利,7,14,ニホンピロマドン,牡,3,国分優作, 56 ,16,5,１, ,ダ1200,不,,(栗),服部利之,1118,-0.0,,5,4,37.0,504,-18,
,"2018. 7. 7",中京,3名3,未勝利,未勝利,1,2,ブンゴ,牡,3,川又賢治,54△,16,9,１, ,ダ1800,不,,(栗),石坂正,1523,-0.2,3,3,3,36.8,480,-6,
,"2018. 7. 7",中京,3名3,未勝利,未勝利*,1,1,セプタリアン,牡,2,福永祐一, 54 ,8,1,１, ,芝1200,重,,(栗),池添学,1093,-0.6,,1,1,35.0,476,-2,
,"2018. 7. 1",中京,3名2,500万,500万下,4,7,アドマイヤビクター,牡,3,川田将雅, 54 ,15,1,１, ,ダ1900,良,,(栗),友道康夫,1587,-0.2,5,5,5,36.9,512,-6,
,"2018. 7. 1",中京,3名2,Ｇ３,ＣＢＣ賞ＨG3,4,8,アレスバローズ,牡,6,川田将雅, 54 ,18,4,１, ,芝1200,良,*,(栗),角田晃一,1070,-0.2,,10,8,33.2,490,-2,
,"2018. 7. 1",中京,3名2,1000万,香嵐渓特1000,5,10,ビックリシタナモー,牡,4,Ｍ．デム, 57 ,16,1,１, ,ダ1400,良,,(栗),音無秀孝,1234,-0.0,,8,7,35.8,508,-4,
,"2018. 7. 1",中京,3名2,1000万,木曽川特1000,6,6,ダノンマジェスティ,牡,3,和田竜二, 53 ,10,2,１, ,芝2200,良,,(栗),音無秀孝,2108,-0.1,9,9,7,34.5,480,+10,
,"2018. 7. 1",中京,3名2,500万,500万下,4,8,ミトノレインボー,牝,3,和田竜二, 52 ,18,3,１, ,芝1200,良,,(栗),大橋勇樹,1082,-0.1,,1,1,33.4,466,+2,
,"2018. 7. 1",中京,3名2,500万,500万下,1,2,ワンダーレアリサル,牝,4,太宰啓介, 55 ,16,9,１, ,ダ1400,良,,(栗),石橋守,1238,-0.2,,7,7,36.0,480,-6,
,"2018. 7. 1",中京,3名2,新馬,新馬,7,10,ブルスクーロ,牡,2,川田将雅, 54 ,12,1,１, ,芝1400,良,,(栗),池添学,1221,-0.0,,2,2,34.5,502,,
,"2018. 7. 1",中京,3名2,新馬,新馬・牝,5,5,エイシンゾーン,牝,2,幸英明, 54 ,8,6,１, ,芝1600,良,,(栗),松元茂樹,1353,-0.0,7,7,7,33.7,426,,
,"2018. 7. 1",中京,3名2,未勝利,未勝利,7,15,タイセイグランツ,牡,3,浜中俊, 56 ,18,6,１, ,芝2000,良,,(栗),矢作芳人,2012,-0.0,13,9,9,34.3,522,-4,
,"2018. 7. 1",中京,3名2,未勝利,未勝利,6,12,サイン,牡,3,和田竜二, 56 ,16,6,１, ,ダ1800,良,,(栗),森田直行,1548,-0.0,7,5,4,38.3,466,+2,
,"2018. 7. 1",中京,3名2,未勝利,未勝利,1,2,タイセイトレンディ,牡,3,Ｍ．デム, 56 ,16,1,１, ,芝1600,良,,(栗),森田直行,1341,-0.1,3,5,6,33.9,476,+12,
,"2018. 7. 1",中京,3名2,未勝利,未勝利*,6,6,ハッピーアワー,牡,2,秋山真一, 54 ,8,1,１, ,芝1400,良,,(栗),武幸四郎,1217,-0.1,,5,4,34.6,442,+6,
,"2018. 6.30",中京,3名1,500万,500万下,1,1,ヴェルテアシャフト,牡,3,川田将雅, 54 ,12,2,１, ,芝2000,良,,(栗),池江泰寿,2004,-0.3,5,5,5,34.0,500,+10,
,"2018. 6.30",中京,3名1,1600万,白川郷Ｈ1600,2,3,ミキノトランペット,牡,4,武豊, 56 ,16,1,１, ,ダ1800,良,,(栗),大橋勇樹,1510,-0.6,2,2,2,35.9,526,+4,
,"2018. 6.30",中京,3名1,1000万,知多特別1000,3,4,タイキサターン,牡,3,Ｍ．デム, 54 ,15,1,１, ,芝1400,良,,(栗),高野友和,1199,-0.0,,3,3,33.4,484,0,
,"2018. 6.30",中京,3名1,500万,御在所特500,3,5,ルタンデュボヌール,牡,4,福永祐一, 57 ,16,1,１, ,芝1600,良,,(栗),友道康夫,1331,-0.0,5,5,5,34.1,478,-4,B
,"2018. 6.30",中京,3名1,500万,500万下・牝,5,7,ザクイーン,牝,4,川田将雅, 55 ,13,1,１, ,ダ1800,良,,(栗),角居勝彦,1521,-1.0,1,1,1,37.9,486,+2,
,"2018. 6.30",中京,3名1,未勝利,未勝利,8,16,ナムラドノヴァン,牡,3,鮫島克駿, 56 ,18,7,１, ,芝2200,良,,(栗),杉山晴紀,2124,-0.0,10,10,8,35.3,468,-8,
,"2018. 6.30",中京,3名1,未勝利,未勝利,7,14,スズカフェスタ,牡,3,国分優作, 56 ,16,6,１, ,ダ1400,良,,(栗),大橋勇樹,1250,-0.0,,1,1,38.7,502,+20,
,"2018. 6.30",中京,3名1,新馬,新馬,7,7,アドマイヤマーズ,牡,2,Ｍ．デム, 54 ,8,1,１, ,芝1600,良,,(栗),友道康夫,1377,-0.0,4,4,3,33.3,468,,
,"2018. 6.30",中京,3名1,ｵｰﾌﾟﾝ,障害・オープ,6,10,リスヴェリアート,牡,8,北沢伸也, 61 ,14,1,１, ,芝3300,良,,(栗),松元茂樹,3358,-0.2,7,6,4,13.1,458,-2,
,"2018. 6.30",中京,3名1,未勝利,未勝利・牝,6,12,エトワールブリエ,牝,3,川田将雅, 54 ,16,2,１, ,ダ1200,良,,(栗),中内田充,1129,-0.1,,2,2,37.9,440,+8,
,"2018. 6.30",中京,3名1,未勝利,未勝利,7,14,スワーヴアラミス,牡,3,松田大作, 56 ,16,1,１, ,ダ1900,良,,(栗),須貝尚介,2003,-0.2,2,2,2,36.1,470,+2,
,"2018. 6.30",中京,3名1,未勝利,障害未勝利,5,7,ラピッドシップ,牡,4,高田潤, 60 ,14,7,１, ,芝3000,良,,(栗),角居勝彦,3199,-0.1,3,2,3,13.3,468,-4,
,"2018. 3.25",中京,2名6,1000万,鈴鹿特別1000,8,14,アシャカセルクル,牡,4,吉田隼人, 57 ,15,4,１, ,ダ1400,良,*,(美),小笠倫弘,1247,-0.2,,3,3,37.2,512,-10,
,"2018. 3.25",中京,2名6,Ｇ１,高松宮記G1,5,9,ファインニードル,牡,5,川田将雅, 57 ,18,2,１, ,芝1200,良,,(栗),高橋義忠,1085,-0.0,,6,6,34.5,480,-8,
,"2018. 3.25",中京,2名6,1000万,熊野特別1000,6,6,ブラックジェイド,牡,4,太宰啓介, 56 ,9,1,１, ,芝2200,良,,(栗),昆貢,2138,-0.7,1,1,1,35.2,526,-2,
,"2018. 3.25",中京,2名6,500万,刈谷特別500,3,5,ピースマインド,牡,5,小林徹弥, 57 ,16,6,１, ,芝1600,良,,(栗),宮徹,1352,-0.1,2,3,3,35.2,448,-4,B
,"2018. 3.25",中京,2名6,500万,500万下,2,2,エジステンツァ,牡,4,大野拓弥, 57 ,12,8,１, ,ダ1800,良,,(美),田中博康,1539,-0.1,10,10,10,37.1,478,-14,B
,"2018. 3.25",中京,2名6,500万,500万下・牝,7,14,レイリオン,牝,5,三浦皇成, 55 ,18,12,１, ,芝2000,良,,(栗),安田翔伍,2020,-0.3,3,3,3,35.3,436,0,
,"2018. 3.25",中京,2名6,500万,500万下,7,13,シャープシューター,牡,4,岩田康誠, 57 ,16,1,１, ,ダ1400,良,,(美),久保田貴,1245,-0.0,,2,2,37.2,516,+7,
,"2018. 3.25",中京,2名6,未勝利,未勝利,6,9,スマートモノリス,牡,3,武豊, 56 ,14,1,１, ,芝2000,良,,(栗),角居勝彦,2043,-0.2,1,1,1,36.0,460,-8,
,"2018. 3.25",中京,2名6,未勝利,未勝利,2,4,ムーンチャイム,牝,3,Ｍ．デム, 54 ,18,1,１, ,芝1400,良,,(栗),千田輝彦,1220,-0.2,,6,6,35.5,430,-6,
,"2018. 3.25",中京,2名6,未勝利,未勝利,5,7,エイコーン,牡,3,北村友一, 56 ,14,2,１, ,ダ1900,良,*,(栗),吉田直弘,2016,-0.9,3,2,3,37.9,450,+10,
,"2018. 3.25",中京,2名6,未勝利,未勝利,3,6,メイショウバイタル,牡,3,丸山元気, 56 ,16,2,１, ,ダ1200,良,,(栗),沖芳夫,1132,-0.8,,2,2,37.3,500,+2,
,"2018. 3.25",中京,2名6,未勝利,未勝利・牝,2,3,エイシンセラード,牝,3,福永祐一, 54 ,15,3,１, ,ダ1800,良,,(栗),今野貞一,1554,-1.1,2,2,1,38.8,500,-14,
,"2018. 3.24",中京,2名5,1000万,岡崎特Ｈ1000,1,2,メイショウカリン,牝,4,内田博幸, 54 ,18,3,１, ,芝1200,稍,,(栗),笹田和秀,1097,-0.2,,4,4,34.6,486,+2,
,"2018. 3.24",中京,2名5,1600万,名古屋城1600,3,5,ノーブルサターン,牡,4,鮫島良太, 57 ,15,8,１, ,ダ1800,稍,,(栗),牧浦充徳,1531,-0.0,5,4,3,37.1,508,0,
,"2018. 3.24",中京,2名5,500万,大寒桜賞500*,5,5,ダノンマジェスティ,牡,3,内田博幸, 56 ,11,1,１, ,芝2200,稍,,(栗),音無秀孝,2178,-0.0,9,6,6,35.2,468,-4,
,"2018. 3.24",中京,2名5,500万,500万下,5,9,ボクノナオミ,牝,6,川又賢治,52▲,16,2,１, ,ダ1200,稍,,(栗),池添学,1121,-0.5,,2,2,37.2,482,-2,
,"2018. 3.24",中京,2名5,500万,500万下・牝,1,1,ナガラエンカ,牝,4,川又賢治,52▲,13,3,１, ,ダ1800,稍,,(栗),五十嵐忠,1541,-0.0,8,10,7,38.3,440,+2,
,"2018. 3.24",中京,2名5,500万,500万下,8,17,ピエナアラシ,牡,4,古川吉洋, 56 ,17,5,１, ,芝2200,稍,,(栗),谷潔,2163,-0.1,16,14,14,35.3,476,0,
,"2018. 3.24",中京,2名5,500万,500万下・牝,6,11,オールスマイル,牝,5,北村友一, 55 ,16,2,１, ,ダ1400,稍,*,(栗),橋口慎介,1253,-0.1,,11,9,37.1,464,+2,
,"2018. 3.24",中京,2名5,未勝利,未勝利,4,6,ボナヴィーゴ,牡,3,北村友一, 56 ,15,1,１, ,芝1600,稍,,(栗),安田隆行,1371,-0.2,13,13,14,35.4,482,+2,
,"2018. 3.24",中京,2名5,未勝利,未勝利・牝,2,4,アロハリリー,牝,3,北村友一, 54 ,18,1,１, ,芝2000,稍,,(栗),高野友和,2041,-0.1,3,4,4,35.2,438,0,
,"2018. 3.24",中京,2名5,未勝利,未勝利,1,2,ジュピターカリスト,牡,3,藤岡康太, 56 ,16,3,１, ,ダ1400,稍,,(栗),池江泰寿,1254,-0.4,,7,5,37.2,544,+12,
,"2018. 3.24",中京,2名5,未勝利,未勝利・若,3,4,クアトレフォイル,牡,3,小崎綾也,55☆,14,1,１, ,ダ1800,稍,,(栗),友道康夫,1554,-0.6,2,1,1,40.1,470,0,
,"2018. 3.24",中京,2名5,未勝利,未勝利・牝,5,9,サンマルミヤビ,牝,3,北村宏司, 54 ,16,5,１, ,ダ1200,稍,,(栗),牧浦充徳,1137,-0.0,,11,11,36.9,448,+10,
,"2018. 3.18",中京,2名4,500万,豊橋特別500,1,2,グランドボヌール,牡,4,城戸義政, 57 ,18,3,１, ,芝1400,良,,(栗),鈴木孝志,1214,-0.8,,1,1,35.2,474,-6,
,"2018. 3.18",中京,2名4,1000万,小牧特別1000,1,1,ウインテンダネス,牡,5,松若風馬, 57 ,10,8,１, ,芝2000,良,,(栗),杉山晴紀,2013,-0.0,9,9,8,34.9,502,0,
,"2018. 3.18",中京,2名4,500万,沈丁花賞500*,8,14,セイウンクールガイ,牡,3,丸田恭介, 56 ,15,4,１, ,ダ1400,良,,(美),奥平雅士,1254,-0.1,,2,2,36.2,442,-4,
,"2018. 3.18",中京,2名4,500万,500万下,8,14,プレシャスブルー,牡,4,松若風馬, 57 ,15,4,１, ,芝2000,良,,(美),相沢郁,2024,-0.1,14,10,9,34.8,442,-2,
,"2018. 3.18",中京,2名4,500万,500万下・若,2,2,アリスカン,牡,4,木幡初也,56☆,12,8,１, ,ダ1800,良,,(美),田島俊明,1530,-0.1,2,2,2,38.8,512,-2,B
,"2018. 3.18",中京,2名4,500万,500万下・牝,5,10,ストロベリームーン,牝,4,藤岡康太, 55 ,16,1,１, ,ダ1200,良,,(栗),庄野靖志,1117,-0.9,,2,2,36.9,444,+2,
,"2018. 3.18",中京,2名4,未勝利,未勝利,5,10,トウカイオルデン,牡,3,松若風馬, 56 ,18,2,１, ,芝1400,良,,(栗),安田隆行,1215,-0.0,,3,3,35.5,474,+4,
,"2018. 3.18",中京,2名4,未勝利,未勝利・牝,3,5,トーホウトリニティ,牝,3,松若風馬, 54 ,16,4,１, ,ダ1400,良,,(栗),高橋亮,1269,-0.0,,9,7,38.4,532,-12,
,"2018. 3.18",中京,2名4,未勝利,障害未勝利,3,4,メイショウヤエヤマ,牡,4,平沢健治, 59 ,14,4,１, ,芝3000,良,,(栗),高橋亮,3192,-0.4,2,2,2,13.3,528,-4,
,"2018. 3.18",中京,2名4,未勝利,未勝利,6,9,カイトチャン,牡,3,中井裕二, 56 ,13,11,１, ,ダ1900,良,,(美),武市康男,2032,-0.0,10,12,10,37.9,460,+2,B
,"2018. 3.18",中京,2名4,未勝利,未勝利,4,7,ルクスムンディー,牡,3,川又賢治,53▲,16,1,１, ,ダ1400,良,,(栗),寺島良,1258,-0.0,,1,1,37.5,500,-2,
,"2018. 3.18",中京,2名4,未勝利,未勝利・牝,5,7,サニーレイ,牝,3,小崎綾也,53☆,14,6,１, ,ダ1800,良,,(栗),野中賢二,1546,-0.2,3,3,3,38.1,444,-6,B
,"2018. 3.17",中京,2名3,1000万,恵那特別1000,7,14,メイショウテンセイ,牡,4,森裕太朗, 57 ,16,6,１, ,ダ1200,稍,,(栗),西橋豊治,1114,-0.1,,4,3,36.1,504,-4,
,"2018. 3.17",中京,2名3,Ｇ３,ファルコG3,5,10,ミスターメロディ,牡,3,福永祐一, 56 ,16,3,１, ,芝1400,良,,(栗),藤原英昭,1221,-0.2,,4,4,34.7,482,+2,
,"2018. 3.17",中京,2名3,1000万,伊勢特Ｈ1000,8,15,スペリオルシチー,牡,4,岩田康誠, 55 ,16,2,１, ,ダ1900,稍,,(美),相沢郁,1590,-0.0,7,6,2,38.1,460,-4,B
,"2018. 3.17",中京,2名3,500万,500万下・牝,1,1,アッフィラート,牝,5,北村友一, 55 ,16,2,１, ,芝1600,良,,(栗),藤原英昭,1357,-0.0,13,13,14,34.2,440,+4,
,"2018. 3.17",中京,2名3,500万,500万下,6,10,マテラリードル,牡,5,武豊, 57 ,14,1,１, ,ダ1900,稍,,(栗),浜田多実,1594,-0.1,1,1,1,37.7,528,0,
,"2018. 3.17",中京,2名3,500万,500万下,6,11,ゲキリン,牡,4,藤岡康太, 57 ,16,4,１, ,ダ1400,稍,,(栗),吉村圭司,1244,-0.1,,6,6,36.7,468,-6,
,"2018. 3.17",中京,2名3,未勝利,未勝利,3,3,サンティーニ,牡,3,丸山元気, 56 ,12,1,１, ,ダ1800,稍,,(栗),羽月友彦,1542,-0.7,1,1,1,38.3,494,-4,
,"2018. 3.17",中京,2名3,ｵｰﾌﾟﾝ,障害・オープ,6,10,メイショウライナー,牡,8,難波剛健, 60 ,14,5,１, ,芝3300,稍,,(栗),高橋義忠,3400,-0.1,3,3,3,13.3,488,+6,
,"2018. 3.17",中京,2名3,未勝利,障害未勝利,6,10,ノワールギャルソン,牡,6,江田勇亮, 60 ,14,2,１, ,芝3000,稍,,(美),田村康仁,3188,-0.5,1,1,1,13.3,446,-8,
,"2018. 3.17",中京,2名3,未勝利,未勝利,1,1,ロイズブルー,牝,3,川又賢治,51▲,16,4,１, ,ダ1200,稍,,(栗),池添学,1128,-0.1,,1,1,37.3,460,-4,
,"2018. 3.17",中京,2名3,未勝利,未勝利,6,10,ダブルフラット,牡,3,福永祐一, 56 ,15,1,１, ,芝2200,稍,,(栗),角居勝彦,2171,-0.3,1,1,1,35.0,494,-6,
,"2018. 3.17",中京,2名3,未勝利,未勝利,4,7,フェールデュビアン,牝,3,中井裕二, 54 ,18,5,１, ,芝1200,稍,,(栗),佐々木晶,1101,-0.7,,1,1,35.4,454,-6,
,"2018. 3.11",中京,2名2,1000万,賢島特別1000,1,1,レッドオルガ,牝,4,ルメール, 55 ,14,1,１, ,芝1600,稍,,(栗),藤原英昭,1352,-0.0,12,11,13,34.8,444,-2,
,"2018. 3.11",中京,2名2,Ｇ２,金鯱賞G2,8,9,スワーヴリチャード,牡,4,Ｍ．デム, 57 ,9,1,１, ,芝2000,稍,,(栗),庄野靖志,2016,-0.1,3,2,2,33.8,520,+10,
,"2018. 3.11",中京,2名2,ｵｰﾌﾟﾝ,昇竜Ｓ,7,10,メイショウヒサカタ,牝,3,池添謙一, 54 ,12,10,１, ,ダ1400,稍,,(栗),浅見秀一,1243,-0.1,,5,6,37.5,470,-4,
,"2018. 3.11",中京,2名2,500万,500万下,7,11,ダンツエンペラー,牡,5,森裕太朗,55△,13,8,１, ,ダ1800,稍,,(栗),本田優,1535,-0.0,4,2,2,37.2,476,-14,
,"2018. 3.11",中京,2名2,500万,500万下,5,9,ファミーユボヌール,牝,4,ルメール, 55 ,18,2,１, ,芝1400,稍,,(栗),松永幹夫,1233,-0.0,,6,6,34.7,452,-2,
,"2018. 3.11",中京,2名2,500万,500万下・牝,4,7,プエルトプリンセサ,牝,5,三浦皇成, 55 ,15,9,１, ,ダ1400,稍,,(美),小笠倫弘,1259,-0.0,,4,4,37.6,432,+8,
,"2018. 3.11",中京,2名2,500万,500万下,7,13,クライシス,牡,5,Ｍ．デム, 57 ,15,2,１, ,ダ1200,稍,,(栗),鮫島一歩,1119,-0.4,,5,5,36.4,484,-4,
,"2018. 3.11",中京,2名2,未勝利,障害未勝利,4,6,スマートガルーダ,牡,5,上野翔, 60 ,14,1,１, ,芝3000,稍,,(美),粕谷昌央,3219,-0.2,5,6,6,13.5,492,-4,
,"2018. 3.11",中京,2名2,未勝利,障害未勝利,2,2,シングンマイケル,セ,4,金子光希, 59 ,14,1,１, ,芝3000,稍,,(美),高市圭二,3207,-1.0,7,2,2,13.4,444,-2,
,"2018. 3.11",中京,2名2,未勝利,未勝利,5,7,パキュートハート,牡,3,太宰啓介, 56 ,13,1,１, ,ダ1800,稍,,(栗),石橋守,1548,-1.0,3,2,2,37.8,508,-6,
,"2018. 3.11",中京,2名2,未勝利,未勝利,5,10,トーセンアイトーン,牡,3,ルメール, 56 ,18,2,１, ,芝2000,稍,,(栗),藤原英昭,2042,-0.2,10,5,6,35.4,438,-2,
,"2018. 3.11",中京,2名2,未勝利,未勝利,2,2,キクノウェスター,牡,3,ルメール, 56 ,15,2,１, ,ダ1400,稍,,(栗),奥村豊,1260,-0.0,,1,1,37.1,494,-2,
,"2018. 3.10",中京,2名1,1000万,瀬戸特別1000,1,1,マジカルスペル,牡,4,北村友一, 57 ,13,1,１, ,ダ1800,稍,,(栗),藤原英昭,1514,-0.2,3,2,2,38.0,532,0,
,"2018. 3.10",中京,2名1,1600万,トリトＨ1600,3,5,スターオブペルシャ,セ,5,柴山雄一, 57 ,17,2,１, ,芝1400,稍,,(美),藤沢和雄,1217,-0.0,,3,3,36.0,514,-10,
,"2018. 3.10",中京,2名1,500万,フローラ500*,2,2,ミュージアムヒル,牝,3,津村明秀, 54 ,8,2,１, ,芝1600,稍,,(美),古賀慎明,1356,-0.3,4,4,4,34.8,464,-6,
,"2018. 3.10",中京,2名1,500万,500万下,3,6,ロックオン,牡,5,松若風馬, 57 ,17,5,１, ,芝1200,稍,,(栗),藤岡健一,1100,-0.2,,1,1,35.5,452,-14,
,"2018. 3.10",中京,2名1,500万,500万下,4,7,レイダー,牡,4,藤岡康太, 57 ,16,1,１, ,ダ1400,稍,,(美),堀宣行,1243,-0.4,,3,3,37.6,524,-6,
,"2018. 3.10",中京,2名1,500万,500万下,2,3,ブラックジェイド,牡,4,太宰啓介, 57 ,17,2,１, ,芝2000,稍,,(栗),昆貢,2009,-1.3,1,1,1,36.5,528,0,
,"2018. 3.10",中京,2名1,500万,500万下,7,7,ヒルノアトラーニ,牡,4,太宰啓介, 57 ,8,3,１, ,ダ1900,重,,(栗),昆貢,2009,-0.0,5,1,1,38.7,522,+2,
,"2018. 3.10",中京,2名1,未勝利,未勝利,3,4,カーサデルシエロ,牝,3,北村友一, 54 ,15,3,１, ,芝1600,稍,,(栗),藤原英昭,1367,-0.0,3,5,3,36.0,448,,
,"2018. 3.10",中京,2名1,未勝利,未勝利,4,4,サトノエメラルド,牡,3,北村友一, 56 ,13,2,１, ,ダ1900,重,,(栗),安田隆行,2011,-0.9,3,3,2,38.1,474,-4,
,"2018. 3.10",中京,2名1,未勝利,未勝利・若,6,10,タラニス,牡,3,富田暁,53▲,14,1,１, ,ダ1400,重,,(栗),角田晃一,1261,-0.3,,6,5,37.9,478,-6,B
,"2018. 3.10",中京,2名1,未勝利,未勝利・牝,8,14,スターリングブルス,牝,3,小崎綾也,53☆,14,1,１, ,ダ1800,重,,(栗),吉村圭司,1556,-1.1,2,2,1,40.3,480,-10,
,"2018. 3.10",中京,2名1,未勝利,未勝利,2,3,メイショウキタグニ,牡,3,国分優作, 56 ,16,1,１, ,ダ1200,重,,(栗),西浦勝一,1121,-1.5,,1,1,37.3,454,0,
,"2018. 1.28",中京,1名6,1000万,大須特別1000,8,15,アデレードヒル,牝,5,柴山雄一, 55 ,15,2,１, ,ダ1200,稍,,(美),中舘英二,1122,-0.0,,2,2,36.2,490,+6,
,"2018. 1.28",中京,1名6,1600万,長篠Ｓ1600,8,11,タイセイスターリー,牡,4,坂井瑠星, 56 ,11,2,１, ,芝1200,良,,(栗),矢作芳人,1092,-0.1,,1,1,34.8,542,+10,B
,"2018. 1.28",中京,1名6,500万,西尾特別500,2,2,レイズアベール,牝,4,秋山真一, 54 ,12,3,１, ,芝2000,良,,(栗),吉村圭司,2033,-0.0,12,12,12,34.2,452,-10,
,"2018. 1.28",中京,1名6,500万,500万下,7,14,ユアスイスイ,牝,4,小崎綾也,53☆,18,3,１, ,芝1200,良,,(栗),安田隆行,1101,-0.3,,1,1,34.7,482,0,
,"2018. 1.28",中京,1名6,500万,500万下,1,1,ティアップサンダー,牡,6,横山武史,54▲,16,14,１, ,ダ1400,稍,,(美),小野次郎,1252,-0.4,,16,16,35.6,480,-4,
,"2018. 1.28",中京,1名6,未勝利,未勝利,4,8,アイスバブル,牡,3,藤岡康太, 56 ,18,2,１, ,芝2000,良,,(栗),池江泰寿,2034,-0.2,4,6,6,35.4,438,0,
,"2018. 1.28",中京,1名6,500万,500万下・若,5,9,カフジキング,牡,5,富田暁,54▲,15,1,１, ,ダ1800,稍,,(栗),松元茂樹,1535,-0.1,7,5,4,37.2,462,-2,
,"2018. 1.28",中京,1名6,未勝利,障害未勝利,8,11,シゲルボスザル,牡,4,植野貴也, 59 ,11,3,１, ,芝3000,良,,(栗),谷潔,3202,-0.6,5,3,3,13.3,464,-4,
,"2018. 1.28",中京,1名6,未勝利,障害未勝利,8,12,アットザトップ,セ,4,平沢健治, 59 ,12,1,１, ,芝3000,良,,(栗),角田晃一,3194,-0.2,1,1,1,13.3,452,-6,
,"2018. 1.28",中京,1名6,500万,500万下・牝,6,11,メジャーガラメキ,牝,6,小崎綾也,54☆,15,7,１, ,ダ1200,稍,,(栗),小崎憲,1130,-0.1,,10,9,36.4,494,0,B
,"2018. 1.28",中京,1名6,未勝利,未勝利,1,2,ナイトスプライト,牝,3,富田暁,51▲,16,6,１, ,ダ1400,稍,,(栗),浅見秀一,1275,-0.2,,2,2,37.6,460,+4,
,"2018. 1.28",中京,1名6,未勝利,未勝利,1,1,ミスズフリオーソ,牡,3,富田暁,53▲,15,1,１, ,ダ1800,稍,,(栗),木原一良,1559,-0.1,1,1,1,39.2,484,-2,
,"2018. 1.27",中京,1名5,500万,鞍ケ池特500,4,8,リライアブルエース,牡,5,坂井瑠星, 57 ,16,2,１, ,芝1600,稍,,(栗),矢作芳人,1361,-0.1,9,13,12,34.1,496,+10,
,"2018. 1.27",中京,1名5,1000万,中京スＨ1000,2,4,エンゲルヘン,牝,4,国分恭介, 53 ,18,3,１, ,芝1200,稍,,(栗),五十嵐忠,1094,-0.0,,3,3,35.0,452,-6,
,"2018. 1.27",中京,1名5,500万,はこべら500*,8,15,バーンフライ,牡,3,坂井瑠星, 56 ,16,10,１, ,ダ1400,稍,,(栗),矢作芳人,1260,-0.0,,9,10,38.4,472,+2,
,"2018. 1.27",中京,1名5,500万,500万下,5,7,コリエドール,牡,4,秋山真一, 56 ,13,5,１, ,ダ1900,稍,,(美),堀宣行,2014,-0.0,4,4,3,38.1,518,-2,
,"2018. 1.27",中京,1名5,500万,500万下,7,10,ファスナハト,牡,5,藤岡康太, 57 ,12,1,１, ,芝2200,稍,,(栗),庄野靖志,2150,-0.0,4,4,3,36.2,550,+2,
,"2018. 1.27",中京,1名5,500万,500万下,7,13,タガノモーサン,牡,5,城戸義政,56☆,16,6,１, ,ダ1200,稍,,(栗),岡田稲男,1128,-0.2,,4,4,37.0,506,0,
,"2018. 1.27",中京,1名5,500万,500万下・牝,3,3,コンプリートベスト,牝,4,北村友一, 54 ,13,3,１, ,ダ1800,稍,,(栗),佐々木晶,1542,-0.0,10,11,11,37.7,468,+2,B
,"2018. 1.27",中京,1名5,未勝利,未勝利,5,9,ギンコイエレジー,牝,3,横山武史,51▲,18,1,１, ,芝1400,稍,,(栗),南井克巳,1231,-0.2,,5,4,35.4,444,-4,
,"2018. 1.27",中京,1名5,新馬,新馬,3,6,ダニエル,牡,3,伊藤工真, 56 ,16,3,１, ,ダ1400,稍,,(美),金成貴史,1261,-0.1,,3,2,38.2,502,,
,"2018. 1.27",中京,1名5,未勝利,未勝利・若,3,3,メイショウダブル,牡,3,城戸義政,55☆,14,1,１, ,ダ1800,稍,,(栗),本田優,1558,-0.0,1,1,1,40.3,488,-2,
,"2018. 1.27",中京,1名5,未勝利,未勝利,1,1,マイウェイアムール,牝,3,坂井瑠星,53☆,16,3,１, ,ダ1200,稍,,(栗),矢作芳人,1123,-0.0,,1,1,36.8,486,+4,
,"2018. 1.27",中京,1名5,未勝利,未勝利・牝,1,2,インヴィジブルワン,牝,3,北村友一, 54 ,16,1,１, ,ダ1800,稍,,(栗),藤原英昭,1568,-0.0,2,2,3,38.6,470,0,
,"2018. 1.21",中京,1名4,500万,蒲郡特別500,1,1,シャインサンデー,牝,4,菱田裕二, 54 ,18,2,１, ,芝1200,良,,(美),加藤征弘,1097,-0.1,,7,7,34.5,420,+2,
,"2018. 1.21",中京,1名4,Ｇ２,東海ＳG2,4,8,テイエムジンソク,牡,6,古川吉洋, 56 ,16,1,１, ,ダ1800,良,,(栗),木原一良,1518,-0.1,1,1,1,38.1,498,+2,
,"2018. 1.21",中京,1名4,1000万,恋路ケ浜1000,2,3,メイショウフェイク,牡,6,菱田裕二, 57 ,15,7,１, ,芝2000,良,,(美),奥平雅士,2021,-0.3,1,1,1,34.9,510,+10,
,"2018. 1.21",中京,1名4,500万,500万下・牝,6,11,ウィズエモーション,牝,5,松山弘平, 55 ,16,2,１, ,ダ1400,良,,(美),栗田博憲,1256,-0.1,,5,5,38.2,488,+2,
,"2018. 1.21",中京,1名4,500万,500万下,7,13,リョウランヒーロー,牡,4,横山武史,53▲,16,6,１, ,ダ1900,良,,(美),小野次郎,2016,-0.0,10,9,6,38.0,480,-4,
,"2018. 1.21",中京,1名4,未勝利,未勝利,8,16,ササノユキオルフェ,牡,3,丸田恭介, 56 ,18,11,１, ,芝1400,良,,(美),大竹正博,1240,-0.3,,12,13,35.5,484,+4,
,"2018. 1.21",中京,1名4,500万,500万下,8,16,メイショウテンセイ,牡,4,古川吉洋, 56 ,16,2,１, ,ダ1200,良,,(栗),西橋豊治,1127,-0.2,,3,3,36.8,506,-6,
,"2018. 1.21",中京,1名4,新馬,新馬,3,5,サラキア,牝,3,池添謙一, 54 ,16,1,１, ,芝1600,良,,(栗),池添学,1372,-0.3,7,4,4,34.9,436,,
,"2018. 1.21",中京,1名4,未勝利,障害未勝利,8,12,メイショウタカモリ,牡,4,平沢健治, 59 ,12,1,１, ,芝3000,良,,(栗),中村均,3184,-2.3,1,1,1,13.2,504,+4,
,"2018. 1.21",中京,1名4,500万,500万下・牝,7,14,ヒダロマン,牝,5,北村友一, 55 ,16,2,１, ,ダ1800,良,,(栗),松永昌博,1550,-0.0,7,5,5,38.9,508,0,
,"2018. 1.21",中京,1名4,未勝利,未勝利,7,14,ジャスパーウィン,牡,3,森裕太朗,54△,16,3,１, ,ダ1400,良,,(栗),森秀行,1260,-0.2,,3,3,38.5,506,+2,
,"2018. 1.21",中京,1名4,未勝利,未勝利,6,11,ツーエムアリエス,牡,3,城戸義政,55☆,15,1,１, ,ダ1800,良,,(栗),本田優,1562,-1.4,1,1,1,40.4,466,-4,
,"2018. 1.20",中京,1名3,500万,熱田特別500,2,3,アドマイヤローザ,牝,4,藤岡康太, 54 ,17,2,１, ,芝2000,良,,(栗),梅田智之,2035,-0.0,11,12,12,35.0,466,-4,
,"2018. 1.20",中京,1名3,1000万,中京スＨ1000,3,4,サトノプライム,牡,4,古川吉洋, 55 ,15,3,１, ,ダ1900,稍,,(栗),南井克巳,2000,-0.0,7,7,4,38.1,502,-4,
,"2018. 1.20",中京,1名3,500万,なずな賞500*,2,2,アリア,牝,3,丸山元気, 54 ,11,2,１, ,芝1400,良,,(栗),沖芳夫,1230,-0.1,,6,6,34.8,484,0,
,"2018. 1.20",中京,1名3,500万,500万下,2,3,ホノルア,牡,4,和田翼, 56 ,16,4,１, ,ダ1400,稍,,(栗),西橋豊治,1252,-0.2,,1,1,37.7,462,+14,
,"2018. 1.20",中京,1名3,500万,500万下・若,3,6,シンボリバーグ,牝,4,杉原誠人, 54 ,18,7,１, ,芝1400,良,,(美),藤沢和雄,1220,-0.1,,2,2,35.6,490,-2,B
,"2018. 1.20",中京,1名3,未勝利,未勝利・牝,5,9,ハーツフェルト,牝,3,北村友一, 54 ,18,1,１, ,芝2000,良,,(栗),角居勝彦,2031,-0.1,7,6,5,37.1,440,-8,
,"2018. 1.20",中京,1名3,500万,500万下,3,6,プエルタデルソル,牡,4,藤岡康太, 56 ,16,11,１, ,ダ1800,稍,,(栗),高橋康之,1545,-0.5,10,12,11,38.8,462,-10,
,"2018. 1.20",中京,1名3,ｵｰﾌﾟﾝ,障害・オープ,1,1,マイネルピクトル,牡,7,五十嵐雄, 61 ,11,6,１, ,芝3330,良,,(美),青木孝文,3420,-0.6,1,1,1,13.3,510,-4,
,"2018. 1.20",中京,1名3,未勝利,障害未勝利,4,6,シゲルゴリラ,牡,4,草野太郎, 59 ,14,3,１, ,芝3000,良,,(美),蛯名利弘,3186,-1.2,4,3,2,13.2,478,+6,
,"2018. 1.20",中京,1名3,未勝利,未勝利,3,6,セイウンクールガイ,牡,3,佐藤友則, 56 ,16,2,１, ,ダ1200,稍,,(美),奥平雅士,1131,-0.6,,2,2,37.1,448,+2,
,"2018. 1.20",中京,1名3,未勝利,未勝利・牝,3,6,アルベルティーヌ,牝,3,柴山雄一, 54 ,16,4,１, ,ダ1400,稍,,(美),栗田徹,1269,-0.1,,4,3,37.9,426,-6,
,"2018. 1.20",中京,1名3,未勝利,未勝利,5,7,キングブラック,牡,3,荻野極,55☆,13,1,１, ,ダ1800,稍,,(栗),大橋勇樹,1558,-0.1,4,2,2,37.7,502,+8,
,"2018. 1.14",中京,1名2,500万,金山特別500,6,11,コールストーム,牡,4,松若風馬, 56 ,18,4,１, ,芝2200,良,,(栗),鈴木孝志,2143,-0.1,1,1,1,35.5,498,+2,
,"2018. 1.14",中京,1名2,1000万,知立特別1000,8,18,ココファンタジア,牝,5,藤岡康太, 55 ,18,5,１, ,芝1400,良,,(栗),友道康夫,1214,-0.0,,14,15,34.3,472,+2,
,"2018. 1.14",中京,1名2,500万,ごぎょう500*,8,12,マニクール,牝,3,北村友一, 54 ,12,1,１, ,ダ1200,良,,(栗),大久保龍,1130,-0.1,,1,1,37.2,492,-2,
,"2018. 1.14",中京,1名2,500万,500万下,5,9,ローデルバーン,牡,5,富田暁,54▲,16,8,１, ,ダ1900,良,,(栗),松元茂樹,2008,-0.1,9,8,6,38.6,468,+4,B
,"2018. 1.14",中京,1名2,500万,500万下,8,15,キンイロジャッカル,牡,4,丸山元気, 56 ,16,4,１, ,ダ1400,良,,(美),相沢郁,1253,-0.3,,4,2,37.7,510,-4,
,"2018. 1.14",中京,1名2,未勝利,未勝利,8,14,リバティハイツ,牝,3,北村友一, 54 ,15,1,１, ,芝1600,良,,(栗),高野友和,1362,-0.1,7,6,7,34.6,450,-2,
,"2018. 1.14",中京,1名2,500万,500万下・牝,1,2,クルークハイト,牝,4,藤田菜七,51▲,16,1,１, ,ダ1800,良,,(栗),藤岡健一,1537,-0.9,4,3,2,38.3,462,0,
,"2018. 1.14",中京,1名2,新馬,新馬,1,1,ハナソメイ,牝,3,藤岡康太, 54 ,18,9,１, ,芝2000,良,,(栗),橋口慎介,2048,-0.1,2,2,2,35.3,424,,
,"2018. 1.14",中京,1名2,未勝利,障害未勝利,6,10,フィエルテ,牝,6,中村将之, 58 ,14,5,１, ,芝3000,良,,(栗),鈴木孝志,3195,-0.0,3,4,2,13.3,514,+6,
,"2018. 1.14",中京,1名2,500万,500万下・牝,3,6,コロニアルスタイル,牝,4,横山武史,51▲,16,6,１, ,ダ1200,良,,(美),鈴木伸尋,1130,-0.0,,3,3,37.9,454,+2,
,"2018. 1.14",中京,1名2,未勝利,未勝利・若,4,6,アシャカデッシュ,牡,3,横山武史,53▲,14,1,１, ,ダ1400,良,,(美),鈴木伸尋,1268,-0.3,,1,1,39.4,494,0,
,"2018. 1.14",中京,1名2,未勝利,未勝利,8,12,コリーヌヴェルト,牡,3,中谷雄太, 56 ,12,2,１, ,ダ1800,良,,(栗),岡田稲男,1565,-0.0,2,2,2,37.6,490,0,
,"2018. 1.13",中京,1名1,1000万,伊良湖特1000,5,6,ダンツゴウユウ,牡,4,酒井学, 56 ,13,2,１, ,ダ1400,稍,,(栗),谷潔,1241,-0.2,,12,11,36.1,470,-2,
,"2018. 1.13",中京,1名1,Ｇ３,愛知杯ＨG3,5,10,エテルナミノル,牝,5,四位洋文, 54 ,18,6,１, ,芝2000,良,,(栗),本田優,2001,-0.1,5,5,3,34.7,458,+8,
,"2018. 1.13",中京,1名1,500万,庄内川特500,1,1,コウエイダリア,牝,4,松若風馬, 54 ,18,12,１, ,芝1400,良,,(栗),山内研二,1216,-0.1,,4,3,34.6,496,+18,
,"2018. 1.13",中京,1名1,500万,500万下,6,11,モザイク,牡,4,中谷雄太, 56 ,18,10,１, ,芝2000,良,,(栗),奥村豊,2027,-0.3,5,5,4,34.7,460,+6,
,"2018. 1.13",中京,1名1,500万,500万下,7,13,スズカフューラー,牡,4,藤岡佑介, 56 ,16,1,１, ,ダ1800,稍,,(栗),西橋豊治,1526,-0.2,8,7,6,37.0,428,+2,
,"2018. 1.13",中京,1名1,未勝利,未勝利,6,11,ドレーク,牡,3,藤岡康太, 56 ,18,4,１, ,芝2200,良,,(栗),藤岡健一,2157,-0.0,5,5,4,35.5,472,-6,
,"2018. 1.13",中京,1名1,500万,500万下,3,5,ボーサンシー,牡,5,北村友一, 57 ,16,3,１, ,ダ1200,稍,,(栗),池添学,1115,-0.3,,2,2,36.8,526,-6,
,"2018. 1.13",中京,1名1,ｵｰﾌﾟﾝ,障害・オープ,4,5,クラウンフレイム,牡,6,植野貴也, 62 ,14,7,１, ,芝3330,良,,(栗),大根田裕,3387,-0.3,11,8,7,13.1,500,-10,
,"2018. 1.13",中京,1名1,未勝利,障害未勝利,3,3,クリミアタイガー,セ,5,小野寺祐, 60 ,14,1,１, ,芝3000,良,,(美),木村哲也,3175,-0.0,6,5,3,13.2,536,+12,
,"2018. 1.13",中京,1名1,未勝利,未勝利,8,15,ペルペトゥオ,牝,3,藤岡佑介, 54 ,16,1,１, ,ダ1200,稍,,(栗),中内田充,1123,-0.7,,2,2,36.5,466,-6,
,"2018. 1.13",中京,1名1,未勝利,未勝利,7,11,クリノカポネ,牡,3,藤岡佑介, 56 ,13,2,１, ,ダ1900,稍,,(栗),谷潔,2039,-0.7,8,7,7,38.4,468,+4,
,"2018. 1.13",中京,1名1,未勝利,未勝利・牝,5,9,グランデミノル,牝,3,四位洋文, 54 ,15,3,１, ,ダ1800,稍,,(栗),本田優,1548,-0.0,2,2,2,37.7,480,0,
,2017.12.17,中京,4名6,1000万,尾張特別1000,8,13,レイホーロマンス,牝,4,藤岡佑介, 55 ,13,1,１, ,芝2200,良,,(栗),橋田満,2131,-0.0,4,4,4,35.5,418,-2,
,2017.12.17,中京,4名6,1600万,三河ＳＨ1600,2,4,ヒデノインペリアル,牡,5,川須栄彦, 56 ,16,2,１, ,ダ1400,良,,(栗),梅田智之,1241,-0.1,,9,9,36.2,518,+2,
,2017.12.17,中京,4名6,500万,桑名特別500,5,9,コスモペリドット,牡,3,丹内祐次, 55 ,18,2,１, ,芝1200,良,,(美),高橋祥泰,1088,-0.1,,5,3,34.3,476,+8,
,2017.12.17,中京,4名6,500万,500万下,5,9,マサハヤダイヤ,牡,4,和田翼, 57 ,18,14,１, ,芝2200,良,,(栗),今野貞一,2129,-0.1,10,7,7,36.2,474,-6,
,2017.12.17,中京,4名6,500万,500万下,5,10,カネノイロ,牡,4,丸山元気, 57 ,16,5,１, ,ダ1800,良,,(美),佐藤吉勝,1537,-0.4,1,2,1,38.1,488,+8,
,2017.12.17,中京,4名6,500万,500万下・若,6,12,キラービューティ,牝,3,藤懸貴志, 54 ,17,8,１, ,芝1400,良,*,(栗),高野友和,1214,-0.0,,13,13,34.2,454,-2,
,2017.12.17,中京,4名6,500万,500万下,1,2,バレッティ,セ,3,菱田裕二, 56 ,16,1,１, ,ダ1900,良,,(美),久保田貴,2011,-0.1,5,5,5,38.7,516,+6,
,2017.12.17,中京,4名6,未勝利,未勝利・牝*,4,8,イルーシヴグレイス,牝,2,藤岡康太, 54 ,16,3,１, ,芝1600,良,,(美),堀宣行,1365,-0.2,5,4,5,35.0,396,-10,
,2017.12.17,中京,4名6,未勝利,障害未勝利,4,6,コスモストレンジ,牡,3,山本康志, 58 ,14,8,１, ,芝3000,良,,(美),菊川正達,3194,-0.6,1,1,1,13.3,482,+6,
,2017.12.17,中京,4名6,500万,500万下・牝,8,16,ナムラライラ,牝,3,古川吉洋, 54 ,16,9,１, ,ダ1800,良,,(栗),福島信晴,1552,-0.1,15,9,6,38.4,464,+4,
,2017.12.17,中京,4名6,500万,500万下,4,8,タマモサザンクロス,牡,3,富田暁,53▲,16,1,１, ,ダ1200,良,,(栗),藤沢則雄,1131,-0.0,,3,3,37.0,452,+4,
,2017.12.17,中京,4名6,未勝利,未勝利*,6,12,カレンガリアード,牡,2,北村友一, 55 ,16,3,１, ,ダ1800,良,,(栗),安田隆行,1552,-1.2,1,1,1,38.5,468,+6,
,2017.12.16,中京,4名5,500万,高山特別500,6,11,マテンロウゴースト,牡,4,中井裕二, 57 ,18,2,１, ,芝2000,良,,(栗),中内田充,2018,-0.0,4,3,4,34.2,504,+4,
,2017.12.16,中京,4名5,1000万,中京日経1000,8,18,サダムリスペクト,牡,5,川須栄彦, 57 ,18,12,１, ,芝1200,良,,(栗),中尾秀正,1084,-0.1,,5,6,33.7,476,+2,
,2017.12.16,中京,4名5,500万,つわぶき500*,8,16,アンコールプリュ,牝,2,藤岡康太, 54 ,16,3,１, ,芝1400,良,,(栗),友道康夫,1228,-0.2,,13,11,33.5,426,0,
,2017.12.16,中京,4名5,500万,500万下,5,10,レッドオーガー,牡,3,杉原誠人, 56 ,16,3,１, ,ダ1400,良,,(美),藤沢和雄,1252,-0.1,,1,1,37.7,486,+6,
,2017.12.16,中京,4名5,500万,500万下,6,12,ティーエスクライ,牝,5,城戸義政,54☆,16,3,１, ,芝1600,良,,(栗),岩元市三,1352,-0.0,1,1,1,34.1,468,+2,
,2017.12.16,中京,4名5,500万,500万下・若,5,8,モズアトラクション,牡,3,鮫島克駿,55☆,15,1,１, ,ダ1800,良,,(栗),松下武士,1544,-0.4,14,9,8,36.8,486,+12,
,2017.12.16,中京,4名5,未勝利,未勝利*,3,6,プリュス,牝,2,武豊, 54 ,18,3,１, ,芝1400,良,,(栗),松永幹夫,1217,-0.4,,8,8,34.5,432,-2,
,2017.12.16,中京,4名5,新馬,新馬,6,9,コスタネラ,牝,2,浜中俊, 54 ,13,1,１, ,ダ1800,良,,(栗),大久保龍,1585,-0.4,4,3,3,36.9,448,,
,2017.12.16,中京,4名5,未勝利,障害未勝利,4,5,キングズオブザサン,セ,6,熊沢重文, 60 ,14,1,１, ,芝3000,良,,(栗),荒川義之,3232,-0.2,2,2,2,13.5,478,+6,
,2017.12.16,中京,4名5,500万,500万下・牝,4,7,ビバラビダ,牝,4,吉原寛人, 55 ,16,1,１, ,ダ1200,良,,(美),石栗龍彦,1123,-0.4,,5,5,36.8,488,+6,
,2017.12.16,中京,4名5,500万,500万下・牝,4,8,アドマイヤウイング,牝,6,北村友一, 55 ,16,1,１, ,ダ1800,良,,(栗),梅田智之,1536,-0.0,8,9,8,37.5,484,0,
,2017.12.16,中京,4名5,未勝利,未勝利*,7,14,ラブリーイレブン,牝,2,松若風馬, 54 ,16,2,１, ,ダ1400,良,,(栗),松元茂樹,1268,-0.4,,2,2,37.8,432,+6,
,2017.12.10,中京,4名4,500万,長良川特500,6,12,バリングラ,牡,3,鮫島克駿, 55 ,18,2,１, ,芝2200,良,,(美),堀宣行,2139,-0.1,8,8,10,35.0,526,+8,
,2017.12.10,中京,4名4,1000万,名古屋日1000,8,13,グラットシエル,牡,3,浜中俊, 56 ,13,2,１, ,芝2000,良,,(栗),石坂正,2017,-0.0,7,7,6,34.4,502,+8,
,2017.12.10,中京,4名4,500万,こうやま500*,6,6,カフジバンガード,牡,2,藤岡康太, 55 ,7,1,１, ,芝1600,良,,(栗),松元茂樹,1378,-0.0,4,2,2,33.6,480,+4,
,2017.12.10,中京,4名4,500万,500万下,7,14,マンハッタンロック,牡,3,浜中俊, 56 ,16,3,１, ,ダ1800,良,,(栗),岡田稲男,1534,-0.3,5,4,3,37.3,452,+6,
,2017.12.10,中京,4名4,500万,500万下,6,11,メイショウモウコ,牡,3,森裕太朗,54△,15,4,１, ,芝1600,良,,(栗),安達昭夫,1339,-0.3,1,1,1,35.2,494,+8,
,2017.12.10,中京,4名4,未勝利,未勝利*,5,6,サラス,牝,2,丸山元気, 54 ,12,3,１, ,芝2000,良,,(栗),西村真幸,2029,-0.1,2,2,2,34.1,510,+4,
,2017.12.10,中京,4名4,500万,500万下,6,11,サンマルスカイ,牡,5,畑端省吾, 57 ,16,8,１, ,ダ1900,良,,(栗),牧浦充徳,2000,-0.1,6,6,3,38.8,438,0,
,2017.12.10,中京,4名4,新馬,新馬,5,5,ステイフーリッシュ,牡,2,中谷雄太, 55 ,9,3,１, ,芝2000,良,,(栗),矢作芳人,2037,-0.4,5,3,4,33.8,450,,
,2017.12.10,中京,4名4,未勝利,障害未勝利,7,12,シルバーソード,牡,5,平沢健治, 60 ,14,5,１, ,芝3000,良,,(栗),中村均,3190,-0.2,4,5,4,13.3,532,+12,
,2017.12.10,中京,4名4,500万,500万下・若,8,15,ビックリシタナモー,牡,3,藤田菜七,53▲,16,3,１, ,ダ1200,良,,(栗),音無秀孝,1123,-0.0,,14,14,35.3,522,+16,
,2017.12.10,中京,4名4,500万,500万下・牝,7,14,ワキノアタリ,牝,4,中谷雄太, 55 ,16,6,１, ,ダ1400,良,,(栗),松下武士,1252,-0.1,,5,5,38.0,468,-4,
,2017.12.10,中京,4名4,未勝利,未勝利・牝*,3,3,メジャーマジック,牝,2,藤岡康太, 54 ,9,7,１, ,ダ1800,良,,(栗),橋口慎介,1559,-0.0,2,2,2,38.5,500,-2,
,"2017.12. 9",中京,4名3,500万,犬山特別500,5,9,ダイメイフジ,牡,3,松山弘平, 56 ,18,1,１, ,芝1400,良,,(栗),森田直行,1213,-0.3,,2,3,34.4,510,+12,
,"2017.12. 9",中京,4名3,Ｇ３,中日新聞ＨG3,7,13,メートルダール,牡,4,Ｃ．デム, 55 ,18,2,１, ,芝2000,良,,(美),戸田博文,1593,-0.2,11,10,8,33.6,480,+4,
,"2017.12. 9",中京,4名3,1000万,浜名湖特1000,5,9,ナンヨープルートー,牡,3,北村友一, 56 ,16,5,１, ,ダ1800,良,,(栗),松永幹夫,1529,-0.4,11,1,1,36.9,496,-2,
,"2017.12. 9",中京,4名3,500万,500万下・牝,2,4,ブルークランズ,牝,3,北村友一, 54 ,18,1,１, ,芝2000,良,,(栗),今野貞一,2006,-0.3,12,12,10,33.8,476,-12,
,"2017.12. 9",中京,4名3,500万,500万下,6,12,サクセスエナジー,牡,3,和田竜二, 56 ,16,1,１, ,ダ1400,良,,(栗),北出成人,1238,-0.7,,2,2,37.3,530,-2,
,"2017.12. 9",中京,4名3,未勝利,未勝利*,3,6,ドラグーンシチー,牡,2,和田竜二, 55 ,16,1,１, ,芝1600,良,,(栗),北出成人,1373,-0.1,1,3,3,34.5,486,0,
,"2017.12. 9",中京,4名3,500万,500万下,7,14,ミキノトランペット,牡,3,Ｃ．デム, 56 ,16,2,１, ,ダ1800,良,,(栗),大橋勇樹,1535,-0.5,4,6,4,37.6,524,+16,
,"2017.12. 9",中京,4名3,ｵｰﾌﾟﾝ,障害・オープ,6,9,クラウンフレイム,牡,5,植野貴也, 60 ,14,12,１, ,芝3300,良,,(栗),大根田裕,3376,-0.0,8,9,8,13.2,510,+6,
,"2017.12. 9",中京,4名3,未勝利,障害未勝利,8,14,ショウナンアリスト,牡,3,金子光希, 58 ,14,7,１, ,芝3000,良,,(美),上原博之,3179,-0.3,5,3,4,13.2,478,-18,
,"2017.12. 9",中京,4名3,500万,500万下,5,10,オールドベイリー,牡,3,中井裕二, 56 ,16,6,１, ,ダ1200,良,,(栗),中内田充,1120,-0.4,,2,2,37.1,464,+2,
,"2017.12. 9",中京,4名3,500万,500万下・牝,1,1,クインアマランサス,牝,3,北村友一, 54 ,16,5,１, ,ダ1800,良,,(栗),高野友和,1539,-0.0,8,11,10,37.6,464,+4,
,"2017.12. 9",中京,4名3,未勝利,未勝利*,5,10,グローリーグローリ,牡,2,国分恭介, 55 ,16,6,１, ,ダ1400,良,,(栗),五十嵐忠,1266,-0.6,,11,10,37.5,484,-4,
,"2017.12. 3",中京,4名2,1000万,鳴海特別1000,8,16,コパノマイケル,牡,4,福永祐一, 57 ,16,3,１, ,ダ1200,良,*,(栗),村山明,1110,-0.4,,2,2,36.6,524,-2,B
,"2017.12. 3",中京,4名2,Ｇ１,チャンピG1,5,9,ゴールドドリーム,牡,4,ムーア, 57 ,16,8,１, ,ダ1800,良,,(栗),平田修,1501,-0.0,10,11,11,35.2,538,+14,
,"2017.12. 3",中京,4名2,1000万,鳥羽特別1000,6,11,サプルマインド,牝,4,ルメール, 55 ,18,1,１, ,芝1400,良,*,(栗),藤原英昭,1215,-0.0,,12,11,33.7,446,0,
,"2017.12. 3",中京,4名2,500万,栄特別500,1,2,シンギュラリティ,牡,3,ルメール, 56 ,18,2,１, ,芝2000,良,,(栗),松田国英,2014,-0.1,6,7,9,33.9,482,+6,
,"2017.12. 3",中京,4名2,500万,500万下,6,12,ワールドフォーラブ,牝,3,福永祐一, 54 ,18,5,１, ,芝1200,良,,(栗),音無秀孝,1087,-0.1,,6,5,34.0,446,+20,
,"2017.12. 3",中京,4名2,500万,500万下,8,15,ディスカバー,牡,3,木幡初也,55☆,16,15,１, ,ダ1800,良,,(美),畠山吉宏,1535,-0.0,12,11,10,37.4,470,+6,
,"2017.12. 3",中京,4名2,500万,500万下,4,8,セングウ,牝,5,和田翼,54☆,16,3,１, ,ダ1200,良,,(栗),加藤敬二,1128,-0.0,,6,6,36.9,482,0,
,"2017.12. 3",中京,4名2,新馬,新馬,7,13,ミッキーワイルド,牡,2,福永祐一, 55 ,18,1,１, ,芝1400,良,,(栗),安田隆行,1232,-0.6,,4,3,34.4,496,,
,"2017.12. 3",中京,4名2,未勝利,未勝利*,7,11,シュナイデン,牡,2,ルメール, 55 ,13,3,１, ,芝2000,良,,(栗),石坂正,2025,-0.2,9,7,5,34.8,470,-6,
,"2017.12. 3",中京,4名2,500万,500万下,8,16,アーバンイェーガー,牡,3,ムーア, 56 ,16,1,１, ,ダ1400,良,,(美),高橋文雅,1253,-0.0,,8,10,36.5,510,+10,
,"2017.12. 3",中京,4名2,500万,500万下・牝,7,13,カリーニョミノル,牝,3,戸崎圭太, 54 ,16,1,１, ,ダ1800,良,,(栗),北出成人,1537,-0.0,8,9,7,37.9,484,-4,
,"2017.12. 3",中京,4名2,未勝利,未勝利*,4,7,クォーターバック,牡,2,福永祐一, 55 ,16,3,１, ,ダ1200,良,,(栗),安田隆行,1127,-0.1,,4,3,37.0,454,-2,
,"2017.12. 2",中京,4名1,500万,豊川特別500,6,11,レッドオルガ,牝,3,北村友一, 54 ,16,3,１, ,芝1600,良,,(栗),藤原英昭,1339,-0.0,14,13,13,34.0,444,+14,
,"2017.12. 2",中京,4名1,1600万,浜松ＳＨ1600,4,8,ペイシャフェリシタ,牝,4,鮫島克駿, 52 ,18,2,１, ,芝1200,良,,(美),高木登,1076,-0.4,,9,8,33.1,488,+2,
,"2017.12. 2",中京,4名1,500万,寒椿賞500*,2,2,メイショウオーパス,牡,2,幸英明, 55 ,9,2,１, ,ダ1400,良,,(栗),飯田祐史,1243,-0.2,,2,2,37.0,498,+2,
,"2017.12. 2",中京,4名1,500万,500万下,8,17,アドマイヤジョラス,牡,3,藤岡康太, 55 ,18,2,１, ,芝2200,良,*,(栗),梅田智之,2134,-0.1,7,5,5,34.1,474,-2,
,"2017.12. 2",中京,4名1,500万,500万下・若,1,1,クレマンダルザス,セ,4,荻野極,56☆,13,1,１, ,ダ1800,良,,(栗),松永幹夫,1527,-0.2,2,5,4,36.8,456,+4,
,"2017.12. 2",中京,4名1,500万,500万下,4,7,グロワールシチー,牡,3,秋山真一, 56 ,18,4,１, ,芝1400,良,,(栗),岡田稲男,1208,-0.2,,5,5,34.5,466,+2,
,"2017.12. 2",中京,4名1,500万,500万下,1,2,ケルンウィナー,牡,6,荻野極,56☆,16,5,１, ,ダ1400,良,,(栗),松田国英,1248,-0.4,,4,3,36.9,504,+4,
,"2017.12. 2",中京,4名1,500万,500万下,3,6,タスクフォース,牡,3,北村友一, 56 ,16,1,１, ,ダ1900,良,,(栗),須貝尚介,2005,-0.0,3,2,2,37.8,552,0,B
,"2017.12. 2",中京,4名1,未勝利,未勝利*,4,7,メイケイダイハード,牡,2,幸英明, 55 ,18,1,１, ,芝1200,良,,(栗),中竹和也,1100,-0.0,,2,2,35.4,522,-2,
,"2017.12. 2",中京,4名1,500万,500万下,5,10,スリーランディア,牝,3,和田翼,53☆,16,1,１, ,ダ1200,良,,(栗),橋田満,1127,-0.0,,2,2,36.4,416,-4,
,"2017.12. 2",中京,4名1,500万,500万下・牝,2,4,ヴィーナスフローラ,牝,3,藤岡康太, 54 ,16,3,１, ,ダ1400,良,,(栗),須貝尚介,1252,-0.1,,10,8,37.4,484,+10,
,"2017.12. 2",中京,4名1,未勝利,未勝利*,1,1,ワークアンドラブ,牡,2,富田暁,52▲,16,1,１, ,ダ1800,良,,(栗),田所秀孝,1561,-0.0,10,7,8,38.4,472,0,B
,"2017. 7.23",中京,3名8,500万,500万下,5,10,オールポッシブル,牝,3,横山典弘, 52 ,18,2,１, ,芝1400,良,,(栗),高橋亮,1217,-0.2,,1,1,34.6,488,+10,
,"2017. 7.23",中京,3名8,Ｇ３,中京記念ＨG3,2,3,ウインガニオン,牡,5,津村明秀, 57 ,16,5,１, ,芝1600,良,,(栗),西園正都,1332,-0.4,2,2,2,34.8,494,+4,
,"2017. 7.23",中京,3名8,1000万,尾頭橋特1000,4,7,エルフィンコーブ,牝,4,松山弘平, 55 ,16,3,１, ,ダ1200,良,,(栗),池添学,1113,-0.0,,1,1,37.2,504,-6,
,"2017. 7.23",中京,3名8,500万,渥美特別500,1,1,ラウレアブルーム,牡,5,森裕太朗, 57 ,12,10,１, ,芝2200,良,,(栗),山内研二,2134,-0.3,1,1,1,37.6,504,-2,
,"2017. 7.23",中京,3名8,500万,500万下,6,12,マイネルラック,牡,4,国分優作, 57 ,16,3,１, ,ダ1400,良,*,(栗),梅田智之,1243,-0.0,,6,6,36.7,474,-2,
,"2017. 7.23",中京,3名8,500万,500万下・牝,3,5,ナリタピクシー,牝,4,福永祐一, 55 ,15,6,１, ,芝2000,良,,(栗),高橋亮,2006,-0.1,9,6,2,34.5,504,+10,
,"2017. 7.23",中京,3名8,未勝利,未勝利,3,6,ワンフォーオール,セ,3,福永祐一, 56 ,16,4,１, ,ダ1800,良,,(栗),松元茂樹,1546,-0.1,6,7,6,37.4,448,-16,
,"2017. 7.23",中京,3名8,新馬,新馬,4,7,アントルシャ,牝,2,Ｍ．デム, 54 ,15,1,１, ,芝1400,良,,(栗),池添学,1242,-0.1,,2,2,35.7,436,,
,"2017. 7.23",中京,3名8,未勝利,障害未勝利,1,1,プレシャスタイム,牡,4,佐久間寛, 60 ,10,2,１, ,芝3000,良,,(栗),藤沢則雄,3167,-0.0,8,4,3,13.1,426,0,
,"2017. 7.23",中京,3名8,未勝利,未勝利,5,9,シュライエンシチー,牡,3,松若風馬, 56 ,16,10,１, ,ダ1200,良,,(栗),西園正都,1129,-0.5,,1,1,37.9,488,-4,
,"2017. 7.23",中京,3名8,未勝利,未勝利・牝,1,2,デュナミス,牝,3,幸英明, 54 ,16,10,１, ,ダ1800,良,,(栗),西浦勝一,1556,-0.2,1,1,1,39.1,514,-2,B
,"2017. 7.23",中京,3名8,未勝利,未勝利*,8,11,スカーレットカラー,牝,2,太宰啓介, 54 ,12,1,１, ,芝1600,良,,(栗),高橋亮,1355,-0.4,9,7,5,35.8,438,0,
,"2017. 7.22",中京,3名7,500万,500万下,8,16,ラビットラン,牝,3,和田竜二, 52 ,16,4,１, ,芝1600,良,*,(栗),角居勝彦,1343,-0.1,15,15,16,33.0,440,-8,
,"2017. 7.22",中京,3名7,1600万,桶狭間Ｓ1600,3,5,ウインムート,牡,4,ホワイト, 57 ,15,4,１, ,ダ1400,良,,(栗),加用正,1228,-0.4,,1,1,36.4,494,+10,
,"2017. 7.22",中京,3名7,1000万,長久手特1000,7,11,ワントゥワン,牝,4,Ｍ．デム, 55 ,14,1,１, ,芝1600,良,,(栗),藤岡健一,1340,-0.0,13,10,8,34.0,444,0,
,"2017. 7.22",中京,3名7,ｵｰﾌﾟﾝ,中京２歳,3,3,アマルフィコースト,牝,2,浜中俊, 54 ,7,1,１, ,芝1600,良,,(栗),牧田和弥,1347,-0.0,5,5,5,34.3,454,0,
,"2017. 7.22",中京,3名7,500万,500万下,1,1,ペガサスシャーイン,牡,3,幸英明, 54 ,16,4,１, ,ダ1800,良,,(栗),西村真幸,1520,-0.3,4,4,4,38.1,522,-8,
,"2017. 7.22",中京,3名7,未勝利,未勝利,1,1,ティーブラッサム,牡,3,松岡正海, 56 ,18,6,１, ,芝2000,良,,(栗),五十嵐忠,2015,-0.1,3,3,2,35.7,518,+2,
,"2017. 7.22",中京,3名7,新馬,新馬・牝,3,3,アーデルワイゼ,牝,2,荻野極,52△,14,3,１, ,芝1400,良,,(栗),池添学,1235,-0.2,,3,3,35.7,432,,
,"2017. 7.22",中京,3名7,新馬,新馬,8,14,トゥザフロンティア,牡,2,ホワイト, 54 ,14,1,１, ,芝1600,良,,(栗),池江泰寿,1368,-0.1,6,5,6,34.7,482,,
,"2017. 7.22",中京,3名7,未勝利,未勝利,7,14,アルマシャール,牡,3,和田竜二, 56 ,16,2,１, ,ダ1900,良,,(栗),佐々木晶,2012,-0.2,2,2,2,38.8,500,+4,
,"2017. 7.22",中京,3名7,未勝利,未勝利,2,4,ルイ,牡,3,川又賢治,53▲,18,3,１, ,芝1200,良,,(栗),森秀行,1093,-0.0,,1,1,35.8,508,-24,B
,"2017. 7.22",中京,3名7,未勝利,未勝利・牝,6,11,ワールドオンライン,牝,3,幸英明, 54 ,16,4,１, ,ダ1400,良,,(栗),安達昭夫,1254,-0.1,,2,2,37.8,456,+4,
,"2017. 7.22",中京,3名7,未勝利,未勝利*,1,1,ドンフォルティス,牡,2,Ｍ．デム, 54 ,15,1,１, ,ダ1200,良,,(栗),牧浦充徳,1126,-0.5,,7,5,36.3,492,+8,
,"2017. 7.16",中京,3名6,1000万,フィリピ1000,1,1,リッパーザウィン,牡,5,佐藤友則, 57 ,12,8,１, ,芝1200,良,,(栗),矢作芳人,1083,-0.0,,4,4,34.1,516,-2,
,"2017. 7.16",中京,3名6,ｵｰﾌﾟﾝ,名鉄杯,2,4,オウケンワールド,牡,5,Ｍ．デム, 56 ,16,1,１, ,ダ1800,良,*,(栗),西村真幸,1519,-0.0,3,4,4,38.4,490,-8,
,"2017. 7.16",中京,3名6,1000万,シンガポ1000,4,7,キンショーユキヒメ,牝,4,Ｍ．デム, 55 ,15,2,１, ,芝2000,良,,(栗),中村均,1596,-0.1,8,8,8,33.8,506,-12,
,"2017. 7.16",中京,3名6,500万,タイラン500,8,16,オフクヒメ,牝,4,幸英明, 55 ,18,6,１, ,芝1200,良,,(栗),松下武士,1089,-0.0,,3,4,34.1,440,-4,
,"2017. 7.16",中京,3名6,500万,500万下,8,16,ディープオーパス,牡,4,内田博幸, 57 ,16,4,１, ,ダ1800,良,,(栗),藤岡健一,1517,-0.4,1,1,1,37.4,486,+2,B
,"2017. 7.16",中京,3名6,500万,500万下・牝,1,1,ブルーミン,牝,3,高倉稜, 52 ,16,6,１, ,ダ1400,良,,(栗),松元茂樹,1240,-0.3,,1,1,37.8,468,+4,
,"2017. 7.16",中京,3名6,新馬,新馬,3,3,テイエムスグレモン,牡,2,川又賢治,51▲,10,6,１, ,芝1200,良,,(栗),山内研二,1103,-0.3,,3,2,35.3,464,,
,"2017. 7.16",中京,3名6,新馬,新馬,7,8,ワグネリアン,牡,2,福永祐一, 54 ,10,2,１, ,芝2000,良,,(栗),友道康夫,2047,-0.0,4,5,5,32.6,450,,
,"2017. 7.16",中京,3名6,未勝利,未勝利,2,4,クリノキング,セ,3,酒井学, 56 ,16,3,１, ,ダ1400,良,,(栗),湯窪幸雄,1248,-0.1,,3,5,38.0,452,0,B
,"2017. 7.16",中京,3名6,未勝利,未勝利,7,14,ライクアエンジェル,牝,3,和田翼,53☆,18,8,１, ,芝2000,良,*,(栗),河内洋,2016,-0.1,2,2,2,34.5,420,+2,
,"2017. 7.16",中京,3名6,未勝利,未勝利,3,6,モズアスコット,牡,3,内田博幸, 56 ,16,2,１, ,芝1600,良,,(栗),矢作芳人,1346,-0.3,13,7,4,34.3,478,-8,
,"2017. 7.16",中京,3名6,未勝利,未勝利*,6,7,レッドシャーロット,牝,2,Ｍ．デム, 54 ,11,1,１, ,芝1400,良,,(栗),庄野靖志,1218,-0.2,,4,4,35.6,442,-8,
,"2017. 7.15",中京,3名5,500万,500万下,2,4,メイショウミズカゼ,牡,3,秋山真一, 54 ,16,3,１, ,ダ1200,良,,(栗),飯田祐史,1115,-0.3,,3,3,36.6,462,+2,
,"2017. 7.15",中京,3名5,1600万,マレーシ1600,6,7,ストロングタイタン,牡,4,川田将雅, 57 ,11,1,１, ,芝2000,良,,(栗),池江泰寿,1583,-0.0,4,3,3,34.0,518,-12,
,"2017. 7.15",中京,3名5,1000万,インデＨ1000,3,5,ジュエルメーカー,牝,5,国分優作, 53 ,16,12,１, ,ダ1800,良,,(栗),千田輝彦,1518,-0.3,5,4,4,37.6,504,-8,
,"2017. 7.15",中京,3名5,500万,マカオジ500,4,8,チトニア,牝,3,松若風馬, 52 ,17,4,１, ,芝1400,良,,(栗),友道康夫,1205,-0.0,,8,10,33.7,468,+2,
,"2017. 7.15",中京,3名5,500万,500万下,4,4,キセキ,牡,3,福永祐一, 54 ,13,1,１, ,芝2000,良,,(栗),角居勝彦,1591,-0.3,11,10,11,33.2,490,+8,
,"2017. 7.15",中京,3名5,未勝利,未勝利,2,3,タガノヤグラ,牡,3,藤懸貴志, 56 ,15,5,１, ,芝2200,良,,(栗),千田輝彦,2128,-0.0,12,11,8,34.5,452,+10,
,"2017. 7.15",中京,3名5,未勝利,未勝利,7,14,メトロポリス,牡,3,福永祐一, 56 ,16,4,１, ,ダ1800,良,,(栗),吉村圭司,1538,-0.4,13,10,6,38.1,528,,
,"2017. 7.15",中京,3名5,新馬,新馬,5,5,スワーヴポルトス,牡,2,Ｍ．デム, 54 ,11,1,１, ,芝1600,良,,(栗),庄野靖志,1368,-0.0,2,2,2,34.5,422,,
,"2017. 7.15",中京,3名5,ｵｰﾌﾟﾝ,障害・オープ,5,5,ユウキビバワンダー,セ,4,佐久間寛, 60 ,8,3,１, ,芝3330,良,,(栗),藤沢則雄,3374,-0.2,4,5,3,13.1,498,-12,
,"2017. 7.15",中京,3名5,未勝利,未勝利,8,16,アサケパワー,牡,3,幸英明, 56 ,16,3,１, ,ダ1200,良,,(栗),大橋勇樹,1117,-0.3,,2,2,36.9,510,0,
,"2017. 7.15",中京,3名5,未勝利,未勝利・牝,7,7,ガーランドワルツ,牝,3,荻野極,52△,10,3,１, ,ダ1800,良,,(栗),吉田直弘,1542,-0.0,7,7,5,38.2,436,-12,B
,"2017. 7.15",中京,3名5,未勝利,障害未勝利,7,7,ゼンノトライブ,牡,4,難波剛健, 60 ,9,6,１, ,芝3000,良,,(栗),浅見秀一,3211,-0.3,1,1,1,13.4,450,+14,
,"2017. 7. 9",中京,3名4,500万,500万下・牝,7,8,チャレアーダ,牝,3,福永祐一, 52 ,11,2,１, ,芝1600,良,,(栗),中内田充,1333,-0.0,11,11,10,34.1,456,+4,
,"2017. 7. 9",中京,3名4,Ｇ３,プロキオG3,7,12,キングズガード,牡,6,藤岡佑介, 56 ,15,5,１, ,ダ1400,良,,(栗),寺島良,1229,-0.3,,13,12,35.6,458,0,
,"2017. 7. 9",中京,3名4,1000万,有松特Ｈ1000,5,5,ミリッサ,牝,3,福永祐一, 52 ,11,1,１, ,芝1600,良,,(栗),石坂正,1327,-0.0,8,8,7,34.0,414,-4,
,"2017. 7. 9",中京,3名4,500万,清洲特別500,4,8,バリス,牡,6,和田竜二, 57 ,16,1,１, ,芝1400,良,,(栗),鈴木孝志,1198,-0.4,,6,5,34.2,490,-4,
,"2017. 7. 9",中京,3名4,500万,500万下,7,14,ダンサクドゥーロ,牡,3,小牧太, 54 ,16,2,１, ,ダ1800,良,,(栗),松永昌博,1532,-0.4,6,1,1,37.5,500,-2,
,"2017. 7. 9",中京,3名4,未勝利,未勝利,7,13,パステラリア,牝,3,Ｍ．デム, 54 ,18,1,１, ,芝2000,良,,(栗),高野友和,2009,-0.1,18,8,9,34.4,470,+2,
,"2017. 7. 9",中京,3名4,未勝利,未勝利,4,7,オースミメテオール,牡,3,酒井学, 56 ,16,4,１, ,ダ1900,良,*,(栗),松永昌博,2007,-0.1,4,4,2,39.4,514,-14,
,"2017. 7. 9",中京,3名4,新馬,新馬,6,6,シンデレラメイク,牝,2,中谷雄太, 54 ,10,4,１, ,芝1400,良,,(栗),鮫島一歩,1224,-0.8,,5,3,35.6,460,,
,"2017. 7. 9",中京,3名4,未勝利,障害未勝利,7,12,プランスペスカ,牡,7,熊沢重文, 60 ,14,7,１, ,芝3000,良,,(栗),松永昌博,3162,-0.0,2,2,1,13.1,468,-6,
,"2017. 7. 9",中京,3名4,未勝利,未勝利・牝,7,14,スターズバース,牝,3,幸英明, 54 ,16,6,１, ,ダ1200,良,,(栗),浅見秀一,1130,-0.2,,6,3,37.0,478,-16,
,"2017. 7. 9",中京,3名4,未勝利,未勝利,2,4,テイルバック,牡,3,幸英明, 56 ,16,11,１, ,ダ1400,良,*,(栗),杉山晴紀,1247,-0.0,,3,3,37.9,478,-6,
,"2017. 7. 9",中京,3名4,未勝利,未勝利*,6,6,シュバルツボンバー,牡,2,福永祐一, 54 ,9,2,１, ,芝1600,良,,(栗),須貝尚介,1342,-0.4,4,5,4,34.3,498,-4,
,"2017. 7. 8",中京,3名3,500万,500万下,3,5,タガノグロリオーサ,牡,4,Ｍ．デム, 57 ,16,3,１, ,ダ1400,良,,(栗),川村禎彦,1246,-0.0,,1,1,37.4,458,+6,
,"2017. 7. 8",中京,3名3,1600万,豊明Ｓ1600,8,12,ツィンクルソード,牡,6,Ｍ．デム, 57 ,12,5,１, ,芝1400,良,*,(栗),松永昌博,1199,-0.0,,9,9,34.0,482,0,
,"2017. 7. 8",中京,3名3,1000万,濃尾特別1000,2,2,テンザワールド,牡,3,和田竜二, 54 ,13,2,１, ,ダ1900,良,,(栗),大久保龍,1592,-0.4,3,5,5,37.4,430,+2,
,"2017. 7. 8",中京,3名3,500万,茶臼山高500,6,7,レントラー,セ,5,小牧太, 57 ,11,5,１, ,芝2000,良,,(栗),松永昌博,2002,-0.0,1,1,1,34.9,444,-4,
,"2017. 7. 8",中京,3名3,500万,500万下,7,10,ダイナミックアロー,牡,4,三津谷隼,54▲,12,4,１, ,芝2200,良,,(栗),目野哲也,2120,-0.1,1,1,1,35.0,494,+2,
,"2017. 7. 8",中京,3名3,未勝利,未勝利,2,3,ジェニアル,牡,3,武豊, 56 ,18,4,１, ,芝1400,良,,(栗),松永幹夫,1202,-0.0,,13,12,33.5,430,+2,
,"2017. 7. 8",中京,3名3,新馬,新馬,5,10,マイネルオスカル,牡,2,幸英明, 54 ,16,3,１, ,ダ1400,良,,(栗),中村均,1258,-0.1,,3,3,38.5,458,,
,"2017. 7. 8",中京,3名3,新馬,新馬,8,8,ミッキーマインド,牡,2,福永祐一, 54 ,8,1,１, ,芝1600,良,,(栗),音無秀孝,1376,-0.0,4,4,4,34.5,452,,
,"2017. 7. 8",中京,3名3,未勝利,未勝利,3,5,スズカフューラー,牡,3,和田竜二, 56 ,16,1,１, ,ダ1800,良,,(栗),西橋豊治,1537,-0.7,5,5,4,37.4,420,+2,
,"2017. 7. 8",中京,3名3,未勝利,未勝利・牝,3,5,ディメンシオン,牝,3,福永祐一, 54 ,16,1,１, ,芝1600,良,,(栗),藤原英昭,1349,-0.3,2,3,3,33.8,452,+8,
,"2017. 7. 8",中京,3名3,未勝利,未勝利・牝,2,4,ロッタラブ,牝,3,和田翼,53☆,16,3,１, ,ダ1800,良,,(栗),加用正,1547,-0.4,5,6,5,38.7,470,-6,
,"2017. 7. 8",中京,3名3,未勝利,未勝利*,2,2,ナムラバンザイ,牡,2,国分優作, 54 ,10,2,１, ,芝1200,良,,(栗),目野哲也,1094,-0.2,,2,2,35.5,412,-2,
,"2017. 7. 2",中京,3名2,500万,500万下,6,12,カルムパシオン,セ,4,加藤祥太,56☆,16,9,１, ,ダ1900,稍,,(栗),中竹和也,1590,-0.1,1,1,1,38.6,504,-12,
,"2017. 7. 2",中京,3名2,Ｇ３,ＣＢＣ賞ＨG3,4,7,シャイニングレイ,牡,5,北村友一, 56 ,18,2,１, ,芝1200,良,,(栗),高野友和,1080,-0.0,,16,15,33.2,530,-2,
,"2017. 7. 2",中京,3名2,1000万,香嵐渓特1000,1,2,ケイマ,牡,4,福永祐一, 57 ,16,2,１, ,ダ1400,稍,,(栗),牧田和弥,1231,-0.0,,4,3,37.1,486,+2,B
,"2017. 7. 2",中京,3名2,1000万,木曽川特1000,3,6,マウントゴールド,牡,4,中谷雄太, 57 ,18,9,１, ,芝2200,良,,(栗),池江泰寿,2131,-0.0,4,4,4,34.9,452,+2,
,"2017. 7. 2",中京,3名2,500万,500万下,2,3,ナーウル,牝,4,武豊, 55 ,18,3,１, ,芝1200,良,*,(栗),音無秀孝,1091,-0.0,,12,13,34.3,474,+4,
,"2017. 7. 2",中京,3名2,500万,500万下・牝,5,9,サルサディオーネ,牝,3,和田竜二, 52 ,16,2,１, ,ダ1800,稍,,(栗),羽月友彦,1522,-0.8,1,1,1,37.3,488,+2,
,"2017. 7. 2",中京,3名2,新馬,新馬,8,10,タイセイプライド,牡,2,Ｍ．デム, 54 ,10,1,１, ,芝1400,良,,(栗),西村真幸,1234,-0.6,,2,2,35.1,502,,
,"2017. 7. 2",中京,3名2,新馬,新馬・牝,7,12,トロワゼトワル,牝,2,福永祐一, 54 ,15,2,１, ,芝1600,良,,(栗),安田隆行,1368,-0.0,2,2,2,35.0,458,,
,"2017. 7. 2",中京,3名2,未勝利,未勝利,8,17,クロスアミュレット,牝,3,Ｍ．デム, 54 ,18,5,１, ,芝2000,良,,(栗),梅田智之,2014,-0.0,9,5,5,36.1,466,+14,
,"2017. 7. 2",中京,3名2,未勝利,未勝利,7,14,アストロノーティカ,牡,3,菱田裕二, 56 ,16,5,１, ,ダ1400,稍,,(栗),角田晃一,1256,-0.2,,8,8,38.0,494,+2,
,"2017. 7. 2",中京,3名2,未勝利,未勝利,4,7,ジョーアラビカ,牡,3,松山弘平, 56 ,16,4,１, ,芝1600,良,,(栗),沖芳夫,1351,-0.0,2,2,2,35.0,504,-10,
,"2017. 7. 2",中京,3名2,未勝利,未勝利*,6,7,コーディエライト,牝,2,和田竜二, 54 ,12,3,１, ,芝1400,良,,(栗),佐々木晶,1222,-1.0,,1,1,34.8,446,-8,
,"2017. 7. 1",中京,3名1,500万,500万下,1,1,ドラゴンカップ,牡,4,福永祐一, 57 ,11,4,１, ,芝2000,稍,,(栗),角居勝彦,2012,-0.1,3,4,3,34.9,454,+4,
,"2017. 7. 1",中京,3名1,1600万,白川郷Ｈ1600,6,12,アドマイヤロケット,牡,5,川須栄彦, 55 ,16,5,１, ,ダ1800,重,,(栗),友道康夫,1508,-0.4,1,1,1,35.9,476,-2,
,"2017. 7. 1",中京,3名1,1000万,知多特別1000,7,11,クライムメジャー,牡,3,川田将雅, 54 ,14,1,１, ,芝1400,稍,*,(栗),池江泰寿,1206,-0.0,,8,8,33.6,506,-2,
,"2017. 7. 1",中京,3名1,500万,御在所特500,8,16,レオナルド,牡,4,福永祐一, 57 ,16,1,１, ,芝1600,稍,,(栗),藤原英昭,1339,-0.4,9,9,9,33.5,446,+8,
,"2017. 7. 1",中京,3名1,500万,500万下,2,4,クリノシャンボール,牡,4,和田竜二, 57 ,16,3,１, ,ダ1200,重,*,(栗),川村禎彦,1100,-0.7,,1,1,34.8,492,+10,
,"2017. 7. 1",中京,3名1,未勝利,未勝利,7,13,ナリタプレジデント,牡,3,福永祐一, 56 ,18,1,１, ,芝2200,稍,,(栗),沖芳夫,2138,-0.3,9,7,7,35.9,440,-6,
,"2017. 7. 1",中京,3名1,未勝利,未勝利,4,7,ホノルア,牡,3,和田竜二, 56 ,16,4,１, ,ダ1800,重,,(栗),西橋豊治,1517,-1.0,1,1,1,37.3,446,+2,
,"2017. 7. 1",中京,3名1,新馬,新馬,2,2,フロンティア,牡,2,川田将雅, 54 ,12,1,１, ,芝1600,稍,,(栗),中内田充,1382,-0.1,1,1,1,34.4,454,,
,"2017. 7. 1",中京,3名1,ｵｰﾌﾟﾝ,障害・オープ,6,8,リスヴェリアート,牡,7,北沢伸也, 60 ,12,6,１, ,芝3300,重,,(栗),松元茂樹,3375,-0.1,6,2,2,13.2,458,+4,
,"2017. 7. 1",中京,3名1,未勝利,未勝利,1,2,パルトネール,牝,3,和田翼,53☆,16,13,１, ,ダ1200,不,*,(栗),浜田多実,1128,-0.2,,13,10,36.2,508,+2,
,"2017. 7. 1",中京,3名1,未勝利,未勝利・牝,1,2,ナガラエンカ,牝,3,川又賢治,51▲,16,10,１, ,ダ1800,不,,(栗),五十嵐忠,1542,-0.0,5,6,6,36.5,430,0,
,"2017. 7. 1",中京,3名1,未勝利,障害未勝利,6,9,レッドルーラー,牡,7,西谷誠, 60 ,14,2,１, ,芝3000,重,,(栗),角居勝彦,3176,-0.4,1,1,1,13.2,496,-4,
,"2017. 3.26",中京,2名6,1000万,鈴鹿特別1000,5,10,フレンドスイート,牝,6,丸山元気, 55 ,16,16,１, ,ダ1400,稍,,(美),南田美知,1246,-0.0,,14,12,37.2,458,-4,
,"2017. 3.26",中京,2名6,Ｇ１,高松宮記G1,3,6,セイウンコウセイ,牡,4,幸英明, 57 ,18,5,１, ,芝1200,稍,,(美),上原博之,1087,-0.2,,4,4,34.5,500,0,
,"2017. 3.26",中京,2名6,1000万,熊野特別1000,4,4,パフォーマプロミス,牡,5,戸崎圭太, 57 ,9,2,１, ,芝2200,稍,,(栗),藤原英昭,2159,-0.4,4,5,5,35.4,452,+2,
,"2017. 3.26",中京,2名6,500万,刈谷特別500,7,14,イレイション,牡,5,藤岡佑介, 57 ,16,2,１, ,芝1600,稍,,(栗),中内田充,1352,-0.4,4,5,5,34.7,492,+8,
,"2017. 3.26",中京,2名6,500万,500万下,8,15,レッドオルバース,牡,5,内田博幸, 57 ,16,3,１, ,ダ1800,稍,,(美),国枝栄,1534,-0.4,5,3,1,37.9,492,-12,
,"2017. 3.26",中京,2名6,500万,500万下・牝,2,2,アオイプリンセス,牝,4,藤岡康太, 55 ,15,1,１, ,芝2000,稍,,(栗),大久保龍,2030,-0.0,5,7,7,35.8,448,+10,
,"2017. 3.26",中京,2名6,500万,500万下,6,12,ピースマーク,牡,6,幸英明, 57 ,16,6,１, ,ダ1400,稍,,(栗),沖芳夫,1242,-0.8,,1,1,36.7,512,-6,
,"2017. 3.26",中京,2名6,未勝利,未勝利,3,6,メルヴィンカズマ,牡,3,Ｍ．デム, 56 ,18,1,１, ,芝2000,稍,,(栗),西浦勝一,2034,-0.1,5,8,6,35.7,470,0,
,"2017. 3.26",中京,2名6,未勝利,未勝利,1,1,シュピールカルテ,牝,3,丹内祐次, 54 ,18,4,１, ,芝1400,稍,*,(美),栗田徹,1231,-0.2,,1,1,36.0,442,-2,
,"2017. 3.26",中京,2名6,未勝利,未勝利,7,13,サトノフレイム,牡,3,国分恭介, 56 ,15,5,１, ,ダ1900,稍,,(栗),中竹和也,2015,-1.2,1,1,1,38.8,510,-4,
,"2017. 3.26",中京,2名6,未勝利,未勝利,3,5,ルア,牝,3,岩田康誠, 54 ,16,8,１, ,ダ1400,稍,,(美),高橋裕,1268,-0.0,,1,1,39.4,466,0,
,"2017. 3.26",中京,2名6,未勝利,未勝利・牝,1,1,アルゴロオジエ,牝,3,大野拓弥, 54 ,15,4,１, ,ダ1800,稍,,(美),伊藤大士,1563,-0.0,1,1,1,38.2,490,-4,
,"2017. 3.25",中京,2名5,1000万,岡崎特別1000,4,7,オヒア,牝,5,小崎綾也, 55 ,17,11,１, ,芝1200,良,,(栗),村山明,1087,-0.1,,1,1,34.6,460,0,
,"2017. 3.25",中京,2名5,1600万,名古屋Ｈ1600,5,9,スズカリバー,牡,5,黛弘人, 53 ,16,11,１, ,ダ1800,良,,(美),伊藤圭三,1527,-0.2,1,1,1,37.1,492,-6,B
,"2017. 3.25",中京,2名5,500万,大寒桜賞500*,4,4,アドマイヤウイナー,牡,3,秋山真一, 56 ,8,2,１, ,芝2200,良,,(栗),須貝尚介,2136,-0.1,3,3,3,34.8,492,-8,
,"2017. 3.25",中京,2名5,500万,500万下,4,8,ダイメイリシャール,牡,6,木幡初也,55△,16,12,１, ,ダ1200,良,,(美),本間忍,1122,-0.4,,6,2,37.4,504,-6,
,"2017. 3.25",中京,2名5,500万,500万下・牝,3,3,ストライクショット,牝,4,菱田裕二, 55 ,14,1,１, ,ダ1800,良,,(美),加藤征弘,1551,-0.4,2,1,1,39.1,490,-6,
,"2017. 3.25",中京,2名5,500万,500万下,5,5,フォンス,牡,4,和田竜二, 56 ,10,1,１, ,芝2200,良,,(栗),藤原英昭,2152,-0.2,3,2,2,34.4,474,-16,
,"2017. 3.25",中京,2名5,500万,500万下・牝,4,7,リヴァイバル,牝,4,荻野極,52▲,16,3,１, ,ダ1400,良,,(栗),岡田稲男,1250,-0.1,,2,2,38.0,474,+4,
,"2017. 3.25",中京,2名5,未勝利,未勝利,8,15,レッドオルガ,牝,3,和田竜二, 54 ,16,2,１, ,芝1600,良,,(栗),藤原英昭,1343,-0.1,4,5,5,34.7,430,-2,
,"2017. 3.25",中京,2名5,未勝利,未勝利・牝,5,9,ブルークランズ,牝,3,和田竜二, 54 ,18,1,１, ,芝2000,良,,(栗),今野貞一,2033,-0.2,7,7,6,34.2,484,+4,
,"2017. 3.25",中京,2名5,未勝利,未勝利,3,5,アスターメープル,牝,3,城戸義政,52△,16,10,１, ,ダ1200,稍,,(栗),中竹和也,1142,-0.2,,1,1,38.8,436,+18,
,"2017. 3.25",中京,2名5,未勝利,未勝利・若,6,12,クリノピョートル,牡,3,木幡初也,54△,16,2,１, ,ダ1800,稍,,(栗),作田誠二,1555,-0.4,2,2,2,39.0,498,0,
,"2017. 3.25",中京,2名5,未勝利,未勝利・牝,7,14,ブルーミン,牝,3,国分優作, 54 ,16,4,１, ,ダ1400,稍,,(栗),松元茂樹,1263,-0.4,,2,2,38.5,456,,
,"2017. 3.20",中京,2名4,500万,500万下,1,2,レッドアフレイム,牡,5,荻野極,54▲,17,7,１, ,芝1400,良,,(美),久保田貴,1214,-0.2,,6,6,34.3,450,+10,
,"2017. 3.20",中京,2名4,ｵｰﾌﾟﾝ,夢見月Ｓ,8,13,コウエイエンブレム,牡,4,松山弘平, 56 ,13,1,１, ,ダ1400,良,,(栗),山内研二,1231,-0.2,,3,3,36.5,528,-2,
,"2017. 3.20",中京,2名4,1000万,小牧特Ｈ1000,1,1,キンショーユキヒメ,牝,4,Ｍ．デム, 53 ,17,1,１, ,芝2000,良,,(栗),中村均,2018,-0.2,7,7,6,34.6,512,+6,
,"2017. 3.20",中京,2名4,500万,沈丁花賞500*,2,2,スターカットダイヤ,牡,3,Ｍ．デム, 56 ,10,2,１, ,ダ1400,良,,(栗),平田修,1253,-0.0,,2,2,37.0,456,-4,
,"2017. 3.20",中京,2名4,500万,500万下,8,13,エルプシャフト,牡,4,Ｍ．デム, 57 ,14,1,１, ,芝2000,良,,(栗),角居勝彦,2013,-0.1,10,10,10,34.0,452,+10,
,"2017. 3.20",中京,2名4,500万,500万下,2,3,エンパイアブレイク,牝,4,Ｍ．デム, 55 ,15,2,１, ,ダ1900,良,,(栗),松田国英,2006,-0.0,3,3,3,37.3,490,+2,
,"2017. 3.20",中京,2名4,500万,500万下・牝,4,8,キョウワゼノビア,牝,4,福永祐一, 55 ,16,1,１, ,ダ1200,良,,(栗),角田晃一,1131,-0.0,,14,11,36.7,486,+14,
,"2017. 3.20",中京,2名4,未勝利,未勝利,1,1,コウエイダリア,牝,3,藤懸貴志, 54 ,18,3,１, ,芝1400,良,,(栗),山内研二,1223,-0.0,,5,4,35.3,476,+2,
,"2017. 3.20",中京,2名4,未勝利,障害未勝利,4,5,セイウンアワード,牡,5,上野翔, 60 ,14,10,１, ,芝3000,良,*,(美),杉浦宏昭,3207,-0.3,5,6,5,13.4,532,-10,
,"2017. 3.20",中京,2名4,未勝利,未勝利・若,4,7,サザンブリーズ,牡,3,荻野極,53▲,16,3,１, ,ダ1800,良,,(栗),橋口慎介,1558,-0.1,1,1,1,37.7,504,0,
,"2017. 3.20",中京,2名4,未勝利,未勝利,2,3,フォーチュンキセキ,牝,3,小牧太, 54 ,16,1,１, ,ダ1200,良,,(栗),渡辺薫彦,1137,-0.4,,1,1,38.1,446,-4,
,"2017. 3.20",中京,2名4,未勝利,未勝利,1,1,クリノフウジン,牡,3,藤岡康太, 56 ,16,2,１, ,ダ1800,良,,(栗),高橋義忠,1553,-0.4,12,12,11,37.3,476,-4,
,"2017. 3.18",中京,2名3,500万,500万下,2,4,ミッキーデータ,セ,6,荻野極,54▲,16,7,１, ,ダ1400,良,,(栗),松田国英,1249,-0.4,,1,1,37.6,518,-4,
,"2017. 3.18",中京,2名3,Ｇ３,ファルコG3,5,9,コウソクストレート,牡,3,戸崎圭太, 56 ,16,3,１, ,芝1400,良,,(美),中舘英二,1211,-0.0,,12,10,34.4,492,-4,
,"2017. 3.18",中京,2名3,1000万,伊勢特別1000,7,13,テイエムグンカン,牡,5,田中健, 57 ,16,4,１, ,ダ1900,良,,(栗),木原一良,1596,-0.1,1,1,1,38.8,532,-8,
,"2017. 3.18",中京,2名3,1000万,恵那特別1000,5,10,コンテナ,牡,5,戸崎圭太, 57 ,16,1,１, ,ダ1200,良,,(栗),牧浦充徳,1123,-0.4,,6,7,36.3,596,-4,
,"2017. 3.18",中京,2名3,500万,500万下・牝,2,3,ルネイション,牝,4,田辺裕信, 55 ,16,1,１, ,芝1600,良,,(美),栗田徹,1342,-0.1,14,14,14,34.0,434,-6,
,"2017. 3.18",中京,2名3,500万,500万下,3,5,アクセラレート,牡,5,戸崎圭太, 57 ,16,4,１, ,ダ1800,良,,(栗),佐々木晶,1545,-0.0,3,3,3,37.9,464,-4,
,"2017. 3.18",中京,2名3,未勝利,未勝利,5,9,モンスールデジール,牝,3,酒井学, 54 ,18,6,１, ,芝1200,良,,(栗),福島信晴,1102,-0.2,,2,2,35.7,452,-6,
,"2017. 3.18",中京,2名3,ｵｰﾌﾟﾝ,障害・オープ,5,7,コンコード,牡,5,石神深一, 60 ,14,2,１, ,芝3300,良,,(美),武井亮,3382,-0.3,11,13,10,13.2,522,0,
,"2017. 3.18",中京,2名3,未勝利,障害未勝利,1,1,アレルキナーダ,牝,4,白浜雄造, 57 ,14,4,１, ,芝3000,良,,(栗),千田輝彦,3183,-0.0,7,4,5,13.2,508,+4,
,"2017. 3.18",中京,2名3,未勝利,未勝利・牝,8,16,スプリングゲイル,牝,3,石橋脩, 54 ,16,2,１, ,ダ1200,良,,(美),鹿戸雄一,1126,-1.7,,1,1,37.2,462,+2,
,"2017. 3.18",中京,2名3,未勝利,未勝利,8,16,ドンリッチ,牡,3,柴山雄一, 56 ,18,5,１, ,芝2200,良,,(栗),牧浦充徳,2165,-0.0,12,8,7,35.2,508,-2,
,"2017. 3.18",中京,2名3,未勝利,未勝利,5,9,ジュエアトゥー,セ,3,松山弘平, 56 ,16,3,１, ,ダ1400,良,,(栗),山内研二,1261,-0.0,,2,2,38.8,490,-2,
,"2017. 3.12",中京,2名2,1000万,賢島特別1000,2,2,アースライズ,牝,5,坂井瑠星, 55 ,10,2,１, ,芝1600,良,,(栗),矢作芳人,1334,-0.1,3,3,3,33.9,460,+20,
,"2017. 3.12",中京,2名2,1600万,トリトン1600,1,2,トーセンデューク,牡,6,四位洋文, 57 ,17,2,１, ,芝1400,良,,(栗),藤原英昭,1196,-0.0,,12,10,34.2,456,-2,
,"2017. 3.12",中京,2名2,ｵｰﾌﾟﾝ,昇竜Ｓ,1,1,テイエムヒッタマゲ,牡,3,田中健, 56 ,12,9,１, ,ダ1400,良,,(栗),福島信晴,1253,-0.0,,1,1,37.2,482,-4,
,"2017. 3.12",中京,2名2,500万,500万下,4,4,ウォーターシャウト,牡,4,丸田恭介, 57 ,10,2,１, ,ダ1900,良,,(栗),安田隆行,2021,-0.3,10,5,5,38.3,494,+8,
,"2017. 3.12",中京,2名2,500万,500万下,3,5,トシストロング,牡,6,藤岡佑介, 57 ,18,3,１, ,芝1200,良,,(栗),西浦勝一,1083,-0.0,,6,5,34.1,480,0,
,"2017. 3.12",中京,2名2,500万,500万下・牝,7,14,ベルクリア,牝,4,勝浦正樹, 55 ,16,1,１, ,ダ1400,良,,(栗),吉田直弘,1249,-0.2,,2,2,37.5,466,+2,
,"2017. 3.12",中京,2名2,500万,500万下・若,6,12,コンテナ,牡,5,和田翼,56☆,16,1,１, ,ダ1200,良,,(栗),牧浦充徳,1122,-0.9,,2,3,37.0,600,+14,
,"2017. 3.12",中京,2名2,未勝利,障害未勝利,6,9,プリンスダム,牡,6,西谷誠, 60 ,14,6,１, ,芝3000,良,,(栗),池江泰寿,3178,-0.3,4,2,2,13.2,502,-2,
,"2017. 3.12",中京,2名2,未勝利,障害未勝利,2,2,マジェスティハーツ,牡,7,森一馬, 60 ,14,4,１, ,芝3000,良,,(栗),松永昌博,3174,-0.0,5,3,3,13.2,520,+30,
,"2017. 3.12",中京,2名2,未勝利,未勝利,2,3,メイショウイッポン,牡,3,小牧太, 56 ,16,4,１, ,ダ1800,良,,(栗),大橋勇樹,1555,-0.2,6,7,8,38.2,486,-10,
,"2017. 3.12",中京,2名2,未勝利,未勝利,7,14,シシオウ,牡,3,松山弘平, 56 ,18,6,１, ,芝2000,良,,(栗),斉藤崇史,2022,-0.1,1,1,1,35.4,498,+22,
,"2017. 3.12",中京,2名2,未勝利,未勝利,8,15,アタミ,牡,3,三津谷隼,53▲,16,5,１, ,ダ1400,良,,(栗),田所秀孝,1264,-0.1,,3,2,38.3,454,0,
,"2017. 3.11",中京,2名1,1000万,瀬戸特Ｈ1000,4,8,プリンシアコメータ,牝,4,岩田康誠, 53 ,16,4,１, ,ダ1800,良,,(美),矢野英一,1534,-0.2,3,4,4,38.3,468,+2,B
,"2017. 3.11",中京,2名1,Ｇ２,金鯱賞G2,3,6,ヤマカツエース,牡,5,池添謙一, 57 ,16,1,１, ,芝2000,良,,(栗),池添兼雄,1592,-0.2,8,8,6,34.7,516,+8,
,"2017. 3.11",中京,2名1,500万,フローラ500*,8,10,スズカメジャー,牡,3,岩田康誠, 56 ,11,1,１, ,芝1600,良,,(栗),橋田満,1357,-0.0,9,8,8,33.6,490,-4,
,"2017. 3.11",中京,2名1,500万,500万下,7,14,シャンデリアハウス,牝,5,荻野極,52▲,18,4,１, ,芝1400,良,,(栗),牧浦充徳,1216,-0.0,,3,3,34.6,458,+10,
,"2017. 3.11",中京,2名1,500万,500万下,7,9,ヒルノデンハーグ,セ,5,古川吉洋, 57 ,12,2,１, ,ダ1800,良,,(栗),昆貢,1531,-0.7,1,1,1,37.2,466,0,
,"2017. 3.11",中京,2名1,500万,500万下,7,13,ダンツペレット,牡,4,松山弘平, 57 ,16,7,１, ,芝2000,良,,(栗),山内研二,2010,-0.0,10,14,14,34.6,502,0,
,"2017. 3.11",中京,2名1,500万,500万下,4,8,シベリウス,牡,4,村田一誠, 57 ,16,7,１, ,ダ1400,良,,(美),藤原辰雄,1256,-0.1,,8,9,37.0,452,-4,B
,"2017. 3.11",中京,2名1,未勝利,未勝利,5,10,ジャーミネイト,牡,3,藤岡佑介, 56 ,16,4,１, ,芝1600,良,,(栗),中尾秀正,1361,-0.1,2,2,2,34.4,462,-2,
,"2017. 3.11",中京,2名1,未勝利,未勝利・牝,6,8,テイエムアンムート,牝,3,和田翼,53☆,12,2,１, ,ダ1800,良,,(栗),柴田光陽,1570,-0.2,11,9,7,37.4,476,+2,
,"2017. 3.11",中京,2名1,未勝利,未勝利,6,10,バンケットスクエア,牡,3,田辺裕信, 56 ,15,1,１, ,ダ1200,良,,(美),矢野英一,1137,-1.1,,6,5,37.6,490,0,
,"2017. 3.11",中京,2名1,未勝利,未勝利,2,2,セヴィルロアー,牡,3,川田将雅, 56 ,12,2,１, ,ダ1900,良,,(栗),森田直行,2033,-0.0,2,2,2,40.6,474,0,
,"2017. 3.11",中京,2名1,未勝利,未勝利・牝,2,4,ミヤジマミー,牝,3,戸崎圭太, 54 ,16,4,１, ,ダ1400,良,,(栗),牧田和弥,1261,-0.8,,1,1,38.3,462,-8,
,"2017. 1.29",中京,1名6,1000万,伊良湖特1000,5,9,ラインシュナイダー,牡,5,国分恭介, 57 ,16,1,１, ,ダ1400,良,,(栗),沖芳夫,1248,-0.0,,4,3,35.9,474,+10,
,"2017. 1.29",中京,1名6,1600万,長篠Ｓ1600,2,2,フィドゥーシア,牝,5,石橋脩, 55 ,10,3,１, ,芝1200,良,,(栗),松元茂樹,1083,-0.0,,1,1,33.7,482,+8,
,"2017. 1.29",中京,1名6,500万,金山特別500,7,7,ララエクラテール,牡,5,北村友一, 57 ,9,2,１, ,芝2200,良,,(栗),今野貞一,2141,-0.1,3,5,5,33.9,426,0,B
,"2017. 1.29",中京,1名6,500万,500万下,1,1,スパイチャクラ,牝,4,藤岡康太, 54 ,18,1,１, ,芝1200,良,,(栗),西浦勝一,1084,-0.2,,5,3,34.5,464,+2,
,"2017. 1.29",中京,1名6,500万,500万下,1,1,トミケンシェルフ,牡,5,吉田隼人, 57 ,11,2,１, ,ダ1900,良,,(美),武井亮,2008,-0.0,4,5,3,39.0,482,-6,B
,"2017. 1.29",中京,1名6,未勝利,未勝利,2,3,デュパルクカズマ,牡,3,藤岡康太, 56 ,15,1,１, ,芝2000,良,,(栗),西浦勝一,2030,-0.3,11,11,11,34.1,432,-2,
,"2017. 1.29",中京,1名6,500万,500万下・牝,2,3,クラウンロマン,牝,4,横山和生, 54 ,16,9,１, ,ダ1800,良,,(美),小野次郎,1548,-0.1,1,3,2,38.1,450,+2,
,"2017. 1.29",中京,1名6,未勝利,障害未勝利,6,9,トーアヒミコ,牝,4,石神深一, 57 ,14,1,１, ,芝3000,良,,(美),星野忍,3187,-0.6,9,5,4,13.2,456,+2,
,"2017. 1.29",中京,1名6,未勝利,障害未勝利,8,14,ツジスーパーサクラ,牝,5,平沢健治, 58 ,14,1,１, ,芝3000,良,,(栗),作田誠二,3186,-0.5,1,1,1,13.2,484,0,
,"2017. 1.29",中京,1名6,500万,500万下,1,2,ホイールバーニング,牡,4,松若風馬, 56 ,16,4,１, ,ダ1200,良,,(栗),牧田和弥,1129,-0.1,,9,7,37.1,536,-6,
,"2017. 1.29",中京,1名6,未勝利,未勝利・若,7,14,ナンヨープルートー,牡,3,加藤祥太,55☆,16,1,１, ,ダ1800,良,,(栗),松永幹夫,1545,-1.1,5,3,3,38.2,490,-6,
,"2017. 1.29",中京,1名6,未勝利,未勝利,4,8,メイショウブレナム,牡,3,鮫島良太, 56 ,16,2,１, ,ダ1200,良,,(栗),飯田祐史,1137,-1.1,,2,2,37.0,456,-12,
,"2017. 1.28",中京,1名5,500万,鞍ケ池特500,6,9,オンザロックス,牡,4,岩田康誠, 56 ,13,5,１, ,芝1600,良,,(栗),森秀行,1343,-0.1,2,3,3,34.1,478,+2,
,"2017. 1.28",中京,1名5,1000万,中京スＨ1000,4,7,ニシノラディアント,牡,4,松田大作, 54 ,18,6,１, ,芝1200,良,,(栗),北出成人,1078,-0.1,,10,9,33.4,488,+4,
,"2017. 1.28",中京,1名5,500万,ごぎょう500*,3,6,スーパーモリオン,牡,3,幸英明, 56 ,16,3,１, ,ダ1200,良,,(栗),浅見秀一,1130,-0.1,,2,2,37.6,494,-2,
,"2017. 1.28",中京,1名5,500万,500万下,7,12,ダンカン,牡,5,幸英明, 57 ,15,7,１, ,ダ1800,良,,(栗),中尾秀正,1549,-0.2,13,13,11,37.9,456,-4,
,"2017. 1.28",中京,1名5,500万,500万下・若,5,9,カレンラストショー,牡,5,荻野極,54▲,15,2,１, ,芝2000,良,,(栗),橋口慎介,2025,-0.3,3,3,3,34.0,444,+4,
,"2017. 1.28",中京,1名5,500万,500万下,4,7,ミスズスター,牡,4,幸英明, 56 ,16,1,１, ,ダ1400,良,,(栗),加藤敬二,1257,-0.2,,7,8,37.6,462,0,
,"2017. 1.28",中京,1名5,500万,500万下・牝,5,10,ビバラビダ,牝,4,長岡禎仁,53☆,16,4,１, ,ダ1200,良,,(美),石栗龍彦,1130,-0.2,,9,9,36.4,472,-6,
,"2017. 1.28",中京,1名5,未勝利,未勝利,7,14,ステラルージュ,牝,3,高倉稜, 54 ,18,2,１, ,芝1400,良,,(栗),渡辺薫彦,1231,-0.0,,12,15,34.3,398,-2,
,"2017. 1.28",中京,1名5,新馬,新馬,2,2,イイデファイナル,牡,3,中谷雄太, 56 ,14,2,１, ,ダ1400,良,,(栗),北出成人,1270,-0.3,,1,1,37.4,520,,
,"2017. 1.28",中京,1名5,未勝利,未勝利,5,9,カケルテソーロ,牡,3,岩田康誠, 56 ,16,1,１, ,ダ1800,良,,(栗),吉村圭司,1561,-0.5,5,4,4,37.9,558,+6,
,"2017. 1.28",中京,1名5,未勝利,未勝利,3,6,カワキタエビデンス,牝,3,荻野極,51▲,16,1,１, ,ダ1400,良,,(栗),渡辺薫彦,1271,-0.6,,2,2,38.7,432,+6,
,"2017. 1.28",中京,1名5,未勝利,未勝利・牝,3,3,アオイテソーロ,牝,3,坂井瑠星,51▲,14,1,１, ,ダ1800,良,,(栗),矢作芳人,1563,-0.5,1,1,1,39.4,498,+2,
,"2017. 1.22",中京,1名4,1000万,恋路ケ浜1000,2,2,サンデーウィザード,牡,5,和田竜二, 57 ,14,1,１, ,芝2000,良,,(栗),大久保龍,2009,-0.0,6,3,3,35.1,460,+2,
,"2017. 1.22",中京,1名4,Ｇ２,東海ＳG2,4,8,グレンツェント,牡,4,横山典弘, 55 ,16,1,１, ,ダ1800,良,,(美),加藤征弘,1532,-0.1,8,6,6,36.7,470,0,
,"2017. 1.22",中京,1名4,500万,庄内川特500,7,13,アポロノシンザン,牡,5,和田竜二, 57 ,18,1,１, ,芝1400,良,,(美),鈴木伸尋,1216,-0.2,,2,2,35.1,486,+2,
,"2017. 1.22",中京,1名4,500万,500万下,1,2,アガスティア,牡,6,荻野極,54▲,16,2,１, ,ダ1900,良,,(栗),池添兼雄,2015,-0.2,5,5,4,39.3,542,+2,
,"2017. 1.22",中京,1名4,500万,500万下・牝,4,7,グレーパール,牝,4,北村宏司, 54 ,16,2,１, ,ダ1400,良,,(美),萩原清,1253,-0.3,,1,1,37.7,496,+12,
,"2017. 1.22",中京,1名4,未勝利,未勝利,2,3,ロードアルバータ,牡,3,横山典弘, 56 ,18,1,１, ,芝2200,良,,(栗),角居勝彦,2146,-0.2,5,6,5,35.9,452,-6,
,"2017. 1.22",中京,1名4,500万,500万下・牝,4,4,ジュエルメーカー,牝,5,丸田恭介, 55 ,12,2,１, ,ダ1800,良,,(栗),千田輝彦,1550,-0.5,4,3,3,37.6,502,-12,
,"2017. 1.22",中京,1名4,新馬,新馬,1,1,スリーランディア,牝,3,和田翼,53☆,16,8,１, ,芝1600,良,,(栗),橋田満,1391,-0.1,1,1,1,34.7,414,,
,"2017. 1.22",中京,1名4,未勝利,障害未勝利,5,7,メイショウルンバ,牝,6,森一馬, 58 ,14,1,１, ,芝3000,良,,(栗),角居勝彦,3195,-0.3,2,2,2,13.3,486,0,
,"2017. 1.22",中京,1名4,500万,500万下,7,13,ミカエルシチー,牡,5,荻野極,54▲,16,1,１, ,ダ1200,良,,(栗),橋口慎介,1121,-0.4,,3,3,36.6,542,+4,
,"2017. 1.22",中京,1名4,未勝利,未勝利,4,7,リアンヴェリテ,牡,3,北村宏司, 56 ,16,1,１, ,ダ1400,良,,(栗),中竹和也,1267,-0.0,,3,3,38.6,454,-4,
,"2017. 1.22",中京,1名4,未勝利,未勝利,8,14,アスカノハヤテ,牡,3,和田竜二, 56 ,15,1,１, ,ダ1800,良,,(栗),川村禎彦,1557,-0.3,2,2,2,38.0,468,-6,
,"2017. 1.21",中京,1名3,500万,西尾特別500,2,4,ヴェルジョワーズ,牝,6,伊藤工真, 55 ,16,4,１, ,芝2000,良,,(美),勢司和浩,2009,-0.0,9,8,8,35.6,452,+8,
,"2017. 1.21",中京,1名3,1000万,中京スＨ1000,8,16,シャイニービーム,牡,5,高倉稜, 56 ,16,3,１, ,ダ1900,良,,(栗),福島信晴,2010,-0.0,7,4,4,38.8,452,-2,
,"2017. 1.21",中京,1名3,500万,なずな賞500*,4,8,ジョーストリクトリ,牡,3,松山弘平, 56 ,16,1,１, ,芝1400,良,,(栗),清水久詞,1225,-0.1,,5,5,35.0,508,-6,
,"2017. 1.21",中京,1名3,500万,500万下,7,10,アートフェスタ,牡,6,菱田裕二, 57 ,13,3,１, ,芝2200,良,,(美),本間忍,2153,-0.2,2,3,3,36.0,510,-6,
,"2017. 1.21",中京,1名3,500万,500万下,8,16,モンラッシェ,牡,6,岩田康誠, 57 ,16,1,１, ,ダ1400,良,,(栗),橋口慎介,1260,-0.6,,8,7,36.7,482,+10,
,"2017. 1.21",中京,1名3,未勝利,未勝利,6,11,ラニカイサンデー,牡,3,松山弘平, 56 ,18,2,１, ,芝1400,良,,(栗),池添兼雄,1227,-0.1,,4,5,36.1,448,+4,
,"2017. 1.21",中京,1名3,500万,500万下・若,3,5,ボンナヴァン,牡,4,加藤祥太,55☆,16,1,１, ,ダ1800,良,,(栗),藤原英昭,1553,-0.0,8,4,2,39.1,538,+10,
,"2017. 1.21",中京,1名3,ｵｰﾌﾟﾝ,障害・オープ,6,6,ホーカーテンペスト,セ,8,五十嵐雄, 61 ,10,1,１, ,芝3330,良,,(美),藤沢和雄,3395,-0.1,3,3,3,13.2,504,-6,
,"2017. 1.21",中京,1名3,未勝利,障害未勝利,2,2,ルグランシェクル,牡,4,大江原圭, 59 ,13,6,１, ,芝3000,良,,(美),大江原哲,3200,-0.7,7,5,6,13.3,464,+4,
,"2017. 1.21",中京,1名3,未勝利,未勝利,1,2,ウマコ,牝,3,幸英明, 54 ,16,1,１, ,ダ1200,良,,(栗),森田直行,1143,-0.3,,1,1,39.3,420,-8,
,"2017. 1.21",中京,1名3,未勝利,未勝利・牝,1,1,メイスンラック,牝,3,菱田裕二, 54 ,16,12,１, ,ダ1400,良,,(美),岩戸孝樹,1266,-0.1,,1,1,38.9,468,+2,B
,"2017. 1.21",中京,1名3,未勝利,未勝利,5,8,デスティネイション,牡,3,幸英明, 56 ,14,2,１, ,ダ1800,良,,(栗),石橋守,1564,-0.1,2,2,2,38.2,486,-2,
,"2017. 1.16",中京,1名2,500万,熱田特別500,7,13,マイネルツィール,牡,4,的場勇人, 56 ,18,13,１, ,芝2000,稍,,(美),的場均,2022,-0.1,2,2,2,36.2,492,+6,
,"2017. 1.16",中京,1名2,1000万,知立特別1000,5,8,スマートカルロス,牡,5,鮫島克駿, 57 ,15,2,１, ,芝1400,稍,,(栗),浅見秀一,1218,-0.0,,8,6,34.2,478,0,
,"2017. 1.16",中京,1名2,500万,はこべら500*,1,1,アディラート,牡,3,松山弘平, 56 ,16,1,１, ,ダ1400,稍,,(栗),須貝尚介,1250,-0.5,,1,1,39.1,492,-4,
,"2017. 1.16",中京,1名2,500万,500万下,6,12,サンホッブズ,牡,4,古川吉洋, 56 ,16,2,１, ,ダ1900,稍,,(美),中舘英二,2021,-0.1,6,3,2,38.0,480,0,
,"2017. 1.16",中京,1名2,500万,500万下,7,13,エミネントレコード,牡,6,坂井瑠星,54▲,16,11,１, ,ダ1400,稍,,(栗),西浦勝一,1258,-0.1,,6,6,37.5,496,+8,B
,"2017. 1.16",中京,1名2,未勝利,未勝利,7,14,メイショウオワラ,牝,3,菱田裕二, 54 ,16,11,１, ,芝1600,重,,(栗),岡田稲男,1356,-0.0,4,6,5,35.2,446,0,
,"2017. 1.16",中京,1名2,500万,500万下・牝,6,10,クリッパールート,牝,5,秋山真一, 55 ,15,2,１, ,ダ1800,重,,(美),萩原清,1553,-0.0,6,5,5,37.7,468,+2,
,"2017. 1.16",中京,1名2,新馬,新馬,1,1,タガノアスワド,牝,3,国分恭介, 54 ,16,1,１, ,芝2000,重,,(栗),五十嵐忠,2058,-0.6,1,1,1,34.9,508,,
,"2017. 1.16",中京,1名2,未勝利,障害未勝利,7,12,シゲルナガイワシ,牡,4,植野貴也, 59 ,14,13,１, ,芝3000,重,,(美),松永康利,3217,-0.1,4,4,4,13.4,464,+10,
,"2017. 1.16",中京,1名2,500万,500万下・牝,8,15,メイショウマイカゼ,牝,4,鮫島克駿,53☆,16,2,１, ,ダ1200,重,,(栗),浅見秀一,1128,-0.1,,14,12,36.3,440,0,
,"2017. 1.16",中京,1名2,未勝利,未勝利・若,7,12,ヘヴンウェイ,牡,3,坂井瑠星,53▲,15,5,１, ,ダ1400,重,,(栗),高橋義忠,1263,-0.0,,7,3,37.8,486,0,
,"2017. 1.16",中京,1名2,未勝利,未勝利,6,11,スズカフリオーソ,牡,3,加藤祥太,55☆,16,1,１, ,ダ1800,重,,(栗),藤沢則雄,1567,-0.6,2,2,2,38.7,460,-2,
,"2017. 1.14",中京,1名1,1000万,大須特別1000,7,13,タマモイレブン,牡,5,太宰啓介, 57 ,16,7,１, ,ダ1200,稍,,(栗),中竹和也,1123,-0.1,,10,9,36.8,520,-2,
,"2017. 1.14",中京,1名1,Ｇ３,愛知杯ＨG3,6,11,マキシマムドパリ,牝,5,岩田康誠, 53 ,15,1,１, ,芝2000,稍,,(栗),松元茂樹,2014,-0.2,10,11,11,35.0,458,0,
,"2017. 1.14",中京,1名1,500万,蒲郡特別500,1,1,ウインハートビート,牡,4,田辺裕信, 56 ,18,5,１, ,芝1200,稍,,(栗),宮本博,1100,-0.0,,18,18,34.4,478,+4,
,"2017. 1.14",中京,1名1,500万,500万下,8,16,ペガサスボス,牡,5,中谷雄太, 57 ,18,1,１, ,芝1400,稍,,(栗),矢作芳人,1219,-0.0,,7,7,35.1,540,+10,
,"2017. 1.14",中京,1名1,500万,500万下,1,1,シュナウザー,牡,4,田辺裕信, 56 ,16,1,１, ,ダ1800,稍,,(美),久保田貴,1535,-1.1,1,1,1,37.4,476,-4,
,"2017. 1.14",中京,1名1,未勝利,未勝利,5,9,フリーフリッカー,牡,3,北村友一, 56 ,18,4,１, ,芝2000,稍,,(栗),安田隆行,2032,-0.0,6,7,7,36.1,462,+4,
,"2017. 1.14",中京,1名1,500万,500万下,5,9,ボーサンシー,牡,4,北村友一, 56 ,16,3,１, ,ダ1200,稍,,(栗),池添学,1122,-0.0,,2,2,37.4,536,+14,
,"2017. 1.14",中京,1名1,ｵｰﾌﾟﾝ,障害・オープ,2,2,ラステラ,牝,6,鈴木慶太, 60 ,9,5,１, ,芝3330,稍,,(美),尾形和幸,3418,-0.0,3,2,1,13.3,488,-4,
,"2017. 1.14",中京,1名1,未勝利,障害未勝利,1,1,セイクリッドロード,セ,8,蓑島靖典, 60 ,14,2,１, ,芝3000,稍,,(美),高橋裕,3204,-0.3,8,7,6,13.4,518,+2,
,"2017. 1.14",中京,1名1,未勝利,未勝利,6,12,ビックリシタナモー,牡,3,北村友一, 56 ,16,2,１, ,ダ1200,稍,,(栗),音無秀孝,1137,-0.6,,7,6,37.6,506,+4,
,"2017. 1.14",中京,1名1,未勝利,未勝利,2,3,タガノグルナ,牡,3,菱田裕二, 56 ,16,3,１, ,ダ1900,良,,(栗),大根田裕,2022,-1.3,1,1,1,39.3,478,+2,
,"2017. 1.14",中京,1名1,未勝利,未勝利・牝,4,8,メイショウササユリ,牝,3,武幸四郎, 54 ,16,4,１, ,ダ1800,良,,(栗),松永幹夫,1556,-0.5,2,1,1,39.2,484,-6,
,2016.12.18,中京,4名6,1000万,尾張特別1000,8,13,スクエアフォールド,セ,3,丸田恭介, 55 ,13,3,１, ,芝2200,良,,(美),伊藤圭三,2148,-0.2,8,9,10,34.3,472,+2,B
,2016.12.18,中京,4名6,1600万,三河ＳＨ1600,5,6,ブルミラコロ,牡,4,秋山真一, 56 ,13,1,１, ,ダ1400,良,,(栗),大久保龍,1242,-0.1,,4,5,36.7,522,+4,
,2016.12.18,中京,4名6,500万,桑名特別500,7,14,ブレイズガール,牝,3,加藤祥太, 54 ,18,6,１, ,芝1200,良,,(栗),飯田雄三,1092,-0.1,,16,16,33.2,482,+2,B
,2016.12.18,中京,4名6,500万,500万下,8,16,ファスナハト,牡,3,加藤祥太,54☆,17,9,１, ,芝2200,良,,(栗),庄野靖志,2143,-0.2,2,4,3,35.2,540,0,
,2016.12.18,中京,4名6,500万,500万下・牝,6,11,イトハユリ,牝,5,加藤祥太,54☆,15,10,１, ,ダ1800,良,,(栗),庄野靖志,1548,-0.8,11,3,2,38.8,484,+10,
,2016.12.18,中京,4名6,500万,500万下・若,5,10,タガノミルキー,牝,3,城戸義政,52△,18,4,１, ,芝1400,良,,(栗),鈴木孝志,1211,-0.1,,14,14,34.2,438,+4,
,2016.12.18,中京,4名6,500万,500万下,5,9,ゴールドインゴット,牡,3,高田潤, 56 ,16,4,１, ,ダ1800,良,,(栗),湯窪幸雄,1535,-0.1,13,8,10,38.6,470,0,
,2016.12.18,中京,4名6,未勝利,未勝利・牝*,6,11,ラントシャフト,牝,2,アッゼニ, 54 ,16,2,１, ,芝1600,良,,(栗),西園正都,1363,-0.3,8,5,5,34.7,436,-2,
,2016.12.18,中京,4名6,未勝利,障害未勝利,8,13,ハギノパトリオット,セ,4,熊沢重文, 60 ,14,1,１, ,芝3000,良,,(栗),松田国英,3189,-0.6,1,1,1,13.3,464,+4,
,2016.12.18,中京,4名6,500万,500万下,6,11,バーサーカー,牡,4,秋山真一, 57 ,16,5,１, ,ダ1200,良,,(栗),長浜博之,1123,-0.3,,12,13,36.2,512,+12,B
,2016.12.18,中京,4名6,500万,500万下,5,9,ファビラスヒーロー,セ,3,義英真,54△,16,1,１, ,ダ1400,良,,(栗),野中賢二,1249,-0.0,,11,11,36.9,482,+4,
,2016.12.18,中京,4名6,未勝利,未勝利*,7,14,スズカロング,牡,2,藤岡康太, 55 ,16,2,１, ,ダ1800,良,,(栗),橋田満,1563,-0.1,3,2,1,38.8,476,-2,
,2016.12.17,中京,4名5,500万,高山特別500,2,3,ピースマインド,牡,3,幸英明, 56 ,15,1,１, ,芝2000,良,,(栗),宮徹,2009,-0.1,3,3,3,35.4,442,0,
,2016.12.17,中京,4名5,1000万,中京日経1000,3,5,キタサンラブコール,牡,5,太宰啓介, 57 ,18,6,１, ,芝1200,良,,(栗),昆貢,1082,-0.3,,10,10,33.6,474,-4,
,2016.12.17,中京,4名5,500万,つわぶき500*,5,10,エントリーチケット,牝,2,シュタル, 54 ,16,3,１, ,芝1400,良,,(栗),宮徹,1225,-0.1,,2,2,34.6,428,+14,
,2016.12.17,中京,4名5,500万,500万下,2,3,タンギモウジア,牝,3,荻野極,51▲,16,2,１, ,ダ1400,稍,,(栗),橋口慎介,1257,-0.0,,1,1,38.4,518,-2,
,2016.12.17,中京,4名5,500万,500万下・若,3,5,クレマンダルザス,セ,3,城戸義政,54△,16,1,１, ,ダ1800,稍,,(栗),松永幹夫,1550,-0.7,1,1,1,38.9,454,+12,
,2016.12.17,中京,4名5,500万,500万下,6,12,アッフィラート,牝,3,北村友一, 54 ,16,1,１, ,芝1600,良,,(栗),藤原英昭,1344,-0.1,7,9,9,34.0,432,-4,
,2016.12.17,中京,4名5,未勝利,未勝利*,7,13,アサケハーツ,牡,2,荻野極,52▲,18,4,１, ,芝1400,良,,(栗),大橋勇樹,1220,-0.2,,8,8,35.3,454,+4,
,2016.12.17,中京,4名5,新馬,新馬,8,10,スリーミスヨハネス,牝,2,加藤祥太,53☆,10,6,１, ,ダ1800,稍,,(栗),加藤敬二,1585,-0.2,4,4,4,38.4,438,,
,2016.12.17,中京,4名5,未勝利,障害未勝利,8,14,ダローネガ,牡,7,高田潤, 60 ,14,1,１, ,芝3000,良,,(栗),佐々木晶,3192,-0.4,12,4,4,13.3,512,+6,
,2016.12.17,中京,4名5,500万,500万下・牝,5,10,オルノス,牝,3,森裕太朗,51▲,16,3,１, ,ダ1200,稍,,(栗),鈴木孝志,1130,-0.0,,6,5,37.0,450,+2,
,2016.12.17,中京,4名5,500万,500万下,3,4,ドラゴンバローズ,牡,4,菱田裕二, 57 ,14,1,１, ,ダ1900,稍,,(栗),渡辺薫彦,2004,-0.2,5,1,1,38.4,514,+4,
,2016.12.17,中京,4名5,未勝利,未勝利*,1,1,クティノス,牡,2,柴山雄一, 55 ,16,3,１, ,ダ1400,稍,,(美),栗田徹,1268,-0.0,,1,1,39.3,474,+2,
,2016.12.11,中京,4名4,500万,犬山特別500,8,16,リヴィエール,牝,5,黛弘人, 55 ,18,2,１, ,芝1400,良,,(美),斎藤誠,1207,-0.2,,4,3,34.5,480,-2,
,2016.12.11,中京,4名4,1000万,名古屋日1000,8,9,タイセイサミット,牡,3,中谷雄太, 56 ,9,1,１, ,芝2000,良,,(栗),矢作芳人,2019,-0.1,3,4,3,35.0,490,0,
,2016.12.11,中京,4名4,500万,こうやま500*,4,4,ペルシアンナイト,牡,2,秋山真一, 55 ,13,1,１, ,芝1600,良,,(栗),池江泰寿,1354,-0.2,6,5,2,33.9,476,+2,
,2016.12.11,中京,4名4,500万,500万下,5,10,ウィーバービル,牡,3,伊藤工真, 56 ,16,6,１, ,ダ1900,良,,(美),木村哲也,2015,-0.1,9,3,2,40.0,524,+8,B
,2016.12.11,中京,4名4,500万,500万下・若,7,10,ダイゴマサムネ,牡,4,三津谷隼,54▲,13,2,１, ,ダ1800,良,,(栗),坪憲章,1551,-1.0,10,9,9,37.1,512,+8,
,2016.12.11,中京,4名4,未勝利,未勝利*,8,15,ステフィン,牡,2,小牧太, 55 ,16,1,１, ,芝2000,良,,(栗),橋口慎介,2027,-0.1,5,4,4,35.4,462,-4,
,2016.12.11,中京,4名4,500万,500万下・牝,8,16,シルバーポジー,牝,3,北村友一, 54 ,16,9,１, ,ダ1400,良,,(栗),池江泰寿,1250,-0.1,,7,7,37.3,504,+2,
,2016.12.11,中京,4名4,新馬,新馬,8,9,ダノンキングダム,牡,2,北村友一, 55 ,9,1,１, ,芝2000,良,,(栗),安田隆行,2048,-0.4,8,4,5,34.0,486,,
,2016.12.11,中京,4名4,未勝利,障害未勝利,7,11,サトノセレリティ,牡,5,石神深一, 60 ,14,4,１, ,芝3000,良,,(美),国枝栄,3172,-0.2,4,3,4,13.1,490,+10,
,2016.12.11,中京,4名4,500万,500万下,5,9,スナッチアキス,牝,4,坂井瑠星,52▲,16,1,１, ,ダ1200,良,,(美),高市圭二,1126,-0.5,,6,5,37.1,434,-2,
,2016.12.11,中京,4名4,500万,500万下・牝,1,1,オージャイト,牝,3,菱田裕二, 54 ,16,6,１, ,ダ1800,良,,(美),加藤征弘,1546,-0.3,14,6,3,38.9,478,+2,
,2016.12.11,中京,4名4,未勝利,未勝利*,2,3,メイショウオクヒダ,牡,2,秋山真一, 55 ,16,3,１, ,ダ1200,良,,(栗),飯田祐史,1136,-0.0,,8,7,37.4,460,0,
,2016.12.10,中京,4名3,500万,豊川特別500,7,14,プルメリアスター,牝,4,中谷雄太, 55 ,16,3,１, ,芝1600,良,,(栗),矢作芳人,1343,-0.0,7,1,1,35.1,434,+4,
,2016.12.10,中京,4名3,1000万,浜名湖Ｈ1000,3,5,オールマンリバー,牡,4,北村友一, 57 ,16,1,１, ,ダ1800,良,,(栗),五十嵐忠,1532,-0.2,7,8,7,37.8,506,+6,
,2016.12.10,中京,4名3,500万,長良川特500,6,11,テイエムナナヒカリ,牡,3,菱田裕二, 55 ,16,6,１, ,芝2200,良,,(栗),山内研二,2121,-0.2,11,10,10,34.8,506,+2,
,2016.12.10,中京,4名3,500万,500万下,4,8,メイショウバッハ,牡,3,藤岡康太, 56 ,16,7,１, ,ダ1800,良,,(栗),南井克巳,1554,-0.6,4,3,3,37.9,484,+6,
,2016.12.10,中京,4名3,500万,500万下・牝,5,10,ロゼリーナ,牝,3,北村友一, 54 ,18,2,１, ,芝2000,良,,(栗),藤原英昭,2009,-0.1,11,7,7,35.7,430,-6,
,2016.12.10,中京,4名3,未勝利,未勝利*,7,13,ゴールドポセイドン,牡,2,津村明秀, 55 ,16,3,１, ,芝1600,良,,(栗),西浦勝一,1358,-0.0,5,5,4,35.6,452,-2,
,2016.12.10,中京,4名3,500万,500万下・牝,7,10,フィエルテ,牝,4,藤岡康太, 55 ,13,4,１, ,ダ1800,良,,(栗),鈴木孝志,1549,-0.4,11,6,6,39.0,488,+6,
,2016.12.10,中京,4名3,ｵｰﾌﾟﾝ,障害・オープ,8,13,グッドスカイ,牝,3,森一馬, 56 ,14,8,１, ,芝3300,良,,(栗),松元茂樹,3362,-0.0,9,7,6,13.1,464,+2,
,2016.12.10,中京,4名3,未勝利,障害未勝利,2,2,ポセイドンバローズ,牡,6,佐久間寛, 60 ,14,1,１, ,芝3000,良,,(栗),渡辺薫彦,3192,-0.4,7,3,2,13.3,480,+10,
,2016.12.10,中京,4名3,500万,500万下・若,3,5,テキスタイルアート,セ,4,原田和真,55△,16,1,１, ,ダ1200,良,,(美),栗田博憲,1124,-0.7,,3,3,36.9,476,0,
,2016.12.10,中京,4名3,500万,500万下,2,3,ケイマ,牡,3,国分恭介, 56 ,16,2,１, ,ダ1400,良,,(栗),牧田和弥,1261,-0.0,,3,3,37.6,490,+2,B
,2016.12.10,中京,4名3,未勝利,未勝利・牝*,8,15,サルサディオーネ,牝,2,丸山元気, 54 ,16,5,１, ,ダ1800,良,,(栗),羽月友彦,1551,-0.4,1,1,1,38.8,492,-6,
,"2016.12. 4",中京,4名2,1000万,鳴海特別1000,4,8,キタサンサジン,牡,4,ムーア, 57 ,16,1,１, ,ダ1200,良,,(栗),梅田智之,1112,-0.0,,2,2,36.1,522,-4,
,"2016.12. 4",中京,4名2,Ｇ１,チャンピG1,5,8,サウンドトゥルー,セ,6,大野拓弥, 57 ,15,6,１, ,ダ1800,良,,(美),高木登,1501,-0.0,14,14,13,35.8,474,0,
,"2016.12. 4",中京,4名2,1600万,浜松ＳＨ1600,4,7,トウショウピスト,牡,4,幸英明, 54 ,18,10,１, ,芝1200,良,,(栗),角田晃一,1079,-0.3,,1,1,33.7,486,+2,
,"2016.12. 4",中京,4名2,500万,栄特別500,7,13,カラビナ,牡,3,田辺裕信, 56 ,18,5,１, ,芝2000,良,,(栗),藤岡健一,2018,-0.2,11,5,3,34.1,516,-2,
,"2016.12. 4",中京,4名2,500万,500万下,1,2,シルヴァーコード,牝,4,ムーア, 55 ,18,1,１, ,芝1400,良,,(美),木村哲也,1209,-0.0,,3,3,34.7,480,+20,
,"2016.12. 4",中京,4名2,500万,500万下,4,8,モンドアルジェンテ,牡,4,戸崎圭太, 57 ,16,1,１, ,ダ1800,良,,(美),萩原清,1530,-0.2,3,3,3,37.2,520,+2,
,"2016.12. 4",中京,4名2,500万,500万下,5,9,アグネスユーリヤ,牡,4,ルメール, 57 ,18,3,１, ,芝1200,良,,(栗),長浜博之,1078,-0.3,,10,8,33.3,480,+8,
,"2016.12. 4",中京,4名2,新馬,新馬,3,5,ズアー,牡,2,ムーア, 55 ,17,2,１, ,芝1400,良,,(栗),池添学,1230,-0.6,,1,1,34.5,490,,
,"2016.12. 4",中京,4名2,未勝利,未勝利*,6,8,ミスディレクション,牡,2,田辺裕信, 55 ,12,8,１, ,芝2000,良,,(栗),加藤敬二,2034,-0.0,1,1,1,34.6,494,+2,
,"2016.12. 4",中京,4名2,500万,500万下,7,14,コロマンデル,牡,4,ムーア, 57 ,16,1,１, ,ダ1400,良,,(栗),安田隆行,1247,-0.3,,6,6,36.5,458,+6,
,"2016.12. 4",中京,4名2,500万,500万下・牝,3,4,ナムラケイト,牝,4,内田博幸, 55 ,14,5,１, ,ダ1800,良,,(栗),五十嵐忠,1536,-0.6,1,1,1,37.8,500,+4,
,"2016.12. 4",中京,4名2,未勝利,未勝利*,4,8,ハタノアデール,牝,2,戸崎圭太, 54 ,16,4,１, ,ダ1400,良,,(栗),牧田和弥,1268,-0.0,,5,4,39.3,470,0,
,"2016.12. 3",中京,4名1,1000万,鳥羽特別1000,2,4,エスティタート,牝,3,横山典弘, 54 ,18,1,１, ,芝1400,良,,(栗),松永幹夫,1198,-0.1,,11,10,34.5,444,+4,
,"2016.12. 3",中京,4名1,Ｇ２,金鯱賞G2,8,13,ヤマカツエース,牡,4,池添謙一, 56 ,13,4,１, ,芝2000,良,,(栗),池添兼雄,1597,-0.0,8,8,7,33.1,504,+20,
,"2016.12. 3",中京,4名1,500万,寒椿賞500*,7,9,シゲルベンガルトラ,牡,2,武豊, 55 ,11,2,１, ,ダ1400,良,,(栗),服部利之,1247,-0.2,,10,10,38.0,440,-4,
,"2016.12. 3",中京,4名1,500万,500万下,4,7,ストンライティング,牡,3,鮫島克駿,54☆,18,9,１, ,芝2200,良,,(栗),川村禎彦,2122,-0.1,12,13,12,33.8,436,0,
,"2016.12. 3",中京,4名1,500万,500万下,2,4,メイショウカマクラ,牡,3,加藤祥太,55☆,16,2,１, ,ダ1800,良,,(栗),沖芳夫,1541,-0.2,2,2,2,38.0,530,+2,
,"2016.12. 3",中京,4名1,500万,500万下,6,11,アースコレクション,牡,3,バルザロ, 56 ,16,10,１, ,芝1600,良,,(美),尾関知人,1336,-0.3,5,1,1,34.5,526,+6,
,"2016.12. 3",中京,4名1,500万,500万下,1,1,ワンダーヴィーヴァ,牡,6,吉田隼人, 57 ,16,3,１, ,ダ1200,良,,(栗),笹田和秀,1118,-0.0,,3,3,36.3,550,-2,
,"2016.12. 3",中京,4名1,500万,500万下,5,7,アポロテキサス,セ,3,松山弘平, 56 ,13,3,１, ,ダ1900,良,,(栗),山内研二,2006,-0.3,5,4,4,39.4,488,+4,
,"2016.12. 3",中京,4名1,未勝利,未勝利*,6,12,ショウナンマッシブ,牡,2,シュタル, 55 ,18,3,１, ,芝1200,良,,(美),田中剛,1085,-0.6,,5,4,34.5,464,-6,
,"2016.12. 3",中京,4名1,500万,500万下,6,12,タガノヴィアーレ,牝,3,秋山真一, 54 ,16,1,１, ,ダ1400,良,,(栗),鈴木孝志,1253,-0.0,,3,3,37.2,540,+2,
,"2016.12. 3",中京,4名1,500万,500万下・牝,2,3,ファミリーズオナー,牝,4,中井裕二,54☆,16,7,１, ,ダ1200,良,,(栗),飯田雄三,1124,-0.1,,3,3,37.2,466,+6,
,"2016.12. 3",中京,4名1,未勝利,未勝利*,6,9,ブラックジェイド,牡,2,古川吉洋, 55 ,14,1,１, ,ダ1800,良,,(栗),昆貢,1553,-1.0,1,1,1,38.2,512,-10,
,"2016. 7.24",中京,3名8,500万,500万下,2,4,ラクアミ,牝,4,松若風馬, 55 ,18,9,１, ,芝1400,良,,(栗),音無秀孝,1212,-0.2,,2,1,36.0,444,-2,B
,"2016. 7.24",中京,3名8,Ｇ３,中京記念ＨG3,7,13,ガリバルディ,牡,5,福永祐一, 55 ,16,7,１, ,芝1600,良,,(栗),藤原英昭,1336,-0.1,14,13,13,33.6,504,0,
,"2016. 7.24",中京,3名8,1000万,香嵐渓特1000,2,2,プレスティージオ,牡,3,幸英明, 54 ,15,4,１, ,ダ1400,良,,(栗),大根田裕,1236,-0.5,,3,3,37.5,470,+4,
,"2016. 7.24",中京,3名8,500万,渥美特別500,5,5,トーセンバジル,牡,4,福永祐一, 57 ,9,1,１, ,芝2200,良,,(栗),藤原英昭,2136,-0.0,8,8,5,34.4,478,-2,
,"2016. 7.24",中京,3名8,500万,500万下,3,6,カフジオリオン,牡,4,福永祐一, 57 ,16,4,１, ,ダ1400,良,,(栗),中竹和也,1237,-0.3,,1,1,37.5,470,-6,
,"2016. 7.24",中京,3名8,500万,500万下・牝,2,2,ヴィブロス,牝,3,福永祐一, 52 ,14,3,１, ,芝2000,良,,(栗),友道康夫,2005,-0.7,8,10,11,34.4,414,+8,
,"2016. 7.24",中京,3名8,未勝利,未勝利,6,9,トウカイエクレール,牡,3,武豊, 56 ,14,2,１, ,ダ1800,良,,(栗),田所秀孝,1538,-0.7,1,1,1,38.3,468,-4,
,"2016. 7.24",中京,3名8,新馬,新馬,8,15,クライムメジャー,牡,2,Ｍ．デム, 54 ,16,1,１, ,芝1600,良,*,(栗),池江泰寿,1356,-0.2,4,6,6,33.9,498,,
,"2016. 7.24",中京,3名8,未勝利,障害未勝利,7,11,エッケザックス,セ,4,浜野谷憲, 60 ,13,7,１, ,芝3000,良,,(美),鹿戸雄一,3167,-1.3,1,1,1,13.1,442,+8,
,"2016. 7.24",中京,3名8,未勝利,未勝利,2,4,シルバーメール,牝,3,松若風馬, 54 ,16,1,１, ,ダ1200,良,,(栗),音無秀孝,1126,-0.4,,1,1,37.7,428,-2,
,"2016. 7.24",中京,3名8,未勝利,未勝利,2,3,ハナズレジェンド,牡,3,川田将雅, 56 ,16,2,１, ,芝1600,良,,(栗),矢作芳人,1350,-0.1,4,7,5,34.8,456,+8,
,"2016. 7.24",中京,3名8,未勝利,未勝利*,8,15,アードラー,牡,2,松若風馬, 54 ,16,6,１, ,ダ1200,良,*,(栗),音無秀孝,1129,-0.9,,2,2,37.9,452,-6,B
,"2016. 7.23",中京,3名7,500万,500万下,2,4,ロワアブソリュー,牡,3,Ｍ．デム, 54 ,16,1,１, ,芝1600,良,,(栗),須貝尚介,1341,-0.0,2,2,2,34.5,500,+4,
,"2016. 7.23",中京,3名7,1600万,桶狭間Ｓ1600,3,6,ブラゾンドゥリス,牡,4,福永祐一, 57 ,16,2,１, ,ダ1400,良,,(美),尾形和幸,1234,-0.3,,3,3,37.1,510,0,
,"2016. 7.23",中京,3名7,1000万,長久手特1000,1,1,バンドワゴン,牡,5,福永祐一, 57 ,14,2,１, ,芝1600,良,,(栗),石坂正,1341,-0.2,1,1,1,34.3,544,+2,
,"2016. 7.23",中京,3名7,ｵｰﾌﾟﾝ,中京２歳,7,7,ディーパワンサ,牝,2,ルメール, 54 ,9,2,１, ,芝1600,良,,(栗),松下武士,1350,-0.1,6,6,6,34.2,422,-2,
,"2016. 7.23",中京,3名7,500万,500万下,1,2,カフェブリッツ,牡,3,ホワイト, 54 ,16,8,１, ,ダ1800,良,,(栗),池江泰寿,1534,-0.1,2,4,2,38.3,548,-10,
,"2016. 7.23",中京,3名7,未勝利,未勝利,8,16,ルックトゥワイス,牡,3,福永祐一, 56 ,16,2,１, ,芝2000,良,,(栗),藤原英昭,2017,-0.3,11,10,11,35.5,436,+2,
,"2016. 7.23",中京,3名7,未勝利,未勝利,1,1,グランセノーテ,牡,3,川田将雅, 56 ,14,3,１, ,ダ1900,良,,(栗),鮫島一歩,2017,-0.2,3,5,4,38.5,512,-12,
,"2016. 7.23",中京,3名7,新馬,新馬,5,10,ヴゼットジョリー,牝,2,川田将雅, 54 ,18,3,１, ,芝1400,良,,(栗),中内田充,1226,-0.2,,3,6,35.1,466,,
,"2016. 7.23",中京,3名7,未勝利,未勝利・牝,1,2,ジョンブリアン,牝,3,ホワイト, 54 ,18,4,１, ,芝1400,良,,(栗),池江泰寿,1215,-0.4,,1,1,35.8,458,-4,
,"2016. 7.23",中京,3名7,未勝利,未勝利,6,12,タイセイプレゼンス,牡,3,藤岡康太, 56 ,16,3,１, ,ダ1400,良,,(栗),高橋義忠,1254,-0.0,,12,8,37.7,474,-4,
,"2016. 7.23",中京,3名7,未勝利,未勝利・牝,7,13,エレーデ,牝,3,福永祐一, 54 ,15,1,１, ,ダ1800,良,,(栗),松元茂樹,1559,-0.4,5,4,3,39.4,436,-2,
,"2016. 7.23",中京,3名7,未勝利,未勝利*,3,5,ラヴィングアンサー,牡,2,福永祐一, 54 ,16,2,１, ,芝1600,良,,(栗),石坂正,1353,-0.2,3,5,4,35.2,478,0,
,"2016. 7.17",中京,3名6,1000万,フィリピ1000,8,15,メラグラーナ,牝,4,福永祐一, 55 ,16,2,１, ,芝1200,良,,(栗),池添学,1079,-0.4,,11,11,33.1,522,+12,
,"2016. 7.17",中京,3名6,ｵｰﾌﾟﾝ,ジュライ,6,7,マスクゾロ,牡,5,秋山真一, 56 ,12,2,１, ,ダ1800,良,,(栗),岡田稲男,1510,-1.0,1,1,1,36.0,534,-6,
,"2016. 7.17",中京,3名6,1000万,シンガポ1000,2,2,パドルウィール,牡,5,川田将雅, 57 ,8,3,１, ,芝2000,良,,(栗),中尾秀正,1584,-0.7,2,2,2,34.8,486,-6,
,"2016. 7.17",中京,3名6,500万,マカオジ500,3,3,センセーション,牝,5,武豊, 55 ,12,4,１, ,芝1200,良,,(栗),矢作芳人,1085,-0.0,,4,1,34.2,476,0,B
,"2016. 7.17",中京,3名6,500万,500万下,6,11,シルバードリーム,牝,3,荻野極,49▲,16,5,１, ,ダ1200,良,,(栗),加用正,1111,-0.3,,1,1,36.5,456,+6,
,"2016. 7.17",中京,3名6,500万,500万下・牝,1,1,トレジャーステイト,牝,4,福永祐一, 55 ,16,1,１, ,ダ1400,良,,(栗),奥村豊,1247,-0.2,,1,1,37.8,460,-8,
,"2016. 7.17",中京,3名6,新馬,新馬,6,7,オールポッシブル,牝,2,松若風馬, 54 ,12,2,１, ,芝1200,良,,(栗),高橋亮,1101,-0.2,,7,7,34.1,464,,
,"2016. 7.17",中京,3名6,新馬,新馬,8,8,トリコロールブルー,牡,2,福永祐一, 54 ,9,2,１, ,芝2000,良,,(栗),友道康夫,2028,-0.3,5,6,6,35.0,478,,
,"2016. 7.17",中京,3名6,未勝利,未勝利,5,10,ゴールドインゴット,牡,3,高田潤, 56 ,16,3,１, ,芝2000,良,,(栗),湯窪幸雄,2008,-0.0,9,9,9,35.2,466,-2,
,"2016. 7.17",中京,3名6,未勝利,未勝利,3,6,ミスターウインディ,牡,3,藤岡康太, 56 ,16,2,１, ,ダ1800,良,,(栗),奥村豊,1547,-0.1,13,7,6,37.6,496,0,
,"2016. 7.17",中京,3名6,未勝利,未勝利,2,3,サカジロテンオー,牡,3,国分優作, 56 ,18,2,１, ,芝1200,良,,(栗),湯窪幸雄,1093,-0.0,,1,1,35.4,488,+2,
,"2016. 7.17",中京,3名6,未勝利,未勝利*,5,5,アカカ,牝,2,Ｍ．デム, 54 ,11,2,１, ,芝1400,良,,(栗),音無秀孝,1219,-0.8,,5,5,34.7,472,-10,
,"2016. 7.16",中京,3名5,500万,500万下,4,8,ヒデノインペリアル,牡,4,柴田未崎, 57 ,16,3,１, ,ダ1800,良,,(栗),梅田智之,1532,-0.4,3,5,3,37.2,514,0,
,"2016. 7.16",中京,3名5,1600万,マレーシ1600,6,8,アングライフェン,牡,4,川田将雅, 57 ,12,1,１, ,芝2000,良,,(栗),安田隆行,2003,-0.0,6,2,2,34.6,468,+8,
,"2016. 7.16",中京,3名5,1000万,インデＨ1000,5,10,スマートラファエル,牡,7,福永祐一, 56 ,16,6,１, ,ダ1900,良,,(栗),松田国英,1591,-0.3,12,4,3,37.5,474,+8,
,"2016. 7.16",中京,3名5,500万,タイラン500,8,18,ロイヤルストリート,牝,4,福永祐一, 55 ,18,2,１, ,芝1400,良,,(栗),藤原英昭,1205,-0.1,,8,9,33.8,446,+14,
,"2016. 7.16",中京,3名5,500万,500万下,5,7,マイネルネーベル,牡,4,和田竜二, 57 ,13,6,１, ,芝2000,良,,(栗),五十嵐忠,2015,-0.0,8,10,6,34.9,452,-4,
,"2016. 7.16",中京,3名5,未勝利,未勝利,3,6,トゥルーハート,牡,3,秋山真一, 56 ,16,3,１, ,芝2200,良,,(栗),庄野靖志,2159,-0.1,14,14,14,35.5,452,+2,
,"2016. 7.16",中京,3名5,未勝利,未勝利・牝,2,3,オールスマイル,牝,3,Ｍ．デム, 54 ,16,1,１, ,ダ1400,良,,(栗),橋口慎介,1254,-0.0,,7,5,37.2,452,-4,
,"2016. 7.16",中京,3名5,新馬,新馬,5,6,アメリカズカップ,牡,2,松若風馬, 54 ,13,1,１, ,芝1600,良,,(栗),音無秀孝,1366,-0.2,2,2,2,35.7,460,,
,"2016. 7.16",中京,3名5,ｵｰﾌﾟﾝ,障害・オープ,2,2,コスモパルダ,牡,7,山本康志, 60 ,10,6,１, ,芝3330,良,,(美),和田正道,3404,-0.2,1,1,1,13.2,510,+6,
,"2016. 7.16",中京,3名5,未勝利,未勝利,6,11,タガノシェーヴル,牡,3,和田竜二, 56 ,16,6,１, ,ダ1200,良,,(栗),今野貞一,1133,-0.1,,2,2,37.8,426,-2,
,"2016. 7.16",中京,3名5,未勝利,未勝利・牝,7,14,メイショウアケボノ,牝,3,国分優作, 54 ,16,11,１, ,ダ1800,良,,(栗),安達昭夫,1559,-0.0,9,1,1,39.3,500,+8,
,"2016. 7.16",中京,3名5,未勝利,障害未勝利,2,2,ブレイクアウト,牡,5,森一馬, 60 ,10,1,１, ,芝3000,良,,(栗),本田優,3183,-0.5,3,3,2,13.2,490,+4,
,"2016. 7.10",中京,3名4,500万,500万下,3,6,ノーブルルージュ,牝,4,高倉稜, 55 ,18,7,１, ,芝1400,稍,,(栗),宮本博,1216,-0.2,,3,3,35.4,456,+2,
,"2016. 7.10",中京,3名4,Ｇ３,プロキオG3,8,14,ノボバカラ,牡,4,Ｍ．デム, 57 ,15,1,１, ,ダ1400,稍,,(美),天間昭一,1221,-0.1,,2,2,36.6,498,-10,
,"2016. 7.10",中京,3名4,1000万,木曽川特1000,5,6,ヤマカツライデン,牡,4,松山弘平, 57 ,13,2,１, ,芝2200,稍,,(栗),池添兼雄,2144,-0.1,1,1,1,36.5,536,+8,
,"2016. 7.10",中京,3名4,1000万,尾頭橋特1000,4,7,ウエスタンラムール,牡,4,高倉稜, 57 ,16,10,１, ,ダ1200,稍,,(栗),崎山博樹,1106,-0.1,,2,2,36.4,452,-4,
,"2016. 7.10",中京,3名4,500万,500万下,6,12,レッドサバス,牡,4,福永祐一, 57 ,16,4,１, ,ダ1800,重,,(栗),松田国英,1521,-0.1,14,15,13,37.1,470,+4,
,"2016. 7.10",中京,3名4,500万,500万下・牝,3,3,シンダーズ,牝,4,Ｍ．デム, 55 ,13,2,１, ,芝1600,重,*,(栗),荒川義之,1352,-0.2,2,2,2,34.8,464,+2,
,"2016. 7.10",中京,3名4,未勝利,未勝利,4,8,アナザープラネット,牡,3,ルメール, 56 ,16,1,１, ,ダ1800,重,,(栗),角居勝彦,1521,-0.2,2,3,3,37.4,478,+12,
,"2016. 7.10",中京,3名4,新馬,新馬,4,4,ジューヌエコール,牝,2,福永祐一, 54 ,12,2,１, ,芝1400,重,,(栗),安田隆行,1230,-0.3,,3,3,34.9,476,,
,"2016. 7.10",中京,3名4,未勝利,障害未勝利,4,5,メイショウツガル,牡,8,森一馬, 60 ,14,1,１, ,芝3000,重,,(栗),渡辺薫彦,3224,-0.1,6,4,3,13.5,478,-6,
,"2016. 7.10",中京,3名4,未勝利,未勝利,1,1,キョウワエステル,牝,3,福永祐一, 54 ,16,11,１, ,ダ1200,重,,(栗),千田輝彦,1122,-0.0,,6,5,36.9,468,-1,
,"2016. 7.10",中京,3名4,未勝利,未勝利,1,1,エイシンキスミー,牝,3,Ｍ．デム, 54 ,18,3,１, ,芝2000,重,,(栗),沖芳夫,2043,-0.1,18,13,14,35.7,490,0,
,"2016. 7.10",中京,3名4,未勝利,未勝利*,4,4,リンクスゼロ,牡,2,松若風馬, 54 ,13,2,１, ,芝1600,重,,(栗),森秀行,1374,-0.2,1,1,1,36.1,460,-2,
,"2016. 7. 9",中京,3名3,500万,500万下,5,9,ワンミリオンス,牝,3,福永祐一, 52 ,16,2,１, ,ダ1400,不,*,(栗),小崎憲,1223,-1.0,,7,7,35.9,472,-4,
,"2016. 7. 9",中京,3名3,1600万,白川郷Ｈ1600,4,6,ピオネロ,牡,5,ルメール, 57 ,15,2,１, ,ダ1800,不,,(栗),松永幹夫,1504,-0.0,3,3,3,36.5,502,+6,
,"2016. 7. 9",中京,3名3,1000万,知多特Ｈ1000,4,6,ムーンクレスト,牡,4,ルメール, 57 ,15,2,１, ,芝1400,不,,(栗),本田優,1237,-0.0,,4,4,36.8,468,-8,
,"2016. 7. 9",中京,3名3,500万,茶臼山高500,5,6,アグネスヒーロー,牡,3,秋山真一, 54 ,12,9,１, ,芝2000,不,,(栗),長浜博之,2060,-0.0,4,3,4,36.2,532,+4,
,"2016. 7. 9",中京,3名3,500万,500万下,7,7,サラトガスピリット,牡,4,ルメール, 57 ,10,1,１, ,芝2200,不,,(栗),友道康夫,2201,-0.2,5,5,7,37.1,504,-4,
,"2016. 7. 9",中京,3名3,未勝利,未勝利・牝,4,8,メイショウケンプウ,牝,3,森裕太朗,51▲,16,12,１, ,ダ1800,不,,(栗),藤沢則雄,1540,-0.4,14,13,11,37.6,436,+10,
,"2016. 7. 9",中京,3名3,新馬,新馬,5,8,フォーカード,牡,2,小牧太, 54 ,15,12,１, ,ダ1400,不,,(栗),小崎憲,1263,-0.0,,9,7,37.1,452,,
,"2016. 7. 9",中京,3名3,新馬,新馬,2,2,ダンビュライト,牡,2,松若風馬, 54 ,13,3,１, ,芝1600,不,,(栗),音無秀孝,1407,-0.8,5,5,2,37.2,464,,
,"2016. 7. 9",中京,3名3,未勝利,未勝利,4,8,トウショウビクター,牡,3,デュプレ, 56 ,16,8,１, ,芝1600,不,*,(栗),今野貞一,1395,-0.2,5,6,9,37.5,450,,
,"2016. 7. 9",中京,3名3,未勝利,未勝利・牝,1,2,ロゼリーナ,牝,3,福永祐一, 54 ,18,3,１, ,芝2000,不,,(栗),藤原英昭,2078,-0.0,11,14,13,37.0,436,+4,
,"2016. 7. 9",中京,3名3,未勝利,未勝利,4,7,ケルティックソード,牡,3,川田将雅, 56 ,16,3,１, ,ダ1400,不,,(栗),須貝尚介,1250,-0.1,,2,2,37.9,498,0,
,"2016. 7. 9",中京,3名3,未勝利,未勝利*,2,2,マルモレイナ,牝,2,田中健, 54 ,9,6,１, ,芝1200,不,,(栗),木原一良,1127,-0.1,,1,1,37.0,450,+4,
,"2016. 7. 3",中京,3名2,500万,500万下,2,4,キングカヌヌ,牡,4,浜中俊, 57 ,16,5,１, ,ダ1900,良,,(栗),石坂正,1589,-1.2,11,1,1,37.8,496,0,B
,"2016. 7. 3",中京,3名2,Ｇ３,ＣＢＣ賞ＨG3,7,11,レッドファルクス,牡,5,Ｍ．デム, 56 ,13,3,１, ,芝1200,良,,(美),尾関知人,1072,-0.0,,9,9,32.7,466,-4,
,"2016. 7. 3",中京,3名2,1000万,有松特別1000,7,9,ウインガニオン,牡,4,和田竜二, 57 ,12,6,１, ,芝1600,良,,(栗),西園正都,1347,-0.0,1,1,1,33.9,488,+4,
,"2016. 7. 3",中京,3名2,500万,美濃特別500,8,9,サンライズクロンヌ,牡,3,Ｍ．デム, 54 ,10,4,１, ,芝2000,良,,(栗),河内洋,1599,-0.1,2,2,2,33.7,470,-4,
,"2016. 7. 3",中京,3名2,500万,500万下・牝,1,1,アグネスアーニャ,牝,4,浜中俊, 55 ,12,7,１, ,ダ1800,良,,(栗),長浜博之,1533,-0.0,9,9,9,38.3,476,-2,
,"2016. 7. 3",中京,3名2,未勝利,未勝利,4,8,ミッキーシャンティ,牡,3,藤岡康太, 56 ,18,7,１, ,芝2200,良,,(栗),高野友和,2125,-0.1,15,13,9,35.4,452,-4,
,"2016. 7. 3",中京,3名2,新馬,新馬・牝,4,4,ディーパワンサ,牝,2,川田将雅, 54 ,12,1,１, ,芝1400,良,,(栗),松下武士,1225,-0.2,,4,4,35.2,424,,
,"2016. 7. 3",中京,3名2,新馬,新馬,7,11,モーヴサファイア,牝,2,石橋脩, 54 ,13,1,１, ,芝1600,良,,(栗),池添学,1353,-0.4,3,4,4,35.5,484,,
,"2016. 7. 3",中京,3名2,未勝利,未勝利,6,11,ホイールバーニング,牡,3,Ｍ．デム, 56 ,16,2,１, ,ダ1400,良,,(栗),牧田和弥,1254,-0.5,,2,2,39.0,508,0,
,"2016. 7. 3",中京,3名2,未勝利,未勝利,6,12,エイシンミノアカ,牝,3,大野拓弥, 54 ,18,10,１, ,芝1400,良,,(栗),坂口正則,1204,-0.3,,8,8,34.1,438,-12,
,"2016. 7. 3",中京,3名2,未勝利,未勝利,2,3,ブリーズスズカ,牡,3,幸英明, 56 ,16,3,１, ,ダ1800,良,,(栗),大橋勇樹,1546,-0.8,8,7,5,38.4,450,-2,
,"2016. 7. 3",中京,3名2,未勝利,未勝利*,5,5,マイネルパラディ,牡,2,柴田未崎, 54 ,9,1,１, ,芝1400,良,*,(栗),田所秀孝,1221,-0.2,,4,5,34.9,458,-4,
,"2016. 7. 2",中京,3名1,500万,500万下,3,5,テイクウォーニング,牝,4,藤岡康太, 55 ,16,5,１, ,ダ1200,良,,(栗),藤岡健一,1110,-0.4,,1,1,36.9,476,-6,
,"2016. 7. 2",中京,3名1,1600万,豊明Ｓ1600,7,7,タガノエスプレッソ,牡,4,Ｍ．デム, 57 ,9,5,１, ,芝1600,良,,(栗),五十嵐忠,1336,-0.1,1,1,1,33.6,446,-4,
,"2016. 7. 2",中京,3名1,1000万,濃尾特別1000,4,8,タガノハヤテ,牡,5,武豊, 57 ,16,5,１, ,ダ1800,良,*,(栗),五十嵐忠,1516,-0.3,3,2,2,38.0,504,-2,
,"2016. 7. 2",中京,3名1,500万,御在所特500,6,11,サトノアッシュ,牡,4,福永祐一, 57 ,16,2,１, ,芝1600,良,,(栗),中竹和也,1340,-0.2,3,3,3,33.5,480,0,
,"2016. 7. 2",中京,3名1,500万,500万下,8,18,ダンシングワンダー,牝,4,川田将雅, 55 ,18,5,１, ,芝1200,良,,(栗),中内田充,1077,-0.2,,1,1,33.8,470,-2,
,"2016. 7. 2",中京,3名1,未勝利,未勝利,2,4,フリーフォール,牡,3,Ｍ．デム, 56 ,18,2,１, ,芝2000,良,,(栗),角居勝彦,2018,-0.2,11,8,7,35.0,436,0,
,"2016. 7. 2",中京,3名1,未勝利,未勝利,2,4,スノードルフィン,牡,3,松田大作, 56 ,16,1,１, ,ダ1900,良,,(栗),野中賢二,2016,-0.1,4,4,3,39.4,476,-4,B
,"2016. 7. 2",中京,3名1,新馬,新馬,2,4,メイショウソウビ,牡,2,武幸四郎, 54 ,16,7,１, ,芝1400,良,,(栗),飯田祐史,1216,-0.4,,1,1,35.5,468,,
,"2016. 7. 2",中京,3名1,ｵｰﾌﾟﾝ,障害・オープ,8,13,ダンツメガヒット,セ,4,佐久間寛, 60 ,13,3,１, ,芝3300,良,,(栗),山内研二,3372,-0.5,7,5,2,13.2,494,+6,
,"2016. 7. 2",中京,3名1,未勝利,未勝利・牝,2,4,グランパルファン,牝,3,ルメール, 54 ,16,1,１, ,ダ1200,良,,(栗),池江泰寿,1122,-0.3,,2,2,37.1,454,+2,
,"2016. 7. 2",中京,3名1,未勝利,未勝利・牝,4,7,チカリータ,牝,3,武豊, 54 ,16,1,１, ,ダ1800,良,,(栗),小崎憲,1545,-0.2,1,1,1,37.8,452,0,
,"2016. 7. 2",中京,3名1,未勝利,障害未勝利,3,3,タイセイドリーム,牡,6,平沢健治, 60 ,14,3,１, ,芝3000,良,,(栗),矢作芳人,3180,-0.1,4,3,3,13.2,548,-6,
