Ｍ,日付(yyyy.mm.dd),場所,開催,クラス名,レース名,枠番,馬番,馬名,性別,年齢,騎手,斤量,頭数,人気,着順,芝(内・外),距離,馬場状態,多頭出し,所属,調教師,走破タイム,着差,2角,3角,4角,上り3F,馬体重,馬体重増減,ブリンカー
,"2026. 4.26",福島,1福6,1勝,１勝ｸﾗｽ,3,5,レイアポポ,牝,4,菊沢一樹, 56 ,16,5,１, ,ダ1150,良,,(美),青木孝文,1095,-0.0,,4,3,37.1,482,-6,
,"2026. 4.26",福島,1福6,ｵｰﾌﾟﾝ,モルガナＨ,3,6,サウンドモリアーナ,牝,4,吉田隼人, 54 ,16,3,１, ,芝1200,良,,(栗),武英智,1075,-0.1,,2,2,33.7,448,+6,
,"2026. 4.26",福島,1福6,2勝,尾瀬特別･2勝,2,2,グランキングオー,牡,4,斎藤新, 58 ,15,5,１, ,ダ1700,良,,(栗),高橋康之,1456,-0.1,2,2,2,38.5,458,+2,B
,"2026. 4.26",福島,1福6,1勝,飯盛山特･1勝,7,10,アリスメティーク,牝,4,杉原誠人, 56 ,13,4,１, ,芝2000,良,,(美),大竹正博,1589,-0.1,6,5,5,34.9,444,-4,
,"2026. 4.26",福島,1福6,1勝,１勝ｸﾗｽ,3,4,マキシマムドライブ,牡,4,黛弘人, 58 ,15,1,１, ,芝1200,良,,(美),尾関知人,1085,-0.0,,3,3,34.0,548,-2,
,"2026. 4.26",福島,1福6,1勝,１勝ｸﾗｽ・牝,6,10,ユージュアーナ,牝,4,舟山瑠泉,54△,15,2,１, ,ダ1700,良,,(栗),奥村豊,1460,-0.5,2,2,2,38.3,460,-2,
,"2026. 4.26",福島,1福6,1勝,１勝ｸﾗｽ,7,10,アスクデッドヒート,牡,4,古川奈穂,56◇,13,2,１, ,芝2600,良,,(栗),矢作芳人,2379,-0.4,5,3,2,35.0,474,+4,
,"2026. 4.26",福島,1福6,未勝利,未勝利,5,8,クシマトゥルー,牝,3,長浜鴻緒,53△,15,2,１, ,芝1800,良,,(美),矢嶋大樹,1468,-0.2,4,4,4,35.0,428,+2,
,"2026. 4.26",福島,1福6,未勝利,未勝利・牝,4,7,カレンデュラ,牝,3,嶋田純次, 55 ,16,2,１, ,芝1200,良,,(美),室井潔,1092,-0.1,,1,1,34.3,430,+4,
,"2026. 4.26",福島,1福6,未勝利,未勝利・若,7,13,エリーニック,牝,3,小林美駒,52▲,15,7,１, ,ダ1700,良,,(美),千葉直人,1464,-0.8,8,6,4,37.4,442,-4,
,"2026. 4.26",福島,1福6,未勝利,未勝利,6,12,ララアルカー,牡,3,藤懸貴志, 57 ,16,6,１, ,芝1200,良,,(美),大竹正博,1094,-0.0,,12,11,33.8,508,+14,
,"2026. 4.26",福島,1福6,未勝利,未勝利・牝,6,12,モズオウンゴール,牝,3,永島まな,53◇,16,1,１, ,ダ1150,良,,(栗),松下武士,1087,-0.7,,2,2,36.5,448,+10,
,"2026. 4.25",福島,1福5,1勝,１勝ｸﾗｽ・牝,2,4,モアニ,牝,5,丸山元気, 56 ,16,7,１, ,芝1800,良,,(栗),高橋康之,1469,-0.2,16,15,11,34.7,464,-10,
,"2026. 4.25",福島,1福5,3勝,福島中央･3勝,6,8,プレゼンティーア,牝,5,松本大輝, 56 ,12,7,１, ,ダ1150,良,,(栗),田中克典,1076,-0.2,,2,2,37.3,492,-2,B
,"2026. 4.25",福島,1福5,2勝,医王寺特･2勝,2,4,ウィンストン,牡,4,和田陽希, 58 ,16,3,１, ,芝1200,良,,(栗),杉山晴紀,1077,-0.0,,8,8,33.5,494,-4,B
,"2026. 4.25",福島,1福5,1勝,雪うさぎ･1勝,1,2,ロジケープ,牡,3,丹内祐次, 57 ,16,1,１, ,芝1200,良,,(美),尾形和幸,1078,-0.2,,6,5,34.5,490,-16,
,"2026. 4.25",福島,1福5,1勝,１勝ｸﾗｽ,7,12,オウケンシルヴァー,牡,5,木幡育也, 58 ,15,2,１, ,ダ1700,良,,(美),松永康利,1453,-0.7,2,2,2,37.5,494,-6,
,"2026. 4.25",福島,1福5,1勝,１勝ｸﾗｽ・若,5,6,カーヌスティ,牡,4,舟山瑠泉,56△,12,4,１, ,芝1200,良,,(美),大和田成,1081,-0.5,,2,2,34.0,478,-12,
,"2026. 4.25",福島,1福5,未勝利,未勝利,6,10,ゴールドバローズ,牡,3,荻野極, 57 ,15,2,１, ,ダ1700,良,,(栗),渡辺薫彦,1467,-0.4,4,2,2,38.1,512,-2,
,"2026. 4.25",福島,1福5,未勝利,未勝利,4,8,ミエノストロング,牡,3,石川裕紀, 57 ,16,1,１, ,芝2000,良,,(美),上原佑紀,2004,-0.4,5,4,3,35.7,470,-2,B
,"2026. 4.25",福島,1福5,未勝利,未勝利,4,7,ブレイヴソルジャー,牡,3,石田拓郎,54▲,16,4,１, ,ダ1150,良,,(美),新開幸一,1090,-0.3,,2,2,37.0,452,-12,
,"2026. 4.25",福島,1福5,未勝利,未勝利・牝,4,8,サルワールカミーズ,牝,3,丸山元気, 55 ,16,7,１, ,芝2000,良,,(美),矢嶋大樹,2006,-0.1,6,6,6,35.7,456,,
,"2026. 4.25",福島,1福5,未勝利,未勝利,6,11,フィラーエ,牝,3,国分恭介, 55 ,16,4,１, ,芝1200,良,,(栗),高橋康之,1087,-0.6,,5,3,34.3,446,-6,
,"2026. 4.25",福島,1福5,未勝利,未勝利・牝,3,5,ゴールドドレッサ,牝,3,石田拓郎,52▲,15,1,１, ,ダ1700,良,,(美),中川公成,1477,-0.1,12,8,6,38.2,434,-2,
,"2026. 4.19",福島,1福4,1勝,１勝ｸﾗｽ,4,6,キーガッツ,牡,4,斎藤新, 58 ,15,2,１, ,ダ1150,良,,(栗),杉山佳明,1084,-0.4,,2,1,37.0,472,+8,B
,"2026. 4.19",福島,1福4,Ｇ３,福島牝馬G3,7,13,コガネノソラ,牝,5,菊沢一樹, 55 ,16,9,１, ,芝1800,良,*,(美),菊沢隆徳,1456,-0.2,10,9,7,34.1,466,-6,
,"2026. 4.19",福島,1福4,2勝,奥の細道･2勝,8,13,ドーバーブライト,牡,4,菊沢一樹, 58 ,13,1,１, ,芝2600,良,,(美),西田雄一,2376,-0.3,2,1,1,35.8,524,-2,
,"2026. 4.19",福島,1福4,1勝,須賀川特･1勝,6,11,シャイフ,牡,4,横山典弘, 58 ,16,2,１, ,芝1200,良,,(栗),安田翔伍,1077,-0.2,,3,3,33.9,496,+20,
,"2026. 4.19",福島,1福4,1勝,１勝ｸﾗｽ,6,11,ジェシーテソーロ,牡,4,富田暁, 58 ,15,9,１, ,ダ1700,良,,(美),牧光二,1451,-0.0,2,2,2,38.2,488,-8,B
,"2026. 4.19",福島,1福4,1勝,１勝ｸﾗｽ,5,5,ホウオウタイタン,牝,4,田山旺佑,53▲,10,1,１, ,芝2000,良,,(栗),須貝尚介,1593,-0.2,5,4,4,34.7,494,-2,
,"2026. 4.19",福島,1福4,1勝,１勝ｸﾗｽ,5,6,タンテドヴィーヴル,牡,4,亀田温心, 58 ,13,2,１, ,芝1800,良,,(栗),斉藤崇史,1458,-0.2,5,5,5,34.9,498,+10,
,"2026. 4.19",福島,1福4,未勝利,未勝利,5,9,リラベガ,牝,3,丸山元気, 55 ,16,3,１, ,芝1200,良,,(美),岩戸孝樹,1084,-0.0,,3,3,34.3,422,-2,
,"2026. 4.19",福島,1福4,未勝利,未勝利,6,10,アラクラン,牡,3,小林美駒,54▲,15,3,１, ,ダ1700,良,,(美),田村康仁,1463,-0.2,2,2,2,38.4,504,-2,
,"2026. 4.19",福島,1福4,未勝利,未勝利,4,8,グラスベルグ,牝,3,亀田温心, 55 ,16,3,１, ,芝2000,良,,(栗),斉藤崇史,2002,-0.1,4,5,6,36.0,420,0,
,"2026. 4.19",福島,1福4,未勝利,未勝利・牝,7,13,ベルソテイラ,牝,3,小林美駒,52▲,15,2,１, ,ダ1700,良,,(栗),西村真幸,1461,-0.4,1,1,1,38.1,488,-10,
,"2026. 4.19",福島,1福4,未勝利,未勝利,7,13,ヨドノティアラ,牝,3,小林美駒,52▲,16,1,１, ,ダ1150,良,,(美),矢嶋大樹,1090,-0.1,,2,2,38.2,440,-8,
,"2026. 4.18",福島,1福3,1勝,１勝ｸﾗｽ,8,15,ウィンストン,牡,4,和田陽希,55▲,16,3,１, ,芝1200,良,,(栗),杉山晴紀,1076,-0.5,,1,1,34.5,498,+6,B
,"2026. 4.18",福島,1福3,2勝,ラジオＨ･2勝,5,8,メイショウカシワデ,牡,5,松本大輝, 57 ,15,2,１, ,ダ1700,良,,(栗),角田晃一,1451,-0.1,7,5,4,37.2,452,-12,
,"2026. 4.18",福島,1福3,1勝,桑折特別･1勝,8,8,フィオレストラーダ,牝,4,松若風馬, 56 ,8,5,１, ,芝2000,良,,(栗),杉山晴紀,1585,-0.1,1,1,1,33.9,456,-2,
,"2026. 4.18",福島,1福3,1勝,ひめさゆ･1勝,5,5,キンググローリー,牡,3,舟山瑠泉, 57 ,9,5,１, ,芝2000,良,,(美),古賀慎明,1578,-0.5,2,2,1,34.8,462,-10,
,"2026. 4.18",福島,1福3,1勝,１勝ｸﾗｽ,2,2,メイショウクーガー,牡,6,中井裕二, 58 ,15,3,１, ,ダ1700,良,,(栗),中内田充,1460,-0.1,7,4,3,38.0,490,-6,B
,"2026. 4.18",福島,1福3,1勝,１勝ｸﾗｽ・牝,2,2,ホーリーブライト,牝,5,小林美駒,53▲,15,8,１, ,ダ1150,良,,(美),竹内正洋,1092,-0.0,,10,8,36.1,456,-12,
,"2026. 4.18",福島,1福3,未勝利,未勝利,7,12,バルドル,牡,3,荻野極, 57 ,15,5,１, ,芝2600,良,,(美),池上昌和,2427,-0.6,2,2,1,34.8,446,-4,
,"2026. 4.18",福島,1福3,未勝利,未勝利・若,7,14,ブランドブラン,牡,3,泉谷楓真, 57 ,16,2,１, ,芝1800,良,,(栗),杉山晴紀,1472,-0.4,4,3,3,34.6,492,-8,
,"2026. 4.18",福島,1福3,未勝利,未勝利,5,9,アンティーム,牡,3,国分恭介, 57 ,15,8,１, ,ダ1700,良,*,(栗),高橋義忠,1473,-0.4,3,3,3,37.1,496,,
,"2026. 4.18",福島,1福3,未勝利,未勝利,8,16,アイアムステキ,牝,3,田山旺佑,52▲,16,4,１, ,芝1200,良,,(美),奥平雅士,1091,-0.1,,9,8,34.4,446,-4,
,"2026. 4.18",福島,1福3,未勝利,未勝利・牝,7,14,ララオウ,牝,3,田山旺佑,52▲,16,8,１, ,芝2000,良,,(栗),須貝尚介,1597,-0.2,6,6,2,35.3,496,,
,"2026. 4.18",福島,1福3,未勝利,未勝利,7,14,メイショウイブキ,牝,3,吉田隼人, 55 ,16,2,１, ,ダ1150,良,,(栗),荒川義之,1095,-0.2,,2,2,36.7,464,-6,
,"2026. 4.12",福島,1福2,1勝,１勝ｸﾗｽ,7,13,レイザリオ,牡,4,斎藤新, 58 ,15,5,１, ,ダ1700,良,,(栗),橋口慎介,1466,-0.1,1,1,1,38.4,480,+2,
,"2026. 4.12",福島,1福2,OP(L),福島民報(L),6,11,サヴォーナ,牡,6,松若風馬, 58 ,15,5,１, ,芝2000,良,,(栗),中竹和也,1584,-0.3,4,3,2,35.1,534,+10,
,"2026. 4.12",福島,1福2,2勝,喜多方特･2勝,4,8,イマージョン,牡,4,丸山元気, 58 ,16,1,１, ,ダ1150,良,,(栗),高野友和,1087,-0.1,,2,2,37.4,512,0,B
,"2026. 4.12",福島,1福2,1勝,燧ヶ岳特･1勝,6,9,ビップチェイス,牡,5,杉原誠人, 58 ,13,6,１, ,芝2600,良,,(美),田島俊明,2400,-0.2,5,1,1,36.3,458,-2,B
,"2026. 4.12",福島,1福2,1勝,１勝ｸﾗｽ,4,7,サディーク,牝,4,松若風馬, 56 ,16,1,１, ,芝1200,良,,(栗),河嶋宏樹,1083,-0.2,,5,5,34.0,438,0,
,"2026. 4.12",福島,1福2,1勝,１勝ｸﾗｽ・牝,6,11,カスバートテソーロ,牝,4,丹内祐次, 56 ,15,4,１, ,ダ1700,良,,(美),畠山吉宏,1469,-0.1,4,3,2,37.9,436,-8,
,"2026. 4.12",福島,1福2,1勝,１勝ｸﾗｽ・若,6,11,コスモイシュタル,牝,4,舟山瑠泉,54△,15,4,１, ,芝2000,良,,(美),深山雅史,1589,-0.3,4,4,4,35.1,440,-4,
,"2026. 4.12",福島,1福2,未勝利,未勝利,5,10,マイネルクオリア,牡,3,杉原誠人, 57 ,16,10,１, ,芝1800,良,,(美),田村康仁,1495,-0.1,15,14,13,34.6,502,,
,"2026. 4.12",福島,1福2,未勝利,未勝利,7,14,タガノアルブラック,牝,3,斎藤新, 55 ,16,9,１, ,芝1200,良,,(栗),千田輝彦,1093,-0.1,,3,3,35.0,448,,
,"2026. 4.12",福島,1福2,未勝利,未勝利,4,6,イサチルシーキング,牡,3,小林美駒,54▲,15,2,１, ,ダ1700,良,,(美),辻哲英,1457,-1.2,1,1,1,38.8,532,+2,
,"2026. 4.12",福島,1福2,未勝利,未勝利,5,10,ツルノマイハシ,牝,3,丹内祐次, 55 ,16,2,１, ,芝1200,良,,(美),杉浦宏昭,1092,-0.2,,3,3,34.4,458,-2,
,"2026. 4.12",福島,1福2,未勝利,未勝利・牝,6,11,エアトベーレ,牝,3,嶋田純次, 55 ,15,1,１, ,ダ1700,良,,(美),手塚貴久,1477,-0.2,6,6,4,38.2,412,+8,
,"2026. 4.11",福島,1福1,1勝,１勝ｸﾗｽ・牝,4,8,ライツユーアップ,牝,4,丹内祐次, 56 ,16,4,１, ,芝1200,良,,(栗),角田晃一,1083,-0.0,,4,4,34.0,452,+2,
,"2026. 4.11",福島,1福1,ｵｰﾌﾟﾝ,吾妻小富Ｈ,1,1,ラタフォレスト,牡,5,斎藤新, 56 ,15,5,１, ,ダ1700,良,,(美),加藤征弘,1434,-0.2,4,4,3,37.0,510,0,
,"2026. 4.11",福島,1福1,2勝,花見山特･2勝,8,16,アサクサグレース,牝,4,杉原誠人, 56 ,16,2,１, ,芝1200,良,,(栗),加藤公太,1077,-0.4,,2,1,34.3,458,-8,
,"2026. 4.11",福島,1福1,1勝,浄土平特･1勝,2,3,フォルテフィオーレ,牡,5,丹内祐次, 58 ,16,1,１, ,芝1800,良,,(美),上原佑紀,1470,-0.1,6,8,6,35.4,450,-6,
,"2026. 4.11",福島,1福1,1勝,１勝ｸﾗｽ,6,12,ヒラボクカレラ,牡,4,田口貫太, 58 ,16,1,１, ,ダ1150,良,,(栗),奥村豊,1090,-0.1,,4,3,36.7,458,-12,
,"2026. 4.11",福島,1福1,1勝,１勝ｸﾗｽ・若,2,2,ルージュマローネ,牝,4,小林美駒,53▲,15,9,１, ,ダ1700,良,,(美),栗田徹,1457,-0.1,1,1,1,38.7,480,+2,
,"2026. 4.11",福島,1福1,未勝利,未勝利,6,11,アスクファイアモア,牡,3,富田暁, 57 ,15,4,１, ,芝2600,良,,(栗),矢作芳人,2403,-0.1,12,3,2,35.8,506,-2,
,"2026. 4.11",福島,1福1,未勝利,未勝利,1,1,メイショウハンター,牡,3,横山琉人, 57 ,16,2,１, ,芝2000,良,,(栗),長谷川浩,2000,-0.2,5,5,4,35.0,480,-8,
,"2026. 4.11",福島,1福1,未勝利,未勝利,7,13,ベルゼビュート,牡,3,菊沢一樹, 57 ,16,6,１, ,ダ1150,良,,(美),高木登,1094,-0.1,,9,8,36.5,476,,
,"2026. 4.11",福島,1福1,未勝利,未勝利・牝,3,5,サフランルージュ,牝,3,野中悠太, 55 ,16,14,１, ,芝1800,良,,(美),室井潔,1476,-0.1,11,12,9,34.6,400,,
,"2026. 4.11",福島,1福1,未勝利,未勝利,3,6,デンプシー,牡,3,舟山瑠泉,55△,16,1,１, ,芝1200,良,,(美),上原佑紀,1086,-0.2,,2,2,34.4,448,+4,
,"2026. 4.11",福島,1福1,未勝利,未勝利,6,11,シューティングガイ,牡,3,斎藤新, 57 ,15,2,１, ,ダ1700,良,,(美),斎藤誠,1459,-0.0,2,2,1,37.9,492,+6,
,2025.11.24,福島,3福6,1勝,１勝ｸﾗｽ,4,8,イガッチ,牡,3,高杉吏麒, 56 ,16,2,１, ,芝2000,良,,(栗),笹田和秀,2006,-0.2,2,2,2,34.8,476,+6,
,2025.11.24,福島,3福6,3勝,奥羽Ｓ･3勝,7,13,シェットランド,牡,5,吉田隼人, 58 ,15,12,１, ,ダ1700,良,,(美),久保田貴,1462,-0.1,4,2,2,37.6,554,-10,B
,2025.11.24,福島,3福6,2勝,五色沼特･2勝,3,6,ノーランサンライズ,牝,3,小崎綾也, 54 ,16,7,１, ,芝1800,良,,(栗),佐藤悠太,1475,-0.0,4,4,6,34.8,494,+2,
,2025.11.24,福島,3福6,1勝,磐梯山特･1勝,2,4,カーミングライツ,牡,3,横山和生, 56 ,16,1,１, ,芝2600,良,,(美),小島茂之,2398,-0.2,7,1,1,35.5,522,0,
,2025.11.24,福島,3福6,1勝,１勝ｸﾗｽ,3,6,バンブルビー,牡,3,石田拓郎,54▲,16,3,１, ,芝1200,良,,(美),小西一男,1087,-0.1,,7,7,34.2,470,+6,
,2025.11.24,福島,3福6,1勝,１勝ｸﾗｽ,6,11,レグザゴン,牝,4,吉村誠之,55☆,16,8,１, ,ダ1150,良,,(美),斎藤誠,1087,-0.1,,1,1,36.6,462,0,B
,2025.11.24,福島,3福6,未勝利,未勝利*,1,2,ジャスパールビー,牝,2,田山旺佑,52▲,16,3,１, ,芝1200,良,,(栗),森秀行,1090,-0.0,,1,1,34.9,436,-2,
,2025.11.24,福島,3福6,新馬,新馬,8,16,ファンクション,牝,2,斎藤新, 55 ,16,7,１, ,芝1800,良,,(美),斎藤誠,1506,-0.1,2,2,2,34.4,438,,
,2025.11.24,福島,3福6,未勝利,障害未勝利,8,13,オステリア,牡,6,高田潤, 60 ,14,1,１, ,芝2770,良,*,(栗),宮本博,3023,-0.2,2,2,1,13.2,522,-2,
,2025.11.24,福島,3福6,1勝,１勝ｸﾗｽ・若,3,5,マナエトレ,牡,3,吉村誠之,55☆,15,2,１, ,ダ1700,良,,(栗),清水久詞,1469,-0.2,5,6,4,38.1,476,+6,
,2025.11.24,福島,3福6,1勝,１勝ｸﾗｽ・牝,6,11,ステラスプレンダー,牝,4,小沢大仁, 56 ,15,13,１, ,ダ1700,良,,(栗),石坂公一,1468,-0.0,2,2,2,39.1,452,-2,B
,2025.11.24,福島,3福6,未勝利,未勝利*,8,16,ルクスレイモンド,牡,2,荻野極, 56 ,16,1,１, ,ダ1150,良,,(美),上原佑紀,1093,-0.4,,3,2,37.4,488,+12,
,2025.11.22,福島,3福5,1勝,１勝ｸﾗｽ,6,11,ガットネロ,牝,5,斎藤新, 56 ,16,9,１, ,芝1200,良,,(栗),東田明士,1091,-0.2,,2,2,34.5,496,-2,
,2025.11.22,福島,3福5,Ｇ３,福島記念ＨG3,5,10,ニシノティアモ,牝,4,津村明秀, 54 ,16,2,１, ,芝2000,良,,(美),上原佑紀,1599,-0.2,2,2,2,34.0,444,+4,
,2025.11.22,福島,3福5,2勝,福島放送･2勝,3,6,ルージュアズライト,牝,5,荻野極, 56 ,16,2,１, ,ダ1150,良,,(美),森一誠,1087,-0.1,,3,3,37.0,456,+8,
,2025.11.22,福島,3福5,1勝,高湯温泉･1勝,3,6,バルナバ,牡,3,佐々木大, 56 ,16,8,１, ,芝1800,良,,(栗),浜田多実,1485,-0.0,6,7,8,34.1,502,-18,
,2025.11.22,福島,3福5,1勝,１勝ｸﾗｽ・牝,3,5,ヨヒーン,牝,3,鮫島克駿, 54 ,16,2,１, ,芝2000,良,,(栗),杉山晴紀,1583,-0.3,11,8,5,34.7,458,-4,B
,2025.11.22,福島,3福5,未勝利,未勝利*,2,3,アロンソア,牡,2,川又賢治, 56 ,16,4,１, ,芝1800,良,,(栗),牧田和弥,1481,-0.1,5,5,4,35.1,430,-12,
,2025.11.22,福島,3福5,1勝,１勝ｸﾗｽ,4,7,マテンロウブレイブ,牡,3,横山典弘, 56 ,15,1,１, ,ダ1700,良,,(栗),高橋亮,1461,-0.1,14,14,13,37.3,484,-2,
,2025.11.22,福島,3福5,ｵｰﾌﾟﾝ,障害・オープ,3,4,エンデュミオン,牡,8,鷲頭虎太,58▲,14,2,１, ,芝3380,良,,(栗),清水久詞,3441,-0.0,8,6,5,13.3,462,-10,
,2025.11.22,福島,3福5,未勝利,障害未勝利,4,5,マルベリーシチー,牡,5,上野翔, 60 ,14,1,１, ,芝2770,良,,(美),奥平雅士,3015,-0.6,1,1,1,13.1,500,0,
,2025.11.22,福島,3福5,未勝利,未勝利*,6,10,ブリッジエフェクト,牡,2,斎藤新, 56 ,15,1,１, ,ダ1700,良,,(美),斎藤誠,1479,-0.5,8,7,6,39.1,530,0,
,2025.11.22,福島,3福5,1勝,１勝ｸﾗｽ,3,5,ビーアイフォルテ,牝,3,鮫島克駿, 55 ,16,12,１, ,ダ1150,良,,(栗),牧田和弥,1096,-0.2,,2,2,37.6,438,-8,
,2025.11.22,福島,3福5,未勝利,未勝利・牝*,5,8,ウィングブルー,牝,2,斎藤新, 55 ,14,2,１, ,ダ1700,良,,(美),斎藤誠,1480,-0.4,1,1,1,39.3,498,+2,
,2025.11.16,福島,3福4,1勝,１勝ｸﾗｽ,5,9,ファイナルヒート,牡,5,舟山瑠泉,55▲,16,6,１, ,芝2000,良,,(美),古賀慎明,2011,-0.1,13,1,1,35.2,506,-8,B
,2025.11.16,福島,3福4,OP(L),福島民友(L),6,10,ポッドロゴ,牡,4,長岡禎仁, 57 ,15,3,１, ,ダ1700,良,*,(栗),西園正都,1453,-0.0,8,9,8,37.3,474,+4,
,2025.11.16,福島,3福4,2勝,三陸特別･2勝,6,11,ローザサンリヴァル,牡,4,亀田温心, 58 ,16,2,１, ,芝2600,良,,(栗),高野友和,2414,-0.2,11,7,5,34.6,506,0,
,2025.11.16,福島,3福4,ｵｰﾌﾟﾝ,福島２歳,4,8,タマモイカロス,牡,2,高杉吏麒, 56 ,16,1,１, ,芝1200,良,,(栗),藤岡健一,1092,-0.1,,5,6,35.2,534,+10,
,2025.11.16,福島,3福4,1勝,１勝ｸﾗｽ・若,7,13,ディニトーソ,牡,3,今村聖奈,55◇,16,2,１, ,ダ1150,良,,(栗),辻野泰之,1095,-0.1,,6,8,37.5,466,-2,
,2025.11.16,福島,3福4,1勝,１勝ｸﾗｽ,7,13,モーデン,牡,7,荻野琢真, 58 ,16,10,１, ,芝1200,良,,(栗),加藤公太,1090,-0.1,,8,9,34.6,488,+10,
,2025.11.16,福島,3福4,新馬,新馬,8,14,ロンギングフォユー,牝,2,荻野極, 55 ,15,1,１, ,ダ1700,良,,(美),大竹正博,1469,-1.1,2,1,1,38.3,474,,
,2025.11.16,福島,3福4,未勝利,障害未勝利,7,8,ホークフィールド,牡,4,高田潤, 60 ,11,1,１, ,芝2750,良,,(栗),武英智,3016,-0.5,3,2,1,13.2,490,+6,
,2025.11.16,福島,3福4,未勝利,障害未勝利,1,1,ウォーターリーダー,牡,5,高田潤, 60 ,10,3,１, ,芝2750,良,,(栗),藤野健太,3005,-0.3,2,2,2,13.1,450,-4,
,2025.11.16,福島,3福4,1勝,１勝ｸﾗｽ,8,14,ユウェンタース,牝,3,荻野極, 54 ,15,8,１, ,ダ1700,良,,(栗),宮徹,1460,-0.2,7,4,3,38.3,476,-10,
,2025.11.16,福島,3福4,1勝,１勝ｸﾗｽ・牝,7,12,シェリルファミーユ,牝,3,荻野極, 54 ,15,5,１, ,ダ1700,良,,(栗),橋口慎介,1462,-0.2,12,11,8,37.7,446,+10,
,2025.11.16,福島,3福4,未勝利,未勝利*,3,5,ドナシェーン,牝,2,荻野極, 55 ,16,1,１, ,ダ1150,良,,(美),栗田徹,1088,-0.3,,3,3,36.9,450,-4,
,2025.11.15,福島,3福3,1勝,１勝ｸﾗｽ・牝,4,8,マリノトニトゥルス,牝,3,菊沢一樹, 55 ,16,5,１, ,芝1200,良,,(美),武市康男,1092,-0.0,,1,1,35.7,470,+26,
,2025.11.15,福島,3福3,3勝,フルーツ･3勝,5,10,メイショウカゼマチ,牡,5,中井裕二, 58 ,16,12,１, ,ダ1150,良,,(栗),角田晃一,1086,-0.1,,5,5,36.5,458,+2,
,2025.11.15,福島,3福3,2勝,西郷特Ｈ･2勝,8,15,テーオールビー,牝,4,長岡禎仁, 53 ,15,5,１, ,ダ1700,良,,(栗),宮徹,1459,-0.1,1,1,1,37.1,458,-4,
,2025.11.15,福島,3福3,1勝,土湯温泉･1勝,1,1,マテンロウギフト,牡,3,斎藤新, 56 ,16,6,１, ,芝1800,良,,(栗),茶木太樹,1469,-0.0,6,5,2,35.9,464,-2,
,2025.11.15,福島,3福3,1勝,１勝ｸﾗｽ,1,1,ブリヤディアマンテ,牡,3,吉田豊, 56 ,16,7,１, ,芝2600,良,,(美),小島茂之,2406,-0.0,10,8,7,36.3,472,-4,
,2025.11.15,福島,3福3,1勝,１勝ｸﾗｽ・若,5,10,クインズスピカ,牝,4,舟山瑠泉,53▲,16,10,１, ,芝1200,良,,(美),村田一誠,1093,-0.0,,2,2,34.8,476,-16,B
,2025.11.15,福島,3福3,1勝,１勝ｸﾗｽ,8,16,オオタチ,牡,3,吉田隼人, 56 ,16,2,１, ,ダ2400,良,,(美),久保田貴,2346,-0.1,14,10,5,38.9,452,+2,B
,2025.11.15,福島,3福3,新馬,新馬,5,9,ショウグンマサムネ,牡,2,荻野極, 56 ,16,2,１, ,芝2000,良,,(栗),佐藤悠太,2029,-0.1,5,6,4,36.5,472,,
,2025.11.15,福島,3福3,未勝利,未勝利*,1,2,ロンドンオービタル,牝,2,石川裕紀, 55 ,16,2,１, ,芝1200,良,*,(美),岩戸孝樹,1089,-0.1,,4,4,35.2,440,-2,
,2025.11.15,福島,3福3,未勝利,未勝利*,3,5,アメティスタ,牝,2,西塚洸二,54☆,16,1,１, ,芝2000,良,,(栗),牧浦充徳,2011,-0.1,5,5,5,35.7,470,+8,
,2025.11.15,福島,3福3,1勝,１勝ｸﾗｽ,2,4,プレゼンティーア,牝,4,松本大輝,55☆,16,2,１, ,ダ1150,良,,(栗),田中克典,1090,-0.1,,1,1,37.5,490,0,B
,2025.11.15,福島,3福3,未勝利,未勝利*,2,3,ロミオ,牡,2,荻野極, 56 ,15,3,１, ,ダ1700,良,,(美),上原佑紀,1468,-0.9,4,4,4,37.1,504,+6,
,"2025.11. 9",福島,3福2,1勝,１勝ｸﾗｽ,7,13,バンディート,牡,5,角田大和, 58 ,16,4,１, ,芝1200,良,,(栗),東田明士,1091,-0.3,,2,2,35.3,508,-8,
,"2025.11. 9",福島,3福2,ｵｰﾌﾟﾝ,みちのく,3,6,レイピア,牡,3,丸山元気, 56 ,16,1,１, ,芝1200,良,,(栗),中竹和也,1083,-0.2,,1,1,34.8,502,-8,
,"2025.11. 9",福島,3福2,2勝,河北新報･2勝,4,6,アレナパラシオ,牡,4,富田暁, 58 ,15,12,１, ,ダ1700,良,,(栗),四位洋文,1455,-0.0,1,1,1,37.8,480,+2,
,"2025.11. 9",福島,3福2,1勝,二本松特･1勝,4,7,エリム,牝,5,原田和真, 56 ,16,7,１, ,芝1800,良,,(美),上原博之,1477,-0.0,13,13,6,34.9,454,+10,
,"2025.11. 9",福島,3福2,1勝,１勝ｸﾗｽ,5,10,バーケンヘッド,牡,3,石神深道,53▲,16,13,１, ,芝2600,良,,(美),武井亮,2425,-0.2,5,6,6,34.9,420,0,
,"2025.11. 9",福島,3福2,1勝,１勝ｸﾗｽ,4,7,ホウオウブースター,牡,3,杉原誠人, 57 ,16,9,１, ,芝1200,良,,(美),高柳瑞樹,1091,-0.2,,3,3,34.7,438,+4,
,"2025.11. 9",福島,3福2,新馬,新馬,8,15,アースインハマー,牡,2,石川裕紀, 56 ,15,2,１, ,ダ1700,良,,(美),奥村武,1485,-0.1,6,2,2,39.0,500,,
,"2025.11. 9",福島,3福2,未勝利,障害未勝利,4,4,イルディヴィーノ,セ,5,坂口智康,57▲,9,2,１, ,芝2750,良,,(美),稲垣幸雄,3047,-0.1,1,1,1,13.4,482,+2,
,"2025.11. 9",福島,3福2,未勝利,障害未勝利,2,2,ローンウルフ,牡,4,大江原圭, 60 ,10,3,１, ,芝2750,良,,(美),武市康男,3033,-0.3,1,1,1,13.3,490,+14,
,"2025.11. 9",福島,3福2,1勝,１勝ｸﾗｽ・若,2,2,ドゥラリス,牝,3,斎藤新, 54 ,15,1,１, ,ダ1700,良,,(栗),吉岡辰弥,1457,-0.3,2,2,2,37.6,526,+4,
,"2025.11. 9",福島,3福2,未勝利,未勝利*,5,10,アンジュプロミス,牝,2,古川奈穂,52▲,16,2,１, ,芝1200,良,,(栗),矢作芳人,1094,-0.3,,2,2,35.3,452,-10,
,"2025.11. 9",福島,3福2,未勝利,未勝利*,2,3,グラティアム,牝,2,丹内祐次, 55 ,16,1,１, ,ダ1150,良,,(美),嘉藤貴行,1101,-0.2,,8,7,37.3,462,+8,
,"2025.11. 8",福島,3福1,1勝,１勝ｸﾗｽ,2,2,タイセイマンボ,牡,5,石川裕紀, 58 ,15,8,１, ,ダ1700,良,,(栗),高野友和,1459,-0.4,1,1,1,38.5,566,+16,
,"2025.11. 8",福島,3福1,3勝,キビタＨ･3勝,7,13,ソルトクィーン,牝,4,富田暁, 55 ,16,1,１, ,芝1200,良,,(栗),武英智,1083,-0.0,,4,4,34.8,448,-2,
,"2025.11. 8",福島,3福1,2勝,飯坂温泉･2勝,8,16,イツモニコニコ,牝,4,田中健, 56 ,16,9,１, ,芝1200,良,,(栗),浜田多実,1081,-0.1,,6,6,34.8,500,+6,B
,"2025.11. 8",福島,3福1,1勝,三春駒特･1勝,3,5,ジェットブレード,牡,3,菊沢一樹, 56 ,16,4,１, ,芝2000,良,,(美),青木孝文,1597,-0.0,4,4,5,35.3,488,+4,
,"2025.11. 8",福島,3福1,1勝,１勝ｸﾗｽ,5,10,ジャスパーソレイユ,牡,3,丸山元気, 57 ,16,2,１, ,ダ1150,良,,(栗),森秀行,1087,-0.0,,2,2,37.5,474,-2,
,"2025.11. 8",福島,3福1,1勝,１勝ｸﾗｽ,3,5,バシレイア,牝,3,武藤雅, 55 ,16,7,１, ,芝1200,良,,(美),西田雄一,1080,-0.0,,4,3,34.3,448,+2,
,"2025.11. 8",福島,3福1,1勝,１勝ｸﾗｽ・若,4,7,バセリーナ,牡,3,舟山瑠泉,53▲,16,13,１, ,芝1800,良,*,(美),松山将樹,1460,-0.3,8,6,6,35.0,464,+20,
,"2025.11. 8",福島,3福1,新馬,新馬,4,8,ディヴァインスカイ,牡,2,丸山元気, 56 ,16,3,１, ,芝1200,良,,(美),田島俊明,1092,-0.2,,2,2,35.3,480,,
,"2025.11. 8",福島,3福1,1勝,１勝ｸﾗｽ・牝,6,12,ハニーローリエ,牝,3,今村聖奈,53◇,16,1,１, ,ダ1150,良,,(美),小手川準,1085,-0.3,,1,1,37.2,478,+2,
,"2025.11. 8",福島,3福1,未勝利,未勝利*,8,15,アトモス,牡,2,角田大和, 56 ,15,2,１, ,ダ1700,良,,(栗),角田晃一,1465,-0.2,2,2,2,38.8,474,+10,
,"2025.11. 8",福島,3福1,未勝利,未勝利*,2,3,ハーディジェナー,牝,2,上里直汰,52▲,16,2,１, ,芝1800,良,,(美),西田雄一,1476,-0.2,6,8,5,35.6,428,0,
,"2025.11. 8",福島,3福1,未勝利,未勝利・牝*,5,8,オトシダマ,牝,2,伊藤工真, 55 ,14,4,１, ,ダ1700,良,,(美),金成貴史,1483,-0.1,5,4,4,39.1,482,+10,
,"2025. 7.20",福島,2福8,1勝,１勝ｸﾗｽ,6,10,ブルータス,牡,3,戸崎圭太, 55 ,15,1,１, ,ダ1700,良,,(美),高柳瑞樹,1454,-0.3,2,2,2,37.0,458,-8,
,"2025. 7.20",福島,2福8,ｵｰﾌﾟﾝ,福島テレ,7,10,シアージスト,牡,6,大野拓弥, 58 ,13,5,１, ,ダ1150,良,,(美),堀宣行,1073,-0.4,,2,2,36.0,554,-4,B
,"2025. 7.20",福島,2福8,2勝,猪苗代特･2勝,7,7,ユキワリザクラ,牝,4,戸崎圭太, 56 ,10,1,１, ,芝2000,良,,(美),田中剛,2037,-0.1,3,3,3,35.6,472,0,
,"2025. 7.20",福島,2福8,1勝,南相馬特･1勝,6,7,スターウェーブ,牡,3,三浦皇成, 55 ,11,3,１, ,芝1200,良,,(美),武井亮,1108,-0.0,,2,2,34.8,506,+14,
,"2025. 7.20",福島,2福8,未勝利,未勝利,8,14,ポタリング,セ,3,江田照男, 57 ,14,5,１, ,芝1800,良,,(美),武藤善則,1510,-0.3,8,3,2,35.9,426,-4,
,"2025. 7.20",福島,2福8,未勝利,未勝利,5,9,アイドル,牝,3,津村明秀, 55 ,15,1,１, ,ダ1150,良,,(美),上原佑紀,1098,-0.0,,4,5,37.5,488,0,B
,"2025. 7.20",福島,2福8,未勝利,未勝利・牝,6,10,ウインベアトリス,牝,3,石神深道,52▲,14,3,１, ,芝1800,良,,(美),深山雅史,1503,-0.2,1,1,1,35.9,450,+2,
,"2025. 7.20",福島,2福8,新馬,新馬,6,8,オブラプリーマ,牝,2,石橋脩, 55 ,13,7,１, ,芝2000,良,,(美),上原佑紀,2038,-0.6,9,7,4,35.8,406,,
,"2025. 7.20",福島,2福8,未勝利,未勝利*,8,8,ライフオブラクーン,牡,2,遠藤汰月,52▲,8,4,１, ,ダ1150,良,,(美),村田一誠,1091,-0.8,,2,2,37.1,442,-2,
,"2025. 7.20",福島,2福8,未勝利,未勝利*,1,1,クリエープキー,牝,2,木幡巧也, 55 ,6,2,１, ,芝1200,良,,(美),牧光二,1110,-0.3,,2,2,35.5,440,+6,
,"2025. 7.20",福島,2福8,未勝利,未勝利,2,3,スターエンブレム,牡,3,菅原明良, 57 ,15,3,１, ,ダ1700,良,,(美),林徹,1472,-0.0,4,4,4,38.6,468,-14,
,"2025. 7.20",福島,2福8,未勝利,障害未勝利,5,7,マイネルメサイア,牡,6,上野翔, 60 ,14,4,１, ,芝2770,良,,(美),水野貴広,3064,-0.1,2,3,3,13.5,492,+2,
,"2025. 7.19",福島,2福7,1勝,１勝ｸﾗｽ,8,10,グラスブランシュ,牝,4,大野拓弥, 56 ,11,3,１, ,ダ1150,良,,(美),松山将樹,1098,-0.0,,10,10,35.6,454,-12,
,"2025. 7.19",福島,2福7,3勝,阿武隈Ｈ･3勝,2,2,アンリーロード,牝,5,荻野極, 53 ,11,4,１, ,芝1800,良,,(栗),茶木太樹,1496,-0.1,6,5,5,35.5,482,0,
,"2025. 7.19",福島,2福7,2勝,米沢特別･2勝,2,3,ワークソング,牡,4,三浦皇成, 58 ,16,4,１, ,ダ1150,良,,(栗),牧浦充徳,1089,-0.1,,10,10,36.0,474,-8,B
,"2025. 7.19",福島,2福7,1勝,開成山特･1勝,5,5,フィーリウス,牡,3,木幡巧也, 55 ,8,1,１, ,芝2600,良,*,(美),手塚貴久,2457,-0.2,4,3,2,36.5,502,+12,
,"2025. 7.19",福島,2福7,未勝利,未勝利,5,10,エテルニータ,牡,3,荻野極, 57 ,16,14,１, ,芝2000,良,,(美),稲垣幸雄,2027,-0.3,13,14,12,35.6,494,,
,"2025. 7.19",福島,2福7,未勝利,未勝利,3,6,フォルトレス,牝,3,荻野極, 55 ,16,6,１, ,芝1200,良,,(美),国枝栄,1112,-0.2,,13,11,34.8,458,+18,
,"2025. 7.19",福島,2福7,1勝,１勝ｸﾗｽ・牝,6,9,オーケーマヒナ,牝,3,石川裕紀, 53 ,14,7,１, ,ダ1700,良,,(美),相沢郁,1455,-0.3,1,1,1,38.0,466,-6,
,"2025. 7.19",福島,2福7,新馬,新馬,3,5,ザーフィル,牡,2,戸崎圭太, 55 ,16,2,１, ,芝1800,良,,(美),林徹,1532,-0.1,4,4,4,36.8,540,,
,"2025. 7.19",福島,2福7,新馬,新馬,6,12,コックオーヴァン,牝,2,津村明秀, 55 ,16,2,１, ,芝1200,良,,(美),伊藤伸一,1123,-0.3,,7,5,36.1,452,,
,"2025. 7.19",福島,2福7,未勝利,未勝利*,5,5,アメテュストス,牡,2,大野拓弥, 55 ,10,2,１, ,芝1800,良,,(美),加藤士津,1512,-0.0,8,7,6,36.3,440,-6,
,"2025. 7.19",福島,2福7,未勝利,未勝利・牝,3,5,ヴァイオパイシーズ,牝,3,田辺裕信, 55 ,15,3,１, ,ダ1700,良,,(美),和田勇介,1471,-0.0,5,2,2,39.1,464,+12,
,"2025. 7.19",福島,2福7,ｵｰﾌﾟﾝ,障害・オープ,3,3,シホノスペランツァ,牡,6,高田潤, 60 ,8,1,１, ,芝3380,良,,(栗),寺島良,3490,-0.7,4,4,3,13.6,478,-4,
,"2025. 7.13",福島,2福6,2勝,彦星賞･2勝,8,9,エコロマーズ,牡,4,戸崎圭太, 58 ,9,3,１, ,芝1200,良,,(栗),牧浦充徳,1103,-0.0,,2,2,34.9,492,0,
,"2025. 7.13",福島,2福6,Ｇ３,七夕賞ＨG3,2,2,コスモフリーゲン,牡,5,柴田大知, 56 ,15,2,１, ,芝2000,良,,(美),畠山吉宏,2005,-0.0,1,1,1,36.0,502,0,
,"2025. 7.13",福島,2福6,3勝,天の川Ｓ･3勝,2,3,ノーブルゲイル,牡,4,木幡巧也, 58 ,15,12,１, ,ダ1700,良,,(美),中川公成,1458,-0.1,1,1,1,38.1,482,-4,
,"2025. 7.13",福島,2福6,1勝,織姫賞･1勝,3,3,ミラーダカリエンテ,牝,3,石川裕紀, 53 ,13,8,１, ,芝1800,良,,(美),相沢郁,1487,-0.0,1,1,1,36.1,476,-2,
,"2025. 7.13",福島,2福6,1勝,１勝ｸﾗｽ,2,2,フェデルミエール,牝,3,石田拓郎,50▲,15,1,１, ,ダ1150,良,,(美),中川公成,1089,-0.2,,2,2,37.3,486,0,
,"2025. 7.13",福島,2福6,1勝,１勝ｸﾗｽ,2,2,キープサインオン,牡,3,横山典弘, 55 ,15,3,１, ,芝1200,良,*,(美),加藤征弘,1105,-0.2,,4,3,34.6,470,-10,B
,"2025. 7.13",福島,2福6,未勝利,未勝利,6,10,タキノボリ,牡,3,戸崎圭太, 57 ,15,2,１, ,ダ1700,良,,(美),勢司和浩,1468,-0.2,5,5,4,37.4,458,-2,
,"2025. 7.13",福島,2福6,新馬,新馬,7,12,ルージュボヤージュ,牝,2,荻野極, 55 ,15,1,１, ,芝1800,良,,(美),国枝栄,1536,-0.7,2,2,1,35.7,468,,
,"2025. 7.13",福島,2福6,未勝利,未勝利,4,8,ルシェロアズーリ,牝,3,津村明秀, 55 ,16,2,１, ,芝1200,良,,(美),鈴木伸尋,1107,-0.2,,1,1,36.2,430,+2,
,"2025. 7.13",福島,2福6,未勝利,未勝利・牝,7,14,ワーキングデライト,牝,3,戸崎圭太, 55 ,16,2,１, ,芝2000,良,,(美),武藤善則,2034,-0.2,11,2,2,36.4,440,0,
,"2025. 7.13",福島,2福6,未勝利,未勝利,4,7,ベネスピラ,牡,3,三浦皇成, 57 ,15,6,１, ,ダ1700,良,,(美),鹿戸雄一,1463,-0.7,3,3,3,37.7,450,0,
,"2025. 7.13",福島,2福6,未勝利,未勝利*,7,7,フォトンゲイザー,牡,2,木幡巧也, 55 ,9,2,１, ,芝1200,良,,(美),牧光二,1117,-1.2,,2,2,36.8,420,-4,
,"2025. 7.12",福島,2福5,1勝,１勝ｸﾗｽ,6,11,プライベートアイズ,牡,3,荻野極, 55 ,15,8,１, ,ダ1700,良,,(美),萩原清,1462,-0.3,3,3,2,37.9,492,0,B
,"2025. 7.12",福島,2福5,ｵｰﾌﾟﾝ,安達太良,2,2,カルロヴェローチェ,セ,5,丸山元気, 57 ,14,6,１, ,芝1200,良,,(栗),須貝尚介,1095,-0.0,,2,3,34.7,504,-4,
,"2025. 7.12",福島,2福5,3勝,会津ＳＨ･3勝,8,8,レイピア,牡,3,戸崎圭太, 55 ,9,1,１, ,芝1200,良,,(栗),中竹和也,1106,-0.2,,5,3,34.0,502,0,
,"2025. 7.12",福島,2福5,2勝,信夫山特･2勝,4,4,ロードオールライト,牡,4,内田博幸, 58 ,12,6,１, ,芝2600,良,,(栗),中内田充,2432,-0.4,1,1,1,36.4,532,+8,B
,"2025. 7.12",福島,2福5,2勝,２勝ｸﾗｽ,8,15,スペイドアン,牡,4,田辺裕信, 58 ,15,1,１, ,ダ1700,良,*,(美),加藤士津,1461,-0.5,2,2,2,37.8,498,0,
,"2025. 7.12",福島,2福5,1勝,１勝ｸﾗｽ,8,15,リアンベーレ,牡,3,津村明秀, 55 ,15,3,１, ,芝2000,良,,(美),手塚貴久,2030,-0.9,13,8,5,36.0,500,+2,
,"2025. 7.12",福島,2福5,新馬,新馬,4,6,ショーリバース,牡,2,津村明秀, 55 ,14,7,１, ,ダ1150,良,,(美),鈴木伸尋,1100,-0.4,,1,1,38.0,490,,
,"2025. 7.12",福島,2福5,新馬,新馬,1,1,ミスバレンシア,牝,2,今村聖奈,53◇,11,2,１, ,芝1200,良,,(美),武井亮,1114,-0.1,,1,1,35.5,476,,
,"2025. 7.12",福島,2福5,未勝利,未勝利,4,7,ポッポノフェスタ,牡,3,西村太一, 57 ,16,4,１, ,芝2000,良,,(美),堀内岳志,2037,-0.0,4,4,2,36.2,450,-4,
,"2025. 7.12",福島,2福5,未勝利,未勝利,6,12,サンタアニタ,牝,3,戸崎圭太, 55 ,16,1,１, ,ダ1150,良,,(美),斎藤誠,1088,-0.1,,2,2,36.6,468,-2,
,"2025. 7.12",福島,2福5,未勝利,未勝利・牝,1,1,ミュークチェルシー,牝,3,吉田豊, 55 ,15,2,１, ,ダ1700,良,,(美),稲垣幸雄,1474,-0.4,2,2,2,39.2,462,0,
,"2025. 7.12",福島,2福5,未勝利,未勝利*,8,10,ブラックハヤテ,牡,2,石神深道,52▲,10,2,１, ,芝1800,良,,(美),蛯名利弘,1509,-0.1,6,5,5,36.3,436,-4,
,"2025. 7. 6",福島,2福4,1勝,１勝ｸﾗｽ,3,5,シュヴァルボヌール,牝,3,三浦皇成, 53 ,15,1,１, ,ダ1150,良,,(美),加藤征弘,1078,-0.2,,3,2,36.4,486,+6,
,"2025. 7. 6",福島,2福4,ｵｰﾌﾟﾝ,ジュライＨ,7,13,シゲルショウグン,牡,5,田辺裕信, 56 ,15,2,１, ,ダ1700,良,,(栗),大橋勇樹,1434,-0.8,1,1,1,37.3,518,+14,
,"2025. 7. 6",福島,2福4,2勝,白河特別･2勝,1,2,ニシノティアモ,牝,4,津村明秀, 56 ,16,1,１, ,芝1800,良,,(美),上原佑紀,1482,-0.2,3,5,5,35.4,438,-2,
,"2025. 7. 6",福島,2福4,2勝,さくらん･2勝,1,2,ビバップ,牡,4,石橋脩, 58 ,16,5,１, ,ダ1150,良,,(栗),清水久詞,1077,-0.7,,2,2,36.4,488,0,B
,"2025. 7. 6",福島,2福4,1勝,１勝ｸﾗｽ,8,14,コスモアンソロジー,牡,3,津村明秀, 55 ,14,2,１, ,芝1800,良,,(美),嘉藤貴行,1487,-0.3,6,5,2,36.0,446,+4,
,"2025. 7. 6",福島,2福4,未勝利,未勝利,7,14,ウアーシュプルング,牝,3,津村明秀, 55 ,16,1,１, ,芝2000,良,,(美),鹿戸雄一,2018,-0.4,3,2,1,36.8,452,-6,
,"2025. 7. 6",福島,2福4,未勝利,未勝利,3,6,エスシーレベッカ,牝,3,田辺裕信, 55 ,16,6,１, ,ダ1150,良,,(美),加藤士津,1086,-0.7,,1,1,37.1,454,+6,B
,"2025. 7. 6",福島,2福4,新馬,新馬,7,7,タイダルロック,牡,2,大野拓弥, 55 ,8,1,１, ,芝2000,良,,(美),武井亮,2081,-0.7,3,3,2,34.8,502,,
,"2025. 7. 6",福島,2福4,新馬,新馬,3,3,リネンタイリン,牡,2,柴田大知, 55 ,11,8,１, ,芝1200,良,,(美),南田美知,1116,-0.3,,2,2,35.6,456,,
,"2025. 7. 6",福島,2福4,未勝利,未勝利・牝,3,6,ニシノヒミチュ,牝,3,杉原誠人, 55 ,16,6,１, ,芝1200,良,,(美),伊藤大士,1098,-0.1,,2,1,35.9,438,+2,B
,"2025. 7. 6",福島,2福4,未勝利,未勝利,6,11,ルシャルムール,セ,3,菅原明良, 57 ,15,3,１, ,ダ1700,良,,(美),萩原清,1468,-0.2,10,9,9,37.1,460,-2,
,"2025. 7. 6",福島,2福4,未勝利,障害未勝利,4,6,ビーンスターク,牡,4,田村太雅, 60 ,14,8,１, ,芝2750,良,,(栗),森田直行,3035,-0.1,10,9,4,13.3,482,-8,
,"2025. 7. 5",福島,2福3,1勝,１勝ｸﾗｽ・牝,8,15,ボンヌソワレ,牝,3,津村明秀, 53 ,15,1,１, ,芝1200,良,,(美),宮田敬介,1094,-0.1,,5,4,35.1,444,+2,
,"2025. 7. 5",福島,2福3,3勝,ＴＵＦ杯･3勝,8,15,オーブルクール,牝,4,石橋脩, 56 ,16,3,１, ,ダ1150,良,,(美),矢野英一,1077,-0.3,,2,2,36.1,470,-4,
,"2025. 7. 5",福島,2福3,2勝,横手特別･2勝,1,1,プロミストジーン,牝,3,戸崎圭太, 53 ,15,1,１, ,ダ1700,良,,(美),上原佑紀,1455,-0.1,3,4,4,36.3,460,-2,
,"2025. 7. 5",福島,2福3,1勝,伊達特別･1勝,5,5,タッチアンドムーブ,牡,4,菅原明良, 58 ,10,5,１, ,芝2000,良,,(美),栗田徹,2015,-0.3,7,7,7,35.1,452,+4,
,"2025. 7. 5",福島,2福3,未勝利,未勝利,3,5,ペプロス,牝,3,石橋脩, 55 ,16,4,１, ,芝1800,良,,(美),矢野英一,1506,-0.3,1,1,1,35.8,466,0,
,"2025. 7. 5",福島,2福3,未勝利,未勝利,3,6,ノーブルオリンポス,セ,3,武藤雅, 57 ,16,3,１, ,芝1200,良,,(美),武藤善則,1095,-0.0,,1,1,34.9,434,+4,
,"2025. 7. 5",福島,2福3,1勝,１勝ｸﾗｽ,5,7,ピコシー,牡,3,菅原明良, 55 ,14,6,１, ,ダ1700,稍,,(美),奥村武,1455,-0.0,7,8,6,37.8,468,+6,
,"2025. 7. 5",福島,2福3,新馬,新馬・牝,5,5,アランカール,牝,2,北村友一, 55 ,7,1,１, ,芝1800,稍,,(栗),斉藤崇史,1520,-0.7,7,3,3,36.4,430,,
,"2025. 7. 5",福島,2福3,新馬,新馬,5,5,ヤマメライズ,牡,2,戸崎圭太, 55 ,9,2,１, ,芝1200,稍,,(美),田島俊明,1107,-0.3,,1,1,34.9,418,,
,"2025. 7. 5",福島,2福3,未勝利,未勝利*,3,3,ルージュカルデア,牝,2,横山典弘, 55 ,9,2,１, ,芝1800,稍,,(美),加藤征弘,1511,-0.3,7,5,4,36.2,454,-6,
,"2025. 7. 5",福島,2福3,未勝利,未勝利,7,12,カイトヴィント,牡,3,石神深道,54▲,15,7,１, ,ダ1700,稍,,(美),和田雄二,1473,-0.7,6,6,2,38.1,486,+4,B
,"2025. 7. 5",福島,2福3,ｵｰﾌﾟﾝ,障害・オープ,2,2,ジーククローネ,セ,5,草野太郎, 60 ,10,2,１, ,芝2750,稍,,(美),宮田敬介,3017,-0.2,7,6,6,13.2,446,-4,
,"2025. 6.29",福島,2福2,1勝,１勝ｸﾗｽ,3,4,アタリダイキチ,牡,3,遠藤汰月,52▲,14,1,１, ,芝1200,良,*,(美),西田雄一,1094,-0.0,,5,5,35.4,488,+2,
,"2025. 6.29",福島,2福2,Ｇ３,ラジオNIＨG3,1,1,エキサイトバイオ,牡,3,荻野極, 53 ,14,4,１, ,芝1800,良,,(栗),今野貞一,1469,-0.1,8,7,7,34.8,472,-6,
,"2025. 6.29",福島,2福2,3勝,鶴ヶ城Ｓ･3勝,7,13,ジャスパーロブスト,セ,4,丸山元気, 58 ,15,1,１, ,ダ1700,良,,(栗),森秀行,1445,-0.2,1,1,1,37.1,502,+2,
,"2025. 6.29",福島,2福2,2勝,郡山特別･2勝,1,1,マックアルイーン,牡,3,ルメール, 55 ,11,1,１, ,芝1200,良,,(美),木村哲也,1081,-0.1,,3,2,34.4,540,+10,
,"2025. 6.29",福島,2福2,1勝,１勝ｸﾗｽ,4,4,シャイニースイフト,牡,5,舟山瑠泉,55▲,9,7,１, ,芝1800,良,,(美),菊川正達,1483,-0.3,1,1,1,34.9,434,-8,
,"2025. 6.29",福島,2福2,1勝,１勝ｸﾗｽ,1,2,ルージュアズライト,牝,5,荻野極, 56 ,16,5,１, ,ダ1150,良,,(美),森一誠,1076,-0.6,,1,1,36.2,456,+4,
,"2025. 6.29",福島,2福2,新馬,新馬・牝,2,2,ハッピーエンジェル,牝,2,遠藤汰月,52▲,7,2,１, ,芝1200,良,,(美),武市康男,1102,-0.5,,3,3,34.8,418,,
,"2025. 6.29",福島,2福2,新馬,新馬,6,9,ロスパレドネス,牡,2,ルメール, 55 ,13,1,１, ,芝1800,良,,(美),木村哲也,1495,-0.3,6,6,6,35.6,496,,
,"2025. 6.29",福島,2福2,未勝利,未勝利,1,1,レイヤードレッド,牡,3,嶋田純次, 57 ,15,3,１, ,芝2000,良,,(美),手塚貴久,2022,-0.2,3,3,4,35.0,470,-6,
,"2025. 6.29",福島,2福2,未勝利,未勝利,6,11,ラストレガシー,牡,3,田辺裕信, 57 ,15,1,１, ,ダ1700,良,,(美),手塚貴久,1459,-0.7,3,1,2,36.8,484,-6,B
,"2025. 6.29",福島,2福2,未勝利,未勝利,1,2,ラーシャローム,牡,3,石川裕紀, 57 ,16,11,１, ,芝2600,良,,(美),奥村武,2406,-0.0,11,11,9,35.7,482,+2,B
,"2025. 6.29",福島,2福2,未勝利,未勝利・牝,5,8,エウテルペ,牝,3,戸崎圭太, 55 ,15,2,１, ,ダ1700,良,,(美),和田正一,1474,-0.1,2,2,2,38.3,456,-4,
,"2025. 6.28",福島,2福1,1勝,１勝ｸﾗｽ,6,11,オーケーバーディー,牝,4,横山琉人,55☆,15,5,１, ,ダ1700,良,,(美),相沢郁,1447,-1.1,2,1,1,37.2,458,+14,
,"2025. 6.28",福島,2福1,3勝,バーデン･3勝,1,1,アンゴラブラック,牝,4,戸崎圭太, 56 ,16,1,１, ,芝2000,良,,(美),尾関知人,1593,-0.0,5,4,3,35.9,460,-6,
,"2025. 6.28",福島,2福1,2勝,いわき特･2勝,8,13,ナルカミ,牡,3,戸崎圭太, 55 ,14,1,１, ,ダ1700,良,,(美),田中博康,1442,-0.8,1,1,1,36.8,496,0,
,"2025. 6.28",福島,2福1,2勝,松島特別･2勝,1,1,レミージュ,牝,5,石橋脩, 56 ,8,5,１, ,芝2000,良,,(栗),井上智史,2013,-0.0,6,5,3,34.6,438,-2,
,"2025. 6.28",福島,2福1,未勝利,未勝利,2,4,バシレイア,牝,3,武藤雅, 55 ,16,2,１, ,芝1200,良,,(美),西田雄一,1089,-0.1,,3,3,35.6,450,-10,
,"2025. 6.28",福島,2福1,1勝,１勝ｸﾗｽ,6,6,オストラヴァ,牡,3,津村明秀, 54 ,7,1,１, ,芝2600,良,,(美),林徹,2409,-0.1,3,3,2,34.3,470,-8,
,"2025. 6.28",福島,2福1,新馬,新馬,7,8,セイカミナミホリエ,牡,2,横山琉人,54☆,11,3,１, ,ダ1150,良,,(美),相沢郁,1104,-0.1,,1,1,38.1,468,,
,"2025. 6.28",福島,2福1,新馬,新馬,6,6,メーゼ,牝,2,菊沢一樹, 55 ,8,2,１, ,芝1200,良,,(美),菊沢隆徳,1097,-0.0,,3,3,35.0,444,,
,"2025. 6.28",福島,2福1,未勝利,未勝利・牝,1,2,サトノシャルレーヌ,牝,3,荻野極, 55 ,16,1,１, ,芝1800,良,*,(美),国枝栄,1482,-0.4,5,5,3,35.7,448,+6,
,"2025. 6.28",福島,2福1,未勝利,未勝利,7,12,ベルチュガダン,牝,3,丸山元気, 55 ,15,2,１, ,ダ1700,良,,(美),矢嶋大樹,1472,-0.1,1,1,1,40.4,462,+2,
,"2025. 6.28",福島,2福1,未勝利,未勝利,2,3,アドリアフレイバー,牝,3,田辺裕信, 55 ,16,2,１, ,ダ1150,良,,(美),久保田貴,1086,-1.0,,1,1,37.0,472,-6,
,"2025. 6.28",福島,2福1,未勝利,未勝利*,2,2,エンヴィーミー,牝,2,三浦皇成, 55 ,10,2,１, ,芝1200,良,,(栗),森秀行,1088,-0.4,,1,1,35.2,452,0,
,"2025. 4.27",福島,1福6,1勝,１勝ｸﾗｽ,6,7,グランファラオ,牡,5,秋山稔樹, 58 ,12,5,１, ,ダ1150,良,,(栗),高橋義忠,1088,-0.8,,2,1,36.8,516,+4,
,"2025. 4.27",福島,1福6,ｵｰﾌﾟﾝ,モルガナ,7,13,ジャスティンスカイ,牡,6,荻野極, 59 ,16,3,１, ,芝1200,良,,(栗),友道康夫,1085,-0.2,,4,4,34.0,538,+2,
,"2025. 4.27",福島,1福6,2勝,尾瀬特別･2勝,1,1,タガノアレハンドラ,牝,5,国分恭介, 56 ,15,6,１, ,ダ1700,良,,(栗),西園翔太,1466,-0.1,15,12,8,38.4,500,+2,
,"2025. 4.27",福島,1福6,1勝,燧ヶ岳特･1勝,8,11,ヴァイザーバルコ,セ,5,丸田恭介, 58 ,11,4,１, ,芝2600,良,,(美),水野貴広,2386,-0.0,9,5,4,35.2,470,+8,
,"2025. 4.27",福島,1福6,1勝,１勝ｸﾗｽ・牝,5,9,グランカンタンテ,牝,4,小沢大仁, 56 ,16,5,１, ,芝1800,良,,(美),鹿戸雄一,1477,-0.1,6,5,4,36.0,416,-4,
,"2025. 4.27",福島,1福6,1勝,１勝ｸﾗｽ・若,2,2,ライクアフラワー,牡,5,上里直汰,55▲,14,1,１, ,芝1200,良,,(美),松永康利,1090,-0.1,,5,5,34.3,504,0,
,"2025. 4.27",福島,1福6,1勝,１勝ｸﾗｽ,8,13,ナチュラルリバー,牡,5,荻野極, 58 ,14,4,１, ,ダ1700,良,,(栗),宮地貴稔,1464,-0.1,6,5,4,37.9,474,-2,
,"2025. 4.27",福島,1福6,未勝利,未勝利,5,8,ウインポセイドン,牡,3,国分恭介, 57 ,14,5,１, ,芝2000,良,,(栗),奥村豊,1598,-0.1,9,10,9,34.9,462,-14,B
,"2025. 4.27",福島,1福6,未勝利,未勝利,6,11,タマカヅラ,牝,3,丹内祐次, 55 ,16,1,１, ,芝1200,良,,(美),斎藤誠,1098,-0.0,,1,1,34.7,426,+2,
,"2025. 4.27",福島,1福6,未勝利,未勝利,4,7,ティアップドライブ,牡,3,丸田恭介, 57 ,15,1,１, ,ダ1700,良,,(美),奥平雅士,1488,-0.1,5,3,2,38.6,496,-2,
,"2025. 4.27",福島,1福6,未勝利,未勝利,3,6,ユーティジャーニー,牝,3,小林美駒,51★,16,1,１, ,芝1200,良,,(美),矢嶋大樹,1089,-0.3,,3,3,34.6,414,0,
,"2025. 4.27",福島,1福6,未勝利,未勝利・牝,8,15,フェデルミエール,牝,3,斎藤新, 55 ,16,2,１, ,ダ1150,良,,(美),中川公成,1088,-0.2,,1,1,36.8,486,0,
,"2025. 4.26",福島,1福5,1勝,１勝ｸﾗｽ,7,10,マッスルバック,牡,4,菊沢一樹, 58 ,13,3,１, ,ダ1700,良,,(美),水野貴広,1471,-0.4,3,4,4,37.9,470,-4,
,"2025. 4.26",福島,1福5,2勝,福島中Ｈ･2勝,4,7,トールキン,牡,5,古川吉洋, 56 ,16,9,１, ,芝1200,良,*,(栗),西園正都,1083,-0.1,,10,9,33.5,496,-2,
,"2025. 4.26",福島,1福5,1勝,飯盛山特･1勝,7,11,カリーニョ,牡,4,小沢大仁, 58 ,13,1,１, ,芝2000,良,,(栗),杉山晴紀,1593,-0.2,8,8,7,34.6,462,-4,
,"2025. 4.26",福島,1福5,1勝,雪うさぎ･1勝,6,12,ワース,牡,3,丹内祐次, 57 ,16,1,１, ,芝1200,良,,(美),上原佑紀,1087,-0.1,,3,3,34.2,494,-2,
,"2025. 4.26",福島,1福5,1勝,１勝ｸﾗｽ・牝,4,7,ニホンピロトッティ,牝,4,小沢大仁, 56 ,16,1,１, ,ダ1150,良,,(栗),緒方努,1092,-0.1,,1,1,37.3,406,+8,
,"2025. 4.26",福島,1福5,1勝,１勝ｸﾗｽ,3,5,マイネルラッシュ,牡,5,丹内祐次, 58 ,15,3,１, ,芝1200,良,,(美),水野貴広,1097,-0.0,,14,10,33.4,466,-2,
,"2025. 4.26",福島,1福5,未勝利,未勝利,5,9,マテンロウカナロア,牡,3,小沢大仁, 57 ,15,3,１, ,ダ1700,良,,(栗),野中賢二,1483,-0.3,2,2,1,39.5,478,-6,
,"2025. 4.26",福島,1福5,未勝利,未勝利・若,6,12,ウインリベラシオン,牡,3,小沢大仁, 57 ,16,3,１, ,芝1800,良,,(栗),緒方努,1475,-0.0,6,5,4,35.6,486,0,
,"2025. 4.26",福島,1福5,未勝利,未勝利,8,12,カウンターセブン,牡,3,丹内祐次, 57 ,12,1,１, ,芝1200,良,,(美),村田一誠,1087,-0.7,,1,1,35.0,486,-4,B
,"2025. 4.26",福島,1福5,未勝利,未勝利・牝,3,6,ティティナ,牝,3,小林美駒,51★,16,10,１, ,芝2000,良,,(美),和田正一,2016,-0.4,1,1,1,36.8,412,-10,
,"2025. 4.26",福島,1福5,未勝利,未勝利,8,15,スノーサイレンス,牝,3,小林美駒,51★,16,2,１, ,ダ1150,良,,(栗),小栗実,1092,-0.8,,2,2,37.3,454,+4,
,"2025. 4.26",福島,1福5,未勝利,未勝利・牝,7,12,キミオモウハナ,牝,3,斎藤新, 55 ,15,9,１, ,ダ1700,良,,(栗),杉山佳明,1478,-0.4,13,1,1,39.4,482,-2,B
,"2025. 4.20",福島,1福4,1勝,１勝ｸﾗｽ,8,15,トーレ,牡,4,斎藤新, 58 ,15,3,１, ,ダ1700,良,,(栗),高橋亮,1465,-0.8,1,1,1,37.6,482,-8,
,"2025. 4.20",福島,1福4,Ｇ３,福島牝馬G3,1,1,アドマイヤマツリ,牝,4,田辺裕信, 55 ,16,1,１, ,芝1800,良,,(美),宮田敬介,1462,-0.4,6,4,3,34.6,452,+2,
,"2025. 4.20",福島,1福4,2勝,奥の細道･2勝,8,15,キットハナガサク,牝,4,三浦皇成, 56 ,15,9,１, ,芝2600,良,,(美),武井亮,2417,-0.0,3,3,2,35.4,448,-6,
,"2025. 4.20",福島,1福4,1勝,医王寺特･1勝,3,4,ロードマイライフ,牡,4,小沢大仁, 58 ,15,2,１, ,芝1200,良,,(栗),杉山晴紀,1083,-0.1,,4,4,34.3,504,-2,B
,"2025. 4.20",福島,1福4,1勝,１勝ｸﾗｽ,7,12,パープルナイト,牡,5,遠藤汰月,55▲,15,6,１, ,ダ1700,良,,(美),堀内岳志,1470,-0.1,2,2,2,37.8,500,+10,
,"2025. 4.20",福島,1福4,1勝,１勝ｸﾗｽ,4,8,アラタマフェーヴル,牡,4,三浦皇成, 58 ,16,4,１, ,芝1800,良,,(栗),浜田多実,1468,-0.3,3,3,3,35.4,478,-6,
,"2025. 4.20",福島,1福4,未勝利,未勝利,8,15,ブルーカミング,牡,3,古川奈穂,54▲,15,1,１, ,ダ1700,良,,(栗),牧浦充徳,1486,-0.0,8,5,3,40.6,476,+8,
,"2025. 4.20",福島,1福4,未勝利,未勝利,2,4,ピジョンポイント,牡,3,角田大和, 57 ,16,5,１, ,芝2000,良,,(美),岩戸孝樹,2014,-0.6,1,1,1,35.2,492,+4,
,"2025. 4.20",福島,1福4,未勝利,未勝利・牝,4,7,ルールーリマ,牝,3,三浦皇成, 55 ,16,1,１, ,芝2000,良,,(美),大竹正博,2018,-0.2,10,11,9,34.4,414,-2,
,"2025. 4.20",福島,1福4,未勝利,未勝利,5,9,アンダースコア,牡,3,三浦皇成, 57 ,16,3,１, ,芝1200,良,,(栗),庄野靖志,1090,-0.1,,11,8,34.6,454,0,
,"2025. 4.20",福島,1福4,未勝利,未勝利・牝,1,1,タマモジャスミン,牝,3,小沢大仁, 55 ,15,2,１, ,ダ1700,良,,(栗),大橋勇樹,1480,-0.6,1,1,1,39.6,494,0,
,"2025. 4.20",福島,1福4,未勝利,未勝利,8,15,ファムエレガンテ,牝,3,永島まな,53◇,16,1,１, ,ダ1150,良,,(栗),中村直也,1088,-1.2,,4,2,37.2,460,-8,
,"2025. 4.19",福島,1福3,1勝,１勝ｸﾗｽ,2,4,エクセルゴールド,牡,4,菊沢一樹, 58 ,16,1,１, ,芝1200,良,,(美),武市康男,1085,-0.1,,6,5,34.0,478,-8,B
,"2025. 4.19",福島,1福3,2勝,ラジオＨ･2勝,6,10,クーアフュルスト,牡,4,丹内祐次, 56 ,15,1,１, ,ダ1700,良,,(美),大和田成,1466,-0.1,5,3,3,38.1,470,+2,
,"2025. 4.19",福島,1福3,1勝,桑折特別･1勝,1,1,ミスティア,牝,4,武藤雅, 56 ,16,3,１, ,芝2000,良,,(美),戸田博文,1596,-0.1,3,5,2,35.3,476,-6,
,"2025. 4.19",福島,1福3,1勝,ひめさゆ･1勝,3,3,デルアヴァー,牡,3,荻野極, 57 ,10,1,１, ,芝2000,良,,(栗),松永幹夫,1588,-0.3,9,9,7,34.1,476,-2,
,"2025. 4.19",福島,1福3,1勝,１勝ｸﾗｽ,2,3,アオカミ,セ,6,原田和真, 58 ,16,8,１, ,ダ1150,良,,(美),松山将樹,1094,-0.1,,9,8,36.6,472,-8,
,"2025. 4.19",福島,1福3,1勝,１勝ｸﾗｽ・牝,2,3,トゥピ,牝,5,丹内祐次, 56 ,15,12,１, ,ダ1700,良,,(美),田村康仁,1469,-0.3,15,6,3,38.0,480,+6,
,"2025. 4.19",福島,1福3,未勝利,未勝利,4,8,ダニエルバローズ,牡,3,泉谷楓真, 57 ,16,5,１, ,芝1200,良,,(栗),杉山晴紀,1091,-0.5,,1,1,35.0,528,+4,B
,"2025. 4.19",福島,1福3,未勝利,未勝利,4,7,レッドシュテルン,牡,3,中井裕二, 57 ,16,4,１, ,芝1800,良,,(栗),中内田充,1485,-0.0,1,1,1,35.4,496,-2,
,"2025. 4.19",福島,1福3,未勝利,未勝利・若,6,10,ルージュミラージュ,牝,3,今村聖奈,52▲,15,1,１, ,ダ1700,良,,(栗),武幸四郎,1473,-0.1,1,1,1,39.2,444,+4,
,"2025. 4.19",福島,1福3,未勝利,未勝利,8,16,ブリヤディアマンテ,牡,3,横山琉人,56☆,16,4,１, ,芝2600,良,,(美),小島茂之,2413,-0.1,9,7,7,35.6,474,0,
,"2025. 4.19",福島,1福3,未勝利,未勝利・牝,4,7,デボラ,牝,3,佐々木大, 55 ,16,1,１, ,芝1200,良,,(栗),西園正都,1089,-0.2,,2,2,34.6,462,0,
,"2025. 4.19",福島,1福3,未勝利,未勝利,7,14,タルトポワール,牝,3,丹内祐次, 55 ,16,1,１, ,ダ1150,良,,(美),清水英克,1094,-0.1,,4,4,37.2,438,0,
,"2025. 4.13",福島,1福2,1勝,１勝ｸﾗｽ,4,6,タカサンフェイス,牡,5,丸山元気, 58 ,15,6,１, ,ダ1700,良,,(栗),森田直行,1476,-0.2,9,7,8,38.2,470,-20,
,"2025. 4.13",福島,1福2,OP(L),福島民報(L),3,5,シリウスコルト,牡,4,古川吉洋, 57 ,15,3,１, ,芝2000,良,,(美),田中勝春,1598,-0.1,5,4,2,35.7,494,+2,
,"2025. 4.13",福島,1福2,3勝,やまびこ･3勝,5,9,シークレットヴァウ,牡,4,武藤雅, 58 ,16,4,１, ,ダ1150,良,,(美),武藤善則,1087,-0.1,,11,9,36.9,462,-4,
,"2025. 4.13",福島,1福2,2勝,花見山特･2勝,1,1,エイムインライフ,牝,5,高杉吏麒, 56 ,10,2,１, ,芝1200,良,,(栗),角田晃一,1082,-0.0,,2,2,35.6,480,+10,B
,"2025. 4.13",福島,1福2,1勝,１勝ｸﾗｽ,7,13,ニシノクラウン,セ,4,横山琉人,57☆,16,11,１, ,ダ1150,良,,(美),相沢郁,1091,-0.0,,3,3,36.9,468,-12,
,"2025. 4.13",福島,1福2,1勝,１勝ｸﾗｽ・若,7,13,バードウォッチャー,牡,4,小沢大仁, 58 ,16,3,１, ,芝2000,良,,(美),国枝栄,2011,-0.6,11,11,7,35.2,484,+2,
,"2025. 4.13",福島,1福2,1勝,１勝ｸﾗｽ・牝,3,6,ソルレース,牝,4,舟山瑠泉,53▲,16,1,１, ,芝1200,良,,(美),田中博康,1077,-0.8,,1,1,34.7,466,+2,
,"2025. 4.13",福島,1福2,未勝利,未勝利,7,13,マイネルフルムーン,牡,3,丹内祐次, 57 ,16,1,１, ,芝1800,良,,(栗),吉田直弘,1490,-0.1,5,5,3,35.4,452,-4,
,"2025. 4.13",福島,1福2,未勝利,未勝利,2,3,ブルータス,牡,3,丹内祐次, 57 ,15,1,１, ,ダ1700,良,,(美),高柳瑞樹,1488,-0.3,6,8,6,37.9,458,+8,
,"2025. 4.13",福島,1福2,未勝利,未勝利,2,3,オロスコピオ,牝,3,小沢大仁, 55 ,16,2,１, ,芝2600,良,,(美),青木孝文,2417,-0.3,3,4,4,36.8,422,-8,
,"2025. 4.13",福島,1福2,未勝利,未勝利,3,5,アタリダイキチ,牡,3,上里直汰,54▲,16,7,１, ,芝1200,良,,(美),西田雄一,1094,-0.3,,1,1,35.2,486,+6,
,"2025. 4.13",福島,1福2,未勝利,未勝利・牝,8,15,エルバステラ,牝,3,三浦皇成, 55 ,15,3,１, ,ダ1700,良,,(美),高柳瑞樹,1491,-0.0,2,2,2,38.9,488,+2,B
,"2025. 4.12",福島,1福1,1勝,１勝ｸﾗｽ,2,4,アイノセンシ,牡,5,佐々木大, 58 ,16,1,１, ,芝1200,良,,(美),牧光二,1084,-0.3,,1,1,34.3,510,+6,B
,"2025. 4.12",福島,1福1,ｵｰﾌﾟﾝ,吾妻小富Ｈ,2,3,ダンテバローズ,牡,5,丹内祐次, 56 ,15,3,１, ,ダ1700,良,,(栗),上村洋行,1447,-0.5,4,3,2,37.8,520,-10,B
,"2025. 4.12",福島,1福1,2勝,喜多方特･2勝,7,14,ブレーザー,牡,4,荻野極, 58 ,16,6,１, ,ダ1150,良,,(美),伊坂重信,1086,-0.0,,7,4,37.4,520,-2,
,"2025. 4.12",福島,1福1,1勝,浄土平特･1勝,1,1,バレルターン,牡,4,亀田温心, 58 ,15,1,１, ,芝1800,良,,(栗),茶木太樹,1469,-0.4,4,3,3,35.0,482,-4,
,"2025. 4.12",福島,1福1,1勝,１勝ｸﾗｽ,4,7,カエルム,牡,4,斎藤新, 58 ,16,2,１, ,芝2600,良,,(栗),安田翔伍,2396,-0.2,3,5,4,35.4,478,-2,
,"2025. 4.12",福島,1福1,1勝,１勝ｸﾗｽ・牝,2,2,ファイントパーズ,牝,4,小林美駒,52★,15,11,１, ,ダ1700,良,,(美),鈴木伸尋,1470,-0.4,1,1,1,39.2,474,-8,
,"2025. 4.12",福島,1福1,未勝利,未勝利・若,2,4,カランダッシュ,牝,3,佐々木大, 55 ,16,3,１, ,芝1200,良,,(栗),須貝尚介,1084,-0.1,,5,3,34.7,466,+6,
,"2025. 4.12",福島,1福1,未勝利,未勝利,4,8,ベラトール,牡,3,水沼元輝,54▲,16,16,１, ,芝2000,良,,(美),西田雄一,2012,-0.1,11,11,10,35.7,486,-4,
,"2025. 4.12",福島,1福1,未勝利,未勝利,4,6,ライヴドライバー,牡,3,丹内祐次, 57 ,15,2,１, ,ダ1150,良,,(美),尾形和幸,1090,-0.4,,1,1,36.9,508,0,B
,"2025. 4.12",福島,1福1,未勝利,未勝利・牝,5,10,ウインシャーガス,牝,3,佐々木大, 55 ,16,1,１, ,芝1800,良,,(栗),杉山晴紀,1479,-0.1,3,3,3,35.8,468,-4,
,"2025. 4.12",福島,1福1,未勝利,未勝利,1,2,ハリウッドメモリー,牝,3,丹内祐次, 55 ,16,1,１, ,芝1200,良,,(栗),長谷川浩,1093,-0.0,,4,2,35.0,454,+2,
,"2025. 4.12",福島,1福1,未勝利,未勝利,6,11,スズノソレイユ,牡,3,藤懸貴志, 57 ,15,2,１, ,ダ1700,良,,(栗),平田修,1483,-0.1,1,1,1,38.6,486,+2,
,2024.11.17,福島,3福6,1勝,１勝ｸﾗｽ,8,15,マサノカナリア,牝,3,高杉吏麒,53△,16,3,１, ,芝1200,良,,(栗),藤野健太,1098,-0.1,,14,13,33.5,474,-6,
,2024.11.17,福島,3福6,OP(L),福島民友(L),2,2,テーオードレフォン,牡,5,丸山元気, 58 ,15,1,１, ,ダ1700,良,,(栗),梅田智之,1446,-0.6,4,5,4,36.6,492,-4,
,2024.11.17,福島,3福6,2勝,五色沼特･2勝,1,2,ラファドゥラ,牝,4,長岡禎仁, 56 ,16,1,１, ,芝1800,良,,(美),小島茂之,1493,-0.1,3,5,6,34.8,478,-6,
,2024.11.17,福島,3福6,1勝,磐梯山特･1勝,6,10,スピーディブレイク,牡,4,丹内祐次, 58 ,15,1,１, ,芝2600,良,,(美),村田一誠,2420,-0.1,9,7,6,36.1,446,0,B
,2024.11.17,福島,3福6,1勝,１勝ｸﾗｽ・牝,3,6,パレハ,牝,3,鮫島克駿, 54 ,16,1,１, ,芝2000,良,,(栗),新谷功一,2012,-0.0,9,9,8,34.8,432,-12,
,2024.11.17,福島,3福6,1勝,１勝ｸﾗｽ・牝,4,8,ティンク,牝,3,荻野極, 54 ,16,3,１, ,芝2000,良,,(美),久保田貴,2012,-0.0,3,3,2,35.2,496,+6,
,2024.11.17,福島,3福6,1勝,１勝ｸﾗｽ・若,5,9,ブライトルピナス,牝,3,西塚洸二,54☆,16,1,１, ,ダ1150,良,,(栗),鮫島一歩,1089,-0.4,,2,2,37.1,468,-2,
,2024.11.17,福島,3福6,未勝利,未勝利*,7,14,ルクスレゼルヴァ,セ,2,鮫島克駿, 56 ,16,3,１, ,芝1200,良,,(栗),村山明,1099,-0.0,,9,8,34.8,506,+2,
,2024.11.17,福島,3福6,新馬,新馬,8,13,ウインファヴォリ,牡,2,ドイル, 56 ,14,1,１, ,芝1800,良,,(美),栗田徹,1505,-0.2,3,2,1,36.6,478,,
,2024.11.17,福島,3福6,未勝利,障害未勝利,7,12,パープルアドミラル,牡,4,上野翔, 60 ,14,7,１, ,芝2770,良,,(美),堀内岳志,3032,-0.0,3,2,1,13.2,444,-2,
,2024.11.17,福島,3福6,1勝,１勝ｸﾗｽ,7,13,ポワンキュルミナン,牡,4,小沢大仁,57☆,15,3,１, ,ダ1700,良,,(栗),岡田稲男,1465,-0.1,11,6,4,38.3,426,+2,
,2024.11.17,福島,3福6,1勝,１勝ｸﾗｽ・牝,4,7,スマートプレシャス,牝,3,田中健, 54 ,15,1,１, ,ダ1700,良,,(栗),中村直也,1465,-0.2,1,1,1,38.6,502,-2,
,2024.11.17,福島,3福6,未勝利,未勝利*,3,5,ディーエスショウマ,牡,2,鮫島克駿, 56 ,16,2,１, ,ダ1150,良,,(栗),橋口慎介,1096,-0.4,,1,1,38.0,460,+2,
,2024.11.16,福島,3福5,1勝,１勝ｸﾗｽ,2,3,モズマーヴェリック,牡,3,国分恭介, 56 ,16,3,１, ,芝2000,良,,(栗),牧浦充徳,2005,-0.4,12,9,6,35.2,476,-8,
,2024.11.16,福島,3福5,3勝,キビタＨ･3勝,1,1,レッドアヴァンティ,牡,5,吉田隼人, 57 ,16,5,１, ,芝1200,良,,(美),尾関知人,1090,-0.0,,7,6,34.8,490,+10,
,2024.11.16,福島,3福5,2勝,西郷特別･2勝,4,8,グッジョブ,牡,4,国分恭介, 58 ,16,3,１, ,ダ1150,良,,(栗),牧浦充徳,1083,-0.2,,13,13,35.7,442,+4,
,2024.11.16,福島,3福5,1勝,高湯温泉･1勝,5,9,アイキャンドウイッ,牡,5,丹内祐次, 58 ,16,3,１, ,芝1800,良,,(栗),池江泰寿,1490,-0.0,2,2,2,34.7,462,-2,
,2024.11.16,福島,3福5,1勝,１勝ｸﾗｽ,6,12,ファイツオン,牡,3,高杉吏麒,55△,16,1,１, ,芝1200,良,,(栗),藤岡健一,1096,-0.3,,1,1,35.0,506,-2,B
,2024.11.16,福島,3福5,未勝利,未勝利*,7,14,エーオーキング,牡,2,吉田隼人, 56 ,16,10,１, ,芝1800,良,,(美),久保田貴,1500,-0.2,8,8,6,35.4,440,+2,
,2024.11.16,福島,3福5,1勝,１勝ｸﾗｽ・若,3,5,スマートハンター,牡,4,小沢大仁,57☆,15,10,１, ,ダ1700,良,,(栗),中村直也,1458,-0.3,3,3,3,38.8,502,-4,B
,2024.11.16,福島,3福5,ｵｰﾌﾟﾝ,障害・オープ,8,11,アランデル,セ,6,上野翔, 61 ,11,1,１, ,芝3380,良,,(美),大竹正博,3454,-0.8,2,1,1,13.3,536,-6,
,2024.11.16,福島,3福5,未勝利,障害未勝利,7,12,マイネルエール,セ,5,大江原圭, 60 ,14,2,１, ,芝2770,良,,(美),蛯名利弘,3021,-0.7,1,1,1,13.1,466,+2,
,2024.11.16,福島,3福5,未勝利,未勝利*,4,7,ベリタバグス,牡,2,黛弘人, 56 ,15,1,１, ,ダ1700,良,,(美),森一誠,1460,-0.1,2,2,2,37.1,476,-4,
,2024.11.16,福島,3福5,未勝利,未勝利・牝*,1,1,マタミカンサン,牝,2,高杉吏麒,53△,15,1,１, ,ダ1700,良,,(美),加藤士津,1486,-0.1,4,5,4,38.3,466,+12,
,2024.11.16,福島,3福5,1勝,１勝ｸﾗｽ,1,2,ハクサンアイ,牝,4,斎藤新, 56 ,16,2,１, ,ダ1150,良,,(美),加藤士津,1088,-0.2,,8,7,36.6,480,+2,B
,2024.11.10,福島,3福4,1勝,１勝ｸﾗｽ,4,8,シークレットヴァウ,牡,3,武藤雅, 57 ,16,1,１, ,ダ1150,良,,(美),武藤善則,1081,-0.2,,1,1,36.4,452,-10,
,2024.11.10,福島,3福4,Ｇ３,福島記念ＨG3,3,6,アラタ,牡,7,大野拓弥,57.5,16,7,１, ,芝2000,良,,(美),和田勇介,2007,-0.2,15,14,10,36.3,474,+4,
,2024.11.10,福島,3福4,2勝,福島放送･2勝,5,9,スズノテレサ,牝,5,柴田大知, 56 ,15,15,１, ,ダ1700,良,,(美),深山雅史,1459,-0.2,14,15,10,37.9,442,+2,
,2024.11.10,福島,3福4,ｵｰﾌﾟﾝ,福島２歳,2,4,ポッドベイダー,牡,2,荻野極, 56 ,16,4,１, ,芝1200,良,,(美),上原佑紀,1107,-0.1,,5,4,35.9,474,+12,
,2024.11.10,福島,3福4,1勝,１勝ｸﾗｽ,3,5,レッセパッセ,牝,3,丹内祐次, 54 ,16,2,１, ,芝1800,良,,(栗),西園翔太,1487,-0.1,4,3,3,36.3,386,-4,
,2024.11.10,福島,3福4,1勝,１勝ｸﾗｽ,3,5,ヤブサメ,牡,3,幸英明, 57 ,16,3,１, ,芝1200,良,,(栗),石橋守,1101,-0.2,,7,6,35.2,476,-4,
,2024.11.10,福島,3福4,新馬,新馬,8,14,ヒットミー,牝,2,柴田善臣, 55 ,15,1,１, ,ダ1700,良,,(美),鹿戸雄一,1476,-0.9,1,1,1,38.5,474,,
,2024.11.10,福島,3福4,未勝利,障害未勝利,2,2,ゴールドブリーズ,牡,6,石神深一, 60 ,6,1,１, ,芝2750,良,,(美),深山雅史,3038,-0.0,3,2,2,13.4,516,+2,
,2024.11.10,福島,3福4,未勝利,障害未勝利,5,5,キタノブレイド,牡,5,伴啓太, 60 ,9,2,１, ,芝2750,良,,(美),萱野浩二,3100,-0.2,1,1,1,13.8,472,+10,
,2024.11.10,福島,3福4,1勝,１勝ｸﾗｽ,5,9,クラウンシエンタ,牡,3,三浦皇成, 56 ,15,1,１, ,ダ1700,良,,(美),水野貴広,1457,-0.5,8,7,4,38.0,492,+2,
,2024.11.10,福島,3福4,未勝利,未勝利*,1,1,ジェットブレード,牡,2,丹内祐次, 56 ,16,2,１, ,芝2000,良,,(美),青木孝文,2034,-0.1,1,1,1,37.4,478,+6,
,2024.11.10,福島,3福4,1勝,１勝ｸﾗｽ・牝,4,6,アルムエアフォルク,牝,4,永島まな,54◇,15,4,１, ,ダ1700,良,,(栗),平田修,1464,-0.3,14,10,6,38.0,478,+6,
,"2024.11. 9",福島,3福3,1勝,１勝ｸﾗｽ・牝,3,5,レオテミス,牝,3,石田拓郎,52▲,16,2,１, ,芝1200,良,,(栗),高柳大輔,1098,-1.2,,1,1,35.4,486,0,B
,"2024.11. 9",福島,3福3,3勝,奥羽Ｓ･3勝,8,15,アイファーテイオー,牡,4,内田博幸, 58 ,15,4,１, ,ダ1700,良,,(栗),鮫島一歩,1455,-0.0,12,9,9,36.9,466,0,
,"2024.11. 9",福島,3福3,2勝,飯坂温泉･2勝,1,2,ニシノコウダイ,牡,4,西塚洸二, 58 ,16,7,１, ,芝1200,良,,(栗),長谷川浩,1099,-0.2,,10,10,35.2,490,+4,
,"2024.11. 9",福島,3福3,1勝,二本松特･1勝,8,12,エコロレイズ,牡,3,菊沢一樹, 56 ,13,2,１, ,芝2000,良,,(美),岩戸孝樹,2019,-0.2,10,6,7,35.3,504,-4,
,"2024.11. 9",福島,3福3,1勝,１勝ｸﾗｽ,5,9,ハイラント,牡,3,丹内祐次, 56 ,15,1,１, ,芝2600,良,,(美),伊藤大士,2426,-0.2,8,2,1,36.8,444,+8,
,"2024.11. 9",福島,3福3,1勝,１勝ｸﾗｽ,8,15,シャカシャカシー,牡,3,高杉吏麒,55△,16,1,１, ,ダ1150,良,,(栗),茶木太樹,1083,-0.8,,2,2,36.6,520,+12,
,"2024.11. 9",福島,3福3,1勝,１勝ｸﾗｽ・若,2,3,ジオパーククラウン,牡,4,横山琉人,57☆,16,8,１, ,芝1200,良,,(栗),長谷川浩,1098,-0.1,,6,5,35.1,446,0,
,"2024.11. 9",福島,3福3,新馬,新馬,7,14,ピリカサンライズ,牝,2,高杉吏麒,53△,16,7,１, ,芝2000,良,,(栗),牧浦充徳,2047,-0.0,7,6,4,35.9,434,,
,"2024.11. 9",福島,3福3,1勝,１勝ｸﾗｽ,8,11,ユアフラッシュ,牝,4,川端海翼,53▲,11,2,１, ,ダ2400,良,,(栗),辻野泰之,2322,-1.7,2,2,1,38.6,462,+2,
,"2024.11. 9",福島,3福3,未勝利,未勝利*,4,7,タマモブラウンタイ,牡,2,角田大和, 56 ,16,1,１, ,芝1200,良,,(栗),角田晃一,1102,-0.3,,1,1,35.6,476,+2,
,"2024.11. 9",福島,3福3,未勝利,未勝利*,3,3,アメージング,牡,2,永島まな,54◇,14,1,１, ,ダ1700,良,,(美),中舘英二,1470,-0.5,1,1,1,38.9,478,+8,
,"2024.11. 9",福島,3福3,未勝利,未勝利*,4,4,ゼンダンタカ,牝,2,角田大和, 55 ,13,2,１, ,ダ1150,良,,(栗),角田晃一,1093,-0.1,,1,1,37.7,438,+8,
,"2024.11. 3",福島,3福2,1勝,１勝ｸﾗｽ,1,1,アメリカンマーチ,牡,3,丹内祐次, 57 ,11,1,１, ,ダ1150,重,,(栗),池江泰寿,1074,-0.5,,1,1,35.5,488,+4,
,"2024.11. 3",福島,3福2,ｵｰﾌﾟﾝ,みちのく,3,6,エターナルタイム,牝,5,杉原誠人, 55 ,16,2,１, ,芝1200,稍,,(美),中川公成,1107,-0.1,,2,2,35.4,480,-8,
,"2024.11. 3",福島,3福2,2勝,河北新報･2勝,3,4,クロースコンバット,牡,5,丹内祐次, 58 ,15,3,１, ,ダ1700,重,,(美),青木孝文,1432,-1.2,3,2,2,37.5,490,0,B
,"2024.11. 3",福島,3福2,1勝,土湯温泉･1勝,1,1,ミッキーツインクル,牝,4,中井裕二, 56 ,16,2,１, ,芝1800,稍,,(栗),中内田充,1500,-0.1,12,11,8,36.0,486,+26,
,"2024.11. 3",福島,3福2,1勝,１勝ｸﾗｽ,2,4,ディージェーサン,牝,5,松岡正海, 56 ,16,13,１, ,芝1200,稍,,(美),堀内岳志,1108,-0.2,,4,3,36.1,442,0,
,"2024.11. 3",福島,3福2,1勝,１勝ｸﾗｽ,5,8,ルージュクライト,牝,3,今村聖奈,51▲,14,10,１, ,芝2600,稍,,(栗),寺島良,2441,-0.4,8,8,5,35.9,442,+14,
,"2024.11. 3",福島,3福2,新馬,新馬,4,6,シーソーゲーム,牡,2,菊沢一樹, 56 ,15,6,１, ,ダ1700,重,,(美),小笠倫弘,1475,-0.2,2,2,2,38.9,460,,
,"2024.11. 3",福島,3福2,未勝利,障害未勝利,7,7,タイセイモンストル,牡,7,五十嵐雄, 60 ,7,6,１, ,芝2750,重,,(美),新開幸一,3047,-0.0,6,5,3,13.4,488,0,B
,"2024.11. 3",福島,3福2,未勝利,障害未勝利,1,1,トーアモルペウス,セ,4,石神深一, 60 ,8,1,１, ,芝2750,重,,(美),辻哲英,3038,-0.3,1,1,1,13.4,488,-4,B
,"2024.11. 3",福島,3福2,1勝,１勝ｸﾗｽ・若,6,10,ツインビスケッツ,牝,4,石田拓郎,53▲,15,12,１, ,ダ1700,重,,(美),新開幸一,1449,-0.2,13,12,11,37.1,454,-8,
,"2024.11. 3",福島,3福2,未勝利,未勝利*,8,14,ヒラボクカレラ,牡,2,岩田康誠, 56 ,15,3,１, ,芝1200,重,,(栗),奥村豊,1114,-0.4,,8,7,35.9,478,+2,
,"2024.11. 3",福島,3福2,未勝利,未勝利*,8,15,ゴメンネジロー,牡,2,西塚洸二,55☆,16,2,１, ,ダ1150,不,,(栗),谷潔,1080,-0.0,,5,4,36.2,472,+18,
,"2024.11. 2",福島,3福1,1勝,１勝ｸﾗｽ,2,3,ソノママソノママ,牝,4,泉谷楓真,55☆,16,1,１, ,芝1200,重,,(栗),奥村豊,1129,-0.4,,8,7,37.4,444,0,
,"2024.11. 2",福島,3福1,3勝,フルーツ･3勝,1,2,エランティス,牝,4,丸山元気, 56 ,16,1,１, ,ダ1150,不,,(栗),杉山晴紀,1069,-0.9,,1,1,36.0,488,+8,
,"2024.11. 2",福島,3福1,2勝,三陸特Ｈ･2勝,3,6,ヴェルミセル,牝,4,斎藤新, 53 ,16,5,１, ,芝2600,重,,(栗),吉村圭司,2460,-0.7,9,5,2,37.5,472,+10,
,"2024.11. 2",福島,3福1,1勝,三春駒特･1勝,5,7,ディマイザキッド,牡,3,柴田善臣, 56 ,14,1,１, ,芝2000,重,*,(美),清水英克,2031,-0.5,11,11,5,36.8,454,+2,
,"2024.11. 2",福島,3福1,1勝,１勝ｸﾗｽ,6,7,ヘヴンリーハンド,セ,3,黛弘人, 56 ,11,4,１, ,ダ1700,重,,(美),武井亮,1450,-0.1,2,2,2,37.4,512,+12,
,"2024.11. 2",福島,3福1,1勝,１勝ｸﾗｽ・若,2,3,ソルトブリーズ,牡,3,横山琉人,55☆,15,5,１, ,芝1800,稍,,(美),田中剛,1490,-0.5,4,5,2,35.6,454,0,
,"2024.11. 2",福島,3福1,1勝,１勝ｸﾗｽ,8,12,ヴォランテ,牡,4,古川奈穂,54★,12,7,１, ,ダ2400,稍,,(栗),羽月友彦,2327,-0.2,7,6,5,37.5,454,-2,
,"2024.11. 2",福島,3福1,新馬,新馬,4,8,クロユキ,牝,2,高杉吏麒,53△,16,1,１, ,芝1200,稍,,(栗),松永幹夫,1109,-0.4,,2,5,35.5,432,,
,"2024.11. 2",福島,3福1,1勝,１勝ｸﾗｽ・牝,6,12,フォルクスリート,牝,3,石橋脩, 55 ,16,1,１, ,ダ1150,稍,,(美),矢野英一,1084,-0.2,,12,11,35.8,488,0,
,"2024.11. 2",福島,3福1,未勝利,未勝利*,2,4,サノノロンドン,牝,2,小林美駒,51★,16,10,１, ,芝1800,稍,,(美),尾形和幸,1494,-0.2,1,1,1,36.7,434,+4,
,"2024.11. 2",福島,3福1,未勝利,未勝利・牝*,6,11,エコロハート,牝,2,亀田温心, 55 ,16,6,１, ,芝1200,稍,,(栗),須貝尚介,1105,-0.1,,6,6,35.8,420,-2,
,"2024.11. 2",福島,3福1,未勝利,未勝利*,5,8,レッドベルダンス,牡,2,嶋田純次, 56 ,15,4,１, ,ダ1700,稍,,(美),手塚貴久,1473,-0.1,6,7,7,37.4,464,+2,
,"2024. 7.21",福島,2福8,1勝,１勝ｸﾗｽ,8,12,オリエンタルナイト,牡,3,戸崎圭太, 55 ,12,2,１, ,芝2600,良,,(栗),寺島良,2411,-0.1,5,3,2,36.0,518,0,
,"2024. 7.21",福島,2福8,OP(L),ジュライ(L),7,12,メイショウテンスイ,牡,7,吉田豊, 58 ,15,6,１, ,ダ1700,良,,(栗),河内洋,1443,-0.3,1,1,1,37.7,528,-2,
,"2024. 7.21",福島,2福8,2勝,米沢特別･2勝,8,15,ミユキアイラブユー,セ,5,菅原明良, 58 ,16,3,１, ,ダ1150,良,,(美),小島茂之,1078,-0.3,,5,5,36.4,572,+12,
,"2024. 7.21",福島,2福8,1勝,伊達特別･1勝,5,7,ネビュルーズ,牡,4,菅原明良, 58 ,13,4,１, ,芝2000,良,,(美),鹿戸雄一,2006,-0.1,8,9,8,35.1,486,+4,
,"2024. 7.21",福島,2福8,1勝,１勝ｸﾗｽ,6,12,ヴェサリウス,牡,3,三浦皇成, 55 ,16,1,１, ,ダ1150,良,,(美),菊沢隆徳,1081,-0.6,,1,1,36.5,474,-2,
,"2024. 7.21",福島,2福8,未勝利,未勝利,2,4,リアルセンター,牝,3,横山琉人,54☆,16,6,１, ,芝2000,良,*,(美),千葉直人,2013,-0.1,1,1,1,36.5,494,0,
,"2024. 7.21",福島,2福8,新馬,新馬・牝,8,11,アブキールベイ,牝,2,石川裕紀, 55 ,12,2,１, ,芝1200,良,,(栗),坂口智康,1110,-0.1,,5,4,35.0,412,,
,"2024. 7.21",福島,2福8,新馬,新馬,5,7,ブラックルビー,牝,2,戸崎圭太, 55 ,13,1,１, ,芝1800,良,,(美),田中博康,1508,-0.4,3,3,1,36.5,416,,
,"2024. 7.21",福島,2福8,未勝利,未勝利,3,6,ゴーゴーケイコ,牝,3,横山琉人,54☆,16,6,１, ,ダ1150,良,,(美),中舘英二,1090,-0.0,,2,2,37.3,462,+2,
,"2024. 7.21",福島,2福8,未勝利,未勝利*,5,7,カガバベル,牡,2,石川裕紀, 55 ,13,6,１, ,芝1200,良,*,(美),萱野浩二,1102,-0.1,,6,5,35.2,508,-4,
,"2024. 7.21",福島,2福8,未勝利,未勝利,5,8,トクシージェネラル,牡,3,内田博幸, 57 ,15,1,１, ,ダ1700,良,,(美),辻哲英,1471,-0.4,2,2,2,37.0,516,0,
,"2024. 7.21",福島,2福8,未勝利,障害未勝利,8,14,ジロー,牡,7,小牧加矢, 60 ,14,2,１, ,芝2770,良,,(栗),岡田稲男,3018,-1.3,1,1,1,13.1,478,-6,
,"2024. 7.20",福島,2福7,1勝,１勝ｸﾗｽ,1,1,イサチルカゼニタツ,牡,3,内田博幸, 55 ,15,3,１, ,ダ1700,良,,(美),辻哲英,1463,-0.1,2,2,2,37.4,486,+6,
,"2024. 7.20",福島,2福7,3勝,ＴＵＦＨ･3勝,1,1,エスカル,牡,3,松若風馬, 54 ,16,1,１, ,ダ1150,良,,(栗),森秀行,1073,-0.6,,1,1,36.2,478,-2,
,"2024. 7.20",福島,2福7,2勝,白河特別･2勝,6,12,レガーロデルシエロ,牡,3,戸崎圭太, 55 ,16,1,１, ,芝1800,良,,(美),栗田徹,1480,-0.0,9,8,6,34.8,510,0,
,"2024. 7.20",福島,2福7,1勝,南相馬特･1勝,2,2,クオレス,牝,3,木幡巧也, 53 ,14,1,１, ,芝1200,良,,(美),牧光二,1087,-0.2,,1,1,34.5,476,0,
,"2024. 7.20",福島,2福7,1勝,１勝ｸﾗｽ・牝,5,9,ノーブルマルシェ,牝,4,木幡巧也, 56 ,15,10,１, ,ダ1700,良,,(美),久保田貴,1465,-0.3,4,4,3,39.1,458,-2,
,"2024. 7.20",福島,2福7,未勝利,未勝利,1,1,ムチャスグラシアス,牝,3,石橋脩, 55 ,16,5,１, ,芝1200,良,,(美),菊川正達,1101,-0.3,,1,1,34.9,434,-4,
,"2024. 7.20",福島,2福7,新馬,新馬,7,10,ミーントゥビー,牝,2,松岡正海, 55 ,13,1,１, ,芝1200,良,,(美),堀内岳志,1106,-0.0,,6,6,35.1,434,,
,"2024. 7.20",福島,2福7,新馬,新馬,7,7,ピコチャンブラック,牡,2,石橋脩, 55 ,10,1,１, ,芝2000,良,,(美),上原佑紀,2036,-1.1,1,1,1,35.0,472,,
,"2024. 7.20",福島,2福7,未勝利,未勝利,8,15,レッドライトニング,牡,3,吉田豊, 57 ,15,9,１, ,ダ1700,良,,(美),鹿戸雄一,1464,-0.5,13,9,5,38.1,460,-4,
,"2024. 7.20",福島,2福7,未勝利,未勝利・牝,3,6,ドルフィンスルー,牝,3,戸崎圭太, 55 ,16,2,１, ,芝2000,良,,(美),木村哲也,2018,-0.1,4,4,4,35.1,434,-14,
,"2024. 7.20",福島,2福7,未勝利,未勝利*,1,2,ソルエパトリオット,牡,2,横山琉人,54☆,16,8,１, ,芝1800,良,,(美),尾形和幸,1500,-0.0,1,1,1,36.4,392,-2,
,"2024. 7.20",福島,2福7,未勝利,未勝利*,8,12,アイビーヒメチャン,牝,2,木幡巧也, 55 ,13,1,１, ,ダ1150,良,,(美),牧光二,1094,-0.1,,2,2,37.5,456,0,
,"2024. 7.14",福島,2福6,1勝,１勝ｸﾗｽ,3,5,ロジアデレード,牡,3,内田博幸, 55 ,15,1,１, ,ダ1700,稍,,(美),稲垣幸雄,1465,-0.3,1,1,1,37.6,490,0,
,"2024. 7.14",福島,2福6,ｵｰﾌﾟﾝ,福島テレ,2,3,カリボール,牡,8,杉原誠人, 57 ,16,9,１, ,芝1200,良,,(栗),西村真幸,1088,-0.1,,4,2,34.0,486,-8,B
,"2024. 7.14",福島,2福6,3勝,阿武隈Ｈ･3勝,1,1,ウインシュクラン,セ,6,丸山元気, 56 ,14,4,１, ,芝2000,良,,(美),鹿戸雄一,2006,-0.1,1,1,1,35.7,462,0,
,"2024. 7.14",福島,2福6,2勝,横手特別･2勝,8,11,フェザーモチーフ,セ,4,木幡巧也, 58 ,12,1,１, ,ダ1700,稍,,(美),武井亮,1463,-0.4,4,4,3,36.9,450,-2,
,"2024. 7.14",福島,2福6,1勝,１勝ｸﾗｽ,5,9,ロードレイナード,牡,3,石川裕紀, 55 ,16,1,１, ,芝1800,良,,(美),斎藤誠,1484,-0.1,4,4,3,35.5,460,+2,
,"2024. 7.14",福島,2福6,未勝利,未勝利,1,2,プリュノワール,牝,3,戸崎圭太, 55 ,16,2,１, ,芝1200,良,,(美),鹿戸雄一,1092,-0.2,,3,3,35.2,442,+2,
,"2024. 7.14",福島,2福6,新馬,新馬,4,4,ケイアイマハナ,牡,2,戸崎圭太, 55 ,8,1,１, ,ダ1150,稍,*,(栗),村山明,1116,-0.1,,3,3,37.6,480,,
,"2024. 7.14",福島,2福6,新馬,新馬・牝,7,10,ホウオウガイア,牝,2,丸田恭介, 55 ,12,2,１, ,芝1800,良,,(美),大竹正博,1504,-0.5,7,6,5,35.6,430,,
,"2024. 7.14",福島,2福6,未勝利,未勝利,3,6,ペイシャスウィフト,牝,3,藤田菜七,53◇,16,1,１, ,ダ1150,稍,*,(美),本間忍,1089,-0.0,,1,1,37.0,490,-6,
,"2024. 7.14",福島,2福6,未勝利,未勝利,1,2,シドニーライト,牡,3,江田照男, 57 ,16,4,１, ,芝2600,良,,(美),中舘英二,2429,-0.6,5,4,4,35.2,462,0,
,"2024. 7.14",福島,2福6,未勝利,未勝利*,6,6,コスモキャバリエ,牡,2,菅原明良, 55 ,8,3,１, ,芝1800,良,,(美),高木登,1507,-0.1,3,4,3,35.8,456,+6,
,"2024. 7.14",福島,2福6,未勝利,未勝利*,1,1,ナムラトロム,牡,2,丸田恭介, 55 ,8,1,１, ,芝1200,良,,(美),石栗龍彦,1102,-0.0,,1,1,35.7,430,-2,
,"2024. 7.13",福島,2福5,1勝,１勝ｸﾗｽ・牝,1,2,カピリナ,牝,3,戸崎圭太, 53 ,16,2,１, ,芝1200,良,,(美),田島俊明,1087,-0.5,,4,3,34.1,474,+2,
,"2024. 7.13",福島,2福5,ｵｰﾌﾟﾝ,安達太良,5,6,マニバドラ,牡,4,松山弘平, 57 ,13,1,１, ,ダ1150,稍,*,(栗),森秀行,1065,-0.5,,4,4,35.1,520,0,
,"2024. 7.13",福島,2福5,2勝,信夫山特･2勝,6,8,プレリュードシチー,牡,3,津村明秀, 55 ,12,1,１, ,芝2600,良,,(栗),高橋義忠,2409,-0.8,1,1,1,34.9,474,+6,
,"2024. 7.13",福島,2福5,2勝,郡山特Ｈ･2勝,6,12,トーセンエスクード,牡,4,三浦皇成, 57 ,16,1,１, ,芝1200,良,,(美),菊沢隆徳,1082,-0.1,,3,3,33.6,438,-2,
,"2024. 7.13",福島,2福5,未勝利,未勝利,8,15,シークレットイスラ,牡,3,横山琉人,56☆,16,14,１, ,芝1800,良,,(美),辻哲英,1491,-0.3,2,2,2,35.7,450,+12,
,"2024. 7.13",福島,2福5,1勝,１勝ｸﾗｽ,4,8,ヨーカイディスコ,牝,3,三浦皇成, 53 ,16,3,１, ,ダ1150,稍,,(美),斎藤誠,1081,-0.2,,1,1,36.6,478,-10,
,"2024. 7.13",福島,2福5,新馬,新馬,3,3,キタノクニカラ,牝,2,杉原誠人, 55 ,8,5,１, ,芝1200,良,,(美),小島茂之,1105,-0.0,,5,4,34.6,400,,
,"2024. 7.13",福島,2福5,新馬,新馬,2,2,ニシノルプ,牡,2,津村明秀, 55 ,10,3,１, ,芝1800,良,,(美),武市康男,1517,-0.1,1,1,1,36.0,482,,
,"2024. 7.13",福島,2福5,ｵｰﾌﾟﾝ,障害・オープ,7,7,グレートバローズ,セ,7,高田潤, 62 ,8,3,１, ,芝3380,良,,(栗),辻野泰之,3449,-1.2,2,2,2,13.3,478,-4,
,"2024. 7.13",福島,2福5,未勝利,未勝利,8,15,シャドウルパン,牡,3,松山弘平, 57 ,15,4,１, ,ダ1700,重,,(美),斎藤誠,1463,-1.3,2,1,1,39.1,496,0,B
,"2024. 7.13",福島,2福5,未勝利,未勝利・牝,2,2,ケープウィッカム,牝,3,津村明秀, 55 ,15,1,１, ,ダ1700,重,,(美),中舘英二,1467,-0.1,3,3,3,38.6,440,-4,
,"2024. 7.13",福島,2福5,未勝利,障害未勝利,4,4,ガイフウカイセイ,牡,5,五十嵐雄, 60 ,8,2,１, ,芝2770,良,,(美),松山将樹,3036,-0.0,1,2,1,13.3,520,-10,
,"2024. 7. 7",福島,2福4,2勝,彦星賞･2勝,8,15,スマートアイ,牝,4,田辺裕信, 56 ,16,4,１, ,ダ1150,良,,(栗),寺島良,1082,-0.1,,2,2,37.1,506,+12,
,"2024. 7. 7",福島,2福4,Ｇ３,七夕賞ＨG3,3,4,レッドラディエンス,牡,5,戸崎圭太, 57 ,15,2,１, ,芝2000,良,*,(栗),友道康夫,1579,-0.3,8,8,8,34.9,488,-8,
,"2024. 7. 7",福島,2福4,2勝,天の川賞･2勝,7,7,ジョージテソーロ,牡,3,戸崎圭太, 55 ,10,1,１, ,ダ1700,良,,(美),嘉藤貴行,1454,-0.8,2,2,2,36.5,468,+4,
,"2024. 7. 7",福島,2福4,1勝,織姫賞･1勝,7,14,ルーチェロッサ,牝,4,横山琉人, 56 ,16,6,１, ,芝1800,良,,(美),相沢郁,1485,-0.2,3,3,2,35.3,460,+8,
,"2024. 7. 7",福島,2福4,1勝,１勝ｸﾗｽ,8,14,ユイノマチブセ,牡,4,木幡初也, 58 ,15,9,１, ,ダ1700,良,,(美),竹内正洋,1460,-0.3,1,1,1,38.4,446,+6,
,"2024. 7. 7",福島,2福4,未勝利,未勝利,8,15,バイデンテソーロ,牡,3,木幡巧也, 57 ,16,2,１, ,芝1200,良,,(美),畠山吉宏,1096,-0.0,,2,2,35.6,470,-6,
,"2024. 7. 7",福島,2福4,新馬,新馬,4,4,セイウンビッグバン,牡,2,三浦皇成, 55 ,11,5,１, ,芝1200,良,*,(美),萱野浩二,1105,-0.3,,4,4,34.8,432,,
,"2024. 7. 7",福島,2福4,新馬,新馬,2,2,ジェットマグナム,牡,2,戸崎圭太, 55 ,11,3,１, ,芝2000,良,,(栗),安達昭夫,2012,-0.1,3,4,4,34.7,474,,
,"2024. 7. 7",福島,2福4,未勝利,未勝利,7,13,マサノヒーロー,牡,3,田辺裕信, 57 ,16,5,１, ,ダ1150,良,,(美),大竹正博,1091,-0.2,,2,2,37.5,462,0,
,"2024. 7. 7",福島,2福4,未勝利,未勝利・牝,7,13,ツインクルステージ,牝,3,菅原明良, 55 ,16,6,１, ,芝1800,良,,(美),高木登,1488,-0.0,6,5,5,36.6,494,-4,
,"2024. 7. 7",福島,2福4,未勝利,未勝利,7,12,ヘインズポイント,牡,3,戸崎圭太, 57 ,15,1,１, ,ダ1700,良,,(美),高木登,1464,-1.0,1,1,1,38.0,538,-2,
,"2024. 7. 7",福島,2福4,未勝利,障害未勝利,6,6,デシマルサーガ,牡,4,伴啓太, 60 ,9,1,１, ,芝2750,良,,(美),粕谷昌央,3017,-0.3,2,1,1,13.2,466,-10,
,"2024. 7. 6",福島,2福3,1勝,１勝ｸﾗｽ,2,4,ゼウスビスティー,牡,4,石橋脩, 58 ,16,3,１, ,ダ1150,良,,(美),小野次郎,1085,-0.4,,14,11,35.4,480,-2,
,"2024. 7. 6",福島,2福3,3勝,鶴ヶ城Ｓ･3勝,6,11,ショウナンライシン,牡,4,柴田善臣, 58 ,15,9,１, ,ダ1700,良,,(美),大竹正博,1442,-0.2,4,3,3,37.0,492,+4,
,"2024. 7. 6",福島,2福3,2勝,猪苗代特･2勝,3,3,シランケド,牝,4,Ｍ．デム, 56 ,8,1,１, ,芝2000,良,,(栗),牧浦充徳,1594,-0.7,2,2,1,34.9,506,-6,
,"2024. 7. 6",福島,2福3,1勝,大郷特別･1勝,5,5,イサチルシーサイド,牡,3,木幡初也, 55 ,9,3,１, ,芝1200,良,,(美),竹内正洋,1086,-0.0,,2,1,35.1,470,-8,
,"2024. 7. 6",福島,2福3,1勝,１勝ｸﾗｽ,1,1,アスクナイスショー,牡,3,菅原明良, 55 ,11,2,１, ,芝2000,良,,(美),中舘英二,1592,-0.2,1,1,1,35.9,494,+16,
,"2024. 7. 6",福島,2福3,未勝利,未勝利,7,12,パリプラージュ,牝,3,野中悠太, 55 ,15,1,１, ,ダ1700,良,,(美),宮田敬介,1458,-0.7,1,1,1,37.9,492,-2,
,"2024. 7. 6",福島,2福3,新馬,新馬・牝,2,2,ミライヘノブーケ,牝,2,柴田大知, 55 ,12,2,１, ,芝1200,良,,(美),伊藤大士,1107,-0.0,,1,1,35.7,430,,
,"2024. 7. 6",福島,2福3,新馬,新馬,5,7,マーズオデッセイ,牡,2,戸崎圭太, 55 ,14,6,１, ,芝1800,良,,(美),宗像義忠,1521,-0.2,2,2,2,35.3,478,,
,"2024. 7. 6",福島,2福3,未勝利,未勝利,1,1,シンハナーダ,牡,3,三浦皇成, 57 ,16,5,１, ,芝2000,良,,(美),国枝栄,2013,-0.1,9,9,6,34.6,452,,
,"2024. 7. 6",福島,2福3,未勝利,未勝利・牝,5,8,エコロカレン,牝,3,菅原明良, 55 ,15,4,１, ,ダ1700,良,,(美),奥平雅士,1475,-0.1,2,2,2,38.1,458,-10,B
,"2024. 7. 6",福島,2福3,未勝利,未勝利*,4,4,バセリーナ,牡,2,野中悠太, 55 ,9,9,１, ,芝1800,良,,(美),松山将樹,1512,-0.1,5,5,3,35.0,440,-4,
,"2024. 7. 6",福島,2福3,未勝利,未勝利*,2,2,ホウオウブースター,牡,2,菅原明良, 55 ,8,1,１, ,芝1200,良,,(美),高柳瑞樹,1101,-0.2,,1,1,35.8,416,+2,
,"2024. 6.30",福島,2福2,1勝,１勝ｸﾗｽ,7,13,テセラリアン,牝,3,菅原明良, 53 ,16,2,１, ,芝1200,良,,(美),鈴木慎太,1086,-0.0,,3,3,34.5,434,-2,
,"2024. 6.30",福島,2福2,Ｇ３,ラジオNIＨG3,5,5,オフトレイル,牡,3,田辺裕信, 56 ,12,6,１, ,芝1800,良,,(栗),吉村圭司,1453,-0.0,11,11,11,34.2,444,+10,
,"2024. 6.30",福島,2福2,2勝,いわき特･2勝,3,3,サノノエスポ,牝,4,田辺裕信, 56 ,13,2,１, ,ダ1700,良,,(美),中舘英二,1457,-0.3,4,6,4,36.7,458,+2,
,"2024. 6.30",福島,2福2,2勝,さくらん･2勝,1,1,ヴィントミューレ,セ,6,杉原誠人, 58 ,8,5,１, ,芝1200,良,,(美),木村哲也,1083,-0.2,,6,6,33.5,432,+4,
,"2024. 6.30",福島,2福2,1勝,１勝ｸﾗｽ・牝,4,5,アパイシュナール,牝,3,戸崎圭太, 53 ,13,2,１, ,ダ1700,良,*,(美),田村康仁,1464,-0.7,2,2,2,37.1,450,0,
,"2024. 6.30",福島,2福2,未勝利,未勝利,1,2,クラッチプレイヤー,牡,3,菅原明良, 57 ,16,2,１, ,芝2000,良,,(美),国枝栄,1581,-0.0,3,3,2,35.7,520,+6,B
,"2024. 6.30",福島,2福2,新馬,新馬,2,2,ニタモノドウシ,牡,2,菅原明良, 55 ,11,2,１, ,芝1200,良,,(美),高木登,1105,-0.2,,8,7,33.6,462,,
,"2024. 6.30",福島,2福2,新馬,新馬,2,4,デルアヴァー,牡,2,三浦皇成, 55 ,16,3,１, ,芝1800,良,,(栗),松永幹夫,1499,-0.2,12,11,11,34.4,464,,
,"2024. 6.30",福島,2福2,未勝利,未勝利,1,1,コッレヴェッキオ,牡,3,西塚洸二,56☆,15,5,１, ,ダ1700,良,,(美),高橋文雅,1487,-0.5,14,1,1,37.7,472,+6,
,"2024. 6.30",福島,2福2,未勝利,未勝利,1,1,エクセルゴールド,牡,3,菊沢一樹, 57 ,16,4,１, ,芝1200,良,*,(美),武市康男,1090,-0.3,,4,4,34.3,462,-12,B
,"2024. 6.30",福島,2福2,未勝利,未勝利,4,7,コウユーユメノヨウ,牝,3,津村明秀, 55 ,16,3,１, ,ダ1150,良,,(美),竹内正洋,1097,-0.5,,5,4,37.0,448,-4,
,"2024. 6.30",福島,2福2,未勝利,未勝利*,3,3,ニシノタンギー,牡,2,菅原明良, 55 ,7,4,１, ,芝1800,良,,(美),水野貴広,1482,-0.2,6,6,4,35.6,460,+2,
,"2024. 6.29",福島,2福1,1勝,１勝ｸﾗｽ,3,5,ネバレチュゴー,牡,4,松岡正海, 58 ,16,6,１, ,ダ1150,良,,(美),西田雄一,1085,-0.2,,10,9,36.5,534,+8,
,"2024. 6.29",福島,2福1,3勝,バーデン･3勝,3,3,キタノエクスプレス,牡,6,国分優作, 58 ,14,2,１, ,芝1200,良,,(栗),坂口智康,1070,-0.1,,5,3,34.0,508,-14,
,"2024. 6.29",福島,2福1,2勝,松島特別･2勝,4,6,エバーシャドネー,牝,5,戸崎圭太, 56 ,14,1,１, ,芝1800,良,,(栗),藤岡健一,1459,-0.2,2,2,2,35.0,462,-4,
,"2024. 6.29",福島,2福1,1勝,開成山特･1勝,7,7,レイデラルース,牡,3,津村明秀, 54 ,8,3,１, ,芝2600,良,,(美),手塚貴久,2387,-0.2,1,1,1,35.1,486,0,
,"2024. 6.29",福島,2福1,1勝,１勝ｸﾗｽ,4,7,スプレーフォール,牡,3,石川裕紀, 55 ,15,2,１, ,ダ1700,良,,(美),相沢郁,1469,-0.0,4,4,4,37.3,442,-4,
,"2024. 6.29",福島,2福1,未勝利,未勝利,6,12,アッシュバーグ,牝,3,横山琉人,54☆,16,8,１, ,芝1800,良,,(美),斎藤誠,1475,-0.4,9,9,8,35.8,504,,
,"2024. 6.29",福島,2福1,新馬,新馬,8,9,ラインパシオン,牝,2,大江原比,51★,9,6,１, ,ダ1150,良,,(美),水野貴広,1110,-0.1,,3,2,36.8,398,,
,"2024. 6.29",福島,2福1,新馬,新馬,1,1,ヴァリアントマーチ,牝,2,戸崎圭太, 55 ,9,2,１, ,芝1200,良,,(美),林徹,1111,-0.1,,1,1,35.3,450,,
,"2024. 6.29",福島,2福1,未勝利,障害未勝利,3,3,マイネルコロンブス,牡,7,上野翔, 60 ,13,2,１, ,芝2750,良,*,(美),土田稔,2598,-0.0,4,5,3,13.1,480,-6,
,"2024. 6.29",福島,2福1,未勝利,未勝利,8,14,レボルシオン,牡,3,木幡育也, 57 ,15,4,１, ,ダ1700,良,,(美),蛯名正義,1476,-0.1,3,2,1,39.4,516,+4,
,"2024. 6.29",福島,2福1,未勝利,未勝利・牝,6,10,ウェルキン,牝,3,石田拓郎,52▲,15,13,１, ,ダ1700,良,,(美),新開幸一,1474,-0.3,2,2,2,39.9,418,+2,B
,"2024. 6.29",福島,2福1,ｵｰﾌﾟﾝ,障害・オープ,3,4,ヴィジュネル,牡,6,中村将之, 60 ,14,1,１, ,芝2750,良,,(栗),渡辺薫彦,2583,-0.0,2,2,2,13.0,486,0,
,"2024. 4.21",福島,1福6,1勝,１勝ｸﾗｽ,4,4,ヒルズカーン,牡,4,佐々木大,57☆,9,3,１, ,ダ1700,良,,(美),松永康利,1465,-0.0,8,7,7,36.8,486,-8,
,"2024. 4.21",福島,1福6,2勝,福島中央･2勝,4,8,アシャカタカ,牡,4,小林美駒, 58 ,16,9,１, ,芝1200,良,,(美),鈴木伸尋,1087,-0.0,,1,1,34.5,472,0,
,"2024. 4.21",福島,1福6,1勝,飯盛山特･1勝,7,7,グランドゴールド,牡,5,丸山元気, 58 ,10,3,１, ,芝2000,良,,(栗),羽月友彦,1589,-0.0,8,7,7,34.8,456,0,
,"2024. 4.21",福島,1福6,1勝,燧ヶ岳特･1勝,7,7,ウインマイルート,牡,5,丹内祐次, 58 ,9,1,１, ,芝2600,良,,(美),鈴木慎太,2399,-0.0,5,2,1,35.7,452,-8,
,"2024. 4.21",福島,1福6,1勝,１勝ｸﾗｽ・牝,4,4,オールマキシマム,牝,4,永野猛蔵,55☆,12,1,１, ,ダ1700,良,,(美),奥平雅士,1466,-0.2,7,4,4,37.5,450,+6,
,"2024. 4.21",福島,1福6,未勝利,未勝利,6,10,ニシノアヤカゼ,牝,3,小林美駒,51★,15,4,１, ,芝1200,良,,(美),鈴木伸尋,1095,-0.0,,2,2,35.0,450,-14,
,"2024. 4.21",福島,1福6,未勝利,未勝利・若,8,14,アベベ,牡,3,高杉吏麒,54▲,15,10,１, ,ダ1700,良,,(美),根本康広,1472,-0.2,6,6,3,39.5,460,-6,
,"2024. 4.21",福島,1福6,未勝利,未勝利・牝,8,15,デアパーディタ,牝,3,小林美駒,51★,16,10,１, ,芝1800,良,,(美),武井亮,1479,-0.0,2,2,2,36.2,430,-2,
,"2024. 4.21",福島,1福6,未勝利,障害未勝利,1,1,パワータイショウ,牡,5,井上敏樹, 60 ,14,13,１, ,芝2770,良,,(栗),村山明,3007,-0.0,1,3,3,13.0,528,-4,
,"2024. 4.21",福島,1福6,未勝利,未勝利,2,2,グランドセントラル,牡,3,秋山稔樹,56☆,15,3,１, ,ダ1700,良,,(栗),北出成人,1468,-0.3,1,1,1,38.5,462,-2,
,"2024. 4.21",福島,1福6,未勝利,未勝利・牝,2,4,メイショウミリオレ,牝,3,高杉吏麒,52▲,16,2,１, ,芝1200,良,,(栗),藤岡健一,1094,-0.6,,5,3,34.8,484,-26,
,"2024. 4.21",福島,1福6,未勝利,未勝利,8,15,ワークソング,牡,3,古川奈穂,53★,16,3,１, ,ダ1150,良,,(栗),牧浦充徳,1092,-0.6,,1,1,37.6,478,+6,
,"2024. 4.20",福島,1福5,1勝,１勝ｸﾗｽ,7,12,マジックタッチ,牡,4,鮫島克駿, 58 ,15,2,１, ,ダ1150,良,*,(美),加藤士津,1093,-0.2,,3,2,36.6,538,-2,B
,"2024. 4.20",福島,1福5,Ｇ３,福島牝馬G3,1,1,コスタボニータ,牝,5,岩田望来, 55 ,16,1,１, ,芝1800,良,,(栗),杉山佳明,1469,-0.0,4,5,4,34.6,470,0,
,"2024. 4.20",福島,1福5,2勝,尾瀬特Ｈ･2勝,6,11,ニホンピロハーバー,牡,6,菱田裕二, 56 ,15,3,１, ,ダ1700,良,,(栗),安達昭夫,1452,-0.0,9,8,7,37.2,500,-8,B
,"2024. 4.20",福島,1福5,1勝,浄土平特･1勝,1,1,ライクアフラワー,牡,4,石神深一, 58 ,14,4,１, ,芝1200,良,,(美),松永康利,1087,-0.1,,3,3,34.8,488,-6,
,"2024. 4.20",福島,1福5,1勝,１勝ｸﾗｽ・牝,1,1,マスキュリン,牝,4,菅原明良, 56 ,12,2,１, ,芝1800,良,,(栗),新谷功一,1482,-0.2,3,4,4,35.0,436,-4,
,"2024. 4.20",福島,1福5,未勝利,未勝利,5,9,マイネルモメンタム,牡,3,横山武史, 57 ,16,1,１, ,芝2000,良,,(美),相沢郁,2011,-0.4,2,2,1,37.3,462,-6,
,"2024. 4.20",福島,1福5,1勝,１勝ｸﾗｽ,6,6,ユキマル,牡,4,丹内祐次, 58 ,9,1,１, ,ダ1700,良,,(美),尾形和幸,1459,-0.0,1,1,1,38.7,490,-15,
,"2024. 4.20",福島,1福5,ｵｰﾌﾟﾝ,障害・オープ,6,6,サクセスエース,牡,6,上野翔, 60 ,11,3,１, ,芝3380,良,,(美),竹内正洋,3438,-0.2,2,1,1,13.2,496,-4,
,"2024. 4.20",福島,1福5,未勝利,障害未勝利,6,9,メイショウキョウジ,牡,9,森一馬, 60 ,14,1,１, ,芝2770,良,,(栗),角田晃一,3027,-0.3,3,2,2,13.2,472,-10,
,"2024. 4.20",福島,1福5,未勝利,未勝利・牝,5,8,サンセットブライト,牝,3,横山琉人,54☆,15,2,１, ,ダ1700,良,,(美),相沢郁,1495,-0.1,6,5,4,39.4,494,-2,B
,"2024. 4.20",福島,1福5,未勝利,未勝利,2,4,ギルティプレジャー,牝,3,岩田望来, 55 ,16,2,１, ,芝1200,良,,(栗),寺島良,1100,-0.3,,1,1,35.1,434,0,
,"2024. 4.20",福島,1福5,未勝利,未勝利,1,1,ロードリレーション,牡,3,西塚洸二,55△,16,1,１, ,ダ1150,良,,(栗),辻野泰之,1097,-0.1,,2,2,37.7,460,+2,
,"2024. 4.14",福島,1福4,1勝,１勝ｸﾗｽ,6,12,カリュウ,牝,5,小林美駒,52★,16,5,１, ,ダ1150,良,,(美),田島俊明,1085,-0.2,,3,2,37.3,416,-14,
,"2024. 4.14",福島,1福4,OP(L),福島民Ｈ(L),4,7,リフレーミング,牡,6,丸田恭介, 55 ,16,2,１, ,芝2000,良,,(栗),鮫島一歩,1589,-0.0,13,13,13,34.2,468,0,
,"2024. 4.14",福島,1福4,2勝,奥の細道･2勝,8,16,フルール,牝,4,荻野極, 56 ,16,4,１, ,芝2600,良,,(美),上原佑紀,2395,-0.3,2,2,1,35.1,492,+8,
,"2024. 4.14",福島,1福4,1勝,医王寺特･1勝,6,10,コスモアディラート,牡,6,丹内祐次, 58 ,14,1,１, ,芝1200,良,,(美),和田正一,1083,-0.3,,2,2,34.5,508,-6,
,"2024. 4.14",福島,1福4,1勝,１勝ｸﾗｽ・若,1,1,クリノグローリー,牡,4,小林勝太,55▲,10,1,１, ,ダ1700,良,,(栗),谷潔,1451,-0.6,2,2,2,36.9,478,+2,
,"2024. 4.14",福島,1福4,1勝,１勝ｸﾗｽ・牝,1,2,アイヲツグモノ,牝,4,菊沢一樹, 56 ,16,2,１, ,芝1200,良,,(栗),牧浦充徳,1085,-0.5,,4,4,34.6,486,-2,
,"2024. 4.14",福島,1福4,未勝利,未勝利,8,15,デフィニティーボ,牡,3,永島まな,55◇,15,1,１, ,ダ1700,良,,(美),上原佑紀,1477,-0.1,5,4,3,37.7,480,0,
,"2024. 4.14",福島,1福4,未勝利,障害未勝利,5,5,ウインチェレステ,牡,6,金子光希, 60 ,11,5,１, ,芝2750,良,,(美),畠山吉宏,3025,-0.1,2,2,2,13.3,518,+4,
,"2024. 4.14",福島,1福4,未勝利,障害未勝利,8,11,レッドバロッサ,セ,5,小牧加矢, 60 ,11,2,１, ,芝2750,良,,(栗),音無秀孝,3017,-0.5,3,2,3,13.2,502,-6,
,"2024. 4.14",福島,1福4,未勝利,未勝利・牝,7,12,リフレクトザムーン,牝,3,小林美駒,51★,15,6,１, ,ダ1700,良,,(美),尾形和幸,1476,-0.1,5,4,2,37.2,444,-14,
,"2024. 4.14",福島,1福4,未勝利,未勝利,4,8,ウインボレロ,牡,3,松岡正海, 57 ,16,2,１, ,芝2000,良,,(美),手塚貴久,2007,-0.1,7,7,5,35.7,436,+4,
,"2024. 4.14",福島,1福4,未勝利,未勝利・牝,3,6,ランウインディ,牝,3,柴田裕一,52▲,16,4,１, ,ダ1150,良,,(栗),中尾秀正,1094,-0.2,,2,2,37.8,464,+18,
,"2024. 4.13",福島,1福3,1勝,１勝ｸﾗｽ,3,5,プレイサーゴールド,牡,4,小沢大仁,57☆,15,1,１, ,ダ1700,良,,(栗),今野貞一,1469,-0.3,5,5,5,39.1,502,-2,
,"2024. 4.13",福島,1福3,2勝,ラジオ福･2勝,5,10,クリダーム,牡,4,石橋脩, 58 ,16,3,１, ,ダ1150,良,,(美),上原佑紀,1086,-0.0,,6,6,37.1,492,+16,
,"2024. 4.13",福島,1福3,1勝,桑折特別･1勝,7,13,ニシノコウフク,牝,4,永野猛蔵, 56 ,15,4,１, ,芝2000,良,,(美),伊藤大士,2002,-0.1,10,12,9,34.9,464,-8,
,"2024. 4.13",福島,1福3,1勝,雪うさぎ･1勝,3,5,モズトキキ,牝,3,古川奈穂, 55 ,16,3,１, ,芝1200,良,,(栗),村山明,1085,-0.4,,1,1,34.6,538,+2,
,"2024. 4.13",福島,1福3,1勝,１勝ｸﾗｽ,4,7,タイラーテソーロ,牡,5,丹内祐次, 58 ,15,7,１, ,芝1800,良,,(美),栗田徹,1480,-0.1,14,10,10,35.3,468,+4,B
,"2024. 4.13",福島,1福3,1勝,１勝ｸﾗｽ・牝,3,5,ゼットカレン,牝,4,高杉吏麒,53▲,16,12,１, ,ダ1150,良,,(栗),宮徹,1090,-0.0,,6,6,37.1,468,-2,
,"2024. 4.13",福島,1福3,未勝利,未勝利・若,4,8,ナムラブーニン,牡,3,泉谷楓真,56☆,16,11,１, ,芝1800,良,,(栗),高橋一哉,1485,-0.2,13,13,12,35.5,456,,
,"2024. 4.13",福島,1福3,未勝利,未勝利,3,6,カリーシ,牝,3,小林美駒,51★,16,1,１, ,芝1200,良,,(美),武井亮,1090,-0.1,,1,1,35.2,448,+4,
,"2024. 4.13",福島,1福3,未勝利,未勝利・牝,6,12,キットハナガサク,牝,3,佐々木大,54☆,16,2,１, ,芝2000,良,*,(美),武井亮,2014,-0.6,3,3,3,36.4,450,+4,
,"2024. 4.13",福島,1福3,未勝利,未勝利,2,2,カセノルーパス,牡,3,丸山元気, 57 ,15,1,１, ,ダ1700,良,,(栗),中尾秀正,1466,-0.6,1,1,1,39.1,474,+2,
,"2024. 4.13",福島,1福3,未勝利,未勝利,3,5,ジョーメッドヴィン,牡,3,佐々木大,56☆,16,1,１, ,芝1200,良,,(栗),清水久詞,1093,-0.5,,5,5,35.0,500,0,
,"2024. 4.13",福島,1福3,未勝利,未勝利,8,15,レグザゴン,牝,3,斎藤新, 55 ,16,10,１, ,ダ1150,良,,(美),斎藤誠,1094,-0.0,,4,4,37.4,458,-2,
,"2024. 4. 7",福島,1福2,1勝,１勝ｸﾗｽ,3,4,ラスハンメル,牡,4,富田暁, 58 ,14,2,１, ,芝2000,良,,(栗),松永幹夫,1596,-0.0,1,1,1,35.4,522,-8,
,"2024. 4. 7",福島,1福2,ｵｰﾌﾟﾝ,モルガナ,1,1,アサカラキング,牡,4,斎藤新, 58 ,16,1,１, ,芝1200,良,,(美),斎藤誠,1077,-0.3,,1,1,34.7,524,0,
,"2024. 4. 7",福島,1福2,3勝,やまびこ･3勝,1,1,ナックドロップス,牝,5,丹内祐次, 56 ,16,11,１, ,ダ1150,良,,(美),杉浦宏昭,1082,-0.2,,1,1,37.0,470,+4,
,"2024. 4. 7",福島,1福2,2勝,喜多方特･2勝,6,9,ナイトアクアリウム,牡,4,長岡禎仁, 58 ,13,7,１, ,ダ1700,良,,(栗),杉山佳明,1461,-0.0,10,1,2,38.1,486,0,B
,"2024. 4. 7",福島,1福2,1勝,１勝ｸﾗｽ,1,1,マルカブリッツ,牡,4,小沢大仁,57☆,16,4,１, ,芝2600,良,,(栗),福永祐一,2388,-0.5,3,5,3,36.3,474,-20,
,"2024. 4. 7",福島,1福2,1勝,１勝ｸﾗｽ・若,1,1,ゴルトリッチ,牡,4,田口貫太,57☆,16,3,１, ,芝1200,良,,(栗),牧浦充徳,1082,-0.2,,7,6,34.0,498,+4,
,"2024. 4. 7",福島,1福2,未勝利,未勝利,1,2,アイスリンディ,牝,3,亀田温心, 55 ,16,2,１, ,ダ1150,良,,(栗),高柳大輔,1096,-0.3,,3,3,37.5,440,-2,
,"2024. 4. 7",福島,1福2,未勝利,未勝利,3,6,スプリンクルソルト,牡,3,菅原明良, 57 ,16,2,１, ,芝1800,良,,(美),栗田徹,1484,-0.8,3,5,5,35.3,460,+4,
,"2024. 4. 7",福島,1福2,未勝利,障害未勝利,4,5,ロンギングバース,セ,6,五十嵐雄, 60 ,14,2,１, ,芝2750,良,,(美),竹内正洋,2599,-0.2,2,1,1,13.1,462,-8,
,"2024. 4. 7",福島,1福2,1勝,１勝ｸﾗｽ・牝,7,13,エバーハピネス,牝,4,菅原明良, 56 ,15,1,１, ,ダ1700,良,,(美),久保田貴,1461,-0.4,11,9,8,38.7,478,-4,
,"2024. 4. 7",福島,1福2,未勝利,未勝利,3,5,シアター,牝,3,永島まな,53◇,16,1,１, ,芝1200,良,,(栗),茶木太樹,1091,-0.5,,2,1,35.0,438,-2,
,"2024. 4. 7",福島,1福2,未勝利,未勝利,4,6,アメリカンチーフ,牡,3,西塚洸二,55△,15,1,１, ,ダ1700,良,,(栗),音無秀孝,1475,-0.3,5,4,2,39.4,464,+4,
,"2024. 4. 6",福島,1福1,1勝,１勝ｸﾗｽ,4,7,オルフェスト,牝,4,丸山元気, 56 ,16,4,１, ,芝1200,良,,(美),池上昌和,1086,-0.1,,1,1,34.7,442,+4,
,"2024. 4. 6",福島,1福1,ｵｰﾌﾟﾝ,吾妻小富Ｈ,7,12,ブラックアーメット,牡,6,泉谷楓真, 57 ,15,3,１, ,ダ1700,良,,(栗),角田晃一,1445,-0.3,8,7,7,36.7,504,-2,
,"2024. 4. 6",福島,1福1,2勝,花見山特･2勝,3,5,リシャールケリー,牡,4,団野大成, 58 ,16,1,１, ,芝1200,良,,(栗),茶木太樹,1088,-0.0,,2,2,34.6,508,0,
,"2024. 4. 6",福島,1福1,1勝,ひめさゆ･1勝,6,8,キープカルム,牡,3,荻野極, 57 ,13,1,１, ,芝2000,良,,(栗),中竹和也,2001,-0.0,5,4,2,35.2,478,-2,
,"2024. 4. 6",福島,1福1,1勝,１勝ｸﾗｽ,8,16,ザアトム,牡,5,松本大輝,57☆,16,2,１, ,ダ1150,良,,(美),田島俊明,1093,-0.1,,1,1,37.5,494,-12,
,"2024. 4. 6",福島,1福1,未勝利,未勝利,3,5,ニシノザイホウ,牡,3,松本大輝,56☆,16,5,１, ,芝2600,良,*,(栗),新谷功一,2405,-0.0,4,5,4,35.7,432,-4,
,"2024. 4. 6",福島,1福1,未勝利,未勝利,3,6,ローランド,牡,3,丹内祐次, 57 ,16,1,１, ,芝2600,良,,(美),菊川正達,2405,-0.0,6,2,2,36.4,472,-4,
,"2024. 4. 6",福島,1福1,1勝,１勝ｸﾗｽ,3,5,ウィズザドリーム,牡,4,斎藤新, 58 ,15,2,１, ,ダ1700,良,,(栗),高野友和,1462,-0.2,2,3,2,38.2,508,-14,
,"2024. 4. 6",福島,1福1,ｵｰﾌﾟﾝ,障害・オープ,1,1,ヴェイルネビュラ,セ,6,小野寺祐, 60 ,14,1,１, ,芝2750,良,,(美),大竹正博,2572,-0.2,7,4,3,12.9,494,-6,
,"2024. 4. 6",福島,1福1,未勝利,障害未勝利,8,13,ヴァレッタカズマ,牡,5,森一馬, 60 ,14,1,１, ,芝2750,良,,(栗),藤野健太,3024,-0.1,3,2,3,13.3,506,+8,
,"2024. 4. 6",福島,1福1,未勝利,未勝利・若,8,15,アスクヒロイズガイ,牡,3,西塚洸二,55△,15,4,１, ,ダ1700,良,,(栗),野中賢二,1473,-0.2,3,2,1,38.9,488,0,B
,"2024. 4. 6",福島,1福1,未勝利,未勝利,1,1,ロマンスライト,牝,3,石田拓郎,52▲,16,7,１, ,芝1200,良,*,(美),宗像義忠,1091,-0.0,,6,5,34.2,452,0,
,"2024. 4. 6",福島,1福1,未勝利,未勝利・牝,2,2,ミレニアムヒロイン,牝,3,永島まな,53◇,15,1,１, ,ダ1700,良,,(美),池上昌和,1480,-0.4,1,1,1,39.9,428,-4,
,2023.11.19,福島,3福6,1勝,１勝ｸﾗｽ,1,2,マルプリ,牝,3,原優介,54☆,16,4,１, ,芝1200,良,,(美),青木孝文,1106,-0.1,,3,3,35.7,444,-2,
,2023.11.19,福島,3福6,OP(L),福島民友(L),6,11,ワールドタキオン,牡,5,角田大和, 58 ,15,2,１, ,ダ1700,稍,,(美),斎藤誠,1426,-0.0,3,2,2,37.6,504,+2,
,2023.11.19,福島,3福6,2勝,五色沼特･2勝,3,5,ニューノーマル,牝,4,佐々木大, 56 ,16,3,１, ,芝1800,良,*,(美),上原佑紀,1498,-0.1,6,4,3,35.5,462,0,
,2023.11.19,福島,3福6,1勝,磐梯山特･1勝,2,3,シリンガバルガリス,セ,3,富田暁, 56 ,16,5,１, ,芝2600,良,,(栗),松永幹夫,2449,-0.0,1,1,1,36.5,496,+6,
,2023.11.19,福島,3福6,1勝,１勝ｸﾗｽ・牝,3,6,コイニョウボウ,牝,3,永島まな,51▲,16,4,１, ,芝2000,良,,(栗),中尾秀正,2016,-0.6,10,9,4,36.5,422,+10,
,2023.11.19,福島,3福6,1勝,１勝ｸﾗｽ・若,4,8,ヒビキ,牡,3,富田暁, 57 ,16,3,１, ,ダ1150,重,,(栗),辻野泰之,1083,-0.3,,2,1,37.3,492,-2,B
,2023.11.19,福島,3福6,未勝利,未勝利*,4,8,シャインヴィーナス,牝,2,小林美駒,51★,16,5,１, ,芝1200,良,,(美),伊坂重信,1119,-0.2,,1,1,37.5,436,-4,
,2023.11.19,福島,3福6,新馬,新馬,6,12,スター,牝,2,佐々木大,54☆,16,2,１, ,芝1800,良,,(栗),橋口慎介,1512,-0.2,7,3,2,35.6,466,,
,2023.11.19,福島,3福6,未勝利,障害未勝利,7,12,エイムトゥルー,牡,5,石神深一, 60 ,14,2,１, ,芝2770,良,,(美),奥村武,3070,-0.5,1,1,1,13.5,514,-2,
,2023.11.19,福島,3福6,1勝,１勝ｸﾗｽ,7,13,ベイパーコーン,セ,4,永島まな,55▲,15,2,１, ,ダ1700,重,,(栗),鈴木孝志,1449,-0.1,2,2,2,36.9,466,+2,
,2023.11.19,福島,3福6,1勝,１勝ｸﾗｽ・牝,6,11,ランスオブサターン,牝,3,泉谷楓真,53☆,15,8,１, ,ダ1700,重,,(栗),本田優,1450,-0.0,8,11,13,37.6,444,-12,
,2023.11.19,福島,3福6,未勝利,未勝利*,5,9,ビバップ,牡,2,丸山元気, 56 ,16,1,１, ,ダ1150,重,,(栗),清水久詞,1088,-1.4,,1,1,36.9,474,+2,
,2023.11.18,福島,3福5,1勝,１勝ｸﾗｽ,8,16,ボーンイングランデ,牡,3,永島まな,53▲,16,3,１, ,芝2000,稍,,(栗),吉田直弘,2037,-0.2,14,12,8,36.4,466,+2,
,2023.11.18,福島,3福5,3勝,キビタＨ･3勝,2,4,ファイアダンサー,牝,5,丸山元気, 54 ,16,5,１, ,芝1200,稍,,(美),鈴木慎太,1101,-0.0,,9,8,35.7,464,0,
,2023.11.18,福島,3福5,2勝,西郷特別･2勝,1,2,アイファーシアトル,牝,3,藤懸貴志, 55 ,16,2,１, ,ダ1150,重,,(栗),鮫島一歩,1074,-0.2,,1,1,36.8,464,-8,
,2023.11.18,福島,3福5,1勝,高湯温泉･1勝,2,3,テイデ,セ,5,佐々木大, 58 ,16,2,１, ,芝1800,稍,,(美),堀宣行,1492,-0.1,10,7,5,37.1,462,-14,B
,2023.11.18,福島,3福5,1勝,１勝ｸﾗｽ,2,4,ヴィントミューレ,セ,5,杉原誠人, 58 ,16,2,１, ,芝1200,稍,,(美),木村哲也,1101,-0.4,,8,8,35.1,432,+2,
,2023.11.18,福島,3福5,未勝利,未勝利*,6,12,オリーボーレン,牝,2,ドイル, 55 ,16,2,１, ,芝1800,稍,,(栗),藤岡健一,1504,-0.6,3,2,2,38.2,472,+2,
,2023.11.18,福島,3福5,1勝,１勝ｸﾗｽ・若,1,1,タロントゥーズ,牡,3,佐々木大,55☆,15,2,１, ,ダ1700,重,,(栗),大久保龍,1445,-0.2,1,2,1,37.5,468,-4,
,2023.11.18,福島,3福5,ｵｰﾌﾟﾝ,障害・オープ,5,7,グレートバローズ,牡,6,高田潤, 61 ,14,1,１, ,芝3380,稍,,(栗),辻野泰之,3468,-0.7,2,1,1,13.4,484,+2,
,2023.11.18,福島,3福5,未勝利,障害未勝利,5,8,ルヴェルディ,牡,4,小野寺祐, 60 ,14,6,１, ,芝2770,稍,,(美),黒岩陽一,3065,-0.1,5,3,3,13.5,486,+8,
,2023.11.18,福島,3福5,未勝利,未勝利*,8,15,コトホドサヨウニ,牡,2,城戸義政, 56 ,15,1,１, ,ダ1700,不,,(栗),奥村豊,1451,-0.1,2,2,2,37.6,498,0,
,2023.11.18,福島,3福5,未勝利,未勝利・牝*,4,7,ルルディルッカ,牝,2,佐々木大,54☆,15,9,１, ,ダ1700,不,,(美),菊川正達,1460,-0.0,5,3,2,39.0,448,-2,
,2023.11.18,福島,3福5,1勝,１勝ｸﾗｽ,2,3,シュガーフロート,牝,4,西塚洸二,53▲,16,2,１, ,ダ1150,不,,(栗),高柳大輔,1076,-0.2,,1,1,36.0,416,-4,
,2023.11.12,福島,3福4,1勝,１勝ｸﾗｽ,8,16,リーゼントミニー,牝,3,古川奈穂,51★,16,11,１, ,ダ1150,良,,(栗),矢作芳人,1081,-0.1,,1,1,37.0,412,-12,
,2023.11.12,福島,3福4,Ｇ３,福島記念ＨG3,3,6,ホウオウエミーズ,牝,6,田辺裕信, 54 ,16,3,１, ,芝2000,良,,(美),池上昌和,2009,-0.0,12,8,3,36.1,450,0,
,2023.11.12,福島,3福4,2勝,福島放送･2勝,4,7,メイクザビート,牡,3,吉田隼人, 56 ,15,4,１, ,ダ1700,良,,(栗),西園正都,1452,-0.0,9,4,3,37.5,494,-4,B
,2023.11.12,福島,3福4,ｵｰﾌﾟﾝ,福島２歳,8,14,エトヴプレ,牝,2,藤岡佑介, 55 ,15,1,１, ,芝1200,良,,(栗),藤岡健一,1104,-0.0,,8,6,35.9,470,+12,
,2023.11.12,福島,3福4,1勝,１勝ｸﾗｽ,6,7,ダイバリオン,牡,4,ドイル, 58 ,11,1,１, ,芝1800,良,,(美),池上昌和,1497,-0.1,11,11,9,35.7,468,+8,
,2023.11.12,福島,3福4,1勝,１勝ｸﾗｽ,2,2,スカプラリオ,牝,3,小林凌大,53△,15,2,１, ,芝1200,良,,(栗),佐々木晶,1106,-0.0,,1,1,36.2,468,+6,B
,2023.11.12,福島,3福4,1勝,１勝ｸﾗｽ,3,3,マコトヴィクラント,牡,3,丸山元気, 56 ,10,4,１, ,ダ2400,良,,(栗),鮫島一歩,2371,-0.2,4,4,3,37.4,470,+6,
,2023.11.12,福島,3福4,未勝利,障害未勝利,1,1,スカイテラス,牡,6,石神深一, 60 ,10,5,１, ,芝2750,良,,(美),和田正一,3051,-0.2,5,6,1,13.5,496,-8,
,2023.11.12,福島,3福4,未勝利,障害未勝利,7,8,ヴェイルネビュラ,セ,5,草野太郎, 60 ,11,4,１, ,芝2750,良,,(美),大竹正博,3034,-0.4,6,3,2,13.3,500,+2,
,2023.11.12,福島,3福4,1勝,１勝ｸﾗｽ・牝,3,3,オースミリン,牝,4,団野大成, 56 ,13,4,１, ,ダ1700,良,,(栗),荒川義之,1476,-0.1,6,7,6,36.6,460,-6,
,2023.11.12,福島,3福4,未勝利,未勝利*,7,14,マイネルレグルス,牡,2,丹内祐次, 56 ,16,1,１, ,芝2000,良,,(美),手塚貴久,2031,-0.6,11,8,6,37.5,484,+6,
,2023.11.12,福島,3福4,未勝利,未勝利*,2,2,アルデドゥオーモ,牡,2,松岡正海, 56 ,15,7,１, ,ダ1700,良,,(美),矢野英一,1488,-0.0,5,2,2,39.4,472,+2,B
,2023.11.11,福島,3福3,1勝,１勝ｸﾗｽ・牝,6,10,プリモカリーナ,牝,4,永島まな,53▲,14,1,１, ,芝1200,良,,(栗),安田隆行,1099,-0.3,,2,2,35.7,434,-6,
,2023.11.11,福島,3福3,3勝,奥羽Ｓ･3勝,1,1,ヴィブラフォン,牝,4,ドイル, 56 ,15,5,１, ,ダ1700,良,,(美),高木登,1447,-0.3,1,1,1,37.3,448,0,
,2023.11.11,福島,3福3,2勝,飯坂温泉･2勝,3,6,ウインモナーク,牡,4,黛弘人, 58 ,16,1,１, ,芝1200,良,,(美),奥平雅士,1097,-0.0,,6,6,35.6,500,-8,B
,2023.11.11,福島,3福3,1勝,二本松特･1勝,5,5,ホウオウスーペリア,牡,3,吉田隼人, 56 ,12,1,１, ,芝2000,良,,(栗),吉岡辰弥,2010,-0.7,3,4,3,36.2,466,-2,
,2023.11.11,福島,3福3,1勝,１勝ｸﾗｽ,6,7,サイブレーカー,牡,3,丹内祐次, 56 ,12,1,１, ,芝2600,良,,(美),武井亮,2447,-0.0,2,2,2,36.6,452,0,
,2023.11.11,福島,3福3,1勝,１勝ｸﾗｽ,4,8,バスドラムガール,牝,3,古川奈穂,51★,16,4,１, ,ダ1150,良,,(栗),羽月友彦,1092,-0.3,,1,1,37.6,454,+2,
,2023.11.11,福島,3福3,1勝,１勝ｸﾗｽ・若,6,11,ビッグボーンリタ,牝,3,永島まな,52▲,16,7,１, ,芝1200,良,,(栗),高橋康之,1100,-0.3,,8,7,35.8,452,+6,
,2023.11.11,福島,3福3,新馬,新馬,3,5,クラッシファイド,牡,2,ドイル, 56 ,16,1,１, ,芝2000,良,,(美),黒岩陽一,2052,-0.4,2,1,1,36.4,462,,
,2023.11.11,福島,3福3,1勝,１勝ｸﾗｽ,8,15,ショウナンライシン,牡,3,佐々木大,55☆,15,1,１, ,ダ1700,稍,,(美),大竹正博,1449,-0.7,2,2,2,38.4,490,-4,
,2023.11.11,福島,3福3,未勝利,未勝利*,3,5,ハピアーザンエバー,牡,2,吉田隼人, 56 ,16,5,１, ,芝1200,良,,(栗),羽月友彦,1108,-0.1,,2,2,36.3,438,0,
,2023.11.11,福島,3福3,未勝利,未勝利*,6,10,タケノシンセイ,牡,2,亀田温心, 56 ,15,4,１, ,ダ1700,稍,,(栗),村山明,1480,-0.1,6,4,4,37.9,450,-2,
,2023.11.11,福島,3福3,未勝利,未勝利・牝*,4,8,パルプフィクション,牝,2,角田大和,54☆,16,4,１, ,ダ1150,稍,,(栗),飯田祐史,1092,-0.9,,1,1,37.0,438,-2,
,"2023.11. 5",福島,3福2,1勝,１勝ｸﾗｽ,6,7,アイファースキャン,牡,3,藤田菜七,55◇,11,1,１, ,ダ1150,良,*,(美),根本康広,1088,-0.5,,1,1,36.9,474,-4,
,"2023.11. 5",福島,3福2,ｵｰﾌﾟﾝ,みちのく,6,11,グレイトゲイナー,牡,6,松本大輝, 57 ,16,10,１, ,芝1200,良,*,(栗),森秀行,1096,-0.1,,2,1,35.7,478,+2,
,"2023.11. 5",福島,3福2,2勝,河北新報･2勝,1,1,レリジールダモーレ,牝,4,横山琉人, 56 ,15,3,１, ,ダ1700,良,,(栗),高橋義忠,1468,-0.3,12,12,8,36.1,446,+2,
,"2023.11. 5",福島,3福2,1勝,三春駒特･1勝,6,10,グランドゴールド,牡,4,勝浦正樹, 58 ,14,3,１, ,芝2000,良,,(栗),羽月友彦,2024,-0.8,12,12,5,35.7,456,+2,
,"2023.11. 5",福島,3福2,1勝,１勝ｸﾗｽ,4,5,マメコ,牝,4,古川奈穂,52★,13,1,１, ,芝1200,良,,(栗),武英智,1104,-0.0,,2,2,36.1,452,+10,
,"2023.11. 5",福島,3福2,1勝,１勝ｸﾗｽ,3,3,ヴェルミセル,牝,3,永島まな,51▲,11,4,１, ,芝2600,良,,(栗),吉村圭司,2429,-0.3,11,6,5,36.3,456,-2,
,"2023.11. 5",福島,3福2,新馬,新馬,2,2,オーケーバーディー,牝,2,横山琉人,54☆,15,1,１, ,ダ1700,良,,(美),相沢郁,1474,-2.9,1,1,1,36.8,438,,
,"2023.11. 5",福島,3福2,未勝利,障害未勝利,1,1,フィルムスコア,牝,5,平沢健治, 58 ,9,5,１, ,芝2750,良,,(栗),平田修,3046,-0.4,2,4,3,13.4,450,-6,
,"2023.11. 5",福島,3福2,未勝利,障害未勝利,1,1,ブラックボイス,牡,4,石神深一, 60 ,11,1,１, ,芝2750,良,,(美),宮田敬介,3033,-1.0,3,2,1,13.3,516,-2,
,"2023.11. 5",福島,3福2,1勝,１勝ｸﾗｽ・若,6,7,タロファイター,牡,4,横山琉人,57☆,12,8,１, ,ダ1700,良,,(栗),中尾秀正,1467,-0.1,4,3,3,38.9,454,-6,
,"2023.11. 5",福島,3福2,未勝利,未勝利*,3,5,アララララ,牡,2,丹内祐次, 56 ,16,1,１, ,芝1200,良,,(美),清水英克,1098,-0.9,,1,1,35.9,436,0,
,"2023.11. 5",福島,3福2,未勝利,未勝利*,7,10,ロードフロンティア,牡,2,永島まな,53▲,12,2,１, ,ダ1150,良,,(栗),松下武士,1085,-0.4,,1,1,37.5,460,0,B
,"2023.11. 4",福島,3福1,1勝,１勝ｸﾗｽ,6,7,メイケイバートン,牡,4,角田大和,57☆,11,4,１, ,芝1200,良,,(栗),中竹和也,1098,-0.0,,4,4,35.3,464,+8,
,"2023.11. 4",福島,3福1,3勝,フルーツ･3勝,6,8,イスラアネーロ,牡,4,石橋脩, 58 ,13,3,１, ,ダ1150,良,,(栗),吉村圭司,1074,-0.5,,3,3,35.6,450,+6,
,"2023.11. 4",福島,3福1,2勝,三陸特Ｈ･2勝,4,7,ダイム,牝,4,古川吉洋, 54 ,16,5,１, ,芝2600,良,,(栗),昆貢,2398,-0.1,12,4,3,37.5,446,-4,
,"2023.11. 4",福島,3福1,1勝,土湯温泉･1勝,5,9,エクロール,牝,4,荻野極, 56 ,16,10,１, ,芝1800,良,,(栗),長谷川浩,1480,-0.3,1,1,1,36.4,432,+6,
,"2023.11. 4",福島,3福1,1勝,１勝ｸﾗｽ,1,1,グランツベリー,牝,3,古川奈穂,51★,13,2,１, ,芝1200,良,,(栗),田中克典,1086,-0.2,,1,1,35.0,440,-6,
,"2023.11. 4",福島,3福1,1勝,１勝ｸﾗｽ,5,6,プメハナ,牝,3,石橋脩, 54 ,13,3,１, ,ダ1700,良,,(栗),鮫島一歩,1456,-0.1,10,8,5,37.1,452,-6,
,"2023.11. 4",福島,3福1,1勝,１勝ｸﾗｽ・若,4,6,ニューノーマル,牝,4,佐々木大,55☆,14,2,１, ,芝1800,良,,(美),上原佑紀,1476,-0.5,6,6,5,35.7,462,-4,
,"2023.11. 4",福島,3福1,新馬,新馬,1,2,イスラアズール,牡,2,小林美駒,52★,16,1,１, ,芝1200,良,,(美),武井亮,1108,-0.3,,1,1,35.8,462,,
,"2023.11. 4",福島,3福1,1勝,１勝ｸﾗｽ,4,4,ペイシャモノノフ,牡,3,川端海翼,53▲,11,3,１, ,ダ2400,良,,(栗),畑端省吾,2341,-1.1,2,2,2,38.7,468,-6,B
,"2023.11. 4",福島,3福1,1勝,１勝ｸﾗｽ・牝,1,1,フクノワカバ,牝,3,鷲頭虎太,52▲,12,8,１, ,ダ1150,良,,(栗),杉山佳明,1091,-0.4,,1,1,37.8,442,-6,
,"2023.11. 4",福島,3福1,未勝利,未勝利*,1,1,マイネルヴォルムス,牡,2,丹内祐次, 56 ,13,2,１, ,芝1800,良,,(美),深山雅史,1498,-0.0,5,4,4,35.2,446,-4,
,"2023.11. 4",福島,3福1,未勝利,未勝利*,5,8,ワイワイレジェンド,牡,2,古川奈穂,52★,15,3,１, ,ダ1700,良,,(栗),矢作芳人,1469,-0.5,1,1,1,39.1,460,+18,
,"2023. 7.23",福島,2福8,1勝,１勝ｸﾗｽ,3,4,スムースベルベット,牝,3,内田博幸, 53 ,14,5,１, ,芝1200,良,,(美),手塚貴久,1092,-0.1,,4,3,35.1,490,-4,B
,"2023. 7.23",福島,2福8,ｵｰﾌﾟﾝ,安達太良,8,11,チェイスザドリーム,牝,4,津村明秀, 55 ,11,4,１, ,ダ1150,良,,(栗),矢作芳人,1072,-0.1,,2,2,36.4,472,+4,
,"2023. 7.23",福島,2福8,2勝,白河特別･2勝,4,7,セイウンプラチナ,牡,4,原優介, 58 ,15,11,１, ,芝1800,良,,(美),小桧山悟,1491,-0.1,1,1,1,35.8,496,+20,
,"2023. 7.23",福島,2福8,2勝,横手特別･2勝,3,5,ロードバルドル,牡,4,戸崎圭太, 58 ,15,5,１, ,ダ1700,良,,(美),稲垣幸雄,1454,-0.1,3,3,2,37.0,472,-6,
,"2023. 7.23",福島,2福8,1勝,１勝ｸﾗｽ,7,12,シルバーティムール,牡,3,田辺裕信, 55 ,14,1,１, ,芝2600,良,,(美),久保田貴,2431,-0.2,10,11,12,36.3,502,+2,
,"2023. 7.23",福島,2福8,未勝利,未勝利,5,9,トウロウノオノ,牝,3,小林美駒,50★,15,4,１, ,ダ1700,良,,(美),竹内正洋,1472,-0.2,4,2,2,38.2,440,+4,
,"2023. 7.23",福島,2福8,新馬,新馬,8,10,ハッピーサプライズ,牡,2,大野拓弥, 55 ,11,6,１, ,芝1200,良,,(美),佐藤吉勝,1118,-0.1,,9,7,35.3,446,,
,"2023. 7.23",福島,2福8,新馬,新馬,3,3,インビジブルセルフ,牡,2,戸崎圭太, 55 ,10,1,１, ,芝2000,良,,(栗),池江泰寿,2037,-0.0,3,4,4,36.8,516,,
,"2023. 7.23",福島,2福8,未勝利,未勝利・牝,3,5,ロジシルバー,牝,3,内田博幸, 54 ,16,1,１, ,芝1800,良,,(美),宮田敬介,1495,-0.1,6,5,3,35.9,478,-6,
,"2023. 7.23",福島,2福8,未勝利,未勝利*,3,3,クラークテソーロ,牡,2,原優介,53△,14,3,１, ,ダ1150,良,,(美),加藤士津,1100,-0.0,,3,3,37.3,500,0,
,"2023. 7.23",福島,2福8,未勝利,未勝利,6,10,セイウンミライズ,牡,3,津村明秀, 56 ,15,1,１, ,ダ1700,良,,(美),奥平雅士,1467,-0.6,9,7,5,38.2,456,-6,
,"2023. 7.23",福島,2福8,未勝利,障害未勝利,1,1,アコルドエール,セ,6,石神深一, 60 ,13,4,１, ,芝2770,良,,(美),中川公成,3042,-0.2,2,1,1,13.3,496,+4,
,"2023. 7.22",福島,2福7,1勝,１勝ｸﾗｽ,1,2,シアージスト,牡,4,大野拓弥, 58 ,16,1,１, ,ダ1150,良,,(美),堀宣行,1083,-0.4,,4,2,37.3,558,-4,
,"2023. 7.22",福島,2福7,3勝,ＴＵＦＨ･3勝,1,1,キャリックアリード,牝,4,戸崎圭太, 55 ,15,1,１, ,ダ1700,良,,(美),高橋文雅,1457,-0.2,5,3,2,38.1,436,-6,
,"2023. 7.22",福島,2福7,2勝,郡山特別･2勝,8,14,ブーケファロス,牡,3,戸崎圭太, 55 ,15,1,１, ,芝1200,良,,(美),清水英克,1091,-0.2,,7,8,34.5,434,+2,
,"2023. 7.22",福島,2福7,1勝,伊達特別･1勝,3,4,フルール,牝,3,菅原明良, 53 ,14,7,１, ,芝1800,良,*,(美),上原佑紀,1495,-0.0,10,8,6,35.4,480,-2,
,"2023. 7.22",福島,2福7,1勝,１勝ｸﾗｽ,3,5,レイズカイザー,牡,3,田辺裕信, 55 ,15,3,１, ,ダ1700,良,,(美),田村康仁,1462,-0.4,1,1,1,38.4,518,0,
,"2023. 7.22",福島,2福7,未勝利,未勝利,2,3,ウインネモフィラ,牝,3,松岡正海, 54 ,16,9,１, ,芝2000,良,,(美),奥平雅士,2025,-0.0,12,11,10,36.2,416,-2,
,"2023. 7.22",福島,2福7,新馬,新馬・牝,3,3,セントメモリーズ,牝,2,石川裕紀, 55 ,12,1,１, ,芝1200,良,,(美),斎藤誠,1108,-0.1,,5,5,34.9,470,,
,"2023. 7.22",福島,2福7,新馬,新馬,4,4,アレグロブリランテ,牡,2,戸崎圭太, 55 ,9,1,１, ,芝1800,良,,(美),上原佑紀,1512,-0.1,4,3,1,36.8,446,,
,"2023. 7.22",福島,2福7,未勝利,未勝利,2,3,ハクサンアイ,牝,3,田辺裕信, 54 ,15,4,１, ,ダ1150,良,,(美),加藤士津,1092,-0.5,,4,5,37.4,472,-2,B
,"2023. 7.22",福島,2福7,未勝利,未勝利,7,13,エルフレスアリー,牝,3,津村明秀, 54 ,16,1,１, ,芝1200,良,,(美),木村哲也,1098,-0.4,,1,1,35.5,420,+2,
,"2023. 7.22",福島,2福7,未勝利,未勝利*,4,4,ティンク,牝,2,大野拓弥, 55 ,7,1,１, ,芝1800,良,,(美),久保田貴,1515,-0.2,3,3,3,35.1,494,+4,
,"2023. 7.22",福島,2福7,未勝利,未勝利*,6,11,オンザヴィーナス,牝,2,戸崎圭太, 55 ,15,1,１, ,芝1200,良,,(美),大和田成,1102,-0.4,,3,3,35.3,420,0,
,"2023. 7.16",福島,2福6,1勝,１勝ｸﾗｽ,2,2,フィンガークリック,牝,3,吉村智洋, 53 ,15,6,１, ,ダ1700,良,,(美),水野貴広,1478,-0.1,5,5,4,38.4,500,-2,
,"2023. 7.16",福島,2福6,ｵｰﾌﾟﾝ,福島テレ,7,13,スマートリアン,牝,6,柴田善臣, 55 ,16,5,１, ,芝1200,良,,(栗),石橋守,1094,-0.0,,7,6,34.4,474,-10,
,"2023. 7.16",福島,2福6,3勝,会津ＳＨ･3勝,2,3,パウオレ,牝,4,戸崎圭太, 54 ,16,1,１, ,ダ1150,良,,(美),嘉藤貴行,1077,-0.0,,3,3,36.9,470,+12,
,"2023. 7.16",福島,2福6,2勝,信夫山特･2勝,2,2,サヴォーナ,牡,3,田辺裕信, 55 ,11,1,１, ,芝2600,良,,(栗),中竹和也,2419,-0.5,1,1,1,36.2,516,+2,
,"2023. 7.16",福島,2福6,1勝,１勝ｸﾗｽ・牝,6,10,タマモバンケット,牝,4,菊沢一樹, 56 ,15,6,１, ,ダ1700,良,,(美),菊沢隆徳,1464,-0.0,6,6,5,38.3,482,-2,
,"2023. 7.16",福島,2福6,未勝利,未勝利,3,5,エンジェリックアイ,牝,3,石橋脩, 54 ,16,5,１, ,芝1800,良,,(美),牧光二,1496,-0.9,1,1,1,37.2,474,-8,
,"2023. 7.16",福島,2福6,新馬,新馬,8,9,レオエンプレス,牝,2,永野猛蔵,54☆,10,3,１, ,芝1200,良,,(美),奥平雅士,1116,-0.2,,1,1,35.4,462,,
,"2023. 7.16",福島,2福6,新馬,新馬・牝,3,3,コスモディナー,牝,2,松岡正海, 55 ,13,12,１, ,芝1800,良,,(美),伊藤伸一,1515,-0.3,3,3,3,34.9,456,,
,"2023. 7.16",福島,2福6,未勝利,未勝利,2,4,ランベントライト,牝,3,吉田豊, 54 ,16,3,１, ,ダ1150,良,,(美),田島俊明,1088,-0.1,,1,1,37.2,450,+4,
,"2023. 7.16",福島,2福6,未勝利,未勝利,8,16,シルバーダイヤ,牝,3,Ｍ．デム, 54 ,16,5,１, ,芝1200,良,,(美),小野次郎,1111,-0.2,,1,1,35.5,454,-4,
,"2023. 7.16",福島,2福6,未勝利,未勝利*,7,11,ロジルーラー,牡,2,戸崎圭太, 55 ,13,1,１, ,芝1800,良,,(美),稲垣幸雄,1515,-0.0,5,5,5,37.1,506,-8,
,"2023. 7.16",福島,2福6,未勝利,未勝利*,5,5,オーキッドロマンス,牡,2,吉村智洋, 55 ,11,3,１, ,芝1200,良,,(美),手塚貴久,1111,-0.5,,1,1,35.7,474,-8,
,"2023. 7.15",福島,2福5,1勝,１勝ｸﾗｽ,3,6,ビップアクア,牝,4,菅原明良, 56 ,16,4,１, ,ダ1150,稍,,(美),田島俊明,1094,-0.0,,9,8,36.3,446,+2,B
,"2023. 7.15",福島,2福5,3勝,バーデン･3勝,1,1,デュガ,牡,4,菅原明良, 58 ,11,6,１, ,芝1200,稍,*,(栗),森秀行,1102,-0.5,,9,9,34.5,502,+4,
,"2023. 7.15",福島,2福5,2勝,米沢特別･2勝,8,16,エコロアイ,牝,3,菅原明良, 53 ,16,3,１, ,ダ1150,稍,,(栗),森秀行,1086,-0.4,,2,3,37.1,502,-10,
,"2023. 7.15",福島,2福5,1勝,南相馬特･1勝,8,9,エイトキングゴッド,牡,3,原優介, 55 ,10,6,１, ,芝2000,稍,,(美),青木孝文,2041,-0.2,3,3,3,36.9,464,-4,
,"2023. 7.15",福島,2福5,1勝,１勝ｸﾗｽ・牝,6,11,サウンドクレア,牝,4,戸崎圭太, 56 ,15,1,１, ,芝1200,稍,,(栗),安達昭夫,1110,-0.0,,3,4,35.4,446,-2,
,"2023. 7.15",福島,2福5,未勝利,未勝利,8,16,トロピカルライト,牝,3,丸田恭介, 54 ,16,1,１, ,芝2600,稍,*,(美),宗像義忠,2454,-1.2,9,7,4,36.8,458,0,
,"2023. 7.15",福島,2福5,新馬,新馬,3,3,アイアムユウシュン,牡,2,戸崎圭太, 55 ,14,1,１, ,ダ1150,稍,,(美),奥平雅士,1099,-0.5,,2,2,37.6,494,,
,"2023. 7.15",福島,2福5,新馬,新馬,8,14,エコロマーズ,牡,2,Ｍ．デム, 55 ,14,2,１, ,芝1800,稍,,(栗),牧浦充徳,1520,-0.2,2,2,1,36.2,484,,
,"2023. 7.15",福島,2福5,未勝利,障害未勝利,7,9,ブラウシュヴァルツ,セ,5,伴啓太, 60 ,11,2,１, ,芝2770,稍,,(美),黒岩陽一,3060,-0.2,1,1,1,13.4,484,-6,
,"2023. 7.15",福島,2福5,未勝利,未勝利,2,2,ショウナンガロ,牡,3,内田博幸, 56 ,15,3,１, ,ダ1700,稍,,(美),武市康男,1474,-0.3,6,4,2,38.6,478,-8,B
,"2023. 7.15",福島,2福5,未勝利,未勝利・牝,8,14,ベルシャンソン,牝,3,水沼元輝,51▲,15,7,１, ,ダ1700,稍,,(美),西田雄一,1489,-0.2,5,5,4,39.8,474,-2,
,"2023. 7.15",福島,2福5,ｵｰﾌﾟﾝ,障害・オープ,4,5,マイネルヴァッサー,牡,10,小野寺祐, 62 ,13,3,１, ,芝3380,稍,,(美),土田稔,3491,-0.0,5,3,3,13.6,428,-6,
,"2023. 7. 9",福島,2福4,2勝,彦星賞･2勝,5,7,サンティーテソーロ,牝,3,戸崎圭太, 53 ,14,2,１, ,芝1200,良,,(美),栗田徹,1084,-0.2,,2,2,34.7,424,0,
,"2023. 7. 9",福島,2福4,Ｇ３,七夕賞ＨG3,8,15,セイウンハーデス,牡,4,幸英明, 57 ,16,2,１, ,芝2000,良,,(栗),橋口慎介,1598,-0.2,4,2,2,34.9,476,-2,B
,"2023. 7. 9",福島,2福4,2勝,天の川賞･2勝,6,11,アシタガアルサ,牡,5,団野大成, 58 ,15,5,１, ,ダ1700,良,,(美),小笠倫弘,1459,-0.0,7,3,2,38.2,458,-6,B
,"2023. 7. 9",福島,2福4,1勝,織姫賞･1勝,7,13,ラファドゥラ,牝,3,木幡巧也, 53 ,16,1,１, ,芝1800,良,,(美),小島茂之,1484,-0.2,14,14,10,35.0,468,-2,
,"2023. 7. 9",福島,2福4,1勝,１勝ｸﾗｽ,8,15,フィールザオーラ,牝,3,小林美駒,50★,16,7,１, ,芝1800,良,,(美),武井亮,1483,-0.1,1,1,1,35.6,464,+12,
,"2023. 7. 9",福島,2福4,未勝利,未勝利,6,10,ピックアップライン,牡,3,武士沢友, 56 ,15,1,１, ,ダ1700,良,,(美),田中剛,1479,-0.3,1,1,1,39.7,514,0,
,"2023. 7. 9",福島,2福4,新馬,新馬,2,2,ニシノオウジョ,牝,2,石川裕紀, 55 ,10,2,１, ,芝1200,良,,(美),尾形和幸,1114,-0.1,,1,1,35.9,432,,
,"2023. 7. 9",福島,2福4,新馬,新馬,4,4,ヘルモーズ,牡,2,団野大成, 55 ,11,2,１, ,芝2000,良,,(栗),小林真也,2044,-0.0,2,2,1,36.4,500,,
,"2023. 7. 9",福島,2福4,未勝利,未勝利,5,9,ボールドトップ,牡,3,原優介,54△,15,13,１, ,ダ1700,良,,(美),鈴木慎太,1473,-0.2,2,2,2,38.8,458,-2,
,"2023. 7. 9",福島,2福4,未勝利,未勝利,4,7,アイリッシュパール,牝,3,戸崎圭太, 54 ,16,1,１, ,芝1200,良,,(美),栗田徹,1099,-0.2,,3,3,35.6,474,+4,
,"2023. 7. 9",福島,2福4,未勝利,未勝利・牝,6,10,レディバローズ,牝,3,菅原明良, 54 ,15,2,１, ,ダ1700,良,,(美),奥村武,1482,-0.0,7,6,5,38.8,490,-4,
,"2023. 7. 9",福島,2福4,未勝利,障害未勝利,5,5,ザレストノーウェア,牡,5,蓑島靖典, 60 ,11,3,１, ,芝2750,良,,(美),新開幸一,3005,-0.6,2,1,1,13.1,460,-8,B
,"2023. 7. 8",福島,2福3,1勝,１勝ｸﾗｽ,1,1,クリノアルバトロス,牡,3,松岡正海, 55 ,13,6,１, ,ダ1150,良,,(美),伊藤伸一,1088,-0.0,,12,11,35.8,496,+10,
,"2023. 7. 8",福島,2福3,3勝,阿武隈Ｈ･3勝,1,1,シンボ,牡,6,戸崎圭太, 57 ,11,5,１, ,芝1800,良,,(栗),小崎憲,1480,-0.0,3,3,2,36.1,480,-2,
,"2023. 7. 8",福島,2福3,2勝,猪苗代特･2勝,4,5,バレエマスター,牡,4,田辺裕信, 58 ,13,5,１, ,芝2000,良,,(栗),梅田智之,2011,-0.2,7,6,5,35.3,472,-6,
,"2023. 7. 8",福島,2福3,1勝,須賀川特･1勝,4,5,ダレモトメラレナイ,牝,4,津村明秀, 56 ,13,4,１, ,芝1200,良,,(美),竹内正洋,1090,-0.2,,1,1,35.0,484,-2,
,"2023. 7. 8",福島,2福3,1勝,１勝ｸﾗｽ,2,2,ヤマニンエンディマ,牡,3,戸崎圭太, 55 ,15,1,１, ,ダ1700,良,,(美),辻哲英,1473,-0.3,2,2,2,37.7,496,+6,
,"2023. 7. 8",福島,2福3,未勝利,未勝利,8,16,サクセスパルス,牡,3,三浦皇成, 56 ,16,4,１, ,芝2000,良,,(美),高柳瑞樹,2037,-0.0,10,7,3,35.8,452,-4,
,"2023. 7. 8",福島,2福3,新馬,新馬・牝,4,4,ラストクリスマス,牝,2,石橋脩, 55 ,12,1,１, ,芝1200,良,,(栗),西園正都,1104,-0.2,,2,2,35.3,446,,
,"2023. 7. 8",福島,2福3,新馬,新馬,7,9,エコロヴァルツ,牡,2,Ｍ．デム, 55 ,12,2,１, ,芝1800,良,,(栗),牧浦充徳,1513,-0.3,3,3,3,35.3,482,,
,"2023. 7. 8",福島,2福3,未勝利,未勝利,8,14,トリオンファーレ,セ,3,石川裕紀, 56 ,15,2,１, ,ダ1700,良,,(美),斎藤誠,1478,-0.0,2,2,2,38.6,460,-2,
,"2023. 7. 8",福島,2福3,未勝利,未勝利・牝,8,15,ベリーベリーベリー,牝,3,小林美駒,50★,16,1,１, ,ダ1150,良,,(美),鈴木伸尋,1089,-0.2,,2,2,37.4,440,-2,
,"2023. 7. 8",福島,2福3,未勝利,未勝利*,5,5,ヴァンヴィーヴ,牡,2,Ｍ．デム, 55 ,7,1,１, ,芝1800,良,,(栗),牧浦充徳,1507,-0.8,5,4,2,36.7,488,-2,
,"2023. 7. 8",福島,2福3,未勝利,未勝利*,8,8,マスクオールウィン,牝,2,Ｍ．デム, 55 ,9,1,１, ,芝1200,良,,(美),牧光二,1099,-0.1,,3,2,35.2,484,+2,
,"2023. 7. 2",福島,2福2,1勝,１勝ｸﾗｽ,5,10,プレジャークルーズ,牝,3,菅原明良, 53 ,16,4,１, ,芝1200,良,,(美),大竹正博,1086,-0.3,,1,1,35.1,488,0,B
,"2023. 7. 2",福島,2福2,Ｇ３,ラジオNIＨG3,3,6,エルトンバローズ,牡,3,西村淳也, 55 ,16,3,１, ,芝1800,良,,(栗),杉山晴紀,1469,-0.1,3,3,3,34.9,500,-2,
,"2023. 7. 2",福島,2福2,2勝,いわき特･2勝,8,12,プリンスミノル,牡,4,田辺裕信, 58 ,12,2,１, ,ダ1700,稍,,(美),中舘英二,1456,-0.3,2,2,1,38.1,456,-4,
,"2023. 7. 2",福島,2福2,2勝,さくらん･2勝,8,16,ドンアミティエ,牡,3,松若風馬, 55 ,16,1,１, ,ダ1150,稍,,(栗),今野貞一,1082,-0.0,,2,2,37.0,472,+4,B
,"2023. 7. 2",福島,2福2,1勝,１勝ｸﾗｽ・牝,4,4,メイショウコバト,牝,3,戸崎圭太, 53 ,10,2,１, ,ダ1700,稍,,(美),和田勇介,1454,-0.1,7,2,2,37.4,452,-2,
,"2023. 7. 2",福島,2福2,未勝利,未勝利,3,5,リーリオブランコ,牝,3,三浦皇成, 54 ,16,6,１, ,芝1800,良,,(美),清水英克,1487,-0.2,6,6,4,35.7,438,+4,
,"2023. 7. 2",福島,2福2,新馬,新馬,8,10,ビッグドリーム,牡,2,幸英明, 55 ,10,1,１, ,芝1200,良,,(栗),西園正都,1102,-1.0,,2,2,34.9,516,,
,"2023. 7. 2",福島,2福2,新馬,新馬,4,8,トレミニョン,牝,2,西村淳也, 55 ,16,2,１, ,芝1800,良,,(美),和田勇介,1516,-0.0,4,5,4,35.3,438,,
,"2023. 7. 2",福島,2福2,未勝利,未勝利,4,7,アイファースキャン,牡,3,藤田菜七,54◇,16,2,１, ,ダ1150,稍,,(美),根本康広,1086,-0.5,,1,1,36.7,476,-2,
,"2023. 7. 2",福島,2福2,未勝利,未勝利・牝,2,3,ソワドリヨン,牝,3,北村宏司, 54 ,16,8,１, ,芝2000,良,,(美),古賀慎明,2012,-0.0,11,8,8,35.7,464,-10,
,"2023. 7. 2",福島,2福2,未勝利,未勝利,1,2,ウィズダムハート,牝,3,菅原明良, 54 ,16,3,１, ,芝1200,良,,(美),上原佑紀,1098,-0.1,,4,3,35.0,422,-6,B
,"2023. 7. 2",福島,2福2,未勝利,未勝利*,3,3,コスモブッドレア,牡,2,石川裕紀, 55 ,7,2,１, ,芝1800,良,,(美),小野次郎,1500,-0.6,1,1,1,35.2,462,+2,
,"2023. 7. 1",福島,2福1,1勝,１勝ｸﾗｽ,8,15,リラックス,牡,3,田辺裕信, 55 ,16,1,１, ,ダ1150,重,,(美),久保田貴,1080,-0.0,,2,2,36.7,506,-4,
,"2023. 7. 1",福島,2福1,3勝,鶴ヶ城Ｓ･3勝,3,3,リリーミニスター,セ,6,石川裕紀, 58 ,13,5,１, ,ダ1700,重,,(栗),緒方努,1437,-0.2,1,1,1,37.0,480,-4,
,"2023. 7. 1",福島,2福1,2勝,松島特別･2勝,4,7,ソレイユヴィータ,牝,3,西村淳也, 53 ,16,1,１, ,芝1800,稍,,(栗),杉山晴紀,1483,-0.4,2,2,2,35.3,452,+14,
,"2023. 7. 1",福島,2福1,1勝,開成山特･1勝,7,8,ヒシシュシュ,牝,5,田辺裕信, 56 ,10,5,１, ,芝2600,稍,,(美),中舘英二,2418,-0.1,4,2,2,36.0,416,-6,
,"2023. 7. 1",福島,2福1,1勝,１勝ｸﾗｽ,2,2,ゴールドバランサー,牡,3,内田博幸, 55 ,15,1,１, ,ダ1700,重,,(美),鈴木慎太,1439,-0.1,1,1,1,37.5,450,-8,
,"2023. 7. 1",福島,2福1,未勝利,未勝利,7,13,アームテイル,牝,3,原優介,52△,16,9,１, ,芝2000,稍,,(美),和田勇介,2011,-0.0,8,7,5,35.6,442,-4,
,"2023. 7. 1",福島,2福1,新馬,新馬,7,10,ピンクヴェノム,牝,2,木幡巧也, 55 ,13,1,１, ,ダ1150,重,,(美),牧光二,1082,-0.5,,1,1,36.5,448,,
,"2023. 7. 1",福島,2福1,新馬,新馬,4,4,シリウスコルト,牡,2,丸田恭介, 55 ,13,10,１, ,芝1200,稍,,(美),宗像義忠,1113,-0.2,,8,8,35.1,448,,
,"2023. 7. 1",福島,2福1,ｵｰﾌﾟﾝ,障害・オープ,8,12,ギガバッケン,セ,8,伴啓太, 60 ,12,2,１, ,芝2750,稍,,(美),岩戸孝樹,2597,-0.2,1,1,1,13.1,530,-2,B
,"2023. 7. 1",福島,2福1,未勝利,未勝利,2,3,スピリチュアル,牝,3,武藤雅, 54 ,15,4,１, ,ダ1700,重,,(美),武藤善則,1465,-0.1,4,5,5,38.5,422,-4,
,"2023. 7. 1",福島,2福1,未勝利,未勝利・牝,8,14,イサチルキュート,牝,3,木幡初也, 54 ,15,2,１, ,ダ1700,重,,(美),竹内正洋,1463,-0.5,1,1,1,37.4,468,-2,
,"2023. 7. 1",福島,2福1,未勝利,障害未勝利,2,2,ラジェドール,セ,5,草野太郎, 60 ,13,7,１, ,芝2750,稍,*,(美),小笠倫弘,3015,-0.6,2,1,2,13.2,492,+2,
,"2023. 4.23",福島,1福6,1勝,１勝ｸﾗｽ,5,5,マサカウマザンマイ,牡,5,原優介,56△,11,6,１, ,ダ1700,良,,(美),青木孝文,1458,-0.0,8,7,4,38.2,488,-2,B
,"2023. 4.23",福島,1福6,2勝,福島中央･2勝,4,8,ショウナンハクラク,牡,4,角田大和, 58 ,16,3,１, ,芝1200,良,,(栗),松下武士,1088,-0.1,,6,5,33.8,468,-2,
,"2023. 4.23",福島,1福6,1勝,飯盛山特･1勝,4,5,ウェイオブライト,セ,5,丸山元気, 58 ,14,1,１, ,芝2000,良,,(栗),高橋康之,2013,-0.1,2,2,2,34.9,518,+2,
,"2023. 4.23",福島,1福6,1勝,燧ヶ岳特･1勝,4,5,タガノバルコス,牡,4,丸山元気, 58 ,14,9,１, ,芝2600,良,,(栗),鮫島一歩,2410,-0.1,6,6,5,35.2,478,-8,
,"2023. 4.23",福島,1福6,1勝,１勝ｸﾗｽ・牝,3,3,レリジールダモーレ,牝,4,横山琉人,55☆,11,3,１, ,ダ1700,良,,(栗),高橋義忠,1469,-0.0,6,6,5,38.0,436,0,
,"2023. 4.23",福島,1福6,未勝利,未勝利,7,14,アイヲツグモノ,牝,3,古川奈穂,50★,16,2,１, ,芝1200,良,,(栗),牧浦充徳,1100,-0.1,,3,3,35.2,486,+4,
,"2023. 4.23",福島,1福6,未勝利,未勝利・若,5,8,タロントゥーズ,牡,3,永島まな,52★,14,1,１, ,ダ1700,良,,(栗),大久保龍,1459,-1.4,1,1,1,38.0,458,-4,
,"2023. 4.23",福島,1福6,未勝利,未勝利・牝,1,1,アマイ,牝,3,杉原誠人, 54 ,16,7,１, ,芝1800,良,,(美),伊藤大士,1495,-0.0,1,1,1,35.1,438,-8,
,"2023. 4.23",福島,1福6,未勝利,障害未勝利,6,8,エターナルボンド,セ,6,五十嵐雄, 60 ,12,3,１, ,芝2770,良,,(美),伊藤圭三,3043,-0.4,3,3,2,13.3,518,0,B
,"2023. 4.23",福島,1福6,未勝利,未勝利,5,8,ディーエスソフィア,牡,3,菱田裕二, 56 ,15,8,１, ,ダ1700,良,,(栗),岡田稲男,1476,-0.0,2,3,3,38.1,456,-2,
,"2023. 4.23",福島,1福6,未勝利,未勝利・牝,6,11,キュベリン,牝,3,佐々木大,51▲,16,8,１, ,芝1200,良,*,(美),嘉藤貴行,1106,-0.0,,2,2,35.3,422,+6,
,"2023. 4.23",福島,1福6,未勝利,未勝利,8,16,キイロノトマト,牝,3,永島まな,50★,16,1,１, ,ダ1150,良,,(美),石栗龍彦,1098,-0.3,,3,3,37.3,440,-10,
,"2023. 4.22",福島,1福5,1勝,１勝ｸﾗｽ,7,10,ドクターマンボウ,牡,4,古川奈穂,54★,13,8,１, ,ダ1150,良,,(栗),牧浦充徳,1085,-0.8,,5,5,36.3,440,-8,B
,"2023. 4.22",福島,1福5,Ｇ３,福島牝馬G3,2,2,ステラリア,牝,5,団野大成, 55 ,15,8,１, ,芝1800,良,,(栗),斉藤崇史,1479,-0.0,6,7,6,34.5,504,+8,
,"2023. 4.22",福島,1福5,2勝,尾瀬特Ｈ･2勝,2,2,ヴィブラフォン,牝,4,佐々木大, 53 ,15,15,１, ,ダ1700,良,,(美),高木登,1458,-0.2,2,2,2,38.1,454,+6,
,"2023. 4.22",福島,1福5,1勝,浄土平特･1勝,5,7,テーオースパロー,牡,4,西村淳也, 58 ,13,3,１, ,芝1200,良,,(栗),清水久詞,1100,-0.3,,10,9,34.8,498,0,
,"2023. 4.22",福島,1福5,1勝,１勝ｸﾗｽ・牝,6,10,リュクスフレンド,牝,5,永島まな,52★,14,4,１, ,芝1800,良,,(美),加藤士津,1485,-0.1,3,2,2,35.8,458,-2,
,"2023. 4.22",福島,1福5,未勝利,未勝利,6,12,ヨリキリ,牡,3,三浦皇成, 56 ,16,1,１, ,芝2000,良,,(栗),浜田多実,2025,-0.2,10,9,6,35.4,482,-8,
,"2023. 4.22",福島,1福5,1勝,１勝ｸﾗｽ,8,10,トーホウテンリュウ,牡,4,菱田裕二, 58 ,10,6,１, ,ダ1700,良,,(栗),谷潔,1468,-0.0,3,2,2,38.4,490,+14,
,"2023. 4.22",福島,1福5,未勝利,障害未勝利,8,10,ポールトゥウィン,牡,6,小牧加矢,58△,11,2,１, ,芝2770,良,,(栗),坂口智康,3043,-0.8,1,1,1,13.3,516,-4,
,"2023. 4.22",福島,1福5,ｵｰﾌﾟﾝ,障害・オープ,8,14,マイネルグロン,牡,5,五十嵐雄, 61 ,14,1,１, ,芝3380,良,,(美),青木孝文,3459,-0.8,1,1,1,13.4,514,-6,
,"2023. 4.22",福島,1福5,未勝利,未勝利・牝,5,7,ペイシャアンジェロ,牝,3,松岡正海, 54 ,14,1,１, ,ダ1700,良,,(美),伊藤伸一,1485,-0.1,3,3,2,38.0,432,0,
,"2023. 4.22",福島,1福5,未勝利,未勝利,5,10,クリノエンジェル,牝,3,角田大和,53☆,16,2,１, ,芝1200,良,,(栗),畑端省吾,1107,-0.0,,4,4,35.1,458,0,
,"2023. 4.22",福島,1福5,未勝利,未勝利,6,11,ディーズメイト,牝,3,丹内祐次, 54 ,16,3,１, ,ダ1150,良,,(美),新開幸一,1092,-1.1,,2,2,37.0,462,-14,
,"2023. 4.16",福島,1福4,1勝,１勝ｸﾗｽ,2,3,サノノヒーロー,セ,5,土田真翔,55▲,16,9,１, ,ダ1150,稍,,(美),尾形和幸,1097,-0.1,,4,3,37.8,468,-2,B
,"2023. 4.16",福島,1福4,OP(L),福島民Ｈ(L),5,7,カレンルシェルブル,牡,5,斎藤新, 56 ,14,2,１, ,芝2000,稍,,(栗),安田翔伍,2016,-0.2,9,8,5,35.4,508,+2,
,"2023. 4.16",福島,1福4,2勝,奥の細道･2勝,6,9,ウインエアフォルク,牡,6,藤田菜七, 58 ,13,11,１, ,芝2600,稍,*,(美),根本康広,2444,-0.1,12,12,12,37.1,478,-2,
,"2023. 4.16",福島,1福4,1勝,医王寺特･1勝,4,7,アドヴァイス,牝,4,丹内祐次, 56 ,16,1,１, ,芝1200,稍,,(栗),石坂公一,1100,-0.3,,1,1,35.8,478,-2,B
,"2023. 4.16",福島,1福4,1勝,１勝ｸﾗｽ・若,8,14,トリプルスリル,牡,4,泉谷楓真,57☆,14,1,１, ,ダ1700,稍,,(栗),村山明,1470,-0.5,4,6,5,37.7,474,+8,B
,"2023. 4.16",福島,1福4,1勝,１勝ｸﾗｽ・牝,6,11,ロゼクラン,牝,5,秋山真一, 56 ,16,4,１, ,芝1200,稍,,(栗),藤沢則雄,1107,-0.0,,14,11,35.7,444,-6,
,"2023. 4.16",福島,1福4,未勝利,未勝利,7,12,ディアサクセサー,牡,3,丸山元気, 56 ,15,2,１, ,ダ1700,稍,,(栗),松永幹夫,1467,-1.2,1,1,1,37.5,520,+14,
,"2023. 4.16",福島,1福4,未勝利,障害未勝利,7,7,パーディシャー,牡,6,小牧加矢,58△,9,3,１, ,芝2750,稍,,(美),久保田貴,3033,-0.2,5,4,1,13.3,450,-4,
,"2023. 4.16",福島,1福4,未勝利,障害未勝利,5,5,アランデル,セ,5,上野翔, 60 ,10,1,１, ,芝2750,稍,,(美),大竹正博,3047,-0.6,2,2,2,13.4,540,+6,
,"2023. 4.16",福島,1福4,未勝利,未勝利・牝,3,5,アナベルヒマワリ,牝,3,富田暁, 54 ,15,1,１, ,ダ1700,稍,,(栗),渡辺薫彦,1470,-0.0,4,4,3,39.2,440,-8,
,"2023. 4.16",福島,1福4,未勝利,未勝利,7,13,フルール,牝,3,富田暁, 54 ,16,8,１, ,芝2000,稍,,(美),上原佑紀,2032,-0.0,6,5,6,37.5,476,+12,
,"2023. 4.16",福島,1福4,未勝利,未勝利・牝,3,6,ユウナイス,牝,3,松本大輝,53☆,16,3,１, ,ダ1150,稍,,(栗),新谷功一,1092,-0.5,,4,2,37.7,482,,
,"2023. 4.15",福島,1福3,1勝,１勝ｸﾗｽ,3,3,ダノンマジック,牡,4,佐々木大,55▲,14,5,１, ,ダ1700,稍,,(美),田中博康,1452,-0.1,1,1,1,37.6,444,0,B
,"2023. 4.15",福島,1福3,2勝,ラジオ福･2勝,5,10,マルモリスペシャル,牡,4,泉谷楓真, 58 ,16,1,１, ,ダ1150,稍,,(栗),大橋勇樹,1076,-0.2,,3,3,36.4,540,+2,
,"2023. 4.15",福島,1福3,1勝,桑折特別･1勝,8,15,カヨウネンカ,牝,4,黛弘人, 56 ,15,3,１, ,芝2000,稍,,(美),斎藤誠,2031,-0.0,12,12,9,35.6,460,+8,
,"2023. 4.15",福島,1福3,1勝,雪うさぎ･1勝,1,1,リトルウインディー,牝,3,勝浦正樹, 54 ,16,3,１, ,芝1200,稍,,(美),稲垣幸雄,1093,-0.6,,3,2,35.8,470,-8,
,"2023. 4.15",福島,1福3,1勝,１勝ｸﾗｽ,8,16,バレエマスター,牡,4,菱田裕二, 58 ,16,3,１, ,芝1800,稍,,(栗),梅田智之,1487,-0.0,15,15,14,35.4,478,-8,
,"2023. 4.15",福島,1福3,1勝,１勝ｸﾗｽ・牝,1,1,ペイシャカレン,牝,4,丹内祐次, 56 ,16,1,１, ,ダ1150,良,,(美),粕谷昌央,1079,-0.4,,1,1,37.2,452,-2,
,"2023. 4.15",福島,1福3,未勝利,未勝利・若,6,12,ウインレイアー,牝,3,永島まな,50★,16,1,１, ,芝1800,良,,(美),和田雄二,1497,-0.4,2,2,2,36.3,442,-2,
,"2023. 4.15",福島,1福3,未勝利,未勝利,2,3,スカプラリオ,牝,3,田中健, 54 ,16,1,１, ,芝1200,良,,(栗),佐々木晶,1094,-0.6,,1,1,35.5,460,-4,B
,"2023. 4.15",福島,1福3,未勝利,未勝利・牝,5,9,エリダヌス,牝,3,丹内祐次, 54 ,16,1,１, ,芝2000,良,*,(美),青木孝文,2018,-0.0,5,3,3,35.7,478,-2,
,"2023. 4.15",福島,1福3,未勝利,未勝利,3,4,タカサンフェイス,牡,3,菱田裕二, 56 ,15,1,１, ,ダ1700,良,*,(栗),森田直行,1478,-0.3,3,3,3,37.0,480,0,
,"2023. 4.15",福島,1福3,未勝利,未勝利,2,4,タリア,牝,3,原優介,52△,16,2,１, ,芝1200,良,,(美),矢野英一,1095,-0.1,,2,2,35.6,426,+2,
,"2023. 4.15",福島,1福3,未勝利,未勝利,3,6,デアシュトゥルム,牡,3,斎藤新, 56 ,16,5,１, ,ダ1150,良,,(栗),吉田直弘,1089,-0.8,,1,1,36.9,450,+6,
,"2023. 4. 9",福島,1福2,1勝,１勝ｸﾗｽ,4,7,ヤマニンループ,牡,4,永島まな,54★,15,5,１, ,芝2000,良,,(栗),松永幹夫,2015,-0.1,14,13,14,36.1,432,+2,
,"2023. 4. 9",福島,1福2,ｵｰﾌﾟﾝ,モルガナ,4,7,ヴィズサクセス,牡,6,武藤雅, 57 ,16,11,１, ,芝1200,良,,(美),奥村武,1094,-0.0,,1,1,35.1,486,+10,
,"2023. 4. 9",福島,1福2,3勝,やまびこ･3勝,3,3,エリモグリッター,セ,6,荻野極, 58 ,13,6,１, ,ダ1150,良,,(美),中野栄治,1081,-0.1,,7,6,36.3,482,+4,
,"2023. 4. 9",福島,1福2,2勝,喜多方特･2勝,5,8,テーオードレフォン,牡,4,古川吉洋, 58 ,15,4,１, ,ダ1700,良,,(栗),梅田智之,1451,-0.1,2,2,2,37.7,496,+2,
,"2023. 4. 9",福島,1福2,1勝,１勝ｸﾗｽ,8,15,ナバロン,牡,4,荻野極, 58 ,15,1,１, ,芝1200,良,,(栗),杉山佳明,1098,-0.5,,6,4,35.1,490,-8,B
,"2023. 4. 9",福島,1福2,1勝,１勝ｸﾗｽ,6,11,エリカヴァレリア,牝,5,菱田裕二, 56 ,16,1,１, ,芝2600,良,,(美),久保田貴,2438,-0.1,5,8,5,35.6,462,-8,
,"2023. 4. 9",福島,1福2,未勝利,未勝利,6,11,カゲマル,牡,3,永島まな,52★,16,1,１, ,ダ1150,稍,,(栗),西園正都,1091,-0.6,,2,2,36.9,500,-4,
,"2023. 4. 9",福島,1福2,未勝利,未勝利・若,3,5,アシャカタカ,牡,3,小林美駒,52★,16,2,１, ,芝1200,稍,,(美),鈴木伸尋,1099,-0.7,,1,1,36.0,462,0,
,"2023. 4. 9",福島,1福2,未勝利,障害未勝利,3,3,レディステディゴー,牡,5,難波剛健, 60 ,11,2,１, ,芝2750,稍,,(栗),中村直也,3048,-0.6,4,2,2,13.4,516,0,
,"2023. 4. 9",福島,1福2,1勝,１勝ｸﾗｽ・牝,5,7,トゥーサン,牝,4,菱田裕二, 56 ,14,5,１, ,ダ1700,稍,,(栗),吉岡辰弥,1461,-0.3,11,5,3,38.8,452,0,B
,"2023. 4. 9",福島,1福2,未勝利,未勝利,3,6,バレンタインソング,牡,3,永島まな,52★,16,1,１, ,芝1800,稍,,(栗),小崎憲,1506,-0.0,7,6,6,37.4,448,-2,
,"2023. 4. 9",福島,1福2,未勝利,未勝利,6,10,タマモマスラオ,牡,3,小沢大仁,55☆,15,7,１, ,ダ1700,稍,,(栗),緒方努,1474,-0.1,2,2,2,38.6,480,-4,
,"2023. 4. 8",福島,1福1,1勝,１勝ｸﾗｽ,2,4,ショウナンハクラク,牡,4,西村淳也, 58 ,16,2,１, ,芝1200,良,,(栗),松下武士,1085,-0.2,,3,3,34.6,470,-18,
,"2023. 4. 8",福島,1福1,ｵｰﾌﾟﾝ,吾妻小富Ｈ,6,10,ブラックアーメット,牡,5,泉谷楓真, 56 ,15,11,１, ,ダ1700,良,,(栗),角田晃一,1446,-0.0,6,6,7,37.5,510,+4,
,"2023. 4. 8",福島,1福1,2勝,花見山特･2勝,3,6,オードゥメール,牝,4,斎藤新, 56 ,16,5,１, ,芝1200,良,,(美),斎藤誠,1090,-0.1,,10,12,35.2,454,-8,
,"2023. 4. 8",福島,1福1,1勝,ひめさゆ･1勝,1,1,ソレイユヴィータ,牝,3,西村淳也, 54 ,11,1,１, ,芝2000,良,,(栗),杉山晴紀,2010,-0.0,3,3,2,36.4,438,-6,
,"2023. 4. 8",福島,1福1,1勝,１勝ｸﾗｽ,7,13,キングクー,牡,4,藤田菜七,56◇,16,3,１, ,ダ1150,良,,(栗),村山明,1082,-0.2,,1,1,37.4,506,+4,
,"2023. 4. 8",福島,1福1,未勝利,未勝利,2,3,レッドヴァジュラ,牡,3,富田暁, 56 ,16,2,１, ,芝2600,良,,(栗),池江泰寿,2421,-0.1,3,3,4,37.1,488,-6,B
,"2023. 4. 8",福島,1福1,1勝,１勝ｸﾗｽ,3,4,ワールドタキオン,牡,5,斎藤新, 58 ,15,3,１, ,ダ1700,良,,(美),斎藤誠,1459,-0.7,5,3,2,37.3,510,-6,
,"2023. 4. 8",福島,1福1,未勝利,障害未勝利,7,8,トライフォーリアル,セ,6,五十嵐雄, 60 ,11,2,１, ,芝2750,良,,(美),萩原清,3018,-1.0,4,2,2,13.2,488,-12,
,"2023. 4. 8",福島,1福1,ｵｰﾌﾟﾝ,障害・オープ,7,11,グレートバローズ,牡,6,小坂忠士, 60 ,14,1,１, ,芝2750,良,,(栗),辻野泰之,2576,-1.5,7,1,1,12.9,484,-4,
,"2023. 4. 8",福島,1福1,未勝利,未勝利・若,4,7,ビービーグラーテス,牡,3,河原田菜,52★,15,3,１, ,ダ1700,良,,(栗),加用正,1474,-0.1,2,2,1,38.4,482,+2,
,"2023. 4. 8",福島,1福1,未勝利,未勝利,7,14,セレッソデアモール,牝,3,富田暁, 54 ,16,5,１, ,芝1200,良,,(栗),庄野靖志,1089,-0.5,,2,2,34.8,464,-4,
,"2023. 4. 8",福島,1福1,未勝利,未勝利・牝,8,14,ヴィラーゴスリーブ,牝,3,鷲頭虎太,51▲,15,1,１, ,ダ1700,良,,(栗),藤原英昭,1481,-0.2,3,2,2,39.1,478,0,B
,2022.11.20,福島,3福6,1勝,１勝ｸﾗｽ,8,15,エナジーグラン,牡,3,亀田温心,55☆,16,8,１, ,芝1200,良,,(栗),高柳大輔,1096,-0.1,,7,8,34.9,454,-2,
,2022.11.20,福島,3福6,OP(L),福島民友(L),6,10,ベルダーイメル,牡,5,柴田善臣, 56 ,14,8,１, ,ダ1700,良,,(栗),本田優,1447,-0.0,3,3,2,36.5,456,-4,
,2022.11.20,福島,3福6,2勝,五色沼特･2勝,7,13,ウインピクシス,牝,3,松岡正海, 53 ,16,1,１, ,芝1800,良,,(美),上原博之,1498,-0.3,1,1,1,35.3,446,0,
,2022.11.20,福島,3福6,1勝,磐梯山特･1勝,3,5,マイネルメサイア,牡,3,津村明秀, 55 ,15,5,１, ,芝2600,良,,(美),水野貴広,2431,-0.1,6,5,4,36.6,470,+4,
,2022.11.20,福島,3福6,1勝,１勝ｸﾗｽ,8,16,サイモンルピナス,牝,4,斎藤新, 55 ,16,4,１, ,ダ1150,良,,(栗),羽月友彦,1088,-0.2,,2,2,37.1,436,-2,B
,2022.11.20,福島,3福6,1勝,１勝ｸﾗｽ・牝,2,4,ヴェントボニート,牝,5,角田大和,54☆,16,4,１, ,芝1800,良,,(栗),池添学,1491,-0.1,9,10,9,36.0,426,-2,
,2022.11.20,福島,3福6,新馬,新馬,7,12,パルクリチュード,牝,2,西村淳也, 54 ,15,2,１, ,ダ1700,良,,(栗),松永幹夫,1471,-0.5,1,1,1,37.7,428,,
,2022.11.20,福島,3福6,未勝利,障害未勝利,4,4,ジャディード,牡,7,石神深一, 60 ,11,1,１, ,芝2770,良,,(美),小島茂之,3048,-0.0,5,1,1,13.3,452,+4,
,2022.11.20,福島,3福6,未勝利,障害未勝利,6,8,ジューンベロシティ,牡,4,高田潤, 60 ,12,7,１, ,芝2770,良,,(栗),武英智,3019,-0.4,3,3,3,13.1,464,-2,
,2022.11.20,福島,3福6,1勝,１勝ｸﾗｽ・若,3,4,ヒデノレインボー,牡,3,原優介,53△,15,1,１, ,ダ1700,良,,(栗),梅田智之,1467,-0.0,5,4,3,37.4,474,+4,
,2022.11.20,福島,3福6,未勝利,未勝利*,2,3,フランコルシャン,牡,2,武藤雅, 55 ,15,6,１, ,ダ1700,良,,(美),高木登,1488,-0.0,14,11,11,38.6,468,+2,
,2022.11.20,福島,3福6,未勝利,未勝利*,5,9,エコロレジーナ,牝,2,佐々木大,51▲,16,1,１, ,ダ1150,良,,(美),菊沢隆徳,1096,-0.0,,1,1,37.6,476,0,
,2022.11.19,福島,3福5,1勝,１勝ｸﾗｽ,6,11,エニシノウタ,牝,4,藤田菜七,53◇,16,3,１, ,芝2000,良,,(栗),笹田和秀,2017,-0.0,13,12,11,35.4,452,-4,
,2022.11.19,福島,3福5,3勝,みちのく･3勝,5,10,ダークペイジ,牝,3,荻野極, 54 ,16,3,１, ,芝1200,良,*,(栗),吉村圭司,1097,-0.0,,5,5,35.4,456,+4,
,2022.11.19,福島,3福5,2勝,西郷特Ｈ･2勝,8,15,ヴァリアント,牡,6,菱田裕二, 56 ,16,1,１, ,ダ1150,良,,(栗),茶木太樹,1083,-0.3,,7,6,37.0,482,-12,
,2022.11.19,福島,3福5,1勝,三春駒特･1勝,8,15,ウインシュクラン,セ,4,西村淳也, 57 ,16,2,１, ,芝1800,良,,(美),鹿戸雄一,1491,-0.1,2,2,2,35.8,462,+2,
,2022.11.19,福島,3福5,1勝,１勝ｸﾗｽ,6,11,ボルタドマール,牡,3,永島まな,52★,16,2,１, ,ダ1150,良,,(美),黒岩陽一,1085,-0.1,,2,2,37.4,520,+6,B
,2022.11.19,福島,3福5,1勝,１勝ｸﾗｽ・若,2,4,マイネルレノン,牡,3,泉谷楓真,55☆,16,1,１, ,芝1200,良,,(栗),宮徹,1098,-0.0,,1,1,35.0,470,+8,
,2022.11.19,福島,3福5,1勝,１勝ｸﾗｽ,1,1,ダノンピーカブー,牡,3,菱田裕二, 55 ,16,1,１, ,ダ2400,良,,(栗),大久保龍,2342,-0.2,1,1,1,39.7,474,+10,
,2022.11.19,福島,3福5,新馬,新馬,6,7,ドットクルー,牡,2,丸山元気, 55 ,11,1,１, ,芝1800,良,,(栗),笹田和秀,1564,-0.1,2,1,2,34.9,462,,
,2022.11.19,福島,3福5,未勝利,未勝利*,3,6,トロピカルヒーロー,牡,2,佐々木大,52▲,16,1,１, ,芝1200,良,*,(美),武藤善則,1103,-0.5,,3,3,35.7,482,-2,
,2022.11.19,福島,3福5,未勝利,未勝利*,7,14,レミージュ,牝,2,丸山元気, 54 ,16,8,１, ,芝1800,良,,(栗),松永幹夫,1512,-0.1,5,4,3,35.8,434,+2,
,2022.11.19,福島,3福5,1勝,１勝ｸﾗｽ,6,10,トーセンマーク,牡,4,菊沢一樹, 57 ,15,9,１, ,ダ1700,良,,(美),古賀慎明,1459,-0.2,13,11,6,38.0,524,+2,B
,2022.11.19,福島,3福5,未勝利,未勝利・牝*,2,2,ユアフラッシュ,牝,2,富田暁, 54 ,15,5,１, ,ダ1700,良,,(栗),辻野泰之,1489,-0.1,6,4,3,39.8,440,+4,
,2022.11.13,福島,3福4,1勝,１勝ｸﾗｽ,3,5,ユウグロスファクタ,牝,3,西村淳也, 54 ,16,1,１, ,ダ1150,良,,(栗),新谷功一,1088,-0.2,,2,2,36.5,500,+4,
,2022.11.13,福島,3福4,Ｇ３,福島記念ＨG3,1,2,ユニコーンライオン,牡,6,国分優作, 57 ,16,10,１, ,芝2000,良,,(栗),矢作芳人,2002,-0.3,1,1,1,36.2,530,-2,B
,2022.11.13,福島,3福4,2勝,福島放送･2勝,3,5,コスモセイリュウ,牡,5,国分優作, 57 ,15,7,１, ,ダ1700,良,,(美),中野栄治,1458,-0.0,11,9,7,37.5,494,-10,
,2022.11.13,福島,3福4,ｵｰﾌﾟﾝ,福島２歳,2,4,ビッグシーザー,牡,2,酒井学, 55 ,16,1,１, ,芝1200,良,,(栗),西園正都,1100,-0.3,,6,5,34.7,498,+2,
,2022.11.13,福島,3福4,1勝,１勝ｸﾗｽ,2,3,パトリックハンサム,牡,3,勝浦正樹, 55 ,16,8,１, ,芝1800,良,,(美),菊沢隆徳,1502,-0.1,15,11,11,34.5,462,-4,
,2022.11.13,福島,3福4,1勝,１勝ｸﾗｽ・牝,5,9,フリートオブフット,牝,3,菅原明良, 54 ,16,2,１, ,芝1200,良,,(美),奥村武,1103,-0.2,,10,10,34.7,440,-4,
,2022.11.13,福島,3福4,1勝,１勝ｸﾗｽ,6,11,ウインアウォード,牡,3,西村淳也, 55 ,15,2,１, ,ダ1700,良,,(栗),杉山晴紀,1461,-0.5,1,1,1,37.5,516,+6,
,2022.11.13,福島,3福4,未勝利,障害未勝利,3,3,アームストロング,牡,4,草野太郎, 60 ,8,3,１, ,芝2750,良,,(美),南田美知,3059,-0.1,3,1,1,13.5,496,0,
,2022.11.13,福島,3福4,未勝利,障害未勝利,4,4,ヤマニンマヒア,牡,6,石神深一, 60 ,8,2,１, ,芝2750,良,,(美),辻哲英,3032,-0.4,2,1,1,13.3,456,0,
,2022.11.13,福島,3福4,1勝,１勝ｸﾗｽ・牝,4,6,ドローム,牝,4,森裕太朗, 55 ,15,9,１, ,ダ1700,良,,(栗),飯田雄三,1466,-0.2,4,6,4,37.7,468,+20,
,2022.11.13,福島,3福4,未勝利,未勝利*,6,12,サヴォーナ,牡,2,松本大輝,54☆,16,1,１, ,芝2000,良,,(栗),中竹和也,2020,-0.2,9,8,6,35.6,510,-8,
,2022.11.13,福島,3福4,未勝利,未勝利*,3,4,スタボーンイメル,牡,2,菱田裕二, 55 ,15,2,１, ,ダ1700,良,,(栗),高橋義忠,1487,-0.0,13,5,2,39.2,496,+8,
,2022.11.12,福島,3福3,1勝,１勝ｸﾗｽ,8,15,イールテソーロ,牝,3,永島まな,50★,16,12,１, ,芝1200,良,,(美),加藤和宏,1107,-0.0,,1,1,35.5,474,-6,
,2022.11.12,福島,3福3,3勝,奥羽Ｓ･3勝,5,8,ジャズブルース,牡,3,団野大成, 55 ,15,2,１, ,ダ1700,良,,(栗),吉村圭司,1447,-0.9,4,2,2,37.2,458,0,
,2022.11.12,福島,3福3,2勝,会津特別･2勝,4,7,ジャストザビアンカ,牝,4,菊沢一樹, 55 ,16,8,１, ,芝1200,良,,(栗),牧浦充徳,1102,-0.1,,10,7,35.8,464,+4,
,2022.11.12,福島,3福3,1勝,二本松特･1勝,2,2,サンデイビス,牡,4,菊沢一樹, 57 ,15,6,１, ,芝2000,良,,(美),村田一誠,2007,-0.1,7,7,6,36.5,502,-4,
,2022.11.12,福島,3福3,1勝,１勝ｸﾗｽ,1,1,ブラックラテ,牡,4,角田大和,56☆,16,11,１, ,芝2600,良,,(栗),梅田智之,2430,-0.0,6,9,7,36.1,498,+6,
,2022.11.12,福島,3福3,1勝,１勝ｸﾗｽ・若,3,4,マジック,牡,4,亀田温心,56☆,15,3,１, ,ダ1700,良,,(栗),高柳大輔,1459,-0.2,1,1,1,38.2,514,+2,
,2022.11.12,福島,3福3,1勝,１勝ｸﾗｽ,1,1,エンジェルシリカ,牝,3,横山琉人,52△,16,1,１, ,芝1200,良,,(栗),矢作芳人,1098,-0.2,,4,2,35.2,448,-6,
,2022.11.12,福島,3福3,新馬,新馬,6,9,ボーンイングランデ,牡,2,斎藤新, 55 ,14,4,１, ,芝2000,良,,(栗),吉田直弘,2049,-0.4,8,1,1,36.0,468,,
,2022.11.12,福島,3福3,1勝,１勝ｸﾗｽ・牝,4,7,ミロワール,牝,3,菱田裕二, 54 ,16,2,１, ,ダ1150,良,,(栗),安田隆行,1086,-0.9,,1,1,36.6,434,-8,
,2022.11.12,福島,3福3,未勝利,未勝利*,1,2,ヴェンチュラムーン,牡,2,横山琉人,53△,16,2,１, ,芝1200,良,,(美),小島茂之,1103,-0.2,,10,10,35.0,426,+2,
,2022.11.12,福島,3福3,未勝利,未勝利*,8,14,プメハナ,牝,2,斎藤新, 54 ,14,4,１, ,ダ1700,良,,(栗),鮫島一歩,1484,-0.0,2,1,1,38.0,450,-4,
,2022.11.12,福島,3福3,未勝利,未勝利・牝*,8,16,エレガントムーン,牝,2,角田大和,53☆,16,3,１, ,ダ1150,良,,(栗),牧浦充徳,1095,-0.2,,4,3,37.5,416,+4,
,"2022.11. 6",福島,3福2,1勝,１勝ｸﾗｽ,2,4,アスターディゴン,牡,3,角田大和,55☆,16,2,１, ,芝1200,良,,(栗),中竹和也,1095,-0.0,,4,3,35.7,472,-4,
,"2022.11. 6",福島,3福2,3勝,フルーツ･3勝,2,2,ヤマトコウセイ,牝,3,小林脩斗, 54 ,13,2,１, ,ダ1150,良,,(美),武井亮,1081,-0.1,,4,2,36.7,460,+2,
,"2022.11. 6",福島,3福2,2勝,三陸特Ｈ･2勝,7,13,トラウンシュタイン,牡,4,斎藤新, 54 ,15,5,１, ,芝2600,良,,(栗),奥村豊,2393,-0.4,12,10,4,36.4,450,+2,B
,"2022.11. 6",福島,3福2,1勝,高湯温泉･1勝,2,3,シゲルローズマリー,牡,3,斎藤新, 55 ,15,2,１, ,芝1800,良,,(栗),渡辺薫彦,1489,-0.2,11,11,12,35.3,472,+2,
,"2022.11. 6",福島,3福2,1勝,１勝ｸﾗｽ・若,7,13,ブルーロワイヤル,セ,3,角田大和,54☆,16,3,１, ,芝2000,良,,(栗),音無秀孝,2007,-0.3,4,1,1,36.7,524,+16,B
,"2022.11. 6",福島,3福2,1勝,１勝ｸﾗｽ,3,4,ナサ,牝,4,亀田温心,54☆,15,3,１, ,ダ1150,良,,(栗),藤沢則雄,1085,-0.4,,4,3,36.8,462,-4,
,"2022.11. 6",福島,3福2,未勝利,未勝利*,4,7,マイレーヌ,牝,2,斎藤新, 54 ,16,2,１, ,芝1800,良,,(美),斎藤誠,1499,-0.2,1,1,1,37.1,494,-6,
,"2022.11. 6",福島,3福2,新馬,新馬,7,13,トラベログ,牝,2,丸山元気, 54 ,16,1,１, ,芝1200,良,,(美),岩戸孝樹,1105,-0.1,,2,2,35.8,472,,
,"2022.11. 6",福島,3福2,未勝利,障害未勝利,8,11,タマモワカムシャ,セ,3,小牧加矢,56▲,12,2,１, ,芝2750,良,,(栗),五十嵐忠,3019,-0.3,5,2,2,13.2,470,+2,
,"2022.11. 6",福島,3福2,1勝,１勝ｸﾗｽ・牝,6,11,スマートムーラン,牝,3,秋山真一, 53 ,15,2,１, ,ダ1700,良,,(栗),大久保龍,1454,-0.1,11,7,5,37.4,452,-4,
,"2022.11. 6",福島,3福2,未勝利,未勝利*,2,3,ミルトクレイモー,牡,2,永島まな,51★,16,1,１, ,芝1200,良,,(栗),中村直也,1091,-0.4,,1,1,35.6,502,+12,
,"2022.11. 6",福島,3福2,未勝利,未勝利*,5,5,コスモバラタ,牡,2,原優介,53△,11,1,１, ,ダ1700,良,,(美),武市康男,1495,-0.0,4,1,1,41.4,462,+6,
,"2022.11. 5",福島,3福1,1勝,１勝ｸﾗｽ,2,4,メルヴィル,牝,3,角田大和,53☆,16,1,１, ,芝1200,良,,(栗),音無秀孝,1091,-0.0,,1,1,35.0,428,-8,B
,"2022.11. 5",福島,3福1,2勝,河北新報･2勝,2,2,ラヴィータエベラ,牡,5,西村淳也, 57 ,15,2,１, ,ダ1700,良,,(栗),田中克典,1452,-0.3,1,1,1,37.3,504,-14,
,"2022.11. 5",福島,3福1,1勝,飯坂温泉･1勝,5,10,ヨシノイースター,牡,4,富田暁, 57 ,16,1,１, ,芝1200,良,,(栗),中尾秀正,1087,-0.1,,2,2,34.8,478,+6,
,"2022.11. 5",福島,3福1,1勝,土湯温泉･1勝,5,9,アレグロモデラート,牝,3,富田暁, 53 ,15,3,１, ,芝2000,良,,(美),武井亮,2013,-0.0,5,4,3,35.7,484,+14,
,"2022.11. 5",福島,3福1,1勝,１勝ｸﾗｽ,8,15,ミステリーウェイ,セ,4,永島まな,53★,16,1,１, ,芝2600,良,,(栗),小林真也,2398,-0.1,4,3,2,36.7,494,+8,B
,"2022.11. 5",福島,3福1,1勝,１勝ｸﾗｽ,8,15,サザンエルフ,牝,3,松本大輝,53☆,16,4,１, ,ダ1150,良,,(美),中川公成,1078,-0.4,,4,3,36.0,466,0,
,"2022.11. 5",福島,3福1,1勝,１勝ｸﾗｽ,8,11,リヴェット,牡,4,柴山雄一, 57 ,11,9,１, ,ダ2400,良,,(美),田村康仁,2345,-0.8,1,1,1,38.3,486,-6,
,"2022.11. 5",福島,3福1,未勝利,障害未勝利,6,6,エクスパートラン,牡,7,高田潤, 60 ,8,2,１, ,芝2750,良,,(栗),小崎憲,3037,-0.2,3,2,2,13.4,464,-2,
,"2022.11. 5",福島,3福1,ｵｰﾌﾟﾝ,障害・オープ,4,6,ナギサ,牝,4,森一馬, 59 ,14,5,１, ,芝3350,良,,(栗),本田優,3428,-0.1,5,3,3,13.3,506,+2,
,"2022.11. 5",福島,3福1,1勝,１勝ｸﾗｽ・若,7,13,ジュリエットパール,牝,4,菊沢一樹, 55 ,15,9,１, ,ダ1700,良,,(栗),西村真幸,1452,-1.0,8,4,3,37.0,468,-4,
,"2022.11. 5",福島,3福1,未勝利,未勝利・牝*,3,6,オーサムサンライズ,牝,2,永島まな,50★,16,2,１, ,芝1200,良,,(栗),石坂公一,1094,-0.4,,3,2,35.7,406,+2,
,"2022.11. 5",福島,3福1,未勝利,未勝利*,4,8,ビルカール,牡,2,柴田善臣, 55 ,16,3,１, ,ダ1150,良,,(美),水野貴広,1095,-0.1,,2,2,37.7,484,+14,
,"2022. 7.24",福島,2福8,1勝,１勝ｸﾗｽ,5,10,オードゥメール,牝,3,菅原明良, 52 ,16,3,１, ,芝1200,良,,(美),斎藤誠,1099,-0.3,,3,3,35.4,456,+4,
,"2022. 7.24",福島,2福8,OP(L),ジュライ(L),2,2,ニューモニュメント,牡,6,小崎綾也, 56 ,15,2,１, ,ダ1700,良,*,(栗),小崎憲,1437,-0.2,7,6,6,36.9,486,-4,
,"2022. 7.24",福島,2福8,2勝,白河特別･2勝,3,3,エリオトローピオ,牝,3,松岡正海, 52 ,10,2,１, ,芝1800,良,,(美),深山雅史,1494,-0.1,3,4,4,36.0,402,-6,
,"2022. 7.24",福島,2福8,2勝,米沢特別･2勝,3,6,エスケーアタランタ,牝,6,石橋脩, 55 ,16,8,１, ,ダ1150,稍,,(栗),木原一良,1075,-0.1,,10,9,35.5,476,-8,
,"2022. 7.24",福島,2福8,1勝,１勝ｸﾗｽ,4,6,サラフィエル,牡,3,菊沢一樹, 54 ,15,3,１, ,ダ1700,稍,,(美),鈴木慎太,1454,-0.1,7,5,6,38.3,438,+2,B
,"2022. 7.24",福島,2福8,未勝利,未勝利,5,9,シャドウマッドネス,セ,3,原優介,53▲,16,2,１, ,芝2000,良,,(美),和田勇介,2039,-0.2,7,6,6,36.9,438,+4,
,"2022. 7.24",福島,2福8,新馬,新馬・牝,8,14,アウクソー,牝,2,戸崎圭太, 54 ,14,1,１, ,芝1200,良,,(栗),安田隆行,1110,-0.9,,3,3,36.2,412,,
,"2022. 7.24",福島,2福8,新馬,新馬,3,3,ラパンラピッド,牡,2,菅原明良, 54 ,12,1,１, ,芝1800,良,,(美),武井亮,1564,-0.0,4,3,2,36.1,488,,
,"2022. 7.24",福島,2福8,未勝利,未勝利,4,8,ハロースクロール,牝,3,田辺裕信, 54 ,16,4,１, ,ダ1150,稍,,(美),手塚貴久,1092,-0.1,,2,2,37.4,436,-2,B
,"2022. 7.24",福島,2福8,未勝利,未勝利*,7,11,マイネルビジョン,牡,2,石川裕紀, 54 ,13,2,１, ,芝1800,良,,(美),高木登,1517,-0.1,2,2,2,36.9,442,+4,
,"2022. 7.24",福島,2福8,未勝利,未勝利,6,11,サイモンソーラン,牡,3,吉田豊, 56 ,15,7,１, ,ダ1700,稍,,(美),勢司和浩,1463,-1.1,1,1,1,37.6,478,+4,
,"2022. 7.24",福島,2福8,未勝利,障害未勝利,3,3,アルーフクライ,セ,8,大江原圭, 60 ,11,2,１, ,芝2770,良,,(美),宗像義忠,3039,-0.5,1,1,1,13.3,478,-6,
,"2022. 7.23",福島,2福7,1勝,１勝ｸﾗｽ,5,9,シャインユニバンス,牝,4,石橋脩, 55 ,15,7,１, ,芝2600,稍,,(美),田村康仁,2439,-0.0,8,7,6,36.7,420,-6,
,"2022. 7.23",福島,2福7,3勝,安達太Ｈ･3勝,3,4,クインズメリッサ,牝,4,藤懸貴志, 53 ,15,2,１, ,ダ1150,重,,(栗),宮本博,1066,-0.4,,1,1,35.7,478,+10,
,"2022. 7.23",福島,2福7,2勝,横手特別･2勝,7,13,ロードインファイト,牡,5,石川裕紀, 57 ,15,6,１, ,ダ1700,重,,(栗),野中賢二,1450,-0.0,6,2,2,37.7,450,0,B
,"2022. 7.23",福島,2福7,1勝,伊達特別･1勝,7,11,ロジレット,牝,3,石川裕紀, 52 ,14,3,１, ,芝1800,稍,,(美),稲垣幸雄,1504,-0.1,5,4,1,36.1,446,+4,
,"2022. 7.23",福島,2福7,1勝,１勝ｸﾗｽ,3,6,アレクサンドラ,牝,3,菅原明良, 52 ,16,6,１, ,ダ1150,重,,(美),矢野英一,1071,-0.2,,2,2,35.8,510,+16,
,"2022. 7.23",福島,2福7,未勝利,未勝利・牝,5,10,オメガオリーブ,牝,3,菅原明良, 54 ,16,3,１, ,芝1800,稍,,(美),大和田成,1506,-0.4,4,5,3,36.3,390,-12,
,"2022. 7.23",福島,2福7,新馬,新馬,8,12,デイドリームビーチ,牡,2,杉原誠人, 54 ,12,7,１, ,芝1200,稍,,(美),石毛善彦,1122,-0.1,,7,6,36.2,436,,
,"2022. 7.23",福島,2福7,新馬,新馬,8,10,レストア,牡,2,菅原明良, 54 ,10,1,１, ,芝2000,稍,,(美),小笠倫弘,2089,-0.3,4,1,1,36.2,490,,
,"2022. 7.23",福島,2福7,未勝利,未勝利,3,4,プラウドヘリテージ,牡,3,松岡正海, 56 ,15,11,１, ,ダ1700,重,,(美),田中剛,1465,-0.0,1,1,1,38.1,514,,
,"2022. 7.23",福島,2福7,未勝利,未勝利,2,3,ラブミードゥ,牝,3,Ｍ．デム, 54 ,16,2,１, ,芝1200,稍,,(美),南田美知,1108,-0.1,,7,4,36.0,442,+4,
,"2022. 7.23",福島,2福7,未勝利,未勝利*,4,4,ゴールデンハインド,牝,2,戸崎圭太, 54 ,13,4,１, ,芝1800,稍,,(美),武市康男,1530,-0.1,1,1,1,36.7,478,+2,
,"2022. 7.23",福島,2福7,未勝利,未勝利*,7,13,ブーケファロス,牡,2,菅原明良, 54 ,15,1,１, ,芝1200,稍,,(美),清水英克,1107,-0.3,,10,10,35.0,426,0,
,"2022. 7.17",福島,2福6,1勝,１勝ｸﾗｽ,7,12,バレルゾーン,牡,3,三浦皇成, 54 ,15,8,１, ,ダ1700,稍,,(美),高柳瑞樹,1447,-0.7,2,2,2,37.1,496,-2,
,"2022. 7.17",福島,2福6,ｵｰﾌﾟﾝ,福島テレ,6,11,オパールシャルム,牝,5,江田照男, 54 ,16,3,１, ,芝1200,良,,(美),武藤善則,1094,-0.1,,2,2,34.7,470,+4,
,"2022. 7.17",福島,2福6,2勝,信夫山特･2勝,3,3,ブラックブロッサム,牡,3,田辺裕信, 54 ,8,1,１, ,芝2600,良,,(栗),斉藤崇史,2442,-0.4,1,1,1,35.0,534,+18,
,"2022. 7.17",福島,2福6,2勝,郡山特別･2勝,8,10,シナモンスティック,牝,3,柴田大知, 52 ,10,1,１, ,芝1200,良,,(美),宗像義忠,1096,-0.1,,5,4,33.9,448,-2,
,"2022. 7.17",福島,2福6,1勝,１勝ｸﾗｽ・牝,3,5,ジェイエルエース,牝,3,野中悠太, 52 ,15,5,１, ,ダ1700,稍,,(美),小西一男,1451,-0.2,2,2,2,37.9,480,-4,
,"2022. 7.17",福島,2福6,未勝利,未勝利,6,12,コスモエクスプレス,牡,3,柴田大知, 56 ,16,3,１, ,芝1800,良,,(美),松永康利,1499,-0.1,5,5,4,35.8,466,0,
,"2022. 7.17",福島,2福6,新馬,新馬,8,10,レイカットスルー,牡,2,戸崎圭太, 54 ,11,2,１, ,芝1200,良,,(美),加藤士津,1118,-0.0,,2,2,36.1,438,,
,"2022. 7.17",福島,2福6,新馬,新馬・牝,2,2,マスキュリン,牝,2,武藤雅, 54 ,14,8,１, ,芝1800,良,,(栗),新谷功一,1512,-0.2,3,6,4,36.1,426,,
,"2022. 7.17",福島,2福6,未勝利,未勝利,5,9,ダレモトメラレナイ,牝,3,三浦皇成, 54 ,16,1,１, ,ダ1150,重,,(美),竹内正洋,1078,-0.1,,2,2,36.1,488,+12,
,"2022. 7.17",福島,2福6,未勝利,未勝利,6,12,マイネルオーサム,牡,3,柴田大知, 56 ,16,2,１, ,芝2600,稍,,(美),高木登,2438,-0.1,8,7,7,36.4,470,+2,
,"2022. 7.17",福島,2福6,未勝利,未勝利*,7,9,スムースベルベット,牝,2,嶋田純次, 54 ,11,4,１, ,芝1200,稍,,(美),手塚貴久,1106,-0.1,,2,2,35.2,488,+4,
,"2022. 7.17",福島,2福6,未勝利,未勝利*,8,10,アドバンスファラオ,牡,2,松岡正海, 54 ,10,4,１, ,ダ1150,重,,(栗),森秀行,1087,-0.4,,2,2,37.3,470,+6,
,"2022. 7.16",福島,2福5,1勝,１勝ｸﾗｽ,3,6,ロープスピニング,牝,3,小林脩斗,49▲,16,1,１, ,ダ1150,重,,(美),武藤善則,1073,-0.6,,1,1,35.9,422,+2,
,"2022. 7.16",福島,2福5,3勝,バーデン･3勝,3,3,アビッグチア,牝,4,嶋田純次, 55 ,9,4,１, ,芝1200,稍,,(美),水野貴広,1090,-0.8,,1,1,34.5,512,+8,
,"2022. 7.16",福島,2福5,2勝,いわきＨ･2勝,2,2,ホウオウルーレット,牡,3,田辺裕信, 54 ,15,1,１, ,ダ1700,重,,(美),栗田徹,1431,-0.9,10,8,6,36.3,492,-2,
,"2022. 7.16",福島,2福5,1勝,南相馬特･1勝,8,10,アイアゲート,牝,4,津村明秀, 55 ,10,6,１, ,芝2000,重,,(美),田中博康,2026,-0.0,5,5,4,36.2,508,0,
,"2022. 7.16",福島,2福5,1勝,１勝ｸﾗｽ・牝,3,6,ケリアテソーロ,牝,4,津村明秀, 55 ,16,6,１, ,芝1200,重,,(美),伊坂重信,1095,-0.0,,4,3,35.3,440,-6,
,"2022. 7.16",福島,2福5,未勝利,未勝利,4,8,ヨール,牝,3,田辺裕信, 54 ,16,1,１, ,芝1200,重,,(美),手塚貴久,1093,-1.1,,2,2,35.0,438,+6,
,"2022. 7.16",福島,2福5,新馬,新馬,8,12,シナジーエフェクト,牡,2,戸崎圭太, 54 ,13,1,１, ,ダ1150,重,,(栗),坂口智康,1094,-0.1,,4,4,36.5,446,,
,"2022. 7.16",福島,2福5,新馬,新馬,5,7,フェアエールング,牝,2,柴田大知, 54 ,13,3,１, ,芝1800,重,,(美),和田正一,1525,-0.4,1,1,2,34.6,428,,
,"2022. 7.16",福島,2福5,ｵｰﾌﾟﾝ,障害・オープ,4,4,ジンゴイスト,セ,7,高田潤, 60 ,6,2,１, ,芝3380,重,,(栗),辻野泰之,3478,-0.0,4,3,2,13.5,488,+4,
,"2022. 7.16",福島,2福5,未勝利,未勝利,1,1,モントブレッチア,牝,3,戸崎圭太, 54 ,15,1,１, ,ダ1700,不,,(美),斎藤誠,1450,-0.5,3,2,2,37.3,444,+2,
,"2022. 7.16",福島,2福5,未勝利,未勝利・牝,8,15,ラジエル,牝,3,戸崎圭太, 54 ,15,2,１, ,ダ1700,不,,(美),宮田敬介,1454,-1.0,5,2,2,37.3,442,0,
,"2022. 7.16",福島,2福5,未勝利,障害未勝利,5,5,ギガバッケン,セ,7,伴啓太, 60 ,12,8,１, ,芝2770,重,,(美),岩戸孝樹,3025,-0.6,2,1,1,13.2,544,-2,B
,"2022. 7.10",福島,2福4,2勝,彦星賞･2勝,3,6,アティード,牡,4,田辺裕信, 57 ,16,2,１, ,ダ1150,良,,(美),加藤士津,1073,-0.7,,3,2,36.0,520,+4,
,"2022. 7.10",福島,2福4,Ｇ３,七夕賞ＨG3,8,16,エヒト,牡,5,田中勝春, 54 ,16,6,１, ,芝2000,良,,(栗),森秀行,1578,-0.4,6,5,3,34.4,464,0,
,"2022. 7.10",福島,2福4,3勝,天の川Ｓ･3勝,5,7,エマージングロール,牡,4,田辺裕信, 57 ,13,2,１, ,ダ1700,良,,(栗),橋口慎介,1451,-0.0,4,4,4,36.4,498,+2,
,"2022. 7.10",福島,2福4,1勝,織姫賞･1勝,6,11,エリオトローピオ,牝,3,戸崎圭太, 52 ,16,2,１, ,芝1800,良,,(美),深山雅史,1470,-0.0,3,3,2,34.9,408,+6,
,"2022. 7.10",福島,2福4,1勝,１勝ｸﾗｽ,3,6,トランシルヴァニア,セ,5,戸崎圭太, 57 ,16,4,１, ,芝1800,良,,(美),田中剛,1475,-0.1,6,6,3,35.0,492,-2,
,"2022. 7.10",福島,2福4,未勝利,未勝利,6,11,プリンスミノル,牡,3,田辺裕信, 56 ,15,1,１, ,ダ1700,良,,(美),中舘英二,1463,-0.3,5,3,2,37.2,452,+2,
,"2022. 7.10",福島,2福4,新馬,新馬,5,5,モンサンスヴニール,牝,2,木幡巧也, 54 ,9,2,１, ,芝1200,良,,(美),牧光二,1110,-0.3,,1,1,34.9,452,,
,"2022. 7.10",福島,2福4,新馬,新馬,4,4,ナチュラルハイ,牡,2,永野猛蔵,52△,10,1,１, ,芝2000,良,,(美),黒岩陽一,2034,-0.1,2,1,1,35.5,458,,
,"2022. 7.10",福島,2福4,未勝利,未勝利,1,2,サミュエル,牝,3,菊沢一樹, 54 ,16,4,１, ,芝1200,良,,(美),菊沢隆徳,1094,-0.2,,1,1,35.4,460,-12,
,"2022. 7.10",福島,2福4,未勝利,未勝利,1,1,マテンロウボイス,牝,3,永野猛蔵,52△,16,7,１, ,ダ1150,良,,(美),久保田貴,1086,-0.4,,1,1,36.5,452,-4,B
,"2022. 7.10",福島,2福4,未勝利,未勝利・牝,4,6,スズノテレサ,牝,3,津村明秀, 54 ,15,6,１, ,ダ1700,良,,(美),深山雅史,1465,-1.2,8,5,2,37.6,448,-2,
,"2022. 7.10",福島,2福4,未勝利,障害未勝利,5,7,デストロイ,セ,8,小牧加矢,57▲,13,4,１, ,芝2750,良,,(美),高橋裕,3017,-0.5,11,2,2,13.2,500,-8,B
,"2022. 7. 9",福島,2福3,1勝,１勝ｸﾗｽ,6,12,ナックドロップス,牝,3,木幡巧也, 52 ,16,4,１, ,ダ1150,稍,,(美),杉浦宏昭,1075,-0.2,,1,1,36.4,456,0,
,"2022. 7. 9",福島,2福3,3勝,阿武隈Ｈ･3勝,2,3,ゴールドスミス,セ,8,石橋脩, 54 ,16,8,１, ,芝1800,良,,(美),高柳瑞樹,1478,-0.4,1,2,1,35.7,520,-4,
,"2022. 7. 9",福島,2福3,2勝,猪苗代特･2勝,5,7,マイネルマーティン,牡,4,Ｍ．デム, 57 ,13,2,１, ,芝2000,良,,(美),菊沢隆徳,2018,-0.1,3,2,2,35.2,500,+4,
,"2022. 7. 9",福島,2福3,1勝,須賀川特･1勝,4,4,ヤマニンガラッシア,牡,5,戸崎圭太, 57 ,11,2,１, ,芝1200,良,,(美),辻哲英,1092,-0.1,,5,4,34.9,446,-4,
,"2022. 7. 9",福島,2福3,1勝,１勝ｸﾗｽ,8,15,メンアットワーク,牡,3,田辺裕信, 54 ,15,1,１, ,ダ1700,稍,*,(美),斎藤誠,1462,-0.2,4,2,3,36.9,450,+4,
,"2022. 7. 9",福島,2福3,未勝利,未勝利,5,9,パトリックハンサム,牡,3,内田博幸, 56 ,16,3,１, ,芝1800,良,,(美),菊沢隆徳,1494,-0.1,2,2,3,35.5,468,+2,
,"2022. 7. 9",福島,2福3,新馬,新馬,5,5,シルヴァーゴースト,牝,2,柴田大知, 54 ,11,4,１, ,芝1200,良,,(美),岩戸孝樹,1117,-0.1,,5,5,34.6,444,,
,"2022. 7. 9",福島,2福3,新馬,新馬,5,5,マイネルズーメン,牡,2,柴田大知, 54 ,11,4,１, ,芝1800,良,,(美),和田勇介,1512,-0.1,2,2,1,35.4,404,,
,"2022. 7. 9",福島,2福3,未勝利,未勝利,3,4,リゼレインボー,牡,3,石橋脩, 56 ,15,1,１, ,ダ1700,稍,,(美),松山将樹,1465,-0.2,1,1,1,38.5,478,-4,
,"2022. 7. 9",福島,2福3,未勝利,未勝利・牝,1,1,ハクサンセレーネ,牝,3,菅原明良, 54 ,16,2,１, ,ダ1150,稍,,(美),新開幸一,1090,-0.6,,1,1,37.3,424,-6,
,"2022. 7. 9",福島,2福3,未勝利,未勝利*,8,8,ゴッドファーザー,牡,2,戸崎圭太, 54 ,8,1,１, ,芝1800,良,,(美),萩原清,1491,-1.6,1,1,1,36.5,498,-8,
,"2022. 7. 9",福島,2福3,未勝利,未勝利*,7,7,ハンデンリリー,牝,2,木幡巧也, 54 ,10,6,１, ,芝1200,良,,(美),牧光二,1104,-0.2,,1,1,35.4,412,-4,
,"2022. 7. 3",福島,2福2,1勝,１勝ｸﾗｽ,5,9,ライヴサファイア,牝,3,木幡巧也, 52 ,16,4,１, ,ダ1150,良,,(美),牧光二,1080,-0.3,,2,2,36.6,448,-2,
,"2022. 7. 3",福島,2福2,Ｇ３,ラジオNIＨG3,3,3,フェーングロッテン,牡,3,松若風馬, 55 ,13,3,１, ,芝1800,良,,(栗),宮本博,1467,-0.2,5,4,3,35.4,466,-4,B
,"2022. 7. 3",福島,2福2,2勝,さくらん･2勝,6,9,ファイアダンサー,牝,4,戸崎圭太, 55 ,14,2,１, ,芝1200,良,,(美),鈴木慎太,1087,-0.0,,12,12,33.9,446,-4,
,"2022. 7. 3",福島,2福2,2勝,鶴ヶ城特･2勝,1,1,セイルオンセイラー,牡,3,戸崎圭太, 54 ,13,1,１, ,ダ1700,良,,(美),田中博康,1455,-0.3,2,2,2,37.8,500,-2,
,"2022. 7. 3",福島,2福2,1勝,１勝ｸﾗｽ,6,7,トーセンサンダー,牡,3,木幡巧也, 54 ,11,1,１, ,芝1200,良,,(美),杉浦宏昭,1097,-0.3,,3,3,34.6,466,-6,
,"2022. 7. 3",福島,2福2,未勝利,未勝利,4,6,ブレイクザアイス,牡,3,Ｍ．デム, 56 ,15,2,１, ,ダ1700,良,,(美),高橋裕,1464,-0.1,6,4,3,37.4,446,-4,
,"2022. 7. 3",福島,2福2,新馬,新馬・牝,8,15,チカポコ,牝,2,石橋脩, 54 ,16,1,１, ,芝1200,良,,(栗),西園正都,1104,-0.0,,4,5,35.0,418,,
,"2022. 7. 3",福島,2福2,新馬,新馬,8,12,フロムナウオン,牡,2,津村明秀, 54 ,13,1,１, ,芝1800,良,,(美),手塚貴久,1515,-0.0,4,4,3,35.8,536,,
,"2022. 7. 3",福島,2福2,未勝利,未勝利・牝,5,9,ピースオブマインド,牝,3,坂井瑠星, 54 ,16,4,１, ,芝2000,良,,(美),久保田貴,2026,-0.0,3,3,3,36.4,442,+14,
,"2022. 7. 3",福島,2福2,未勝利,未勝利,5,10,ニシノラーナ,牝,3,野中悠太, 54 ,16,2,１, ,ダ1150,良,,(美),加藤和宏,1093,-0.2,,4,2,37.5,484,-10,
,"2022. 7. 3",福島,2福2,未勝利,未勝利,4,8,フラッシュアーク,牝,3,戸崎圭太, 54 ,16,1,１, ,芝1200,良,*,(美),青木孝文,1092,-0.1,,2,2,35.4,460,-2,
,"2022. 7. 3",福島,2福2,未勝利,未勝利*,1,1,グラニット,牡,2,嶋田純次, 54 ,8,3,１, ,芝1800,良,,(美),大和田成,1505,-0.5,1,1,1,35.6,444,-2,
,"2022. 7. 2",福島,2福1,1勝,１勝ｸﾗｽ,5,8,レッドラパルマ,牡,3,Ｍ．デム, 54 ,15,1,１, ,ダ1700,良,,(美),加藤征弘,1456,-0.0,2,2,2,37.7,486,0,
,"2022. 7. 2",福島,2福1,3勝,ＴＵＦ杯･3勝,1,1,サトノファビュラス,牝,5,丸田恭介, 55 ,11,5,１, ,芝1200,良,*,(美),宗像義忠,1080,-0.1,,3,3,33.8,418,-8,
,"2022. 7. 2",福島,2福1,2勝,松島特別･2勝,3,3,イリマ,牝,4,菅原明良, 55 ,11,4,１, ,芝1800,良,,(栗),高橋亮,1472,-0.2,7,7,6,34.1,450,-4,
,"2022. 7. 2",福島,2福1,1勝,開成山特･1勝,1,1,ロンギングエーオ,牡,3,石橋脩, 54 ,10,3,１, ,芝2600,良,,(美),奥村武,2408,-0.0,6,7,5,34.8,486,0,
,"2022. 7. 2",福島,2福1,1勝,１勝ｸﾗｽ・牝,8,11,メデタシメデタシ,牝,5,菊沢一樹, 55 ,12,8,１, ,ダ1700,良,,(美),古賀慎明,1472,-0.0,9,7,7,37.6,452,-18,
,"2022. 7. 2",福島,2福1,未勝利,未勝利,6,6,イヴニングスター,牡,3,田辺裕信, 56 ,10,2,１, ,芝2000,良,,(美),戸田博文,2010,-0.2,3,3,3,35.7,504,+10,
,"2022. 7. 2",福島,2福1,新馬,新馬,7,9,バグラダス,牡,2,戸崎圭太, 54 ,12,1,１, ,ダ1150,良,,(美),嘉藤貴行,1100,-0.0,,1,1,37.3,468,,
,"2022. 7. 2",福島,2福1,新馬,新馬,7,13,ナックブレイブ,牡,2,木幡巧也, 54 ,15,5,１, ,芝1200,良,,(美),杉浦宏昭,1111,-0.1,,3,3,36.3,470,,
,"2022. 7. 2",福島,2福1,ｵｰﾌﾟﾝ,障害・オープ,7,10,ナギサ,牝,4,森一馬, 58 ,13,2,１, ,芝2750,良,,(栗),本田優,3004,-0.0,3,2,1,13.1,496,0,
,"2022. 7. 2",福島,2福1,未勝利,未勝利,5,8,サラフィエル,牡,3,菊沢一樹, 56 ,15,1,１, ,ダ1700,良,,(美),鈴木慎太,1469,-0.5,2,3,3,37.2,436,+2,B
,"2022. 7. 2",福島,2福1,未勝利,未勝利・牝,7,13,ラートリー,牝,3,田辺裕信, 54 ,15,1,１, ,ダ1700,良,,(美),和田勇介,1466,-0.5,1,1,1,39.1,438,-4,
,"2022. 7. 2",福島,2福1,未勝利,障害未勝利,5,6,バルンストック,セ,5,小牧加矢,57▲,13,1,１, ,芝2750,良,,(美),天間昭一,3003,-0.0,4,2,1,13.1,474,-10,
,"2022. 5. 1",福島,1福6,1勝,１勝ｸﾗｽ,2,2,セイラブミー,牝,5,勝浦正樹, 55 ,10,3,１, ,芝1200,稍,,(美),伊藤大士,1116,-0.2,,6,5,35.9,472,-4,
,"2022. 5. 1",福島,1福6,ｵｰﾌﾟﾝ,吾妻小富,5,8,ラーゴム,牡,4,鮫島克駿, 58 ,15,5,１, ,ダ1700,重,,(栗),斉藤崇史,1433,-0.0,2,3,3,36.6,526,-4,
,"2022. 5. 1",福島,1福6,2勝,喜多方特･2勝,2,2,リリーミニスター,セ,5,鮫島克駿, 57 ,15,3,１, ,ダ1700,重,,(栗),池添兼雄,1449,-0.0,2,2,2,38.2,470,-14,
,"2022. 5. 1",福島,1福6,1勝,桑折特別･1勝,3,5,ビューティーウェイ,牝,4,岩田康誠, 55 ,15,5,１, ,芝2000,稍,,(栗),須貝尚介,2012,-0.2,9,7,6,35.9,426,-8,B
,"2022. 5. 1",福島,1福6,1勝,１勝ｸﾗｽ,4,4,アルバミノル,牡,4,角田大和,55△,9,1,１, ,ダ1150,重,,(美),中舘英二,1083,-0.3,,3,3,36.4,474,+2,
,"2022. 5. 1",福島,1福6,1勝,１勝ｸﾗｽ,7,9,ランスルー,牡,4,鮫島克駿, 57 ,12,1,１, ,ダ1700,重,,(美),小笠倫弘,1468,-0.0,3,2,1,36.0,542,-2,
,"2022. 5. 1",福島,1福6,未勝利,未勝利,5,7,マイネルメサイア,牡,3,丹内祐次, 56 ,13,1,１, ,芝2600,稍,,(美),手塚貴久,2428,-0.1,4,1,1,36.8,456,-8,
,"2022. 5. 1",福島,1福6,未勝利,未勝利・若,1,2,ウインクルシャープ,牝,3,永島まな,50★,16,6,１, ,芝1200,稍,,(栗),高橋亮,1102,-0.3,,4,5,35.3,456,-6,
,"2022. 5. 1",福島,1福6,未勝利,障害未勝利,8,14,ロードエクスプレス,牡,5,森一馬, 60 ,14,5,１, ,芝2770,稍,,(栗),坂口智康,3060,-0.2,2,1,1,13.4,474,-6,
,"2022. 5. 1",福島,1福6,未勝利,未勝利・牝,1,1,タガノクリステル,牝,3,鮫島克駿, 54 ,15,2,１, ,ダ1700,重,,(栗),長谷川浩,1474,-0.8,3,4,3,37.8,478,+4,B
,"2022. 5. 1",福島,1福6,未勝利,未勝利,8,13,アイキャンドウイッ,牡,3,荻野極, 56 ,13,1,１, ,芝1800,稍,,(栗),池江泰寿,1501,-0.5,4,4,3,35.3,452,-2,
,"2022. 5. 1",福島,1福6,未勝利,未勝利,5,9,マキアージュ,牝,3,丹内祐次, 54 ,16,3,１, ,ダ1150,重,,(美),菊川正達,1094,-0.0,,3,2,37.3,446,-8,
,"2022. 4.30",福島,1福5,1勝,１勝ｸﾗｽ,5,6,マジカルステージ,牝,4,西村淳也, 55 ,12,1,１, ,芝1800,稍,,(栗),須貝尚介,1490,-0.1,4,3,2,35.9,432,+6,
,"2022. 4.30",福島,1福5,3勝,東北Ｓ･3勝,3,4,キムケンドリーム,牝,5,菊沢一樹, 55 ,14,13,１, ,ダ1700,重,,(栗),西村真幸,1442,-0.0,3,4,3,36.4,456,0,B
,"2022. 4.30",福島,1福5,2勝,雄国沼Ｈ･2勝,4,4,アウスヴァール,セ,4,古川吉洋, 56 ,12,4,１, ,芝2000,稍,,(栗),昆貢,2022,-0.0,1,1,1,36.2,482,-2,
,"2022. 4.30",福島,1福5,1勝,浄土平特･1勝,8,11,アセンダント,牝,6,丹内祐次, 55 ,11,2,１, ,芝1200,稍,,(美),田島俊明,1101,-0.0,,2,2,34.8,462,-4,
,"2022. 4.30",福島,1福5,1勝,１勝ｸﾗｽ,7,7,ナンヨーヴィヨレ,牡,4,横山琉人,54▲,10,9,１, ,ダ1700,重,,(美),宗像義忠,1448,-0.1,8,9,8,37.2,452,-8,
,"2022. 4.30",福島,1福5,未勝利,未勝利・牝,2,2,エコルフリューゲル,牝,3,勝浦正樹, 54 ,15,3,１, ,芝2000,稍,,(美),鈴木慎太,2042,-0.1,8,8,6,35.6,460,0,
,"2022. 4.30",福島,1福5,未勝利,未勝利・若,3,5,ダイチヴィヴァン,牡,3,秋山稔樹,55☆,16,2,１, ,ダ1150,重,,(美),蛯名利弘,1084,-0.2,,2,2,37.2,456,-12,
,"2022. 4.30",福島,1福5,未勝利,未勝利,1,1,グラストンベリー,牝,3,菱田裕二, 54 ,16,2,１, ,芝1200,重,,(栗),藤岡健一,1107,-0.1,,1,1,36.2,420,-4,
,"2022. 4.30",福島,1福5,未勝利,障害未勝利,1,1,モーガン,牡,4,平沢健治, 59 ,13,6,１, ,芝2770,重,,(栗),橋口慎介,3041,-0.2,2,1,1,13.3,468,-4,
,"2022. 4.30",福島,1福5,1勝,１勝ｸﾗｽ・牝,2,2,チェインストーリー,牝,5,山田敬士,53△,13,7,１, ,ダ1700,不,,(美),大江原哲,1445,-0.8,1,1,1,37.2,516,-6,
,"2022. 4.30",福島,1福5,未勝利,未勝利,2,3,サトミノマロン,牡,3,西塚洸二,53▲,15,1,１, ,ダ1700,不,,(美),鈴木伸尋,1455,-0.2,4,3,1,37.9,524,0,
,"2022. 4.30",福島,1福5,ｵｰﾌﾟﾝ,障害・オープ,4,6,テーオーソクラテス,牡,5,小坂忠士, 60 ,14,8,１, ,芝2770,重,,(栗),奥村豊,3023,-0.4,3,3,3,13.2,450,-10,
,"2022. 4.24",福島,1福4,1勝,１勝ｸﾗｽ,5,6,ハクサンハーバー,牡,4,永島まな,53★,12,5,１, ,ダ1150,良,,(栗),飯田雄三,1090,-0.3,,2,2,37.1,474,-6,
,"2022. 4.24",福島,1福4,2勝,福島中央･2勝,4,8,ルクルト,牡,5,斎藤新, 57 ,16,2,１, ,芝1200,良,,(栗),吉村圭司,1087,-0.5,,14,8,33.8,460,0,
,"2022. 4.24",福島,1福4,1勝,燧ヶ岳特･1勝,3,6,ナムアミダブツ,牡,5,菱田裕二, 57 ,16,2,１, ,芝2600,良,,(栗),石坂公一,2414,-0.1,9,7,3,36.2,470,-2,B
,"2022. 4.24",福島,1福4,1勝,雪うさぎ･1勝,3,5,ウインモナーク,牡,3,松岡正海, 56 ,16,1,１, ,芝1200,良,*,(美),奥平雅士,1099,-0.3,,5,5,35.0,484,0,
,"2022. 4.24",福島,1福4,1勝,１勝ｸﾗｽ・若,7,12,カラレーション,牝,4,西村淳也, 55 ,15,2,１, ,ダ1700,良,,(栗),松下武士,1461,-0.6,6,5,5,38.1,416,-4,
,"2022. 4.24",福島,1福4,1勝,１勝ｸﾗｽ・牝,8,12,チャーミングアクト,牝,5,永島まな,51★,12,4,１, ,ダ1150,良,,(栗),飯田雄三,1095,-0.3,,4,5,37.0,470,+2,
,"2022. 4.24",福島,1福4,未勝利,未勝利,5,9,エグランタイン,牝,3,小崎綾也, 54 ,16,15,１, ,芝2000,良,,(栗),笹田和秀,2013,-0.0,3,3,2,36.0,430,+8,
,"2022. 4.24",福島,1福4,未勝利,未勝利,4,8,ニューノーマル,牝,3,菱田裕二, 54 ,16,1,１, ,芝1200,良,,(栗),武幸四郎,1104,-0.5,,3,2,35.3,452,+8,
,"2022. 4.24",福島,1福4,未勝利,障害未勝利,2,2,ヴァーダイト,牡,5,小牧加矢,57▲,14,4,１, ,芝2750,良,,(栗),音無秀孝,2599,-0.2,4,1,1,13.1,494,0,
,"2022. 4.24",福島,1福4,未勝利,未勝利,3,4,ナムラダイゴロー,牡,3,城戸義政, 56 ,15,2,１, ,ダ1700,良,,(栗),荒川義之,1473,-0.5,3,1,2,39.1,440,0,
,"2022. 4.24",福島,1福4,未勝利,未勝利・牝,4,8,メモリーサボアール,牝,3,角田大和,51▲,16,1,１, ,芝1800,良,,(栗),角田晃一,1495,-0.1,5,5,3,35.9,490,-6,
,"2022. 4.24",福島,1福4,未勝利,未勝利,3,5,ダノンマジック,牡,3,菱田裕二, 56 ,15,4,１, ,ダ1700,良,,(美),田中博康,1481,-0.1,1,1,1,38.5,442,+8,B
,"2022. 4.23",福島,1福3,1勝,１勝ｸﾗｽ,5,6,タイクーンバゴ,牡,5,松本大輝,55△,12,1,１, ,芝1200,良,,(栗),浜田多実,1101,-0.1,,3,3,35.0,492,+2,
,"2022. 4.23",福島,1福3,Ｇ３,福島牝馬G3,2,4,アナザーリリック,牝,4,津村明秀, 54 ,16,3,１, ,芝1800,良,,(美),林徹,1470,-0.0,15,14,9,34.6,494,-6,
,"2022. 4.23",福島,1福3,2勝,尾瀬特Ｈ･2勝,7,13,ペイシャクェーサー,牝,4,秋山稔樹, 52 ,15,12,１, ,ダ1700,良,,(美),蛯名利弘,1457,-0.1,1,1,1,37.3,470,-4,
,"2022. 4.23",福島,1福3,1勝,飯盛山特･1勝,8,9,マイネルマーティン,牡,4,丹内祐次, 57 ,10,3,１, ,芝2000,良,,(美),菊沢隆徳,2028,-0.1,4,2,2,35.4,496,-16,
,"2022. 4.23",福島,1福3,1勝,１勝ｸﾗｽ・牝,6,9,ダブルアンコール,牝,5,水口優也, 55 ,13,2,１, ,芝1200,良,,(栗),池江泰寿,1098,-0.1,,8,8,35.5,448,-2,
,"2022. 4.23",福島,1福3,未勝利,未勝利,8,16,シゲルローズマリー,牡,3,鮫島克駿, 56 ,16,2,１, ,芝1800,良,,(栗),渡辺薫彦,1486,-0.1,12,9,6,35.6,468,+2,
,"2022. 4.23",福島,1福3,1勝,１勝ｸﾗｽ,5,8,アクセル,牡,4,西村淳也, 57 ,15,7,１, ,ダ1700,良,,(美),小手川準,1465,-0.4,10,5,5,38.3,514,-10,
,"2022. 4.23",福島,1福3,ｵｰﾌﾟﾝ,障害・オープ,5,8,トワイライトタイム,牡,7,小野寺祐, 60 ,14,10,１, ,芝3350,良,*,(栗),五十嵐忠,3440,-1.2,1,1,1,13.4,474,-16,
,"2022. 4.23",福島,1福3,未勝利,障害未勝利,6,9,ジェミニキング,セ,6,難波剛健, 60 ,14,2,１, ,芝2750,良,,(栗),服部利之,3030,-1.6,4,1,1,13.3,480,-8,B
,"2022. 4.23",福島,1福3,未勝利,未勝利・牝,4,6,バイロイト,牝,3,丹内祐次, 54 ,15,2,１, ,ダ1700,良,,(美),栗田徹,1472,-0.5,1,1,1,38.1,480,-6,
,"2022. 4.23",福島,1福3,未勝利,未勝利,3,6,デフィデリ,牡,3,勝浦正樹, 56 ,16,2,１, ,芝1200,良,,(美),南田美知,1109,-0.2,,3,2,35.3,456,-12,
,"2022. 4.23",福島,1福3,未勝利,未勝利,6,11,ゴッドクインビー,牝,3,角田大和,51▲,16,5,１, ,ダ1150,良,,(栗),角田晃一,1108,-0.1,,2,3,38.2,438,-4,
,"2022. 4.17",福島,1福2,1勝,１勝ｸﾗｽ,2,4,ハッピーペコ,牝,5,西塚洸二,52▲,16,13,１, ,芝1200,良,,(美),鈴木伸尋,1105,-0.2,,1,1,35.8,412,0,
,"2022. 4.17",福島,1福2,OP(L),福島民Ｈ(L),5,9,アンティシペイト,牡,5,武藤雅, 55 ,16,5,１, ,芝2000,良,,(美),国枝栄,1599,-0.8,10,4,1,36.4,500,-12,B
,"2022. 4.17",福島,1福2,2勝,ラジオ福･2勝,5,9,プラチナムレイアー,牡,4,西村淳也, 57 ,16,5,１, ,ダ1150,稍,,(栗),吉岡辰弥,1087,-0.0,,4,4,37.1,486,-2,B
,"2022. 4.17",福島,1福2,1勝,医王寺特･1勝,2,4,ニューアリオン,牡,4,菱田裕二, 57 ,16,4,１, ,芝1200,良,,(栗),新谷功一,1105,-0.1,,12,11,35.6,478,0,
,"2022. 4.17",福島,1福2,1勝,１勝ｸﾗｽ,2,2,トーアシオン,セ,6,亀田温心,56☆,15,1,１, ,ダ1700,稍,,(美),辻哲英,1462,-0.3,7,4,2,38.1,484,+4,
,"2022. 4.17",福島,1福2,1勝,１勝ｸﾗｽ・牝,2,3,トーセンメラニー,牝,4,原優介,52▲,16,1,１, ,芝1800,良,,(美),小桧山悟,1500,-0.0,16,15,14,35.7,482,+2,
,"2022. 4.17",福島,1福2,未勝利,未勝利・若,6,10,ケイティマジック,牡,3,菊沢一樹, 56 ,15,1,１, ,ダ1700,稍,,(美),清水英克,1464,-1.1,9,7,4,38.4,482,+2,
,"2022. 4.17",福島,1福2,未勝利,障害未勝利,5,7,ハディア,牡,5,伴啓太, 60 ,14,3,１, ,芝2750,良,,(美),粕谷昌央,3058,-0.0,3,3,4,13.5,460,-12,
,"2022. 4.17",福島,1福2,未勝利,障害未勝利,4,4,ハンター,牡,4,五十嵐雄, 59 ,13,2,１, ,芝2750,良,,(美),村田一誠,3009,-1.2,1,1,1,13.2,448,0,
,"2022. 4.17",福島,1福2,未勝利,未勝利,2,2,クルル,牡,3,横山琉人,53▲,15,5,１, ,ダ1700,稍,,(美),大江原哲,1466,-0.1,1,1,1,38.1,490,-4,
,"2022. 4.17",福島,1福2,未勝利,未勝利,5,9,クリノマジン,牡,3,秋山稔樹,55☆,16,1,１, ,芝1200,良,,(栗),高橋義忠,1106,-0.4,,2,1,36.1,454,-2,
,"2022. 4.17",福島,1福2,未勝利,未勝利・牝,4,8,テキサスフィズ,牝,3,松本大輝,52△,16,1,１, ,ダ1150,稍,,(栗),西園正都,1089,-0.0,,1,1,37.3,460,-2,
,"2022. 4.16",福島,1福1,1勝,１勝ｸﾗｽ・牝,3,5,リアンクール,牝,4,菱田裕二, 55 ,15,1,１, ,ダ1700,重,,(栗),安田隆行,1454,-0.0,1,1,1,37.2,484,+12,
,"2022. 4.16",福島,1福1,3勝,やまびＨ･3勝,1,1,ミラーウォーカーズ,牝,4,秋山稔樹, 52 ,16,7,１, ,ダ1150,重,,(美),石栗龍彦,1076,-0.3,,2,1,36.4,474,+6,
,"2022. 4.16",福島,1福1,2勝,奥の細道･2勝,5,6,ボーンジーニアス,牡,4,丸山元気, 57 ,12,1,１, ,芝2600,稍,,(美),小西一男,2442,-0.1,11,6,1,37.6,462,0,
,"2022. 4.16",福島,1福1,1勝,川俣特別･1勝,6,11,ヴィヴァン,牡,4,西村淳也, 57 ,15,2,１, ,芝1800,稍,*,(栗),池江泰寿,1515,-0.1,13,7,7,36.0,490,0,
,"2022. 4.16",福島,1福1,1勝,１勝ｸﾗｽ,4,8,カフジアスール,牡,4,角田大和,54▲,16,6,１, ,芝2000,稍,,(栗),中竹和也,2031,-0.4,3,4,3,37.5,480,+6,
,"2022. 4.16",福島,1福1,1勝,１勝ｸﾗｽ,2,3,パロットビーク,牝,4,角田大和,52▲,16,2,１, ,ダ1150,重,,(栗),松永幹夫,1079,-0.0,,2,2,36.7,458,0,
,"2022. 4.16",福島,1福1,未勝利,未勝利・若,2,3,バルタザール,牡,3,西村淳也, 56 ,16,1,１, ,芝1800,稍,,(栗),茶木太樹,1501,-0.6,3,2,2,37.5,484,-6,
,"2022. 4.16",福島,1福1,未勝利,未勝利・牝,6,11,ミズノコキュウ,牝,3,丹内祐次, 54 ,16,2,１, ,芝1200,稍,,(美),水野貴広,1116,-0.2,,3,3,37.0,398,-6,
,"2022. 4.16",福島,1福1,未勝利,未勝利,4,8,エリオトローピオ,牝,3,丹内祐次, 54 ,16,4,１, ,芝2000,稍,,(美),深山雅史,2021,-0.3,3,2,2,36.9,402,-2,
,"2022. 4.16",福島,1福1,未勝利,未勝利,6,11,ドクターマンボウ,牡,3,横山琉人,53▲,16,3,１, ,ダ1150,重,,(栗),牧浦充徳,1077,-0.3,,3,3,36.1,450,-4,
,"2022. 4.16",福島,1福1,未勝利,未勝利,3,5,ダテボレアス,牡,3,原優介,53▲,16,1,１, ,芝1200,稍,,(栗),西園正都,1103,-0.4,,1,1,36.4,488,0,
,"2022. 4.16",福島,1福1,未勝利,未勝利・牝,6,11,クロンヌドラレーヌ,牝,3,秋山稔樹,53☆,15,4,１, ,ダ1700,重,,(栗),高橋義忠,1454,-0.5,2,2,2,38.3,424,0,
,2021.11.21,福島,2福6,2勝,五色沼特･2勝,6,10,タガノディアーナ,牝,3,横山和生, 53 ,15,1,１, ,芝1800,良,,(栗),長谷川浩,1485,-0.0,9,8,8,35.2,446,+6,
,2021.11.21,福島,2福6,OP(L),福島民友(L),2,2,ダノンファスト,牡,4,吉田隼人, 56 ,15,6,１, ,ダ1700,良,,(美),菊沢隆徳,1451,-0.1,6,6,6,36.4,462,-4,
,2021.11.21,福島,2福6,1勝,二本松特･1勝,4,7,スターズプレミア,牡,4,荻野極, 57 ,16,9,１, ,芝1200,良,,(栗),池江泰寿,1105,-0.1,,2,2,35.0,474,0,
,2021.11.21,福島,2福6,1勝,１勝ｸﾗｽ・牝,4,7,セナリスト,牝,3,勝浦正樹, 53 ,16,3,１, ,芝1800,良,,(美),金成貴史,1501,-0.0,12,10,11,34.9,432,-4,
,2021.11.21,福島,2福6,1勝,１勝ｸﾗｽ,2,4,マヒオレ,牡,3,吉田隼人, 56 ,16,2,１, ,ダ1150,良,,(栗),坂口智康,1087,-0.0,,2,2,36.8,482,+4,
,2021.11.21,福島,2福6,1勝,１勝ｸﾗｽ・若,2,3,リフレーミング,牡,3,秋山稔樹,54☆,16,5,１, ,芝2000,良,,(栗),鮫島一歩,2015,-0.1,11,10,9,35.0,460,+4,
,2021.11.21,福島,2福6,新馬,新馬,2,2,オリ,牡,2,菱田裕二, 55 ,15,7,１, ,ダ1700,良,*,(美),奥平雅士,1485,-0.4,1,1,1,39.5,484,,
,2021.11.21,福島,2福6,未勝利,障害未勝利,1,1,カガフラッシュ,セ,3,小野寺祐, 58 ,11,5,１, ,芝2770,良,,(美),萱野浩二,3020,-0.1,2,2,2,13.1,462,-4,
,2021.11.21,福島,2福6,未勝利,障害未勝利,3,4,リッジマン,牡,8,森一馬, 60 ,14,1,１, ,芝2770,良,,(栗),庄野靖志,3014,-1.9,2,1,1,13.1,466,0,B
,2021.11.21,福島,2福6,1勝,１勝ｸﾗｽ,2,4,プルミエロール,牡,3,泉谷楓真,54☆,16,3,１, ,ダ2400,良,,(栗),寺島良,2356,-0.0,5,5,4,37.4,486,+8,B
,2021.11.21,福島,2福6,未勝利,未勝利*,8,14,クラーベドラド,牡,2,西村淳也, 55 ,15,3,１, ,ダ1700,良,,(栗),小崎憲,1477,-0.1,2,1,1,38.0,478,+6,
,2021.11.21,福島,2福6,未勝利,未勝利・牝*,1,1,グレタ,牝,2,秋山稔樹,53☆,16,8,１, ,ダ1150,良,*,(美),清水英克,1098,-0.0,,1,1,37.9,458,+4,
,2021.11.20,福島,2福5,2勝,西郷特Ｈ･2勝,3,5,ヒートライトニング,牝,4,秋山稔樹, 52 ,16,8,１, ,ダ1150,良,,(美),堀井雅広,1080,-0.1,,1,1,36.9,470,-8,B
,2021.11.20,福島,2福5,3勝,みちのく･3勝,3,6,デトロイトテソーロ,牝,4,菅原明良, 55 ,16,1,１, ,芝1200,良,,(美),高木登,1093,-0.0,,1,1,36.0,464,-10,
,2021.11.20,福島,2福5,1勝,三春駒特･1勝,4,8,アウスヴァール,セ,3,横山和生, 55 ,16,5,１, ,芝1800,良,*,(栗),昆貢,1488,-0.2,2,2,2,35.6,476,-4,
,2021.11.20,福島,2福5,1勝,１勝ｸﾗｽ,3,5,コズミックランナー,牡,4,斎藤新, 57 ,16,9,１, ,ダ1150,良,,(栗),長谷川浩,1087,-0.1,,1,1,36.4,448,+2,
,2021.11.20,福島,2福5,1勝,１勝ｸﾗｽ,3,5,ジャガード,牡,3,亀田温心,55☆,16,9,１, ,芝1200,良,,(美),和田雄二,1097,-0.0,,10,9,35.0,410,-10,
,2021.11.20,福島,2福5,1勝,１勝ｸﾗｽ,4,8,ウインエアフォルク,牡,4,原優介,54▲,16,7,１, ,芝2600,良,,(美),根本康広,2416,-0.1,11,11,9,35.9,470,0,
,2021.11.20,福島,2福5,1勝,１勝ｸﾗｽ・若,2,3,マイネルタイムリー,牡,3,森裕太朗, 55 ,15,11,１, ,ダ1700,良,,(美),清水英克,1465,-0.2,7,2,2,38.7,482,+2,B
,2021.11.20,福島,2福5,新馬,新馬,1,1,タイラーテソーロ,牡,2,原優介,52▲,12,3,１, ,芝1800,良,,(美),栗田徹,1528,-0.0,1,1,1,36.0,472,,
,2021.11.20,福島,2福5,未勝利,未勝利*,3,6,セリノーフォス,牝,2,松本大輝,51▲,16,3,１, ,芝1200,良,,(栗),本田優,1096,-0.4,,1,1,34.7,444,0,
,2021.11.20,福島,2福5,未勝利,未勝利*,4,7,ウインバグース,牡,2,横山和生, 55 ,16,1,１, ,芝1800,良,,(栗),西園正都,1496,-0.1,1,1,1,36.4,472,-6,
,2021.11.20,福島,2福5,1勝,１勝ｸﾗｽ,2,3,トーアエレクトロン,牡,3,松本大輝,52▲,15,6,１, ,ダ1700,良,,(栗),羽月友彦,1457,-0.6,8,4,2,37.6,476,+20,
,2021.11.20,福島,2福5,未勝利,未勝利*,7,13,ビナホイアン,牡,2,松本大輝,52▲,15,1,１, ,ダ1700,良,,(栗),杉山佳明,1464,-1.1,1,1,1,37.1,440,-8,
,2021.11.14,福島,2福4,2勝,相馬特別･2勝,8,14,パワポケプリメーロ,牡,4,内田博幸, 57 ,15,11,１, ,ダ1700,良,,(美),新開幸一,1459,-0.2,2,2,2,37.3,434,+6,
,2021.11.14,福島,2福4,Ｇ３,福島記念ＨG3,4,8,パンサラッサ,牡,4,菱田裕二, 56 ,16,5,１, ,芝2000,良,*,(栗),矢作芳人,1592,-0.6,1,1,1,37.6,474,-2,
,2021.11.14,福島,2福4,ｵｰﾌﾟﾝ,福島２歳,8,15,ウインマーベル,牡,2,松岡正海, 55 ,16,5,１, ,芝1200,良,,(美),深山雅史,1095,-0.2,,3,2,35.6,464,+8,B
,2021.11.14,福島,2福4,1勝,１勝ｸﾗｽ,1,2,テオドラ,牝,3,亀田温心,53☆,16,10,１, ,ダ1150,良,,(栗),北出成人,1090,-0.2,,8,8,36.7,466,0,B
,2021.11.14,福島,2福4,1勝,１勝ｸﾗｽ,4,8,タイフォン,牡,3,西村淳也, 55 ,16,3,１, ,芝2000,良,,(栗),森田直行,2006,-0.5,13,3,2,35.6,462,+4,
,2021.11.14,福島,2福4,1勝,１勝ｸﾗｽ・牝,4,7,エレガンテレイナ,牝,4,大野拓弥, 55 ,16,7,１, ,芝1200,良,,(美),高柳瑞樹,1096,-0.1,,6,6,35.1,438,-4,
,2021.11.14,福島,2福4,1勝,１勝ｸﾗｽ,6,8,リノユニヴァース,牡,3,岩田康誠, 55 ,13,1,１, ,ダ2400,良,,(栗),友道康夫,2359,-0.1,5,4,4,37.7,506,-2,
,2021.11.14,福島,2福4,未勝利,障害未勝利,7,7,ジンゴイスト,セ,6,高田潤, 60 ,10,5,１, ,芝2750,良,,(栗),辻野泰之,3020,-0.2,9,8,7,13.2,484,-2,
,2021.11.14,福島,2福4,未勝利,障害未勝利,1,1,テーオーソクラテス,牡,4,小坂忠士, 60 ,11,1,１, ,芝2750,良,,(栗),奥村豊,3027,-0.2,2,2,1,13.3,446,-2,
,2021.11.14,福島,2福4,1勝,１勝ｸﾗｽ・牝,7,12,アルヴェント,牝,4,横山和生, 55 ,15,4,１, ,ダ1700,良,,(美),伊坂重信,1473,-0.0,11,1,1,39.4,494,-6,
,2021.11.14,福島,2福4,未勝利,未勝利*,6,10,セレブレイトガイズ,牡,2,岩田康誠, 55 ,15,2,１, ,芝2000,良,,(栗),友道康夫,2024,-0.1,15,14,7,36.9,486,+4,
,2021.11.14,福島,2福4,未勝利,未勝利*,7,12,タイキマクスウェル,牡,2,三浦皇成, 55 ,15,1,１, ,ダ1700,良,,(美),伊藤大士,1493,-0.4,1,1,1,38.5,500,-2,
,2021.11.13,福島,2福3,2勝,会津特別･2勝,5,9,ローレルアイリス,牝,4,川又賢治, 55 ,16,12,１, ,芝1200,良,,(栗),杉山佳明,1095,-0.1,,6,6,35.4,440,+4,
,2021.11.13,福島,2福3,3勝,奥羽Ｓ･3勝,4,7,エクレアスパークル,牡,7,荻野極, 57 ,15,3,１, ,ダ1700,良,,(栗),今野貞一,1449,-0.2,4,3,4,37.6,466,-12,B
,2021.11.13,福島,2福3,1勝,磐梯山特･1勝,2,2,ロワンディシー,牡,3,秋山真一, 55 ,14,1,１, ,芝2600,良,,(栗),北出成人,2415,-0.0,13,12,10,35.7,440,-14,
,2021.11.13,福島,2福3,1勝,１勝ｸﾗｽ,3,5,クムシラコ,牡,3,黛弘人, 56 ,15,6,１, ,芝1200,良,*,(美),石毛善彦,1103,-0.1,,2,2,34.9,462,+10,
,2021.11.13,福島,2福3,1勝,１勝ｸﾗｽ,3,4,ブリエヴェール,牡,3,小沢大仁,52▲,15,4,１, ,ダ1700,良,*,(美),小笠倫弘,1452,-1.5,1,1,1,37.8,454,-14,
,2021.11.13,福島,2福3,1勝,１勝ｸﾗｽ,8,15,サンタグラシア,牝,3,秋山稔樹,52☆,16,1,１, ,芝1800,良,,(美),鹿戸雄一,1485,-0.0,5,5,4,35.5,416,+2,
,2021.11.13,福島,2福3,1勝,１勝ｸﾗｽ・若,5,9,チャイカ,牝,4,西村淳也, 55 ,16,3,１, ,芝1200,良,,(栗),今野貞一,1097,-0.2,,1,1,35.0,460,+4,
,2021.11.13,福島,2福3,新馬,新馬,6,9,フジマサフリーダム,牡,2,丹内祐次, 55 ,14,1,１, ,芝2000,良,,(美),菊川正達,2043,-0.1,3,3,5,34.9,522,,
,2021.11.13,福島,2福3,1勝,１勝ｸﾗｽ・牝,6,11,ステラータ,牝,4,松本大輝,52▲,16,4,１, ,ダ1150,稍,,(栗),森秀行,1091,-0.1,,2,2,37.3,478,-2,
,2021.11.13,福島,2福3,未勝利,未勝利*,7,13,バーニングアイズ,牝,2,西村淳也, 54 ,16,6,１, ,芝1200,良,,(栗),森田直行,1104,-0.3,,1,1,35.9,420,+4,
,2021.11.13,福島,2福3,未勝利,未勝利・牝*,7,12,ラブパイロー,牝,2,秋山稔樹,53☆,15,4,１, ,ダ1700,稍,,(美),大和田成,1471,-0.4,1,1,1,38.3,478,0,
,2021.11.13,福島,2福3,未勝利,未勝利*,5,10,ダイチラファール,牡,2,永島まな,51★,16,6,１, ,ダ1150,稍,,(美),粕谷昌央,1089,-0.1,,1,1,37.3,428,-2,
,"2021.11. 7",福島,2福2,2勝,三陸特Ｈ･2勝,5,9,ウシュバテソーロ,牡,4,黛弘人, 55 ,16,6,１, ,芝2600,良,,(美),高木登,2409,-0.0,5,4,3,36.0,520,+4,
,"2021.11. 7",福島,2福2,3勝,フルーツ･3勝,1,1,オヌシナニモノ,牡,4,斎藤新, 57 ,16,2,１, ,ダ1150,良,,(栗),高橋義忠,1077,-0.3,,3,2,36.8,476,+6,
,"2021.11. 7",福島,2福2,1勝,高湯温泉･1勝,3,6,アナゴサン,牡,3,斎藤新, 55 ,16,6,１, ,芝1800,良,,(栗),牧田和弥,1477,-0.1,2,2,2,35.6,462,+4,
,"2021.11. 7",福島,2福2,1勝,１勝ｸﾗｽ,3,5,ニホンピロタイズ,牡,3,吉田隼人, 55 ,16,2,１, ,芝2000,良,,(栗),大橋勇樹,2003,-0.3,5,6,6,36.1,490,-6,
,"2021.11. 7",福島,2福2,1勝,１勝ｸﾗｽ・若,2,4,ココクラッシュ,牝,3,斎藤新, 54 ,16,8,１, ,芝1200,良,*,(栗),梅田智之,1091,-0.1,,4,3,34.8,430,-4,
,"2021.11. 7",福島,2福2,1勝,１勝ｸﾗｽ,8,13,ゴールドフィンガー,牝,3,水口優也, 54 ,13,1,１, ,ダ1150,良,,(栗),岡田稲男,1083,-0.6,,1,1,36.8,468,-2,
,"2021.11. 7",福島,2福2,未勝利,未勝利*,2,3,ウインマイルート,牡,2,原優介,52▲,16,2,１, ,芝1800,良,,(美),高橋祥泰,1499,-0.0,3,3,3,36.1,438,+4,
,"2021.11. 7",福島,2福2,新馬,新馬,6,11,オレタチハツヨイ,牡,2,横山和生, 55 ,16,2,１, ,芝1200,良,,(美),栗田徹,1108,-0.3,,5,7,35.6,490,,
,"2021.11. 7",福島,2福2,未勝利,障害未勝利,6,7,マイネルダンク,牡,3,金子光希, 58 ,11,5,１, ,芝2750,良,,(美),青木孝文,3003,-0.1,7,3,2,13.1,438,-6,
,"2021.11. 7",福島,2福2,1勝,１勝ｸﾗｽ,8,14,ウィリアムバローズ,牡,3,吉田隼人, 55 ,15,1,１, ,ダ1700,良,,(栗),上村洋行,1451,-1.9,1,1,1,36.6,484,+2,
,"2021.11. 7",福島,2福2,未勝利,未勝利・牝*,4,8,アドヴァイス,牝,2,吉田隼人, 54 ,16,1,１, ,芝1200,良,,(栗),石坂公一,1090,-0.1,,3,3,35.3,458,-8,
,"2021.11. 7",福島,2福2,未勝利,未勝利*,4,6,ゼニット,牡,2,小林脩斗,52▲,15,5,１, ,ダ1700,良,,(美),久保田貴,1483,-1.0,3,4,3,40.7,508,+8,
,"2021.11. 6",福島,2福1,1勝,飯坂温泉･1勝,4,7,ラングロワ,牝,3,秋山稔樹, 54 ,16,4,１, ,芝1200,良,,(美),堀井雅広,1088,-0.1,,1,1,35.0,442,+26,
,"2021.11. 6",福島,2福1,2勝,河北新報･2勝,5,9,ソプラドール,牝,4,斎藤新, 55 ,15,7,１, ,ダ1700,良,,(栗),安田隆行,1452,-0.5,10,1,1,38.2,480,+4,B
,"2021.11. 6",福島,2福1,1勝,土湯温泉･1勝,5,9,ウインアルカンナ,牝,4,黛弘人, 55 ,16,5,１, ,芝2000,良,,(美),武市康男,2017,-0.1,1,1,1,35.0,466,0,
,"2021.11. 6",福島,2福1,1勝,１勝ｸﾗｽ,5,6,アイアムスゴスギル,牡,4,菱田裕二, 57 ,12,3,１, ,ダ1150,良,,(美),奥平雅士,1085,-0.3,,1,1,36.6,492,+4,B
,"2021.11. 6",福島,2福1,1勝,１勝ｸﾗｽ,2,4,ステラダイヤ,牝,3,亀田温心,53☆,16,1,１, ,芝1200,良,,(美),高柳瑞樹,1090,-0.0,,1,1,35.2,492,-2,
,"2021.11. 6",福島,2福1,1勝,１勝ｸﾗｽ,2,4,サルマン,牡,3,斎藤新, 55 ,16,2,１, ,芝2600,良,,(栗),中尾秀正,2396,-0.3,1,1,1,35.7,508,+4,
,"2021.11. 6",福島,2福1,1勝,１勝ｸﾗｽ・若,2,2,チェリーオリオン,牡,3,小林凌大,52▲,13,11,１, ,ダ1700,良,,(美),小西一男,1465,-0.6,4,3,2,39.1,490,-8,
,"2021.11. 6",福島,2福1,ｵｰﾌﾟﾝ,障害・オープ,1,1,ポルトラーノ,セ,5,草野太郎, 60 ,10,4,１, ,芝3350,良,,(美),萩原清,3411,-0.5,2,1,1,13.2,496,0,
,"2021.11. 6",福島,2福1,未勝利,障害未勝利,2,2,タイキフロリゼル,牡,3,北沢伸也, 58 ,12,2,１, ,芝2750,良,,(栗),橋田満,3001,-0.3,4,2,2,13.1,464,-12,
,"2021.11. 6",福島,2福1,1勝,１勝ｸﾗｽ・牝,8,14,ペイシャオウユー,牝,3,富田暁,52☆,15,2,１, ,ダ1700,良,,(美),石栗龍彦,1462,-0.1,10,5,3,38.2,458,-8,
,"2021.11. 6",福島,2福1,未勝利,未勝利*,2,3,スマイルアップ,牝,2,丹内祐次, 54 ,16,7,１, ,芝1200,良,,(美),萱野浩二,1093,-0.1,,3,3,35.2,432,+12,
,"2021.11. 6",福島,2福1,未勝利,未勝利*,1,1,トモノボーイ,牡,2,菅原明良, 55 ,16,4,１, ,ダ1150,良,,(栗),浜田多実,1100,-0.0,,7,7,37.4,496,+4,
,"2021. 7.18",福島,1福6,2勝,２勝ｸﾗｽ,4,8,トライハード,牝,4,田辺裕信, 55 ,16,5,１, ,ダ1150,良,,(栗),小林真也,1082,-0.3,,8,7,36.6,478,-12,
,"2021. 7.18",福島,1福6,ｵｰﾌﾟﾝ,福島テレ,2,3,キルロード,セ,6,内田博幸, 57 ,16,1,１, ,芝1200,良,,(美),田村康仁,1083,-0.3,,2,2,34.7,504,+2,B
,"2021. 7.18",福島,1福6,3勝,安達太Ｈ･3勝,2,2,ファンタジステラ,牡,7,武藤雅, 55 ,14,10,１, ,芝1200,良,,(栗),音無秀孝,1086,-0.0,,3,2,35.0,434,0,
,"2021. 7.18",福島,1福6,2勝,信夫山特･2勝,4,4,エドノフェリーチェ,牝,4,Ｍ．デム, 55 ,11,1,１, ,芝2600,良,,(美),相沢郁,2419,-1.2,2,2,1,34.8,454,+6,B
,"2021. 7.18",福島,1福6,1勝,１勝ｸﾗｽ,5,7,タマモヒップホップ,牡,3,永野猛蔵,51▲,14,3,１, ,ダ1700,良,,(美),伊藤圭三,1470,-0.3,2,2,2,39.1,538,+4,
,"2021. 7.18",福島,1福6,未勝利,未勝利,4,7,トロワエスポワール,牡,3,永野猛蔵,53▲,16,2,１, ,芝2000,良,,(美),鹿戸雄一,2014,-0.2,3,5,4,35.8,450,-6,
,"2021. 7.18",福島,1福6,新馬,新馬,4,4,カセノダンサー,牝,2,戸崎圭太, 54 ,13,1,１, ,ダ1150,良,,(栗),中尾秀正,1105,-0.3,,3,3,37.7,476,,
,"2021. 7.18",福島,1福6,新馬,新馬,3,6,ミッキーブンブン,牡,2,石橋脩, 54 ,16,1,１, ,芝1800,良,,(美),菊沢隆徳,1508,-0.5,13,7,5,35.7,476,,
,"2021. 7.18",福島,1福6,未勝利,未勝利,7,14,スマートルグラン,牝,3,藤田菜七,52◇,16,2,１, ,芝1200,良,,(美),鹿戸雄一,1092,-0.7,,1,1,35.0,434,+6,
,"2021. 7.18",福島,1福6,未勝利,未勝利,7,13,エクレルシー,牡,3,菅原明良,55☆,15,7,１, ,ダ1700,良,,(美),栗田徹,1472,-0.2,2,2,2,37.5,476,-8,B
,"2021. 7.18",福島,1福6,未勝利,未勝利*,1,2,カメハメハタイム,牡,2,Ｍ．デム, 54 ,16,1,１, ,芝1800,良,,(美),栗田徹,1497,-0.2,3,4,5,36.5,488,-6,
,"2021. 7.18",福島,1福6,未勝利,未勝利*,7,9,シゲルファンノユメ,牡,2,三浦皇成, 54 ,11,1,１, ,芝1200,良,,(美),伊藤圭三,1101,-0.5,,4,4,34.8,466,0,
,"2021. 7.17",福島,1福5,1勝,１勝ｸﾗｽ,6,11,ノアヴィグラス,牝,3,藤田菜七,50◇,16,2,１, ,ダ1150,良,,(美),古賀史生,1084,-0.3,,1,1,37.0,460,0,
,"2021. 7.17",福島,1福5,OP(L),ジュライ(L),6,10,ケンシンコウ,牡,4,丸山元気, 57 ,15,5,１, ,ダ1700,良,,(美),小西一男,1440,-0.8,7,5,3,37.0,490,+6,
,"2021. 7.17",福島,1福5,2勝,横手特別･2勝,1,2,クリッパークラス,牝,5,石川裕紀, 55 ,16,13,１, ,芝1200,良,*,(美),武市康男,1091,-0.2,,8,7,34.4,458,-4,
,"2021. 7.17",福島,1福5,1勝,南相馬特･1勝,7,14,フィデリオグリーン,牡,5,野中悠太, 57 ,16,14,１, ,芝2000,良,*,(美),根本康広,1595,-0.2,11,11,8,34.8,496,-8,
,"2021. 7.17",福島,1福5,1勝,１勝ｸﾗｽ,7,13,スイートクラウン,牝,3,小林脩斗,49▲,16,2,１, ,芝1200,良,,(美),石毛善彦,1081,-0.6,,2,2,34.0,462,-4,
,"2021. 7.17",福島,1福5,未勝利,未勝利,1,1,キラメキ,牝,3,木幡育也,53☆,16,1,１, ,ダ1150,良,,(美),大江原哲,1093,-0.4,,1,1,38.1,484,-14,
,"2021. 7.17",福島,1福5,新馬,新馬,6,11,ウインモナーク,牡,2,武藤雅, 54 ,16,2,１, ,芝1200,良,,(美),奥平雅士,1108,-0.2,,7,6,35.2,470,,
,"2021. 7.17",福島,1福5,新馬,新馬・牝,7,10,セプテンベル,牝,2,菅原明良,53☆,13,4,１, ,芝1800,良,,(美),武井亮,1516,-0.1,1,1,1,35.1,422,,
,"2021. 7.17",福島,1福5,ｵｰﾌﾟﾝ,障害・オープ,2,2,マイネルヴァッサー,牡,8,小野寺祐, 60 ,14,2,１, ,芝3380,良,,(美),土田稔,3446,-0.0,8,4,3,13.3,430,0,
,"2021. 7.17",福島,1福5,未勝利,未勝利,6,11,ニルアドミラリ,牡,3,戸崎圭太, 56 ,15,3,１, ,ダ1700,良,,(美),和田正一,1470,-0.2,2,2,2,38.4,558,-4,
,"2021. 7.17",福島,1福5,未勝利,未勝利・牝,7,12,メイショウホオズキ,牝,3,吉田豊, 54 ,15,4,１, ,ダ1700,良,,(美),高柳瑞樹,1488,-0.2,7,5,6,38.5,466,0,
,"2021. 7.17",福島,1福5,未勝利,障害未勝利,6,9,ベイビーステップ,牡,7,伴啓太, 60 ,14,2,１, ,芝2770,良,,(美),菊川正達,3018,-0.3,1,1,1,13.1,488,-8,
,"2021. 7.11",福島,1福4,2勝,彦星賞･2勝,6,11,グラスボイジャー,セ,5,木幡巧也, 57 ,16,13,１, ,ダ1150,重,,(美),牧光二,1078,-0.1,,1,1,36.4,532,-8,B
,"2021. 7.11",福島,1福4,Ｇ３,七夕賞ＨG3,2,4,トーラスジェミニ,牡,5,戸崎圭太, 57 ,16,2,１, ,芝2000,稍,,(美),小桧山悟,2022,-0.0,2,2,2,37.0,466,-6,
,"2021. 7.11",福島,1福4,3勝,天の川Ｓ･3勝,1,1,エブリワンブラック,牡,4,柴山雄一, 57 ,15,5,１, ,ダ1700,重,*,(栗),武幸四郎,1442,-0.5,11,11,8,36.8,480,+2,B
,"2021. 7.11",福島,1福4,1勝,織姫賞･1勝,1,1,エイシンチラー,牝,3,Ｍ．デム, 52 ,14,3,１, ,芝1800,稍,,(美),田中剛,1496,-0.1,3,4,2,36.1,470,+4,
,"2021. 7.11",福島,1福4,1勝,１勝ｸﾗｽ,1,1,トモジャリア,牡,3,戸崎圭太, 54 ,14,1,１, ,ダ1700,重,,(美),小笠倫弘,1465,-0.1,6,5,4,38.3,462,-2,
,"2021. 7.11",福島,1福4,1勝,１勝ｸﾗｽ,1,2,クリーンスイープ,牝,3,戸崎圭太, 52 ,16,1,１, ,芝1800,稍,,(美),国枝栄,1491,-0.1,6,7,6,36.2,470,-2,
,"2021. 7.11",福島,1福4,新馬,新馬,5,5,ケッツァー,牡,2,柴田大知, 54 ,11,2,１, ,芝1200,稍,,(美),高橋祥泰,1125,-0.0,,6,5,36.2,464,,
,"2021. 7.11",福島,1福4,新馬,新馬,6,6,トーセンクレセント,牡,2,木幡初也, 54 ,11,3,１, ,芝2000,稍,,(美),武市康男,2054,-0.3,5,4,1,35.9,468,,
,"2021. 7.11",福島,1福4,未勝利,未勝利,7,13,ネオトリニティー,牝,3,内田博幸, 54 ,16,1,１, ,ダ1150,重,,(美),小手川準,1083,-0.1,,2,2,36.5,430,+6,
,"2021. 7.11",福島,1福4,未勝利,未勝利,6,11,ネズコ,牝,3,岩田望来, 54 ,16,7,１, ,芝1200,稍,,(美),戸田博文,1110,-0.2,,3,3,36.5,450,+6,
,"2021. 7.11",福島,1福4,未勝利,未勝利・牝,1,1,アラゴナイト,牝,3,田辺裕信, 54 ,15,3,１, ,ダ1700,重,,(美),加藤和宏,1457,-0.5,3,3,3,38.3,438,+4,
,"2021. 7.11",福島,1福4,未勝利,障害未勝利,3,3,ブルーガーディアン,牡,9,伴啓太, 60 ,13,2,１, ,芝2750,稍,,(美),鈴木慎太,3018,-1.6,5,2,1,13.2,478,-8,
,"2021. 7.10",福島,1福3,1勝,１勝ｸﾗｽ,3,3,グロリユーノワール,牝,3,原優介,49▲,14,2,１, ,芝1200,稍,,(美),清水英克,1095,-0.2,,4,2,35.7,434,+2,
,"2021. 7.10",福島,1福3,3勝,阿武隈Ｈ･3勝,4,5,エフェクトオン,牡,5,田辺裕信, 54 ,13,5,１, ,芝2000,稍,,(美),久保田貴,2012,-0.1,11,13,12,34.4,450,+6,
,"2021. 7.10",福島,1福3,2勝,いわき特･2勝,7,12,メイショウムラクモ,牡,3,柴田善臣, 54 ,15,1,１, ,ダ1700,重,,(美),和田勇介,1443,-1.2,2,2,2,37.7,470,-8,
,"2021. 7.10",福島,1福3,2勝,猪苗代特･2勝,4,4,ワールドスケール,牡,4,戸崎圭太, 57 ,8,1,１, ,芝2000,稍,,(栗),野中賢二,2008,-0.6,5,3,2,36.3,466,-4,
,"2021. 7.10",福島,1福3,1勝,１勝ｸﾗｽ・牝,3,3,プレフェリータ,牝,3,永野猛蔵,49▲,14,7,１, ,ダ1700,重,,(美),萩原清,1445,-1.3,1,1,1,37.4,468,-6,
,"2021. 7.10",福島,1福3,未勝利,未勝利,7,14,メイレンシュタイン,牡,3,木幡巧也, 56 ,16,6,１, ,芝1800,稍,,(美),勢司和浩,1487,-0.1,9,8,5,36.0,450,0,
,"2021. 7.10",福島,1福3,新馬,新馬・牝,7,12,フミバレンタイン,牝,2,三浦皇成, 54 ,14,3,１, ,芝1200,稍,,(美),鹿戸雄一,1104,-0.0,,1,1,35.9,460,,
,"2021. 7.10",福島,1福3,新馬,新馬,2,2,オンリーオピニオン,牝,2,柴田大知, 54 ,12,1,１, ,芝1800,稍,,(美),伊藤大士,1519,-0.5,1,1,1,36.1,476,,
,"2021. 7.10",福島,1福3,未勝利,未勝利,5,9,ピュアブラッド,セ,3,戸崎圭太, 56 ,15,4,１, ,ダ1700,不,,(美),尾関知人,1469,-0.0,2,1,1,38.1,470,-12,
,"2021. 7.10",福島,1福3,未勝利,未勝利,2,4,ギンノサジ,牝,3,木幡巧也, 54 ,16,2,１, ,芝2600,稍,,(美),松永康利,2454,-0.1,2,1,1,36.0,468,+4,
,"2021. 7.10",福島,1福3,未勝利,未勝利*,6,8,ベルウッドブラボー,牡,2,Ｍ．デム, 54 ,12,1,１, ,芝1200,稍,,(美),和田雄二,1100,-0.2,,3,2,35.7,462,-2,
,"2021. 7.10",福島,1福3,未勝利,未勝利*,1,1,ナックドロップス,牝,2,野中悠太, 54 ,11,10,１, ,ダ1150,不,,(美),杉浦宏昭,1090,-0.2,,1,1,37.6,456,-14,
,"2021. 7. 4",福島,1福2,1勝,１勝ｸﾗｽ,7,13,マイネルレンカ,牡,7,小林脩斗,54▲,15,9,１, ,ダ1700,稍,,(美),堀井雅広,1466,-0.8,5,4,3,37.7,470,-2,
,"2021. 7. 4",福島,1福2,Ｇ３,ラジオNIＨG3,1,2,ヴァイスメテオール,牡,3,丸山元気, 54 ,16,4,１, ,芝1800,稍,*,(美),木村哲也,1480,-0.4,8,7,5,34.8,502,+6,
,"2021. 7. 4",福島,1福2,2勝,さくらん･2勝,2,2,ライバーバード,牡,7,石橋脩, 57 ,12,1,１, ,芝1200,良,,(美),手塚貴久,1089,-0.2,,9,8,34.7,518,0,B
,"2021. 7. 4",福島,1福2,2勝,鶴ヶ城特･2勝,5,9,カウンターエア,セ,5,戸崎圭太, 57 ,15,3,１, ,ダ1700,稍,,(美),奥村武,1460,-0.1,12,10,7,37.9,572,-4,
,"2021. 7. 4",福島,1福2,1勝,１勝ｸﾗｽ,2,4,ビューティフルデイ,牝,3,小林脩斗,49▲,16,1,１, ,芝1200,良,,(美),国枝栄,1085,-0.0,,5,5,34.4,454,+18,
,"2021. 7. 4",福島,1福2,未勝利,未勝利,3,5,マイネルタイムリー,牡,3,Ｍ．デム, 56 ,15,2,１, ,ダ1700,稍,,(美),清水英克,1474,-0.0,2,2,2,39.3,480,+2,B
,"2021. 7. 4",福島,1福2,新馬,新馬,6,10,ニシノレバンテ,牡,2,江田照男, 54 ,14,1,１, ,芝1200,良,,(美),栗田徹,1105,-0.1,,1,1,35.5,488,,
,"2021. 7. 4",福島,1福2,新馬,新馬,7,13,ウインピクシス,牝,2,丸山元気, 54 ,16,1,１, ,芝1800,良,,(美),上原博之,1521,-0.6,2,2,2,36.0,424,,
,"2021. 7. 4",福島,1福2,未勝利,未勝利・牝,8,16,シャインユニバンス,牝,3,菅原明良,53☆,16,4,１, ,芝2000,良,,(美),田村康仁,2010,-0.2,5,5,4,36.1,418,0,
,"2021. 7. 4",福島,1福2,未勝利,未勝利,4,6,ウインラザンツ,牡,3,Ｍ．デム, 56 ,15,1,１, ,ダ1150,稍,,(美),畠山吉宏,1088,-0.0,,1,1,37.0,508,+8,B
,"2021. 7. 4",福島,1福2,未勝利,未勝利,8,15,ホウオウジュレップ,牝,3,木幡巧也, 54 ,16,3,１, ,芝1200,良,,(美),牧光二,1098,-0.0,,4,4,35.6,410,+6,
,"2021. 7. 4",福島,1福2,未勝利,未勝利*,2,2,グランドライン,牡,2,三浦皇成, 54 ,9,1,１, ,芝1800,良,,(美),高木登,1517,-0.6,1,1,1,35.9,514,0,
,"2021. 7. 3",福島,1福1,1勝,１勝ｸﾗｽ,1,2,ココラ,牝,4,菅原明良,54☆,16,13,１, ,ダ1150,稍,*,(美),大和田成,1082,-0.0,,1,1,37.2,472,+4,
,"2021. 7. 3",福島,1福1,3勝,テレビユ･3勝,2,3,アカノニジュウイチ,牝,4,横山典弘, 55 ,16,2,１, ,芝1200,良,,(美),尾関知人,1083,-0.0,,12,9,34.0,448,+2,
,"2021. 7. 3",福島,1福1,2勝,松島特別･2勝,6,9,クリノプレミアム,牝,4,木幡巧也, 55 ,13,3,１, ,芝1800,良,,(美),伊藤伸一,1474,-0.5,6,5,2,35.7,478,+6,
,"2021. 7. 3",福島,1福1,1勝,開成山特･1勝,6,6,ドリームインパクト,牡,5,戸崎圭太, 57 ,10,1,１, ,芝2600,良,,(美),国枝栄,2402,-0.5,2,2,2,34.8,500,0,
,"2021. 7. 3",福島,1福1,1勝,１勝ｸﾗｽ・牝,4,4,スノームーン,牝,3,菅原明良,51☆,8,1,１, ,ダ1700,稍,,(美),萩原清,1468,-0.5,2,3,3,38.2,448,-6,
,"2021. 7. 3",福島,1福1,未勝利,未勝利,8,16,ウインシュクラン,牡,3,石川裕紀, 56 ,16,5,１, ,芝2000,良,,(美),鹿戸雄一,2031,-0.1,2,2,1,36.1,458,+4,
,"2021. 7. 3",福島,1福1,新馬,新馬,7,12,イチネンエーグミ,牡,2,石川裕紀, 54 ,15,6,１, ,ダ1150,稍,,(栗),茶木太樹,1095,-0.3,,1,1,36.8,538,,
,"2021. 7. 3",福島,1福1,新馬,新馬,2,2,ウィリン,牝,2,Ｍ．デム, 54 ,13,1,１, ,芝1200,良,,(美),林徹,1091,-1.2,,1,1,34.8,418,,
,"2021. 7. 3",福島,1福1,ｵｰﾌﾟﾝ,障害・オープ,6,8,マサハヤドリーム,セ,9,森一馬, 62 ,12,1,１, ,芝2750,良,,(栗),今野貞一,2588,-0.2,5,2,1,13.0,460,-8,
,"2021. 7. 3",福島,1福1,未勝利,未勝利,2,3,アメリカンエール,牡,3,石橋脩, 56 ,15,2,１, ,ダ1700,稍,,(美),戸田博文,1473,-0.0,6,3,3,38.1,492,0,B
,"2021. 7. 3",福島,1福1,未勝利,未勝利・牝,8,14,アデウス,牝,3,丸田恭介, 54 ,14,6,１, ,ダ1700,稍,,(美),佐藤吉勝,1487,-0.1,10,8,4,37.9,442,-6,
,"2021. 7. 3",福島,1福1,未勝利,障害未勝利,6,9,ビレッジイーグル,牡,4,大江原圭, 60 ,14,5,１, ,芝2750,良,,(美),竹内正洋,2582,-0.2,1,1,1,13.0,500,-6,
,2020.11.15,福島,3福6,2勝,会津特別･2勝,6,12,チェアリングソング,牡,3,菱田裕二, 56 ,16,4,１, ,芝1200,良,*,(美),青木孝文,1095,-0.1,,7,6,34.7,464,-2,
,2020.11.15,福島,3福6,Ｇ３,福島記念ＨG3,2,3,バイオスパーク,牡,5,池添謙一, 55 ,16,2,１, ,芝2000,良,,(栗),浜田多実,1596,-0.0,7,7,7,35.2,472,-2,
,2020.11.15,福島,3福6,ｵｰﾌﾟﾝ,福島２歳,2,4,ルクシオン,牝,2,西村淳也, 54 ,16,3,１, ,芝1200,良,,(栗),河内洋,1100,-0.0,,11,15,34.9,420,-2,
,2020.11.15,福島,3福6,1勝,１勝ｸﾗｽ,8,16,アスカリ,セ,4,富田暁,56☆,16,1,１, ,ダ1150,良,,(栗),西園正都,1089,-0.9,,2,2,36.6,502,0,B
,2020.11.15,福島,3福6,1勝,１勝ｸﾗｽ・牝,7,14,マリノソフィア,牝,3,柴田善臣, 53 ,16,8,１, ,芝1800,良,,(美),奥平雅士,1482,-0.2,13,13,12,35.2,462,0,
,2020.11.15,福島,3福6,1勝,１勝ｸﾗｽ,8,15,ナイントゥファイブ,牝,3,富田暁,53☆,16,2,１, ,芝1200,良,,(栗),西園正都,1097,-0.1,,3,2,34.8,476,+8,
,2020.11.15,福島,3福6,1勝,１勝ｸﾗｽ,7,14,メイショウオオタカ,牡,4,富田暁,56☆,16,2,１, ,ダ2400,良,,(栗),藤沢則雄,2356,-0.9,11,4,1,39.1,496,0,
,2020.11.15,福島,3福6,未勝利,障害未勝利,6,7,ボランテレオ,牡,4,熊沢重文, 60 ,11,3,１, ,芝2770,良,,(栗),森田直行,3023,-0.3,5,2,1,13.2,502,-2,
,2020.11.15,福島,3福6,未勝利,障害未勝利,3,3,メイショウハチク,セ,6,小坂忠士, 60 ,13,4,１, ,芝2770,良,,(栗),南井克巳,3052,-0.1,2,1,1,13.4,460,+2,
,2020.11.15,福島,3福6,1勝,１勝ｸﾗｽ・牝,7,13,ノーチラス,牝,4,西村淳也, 55 ,15,3,１, ,ダ1700,良,,(栗),松永幹夫,1474,-0.0,7,6,3,38.2,466,+14,
,2020.11.15,福島,3福6,1勝,１勝ｸﾗｽ,1,1,スナークダヴィンチ,牡,3,小崎綾也, 55 ,15,2,１, ,ダ1700,良,,(栗),野中賢二,1462,-0.7,3,3,3,38.7,488,+8,
,2020.11.15,福島,3福6,未勝利,未勝利・牝*,2,4,ビップエレナ,牝,2,菊沢一樹,53☆,16,14,１, ,ダ1150,良,,(美),田島俊明,1102,-0.3,,4,3,38.2,464,-4,
,2020.11.14,福島,3福5,2勝,相馬特別･2勝,7,13,ミステリオーソ,牡,3,吉田隼人, 55 ,15,1,１, ,ダ1700,良,,(栗),武幸四郎,1464,-0.0,10,4,3,37.9,468,-10,
,2020.11.14,福島,3福5,3勝,みちのく･3勝,5,10,キルロード,セ,5,菊沢一樹, 57 ,16,9,１, ,芝1200,良,,(美),田村康仁,1092,-0.2,,2,1,35.0,500,-4,B
,2020.11.14,福島,3福5,1勝,三春駒特･1勝,3,5,フォワードアゲン,セ,3,柴田善臣, 55 ,16,1,１, ,芝1800,良,,(美),中野栄治,1489,-0.1,6,6,5,35.3,426,+4,
,2020.11.14,福島,3福5,1勝,１勝ｸﾗｽ,3,5,モエレコネクター,牡,4,柴田善臣, 57 ,16,5,１, ,芝1200,良,,(美),大竹正博,1098,-0.0,,9,8,34.8,512,0,
,2020.11.14,福島,3福5,1勝,１勝ｸﾗｽ,3,6,オカリナ,牡,3,宮崎北斗, 56 ,16,4,１, ,ダ1150,良,,(栗),宮徹,1096,-0.2,,8,6,37.2,534,+4,
,2020.11.14,福島,3福5,1勝,１勝ｸﾗｽ・若,6,11,ベストクィーン,牝,4,亀田温心,53△,16,5,１, ,芝2000,良,,(栗),西橋豊治,2007,-0.2,3,4,4,37.1,424,-10,
,2020.11.14,福島,3福5,1勝,１勝ｸﾗｽ,5,9,ピースディオン,牡,3,柴田善臣, 55 ,16,2,１, ,芝2600,良,,(美),大竹正博,2406,-0.3,5,6,5,36.0,494,-6,
,2020.11.14,福島,3福5,新馬,新馬,3,3,ジョイフルダンサー,牝,2,勝浦正樹, 54 ,14,2,１, ,ダ1700,良,,(栗),西浦勝一,1488,-0.4,4,3,3,39.6,458,,
,2020.11.14,福島,3福5,未勝利,未勝利*,6,12,ネクストストーリー,牝,2,杉原誠人, 54 ,16,5,１, ,芝1200,良,,(美),中川公成,1099,-0.1,,2,2,35.8,490,-6,
,2020.11.14,福島,3福5,未勝利,未勝利*,5,9,ラカン,牡,2,菅原明良,54☆,15,2,１, ,芝2000,良,,(美),武市康男,2018,-0.3,11,11,9,35.7,468,-2,
,2020.11.14,福島,3福5,1勝,１勝ｸﾗｽ,2,3,エースレイジング,牡,3,西村淳也, 55 ,15,4,１, ,ダ1700,良,,(栗),小崎憲,1455,-1.5,1,1,1,37.1,456,+4,
,2020.11.14,福島,3福5,未勝利,未勝利*,5,7,ルーパステソーロ,牡,2,菅原明良,54☆,13,2,１, ,ダ1700,良,,(美),加藤士津,1487,-1.4,9,1,1,39.2,534,-10,
,"2020.11. 8",福島,3福4,2勝,西郷特別･2勝,2,4,オヌシナニモノ,牡,3,斎藤新, 56 ,16,2,１, ,ダ1150,良,,(栗),高橋義忠,1087,-0.1,,5,4,36.9,468,+6,
,"2020.11. 8",福島,3福4,3勝,奥羽Ｓ･3勝,7,12,バーンスター,牡,4,亀田温心, 57 ,14,6,１, ,ダ1700,良,,(栗),谷潔,1457,-0.1,9,8,10,37.9,494,-2,
,"2020.11. 8",福島,3福4,1勝,高湯温泉･1勝,4,6,カレンシュトラウス,牡,3,吉田隼人, 55 ,14,1,１, ,芝1800,良,,(栗),平田修,1496,-0.3,6,8,7,34.9,502,0,
,"2020.11. 8",福島,3福4,1勝,１勝ｸﾗｽ・牝,4,6,キングスタイル,牝,3,吉田隼人, 53 ,14,8,１, ,芝2000,良,,(栗),矢作芳人,2019,-0.1,12,9,4,35.8,408,-2,
,"2020.11. 8",福島,3福4,1勝,１勝ｸﾗｽ・若,6,9,ルクルト,牡,3,斎藤新,55☆,13,3,１, ,芝1200,良,,(栗),吉村圭司,1098,-0.1,,11,12,34.6,440,-2,
,"2020.11. 8",福島,3福4,1勝,１勝ｸﾗｽ・牝,7,10,サノマナ,牝,3,藤田菜七,52◇,13,4,１, ,ダ1150,良,,(美),栗田徹,1092,-0.3,,2,2,36.9,454,-8,
,"2020.11. 8",福島,3福4,1勝,１勝ｸﾗｽ,7,8,クィーンユニバンス,牝,4,菅原明良,54☆,10,4,１, ,芝2600,良,,(美),田村康仁,2473,-0.1,1,2,2,36.1,510,-2,
,"2020.11. 8",福島,3福4,新馬,新馬,8,13,ミエリ,牝,2,斎藤新,53☆,14,2,１, ,芝1200,良,,(栗),藤岡健一,1107,-0.1,,6,5,35.5,392,,
,"2020.11. 8",福島,3福4,未勝利,障害未勝利,2,2,タガノファジョーロ,牡,4,北沢伸也, 60 ,10,3,１, ,芝2750,良,,(栗),角田晃一,3024,-0.6,4,3,3,13.3,456,-8,
,"2020.11. 8",福島,3福4,未勝利,未勝利*,7,12,ケイツーマルカ,牝,2,藤田菜七,52◇,15,3,１, ,ダ1700,良,,(美),鈴木伸尋,1484,-0.1,1,1,1,39.6,484,-2,
,"2020.11. 8",福島,3福4,未勝利,未勝利・牝*,4,8,ジャストザビアンカ,牝,2,西村淳也, 54 ,16,6,１, ,芝1200,良,,(栗),牧浦充徳,1102,-0.0,,2,3,35.8,450,+10,
,"2020.11. 8",福島,3福4,未勝利,未勝利*,4,7,タガノペカ,牝,2,藤田菜七,52◇,16,1,１, ,ダ1150,良,,(栗),西園正都,1091,-0.5,,1,1,37.5,508,+6,
,"2020.11. 7",福島,3福3,2勝,土湯温Ｈ･2勝,8,15,ウインキートス,牝,3,松岡正海, 53 ,16,1,１, ,芝2600,良,,(美),宗像義忠,2438,-0.2,5,5,2,35.1,450,0,
,"2020.11. 7",福島,3福3,3勝,河北新報･3勝,8,12,ロンドンテソーロ,牡,4,鮫島克駿, 57 ,13,1,１, ,ダ1150,良,,(美),栗田徹,1077,-0.3,,2,2,36.0,510,0,
,"2020.11. 7",福島,3福3,1勝,飯坂温泉･1勝,7,10,オルダージュ,牡,4,菅原明良, 57 ,13,5,１, ,芝1200,良,,(美),青木孝文,1098,-0.2,,1,1,34.9,474,-8,B
,"2020.11. 7",福島,3福3,1勝,１勝ｸﾗｽ,3,4,モズナガレボシ,牡,3,菅原明良,54☆,14,1,１, ,芝2000,良,,(栗),荒川義之,2001,-0.3,7,7,4,35.3,486,-6,
,"2020.11. 7",福島,3福3,1勝,１勝ｸﾗｽ,8,14,ジュビリーヘッド,牡,3,藤田菜七,54◇,15,1,１, ,芝1200,良,,(栗),安田隆行,1099,-0.0,,3,4,35.3,468,+10,
,"2020.11. 7",福島,3福3,1勝,１勝ｸﾗｽ,4,6,ヒロノトウリョウ,牡,4,丸田恭介, 57 ,14,1,１, ,ダ1150,良,,(美),蛯名利弘,1090,-0.3,,4,2,36.7,494,-4,B
,"2020.11. 7",福島,3福3,1勝,１勝ｸﾗｽ・若,2,3,パープルヒビキ,牡,5,西村淳也, 57 ,15,7,１, ,ダ1700,良,,(栗),飯田雄三,1467,-0.2,2,5,3,37.5,514,0,
,"2020.11. 7",福島,3福3,未勝利,障害未勝利,7,7,グローブシアター,牡,6,高田潤, 60 ,9,2,１, ,芝2750,良,,(栗),角居勝彦,3011,-0.5,5,3,2,13.2,450,+8,
,"2020.11. 7",福島,3福3,ｵｰﾌﾟﾝ,障害・オープ,5,5,コウキチョウサン,牡,7,石神深一, 61 ,10,2,１, ,芝3350,良,,(美),和田正一,3420,-0.3,5,3,3,13.3,466,0,
,"2020.11. 7",福島,3福3,1勝,１勝ｸﾗｽ,5,8,ロジカルガール,牝,4,秋山稔樹,52▲,15,12,１, ,ダ1700,良,,(美),大和田成,1478,-0.3,6,5,5,39.1,474,+4,
,"2020.11. 7",福島,3福3,未勝利,未勝利*,3,5,ホウオウイクセル,牝,2,丸田恭介, 54 ,16,2,１, ,芝1800,良,,(美),高柳瑞樹,1493,-0.2,8,8,7,36.0,418,-4,
,"2020.11. 7",福島,3福3,未勝利,未勝利・牝*,2,2,クラーロイメル,牝,2,亀田温心,52△,12,6,１, ,ダ1700,良,,(栗),高橋義忠,1487,-0.0,1,1,1,40.3,440,0,
,"2020.11. 1",福島,3福2,2勝,五色沼Ｈ･2勝,3,6,センショウユウト,牡,5,富田暁, 54 ,16,16,１, ,芝1200,良,,(栗),笹田和秀,1087,-0.0,,10,9,34.1,484,+2,B
,"2020.11. 1",福島,3福2,OP(L),福島民友(L),2,2,オーヴェルニュ,牡,4,丸山元気, 56 ,12,4,１, ,ダ1700,良,,(栗),西村真幸,1445,-0.2,4,3,3,37.4,462,-6,
,"2020.11. 1",福島,3福2,1勝,磐梯山特･1勝,7,9,タイセイシリウス,牡,3,西村淳也, 54 ,11,1,１, ,芝2600,良,,(栗),高野友和,2411,-0.1,3,3,1,36.6,482,-2,
,"2020.11. 1",福島,3福2,1勝,１勝ｸﾗｽ,8,16,マスターワーク,牝,3,丸山元気, 53 ,16,1,１, ,芝2000,良,,(美),鹿戸雄一,2008,-0.1,4,2,2,35.7,488,-4,
,"2020.11. 1",福島,3福2,1勝,１勝ｸﾗｽ・若,8,14,ビオグラフィー,牝,3,富田暁,52☆,15,11,１, ,芝1200,良,,(栗),藤岡健一,1086,-0.1,,3,2,34.7,468,-12,B
,"2020.11. 1",福島,3福2,1勝,１勝ｸﾗｽ,4,4,メイショウナパワン,牡,3,横山和生, 55 ,11,2,１, ,ダ1150,良,,(栗),飯田祐史,1088,-0.1,,7,5,36.9,490,+16,
,"2020.11. 1",福島,3福2,1勝,１勝ｸﾗｽ,4,4,テイストオブハニー,牝,3,菱田裕二, 52 ,12,12,１, ,ダ2400,良,,(栗),鮫島一歩,2353,-0.2,1,1,1,39.0,544,0,
,"2020.11. 1",福島,3福2,新馬,新馬,3,5,トーセンクライマー,牡,2,横山和生, 55 ,16,2,１, ,芝2000,良,,(美),加藤征弘,2038,-0.0,6,3,2,35.1,478,,
,"2020.11. 1",福島,3福2,未勝利,障害未勝利,8,9,スズカデヴィアス,牡,9,北沢伸也, 60 ,9,3,１, ,芝2750,良,,(栗),橋田満,3021,-0.0,5,2,1,13.2,498,,B
,"2020.11. 1",福島,3福2,1勝,１勝ｸﾗｽ・牝,8,15,ココリモアナ,牝,5,菅原明良,54☆,15,8,１, ,ダ1700,良,,(美),古賀慎明,1483,-0.3,2,2,2,38.5,462,-10,
,"2020.11. 1",福島,3福2,未勝利,未勝利*,1,2,テセウス,牡,2,杉原誠人, 55 ,16,7,１, ,芝1200,良,,(美),奥平雅士,1098,-0.1,,1,1,35.8,430,+6,
,"2020.11. 1",福島,3福2,未勝利,未勝利*,3,5,フォルツァンド,牡,2,菱田裕二, 55 ,15,5,１, ,ダ1700,良,,(栗),高橋亮,1493,-0.3,6,2,1,38.9,504,+12,
,2020.10.31,福島,3福1,2勝,三陸特別･2勝,2,3,ケイツーキナ,牝,3,秋山稔樹, 53 ,15,10,１, ,ダ1700,良,,(美),大江原哲,1471,-0.0,1,1,2,37.4,468,0,
,2020.10.31,福島,3福1,2勝,三陸特別･2勝,3,4,パールデュー,牝,4,丸山元気, 55 ,15,3,１, ,ダ1700,良,,(美),黒岩陽一,1471,-0.0,2,2,1,37.3,506,-10,
,2020.10.31,福島,3福1,3勝,フルーツ･3勝,1,1,ココロノトウダイ,牡,3,丸山元気, 55 ,14,1,１, ,芝2000,良,,(美),手塚貴久,1599,-0.2,4,4,3,35.3,518,0,
,2020.10.31,福島,3福1,1勝,二本松特･1勝,4,5,クリノオウジャ,牡,4,荻野極, 57 ,13,2,１, ,芝1800,良,,(栗),高橋義忠,1474,-0.1,12,12,10,34.6,436,0,B
,2020.10.31,福島,3福1,1勝,１勝ｸﾗｽ,6,10,メイショウユリシス,牝,3,鮫島克駿, 53 ,14,3,１, ,芝1200,良,,(栗),高橋亮,1088,-0.1,,8,7,34.5,470,0,
,2020.10.31,福島,3福1,1勝,１勝ｸﾗｽ,3,5,アシャカマキシン,牡,4,小林凌大,54▲,15,1,１, ,ダ1150,良,,(美),鈴木伸尋,1094,-0.1,,1,1,37.8,478,-6,
,2020.10.31,福島,3福1,1勝,１勝ｸﾗｽ・牝,4,6,ローランダー,牝,3,中井裕二, 53 ,14,5,１, ,芝1200,良,,(栗),湯窪幸雄,1087,-0.2,,4,3,34.6,468,+2,
,2020.10.31,福島,3福1,1勝,１勝ｸﾗｽ・若,8,12,アースライザー,セ,3,山田敬士,52▲,12,5,１, ,ダ1700,良,,(栗),宮徹,1471,-0.0,5,4,2,39.1,476,-2,B
,2020.10.31,福島,3福1,未勝利,障害未勝利,3,3,トキメキジュピター,牡,5,五十嵐雄, 60 ,12,5,１, ,芝2750,良,,(美),浅野洋一,3016,-0.3,3,2,3,13.2,502,-16,
,2020.10.31,福島,3福1,ｵｰﾌﾟﾝ,障害・オープ,4,4,マサハヤドリーム,セ,8,森一馬, 60 ,13,1,１, ,芝2750,良,,(栗),今野貞一,2580,-0.6,4,2,1,12.9,464,+2,
,2020.10.31,福島,3福1,1勝,１勝ｸﾗｽ,2,3,マハーラーニー,牝,4,山田敬士,52▲,15,9,１, ,ダ1700,良,,(美),藤原辰雄,1489,-0.2,4,6,3,37.9,462,-2,
,2020.10.31,福島,3福1,未勝利,未勝利*,6,6,インペリアルツアー,牡,2,山田敬士,52▲,9,5,１, ,芝2000,良,,(美),加藤和宏,2009,-0.1,4,5,4,36.0,450,+10,
,2020.10.31,福島,3福1,未勝利,未勝利*,1,1,リアルドキュメント,牡,2,秋山稔樹,52▲,16,1,１, ,ダ1150,良,,(美),矢野英一,1093,-0.8,,1,1,38.0,484,0,
,"2020. 7.19",福島,2福6,1勝,１勝ｸﾗｽ,6,10,ファイアランス,牡,3,石橋脩, 54 ,15,1,１, ,ダ1700,良,,(美),高橋祥泰,1462,-0.0,2,2,1,39.8,490,+6,
,"2020. 7.19",福島,2福6,ｵｰﾌﾟﾝ,福島テレ,5,9,トゥラヴェスーラ,牡,5,丸山元気, 56 ,16,2,１, ,芝1200,良,,(栗),高橋康之,1085,-0.2,,2,2,34.7,480,-2,
,"2020. 7.19",福島,2福6,2勝,横手特別･2勝,5,9,オーケストラ,セ,5,木幡巧也, 57 ,15,3,１, ,ダ1700,良,,(美),斎藤誠,1448,-0.2,2,2,2,36.9,488,-6,B
,"2020. 7.19",福島,2福6,2勝,信夫山Ｈ･2勝,3,5,ヒュミドール,セ,4,吉田豊, 54 ,16,10,１, ,芝2600,良,,(美),小手川準,2406,-0.3,8,6,6,36.2,462,-4,
,"2020. 7.19",福島,2福6,1勝,１勝ｸﾗｽ,1,1,ショウナンアオゾラ,牡,4,田辺裕信, 57 ,16,6,１, ,芝1200,良,,(美),大竹正博,1091,-0.3,,14,6,33.9,488,+16,
,"2020. 7.19",福島,2福6,未勝利,未勝利,6,11,アイアムスゴスギル,牡,3,藤田菜七,54◇,16,1,１, ,ダ1150,良,,(美),奥平雅士,1091,-0.0,,2,2,37.9,488,-6,
,"2020. 7.19",福島,2福6,新馬,新馬,6,8,オールアットワンス,牝,2,丸山元気, 54 ,12,1,１, ,芝1200,良,,(美),中舘英二,1109,-0.0,,2,1,35.6,430,,
,"2020. 7.19",福島,2福6,新馬,新馬・牝,3,5,オレンジフィズ,牝,2,北村宏司, 54 ,16,3,１, ,芝1800,良,,(美),木村哲也,1521,-0.3,1,1,1,34.9,448,,
,"2020. 7.19",福島,2福6,未勝利,未勝利,6,12,スプリッツァー,牡,3,田辺裕信, 56 ,16,1,１, ,芝2000,良,,(美),菊沢隆徳,2023,-0.0,6,2,2,36.1,466,+8,
,"2020. 7.19",福島,2福6,未勝利,未勝利,5,9,バルドダンサー,牡,3,Ｍ．デム, 56 ,15,8,１, ,ダ1700,稍,,(美),和田雄二,1466,-0.0,9,7,5,38.2,456,-2,
,"2020. 7.19",福島,2福6,未勝利,未勝利*,6,12,リーブラテソーロ,牡,2,菅原明良,52△,16,5,１, ,芝1800,良,,(美),加藤士津,1509,-0.0,4,5,3,36.7,456,0,
,"2020. 7.19",福島,2福6,未勝利,未勝利*,6,6,セイウンダイモス,牡,2,田辺裕信, 54 ,11,1,１, ,芝1200,良,,(美),和田勇介,1102,-0.4,,3,3,35.3,478,0,
,"2020. 7.18",福島,2福5,1勝,１勝ｸﾗｽ,3,5,タイキメサイア,牡,5,小林脩斗,54▲,16,4,１, ,ダ1150,稍,,(美),高橋祥泰,1080,-0.3,,5,3,36.6,522,+6,
,"2020. 7.18",福島,2福5,3勝,阿武隈Ｈ･3勝,6,11,ドリームソルジャー,牡,6,横山典弘, 55 ,16,5,１, ,芝2000,稍,,(栗),渡辺薫彦,2018,-0.1,10,9,7,36.0,478,-6,
,"2020. 7.18",福島,2福5,2勝,鶴ヶ城特･2勝,8,16,ヴェントヴォーチェ,牡,3,蛯名正義, 54 ,16,2,１, ,芝1200,稍,,(栗),牧浦充徳,1090,-0.2,,2,2,34.9,506,+6,
,"2020. 7.18",福島,2福5,1勝,いわき特･1勝,6,6,プリマヴィスタ,牡,3,三浦皇成, 54 ,11,1,１, ,芝2000,稍,,(栗),矢作芳人,2029,-0.0,6,6,4,36.5,464,+12,
,"2020. 7.18",福島,2福5,1勝,１勝ｸﾗｽ・牝,2,3,ストリートピアノ,牝,3,吉田豊, 52 ,15,2,１, ,ダ1700,重,,(美),武藤善則,1451,-0.3,6,9,5,37.4,458,-4,
,"2020. 7.18",福島,2福5,未勝利,未勝利,8,16,マイネルチューダ,牡,3,柴田大知, 56 ,16,1,１, ,芝1200,稍,,(美),奥平雅士,1104,-0.2,,5,2,35.8,442,+6,
,"2020. 7.18",福島,2福5,新馬,新馬,1,2,キモンブラウン,牝,2,嶋田純次, 54 ,16,12,１, ,ダ1150,重,,(美),手塚貴久,1093,-0.6,,1,1,37.1,450,,
,"2020. 7.18",福島,2福5,新馬,新馬,4,5,アオイゴールド,牝,2,川又賢治, 54 ,14,10,１, ,芝1800,稍,,(美),和田雄二,1532,-0.1,8,3,3,35.9,448,,
,"2020. 7.18",福島,2福5,ｵｰﾌﾟﾝ,障害・オープ,7,10,コウキチョウサン,牡,7,石神深一, 60 ,12,3,１, ,芝3380,稍,,(美),和田正一,3473,-0.1,3,2,1,13.4,458,0,
,"2020. 7.18",福島,2福5,未勝利,未勝利,2,2,ミストラルウインド,牡,3,木幡育也,54△,15,6,１, ,ダ1700,重,,(美),本間忍,1467,-0.0,6,4,4,37.9,468,0,
,"2020. 7.18",福島,2福5,未勝利,未勝利・牝,3,4,ミモザゴール,牝,3,木幡育也,52△,15,10,１, ,ダ1700,重,*,(美),加藤士津,1456,-1.3,1,1,1,37.0,482,-2,
,"2020. 7.18",福島,2福5,未勝利,障害未勝利,6,10,ストレイライトラン,牡,5,石神深一, 60 ,14,1,１, ,芝2770,稍,,(美),堀井雅広,3043,-0.3,1,1,1,13.3,498,-6,
,"2020. 7.12",福島,2福4,2勝,彦星賞･2勝,2,3,ダンシングプリンス,牡,4,三浦皇成, 57 ,15,1,１, ,ダ1150,不,,(美),宮田敬介,1061,-0.7,,1,1,35.4,508,+4,
,"2020. 7.12",福島,2福4,Ｇ３,七夕賞ＨG3,2,3,クレッシェンドラヴ,牡,6,内田博幸, 57 ,16,3,１, ,芝2000,重,,(美),林徹,2025,-0.2,11,9,5,36.6,498,+4,
,"2020. 7.12",福島,2福4,2勝,天の川賞･2勝,3,5,ダノンファスト,牡,3,横山典弘, 54 ,15,1,１, ,ダ1700,不,,(美),菊沢隆徳,1437,-0.4,14,14,9,36.4,458,-2,
,"2020. 7.12",福島,2福4,1勝,織姫賞･1勝,4,8,ホウオウエミーズ,牝,3,Ｍ．デム, 52 ,16,5,１, ,芝1800,重,,(美),池上昌和,1509,-0.1,14,13,9,36.4,448,+4,
,"2020. 7.12",福島,2福4,1勝,１勝ｸﾗｽ,8,14,ウイングセクション,牡,5,Ｍ．デム, 57 ,14,6,１, ,芝2000,重,,(美),田中剛,2045,-0.2,14,11,2,38.5,500,0,
,"2020. 7.12",福島,2福4,未勝利,未勝利・牝,2,4,ラブアドベンチャー,牝,3,横山典弘, 54 ,16,1,１, ,ダ1150,不,,(美),尾関知人,1079,-0.2,,1,1,36.8,478,+10,
,"2020. 7.12",福島,2福4,新馬,新馬,8,12,ショウナンラスボス,牡,2,野中悠太, 54 ,12,1,１, ,芝1200,重,,(美),奥村武,1129,-0.1,,2,3,36.6,482,,
,"2020. 7.12",福島,2福4,新馬,新馬,5,7,カガフラッシュ,牡,2,江田照男, 54 ,14,8,１, ,芝2000,重,,(美),萱野浩二,2076,-0.3,10,6,1,38.0,448,,
,"2020. 7.12",福島,2福4,未勝利,未勝利,8,15,アルピニズム,牡,3,藤田菜七,54◇,15,3,１, ,芝1200,重,,(美),金成貴史,1106,-0.1,,6,5,36.2,484,+2,
,"2020. 7.12",福島,2福4,未勝利,未勝利*,6,12,ニシノミズカゼ,牝,2,田辺裕信, 54 ,16,2,１, ,ダ1150,不,,(美),伊藤圭三,1074,-0.9,,1,1,36.5,462,-6,
,"2020. 7.12",福島,2福4,未勝利,未勝利,5,8,マーキュリーセブン,牡,3,田辺裕信, 56 ,15,2,１, ,ダ1700,不,,(美),加藤士津,1463,-0.0,2,2,2,38.5,450,0,B
,"2020. 7.12",福島,2福4,未勝利,障害未勝利,4,6,ベストサポーター,牡,7,伊藤工真, 60 ,14,7,１, ,芝2750,重,*,(美),和田雄二,3039,-1.1,1,1,1,13.4,516,-8,B
,"2020. 7.11",福島,2福3,1勝,１勝ｸﾗｽ,8,14,シゲルタイタン,牡,3,三浦皇成, 54 ,15,1,１, ,ダ1700,稍,,(美),伊藤圭三,1462,-0.7,1,1,1,37.8,476,0,
,"2020. 7.11",福島,2福3,3勝,テレビユ･3勝,8,15,アユツリオヤジ,牡,6,柴田大知, 57 ,16,12,１, ,芝1200,稍,,(栗),村山明,1085,-0.8,,1,1,34.5,498,-2,
,"2020. 7.11",福島,2福3,2勝,猪苗代特･2勝,1,1,ココロノトウダイ,牡,3,丸山元気, 54 ,13,2,１, ,芝2000,稍,,(美),手塚貴久,2009,-0.2,3,3,2,35.7,518,-2,
,"2020. 7.11",福島,2福3,1勝,郡山特別･1勝,6,7,ニシノコデマリ,牝,5,田辺裕信, 55 ,12,7,１, ,芝1200,稍,,(美),松山将樹,1097,-0.4,,1,1,34.4,428,-10,
,"2020. 7.11",福島,2福3,1勝,１勝ｸﾗｽ・牝,6,10,セクシーフェイス,牝,3,戸崎圭太, 52 ,15,6,１, ,ダ1700,稍,,(美),大和田成,1460,-0.2,3,2,2,36.2,418,-14,
,"2020. 7.11",福島,2福3,未勝利,未勝利,3,5,プロンタン,牝,3,田中勝春, 54 ,16,3,１, ,ダ1150,稍,,(美),宗像義忠,1092,-0.2,,1,1,36.4,458,0,
,"2020. 7.11",福島,2福3,新馬,新馬・牝,7,13,ブルーバード,牝,2,柴田大知, 54 ,15,4,１, ,芝1200,稍,,(美),中舘英二,1116,-0.1,,7,6,35.3,414,,
,"2020. 7.11",福島,2福3,新馬,新馬,6,9,ドゥラモンド,牡,2,レーン, 54 ,13,1,１, ,芝1800,稍,,(美),手塚貴久,1509,-0.1,3,2,2,36.2,468,,
,"2020. 7.11",福島,2福3,未勝利,未勝利,4,8,エクセレントラン,牡,3,柴田善臣, 56 ,16,1,１, ,芝2600,稍,,(美),大江原哲,2433,-0.6,7,7,3,37.7,468,-4,
,"2020. 7.11",福島,2福3,未勝利,未勝利・牝,5,8,ナーシサステソーロ,牝,3,戸崎圭太, 54 ,15,5,１, ,ダ1700,重,,(美),奥平雅士,1475,-0.2,3,4,4,36.9,440,+2,
,"2020. 7.11",福島,2福3,未勝利,未勝利,8,16,ゴルトベルク,牝,3,戸崎圭太, 54 ,16,1,１, ,芝1800,稍,,(美),手塚貴久,1489,-0.0,3,3,3,36.3,428,+16,
,"2020. 7.11",福島,2福3,未勝利,未勝利*,5,9,ユイノチャッキー,牡,2,吉田豊, 54 ,16,3,１, ,芝1200,稍,,(美),竹内正洋,1105,-0.4,,2,2,36.2,496,+6,
,"2020. 7. 5",福島,2福2,2勝,２勝ｸﾗｽ,6,12,アイアムハヤスギル,牡,4,田辺裕信, 57 ,16,2,１, ,ダ1150,重,,(美),奥平雅士,1071,-0.3,,8,8,35.9,480,-6,
,"2020. 7. 5",福島,2福2,Ｇ３,ラジオNIＨG3,1,1,バビット,牡,3,内田博幸, 53 ,12,8,１, ,芝1800,稍,,(栗),浜田多実,1473,-0.8,1,1,1,35.8,454,0,
,"2020. 7. 5",福島,2福2,2勝,さくらん･2勝,4,6,ペイシャドリーム,牝,4,的場勇人, 55 ,14,1,１, ,芝1200,稍,,(美),高橋義博,1093,-0.2,,2,2,35.3,462,+6,
,"2020. 7. 5",福島,2福2,1勝,南相馬特･1勝,7,7,エリスライト,牝,5,レーン, 55 ,9,2,１, ,芝1800,重,,(美),久保田貴,1485,-0.3,6,5,5,36.2,454,+4,
,"2020. 7. 5",福島,2福2,1勝,１勝ｸﾗｽ,4,7,イマジナリーライン,牡,3,武豊, 54 ,15,1,１, ,ダ1700,重,,(美),鹿戸雄一,1440,-0.1,4,4,3,37.4,492,0,
,"2020. 7. 5",福島,2福2,未勝利,未勝利・牝,8,15,トラストワージー,牝,3,石橋脩, 54 ,16,3,１, ,芝2000,重,,(美),堀宣行,2022,-0.2,5,3,2,35.9,432,,
,"2020. 7. 5",福島,2福2,新馬,新馬,5,6,マルス,牡,2,木幡巧也, 54 ,12,7,１, ,芝1200,重,,(美),岩戸孝樹,1118,-0.0,,1,1,36.1,442,,
,"2020. 7. 5",福島,2福2,新馬,新馬,7,14,タウゼントシェーン,牝,2,戸崎圭太, 54 ,16,2,１, ,芝1800,重,,(栗),矢作芳人,1512,-0.1,9,7,5,34.9,414,,
,"2020. 7. 5",福島,2福2,未勝利,未勝利,7,13,ストリートピアノ,牝,3,武藤雅, 54 ,15,3,１, ,ダ1700,重,,(美),武藤善則,1450,-0.3,2,2,2,37.2,462,-4,
,"2020. 7. 5",福島,2福2,未勝利,未勝利,1,2,ヒガシヴァルキリー,牝,3,菅原明良,52△,16,1,１, ,芝1200,重,,(美),林徹,1091,-0.1,,1,1,35.4,412,0,
,"2020. 7. 5",福島,2福2,未勝利,未勝利,7,14,シゲルガラテア,牡,3,菅原明良,54△,16,2,１, ,ダ1150,重,,(美),水野貴広,1081,-0.2,,4,4,36.4,496,+4,B
,"2020. 7. 5",福島,2福2,未勝利,未勝利*,5,5,コスモアシュラ,牡,2,津村明秀, 54 ,11,5,１, ,芝1800,重,,(美),中野栄治,1502,-0.0,5,1,1,36.9,488,-2,
,"2020. 7. 4",福島,2福1,1勝,１勝ｸﾗｽ,3,6,リッチクレマチス,牝,3,菅原明良,50△,16,7,１, ,芝1200,重,,(美),青木孝文,1092,-0.0,,2,2,35.3,440,-10,
,"2020. 7. 4",福島,2福1,3勝,安達太良･3勝,3,5,ハヤブサレジェンド,牡,5,菊沢一樹, 57 ,15,4,１, ,ダ1700,不,,(美),伊藤圭三,1442,-0.0,1,1,1,36.1,516,+8,
,"2020. 7. 4",福島,2福1,2勝,松島特別･2勝,3,3,ミスニューヨーク,牝,3,加藤祥太, 52 ,13,2,１, ,芝1800,重,,(栗),杉山晴紀,1483,-0.2,4,3,3,34.8,458,+4,
,"2020. 7. 4",福島,2福1,1勝,開成山特･1勝,1,1,リスペクト,牡,3,レーン, 54 ,12,1,１, ,芝2600,重,,(美),奥村武,2421,-0.0,9,9,5,35.5,458,-2,
,"2020. 7. 4",福島,2福1,1勝,１勝ｸﾗｽ,4,8,ドラゴンズバック,牡,3,北村宏司, 54 ,16,8,１, ,ダ1150,不,,(美),伊藤伸一,1073,-0.1,,1,1,36.3,454,+10,
,"2020. 7. 4",福島,2福1,未勝利,未勝利,7,14,ステラドーロ,牝,3,戸崎圭太, 54 ,16,3,１, ,芝2000,重,,(美),畠山吉宏,2025,-0.3,5,4,3,35.6,452,+2,
,"2020. 7. 4",福島,2福1,新馬,新馬,4,7,ミスズグランドオー,牡,2,田辺裕信, 54 ,16,2,１, ,ダ1150,不,,(美),伊藤圭三,1085,-1.1,,2,2,37.0,472,,
,"2020. 7. 4",福島,2福1,新馬,新馬,8,9,バイシクルキック,牡,2,菅原明良,52△,10,4,１, ,芝1200,重,,(美),栗田徹,1102,-0.5,,1,1,35.4,462,,
,"2020. 7. 4",福島,2福1,ｵｰﾌﾟﾝ,障害・オープ,2,2,フォイヤーヴェルク,牡,7,森一馬, 60 ,14,1,１, ,芝2750,重,,(栗),池江泰寿,3010,-0.1,2,1,1,13.2,456,0,
,"2020. 7. 4",福島,2福1,未勝利,未勝利,1,1,マイネルイリャルギ,牡,3,レーン, 56 ,15,2,１, ,ダ1700,不,,(美),高橋裕,1457,-0.1,3,4,2,37.5,500,+2,
,"2020. 7. 4",福島,2福1,未勝利,未勝利・牝,4,6,ズールー,牝,3,藤田菜七,52◇,14,1,１, ,ダ1700,不,,(美),高木登,1474,-0.2,8,5,4,38.4,474,+2,
,"2020. 7. 4",福島,2福1,未勝利,障害未勝利,4,5,レヴァンテライオン,セ,6,平沢健治, 60 ,14,3,１, ,芝2750,重,,(美),加藤士津,3033,-0.1,4,5,6,13.3,492,+2,
,"2020. 5. 3",福島,1福8,2勝,白河特Ｈ･2勝,7,12,ハヤブサレジェンド,牡,5,菊沢一樹, 56 ,15,1,１, ,ダ1700,良,,(美),伊藤圭三,1466,-0.4,1,1,1,39.0,508,-2,
,"2020. 5. 3",福島,1福8,3勝,バーデン･3勝,7,14,アリンナ,牝,6,鮫島克駿, 55 ,16,10,１, ,芝1200,良,,(美),上原博之,1084,-0.1,,13,10,33.8,444,0,
,"2020. 5. 3",福島,1福8,1勝,伊達特別･1勝,8,8,ホウオウエーデル,牡,4,西村淳也, 57 ,9,2,１, ,芝2000,良,,(美),池上昌和,2023,-0.3,2,2,1,35.5,482,0,
,"2020. 5. 3",福島,1福8,1勝,１勝ｸﾗｽ,2,2,オメガレインボー,牡,4,西村淳也,56☆,11,2,１, ,ダ1700,良,,(栗),安田翔伍,1485,-0.4,5,5,4,38.5,452,+2,
,"2020. 5. 3",福島,1福8,1勝,１勝ｸﾗｽ,7,13,ブラッディムーン,牝,4,吉田隼人, 55 ,16,2,１, ,芝1200,良,,(栗),上村洋行,1088,-0.0,,3,2,35.1,462,+12,
,"2020. 5. 3",福島,1福8,1勝,１勝ｸﾗｽ・牝,1,1,ペイシャキュウ,牝,4,山田敬士,52▲,12,2,１, ,ダ1700,良,,(美),蛯名利弘,1476,-0.2,4,5,4,37.8,436,+10,
,"2020. 5. 3",福島,1福8,未勝利,未勝利,6,11,ナムアミダブツ,牡,3,川又賢治,55☆,16,7,１, ,芝2600,良,,(栗),石坂公一,2404,-0.0,6,2,3,36.8,464,+4,B
,"2020. 5. 3",福島,1福8,未勝利,未勝利,8,15,マテラシオン,牝,3,西村淳也,53☆,16,7,１, ,芝1200,良,,(栗),浜田多実,1098,-0.1,,9,7,34.9,430,+6,
,"2020. 5. 3",福島,1福8,未勝利,障害未勝利,6,10,クリノライジン,牡,4,小野寺祐, 59 ,14,1,１, ,芝2770,良,,(栗),荒川義之,3017,-0.5,8,3,2,13.1,490,-2,
,"2020. 5. 3",福島,1福8,未勝利,未勝利・若,5,8,メイショウシャガ,牡,3,鮫島克駿, 56 ,15,5,１, ,ダ1700,良,,(栗),池添兼雄,1491,-0.1,7,5,3,40.3,506,+2,
,"2020. 5. 3",福島,1福8,未勝利,未勝利,8,15,マイネルラクスマン,牡,3,柴田大知, 56 ,16,2,１, ,芝1800,良,,(美),金成貴史,1484,-0.0,6,5,2,35.8,504,+4,
,"2020. 5. 3",福島,1福8,未勝利,未勝利,3,5,ツインシップ,牡,3,横山武史, 56 ,16,2,１, ,ダ1150,良,,(美),石栗龍彦,1098,-0.1,,6,5,37.5,442,+2,
,"2020. 5. 2",福島,1福7,1勝,喜多方特･1勝,5,8,ノーブルワークス,牝,4,西村淳也, 55 ,15,2,１, ,芝1200,良,,(栗),吉田直弘,1093,-0.1,,8,7,34.6,470,+18,
,"2020. 5. 2",福島,1福7,2勝,福島放送･2勝,7,12,カフジジュピター,牡,4,川又賢治, 57 ,15,5,１, ,芝1800,良,,(栗),矢作芳人,1476,-0.4,5,5,3,34.3,450,-4,
,"2020. 5. 2",福島,1福7,1勝,しゃくな･1勝,2,4,ベッラヴォルタ,牝,3,菊沢一樹, 54 ,16,12,１, ,芝1200,良,,(栗),加用正,1095,-0.0,,14,10,34.5,472,-10,
,"2020. 5. 2",福島,1福7,1勝,１勝ｸﾗｽ,7,13,サウンドカナロア,牡,4,川又賢治,56☆,16,1,１, ,ダ1150,良,,(栗),村山明,1085,-0.2,,2,2,36.6,476,+2,B
,"2020. 5. 2",福島,1福7,1勝,１勝ｸﾗｽ・若,6,8,マイネルアプラウス,牡,4,山田敬士,54▲,12,4,１, ,ダ1700,良,,(美),青木孝文,1467,-0.4,2,2,2,38.3,496,0,
,"2020. 5. 2",福島,1福7,1勝,１勝ｸﾗｽ,7,10,カサーレ,牝,5,団野大成,53△,12,6,１, ,芝1800,良,,(栗),吉岡辰弥,1496,-0.0,4,2,3,34.7,444,+4,
,"2020. 5. 2",福島,1福7,未勝利,未勝利,5,9,ネヴァタップアウト,牡,3,横山武史, 56 ,15,1,１, ,ダ1700,良,,(美),鈴木伸尋,1478,-0.5,1,1,1,39.1,506,-4,
,"2020. 5. 2",福島,1福7,ｵｰﾌﾟﾝ,障害・オープ,7,11,シゲルピーマン,セ,5,植野貴也, 60 ,14,9,１, ,芝2770,良,*,(栗),湯窪幸雄,3023,-0.3,7,5,2,13.2,466,0,
,"2020. 5. 2",福島,1福7,未勝利,障害未勝利,5,8,フォワードカフェ,牡,8,石神深一, 60 ,14,1,１, ,芝2770,良,,(美),和田勇介,3004,-2.1,5,2,1,13.0,532,-6,
,"2020. 5. 2",福島,1福7,未勝利,未勝利・牝,8,14,シャルドネ,牝,3,鮫島克駿, 54 ,15,2,１, ,ダ1700,良,,(栗),浜田多実,1493,-0.1,2,2,1,40.0,444,-6,
,"2020. 5. 2",福島,1福7,未勝利,未勝利,7,13,ノーセキュリティ,牡,3,古川吉洋, 56 ,16,1,１, ,芝1200,良,,(栗),飯田祐史,1097,-0.2,,8,6,34.3,498,+6,
,"2020. 5. 2",福島,1福7,未勝利,未勝利,1,2,スマートアペックス,牡,3,鮫島克駿, 56 ,16,5,１, ,ダ1150,良,,(栗),浅見秀一,1102,-0.4,,4,2,37.7,474,0,B
,"2020. 4.26",福島,1福6,2勝,米沢特Ｈ･2勝,7,14,アテンフラワー,牝,5,川又賢治, 52 ,16,10,１, ,芝1200,良,,(栗),牧浦充徳,1088,-0.3,,2,2,34.5,476,+4,
,"2020. 4.26",福島,1福6,3勝,やまびこ･3勝,6,9,ロードエース,牡,5,丸山元気, 57 ,14,5,１, ,ダ1150,良,,(栗),松下武士,1088,-0.1,,1,1,37.5,502,0,
,"2020. 4.26",福島,1福6,1勝,燧ヶ岳特･1勝,8,9,ウォルフズハウル,牡,4,菅原明良, 57 ,10,1,１, ,芝2600,良,,(美),栗田徹,2414,-0.9,3,3,3,35.0,462,-8,
,"2020. 4.26",福島,1福6,1勝,１勝ｸﾗｽ,7,8,アトミカ,牝,5,西村淳也,54☆,11,1,１, ,芝1800,良,,(栗),笹田和秀,1495,-0.1,4,6,6,35.1,444,-2,
,"2020. 4.26",福島,1福6,1勝,１勝ｸﾗｽ,8,16,メイショウアワジ,牡,6,亀田温心,54▲,16,3,１, ,ダ1150,良,,(栗),西橋豊治,1093,-0.5,,4,4,37.4,480,-10,
,"2020. 4.26",福島,1福6,1勝,１勝ｸﾗｽ・牝,5,6,モリノカワセミ,牝,4,木幡育也,53△,13,1,１, ,ダ1700,良,,(美),大江原哲,1489,-0.0,8,7,5,38.6,458,-6,
,"2020. 4.26",福島,1福6,未勝利,未勝利,6,12,バビット,牡,3,和田竜二, 56 ,16,1,１, ,芝2000,良,,(栗),浜田多実,2012,-0.4,1,2,1,36.0,452,-4,
,"2020. 4.26",福島,1福6,未勝利,未勝利・牝,8,16,ボンジョルノ,牝,3,勝浦正樹, 54 ,16,4,１, ,芝1200,良,,(美),金成貴史,1111,-0.0,,5,4,36.0,428,+4,
,"2020. 4.26",福島,1福6,未勝利,障害未勝利,8,12,リボンナイト,牡,6,田村太雅, 60 ,12,1,１, ,芝2770,良,,(栗),村山明,3021,-0.0,2,2,1,13.1,450,0,
,"2020. 4.26",福島,1福6,未勝利,未勝利・若,1,1,メイショウメイユウ,牡,3,団野大成,54△,15,4,１, ,ダ1700,良,,(栗),荒川義之,1489,-0.3,14,7,4,39.1,434,-2,
,"2020. 4.26",福島,1福6,未勝利,未勝利,2,3,スズノヤマト,牡,3,勝浦正樹, 56 ,16,5,１, ,芝1200,良,,(美),高橋裕,1099,-0.0,,8,7,34.6,460,-4,
,"2020. 4.26",福島,1福6,未勝利,未勝利・牝,2,3,ハギノオーロ,牝,3,斎藤新,53☆,16,4,１, ,ダ1150,良,,(栗),高野友和,1111,-0.0,,1,1,38.6,486,-2,
,"2020. 4.25",福島,1福5,3勝,エールＳ･3勝,3,3,ヴァンケドミンゴ,牡,4,酒井学, 57 ,13,2,１, ,芝2000,良,,(栗),藤岡健一,1599,-0.3,9,10,4,34.5,464,-2,
,"2020. 4.25",福島,1福5,Ｇ３,福島牝馬G3,7,14,フェアリーポルカ,牝,4,和田竜二, 54 ,16,3,１, ,芝1800,良,,(栗),西村真幸,1468,-0.1,12,11,9,34.5,492,-4,
,"2020. 4.25",福島,1福5,2勝,尾瀬特別･2勝,6,10,スマートランウェイ,牝,4,秋山真一, 55 ,15,2,１, ,ダ1700,良,,(栗),角居勝彦,1478,-0.2,1,1,1,38.9,494,-4,
,"2020. 4.25",福島,1福5,1勝,１勝ｸﾗｽ,8,15,アスタービーナス,牝,5,団野大成,53△,16,4,１, ,芝1200,良,,(栗),中竹和也,1094,-0.4,,10,8,33.7,408,+6,
,"2020. 4.25",福島,1福5,1勝,１勝ｸﾗｽ,3,3,カルロスミノル,牡,4,亀田温心,54▲,11,1,１, ,ダ1700,良,,(栗),北出成人,1476,-0.3,6,2,2,37.7,470,-8,B
,"2020. 4.25",福島,1福5,1勝,１勝ｸﾗｽ・牝,8,8,レッドルーヴル,牝,4,荻野極, 55 ,9,3,１, ,芝2000,良,,(栗),笹田和秀,2008,-0.4,7,7,5,34.5,458,-6,
,"2020. 4.25",福島,1福5,未勝利,未勝利,2,3,ホッコーアカツキ,牡,3,池添謙一, 56 ,15,3,１, ,ダ1700,良,,(栗),西浦勝一,1474,-0.1,1,1,1,40.4,508,-4,
,"2020. 4.25",福島,1福5,未勝利,障害未勝利,1,1,ウインスラーヴァ,牡,5,上野翔, 60 ,10,3,１, ,芝2770,良,,(美),上原博之,3009,-0.3,3,2,1,13.1,486,+6,
,"2020. 4.25",福島,1福5,ｵｰﾌﾟﾝ,障害・オープ,1,1,マイネルレオーネ,牡,8,平沢健治, 60 ,14,4,１, ,芝3380,良,,(栗),清水久詞,3414,-1.3,3,1,1,13.1,408,+4,
,"2020. 4.25",福島,1福5,未勝利,未勝利・牝,8,15,ペルルドール,牝,3,坂井瑠星, 54 ,15,2,１, ,ダ1700,良,,(栗),矢作芳人,1469,-2.1,2,2,1,39.8,462,-10,
,"2020. 4.25",福島,1福5,未勝利,未勝利・牝,6,12,ハクサンチコチャン,牝,3,西村淳也,53☆,16,5,１, ,芝1800,良,,(栗),清水久詞,1490,-0.0,10,10,3,35.8,454,-10,
,"2020. 4.25",福島,1福5,未勝利,未勝利,4,7,シルバージャック,牡,3,藤田菜七,54◇,16,1,１, ,ダ1150,良,,(美),和田正一,1097,-0.8,,1,1,37.6,494,+6,
,"2020. 4.19",福島,1福4,2勝,奥の細道･2勝,8,11,ワセダインブルー,牡,5,菅原明良, 57 ,12,9,１, ,芝2600,重,,(美),金成貴史,2444,-0.2,10,10,7,37.6,444,0,
,"2020. 4.19",福島,1福4,OP(L),福島民Ｈ(L),5,10,マイネルサーパス,牡,4,国分優作, 56 ,16,2,１, ,芝2000,重,,(美),高木登,2018,-0.2,11,11,5,36.8,478,0,
,"2020. 4.19",福島,1福4,1勝,医王寺特･1勝,2,4,タガノカルラ,牡,4,酒井学, 57 ,16,1,１, ,芝1200,重,,(栗),本田優,1109,-0.1,,14,11,35.7,442,0,
,"2020. 4.19",福島,1福4,1勝,１勝ｸﾗｽ・牝,4,6,ドゥエルメス,牝,4,斎藤新,54☆,15,2,１, ,ダ1700,重,,(美),畠山吉宏,1470,-0.0,1,1,1,38.1,516,+8,
,"2020. 4.19",福島,1福4,1勝,１勝ｸﾗｽ・若,7,14,メイショウウズマサ,牡,4,斎藤新,56☆,16,1,１, ,ダ1150,重,,(栗),安田隆行,1076,-0.4,,1,1,36.5,502,-4,
,"2020. 4.19",福島,1福4,1勝,１勝ｸﾗｽ・牝,4,7,アレス,牝,4,横山武史, 55 ,16,1,１, ,芝1200,不,,(栗),昆貢,1106,-0.8,,9,4,36.2,450,+2,B
,"2020. 4.19",福島,1福4,未勝利,未勝利,6,11,グラスデスティーノ,牡,3,丹内祐次, 56 ,15,2,１, ,ダ1700,不,,(美),牧光二,1457,-1.7,1,1,1,38.4,472,-6,B
,"2020. 4.19",福島,1福4,未勝利,障害未勝利,8,11,オブリゲーション,牡,7,小坂忠士, 60 ,12,2,１, ,芝2750,不,,(栗),奥村豊,3052,-2.0,1,1,1,13.5,484,-6,
,"2020. 4.19",福島,1福4,未勝利,障害未勝利,4,4,ラフレシアレディ,牝,4,草野太郎, 57 ,12,1,１, ,芝2750,不,,(美),畠山吉宏,3057,-0.2,3,2,1,13.5,474,+4,
,"2020. 4.19",福島,1福4,未勝利,未勝利・牝,5,9,シャンボールロッソ,牝,3,横山武史, 54 ,15,3,１, ,ダ1700,不,,(美),武藤善則,1490,-0.0,4,3,3,38.2,424,-8,
,"2020. 4.19",福島,1福4,未勝利,未勝利,6,12,リベルター,牡,3,川又賢治,55☆,16,7,１, ,芝2000,不,,(栗),松下武士,2041,-1.3,1,1,1,39.3,486,-6,
,"2020. 4.19",福島,1福4,未勝利,未勝利,5,9,シャイニールミナス,牝,3,丹内祐次, 54 ,16,3,１, ,ダ1150,不,,(美),岩戸孝樹,1089,-0.3,,2,1,37.7,456,+4,
,"2020. 4.18",福島,1福3,1勝,川俣特別･1勝,7,13,アグネススターダム,牡,7,斎藤新, 57 ,16,13,１, ,芝1800,重,,(栗),河内洋,1542,-0.0,1,1,1,38.4,452,+2,
,"2020. 4.18",福島,1福3,2勝,ラジオ福･2勝,5,9,ボーサンシー,牡,7,中谷雄太, 57 ,16,6,１, ,ダ1150,重,,(栗),池添学,1077,-0.0,,1,1,36.6,536,+10,
,"2020. 4.18",福島,1福3,1勝,雪うさぎ･1勝,2,3,ジュニパーベリー,牝,3,嶋田純次, 54 ,16,2,１, ,芝1200,稍,,(美),手塚貴久,1111,-0.3,,7,6,36.6,454,+4,B
,"2020. 4.18",福島,1福3,1勝,１勝ｸﾗｽ,2,3,グランデラムジー,牡,4,国分優作, 57 ,15,2,１, ,ダ1700,稍,,(栗),吉田直弘,1471,-0.1,8,7,4,38.9,464,-2,
,"2020. 4.18",福島,1福3,1勝,１勝ｸﾗｽ,1,1,ウレキサイト,牡,4,団野大成,55△,14,3,１, ,芝2000,稍,,(栗),松永幹夫,2039,-0.7,2,4,5,37.1,508,+8,
,"2020. 4.18",福島,1福3,1勝,１勝ｸﾗｽ・牝,7,8,マリアルージュ,牝,4,吉田隼人, 55 ,11,1,１, ,ダ1150,稍,,(美),畠山吉宏,1090,-0.2,,5,4,36.9,460,-2,
,"2020. 4.18",福島,1福3,未勝利,未勝利・若,3,6,コスモシークレット,牡,3,横山武史, 56 ,16,8,１, ,芝1800,稍,,(美),高橋義博,1514,-0.0,2,2,2,37.2,444,-2,
,"2020. 4.18",福島,1福3,未勝利,未勝利,7,14,ジューンアクア,牝,3,団野大成,52△,16,1,１, ,芝1200,稍,,(栗),飯田祐史,1110,-0.3,,1,1,36.8,456,-4,
,"2020. 4.18",福島,1福3,未勝利,未勝利・牝,3,6,パラスアテナ,牝,3,吉田隼人, 54 ,16,4,１, ,芝2000,稍,,(美),高柳瑞樹,2027,-0.9,4,2,2,35.9,442,0,
,"2020. 4.18",福島,1福3,未勝利,未勝利,2,2,メイショウハリオ,牡,3,菱田裕二, 56 ,15,1,１, ,ダ1700,稍,,(栗),岡田稲男,1492,-0.3,11,6,3,38.5,494,-8,
,"2020. 4.18",福島,1福3,未勝利,未勝利・牝,5,9,リヴェール,牝,3,西村淳也,53☆,16,3,１, ,芝1200,稍,,(栗),鮫島一歩,1106,-0.0,,2,2,36.3,436,+2,
,"2020. 4.18",福島,1福3,未勝利,未勝利,5,10,サノマナ,牝,3,藤田菜七,52◇,16,3,１, ,ダ1150,稍,,(美),栗田徹,1093,-1.3,,1,1,37.7,458,-4,
,"2020. 4.12",福島,1福2,2勝,花見山特･2勝,1,1,ヒロイックアゲン,牝,6,荻野極, 55 ,16,1,１, ,芝1200,良,,(美),加藤和宏,1086,-0.1,,6,5,35.0,484,+4,
,"2020. 4.12",福島,1福2,ｵｰﾌﾟﾝ,吾妻小富Ｈ,2,2,ダンツゴウユウ,牡,6,酒井学, 54 ,15,2,１, ,ダ1700,良,,(栗),谷潔,1448,-0.9,5,4,3,37.5,468,-8,
,"2020. 4.12",福島,1福2,1勝,飯盛山特･1勝,1,1,マイネルウィルトス,牡,4,丹内祐次, 57 ,16,1,１, ,芝2000,良,,(栗),宮徹,2003,-0.7,2,2,1,36.3,470,+6,
,"2020. 4.12",福島,1福2,1勝,１勝ｸﾗｽ,3,5,メディクス,牡,4,団野大成,55△,16,2,１, ,ダ1150,良,,(栗),渡辺薫彦,1087,-0.3,,9,6,36.5,468,0,
,"2020. 4.12",福島,1福2,1勝,１勝ｸﾗｽ・若,5,9,クリノイダテン,牡,5,森裕太朗,56☆,16,15,１, ,芝1200,良,,(栗),谷潔,1098,-0.0,,16,16,34.8,446,-6,
,"2020. 4.12",福島,1福2,1勝,１勝ｸﾗｽ・牝,8,14,リーピングリーズン,牝,4,秋山真一, 55 ,15,3,１, ,ダ1700,良,,(栗),吉岡辰弥,1481,-0.2,5,2,3,39.7,490,-4,
,"2020. 4.12",福島,1福2,未勝利,未勝利,8,16,ブレーナード,牡,3,横山武史, 56 ,16,4,１, ,芝2600,良,,(美),高橋祥泰,2423,-0.2,2,1,1,37.4,434,0,
,"2020. 4.12",福島,1福2,未勝利,未勝利,3,6,ラヴィンフォール,牝,3,吉田隼人, 54 ,16,3,１, ,芝1800,良,,(栗),友道康夫,1491,-0.2,8,6,5,35.3,476,-12,
,"2020. 4.12",福島,1福2,未勝利,障害未勝利,3,4,アスターブリザード,牡,4,高田潤, 59 ,14,4,１, ,芝2750,良,,(栗),湯窪幸雄,3019,-0.2,4,3,3,13.2,486,-8,
,"2020. 4.12",福島,1福2,未勝利,未勝利,3,5,イルミネーター,牡,3,水口優也, 56 ,15,2,１, ,ダ1700,良,,(栗),羽月友彦,1480,-0.0,2,4,4,38.5,474,0,
,"2020. 4.12",福島,1福2,未勝利,未勝利,1,1,スマートルミエール,牡,3,中谷雄太, 56 ,16,2,１, ,芝1200,良,,(栗),矢作芳人,1100,-0.1,,1,1,36.1,458,+8,
,"2020. 4.12",福島,1福2,未勝利,未勝利・牝,6,11,マイレリーフ,牝,3,田中健, 54 ,15,1,１, ,ダ1700,良,,(栗),荒川義之,1490,-0.5,3,4,3,39.7,426,-12,
,"2020. 4.11",福島,1福1,1勝,桑折特別･1勝,1,2,リトミカメンテ,牝,4,吉田隼人, 55 ,16,1,１, ,芝1800,良,,(栗),高野友和,1479,-0.1,4,5,4,36.1,452,+12,
,"2020. 4.11",福島,1福1,2勝,福島中央･2勝,5,9,キタサンタイドー,牡,5,吉田隼人, 57 ,15,3,１, ,ダ1700,良,,(栗),清水久詞,1466,-0.1,3,4,4,39.3,510,0,
,"2020. 4.11",福島,1福1,1勝,ひめさゆ･1勝,7,12,ベレヌス,牡,3,西村淳也, 56 ,15,12,１, ,芝2000,良,,(栗),杉山晴紀,2007,-0.3,1,1,1,35.7,510,+4,
,"2020. 4.11",福島,1福1,1勝,１勝ｸﾗｽ,4,7,デルマカトリーナ,牝,4,西村淳也,54☆,16,3,１, ,芝1200,良,,(栗),音無秀孝,1091,-0.0,,4,5,35.1,448,+12,
,"2020. 4.11",福島,1福1,1勝,１勝ｸﾗｽ,1,1,ファストライフ,牝,5,藤田菜七,53◇,15,7,１, ,芝2600,良,*,(美),青木孝文,2405,-0.1,10,6,3,36.7,452,0,
,"2020. 4.11",福島,1福1,未勝利,未勝利,1,1,シャルロワ,牝,3,西村淳也,53☆,16,2,１, ,ダ1150,良,,(栗),梅田智之,1099,-0.0,,1,1,38.6,484,-4,
,"2020. 4.11",福島,1福1,1勝,１勝ｸﾗｽ,4,6,ブルベアカーキ,牡,4,柴山雄一, 57 ,15,7,１, ,ダ1700,良,,(美),和田勇介,1481,-0.1,5,4,3,39.5,540,-11,
,"2020. 4.11",福島,1福1,ｵｰﾌﾟﾝ,障害・オープ,4,5,シングンオフビート,セ,5,金子光希, 60 ,14,7,２, ,芝2750,良,,(美),大江原哲,3004,0.0,4,3,2,13.1,450,+18,
,"2020. 4.11",福島,1福1,未勝利,障害未勝利,5,8,フィスキオ,牡,6,石神深一, 60 ,14,3,１, ,芝2750,良,,(美),栗田徹,3017,-0.0,3,2,1,13.2,488,0,
,"2020. 4.11",福島,1福1,未勝利,未勝利・若,4,6,サトノワールド,牡,3,菅原明良,54△,15,1,１, ,ダ1700,良,,(美),国枝栄,1479,-0.9,2,2,1,38.9,510,-4,B
,"2020. 4.11",福島,1福1,未勝利,未勝利,1,2,カゼノタニノアヤカ,牝,3,斎藤新,53☆,16,4,１, ,芝1200,良,,(栗),安田隆行,1095,-0.0,,1,1,35.4,458,,
,"2020. 4.11",福島,1福1,未勝利,未勝利・牝,8,14,スマートラビリンス,牝,3,西村淳也,53☆,15,1,１, ,ダ1700,良,,(栗),小崎憲,1500,-0.0,2,2,2,39.7,450,+2,
,2019.11.17,福島,3福6,2勝,会津特別･2勝,7,14,バーミーブリーズ,牝,5,西田雄一, 55 ,16,7,１, ,芝1200,良,,(美),青木孝文,1090,-0.0,,2,2,34.9,466,+2,
,2019.11.17,福島,3福6,OP(L),福島民友(L),7,12,マイネルユキツバキ,牡,4,横山武史, 56 ,15,3,１, ,ダ1700,良,*,(美),高木登,1454,-0.1,3,4,4,37.5,530,-4,
,2019.11.17,福島,3福6,1勝,高湯温泉･1勝,8,16,ダイワダグラス,牡,3,内田博幸, 55 ,16,1,１, ,芝2000,良,,(美),鹿戸雄一,2012,-0.2,10,7,7,34.7,502,-2,
,2019.11.17,福島,3福6,1勝,１勝ｸﾗｽ,8,16,シルバーストーン,牡,5,丸田恭介, 57 ,16,2,１, ,ダ1150,良,*,(美),石栗龍彦,1098,-0.4,,11,9,36.6,502,0,
,2019.11.17,福島,3福6,1勝,１勝ｸﾗｽ,2,3,ノーチカルチャート,牡,3,鮫島克駿, 55 ,16,14,１, ,芝2600,良,,(栗),奥村豊,2414,-0.2,1,1,1,37.8,470,-17,
,2019.11.17,福島,3福6,1勝,１勝ｸﾗｽ,8,16,ファイブフォース,牝,5,勝浦正樹, 55 ,16,8,１, ,芝1200,良,,(美),高橋裕,1104,-0.0,,7,6,35.2,496,-8,
,2019.11.17,福島,3福6,1勝,１勝ｸﾗｽ・若,3,4,ファストフラッシュ,牡,4,荻野極, 57 ,15,5,１, ,ダ1700,良,,(栗),野中賢二,1472,-0.2,6,5,4,39.3,484,+4,
,2019.11.17,福島,3福6,未勝利,障害未勝利,3,3,ブレスアロット,牡,6,石神深一, 60 ,12,3,１, ,芝2770,良,,(美),高柳瑞樹,3021,-0.8,5,3,1,13.1,476,-2,
,2019.11.17,福島,3福6,未勝利,障害未勝利,6,9,スリーミュージアム,牡,6,大江原圭, 60 ,13,4,１, ,芝2770,良,,(美),柄崎孝,3036,-0.0,5,1,1,13.3,438,-4,
,2019.11.17,福島,3福6,1勝,１勝ｸﾗｽ・牝,2,2,プリカジュール,牝,3,鮫島克駿, 53 ,15,2,１, ,ダ1700,良,,(栗),寺島良,1478,-0.1,1,1,1,39.1,520,0,
,2019.11.17,福島,3福6,1勝,１勝ｸﾗｽ,3,5,ネコマヒカ,牡,4,松山弘平, 57 ,16,11,１, ,ダ2400,良,,(栗),山内研二,2352,-0.0,3,5,3,38.5,528,+2,
,2019.11.17,福島,3福6,未勝利,未勝利*,2,2,ジャッジ,牡,2,丸田恭介, 55 ,15,12,１, ,ダ1700,良,,(美),和田雄二,1491,-0.1,8,8,6,38.8,482,+4,
,2019.11.16,福島,3福5,1勝,飯坂温泉･1勝,5,10,ヴォイスオブジョイ,牝,3,丹内祐次, 54 ,16,1,１, ,芝1200,良,,(美),水野貴広,1098,-0.1,,11,9,34.1,454,-2,
,2019.11.16,福島,3福5,2勝,フルーＨ･2勝,7,12,サンアップルトン,牡,3,柴田善臣, 54 ,14,2,１, ,芝2600,良,,(美),中野栄治,2390,-0.3,13,10,5,35.4,454,-12,
,2019.11.16,福島,3福5,1勝,土湯温泉･1勝,3,3,カセノウィナー,牡,3,丸山元気, 55 ,13,3,１, ,ダ1700,良,,(美),土田稔,1469,-0.5,2,1,1,38.5,482,-8,
,2019.11.16,福島,3福5,1勝,１勝ｸﾗｽ・牝,3,5,ココナッツスルー,牝,4,斎藤新,53△,16,5,１, ,芝2000,良,,(栗),橋口慎介,2009,-0.2,15,1,1,35.3,440,-14,
,2019.11.16,福島,3福5,1勝,１勝ｸﾗｽ,1,1,ジューンシルフィア,牝,3,鮫島克駿, 54 ,16,3,１, ,芝1200,良,,(栗),松下武士,1097,-0.1,,13,12,34.0,432,0,
,2019.11.16,福島,3福5,1勝,１勝ｸﾗｽ・若,8,15,ペガーズ,牡,5,川又賢治,56☆,16,4,１, ,芝1800,良,,(栗),中尾秀正,1479,-0.1,6,6,4,35.3,502,0,
,2019.11.16,福島,3福5,1勝,１勝ｸﾗｽ,3,6,サイドストリート,牝,4,丸山元気, 55 ,16,2,１, ,ダ1150,良,,(美),伊藤大士,1086,-0.6,,1,1,36.7,476,+6,
,2019.11.16,福島,3福5,新馬,新馬,6,9,デンタルバルーン,牝,2,団野大成,51▲,13,1,１, ,芝1200,良,,(栗),牧浦充徳,1105,-0.4,,1,1,35.2,456,,
,2019.11.16,福島,3福5,未勝利,未勝利*,5,10,ハローキャンディ,牝,2,吉田隼人, 54 ,16,5,１, ,芝1800,良,,(美),久保田貴,1491,-0.2,3,3,2,35.9,428,0,
,2019.11.16,福島,3福5,未勝利,未勝利*,5,9,グッドマックス,牝,2,丸山元気, 54 ,16,2,１, ,芝1200,良,,(美),堀井雅広,1104,-0.1,,9,8,34.9,444,+2,
,2019.11.16,福島,3福5,1勝,１勝ｸﾗｽ,3,5,トミケンエンデレア,牡,4,横山武史,56☆,15,3,１, ,ダ1700,良,,(美),水野貴広,1470,-0.1,10,1,1,38.1,502,+2,
,2019.11.16,福島,3福5,未勝利,未勝利*,3,5,プレジールドビブル,牡,2,木幡初也, 55 ,16,6,１, ,ダ1150,良,,(美),竹内正洋,1103,-0.2,,3,3,38.0,448,+2,
,2019.11.10,福島,3福4,2勝,福島放送･2勝,1,1,メイショウササユリ,牝,5,吉田隼人, 55 ,15,4,１, ,ダ1700,良,,(栗),松永幹夫,1473,-0.0,6,5,5,37.7,506,-2,
,2019.11.10,福島,3福4,Ｇ３,福島記念ＨG3,5,10,クレッシェンドラヴ,牡,5,内田博幸, 55 ,16,1,１, ,芝2000,良,,(美),林徹,1595,-0.2,9,6,3,35.5,496,+6,
,2019.11.10,福島,3福4,ｵｰﾌﾟﾝ,福島２歳,8,13,テーオーマルクス,牡,2,川須栄彦, 55 ,14,4,１, ,芝1200,良,,(栗),宮徹,1103,-0.2,,3,2,35.9,472,0,
,2019.11.10,福島,3福4,1勝,１勝ｸﾗｽ,3,6,メガフレア,牡,5,西村淳也,56☆,16,7,１, ,芝2000,良,,(栗),加用正,2018,-0.2,14,12,10,35.4,484,-4,
,2019.11.10,福島,3福4,1勝,１勝ｸﾗｽ,8,13,テイエムクロムシャ,牡,3,和田竜二, 55 ,14,1,１, ,ダ1700,良,,(栗),鈴木孝志,1471,-0.2,3,3,2,39.2,468,+2,
,2019.11.10,福島,3福4,1勝,１勝ｸﾗｽ,5,9,タイキラトナンジュ,牡,7,団野大成,54▲,15,4,１, ,芝1200,良,,(美),萱野浩二,1100,-0.2,,5,3,35.5,458,+2,
,2019.11.10,福島,3福4,1勝,１勝ｸﾗｽ・牝,8,15,モンオール,牝,3,西村淳也,52☆,15,9,１, ,ダ1700,良,,(栗),平田修,1470,-0.0,12,5,4,38.6,442,0,
,2019.11.10,福島,3福4,未勝利,障害未勝利,4,4,シングンオフビート,セ,4,金子光希, 60 ,13,8,１, ,芝2750,良,,(美),高市圭二,3037,-0.1,6,5,2,13.4,432,-10,
,2019.11.10,福島,3福4,未勝利,障害未勝利,3,4,ファイアプルーフ,牡,4,大江原圭, 60 ,14,2,１, ,芝2750,良,,(美),根本康広,3022,-1.7,5,1,1,13.3,508,+6,
,2019.11.10,福島,3福4,未勝利,未勝利*,4,6,イバル,牡,2,藤井勘一, 55 ,15,3,１, ,ダ1700,良,,(栗),小崎憲,1484,-0.5,9,6,5,39.0,496,+20,
,2019.11.10,福島,3福4,1勝,１勝ｸﾗｽ・牝,6,11,ギフトオブアート,牝,3,吉田隼人, 53 ,16,3,１, ,芝1800,良,,(美),高柳瑞樹,1485,-0.2,5,3,2,35.7,480,+4,
,2019.11.10,福島,3福4,未勝利,未勝利*,7,14,コトブキレイア,牝,2,藤田菜七,51▲,16,2,１, ,ダ1150,良,,(美),金成貴史,1101,-0.0,,3,2,38.0,446,-6,
,"2019.11. 9",福島,3福3,1勝,相馬特別･1勝,7,14,マルカテノール,牡,5,三浦皇成, 57 ,16,3,１, ,芝1200,良,,(栗),浜田多実,1096,-0.0,,8,6,34.9,482,0,
,"2019.11. 9",福島,3福3,3勝,奥羽Ｓ･3勝,8,14,ナムラカメタロー,牡,3,石川裕紀, 55 ,15,2,１, ,ダ1700,良,,(美),稲垣幸雄,1455,-0.2,5,5,4,38.4,496,-2,
,"2019.11. 9",福島,3福3,1勝,三春駒特･1勝,7,11,グレイテスト,牝,3,三浦皇成, 53 ,14,1,１, ,芝1800,良,,(美),武市康男,1493,-0.4,2,2,2,34.6,466,-4,
,"2019.11. 9",福島,3福3,1勝,１勝ｸﾗｽ,7,14,サンマルベスト,牡,3,畑端省吾, 56 ,16,13,１, ,ダ1150,良,,(栗),牧浦充徳,1088,-0.2,,5,5,37.0,464,-2,
,"2019.11. 9",福島,3福3,1勝,１勝ｸﾗｽ,6,12,エクスプローシブ,牡,3,横山武史,54☆,16,1,１, ,芝2600,良,,(美),尾関知人,2420,-0.1,2,2,2,36.5,446,-8,
,"2019.11. 9",福島,3福3,1勝,１勝ｸﾗｽ・若,3,6,レッドルチア,牝,5,菅原明良,52▲,16,1,１, ,芝1200,良,,(美),鹿戸雄一,1092,-0.2,,5,5,34.6,424,-4,
,"2019.11. 9",福島,3福3,1勝,１勝ｸﾗｽ・牝,8,15,カシマフウリン,牝,4,団野大成,52▲,16,3,１, ,ダ1150,良,,(美),加藤士津,1093,-0.3,,6,7,37.4,482,-12,B
,"2019.11. 9",福島,3福3,新馬,新馬,5,9,シーズンズギフト,牝,2,丸山元気, 54 ,15,1,１, ,芝2000,良,,(美),黒岩陽一,2036,-0.2,8,5,2,34.7,476,,
,"2019.11. 9",福島,3福3,未勝利,未勝利・牝*,6,12,シオミチクレバ,牝,2,蛯名正義, 54 ,16,3,１, ,芝1200,良,,(栗),牧浦充徳,1102,-0.0,,7,6,35.1,478,0,
,"2019.11. 9",福島,3福3,未勝利,未勝利*,8,12,マイネルソラス,牡,2,丹内祐次, 55 ,13,3,１, ,芝2000,良,,(美),和田正一,2022,-0.3,5,4,4,35.6,470,+4,
,"2019.11. 9",福島,3福3,1勝,１勝ｸﾗｽ,6,9,メラン,牡,3,吉田隼人, 55 ,14,4,１, ,ダ1700,良,,(栗),奥村豊,1465,-0.0,1,1,1,37.9,516,+14,
,"2019.11. 9",福島,3福3,未勝利,未勝利・牝*,3,4,ラルゲッツァ,牝,2,西村淳也,53☆,15,1,１, ,ダ1700,良,,(栗),平田修,1486,-0.7,2,1,1,38.8,468,+6,
,"2019.11. 3",福島,3福2,2勝,西郷特別･2勝,5,10,ヒイナヅキ,牝,3,丸山元気, 54 ,16,1,１, ,ダ1150,良,,(美),林徹,1088,-0.1,,2,2,37.4,452,-8,
,"2019.11. 3",福島,3福2,3勝,みちのく･3勝,2,3,ダイシンバルカン,牡,7,勝浦正樹, 57 ,16,8,１, ,芝1200,良,,(栗),吉田直弘,1085,-0.2,,9,7,34.0,504,-6,
,"2019.11. 3",福島,3福2,1勝,１勝ｸﾗｽ,8,15,ブラックダンサー,牝,3,西村淳也,53☆,16,3,１, ,芝1200,良,,(栗),高野友和,1089,-0.2,,3,3,34.3,466,+4,
,"2019.11. 3",福島,3福2,1勝,きんもく･1勝,2,2,ココロノトウダイ,牡,2,丸山元気, 55 ,7,1,１, ,芝1800,良,,(美),手塚貴久,1493,-0.1,5,2,2,34.6,516,+12,
,"2019.11. 3",福島,3福2,1勝,１勝ｸﾗｽ,7,14,キタノオドリコ,牝,3,石川裕紀, 54 ,16,9,１, ,ダ1150,良,,(美),相沢郁,1090,-0.1,,5,5,36.8,482,-12,
,"2019.11. 3",福島,3福2,1勝,１勝ｸﾗｽ・若,2,2,マルシュロレーヌ,牝,3,石川裕紀, 53 ,14,4,１, ,芝2000,良,,(栗),矢作芳人,1598,-0.0,12,11,9,35.1,454,-8,
,"2019.11. 3",福島,3福2,1勝,１勝ｸﾗｽ・牝,3,5,ドリームジャンボ,牝,4,菅原明良,52▲,16,14,１, ,芝1200,良,,(美),南田美知,1086,-0.3,,1,1,34.6,492,+10,
,"2019.11. 3",福島,3福2,新馬,新馬,4,6,キタノオクトパス,牡,2,菅原明良,52▲,15,2,１, ,ダ1700,良,,(美),高木登,1493,-0.3,1,1,1,37.5,542,,
,"2019.11. 3",福島,3福2,未勝利,障害未勝利,2,2,コスモロブロイ,牡,4,草野太郎, 60 ,14,1,１, ,芝2750,良,,(美),伊藤伸一,3010,-0.4,4,2,2,13.2,514,+4,
,"2019.11. 3",福島,3福2,1勝,１勝ｸﾗｽ,1,1,スキッピングロック,牡,3,柴山雄一, 55 ,11,5,１, ,ダ1700,良,,(栗),浅見秀一,1475,-0.0,7,2,4,38.2,452,-4,
,"2019.11. 3",福島,3福2,未勝利,未勝利*,3,6,ミッキーハッスル,牡,2,吉田隼人, 55 ,16,1,１, ,芝1800,良,,(美),久保田貴,1487,-0.2,14,6,5,35.8,450,-4,
,"2019.11. 3",福島,3福2,未勝利,未勝利*,8,9,セイエスコート,牡,2,横山武史,54☆,10,3,１, ,ダ1700,良,,(美),菊川正達,1494,-0.2,1,1,1,39.7,468,+6,
,"2019.11. 2",福島,3福1,1勝,二本松特･1勝,1,1,カフジジュピター,牡,3,川又賢治, 55 ,13,6,１, ,芝1800,良,*,(栗),矢作芳人,1473,-0.1,9,8,9,34.4,442,-10,
,"2019.11. 2",福島,3福1,2勝,河北新Ｈ･2勝,7,14,スギノヴォルケーノ,牡,3,菱田裕二, 55 ,16,1,１, ,芝1200,良,,(栗),清水久詞,1083,-0.1,,3,2,34.7,484,-8,
,"2019.11. 2",福島,3福1,1勝,磐梯山特･1勝,5,7,リードザフィールド,牡,5,柴田善臣, 57 ,13,11,１, ,芝2600,良,,(美),大江原哲,2390,-0.1,7,7,7,36.2,444,-10,
,"2019.11. 2",福島,3福1,1勝,１勝ｸﾗｽ,7,11,モズベイビー,牡,3,団野大成,53▲,14,2,１, ,ダ1150,良,,(栗),牧浦充徳,1087,-0.3,,1,1,36.5,502,-6,
,"2019.11. 2",福島,3福1,1勝,１勝ｸﾗｽ,5,6,プエルタデルソル,牡,5,斎藤新,55△,12,1,１, ,ダ1700,良,,(栗),高橋康之,1470,-0.4,8,7,7,39.3,466,-12,
,"2019.11. 2",福島,3福1,1勝,１勝ｸﾗｽ,4,8,アテンフラワー,牝,4,高倉稜, 55 ,16,3,１, ,芝1200,良,,(栗),牧浦充徳,1085,-0.2,,9,7,34.3,476,+4,
,"2019.11. 2",福島,3福1,1勝,１勝ｸﾗｽ・若,8,12,パレニア,牝,3,団野大成,50▲,12,1,１, ,ダ1700,良,,(栗),高橋亮,1465,-0.4,5,6,7,38.1,494,0,
,"2019.11. 2",福島,3福1,ｵｰﾌﾟﾝ,障害・オープ,1,1,エアカーディナル,牡,8,高田潤, 61 ,14,3,１, ,芝3350,良,,(栗),笹田和秀,3421,-0.0,7,10,9,13.3,498,+2,
,"2019.11. 2",福島,3福1,未勝利,障害未勝利,8,13,ケイココサージュ,牝,4,黒岩悠, 58 ,14,11,１, ,芝2750,良,,(栗),高柳大輔,3025,-0.2,4,3,2,13.3,464,+48,
,"2019.11. 2",福島,3福1,1勝,１勝ｸﾗｽ・牝,4,4,ファステンバーグ,牝,4,荻野極, 55 ,10,6,１, ,ダ1700,良,,(栗),西浦勝一,1475,-0.3,6,6,6,38.1,460,-6,
,"2019.11. 2",福島,3福1,未勝利,未勝利*,1,1,フィールフォーユー,牝,2,横山和生, 54 ,15,4,１, ,芝1200,良,,(栗),須貝尚介,1089,-0.3,,1,1,35.3,472,0,
,"2019.11. 2",福島,3福1,未勝利,未勝利・牝*,7,12,ロマネスク,牝,2,鮫島克駿, 54 ,15,1,１, ,ダ1150,良,,(栗),荒川義之,1105,-0.2,,2,2,37.7,428,-2,
,"2019. 7.21",福島,2福8,1勝,１勝ｸﾗｽ,4,6,サニーストーム,牝,3,戸崎圭太, 52 ,15,1,１, ,ダ1150,稍,,(美),加藤征弘,1079,-0.8,,2,1,36.6,452,+4,
,"2019. 7.21",福島,2福8,ｵｰﾌﾟﾝ,福島テレ,8,13,リライアブルエース,牡,6,吉田豊, 56 ,14,1,１, ,芝1800,稍,,(栗),矢作芳人,1489,-0.0,8,9,5,34.8,494,0,
,"2019. 7.21",福島,2福8,2勝,横手特別･2勝,8,15,グラスブルース,牡,5,木幡巧也, 57 ,15,7,１, ,ダ1700,稍,,(美),牧光二,1455,-0.2,9,9,10,37.7,516,-2,B
,"2019. 7.21",福島,2福8,2勝,白河特Ｈ･2勝,7,13,サウンドマジック,牝,5,井上敏樹, 51 ,16,11,１, ,芝1200,稍,,(美),和田正一,1096,-0.2,,2,2,35.3,450,+12,
,"2019. 7.21",福島,2福8,1勝,１勝ｸﾗｽ,5,8,ワシントンテソーロ,牡,3,木幡巧也,53☆,15,4,１, ,ダ1700,稍,*,(美),斎藤誠,1462,-0.2,2,2,2,37.6,490,+6,
,"2019. 7.21",福島,2福8,未勝利,未勝利,7,8,パシフィスタ,牡,3,西田雄一, 56 ,11,9,１, ,芝2000,稍,,(美),中川公成,2042,-0.2,2,2,1,37.0,484,0,B
,"2019. 7.21",福島,2福8,未勝利,未勝利,4,7,ディザイアソング,牝,3,藤田菜七,51▲,16,2,１, ,芝1200,稍,,(美),金成貴史,1112,-0.0,,12,14,35.7,428,0,
,"2019. 7.21",福島,2福8,新馬,新馬,8,15,オヌシナニモノ,牡,2,内田博幸, 54 ,16,1,１, ,ダ1150,稍,,(栗),高橋義忠,1094,-1.0,,2,1,37.5,462,,
,"2019. 7.21",福島,2福8,未勝利,未勝利・牝,5,10,ウエスタンランポ,牝,3,菊沢一樹,53☆,16,7,１, ,芝1800,稍,,(美),深山雅史,1513,-0.0,7,7,7,36.6,408,0,
,"2019. 7.21",福島,2福8,未勝利,未勝利,5,8,フィストバンプ,牡,3,田中勝春, 56 ,15,6,１, ,ダ1700,稍,,(美),松永康利,1479,-0.2,1,1,1,37.8,496,-4,
,"2019. 7.21",福島,2福8,未勝利,未勝利*,7,7,ビブショウ,牝,2,藤田菜七,51▲,9,5,１, ,芝1200,稍,,(美),相沢郁,1119,-0.0,,2,2,36.9,408,+4,
,"2019. 7.21",福島,2福8,未勝利,未勝利*,4,6,コスモインペリウム,牡,2,柴田大知, 54 ,15,2,１, ,芝1800,稍,,(美),和田雄二,1531,-0.1,3,2,1,36.1,496,+14,
,"2019. 7.20",福島,2福7,1勝,１勝ｸﾗｽ,3,4,シャインサンデー,牝,5,戸崎圭太, 55 ,14,1,１, ,芝1200,稍,,(美),加藤征弘,1099,-0.7,,4,4,34.4,420,0,
,"2019. 7.20",福島,2福7,3勝,安達太良･3勝,4,4,ショーム,牡,4,津村明秀, 57 ,13,1,１, ,ダ1700,稍,,(美),鈴木伸尋,1441,-0.2,10,10,8,36.2,494,+2,
,"2019. 7.20",福島,2福7,2勝,いわき特･2勝,8,14,ヴァンケドミンゴ,牡,3,野中悠太, 54 ,15,2,１, ,芝1800,稍,,(栗),藤岡健一,1491,-0.1,12,11,11,36.1,454,-4,
,"2019. 7.20",福島,2福7,1勝,栗子特別･1勝,7,11,ハギノカエラ,牝,6,内田博幸, 55 ,13,3,１, ,芝2000,稍,,(栗),鮫島一歩,2017,-0.4,11,9,3,35.8,426,0,
,"2019. 7.20",福島,2福7,1勝,１勝ｸﾗｽ・牝,8,13,レッドイリーゼ,牝,4,戸崎圭太, 55 ,14,1,１, ,芝1800,稍,*,(美),手塚貴久,1493,-0.2,8,6,4,35.7,448,0,
,"2019. 7.20",福島,2福7,未勝利,未勝利,2,4,リトルエイト,牝,3,三浦皇成, 54 ,16,8,１, ,ダ1150,稍,,(美),木村哲也,1087,-0.5,,1,1,37.0,446,+6,
,"2019. 7.20",福島,2福7,新馬,新馬,8,15,グライユル,牝,2,三浦皇成, 54 ,16,1,１, ,芝1200,稍,,(美),鹿戸雄一,1124,-0.1,,3,2,36.8,426,,
,"2019. 7.20",福島,2福7,新馬,新馬,6,12,トランシルヴァニア,牡,2,三浦皇成, 54 ,16,5,１, ,芝1800,稍,,(美),田中剛,1531,-0.0,6,5,6,36.3,460,,
,"2019. 7.20",福島,2福7,ｵｰﾌﾟﾝ,障害・オープ,4,4,コウユーヌレエフ,牡,5,森一馬, 61 ,10,1,１, ,芝3380,良,,(栗),斉藤崇史,3450,-0.1,2,2,1,13.3,494,+2,
,"2019. 7.20",福島,2福7,未勝利,未勝利,7,13,デッドアヘッド,牡,3,杉原誠人, 56 ,15,6,１, ,ダ1700,稍,,(美),藤沢和雄,1462,-0.5,6,2,1,37.2,478,-2,B
,"2019. 7.20",福島,2福7,未勝利,未勝利・牝,5,9,タイトロープウィン,牝,3,三浦皇成, 54 ,15,3,１, ,ダ1700,稍,,(美),藤原辰雄,1475,-0.8,3,3,2,39.1,416,-4,
,"2019. 7.20",福島,2福7,未勝利,障害未勝利,6,6,インフルエンサー,牡,5,小野寺祐, 60 ,10,1,１, ,芝2770,良,,(美),深山雅史,3054,-1.3,6,2,1,13.4,434,-6,
,"2019. 7.14",福島,2福6,1勝,１勝ｸﾗｽ,3,5,レアバード,牡,4,木幡育也,54▲,15,7,１, ,ダ1700,重,*,(美),高市圭二,1452,-0.3,2,2,2,37.3,534,+6,
,"2019. 7.14",福島,2福6,ｵｰﾌﾟﾝ,バーデンＨ,8,16,カラクレナイ,牝,5,大野拓弥, 54 ,16,5,１, ,芝1200,重,,(栗),松下武士,1093,-0.0,,8,5,35.1,506,+6,
,"2019. 7.14",福島,2福6,2勝,鶴ヶ城特･2勝,8,15,グランティエラ,牡,5,三浦皇成, 57 ,16,4,１, ,ダ1150,重,,(美),清水英克,1070,-0.2,,2,2,35.6,502,-2,
,"2019. 7.14",福島,2福6,1勝,開成山特･1勝,5,8,カイザーヴェッター,牡,4,丸山元気, 57 ,14,1,１, ,芝2600,重,,(美),黒岩陽一,2428,-0.1,9,7,5,37.0,478,-18,B
,"2019. 7.14",福島,2福6,1勝,１勝ｸﾗｽ,8,16,アロハブリーズ,牝,3,三浦皇成, 52 ,16,2,１, ,ダ1150,重,,(美),鹿戸雄一,1073,-0.2,,7,6,36.1,466,+6,
,"2019. 7.14",福島,2福6,未勝利,未勝利,1,1,トミケンルーア,セ,3,丸山元気, 56 ,16,3,１, ,芝1200,重,,(美),竹内正洋,1103,-0.0,,12,9,35.4,458,0,
,"2019. 7.14",福島,2福6,未勝利,未勝利・牝,5,9,スパークオブライフ,牝,3,藤田菜七,51▲,15,3,１, ,芝2000,重,,(美),小島茂之,2022,-0.6,14,9,4,36.5,398,+4,
,"2019. 7.14",福島,2福6,新馬,新馬,2,2,マイネルテナシャス,牡,2,松岡正海, 54 ,13,10,１, ,芝1200,重,,(美),萱野浩二,1120,-0.0,,5,3,36.5,454,,
,"2019. 7.14",福島,2福6,未勝利,未勝利,2,2,タイセイシャトル,牡,3,戸崎圭太, 56 ,14,1,１, ,ダ1700,重,,(美),斎藤誠,1461,-0.1,9,6,5,37.4,484,+10,
,"2019. 7.14",福島,2福6,未勝利,未勝利*,2,3,ウイングレイテスト,牡,2,松岡正海, 54 ,15,1,１, ,芝1800,重,,(美),青木孝文,1522,-0.0,5,4,2,37.2,476,+4,
,"2019. 7.14",福島,2福6,未勝利,未勝利・牝,6,10,スースー,牝,3,井上敏樹, 54 ,14,6,１, ,ダ1700,重,,(美),大和田成,1453,-1.0,1,1,1,38.5,426,+2,
,"2019. 7.14",福島,2福6,未勝利,障害未勝利,7,7,エレガントクルーズ,牝,4,小野寺祐, 58 ,9,6,１, ,芝2770,重,,(美),黒岩陽一,3065,-0.6,3,3,3,13.5,530,+2,
,"2019. 7.13",福島,2福5,1勝,１勝ｸﾗｽ,2,3,レストンベ,牝,3,大野拓弥, 52 ,15,6,１, ,芝1200,良,,(美),斎藤誠,1091,-0.0,,10,10,34.6,470,+14,
,"2019. 7.13",福島,2福5,3勝,やまびこ･3勝,3,3,ヒザクリゲ,牝,4,横山典弘, 55 ,13,2,１, ,ダ1150,稍,*,(栗),牧浦充徳,1072,-0.1,,3,3,36.0,448,+10,
,"2019. 7.13",福島,2福5,2勝,信夫山Ｈ･2勝,5,5,オセアグレイト,牡,3,野中悠太, 53 ,12,1,１, ,芝2600,良,,(美),菊川正達,2402,-0.3,4,2,2,35.3,484,-4,
,"2019. 7.13",福島,2福5,1勝,雄国沼特･1勝,6,9,グロオルロージュ,牡,3,三浦皇成, 54 ,13,1,１, ,芝1800,良,,(美),斎藤誠,1484,-0.1,3,3,2,34.7,444,-8,
,"2019. 7.13",福島,2福5,1勝,１勝ｸﾗｽ・牝,8,15,ロジシルキー,牝,3,津村明秀, 52 ,15,4,１, ,ダ1700,稍,*,(美),大竹正博,1463,-0.1,8,5,4,38.5,550,+4,
,"2019. 7.13",福島,2福5,未勝利,未勝利,4,8,ドリームインパクト,牡,3,内田博幸, 56 ,16,6,１, ,芝1800,良,,(美),国枝栄,1480,-0.2,15,13,13,35.4,494,,
,"2019. 7.13",福島,2福5,新馬,新馬・牝,7,13,マジックキャッスル,牝,2,戸崎圭太, 54 ,16,1,１, ,芝1200,良,,(美),国枝栄,1103,-0.7,,3,3,34.8,424,,
,"2019. 7.13",福島,2福5,新馬,新馬,7,14,ディアセオリー,牡,2,江田照男, 54 ,16,1,１, ,芝1800,良,,(美),高木登,1506,-0.2,4,2,1,35.4,478,,
,"2019. 7.13",福島,2福5,未勝利,未勝利,5,8,メンディ,牡,3,大野拓弥, 56 ,15,1,１, ,ダ1700,重,,(美),杉浦宏昭,1471,-0.8,1,1,1,38.1,488,-4,
,"2019. 7.13",福島,2福5,未勝利,未勝利,7,11,ピエタフィリアーレ,牡,3,野中悠太,54△,13,1,１, ,芝2600,稍,,(美),菊川正達,2405,-0.6,3,2,1,36.0,466,-4,
,"2019. 7.13",福島,2福5,未勝利,未勝利,5,9,マイネルナイペス,牡,3,戸崎圭太, 56 ,16,2,１, ,ダ1150,重,,(美),伊藤圭三,1089,-0.0,,4,3,37.0,462,0,B
,"2019. 7.13",福島,2福5,未勝利,未勝利*,3,3,テリオスヒメ,牝,2,戸崎圭太, 54 ,10,2,１, ,芝1200,稍,,(美),田島俊明,1101,-0.0,,1,1,35.9,442,+2,
,"2019. 7. 7",福島,2福4,2勝,彦星賞･2勝,5,5,エンゲージリング,牝,4,江田照男, 55 ,9,3,１, ,芝1200,稍,,(美),大江原哲,1092,-0.2,,1,1,35.3,482,0,
,"2019. 7. 7",福島,2福4,Ｇ３,七夕賞ＨG3,6,12,ミッキースワロー,牡,5,菊沢一樹,57.5,16,3,１, ,芝2000,稍,,(美),菊沢隆徳,1596,-0.1,10,9,4,36.7,478,-2,
,"2019. 7. 7",福島,2福4,2勝,天の川賞･2勝,8,11,クリノフウジン,牡,5,和田竜二, 57 ,12,3,１, ,ダ1700,稍,,(栗),高橋義忠,1453,-0.4,3,2,2,38.4,494,-6,
,"2019. 7. 7",福島,2福4,1勝,織姫賞･1勝,7,12,レッドベルディエス,牝,3,福永祐一, 52 ,14,2,１, ,芝1800,稍,,(美),鹿戸雄一,1484,-0.1,8,6,7,36.4,460,+8,
,"2019. 7. 7",福島,2福4,1勝,１勝ｸﾗｽ,6,8,パッシングスルー,牝,3,戸崎圭太, 52 ,13,1,１, ,芝2000,稍,,(美),黒岩陽一,2009,-0.5,3,2,1,37.1,468,0,
,"2019. 7. 7",福島,2福4,未勝利,未勝利,5,8,ワンダーコノシュア,牡,3,内田博幸, 56 ,15,3,１, ,ダ1700,稍,,(美),斎藤誠,1472,-0.2,10,6,4,38.4,492,+2,
,"2019. 7. 7",福島,2福4,新馬,新馬,3,4,ホープホワイト,牝,2,三浦皇成, 54 ,15,2,１, ,芝1200,稍,,(美),武井亮,1119,-0.1,,2,2,36.1,440,,
,"2019. 7. 7",福島,2福4,新馬,新馬,5,5,エヴァーガーデン,牝,2,木幡育也,51▲,11,4,１, ,芝2000,稍,,(美),高橋祥泰,2050,-0.1,4,2,1,36.5,458,,
,"2019. 7. 7",福島,2福4,未勝利,未勝利・牝,4,8,マリアルージュ,牝,3,大野拓弥, 54 ,16,4,１, ,ダ1150,稍,,(美),畠山吉宏,1081,-0.4,,1,1,37.0,456,+4,
,"2019. 7. 7",福島,2福4,未勝利,未勝利,1,1,ウォルフズハウル,牡,3,石橋脩, 56 ,15,1,１, ,芝2000,稍,,(美),栗田徹,2031,-0.4,1,1,1,36.5,462,+6,
,"2019. 7. 7",福島,2福4,未勝利,未勝利*,6,6,コパノビアンカ,牝,2,藤田菜七,51▲,9,3,１, ,芝1200,稍,,(美),林徹,1107,-0.2,,2,2,36.5,428,+4,
,"2019. 7. 7",福島,2福4,未勝利,未勝利*,3,4,ダンシングサンダー,牡,2,三浦皇成, 54 ,14,8,１, ,ダ1150,稍,,(美),伊藤圭三,1095,-0.6,,8,7,37.4,450,+6,
,"2019. 7. 6",福島,2福3,1勝,１勝ｸﾗｽ,8,14,ブリッツェンシチー,牡,3,丸山元気, 54 ,15,8,１, ,ダ1700,稍,,(美),古賀慎明,1465,-0.5,3,3,2,37.2,528,+6,
,"2019. 7. 6",福島,2福3,3勝,阿武隈Ｈ･3勝,2,2,サトノキングダム,牡,6,戸崎圭太, 56 ,8,1,１, ,芝1800,良,,(美),国枝栄,1483,-0.2,3,4,3,35.0,466,-8,
,"2019. 7. 6",福島,2福3,2勝,松島特別･2勝,6,7,マイネルキラメキ,牡,4,柴田大知, 57 ,11,4,１, ,芝2000,良,,(美),和田雄二,2016,-0.0,8,6,4,35.4,438,+6,
,"2019. 7. 6",福島,2福3,1勝,須賀川特･1勝,1,1,アイルチャーム,牝,3,丸山元気, 52 ,16,3,１, ,芝1200,良,,(美),田島俊明,1090,-0.3,,1,1,35.2,452,0,
,"2019. 7. 6",福島,2福3,1勝,１勝ｸﾗｽ・牝,4,6,トゥーフラッシー,牝,3,戸崎圭太, 52 ,15,2,１, ,ダ1700,稍,,(美),高市圭二,1466,-0.1,5,4,4,38.2,456,-6,
,"2019. 7. 6",福島,2福3,未勝利,未勝利,3,5,イルヴェントデーア,牝,3,戸崎圭太, 54 ,16,2,１, ,芝1200,良,,(美),金成貴史,1100,-0.2,,5,5,36.3,446,0,
,"2019. 7. 6",福島,2福3,未勝利,未勝利,1,1,ヒロノトウリョウ,牡,3,田辺裕信, 56 ,16,1,１, ,ダ1150,稍,,(美),蛯名利弘,1085,-0.3,,6,5,36.6,480,-2,B
,"2019. 7. 6",福島,2福3,新馬,新馬・牝,4,7,フジマサリアル,牝,2,田辺裕信, 54 ,16,1,１, ,芝1800,良,,(美),菊川正達,1508,-0.2,3,6,2,35.9,504,,
,"2019. 7. 6",福島,2福3,ｵｰﾌﾟﾝ,障害・オープ,3,3,エアカーディナル,牡,8,高田潤, 60 ,7,1,１, ,芝2750,良,,(栗),笹田和秀,3015,-0.1,4,4,4,13.2,496,-6,
,"2019. 7. 6",福島,2福3,未勝利,未勝利,8,15,ノブベック,牡,3,田中勝春, 56 ,15,3,１, ,ダ1700,重,,(美),畠山吉宏,1474,-0.3,3,2,3,39.3,488,-4,
,"2019. 7. 6",福島,2福3,未勝利,未勝利・牝,5,9,キモンカラー,牝,3,木幡巧也,53☆,15,1,１, ,ダ1700,重,,(美),斎藤誠,1480,-0.1,4,2,2,39.1,424,+2,
,"2019. 7. 6",福島,2福3,未勝利,障害未勝利,8,12,トゥルーハート,セ,6,白浜雄造, 60 ,13,1,１, ,芝2750,良,,(栗),庄野靖志,2596,-1.7,3,2,2,13.1,454,-6,
,"2019. 6.30",福島,2福2,1勝,１勝ｸﾗｽ,5,9,バーミーブリーズ,牝,5,西田雄一, 55 ,16,7,１, ,芝1200,不,,(美),青木孝文,1115,-0.1,,9,5,36.3,460,-6,
,"2019. 6.30",福島,2福2,Ｇ３,ラジオNIＨG3,7,14,ブレイキングドーン,牡,3,田辺裕信, 55 ,16,3,１, ,芝1800,不,,(栗),中竹和也,1498,-0.1,11,7,5,35.9,488,-6,
,"2019. 6.30",福島,2福2,2勝,猪苗代特･2勝,7,8,ビルジキール,牡,3,戸崎圭太, 54 ,10,5,１, ,ダ1700,不,,(栗),安達昭夫,1431,-0.6,2,2,2,36.9,482,-5,
,"2019. 6.30",福島,2福2,2勝,さくらん･2勝,7,10,ラルムドランジュ,牝,4,田辺裕信, 55 ,12,8,１, ,芝1200,不,,(栗),高野友和,1103,-0.2,,3,3,35.6,420,0,
,"2019. 6.30",福島,2福2,1勝,１勝ｸﾗｽ,1,2,ライバーバード,牡,5,石橋脩, 57 ,16,3,１, ,ダ1150,不,,(美),手塚貴久,1080,-0.0,,2,2,37.2,518,+6,B
,"2019. 6.30",福島,2福2,未勝利,未勝利,5,10,ダイワダグラス,牡,3,三浦皇成, 56 ,16,1,１, ,芝2000,不,,(美),鹿戸雄一,2048,-0.3,14,11,9,36.6,502,,
,"2019. 6.30",福島,2福2,新馬,新馬,5,10,ゴッドスター,牡,2,石橋脩, 54 ,16,6,１, ,芝1200,不,,(美),池上昌和,1128,-0.1,,12,12,35.7,500,,
,"2019. 6.30",福島,2福2,新馬,新馬,6,10,コンドゥクシオン,牡,2,丸山元気, 54 ,15,5,１, ,芝1800,不,,(美),中舘英二,1538,-0.1,2,2,2,36.9,496,,
,"2019. 6.30",福島,2福2,未勝利,未勝利,4,8,マリノオークション,牝,3,木幡巧也,53☆,16,9,１, ,ダ1150,不,,(美),牧光二,1079,-0.3,,1,1,36.6,480,-4,
,"2019. 6.30",福島,2福2,未勝利,未勝利・牝,6,12,モダンテイスト,牝,3,木幡育也,51▲,16,8,１, ,芝1200,不,,(美),尾形和幸,1119,-0.3,,9,7,36.3,454,+14,
,"2019. 6.30",福島,2福2,未勝利,未勝利,8,12,ゴールドアックス,牡,3,木幡育也,53▲,13,6,１, ,ダ1700,不,,(美),小西一男,1464,-0.3,3,2,2,37.8,414,0,
,"2019. 6.30",福島,2福2,未勝利,障害未勝利,5,7,カポラヴォーロ,牡,4,五十嵐雄, 60 ,13,4,１, ,芝2750,重,,(美),堀井雅広,3042,-0.2,2,2,1,13.4,486,-4,
,"2019. 6.29",福島,2福1,1勝,１勝ｸﾗｽ,7,13,シゲノブ,牡,4,石橋脩, 57 ,15,3,１, ,ダ1700,稍,,(美),栗田徹,1458,-0.5,5,2,1,38.0,510,-4,B
,"2019. 6.29",福島,2福1,3勝,テレビユ･3勝,7,11,シャドウノエル,牝,4,内田博幸, 55 ,13,3,１, ,芝1200,良,,(栗),角居勝彦,1084,-0.1,,2,2,34.6,466,+4,
,"2019. 6.29",福島,2福1,2勝,郡山特別･2勝,6,12,レッドアネラ,牝,4,戸崎圭太, 55 ,16,1,１, ,ダ1150,稍,,(美),加藤征弘,1074,-0.2,,1,1,37.2,492,+2,
,"2019. 6.29",福島,2福1,1勝,南相馬特･1勝,4,5,ヴァンケドミンゴ,牡,3,石橋脩, 54 ,13,1,１, ,芝1800,良,,(栗),藤岡健一,1483,-0.0,9,9,8,35.4,458,-2,
,"2019. 6.29",福島,2福1,1勝,１勝ｸﾗｽ,2,2,ファントムグレイ,牡,6,木幡巧也,56☆,10,8,１, ,芝2600,良,,(美),杉浦宏昭,2405,-0.0,3,3,3,36.3,434,-2,
,"2019. 6.29",福島,2福1,未勝利,未勝利,6,7,エクリリストワール,牡,3,戸崎圭太, 56 ,11,1,１, ,ダ1700,稍,,(美),田中博康,1467,-1.0,1,1,1,37.6,524,-6,
,"2019. 6.29",福島,2福1,新馬,新馬,5,10,ヴァンドゥメール,牡,2,三浦皇成, 54 ,16,1,１, ,ダ1150,稍,,(美),加藤征弘,1098,-0.0,,2,1,38.3,472,,
,"2019. 6.29",福島,2福1,新馬,新馬,5,9,エレナアヴァンティ,牝,2,内田博幸, 54 ,16,2,１, ,芝1200,良,,(美),宗像義忠,1095,-0.3,,2,2,35.6,456,,
,"2019. 6.29",福島,2福1,未勝利,未勝利,6,11,マイキューティー,牝,3,鮫島克駿, 54 ,16,12,１, ,芝1800,良,,(美),斎藤誠,1487,-0.2,1,1,1,35.9,452,-2,
,"2019. 6.29",福島,2福1,未勝利,未勝利,1,1,フジマサディープ,牡,3,三浦皇成, 56 ,16,2,１, ,芝1200,良,,(美),菊川正達,1088,-0.5,,1,1,35.5,496,-2,
,"2019. 6.29",福島,2福1,未勝利,未勝利・牝,5,6,ブーケオブジュエル,牝,3,田辺裕信, 54 ,13,7,１, ,ダ1700,稍,,(美),加藤士津,1469,-0.2,4,4,2,38.6,480,0,
,"2019. 6.29",福島,2福1,未勝利,未勝利*,8,9,ウインカーネリアン,牡,2,三浦皇成, 54 ,10,1,１, ,芝1800,良,,(美),鹿戸雄一,1495,-0.1,4,2,2,35.7,474,-2,
,"2019. 4.21",福島,1福6,500万,浄土平特500,6,6,マハヴィル,牡,4,柴山雄一, 57 ,10,2,１, ,芝1800,良,,(栗),上村洋行,1485,-0.2,8,8,7,34.0,430,0,
,"2019. 4.21",福島,1福6,1000万,福島中Ｈ1000,8,15,カネトシブレス,牝,6,川又賢治, 53 ,16,10,１, ,芝1200,良,,(栗),寺島良,1090,-0.0,,2,2,34.8,446,-2,
,"2019. 4.21",福島,1福6,500万,桑折特別500,6,10,コンダクトレス,牝,4,杉原誠人, 55 ,14,3,１, ,芝2000,良,,(美),小島茂之,2001,-0.5,1,1,1,35.1,476,0,
,"2019. 4.21",福島,1福6,500万,500万下,6,9,メイショウタカトラ,牡,5,吉田隼人, 57 ,14,3,１, ,ダ1700,良,,(栗),荒川義之,1474,-0.1,1,1,1,38.1,502,0,
,"2019. 4.21",福島,1福6,500万,500万下,8,14,タフチョイス,牡,4,鮫島良太, 57 ,14,1,１, ,ダ1150,良,,(栗),角田晃一,1089,-0.0,,6,5,37.2,498,0,
,"2019. 4.21",福島,1福6,未勝利,未勝利,3,5,リトミカメンテ,牝,3,川又賢治,53☆,16,1,１, ,芝1800,良,,(栗),高野友和,1482,-0.7,6,8,5,34.7,422,-10,
,"2019. 4.21",福島,1福6,未勝利,未勝利・若,8,14,スーペルゴラッソ,牡,3,服部寿希,53▲,15,9,１, ,ダ1700,良,,(栗),加用正,1492,-0.0,3,3,3,39.2,502,0,
,"2019. 4.21",福島,1福6,未勝利,未勝利,1,2,アクティーボミノル,牡,3,丸山元気, 56 ,16,2,１, ,芝1200,良,,(栗),本田優,1101,-0.4,,1,1,35.5,438,-6,
,"2019. 4.21",福島,1福6,未勝利,障害未勝利,6,10,ナリノレーヴドール,牡,4,高田潤, 59 ,14,1,１, ,芝2770,良,,(美),上原博之,3019,-0.0,3,3,2,13.1,454,-6,
,"2019. 4.21",福島,1福6,未勝利,未勝利,7,13,カフジロッソ,牡,3,中谷雄太, 56 ,15,1,１, ,ダ1700,良,,(栗),矢作芳人,1480,-0.2,3,2,2,38.6,508,+6,
,"2019. 4.21",福島,1福6,未勝利,未勝利・牝,1,2,シャンデリアムーン,牝,3,木幡巧也,53☆,16,6,１, ,芝1200,良,,(美),斎藤誠,1094,-0.0,,2,1,35.0,462,+14,
,"2019. 4.21",福島,1福6,未勝利,未勝利,6,11,クールティアラ,牝,3,津村明秀, 54 ,16,1,１, ,ダ1150,良,,(美),矢野英一,1088,-0.9,,1,1,37.4,468,+2,B
,"2019. 4.20",福島,1福5,1000万,花見山特1000,3,4,ロジペルレスト,牡,4,丸山元気, 57 ,15,3,１, ,ダ1700,良,,(美),大竹正博,1458,-0.3,2,2,1,38.1,518,-4,
,"2019. 4.20",福島,1福5,Ｇ３,福島牝馬G3,5,5,デンコウアンジュ,牝,6,柴田善臣, 54 ,10,4,１, ,芝1800,良,,(栗),荒川義之,1481,-0.4,8,7,6,33.8,458,-2,
,"2019. 4.20",福島,1福5,500万,伏拝特別500,2,2,ラルムドランジュ,牝,4,吉田隼人, 55 ,11,1,１, ,芝1200,良,,(栗),高野友和,1090,-0.0,,2,2,34.9,420,+2,
,"2019. 4.20",福島,1福5,500万,500万下,3,5,フォーティプリンス,牡,5,丸山元気, 57 ,16,4,１, ,ダ1150,良,,(美),小西一男,1090,-0.0,,11,10,36.6,464,-12,
,"2019. 4.20",福島,1福5,500万,500万下,8,12,ハウナニ,牝,4,石橋脩, 55 ,13,2,１, ,芝1200,良,,(美),手塚貴久,1092,-0.0,,3,4,34.9,496,+6,
,"2019. 4.20",福島,1福5,未勝利,未勝利,3,3,スティーン,牡,3,横山武史,55☆,12,2,１, ,芝2000,良,,(栗),池江泰寿,2020,-0.1,3,4,3,36.4,470,-8,
,"2019. 4.20",福島,1福5,500万,500万下,5,6,タイキダイヤモンド,牡,5,菅原明良,54▲,13,1,１, ,ダ1700,良,,(美),高木登,1472,-0.5,5,5,5,37.8,472,-2,
,"2019. 4.20",福島,1福5,未勝利,障害未勝利,6,6,ホウオウカーニバル,牡,4,江田勇亮, 59 ,11,4,１, ,芝2770,良,,(美),稲垣幸雄,3059,-0.1,3,2,1,13.4,456,-6,
,"2019. 4.20",福島,1福5,ｵｰﾌﾟﾝ,障害・オープ,3,3,ハルキストン,牡,4,森一馬, 61 ,14,1,１, ,芝3380,良,,(栗),浅見秀一,3429,-0.5,2,1,1,13.2,450,-6,
,"2019. 4.20",福島,1福5,未勝利,未勝利・牝,7,13,ベイコート,牝,3,丸山元気, 54 ,15,2,１, ,ダ1700,良,,(栗),高橋義忠,1473,-0.0,5,3,2,37.9,500,+8,
,"2019. 4.20",福島,1福5,未勝利,未勝利,3,6,チャリオット,牝,3,秋山真一, 54 ,16,5,１, ,芝1200,良,,(栗),松下武士,1107,-0.2,,3,3,35.6,438,-12,
,"2019. 4.20",福島,1福5,未勝利,未勝利,7,13,ベルポート,牝,3,戸崎圭太, 54 ,16,2,１, ,ダ1150,良,,(美),大竹正博,1101,-0.8,,1,1,37.3,442,0,
,"2019. 4.14",福島,1福4,1000万,奥の細道1000,2,4,サトノオンリーワン,牡,4,津村明秀, 57 ,16,3,１, ,芝2600,良,*,(美),堀宣行,2409,-0.0,9,8,5,36.3,478,-2,
,"2019. 4.14",福島,1福4,OP(L),福島民Ｈ(L),7,13,レッドローゼス,牡,5,蛯名正義, 54 ,15,1,１, ,芝2000,良,,(美),国枝栄,1586,-0.1,11,9,3,36.1,486,0,
,"2019. 4.14",福島,1福4,500万,医王寺特500,2,3,グッドジュエリー,牝,4,丸田恭介, 55 ,16,3,１, ,芝1200,良,,(美),堀井雅広,1095,-0.0,,9,6,34.9,448,-10,
,"2019. 4.14",福島,1福4,500万,500万下,6,11,コウエイアンカ,セ,4,横山武史,56☆,16,1,１, ,ダ1150,良,,(栗),森秀行,1086,-0.2,,7,5,36.6,478,-6,
,"2019. 4.14",福島,1福4,500万,500万下・若,3,5,インペリオアスール,セ,5,川又賢治,56☆,15,3,１, ,ダ1700,良,,(栗),渡辺薫彦,1470,-0.1,1,1,1,39.3,496,-6,
,"2019. 4.14",福島,1福4,500万,500万下・牝,6,12,マイティーワークス,牝,4,横山武史,54☆,16,2,１, ,芝1200,良,,(美),菊川正達,1096,-0.2,,7,4,35.1,464,-2,
,"2019. 4.14",福島,1福4,未勝利,未勝利,3,5,カウンターエア,牡,3,丸田恭介, 56 ,15,10,１, ,ダ1700,稍,,(美),奥村武,1483,-0.2,11,10,8,38.4,540,-6,
,"2019. 4.14",福島,1福4,未勝利,障害未勝利,7,10,マイネルレオーネ,牡,7,黒岩悠, 60 ,13,3,１, ,芝2750,良,,(栗),清水久詞,3004,-1.5,3,1,1,13.1,398,-6,
,"2019. 4.14",福島,1福4,未勝利,障害未勝利,4,4,シーライオン,牡,5,北沢伸也, 60 ,13,1,１, ,芝2750,良,,(栗),大根田裕,3019,-0.0,2,1,1,13.2,488,-10,
,"2019. 4.14",福島,1福4,未勝利,未勝利・牝,8,15,エリーキャナル,牝,3,内田博幸, 54 ,15,3,１, ,ダ1700,稍,,(美),斎藤誠,1488,-0.3,2,1,1,40.1,482,-2,
,"2019. 4.14",福島,1福4,未勝利,未勝利,5,10,ショウサンシルエラ,牝,3,川又賢治,53☆,16,5,１, ,芝1800,良,,(栗),牧田和弥,1497,-0.0,1,1,1,35.8,454,-2,
,"2019. 4.14",福島,1福4,未勝利,未勝利,3,6,タカノオージャ,牡,3,川又賢治,55☆,16,4,１, ,ダ1150,稍,,(栗),村山明,1108,-0.3,,1,1,37.6,488,+4,
,"2019. 4.13",福島,1福3,500万,飯盛山特500,6,7,ヴァンベールシチー,牡,5,菱田裕二, 57 ,12,6,１, ,芝2000,良,,(美),池上昌和,1599,-0.0,9,9,6,35.4,426,+4,
,"2019. 4.13",福島,1福3,1000万,ラジオ福1000,7,13,ヒザクリゲ,牝,4,吉田隼人, 55 ,16,6,１, ,ダ1150,重,,(栗),牧浦充徳,1079,-0.4,,2,3,36.7,438,+8,
,"2019. 4.13",福島,1福3,500万,雪うさぎ500*,6,10,ショウナンタイガ,牡,3,柴山雄一, 56 ,15,3,１, ,芝1200,良,,(栗),池添兼雄,1092,-0.0,,11,11,34.9,472,-4,
,"2019. 4.13",福島,1福3,500万,500万下,5,8,メンターモード,牡,5,中谷雄太, 57 ,15,6,１, ,ダ1700,重,,(栗),藤岡健一,1459,-0.9,1,1,1,39.8,498,+8,B
,"2019. 4.13",福島,1福3,500万,500万下,1,2,ステイキングダム,牡,6,吉田隼人, 57 ,16,3,１, ,芝1800,良,,(栗),吉村圭司,1492,-0.0,9,11,9,35.6,430,+4,
,"2019. 4.13",福島,1福3,500万,500万下・牝,8,15,スカイソング,牝,5,勝浦正樹, 55 ,15,7,１, ,ダ1700,重,,(美),古賀史生,1463,-0.4,10,2,3,37.9,466,+2,
,"2019. 4.13",福島,1福3,未勝利,未勝利・若,2,4,クリノオウジャ,牡,3,森裕太朗,55☆,16,2,１, ,芝2000,良,,(栗),高橋義忠,2024,-0.1,4,5,2,35.6,434,-12,B
,"2019. 4.13",福島,1福3,未勝利,未勝利,7,14,トップソリスト,牝,3,鮫島克駿, 54 ,16,1,１, ,芝1200,良,,(栗),中竹和也,1103,-0.0,,2,2,35.5,450,0,
,"2019. 4.13",福島,1福3,未勝利,未勝利・牝,4,8,ジャストマリッジ,牝,3,西村淳也,52△,16,2,１, ,芝2000,良,,(栗),羽月友彦,2015,-0.3,14,9,3,36.2,424,+2,
,"2019. 4.13",福島,1福3,未勝利,未勝利,6,11,フィルストバーン,セ,3,斎藤新,53▲,15,2,１, ,ダ1700,重,,(美),斎藤誠,1471,-0.0,3,2,1,39.3,466,-10,B
,"2019. 4.13",福島,1福3,未勝利,未勝利,6,12,エイトマイル,牡,3,西村淳也,54△,16,1,１, ,芝1200,良,,(栗),西園正都,1103,-0.0,,5,3,35.2,486,0,
,"2019. 4.13",福島,1福3,未勝利,未勝利・牝,4,8,ノボシュンシュン,牝,3,荻野極, 54 ,16,11,１, ,ダ1150,重,,(美),小野次郎,1097,-0.6,,3,1,37.5,456,,
,"2019. 4. 7",福島,1福2,500万,喜多方特500,5,7,ラニカイサンデー,牡,5,西村淳也, 57 ,13,7,１, ,芝1200,良,,(栗),池添兼雄,1092,-0.2,,7,8,34.8,454,-6,
,"2019. 4. 7",福島,1福2,1000万,米沢特Ｈ1000,7,13,クインズヌーサ,牝,5,藤懸貴志, 52 ,15,12,１, ,ダ1700,良,,(栗),平田修,1472,-0.1,1,1,1,39.0,462,-4,
,"2019. 4. 7",福島,1福2,500万,燧ヶ岳特500,6,11,ニッポンテイオー,牡,4,西村淳也, 57 ,15,5,１, ,芝2600,良,,(栗),大久保龍,2396,-1.2,9,8,4,36.0,452,+8,
,"2019. 4. 7",福島,1福2,500万,500万下,4,8,サンライズカナロア,牡,4,斎藤新,54▲,16,2,１, ,芝1200,良,,(栗),安田隆行,1098,-0.1,,1,1,35.1,466,-10,
,"2019. 4. 7",福島,1福2,500万,500万下・牝,8,15,ジョブックコメン,牝,4,山田敬士,52▲,15,1,１, ,芝2000,良,,(美),小桧山悟,2001,-0.3,5,5,3,36.2,424,-2,
,"2019. 4. 7",福島,1福2,500万,500万下,6,11,ブリーズスズカ,牡,6,加藤祥太,56☆,15,10,１, ,ダ1700,良,,(栗),大橋勇樹,1479,-0.0,6,5,4,40.3,464,-10,
,"2019. 4. 7",福島,1福2,未勝利,未勝利・若,2,4,シゲルジルコン,牝,3,荻野極, 54 ,16,11,１, ,ダ1150,良,,(美),田中剛,1103,-0.3,,1,1,38.4,476,+2,
,"2019. 4. 7",福島,1福2,未勝利,未勝利,7,13,マジストラル,牡,3,川又賢治,55☆,16,3,１, ,芝1800,良,,(栗),高野友和,1497,-0.1,9,5,4,35.8,484,-14,B
,"2019. 4. 7",福島,1福2,未勝利,障害未勝利,5,7,マストワン,牡,6,五十嵐雄, 60 ,14,3,１, ,芝2750,良,,(美),天間昭一,3020,-0.2,2,1,1,13.2,498,-2,
,"2019. 4. 7",福島,1福2,未勝利,未勝利,7,13,サピアウォーフ,牝,3,斎藤新,51▲,15,1,１, ,ダ1700,良,,(美),斎藤誠,1486,-0.2,1,1,1,40.1,470,+4,
,"2019. 4. 7",福島,1福2,未勝利,未勝利,4,8,スキップ,牡,3,吉田隼人, 56 ,16,3,１, ,芝1200,良,,(栗),加用正,1102,-0.0,,7,7,35.2,452,-8,
,"2019. 4. 7",福島,1福2,未勝利,未勝利・牝,2,3,プリカジュール,牝,3,鮫島克駿, 54 ,15,2,１, ,ダ1700,良,,(栗),寺島良,1500,-0.2,1,1,1,40.4,514,+2,
,"2019. 4. 6",福島,1福1,500万,川俣特別500,4,7,フィールインラヴ,牡,4,鮫島克駿, 57 ,16,6,１, ,芝1800,良,,(栗),浅見秀一,1477,-0.0,7,8,6,35.6,440,-6,
,"2019. 4. 6",福島,1福1,1000万,吾妻小富1000,3,4,メイケイダイハード,牡,4,柴山雄一, 57 ,15,1,１, ,芝1200,良,,(栗),中竹和也,1089,-0.1,,7,7,34.4,532,-2,
,"2019. 4. 6",福島,1福1,500万,ひめさゆ500*,7,9,レターオンザサンド,牡,3,津村明秀, 56 ,11,1,１, ,芝2000,良,,(栗),藤岡健一,2000,-0.0,4,3,2,36.1,486,0,
,"2019. 4. 6",福島,1福1,500万,500万下,6,11,リリーメーカー,牝,5,鮫島良太, 55 ,16,4,１, ,ダ1150,良,,(栗),長谷川浩,1092,-0.2,,8,6,36.7,504,+2,
,"2019. 4. 6",福島,1福1,未勝利,未勝利,7,13,サンサルドス,牡,3,川又賢治,55☆,16,1,１, ,芝2600,良,,(栗),安田隆行,2429,-0.8,9,1,1,36.3,522,-4,
,"2019. 4. 6",福島,1福1,未勝利,未勝利,2,3,タンレイ,牝,3,西村淳也,52△,16,2,１, ,芝1200,良,,(美),伊藤大士,1102,-0.1,,1,1,36.7,428,-4,
,"2019. 4. 6",福島,1福1,500万,500万下・牝,6,10,フェルトベルク,牝,5,団野大成,52▲,15,2,１, ,ダ1700,良,,(栗),荒川義之,1476,-0.8,1,1,1,39.3,438,-8,
,"2019. 4. 6",福島,1福1,ｵｰﾌﾟﾝ,障害・オープ,2,2,シゲルボブキャット,牡,5,植野貴也, 60 ,14,7,１, ,芝2750,良,,(栗),上村洋行,3012,-0.2,5,3,2,13.2,460,+2,
,"2019. 4. 6",福島,1福1,未勝利,障害未勝利,8,13,マイネルヴァッサー,牡,6,浜野谷憲, 60 ,14,6,１, ,芝2750,良,,(美),土田稔,3025,-0.6,7,4,3,13.3,426,-6,
,"2019. 4. 6",福島,1福1,未勝利,未勝利・若,2,2,バーンスター,牡,3,鮫島克駿, 56 ,15,5,１, ,ダ1700,良,,(栗),谷潔,1481,-0.2,3,2,2,39.1,486,+8,
,"2019. 4. 6",福島,1福1,未勝利,未勝利・牝,1,1,リフタスフェルト,牝,3,丸山元気, 54 ,16,4,１, ,ダ1150,良,,(栗),鮫島一歩,1104,-0.4,,3,2,38.4,468,-4,
,"2019. 4. 6",福島,1福1,未勝利,未勝利,1,1,マノアフォールズ,牡,3,斎藤新,53▲,15,1,１, ,ダ1700,良,,(美),斎藤誠,1487,-1.5,1,1,1,40.5,462,-2,B
,2018.11.18,福島,3福6,500万,飯坂温泉500,1,2,フナウタ,牝,4,丸山元気, 55 ,16,2,１, ,芝1200,良,,(栗),今野貞一,1088,-0.3,,3,2,34.7,464,-12,
,2018.11.18,福島,3福6,ｵｰﾌﾟﾝ,福島民友,8,14,ヒラボクラターシュ,牡,3,丸山元気, 55 ,15,1,１, ,ダ1700,良,,(栗),大久保龍,1451,-0.4,4,2,2,37.5,518,-8,
,2018.11.18,福島,3福6,500万,土湯温泉500,1,2,リリックドラマ,牝,4,柴山雄一, 55 ,16,3,１, ,芝1800,良,,(栗),岡田稲男,1478,-0.1,1,1,1,35.7,460,+4,
,2018.11.18,福島,3福6,500万,500万下,6,12,ヒラボクビューン,セ,4,吉田隼人, 57 ,16,2,１, ,芝2600,良,,(美),大竹正博,2399,-0.2,14,7,2,35.6,454,0,
,2018.11.18,福島,3福6,500万,500万下,7,14,ロードラズライト,セ,3,鮫島克駿, 56 ,16,5,１, ,芝1200,良,,(栗),浅見秀一,1089,-0.2,,13,12,34.2,438,-2,
,2018.11.18,福島,3福6,500万,500万下,8,16,タイセイシュラーク,牡,3,富田暁,54△,16,5,１, ,ダ1150,良,,(美),新開幸一,1090,-0.0,,9,9,36.6,484,0,
,2018.11.18,福島,3福6,500万,500万下・若,7,13,フュージョンロック,牡,4,井上敏樹,56☆,15,1,１, ,ダ1700,良,,(栗),須貝尚介,1462,-0.6,1,1,1,37.5,496,+12,
,2018.11.18,福島,3福6,未勝利,障害未勝利,3,4,スズカホワイト,セ,4,森一馬, 60 ,14,3,１, ,芝2770,良,,(栗),南井克巳,3020,-0.0,1,1,1,13.1,498,-4,
,2018.11.18,福島,3福6,未勝利,障害未勝利,8,14,スマートカルロス,牡,6,難波剛健, 60 ,14,4,１, ,芝2770,良,,(栗),浅見秀一,3015,-0.2,3,3,2,13.1,474,-6,
,2018.11.18,福島,3福6,500万,500万下・牝,4,7,テンノサクラコ,牝,5,丸田恭介, 55 ,15,4,１, ,ダ1700,良,,(美),小西一男,1467,-0.4,10,10,10,37.2,492,+6,
,2018.11.18,福島,3福6,500万,500万下,2,3,ファイトアローン,牡,3,黛弘人, 55 ,16,7,１, ,ダ2400,良,,(美),奥平雅士,2354,-0.2,8,8,5,38.0,532,-8,
,2018.11.18,福島,3福6,未勝利,未勝利*,2,2,グレートバニヤン,牡,2,川又賢治,54☆,15,1,１, ,ダ1700,良,,(栗),牧田和弥,1480,-0.0,1,1,1,39.1,522,+4,
,2018.11.17,福島,3福5,500万,高湯温泉500,8,15,トータルソッカー,牡,4,柴田善臣, 57 ,16,5,１, ,芝2000,良,,(美),伊藤正徳,2000,-0.2,8,9,8,34.7,498,+2,
,2018.11.17,福島,3福5,1000万,フルーＨ1000,6,10,ゴールドフラッグ,牡,3,荻野極, 53 ,15,7,１, ,芝2600,良,,(栗),須貝尚介,2386,-0.0,12,12,11,35.2,504,0,B
,2018.11.17,福島,3福5,500万,伊達特別500,1,1,テーオーフォース,牡,3,菱田裕二, 55 ,15,4,１, ,ダ1700,良,,(栗),岡田稲男,1465,-0.7,4,4,3,38.3,472,+6,
,2018.11.17,福島,3福5,500万,500万下,7,13,ヒロイックアゲン,牝,4,荻野極,54☆,16,1,１, ,芝1200,良,,(美),加藤和宏,1087,-0.1,,2,2,34.1,472,-12,
,2018.11.17,福島,3福5,500万,500万下・若,6,10,アシェット,牝,3,藤田菜七,51△,15,1,１, ,芝1800,良,,(美),高橋文雅,1471,-0.2,11,12,11,34.2,430,-6,
,2018.11.17,福島,3福5,500万,500万下・牝,5,10,シンデレラメイク,牝,3,菱田裕二, 54 ,16,2,１, ,芝1200,良,,(栗),鮫島一歩,1088,-0.0,,7,6,33.9,480,+4,
,2018.11.17,福島,3福5,500万,500万下,4,8,ゲキリン,牡,4,吉田隼人, 57 ,16,1,１, ,ダ1150,良,,(栗),吉村圭司,1092,-0.1,,8,9,36.9,464,-2,
,2018.11.17,福島,3福5,新馬,新馬,6,6,マリノジュリア,牝,2,木幡巧也,53☆,11,7,１, ,芝2000,良,,(美),斎藤誠,2038,-0.5,1,1,1,34.8,432,,
,2018.11.17,福島,3福5,未勝利,未勝利*,6,12,レターオンザサンド,牡,2,荻野極,54☆,16,3,１, ,芝1800,良,,(栗),藤岡健一,1492,-0.1,3,3,2,35.2,482,+8,
,2018.11.17,福島,3福5,未勝利,未勝利・牝*,4,7,カレンソナーレ,牝,2,川又賢治,53☆,16,10,１, ,芝1200,良,,(栗),松永幹夫,1104,-0.2,,5,5,35.6,416,+8,
,2018.11.17,福島,3福5,500万,500万下,7,13,ロジペルレスト,牡,3,丸山元気, 55 ,15,2,１, ,ダ1700,良,,(美),大竹正博,1453,-0.1,2,1,1,37.4,510,-4,
,2018.11.17,福島,3福5,未勝利,未勝利*,5,9,メイショウゼッケイ,牝,2,荻野琢真, 54 ,16,4,１, ,ダ1150,良,,(栗),梅田智之,1094,-0.2,,4,4,37.6,414,0,
,2018.11.11,福島,3福4,500万,西郷特別500,7,14,ダノングレース,牝,3,三浦皇成, 53 ,16,3,１, ,芝1800,良,,(美),国枝栄,1487,-0.3,10,10,5,35.2,420,-4,
,2018.11.11,福島,3福4,Ｇ３,福島記念ＨG3,1,2,スティッフェリオ,牡,4,丸山元気, 55 ,16,2,１, ,芝2000,良,,(栗),音無秀孝,1583,-0.2,3,3,3,35.9,440,-2,
,2018.11.11,福島,3福4,ｵｰﾌﾟﾝ,福島２歳,3,5,ジャカランダシティ,牡,2,荻野極, 55 ,16,8,１, ,芝1200,良,*,(栗),牧浦充徳,1105,-0.0,,8,6,35.8,444,-2,
,2018.11.11,福島,3福4,500万,500万下,6,12,トロピカルスパート,牝,4,藤田菜七,53△,16,2,１, ,ダ1150,良,,(美),高橋文雅,1093,-0.3,,12,12,36.7,494,0,
,2018.11.11,福島,3福4,500万,500万下,1,1,ブルレジーナ,牝,3,田辺裕信, 54 ,16,8,１, ,芝1200,良,,(栗),小崎憲,1097,-0.3,,3,2,35.2,440,-10,
,2018.11.11,福島,3福4,500万,500万下・牝,5,10,エバーミランダ,牝,3,吉田隼人, 53 ,16,5,１, ,芝2000,良,,(美),久保田貴,2005,-0.0,1,1,1,35.5,428,+12,
,2018.11.11,福島,3福4,500万,500万下,8,15,カレンカカ,牡,4,三浦皇成, 57 ,15,1,１, ,ダ1700,良,,(栗),安田隆行,1460,-0.0,3,3,2,37.5,496,+2,
,2018.11.11,福島,3福4,未勝利,障害未勝利,5,6,メリオラ,牡,4,金子光希, 60 ,12,1,１, ,芝2750,良,,(栗),中竹和也,3015,-0.3,5,4,2,13.2,430,-4,
,2018.11.11,福島,3福4,未勝利,障害未勝利,4,6,メイショウゴウリキ,牡,3,森一馬, 58 ,14,3,１, ,芝2750,良,,(栗),南井克巳,2598,-0.2,2,1,1,13.1,466,-4,
,2018.11.11,福島,3福4,500万,500万下,8,15,キクノウェスター,牡,3,田辺裕信, 55 ,15,2,１, ,ダ1700,良,,(栗),奥村豊,1471,-0.3,10,5,3,37.4,482,-10,
,2018.11.11,福島,3福4,500万,500万下・牝,4,6,メモリーコウ,牝,3,荻野琢真, 53 ,15,8,１, ,ダ1700,良,,(栗),松永幹夫,1468,-0.2,1,1,1,38.4,464,+20,
,2018.11.11,福島,3福4,未勝利,未勝利*,5,10,アンビル,牡,2,藤田菜七,53△,16,3,１, ,ダ1150,良,,(美),竹内正洋,1104,-0.5,,2,2,38.2,466,+2,
,2018.11.10,福島,3福3,500万,相馬特別500,2,4,メイショウシャチ,牡,5,和田翼, 57 ,16,3,１, ,芝1200,良,,(栗),石橋守,1098,-0.2,,5,5,35.3,472,0,
,2018.11.10,福島,3福3,1000万,福島放送1000,7,13,ローレルリーベ,牡,4,嘉藤貴行, 57 ,15,3,１, ,ダ1700,良,*,(美),奥平雅士,1456,-0.0,13,9,7,37.9,508,0,
,2018.11.10,福島,3福3,500万,三春駒特500,3,5,バイオスパーク,牡,3,丸山元気, 55 ,16,1,１, ,芝2000,良,,(栗),浜田多実,2015,-0.0,7,8,8,34.7,456,-10,
,2018.11.10,福島,3福3,500万,500万下,7,14,マッジョネラ,セ,4,菊沢一樹,55△,16,9,１, ,ダ1150,良,,(美),菊沢隆徳,1091,-0.0,,2,2,37.2,500,+4,
,2018.11.10,福島,3福3,500万,500万下・若,1,1,タケショウベスト,牝,4,横山武史,53△,15,2,１, ,芝1200,良,,(美),田中清隆,1092,-0.2,,7,6,34.6,476,0,
,2018.11.10,福島,3福3,500万,500万下,1,1,マイネルキラメキ,牡,3,丹内祐次, 55 ,14,3,１, ,芝2600,良,,(美),和田雄二,2417,-0.0,5,5,4,35.7,424,0,
,2018.11.10,福島,3福3,500万,500万下・牝,7,13,パワフルヒロコ,牝,4,菱田裕二, 55 ,16,5,１, ,ダ1150,良,,(栗),飯田雄三,1089,-0.2,,4,4,36.9,446,0,
,2018.11.10,福島,3福3,新馬,新馬,3,6,サンタンデール,牝,2,木幡巧也,53☆,16,6,１, ,芝1200,良,,(美),岩戸孝樹,1111,-0.1,,2,2,35.3,438,,
,2018.11.10,福島,3福3,未勝利,未勝利*,7,9,ヴァンケドミンゴ,牡,2,津村明秀, 55 ,11,1,１, ,芝2000,良,,(栗),藤岡健一,2030,-0.4,3,2,2,35.4,456,-8,
,2018.11.10,福島,3福3,未勝利,未勝利*,3,6,ミリオンゲーム,牝,2,藤田菜七,52△,16,1,１, ,芝1200,良,,(美),奥村武,1111,-0.0,,1,1,36.2,418,-8,
,2018.11.10,福島,3福3,500万,500万下,1,1,セイリスペクト,牡,3,横山武史,53△,15,2,１, ,ダ1700,良,,(栗),中村均,1462,-0.2,1,2,1,37.8,476,+4,B
,2018.11.10,福島,3福3,未勝利,未勝利*,8,14,ビルジキール,牡,2,田中健, 55 ,15,4,１, ,ダ1700,良,,(栗),安達昭夫,1489,-0.3,2,1,1,38.6,470,-8,
,"2018.11. 4",福島,3福2,500万,会津特別500,6,12,メジャーレート,牡,3,川又賢治, 56 ,16,3,１, ,芝1200,良,,(栗),斉藤崇史,1087,-0.2,,4,3,34.5,438,+2,B
,"2018.11. 4",福島,3福2,1600万,みちのく1600,5,9,カルヴァリオ,セ,5,柴山雄一, 57 ,16,5,１, ,芝1200,良,,(美),大竹正博,1078,-0.1,,16,13,33.2,474,+14,
,"2018.11. 4",福島,3福2,500万,きんもく500*,1,1,マイネルサーパス,牡,2,丹内祐次, 55 ,12,3,１, ,芝1800,良,,(美),高木登,1462,-0.0,10,10,8,34.2,476,+2,
,"2018.11. 4",福島,3福2,500万,500万下,6,8,ランバージャック,牡,4,勝浦正樹, 57 ,13,4,１, ,ダ1700,良,,(栗),鮫島一歩,1468,-0.2,8,9,6,37.3,458,-8,
,"2018.11. 4",福島,3福2,500万,500万下・若,8,10,イダエンペラー,牡,3,荻野極,54☆,11,1,１, ,芝2000,良,,(栗),藤原英昭,1586,-0.2,7,7,5,35.2,484,0,
,"2018.11. 4",福島,3福2,500万,500万下,1,1,トーセンアンバー,牝,3,菊沢一樹,52△,16,1,１, ,芝1200,良,,(美),菊沢隆徳,1083,-0.2,,6,3,34.0,466,+4,
,"2018.11. 4",福島,3福2,500万,500万下,1,1,テーオージーニアス,牡,3,川須栄彦, 56 ,16,2,１, ,ダ1150,良,,(栗),梅田智之,1087,-0.1,,7,7,36.3,490,+6,
,"2018.11. 4",福島,3福2,新馬,新馬,8,13,ワシントンテソーロ,牡,2,鮫島克駿, 55 ,13,1,１, ,ダ1700,良,,(美),斎藤誠,1483,-1.5,2,2,1,37.8,480,,
,"2018.11. 4",福島,3福2,未勝利,障害未勝利,3,3,ショウナンバローロ,牡,3,平沢健治, 58 ,13,8,１, ,芝2750,良,,(栗),西村真幸,3007,-0.4,3,3,2,13.1,498,+4,
,"2018.11. 4",福島,3福2,500万,500万下・牝,2,2,レッドエレノア,牝,4,柴山雄一, 55 ,11,2,１, ,ダ1700,良,,(美),木村哲也,1471,-0.4,1,1,1,38.3,548,+12,
,"2018.11. 4",福島,3福2,未勝利,未勝利*,7,14,アマネセール,牡,2,川又賢治,54☆,16,3,１, ,芝1800,良,,(栗),斉藤崇史,1487,-0.2,8,6,5,34.9,478,-2,
,"2018.11. 4",福島,3福2,未勝利,未勝利*,8,16,ハンサムリー,牡,2,藤田菜七,53△,16,1,１, ,ダ1150,良,,(美),金成貴史,1094,-0.1,,1,1,37.5,454,-4,
,"2018.11. 3",福島,3福1,500万,二本松特500,1,1,デルマウオッカ,牡,3,吉田隼人, 55 ,16,2,１, ,芝1800,良,,(美),堀井雅広,1465,-0.2,4,3,1,34.7,496,-10,
,"2018.11. 3",福島,3福1,1000万,河北新Ｈ1000,4,7,メイショウカリン,牝,4,津村明秀, 55 ,16,2,１, ,芝1200,良,,(栗),笹田和秀,1083,-0.0,,4,5,33.9,496,+10,
,"2018.11. 3",福島,3福1,500万,磐梯山特500,8,9,ノチェブランカ,牝,3,吉田隼人, 53 ,10,1,１, ,芝2600,良,,(美),国枝栄,2402,-0.2,5,3,3,34.6,452,+2,
,"2018.11. 3",福島,3福1,500万,500万下,6,12,クインズマラクータ,牡,4,西村淳也,54▲,16,2,１, ,ダ1150,良,,(栗),山内研二,1087,-0.1,,7,6,36.8,520,-4,B
,"2018.11. 3",福島,3福1,500万,500万下,4,8,トワイライトライフ,牝,4,津村明秀, 55 ,16,1,１, ,芝1200,良,,(美),黒岩陽一,1081,-0.0,,3,3,34.2,458,+2,
,"2018.11. 3",福島,3福1,500万,500万下・牝,4,7,シェーナ,牝,3,鮫島克駿, 54 ,16,2,１, ,ダ1150,良,,(美),萩原清,1087,-0.0,,5,4,36.8,462,+8,
,"2018.11. 3",福島,3福1,500万,500万下・若,3,4,タフチョイス,牡,3,横山武史,53△,14,3,１, ,ダ1700,良,,(栗),角田晃一,1462,-0.0,1,1,1,37.9,492,+4,
,"2018.11. 3",福島,3福1,未勝利,障害未勝利,6,6,シンボリダルク,牝,5,浜野谷憲, 58 ,11,5,１, ,芝2750,良,,(美),浅野洋一,3019,-0.1,5,4,2,13.2,478,+2,
,"2018.11. 3",福島,3福1,ｵｰﾌﾟﾝ,障害・オープ,7,12,シングンマイケル,セ,4,金子光希, 60 ,14,5,１, ,芝3350,良,,(美),高市圭二,3405,-0.9,4,3,4,13.2,454,+4,
,"2018.11. 3",福島,3福1,500万,500万下,6,6,ライトオブピース,牡,4,鮫島克駿, 57 ,11,9,１, ,ダ1700,良,,(栗),佐々木晶,1458,-0.3,8,7,6,37.8,478,0,
,"2018.11. 3",福島,3福1,未勝利,未勝利*,4,8,ナタラディーヴァ,牝,2,津村明秀, 54 ,16,2,１, ,芝1200,良,,(美),武藤善則,1092,-0.3,,7,5,34.4,440,-6,
,"2018.11. 3",福島,3福1,未勝利,未勝利・牝*,7,12,ラテリシウス,牝,2,津村明秀, 54 ,14,1,１, ,ダ1700,良,,(美),高橋祥泰,1499,-0.2,1,1,1,39.1,514,-2,
,"2018. 7.22",福島,2福8,500万,500万下,3,6,カワキタピリカ,牡,5,武士沢友, 57 ,16,8,１, ,芝1200,良,,(美),武市康男,1102,-0.0,,13,13,35.1,502,+2,B
,"2018. 7.22",福島,2福8,ｵｰﾌﾟﾝ,福島テレ,7,14,マサハヤドリーム,牡,6,大野拓弥, 56 ,16,4,１, ,芝1800,良,,(栗),今野貞一,1477,-0.0,13,12,10,34.9,464,-4,
,"2018. 7.22",福島,2福8,1000万,横手特別1000,8,14,サクラエンパイア,牡,5,石橋脩, 57 ,15,4,１, ,ダ1700,良,,(美),堀宣行,1460,-0.2,5,4,4,38.6,474,+12,
,"2018. 7.22",福島,2福8,500万,栗子特別500,1,1,ウインイクシード,牡,4,宮崎北斗, 57 ,12,5,１, ,芝2000,良,,(美),鈴木伸尋,2018,-0.7,10,1,1,35.7,484,0,
,"2018. 7.22",福島,2福8,500万,500万下・牝,8,14,マリームーン,牝,3,北村宏司, 52 ,14,1,１, ,ダ1700,良,,(美),藤沢和雄,1459,-0.8,4,3,2,38.3,460,-2,
,"2018. 7.22",福島,2福8,未勝利,未勝利,4,7,ゴールドパッキャオ,牡,3,内田博幸, 56 ,16,1,１, ,芝2000,良,,(美),奥村武,2019,-0.1,12,12,8,35.9,456,-6,
,"2018. 7.22",福島,2福8,未勝利,未勝利,4,8,プレイズラン,牝,3,石橋脩, 54 ,16,2,１, ,芝1200,良,,(美),牧光二,1103,-0.0,,4,6,35.9,452,+6,
,"2018. 7.22",福島,2福8,新馬,新馬・牝,5,8,ポリアンサ,牝,2,北村宏司, 54 ,15,2,１, ,芝1800,良,,(美),木村哲也,1525,-0.1,7,6,6,35.8,460,,
,"2018. 7.22",福島,2福8,未勝利,未勝利,6,11,ゴールドパッション,牡,3,北村宏司, 56 ,15,1,１, ,ダ1700,良,,(美),青木孝文,1479,-0.0,5,2,2,39.6,504,-2,
,"2018. 7.22",福島,2福8,未勝利,未勝利,4,8,ミッキーボニータ,牡,3,横山典弘, 56 ,16,2,１, ,ダ1150,良,,(美),萩原清,1096,-0.0,,4,3,37.8,448,-2,
,"2018. 7.22",福島,2福8,未勝利,未勝利*,6,6,テイエムバリバリ,牡,2,横山典弘, 54 ,11,8,１, ,芝1800,良,,(美),石栗龍彦,1509,-0.0,7,7,6,36.8,452,+4,
,"2018. 7.22",福島,2福8,未勝利,未勝利*,7,13,スカイズザリミット,牝,2,木幡育也,51▲,16,1,１, ,芝1200,良,,(美),宗像義忠,1111,-0.0,,2,2,36.4,438,0,
,"2018. 7.21",福島,2福7,500万,500万下,4,7,ウサギノダンス,牡,3,北村宏司, 54 ,16,2,１, ,ダ1150,良,,(美),南田美知,1087,-0.0,,3,2,36.9,480,+14,
,"2018. 7.21",福島,2福7,1000万,白河特Ｈ1000,5,9,ナムラアッパー,牡,7,津村明秀, 53 ,16,12,１, ,芝1200,良,,(栗),高橋義忠,1091,-0.1,,8,4,34.5,412,-4,B
,"2018. 7.21",福島,2福7,1000万,いわき特1000,5,5,レッドイグニス,セ,5,戸崎圭太, 57 ,8,1,１, ,芝1800,良,,(美),鹿戸雄一,1483,-0.5,2,2,2,35.9,458,+2,
,"2018. 7.21",福島,2福7,500万,三陸特別500,5,8,プライムコード,牡,4,北村宏司, 57 ,15,3,１, ,ダ1700,良,,(美),小西一男,1456,-0.3,3,4,4,36.9,484,+4,
,"2018. 7.21",福島,2福7,500万,500万下,6,6,ホクセンジョウオー,牝,3,大野拓弥, 52 ,8,4,１, ,芝2600,良,,(美),松山将樹,2490,-0.2,2,1,1,35.3,458,-8,
,"2018. 7.21",福島,2福7,未勝利,未勝利,4,7,タイセイアピール,牝,3,田辺裕信, 54 ,16,1,１, ,ダ1150,良,,(美),斎藤誠,1098,-0.0,,1,1,37.4,458,-2,
,"2018. 7.21",福島,2福7,新馬,新馬,8,15,ルメッサージュ,牝,2,武藤雅,53☆,16,2,１, ,芝1200,良,,(美),大和田成,1138,-0.2,,1,1,36.7,402,,
,"2018. 7.21",福島,2福7,新馬,新馬,5,7,ボスジラ,牡,2,田辺裕信, 54 ,14,1,１, ,芝2000,良,,(美),国枝栄,2046,-0.1,3,3,2,36.6,476,,
,"2018. 7.21",福島,2福7,ｵｰﾌﾟﾝ,障害・オープ,3,3,アズマタックン,牡,5,金子光希, 60 ,9,3,１, ,芝3380,良,,(栗),加用正,3493,-0.6,5,3,3,13.6,502,+6,
,"2018. 7.21",福島,2福7,未勝利,未勝利,8,15,アカリダイヤモンド,牡,3,田辺裕信, 56 ,15,1,１, ,ダ1700,良,*,(美),上原博之,1475,-0.3,5,4,2,38.1,450,-2,
,"2018. 7.21",福島,2福7,未勝利,未勝利・牝,4,7,ジャンティエス,牝,3,江田照男, 54 ,15,1,１, ,ダ1700,良,,(美),田中剛,1473,-0.7,1,1,1,38.1,468,-2,
,"2018. 7.21",福島,2福7,未勝利,障害未勝利,5,7,エイシンスペーシア,セ,7,山本康志, 60 ,14,4,１, ,芝2770,良,,(美),鈴木伸尋,3042,-0.1,4,2,2,13.3,456,-4,
,"2018. 7.15",福島,2福6,500万,500万下,3,5,キングスヴァリュー,牡,3,石橋脩, 54 ,15,1,１, ,ダ1700,良,,(美),国枝栄,1475,-0.0,5,5,4,38.4,482,0,B
,"2018. 7.15",福島,2福6,ｵｰﾌﾟﾝ,バーデンＨ,7,9,タマモブリリアン,牝,5,津村明秀, 52 ,11,3,１, ,芝1200,良,,(栗),南井克巳,1083,-0.0,,3,3,33.8,484,+10,
,"2018. 7.15",福島,2福6,1000万,鶴ヶ城特1000,6,12,スマートレイチェル,牝,4,戸崎圭太, 55 ,16,2,１, ,ダ1150,良,,(栗),西園正都,1075,-0.3,,2,2,36.4,486,0,
,"2018. 7.15",福島,2福6,500万,種市特別500,7,7,ダノンポピー,牝,3,戸崎圭太, 52 ,10,2,１, ,芝2000,良,,(美),尾関知人,2020,-0.4,6,4,3,35.6,454,-10,
,"2018. 7.15",福島,2福6,500万,500万下・牝,5,8,モルフェオルフェ,牝,3,木幡育也,49▲,15,2,１, ,芝1200,良,,(美),大江原哲,1092,-0.1,,1,1,35.1,426,+6,
,"2018. 7.15",福島,2福6,未勝利,未勝利,5,10,カイザーヴェッター,牡,3,石橋脩, 56 ,16,3,１, ,芝2600,良,,(美),黒岩陽一,2430,-0.0,3,4,4,36.7,472,0,B
,"2018. 7.15",福島,2福6,未勝利,未勝利,5,8,ユイノチョッパー,牡,3,内田博幸, 56 ,15,3,１, ,ダ1700,良,,(美),竹内正洋,1472,-0.4,5,2,1,38.7,500,0,B
,"2018. 7.15",福島,2福6,新馬,新馬,4,7,カイザースクルーン,牡,2,石川裕紀, 54 ,16,1,１, ,芝1800,良,,(美),相沢郁,1511,-0.1,2,1,1,36.2,480,,
,"2018. 7.15",福島,2福6,未勝利,障害未勝利,7,10,ロンギングダンサー,牡,9,五十嵐雄, 60 ,12,3,１, ,芝2770,良,,(美),田村康仁,3027,-1.3,2,2,1,13.2,496,-4,
,"2018. 7.15",福島,2福6,未勝利,未勝利・牝,2,3,ディアビオラン,牝,3,木幡育也,51▲,15,15,１, ,ダ1700,良,*,(美),田村康仁,1482,-0.2,1,1,1,38.7,458,-2,
,"2018. 7.15",福島,2福6,未勝利,未勝利,5,10,ロジスカーレット,牡,3,横山典弘, 56 ,16,4,１, ,芝1800,良,,(美),国枝栄,1497,-0.0,9,8,7,35.1,424,0,
,"2018. 7.15",福島,2福6,未勝利,未勝利*,4,6,マイネルアプラウス,牡,2,柴田大知, 54 ,15,5,１, ,芝1200,良,,(美),青木孝文,1110,-0.3,,7,7,35.8,476,-6,
,"2018. 7.14",福島,2福5,500万,500万下,8,15,ディアサルファー,牝,3,三浦皇成, 52 ,15,1,１, ,芝1200,良,,(美),菊川正達,1087,-0.5,,3,2,34.5,466,-8,
,"2018. 7.14",福島,2福5,1600万,安達太良1600,8,14,ノーブルサターン,牡,4,鮫島良太, 57 ,15,5,１, ,ダ1700,良,,(栗),牧浦充徳,1459,-0.0,3,2,2,37.3,506,-2,
,"2018. 7.14",福島,2福5,1000万,信夫山Ｈ1000,7,8,マイネルカレッツァ,牡,6,柴田大知, 55 ,11,8,１, ,芝2600,良,,(美),中舘英二,2391,-0.3,3,2,1,36.1,506,0,
,"2018. 7.14",福島,2福5,500万,雄国沼特500,4,6,ハギノカエラ,牝,5,田辺裕信, 55 ,14,5,１, ,芝1800,良,,(栗),鮫島一歩,1475,-0.0,11,9,6,35.1,420,+12,
,"2018. 7.14",福島,2福5,500万,500万下・牝,7,12,サウンドマジック,牝,4,藤田菜七,53△,14,2,１, ,ダ1700,良,,(美),和田正一,1469,-0.3,1,1,1,38.2,442,+8,
,"2018. 7.14",福島,2福5,未勝利,未勝利,6,11,ダウンタウンキラリ,牝,3,戸崎圭太, 54 ,16,2,１, ,芝1200,良,,(美),池上昌和,1089,-0.3,,3,3,34.9,432,-4,
,"2018. 7.14",福島,2福5,新馬,新馬,4,7,ジョウラン,牡,2,内田博幸, 54 ,16,2,１, ,ダ1150,良,,(美),黒岩陽一,1097,-0.2,,1,1,37.7,470,,
,"2018. 7.14",福島,2福5,新馬,新馬,3,6,ヨークテソーロ,牝,2,三浦皇成, 54 ,16,1,１, ,芝1200,良,,(美),高木登,1115,-0.1,,1,1,36.0,428,,
,"2018. 7.14",福島,2福5,未勝利,未勝利・牝,5,9,パルクデラモール,牝,3,戸崎圭太, 54 ,16,1,１, ,芝2000,良,,(美),鹿戸雄一,2012,-0.2,4,2,2,35.7,454,+2,
,"2018. 7.14",福島,2福5,未勝利,未勝利,1,1,オーケストラ,牡,3,戸崎圭太, 56 ,15,1,１, ,ダ1700,稍,,(美),斎藤誠,1480,-0.8,1,1,1,38.2,478,-12,
,"2018. 7.14",福島,2福5,未勝利,未勝利,5,10,セレナライティア,牝,3,木幡育也,51▲,16,4,１, ,ダ1150,稍,,(美),新開幸一,1087,-0.4,,1,1,36.9,438,+10,
,"2018. 7.14",福島,2福5,未勝利,未勝利*,2,4,セイウンオフロード,牡,2,津村明秀, 54 ,16,1,１, ,芝1800,良,,(美),矢野英一,1497,-0.1,14,12,9,36.1,458,+6,
,"2018. 7. 8",福島,2福4,500万,織姫賞500,3,3,フクサンローズ,牝,4,田辺裕信, 55 ,11,1,１, ,ダ1700,稍,,(美),小西一男,1447,-0.2,9,5,4,37.3,454,-4,
,"2018. 7. 8",福島,2福4,Ｇ３,七夕賞ＨG3,4,4,メドウラーク,牡,7,丸田恭介, 54 ,12,11,１, ,芝2000,良,*,(栗),橋田満,2008,-0.0,10,8,6,37.5,506,-2,
,"2018. 7. 8",福島,2福4,1000万,天の川賞1000,1,1,ワイルドカード,牡,4,北村宏司, 57 ,15,1,１, ,ダ1700,重,,(美),木村哲也,1440,-1.4,1,1,1,36.8,548,+4,
,"2018. 7. 8",福島,2福4,500万,彦星賞500,4,7,ツヅク,牝,4,江田照男, 55 ,15,6,１, ,芝1200,良,,(美),伊藤大士,1095,-0.0,,4,3,35.4,456,+18,
,"2018. 7. 8",福島,2福4,500万,500万下,3,5,トーホウアイレス,牝,4,蛯名正義, 55 ,16,4,１, ,芝1800,良,,(美),田中清隆,1489,-0.1,5,6,6,36.0,472,-2,
,"2018. 7. 8",福島,2福4,未勝利,未勝利,8,14,グログラン,牝,3,武士沢友, 54 ,15,9,１, ,ダ1700,重,,(美),林徹,1481,-0.1,3,2,1,38.6,476,-2,
,"2018. 7. 8",福島,2福4,新馬,新馬・牝,6,11,スティルネス,牝,2,田辺裕信, 54 ,15,3,１, ,芝1200,良,,(美),小島茂之,1110,-0.4,,4,2,35.6,420,,
,"2018. 7. 8",福島,2福4,新馬,新馬,7,8,クリスタルバローズ,牡,2,北村宏司, 54 ,10,3,１, ,芝1800,良,,(美),奥村武,1532,-0.3,2,2,1,35.4,460,,
,"2018. 7. 8",福島,2福4,未勝利,未勝利,2,4,ブリリアントリリー,牝,3,田辺裕信, 54 ,16,2,１, ,芝2000,稍,,(美),栗田博憲,2022,-0.0,3,5,2,36.0,460,0,B
,"2018. 7. 8",福島,2福4,未勝利,未勝利,7,13,シェーナ,牝,3,戸崎圭太, 54 ,16,4,１, ,ダ1150,重,,(美),萩原清,1086,-0.6,,5,4,36.5,454,+6,
,"2018. 7. 8",福島,2福4,未勝利,未勝利*,6,9,エンパイアシュアー,牡,2,丸田恭介, 54 ,13,6,１, ,芝1200,稍,*,(美),和田雄二,1107,-0.0,,8,7,35.6,454,+4,
,"2018. 7. 8",福島,2福4,未勝利,未勝利*,8,15,ニシノコトダマ,牡,2,石川裕紀, 54 ,16,1,１, ,ダ1150,重,,(美),手塚貴久,1090,-0.0,,1,2,37.3,496,+4,
,"2018. 7. 7",福島,2福3,500万,500万下,7,12,デザートスネーク,セ,4,三浦皇成, 57 ,15,1,１, ,ダ1700,重,,(美),武井亮,1451,-0.0,5,4,4,36.1,474,-8,
,"2018. 7. 7",福島,2福3,1600万,阿武隈Ｈ1600,3,3,ミッキーグローリー,牡,5,内田博幸, 56 ,13,1,１, ,芝1800,稍,,(美),国枝栄,1479,-0.3,8,2,2,36.3,542,-4,
,"2018. 7. 7",福島,2福3,1000万,松島特別1000,7,7,アウトライアーズ,牡,4,田辺裕信, 57 ,10,2,１, ,芝2000,稍,,(美),小島茂之,2020,-0.3,9,7,5,36.8,502,+8,
,"2018. 7. 7",福島,2福3,500万,開成山特500,5,6,オジュウチョウサン,牡,7,武豊, 57 ,12,1,１, ,芝2600,稍,,(美),和田正一,2423,-0.5,3,2,1,37.1,510,0,
,"2018. 7. 7",福島,2福3,500万,500万下,2,4,グランティエラ,牡,4,三浦皇成, 57 ,16,1,１, ,ダ1150,重,,(美),清水英克,1073,-0.4,,1,1,35.7,502,-2,
,"2018. 7. 7",福島,2福3,未勝利,未勝利,2,3,レジェンドソウル,牡,3,石橋脩, 56 ,16,2,１, ,芝1200,稍,,(美),矢野英一,1101,-0.1,,4,3,35.5,454,0,
,"2018. 7. 7",福島,2福3,未勝利,未勝利・牝,1,1,カーロバンビーナ,牝,3,武藤雅,53☆,16,3,１, ,芝1800,稍,,(美),戸田博文,1496,-0.5,1,1,1,36.3,400,-2,
,"2018. 7. 7",福島,2福3,新馬,新馬,4,7,イチゴミルフィーユ,牝,2,伊藤工真, 54 ,15,2,１, ,芝1200,稍,,(美),林徹,1113,-0.5,,4,4,35.3,442,,
,"2018. 7. 7",福島,2福3,ｵｰﾌﾟﾝ,障害・オープ,5,8,シゲルクロカジキ,牡,5,植野貴也, 60 ,14,3,１, ,芝2750,稍,,(栗),服部利之,3035,-0.1,12,8,8,13.3,518,-4,
,"2018. 7. 7",福島,2福3,未勝利,未勝利,1,1,エヴィエイション,牡,3,大野拓弥, 56 ,15,4,１, ,ダ1700,重,,(美),土田稔,1457,-0.3,8,7,6,37.5,500,,
,"2018. 7. 7",福島,2福3,未勝利,未勝利・牝,6,11,コパノステラート,牝,3,藤田菜七,52△,15,7,１, ,ダ1700,重,,(美),小島茂之,1460,-0.0,2,1,1,37.9,476,-2,
,"2018. 7. 7",福島,2福3,未勝利,障害未勝利,7,11,トラキアンコード,セ,6,金子光希, 60 ,14,1,１, ,芝2750,稍,,(美),武市康男,3042,-0.1,4,3,1,13.4,506,+2,
,"2018. 7. 1",福島,2福2,500万,500万下,1,1,エンゲージリング,牝,3,岩部純二, 52 ,16,4,１, ,ダ1150,良,,(美),大江原哲,1084,-0.3,,1,1,36.6,476,+14,
,"2018. 7. 1",福島,2福2,Ｇ３,ラジオNIＨG3,2,2,メイショウテッコン,牡,3,松山弘平, 56 ,13,2,１, ,芝1800,良,*,(栗),高橋義忠,1461,-0.1,3,3,3,34.8,482,-6,B
,"2018. 7. 1",福島,2福2,1000万,さくらん1000,4,4,トーホウハニー,牝,6,蛯名正義, 55 ,13,8,１, ,芝1200,良,,(美),田中清隆,1084,-0.0,,6,5,34.4,446,-2,
,"2018. 7. 1",福島,2福2,500万,南相馬特500,5,5,ミヤジユウダイ,牡,4,石橋脩, 57 ,9,6,１, ,芝2000,良,,(栗),川村禎彦,1598,-0.3,2,2,2,34.8,536,0,
,"2018. 7. 1",福島,2福2,500万,500万下,8,14,フロリアヌス,牡,3,武藤雅,52△,15,3,１, ,ダ1700,良,,(美),武藤善則,1462,-0.2,2,2,2,37.6,452,-4,
,"2018. 7. 1",福島,2福2,未勝利,未勝利,2,4,ソーラーフレア,牡,3,田辺裕信, 56 ,16,2,１, ,芝1800,良,,(美),高柳瑞樹,1480,-0.0,13,13,10,34.5,456,+12,
,"2018. 7. 1",福島,2福2,新馬,新馬,8,15,ガイセン,牡,2,田辺裕信, 54 ,15,6,１, ,芝1200,良,,(美),岩戸孝樹,1101,-0.2,,3,2,35.0,412,,
,"2018. 7. 1",福島,2福2,新馬,新馬,5,8,ミッキーブラック,牡,2,松山弘平, 54 ,15,2,１, ,芝1800,良,,(栗),音無秀孝,1501,-0.1,9,6,7,34.5,470,,
,"2018. 7. 1",福島,2福2,未勝利,障害未勝利,3,3,ウインインスパイア,牡,7,五十嵐雄, 60 ,14,1,１, ,芝2750,良,,(美),高橋祥泰,2596,-0.8,2,2,2,13.1,466,0,
,"2018. 7. 1",福島,2福2,未勝利,未勝利,5,9,タイセイカレッジ,牡,3,大野拓弥, 56 ,15,3,１, ,ダ1700,良,,(美),奥村武,1483,-0.1,10,7,4,38.2,426,-2,
,"2018. 7. 1",福島,2福2,未勝利,未勝利,5,10,ブルーハワイアン,牝,3,田中勝春, 54 ,16,2,１, ,芝1200,良,,(美),田島俊明,1089,-1.1,,1,1,34.7,448,0,
,"2018. 7. 1",福島,2福2,未勝利,未勝利・牝,5,8,フジノシャイン,牝,3,武藤雅,52△,15,7,１, ,ダ1700,良,,(美),和田雄二,1477,-0.5,6,4,4,38.6,470,+6,
,"2018. 6.30",福島,2福1,500万,500万下,6,10,ショーム,牡,3,津村明秀, 54 ,15,2,１, ,ダ1700,良,,(美),鈴木伸尋,1454,-0.2,5,4,1,37.3,478,-6,
,"2018. 6.30",福島,2福1,1600万,テレビユ1600,5,9,レジーナフォルテ,牝,4,杉原誠人, 55 ,16,5,１, ,芝1200,良,,(美),佐藤吉勝,1071,-0.2,,2,2,34.6,498,0,
,"2018. 6.30",福島,2福1,1000万,猪苗代特1000,2,2,アルクトス,牡,3,田辺裕信, 54 ,15,2,１, ,ダ1700,良,,(美),栗田徹,1457,-0.2,4,3,4,36.5,532,-2,
,"2018. 6.30",福島,2福1,500万,郡山特別500,1,1,シンボリバーグ,牝,4,北村宏司, 55 ,16,2,１, ,芝1200,良,,(美),藤沢和雄,1079,-0.1,,5,5,34.3,496,-4,
,"2018. 6.30",福島,2福1,500万,500万下・牝,8,14,ヴェロニカグレース,牝,3,戸崎圭太, 52 ,14,1,１, ,芝1800,良,,(美),武市康男,1464,-0.2,5,3,2,34.5,478,+8,
,"2018. 6.30",福島,2福1,未勝利,未勝利,3,5,ウェディングベール,牝,3,武藤雅,52△,16,4,１, ,芝2000,良,,(美),粕谷昌央,1597,-0.1,2,2,2,35.9,432,-2,
,"2018. 6.30",福島,2福1,新馬,新馬,3,5,ホールドユアハンド,牡,2,津村明秀, 54 ,16,4,１, ,ダ1150,良,,(美),田中博康,1098,-0.7,,1,1,36.8,462,,
,"2018. 6.30",福島,2福1,新馬,新馬,1,1,ハナブショウ,牝,2,石川裕紀, 54 ,12,3,１, ,芝1200,良,,(美),相沢郁,1102,-0.2,,1,1,35.7,428,,
,"2018. 6.30",福島,2福1,未勝利,未勝利,7,13,トリプルレインボー,牡,3,大野拓弥, 56 ,15,1,１, ,ダ1700,良,,(美),大江原哲,1458,-0.2,2,2,2,38.1,482,+4,
,"2018. 6.30",福島,2福1,未勝利,未勝利・牝,1,1,ゴールデンテソーロ,牝,3,江田照男, 54 ,16,7,１, ,芝1200,良,,(美),畠山吉宏,1090,-0.1,,1,1,35.0,464,+12,
,"2018. 6.30",福島,2福1,未勝利,未勝利,8,15,ヴィクトアリー,牝,3,伊藤工真, 54 ,16,11,１, ,ダ1150,良,*,(美),田島俊明,1097,-0.2,,2,2,37.6,464,+6,
,"2018. 6.30",福島,2福1,未勝利,未勝利*,8,14,ダディーズマインド,牡,2,北村宏司, 54 ,15,3,１, ,芝1800,良,,(美),青木孝文,1486,-0.1,2,2,1,36.2,472,0,
,"2018. 4.22",福島,1福6,500万,桑折特別500,4,8,エレクトロニカ,牝,4,丸山元気, 55 ,16,1,１, ,芝2000,良,,(栗),須貝尚介,2023,-0.0,7,6,3,36.0,412,-10,
,"2018. 4.22",福島,1福6,1000万,福島中Ｈ1000,8,16,レーヴムーン,牡,5,津村明秀, 57 ,16,2,１, ,芝1200,良,,(栗),藤岡健一,1095,-0.0,,13,10,34.2,474,-4,
,"2018. 4.22",福島,1福6,500万,燧ヶ岳特500,5,10,マイネルクラフト,牡,5,丹内祐次, 57 ,16,7,１, ,芝2600,良,,(美),岩戸孝樹,2406,-0.3,4,3,3,36.3,488,-4,B
,"2018. 4.22",福島,1福6,500万,500万下,3,4,デザートスネーク,セ,4,黛弘人, 57 ,15,4,１, ,ダ1700,良,,(美),武井亮,1465,-0.3,5,6,5,38.3,480,-6,
,"2018. 4.22",福島,1福6,500万,500万下・若,4,5,ワンダフルラッシュ,牝,5,原田和真, 55 ,14,12,１, ,芝1200,良,,(美),手塚貴久,1096,-0.0,,8,7,34.6,448,+2,
,"2018. 4.22",福島,1福6,500万,500万下,5,9,ヴォーガ,牡,4,木幡巧也,56☆,16,5,１, ,ダ1150,良,,(栗),森秀行,1087,-0.0,,5,5,37.0,456,0,
,"2018. 4.22",福島,1福6,未勝利,未勝利,8,16,クルークヴァール,牡,3,鮫島克駿, 56 ,16,2,１, ,芝1200,良,,(栗),浅見秀一,1100,-0.2,,1,1,35.6,462,-4,
,"2018. 4.22",福島,1福6,未勝利,未勝利・牝,1,1,ビップベリンダ,牝,3,鮫島克駿, 54 ,15,3,１, ,ダ1700,良,,(栗),松下武士,1494,-0.2,7,10,7,38.5,490,+4,
,"2018. 4.22",福島,1福6,未勝利,障害未勝利,7,10,ユアーザワン,牡,6,高野和馬, 60 ,12,9,１, ,芝2770,良,,(美),高橋文雅,3056,-0.9,3,1,1,13.4,488,0,
,"2018. 4.22",福島,1福6,未勝利,未勝利,3,5,アニエーゼ,牝,3,鮫島克駿, 54 ,15,10,１, ,ダ1700,良,,(栗),高橋康之,1475,-0.0,3,3,3,39.3,458,+8,
,"2018. 4.22",福島,1福6,未勝利,未勝利・牝,8,14,ロックザボート,牝,3,川又賢治,51▲,15,9,１, ,芝1800,良,,(栗),高野友和,1496,-0.0,12,11,5,35.6,486,+20,
,"2018. 4.22",福島,1福6,未勝利,未勝利,7,13,エルフィ,牝,3,吉田隼人, 54 ,16,1,１, ,ダ1150,良,,(美),宗像義忠,1098,-0.4,,1,1,37.4,440,0,
,"2018. 4.21",福島,1福5,1000万,花見山特1000,3,4,サウスザスナイパー,牡,4,丸田恭介, 57 ,15,3,１, ,ダ1700,良,,(栗),加用正,1457,-0.4,2,2,2,38.5,534,+4,
,"2018. 4.21",福島,1福5,Ｇ３,福島牝馬G3,6,7,キンショーユキヒメ,牝,5,秋山真一, 54 ,12,7,１, ,芝1800,良,,(栗),中村均,1468,-0.0,9,9,9,35.4,512,0,
,"2018. 4.21",福島,1福5,500万,伏拝特別500,1,2,アドマイヤデライト,牡,5,田辺裕信, 57 ,16,2,１, ,芝1200,良,,(栗),梅田智之,1095,-0.1,,4,2,34.9,524,-8,
,"2018. 4.21",福島,1福5,500万,500万下,4,8,ジャコマル,牡,4,横山武史,54▲,16,5,１, ,芝1800,良,,(栗),松永幹夫,1484,-0.0,3,2,2,36.0,454,-2,
,"2018. 4.21",福島,1福5,500万,500万下・牝,5,10,シュピールカルテ,牝,4,津村明秀, 55 ,16,2,１, ,ダ1150,良,,(美),栗田徹,1095,-0.1,,2,2,37.9,458,-6,
,"2018. 4.21",福島,1福5,未勝利,未勝利,7,13,サクセステーラー,牡,3,和田翼, 56 ,16,4,１, ,芝2000,良,,(栗),石橋守,2029,-0.1,3,4,3,36.4,450,+2,
,"2018. 4.21",福島,1福5,500万,500万下,5,8,セータコローナ,牝,5,秋山真一, 55 ,14,2,１, ,ダ1700,良,,(栗),武幸四郎,1467,-0.3,2,2,1,38.9,488,-10,
,"2018. 4.21",福島,1福5,ｵｰﾌﾟﾝ,障害・オープ,5,6,マイネルピクトル,牡,7,五十嵐雄, 62 ,12,5,１, ,芝3380,良,,(美),青木孝文,3444,-0.2,1,1,1,13.3,504,-14,
,"2018. 4.21",福島,1福5,未勝利,障害未勝利,2,2,クリュティエ,牝,4,山本康志, 57 ,12,5,１, ,芝2770,良,,(美),松山将樹,3034,-0.1,3,2,3,13.2,446,+6,
,"2018. 4.21",福島,1福5,未勝利,未勝利,5,9,ロジペルレスト,牡,3,池添謙一, 56 ,15,1,１, ,ダ1700,良,,(美),大竹正博,1473,-0.7,2,1,1,38.8,510,-4,
,"2018. 4.21",福島,1福5,未勝利,未勝利,2,4,カワキタロマン,牡,3,山田敬士,53▲,16,6,１, ,芝1200,良,,(美),武市康男,1109,-0.1,,10,10,35.1,458,-2,
,"2018. 4.21",福島,1福5,未勝利,未勝利,2,3,サイドストリート,牝,3,勝浦正樹, 54 ,16,1,１, ,ダ1150,良,,(美),伊藤大士,1093,-1.0,,1,1,37.2,466,-6,
,"2018. 4.15",福島,1福4,1000万,奥の細道1000,7,7,マコトガラハッド,セ,5,丸山元気, 57 ,8,6,１, ,芝2600,良,,(栗),鮫島一歩,2439,-0.1,1,1,1,36.4,482,-6,
,"2018. 4.15",福島,1福4,ｵｰﾌﾟﾝ,福島民報Ｈ,5,10,マイネルサージュ,牡,6,津村明秀, 54 ,16,5,１, ,芝2000,良,,(美),鹿戸雄一,2008,-0.0,15,15,10,36.0,506,+4,
,"2018. 4.15",福島,1福4,500万,医王寺特500,1,2,オトコギマサムネ,セ,7,高田潤, 57 ,16,13,１, ,芝1200,良,,(栗),寺島良,1113,-0.0,,9,5,35.6,488,-4,B
,"2018. 4.15",福島,1福4,500万,500万下,1,2,バルコラベーロ,牡,4,川又賢治,54▲,16,3,１, ,ダ1150,良,,(栗),梅田智之,1109,-0.4,,4,4,38.0,488,-2,
,"2018. 4.15",福島,1福4,500万,500万下・若,8,14,キングドラゴン,セ,5,木幡育也,54▲,15,2,１, ,ダ1700,良,,(美),藤沢和雄,1487,-0.0,8,7,5,39.9,532,-10,
,"2018. 4.15",福島,1福4,500万,500万下・牝,2,3,アンネリース,牝,4,黛弘人, 55 ,16,10,１, ,芝1800,稍,,(美),尾関知人,1502,-0.5,3,3,4,36.8,482,+8,
,"2018. 4.15",福島,1福4,未勝利,未勝利,4,7,アークカンパネラ,牡,3,津村明秀, 56 ,15,4,１, ,ダ1700,稍,,(美),矢野英一,1502,-0.2,1,1,1,39.7,468,-8,B
,"2018. 4.15",福島,1福4,未勝利,障害未勝利,4,5,ニシノスマッシュ,牡,4,大江原圭, 59 ,14,13,１, ,芝2750,稍,,(美),根本康広,3068,-0.3,1,2,3,13.6,440,0,
,"2018. 4.15",福島,1福4,未勝利,障害未勝利,2,2,ルー,牡,8,山本康志, 60 ,14,6,１, ,芝2750,稍,,(美),奥村武,3063,-0.1,9,7,6,13.5,460,-12,
,"2018. 4.15",福島,1福4,未勝利,未勝利・牝,3,4,アポロレイア,牝,3,横山武史,51▲,15,1,１, ,ダ1700,稍,,(美),鈴木伸尋,1481,-1.5,1,1,1,38.6,454,-2,
,"2018. 4.15",福島,1福4,未勝利,未勝利,2,3,アイアムヒメ,牝,3,木幡巧也,53☆,16,1,１, ,芝1200,稍,,(美),菊川正達,1118,-0.4,,2,2,36.2,452,+10,
,"2018. 4.15",福島,1福4,未勝利,未勝利,5,10,カポラヴォーロ,牡,3,川須栄彦, 56 ,16,2,１, ,ダ1150,稍,,(美),和田正一,1109,-0.2,,5,4,38.0,490,-2,
,"2018. 4.14",福島,1福3,500万,飯盛山特500,1,1,キングパール,牡,6,津村明秀, 57 ,11,3,１, ,芝2000,良,,(美),田中博康,2027,-0.6,1,1,1,35.7,476,-4,
,"2018. 4.14",福島,1福3,1000万,ラジオ福1000,7,14,ストロベリームーン,牝,4,吉田隼人, 55 ,16,2,１, ,ダ1150,良,,(栗),庄野靖志,1087,-0.0,,6,8,37.2,440,-4,
,"2018. 4.14",福島,1福3,500万,雪うさぎ500*,4,8,ウィズ,牡,3,吉田隼人, 56 ,16,1,１, ,芝1200,良,,(栗),清水久詞,1103,-0.0,,3,2,36.4,466,-10,
,"2018. 4.14",福島,1福3,500万,500万下,2,3,シンコーマーチャン,牡,4,丸山元気, 57 ,15,2,１, ,ダ1700,良,,(美),土田稔,1476,-0.0,1,1,1,38.6,490,+4,B
,"2018. 4.14",福島,1福3,500万,500万下,1,1,クラウンアゲン,牝,5,岩部純二, 55 ,16,4,１, ,芝1200,良,,(美),萱野浩二,1102,-0.3,,9,6,35.7,440,+4,
,"2018. 4.14",福島,1福3,500万,500万下・牝,8,14,サウンドマジック,牝,4,藤田菜七,52▲,15,7,１, ,ダ1700,良,,(美),和田正一,1476,-0.0,1,1,1,38.7,434,-2,
,"2018. 4.14",福島,1福3,未勝利,未勝利・若,3,5,イペルラーニオ,牡,3,山田敬士,53▲,16,4,１, ,芝2000,良,,(栗),矢作芳人,2033,-0.0,6,2,2,36.8,470,-6,
,"2018. 4.14",福島,1福3,未勝利,未勝利,6,11,ニシノキントウン,牡,3,津村明秀, 56 ,16,2,１, ,芝1200,良,,(栗),北出成人,1103,-0.2,,4,4,35.1,452,-4,
,"2018. 4.14",福島,1福3,未勝利,未勝利,1,2,グレンガリー,牡,3,津村明秀, 56 ,16,1,１, ,芝1800,良,,(美),萩原清,1506,-0.2,8,7,7,35.8,438,0,
,"2018. 4.14",福島,1福3,未勝利,未勝利,5,8,マイヨヴェール,牡,3,横山和生, 56 ,15,13,１, ,ダ1700,良,,(栗),飯田祐史,1491,-0.1,6,5,5,38.8,536,0,
,"2018. 4.14",福島,1福3,未勝利,未勝利・牝,7,14,ジュリーハーツ,牝,3,秋山真一, 54 ,16,7,１, ,芝1200,良,,(美),池上昌和,1107,-0.0,,3,3,36.5,468,-6,
,"2018. 4.14",福島,1福3,未勝利,未勝利,4,7,ブラックピクシー,牝,3,城戸義政, 54 ,16,3,１, ,ダ1150,良,,(栗),荒川義之,1092,-0.2,,1,1,37.1,516,-4,
,"2018. 4. 8",福島,1福2,500万,喜多方特500,8,16,トーセンアルバータ,牝,5,黛弘人, 55 ,16,2,１, ,芝1200,良,,(美),古賀史生,1105,-0.1,,2,2,36.1,482,-4,B
,"2018. 4. 8",福島,1福2,1000万,米沢特Ｈ1000,3,4,ローレルリーベ,牡,4,嘉藤貴行, 54 ,15,5,１, ,ダ1700,良,*,(美),奥平雅士,1457,-0.2,4,4,5,38.3,508,-6,
,"2018. 4. 8",福島,1福2,500万,浄土平特500,2,4,ヤマニンリュウセイ,牡,5,丸山元気, 57 ,16,2,１, ,芝2000,良,,(美),栗田博憲,2015,-0.2,3,3,3,36.7,482,+2,
,"2018. 4. 8",福島,1福2,500万,500万下・牝,8,16,スパイチャクラ,牝,5,丸山元気, 55 ,16,1,１, ,芝1200,良,,(栗),西浦勝一,1097,-0.3,,3,2,35.5,462,0,
,"2018. 4. 8",福島,1福2,500万,500万下・若,8,13,ブレーヴブラッド,牡,6,横山武史,54▲,14,4,１, ,ダ1150,良,,(栗),高柳大輔,1099,-0.0,,8,5,37.1,474,+4,
,"2018. 4. 8",福島,1福2,未勝利,未勝利,1,1,デクレアラー,牡,3,川又賢治,53▲,16,1,１, ,芝1800,良,,(栗),鮫島一歩,1499,-0.1,4,4,7,36.7,464,0,
,"2018. 4. 8",福島,1福2,未勝利,未勝利,7,13,サンライズカナロア,牡,3,中井裕二, 56 ,16,4,１, ,ダ1150,良,,(栗),安田隆行,1107,-0.2,,3,3,37.5,460,+8,
,"2018. 4. 8",福島,1福2,未勝利,未勝利・牝,1,1,マルーンエンブレム,牝,3,藤田菜七,51▲,16,5,１, ,芝2000,良,,(美),小島茂之,2034,-0.2,14,11,8,36.0,380,-12,
,"2018. 4. 8",福島,1福2,未勝利,障害未勝利,3,3,パッシングブリーズ,牡,7,難波剛健, 60 ,14,7,１, ,芝2750,良,,(栗),浅見秀一,3042,-0.5,4,3,1,13.4,484,-2,
,"2018. 4. 8",福島,1福2,500万,500万下,4,6,メイショウタカトラ,牡,4,城戸義政, 57 ,15,1,１, ,ダ1700,良,,(栗),荒川義之,1470,-0.6,1,1,1,38.6,488,-4,
,"2018. 4. 8",福島,1福2,未勝利,未勝利,5,10,ディアサルファー,牝,3,宮崎北斗, 54 ,16,3,１, ,芝1200,良,,(美),菊川正達,1110,-0.2,,2,2,35.9,472,-8,
,"2018. 4. 8",福島,1福2,未勝利,未勝利,3,5,クリムズンフラッグ,牡,3,宮崎北斗, 56 ,15,1,１, ,ダ1700,良,,(美),青木孝文,1489,-0.0,3,4,3,38.7,512,-10,
,"2018. 4. 7",福島,1福1,500万,川俣特別500,5,9,タガノガジュマル,牡,5,丸山元気, 57 ,16,7,１, ,芝1800,良,,(栗),本田優,1501,-0.0,14,13,13,36.3,414,-10,
,"2018. 4. 7",福島,1福1,1000万,吾妻小富1000,7,13,エリシェヴァ,牝,5,津村明秀, 55 ,16,5,１, ,芝1200,良,,(栗),角田晃一,1095,-0.2,,7,7,35.8,486,-14,B
,"2018. 4. 7",福島,1福1,500万,ひめさゆ500*,2,2,ロードアクシス,牡,3,酒井学, 56 ,10,1,１, ,芝2000,良,,(栗),奥村豊,2026,-0.0,5,6,3,36.7,450,-2,
,"2018. 4. 7",福島,1福1,500万,500万下,8,15,スフェーン,牡,5,丸山元気, 57 ,16,4,１, ,ダ1150,良,,(美),小西一男,1100,-0.2,,10,12,37.6,454,-12,
,"2018. 4. 7",福島,1福1,未勝利,未勝利,6,12,ノチェブランカ,牝,3,丸山元気, 54 ,16,11,１, ,芝2600,良,,(美),国枝栄,2436,-0.4,5,2,1,36.6,432,-10,
,"2018. 4. 7",福島,1福1,未勝利,未勝利・牝,7,13,コケット,牝,3,津村明秀, 54 ,16,1,１, ,ダ1150,良,,(美),竹内正洋,1105,-0.1,,1,1,38.5,496,-8,
,"2018. 4. 7",福島,1福1,500万,500万下・若,6,8,ダンツチェック,牝,5,森裕太朗,53△,13,3,１, ,ダ1700,良,,(栗),山内研二,1470,-0.0,12,7,5,38.0,508,-6,
,"2018. 4. 7",福島,1福1,ｵｰﾌﾟﾝ,障害・オープ,7,12,ミュートエアー,牡,5,五十嵐雄, 60 ,14,1,１, ,芝2750,良,,(美),岩戸孝樹,3013,-1.7,2,2,1,13.2,458,-2,
,"2018. 4. 7",福島,1福1,未勝利,障害未勝利,7,11,サーストンコラルド,牡,7,北沢伸也, 60 ,14,2,１, ,芝2750,良,,(栗),橋田満,3034,-1.9,6,1,1,13.3,468,+6,
,"2018. 4. 7",福島,1福1,500万,500万下・牝,6,9,メイショウナゴミ,牝,6,菊沢一樹,52▲,14,5,１, ,ダ1700,良,,(栗),南井克巳,1478,-0.1,10,11,7,38.7,456,+2,
,"2018. 4. 7",福島,1福1,未勝利,未勝利,1,1,カスタネアエメ,牡,3,富田暁,53▲,16,8,１, ,芝1200,良,,(栗),角田晃一,1105,-0.2,,4,3,35.8,476,,
,"2018. 4. 7",福島,1福1,未勝利,未勝利,6,11,テーオールチア,牝,3,川又賢治,51▲,15,5,１, ,ダ1700,良,,(栗),奥村豊,1488,-0.6,2,2,1,39.5,476,-4,
,2017.11.19,福島,3福6,500万,飯坂温泉500,2,3,スナークスカイ,牡,4,鮫島克駿, 57 ,16,5,１, ,芝1200,良,,(栗),川村禎彦,1097,-0.0,,4,3,34.5,444,-4,
,2017.11.19,福島,3福6,ｵｰﾌﾟﾝ,福島民友,8,14,ディアデルレイ,牡,6,勝浦正樹, 57 ,14,2,１, ,ダ1700,良,,(美),牧光二,1451,-0.3,5,2,2,37.4,498,-8,B
,2017.11.19,福島,3福6,500万,土湯温泉500,4,8,キューンハイト,牝,3,丹内祐次, 53 ,16,6,１, ,芝1800,良,,(美),宗像義忠,1491,-0.2,10,9,10,35.8,418,-6,
,2017.11.19,福島,3福6,500万,500万下,6,12,ジョイフル,牡,3,木幡巧也,55☆,16,1,１, ,芝1200,良,,(美),小島太,1096,-0.2,,2,2,34.7,504,-2,
,2017.11.19,福島,3福6,500万,500万下,5,9,ショウナンカイドウ,牡,4,藤懸貴志, 57 ,16,5,１, ,ダ1150,良,,(栗),高野友和,1084,-0.5,,1,1,37.0,530,+8,B
,2017.11.19,福島,3福6,500万,500万下,2,3,ミルトプレスト,牡,3,吉田隼人, 55 ,16,4,１, ,芝2600,良,,(美),佐藤吉勝,2400,-0.0,2,1,1,36.1,512,+6,
,2017.11.19,福島,3福6,500万,500万下・若,7,13,フィルムフランセ,牝,3,横山武史,50▲,15,1,１, ,ダ1700,良,,(栗),牧浦充徳,1473,-0.0,4,4,3,37.8,484,0,
,2017.11.19,福島,3福6,未勝利,障害未勝利,2,2,エアカーディナル,牡,6,高田潤, 60 ,14,3,１, ,芝2770,良,,(栗),笹田和秀,3013,-0.0,6,7,6,13.1,490,-4,
,2017.11.19,福島,3福6,未勝利,障害未勝利,1,1,マイネルヴォーダン,牡,5,山本康志, 60 ,14,6,１, ,芝2770,良,,(美),伊藤圭三,3025,-0.7,1,1,1,13.2,518,0,
,2017.11.19,福島,3福6,500万,500万下・牝,5,9,ペイシャオブワキア,牝,3,吉田隼人, 53 ,15,6,１, ,ダ1700,良,,(美),蛯名利弘,1470,-0.0,3,4,3,39.3,442,-14,
,2017.11.19,福島,3福6,500万,500万下,7,11,シフォンカール,牝,4,菊沢一樹,52▲,14,10,１, ,ダ2400,良,,(美),奥平雅士,2354,-0.2,8,6,4,40.1,438,-10,
,2017.11.19,福島,3福6,未勝利,未勝利*,4,6,シゲルホウレンソウ,牡,2,勝浦正樹, 55 ,15,1,１, ,ダ1700,良,,(栗),五十嵐忠,1478,-0.1,1,1,1,40.0,490,-4,
,2017.11.18,福島,3福5,500万,高湯温泉500,3,6,メイショウフェイク,牡,5,菱田裕二, 57 ,16,3,１, ,芝2000,良,,(美),奥平雅士,2007,-0.3,2,2,1,35.3,500,-2,
,2017.11.18,福島,3福5,1000万,フルーＨ1000,7,13,メイショウキトラ,牡,6,鮫島良太, 53 ,16,9,１, ,芝2600,良,,(栗),牧浦充徳,2405,-0.0,14,11,7,35.1,490,-2,
,2017.11.18,福島,3福5,500万,伊達特別500,6,10,サウスザスナイパー,牡,3,菊沢一樹, 55 ,15,2,１, ,ダ1700,良,,(栗),加用正,1460,-0.1,2,2,2,37.7,524,-4,
,2017.11.18,福島,3福5,500万,500万下,3,5,ロジベスト,牡,3,吉田隼人, 56 ,16,5,１, ,芝1200,良,,(美),古賀慎明,1093,-0.0,,2,2,35.0,494,+14,
,2017.11.18,福島,3福5,500万,500万下・若,4,7,シャンティローザ,牝,3,鮫島克駿,52☆,16,7,１, ,芝1800,良,*,(栗),松永幹夫,1473,-0.1,7,8,8,35.1,456,0,
,2017.11.18,福島,3福5,500万,500万下・牝,6,11,ジョンブリアン,牝,4,津村明秀, 55 ,16,2,１, ,芝1200,良,,(美),高柳瑞樹,1095,-0.1,,9,8,34.8,464,-2,
,2017.11.18,福島,3福5,500万,500万下,7,14,ラピッドライズ,牝,4,井上敏樹,54☆,16,3,１, ,ダ1150,良,,(美),斎藤誠,1090,-0.3,,1,1,36.7,492,+2,
,2017.11.18,福島,3福5,新馬,新馬,6,6,ロサグラウカ,牝,2,石橋脩, 54 ,11,1,１, ,芝2000,良,,(美),尾関知人,2059,-0.2,4,4,2,35.3,440,,
,2017.11.18,福島,3福5,未勝利,未勝利*,3,5,トーセンクリーガー,牡,2,横山和生, 55 ,16,1,１, ,芝1800,良,,(美),小野次郎,1493,-0.3,2,2,2,36.1,480,+6,
,2017.11.18,福島,3福5,未勝利,未勝利・牝*,5,10,ココロストライク,牝,2,丹内祐次, 54 ,16,5,１, ,芝1200,良,,(美),牧光二,1100,-0.1,,4,3,35.3,450,-6,
,2017.11.18,福島,3福5,500万,500万下,5,8,イェドプリオル,牡,5,中谷雄太, 57 ,15,7,１, ,ダ1700,良,,(栗),高橋康之,1469,-0.0,2,4,3,37.9,518,-8,
,2017.11.18,福島,3福5,未勝利,未勝利*,3,5,サンドクイーン,牝,2,菱田裕二, 54 ,16,4,１, ,ダ1150,良,,(栗),岡田稲男,1102,-0.0,,1,1,38.1,494,-10,
,2017.11.12,福島,3福4,500万,二本松特500,5,8,オブリゲーション,牡,4,シュタル, 57 ,14,4,１, ,芝1800,良,,(栗),奥村豊,1473,-0.2,6,6,3,35.5,458,-6,
,2017.11.12,福島,3福4,Ｇ３,福島記念ＨG3,2,3,ウインブライト,牡,3,松岡正海, 54 ,16,2,１, ,芝2000,良,,(美),畠山吉宏,2002,-0.0,3,2,2,35.3,470,+2,
,2017.11.12,福島,3福4,ｵｰﾌﾟﾝ,福島２歳,5,6,アンヴァル,牝,2,北村友一, 55 ,13,1,１, ,芝1200,良,,(栗),藤岡健一,1090,-0.4,,3,3,35.5,446,-6,
,2017.11.12,福島,3福4,500万,500万下,2,4,メイショウオルソ,牡,4,北村友一, 57 ,16,1,１, ,ダ1150,良,,(栗),松永昌博,1084,-0.2,,2,2,37.0,514,-2,
,2017.11.12,福島,3福4,500万,500万下,2,4,ダイワプロパー,牝,5,北村宏司, 55 ,16,7,１, ,芝1200,良,,(美),池上昌和,1098,-0.1,,2,2,34.9,486,-10,B
,2017.11.12,福島,3福4,500万,500万下・牝,4,8,イタリアンホワイト,牝,3,戸崎圭太, 53 ,16,1,１, ,芝2000,良,,(美),相沢郁,1598,-0.7,8,2,2,35.2,504,+2,
,2017.11.12,福島,3福4,500万,500万下,4,6,レオイノセント,牡,4,戸崎圭太, 57 ,15,7,１, ,ダ1700,良,,(美),牧光二,1464,-0.1,1,1,1,38.8,504,-2,B
,2017.11.12,福島,3福4,未勝利,障害未勝利,4,4,ジュールドトネール,牡,7,小野寺祐, 60 ,10,1,１, ,芝2750,良,,(美),宗像義忠,3021,-1.2,8,4,3,13.2,496,-6,
,2017.11.12,福島,3福4,未勝利,障害未勝利,3,3,コスモアルヘナ,牡,5,石神深一, 60 ,12,1,１, ,芝2750,良,,(美),池上昌弘,3026,-1.0,1,1,1,13.3,482,-4,
,2017.11.12,福島,3福4,500万,500万下,1,1,ナンヨープルートー,牡,3,北村友一, 55 ,15,4,１, ,ダ1700,良,,(栗),松永幹夫,1463,-0.1,11,10,8,37.3,498,-16,
,2017.11.12,福島,3福4,500万,500万下・牝,2,3,シトロプシス,牝,4,藤田菜七,52▲,15,5,１, ,ダ1700,良,,(美),畠山吉宏,1468,-0.0,13,10,10,37.4,468,-6,
,2017.11.12,福島,3福4,未勝利,未勝利*,1,2,ガウル,牡,2,加藤祥太,54☆,16,2,１, ,ダ1150,良,,(栗),庄野靖志,1102,-0.4,,1,1,38.2,480,+12,
,2017.11.11,福島,3福3,500万,相馬特別500,2,3,サダムリスペクト,牡,5,石橋脩, 57 ,15,5,１, ,芝1200,良,,(栗),中尾秀正,1095,-0.0,,14,14,34.1,474,+6,
,2017.11.11,福島,3福3,1000万,福島放送1000,2,2,ショートストーリー,牡,4,加藤祥太, 57 ,15,4,１, ,ダ1700,良,,(栗),吉村圭司,1459,-0.2,10,7,5,36.9,488,0,
,2017.11.11,福島,3福3,500万,三春駒特500,5,8,ジャーミネイト,牡,3,石橋脩, 55 ,14,2,１, ,芝2000,良,,(栗),中尾秀正,2000,-0.1,5,6,4,35.7,464,+4,
,2017.11.11,福島,3福3,500万,500万下,3,6,ブレイヴバローズ,牡,3,菱田裕二, 56 ,16,1,１, ,ダ1150,良,,(栗),角田晃一,1083,-0.6,,3,5,36.6,470,+6,
,2017.11.11,福島,3福3,500万,500万下・若,1,2,ウィズアットレース,牝,5,井上敏樹,54☆,16,3,１, ,芝1200,良,,(美),池上昌弘,1097,-0.3,,1,1,35.6,426,+2,
,2017.11.11,福島,3福3,500万,500万下,7,10,ジャポニカーラ,牝,5,石橋脩, 55 ,13,3,１, ,芝2600,良,*,(美),勢司和浩,2412,-0.1,4,3,2,36.9,408,0,
,2017.11.11,福島,3福3,500万,500万下,7,13,ポップシンガー,牝,3,津村明秀, 54 ,16,2,１, ,ダ1150,良,,(美),鈴木伸尋,1086,-0.3,,4,3,36.8,456,+8,
,2017.11.11,福島,3福3,新馬,新馬,4,7,サブリナ,牝,2,丸山元気, 54 ,16,10,１, ,芝1200,良,,(美),根本康広,1111,-0.2,,7,3,35.7,438,,
,2017.11.11,福島,3福3,未勝利,未勝利*,7,13,ワタシヲマッテル,牝,2,丸山元気, 54 ,16,7,１, ,芝2000,良,,(美),粕谷昌央,2024,-0.1,2,2,2,36.4,456,-4,
,2017.11.11,福島,3福3,未勝利,未勝利*,4,8,ベルウッドキング,牡,2,黛弘人, 55 ,16,1,１, ,芝1200,良,,(美),和田雄二,1104,-0.0,,10,7,35.6,436,+4,
,2017.11.11,福島,3福3,500万,500万下,8,15,プレゼンス,牡,3,勝浦正樹, 55 ,15,5,１, ,ダ1700,良,,(美),尾形充弘,1475,-0.1,8,5,4,38.2,488,-4,B
,2017.11.11,福島,3福3,未勝利,未勝利*,5,9,ブロンズケイ,牡,2,菱田裕二, 55 ,15,2,１, ,ダ1700,良,,(栗),角田晃一,1484,-1.1,3,2,2,39.4,492,+4,
,"2017.11. 4",福島,3福2,500万,500万下,4,7,エッシャー,セ,3,川又賢治,53▲,15,2,１, ,ダ1150,稍,,(栗),中竹和也,1086,-0.3,,1,1,36.8,472,+2,
,"2017.11. 4",福島,3福2,1600万,みちのく1600,4,7,ユキノアイオロス,セ,9,秋山真一, 57 ,16,9,１, ,芝1200,良,,(美),和田正道,1090,-0.0,,11,11,34.7,484,+4,
,"2017.11. 4",福島,3福2,500万,会津特別500,4,6,ショウナンアエラ,牡,3,吉田隼人, 56 ,15,1,１, ,芝1200,良,,(美),奥村武,1091,-0.0,,2,2,35.0,474,-4,
,"2017.11. 4",福島,3福2,500万,きんもく500*,3,3,レーツェル,牝,2,北村宏司, 54 ,7,1,１, ,芝1800,良,,(美),伊藤大士,1518,-0.0,3,2,2,34.4,474,0,
,"2017.11. 4",福島,3福2,500万,500万下,8,15,メイスンスパート,牡,4,津村明秀, 57 ,15,1,１, ,ダ1700,稍,,(美),岩戸孝樹,1465,-0.3,3,2,2,37.4,466,+6,B
,"2017.11. 4",福島,3福2,500万,500万下・若,1,1,ビービーブレスユー,牡,4,川又賢治,54▲,15,1,１, ,芝2000,良,,(栗),加用正,2001,-0.2,5,3,2,36.4,508,+2,
,"2017.11. 4",福島,3福2,500万,500万下・牝,1,1,ウォークロニクル,牝,5,北村宏司, 55 ,16,1,１, ,芝1200,良,,(美),鹿戸雄一,1098,-0.1,,15,16,34.3,470,+4,
,"2017.11. 4",福島,3福2,新馬,新馬,7,13,レナータ,牝,2,岩田康誠, 54 ,15,1,１, ,ダ1700,稍,,(栗),小崎憲,1504,-0.0,3,1,2,38.2,442,,
,"2017.11. 4",福島,3福2,未勝利,障害未勝利,2,2,ヤマタケジャイアン,セ,4,小野寺祐, 60 ,13,9,１, ,芝2750,良,,(美),萱野浩二,3030,-0.0,8,6,6,13.3,466,-6,
,"2017.11. 4",福島,3福2,500万,500万下・牝,6,11,パイルーチェ,牝,3,津村明秀, 53 ,15,2,１, ,ダ1700,稍,,(美),鈴木伸尋,1467,-0.2,9,8,5,38.6,468,+14,B
,"2017.11. 4",福島,3福2,未勝利,未勝利*,3,4,プタハ,牡,2,岩田康誠, 55 ,15,1,１, ,芝1800,良,,(美),斎藤誠,1495,-0.2,1,1,1,36.1,524,-2,B
,"2017.11. 4",福島,3福2,未勝利,未勝利*,7,13,スリーチェイサー,牡,2,吉田隼人, 55 ,16,1,１, ,ダ1150,稍,,(美),伊藤圭三,1093,-0.2,,2,2,37.3,468,+4,
,"2017.11. 3",福島,3福1,500万,500万下,5,7,シルバーストーン,牡,3,丸田恭介, 56 ,13,2,１, ,ダ1150,稍,,(美),石栗龍彦,1084,-0.2,,6,4,36.4,492,-4,
,"2017.11. 3",福島,3福1,1000万,河北新Ｈ1000,1,1,ラホーヤビーチ,牝,5,横山武史, 52 ,16,8,１, ,芝1200,良,,(美),伊藤正徳,1085,-0.2,,4,4,35.1,460,-10,
,"2017.11. 3",福島,3福1,500万,西郷特別500,2,3,フィアーノロマーノ,牡,3,北村友一, 53 ,16,6,１, ,芝1800,良,,(栗),高野友和,1470,-0.0,3,3,2,35.4,528,+6,
,"2017.11. 3",福島,3福1,500万,磐梯山特500,2,2,レッドジェノヴァ,牝,3,戸崎圭太, 53 ,11,1,１, ,芝2600,良,*,(美),小島茂之,2386,-0.3,3,5,2,35.4,486,-8,
,"2017.11. 3",福島,3福1,500万,500万下・牝,2,2,モズワッショイ,牝,4,横山武史,52▲,14,3,１, ,ダ1150,稍,,(栗),牧浦充徳,1082,-0.1,,1,1,36.0,414,+2,
,"2017.11. 3",福島,3福1,500万,500万下,6,12,ゲンパチケンシン,牡,3,坂井瑠星,55☆,16,2,１, ,芝1200,良,,(栗),加用正,1080,-0.2,,1,1,34.5,462,0,
,"2017.11. 3",福島,3福1,500万,500万下・若,3,4,レコンキスタ,牡,3,井上敏樹,54☆,15,6,１, ,ダ1700,稍,,(美),斎藤誠,1463,-0.4,5,3,2,39.7,494,0,B
,"2017.11. 3",福島,3福1,未勝利,障害未勝利,5,5,カシノカーム,牡,6,小野寺祐, 60 ,10,6,１, ,芝2750,良,,(美),和田雄二,3006,-0.6,1,1,1,13.1,476,-6,
,"2017.11. 3",福島,3福1,ｵｰﾌﾟﾝ,障害・オープ,4,6,アドマイヤフォルム,牡,4,北沢伸也, 60 ,14,12,１, ,芝3350,良,,(栗),中尾秀正,3421,-0.5,3,1,1,13.3,480,+6,
,"2017.11. 3",福島,3福1,500万,500万下,5,6,トーホウリーガル,牡,4,吉田豊, 57 ,13,5,１, ,ダ1700,稍,,(美),古賀史生,1467,-0.3,6,9,8,37.6,526,+4,
,"2017.11. 3",福島,3福1,未勝利,未勝利*,5,10,カシノクオーレ,牝,2,木幡育也,51▲,16,8,１, ,芝1200,良,,(美),天間昭一,1103,-0.1,,2,2,35.4,452,+4,
,"2017.11. 3",福島,3福1,未勝利,未勝利・牝*,4,5,ディーズフェイク,牝,2,勝浦正樹, 54 ,13,1,１, ,ダ1700,稍,,(美),藤原辰雄,1495,-0.3,1,1,1,39.7,460,-2,
,"2017. 7.23",福島,2福8,500万,500万下,1,2,サレンティーナ,牡,3,戸崎圭太, 54 ,16,3,１, ,芝1200,良,,(美),萩原清,1094,-0.4,,5,5,34.1,468,-6,
,"2017. 7.23",福島,2福8,ｵｰﾌﾟﾝ,福島テレ,7,7,マウントロブソン,牡,4,石橋脩, 56 ,7,2,１, ,芝1800,良,,(美),堀宣行,1476,-0.1,3,3,3,34.0,496,+18,
,"2017. 7.23",福島,2福8,1000万,横手特別1000,3,4,エイシンビジョン,牡,4,石橋脩, 57 ,15,3,１, ,ダ1700,良,,(栗),藤原英昭,1459,-0.2,3,5,3,37.1,470,0,
,"2017. 7.23",福島,2福8,500万,栗子特別500,7,12,ゴールドスミス,牡,3,大野拓弥, 54 ,15,4,１, ,芝1800,良,,(美),二ノ宮敬,1477,-0.0,11,8,8,35.6,524,0,
,"2017. 7.23",福島,2福8,500万,500万下・牝,8,15,バンパークロップ,牝,3,村田一誠, 52 ,15,3,１, ,ダ1700,良,,(美),藤原辰雄,1465,-0.2,12,7,7,37.9,424,-10,
,"2017. 7.23",福島,2福8,未勝利,未勝利,3,5,モクレレ,牡,3,内田博幸, 56 ,16,1,１, ,芝2000,良,,(美),国枝栄,2015,-0.2,4,1,1,36.8,488,-10,
,"2017. 7.23",福島,2福8,未勝利,未勝利,7,13,ステイウィズアンナ,牝,3,田中勝春, 54 ,16,12,１, ,芝1200,良,,(美),大江原哲,1104,-0.2,,7,6,34.8,398,-4,
,"2017. 7.23",福島,2福8,新馬,新馬,7,9,スターリバー,牝,2,大野拓弥, 54 ,12,5,１, ,芝2000,良,,(美),萱野浩二,2049,-0.0,2,1,1,35.7,442,,
,"2017. 7.23",福島,2福8,未勝利,未勝利,6,9,レコンキスタ,牡,3,戸崎圭太, 56 ,14,1,１, ,ダ1700,良,,(美),斎藤誠,1492,-0.7,1,1,1,39.1,496,+10,B
,"2017. 7.23",福島,2福8,未勝利,未勝利,6,12,ロックンルージュ,牝,3,柴田善臣, 54 ,16,1,１, ,ダ1150,良,,(美),中川公成,1109,-0.0,,8,8,38.2,490,+6,
,"2017. 7.23",福島,2福8,未勝利,未勝利*,3,3,トッカータ,牡,2,柴田大知, 54 ,11,1,１, ,芝1800,良,,(美),和田雄二,1514,-0.0,3,4,4,35.9,456,+2,
,"2017. 7.23",福島,2福8,未勝利,未勝利*,3,3,ソイルトゥザソウル,牡,2,田中勝春, 54 ,13,5,１, ,芝1200,良,,(美),高市圭二,1111,-0.2,,11,9,34.8,428,-4,
,"2017. 7.22",福島,2福7,500万,500万下,2,3,ドウカンヤマ,牡,4,武藤雅,54▲,16,2,１, ,ダ1150,良,,(美),高木登,1080,-0.7,,1,1,36.9,500,0,
,"2017. 7.22",福島,2福7,1000万,白河特Ｈ1000,4,4,テンテマリ,牝,6,戸崎圭太, 52 ,12,5,１, ,芝1200,良,,(美),柄崎孝,1090,-0.2,,11,10,33.5,442,+2,
,"2017. 7.22",福島,2福7,1000万,いわき特1000,5,5,コスモナインボール,牡,5,柴田大知, 57 ,10,5,１, ,芝1800,良,,(美),和田雄二,1485,-0.0,2,2,2,34.5,478,-6,
,"2017. 7.22",福島,2福7,500万,三陸特別500,7,12,ワンパーセント,牡,4,菅原隆一, 57 ,15,4,１, ,ダ1700,良,,(美),中川公成,1459,-0.0,5,3,5,37.5,472,-10,
,"2017. 7.22",福島,2福7,500万,500万下,8,14,コスモジャーベ,牡,4,柴田大知, 57 ,14,2,１, ,芝2600,良,,(美),和田雄二,2402,-0.1,13,9,4,35.6,470,0,
,"2017. 7.22",福島,2福7,未勝利,未勝利,4,7,ロマンスマジック,牝,3,岩部純二, 54 ,16,9,１, ,ダ1150,良,,(美),奥平雅士,1100,-0.0,,6,5,37.9,446,0,
,"2017. 7.22",福島,2福7,新馬,新馬,7,13,ラインギャラント,牝,2,戸崎圭太, 54 ,16,4,１, ,芝1200,良,,(美),水野貴広,1110,-0.0,,8,7,34.9,438,,
,"2017. 7.22",福島,2福7,新馬,新馬・牝,6,10,ナスノシンフォニー,牝,2,木幡巧也,53☆,14,2,１, ,芝1800,良,,(美),武井亮,1528,-0.0,11,7,5,34.3,456,,
,"2017. 7.22",福島,2福7,ｵｰﾌﾟﾝ,障害・オープ,1,1,コンコード,牡,5,石神深一, 61 ,9,2,１, ,芝3380,良,,(美),武井亮,3435,-1.1,2,1,1,13.2,520,-8,
,"2017. 7.22",福島,2福7,未勝利,未勝利,7,13,ディライトラッシュ,牡,3,北村宏司, 56 ,15,10,１, ,ダ1700,良,,(美),堀井雅広,1469,-0.2,1,1,1,38.9,492,-4,B
,"2017. 7.22",福島,2福7,未勝利,未勝利・牝,5,8,ハナサキ,牝,3,菊沢一樹,51▲,15,2,１, ,ダ1700,良,,(美),小野次郎,1474,-0.3,1,1,1,38.8,458,-8,
,"2017. 7.22",福島,2福7,未勝利,障害未勝利,7,10,スプレーモゲレイロ,牡,4,植野貴也, 60 ,12,6,１, ,芝2770,良,,(栗),佐藤正雄,3030,-0.2,7,3,3,13.2,462,+2,
,"2017. 7.16",福島,2福6,500万,500万下,5,9,ハヤブサプリプリ,牝,4,菊沢一樹,52▲,15,7,１, ,ダ1700,良,,(美),藤原辰雄,1463,-0.1,5,5,4,38.4,462,-2,
,"2017. 7.16",福島,2福6,ｵｰﾌﾟﾝ,バーデンＨ,7,7,フミノムーン,牡,5,戸崎圭太, 55 ,9,1,１, ,芝1200,良,*,(栗),西浦勝一,1090,-0.0,,3,4,34.3,452,-12,
,"2017. 7.16",福島,2福6,1000万,鶴ヶ城特1000,3,5,ウインオスカー,牡,4,菱田裕二, 57 ,16,1,１, ,ダ1150,良,,(栗),飯田雄三,1095,-0.0,,7,6,36.2,514,+8,B
,"2017. 7.16",福島,2福6,500万,種市特別500,4,7,ビートマッチ,牝,3,戸崎圭太, 52 ,15,2,１, ,芝2000,良,,(美),萩原清,1590,-0.8,3,2,1,35.3,532,-4,
,"2017. 7.16",福島,2福6,500万,500万下・牝,6,10,タケショウベスト,牝,3,大野拓弥, 52 ,15,1,１, ,芝1200,良,,(美),田中清隆,1091,-0.2,,4,3,34.5,458,+14,
,"2017. 7.16",福島,2福6,未勝利,未勝利,1,1,フレスコパスト,牝,3,武藤雅,51▲,14,2,１, ,芝2600,良,,(美),中野栄治,2424,-0.6,7,5,4,35.5,404,+4,
,"2017. 7.16",福島,2福6,未勝利,未勝利,7,12,タイセイエピローグ,牡,3,戸崎圭太, 56 ,15,1,１, ,ダ1700,良,,(美),池上昌弘,1487,-0.0,7,3,3,38.9,472,+2,
,"2017. 7.16",福島,2福6,新馬,新馬,3,4,ノームコア,牝,2,石川裕紀, 54 ,15,3,１, ,芝1800,良,,(美),萩原清,1491,-0.6,2,2,1,37.0,436,,
,"2017. 7.16",福島,2福6,未勝利,障害未勝利,8,10,シャイニーサンダー,牡,4,浜野谷憲, 60 ,11,1,１, ,芝2770,良,,(美),伊藤伸一,3030,-0.1,4,4,2,13.2,486,0,
,"2017. 7.16",福島,2福6,未勝利,未勝利・牝,6,10,レッドエレノア,牝,3,北村宏司, 54 ,15,2,１, ,ダ1700,良,,(美),木村哲也,1472,-0.3,2,1,1,38.5,528,+6,B
,"2017. 7.16",福島,2福6,未勝利,未勝利,5,9,ベイビーステップ,牡,3,武藤雅,53▲,16,4,１, ,芝1800,良,,(美),菊川正達,1488,-0.0,3,3,3,35.1,480,+2,
,"2017. 7.16",福島,2福6,未勝利,未勝利*,8,11,ジスモンダ,牝,2,岩部純二, 54 ,12,3,１, ,芝1200,良,*,(美),谷原義明,1104,-0.2,,2,1,35.3,464,-8,
,"2017. 7.15",福島,2福5,500万,500万下,6,12,シャララ,牝,4,内田博幸, 55 ,16,5,１, ,芝1800,良,,(美),上原博之,1469,-0.3,2,2,1,35.5,484,-4,
,"2017. 7.15",福島,2福5,1600万,安達太良1600,5,8,コスモカナディアン,牡,4,柴田大知, 57 ,15,2,１, ,ダ1700,良,,(美),金成貴史,1455,-0.0,7,5,4,37.8,474,-6,
,"2017. 7.15",福島,2福5,1000万,信夫山Ｈ1000,3,3,デルマサリーチャン,牝,6,武士沢友, 51 ,10,8,１, ,芝2600,良,,(美),堀井雅広,2396,-0.1,10,7,6,35.1,488,-2,
,"2017. 7.15",福島,2福5,500万,郡山特別500,8,14,クリーンファンキー,牝,4,津村明秀, 55 ,14,1,１, ,芝1200,良,,(美),鈴木伸尋,1092,-0.1,,2,2,34.6,490,+4,
,"2017. 7.15",福島,2福5,500万,500万下・牝,1,1,ピントゥリッキオ,牝,4,大野拓弥, 55 ,15,5,１, ,ダ1700,良,,(美),池上昌和,1467,-0.3,14,8,5,38.2,462,+8,
,"2017. 7.15",福島,2福5,未勝利,未勝利,2,3,アントレーン,牝,3,野中悠太,51▲,16,6,１, ,芝1200,良,,(美),浅野洋一,1093,-0.1,,5,4,34.8,430,-2,
,"2017. 7.15",福島,2福5,新馬,新馬,8,13,ココロノイコロ,牡,2,北村宏司, 54 ,14,4,１, ,ダ1150,良,*,(美),高橋祥泰,1107,-0.2,,2,2,38.1,416,,
,"2017. 7.15",福島,2福5,新馬,新馬,5,5,オジョーノキセキ,牝,2,北村宏司, 54 ,11,3,１, ,芝1200,良,,(美),伊藤大士,1104,-0.1,,1,1,34.5,494,,
,"2017. 7.15",福島,2福5,未勝利,未勝利・牝,7,13,ガジュマル,牝,3,北村宏司, 54 ,15,3,１, ,芝2000,良,,(美),伊藤大士,2010,-0.1,8,7,6,35.2,472,+2,
,"2017. 7.15",福島,2福5,未勝利,未勝利,2,3,オウケンスターダム,牡,3,北村宏司, 56 ,15,3,１, ,ダ1700,良,,(美),国枝栄,1478,-0.1,5,4,3,38.4,474,+4,
,"2017. 7.15",福島,2福5,未勝利,未勝利,2,3,タイセイスマッシュ,牝,3,柴田大知, 54 ,16,2,１, ,ダ1150,良,,(美),池上昌弘,1094,-0.1,,5,5,37.2,426,-10,
,"2017. 7.15",福島,2福5,未勝利,未勝利*,5,8,ニシノベースマン,牡,2,戸崎圭太, 54 ,15,1,１, ,芝1800,良,,(栗),森秀行,1508,-0.5,12,11,6,34.7,424,-6,
,"2017. 7. 9",福島,2福4,500万,彦星賞500,8,13,ブラックバード,セ,5,戸崎圭太, 57 ,14,5,１, ,芝1200,良,,(美),武市康男,1087,-0.2,,2,2,35.4,456,-10,
,"2017. 7. 9",福島,2福4,Ｇ３,七夕賞ＨG3,6,8,ゼーヴィント,牡,4,戸崎圭太, 57 ,12,1,１, ,芝2000,良,,(美),木村哲也,1582,-0.1,7,5,3,36.1,488,-4,
,"2017. 7. 9",福島,2福4,1000万,天の川賞1000,5,5,スルターナ,牝,5,横山典弘, 55 ,10,1,１, ,ダ1700,良,,(栗),昆貢,1477,-0.3,10,4,4,37.1,490,+8,
,"2017. 7. 9",福島,2福4,500万,織姫賞500,1,1,コパノマリーン,牝,4,戸崎圭太, 55 ,12,1,１, ,芝2000,良,,(美),斎藤誠,1588,-0.5,1,1,1,36.2,458,+16,
,"2017. 7. 9",福島,2福4,500万,500万下,8,14,ポッドクヒオ,牝,4,津村明秀, 55 ,15,1,１, ,ダ1700,良,,(美),武藤善則,1471,-0.6,9,4,4,38.7,450,+4,
,"2017. 7. 9",福島,2福4,未勝利,未勝利,4,8,シンボリジュネス,牝,3,木幡巧也,53☆,16,9,１, ,芝2000,良,*,(美),菊川正達,2004,-0.2,14,4,2,36.1,468,+2,
,"2017. 7. 9",福島,2福4,新馬,新馬,3,3,ナムラストロベリー,牝,2,津村明秀, 54 ,10,3,１, ,芝1200,良,*,(美),谷原義明,1128,-0.1,,2,2,36.1,432,,
,"2017. 7. 9",福島,2福4,新馬,新馬,6,10,グランデウィーク,牡,2,戸崎圭太, 54 ,15,1,１, ,芝1800,良,,(美),畠山吉宏,1512,-0.0,10,7,3,36.2,498,,
,"2017. 7. 9",福島,2福4,未勝利,未勝利,1,1,プロムナード,牡,3,北村宏司, 56 ,15,4,１, ,ダ1700,良,,(美),木村哲也,1480,-0.0,1,1,1,39.9,504,+4,B
,"2017. 7. 9",福島,2福4,未勝利,未勝利・牝,7,13,ラグナアズーラ,牝,3,戸崎圭太, 54 ,16,1,１, ,芝1800,良,,(美),武市康男,1501,-0.1,2,2,2,35.5,446,+4,
,"2017. 7. 9",福島,2福4,未勝利,未勝利*,7,8,ビリーバー,牝,2,岩部純二, 54 ,11,2,１, ,芝1200,良,,(美),石毛善彦,1095,-0.1,,1,1,35.2,440,+4,
,"2017. 7. 9",福島,2福4,未勝利,未勝利*,6,9,コスモジョーカー,牡,2,津村明秀, 54 ,14,1,１, ,ダ1150,良,,(美),和田雄二,1104,-0.4,,3,2,37.7,460,+2,
,"2017. 7. 8",福島,2福3,500万,500万下,5,9,シベリウス,牡,4,村田一誠, 57 ,15,3,１, ,ダ1700,良,,(美),藤原辰雄,1461,-0.5,6,5,4,38.2,458,-4,B
,"2017. 7. 8",福島,2福3,1600万,阿武隈Ｈ1600,4,4,ワンブレスアウェイ,牝,4,戸崎圭太,55.5,9,1,１, ,芝1800,良,,(美),古賀慎明,1472,-0.1,3,3,2,34.4,478,-4,
,"2017. 7. 8",福島,2福3,1000万,松島特別1000,1,1,ゲッカコウ,牝,4,柴田大知, 55 ,9,3,１, ,芝2000,良,,(美),高橋義博,2006,-0.1,5,4,4,34.1,464,-16,
,"2017. 7. 8",福島,2福3,500万,開成山特500,8,10,ステイブラビッシモ,牡,4,戸崎圭太, 57 ,10,1,１, ,芝2600,良,,(美),久保田貴,2412,-0.0,5,2,1,34.8,462,+4,
,"2017. 7. 8",福島,2福3,500万,500万下,1,1,リンガスウーノ,牝,4,内田博幸, 55 ,16,3,１, ,ダ1150,良,,(美),高橋祥泰,1089,-0.3,,5,5,36.9,482,-2,
,"2017. 7. 8",福島,2福3,未勝利,未勝利,1,1,シャインサンデー,牝,3,戸崎圭太, 54 ,16,1,１, ,芝1200,良,,(美),加藤征弘,1092,-0.2,,4,4,34.8,418,-4,
,"2017. 7. 8",福島,2福3,未勝利,未勝利,1,1,ウォーターメロン,牡,3,北村宏司, 56 ,16,4,１, ,ダ1150,良,,(美),新開幸一,1097,-0.0,,4,4,38.0,516,-4,B
,"2017. 7. 8",福島,2福3,新馬,新馬・牝,6,8,フィルハーモニー,牝,2,柴田大知, 54 ,12,3,１, ,芝1200,良,,(美),中舘英二,1110,-0.1,,8,7,34.7,500,,
,"2017. 7. 8",福島,2福3,ｵｰﾌﾟﾝ,障害・オープ,8,11,テイエムシシーポス,牡,7,佐久間寛, 60 ,11,5,１, ,芝2750,良,,(栗),杉山晴紀,2588,-0.2,6,6,6,13.0,476,-12,
,"2017. 7. 8",福島,2福3,未勝利,未勝利,5,8,ローレルリーベ,牡,3,嘉藤貴行, 56 ,15,4,１, ,ダ1700,良,,(美),奥平雅士,1484,-0.2,2,2,1,38.9,500,-12,
,"2017. 7. 8",福島,2福3,未勝利,未勝利・牝,1,1,フクサンローズ,牝,3,戸崎圭太, 54 ,15,1,１, ,ダ1700,良,,(美),小西一男,1479,-0.5,7,4,3,38.8,458,0,
,"2017. 7. 8",福島,2福3,未勝利,障害未勝利,5,6,クラシックマーク,牝,6,石神深一, 58 ,12,3,１, ,芝2750,良,,(美),粕谷昌央,3022,-0.7,6,4,3,13.3,450,+2,
,"2017. 7. 2",福島,2福2,500万,500万下,2,4,タイセイラルーナ,牝,4,石橋脩, 55 ,16,1,１, ,ダ1150,良,,(美),蛯名利弘,1093,-0.1,,6,4,37.0,478,-2,
,"2017. 7. 2",福島,2福2,Ｇ３,ラジオNIＨG3,8,11,セダブリランテス,牡,3,石川裕紀, 54 ,12,2,１, ,芝1800,良,*,(美),手塚貴久,1466,-0.0,3,3,2,35.1,524,-2,
,"2017. 7. 2",福島,2福2,1000万,さくらん1000,7,13,レジーナフォルテ,牝,3,杉原誠人, 52 ,16,7,１, ,芝1200,良,,(美),佐藤吉勝,1081,-0.1,,2,2,34.6,494,+4,
,"2017. 7. 2",福島,2福2,500万,雄国沼特500,7,11,ミッシングリンク,牝,3,内田博幸, 52 ,13,1,１, ,芝1800,良,,(美),斎藤誠,1480,-0.2,1,1,1,35.5,516,+4,
,"2017. 7. 2",福島,2福2,500万,500万下・牝,1,1,ルーレットクイーン,牝,4,吉田隼人, 55 ,15,1,１, ,ダ1700,良,,(美),武井亮,1461,-0.6,9,2,2,38.1,440,+2,
,"2017. 7. 2",福島,2福2,未勝利,未勝利,6,12,ハウエバー,牡,3,北村宏司, 56 ,16,4,１, ,芝2000,良,,(美),和田正一,2012,-0.0,4,4,3,35.5,408,0,
,"2017. 7. 2",福島,2福2,新馬,新馬,5,5,パッセ,牝,2,岩部純二, 54 ,10,2,１, ,芝1200,良,,(美),蛯名利弘,1097,-0.5,,2,2,35.1,484,,
,"2017. 7. 2",福島,2福2,新馬,新馬,2,2,レーツェル,牝,2,北村宏司, 54 ,15,1,１, ,芝1800,良,,(美),伊藤大士,1509,-0.4,1,1,1,35.9,474,,
,"2017. 7. 2",福島,2福2,未勝利,障害未勝利,3,3,ドーノデルソーレ,牡,4,鈴木慶太, 60 ,13,8,１, ,芝2750,良,,(美),小西一男,2593,-0.4,1,1,1,13.0,456,-2,
,"2017. 7. 2",福島,2福2,未勝利,未勝利,5,9,ビービーパドル,牡,3,北村宏司, 56 ,15,6,１, ,ダ1700,良,,(美),中舘英二,1479,-0.6,4,3,3,39.2,470,+4,
,"2017. 7. 2",福島,2福2,未勝利,未勝利,5,9,ヤマニンシーベリー,牝,3,内田博幸, 54 ,16,1,１, ,芝1200,良,,(美),黒岩陽一,1093,-0.0,,4,4,35.5,432,+4,
,"2017. 7. 2",福島,2福2,未勝利,未勝利・牝,8,14,バンパークロップ,牝,3,石川裕紀, 54 ,15,13,１, ,ダ1700,良,,(美),藤原辰雄,1475,-0.1,6,2,2,38.4,434,,
,"2017. 7. 1",福島,2福1,500万,500万下,2,2,ブレスアロット,牡,4,戸崎圭太, 57 ,15,1,１, ,ダ1700,良,,(美),高柳瑞樹,1470,-0.0,2,2,1,38.4,464,-2,
,"2017. 7. 1",福島,2福1,1600万,テレビユ1600,6,11,ワンスインナムーン,牝,4,石橋脩, 55 ,16,1,１, ,芝1200,良,,(美),斎藤誠,1076,-0.1,,2,2,34.3,446,+12,
,"2017. 7. 1",福島,2福1,1000万,猪苗代特1000,6,10,トゥルーウインド,牡,5,田中勝春, 57 ,15,5,１, ,ダ1700,良,,(美),田中剛,1454,-0.3,2,1,2,37.3,450,-4,
,"2017. 7. 1",福島,2福1,500万,南相馬特500,1,1,ヒメタチバナ,牝,4,田辺裕信, 55 ,9,1,１, ,芝2000,良,,(美),柴田政人,1589,-0.6,3,3,3,34.5,464,-8,
,"2017. 7. 1",福島,2福1,500万,500万下,2,4,ミエノドリーマー,牡,4,北村宏司, 57 ,16,1,１, ,芝1200,良,,(美),国枝栄,1084,-0.5,,3,3,34.4,466,+18,
,"2017. 7. 1",福島,2福1,未勝利,未勝利,7,14,クラークキー,牡,3,戸崎圭太, 56 ,16,1,１, ,芝1800,良,,(美),池上昌弘,1469,-0.0,9,2,2,35.5,484,-2,
,"2017. 7. 1",福島,2福1,新馬,新馬,2,2,オーヴァーライト,牡,2,内田博幸, 54 ,12,1,１, ,ダ1150,良,,(美),手塚貴久,1114,-0.5,,5,5,37.7,468,,
,"2017. 7. 1",福島,2福1,新馬,新馬,7,10,ジェッシージェニー,牝,2,菱田裕二, 54 ,13,8,１, ,芝1200,良,,(栗),牧浦充徳,1100,-0.3,,4,3,35.2,428,,
,"2017. 7. 1",福島,2福1,未勝利,未勝利,3,5,シグネットリング,牡,3,横山典弘, 56 ,15,2,１, ,ダ1700,良,,(美),萩原清,1480,-0.2,7,6,6,37.8,496,0,
,"2017. 7. 1",福島,2福1,未勝利,未勝利・牝,8,16,バーミーブリーズ,牝,3,戸崎圭太, 54 ,16,1,１, ,芝1200,良,,(美),栗田博憲,1098,-0.1,,8,7,35.2,456,-14,
,"2017. 7. 1",福島,2福1,未勝利,未勝利,1,2,アンチャーテッド,牡,3,戸崎圭太, 56 ,16,2,１, ,ダ1150,良,,(美),相沢郁,1093,-0.0,,1,1,37.8,432,+2,
,"2017. 7. 1",福島,2福1,未勝利,未勝利*,3,3,コスモイグナーツ,牡,2,柴田大知, 54 ,12,1,１, ,芝1800,良,,(美),高橋祥泰,1494,-0.1,3,1,1,36.5,456,0,
,"2017. 4.23",福島,1福6,500万,川俣特別500,5,6,サマーローズ,牝,5,丸山元気, 55 ,12,1,１, ,芝1800,良,,(栗),沖芳夫,1480,-0.0,11,10,7,34.9,468,-4,
,"2017. 4.23",福島,1福6,1000万,福島中央1000,3,3,キョウワゼノビア,牝,4,秋山真一, 55 ,13,5,１, ,芝1200,良,,(栗),角田晃一,1091,-0.1,,6,4,34.5,480,-6,
,"2017. 4.23",福島,1福6,500万,飯盛山特500,8,15,ナンヨーファミユ,牡,4,石橋脩, 57 ,15,5,１, ,ダ1700,良,,(美),斎藤誠,1478,-0.0,3,3,3,40.0,468,+8,
,"2017. 4.23",福島,1福6,500万,500万下・牝,5,9,タマモブリリアン,牝,4,吉田隼人, 55 ,16,3,１, ,芝1200,良,,(栗),南井克巳,1095,-0.2,,1,1,35.5,464,+2,
,"2017. 4.23",福島,1福6,500万,500万下・若,1,1,イソノヴィグラス,牡,4,井上敏樹,55△,16,3,１, ,ダ1150,良,,(栗),作田誠二,1097,-0.0,,9,7,37.0,468,-6,
,"2017. 4.23",福島,1福6,500万,500万下,5,9,ダノンプレシャス,牡,4,北村友一, 57 ,15,2,１, ,ダ1700,良,,(栗),角居勝彦,1472,-0.2,8,8,6,38.1,458,-8,
,"2017. 4.23",福島,1福6,未勝利,未勝利,1,2,ノーブルプルート,牝,3,武藤雅,51▲,16,6,１, ,芝1200,良,,(美),水野貴広,1101,-0.3,,4,4,35.3,456,0,
,"2017. 4.23",福島,1福6,未勝利,未勝利,2,3,マーヴェルズ,牡,3,加藤祥太,55☆,16,6,１, ,芝2600,良,,(栗),牧田和弥,2421,-0.5,10,4,4,37.4,440,-10,B
,"2017. 4.23",福島,1福6,未勝利,障害未勝利,5,6,マイネルイルミナル,牡,7,山本康志, 60 ,12,1,１, ,芝2770,良,,(美),中野栄治,3037,-0.2,2,2,2,13.3,474,0,
,"2017. 4.23",福島,1福6,未勝利,未勝利,7,13,リョウランヒーロー,牡,3,横山和生, 56 ,15,5,１, ,ダ1700,良,,(美),小野次郎,1483,-0.3,11,11,7,38.9,468,0,
,"2017. 4.23",福島,1福6,未勝利,未勝利・牝,1,1,ラレゾン,牝,3,吉田隼人, 54 ,16,1,１, ,芝2000,良,,(美),高木登,2029,-0.2,8,4,5,36.1,438,-2,
,"2017. 4.23",福島,1福6,未勝利,未勝利,1,2,メモリートニック,牡,3,秋山真一, 56 ,16,8,１, ,ダ1150,良,,(栗),角田晃一,1103,-0.2,,1,1,38.2,442,+4,B
,"2017. 4.22",福島,1福5,1000万,花見山Ｈ1000,2,3,シンゼンドリーム,牡,4,秋山真一, 55 ,15,1,１, ,ダ1700,良,,(栗),飯田祐史,1459,-0.2,9,6,4,38.2,468,-6,
,"2017. 4.22",福島,1福5,Ｇ３,福島牝馬G3,3,6,ウキヨノカゼ,牝,7,吉田隼人, 54 ,16,3,１, ,芝1800,良,,(美),菊沢隆徳,1468,-0.0,12,11,11,35.3,482,-6,
,"2017. 4.22",福島,1福5,500万,伏拝特別500,2,2,ミスドバウィ,牝,4,石橋脩, 55 ,14,2,１, ,芝1200,良,,(美),斎藤誠,1097,-0.0,,2,1,35.6,474,+6,
,"2017. 4.22",福島,1福5,500万,500万下,8,11,シャリオヴァルト,牡,4,田辺裕信, 57 ,12,1,１, ,芝2000,良,,(美),尾関知人,2006,-0.0,9,6,5,36.0,456,-6,
,"2017. 4.22",福島,1福5,500万,500万下,5,10,メイショウボノム,牡,5,武豊, 57 ,16,1,１, ,ダ1150,良,,(栗),松永昌博,1093,-0.0,,1,1,37.4,470,-8,
,"2017. 4.22",福島,1福5,未勝利,未勝利,8,15,シェルブルック,牡,3,秋山真一, 56 ,16,6,１, ,芝1800,良,,(栗),藤岡健一,1492,-0.1,2,2,2,35.5,494,-8,
,"2017. 4.22",福島,1福5,500万,500万下・牝,4,7,レッドアマビリス,牝,4,武豊, 55 ,15,1,１, ,ダ1700,良,,(栗),友道康夫,1468,-0.5,1,1,1,38.4,470,-10,
,"2017. 4.22",福島,1福5,未勝利,障害未勝利,8,10,ミュートエアー,牡,4,五十嵐雄, 59 ,10,2,１, ,芝2770,良,,(美),和田正道,3043,-0.0,1,1,1,13.3,454,-12,
,"2017. 4.22",福島,1福5,ｵｰﾌﾟﾝ,障害・オープ,3,4,シンキングダンサー,牡,4,金子光希, 59 ,14,3,１, ,芝3380,良,,(美),武市康男,3416,-0.8,3,1,1,13.1,466,-10,
,"2017. 4.22",福島,1福5,未勝利,未勝利,4,7,アイアムジュピター,牡,3,菅原隆一, 56 ,15,5,１, ,ダ1700,良,,(美),奥平雅士,1477,-0.4,1,1,1,38.7,504,-6,
,"2017. 4.22",福島,1福5,未勝利,未勝利,7,13,ダークプリンセス,牝,3,戸崎圭太, 54 ,16,2,１, ,芝1200,良,,(美),萩原清,1104,-0.2,,1,1,35.5,418,+2,
,"2017. 4.22",福島,1福5,未勝利,未勝利・牝,4,7,ノリノリコユキ,牝,3,戸崎圭太, 54 ,16,1,１, ,ダ1150,良,,(美),勢司和浩,1101,-0.0,,2,2,37.5,426,+2,
,"2017. 4.16",福島,1福4,1000万,奥の細道1000,1,1,ブライトバローズ,牡,5,石橋脩, 57 ,16,1,１, ,芝2600,良,,(美),堀宣行,2395,-0.3,4,6,7,36.1,496,-2,
,"2017. 4.16",福島,1福4,ｵｰﾌﾟﾝ,福島民報Ｈ,8,15,マイネルミラノ,牡,7,丹内祐次,57.5,16,7,１, ,芝2000,良,,(美),相沢郁,1585,-0.1,3,2,1,35.8,484,-2,B
,"2017. 4.16",福島,1福4,500万,医王寺特500,1,2,クリーンファンキー,牝,4,津村明秀, 55 ,16,4,１, ,芝1200,良,,(美),鈴木伸尋,1087,-0.4,,1,1,34.9,486,+2,
,"2017. 4.16",福島,1福4,500万,500万下,7,13,ヒルノサルバドール,牡,4,横山武史,54▲,15,1,１, ,ダ1700,良,,(栗),昆貢,1478,-0.1,1,1,1,41.7,438,-6,
,"2017. 4.16",福島,1福4,500万,500万下・牝,4,7,アルケミスト,牝,4,勝浦正樹, 55 ,16,10,１, ,芝1800,良,,(栗),西浦勝一,1476,-0.0,11,10,8,36.3,434,+2,
,"2017. 4.16",福島,1福4,500万,500万下,7,14,ワンダーヴァローレ,牡,5,小坂忠士, 57 ,16,1,１, ,ダ1150,良,,(栗),奥村豊,1096,-0.1,,9,9,37.1,510,-6,
,"2017. 4.16",福島,1福4,未勝利,未勝利・若,8,14,サンライズカラマ,牡,3,義英真,55☆,15,1,１, ,ダ1700,良,,(栗),崎山博樹,1490,-0.7,5,4,4,38.4,476,-8,
,"2017. 4.16",福島,1福4,未勝利,障害未勝利,8,14,マドリードカフェ,牡,6,熊沢重文, 60 ,14,1,１, ,芝2750,良,,(栗),荒川義之,3000,-1.3,2,1,1,13.1,526,-10,
,"2017. 4.16",福島,1福4,未勝利,障害未勝利,3,4,ユウキビバワンダー,セ,4,佐久間寛, 59 ,14,2,１, ,芝2750,良,,(栗),藤沢則雄,2599,-0.6,6,3,3,13.1,506,-8,
,"2017. 4.16",福島,1福4,未勝利,未勝利・牝,2,2,フィルムフランセ,牝,3,吉田隼人, 54 ,15,1,１, ,ダ1700,良,,(栗),牧浦充徳,1491,-0.5,4,5,3,39.5,480,+10,
,"2017. 4.16",福島,1福4,未勝利,未勝利,7,13,ウーマッハ,牝,3,勝浦正樹, 54 ,16,7,１, ,芝1200,良,,(美),古賀史生,1109,-0.2,,2,3,35.9,466,0,
,"2017. 4.16",福島,1福4,未勝利,未勝利,7,13,メーティス,牝,3,蛯名正義, 54 ,16,2,１, ,ダ1150,良,,(美),金成貴史,1114,-0.1,,4,3,38.3,434,-2,
,"2017. 4.15",福島,1福3,500万,浄土平特500,5,9,スリーマキシマム,牡,6,坂井瑠星, 57 ,16,3,１, ,芝2000,良,,(栗),高橋康之,1597,-0.1,1,1,1,36.5,506,-4,
,"2017. 4.15",福島,1福3,1000万,ラジオ福1000,4,8,サーティグランド,牡,5,義英真, 57 ,16,2,１, ,ダ1150,良,,(栗),崎山博樹,1093,-0.1,,15,15,35.6,504,-2,
,"2017. 4.15",福島,1福3,500万,雪うさぎ500*,4,8,レジーナフォルテ,牝,3,杉原誠人, 54 ,16,4,１, ,芝1200,良,,(美),佐藤吉勝,1100,-0.1,,3,3,35.1,486,-4,
,"2017. 4.15",福島,1福3,500万,500万下,2,3,アポロノホウリン,牡,4,勝浦正樹, 57 ,15,7,１, ,ダ1700,良,,(美),中舘英二,1469,-0.6,1,1,1,38.8,482,-12,
,"2017. 4.15",福島,1福3,500万,500万下・若,2,3,ラホーヤビーチ,牝,5,菊沢一樹,52▲,16,13,１, ,芝1200,良,,(美),伊藤正徳,1093,-0.1,,1,1,35.3,472,+10,
,"2017. 4.15",福島,1福3,500万,500万下・牝,8,16,オージーアイドル,牝,5,木幡育也,52▲,16,6,１, ,ダ1150,良,*,(美),栗田徹,1096,-0.2,,3,3,36.9,452,0,
,"2017. 4.15",福島,1福3,未勝利,未勝利,4,7,ウインベラシアス,牡,3,木幡巧也,55☆,16,1,１, ,芝2000,良,,(栗),西園正都,2009,-0.1,1,1,1,36.3,484,0,
,"2017. 4.15",福島,1福3,未勝利,未勝利,1,2,イロハ,牝,3,秋山真一, 54 ,16,5,１, ,芝1200,良,,(栗),牧田和弥,1101,-0.0,,4,3,35.5,426,0,
,"2017. 4.15",福島,1福3,未勝利,未勝利・牝,5,10,メイショウミハル,牝,3,城戸義政,52△,16,2,１, ,芝1800,良,,(栗),藤岡健一,1488,-0.0,1,1,1,35.6,468,-4,
,"2017. 4.15",福島,1福3,未勝利,未勝利,4,7,ミスズバード,牡,3,坂井瑠星,54△,15,1,１, ,ダ1700,良,,(栗),加藤敬二,1482,-0.0,4,3,3,39.1,472,-2,B
,"2017. 4.15",福島,1福3,未勝利,未勝利・牝,5,10,ブライティアサイト,牝,3,木幡初也,52△,16,1,１, ,芝1200,良,,(美),栗田博憲,1102,-0.0,,2,2,35.7,474,+12,
,"2017. 4.15",福島,1福3,未勝利,未勝利,4,8,カレン,牝,3,井上敏樹,52△,16,9,１, ,ダ1150,良,,(美),金成貴史,1100,-0.0,,4,4,37.0,462,-6,
,"2017. 4. 9",福島,1福2,500万,喜多方特500,8,16,キッズライトオン,牡,5,勝浦正樹, 57 ,16,7,１, ,芝1200,良,,(栗),田所秀孝,1085,-0.2,,13,10,33.8,424,-14,
,"2017. 4. 9",福島,1福2,1000万,米沢特別1000,4,6,エバーキュート,牝,5,菱田裕二, 55 ,15,4,１, ,ダ1700,良,,(美),加藤征弘,1461,-0.1,7,6,3,38.0,448,0,
,"2017. 4. 9",福島,1福2,500万,燧ヶ岳特500,3,6,マコトガラハッド,セ,4,吉田隼人, 57 ,16,6,１, ,芝2600,良,,(栗),鮫島一歩,2405,-0.0,2,2,1,35.1,476,-6,
,"2017. 4. 9",福島,1福2,500万,500万下,3,6,クリノサンスーシ,牝,4,古川吉洋, 55 ,16,2,１, ,芝1800,良,,(栗),大根田裕,1481,-0.2,4,3,3,34.6,438,0,
,"2017. 4. 9",福島,1福2,500万,500万下,5,10,タガノグロリオーサ,牡,4,鮫島克駿,56☆,16,1,１, ,ダ1150,良,,(栗),川村禎彦,1099,-0.3,,2,2,37.9,452,-8,
,"2017. 4. 9",福島,1福2,未勝利,未勝利・若,7,12,ダノンスターズ,牡,3,荻野極,54△,15,3,１, ,芝2000,良,,(栗),橋口慎介,2007,-0.3,13,10,9,35.0,442,-2,
,"2017. 4. 9",福島,1福2,未勝利,未勝利,4,7,サトノレーヌ,牝,3,川須栄彦, 54 ,15,11,１, ,ダ1150,良,,(栗),高橋康之,1105,-0.3,,2,2,38.1,434,0,
,"2017. 4. 9",福島,1福2,未勝利,未勝利,1,2,ヒドゥンパラメータ,牡,3,伊藤工真, 56 ,16,1,１, ,芝1800,良,,(美),宗像義忠,1480,-0.1,10,9,8,35.4,454,-8,
,"2017. 4. 9",福島,1福2,未勝利,障害未勝利,7,11,クロスボウ,牡,7,五十嵐雄, 60 ,14,1,１, ,芝2750,良,,(美),国枝栄,3007,-0.0,2,1,1,13.1,526,+2,
,"2017. 4. 9",福島,1福2,500万,500万下・牝,8,14,ルーレットクイーン,牝,4,吉田隼人, 55 ,15,7,１, ,ダ1700,良,,(美),武井亮,1474,-0.9,10,8,4,37.6,442,+8,
,"2017. 4. 9",福島,1福2,未勝利,未勝利,4,7,ティーティクイーン,牝,3,荻野極,52△,16,2,１, ,芝1200,良,,(栗),加用正,1100,-0.0,,2,1,35.8,460,-2,
,"2017. 4. 9",福島,1福2,未勝利,未勝利,8,14,ロッキーバローズ,牡,3,坂井瑠星,54△,15,2,１, ,ダ1700,良,,(栗),矢作芳人,1483,-0.3,4,3,3,39.8,522,0,
,"2017. 4. 8",福島,1福1,500万,桑折特別500,2,3,アイスコールド,牝,4,秋山真一, 55 ,16,7,１, ,芝2000,良,,(美),手塚貴久,1594,-0.0,6,2,2,35.7,470,-2,
,"2017. 4. 8",福島,1福1,1000万,吾妻小Ｈ1000,2,3,エリーティアラ,牝,5,木幡初也, 54 ,16,8,１, ,芝1200,良,*,(美),武市康男,1080,-0.0,,7,7,34.2,472,0,B
,"2017. 4. 8",福島,1福1,500万,ひめさゆ500*,5,6,ミッキースワロー,牡,3,菊沢一樹, 56 ,13,4,１, ,芝2000,良,,(美),菊沢隆徳,1599,-0.2,7,6,4,33.9,488,-6,
,"2017. 4. 8",福島,1福1,500万,500万下,5,8,ハシカミ,牡,4,伴啓太,55△,15,3,１, ,ダ1700,良,,(美),小桧山悟,1467,-0.2,13,5,3,38.2,474,+12,
,"2017. 4. 8",福島,1福1,500万,500万下,4,8,クラウンアイリス,牝,6,古川吉洋, 55 ,16,5,１, ,芝1200,良,,(栗),大根田裕,1088,-0.0,,6,5,34.8,400,-4,
,"2017. 4. 8",福島,1福1,未勝利,未勝利,3,5,ウィズアウィッシュ,牝,3,丸田恭介, 54 ,16,2,１, ,ダ1150,良,*,(美),蛯名利弘,1097,-0.8,,1,1,37.7,480,-10,
,"2017. 4. 8",福島,1福1,500万,500万下・若,2,3,ドリームリヴァール,セ,7,藤田菜七,54▲,15,4,１, ,ダ1700,良,,(美),池上昌弘,1471,-0.3,14,14,9,37.8,456,0,
,"2017. 4. 8",福島,1福1,ｵｰﾌﾟﾝ,障害・オープ,6,10,ハギノパトリオット,セ,5,熊沢重文, 60 ,14,2,１, ,芝2750,良,,(栗),松田国英,2574,-0.7,8,5,3,12.9,462,-14,
,"2017. 4. 8",福島,1福1,未勝利,障害未勝利,4,5,コージェント,牡,4,浜野谷憲, 59 ,14,3,１, ,芝2750,良,,(美),竹内正洋,3006,-0.9,1,1,1,13.1,540,0,
,"2017. 4. 8",福島,1福1,未勝利,未勝利,7,12,テルペリオン,牡,3,丸山元気, 56 ,15,2,１, ,ダ1700,良,,(栗),寺島良,1479,-0.9,1,1,1,38.4,510,+2,
,"2017. 4. 8",福島,1福1,未勝利,未勝利,7,14,モズカタクラ,牡,3,川須栄彦, 56 ,16,5,１, ,芝1200,良,,(栗),高橋亮,1099,-0.0,,6,6,35.5,456,-8,
,"2017. 4. 8",福島,1福1,未勝利,未勝利・牝,8,14,リュミエールドール,牝,3,丸山元気, 54 ,15,2,１, ,ダ1700,良,,(栗),浜田多実,1479,-0.8,4,2,2,38.7,498,-24,
,2016.11.20,福島,3福6,500万,飯坂温泉500,3,6,スカイパッション,牝,4,吉田隼人, 55 ,16,4,１, ,芝1200,稍,,(栗),作田誠二,1106,-0.2,,7,6,35.2,450,-14,
,2016.11.20,福島,3福6,ｵｰﾌﾟﾝ,福島民友,8,14,トラキチシャチョウ,牡,5,丹内祐次, 56 ,15,7,１, ,ダ1700,稍,,(栗),目野哲也,1446,-0.2,15,14,11,37.0,504,-6,
,2016.11.20,福島,3福6,500万,土湯温泉500,8,15,スマートルビー,牝,3,黛弘人, 53 ,16,3,１, ,芝1800,稍,,(美),尾関知人,1513,-0.0,9,8,9,35.7,434,+8,
,2016.11.20,福島,3福6,500万,500万下,4,7,フジノパンサー,牡,3,横山和生, 56 ,16,2,１, ,芝1200,稍,,(美),古賀史生,1104,-0.3,,1,1,35.9,504,0,
,2016.11.20,福島,3福6,500万,500万下,4,8,オーロラッシュ,牡,4,木幡巧也,55△,16,4,１, ,ダ1150,稍,,(美),土田稔,1087,-0.1,,11,11,36.3,454,0,
,2016.11.20,福島,3福6,500万,500万下,6,12,ファータグリーン,牝,3,津村明秀, 53 ,16,3,１, ,芝2600,稍,,(美),相沢郁,2440,-0.1,10,6,2,36.4,430,-4,
,2016.11.20,福島,3福6,500万,500万下・若,4,6,エンクエントロス,牡,4,木幡巧也,55△,15,3,１, ,ダ1700,稍,,(美),黒岩陽一,1468,-0.1,3,2,2,38.1,502,0,B
,2016.11.20,福島,3福6,未勝利,障害未勝利,8,10,マイネプレセア,牝,5,山本康志, 58 ,11,1,１, ,芝2770,重,,(美),和田正一,3045,-0.8,2,2,2,13.3,454,+4,
,2016.11.20,福島,3福6,未勝利,障害未勝利,2,2,サウンドギャツビー,牡,4,植野貴也, 60 ,14,1,１, ,芝2770,重,,(栗),佐藤正雄,3049,-0.7,2,1,1,13.4,498,-10,
,2016.11.20,福島,3福6,500万,500万下・牝,7,12,コートシャルマン,牝,4,横山和生, 55 ,15,2,１, ,ダ1700,重,,(栗),松永幹夫,1472,-0.2,2,2,2,38.7,456,-2,
,2016.11.20,福島,3福6,500万,500万下,7,14,エルゼロ,牡,3,木幡巧也,53△,16,4,１, ,ダ2400,重,,(美),武井亮,2357,-0.3,9,4,3,39.1,490,+2,B
,2016.11.20,福島,3福6,未勝利,未勝利*,4,6,パレスハングリー,牝,2,原田和真,52△,15,4,１, ,ダ1700,重,,(美),大江原哲,1483,-0.4,5,4,3,38.7,466,+2,
,2016.11.19,福島,3福5,500万,高湯温泉500,1,1,タツゴウゲキ,牡,4,丸田恭介, 57 ,16,2,１, ,芝2000,重,,(栗),鮫島一歩,2036,-0.1,8,7,5,36.7,484,-4,
,2016.11.19,福島,3福5,1000万,フルーＨ1000,3,4,エアカーディナル,牡,5,丸山元気, 55 ,14,1,１, ,芝2600,重,,(栗),笹田和秀,2479,-0.0,6,4,2,36.0,488,0,
,2016.11.19,福島,3福5,500万,伊達特別500,6,10,カフジキング,牡,3,石橋脩, 55 ,15,6,１, ,ダ1700,重,,(栗),松元茂樹,1456,-0.0,12,10,4,38.5,454,+2,
,2016.11.19,福島,3福5,500万,500万下,7,14,オールインワン,牡,3,岩田康誠, 56 ,16,1,１, ,芝1200,重,,(栗),浜田多実,1112,-0.2,,1,2,36.7,482,+12,
,2016.11.19,福島,3福5,500万,500万下・若,2,3,タガノガジュマル,牡,3,原田和真,53△,16,7,１, ,芝1800,重,,(栗),本田優,1513,-0.2,13,14,8,35.6,422,-4,
,2016.11.19,福島,3福5,500万,500万下・牝,3,5,ゼットフーリ,牝,3,鮫島克駿,53☆,16,4,１, ,芝1200,重,,(栗),宮徹,1112,-0.1,,5,4,36.4,480,+6,B
,2016.11.19,福島,3福5,500万,500万下,3,6,キングカーティス,牡,4,秋山真一, 57 ,16,3,１, ,ダ1150,稍,,(栗),小崎憲,1093,-0.0,,11,11,36.6,454,-2,
,2016.11.19,福島,3福5,新馬,新馬,2,2,エヴェリーナ,牝,2,丸山元気, 54 ,10,1,１, ,芝2000,稍,,(美),大竹正博,2084,-0.0,2,2,2,36.1,482,,
,2016.11.19,福島,3福5,未勝利,未勝利*,7,13,ブラヴォバンビーノ,牡,2,津村明秀, 55 ,16,1,１, ,芝1800,稍,,(美),武藤善則,1511,-0.1,1,1,1,36.9,484,0,
,2016.11.19,福島,3福5,未勝利,未勝利・牝*,1,2,ファンタジーボール,牝,2,原田和真,52△,16,4,１, ,芝1200,稍,,(美),大江原哲,1107,-0.2,,5,4,35.9,426,-4,
,2016.11.19,福島,3福5,500万,500万下,3,5,ハイヴォルテージ,牡,4,木幡初也,55△,15,10,１, ,ダ1700,良,,(美),藤原辰雄,1478,-0.1,8,8,7,39.4,450,0,
,2016.11.19,福島,3福5,未勝利,未勝利*,8,15,サンタアズライト,牡,2,原田和真,53△,16,1,１, ,ダ1150,良,,(美),栗田徹,1096,-0.5,,1,1,37.7,468,-2,
,2016.11.13,福島,3福4,500万,二本松特500,4,7,ヤマカツボーイ,牡,4,北村友一, 57 ,15,6,１, ,芝1800,良,,(栗),池添兼雄,1495,-0.0,5,5,6,35.6,464,+16,
,2016.11.13,福島,3福4,Ｇ３,福島記念ＨG3,2,3,マルターズアポジー,牡,4,武士沢友, 54 ,16,7,１, ,芝2000,良,,(美),堀井雅広,2008,-0.2,1,1,1,35.9,528,-12,
,2016.11.13,福島,3福4,ｵｰﾌﾟﾝ,福島２歳,2,2,メイソンジュニア,牡,2,菱田裕二, 55 ,13,1,１, ,芝1200,良,,(栗),渡辺薫彦,1096,-0.2,,5,6,35.4,482,-8,
,2016.11.13,福島,3福4,500万,500万下,1,1,ニシノイナズマ,牡,5,川須栄彦, 57 ,16,11,１, ,ダ1150,稍,,(美),松山将樹,1081,-0.0,,4,2,36.4,494,+2,
,2016.11.13,福島,3福4,500万,500万下,1,2,タケデンタイガー,牡,4,和田竜二, 57 ,16,7,１, ,芝1200,良,,(美),武市康男,1098,-0.1,,4,3,34.7,476,0,
,2016.11.13,福島,3福4,500万,500万下・牝,8,15,アプリコットベリー,牝,4,丸山元気, 55 ,16,8,１, ,芝2000,良,,(栗),大久保龍,2023,-0.1,13,9,6,36.2,402,+10,
,2016.11.13,福島,3福4,500万,500万下,2,3,ハッピーメモリーズ,牡,5,中井裕二,56☆,15,8,１, ,ダ1700,稍,,(栗),大根田裕,1456,-0.0,11,11,8,37.5,498,0,
,2016.11.13,福島,3福4,未勝利,障害未勝利,4,4,アドマイヤフォルム,牡,3,北沢伸也, 58 ,13,1,１, ,芝2750,良,,(栗),橋田満,3005,-1.7,1,1,1,13.1,458,-2,
,2016.11.13,福島,3福4,未勝利,障害未勝利,5,7,シンキングダンサー,牡,3,金子光希, 58 ,14,10,１, ,芝2750,良,,(美),武市康男,3029,-0.9,3,3,2,13.3,470,+2,
,2016.11.13,福島,3福4,500万,500万下,4,6,エイムハイ,牡,4,北村友一, 57 ,15,4,１, ,ダ1700,重,,(栗),渡辺薫彦,1459,-0.0,6,8,7,37.2,480,+18,
,2016.11.13,福島,3福4,500万,500万下・牝,7,12,アームズレングス,牝,3,吉田隼人, 53 ,15,2,１, ,ダ1700,重,,(美),加藤征弘,1464,-0.0,13,5,5,37.8,496,+10,
,2016.11.13,福島,3福4,未勝利,未勝利*,7,13,スーパーモリオン,牡,2,鮫島克駿,54☆,16,1,１, ,ダ1150,重,,(栗),浅見秀一,1089,-0.8,,2,1,37.3,494,+8,
,2016.11.12,福島,3福3,500万,相馬特別500,5,9,タイキパラドックス,牡,4,荻野琢真, 57 ,16,13,１, ,芝1200,稍,,(栗),寺島良,1102,-0.0,,12,11,35.4,440,-4,
,2016.11.12,福島,3福3,1000万,福島放送1000,5,9,トミケンシャルゴー,牡,4,木幡初也, 57 ,15,4,１, ,ダ1700,重,,(美),武市康男,1446,-0.2,9,5,6,37.8,514,+6,
,2016.11.12,福島,3福3,500万,三春駒特500,5,7,ウインテンダネス,牡,3,菱田裕二, 55 ,14,4,１, ,芝2000,稍,,(栗),杉山晴紀,2031,-0.0,7,4,5,35.7,498,0,
,2016.11.12,福島,3福3,500万,500万下,3,5,ニシノラディアント,牡,3,北村友一, 56 ,16,5,１, ,芝1200,稍,,(栗),北出成人,1101,-0.1,,8,7,34.7,476,-3,
,2016.11.12,福島,3福3,500万,500万下,3,6,ピュアノアール,牝,4,伴啓太,53△,16,1,１, ,ダ1150,重,,(美),武藤善則,1084,-0.0,,3,3,36.8,452,-2,
,2016.11.12,福島,3福3,500万,500万下,7,10,コウキチョウサン,牡,3,丸山元気, 55 ,13,3,１, ,芝2600,稍,,(美),和田正一,2437,-0.2,8,7,4,35.6,448,0,
,2016.11.12,福島,3福3,500万,500万下・牝,1,1,ソロダンサー,牝,3,伴啓太,52△,16,15,１, ,ダ1150,重,,(美),武藤善則,1080,-0.3,,1,1,36.6,474,0,
,2016.11.12,福島,3福3,新馬,新馬,4,8,ブリリアントアート,牝,2,丹内祐次, 54 ,16,7,１, ,芝1200,稍,*,(美),岩戸孝樹,1123,-0.1,,2,2,35.7,398,,
,2016.11.12,福島,3福3,未勝利,未勝利*,8,14,エンドゲーム,牡,2,丸田恭介, 55 ,15,1,１, ,芝2000,稍,,(栗),安田隆行,2029,-0.5,10,11,6,36.5,490,-4,
,2016.11.12,福島,3福3,未勝利,未勝利*,4,7,ルミノーザ,牝,2,北村友一, 54 ,16,6,１, ,芝1200,稍,,(美),天間昭一,1112,-0.4,,3,3,36.0,454,+6,
,2016.11.12,福島,3福3,500万,500万下,5,9,モルゲンロート,牡,3,丸田恭介, 55 ,15,3,１, ,ダ1700,不,,(美),竹内正洋,1449,-0.1,8,6,6,38.0,472,0,
,2016.11.12,福島,3福3,未勝利,未勝利*,6,11,カンムル,牡,2,長岡禎仁,54☆,15,1,１, ,ダ1700,不,*,(美),松永康利,1470,-0.0,9,8,7,38.6,436,+6,
,"2016.11. 6",福島,3福2,500万,会津特別500,5,6,ヤマニンマンドール,牡,4,鮫島克駿, 57 ,12,1,１, ,芝1200,良,,(栗),浅見秀一,1094,-0.1,,7,6,34.6,464,-2,
,"2016.11. 6",福島,3福2,1600万,みちのく1600,2,4,ラズールリッキー,牝,3,黛弘人, 54 ,16,6,１, ,芝1200,良,,(美),武井亮,1089,-0.2,,1,1,35.1,452,+4,
,"2016.11. 6",福島,3福2,500万,きんもく500*,1,1,ロードリベラル,牡,2,吉田隼人, 55 ,10,4,１, ,芝1800,良,,(美),尾形和幸,1502,-0.2,9,10,9,34.6,422,0,
,"2016.11. 6",福島,3福2,500万,500万下,7,9,ブレスアロット,牡,3,吉田隼人, 55 ,11,5,１, ,ダ1700,良,,(美),高柳瑞樹,1480,-0.6,2,2,2,38.0,452,-4,
,"2016.11. 6",福島,3福2,500万,500万下・若,1,2,ビービーブレスユー,牡,3,坂井瑠星,52▲,16,2,１, ,芝2000,良,,(栗),加用正,2012,-0.1,15,8,7,36.2,488,-2,
,"2016.11. 6",福島,3福2,500万,500万下,7,14,クラウンアゲン,牝,3,岩部純二, 54 ,16,3,１, ,芝1200,良,,(美),萱野浩二,1094,-0.1,,7,5,35.1,422,-2,
,"2016.11. 6",福島,3福2,500万,500万下,6,12,ディーエスフェイム,牡,4,勝浦正樹, 57 ,16,6,１, ,ダ1150,良,,(美),藤原辰雄,1101,-0.0,,10,8,37.2,492,0,
,"2016.11. 6",福島,3福2,新馬,新馬,6,11,パレスパラダイス,牡,2,川島信二, 55 ,15,4,１, ,ダ1700,良,,(栗),山内研二,1521,-0.0,13,10,8,39.6,498,,
,"2016.11. 6",福島,3福2,未勝利,障害未勝利,1,1,サンディアタッチ,牝,4,五十嵐雄, 58 ,10,1,１, ,芝2750,良,,(美),岩戸孝樹,3022,-0.8,2,2,1,13.3,466,0,
,"2016.11. 6",福島,3福2,500万,500万下・牝,5,7,トップノート,牝,3,中谷雄太, 53 ,13,2,１, ,ダ1700,良,,(栗),石坂正,1489,-0.0,2,2,3,38.9,470,-6,
,"2016.11. 6",福島,3福2,未勝利,未勝利*,2,3,オールザゴー,牡,2,坂井瑠星,52▲,16,1,１, ,芝1800,良,,(栗),矢作芳人,1502,-0.2,4,4,4,37.4,478,0,
,"2016.11. 6",福島,3福2,未勝利,未勝利*,6,11,キンシノクリーン,牡,2,鮫島克駿,54☆,15,1,１, ,ダ1150,良,,(栗),浅見秀一,1103,-0.0,,2,2,38.1,448,+2,
,"2016.11. 5",福島,3福1,500万,西郷特別500,4,7,ハッピームーン,牡,4,丸田恭介, 57 ,16,4,１, ,芝1800,良,,(美),相沢郁,1476,-0.2,11,10,8,34.3,452,-4,
,"2016.11. 5",福島,3福1,1000万,河北新Ｈ1000,6,11,キングハート,牡,3,中谷雄太, 56 ,16,3,１, ,芝1200,良,,(美),星野忍,1082,-0.0,,6,4,34.6,480,+6,
,"2016.11. 5",福島,3福1,500万,磐梯山特500,3,4,プレイヤーハウス,牡,4,菱田裕二, 57 ,14,4,１, ,芝2600,良,,(美),大和田成,2399,-0.2,11,8,5,35.3,452,-2,B
,"2016.11. 5",福島,3福1,500万,500万下,8,12,グランデサムライ,牡,4,吉田隼人, 57 ,13,2,１, ,ダ1150,良,,(栗),吉田直弘,1093,-0.0,,1,1,37.4,466,0,
,"2016.11. 5",福島,3福1,500万,500万下・牝,2,3,タガノスカイ,牝,5,鮫島克駿,54☆,16,1,１, ,芝1200,良,,(栗),浅見秀一,1084,-0.4,,8,7,34.1,476,-2,
,"2016.11. 5",福島,3福1,500万,500万下,5,6,カンタベリーマイン,牡,3,丸田恭介, 56 ,13,10,１, ,ダ1150,良,,(美),石栗龍彦,1091,-0.1,,10,8,36.3,450,-4,
,"2016.11. 5",福島,3福1,500万,500万下・若,6,6,ナムラミラクル,牡,3,藤懸貴志, 55 ,10,4,１, ,ダ1700,良,,(栗),杉山晴紀,1464,-0.3,3,2,2,38.4,462,0,
,"2016.11. 5",福島,3福1,未勝利,障害未勝利,6,6,ポンデザムール,セ,6,石神深一, 60 ,10,1,１, ,芝2750,良,,(美),本間忍,3010,-0.4,4,2,2,13.2,512,+4,
,"2016.11. 5",福島,3福1,ｵｰﾌﾟﾝ,障害・オープ,4,4,アイティテイオー,牡,8,浜野谷憲, 61 ,13,2,１, ,芝3350,良,,(美),竹内正洋,3419,-0.0,6,2,3,13.2,464,-2,
,"2016.11. 5",福島,3福1,500万,500万下,8,10,ダイチヴュルデ,牡,5,井上敏樹,55△,11,3,１, ,ダ1700,良,,(美),蛯名利弘,1467,-0.3,7,7,4,38.6,456,0,
,"2016.11. 5",福島,3福1,未勝利,未勝利*,1,2,エムオービーナス,牝,2,木幡初也,52△,16,1,１, ,芝1200,良,,(美),鹿戸雄一,1095,-0.0,,1,1,35.3,478,-4,
,"2016.11. 5",福島,3福1,未勝利,未勝利・牝*,5,9,エオリア,牝,2,森裕太朗,51▲,15,2,１, ,ダ1700,良,,(栗),角田晃一,1483,-0.5,4,4,3,38.6,470,-8,
,"2016. 7.24",福島,2福8,500万,500万下,6,11,テンテマリ,牝,5,蛯名正義, 55 ,16,5,１, ,芝1200,良,*,(美),柄崎孝,1092,-0.2,,9,9,34.3,450,0,B
,"2016. 7.24",福島,2福8,ｵｰﾌﾟﾝ,福島テレ,7,7,ウインフルブルーム,牡,5,柴田大知, 56 ,9,2,１, ,芝1800,良,,(栗),宮本博,1473,-0.2,2,2,2,35.9,518,+2,
,"2016. 7.24",福島,2福8,1000万,横手特別1000,4,6,ベルウッドケルン,牡,4,柴田善臣, 57 ,15,2,１, ,ダ1700,良,,(美),本間忍,1458,-0.0,14,8,5,37.5,476,+2,
,"2016. 7.24",福島,2福8,500万,栗子特別500,4,8,ルグランパントル,セ,4,柴田善臣, 57 ,16,2,１, ,芝1800,良,,(美),栗田博憲,1490,-0.3,4,5,6,35.1,466,-2,
,"2016. 7.24",福島,2福8,500万,500万下・牝,4,6,ファンシーリシェス,牝,4,横山典弘, 55 ,15,2,１, ,ダ1700,良,,(美),大和田成,1466,-0.1,4,4,2,38.9,458,+10,
,"2016. 7.24",福島,2福8,未勝利,未勝利,7,13,マイネルビッグバン,牡,3,柴田大知, 56 ,16,2,１, ,芝2000,良,,(美),和田正一,2028,-0.1,2,2,1,36.5,454,0,
,"2016. 7.24",福島,2福8,未勝利,未勝利,3,6,プロイエット,牝,3,内田博幸, 54 ,16,2,１, ,芝1200,良,,(美),手塚貴久,1100,-0.0,,5,4,35.3,450,0,B
,"2016. 7.24",福島,2福8,新馬,新馬,1,1,キングズラッシュ,牡,2,柴田善臣, 54 ,13,2,１, ,芝2000,良,,(美),久保田貴,2033,-0.0,11,8,3,36.4,514,,
,"2016. 7.24",福島,2福8,未勝利,未勝利,3,5,ニシノファルコン,牡,3,内田博幸, 56 ,15,1,１, ,ダ1700,良,,(美),高橋文雅,1484,-0.0,6,2,3,38.6,466,-2,
,"2016. 7.24",福島,2福8,未勝利,未勝利,5,9,ペイシャバラード,牝,3,大野拓弥, 54 ,16,1,１, ,ダ1150,良,,(美),高市圭二,1095,-0.0,,2,1,37.6,448,0,
,"2016. 7.24",福島,2福8,未勝利,未勝利*,6,11,フラワープレミア,牡,2,江田照男, 54 ,15,5,１, ,芝1800,良,,(美),池上昌弘,1510,-0.0,9,6,5,36.2,456,+6,
,"2016. 7.24",福島,2福8,未勝利,未勝利*,3,6,ダイイチターミナル,牡,2,内田博幸, 54 ,16,1,１, ,芝1200,良,,(美),高市圭二,1101,-0.8,,2,2,35.6,420,0,
,"2016. 7.23",福島,2福7,500万,500万下,1,1,タイセイラルーナ,牝,3,横山典弘, 52 ,16,3,１, ,ダ1150,良,,(美),蛯名利弘,1078,-0.0,,5,4,36.0,470,-10,
,"2016. 7.23",福島,2福7,1000万,白河特Ｈ1000,6,11,フルールシチー,牝,5,戸崎圭太, 54 ,16,1,１, ,芝1200,良,,(栗),西園正都,1090,-0.0,,5,7,34.8,512,-4,
,"2016. 7.23",福島,2福7,1000万,いわき特1000,8,10,マルターズアポジー,牡,4,田辺裕信, 57 ,10,3,１, ,芝1800,良,,(美),堀井雅広,1483,-0.1,1,1,1,34.9,524,-2,
,"2016. 7.23",福島,2福7,500万,三陸特別500,4,6,ディアコンチェルト,牡,4,大野拓弥, 57 ,15,1,１, ,ダ1700,良,,(美),高木登,1461,-0.0,12,8,6,38.2,458,+2,
,"2016. 7.23",福島,2福7,500万,500万下,5,6,ステイブラビッシモ,牡,3,戸崎圭太, 54 ,12,2,１, ,芝2600,良,,(美),久保田貴,2426,-0.3,10,11,10,35.0,460,+2,
,"2016. 7.23",福島,2福7,未勝利,未勝利,4,8,ミディ,牝,3,木幡初也,51▲,16,5,１, ,ダ1150,良,,(美),田島俊明,1094,-0.4,,1,1,37.8,432,-8,
,"2016. 7.23",福島,2福7,新馬,新馬,4,7,ナリノメジャー,牝,2,田辺裕信, 54 ,16,1,１, ,芝1200,良,,(美),上原博之,1111,-0.0,,3,3,35.5,462,,
,"2016. 7.23",福島,2福7,新馬,新馬・牝,8,14,ペイドメルヴェイユ,牝,2,杉原誠人, 54 ,15,5,１, ,芝1800,良,,(美),藤沢和雄,1532,-0.0,10,10,8,34.8,464,,
,"2016. 7.23",福島,2福7,ｵｰﾌﾟﾝ,障害・オープ,7,8,アイティテイオー,牡,8,浜野谷憲, 60 ,11,4,１, ,芝3380,良,,(美),竹内正洋,3468,-0.2,4,2,2,13.4,466,0,
,"2016. 7.23",福島,2福7,未勝利,未勝利,4,7,ギンザマトリックス,牡,3,蛯名正義, 56 ,15,2,１, ,ダ1700,良,,(美),水野貴広,1477,-0.0,8,1,1,38.9,432,-4,
,"2016. 7.23",福島,2福7,未勝利,未勝利・牝,8,14,ヴァタルサイビーチ,牝,3,田辺裕信, 54 ,15,8,１, ,ダ1700,良,,(美),田村康仁,1484,-0.0,11,7,5,38.4,456,+2,
,"2016. 7.23",福島,2福7,未勝利,障害未勝利,4,5,フィリグラーナ,牡,5,五十嵐雄, 60 ,13,5,１, ,芝2770,良,,(美),岩戸孝樹,3046,-0.1,3,4,3,13.3,450,-6,
,"2016. 7.17",福島,2福6,500万,500万下,2,3,サクラルコール,牡,5,戸崎圭太, 57 ,15,3,１, ,ダ1700,良,,(美),田島俊明,1460,-0.0,10,8,6,36.9,498,+14,
,"2016. 7.17",福島,2福6,ｵｰﾌﾟﾝ,バーデンＨ,3,3,オウノミチ,牡,5,柴田善臣, 52 ,13,4,１, ,芝1200,良,,(栗),佐々木晶,1083,-0.1,,4,4,34.1,474,-2,
,"2016. 7.17",福島,2福6,1000万,鶴ヶ城特1000,8,16,マハロマナ,牝,4,石川裕紀, 55 ,16,3,１, ,ダ1150,良,,(美),水野貴広,1075,-0.2,,8,7,35.7,518,-2,
,"2016. 7.17",福島,2福6,500万,南相馬特500,3,5,サンマルティン,セ,4,戸崎圭太, 57 ,16,1,１, ,芝2000,良,,(美),国枝栄,2013,-0.3,10,8,8,34.0,500,+8,
,"2016. 7.17",福島,2福6,500万,500万下・牝,3,6,ダイワダッチェス,牝,3,戸崎圭太, 52 ,16,1,１, ,芝1200,良,,(美),菊沢隆徳,1085,-0.2,,7,7,34.5,478,+8,
,"2016. 7.17",福島,2福6,未勝利,未勝利,7,11,セシルクラウン,牡,3,小野寺祐, 56 ,13,5,１, ,芝2600,良,*,(美),木村哲也,2420,-0.2,8,5,2,36.7,478,-8,B
,"2016. 7.17",福島,2福6,未勝利,未勝利,3,5,ボーシエル,牡,3,戸崎圭太, 56 ,15,1,１, ,ダ1700,良,,(美),二ノ宮敬,1468,-0.0,2,2,1,36.9,514,-2,B
,"2016. 7.17",福島,2福6,新馬,新馬,8,15,サルヴェレジーナ,牝,2,柴田大知, 54 ,15,9,１, ,芝1800,良,*,(美),栗田博憲,1519,-0.2,3,3,3,35.6,430,,
,"2016. 7.17",福島,2福6,未勝利,障害未勝利,7,7,シゲルヒノクニ,牡,4,小野寺祐, 60 ,10,2,１, ,芝2770,良,,(美),伊藤正徳,3031,-0.9,4,1,1,13.2,504,+2,
,"2016. 7.17",福島,2福6,未勝利,未勝利,8,13,ボーントゥレイン,牡,3,戸崎圭太, 56 ,13,1,１, ,ダ1700,良,,(美),田村康仁,1478,-0.2,5,5,3,38.1,518,0,
,"2016. 7.17",福島,2福6,未勝利,未勝利・牝,5,9,ルーレットクイーン,牝,3,蛯名正義, 54 ,16,5,１, ,芝2000,良,,(美),武井亮,2029,-0.0,8,7,5,35.1,430,+6,
,"2016. 7.17",福島,2福6,未勝利,未勝利*,7,11,スズカゼ,牝,2,大野拓弥, 54 ,14,3,１, ,芝1200,良,,(美),伊藤正徳,1103,-0.1,,3,2,35.7,470,+4,
,"2016. 7.16",福島,2福5,500万,500万下,5,9,ミネット,牝,3,杉原誠人, 52 ,16,5,１, ,芝1800,良,,(美),藤沢和雄,1480,-0.0,6,4,4,36.1,444,+6,
,"2016. 7.16",福島,2福5,1600万,安達太良1600,4,7,リッカルド,セ,5,戸崎圭太, 57 ,15,1,１, ,ダ1700,良,,(美),黒岩陽一,1453,-0.0,2,2,2,37.2,492,-6,
,"2016. 7.16",福島,2福5,1000万,信夫山Ｈ1000,8,9,サトノフェアリー,牝,6,丸田恭介, 51 ,10,6,１, ,芝2600,良,*,(美),宗像義忠,2418,-0.0,10,7,6,34.1,454,+14,
,"2016. 7.16",福島,2福5,500万,郡山特別500,6,8,ダノンアイリス,牝,3,田中勝春, 52 ,13,2,１, ,芝1200,良,,(美),尾関知人,1089,-0.4,,3,3,34.3,466,+6,
,"2016. 7.16",福島,2福5,500万,500万下・牝,4,7,エミノマユアク,牝,3,田中勝春, 52 ,15,3,１, ,ダ1700,良,,(美),尾関知人,1477,-0.0,2,2,2,38.4,456,+4,
,"2016. 7.16",福島,2福5,未勝利,未勝利,8,16,アイスコールド,牝,3,蛯名正義, 54 ,16,2,１, ,芝1800,良,,(美),手塚貴久,1486,-0.3,10,9,2,35.7,466,-2,
,"2016. 7.16",福島,2福5,新馬,新馬,4,6,アイルキャッチユー,牝,2,津村明秀, 54 ,15,11,１, ,ダ1150,良,,(美),奥平雅士,1096,-0.0,,1,1,37.6,476,,
,"2016. 7.16",福島,2福5,新馬,新馬,7,12,ワールドツアラー,牝,2,木幡巧也,51▲,15,5,１, ,芝1200,良,*,(美),和田正道,1113,-0.3,,2,2,35.8,402,,
,"2016. 7.16",福島,2福5,未勝利,未勝利,3,5,ラブターボ,牝,3,石橋脩, 54 ,16,2,１, ,ダ1150,良,,(美),竹内正洋,1092,-0.6,,4,4,37.1,420,-8,
,"2016. 7.16",福島,2福5,未勝利,未勝利,8,16,サトノアイリ,牝,3,丸田恭介, 54 ,16,10,１, ,芝1200,良,,(美),宗像義忠,1099,-0.0,,1,1,35.5,426,+14,
,"2016. 7.16",福島,2福5,未勝利,未勝利・牝,7,12,ハイブリッドダンス,牝,3,横山典弘, 54 ,15,1,１, ,ダ1700,良,,(美),萩原清,1480,-0.3,1,1,1,39.1,466,0,
,"2016. 7.16",福島,2福5,未勝利,未勝利*,4,6,ショワドゥロワ,牡,2,戸崎圭太, 54 ,14,2,１, ,芝1800,良,,(美),鹿戸雄一,1507,-0.3,5,5,3,35.4,476,+4,
,"2016. 7.10",福島,2福4,500万,彦星賞500,4,4,キタサンガンバ,牡,3,石川裕紀, 54 ,11,5,１, ,芝1200,良,,(美),小笠倫弘,1092,-0.0,,9,9,33.9,474,0,
,"2016. 7.10",福島,2福4,Ｇ３,七夕賞ＨG3,4,8,アルバートドック,牡,4,戸崎圭太, 57 ,16,3,１, ,芝2000,良,,(栗),須貝尚介,1584,-0.1,8,7,4,35.9,476,-4,
,"2016. 7.10",福島,2福4,1000万,天の川賞1000,8,14,シュミット,牡,6,田辺裕信, 57 ,15,9,１, ,ダ1700,良,,(美),斎藤誠,1456,-0.3,9,5,3,37.1,500,+10,
,"2016. 7.10",福島,2福4,500万,織姫賞500,2,4,ブリガアルタ,牝,3,石川裕紀, 52 ,16,4,１, ,芝2000,良,,(美),尾形和幸,2010,-0.0,5,5,4,35.7,440,+4,
,"2016. 7.10",福島,2福4,500万,500万下,6,10,ワンパーセント,牡,3,蛯名正義, 54 ,15,1,１, ,ダ1700,良,,(美),中川公成,1461,-0.2,8,7,3,37.6,462,-4,
,"2016. 7.10",福島,2福4,未勝利,未勝利,7,14,クインズクオーツ,牡,3,吉田豊, 56 ,16,12,１, ,芝2000,良,,(美),尾形充弘,2024,-0.2,8,10,9,36.0,440,-2,
,"2016. 7.10",福島,2福4,新馬,新馬,5,9,ニシノオウカン,牡,2,内田博幸, 54 ,15,2,１, ,芝1200,良,,(美),古賀慎明,1109,-0.3,,1,1,36.5,430,,
,"2016. 7.10",福島,2福4,新馬,新馬,1,1,マイネルザウバア,牡,2,柴田大知, 54 ,14,2,１, ,芝1800,良,*,(美),小笠倫弘,1513,-0.2,9,9,3,35.7,426,,
,"2016. 7.10",福島,2福4,未勝利,未勝利,3,4,ベルウッドタマド,牡,3,宮崎北斗, 56 ,15,9,１, ,ダ1700,稍,,(美),武市康男,1479,-0.1,1,1,1,38.2,474,-4,
,"2016. 7.10",福島,2福4,未勝利,未勝利・牝,8,16,クイックモーション,牝,3,戸崎圭太, 54 ,16,1,１, ,芝1800,良,,(美),木村哲也,1492,-0.3,10,2,2,35.7,450,0,
,"2016. 7.10",福島,2福4,未勝利,未勝利*,7,8,ハッピーランラン,牝,2,戸崎圭太, 54 ,10,2,１, ,芝1200,良,,(美),手塚貴久,1106,-0.0,,3,3,35.1,480,+12,
,"2016. 7.10",福島,2福4,未勝利,未勝利*,3,4,アフターバーナー,牡,2,内田博幸, 54 ,15,1,１, ,ダ1150,稍,,(美),伊藤圭三,1090,-0.2,,2,2,37.3,486,-2,B
,"2016. 7. 9",福島,2福3,500万,500万下,8,14,パイロキシン,牡,4,柴田善臣, 57 ,15,6,１, ,ダ1700,稍,,(美),柴田政人,1459,-0.3,2,1,1,38.7,488,0,B
,"2016. 7. 9",福島,2福3,1600万,阿武隈Ｈ1600,3,3,ウインインスパイア,牡,5,柴田大知, 54 ,12,6,１, ,芝1800,稍,,(美),高橋祥泰,1481,-0.2,8,8,6,35.2,450,-6,
,"2016. 7. 9",福島,2福3,1000万,松島特別1000,3,3,カウニスクッカ,牝,5,丸田恭介, 55 ,11,9,１, ,芝2000,稍,,(美),尾形和幸,2009,-0.1,1,1,1,37.2,476,+10,B
,"2016. 7. 9",福島,2福3,500万,開成山特500,5,5,シュペルミエール,牡,3,内田博幸, 54 ,10,1,１, ,芝2600,稍,,(美),木村哲也,2420,-0.1,5,5,6,36.0,486,-6,
,"2016. 7. 9",福島,2福3,500万,500万下,1,1,アトランタ,牡,4,戸崎圭太, 57 ,16,1,１, ,ダ1150,稍,,(美),古賀史生,1085,-0.4,,1,1,37.0,526,-2,
,"2016. 7. 9",福島,2福3,未勝利,未勝利,3,5,ラインスラッガー,牡,3,大野拓弥, 56 ,16,9,１, ,芝1200,稍,,(美),蛯名利弘,1104,-0.1,,7,4,35.1,458,-6,
,"2016. 7. 9",福島,2福3,未勝利,未勝利,1,2,カシノアーニング,牡,3,二本柳壮, 56 ,16,11,１, ,ダ1150,稍,,(美),二本柳俊,1101,-0.1,,9,8,36.9,440,-6,B
,"2016. 7. 9",福島,2福3,新馬,新馬・牝,4,7,タケショウベスト,牝,2,蛯名正義, 54 ,16,2,１, ,芝1200,稍,,(美),田中清隆,1121,-0.2,,7,7,35.5,452,,
,"2016. 7. 9",福島,2福3,ｵｰﾌﾟﾝ,障害・オープ,2,2,ポールシッター,セ,6,石神深一, 60 ,8,2,１, ,芝2750,稍,,(美),尾形和幸,3011,-0.8,2,3,3,13.2,446,-4,
,"2016. 7. 9",福島,2福3,未勝利,未勝利,7,12,サングラスポテト,牡,3,戸崎圭太, 56 ,15,1,１, ,ダ1700,稍,,(美),栗田徹,1464,-0.4,4,3,3,38.6,516,+2,
,"2016. 7. 9",福島,2福3,未勝利,未勝利・牝,6,10,スプリングキャロル,牝,3,石川裕紀,53☆,15,3,１, ,ダ1700,稍,,(美),小島茂之,1471,-0.2,7,1,1,38.6,410,-2,
,"2016. 7. 9",福島,2福3,未勝利,障害未勝利,4,5,ララオムドゥクー,牡,4,石神深一, 60 ,14,2,１, ,芝2750,稍,,(美),粕谷昌央,3002,-0.3,3,2,2,13.1,478,+4,B
,"2016. 7. 3",福島,2福2,500万,500万下,6,11,サビーナクレスタ,セ,5,田辺裕信, 57 ,16,1,１, ,ダ1150,良,,(美),大竹正博,1084,-0.0,,1,1,37.0,498,+12,
,"2016. 7. 3",福島,2福2,Ｇ３,ラジオNIＨG3,1,1,ゼーヴィント,牡,3,戸崎圭太, 54 ,16,1,１, ,芝1800,良,,(美),木村哲也,1470,-0.2,8,7,7,34.5,482,-2,
,"2016. 7. 3",福島,2福2,1000万,さくらん1000,5,5,セイウンコウセイ,牡,3,内田博幸, 54 ,11,1,１, ,芝1200,良,,(美),上原博之,1080,-0.0,,2,2,34.2,482,-6,
,"2016. 7. 3",福島,2福2,500万,種市特別500,6,12,カカドゥ,牡,4,戸崎圭太, 57 ,16,3,１, ,芝2000,良,,(美),奥村武,2002,-0.0,12,11,7,34.4,482,-4,
,"2016. 7. 3",福島,2福2,500万,500万下・牝,8,13,スラリーアイス,牝,4,野中悠太,52▲,14,6,１, ,ダ1700,良,,(美),小桧山悟,1464,-0.0,10,6,5,38.0,464,-4,
,"2016. 7. 3",福島,2福2,未勝利,未勝利,1,1,ネイチャーレット,牡,3,野中悠太,53▲,16,6,１, ,芝1800,良,,(美),根本康広,1479,-0.1,9,9,6,35.5,448,-4,
,"2016. 7. 3",福島,2福2,新馬,新馬,4,4,バリンジャー,牡,2,戸崎圭太, 54 ,13,1,１, ,芝1200,良,,(美),奥村武,1106,-0.4,,4,4,35.3,442,,
,"2016. 7. 3",福島,2福2,新馬,新馬,5,8,アピールバイオ,牝,2,木幡巧也,51▲,15,7,１, ,芝1800,良,,(美),牧光二,1512,-1.3,1,1,1,35.3,438,,
,"2016. 7. 3",福島,2福2,未勝利,障害未勝利,6,10,アサクサリーダー,セ,4,金子光希, 60 ,14,11,１, ,芝2750,良,,(美),菊沢隆徳,3022,-0.1,5,3,2,13.3,462,0,
,"2016. 7. 3",福島,2福2,未勝利,未勝利,7,13,サンペドロ,牡,3,戸崎圭太, 56 ,15,1,１, ,ダ1700,良,,(美),田村康仁,1471,-0.3,2,2,3,39.4,464,+4,
,"2016. 7. 3",福島,2福2,未勝利,未勝利,3,5,フェルクレール,牝,3,木幡初也,51▲,16,6,１, ,芝1200,良,,(美),尾形和幸,1089,-0.2,,3,2,35.1,414,+10,
,"2016. 7. 3",福島,2福2,未勝利,未勝利・牝,8,14,ニシノグリヨン,牝,3,嘉藤貴行, 54 ,15,4,１, ,ダ1700,良,*,(美),奥平雅士,1488,-0.0,2,2,2,39.0,468,+2,
,"2016. 7. 2",福島,2福1,500万,500万下,5,8,ベルウッドケルン,牡,4,柴田善臣, 57 ,15,1,１, ,ダ1700,良,,(美),本間忍,1449,-0.8,10,9,7,36.6,474,0,
,"2016. 7. 2",福島,2福1,1600万,テレビユ1600,5,7,ジャストドゥイング,牡,4,石橋脩, 57 ,14,6,１, ,芝1200,良,,(栗),中竹和也,1082,-0.2,,2,2,33.8,548,-2,
,"2016. 7. 2",福島,2福1,1000万,猪苗代特1000,3,4,アルタイル,牡,4,蛯名正義, 57 ,15,5,１, ,ダ1700,良,,(美),手塚貴久,1443,-0.8,3,3,3,36.6,474,-10,B
,"2016. 7. 2",福島,2福1,500万,雄国沼特500,2,4,ウインマハロ,牝,4,津村明秀, 55 ,16,4,１, ,芝1800,良,,(美),鈴木伸尋,1467,-0.0,5,5,5,34.8,422,-6,
,"2016. 7. 2",福島,2福1,500万,500万下,3,6,クリノハッチャン,牝,5,杉原誠人, 55 ,16,11,１, ,芝1200,良,*,(美),高市圭二,1083,-0.3,,12,11,33.7,464,+6,
,"2016. 7. 2",福島,2福1,未勝利,未勝利,8,15,ラッシュアワー,牡,3,田辺裕信, 56 ,16,2,１, ,芝2000,良,,(美),木村哲也,2001,-0.2,9,7,4,35.7,490,+2,
,"2016. 7. 2",福島,2福1,新馬,新馬,1,2,マコトパパヴェロ,牝,2,津村明秀, 54 ,16,6,１, ,ダ1150,稍,*,(美),岩戸孝樹,1104,-0.4,,7,4,37.9,466,,
,"2016. 7. 2",福島,2福1,新馬,新馬,2,3,タイムトリップ,牡,2,柴田大知, 54 ,15,2,１, ,芝1200,良,,(美),菊川正達,1097,-0.2,,1,1,35.9,466,,
,"2016. 7. 2",福島,2福1,未勝利,未勝利,1,1,サラセニア,牡,3,吉田豊, 56 ,14,1,１, ,ダ1700,稍,,(美),小西一男,1479,-0.0,7,9,7,37.5,460,-2,
,"2016. 7. 2",福島,2福1,未勝利,未勝利・牝,4,8,コリーナ,牝,3,嘉藤貴行, 54 ,16,2,１, ,芝1200,良,,(美),栗田徹,1089,-0.4,,2,2,34.5,430,-10,
,"2016. 7. 2",福島,2福1,未勝利,未勝利,6,12,ヴィーナスベルト,牝,3,石川裕紀,53☆,16,2,１, ,ダ1150,稍,,(美),尾形和幸,1093,-0.0,,1,1,37.7,470,+6,
,"2016. 7. 2",福島,2福1,未勝利,未勝利*,2,2,オーバースペック,牡,2,岩部純二, 54 ,13,3,１, ,芝1800,良,,(美),南田美知,1501,-0.0,12,12,12,35.7,460,-6,
