Ｍ,日付(yyyy.mm.dd),場所,開催,クラス名,レース名,枠番,馬番,馬名,性別,年齢,騎手,斤量,頭数,人気,着順,芝(内・外),距離,馬場状態,多頭出し,所属,調教師,走破タイム,着差,2角,3角,4角,上り3F,馬体重,馬体重増減,ブリンカー
,"2025. 7.20",函館,1函C,1勝,１勝ｸﾗｽ,8,13,オカメノコイ,牝,3,鷲頭虎太,50▲,13,4,１, ,ダ1700,良,,(美),小笠倫弘,1456,-0.1,9,6,7,38.1,466,+4,
,"2025. 7.20",函館,1函C,Ｇ３,函館２歳G3,5,5,エイシンディード,牡,2,キング, 55 ,12,9,１, ,芝1200,良,,(栗),大久保龍,1084,-0.3,,1,1,34.1,448,-6,
,"2025. 7.20",函館,1函C,2勝,駒場特別･2勝,6,8,グレイテストソング,牡,3,佐々木大, 55 ,12,1,１, ,ダ1700,良,,(美),小笠倫弘,1456,-0.1,5,4,3,37.3,436,0,
,"2025. 7.20",函館,1函C,2勝,潮騒特別･2勝,2,2,モズナナスター,牝,3,横山武史, 53 ,13,2,１, ,芝1200,良,,(栗),矢作芳人,1079,-0.3,,2,2,34.2,440,-6,
,"2025. 7.20",函館,1函C,1勝,１勝ｸﾗｽ,2,2,レクスノヴァス,牡,3,横山和生, 55 ,9,1,１, ,芝2600,良,,(栗),上村洋行,2390,-0.3,2,2,2,35.0,492,-2,
,"2025. 7.20",函館,1函C,1勝,１勝ｸﾗｽ,3,3,パールフロント,牝,3,川又賢治, 53 ,12,3,１, ,ダ1000,良,,(栗),寺島良,0589,-0.0,,7,7,35.1,542,+10,B
,"2025. 7.20",函館,1函C,未勝利,未勝利,2,4,ヒットザグラウンド,牝,3,落合玄太, 55 ,16,3,１, ,芝1200,良,,(栗),四位洋文,1084,-0.1,,6,5,34.3,448,-2,
,"2025. 7.20",函館,1函C,新馬,新馬,2,2,アーレムアレス,牡,2,菱田裕二, 55 ,9,4,１, ,芝1800,良,,(栗),橋口慎介,1487,-0.3,4,4,3,34.5,478,,
,"2025. 7.20",函館,1函C,未勝利,未勝利,4,6,スマートブル,牡,3,鷲頭虎太,54▲,14,7,１, ,ダ1700,良,,(栗),井上智史,1454,-0.8,2,2,1,38.3,472,-6,B
,"2025. 7.20",函館,1函C,未勝利,未勝利,5,7,ハニードレス,牝,3,佐々木大, 55 ,14,2,１, ,芝1800,良,,(美),牧光二,1474,-0.2,2,2,2,34.8,440,0,
,"2025. 7.20",函館,1函C,未勝利,未勝利・牝,5,6,ナリタヒカリ,牝,3,武豊, 55 ,13,1,１, ,ダ1700,良,,(栗),荒川義之,1462,-0.3,5,4,2,38.1,430,+2,
,"2025. 7.20",函館,1函C,未勝利,未勝利*,1,2,クワイエットアイ,牡,2,柴田裕一,52▲,16,3,１, ,芝1200,良,,(栗),中竹和也,1091,-0.1,,1,1,35.3,456,+8,
,"2025. 7.19",函館,1函B,1勝,１勝ｸﾗｽ,2,4,マジカルフェアリー,牝,3,キング, 53 ,16,4,１, ,芝1200,良,,(栗),寺島良,1084,-0.2,,3,2,34.7,444,-8,B
,"2025. 7.19",函館,1函B,ｵｰﾌﾟﾝ,マリーンＨ,3,3,ピュアキアン,牡,4,吉田豊, 56 ,14,3,１, ,ダ1700,良,,(美),竹内正洋,1438,-0.3,1,2,2,36.8,514,+6,
,"2025. 7.19",函館,1函B,2勝,かもめ島･2勝,3,3,ジョイフルニュース,牝,3,佐々木大, 53 ,14,1,１, ,芝1800,良,,(美),大竹正博,1467,-0.2,3,3,3,34.4,456,+6,
,"2025. 7.19",函館,1函B,1勝,湯浜特別･1勝,2,2,サクラファレル,牡,3,キング, 55 ,14,1,１, ,芝1800,良,,(美),堀宣行,1464,-0.8,1,1,1,34.1,506,-2,
,"2025. 7.19",函館,1函B,1勝,１勝ｸﾗｽ,7,8,ライフゲート,セ,3,丹内祐次, 55 ,10,1,１, ,ダ1700,良,,(美),伊藤圭三,1457,-0.1,2,2,2,37.4,514,0,
,"2025. 7.19",函館,1函B,1勝,１勝ｸﾗｽ・牝,1,1,エスペシャリー,牝,3,横山和生, 53 ,16,2,１, ,芝1200,良,,(栗),四位洋文,1082,-0.2,,2,2,34.3,450,+4,
,"2025. 7.19",函館,1函B,未勝利,未勝利,4,5,モリノアミーゴ,牝,3,小林美駒,51★,14,9,１, ,ダ1700,良,,(美),鈴木伸尋,1465,-0.1,8,7,6,38.6,464,-2,
,"2025. 7.19",函館,1函B,未勝利,未勝利,2,4,ラブリーリディア,牝,3,横山武史, 55 ,16,1,１, ,芝2000,良,,(栗),中内田充,1599,-0.3,12,9,8,34.8,444,+4,
,"2025. 7.19",函館,1函B,未勝利,未勝利,3,5,キントラダンサー,牝,3,横山和生, 55 ,15,1,１, ,芝1200,良,,(栗),長谷川浩,1083,-0.3,,1,1,34.4,468,-4,
,"2025. 7.19",函館,1函B,未勝利,未勝利,3,3,アルデツヨシ,セ,3,丹内祐次, 57 ,12,7,１, ,ダ2400,良,,(美),田中剛,2342,-0.6,1,1,1,38.0,468,0,B
,"2025. 7.19",函館,1函B,未勝利,未勝利,7,10,レストプレドゥモア,牝,3,斎藤新, 55 ,12,4,１, ,ダ1000,良,,(栗),小林真也,0587,-0.6,,2,2,35.5,460,0,
,"2025. 7.19",函館,1函B,未勝利,未勝利*,7,9,スマートプリエール,牝,2,武豊, 55 ,11,1,１, ,芝1800,良,,(栗),大久保龍,1490,-0.7,4,3,2,34.9,466,+2,
,"2025. 7.13",函館,1函A,1勝,１勝ｸﾗｽ,8,8,ブライティアダイヤ,牝,4,佐々木大, 56 ,8,6,１, ,芝1200,良,,(美),稲垣幸雄,1085,-0.0,,6,5,34.8,468,+10,
,"2025. 7.13",函館,1函A,ｵｰﾌﾟﾝ,巴賞,4,4,ケイアイセナ,牡,6,藤岡佑介, 57 ,12,2,１, ,芝1800,良,,(栗),平田修,1448,-0.1,3,3,1,34.7,482,-2,
,"2025. 7.13",函館,1函A,2勝,噴火湾特･2勝,7,9,テイエムタリスマ,牡,4,小林美駒, 58 ,12,6,１, ,ダ1000,良,,(栗),高橋一哉,0589,-0.1,,2,1,36.0,468,-2,
,"2025. 7.13",函館,1函A,2勝,北海Ｈ･2勝,3,3,ミッキージュエリー,牝,3,丹内祐次, 52 ,12,1,１, ,芝1800,良,,(栗),中内田充,1456,-0.6,1,1,1,34.8,500,+10,
,"2025. 7.13",函館,1函A,1勝,１勝ｸﾗｽ,8,11,アイウィル,牡,4,浜中俊, 58 ,12,4,１, ,ダ1700,良,,(美),高木登,1453,-0.1,8,6,5,37.0,520,+4,
,"2025. 7.13",函館,1函A,1勝,１勝ｸﾗｽ・牝,1,1,ロートホルン,牝,3,横山武史, 53 ,14,1,１, ,芝1800,良,,(美),加藤征弘,1466,-0.1,2,2,2,34.9,472,+12,
,"2025. 7.13",函館,1函A,未勝利,未勝利,3,4,デルマジュテーム,牝,3,的場勇人, 55 ,15,9,１, ,芝2000,良,,(美),的場均,1594,-0.1,3,3,2,36.1,450,+4,
,"2025. 7.13",函館,1函A,新馬,新馬,6,6,ハイヤーマーク,牡,2,丹内祐次, 55 ,7,2,１, ,芝1200,良,,(美),手塚貴久,1089,-0.5,,3,3,34.5,454,,
,"2025. 7.13",函館,1函A,未勝利,未勝利,4,5,ロードスカイブルー,牡,3,横山和生, 57 ,13,1,１, ,ダ1700,良,,(美),和田勇介,1467,-1.1,12,1,1,38.5,470,+4,
,"2025. 7.13",函館,1函A,未勝利,未勝利,8,16,ルブリアン,牡,3,鷲頭虎太,54▲,16,6,１, ,芝1200,良,,(栗),佐々木晶,1090,-0.0,,1,1,33.9,488,0,
,"2025. 7.13",函館,1函A,未勝利,未勝利・牝,1,1,ハッピーウィズユー,牝,3,横山武史, 55 ,14,3,１, ,ダ1700,良,,(美),小笠倫弘,1456,-0.6,2,2,2,38.2,512,+14,
,"2025. 7.13",函館,1函A,未勝利,未勝利*,7,9,アパタイトテソーロ,牝,2,吉田隼人, 55 ,12,8,１, ,ダ1000,良,,(美),畠山吉宏,1002,-0.8,,5,3,36.4,408,+10,
,"2025. 7.12",函館,1函9,1勝,１勝ｸﾗｽ,7,9,ボルセーナ,牝,3,舟山瑠泉,50▲,12,1,１, ,ダ1000,良,,(栗),奥村豊,0587,-0.4,,2,1,35.9,456,+2,
,"2025. 7.12",函館,1函9,3勝,五稜郭Ｓ･3勝,6,10,パレハ,牝,4,鮫島克駿, 56 ,14,4,１, ,芝1800,良,,(栗),新谷功一,1463,-0.0,7,6,6,34.8,448,+8,
,"2025. 7.12",函館,1函9,2勝,ＨＴＢ杯･2勝,5,5,カルプスペルシュ,牝,3,横山武史, 53 ,11,1,１, ,芝1200,良,,(栗),石坂公一,1072,-0.5,,2,2,34.3,470,+6,
,"2025. 7.12",函館,1函9,1勝,北斗特別･1勝,8,10,バルティカ,牡,3,北村友一, 55 ,11,8,１, ,芝2000,良,,(栗),高橋亮,1598,-0.2,2,2,2,34.7,448,-6,
,"2025. 7.12",函館,1函9,1勝,１勝ｸﾗｽ,8,10,ファイアトリック,牡,3,佐々木大, 55 ,11,2,１, ,ダ2400,良,,(美),伊坂重信,2347,-0.0,6,4,3,38.3,446,+4,
,"2025. 7.12",函館,1函9,1勝,１勝ｸﾗｽ・牝,4,4,リアルクィーン,牝,3,佐々木大, 53 ,10,4,１, ,ダ1700,良,,(栗),石坂公一,1464,-0.2,4,4,4,37.6,456,+4,
,"2025. 7.12",函館,1函9,未勝利,未勝利,1,2,レッドヴァリアート,牡,3,横山武史, 57 ,16,7,１, ,芝2600,良,,(栗),加藤公太,2399,-0.7,3,2,2,35.9,452,-2,
,"2025. 7.12",函館,1函9,新馬,新馬,3,3,マルガ,牝,2,武豊, 55 ,7,1,１, ,芝1800,良,,(栗),須貝尚介,1481,-0.5,1,1,1,35.7,470,,
,"2025. 7.12",函館,1函9,未勝利,未勝利,1,1,ララエキリーブル,牡,3,古川吉洋, 57 ,14,1,１, ,ダ1700,良,,(栗),坂口智康,1476,-0.5,7,7,5,38.1,436,+2,
,"2025. 7.12",函館,1函9,未勝利,未勝利,4,4,コンドゥイア,牝,3,鷲頭虎太,52▲,13,1,１, ,芝1800,良,,(栗),井上智史,1473,-0.2,3,3,3,35.4,488,+6,
,"2025. 7.12",函館,1函9,未勝利,未勝利,8,12,ショウナンラリー,牡,3,横山和生, 57 ,12,3,１, ,ダ1000,良,,(美),嘉藤貴行,0588,-0.9,,2,2,35.6,488,0,
,"2025. 7.12",函館,1函9,未勝利,未勝利・牝,3,3,セゾンデフィーユ,牝,3,横山武史, 55 ,14,1,１, ,芝1200,良,,(美),稲垣幸雄,1081,-0.3,,1,1,35.0,462,-2,
,"2025. 7. 6",函館,1函8,1勝,１勝ｸﾗｽ,8,9,アジュマン,牡,3,佐々木大, 55 ,10,1,１, ,芝1200,稍,,(栗),石坂公一,1097,-0.3,,1,1,34.9,486,0,
,"2025. 7. 6",函館,1函8,OP(L),大沼Ｓ(L),6,6,ペリエール,牡,5,佐々木大, 58 ,10,5,１, ,ダ1700,稍,,(美),黒岩陽一,1433,-0.4,2,2,2,36.9,484,-6,
,"2025. 7. 6",函館,1函8,2勝,横津岳Ｈ･2勝,6,6,チュウワモーニング,牝,5,古川吉洋, 52 ,10,6,１, ,芝2600,稍,,(栗),小崎憲,2435,-0.1,5,4,4,36.2,462,+2,
,"2025. 7. 6",函館,1函8,2勝,立待岬特･2勝,6,7,ルージュラナキラ,牝,3,横山武史, 53 ,11,3,１, ,芝1200,稍,,(美),加藤征弘,1094,-0.1,,5,5,34.2,462,-6,
,"2025. 7. 6",函館,1函8,1勝,１勝ｸﾗｽ,6,9,レッドライトニング,牡,4,舟山瑠泉,55▲,13,2,１, ,ダ1700,稍,,(美),鹿戸雄一,1449,-0.1,5,3,1,37.5,480,+2,
,"2025. 7. 6",函館,1函8,1勝,１勝ｸﾗｽ,1,1,モンシェリ,牝,4,横山武史, 56 ,12,2,１, ,ダ1000,稍,,(栗),牧田和弥,0583,-0.1,,2,2,35.5,462,0,B
,"2025. 7. 6",函館,1函8,未勝利,未勝利,4,4,ミクニインスパイア,牡,3,丹内祐次, 57 ,12,1,１, ,芝2000,稍,,(美),林徹,2026,-0.8,2,3,3,35.2,504,-4,
,"2025. 7. 6",函館,1函8,新馬,新馬,1,1,ショウナンガルフ,牡,2,池添謙一, 55 ,6,1,１, ,芝1800,稍,,(栗),須貝尚介,1511,-1.1,2,2,2,35.4,474,,
,"2025. 7. 6",函館,1函8,未勝利,未勝利,7,12,ララバニュルス,牡,3,藤岡佑介, 57 ,15,2,１, ,芝1200,稍,,(美),大竹正博,1096,-0.3,,9,7,34.9,526,+2,
,"2025. 7. 6",函館,1函8,未勝利,未勝利,6,9,ブレイクバウンズ,牡,3,伊藤工真, 57 ,13,5,１, ,ダ1700,稍,,(美),林徹,1456,-0.1,3,2,1,38.1,478,-8,B
,"2025. 7. 6",函館,1函8,未勝利,未勝利・牝,6,7,パールフロント,牝,3,川又賢治, 55 ,12,2,１, ,ダ1000,稍,,(栗),寺島良,0584,-0.8,,4,3,35.4,532,+2,B
,"2025. 7. 6",函館,1函8,未勝利,未勝利*,5,5,タガノアラリア,牡,2,斎藤新, 55 ,10,3,１, ,芝1200,稍,,(栗),西園翔太,1102,-0.1,,5,3,34.9,434,-2,
,"2025. 7. 5",函館,1函7,1勝,１勝ｸﾗｽ・牝,6,9,オンザスクエア,牝,3,横山和生, 53 ,13,1,１, ,ダ1700,重,,(美),上原佑紀,1454,-0.0,2,1,1,37.4,476,+8,
,"2025. 7. 5",函館,1函7,3勝,ＴＶｈ杯･3勝,5,8,ナムラクララ,牝,3,浜中俊, 53 ,14,2,１, ,芝1200,稍,,(栗),長谷川浩,1093,-0.0,,2,2,34.4,474,+10,
,"2025. 7. 5",函館,1函7,2勝,竜飛崎特･2勝,8,14,ドバイブルース,牡,4,横山武史, 58 ,14,4,１, ,ダ1700,重,,(美),加藤征弘,1428,-0.2,2,2,2,37.2,500,-8,
,"2025. 7. 5",函館,1函7,1勝,恵山特別･1勝,3,3,ウォータークラーク,牡,3,武豊, 55 ,8,2,１, ,芝1800,稍,,(栗),石橋守,1486,-0.1,3,3,3,36.7,474,0,
,"2025. 7. 5",函館,1函7,1勝,１勝ｸﾗｽ,4,4,ベビーズブレス,牝,3,武豊, 53 ,9,1,１, ,芝1200,稍,,(栗),千田輝彦,1094,-0.3,,2,1,34.8,420,-2,
,"2025. 7. 5",函館,1函7,1勝,１勝ｸﾗｽ,8,12,リギーロ,牡,3,佐々木大, 55 ,12,1,１, ,芝2600,稍,,(美),栗田徹,2431,-0.3,8,6,4,36.6,472,-2,
,"2025. 7. 5",函館,1函7,未勝利,未勝利,6,8,メイショウタイピン,牡,3,池添謙一, 57 ,12,1,１, ,ダ1700,重,,(栗),飯田祐史,1446,-0.5,2,2,2,37.4,502,0,
,"2025. 7. 5",函館,1函7,新馬,新馬,4,4,エムフォー,牡,2,小林美駒,51★,7,1,１, ,ダ1000,重,,(栗),石坂公一,0579,-1.9,,2,1,34.9,462,,
,"2025. 7. 5",函館,1函7,未勝利,未勝利,5,5,スペシャルバニー,牝,3,斎藤新, 55 ,9,6,１, ,芝1800,重,,(美),田村康仁,1516,-0.0,4,4,6,35.1,404,+2,
,"2025. 7. 5",函館,1函7,未勝利,未勝利・牝,4,4,モルビド,牝,3,藤岡佑介, 55 ,13,10,１, ,芝2000,重,,(栗),中内田充,2020,-0.0,13,2,2,36.7,420,+12,
,"2025. 7. 5",函館,1函7,未勝利,未勝利,8,12,ミッキーマカパ,牡,3,舟山瑠泉,54▲,12,2,１, ,ダ1000,不,,(美),田中博康,0580,-0.1,,2,2,35.3,520,0,
,"2025. 7. 5",函館,1函7,未勝利,未勝利・牝*,1,1,トウカイマシェリ,牝,2,鮫島克駿, 55 ,8,1,１, ,芝1200,重,,(栗),高柳大輔,1104,-0.2,,3,4,36.1,444,-2,
,"2025. 6.29",函館,1函6,2勝,湯の川温･2勝,7,12,トウカイファクター,セ,6,木幡巧也, 58 ,14,11,１, ,芝1200,良,,(美),菊川正達,1087,-0.2,,1,1,34.3,464,-4,B
,"2025. 6.29",函館,1函6,Ｇ３,函館記念ＨG3,5,8,ヴェローチェエラ,牡,4,佐々木大, 56 ,14,10,１, ,芝2000,良,,(栗),須貝尚介,1576,-0.3,10,9,2,34.7,496,+2,
,"2025. 6.29",函館,1函6,2勝,渡島特別･2勝,8,11,ウェイトゥゴー,牝,4,横山和生, 56 ,11,1,１, ,ダ1700,良,,(栗),昆貢,1456,-0.4,10,8,6,37.2,466,-4,
,"2025. 6.29",函館,1函6,1勝,臥牛山特･1勝,8,9,シュバルツマサムネ,牡,3,北村友一, 55 ,10,4,１, ,芝2000,良,,(栗),杉山佳明,1591,-0.0,5,5,4,34.5,472,+16,
,"2025. 6.29",函館,1函6,1勝,１勝ｸﾗｽ,8,11,チュウワクリスエス,牡,3,小林美駒,51★,11,1,１, ,ダ1700,良,,(美),栗田徹,1451,-0.2,1,1,1,40.2,490,+4,
,"2025. 6.29",函館,1函6,1勝,１勝ｸﾗｽ・牝,8,11,クリノハレルヤ,牝,4,森田誠也,53▲,11,9,１, ,芝1200,良,,(栗),武英智,1089,-0.1,,1,1,35.3,478,-2,B
,"2025. 6.29",函館,1函6,未勝利,未勝利,4,8,サクラアドリア,牡,3,武豊, 57 ,16,1,１, ,芝1800,良,,(美),尾関知人,1480,-0.0,13,9,6,36.0,490,+6,
,"2025. 6.29",函館,1函6,新馬,新馬,8,11,エスカレイト,牝,2,小林美駒,51★,12,3,１, ,芝1200,良,,(栗),小栗実,1107,-0.2,,3,3,34.6,436,,
,"2025. 6.29",函館,1函6,未勝利,未勝利,6,6,ミッキーコンドル,牡,3,藤岡佑介, 57 ,9,2,１, ,ダ1700,良,,(栗),大久保龍,1470,-0.3,3,2,1,37.8,448,+4,B
,"2025. 6.29",函館,1函6,未勝利,未勝利,2,2,ペイシャアーサー,牡,3,丹内祐次, 57 ,12,2,１, ,芝1200,良,,(美),本間忍,1091,-0.2,,1,1,34.8,454,-2,
,"2025. 6.29",函館,1函6,未勝利,未勝利,5,6,ストラテージュ,牡,3,古川奈穂,54▲,12,5,１, ,ダ1000,良,,(栗),矢作芳人,0591,-0.2,,3,2,35.4,460,-6,B
,"2025. 6.29",函館,1函6,未勝利,未勝利*,5,5,シーグルロス,牝,2,小林美駒,51★,12,9,１, ,芝1200,良,,(美),尾形和幸,1099,-0.1,,2,2,35.2,446,-10,
,"2025. 6.28",函館,1函5,1勝,１勝ｸﾗｽ,7,12,アレスグート,牡,3,木幡巧也, 55 ,14,4,１, ,ダ1700,稍,,(美),牧光二,1451,-0.1,2,2,3,37.8,456,0,
,"2025. 6.28",函館,1函5,ｵｰﾌﾟﾝ,青函ＳＨ,5,10,エーティーマクフィ,牡,6,藤岡佑介, 56 ,16,12,１, ,芝1200,良,,(栗),武英智,1081,-0.0,,11,10,33.7,470,-6,B
,"2025. 6.28",函館,1函5,2勝,洞爺湖特･2勝,4,7,カネラフィーナ,牝,3,横山武史, 53 ,16,1,１, ,芝2000,良,,(美),手塚貴久,1594,-0.4,2,2,2,35.1,468,+8,
,"2025. 6.28",函館,1函5,1勝,長万部特･1勝,3,3,エルサトアナ,牝,3,松本大輝, 53 ,8,3,１, ,芝1200,良,,(栗),本田優,1086,-0.0,,2,2,34.2,426,+4,
,"2025. 6.28",函館,1函5,1勝,１勝ｸﾗｽ,2,2,サベージラヴ,牝,4,小林美駒,52★,12,7,１, ,ダ1000,稍,,(美),伊藤圭三,0585,-0.1,,1,1,35.9,468,+2,B
,"2025. 6.28",函館,1函5,1勝,１勝ｸﾗｽ,7,13,マイスターヴェルク,牝,3,横山和生, 53 ,16,3,１, ,芝1800,稍,,(美),勢司和浩,1468,-0.3,4,2,1,35.6,502,-6,
,"2025. 6.28",函館,1函5,未勝利,未勝利,7,10,アスクガンバーレ,牡,3,岩田康誠, 57 ,12,3,１, ,ダ1700,稍,,(栗),福永祐一,1461,-0.4,12,7,2,38.1,442,0,
,"2025. 6.28",函館,1函5,新馬,新馬,3,5,フィオラーノ,牡,2,松本大輝,54☆,16,3,１, ,芝1200,稍,,(栗),吉田直弘,1101,-0.1,,2,2,35.5,438,,
,"2025. 6.28",函館,1函5,未勝利,未勝利,4,4,アルマデオロ,牡,3,武豊, 57 ,13,1,１, ,芝2000,稍,,(栗),清水久詞,2004,-0.5,4,3,1,36.0,498,+4,
,"2025. 6.28",函館,1函5,未勝利,未勝利・牝,6,9,デルマアポロニア,牝,3,武豊, 55 ,14,1,１, ,ダ1700,稍,,(美),蛯名正義,1455,-0.3,12,8,4,37.7,478,-2,
,"2025. 6.28",函館,1函5,未勝利,未勝利,3,3,ピストルスター,牡,3,北村友一, 57 ,12,2,１, ,ダ2400,稍,,(栗),高橋亮,2342,-0.2,2,2,2,37.1,498,+4,
,"2025. 6.28",函館,1函5,未勝利,未勝利・牝,4,6,オーケーダイナ,牝,3,武豊, 55 ,15,2,１, ,芝1200,稍,,(栗),奥村豊,1094,-0.1,,5,5,34.4,430,0,
,"2025. 6.22",函館,1函4,1勝,１勝ｸﾗｽ・牝,7,9,ネクストダンサー,牝,3,横山武史, 53 ,12,1,１, ,ダ1700,重,,(美),伊藤圭三,1456,-0.1,3,5,4,38.4,484,+4,B
,"2025. 6.22",函館,1函4,3勝,ＵＨＢＨ･3勝,8,14,オードゥメール,牝,6,斎藤新, 53 ,15,14,１, ,芝1200,重,,(美),斎藤誠,1087,-0.2,,2,3,34.6,494,0,
,"2025. 6.22",函館,1函4,2勝,檜山特別･2勝,6,10,バギーウィップ,牡,3,武藤雅, 55 ,14,1,１, ,ダ1700,重,,(美),萩原清,1443,-0.2,2,2,1,37.0,506,+2,
,"2025. 6.22",函館,1函4,1勝,遊楽部特･1勝,7,8,レイピカケ,牝,4,武豊, 56 ,10,5,１, ,芝2000,重,,(栗),野中賢二,2022,-0.1,8,7,7,34.9,458,+4,B
,"2025. 6.22",函館,1函4,1勝,１勝ｸﾗｽ,2,2,カルプスペルシュ,牝,3,横山武史, 53 ,11,1,１, ,芝1200,重,,(栗),石坂公一,1091,-0.2,,2,2,34.6,464,0,
,"2025. 6.22",函館,1函4,1勝,１勝ｸﾗｽ,3,3,ドゥカート,牡,3,鮫島克駿, 55 ,13,8,１, ,芝1800,重,,(美),宮田敬介,1477,-0.0,11,11,4,35.1,472,+4,
,"2025. 6.22",函館,1函4,未勝利,未勝利,7,8,マンオブザマッチ,牡,3,舟山瑠泉,54▲,11,2,１, ,ダ1700,重,,(栗),高橋義忠,1451,-0.2,6,1,1,37.6,486,-2,
,"2025. 6.22",函館,1函4,新馬,新馬,5,6,クラディスティーナ,牡,2,横山武史, 55 ,12,2,１, ,芝1200,重,,(美),清水英克,1105,-0.0,,4,4,35.5,476,,
,"2025. 6.22",函館,1函4,未勝利,未勝利,3,6,ゼットエイト,牡,3,鮫島克駿, 57 ,16,10,１, ,芝1800,重,,(栗),宮地貴稔,1489,-0.0,13,12,10,36.6,458,+4,
,"2025. 6.22",函館,1函4,未勝利,未勝利,4,4,アスゴッド,牡,3,古川奈穂,54▲,12,1,１, ,ダ1000,重,,(栗),矢作芳人,0585,-0.0,,8,7,35.1,500,-4,
,"2025. 6.22",函館,1函4,未勝利,未勝利・牝,3,3,シェリルファミーユ,牝,3,武豊, 55 ,14,3,１, ,ダ1700,重,,(栗),橋口慎介,1449,-0.0,9,9,7,36.9,436,0,
,"2025. 6.22",函館,1函4,未勝利,未勝利,1,1,ベビーズブレス,牝,3,武豊, 55 ,16,1,１, ,芝1200,重,,(栗),千田輝彦,1095,-0.3,,1,1,35.5,422,+2,
,"2025. 6.21",函館,1函3,1勝,１勝ｸﾗｽ,2,2,サムシャイン,牡,3,横山和生, 55 ,8,1,１, ,ダ1700,良,,(美),鈴木慎太,1451,-1.0,1,1,1,35.9,480,+8,
,"2025. 6.21",函館,1函3,2勝,ＳＴＶ杯･2勝,3,5,ゴールドサーベル,牡,4,武豊, 58 ,15,8,１, ,芝1200,良,,(栗),大久保龍,1089,-0.1,,9,9,33.8,472,-2,
,"2025. 6.21",函館,1函3,1勝,駒ケ岳特･1勝,5,5,マイファミリー,牡,4,黛弘人, 58 ,8,3,１, ,芝2600,良,,(美),深山雅史,2416,-0.0,2,2,1,35.3,446,-2,B
,"2025. 6.21",函館,1函3,1勝,下北半島･1勝,4,4,カウスリップ,牝,3,横山和生, 53 ,10,1,１, ,芝1200,良,,(美),中舘英二,1084,-0.0,,1,1,34.6,528,+4,
,"2025. 6.21",函館,1函3,1勝,１勝ｸﾗｽ,8,12,テイエムタリスマ,牡,4,小林美駒,54★,12,3,１, ,ダ1000,良,,(栗),高橋一哉,0588,-0.1,,2,2,35.8,470,-2,
,"2025. 6.21",函館,1函3,未勝利,未勝利・牝,2,4,ハートメテオ,牝,3,鮫島克駿, 55 ,16,1,１, ,芝1800,良,,(栗),笹田和秀,1469,-0.6,5,5,4,35.0,442,-4,
,"2025. 6.21",函館,1函3,新馬,新馬,1,1,スターオブロンドン,牡,2,古川奈穂,52▲,9,2,１, ,ダ1000,良,,(栗),矢作芳人,0596,-0.1,,4,4,35.9,476,,
,"2025. 6.21",函館,1函3,新馬,新馬・牝,6,10,ブラックチャリス,牝,2,浜中俊, 55 ,15,3,１, ,芝1200,良,,(栗),武幸四郎,1082,-0.5,,3,2,34.4,432,,
,"2025. 6.21",函館,1函3,未勝利,未勝利,6,12,アオイタケル,牡,3,藤岡佑介, 57 ,16,1,１, ,芝2000,良,,(栗),四位洋文,2002,-0.4,2,2,2,36.0,484,-2,
,"2025. 6.21",函館,1函3,未勝利,未勝利,7,10,サンライズバレット,牡,3,鮫島克駿, 57 ,13,2,１, ,ダ1700,良,,(栗),茶木太樹,1461,-0.9,6,2,2,38.3,506,0,
,"2025. 6.21",函館,1函3,未勝利,未勝利・牝,1,1,メイショウホダワラ,牝,3,丹内祐次, 55 ,12,1,１, ,ダ1000,良,,(栗),荒川義之,0593,-0.3,,1,1,36.3,474,-2,
,"2025. 6.21",函館,1函3,未勝利,未勝利,6,11,グッバイウェーブ,牝,3,横山武史, 55 ,16,7,１, ,芝1200,良,,(美),中川公成,1088,-0.1,,1,1,35.2,450,-6,
,"2025. 6.15",函館,1函2,1勝,１勝ｸﾗｽ,7,9,グレイテストソング,牡,3,佐々木大, 55 ,11,1,１, ,ダ1700,良,,(美),小笠倫弘,1454,-0.2,4,5,4,37.4,430,+2,
,"2025. 6.15",函館,1函2,2勝,函館日刊･2勝,4,5,ドゥアムール,牝,3,丹内祐次, 53 ,14,1,１, ,芝1200,良,,(栗),中竹和也,1075,-0.3,,1,1,34.3,480,+6,
,"2025. 6.15",函館,1函2,2勝,津軽海Ｈ･2勝,6,10,タマモプルメリア,牝,4,小沢大仁, 53 ,14,7,１, ,ダ1700,良,,(栗),大橋勇樹,1454,-0.1,4,2,2,37.1,450,-4,
,"2025. 6.15",函館,1函2,1勝,八雲特別･1勝,1,1,マルカオペラ,牝,4,小沢大仁, 56 ,13,4,１, ,芝1800,良,,(栗),浜田多実,1466,-0.2,2,4,2,35.1,480,0,
,"2025. 6.15",函館,1函2,1勝,１勝ｸﾗｽ,3,3,シアター,牝,4,小林美駒,52★,13,4,１, ,芝1200,良,,(栗),茶木太樹,1076,-0.2,,1,1,34.5,450,+10,
,"2025. 6.15",函館,1函2,1勝,１勝ｸﾗｽ・牝,5,5,クーデール,牝,3,鷲頭虎太,50▲,9,1,１, ,ダ1000,良,,(栗),坂口智康,0583,-0.2,,1,1,34.9,438,0,B
,"2025. 6.15",函館,1函2,未勝利,未勝利,7,11,レクスノヴァス,牡,3,岩田康誠, 57 ,13,1,１, ,芝2000,良,,(栗),上村洋行,1596,-0.2,7,7,5,34.9,492,+6,
,"2025. 6.15",函館,1函2,新馬,新馬,3,3,ルージュサウダージ,牝,2,小沢大仁, 55 ,9,2,１, ,芝1200,良,,(栗),松永幹夫,1084,-0.2,,4,4,34.3,462,,
,"2025. 6.15",函館,1函2,未勝利,未勝利,8,9,リギーロ,牡,3,佐々木大, 57 ,10,4,１, ,芝2600,良,,(美),栗田徹,2373,-0.9,8,2,1,35.3,474,+2,
,"2025. 6.15",函館,1函2,未勝利,未勝利,8,11,トーアジョウトウ,牡,3,舟山瑠泉,54▲,12,3,１, ,ダ1000,良,,(美),村田一誠,0586,-0.0,,1,1,35.6,496,+1,
,"2025. 6.15",函館,1函2,未勝利,未勝利,8,14,ライフゲート,セ,3,丹内祐次, 57 ,14,1,１, ,ダ1700,良,,(美),伊藤圭三,1460,-0.5,1,1,1,38.6,512,+12,
,"2025. 6.15",函館,1函2,未勝利,未勝利,5,10,エルサトアナ,牝,3,松本大輝,54☆,16,1,１, ,芝1200,良,,(栗),本田優,1078,-0.2,,2,2,34.1,422,-6,
,"2025. 6.14",函館,1函1,1勝,１勝ｸﾗｽ,8,13,プラムダンディ,牡,4,吉田隼人, 58 ,14,1,１, ,ダ1700,良,,(美),尾形和幸,1458,-0.3,13,2,2,37.3,460,+8,
,"2025. 6.14",函館,1函1,Ｇ３,函館スプG3,2,4,カピリナ,牝,4,戸崎圭太, 55 ,16,2,１, ,芝1200,良,,(美),田島俊明,1066,-0.0,,6,6,33.4,474,+4,
,"2025. 6.14",函館,1函1,2勝,松前特別･2勝,3,6,パレハ,牝,4,鮫島克駿, 56 ,16,6,１, ,芝1800,良,*,(栗),新谷功一,1463,-0.2,8,7,7,34.3,440,+8,
,"2025. 6.14",函館,1函1,1勝,奥尻特別･1勝,3,3,ロードリベラシオン,牡,3,横山和生, 55 ,12,6,１, ,芝2000,良,,(美),尾形和幸,2002,-0.0,5,1,1,34.7,496,-4,
,"2025. 6.14",函館,1函1,1勝,１勝ｸﾗｽ,5,5,タッカージーティー,牝,3,横山武史, 53 ,12,1,１, ,ダ1000,良,,(美),鈴木伸尋,0579,-0.7,,1,1,34.8,484,+4,
,"2025. 6.14",函館,1函1,1勝,１勝ｸﾗｽ,5,8,ラパンチュール,牝,3,武豊, 53 ,14,1,１, ,芝1200,良,,(美),蛯名正義,1072,-0.3,,10,9,33.7,448,-8,
,"2025. 6.14",函館,1函1,未勝利,未勝利,3,4,コスモシェルベット,牡,3,横山武史, 57 ,14,2,１, ,ダ1700,良,,(美),水野貴広,1453,-0.4,2,2,1,38.0,436,-4,
,"2025. 6.14",函館,1函1,新馬,新馬,1,1,カイショー,牝,2,池添謙一, 55 ,12,1,１, ,芝1000,良,,(栗),長谷川浩,0564,-0.5,,1,1,33.9,452,,
,"2025. 6.14",函館,1函1,未勝利,未勝利,6,11,ウインベラーノ,牡,3,丹内祐次, 57 ,15,4,１, ,芝1800,良,,(栗),宮徹,1460,-0.6,1,1,1,35.3,454,0,
,"2025. 6.14",函館,1函1,未勝利,未勝利,8,11,イチトゼロノアイダ,牝,3,佐々木大, 55 ,12,1,１, ,ダ1000,良,,(栗),石坂公一,0597,-0.3,,1,1,36.4,484,+2,
,"2025. 6.14",函館,1函1,未勝利,未勝利・牝,7,11,アレーティア,牝,3,浜中俊, 55 ,14,2,１, ,ダ1700,良,,(栗),田中克典,1456,-0.1,3,2,2,38.2,500,-4,
,"2025. 6.14",函館,1函1,未勝利,未勝利,3,6,エスペシャリー,牝,3,藤岡佑介, 55 ,16,3,１, ,芝1200,良,,(栗),四位洋文,1079,-0.2,,3,2,34.3,442,+6,
,"2024. 7.14",函館,1函C,2勝,湯の川温･2勝,2,2,ラウラーナ,牝,4,浜中俊, 56 ,12,9,１, ,芝1200,良,,(美),宗像義忠,1097,-0.0,,3,3,35.2,434,+12,
,"2024. 7.14",函館,1函C,Ｇ３,函館記念ＨG3,6,12,ホウオウビスケッツ,牡,4,岩田康誠,57.5,16,3,１, ,芝2000,良,,(美),奥村武,1592,-0.6,2,2,2,35.3,506,-4,
,"2024. 7.14",函館,1函C,2勝,駒場特別･2勝,5,7,レッドラグラス,牡,4,藤岡佑介, 58 ,14,5,１, ,ダ1700,良,,(栗),中内田充,1454,-0.3,4,4,2,38.1,494,+14,
,"2024. 7.14",函館,1函C,1勝,臥牛山特･1勝,8,13,ノレッジビューティ,牝,4,岩田康誠, 56 ,13,7,１, ,芝1800,良,,(栗),上村洋行,1490,-0.0,2,2,2,35.8,454,-2,
,"2024. 7.14",函館,1函C,1勝,１勝ｸﾗｽ,4,6,アコルダール,牝,6,丹内祐次, 56 ,15,4,１, ,芝1200,良,,(栗),西園翔太,1090,-0.1,,7,8,34.4,460,0,
,"2024. 7.14",函館,1函C,1勝,１勝ｸﾗｽ・牝,5,8,エリカサファイア,牝,3,佐々木大, 53 ,14,1,１, ,ダ1700,良,,(美),堀宣行,1447,-0.4,9,3,3,37.1,490,-6,
,"2024. 7.14",函館,1函C,未勝利,未勝利,8,15,ドウアドバンテージ,牡,3,武豊, 57 ,16,3,１, ,芝2000,良,,(栗),四位洋文,2019,-0.1,7,6,6,35.7,486,0,
,"2024. 7.14",函館,1函C,新馬,新馬,4,4,アスクシュタイン,牡,2,北村友一, 55 ,9,2,１, ,芝1800,良,,(栗),藤原英昭,1517,-0.3,1,1,1,34.7,492,,
,"2024. 7.14",函館,1函C,未勝利,未勝利,3,3,ペレグリン,牝,3,長浜鴻緒,52▲,12,1,１, ,ダ1000,良,,(栗),河嶋宏樹,0593,-0.7,,2,2,35.9,432,+6,
,"2024. 7.14",函館,1函C,未勝利,未勝利・牝,4,7,エヴァンスウィート,牝,3,鮫島克駿, 55 ,16,3,１, ,芝1200,良,,(栗),友道康夫,1095,-0.2,,4,5,35.5,438,+16,
,"2024. 7.14",函館,1函C,未勝利,未勝利,4,5,マテンロウノカゼ,牡,3,横山和生, 57 ,14,7,１, ,ダ1700,良,,(栗),昆貢,1469,-0.4,14,1,1,39.2,484,-6,B
,"2024. 7.14",函館,1函C,未勝利,未勝利*,8,9,ドゥアムール,牝,2,武豊, 55 ,10,1,１, ,芝1200,良,,(栗),中竹和也,1100,-0.4,,1,1,35.5,462,+4,
,"2024. 7.13",函館,1函B,1勝,１勝ｸﾗｽ・牝,7,11,ハートホイップ,牝,5,永野猛蔵, 56 ,13,5,１, ,芝1200,良,,(美),蛯名利弘,1101,-0.1,,2,2,35.3,490,+2,
,"2024. 7.13",函館,1函B,Ｇ３,函館２歳G3,5,7,サトノカルナバル,牡,2,佐々木大, 55 ,14,1,１, ,芝1200,良,,(美),堀宣行,1092,-0.2,,4,4,34.8,496,+2,
,"2024. 7.13",函館,1函B,2勝,かもめ島･2勝,4,6,ワンブランチ,牝,3,佐々木大, 53 ,14,1,１, ,芝1800,良,,(美),上原佑紀,1489,-0.1,6,3,3,34.5,440,+4,
,"2024. 7.13",函館,1函B,1勝,湯浜特別･1勝,1,1,セクシーブーケ,牝,3,北村友一, 53 ,12,2,１, ,ダ1700,良,,(栗),田中克典,1458,-0.6,6,6,5,36.4,446,-2,
,"2024. 7.13",函館,1函B,1勝,１勝ｸﾗｽ,1,1,スコーピオン,牡,3,菱田裕二, 55 ,12,2,１, ,ダ1000,良,,(美),武藤善則,0588,-0.2,,1,1,35.6,468,-2,
,"2024. 7.13",函館,1函B,1勝,１勝ｸﾗｽ,6,8,ゴージョニーゴー,牡,3,横山和生, 55 ,12,3,１, ,芝2600,良,*,(栗),四位洋文,2425,-0.4,6,1,1,36.4,516,-6,
,"2024. 7.13",函館,1函B,未勝利,未勝利,4,5,サンライズシア,牡,3,高杉吏麒,54▲,14,1,１, ,ダ1700,良,,(栗),石坂公一,1446,-1.0,1,1,1,37.5,506,-2,
,"2024. 7.13",函館,1函B,未勝利,未勝利,4,5,ミッキースピネル,牝,3,藤岡佑介, 55 ,14,1,１, ,芝1800,良,,(栗),中内田充,1494,-0.3,10,8,7,35.7,486,,
,"2024. 7.13",函館,1函B,未勝利,未勝利,1,1,タケルゴールド,牡,3,岩田康誠, 57 ,12,3,１, ,ダ2400,良,,(美),加藤征弘,2352,-1.2,1,1,1,38.6,450,-2,
,"2024. 7.13",函館,1函B,未勝利,未勝利,2,4,マサノカナリア,牝,3,高杉吏麒,52▲,16,1,１, ,芝1200,良,,(栗),藤野健太,1091,-0.3,,7,8,34.2,454,-6,
,"2024. 7.13",函館,1函B,未勝利,未勝利・牝,8,13,イラーナ,牝,3,小林勝太,52▲,14,1,１, ,ダ1700,良,,(美),林徹,1463,-0.3,1,1,1,39.3,434,-2,B
,"2024. 7.13",函館,1函B,未勝利,未勝利*,3,3,イガッチ,牡,2,浜中俊, 55 ,12,2,１, ,芝1800,良,,(栗),笹田和秀,1514,-0.4,4,3,1,36.1,462,0,
,"2024. 7. 7",函館,1函A,1勝,１勝ｸﾗｽ,4,4,ハッピーロンドン,牡,4,長浜鴻緒,55▲,9,1,１, ,芝1200,稍,,(美),菊沢隆徳,1114,-0.1,,4,4,35.2,482,-2,
,"2024. 7. 7",函館,1函A,3勝,五稜郭Ｓ･3勝,5,8,キミノナハマリア,牝,4,鮫島克駿, 56 ,14,1,１, ,芝1800,稍,,(栗),千田輝彦,1494,-0.3,9,9,7,35.7,508,+4,
,"2024. 7. 7",函館,1函A,2勝,横津岳特･2勝,7,9,シリアルノヴェル,牡,4,横山武史, 58 ,11,3,１, ,芝2600,稍,,(美),伊藤圭三,2442,-0.9,3,2,2,36.4,482,+6,
,"2024. 7. 7",函館,1函A,2勝,噴火湾特･2勝,8,12,レアグリフォン,牡,3,小林勝太, 55 ,12,2,１, ,ダ1000,重,,(美),稲垣幸雄,0579,-0.2,,1,1,35.5,464,0,
,"2024. 7. 7",函館,1函A,1勝,１勝ｸﾗｽ・牝,7,7,カテリーナ,牝,3,北村友一, 53 ,10,1,１, ,芝2000,稍,,(栗),田中克典,2042,-0.2,6,5,5,36.0,462,+2,
,"2024. 7. 7",函館,1函A,1勝,１勝ｸﾗｽ,8,8,エクリプスルバン,牡,3,北村友一, 55 ,9,1,１, ,ダ1700,重,,(美),田中博康,1433,-0.3,3,3,3,36.7,450,-4,
,"2024. 7. 7",函館,1函A,未勝利,未勝利,3,3,ブラックバラード,牡,3,横山武史, 57 ,12,3,１, ,芝2000,稍,,(美),嘉藤貴行,2053,-0.0,7,6,5,36.9,456,0,
,"2024. 7. 7",函館,1函A,新馬,新馬,6,6,マジックサンズ,牡,2,佐々木大, 55 ,10,1,１, ,芝1800,稍,,(栗),須貝尚介,1540,-0.3,6,4,2,35.3,502,,
,"2024. 7. 7",函館,1函A,未勝利,未勝利,1,2,ソルレース,牝,3,北村友一, 55 ,16,1,１, ,芝1200,稍,,(美),田中博康,1106,-0.1,,1,1,36.4,470,+8,
,"2024. 7. 7",函館,1函A,未勝利,未勝利・牝,8,11,ヴェラリーシャ,牝,3,永野猛蔵, 55 ,12,1,１, ,ダ1000,重,*,(美),伊藤圭三,0589,-0.1,,2,2,35.9,482,+2,
,"2024. 7. 7",函館,1函A,未勝利,未勝利,5,5,ピクラリーダ,牝,3,川端海翼,52▲,12,10,１, ,ダ1700,重,,(美),森一誠,1453,-0.2,1,1,1,38.7,454,+2,B
,"2024. 7. 7",函館,1函A,未勝利,未勝利*,3,3,オカメノコイ,牝,2,藤岡佑介, 55 ,11,1,１, ,ダ1000,重,,(美),小笠倫弘,0595,-0.5,,1,1,36.4,448,0,
,"2024. 7. 6",函館,1函9,1勝,１勝ｸﾗｽ,6,6,スミレファースト,牝,3,鮫島克駿, 53 ,8,1,１, ,芝1200,良,,(美),加藤征弘,1097,-0.3,,1,1,34.9,454,+2,
,"2024. 7. 6",函館,1函9,ｵｰﾌﾟﾝ,マリーンＨ,3,3,ナチュラルハイ,牡,4,永野猛蔵,56.5,14,5,１, ,ダ1700,稍,,(美),黒岩陽一,1436,-0.2,4,4,4,37.6,476,-6,B
,"2024. 7. 6",函館,1函9,2勝,潮騒特別･2勝,1,1,ポエットリー,牝,3,鮫島克駿, 53 ,10,1,１, ,芝1200,良,,(栗),平田修,1100,-0.1,,3,3,34.2,468,-2,
,"2024. 7. 6",函館,1函9,1勝,北斗特別･1勝,6,6,ブラックヴァール,牝,4,横山和生, 56 ,11,4,１, ,芝2000,良,,(美),菊川正達,2022,-0.1,2,2,2,36.5,456,0,B
,"2024. 7. 6",函館,1函9,1勝,１勝ｸﾗｽ,3,3,パフ,牡,3,鮫島克駿, 55 ,10,1,１, ,ダ1700,稍,,(栗),橋口慎介,1457,-0.2,5,4,2,37.4,476,+6,
,"2024. 7. 6",函館,1函9,1勝,１勝ｸﾗｽ,6,7,ホークレア,牝,3,横山武史, 53 ,11,1,１, ,ダ1000,稍,,(美),尾関知人,0583,-0.3,,2,2,34.7,432,-10,
,"2024. 7. 6",函館,1函9,未勝利,未勝利,4,4,ミスガリレオアスク,牝,3,北村友一, 55 ,12,2,１, ,芝2600,良,,(栗),矢作芳人,2450,-0.6,5,5,5,35.6,432,0,
,"2024. 7. 6",函館,1函9,新馬,新馬,4,4,ピコローズ,牝,2,佐々木大, 55 ,11,5,１, ,芝1200,良,,(美),伊藤大士,1108,-0.2,,4,4,35.6,424,,
,"2024. 7. 6",函館,1函9,未勝利,未勝利,6,6,メイショウヘール,牡,3,角田大河,56☆,11,1,１, ,ダ1700,稍,,(栗),大橋勇樹,1459,-1.1,2,2,2,37.7,480,+4,
,"2024. 7. 6",函館,1函9,未勝利,未勝利・牝,1,2,ルージュピルエット,牝,3,菱田裕二, 55 ,16,3,１, ,芝2000,良,,(栗),大久保龍,2022,-0.1,4,5,4,36.1,478,0,
,"2024. 7. 6",函館,1函9,未勝利,未勝利,7,10,ニホンピロトッティ,牝,3,菱田裕二, 55 ,12,6,１, ,ダ1000,稍,,(栗),緒方努,0589,-0.3,,2,2,35.6,400,+4,
,"2024. 7. 6",函館,1函9,未勝利,未勝利*,1,1,ラパンチュール,牝,2,武豊, 55 ,7,1,１, ,芝1200,良,,(美),蛯名正義,1112,-0.0,,6,4,34.1,458,+4,
,"2024. 6.30",函館,1函8,1勝,１勝ｸﾗｽ,2,2,フーコサンライズ,牝,3,佐々木大, 53 ,10,1,１, ,ダ1000,良,,(栗),新谷功一,0588,-0.2,,2,2,35.7,496,0,
,"2024. 6.30",函館,1函8,ｵｰﾌﾟﾝ,巴賞,5,9,ホウオウビスケッツ,牡,4,岩田康誠, 57 ,16,2,１, ,芝1800,良,,(美),奥村武,1468,-0.3,1,1,1,35.1,510,-6,
,"2024. 6.30",函館,1函8,2勝,立待岬特･2勝,1,1,オウバイトウリ,牝,3,浜中俊, 53 ,16,1,１, ,芝1200,良,,(栗),武幸四郎,1088,-0.1,,7,7,34.1,470,0,
,"2024. 6.30",函館,1函8,2勝,竜飛崎特･2勝,7,7,ダノンボレロ,牡,4,浜中俊, 58 ,9,1,１, ,ダ1700,良,,(美),堀宣行,1453,-0.3,2,2,2,37.6,552,+4,
,"2024. 6.30",函館,1函8,1勝,１勝ｸﾗｽ,3,5,ガジュノリ,牝,3,永野猛蔵, 53 ,15,8,１, ,芝1800,良,,(美),尾形和幸,1488,-0.0,2,2,2,35.3,468,0,
,"2024. 6.30",函館,1函8,1勝,１勝ｸﾗｽ,5,5,エンセリオ,牝,3,鮫島克駿, 53 ,8,5,１, ,ダ1700,良,,(美),小笠倫弘,1461,-0.2,5,1,1,36.4,442,0,
,"2024. 6.30",函館,1函8,未勝利,未勝利,3,5,サラトガチップス,牡,3,横山武史, 57 ,16,1,１, ,芝2000,良,,(栗),新谷功一,2017,-0.2,9,7,4,35.9,440,0,
,"2024. 6.30",函館,1函8,新馬,新馬,2,2,ゴーゴータカシ,牡,2,横山武史, 55 ,11,1,１, ,芝1800,良,,(美),武井亮,1509,-0.1,1,1,1,36.1,488,,
,"2024. 6.30",函館,1函8,未勝利,未勝利,8,11,プレゼンティーア,牝,3,藤岡佑介, 55 ,12,4,１, ,ダ1700,良,,(栗),田中克典,1464,-0.2,1,1,1,38.7,470,-4,
,"2024. 6.30",函館,1函8,未勝利,未勝利,1,2,ルクスアドラー,牡,3,佐々木大, 57 ,16,4,１, ,芝1200,良,,(栗),須貝尚介,1098,-0.1,,6,8,35.3,462,+2,
,"2024. 6.30",函館,1函8,未勝利,未勝利・牝,7,12,プルーヴンウィナー,牝,3,佐々木大, 55 ,14,7,１, ,ダ1700,良,,(栗),矢作芳人,1472,-0.1,10,1,1,39.5,488,-4,
,"2024. 6.30",函館,1函8,未勝利,未勝利*,4,4,シュードタキライト,牡,2,佐々木大, 55 ,5,2,１, ,芝1200,良,,(美),菊川正達,1100,-0.2,,3,3,35.4,478,-4,
,"2024. 6.29",函館,1函7,1勝,１勝ｸﾗｽ・牝,3,3,コパノエビータ,牝,3,長浜鴻緒,50▲,12,6,１, ,ダ1700,良,,(美),手塚貴久,1455,-0.5,2,2,2,37.6,406,0,B
,"2024. 6.29",函館,1函7,3勝,ＴＶｈ杯･3勝,5,9,ミッキーハーモニー,牝,5,横山和生, 56 ,16,5,１, ,芝1200,良,,(美),萩原清,1085,-0.0,,14,11,34.1,464,0,
,"2024. 6.29",函館,1函7,2勝,北海Ｈ･2勝,3,3,エラトー,牝,3,横山和生, 52 ,12,1,１, ,芝1800,良,,(栗),上村洋行,1473,-0.3,2,2,2,34.9,492,+2,
,"2024. 6.29",函館,1函7,1勝,長万部特･1勝,7,9,ナムラローズマリー,牝,3,武豊, 53 ,11,1,１, ,芝1200,良,,(栗),羽月友彦,1087,-0.2,,1,1,35.2,454,+12,
,"2024. 6.29",函館,1函7,1勝,１勝ｸﾗｽ,7,8,アーマルコライト,牡,3,武豊, 54 ,10,2,１, ,ダ2400,良,,(栗),寺島良,2347,-0.3,3,1,1,39.8,512,+6,B
,"2024. 6.29",函館,1函7,1勝,１勝ｸﾗｽ,6,6,マイノワール,牡,3,武豊, 55 ,11,4,１, ,芝2000,良,,(栗),笹田和秀,2006,-0.2,10,9,7,35.8,484,+16,
,"2024. 6.29",函館,1函7,新馬,新馬,4,4,アースミューズ,牝,2,小林勝太,52▲,11,9,１, ,ダ1000,良,,(美),粕谷昌央,0598,-0.2,,2,1,36.3,428,,
,"2024. 6.29",函館,1函7,新馬,新馬,5,5,エンドレスサマー,牡,2,横山武史, 55 ,9,2,１, ,芝1200,良,,(美),上原佑紀,1094,-0.8,,1,1,34.6,492,,
,"2024. 6.29",函館,1函7,未勝利,未勝利,6,9,エコロブレード,牡,3,岩田康誠, 57 ,13,3,１, ,ダ1700,良,,(美),加藤征弘,1469,-0.3,3,2,2,38.9,450,+4,
,"2024. 6.29",函館,1函7,未勝利,未勝利,7,13,サンウリエル,牡,3,横山武史, 57 ,16,1,１, ,芝1800,良,,(栗),宮本博,1502,-0.0,12,13,11,34.3,470,-6,
,"2024. 6.29",函館,1函7,未勝利,未勝利,6,8,フォートボヤール,牡,3,高杉吏麒,54▲,12,3,１, ,ダ1000,良,,(美),辻哲英,0590,-0.6,,1,1,36.2,492,+2,
,"2024. 6.29",函館,1函7,未勝利,未勝利・牝*,5,5,チギリ,牝,2,横山武史, 55 ,5,1,１, ,芝1200,良,,(美),鹿戸雄一,1099,-0.3,,2,2,34.7,458,+2,
,"2024. 6.23",函館,1函6,1勝,１勝ｸﾗｽ,8,8,ヤマニンアストロン,牡,3,角田大河,54☆,9,2,１, ,芝1200,良,,(栗),石橋守,1087,-0.1,,5,5,34.7,486,-6,
,"2024. 6.23",函館,1函6,OP(L),大沼Ｓ(L),3,3,サヴァ,牡,6,岩田康誠, 58 ,14,7,１, ,ダ1700,良,,(栗),上村洋行,1443,-0.1,3,5,6,37.9,532,-6,
,"2024. 6.23",函館,1函6,2勝,ＨＴＢＨ･2勝,8,12,トーセンサンダー,牡,5,大野拓弥, 57 ,13,4,１, ,芝1200,良,,(美),杉浦宏昭,1085,-0.1,,5,4,34.2,480,-4,
,"2024. 6.23",函館,1函6,2勝,洞爺湖特･2勝,1,1,コスモフロイデ,牡,5,松岡正海, 58 ,9,4,１, ,芝2000,良,,(美),天間昭一,2007,-0.1,1,1,1,35.3,476,0,
,"2024. 6.23",函館,1函6,1勝,１勝ｸﾗｽ,7,8,グランドエスケープ,牡,3,水口優也, 55 ,10,3,１, ,ダ1700,良,,(栗),藤沢則雄,1450,-0.0,1,1,1,37.8,468,-10,
,"2024. 6.23",函館,1函6,1勝,１勝ｸﾗｽ,2,2,オールナット,牡,3,北村友一, 54 ,10,1,１, ,芝2600,良,,(栗),高野友和,2398,-0.6,3,2,1,36.8,514,+2,
,"2024. 6.23",函館,1函6,未勝利,未勝利,4,4,ヒデシンイメル,牡,3,小林美駒,53★,11,3,１, ,ダ1700,良,,(栗),武英智,1466,-0.1,1,1,1,40.0,458,-2,
,"2024. 6.23",函館,1函6,新馬,新馬,5,5,ヤンキーバローズ,牡,2,岩田康誠, 55 ,5,1,１, ,芝1200,良,,(栗),上村洋行,1098,-0.2,,3,2,34.7,470,,
,"2024. 6.23",函館,1函6,未勝利,未勝利,7,13,サトノメルベイユ,牝,3,大野拓弥, 55 ,16,8,１, ,芝1800,良,,(美),高柳瑞樹,1494,-0.2,15,15,14,35.4,404,,
,"2024. 6.23",函館,1函6,未勝利,未勝利,6,7,カフジニホニウム,牡,3,佐々木大, 57 ,12,2,１, ,ダ1000,良,,(栗),矢作芳人,0592,-0.1,,3,3,35.6,480,0,
,"2024. 6.23",函館,1函6,未勝利,未勝利,8,10,リネアグローリア,牡,3,鮫島克駿, 57 ,11,1,１, ,ダ1700,良,,(栗),小崎憲,1455,-0.0,2,2,2,37.0,474,0,
,"2024. 6.23",函館,1函6,未勝利,未勝利・牝,1,2,プレアデスグループ,牝,3,丹内祐次, 55 ,16,1,１, ,芝1200,良,,(栗),吉岡辰弥,1089,-0.4,,1,1,35.1,436,+6,
,"2024. 6.22",函館,1函5,1勝,１勝ｸﾗｽ,7,7,アセレラシオン,牡,3,鮫島克駿, 55 ,8,2,１, ,ダ1700,良,,(栗),浜田多実,1451,-0.2,4,4,3,37.8,522,-4,
,"2024. 6.22",函館,1函5,ｵｰﾌﾟﾝ,青函Ｓ,4,8,モリノドリーム,牝,5,横山武史, 55 ,16,2,１, ,芝1200,良,*,(美),鹿戸雄一,1088,-0.0,,6,5,33.6,490,+12,
,"2024. 6.22",函館,1函5,2勝,渡島特別･2勝,8,8,レディーシス,牝,5,富田暁, 56 ,9,7,１, ,ダ1700,良,,(栗),小崎憲,1454,-0.4,7,6,3,37.0,438,0,
,"2024. 6.22",函館,1函5,1勝,恵山特別･1勝,4,4,ワンブランチ,牝,3,佐々木大, 53 ,11,1,１, ,芝1800,良,,(美),上原佑紀,1475,-0.1,5,3,1,35.1,436,-2,
,"2024. 6.22",函館,1函5,1勝,１勝ｸﾗｽ,3,3,サザンカ,牝,3,角田大河,52☆,12,1,１, ,ダ1000,良,,(栗),角田晃一,0591,-0.0,,1,1,36.0,466,0,
,"2024. 6.22",函館,1函5,1勝,１勝ｸﾗｽ,5,5,ゴールドサーベル,牡,3,武豊, 55 ,7,2,１, ,芝1200,良,,(栗),大久保龍,1092,-0.0,,6,5,34.4,468,+4,
,"2024. 6.22",函館,1函5,未勝利,未勝利,4,7,コーラルムーン,牝,3,横山武史, 55 ,16,2,１, ,芝2000,良,,(栗),牧田和弥,2010,-0.1,1,2,2,36.7,436,+6,
,"2024. 6.22",函館,1函5,新馬,新馬,2,2,カルプスペルシュ,牝,2,鮫島克駿, 55 ,7,4,１, ,芝1200,良,,(栗),石坂公一,1097,-0.1,,4,4,33.8,448,,
,"2024. 6.22",函館,1函5,未勝利,未勝利,7,9,ダンツドール,牝,3,藤岡佑介, 55 ,11,3,１, ,ダ2400,良,,(栗),四位洋文,2358,-1.1,1,1,1,37.9,456,0,
,"2024. 6.22",函館,1函5,未勝利,未勝利,1,2,ヴィヴァクラウン,牡,3,大野拓弥, 57 ,16,3,１, ,芝1200,良,,(美),杉浦宏昭,1091,-0.1,,3,2,34.9,462,0,
,"2024. 6.22",函館,1函5,未勝利,未勝利・牝,2,2,カンバーランド,牝,3,武豊, 55 ,12,1,１, ,ダ1700,良,,(栗),高橋義忠,1465,-0.4,1,1,1,38.6,532,-6,
,"2024. 6.22",函館,1函5,未勝利,未勝利*,6,6,モジャーリオ,牡,2,横山武史, 55 ,9,1,１, ,芝1200,良,,(美),斎藤誠,1099,-0.1,,6,5,35.5,448,-6,
,"2024. 6.16",函館,1函4,1勝,１勝ｸﾗｽ・牝,8,14,ポエットリー,牝,3,鮫島克駿, 53 ,14,1,１, ,芝1200,良,,(栗),平田修,1091,-0.0,,11,11,34.4,470,+12,
,"2024. 6.16",函館,1函4,3勝,ＵＨＢＨ･3勝,3,6,マメコ,牝,5,永野猛蔵, 53 ,16,10,１, ,芝1200,良,,(栗),武英智,1088,-0.1,,2,2,34.8,460,0,
,"2024. 6.16",函館,1函4,2勝,檜山特別･2勝,1,1,ヒドゥンキング,牡,5,黛弘人, 58 ,11,8,１, ,ダ1700,良,*,(美),伊藤大士,1451,-0.0,10,9,7,36.9,462,0,B
,"2024. 6.16",函館,1函4,1勝,八雲特別･1勝,8,9,ジャスティンアース,牡,3,鮫島克駿, 55 ,10,1,１, ,芝1800,良,,(栗),杉山晴紀,1481,-0.1,8,5,4,34.5,472,-8,
,"2024. 6.16",函館,1函4,1勝,１勝ｸﾗｽ,8,13,スイミーユニバンス,牝,4,小林美駒,52★,14,6,１, ,芝1200,良,,(栗),平田修,1088,-0.1,,6,3,34.4,442,+22,
,"2024. 6.16",函館,1函4,1勝,１勝ｸﾗｽ・牝,7,12,ミッキーマカロン,牝,4,菱田裕二, 56 ,14,9,１, ,ダ1700,良,,(栗),大久保龍,1453,-0.0,2,2,1,37.5,442,+12,
,"2024. 6.16",函館,1函4,未勝利,未勝利,8,16,オトコギアンパン,牡,3,高杉吏麒,54▲,16,2,１, ,芝1800,良,,(栗),小栗実,1491,-0.2,7,7,6,35.7,486,+10,
,"2024. 6.16",函館,1函4,新馬,新馬,5,5,ニシノラヴァンダ,牝,2,永野猛蔵,54☆,7,1,１, ,芝1200,良,,(美),奥平雅士,1093,-0.7,,1,1,35.2,416,,
,"2024. 6.16",函館,1函4,未勝利,未勝利,7,11,コパノエビータ,牝,3,長浜鴻緒,52▲,14,4,１, ,ダ1700,良,,(美),手塚貴久,1466,-0.4,1,1,1,37.9,406,+4,B
,"2024. 6.16",函館,1函4,未勝利,未勝利,6,7,バッファローライズ,牡,3,永野猛蔵,56☆,12,5,１, ,ダ1000,良,,(美),伊藤圭三,0594,-0.4,,1,1,35.9,508,+2,B
,"2024. 6.16",函館,1函4,未勝利,未勝利,3,5,ヘキルリ,牝,3,永野猛蔵,54☆,16,10,１, ,芝1200,良,,(美),小笠倫弘,1094,-0.1,,1,1,35.3,442,-4,B
,"2024. 6.16",函館,1函4,未勝利,未勝利・牝,3,3,タマモプルメリア,牝,3,高杉吏麒,52▲,14,6,１, ,ダ1700,良,,(栗),大橋勇樹,1467,-0.4,2,2,2,37.2,446,-2,
,"2024. 6.15",函館,1函3,1勝,１勝ｸﾗｽ,6,9,テンクウジョー,牡,3,横山和生, 55 ,14,2,１, ,ダ1700,良,,(美),小西一男,1463,-0.1,11,8,4,38.6,472,0,
,"2024. 6.15",函館,1函3,2勝,ＳＴＶ杯･2勝,6,8,レッドアヴァンティ,牡,5,武豊, 58 ,12,3,１, ,芝1200,良,,(美),尾関知人,1088,-0.1,,11,11,33.9,508,+18,
,"2024. 6.15",函館,1函3,1勝,奥尻特別･1勝,2,2,キットハナガサク,牝,3,佐々木大, 53 ,12,1,１, ,芝2000,良,,(美),武井亮,1598,-0.1,5,7,7,35.8,446,-4,
,"2024. 6.15",函館,1函3,1勝,下北半島･1勝,6,6,ジューンブレア,牝,3,武豊, 53 ,8,2,１, ,芝1200,良,,(栗),武英智,1081,-0.1,,1,1,34.6,478,+10,
,"2024. 6.15",函館,1函3,1勝,１勝ｸﾗｽ,5,6,ニルアドミラリ,セ,6,高杉吏麒,55▲,12,3,１, ,ダ1000,良,,(美),和田正一,0590,-0.7,,2,2,36.0,552,+4,
,"2024. 6.15",函館,1函3,未勝利,未勝利・牝,2,3,カテリーナ,牝,3,北村友一, 55 ,16,1,１, ,芝1800,良,,(栗),田中克典,1479,-0.2,4,4,3,35.2,460,-8,
,"2024. 6.15",函館,1函3,新馬,新馬,7,7,リリーフィールド,牝,2,武豊, 55 ,8,2,１, ,ダ1000,良,,(栗),小崎憲,0590,-1.0,,1,1,35.7,436,,
,"2024. 6.15",函館,1函3,新馬,新馬・牝,2,2,ヴーレヴー,牝,2,浜中俊, 55 ,7,2,１, ,芝1200,良,,(栗),武幸四郎,1092,-0.2,,1,1,35.1,466,,
,"2024. 6.15",函館,1函3,未勝利,未勝利,7,14,パンジャ,牡,3,小林勝太,54▲,16,3,１, ,芝2000,良,,(美),金成貴史,2000,-0.8,8,4,2,36.1,470,-4,
,"2024. 6.15",函館,1函3,未勝利,未勝利・牝,8,11,サンマルブーケ,牝,3,藤田菜七,53◇,12,1,１, ,ダ1000,良,,(美),中川公成,1002,-0.1,,1,1,36.7,474,-4,
,"2024. 6.15",函館,1函3,未勝利,未勝利,4,6,ヨリナエスポワール,牡,3,古川吉洋, 57 ,14,10,１, ,ダ1700,良,*,(美),牧光二,1464,-0.4,2,2,2,38.9,528,0,B
,"2024. 6.15",函館,1函3,未勝利,未勝利,8,16,ロードトレイル,牡,3,高杉吏麒,54▲,16,2,１, ,芝1200,良,,(栗),藤岡健一,1093,-0.1,,5,5,35.2,476,0,
,"2024. 6. 9",函館,1函2,1勝,１勝ｸﾗｽ,5,5,メリタテス,牝,4,古川奈穂,52★,12,4,１, ,ダ1700,良,,(栗),矢作芳人,1442,-0.4,1,1,1,38.5,438,+2,
,"2024. 6. 9",函館,1函2,Ｇ３,函館スプG3,2,4,サトノレーヴ,牡,5,浜中俊, 57 ,16,2,１, ,芝1200,良,,(美),堀宣行,1084,-0.2,,3,3,34.6,532,-2,
,"2024. 6. 9",函館,1函2,2勝,津軽海Ｈ･2勝,8,13,シゲルショウグン,牡,4,角田大河, 55 ,14,2,１, ,ダ1700,良,,(栗),大橋勇樹,1432,-1.7,1,1,1,36.8,508,+12,
,"2024. 6. 9",函館,1函2,1勝,遊楽部特･1勝,7,7,エラトー,牝,3,横山和生, 53 ,9,2,１, ,芝1800,良,,(栗),上村洋行,1479,-0.5,1,1,1,34.4,490,+8,
,"2024. 6. 9",函館,1函2,1勝,１勝ｸﾗｽ,4,4,クファシル,牡,4,池添謙一, 58 ,13,8,１, ,芝1200,良,,(栗),池添学,1088,-0.1,,3,3,34.8,500,+8,
,"2024. 6. 9",函館,1函2,1勝,１勝ｸﾗｽ,6,6,レアグリフォン,牡,3,小林勝太,52▲,10,1,１, ,ダ1000,良,,(美),稲垣幸雄,0588,-0.6,,2,2,35.4,464,0,
,"2024. 6. 9",函館,1函2,未勝利,未勝利,6,10,ロードオールライト,牡,3,藤岡佑介, 57 ,14,2,１, ,芝2000,良,,(栗),中内田充,2019,-0.2,8,7,5,35.8,514,-4,
,"2024. 6. 9",函館,1函2,新馬,新馬,3,4,エメラヴィ,牝,2,横山武史, 55 ,14,8,１, ,芝1200,良,,(栗),松永幹夫,1097,-0.4,,3,3,34.7,440,,
,"2024. 6. 9",函館,1函2,未勝利,未勝利,3,4,サンライズガッツ,牡,3,横山武史, 57 ,14,3,１, ,芝2600,良,,(栗),茶木太樹,2401,-0.1,4,5,4,36.5,484,+2,
,"2024. 6. 9",函館,1函2,未勝利,未勝利,8,10,ブレーザー,牡,3,嶋田純次, 57 ,10,1,１, ,ダ1000,良,,(美),伊坂重信,0587,-0.4,,2,2,35.4,514,-16,
,"2024. 6. 9",函館,1函2,未勝利,未勝利,7,12,ワンダーカモン,牡,3,川又賢治, 57 ,14,2,１, ,ダ1700,良,,(栗),吉村圭司,1465,-0.1,7,6,6,37.8,470,0,
,"2024. 6. 9",函館,1函2,未勝利,未勝利,4,8,ベアゴーゴー,牝,3,大野拓弥, 55 ,16,1,１, ,芝1200,良,,(美),杉浦宏昭,1084,-0.4,,2,2,34.6,476,+10,
,"2024. 6. 8",函館,1函1,1勝,１勝ｸﾗｽ,7,11,コパノアントニオ,牡,3,高杉吏麒,52▲,14,11,１, ,ダ1700,良,,(栗),梅田智之,1446,-0.2,2,3,3,37.6,470,-8,
,"2024. 6. 8",函館,1函1,2勝,函館日刊･2勝,2,3,ナリタローゼ,牝,6,角田大河, 56 ,16,10,１, ,芝1200,良,,(栗),高橋亮,1086,-0.0,,7,8,34.8,494,+12,B
,"2024. 6. 8",函館,1函1,2勝,松前特別･2勝,3,6,エープラス,牝,6,永野猛蔵, 56 ,16,9,１, ,芝1800,良,,(美),池上昌和,1472,-0.1,3,4,2,34.8,490,0,
,"2024. 6. 8",函館,1函1,1勝,駒ケ岳特･1勝,7,12,メイクユーマイン,牡,3,藤岡佑介, 54 ,15,2,１, ,芝2600,良,,(栗),田中克典,2392,-0.3,3,4,2,35.6,500,-2,
,"2024. 6. 8",函館,1函1,1勝,１勝ｸﾗｽ・牝,3,3,パルプフィクション,牝,3,北村友一, 53 ,11,3,１, ,ダ1000,良,,(栗),飯田祐史,0586,-0.3,,1,1,35.9,446,+16,
,"2024. 6. 8",函館,1函1,1勝,１勝ｸﾗｽ,5,6,フロムナウオン,牡,4,長浜鴻緒,55▲,13,5,１, ,芝2000,良,,(美),手塚貴久,2006,-0.0,4,5,4,35.5,542,-2,
,"2024. 6. 8",函館,1函1,未勝利,未勝利,6,9,セクシーブーケ,牝,3,北村友一, 55 ,14,3,１, ,ダ1700,良,,(栗),田中克典,1460,-0.9,11,1,1,37.4,448,+4,
,"2024. 6. 8",函館,1函1,新馬,新馬,6,6,ヒデノブルースカイ,牡,2,高杉吏麒,52▲,11,1,１, ,芝1000,良,,(栗),梅田智之,0576,-0.3,,1,1,34.8,420,,
,"2024. 6. 8",函館,1函1,未勝利,未勝利,3,6,マルカオペラ,牝,3,北村友一, 55 ,16,1,１, ,芝1800,良,,(栗),浜田多実,1487,-0.0,5,4,4,35.2,468,-2,
,"2024. 6. 8",函館,1函1,未勝利,未勝利,1,1,サザンカ,牝,3,角田大河,54☆,12,2,１, ,ダ1000,良,,(栗),角田晃一,0587,-0.4,,2,2,35.6,466,+2,
,"2024. 6. 8",函館,1函1,未勝利,未勝利・牝,7,11,ネバーモア,牝,3,藤岡佑介, 55 ,14,1,１, ,ダ1700,良,,(栗),宮本博,1470,-0.3,5,4,3,38.2,482,+4,
,"2024. 6. 8",函館,1函1,未勝利,未勝利,3,5,ナムラローズマリー,牝,3,武豊, 55 ,16,1,１, ,芝1200,良,,(栗),羽月友彦,1079,-0.5,,1,1,34.2,442,+10,
,"2023. 7.16",函館,2函6,2勝,湯の川温･2勝,6,9,スズノナデシコ,牝,5,鮫島克駿, 56 ,13,5,１, ,芝1200,稍,,(栗),石坂公一,1114,-0.1,,2,1,34.9,504,0,
,"2023. 7.16",函館,2函6,Ｇ３,函館記念ＨG3,5,9,ローシャムパーク,牡,4,ルメール, 56 ,16,1,１, ,芝2000,稍,,(美),田中博康,2014,-0.4,7,7,7,35.8,500,-6,
,"2023. 7.16",函館,2函6,2勝,駒場特別･2勝,1,1,レイクリエイター,牡,5,浜中俊, 58 ,14,8,１, ,ダ1700,重,*,(栗),浜田多実,1435,-0.4,11,10,2,36.7,476,-6,
,"2023. 7.16",函館,2函6,1勝,臥牛山特･1勝,6,9,バールデュヴァン,牡,3,古川吉洋, 55 ,14,10,１, ,芝1800,稍,,(栗),浜田多実,1510,-0.2,7,7,6,35.9,506,-4,
,"2023. 7.16",函館,2函6,1勝,１勝ｸﾗｽ,5,7,クールムーア,牡,3,丹内祐次, 55 ,13,6,１, ,芝1200,稍,,(美),矢野英一,1102,-0.5,,1,1,35.7,474,+2,
,"2023. 7.16",函館,2函6,1勝,１勝ｸﾗｽ・牝,3,4,エンプレスペイ,牝,3,鮫島克駿, 53 ,14,8,１, ,ダ1700,重,,(栗),武幸四郎,1450,-0.1,1,1,1,37.1,432,-12,
,"2023. 7.16",函館,2函6,未勝利,未勝利,7,9,ドーバーイーグル,牡,3,ルメール, 56 ,12,1,１, ,芝2600,稍,,(美),奥村武,2444,-0.1,8,4,3,37.5,498,+10,
,"2023. 7.16",函館,2函6,新馬,新馬,3,3,マーゴットソラーレ,牡,2,西村淳也, 55 ,14,5,１, ,芝1800,稍,,(美),伊坂重信,1510,-0.2,1,1,1,36.2,440,,
,"2023. 7.16",函館,2函6,未勝利,未勝利,5,6,バサラ,牝,3,小林凌大,52△,12,2,１, ,ダ1000,重,,(美),伊藤圭三,0577,-0.5,,1,1,34.6,444,-4,B
,"2023. 7.16",函館,2函6,未勝利,未勝利・牝,4,7,フリントロック,牝,3,鷲頭虎太,51▲,16,2,１, ,芝1200,稍,,(美),菊沢隆徳,1106,-0.1,,9,7,35.5,428,+2,
,"2023. 7.16",函館,2函6,未勝利,未勝利,7,12,ライツフォル,牡,3,富田暁, 56 ,14,4,１, ,ダ1700,重,,(栗),高橋義忠,1449,-0.1,2,1,1,37.2,480,-8,
,"2023. 7.16",函館,2函6,未勝利,未勝利*,7,14,ピコサン,牡,2,鮫島克駿, 55 ,16,1,１, ,芝1200,稍,,(美),上原佑紀,1122,-0.2,,2,2,36.2,460,0,
,"2023. 7.15",函館,2函5,1勝,１勝ｸﾗｽ,7,9,シンリンゲンカイ,牝,3,小林凌大,51△,12,3,１, ,ダ1000,不,,(美),石栗龍彦,0585,-0.1,,2,2,35.3,458,-2,
,"2023. 7.15",函館,2函5,Ｇ３,函館２歳G3,8,15,ゼルトザーム,牡,2,浜中俊, 55 ,15,10,１, ,芝1200,重,,(栗),加用正,1117,-0.1,,5,5,36.5,454,-4,
,"2023. 7.15",函館,2函5,2勝,かもめ島･2勝,7,12,カヨウネンカ,牝,4,黛弘人, 56 ,14,5,１, ,芝1800,重,,(美),斎藤誠,1513,-0.0,13,10,9,35.9,462,-2,
,"2023. 7.15",函館,2函5,1勝,湯浜特別･1勝,5,7,オセアフラッグ,牡,3,横山武史, 55 ,14,1,１, ,ダ1700,不,,(美),加藤征弘,1447,-0.0,6,5,5,37.1,484,-6,
,"2023. 7.15",函館,2函5,1勝,１勝ｸﾗｽ・牝,5,7,ラウラーナ,牝,3,鷲頭虎太,50▲,14,2,１, ,芝1200,重,*,(美),宗像義忠,1112,-0.3,,6,2,35.5,422,0,
,"2023. 7.15",函館,2函5,1勝,１勝ｸﾗｽ,8,10,ラウルピドゥ,牡,4,吉田隼人, 58 ,11,2,１, ,芝2600,重,,(栗),吉村圭司,2469,-0.4,8,4,2,37.7,478,-4,
,"2023. 7.15",函館,2函5,未勝利,未勝利,8,11,クリノクリスタル,牝,3,小沢大仁,53☆,11,2,１, ,ダ1700,不,,(栗),大橋勇樹,1449,-0.2,5,2,2,38.5,458,0,
,"2023. 7.15",函館,2函5,未勝利,未勝利,2,2,チャイボーグ,牝,3,吉田隼人, 54 ,8,4,１, ,芝2000,重,,(美),的場均,2060,-0.0,6,5,4,36.7,460,+2,
,"2023. 7.15",函館,2函5,未勝利,未勝利,6,9,ブリスキー,牡,3,鮫島克駿, 56 ,14,10,１, ,ダ1700,不,,(美),堀宣行,1459,-0.2,2,3,3,37.7,470,+4,B
,"2023. 7.15",函館,2函5,未勝利,未勝利,1,2,シンデレラスマイル,牝,3,横山武史, 54 ,16,6,１, ,芝1200,重,,(美),武藤善則,1116,-0.1,,3,3,36.9,422,-10,
,"2023. 7.15",函館,2函5,未勝利,未勝利・牝,4,4,パラディ,牝,3,横山武史, 54 ,13,1,１, ,ダ1700,不,,(栗),四位洋文,1447,-0.1,1,1,1,38.0,476,0,
,"2023. 7.15",函館,2函5,未勝利,未勝利*,1,1,ゴードンテソーロ,牡,2,和田竜二, 55 ,9,3,１, ,芝1800,重,,(美),牧光二,1543,-0.1,1,1,1,37.8,452,+4,
,"2023. 7. 9",函館,2函4,1勝,１勝ｸﾗｽ,8,11,ポルタフォルトゥナ,牝,4,佐々木大,54△,11,2,１, ,芝1200,良,,(美),土田稔,1090,-0.1,,2,2,34.3,462,+2,
,"2023. 7. 9",函館,2函4,3勝,五稜郭Ｓ･3勝,7,12,アケルナルスター,牡,4,丹内祐次, 58 ,14,7,１, ,芝1800,良,,(美),清水英克,1471,-0.0,11,3,2,35.0,476,+2,
,"2023. 7. 9",函館,2函4,2勝,横津岳Ｈ･2勝,5,5,マテンロウマジック,牡,4,角田大和, 55 ,10,5,１, ,芝2600,良,,(栗),高橋亮,2443,-0.0,5,4,4,33.8,484,-4,
,"2023. 7. 9",函館,2函4,2勝,噴火湾特･2勝,1,1,クローリスノキセキ,牝,5,横山武史, 56 ,12,6,１, ,ダ1000,良,,(美),西田雄一,0585,-0.5,,6,5,35.3,450,0,
,"2023. 7. 9",函館,2函4,1勝,１勝ｸﾗｽ・牝,5,5,イトカワサクラ,牝,3,鮫島克駿, 53 ,11,1,１, ,芝2000,良,,(栗),牧田和弥,2015,-0.0,8,5,4,34.4,450,+4,
,"2023. 7. 9",函館,2函4,1勝,１勝ｸﾗｽ,7,7,ニットウライジン,牡,3,小林勝太,52▲,9,5,１, ,ダ1700,良,,(美),稲垣幸雄,1472,-0.1,2,2,2,37.5,500,+10,
,"2023. 7. 9",函館,2函4,未勝利,未勝利,1,1,マテンロウジョイ,牡,3,横山武史, 56 ,12,3,１, ,芝2000,良,,(栗),四位洋文,2018,-0.0,2,2,2,36.2,448,-6,
,"2023. 7. 9",函館,2函4,新馬,新馬,6,6,レガレイラ,牝,2,ルメール, 55 ,9,1,１, ,芝1800,良,,(美),木村哲也,1498,-0.2,6,6,5,34.3,452,,
,"2023. 7. 9",函館,2函4,未勝利,未勝利,3,6,ランドオブラヴ,牝,3,佐々木大,52△,16,2,１, ,芝1200,良,,(美),蛯名正義,1088,-0.0,,8,9,34.3,422,-4,
,"2023. 7. 9",函館,2函4,未勝利,未勝利・牝,4,4,レターマイハート,牝,3,佐々木大,52△,12,5,１, ,ダ1000,良,,(美),萩原清,0594,-0.2,,4,4,35.8,466,-10,B
,"2023. 7. 9",函館,2函4,未勝利,未勝利,6,7,ヴァンナチュール,牡,3,ルメール, 56 ,12,1,１, ,ダ1700,良,,(美),林徹,1484,-0.2,3,3,3,37.6,450,+2,
,"2023. 7. 9",函館,2函4,未勝利,未勝利*,7,9,ブシン,牡,2,武豊, 55 ,12,1,１, ,ダ1000,良,,(栗),森秀行,0596,-0.0,,4,4,36.0,468,-2,
,"2023. 7. 8",函館,2函3,1勝,１勝ｸﾗｽ,5,5,ナリタローゼ,牝,5,北村友一, 56 ,11,4,１, ,芝1200,良,,(栗),高橋亮,1083,-0.2,,1,1,34.5,488,+2,B
,"2023. 7. 8",函館,2函3,ｵｰﾌﾟﾝ,マリーンＨ,6,10,ペプチドナイル,牡,5,藤岡佑介,57.5,14,1,１, ,ダ1700,良,,(栗),武英智,1430,-0.6,1,1,1,36.1,530,-6,B
,"2023. 7. 8",函館,2函3,2勝,潮騒特別･2勝,8,9,ラキエータ,牝,4,北村友一, 56 ,9,2,１, ,芝1200,良,,(栗),音無秀孝,1087,-0.1,,5,5,34.1,426,+16,
,"2023. 7. 8",函館,2函3,1勝,北斗特別･1勝,6,6,ディープレイヤー,牡,4,柴山雄一, 58 ,10,8,１, ,芝2000,良,,(美),大和田成,2008,-0.1,4,3,4,34.8,486,-2,
,"2023. 7. 8",函館,2函3,1勝,１勝ｸﾗｽ,4,4,グラシアス,牡,3,佐々木大,53△,11,5,１, ,ダ1700,良,,(美),中舘英二,1463,-0.3,2,2,1,38.5,444,-2,
,"2023. 7. 8",函館,2函3,1勝,１勝ｸﾗｽ,6,8,ルヴェルジェ,牝,4,古川奈穂,52★,12,1,１, ,ダ1000,良,,(栗),小林真也,0590,-0.5,,2,2,36.1,478,+2,
,"2023. 7. 8",函館,2函3,未勝利,未勝利,6,8,エンライトメント,牡,3,内田博幸, 56 ,13,1,１, ,芝1800,良,,(美),斎藤誠,1489,-0.0,7,4,3,34.8,472,0,
,"2023. 7. 8",函館,2函3,新馬,新馬,6,9,ドナベティ,牝,2,武豊, 55 ,13,6,１, ,芝1200,良,,(栗),矢作芳人,1093,-0.2,,2,2,34.0,426,,
,"2023. 7. 8",函館,2函3,未勝利,未勝利,3,3,カビーリア,牡,3,横山和生, 56 ,11,6,１, ,ダ1700,良,,(栗),飯田祐史,1465,-0.0,5,6,4,37.0,492,-2,
,"2023. 7. 8",函館,2函3,未勝利,未勝利・牝,7,12,アドマイヤサジー,牝,3,丹内祐次, 54 ,14,6,１, ,芝2000,良,,(美),宮田敬介,2001,-0.0,6,5,4,34.4,432,+4,B
,"2023. 7. 8",函館,2函3,未勝利,未勝利,4,4,バスドラムガール,牝,3,古川奈穂,50★,12,1,１, ,ダ1000,良,,(栗),羽月友彦,0586,-0.5,,1,1,35.8,452,0,
,"2023. 7. 8",函館,2函3,未勝利,未勝利*,5,5,セントキルダ,牡,2,北村友一, 55 ,7,2,１, ,芝1200,良,,(栗),音無秀孝,1097,-0.0,,4,4,34.8,470,0,
,"2023. 7. 2",函館,2函2,1勝,１勝ｸﾗｽ,7,9,フェズカズマ,牡,4,斎藤新, 58 ,11,7,１, ,ダ1000,稍,,(栗),安田隆行,0591,-0.3,,4,4,35.6,484,-4,
,"2023. 7. 2",函館,2函2,ｵｰﾌﾟﾝ,巴賞,1,2,アラタ,牡,6,横山武史, 58 ,16,2,１, ,芝1800,良,,(美),和田勇介,1480,-0.1,4,4,4,35.1,470,+6,
,"2023. 7. 2",函館,2函2,2勝,立待岬特･2勝,6,6,スリーアイランド,牝,3,藤岡佑介, 53 ,9,2,１, ,芝1200,良,,(栗),中竹和也,1095,-0.2,,1,1,34.8,470,+2,
,"2023. 7. 2",函館,2函2,2勝,渡島特別･2勝,3,3,マナウス,牝,4,武豊, 56 ,14,1,１, ,ダ1700,稍,*,(栗),田中克典,1449,-0.2,2,2,2,36.7,470,+8,
,"2023. 7. 2",函館,2函2,1勝,１勝ｸﾗｽ,4,5,ミヤビ,牝,3,吉田隼人, 53 ,13,1,１, ,芝1800,良,,(美),尾形和幸,1494,-0.1,7,7,6,34.6,416,+2,
,"2023. 7. 2",函館,2函2,1勝,１勝ｸﾗｽ,7,8,ロイガヴェーグル,牡,3,北村友一, 55 ,11,5,１, ,ダ1700,稍,,(栗),浜田多実,1446,-0.0,6,4,4,37.5,442,+14,
,"2023. 7. 2",函館,2函2,未勝利,未勝利,7,11,フェスティヴビーム,牡,3,柴山雄一, 56 ,14,7,１, ,芝2000,良,,(美),畠山吉宏,2029,-0.1,4,4,4,36.8,450,+10,
,"2023. 7. 2",函館,2函2,新馬,新馬,5,5,ワンブランチ,牝,2,佐々木大,53△,5,3,１, ,芝1800,良,,(美),上原佑紀,1534,-0.0,3,3,3,35.1,430,,
,"2023. 7. 2",函館,2函2,未勝利,未勝利,4,4,サトノウェーブ,牡,3,斎藤新, 56 ,11,6,１, ,ダ1700,稍,,(美),田中博康,1463,-0.8,2,2,1,38.0,488,+2,B
,"2023. 7. 2",函館,2函2,未勝利,未勝利,2,4,ラウラーナ,牝,3,鷲頭虎太,51▲,16,3,１, ,芝1200,良,*,(美),宗像義忠,1103,-0.4,,8,7,35.4,422,0,
,"2023. 7. 2",函館,2函2,未勝利,未勝利・牝,8,11,シャドウレディー,牝,3,佐々木大,52△,12,3,１, ,ダ1700,稍,,(栗),吉岡辰弥,1473,-0.0,4,3,2,38.2,434,0,
,"2023. 7. 2",函館,2函2,未勝利,未勝利*,1,1,アガシ,牡,2,武豊, 55 ,9,2,１, ,芝1200,良,,(栗),庄野靖志,1116,-0.1,,4,2,36.0,478,-2,
,"2023. 7. 1",函館,2函1,1勝,１勝ｸﾗｽ・牝,6,6,モンネトワ,牝,3,鮫島克駿, 53 ,11,1,１, ,ダ1700,重,,(栗),橋口慎介,1445,-0.1,5,2,2,37.4,436,0,
,"2023. 7. 1",函館,2函1,3勝,ＴＶｈＨ･3勝,5,9,モリノドリーム,牝,4,横山武史, 54 ,16,1,１, ,芝1200,良,,(美),鹿戸雄一,1093,-0.1,,9,10,34.6,484,+4,
,"2023. 7. 1",函館,2函1,2勝,洞爺湖特･2勝,8,8,マイネルクリソーラ,牡,4,丹内祐次, 58 ,9,2,１, ,芝1800,良,,(美),中野栄治,1498,-0.0,9,2,2,35.2,450,0,
,"2023. 7. 1",函館,2函1,1勝,長万部特･1勝,6,7,アスクエピソード,牡,3,藤岡佑介, 55 ,12,4,１, ,芝1200,良,,(栗),藤原英昭,1103,-0.2,,4,4,34.8,464,+4,
,"2023. 7. 1",函館,2函1,1勝,１勝ｸﾗｽ,4,4,メジェド,牡,3,藤岡佑介, 55 ,7,1,１, ,ダ2400,重,,(栗),佐々木晶,2338,-0.3,1,2,2,37.6,532,-2,
,"2023. 7. 1",函館,2函1,1勝,１勝ｸﾗｽ,6,10,アマイ,牝,3,佐々木大,51△,14,5,１, ,芝2000,稍,,(美),伊藤大士,2023,-0.2,1,1,1,36.2,440,0,
,"2023. 7. 1",函館,2函1,新馬,新馬,3,3,ナスティウェザー,牡,2,佐々木大,53△,6,3,１, ,ダ1000,重,,(美),加藤征弘,0594,-0.7,,1,1,34.7,446,,
,"2023. 7. 1",函館,2函1,新馬,新馬,3,3,ルージュレベッカ,牝,2,横山和生, 55 ,6,1,１, ,芝1200,稍,,(栗),昆貢,1122,-0.1,,1,1,36.0,454,,
,"2023. 7. 1",函館,2函1,未勝利,未勝利,4,4,ランスノーブル,牝,3,佐々木大,52△,9,2,１, ,ダ1700,重,,(美),上原博之,1458,-0.0,7,5,3,37.1,444,0,
,"2023. 7. 1",函館,2函1,未勝利,未勝利,7,10,ミヤビブレイブ,牝,3,横山琉人,53☆,12,2,１, ,芝1800,稍,,(美),小島茂之,1514,-0.0,5,8,7,35.8,458,0,
,"2023. 7. 1",函館,2函1,未勝利,未勝利,5,5,トリオーレ,牡,3,横山和生, 56 ,12,1,１, ,ダ1000,重,,(美),嘉藤貴行,0590,-0.5,,2,3,35.2,482,+4,
,"2023. 7. 1",函館,2函1,未勝利,未勝利・牝*,2,2,ナナオ,牝,2,佐々木大,53△,9,1,１, ,芝1200,稍,,(栗),小栗実,1111,-0.5,,2,2,35.7,410,+2,
,"2023. 6.25",函館,1函6,1勝,１勝ｸﾗｽ,2,2,シロン,牝,4,佐々木大,54△,13,2,１, ,芝1200,良,,(栗),小栗実,1090,-0.5,,1,1,35.2,522,+12,B
,"2023. 6.25",函館,1函6,OP(L),大沼Ｓ(L),7,10,ペプチドナイル,牡,5,富田暁, 57 ,13,3,１, ,ダ1700,稍,,(栗),武英智,1431,-0.5,1,2,2,36.7,536,+6,B
,"2023. 6.25",函館,1函6,2勝,ＨＴＢ杯･2勝,4,5,エイシンエイト,牝,3,丹内祐次, 53 ,13,4,１, ,芝1200,良,,(美),田中剛,1090,-0.0,,3,2,35.2,484,+2,
,"2023. 6.25",函館,1函6,2勝,ＨＴＢ杯･2勝,6,9,メイショウエニシア,牝,5,藤岡佑介, 56 ,13,9,１, ,芝1200,良,,(栗),本田優,1090,-0.0,,1,1,35.5,458,+4,
,"2023. 6.25",函館,1函6,2勝,北海Ｈ･2勝,5,7,エーデルブルーメ,牝,4,横山和生, 54 ,13,1,１, ,芝2000,良,,(栗),安田隆行,2020,-0.3,1,1,1,35.2,486,+6,
,"2023. 6.25",函館,1函6,1勝,１勝ｸﾗｽ,7,12,ローズスター,牡,3,横山和生, 55 ,14,8,１, ,ダ1700,稍,,(栗),上村洋行,1450,-0.4,12,11,9,36.8,460,+2,
,"2023. 6.25",函館,1函6,1勝,１勝ｸﾗｽ,7,7,サトノミスチーフ,牡,3,富田暁, 54 ,9,8,１, ,芝2600,良,,(栗),平田修,2419,-0.1,2,2,2,38.4,482,-6,B
,"2023. 6.25",函館,1函6,未勝利,未勝利,3,3,フクノブルジュ,牡,3,川又賢治, 56 ,10,4,１, ,ダ1700,重,,(美),竹内正洋,1471,-0.0,3,2,3,37.0,462,+4,B
,"2023. 6.25",函館,1函6,新馬,新馬,1,1,クールベイビー,牝,2,佐々木大,53△,6,2,１, ,芝1200,良,,(美),矢野英一,1115,-0.0,,3,3,35.2,462,,
,"2023. 6.25",函館,1函6,未勝利,未勝利,6,10,バロックダンス,牝,3,佐々木大,52△,14,2,１, ,芝1800,良,,(美),小手川準,1496,-0.0,1,1,1,36.8,464,+8,
,"2023. 6.25",函館,1函6,未勝利,未勝利,6,8,シンリンゲンカイ,牝,3,小林凌大,52△,12,2,１, ,ダ1000,重,,(美),石栗龍彦,0590,-0.1,,4,3,35.6,460,+6,
,"2023. 6.25",函館,1函6,未勝利,未勝利・牝,5,5,ブルーペクトライト,牝,3,藤岡佑介, 54 ,9,2,１, ,ダ1700,重,,(栗),池添学,1456,-0.0,2,3,2,37.7,464,-4,B
,"2023. 6.25",函館,1函6,未勝利,未勝利,4,8,スピニングマーリン,牝,3,勝浦正樹, 54 ,16,10,１, ,芝1200,良,,(美),西田雄一,1099,-0.1,,9,5,35.1,492,0,
,"2023. 6.24",函館,1函5,1勝,１勝ｸﾗｽ,5,5,テイエムスイスイ,牝,3,小林凌大,51△,12,1,１, ,ダ1000,重,,(美),石栗龍彦,0583,-0.0,,1,1,35.6,502,+4,
,"2023. 6.24",函館,1函5,ｵｰﾌﾟﾝ,青函Ｓ,8,15,ゾンニッヒ,牡,5,武豊, 57 ,16,2,１, ,芝1200,稍,,(栗),池江泰寿,1093,-0.3,,6,5,34.1,466,-4,
,"2023. 6.24",函館,1函5,2勝,竜飛崎特･2勝,5,7,レッドエランドール,セ,6,浜中俊, 58 ,13,3,１, ,ダ1700,重,,(栗),田中克典,1450,-0.2,1,1,1,36.3,492,0,B
,"2023. 6.24",函館,1函5,1勝,恵山特別･1勝,3,3,フェステスバント,牝,3,藤岡佑介, 53 ,8,6,１, ,芝1800,稍,,(栗),藤岡健一,1497,-0.1,1,1,1,35.4,418,0,
,"2023. 6.24",函館,1函5,1勝,１勝ｸﾗｽ,1,1,マリアナトレンチ,牡,3,藤岡佑介, 55 ,13,2,１, ,ダ1700,重,,(栗),音無秀孝,1440,-0.1,5,6,5,37.1,480,+8,
,"2023. 6.24",函館,1函5,1勝,１勝ｸﾗｽ,2,2,スズノナデシコ,牝,5,鮫島克駿, 56 ,11,2,１, ,芝1200,稍,,(栗),石坂公一,1098,-0.4,,3,3,35.1,504,-2,
,"2023. 6.24",函館,1函5,未勝利,未勝利,4,4,ポーレット,牝,3,佐々木大,52△,11,3,１, ,芝2000,稍,,(栗),吉岡辰弥,2033,-0.2,2,2,2,36.3,460,-4,
,"2023. 6.24",函館,1函5,新馬,新馬,4,4,タヤスロンドン,牡,2,丹内祐次, 55 ,5,1,１, ,芝1200,稍,,(美),岩戸孝樹,1121,-0.1,,2,1,37.0,496,,
,"2023. 6.24",函館,1函5,未勝利,未勝利,7,8,コルデアニル,牝,3,丹内祐次, 54 ,11,5,１, ,ダ2400,不,,(美),金成貴史,2337,-0.6,1,1,1,36.9,460,0,
,"2023. 6.24",函館,1函5,未勝利,未勝利,3,6,オルフェスト,牝,3,横山武史, 54 ,16,1,１, ,芝1200,稍,,(美),池上昌和,1099,-0.2,,3,2,35.2,434,+2,
,"2023. 6.24",函館,1函5,未勝利,未勝利,5,5,ネッケツシャチョウ,牡,3,荻野琢真, 56 ,10,4,１, ,ダ1700,不,,(栗),藤沢則雄,1442,-0.0,6,7,6,36.9,540,+2,
,"2023. 6.24",函館,1函5,未勝利,未勝利*,6,6,レガテアドール,牡,2,斎藤新, 55 ,10,6,１, ,芝1200,稍,,(栗),吉田直弘,1107,-0.3,,4,2,36.4,424,-8,
,"2023. 6.18",函館,1函4,1勝,１勝ｸﾗｽ・牝,4,6,エイシンフェンサー,牝,3,川又賢治, 53 ,15,2,１, ,芝1200,良,,(栗),吉村圭司,1097,-0.0,,2,2,35.1,484,+16,
,"2023. 6.18",函館,1函4,3勝,ＵＨＢ杯･3勝,1,2,シュバルツカイザー,セ,5,池添謙一, 58 ,16,3,１, ,芝1200,良,,(美),大竹正博,1091,-0.1,,8,7,34.1,498,-6,
,"2023. 6.18",函館,1函4,2勝,檜山特別･2勝,1,1,ハイエストポイント,牡,5,藤岡佑介, 58 ,13,2,１, ,ダ1700,良,,(栗),鈴木孝志,1451,-0.0,5,4,3,37.1,448,-6,
,"2023. 6.18",函館,1函4,1勝,八雲特別･1勝,8,11,アップストローク,セ,4,池添謙一, 58 ,11,2,１, ,芝1800,良,,(美),杉浦宏昭,1489,-0.0,6,5,5,34.7,450,0,
,"2023. 6.18",函館,1函4,1勝,１勝ｸﾗｽ,6,11,プルスウルトラ,牡,5,嶋田純次, 58 ,16,8,１, ,芝1200,良,,(美),手塚貴久,1102,-0.0,,12,12,35.2,532,+2,
,"2023. 6.18",函館,1函4,1勝,１勝ｸﾗｽ・牝,3,3,バレストラ,牝,4,古川奈穂,52★,12,3,１, ,ダ1700,良,,(栗),矢作芳人,1466,-0.0,10,3,4,37.6,474,+2,
,"2023. 6.18",函館,1函4,未勝利,未勝利,8,13,エイシンジェンマ,牝,3,富田暁, 54 ,13,3,１, ,芝2000,良,,(栗),中尾秀正,2011,-0.3,9,3,2,35.4,488,+2,
,"2023. 6.18",函館,1函4,新馬,新馬,6,7,ベルパッション,牝,2,松田大作, 55 ,11,1,１, ,芝1200,良,,(栗),西園正都,1106,-0.1,,4,4,35.2,456,,
,"2023. 6.18",函館,1函4,未勝利,未勝利,8,13,チュウワモーニング,牝,3,角田大和,53☆,13,8,１, ,ダ1700,良,,(栗),小崎憲,1476,-0.1,6,2,2,38.7,450,-2,B
,"2023. 6.18",函館,1函4,未勝利,未勝利,8,12,ディアドコス,牡,3,松本大輝,55☆,12,5,１, ,ダ1000,良,,(栗),羽月友彦,0599,-0.1,,5,5,36.2,478,-2,
,"2023. 6.18",函館,1函4,未勝利,未勝利,6,11,ケイアイクビラ,牡,3,松田大作, 56 ,16,2,１, ,芝1200,良,,(栗),宮本博,1089,-0.2,,4,4,35.0,488,-16,
,"2023. 6.18",函館,1函4,未勝利,未勝利・牝,8,14,デルマオシダシ,牝,3,勝浦正樹, 54 ,14,3,１, ,ダ1700,良,,(美),鈴木慎太,1491,-0.0,3,3,2,38.3,472,+2,
,"2023. 6.17",函館,1函3,1勝,１勝ｸﾗｽ,3,4,スマートサニー,牡,3,小沢大仁,54☆,14,1,１, ,ダ1700,良,,(栗),松永昌博,1452,-0.7,1,1,1,36.9,460,+4,
,"2023. 6.17",函館,1函3,2勝,ＳＴＶＨ･2勝,4,6,アップリバー,牝,5,吉田隼人, 53 ,15,7,１, ,芝1200,良,,(美),牧光二,1086,-0.3,,1,1,34.7,506,+14,B
,"2023. 6.17",函館,1函3,1勝,奥尻特別･1勝,1,1,コスモフロイデ,牡,4,富田暁, 58 ,9,5,１, ,芝2000,良,,(美),天間昭一,1598,-0.1,4,4,4,35.1,470,-2,
,"2023. 6.17",函館,1函3,1勝,下北半島･1勝,8,10,ジューンオレンジ,牝,3,富田暁, 53 ,11,1,１, ,芝1200,良,,(栗),長谷川浩,1087,-0.0,,3,2,34.6,456,+16,
,"2023. 6.17",函館,1函3,1勝,１勝ｸﾗｽ,1,1,アルムラトゥール,牡,3,富田暁, 55 ,12,5,１, ,ダ1000,良,,(栗),川村禎彦,0590,-0.3,,1,1,35.8,500,+6,B
,"2023. 6.17",函館,1函3,未勝利,未勝利,2,2,スイーツバイキング,牝,3,浜中俊, 54 ,14,5,１, ,芝1800,良,,(美),大竹正博,1478,-0.3,3,4,3,35.0,442,0,
,"2023. 6.17",函館,1函3,新馬,新馬,1,1,ゼルトザーム,牡,2,浜中俊, 55 ,12,1,１, ,ダ1000,良,,(栗),加用正,0599,-0.2,,4,4,35.6,458,,
,"2023. 6.17",函館,1函3,新馬,新馬・牝,5,7,コルルディ,牝,2,鮫島克駿, 55 ,14,4,１, ,芝1200,良,,(栗),高柳大輔,1110,-0.1,,1,1,36.4,450,,
,"2023. 6.17",函館,1函3,未勝利,未勝利,8,11,ステラポイント,牝,3,鮫島克駿, 54 ,12,6,１, ,芝2600,良,,(栗),杉山晴紀,2421,-0.0,3,2,1,35.4,436,-6,
,"2023. 6.17",函館,1函3,未勝利,未勝利・牝,5,5,オコジュ,牝,3,佐々木大,52△,11,1,１, ,ダ1000,良,,(美),中野栄治,0597,-0.3,,2,2,36.3,458,0,
,"2023. 6.17",函館,1函3,未勝利,未勝利,6,9,ジュエルマイスター,牝,3,斎藤新, 54 ,14,8,１, ,ダ1700,良,,(美),辻哲英,1464,-1.7,1,1,1,37.2,466,-4,
,"2023. 6.17",函館,1函3,未勝利,未勝利・牝,6,11,クリノリアルレディ,牝,3,小林勝太,51▲,16,8,１, ,芝1200,良,,(美),伊藤伸一,1092,-0.0,,1,1,34.8,468,-2,
,"2023. 6.11",函館,1函2,1勝,１勝ｸﾗｽ,2,2,メイショウポペット,牝,3,角田大和,52☆,12,3,１, ,ダ1700,稍,,(栗),角田晃一,1450,-0.2,5,5,2,37.8,482,+2,
,"2023. 6.11",函館,1函2,Ｇ３,函館スプG3,8,15,キミワクイーン,牝,4,横山武史, 55 ,16,3,１, ,芝1200,良,*,(美),奥村武,1082,-0.1,,12,10,34.4,442,+2,
,"2023. 6.11",函館,1函2,2勝,津軽海Ｈ･2勝,3,4,フームスムート,牡,6,藤岡佑介, 56 ,14,5,１, ,ダ1700,稍,,(美),水野貴広,1448,-0.1,12,11,7,37.5,532,+8,B
,"2023. 6.11",函館,1函2,1勝,遊楽部特･1勝,6,11,アルジーヌ,牝,3,西村淳也, 53 ,16,1,１, ,芝1800,良,,(栗),中内田充,1478,-0.1,8,5,4,35.3,452,+12,
,"2023. 6.11",函館,1函2,1勝,１勝ｸﾗｽ,7,8,スリーアイランド,牝,3,藤岡佑介, 53 ,11,1,１, ,芝1200,良,,(栗),中竹和也,1090,-0.2,,3,3,35.5,468,+12,
,"2023. 6.11",函館,1函2,1勝,１勝ｸﾗｽ,8,11,コパノエルパソ,牡,3,佐々木大,52▲,11,3,１, ,ダ1000,稍,,(美),上原博之,0591,-0.0,,10,9,35.3,512,-4,
,"2023. 6.11",函館,1函2,未勝利,未勝利,6,11,タイキラフター,牡,3,西村淳也, 56 ,16,3,１, ,芝2000,良,,(美),大竹正博,2030,-0.6,2,2,1,35.9,524,+2,
,"2023. 6.11",函館,1函2,新馬,新馬,8,11,ロータスワンド,牝,2,藤岡佑介, 55 ,11,2,１, ,芝1200,良,,(栗),中竹和也,1102,-0.1,,1,1,35.6,456,,
,"2023. 6.11",函館,1函2,未勝利,未勝利・牝,4,7,ノレッジビューティ,牝,3,横山武史, 54 ,16,2,１, ,芝1800,良,,(栗),上村洋行,1488,-0.1,3,4,4,35.9,444,+14,
,"2023. 6.11",函館,1函2,未勝利,未勝利,6,7,ディアナゼロス,牝,3,佐々木大,51▲,12,1,１, ,ダ1000,稍,,(美),牧光二,0584,-0.3,,3,3,35.7,474,+6,
,"2023. 6.11",函館,1函2,未勝利,未勝利,8,13,ドゥラレジリエント,牡,3,鮫島克駿, 56 ,14,4,１, ,ダ1700,稍,,(栗),牧田和弥,1453,-0.7,10,7,3,37.4,502,-8,
,"2023. 6.11",函館,1函2,未勝利,未勝利,2,4,マルプリ,牝,3,横山武史, 54 ,16,1,１, ,芝1200,良,,(美),青木孝文,1092,-0.0,,7,6,34.6,440,+4,
,"2023. 6.10",函館,1函1,1勝,１勝ｸﾗｽ,6,7,ディサイド,牡,4,吉田隼人, 58 ,12,8,１, ,ダ1700,重,,(栗),高野友和,1438,-0.2,8,3,3,37.4,472,-6,B
,"2023. 6.10",函館,1函1,2勝,函館日刊･2勝,5,6,モリノドリーム,牝,4,横山武史, 56 ,13,1,１, ,芝1200,良,,(美),鹿戸雄一,1085,-0.1,,6,6,34.8,480,+10,
,"2023. 6.10",函館,1函1,2勝,松前特別･2勝,4,4,ジャスティンエース,牡,4,鮫島克駿, 58 ,13,4,１, ,芝1800,良,,(栗),杉山晴紀,1503,-0.1,1,1,1,34.8,476,+8,
,"2023. 6.10",函館,1函1,1勝,駒ケ岳特･1勝,2,2,ダノンジャッカル,牡,4,藤岡佑介, 58 ,8,2,１, ,芝2600,良,,(栗),中内田充,2424,-0.0,2,2,1,35.7,460,-6,
,"2023. 6.10",函館,1函1,1勝,１勝ｸﾗｽ・牝,1,1,コパノバークレー,牝,3,角田大和,52☆,11,4,１, ,ダ1000,重,,(栗),渡辺薫彦,0579,-0.1,,5,5,35.0,446,-14,
,"2023. 6.10",函館,1函1,1勝,１勝ｸﾗｽ,6,6,カトルショセット,牝,5,丹内祐次, 56 ,9,4,１, ,芝2000,稍,,(美),黒岩陽一,2030,-0.2,5,4,4,35.7,466,-10,
,"2023. 6.10",函館,1函1,未勝利,未勝利,1,1,ダンツビガー,牡,3,武豊, 56 ,14,1,１, ,ダ1700,重,,(栗),四位洋文,1444,-0.0,1,1,1,38.5,484,+2,
,"2023. 6.10",函館,1函1,新馬,新馬,7,8,スカイキャンバス,牝,2,横山武史, 55 ,11,1,１, ,芝1000,稍,,(美),武井亮,0575,-0.4,,1,1,34.2,422,,
,"2023. 6.10",函館,1函1,未勝利,未勝利,5,10,ココナッツブラウン,牝,3,横山武史, 54 ,16,2,１, ,芝1800,稍,,(栗),上村洋行,1480,-0.0,4,5,3,36.8,436,+14,
,"2023. 6.10",函館,1函1,未勝利,未勝利,6,8,テイエムスイスイ,牝,3,水沼元輝,51▲,12,2,１, ,ダ1000,重,,(美),石栗龍彦,0581,-0.2,,2,2,35.5,498,-14,
,"2023. 6.10",函館,1函1,未勝利,未勝利・牝,5,8,マーゴットミニモ,牝,3,武豊, 54 ,14,1,１, ,ダ1700,重,,(美),伊坂重信,1441,-0.6,1,1,1,37.3,478,+6,
,"2023. 6.10",函館,1函1,未勝利,未勝利,1,1,スプレンディダ,牝,3,佐々木大,51▲,16,5,１, ,芝1200,稍,,(栗),茶木太樹,1093,-0.3,,4,4,35.5,420,0,B
,"2022. 7.17",函館,1函C,2勝,湯の川温･2勝,5,7,タツリュウオー,牝,4,山田敬士, 55 ,14,8,１, ,芝1200,重,,(栗),加用正,1127,-0.1,,2,2,37.2,466,+4,
,"2022. 7.17",函館,1函C,Ｇ３,函館記念ＨG3,1,1,ハヤヤッコ,牡,6,浜中俊, 57 ,16,7,１, ,芝2000,重,,(美),国枝栄,2036,-0.2,6,4,2,37.8,480,+4,B
,"2022. 7.17",函館,1函C,2勝,駒場特別･2勝,1,1,コパノニコルソン,牡,3,泉谷楓真, 54 ,13,4,１, ,ダ1700,重,,(栗),宮徹,1428,-0.6,11,6,4,36.6,500,-4,
,"2022. 7.17",函館,1函C,1勝,臥牛山特･1勝,7,7,ダイム,牝,3,横山和生, 52 ,7,1,１, ,芝1800,重,,(栗),昆貢,1536,-0.3,3,3,3,37.5,446,+2,
,"2022. 7.17",函館,1函C,1勝,１勝ｸﾗｽ,4,8,サトノレーヴ,牡,3,浜中俊, 54 ,16,1,１, ,芝1200,重,,(美),堀宣行,1123,-0.2,,3,3,37.0,538,+4,
,"2022. 7.17",函館,1函C,1勝,１勝ｸﾗｽ・牝,4,5,メイショウホマレ,牝,3,鷲頭虎太,49▲,13,4,１, ,ダ1700,重,,(栗),松永昌博,1431,-0.4,1,1,1,37.4,446,+2,
,"2022. 7.17",函館,1函C,未勝利,未勝利,3,5,ジェンヌ,牝,3,吉田隼人, 54 ,16,4,１, ,芝2600,重,,(栗),安達昭夫,2490,-0.3,8,7,2,38.4,424,+4,
,"2022. 7.17",函館,1函C,新馬,新馬,5,5,キミノナハマリア,牝,2,鮫島克駿, 54 ,11,8,１, ,芝1800,重,,(栗),千田輝彦,1542,-0.3,6,7,5,36.5,478,,
,"2022. 7.17",函館,1函C,未勝利,未勝利,8,12,フウゲツムヘン,牝,3,西塚洸二,51▲,12,7,１, ,ダ1000,稍,,(美),新開幸一,0592,-0.1,,2,2,36.2,438,+8,
,"2022. 7.17",函館,1函C,未勝利,未勝利・牝,1,2,ディオアステリア,牝,3,横山和生, 54 ,16,7,１, ,芝1200,稍,,(美),小野次郎,1111,-0.6,,3,3,36.3,452,-4,
,"2022. 7.17",函館,1函C,未勝利,未勝利,2,2,ストロンゲスト,牡,3,吉田隼人, 56 ,14,3,１, ,ダ1700,稍,,(栗),茶木太樹,1464,-0.5,6,5,4,38.3,482,-6,
,"2022. 7.17",函館,1函C,未勝利,未勝利*,7,7,マルモリディライト,牝,2,武豊, 54 ,8,3,１, ,芝1200,稍,,(栗),石橋守,1117,-0.2,,2,2,36.9,444,-4,
,"2022. 7.16",函館,1函B,1勝,１勝ｸﾗｽ,2,2,タイムオブフライト,牡,3,吉田隼人, 54 ,9,4,１, ,芝2600,稍,,(栗),辻野泰之,2485,-0.1,3,3,3,37.0,434,0,
,"2022. 7.16",函館,1函B,Ｇ３,函館２歳G3,8,12,ブトンドール,牝,2,鮫島克駿, 54 ,13,4,１, ,芝1200,稍,,(栗),池添学,1118,-0.2,,9,6,36.6,478,-8,
,"2022. 7.16",函館,1函B,2勝,かもめ島･2勝,3,3,オンリーオピニオン,牝,3,丹内祐次, 52 ,14,1,１, ,芝1800,稍,,(美),伊藤大士,1514,-0.2,1,1,1,36.4,488,+8,
,"2022. 7.16",函館,1函B,1勝,湯浜特別･1勝,5,5,キタノセレナード,牡,3,吉田隼人, 54 ,12,1,１, ,ダ1700,稍,,(栗),坂口智康,1460,-0.1,6,4,3,38.3,444,0,
,"2022. 7.16",函館,1函B,1勝,１勝ｸﾗｽ・牝,5,8,スウィートプロミス,牝,3,池添謙一, 52 ,14,4,１, ,芝1200,稍,,(美),尾関知人,1112,-0.1,,1,1,36.2,468,-2,
,"2022. 7.16",函館,1函B,1勝,１勝ｸﾗｽ,6,7,スズカサウスソング,牡,5,泉谷楓真,56☆,12,1,１, ,ダ1000,稍,,(栗),橋田満,0587,-0.3,,1,1,35.6,510,+2,B
,"2022. 7.16",函館,1函B,未勝利,未勝利,8,13,バレストラ,牝,3,古川奈穂,50★,14,3,１, ,ダ1700,稍,,(栗),矢作芳人,1463,-1.4,2,1,1,39.3,474,+8,
,"2022. 7.16",函館,1函B,未勝利,未勝利,6,11,オウケンムーンアイ,牝,3,菱田裕二, 54 ,16,6,１, ,芝2000,稍,,(美),宮田敬介,2046,-0.0,12,9,6,37.3,428,-6,B
,"2022. 7.16",函館,1函B,未勝利,未勝利,8,14,ワンダフルヘヴン,牝,3,菱田裕二, 54 ,14,1,１, ,ダ1700,稍,,(美),久保田貴,1457,-0.8,2,2,2,38.4,486,-4,B
,"2022. 7.16",函館,1函B,未勝利,未勝利,1,2,シンゼンコイチャン,牝,3,池添謙一, 54 ,16,7,１, ,芝1200,稍,,(栗),飯田祐史,1109,-0.0,,5,4,35.9,462,+12,
,"2022. 7.16",函館,1函B,未勝利,未勝利・牝,8,14,ルチア,牝,3,横山武史, 54 ,14,1,１, ,ダ1700,稍,,(美),大竹正博,1481,-0.0,3,2,2,38.3,492,-4,
,"2022. 7.16",函館,1函B,未勝利,未勝利*,5,5,サンライズフォルス,牡,2,丸山元気, 54 ,8,1,１, ,芝1800,稍,,(栗),羽月友彦,1546,-0.2,2,2,2,36.7,486,-8,
,"2022. 7.10",函館,1函A,2勝,２勝ｸﾗｽ,2,2,チェイスザドリーム,牝,3,古川奈穂,49★,12,1,１, ,ダ1000,良,,(栗),矢作芳人,0580,-0.5,,1,1,35.4,464,-10,
,"2022. 7.10",函館,1函A,3勝,五稜郭Ｓ･3勝,6,12,フィオリキアリ,牝,5,武豊, 55 ,16,8,１, ,芝2000,良,,(栗),清水久詞,2014,-0.0,11,12,12,35.2,456,+8,
,"2022. 7.10",函館,1函A,2勝,横津岳Ｈ･2勝,1,1,アスティ,セ,6,丹内祐次, 55 ,13,9,１, ,芝2600,良,,(美),堀内岳志,2417,-0.1,4,3,3,35.5,430,+6,
,"2022. 7.10",函館,1函A,1勝,下北半島･1勝,8,11,ネレイド,牝,3,丸山元気, 52 ,11,2,１, ,芝1200,良,,(美),粕谷昌央,1102,-0.0,,1,1,34.7,440,0,
,"2022. 7.10",函館,1函A,1勝,１勝ｸﾗｽ,3,3,ローヴェロ,牡,3,横山武史, 54 ,12,1,１, ,ダ1700,良,,(美),加藤征弘,1453,-0.4,1,1,1,38.9,500,-8,
,"2022. 7.10",函館,1函A,1勝,１勝ｸﾗｽ・牝,5,5,カンティプール,牝,3,斎藤新, 52 ,8,1,１, ,芝2000,良,,(栗),渡辺薫彦,2017,-0.2,2,2,2,36.1,486,+6,
,"2022. 7.10",函館,1函A,未勝利,未勝利,8,11,グラットンラッシー,牝,3,横山武史, 54 ,12,2,１, ,ダ1000,良,,(美),加藤征弘,0596,-0.4,,1,1,36.7,512,-4,
,"2022. 7.10",函館,1函A,新馬,新馬,4,4,ブラストウェーブ,牡,2,横山和生, 54 ,6,1,１, ,芝1800,良,,(美),大竹正博,1509,-0.0,2,2,2,35.5,538,,
,"2022. 7.10",函館,1函A,未勝利,未勝利,2,4,チャオバンビーナ,牝,3,吉田隼人, 54 ,16,7,１, ,芝1200,良,,(栗),茶木太樹,1102,-0.1,,5,7,35.1,426,-2,
,"2022. 7.10",函館,1函A,未勝利,未勝利,3,3,マイネルシーマー,牡,3,丹内祐次, 56 ,14,2,１, ,芝1800,良,,(美),青木孝文,1499,-0.1,3,3,3,35.9,484,+6,
,"2022. 7.10",函館,1函A,未勝利,未勝利,5,8,シルバーブレッド,牡,3,菱田裕二, 56 ,14,4,１, ,ダ1700,良,,(栗),石坂公一,1465,-0.5,10,5,3,37.4,432,0,
,"2022. 7.10",函館,1函A,未勝利,未勝利*,6,7,ワタシダケドナニカ,牡,2,横山武史, 54 ,11,2,１, ,ダ1000,良,,(美),新開幸一,0594,-0.0,,2,2,35.9,474,+4,
,"2022. 7. 9",函館,1函9,1勝,１勝ｸﾗｽ,3,4,ドロップオブライト,牝,3,鷲頭虎太,49▲,14,4,１, ,芝1200,良,,(栗),松永昌博,1094,-0.2,,2,1,35.1,442,+2,
,"2022. 7. 9",函館,1函9,ｵｰﾌﾟﾝ,マリーンＨ,2,2,フルデプスリーダー,牡,5,横山武史, 55 ,14,6,１, ,ダ1700,良,*,(美),斎藤誠,1440,-0.0,2,3,3,36.8,490,-4,
,"2022. 7. 9",函館,1函9,2勝,潮騒特別･2勝,8,12,ソウテン,牡,3,藤岡佑介, 54 ,13,2,１, ,芝1200,良,,(美),加藤征弘,1099,-0.0,,6,5,34.9,496,-2,
,"2022. 7. 9",函館,1函9,1勝,北斗特別･1勝,5,5,フラワリングナイト,牝,5,横山武史, 55 ,7,4,１, ,芝2000,良,,(美),金成貴史,2012,-0.4,5,4,2,36.1,436,-8,
,"2022. 7. 9",函館,1函9,1勝,１勝ｸﾗｽ,8,10,ロードヴァレンチ,セ,3,角田大和,52△,11,1,１, ,ダ1700,良,,(美),中舘英二,1455,-0.1,2,2,2,38.8,468,+4,
,"2022. 7. 9",函館,1函9,1勝,１勝ｸﾗｽ,7,9,イスラアネーロ,牡,3,岩田康誠, 54 ,12,2,１, ,ダ1000,良,,(栗),吉村圭司,0589,-0.3,,2,2,36.0,438,+2,
,"2022. 7. 9",函館,1函9,未勝利,未勝利,3,4,アメジストブラック,牡,3,藤岡佑介, 56 ,14,1,１, ,芝2000,良,,(栗),中内田充,2025,-0.2,11,8,6,36.1,520,+4,
,"2022. 7. 9",函館,1函9,新馬,新馬,8,12,アスクドリームモア,牡,2,藤岡佑介, 54 ,13,2,１, ,芝1200,良,,(栗),藤原英昭,1111,-0.1,,5,3,35.3,482,,
,"2022. 7. 9",函館,1函9,未勝利,未勝利・牝,5,8,ナックフローラ,牝,3,角田大和,52△,14,12,１, ,芝1800,良,,(美),杉浦宏昭,1491,-0.3,1,1,1,35.0,484,+8,
,"2022. 7. 9",函館,1函9,未勝利,未勝利,7,12,フォンメイリー,牝,3,斎藤新, 54 ,14,1,１, ,ダ1700,良,,(栗),四位洋文,1474,-0.4,1,1,1,39.1,468,-2,
,"2022. 7. 9",函館,1函9,未勝利,未勝利・牝,5,6,キュートヘスティア,牝,3,横山武史, 54 ,12,1,１, ,ダ1000,良,,(美),辻哲英,0595,-0.5,,1,1,36.4,446,+6,
,"2022. 7. 9",函館,1函9,未勝利,未勝利*,2,2,イコサン,牡,2,池添謙一, 54 ,7,1,１, ,芝1200,良,,(栗),長谷川浩,1099,-0.4,,1,1,35.2,460,+4,
,"2022. 7. 3",函館,1函8,1勝,１勝ｸﾗｽ,7,10,カルネアサーダ,牝,3,鮫島克駿, 52 ,12,1,１, ,ダ1000,稍,,(栗),加用正,0583,-0.3,,1,1,35.1,460,+6,
,"2022. 7. 3",函館,1函8,ｵｰﾌﾟﾝ,巴賞,3,3,ホウオウピースフル,牝,5,丸田恭介, 54 ,12,4,１, ,芝1800,良,,(美),大竹正博,1484,-0.0,8,6,6,35.0,496,-6,
,"2022. 7. 3",函館,1函8,2勝,竜飛崎特･2勝,5,5,ブラッティーキッド,牡,4,水口優也, 57 ,10,1,１, ,ダ1700,稍,*,(栗),中尾秀正,1441,-0.0,3,3,3,36.4,500,-2,B
,"2022. 7. 3",函館,1函8,2勝,函館道新･2勝,6,11,バトーデュシエル,牝,5,岩田康誠, 55 ,16,6,１, ,芝1200,良,,(栗),安田翔伍,1094,-0.2,,6,3,34.9,478,-2,B
,"2022. 7. 3",函館,1函8,1勝,１勝ｸﾗｽ,5,5,オンリーオピニオン,牝,3,丹内祐次, 52 ,10,2,１, ,芝1800,良,,(美),伊藤大士,1490,-0.3,2,2,2,36.2,480,-2,
,"2022. 7. 3",函館,1函8,1勝,１勝ｸﾗｽ・牝,3,4,フローラルビアンカ,牝,3,藤岡佑介, 52 ,14,9,１, ,ダ1700,稍,,(栗),田中克典,1454,-0.2,4,2,1,38.4,480,+10,
,"2022. 7. 3",函館,1函8,未勝利,未勝利,7,11,ビヨンドザリミット,牝,3,角田大和,52△,13,11,１, ,芝2000,良,,(美),武井亮,2026,-0.2,4,4,4,36.5,462,+10,
,"2022. 7. 3",函館,1函8,新馬,新馬,8,8,シーウィザード,牡,2,浜中俊, 54 ,8,5,１, ,芝1800,良,,(美),鹿戸雄一,1517,-0.1,1,1,1,34.9,456,,
,"2022. 7. 3",函館,1函8,未勝利,未勝利,6,12,スーリールダンジュ,牝,3,武豊, 54 ,16,1,１, ,芝1200,稍,,(栗),中内田充,1102,-0.2,,9,7,35.0,476,+10,
,"2022. 7. 3",函館,1函8,未勝利,未勝利,6,7,キタノセレナード,牡,3,吉田隼人, 56 ,12,1,１, ,ダ1700,稍,,(栗),坂口智康,1452,-1.4,5,3,2,38.0,444,-2,
,"2022. 7. 3",函館,1函8,未勝利,未勝利,2,2,タイガークリスエス,牡,3,武豊, 56 ,12,4,１, ,ダ1000,稍,,(栗),大橋勇樹,0594,-0.0,,4,4,35.8,470,-2,
,"2022. 7. 3",函館,1函8,未勝利,未勝利*,3,3,シンゼンイズモ,牡,2,鮫島克駿, 54 ,11,2,１, ,芝1200,稍,*,(栗),荒川義之,1110,-0.0,,7,6,36.0,492,+2,
,"2022. 7. 2",函館,1函7,1勝,１勝ｸﾗｽ,5,7,バルムンク,牡,3,大久保友,51▲,13,2,１, ,ダ1700,重,,(栗),池添学,1446,-0.8,3,2,2,37.4,510,-2,
,"2022. 7. 2",函館,1函7,3勝,ＴＶｈＨ･3勝,6,11,ヴィズサクセス,牡,5,岩田康誠, 55 ,16,3,１, ,芝1200,稍,,(美),奥村武,1102,-0.0,,10,9,35.4,478,+6,
,"2022. 7. 2",函館,1函7,2勝,洞爺湖特･2勝,7,7,クライミングリリー,牝,4,横山武史, 55 ,10,1,１, ,芝1800,稍,,(美),国枝栄,1489,-0.2,7,7,5,35.2,462,-4,
,"2022. 7. 2",函館,1函7,1勝,長万部特･1勝,8,14,ラキエータ,牝,3,武豊, 52 ,14,9,１, ,芝1200,稍,,(栗),音無秀孝,1097,-0.0,,6,4,35.1,412,+2,
,"2022. 7. 2",函館,1函7,1勝,１勝ｸﾗｽ,5,5,ヤマノマタカ,牡,5,丹内祐次, 57 ,12,3,１, ,ダ2400,重,,(美),相沢郁,2322,-1.6,4,1,1,39.2,486,+6,B
,"2022. 7. 2",函館,1函7,1勝,１勝ｸﾗｽ,5,5,マイネルエニグマ,牡,4,丹内祐次, 57 ,9,4,１, ,芝2000,稍,,(栗),五十嵐忠,2018,-0.4,2,3,2,36.3,468,+8,
,"2022. 7. 2",函館,1函7,新馬,新馬,4,4,ニシノシークレット,牡,2,勝浦正樹, 54 ,7,1,１, ,ダ1000,重,,(美),村田一誠,0597,-0.9,,1,1,35.1,472,,
,"2022. 7. 2",函館,1函7,新馬,新馬,6,6,ブトンドール,牝,2,鮫島克駿, 54 ,8,4,１, ,芝1200,稍,,(栗),池添学,1111,-0.2,,3,3,35.6,486,,
,"2022. 7. 2",函館,1函7,未勝利,未勝利・牝,5,8,クオーレドーロ,牝,3,横山武史, 54 ,14,1,１, ,ダ1700,重,,(美),上原博之,1461,-0.0,3,3,3,38.1,438,0,
,"2022. 7. 2",函館,1函7,未勝利,未勝利,6,11,クロニクルノヴァ,牡,3,浜中俊, 56 ,15,3,１, ,芝1800,稍,,(栗),武幸四郎,1491,-0.2,5,4,2,36.5,478,+2,
,"2022. 7. 2",函館,1函7,未勝利,未勝利,1,1,タロファイター,牡,3,吉田隼人, 56 ,14,1,１, ,ダ1700,重,,(栗),中尾秀正,1453,-0.1,8,4,3,38.5,452,-4,B
,"2022. 7. 2",函館,1函7,未勝利,未勝利・牝*,6,6,ミスヨコハマ,牝,2,斎藤新, 54 ,6,2,１, ,芝1200,稍,,(美),斎藤誠,1111,-0.0,,2,1,36.8,460,0,
,"2022. 6.26",函館,1函6,1勝,１勝ｸﾗｽ,4,4,タツリュウオー,牝,4,山田敬士,53△,13,9,１, ,芝1200,良,,(栗),加用正,1095,-0.0,,5,3,35.2,462,+6,
,"2022. 6.26",函館,1函6,OP(L),大沼Ｓ(L),3,3,アイオライト,牡,5,菱田裕二, 57 ,10,7,１, ,ダ1700,稍,,(美),武藤善則,1437,-0.1,3,2,2,36.3,484,0,
,"2022. 6.26",函館,1函6,2勝,ＨＴＢＨ･2勝,7,13,グランアリエル,牡,3,角田大和, 53 ,15,2,１, ,芝1200,良,,(美),小野次郎,1089,-0.0,,1,1,34.8,474,0,
,"2022. 6.26",函館,1函6,2勝,松前特別･2勝,7,10,ビューティーウェイ,牝,4,松田大作, 55 ,12,6,１, ,芝2000,良,*,(栗),須貝尚介,2013,-0.0,6,9,7,35.1,432,+6,B
,"2022. 6.26",函館,1函6,1勝,１勝ｸﾗｽ,6,7,アメリカンエール,牡,4,菱田裕二, 57 ,12,9,１, ,ダ1700,稍,,(美),戸田博文,1454,-0.1,12,10,7,37.8,502,+8,B
,"2022. 6.26",函館,1函6,1勝,１勝ｸﾗｽ,1,1,ウインヴァカンス,牝,4,角田大和,53△,12,4,１, ,芝2600,良,,(栗),寺島良,2416,-0.5,2,1,1,36.9,460,-4,B
,"2022. 6.26",函館,1函6,未勝利,未勝利,2,2,ハヤブサウィッシュ,牡,3,浜中俊, 56 ,9,3,１, ,ダ1700,稍,,(栗),吉村圭司,1462,-0.1,4,2,2,39.0,456,0,
,"2022. 6.26",函館,1函6,新馬,新馬,2,2,カワキタマックス,牝,2,横山琉人,51▲,8,5,１, ,芝1200,良,,(栗),鈴木孝志,1117,-0.1,,1,1,35.3,430,,
,"2022. 6.26",函館,1函6,未勝利,未勝利,6,11,マカンマカン,牡,3,浜中俊, 56 ,16,1,１, ,芝1800,良,,(栗),音無秀孝,1491,-0.1,10,5,5,36.2,466,,
,"2022. 6.26",函館,1函6,未勝利,未勝利,5,6,マーブルケイケー,牝,3,藤岡佑介, 54 ,12,2,１, ,ダ1000,稍,,(栗),茶木太樹,0590,-0.3,,1,1,35.8,484,+4,
,"2022. 6.26",函館,1函6,未勝利,未勝利・牝,7,10,ヴァルドマルヌ,牝,3,横山琉人,51▲,12,7,１, ,ダ1700,稍,,(美),大和田成,1470,-0.2,2,4,3,39.7,412,0,
,"2022. 6.26",函館,1函6,未勝利,未勝利,6,12,ヒルノローザンヌ,牝,3,泉谷楓真,53☆,16,6,１, ,芝1200,良,,(栗),西村真幸,1095,-0.5,,15,13,34.3,480,+16,
,"2022. 6.25",函館,1函5,1勝,１勝ｸﾗｽ,6,7,ポメラート,牝,3,横山琉人,49▲,12,1,１, ,ダ1000,重,,(栗),茶木太樹,0586,-0.1,,1,1,35.1,480,-2,
,"2022. 6.25",函館,1函5,ｵｰﾌﾟﾝ,青函Ｓ,7,14,ヴァトレニ,セ,4,横山武史, 56 ,16,3,１, ,芝1200,良,,(栗),長谷川浩,1086,-0.3,,2,2,34.5,440,0,
,"2022. 6.25",函館,1函5,2勝,渡島特別･2勝,3,3,ビジン,牝,3,池添謙一, 52 ,10,1,１, ,ダ1700,重,,(栗),武英智,1443,-0.3,3,2,2,36.8,462,-2,
,"2022. 6.25",函館,1函5,1勝,恵山特別･1勝,5,7,ハーツラプソディ,牝,4,荻野琢真, 55 ,14,6,１, ,芝1800,稍,,(栗),今野貞一,1479,-0.2,3,3,2,34.9,496,-6,
,"2022. 6.25",函館,1函5,1勝,１勝ｸﾗｽ,2,2,ユキノフラッシュ,牡,4,菱田裕二, 57 ,12,6,１, ,芝1200,稍,,(栗),牧田和弥,1099,-0.1,,4,5,34.8,490,+8,
,"2022. 6.25",函館,1函5,1勝,１勝ｸﾗｽ・牝,5,5,メッザノッテ,牝,4,岩田康誠, 55 ,12,6,１, ,ダ1700,重,,(栗),寺島良,1446,-0.5,1,1,1,37.9,466,-2,B
,"2022. 6.25",函館,1函5,未勝利,未勝利,6,7,ブローザホーン,牡,3,横山武史, 56 ,12,3,１, ,芝2000,稍,,(美),中野栄治,2025,-0.1,5,5,7,34.9,426,+2,
,"2022. 6.25",函館,1函5,新馬,新馬,7,7,フミサウンド,牡,2,武豊, 54 ,8,2,１, ,芝1200,稍,,(美),鹿戸雄一,1101,-0.0,,2,2,34.9,424,,
,"2022. 6.25",函館,1函5,未勝利,未勝利,6,6,ミアステラ,牡,3,古川吉洋, 56 ,9,1,１, ,ダ2400,重,,(栗),大根田裕,2334,-0.1,3,2,2,37.4,494,0,
,"2022. 6.25",函館,1函5,未勝利,未勝利,2,3,ネイキッドハート,牝,3,吉田隼人, 54 ,16,5,１, ,芝1200,稍,,(美),辻哲英,1095,-0.1,,3,3,35.3,420,-4,
,"2022. 6.25",函館,1函5,未勝利,未勝利,5,5,メイショウタイゲイ,牡,3,吉田隼人, 56 ,8,3,１, ,ダ1700,重,,(栗),荒川義之,1458,-0.3,5,5,3,36.8,440,0,
,"2022. 6.25",函館,1函5,未勝利,未勝利*,3,3,ミシェラドラータ,牡,2,鮫島克駿, 54 ,12,2,１, ,芝1200,稍,,(栗),清水久詞,1104,-0.1,,5,2,35.7,478,0,
,"2022. 6.19",函館,1函4,1勝,１勝ｸﾗｽ,7,7,ラブリネスオーバー,牝,3,西塚洸二,49▲,10,1,１, ,芝1200,良,,(美),高柳瑞樹,1084,-0.2,,1,1,34.4,498,+2,
,"2022. 6.19",函館,1函4,3勝,ＵＨＢ杯･3勝,2,3,マウンテンムスメ,牝,4,横山武史, 55 ,16,3,１, ,芝1200,良,,(美),中野栄治,1083,-0.1,,1,1,34.6,460,-10,
,"2022. 6.19",函館,1函4,2勝,檜山特Ｈ･2勝,7,12,タイセイシェダル,牡,4,吉田隼人, 56 ,14,1,１, ,ダ1700,良,,(栗),高橋義忠,1451,-0.1,5,3,3,37.6,454,-4,
,"2022. 6.19",函館,1函4,1勝,八雲特別･1勝,7,8,コルベイユ,牝,3,勝浦正樹, 52 ,11,3,１, ,芝1800,良,,(美),新開幸一,1483,-0.1,1,1,1,34.5,424,+2,
,"2022. 6.19",函館,1函4,1勝,１勝ｸﾗｽ,6,8,キュールエフウジン,牡,3,斎藤新, 54 ,12,6,１, ,ダ1700,良,,(栗),中尾秀正,1460,-0.1,2,6,5,37.2,484,-4,
,"2022. 6.19",函館,1函4,1勝,１勝ｸﾗｽ・牝,7,12,テーオーメアリー,牝,4,古川吉洋, 55 ,14,10,１, ,芝1200,良,,(栗),梅田智之,1088,-0.0,,8,8,34.3,472,+6,
,"2022. 6.19",函館,1函4,未勝利,未勝利,2,2,マーゴットワーズ,牡,3,荻野琢真, 56 ,11,10,１, ,芝2000,良,,(栗),小林真也,2026,-0.1,1,1,1,35.1,460,-6,
,"2022. 6.19",函館,1函4,新馬,新馬,6,6,スプレモフレイバー,牡,2,吉田隼人, 54 ,8,1,１, ,芝1200,良,,(美),久保田貴,1099,-0.3,,1,1,34.5,470,,
,"2022. 6.19",函館,1函4,未勝利,未勝利,6,6,ミラキュラスライト,牡,3,横山武史, 56 ,10,3,１, ,ダ1700,良,,(美),萩原清,1470,-0.4,7,7,6,38.1,480,0,
,"2022. 6.19",函館,1函4,未勝利,未勝利・牝,5,6,エヴリーサンクス,牝,3,鷲頭虎太,51▲,12,5,１, ,ダ1000,良,,(美),小手川準,0594,-0.0,,8,6,35.5,472,+2,B
,"2022. 6.19",函館,1函4,未勝利,未勝利,7,13,エナジーグラン,牡,3,鮫島克駿, 56 ,16,2,１, ,芝1200,良,,(栗),高柳大輔,1090,-0.0,,8,5,34.6,458,+6,
,"2022. 6.19",函館,1函4,未勝利,未勝利・牝,1,1,スカンジナビア,牝,3,角田大和,52△,13,1,１, ,ダ1700,良,,(栗),四位洋文,1464,-1.0,1,1,1,37.9,450,-2,
,"2022. 6.18",函館,1函3,1勝,１勝ｸﾗｽ,7,11,ブラッティーキッド,牡,4,水口優也, 57 ,14,5,１, ,ダ1700,良,,(栗),中尾秀正,1440,-0.6,4,3,2,36.7,502,-1,B
,"2022. 6.18",函館,1函3,2勝,ＳＴＶ杯･2勝,5,5,ダークペイジ,牝,3,横山武史, 52 ,12,1,１, ,芝1200,良,,(栗),吉村圭司,1079,-0.1,,2,2,34.1,452,+8,
,"2022. 6.18",函館,1函3,1勝,奥尻特別･1勝,1,1,フィデル,牡,3,武豊, 54 ,9,1,１, ,芝2000,良,,(栗),友道康夫,2009,-0.2,5,5,5,34.0,484,+10,
,"2022. 6.18",函館,1函3,1勝,立待岬特･1勝,7,7,ハギノモーリス,牡,3,池添謙一, 54 ,8,1,１, ,芝1200,良,,(栗),高野友和,1089,-0.3,,1,1,33.8,480,+8,
,"2022. 6.18",函館,1函3,1勝,１勝ｸﾗｽ,8,12,ニシノアナ,牝,3,秋山稔樹,51☆,12,5,１, ,ダ1000,良,,(美),相沢郁,0588,-0.2,,2,2,35.8,460,-4,B
,"2022. 6.18",函館,1函3,未勝利,未勝利,5,5,レッドファーロ,牡,3,藤岡佑介, 56 ,9,4,１, ,芝2600,良,,(栗),松永幹夫,2416,-0.2,8,8,8,35.0,494,-12,
,"2022. 6.18",函館,1函3,新馬,新馬,5,5,オマツリオトコ,牡,2,横山武史, 54 ,8,1,１, ,ダ1000,良,,(美),伊藤圭三,1003,-0.9,,4,3,35.3,484,,
,"2022. 6.18",函館,1函3,新馬,新馬・牝,7,7,ゴキゲンサン,牝,2,藤岡佑介, 54 ,10,2,１, ,芝1200,良,,(美),伊藤大士,1103,-0.0,,3,3,35.5,488,,
,"2022. 6.18",函館,1函3,未勝利,未勝利,2,2,ヒドゥンキング,牡,3,横山琉人,53▲,13,4,１, ,芝1800,良,,(美),伊藤大士,1486,-0.2,5,4,4,35.0,454,+6,
,"2022. 6.18",函館,1函3,未勝利,未勝利,3,3,ルアル,牡,3,吉田隼人, 56 ,12,3,１, ,ダ1000,良,,(栗),安達昭夫,0591,-0.1,,3,3,35.6,512,+10,
,"2022. 6.18",函館,1函3,未勝利,未勝利,5,5,ヘキクウ,牡,3,横山武史, 56 ,12,6,１, ,ダ1700,良,,(美),鈴木伸尋,1461,-0.0,2,2,2,38.4,530,+6,
,"2022. 6.18",函館,1函3,未勝利,未勝利・牝,3,5,ドロップオブライト,牝,3,鷲頭虎太,51▲,16,1,１, ,芝1200,良,,(栗),松永昌博,1096,-0.0,,8,5,35.0,440,+4,
,"2022. 6.12",函館,1函2,1勝,１勝ｸﾗｽ,5,7,ビジン,牝,3,池添謙一, 52 ,14,2,１, ,ダ1700,良,,(栗),武英智,1466,-0.1,7,5,5,37.9,464,+8,
,"2022. 6.12",函館,1函2,Ｇ３,函館スプG3,4,7,ナムラクレア,牝,3,浜中俊, 50 ,16,1,１, ,芝1200,良,,(栗),長谷川浩,1072,-0.4,,3,3,34.1,462,0,
,"2022. 6.12",函館,1函2,2勝,津軽海峡･2勝,7,8,オセアダイナスティ,牡,4,横山武史, 57 ,10,1,１, ,ダ1700,良,,(美),加藤征弘,1451,-0.1,2,2,2,37.8,518,-2,
,"2022. 6.12",函館,1函2,1勝,遊楽部特･1勝,6,10,ブルトンクール,牝,3,Ｍ．デム, 52 ,14,7,１, ,芝1800,良,,(美),新開幸一,1473,-0.1,1,1,1,35.5,444,+4,
,"2022. 6.12",函館,1函2,1勝,１勝ｸﾗｽ,6,9,ヤマニンルリュール,牝,4,鮫島克駿, 55 ,14,4,１, ,芝1200,良,,(栗),木原一良,1089,-0.1,,5,5,34.6,476,+10,
,"2022. 6.12",函館,1函2,1勝,１勝ｸﾗｽ,7,9,ダンスウィズジョイ,牝,3,小林凌大,49▲,12,1,１, ,ダ1000,良,,(美),伊藤圭三,0587,-0.2,,2,2,35.6,436,+4,
,"2022. 6.12",函館,1函2,未勝利,未勝利,2,2,ファインバーグ,牡,3,池添謙一, 56 ,13,2,１, ,芝1800,良,,(栗),清水久詞,1482,-0.2,7,5,6,35.1,494,-4,
,"2022. 6.12",函館,1函2,新馬,新馬,8,8,クリダーム,牡,2,武豊, 54 ,9,2,１, ,芝1200,良,,(栗),須貝尚介,1095,-0.1,,2,2,35.2,468,,
,"2022. 6.12",函館,1函2,未勝利,未勝利・牝,2,3,ゴルトシュミーデ,牝,3,西村淳也, 54 ,15,2,１, ,芝2000,良,,(栗),村山明,2010,-0.1,5,3,2,36.3,430,0,
,"2022. 6.12",函館,1函2,未勝利,未勝利,3,3,エバニスタ,牡,3,角田大和,54△,10,2,１, ,ダ1000,良,,(栗),角田晃一,0592,-0.3,,2,2,35.9,484,+2,
,"2022. 6.12",函館,1函2,未勝利,未勝利,3,4,アレマーナ,牝,3,鮫島克駿, 54 ,14,3,１, ,ダ1700,良,,(栗),松下武士,1473,-0.3,2,2,2,38.4,470,+2,
,"2022. 6.12",函館,1函2,未勝利,未勝利,1,2,メルヴィル,牝,3,武豊, 54 ,16,1,１, ,芝1200,良,,(栗),音無秀孝,1088,-0.5,,1,1,35.4,428,-2,B
,"2022. 6.11",函館,1函1,1勝,１勝ｸﾗｽ,3,3,コパノニコルソン,牡,3,泉谷楓真,53☆,14,1,１, ,ダ1700,良,,(栗),宮徹,1464,-0.3,9,8,8,37.2,504,-4,
,"2022. 6.11",函館,1函1,2勝,函館日刊･2勝,4,5,オタルエバー,牡,3,横山武史, 54 ,14,1,１, ,芝1200,良,,(栗),中竹和也,1080,-0.3,,2,2,34.7,480,0,
,"2022. 6.11",函館,1函1,2勝,北海Ｈ･2勝,1,2,メモリーレゾン,牝,3,古川吉洋, 51 ,16,1,１, ,芝1800,良,,(栗),長谷川浩,1470,-0.2,11,10,8,34.3,450,+10,
,"2022. 6.11",函館,1函1,1勝,駒ケ岳特･1勝,3,3,シェルビーズアイ,牡,3,松田大作, 53 ,12,2,１, ,芝2600,良,,(栗),武英智,2399,-0.1,5,4,4,35.4,470,+2,
,"2022. 6.11",函館,1函1,1勝,１勝ｸﾗｽ・牝,4,4,チェイスザドリーム,牝,3,古川奈穂,49★,12,3,１, ,ダ1000,良,,(栗),矢作芳人,0582,-0.4,,1,1,35.5,474,+6,
,"2022. 6.11",函館,1函1,1勝,１勝ｸﾗｽ,6,9,スワヤンブナート,セ,3,武豊, 54 ,14,1,１, ,芝2000,良,,(栗),須貝尚介,2010,-0.1,2,2,2,35.0,500,0,
,"2022. 6.11",函館,1函1,未勝利,未勝利,5,7,エコログロリアス,牡,3,横山武史, 56 ,14,2,１, ,ダ1700,良,,(美),加藤征弘,1470,-0.0,2,2,2,39.9,480,-4,
,"2022. 6.11",函館,1函1,新馬,新馬,1,1,ニーナブランド,牝,2,鮫島克駿, 54 ,9,4,１, ,芝1000,良,,(美),高橋裕,0575,-0.3,,1,1,33.9,420,,
,"2022. 6.11",函館,1函1,未勝利,未勝利,8,11,ノートルプロメス,牡,3,藤岡佑介, 56 ,11,4,１, ,芝2000,良,,(栗),四位洋文,2012,-0.2,11,9,9,34.6,504,+4,
,"2022. 6.11",函館,1函1,未勝利,未勝利,8,11,ラージベル,牝,3,山田敬士,52△,12,5,１, ,ダ1000,良,,(美),松永康利,1000,-0.2,,2,2,36.5,462,+6,
,"2022. 6.11",函館,1函1,未勝利,未勝利・牝,3,3,カンティプール,牝,3,和田竜二, 54 ,11,1,１, ,ダ1700,良,,(栗),渡辺薫彦,1472,-0.1,2,2,2,39.4,482,0,
,"2022. 6.11",函館,1函1,未勝利,未勝利,1,1,バンデルオーラ,牡,3,西村淳也, 56 ,16,1,１, ,芝1200,良,,(栗),牧浦充徳,1085,-0.5,,4,4,34.6,480,+16,
,"2021. 8. 8",函館,1函C,1勝,１勝ｸﾗｽ,6,11,ブロンズレッド,牡,3,団野大成, 54 ,16,9,１, ,芝1200,良,,(栗),牧浦充徳,1095,-0.3,,4,3,35.4,522,+12,
,"2021. 8. 8",函館,1函C,Ｇ３,エルムＳG3,3,4,スワーヴアラミス,牡,6,松田大作, 56 ,14,4,１, ,ダ1700,良,,(栗),須貝尚介,1445,-0.1,4,5,4,37.6,480,0,B
,"2021. 8. 8",函館,1函C,2勝,潮騒特別･2勝,8,15,ネクストストーリー,牝,3,杉原誠人, 52 ,16,5,１, ,芝1200,良,,(美),中川公成,1090,-0.1,,6,5,35.3,496,+6,
,"2021. 8. 8",函館,1函C,2勝,松前特別･2勝,5,6,テーオーラフィット,牝,3,横山武史, 52 ,12,2,１, ,芝1800,良,,(栗),上村洋行,1485,-0.3,1,1,1,36.4,506,+6,
,"2021. 8. 8",函館,1函C,1勝,１勝ｸﾗｽ,5,9,エアサージュ,牡,3,ルメール, 54 ,16,1,１, ,芝2000,良,,(栗),池添学,2017,-0.3,1,1,1,37.0,522,+16,
,"2021. 8. 8",函館,1函C,1勝,１勝ｸﾗｽ,5,7,テイルウインド,牡,3,戸崎圭太, 54 ,14,8,１, ,ダ1700,良,,(美),武藤善則,1462,-0.2,5,5,4,38.0,462,-8,
,"2021. 8. 8",函館,1函C,未勝利,未勝利,6,12,トラウンシュタイン,牡,3,吉田隼人, 56 ,16,4,１, ,芝2600,良,,(栗),奥村豊,2431,-0.0,14,9,6,37.0,454,+6,
,"2021. 8. 8",函館,1函C,新馬,新馬,6,8,ダークエクリプス,牡,2,坂井瑠星, 54 ,13,5,１, ,芝1800,良,,(栗),今野貞一,1528,-0.2,2,3,4,35.5,478,,
,"2021. 8. 8",函館,1函C,未勝利,未勝利,4,7,ゼログラヴィティ,牝,3,丹内祐次, 54 ,16,4,１, ,芝1200,良,,(美),岩戸孝樹,1091,-0.5,,1,1,35.6,496,+8,
,"2021. 8. 8",函館,1函C,未勝利,未勝利,3,4,グランディス,牡,3,ルメール, 56 ,14,1,１, ,ダ1700,良,,(美),高橋裕,1479,-0.3,1,1,1,37.9,458,0,B
,"2021. 8. 8",函館,1函C,未勝利,未勝利・牝,2,3,サトノディーバ,牝,3,坂井瑠星, 54 ,16,1,１, ,芝2000,良,,(栗),矢作芳人,2022,-0.0,8,8,10,36.8,488,+8,
,"2021. 8. 8",函館,1函C,未勝利,未勝利*,5,7,ウインアウォード,牡,2,横山和生, 54 ,14,1,１, ,ダ1700,良,,(栗),杉山晴紀,1484,-0.4,1,1,1,40.5,494,+6,
,"2021. 8. 7",函館,1函B,1勝,１勝ｸﾗｽ・牝,8,15,アールラプチャー,牝,3,坂井瑠星, 52 ,16,2,１, ,芝1200,良,,(栗),千田輝彦,1090,-0.1,,1,1,35.0,464,+16,
,"2021. 8. 7",函館,1函B,OP(L),札幌日経(L),3,5,ディアスティマ,牡,4,吉田隼人, 56 ,15,1,１, ,芝2600,良,,(栗),高野友和,2398,-0.1,1,1,1,36.7,488,0,B
,"2021. 8. 7",函館,1函B,2勝,駒場特Ｈ･2勝,8,14,ペイシャノリッジ,牝,4,坂井瑠星, 54 ,14,1,１, ,ダ1700,良,,(栗),吉田直弘,1448,-0.4,2,2,2,37.6,438,+2,
,"2021. 8. 7",函館,1函B,1勝,八雲特別･1勝,8,10,アイリッシュムーン,牝,3,団野大成, 52 ,10,7,１, ,芝1800,良,,(美),武井亮,1484,-0.0,5,3,3,35.5,472,-8,
,"2021. 8. 7",函館,1函B,1勝,１勝ｸﾗｽ・牝,5,8,マーチリリー,牝,3,松本大輝,49▲,14,8,１, ,ダ1700,良,,(栗),牧浦充徳,1456,-0.4,1,1,1,39.2,494,-2,B
,"2021. 8. 7",函館,1函B,1勝,１勝ｸﾗｽ,8,12,ブルースコード,牡,3,小林凌大,51▲,12,1,１, ,ダ1000,良,,(美),伊藤圭三,0598,-0.0,,2,2,36.4,484,+6,
,"2021. 8. 7",函館,1函B,未勝利,未勝利,2,4,ホウオウリアリティ,牡,3,横山武史, 56 ,16,1,１, ,芝2000,良,,(美),高木登,2015,-0.0,7,8,6,36.1,468,-8,
,"2021. 8. 7",函館,1函B,新馬,新馬,8,8,ヴィアドロローサ,牡,2,吉田隼人, 54 ,9,2,１, ,芝1200,良,,(美),加藤征弘,1100,-0.0,,2,2,35.7,442,,
,"2021. 8. 7",函館,1函B,未勝利,未勝利,5,6,ゴールドフィンガー,牝,3,水口優也, 54 ,12,1,１, ,ダ1000,良,,(栗),岡田稲男,0589,-0.4,,1,1,35.7,470,+6,
,"2021. 8. 7",函館,1函B,未勝利,未勝利,7,14,カシノフォワード,セ,3,秋山稔樹,54△,16,3,１, ,芝1200,良,,(美),蛯名利弘,1101,-0.3,,5,3,35.1,432,+2,
,"2021. 8. 7",函館,1函B,未勝利,未勝利・牝,6,10,レープハフト,牝,3,横山和生, 54 ,14,5,１, ,ダ1700,良,,(美),宮田敬介,1475,-0.2,4,4,3,39.4,462,+2,
,"2021. 8. 7",函館,1函B,未勝利,未勝利*,1,1,アスクワイルドモア,牡,2,武豊, 54 ,12,1,１, ,芝1800,良,,(栗),藤原英昭,1500,-0.1,4,4,4,36.9,456,-2,
,"2021. 8. 1",函館,1函A,2勝,竜飛崎特･2勝,2,2,ヴィーダ,セ,6,勝浦正樹, 57 ,14,2,１, ,ダ1700,良,,(美),堀井雅広,1460,-0.4,5,4,3,38.5,444,-2,
,"2021. 8. 1",函館,1函A,Ｇ３,クイーンG3,7,9,テルツェット,牝,4,ルメール, 55 ,12,3,１, ,芝1800,良,,(美),和田正一,1478,-0.1,10,9,11,35.2,426,0,
,"2021. 8. 1",函館,1函A,2勝,横津岳特･2勝,7,7,ストリクトコード,牝,4,吉田隼人, 55 ,10,2,１, ,芝2600,良,,(栗),庄野靖志,2424,-0.1,3,3,3,35.3,452,+10,
,"2021. 8. 1",函館,1函A,1勝,長万部特･1勝,7,10,ノックオンウッド,牡,3,ルメール, 54 ,13,1,１, ,芝1200,良,,(美),堀宣行,1089,-0.3,,2,2,34.7,502,+2,B
,"2021. 8. 1",函館,1函A,1勝,１勝ｸﾗｽ,1,1,フォギーデイ,牝,4,勝浦正樹, 55 ,11,5,１, ,ダ1700,良,,(美),水野貴広,1467,-0.2,3,2,2,38.8,486,+4,
,"2021. 8. 1",函館,1函A,1勝,１勝ｸﾗｽ・牝,8,9,メイショウオニユリ,牝,3,池添謙一, 52 ,10,2,１, ,芝1800,良,,(栗),池添兼雄,1489,-0.1,4,4,4,34.9,434,-4,
,"2021. 8. 1",函館,1函A,未勝利,未勝利,4,7,イルクオーレ,牡,3,三浦皇成, 56 ,16,2,１, ,芝1200,良,,(美),高橋文雅,1094,-0.2,,2,2,35.1,504,-2,
,"2021. 8. 1",函館,1函A,新馬,新馬,5,5,ロン,牝,2,武豊, 54 ,5,3,１, ,芝2000,良,,(栗),石橋守,2039,-0.5,1,1,1,34.6,494,,
,"2021. 8. 1",函館,1函A,未勝利,未勝利,6,10,ジェイエルブリッジ,牡,3,小林凌大,53▲,14,10,１, ,ダ1700,良,,(美),小西一男,1480,-0.1,8,8,9,39.7,476,+6,
,"2021. 8. 1",函館,1函A,未勝利,未勝利,2,3,アズユーフィール,牡,3,丹内祐次, 56 ,16,1,１, ,芝2000,良,,(栗),宮本博,2014,-0.1,13,5,3,37.0,502,-2,B
,"2021. 8. 1",函館,1函A,未勝利,未勝利,4,6,マックスウォリアー,牡,3,藤岡佑介, 56 ,14,1,１, ,ダ1700,良,,(栗),平田修,1475,-0.2,7,3,3,39.4,498,+2,
,"2021. 8. 1",函館,1函A,未勝利,未勝利*,1,1,ヒルノショパン,牡,2,古川吉洋, 54 ,9,1,１, ,ダ1000,良,,(栗),昆貢,1007,-0.2,,6,5,36.5,438,-2,
,"2021. 7.31",函館,1函9,1勝,１勝ｸﾗｽ,8,12,ウィッチクラフト,セ,5,団野大成, 57 ,13,4,１, ,ダ1700,良,,(栗),浜田多実,1462,-0.2,1,1,1,38.6,520,0,
,"2021. 7.31",函館,1函9,3勝,ＳＴＶＨ･3勝,6,11,アラタ,牡,4,大野拓弥, 55 ,16,3,１, ,芝2000,良,*,(美),和田勇介,1593,-0.2,5,4,4,36.1,456,-10,
,"2021. 7.31",函館,1函9,2勝,美利河特･2勝,6,10,ナイントゥファイブ,牝,4,松田大作, 55 ,15,4,１, ,芝1200,良,,(栗),西園正都,1084,-0.3,,2,2,35.0,474,0,
,"2021. 7.31",函館,1函9,1勝,八甲田山･1勝,4,6,アルバーシャ,牡,3,ルメール, 54 ,14,2,１, ,芝2600,良,,(栗),岡田稲男,2412,-0.6,3,2,1,36.4,498,-2,
,"2021. 7.31",函館,1函9,1勝,１勝ｸﾗｽ・牝,3,3,プリンセスヨウク,牝,7,秋山稔樹,53△,10,3,１, ,ダ1000,良,,(美),石栗龍彦,0593,-0.1,,7,6,35.4,466,0,
,"2021. 7.31",函館,1函9,1勝,１勝ｸﾗｽ,4,4,オータムヒロイン,牝,3,古川吉洋, 52 ,12,2,１, ,芝2000,良,,(栗),鮫島一歩,2011,-0.1,8,7,4,36.6,464,+2,
,"2021. 7.31",函館,1函9,未勝利,未勝利,8,13,ロックユー,セ,3,藤岡佑介, 56 ,14,7,１, ,芝1800,良,,(栗),中内田充,1485,-0.3,13,7,4,36.4,442,+2,B
,"2021. 7.31",函館,1函9,新馬,新馬,8,8,ソリッドグロウ,牝,2,横山武史, 54 ,9,1,１, ,芝1200,良,,(美),池上昌和,1098,-1.1,,1,1,36.0,438,,
,"2021. 7.31",函館,1函9,未勝利,未勝利,6,9,デルマタモン,牡,3,横山和生, 56 ,14,1,１, ,ダ1700,良,,(美),勢司和浩,1474,-0.4,14,12,5,38.6,498,-8,
,"2021. 7.31",函館,1函9,未勝利,未勝利,1,1,サンランシング,牝,3,小林凌大,51▲,12,3,１, ,ダ1000,良,,(美),新開幸一,0594,-0.2,,1,1,36.3,466,0,B
,"2021. 7.31",函館,1函9,未勝利,未勝利・牝,5,7,パルクールラン,牝,3,小崎綾也, 54 ,13,12,１, ,ダ1700,良,,(栗),小崎憲,1475,-0.1,1,1,1,38.4,412,+6,
,"2021. 7.31",函館,1函9,未勝利,未勝利*,7,8,コラリン,牝,2,横山武史, 54 ,10,1,１, ,芝1200,良,,(美),岩戸孝樹,1094,-0.4,,2,2,35.7,432,+2,
,"2021. 7.25",函館,1函8,1勝,１勝ｸﾗｽ,4,4,クインズセージ,牝,3,小林凌大,49▲,11,2,１, ,芝1200,良,,(美),小島茂之,1095,-0.0,,3,4,35.1,506,+2,
,"2021. 7.25",函館,1函8,3勝,ＵＨＢＨ･3勝,7,12,ロジペルレスト,セ,6,泉谷楓真, 53 ,14,12,１, ,ダ1700,良,,(美),手塚貴久,1448,-0.4,1,1,1,38.0,512,+8,
,"2021. 7.25",函館,1函8,2勝,立待岬特･2勝,5,6,ノクターンノーツ,牝,4,団野大成, 55 ,13,2,１, ,芝1200,良,*,(栗),田中克典,1087,-0.2,,1,1,34.7,512,+10,B
,"2021. 7.25",函館,1函8,2勝,北海Ｈ･2勝,2,2,エンデュミオン,牡,4,横山武史, 55 ,12,2,１, ,芝2000,良,,(栗),清水久詞,1599,-0.1,2,2,2,36.2,458,-10,
,"2021. 7.25",函館,1函8,1勝,１勝ｸﾗｽ,8,13,サヴァビアン,牡,3,坂井瑠星, 54 ,14,1,１, ,ダ1700,良,,(栗),羽月友彦,1459,-0.0,3,3,2,38.0,428,+2,
,"2021. 7.25",函館,1函8,1勝,１勝ｸﾗｽ,2,2,プレミアエンブレム,牝,3,横山武史, 52 ,11,1,１, ,芝1800,良,,(美),田村康仁,1478,-0.5,5,4,2,35.8,462,0,
,"2021. 7.25",函館,1函8,1勝,１勝ｸﾗｽ,8,11,サツキマス,牝,4,菱田裕二, 55 ,11,2,１, ,ダ1000,良,,(美),田島俊明,0595,-0.0,,6,6,35.8,446,0,
,"2021. 7.25",函館,1函8,新馬,新馬,8,8,トップキャスト,牝,2,団野大成, 54 ,8,5,１, ,芝1800,良,,(栗),高橋康之,1485,-0.6,1,1,1,36.5,428,,
,"2021. 7.25",函館,1函8,未勝利,未勝利,6,11,ゼンダンピューマ,セ,3,勝浦正樹, 56 ,16,6,１, ,芝2000,良,,(美),藤原辰雄,2026,-0.1,15,13,10,35.2,454,0,
,"2021. 7.25",函館,1函8,未勝利,未勝利,2,2,トミケンカラバティ,牡,3,横山武史, 56 ,12,4,１, ,ダ1000,良,,(美),尾形和幸,0593,-0.0,,4,2,35.9,442,0,
,"2021. 7.25",函館,1函8,未勝利,未勝利,7,11,キアヌマウナ,牝,3,黛弘人, 54 ,14,5,１, ,ダ1700,良,,(美),和田雄二,1473,-0.3,10,7,7,37.3,494,-2,
,"2021. 7.25",函館,1函8,未勝利,未勝利・牝*,1,1,ニシノタマユラ,牝,2,池添謙一, 54 ,7,1,１, ,芝1200,良,,(美),深山雅史,1100,-0.2,,2,2,35.9,454,+4,
,"2021. 7.24",函館,1函7,2勝,２勝ｸﾗｽ・牝,7,12,スペロデア,牝,4,小林凌大,52▲,14,7,１, ,ダ1700,良,,(美),伊藤圭三,1441,-0.5,1,1,1,37.3,474,+8,
,"2021. 7.24",函館,1函7,3勝,ＴＶｈ杯･3勝,8,12,ヴェントヴォーチェ,牡,4,武豊, 57 ,12,1,１, ,芝1200,良,*,(栗),牧浦充徳,1085,-0.1,,4,2,34.5,518,-10,
,"2021. 7.24",函館,1函7,2勝,噴火湾特･2勝,7,9,ワルツフォーラン,牝,4,丹内祐次, 55 ,12,1,１, ,ダ1000,良,,(美),小西一男,0582,-0.0,,3,3,35.4,464,0,B
,"2021. 7.24",函館,1函7,1勝,奥尻特別･1勝,4,4,ポールトゥウィン,牡,4,坂井瑠星, 57 ,12,8,１, ,芝2000,良,,(栗),田中克典,2004,-0.2,1,1,1,35.9,522,+4,
,"2021. 7.24",函館,1函7,1勝,１勝ｸﾗｽ,5,7,リキサントライ,牡,3,小沢大仁,51▲,14,5,１, ,ダ1700,良,,(栗),池添兼雄,1451,-0.1,3,4,3,37.4,486,0,
,"2021. 7.24",函館,1函7,1勝,１勝ｸﾗｽ・牝,2,2,メイショウハボタン,牝,3,泉谷楓真,51☆,12,1,１, ,芝1200,良,,(栗),南井克巳,1092,-0.2,,7,4,35.3,452,+4,
,"2021. 7.24",函館,1函7,未勝利,未勝利,6,11,アラモードバイオ,牡,3,吉田隼人, 56 ,16,2,１, ,芝1800,良,,(栗),新谷功一,1485,-0.5,1,1,1,36.7,512,+8,
,"2021. 7.24",函館,1函7,新馬,新馬,3,3,カズラポニアン,牡,2,横山和生, 54 ,12,3,１, ,ダ1700,良,,(美),宮田敬介,1473,-0.8,2,2,2,38.5,470,,
,"2021. 7.24",函館,1函7,未勝利,未勝利,6,11,センショウライツ,牝,3,武豊, 54 ,16,2,１, ,芝1200,良,,(栗),武幸四郎,1092,-0.3,,10,6,34.1,466,+2,
,"2021. 7.24",函館,1函7,未勝利,未勝利,8,13,タスマンハイウェイ,牡,3,岩田康誠, 56 ,14,2,１, ,ダ1700,良,,(美),新開幸一,1477,-0.1,2,2,2,39.8,520,-2,B
,"2021. 7.24",函館,1函7,未勝利,未勝利・牝,5,10,セリシア,牝,3,西谷凜,51▲,16,5,１, ,芝1200,良,,(栗),中竹和也,1093,-0.1,,7,3,34.8,464,+4,
,"2021. 7.24",函館,1函7,未勝利,未勝利*,7,11,フィフティシェビー,牡,2,横山武史, 54 ,13,5,１, ,芝1800,良,,(美),藤沢和雄,1503,-0.1,10,1,1,36.0,494,+2,
,"2021. 7.18",函館,1函6,2勝,湯の川温･2勝,7,10,フォイアーロート,牡,3,岩田康誠, 54 ,13,5,１, ,芝1200,良,,(栗),浅見秀一,1094,-0.2,,3,3,34.7,468,-4,
,"2021. 7.18",函館,1函6,Ｇ３,函館記念ＨG3,4,8,トーセンスーリヤ,牡,6,横山和生, 56 ,16,2,１, ,芝2000,良,,(美),小野次郎,1587,-0.5,3,3,2,35.5,482,0,
,"2021. 7.18",函館,1函6,2勝,渡島特別･2勝,8,8,ルコルセール,牡,3,ルメール, 54 ,9,1,１, ,ダ1700,良,,(美),堀宣行,1453,-0.5,3,3,3,36.9,508,-8,B
,"2021. 7.18",函館,1函6,1勝,恵山特別･1勝,5,7,ホウオウサミット,牡,3,ルメール, 54 ,13,1,１, ,芝1800,良,,(美),手塚貴久,1482,-0.2,3,4,4,34.8,498,-8,
,"2021. 7.18",函館,1函6,1勝,１勝ｸﾗｽ,5,7,メサテソーロ,牝,4,大野拓弥, 55 ,13,1,１, ,芝1200,良,,(美),栗田徹,1100,-0.0,,3,3,34.8,516,-6,B
,"2021. 7.18",函館,1函6,1勝,１勝ｸﾗｽ・牝,3,3,ミヤビマドンナ,牝,4,横山和生, 55 ,11,6,１, ,ダ1700,良,,(美),中舘英二,1468,-0.5,5,5,5,37.7,446,+2,
,"2021. 7.18",函館,1函6,未勝利,未勝利,4,7,チャックネイト,牡,3,ルメール, 56 ,16,1,１, ,芝2600,良,,(美),堀宣行,2431,-0.3,4,3,2,35.6,478,+4,
,"2021. 7.18",函館,1函6,新馬,新馬,7,7,リューベック,牡,2,吉田隼人, 54 ,9,1,１, ,芝1800,良,,(栗),須貝尚介,1514,-0.3,1,1,1,35.1,472,,
,"2021. 7.18",函館,1函6,未勝利,未勝利,4,5,バシレウス,牡,3,藤岡佑介, 56 ,14,4,１, ,ダ1700,良,,(栗),飯田祐史,1468,-0.3,2,2,1,38.5,474,+8,
,"2021. 7.18",函館,1函6,未勝利,未勝利,3,3,スイートカルデア,牝,3,横山武史, 54 ,12,1,１, ,ダ1000,良,,(美),菊川正達,0582,-1.1,,1,1,35.3,458,0,
,"2021. 7.18",函館,1函6,未勝利,未勝利,5,7,スレイマン,牡,3,吉田隼人, 56 ,14,2,１, ,ダ1700,良,,(栗),池添学,1461,-1.9,2,2,1,37.9,532,+10,
,"2021. 7.18",函館,1函6,未勝利,未勝利*,5,5,アウトパフォーム,牡,2,横山武史, 54 ,12,5,１, ,芝1200,良,,(美),栗田徹,1098,-0.4,,1,1,34.4,436,+2,
,"2021. 7.17",函館,1函5,2勝,かもめ島･2勝,5,7,イカット,牝,4,横山武史, 55 ,13,2,１, ,芝1800,良,,(栗),上村洋行,1492,-0.1,6,4,4,35.0,468,-4,
,"2021. 7.17",函館,1函5,Ｇ３,函館２歳G3,8,11,ナムラリコリス,牝,2,泉谷楓真, 54 ,11,3,１, ,芝1200,良,,(栗),大橋勇樹,1099,-0.2,,3,3,35.7,464,-2,
,"2021. 7.17",函館,1函5,1勝,湯浜特別･1勝,1,1,オセアダイナスティ,牡,3,横山武史, 54 ,14,1,１, ,ダ1700,良,,(美),加藤征弘,1454,-1.1,1,1,1,36.6,500,0,
,"2021. 7.17",函館,1函5,1勝,１勝ｸﾗｽ,1,1,タイセイドリーマー,牡,3,坂井瑠星, 54 ,16,7,１, ,芝2600,良,,(栗),矢作芳人,2416,-0.0,5,3,2,37.6,494,-6,
,"2021. 7.17",函館,1函5,1勝,１勝ｸﾗｽ,3,3,カフェアヴニール,牡,3,鮫島克駿, 54 ,11,8,１, ,芝1200,良,,(美),中舘英二,1095,-0.0,,1,1,35.0,470,+4,
,"2021. 7.17",函館,1函5,1勝,１勝ｸﾗｽ,8,11,コウイチ,牡,4,吉田隼人, 57 ,12,1,１, ,ダ1000,良,,(栗),庄野靖志,0585,-0.0,,2,2,35.1,498,+4,
,"2021. 7.17",函館,1函5,未勝利,未勝利,7,13,エレフセリア,牝,3,坂井瑠星, 54 ,16,7,１, ,芝1800,良,,(美),武藤善則,1495,-0.0,2,2,1,35.7,434,+2,
,"2021. 7.17",函館,1函5,新馬,新馬,5,5,ダンスウィズジョイ,牝,2,横山武史, 54 ,5,1,１, ,ダ1000,良,,(美),伊藤圭三,0596,-1.8,,1,1,36.0,434,,
,"2021. 7.17",函館,1函5,未勝利,未勝利,4,5,ミスズメジャー,牡,3,古川吉洋, 56 ,14,6,１, ,ダ1700,良,,(栗),上村洋行,1468,-0.1,2,2,2,39.4,462,-10,B
,"2021. 7.17",函館,1函5,未勝利,未勝利,7,14,ニューアリオン,牡,3,藤岡佑介, 56 ,16,2,１, ,芝1200,良,,(栗),新谷功一,1099,-0.1,,8,8,35.2,480,+6,
,"2021. 7.17",函館,1函5,未勝利,未勝利・牝,3,4,メイショウイッコン,牝,3,秋山稔樹,52△,14,1,１, ,ダ1700,良,,(栗),高橋亮,1457,-2.0,3,2,1,38.4,448,+2,
,"2021. 7.17",函館,1函5,未勝利,未勝利*,8,9,ブラックボイス,牡,2,ルメール, 54 ,9,1,１, ,芝1800,良,,(美),宮田敬介,1505,-0.2,5,6,5,35.7,510,-2,
,"2021. 7.11",函館,1函4,2勝,函館道新･2勝,5,7,ゴールドチャリス,牝,3,武豊, 52 ,13,1,１, ,芝1200,稍,,(栗),武幸四郎,1093,-0.2,,7,7,34.4,408,+4,
,"2021. 7.11",函館,1函4,3勝,五稜郭Ｓ･3勝,7,14,モンブランテソーロ,牡,5,池添謙一, 57 ,16,2,１, ,芝1800,稍,,(美),田中博康,1486,-0.1,6,8,5,35.2,486,+2,
,"2021. 7.11",函館,1函4,2勝,津軽海峡･2勝,2,2,シハーブ,牡,5,ルメール, 57 ,9,1,１, ,ダ1700,重,,(美),藤沢和雄,1433,-0.4,3,3,2,36.6,546,-14,
,"2021. 7.11",函館,1函4,1勝,１勝ｸﾗｽ,3,4,ブルームスベリー,牝,4,ルメール, 55 ,14,4,１, ,芝2000,稍,,(栗),西村真幸,2026,-0.1,5,5,5,36.9,458,0,B
,"2021. 7.11",函館,1函4,1勝,１勝ｸﾗｽ,7,12,クリノドラゴン,牡,3,武豊, 54 ,14,5,１, ,ダ1700,重,,(栗),大橋勇樹,1449,-0.0,13,14,14,37.1,472,0,
,"2021. 7.11",函館,1函4,1勝,１勝ｸﾗｽ・牝,5,10,カバーガール,牝,3,大野拓弥, 52 ,16,3,１, ,芝1200,稍,,(栗),清水久詞,1098,-0.0,,4,4,34.6,470,+6,
,"2021. 7.11",函館,1函4,1勝,１勝ｸﾗｽ,7,9,メイショウエニシア,牝,3,泉谷楓真,51☆,12,1,１, ,ダ1000,重,,(栗),本田優,0582,-0.3,,1,1,35.4,434,+4,
,"2021. 7.11",函館,1函4,新馬,新馬,2,2,エクラノーブル,牝,2,小沢大仁,51▲,12,7,１, ,芝1800,稍,,(栗),浅見秀一,1517,-0.9,1,1,1,35.7,416,,
,"2021. 7.11",函館,1函4,未勝利,未勝利,7,11,マンオブカレッジ,牡,3,横山和生, 56 ,14,6,１, ,ダ1700,重,*,(栗),松永幹夫,1443,-0.3,14,13,11,36.5,520,+18,
,"2021. 7.11",函館,1函4,未勝利,未勝利,2,3,ピエドラアギーラ,牡,3,武豊, 56 ,16,2,１, ,芝1800,稍,,(栗),小崎憲,1498,-0.3,3,2,2,36.3,470,+4,
,"2021. 7.11",函館,1函4,未勝利,未勝利,5,10,ジュノエスク,牝,3,西谷凜,51▲,16,10,１, ,芝1200,稍,,(栗),坂口智康,1101,-0.0,,6,6,35.5,452,+2,
,"2021. 7.11",函館,1函4,未勝利,未勝利*,8,12,ワンエルメス,牝,2,団野大成, 54 ,12,2,１, ,ダ1000,重,,(美),手塚貴久,0587,-0.0,,3,2,35.5,450,0,
,"2021. 7.10",函館,1函3,2勝,駒ケ岳特･2勝,5,6,アラタ,牡,4,大野拓弥, 57 ,13,3,１, ,芝2600,稍,,(美),和田勇介,2421,-0.3,7,7,6,36.5,466,0,
,"2021. 7.10",函館,1函3,ｵｰﾌﾟﾝ,マリーンＨ,6,10,スワーヴアラミス,牡,6,松田大作,57.5,14,3,１, ,ダ1700,稍,,(栗),須貝尚介,1437,-0.0,3,3,3,37.9,480,-4,
,"2021. 7.10",函館,1函3,1勝,下北半島･1勝,1,1,ヴィズサクセス,牡,4,大野拓弥, 57 ,13,1,１, ,芝1200,稍,,(美),手塚貴久,1098,-0.1,,3,3,35.6,484,+8,
,"2021. 7.10",函館,1函3,2勝,２勝ｸﾗｽ,4,4,ミスズグランドオー,牡,3,小林凌大,51▲,12,1,１, ,ダ1000,稍,,(美),伊藤圭三,0584,-0.0,,2,2,35.5,494,+14,B
,"2021. 7.10",函館,1函3,1勝,１勝ｸﾗｽ,4,7,テーオーラフィット,牝,3,池添謙一, 52 ,15,1,１, ,芝1800,稍,,(栗),上村洋行,1495,-0.2,7,4,5,35.9,500,+16,
,"2021. 7.10",函館,1函3,1勝,１勝ｸﾗｽ・牝,7,11,キープイットシンポ,牝,3,横山和生, 52 ,14,1,１, ,ダ1700,稍,,(美),小野次郎,1455,-0.3,7,2,1,38.8,470,+6,
,"2021. 7.10",函館,1函3,未勝利,未勝利,2,3,ブリンク,牝,3,吉田隼人, 54 ,16,1,１, ,芝2000,良,,(栗),吉岡辰弥,2030,-0.2,3,2,2,37.0,438,-6,B
,"2021. 7.10",函館,1函3,新馬,新馬,3,3,イチローイチロー,牡,2,池添謙一, 54 ,11,5,１, ,芝1200,良,,(栗),北出成人,1108,-0.0,,3,3,36.1,422,,
,"2021. 7.10",函館,1函3,未勝利,未勝利,8,14,ギャリエノワール,牡,3,横山武史, 56 ,14,1,１, ,ダ1700,良,,(美),萩原清,1460,-1.0,1,1,1,38.7,500,0,
,"2021. 7.10",函館,1函3,未勝利,未勝利・牝,3,5,アルムファーツリー,牝,3,大野拓弥, 54 ,16,5,１, ,芝1200,良,,(栗),川村禎彦,1093,-0.1,,5,5,35.6,446,-6,
,"2021. 7.10",函館,1函3,未勝利,未勝利,8,11,ニューフロンティア,牡,3,小沢大仁,53▲,12,1,１, ,ダ1000,良,,(栗),田中克典,0588,-0.9,,1,1,35.6,476,0,
,"2021. 7.10",函館,1函3,未勝利,未勝利*,4,4,ブッシュガーデン,牝,2,ルメール, 54 ,9,1,１, ,芝1200,良,,(美),武井亮,1098,-0.0,,5,5,35.1,454,+6,
,"2021. 7. 4",函館,1函2,2勝,ＨＴＢ杯･2勝,4,4,ジャズエチュード,牝,3,秋山稔樹, 50 ,9,1,１, ,芝1200,良,,(美),黒岩陽一,1086,-0.3,,1,1,34.7,492,+2,
,"2021. 7. 4",函館,1函2,ｵｰﾌﾟﾝ,巴賞,1,1,サトノエルドール,牡,5,ルメール, 56 ,11,2,１, ,芝1800,良,,(美),国枝栄,1480,-0.0,9,3,3,35.0,474,-2,B
,"2021. 7. 4",函館,1函2,2勝,檜山特Ｈ･2勝,3,3,ロッシュローブ,牡,4,菱田裕二, 56 ,11,1,１, ,ダ1700,良,,(栗),田中克典,1460,-0.3,3,2,1,38.4,502,+2,
,"2021. 7. 4",函館,1函2,1勝,１勝ｸﾗｽ,3,5,ディーバサンライズ,牝,3,秋山稔樹,50△,16,3,１, ,芝1200,良,,(栗),小林真也,1084,-0.4,,5,4,34.7,474,0,
,"2021. 7. 4",函館,1函2,1勝,１勝ｸﾗｽ・牝,8,10,モリノカンナチャン,牝,3,池添謙一, 52 ,11,2,１, ,芝2000,良,,(美),大江原哲,2007,-0.3,7,3,3,35.7,444,+12,
,"2021. 7. 4",函館,1函2,1勝,１勝ｸﾗｽ,6,7,スーパーフェイバー,牡,3,坂井瑠星, 54 ,12,7,１, ,ダ2400,良,,(栗),矢作芳人,2349,-0.4,2,2,2,39.0,492,+6,
,"2021. 7. 4",函館,1函2,未勝利,未勝利,7,10,サヴァビアン,牡,3,坂井瑠星, 56 ,13,6,１, ,ダ1700,良,,(栗),羽月友彦,1459,-0.9,3,2,2,37.2,426,+8,
,"2021. 7. 4",函館,1函2,新馬,新馬,3,3,アルナシーム,牡,2,武豊, 54 ,14,2,１, ,芝1800,良,,(栗),橋口慎介,1501,-0.3,11,9,5,35.4,418,,
,"2021. 7. 4",函館,1函2,未勝利,未勝利,2,3,アドマイヤハイジ,牝,3,武豊, 54 ,16,3,１, ,芝2000,良,,(栗),友道康夫,2014,-0.1,12,11,6,36.7,412,-4,
,"2021. 7. 4",函館,1函2,未勝利,未勝利,5,5,カズオ,牡,3,横山和生, 56 ,12,1,１, ,ダ1000,良,,(美),武市康男,1006,-0.1,,7,5,36.5,496,+8,
,"2021. 7. 4",函館,1函2,未勝利,未勝利・牝,1,1,タガノリバイバー,牝,3,国分恭介, 54 ,10,6,１, ,ダ1700,良,,(栗),大根田裕,1466,-0.2,1,1,1,38.4,488,-2,
,"2021. 7. 4",函館,1函2,未勝利,未勝利*,7,10,エーティーマクフィ,牡,2,藤岡佑介, 54 ,12,1,１, ,芝1200,良,,(栗),武英智,1104,-0.0,,6,4,35.4,436,+4,
,"2021. 7. 3",函館,1函1,2勝,洞爺湖特･2勝,5,5,サトノセシル,牝,5,大野拓弥, 55 ,11,2,１, ,芝1800,良,,(美),堀宣行,1470,-0.2,1,1,1,35.4,456,0,
,"2021. 7. 3",函館,1函1,3勝,函館日刊･3勝,5,8,メリーメーキング,牡,5,国分恭介, 57 ,14,12,１, ,芝1200,良,,(栗),清水久詞,1085,-0.1,,12,12,33.9,470,+10,B
,"2021. 7. 3",函館,1函1,1勝,臥牛山特･1勝,4,5,インペリアルフィズ,牡,7,大野拓弥, 57 ,13,10,１, ,芝2000,良,,(美),和田勇介,2014,-0.0,6,5,5,35.6,480,+6,B
,"2021. 7. 3",函館,1函1,1勝,１勝ｸﾗｽ,4,4,エマージングロール,牡,3,横山武史, 54 ,13,1,１, ,ダ1700,良,,(栗),橋口慎介,1449,-1.7,1,1,1,37.2,492,-2,
,"2021. 7. 3",函館,1函1,1勝,１勝ｸﾗｽ,6,8,マリノエンブレム,牝,3,丹内祐次, 52 ,12,4,１, ,ダ1000,良,,(美),尾形和幸,0592,-0.2,,1,1,36.5,460,+4,
,"2021. 7. 3",函館,1函1,未勝利,未勝利,8,15,ララマカロン,牝,3,大野拓弥, 54 ,16,1,１, ,芝1200,良,,(美),田中博康,1091,-0.2,,2,2,35.5,472,+6,B
,"2021. 7. 3",函館,1函1,未勝利,未勝利・牝,1,1,メイショウオニユリ,牝,3,池添謙一, 54 ,16,2,１, ,芝1800,良,,(栗),池添兼雄,1487,-0.2,3,4,4,35.8,438,+4,
,"2021. 7. 3",函館,1函1,新馬,新馬,6,6,カワキタレブリー,牡,2,加藤祥太, 54 ,10,2,１, ,芝1200,良,,(栗),杉山佳明,1107,-0.0,,3,3,35.5,422,,
,"2021. 7. 3",函館,1函1,未勝利,未勝利・牝,8,12,ドナテッラ,牝,3,菱田裕二, 54 ,12,1,１, ,ダ1000,良,,(美),加藤征弘,1001,-0.1,,3,2,36.5,472,+8,
,"2021. 7. 3",函館,1函1,未勝利,未勝利,1,1,タイセイシェダル,牡,3,吉田隼人, 56 ,12,2,１, ,ダ1700,良,,(栗),高橋義忠,1476,-0.1,4,5,2,38.9,458,+12,
,"2021. 7. 3",函館,1函1,未勝利,未勝利,7,9,ハクシンパーソナル,牡,3,松田大作, 56 ,12,7,１, ,ダ2400,良,,(栗),清水久詞,2380,-0.2,3,2,1,42.0,460,0,
,"2021. 7. 3",函館,1函1,未勝利,未勝利・牝*,4,4,ナムラリコリス,牝,2,泉谷楓真,52△,10,1,１, ,芝1200,良,,(栗),大橋勇樹,1093,-0.1,,2,2,35.7,466,+2,
,"2020. 7.19",函館,2函6,2勝,潮騒特別･2勝,3,6,タイセイブランシュ,牝,4,大野拓弥, 55 ,16,6,１, ,芝1200,良,,(美),新開幸一,1095,-0.0,,2,2,35.7,466,-2,
,"2020. 7.19",函館,2函6,Ｇ３,函館記念ＨG3,7,14,アドマイヤジャスタ,牡,4,吉田隼人, 54 ,16,15,１, ,芝2000,良,,(栗),須貝尚介,1597,-0.2,8,8,6,36.4,510,-2,
,"2020. 7.19",函館,2函6,2勝,駒場特別･2勝,6,8,ソリストサンダー,牡,5,横山武史, 57 ,12,4,１, ,ダ1700,良,*,(栗),高柳大輔,1443,-0.6,4,3,2,37.6,482,-4,
,"2020. 7.19",函館,2函6,1勝,下北半島･1勝,6,6,メイショウミモザ,牝,3,池添謙一, 52 ,10,1,１, ,芝1200,良,,(栗),池添兼雄,1098,-0.3,,2,1,36.0,452,+12,
,"2020. 7.19",函館,2函6,1勝,１勝ｸﾗｽ,7,9,メリディアンローグ,牡,3,ルメール, 54 ,12,1,１, ,芝1800,良,,(美),藤沢和雄,1496,-0.2,6,6,5,36.6,466,0,
,"2020. 7.19",函館,2函6,1勝,１勝ｸﾗｽ・牝,2,2,ホウオウヒミコ,牝,4,亀田温心,53△,13,2,１, ,ダ1700,良,,(美),池上昌和,1455,-0.2,1,1,1,38.1,460,+2,
,"2020. 7.19",函館,2函6,未勝利,未勝利,6,12,リアンティサージュ,牡,3,ルメール, 56 ,16,1,１, ,芝2600,良,,(栗),須貝尚介,2428,-0.0,3,2,2,36.9,460,+6,
,"2020. 7.19",函館,2函6,新馬,新馬,8,9,ピンクカメハメハ,牡,2,武豊, 54 ,9,3,１, ,芝1800,良,,(栗),森秀行,1510,-0.6,1,2,1,36.0,438,,
,"2020. 7.19",函館,2函6,未勝利,未勝利,6,9,ハギノリュクス,牝,3,ルメール, 54 ,14,5,１, ,ダ1700,良,,(栗),松田国英,1436,-2.7,1,1,1,37.2,462,+4,
,"2020. 7.19",函館,2函6,未勝利,未勝利,6,8,ケイアイメープル,牡,3,川島信二, 56 ,12,11,１, ,ダ1000,良,,(美),小島茂之,0591,-0.6,,3,3,35.8,472,+6,B
,"2020. 7.19",函館,2函6,未勝利,未勝利,7,11,チャムランテソーロ,牡,3,木幡育也,54△,14,2,１, ,ダ1700,良,,(美),田中博康,1467,-0.1,12,10,8,38.3,462,-4,B
,"2020. 7.19",函館,2函6,未勝利,未勝利*,6,6,ドナタイフーン,牝,2,横山武史, 54 ,9,1,１, ,芝1200,良,,(美),畠山吉宏,1102,-0.1,,2,2,35.7,452,-2,
,"2020. 7.18",函館,2函5,2勝,かもめ島･2勝,8,14,レッドフィオナ,牝,5,岩田康誠, 55 ,14,11,１, ,芝1800,良,,(栗),橋口慎介,1476,-0.2,1,1,1,37.1,466,+8,
,"2020. 7.18",函館,2函5,Ｇ３,函館２歳G3,7,13,リンゴアメ,牝,2,丹内祐次, 54 ,15,10,１, ,芝1200,良,*,(美),菊川正達,1098,-0.0,,4,4,35.8,420,+8,
,"2020. 7.18",函館,2函5,1勝,湯浜特別･1勝,8,11,チェルシーライオン,牡,4,坂井瑠星, 57 ,11,8,１, ,ダ1700,良,,(栗),矢作芳人,1463,-0.1,2,2,2,38.7,472,+10,
,"2020. 7.18",函館,2函5,1勝,１勝ｸﾗｽ,7,7,ファンシャン,牝,4,秋山稔樹,52▲,9,3,１, ,芝1200,良,,(美),畠山吉宏,1096,-0.4,,3,3,34.7,420,-2,
,"2020. 7.18",函館,2函5,1勝,１勝ｸﾗｽ,2,2,コスモジェミラ,牝,3,丹内祐次, 52 ,11,5,１, ,芝2600,良,,(栗),吉田直弘,2417,-0.0,3,4,2,37.0,462,+2,
,"2020. 7.18",函館,2函5,1勝,１勝ｸﾗｽ,7,10,グラナリー,牝,3,団野大成,51☆,12,2,１, ,ダ1000,良,,(栗),池添学,0584,-0.9,,2,1,36.0,512,+16,
,"2020. 7.18",函館,2函5,未勝利,未勝利,5,7,ヤマニンプティパ,牝,3,柴山雄一, 54 ,14,3,１, ,芝1800,良,,(栗),千田輝彦,1495,-0.0,2,2,2,36.1,440,+6,
,"2020. 7.18",函館,2函5,新馬,新馬,4,4,アルナージ,牝,2,藤岡佑介, 54 ,8,3,１, ,ダ1000,良,,(栗),昆貢,0599,-0.3,,1,1,36.6,476,,
,"2020. 7.18",函館,2函5,未勝利,未勝利,5,9,オパールシャルム,牝,3,横山武史, 54 ,16,1,１, ,芝1200,良,,(美),武藤善則,1091,-0.9,,1,1,35.2,470,0,
,"2020. 7.18",函館,2函5,未勝利,未勝利,3,4,ウインドジャマー,セ,3,ルメール, 56 ,14,1,１, ,ダ1700,良,,(美),藤沢和雄,1461,-1.2,4,4,3,39.2,492,-6,
,"2020. 7.18",函館,2函5,未勝利,未勝利・牝,3,3,ゴーゴーレイワ,牝,3,池添謙一, 54 ,12,1,１, ,ダ1000,良,,(栗),西浦勝一,0599,-0.2,,4,4,36.5,464,-2,
,"2020. 7.18",函館,2函5,未勝利,未勝利*,7,8,ウイングリュック,牡,2,横山武史, 54 ,11,1,１, ,芝1800,良,,(栗),宮徹,1498,-0.9,1,1,1,37.4,462,-4,
,"2020. 7.12",函館,2函4,2勝,函館道新･2勝,2,2,ウィズ,牡,5,吉田隼人, 57 ,15,7,１, ,芝1200,良,,(栗),清水久詞,1095,-0.1,,6,6,34.8,494,+8,
,"2020. 7.12",函館,2函4,ｵｰﾌﾟﾝ,マリーンＨ,5,8,タイムフライヤー,牡,5,ルメール, 57 ,14,2,１, ,ダ1700,良,*,(栗),松田国英,1436,-0.6,8,8,5,37.3,484,+4,
,"2020. 7.12",函館,2函4,2勝,横津岳特･2勝,5,6,シンボ,牡,3,古川吉洋, 54 ,13,10,１, ,芝2600,良,,[地],斉藤正弘,2427,-0.2,1,1,1,35.7,458,+4,
,"2020. 7.12",函館,2函4,1勝,１勝ｸﾗｽ,4,4,イルマタル,牝,4,藤岡佑介, 55 ,8,2,１, ,芝2000,良,,(栗),渡辺薫彦,2039,-0.3,1,1,1,34.5,462,-4,
,"2020. 7.12",函館,2函4,1勝,１勝ｸﾗｽ,5,5,ミニオンペール,牝,4,黛弘人, 55 ,11,2,１, ,芝1200,良,,(美),小手川準,1089,-0.2,,2,2,34.5,476,+10,
,"2020. 7.12",函館,2函4,1勝,１勝ｸﾗｽ,3,3,タガノペルマネンテ,牝,3,亀田温心,50△,10,2,１, ,ダ1700,良,,(栗),平田修,1463,-0.2,1,3,2,37.2,442,+2,
,"2020. 7.12",函館,2函4,未勝利,未勝利,1,2,マッチレスノヴェル,牝,3,ルメール, 54 ,16,1,１, ,芝2000,良,,(美),鹿戸雄一,2021,-0.2,5,8,5,36.1,458,+8,
,"2020. 7.12",函館,2函4,新馬,新馬,4,4,ソダシ,牝,2,吉田隼人, 54 ,7,3,１, ,芝1800,良,,(栗),須貝尚介,1504,-0.4,2,2,2,35.3,472,,
,"2020. 7.12",函館,2函4,未勝利,未勝利・牝,2,4,エアリーフローラ,牝,3,坂井瑠星, 54 ,16,2,１, ,芝1200,良,,(栗),寺島良,1097,-0.1,,1,1,35.9,422,-2,
,"2020. 7.12",函館,2函4,未勝利,未勝利,8,11,ブレイヴガール,牝,3,岩田康誠, 54 ,12,3,１, ,ダ1000,良,,(栗),吉田直弘,0596,-0.0,,2,2,36.7,438,-6,
,"2020. 7.12",函館,2函4,未勝利,未勝利,8,13,エスペルト,牡,3,坂井瑠星, 56 ,14,4,１, ,ダ1700,良,,(美),池上昌和,1475,-1.0,7,3,2,39.3,480,+2,B
,"2020. 7.12",函館,2函4,未勝利,未勝利*,2,2,スイートアリエス,牝,2,柴山雄一, 54 ,12,7,１, ,ダ1000,良,,(美),青木孝文,0596,-0.5,,2,2,36.2,460,+2,
,"2020. 7.11",函館,2函3,2勝,渡島特別･2勝,6,10,オメガレインボー,牡,4,藤岡佑介, 57 ,14,3,１, ,ダ1700,良,,(栗),安田翔伍,1450,-0.0,2,2,2,37.2,450,-2,
,"2020. 7.11",函館,2函3,3勝,五稜郭Ｓ･3勝,5,5,ナイママ,牡,4,丹内祐次, 57 ,9,3,１, ,芝2000,良,,(美),武藤善則,2011,-0.0,2,2,2,35.1,474,-4,
,"2020. 7.11",函館,2函3,1勝,恵山特別･1勝,8,8,タイセイメガロス,牡,3,ルメール, 54 ,8,2,１, ,芝1800,良,,(栗),西村真幸,1478,-0.2,7,5,3,35.4,446,0,
,"2020. 7.11",函館,2函3,1勝,１勝ｸﾗｽ,8,9,フェイバリット,牡,3,横山和生, 54 ,9,7,１, ,ダ1700,良,,(美),小桧山悟,1460,-0.0,8,5,4,38.4,458,-4,
,"2020. 7.11",函館,2函3,1勝,１勝ｸﾗｽ・牝,6,7,ロフティーピーク,牝,3,吉田隼人, 52 ,11,4,１, ,芝1200,良,,(栗),武幸四郎,1095,-0.0,,2,2,35.7,488,+16,
,"2020. 7.11",函館,2函3,1勝,１勝ｸﾗｽ,8,10,イッシン,牡,3,岩田康誠, 54 ,11,1,１, ,ダ1000,良,,(栗),浅見秀一,0586,-0.1,,2,2,35.5,556,-8,
,"2020. 7.11",函館,2函3,未勝利,未勝利,5,5,シフクユウヒ,牡,3,竹之下智, 56 ,12,2,１, ,ダ1700,良,,(栗),千田輝彦,1472,-0.0,6,6,6,39.6,504,0,
,"2020. 7.11",函館,2函3,新馬,新馬,7,10,カイザーノヴァ,牡,2,坂井瑠星, 54 ,13,6,１, ,芝1200,良,,(栗),矢作芳人,1102,-0.2,,9,9,35.0,464,,
,"2020. 7.11",函館,2函3,未勝利,未勝利,1,1,イカット,牝,3,ルメール, 54 ,14,1,１, ,芝1800,良,,(栗),上村洋行,1485,-0.2,7,7,3,36.8,452,+10,
,"2020. 7.11",函館,2函3,未勝利,未勝利,3,6,キタノギャラクシー,牡,3,松田大作, 56 ,16,5,１, ,芝1200,良,,(美),松永康利,1094,-0.1,,1,1,35.6,478,+2,B
,"2020. 7.11",函館,2函3,未勝利,未勝利・牝,1,1,ノワールフレグラン,牝,3,吉田隼人, 54 ,14,14,１, ,ダ1700,良,,(栗),西村真幸,1456,-0.7,5,3,3,38.2,438,+10,B
,"2020. 7.11",函館,2函3,未勝利,未勝利*,1,1,リキサントライ,牡,2,池添謙一, 54 ,10,2,１, ,芝1200,良,,(栗),池添兼雄,1102,-0.0,,1,1,36.1,480,-6,
,"2020. 7. 5",函館,2函2,2勝,ＨＴＢ杯･2勝,6,7,アヌラーダプラ,牝,3,横山武史, 52 ,12,1,１, ,芝1200,良,,(美),萩原清,1093,-0.3,,5,4,35.0,462,0,
,"2020. 7. 5",函館,2函2,ｵｰﾌﾟﾝ,巴賞,4,4,トーラスジェミニ,牡,4,木幡育也, 56 ,10,2,１, ,芝1800,良,,(美),小桧山悟,1479,-0.2,1,1,1,35.0,478,0,
,"2020. 7. 5",函館,2函2,2勝,噴火湾特･2勝,5,6,ハクアイブラック,牡,3,古川吉洋, 54 ,12,2,１, ,ダ1000,良,,(栗),松永昌博,0579,-0.6,,1,1,35.3,524,+4,
,"2020. 7. 5",函館,2函2,1勝,１勝ｸﾗｽ,2,2,タイセイブランシュ,牝,4,大野拓弥, 55 ,12,5,１, ,芝1200,良,,(美),新開幸一,1095,-0.0,,11,11,34.6,468,+6,
,"2020. 7. 5",函館,2函2,1勝,１勝ｸﾗｽ・牝,2,2,ポリアンサ,牝,4,杉原誠人, 55 ,10,7,１, ,芝2000,良,,(美),木村哲也,2015,-0.7,1,1,1,38.1,482,+6,
,"2020. 7. 5",函館,2函2,1勝,１勝ｸﾗｽ,5,5,ヒロイックテイル,牡,3,藤岡康太, 54 ,9,2,１, ,ダ2400,良,,(栗),本田優,2326,-2.3,1,1,1,37.5,478,+12,
,"2020. 7. 5",函館,2函2,未勝利,未勝利,2,2,スパークインザアイ,セ,3,ルメール, 56 ,14,1,１, ,ダ1700,良,,(美),小島茂之,1473,-0.1,11,11,5,38.7,452,0,
,"2020. 7. 5",函館,2函2,新馬,新馬,5,5,アランデル,牡,2,池添謙一, 54 ,6,2,１, ,芝1800,良,,(美),大竹正博,1524,-0.0,3,2,2,35.7,506,,
,"2020. 7. 5",函館,2函2,未勝利,未勝利,1,2,ナムラショウグン,牡,3,藤岡康太, 56 ,16,4,１, ,芝1800,良,,(栗),羽月友彦,1494,-0.1,13,15,10,35.2,474,-6,
,"2020. 7. 5",函館,2函2,未勝利,未勝利,1,1,カクシン,牡,3,丸山元気, 56 ,11,4,１, ,ダ1000,良,,(栗),森秀行,0595,-0.1,,10,6,35.4,500,0,
,"2020. 7. 5",函館,2函2,未勝利,未勝利・牝,6,9,タガノグリュック,牝,3,藤岡佑介, 54 ,14,4,１, ,ダ1700,良,,(栗),鈴木孝志,1468,-0.3,2,2,1,39.8,500,-4,
,"2020. 7. 5",函館,2函2,未勝利,未勝利*,1,1,セントポーリア,牝,2,丹内祐次, 54 ,9,3,１, ,芝1200,良,,(美),高橋祥泰,1117,-0.0,,1,1,36.1,442,+4,
,"2020. 7. 4",函館,2函1,2勝,北海Ｈ･2勝,7,8,ジョブックコメン,牝,5,武豊, 53 ,11,3,１, ,芝1800,良,*,(美),小桧山悟,1491,-0.2,8,6,4,35.3,432,+2,
,"2020. 7. 4",函館,2函1,3勝,ＴＶｈ杯･3勝,6,11,ビリーバー,牝,5,杉原誠人, 55 ,16,4,１, ,芝1200,良,,(美),石毛善彦,1089,-0.1,,8,7,34.4,464,0,
,"2020. 7. 4",函館,2函1,1勝,臥牛山特･1勝,2,2,レオンドーロ,牝,4,丹内祐次, 55 ,8,3,１, ,芝2000,良,,(美),伊藤大士,2006,-0.8,1,1,1,36.2,480,0,B
,"2020. 7. 4",函館,2函1,1勝,１勝ｸﾗｽ,2,2,イーサンティラノ,牡,3,古川吉洋, 54 ,10,7,１, ,ダ1700,稍,,(栗),昆貢,1463,-0.1,10,6,3,37.7,450,-6,
,"2020. 7. 4",函館,2函1,1勝,１勝ｸﾗｽ,2,2,メイショウメイリン,牡,4,亀田温心,55△,12,3,１, ,ダ1000,稍,,(栗),西園正都,0587,-0.3,,1,1,35.9,464,-6,
,"2020. 7. 4",函館,2函1,1勝,１勝ｸﾗｽ・牝,5,5,ピクシーメイデン,牝,4,藤岡佑介, 55 ,7,1,１, ,ダ1700,稍,,(栗),野中賢二,1448,-0.6,3,3,2,37.5,438,+2,
,"2020. 7. 4",函館,2函1,未勝利,未勝利・牝,1,1,マスターワーク,牝,3,丸山元気, 54 ,13,2,１, ,芝2000,良,,(美),鹿戸雄一,2018,-0.2,1,1,1,37.7,490,+6,
,"2020. 7. 4",函館,2函1,新馬,新馬,6,6,プロトサマニ,牝,2,団野大成,53☆,10,5,１, ,芝1200,良,,(美),浅野洋一,1113,-0.0,,1,1,36.5,476,,
,"2020. 7. 4",函館,2函1,未勝利,未勝利,7,12,テンチシンメイ,牡,3,武豊, 56 ,14,2,１, ,ダ1700,稍,,(美),小笠倫弘,1471,-0.0,3,1,1,39.2,502,+2,B
,"2020. 7. 4",函館,2函1,未勝利,未勝利,8,15,ガリレイ,牡,3,菱田裕二, 56 ,16,3,１, ,芝1200,良,,(栗),高橋亮,1098,-0.0,,7,3,35.4,512,+6,
,"2020. 7. 4",函館,2函1,未勝利,未勝利,5,5,リアム,牡,3,横山武史, 56 ,11,3,１, ,ダ2400,稍,,(美),萩原清,2355,-0.0,1,1,1,39.9,520,+2,B
,"2020. 7. 4",函館,2函1,未勝利,未勝利・牝*,6,6,ホーキーポーキー,牝,2,杉原誠人, 54 ,7,1,１, ,芝1200,良,,(美),武市康男,1109,-0.0,,1,1,35.7,448,-4,
,"2020. 6.28",函館,1函6,2勝,松前特別･2勝,1,1,スズカロング,牡,6,横山武史, 57 ,11,6,１, ,芝2000,稍,,(栗),橋田満,2014,-0.1,3,3,2,35.9,496,-4,
,"2020. 6.28",函館,1函6,OP(L),大沼Ｓ(L),8,13,ダンツゴウユウ,牡,6,菱田裕二, 57 ,14,2,１, ,ダ1700,不,*,(栗),谷潔,1426,-0.2,10,10,9,35.4,466,-6,
,"2020. 6.28",函館,1函6,1勝,立待岬特･1勝,6,6,ニシノドレッシー,牝,4,勝浦正樹, 55 ,9,2,１, ,芝1200,稍,,(美),的場均,1094,-0.4,,3,4,34.9,440,-6,
,"2020. 6.28",函館,1函6,1勝,１勝ｸﾗｽ,3,3,ホウオウトゥルース,セ,4,大野拓弥, 57 ,10,4,１, ,ダ1700,不,,(美),高木登,1438,-0.4,5,6,4,37.1,474,+2,
,"2020. 6.28",函館,1函6,1勝,１勝ｸﾗｽ,5,7,ブレーナード,牡,3,横山武史, 53 ,14,8,１, ,芝2600,稍,,(美),高橋祥泰,2436,-0.0,1,1,1,36.5,438,+4,
,"2020. 6.28",函館,1函6,1勝,１勝ｸﾗｽ,2,2,ハクアイブラック,牡,3,団野大成,53☆,12,1,１, ,ダ1000,不,,(栗),松永昌博,0582,-0.3,,1,1,35.7,520,+4,
,"2020. 6.28",函館,1函6,未勝利,未勝利,7,13,タイセイメガロス,牡,3,吉田隼人, 56 ,15,1,１, ,芝1800,稍,,(栗),西村真幸,1495,-0.5,7,2,2,36.8,446,+4,
,"2020. 6.28",函館,1函6,新馬,新馬,7,8,ディープエコロジー,牝,2,菱田裕二, 54 ,10,2,１, ,芝1200,稍,,(美),宮田敬介,1105,-0.0,,1,1,36.2,422,,
,"2020. 6.28",函館,1函6,未勝利,未勝利,6,9,イッツオーライト,牡,3,菱田裕二, 56 ,14,5,１, ,ダ1700,不,,(美),竹内正洋,1448,-0.0,13,10,6,37.1,464,-2,
,"2020. 6.28",函館,1函6,未勝利,未勝利,4,8,マジカルマジカル,牡,3,横山武史, 54 ,16,1,１, ,芝1200,稍,,(美),久保田貴,1105,-0.0,,1,1,35.9,470,-2,
,"2020. 6.28",函館,1函6,未勝利,未勝利・牝,5,8,タガノペルマネンテ,牝,3,亀田温心,51▲,14,3,１, ,ダ1700,不,,(栗),平田修,1453,-0.1,3,2,2,38.1,440,+4,
,"2020. 6.28",函館,1函6,未勝利,未勝利*,6,6,ニシノエルサ,牝,2,勝浦正樹, 54 ,9,9,１, ,芝1200,稍,,(美),中野栄治,1107,-0.0,,2,3,36.5,444,-4,
,"2020. 6.27",函館,1函5,2勝,檜山特別･2勝,4,5,ダンツキャッスル,牡,4,菱田裕二, 57 ,14,1,１, ,ダ1700,不,,(栗),谷潔,1433,-0.0,4,3,2,36.1,478,+2,
,"2020. 6.27",函館,1函5,2勝,湯の川Ｈ･2勝,3,5,シュエットヌーベル,牝,6,亀田温心, 51 ,16,7,１, ,芝1200,稍,,(美),小西一男,1089,-0.4,,14,14,33.9,470,+2,B
,"2020. 6.27",函館,1函5,1勝,北斗特別･1勝,7,7,ワールドウインズ,セ,3,藤岡康太, 54 ,10,1,１, ,芝1800,稍,,(栗),武幸四郎,1493,-0.3,3,3,2,35.2,466,+2,
,"2020. 6.27",函館,1函5,1勝,１勝ｸﾗｽ,5,7,コスモアンジュ,牝,3,丹内祐次, 52 ,13,5,１, ,芝1200,稍,,(美),武藤善則,1091,-0.0,,1,1,35.2,472,-2,
,"2020. 6.27",函館,1函5,1勝,１勝ｸﾗｽ・牝,2,2,シャルロッテミノル,牝,4,団野大成,54☆,6,1,１, ,ダ1700,不,,(美),中舘英二,1435,-0.8,1,1,1,37.4,534,0,
,"2020. 6.27",函館,1函5,未勝利,未勝利,1,1,モーソンピーク,牡,3,横山武史, 56 ,14,5,１, ,芝2000,稍,,(美),国枝栄,2016,-0.1,11,9,3,37.1,492,-12,B
,"2020. 6.27",函館,1函5,新馬,新馬,7,7,ルーチェドーロ,牡,2,横山武史, 54 ,8,1,１, ,ダ1000,不,,(美),高橋裕,0585,-1.1,,1,1,35.3,484,,
,"2020. 6.27",函館,1函5,新馬,新馬,3,3,フォドラ,牝,2,亀田温心,51▲,11,1,１, ,芝1200,稍,,(栗),牧浦充徳,1096,-0.3,,1,1,34.9,400,,
,"2020. 6.27",函館,1函5,未勝利,未勝利・牝,8,16,メイショウミモザ,牝,3,池添謙一, 54 ,16,1,１, ,芝1200,稍,,(栗),池添兼雄,1090,-0.6,,2,2,34.9,440,+2,
,"2020. 6.27",函館,1函5,未勝利,未勝利,5,8,ショウナンアニメ,牡,3,団野大成,55☆,14,1,１, ,ダ1700,不,,(栗),吉村圭司,1445,-0.9,2,2,1,38.1,474,+2,
,"2020. 6.27",函館,1函5,未勝利,未勝利,8,12,コウイチ,牡,3,岩田康誠, 56 ,12,2,１, ,ダ1000,不,,(栗),庄野靖志,0580,-0.2,,2,2,34.8,478,0,
,"2020. 6.27",函館,1函5,未勝利,未勝利*,2,2,フォルセティ,牡,2,大野拓弥, 54 ,9,1,１, ,芝1200,稍,,(美),田中博康,1106,-0.5,,1,1,36.1,448,-2,
,"2020. 6.21",函館,1函4,2勝,津軽海Ｈ･2勝,7,11,レンブランサ,牝,5,丸山元気, 52 ,14,5,１, ,ダ1700,良,,(栗),宮本博,1462,-0.1,14,14,13,36.8,454,+14,
,"2020. 6.21",函館,1函4,Ｇ３,函館スプG3,3,6,ダイアトニック,牡,5,武豊, 58 ,16,1,１, ,芝1200,良,,(栗),安田隆行,1075,-0.3,,2,2,33.9,474,+2,
,"2020. 6.21",函館,1函4,1勝,奥尻特別･1勝,5,5,レーガノミクス,牡,5,藤岡佑介, 57 ,9,2,１, ,芝2000,良,,(栗),池添学,2002,-0.0,5,5,5,35.5,528,+8,
,"2020. 6.21",函館,1函4,1勝,１勝ｸﾗｽ,3,3,エバンタイユドール,牝,3,山田敬士,49▲,11,4,１, ,ダ1700,良,,(美),小桧山悟,1471,-0.1,11,10,8,38.5,514,+4,
,"2020. 6.21",函館,1函4,1勝,１勝ｸﾗｽ,3,3,シャイニールミナス,牝,3,丹内祐次, 52 ,10,1,１, ,芝1200,良,,(美),岩戸孝樹,1087,-0.0,,1,1,35.3,460,+2,
,"2020. 6.21",函館,1函4,1勝,１勝ｸﾗｽ・牝,4,4,ベルクワイア,牝,4,池添謙一, 55 ,11,1,１, ,ダ1700,良,,(美),国枝栄,1466,-0.3,1,1,1,39.0,518,+10,
,"2020. 6.21",函館,1函4,未勝利,未勝利,6,11,ビーマイオーシャン,牡,3,団野大成,55☆,15,4,１, ,芝2600,良,,(栗),音無秀孝,2383,-1.2,4,3,1,35.7,480,-6,B
,"2020. 6.21",函館,1函4,新馬,新馬,7,9,ブルースピリット,牡,2,藤岡佑介, 54 ,12,1,１, ,芝1200,良,,(栗),中内田充,1095,-0.2,,5,4,35.5,482,,
,"2020. 6.21",函館,1函4,未勝利,未勝利・牝,1,1,サンテローズ,牝,3,吉田隼人, 54 ,16,3,１, ,芝1800,良,,(栗),西村真幸,1482,-0.4,16,14,11,34.8,510,,
,"2020. 6.21",函館,1函4,未勝利,未勝利,8,14,ラスティングラヴ,牝,3,吉田隼人, 54 ,14,5,１, ,ダ1700,良,,(栗),安達昭夫,1473,-0.3,1,1,1,38.8,506,+2,
,"2020. 6.21",函館,1函4,未勝利,未勝利,5,5,デルマラピスラズリ,牡,3,横山和生, 56 ,12,7,１, ,ダ1000,良,,(美),小野次郎,1000,-0.0,,8,8,35.9,506,0,
,"2020. 6.21",函館,1函4,未勝利,未勝利,4,7,ラキ,牝,3,武豊, 54 ,16,1,１, ,芝1200,良,,(栗),小崎憲,1094,-0.3,,12,11,34.7,452,+2,
,"2020. 6.20",函館,1函3,1勝,長万部特･1勝,6,6,アドマイヤデルタ,牡,4,菱田裕二, 57 ,10,2,１, ,芝1200,良,,(美),宮田敬介,1091,-0.0,,1,1,34.7,496,+14,
,"2020. 6.20",函館,1函3,2勝,ＳＴＶ杯･2勝,7,14,アリア,牝,5,武豊, 55 ,16,3,１, ,芝1200,良,,(栗),武幸四郎,1085,-0.3,,8,7,34.2,510,+4,
,"2020. 6.20",函館,1函3,1勝,八雲特別･1勝,2,2,ザイラ,牝,3,吉田隼人, 52 ,9,4,１, ,芝1800,良,,(栗),奥村豊,1480,-0.0,1,1,1,34.3,468,-16,
,"2020. 6.20",函館,1函3,1勝,１勝ｸﾗｽ,2,2,ハイパーステージ,牡,3,坂井瑠星, 54 ,9,3,１, ,ダ1700,良,,(栗),吉田直弘,1466,-0.0,6,6,6,38.2,440,-4,
,"2020. 6.20",函館,1函3,1勝,１勝ｸﾗｽ・牝,1,1,フクノナルボンヌ,牝,4,横山和生, 55 ,11,5,１, ,芝1200,良,,(美),杉浦宏昭,1087,-0.1,,3,2,34.8,514,+4,
,"2020. 6.20",函館,1函3,1勝,１勝ｸﾗｽ,7,9,スリーピート,牡,3,団野大成,53☆,12,2,１, ,ダ1000,良,,(栗),湯窪幸雄,0589,-0.0,,5,4,35.6,498,-2,
,"2020. 6.20",函館,1函3,未勝利,未勝利,6,10,ヒルノアントラ,牡,3,古川吉洋, 56 ,14,1,１, ,ダ1700,良,,(栗),昆貢,1483,-0.1,2,2,1,39.8,468,0,B
,"2020. 6.20",函館,1函3,新馬,新馬,7,9,モンファボリ,牝,2,武豊, 54 ,11,2,１, ,芝1200,良,,(栗),須貝尚介,1087,-0.9,,1,1,35.0,412,,
,"2020. 6.20",函館,1函3,未勝利,未勝利・牝,2,2,シェーン,牝,3,亀田温心,51▲,12,1,１, ,ダ1700,良,,(栗),角田晃一,1476,-0.2,4,5,5,39.5,464,-2,
,"2020. 6.20",函館,1函3,未勝利,未勝利,4,5,ピースディオン,牡,3,池添謙一, 56 ,13,2,１, ,芝2000,良,,(美),大竹正博,1597,-0.2,7,5,3,35.9,498,+4,
,"2020. 6.20",函館,1函3,未勝利,未勝利・牝,5,6,ローズオブシャロン,牝,3,池添謙一, 54 ,12,6,１, ,ダ1000,良,,(美),大竹正博,0590,-0.7,,1,1,36.1,460,-6,
,"2020. 6.20",函館,1函3,未勝利,未勝利,1,2,エールヴィフ,牝,3,池添謙一, 54 ,16,2,１, ,芝1200,良,,(栗),橋口慎介,1092,-0.2,,3,2,35.1,498,+6,
,"2020. 6.14",函館,1函2,2勝,洞爺湖特･2勝,8,11,マイネルズイーガー,牡,6,丹内祐次, 57 ,11,3,１, ,芝1800,良,,(美),武藤善則,1463,-0.5,1,1,1,35.6,512,-8,
,"2020. 6.14",函館,1函2,3勝,ＵＨＢＨ･3勝,3,6,ジョーマンデリン,牝,4,池添謙一, 54 ,16,2,１, ,芝1200,良,*,(栗),清水久詞,1075,-0.2,,4,4,34.3,482,-2,
,"2020. 6.14",函館,1函2,1勝,木古内特･1勝,7,8,リョウガ,牡,3,横山武史, 54 ,11,1,１, ,ダ1700,良,,(美),田中博康,1472,-0.1,6,5,3,38.1,458,-6,
,"2020. 6.14",函館,1函2,1勝,１勝ｸﾗｽ,1,1,リゲイン,牝,4,山田敬士,52▲,13,3,１, ,芝1200,良,,(栗),加用正,1084,-0.0,,5,5,35.0,452,-2,
,"2020. 6.14",函館,1函2,1勝,１勝ｸﾗｽ,4,4,アドマイヤポラリス,牡,4,岩田康誠, 57 ,9,1,１, ,芝2000,良,,(栗),友道康夫,1595,-0.0,8,7,3,35.1,476,-4,
,"2020. 6.14",函館,1函2,1勝,１勝ｸﾗｽ,6,8,ハヤブサペコムスメ,牝,3,吉田隼人, 52 ,12,7,１, ,ダ1000,良,,(美),尾形和幸,0585,-0.4,,4,3,35.5,450,+2,
,"2020. 6.14",函館,1函2,未勝利,未勝利,8,13,ボマライン,牡,3,横山武史, 56 ,14,2,１, ,ダ1700,良,,(美),田村康仁,1476,-0.4,3,2,1,39.7,462,-8,
,"2020. 6.14",函館,1函2,新馬,新馬,7,8,リメス,牡,2,松田大作, 54 ,11,6,１, ,芝1200,良,,(栗),松永幹夫,1102,-0.0,,1,1,35.3,446,,
,"2020. 6.14",函館,1函2,未勝利,未勝利,6,12,サマーエモーション,牝,3,藤岡康太, 54 ,16,2,１, ,芝1800,良,,(栗),大久保龍,1471,-0.2,1,1,1,35.5,434,0,B
,"2020. 6.14",函館,1函2,未勝利,未勝利,8,12,ナイトコマンダー,牡,3,秋山稔樹,53▲,12,7,１, ,ダ1000,良,,(美),大江原哲,0593,-0.1,,6,5,35.6,472,+6,
,"2020. 6.14",函館,1函2,未勝利,未勝利・牝,3,3,フォギーデイ,牝,3,勝浦正樹, 54 ,14,2,１, ,ダ1700,良,,(美),水野貴広,1466,-0.8,1,1,1,38.0,460,-2,
,"2020. 6.14",函館,1函2,未勝利,未勝利,4,6,カレンヒメ,牝,3,池添謙一, 54 ,15,2,１, ,芝1200,良,,(栗),安田翔伍,1085,-0.2,,3,3,34.2,420,+6,
,"2020. 6.13",函館,1函1,1勝,遊楽部特･1勝,7,9,レースガーデン,牝,4,水口優也, 55 ,12,4,１, ,芝1800,良,,(栗),池江泰寿,1479,-0.2,2,2,2,35.0,468,-2,
,"2020. 6.13",函館,1函1,2勝,函館日刊･2勝,1,2,ファイブフォース,牝,6,団野大成, 55 ,16,16,１, ,芝1200,良,,(美),高橋裕,1079,-0.0,,6,6,34.1,504,+14,
,"2020. 6.13",函館,1函1,1勝,駒ケ岳特･1勝,4,4,シークレットアイズ,牡,4,丸山元気, 57 ,9,4,１, ,芝2600,良,,(美),藤沢和雄,2387,-0.1,3,3,2,36.3,498,-2,
,"2020. 6.13",函館,1函1,1勝,１勝ｸﾗｽ,5,6,ユキノグローリー,牡,3,川島信二, 54 ,13,8,１, ,ダ1700,良,,(栗),南井克巳,1457,-0.3,3,3,3,38.2,490,0,
,"2020. 6.13",函館,1函1,1勝,１勝ｸﾗｽ,6,8,アサカディオネ,牝,3,団野大成,51☆,12,1,１, ,ダ1000,良,,(栗),佐々木晶,0581,-0.9,,1,1,35.3,454,+14,
,"2020. 6.13",函館,1函1,未勝利,未勝利,8,14,ウインアルカンナ,牝,3,横山武史, 54 ,15,3,１, ,芝2000,良,,(美),武市康男,2018,-0.3,1,1,1,34.7,452,+6,
,"2020. 6.13",函館,1函1,新馬,新馬・牝,1,1,ラヴケリー,牝,2,団野大成,53☆,11,1,１, ,芝1200,良,,(栗),高柳大輔,1096,-0.5,,1,1,34.5,438,,
,"2020. 6.13",函館,1函1,新馬,新馬,1,1,リンゴアメ,牝,2,丹内祐次, 54 ,11,1,１, ,芝1000,良,,(美),菊川正達,0576,-0.3,,3,2,33.5,412,,
,"2020. 6.13",函館,1函1,未勝利,未勝利,8,14,ベッサメモー,牝,3,藤岡康太, 54 ,14,1,１, ,ダ1700,良,,(栗),武幸四郎,1466,-0.0,2,2,1,39.6,514,-2,B
,"2020. 6.13",函館,1函1,未勝利,未勝利,8,11,ファルーク,セ,3,池添謙一, 56 ,12,1,１, ,ダ1000,良,,(栗),池添兼雄,0597,-0.2,,2,1,36.0,452,-20,
,"2020. 6.13",函館,1函1,未勝利,未勝利,5,8,ダッチマン,セ,3,亀田温心,53▲,14,2,１, ,ダ1700,良,,(栗),音無秀孝,1470,-0.1,7,5,5,38.9,444,-2,
,"2020. 6.13",函館,1函1,未勝利,未勝利,4,7,メサテソーロ,牝,3,亀田温心,51▲,16,6,１, ,芝1200,良,*,(美),栗田徹,1089,-0.2,,2,2,35.0,502,-10,
,"2019. 7.21",函館,2函6,2勝,潮騒特Ｈ･2勝,4,7,アスタールビー,牝,3,古川吉洋, 52 ,15,2,１, ,芝1200,良,,(栗),南井克巳,1086,-0.2,,1,1,35.0,436,+2,
,"2019. 7.21",函館,2函6,Ｇ３,函館２歳G3,1,1,ビアンフェ,牡,2,藤岡佑介, 54 ,16,4,１, ,芝1200,良,,(栗),中竹和也,1092,-0.3,,1,1,35.6,510,+4,
,"2019. 7.21",函館,2函6,2勝,松前特別･2勝,5,5,ユニコーンライオン,牡,3,岩田康誠, 54 ,11,2,１, ,芝2000,良,*,(栗),矢作芳人,2017,-0.0,3,4,3,35.0,510,-4,
,"2019. 7.21",函館,2函6,1勝,１勝ｸﾗｽ,8,13,リョウランヒーロー,牡,5,横山武史,56☆,14,1,１, ,ダ1700,良,,(美),小野次郎,1464,-0.6,5,5,3,37.8,476,-4,
,"2019. 7.21",函館,2函6,1勝,１勝ｸﾗｽ,5,8,レッドサイオン,牡,3,団野大成,51▲,14,3,１, ,芝1800,良,,(美),藤沢和雄,1480,-0.0,5,3,5,35.9,460,+6,
,"2019. 7.21",函館,2函6,1勝,１勝ｸﾗｽ,1,1,ハクナマタタ,牡,3,菅原明良,51▲,12,4,１, ,ダ1000,良,,(美),伊藤圭三,0595,-0.2,,1,1,36.7,494,-6,
,"2019. 7.21",函館,2函6,未勝利,未勝利,6,7,クラウドスケープ,牡,3,藤岡佑介, 56 ,12,3,１, ,ダ1700,良,,(栗),矢作芳人,1477,-0.2,8,4,4,38.6,474,+6,
,"2019. 7.21",函館,2函6,新馬,新馬,2,2,ダーリントンホール,牡,2,池添謙一, 54 ,8,1,１, ,芝1800,良,,(美),木村哲也,1498,-0.2,4,4,2,35.4,516,,
,"2019. 7.21",函館,2函6,未勝利,未勝利,7,12,ソルドラード,牡,3,ルメール, 56 ,14,1,１, ,芝1800,良,,(美),藤沢和雄,1477,-1.3,4,4,3,35.9,504,-8,B
,"2019. 7.21",函館,2函6,未勝利,未勝利,8,9,キュウドウクン,牡,3,阿部龍, 56 ,9,1,１, ,ダ1000,良,,(栗),森秀行,1001,-0.1,,1,1,37.2,470,+8,
,"2019. 7.21",函館,2函6,未勝利,未勝利・牝,1,1,ベルクワイア,牝,3,ルメール, 54 ,12,1,１, ,ダ1700,良,,(美),国枝栄,1466,-0.2,1,1,1,38.9,508,+6,
,"2019. 7.21",函館,2函6,未勝利,未勝利*,6,7,ミーハディビーナ,牝,2,丹内祐次, 54 ,11,6,１, ,芝1200,良,,(美),牧光二,1104,-0.1,,1,1,36.2,430,0,
,"2019. 7.20",函館,2函5,2勝,駒場特別･2勝,6,8,ナムラカメタロー,牡,3,石川裕紀, 54 ,13,1,１, ,ダ1700,良,,(美),稲垣幸雄,1443,-0.1,2,2,2,37.5,500,+4,
,"2019. 7.20",函館,2函5,3勝,函館日刊･3勝,1,2,ハウメア,牝,5,ルメール, 55 ,16,1,１, ,芝1200,良,,(美),藤沢和雄,1086,-0.0,,2,2,34.8,486,+6,
,"2019. 7.20",函館,2函5,1勝,横津岳特･1勝,8,9,ディバインフォース,牡,3,横山武史, 54 ,10,3,１, ,芝2600,良,,(栗),寺島良,2424,-0.3,9,9,6,35.3,448,+8,
,"2019. 7.20",函館,2函5,1勝,１勝ｸﾗｽ,4,7,ショウナンアリアナ,牝,3,吉田隼人, 52 ,16,6,１, ,芝1200,良,,(栗),高野友和,1087,-0.0,,5,3,35.1,416,+4,
,"2019. 7.20",函館,2函5,1勝,１勝ｸﾗｽ・牝,5,8,グッバイガール,牝,3,木幡初也, 52 ,14,3,１, ,ダ1700,良,,(美),杉浦宏昭,1444,-0.6,1,1,1,37.6,490,+2,
,"2019. 7.20",函館,2函5,1勝,１勝ｸﾗｽ,7,7,ジャカンドジョー,牡,5,松岡正海, 57 ,10,4,１, ,ダ2400,良,,(美),田中剛,2376,-0.0,1,1,1,37.2,464,-10,
,"2019. 7.20",函館,2函5,未勝利,未勝利,5,7,ホッコーメヴィウス,セ,3,団野大成,53▲,14,4,１, ,芝1200,良,,(栗),西浦勝一,1093,-0.0,,8,8,34.9,470,+2,
,"2019. 7.20",函館,2函5,未勝利,未勝利,2,2,サンライズアキレス,牡,3,藤岡佑介, 56 ,9,3,１, ,芝2000,良,,(栗),音無秀孝,2012,-0.0,8,7,6,36.2,490,0,
,"2019. 7.20",函館,2函5,未勝利,未勝利,2,3,メイショウウチデ,牡,3,藤岡康太, 56 ,16,1,１, ,芝1200,良,,(栗),南井克巳,1096,-0.0,,5,5,35.1,462,+6,
,"2019. 7.20",函館,2函5,未勝利,未勝利,5,5,ブライトアクトレス,牝,3,菅原明良,51▲,11,3,１, ,ダ1700,良,,(美),鹿戸雄一,1460,-0.5,6,2,2,38.0,498,0,
,"2019. 7.20",函館,2函5,未勝利,未勝利・牝,2,2,クリノビッグサージ,牝,3,亀田温心,51▲,9,2,１, ,ダ1000,良,,(栗),南井克巳,0597,-0.2,,1,1,36.7,496,-2,
,"2019. 7.20",函館,2函5,未勝利,未勝利*,7,7,ブラックホール,牡,2,石川裕紀, 54 ,8,1,１, ,芝1800,良,,(美),相沢郁,1513,-0.2,5,5,2,35.7,422,+4,
,"2019. 7.14",函館,2函4,2勝,渡島特別･2勝,6,8,リワードアンヴァル,牡,3,武豊, 54 ,12,1,１, ,ダ1700,稍,,(美),藤原辰雄,1445,-1.1,2,2,1,38.0,500,+2,
,"2019. 7.14",函館,2函4,Ｇ３,函館記念ＨG3,2,4,マイスタイル,牡,5,田中勝春, 56 ,16,1,１, ,芝2000,良,,(栗),昆貢,1596,-0.0,1,1,1,35.9,462,-8,B
,"2019. 7.14",函館,2函4,2勝,北海Ｈ･2勝,8,11,ポンデザール,牝,4,藤岡康太, 53 ,12,3,１, ,芝2600,良,,(美),堀宣行,2417,-0.1,10,10,5,35.5,492,+6,
,"2019. 7.14",函館,2函4,1勝,下北半島･1勝,3,3,サンノゼテソーロ,牡,3,武豊, 54 ,11,2,１, ,芝1200,良,,(美),田中博康,1093,-0.3,,1,1,34.9,454,-8,
,"2019. 7.14",函館,2函4,1勝,１勝ｸﾗｽ,2,2,シンコーマーチャン,牡,5,菅原明良,54▲,14,3,１, ,ダ1700,稍,,(美),土田稔,1463,-0.3,1,1,1,39.2,500,+4,B
,"2019. 7.14",函館,2函4,1勝,１勝ｸﾗｽ・牝,2,2,コパカティ,牝,3,藤岡康太, 52 ,12,4,１, ,芝2000,良,,(栗),佐々木晶,2019,-0.2,9,9,10,36.1,472,+8,
,"2019. 7.14",函館,2函4,未勝利,未勝利,7,9,ボルンカズマ,牡,3,横山武史,55☆,11,4,１, ,ダ1700,稍,,(美),栗田徹,1463,-0.6,1,1,1,38.5,494,-2,B
,"2019. 7.14",函館,2函4,新馬,新馬,6,6,サトノゴールド,牡,2,武豊, 54 ,7,1,１, ,芝1800,良,,(栗),須貝尚介,1541,-0.2,2,2,2,35.1,458,,
,"2019. 7.14",函館,2函4,未勝利,未勝利,1,1,ブルーノバローズ,牡,3,菱田裕二, 56 ,9,3,１, ,芝2000,良,,(栗),角田晃一,2032,-0.2,1,1,1,36.1,462,-6,
,"2019. 7.14",函館,2函4,未勝利,未勝利・牝,7,8,ショウナンバニラ,牝,3,池添謙一, 54 ,11,8,１, ,芝1200,良,,(美),武市康男,1100,-0.2,,8,7,34.9,426,-4,
,"2019. 7.14",函館,2函4,未勝利,未勝利,6,6,グッドヘルスバイオ,牡,3,福永祐一, 56 ,11,1,１, ,ダ1700,稍,,(栗),池添学,1465,-0.1,3,3,2,38.7,464,0,
,"2019. 7.14",函館,2函4,未勝利,未勝利*,8,9,グッドブリッジ,牡,2,富田暁,53☆,10,10,１, ,ダ1000,稍,,(美),高橋文雅,0597,-0.3,,2,2,36.7,468,-10,
,"2019. 7.13",函館,2函3,1勝,湯浜特別･1勝,4,4,サンライズナイト,牡,4,岩田康誠, 57 ,12,3,１, ,ダ1700,稍,,(栗),石坂正,1457,-0.3,3,3,3,37.8,486,-8,B
,"2019. 7.13",函館,2函3,2勝,ＳＴＶ杯･2勝,4,5,クインズチャパラ,牝,4,武豊, 55 ,13,1,１, ,芝1200,良,,(栗),野中賢二,1093,-0.0,,5,5,34.7,454,+8,B
,"2019. 7.13",函館,2函3,1勝,臥牛山特･1勝,7,7,ドゥオーモ,牡,6,藤岡佑介, 57 ,9,3,１, ,芝2000,良,,(栗),野中賢二,2035,-0.2,8,1,1,34.9,476,-4,
,"2019. 7.13",函館,2函3,1勝,１勝ｸﾗｽ,4,6,カレンモエ,牝,3,北村友一, 52 ,15,1,１, ,芝1200,良,,(栗),安田隆行,1094,-0.2,,2,2,34.9,462,+2,
,"2019. 7.13",函館,2函3,1勝,１勝ｸﾗｽ,1,1,トウショウデュエル,牡,7,木幡初也, 57 ,12,6,１, ,ダ1000,稍,,(美),杉浦宏昭,0591,-0.0,,9,7,35.1,526,+2,B
,"2019. 7.13",函館,2函3,未勝利,未勝利,5,5,アルテヴェルト,牡,3,荻野極, 56 ,11,2,１, ,芝2600,良,,(栗),庄野靖志,2432,-0.1,11,8,8,36.0,458,+6,B
,"2019. 7.13",函館,2函3,未勝利,未勝利,4,4,バンクショット,牡,3,団野大成,53▲,9,1,１, ,ダ1700,稍,,(栗),池添学,1465,-1.0,1,1,1,39.7,458,-4,B
,"2019. 7.13",函館,2函3,新馬,新馬,3,3,マンバー,牝,2,丹内祐次, 54 ,6,4,１, ,芝1200,良,,(美),中野栄治,1105,-0.3,,5,3,35.3,458,,
,"2019. 7.13",函館,2函3,未勝利,未勝利,4,5,デルマカトリーナ,牝,3,北村友一, 54 ,14,3,１, ,芝1200,良,,(栗),音無秀孝,1099,-0.2,,5,7,35.3,428,-6,
,"2019. 7.13",函館,2函3,未勝利,未勝利・牝,7,8,ミルメルシー,牝,3,池添謙一, 54 ,10,7,１, ,ダ1700,重,,(栗),安達昭夫,1472,-0.0,1,1,1,38.7,460,0,
,"2019. 7.13",函館,2函3,未勝利,未勝利,1,1,サンハンツビル,牝,3,横山和生, 54 ,8,5,１, ,ダ1000,重,,(美),加藤和宏,0597,-0.3,,4,4,36.2,456,-2,
,"2019. 7.13",函館,2函3,未勝利,未勝利*,4,4,ニルカンタテソーロ,牡,2,横山武史,53☆,10,4,１, ,芝1200,良,,(美),斎藤誠,1101,-0.5,,7,8,34.9,432,-2,
,"2019. 7. 7",函館,2函2,2勝,かもめ島･2勝,5,5,リンディーホップ,牝,4,岩田康誠, 55 ,7,1,１, ,芝1800,良,,(美),金成貴史,1490,-0.0,2,2,2,35.2,462,-2,
,"2019. 7. 7",函館,2函2,ｵｰﾌﾟﾝ,マリーンＨ,3,3,リアンヴェリテ,牡,5,国分恭介, 57 ,14,1,１, ,ダ1700,良,,(栗),中竹和也,1433,-0.0,1,1,1,37.3,490,+4,
,"2019. 7. 7",函館,2函2,1勝,立待岬特･1勝,6,8,デルマキセキ,牝,4,荻野琢真, 55 ,12,3,１, ,芝1200,良,,(栗),友道康夫,1095,-0.0,,12,12,34.6,462,-2,B
,"2019. 7. 7",函館,2函2,2勝,２勝ｸﾗｽ,7,7,スリーランディア,牝,5,藤岡佑介, 55 ,8,1,１, ,ダ1000,良,,(栗),橋田満,0589,-0.0,,2,2,35.5,432,+2,
,"2019. 7. 7",函館,2函2,1勝,１勝ｸﾗｽ,7,9,セントレオナード,牡,3,ルメール, 54 ,11,1,１, ,芝2000,良,,(美),堀宣行,2022,-0.5,10,10,9,35.3,458,-2,
,"2019. 7. 7",函館,2函2,1勝,１勝ｸﾗｽ・牝,8,15,ハイヤーアプシス,牝,5,ルメール, 55 ,15,3,１, ,芝1200,良,,(美),鹿戸雄一,1093,-0.0,,2,3,35.2,444,+12,
,"2019. 7. 7",函館,2函2,1勝,１勝ｸﾗｽ,5,8,マイネルストラトス,牡,5,藤岡佑介, 57 ,14,1,１, ,ダ1700,良,,(美),土田稔,1452,-0.5,10,6,2,38.2,486,+2,
,"2019. 7. 7",函館,2函2,新馬,新馬,6,6,オーソリティ,牡,2,池添謙一, 54 ,10,1,１, ,芝1800,良,,(美),木村哲也,1549,-0.0,4,4,3,35.4,494,,
,"2019. 7. 7",函館,2函2,未勝利,未勝利,7,13,ナックゼウス,牡,3,木幡初也, 56 ,16,9,１, ,芝1800,良,,(美),杉浦宏昭,1497,-0.3,1,2,1,36.0,472,-4,
,"2019. 7. 7",函館,2函2,未勝利,未勝利,2,2,ハッシュゴーゴー,牝,3,吉田隼人, 54 ,11,2,１, ,ダ1700,良,,(栗),荒川義之,1479,-0.1,5,3,2,40.0,442,-2,
,"2019. 7. 7",函館,2函2,未勝利,未勝利,8,12,テイエムメロディー,牝,3,古川吉洋, 54 ,12,1,１, ,ダ1000,良,,(栗),木原一良,0599,-0.1,,2,2,36.6,456,+2,
,"2019. 7. 7",函館,2函2,未勝利,未勝利*,6,6,メイショウナパワン,牡,2,池添謙一, 54 ,8,3,１, ,芝1200,良,,(栗),飯田祐史,1106,-0.1,,2,3,36.0,460,+6,
,"2019. 7. 6",函館,2函1,2勝,噴火湾特･2勝,5,5,ダノンジャスティス,牡,3,藤岡佑介, 54 ,7,1,１, ,芝1200,良,,(栗),中内田充,1101,-0.0,,3,3,35.0,490,+2,
,"2019. 7. 6",函館,2函1,3勝,五稜郭Ｓ･3勝,6,11,サトノガーネット,牝,4,ルメール, 55 ,16,1,１, ,芝2000,良,*,(栗),矢作芳人,2020,-0.0,10,10,10,34.4,428,-6,
,"2019. 7. 6",函館,2函1,1勝,八雲特別･1勝,6,6,ユニコーンライオン,牡,3,岩田康誠, 54 ,11,1,１, ,芝1800,良,,(栗),矢作芳人,1489,-0.3,2,2,2,35.1,514,-20,
,"2019. 7. 6",函館,2函1,1勝,１勝ｸﾗｽ,6,7,アカネサス,牝,3,池添謙一, 52 ,12,2,１, ,ダ1000,良,,(栗),浅見秀一,0585,-0.7,,2,2,35.8,490,+6,B
,"2019. 7. 6",函館,2函1,1勝,１勝ｸﾗｽ・牝,3,4,ワンダーエカルテ,牝,3,長岡禎仁, 52 ,14,8,１, ,ダ1700,良,*,(栗),石橋守,1463,-0.2,6,5,3,38.0,510,+2,
,"2019. 7. 6",函館,2函1,未勝利,未勝利,3,5,ブールバール,牝,3,岩田康誠, 54 ,16,1,１, ,芝1200,良,,(栗),大久保龍,1099,-0.2,,4,3,35.6,454,+4,
,"2019. 7. 6",函館,2函1,新馬,新馬,8,8,リュウノゲキリン,牡,2,松岡正海, 54 ,9,4,１, ,ダ1000,良,,(栗),牧田和弥,1004,-0.2,,2,2,36.2,482,,
,"2019. 7. 6",函館,2函1,新馬,新馬,3,3,プリンスリターン,牡,2,原田和真, 54 ,9,5,１, ,芝1200,良,,(栗),加用正,1106,-0.0,,2,2,35.5,432,,
,"2019. 7. 6",函館,2函1,未勝利,未勝利,3,3,モッズストーン,セ,3,藤岡佑介, 56 ,10,1,１, ,ダ1700,良,,(美),武井亮,1478,-0.2,1,1,1,40.4,478,0,B
,"2019. 7. 6",函館,2函1,未勝利,未勝利・牝,5,5,ミラーミラー,牝,3,藤岡佑介, 54 ,12,3,１, ,芝2000,良,,(栗),高野友和,2025,-0.1,9,5,4,35.9,410,+12,
,"2019. 7. 6",函館,2函1,未勝利,未勝利,6,6,ジューンバラード,牝,3,武豊, 54 ,11,3,１, ,ダ1700,良,,(美),堀井雅広,1474,-0.0,2,2,2,38.4,432,+6,
,"2019. 7. 6",函館,2函1,未勝利,未勝利・牝*,8,8,ケープコッド,牝,2,吉田隼人, 54 ,8,1,１, ,芝1200,良,,(美),高柳瑞樹,1099,-0.9,,2,2,35.8,458,0,
,"2019. 6.30",函館,1函6,2勝,道新スポ･2勝,5,8,ジョーマンデリン,牝,3,池添謙一, 52 ,14,1,１, ,芝1200,稍,,(栗),清水久詞,1095,-0.2,,2,2,35.4,482,+6,
,"2019. 6.30",函館,1函6,ｵｰﾌﾟﾝ,巴賞,1,1,スズカデヴィアス,牡,8,勝浦正樹, 59 ,16,13,１, ,芝1800,稍,,(栗),橋田満,1474,-0.0,15,14,13,35.2,512,-10,
,"2019. 6.30",函館,1函6,2勝,檜山特Ｈ･2勝,4,5,メイクハッピー,牝,3,大野拓弥, 51 ,14,1,１, ,ダ1700,稍,,(美),新開幸一,1461,-0.0,2,1,1,39.7,480,0,
,"2019. 6.30",函館,1函6,1勝,１勝ｸﾗｽ,8,11,コロンバスデイ,牝,4,ルメール, 55 ,11,2,１, ,芝2600,稍,,(美),小笠倫弘,2421,-0.2,2,2,1,37.4,468,+2,
,"2019. 6.30",函館,1函6,1勝,１勝ｸﾗｽ,2,2,ヘニッヒ,セ,3,荻野極, 54 ,12,9,１, ,ダ1700,稍,,(美),武井亮,1457,-0.0,4,4,3,38.7,466,+2,B
,"2019. 6.30",函館,1函6,1勝,１勝ｸﾗｽ,2,2,クールティアラ,牝,3,丹内祐次, 52 ,12,2,１, ,ダ1000,稍,,(美),矢野英一,0585,-0.0,,2,2,35.8,470,+2,B
,"2019. 6.30",函館,1函6,未勝利,未勝利,1,1,ハーツイストワール,牡,3,ルメール, 56 ,11,1,１, ,芝2000,稍,,(美),国枝栄,2027,-0.0,3,3,3,36.9,484,+2,
,"2019. 6.30",函館,1函6,新馬,新馬,6,6,イーサンティラノ,牡,2,古川吉洋, 54 ,6,2,１, ,芝1200,稍,,(栗),昆貢,1114,-0.1,,1,1,35.5,454,,
,"2019. 6.30",函館,1函6,未勝利,未勝利,6,12,エターナルブレイズ,牝,3,ルメール, 54 ,16,3,１, ,芝1200,稍,*,(美),金成貴史,1102,-0.0,,2,2,36.4,474,0,
,"2019. 6.30",函館,1函6,未勝利,未勝利,4,5,マテラサンオウ,牡,3,池添謙一, 56 ,14,2,１, ,ダ1700,稍,,(栗),浜田多実,1461,-0.7,3,2,2,38.2,452,+2,
,"2019. 6.30",函館,1函6,未勝利,未勝利・牝,6,8,シェルトファータ,牝,3,団野大成,51▲,12,3,１, ,ダ1000,稍,,(栗),高柳大輔,0594,-0.6,,2,1,36.4,434,+10,
,"2019. 6.30",函館,1函6,未勝利,未勝利*,8,13,ビアンフェ,牡,2,藤岡佑介, 54 ,14,1,１, ,芝1200,稍,,(栗),中竹和也,1100,-0.0,,1,1,35.5,506,+4,
,"2019. 6.29",函館,1函5,2勝,洞爺湖特･2勝,8,9,サウンドバーニング,牡,7,国分恭介, 57 ,9,9,１, ,芝2000,良,,(栗),安達昭夫,2004,-0.2,1,1,1,37.0,420,-6,
,"2019. 6.29",函館,1函5,3勝,ＴＶｈＨ･3勝,8,15,パラダイスガーデン,牝,7,横山武史, 51 ,16,14,１, ,芝1200,良,,(美),粕谷昌央,1085,-0.2,,13,13,33.7,498,+6,
,"2019. 6.29",函館,1函5,1勝,恵山特別･1勝,7,9,スワーヴノートン,牡,5,北村友一, 57 ,12,6,１, ,芝1800,良,,(美),田中博康,1479,-0.2,3,4,3,35.6,488,+14,
,"2019. 6.29",函館,1函5,1勝,１勝ｸﾗｽ,7,8,ナムラカメタロー,牡,3,石川裕紀, 54 ,10,5,１, ,ダ1700,良,,(美),稲垣幸雄,1441,-0.6,2,2,1,37.3,496,0,
,"2019. 6.29",函館,1函5,1勝,１勝ｸﾗｽ,2,2,スギノヴォルケーノ,牡,3,岩田康誠, 54 ,12,2,１, ,芝1200,良,,(栗),清水久詞,1088,-0.1,,3,2,34.5,492,+4,
,"2019. 6.29",函館,1函5,1勝,１勝ｸﾗｽ・牝,3,3,ブラックモリオン,牝,3,団野大成,49▲,10,5,１, ,ダ1700,良,,(栗),池添学,1459,-0.1,1,1,1,37.4,482,-4,B
,"2019. 6.29",函館,1函5,未勝利,未勝利,6,9,シンゼンストロング,牡,3,武豊, 56 ,14,2,１, ,ダ1700,良,,(栗),飯田祐史,1463,-0.0,7,6,4,38.2,502,+2,
,"2019. 6.29",函館,1函5,新馬,新馬,7,7,スマートカーリー,牝,2,武豊, 54 ,9,3,１, ,芝1200,良,,(栗),須貝尚介,1102,-0.0,,1,1,36.1,466,,
,"2019. 6.29",函館,1函5,未勝利,未勝利,3,6,ダンスロマネスク,牝,3,武藤雅,53☆,16,6,１, ,芝1800,良,,(美),戸田博文,1483,-0.3,1,1,1,35.7,462,+2,
,"2019. 6.29",函館,1函5,未勝利,未勝利・牝,2,2,ジュリアヴィーナス,牝,3,加藤祥太,53☆,13,5,１, ,ダ1700,良,,(栗),浜田多実,1474,-0.0,1,1,1,38.1,498,0,
,"2019. 6.29",函館,1函5,未勝利,未勝利,2,2,メイショウメイリン,牡,3,亀田温心,53▲,12,1,１, ,ダ1000,良,,(栗),西園正都,0595,-0.8,,1,1,36.2,456,0,
,"2019. 6.29",函館,1函5,未勝利,未勝利・牝,8,16,エンジェルカナ,牝,3,横山武史,53☆,16,2,１, ,芝1200,良,,(美),高橋祥泰,1093,-0.3,,2,1,35.2,422,+4,
,"2019. 6.23",函館,1函4,2勝,津軽海峡･2勝,5,5,ボードウォーク,牝,4,黛弘人, 55 ,11,3,１, ,ダ1700,稍,,(栗),矢作芳人,1445,-0.2,1,1,1,38.2,454,+8,B
,"2019. 6.23",函館,1函4,2勝,ＵＨＢＨ･2勝,3,5,ショウナンタイガ,牡,3,池添謙一, 53 ,15,1,１, ,芝1200,稍,,(栗),池添兼雄,1095,-0.2,,3,2,35.3,476,+4,
,"2019. 6.23",函館,1函4,1勝,奥尻特別･1勝,6,7,レーガノミクス,牡,4,藤岡佑介, 57 ,12,1,１, ,芝1800,稍,,(栗),池添学,1494,-0.1,5,5,3,36.4,514,+2,
,"2019. 6.23",函館,1函4,1勝,１勝ｸﾗｽ,8,15,アスタールビー,牝,3,古川吉洋, 52 ,16,1,１, ,芝1200,稍,,(栗),南井克巳,1092,-0.2,,2,2,35.6,434,+24,
,"2019. 6.23",函館,1函4,1勝,１勝ｸﾗｽ・牝,5,8,レンブランサ,牝,4,勝浦正樹, 55 ,14,2,１, ,ダ1700,重,,(栗),宮本博,1467,-0.2,8,5,3,39.6,428,-8,
,"2019. 6.23",函館,1函4,1勝,１勝ｸﾗｽ,7,10,スリーランディア,牝,5,藤岡佑介, 55 ,12,5,１, ,ダ1000,重,,(栗),橋田満,0584,-0.7,,1,1,35.7,430,+10,
,"2019. 6.23",函館,1函4,未勝利,未勝利,8,10,アナザーラブソング,牡,3,池添謙一, 56 ,10,2,１, ,芝2000,稍,,(栗),安達昭夫,2028,-0.2,10,9,7,36.2,464,0,
,"2019. 6.23",函館,1函4,新馬,新馬,7,8,レッドヴェイパー,牝,2,藤岡佑介, 54 ,11,1,１, ,芝1200,稍,,(栗),安田隆行,1098,-0.0,,2,2,35.7,412,,
,"2019. 6.23",函館,1函4,未勝利,未勝利,4,5,ブラックモリオン,牝,3,西村淳也,52△,14,3,１, ,ダ1700,重,,(栗),池添学,1470,-0.3,2,2,2,39.4,486,0,B
,"2019. 6.23",函館,1函4,未勝利,未勝利,4,8,コパカティ,牝,3,藤岡康太, 54 ,16,2,１, ,芝1800,稍,*,(栗),佐々木晶,1499,-0.2,8,6,4,35.9,464,0,
,"2019. 6.23",函館,1函4,未勝利,未勝利・牝,2,2,トゥービーシック,牝,3,横山和生, 54 ,14,3,１, ,ダ1700,重,,(美),古賀史生,1476,-0.2,13,4,3,39.6,434,-2,
,"2019. 6.23",函館,1函4,未勝利,未勝利,4,7,メイクアンシー,牡,3,横山和生, 56 ,16,3,１, ,芝1200,重,,(美),高市圭二,1103,-0.2,,7,7,36.1,448,+4,
,"2019. 6.22",函館,1函3,1勝,長万部特･1勝,7,9,ダノンジャスティス,牡,3,藤岡佑介, 54 ,12,1,１, ,芝1200,稍,,(栗),中内田充,1100,-0.2,,8,7,35.1,488,-8,
,"2019. 6.22",函館,1函3,OP(L),大沼Ｓ(L),6,10,リアンヴェリテ,牡,5,国分恭介, 56 ,14,2,１, ,ダ1700,稍,,(栗),中竹和也,1420,-0.8,1,1,1,36.4,486,0,
,"2019. 6.22",函館,1函3,1勝,湯川特別･1勝,6,6,イノセントミューズ,牝,3,北村友一, 52 ,9,2,１, ,芝2000,稍,,(栗),笹田和秀,2019,-0.7,9,8,6,36.3,466,-8,
,"2019. 6.22",函館,1函3,1勝,１勝ｸﾗｽ・牝,1,1,フォレブルート,牝,3,北村友一, 52 ,14,1,１, ,芝1200,稍,,(栗),安田隆行,1097,-0.0,,1,1,35.1,436,-2,
,"2019. 6.22",函館,1函3,1勝,１勝ｸﾗｽ,8,12,メイショウテンダン,牡,3,池添謙一, 54 ,12,1,１, ,ダ1700,稍,*,(栗),南井克巳,1454,-0.0,2,2,2,38.0,468,+10,
,"2019. 6.22",函館,1函3,未勝利,未勝利,2,2,ラヴィンジャー,牝,3,武藤雅,53☆,8,1,１, ,芝2600,良,,(美),小島茂之,2436,-0.1,3,4,2,35.2,430,+8,
,"2019. 6.22",函館,1函3,新馬,新馬,8,11,ヤマメ,牝,2,菱田裕二, 54 ,12,2,１, ,ダ1000,稍,,(美),久保田貴,1003,-0.0,,3,2,35.9,444,,
,"2019. 6.22",函館,1函3,新馬,新馬・牝,4,6,パフェムリ,牝,2,菱田裕二, 54 ,14,5,１, ,芝1200,良,,(栗),岡田稲男,1102,-0.5,,4,2,35.1,420,,
,"2019. 6.22",函館,1函3,未勝利,未勝利,2,2,オーシャンズルーラ,牝,3,北村友一, 54 ,14,1,１, ,ダ1700,良,,(栗),安田翔伍,1471,-0.4,3,2,2,38.6,452,-4,
,"2019. 6.22",函館,1函3,未勝利,未勝利・牝,3,5,アラスカ,牝,3,横山武史,53☆,16,4,１, ,芝1800,良,,(美),萩原清,1481,-0.2,6,4,4,35.4,390,+2,
,"2019. 6.22",函館,1函3,未勝利,未勝利,8,11,タイガーキット,牡,3,武藤雅,55☆,12,6,１, ,ダ1000,良,,(美),和田正一,1001,-0.0,,1,1,36.7,498,+12,
,"2019. 6.22",函館,1函3,未勝利,未勝利,5,9,シャイニーブランコ,牡,3,岩田康誠, 56 ,16,5,１, ,芝1200,良,,(栗),石坂正,1098,-0.1,,10,8,35.4,442,0,
,"2019. 6.16",函館,1函2,2勝,北斗特Ｈ･2勝,3,3,リリックドラマ,牝,5,菱田裕二, 53 ,9,2,１, ,芝1800,稍,,(栗),岡田稲男,1490,-0.1,1,1,1,34.7,462,-8,
,"2019. 6.16",函館,1函2,Ｇ３,函館スプG3,7,10,カイザーメランジェ,牡,4,江田照男, 56 ,13,5,１, ,芝1200,稍,,(美),中野栄治,1084,-0.2,,1,1,34.0,472,-4,
,"2019. 6.16",函館,1函2,1勝,木古内特･1勝,1,1,リワードアンヴァル,牡,3,藤岡佑介, 54 ,9,1,１, ,ダ1700,重,,(美),藤原辰雄,1440,-1.2,1,1,1,35.8,498,+2,
,"2019. 6.16",函館,1函2,1勝,１勝ｸﾗｽ,1,1,リーディングエッジ,牡,4,レーン, 57 ,12,1,１, ,芝1200,稍,,(美),藤沢和雄,1095,-0.5,,3,2,34.4,516,-2,
,"2019. 6.16",函館,1函2,1勝,１勝ｸﾗｽ,1,1,ヒシゲッコウ,牡,3,レーン, 54 ,9,1,１, ,芝2000,稍,,(美),堀宣行,2027,-0.2,8,8,8,34.3,480,-10,
,"2019. 6.16",函館,1函2,1勝,１勝ｸﾗｽ,8,8,セレナライティア,牝,4,菅原明良,52▲,8,5,１, ,ダ1000,重,,(美),新開幸一,0591,-0.0,,1,1,36.1,444,-4,
,"2019. 6.16",函館,1函2,未勝利,未勝利,8,13,エンダウメント,牡,3,吉田隼人, 56 ,13,1,１, ,ダ1700,重,,(栗),角田晃一,1463,-0.2,6,3,2,37.8,506,0,
,"2019. 6.16",函館,1函2,新馬,新馬,4,4,オータムレッド,牝,2,レーン, 54 ,10,2,１, ,芝1200,稍,,(美),手塚貴久,1109,-0.0,,4,4,34.9,424,,
,"2019. 6.16",函館,1函2,未勝利,未勝利,5,5,マイタイムオブデイ,牝,3,団野大成,51▲,12,9,１, ,芝1800,稍,,(栗),松永幹夫,1489,-0.2,3,3,3,36.5,440,-6,
,"2019. 6.16",函館,1函2,未勝利,未勝利,7,7,ニシノゴウウン,セ,3,岩田康誠, 56 ,10,6,１, ,ダ1000,重,,(美),小島茂之,0599,-0.1,,2,2,36.6,474,+4,
,"2019. 6.16",函館,1函2,未勝利,未勝利・牝,7,7,チアフルローズ,牝,3,武藤雅,53☆,10,3,１, ,ダ1700,重,,(美),水野貴広,1459,-0.3,2,2,1,38.6,462,0,
,"2019. 6.16",函館,1函2,未勝利,未勝利,7,12,スギノヴォルケーノ,牡,3,岩田康誠, 56 ,15,1,１, ,芝1200,稍,,(栗),清水久詞,1092,-0.3,,2,2,34.7,488,-4,
,"2019. 6.15",函館,1函1,1勝,遊楽部特･1勝,8,10,サクラユニヴァース,牝,4,吉田隼人, 55 ,10,3,１, ,芝1800,良,,(美),高柳瑞樹,1483,-0.2,2,3,3,35.4,466,-8,
,"2019. 6.15",函館,1函1,2勝,ＨＴＢ杯･2勝,2,2,レコードチェイサー,牝,3,富田暁, 52 ,13,1,１, ,芝1200,良,,(美),伊藤圭三,1086,-0.0,,1,1,35.0,436,-6,
,"2019. 6.15",函館,1函1,1勝,駒ケ岳特･1勝,2,2,ジャディード,牡,4,古川吉洋, 57 ,9,3,１, ,芝2600,良,,(美),小島茂之,2432,-0.0,3,2,1,35.7,456,+16,
,"2019. 6.15",函館,1函1,1勝,１勝ｸﾗｽ,4,5,ソルトイブキ,牡,3,富田暁,53☆,14,1,１, ,ダ1700,良,,(栗),木原一良,1461,-0.0,4,2,1,38.5,484,+4,
,"2019. 6.15",函館,1函1,1勝,１勝ｸﾗｽ,6,10,ジョーマンデリン,牝,3,吉田隼人, 52 ,14,1,１, ,芝1200,良,,(栗),清水久詞,1086,-0.2,,3,2,35.1,476,-6,
,"2019. 6.15",函館,1函1,1勝,１勝ｸﾗｽ,6,7,アースミステリー,牡,5,北村友一, 57 ,11,4,１, ,ダ1000,良,,(美),田中博康,0593,-0.0,,2,2,36.6,468,0,B
,"2019. 6.15",函館,1函1,未勝利,未勝利,1,1,シンライ,牡,3,横山武史,55☆,13,3,１, ,ダ1700,良,,(美),菊川正達,1458,-0.0,1,1,1,38.6,468,-2,
,"2019. 6.15",函館,1函1,新馬,新馬,6,8,ブルーパピヨン,牝,2,丹内祐次, 54 ,12,6,１, ,芝1000,良,,(美),田島俊明,0581,-0.2,,2,2,34.3,444,,
,"2019. 6.15",函館,1函1,未勝利,未勝利,4,8,メガディスカバリー,セ,3,勝浦正樹, 56 ,16,13,１, ,芝2000,良,,(美),水野貴広,2005,-0.0,14,10,4,35.8,454,+8,
,"2019. 6.15",函館,1函1,未勝利,未勝利,4,4,ブルーファンク,牝,3,吉田隼人, 54 ,12,1,１, ,ダ1000,良,,(栗),角田晃一,0593,-0.8,,1,1,36.4,446,+6,
,"2019. 6.15",函館,1函1,未勝利,未勝利,1,1,ファンタスティック,牡,3,武藤雅,55☆,12,6,１, ,ダ1700,良,,(美),武藤善則,1470,-0.2,1,1,1,38.6,466,+2,
,"2019. 6.15",函館,1函1,未勝利,未勝利,6,12,アドマイヤデルタ,牡,3,吉田隼人, 56 ,16,3,１, ,芝1200,良,,(栗),西村真幸,1089,-0.2,,1,1,35.1,490,+32,
,"2018. 7.22",函館,2函6,1000万,潮騒特Ｈ1000,2,4,クードラパン,牝,5,吉田隼人, 54 ,16,5,１, ,芝1200,良,,(美),久保田貴,1089,-0.0,,4,4,34.5,506,0,
,"2018. 7.22",函館,2函6,Ｇ３,函館２歳G3,3,6,アスターペガサス,牡,2,小崎綾也, 54 ,16,2,１, ,芝1200,良,,(栗),中竹和也,1094,-0.0,,9,11,34.8,490,-6,
,"2018. 7.22",函館,2函6,1000万,松前特別1000,3,3,レイエンダ,牡,3,ルメール, 54 ,11,1,１, ,芝2000,良,,(美),藤沢和雄,1593,-0.3,4,3,3,34.1,486,+2,
,"2018. 7.22",函館,2函6,500万,500万下,4,6,キープシークレット,牝,3,黛弘人, 52 ,14,10,１, ,ダ1700,良,*,(栗),矢作芳人,1470,-0.0,1,1,1,39.2,452,+20,B
,"2018. 7.22",函館,2函6,500万,500万下,8,10,ミッキーチャーム,牝,3,三浦皇成, 52 ,10,2,１, ,芝1800,良,,(栗),中内田充,1483,-0.6,2,2,2,34.1,454,-4,
,"2018. 7.22",函館,2函6,500万,500万下,7,11,バトルスピリッツ,牡,4,ルメール, 57 ,14,2,１, ,ダ1700,良,,(美),藤沢和雄,1465,-0.2,13,8,5,36.9,514,+6,
,"2018. 7.22",函館,2函6,500万,500万下・牝,6,8,キタノユーリン,牝,4,国分恭介, 55 ,12,10,１, ,ダ1000,良,,(栗),坂口正則,0595,-0.6,,3,2,36.5,488,-4,
,"2018. 7.22",函館,2函6,新馬,新馬,1,1,ウィクトーリア,牝,2,岩田康誠, 54 ,13,1,１, ,芝1800,良,,(美),小島茂之,1483,-0.5,1,1,1,34.9,462,,
,"2018. 7.22",函館,2函6,未勝利,未勝利,4,4,デルマウオッカ,牡,3,ルメール, 56 ,13,1,１, ,芝2000,良,,(美),堀井雅広,2019,-0.1,3,5,6,34.9,498,+2,
,"2018. 7.22",函館,2函6,未勝利,未勝利,1,1,ラインマッシモ,牡,3,古川吉洋, 56 ,14,3,１, ,ダ1700,良,,(美),蛯名利弘,1483,-0.2,10,5,2,39.7,464,-2,B
,"2018. 7.22",函館,2函6,未勝利,未勝利・牝,4,4,ミンデンユウカ,牝,3,横山武史,52△,12,7,１, ,ダ1000,良,,(美),新開幸一,1000,-0.3,,1,1,36.4,498,-6,
,"2018. 7.22",函館,2函6,未勝利,未勝利*,4,4,パブロフテソーロ,牡,2,吉田隼人, 54 ,10,5,１, ,芝1200,良,,(美),武井亮,1099,-0.0,,2,2,35.4,532,-4,
,"2018. 7.21",函館,2函5,1000万,駒場特別1000,3,3,ツクバクロオー,牡,3,丸山元気, 54 ,14,4,１, ,ダ1700,良,,(美),根本康広,1448,-0.8,1,1,1,36.5,450,0,
,"2018. 7.21",函館,2函5,1600万,函館日刊1600,5,10,ダノンスマッシュ,牡,3,北村友一, 54 ,16,3,１, ,芝1200,良,,(栗),安田隆行,1084,-0.2,,3,2,33.9,470,0,
,"2018. 7.21",函館,2函5,500万,横津岳特500,2,2,シャイニーゲール,牡,4,ルメール, 57 ,12,4,１, ,芝2600,良,,(栗),石坂正,2416,-0.4,2,2,2,34.9,466,-4,
,"2018. 7.21",函館,2函5,500万,500万下,5,9,コーラルリーフ,牝,3,古川吉洋, 52 ,16,8,１, ,芝1200,良,,(栗),宮本博,1090,-0.0,,2,2,35.0,428,-2,
,"2018. 7.21",函館,2函5,500万,500万下,8,11,リガス,牡,4,池添謙一, 57 ,12,1,１, ,ダ1000,良,,(栗),池添兼雄,0586,-0.5,,1,1,35.0,518,-10,
,"2018. 7.21",函館,2函5,500万,500万下・牝,1,1,ラテュロス,牝,3,吉田隼人, 52 ,13,3,１, ,芝2000,良,,(栗),高野友和,2026,-0.2,1,1,1,34.7,418,-10,
,"2018. 7.21",函館,2函5,未勝利,未勝利,2,4,ベルダニューブ,牝,3,藤岡康太, 54 ,16,3,１, ,芝1200,良,,(栗),藤岡健一,1093,-0.0,,7,6,34.5,450,-4,
,"2018. 7.21",函館,2函5,未勝利,未勝利,5,7,アドマイヤクィーン,牝,3,北村友一, 54 ,14,1,１, ,芝1800,良,,(栗),須貝尚介,1482,-0.2,2,2,2,35.4,462,-6,
,"2018. 7.21",函館,2函5,未勝利,未勝利,6,10,フィールドドウサン,牡,3,岩田康誠, 56 ,14,2,１, ,ダ1700,良,,(栗),西園正都,1473,-0.0,5,3,2,38.7,530,+4,
,"2018. 7.21",函館,2函5,未勝利,未勝利,8,11,ヒロノオリオン,牝,3,岩田康誠, 54 ,12,3,１, ,ダ1000,良,,(栗),高橋康之,0595,-0.2,,2,2,36.1,476,-10,
,"2018. 7.21",函館,2函5,未勝利,未勝利・牝,2,2,エトワールドパリ,牝,3,藤岡佑介, 54 ,13,1,１, ,ダ1700,良,,(栗),松元茂樹,1472,-0.4,1,1,1,39.2,474,-8,
,"2018. 7.21",函館,2函5,未勝利,未勝利*,5,5,ニシノデイジー,牡,2,勝浦正樹, 54 ,12,1,１, ,芝1800,良,,(美),高木登,1497,-0.2,6,6,4,35.7,476,-2,
,"2018. 7.15",函館,2函4,1000万,渡島特別1000,7,11,リアンヴェリテ,牡,4,加藤祥太, 57 ,14,1,１, ,ダ1700,稍,,(栗),中竹和也,1447,-0.0,1,1,1,37.2,484,-2,
,"2018. 7.15",函館,2函4,Ｇ３,函館記念ＨG3,4,6,エアアンセム,牡,7,藤岡佑介, 55 ,15,5,１, ,芝2000,良,,(栗),吉村圭司,1598,-0.1,4,4,3,34.7,500,-6,
,"2018. 7.15",函館,2函4,1000万,北海Ｈ1000,8,11,マサハヤダイヤ,牡,5,ルメール, 54 ,11,3,１, ,芝2600,良,,(栗),今野貞一,2397,-0.0,9,9,10,36.3,478,0,
,"2018. 7.15",函館,2函4,500万,下北半島500,3,3,タイセイソニック,牡,3,藤岡佑介, 54 ,11,2,１, ,芝1200,良,,(栗),西村真幸,1094,-0.1,,11,11,33.4,454,0,
,"2018. 7.15",函館,2函4,500万,500万下,5,5,バンパークロップ,牝,4,松岡正海, 55 ,10,1,１, ,ダ1700,稍,,(美),藤原辰雄,1466,-0.0,3,3,3,38.3,414,-6,
,"2018. 7.15",函館,2函4,500万,500万下,2,2,グラスレオ,牡,3,丹内祐次, 54 ,10,6,１, ,ダ1000,稍,,(美),尾形和幸,0592,-0.4,,4,4,35.8,488,0,
,"2018. 7.15",函館,2函4,未勝利,未勝利,3,3,ウィナーポイント,牝,3,菊沢一樹,52△,10,4,１, ,芝2000,良,*,(美),栗田博憲,2019,-0.0,7,7,5,35.1,394,+2,
,"2018. 7.15",函館,2函4,新馬,新馬,4,4,アフランシール,牝,2,岩田康誠, 54 ,8,3,１, ,芝1800,良,,(美),尾関知人,1498,-0.3,4,4,4,34.5,474,,
,"2018. 7.15",函館,2函4,未勝利,未勝利・牝,2,4,ボーンスキルフル,牝,3,ルメール, 54 ,16,1,１, ,芝1200,良,,(栗),牧浦充徳,1095,-0.0,,3,3,35.2,450,-4,
,"2018. 7.15",函館,2函4,未勝利,未勝利,4,4,ナイルデルタ,牡,3,岩田康誠, 56 ,10,3,１, ,ダ1700,稍,,(栗),松下武士,1482,-0.1,5,5,5,37.7,480,0,
,"2018. 7.15",函館,2函4,未勝利,未勝利,8,11,ホッコータピタン,牝,3,横山和生, 54 ,12,1,１, ,ダ1000,稍,,(栗),飯田祐史,1007,-0.1,,3,3,37.2,448,-2,
,"2018. 7.15",函館,2函4,未勝利,未勝利*,3,3,ロードワンダー,牡,2,ルメール, 54 ,12,1,１, ,芝1200,良,,(栗),庄野靖志,1111,-0.1,,3,3,35.5,426,+2,
,"2018. 7.14",函館,2函3,500万,湯浜特別500,3,3,ハイドラン,牝,3,藤岡康太, 52 ,9,2,１, ,芝1800,良,,(栗),奥村豊,1509,-0.1,1,1,1,35.3,476,+6,
,"2018. 7.14",函館,2函3,1000万,ＳＴＶ杯1000,1,1,ハウメア,牝,4,ルメール, 55 ,13,1,１, ,芝1200,良,,(美),藤沢和雄,1090,-0.0,,11,11,34.4,462,-2,
,"2018. 7.14",函館,2函3,500万,500万下・牝,6,9,クインズヌーサ,牝,4,藤懸貴志, 55 ,13,3,１, ,ダ1700,稍,,(栗),平田修,1462,-0.0,2,2,2,38.1,464,+4,
,"2018. 7.14",函館,2函3,500万,臥牛山特500,5,5,ゴールドフラッグ,牡,3,岩田康誠, 54 ,7,2,１, ,芝2000,良,,(栗),須貝尚介,2031,-0.0,3,3,3,34.7,502,0,B
,"2018. 7.14",函館,2函3,500万,500万下,3,3,ユアスイスイ,牝,4,小崎綾也,54☆,12,5,１, ,芝1200,良,,(栗),安田隆行,1096,-0.0,,1,1,35.4,486,-2,B
,"2018. 7.14",函館,2函3,500万,500万下,3,3,オメガドラクロワ,牡,4,ルメール, 57 ,8,1,１, ,ダ2400,稍,,(美),堀宣行,2337,-0.4,3,3,3,38.6,458,+6,
,"2018. 7.14",函館,2函3,未勝利,未勝利,4,4,ロードスターダスト,牡,3,池添謙一, 56 ,9,1,１, ,ダ1700,稍,,(栗),清水久詞,1484,-0.1,1,1,1,39.7,468,+4,
,"2018. 7.14",函館,2函3,新馬,新馬,7,8,ジゴロ,牡,2,北村友一, 54 ,11,4,１, ,芝1200,良,,(栗),鮫島一歩,1106,-0.8,,3,2,35.5,454,,
,"2018. 7.14",函館,2函3,未勝利,未勝利,6,6,ダノンアポロン,牡,3,古川吉洋, 56 ,11,4,１, ,芝2600,良,,(栗),村山明,2422,-0.3,3,3,4,36.2,492,0,
,"2018. 7.14",函館,2函3,未勝利,未勝利,8,15,ナムラジュノー,牝,3,加藤祥太,53☆,16,5,１, ,芝1200,良,,(美),大和田成,1098,-0.2,,1,1,35.5,416,+2,
,"2018. 7.14",函館,2函3,未勝利,未勝利・牝,7,9,シェパーズポーズ,牝,3,池添謙一, 54 ,11,2,１, ,ダ1700,稍,*,(栗),北出成人,1476,-0.0,2,2,2,38.3,496,-6,
,"2018. 7.14",函館,2函3,未勝利,未勝利*,3,3,デンバーテソーロ,牝,2,吉田隼人, 54 ,12,1,１, ,ダ1000,稍,,(美),栗田徹,0593,-0.7,,2,2,36.0,450,-2,
,"2018. 7. 8",函館,2函2,1000万,かもめ島1000,1,1,ティーエスクライ,牝,6,竹之下智, 55 ,8,7,１, ,芝1800,稍,,(栗),武幸四郎,1507,-0.3,1,1,1,35.8,466,+10,
,"2018. 7. 8",函館,2函2,ｵｰﾌﾟﾝ,マリーンＨ,6,10,ユラノト,牡,4,ルメール, 55 ,14,1,１, ,ダ1700,稍,,(栗),松田国英,1438,-0.2,4,2,2,38.3,498,+8,
,"2018. 7. 8",函館,2函2,500万,立待岬特500,4,8,プレトリア,セ,3,大野拓弥, 54 ,16,8,１, ,芝1200,稍,,(美),中川公成,1100,-0.0,,11,6,34.8,448,0,
,"2018. 7. 8",函館,2函2,500万,500万下,4,4,ハウエバー,牡,4,井上敏樹,56☆,10,3,１, ,芝2000,稍,,(美),和田正一,2026,-0.0,3,4,4,36.8,418,+4,
,"2018. 7. 8",函館,2函2,500万,500万下,1,1,ダノンロッソ,牡,4,ルメール, 57 ,10,1,１, ,ダ1700,稍,,(栗),松田国英,1463,-0.3,8,7,3,37.7,448,0,
,"2018. 7. 8",函館,2函2,500万,500万下,8,12,ソロダンサー,牝,5,勝浦正樹, 55 ,12,3,１, ,ダ1000,稍,,(美),武藤善則,0587,-0.4,,2,2,35.8,482,-6,B
,"2018. 7. 8",函館,2函2,未勝利,未勝利,6,12,メイショウサンアイ,牝,3,四位洋文, 54 ,16,4,１, ,芝1200,稍,,(栗),松永昌博,1106,-0.1,,12,11,35.5,480,-2,
,"2018. 7. 8",函館,2函2,新馬,新馬,2,2,ラブミーファイン,牝,2,池添謙一, 54 ,7,3,１, ,芝1800,稍,,(栗),田所秀孝,1534,-0.2,2,2,1,35.9,440,,
,"2018. 7. 8",函館,2函2,未勝利,未勝利・牝,3,3,ウインプライマリー,牝,3,菱田裕二, 54 ,11,6,１, ,芝2000,稍,,(栗),杉山晴紀,2037,-0.0,10,3,2,37.4,418,+4,
,"2018. 7. 8",函館,2函2,未勝利,未勝利,8,12,スズノアリュール,牡,3,川須栄彦, 56 ,13,7,１, ,ダ1700,重,,(栗),矢作芳人,1474,-0.0,3,2,2,39.7,486,-4,
,"2018. 7. 8",函館,2函2,未勝利,未勝利,7,10,ランプフィーバー,牝,3,藤岡康太, 54 ,12,1,１, ,ダ1000,重,,(美),堀宣行,0595,-0.0,,2,2,36.3,466,0,B
,"2018. 7. 8",函館,2函2,未勝利,未勝利・牝*,4,4,ニヴィアン,牝,2,松岡正海, 54 ,8,4,１, ,芝1200,稍,,(美),高柳瑞樹,1111,-0.0,,2,2,36.8,440,+6,
,"2018. 7. 7",函館,2函1,1000万,噴火湾特1000,6,8,レイダー,牡,4,藤岡康太, 57 ,12,1,１, ,ダ1000,重,,(美),堀宣行,0582,-0.4,,2,2,35.2,524,-2,
,"2018. 7. 7",函館,2函1,1600万,五稜郭Ｓ1600,8,11,マイスタイル,牡,4,田中勝春, 57 ,11,1,１, ,芝2000,稍,,(栗),昆貢,2015,-0.5,1,1,1,36.1,460,-2,
,"2018. 7. 7",函館,2函1,500万,八雲特別500,1,1,ゴールドギア,牡,3,ルメール, 54 ,8,1,１, ,芝1800,稍,,(美),伊藤圭三,1507,-0.3,8,7,4,35.2,468,+2,
,"2018. 7. 7",函館,2函1,500万,500万下,6,7,ツクバクロオー,牡,3,丸山元気, 54 ,11,6,１, ,ダ1700,稍,,(美),根本康広,1458,-0.4,1,1,1,37.4,450,+4,
,"2018. 7. 7",函館,2函1,500万,500万下・牝,5,9,ブレッシングテレサ,牝,5,藤岡佑介, 55 ,16,5,１, ,芝1200,稍,,(栗),奥村豊,1101,-0.3,,6,7,35.6,488,+4,
,"2018. 7. 7",函館,2函1,未勝利,未勝利,6,10,フラッグサルート,牝,3,池添謙一, 54 ,15,2,１, ,芝1800,稍,*,(栗),浜田多実,1501,-0.1,14,10,7,36.9,440,+4,
,"2018. 7. 7",函館,2函1,新馬,新馬,1,1,ヒストリコ,牝,2,横山武史,52△,7,2,１, ,ダ1000,稍,,(美),土田稔,1005,-0.6,,1,1,36.8,426,,
,"2018. 7. 7",函館,2函1,新馬,新馬,1,1,スズカカナロア,牡,2,岩田康誠, 54 ,7,2,１, ,芝1200,稍,,(栗),橋田満,1111,-0.1,,2,2,35.6,456,,
,"2018. 7. 7",函館,2函1,未勝利,未勝利,7,10,リアルモンテ,牡,3,吉田隼人, 56 ,13,3,１, ,ダ1700,稍,,(美),中川公成,1478,-0.8,1,1,1,39.3,470,0,
,"2018. 7. 7",函館,2函1,未勝利,未勝利,2,4,リノワールド,牝,3,松岡正海, 54 ,16,1,１, ,芝1200,稍,,(美),手塚貴久,1102,-0.0,,3,3,35.9,430,+8,
,"2018. 7. 7",函館,2函1,未勝利,未勝利・牝,8,13,キクノロージズ,牝,3,ルメール, 54 ,14,3,１, ,ダ1700,稍,,(栗),吉田直弘,1492,-0.1,2,3,2,40.3,474,+5,
,"2018. 7. 7",函館,2函1,未勝利,未勝利*,5,5,ショウナンアリアナ,牝,2,池添謙一, 54 ,10,4,１, ,芝1200,稍,,(栗),高野友和,1112,-0.0,,2,2,36.4,412,-2,
,"2018. 7. 1",函館,1函6,1000万,道新スポ1000,8,15,ディバインコード,牡,4,ルメール, 57 ,16,1,１, ,芝1200,重,,(美),栗田博憲,1099,-0.0,,5,6,35.5,500,0,
,"2018. 7. 1",函館,1函6,ｵｰﾌﾟﾝ,巴賞,5,5,ナイトオブナイツ,牡,5,池添謙一, 56 ,11,5,１, ,芝1800,重,,(栗),池添兼雄,1499,-0.0,4,3,4,34.9,448,-10,
,"2018. 7. 1",函館,1函6,1000万,檜山特Ｈ1000,5,8,ゴールデンブレイヴ,牡,5,ルメール, 55 ,14,2,１, ,ダ1700,不,,(美),木村哲也,1436,-0.2,2,2,2,36.7,500,+2,
,"2018. 7. 1",函館,1函6,500万,500万下,8,10,クレッシェンドラヴ,牡,4,四位洋文, 57 ,11,1,１, ,芝2600,重,,(美),林徹,2443,-0.3,2,3,2,35.6,488,-4,
,"2018. 7. 1",函館,1函6,500万,500万下,4,4,キタサンタイドー,牡,3,藤岡佑介, 54 ,11,2,１, ,ダ1700,不,,(栗),清水久詞,1439,-0.7,2,1,1,36.9,510,-2,
,"2018. 7. 1",函館,1函6,500万,500万下,8,11,ライオンボス,牡,3,北村友一, 54 ,12,11,１, ,ダ1000,不,,(美),和田正一,0587,-0.0,,1,1,36.0,518,+2,
,"2018. 7. 1",函館,1函6,500万,500万下・牝,4,4,チカノワール,牝,4,池添謙一, 55 ,7,3,１, ,芝2000,重,,(栗),笹田和秀,2049,-0.0,5,6,2,35.1,452,0,
,"2018. 7. 1",函館,1函6,新馬,新馬,2,2,パイロテクニクス,牡,2,勝浦正樹, 54 ,8,4,１, ,芝1200,重,,(美),武藤善則,1114,-0.4,,5,5,35.3,496,,
,"2018. 7. 1",函館,1函6,未勝利,未勝利,5,8,ミッキーチャーム,牝,3,藤岡佑介, 54 ,15,1,１, ,芝1800,重,,(栗),中内田充,1493,-1.3,1,1,1,36.5,458,+22,
,"2018. 7. 1",函館,1函6,未勝利,未勝利,7,14,リュウドカズマ,牡,3,藤岡康太, 56 ,16,2,１, ,芝1200,重,,(栗),西浦勝一,1108,-0.0,,4,2,36.0,452,+4,
,"2018. 7. 1",函館,1函6,未勝利,未勝利,5,8,ヴァローレネロ,牡,3,横山武史,54△,14,9,１, ,ダ1700,不,,(美),矢野英一,1465,-0.0,9,8,6,38.6,438,+2,
,"2018. 7. 1",函館,1函6,未勝利,未勝利・牝,5,6,リリープリンセス,牝,3,池添謙一, 54 ,12,1,１, ,ダ1000,不,,(栗),安田隆行,0586,-1.1,,2,1,35.6,462,+2,B
,"2018. 6.30",函館,1函5,1000万,洞爺湖特1000,3,3,マイスタイル,牡,4,田中勝春, 57 ,13,1,１, ,芝2000,稍,,(栗),昆貢,1596,-0.3,1,1,1,34.9,462,-4,
,"2018. 6.30",函館,1函5,1600万,ＴＶｈＨ1600,3,3,デアレガーロ,牝,4,池添謙一,55.5,14,1,１, ,芝1200,稍,,(美),大竹正博,1086,-0.2,,4,5,34.1,462,-6,
,"2018. 6.30",函館,1函5,500万,恵山特別500,3,3,ホリデーモード,牡,3,丸山元気, 54 ,10,6,１, ,芝1800,稍,,(美),矢野英一,1478,-0.0,1,1,1,35.0,502,+2,
,"2018. 6.30",函館,1函5,500万,500万下・牝,8,12,メイショウタチマチ,牝,5,西村淳也,52▲,13,4,１, ,ダ1700,重,,(栗),河内洋,1458,-0.2,2,2,1,38.0,504,+2,
,"2018. 6.30",函館,1函5,500万,500万下,4,8,スワーヴアーサー,牡,5,ルメール, 57 ,16,1,１, ,芝1200,稍,,(栗),庄野靖志,1091,-0.4,,12,9,34.0,492,-4,
,"2018. 6.30",函館,1函5,500万,500万下,6,6,メイショウエイコウ,牡,4,蛯名正義, 57 ,8,1,１, ,ダ1700,重,,(栗),荒川義之,1454,-0.4,6,3,2,37.8,454,+4,
,"2018. 6.30",函館,1函5,未勝利,未勝利,8,10,バイオスパーク,牡,3,藤岡佑介, 56 ,11,1,１, ,芝2000,稍,,(栗),浜田多実,2015,-0.3,7,6,2,35.5,466,+4,
,"2018. 6.30",函館,1函5,新馬,新馬,3,3,ラブリロンリロンス,牡,2,北村友一, 54 ,7,3,１, ,芝1000,稍,,(栗),松永昌博,0584,-0.0,,1,1,34.4,418,,
,"2018. 6.30",函館,1函5,未勝利,未勝利,8,11,ヴィーヴァバッカス,牡,3,岩田康誠, 56 ,11,3,１, ,ダ1700,重,,(栗),作田誠二,1466,-0.0,4,3,3,38.4,460,+4,B
,"2018. 6.30",函館,1函5,未勝利,未勝利,8,11,レノカズマ,牡,3,藤岡康太, 56 ,12,3,１, ,ダ1000,重,,(栗),西浦勝一,0594,-0.5,,1,1,35.9,464,+4,
,"2018. 6.30",函館,1函5,未勝利,未勝利・牝,5,6,ラドルクス,牝,3,ルメール, 54 ,13,2,１, ,ダ1700,重,,(栗),安達昭夫,1472,-0.4,11,7,7,39.4,498,+4,
,"2018. 6.30",函館,1函5,未勝利,未勝利*,3,3,カルリーノ,牡,2,岩田康誠, 54 ,12,2,１, ,芝1200,稍,,(美),高橋裕,1097,-0.2,,4,3,35.3,484,0,
,"2018. 6.24",函館,1函4,1000万,津軽海峡1000,8,14,ウェスタールンド,セ,6,藤岡佑介, 57 ,14,6,１, ,ダ1700,良,,(栗),佐々木晶,1450,-0.3,11,10,5,35.9,488,+6,
,"2018. 6.24",函館,1函4,1000万,ＵＨＢＨ1000,1,1,クリーンファンキー,牝,5,藤岡佑介, 53 ,16,2,１, ,芝1200,良,,(美),鈴木伸尋,1081,-0.3,,8,8,34.0,494,-4,
,"2018. 6.24",函館,1函4,500万,奥尻特別500,8,11,プレイヤーサムソン,牡,5,蛯名正義, 57 ,12,1,１, ,芝1800,良,,(美),大和田成,1485,-0.3,8,1,1,34.5,468,-4,
,"2018. 6.24",函館,1函4,500万,500万下,1,1,リアンヴェリテ,牡,4,加藤祥太,56☆,9,6,１, ,ダ1700,良,,(栗),中竹和也,1449,-2.3,1,1,1,37.7,486,+14,
,"2018. 6.24",函館,1函4,500万,500万下,7,13,アポロリュウセイ,牡,5,木幡巧也,56☆,15,2,１, ,芝1200,良,,(美),岩戸孝樹,1088,-0.1,,2,2,34.8,504,-2,
,"2018. 6.24",函館,1函4,500万,500万下,6,6,フリーフリッカー,牡,4,北村友一, 57 ,11,1,１, ,ダ1700,良,,(栗),安田隆行,1467,-0.6,2,3,2,37.4,472,+2,
,"2018. 6.24",函館,1函4,未勝利,未勝利,6,10,アスタービーナス,牝,3,藤岡佑介, 54 ,15,1,１, ,芝2000,良,,(栗),松元茂樹,2006,-0.0,2,2,2,35.2,412,+8,
,"2018. 6.24",函館,1函4,新馬,新馬,4,6,アスターペガサス,牡,2,小崎綾也,53☆,15,5,１, ,芝1200,良,,(栗),中竹和也,1100,-0.4,,2,2,34.8,496,,
,"2018. 6.24",函館,1函4,未勝利,未勝利,5,9,ニシノオトコマサリ,牝,3,勝浦正樹, 54 ,16,7,１, ,芝1200,良,,(美),加藤和宏,1092,-0.0,,11,7,34.5,392,-2,
,"2018. 6.24",函館,1函4,未勝利,未勝利,4,6,サンローレンス,牝,3,横山武史,51▲,14,5,１, ,ダ1700,良,,(美),伊藤伸一,1480,-0.3,1,4,3,37.5,442,+2,
,"2018. 6.24",函館,1函4,未勝利,未勝利,7,9,ペイシャディア,牝,3,横山武史,51▲,12,1,１, ,ダ1000,良,,(美),土田稔,0599,-0.1,,1,1,36.4,424,-10,
,"2018. 6.24",函館,1函4,未勝利,未勝利・牝,4,7,イイゾ,牝,3,城戸義政, 54 ,16,7,１, ,芝1200,良,,(栗),鈴木孝志,1091,-0.0,,2,3,35.0,452,+28,
,"2018. 6.23",函館,1函3,500万,長万部特500,1,1,ラブローレル,牝,6,国分恭介, 55 ,16,6,１, ,芝1200,良,,(栗),森田直行,1091,-0.0,,2,2,34.9,424,-2,
,"2018. 6.23",函館,1函3,ｵｰﾌﾟﾝ,大沼Ｓ,8,10,リーゼントロック,牡,7,松岡正海, 56 ,11,6,１, ,ダ1700,良,,(栗),矢作芳人,1444,-0.2,2,2,2,36.7,512,-16,
,"2018. 6.23",函館,1函3,500万,500万下,5,5,クリノレオノール,牝,4,城戸義政, 55 ,12,6,１, ,ダ1000,良,,(美),星野忍,0593,-0.0,,5,5,35.8,446,+8,
,"2018. 6.23",函館,1函3,500万,湯川特別500,7,7,ジェシー,牡,3,藤岡佑介, 54 ,7,1,１, ,芝2000,良,,(栗),中内田充,2000,-0.2,1,1,1,35.1,474,0,
,"2018. 6.23",函館,1函3,500万,500万下,1,1,レコンキスタ,牡,4,岩田康誠, 57 ,11,3,１, ,ダ1700,良,,(美),斎藤誠,1460,-0.3,7,5,4,37.8,498,-4,B
,"2018. 6.23",函館,1函3,500万,500万下・牝,3,5,サラデコラシオン,牝,4,池添謙一, 55 ,15,3,１, ,芝1200,良,,(美),岩戸孝樹,1089,-0.0,,5,5,34.1,436,+2,
,"2018. 6.23",函館,1函3,新馬,新馬,5,5,ラブミーリッキー,牝,2,松岡正海, 54 ,9,1,１, ,ダ1000,良,,(美),手塚貴久,1010,-0.4,,1,1,37.1,462,,
,"2018. 6.23",函館,1函3,新馬,新馬・牝,8,9,トーセンオパール,牝,2,勝浦正樹, 54 ,10,6,１, ,芝1200,良,,(美),小笠倫弘,1103,-0.3,,4,4,35.0,410,,
,"2018. 6.23",函館,1函3,未勝利,未勝利,3,4,コマノジャスパ,牡,3,加藤祥太,55☆,14,1,１, ,芝2600,良,,(栗),藤沢則雄,2403,-0.4,8,3,2,35.5,430,-4,
,"2018. 6.23",函館,1函3,未勝利,未勝利・牝,6,12,ブライテストリング,牝,3,国分恭介, 54 ,16,5,１, ,芝1800,良,,(栗),高橋亮,1473,-0.6,12,12,7,35.0,458,+2,
,"2018. 6.23",函館,1函3,未勝利,未勝利,8,13,マースゴールド,牡,3,岩田康誠, 56 ,14,2,１, ,ダ1700,良,,(栗),佐々木晶,1476,-0.0,3,3,2,38.3,460,-2,
,"2018. 6.23",函館,1函3,未勝利,未勝利,5,9,センショウユウト,牡,3,藤岡佑介, 56 ,16,1,１, ,芝1200,良,,(栗),笹田和秀,1094,-0.3,,2,2,35.1,470,+6,
,"2018. 6.17",函館,1函2,1000万,北斗特Ｈ1000,4,8,スティッフェリオ,牡,4,丸山元気, 57 ,16,2,１, ,芝1800,良,,(栗),音無秀孝,1475,-0.3,1,1,1,34.4,450,+2,
,"2018. 6.17",函館,1函2,Ｇ３,函館スプG3,1,1,セイウンコウセイ,牡,5,池添謙一, 57 ,16,3,１, ,芝1200,良,,(美),上原博之,1076,-0.0,,1,1,34.5,500,0,
,"2018. 6.17",函館,1函2,500万,木古内特500,5,6,ウォーターシャウト,牡,5,北村友一, 57 ,12,5,１, ,ダ1700,良,,(栗),安田翔伍,1461,-0.2,11,8,5,37.5,478,-2,
,"2018. 6.17",函館,1函2,500万,500万下,6,8,アイスストーム,牡,3,岩田康誠, 54 ,12,2,１, ,芝2000,良,,(栗),吉村圭司,2005,-0.0,1,1,1,35.9,524,0,
,"2018. 6.17",函館,1函2,500万,500万下,3,5,ショウナンマッシブ,牡,4,池添謙一, 57 ,16,3,１, ,芝1200,良,,(美),田中剛,1086,-0.0,,2,2,35.1,476,+4,
,"2018. 6.17",函館,1函2,500万,500万下,2,2,タマモコーラス,牝,4,四位洋文, 55 ,12,2,１, ,ダ1000,良,,(栗),武英智,0586,-0.2,,7,6,35.0,460,+18,
,"2018. 6.17",函館,1函2,未勝利,未勝利,1,1,レッドオールデン,牡,3,武豊, 56 ,14,2,１, ,芝1800,良,,(美),藤沢和雄,1474,-1.1,1,1,1,35.1,488,-6,
,"2018. 6.17",函館,1函2,新馬,新馬,5,8,ナンヨーイザヨイ,牡,2,岩田康誠, 54 ,14,3,１, ,芝1200,良,,(栗),松永幹夫,1094,-0.2,,2,2,34.8,462,,
,"2018. 6.17",函館,1函2,未勝利,未勝利,8,13,ブルベアクワイ,牝,3,菊沢一樹,52△,13,4,１, ,ダ1700,良,,(美),伊藤圭三,1483,-0.6,8,3,3,39.3,458,0,
,"2018. 6.17",函館,1函2,未勝利,未勝利,5,10,エイシンエレガンス,牝,3,岩田康誠, 54 ,16,3,１, ,芝1200,良,,(栗),松元茂樹,1096,-0.0,,4,2,35.1,424,+6,
,"2018. 6.17",函館,1函2,未勝利,未勝利,7,10,テイエムオーラコ,牝,3,加藤祥太,53☆,12,6,１, ,ダ1000,良,,(栗),杉山晴紀,1005,-0.2,,2,2,37.3,462,+2,
,"2018. 6.17",函館,1函2,未勝利,未勝利・牝,2,2,テイエムソレイユ,牝,3,三浦皇成, 54 ,13,2,１, ,ダ1700,良,,(栗),安田翔伍,1480,-0.2,7,7,4,38.2,472,+6,B
,"2018. 6.16",函館,1函1,500万,遊楽部特500,1,1,アグレアーブル,牝,5,ルメール, 55 ,10,1,１, ,芝1800,良,,(美),斎藤誠,1481,-0.2,2,2,1,34.8,500,-2,
,"2018. 6.16",函館,1函1,1000万,ＨＴＢ杯1000,8,16,モズスーパーフレア,牝,3,北村友一, 52 ,16,2,１, ,芝1200,良,,(栗),音無秀孝,1079,-0.1,,2,2,34.9,474,-4,
,"2018. 6.16",函館,1函1,500万,駒ケ岳特500,8,12,マスターコード,牡,4,勝浦正樹, 57 ,12,9,１, ,芝2600,良,,(栗),吉村圭司,2394,-0.2,9,2,2,35.5,464,+4,
,"2018. 6.16",函館,1函1,500万,500万下,3,3,メイショウイッポン,牡,4,藤岡康太, 57 ,14,5,１, ,ダ1700,良,,(栗),大橋勇樹,1469,-0.0,10,8,10,38.7,496,+4,
,"2018. 6.16",函館,1函1,500万,500万下,4,7,リナーテ,牝,4,藤岡康太, 55 ,16,1,１, ,芝1200,良,,(栗),須貝尚介,1087,-0.1,,10,8,34.7,488,+20,
,"2018. 6.16",函館,1函1,500万,500万下,7,9,ブレイヴバローズ,牡,4,菱田裕二, 57 ,12,2,１, ,ダ1000,良,,(栗),角田晃一,0594,-0.5,,4,4,36.3,470,-4,
,"2018. 6.16",函館,1函1,未勝利,未勝利,5,6,デルマカミカゼ,牡,3,横山和生, 56 ,12,6,１, ,ダ1700,良,,(美),小野次郎,1490,-0.0,4,5,4,40.4,444,0,
,"2018. 6.16",函館,1函1,新馬,新馬,2,2,ウインスピリタス,牡,2,菱田裕二, 54 ,9,5,１, ,芝1000,良,,(栗),杉山晴紀,0574,-0.4,,1,1,34.4,456,,
,"2018. 6.16",函館,1函1,未勝利,未勝利,6,10,ハイドラン,牝,3,藤岡康太, 54 ,15,3,１, ,芝2000,良,,(栗),奥村豊,2018,-0.0,1,1,1,36.8,462,-2,
,"2018. 6.16",函館,1函1,未勝利,未勝利,7,7,キミワテンマ,牡,3,吉田隼人, 56 ,10,5,１, ,ダ1700,良,,(美),武藤善則,1483,-0.4,1,1,1,39.0,496,+4,
,"2018. 6.16",函館,1函1,未勝利,未勝利,2,2,アテンフラワー,牝,3,岩田康誠, 54 ,12,2,１, ,ダ1000,良,,(栗),牧浦充徳,0599,-0.3,,1,1,36.6,474,+18,
,"2018. 6.16",函館,1函1,未勝利,未勝利,1,1,ケイディーズネイル,牝,3,丸山元気, 54 ,16,4,１, ,芝1200,良,,(美),青木孝文,1091,-0.2,,1,1,35.3,422,+6,
,"2017. 7.23",函館,2函6,1000万,潮騒特Ｈ1000,6,12,コパノチャンス,牡,4,丸山元気, 54 ,16,8,１, ,芝1200,良,,(美),上原博之,1091,-0.0,,2,2,35.2,490,0,B
,"2017. 7.23",函館,2函6,Ｇ３,函館２歳G3,6,11,カシアス,牡,2,浜中俊, 54 ,16,1,１, ,芝1200,良,,(栗),清水久詞,1100,-0.0,,5,5,34.8,484,+8,
,"2017. 7.23",函館,2函6,1000万,松前特別1000,2,2,バルデス,牡,3,ルメール, 54 ,10,1,１, ,芝2000,良,,(美),木村哲也,2016,-0.3,8,10,6,34.6,502,+4,
,"2017. 7.23",函館,2函6,500万,500万下,7,10,ノースランドボーイ,セ,5,勝浦正樹, 57 ,12,2,１, ,ダ1700,稍,,(美),萱野浩二,1449,-0.1,9,7,6,37.8,496,+2,B
,"2017. 7.23",函館,2函6,500万,500万下,1,1,クリノサンスーシ,牝,4,柴山雄一, 55 ,13,2,１, ,芝1800,良,,(栗),大根田裕,1498,-0.0,3,3,3,35.4,442,+2,
,"2017. 7.23",函館,2函6,500万,500万下,2,2,ガンコ,牡,4,北村友一, 57 ,11,1,１, ,ダ1700,稍,,(栗),松元茂樹,1446,-0.1,4,3,2,37.6,488,0,
,"2017. 7.23",函館,2函6,500万,500万下・牝,4,4,タマモコーラス,牝,3,城戸義政,51☆,12,1,１, ,ダ1000,稍,,(栗),佐藤正雄,0582,-0.2,,2,2,35.2,460,+6,
,"2017. 7.23",函館,2函6,新馬,新馬,8,9,シスターフラッグ,牝,2,岩田康誠, 54 ,9,3,１, ,芝1800,良,,(栗),西村真幸,1511,-0.1,8,8,6,35.1,496,,
,"2017. 7.23",函館,2函6,未勝利,未勝利,6,12,ショウナンサニー,牡,3,ルメール, 56 ,16,3,１, ,芝2000,良,,(栗),須貝尚介,2027,-0.0,16,12,7,36.2,470,-6,
,"2017. 7.23",函館,2函6,未勝利,未勝利,3,3,サトノファイヤー,牡,3,小崎綾也,55☆,10,4,１, ,ダ1700,重,,(栗),村山明,1462,-0.0,2,2,2,36.8,472,+6,
,"2017. 7.23",函館,2函6,未勝利,未勝利・牝,4,4,キョウワヒラリー,牝,3,岩田康誠, 54 ,11,1,１, ,ダ1000,重,,(栗),角田晃一,0589,-0.2,,1,1,35.7,500,+2,
,"2017. 7.23",函館,2函6,未勝利,未勝利*,8,12,キョウエイルフィー,牝,2,坂井瑠星,53☆,12,5,１, ,芝1200,良,,(栗),矢作芳人,1105,-0.2,,1,1,35.5,468,-16,
,"2017. 7.22",函館,2函5,1000万,駒場特別1000,5,5,ハヤブサナンデダロ,牡,3,吉田隼人, 54 ,11,1,１, ,ダ1700,重,,(美),伊藤圭三,1426,-0.3,2,2,2,36.5,522,+2,
,"2017. 7.22",函館,2函5,1600万,函館日刊1600,1,1,アドマイヤゴッド,牡,5,ティータ, 57 ,15,6,１, ,芝1200,稍,,(栗),須貝尚介,1092,-0.0,,5,4,34.9,496,0,B
,"2017. 7.22",函館,2函5,500万,横津岳特500,8,10,レジェンドセラー,牡,3,ルメール, 54 ,11,1,１, ,芝2600,稍,,(美),木村哲也,2417,-0.2,6,5,5,35.8,514,-6,
,"2017. 7.22",函館,2函5,500万,500万下・牝,7,10,タンタグローリア,牝,3,岩田康誠, 52 ,13,3,１, ,芝2000,稍,,(栗),藤原英昭,2005,-0.3,2,2,2,35.1,400,0,
,"2017. 7.22",函館,2函5,500万,500万下,7,8,シゲルヒラマサ,牡,4,勝浦正樹, 57 ,11,3,１, ,ダ1000,重,,(美),水野貴広,0580,-0.2,,6,4,33.9,482,+4,
,"2017. 7.22",函館,2函5,500万,500万下,1,1,ロイヤルメジャー,牝,3,城戸義政,51☆,16,3,１, ,芝1200,稍,,(栗),山内研二,1094,-0.0,,7,7,34.8,450,0,
,"2017. 7.22",函館,2函5,未勝利,未勝利,6,10,グレンマクナス,牡,3,ルメール, 56 ,14,1,１, ,芝1800,稍,,(栗),藤岡健一,1502,-0.2,7,7,4,35.2,510,-10,
,"2017. 7.22",函館,2函5,未勝利,未勝利,3,6,ペイシャゲラン,牝,3,井上敏樹,53☆,16,6,１, ,芝1200,稍,,(美),松永康利,1093,-0.3,,1,1,35.1,448,0,
,"2017. 7.22",函館,2函5,未勝利,未勝利,5,6,フライングゲット,牡,3,原田和真, 56 ,12,2,１, ,ダ1700,不,,(美),池上昌弘,1442,-1.0,5,3,2,36.8,444,-6,
,"2017. 7.22",函館,2函5,未勝利,未勝利,5,6,メイショウハバネラ,牝,3,横山武史,51▲,12,3,１, ,ダ1000,不,,(栗),南井克巳,0585,-0.1,,2,2,35.4,444,-4,
,"2017. 7.22",函館,2函5,未勝利,未勝利・牝,6,6,メヌエット,牝,3,岩田康誠, 54 ,11,1,１, ,ダ1700,不,,(栗),橋田満,1448,-0.1,5,3,3,37.5,448,0,
,"2017. 7.22",函館,2函5,未勝利,未勝利*,2,2,カレンシリエージョ,牝,2,池添謙一, 54 ,7,1,１, ,芝1800,重,,(栗),鈴木孝志,1512,-1.3,3,2,2,36.7,460,0,
,"2017. 7.16",函館,2函4,1000万,北海Ｈ1000,2,2,クラシックエース,セ,5,吉田隼人, 55 ,12,6,１, ,芝2600,重,,(美),木村哲也,2422,-0.4,9,10,7,36.6,422,0,
,"2017. 7.16",函館,2函4,Ｇ３,函館記念ＨG3,6,12,ルミナスウォリアー,牡,6,柴山雄一, 55 ,16,5,１, ,芝2000,重,,(美),和田正一,2012,-0.2,8,7,3,35.6,478,+2,
,"2017. 7.16",函館,2函4,1000万,渡島特別1000,8,12,ペイシャゴンジセ,牡,6,鮫島克駿, 57 ,13,12,１, ,ダ1700,不,,(美),本間忍,1438,-0.0,11,9,5,36.5,500,+4,
,"2017. 7.16",函館,2函4,500万,下北半島500,6,6,ケルベロス,牡,4,吉田隼人, 57 ,7,4,１, ,芝1200,重,,(美),大江原哲,1113,-0.0,,2,2,35.7,446,-4,
,"2017. 7.16",函館,2函4,500万,500万下,7,9,トウケイワラウカド,牡,4,北村友一, 57 ,12,1,１, ,ダ1700,重,,(栗),飯田祐史,1423,-0.2,9,5,3,35.7,484,0,
,"2017. 7.16",函館,2函4,500万,500万下,5,5,サノノショウグン,牡,3,木幡初也,53☆,12,8,１, ,ダ1000,稍,,(美),清水英克,0591,-0.1,,3,3,35.5,446,-8,
,"2017. 7.16",函館,2函4,未勝利,未勝利,5,9,アドマイヤアルパマ,牝,3,池添謙一, 54 ,16,3,１, ,芝2000,良,,(栗),須貝尚介,2030,-0.0,8,9,5,37.0,422,+4,
,"2017. 7.16",函館,2函4,新馬,新馬,4,4,ディロス,牡,2,ルメール, 54 ,9,1,１, ,芝1800,良,,(美),木村哲也,1528,-0.4,3,3,2,34.9,494,,
,"2017. 7.16",函館,2函4,未勝利,未勝利・牝,1,2,サラデコラシオン,牝,3,池添謙一, 54 ,16,4,１, ,芝1200,良,,(美),岩戸孝樹,1095,-0.1,,4,5,35.2,432,+2,
,"2017. 7.16",函館,2函4,未勝利,未勝利,4,5,リリーモントルー,牡,3,池添謙一, 56 ,13,2,１, ,ダ1700,稍,,(栗),池添兼雄,1470,-0.2,7,5,3,38.7,432,-2,
,"2017. 7.16",函館,2函4,未勝利,未勝利,8,12,トーホウレジーナ,牝,3,岩田康誠, 54 ,12,2,１, ,ダ1000,稍,,(栗),藤原英昭,0593,-0.3,,1,1,36.2,460,-6,
,"2017. 7.16",函館,2函4,未勝利,未勝利*,3,3,ヤマノグラップル,牡,2,横山武史,51▲,11,4,１, ,芝1200,良,,(美),田中清隆,1107,-0.1,,1,1,36.4,464,+2,
,"2017. 7.15",函館,2函3,500万,湯浜特別500,1,1,レッドベリンダ,牝,5,木幡初也, 55 ,11,6,１, ,芝1800,良,,(美),古賀慎明,1487,-0.0,3,4,4,34.3,470,+2,B
,"2017. 7.15",函館,2函3,1000万,ＳＴＶ杯1000,5,7,ミスドバウィ,牝,4,吉田隼人, 55 ,13,4,１, ,芝1200,良,,(美),斎藤誠,1087,-0.1,,2,3,34.1,488,+10,
,"2017. 7.15",函館,2函3,500万,臥牛山特500,3,3,マイネルユニブラン,牡,3,丹内祐次, 54 ,8,5,１, ,芝2000,良,,(美),高橋裕,2006,-0.0,3,3,3,34.9,516,+6,
,"2017. 7.15",函館,2函3,500万,500万下・牝,6,7,プティットクルール,牝,3,鮫島克駿,51☆,12,9,１, ,ダ1700,良,,(栗),宮徹,1460,-0.0,4,4,4,38.0,430,+4,
,"2017. 7.15",函館,2函3,500万,500万下,3,3,ドゥモワゼル,牝,3,勝浦正樹, 52 ,10,4,１, ,芝1200,良,,(美),粕谷昌央,1092,-0.0,,4,3,33.8,448,+12,
,"2017. 7.15",函館,2函3,500万,500万下,3,3,エムオーグリッタ,牡,3,勝浦正樹, 54 ,12,1,１, ,ダ2400,良,,(美),古賀慎明,2343,-0.3,1,1,1,39.3,492,+2,
,"2017. 7.15",函館,2函3,未勝利,未勝利,3,6,ヨシヒコ,牡,3,吉田隼人, 56 ,16,2,１, ,芝2600,良,,(美),大江原哲,2412,-0.2,2,1,1,36.9,470,-12,B
,"2017. 7.15",函館,2函3,新馬,新馬,7,7,サンダベンポート,牝,2,中井裕二, 54 ,7,5,１, ,芝1200,良,,(美),中野栄治,1121,-0.0,,1,1,35.2,430,,
,"2017. 7.15",函館,2函3,未勝利,未勝利,6,9,ダンエクセル,牡,3,中井裕二, 56 ,13,4,１, ,ダ1700,良,,(美),竹内正洋,1470,-0.6,3,3,3,39.1,444,0,
,"2017. 7.15",函館,2函3,未勝利,未勝利,1,2,ジャスティンラヴ,牝,3,岩田康誠, 54 ,16,1,１, ,芝1200,良,,(栗),牧浦充徳,1091,-0.0,,10,9,33.8,412,0,
,"2017. 7.15",函館,2函3,未勝利,未勝利,2,3,クーペオブジェミニ,牡,3,藤岡康太, 56 ,16,6,１, ,芝1200,良,,(栗),寺島良,1091,-0.0,,4,4,34.6,434,0,
,"2017. 7.15",函館,2函3,未勝利,未勝利・牝,3,3,ミヤラビランド,牝,3,国分恭介, 54 ,14,2,１, ,ダ1700,良,,(栗),大根田裕,1469,-0.4,1,1,1,38.3,454,0,
,"2017. 7.15",函館,2函3,未勝利,未勝利*,2,2,シンデレラマキ,牝,2,横山武史,51▲,12,3,１, ,ダ1000,良,,(美),和田正道,1007,-0.9,,1,1,37.1,448,+2,
,"2017. 7. 9",函館,2函2,1000万,かもめ島1000,5,5,ポールヴァンドル,牝,3,池添謙一, 52 ,8,1,１, ,芝1800,良,,(美),上原博之,1483,-0.0,2,2,2,34.3,534,+4,
,"2017. 7. 9",函館,2函2,ｵｰﾌﾟﾝ,マリーンＨ,7,11,テイエムジンソク,牡,5,古川吉洋, 57 ,14,1,１, ,ダ1700,良,,(栗),木原一良,1429,-0.8,1,1,1,37.2,492,+4,
,"2017. 7. 9",函館,2函2,500万,立待岬特500,6,9,クリノスイートピー,牝,5,小崎綾也, 55 ,14,6,１, ,芝1200,良,,(美),星野忍,1085,-0.2,,2,1,34.6,442,+2,
,"2017. 7. 9",函館,2函2,500万,500万下,7,10,スティッフェリオ,牡,3,北村友一, 54 ,12,3,１, ,芝2000,良,,(栗),音無秀孝,1598,-0.2,9,8,6,35.1,440,-6,
,"2017. 7. 9",函館,2函2,500万,500万下,6,6,メイショウエイコウ,牡,3,蛯名正義, 54 ,11,1,１, ,ダ1700,良,,(栗),荒川義之,1450,-0.3,9,5,3,38.0,442,0,
,"2017. 7. 9",函館,2函2,500万,500万下,5,5,チェリースプリング,牝,3,丸山元気, 52 ,12,1,１, ,ダ1000,良,,(美),小西一男,0590,-0.3,,1,1,36.0,440,-2,
,"2017. 7. 9",函館,2函2,未勝利,未勝利,6,12,シゲルタイガー,牡,3,吉田隼人, 56 ,16,1,１, ,芝1200,良,,(美),伊藤圭三,1096,-0.0,,13,11,34.6,502,0,
,"2017. 7. 9",函館,2函2,新馬,新馬,4,4,クリノクーニング,牡,2,北村友一, 54 ,7,2,１, ,芝1800,良,,(栗),須貝尚介,1497,-0.2,3,3,3,35.5,458,,
,"2017. 7. 9",函館,2函2,未勝利,未勝利,8,13,レッドクライム,牡,3,北村友一, 56 ,13,1,１, ,ダ1700,良,,(栗),須貝尚介,1471,-0.4,8,7,3,38.3,462,-4,
,"2017. 7. 9",函館,2函2,未勝利,未勝利・牝,4,7,スパイクナード,牝,3,吉田隼人, 54 ,15,1,１, ,芝2000,良,,(栗),佐々木晶,2013,-0.1,8,5,5,35.1,428,0,
,"2017. 7. 9",函館,2函2,未勝利,未勝利,6,8,シゲルヒョウ,牡,3,井上敏樹,54△,12,6,１, ,ダ1000,良,,(美),伊藤圭三,0598,-0.1,,2,2,36.4,474,-2,B
,"2017. 7. 9",函館,2函2,未勝利,未勝利*,1,1,リンガラポップス,牡,2,北村友一, 54 ,6,1,１, ,芝1200,良,,(栗),西園正都,1102,-0.2,,1,1,35.5,472,-4,
,"2017. 7. 8",函館,2函1,1000万,噴火湾特1000,8,10,プレシャスエース,牡,4,木幡初広, 57 ,11,2,１, ,ダ1000,良,,(美),栗田博憲,0578,-0.7,,1,1,35.1,506,-4,
,"2017. 7. 8",函館,2函1,1600万,五稜郭Ｓ1600,7,7,ブラックバゴ,牡,5,岩田康誠, 57 ,7,3,１, ,芝2000,良,,(美),斎藤誠,1588,-0.2,7,6,5,34.7,516,-10,
,"2017. 7. 8",函館,2函1,500万,八雲特別500,8,11,コスモアルヘナ,牡,5,丹内祐次, 57 ,12,4,１, ,芝1800,良,,(美),武市康男,1477,-0.2,1,1,1,35.7,490,+4,
,"2017. 7. 8",函館,2函1,500万,500万下,5,8,ボンナヴァン,牡,4,北村友一, 57 ,14,5,１, ,ダ1700,良,,(栗),藤原英昭,1464,-0.0,4,3,3,38.9,546,+14,
,"2017. 7. 8",函館,2函1,500万,500万下・牝,7,12,ネオフレグランス,牝,3,吉田隼人, 52 ,14,3,１, ,芝1200,良,,(美),中舘英二,1088,-0.1,,8,8,33.8,420,0,
,"2017. 7. 8",函館,2函1,未勝利,未勝利,6,11,タンタグローリア,牝,3,岩田康誠, 54 ,15,3,１, ,芝1800,良,,(栗),藤原英昭,1470,-0.4,5,3,1,34.9,400,+10,
,"2017. 7. 8",函館,2函1,新馬,新馬,6,6,ガウラミディ,牝,2,城戸義政,53☆,6,2,１, ,ダ1000,良,,(栗),佐藤正雄,1019,-0.0,,3,2,36.5,486,,
,"2017. 7. 8",函館,2函1,新馬,新馬,6,6,ウインジェルベーラ,牝,2,松岡正海, 54 ,8,4,１, ,芝1200,良,,(美),金成貴史,1106,-0.1,,3,3,35.5,478,,
,"2017. 7. 8",函館,2函1,未勝利,未勝利,4,4,ダンツブレーブ,牡,3,北村友一, 56 ,13,1,１, ,ダ1700,良,,(栗),山内研二,1468,-0.4,1,1,1,38.5,450,0,
,"2017. 7. 8",函館,2函1,未勝利,未勝利,6,11,タカミツサクラ,牝,3,坂井瑠星,53☆,16,1,１, ,芝1200,良,,(美),高橋裕,1091,-0.4,,2,2,35.1,440,-4,
,"2017. 7. 8",函館,2函1,未勝利,未勝利,3,3,デアリングアイデア,牡,3,古川吉洋, 56 ,10,2,１, ,ダ2400,良,,(栗),大根田裕,2360,-0.3,2,1,1,39.1,448,+8,
,"2017. 7. 8",函館,2函1,未勝利,未勝利・牝*,6,6,ダンツクレイオー,牝,2,池添謙一, 54 ,6,1,１, ,芝1200,良,,(栗),本田優,1097,-0.1,,1,1,34.9,472,+2,
,"2017. 7. 2",函館,1函6,1000万,道新スポ1000,4,4,デアレガーロ,牝,3,蛯名正義, 52 ,10,4,１, ,芝1200,良,,(美),大竹正博,1086,-0.1,,4,6,34.0,470,-6,
,"2017. 7. 2",函館,1函6,ｵｰﾌﾟﾝ,巴賞,6,6,サトノアレス,牡,3,ルメール, 54 ,8,1,１, ,芝1800,良,*,(美),藤沢和雄,1465,-0.0,4,4,3,34.1,510,+10,
,"2017. 7. 2",函館,1函6,1000万,檜山特Ｈ1000,5,5,スターストラック,牡,3,浜中俊, 52 ,11,3,１, ,ダ1700,良,,(美),栗田博憲,1453,-0.1,5,4,3,37.1,512,+2,
,"2017. 7. 2",函館,1函6,500万,500万下,8,13,リッジマン,牡,4,蛯名正義, 57 ,13,3,１, ,芝2600,良,,(栗),庄野靖志,2411,-0.2,8,6,4,34.9,452,+2,
,"2017. 7. 2",函館,1函6,500万,500万下,2,2,ドラゴンシュバリエ,牡,4,岩田康誠, 57 ,14,1,１, ,ダ1700,良,,(栗),角田晃一,1461,-0.0,1,1,1,38.2,512,0,
,"2017. 7. 2",函館,1函6,500万,500万下・牝,7,9,オリエントワークス,牝,4,浜中俊, 55 ,12,3,１, ,芝2000,良,,(栗),中内田充,1587,-0.1,8,6,6,35.8,482,-6,
,"2017. 7. 2",函館,1函6,500万,500万下,2,2,アッティーヴォ,牡,3,国分恭介, 54 ,12,6,１, ,ダ1000,良,,(栗),大根田裕,0589,-0.3,,6,5,35.4,442,-2,
,"2017. 7. 2",函館,1函6,新馬,新馬,8,10,スズカマンサク,牝,2,岩田康誠, 54 ,11,1,１, ,芝1200,良,,(栗),橋田満,1109,-0.2,,1,1,35.1,412,,
,"2017. 7. 2",函館,1函6,未勝利,未勝利,6,10,キョウワベルナルド,牡,3,松岡正海, 56 ,15,3,１, ,芝1800,良,,(栗),佐々木晶,1482,-0.2,3,2,2,35.5,460,0,
,"2017. 7. 2",函館,1函6,未勝利,未勝利,4,8,コスモプラシデス,牡,3,丹内祐次, 56 ,16,2,１, ,芝1200,良,,(美),高橋祥泰,1095,-0.0,,5,4,35.0,456,+4,
,"2017. 7. 2",函館,1函6,未勝利,未勝利,4,5,レイダー,牡,3,ルメール, 56 ,14,1,１, ,ダ1700,良,,(美),堀宣行,1469,-0.5,2,2,1,39.2,520,0,
,"2017. 7. 2",函館,1函6,未勝利,未勝利・牝,2,2,フィネス,牝,3,丸山元気, 54 ,12,4,１, ,ダ1000,良,,(美),斎藤誠,0591,-0.0,,2,2,35.7,424,+4,
,"2017. 7. 1",函館,1函5,1000万,洞爺湖特1000,8,10,ジョルジュサンク,牡,4,吉田隼人, 57 ,10,2,１, ,芝2000,良,,(栗),鮫島一歩,2000,-0.0,3,3,2,34.7,516,-10,
,"2017. 7. 1",函館,1函5,1600万,ＴＶｈＨ1600,5,10,フルールシチー,牝,6,藤岡康太, 52 ,16,9,１, ,芝1200,良,,(栗),西園正都,1081,-0.1,,12,12,33.1,522,+4,
,"2017. 7. 1",函館,1函5,500万,恵山特別500,4,6,ナイトオブナイツ,牡,4,池添謙一, 57 ,15,1,１, ,芝1800,良,,(栗),池添兼雄,1461,-0.7,7,6,5,35.3,446,0,
,"2017. 7. 1",函館,1函5,500万,500万下,2,2,メイショウバッハ,牡,4,藤岡康太, 57 ,14,5,１, ,ダ1700,良,,(栗),南井克巳,1456,-0.3,1,1,1,36.7,494,+2,
,"2017. 7. 1",函館,1函5,500万,500万下,6,8,コパノチャンス,牡,4,丸山元気, 57 ,12,5,１, ,芝1200,良,,(美),上原博之,1089,-0.0,,2,2,34.8,490,-4,B
,"2017. 7. 1",函館,1函5,500万,500万下,5,5,トブガゴトク,牡,4,松岡正海, 57 ,8,1,１, ,ダ1000,良,,(美),藤原辰雄,0583,-0.2,,1,1,35.2,498,+6,
,"2017. 7. 1",函館,1函5,未勝利,未勝利,5,5,フィーリングハート,牝,3,丹内祐次, 54 ,10,2,１, ,芝2000,良,,(美),高橋祥泰,2013,-0.1,1,1,1,35.7,444,+4,
,"2017. 7. 1",函館,1函5,新馬,新馬,3,3,キタノユウキ,牡,2,岩田康誠, 54 ,9,3,１, ,芝1000,良,,(美),相沢郁,0580,-0.0,,1,1,34.7,498,,
,"2017. 7. 1",函館,1函5,未勝利,未勝利,5,7,スズカガルチ,牡,3,城戸義政,55☆,13,3,１, ,ダ1700,良,,(栗),湯窪幸雄,1474,-0.0,6,4,3,38.6,512,0,B
,"2017. 7. 1",函館,1函5,未勝利,未勝利,6,7,エピューレ,牝,3,坂井瑠星,53☆,12,5,１, ,ダ1000,良,,(栗),沖芳夫,0599,-0.0,,1,1,36.4,476,+2,
,"2017. 7. 1",函館,1函5,未勝利,未勝利・牝,6,9,ダンツブロケード,牝,3,城戸義政,53☆,14,12,１, ,ダ1700,良,,(栗),池添兼雄,1473,-0.4,13,11,10,38.1,480,+2,
,"2017. 7. 1",函館,1函5,未勝利,未勝利*,4,4,カシアス,牡,2,浜中俊, 54 ,10,1,１, ,芝1200,良,,(栗),清水久詞,1094,-0.6,,3,3,34.7,476,0,
,"2017. 6.25",函館,1函4,1000万,津軽海峡1000,8,9,エポック,牡,4,藤岡佑介, 57 ,10,2,１, ,ダ1700,良,,(栗),角田晃一,1450,-0.2,2,2,2,36.9,508,-10,
,"2017. 6.25",函館,1函4,1000万,ＵＨＢＨ1000,5,9,ウエスタンユーノー,牝,6,横山和生, 52 ,15,12,１, ,芝1200,良,,(美),菊沢隆徳,1084,-0.2,,1,1,34.8,492,-4,
,"2017. 6.25",函館,1函4,500万,奥尻特別500,5,5,フィールドシャルム,牡,4,吉田隼人, 57 ,12,6,１, ,芝1800,良,,(美),土田稔,1475,-0.1,2,2,2,34.5,484,+8,
,"2017. 6.25",函館,1函4,500万,500万下,6,8,チャイマックス,牝,4,鮫島克駿,54☆,12,5,１, ,ダ1700,良,,(栗),池添学,1468,-0.0,5,3,2,37.8,468,-6,
,"2017. 6.25",函館,1函4,500万,500万下,3,3,イアペトス,牡,5,松岡正海, 57 ,12,7,１, ,芝1200,良,,(美),武市康男,1086,-0.0,,5,3,34.7,486,-2,
,"2017. 6.25",函館,1函4,500万,500万下・牝,3,4,アルティマウェポン,牝,4,藤岡佑介, 55 ,14,4,１, ,ダ1700,良,,(栗),藤岡健一,1472,-0.1,7,8,6,37.2,472,+2,
,"2017. 6.25",函館,1函4,未勝利,未勝利,5,5,カフジブレイブ,牡,3,藤岡佑介, 56 ,12,3,１, ,芝2000,良,,(栗),松元茂樹,2003,-0.2,6,4,2,35.8,476,0,
,"2017. 6.25",函館,1函4,新馬,新馬,7,7,デルマキセキ,牝,2,藤岡康太, 54 ,9,1,１, ,芝1200,良,,(栗),友道康夫,1104,-0.0,,3,3,35.4,464,,
,"2017. 6.25",函館,1函4,未勝利,未勝利,1,2,メイショウサワカゼ,牡,3,古川吉洋, 56 ,16,10,１, ,芝1800,良,,(栗),本田優,1475,-0.1,3,4,2,35.1,434,+2,
,"2017. 6.25",函館,1函4,未勝利,未勝利,2,2,サンライズフォルテ,牡,3,藤岡康太, 56 ,14,8,１, ,ダ1700,良,,(栗),羽月友彦,1475,-0.3,4,4,3,38.5,480,-6,
,"2017. 6.25",函館,1函4,未勝利,未勝利,4,4,スカイソング,牝,3,松岡正海, 54 ,12,6,１, ,ダ1000,良,,(美),古賀史生,0596,-0.0,,3,3,36.2,466,-2,
,"2017. 6.25",函館,1函4,未勝利,未勝利・牝,2,4,トウカイレーヌ,牝,3,北村友一, 54 ,16,3,１, ,芝1200,良,,(栗),安田隆行,1097,-0.0,,2,2,35.2,420,+8,
,"2017. 6.24",函館,1函3,500万,長万部特500,4,4,ミスドバウィ,牝,4,吉田隼人, 55 ,9,2,１, ,芝1200,良,,(美),斎藤誠,1089,-0.2,,2,2,33.7,478,-8,
,"2017. 6.24",函館,1函3,ｵｰﾌﾟﾝ,大沼Ｓ,5,8,テイエムジンソク,牡,5,古川吉洋, 56 ,14,1,１, ,ダ1700,良,,(栗),木原一良,1428,-0.7,4,3,2,36.9,488,-2,
,"2017. 6.24",函館,1函3,500万,湯川特別500,5,7,アドマイヤメテオ,セ,6,藤岡康太, 57 ,14,7,１, ,芝2000,良,,(栗),須貝尚介,2004,-0.2,8,9,8,34.4,454,-4,
,"2017. 6.24",函館,1函3,500万,500万下,3,3,ハイランドピーク,牡,3,横山和生, 54 ,10,1,１, ,ダ1700,良,,(美),土田稔,1452,-0.7,2,1,1,37.9,450,-2,
,"2017. 6.24",函館,1函3,500万,500万下,6,8,ヨンカー,セ,4,柴山雄一, 57 ,12,1,１, ,ダ1000,良,,(美),和田正一,0581,-0.9,,2,2,34.8,544,-10,
,"2017. 6.24",函館,1函3,500万,500万下・牝,8,13,ワカコマタイヨウ,牝,3,横山和生, 52 ,13,5,１, ,芝1200,良,,(美),武市康男,1090,-0.0,,1,1,34.7,436,0,
,"2017. 6.24",函館,1函3,新馬,新馬,8,8,モルトアレグロ,牝,2,吉田隼人, 54 ,8,1,１, ,ダ1000,良,,(美),武井亮,1016,-0.2,,3,3,37.0,468,,
,"2017. 6.24",函館,1函3,新馬,新馬・牝,6,9,アリア,牝,2,丸山元気, 54 ,13,4,１, ,芝1200,良,,(栗),沖芳夫,1097,-0.0,,3,3,34.8,474,,
,"2017. 6.24",函館,1函3,未勝利,未勝利,8,10,カスタディーヴァ,牝,3,勝浦正樹, 51 ,11,2,１, ,芝2600,良,,(美),田村康仁,2431,-0.1,3,2,2,35.4,448,0,
,"2017. 6.24",函館,1函3,未勝利,未勝利・牝,5,9,ショウナンサザナミ,牝,3,吉田隼人, 54 ,15,5,１, ,芝1800,良,,(美),国枝栄,1482,-0.2,2,2,2,35.7,424,+8,B
,"2017. 6.24",函館,1函3,未勝利,未勝利,2,2,ティモシーブルー,牡,3,藤岡康太, 56 ,13,3,１, ,ダ1700,良,,(栗),中尾秀正,1464,-1.4,1,1,1,38.1,494,-4,
,"2017. 6.24",函館,1函3,未勝利,未勝利,7,14,バタラ,牡,3,横山武史,53▲,16,10,１, ,芝1200,良,,(栗),五十嵐忠,1093,-0.1,,9,8,34.8,474,+6,
,"2017. 6.18",函館,1函2,1000万,北斗特Ｈ1000,3,4,クロコスミア,牝,4,岩田康誠, 56 ,15,1,１, ,芝1800,良,,(栗),西浦勝一,1457,-0.4,1,1,1,35.0,412,0,
,"2017. 6.18",函館,1函2,Ｇ３,函館スプG3,6,8,ジューヌエコール,牝,3,北村友一, 50 ,13,3,１, ,芝1200,良,,(栗),安田隆行,1068,-0.4,,6,5,33.9,482,-2,
,"2017. 6.18",函館,1函2,500万,木古内特500,5,5,ショートストーリー,牡,4,岩田康誠, 57 ,9,1,１, ,ダ1700,良,,(栗),吉村圭司,1467,-0.3,4,5,6,38.2,500,+12,
,"2017. 6.18",函館,1函2,500万,500万下,4,6,エフティスパークル,牡,4,蛯名正義, 57 ,14,1,１, ,芝2000,良,,(美),鹿戸雄一,1595,-0.4,7,5,4,36.0,454,-2,
,"2017. 6.18",函館,1函2,500万,500万下,5,6,エリシェヴァ,牝,4,武豊, 55 ,13,2,１, ,芝1200,良,,(栗),角田晃一,1075,-0.1,,1,1,34.8,488,+16,B
,"2017. 6.18",函館,1函2,500万,500万下,6,8,ハヤブサナンデダロ,牡,3,吉田隼人, 54 ,13,1,１, ,ダ1700,良,,(美),伊藤圭三,1446,-0.5,1,1,1,37.3,522,-4,
,"2017. 6.18",函館,1函2,未勝利,未勝利,4,7,ミエノインパルス,牡,3,坂井瑠星,54△,16,1,１, ,芝1800,良,,(栗),高橋康之,1489,-0.1,4,5,5,35.2,488,-6,
,"2017. 6.18",函館,1函2,新馬,新馬,7,7,ナンヨープランタン,牡,2,岩田康誠, 54 ,8,4,１, ,芝1200,良,,(栗),松永幹夫,1098,-0.0,,6,5,34.4,436,,
,"2017. 6.18",函館,1函2,未勝利,未勝利,5,7,デルマハワイコウロ,牡,3,荻野琢真, 56 ,14,11,１, ,ダ1700,良,,(栗),友道康夫,1484,-0.5,14,12,9,38.8,472,-6,B
,"2017. 6.18",函館,1函2,未勝利,未勝利,1,1,モンテヴェルデ,牡,3,四位洋文, 56 ,16,1,１, ,芝1200,良,,(栗),昆貢,1090,-0.2,,10,8,34.3,464,-6,B
,"2017. 6.18",函館,1函2,未勝利,未勝利,8,11,ラガーユミリン,牝,3,池添謙一, 54 ,12,8,１, ,ダ1000,良,,(栗),池添兼雄,0597,-0.5,,4,4,36.1,446,-2,
,"2017. 6.18",函館,1函2,未勝利,未勝利・牝,8,13,メイズオブオナー,牝,3,岩田康誠, 54 ,14,1,１, ,ダ1700,良,,(栗),藤原英昭,1482,-0.1,9,2,1,40.8,448,-2,
,"2017. 6.17",函館,1函1,500万,遊楽部特500,6,12,ブレイクマイハート,牝,4,松岡正海, 55 ,16,10,１, ,芝1800,良,,(美),国枝栄,1467,-0.2,1,1,1,35.6,454,+14,
,"2017. 6.17",函館,1函1,1000万,ＨＴＢ杯1000,6,11,タマモブリリアン,牝,4,吉田隼人, 55 ,16,2,１, ,芝1200,良,,(栗),南井克巳,1076,-0.2,,2,2,34.2,466,-2,
,"2017. 6.17",函館,1函1,500万,駒ケ岳特500,1,1,メイショウガーデン,牝,4,国分恭介, 55 ,12,5,１, ,芝2600,良,,(栗),岡田稲男,2373,-0.6,2,2,2,35.5,520,-2,
,"2017. 6.17",函館,1函1,500万,500万下,3,4,カレンジラソーレ,牡,4,藤岡康太, 57 ,14,9,１, ,ダ1700,良,,(栗),平田修,1458,-0.0,7,7,3,38.2,490,-6,
,"2017. 6.17",函館,1函1,500万,500万下,1,1,ヴァッフシュテルケ,牡,6,菱田裕二, 57 ,16,6,１, ,芝1200,良,,(栗),岩元市三,1084,-0.0,,7,7,34.2,482,-6,
,"2017. 6.17",函館,1函1,500万,500万下,4,8,レッドカーペット,牡,4,池添謙一, 57 ,16,5,１, ,芝1200,良,,(栗),高野友和,1084,-0.0,,4,2,34.4,518,+2,
,"2017. 6.17",函館,1函1,500万,500万下,7,10,コマノレジェンド,牝,3,吉田隼人, 52 ,12,7,１, ,ダ1000,良,,(美),伊藤圭三,0587,-0.3,,2,2,35.7,466,+10,
,"2017. 6.17",函館,1函1,未勝利,未勝利,5,10,ミヤビエメライン,牝,3,池添謙一, 54 ,16,8,１, ,芝2000,良,,(美),小島茂之,1593,-0.0,3,3,4,36.3,430,+4,
,"2017. 6.17",函館,1函1,新馬,新馬,7,8,ベイビーキャズ,牡,2,木幡初也,53☆,11,1,１, ,芝1000,良,,(美),矢野英一,0577,-0.1,,4,3,33.9,428,,
,"2017. 6.17",函館,1函1,未勝利,未勝利,5,6,ホワイトドラゴン,牡,3,藤岡康太, 56 ,13,1,１, ,ダ1700,良,,(栗),鮫島一歩,1476,-0.1,5,1,1,38.7,502,+4,
,"2017. 6.17",函館,1函1,未勝利,未勝利,3,3,ウイナーズロード,牝,3,城戸義政,53☆,12,1,１, ,ダ1000,良,,(栗),岩元市三,0597,-0.3,,2,2,36.0,418,+2,
,"2017. 6.17",函館,1函1,未勝利,未勝利,5,8,ウインポプリ,牝,3,松岡正海, 54 ,14,6,１, ,ダ1700,良,,(美),松山将樹,1478,-0.0,1,1,1,39.5,440,-8,
,"2017. 6.17",函館,1函1,未勝利,未勝利・牝,2,4,ファミーユボヌール,牝,3,武豊, 54 ,16,1,１, ,芝1200,良,,(栗),松永幹夫,1087,-0.2,,1,1,34.9,448,+4,
,"2016. 7.24",函館,2函6,1000万,潮騒特Ｈ1000,6,12,トウショウピスト,牡,4,池添謙一, 55 ,16,1,１, ,芝1200,良,,(栗),角田晃一,1088,-0.1,,2,2,34.4,476,0,
,"2016. 7.24",函館,2函6,Ｇ３,函館２歳G3,6,12,レヴァンテライオン,牡,2,三浦皇成, 54 ,16,2,１, ,芝1200,良,,(栗),矢作芳人,1092,-0.1,,3,3,35.5,468,-8,
,"2016. 7.24",函館,2函6,1000万,松前特別1000,6,8,カルヴァリオ,セ,3,黛弘人, 54 ,13,3,１, ,芝2000,良,,(美),大竹正博,1597,-0.2,4,5,2,35.5,458,-2,
,"2016. 7.24",函館,2函6,500万,500万下,5,7,メイショウレンマ,牝,3,加藤祥太,51☆,13,9,１, ,ダ1700,良,,(栗),沖芳夫,1467,-0.0,8,5,4,39.2,464,+4,
,"2016. 7.24",函館,2函6,500万,500万下・牝,8,13,ハッピーユニバンス,牝,4,北村友一, 55 ,14,7,１, ,芝1800,良,,(栗),平田修,1491,-0.0,13,7,7,34.6,460,-8,
,"2016. 7.24",函館,2函6,500万,500万下,8,12,クライミングローズ,牝,4,坂井瑠星,52▲,13,2,１, ,ダ1700,良,,(栗),角田晃一,1468,-0.1,2,1,1,38.8,432,+6,B
,"2016. 7.24",函館,2函6,500万,500万下,5,6,タイセイバンデット,牡,5,岩田康誠, 57 ,12,5,１, ,ダ1000,良,,(栗),西村真幸,0583,-0.7,,1,1,35.8,520,+8,B
,"2016. 7.24",函館,2函6,新馬,新馬,2,2,アドマイヤウイナー,牡,2,岩田康誠, 54 ,14,1,１, ,芝1800,良,,(栗),須貝尚介,1508,-0.2,6,3,4,36.7,504,,
,"2016. 7.24",函館,2函6,未勝利,未勝利,2,2,スイートメモリーズ,牝,3,吉田隼人, 54 ,15,1,１, ,芝2000,良,*,(美),中川公成,2014,-0.1,1,1,1,36.1,502,0,
,"2016. 7.24",函館,2函6,未勝利,未勝利,2,2,ダンツペレット,牡,3,菱田裕二, 56 ,11,3,１, ,ダ1700,良,,(栗),山内研二,1479,-0.2,2,2,2,38.0,496,+4,
,"2016. 7.24",函館,2函6,未勝利,未勝利・牝,7,9,フジワンエンジェル,牝,3,松岡正海, 54 ,12,2,１, ,ダ1000,良,,(美),古賀史生,1001,-0.3,,4,2,36.6,446,-2,B
,"2016. 7.24",函館,2函6,未勝利,未勝利*,5,7,ソレイユフルール,牝,2,原田和真,51▲,13,6,１, ,芝1200,良,,(美),和田雄二,1099,-0.0,,1,1,35.6,462,+6,
,"2016. 7.23",函館,2函5,1000万,駒場特別1000,7,7,カラクプア,牡,3,三浦皇成, 54 ,10,1,１, ,ダ1700,良,,(栗),松田国英,1454,-0.0,5,5,4,36.9,488,+4,
,"2016. 7.23",函館,2函5,1600万,函館日刊1600,6,12,ホッコーサラスター,牝,5,池添謙一, 55 ,16,5,１, ,芝1200,良,,(栗),飯田祐史,1086,-0.0,,7,7,33.8,478,+8,
,"2016. 7.23",函館,2函5,500万,横津岳特500,1,1,クラシックエース,牡,4,吉田隼人, 57 ,11,1,１, ,芝2600,良,,(美),木村哲也,2416,-0.1,3,3,2,35.7,438,0,
,"2016. 7.23",函館,2函5,500万,500万下,2,4,ルアンジュ,牝,4,川須栄彦, 55 ,16,6,１, ,芝2000,良,,(栗),笹田和秀,2009,-0.5,11,1,1,36.1,482,+2,
,"2016. 7.23",函館,2函5,500万,500万下・牝,5,5,メジャーフォルム,牝,4,加藤祥太,54☆,12,4,１, ,ダ1000,良,,(美),大江原哲,0588,-0.4,,1,1,35.9,462,+6,
,"2016. 7.23",函館,2函5,500万,500万下,1,1,アズマクィーン,牝,4,浜中俊, 55 ,16,1,１, ,芝1200,良,,(栗),河内洋,1085,-0.2,,4,3,34.8,470,-2,
,"2016. 7.23",函館,2函5,未勝利,未勝利,7,10,ダイフク,牡,3,吉田隼人, 56 ,12,1,１, ,芝1800,良,,(美),伊藤正徳,1494,-0.0,4,2,2,36.1,470,+2,
,"2016. 7.23",函館,2函5,未勝利,未勝利,4,4,マコトシャムロック,牡,3,岩田康誠, 56 ,12,1,１, ,ダ1700,良,,(栗),松田国英,1483,-0.0,3,3,4,38.8,494,-2,
,"2016. 7.23",函館,2函5,未勝利,未勝利,6,12,シェヴェルニー,牝,3,西村太一, 54 ,16,5,１, ,芝1200,良,,(美),石栗龍彦,1094,-0.0,,4,3,35.3,418,+2,
,"2016. 7.23",函館,2函5,未勝利,未勝利,4,4,アメリカントップ,牡,3,藤岡佑介, 56 ,12,1,１, ,ダ1000,良,,(栗),藤岡健一,0588,-0.7,,1,1,35.7,518,-2,B
,"2016. 7.23",函館,2函5,未勝利,未勝利・牝,8,11,エアショウ,牝,3,藤岡佑介, 54 ,11,2,１, ,ダ1700,良,,(栗),野中賢二,1476,-0.3,6,6,4,38.5,458,+2,
,"2016. 7.23",函館,2函5,未勝利,未勝利*,2,2,サトノアリシア,牝,2,池添謙一, 54 ,13,1,１, ,芝1800,良,,(栗),平田修,1504,-0.1,3,4,4,36.0,464,0,
,"2016. 7.17",函館,2函4,1000万,北海Ｈ1000,7,9,ケルンダッシュ,牡,4,岩田康誠, 55 ,11,4,１, ,芝2600,稍,,(栗),五十嵐忠,2415,-0.2,8,6,5,35.5,482,-2,
,"2016. 7.17",函館,2函4,Ｇ３,函館記念ＨG3,3,6,マイネルミラノ,牡,6,丹内祐次, 56 ,16,3,１, ,芝2000,稍,,(美),相沢郁,1590,-0.3,1,1,1,35.5,486,-8,B
,"2016. 7.17",函館,2函4,1000万,渡島特別1000,4,4,リーゼントロック,牡,5,松岡正海, 57 ,13,4,１, ,ダ1700,稍,,(栗),矢作芳人,1449,-0.2,1,1,1,37.6,528,-2,
,"2016. 7.17",函館,2函4,500万,下北半島500,7,9,フレンチイデアル,牡,3,丸山元気, 54 ,12,1,１, ,芝1200,稍,,(美),伊藤大士,1096,-0.0,,3,2,34.5,500,+8,
,"2016. 7.17",函館,2函4,500万,500万下,8,9,ドリームキラリ,牡,4,坂井瑠星,54▲,10,2,１, ,ダ1700,稍,,(栗),矢作芳人,1446,-0.3,1,1,1,38.4,474,-2,
,"2016. 7.17",函館,2函4,500万,500万下,4,4,チェリーサマー,牡,4,丸山元気, 57 ,12,2,１, ,ダ1000,稍,,(美),小西一男,0589,-0.2,,1,1,35.8,516,+2,
,"2016. 7.17",函館,2函4,未勝利,未勝利,7,14,ヨカグラ,牡,3,池添謙一, 56 ,16,1,１, ,芝2000,稍,,(栗),中竹和也,2011,-0.2,12,8,5,36.0,480,+2,
,"2016. 7.17",函館,2函4,新馬,新馬,1,1,トリオンフ,牡,2,浜中俊, 54 ,9,4,１, ,芝1800,稍,,(栗),須貝尚介,1524,-0.1,3,4,3,34.8,520,,
,"2016. 7.17",函館,2函4,未勝利,未勝利,2,2,ゴテツ,牡,3,池添謙一, 56 ,9,1,１, ,ダ1700,稍,,(栗),浜田多実,1467,-0.4,4,3,1,39.6,484,+2,
,"2016. 7.17",函館,2函4,未勝利,未勝利・牝,3,5,タニマサガール,牝,3,原田和真,51▲,16,7,１, ,芝1200,稍,,(美),栗田博憲,1100,-0.1,,1,1,35.8,418,+2,
,"2016. 7.17",函館,2函4,未勝利,未勝利,8,11,エクラパール,牝,3,井上敏樹,52△,12,6,１, ,ダ1000,稍,,(美),本間忍,0599,-0.0,,2,2,36.1,452,+6,
,"2016. 7.17",函館,2函4,未勝利,未勝利*,6,6,ラッシュアウト,牡,2,原田和真,51▲,9,1,１, ,芝1200,稍,,(美),栗田徹,1103,-0.2,,2,1,35.4,428,0,
,"2016. 7.16",函館,2函3,500万,臥牛山特500,1,1,ロングスピーク,牡,4,浜中俊, 57 ,8,1,１, ,芝2000,良,,(栗),荒川義之,2002,-0.2,1,2,2,35.6,570,-6,
,"2016. 7.16",函館,2函3,1000万,ＳＴＶ杯1000,5,7,ホッコーサラスター,牝,5,池添謙一, 55 ,13,3,１, ,芝1200,良,,(栗),飯田祐史,1089,-0.0,,6,5,34.3,470,+4,
,"2016. 7.16",函館,2函3,500万,湯浜特別500,6,6,エアピザレー,牡,5,吉田隼人, 57 ,10,1,１, ,芝1800,良,,(美),高柳瑞樹,1477,-0.0,6,7,7,35.5,482,+4,
,"2016. 7.16",函館,2函3,500万,500万下,1,1,タマモアルム,牡,3,池添謙一, 54 ,11,4,１, ,ダ1700,稍,,(栗),南井克巳,1459,-0.2,1,1,1,39.0,498,+2,
,"2016. 7.16",函館,2函3,500万,500万下,7,8,ヒルダ,牝,3,三浦皇成, 52 ,11,2,１, ,芝1200,良,,(美),黒岩陽一,1091,-0.2,,1,1,34.8,470,+8,
,"2016. 7.16",函館,2函3,500万,500万下・牝,6,7,アグネッタ,牝,3,丸山元気, 52 ,11,6,１, ,ダ1700,稍,,(栗),羽月友彦,1465,-0.3,2,2,2,38.1,468,-2,B
,"2016. 7.16",函館,2函3,未勝利,未勝利,4,5,トロピカルストーム,セ,3,坂井瑠星,53▲,14,1,１, ,芝2600,良,,(栗),西村真幸,2413,-0.4,9,3,2,35.6,438,+4,
,"2016. 7.16",函館,2函3,新馬,新馬,8,8,ポッドジーニー,牝,2,松岡正海, 54 ,8,1,１, ,芝1200,良,*,(美),伊藤伸一,1109,-0.3,,1,1,34.8,448,,
,"2016. 7.16",函館,2函3,未勝利,未勝利,4,5,ベストインザスカイ,牡,3,北村友一, 56 ,13,3,１, ,ダ1700,稍,,(栗),鮫島一歩,1470,-0.4,1,1,1,39.0,496,+2,B
,"2016. 7.16",函館,2函3,未勝利,未勝利,1,2,ベリースコール,セ,3,菱田裕二, 56 ,16,9,１, ,芝1200,良,,(栗),岩元市三,1094,-0.0,,7,7,35.0,486,0,
,"2016. 7.16",函館,2函3,未勝利,未勝利・牝,2,2,アタックガール,牝,3,池添謙一, 54 ,13,1,１, ,ダ1700,稍,,(栗),飯田祐史,1468,-1.0,2,2,1,39.0,420,+2,
,"2016. 7.16",函館,2函3,未勝利,未勝利*,3,3,マンカストラップ,牡,2,西村太一, 54 ,12,3,１, ,ダ1000,稍,,(美),伊藤大士,0592,-0.1,,1,1,36.2,460,-4,
,"2016. 7.10",函館,2函2,1000万,かもめ島1000,8,12,マキシマムドパリ,牝,4,藤岡佑介, 55 ,13,1,１, ,芝1800,良,,(栗),松元茂樹,1474,-0.4,3,3,2,35.4,460,+4,
,"2016. 7.10",函館,2函2,ｵｰﾌﾟﾝ,マリーンＨ,8,11,ショウナンアポロン,牡,6,松岡正海, 56 ,12,2,１, ,ダ1700,良,,(美),古賀史生,1435,-0.3,2,2,2,37.3,504,+8,B
,"2016. 7.10",函館,2函2,500万,立待岬特500,7,12,オートクレール,牝,5,黛弘人, 55 ,14,7,１, ,芝1200,良,,(美),中野栄治,1097,-0.2,,7,5,34.7,434,+4,
,"2016. 7.10",函館,2函2,500万,500万下,5,5,ジュアンマリエ,牝,3,原田和真,49▲,11,6,１, ,ダ1700,良,,(美),池上昌弘,1458,-0.9,2,2,2,38.9,448,+4,
,"2016. 7.10",函館,2函2,500万,500万下,5,5,ミッキーロケット,牡,3,池添謙一, 54 ,11,1,１, ,芝2000,良,,(栗),音無秀孝,2008,-0.3,5,5,2,34.3,476,+2,
,"2016. 7.10",函館,2函2,500万,500万下,5,5,ノボリクリーン,牡,4,水口優也, 57 ,12,1,１, ,ダ1000,良,,(栗),石橋守,0589,-0.4,,3,3,35.2,468,+2,
,"2016. 7.10",函館,2函2,未勝利,未勝利,2,3,カゼノシッポ,牝,3,三浦皇成, 54 ,15,1,１, ,芝1200,良,,(美),武藤善則,1099,-0.3,,1,1,35.0,428,-2,
,"2016. 7.10",函館,2函2,新馬,新馬,8,8,タガノアシュラ,牡,2,浜中俊, 54 ,9,1,１, ,芝1800,良,,(栗),五十嵐忠,1499,-0.7,1,1,1,35.4,502,,
,"2016. 7.10",函館,2函2,未勝利,未勝利,8,12,メイショウレンマ,牝,3,加藤祥太,53☆,13,5,１, ,ダ1700,良,,(栗),沖芳夫,1468,-0.0,3,1,1,38.3,460,0,
,"2016. 7.10",函館,2函2,未勝利,未勝利・牝,4,7,サトノオニキス,牝,3,坂井瑠星,51▲,16,1,１, ,芝2000,良,,(栗),矢作芳人,2020,-0.3,4,4,3,36.3,412,0,
,"2016. 7.10",函館,2函2,未勝利,未勝利,6,8,トルシュローズ,牝,3,太宰啓介, 54 ,12,2,１, ,ダ1000,良,,(栗),高橋亮,0589,-1.3,,1,1,35.6,454,+6,
,"2016. 7.10",函館,2函2,未勝利,未勝利*,8,9,エスケークラウン,牡,2,四位洋文, 54 ,9,1,１, ,芝1200,良,,(栗),木原一良,1104,-0.3,,3,2,35.0,492,+12,
,"2016. 7. 9",函館,2函1,1000万,噴火湾特1000,6,8,ヴァーノン,牡,5,浜中俊, 57 ,12,5,１, ,ダ1000,良,,(美),高橋文雅,0586,-0.0,,2,2,35.8,506,+8,
,"2016. 7. 9",函館,2函1,1600万,五稜郭Ｓ1600,4,4,レッドソロモン,牡,4,岩田康誠, 57 ,10,1,１, ,芝2000,良,,(栗),庄野靖志,2011,-0.0,3,3,3,34.8,474,0,B
,"2016. 7. 9",函館,2函1,500万,八雲特別500,6,8,フォールインラブ,牝,3,古川吉洋, 52 ,12,4,１, ,芝1800,良,,(栗),田中章博,1476,-0.0,10,7,6,35.6,458,+4,
,"2016. 7. 9",函館,2函1,500万,500万下,2,2,カラクプア,牡,3,三浦皇成, 54 ,9,4,１, ,ダ1700,良,,(栗),松田国英,1457,-0.9,4,4,3,36.9,484,-8,
,"2016. 7. 9",函館,2函1,500万,500万下・牝,6,10,テラノヴァ,牝,3,浜中俊, 52 ,15,2,１, ,芝1200,良,,(栗),須貝尚介,1091,-0.3,,6,6,34.4,468,-12,
,"2016. 7. 9",函館,2函1,500万,500万下,3,3,ブラックブリーズ,牡,4,岩田康誠, 57 ,8,4,１, ,ダ2400,良,,(美),斎藤誠,2337,-0.7,2,1,1,39.0,476,-2,B
,"2016. 7. 9",函館,2函1,新馬,新馬,7,7,サザンボルケーノ,牡,2,北村友一, 54 ,9,1,１, ,ダ1000,良,,(栗),加用正,1020,-0.6,,4,4,36.7,466,,
,"2016. 7. 9",函館,2函1,新馬,新馬,2,2,ラーナアズーラ,牝,2,柴山雄一, 54 ,8,3,１, ,芝1200,良,,(美),畠山吉宏,1104,-0.1,,2,3,34.8,472,,
,"2016. 7. 9",函館,2函1,未勝利,未勝利,8,16,メイショウアンカー,セ,3,岩田康誠, 56 ,16,2,１, ,芝1800,良,,(美),小島太,1491,-0.0,4,2,2,36.4,488,+6,
,"2016. 7. 9",函館,2函1,未勝利,未勝利,8,15,ダイメイプリンセス,牝,3,黛弘人, 54 ,16,7,１, ,芝1200,良,,(栗),森田直行,1088,-0.3,,2,2,34.8,508,+8,
,"2016. 7. 9",函館,2函1,未勝利,未勝利,8,13,リヴァイタライズ,牡,3,池添謙一, 56 ,13,8,１, ,ダ1700,良,,(栗),高野友和,1467,-0.5,1,1,1,38.4,494,+10,
,"2016. 7. 9",函館,2函1,未勝利,未勝利・牝*,7,7,ドゥモワゼル,牝,2,勝浦正樹, 54 ,10,1,１, ,芝1200,良,,(美),粕谷昌央,1099,-0.7,,7,5,34.8,432,+4,
,"2016. 7. 3",函館,1函6,1000万,道新スポ1000,7,9,フミノムーン,牡,4,勝浦正樹, 57 ,12,2,１, ,芝1200,稍,,(栗),西浦勝一,1101,-0.0,,7,7,34.0,456,+6,
,"2016. 7. 3",函館,1函6,ｵｰﾌﾟﾝ,巴賞,8,10,レッドレイヴン,牡,6,池添謙一, 57 ,11,1,１, ,芝1800,稍,,(美),藤沢和雄,1477,-0.3,7,7,3,35.4,514,+4,
,"2016. 7. 3",函館,1函6,1000万,檜山特Ｈ1000,8,13,マヤノカデンツァ,牡,7,北村友一, 52 ,13,8,１, ,ダ1700,重,,(栗),西村真幸,1438,-0.4,11,2,1,37.1,472,+4,B
,"2016. 7. 3",函館,1函6,500万,500万下,6,8,メゾンリー,牡,3,池添謙一, 54 ,12,1,１, ,芝2600,稍,,(美),大竹正博,2425,-0.3,7,5,2,35.6,474,-4,
,"2016. 7. 3",函館,1函6,500万,500万下,8,13,サクラエンパイア,牡,3,藤岡佑介, 54 ,13,1,１, ,ダ1700,重,,(美),堀宣行,1449,-0.1,3,2,1,36.7,454,-4,
,"2016. 7. 3",函館,1函6,500万,500万下・牝,6,7,アグレアーブル,牝,3,岩田康誠, 52 ,12,2,１, ,芝2000,重,,(美),斎藤誠,2017,-0.1,9,9,7,35.3,492,+6,
,"2016. 7. 3",函館,1函6,500万,500万下,8,11,ダイアモンドノーム,牝,3,坂井瑠星,49▲,11,3,１, ,ダ1000,重,,(美),中野栄治,0583,-0.0,,3,2,34.8,426,+2,
,"2016. 7. 3",函館,1函6,新馬,新馬,2,2,メローブリーズ,牝,2,古川吉洋, 54 ,6,2,１, ,芝1200,重,,(美),石毛善彦,1110,-0.4,,3,2,34.9,454,,
,"2016. 7. 3",函館,1函6,未勝利,未勝利,8,14,アグネスリバティ,牡,3,荻野琢真, 56 ,15,6,１, ,芝1800,重,,(栗),宮本博,1501,-0.0,13,1,1,35.8,464,0,
,"2016. 7. 3",函館,1函6,未勝利,未勝利,7,10,ハギノスノーボール,牡,3,岩田康誠, 56 ,13,2,１, ,ダ1700,不,,(栗),松田国英,1441,-0.4,4,1,1,37.4,488,0,
,"2016. 7. 3",函館,1函6,未勝利,未勝利,4,7,エアオブザドラゴン,牡,3,吉田豊, 56 ,16,9,１, ,芝1200,重,,(美),高木登,1108,-0.0,,13,12,35.1,504,+2,
,"2016. 7. 3",函館,1函6,未勝利,未勝利,7,9,プリンシアラッテオ,牝,3,嶋田純次, 54 ,12,5,１, ,ダ1000,不,,(美),手塚貴久,0593,-0.2,,2,2,35.5,454,-2,B
,"2016. 7. 2",函館,1函5,1000万,洞爺湖特1000,3,3,バイガエシ,牡,4,藤岡佑介, 57 ,12,1,１, ,芝2000,稍,,(栗),作田誠二,2027,-0.8,8,8,4,35.5,514,0,
,"2016. 7. 2",函館,1函5,1600万,ＴＶｈＨ1600,3,3,クリスマス,牝,5,勝浦正樹, 55 ,12,1,１, ,芝1200,稍,,(美),伊藤大士,1097,-0.0,,3,2,35.0,452,-6,
,"2016. 7. 2",函館,1函5,500万,恵山特別500,3,3,リッジマン,牡,3,加藤祥太, 54 ,12,8,１, ,芝1800,稍,,(栗),庄野靖志,1497,-0.2,2,1,1,36.2,436,+2,
,"2016. 7. 2",函館,1函5,500万,500万下,8,13,トミケンシャルゴー,牡,4,勝浦正樹, 57 ,13,1,１, ,ダ1700,稍,,(美),武市康男,1458,-0.0,5,3,2,37.8,510,+2,
,"2016. 7. 2",函館,1函5,500万,500万下,6,12,トウショウピスト,牡,4,坂井瑠星,54▲,16,1,１, ,芝1200,良,,(栗),角田晃一,1098,-0.0,,2,2,35.0,476,+6,
,"2016. 7. 2",函館,1函5,500万,500万下,3,3,タタラ,牡,4,加藤祥太,55△,10,2,１, ,ダ1000,稍,,(美),和田正一,0598,-0.2,,5,4,36.1,424,-4,
,"2016. 7. 2",函館,1函5,未勝利,未勝利,6,9,ウエヲムイテアルコ,牡,3,吉田隼人, 56 ,13,5,１, ,ダ1700,良,,(美),中川公成,1477,-0.6,2,2,2,38.5,472,+8,
,"2016. 7. 2",函館,1函5,新馬,新馬,4,4,ガーシュウィン,牡,2,勝浦正樹, 54 ,8,1,１, ,芝1000,良,,(美),和田雄二,0581,-0.7,,1,1,34.2,458,,
,"2016. 7. 2",函館,1函5,未勝利,未勝利,7,13,ドルフィンマーク,セ,3,岩田康誠, 56 ,16,1,１, ,芝2000,良,,(栗),渡辺薫彦,2020,-0.3,3,2,2,35.5,490,+2,B
,"2016. 7. 2",函館,1函5,未勝利,未勝利,2,2,セレノグラフィー,牡,3,柴山雄一, 56 ,12,1,１, ,ダ1000,良,,(美),大竹正博,0591,-0.9,,1,1,35.4,488,-4,
,"2016. 7. 2",函館,1函5,未勝利,未勝利・牝,5,6,ティープラズマ,牝,3,城戸義政,52△,13,7,１, ,ダ1700,良,,(栗),藤岡健一,1483,-0.2,1,1,1,36.9,480,-2,
,"2016. 7. 2",函館,1函5,未勝利,未勝利*,5,8,フクノクオリア,牡,2,横山和生, 54 ,14,2,１, ,芝1200,良,,(美),杉浦宏昭,1096,-0.2,,7,6,35.3,496,+6,
,"2016. 6.26",函館,1函4,1000万,津軽海峡1000,5,5,スズカリバー,牡,4,黛弘人, 57 ,11,3,１, ,ダ1700,重,,(美),伊藤圭三,1431,-0.0,2,1,1,36.4,488,-4,B
,"2016. 6.26",函館,1函4,1000万,ＵＨＢＨ1000,8,13,ウォーターショパン,牡,5,菱田裕二, 55 ,13,1,１, ,芝1200,稍,,(栗),岡田稲男,1094,-0.0,,9,6,34.1,474,-2,
,"2016. 6.26",函館,1函4,500万,奥尻特別500,1,1,カルヴァリオ,セ,3,黛弘人, 54 ,11,1,１, ,芝1800,稍,,(美),大竹正博,1478,-0.1,4,4,4,35.1,460,-4,
,"2016. 6.26",函館,1函4,500万,500万下・牝,6,8,ショウナンカサロ,牝,4,勝浦正樹, 55 ,13,1,１, ,ダ1700,重,,(美),古賀史生,1438,-0.0,6,4,4,36.9,454,-4,
,"2016. 6.26",函館,1函4,500万,500万下,1,1,アドマイヤスカイ,牡,4,藤岡佑介, 57 ,14,10,１, ,芝1200,稍,,(栗),橋田満,1101,-0.0,,13,11,34.3,454,+12,
,"2016. 6.26",函館,1函4,500万,500万下,6,6,オイルタウン,牡,4,水口優也, 57 ,9,2,１, ,ダ1700,不,,(栗),福島信晴,1450,-0.3,3,3,2,36.7,468,-2,
,"2016. 6.26",函館,1函4,未勝利,未勝利,4,5,キャプテンロブロイ,牡,3,吉田隼人, 56 ,13,1,１, ,芝2000,稍,,(美),萩原清,2030,-0.0,6,3,2,36.3,512,+4,
,"2016. 6.26",函館,1函4,未勝利,未勝利,6,9,ビービーブレスユー,牡,3,北村友一, 56 ,13,2,１, ,芝2000,稍,,(栗),加用正,2030,-0.0,5,3,2,36.4,480,-6,
,"2016. 6.26",函館,1函4,新馬,新馬,3,4,レヴァンテライオン,牡,2,三浦皇成, 54 ,14,1,１, ,芝1200,稍,,(栗),矢作芳人,1109,-0.0,,3,3,35.7,476,,
,"2016. 6.26",函館,1函4,未勝利,未勝利,4,4,コウギョウマシェリ,牝,3,原田和真,51▲,13,1,１, ,ダ1700,不,,(美),伊藤大士,1454,-0.9,2,1,1,37.9,488,+2,B
,"2016. 6.26",函館,1函4,未勝利,未勝利,6,11,ドーノデルソーレ,牡,3,丸山元気, 56 ,15,3,１, ,芝1800,稍,,(美),小西一男,1504,-0.2,13,8,4,35.8,458,0,
,"2016. 6.26",函館,1函4,未勝利,未勝利・牝,7,13,ヤマカツサファイヤ,牝,3,三浦皇成, 54 ,16,1,１, ,芝1200,稍,,(栗),池添兼雄,1100,-0.4,,3,2,34.9,486,0,
,"2016. 6.26",函館,1函4,未勝利,未勝利,8,12,パルパルパンダ,牝,3,原田和真,51▲,12,2,１, ,ダ1000,不,,(美),松山将樹,0586,-0.2,,3,3,35.1,462,-4,
,"2016. 6.25",函館,1函3,500万,長万部特500,6,8,イキオイ,牡,4,丹内祐次, 57 ,12,10,１, ,芝1200,稍,,(美),杉浦宏昭,1097,-0.0,,12,11,34.4,442,0,
,"2016. 6.25",函館,1函3,ｵｰﾌﾟﾝ,大沼Ｓ,2,2,モンドクラッセ,牡,5,三浦皇成, 57 ,12,1,１, ,ダ1700,不,,(美),清水英克,1417,-0.5,2,2,1,35.6,520,-6,
,"2016. 6.25",函館,1函3,500万,湯川特別500,6,6,ブルックデイル,牝,4,柴山雄一, 55 ,9,1,１, ,芝2000,稍,,(美),尾関知人,2029,-0.0,3,2,3,35.4,456,+4,B
,"2016. 6.25",函館,1函3,500万,500万下,7,8,バイタルフォルム,牡,6,勝浦正樹, 57 ,10,2,１, ,ダ1700,不,,(美),新開幸一,1454,-0.1,2,2,2,36.4,506,0,
,"2016. 6.25",函館,1函3,500万,500万下,3,3,ダブルフェイス,セ,5,北村友一, 57 ,12,5,１, ,ダ1000,不,,(美),和田正一,0577,-0.1,,1,1,35.1,516,-16,
,"2016. 6.25",函館,1函3,500万,500万下・牝,4,8,イーグルアモン,牝,5,木幡初也,52▲,16,7,１, ,芝1200,稍,,(美),谷原義明,1094,-0.0,,5,5,35.3,462,-2,B
,"2016. 6.25",函館,1函3,新馬,新馬,2,2,オアシスクイーン,牝,2,城戸義政,52△,12,1,１, ,ダ1000,不,,(栗),佐藤正雄,0596,-0.2,,1,1,35.8,448,,
,"2016. 6.25",函館,1函3,新馬,新馬・牝,6,12,ロイヤルメジャー,牝,2,加藤祥太,52△,16,2,１, ,芝1200,稍,,(栗),山内研二,1102,-0.4,,1,1,36.2,432,,
,"2016. 6.25",函館,1函3,未勝利,未勝利,8,13,プライムセラー,牡,3,柴山雄一, 56 ,13,1,１, ,芝2600,稍,,(美),和田正一,2423,-0.2,4,2,1,36.0,494,-8,
,"2016. 6.25",函館,1函3,未勝利,未勝利・牝,4,6,ヌーヴェルダンス,牝,3,丸山元気, 54 ,15,7,１, ,芝1800,稍,,(美),木村哲也,1502,-0.2,8,10,7,36.0,438,+6,
,"2016. 6.25",函館,1函3,未勝利,未勝利,8,12,ティーゲット,牝,3,池添謙一, 54 ,13,2,１, ,ダ1700,不,,(栗),池添兼雄,1461,-0.0,1,1,1,37.9,470,-2,
,"2016. 6.25",函館,1函3,未勝利,未勝利,4,7,コパノチャンス,牡,3,丸山元気, 56 ,16,4,１, ,芝1200,稍,,(美),上原博之,1100,-0.2,,1,1,36.4,478,-2,
,"2016. 6.19",函館,1函2,1000万,北斗特Ｈ1000,7,14,ルグランフリソン,牡,3,三浦皇成, 53 ,16,4,１, ,芝1800,良,,(栗),中竹和也,1466,-0.0,1,1,1,34.8,458,-8,
,"2016. 6.19",函館,1函2,Ｇ３,函館スプG3,8,16,ソルヴェイグ,牝,3,丸田恭介, 50 ,16,12,１, ,芝1200,良,,(栗),鮫島一歩,1078,-0.0,,2,2,34.3,464,+4,
,"2016. 6.19",函館,1函2,500万,木古内特500,8,12,サトノファンタシー,牡,3,戸崎圭太, 54 ,12,1,１, ,ダ1700,稍,,(栗),松田国英,1456,-0.6,2,2,2,38.0,482,0,
,"2016. 6.19",函館,1函2,500万,500万下,3,4,テオドール,牡,3,戸崎圭太, 54 ,14,1,１, ,芝2000,良,,(美),国枝栄,1599,-0.0,5,6,3,35.2,528,-2,
,"2016. 6.19",函館,1函2,500万,500万下,1,1,トロピカルガーデン,牝,4,三浦皇成, 55 ,16,2,１, ,芝1200,良,,(美),武藤善則,1081,-0.1,,1,1,34.4,486,+18,
,"2016. 6.19",函館,1函2,500万,500万下,7,10,エポック,牡,3,藤岡佑介, 54 ,13,3,１, ,ダ1700,稍,,(栗),角田晃一,1457,-0.1,2,2,2,38.0,498,-4,B
,"2016. 6.19",函館,1函2,未勝利,未勝利,6,9,フィエスタオーレ,牝,3,加藤祥太,52△,14,5,１, ,芝1800,良,,(栗),吉村圭司,1486,-0.0,2,2,2,35.3,434,+4,
,"2016. 6.19",函館,1函2,新馬,新馬,5,5,モンドキャンノ,牡,2,戸崎圭太, 54 ,11,1,１, ,芝1200,良,,(栗),安田隆行,1094,-0.2,,2,3,34.1,472,,
,"2016. 6.19",函館,1函2,未勝利,未勝利,8,13,トウシンタイガー,牡,3,菱田裕二, 56 ,13,1,１, ,ダ1700,稍,,(栗),山内研二,1456,-0.8,6,2,1,38.4,508,-2,
,"2016. 6.19",函館,1函2,未勝利,未勝利,6,8,ハネト,牝,3,柴田善臣, 54 ,12,7,１, ,ダ1000,稍,,(美),柴田政人,0598,-0.0,,4,2,36.4,452,+2,
,"2016. 6.19",函館,1函2,未勝利,未勝利・牝,5,9,アイムウィッシング,牝,3,丹内祐次, 54 ,16,1,１, ,芝1200,良,,(栗),五十嵐忠,1092,-0.3,,8,6,34.8,442,+10,
,"2016. 6.19",函館,1函2,未勝利,未勝利,5,6,カフジキング,牡,3,岩田康誠, 56 ,13,1,１, ,ダ1700,稍,,(栗),松元茂樹,1476,-0.0,2,2,2,39.9,460,0,
,"2016. 6.18",函館,1函1,500万,遊楽部特500,8,15,フライングレディ,牝,3,三浦皇成, 52 ,16,3,１, ,芝1800,良,,(栗),須貝尚介,1473,-0.0,2,2,2,34.9,424,+6,
,"2016. 6.18",函館,1函1,1000万,ＨＴＢ杯1000,6,12,モズハツコイ,牝,5,川須栄彦, 55 ,16,10,１, ,芝1200,良,,(栗),牧田和弥,1086,-0.2,,10,6,34.3,468,-8,
,"2016. 6.18",函館,1函1,500万,駒ケ岳特500,6,7,ケルンダッシュ,牡,4,武豊, 57 ,11,2,１, ,芝2600,良,,(栗),五十嵐忠,2415,-0.1,5,5,2,34.4,484,-2,
,"2016. 6.18",函館,1函1,500万,500万下,6,7,スズカリバー,牡,4,武豊, 57 ,12,3,１, ,ダ1700,重,,(美),伊藤圭三,1442,-0.3,1,1,1,37.3,492,-2,B
,"2016. 6.18",函館,1函1,500万,500万下,5,9,ダンツレガリア,牡,4,松岡正海, 57 ,16,13,１, ,芝1200,良,,(栗),本田優,1091,-0.1,,11,9,34.0,448,-4,
,"2016. 6.18",函館,1函1,500万,500万下,5,6,クリノリーソクツモ,牝,4,藤岡佑介, 55 ,12,3,１, ,ダ1000,重,,(栗),作田誠二,0586,-0.0,,6,4,34.8,440,+6,
,"2016. 6.18",函館,1函1,未勝利,未勝利,4,7,カラビナ,牡,3,藤岡康太, 56 ,16,6,１, ,芝2000,良,,(栗),藤岡健一,2009,-0.2,13,1,1,35.2,510,-8,
,"2016. 6.18",函館,1函1,新馬,新馬,7,9,ザベストエバー,牡,2,武豊, 54 ,12,3,１, ,芝1000,良,,(美),武井亮,0574,-0.2,,1,1,34.0,440,,
,"2016. 6.18",函館,1函1,未勝利,未勝利,8,13,リキサンダイオー,牡,3,村田一誠, 56 ,13,4,１, ,ダ1700,重,,(美),奥平雅士,1457,-0.2,9,8,6,37.3,458,-2,
,"2016. 6.18",函館,1函1,未勝利,未勝利,3,3,チェイスダウン,牡,3,勝浦正樹, 56 ,12,4,１, ,ダ1000,重,,(美),水野貴広,0588,-0.2,,7,7,34.7,462,+2,
,"2016. 6.18",函館,1函1,未勝利,未勝利,8,15,タマモブリリアン,牝,3,藤岡康太, 54 ,16,5,１, ,芝1200,稍,,(栗),南井克巳,1090,-0.5,,1,1,34.6,460,+8,
,"2016. 6.18",函館,1函1,未勝利,未勝利・牝,3,3,ハヤブサプリプリ,牝,3,武豊, 54 ,13,2,１, ,ダ1700,重,,(美),藤原辰雄,1452,-0.1,7,7,5,37.0,450,0,
