Ｍ,日付(yyyy.mm.dd),場所,開催,クラス名,レース名,枠番,馬番,馬名,性別,年齢,騎手,斤量,頭数,人気,着順,芝(内・外),距離,馬場状態,多頭出し,所属,調教師,走破タイム,着差,2角,3角,4角,上り3F,馬体重,馬体重増減,ブリンカー
,"2026. 6. 7",阪神,3阪2,1勝,１勝ｸﾗｽ,3,3,チェリヴェント,牡,3,吉村誠之, 55 ,12,1,１, ,ダ1800,稍,,(栗),清水久詞,1513,-1.0,3,3,2,35.6,500,-4,B
,"2026. 6. 7",阪神,3阪2,ｵｰﾌﾟﾝ,水無月ＳＨ,3,6,アンズアメ,牝,4,川田将雅, 53 ,16,1,１, ,ダ1200,稍,,(栗),高柳大輔,1103,-0.0,,3,3,35.6,484,+2,
,"2026. 6. 7",阪神,3阪2,2勝,三木特別･2勝,1,1,ウインリベラシオン,牡,4,田口貫太, 58 ,9,4,１, 外,芝1800,稍,,(栗),緒方努,1477,-0.0,,4,4,33.8,498,-4,
,"2026. 6. 7",阪神,3阪2,2勝,洲本特別･2勝,2,4,リサシテーション,牡,3,菱田裕二, 55 ,16,3,１, ,ダ1400,稍,,(栗),岡田稲男,1234,-0.2,,7,7,35.6,464,0,
,"2026. 6. 7",阪神,3阪2,1勝,１勝ｸﾗｽ,7,14,ワンコールアウェイ,牝,4,川田将雅, 56 ,18,2,１, 内,芝1400,稍,,(栗),杉山晴紀,1205,-0.2,,9,9,33.3,470,+4,
,"2026. 6. 7",阪神,3阪2,1勝,１勝ｸﾗｽ・牝,4,8,ケイツーリーブル,牝,3,坂井瑠星, 53 ,16,3,１, ,ダ1800,稍,*,(美),千葉直人,1525,-0.0,15,15,15,36.4,448,-2,
,"2026. 6. 7",阪神,3阪2,未勝利,未勝利,2,4,エースフライト,牡,3,坂井瑠星, 57 ,16,3,１, 内,芝2000,稍,,(栗),池江泰寿,2000,-0.8,5,6,6,35.0,512,-2,
,"2026. 6. 7",阪神,3阪2,新馬,新馬,5,5,ビスケットサンド,牝,2,北村友一, 55 ,11,4,１, 内,芝1400,稍,,(栗),佐藤悠太,1219,-0.2,,6,6,34.4,454,,
,"2026. 6. 7",阪神,3阪2,未勝利,未勝利,4,8,ゼルダ,牝,3,高倉稜, 55 ,16,5,１, ,ダ1400,良,,(栗),鈴木孝志,1249,-0.1,,1,1,36.9,476,+8,
,"2026. 6. 7",阪神,3阪2,未勝利,未勝利,1,2,ロードヴェリタス,牡,3,西塚洸二, 57 ,16,1,１, ,ダ1800,良,,(栗),友道康夫,1542,-0.5,3,5,3,37.9,502,+2,
,"2026. 6. 7",阪神,3阪2,未勝利,未勝利・牝,6,10,サリエンテ,牝,3,西村淳也, 55 ,15,2,１, 外,芝1800,良,,(栗),池添学,1470,-0.2,,3,2,34.1,542,+20,
,"2026. 6. 7",阪神,3阪2,未勝利,障害未勝利,4,5,ロードオールライト,牡,5,小牧加矢, 60 ,14,4,１, ,ダ2970,良,,(栗),中内田充,3235,-0.0,2,2,2,13.7,520,-2,
,"2026. 6. 6",阪神,3阪1,1勝,１勝ｸﾗｽ,1,1,フェスティヴドレス,牝,3,岩田望来, 53 ,16,3,１, ,ダ1400,良,,(栗),岡田稲男,1241,-0.1,,6,5,36.8,458,0,
,"2026. 6. 6",阪神,3阪1,3勝,垂水Ｓ･3勝,2,2,ジーティーダーリン,牡,4,松本大輝, 58 ,11,7,１, 内,芝2000,良,,(栗),田中克典,1587,-0.3,1,1,1,34.1,508,-2,
,"2026. 6. 6",阪神,3阪1,2勝,加古川特･2勝,4,4,バトンインディ,牡,5,幸英明, 58 ,12,2,１, ,ダ1800,良,,(栗),安達昭夫,1528,-0.3,2,2,2,36.6,472,-2,B
,"2026. 6. 6",阪神,3阪1,1勝,城崎特別･1勝,3,3,カフジエメンタール,牡,3,坂井瑠星, 55 ,9,1,１, 外,芝1800,良,,(栗),矢作芳人,1455,-0.2,,2,2,33.9,526,0,
,"2026. 6. 6",阪神,3阪1,1勝,１勝ｸﾗｽ,5,5,マイバレンタイン,牡,3,田口貫太, 54 ,9,5,１, 内,芝2200,良,,(栗),池江泰寿,2130,-0.3,2,2,2,33.4,514,+2,
,"2026. 6. 6",阪神,3阪1,未勝利,未勝利,3,5,ビーチェマーレ,牡,3,西塚洸二, 57 ,18,3,１, 外,芝1600,良,*,(栗),友道康夫,1328,-0.0,,5,4,34.1,496,+6,
,"2026. 6. 6",阪神,3阪1,未勝利,未勝利,7,14,メイショウコシュウ,牡,3,武豊, 57 ,16,2,１, ,ダ1800,良,,(栗),松永幹夫,1542,-0.3,2,2,2,37.0,488,-8,
,"2026. 6. 6",阪神,3阪1,新馬,新馬,5,5,ジーティーサクラ,牝,2,北村友一, 55 ,6,2,１, 外,芝1600,良,,(栗),吉岡辰弥,1363,-0.3,,3,3,32.4,464,,
,"2026. 6. 6",阪神,3阪1,未勝利,未勝利,2,3,タナブイハチターボ,牡,3,幸英明, 57 ,16,1,１, 内,芝1200,良,,(栗),大根田裕,1085,-0.0,,1,1,34.4,500,-4,
,"2026. 6. 6",阪神,3阪1,未勝利,未勝利・牝,5,10,ドリームキャリー,牝,3,田山旺佑,53△,16,4,１, ,ダ1800,良,,(栗),新谷功一,1546,-1.3,2,2,2,37.9,450,0,
,"2026. 6. 6",阪神,3阪1,未勝利,未勝利,3,5,ビスケットアソート,牡,3,富田暁, 57 ,16,3,１, ,ダ1200,良,,(栗),武英智,1122,-0.1,,8,8,36.3,470,0,
,"2026. 6. 6",阪神,3阪1,未勝利,未勝利・牝,6,11,アクアアイ,牝,3,岩田望来, 55 ,16,1,１, ,ダ1400,良,,(栗),四位洋文,1245,-0.6,,2,2,37.3,446,0,
,"2026. 4.19",阪神,2阪8,2勝,２勝ｸﾗｽ・牝,1,1,ウィンターダフネ,牝,6,柴田裕一,54△,10,3,１, ,ダ1800,良,,(栗),橋田宜長,1519,-1.4,9,1,1,37.2,490,+10,
,"2026. 4.19",阪神,2阪8,3勝,立雲峡Ｓ･3勝,5,5,スイープアワーズ,牡,6,国分優作, 58 ,10,4,１, 外,芝1600,良,,(栗),宮地貴稔,1316,-0.2,,9,10,32.9,460,-2,
,"2026. 4.19",阪神,2阪8,3勝,陽春ＳＨ･3勝,3,3,ゼットエール,牡,4,松本大輝, 57 ,13,1,１, ,ダ1200,良,,(栗),吉田直弘,1103,-0.1,,2,2,35.4,506,-4,
,"2026. 4.19",阪神,2阪8,2勝,蓬莱峡特･2勝,2,2,ピンキープロミス,牡,6,国分優作, 58 ,10,8,１, 内,芝2000,良,,(美),畠山吉宏,1596,-0.2,4,4,4,34.7,484,0,B
,"2026. 4.19",阪神,2阪8,1勝,１勝ｸﾗｽ,8,10,レヴァンテシチー,牡,4,吉村誠之, 58 ,11,2,１, ,ダ1800,良,,(栗),柴田卓,1522,-0.1,6,5,2,36.8,490,-2,
,"2026. 4.19",阪神,2阪8,1勝,１勝ｸﾗｽ*,2,2,アヴィオン,牝,3,菱田裕二, 55 ,8,1,１, 外,芝1600,良,,(栗),岡田稲男,1339,-0.3,,3,4,33.2,462,-14,
,"2026. 4.19",阪神,2阪8,1勝,１勝ｸﾗｽ*,5,8,エコロレバン,牝,3,酒井学, 55 ,15,5,１, ,ダ1200,良,,(栗),大久保龍,1116,-0.2,,1,1,37.0,466,+2,
,"2026. 4.19",阪神,2阪8,未勝利,未勝利,8,13,ダノンシーホーク,牡,3,松本大輝, 57 ,13,10,１, 内,芝2200,良,,(栗),大久保龍,2130,-0.0,4,3,3,35.6,476,-4,
,"2026. 4.19",阪神,2阪8,未勝利,障害未勝利,4,5,ネイチャーシップ,牡,8,大江原圭, 60 ,14,2,１, ,ダ2970,良,,(美),畠山吉宏,3228,-1.0,4,3,2,13.7,504,-10,
,"2026. 4.19",阪神,2阪8,未勝利,未勝利,1,1,バロニアル,牡,3,酒井学, 57 ,16,9,１, ,ダ1400,良,,(栗),柴田卓,1250,-0.0,,1,1,38.0,508,0,
,"2026. 4.19",阪神,2阪8,未勝利,未勝利・牝,8,15,ベルシュヴァル,牝,3,鮫島克駿, 55 ,16,6,１, 内,芝2000,良,,(栗),中村直也,2011,-0.1,1,1,1,34.7,414,0,
,"2026. 4.19",阪神,2阪8,未勝利,未勝利,8,15,マーゴットバディ,セ,3,鮫島克駿, 57 ,16,2,１, ,ダ1800,良,,(栗),石坂公一,1533,-0.0,1,1,1,38.1,492,-4,B
,"2026. 4.18",阪神,2阪7,1勝,１勝ｸﾗｽ,8,14,インディゴアスール,牡,4,松山弘平, 58 ,15,6,１, ,ダ1200,良,,(栗),鈴木孝志,1114,-0.2,,4,4,36.3,530,0,
,"2026. 4.18",阪神,2阪7,Ｇ３,アンタレG3,2,4,ムルソー,牡,5,坂井瑠星, 57 ,16,1,１, ,ダ1800,良,,(栗),池江泰寿,1503,-0.2,1,1,1,35.8,512,+2,
,"2026. 4.18",阪神,2阪7,2勝,丹波特別･2勝,7,7,ガンマジーティーピ,牡,4,岩田望来, 58 ,9,3,１, 内,芝1400,良,,(栗),渡辺薫彦,1202,-0.0,,3,3,34.0,468,-2,
,"2026. 4.18",阪神,2阪7,2勝,吹田特別･2勝,3,3,メイケイレイン,牡,4,池添謙一, 58 ,14,2,１, ,ダ1400,良,,(栗),中竹和也,1232,-0.1,,9,8,34.8,452,+4,
,"2026. 4.18",阪神,2阪7,1勝,１勝ｸﾗｽ,4,4,ノラリクラリ,牡,4,高杉吏麒, 58 ,9,1,１, 外,芝2400,良,,(栗),藤岡健一,2275,-0.1,3,5,4,33.5,452,+12,
,"2026. 4.18",阪神,2阪7,1勝,１勝ｸﾗｽ,2,2,エーデルヴェーグ,牝,4,レーン, 56 ,14,1,１, 外,芝1600,良,,(栗),田中克典,1339,-0.1,,4,4,32.8,444,0,
,"2026. 4.18",阪神,2阪7,1勝,１勝ｸﾗｽ・牝*,5,8,ロイスター,牝,3,浜中俊, 55 ,15,8,１, ,ダ1800,良,,(栗),笹田和秀,1522,-0.1,11,10,11,37.3,444,-10,
,"2026. 4.18",阪神,2阪7,1勝,１勝ｸﾗｽ*,3,3,イベントホライゾン,牡,3,松山弘平, 57 ,6,1,１, 内,芝2000,良,,(栗),池江泰寿,2000,-0.1,3,3,3,34.2,486,-4,
,"2026. 4.18",阪神,2阪7,未勝利,未勝利,3,5,ダノンテムズ,牡,3,レーン, 57 ,18,1,１, 外,芝1800,良,,(栗),寺島良,1458,-0.2,,8,7,33.8,456,+2,
,"2026. 4.18",阪神,2阪7,未勝利,未勝利,5,9,フィサブロス,牡,3,松山弘平, 57 ,15,2,１, ,ダ2000,良,,(栗),橋口慎介,2070,-0.4,1,1,1,37.9,460,+2,
,"2026. 4.18",阪神,2阪7,未勝利,未勝利,8,16,ウェルカムソング,牡,3,岩田望来, 57 ,16,2,１, ,ダ1200,良,,(栗),河嶋宏樹,1116,-0.6,,2,2,35.8,464,-2,
,"2026. 4.18",阪神,2阪7,未勝利,未勝利・牝,4,6,アグレイビューティ,牝,3,岩田望来, 55 ,15,2,１, ,ダ1800,良,*,(栗),上村洋行,1547,-0.1,3,4,3,37.4,466,-2,
,"2026. 4.12",阪神,2阪6,3勝,梅田Ｓ･3勝,5,6,ダブルジョーク,牡,6,池添謙一, 58 ,13,7,１, ,ダ2000,良,,(栗),小林真也,2046,-0.3,13,13,7,35.6,570,+2,
,"2026. 4.12",阪神,2阪6,Ｇ１,桜花賞G1,7,15,スターアニス,牝,3,松山弘平, 55 ,18,1,１, 外,芝1600,良,,(栗),高野友和,1315,-0.4,,9,9,33.7,480,+2,
,"2026. 4.12",阪神,2阪6,3勝,京橋ＳＨ･3勝,2,2,マイネルエニグマ,牡,8,津村明秀, 57 ,15,6,１, 内,芝2000,良,,(栗),吉田直弘,1596,-0.0,7,7,7,33.9,478,-6,
,"2026. 4.12",阪神,2阪6,OP(L),忘れな草(L),8,14,ジュウリョクピエロ,牝,3,今村聖奈, 55 ,14,7,１, 内,芝2000,良,,(栗),寺島良,1591,-0.4,14,13,9,35.2,466,-4,
,"2026. 4.12",阪神,2阪6,2勝,川西特別･2勝,1,1,スマートカイロス,牡,4,高杉吏麒, 58 ,11,6,１, ,ダ1800,良,,(栗),矢作芳人,1511,-0.1,1,1,1,36.6,504,-4,
,"2026. 4.12",阪神,2阪6,2勝,２勝ｸﾗｽ,2,2,ジャサルディア,牝,4,ルメール, 56 ,11,1,１, 外,芝1600,良,,(美),萩原清,1319,-0.1,,6,5,33.5,470,0,
,"2026. 4.12",阪神,2阪6,1勝,１勝ｸﾗｽ,8,10,ソニックステップ,牡,4,西村淳也, 58 ,10,1,１, ,ダ1800,稍,,(栗),高野友和,1518,-0.1,2,2,2,37.3,528,0,
,"2026. 4.12",阪神,2阪6,1勝,１勝ｸﾗｽ*,4,8,リサシテーション,牡,3,菱田裕二, 57 ,16,8,１, ,ダ1400,稍,,(栗),岡田稲男,1238,-0.2,,13,12,35.6,464,-2,
,"2026. 4.12",阪神,2阪6,未勝利,未勝利,6,11,ララファキュルテ,牡,3,団野大成, 57 ,18,1,１, 外,芝1600,良,,(栗),斉藤崇史,1336,-0.0,,5,3,35.1,476,-2,
,"2026. 4.12",阪神,2阪6,未勝利,未勝利,5,9,ミスヘンリー,牝,3,幸英明, 55 ,16,2,１, ,ダ1200,稍,*,(栗),羽月友彦,1124,-0.2,,4,4,36.5,428,+6,
,"2026. 4.12",阪神,2阪6,未勝利,未勝利,4,8,スマートグロワール,牡,3,北村友一, 57 ,16,1,１, ,ダ1800,稍,,(栗),畑端省吾,1529,-0.6,2,2,2,36.4,528,+2,
,"2026. 4.12",阪神,2阪6,未勝利,未勝利・牝,3,6,ステライヴ,牝,3,西村淳也, 55 ,16,3,１, ,ダ1400,稍,,(栗),杉山晴紀,1252,-0.0,,7,3,37.1,474,,
,"2026. 4.11",阪神,2阪5,2勝,２勝ｸﾗｽ,1,1,ゼンノツキヨミ,牝,5,松山弘平, 56 ,16,6,１, ,ダ1200,重,,(栗),秋山真一,1107,-0.0,,1,1,36.3,444,-4,
,"2026. 4.11",阪神,2阪5,Ｇ２,阪神牝馬G2,1,1,エンブロイダリー,牝,4,ルメール, 57 ,10,1,１, 外,芝1600,良,,(美),森一誠,1316,-0.0,,1,1,33.5,496,+14,
,"2026. 4.11",阪神,2阪5,ｵｰﾌﾟﾝ,大阪―ハＨ,7,10,ウィクトルウェルス,牡,4,ルメール, 56 ,13,1,１, 外,芝2600,良,,(美),宮田敬介,2369,-0.0,11,8,6,33.1,510,-14,
,"2026. 4.11",阪神,2阪5,2勝,明石特別･2勝,1,1,ファームツエンティ,セ,6,松山弘平, 58 ,8,3,１, 外,芝2400,良,,(栗),北出成人,2274,-0.0,4,4,5,33.2,446,-2,
,"2026. 4.11",阪神,2阪5,1勝,１勝ｸﾗｽ,5,9,モズケイスター,牡,4,坂井瑠星, 58 ,16,1,１, ,ダ1400,重,,(栗),高柳大輔,1240,-0.0,,7,7,35.8,480,+6,
,"2026. 4.11",阪神,2阪5,1勝,１勝ｸﾗｽ・牝,3,3,エアニゲラ,牝,4,松山弘平, 56 ,11,2,１, ,ダ1800,重,,(栗),池添学,1522,-0.1,1,1,1,37.3,460,+8,
,"2026. 4.11",阪神,2阪5,1勝,１勝ｸﾗｽ*,8,14,デアヴェローチェ,牝,3,岩田望来, 55 ,15,1,１, 内,芝1200,稍,,(栗),上村洋行,1084,-0.0,,6,7,33.6,454,+4,
,"2026. 4.11",阪神,2阪5,1勝,１勝ｸﾗｽ*,5,5,チュウワカーネギー,牡,3,西村淳也, 57 ,12,3,１, ,ダ1800,重,,(栗),大久保龍,1500,-0.0,1,1,1,36.7,518,+4,
,"2026. 4.11",阪神,2阪5,未勝利,未勝利,3,6,オリオンブレード,牡,3,坂井瑠星, 57 ,16,1,１, 内,芝2000,稍,,(栗),矢作芳人,2012,-0.1,3,3,3,35.5,510,-8,
,"2026. 4.11",阪神,2阪5,未勝利,未勝利,3,3,ジュンドラドラ,牡,3,西村淳也, 57 ,13,1,１, ,ダ1800,重,,(栗),清水久詞,1518,-1.2,2,2,1,38.2,550,+4,
,"2026. 4.11",阪神,2阪5,未勝利,未勝利,3,5,ゼロヴィジビリティ,牡,3,坂井瑠星, 57 ,16,1,１, ,ダ1400,重,,(栗),寺島良,1232,-0.8,,1,1,37.7,506,+30,
,"2026. 4.11",阪神,2阪5,未勝利,未勝利・牝,4,7,イルカンダ,牝,3,菱田裕二, 55 ,16,2,１, ,ダ1800,重,,(栗),小崎憲,1533,-0.1,1,1,1,39.4,518,0,
,"2026. 4. 5",阪神,2阪4,3勝,天満橋Ｓ･3勝,8,16,ルークススペイ,牡,4,川田将雅, 58 ,16,4,１, ,ダ1400,重,,(美),伊藤圭三,1224,-0.0,,6,7,35.9,484,-2,
,"2026. 4. 5",阪神,2阪4,Ｇ１,大阪杯G1,8,15,クロワデュノール,牡,4,北村友一, 58 ,15,1,１, 内,芝2000,良,,(栗),斉藤崇史,1576,-0.1,8,6,4,34.9,522,+10,
,"2026. 4. 5",阪神,2阪4,3勝,心斎橋Ｈ･3勝,3,6,ミトノオルフェ,牡,4,ルメール, 56 ,18,2,１, 内,芝1400,良,,(栗),前川恭子,1197,-0.2,,11,11,34.1,504,-6,
,"2026. 4. 5",阪神,2阪4,ｵｰﾌﾟﾝ,バイオレ,5,6,エコロレーヴ,牡,3,団野大成, 57 ,12,3,１, ,ダ1400,重,,(栗),森秀行,1225,-0.1,,1,1,35.8,504,-6,
,"2026. 4. 5",阪神,2阪4,2勝,２勝ｸﾗｽ,4,4,モアリジット,牡,5,古川奈穂,56◇,11,6,１, 外,芝1800,稍,,(栗),西村真幸,1467,-0.0,,1,1,34.6,502,+2,B
,"2026. 4. 5",阪神,2阪4,2勝,２勝ｸﾗｽ,7,13,マテンロウブレイブ,牡,4,横山典弘, 58 ,15,1,１, ,ダ1800,重,,(栗),高橋亮,1502,-0.5,15,15,15,35.2,488,0,
,"2026. 4. 5",阪神,2阪4,1勝,１勝ｸﾗｽ,3,3,エボルヴィング,牡,5,ルメール, 58 ,9,1,１, 内,芝2000,稍,,(栗),藤原英昭,1596,-0.1,4,4,4,35.7,466,+16,
,"2026. 4. 5",阪神,2阪4,1勝,１勝ｸﾗｽ*,8,12,シルバーレシオ,牡,3,岩田望来, 57 ,13,1,１, ,ダ1800,重,,(栗),野中賢二,1502,-0.0,11,9,9,35.1,510,+2,
,"2026. 4. 5",阪神,2阪4,未勝利,未勝利,6,11,カモンメーン,牡,3,坂井瑠星, 57 ,15,2,１, 外,芝2400,稍,,(栗),杉山晴紀,2264,-0.5,5,4,2,35.1,482,-4,
,"2026. 4. 5",阪神,2阪4,未勝利,未勝利,8,15,ゴーイングムーン,牝,3,高杉吏麒, 55 ,16,12,１, ,ダ1200,重,*,(栗),千田輝彦,1110,-0.3,,4,2,35.8,478,0,
,"2026. 4. 5",阪神,2阪4,未勝利,未勝利,8,13,タイセイサーブル,牡,3,鮫島克駿, 57 ,13,1,１, ,ダ1800,重,,(栗),高野友和,1528,-0.3,1,1,1,36.3,476,+2,
,"2026. 4. 5",阪神,2阪4,未勝利,未勝利・牝,2,3,ジーティーアリア,牝,3,北村友一, 55 ,15,8,１, ,ダ1400,重,,(栗),田中克典,1241,-0.1,,2,2,37.0,450,-6,
,"2026. 4. 4",阪神,2阪3,2勝,２勝ｸﾗｽ,6,11,テイエムヒショウ,牡,6,田山旺佑,55▲,15,14,１, ,ダ1400,重,,(栗),浜田多実,1228,-0.1,,1,1,36.1,510,+14,
,"2026. 4. 4",阪神,2阪3,Ｇ３,チャーチG3,8,14,アスクイキゴミ,牡,3,坂井瑠星, 57 ,14,5,１, 外,芝1600,稍,,(栗),藤原英昭,1341,-0.1,,2,2,33.7,492,-8,
,"2026. 4. 4",阪神,2阪3,ｵｰﾌﾟﾝ,ポラリスＨ,3,5,キタノズエッジ,牡,5,古川吉洋, 57 ,16,4,１, ,ダ1400,稍,,(栗),畑端省吾,1222,-0.1,,10,9,35.6,550,+6,
,"2026. 4. 4",阪神,2阪3,1勝,アザレア･1勝,4,4,ブラックオリンピア,牡,3,川田将雅, 57 ,9,2,１, 外,芝2400,稍,,(栗),友道康夫,2270,-0.3,3,3,3,34.1,534,+2,
,"2026. 4. 4",阪神,2阪3,2勝,２勝ｸﾗｽ,2,2,ディアドコス,牡,6,吉村誠之, 58 ,9,1,１, 内,芝1200,稍,,(栗),羽月友彦,1086,-0.3,,6,6,32.6,496,-2,
,"2026. 4. 4",阪神,2阪3,1勝,１勝ｸﾗｽ,5,5,アークドール,牡,5,武豊, 58 ,9,2,１, ,ダ1800,稍,,(栗),松永幹夫,1525,-0.1,8,7,5,36.9,452,+2,
,"2026. 4. 4",阪神,2阪3,1勝,１勝ｸﾗｽ,1,2,メイショウゴールド,牡,4,幸英明, 58 ,16,3,１, ,ダ1200,稍,,(栗),荒川義之,1117,-0.5,,3,4,36.0,456,+4,
,"2026. 4. 4",阪神,2阪3,未勝利,未勝利,6,11,ラヴィニール,牝,3,北村友一, 55 ,18,5,１, 外,芝1800,良,,(栗),武英智,1476,-0.2,,1,1,33.8,460,+12,
,"2026. 4. 4",阪神,2阪3,未勝利,未勝利,3,6,マイティキングダム,牡,3,富田暁, 57 ,18,2,１, 内,芝1400,良,,(栗),加藤公太,1216,-0.1,,3,3,35.0,460,-2,
,"2026. 4. 4",阪神,2阪3,未勝利,未勝利,7,11,ゴンタ,牡,3,松若風馬, 57 ,14,4,１, ,ダ1800,稍,,(栗),小崎憲,1544,-0.5,14,12,7,36.8,514,-10,
,"2026. 4. 4",阪神,2阪3,未勝利,未勝利,8,15,バトルアックス,牡,3,坂井瑠星, 57 ,16,2,１, ,ダ1400,稍,,(栗),今野貞一,1237,-0.6,,5,2,36.3,518,+10,
,"2026. 4. 4",阪神,2阪3,未勝利,未勝利・牝,8,16,ペトリコール,牝,3,ルメール, 55 ,16,1,１, ,ダ1800,稍,,(栗),上村洋行,1542,-0.4,2,2,2,37.0,492,+4,
,"2026. 3.29",阪神,2阪2,2勝,２勝ｸﾗｽ,5,10,ハリーケーン,牡,4,幸英明, 58 ,16,2,１, ,ダ1200,良,,(栗),大根田裕,1114,-0.1,,3,3,36.6,524,-4,
,"2026. 3.29",阪神,2阪2,OP(L),六甲Ｓ(L),5,6,ベラジオボンド,牡,5,池添謙一, 57 ,13,1,１, 外,芝1600,良,,(栗),上村洋行,1320,-0.1,,4,4,33.9,494,-4,B
,"2026. 3.29",阪神,2阪2,3勝,御堂筋Ｓ･3勝,4,4,ギャンブルルーム,牡,5,幸英明, 58 ,11,6,１, 外,芝2400,良,,(栗),大久保龍,2232,-0.3,7,7,6,33.9,504,0,
,"2026. 3.29",阪神,2阪2,1勝,１勝ｸﾗｽ,8,14,テイエムパイロット,牡,4,柴田裕一,56△,15,2,１, ,ダ1800,良,,(栗),秋山真一,1522,-1.0,3,3,2,38.8,504,-14,
,"2026. 3.29",阪神,2阪2,2勝,四国新聞･2勝,4,4,エコテーラー,牝,5,藤懸貴志, 56 ,7,6,１, 内,芝2000,良,,(栗),石橋守,2002,-0.0,1,1,1,35.4,508,-2,
,"2026. 3.29",阪神,2阪2,1勝,１勝ｸﾗｽ,2,2,テーオーシュタイン,牡,4,藤懸貴志, 58 ,14,3,１, 内,芝1400,良,,(栗),梅田智之,1202,-0.1,,6,6,33.7,468,-4,
,"2026. 3.29",阪神,2阪2,1勝,１勝ｸﾗｽ*,1,1,カネコメブライト,牝,3,吉村誠之, 55 ,10,5,１, ,ダ1200,良,,(栗),中尾秀正,1123,-0.1,,3,4,36.5,476,+8,
,"2026. 3.29",阪神,2阪2,未勝利,未勝利,5,5,サイモンシャリオ,牡,3,松若風馬, 57 ,12,2,１, 内,芝2000,良,,(栗),梅田智之,2004,-0.0,5,5,3,34.9,486,-4,
,"2026. 3.29",阪神,2阪2,未勝利,障害未勝利,2,2,ケイテンアイジン,牡,4,小坂忠士, 59 ,14,7,１, ,ダ2970,良,*,(栗),谷潔,3283,-0.2,1,1,1,14.0,508,0,
,"2026. 3.29",阪神,2阪2,未勝利,未勝利,7,14,シャープインサイト,牡,3,菱田裕二, 57 ,16,6,１, ,ダ1400,良,*,(栗),東田明士,1261,-0.5,,5,4,37.9,424,-8,B
,"2026. 3.29",阪神,2阪2,未勝利,未勝利,3,3,ミスターエメラルド,牡,3,岩田望来, 57 ,9,1,１, ,ダ2000,良,,(栗),中村直也,2069,-0.3,1,1,1,38.3,514,-2,
,"2026. 3.29",阪神,2阪2,未勝利,未勝利・牝,1,1,ロイスター,牝,3,西塚洸二, 55 ,14,6,１, ,ダ1800,良,,(栗),笹田和秀,1557,-0.0,11,10,11,37.8,454,,
,"2026. 3.28",阪神,2阪1,2勝,２勝ｸﾗｽ,7,12,ギュルヴィ,牡,4,武豊, 58 ,14,1,１, ,ダ2000,良,,(栗),大久保龍,2053,-0.1,2,2,2,37.7,512,-2,
,"2026. 3.28",阪神,2阪1,Ｇ３,毎日杯G3,4,4,アルトラムス,牡,3,岩田望来, 57 ,7,1,１, 外,芝1800,良,,(栗),野中賢二,1451,-0.1,,5,5,33.1,474,0,
,"2026. 3.28",阪神,2阪1,2勝,仲春特Ｈ･2勝,8,11,ヨウシタンレイ,牝,6,岩田望来, 55 ,11,2,１, 内,芝1400,良,,(栗),藤野健太,1198,-0.0,,6,7,34.0,474,+6,
,"2026. 3.28",阪神,2阪1,1勝,君子蘭賞･1勝,2,2,アンジュドジョワ,牝,3,岩田望来, 55 ,7,2,１, 外,芝1800,良,,(栗),福永祐一,1467,-0.4,,3,4,34.1,436,-10,
,"2026. 3.28",阪神,2阪1,ｵｰﾌﾟﾝ,三木ホー,4,4,ホウオウプロサンゲ,牡,5,小野寺祐, 59 ,11,1,１, ,芝3140,良,,(栗),矢作芳人,3298,-1.7,2,2,1,13.4,502,-10,
,"2026. 3.28",阪神,2阪1,1勝,１勝ｸﾗｽ・牝,8,11,ラピダリア,牝,5,団野大成, 56 ,12,12,１, ,ダ1400,良,,(栗),吉田直弘,1244,-0.2,,11,10,36.4,468,+2,
,"2026. 3.28",阪神,2阪1,1勝,１勝ｸﾗｽ*,4,4,メランコリニスタ,牝,3,岩田望来, 55 ,11,3,１, 内,芝1400,良,,(栗),吉村圭司,1205,-0.0,,1,1,35.6,450,0,
,"2026. 3.28",阪神,2阪1,未勝利,未勝利,5,10,ラヴリーティアラ,牝,3,団野大成, 55 ,18,8,１, 外,芝1600,良,,(栗),須貝尚介,1340,-0.2,,10,10,34.0,406,-12,
,"2026. 3.28",阪神,2阪1,未勝利,未勝利,1,1,レイサンソク,牡,3,松山弘平, 57 ,13,2,１, ,ダ1800,稍,,(栗),吉村圭司,1528,-0.2,5,4,3,37.5,524,+2,
,"2026. 3.28",阪神,2阪1,未勝利,未勝利,1,2,レッドレベンディス,牡,3,武豊, 57 ,16,3,１, ,ダ1200,稍,,(栗),庄野靖志,1125,-0.2,,6,8,37.0,448,+4,
,"2026. 3.28",阪神,2阪1,未勝利,未勝利,7,9,ロードアマルフィ,牡,3,吉村誠之, 57 ,11,1,１, ,ダ1800,稍,,(栗),中村直也,1533,-2.3,2,1,1,38.1,518,+6,
,"2026. 3.28",阪神,2阪1,未勝利,未勝利・牝,1,2,ゴールドヴィーナス,牝,3,団野大成, 55 ,16,4,１, ,ダ1200,稍,,(栗),森秀行,1121,-0.1,,1,1,37.2,452,-6,
,"2026. 3.22",阪神,1阪A,2勝,２勝ｸﾗｽ,6,8,ゲイルライダー,牡,4,岩田望来, 58 ,13,1,１, ,ダ1400,良,,(栗),牧浦充徳,1236,-0.9,,2,2,35.4,506,-10,
,"2026. 3.22",阪神,1阪A,Ｇ２,阪神大賞G2,1,1,アドマイヤテラ,牡,5,武豊, 58 ,10,1,１, 内,芝3000,良,,(栗),友道康夫,3020,-0.5,6,5,3,34.1,504,+6,
,"2026. 3.22",阪神,1阪A,ｵｰﾌﾟﾝ,レグルス,2,4,テーオーグランビル,牡,6,岩田望来, 58 ,16,6,１, ,ダ1800,良,,(栗),上村洋行,1517,-0.0,2,2,2,36.8,504,+2,
,"2026. 3.22",阪神,1阪A,2勝,皆生特別･2勝,4,4,テラメリタ,牝,5,川田将雅, 56 ,8,1,１, 外,芝1600,良,,(栗),須貝尚介,1327,-0.1,,3,3,34.3,484,0,
,"2026. 3.22",阪神,1阪A,1勝,１勝ｸﾗｽ,7,8,メイショウカスガイ,牡,4,角田大和, 58 ,10,7,１, ,ダ1800,良,,(栗),角田晃一,1543,-0.2,1,1,1,38.3,500,-8,
,"2026. 3.22",阪神,1阪A,1勝,１勝ｸﾗｽ,6,6,セイキュート,牝,4,坂井瑠星, 55 ,11,1,１, 外,芝2400,良,,(栗),四位洋文,2271,-0.2,6,2,2,34.0,476,-2,
,"2026. 3.22",阪神,1阪A,1勝,１勝ｸﾗｽ*,7,10,セイントエルモズ,牡,3,斎藤新, 57 ,13,11,１, ,ダ1800,良,,(美),小島茂之,1534,-0.3,10,2,2,37.8,546,+6,
,"2026. 3.22",阪神,1阪A,1勝,１勝ｸﾗｽ*,8,11,シラヌイ,牝,3,松山弘平, 55 ,11,6,１, 内,芝1200,良,,(栗),高橋亮,1083,-0.2,,2,1,34.6,444,-2,
,"2026. 3.22",阪神,1阪A,未勝利,未勝利,4,8,ゴールドアクセス,牡,3,武豊, 57 ,17,1,１, 外,芝2400,良,,(栗),寺島良,2281,-0.0,5,5,4,34.4,442,-4,
,"2026. 3.22",阪神,1阪A,未勝利,未勝利,7,10,ヴォンドゥ,牝,3,森田誠也,52▲,13,5,１, ,ダ1200,良,,(栗),小栗実,1129,-0.3,,6,4,36.3,418,+2,
,"2026. 3.22",阪神,1阪A,未勝利,未勝利,1,1,アーサーバローズ,牡,3,岩田望来, 57 ,13,3,１, ,ダ1800,良,,(栗),寺島良,1547,-0.1,3,3,3,37.6,492,-2,B
,"2026. 3.22",阪神,1阪A,未勝利,未勝利・牝,8,14,シオンダンサー,牝,3,川田将雅, 55 ,14,1,１, ,ダ1400,良,,(栗),斉藤崇史,1258,-0.9,,1,1,38.1,464,+4,
,"2026. 3.21",阪神,1阪9,1勝,１勝ｸﾗｽ,5,8,タイセイディアマン,牡,4,田口貫太, 58 ,15,3,１, ,ダ1200,良,,(栗),大橋勇樹,1122,-0.3,,5,5,36.0,464,+2,
,"2026. 3.21",阪神,1阪9,OP(L),若葉Ｓ(L),1,1,マテンロウゲイル,牡,3,横山和生, 57 ,12,1,１, 内,芝2000,良,*,(栗),野中賢二,1585,-0.4,6,6,6,33.9,502,-2,
,"2026. 3.21",阪神,1阪9,3勝,淀屋橋Ｈ･3勝,5,10,ナムラローズマリー,牝,5,幸英明, 54 ,16,11,１, 内,芝1200,良,,(栗),羽月友彦,1079,-0.2,,9,9,33.2,462,-6,
,"2026. 3.21",阪神,1阪9,2勝,淡路特別･2勝,5,5,ウインデイジー,牝,5,横山和生, 56 ,8,5,１, 外,芝2600,良,*,(栗),宮徹,2396,-0.0,4,4,4,34.1,450,0,
,"2026. 3.21",阪神,1阪9,2勝,２勝ｸﾗｽ,7,9,ドラゴン,牡,4,武豊, 58 ,12,1,１, ,ダ1800,良,,(栗),松永幹夫,1519,-0.2,3,2,2,37.8,502,-2,
,"2026. 3.21",阪神,1阪9,1勝,１勝ｸﾗｽ・牝,4,4,アロマフェリス,牝,4,坂井瑠星, 56 ,11,1,１, ,ダ1800,良,,(栗),辻野泰之,1539,-0.3,6,7,5,37.4,404,+10,
,"2026. 3.21",阪神,1阪9,1勝,１勝ｸﾗｽ*,3,5,ケブランリ,牡,3,丸山元気, 57 ,16,8,１, ,ダ1400,良,,(美),加藤士津,1238,-0.1,,2,2,36.4,492,-8,
,"2026. 3.21",阪神,1阪9,未勝利,未勝利,7,15,テイエムアイラン,牝,3,丹内祐次, 55 ,18,6,１, 外,芝1600,良,,(栗),宮地貴稔,1346,-0.1,,2,2,34.4,410,+2,
,"2026. 3.21",阪神,1阪9,未勝利,未勝利,8,15,ポッドリプル,牡,3,松山弘平, 57 ,15,1,１, ,ダ1400,稍,,(栗),辻野泰之,1248,-0.2,,6,5,36.3,466,-4,
,"2026. 3.21",阪神,1阪9,未勝利,未勝利,4,4,クラッチスラッガー,牡,3,幸英明, 57 ,10,2,１, ,ダ2000,稍,,(栗),池添学,2073,-0.3,1,1,1,37.4,504,-10,B
,"2026. 3.21",阪神,1阪9,未勝利,未勝利,7,10,ラヴネヴァーダイズ,牡,3,松山弘平, 57 ,13,1,１, ,ダ1200,稍,,(栗),渡辺薫彦,1133,-0.2,,3,3,36.8,484,-6,
,"2026. 3.21",阪神,1阪9,未勝利,未勝利・牝,3,3,クレマチス,牝,3,坂井瑠星, 55 ,10,3,１, ,ダ1800,稍,,(栗),杉山佳明,1548,-0.2,3,4,4,37.4,496,0,
,"2026. 3.15",阪神,1阪8,2勝,２勝ｸﾗｽ・牝,4,5,スニーカースキル,牝,4,鮫島克駿, 56 ,13,4,１, ,ダ1400,良,,(栗),杉山晴紀,1245,-0.0,,1,1,36.1,498,+4,
,"2026. 3.15",阪神,1阪8,ｵｰﾌﾟﾝ,米子城ＳＨ,6,12,タマモブラックタイ,牡,6,幸英明, 56 ,16,11,１, 内,芝1200,良,,(栗),角田晃一,1077,-0.2,,8,5,33.4,534,+2,
,"2026. 3.15",阪神,1阪8,3勝,甲南ＳＨ･3勝,4,5,テスティモーネ,牡,4,国分優作, 57 ,14,1,１, ,ダ1800,良,,(栗),大根田裕,1513,-0.8,4,6,5,36.7,520,-2,
,"2026. 3.15",阪神,1阪8,1勝,ゆきやな･1勝,3,3,シャドウマスター,牡,3,北村友一, 57 ,7,1,１, 外,芝2400,良,,(栗),杉山晴紀,2265,-0.0,3,4,4,35.6,488,-6,
,"2026. 3.15",阪神,1阪8,2勝,２勝ｸﾗｽ,8,11,ケイアイメキラ,セ,6,藤懸貴志, 58 ,11,7,１, ,ダ1800,良,,(栗),秋山真一,1527,-0.1,10,8,8,37.1,494,+6,
,"2026. 3.15",阪神,1阪8,1勝,１勝ｸﾗｽ,5,7,メイショウアボット,牡,4,菱田裕二, 58 ,13,11,１, 外,芝1600,良,,(栗),武幸四郎,1328,-0.1,,4,4,34.3,524,+12,
,"2026. 3.15",阪神,1阪8,1勝,１勝ｸﾗｽ*,6,7,シーミハットク,牡,3,高杉吏麒, 57 ,11,6,１, 外,芝1600,良,,(栗),寺島良,1351,-0.1,,2,2,33.3,482,0,
,"2026. 3.15",阪神,1阪8,未勝利,未勝利・牝,5,10,シルバーリム,牝,3,国分優作, 55 ,16,7,１, 内,芝2000,良,*,(栗),中村直也,2012,-0.1,8,6,5,35.1,450,-2,
,"2026. 3.15",阪神,1阪8,未勝利,障害未勝利,8,14,ヴァランセカズマ,牡,9,大江原圭, 60 ,14,5,１, ,ダ2970,良,,(美),蛯名利弘,3252,-0.0,2,2,2,13.8,500,-12,B
,"2026. 3.15",阪神,1阪8,未勝利,未勝利,4,8,セイウンバジリスク,牡,3,秋山稔樹, 57 ,16,3,１, ,ダ1200,良,,(栗),北出成人,1128,-0.1,,1,1,37.9,506,-4,
,"2026. 3.15",阪神,1阪8,未勝利,未勝利,8,13,ミランド,牡,3,鮫島克駿, 57 ,14,3,１, ,ダ1800,良,,(栗),小林真也,1550,-0.3,5,5,6,37.7,450,+2,
,"2026. 3.15",阪神,1阪8,未勝利,未勝利・牝,6,11,アイカンアズーラ,牝,3,酒井学, 55 ,16,3,１, ,ダ1400,良,,(栗),河嶋宏樹,1257,-0.2,,5,3,37.5,432,+2,
,"2026. 3.14",阪神,1阪7,1勝,１勝ｸﾗｽ,5,5,フランキーバローズ,牡,4,団野大成, 58 ,8,2,１, ,ダ1800,良,,(栗),池江泰寿,1540,-0.8,1,1,1,36.4,482,+2,
,"2026. 3.14",阪神,1阪7,OP(L),コーラル(L),7,11,ジャスティンアース,牡,5,吉村誠之, 57 ,13,2,１, ,ダ1400,良,,(栗),杉山晴紀,1224,-0.0,,5,4,35.4,490,+8,
,"2026. 3.14",阪神,1阪7,3勝,難波Ｓ･3勝,7,8,ジーティーアダマン,牡,4,松山弘平, 58 ,11,1,１, 外,芝1800,良,,(栗),上村洋行,1449,-0.1,,2,2,33.4,506,-4,
,"2026. 3.14",阪神,1阪7,2勝,讃岐特別･2勝,4,7,ソングオブライフ,牡,5,酒井学, 58 ,15,5,１, 内,芝1200,良,*,(栗),森田直行,1082,-0.0,,5,5,33.4,502,+4,
,"2026. 3.14",阪神,1阪7,ＪＧ２,阪神スプJG2,8,9,ディナースタ,牡,7,高田潤, 60 ,10,3,１, ,芝3900,良,,(栗),辻野泰之,4307,-0.0,5,3,3,13.9,480,-10,
,"2026. 3.14",阪神,1阪7,1勝,１勝ｸﾗｽ,1,2,コーラルクラウン,牡,4,川田将雅, 58 ,16,3,１, ,ダ1400,良,,(栗),福永祐一,1239,-0.5,,1,1,36.3,488,-8,
,"2026. 3.14",阪神,1阪7,1勝,１勝ｸﾗｽ・牝,6,8,エアニゲラ,牝,4,松山弘平, 56 ,13,5,１, ,ダ1800,良,,(栗),池添学,1550,-0.4,1,1,1,38.8,452,-10,
,"2026. 3.14",阪神,1阪7,未勝利,未勝利,5,10,エンネ,牝,3,坂井瑠星, 55 ,18,5,１, 外,芝1800,良,,(栗),吉岡辰弥,1458,-0.3,,16,12,34.1,524,,
,"2026. 3.14",阪神,1阪7,未勝利,未勝利,7,13,メランコリニスタ,牝,3,団野大成, 55 ,18,8,１, 内,芝1400,良,,(栗),吉村圭司,1210,-0.2,,1,1,34.8,450,-2,
,"2026. 3.14",阪神,1阪7,未勝利,未勝利,3,3,ゲタリア,牡,3,西村淳也, 57 ,13,2,１, ,ダ1800,良,,(栗),杉山晴紀,1542,-0.4,1,1,1,38.4,534,-4,
,"2026. 3.14",阪神,1阪7,未勝利,未勝利,7,13,ジューンアゲイン,牡,3,吉村誠之, 57 ,16,2,１, ,ダ1400,良,,(栗),長谷川浩,1255,-0.0,,5,4,37.6,460,+8,
,"2026. 3.14",阪神,1阪7,未勝利,未勝利・牝,4,5,シャンデヴィーニュ,牝,3,西村淳也, 55 ,13,9,１, ,ダ1800,良,,(栗),柴田卓,1563,-0.4,1,1,1,39.2,444,0,
,"2026. 3. 8",阪神,1阪6,2勝,２勝ｸﾗｽ,7,12,ニューオーリンズ,牡,4,和田陽希,55▲,14,1,１, ,ダ1400,良,,(栗),杉山晴紀,1231,-1.5,,1,1,36.5,520,-2,B
,"2026. 3. 8",阪神,1阪6,OP(L),大阪城Ｓ(L),2,2,ドラゴンブースト,牡,4,岩田望来, 58 ,13,7,１, 外,芝1800,良,,(栗),藤野健太,1440,-0.1,,7,7,33.9,480,-8,
,"2026. 3. 8",阪神,1阪6,3勝,岸和田Ｓ･3勝,1,1,ファインライン,牡,5,鮫島克駿, 58 ,14,9,１, 外,芝1600,良,,(栗),松永幹夫,1328,-0.1,,8,8,33.8,494,-2,
,"2026. 3. 8",阪神,1阪6,1勝,アルメリ･1勝,3,3,カフジエメンタール,牡,3,武豊, 57 ,6,2,１, 外,芝1800,良,,(栗),矢作芳人,1452,-0.6,,4,4,33.9,526,+4,
,"2026. 3. 8",阪神,1阪6,2勝,２勝ｸﾗｽ,5,5,ルクスフレンジー,牡,4,酒井学, 58 ,9,1,１, ,ダ1800,良,*,(栗),松永幹夫,1549,-0.1,7,6,6,35.6,474,-4,
,"2026. 3. 8",阪神,1阪6,1勝,１勝ｸﾗｽ,5,5,アスクコモンタレヴ,牡,4,武豊, 58 ,9,1,１, 内,芝2000,良,*,(栗),梅田智之,2011,-0.4,6,7,5,34.6,474,0,
,"2026. 3. 8",阪神,1阪6,1勝,１勝ｸﾗｽ,1,1,タイセイカイザー,牡,4,田口貫太, 58 ,9,3,１, ,ダ2000,良,,(栗),奥村豊,2073,-0.3,6,7,4,37.9,498,-4,B
,"2026. 3. 8",阪神,1阪6,1勝,１勝ｸﾗｽ・牝*,4,8,ペンダント,牝,3,岩田望来, 55 ,16,8,１, ,ダ1800,良,,(栗),池江泰寿,1544,-0.3,4,5,3,38.5,460,-4,
,"2026. 3. 8",阪神,1阪6,未勝利,未勝利,8,16,モンスエ,牡,3,松山弘平, 57 ,16,3,１, ,ダ1400,良,,(栗),高橋一哉,1258,-0.9,,5,5,37.0,508,-2,
,"2026. 3. 8",阪神,1阪6,未勝利,未勝利,8,14,ワザオギ,牡,3,西村淳也, 57 ,14,1,１, ,ダ1800,良,,(栗),坂口智康,1559,-0.0,4,4,2,38.0,494,0,
,"2026. 3. 8",阪神,1阪6,未勝利,未勝利,5,9,アームズレジェンド,牡,3,岩田望来, 57 ,16,1,１, ,ダ1200,良,,(栗),上村洋行,1139,-0.1,,4,4,37.6,494,-2,
,"2026. 3. 8",阪神,1阪6,未勝利,未勝利,6,7,ルファーダ,牡,3,幸英明, 57 ,12,1,１, ,ダ1800,良,,(栗),大根田裕,1563,-0.1,5,5,5,37.6,510,0,
,"2026. 3. 7",阪神,1阪5,1勝,１勝ｸﾗｽ,1,2,サンマルノヴェル,牡,4,田口貫太, 58 ,16,1,１, ,ダ1200,稍,,(栗),大橋勇樹,1120,-0.4,,8,8,36.2,508,0,
,"2026. 3. 7",阪神,1阪5,Ｇ２,フィリーG2,1,2,ギリーズボール,牝,3,西塚洸二, 55 ,18,10,１, 内,芝1400,良,,(美),手塚貴久,1206,-0.3,,9,10,34.2,414,-10,
,"2026. 3. 7",阪神,1阪5,3勝,なにわＳ･3勝,2,2,ショウナンアビアス,牡,6,松山弘平, 58 ,15,3,１, ,ダ1200,稍,,(美),加藤士津,1111,-0.2,,5,4,36.3,504,-4,
,"2026. 3. 7",阪神,1阪5,2勝,千里山Ｈ･2勝,3,3,クルミナーレ,牡,5,松山弘平, 57 ,9,1,１, 内,芝2000,良,,(栗),池江泰寿,2010,-0.5,4,4,4,34.1,514,0,
,"2026. 3. 7",阪神,1阪5,2勝,２勝ｸﾗｽ,6,6,レディーミコノス,牝,4,松山弘平, 56 ,10,1,１, 外,芝1600,良,,(栗),寺島良,1340,-0.1,,4,3,34.0,470,+2,
,"2026. 3. 7",阪神,1阪5,1勝,１勝ｸﾗｽ,2,2,クロノスバレット,牡,4,松山弘平, 58 ,8,3,１, ,ダ1800,稍,,(栗),吉村圭司,1530,-0.1,5,4,4,36.1,502,-2,
,"2026. 3. 7",阪神,1阪5,1勝,１勝ｸﾗｽ*,6,7,メイショウバルク,牡,3,幸英明, 57 ,12,4,１, ,ダ1200,稍,,(栗),安達昭夫,1117,-0.0,,5,5,37.0,494,0,
,"2026. 3. 7",阪神,1阪5,未勝利,未勝利,7,13,レザベーション,牡,3,田口貫太, 57 ,18,1,１, 外,芝1600,良,,(栗),松下武士,1343,-0.5,,4,3,34.2,458,-2,
,"2026. 3. 7",阪神,1阪5,未勝利,未勝利,2,2,カットソロ,牡,3,坂井瑠星, 57 ,13,2,１, 外,芝2400,稍,*,(栗),矢作芳人,2302,-0.1,4,4,4,34.1,520,+4,
,"2026. 3. 7",阪神,1阪5,未勝利,未勝利,6,8,テンマジックアワー,牡,3,田口貫太, 57 ,13,2,１, ,ダ2000,稍,,(栗),高柳大輔,2083,-0.8,1,1,1,38.5,482,+2,
,"2026. 3. 7",阪神,1阪5,未勝利,未勝利,4,7,アパレイユ,牝,3,坂井瑠星, 55 ,16,1,１, ,ダ1400,稍,,(栗),西園翔太,1248,-0.1,,1,1,37.8,470,+2,
,"2026. 3. 7",阪神,1阪5,未勝利,未勝利・牝,8,13,ストラーダ,牝,3,北村友一, 55 ,14,2,１, ,ダ1800,稍,,(栗),安田翔伍,1567,-0.4,1,1,1,38.6,480,0,
,"2026. 3. 1",阪神,1阪4,2勝,２勝ｸﾗｽ,7,14,ボディブロー,牡,5,武豊, 58 ,16,6,１, ,ダ1200,良,,(栗),森秀行,1117,-0.0,,10,9,35.8,536,-5,
,"2026. 3. 1",阪神,1阪4,Ｇ２,チューリG2,7,13,タイセイボーグ,牝,3,西村淳也, 55 ,15,2,１, 外,芝1600,良,,(栗),松下武士,1343,-0.0,,9,8,33.1,496,+10,
,"2026. 3. 1",阪神,1阪4,3勝,伊丹Ｓ･3勝,2,2,ベルウェザー,牡,5,吉村誠之, 58 ,14,6,１, ,ダ1800,良,,(栗),茶木太樹,1527,-0.1,5,7,4,36.4,496,+4,
,"2026. 3. 1",阪神,1阪4,2勝,山陽特別･2勝,3,3,ダノンジョーカー,牡,4,川田将雅, 57 ,9,1,１, 内,芝2200,良,,(栗),中内田充,2121,-0.2,6,4,4,33.5,494,-2,
,"2026. 3. 1",阪神,1阪4,1勝,１勝ｸﾗｽ,2,3,レベルスルール,牡,4,松山弘平, 57 ,15,1,１, 外,芝1800,良,,(栗),池江泰寿,1459,-0.1,,4,4,34.6,506,+4,
,"2026. 3. 1",阪神,1阪4,1勝,１勝ｸﾗｽ・牝,6,11,ペレグリン,牝,5,高杉吏麒, 56 ,16,2,１, ,ダ1200,良,,(栗),河嶋宏樹,1123,-0.9,,2,2,36.0,438,+4,
,"2026. 3. 1",阪神,1阪4,1勝,１勝ｸﾗｽ*,5,5,コンジェスタス,牡,3,西村淳也, 57 ,8,1,１, 内,芝2000,良,,(栗),高野友和,2001,-0.6,3,3,2,35.4,524,-6,
,"2026. 3. 1",阪神,1阪4,未勝利,未勝利,1,1,ショウナンバンライ,牡,3,池添謙一, 57 ,13,2,１, 内,芝2000,良,,(栗),松下武士,2020,-0.1,3,5,3,34.4,472,-4,
,"2026. 3. 1",阪神,1阪4,1勝,１勝ｸﾗｽ*,7,7,メルカントゥール,牡,3,坂井瑠星, 57 ,8,1,１, ,ダ1800,良,,(栗),杉山晴紀,1533,-0.7,5,4,4,36.9,530,+6,
,"2026. 3. 1",阪神,1阪4,未勝利,未勝利,8,12,シャローファースト,牡,3,岩田望来, 57 ,12,7,１, ,ダ2000,良,,(栗),安田翔伍,2078,-0.1,1,1,1,38.4,524,+4,
,"2026. 3. 1",阪神,1阪4,未勝利,未勝利,7,13,アーディアイリ,牝,3,松山弘平, 55 ,16,2,１, ,ダ1400,良,*,(栗),緒方努,1261,-0.1,,8,6,38.6,434,-2,
,"2026. 3. 1",阪神,1阪4,未勝利,未勝利・牝,3,3,モスカテル,牝,3,西村淳也, 55 ,13,1,１, ,ダ1800,良,,(栗),石坂公一,1544,-1.2,1,1,1,38.9,468,-2,
,"2026. 2.28",阪神,1阪3,2勝,２勝ｸﾗｽ,3,6,ブルクトーア,牡,4,西村淳也, 58 ,18,1,１, 内,芝1400,良,,(栗),長谷川浩,1215,-0.0,,3,3,34.3,498,-2,
,"2026. 2.28",阪神,1阪3,OP(L),仁川ＳＨ(L),2,4,ジューンアヲニヨシ,牡,6,浜中俊, 56 ,16,7,１, ,ダ2000,良,,(栗),松下武士,2040,-0.1,5,4,3,37.7,488,-10,
,"2026. 2.28",阪神,1阪3,OP(L),マーガレ(L),2,2,タマモイカロス,牡,3,藤岡佑介, 57 ,9,2,１, 内,芝1200,良,,(栗),藤岡健一,1080,-0.1,,7,7,33.3,526,0,
,"2026. 2.28",阪神,1阪3,3勝,松籟ＳＨ･3勝,5,5,アマキヒ,牡,4,岩田望来, 56 ,9,1,１, 内,芝3000,良,,(美),国枝栄,3069,-0.3,2,2,2,35.1,496,-2,
,"2026. 2.28",阪神,1阪3,2勝,２勝ｸﾗｽ・牝,5,9,クインズショコラ,牝,4,田山旺佑,52▲,15,5,１, ,ダ1800,良,,(栗),新谷功一,1530,-0.5,2,2,2,37.3,500,-4,
,"2026. 2.28",阪神,1阪3,1勝,１勝ｸﾗｽ,1,1,ヨリノレジェンド,牡,4,団野大成, 58 ,16,3,１, ,ダ1400,良,,(栗),奥村豊,1242,-0.1,,5,6,36.3,456,-2,
,"2026. 2.28",阪神,1阪3,1勝,１勝ｸﾗｽ,1,1,サイモンシュバリエ,牡,4,吉村誠之, 57 ,13,3,１, ,ダ1800,良,,(栗),梅田智之,1538,-0.1,1,1,1,38.2,492,-4,
,"2026. 2.28",阪神,1阪3,未勝利,未勝利,5,7,リアライズルミナス,牝,3,坂井瑠星, 55 ,14,3,１, 外,芝1800,良,,(栗),橋口慎介,1457,-0.0,,2,2,34.9,486,-10,
,"2026. 2.28",阪神,1阪3,未勝利,未勝利,5,7,テーオーカイザー,牡,3,岩田望来, 57 ,14,2,１, ,ダ1800,良,,(栗),高柳大輔,1557,-0.4,3,3,3,38.5,494,-4,
,"2026. 2.28",阪神,1阪3,未勝利,未勝利,4,8,ブルーマッキンジー,牡,3,川又賢治, 57 ,16,1,１, ,ダ1200,良,,(栗),杉山佳明,1120,-0.8,,1,1,36.8,502,+8,
,"2026. 2.28",阪神,1阪3,未勝利,未勝利,5,7,クリュギスト,牡,3,岩田望来, 57 ,14,1,１, ,ダ1800,良,,(栗),松下武士,1549,-0.8,3,3,3,37.7,506,-2,
,"2026. 2.28",阪神,1阪3,未勝利,未勝利・牝,3,5,ジャンヌドゥレーヴ,牝,3,中井裕二, 55 ,16,2,１, ,ダ1400,良,,(栗),角田晃一,1256,-0.3,,9,8,37.7,442,-2,
,"2026. 2.22",阪神,1阪2,2勝,２勝ｸﾗｽ,6,11,ルークススペイ,牡,4,西村淳也, 58 ,16,1,１, ,ダ1400,良,,(美),伊藤圭三,1243,-0.3,,4,4,36.2,486,-10,
,"2026. 2.22",阪神,1阪2,ｵｰﾌﾟﾝ,令月Ｓ,6,8,コンクイスタ,セ,6,松山弘平, 58 ,12,1,１, ,ダ1200,良,,(栗),吉岡辰弥,1111,-0.2,,4,4,36.0,492,0,
,"2026. 2.22",阪神,1阪2,3勝,戎橋Ｓ･3勝,2,2,アイサンサン,牝,4,幸英明, 56 ,8,2,１, 内,芝1400,良,,(栗),佐々木晶,1204,-0.1,,1,1,34.1,462,0,
,"2026. 2.22",阪神,1阪2,2勝,天神橋Ｈ･2勝,4,4,ゼンダンハヤブサ,牡,4,酒井学, 55 ,10,6,１, 外,芝1600,良,,(栗),佐々木晶,1342,-0.0,,7,8,32.9,452,+2,
,"2026. 2.22",阪神,1阪2,1勝,１勝ｸﾗｽ,5,9,タガノアニマシオン,セ,4,吉村誠之, 57 ,15,3,１, ,ダ1800,良,,(栗),奥村豊,1542,-0.0,7,8,5,38.7,476,+6,
,"2026. 2.22",阪神,1阪2,1勝,１勝ｸﾗｽ,3,3,ファームツエンティ,セ,6,ハマーハ, 58 ,9,3,１, 外,芝2400,良,,(栗),北出成人,2249,-0.0,8,8,8,34.3,444,-2,
,"2026. 2.22",阪神,1阪2,1勝,１勝ｸﾗｽ*,8,11,メイショウカクウチ,牡,3,菱田裕二, 57 ,11,1,１, ,ダ1400,良,,(栗),飯田祐史,1242,-0.0,,5,4,37.5,474,-4,
,"2026. 2.22",阪神,1阪2,未勝利,未勝利,8,13,ロングトールサリー,牝,3,西村淳也, 55 ,13,1,１, 内,芝2000,良,,(栗),福永祐一,2001,-0.6,1,1,1,35.4,490,-2,
,"2026. 2.22",阪神,1阪2,新馬,新馬,4,6,ゼンカイナダル,牡,3,西村淳也, 57 ,14,2,１, ,ダ1400,良,,(栗),庄野靖志,1258,-0.9,,5,4,36.9,520,,
,"2026. 2.22",阪神,1阪2,未勝利,未勝利,8,11,ビズロード,セ,3,菱田裕二, 57 ,11,6,１, ,ダ1800,良,,(栗),小崎憲,1560,-0.1,5,4,3,38.3,464,+2,
,"2026. 2.22",阪神,1阪2,未勝利,未勝利,3,6,ゼンノフォトン,牡,3,西村淳也, 57 ,16,2,１, ,ダ1200,良,,(栗),茶木太樹,1125,-0.7,,1,1,36.5,462,+6,
,"2026. 2.22",阪神,1阪2,未勝利,未勝利・牝,6,6,アーネストアイズ,牝,3,角田大和, 55 ,10,3,１, ,ダ1800,良,,(栗),松永幹夫,1549,-0.9,2,2,1,38.0,454,-12,B
,"2026. 2.21",阪神,1阪1,2勝,２勝ｸﾗｽ,7,13,サトミノエンジェル,牡,4,横山武史, 57 ,15,2,１, ,ダ1800,良,,(美),鈴木伸尋,1536,-0.1,4,4,5,37.7,522,-4,B
,"2026. 2.21",阪神,1阪1,Ｇ３,阪急杯G3,1,1,ソンシ,牡,5,川田将雅, 57 ,18,1,１, 内,芝1400,良,,(栗),中内田充,1189,-0.6,,3,3,34.2,516,+14,
,"2026. 2.21",阪神,1阪1,3勝,鳴門Ｓ･3勝,4,8,ベルジュロネット,牡,4,鮫島克駿, 58 ,16,1,１, ,ダ1400,良,,(栗),大久保龍,1236,-0.2,,4,4,35.9,546,-2,
,"2026. 2.21",阪神,1阪1,1勝,１勝ｸﾗｽ,7,13,レッドフェルメール,牡,4,川田将雅, 58 ,18,1,１, 外,芝1600,良,,(栗),藤原英昭,1334,-0.3,,5,5,34.1,466,+2,
,"2026. 2.21",阪神,1阪1,OP(L),すみれＳ(L),4,4,ラージアンサンブル,牡,3,岩田望来, 57 ,7,6,１, 内,芝2200,良,,(美),武井亮,2124,-0.2,5,5,6,34.5,472,+4,
,"2026. 2.21",阪神,1阪1,1勝,１勝ｸﾗｽ,5,10,ザックザク,牡,4,北村友一, 58 ,16,1,１, ,ダ1400,良,,(栗),渡辺薫彦,1251,-0.1,,3,3,36.8,516,-2,
,"2026. 2.21",阪神,1阪1,未勝利,未勝利,5,5,サガルマータ,牡,3,川田将雅, 57 ,11,3,１, 外,芝2400,良,,(栗),福永祐一,2269,-0.4,7,3,2,34.5,460,-2,
,"2026. 2.21",阪神,1阪1,未勝利,未勝利,2,3,ナムラヒナギク,牝,3,田口貫太, 55 ,18,5,１, 外,芝1600,良,,(栗),大橋勇樹,1342,-0.1,,4,5,34.4,484,0,
,"2026. 2.21",阪神,1阪1,新馬,新馬,5,8,エイコーンドリーム,牝,3,池添謙一, 55 ,14,2,１, ,ダ1800,良,,(栗),河嶋宏樹,1555,-0.0,3,2,3,37.5,468,,
,"2026. 2.21",阪神,1阪1,未勝利,未勝利,5,9,オプティモ,牡,3,松山弘平, 57 ,16,1,１, ,ダ1400,良,,(栗),緒方努,1265,-0.1,,5,5,36.6,486,-4,
,"2026. 2.21",阪神,1阪1,未勝利,未勝利,5,8,チェリヴェント,牡,3,鮫島克駿, 57 ,14,3,１, ,ダ1800,良,,(栗),清水久詞,1548,-0.5,1,1,1,37.2,506,+8,B
,"2026. 2.21",阪神,1阪1,未勝利,未勝利・牝,1,1,コマチチャン,牝,3,松若風馬, 55 ,16,2,１, ,ダ1200,良,,(栗),小椋研介,1142,-0.1,,15,12,36.8,460,+4,
,2025.12.28,阪神,5阪8,3勝,カウント･3勝,6,6,イツモニコニコ,牝,4,田中健, 56 ,10,2,１, 内,芝1200,良,,(栗),浜田多実,1084,-0.0,,3,2,33.2,500,0,B
,2025.12.28,阪神,5阪8,ｵｰﾌﾟﾝ,ギャラク,2,3,ノーブルロジャー,牡,4,石川裕紀, 58 ,16,2,１, ,ダ1400,良,*,(栗),吉岡辰弥,1234,-0.1,,11,10,36.3,500,+2,
,2025.12.28,阪神,5阪8,3勝,サンクフ･3勝,6,7,ローランドバローズ,牡,3,岩田康誠, 57 ,11,1,１, 内,芝2000,良,,(栗),上村洋行,2001,-0.1,4,3,2,34.4,500,+2,
,2025.12.28,阪神,5阪8,2勝,フォーＨ･2勝,4,4,マイエレメント,牝,3,岩田望来, 54 ,12,1,１, 外,芝1600,良,,(栗),福永祐一,1340,-0.0,,6,5,33.3,488,-4,
,2025.12.28,阪神,5阪8,2勝,２勝ｸﾗｽ,7,10,ゴールドダイアー,牡,3,和田竜二, 57 ,13,2,１, ,ダ1800,良,,(栗),平田修,1529,-0.1,6,5,5,37.5,492,+2,
,2025.12.28,阪神,5阪8,1勝,１勝ｸﾗｽ,8,16,ニューオーリンズ,牡,3,和田陽希,54▲,16,2,１, ,ダ1400,良,,(栗),杉山晴紀,1239,-0.6,,1,1,37.3,520,-2,B
,2025.12.28,阪神,5阪8,新馬,新馬,3,5,キシダンチョウ,牡,2,高杉吏麒, 56 ,16,1,１, 外,芝1600,良,,(栗),吉岡辰弥,1354,-0.0,,10,9,34.2,504,,
,2025.12.28,阪神,5阪8,未勝利,障害未勝利,2,2,ナックエルドラド,牡,3,水沼元輝,56▲,14,7,１, ,ダ2970,良,,(美),小野次郎,3246,-1.1,3,2,1,13.8,500,-4,
,2025.12.28,阪神,5阪8,新馬,新馬,2,4,ソルオーブ,牡,2,ジェルー, 56 ,16,1,１, ,ダ1400,良,,(栗),小栗実,1272,-0.3,,3,4,39.4,450,,
,2025.12.28,阪神,5阪8,未勝利,未勝利*,1,1,ストームゲイル,牡,2,吉村誠之, 56 ,18,1,１, 外,芝1800,良,,(栗),四位洋文,1462,-0.0,,1,1,35.2,470,+2,
,2025.12.28,阪神,5阪8,未勝利,未勝利*,5,9,デアヴェローチェ,牝,2,岩田望来, 55 ,17,1,１, 内,芝1400,良,,(栗),上村洋行,1214,-0.0,,6,5,35.2,456,0,
,2025.12.28,阪神,5阪8,未勝利,未勝利*,4,5,ミヤジオズ,牡,2,和田竜二, 56 ,13,1,１, ,ダ1800,良,,(栗),鈴木孝志,1553,-0.0,3,3,3,38.4,494,0,
,2025.12.27,阪神,5阪7,2勝,２勝ｸﾗｽ,1,1,ミュージシャン,牡,3,泉谷楓真, 57 ,9,1,１, 内,芝2000,良,*,(栗),杉山晴紀,1599,-0.1,1,1,1,34.9,474,-4,
,2025.12.27,阪神,5阪7,Ｇ２,阪神カッG2,8,15,ルガル,牡,5,鮫島克駿, 58 ,16,3,１, 内,芝1400,良,*,(栗),杉山晴紀,1190,-0.0,,5,4,33.9,532,0,
,2025.12.27,阪神,5阪7,3勝,摩耶Ｓ･3勝,2,3,ハナウマビーチ,牡,3,ルメール, 57 ,16,2,１, ,ダ1800,稍,,(栗),西園翔太,1528,-0.1,13,9,9,37.8,520,+2,
,2025.12.27,阪神,5阪7,1勝,万両賞･1勝*,8,10,アスミル,牡,2,団野大成, 56 ,10,4,１, 内,芝1400,良,,(栗),本田優,1206,-0.1,,2,2,33.9,488,+2,
,2025.12.27,阪神,5阪7,2勝,２勝ｸﾗｽ,3,6,ベルジュロネット,牡,3,鮫島克駿, 57 ,16,1,１, ,ダ1400,稍,,(栗),大久保龍,1237,-0.3,,10,11,37.3,548,+8,
,2025.12.27,阪神,5阪7,1勝,１勝ｸﾗｽ,8,15,サタデーサンライズ,牝,3,ルメール, 55 ,15,1,１, 外,芝1800,良,,(栗),石坂公一,1462,-0.2,,6,4,33.8,444,+8,
,2025.12.27,阪神,5阪7,新馬,新馬,5,5,アメリカンコール,牡,2,Ｃ．デム, 56 ,11,1,１, ,ダ1800,稍,,(栗),武幸四郎,1540,-0.2,2,2,1,36.7,520,,
,2025.12.27,阪神,5阪7,新馬,新馬,4,5,ショウナンハヤナミ,牡,2,吉村誠之, 56 ,14,2,１, 内,芝2000,良,,(栗),渡辺薫彦,2026,-0.3,3,4,4,33.7,450,,
,2025.12.27,阪神,5阪7,未勝利,未勝利*,6,10,フレイムスター,牡,2,和田竜二, 56 ,15,7,１, 外,芝1600,良,*,(栗),清水久詞,1338,-0.1,,1,1,35.4,526,-2,B
,2025.12.27,阪神,5阪7,未勝利,未勝利*,7,13,ハグレジョー,牡,2,鮫島克駿, 56 ,16,1,１, ,ダ1400,稍,,(栗),岡田稲男,1254,-0.2,,1,1,37.7,490,0,
,2025.12.27,阪神,5阪7,未勝利,未勝利*,8,10,トリグラフヒル,牡,2,Ｃ．デム, 56 ,11,2,１, ,ダ1800,稍,,(栗),大久保龍,1533,-1.6,3,3,1,37.3,538,+14,
,2025.12.27,阪神,5阪7,未勝利,未勝利*,5,8,ファイブタンゴ,牡,2,Ｃ．デム, 56 ,15,3,１, ,ダ1200,稍,,(栗),秋山真一,1128,-0.3,,8,7,36.7,508,+6,
,2025.12.21,阪神,5阪6,3勝,六甲アイ･3勝,7,11,ディアナザール,牡,3,Ｃ．デム, 57 ,14,1,１, 内,芝1400,重,,(栗),斉藤崇史,1216,-0.0,,1,1,34.5,492,+8,
,2025.12.21,阪神,5阪6,Ｇ１,フューチG1,5,8,カヴァレリッツォ,牡,2,Ｃ．デム, 56 ,14,2,１, 外,芝1600,重,,(栗),吉岡辰弥,1332,-0.1,,7,8,34.3,482,+4,
,2025.12.21,阪神,5阪6,OP(L),ベテルギ(L),5,9,ルシュヴァルドール,牡,4,坂井瑠星, 57 ,16,8,１, ,ダ1800,重,,(栗),矢作芳人,1493,-0.1,5,4,2,36.1,536,+4,
,2025.12.21,阪神,5阪6,3勝,御影Ｓ･3勝,8,15,トリリオンボーイ,牡,3,岩田康誠, 57 ,16,7,１, ,ダ1400,重,,(美),武井亮,1225,-0.0,,16,14,35.2,484,+2,B
,2025.12.21,阪神,5阪6,2勝,２勝ｸﾗｽ,1,1,デルアヴァー,牡,3,武豊, 57 ,15,2,１, ,ダ1800,重,,(栗),松永幹夫,1504,-0.4,11,12,8,36.3,492,+4,
,2025.12.21,阪神,5阪6,1勝,１勝ｸﾗｽ,7,15,ヴァリージア,牡,5,ルメール, 58 ,18,2,１, 内,芝2200,重,,(栗),斉藤崇史,2127,-0.1,15,11,7,35.5,510,-10,
,2025.12.21,阪神,5阪6,新馬,新馬,6,6,ワイドシュテルケ,牡,2,藤岡佑介, 56 ,11,1,１, 内,芝1200,重,,(栗),藤岡健一,1105,-0.3,,1,1,34.4,474,,
,2025.12.21,阪神,5阪6,新馬,新馬,1,1,トリニティ,牝,2,ルメール, 55 ,12,5,１, 外,芝1800,重,,(栗),安田翔伍,1486,-0.1,,1,1,34.2,438,,
,2025.12.21,阪神,5阪6,未勝利,未勝利*,6,8,ケイアイアマゾン,牡,2,藤懸貴志, 56 ,12,8,１, ,ダ1800,稍,,(栗),秋山真一,1551,-0.0,3,3,4,38.5,474,-8,
,2025.12.21,阪神,5阪6,未勝利,未勝利・牝*,2,3,エイズルブルーム,牝,2,松山弘平, 55 ,18,8,１, 外,芝1800,稍,,(栗),坂口智康,1475,-0.0,,17,11,34.2,448,-2,
,2025.12.21,阪神,5阪6,未勝利,未勝利*,7,13,ネメス,牡,2,Ｃ．デム, 56 ,16,1,１, ,ダ1200,稍,,(栗),坂口智康,1129,-0.0,,2,3,37.0,484,+6,
,2025.12.21,阪神,5阪6,未勝利,未勝利*,5,6,ソルチェリア,牡,2,古川吉洋, 56 ,12,2,１, ,ダ1800,稍,,(栗),大根田裕,1534,-1.0,2,3,2,37.2,498,0,
,2025.12.20,阪神,5阪5,2勝,２勝ｸﾗｽ,5,9,ブルーアイドガール,牝,4,北村友一, 56 ,16,1,１, 内,芝1200,良,,(栗),吉岡辰弥,1082,-0.1,,4,4,34.2,452,-12,
,2025.12.20,阪神,5阪5,ｵｰﾌﾟﾝ,タンザナＨ,3,5,デュガ,セ,6,坂井瑠星, 56 ,16,5,１, 内,芝1200,良,,(栗),森秀行,1073,-0.0,,1,1,33.9,500,+12,
,2025.12.20,阪神,5阪5,2勝,境港特別･2勝,4,4,シュバルツマサムネ,牡,3,藤岡佑介, 56 ,8,3,１, 外,芝2400,良,,(栗),杉山佳明,2267,-0.0,1,1,1,33.1,476,+6,
,2025.12.20,阪神,5阪5,ｵｰﾌﾟﾝ,ポインセ,7,8,ロックターミガン,牡,2,松山弘平, 56 ,10,6,１, ,ダ1800,良,,(栗),石坂公一,1526,-0.1,1,1,1,36.2,526,-8,
,2025.12.20,阪神,5阪5,1勝,１勝ｸﾗｽ,8,13,メイショウドライブ,牝,3,松山弘平, 55 ,13,4,１, ,ダ1200,良,,(栗),鈴木孝志,1117,-0.2,,1,1,36.7,448,-10,
,2025.12.20,阪神,5阪5,1勝,１勝ｸﾗｽ,7,14,アカデミア,牡,3,坂井瑠星, 57 ,16,1,１, ,ダ1800,良,,(栗),杉山晴紀,1535,-0.0,4,2,3,36.6,538,+2,
,2025.12.20,阪神,5阪5,新馬,新馬,1,1,メイショウコマチ,牝,2,太宰啓介, 55 ,16,4,１, ,ダ1800,良,,(栗),千田輝彦,1549,-0.3,5,6,5,36.8,474,,
,2025.12.20,阪神,5阪5,新馬,新馬・牝,8,16,スピナーリート,牝,2,ジェルー, 55 ,18,8,１, 外,芝1600,良,,(栗),須貝尚介,1355,-0.0,,1,1,34.1,506,,
,2025.12.20,阪神,5阪5,ｵｰﾌﾟﾝ,障害・オープ,4,5,テイエムマジック,牡,7,難波剛健, 60 ,14,3,１, ,ダ3110,良,,(栗),鈴木孝志,3335,-0.6,12,8,6,13.7,534,+2,B
,2025.12.20,阪神,5阪5,未勝利,未勝利*,3,5,サトノセプター,牡,2,岩田望来, 56 ,18,2,１, 外,芝1600,良,,(栗),上村洋行,1336,-0.1,,10,8,33.8,452,-4,
,2025.12.20,阪神,5阪5,未勝利,未勝利*,4,8,バステール,牡,2,Ｃ．デム, 56 ,16,1,１, 内,芝2000,良,,(栗),斉藤崇史,2007,-0.3,9,8,7,33.9,448,+6,
,2025.12.20,阪神,5阪5,未勝利,未勝利*,3,5,ゴールデンバランス,牡,2,松山弘平, 56 ,16,6,１, ,ダ1400,良,,(栗),杉山晴紀,1255,-1.1,,1,1,38.7,516,+6,B
,2025.12.14,阪神,5阪4,2勝,甲東特別･2勝,7,8,ネーヴェフレスカ,牝,3,北村友一, 55 ,10,4,１, 外,芝1600,良,,(栗),石坂公一,1344,-0.0,,4,4,34.4,444,+4,
,2025.12.14,阪神,5阪4,Ｇ１,阪神ジュG1,5,9,スターアニス,牝,2,松山弘平, 55 ,18,2,１, 外,芝1600,良,,(栗),高野友和,1326,-0.2,,8,7,34.5,478,0,
,2025.12.14,阪神,5阪4,3勝,竹田城Ｈ･3勝,7,13,ロードプレジール,牡,7,高杉吏麒, 55 ,16,8,１, ,ダ2000,良,,(栗),佐藤悠太,2046,-0.2,11,9,7,37.2,504,-2,
,2025.12.14,阪神,5阪4,3勝,オリオン･3勝,3,4,エコロディノス,牡,3,池添謙一, 56 ,15,2,１, 内,芝2200,良,,(栗),大久保龍,2116,-0.2,5,4,2,35.0,482,-4,
,2025.12.14,阪神,5阪4,2勝,２勝ｸﾗｽ,6,7,クーデール,牝,3,吉村誠之,54☆,11,6,１, ,ダ1200,良,,(栗),坂口智康,1111,-0.2,,2,2,36.7,454,+22,B
,2025.12.14,阪神,5阪4,1勝,１勝ｸﾗｽ・牝,3,3,マハナ,牝,4,坂井瑠星, 56 ,12,1,１, ,ダ1800,良,,(栗),井上智史,1546,-0.1,10,7,7,37.6,458,0,
,2025.12.14,阪神,5阪4,1勝,１勝ｸﾗｽ*,7,7,テーオーグレーザー,牡,2,高杉吏麒, 56 ,7,1,１, ,ダ1200,良,,(栗),藤岡健一,1117,-0.4,,2,2,35.7,498,+8,
,2025.12.14,阪神,5阪4,新馬,新馬,3,3,ページターナー,牡,2,川田将雅, 56 ,6,1,１, 内,芝2000,良,,(栗),中内田充,2038,-0.0,4,5,3,34.7,508,,
,2025.12.14,阪神,5阪4,新馬,新馬,2,2,テイエムスティール,牝,2,田山旺佑,52▲,11,3,１, 内,芝1400,稍,,(栗),高橋一哉,1220,-0.4,,6,6,35.0,426,,
,2025.12.14,阪神,5阪4,未勝利,未勝利*,6,6,テーオーアルアイン,牡,2,松山弘平, 56 ,11,1,１, 外,芝1800,稍,,(栗),奥村豊,1464,-0.4,,2,1,35.4,490,+10,
,2025.12.14,阪神,5阪4,未勝利,未勝利*,8,15,カナタコナタ,牡,2,松山弘平, 56 ,16,2,１, ,ダ1400,稍,,(栗),高橋一哉,1247,-0.8,,1,1,38.0,486,-2,
,2025.12.14,阪神,5阪4,未勝利,未勝利*,8,10,サンライズケヴィン,牡,2,池添謙一, 56 ,11,2,１, ,ダ1800,稍,,(栗),平田修,1536,-0.1,2,3,2,39.0,476,-4,
,2025.12.13,阪神,5阪3,2勝,２勝ｸﾗｽ・牝,2,2,アラベラ,牝,3,北村友一, 55 ,10,3,１, 外,芝1800,良,,(栗),上村洋行,1445,-0.0,,7,8,33.0,448,+20,
,2025.12.13,阪神,5阪3,OP(L),リゲルＳ(L),7,10,ランスオブカオス,牡,3,吉村誠之, 56 ,13,1,１, 外,芝1600,良,,(栗),奥村豊,1318,-0.1,,6,5,33.1,502,+10,
,2025.12.13,阪神,5阪3,2勝,赤穂特別･2勝,6,10,ポルポラジール,牡,4,田山旺佑, 58 ,14,7,１, ,ダ2000,良,,(栗),新谷功一,2050,-0.3,4,4,4,36.6,524,+6,
,2025.12.13,阪神,5阪3,1勝,エリカ賞･1勝,7,7,コロナドブリッジ,牡,2,Ｃ．デム, 56 ,9,4,１, 内,芝2000,良,,(栗),庄野靖志,2019,-0.1,1,1,1,33.4,516,+6,
,2025.12.13,阪神,5阪3,1勝,１勝ｸﾗｽ,4,8,ラファル,牡,3,岩田望来, 57 ,16,1,１, ,ダ1400,良,,(栗),田中克典,1240,-0.6,,9,6,36.4,522,+14,
,2025.12.13,阪神,5阪3,未勝利,未勝利*,5,5,ヨカオウ,牡,2,岩田康誠, 56 ,8,5,１, 内,芝2000,良,,(栗),谷潔,2009,-0.5,1,1,1,35.3,466,+2,
,2025.12.13,阪神,5阪3,新馬,新馬,5,6,メイショウリュウシ,牡,2,岩田康誠, 56 ,13,3,１, ,ダ1400,良,,(栗),角田晃一,1266,-0.5,,1,1,37.2,442,,
,2025.12.13,阪神,5阪3,新馬,新馬,3,3,ダノンハドソン,牡,2,Ｃ．デム, 56 ,7,2,１, 外,芝1800,良,,(栗),池江泰寿,1489,-0.1,,7,1,33.6,484,,
,2025.12.13,阪神,5阪3,未勝利,障害未勝利,8,12,ロードリベラシオン,牡,3,坂口智康,56▲,12,7,１, ,ダ2970,良,,(美),尾形和幸,3247,-0.2,3,2,2,13.8,502,+4,
,2025.12.13,阪神,5阪3,未勝利,未勝利*,3,3,ナクソス,牡,2,北村友一, 56 ,14,1,１, 内,芝1200,良,,(栗),井上智史,1091,-0.1,,3,3,34.6,446,+2,
,2025.12.13,阪神,5阪3,未勝利,未勝利*,1,1,スカイストライプス,牡,2,Ｃ．デム, 56 ,10,2,１, ,ダ1800,良,,(栗),安田翔伍,1537,-1.4,2,3,3,36.9,494,+6,
,2025.12.13,阪神,5阪3,未勝利,未勝利・牝*,2,2,タイニーワンダー,牝,2,団野大成, 55 ,15,1,１, ,ダ1400,良,,(栗),四位洋文,1255,-0.0,,5,5,38.0,412,-12,
,"2025.12. 7",阪神,5阪2,2勝,２勝ｸﾗｽ,8,17,チューラワンサ,牝,3,吉村誠之,54☆,17,2,１, 内,芝1400,良,,(栗),高野友和,1199,-0.2,,9,8,34.4,432,-4,
,"2025.12. 7",阪神,5阪2,ｵｰﾌﾟﾝ,りんくうＨ,4,8,メイショウホウレン,牡,4,鮫島克駿, 56 ,16,1,１, ,ダ1200,良,,(栗),安達昭夫,1106,-0.0,,2,2,35.6,520,+2,
,"2025.12. 7",阪神,5阪2,3勝,元町ＳＨ･3勝,6,12,レディネス,牡,3,横山典弘, 55 ,18,4,１, 外,芝1800,良,,(栗),昆貢,1447,-0.2,,4,4,33.1,498,+10,
,"2025.12. 7",阪神,5阪2,2勝,豊中特別･2勝,4,4,タマモキャリコ,セ,4,鮫島克駿, 58 ,13,2,１, ,ダ1800,良,,(栗),宮地貴稔,1521,-0.0,2,2,2,38.2,424,-4,
,"2025.12. 7",阪神,5阪2,2勝,２勝ｸﾗｽ,4,4,ジーティームソウ,牡,4,団野大成, 58 ,8,4,１, 外,芝1800,良,,(栗),西村真幸,1451,-0.2,,3,4,33.6,500,+2,
,"2025.12. 7",阪神,5阪2,1勝,１勝ｸﾗｽ・牝,4,4,モンテディアーナ,牝,3,吉村誠之,54☆,11,1,１, ,ダ1200,良,,(栗),四位洋文,1126,-0.1,,4,3,37.3,468,-2,
,"2025.12. 7",阪神,5阪2,新馬,新馬,7,7,クイノールト,牡,2,プーシャ, 56 ,10,3,１, ,ダ1800,良,,(栗),橋口慎介,1540,-0.3,3,2,1,37.6,472,,
,"2025.12. 7",阪神,5阪2,新馬,新馬,5,9,アンソニー,牡,2,Ｍ．デム, 56 ,17,2,１, 外,芝1600,良,*,(栗),武幸四郎,1362,-0.0,,11,12,33.3,502,,
,"2025.12. 7",阪神,5阪2,未勝利,未勝利*,7,7,マテンロウゼロ,牡,2,横山典弘, 56 ,8,4,１, 内,芝2000,良,,(栗),松永幹夫,2020,-0.0,4,5,5,33.9,462,-2,
,"2025.12. 7",阪神,5阪2,未勝利,未勝利*,7,15,メイクワンズデイ,牡,2,松若風馬, 56 ,18,3,１, 内,芝1400,良,,(栗),宮地貴稔,1202,-0.5,,1,1,35.0,466,+4,
,"2025.12. 7",阪神,5阪2,未勝利,未勝利*,4,8,ジョアン,牝,2,プーシャ, 55 ,16,1,１, ,ダ1400,良,,(栗),中村直也,1257,-0.4,,3,3,37.7,452,0,
,"2025.12. 7",阪神,5阪2,未勝利,未勝利・牝*,7,7,オラヴィンリンナ,牝,2,北村友一, 55 ,10,3,１, ,ダ1800,良,,(栗),吉岡辰弥,1549,-0.1,3,3,3,37.0,490,+4,
,"2025.12. 6",阪神,5阪1,1勝,１勝ｸﾗｽ,4,6,マイエレメント,牝,3,岩田望来, 55 ,15,1,１, 外,芝1600,良,,(栗),福永祐一,1345,-0.1,,10,9,33.1,492,+4,
,"2025.12. 6",阪神,5阪1,Ｇ３,鳴尾記念G3,6,10,デビットバローズ,セ,6,岩田望来, 57 ,14,2,１, 外,芝1800,良,,(栗),上村洋行,1437,-0.3,,4,4,33.9,514,+10,
,"2025.12. 6",阪神,5阪1,3勝,妙見山Ｓ･3勝,1,2,ファムエレガンテ,牝,3,岩田望来, 55 ,16,4,１, ,ダ1200,良,,(栗),中村直也,1104,-0.4,,1,1,36.8,478,-2,
,"2025.12. 6",阪神,5阪1,1勝,さざんか･1勝,3,3,フォーゲル,牡,2,西村淳也, 56 ,8,1,１, 内,芝1200,良,,(栗),斉藤崇史,1091,-0.0,,2,2,33.7,532,+10,
,"2025.12. 6",阪神,5阪1,2勝,２勝ｸﾗｽ,7,13,メイショウツヨキ,牡,3,武豊, 57 ,16,10,１, ,ダ1400,良,,(栗),飯田祐史,1239,-0.0,,1,1,37.2,480,+4,
,"2025.12. 6",阪神,5阪1,1勝,１勝ｸﾗｽ,6,10,サンライズシュガー,牡,3,加藤祥太, 57 ,14,11,１, ,ダ1800,良,,(栗),小林真也,1536,-0.1,2,2,2,37.7,518,+4,
,"2025.12. 6",阪神,5阪1,新馬,新馬,7,8,エルル,牝,2,菱田裕二, 55 ,10,2,１, ,ダ1200,良,,(栗),小崎憲,1139,-0.2,,1,1,37.3,484,,
,"2025.12. 6",阪神,5阪1,新馬,新馬,7,7,エルハーベン,牡,2,高杉吏麒, 56 ,10,2,１, 内,芝2000,良,,(栗),藤岡健一,2044,-0.1,1,1,1,34.3,488,,
,"2025.12. 6",阪神,5阪1,未勝利,未勝利*,3,3,ブレットパス,牡,2,川田将雅, 56 ,9,1,１, 外,芝1800,良,,(栗),中内田充,1484,-0.0,,5,5,33.0,490,-6,
,"2025.12. 6",阪神,5阪1,未勝利,未勝利・牝*,4,8,グランドオーパス,牝,2,川田将雅, 55 ,17,3,１, 外,芝1600,良,,(栗),橋口慎介,1336,-0.0,,1,1,33.8,450,-4,
,"2025.12. 6",阪神,5阪1,未勝利,未勝利*,2,4,ヴォーカライズ,牡,2,西村淳也, 56 ,16,1,１, ,ダ1800,良,,(栗),高野友和,1537,-0.2,1,1,1,37.4,490,+12,B
,"2025.12. 6",阪神,5阪1,未勝利,未勝利*,2,3,ベラジオリン,牝,2,高杉吏麒, 55 ,16,5,１, ,ダ1200,良,*,(栗),小椋研介,1129,-0.5,,5,5,37.3,422,+4,
,"2025. 9.28",阪神,4阪9,2勝,２勝ｸﾗｽ,1,1,シャルクハフト,牡,3,吉村誠之,54☆,14,1,１, ,ダ2000,良,,(栗),清水久詞,2057,-0.5,4,4,2,37.6,492,+4,B
,"2025. 9.28",阪神,4阪9,OP(L),ポートア(L),7,9,ヤマニンサンパ,牡,7,亀田温心, 57 ,12,7,１, 外,芝1600,良,*,(栗),斉藤崇史,1330,-0.1,,8,8,33.4,482,-6,B
,"2025. 9.28",阪神,4阪9,3勝,堺Ｓ･3勝,8,16,シュラザック,牡,3,古川吉洋, 55 ,16,1,１, ,ダ1800,良,,(栗),大根田裕,1525,-0.1,4,3,2,37.0,482,-6,
,"2025. 9.28",阪神,4阪9,2勝,兵庫特Ｈ･2勝,3,3,ダノンシーマ,牡,3,西村淳也, 54 ,12,1,１, 外,芝2400,良,,(栗),中内田充,2258,-0.1,3,3,3,33.5,488,+2,
,"2025. 9.28",阪神,4阪9,1勝,１勝ｸﾗｽ,6,12,ローランドバローズ,牡,3,岩田康誠, 55 ,18,1,１, 外,芝1800,良,,(栗),上村洋行,1454,-0.4,,4,3,34.1,498,+14,
,"2025. 9.28",阪神,4阪9,1勝,１勝ｸﾗｽ,1,1,ゲイルライダー,牡,3,高杉吏麒,55☆,16,1,１, ,ダ1400,良,,(栗),牧浦充徳,1246,-0.3,,3,4,37.8,512,+18,
,"2025. 9.28",阪神,4阪9,1勝,１勝ｸﾗｽ,4,7,ウルスクローム,牡,3,高杉吏麒,55☆,16,5,１, ,ダ1200,良,,(栗),大橋勇樹,1115,-0.3,,8,7,35.8,480,+4,
,"2025. 9.28",阪神,4阪9,新馬,新馬,5,10,プレダトゥール,牡,2,亀田温心, 55 ,18,1,１, 内,芝1400,良,*,(栗),北出成人,1243,-0.0,,6,7,35.0,446,,
,"2025. 9.28",阪神,4阪9,新馬,新馬,8,9,ジュウリョクピエロ,牝,2,今村聖奈,53◇,9,1,１, ,ダ1800,良,,(栗),寺島良,1548,-0.6,3,3,3,36.8,484,,
,"2025. 9.28",阪神,4阪9,未勝利,未勝利*,6,6,サントルドパリ,牡,2,鮫島克駿, 55 ,10,2,１, 外,芝1800,良,,(栗),小林真也,1466,-0.2,,9,7,34.1,494,-2,
,"2025. 9.28",阪神,4阪9,未勝利,未勝利・牝*,3,4,ノアールビーナス,牝,2,鮫島克駿, 55 ,14,3,１, 内,芝1400,良,,(栗),杉山佳明,1217,-0.0,,8,6,34.9,424,-2,
,"2025. 9.28",阪神,4阪9,未勝利,障害未勝利,7,10,フームスムート,牡,8,上野翔, 60 ,13,1,１, ,ダ2970,良,,(美),水野貴広,3248,-0.0,1,1,1,13.8,528,-12,
,"2025. 9.27",阪神,4阪8,2勝,２勝ｸﾗｽ,8,16,タカネノハナコサン,牝,5,高杉吏麒,55☆,16,2,１, ,ダ1200,良,,(栗),緒方努,1106,-0.8,,1,1,36.3,498,-4,B
,"2025. 9.27",阪神,4阪8,Ｇ３,シリウスＨG3,8,13,ホウオウルーレット,牡,6,岩田康誠, 57 ,14,8,１, ,ダ2000,良,,(美),栗田徹,2048,-0.1,14,12,11,36.4,496,-6,B
,"2025. 9.27",阪神,4阪8,3勝,道頓堀Ｓ･3勝,6,11,シュタールヴィント,牡,5,西村淳也, 58 ,16,2,１, 内,芝1200,良,,(栗),矢作芳人,1083,-0.0,,9,8,33.1,446,+12,B
,"2025. 9.27",阪神,4阪8,1勝,ヤマボウ･1勝,2,2,ペルセア,牝,2,松山弘平, 55 ,8,2,１, ,ダ1400,良,,(美),武井亮,1255,-0.0,,6,6,36.5,510,+8,
,"2025. 9.27",阪神,4阪8,2勝,２勝ｸﾗｽ,4,5,スライビングロード,牝,3,岩田望来, 54 ,13,3,１, 外,芝1600,良,,(栗),福永祐一,1334,-0.1,,3,3,33.4,466,+6,
,"2025. 9.27",阪神,4阪8,1勝,１勝ｸﾗｽ,3,6,アロンディ,牡,3,モレイラ, 55 ,16,3,１, 内,芝2200,良,,(栗),武英智,2136,-0.1,10,9,10,34.5,452,0,
,"2025. 9.27",阪神,4阪8,1勝,１勝ｸﾗｽ,4,4,ストップヤーニング,牡,3,高杉吏麒,54☆,13,4,１, ,ダ1800,良,,(栗),羽月友彦,1525,-0.2,5,5,4,37.1,442,+6,
,"2025. 9.27",阪神,4阪8,新馬,新馬,1,1,フリーガー,牡,2,坂井瑠星, 55 ,11,3,１, 内,芝2000,良,,(栗),矢作芳人,2015,-0.0,4,4,3,35.3,446,,
,"2025. 9.27",阪神,4阪8,新馬,新馬・牝,3,5,ホワイトオーキッド,牝,2,西塚洸二,54☆,16,5,１, 外,芝1600,良,,(栗),藤原英昭,1346,-0.2,,5,5,34.5,422,,
,"2025. 9.27",阪神,4阪8,未勝利,未勝利*,7,12,フォーゲル,牡,2,モレイラ, 55 ,15,1,１, 内,芝1200,良,,(栗),斉藤崇史,1091,-0.3,,6,5,34.5,522,-8,B
,"2025. 9.27",阪神,4阪8,未勝利,未勝利*,3,3,シーズザスローン,牡,2,武豊, 55 ,9,1,１, ,ダ1800,良,,(栗),松永幹夫,1546,-1.2,2,2,1,37.3,468,-2,
,"2025. 9.27",阪神,4阪8,未勝利,未勝利*,6,11,ブロンテス,牡,2,国分恭介, 55 ,15,1,１, ,ダ1400,良,,(栗),大根田裕,1255,-0.8,,3,2,37.2,464,-4,
,"2025. 9.21",阪神,4阪7,2勝,２勝ｸﾗｽ,8,15,ダノンフィーゴ,牡,3,川田将雅, 56 ,16,1,１, ,ダ1400,良,,(栗),友道康夫,1232,-0.7,,4,4,35.7,470,+4,
,"2025. 9.21",阪神,4阪7,Ｇ２,神戸新聞G2,8,10,エリキング,牡,3,川田将雅, 57 ,10,2,１, 外,芝2400,良,,(栗),中内田充,2264,-0.1,7,7,7,32.3,510,+10,
,"2025. 9.21",阪神,4阪7,3勝,ムーンＨ･3勝,8,9,ファミリータイム,牡,4,松山弘平, 56 ,9,2,１, 内,芝2200,良,*,(栗),石坂公一,2148,-0.2,2,2,2,33.8,476,0,
,"2025. 9.21",阪神,4阪7,2勝,北摂特別･2勝,7,8,アスティスプマンテ,牝,4,小沢大仁, 56 ,10,2,１, 内,芝1200,良,,(栗),佐藤悠太,1082,-0.1,,4,4,33.4,446,+8,
,"2025. 9.21",阪神,4阪7,1勝,１勝ｸﾗｽ・牝,6,9,フクキタテーラー,牝,3,菱田裕二, 53 ,13,5,１, ,ダ1800,良,,(栗),緒方努,1556,-0.0,11,4,3,37.5,440,+18,
,"2025. 9.21",阪神,4阪7,1勝,１勝ｸﾗｽ,8,13,キーパフォーマー,牝,4,西村淳也, 56 ,13,4,１, 内,芝2000,良,,(栗),佐々木晶,1595,-0.0,6,6,6,35.0,468,+8,
,"2025. 9.21",阪神,4阪7,新馬,新馬,8,8,ボクマダネムイヨ,牡,2,西村淳也, 55 ,9,3,１, ,ダ1800,良,,(栗),東田明士,1568,-1.1,3,2,2,36.3,488,,
,"2025. 9.21",阪神,4阪7,新馬,新馬,1,1,バークシャーシチー,牡,2,松若風馬, 55 ,9,8,１, 外,芝1800,良,,(栗),牧田和弥,1472,-0.1,,7,8,33.6,454,,
,"2025. 9.21",阪神,4阪7,未勝利,未勝利*,7,11,キンダープンシュ,牝,2,坂井瑠星, 55 ,13,1,１, ,ダ1400,良,,(栗),大久保龍,1264,-0.1,,2,2,38.6,478,0,
,"2025. 9.21",阪神,4阪7,未勝利,未勝利*,6,7,タガノアバンドーネ,牡,2,吉村誠之,54☆,11,3,１, ,ダ1800,良,,(栗),角田晃一,1561,-0.5,2,2,2,38.6,474,-4,
,"2025. 9.21",阪神,4阪7,未勝利,未勝利*,5,7,コルテオソレイユ,牡,2,浜中俊, 55 ,13,6,１, 外,芝1600,良,,(栗),佐藤悠太,1338,-0.1,,5,5,34.9,444,-6,
,"2025. 9.21",阪神,4阪7,未勝利,障害未勝利,3,3,コパノニコルソン,牡,6,小牧加矢, 60 ,8,2,１, ,ダ2970,良,,(栗),宮徹,3218,-0.3,2,2,2,13.6,524,-4,
,"2025. 9.20",阪神,4阪6,2勝,２勝ｸﾗｽ,1,1,カミノレアル,牡,3,田口貫太, 55 ,16,4,１, ,ダ1800,良,,(栗),今野貞一,1521,-0.5,5,3,5,37.6,514,+2,B
,"2025. 9.20",阪神,4阪6,3勝,大阪スポ･3勝,8,13,スターペスカオリ,牝,5,角田大和, 56 ,13,11,１, ,ダ1400,良,,(栗),石橋守,1243,-0.1,,9,8,35.8,464,-2,
,"2025. 9.20",阪神,4阪6,2勝,夕月特別･2勝,1,1,グローリーリンク,牝,3,北村友一, 53 ,7,1,１, 内,芝2000,良,,(栗),吉岡辰弥,1576,-0.2,2,2,2,35.1,512,-2,
,"2025. 9.20",阪神,4阪6,1勝,１勝ｸﾗｽ,4,8,ハクサンアイリス,牡,3,小崎綾也, 56 ,16,1,１, ,ダ1400,良,,(栗),高橋一哉,1244,-0.0,,11,9,36.5,484,+6,
,"2025. 9.20",阪神,4阪6,ｵｰﾌﾟﾝ,野路菊Ｓ,4,4,アランカール,牝,2,北村友一, 55 ,6,1,１, 外,芝1600,良,,(栗),斉藤崇史,1335,-0.6,,6,5,33.3,438,+8,
,"2025. 9.20",阪神,4阪6,1勝,１勝ｸﾗｽ,8,16,アンジョルラス,セ,4,吉村誠之,57☆,16,3,１, 外,芝1600,良,,(栗),藤野健太,1335,-0.1,,16,14,33.1,500,0,
,"2025. 9.20",阪神,4阪6,1勝,１勝ｸﾗｽ,3,6,ハナウマビーチ,牡,3,松山弘平, 55 ,16,2,１, ,ダ1800,良,,(栗),西園翔太,1530,-0.2,16,4,4,37.0,516,0,
,"2025. 9.20",阪神,4阪6,新馬,新馬,4,6,グッドピース,牡,2,西村淳也, 55 ,14,2,１, 外,芝1600,良,,(栗),高野友和,1351,-0.4,,4,4,33.2,452,,
,"2025. 9.20",阪神,4阪6,ＪＧ３,阪神ジャJG3,6,6,ネビーイーム,牡,7,小牧加矢, 60 ,9,2,１, ,芝3140,良,,(栗),佐々木晶,3296,-0.1,3,1,1,13.4,536,+8,B
,"2025. 9.20",阪神,4阪6,新馬,新馬,4,4,タカスタカスタカス,牡,2,坂井瑠星, 55 ,10,1,１, ,ダ1200,良,,(栗),藤原英昭,1134,-0.1,,1,1,36.9,504,,B
,"2025. 9.20",阪神,4阪6,未勝利,未勝利*,3,3,エチゴドラゴン,牡,2,松若風馬, 55 ,7,1,１, 内,芝2000,良,,(栗),宮本博,1597,-0.0,1,1,1,36.3,468,-2,
,"2025. 9.20",阪神,4阪6,未勝利,未勝利*,1,1,エコロレーヴ,牡,2,川田将雅, 55 ,10,1,１, ,ダ1800,良,,(栗),森秀行,1553,-0.1,1,1,1,40.5,492,-4,
,"2025. 9.15",阪神,4阪5,1勝,１勝ｸﾗｽ,8,14,タマモティーカップ,牝,3,永島まな,52◇,15,4,１, ,ダ1400,良,,(栗),高橋亮,1247,-0.1,,9,10,36.2,460,+22,
,"2025. 9.15",阪神,4阪5,3勝,JRAアＨ･3勝,3,4,バスタードサフラン,牝,4,酒井学, 54 ,14,5,１, ,ダ1800,良,,(栗),渡辺薫彦,1516,-0.2,2,2,2,38.1,484,+16,B
,"2025. 9.15",阪神,4阪5,2勝,モーリ･2勝,8,8,ケーブパール,牝,4,小崎綾也, 56 ,9,3,１, 内,芝1400,良,,(栗),友道康夫,1207,-0.5,,6,7,33.8,432,-2,
,"2025. 9.15",阪神,4阪5,2勝,新涼特別･2勝,8,13,ヤマニンシュラ,牡,3,川田将雅, 56 ,13,1,１, ,ダ1200,良,,(栗),斉藤崇史,1112,-0.3,,3,4,36.2,470,0,
,"2025. 9.15",阪神,4阪5,1勝,１勝ｸﾗｽ,8,8,エバーグルーヴ,牝,3,武豊, 53 ,8,2,１, 外,芝1800,良,,(栗),藤岡健一,1449,-0.1,,8,7,33.8,424,+14,
,"2025. 9.15",阪神,4阪5,1勝,１勝ｸﾗｽ・牝,7,11,レイバックスピン,牝,3,西村淳也, 53 ,13,2,１, ,ダ1800,良,,(栗),牧浦充徳,1537,-0.8,5,4,4,37.3,486,-2,
,"2025. 9.15",阪神,4阪5,未勝利,未勝利,1,2,アスクコモンタレヴ,牡,3,岩田康誠, 57 ,18,1,１, 内,芝2200,良,*,(栗),梅田智之,2122,-0.7,12,9,8,34.9,460,-2,
,"2025. 9.15",阪神,4阪5,新馬,新馬,6,6,アイガーリー,牡,2,菱田裕二, 55 ,10,7,１, 外,芝1600,良,,(栗),秋山真一,1365,-0.0,,1,1,33.7,440,,
,"2025. 9.15",阪神,4阪5,未勝利,未勝利,5,9,アメリカンバー,牡,3,富田暁, 57 ,16,1,１, ,ダ1800,良,,(栗),宮地貴稔,1538,-0.1,1,1,1,38.9,502,-8,B
,"2025. 9.15",阪神,4阪5,未勝利,未勝利*,1,1,コロナドブリッジ,牡,2,西村淳也, 55 ,5,2,１, 内,芝2000,良,,(栗),庄野靖志,2036,-0.0,1,1,1,33.8,510,-2,
,"2025. 9.15",阪神,4阪5,未勝利,未勝利・牝*,6,6,エスティヴァリス,牝,2,永島まな,53◇,8,4,１, 外,芝1600,良,,(栗),高橋康之,1354,-0.1,,1,1,33.4,476,-2,
,"2025. 9.15",阪神,4阪5,未勝利,障害未勝利,4,4,ヴィンテージボンド,牡,6,難波剛健, 60 ,7,3,１, ,ダ2970,良,,(栗),西園正都,3315,-0.1,2,2,2,14.2,496,-6,
,"2025. 9.14",阪神,4阪4,1勝,１勝ｸﾗｽ,8,16,ゼットエール,牡,3,団野大成, 56 ,16,1,１, ,ダ1200,良,*,(栗),吉田直弘,1106,-1.4,,1,1,35.4,512,-2,
,"2025. 9.14",阪神,4阪4,Ｇ２,ローズＳG2,6,11,カムニャック,牝,3,川田将雅, 55 ,18,1,１, 外,芝1800,良,,(栗),友道康夫,1435,-0.2,,6,7,34.4,482,+8,
,"2025. 9.14",阪神,4阪4,3勝,仲秋Ｓ･3勝,7,8,ラヴァンダ,牝,4,岩田望来, 56 ,11,1,１, 外,芝1600,良,,(栗),中村直也,1322,-0.0,,6,4,33.2,492,+4,
,"2025. 9.14",阪神,4阪4,2勝,能勢特別･2勝,6,6,アレナリア,牝,6,国分恭介, 56 ,9,4,１, 内,芝2000,良,,(栗),西園翔太,2013,-0.1,1,1,1,34.3,434,0,B
,"2025. 9.14",阪神,4阪4,1勝,１勝ｸﾗｽ,2,2,シャンパンポップ,牡,4,モレイラ, 58 ,13,1,１, ,ダ2000,良,,(栗),武幸四郎,2049,-0.7,3,3,3,37.9,562,+6,
,"2025. 9.14",阪神,4阪4,1勝,１勝ｸﾗｽ・牝,1,1,ロンドボス,牝,3,横山武史, 54 ,14,2,１, 外,芝1600,良,,(栗),藤原英昭,1345,-0.2,,2,2,33.1,452,-6,
,"2025. 9.14",阪神,4阪4,新馬,新馬,6,8,ウェイニースー,牡,2,川田将雅, 55 ,12,1,１, ,ダ1800,良,,(栗),中内田充,1552,-1.1,5,3,3,37.6,514,,
,"2025. 9.14",阪神,4阪4,新馬,新馬,5,5,ブルースカイブルー,牡,2,和田竜二, 55 ,7,3,１, 内,芝2000,良,,(栗),平田修,2045,-0.0,2,2,1,34.2,534,,
,"2025. 9.14",阪神,4阪4,未勝利,未勝利,5,9,ヴィヴァシャス,牝,3,高杉吏麒,54☆,16,4,１, ,ダ1200,良,,(栗),笹田和秀,1125,-0.1,,6,6,36.8,450,0,
,"2025. 9.14",阪神,4阪4,未勝利,未勝利,2,3,ミライエイゴウ,牡,3,田山旺佑,54▲,16,8,１, ,ダ1800,良,,(栗),四位洋文,1527,-0.4,2,2,1,38.0,448,-10,
,"2025. 9.14",阪神,4阪4,未勝利,未勝利*,5,5,ダイヤモンドノット,牡,2,川田将雅, 55 ,10,3,１, 内,芝1400,良,,(栗),福永祐一,1207,-0.5,,4,4,34.4,472,+10,
,"2025. 9.14",阪神,4阪4,未勝利,未勝利・牝*,7,10,ラブルラウザー,牝,2,川田将雅, 55 ,13,1,１, ,ダ1400,良,,(栗),大久保龍,1240,-1.2,,3,3,36.7,456,+10,
,"2025. 9.13",阪神,4阪3,1勝,１勝ｸﾗｽ,3,4,キーチパルフェ,牡,4,鮫島克駿, 58 ,14,3,１, ,ダ1800,良,,(栗),高柳大輔,1518,-0.3,2,2,2,37.8,466,-6,
,"2025. 9.13",阪神,4阪3,Ｇ３,チャレンＨG3,6,11,オールナット,牡,4,モレイラ, 56 ,15,2,１, 内,芝2000,良,,(栗),高野友和,1580,-0.1,9,10,9,34.5,524,0,
,"2025. 9.13",阪神,4阪3,2勝,鳥取特別･2勝,5,5,マイノワール,牡,4,武豊, 58 ,9,5,１, ,ダ1800,良,,(栗),笹田和秀,1516,-0.0,9,8,8,36.8,470,-4,
,"2025. 9.13",阪神,4阪3,1勝,１勝ｸﾗｽ,5,9,ブルクトーア,牡,3,モレイラ, 56 ,18,1,１, 内,芝1400,良,,(栗),長谷川浩,1203,-0.2,,5,5,34.7,490,-2,
,"2025. 9.13",阪神,4阪3,1勝,生田特別･1勝,3,3,コーチェラバレー,牡,3,鮫島克駿, 55 ,6,2,１, 外,芝2400,良,,(栗),安田翔伍,2257,-0.2,5,5,6,33.9,442,+12,
,"2025. 9.13",阪神,4阪3,未勝利,未勝利,7,14,エンベッカ,牝,3,西村淳也, 55 ,18,6,１, 外,芝1800,良,,(栗),斉藤崇史,1454,-0.1,,8,5,34.4,426,0,
,"2025. 9.13",阪神,4阪3,新馬,新馬・牝,2,2,クリムゾンキャット,牝,2,松山弘平, 55 ,13,3,１, ,ダ1400,良,,(栗),上村洋行,1258,-0.7,,1,1,38.6,482,,
,"2025. 9.13",阪神,4阪3,新馬,新馬,5,5,シラヌイ,牝,2,吉村誠之,54☆,11,3,１, 内,芝1200,良,*,(栗),高橋亮,1102,-0.0,,3,3,35.2,452,,
,"2025. 9.13",阪神,4阪3,未勝利,未勝利,7,13,バルミラクル,牡,3,鮫島良太, 57 ,16,4,１, ,ダ1800,良,,(栗),河嶋宏樹,1543,-0.2,2,2,2,39.9,444,+2,
,"2025. 9.13",阪神,4阪3,未勝利,未勝利*,2,2,ギャラボーグ,牝,2,川田将雅, 55 ,5,2,１, 外,芝1800,良,,(栗),杉山晴紀,1511,-0.0,,2,2,33.0,500,+2,
,"2025. 9.13",阪神,4阪3,未勝利,未勝利*,8,8,イダテンシャチョウ,牡,2,川田将雅, 55 ,8,1,１, ,ダ1200,良,,(栗),森秀行,1127,-0.1,,3,3,36.5,472,-2,
,"2025. 9.13",阪神,4阪3,未勝利,未勝利*,3,3,ノースミソロジー,牡,2,菱田裕二, 55 ,8,2,１, ,ダ1800,良,,(栗),岡田稲男,1547,-0.0,1,1,1,37.9,472,0,
,"2025. 9. 7",阪神,4阪2,2勝,２勝ｸﾗｽ,4,4,ダノンスウィッチ,牡,4,松若風馬, 58 ,12,3,１, ,ダ1400,良,,(栗),東田明士,1242,-0.4,,1,1,36.8,490,+4,
,"2025. 9. 7",阪神,4阪2,Ｇ２,セントウG2,4,7,カンチェンジュンガ,牡,5,川田将雅, 57 ,16,8,１, 内,芝1200,良,,(栗),庄野靖志,1074,-0.1,,13,12,33.1,496,+12,
,"2025. 9. 7",阪神,4阪2,3勝,オークラ･3勝,5,5,テーオーエルビス,牡,3,坂井瑠星, 56 ,12,1,１, ,ダ1200,良,,(栗),高柳大輔,1105,-0.7,,4,4,35.1,510,0,
,"2025. 9. 7",阪神,4阪2,1勝,１勝ｸﾗｽ,5,7,ブラックケリー,牝,3,吉村誠之,53☆,13,3,１, 内,芝1200,良,,(栗),長谷川浩,1084,-0.1,,5,3,34.4,436,+2,
,"2025. 9. 7",阪神,4阪2,2勝,武田尾特･2勝,3,3,インヴォーグ,牝,3,坂井瑠星, 53 ,5,2,１, 外,芝1800,良,,(栗),福永祐一,1456,-0.3,,2,2,33.7,496,+10,
,"2025. 9. 7",阪神,4阪2,1勝,１勝ｸﾗｽ,4,4,モズカトレア,牝,3,松若風馬, 53 ,9,4,１, ,ダ1800,良,,(栗),井上智史,1528,-0.4,2,2,2,38.9,492,+6,
,"2025. 9. 7",阪神,4阪2,1勝,１勝ｸﾗｽ・牝,3,4,ポートデラメール,牝,3,団野大成, 54 ,15,4,１, ,ダ1400,良,,(栗),斉藤崇史,1240,-0.4,,2,2,37.9,446,+28,
,"2025. 9. 7",阪神,4阪2,新馬,新馬,4,4,キッコベッロ,牡,2,川田将雅, 55 ,6,2,１, 外,芝1800,良,,(栗),友道康夫,1475,-0.4,,3,3,33.6,488,,
,"2025. 9. 7",阪神,4阪2,未勝利,未勝利,5,9,フィオレストラーダ,牝,3,団野大成, 55 ,16,3,１, 内,芝2000,良,,(栗),杉山晴紀,1585,-0.3,2,3,2,35.9,452,0,
,"2025. 9. 7",阪神,4阪2,未勝利,未勝利,3,6,ダノンプリマ,牝,3,角田大和, 55 ,16,2,１, ,ダ1400,良,,(栗),千田輝彦,1255,-0.1,,2,2,38.1,450,+4,
,"2025. 9. 7",阪神,4阪2,未勝利,未勝利*,3,3,カクウチ,牡,2,岩田望来, 55 ,7,2,１, 外,芝1600,良,,(栗),小崎憲,1339,-0.1,,1,1,34.9,448,-6,
,"2025. 9. 7",阪神,4阪2,未勝利,未勝利*,1,1,リヒトミューレ,牡,2,坂井瑠星, 55 ,7,3,１, ,ダ1800,良,,(栗),中村直也,1550,-0.1,2,2,2,38.5,496,+2,
,"2025. 9. 6",阪神,4阪1,1勝,１勝ｸﾗｽ,7,11,リメンバーヒム,牡,3,高杉吏麒,55☆,13,2,１, ,ダ1400,稍,,(栗),浜田多実,1246,-0.4,,5,4,36.4,452,-2,
,"2025. 9. 6",阪神,4阪1,OP(L),エニフＨ(L),8,14,インユアパレス,牡,4,川田将雅, 57 ,14,1,１, ,ダ1400,稍,,(栗),須貝尚介,1227,-0.3,,9,8,36.0,488,+2,
,"2025. 9. 6",阪神,4阪1,3勝,西宮Ｓ･3勝,7,10,オーロラエックス,牝,4,松山弘平, 56 ,12,3,１, 外,芝1800,良,,(栗),杉山晴紀,1445,-0.0,,11,6,33.6,490,+2,
,"2025. 9. 6",阪神,4阪1,2勝,出石特別･2勝,3,3,トリポリタニア,牡,3,北村友一, 55 ,9,1,１, ,ダ1800,稍,,(栗),上村洋行,1519,-0.6,2,2,2,36.4,468,-8,
,"2025. 9. 6",阪神,4阪1,1勝,１勝ｸﾗｽ,1,1,ヴォワラクテ,牝,3,吉村誠之,52☆,9,1,１, 内,芝2000,良,,(栗),田中克典,1595,-0.1,4,3,2,36.0,440,-2,
,"2025. 9. 6",阪神,4阪1,1勝,１勝ｸﾗｽ,5,6,スライビングロード,牝,3,岩田望来, 54 ,13,1,１, 外,芝1600,良,,(栗),福永祐一,1323,-0.1,,4,4,34.2,460,+6,
,"2025. 9. 6",阪神,4阪1,新馬,新馬,7,10,マグナヴィクトル,牡,2,川田将雅, 55 ,13,1,１, ,ダ1400,稍,,(栗),中内田充,1246,-1.8,,1,1,37.0,518,,
,"2025. 9. 6",阪神,4阪1,新馬,新馬,2,2,ベネサルート,牡,2,吉村誠之,54☆,11,2,１, 内,芝1400,良,,(栗),渡辺薫彦,1219,-0.1,,2,2,34.2,492,,
,"2025. 9. 6",阪神,4阪1,未勝利,未勝利,1,2,パスコード,牝,3,亀田温心, 55 ,18,6,１, 外,芝1600,良,,(栗),高柳大輔,1326,-0.2,,3,3,34.5,432,-6,
,"2025. 9. 6",阪神,4阪1,未勝利,未勝利,7,13,モズプリヴェール,牡,3,松山弘平, 57 ,16,3,１, ,ダ1800,重,,(栗),森田直行,1543,-0.1,13,12,6,38.0,480,+2,
,"2025. 9. 6",阪神,4阪1,未勝利,未勝利*,5,5,バドリナート,牡,2,坂井瑠星, 55 ,5,1,１, 内,芝2000,良,,(栗),松永幹夫,2009,-0.7,2,2,2,35.1,490,-4,
,"2025. 9. 6",阪神,4阪1,未勝利,未勝利*,7,7,エブリデイ,牡,2,高杉吏麒,54☆,9,4,１, ,ダ1400,重,,(栗),北出成人,1252,-0.2,,2,2,36.8,492,-6,
,"2025. 6.22",阪神,3阪6,2勝,２勝ｸﾗｽ,3,5,アウトドライブ,牡,4,幸英明, 58 ,15,7,１, ,ダ1800,良,,(栗),鈴木孝志,1531,-0.1,7,6,1,38.1,560,-2,
,"2025. 6.22",阪神,3阪6,Ｇ３,しらさぎG3,2,2,キープカルム,牡,4,坂井瑠星, 57 ,14,5,１, 外,芝1600,良,*,(栗),中竹和也,1330,-0.2,,9,10,33.4,496,+6,
,"2025. 6.22",阪神,3阪6,3勝,姫路Ｓ･3勝,4,8,ルシュヴァルドール,牡,4,松山弘平, 58 ,16,2,１, ,ダ1800,良,,(栗),矢作芳人,1525,-0.2,7,6,3,37.3,536,-2,
,"2025. 6.22",阪神,3阪6,2勝,高砂特別･2勝,8,8,イケイケドンドン,牡,5,小沢大仁, 58 ,9,5,１, 内,芝2000,良,,(美),松山将樹,2006,-0.5,1,2,2,35.7,470,-2,
,"2025. 6.22",阪神,3阪6,1勝,１勝ｸﾗｽ,8,15,ホウショウマリス,牝,3,小沢大仁, 53 ,16,6,１, ,ダ1400,良,,(栗),井上智史,1241,-0.1,,7,5,37.4,454,0,
,"2025. 6.22",阪神,3阪6,1勝,１勝ｸﾗｽ・牝,8,8,オデット,牝,3,吉村誠之,52☆,9,3,１, 内,芝2000,良,,(栗),緒方努,2011,-0.1,1,1,1,35.7,444,+2,
,"2025. 6.22",阪神,3阪6,新馬,新馬,7,14,シュテフィ,牝,2,松山弘平, 55 ,16,5,１, ,ダ1200,良,,(栗),牧田和弥,1144,-0.1,,4,4,38.3,448,,
,"2025. 6.22",阪神,3阪6,新馬,新馬,8,9,フェスティバルヒル,牝,2,坂井瑠星, 55 ,10,1,１, 外,芝1600,良,,(栗),四位洋文,1372,-0.1,,4,4,34.5,438,,
,"2025. 6.22",阪神,3阪6,未勝利,未勝利,2,2,ボンドロア,牡,3,横山典弘, 57 ,15,3,１, 外,芝2400,良,,(栗),松永幹夫,2259,-0.3,1,1,1,35.0,470,+2,
,"2025. 6.22",阪神,3阪6,未勝利,未勝利,5,9,フェイトライン,牡,3,吉村誠之,56☆,18,5,１, 外,芝1600,良,,(栗),斉藤崇史,1338,-0.0,,7,6,34.7,520,+8,B
,"2025. 6.22",阪神,3阪6,未勝利,未勝利,5,7,ダイシンレアレア,牡,3,川田将雅, 57 ,14,1,１, ,ダ1800,良,,(栗),高橋一哉,1549,-0.7,3,2,2,38.0,476,-6,
,"2025. 6.22",阪神,3阪6,未勝利,未勝利,8,15,リメンバーヒム,牡,3,高杉吏麒,56☆,16,1,１, ,ダ1400,良,,(栗),浜田多実,1257,-0.5,,7,4,38.2,454,+4,
,"2025. 6.21",阪神,3阪5,1勝,１勝ｸﾗｽ,4,5,リカントロポ,牡,3,田口貫太, 55 ,14,6,１, 外,芝1600,良,*,(栗),梅田智之,1338,-0.3,,6,6,34.9,474,0,
,"2025. 6.21",阪神,3阪5,ｵｰﾌﾟﾝ,天保山Ｓ,2,3,コンクイスタ,セ,5,岩田望来, 57 ,16,2,１, ,ダ1400,良,*,(栗),吉岡辰弥,1236,-0.1,,9,9,36.8,484,-4,
,"2025. 6.21",阪神,3阪5,3勝,ストーＨ･3勝,8,12,ヴェルテンベルク,牡,5,団野大成, 55 ,12,7,１, 内,芝2200,良,,(栗),宮本博,2120,-0.1,4,6,4,35.0,478,-6,
,"2025. 6.21",阪神,3阪5,2勝,舞子特Ｈ･2勝,8,12,ハワイアンティアレ,牝,4,和田竜二, 54 ,13,2,１, 外,芝1600,良,,(栗),松永幹夫,1326,-0.1,,7,10,33.7,432,0,
,"2025. 6.21",阪神,3阪5,1勝,１勝ｸﾗｽ,8,15,タガノバビロン,牡,3,松山弘平, 55 ,16,2,１, ,ダ1800,良,*,(栗),西園翔太,1530,-0.1,7,7,5,37.1,514,+2,
,"2025. 6.21",阪神,3阪5,1勝,１勝ｸﾗｽ,6,6,ミントマーク,牡,5,幸英明, 58 ,10,8,１, 外,芝2400,良,,(栗),高橋一哉,2268,-0.0,5,5,5,34.8,476,+6,
,"2025. 6.21",阪神,3阪5,未勝利,未勝利,5,8,フララナキラ,牡,3,坂井瑠星, 57 ,15,2,１, 内,芝2000,良,,(栗),田中克典,2013,-0.0,3,3,2,35.8,448,-2,B
,"2025. 6.21",阪神,3阪5,新馬,新馬,6,8,タイセイボーグ,牝,2,田口貫太, 55 ,12,2,１, 内,芝1400,良,,(栗),松下武士,1226,-0.1,,3,3,35.5,466,,
,"2025. 6.21",阪神,3阪5,未勝利,未勝利,5,6,エテルノレガーメ,牡,3,幸英明, 57 ,13,2,１, ,ダ1800,良,,(栗),野中賢二,1544,-0.4,2,2,2,39.3,534,+16,
,"2025. 6.21",阪神,3阪5,未勝利,未勝利,8,16,ウルスクローム,牡,3,幸英明, 57 ,16,2,１, ,ダ1200,良,,(栗),大橋勇樹,1124,-0.2,,4,4,36.6,476,0,
,"2025. 6.21",阪神,3阪5,未勝利,未勝利・牝,6,12,オーケアニス,牝,3,坂井瑠星, 55 ,16,1,１, ,ダ1800,良,,(栗),松永幹夫,1553,-0.8,1,1,1,40.5,458,-6,
,"2025. 6.21",阪神,3阪5,ｵｰﾌﾟﾝ,障害・オープ,2,2,マテンロウジョイ,牡,5,西谷誠, 60 ,12,6,１, ,ダ3110,良,,(栗),四位洋文,3292,-0.7,1,1,1,13.5,476,+8,
,"2025. 6.15",阪神,3阪4,3勝,リボンＨ･3勝,4,8,ムーヴ,牡,6,坂井瑠星, 57 ,16,5,１, ,ダ1200,重,,(美),池上昌和,1104,-0.2,,11,10,35.2,476,-4,B
,"2025. 6.15",阪神,3阪4,Ｇ１,宝塚記念G1,6,12,メイショウタバル,牡,4,武豊, 58 ,17,7,１, 内,芝2200,稍,,(栗),石橋守,2111,-0.5,1,1,1,36.0,504,,
,"2025. 6.15",阪神,3阪4,3勝,花のみち･3勝,3,5,ブルーミンデザイン,牡,4,ルメール, 58 ,18,3,１, 外,芝1600,稍,,(栗),宮本博,1326,-0.2,,3,3,34.6,490,-8,
,"2025. 6.15",阪神,3阪4,2勝,武庫川特･2勝,7,12,レイピア,牡,3,北村友一, 55 ,15,1,１, 内,芝1200,稍,,(栗),中竹和也,1095,-0.5,,6,5,35.2,502,+2,
,"2025. 6.15",阪神,3阪4,2勝,逆瀬川特･2勝,5,9,タクシンイメル,牝,4,高倉稜, 56 ,16,11,１, ,ダ1800,重,,(栗),武英智,1517,-0.1,4,3,2,37.7,484,+12,
,"2025. 6.15",阪神,3阪4,1勝,１勝ｸﾗｽ,3,3,エコロディノス,牡,3,レーン, 55 ,10,1,１, 内,芝2000,稍,,(栗),大久保龍,2005,-1.0,1,1,1,35.2,482,+18,
,"2025. 6.15",阪神,3阪4,1勝,１勝ｸﾗｽ,1,2,シャルクハフト,牡,3,吉村誠之,54☆,16,3,１, ,ダ1800,重,,(栗),清水久詞,1514,-0.3,5,4,3,37.9,492,0,B
,"2025. 6.15",阪神,3阪4,新馬,新馬,2,2,サレジオ,牡,2,ルメール, 55 ,8,1,１, 外,芝1800,重,,(美),田中博康,1493,-0.1,,1,1,34.0,486,,
,"2025. 6.15",阪神,3阪4,未勝利,未勝利,7,12,ピエタンツァ,牝,3,武豊, 55 ,15,2,１, 内,芝2200,重,,(栗),松永幹夫,2150,-0.1,12,9,6,35.9,476,+2,
,"2025. 6.15",阪神,3阪4,未勝利,未勝利,7,14,ワンコールアウェイ,牝,3,松山弘平, 55 ,18,1,１, 内,芝1400,重,*,(栗),杉山晴紀,1220,-0.1,,10,8,35.5,450,-4,
,"2025. 6.15",阪神,3阪4,未勝利,未勝利,1,1,メイショウヤシマ,牡,3,松山弘平, 57 ,14,3,１, ,ダ1800,不,,(栗),高橋亮,1516,-0.3,1,1,1,36.8,464,+2,
,"2025. 6.15",阪神,3阪4,未勝利,未勝利・牝,2,3,メイショウドライブ,牝,3,幸英明, 55 ,16,2,１, ,ダ1200,不,,(栗),鈴木孝志,1119,-0.1,,1,1,36.7,442,+4,
,"2025. 6.14",阪神,3阪3,1勝,１勝ｸﾗｽ,2,4,ペプチドクレマチス,牝,3,岩田望来, 53 ,16,3,１, 内,芝1200,重,,(栗),畑端省吾,1102,-0.3,,1,1,35.4,446,+2,
,"2025. 6.14",阪神,3阪3,ｵｰﾌﾟﾝ,三宮ＳＨ,8,12,ダブルハートボンド,牝,4,坂井瑠星, 54 ,13,1,１, ,ダ1800,重,,(栗),大久保龍,1500,-0.0,2,2,2,37.6,472,-4,
,"2025. 6.14",阪神,3阪3,2勝,安芸特別･2勝,2,4,エコロアゼル,牡,3,団野大成, 55 ,16,2,１, ,ダ1200,重,,(栗),森秀行,1098,-0.8,,1,1,35.1,520,-2,
,"2025. 6.14",阪神,3阪3,1勝,１勝ｸﾗｽ・牝,4,4,スマートミストラル,牝,3,坂井瑠星, 53 ,13,1,１, 外,芝1600,重,,(栗),大久保龍,1348,-0.4,,1,1,34.9,426,-2,
,"2025. 6.14",阪神,3阪3,2勝,三田特別･2勝,4,4,ゲルチュタール,牡,3,坂井瑠星, 54 ,6,1,１, 外,芝2400,重,,(栗),杉山晴紀,2260,-0.9,2,2,1,35.2,520,+8,
,"2025. 6.14",阪神,3阪3,1勝,１勝ｸﾗｽ,1,2,プレアデスグループ,牝,4,高杉吏麒,55☆,16,6,１, ,ダ1200,重,,(栗),吉岡辰弥,1124,-0.1,,4,4,36.7,446,-2,
,"2025. 6.14",阪神,3阪3,未勝利,未勝利,2,4,ロードレジェロ,牡,3,坂井瑠星, 57 ,18,1,１, 外,芝1800,稍,,(栗),藤野健太,1481,-0.1,,2,1,34.8,476,+4,
,"2025. 6.14",阪神,3阪3,新馬,新馬,3,3,マイオウンウェイ,牡,2,松山弘平, 55 ,8,3,１, 内,芝1200,稍,,(栗),高野友和,1105,-0.2,,1,1,35.3,428,,
,"2025. 6.14",阪神,3阪3,未勝利,未勝利・牝,8,18,ジーティードレス,牝,3,岩田望来, 55 ,18,4,１, 外,芝1600,稍,*,(栗),辻野泰之,1348,-0.1,,8,7,34.6,434,0,
,"2025. 6.14",阪神,3阪3,未勝利,未勝利,3,6,ロックウイズユー,牡,3,松山弘平, 57 ,16,1,１, ,ダ2000,稍,,(栗),西園正都,2080,-1.0,6,3,3,39.4,454,+4,B
,"2025. 6.14",阪神,3阪3,未勝利,未勝利,5,9,ケイアイブイスリー,牡,3,和田竜二, 57 ,16,7,１, ,ダ1400,稍,,(栗),平田修,1253,-0.3,,2,2,37.9,444,0,
,"2025. 6.14",阪神,3阪3,未勝利,未勝利・牝,7,14,フクキタテーラー,牝,3,菱田裕二, 55 ,16,5,１, ,ダ1800,稍,,(栗),緒方努,1558,-0.1,13,9,6,38.6,422,0,
,"2025. 6. 8",阪神,3阪2,1勝,１勝ｸﾗｽ,8,16,チューラワンサ,牝,3,北村友一, 53 ,16,2,１, 内,芝1400,良,,(栗),高野友和,1203,-0.4,,8,5,34.9,424,+14,
,"2025. 6. 8",阪神,3阪2,ｵｰﾌﾟﾝ,水無月ＳＨ,8,15,サンライズアムール,牡,6,幸英明,58.5,16,4,１, ,ダ1200,良,,(栗),小林真也,1109,-0.1,,4,4,36.0,526,0,
,"2025. 6. 8",阪神,3阪2,2勝,洲本特別･2勝,8,15,プロトポロス,牡,5,斎藤新, 58 ,16,6,１, ,ダ1400,良,,(栗),西村真幸,1245,-0.0,,2,2,36.7,488,-2,
,"2025. 6. 8",阪神,3阪2,2勝,三木特別･2勝,8,8,テーオーダグラス,牡,4,団野大成, 58 ,8,1,１, 外,芝1800,良,,(栗),須貝尚介,1464,-0.1,,2,2,33.7,488,0,
,"2025. 6. 8",阪神,3阪2,1勝,１勝ｸﾗｽ,8,13,チュウジョウ,牡,3,幸英明, 55 ,13,2,１, ,ダ1800,良,,(栗),杉山佳明,1532,-0.2,5,3,2,36.8,506,0,
,"2025. 6. 8",阪神,3阪2,未勝利,未勝利,8,16,ロールザダイス,セ,3,田口貫太, 57 ,18,8,１, 外,芝1600,良,,(栗),池江泰寿,1340,-0.1,,13,11,34.3,458,-12,
,"2025. 6. 8",阪神,3阪2,未勝利,未勝利・牝,3,5,ジョワイユノエル,牝,3,鮫島克駿, 55 ,18,2,１, 外,芝1800,良,,(栗),辻野泰之,1465,-0.0,,5,6,34.0,468,+4,
,"2025. 6. 8",阪神,3阪2,新馬,新馬,3,3,ファムマルキーズ,牝,2,高杉吏麒,54☆,11,1,１, 内,芝1400,良,*,(栗),大久保龍,1218,-0.2,,6,4,34.2,436,,
,"2025. 6. 8",阪神,3阪2,未勝利,未勝利,8,14,ゼンエスポワール,牡,3,角田大和, 57 ,15,1,１, ,ダ1800,良,,(栗),飯田祐史,1554,-0.5,4,2,1,40.0,516,+6,
,"2025. 6. 8",阪神,3阪2,未勝利,未勝利,2,3,ペイドラロワール,牡,3,岩田望来, 57 ,16,3,１, ,ダ1400,良,,(栗),清水久詞,1256,-0.2,,1,1,37.7,462,0,
,"2025. 6. 8",阪神,3阪2,未勝利,未勝利・牝,8,13,モズカトレア,牝,3,岩田望来, 55 ,14,2,１, ,ダ1800,良,,(栗),井上智史,1571,-0.0,1,1,1,37.8,486,-2,
,"2025. 6. 8",阪神,3阪2,未勝利,障害未勝利,6,6,サンダーアラート,セ,4,上野翔, 60 ,11,2,１, ,ダ2970,良,,(美),田中博康,3208,-0.5,4,4,4,13.5,470,0,
,"2025. 6. 7",阪神,3阪1,1勝,１勝ｸﾗｽ,5,10,アンズアメ,牝,3,松山弘平, 53 ,16,1,１, ,ダ1400,良,,(栗),高柳大輔,1244,-0.0,,4,3,37.3,464,-8,
,"2025. 6. 7",阪神,3阪1,3勝,垂水Ｓ･3勝,7,12,シェイクユアハート,牡,5,古川吉洋, 58 ,15,3,１, 内,芝2000,良,,(栗),宮徹,1586,-0.1,6,5,4,35.3,454,-4,
,"2025. 6. 7",阪神,3阪1,2勝,加古川特･2勝,8,8,ロードラビリンス,牡,3,川田将雅, 55 ,9,2,１, ,ダ1800,良,,(栗),松下武士,1530,-0.0,3,3,2,36.0,488,0,
,"2025. 6. 7",阪神,3阪1,1勝,城崎特別･1勝,6,6,ゼンダンハヤブサ,牡,3,藤岡佑介, 55 ,10,5,１, 外,芝1800,良,,(栗),佐々木晶,1465,-0.0,,3,2,34.3,446,-4,
,"2025. 6. 7",阪神,3阪1,1勝,１勝ｸﾗｽ・牝,5,5,ラヴァブル,牝,3,鮫島克駿, 53 ,9,6,１, ,ダ1800,良,,(栗),松下武士,1545,-0.1,7,5,5,37.6,494,+4,
,"2025. 6. 7",阪神,3阪1,1勝,１勝ｸﾗｽ,1,1,ヴァリディシームス,牡,3,川田将雅, 54 ,10,1,１, 内,芝2200,良,,(栗),中内田充,2127,-0.3,10,5,5,34.3,484,+4,
,"2025. 6. 7",阪神,3阪1,未勝利,未勝利,5,7,サトノソティラス,牡,3,吉村誠之,56☆,13,4,１, 内,芝2000,良,,(栗),池江泰寿,2011,-0.1,6,4,4,34.8,496,0,
,"2025. 6. 7",阪神,3阪1,新馬,新馬,2,2,チュウワカーネギー,牡,2,北村友一, 55 ,8,1,１, 外,芝1600,良,,(栗),大久保龍,1362,-0.1,,1,1,33.2,516,,
,"2025. 6. 7",阪神,3阪1,未勝利,未勝利,2,4,ドラゴンテイラー,牡,3,高杉吏麒,56☆,16,5,１, ,ダ1200,良,,(栗),藤原英昭,1127,-0.5,,2,3,37.0,524,+26,B
,"2025. 6. 7",阪神,3阪1,未勝利,未勝利,2,4,コウセキ,牡,3,坂井瑠星, 57 ,16,4,１, 内,芝1200,良,*,(栗),西園正都,1089,-0.0,,1,1,34.2,474,-2,
,"2025. 6. 7",阪神,3阪1,未勝利,未勝利,1,1,ハナウマビーチ,牡,3,岩田望来, 57 ,16,2,１, ,ダ1800,良,,(栗),西園翔太,1543,-0.2,4,3,3,37.6,514,0,
,"2025. 6. 7",阪神,3阪1,未勝利,未勝利・牝,7,13,ルクスデイジー,牝,3,川田将雅, 55 ,15,1,１, ,ダ1400,良,,(栗),高橋亮,1257,-0.6,,2,1,37.6,452,-8,
,"2025. 4.20",阪神,2阪8,2勝,２勝ｸﾗｽ・牝,6,11,タガノチョコラータ,牝,5,長浜鴻緒,54△,16,8,１, ,ダ1800,良,,(栗),角田晃一,1538,-0.3,10,10,8,39.1,504,+6,B
,"2025. 4.20",阪神,2阪8,3勝,心斎橋Ｓ･3勝,4,4,ナムラアトム,牡,4,菱田裕二, 58 ,11,2,１, 内,芝1400,良,,(栗),長谷川浩,1199,-0.1,,4,4,34.5,490,-6,B
,"2025. 4.20",阪神,2阪8,3勝,天満橋Ｈ･3勝,1,2,ローズスター,牡,5,団野大成, 57 ,16,3,１, ,ダ1400,良,,(栗),上村洋行,1244,-0.1,,13,9,36.3,464,+2,B
,"2025. 4.20",阪神,2阪8,2勝,蓬莱峡特･2勝,5,5,ヴェルテンベルク,牡,5,池添謙一, 58 ,8,4,１, 内,芝2000,良,,(栗),宮本博,1599,-0.1,5,4,4,34.5,486,+6,
,"2025. 4.20",阪神,2阪8,1勝,１勝ｸﾗｽ,5,7,アラナコア,牡,4,幸英明, 58 ,13,1,１, ,ダ1800,良,,(栗),田中克典,1534,-1.1,12,9,3,38.4,490,0,
,"2025. 4.20",阪神,2阪8,1勝,１勝ｸﾗｽ*,6,6,マテンロウサン,牡,3,横山典弘, 57 ,11,1,１, 外,芝1600,良,,(栗),昆貢,1343,-0.1,,4,4,33.0,510,+22,
,"2025. 4.20",阪神,2阪8,1勝,１勝ｸﾗｽ*,7,14,フェデラー,牡,3,横山典弘, 57 ,16,1,１, ,ダ1200,良,,(栗),石橋守,1127,-0.0,,12,6,36.9,504,-4,
,"2025. 4.20",阪神,2阪8,未勝利,未勝利,2,3,アスクヴォルテージ,牡,3,西塚洸二,56☆,18,5,１, 外,芝1800,良,,(栗),藤原英昭,1462,-0.3,,5,6,34.5,504,-4,
,"2025. 4.20",阪神,2阪8,未勝利,障害未勝利,1,1,テイエムマジック,牡,7,難波剛健, 60 ,14,1,１, ,ダ2970,良,,(栗),鈴木孝志,3246,-0.4,6,3,2,13.8,516,+2,B
,"2025. 4.20",阪神,2阪8,未勝利,未勝利,2,4,スパイラルビジョン,牡,3,団野大成, 57 ,16,7,１, ,ダ1800,良,,(栗),佐々木晶,1561,-0.0,4,4,4,38.3,488,-2,
,"2025. 4.20",阪神,2阪8,未勝利,未勝利・牝,7,14,エレガンシア,牝,3,鮫島克駿, 55 ,16,5,１, 内,芝2000,良,,(栗),高柳大輔,2013,-0.2,7,4,4,35.6,442,0,
,"2025. 4.20",阪神,2阪8,未勝利,未勝利,4,7,ニューオーリンズ,牡,3,和田陽希,54▲,16,3,１, ,ダ1400,良,,(栗),杉山晴紀,1258,-0.5,,2,2,38.8,524,-4,B
,"2025. 4.19",阪神,2阪7,1勝,１勝ｸﾗｽ,6,11,マイティマイティー,牡,4,坂井瑠星, 58 ,16,1,１, ,ダ1400,良,,(栗),佐々木晶,1250,-0.5,,11,7,37.0,480,-8,
,"2025. 4.19",阪神,2阪7,Ｇ３,アンタレG3,6,8,ミッキーファイト,牡,4,ルメール, 58 ,13,1,１, ,ダ1800,良,,(美),田中博康,1513,-0.4,3,2,2,37.8,544,-6,
,"2025. 4.19",阪神,2阪7,2勝,丹波特Ｈ･2勝,4,5,レディマリオン,牝,4,吉村誠之, 53 ,14,7,１, 内,芝1400,良,,(栗),長谷川浩,1200,-0.1,,5,3,33.8,448,-2,
,"2025. 4.19",阪神,2阪7,2勝,吹田特別･2勝,6,12,ルディック,牡,4,北村友一, 58 ,16,1,１, ,ダ1400,良,,(栗),高野友和,1250,-0.2,,1,1,37.5,526,0,B
,"2025. 4.19",阪神,2阪7,1勝,１勝ｸﾗｽ,4,5,ダノンクロム,牡,5,坂井瑠星, 58 ,14,7,１, 外,芝1600,良,,(栗),東田明士,1336,-0.3,,1,1,33.6,536,-4,
,"2025. 4.19",阪神,2阪7,1勝,１勝ｸﾗｽ,8,9,アクアヴァーナル,牝,4,藤岡佑介, 56 ,10,1,１, 外,芝2400,良,,(栗),四位洋文,2246,-0.2,2,2,2,34.1,460,-2,
,"2025. 4.19",阪神,2阪7,1勝,１勝ｸﾗｽ・牝*,4,4,クリノスワロー,牝,3,坂井瑠星, 55 ,8,4,１, ,ダ1800,良,,(栗),高橋義忠,1552,-0.0,3,3,3,40.4,488,-2,
,"2025. 4.19",阪神,2阪7,1勝,１勝ｸﾗｽ*,2,2,トッピボーン,牡,3,武豊, 57 ,7,1,１, 内,芝2000,良,,(栗),笹田和秀,1579,-0.7,7,7,5,34.5,468,+4,
,"2025. 4.19",阪神,2阪7,未勝利,未勝利,3,5,ファーングロット,牡,3,北村友一, 57 ,16,1,１, 内,芝2200,良,,(栗),上村洋行,2137,-0.2,2,2,2,35.5,486,-2,
,"2025. 4.19",阪神,2阪7,未勝利,未勝利,1,2,ミラクルブルー,牡,3,鮫島克駿, 57 ,16,7,１, ,ダ2000,良,,(栗),小林真也,2085,-0.1,4,4,4,38.6,482,+4,B
,"2025. 4.19",阪神,2阪7,未勝利,未勝利,2,4,ヴリトラハン,牡,3,高杉吏麒,56☆,16,4,１, ,ダ1200,良,,(栗),千田輝彦,1140,-0.0,,4,4,37.8,478,+8,
,"2025. 4.19",阪神,2阪7,未勝利,未勝利・牝,6,11,ガールズデイアウト,牝,3,岩田望来, 55 ,16,1,１, ,ダ1800,良,,(栗),吉村圭司,1569,-0.0,5,4,5,38.6,470,-6,
,"2025. 4.13",阪神,2阪6,3勝,梅田Ｓ･3勝,4,7,ネバーモア,牝,4,藤岡佑介, 56 ,16,1,１, ,ダ1800,稍,*,(栗),宮本博,1528,-0.8,7,4,4,37.0,490,-4,
,"2025. 4.13",阪神,2阪6,Ｇ１,桜花賞G1,4,7,エンブロイダリー,牝,3,モレイラ, 55 ,18,3,１, 外,芝1600,稍,,(美),森一誠,1331,-0.0,,9,8,34.0,482,0,
,"2025. 4.13",阪神,2阪6,ｵｰﾌﾟﾝ,大阪―ハＨ,1,1,アドマイヤテラ,牡,4,武豊, 56 ,11,1,１, 外,芝2600,稍,,(栗),友道康夫,2398,-0.1,3,4,3,34.9,494,+12,
,"2025. 4.13",阪神,2阪6,OP(L),忘れな草(L),5,5,サヴォンリンナ,牝,3,北村友一, 55 ,8,3,１, 内,芝2000,稍,,(栗),田中克典,2035,-0.2,2,2,2,35.6,444,+6,
,"2025. 4.13",阪神,2阪6,2勝,天神橋特･2勝,8,12,ダブルジョーク,牡,5,長岡禎仁, 58 ,12,6,１, ,ダ1800,稍,,(栗),小林真也,1526,-0.5,11,11,9,37.7,578,+18,
,"2025. 4.13",阪神,2阪6,2勝,２勝ｸﾗｽ,3,3,チャンネルトンネル,牡,4,幸英明, 58 ,7,2,１, 外,芝1600,稍,,(栗),福永祐一,1340,-0.0,,5,5,33.3,468,-2,
,"2025. 4.13",阪神,2阪6,1勝,１勝ｸﾗｽ,2,2,バトンインディ,牡,4,幸英明, 58 ,10,6,１, ,ダ1800,稍,,(栗),安達昭夫,1539,-0.5,1,1,1,37.8,458,+6,
,"2025. 4.13",阪神,2阪6,1勝,１勝ｸﾗｽ*,3,6,アローオブライト,牡,3,北村友一, 57 ,16,4,１, ,ダ1400,良,,(栗),渡辺薫彦,1247,-0.2,,15,14,36.8,478,-6,
,"2025. 4.13",阪神,2阪6,未勝利,未勝利,8,15,メイショウビストロ,牡,3,松山弘平, 57 ,15,4,１, 内,芝2000,良,,(栗),岡田稲男,2019,-0.0,10,9,7,34.6,438,-2,
,"2025. 4.13",阪神,2阪6,未勝利,未勝利,7,14,スレッドザニードル,牡,3,団野大成, 57 ,16,4,１, ,ダ1200,良,,(栗),佐々木晶,1140,-0.1,,13,12,36.1,482,+2,
,"2025. 4.13",阪神,2阪6,未勝利,未勝利,6,10,ディニテ,牡,3,小崎綾也, 57 ,15,2,１, ,ダ1800,良,,(栗),辻野泰之,1549,-0.2,4,2,2,38.8,492,-6,
,"2025. 4.13",阪神,2阪6,未勝利,未勝利・牝,7,13,ミヤジマナ,牝,3,浜中俊, 55 ,16,4,１, ,ダ1400,良,,(栗),宮地貴稔,1248,-1.0,,2,2,37.2,516,+4,
,"2025. 4.12",阪神,2阪5,2勝,２勝ｸﾗｽ,1,2,メイショウホウレン,牡,4,幸英明, 58 ,16,3,１, ,ダ1200,良,*,(栗),安達昭夫,1117,-0.2,,2,2,36.8,510,+12,B
,"2025. 4.12",阪神,2阪5,Ｇ２,阪神牝馬G2,7,11,サフィラ,牝,4,松山弘平, 55 ,14,9,１, 外,芝1600,良,,(栗),池添学,1328,-0.0,,2,2,33.3,464,0,
,"2025. 4.12",阪神,2阪5,3勝,京橋ＳＨ･3勝,3,6,カネフラ,牡,5,藤岡佑介, 55 ,16,10,１, 内,芝2000,良,,(栗),高橋康之,1589,-0.2,14,14,14,34.1,448,-6,
,"2025. 4.12",阪神,2阪5,2勝,明石特別･2勝,1,1,ミアステラ,牡,6,幸英明, 58 ,9,8,１, 外,芝2400,良,,(栗),大根田裕,2255,-0.5,1,1,1,36.7,510,-10,
,"2025. 4.12",阪神,2阪5,1勝,１勝ｸﾗｽ,7,13,シリウス,牡,4,松山弘平, 58 ,16,1,１, ,ダ1200,良,*,(栗),佐藤悠太,1129,-0.3,,3,3,37.8,472,0,
,"2025. 4.12",阪神,2阪5,1勝,１勝ｸﾗｽ・牝,5,5,ハリウッドパーク,牝,4,吉村誠之,55☆,9,1,１, ,ダ1800,良,,(栗),長谷川浩,1560,-0.0,2,2,2,38.0,508,+4,
,"2025. 4.12",阪神,2阪5,1勝,１勝ｸﾗｽ*,8,10,カンシン,牡,3,坂井瑠星, 57 ,11,3,１, 内,芝1200,良,,(栗),西園翔太,1081,-0.0,,7,6,33.6,466,-2,
,"2025. 4.12",阪神,2阪5,1勝,１勝ｸﾗｽ*,4,4,ヒルノハンブルク,牡,3,坂井瑠星, 57 ,11,4,１, ,ダ1800,良,,(栗),武英智,1537,-0.1,10,9,9,38.0,462,-6,
,"2025. 4.12",阪神,2阪5,未勝利,未勝利,3,6,ニシノイツキムスメ,牝,3,幸英明, 55 ,18,4,１, 外,芝1600,良,,(栗),北出成人,1347,-0.0,,10,8,33.9,404,-10,
,"2025. 4.12",阪神,2阪5,未勝利,未勝利,5,10,アカデミア,牡,3,坂井瑠星, 57 ,16,2,１, ,ダ1800,良,,(栗),杉山晴紀,1551,-1.0,2,2,2,37.6,526,,
,"2025. 4.12",阪神,2阪5,未勝利,未勝利,4,7,テーオーミリカン,牡,3,藤岡佑介, 57 ,16,4,１, ,ダ1400,良,,(栗),宮徹,1252,-0.2,,5,5,37.7,460,-4,
,"2025. 4.12",阪神,2阪5,未勝利,未勝利・牝,5,10,メイショウウメゴチ,牝,3,鮫島克駿, 55 ,16,2,１, ,ダ1800,良,,(栗),高橋義忠,1559,-0.6,3,4,4,39.3,418,-6,
,"2025. 4. 6",阪神,2阪4,3勝,陽春Ｓ･3勝,4,4,エコロガイア,牡,4,岩田望来, 58 ,11,1,１, ,ダ1200,良,,(栗),森秀行,1114,-0.2,,1,1,37.1,474,0,
,"2025. 4. 6",阪神,2阪4,Ｇ１,大阪杯G1,3,5,ベラジオオペラ,牡,5,横山和生, 58 ,15,2,１, 内,芝2000,良,,(栗),上村洋行,1562,-0.2,4,3,3,34.1,508,-4,
,"2025. 4. 6",阪神,2阪4,3勝,夢洲Ｓ･3勝,3,3,シヴァース,牡,4,Ｍ．デム, 58 ,14,3,１, 外,芝1600,良,,(栗),友道康夫,1323,-0.2,,3,3,33.4,452,0,
,"2025. 4. 6",阪神,2阪4,ｵｰﾌﾟﾝ,バイオレ,7,13,ヤマニンチェルキ,牡,3,酒井学, 57 ,15,4,１, ,ダ1400,良,,(栗),中村直也,1240,-0.1,,12,12,36.1,524,-4,
,"2025. 4. 6",阪神,2阪4,2勝,２勝ｸﾗｽ,7,8,バンドシェル,牡,4,鮫島克駿, 58 ,10,2,１, 内,芝1200,良,,(栗),西村真幸,1086,-0.1,,8,7,33.3,482,0,
,"2025. 4. 6",阪神,2阪4,2勝,２勝ｸﾗｽ,3,3,ペンナヴェローチェ,牡,4,岩田望来, 58 ,10,1,１, ,ダ1800,良,,(栗),須貝尚介,1535,-0.2,2,2,2,38.6,498,-2,
,"2025. 4. 6",阪神,2阪4,1勝,１勝ｸﾗｽ,3,3,クリノアドバンス,牡,4,田口貫太, 58 ,11,3,１, 内,芝2000,良,,(栗),大橋勇樹,1599,-0.1,1,1,1,35.6,448,-4,
,"2025. 4. 6",阪神,2阪4,1勝,１勝ｸﾗｽ*,3,4,テスティモーネ,牡,3,幸英明, 57 ,14,4,１, ,ダ1800,良,,(栗),大根田裕,1527,-0.4,3,5,5,37.6,512,+2,
,"2025. 4. 6",阪神,2阪4,未勝利,未勝利,1,1,セイキュート,牝,3,横山和生, 55 ,14,2,１, 外,芝2400,良,,(栗),四位洋文,2266,-0.4,4,5,4,35.2,464,0,
,"2025. 4. 6",阪神,2阪4,未勝利,未勝利,8,16,ザックザク,牡,3,西村淳也, 57 ,16,2,１, ,ダ1400,良,,(栗),渡辺薫彦,1259,-0.2,,3,3,37.5,516,+2,
,"2025. 4. 6",阪神,2阪4,未勝利,未勝利,2,4,ブラックアダマス,牡,3,松山弘平, 57 ,16,2,１, ,ダ1800,良,*,(栗),杉山晴紀,1532,-1.8,1,1,1,36.7,516,+4,
,"2025. 4. 6",阪神,2阪4,未勝利,未勝利・牝,3,5,バシリス,牝,3,松山弘平, 55 ,16,1,１, ,ダ1200,良,,(栗),寺島良,1134,-0.5,,1,1,37.9,460,+10,B
,"2025. 4. 5",阪神,2阪3,2勝,２勝ｸﾗｽ,6,11,フラムリンガム,セ,4,北村友一, 58 ,16,8,１, ,ダ1400,良,,(美),柄崎将寿,1247,-0.1,,2,2,36.6,484,0,
,"2025. 4. 5",阪神,2阪3,Ｇ３,チャーチG3,6,7,ランスオブカオス,牡,3,吉村誠之, 57 ,11,2,１, 外,芝1600,良,,(栗),奥村豊,1322,-0.3,,2,5,33.9,496,-2,
,"2025. 4. 5",阪神,2阪3,ｵｰﾌﾟﾝ,ポラリスＨ,7,13,サンライズフレイム,牡,5,菱田裕二,58.5,16,1,１, ,ダ1400,良,,(栗),石坂公一,1241,-0.2,,9,7,36.5,522,0,
,"2025. 4. 5",阪神,2阪3,1勝,アザレア･1勝,1,1,ダノンシーマ,牡,3,西村淳也, 57 ,9,1,１, 外,芝2400,良,,(栗),中内田充,2248,-0.3,4,4,3,35.8,488,0,
,"2025. 4. 5",阪神,2阪3,2勝,２勝ｸﾗｽ,6,6,ファーヴェント,牡,4,西塚洸二,57☆,8,1,１, 外,芝1800,良,*,(栗),藤原英昭,1452,-0.1,,4,3,33.1,506,0,
,"2025. 4. 5",阪神,2阪3,1勝,１勝ｸﾗｽ,8,15,サンダーバース,牡,4,鷲頭虎太,55▲,16,7,１, ,ダ1400,良,,(栗),井上智史,1252,-0.1,,3,2,38.6,484,+8,B
,"2025. 4. 5",阪神,2阪3,1勝,１勝ｸﾗｽ,6,6,ワイドブリザード,セ,4,浜中俊, 58 ,8,2,１, ,ダ1800,良,,(栗),佐藤悠太,1527,-0.8,1,1,1,37.4,442,+6,B
,"2025. 4. 5",阪神,2阪3,未勝利,未勝利,4,8,レッドイステル,牡,3,岩田望来, 57 ,17,1,１, 外,芝1800,良,,(栗),友道康夫,1463,-0.5,,7,5,34.2,500,-4,
,"2025. 4. 5",阪神,2阪3,未勝利,未勝利,2,3,アジュマン,牡,3,佐々木大, 57 ,18,5,１, 内,芝1400,良,,(栗),石坂公一,1221,-0.3,,1,1,35.2,476,-2,
,"2025. 4. 5",阪神,2阪3,未勝利,未勝利,1,2,スマートクラビ,牡,3,団野大成, 57 ,16,2,１, ,ダ1800,良,,(栗),中村直也,1555,-0.0,3,4,5,39.0,492,+6,
,"2025. 4. 5",阪神,2阪3,未勝利,未勝利,6,11,グランカメリア,牡,3,池添謙一, 57 ,16,1,１, ,ダ1200,良,,(栗),吉田直弘,1131,-0.0,,2,2,38.3,484,0,
,"2025. 4. 5",阪神,2阪3,未勝利,未勝利・牝,3,5,エターナルプロミス,牝,3,吉村誠之,53△,16,3,１, ,ダ1800,良,,(栗),茶木太樹,1555,-0.1,10,11,9,37.2,466,+8,
,"2025. 3.30",阪神,2阪2,2勝,２勝ｸﾗｽ,8,13,ノボリショウリュウ,牡,4,浜中俊, 58 ,14,1,１, ,ダ1200,良,,(栗),石橋守,1119,-0.1,,3,2,35.8,464,+4,
,"2025. 3.30",阪神,2阪2,OP(L),六甲Ｓ(L),6,8,ダディーズビビッド,牡,7,池添謙一, 59 ,12,9,１, 外,芝1600,良,,(栗),千田輝彦,1322,-0.0,,8,9,33.4,518,+2,
,"2025. 3.30",阪神,2阪2,3勝,御堂筋Ｓ･3勝,3,3,ミステリーウェイ,セ,7,団野大成, 58 ,12,5,１, 外,芝2400,良,,(栗),小林真也,2251,-0.2,1,1,2,35.9,504,0,
,"2025. 3.30",阪神,2阪2,2勝,四国新聞･2勝,5,5,レディベル,牝,6,斎藤新, 56 ,11,9,１, 内,芝2000,良,,(美),辻哲英,2010,-0.2,3,5,4,35.5,534,-8,
,"2025. 3.30",阪神,2阪2,1勝,１勝ｸﾗｽ,8,9,タマモキャリコ,セ,4,吉村誠之,56△,9,3,１, ,ダ1800,良,,(栗),宮地貴稔,1545,-0.3,2,2,1,38.4,426,0,
,"2025. 3.30",阪神,2阪2,1勝,１勝ｸﾗｽ,4,8,レディマリオン,牝,4,吉村誠之,54△,18,4,１, 内,芝1400,良,,(栗),長谷川浩,1211,-0.1,,2,2,35.4,450,+8,
,"2025. 3.30",阪神,2阪2,1勝,１勝ｸﾗｽ*,5,9,テーオーエルビス,牡,3,鮫島克駿, 57 ,16,1,１, ,ダ1200,良,,(栗),高柳大輔,1120,-0.8,,9,6,36.4,504,0,
,"2025. 3.30",阪神,2阪2,未勝利,未勝利,4,7,シャイフ,牡,3,松山弘平, 57 ,18,1,１, 外,芝1600,良,,(栗),池添学,1342,-0.3,,2,2,34.7,476,-2,
,"2025. 3.30",阪神,2阪2,未勝利,障害未勝利,1,1,ザスリーサーティ,牡,10,坂口智康,57▲,14,6,１, ,ダ2970,良,,(美),尾形和幸,3260,-0.0,1,1,2,13.9,484,-4,
,"2025. 3.30",阪神,2阪2,未勝利,未勝利,8,9,アートレスマインド,牡,3,松山弘平, 57 ,9,1,１, ,ダ1800,良,,(栗),坂口智康,1556,-0.3,2,2,2,38.5,468,-2,
,"2025. 3.30",阪神,2阪2,未勝利,未勝利,8,15,メイショウゴールド,牡,3,団野大成, 57 ,16,1,１, ,ダ1400,良,,(栗),荒川義之,1260,-0.1,,2,2,38.2,440,+2,
,"2025. 3.30",阪神,2阪2,未勝利,未勝利・牝,4,4,シュドゥン,牝,3,鮫島克駿, 55 ,12,1,１, ,ダ1800,良,,(栗),上村洋行,1563,-0.8,3,3,4,38.8,462,-2,
,"2025. 3.29",阪神,2阪1,2勝,２勝ｸﾗｽ,8,8,オペラプラージュ,牡,4,川田将雅, 58 ,9,2,１, ,ダ2000,稍,,(栗),新谷功一,2075,-0.0,1,1,1,37.4,508,+14,B
,"2025. 3.29",阪神,2阪1,Ｇ３,毎日杯G3,7,7,ファンダム,牡,3,北村宏司, 57 ,10,2,１, 外,芝1800,良,,(美),辻哲英,1459,-0.2,,7,9,32.5,470,0,
,"2025. 3.29",阪神,2阪1,2勝,仲春特Ｈ･2勝,4,4,ブルーミンデザイン,牡,4,浜中俊, 57 ,8,2,１, 外,芝1600,良,,(栗),宮本博,1336,-0.2,,4,4,33.7,498,+2,
,"2025. 3.29",阪神,2阪1,1勝,君子蘭賞･1勝,6,10,ルクスジニア,牝,3,池添謙一, 55 ,14,1,１, 外,芝1800,良,,(栗),平田修,1458,-0.1,,1,1,34.6,434,-6,
,"2025. 3.29",阪神,2阪1,ｵｰﾌﾟﾝ,三木ホー,8,9,レッドバロッサ,セ,6,小牧加矢, 61 ,10,3,１, ,芝3140,良,,(栗),佐藤悠太,3346,-0.5,3,2,2,13.7,516,0,
,"2025. 3.29",阪神,2阪1,1勝,１勝ｸﾗｽ・牝,8,15,フォルテローザ,牝,4,森田誠也,53▲,16,1,１, ,ダ1200,稍,,(栗),斉藤崇史,1130,-0.1,,4,4,37.6,434,-4,
,"2025. 3.29",阪神,2阪1,1勝,１勝ｸﾗｽ*,6,7,ムイ,牝,3,今村聖奈,52▲,12,7,１, 内,芝1400,良,,(栗),笹田和秀,1204,-0.3,,10,9,34.4,460,-8,
,"2025. 3.29",阪神,2阪1,未勝利,未勝利,7,12,ディスパラール,牝,3,団野大成, 55 ,15,6,１, 内,芝2000,良,,(栗),斉藤崇史,2024,-0.2,1,1,1,35.5,432,+4,
,"2025. 3.29",阪神,2阪1,未勝利,未勝利,8,11,カルテシウス,牡,3,坂井瑠星, 57 ,12,2,１, ,ダ2000,稍,,(栗),福永祐一,2087,-0.1,1,1,1,39.7,472,-2,
,"2025. 3.29",阪神,2阪1,未勝利,未勝利,6,12,タイセイディアマン,牡,3,西塚洸二,56☆,16,4,１, ,ダ1200,稍,*,(栗),大橋勇樹,1135,-0.1,,6,5,37.8,460,-6,
,"2025. 3.29",阪神,2阪1,未勝利,未勝利,1,1,ブラックタロー,牡,3,幸英明, 57 ,9,3,１, ,ダ1800,稍,,(栗),鈴木孝志,1559,-0.0,1,1,1,38.5,488,0,
,"2025. 3.29",阪神,2阪1,未勝利,未勝利・牝,6,11,リトルスカーレット,牝,3,川田将雅, 55 ,16,1,１, ,ダ1400,稍,,(栗),小林真也,1260,-0.5,,1,1,38.7,482,+2,
,"2025. 3.23",阪神,1阪8,2勝,２勝ｸﾗｽ,7,13,ビダーヤ,牡,4,坂井瑠星, 58 ,16,1,１, ,ダ1400,良,,(栗),矢作芳人,1242,-0.4,,6,6,37.0,494,+2,
,"2025. 3.23",阪神,1阪8,Ｇ２,阪神大賞G2,7,9,サンライズアース,牡,4,池添謙一, 56 ,11,4,１, 内,芝3000,良,,(栗),石坂公一,3033,-1.0,1,2,2,35.0,526,-8,
,"2025. 3.23",阪神,1阪8,3勝,鳴門Ｓ･3勝,5,10,ジャスティンアース,牡,4,鮫島克駿, 58 ,16,1,１, ,ダ1400,良,,(栗),杉山晴紀,1246,-0.3,,4,4,36.4,478,-4,
,"2025. 3.23",阪神,1阪8,2勝,讃岐特別･2勝,7,10,ヤブサメ,牡,4,坂井瑠星, 58 ,13,2,１, 内,芝1400,良,,(栗),石橋守,1202,-0.2,,3,3,35.4,484,+2,
,"2025. 3.23",阪神,1阪8,1勝,１勝ｸﾗｽ,3,3,リトルハピ,牡,4,坂井瑠星, 58 ,14,4,１, ,ダ1800,良,,(栗),大久保龍,1533,-0.6,1,1,1,37.1,468,+8,
,"2025. 3.23",阪神,1阪8,1勝,１勝ｸﾗｽ,8,9,スピードリッチ,牡,4,高杉吏麒,56☆,9,1,１, 外,芝2400,良,,(栗),藤岡健一,2264,-0.1,2,1,1,34.2,478,-2,
,"2025. 3.23",阪神,1阪8,1勝,１勝ｸﾗｽ*,7,14,カナルビーグル,牡,3,吉村誠之,55△,16,1,１, ,ダ1800,良,,(栗),佐藤悠太,1534,-1.1,2,2,1,38.5,494,+4,B
,"2025. 3.23",阪神,1阪8,1勝,１勝ｸﾗｽ*,7,10,レイピア,牡,3,柴田裕一,54▲,13,1,１, 内,芝1200,良,,(栗),中竹和也,1082,-0.2,,3,2,34.4,500,+2,
,"2025. 3.23",阪神,1阪8,未勝利,未勝利,7,13,ミトノオルフェ,牡,3,菅原明良, 57 ,17,2,１, 外,芝1600,良,,(栗),前川恭子,1345,-0.1,,4,2,34.0,494,-8,
,"2025. 3.23",阪神,1阪8,未勝利,未勝利,3,3,メイケイロゼッタ,牡,3,酒井学, 57 ,12,4,１, ,ダ1800,良,,(栗),河嶋宏樹,1564,-0.1,2,2,1,37.5,454,-2,
,"2025. 3.23",阪神,1阪8,未勝利,未勝利,6,11,ミルトライディーン,牡,3,柴田裕一,54▲,16,1,１, ,ダ1200,良,,(栗),中竹和也,1137,-0.0,,7,6,37.2,518,+4,
,"2025. 3.23",阪神,1阪8,未勝利,未勝利・牝,7,8,ヒメモモアスク,牝,3,岩田望来, 55 ,11,4,１, ,ダ1800,良,,(栗),野中賢二,1558,-1.0,7,7,8,38.4,510,,
,"2025. 3.22",阪神,1阪7,2勝,２勝ｸﾗｽ,2,4,トウカイポワール,牝,4,幸英明, 56 ,16,1,１, ,ダ1800,良,,(栗),北出成人,1535,-0.1,3,4,4,38.2,456,+2,
,"2025. 3.22",阪神,1阪7,OP(L),若葉Ｓ(L),8,9,ジョバンニ,牡,3,松山弘平, 57 ,9,1,１, 内,芝2000,良,,(栗),杉山晴紀,1590,-0.0,3,3,2,34.4,480,-4,
,"2025. 3.22",阪神,1阪7,ｵｰﾌﾟﾝ,レグルス,7,12,マーブルロック,牡,5,武豊, 58 ,14,3,１, ,ダ1800,良,,(栗),西園正都,1518,-0.1,1,1,1,37.8,520,+6,
,"2025. 3.22",阪神,1阪7,3勝,立雲峡Ｈ･3勝,6,11,マサノカナリア,牝,4,横山典弘, 53 ,18,8,１, 内,芝1400,良,,(栗),藤野健太,1204,-0.0,,4,4,34.0,462,-6,
,"2025. 3.22",阪神,1阪7,2勝,２勝ｸﾗｽ,2,2,リミットバスター,牡,5,松山弘平, 58 ,9,1,１, 外,芝2600,良,,(栗),杉山晴紀,2391,-0.2,3,3,4,34.6,524,0,B
,"2025. 3.22",阪神,1阪7,1勝,１勝ｸﾗｽ,7,12,スナークシュンソウ,牡,7,富田暁, 58 ,15,6,１, ,ダ1200,良,,(栗),野中賢二,1129,-0.3,,6,5,37.2,530,-6,B
,"2025. 3.22",阪神,1阪7,1勝,１勝ｸﾗｽ・牝,6,6,サイモンコーラル,牝,5,高杉吏麒,55☆,10,5,１, ,ダ1800,良,,(栗),羽月友彦,1559,-0.2,6,5,5,38.5,458,+6,
,"2025. 3.22",阪神,1阪7,未勝利,未勝利,3,4,ダノンカゼルタ,牡,3,Ｍ．デム, 57 ,15,3,１, 外,芝2400,良,,(栗),寺島良,2332,-0.1,2,2,2,34.0,480,-4,
,"2025. 3.22",阪神,1阪7,未勝利,未勝利,6,6,バッケンレコード,牡,3,武豊, 57 ,11,1,１, ,ダ2000,良,,(栗),秋山真一,2111,-0.2,3,3,3,38.3,476,+2,
,"2025. 3.22",阪神,1阪7,未勝利,未勝利,6,11,ガビーズブラザー,牡,3,浜中俊, 57 ,16,1,１, ,ダ1400,良,,(栗),牧田和弥,1248,-0.7,,7,6,37.4,494,-2,
,"2025. 3.22",阪神,1阪7,未勝利,未勝利,5,5,ギュルヴィ,牡,3,武豊, 57 ,9,3,１, ,ダ1800,良,,(栗),大久保龍,1554,-0.3,5,4,2,38.2,508,,
,"2025. 3.22",阪神,1阪7,未勝利,未勝利・牝,8,15,リンゲルブルーメ,牝,3,松山弘平, 55 ,15,1,１, ,ダ1400,良,,(栗),池添学,1269,-0.0,,3,3,39.3,480,+2,B
,"2025. 3.16",阪神,1阪6,2勝,２勝ｸﾗｽ・牝,6,8,ランスオブサターン,牝,5,松本大輝,55☆,12,4,１, ,ダ1400,重,,(栗),本田優,1241,-0.1,,7,7,37.0,446,+4,
,"2025. 3.16",阪神,1阪6,ｵｰﾌﾟﾝ,米子城ＳＨ,8,16,カルチャーデイ,牝,4,酒井学, 54 ,16,9,１, 内,芝1200,重,,(栗),四位洋文,1087,-0.4,,1,1,34.9,430,+6,
,"2025. 3.16",阪神,1阪6,3勝,甲南ＳＨ･3勝,2,3,タイトニット,牡,5,坂井瑠星, 57 ,15,1,１, ,ダ2000,重,,(栗),今野貞一,2065,-0.1,5,5,6,36.3,568,0,B
,"2025. 3.16",阪神,1阪6,2勝,皆生特別･2勝,8,8,ダズリングブレイヴ,セ,5,亀田温心, 58 ,9,5,１, 外,芝1600,重,,(栗),斉藤崇史,1343,-0.1,,5,5,35.5,486,0,
,"2025. 3.16",阪神,1阪6,1勝,１勝ｸﾗｽ,6,8,スマートリアファル,牡,4,富田暁, 58 ,13,1,１, ,ダ1800,重,,(栗),加藤公太,1549,-0.0,3,2,2,39.9,492,-6,
,"2025. 3.16",阪神,1阪6,1勝,１勝ｸﾗｽ,7,14,ファーヴェント,牡,4,西塚洸二,57☆,16,1,１, 外,芝1600,稍,,(栗),藤原英昭,1343,-0.2,,5,4,35.0,506,0,
,"2025. 3.16",阪神,1阪6,1勝,１勝ｸﾗｽ*,3,3,ネーヴェフレスカ,牝,3,和田竜二, 55 ,9,4,１, 外,芝1600,稍,,(栗),石坂公一,1347,-0.1,,3,2,35.0,434,0,
,"2025. 3.16",阪神,1阪6,未勝利,未勝利,4,7,ヴィーナスバブル,牝,3,松若風馬, 55 ,16,15,１, 内,芝2000,稍,,(栗),東田明士,2034,-0.0,4,5,3,36.7,412,-14,
,"2025. 3.16",阪神,1阪6,未勝利,障害未勝利,3,3,トラファルガー,セ,5,石神深一, 60 ,9,2,１, ,ダ2970,稍,,(美),加藤和宏,3291,-0.2,1,1,1,14.1,502,-14,
,"2025. 3.16",阪神,1阪6,未勝利,未勝利,5,9,サンマルノヴェル,牡,3,田口貫太, 57 ,16,5,１, ,ダ1400,稍,,(栗),大橋勇樹,1262,-0.1,,5,4,38.4,490,+2,
,"2025. 3.16",阪神,1阪6,未勝利,未勝利,4,4,シドニーホバート,牡,3,坂井瑠星, 57 ,11,1,１, ,ダ1800,稍,,(栗),杉山佳明,1538,-1.1,1,2,1,38.5,514,+4,
,"2025. 3.16",阪神,1阪6,未勝利,未勝利・牝,8,16,モンテディアーナ,牝,3,坂井瑠星, 55 ,16,1,１, ,ダ1200,稍,,(栗),四位洋文,1130,-1.2,,1,1,37.1,456,-2,
,"2025. 3.15",阪神,1阪5,2勝,２勝ｸﾗｽ,4,4,シャンデルナゴル,牡,5,北村友一, 58 ,10,1,１, ,ダ1800,良,,(栗),石坂公一,1556,-0.0,2,2,2,36.2,492,-4,
,"2025. 3.15",阪神,1阪5,OP(L),コーラル(L),3,3,アドバンスファラオ,牡,5,吉村誠之, 57 ,11,7,１, ,ダ1400,良,,(栗),森秀行,1242,-0.1,,1,1,36.2,502,-6,
,"2025. 3.15",阪神,1阪5,3勝,難波Ｓ･3勝,6,11,サブマリーナ,牡,4,武豊, 58 ,15,2,１, 外,芝1800,良,,(栗),庄野靖志,1452,-0.1,,12,10,33.5,466,-4,
,"2025. 3.15",阪神,1阪5,1勝,ゆきやな･1勝,7,9,ゲルチュタール,牡,3,坂井瑠星, 57 ,12,2,１, 外,芝2400,良,,(栗),杉山晴紀,2246,-0.1,3,3,2,34.7,526,-8,
,"2025. 3.15",阪神,1阪5,ＪＧ２,阪神スプJG2,5,5,ヴェイルネビュラ,セ,7,五十嵐雄, 60 ,8,4,１, ,芝3900,良,,(美),大竹正博,4317,-0.0,1,2,2,13.9,498,+2,
,"2025. 3.15",阪神,1阪5,1勝,１勝ｸﾗｽ,1,1,リネアグローリア,牡,4,酒井学, 58 ,16,5,１, ,ダ1400,良,,(栗),小崎憲,1253,-0.6,,4,5,37.9,486,-6,
,"2025. 3.15",阪神,1阪5,1勝,１勝ｸﾗｽ*,4,7,ドンパッショーネ,牡,3,団野大成, 57 ,16,2,１, ,ダ1400,良,,(栗),斉藤崇史,1251,-0.0,,2,1,37.7,522,0,
,"2025. 3.15",阪神,1阪5,未勝利,未勝利,7,13,レッドフェルメール,牡,3,川田将雅, 57 ,18,1,１, 外,芝1800,良,,(栗),藤原英昭,1476,-0.4,,3,3,34.0,464,-4,
,"2025. 3.15",阪神,1阪5,未勝利,未勝利,6,11,デアリングエア,牝,3,松山弘平, 55 ,18,5,１, 内,芝1400,良,,(栗),杉山晴紀,1217,-0.1,,1,1,35.3,448,-4,
,"2025. 3.15",阪神,1阪5,未勝利,未勝利,5,6,ルシタニア,牡,3,菱田裕二, 57 ,13,3,１, ,ダ1800,良,,(栗),武幸四郎,1554,-0.0,4,3,4,38.4,478,+4,
,"2025. 3.15",阪神,1阪5,未勝利,未勝利,3,5,ゲッティヴィラ,牡,3,吉村誠之,55△,16,7,１, ,ダ1200,良,,(栗),小栗実,1122,-1.2,,2,2,36.8,448,+6,
,"2025. 3.15",阪神,1阪5,未勝利,未勝利・牝,6,8,マキシマムビスタ,牝,3,団野大成, 55 ,12,3,１, ,ダ1800,良,,(栗),斉藤崇史,1562,-0.1,2,2,2,37.6,484,-6,
,"2025. 3. 9",阪神,1阪4,2勝,２勝ｸﾗｽ,3,4,レイズカイザー,セ,5,岩田康誠, 58 ,14,5,１, ,ダ1400,良,,(美),田村康仁,1245,-0.0,,11,11,36.3,528,-4,
,"2025. 3. 9",阪神,1阪4,OP(L),大阪城Ｓ(L),7,12,デビットバローズ,セ,6,岩田望来, 57 ,14,3,１, 外,芝1800,良,,(栗),上村洋行,1446,-0.4,,3,2,33.5,506,-6,
,"2025. 3. 9",阪神,1阪4,3勝,淀屋橋Ｓ･3勝,6,8,ツインクルトーズ,牝,5,古川吉洋, 56 ,12,7,１, 内,芝1200,良,,(美),牧光二,1077,-0.0,,12,12,33.1,518,0,B
,"2025. 3. 9",阪神,1阪4,1勝,アルメリ･1勝,3,3,テレサ,牝,3,松山弘平, 55 ,8,1,１, 外,芝1800,良,,(栗),吉岡辰弥,1472,-0.2,,1,1,34.2,430,+6,
,"2025. 3. 9",阪神,1阪4,2勝,２勝ｸﾗｽ,7,9,キャピタルサックス,牡,4,松山弘平, 58 ,12,1,１, ,ダ1800,良,,(栗),杉山晴紀,1561,-0.0,4,5,4,37.6,508,+6,
,"2025. 3. 9",阪神,1阪4,1勝,１勝ｸﾗｽ,7,7,ステラクラウン,牝,4,岩田康誠, 56 ,9,2,１, 内,芝2000,良,,(栗),上村洋行,2007,-0.2,5,5,2,35.7,496,-2,
,"2025. 3. 9",阪神,1阪4,1勝,１勝ｸﾗｽ,8,11,メイショウソウタ,牡,4,松山弘平, 58 ,11,1,１, ,ダ1800,良,,(栗),岡田稲男,1549,-0.9,2,2,2,37.9,530,+2,
,"2025. 3. 9",阪神,1阪4,未勝利,未勝利,3,5,ホーリーノット,牝,3,西村淳也, 55 ,18,3,１, 外,芝1600,良,,(栗),高野友和,1339,-0.3,,6,3,34.2,428,,
,"2025. 3. 9",阪神,1阪4,1勝,１勝ｸﾗｽ・牝*,5,10,ベルギューン,牝,3,高杉吏麒,54☆,16,2,１, ,ダ1400,良,,(栗),牧浦充徳,1248,-0.4,,3,3,37.7,464,-6,
,"2025. 3. 9",阪神,1阪4,未勝利,未勝利,4,4,エイユーファイヤー,牡,3,中井裕二, 57 ,12,1,１, ,ダ1800,良,,(栗),森田直行,1566,-0.1,8,5,4,38.1,492,-8,B
,"2025. 3. 9",阪神,1阪4,未勝利,未勝利,8,15,チュウワチーフ,牡,3,シュタル, 57 ,16,1,１, ,ダ1400,良,,(栗),小崎憲,1267,-0.5,,3,3,39.0,472,0,
,"2025. 3. 9",阪神,1阪4,未勝利,未勝利・牝,5,8,ツキノアカリ,牝,3,田山旺佑,52▲,15,1,１, ,ダ1800,良,,(栗),牧田和弥,1556,-0.1,5,2,6,37.4,450,0,
,"2025. 3. 8",阪神,1阪3,2勝,２勝ｸﾗｽ,2,2,アムールリーベ,牝,4,荻野琢真, 56 ,11,8,１, 内,芝1200,良,,(栗),宮地貴稔,1087,-0.1,,10,8,33.4,490,0,
,"2025. 3. 8",阪神,1阪3,Ｇ２,フィリーG2,7,13,ショウナンザナドゥ,牝,3,池添謙一, 55 ,18,3,１, 内,芝1400,良,*,(栗),松下武士,1207,-0.1,,10,11,34.8,442,+10,
,"2025. 3. 8",阪神,1阪3,3勝,なにわＳ･3勝,1,1,ルクスメテオール,牡,5,浜中俊, 58 ,16,4,１, ,ダ1200,良,,(栗),小林真也,1118,-0.4,,6,4,36.8,490,0,
,"2025. 3. 8",阪神,1阪3,2勝,千里山Ｈ･2勝,1,1,イングランドアイズ,牝,5,岩田康誠, 55 ,12,3,１, 内,芝2000,良,,(栗),安田翔伍,1598,-0.1,4,3,3,35.0,460,+2,
,"2025. 3. 8",阪神,1阪3,1勝,１勝ｸﾗｽ,5,10,プロテア,セ,5,秋山稔樹, 58 ,16,10,１, ,ダ1200,良,,(栗),宮本博,1128,-0.4,,2,2,37.3,474,-2,
,"2025. 3. 8",阪神,1阪3,1勝,１勝ｸﾗｽ,5,5,サンライズウェーヴ,牡,4,岩田康誠, 58 ,10,9,１, ,ダ2000,良,,(栗),石坂公一,2088,-0.1,9,10,9,38.8,486,+2,
,"2025. 3. 8",阪神,1阪3,未勝利,未勝利,1,1,ジーティーダーリン,牡,3,ルメール, 57 ,10,1,１, 外,芝2400,良,,(栗),田中克典,2264,-0.5,2,2,2,34.4,502,-2,
,"2025. 3. 8",阪神,1阪3,未勝利,未勝利,8,12,グレートシール,牡,3,川田将雅, 57 ,13,2,１, 内,芝2000,良,,(栗),中内田充,2033,-0.0,4,2,2,34.4,502,-4,
,"2025. 3. 8",阪神,1阪3,1勝,１勝ｸﾗｽ*,6,7,メイショウズイウン,牡,3,武豊, 57 ,12,1,１, ,ダ1800,良,,(栗),本田優,1541,-0.9,4,4,4,37.8,490,-6,
,"2025. 3. 8",阪神,1阪3,未勝利,未勝利,8,15,ロードヴァルカン,牡,3,岩田望来, 57 ,16,1,１, ,ダ1200,良,,(栗),中村直也,1142,-0.4,,1,1,37.1,456,-2,
,"2025. 3. 8",阪神,1阪3,未勝利,未勝利,8,12,ロードヴォイジャー,牡,3,西村淳也, 57 ,12,2,１, ,ダ1800,良,,(栗),坂口智康,1551,-1.0,1,1,1,37.7,510,+8,B
,"2025. 3. 8",阪神,1阪3,未勝利,未勝利・牝,1,1,リアルクィーン,牝,3,幸英明, 55 ,16,3,１, ,ダ1400,良,,(栗),石坂公一,1271,-0.2,,9,7,38.3,444,0,
,"2025. 3. 2",阪神,1阪2,2勝,２勝ｸﾗｽ,5,9,キタノズエッジ,牡,4,古川吉洋, 58 ,16,1,１, ,ダ1200,良,,(栗),畑端省吾,1117,-0.1,,8,8,36.2,534,0,
,"2025. 3. 2",阪神,1阪2,Ｇ２,チューリG2,2,2,クリノメイ,牝,3,酒井学, 55 ,14,9,１, 外,芝1600,良,,(栗),須貝尚介,1340,-0.0,,4,3,33.7,446,-2,
,"2025. 3. 2",阪神,1阪2,3勝,伊丹Ｓ･3勝,7,8,ミッキークレスト,牡,4,坂井瑠星, 58 ,10,2,１, ,ダ1800,良,,(栗),大久保龍,1541,-0.1,2,2,2,36.5,518,0,
,"2025. 3. 2",阪神,1阪2,2勝,淡路特別･2勝,1,1,タガノデュード,牡,4,古川吉洋, 57 ,9,2,１, 内,芝2200,良,,(栗),宮徹,2118,-0.2,6,4,1,35.2,496,+8,
,"2025. 3. 2",阪神,1阪2,1勝,１勝ｸﾗｽ,8,14,ブリックワーク,牝,4,岩田望来, 56 ,14,3,１, 外,芝1600,良,,(栗),辻野泰之,1330,-0.3,,1,1,34.1,436,-6,B
,"2025. 3. 2",阪神,1阪2,1勝,１勝ｸﾗｽ・牝,1,2,ヴェロクオーレ,牝,4,西村淳也, 56 ,16,2,１, ,ダ1400,良,,(栗),石坂公一,1261,-0.3,,2,2,37.7,470,-6,
,"2025. 3. 2",阪神,1阪2,未勝利,未勝利,1,2,ジョイエッロ,牡,3,田口貫太,56☆,16,7,１, 内,芝2000,良,,(栗),池江泰寿,2011,-0.1,1,1,1,35.5,446,+2,
,"2025. 3. 2",阪神,1阪2,未勝利,未勝利・牝,3,5,エバーグルーヴ,牝,3,高杉吏麒,54☆,18,10,１, 外,芝1800,良,,(栗),藤岡健一,1462,-0.2,,15,15,34.3,412,-2,
,"2025. 3. 2",阪神,1阪2,1勝,１勝ｸﾗｽ*,5,9,ヤマニンチェルキ,牡,3,酒井学, 57 ,16,2,１, ,ダ1200,良,,(栗),木原一良,1125,-0.0,,5,4,36.5,528,0,
,"2025. 3. 2",阪神,1阪2,未勝利,未勝利,6,7,シャルクハフト,牡,3,坂井瑠星, 57 ,12,1,１, ,ダ2000,良,,(栗),清水久詞,2095,-0.1,6,4,4,38.5,486,-8,B
,"2025. 3. 2",阪神,1阪2,未勝利,未勝利,1,2,ライツユーアップ,牝,3,角田大和, 55 ,16,4,１, ,ダ1400,良,,(栗),角田晃一,1265,-0.0,,1,1,39.3,434,-8,
,"2025. 3. 2",阪神,1阪2,未勝利,未勝利,4,4,ディープサミット,牡,3,岩田康誠, 57 ,12,3,１, ,ダ1800,良,,(栗),四位洋文,1573,-0.0,8,7,8,37.1,498,-4,
,"2025. 3. 1",阪神,1阪1,2勝,２勝ｸﾗｽ,4,7,バウンシーステップ,牝,4,鮫島克駿, 56 ,15,2,１, 内,芝1400,良,,(栗),高橋亮,1202,-0.1,,12,12,34.4,466,+6,
,"2025. 3. 1",阪神,1阪1,OP(L),仁川ＳＨ(L),1,1,ルクスフロンティア,牡,5,武豊, 56 ,16,9,１, ,ダ2000,良,,(栗),松永幹夫,2045,-0.4,4,4,3,38.3,492,+4,
,"2025. 3. 1",阪神,1阪1,3勝,阪神競Ｈ･3勝,5,5,ハヤテノフクノスケ,牡,4,岩田望来, 56 ,10,1,１, 内,芝3000,良,,(栗),中村直也,3029,-0.9,7,8,5,35.1,540,+6,
,"2025. 3. 1",阪神,1阪1,OP(L),すみれＳ(L),1,1,ジーティーアダマン,牡,3,松山弘平, 57 ,8,3,１, 内,芝2200,良,,(栗),上村洋行,2110,-0.2,1,1,1,35.1,492,-10,
,"2025. 3. 1",阪神,1阪1,2勝,２勝ｸﾗｽ・牝,4,4,ピジョンブラッド,牝,6,酒井学, 56 ,10,8,１, ,ダ1800,良,,(栗),荒川義之,1537,-0.1,7,6,6,38.8,508,0,
,"2025. 3. 1",阪神,1阪1,1勝,１勝ｸﾗｽ,6,11,タイセイレスポンス,セ,4,横山和生, 58 ,16,4,１, ,ダ1400,良,,(栗),安田翔伍,1254,-0.1,,2,2,37.8,506,+8,
,"2025. 3. 1",阪神,1阪1,1勝,１勝ｸﾗｽ,8,15,ポルポラジール,牡,4,藤岡佑介, 58 ,16,1,１, ,ダ1800,良,,(栗),新谷功一,1537,-0.4,3,3,3,38.7,512,+2,
,"2025. 3. 1",阪神,1阪1,未勝利,未勝利,6,12,ルクスジニア,牝,3,池添謙一, 55 ,18,1,１, 外,芝1600,良,,(栗),平田修,1339,-0.5,,1,1,33.6,440,-4,
,"2025. 3. 1",阪神,1阪1,未勝利,未勝利,4,8,ラフォン,牡,3,松山弘平, 57 ,16,6,１, ,ダ1400,良,,(栗),松下武士,1257,-0.5,,2,2,38.4,494,,
,"2025. 3. 1",阪神,1阪1,未勝利,未勝利,2,3,ソングコレクター,牝,3,松山弘平, 55 ,16,2,１, ,ダ1800,良,,(栗),小林真也,1550,-0.1,1,1,1,39.3,486,+4,
,"2025. 3. 1",阪神,1阪1,未勝利,未勝利,7,14,ホウショウマリス,牝,3,武豊, 55 ,16,1,１, ,ダ1200,良,,(栗),河内洋,1137,-0.1,,3,2,38.0,456,+2,
,"2025. 3. 1",阪神,1阪1,未勝利,未勝利・牝,3,3,イフリーティア,牝,3,松山弘平, 55 ,12,5,１, ,ダ1800,良,,(栗),茶木太樹,1577,-0.4,1,1,1,40.4,456,+12,
,"2024. 4.14",阪神,2阪8,2勝,２勝ｸﾗｽ,7,12,エイシンレジューム,牡,4,小崎綾也, 58 ,15,3,１, ,ダ1400,良,,(栗),中尾秀正,1249,-0.6,,4,4,36.4,510,-6,B
,"2024. 4.14",阪神,2阪8,Ｇ３,アンタレG3,5,10,ミッキーヌチバナ,牡,6,太宰啓介, 57 ,16,5,１, ,ダ1800,良,,(栗),高橋亮,1512,-0.0,8,6,5,36.5,520,-4,
,"2024. 4.14",阪神,2阪8,3勝,立雲峡Ｓ･3勝,7,9,セオ,牡,4,岩田康誠, 58 ,11,1,１, 外,芝1600,良,,(栗),上村洋行,1327,-0.0,,2,2,34.1,488,+2,B
,"2024. 4.14",阪神,2阪8,2勝,三木特Ｈ･2勝,4,8,スカイロケット,牡,4,岩田望来, 55 ,17,3,１, 内,芝1400,良,,(栗),須貝尚介,1195,-0.0,,5,5,34.3,430,-2,
,"2024. 4.14",阪神,2阪8,1勝,１勝ｸﾗｽ,5,5,サザーランド,牝,4,藤懸貴志, 56 ,12,9,１, ,ダ1400,良,,(栗),小林真也,1251,-0.2,,1,1,37.4,446,0,
,"2024. 4.14",阪神,2阪8,1勝,１勝ｸﾗｽ,5,10,ベルシャンブル,牝,4,北村友一, 56 ,17,5,１, 外,芝1600,良,*,(栗),小椋研介,1336,-0.0,,16,17,33.1,476,+16,
,"2024. 4.14",阪神,2阪8,1勝,１勝ｸﾗｽ*,4,4,ログラール,牡,3,北村友一, 57 ,7,3,１, 内,芝2000,良,,(栗),松永幹夫,2004,-0.1,2,3,3,34.8,474,-6,
,"2024. 4.14",阪神,2阪8,1勝,１勝ｸﾗｽ・牝*,4,6,テーオールビー,牝,3,斎藤新, 55 ,15,6,１, ,ダ1800,良,,(栗),宮徹,1533,-0.0,2,2,2,39.0,444,-2,
,"2024. 4.14",阪神,2阪8,未勝利,未勝利,7,13,ライフセービング,牡,3,吉村誠之,54▲,15,4,１, 内,芝2200,良,,(栗),宮徹,2131,-0.2,10,12,11,34.8,460,+4,B
,"2024. 4.14",阪神,2阪8,未勝利,未勝利,6,11,オープンワンセルフ,牡,3,鮫島克駿, 57 ,16,1,１, ,ダ1800,良,,(栗),小栗実,1553,-0.3,4,1,2,39.0,492,+4,
,"2024. 4.14",阪神,2阪8,未勝利,未勝利,4,7,グリーズマン,牡,3,斎藤新, 57 ,15,1,１, ,ダ1400,良,,(栗),小栗実,1254,-0.0,,1,1,38.1,496,+4,B
,"2024. 4.14",阪神,2阪8,未勝利,未勝利・牝,5,10,エブライト,牝,3,鮫島克駿, 55 ,16,5,１, ,ダ1200,良,,(栗),橋口慎介,1134,-0.1,,5,5,37.8,462,-12,
,"2024. 4.13",阪神,2阪7,2勝,２勝ｸﾗｽ,8,9,マリアナトレンチ,牡,4,松若風馬, 58 ,10,1,１, ,ダ1800,良,,(栗),音無秀孝,1527,-0.1,6,5,4,38.3,468,-4,
,"2024. 4.13",阪神,2阪7,Ｇ３,アーリンG3,2,3,ディスペランツァ,牡,3,モレイラ, 57 ,16,1,１, 外,芝1600,良,,(栗),吉岡辰弥,1341,-0.0,,8,8,32.4,514,-6,
,"2024. 4.13",阪神,2阪7,3勝,天満橋Ｈ･3勝,3,4,ロードラディウス,牡,4,松山弘平, 56 ,15,7,１, ,ダ1400,良,,(栗),森田直行,1237,-0.2,,2,2,36.9,484,+4,
,"2024. 4.13",阪神,2阪7,2勝,明石特別･2勝,7,8,ショウナンアデイブ,牡,5,池添謙一, 58 ,11,3,１, 外,芝1800,良,,(栗),高野友和,1456,-0.0,,4,4,33.2,512,-6,
,"2024. 4.13",阪神,2阪7,1勝,１勝ｸﾗｽ,8,11,ダノンヒューマ,牡,4,坂井瑠星, 58 ,12,4,１, ,ダ1800,良,,(栗),大久保龍,1546,-0.1,2,2,2,37.1,474,-4,
,"2024. 4.13",阪神,2阪7,1勝,１勝ｸﾗｽ,8,11,キャリーハピネス,牡,4,鮫島克駿, 58 ,12,2,１, 外,芝2400,良,,(栗),河嶋宏樹,2255,-0.1,4,4,5,34.3,492,+4,
,"2024. 4.13",阪神,2阪7,1勝,１勝ｸﾗｽ*,3,5,ジョーローリット,牝,3,岩田康誠, 55 ,15,8,１, ,ダ1200,良,*,(栗),中竹和也,1119,-0.2,,1,1,37.0,478,+8,
,"2024. 4.13",阪神,2阪7,未勝利,未勝利・牝,7,13,チェレスタ,牝,3,ムルザバ, 55 ,16,4,１, 内,芝2000,良,,(栗),松下武士,2000,-0.0,11,8,5,34.2,480,+6,
,"2024. 4.13",阪神,2阪7,未勝利,未勝利,7,13,フォーチュンタイム,牡,3,鮫島克駿, 57 ,18,4,１, 外,芝1600,良,,(栗),吉岡辰弥,1342,-0.2,,7,7,33.2,512,,
,"2024. 4.13",阪神,2阪7,未勝利,未勝利,5,10,オクヤマ,牡,3,松山弘平, 57 ,16,4,１, ,ダ2000,良,,(栗),大根田裕,2090,-0.1,3,3,3,38.6,514,+2,
,"2024. 4.13",阪神,2阪7,未勝利,未勝利,7,13,ハリウッドブルース,牡,3,水口優也, 57 ,16,2,１, ,ダ1200,良,*,(栗),浜田多実,1134,-0.4,,6,5,36.7,458,-4,
,"2024. 4.13",阪神,2阪7,未勝利,未勝利・牝,4,7,チカミリオン,牝,3,岩田望来, 55 ,16,2,１, ,ダ1800,良,,(栗),大久保龍,1558,-0.5,7,6,5,37.8,484,-10,
,"2024. 4. 7",阪神,2阪6,3勝,梅田Ｓ･3勝,6,8,アウトレンジ,牡,4,鮫島克駿, 58 ,13,4,１, ,ダ1800,良,,(栗),大久保龍,1517,-0.5,2,2,2,35.8,494,+2,
,"2024. 4. 7",阪神,2阪6,Ｇ１,桜花賞G1,6,12,ステレンボッシュ,牝,3,モレイラ, 55 ,18,2,１, 外,芝1600,良,,(美),国枝栄,1322,-0.1,,11,8,33.4,462,-4,
,"2024. 4. 7",阪神,2阪6,3勝,ダイワＨ･3勝,8,15,エーデルブルーメ,牝,5,川田将雅, 55 ,16,1,１, 内,芝2000,良,,(栗),福永祐一,1588,-0.3,7,6,6,33.9,486,+8,
,"2024. 4. 7",阪神,2阪6,OP(L),忘れな草(L),4,4,タガノエルピーダ,牝,3,川田将雅, 55 ,8,1,１, 内,芝2000,良,,(栗),斉藤崇史,1594,-0.4,4,4,1,35.3,436,-4,
,"2024. 4. 7",阪神,2阪6,2勝,宝塚市制･2勝,6,6,ハギノサステナブル,牡,4,鮫島克駿, 58 ,11,3,１, ,ダ1800,良,,(栗),高野友和,1520,-0.4,6,5,5,36.7,476,-2,B
,"2024. 4. 7",阪神,2阪6,2勝,２勝ｸﾗｽ,5,5,テンノメッセージ,牝,4,ムルザバ, 56 ,9,4,１, 外,芝1600,良,,(栗),高柳大輔,1335,-0.0,,6,5,33.1,470,-6,B
,"2024. 4. 7",阪神,2阪6,1勝,１勝ｸﾗｽ,1,1,ウイニンググレイス,牡,4,幸英明, 58 ,10,6,１, ,ダ1800,良,,(栗),河嶋宏樹,1531,-0.2,1,1,1,36.9,502,+2,
,"2024. 4. 7",阪神,2阪6,1勝,１勝ｸﾗｽ*,3,5,リジル,牝,3,藤岡佑介, 55 ,16,4,１, ,ダ1400,良,,(栗),奥村豊,1244,-0.5,,4,4,37.8,478,+10,
,"2024. 4. 7",阪神,2阪6,未勝利,未勝利,8,13,ウエストナウ,牡,3,西村淳也, 57 ,14,7,１, 外,芝1800,良,,(栗),佐々木晶,1454,-0.4,,8,8,34.0,474,,
,"2024. 4. 7",阪神,2阪6,未勝利,未勝利,8,16,リリーエクスプレス,牡,3,鮫島克駿, 57 ,16,2,１, ,ダ1200,良,*,(栗),茶木太樹,1129,-0.1,,2,2,37.7,540,-6,
,"2024. 4. 7",阪神,2阪6,未勝利,未勝利,3,6,グランドエスケープ,牡,3,水口優也, 57 ,16,5,１, ,ダ1800,良,,(栗),藤沢則雄,1537,-0.5,1,1,1,39.0,478,+2,
,"2024. 4. 7",阪神,2阪6,未勝利,未勝利・牝,8,15,ジョウゲンノツキ,牝,3,モレイラ, 55 ,16,1,１, ,ダ1400,良,,(栗),牧田和弥,1265,-0.0,,8,8,38.2,436,-2,
,"2024. 4. 6",阪神,2阪5,2勝,２勝ｸﾗｽ,8,12,ダイリュウホマレ,牝,4,松山弘平, 56 ,13,3,１, ,ダ1200,稍,,(栗),橋口慎介,1119,-0.2,,1,1,36.5,440,-6,
,"2024. 4. 6",阪神,2阪5,Ｇ２,阪神牝馬G2,1,1,マスクトディーヴァ,牝,4,モレイラ, 56 ,11,1,１, 外,芝1600,良,,(栗),辻野泰之,1330,-0.1,,4,4,33.0,456,+2,
,"2024. 4. 6",阪神,2阪5,ｵｰﾌﾟﾝ,大阪―ハＨ,4,5,レッドバリエンテ,牡,5,川田将雅, 55 ,14,1,１, 外,芝2600,良,,(栗),中内田充,2375,-0.2,4,4,4,34.0,482,+2,
,"2024. 4. 6",阪神,2阪5,2勝,白鷺特別･2勝,1,1,マキシ,牡,4,川田将雅, 58 ,10,1,１, 外,芝2400,良,,(栗),辻野泰之,2264,-0.3,4,3,3,33.6,512,0,
,"2024. 4. 6",阪神,2阪5,1勝,１勝ｸﾗｽ,6,12,カミーロ,牡,4,幸英明, 58 ,16,6,１, ,ダ1200,稍,*,(栗),石橋守,1116,-0.2,,4,3,36.1,478,-8,
,"2024. 4. 6",阪神,2阪5,1勝,１勝ｸﾗｽ・牝,8,12,ピースオブザライフ,牝,4,岩田望来, 56 ,12,1,１, ,ダ1800,稍,,(栗),野中賢二,1536,-0.2,2,2,2,37.5,488,0,
,"2024. 4. 6",阪神,2阪5,1勝,１勝ｸﾗｽ*,7,7,モンシュマン,牡,3,岩田康誠, 57 ,10,5,１, 内,芝1200,良,,(栗),上村洋行,1086,-0.2,,1,1,34.0,468,+4,
,"2024. 4. 6",阪神,2阪5,1勝,１勝ｸﾗｽ*,3,3,ムルソー,牡,3,川田将雅, 57 ,12,1,１, ,ダ1800,稍,,(栗),斉藤崇史,1518,-1.3,1,1,1,36.4,504,-16,
,"2024. 4. 6",阪神,2阪5,未勝利,未勝利,2,4,ヤングスカーレット,牡,3,ムルザバ, 57 ,16,5,１, 内,芝2000,良,,(栗),杉山晴紀,2002,-0.2,5,5,5,35.4,530,,
,"2024. 4. 6",阪神,2阪5,未勝利,未勝利,4,4,ルシュヴァルドール,牡,3,坂井瑠星, 57 ,10,2,１, ,ダ2000,稍,,(栗),矢作芳人,2058,-0.8,6,4,3,36.8,534,-12,
,"2024. 4. 6",阪神,2阪5,未勝利,未勝利,3,5,ドッビアーコ,牡,3,ムルザバ, 57 ,16,2,１, ,ダ1400,稍,,(栗),奥村豊,1254,-0.3,,5,4,37.7,538,+8,
,"2024. 4. 6",阪神,2阪5,未勝利,未勝利・牝,6,12,タクシンイメル,牝,3,坂井瑠星, 55 ,16,5,１, ,ダ1800,稍,,(栗),武英智,1531,-0.7,1,1,1,38.4,458,-4,
,"2024. 3.31",阪神,2阪4,3勝,陽春ＳＨ･3勝,3,5,ナムラフランク,牡,5,菱田裕二, 55 ,16,2,１, ,ダ1200,良,,(栗),鈴木孝志,1116,-0.2,,3,2,36.3,500,-2,
,"2024. 3.31",阪神,2阪4,Ｇ１,大阪杯G1,6,11,ベラジオオペラ,牡,4,横山和生, 58 ,16,2,１, 内,芝2000,良,,(栗),上村洋行,1582,-0.0,2,2,2,34.9,506,0,
,"2024. 3.31",阪神,2阪4,3勝,キタサン･3勝,3,6,スズハローム,牡,4,鮫島克駿, 58 ,17,3,１, 内,芝1400,良,,(栗),牧田和弥,1204,-0.0,,10,10,33.7,450,+4,
,"2024. 3.31",阪神,2阪4,ｵｰﾌﾟﾝ,バイオレ,6,7,エートラックス,牡,3,松山弘平, 57 ,11,4,１, ,ダ1400,良,,(栗),宮本博,1245,-0.2,,2,2,37.9,496,-4,
,"2024. 3.31",阪神,2阪4,2勝,２勝ｸﾗｽ,4,6,マコトヴェリーキー,牡,4,岩田望来, 58 ,15,2,１, 内,芝2000,良,,(栗),上村洋行,1587,-0.0,6,6,4,34.7,476,+4,
,"2024. 3.31",阪神,2阪4,2勝,２勝ｸﾗｽ,8,16,アウグスト,牡,5,菅原明良, 58 ,16,8,１, ,ダ1400,良,,(美),斎藤誠,1241,-0.4,,4,3,37.1,518,+2,B
,"2024. 3.31",阪神,2阪4,1勝,１勝ｸﾗｽ,7,8,モズタンジロウ,牡,5,西村淳也, 58 ,11,3,１, ,ダ1800,良,,(栗),牧田和弥,1530,-0.1,4,4,2,38.5,488,-4,
,"2024. 3.31",阪神,2阪4,1勝,１勝ｸﾗｽ*,6,6,テラメリタ,牝,3,永島まな,53◇,9,5,１, 外,芝1600,良,*,(栗),須貝尚介,1344,-0.1,,8,9,33.3,466,-4,
,"2024. 3.31",阪神,2阪4,未勝利,未勝利,8,10,グランアルティスタ,牡,3,藤岡康太, 57 ,10,2,１, 外,芝2400,良,,(栗),寺島良,2279,-0.0,5,3,2,34.5,516,+10,
,"2024. 3.31",阪神,2阪4,未勝利,未勝利,5,5,ケイアイエルナト,牡,3,松山弘平, 57 ,9,6,１, ,ダ1800,良,,(栗),村山明,1548,-0.2,2,2,2,39.5,476,-5,
,"2024. 3.31",阪神,2阪4,未勝利,未勝利,5,9,クリノキングマン,牡,3,酒井学, 57 ,16,3,１, ,ダ1400,良,,(栗),高橋康之,1255,-0.3,,3,3,38.3,494,-2,
,"2024. 3.31",阪神,2阪4,未勝利,未勝利・牝,5,7,ヒロインズクレスト,牝,3,藤岡康太, 55 ,13,3,１, ,ダ1800,良,,(栗),本田優,1560,-0.7,4,4,4,38.1,450,-2,
,"2024. 3.30",阪神,2阪3,2勝,２勝ｸﾗｽ,5,8,ハギノロックオン,牡,5,西村淳也, 58 ,15,2,１, ,ダ1800,稍,,(栗),高野友和,1525,-0.1,5,4,4,36.7,512,-2,
,"2024. 3.30",阪神,2阪3,ｵｰﾌﾟﾝ,ポラリス,8,14,サンライズフレイム,牡,4,藤岡康太, 58 ,15,1,１, ,ダ1400,稍,,(栗),石坂公一,1234,-0.2,,8,7,35.8,508,-4,
,"2024. 3.30",阪神,2阪3,2勝,仲春特別･2勝,8,14,タツダイヤモンド,牡,4,藤岡康太, 58 ,15,5,１, 内,芝1200,良,,(栗),鮫島一歩,1084,-0.0,,13,13,33.4,488,0,
,"2024. 3.30",阪神,2阪3,1勝,アザレア･1勝,6,6,インザモーメント,牡,3,鮫島克駿, 57 ,7,1,１, 外,芝2400,良,,(栗),田中克典,2263,-0.5,4,3,3,34.6,478,0,
,"2024. 3.30",阪神,2阪3,ｵｰﾌﾟﾝ,三木ホー,4,4,オールザワールド,牡,7,森一馬, 61 ,11,1,１, ,芝3140,良,*,(栗),中竹和也,3311,-0.8,4,2,2,13.4,472,-6,
,"2024. 3.30",阪神,2阪3,1勝,１勝ｸﾗｽ,7,13,セミマル,牡,4,西村淳也, 58 ,16,1,１, ,ダ1400,稍,,(栗),西村真幸,1250,-0.3,,3,3,36.7,524,+2,
,"2024. 3.30",阪神,2阪3,1勝,１勝ｸﾗｽ,5,5,グランデサラス,牡,4,池添謙一, 58 ,11,4,１, 外,芝1800,良,,(栗),池添学,1472,-0.0,,8,7,34.6,498,+2,
,"2024. 3.30",阪神,2阪3,1勝,１勝ｸﾗｽ*,8,11,テンカジョウ,牝,3,国分優作, 55 ,11,6,１, ,ダ1800,稍,,(栗),岡田稲男,1522,-0.4,11,9,7,37.5,474,0,
,"2024. 3.30",阪神,2阪3,未勝利,未勝利,7,15,ガロンヌ,牡,3,松山弘平, 57 ,18,1,１, 内,芝1400,良,,(栗),上村洋行,1219,-0.4,,3,2,35.1,472,0,
,"2024. 3.30",阪神,2阪3,未勝利,未勝利,8,18,エマロア,牝,3,浜中俊, 55 ,18,5,１, 外,芝1800,良,*,(栗),平田修,1463,-0.1,,1,1,36.7,486,+6,
,"2024. 3.30",阪神,2阪3,未勝利,未勝利,5,10,カレンマウラー,牡,3,藤岡康太, 57 ,16,4,１, ,ダ1200,稍,,(栗),安田翔伍,1134,-0.1,,2,2,37.6,456,-4,
,"2024. 3.30",阪神,2阪3,未勝利,未勝利,8,13,ジーサイクロン,牡,3,松山弘平, 57 ,13,3,１, ,ダ1800,稍,,(栗),吉岡辰弥,1536,-0.8,3,2,2,36.8,480,+8,
,"2024. 3.24",阪神,2阪2,2勝,２勝ｸﾗｽ,6,11,オーガスタスカイ,牝,5,団野大成, 56 ,16,10,１, ,ダ1200,不,,(栗),斉藤崇史,1110,-0.0,,2,2,35.9,478,-4,B
,"2024. 3.24",阪神,2阪2,OP(L),六甲Ｓ(L),3,4,ボルザコフスキー,牡,5,吉村誠之, 57 ,15,9,１, 外,芝1600,重,,(栗),清水久詞,1343,-0.0,,11,12,34.2,512,0,
,"2024. 3.24",阪神,2阪2,3勝,御堂筋Ｓ･3勝,4,4,スマートファントム,牡,4,藤岡康太, 57 ,8,1,１, 外,芝2400,重,,(栗),石橋守,2288,-0.2,6,7,7,34.2,470,+6,
,"2024. 3.24",阪神,2阪2,2勝,四国新聞･2勝,5,5,ベリーヴィーナス,牝,5,菱田裕二, 56 ,10,7,１, 内,芝2000,重,,(栗),鈴木孝志,2017,-0.3,1,1,1,35.2,494,+2,
,"2024. 3.24",阪神,2阪2,2勝,２勝ｸﾗｽ,5,7,バリアントバイオ,牡,4,鮫島克駿, 58 ,14,1,１, ,ダ2000,不,,(栗),今野貞一,2041,-0.0,10,4,2,38.0,516,-12,
,"2024. 3.24",阪神,2阪2,1勝,１勝ｸﾗｽ,3,4,ルヴァンノワール,牝,6,荻野極, 56 ,14,8,１, 内,芝1400,重,,(栗),庄野靖志,1221,-0.0,,6,6,35.5,460,-4,
,"2024. 3.24",阪神,2阪2,1勝,１勝ｸﾗｽ*,8,12,ミライテーラー,牝,3,中井裕二, 55 ,12,1,１, ,ダ1200,不,,(栗),緒方努,1105,-0.6,,1,1,35.9,466,-4,
,"2024. 3.24",阪神,2阪2,未勝利,未勝利,7,14,パシフィックハイ,牝,3,鮫島克駿, 55 ,18,3,１, 外,芝1600,重,,(栗),杉山佳明,1346,-0.5,,6,6,35.2,448,0,
,"2024. 3.24",阪神,2阪2,未勝利,未勝利,8,15,アナレクタ,牡,3,藤懸貴志, 57 ,16,7,１, ,ダ1200,不,*,(栗),千田輝彦,1130,-0.0,,2,2,37.0,452,-4,
,"2024. 3.24",阪神,2阪2,未勝利,未勝利,3,4,アーロンイメル,牡,3,藤懸貴志, 57 ,15,2,１, ,ダ1800,不,,(栗),高橋義忠,1527,-0.1,1,1,1,36.5,482,-2,B
,"2024. 3.24",阪神,2阪2,未勝利,未勝利,2,4,ベンダバール,牡,3,川須栄彦, 57 ,16,3,１, ,ダ1400,不,,(栗),牧浦充徳,1249,-0.2,,6,5,36.7,458,+2,
,"2024. 3.24",阪神,2阪2,未勝利,未勝利・牝,4,7,リアンクトワ,牝,3,国分優作, 55 ,16,7,１, ,ダ1800,不,,(栗),辻野泰之,1539,-0.9,12,10,5,37.2,452,,
,"2024. 3.23",阪神,2阪1,1勝,１勝ｸﾗｽ・牝,3,3,フェリ,牝,4,藤懸貴志, 56 ,12,3,１, ,ダ1200,不,,(栗),佐々木晶,1113,-0.2,,11,10,34.8,464,-4,
,"2024. 3.23",阪神,2阪1,Ｇ３,毎日杯G3,4,4,メイショウタバル,牡,3,坂井瑠星, 57 ,10,5,１, 外,芝1800,重,,(栗),石橋守,1460,-1.0,,1,1,34.4,500,0,
,"2024. 3.23",阪神,2阪1,2勝,丹波特Ｈ･2勝,5,5,ヒルノショパン,牡,5,古川吉洋, 55 ,8,4,１, 外,芝1600,重,,(栗),昆貢,1356,-0.1,,1,1,34.5,454,0,B
,"2024. 3.23",阪神,2阪1,1勝,君子蘭賞･1勝,3,3,ミエスペランサ,牝,3,西村淳也, 55 ,8,4,１, 外,芝1800,重,,(栗),池江泰寿,1483,-0.1,,7,4,34.8,432,-6,
,"2024. 3.23",阪神,2阪1,1勝,１勝ｸﾗｽ,7,10,リジン,牡,5,幸英明, 58 ,13,5,１, ,ダ1800,不,,(栗),宮本博,1513,-0.1,2,2,1,37.1,490,+4,
,"2024. 3.23",阪神,2阪1,1勝,１勝ｸﾗｽ*,6,6,コーティアスマナー,牝,3,川田将雅, 55 ,10,2,１, 内,芝1400,重,,(栗),高橋義忠,1231,-0.1,,1,1,35.5,440,-2,
,"2024. 3.23",阪神,2阪1,未勝利,未勝利,4,4,ステラクラウン,牝,3,岩田康誠, 55 ,12,6,１, 内,芝2000,重,,(栗),上村洋行,2041,-0.2,11,11,10,34.9,496,,
,"2024. 3.23",阪神,2阪1,未勝利,未勝利,4,5,トモジャザーン,牡,3,田口貫太,56☆,13,1,１, ,ダ1800,不,,(栗),大根田裕,1521,-1.1,5,4,4,36.9,486,+2,
,"2024. 3.23",阪神,2阪1,未勝利,障害未勝利,3,3,メルテミア,牡,6,小坂忠士, 60 ,8,1,１, ,ダ2970,重,,(栗),小栗実,3275,-0.3,1,1,1,14.0,478,+6,
,"2024. 3.23",阪神,2阪1,未勝利,未勝利,1,2,ルディック,牡,3,ムルザバ, 57 ,16,2,１, ,ダ1400,不,,(栗),高野友和,1231,-0.4,,1,1,36.4,516,+6,B
,"2024. 3.23",阪神,2阪1,未勝利,未勝利,3,3,ホークフィールド,牡,3,西村淳也, 57 ,13,3,１, ,ダ2000,重,,(栗),武英智,2050,-0.6,4,3,3,37.2,470,-12,
,"2024. 3.23",阪神,2阪1,未勝利,未勝利・牝,2,3,プリンセスカレン,牝,3,田口貫太,54☆,16,8,１, ,ダ1200,重,,(栗),大橋勇樹,1122,-0.3,,1,1,37.1,418,-2,
,"2024. 3.17",阪神,1阪8,2勝,２勝ｸﾗｽ,7,11,カセノミオ,牝,4,田口貫太,55☆,14,1,１, ,ダ1400,稍,,(栗),中尾秀正,1239,-0.8,,3,3,37.5,524,+2,
,"2024. 3.17",阪神,1阪8,Ｇ２,阪神大賞G2,4,6,テーオーロイヤル,牡,6,菱田裕二, 57 ,15,2,１, 内,芝3000,稍,,(栗),岡田稲男,3068,-0.8,3,3,3,34.8,458,+6,
,"2024. 3.17",阪神,1阪8,3勝,鳴門Ｓ･3勝,4,4,ロードアウォード,セ,4,川田将雅, 58 ,11,1,１, ,ダ1400,稍,,(栗),吉岡辰弥,1240,-0.6,,2,2,36.3,462,-2,
,"2024. 3.17",阪神,1阪8,2勝,山陽特別･2勝,2,2,サウンドブライアン,牡,6,菅原明良, 58 ,11,9,１, 内,芝1400,稍,,(栗),村山明,1211,-0.1,,1,1,35.1,490,+8,
,"2024. 3.17",阪神,1阪8,1勝,１勝ｸﾗｽ・牝,6,6,アウロス,牝,4,Ｍ．デム, 56 ,7,3,１, ,ダ1800,良,,(栗),上村洋行,1552,-0.1,1,1,1,38.6,468,-2,
,"2024. 3.17",阪神,1阪8,1勝,１勝ｸﾗｽ,2,2,ウェイビー,牝,4,菅原明良, 55 ,8,1,１, 外,芝2400,良,,(栗),西村真幸,2271,-0.4,2,2,2,35.1,532,-8,
,"2024. 3.17",阪神,1阪8,1勝,１勝ｸﾗｽ*,5,8,クロドラバール,牡,3,西村淳也, 57 ,15,6,１, ,ダ1800,良,,(栗),杉山晴紀,1545,-0.0,2,2,2,37.7,514,-10,
,"2024. 3.17",阪神,1阪8,1勝,１勝ｸﾗｽ*,7,12,エイカイソウル,牡,3,Ｍ．デム, 57 ,15,1,１, ,ダ1800,良,,(栗),藤原英昭,1545,-0.0,6,6,3,37.1,466,-6,
,"2024. 3.17",阪神,1阪8,未勝利,未勝利,6,8,カズミクラーシュ,牡,3,川田将雅, 57 ,13,1,１, 外,芝1800,良,,(栗),吉岡辰弥,1463,-0.5,,4,3,34.4,492,-4,
,"2024. 3.17",阪神,1阪8,未勝利,障害未勝利,1,1,アスターディゴン,牡,5,黒岩悠, 60 ,8,1,１, ,ダ2970,良,,(栗),中竹和也,3204,-2.3,2,2,1,13.5,490,0,
,"2024. 3.17",阪神,1阪8,未勝利,未勝利,1,1,パカーラン,牡,3,川田将雅, 57 ,11,2,１, ,ダ1800,良,,(栗),藤原英昭,1554,-0.4,2,2,2,37.7,480,+2,
,"2024. 3.17",阪神,1阪8,未勝利,未勝利,2,3,カルパ,牡,3,川田将雅, 57 ,16,1,１, ,ダ1400,良,,(栗),須貝尚介,1257,-0.2,,3,4,37.3,432,-2,
,"2024. 3.17",阪神,1阪8,未勝利,未勝利・牝,6,6,アマミツツキ,牝,3,西村淳也, 55 ,10,2,１, ,ダ1800,良,*,(栗),宮本博,1573,-0.3,3,3,3,38.1,460,-12,
,"2024. 3.16",阪神,1阪7,1勝,１勝ｸﾗｽ,8,14,ハクサンバード,牡,4,鮫島良太, 58 ,14,2,１, ,ダ1400,良,,(栗),高橋一哉,1254,-0.1,,2,2,37.6,486,-8,
,"2024. 3.16",阪神,1阪7,OP(L),若葉Ｓ(L),3,3,ミスタージーティー,牡,3,藤岡佑介, 57 ,10,1,１, 内,芝2000,良,*,(栗),矢作芳人,1597,-0.1,3,4,4,34.2,472,-4,
,"2024. 3.16",阪神,1阪7,3勝,淀屋橋Ｓ･3勝,4,8,ソウテン,牡,5,ムルザバ, 58 ,16,6,１, 内,芝1200,良,,(栗),斉藤崇史,1083,-0.1,,11,9,33.1,524,+20,
,"2024. 3.16",阪神,1阪7,2勝,淡路特Ｈ･2勝,2,2,バロッサヴァレー,牝,4,鮫島克駿, 53 ,9,1,１, 外,芝2600,良,,(栗),高野友和,2402,-0.1,3,4,4,34.3,458,-2,
,"2024. 3.16",阪神,1阪7,2勝,２勝ｸﾗｽ・牝,5,8,プメハナ,牝,4,藤岡佑介, 56 ,15,4,１, ,ダ1800,良,,(栗),鮫島一歩,1540,-0.1,9,11,12,37.9,466,+6,
,"2024. 3.16",阪神,1阪7,1勝,１勝ｸﾗｽ,1,1,ペプチドソレイユ,牡,4,藤岡佑介, 58 ,9,3,１, ,ダ1800,良,,(栗),武英智,1545,-0.3,2,2,2,37.7,502,+6,
,"2024. 3.16",阪神,1阪7,1勝,１勝ｸﾗｽ*,7,8,トーラスシャイン,牡,3,武豊, 57 ,10,5,１, 内,芝1200,良,,(栗),田中克典,1087,-0.2,,1,1,34.5,472,-4,
,"2024. 3.16",阪神,1阪7,未勝利,未勝利,2,2,ラファミリア,牡,3,武豊, 57 ,10,5,１, 外,芝2400,良,,(栗),矢作芳人,2269,-0.1,1,1,1,34.6,500,,
,"2024. 3.16",阪神,1阪7,未勝利,未勝利,7,9,メイショウモモタ,牡,3,藤岡佑介, 57 ,11,4,１, ,ダ2000,良,,(栗),高橋義忠,2095,-0.2,3,2,2,38.5,474,+6,
,"2024. 3.16",阪神,1阪7,未勝利,未勝利,7,14,ミキノクラップス,牡,3,田口貫太,56☆,16,4,１, ,ダ1200,良,,(栗),大橋勇樹,1135,-0.0,,3,3,37.8,450,-4,
,"2024. 3.16",阪神,1阪7,未勝利,未勝利,7,11,グランオース,牡,3,武豊, 57 ,14,1,１, ,ダ1800,良,,(栗),角田晃一,1563,-0.0,3,3,2,38.9,504,0,
,"2024. 3.16",阪神,1阪7,未勝利,未勝利・牝,6,12,ランゲル,牝,3,和田竜二, 55 ,16,5,１, ,ダ1400,良,,(栗),鈴木孝志,1265,-0.0,,2,2,38.0,434,-10,
,"2024. 3.10",阪神,1阪6,2勝,２勝ｸﾗｽ・牝,4,5,カネコメシスター,牝,5,団野大成, 56 ,13,2,１, ,ダ1200,良,,(栗),中尾秀正,1120,-0.6,,9,8,36.1,502,-8,
,"2024. 3.10",阪神,1阪6,Ｇ２,フィリーG2,3,4,エトヴプレ,牝,3,藤岡佑介, 55 ,15,11,１, 内,芝1400,良,,(栗),藤岡健一,1201,-0.1,,1,1,35.1,458,-4,
,"2024. 3.10",阪神,1阪6,3勝,オークＨ･3勝,2,4,グリューヴルム,牡,5,ムルザバ, 57 ,16,1,１, ,ダ2000,良,*,(栗),大久保龍,2061,-0.4,9,8,8,38.1,496,0,B
,"2024. 3.10",阪神,1阪6,2勝,天神橋特･2勝,8,9,シュタールヴィント,牡,4,坂井瑠星, 58 ,10,3,１, 外,芝1600,良,,(栗),矢作芳人,1335,-0.2,,3,3,33.7,450,+4,
,"2024. 3.10",阪神,1阪6,1勝,１勝ｸﾗｽ,6,12,バトゥーキ,牡,4,水口優也, 58 ,16,2,１, ,ダ1200,良,,(栗),浜田多実,1121,-0.1,,10,11,36.3,484,+2,
,"2024. 3.10",阪神,1阪6,1勝,１勝ｸﾗｽ,2,2,サトノスカイターフ,牡,6,岩田望来, 58 ,10,2,１, 外,芝1600,良,,(栗),池江泰寿,1346,-0.3,,4,4,33.5,508,+12,
,"2024. 3.10",阪神,1阪6,1勝,１勝ｸﾗｽ*,3,4,ロードフォアエース,牡,3,坂井瑠星, 57 ,14,2,１, ,ダ1400,良,,(栗),友道康夫,1248,-0.3,,1,1,37.4,532,0,
,"2024. 3.10",阪神,1阪6,1勝,１勝ｸﾗｽ*,5,5,ディスペランツァ,牡,3,Ｍ．デム, 57 ,11,3,１, 外,芝1600,良,,(栗),吉岡辰弥,1334,-0.1,,11,11,33.1,520,+4,
,"2024. 3.10",阪神,1阪6,未勝利,未勝利,1,1,スカイサーベイ,牡,3,ムルザバ, 57 ,10,3,１, 内,芝2000,良,,(栗),池添学,2025,-0.0,8,7,6,34.3,480,,
,"2024. 3.10",阪神,1阪6,未勝利,未勝利,5,6,ゼンダンスカイ,牡,3,菱田裕二, 57 ,13,5,１, ,ダ1800,良,,(栗),角田晃一,1567,-0.0,1,1,1,39.8,458,-2,
,"2024. 3.10",阪神,1阪6,未勝利,未勝利,5,10,ジェニファー,牝,3,角田大河,54☆,16,4,１, ,ダ1200,良,,(栗),浜田多実,1142,-0.2,,3,2,38.4,438,-6,
,"2024. 3.10",阪神,1阪6,未勝利,未勝利・牝,5,5,ラッキーマリリン,牝,3,和田竜二, 55 ,11,3,１, ,ダ1800,良,,(栗),鈴木孝志,1567,-0.2,8,7,5,39.7,472,+14,
,"2024. 3. 9",阪神,1阪5,2勝,２勝ｸﾗｽ,6,10,チュウワハート,牡,4,松山弘平, 58 ,14,3,１, ,ダ1800,良,,(栗),大久保龍,1538,-0.2,1,1,1,37.6,504,-4,
,"2024. 3. 9",阪神,1阪5,OP(L),コーラＨ(L),7,13,レディバグ,牝,6,酒井学,55.5,16,9,１, ,ダ1400,良,*,(栗),北出成人,1238,-0.0,,13,12,36.3,464,+2,
,"2024. 3. 9",阪神,1阪5,3勝,難波Ｓ･3勝,8,9,アウスヴァール,セ,6,古川吉洋, 58 ,10,5,１, 外,芝1800,良,,(栗),昆貢,1461,-0.1,,1,1,34.6,498,+2,
,"2024. 3. 9",阪神,1阪5,1勝,ゆきやな･1勝,2,2,ショウナンラプンタ,牡,3,鮫島克駿, 57 ,7,3,１, 外,芝2400,良,,(栗),高野友和,2279,-0.1,5,5,5,33.4,538,+10,
,"2024. 3. 9",阪神,1阪5,ＪＧ２,阪神スプJG2,4,4,マイネルグロン,牡,6,石神深一, 62 ,10,1,１, ,芝3900,良,,(美),青木孝文,4239,-1.2,3,2,1,13.5,516,0,
,"2024. 3. 9",阪神,1阪5,1勝,１勝ｸﾗｽ・牝,8,12,サラサハウプリティ,牝,4,菱田裕二, 56 ,12,1,１, ,ダ1400,良,,(栗),岡田稲男,1253,-0.5,,3,2,38.1,436,-6,
,"2024. 3. 9",阪神,1阪5,1勝,１勝ｸﾗｽ,3,3,シャンデルナゴル,牡,4,ムルザバ, 58 ,10,2,１, ,ダ1800,良,,(栗),石坂公一,1562,-0.1,2,2,1,37.1,482,0,
,"2024. 3. 9",阪神,1阪5,未勝利,未勝利,4,7,リラボニート,牝,3,浜中俊, 55 ,15,6,１, 外,芝1600,良,,(栗),須貝尚介,1356,-0.0,,4,4,34.2,470,-6,
,"2024. 3. 9",阪神,1阪5,未勝利,未勝利・牝,8,13,パレハ,牝,3,鮫島克駿, 55 ,13,5,１, 内,芝2000,良,,(栗),新谷功一,2029,-0.1,1,1,1,35.3,428,-4,
,"2024. 3. 9",阪神,1阪5,未勝利,未勝利,6,11,メイショウミシガン,牡,3,酒井学, 57 ,16,4,１, ,ダ1400,良,,(栗),鮫島一歩,1260,-0.5,,2,1,38.2,462,+12,
,"2024. 3. 9",阪神,1阪5,未勝利,未勝利,5,6,カールスタード,牡,3,ムルザバ, 57 ,12,1,１, ,ダ1800,良,,(栗),吉岡辰弥,1569,-0.2,3,2,2,39.6,490,+2,B
,"2024. 3. 9",阪神,1阪5,未勝利,未勝利・牝,7,14,ルミナスサンライズ,牝,3,和田竜二, 55 ,16,5,１, ,ダ1200,良,,(栗),浜田多実,1143,-0.1,,7,5,38.0,450,-8,
,"2024. 3. 3",阪神,1阪4,2勝,２勝ｸﾗｽ,5,9,ジュストコル,牡,6,古川奈穂,54★,15,4,１, ,ダ1400,良,*,(栗),大久保龍,1243,-0.1,,2,2,37.7,512,0,B
,"2024. 3. 3",阪神,1阪4,OP(L),大阪城Ｈ(L),3,4,ステラヴェローチェ,牡,6,酒井学,58.5,15,5,１, 外,芝1800,良,,(栗),須貝尚介,1454,-0.0,,3,3,34.5,510,+4,
,"2024. 3. 3",阪神,1阪4,3勝,戎橋ＳＨ･3勝,6,9,レイベリング,牡,4,和田竜二, 57 ,14,2,１, 内,芝1400,良,,(美),鹿戸雄一,1207,-0.0,,5,5,34.2,478,-10,
,"2024. 3. 3",阪神,1阪4,2勝,２勝ｸﾗｽ,6,7,カネトシブルーム,牡,5,岩田康誠, 58 ,12,1,１, ,ダ1800,良,,(栗),大橋勇樹,1529,-0.3,2,2,2,37.6,522,0,
,"2024. 3. 3",阪神,1阪4,1勝,アルメリ･1勝,7,7,ギャンブルルーム,牡,3,ムルザバ, 57 ,7,1,１, 外,芝1800,良,,(栗),大久保龍,1480,-0.0,,2,2,34.5,490,-6,
,"2024. 3. 3",阪神,1阪4,1勝,１勝ｸﾗｽ,2,2,ルクスビッグスター,牡,4,岩田望来, 58 ,6,3,１, 内,芝2000,良,,(栗),清水久詞,2019,-0.1,3,3,3,34.6,476,+2,
,"2024. 3. 3",阪神,1阪4,1勝,１勝ｸﾗｽ,6,6,ドンアチェカ,牡,4,岩田望来, 58 ,8,4,１, ,ダ1800,稍,,(栗),千田輝彦,1545,-0.3,2,2,2,38.9,478,-8,
,"2024. 3. 3",阪神,1阪4,1勝,１勝ｸﾗｽ・牝*,2,2,ラヴオントップ,牝,3,坂井瑠星, 55 ,11,1,１, ,ダ1400,稍,,(栗),西村真幸,1256,-0.7,,2,1,39.0,488,+10,
,"2024. 3. 3",阪神,1阪4,未勝利,未勝利,4,6,ジュンヴァンケット,牡,3,岩田望来, 57 ,15,3,１, 外,芝1600,良,,(栗),友道康夫,1348,-0.9,,10,8,33.4,464,,
,"2024. 3. 3",阪神,1阪4,未勝利,未勝利,3,6,マイティマイティー,牡,3,坂井瑠星, 57 ,16,1,１, ,ダ1400,稍,,(栗),佐々木晶,1255,-0.0,,2,2,37.8,480,-4,
,"2024. 3. 3",阪神,1阪4,未勝利,未勝利,3,4,タキ,牡,3,松山弘平, 57 ,15,4,１, ,ダ1800,稍,,(栗),安田隆行,1550,-0.7,5,5,4,38.6,432,0,
,"2024. 3. 3",阪神,1阪4,未勝利,未勝利,3,5,ピストンボーイ,牡,3,松山弘平, 57 ,16,1,１, ,ダ1200,稍,,(栗),池添学,1129,-1.1,,1,1,36.9,498,-4,B
,"2024. 3. 2",阪神,1阪3,2勝,２勝ｸﾗｽ,7,11,ジョウショーホープ,牡,4,ルメール, 58 ,13,1,１, 内,芝1400,稍,,(栗),新谷功一,1208,-0.1,,4,4,34.7,486,+10,
,"2024. 3. 2",阪神,1阪3,Ｇ２,チューリG2,3,6,スウィープフィート,牝,3,武豊, 55 ,16,5,１, 外,芝1600,稍,,(栗),庄野靖志,1331,-0.2,,14,14,34.3,466,+4,
,"2024. 3. 2",阪神,1阪3,3勝,なにわＳ･3勝,2,3,コパノパサディナ,牡,4,ルメール, 58 ,16,2,１, ,ダ1200,稍,,(栗),村山明,1110,-0.1,,3,4,36.2,522,0,
,"2024. 3. 2",阪神,1阪3,2勝,千里山特･2勝,8,8,アスクオンディープ,セ,5,角田大河, 58 ,8,3,１, 内,芝2000,稍,,(栗),河内洋,2002,-0.1,1,1,1,36.4,494,-4,
,"2024. 3. 2",阪神,1阪3,1勝,１勝ｸﾗｽ,6,10,シゲルソロソロ,牝,4,鮫島克駿, 56 ,14,1,１, ,ダ1400,稍,,(栗),谷潔,1247,-0.4,,8,9,36.7,472,0,
,"2024. 3. 2",阪神,1阪3,1勝,１勝ｸﾗｽ,2,2,ジョウショーパワー,牡,4,和田竜二, 58 ,8,4,１, ,ダ2000,稍,,(栗),中尾秀正,2075,-0.2,5,4,4,37.4,474,+8,
,"2024. 3. 2",阪神,1阪3,1勝,１勝ｸﾗｽ*,5,5,ハビレ,牡,3,ルメール, 57 ,6,1,１, ,ダ1800,稍,,(美),武井亮,1525,-0.1,3,3,3,37.8,498,0,
,"2024. 3. 2",阪神,1阪3,未勝利,未勝利,7,10,ヴィスマール,牡,3,ムルザバ, 57 ,12,1,１, 内,芝2200,稍,,(栗),奥村豊,2161,-0.1,7,7,6,36.5,450,+2,
,"2024. 3. 2",阪神,1阪3,未勝利,未勝利,3,5,ラウダブル,牡,3,西村淳也, 57 ,18,8,１, 外,芝1800,稍,,(栗),池江泰寿,1480,-0.0,,1,1,35.8,510,+8,
,"2024. 3. 2",阪神,1阪3,未勝利,未勝利,5,7,エアサンサーラ,牡,3,ムルザバ, 57 ,14,1,１, ,ダ1800,重,,(栗),辻野泰之,1557,-0.2,6,6,7,38.4,584,-2,
,"2024. 3. 2",阪神,1阪3,未勝利,未勝利,4,6,レッドリベルタ,牡,3,田辺裕信, 57 ,15,4,１, ,ダ1400,重,*,(栗),庄野靖志,1262,-0.0,,9,8,38.3,446,0,
,"2024. 3. 2",阪神,1阪3,未勝利,未勝利・牝,8,12,アキミューミュー,牝,3,ムルザバ, 55 ,12,3,１, ,ダ1800,重,,(栗),安田隆行,1558,-0.1,3,3,3,38.5,458,-2,
,"2024. 2.25",阪神,1阪2,1勝,１勝ｸﾗｽ,4,6,サクハル,牡,5,長岡禎仁, 58 ,15,8,１, ,ダ1200,不,,(栗),今野貞一,1110,-0.4,,2,1,36.3,504,+10,
,"2024. 2.25",阪神,1阪2,Ｇ３,阪急杯G3,1,1,ウインマーベル,牡,5,松山弘平, 58 ,18,1,１, 内,芝1400,重,,(美),深山雅史,1212,-0.0,,4,4,35.6,476,-4,B
,"2024. 2.25",阪神,1阪2,OP(L),マーガレ(L),4,4,ナナオ,牝,3,和田竜二, 56 ,11,2,１, 内,芝1200,重,,(栗),小栗実,1094,-0.4,,2,2,35.1,422,0,
,"2024. 2.25",阪神,1阪2,3勝,松籟ＳＨ･3勝,6,7,ゴールドプリンセス,牝,4,松山弘平, 53 ,12,2,１, 内,芝3000,重,,(栗),寺島良,3073,-0.2,7,6,5,36.9,478,0,
,"2024. 2.25",阪神,1阪2,2勝,２勝ｸﾗｽ・牝,2,2,ヘニータイフーン,牝,4,松山弘平, 55 ,10,1,１, ,ダ1800,不,,(栗),中村直也,1520,-0.1,2,3,3,35.9,488,+2,
,"2024. 2.25",阪神,1阪2,2勝,２勝ｸﾗｽ,4,4,ケイアイサンデラ,牡,4,池添謙一, 57 ,7,1,１, 外,芝2400,重,,(栗),小林真也,2277,-0.3,1,1,1,36.4,438,0,B
,"2024. 2.25",阪神,1阪2,1勝,１勝ｸﾗｽ,4,4,ネッケツシャチョウ,牡,4,荻野琢真, 57 ,10,1,１, ,ダ1800,不,,(栗),藤沢則雄,1518,-0.3,7,7,6,36.7,548,-6,
,"2024. 2.25",阪神,1阪2,1勝,１勝ｸﾗｽ*,7,8,ネグレスコ,牝,3,ルメート, 55 ,10,4,１, ,ダ1200,不,,(栗),西園正都,1112,-0.0,,2,2,35.7,488,0,
,"2024. 2.25",阪神,1阪2,未勝利,未勝利,7,14,サロニコス,牝,3,ムルザバ, 55 ,18,1,１, 外,芝1600,重,,(栗),松下武士,1358,-0.3,,9,7,35.3,444,+6,
,"2024. 2.25",阪神,1阪2,未勝利,未勝利,6,7,サンライズウェーヴ,牡,3,藤岡康太, 57 ,11,7,１, ,ダ2000,不,,(栗),石坂公一,2064,-0.1,9,4,4,38.6,492,-6,
,"2024. 2.25",阪神,1阪2,未勝利,未勝利,8,14,グランメドウ,牡,3,田口貫太,56☆,14,1,１, ,ダ1400,不,,(栗),藤岡健一,1242,-0.2,,2,2,37.5,536,-2,
,"2024. 2.25",阪神,1阪2,未勝利,未勝利・牝,7,10,スマートプレシャス,牝,3,田中健, 55 ,13,3,１, ,ダ1800,不,,(栗),中村直也,1526,-0.3,2,1,1,36.9,492,-2,
,"2024. 2.24",阪神,1阪1,2勝,２勝ｸﾗｽ,8,9,ウォータールグラン,牝,5,松山弘平, 56 ,10,7,１, 内,芝1200,良,,(栗),河内洋,1082,-0.3,,1,1,34.9,504,-8,B
,"2024. 2.24",阪神,1阪1,OP(L),仁川ＳＨ(L),7,14,ダイシンピスケス,牡,6,岩田望来, 55 ,16,6,１, ,ダ2000,稍,,(栗),森秀行,2048,-0.0,2,2,1,38.4,514,+2,
,"2024. 2.24",阪神,1阪1,3勝,伊丹Ｓ･3勝,5,7,サンデーファンデー,牡,4,松若風馬, 57 ,13,1,１, ,ダ1800,稍,,(栗),音無秀孝,1519,-0.4,2,2,2,36.6,518,-2,B
,"2024. 2.24",阪神,1阪1,OP(L),すみれＳ(L),8,9,サンライズアース,牡,3,Ｍ．デム, 57 ,10,7,１, 内,芝2200,良,,(栗),石坂公一,2120,-0.3,9,1,1,35.0,542,+4,
,"2024. 2.24",阪神,1阪1,2勝,２勝ｸﾗｽ,4,7,ゴッドセンド,牡,4,松山弘平, 58 ,16,5,１, ,ダ1200,稍,,(栗),浜田多実,1117,-0.4,,2,2,36.3,496,0,B
,"2024. 2.24",阪神,1阪1,1勝,１勝ｸﾗｽ,8,15,スイープアワーズ,牡,4,武豊, 58 ,17,4,１, 外,芝1600,稍,,(栗),友道康夫,1333,-0.1,,14,14,33.7,440,-4,
,"2024. 2.24",阪神,1阪1,1勝,１勝ｸﾗｽ・牝,7,9,プレッジ,牝,4,ルメート, 55 ,11,2,１, ,ダ1800,稍,,(栗),中内田充,1527,-0.6,2,2,1,37.9,472,+6,B
,"2024. 2.24",阪神,1阪1,未勝利,未勝利,6,9,シュガークン,牡,3,武豊, 57 ,13,1,１, 内,芝2000,稍,,(栗),清水久詞,2028,-0.2,5,4,2,34.5,504,-2,
,"2024. 2.24",阪神,1阪1,未勝利,未勝利,8,12,フラッシング,牡,3,Ｍ．デム, 57 ,12,1,１, ,ダ1800,稍,,(栗),牧浦充徳,1544,-0.0,6,4,4,38.0,476,-8,
,"2024. 2.24",阪神,1阪1,未勝利,未勝利,4,6,ローガンパス,牡,3,ムルザバ, 57 ,15,1,１, ,ダ1200,稍,,(栗),奥村豊,1125,-1.1,,1,1,36.5,484,0,
,"2024. 2.24",阪神,1阪1,未勝利,未勝利,6,7,ギマール,牡,3,岩田康誠, 57 ,11,4,１, ,ダ1800,稍,,(栗),上村洋行,1555,-0.2,4,4,4,39.3,458,-6,
,"2024. 2.24",阪神,1阪1,未勝利,未勝利・牝,6,11,ポマール,牝,3,ムルザバ, 55 ,16,3,１, ,ダ1400,稍,,(栗),小栗実,1259,-0.0,,2,2,37.8,442,+2,
,2023.12.28,阪神,5阪9,3勝,カウント･3勝,1,2,スコールユニバンス,牝,4,田口貫太, 56 ,16,8,１, 内,芝1200,良,,(栗),矢作芳人,1088,-0.1,,11,10,33.5,458,0,
,2023.12.28,阪神,5阪9,OP(L),ベテルギ(L),8,15,ペプチドナイル,牡,5,藤岡佑介, 59 ,15,2,１, ,ダ1800,良,,(栗),武英智,1521,-0.1,3,3,5,36.9,530,-4,B
,2023.12.28,阪神,5阪9,2勝,フォーチ･2勝,8,11,カネフラ,牡,3,永島まな, 57 ,11,7,１, 内,芝2000,良,,(栗),高橋康之,2000,-0.0,7,7,9,34.4,458,+8,
,2023.12.28,阪神,5阪9,2勝,春待月賞･2勝,8,16,ショウナンライシン,牡,3,川田将雅, 57 ,16,1,１, ,ダ1800,良,,(美),大竹正博,1535,-0.1,2,2,2,39.2,492,+2,
,2023.12.28,阪神,5阪9,1勝,１勝ｸﾗｽ,5,8,スピリットワールド,牡,4,角田大河,57☆,15,1,１, ,ダ1400,良,,(栗),石橋守,1251,-0.6,,2,2,37.1,530,+4,
,2023.12.28,阪神,5阪9,1勝,１勝ｸﾗｽ,7,11,サトノクローク,牡,3,西村淳也, 56 ,13,2,１, 外,芝2400,良,,(栗),橋口慎介,2259,-0.0,2,3,3,35.1,474,+12,
,2023.12.28,阪神,5阪9,1勝,１勝ｸﾗｽ*,6,6,バロンドール,牡,2,横山典弘, 56 ,9,3,１, ,ダ1800,良,,(栗),松永幹夫,1545,-0.3,7,7,7,37.6,524,0,
,2023.12.28,阪神,5阪9,新馬,新馬,4,5,ベラジオボンド,牡,2,岩田望来, 56 ,14,1,１, 外,芝1800,良,,(栗),上村洋行,1475,-0.5,,4,3,33.9,482,,
,2023.12.28,阪神,5阪9,未勝利,障害未勝利,6,10,ドンカルロ,牡,3,小野寺祐, 58 ,14,5,１, ,ダ2970,良,,(栗),高柳大輔,3210,-0.3,3,2,1,13.5,462,+2,
,2023.12.28,阪神,5阪9,未勝利,未勝利*,6,9,ジンセイ,牡,2,川田将雅, 56 ,14,1,１, 外,芝1800,良,,(栗),庄野靖志,1480,-0.3,,3,3,34.4,496,-8,
,2023.12.28,阪神,5阪9,未勝利,未勝利*,2,2,イリスアスール,牝,2,角田大和,54☆,14,1,１, 内,芝1200,良,,(栗),角田晃一,1099,-0.3,,1,1,34.9,450,-2,
,2023.12.28,阪神,5阪9,未勝利,未勝利*,2,3,クロダブシ,牡,2,永島まな,53▲,16,2,１, ,ダ1800,良,,(栗),松永幹夫,1560,-0.1,9,8,7,38.5,462,0,
,2023.12.24,阪神,5阪8,2勝,ジングル･2勝,6,10,アサカラキング,牡,3,斎藤新, 57 ,15,6,１, 内,芝1400,良,,(美),斎藤誠,1203,-0.5,,1,1,34.8,518,-2,
,2023.12.24,阪神,5阪8,ｵｰﾌﾟﾝ,りんくう,6,12,アームズレイン,牡,3,松若風馬, 56 ,16,4,１, ,ダ1200,良,,(栗),上村洋行,1112,-0.3,,8,7,35.8,510,+8,
,2023.12.24,阪神,5阪8,3勝,サンタク･3勝,6,8,セントカメリア,牝,4,北村友一, 56 ,13,5,１, 内,芝2000,良,,(栗),高野友和,1593,-0.3,9,9,9,33.8,452,-4,
,2023.12.24,阪神,5阪8,2勝,クリスマ･2勝,8,15,ダイシンピスケス,牡,5,団野大成, 58 ,16,1,１, ,ダ1800,良,,(栗),森秀行,1535,-0.7,1,1,1,38.6,518,+4,
,2023.12.24,阪神,5阪8,2勝,２勝ｸﾗｽ・牝,5,6,マラキナイア,牝,3,北村友一, 55 ,12,1,１, 外,芝1800,良,,(栗),吉岡辰弥,1456,-0.2,,5,3,33.3,444,+2,
,2023.12.24,阪神,5阪8,1勝,１勝ｸﾗｽ,8,11,サンマルパトロール,牡,3,Ｍ．デム, 57 ,11,1,１, ,ダ1800,良,,(栗),大橋勇樹,1546,-0.5,5,6,3,38.6,486,+4,
,2023.12.24,阪神,5阪8,新馬,新馬,4,8,スマートスピア,牡,2,荻野極, 56 ,18,4,１, 外,芝1600,良,,(栗),池江泰寿,1361,-0.1,,3,3,33.9,510,,
,2023.12.24,阪神,5阪8,未勝利,障害未勝利,7,11,ゴールドパラディン,牡,6,森一馬, 60 ,14,1,１, ,ダ2970,良,,(栗),吉岡辰弥,3209,-0.3,4,3,3,13.5,450,+2,
,2023.12.24,阪神,5阪8,新馬,新馬,4,7,ワキノノーブル,牝,2,幸英明, 55 ,16,3,１, ,ダ1400,良,,(栗),宮本博,1278,-0.2,,4,4,38.2,448,,
,2023.12.24,阪神,5阪8,未勝利,未勝利*,5,7,メイショウタバル,牡,2,浜中俊, 56 ,14,1,１, 内,芝2000,良,,(栗),石橋守,2006,-0.2,7,8,6,34.7,502,-2,
,2023.12.24,阪神,5阪8,未勝利,未勝利*,8,16,セシリエプラージュ,牝,2,藤岡康太, 55 ,16,2,１, 外,芝1600,良,,(栗),中村直也,1348,-0.0,,9,8,33.8,414,0,
,2023.12.24,阪神,5阪8,未勝利,未勝利*,4,7,メイショウトム,牡,2,西塚洸二,53▲,16,5,１, ,ダ1800,良,,(栗),河内洋,1563,-0.1,1,1,1,39.9,480,+2,
,2023.12.23,阪神,5阪7,1勝,１勝ｸﾗｽ,8,13,バトルハーデン,牡,3,坂井瑠星, 57 ,14,2,１, 外,芝1600,良,,(栗),矢作芳人,1341,-0.1,,2,2,33.4,524,+2,
,2023.12.23,阪神,5阪7,Ｇ２,阪神カッG2,2,4,ウインマーベル,牡,4,松山弘平, 58 ,17,4,１, 内,芝1400,良,,(美),深山雅史,1193,-0.1,,5,5,34.5,480,+6,B
,2023.12.23,阪神,5阪7,3勝,摩耶ＳＨ･3勝,3,6,ラインオブソウル,牡,4,松若風馬, 55 ,16,9,１, ,ダ1800,良,,(栗),音無秀孝,1522,-0.0,7,4,4,37.4,518,-8,
,2023.12.23,阪神,5阪7,1勝,万両賞･1勝*,5,7,ロゼフレア,牝,2,鮫島克駿, 55 ,13,5,１, 内,芝1400,良,,(栗),中村直也,1207,-0.1,,8,7,34.5,444,-4,
,2023.12.23,阪神,5阪7,2勝,２勝ｸﾗｽ,1,2,ペプチドタイガー,牡,3,川田将雅, 57 ,16,1,１, ,ダ1400,良,,(栗),吉村圭司,1243,-0.1,,3,4,36.9,462,+2,
,2023.12.23,阪神,5阪7,1勝,１勝ｸﾗｽ・牝,2,2,アンジュフィールド,牝,3,坂井瑠星, 55 ,8,1,１, ,ダ1800,良,,(栗),矢作芳人,1537,-1.4,1,1,1,38.5,464,0,
,2023.12.23,阪神,5阪7,新馬,新馬,8,16,マーシーラン,牝,2,河原田菜,51★,18,6,１, 内,芝1400,良,,(栗),渡辺薫彦,1210,-0.2,,3,3,34.3,458,,
,2023.12.23,阪神,5阪7,新馬,新馬,6,10,オーロラエックス,牝,2,松山弘平, 55 ,14,1,１, 内,芝2000,良,,(栗),杉山晴紀,2037,-0.1,7,9,4,34.7,482,,
,2023.12.23,阪神,5阪7,未勝利,未勝利*,4,6,クイーンズウォーク,牝,2,川田将雅, 55 ,14,1,１, 外,芝1800,良,,(栗),中内田充,1483,-0.3,,5,4,33.7,520,+2,
,2023.12.23,阪神,5阪7,未勝利,未勝利*,4,7,エートラックス,牡,2,ムルザバ, 56 ,16,2,１, ,ダ1400,良,,(栗),宮本博,1257,-0.0,,1,1,37.2,508,+12,
,2023.12.23,阪神,5阪7,未勝利,未勝利*,2,2,エコロエイト,牡,2,藤岡康太, 56 ,15,3,１, ,ダ1200,良,,(栗),須貝尚介,1136,-0.3,,4,3,37.8,498,0,
,2023.12.23,阪神,5阪7,未勝利,未勝利・牝*,5,8,ペイシャコパ,牝,2,吉田隼人, 55 ,14,4,１, ,ダ1800,良,,(栗),坂口智康,1552,-0.6,2,3,2,40.1,464,-2,
,2023.12.17,阪神,5阪6,3勝,御影Ｓ･3勝,6,11,エンペラーワケア,牡,3,川田将雅, 57 ,16,1,１, ,ダ1400,稍,,(栗),杉山晴紀,1234,-0.6,,3,2,37.2,534,+4,
,2023.12.17,阪神,5阪6,Ｇ１,フューチG1,2,3,ジャンタルマンタル,牡,2,川田将雅, 56 ,17,1,１, 外,芝1600,良,,(栗),高野友和,1338,-0.1,,7,4,34.8,490,0,
,2023.12.17,阪神,5阪6,3勝,六甲アＨ･3勝,7,14,ダノンティンパニー,牡,5,川田将雅, 57 ,18,1,１, 内,芝1400,良,,(栗),中内田充,1203,-0.3,,10,10,35.1,478,+4,
,2023.12.17,阪神,5阪6,2勝,高砂特別･2勝,7,9,メイショウイジゲン,牡,5,鮫島良太, 58 ,11,6,１, ,ダ1200,稍,*,(栗),牧浦充徳,1127,-0.2,,3,2,37.3,462,+2,
,2023.12.17,阪神,5阪6,2勝,２勝ｸﾗｽ・牝,8,14,スマートアンバー,牝,3,マーカン, 55 ,14,5,１, ,ダ1400,稍,,(栗),西園翔太,1254,-0.0,,8,8,38.3,470,-6,
,2023.12.17,阪神,5阪6,1勝,１勝ｸﾗｽ,3,3,チュウワハート,牡,3,坂井瑠星, 57 ,9,2,１, ,ダ1800,稍,,(栗),大久保龍,1537,-0.1,1,1,1,38.1,508,+4,
,2023.12.17,阪神,5阪6,未勝利,未勝利*,5,5,シンドリームシン,牡,2,ルメール, 56 ,12,2,１, 外,芝1600,稍,,(栗),武幸四郎,1354,-0.1,,10,9,35.3,480,-8,
,2023.12.17,阪神,5阪6,新馬,新馬,5,5,トップオブザロック,牡,2,Ｍ．デム, 56 ,10,6,１, 外,芝1800,稍,,(栗),石坂公一,1490,-0.0,,5,7,35.0,500,,
,2023.12.17,阪神,5阪6,新馬,新馬,5,5,タガノヒナタ,牝,2,松山弘平, 55 ,12,2,１, ,ダ1200,稍,,(栗),石橋守,1142,-0.0,,2,2,38.1,504,,
,2023.12.17,阪神,5阪6,未勝利,未勝利*,4,7,アレンジャー,牡,2,横山典弘, 56 ,15,2,１, 内,芝1400,稍,,(栗),昆貢,1223,-0.3,,7,8,35.6,464,0,
,2023.12.17,阪神,5阪6,未勝利,未勝利・牝*,7,13,ラビットアイ,牝,2,横山典弘, 55 ,16,4,１, 外,芝1800,稍,,(栗),鈴木孝志,1481,-0.8,,1,1,35.3,480,-10,
,2023.12.17,阪神,5阪6,未勝利,未勝利*,4,4,ポルポラジール,牡,2,坂井瑠星, 56 ,13,6,１, ,ダ1800,稍,,(栗),新谷功一,1561,-0.1,1,1,1,39.3,504,+14,
,2023.12.16,阪神,5阪5,1勝,１勝ｸﾗｽ,1,1,ワイドアラジン,牡,3,川田将雅, 57 ,11,1,１, 外,芝1800,稍,,(栗),奥村豊,1472,-0.4,,4,4,33.6,480,0,
,2023.12.16,阪神,5阪5,ｵｰﾌﾟﾝ,タンザナＨ,3,5,カルネアサーダ,牝,4,川須栄彦, 54 ,16,3,１, 内,芝1200,稍,,(栗),加用正,1085,-0.0,,1,1,34.6,464,+8,
,2023.12.16,阪神,5阪5,2勝,甲東特別･2勝,6,9,ディオ,牡,4,岩田望来, 58 ,14,2,１, 外,芝1600,稍,,(栗),辻野泰之,1337,-0.1,,5,3,34.9,506,+4,
,2023.12.16,阪神,5阪5,2勝,境港特別･2勝,6,12,ダディーズウォリア,牡,3,岩田望来, 57 ,16,3,１, ,ダ2000,稍,,(栗),千田輝彦,2057,-0.2,2,2,1,38.7,462,-4,
,2023.12.16,阪神,5阪5,1勝,１勝ｸﾗｽ,7,13,リュウ,牡,3,松山弘平, 57 ,16,1,１, ,ダ1200,稍,,(栗),上村洋行,1117,-0.0,,2,2,35.9,520,+2,
,2023.12.16,阪神,5阪5,未勝利,未勝利*,8,8,ウォーターリヒト,牡,2,幸英明, 56 ,8,4,１, 内,芝2000,稍,,(栗),河内洋,2037,-0.0,3,3,2,36.0,462,0,
,2023.12.16,阪神,5阪5,新馬,新馬,3,3,オウケンベリー,牝,2,坂井瑠星, 55 ,9,6,１, ,ダ1800,稍,,(栗),畑端省吾,1563,-0.3,2,2,2,40.1,472,,
,2023.12.16,阪神,5阪5,新馬,新馬,7,9,ラブコメディ,牝,2,岩田望来, 55 ,11,2,１, 内,芝1200,稍,,(栗),寺島良,1101,-0.2,,4,3,34.7,434,,
,2023.12.16,阪神,5阪5,ｵｰﾌﾟﾝ,障害・オープ,6,10,ナリノモンターニュ,牡,6,金子光希, 60 ,14,4,１, ,ダ3110,稍,,(美),上原博之,3287,-0.1,5,5,3,13.4,510,0,
,2023.12.16,阪神,5阪5,未勝利,未勝利*,8,16,ヴァンドーム,牡,2,岩田康誠, 56 ,16,6,１, ,ダ1400,稍,,(栗),安田翔伍,1257,-0.1,,13,11,37.3,490,+2,B
,2023.12.16,阪神,5阪5,未勝利,未勝利*,7,11,ヴィアダクト,牡,2,松山弘平, 56 ,13,3,１, ,ダ1800,稍,,(栗),吉村圭司,1554,-1.0,3,3,1,38.5,526,-12,
,2023.12.16,阪神,5阪5,未勝利,未勝利・牝*,1,1,クリノオリーブ,牝,2,幸英明, 55 ,16,1,１, ,ダ1400,稍,,(栗),谷潔,1261,-0.4,,1,1,39.0,458,0,
,2023.12.10,阪神,5阪4,2勝,夙川特Ｈ･2勝,7,11,ケイアイアニラ,牡,3,坂井瑠星, 56 ,13,1,１, ,ダ1400,良,,(栗),吉岡辰弥,1246,-0.7,,2,2,37.0,536,-2,
,2023.12.10,阪神,5阪4,Ｇ１,阪神ジュG1,4,7,アスコリピチェーノ,牝,2,北村宏司, 55 ,18,3,１, 外,芝1600,良,,(美),黒岩陽一,1326,-0.0,,8,8,33.7,468,-4,
,2023.12.10,阪神,5阪4,3勝,竹田城Ｓ･3勝,6,11,リチュアル,セ,4,団野大成, 58 ,16,6,１, ,ダ2000,良,,(栗),田中克典,2054,-0.1,5,2,1,38.7,518,+2,
,2023.12.10,阪神,5阪4,3勝,オリオン･3勝,6,7,ブレイヴロッカー,牡,3,藤岡康太, 56 ,11,6,１, 内,芝2200,良,,(栗),本田優,2127,-0.1,8,6,6,34.1,462,+2,
,2023.12.10,阪神,5阪4,2勝,２勝ｸﾗｽ,3,3,ウインルーティン,牡,3,マーカン, 56 ,8,1,１, 外,芝2400,良,,(栗),長谷川浩,2280,-0.0,2,2,2,33.4,472,+12,B
,2023.12.10,阪神,5阪4,1勝,１勝ｸﾗｽ,6,6,マーブルロック,牡,3,永島まな,54▲,9,5,１, ,ダ1800,良,,(栗),西園正都,1542,-0.6,1,1,1,37.0,502,-2,
,2023.12.10,阪神,5阪4,1勝,１勝ｸﾗｽ*,7,7,エコロガイア,牡,2,岩田望来, 56 ,7,2,１, ,ダ1200,良,,(栗),森秀行,1121,-0.2,,2,2,36.9,470,+6,
,2023.12.10,阪神,5阪4,新馬,新馬,2,2,ストーンズ,牡,2,モリス, 56 ,9,2,１, 内,芝2000,良,,(栗),友道康夫,2019,-0.0,2,3,3,34.8,500,,
,2023.12.10,阪神,5阪4,新馬,新馬・牝,4,8,チルカーノ,牝,2,ムルザバ, 55 ,17,5,１, 外,芝1600,良,,(栗),高野友和,1371,-0.2,,13,12,33.4,452,,
,2023.12.10,阪神,5阪4,未勝利,未勝利*,1,1,オベイユアマスター,牡,2,古川吉洋, 56 ,14,1,１, 内,芝1200,良,,(栗),昆貢,1095,-0.1,,5,5,35.0,442,0,B
,2023.12.10,阪神,5阪4,未勝利,未勝利*,5,5,ペプチドヒナタ,牡,2,坂井瑠星, 56 ,10,1,１, ,ダ1800,良,,(栗),武英智,1572,-0.3,2,2,2,40.2,480,+2,
,2023.12.10,阪神,5阪4,未勝利,未勝利*,3,5,ニホンピロカラット,牡,2,田口貫太,54△,15,4,１, ,ダ1400,良,,(栗),大橋勇樹,1264,-0.2,,2,2,38.0,496,+6,
,"2023.12. 9",阪神,5阪3,2勝,２勝ｸﾗｽ,4,4,プロスペリダード,牝,3,岩田望来, 55 ,12,1,１, 内,芝1200,良,,(栗),西園翔太,1087,-0.2,,1,1,34.1,448,+2,
,"2023.12. 9",阪神,5阪3,OP(L),リゲルＳ(L),5,7,マテンロウスカイ,セ,4,横山典弘, 57 ,13,3,１, 外,芝1600,良,*,(栗),松永幹夫,1330,-0.1,,2,2,33.3,488,-2,
,"2023.12. 9",阪神,5阪3,2勝,赤穂特別･2勝,6,10,サンライズジャスト,牡,4,藤岡康太, 58 ,15,3,１, ,ダ1800,良,,(栗),羽月友彦,1538,-0.1,13,13,9,37.5,538,+4,
,"2023.12. 9",阪神,5阪3,1勝,エリカ賞･1勝,3,3,メリオーレム,牡,2,川田将雅, 56 ,10,1,１, 内,芝2000,良,,(栗),友道康夫,2003,-0.1,3,3,3,35.2,482,+2,
,"2023.12. 9",阪神,5阪3,1勝,１勝ｸﾗｽ,1,1,トモジャケーヤ,牡,3,田口貫太,55△,16,1,１, ,ダ1400,良,,(栗),大根田裕,1250,-0.8,,3,3,37.3,526,+2,
,"2023.12. 9",阪神,5阪3,未勝利,未勝利*,8,10,ヴィレム,牡,2,ルメール, 56 ,10,1,１, 内,芝2000,良,,(栗),藤原英昭,2004,-0.1,2,2,2,35.6,526,-8,
,"2023.12. 9",阪神,5阪3,新馬,新馬,2,2,エーデル,牝,2,岩田康誠, 55 ,9,7,１, ,ダ1800,良,,(美),金成貴史,1564,-0.1,6,9,7,37.1,462,,
,"2023.12. 9",阪神,5阪3,新馬,新馬,3,3,ノボリショウリュウ,牡,2,角田大河,55☆,12,6,１, 内,芝1400,良,*,(栗),石橋守,1222,-0.1,,2,2,35.8,456,,
,"2023.12. 9",阪神,5阪3,ｵｰﾌﾟﾝ,障害・オープ,3,3,セブンデイズ,牡,5,上野翔, 60 ,12,2,１, ,ダ3110,良,,(美),田中博康,3278,-0.3,3,4,4,13.4,494,+2,
,"2023.12. 9",阪神,5阪3,未勝利,未勝利*,4,5,ペプチドシュチク,牡,2,坂井瑠星, 56 ,13,2,１, ,ダ1200,良,,(栗),武英智,1133,-0.0,,2,2,37.5,484,0,B
,"2023.12. 9",阪神,5阪3,未勝利,未勝利*,3,3,キャプテンシー,牡,2,松山弘平, 56 ,9,1,１, 外,芝1600,良,,(栗),松永幹夫,1338,-0.3,,1,1,34.0,462,-4,
,"2023.12. 9",阪神,5阪3,未勝利,未勝利・牝*,6,6,バガリーロータス,牝,2,田口貫太,53△,7,4,１, ,ダ1800,良,,(栗),石坂公一,1570,-0.0,1,1,1,38.0,448,-4,
,"2023.12. 3",阪神,5阪2,2勝,２勝ｸﾗｽ,3,5,トラベログ,牝,3,藤岡佑介, 55 ,15,2,１, 内,芝1400,良,,(美),岩戸孝樹,1200,-0.1,,1,1,35.3,458,-2,
,"2023.12. 3",阪神,5阪2,ｵｰﾌﾟﾝ,ギャラクＨ,4,4,マルモリスペシャル,牡,4,田口貫太, 55 ,13,8,１, ,ダ1400,良,,(栗),大橋勇樹,1237,-0.0,,5,4,37.0,544,+2,
,"2023.12. 3",阪神,5阪2,3勝,元町ＳＨ･3勝,7,14,コレペティトール,牡,3,岩田康誠, 55 ,17,9,１, 外,芝1800,良,,(栗),中竹和也,1442,-0.1,,15,16,34.0,482,+12,
,"2023.12. 3",阪神,5阪2,2勝,豊中特別･2勝,2,3,ロードアヴニール,牡,3,団野大成, 57 ,16,1,１, ,ダ1800,良,,(栗),野中賢二,1541,-0.3,6,7,7,37.7,492,+2,
,"2023.12. 3",阪神,5阪2,2勝,２勝ｸﾗｽ,7,14,ゼットレヨン,牡,4,酒井学, 58 ,16,3,１, ,ダ1200,良,,(栗),吉田直弘,1121,-0.3,,5,4,36.6,494,+12,
,"2023.12. 3",阪神,5阪2,1勝,１勝ｸﾗｽ,7,8,ゴートゥファースト,牡,3,角田大河,56☆,11,5,１, 外,芝1800,良,,(栗),新谷功一,1460,-0.4,,2,2,34.5,486,0,
,"2023.12. 3",阪神,5阪2,新馬,新馬,5,6,モズパシュート,牡,2,亀田温心, 56 ,12,3,１, ,ダ1400,良,,(栗),田中克典,1273,-0.3,,2,2,39.1,514,,
,"2023.12. 3",阪神,5阪2,新馬,新馬,1,1,サトノエンパイア,牡,2,北村友一, 56 ,9,1,１, 外,芝1600,良,,(栗),藤原英昭,1382,-0.1,,2,2,34.3,436,,
,"2023.12. 3",阪神,5阪2,未勝利,障害未勝利,4,4,スワヤンブナート,セ,4,小野寺祐, 60 ,11,2,１, ,ダ2970,良,,(栗),坂口智康,3211,-0.5,4,4,2,13.5,520,0,
,"2023.12. 3",阪神,5阪2,未勝利,未勝利・牝*,4,6,ソーニャシュニク,牝,2,今村聖奈,52▲,15,4,１, ,ダ1400,良,,(美),武井亮,1266,-0.6,,2,2,39.4,460,-4,
,"2023.12. 3",阪神,5阪2,未勝利,未勝利*,4,4,クランフォード,牝,2,西村淳也, 55 ,11,1,１, 内,芝1400,良,,(栗),杉山晴紀,1211,-0.3,,2,2,35.3,456,-10,
,"2023.12. 3",阪神,5阪2,未勝利,未勝利*,7,11,アリエスキング,牡,2,田口貫太,54△,13,1,１, ,ダ1800,良,,(栗),庄野靖志,1559,-0.2,4,4,4,38.9,448,-4,
,"2023.12. 2",阪神,5阪1,2勝,２勝ｸﾗｽ,7,8,グランヴィノス,牡,3,川田将雅, 57 ,10,1,１, 外,芝1800,良,,(栗),友道康夫,1452,-0.2,,8,9,33.6,522,+10,
,"2023.12. 2",阪神,5阪1,Ｇ３,チャレンG3,4,5,ベラジオオペラ,牡,3,横山和生, 57 ,13,3,１, 内,芝2000,良,,(栗),上村洋行,1588,-0.0,6,5,5,34.7,514,+20,
,"2023.12. 2",阪神,5阪1,3勝,妙見山Ｓ･3勝,4,7,タイセイブレイズ,牡,5,西村淳也, 58 ,16,2,１, ,ダ1200,良,,(栗),牧浦充徳,1114,-0.3,,7,7,36.1,480,+6,
,"2023.12. 2",阪神,5阪1,1勝,さざんか･1勝,8,10,ジャスパーノワール,牡,2,団野大成, 56 ,10,3,１, 内,芝1200,良,,(栗),森秀行,1085,-0.0,,2,2,35.6,514,+6,
,"2023.12. 2",阪神,5阪1,1勝,１勝ｸﾗｽ,4,4,ダノンフロイデ,牡,4,モレイラ, 58 ,10,1,１, ,ダ1800,良,,(栗),藤原英昭,1541,-0.4,3,3,3,38.1,490,+2,
,"2023.12. 2",阪神,5阪1,1勝,１勝ｸﾗｽ・牝,8,13,ラブリアージェ,牝,4,横山和生, 56 ,13,3,１, ,ダ1200,良,,(栗),昆貢,1122,-0.6,,3,3,36.9,474,0,
,"2023.12. 2",阪神,5阪1,新馬,新馬,7,9,モンブランミノル,牡,2,松山弘平, 56 ,11,2,１, ,ダ1800,良,,(栗),小栗実,1571,-0.2,2,3,2,38.8,494,,
,"2023.12. 2",阪神,5阪1,新馬,新馬,5,5,ビザンチンドリーム,牡,2,ムルザバ, 56 ,12,2,１, 内,芝2000,良,,(栗),坂口智康,2014,-0.5,9,8,8,33.9,458,,
,"2023.12. 2",阪神,5阪1,未勝利,未勝利*,7,7,ブラーヴイストワル,牡,2,ルメール, 56 ,10,1,１, 外,芝1800,良,*,(栗),池江泰寿,1486,-0.2,,1,1,33.9,504,-2,
,"2023.12. 2",阪神,5阪1,未勝利,未勝利・牝*,4,4,ルミッキ,牝,2,坂井瑠星, 55 ,10,7,１, 外,芝1600,良,,(栗),加用正,1342,-0.2,,3,3,34.1,464,-2,
,"2023.12. 2",阪神,5阪1,未勝利,未勝利*,5,5,デトネイション,牡,2,角田大河,55☆,9,3,１, ,ダ1800,良,,(栗),石橋守,1558,-0.3,3,3,2,37.9,510,-8,
,"2023.12. 2",阪神,5阪1,未勝利,未勝利*,7,9,モンシェリ,牝,2,西村淳也, 55 ,12,1,１, ,ダ1200,良,,(栗),牧田和弥,1145,-0.2,,2,2,36.9,458,+4,
,"2023.10. 1",阪神,4阪9,2勝,２勝ｸﾗｽ,7,14,マイネルプロンプト,セ,11,田口貫太,55▲,16,12,１, ,ダ1400,重,,(栗),坂口智康,1239,-0.1,,7,8,36.9,482,-4,
,"2023.10. 1",阪神,4阪9,OP(L),ポートア(L),8,9,ドーブネ,牡,4,吉田隼人, 57 ,9,1,１, 外,芝1600,稍,,(栗),武幸四郎,1335,-0.1,,2,2,33.5,476,+2,
,"2023.10. 1",阪神,4阪9,3勝,堺Ｓ･3勝,5,6,ホウオウルーレット,牡,4,岩田康誠, 58 ,12,5,１, ,ダ1800,重,,(美),栗田徹,1513,-0.1,11,11,11,35.9,494,-4,
,"2023.10. 1",阪神,4阪9,2勝,武田尾特･2勝,6,7,ヨリマル,牡,3,藤岡康太, 55 ,12,2,１, 外,芝1800,稍,,(栗),上村洋行,1463,-0.0,,7,7,33.7,498,0,
,"2023.10. 1",阪神,4阪9,2勝,２勝ｸﾗｽ,4,4,アオイイーグル,牡,3,岩田望来, 55 ,13,1,１, ,ダ2000,重,,(栗),大久保龍,2043,-0.2,7,8,5,37.0,484,-2,
,"2023.10. 1",阪神,4阪9,1勝,１勝ｸﾗｽ,7,10,モズロックンロール,牡,3,角田大和,54☆,12,2,１, 内,芝2000,稍,,(栗),藤岡健一,2005,-0.0,4,3,2,34.6,522,+8,
,"2023.10. 1",阪神,4阪9,1勝,１勝ｸﾗｽ,1,2,アルナージェイン,牝,3,岩田康誠, 54 ,16,2,１, 外,芝1600,稍,,(栗),奥村豊,1337,-0.1,,9,8,33.3,492,+8,
,"2023.10. 1",阪神,4阪9,新馬,新馬,8,8,カズゴルティス,牡,2,和田竜二, 55 ,9,3,１, 内,芝2000,稍,,(栗),杉山晴紀,2021,-0.0,1,1,1,35.2,512,,
,"2023.10. 1",阪神,4阪9,1勝,１勝ｸﾗｽ,8,11,カレンマックナイト,牡,4,藤懸貴志, 58 ,12,2,１, ,ダ1800,不,,(栗),平田修,1515,-0.1,8,2,2,38.5,440,0,
,"2023.10. 1",阪神,4阪9,新馬,新馬,1,1,メイショウホウレン,牡,2,吉田隼人, 55 ,13,2,１, ,ダ1200,不,,(栗),安達昭夫,1124,-0.9,,1,1,36.0,496,,
,"2023.10. 1",阪神,4阪9,未勝利,未勝利*,6,7,アスティスプマンテ,牝,2,三浦皇成, 55 ,11,3,１, 内,芝1400,重,,(栗),杉山晴紀,1231,-0.2,,2,1,34.9,418,-6,
,"2023.10. 1",阪神,4阪9,未勝利,未勝利・牝*,7,12,オウバイトウリ,牝,2,藤岡康太, 55 ,15,2,１, ,ダ1400,不,,(栗),武幸四郎,1254,-0.3,,4,4,38.2,476,-6,
,"2023. 9.30",阪神,4阪8,1勝,１勝ｸﾗｽ,7,14,ヤマイチエスポ,牝,4,田口貫太,53▲,16,7,１, ,ダ1400,良,,(栗),中尾秀正,1252,-0.1,,5,7,36.8,470,-4,
,"2023. 9.30",阪神,4阪8,Ｇ３,シリウスＨG3,8,14,ハギノアレグリアス,牡,6,岩田望来,58.5,14,1,１, ,ダ2000,良,,(栗),四位洋文,2044,-0.2,8,7,6,36.9,490,+2,
,"2023. 9.30",阪神,4阪8,3勝,西宮Ｓ･3勝,1,1,リカンカブール,牡,4,武豊, 58 ,16,4,１, 内,芝2000,良,,(栗),田中克典,1583,-0.0,12,13,12,33.8,494,0,
,"2023. 9.30",阪神,4阪8,1勝,ヤマボウ･1勝,1,1,サトノフェニックス,牡,2,和田竜二, 55 ,9,2,１, ,ダ1400,良,,(栗),西園正都,1258,-0.0,,6,4,37.9,488,+12,
,"2023. 9.30",阪神,4阪8,2勝,２勝ｸﾗｽ,5,9,ジューンオレンジ,牝,3,富田暁, 54 ,17,3,１, 内,芝1400,良,,(栗),長谷川浩,1209,-0.2,,5,4,33.9,456,-6,
,"2023. 9.30",阪神,4阪8,1勝,１勝ｸﾗｽ,7,7,ウインルーティン,牡,3,川田将雅, 55 ,8,1,１, 外,芝2600,良,,(栗),長谷川浩,2367,-0.0,4,5,4,35.1,460,-2,B
,"2023. 9.30",阪神,4阪8,1勝,１勝ｸﾗｽ・牝,8,10,ガウラ,牝,3,和田竜二, 53 ,11,3,１, ,ダ1800,良,,(栗),鈴木孝志,1544,-0.3,2,1,1,37.4,478,-2,
,"2023. 9.30",阪神,4阪8,新馬,新馬,4,4,サイレント,牝,2,松山弘平, 55 ,12,3,１, 外,芝1800,良,,(栗),杉山晴紀,1472,-0.2,,1,1,34.9,468,,
,"2023. 9.30",阪神,4阪8,新馬,新馬,3,6,ダノンマッキンリー,牡,2,川田将雅, 55 ,18,1,１, 内,芝1400,良,,(栗),藤原英昭,1212,-0.2,,2,2,35.0,464,,
,"2023. 9.30",阪神,4阪8,未勝利,未勝利*,1,1,サフィラ,牝,2,松山弘平, 55 ,6,1,１, 外,芝1800,良,,(栗),池添学,1479,-0.6,,5,4,33.7,446,-8,
,"2023. 9.30",阪神,4阪8,未勝利,未勝利*,5,5,カネトシゴウト,牡,2,田口貫太,52▲,8,2,１, ,ダ1200,良,,(栗),大橋勇樹,1133,-0.0,,1,1,37.5,452,0,
,"2023. 9.30",阪神,4阪8,未勝利,未勝利*,1,1,ノットイナフ,牡,2,和田竜二, 55 ,13,2,１, ,ダ1800,良,*,(栗),浜田多実,1548,-0.4,2,2,1,39.1,458,+2,
,"2023. 9.24",阪神,4阪7,2勝,２勝ｸﾗｽ,2,2,パラシュラーマ,牡,3,岩田望来, 56 ,15,2,１, ,ダ1200,良,,(栗),浜田多実,1118,-0.2,,2,2,36.0,480,+14,
,"2023. 9.24",阪神,4阪7,Ｇ２,神戸新聞G2,3,3,サトノグランツ,牡,3,川田将雅, 56 ,13,3,１, 外,芝2400,良,,(栗),友道康夫,2235,-0.0,7,7,8,33.1,492,+2,
,"2023. 9.24",阪神,4阪7,3勝,道頓堀Ｈ･3勝,3,6,グレイトゲイナー,牡,6,池添謙一, 56 ,16,15,１, 内,芝1200,良,*,(栗),森秀行,1079,-0.0,,2,2,33.2,476,+6,
,"2023. 9.24",阪神,4阪7,2勝,夕月特別･2勝,1,1,ミッキーゴージャス,牝,3,川田将雅, 53 ,11,1,１, 内,芝2000,良,,(栗),安田隆行,1588,-0.1,6,5,5,34.1,448,0,
,"2023. 9.24",阪神,4阪7,1勝,１勝ｸﾗｽ,1,1,バリアントバイオ,牡,3,松山弘平, 55 ,12,1,１, ,ダ1800,良,,(栗),今野貞一,1526,-0.5,3,6,4,36.8,518,+10,
,"2023. 9.24",阪神,4阪7,1勝,１勝ｸﾗｽ,8,18,シンプリーオーサム,牡,3,川田将雅, 56 ,18,2,１, 内,芝1400,良,,(栗),吉岡辰弥,1204,-0.1,,5,5,34.8,546,+8,
,"2023. 9.24",阪神,4阪7,1勝,１勝ｸﾗｽ・牝,7,13,シモズル,牝,3,角田大河,53☆,16,1,１, ,ダ1400,良,,(栗),石橋守,1253,-0.2,,2,2,37.4,502,+18,
,"2023. 9.24",阪神,4阪7,新馬,新馬,3,3,ショウナンラプンタ,牡,2,鮫島克駿, 55 ,7,4,１, 内,芝2000,良,,(栗),高野友和,2013,-0.4,4,6,4,34.3,520,,
,"2023. 9.24",阪神,4阪7,新馬,新馬,1,1,ソニックスター,牡,2,川田将雅, 55 ,8,1,１, ,ダ1800,良,,(美),木村哲也,1565,-0.6,6,4,4,37.5,550,,
,"2023. 9.24",阪神,4阪7,未勝利,未勝利*,1,1,オコタンペ,牡,2,川田将雅, 55 ,13,1,１, ,ダ1400,良,,(栗),須貝尚介,1262,-0.2,,4,4,38.6,486,+10,
,"2023. 9.24",阪神,4阪7,未勝利,未勝利*,8,9,ナムラエイハブ,牡,2,和田竜二, 55 ,10,2,１, 外,芝1600,良,,(栗),長谷川浩,1347,-0.6,,5,3,33.6,502,+16,
,"2023. 9.24",阪神,4阪7,未勝利,障害未勝利,7,7,キスラー,牡,7,小牧加矢,59☆,10,1,１, ,ダ2970,良,,(栗),池江泰寿,3206,-0.4,4,2,2,13.5,496,+8,
,"2023. 9.23",阪神,4阪6,2勝,２勝ｸﾗｽ,5,9,オーサムリザルト,牝,3,武豊, 53 ,16,1,１, ,ダ1800,稍,,(栗),池江泰寿,1526,-0.2,6,6,3,37.6,498,-2,
,"2023. 9.23",阪神,4阪6,3勝,大阪スポ･3勝,8,14,サンライズフレイム,牡,3,藤岡康太, 56 ,14,2,１, ,ダ1400,稍,,(栗),石坂公一,1237,-0.0,,8,7,36.5,506,-6,
,"2023. 9.23",阪神,4阪6,2勝,北摂特別･2勝,3,6,バースクライ,牝,3,岩田望来, 54 ,16,2,１, 内,芝1200,良,,(栗),千田輝彦,1081,-0.1,,5,5,33.4,486,+4,
,"2023. 9.23",阪神,4阪6,1勝,１勝ｸﾗｽ,5,9,ディキシーガンナー,牡,3,川田将雅, 56 ,16,1,１, ,ダ1200,稍,,(栗),中内田充,1116,-0.2,,11,11,36.1,494,0,
,"2023. 9.23",阪神,4阪6,ｵｰﾌﾟﾝ,野路菊Ｓ,7,7,ヴェロキラプトル,牡,2,鮫島克駿, 55 ,7,2,１, 外,芝1800,良,,(栗),高野友和,1460,-0.1,,4,3,35.0,454,-4,
,"2023. 9.23",阪神,4阪6,1勝,１勝ｸﾗｽ,7,12,ドクタードリトル,牡,3,松山弘平, 55 ,14,1,１, 外,芝1800,良,,(栗),今野貞一,1448,-0.0,,9,7,33.6,458,0,
,"2023. 9.23",阪神,4阪6,1勝,１勝ｸﾗｽ,7,9,ホウオウカブキ,牡,3,坂井瑠星, 55 ,11,1,１, ,ダ1800,稍,,(美),田中博康,1528,-0.6,2,2,2,36.8,480,+6,B
,"2023. 9.23",阪神,4阪6,新馬,新馬,6,8,アルバニー,牝,2,団野大成, 55 ,13,2,１, 外,芝1600,良,,(栗),斉藤崇史,1346,-0.0,,7,7,33.9,454,,
,"2023. 9.23",阪神,4阪6,新馬,新馬・牝,6,10,クリノファンタジア,牝,2,河原田菜,51★,14,7,１, ,ダ1400,稍,,(栗),石橋守,1255,-1.3,,1,1,39.1,494,,
,"2023. 9.23",阪神,4阪6,未勝利,未勝利*,8,9,ミラキュラスドラマ,牡,2,Ｍ．デム, 55 ,10,1,１, 内,芝2000,良,,(栗),杉山晴紀,2013,-0.4,2,3,3,35.8,452,-2,
,"2023. 9.23",阪神,4阪6,未勝利,未勝利*,7,8,エトヴプレ,牝,2,藤岡佑介, 55 ,10,1,１, 内,芝1200,良,,(栗),藤岡健一,1089,-0.3,,2,2,34.4,458,0,
,"2023. 9.23",阪神,4阪6,未勝利,未勝利*,1,1,サンライズジパング,牡,2,武豊, 55 ,12,1,１, ,ダ1800,稍,,(栗),音無秀孝,1541,-0.7,4,3,3,38.7,514,+12,
,"2023. 9.18",阪神,4阪5,1勝,１勝ｸﾗｽ,5,10,グランデフィオーレ,牝,5,鮫島克駿, 56 ,16,1,１, ,ダ1200,良,,(栗),西園翔太,1128,-0.0,,3,3,37.3,468,+4,
,"2023. 9.18",阪神,4阪5,3勝,JRAアＨ･3勝,5,10,セラフィックコール,牡,3,Ｍ．デム, 54 ,16,1,１, ,ダ1800,良,,(栗),寺島良,1524,-0.6,14,10,4,37.4,530,+10,
,"2023. 9.18",阪神,4阪5,2勝,ロード･2勝,2,2,ジュンブロッサム,牡,4,川田将雅, 58 ,10,1,１, 外,芝1600,良,,(栗),友道康夫,1318,-0.2,,6,5,32.6,466,0,
,"2023. 9.18",阪神,4阪5,1勝,生田特別･1勝,4,5,バロッサヴァレー,牝,3,鮫島克駿, 53 ,14,3,１, 外,芝2400,良,,(栗),高野友和,2250,-0.3,2,2,2,34.3,460,+2,
,"2023. 9.18",阪神,4阪5,1勝,１勝ｸﾗｽ,5,7,タイガースパーク,牡,3,田口貫太,52▲,13,3,１, ,ダ1800,良,,(栗),大橋勇樹,1537,-0.6,2,2,2,38.9,448,+8,
,"2023. 9.18",阪神,4阪5,1勝,１勝ｸﾗｽ,8,10,ラスマドレス,牝,4,北村友一, 56 ,11,4,１, 内,芝2000,良,,(栗),安田隆行,2000,-0.4,8,8,3,33.8,458,0,
,"2023. 9.18",阪神,4阪5,1勝,１勝ｸﾗｽ・牝,5,10,ヴォードヴィル,牝,3,武豊, 53 ,16,1,１, ,ダ1800,良,,(栗),中竹和也,1544,-0.0,2,2,2,38.5,454,+12,
,"2023. 9.18",阪神,4阪5,新馬,新馬,1,1,ベネメレンティ,牝,2,幸英明, 55 ,9,2,１, 内,芝1200,良,,(栗),河内洋,1092,-0.3,,1,1,34.6,430,,
,"2023. 9.18",阪神,4阪5,新馬,新馬,5,5,ストームバンガード,牡,2,水口優也, 55 ,8,3,１, ,ダ1400,良,,(栗),岡田稲男,1271,-0.3,,3,4,38.8,494,,
,"2023. 9.18",阪神,4阪5,未勝利,未勝利*,8,11,ディスペランツァ,牡,2,Ｍ．デム, 55 ,11,3,１, 内,芝2000,良,,(栗),吉岡辰弥,2019,-0.1,8,6,4,35.2,524,-4,
,"2023. 9.18",阪神,4阪5,未勝利,未勝利・牝*,2,2,フルレゾン,牝,2,Ｍ．デム, 55 ,10,2,１, 外,芝1600,良,,(栗),池添学,1333,-0.2,,8,9,34.1,446,-4,
,"2023. 9.18",阪神,4阪5,未勝利,未勝利*,8,11,スノーライトニング,牡,2,鮫島克駿, 55 ,11,8,１, ,ダ1800,良,,(栗),松下武士,1566,-0.9,8,2,2,40.7,458,+2,
,"2023. 9.17",阪神,4阪4,2勝,２勝ｸﾗｽ,6,12,ヘンリー,牡,3,川田将雅, 56 ,16,2,１, ,ダ1400,良,,(栗),吉岡辰弥,1239,-0.5,,3,2,37.8,526,0,
,"2023. 9.17",阪神,4阪4,Ｇ２,ローズＳG2,6,12,マスクトディーヴァ,牝,3,岩田望来, 54 ,17,7,１, 外,芝1800,良,,(栗),辻野泰之,1430,-0.2,,9,7,33.2,444,0,
,"2023. 9.17",阪神,4阪4,3勝,仲秋Ｓ･3勝,5,8,セッション,牡,3,坂井瑠星, 56 ,15,2,１, 外,芝1600,良,,(栗),斉藤崇史,1319,-0.1,,3,4,34.1,510,0,
,"2023. 9.17",阪神,4阪4,2勝,兵庫特別･2勝,6,7,ライリッズ,牡,4,ルメール, 58 ,11,2,１, 外,芝2400,良,,(美),宮田敬介,2242,-0.1,2,2,2,33.9,490,0,
,"2023. 9.17",阪神,4阪4,1勝,１勝ｸﾗｽ,6,7,オラヴェリタス,牡,4,古川奈穂,54★,12,8,１, ,ダ1800,良,,(栗),寺島良,1544,-0.3,2,1,1,40.5,500,0,B
,"2023. 9.17",阪神,4阪4,1勝,１勝ｸﾗｽ,7,13,プロスペリダード,牝,3,岩田望来, 54 ,16,1,１, 内,芝1200,良,*,(栗),西園翔太,1086,-0.3,,1,1,34.0,446,+6,
,"2023. 9.17",阪神,4阪4,1勝,１勝ｸﾗｽ,2,4,ディアサクセサー,牡,3,武豊, 56 ,16,2,１, ,ダ1400,良,,(栗),松永幹夫,1249,-0.0,,1,1,38.8,512,-14,
,"2023. 9.17",阪神,4阪4,新馬,新馬,2,2,ザパリスマッチ,牝,2,松山弘平, 55 ,9,1,１, 内,芝2000,良,,(栗),茶木太樹,2012,-0.3,1,1,1,36.3,476,,
,"2023. 9.17",阪神,4阪4,新馬,新馬,4,4,エストレヤデベレン,牡,2,ルメール, 55 ,8,1,１, ,ダ1800,良,,(栗),武幸四郎,1558,-1.1,5,1,1,39.7,522,,
,"2023. 9.17",阪神,4阪4,未勝利,未勝利*,1,1,イツモニコニコ,牝,2,Ｍ．デム, 55 ,13,5,１, 内,芝1400,良,,(栗),浜田多実,1212,-0.1,,1,1,35.8,478,-10,
,"2023. 9.17",阪神,4阪4,未勝利,未勝利*,6,7,エフエイト,牡,2,角田大河,54☆,12,7,１, ,ダ1200,良,,(栗),北出成人,1143,-0.1,,6,5,38.2,426,-2,
,"2023. 9.17",阪神,4阪4,未勝利,障害未勝利,4,4,プラチナドリーム,牡,4,黒岩悠, 60 ,8,2,１, ,ダ2970,良,,(栗),平田修,3228,-0.7,3,2,1,13.7,470,+4,B
,"2023. 9.16",阪神,4阪3,1勝,１勝ｸﾗｽ,3,6,ロードアウォード,セ,3,川田将雅, 56 ,16,1,１, ,ダ1400,良,,(栗),吉岡辰弥,1249,-0.5,,5,3,37.8,464,+16,
,"2023. 9.16",阪神,4阪3,ｵｰﾌﾟﾝ,ケフェウＨ,1,1,エピファニー,牡,4,ルメール, 56 ,10,2,１, 内,芝2000,良,,(美),宮田敬介,1572,-0.1,5,7,6,35.0,500,-6,
,"2023. 9.16",阪神,4阪3,2勝,鳥取特別･2勝,7,13,スマートサニー,牡,3,小沢大仁, 55 ,16,1,１, ,ダ1800,良,,(栗),松永昌博,1534,-0.0,1,1,1,39.0,460,-2,
,"2023. 9.16",阪神,4阪3,ｵｰﾌﾟﾝ,ききょう,4,4,クイックバイオ,牝,2,川田将雅, 55 ,6,2,１, 内,芝1400,良,,(栗),須貝尚介,1215,-0.1,,3,3,34.4,480,-8,
,"2023. 9.16",阪神,4阪3,ＪＧ３,阪神ジャJG3,7,11,ジューンベロシティ,牡,5,西谷誠, 60 ,14,1,１, ,芝3140,良,,(栗),武英智,3257,-0.3,2,2,2,13.1,472,0,
,"2023. 9.16",阪神,4阪3,1勝,１勝ｸﾗｽ・牝,4,7,ダイリュウホマレ,牝,3,松山弘平, 54 ,15,1,１, ,ダ1200,良,,(栗),橋口慎介,1126,-0.1,,2,2,37.4,464,+22,
,"2023. 9.16",阪神,4阪3,1勝,１勝ｸﾗｽ,6,10,ダディーズウォリア,牡,3,浜中俊, 55 ,15,10,１, ,ダ2000,良,,(栗),千田輝彦,2056,-0.8,3,3,2,38.8,462,+6,
,"2023. 9.16",阪神,4阪3,新馬,新馬,2,2,デルシエロ,牡,2,坂井瑠星, 55 ,8,5,１, 外,芝1600,良,,(栗),清水久詞,1345,-0.0,,3,4,33.9,400,,
,"2023. 9.16",阪神,4阪3,1勝,１勝ｸﾗｽ,7,14,マイネルラッシュ,牡,3,石川裕紀, 56 ,18,10,１, 外,芝1600,良,,(美),水野貴広,1322,-0.0,,12,11,33.9,446,-4,
,"2023. 9.16",阪神,4阪3,未勝利,未勝利*,8,9,ナムラフッカー,牡,2,鮫島克駿, 55 ,9,7,１, 外,芝1800,良,,(栗),村山明,1483,-0.4,,1,1,33.8,470,-6,
,"2023. 9.16",阪神,4阪3,未勝利,未勝利*,7,13,リジル,牝,2,川田将雅, 55 ,16,1,１, ,ダ1400,良,,(栗),奥村豊,1256,-0.8,,1,1,38.4,464,+2,
,"2023. 9.16",阪神,4阪3,未勝利,未勝利*,8,9,ジャスパーロブスト,牡,2,松若風馬, 55 ,9,1,１, ,ダ1800,良,,(栗),森秀行,1544,-0.4,1,1,1,39.6,500,0,
,"2023. 9.10",阪神,4阪2,1勝,１勝ｸﾗｽ,3,3,ナイトアクアリウム,牡,3,長岡禎仁, 56 ,12,1,１, ,ダ1400,良,,(栗),杉山佳明,1259,-0.2,,6,4,37.3,482,0,B
,"2023. 9.10",阪神,4阪2,Ｇ２,セントウG2,6,11,テイエムスパーダ,牝,4,富田暁, 55 ,15,14,１, 内,芝1200,良,,(栗),木原一良,1072,-0.2,,1,1,33.7,498,+4,
,"2023. 9.10",阪神,4阪2,3勝,オークＨ･3勝,5,6,メイショウミツヤス,牡,5,富田暁, 55 ,12,9,１, ,ダ1200,良,,(栗),木原一良,1118,-0.1,,7,7,35.9,510,+4,
,"2023. 9.10",阪神,4阪2,2勝,能勢特別･2勝,6,6,アレグロモデラート,牝,4,富田暁, 56 ,8,5,１, 内,芝2000,良,,(美),武井亮,1593,-0.0,2,2,2,34.2,486,0,
,"2023. 9.10",阪神,4阪2,1勝,１勝ｸﾗｽ,1,1,ルカン,牝,3,横山典弘, 54 ,15,5,１, 内,芝1400,良,,(栗),安田翔伍,1202,-0.2,,1,1,34.4,422,+2,B
,"2023. 9.10",阪神,4阪2,1勝,１勝ｸﾗｽ,7,11,アオイイーグル,牡,3,岩田望来, 55 ,13,1,１, ,ダ1800,良,,(栗),大久保龍,1540,-0.6,10,10,6,37.7,486,-4,
,"2023. 9.10",阪神,4阪2,1勝,１勝ｸﾗｽ,8,11,アイファーリンクス,牝,5,藤岡康太, 56 ,12,3,１, ,ダ1200,良,,(栗),鮫島一歩,1129,-0.0,,5,5,36.7,494,+6,B
,"2023. 9.10",阪神,4阪2,新馬,新馬,4,4,サークルオブジョイ,牡,2,北村友一, 55 ,7,5,１, 外,芝1800,良,,(栗),池添学,1483,-0.1,,5,3,34.1,482,,
,"2023. 9.10",阪神,4阪2,新馬,新馬・牝,5,5,ビーグラッド,牝,2,武豊, 55 ,11,1,１, 外,芝1600,良,,(栗),岡田稲男,1348,-0.4,,1,1,33.6,444,,
,"2023. 9.10",阪神,4阪2,未勝利,未勝利*,4,4,アンデスビエント,牝,2,幸英明, 55 ,9,1,１, ,ダ1800,良,,(栗),西園正都,1565,-0.4,1,1,1,38.8,464,0,
,"2023. 9.10",阪神,4阪2,未勝利,未勝利*,3,3,コートリーバウ,牝,2,池添謙一, 55 ,8,1,１, 外,芝1600,良,,(栗),池添学,1359,-0.2,,1,1,33.6,396,-4,
,"2023. 9.10",阪神,4阪2,未勝利,障害未勝利,7,7,テイエムマグマ,牡,5,黒岩悠, 60 ,10,3,１, ,ダ2970,良,,(栗),杉山晴紀,3232,-0.5,1,1,1,13.7,508,+2,
,"2023. 9. 9",阪神,4阪1,2勝,２勝ｸﾗｽ,8,15,メイショウクリフト,牡,4,岩田望来, 58 ,16,3,１, ,ダ1200,良,*,(栗),笹田和秀,1120,-0.9,,9,7,36.3,444,-6,
,"2023. 9. 9",阪神,4阪1,OP(L),エニフＳ(L),2,2,ベルダーイメル,牡,6,藤岡佑介, 58 ,9,5,１, ,ダ1400,良,,(栗),本田優,1244,-0.2,,9,9,36.4,462,+2,
,"2023. 9. 9",阪神,4阪1,3勝,ムーンＨ･3勝,6,9,レッドバリエンテ,牡,4,川田将雅, 57 ,13,1,１, 内,芝2200,良,,(栗),中内田充,2118,-0.0,10,7,7,34.1,478,+4,
,"2023. 9. 9",阪神,4阪1,2勝,出石特別･2勝,7,7,グーデンドラーク,牡,4,池添謙一, 58 ,8,4,１, ,ダ1800,良,,(栗),池添学,1531,-0.8,2,2,1,38.2,524,+10,
,"2023. 9. 9",阪神,4阪1,1勝,１勝ｸﾗｽ,7,8,スカーズ,牡,3,団野大成, 55 ,10,4,１, 外,芝1800,良,,(栗),武幸四郎,1457,-0.1,,7,7,33.7,498,+2,B
,"2023. 9. 9",阪神,4阪1,1勝,１勝ｸﾗｽ・牝,4,4,アースクロニクル,牝,3,団野大成, 54 ,10,1,１, 外,芝1600,良,,(栗),斉藤崇史,1329,-0.1,,9,8,33.0,492,-4,
,"2023. 9. 9",阪神,4阪1,1勝,１勝ｸﾗｽ,8,13,エルゲルージ,牡,4,武豊, 58 ,13,1,１, ,ダ1800,良,,(栗),石坂公一,1539,-0.2,3,2,1,37.4,524,+4,
,"2023. 9. 9",阪神,4阪1,新馬,新馬,2,2,メイショウサチダケ,牡,2,和田竜二, 55 ,6,3,１, 内,芝1400,良,,(栗),鈴木孝志,1229,-0.5,,1,1,34.4,462,,
,"2023. 9. 9",阪神,4阪1,新馬,新馬,4,4,メイショウキルギス,牡,2,池添謙一, 55 ,11,4,１, ,ダ1800,良,,(栗),高橋亮,1572,-0.2,1,1,1,40.0,458,,
,"2023. 9. 9",阪神,4阪1,未勝利,未勝利*,6,6,アクアヴァーナル,牝,2,藤岡康太, 55 ,7,3,１, 内,芝2000,良,,(栗),四位洋文,2019,-0.0,7,2,1,35.5,440,+2,
,"2023. 9. 9",阪神,4阪1,未勝利,未勝利・牝*,6,6,バウンシーステップ,牝,2,菱田裕二, 55 ,9,1,１, 内,芝1400,良,,(栗),高橋亮,1216,-0.0,,5,5,34.0,456,0,
,"2023. 9. 9",阪神,4阪1,未勝利,未勝利*,6,8,オーケーカルメン,牝,2,角田大河,54☆,12,9,１, ,ダ1400,良,,(栗),奥村豊,1265,-0.2,,2,2,38.7,418,-2,
,"2023. 6.25",阪神,3阪8,2勝,リボン賞･2勝,5,10,コパノハンプトン,牡,3,藤岡康太, 55 ,16,5,１, ,ダ1200,良,,(栗),宮徹,1120,-0.0,,8,8,36.8,490,-6,
,"2023. 6.25",阪神,3阪8,Ｇ１,宝塚記念G1,3,5,イクイノックス,牡,4,ルメール, 58 ,17,1,１, 内,芝2200,良,*,(美),木村哲也,2112,-0.0,16,13,9,34.8,492,,
,"2023. 6.25",阪神,3阪8,3勝,花のみち･3勝,4,7,イフティファール,牡,5,ルメール, 58 ,16,3,１, ,ダ1400,良,*,(栗),大久保龍,1239,-0.0,,3,2,37.1,478,+2,
,"2023. 6.25",阪神,3阪8,2勝,舞子特Ｈ･2勝,4,4,イティネラートル,牝,3,岩田望来, 52 ,12,3,１, 内,芝1400,良,,(栗),長谷川浩,1210,-0.3,,1,1,34.4,410,0,
,"2023. 6.25",阪神,3阪8,1勝,城崎特別･1勝,4,4,ショウナンアレクサ,牡,3,岩田望来, 55 ,10,3,１, 外,芝1800,良,,(栗),清水久詞,1461,-0.6,,3,3,34.1,494,+8,
,"2023. 6.25",阪神,3阪8,1勝,１勝ｸﾗｽ,5,5,プリマヴィータ,牝,4,河原田菜,52★,10,10,１, 内,芝2200,良,,(栗),服部利之,2127,-0.9,1,1,1,37.9,432,+8,
,"2023. 6.25",阪神,3阪8,1勝,１勝ｸﾗｽ・牝,8,10,ノボリクレバー,牝,3,角田大河,52☆,11,4,１, ,ダ1800,良,,(栗),石橋守,1538,-0.7,3,3,2,37.7,484,+4,
,"2023. 6.25",阪神,3阪8,新馬,新馬,6,6,ギャンブルルーム,牡,2,松山弘平, 55 ,7,4,１, 外,芝1800,良,,(栗),大久保龍,1488,-0.9,,6,7,33.7,492,,
,"2023. 6.25",阪神,3阪8,未勝利,未勝利,2,3,トモジャケーヤ,牡,3,田口貫太,53▲,16,1,１, ,ダ1400,良,,(栗),大根田裕,1243,-0.7,,2,2,36.8,518,-6,
,"2023. 6.25",阪神,3阪8,未勝利,未勝利,8,15,バックトゥザライト,牡,3,岩田望来, 56 ,15,2,１, ,ダ1800,良,,(栗),辻野泰之,1534,-0.7,6,6,4,36.9,508,+8,
,"2023. 6.25",阪神,3阪8,未勝利,未勝利,2,3,アルタビスタ,牝,3,藤岡康太, 54 ,18,5,１, 外,芝1600,良,,(栗),松永幹夫,1356,-0.5,,1,1,34.4,458,+6,
,"2023. 6.25",阪神,3阪8,未勝利,未勝利・牝,8,15,タマモネモフィラ,牝,3,田口貫太,51▲,15,4,１, ,ダ1800,良,,(栗),大橋勇樹,1552,-0.5,6,4,4,38.7,452,0,
,"2023. 6.24",阪神,3阪7,1勝,１勝ｸﾗｽ,4,7,ミスティックロア,牡,3,川田将雅, 55 ,15,1,１, ,ダ1800,稍,*,(栗),矢作芳人,1525,-0.5,5,7,4,37.5,520,+12,
,"2023. 6.24",阪神,3阪7,ｵｰﾌﾟﾝ,天保山Ｓ,4,8,メイショウダジン,牡,6,幸英明, 57 ,16,10,１, ,ダ1400,稍,,(栗),松永昌博,1239,-0.3,,7,7,36.9,480,+12,
,"2023. 6.24",阪神,3阪7,3勝,ストーク･3勝,5,10,シナモンスティック,牝,4,松若風馬, 56 ,16,8,１, 内,芝1400,良,,(美),宗像義忠,1209,-0.2,,2,2,34.7,462,-4,
,"2023. 6.24",阪神,3阪7,2勝,鷹取特別･2勝,4,8,オーロイプラータ,牡,3,団野大成, 55 ,16,2,１, ,ダ2000,稍,,(栗),宮本博,2050,-1.1,16,15,13,37.4,532,0,B
,"2023. 6.24",阪神,3阪7,1勝,１勝ｸﾗｽ,3,5,アスクビギンアゲン,牡,4,岩田望来, 58 ,15,10,１, 内,芝1400,良,,(栗),梅田智之,1213,-0.1,,3,2,34.8,554,+14,
,"2023. 6.24",阪神,3阪7,1勝,１勝ｸﾗｽ,8,15,コパノパサディナ,牡,3,岩田望来, 55 ,16,1,１, ,ダ1400,稍,,(栗),村山明,1239,-0.7,,2,2,37.0,512,+6,
,"2023. 6.24",阪神,3阪7,未勝利,未勝利・牝,6,12,ロスティチェーレ,牝,3,幸英明, 54 ,18,5,１, 外,芝1800,良,,(栗),松下武士,1460,-0.1,,5,5,34.4,464,-6,
,"2023. 6.24",阪神,3阪7,新馬,新馬,4,4,チークタイム,牝,2,和田竜二, 55 ,9,4,１, 内,芝1200,良,,(栗),鈴木孝志,1108,-0.2,,2,2,35.2,448,,
,"2023. 6.24",阪神,3阪7,未勝利,未勝利,2,4,アヘッド,牝,3,藤岡康太, 54 ,16,5,１, ,ダ1800,稍,,(栗),中竹和也,1547,-0.2,10,10,8,38.6,452,-2,
,"2023. 6.24",阪神,3阪7,未勝利,未勝利,7,15,カズキ,牡,3,松若風馬, 56 ,18,6,１, 外,芝2400,良,,(栗),梅田智之,2278,-0.1,3,2,2,36.3,428,-6,
,"2023. 6.24",阪神,3阪7,未勝利,未勝利・牝,3,6,カネトシフラム,牝,3,田口貫太,51▲,16,2,１, ,ダ1200,稍,,(栗),大橋勇樹,1123,-0.1,,5,4,36.6,452,+4,
,"2023. 6.24",阪神,3阪7,未勝利,未勝利*,1,1,フェンダー,牡,2,坂井瑠星, 55 ,9,3,１, 外,芝1600,良,,(栗),斉藤崇史,1351,-0.7,,1,1,37.2,502,+2,B
,"2023. 6.18",阪神,3阪6,2勝,２勝ｸﾗｽ,5,9,テーオーリカード,牡,3,岩田望来, 55 ,16,5,１, ,ダ1800,良,,(栗),高柳大輔,1523,-0.1,1,1,1,37.4,478,-8,B
,"2023. 6.18",阪神,3阪6,Ｇ３,マーメイＨG3,4,4,ビッグリボン,牝,5,西村淳也, 55 ,13,1,１, 内,芝2000,良,,(栗),中内田充,1585,-0.1,9,7,4,36.2,500,0,
,"2023. 6.18",阪神,3阪6,3勝,灘Ｓ･3勝,4,8,トウセツ,牡,4,藤岡康太, 58 ,16,2,１, ,ダ1800,良,,(栗),杉山佳明,1519,-0.1,11,11,14,36.8,470,-6,B
,"2023. 6.18",阪神,3阪6,2勝,皆生特別･2勝,7,8,ベルクレスタ,牝,4,坂井瑠星, 56 ,11,1,１, 外,芝1600,良,,(栗),須貝尚介,1339,-0.7,,2,2,32.7,480,+8,
,"2023. 6.18",阪神,3阪6,1勝,１勝ｸﾗｽ,3,3,カネフラ,牡,3,永島まな,52▲,10,3,１, 内,芝2000,良,,(栗),高橋康之,2000,-0.3,5,5,4,34.1,450,0,
,"2023. 6.18",阪神,3阪6,1勝,１勝ｸﾗｽ,3,3,テーオーグランビル,牡,3,岩田望来, 55 ,13,1,１, 外,芝1600,良,,(栗),上村洋行,1335,-0.1,,2,2,34.6,490,+4,
,"2023. 6.18",阪神,3阪6,未勝利,未勝利,5,9,ダイメイセブン,牡,3,藤岡康太, 56 ,16,11,１, ,ダ1800,良,,(栗),本田優,1546,-0.1,1,1,1,39.7,488,-2,
,"2023. 6.18",阪神,3阪6,新馬,新馬,5,5,レディントン,牡,2,松若風馬, 55 ,11,4,１, 外,芝1600,良,,(栗),杉山晴紀,1351,-0.3,,7,7,34.6,462,,
,"2023. 6.18",阪神,3阪6,未勝利,未勝利,7,14,エリカグロリア,牝,3,西村淳也, 54 ,16,9,１, ,ダ1200,良,,(栗),安田翔伍,1126,-0.4,,2,2,37.5,482,0,B
,"2023. 6.18",阪神,3阪6,未勝利,未勝利,1,1,サイモンザナドゥ,牡,3,岩田望来, 56 ,16,3,１, ,ダ2000,良,*,(栗),小林真也,2075,-0.0,5,2,2,38.9,478,-2,
,"2023. 6.18",阪神,3阪6,未勝利,未勝利,4,8,グランデサラス,牡,3,松若風馬, 56 ,18,9,１, 内,芝1400,良,,(栗),池添学,1208,-0.1,,2,2,34.3,498,+18,
,"2023. 6.18",阪神,3阪6,未勝利,未勝利・牝,8,15,ハクアイアテナ,牝,3,今村聖奈,51▲,16,5,１, ,ダ1400,良,*,(栗),今野貞一,1258,-0.0,,7,6,37.2,424,+8,
,"2023. 6.17",阪神,3阪5,1勝,１勝ｸﾗｽ,1,1,ボナンザ,牡,3,川田将雅, 55 ,16,2,１, ,ダ1200,良,,(栗),庄野靖志,1123,-0.2,,1,1,37.5,492,+10,
,"2023. 6.17",阪神,3阪5,OP(L),米子Ｓ(L),7,11,メイショウシンタケ,牡,5,西村淳也, 57 ,13,10,１, 外,芝1600,良,,(栗),千田輝彦,1317,-0.2,,9,9,34.3,470,-2,
,"2023. 6.17",阪神,3阪5,3勝,垂水ＳＨ･3勝,8,9,アルナシーム,牡,4,坂井瑠星, 56 ,10,3,１, 外,芝1800,良,,(栗),橋口慎介,1447,-0.0,,1,1,33.9,442,0,
,"2023. 6.17",阪神,3阪5,2勝,京橋特別･2勝,8,8,ラリュエル,牝,4,坂井瑠星, 56 ,8,1,１, 内,芝2000,良,,(栗),矢作芳人,1592,-0.1,1,1,1,36.9,428,+2,
,"2023. 6.17",阪神,3阪5,1勝,１勝ｸﾗｽ,7,10,プラーヴィ,牡,3,松山弘平, 55 ,13,2,１, ,ダ1800,良,,(栗),杉山晴紀,1530,-0.1,6,6,5,37.9,462,0,
,"2023. 6.17",阪神,3阪5,1勝,１勝ｸﾗｽ・牝,6,11,マンドローネ,牝,4,川田将雅, 56 ,16,2,１, 内,芝1400,良,,(美),尾関知人,1212,-0.2,,5,4,34.9,444,-10,
,"2023. 6.17",阪神,3阪5,未勝利,未勝利,8,16,ケイアイアニラ,牡,3,坂井瑠星, 56 ,16,2,１, ,ダ1400,良,,(栗),吉岡辰弥,1253,-0.3,,2,2,37.3,520,0,
,"2023. 6.17",阪神,3阪5,新馬,新馬,5,6,サトノフェニックス,牡,2,和田竜二, 55 ,13,2,１, ,ダ1200,良,,(栗),西園正都,1133,-0.6,,3,3,36.8,476,,
,"2023. 6.17",阪神,3阪5,未勝利,障害未勝利,1,1,イメル,牡,7,平沢健治, 60 ,5,2,１, ,ダ2970,良,,(栗),音無秀孝,3250,-0.1,2,2,2,13.8,484,-2,
,"2023. 6.17",阪神,3阪5,未勝利,未勝利・牝,1,1,ヴォードヴィル,牝,3,団野大成, 54 ,14,7,１, ,ダ1800,良,*,(栗),中竹和也,1533,-1.5,1,1,1,37.9,442,-2,
,"2023. 6.17",阪神,3阪5,未勝利,未勝利,2,3,フォーチュンコード,牝,3,藤岡康太, 54 ,16,10,１, 内,芝2000,良,,(栗),小林真也,2010,-0.0,16,15,14,35.0,466,-2,
,"2023. 6.17",阪神,3阪5,ｵｰﾌﾟﾝ,障害・オープ,8,8,ヤマニンマヒア,牡,7,石神深一, 60 ,8,1,１, ,ダ3110,良,,(美),辻哲英,3327,-0.7,1,1,1,13.7,464,-2,
,"2023. 6.11",阪神,3阪4,1勝,１勝ｸﾗｽ,2,3,マチカゼ,牡,3,荻野極, 55 ,15,2,１, 内,芝1400,稍,,(栗),杉山晴紀,1219,-0.1,,3,4,36.1,486,0,
,"2023. 6.11",阪神,3阪4,ｵｰﾌﾟﾝ,三宮ＳＨ,1,1,キングズソード,牡,4,川田将雅,56.5,15,1,１, ,ダ1800,重,,(栗),寺島良,1499,-0.0,10,10,10,35.6,502,-4,
,"2023. 6.11",阪神,3阪4,3勝,安芸ＳＨ･3勝,3,6,ファーンヒル,牡,4,川田将雅, 57 ,16,1,１, ,ダ1200,重,,(栗),清水久詞,1108,-0.0,,4,4,35.6,462,-2,
,"2023. 6.11",阪神,3阪4,2勝,三田特別･2勝,6,9,イヤサカ,牝,5,酒井学, 56 ,13,4,１, 外,芝2400,稍,*,(美),天間昭一,2285,-0.7,1,2,2,37.3,482,-2,
,"2023. 6.11",阪神,3阪4,1勝,１勝ｸﾗｽ・牝,3,6,マスクトディーヴァ,牝,3,岩田望来, 53 ,16,2,１, 外,芝1800,稍,,(栗),辻野泰之,1473,-0.4,,10,8,34.6,444,-4,
,"2023. 6.11",阪神,3阪4,1勝,１勝ｸﾗｽ,8,12,レッドプロフェシー,牡,3,坂井瑠星, 55 ,12,2,１, ,ダ2000,重,,(栗),大久保龍,2035,-1.0,2,2,1,36.8,484,-4,
,"2023. 6.11",阪神,3阪4,未勝利,未勝利・牝,2,3,ハレアカラフラ,牝,3,松若風馬, 54 ,18,5,１, 外,芝1600,稍,,(栗),音無秀孝,1349,-0.6,,1,1,35.7,468,+6,
,"2023. 6.11",阪神,3阪4,新馬,新馬,2,2,ミルテンベルク,牡,2,藤岡康太, 55 ,8,1,１, 内,芝1200,稍,,(栗),武英智,1104,-0.5,,2,2,35.1,460,,
,"2023. 6.11",阪神,3阪4,未勝利,未勝利,8,16,ジョウショーパワー,牡,3,岩田望来, 56 ,16,2,１, ,ダ1800,重,,(栗),中尾秀正,1530,-0.0,4,4,4,38.3,458,+4,
,"2023. 6.11",阪神,3阪4,未勝利,未勝利,6,12,ブラーヴ,牡,3,西塚洸二,53▲,16,7,１, ,ダ1200,重,,(栗),加用正,1118,-0.1,,2,2,36.6,480,+4,
,"2023. 6.11",阪神,3阪4,未勝利,未勝利,2,4,ポンテニオ,牝,3,泉谷楓真,53☆,18,8,１, 内,芝2200,稍,,(栗),西園正都,2150,-0.2,1,1,1,36.4,488,+6,
,"2023. 6.11",阪神,3阪4,未勝利,障害未勝利,3,3,ショウナンアーチー,牡,5,中村将之, 60 ,6,1,１, ,ダ2970,稍,,(栗),松下武士,3274,-1.2,1,1,1,14.0,512,+14,
,"2023. 6.10",阪神,3阪3,1勝,１勝ｸﾗｽ,7,10,オーサムリザルト,牝,3,川田将雅, 53 ,13,1,１, ,ダ1800,稍,,(栗),池江泰寿,1512,-0.5,4,3,3,36.4,500,+10,
,"2023. 6.10",阪神,3阪3,3勝,水無月Ｓ･3勝,4,8,スリーパーダ,牝,4,坂井瑠星, 56 ,16,8,１, 内,芝1200,良,,(栗),斉藤崇史,1075,-0.3,,7,7,33.7,418,0,
,"2023. 6.10",阪神,3阪3,2勝,洲本特別･2勝,8,11,タガノペカ,牝,5,国分恭介, 56 ,12,5,１, ,ダ1400,稍,,(栗),西園翔太,1237,-0.1,,5,4,36.8,514,+6,
,"2023. 6.10",阪神,3阪3,1勝,甲武特別･1勝,1,1,ゴールドプリンセス,牝,3,岩田望来, 52 ,8,5,１, 外,芝2400,良,,(栗),寺島良,2254,-0.5,6,6,5,34.3,468,0,
,"2023. 6.10",阪神,3阪3,2勝,２勝ｸﾗｽ・牝,6,6,ライオットガール,牝,3,松山弘平, 53 ,11,1,１, ,ダ1800,稍,,(栗),中村直也,1531,-0.1,3,3,3,36.4,472,+10,
,"2023. 6.10",阪神,3阪3,1勝,１勝ｸﾗｽ,6,12,サンライズフレイム,牡,3,藤岡康太, 55 ,16,1,１, ,ダ1400,稍,*,(栗),石坂公一,1237,-0.4,,7,7,36.4,512,0,
,"2023. 6.10",阪神,3阪3,未勝利,未勝利,3,5,セレスティアリティ,牝,3,松山弘平, 54 ,18,1,１, 外,芝1800,良,,(栗),西村真幸,1463,-0.3,,5,3,35.6,446,+4,
,"2023. 6.10",阪神,3阪3,新馬,新馬,8,9,ヒヒーン,牝,2,酒井学, 55 ,10,5,１, 外,芝1600,良,,(栗),須貝尚介,1366,-0.3,,2,2,33.9,460,,
,"2023. 6.10",阪神,3阪3,未勝利,未勝利,5,10,テーオーレガシー,牡,3,秋山稔樹,55☆,16,2,１, ,ダ1800,稍,,(栗),宮徹,1524,-0.5,2,2,2,37.5,512,-6,
,"2023. 6.10",阪神,3阪3,未勝利,未勝利,2,4,ニシノコウダイ,牡,3,松若風馬, 56 ,16,7,１, 内,芝1200,良,,(栗),長谷川浩,1080,-0.1,,2,2,33.9,486,+8,
,"2023. 6.10",阪神,3阪3,未勝利,未勝利・牝,2,3,ミヤジレガリア,牝,3,和田竜二, 54 ,16,2,１, ,ダ1800,稍,*,(栗),鈴木孝志,1532,-0.5,1,1,1,37.9,492,0,
,"2023. 6.10",阪神,3阪3,未勝利,未勝利,1,1,ロードアウォード,セ,3,川田将雅, 56 ,16,4,１, ,ダ1400,稍,*,(栗),吉岡辰弥,1234,-0.2,,3,4,36.2,448,-4,
,"2023. 6. 4",阪神,3阪2,1勝,１勝ｸﾗｽ,4,5,イラーレ,牝,4,亀田温心, 56 ,14,3,１, 内,芝1200,良,*,(栗),北出成人,1092,-0.0,,6,5,33.7,442,0,
,"2023. 6. 4",阪神,3阪2,ｵｰﾌﾟﾝ,松風月ＳＨ,8,16,オーロラテソーロ,牡,6,幸英明,58.5,16,5,１, ,ダ1200,良,,(美),畠山吉宏,1108,-0.2,,8,5,35.6,500,+3,
,"2023. 6. 4",阪神,3阪2,3勝,岸和田Ｓ･3勝,2,2,テーオーソラネル,牡,4,藤岡康太, 58 ,11,1,１, 内,芝2000,良,,(栗),須貝尚介,1593,-0.0,7,7,6,33.8,498,+2,
,"2023. 6. 4",阪神,3阪2,2勝,加古川特･2勝,4,4,ラインオブソウル,牡,4,松若風馬, 58 ,13,2,１, ,ダ1800,良,,(栗),音無秀孝,1514,-0.1,2,2,2,36.3,510,0,
,"2023. 6. 4",阪神,3阪2,1勝,１勝ｸﾗｽ,8,10,ブレイヴロッカー,牡,3,藤岡康太, 55 ,10,1,１, 内,芝2000,良,,(栗),本田優,1596,-0.2,6,4,4,33.7,460,+4,
,"2023. 6. 4",阪神,3阪2,1勝,１勝ｸﾗｽ・牝,5,10,スマートアイ,牝,3,田口貫太,50▲,16,1,１, ,ダ1400,稍,,(栗),寺島良,1241,-0.2,,2,2,36.8,504,+4,
,"2023. 6. 4",阪神,3阪2,未勝利,未勝利,4,7,サンガネーブ,牡,3,北村友一, 56 ,16,7,１, ,ダ1200,稍,,(栗),田中克典,1126,-0.3,,1,1,37.5,496,0,
,"2023. 6. 4",阪神,3阪2,新馬,新馬,1,1,アトロルーベンス,牝,2,団野大成, 55 ,8,1,１, 内,芝1400,良,,(栗),高野友和,1244,-0.1,,6,5,34.3,466,,
,"2023. 6. 4",阪神,3阪2,未勝利,未勝利・牝,6,11,タガノエリザベス,牝,3,菱田裕二, 54 ,16,1,１, ,ダ1800,稍,,(栗),岡田稲男,1535,-0.1,2,2,2,38.1,472,0,
,"2023. 6. 4",阪神,3阪2,未勝利,未勝利,2,4,ワンダーエッジ,牡,3,鮫島克駿, 56 ,16,1,１, ,ダ2000,稍,,(栗),石坂公一,2065,-0.2,1,1,1,39.4,560,-4,B
,"2023. 6. 4",阪神,3阪2,未勝利,未勝利,5,10,ロードマンハイム,牡,3,鮫島克駿, 56 ,18,2,１, 外,芝1600,良,,(栗),友道康夫,1348,-0.5,,3,6,33.3,508,+4,
,"2023. 6. 4",阪神,3阪2,ｵｰﾌﾟﾝ,障害・オープ,7,8,ネビーイーム,牡,5,小牧加矢,59☆,10,2,１, ,ダ3110,良,,(栗),佐々木晶,3366,-0.0,3,3,3,13.9,526,+8,
,"2023. 6. 3",阪神,3阪1,2勝,２勝ｸﾗｽ,3,5,オンザダブル,牡,4,団野大成, 58 ,15,7,１, ,ダ1200,稍,,(栗),池添学,1108,-0.0,,7,7,35.8,510,-6,
,"2023. 6. 3",阪神,3阪1,Ｇ３,鳴尾記念G3,7,12,ボッケリーニ,牡,7,浜中俊, 57 ,15,5,１, 内,芝2000,良,*,(栗),池江泰寿,1591,-0.1,9,4,3,35.3,468,+2,
,"2023. 6. 3",阪神,3阪1,2勝,小豆島特･2勝,5,9,ブッシュガーデン,牝,4,松山弘平, 56 ,15,5,１, 内,芝1200,良,,(美),武井亮,1073,-0.1,,2,2,33.7,462,-4,
,"2023. 6. 3",阪神,3阪1,2勝,三木特別･2勝,8,8,ケイアイセナ,牡,4,秋山真一, 58 ,8,1,１, 外,芝1800,良,,(栗),平田修,1448,-0.8,,1,1,34.2,474,-8,
,"2023. 6. 3",阪神,3阪1,1勝,１勝ｸﾗｽ,3,5,コパノハンプトン,牡,3,岩田康誠, 55 ,16,3,１, ,ダ1200,重,,(栗),宮徹,1109,-0.1,,8,8,35.5,496,-4,
,"2023. 6. 3",阪神,3阪1,1勝,１勝ｸﾗｽ,7,7,フルメタルボディー,牡,3,松田大作, 55 ,10,4,１, 外,芝1600,稍,,(栗),清水久詞,1329,-0.3,,1,1,34.7,496,0,
,"2023. 6. 3",阪神,3阪1,1勝,１勝ｸﾗｽ,4,6,コロンビアテソーロ,牝,3,菅原明良, 53 ,14,4,１, ,ダ1800,重,,(美),栗田徹,1521,-0.1,9,11,12,37.3,450,-2,
,"2023. 6. 3",阪神,3阪1,新馬,新馬,1,1,テラメリタ,牝,2,ルメール, 55 ,5,2,１, 外,芝1600,稍,,(栗),須貝尚介,1365,-0.6,,1,1,34.3,462,,
,"2023. 6. 3",阪神,3阪1,未勝利,未勝利,4,8,シルキーバローズ,牝,3,菱田裕二, 54 ,16,9,１, 内,芝2000,稍,,(栗),辻野泰之,2020,-0.7,1,1,1,35.2,450,,
,"2023. 6. 3",阪神,3阪1,未勝利,未勝利・牝,3,5,メイショウナナクサ,牝,3,鮫島克駿, 54 ,16,5,１, ,ダ1200,重,,(栗),笹田和秀,1109,-0.3,,7,7,35.5,424,-2,
,"2023. 6. 3",阪神,3阪1,未勝利,未勝利,6,12,ウォーターハウス,牡,3,鮫島克駿, 56 ,16,2,１, ,ダ1800,重,,(栗),高野友和,1517,-0.1,2,2,2,36.3,474,-2,B
,"2023. 6. 3",阪神,3阪1,未勝利,未勝利,3,5,ガンウルフ,牡,3,藤岡佑介, 56 ,16,4,１, ,ダ1400,重,,(栗),藤岡健一,1233,-0.2,,2,2,36.1,490,-12,
,"2023. 4.16",阪神,2阪8,1勝,１勝ｸﾗｽ,4,8,スペクトログラム,牡,4,荻野極, 58 ,16,5,１, ,ダ1400,重,,(栗),池江泰寿,1240,-0.3,,9,8,36.3,490,-2,B
,"2023. 4.16",阪神,2阪8,Ｇ３,アンタレG3,7,12,プロミストウォリア,牡,6,鮫島克駿, 59 ,15,1,１, ,ダ1800,重,,(栗),野中賢二,1495,-0.1,1,1,1,38.0,520,+4,
,"2023. 4.16",阪神,2阪8,3勝,立雲峡Ｓ･3勝,8,9,アナゴサン,牡,5,幸英明, 58 ,10,2,１, 外,芝1600,稍,,(栗),牧田和弥,1336,-0.1,,1,1,33.6,472,-4,
,"2023. 4.16",阪神,2阪8,2勝,蓬莱峡特･2勝,8,11,シェイリーン,牝,4,北村友一, 56 ,11,8,１, 外,芝1800,稍,,(栗),池添学,1470,-0.3,,1,1,33.9,504,+2,B
,"2023. 4.16",阪神,2阪8,2勝,２勝ｸﾗｽ,4,4,クリノクラール,牡,5,田口貫太,55▲,8,4,１, ,ダ1400,重,,(栗),武英智,1236,-0.1,,1,1,37.1,500,+2,B
,"2023. 4.16",阪神,2阪8,1勝,１勝ｸﾗｽ・牝,6,8,ルシャリーブル,牝,5,和田竜二, 56 ,13,3,１, ,ダ1200,重,,(栗),鈴木孝志,1112,-0.1,,10,8,35.4,442,+12,
,"2023. 4.16",阪神,2阪8,1勝,１勝ｸﾗｽ*,6,7,リビアングラス,牡,3,鮫島克駿, 56 ,12,5,１, 内,芝2000,稍,,(栗),矢作芳人,2010,-0.2,1,1,1,35.3,494,-2,
,"2023. 4.16",阪神,2阪8,1勝,１勝ｸﾗｽ・牝*,6,10,メイショウオーロラ,牝,3,角田大河,53☆,15,1,１, ,ダ1800,不,,(栗),本田優,1518,-0.2,2,2,1,38.3,476,-6,
,"2023. 4.16",阪神,2阪8,未勝利,未勝利,5,10,マコトヴェリーキー,牡,3,松若風馬, 56 ,18,4,１, 内,芝2200,稍,,(栗),上村洋行,2146,-0.0,3,2,2,36.7,472,+6,
,"2023. 4.16",阪神,2阪8,未勝利,未勝利,3,6,エルトンバローズ,牡,3,西村淳也, 56 ,18,2,１, 外,芝1600,稍,,(栗),杉山晴紀,1337,-0.2,,5,5,35.1,508,+4,
,"2023. 4.16",阪神,2阪8,未勝利,未勝利,3,5,エナジーポコアポコ,牡,3,藤岡康太, 56 ,16,1,１, ,ダ1400,不,,(栗),高柳大輔,1241,-0.0,,1,1,37.6,462,+6,
,"2023. 4.16",阪神,2阪8,未勝利,未勝利・牝,1,1,ライジングラパス,牝,3,国分恭介, 54 ,15,2,１, ,ダ1800,不,*,(栗),宮本博,1533,-0.3,2,1,1,37.1,424,+4,
,"2023. 4.15",阪神,2阪7,1勝,１勝ｸﾗｽ,8,11,アスクドゥラメンテ,牡,4,岩田望来, 58 ,11,1,１, ,ダ1800,不,,(栗),藤原英昭,1520,-0.4,3,3,2,37.2,540,+12,
,"2023. 4.15",阪神,2阪7,Ｇ３,アーリンG3,3,6,オオバンブルマイ,牡,3,武豊, 56 ,18,5,１, 外,芝1600,重,,(栗),吉村圭司,1339,-0.0,,7,7,34.6,426,-2,
,"2023. 4.15",阪神,2阪7,3勝,天満橋Ｈ･3勝,4,8,タガノクリステル,牝,4,和田竜二, 55 ,16,2,１, ,ダ1400,不,,(栗),長谷川浩,1226,-0.2,,3,2,36.1,484,+2,B
,"2023. 4.15",阪神,2阪7,2勝,千種川特･2勝,2,2,メイショウドウドウ,牡,8,武豊, 58 ,13,4,１, 内,芝1400,重,,(栗),荒川義之,1212,-0.2,,9,9,34.2,496,+2,
,"2023. 4.15",阪神,2阪7,2勝,２勝ｸﾗｽ,4,4,リチュアル,セ,4,吉田隼人, 58 ,7,2,１, ,ダ2000,不,*,(栗),田中克典,2046,-0.0,2,2,2,36.2,500,-10,
,"2023. 4.15",阪神,2阪7,1勝,１勝ｸﾗｽ,3,3,フランコイメル,牡,5,松田大作, 58 ,6,4,１, 外,芝2400,重,,(栗),武英智,2301,-0.3,1,1,1,34.2,518,-8,B
,"2023. 4.15",阪神,2阪7,1勝,１勝ｸﾗｽ*,3,5,メイショウピース,牝,3,秋山真一, 54 ,16,5,１, ,ダ1200,不,,(栗),高橋亮,1119,-0.0,,3,3,36.7,464,0,
,"2023. 4.15",阪神,2阪7,未勝利,未勝利・牝,5,10,ナムララジベラ,牝,3,高倉稜, 54 ,16,5,１, 内,芝2000,重,,(栗),杉山晴紀,2023,-0.2,5,5,5,35.7,456,-8,
,"2023. 4.15",阪神,2阪7,未勝利,未勝利,8,14,ロードトラスト,牡,3,川田将雅, 56 ,14,1,１, ,ダ2000,不,*,(栗),長谷川浩,2052,-1.2,2,2,2,35.7,498,+6,B
,"2023. 4.15",阪神,2阪7,未勝利,未勝利,3,6,ボナンザ,牡,3,川田将雅, 56 ,16,1,１, ,ダ1200,不,,(栗),庄野靖志,1116,-0.2,,2,2,35.7,482,+2,
,"2023. 4.15",阪神,2阪7,未勝利,未勝利,5,10,ラップスター,牡,3,松山弘平, 56 ,16,2,１, ,ダ1800,不,,(栗),森秀行,1525,-0.0,2,2,3,36.8,490,-4,
,"2023. 4.15",阪神,2阪7,未勝利,未勝利・牝,5,9,アロットドリーム,牝,3,角田大河,53☆,16,9,１, ,ダ1400,不,,(栗),本田優,1246,-0.3,,1,1,36.7,440,,
,"2023. 4. 9",阪神,2阪6,3勝,梅田Ｓ･3勝,4,6,テイエムベンチャー,牡,5,国分恭介, 58 ,15,13,１, ,ダ1800,稍,,(栗),鈴木孝志,1521,-0.0,2,1,1,37.4,502,0,
,"2023. 4. 9",阪神,2阪6,Ｇ１,桜花賞G1,2,3,リバティアイランド,牝,3,川田将雅, 55 ,18,1,１, 外,芝1600,良,,(栗),中内田充,1321,-0.2,,15,16,32.9,466,+4,
,"2023. 4. 9",阪神,2阪6,3勝,競馬法Ｈ･3勝,6,12,セイウンハーデス,牡,4,幸英明, 57 ,16,2,１, 内,芝2000,良,,(栗),橋口慎介,1589,-0.2,3,5,5,34.5,480,+14,B
,"2023. 4. 9",阪神,2阪6,OP(L),忘れな草(L),4,4,グランベルナデット,牝,3,松山弘平, 54 ,10,2,１, 内,芝2000,良,,(美),大竹正博,1592,-0.1,2,2,2,34.2,498,-10,
,"2023. 4. 9",阪神,2阪6,2勝,吹田特別･2勝,2,2,シゲルバクハツ,牡,5,戸崎圭太, 58 ,11,4,１, ,ダ1800,稍,,(栗),谷潔,1530,-0.1,8,7,6,35.9,502,-2,
,"2023. 4. 9",阪神,2阪6,2勝,２勝ｸﾗｽ,4,4,トランキリテ,牡,4,鮫島克駿, 58 ,10,2,１, 外,芝1600,良,,(栗),松永幹夫,1337,-0.6,,1,2,33.8,466,+6,
,"2023. 4. 9",阪神,2阪6,1勝,１勝ｸﾗｽ,7,10,エバニスタ,牡,4,古川奈穂,54★,13,2,１, ,ダ1200,稍,,(栗),角田晃一,1128,-0.0,,3,3,37.3,486,0,
,"2023. 4. 9",阪神,2阪6,1勝,１勝ｸﾗｽ*,5,8,マホロバ,牡,3,坂井瑠星, 56 ,14,3,１, ,ダ1400,稍,,(美),和田正一,1247,-0.7,,2,1,37.0,512,-2,
,"2023. 4. 9",阪神,2阪6,未勝利,未勝利,3,5,アクートゥス,牡,3,西塚洸二,53▲,18,5,１, 内,芝1400,稍,*,(栗),藤原英昭,1212,-0.1,,1,1,34.6,472,+2,
,"2023. 4. 9",阪神,2阪6,未勝利,未勝利,4,7,ショーケン,牡,3,国分恭介, 56 ,16,9,１, ,ダ1800,稍,,(栗),鮫島一歩,1548,-0.2,1,1,1,38.4,492,-2,B
,"2023. 4. 9",阪神,2阪6,未勝利,未勝利,8,15,ディキシーガンナー,牡,3,川田将雅, 56 ,16,1,１, ,ダ1200,稍,,(栗),中内田充,1117,-1.0,,6,5,35.9,498,-2,
,"2023. 4. 9",阪神,2阪6,未勝利,未勝利・牝,2,3,スマートカリス,牝,3,岩田望来, 54 ,16,1,１, ,ダ1800,稍,,(栗),池江泰寿,1543,-1.0,1,1,1,38.4,458,0,
,"2023. 4. 8",阪神,2阪5,2勝,２勝ｸﾗｽ,6,9,クリーンジーニアス,牝,4,団野大成, 56 ,13,7,１, ,ダ1200,重,,(栗),荒川義之,1119,-0.0,,9,7,35.6,454,+4,
,"2023. 4. 8",阪神,2阪5,Ｇ２,阪神牝馬G2,7,9,サウンドビバーチェ,牝,4,浜中俊, 55 ,12,6,１, 外,芝1600,稍,*,(栗),高柳大輔,1339,-0.2,,2,2,34.1,498,-2,
,"2023. 4. 8",阪神,2阪5,ｵｰﾌﾟﾝ,大阪―ハＨ,6,9,アーティット,牡,4,岩田望来, 55 ,13,3,１, 外,芝2600,稍,,(栗),友道康夫,2381,-0.2,2,2,1,35.1,488,0,
,"2023. 4. 8",阪神,2阪5,2勝,白鷺特別･2勝,2,2,シホノスペランツァ,牡,4,浜中俊, 58 ,8,1,１, 外,芝2400,稍,,(栗),寺島良,2296,-0.2,7,6,5,35.1,484,-2,
,"2023. 4. 8",阪神,2阪5,1勝,１勝ｸﾗｽ・牝,6,6,フォーランマリア,牝,4,幸英明, 56 ,11,2,１, ,ダ1800,不,,(栗),森田直行,1525,-0.5,5,5,5,37.2,412,-4,
,"2023. 4. 8",阪神,2阪5,1勝,１勝ｸﾗｽ,8,10,シャンバラ,牡,4,川田将雅, 58 ,10,1,１, ,ダ2000,不,*,(栗),橋口慎介,2056,-0.8,7,4,4,38.4,518,+12,
,"2023. 4. 8",阪神,2阪5,1勝,１勝ｸﾗｽ*,2,2,カンチェンジュンガ,牡,3,藤岡康太, 56 ,11,4,１, 内,芝1200,稍,,(栗),庄野靖志,1090,-0.4,,10,8,34.3,466,-2,
,"2023. 4. 8",阪神,2阪5,1勝,１勝ｸﾗｽ*,5,5,アウトレンジ,牡,3,横山典弘, 56 ,11,2,１, ,ダ1800,不,,(栗),大久保龍,1519,-0.3,1,1,1,38.3,480,+2,
,"2023. 4. 8",阪神,2阪5,未勝利,未勝利,1,1,トラストエムシー,牡,3,藤岡康太, 56 ,16,2,１, 内,芝2000,重,,(栗),北出成人,2016,-0.0,2,2,2,35.6,440,0,
,"2023. 4. 8",阪神,2阪5,未勝利,未勝利,7,14,ハクサンパイオニア,牡,3,岩田望来, 56 ,16,1,１, ,ダ1400,不,,(栗),清水久詞,1241,-0.5,,3,2,37.3,504,0,
,"2023. 4. 8",阪神,2阪5,未勝利,未勝利,1,1,レッドラグラス,牡,3,川田将雅, 56 ,16,1,１, ,ダ1800,不,,(栗),中内田充,1536,-0.2,4,4,5,37.1,490,+6,
,"2023. 4. 8",阪神,2阪5,未勝利,未勝利・牝,6,11,ゼットカレン,牝,3,藤岡康太, 54 ,16,3,１, ,ダ1200,不,,(栗),宮徹,1118,-0.1,,2,2,36.8,482,+4,
,"2023. 4. 2",阪神,2阪4,3勝,陽春ＳＨ･3勝,6,12,サンライズアムール,牡,4,川田将雅, 57 ,16,1,１, ,ダ1200,良,,(栗),小林真也,1115,-0.4,,10,8,36.0,508,-4,
,"2023. 4. 2",阪神,2阪4,Ｇ１,大阪杯G1,5,9,ジャックドール,牡,5,武豊, 58 ,16,2,１, 内,芝2000,良,,(栗),藤岡健一,1574,-0.0,1,1,1,35.3,512,+11,
,"2023. 4. 2",阪神,2阪4,3勝,心斎橋Ｓ･3勝,5,8,メイショウホシアイ,牝,5,菱田裕二, 56 ,15,4,１, 内,芝1400,良,,(栗),高橋亮,1200,-0.0,,5,4,33.7,486,0,
,"2023. 4. 2",阪神,2阪4,2勝,明石特Ｈ･2勝,1,1,テーオーソラネル,牡,4,川田将雅, 56 ,11,1,１, 内,芝2000,良,,(栗),須貝尚介,1591,-0.4,1,1,1,34.0,496,0,
,"2023. 4. 2",阪神,2阪4,2勝,２勝ｸﾗｽ・牝,4,4,エルソール,牝,5,団野大成, 56 ,12,4,１, ,ダ1800,良,,(栗),池江泰寿,1555,-0.0,5,5,3,37.9,438,-2,
,"2023. 4. 2",阪神,2阪4,2勝,２勝ｸﾗｽ,8,11,ウラヤ,牡,4,岩田望来, 58 ,11,1,１, ,ダ1400,良,,(栗),野中賢二,1248,-0.6,,8,5,37.4,472,0,
,"2023. 4. 2",阪神,2阪4,1勝,１勝ｸﾗｽ,5,5,テイエムシニスター,牡,4,富田暁, 58 ,9,7,１, ,ダ1800,良,,(栗),木原一良,1545,-0.1,2,2,2,38.4,496,+6,
,"2023. 4. 2",阪神,2阪4,1勝,１勝ｸﾗｽ*,8,11,マラキナイア,牝,3,川田将雅, 54 ,12,2,１, 外,芝1600,良,,(栗),吉岡辰弥,1327,-0.2,,7,7,34.0,428,-4,
,"2023. 4. 2",阪神,2阪4,未勝利,未勝利,6,8,ファームツエンティ,牡,3,池添謙一, 56 ,13,2,１, 外,芝2400,良,,(栗),北出成人,2263,-0.0,9,12,12,34.5,452,-2,
,"2023. 4. 2",阪神,2阪4,未勝利,未勝利,6,7,ジョータルマエ,牡,3,角田大河,54△,11,11,１, ,ダ2000,良,,(栗),中竹和也,2093,-0.1,2,2,2,38.9,484,-8,
,"2023. 4. 2",阪神,2阪4,未勝利,未勝利,5,9,ヘンリー,牡,3,坂井瑠星, 56 ,16,1,１, ,ダ1400,良,,(栗),吉岡辰弥,1262,-0.9,,3,2,38.6,528,+2,
,"2023. 4. 2",阪神,2阪4,未勝利,未勝利,7,13,ダイヤグラフ,牡,3,国分恭介, 56 ,16,5,１, ,ダ1800,良,,(栗),角田晃一,1556,-0.0,6,4,4,37.8,498,+6,
,"2023. 4. 1",阪神,2阪3,2勝,２勝ｸﾗｽ,6,6,マルブツプライド,牡,4,岩田康誠, 58 ,10,2,１, ,ダ1800,良,,(栗),加用正,1532,-0.1,2,2,1,37.8,524,-2,
,"2023. 4. 1",阪神,2阪3,ｵｰﾌﾟﾝ,ポラリス,6,12,オメガレインボー,牡,7,藤岡佑介, 59 ,16,4,１, ,ダ1400,良,,(栗),安田翔伍,1244,-0.0,,7,7,36.0,468,0,B
,"2023. 4. 1",阪神,2阪3,2勝,仲春特別･2勝,7,8,メイショウソラフネ,牡,4,角田大河, 58 ,10,3,１, 内,芝1200,良,,(栗),石橋守,1079,-0.0,,1,1,34.4,444,0,
,"2023. 4. 1",阪神,2阪3,1勝,アザレア･1勝,7,7,サヴォーナ,牡,3,池添謙一, 56 ,8,1,１, 外,芝2400,良,,(栗),中竹和也,2316,-0.1,5,3,3,33.5,516,-6,
,"2023. 4. 1",阪神,2阪3,ｵｰﾌﾟﾝ,三木ホー,2,2,テリオスルイ,牡,5,平沢健治, 60 ,7,1,１, ,芝3140,良,,(栗),松下武士,3310,-1.2,2,1,1,13.4,478,+6,
,"2023. 4. 1",阪神,2阪3,1勝,１勝ｸﾗｽ,2,4,リンドラゴ,牡,4,北村友一, 58 ,16,3,１, ,ダ1400,良,,(栗),高野友和,1253,-0.1,,8,9,37.0,486,+2,B
,"2023. 4. 1",阪神,2阪3,1勝,１勝ｸﾗｽ,1,1,サンライズエース,牡,4,菱田裕二, 58 ,12,1,１, 内,芝2000,良,,(栗),河内洋,1590,-0.2,1,1,1,35.7,490,-2,B
,"2023. 4. 1",阪神,2阪3,1勝,１勝ｸﾗｽ*,8,8,マテンロウガイ,牡,3,角田大和,55☆,9,3,１, ,ダ1800,良,,(栗),角田晃一,1537,-0.1,5,2,2,39.2,512,-4,
,"2023. 4. 1",阪神,2阪3,未勝利,未勝利,8,16,イトカワサクラ,牝,3,幸英明, 54 ,18,4,１, 外,芝1800,良,,(栗),牧田和弥,1469,-0.0,,8,12,34.6,452,,
,"2023. 4. 1",阪神,2阪3,未勝利,未勝利,2,4,ヒビキ,牡,3,和田竜二, 56 ,16,1,１, ,ダ1200,良,,(栗),辻野泰之,1130,-0.1,,1,1,36.9,478,0,B
,"2023. 4. 1",阪神,2阪3,未勝利,未勝利,3,5,フリーウィーリング,牡,3,藤岡佑介, 56 ,16,5,１, ,ダ1800,良,,(栗),中内田充,1548,-0.3,1,1,1,39.2,532,-2,
,"2023. 4. 1",阪神,2阪3,未勝利,未勝利・牝,3,6,モンネトワ,牝,3,武豊, 54 ,16,2,１, ,ダ1400,良,,(栗),橋口慎介,1261,-0.6,,1,1,37.8,420,+2,
,"2023. 3.26",阪神,2阪2,2勝,２勝ｸﾗｽ,6,12,サトノテンペスト,牡,5,Ｍ．デム, 58 ,16,1,１, ,ダ1200,不,,(栗),高橋亮,1110,-0.0,,3,3,35.5,508,+2,B
,"2023. 3.26",阪神,2阪2,OP(L),六甲Ｓ(L),2,2,サヴァ,牡,5,松若風馬, 57 ,15,7,１, 外,芝1600,重,,(栗),上村洋行,1355,-0.3,,3,3,35.2,534,+2,
,"2023. 3.26",阪神,2阪2,3勝,御堂筋Ｓ･3勝,8,16,ゼッフィーロ,牡,4,荻野極, 57 ,18,1,１, 外,芝2400,重,,(栗),池江泰寿,2296,-0.1,6,6,5,35.3,476,0,
,"2023. 3.26",阪神,2阪2,2勝,四国新聞･2勝,7,8,ジュリアバローズ,牝,5,Ｍ．デム, 56 ,10,2,１, 内,芝2000,重,,(栗),上村洋行,2023,-0.3,6,5,4,35.7,436,-6,
,"2023. 3.26",阪神,2阪2,1勝,１勝ｸﾗｽ,6,7,ワンダフルトゥデイ,牡,4,水口優也, 58 ,12,1,１, ,ダ1800,不,,(栗),中尾秀正,1528,-0.2,4,4,4,36.8,520,+2,
,"2023. 3.26",阪神,2阪2,1勝,１勝ｸﾗｽ,4,5,ミツルハピネス,牝,5,酒井学, 56 ,14,2,１, 外,芝1600,重,*,(栗),小栗実,1355,-0.8,,3,4,34.7,516,+2,
,"2023. 3.26",阪神,2阪2,1勝,１勝ｸﾗｽ*,3,4,タカネノハナコサン,牝,3,藤岡佑介, 54 ,15,3,１, ,ダ1200,不,,(栗),飯田雄三,1103,-0.2,,1,1,36.2,484,+2,
,"2023. 3.26",阪神,2阪2,未勝利,未勝利,2,4,リミットバスター,牡,3,高倉稜, 56 ,16,9,１, 内,芝2000,重,,(栗),杉山晴紀,2042,-0.0,1,1,1,35.8,520,+4,
,"2023. 3.26",阪神,2阪2,未勝利,未勝利,3,5,リシャールケリー,牡,3,菱田裕二, 56 ,16,1,１, ,ダ1400,不,,(栗),茶木太樹,1253,-0.0,,1,1,38.8,510,-8,
,"2023. 3.26",阪神,2阪2,未勝利,未勝利,5,6,サンライズグルーヴ,牡,3,松若風馬, 56 ,13,3,１, ,ダ1800,不,,(栗),河内洋,1533,-0.2,2,2,2,37.9,512,-2,
,"2023. 3.26",阪神,2阪2,未勝利,未勝利,3,5,レンダリング,牡,3,酒井学, 56 ,16,4,１, ,ダ1200,不,,(栗),西園正都,1122,-0.0,,3,3,37.1,498,+2,B
,"2023. 3.26",阪神,2阪2,未勝利,未勝利・牝,8,10,レッツゴーローズ,牝,3,田口貫太,51▲,11,1,１, ,ダ1800,不,,(栗),大橋勇樹,1534,-0.3,3,4,1,38.3,472,-2,
,"2023. 3.25",阪神,2阪1,1勝,１勝ｸﾗｽ,5,7,グランアプロウソ,牡,4,岩田望来, 58 ,14,1,１, ,ダ1200,稍,,(栗),松永幹夫,1111,-0.5,,5,4,35.4,490,0,
,"2023. 3.25",阪神,2阪1,Ｇ３,毎日杯G3,3,3,シーズンリッチ,牡,3,角田大河, 56 ,13,5,１, 外,芝1800,良,,(美),久保田貴,1466,-0.1,,5,5,35.1,492,-8,
,"2023. 3.25",阪神,2阪1,2勝,丹波特Ｈ･2勝,5,5,レベレンシア,牡,4,横山典弘, 56 ,10,4,１, 外,芝1600,良,,(栗),安田翔伍,1339,-0.1,,2,2,33.8,494,+4,
,"2023. 3.25",阪神,2阪1,1勝,君子蘭賞･1勝,7,7,キミノナハマリア,牝,3,松山弘平, 54 ,10,1,１, 外,芝1800,良,,(栗),千田輝彦,1470,-0.5,,2,3,34.5,490,+4,
,"2023. 3.25",阪神,2阪1,1勝,１勝ｸﾗｽ,4,4,シュガーコルト,セ,4,岩田望来, 58 ,10,1,１, ,ダ1800,重,,(栗),寺島良,1540,-0.5,8,9,9,37.4,498,+2,B
,"2023. 3.25",阪神,2阪1,1勝,１勝ｸﾗｽ*,1,1,タガノシャーンス,牝,3,川須栄彦, 54 ,10,1,１, 内,芝1400,稍,,(栗),中尾秀正,1220,-0.0,,4,4,34.0,450,-2,
,"2023. 3.25",阪神,2阪1,未勝利,未勝利,2,4,システムリブート,牡,3,吉田隼人, 56 ,18,12,１, 外,芝1600,稍,,(栗),吉岡辰弥,1343,-0.4,,1,1,34.6,502,0,
,"2023. 3.25",阪神,2阪1,未勝利,未勝利,4,4,サンライズパスカル,牡,3,吉田隼人, 56 ,11,2,１, ,ダ1800,重,,(栗),石坂公一,1532,-0.1,2,2,2,38.2,524,-2,
,"2023. 3.25",阪神,2阪1,ｵｰﾌﾟﾝ,障害・オープ,4,5,マイネルグロン,牡,5,五十嵐雄, 60 ,13,3,１, ,ダ3110,稍,,(美),青木孝文,3313,-0.0,3,3,2,13.6,520,+14,
,"2023. 3.25",阪神,2阪1,未勝利,未勝利,5,9,ドンアチェカ,牡,3,岩田望来, 56 ,16,2,１, ,ダ1400,重,,(栗),千田輝彦,1248,-0.1,,2,2,37.3,486,-6,
,"2023. 3.25",阪神,2阪1,未勝利,未勝利,5,6,ヴァレンティヌス,牡,3,松山弘平, 56 ,12,4,１, ,ダ2000,重,,(栗),辻野泰之,2074,-0.2,2,2,2,39.6,506,+8,
,"2023. 3.25",阪神,2阪1,未勝利,未勝利・牝,8,16,レディフォース,牝,3,長岡禎仁, 54 ,16,4,１, ,ダ1200,重,,(栗),杉山佳明,1124,-1.1,,2,2,36.1,506,,
,"2023. 3.19",阪神,1阪C,2勝,２勝ｸﾗｽ,5,10,エナハツホ,牝,4,藤懸貴志, 56 ,16,5,１, ,ダ1800,重,,(栗),吉田直弘,1521,-0.0,12,10,4,38.4,440,0,
,"2023. 3.19",阪神,1阪C,Ｇ２,阪神大賞G2,3,3,ジャスティンパレス,牡,4,ルメール, 57 ,14,2,１, 内,芝3000,良,,(栗),杉山晴紀,3061,-0.3,3,2,2,34.2,472,+16,
,"2023. 3.19",阪神,1阪C,3勝,鳴門Ｓ･3勝,1,2,ケイアイロベージ,セ,5,浜中俊, 58 ,16,4,１, ,ダ1400,重,,(栗),野中賢二,1234,-0.0,,13,12,35.8,490,-2,B
,"2023. 3.19",阪神,1阪C,2勝,山陽特別･2勝,4,4,ダノンティンパニー,牡,5,川田将雅, 58 ,9,1,１, 内,芝1400,良,,(栗),中内田充,1204,-0.8,,6,3,34.0,474,-6,
,"2023. 3.19",阪神,1阪C,1勝,１勝ｸﾗｽ,6,10,ワセダタンク,牡,4,川田将雅, 58 ,15,1,１, ,ダ1200,重,,(栗),橋口慎介,1120,-0.1,,2,2,35.9,518,+6,
,"2023. 3.19",阪神,1阪C,1勝,１勝ｸﾗｽ,1,1,タイミングハート,牡,6,ルメール, 58 ,7,2,１, 外,芝2400,稍,,(栗),武幸四郎,2284,-0.0,5,5,4,34.8,456,+2,B
,"2023. 3.19",阪神,1阪C,1勝,１勝ｸﾗｽ*,3,3,グランテスト,牝,3,坂井瑠星, 54 ,9,1,１, 内,芝1200,稍,,(栗),今野貞一,1091,-0.1,,1,1,33.9,452,0,
,"2023. 3.19",阪神,1阪C,未勝利,未勝利,5,9,ソーダズリング,牝,3,武豊, 54 ,17,1,１, 外,芝1800,稍,*,(栗),音無秀孝,1474,-0.4,,6,6,34.1,470,-2,
,"2023. 3.19",阪神,1阪C,未勝利,障害未勝利,8,8,オラコモエスタス,牡,6,大江原圭, 60 ,9,9,１, ,ダ2970,稍,,(美),伊藤大士,3214,-0.9,1,1,1,13.6,496,-10,
,"2023. 3.19",阪神,1阪C,未勝利,未勝利,4,4,アンクルブラック,牡,3,ルメール, 56 ,9,1,１, ,ダ1800,重,,(栗),高橋亮,1530,-0.1,4,4,2,37.3,470,-2,
,"2023. 3.19",阪神,1阪C,未勝利,未勝利,2,3,カッティングジェム,牡,3,池添謙一, 56 ,16,1,１, ,ダ1400,重,,(栗),小崎憲,1252,-0.3,,6,5,37.4,502,-2,
,"2023. 3.19",阪神,1阪C,未勝利,未勝利・牝,8,9,コンプラセンシア,牝,3,坂井瑠星, 54 ,10,2,１, ,ダ1800,重,*,(栗),田中克典,1547,-0.1,1,1,1,37.5,466,-2,
,"2023. 3.18",阪神,1阪B,2勝,２勝ｸﾗｽ,5,9,スウィートプロミス,牝,4,池添謙一, 56 ,16,10,１, ,ダ1400,不,,(美),尾関知人,1234,-0.3,,3,3,36.3,456,+2,
,"2023. 3.18",阪神,1阪B,OP(L),若葉Ｓ(L),8,8,ショウナンバシット,牡,3,川田将雅, 56 ,8,2,１, 内,芝2000,稍,,(栗),須貝尚介,2027,-0.0,3,2,2,34.0,496,-6,
,"2023. 3.18",阪神,1阪B,3勝,淀屋橋Ｓ･3勝,5,9,クリノマジン,牡,4,和田竜二, 58 ,16,5,１, 内,芝1200,稍,,(栗),高橋義忠,1082,-0.0,,5,5,33.8,458,-4,
,"2023. 3.18",阪神,1阪B,2勝,淡路特Ｈ･2勝,4,4,エンドウノハナ,牡,4,川田将雅, 55 ,12,1,１, 外,芝2600,稍,,(栗),四位洋文,2391,-0.6,6,5,5,34.9,466,-2,
,"2023. 3.18",阪神,1阪B,1勝,１勝ｸﾗｽ・牝,4,5,リーベサンライズ,牝,5,団野大成, 56 ,13,3,１, ,ダ1400,不,,(栗),河内洋,1244,-0.0,,2,2,37.7,440,0,
,"2023. 3.18",阪神,1阪B,1勝,１勝ｸﾗｽ,1,1,ソリダリティ,牡,4,川田将雅, 58 ,9,1,１, ,ダ2000,不,,(栗),中内田充,2056,-0.0,3,3,2,36.9,508,+2,
,"2023. 3.18",阪神,1阪B,1勝,１勝ｸﾗｽ*,6,10,キリンジ,牡,3,藤岡佑介, 56 ,15,6,１, ,ダ1800,不,,(栗),佐々木晶,1524,-0.0,3,3,2,36.7,492,+6,
,"2023. 3.18",阪神,1阪B,未勝利,未勝利,1,1,スティーロポリス,牡,3,松山弘平, 56 ,9,3,１, 外,芝2400,重,,(栗),西村真幸,2287,-0.0,4,4,4,36.0,494,-4,
,"2023. 3.18",阪神,1阪B,1勝,１勝ｸﾗｽ・牝*,7,9,ミラクルティアラ,牝,3,松山弘平, 54 ,12,1,１, ,ダ1400,不,,(栗),加用正,1239,-1.1,,2,2,37.1,436,+2,
,"2023. 3.18",阪神,1阪B,未勝利,未勝利,3,5,グッジョブ,牡,3,浜中俊, 56 ,16,1,１, ,ダ1200,不,,(栗),牧浦充徳,1119,-0.6,,2,2,36.4,444,0,B
,"2023. 3.18",阪神,1阪B,未勝利,未勝利,2,2,ミスティックロア,牡,3,川田将雅, 56 ,11,1,１, ,ダ1800,不,,(栗),矢作芳人,1528,-0.1,7,6,3,36.2,508,0,
,"2023. 3.18",阪神,1阪B,未勝利,未勝利・牝,5,9,オールアイウォント,牝,3,松山弘平, 54 ,16,2,１, ,ダ1400,不,,(栗),森田直行,1250,-0.1,,2,2,36.7,446,-4,
,"2023. 3.12",阪神,1阪A,2勝,２勝ｸﾗｽ・牝,8,16,アランチャータ,牝,4,角田大河,54△,16,3,１, ,ダ1200,良,,(栗),上村洋行,1126,-0.2,,4,3,37.4,466,-10,
,"2023. 3.12",阪神,1阪A,Ｇ２,フィリーG2,6,12,シングザットソング,牝,3,吉田隼人, 54 ,18,2,１, 内,芝1400,良,,(栗),高野友和,1207,-0.1,,6,4,35.4,436,-4,
,"2023. 3.12",阪神,1阪A,3勝,甲南ＳＨ･3勝,3,4,ハイエンド,牡,4,鮫島克駿, 58 ,15,1,１, ,ダ2000,良,,(栗),清水久詞,2067,-0.1,11,10,6,37.6,534,+2,
,"2023. 3.12",阪神,1阪A,2勝,天神橋特･2勝,2,2,ロワンディシー,牡,5,池添謙一, 58 ,10,1,１, 外,芝1600,良,,(栗),北出成人,1340,-0.1,,4,4,34.7,452,+2,
,"2023. 3.12",阪神,1阪A,1勝,１勝ｸﾗｽ,8,11,ミステリーボックス,セ,4,藤岡康太, 58 ,11,7,１, ,ダ1800,良,,(栗),羽月友彦,1553,-0.1,3,3,3,38.2,492,-10,
,"2023. 3.12",阪神,1阪A,1勝,１勝ｸﾗｽ,4,4,セブンサミット,牡,5,岩田康誠, 58 ,9,1,１, 外,芝1800,良,,(栗),西村真幸,1464,-0.1,,5,5,33.9,526,+6,
,"2023. 3.12",阪神,1阪A,1勝,１勝ｸﾗｽ・牝,6,6,サウザンドスマイル,牝,6,角田大河,54△,9,2,１, ,ダ1800,良,,(栗),河内洋,1561,-0.4,7,6,5,38.7,488,-2,
,"2023. 3.12",阪神,1阪A,1勝,１勝ｸﾗｽ*,8,16,モックモック,牡,3,今村聖奈,53▲,16,1,１, ,ダ1400,良,,(栗),寺島良,1255,-0.2,,6,4,37.7,486,+8,
,"2023. 3.12",阪神,1阪A,未勝利,未勝利,4,7,マランジュ,牝,3,北村宏司, 54 ,18,5,１, 外,芝1600,良,,(栗),田中克典,1347,-0.2,,8,8,34.0,418,,
,"2023. 3.12",阪神,1阪A,未勝利,未勝利,8,14,エンツォウーノ,牡,3,岩田康誠, 56 ,14,4,１, ,ダ2000,良,,(栗),田中克典,2098,-0.7,7,2,2,38.7,496,-4,
,"2023. 3.12",阪神,1阪A,未勝利,未勝利,1,1,アンジュフィールド,牝,3,吉田隼人, 54 ,16,1,１, ,ダ1200,良,,(栗),矢作芳人,1141,-0.1,,5,6,37.4,452,,
,"2023. 3.12",阪神,1阪A,未勝利,未勝利,7,10,ロードアヴニール,牡,3,吉田隼人, 56 ,12,3,１, ,ダ1800,良,,(栗),野中賢二,1542,-1.2,2,2,2,36.7,496,+6,B
,"2023. 3.11",阪神,1阪9,2勝,２勝ｸﾗｽ,7,10,オブジェダート,牡,4,松山弘平, 58 ,12,1,１, ,ダ2000,良,,(栗),橋口慎介,2079,-0.2,4,3,2,38.1,492,-4,
,"2023. 3.11",阪神,1阪9,OP(L),コーラＨ(L),5,9,タガノビューティー,牡,6,石橋脩, 58 ,16,2,１, ,ダ1400,良,,(栗),西園正都,1240,-0.0,,12,12,36.3,520,+2,B
,"2023. 3.11",阪神,1阪9,3勝,難波Ｓ･3勝,2,2,マテンロウスカイ,セ,4,横山典弘, 58 ,12,3,１, 外,芝1800,良,,(栗),松永幹夫,1449,-0.2,,1,1,33.9,480,-6,
,"2023. 3.11",阪神,1阪9,1勝,ゆきやな･1勝,7,10,サトノグランツ,牡,3,坂井瑠星, 56 ,12,2,１, 外,芝2400,良,,(栗),友道康夫,2259,-0.1,3,3,3,34.6,490,+8,
,"2023. 3.11",阪神,1阪9,ＪＧ２,阪神スプJG2,7,9,ジェミニキング,セ,7,小野寺祐, 60 ,12,10,１, ,芝3900,良,,(栗),服部利之,4216,-0.6,8,7,5,13.4,478,+2,B
,"2023. 3.11",阪神,1阪9,1勝,１勝ｸﾗｽ,6,9,スキピオ,牡,5,今村聖奈,55▲,13,2,１, ,ダ1400,良,*,(栗),浜田多実,1245,-1.0,,1,1,37.2,488,0,
,"2023. 3.11",阪神,1阪9,1勝,１勝ｸﾗｽ*,8,10,ショーモン,牡,3,松山弘平, 56 ,10,1,１, 外,芝1600,良,,(栗),橋口慎介,1333,-0.1,,2,2,35.0,512,+22,
,"2023. 3.11",阪神,1阪9,未勝利,未勝利,4,6,ランヴァル,牡,3,和田竜二, 56 ,15,2,１, 内,芝2000,良,,(栗),鈴木孝志,2010,-0.1,3,3,2,35.4,480,-10,
,"2023. 3.11",阪神,1阪9,未勝利,未勝利・牝,2,2,グァルジャー,牝,3,松山弘平, 54 ,12,1,１, ,ダ1800,良,,(栗),吉田直弘,1564,-0.1,1,1,1,39.0,460,+2,
,"2023. 3.11",阪神,1阪9,未勝利,未勝利,7,14,ペプチドタイガー,牡,3,岩田康誠, 56 ,16,1,１, ,ダ1400,良,,(栗),吉村圭司,1256,-1.3,,1,2,37.6,460,0,
,"2023. 3.11",阪神,1阪9,未勝利,未勝利,5,7,ナムラアンソニー,牡,3,角田大河,54△,13,2,１, ,ダ1800,良,,(栗),中竹和也,1559,-0.2,2,2,2,39.5,494,-2,
,"2023. 3.11",阪神,1阪9,未勝利,未勝利・牝,4,8,ヨウシタンレイ,牝,3,今村聖奈,51▲,16,1,１, ,ダ1200,良,,(栗),松永昌博,1138,-0.5,,2,2,37.7,464,+8,
,"2023. 3. 5",阪神,1阪8,2勝,２勝ｸﾗｽ,4,8,スプラウティング,牡,4,幸英明, 58 ,16,2,１, ,ダ1400,良,,(栗),西園正都,1249,-0.0,,2,2,37.2,510,+2,B
,"2023. 3. 5",阪神,1阪8,OP(L),大阪城Ｈ(L),8,16,スカーフェイス,牡,7,西村淳也, 56 ,16,8,１, 外,芝1800,良,,(栗),中竹和也,1448,-0.1,,7,7,33.9,464,-2,
,"2023. 3. 5",阪神,1阪8,3勝,戎橋ＳＨ･3勝,4,4,メイショウシンタケ,牡,5,藤岡康太, 56 ,10,5,１, 内,芝1400,良,,(栗),千田輝彦,1203,-0.2,,9,8,34.0,478,-8,
,"2023. 3. 5",阪神,1阪8,2勝,２勝ｸﾗｽ,6,8,マリオロード,牡,4,幸英明, 58 ,12,9,１, ,ダ1800,良,,(栗),安達昭夫,1543,-0.0,5,4,4,37.8,498,+4,
,"2023. 3. 5",阪神,1阪8,1勝,アルメリ･1勝,5,5,ドットクルー,牡,3,岩田望来, 56 ,7,3,１, 外,芝1800,良,,(栗),笹田和秀,1462,-0.1,,6,6,34.5,456,0,
,"2023. 3. 5",阪神,1阪8,1勝,１勝ｸﾗｽ,8,16,ムーンリットナイト,牡,4,吉田隼人, 58 ,17,3,１, 外,芝1600,良,,(栗),加用正,1335,-0.1,,7,6,34.1,498,+2,
,"2023. 3. 5",阪神,1阪8,1勝,１勝ｸﾗｽ,8,8,エメヴィベール,牡,4,岩田望来, 58 ,9,5,１, ,ダ2000,良,,(栗),吉岡辰弥,2094,-0.1,2,2,2,37.9,574,+18,
,"2023. 3. 5",阪神,1阪8,未勝利,未勝利,3,3,シャドウソニック,牡,3,坂井瑠星, 56 ,14,1,１, 内,芝2200,良,,(栗),辻野泰之,2151,-0.4,4,3,3,35.0,500,-6,
,"2023. 3. 5",阪神,1阪8,未勝利,障害未勝利,1,1,セルリアンルネッタ,牡,4,熊沢重文, 59 ,10,5,１, ,ダ2970,良,,(栗),高橋康之,3221,-0.3,2,2,2,13.6,468,+2,
,"2023. 3. 5",阪神,1阪8,未勝利,未勝利,7,9,アオイイーグル,牡,3,荻野琢真, 56 ,11,6,１, ,ダ1800,良,,(栗),大久保龍,1550,-0.1,11,10,10,37.0,484,,
,"2023. 3. 5",阪神,1阪8,未勝利,未勝利,2,4,アスクダイアムーン,牡,3,浜中俊, 56 ,16,2,１, ,ダ1200,良,,(栗),武幸四郎,1139,-0.0,,1,1,38.0,488,0,
,"2023. 3. 5",阪神,1阪8,未勝利,未勝利・牝,5,8,ジュエリジュエリー,牝,3,国分恭介, 54 ,15,1,１, ,ダ1800,良,,(栗),野中賢二,1566,-0.4,2,2,2,37.8,492,-4,
,"2023. 3. 4",阪神,1阪7,2勝,２勝ｸﾗｽ,3,6,シゲルカチョウ,牝,5,酒井学, 56 ,16,9,１, 内,芝1200,良,,(栗),高橋康之,1077,-0.0,,6,6,34.1,514,+14,
,"2023. 3. 4",阪神,1阪7,Ｇ２,チューリG2,5,9,モズメイメイ,牝,3,武豊, 54 ,17,7,１, 外,芝1600,良,,(栗),音無秀孝,1340,-0.0,,1,1,34.1,456,0,
,"2023. 3. 4",阪神,1阪7,3勝,なにわＳ･3勝,6,12,ピアシック,牡,7,川田将雅, 58 ,16,5,１, ,ダ1200,良,,(栗),森秀行,1123,-0.2,,9,7,36.3,518,-4,
,"2023. 3. 4",阪神,1阪7,2勝,千里山特･2勝,4,4,ブラックシールド,牡,4,戸崎圭太, 58 ,10,1,１, 内,芝2000,良,,(栗),武幸四郎,1593,-0.4,6,5,5,34.8,458,+4,
,"2023. 3. 4",阪神,1阪7,1勝,１勝ｸﾗｽ,6,11,ブリュットミレジメ,牡,4,川島信二, 58 ,15,4,１, ,ダ1200,良,*,(栗),荒川義之,1133,-0.1,,11,9,36.8,506,-4,
,"2023. 3. 4",阪神,1阪7,1勝,１勝ｸﾗｽ,8,8,テーオーサンドニ,牡,4,坂井瑠星, 58 ,8,2,１, ,ダ1800,良,,(栗),高柳大輔,1533,-0.6,1,1,1,38.9,474,-2,B
,"2023. 3. 4",阪神,1阪7,1勝,１勝ｸﾗｽ*,2,2,ベンダバリラビア,牡,3,今村聖奈,53▲,10,1,１, ,ダ1800,良,,(栗),寺島良,1545,-0.2,9,9,9,37.3,520,-6,
,"2023. 3. 4",阪神,1阪7,未勝利,未勝利,7,14,ダノンバビル,牡,3,川田将雅, 56 ,18,1,１, 外,芝1600,良,,(栗),中内田充,1350,-0.1,,5,5,34.2,480,+4,
,"2023. 3. 4",阪神,1阪7,未勝利,未勝利,6,8,アウトレンジ,牡,3,横山典弘, 56 ,12,2,１, ,ダ1800,良,,(栗),大久保龍,1546,-0.9,1,1,1,37.5,478,-6,
,"2023. 3. 4",阪神,1阪7,未勝利,未勝利,3,6,キングオブザナイル,牡,3,柴山雄一, 56 ,16,1,１, ,ダ1400,良,,(栗),畑端省吾,1267,-0.1,,2,2,38.6,492,-4,
,"2023. 3. 4",阪神,1阪7,未勝利,未勝利,7,11,レッドプロフェシー,牡,3,鮫島克駿, 56 ,13,1,１, ,ダ2000,良,,(栗),大久保龍,2081,-0.2,2,2,2,37.7,490,-8,
,"2023. 3. 4",阪神,1阪7,未勝利,未勝利・牝,1,1,ロンシャンクイーン,牝,3,横山典弘, 54 ,13,1,１, ,ダ1400,良,,(栗),野中賢二,1263,-0.5,,1,1,38.0,420,-2,
,"2023. 2.26",阪神,1阪6,2勝,２勝ｸﾗｽ,6,12,クレア,牝,4,横山典弘, 56 ,16,4,１, ,ダ1200,稍,,(栗),飯田祐史,1116,-0.1,,2,2,36.3,512,-4,
,"2023. 2.26",阪神,1阪6,Ｇ３,阪急杯G3,6,11,アグリ,牡,4,横山和生, 57 ,16,2,１, 内,芝1400,良,,(栗),安田隆行,1195,-0.0,,2,2,34.1,496,+2,
,"2023. 2.26",阪神,1阪6,OP(L),マーガレ(L),4,4,ビッグシーザー,牡,3,幸英明, 57 ,10,1,１, 内,芝1200,良,*,(栗),西園正都,1086,-0.4,,4,5,34.5,502,0,
,"2023. 2.26",阪神,1阪6,3勝,松籟ＳＨ･3勝,8,12,ゼーゲン,牡,8,鮫島克駿, 55 ,13,12,１, 内,芝3000,良,,(美),堀宣行,3067,-0.0,9,4,6,34.9,426,-2,
,"2023. 2.26",阪神,1阪6,2勝,２勝ｸﾗｽ・牝,1,1,スミ,牝,4,池添謙一, 55 ,16,5,１, ,ダ1800,稍,,(栗),高橋亮,1542,-0.1,8,6,7,37.0,472,+4,
,"2023. 2.26",阪神,1阪6,1勝,１勝ｸﾗｽ,7,12,プレイテシア,牝,4,川須栄彦, 56 ,15,5,１, ,ダ1200,稍,,(栗),羽月友彦,1131,-0.2,,7,7,37.5,416,0,
,"2023. 2.26",阪神,1阪6,1勝,１勝ｸﾗｽ,7,10,カネトシブルーム,牡,4,国分優作, 57 ,12,3,１, ,ダ1800,稍,,(栗),大橋勇樹,1533,-1.6,2,1,2,37.6,512,0,
,"2023. 2.26",阪神,1阪6,未勝利,未勝利,8,17,ルクスドヌーヴ,牝,3,横山和生, 54 ,17,4,１, 外,芝1600,良,,(栗),須貝尚介,1373,-0.1,,1,1,35.0,438,-4,
,"2023. 2.26",阪神,1阪6,未勝利,未勝利,4,4,ローズスター,牡,3,横山和生, 56 ,13,5,１, ,ダ1800,稍,,(栗),上村洋行,1553,-0.4,1,1,1,39.1,458,-4,B
,"2023. 2.26",阪神,1阪6,未勝利,未勝利,8,15,ライジン,牡,3,岩田望来, 56 ,15,4,１, ,ダ1400,稍,,(栗),池添学,1262,-0.1,,2,2,38.6,462,-24,
,"2023. 2.26",阪神,1阪6,未勝利,未勝利,5,7,ダブルジョーク,牡,3,横山典弘, 56 ,13,2,１, ,ダ1800,稍,,(栗),昆貢,1548,-0.0,2,2,2,37.1,556,-6,
,"2023. 2.26",阪神,1阪6,未勝利,未勝利・牝,3,5,ジューンアース,牝,3,今村聖奈,51▲,16,1,１, ,ダ1200,稍,,(栗),飯田祐史,1128,-0.4,,1,1,37.1,524,+8,
,"2023. 2.25",阪神,1阪5,2勝,２勝ｸﾗｽ,2,2,アルトシュタット,牡,4,岩田望来, 58 ,15,1,１, 内,芝1400,良,,(栗),安田翔伍,1207,-0.0,,5,5,33.7,490,+14,
,"2023. 2.25",阪神,1阪5,OP(L),仁川ＳＨ(L),1,2,メイショウフンジン,牡,5,酒井学, 57 ,16,2,１, ,ダ2000,稍,,(栗),西園正都,2045,-0.1,1,1,1,38.5,520,+2,
,"2023. 2.25",阪神,1阪5,3勝,伊丹Ｓ･3勝,2,4,キングズソード,牡,4,岩田望来, 57 ,16,2,１, ,ダ1800,稍,,(栗),寺島良,1511,-0.0,5,7,6,36.3,512,+6,
,"2023. 2.25",阪神,1阪5,OP(L),すみれＳ(L),3,3,シャザーン,牡,3,岩田望来, 56 ,6,1,１, 内,芝2200,良,,(栗),友道康夫,2155,-0.1,6,6,6,33.1,496,+6,
,"2023. 2.25",阪神,1阪5,1勝,１勝ｸﾗｽ,7,14,ロードオルデン,牡,4,松山弘平, 58 ,16,3,１, ,ダ1400,稍,,(栗),辻野泰之,1250,-0.1,,7,7,36.4,478,0,
,"2023. 2.25",阪神,1阪5,2勝,２勝ｸﾗｽ,1,1,モンテディオ,牡,5,武豊, 58 ,8,2,１, 外,芝2400,稍,,(栗),四位洋文,2269,-0.0,1,1,1,34.3,490,+10,
,"2023. 2.25",阪神,1阪5,1勝,１勝ｸﾗｽ・牝,7,8,エナハツホ,牝,4,藤懸貴志, 55 ,10,1,１, ,ダ1800,稍,,(栗),吉田直弘,1536,-0.0,8,9,9,36.6,440,-2,
,"2023. 2.25",阪神,1阪5,1勝,１勝ｸﾗｽ*,1,2,ミルトハンター,牡,3,鮫島克駿, 56 ,16,3,１, ,ダ1200,稍,*,(栗),中竹和也,1115,-0.2,,9,9,35.9,474,+4,
,"2023. 2.25",阪神,1阪5,未勝利,未勝利,8,15,クレオメデス,牡,3,松山弘平, 56 ,16,1,１, 内,芝2000,稍,,(栗),武英智,2030,-0.2,3,2,2,35.0,504,-4,
,"2023. 2.25",阪神,1阪5,未勝利,未勝利,6,11,シモズル,牝,3,角田大河,52△,16,1,１, ,ダ1400,稍,,(栗),石橋守,1246,-0.4,,2,2,37.9,484,-4,
,"2023. 2.25",阪神,1阪5,未勝利,未勝利,3,4,ハイインザスカイ,牡,3,和田竜二, 56 ,14,2,１, ,ダ1200,稍,,(栗),五十嵐忠,1129,-0.4,,9,6,37.3,486,-6,
,"2023. 2.25",阪神,1阪5,未勝利,未勝利・牝,6,8,タガノアレハンドラ,牝,3,鮫島克駿, 54 ,13,1,１, ,ダ1800,稍,,(栗),五十嵐忠,1550,-0.9,2,2,2,37.4,478,-2,
,"2023. 2.19",阪神,1阪4,2勝,２勝ｸﾗｽ,8,10,スーサンアッシャー,牡,4,横山典弘, 58 ,11,2,１, 外,芝1600,稍,,(栗),鈴木孝志,1346,-0.0,,9,7,35.2,464,-2,
,"2023. 2.19",阪神,1阪4,ｵｰﾌﾟﾝ,大和Ｓ,1,2,ケイアイドリー,牡,6,藤岡康太, 59 ,16,2,１, ,ダ1200,稍,*,(栗),村山明,1112,-0.3,,4,3,35.6,516,0,
,"2023. 2.19",阪神,1阪4,3勝,武庫川Ｓ･3勝,4,6,セルバーグ,牡,4,岩田望来, 58 ,14,3,１, 外,芝1600,稍,,(栗),鈴木孝志,1340,-0.2,,1,1,34.3,438,0,
,"2023. 2.19",阪神,1阪4,2勝,川西特別･2勝,4,4,ジャスパーグレイト,牡,4,岩田康誠, 57 ,11,5,１, ,ダ1800,稍,,(栗),森秀行,1528,-0.0,8,2,2,38.0,486,+10,
,"2023. 2.19",阪神,1阪4,1勝,１勝ｸﾗｽ,8,15,ウナギノボリ,牡,4,国分恭介, 58 ,15,4,１, ,ダ1200,稍,,(栗),音無秀孝,1122,-0.4,,12,9,36.3,462,-4,
,"2023. 2.19",阪神,1阪4,1勝,１勝ｸﾗｽ,5,7,ルイナールカズマ,牡,4,松山弘平, 57 ,13,3,１, ,ダ1800,稍,,(栗),奥村豊,1540,-0.3,4,4,3,37.2,504,0,
,"2023. 2.19",阪神,1阪4,1勝,１勝ｸﾗｽ*,7,9,スカイロケット,牡,3,松山弘平, 56 ,11,1,１, 内,芝1400,稍,,(栗),須貝尚介,1230,-0.1,,2,3,34.8,438,+12,
,"2023. 2.19",阪神,1阪4,未勝利,未勝利,8,16,パールロード,牡,3,岩田望来, 56 ,17,1,１, 外,芝1800,稍,,(栗),中内田充,1489,-0.5,,8,6,35.3,496,-8,
,"2023. 2.19",阪神,1阪4,新馬,新馬,8,15,フェリ,牝,3,永島まな,50★,16,1,１, ,ダ1400,稍,,(栗),佐々木晶,1265,-0.3,,1,1,39.2,496,,
,"2023. 2.19",阪神,1阪4,未勝利,未勝利,6,6,クールブロン,牡,3,岩田望来, 56 ,11,2,１, ,ダ2000,稍,,(栗),武幸四郎,2095,-0.0,2,2,2,38.6,520,0,B
,"2023. 2.19",阪神,1阪4,未勝利,未勝利・牝,8,15,カマチョクイン,牝,3,鮫島克駿, 54 ,16,2,１, ,ダ1400,稍,,(栗),橋口慎介,1257,-0.1,,1,1,38.2,462,+2,
,"2023. 2.19",阪神,1阪4,未勝利,未勝利,7,10,インザビギニング,牡,3,松山弘平, 56 ,13,1,１, ,ダ1800,稍,,(栗),小崎憲,1556,-0.6,1,1,1,38.2,492,+12,
,"2023. 2.18",阪神,1阪3,2勝,２勝ｸﾗｽ,6,10,ユイノチャッキー,牡,5,吉田隼人, 58 ,14,4,１, ,ダ1400,良,,(美),竹内正洋,1247,-0.4,,7,4,37.6,494,-6,B
,"2023. 2.18",阪神,1阪3,Ｇ３,京都牝馬G3,3,5,ララクリスティーヌ,牝,5,菅原明良, 55 ,18,2,１, 内,芝1400,良,,(栗),斉藤崇史,1204,-0.0,,7,7,33.5,450,0,
,"2023. 2.18",阪神,1阪3,3勝,播磨ＳＨ･3勝,8,15,ワルツフォーラン,牝,6,酒井学, 54 ,16,10,１, ,ダ1400,良,,(美),小西一男,1240,-0.2,,1,1,37.7,476,-8,B
,"2023. 2.18",阪神,1阪3,1勝,つばき賞･1勝,8,11,ロードデルレイ,牡,3,坂井瑠星, 56 ,12,1,１, 外,芝1800,良,,(栗),中内田充,1470,-0.3,,5,4,33.1,480,0,
,"2023. 2.18",阪神,1阪3,1勝,１勝ｸﾗｽ*,1,2,オーロイプラータ,牡,3,鮫島克駿, 56 ,16,6,１, ,ダ1800,良,,(栗),宮本博,1542,-0.2,16,16,13,37.1,526,-6,B
,"2023. 2.18",阪神,1阪3,1勝,１勝ｸﾗｽ,7,7,マテンロウアレス,セ,5,太宰啓介, 58 ,8,6,１, 内,芝2000,良,,(栗),昆貢,2001,-0.0,1,1,1,34.5,498,-2,B
,"2023. 2.18",阪神,1阪3,未勝利,未勝利,8,14,ウインルーティン,牡,3,川田将雅, 56 ,15,1,１, 外,芝2400,良,,(栗),長谷川浩,2284,-0.0,8,8,7,33.7,458,0,B
,"2023. 2.18",阪神,1阪3,新馬,新馬,1,1,ゼンダンゴクウ,牡,3,酒井学, 56 ,16,9,１, ,ダ1800,良,,(栗),飯田雄三,1575,-0.2,1,1,1,39.3,496,,
,"2023. 2.18",阪神,1阪3,未勝利,未勝利,3,6,エムズマインド,牡,3,川島信二, 56 ,16,4,１, ,ダ1400,良,,(栗),荒川義之,1259,-0.4,,9,7,37.5,502,+8,
,"2023. 2.18",阪神,1阪3,未勝利,未勝利,1,1,メイショウコガシラ,牡,3,団野大成, 56 ,9,4,１, ,ダ1800,良,,(栗),本田優,1536,-0.7,1,1,1,37.8,498,-10,
,"2023. 2.18",阪神,1阪3,未勝利,未勝利,7,14,リュウ,牡,3,松山弘平, 56 ,16,2,１, ,ダ1200,良,,(栗),上村洋行,1119,-0.8,,2,2,36.0,506,-10,
,"2023. 2.18",阪神,1阪3,未勝利,未勝利・牝,5,6,レクランスリール,牝,3,酒井学, 54 ,12,8,１, ,ダ1800,良,,(栗),小林真也,1569,-0.1,2,2,2,39.2,460,0,
,"2023. 2.12",阪神,1阪2,2勝,２勝ｸﾗｽ,6,11,クレド,牡,4,高倉稜, 58 ,16,8,１, ,ダ1200,良,,(栗),田中克典,1123,-0.0,,8,8,36.5,422,-6,
,"2023. 2.12",阪神,1阪2,Ｇ２,京都記念G2,8,12,ドウデュース,牡,4,武豊, 58 ,13,1,１, 内,芝2200,良,,(栗),友道康夫,2109,-0.6,11,8,6,34.0,508,,
,"2023. 2.12",阪神,1阪2,3勝,茨木ＳＨ･3勝,5,7,ペルアア,牝,4,岩田望来, 54 ,13,1,１, ,ダ1800,良,,(栗),野中賢二,1528,-0.3,2,2,2,37.3,482,+2,
,"2023. 2.12",阪神,1阪2,1勝,１勝ｸﾗｽ,1,1,ディオ,牡,4,岩田望来, 58 ,17,1,１, 外,芝1600,良,,(栗),辻野泰之,1340,-0.2,,3,4,34.1,500,+2,
,"2023. 2.12",阪神,1阪2,1勝,こぶし賞･1勝,4,4,モズメイメイ,牝,3,武豊, 54 ,7,1,１, 外,芝1600,良,,(栗),音無秀孝,1347,-0.1,,1,1,34.2,456,0,
,"2023. 2.12",阪神,1阪2,1勝,１勝ｸﾗｽ,4,8,ミセスバローズ,牝,5,坂井瑠星, 56 ,16,1,１, ,ダ1400,良,,(栗),上村洋行,1256,-0.1,,14,14,37.1,424,-4,
,"2023. 2.12",阪神,1阪2,未勝利,未勝利,6,7,レシプロシティ,牝,3,和田竜二, 54 ,12,3,１, 内,芝2000,良,,(美),田村康仁,2029,-0.1,3,3,3,35.7,448,-14,
,"2023. 2.12",阪神,1阪2,未勝利,未勝利・牝,4,4,マンデヴィラ,牝,3,岩田望来, 54 ,10,4,１, 外,芝1800,良,,(栗),友道康夫,1478,-0.0,,3,3,34.1,420,+2,
,"2023. 2.12",阪神,1阪2,新馬,新馬,7,11,セラフィックコール,牡,3,ムルザバ, 56 ,13,1,１, ,ダ1800,良,,(栗),寺島良,1552,-1.3,2,2,2,37.5,540,,
,"2023. 2.12",阪神,1阪2,未勝利,未勝利,2,3,ショウナンハクウン,牡,3,岩田康誠, 56 ,16,4,１, ,ダ1400,良,,(美),大竹正博,1262,-1.1,,1,1,39.0,516,+2,
,"2023. 2.12",阪神,1阪2,未勝利,未勝利,7,8,キリンジ,牡,3,永島まな,52★,11,5,１, ,ダ1800,良,,(栗),佐々木晶,1552,-0.6,5,5,5,38.4,486,+4,
,"2023. 2.12",阪神,1阪2,未勝利,未勝利・牝,3,5,エイシンフェンサー,牝,3,岩田望来, 54 ,16,1,１, ,ダ1200,良,,(栗),吉村圭司,1137,-0.2,,2,1,37.8,468,-4,
,"2023. 2.11",阪神,1阪1,2勝,２勝ｸﾗｽ,1,1,ジューンアマデウス,牡,4,和田竜二, 57 ,10,2,１, ,ダ2000,良,,(栗),今野貞一,2087,-0.1,2,2,2,36.4,486,+4,B
,"2023. 2.11",阪神,1阪1,OP(L),洛陽ＳＨ(L),2,2,ジャスティンスカイ,牡,4,福永祐一, 56 ,11,1,１, 外,芝1600,良,,(栗),友道康夫,1331,-0.2,,5,5,33.9,530,+4,
,"2023. 2.11",阪神,1阪1,3勝,但馬Ｓ･3勝,4,4,リューベック,牡,4,武豊, 57 ,13,3,１, 内,芝2000,良,,(栗),須貝尚介,2005,-0.0,4,4,4,33.2,502,-4,
,"2023. 2.11",阪神,1阪1,2勝,須磨特別･2勝,2,2,デビットバローズ,牡,4,岩田望来, 57 ,10,6,１, 外,芝1800,良,,(栗),上村洋行,1459,-0.1,,1,1,33.6,512,+16,
,"2023. 2.11",阪神,1阪1,1勝,１勝ｸﾗｽ・牝,8,14,タカラマドンナ,牝,4,川又賢治, 56 ,14,6,１, ,ダ1200,良,,(栗),杉山佳明,1130,-0.1,,2,1,37.4,450,+4,B
,"2023. 2.11",阪神,1阪1,1勝,１勝ｸﾗｽ,3,3,パトリオットラン,牡,4,角田大河,55△,8,2,１, ,ダ1800,良,,(栗),渡辺薫彦,1539,-0.0,1,1,1,39.0,546,+16,
,"2023. 2.11",阪神,1阪1,1勝,１勝ｸﾗｽ*,8,9,キョウエイゲイル,牡,3,高倉稜, 56 ,10,5,１, ,ダ1400,良,,(栗),田中克典,1247,-0.2,,2,2,37.2,476,+2,
,"2023. 2.11",阪神,1阪1,未勝利,未勝利,5,10,カフジキアッキエレ,牝,3,国分恭介, 54 ,18,11,１, 外,芝1600,良,,(栗),森田直行,1342,-0.4,,15,13,34.0,394,-2,
,"2023. 2.11",阪神,1阪1,新馬,新馬,8,15,カレンハサウェイ,牝,3,岩田望来, 54 ,16,3,１, ,ダ1200,良,,(栗),安田隆行,1146,-0.3,,1,1,37.6,452,,
,"2023. 2.11",阪神,1阪1,未勝利,未勝利,7,7,イエスウィズキャン,牡,3,岩田康誠, 56 ,10,4,１, ,ダ1800,良,,(栗),松永昌博,1559,-0.7,5,2,2,39.8,546,-4,
,"2023. 2.11",阪神,1阪1,未勝利,未勝利,4,7,グランファラオ,牡,3,坂井瑠星, 56 ,16,1,１, ,ダ1200,良,,(栗),高橋義忠,1133,-0.0,,2,2,37.7,492,-8,
,"2023. 2.11",阪神,1阪1,未勝利,未勝利・牝,7,9,ナウズザタイム,牝,3,岩田望来, 54 ,12,4,１, ,ダ1800,良,,(栗),安田隆行,1558,-0.2,2,2,2,39.5,468,+6,
,2022.12.28,阪神,6阪9,3勝,ファイＨ･3勝,4,7,エイシンスポッター,牡,3,角田大河, 56 ,16,2,１, 内,芝1200,良,,(栗),吉村圭司,1083,-0.0,,14,13,33.3,498,+4,
,2022.12.28,阪神,6阪9,OP(L),ベテルギ(L),4,4,サンライズウルス,牡,4,岩田望来, 56 ,13,2,１, ,ダ1800,良,,(栗),安田翔伍,1520,-0.0,7,6,8,36.8,496,+6,B
,2022.12.28,阪神,6阪9,2勝,フォーチ･2勝,8,13,ブルーロワイヤル,セ,3,角田大和, 56 ,14,6,１, 内,芝2000,良,,(栗),音無秀孝,1597,-0.1,5,4,3,35.1,526,+2,B
,2022.12.28,阪神,6阪9,2勝,春待月賞･2勝,8,16,イフティファール,牡,4,川田将雅, 57 ,16,3,１, ,ダ1400,良,,(栗),大久保龍,1245,-0.4,,4,4,37.4,478,+4,
,2022.12.28,阪神,6阪9,1勝,１勝ｸﾗｽ,8,10,ブラックボイス,牡,3,岩田望来, 56 ,11,1,１, ,ダ1800,良,,(美),宮田敬介,1546,-0.1,2,2,2,38.4,510,0,
,2022.12.28,阪神,6阪9,1勝,１勝ｸﾗｽ,2,4,セイクリッド,牝,3,国分恭介, 54 ,16,5,１, ,ダ1400,良,,(栗),大根田裕,1254,-0.2,,14,14,36.8,464,0,
,2022.12.28,阪神,6阪9,1勝,１勝ｸﾗｽ*,6,7,ユティタム,牡,2,川田将雅, 55 ,11,1,１, ,ダ1800,良,,(栗),須貝尚介,1539,-0.5,3,3,3,37.4,520,-2,
,2022.12.28,阪神,6阪9,新馬,新馬,3,5,ランスオブサウンド,牝,2,藤岡佑介, 54 ,18,8,１, 外,芝1600,良,*,(栗),奥村豊,1360,-0.2,,5,5,33.6,428,,
,2022.12.28,阪神,6阪9,未勝利,障害未勝利,3,3,イベリア,牡,7,北沢伸也, 60 ,9,1,１, ,ダ2970,良,,(栗),橋田満,3241,-0.1,2,2,1,13.7,532,+20,
,2022.12.28,阪神,6阪9,未勝利,未勝利*,5,10,メモリーズオブユー,牡,2,富田暁, 55 ,16,12,１, 外,芝1800,良,,(栗),高橋義忠,1479,-0.1,,2,2,35.3,522,+26,
,2022.12.28,阪神,6阪9,未勝利,未勝利*,7,14,アトモストリミッツ,牝,2,北村友一, 54 ,16,5,１, 内,芝1200,良,,(栗),池添学,1099,-0.1,,1,1,34.8,444,+6,
,2022.12.28,阪神,6阪9,未勝利,未勝利*,4,5,オルノア,牝,2,岩田望来, 54 ,13,4,１, ,ダ1800,良,,(栗),新谷功一,1559,-0.1,1,1,1,38.4,492,0,
,2022.12.25,阪神,6阪8,2勝,猪名川特･2勝,7,9,ケデシュ,牝,3,坂井瑠星, 54 ,12,1,１, 内,芝1400,良,,(栗),上村洋行,1205,-0.0,,8,8,34.9,486,+4,
,2022.12.25,阪神,6阪8,ｵｰﾌﾟﾝ,りんくう,1,2,ケイアイドリー,牡,5,藤岡康太, 57 ,16,2,１, ,ダ1200,良,*,(栗),村山明,1106,-0.2,,5,4,35.5,516,+2,
,2022.12.25,阪神,6阪8,3勝,サンタク･3勝,2,2,ビッグリボン,牝,4,イーガン, 55 ,13,1,１, 内,芝2000,良,,(栗),中内田充,2002,-0.0,3,5,6,35.2,512,+16,
,2022.12.25,阪神,6阪8,2勝,鳥取特別･2勝,5,8,サンマルレジェンド,牡,4,酒井学, 57 ,15,7,１, ,ダ1800,良,,(栗),大橋勇樹,1530,-0.3,2,2,2,38.6,478,+4,
,2022.12.25,阪神,6阪8,1勝,１勝ｸﾗｽ,4,6,ダイリュウブラック,牡,3,荻野琢真, 56 ,15,1,１, ,ダ1200,良,,(栗),梅田智之,1121,-0.1,,4,5,36.1,454,+6,
,2022.12.25,阪神,6阪8,1勝,１勝ｸﾗｽ・牝,2,2,メタルゴッド,牝,3,坂井瑠星, 54 ,12,1,１, ,ダ1800,良,,(栗),矢作芳人,1547,-1.0,1,1,1,38.8,450,0,
,2022.12.25,阪神,6阪8,新馬,新馬,2,4,エクローサ,牝,2,角田大河,52△,18,14,１, 内,芝1400,良,,(栗),坂口智康,1231,-0.1,,9,9,35.2,444,,
,2022.12.25,阪神,6阪8,未勝利,障害未勝利,5,5,エナジーロッソ,牝,4,平沢健治, 58 ,9,2,１, ,ダ2970,良,,(栗),高柳大輔,3219,-0.1,2,1,2,13.6,498,+14,B
,2022.12.25,阪神,6阪8,新馬,新馬,2,2,タガノチョコラータ,牝,2,角田大和,53☆,14,1,１, ,ダ1800,良,,(栗),角田晃一,1580,-0.1,4,4,3,39.8,512,,
,2022.12.25,阪神,6阪8,未勝利,未勝利*,2,3,パンデアスカル,牡,2,イーガン, 55 ,15,4,１, 外,芝1600,良,*,(栗),高野友和,1359,-0.2,,2,3,34.4,506,+6,
,2022.12.25,阪神,6阪8,未勝利,未勝利*,2,4,スマートハンター,牡,2,鮫島克駿, 55 ,16,5,１, ,ダ1400,良,,(栗),中村直也,1267,-0.1,,5,5,38.9,504,-4,
,2022.12.25,阪神,6阪8,未勝利,未勝利*,6,11,アルムエアフォルク,牝,2,永島まな,50★,16,3,１, ,ダ1800,良,,(栗),平田修,1565,-0.2,3,3,3,38.3,462,+6,
,2022.12.24,阪神,6阪7,1勝,１勝ｸﾗｽ,4,4,リアド,牡,3,イーガン, 55 ,8,1,１, 外,芝2400,良,,(栗),友道康夫,2271,-0.2,3,3,3,36.1,476,+4,
,2022.12.24,阪神,6阪7,Ｇ２,阪神カッG2,7,14,ダイアトニック,牡,7,岩田康誠, 57 ,18,1,１, 内,芝1400,良,,(栗),安田隆行,1202,-0.0,,5,4,35.2,478,+6,
,2022.12.24,阪神,6阪7,3勝,摩耶ＳＨ･3勝,5,9,プロミストウォリア,牡,5,ムルザバ, 56 ,16,1,１, ,ダ1800,稍,,(栗),野中賢二,1520,-1.0,1,1,1,38.1,520,-4,
,2022.12.24,阪神,6阪7,1勝,万両賞･1勝*,8,9,テラステラ,牡,2,坂井瑠星, 55 ,9,5,１, 内,芝1400,良,,(栗),矢作芳人,1217,-0.0,,2,2,34.5,470,-2,
,2022.12.24,阪神,6阪7,2勝,２勝ｸﾗｽ,7,14,ハッピースワニー,牝,3,Ｃ．デム, 54 ,16,1,１, ,ダ1400,稍,,(栗),牧浦充徳,1242,-0.6,,4,4,38.0,440,+6,B
,2022.12.24,阪神,6阪7,1勝,１勝ｸﾗｽ,8,9,ラッキーモー,セ,4,ムルザバ, 57 ,10,8,１, ,ダ1800,稍,,(栗),松永幹夫,1544,-0.2,3,3,3,38.2,456,+8,
,2022.12.24,阪神,6阪7,新馬,新馬,6,12,モックモック,牡,2,今村聖奈,52▲,16,1,１, ,ダ1400,稍,,(栗),寺島良,1254,-1.5,,2,1,37.4,478,,
,2022.12.24,阪神,6阪7,新馬,新馬,7,15,プッシュオン,牡,2,松山弘平, 55 ,18,3,１, 外,芝1800,良,,(栗),西村真幸,1491,-0.0,,7,4,35.1,456,,
,2022.12.24,阪神,6阪7,未勝利,未勝利*,6,11,セオ,牡,2,岩田望来, 55 ,16,2,１, 内,芝2000,良,,(栗),上村洋行,2015,-0.0,2,1,1,35.7,484,0,
,2022.12.24,阪神,6阪7,未勝利,未勝利*,4,8,ゴルデールスカー,牡,2,Ｃ．デム, 55 ,16,5,１, ,ダ1400,稍,,(栗),大久保龍,1262,-0.0,,15,12,37.2,462,+6,
,2022.12.24,阪神,6阪7,未勝利,未勝利*,5,9,サイレンスタイム,牡,2,川田将雅, 55 ,16,2,１, ,ダ1200,稍,,(栗),安達昭夫,1126,-1.2,,2,2,36.5,486,-2,
,2022.12.24,阪神,6阪7,未勝利,未勝利*,8,14,クールミラボー,牡,2,Ｃ．デム, 55 ,15,1,１, ,ダ1800,稍,,(栗),寺島良,1558,-0.5,8,7,7,39.1,484,-2,
,2022.12.18,阪神,6阪6,3勝,御影Ｓ･3勝,7,14,ディアノイア,牝,4,横山武史, 55 ,16,4,１, ,ダ1400,良,,(栗),杉山晴紀,1249,-0.1,,2,3,37.0,470,-4,
,2022.12.18,阪神,6阪6,Ｇ１,フューチG1,1,2,ドルチェモア,牡,2,坂井瑠星, 55 ,17,1,１, 外,芝1600,良,,(栗),須貝尚介,1339,-0.1,,3,3,35.8,474,+2,
,2022.12.18,阪神,6阪6,3勝,六甲アイ･3勝,2,2,アグリ,牡,3,松山弘平, 56 ,15,2,１, 内,芝1400,良,,(栗),安田隆行,1203,-0.3,,2,2,35.2,494,+4,
,2022.12.18,阪神,6阪6,2勝,高砂特別･2勝,2,3,ラヴケリー,牝,4,福永祐一, 55 ,16,7,１, ,ダ1200,良,,(栗),高柳大輔,1120,-0.1,,7,7,36.4,460,+8,
,2022.12.18,阪神,6阪6,2勝,２勝ｸﾗｽ・牝,4,5,ラグラスドシエル,牝,4,松山弘平, 55 ,13,3,１, ,ダ1800,良,,(栗),中村直也,1545,-0.1,10,10,10,38.2,470,+8,
,2022.12.18,阪神,6阪6,1勝,１勝ｸﾗｽ,6,6,ジューンアマデウス,牡,3,小沢大仁,55☆,7,3,１, ,ダ2000,良,,(栗),今野貞一,2081,-0.4,7,7,4,39.3,482,-2,B
,2022.12.18,阪神,6阪6,新馬,新馬,8,12,ユイノマチブセ,牡,2,木幡初也, 55 ,13,5,１, ,ダ1200,良,,(美),竹内正洋,1132,-1.1,,2,2,37.2,438,,
,2022.12.18,阪神,6阪6,新馬,新馬,8,8,マイネルラウレア,牡,2,横山武史, 55 ,8,1,１, 内,芝2000,良,,(栗),宮徹,2055,-0.0,6,6,7,34.8,498,,
,2022.12.18,阪神,6阪6,未勝利,未勝利*,3,4,ショウナンバシット,牡,2,福永祐一, 55 ,15,1,１, 外,芝1800,良,,(栗),須貝尚介,1475,-0.4,,5,4,35.6,506,+4,
,2022.12.18,阪神,6阪6,未勝利,未勝利・牝*,8,14,ハーパー,牝,2,イーガン, 54 ,15,1,１, 外,芝1600,良,,(栗),友道康夫,1353,-0.3,,2,2,34.5,478,0,
,2022.12.18,阪神,6阪6,未勝利,未勝利*,2,4,スモーキンビリー,牡,2,武豊, 55 ,16,2,１, ,ダ1200,良,,(栗),音無秀孝,1142,-0.1,,2,2,39.2,480,-2,
,2022.12.18,阪神,6阪6,未勝利,未勝利*,3,3,ギリギリチョップ,牡,2,坂井瑠星, 55 ,12,1,１, ,ダ1800,良,,(栗),大久保龍,1550,-0.3,1,1,1,39.6,538,+6,
,2022.12.17,阪神,6阪5,1勝,１勝ｸﾗｽ,2,2,マイシンフォニー,牝,3,武豊, 54 ,15,1,１, 外,芝1800,稍,,(栗),松永幹夫,1469,-0.0,,10,9,34.1,482,+2,
,2022.12.17,阪神,6阪5,ｵｰﾌﾟﾝ,タンザナＨ,3,5,グルーヴィット,牡,6,岩田康誠, 57 ,16,7,１, 内,芝1200,稍,,(栗),松永幹夫,1082,-0.0,,3,3,34.5,502,+14,
,2022.12.17,阪神,6阪5,2勝,甲東特別･2勝,1,1,トーホウディアス,牡,4,秋山真一, 57 ,12,3,１, 外,芝1600,稍,,(栗),南井克巳,1343,-0.0,,2,2,34.9,460,+16,
,2022.12.17,阪神,6阪5,2勝,赤穂特別･2勝,6,7,キングズソード,牡,3,川田将雅, 56 ,11,1,１, ,ダ1800,稍,,(栗),寺島良,1532,-1.6,6,8,4,37.1,506,+8,
,2022.12.17,阪神,6阪5,1勝,１勝ｸﾗｽ,2,2,アランチャータ,牝,3,吉田隼人, 54 ,15,9,１, ,ダ1400,稍,*,(栗),上村洋行,1254,-0.1,,2,2,39.2,476,+10,
,2022.12.17,阪神,6阪5,未勝利,未勝利*,3,5,マルクパージュ,牝,2,岩田康誠, 54 ,18,3,１, 内,芝1400,良,,(栗),斉藤崇史,1228,-0.2,,12,12,35.2,400,-4,
,2022.12.17,阪神,6阪5,新馬,新馬,7,7,テンカオーライ,牡,2,鮫島克駿, 55 ,9,2,１, ,ダ1800,良,,(栗),松下武士,1569,-0.1,1,1,1,38.0,494,,
,2022.12.17,阪神,6阪5,新馬,新馬,5,5,ルンナノオクリモノ,牡,2,国分優作, 55 ,9,8,１, 内,芝1200,良,,(栗),大根田裕,1109,-0.3,,7,7,34.8,466,,
,2022.12.17,阪神,6阪5,ｵｰﾌﾟﾝ,障害・オープ,3,3,ロードアクア,牡,6,難波剛健, 60 ,11,1,１, ,ダ3110,良,,(栗),中村直也,3290,-0.3,2,2,2,13.4,486,+8,
,2022.12.17,阪神,6阪5,未勝利,未勝利*,3,6,ミルトハンター,牡,2,角田大和,54☆,16,4,１, ,ダ1400,良,,(栗),中竹和也,1259,-0.0,,8,8,36.9,474,-20,
,2022.12.17,阪神,6阪5,未勝利,未勝利*,6,11,メジェド,牡,2,鮫島克駿, 55 ,15,1,１, ,ダ1800,良,,(栗),佐々木晶,1556,-0.4,8,3,2,39.2,532,-2,
,2022.12.17,阪神,6阪5,未勝利,未勝利・牝*,7,11,ミラクルティアラ,牝,2,松若風馬, 54 ,14,2,１, ,ダ1200,良,,(栗),加用正,1129,-0.2,,2,1,37.3,442,-2,
,2022.12.11,阪神,6阪4,2勝,夙川特別･2勝,7,13,テイエムランウェイ,牡,3,岩田望来, 56 ,16,1,１, ,ダ1200,良,,(栗),飯田雄三,1117,-0.3,,5,4,36.3,476,-4,B
,2022.12.11,阪神,6阪4,Ｇ１,阪神ジュG1,5,9,リバティアイランド,牝,2,川田将雅, 54 ,18,1,１, 外,芝1600,良,,(栗),中内田充,1331,-0.4,,8,8,35.5,462,-6,
,2022.12.11,阪神,6阪4,3勝,竹田城Ｓ･3勝,7,10,ウェルカムニュース,牡,3,イーガン, 56 ,12,2,１, ,ダ2000,良,,(栗),池江泰寿,2068,-0.0,5,3,2,37.9,506,+6,
,2022.12.11,阪神,6阪4,3勝,オリオン･3勝,8,12,スタッドリー,牡,4,坂井瑠星, 57 ,12,3,１, 内,芝2200,良,*,(栗),奥村豊,2131,-0.4,8,7,6,35.1,520,+10,
,2022.12.11,阪神,6阪4,2勝,２勝ｸﾗｽ,7,7,スズカノロッソ,セ,7,坂井瑠星, 57 ,10,5,１, 外,芝2400,良,,(美),小島茂之,2272,-0.3,6,7,7,34.7,478,-10,
,2022.12.11,阪神,6阪4,1勝,１勝ｸﾗｽ,3,3,エクセスリターン,牡,3,岩田望来, 56 ,10,1,１, ,ダ1800,良,,(栗),野中賢二,1533,-0.1,9,8,3,36.7,532,-6,B
,2022.12.11,阪神,6阪4,1勝,１勝ｸﾗｽ*,4,4,パラシュラーマ,牡,2,岩田望来, 55 ,8,1,１, ,ダ1200,良,,(栗),浜田多実,1128,-0.2,,6,5,37.1,464,-6,
,2022.12.11,阪神,6阪4,新馬,新馬,4,6,アルーリングビュー,牝,2,Ｍ．デム, 54 ,14,1,１, 外,芝1600,良,,(栗),吉村圭司,1360,-0.3,,6,5,33.9,470,,
,2022.12.11,阪神,6阪4,新馬,新馬,4,4,ペプチドソレイユ,牡,2,横山和生, 55 ,9,1,１, ,ダ1800,良,,(栗),武英智,1581,-0.1,3,3,4,38.0,496,,
,2022.12.11,阪神,6阪4,未勝利,未勝利*,6,11,サトノグランツ,牡,2,川田将雅, 55 ,15,2,１, 外,芝1800,良,,(栗),友道康夫,1472,-0.1,,4,4,35.0,482,+4,
,2022.12.11,阪神,6阪4,未勝利,未勝利*,7,8,ドンアミティエ,牡,2,松山弘平, 55 ,11,3,１, ,ダ1400,良,,(栗),今野貞一,1255,-0.8,,2,1,38.0,490,+22,
,2022.12.11,阪神,6阪4,未勝利,未勝利*,4,4,サグアロ,牡,2,松山弘平, 55 ,9,1,１, ,ダ1800,良,,(栗),高野友和,1557,-0.5,3,3,2,38.3,528,+8,B
,2022.12.10,阪神,6阪3,2勝,２勝ｸﾗｽ,5,7,カフジテトラゴン,牝,3,角田大河,52△,13,1,１, 内,芝1200,良,,(栗),武英智,1086,-0.1,,1,1,34.1,458,0,
,2022.12.10,阪神,6阪3,OP(L),リゲルＳ(L),3,3,シャイニーロック,牡,6,松若風馬, 56 ,9,8,１, 外,芝1600,良,,(栗),佐々木晶,1336,-0.1,,1,1,33.9,506,+2,
,2022.12.10,阪神,6阪3,2勝,豊中特Ｈ･2勝,6,11,ゼウスバイオ,牡,3,吉田隼人, 54 ,16,2,１, ,ダ1800,良,,(栗),畑端省吾,1527,-0.3,9,9,9,37.4,504,+2,
,2022.12.10,阪神,6阪3,1勝,エリカ賞･1勝,2,2,レミージュ,牝,2,荻野極, 54 ,13,11,１, 内,芝2000,良,,(栗),松永幹夫,2007,-0.1,1,1,1,35.6,434,0,
,2022.12.10,阪神,6阪3,1勝,１勝ｸﾗｽ,6,9,サトノテンペスト,牡,4,松山弘平, 57 ,13,1,１, ,ダ1200,良,,(栗),高橋亮,1111,-0.6,,2,2,35.6,506,0,B
,2022.12.10,阪神,6阪3,未勝利,未勝利*,5,10,テラステラ,牡,2,鮫島克駿, 55 ,16,1,１, 内,芝1200,良,,(栗),矢作芳人,1091,-0.4,,3,3,34.5,472,-2,
,2022.12.10,阪神,6阪3,新馬,新馬・牝,4,5,トウシンカーリン,牝,2,松山弘平, 54 ,14,6,１, ,ダ1400,良,,(栗),杉山晴紀,1268,-0.3,,4,3,37.4,468,,
,2022.12.10,阪神,6阪3,新馬,新馬,2,2,フリンジティアラ,牝,2,藤岡康太, 54 ,9,7,１, 内,芝2000,良,,(栗),上村洋行,2025,-0.1,1,1,1,35.3,472,,
,2022.12.10,阪神,6阪3,ｵｰﾌﾟﾝ,障害・オープ,3,3,テーオーソクラテス,牡,5,小坂忠士, 61 ,14,9,１, ,ダ3110,良,,(栗),奥村豊,3314,-0.1,2,2,2,13.6,462,+18,
,2022.12.10,阪神,6阪3,未勝利,未勝利*,6,7,グレン,牡,2,福永祐一, 55 ,11,1,１, ,ダ1800,良,,(栗),野中賢二,1558,-0.2,2,2,1,36.4,476,-4,
,2022.12.10,阪神,6阪3,未勝利,未勝利*,2,2,メイショウオトギ,牝,2,松山弘平, 54 ,13,2,１, ,ダ1200,良,,(栗),池添兼雄,1125,-0.7,,1,1,36.8,424,-4,
,2022.12.10,阪神,6阪3,未勝利,未勝利・牝*,4,4,ヨリノサファイヤ,牝,2,松山弘平, 54 ,13,1,１, ,ダ1800,良,,(栗),村山明,1563,-1.3,5,4,4,39.0,498,-8,
,"2022.12. 4",阪神,6阪2,2勝,２勝ｸﾗｽ,8,11,リヴェール,牝,5,坂井瑠星, 55 ,12,1,１, 内,芝1400,良,,(栗),鮫島一歩,1211,-0.2,,1,1,34.1,456,+6,
,"2022.12. 4",阪神,6阪2,ｵｰﾌﾟﾝ,ギャラクＨ,6,10,デンコウリジエール,牡,5,秋山真一, 56 ,14,5,１, ,ダ1400,稍,,(栗),荒川義之,1238,-0.0,,7,6,35.8,484,+2,
,"2022.12. 4",阪神,6阪2,3勝,逆瀬川Ｈ･3勝,1,1,ドーブネ,牡,3,吉田隼人, 55 ,12,1,１, 外,芝1800,良,,(栗),武幸四郎,1463,-0.1,,3,3,33.8,480,+4,
,"2022.12. 4",阪神,6阪2,1勝,さざんか･1勝,3,3,ミルトクレイモー,牡,2,岩田望来, 55 ,8,3,１, 内,芝1200,良,,(栗),中村直也,1082,-0.5,,2,2,33.9,498,-4,
,"2022.12. 4",阪神,6阪2,2勝,２勝ｸﾗｽ・牝,3,4,スズカマクフィ,牝,4,藤岡佑介, 55 ,15,2,１, ,ダ1400,稍,,(栗),橋田満,1253,-0.0,,6,7,37.1,438,0,
,"2022.12. 4",阪神,6阪2,1勝,１勝ｸﾗｽ,8,9,ラインオブソウル,牡,3,吉田隼人, 56 ,9,1,１, ,ダ1800,稍,,(栗),音無秀孝,1534,-0.4,2,2,2,37.4,498,0,
,"2022.12. 4",阪神,6阪2,新馬,新馬,1,1,インヒズアイズ,牝,2,坂井瑠星, 54 ,12,2,１, ,ダ1400,稍,,(栗),矢作芳人,1256,-0.2,,1,1,37.6,468,,
,"2022.12. 4",阪神,6阪2,新馬,新馬,4,5,トンジンチ,牝,2,藤岡佑介, 54 ,14,3,１, 外,芝1800,良,,(栗),藤原英昭,1476,-0.7,,1,1,34.4,464,,
,"2022.12. 4",阪神,6阪2,未勝利,障害未勝利,7,7,リーガルマナー,セ,5,森一馬, 60 ,8,1,１, ,ダ2970,良,,(栗),四位洋文,3269,-0.9,2,2,1,13.9,502,+8,
,"2022.12. 4",阪神,6阪2,未勝利,未勝利*,5,5,スズノハマヤ,牡,2,吉田隼人, 55 ,11,3,１, ,ダ1800,稍,,(栗),石坂公一,1570,-0.3,3,2,2,39.0,472,0,
,"2022.12. 4",阪神,6阪2,未勝利,未勝利*,8,10,スマートファントム,牡,2,坂井瑠星, 55 ,11,4,１, 内,芝2000,良,,(栗),石橋守,2014,-0.1,5,5,5,34.2,468,-6,
,"2022.12. 4",阪神,6阪2,未勝利,未勝利・牝*,7,10,ジュンウィンダム,牝,2,岩田望来, 54 ,13,1,１, ,ダ1400,稍,*,(栗),浜田多実,1261,-0.6,,2,1,38.3,488,0,
,"2022.12. 3",阪神,6阪1,2勝,２勝ｸﾗｽ,3,3,ストロングウィル,牡,3,福永祐一, 56 ,9,2,１, 外,芝1800,良,,(栗),橋口慎介,1455,-0.0,,6,6,33.9,486,+10,
,"2022.12. 3",阪神,6阪1,Ｇ３,チャレンG3,6,10,ソーヴァリアント,牡,4,ルメール, 56 ,14,1,１, 内,芝2000,良,,(美),大竹正博,1575,-0.3,4,4,3,35.1,506,-2,
,"2022.12. 3",阪神,6阪1,3勝,妙見山Ｓ･3勝,4,4,リアンクール,牝,4,岩田康誠, 55 ,13,6,１, ,ダ1200,稍,,(栗),安田隆行,1114,-0.1,,10,10,35.0,486,-6,B
,"2022.12. 3",阪神,6阪1,2勝,境港特別･2勝,1,1,シルバーエース,牡,5,松山弘平, 57 ,12,3,１, ,ダ2000,稍,,(栗),橋口慎介,2061,-0.2,1,1,1,39.3,468,-4,
,"2022.12. 3",阪神,6阪1,1勝,１勝ｸﾗｽ,1,1,モナルヒ,牡,3,松山弘平, 56 ,12,1,１, ,ダ1400,稍,,(栗),小崎憲,1255,-0.3,,7,6,37.4,470,0,
,"2022.12. 3",阪神,6阪1,1勝,１勝ｸﾗｽ・牝,2,2,ニホンピロクリーク,牝,3,国分優作, 54 ,9,4,１, ,ダ1200,稍,,(栗),大橋勇樹,1123,-0.1,,4,4,36.8,478,+2,
,"2022.12. 3",阪神,6阪1,新馬,新馬,3,5,イリゼ,牝,2,秋山真一, 54 ,16,7,１, 内,芝1400,良,*,(栗),武幸四郎,1217,-0.2,,6,7,35.0,400,,
,"2022.12. 3",阪神,6阪1,新馬,新馬,8,12,フルングニル,牡,2,川田将雅, 55 ,12,1,１, ,ダ1800,稍,,(栗),杉山晴紀,1534,-0.4,2,1,2,38.1,562,,
,"2022.12. 3",阪神,6阪1,未勝利,未勝利*,3,3,ニシノベストワン,牡,2,藤岡佑介, 55 ,11,4,１, 外,芝1600,良,,(栗),新谷功一,1358,-0.3,,7,7,33.7,460,-2,
,"2022.12. 3",阪神,6阪1,未勝利,未勝利・牝*,4,6,アンリーロード,牝,2,福永祐一, 54 ,14,1,１, 外,芝1800,良,,(栗),茶木太樹,1474,-0.1,,5,4,35.4,464,+4,
,"2022.12. 3",阪神,6阪1,未勝利,未勝利*,3,4,ペプチドハドソン,牡,2,川田将雅, 55 ,14,1,１, ,ダ1200,稍,,(栗),武英智,1134,-0.0,,2,2,37.2,482,0,
,"2022.12. 3",阪神,6阪1,未勝利,未勝利*,1,1,ユティタム,牡,2,川田将雅, 55 ,13,1,１, ,ダ1800,稍,,(栗),須貝尚介,1540,-1.3,2,2,1,38.0,522,+20,
,2022.11.27,阪神,5阪8,Ｇ３,京阪杯G3,7,14,トウシンマカオ,牡,3,鮫島克駿, 55 ,16,1,１, 内,芝1200,良,,(美),高柳瑞樹,1072,-0.2,,5,5,33.0,454,0,
,2022.11.27,阪神,5阪8,ｵｰﾌﾟﾝ,カノープＨ,2,3,ウシュバテソーロ,牡,5,横山和生,56.5,16,1,１, ,ダ2000,稍,,(美),高木登,2037,-0.4,13,11,10,37.3,524,+6,
,2022.11.27,阪神,5阪8,3勝,立雲峡Ｈ･3勝,6,8,アールドヴィーヴル,牝,4,岩田望来, 54 ,13,2,１, 外,芝1600,良,,(栗),今野貞一,1319,-0.1,,6,6,34.4,438,+6,
,2022.11.27,阪神,5阪8,1勝,白菊賞･1勝*,6,7,ムーンプローブ,牝,2,岩田望来, 54 ,11,4,１, 外,芝1600,良,,(栗),上村洋行,1342,-0.0,,2,2,34.3,468,-2,
,2022.11.27,阪神,5阪8,2勝,２勝ｸﾗｽ,3,5,プライムライン,牡,5,坂井瑠星, 57 ,16,1,１, ,ダ1400,稍,,(栗),田中克典,1240,-0.2,,4,4,37.4,474,+2,
,2022.11.27,阪神,5阪8,1勝,１勝ｸﾗｽ,1,1,メイクアリープ,牡,3,幸英明, 55 ,8,1,１, ,ダ1800,稍,,(栗),大根田裕,1522,-0.4,1,1,1,36.5,478,-4,
,2022.11.27,阪神,5阪8,新馬,新馬,4,5,イングランドアイズ,牝,2,横山和生, 54 ,14,5,１, 内,芝2000,良,,(栗),安田翔伍,2029,-0.0,5,6,6,34.9,432,,
,2022.11.27,阪神,5阪8,未勝利,障害未勝利,7,7,メイショウベンガル,牡,5,森一馬, 60 ,8,3,１, ,ダ2970,良,,(栗),松永昌博,3200,-0.1,2,2,1,13.5,484,+14,
,2022.11.27,阪神,5阪8,新馬,新馬・牝,1,2,ダノンセシボン,牝,2,鮫島克駿, 54 ,16,12,１, ,ダ1200,稍,,(栗),千田輝彦,1127,-0.2,,2,2,35.9,520,,
,2022.11.27,阪神,5阪8,未勝利,未勝利*,5,6,セッション,牡,2,坂井瑠星, 55 ,12,1,１, 外,芝1800,良,,(栗),斉藤崇史,1479,-0.2,,1,1,34.9,514,0,
,2022.11.27,阪神,5阪8,未勝利,未勝利*,1,1,ソフィアエール,牝,2,西村淳也, 54 ,16,4,１, 内,芝1200,良,,(栗),杉山晴紀,1088,-0.5,,1,1,34.8,422,+8,
,2022.11.27,阪神,5阪8,未勝利,未勝利*,2,2,アントニオヒロキ,牡,2,北村宏司, 55 ,13,6,１, ,ダ1800,稍,,(栗),北出成人,1562,-0.3,11,10,9,39.7,460,0,
,2022.11.26,阪神,5阪7,2勝,２勝ｸﾗｽ,2,3,ヨシノイースター,牡,4,富田暁, 57 ,16,1,１, 内,芝1200,良,,(栗),中尾秀正,1081,-0.1,,7,8,33.2,480,+2,
,2022.11.26,阪神,5阪7,Ｇ３,京都２歳G3,4,7,グリューネグリーン,牡,2,Ｍ．デム, 55 ,15,5,１, 内,芝2000,良,,(美),相沢郁,2005,-0.0,1,1,1,35.7,476,-2,
,2022.11.26,阪神,5阪7,3勝,茨木Ｓ･3勝,1,2,ヘラルドバローズ,牡,3,松山弘平, 55 ,16,2,１, ,ダ1800,稍,,(栗),寺島良,1503,-0.8,2,2,2,36.6,492,+2,
,2022.11.26,阪神,5阪7,2勝,江坂特別･2勝,6,7,タイムオブフライト,牡,3,吉田隼人, 55 ,11,1,１, 外,芝2600,良,,(栗),辻野泰之,2377,-0.0,5,5,5,34.5,434,0,
,2022.11.26,阪神,5阪7,2勝,２勝ｸﾗｽ,4,5,ミッキーヌチバナ,牡,4,Ｃ．デム, 57 ,13,1,１, ,ダ1800,稍,*,(栗),高橋亮,1515,-0.4,3,3,3,38.3,516,-6,
,2022.11.26,阪神,5阪7,1勝,１勝ｸﾗｽ,2,3,クレド,牡,3,高倉稜, 56 ,15,3,１, ,ダ1200,稍,,(栗),田中克典,1119,-0.1,,1,2,36.7,428,-2,
,2022.11.26,阪神,5阪7,1勝,１勝ｸﾗｽ,8,9,オブジェダート,牡,3,鮫島克駿, 55 ,9,3,１, ,ダ2000,稍,,(栗),橋口慎介,2060,-0.5,1,1,1,37.3,500,+2,
,2022.11.26,阪神,5阪7,新馬,新馬,2,4,クファシル,牡,2,ムーア, 55 ,18,2,１, 外,芝1600,良,,(栗),池添学,1353,-0.1,,1,1,34.3,490,,
,2022.11.26,阪神,5阪7,新馬,新馬,4,7,オーサムリザルト,牝,2,武豊, 54 ,16,2,１, ,ダ1800,稍,,(栗),池江泰寿,1536,-0.4,6,3,4,37.4,490,,
,2022.11.26,阪神,5阪7,未勝利,未勝利*,2,3,テンノメッセージ,牝,2,Ｃ．デム, 54 ,16,2,１, 内,芝1400,良,,(栗),高柳大輔,1210,-0.4,,1,1,34.8,460,0,
,2022.11.26,阪神,5阪7,未勝利,未勝利*,7,11,タイセイランナー,牡,2,今村聖奈,52▲,13,6,１, ,ダ1200,稍,,(栗),牧浦充徳,1124,-0.2,,4,2,37.0,486,+2,
,2022.11.26,阪神,5阪7,未勝利,未勝利*,5,5,ジョヴィアン,牡,2,Ｃ．デム, 55 ,11,1,１, ,ダ1800,稍,,(栗),奥村豊,1536,-1.1,1,1,1,37.4,504,-8,
,2022.11.20,阪神,5阪6,3勝,姫路Ｓ･3勝,5,7,カセノダンサー,牝,3,吉田隼人, 54 ,14,4,１, ,ダ1400,稍,,(栗),中尾秀正,1239,-0.0,,3,2,35.8,482,-2,
,2022.11.20,阪神,5阪6,Ｇ１,マイルチG1,5,10,セリフォス,牡,3,レーン, 56 ,17,6,１, 外,芝1600,良,,(栗),中内田充,1325,-0.2,,14,13,33.0,486,-4,
,2022.11.20,阪神,5阪6,2勝,再度山Ｈ･2勝,6,6,フィデル,牡,3,ムーア, 55 ,11,1,１, 外,芝1800,良,,(栗),友道康夫,1475,-0.2,,10,9,33.2,490,+4,
,2022.11.20,阪神,5阪6,2勝,２勝ｸﾗｽ・牝,4,7,カラフルキューブ,牝,3,藤岡佑介, 53 ,16,4,１, ,ダ1800,稍,,(栗),高野友和,1520,-0.3,9,8,4,36.5,472,+4,
,2022.11.20,阪神,5阪6,1勝,秋明菊賞･1勝,1,1,コーパスクリスティ,牡,2,Ｃ．デム, 55 ,5,4,１, 内,芝1400,良,,(栗),中内田充,1223,-0.3,,5,5,34.0,454,+14,
,2022.11.20,阪神,5阪6,1勝,１勝ｸﾗｽ,8,15,ラクスバラディー,牝,3,Ｃ．デム, 54 ,16,2,１, ,ダ1400,稍,*,(栗),清水久詞,1252,-0.5,,2,1,36.2,514,+12,
,2022.11.20,阪神,5阪6,1勝,１勝ｸﾗｽ,5,5,ゼウスバイオ,牡,3,幸英明, 55 ,12,5,１, ,ダ1800,稍,,(栗),畑端省吾,1536,-0.2,5,5,6,37.0,502,+6,
,2022.11.20,阪神,5阪6,新馬,新馬,3,3,ベラジオオペラ,牡,2,レーン, 55 ,9,3,１, 外,芝1800,稍,,(栗),上村洋行,1480,-0.0,,2,2,33.6,506,,
,2022.11.20,阪神,5阪6,新馬,新馬,8,9,タッチウッド,牡,2,ムーア, 55 ,9,1,１, 内,芝2000,稍,,(栗),武幸四郎,2022,-1.0,1,1,1,34.0,524,,
,2022.11.20,阪神,5阪6,未勝利,未勝利*,1,1,マイネルメモリー,牡,2,Ｃ．デム, 55 ,14,1,１, 外,芝1600,稍,*,(栗),宮徹,1346,-0.1,,11,7,34.0,446,+2,
,2022.11.20,阪神,5阪6,未勝利,未勝利*,6,9,ウイニンググレイス,牡,2,幸英明, 55 ,14,4,１, ,ダ1800,稍,,(栗),松永昌博,1558,-0.2,2,2,2,38.6,492,-18,
,2022.11.20,阪神,5阪6,未勝利,未勝利・牝*,8,12,ハンベルジャイト,牝,2,Ｃ．デム, 54 ,12,3,１, ,ダ1400,稍,,(栗),大久保龍,1258,-0.2,,2,2,37.2,492,+4,
,2022.11.19,阪神,5阪5,1勝,１勝ｸﾗｽ,5,9,レベレンシア,牡,3,鮫島克駿, 56 ,18,4,１, 外,芝1600,良,,(栗),安田翔伍,1357,-0.0,,3,3,33.1,488,-2,
,2022.11.19,阪神,5阪5,OP(L),アンドＨ(L),4,4,マテンロウレオ,牡,3,横山典弘, 54 ,11,5,１, 内,芝2000,良,,(栗),昆貢,1593,-0.2,3,4,3,34.9,472,-4,
,2022.11.19,阪神,5阪5,3勝,尼崎Ｓ･3勝,3,3,インプレス,牡,3,鮫島克駿, 55 ,12,2,１, 外,芝2400,良,,(栗),佐々木晶,2279,-0.1,9,12,12,32.8,524,+4,
,2022.11.19,阪神,5阪5,2勝,出石特別･2勝,3,6,オディロン,牡,3,池添謙一, 55 ,16,1,１, ,ダ1800,良,,(栗),浜田多実,1532,-0.1,2,2,2,38.8,496,+10,
,2022.11.19,阪神,5阪5,2勝,２勝ｸﾗｽ,3,5,イスラアネーロ,牡,3,和田竜二, 56 ,16,1,１, ,ダ1200,良,,(栗),吉村圭司,1112,-0.8,,1,1,36.3,440,0,
,2022.11.19,阪神,5阪5,1勝,１勝ｸﾗｽ・牝,2,2,プレミアムスマイル,牝,3,Ｃ．デム, 53 ,11,1,１, ,ダ1800,良,,(栗),池添学,1534,-0.9,1,1,1,37.0,490,-2,
,2022.11.19,阪神,5阪5,新馬,新馬,6,11,スマートフォルス,牡,2,武豊, 55 ,16,6,１, ,ダ1400,良,,(栗),吉村圭司,1263,-0.5,,2,2,36.9,472,,
,2022.11.19,阪神,5阪5,新馬,新馬,7,11,グランテスト,牝,2,坂井瑠星, 54 ,14,3,１, 内,芝1200,良,,(栗),今野貞一,1103,-0.2,,3,3,34.5,454,,
,2022.11.19,阪神,5阪5,未勝利,未勝利*,2,2,ジュンツバメガエシ,牡,2,Ｃ．デム, 55 ,13,1,１, 内,芝2000,良,,(栗),友道康夫,2023,-0.1,4,3,4,34.8,498,-6,
,2022.11.19,阪神,5阪5,未勝利,未勝利・牝*,4,4,ミタマ,牝,2,岩田望来, 54 ,13,2,１, 外,芝1800,良,,(栗),上村洋行,1479,-0.1,,5,5,34.1,462,0,
,2022.11.19,阪神,5阪5,未勝利,未勝利*,1,1,ペイシャハヤブサ,牡,2,角田大河,53△,11,2,１, ,ダ1800,良,,(栗),吉田直弘,1557,-0.3,4,6,3,37.7,498,+8,
,2022.11.19,阪神,5阪5,未勝利,未勝利*,2,3,レゾルシオン,牡,2,岩田望来, 55 ,15,1,１, ,ダ1400,良,,(栗),鈴木孝志,1261,-0.1,,5,5,38.2,468,+2,
,2022.11.13,阪神,5阪4,2勝,ドンカス･2勝,4,5,モズリッキー,牡,3,松山弘平, 56 ,13,2,１, ,ダ1400,重,,(栗),上村洋行,1231,-0.2,,4,4,35.3,464,+10,
,2022.11.13,阪神,5阪4,Ｇ１,エリザベG1,8,18,ジェラルディーナ,牝,4,Ｃ．デム, 56 ,18,4,１, 内,芝2200,重,,(栗),斉藤崇史,2130,-0.3,12,11,9,35.4,470,+6,
,2022.11.13,阪神,5阪4,ｵｰﾌﾟﾝ,室町ＳＨ,4,8,エアアルマス,牡,7,川須栄彦, 58 ,16,9,１, ,ダ1200,重,,(栗),池添学,1091,-0.4,,3,3,35.5,488,-4,B
,2022.11.13,阪神,5阪4,1勝,黄菊賞･1勝*,8,8,セブンマジシャン,牡,2,Ｃ．デム, 55 ,9,1,１, 内,芝2000,重,,(栗),高野友和,2038,-0.2,9,8,8,34.7,476,+2,
,2022.11.13,阪神,5阪4,2勝,２勝ｸﾗｽ,2,2,ミクソロジー,牡,3,ムーア, 55 ,14,1,１, 内,芝2200,重,,(栗),辻野泰之,2150,-0.5,7,9,8,36.2,434,0,
,2022.11.13,阪神,5阪4,2勝,２勝ｸﾗｽ,6,7,ジュタロウ,牡,3,武豊, 55 ,11,1,１, ,ダ2000,重,,(栗),河内洋,2031,-0.9,3,3,2,37.1,492,+8,
,2022.11.13,阪神,5阪4,1勝,１勝ｸﾗｽ,3,3,サンライズアリオン,牡,3,松山弘平, 55 ,12,3,１, ,ダ1800,稍,,(栗),平田修,1516,-0.9,1,1,1,36.6,518,+6,
,2022.11.13,阪神,5阪4,新馬,新馬,1,1,サンライズピース,牡,2,吉田隼人, 55 ,7,5,１, 外,芝1800,稍,,(栗),河内洋,1503,-0.0,,6,6,34.1,494,,
,2022.11.13,阪神,5阪4,未勝利,未勝利・牝*,6,6,ユリーシャ,牝,2,松山弘平, 54 ,10,3,１, 外,芝1600,稍,,(栗),中村直也,1347,-0.4,,1,1,34.7,456,-6,
,2022.11.13,阪神,5阪4,未勝利,未勝利*,5,9,メテオリート,牝,2,Ｃ．デム, 54 ,15,2,１, 内,芝1400,良,,(栗),吉岡辰弥,1230,-0.0,,10,10,35.5,490,-2,
,2022.11.13,阪神,5阪4,未勝利,未勝利*,4,5,エーティースピカ,牝,2,川端海翼,51▲,14,4,１, ,ダ1200,良,,(栗),木原一良,1139,-0.7,,1,1,38.2,498,+2,
,2022.11.13,阪神,5阪4,未勝利,未勝利*,5,5,ジャスパーバローズ,牡,2,フォーリ, 55 ,11,4,１, ,ダ1800,良,,(栗),清水久詞,1556,-0.1,3,5,4,37.5,496,0,
,2022.11.12,阪神,5阪3,2勝,２勝ｸﾗｽ,7,8,アグリ,牡,3,Ｃ．デム, 56 ,11,1,１, 内,芝1400,良,,(栗),安田隆行,1219,-0.6,,1,1,33.6,490,+4,
,2022.11.12,阪神,5阪3,Ｇ２,デイリーG2,8,10,オールパルフェ,牡,2,大野拓弥, 55 ,10,3,１, 外,芝1600,良,,(美),和田雄二,1332,-0.1,,1,1,34.2,482,+4,
,2022.11.12,阪神,5阪3,3勝,堺Ｓ･3勝,8,13,フィロロッソ,牡,5,池添謙一, 57 ,14,4,１, ,ダ1800,良,,(栗),中竹和也,1512,-0.2,11,7,5,37.4,482,+2,
,2022.11.12,阪神,5阪3,3勝,岸和田Ｈ･3勝,4,4,ニホンピロスクーロ,セ,5,吉田隼人, 54 ,10,4,１, 内,芝2000,良,,(栗),服部利之,1598,-0.1,1,1,1,34.6,504,-6,B
,2022.11.12,阪神,5阪3,ＪＧ３,京都ジャJG3,6,8,ホッコーメヴィウス,セ,6,黒岩悠, 60 ,13,1,１, ,芝3140,良,,(栗),清水久詞,3262,-1.1,1,1,1,13.1,484,+4,
,2022.11.12,阪神,5阪3,1勝,１勝ｸﾗｽ,3,5,ゼットノヴァ,牡,3,幸英明, 56 ,16,1,１, ,ダ1200,良,,(栗),吉田直弘,1127,-0.0,,15,14,36.0,440,-8,
,2022.11.12,阪神,5阪3,1勝,１勝ｸﾗｽ,6,11,テイエムランウェイ,牡,3,岩田望来, 56 ,15,4,１, ,ダ1400,良,,(栗),飯田雄三,1240,-0.4,,4,4,36.9,480,-2,B
,2022.11.12,阪神,5阪3,新馬,新馬,6,9,エンファサイズ,牡,2,藤岡康太, 55 ,13,6,１, 外,芝1600,良,,(栗),四位洋文,1345,-0.3,,10,6,34.2,446,,
,2022.11.12,阪神,5阪3,新馬,新馬,2,2,サンデーファンデー,牡,2,武豊, 55 ,9,5,１, ,ダ1800,良,,(栗),音無秀孝,1557,-0.2,1,1,1,37.6,542,,
,2022.11.12,阪神,5阪3,未勝利,未勝利*,8,10,セレンディピティ,牡,2,松山弘平, 55 ,11,1,１, 内,芝2000,良,,(栗),音無秀孝,2010,-0.7,10,8,5,34.7,480,0,
,2022.11.12,阪神,5阪3,未勝利,未勝利*,3,5,エンペラーワケア,牡,2,松山弘平, 55 ,15,2,１, ,ダ1400,良,,(栗),杉山晴紀,1245,-1.7,,1,1,36.4,512,-10,
,2022.11.12,阪神,5阪3,未勝利,未勝利・牝*,6,6,クレメダンジュ,牝,2,和田竜二, 54 ,7,1,１, ,ダ1800,良,,(栗),鈴木孝志,1551,-0.3,6,5,4,38.8,462,-2,
,"2022.11. 6",阪神,5阪2,2勝,２勝ｸﾗｽ,4,4,ルージュスティリア,牝,3,福永祐一, 54 ,9,2,１, 外,芝1600,良,,(栗),藤原英昭,1326,-0.0,,3,3,33.5,486,+2,
,"2022.11. 6",阪神,5阪2,Ｇ３,みやこＳG3,7,14,サンライズホープ,牡,5,幸英明, 56 ,16,11,１, ,ダ1800,良,,(栗),羽月友彦,1516,-0.0,12,11,8,36.5,538,0,B
,"2022.11. 6",阪神,5阪2,3勝,道頓堀Ｓ･3勝,2,2,ジャスパージャック,牡,6,川田将雅, 57 ,10,2,１, 内,芝1200,良,,(栗),森秀行,1083,-0.0,,1,1,33.8,542,+2,B
,"2022.11. 6",阪神,5阪2,1勝,もちの木･1勝,6,6,デルマソトガケ,牡,2,松若風馬, 55 ,7,3,１, ,ダ1800,良,,(栗),音無秀孝,1553,-0.0,4,3,4,37.4,498,+6,
,"2022.11. 6",阪神,5阪2,2勝,２勝ｸﾗｽ,3,6,ニューフロンティア,牡,4,吉田隼人, 57 ,16,1,１, ,ダ1200,良,,(栗),田中克典,1119,-0.2,,5,4,37.1,492,0,
,"2022.11. 6",阪神,5阪2,1勝,１勝ｸﾗｽ,4,4,パーティーベル,牡,3,横山和生, 55 ,12,3,１, ,ダ1800,良,,(栗),松永幹夫,1522,-0.2,11,11,7,37.1,456,-8,
,"2022.11. 6",阪神,5阪2,新馬,新馬・牝,5,10,バースクライ,牝,2,福永祐一, 54 ,17,1,１, 外,芝1600,良,,(栗),千田輝彦,1358,-0.1,,7,7,33.1,478,,
,"2022.11. 6",阪神,5阪2,新馬,新馬,1,1,ノーブルクライ,牡,2,福永祐一, 55 ,13,2,１, 内,芝2000,良,,(栗),友道康夫,2025,-0.7,4,4,2,34.8,484,,
,"2022.11. 6",阪神,5阪2,新馬,新馬,8,12,ルイス,牡,2,角田大河,53△,12,2,１, ,ダ1200,良,,(栗),角田晃一,1142,-0.6,,1,1,38.0,482,,
,"2022.11. 6",阪神,5阪2,未勝利,未勝利*,1,1,フリームファクシ,牡,2,川田将雅, 55 ,6,1,１, 内,芝2000,良,,(栗),須貝尚介,2039,-0.4,4,4,4,33.6,504,-8,
,"2022.11. 6",阪神,5阪2,未勝利,未勝利*,5,5,アームズレイン,牡,2,横山武史, 55 ,12,3,１, ,ダ1400,良,,(栗),上村洋行,1257,-0.1,,2,2,37.5,492,-2,
,"2022.11. 6",阪神,5阪2,未勝利,未勝利*,4,4,ドゥラリアル,牡,2,岩田康誠, 55 ,8,1,１, ,ダ1800,良,,(栗),上村洋行,1546,-1.5,3,1,1,38.5,488,+6,
,"2022.11. 5",阪神,5阪1,1勝,１勝ｸﾗｽ,8,11,トゥデイイズザデイ,牡,3,福永祐一, 55 ,12,1,１, 外,芝1800,良,,(栗),池江泰寿,1456,-0.1,,4,2,34.1,468,+4,
,"2022.11. 5",阪神,5阪1,Ｇ３,ファンタG3,6,8,リバーラ,牝,2,石橋脩, 54 ,12,10,１, 内,芝1400,良,,(美),高柳瑞樹,1213,-0.2,,1,1,35.0,432,+14,
,"2022.11. 5",阪神,5阪1,3勝,安芸ＳＨ･3勝,8,15,カルネアサーダ,牝,3,鮫島克駿, 52 ,16,3,１, ,ダ1200,良,,(栗),加用正,1116,-0.2,,2,2,36.7,458,+2,
,"2022.11. 5",阪神,5阪1,2勝,蛍池特別･2勝,8,9,セントカメリア,牝,3,Ｃ．デム, 53 ,10,1,１, 内,芝2000,良,,(栗),高野友和,1597,-0.5,2,2,2,35.2,444,-4,
,"2022.11. 5",阪神,5阪1,2勝,２勝ｸﾗｽ,7,10,プロミストウォリア,牡,5,角田大河,55△,12,1,１, ,ダ1800,良,,(栗),野中賢二,1525,-0.3,3,2,2,38.4,524,-4,
,"2022.11. 5",阪神,5阪1,1勝,１勝ｸﾗｽ,2,4,イフティファール,牡,4,川田将雅, 57 ,16,1,１, ,ダ1400,良,,(栗),大久保龍,1249,-0.1,,6,6,37.3,474,-4,
,"2022.11. 5",阪神,5阪1,新馬,新馬,8,9,キレナイカ,牡,2,吉田隼人, 55 ,9,3,１, ,ダ1800,良,,(栗),須貝尚介,1550,-0.1,3,3,2,36.5,522,,B
,"2022.11. 5",阪神,5阪1,新馬,新馬,6,7,ダークブロンド,牝,2,Ｃ．デム, 54 ,12,1,１, 内,芝1400,良,,(栗),高橋亮,1230,-0.1,,5,4,34.3,422,,
,"2022.11. 5",阪神,5阪1,未勝利,未勝利*,8,8,トーホウガレオン,牡,2,福永祐一, 55 ,8,1,１, 外,芝1800,良,,(栗),石坂公一,1479,-0.2,,2,2,34.3,496,-2,
,"2022.11. 5",阪神,5阪1,未勝利,未勝利*,6,6,ダルエスサラーム,牝,2,Ｃ．デム, 54 ,11,2,１, 外,芝1600,良,,(栗),高野友和,1360,-0.3,,6,5,33.5,442,+6,
,"2022.11. 5",阪神,5阪1,未勝利,未勝利*,3,4,アスターチェンチ,牡,2,角田大河,53△,14,2,１, ,ダ1200,良,,(栗),中竹和也,1134,-0.9,,2,2,37.0,504,-4,
,"2022.11. 5",阪神,5阪1,未勝利,未勝利*,7,8,エイシンセラフィム,牡,2,藤岡康太, 55 ,10,2,１, ,ダ1800,良,,(栗),野中賢二,1572,-0.6,7,6,5,38.7,498,-2,
,2022.10.30,阪神,4阪9,2勝,２勝ｸﾗｽ,6,10,タガノクリステル,牝,3,鮫島克駿, 53 ,14,1,１, ,ダ1400,良,*,(栗),長谷川浩,1240,-0.0,,2,2,37.2,484,+10,B
,2022.10.30,阪神,4阪9,OP(L),カシオペ(L),8,14,アドマイヤビルゴ,牡,5,武豊, 57 ,15,2,１, 外,芝1800,良,,(栗),友道康夫,1461,-0.1,,1,1,33.6,436,-2,
,2022.10.30,阪神,4阪9,3勝,古都ＳＨ･3勝,3,3,プリュムドール,牝,4,岩田望来, 53 ,14,2,１, 内,芝3000,良,,(栗),奥村豊,3042,-0.2,7,8,6,36.2,474,+8,
,2022.10.30,阪神,4阪9,2勝,武田尾特･2勝,8,9,ドーブネ,牡,3,武豊, 55 ,9,2,１, 外,芝1800,良,,(栗),武幸四郎,1467,-0.4,,1,1,32.9,476,+6,
,2022.10.30,阪神,4阪9,1勝,１勝ｸﾗｽ,7,7,セレッソ,牝,3,岩田望来, 53 ,10,1,１, ,ダ1800,良,,(栗),長谷川浩,1534,-0.3,3,3,3,37.5,462,0,
,2022.10.30,阪神,4阪9,1勝,１勝ｸﾗｽ,8,12,メルシー,牝,3,武豊, 53 ,12,2,１, ,ダ1200,良,,(栗),今野貞一,1124,-0.1,,4,4,36.9,416,-4,
,2022.10.30,阪神,4阪9,新馬,新馬,4,4,ローレルキャニオン,牡,2,酒井学, 55 ,11,2,１, ,ダ1800,良,,(栗),須貝尚介,1564,-0.7,6,6,2,37.7,550,,
,2022.10.30,阪神,4阪9,新馬,新馬,2,2,アイルシャイン,牡,2,坂井瑠星, 55 ,12,1,１, 外,芝1800,良,,(栗),新谷功一,1487,-0.1,,8,6,34.1,474,,
,2022.10.30,阪神,4阪9,新馬,新馬,6,8,ヴィエンヌ,牝,2,団野大成, 54 ,13,2,１, 内,芝1200,良,,(栗),中尾秀正,1107,-0.1,,11,12,33.7,482,,
,2022.10.30,阪神,4阪9,未勝利,未勝利*,3,3,ジュエルピーチ,牝,2,団野大成, 54 ,14,1,１, 内,芝1400,良,,(栗),西村真幸,1225,-0.2,,4,4,35.3,434,0,
,2022.10.30,阪神,4阪9,未勝利,未勝利*,4,4,ゼットスティール,牡,2,和田竜二, 55 ,8,1,１, ,ダ1800,良,,(栗),川村禎彦,1555,-0.1,5,4,4,38.6,516,0,
,2022.10.30,阪神,4阪9,未勝利,未勝利・牝*,4,4,エメラダ,牝,2,松若風馬, 54 ,12,7,１, ,ダ1400,良,,(栗),長谷川浩,1272,-0.2,,10,9,37.8,428,-4,
,2022.10.29,阪神,4阪8,2勝,２勝ｸﾗｽ,7,9,インベルシオン,牡,3,岩田望来, 55 ,12,2,１, ,ダ1800,良,,(栗),清水久詞,1540,-0.1,5,5,5,37.3,536,+4,
,2022.10.29,阪神,4阪8,Ｇ２,スワンＳG2,2,4,ダイアトニック,牡,7,岩田康誠, 56 ,18,4,１, 内,芝1400,良,*,(栗),安田隆行,1198,-0.2,,5,5,34.2,472,-6,
,2022.10.29,阪神,4阪8,3勝,西脇Ｓ･3勝,3,4,ジュディッタ,牝,4,Ｃ．デム, 55 ,14,1,１, ,ダ1800,良,,(栗),石坂公一,1524,-0.0,4,3,3,38.1,514,-2,
,2022.10.29,阪神,4阪8,OP(L),萩Ｓ(L),3,3,トップナイフ,牡,2,横山典弘, 55 ,7,6,１, 外,芝1800,良,,(栗),昆貢,1462,-0.3,,2,2,33.9,484,+2,
,2022.10.29,阪神,4阪8,2勝,２勝ｸﾗｽ,1,1,カバーガール,牝,4,岩田望来, 55 ,10,1,１, 内,芝1400,良,,(栗),清水久詞,1208,-0.0,,3,4,35.1,476,+6,
,2022.10.29,阪神,4阪8,1勝,１勝ｸﾗｽ,4,7,スーサンアッシャー,牡,3,横山典弘, 55 ,18,1,１, 外,芝1600,良,,(栗),鈴木孝志,1332,-0.2,,16,16,33.6,466,+6,
,2022.10.29,阪神,4阪8,1勝,１勝ｸﾗｽ,5,7,リチュアル,セ,3,吉田隼人, 55 ,13,3,１, ,ダ1800,良,,(栗),田中克典,1538,-0.1,3,3,2,38.7,510,+2,
,2022.10.29,阪神,4阪8,新馬,新馬,7,8,マイネルエンペラー,牡,2,和田竜二, 55 ,11,2,１, 内,芝2000,良,,(栗),清水久詞,2019,-0.3,8,8,8,34.0,454,,
,2022.10.29,阪神,4阪8,新馬,新馬,8,13,ヘニータイフーン,牝,2,岩田望来, 54 ,13,1,１, ,ダ1400,良,,(栗),中村直也,1271,-0.1,,6,6,36.9,492,,
,2022.10.29,阪神,4阪8,未勝利,未勝利*,6,9,ティムール,牡,2,鮫島克駿, 55 ,13,3,１, 外,芝1800,良,,(栗),中竹和也,1477,-0.1,,12,10,34.2,452,0,
,2022.10.29,阪神,4阪8,未勝利,未勝利*,8,11,パラシュラーマ,牡,2,福永祐一, 55 ,11,1,１, ,ダ1200,良,,(栗),浜田多実,1125,-0.9,,2,3,37.2,470,+18,
,2022.10.29,阪神,4阪8,未勝利,未勝利*,4,4,オーロイプラータ,牡,2,幸英明, 55 ,10,8,１, ,ダ1800,良,,(栗),宮本博,1553,-1.3,9,8,6,37.5,532,-4,B
,2022.10.23,阪神,4阪7,3勝,天王寺Ｈ･3勝,8,16,レディオマジック,牡,5,田辺裕信, 54 ,16,5,１, ,ダ1400,良,,(栗),佐々木晶,1236,-0.0,,9,9,36.5,498,+6,
,2022.10.23,阪神,4阪7,Ｇ１,菊花賞G1,7,14,アスクビクターモア,牡,3,田辺裕信, 57 ,18,2,１, 内,芝3000,良,,(美),田村康仁,3024,-0.0,2,2,1,36.9,476,0,
,2022.10.23,阪神,4阪7,3勝,元町Ｓ･3勝,7,8,フラーズダルム,牝,4,坂井瑠星, 55 ,10,5,１, 外,芝1600,良,,(栗),松永昌博,1323,-0.3,,9,9,33.1,500,0,
,2022.10.23,阪神,4阪7,2勝,北摂特別･2勝,8,12,スリーパーダ,牝,3,横山武史, 53 ,13,2,１, 内,芝1200,良,,(栗),斉藤崇史,1087,-0.0,,4,5,33.6,414,0,
,2022.10.23,阪神,4阪7,1勝,なでしこ･1勝,6,6,フェルヴェンテ,牡,2,浜中俊, 55 ,9,5,１, ,ダ1400,良,,(栗),加用正,1252,-0.3,,6,4,37.1,470,+4,
,2022.10.23,阪神,4阪7,2勝,２勝ｸﾗｽ・牝,8,15,ドライゼ,牝,3,横山和生, 53 ,16,1,１, ,ダ1800,良,,(栗),須貝尚介,1524,-0.3,7,4,4,37.1,498,+4,
,2022.10.23,阪神,4阪7,1勝,１勝ｸﾗｽ,2,2,メイショウフンケイ,牡,4,池添謙一, 57 ,15,1,１, ,ダ1400,良,,(栗),池添兼雄,1241,-0.5,,2,2,37.2,522,-2,
,2022.10.23,阪神,4阪7,新馬,新馬,6,7,ドクタードリトル,牡,2,松山弘平, 55 ,11,6,１, 外,芝1800,良,,(栗),今野貞一,1483,-0.3,,10,10,33.5,464,,
,2022.10.23,阪神,4阪7,新馬,新馬,2,2,タカネノハナコサン,牝,2,岩田望来, 54 ,15,2,１, ,ダ1200,良,,(栗),飯田雄三,1128,-0.8,,1,1,38.0,482,,
,2022.10.23,阪神,4阪7,未勝利,未勝利*,1,1,サトノクローク,牡,2,川田将雅, 55 ,10,1,１, 内,芝2000,良,,(栗),橋口慎介,2016,-0.1,4,4,3,35.2,476,+6,
,2022.10.23,阪神,4阪7,未勝利,未勝利*,8,11,ムーンプローブ,牝,2,北村友一, 54 ,11,5,１, 外,芝1600,良,,(栗),上村洋行,1340,-0.1,,3,3,34.8,470,-2,
,2022.10.23,阪神,4阪7,未勝利,未勝利*,1,1,カレンアルカンタラ,牡,2,川田将雅, 55 ,12,1,１, ,ダ1800,良,,(栗),新谷功一,1554,-0.2,4,4,4,37.6,492,-4,
,2022.10.22,阪神,4阪6,2勝,２勝ｸﾗｽ,4,5,サンライズアムール,牡,3,池添謙一, 55 ,14,1,１, ,ダ1200,良,,(栗),小林真也,1107,-0.0,,3,3,36.1,514,+14,
,2022.10.22,阪神,4阪6,ｵｰﾌﾟﾝ,オータム,3,6,オーヴァーネクサス,牡,5,北村友一, 57 ,16,4,１, ,ダ1400,良,,(栗),松下武士,1236,-0.0,,6,6,37.1,504,0,
,2022.10.22,阪神,4阪6,2勝,兵庫特Ｈ･2勝,8,10,インプレス,牡,3,鮫島克駿, 53 ,11,2,１, 外,芝2400,良,,(栗),佐々木晶,2256,-0.1,9,9,7,34.3,520,-4,
,2022.10.22,阪神,4阪6,2勝,北國新聞･2勝,7,8,ハイエンド,牡,3,坂井瑠星, 55 ,10,1,１, ,ダ2000,良,,(栗),清水久詞,2057,-0.3,6,2,1,38.2,526,-2,
,2022.10.22,阪神,4阪6,1勝,１勝ｸﾗｽ,2,2,ケイアイシェルビー,牡,4,藤懸貴志, 57 ,9,1,１, ,ダ1800,良,,(栗),平田修,1529,-0.1,4,3,2,37.8,472,0,
,2022.10.22,阪神,4阪6,1勝,１勝ｸﾗｽ,2,2,ダークエクリプス,牡,3,吉田隼人, 55 ,9,4,１, 内,芝2000,良,,(栗),今野貞一,1599,-0.0,6,7,4,34.5,480,0,
,2022.10.22,阪神,4阪6,1勝,１勝ｸﾗｽ・牝,1,1,デルマセドナ,牝,3,坂井瑠星, 53 ,11,3,１, ,ダ1800,良,,(栗),田中克典,1538,-0.0,6,7,6,37.7,470,0,
,2022.10.22,阪神,4阪6,新馬,新馬,8,9,シングザットソング,牝,2,吉田隼人, 54 ,10,1,１, 外,芝1600,良,,(栗),高野友和,1376,-0.0,,6,6,33.5,432,,
,2022.10.22,阪神,4阪6,新馬,新馬・牝,3,5,サザーランド,牝,2,北村友一, 54 ,18,3,１, 内,芝1400,良,,(栗),小林真也,1219,-0.1,,1,1,35.0,432,,
,2022.10.22,阪神,4阪6,新馬,新馬,1,1,バリアントバイオ,牡,2,和田竜二, 55 ,10,7,１, ,ダ1800,良,,(栗),今野貞一,1558,-1.3,6,6,6,37.8,512,,
,2022.10.22,阪神,4阪6,未勝利,未勝利*,3,3,ルーフ,牝,2,坂井瑠星, 54 ,10,1,１, 内,芝1200,良,,(栗),清水久詞,1095,-0.7,,1,1,33.7,486,-4,
,2022.10.22,阪神,4阪6,未勝利,未勝利*,3,3,ゼットリアン,牡,2,坂井瑠星, 55 ,12,1,１, ,ダ1400,良,,(栗),吉田直弘,1264,-0.1,,7,6,37.3,442,-4,
,2022.10.16,阪神,4阪5,3勝,平城京Ｈ･3勝,8,15,ディパッセ,牡,3,川田将雅, 53 ,15,2,１, ,ダ1800,良,,(栗),高柳大輔,1527,-0.0,1,1,1,37.9,484,+10,
,2022.10.16,阪神,4阪5,Ｇ１,秋華賞G1,4,7,スタニングローズ,牝,3,坂井瑠星, 55 ,16,3,１, 内,芝2000,良,*,(栗),高野友和,1586,-0.1,5,5,4,34.3,488,0,
,2022.10.16,阪神,4阪5,3勝,西宮Ｓ･3勝,8,8,ピンハイ,牝,3,川田将雅, 53 ,9,1,１, 外,芝1800,良,,(栗),田中克典,1443,-0.2,,7,7,33.0,414,+12,
,2022.10.16,阪神,4阪5,ｵｰﾌﾟﾝ,もみじＳ,5,5,ウンブライル,牝,2,ルメール, 54 ,7,1,１, 内,芝1400,良,,(美),木村哲也,1215,-0.5,,5,5,33.5,474,+10,
,2022.10.16,阪神,4阪5,2勝,２勝ｸﾗｽ,7,10,クロニクル,牡,3,吉田隼人, 55 ,13,1,１, ,ダ1800,良,,(栗),田中克典,1527,-0.2,4,3,2,37.8,514,+10,
,2022.10.16,阪神,4阪5,1勝,１勝ｸﾗｽ,7,8,サンセットクラウド,牡,3,坂井瑠星, 54 ,10,4,１, 外,芝2400,良,,(栗),矢作芳人,2253,-0.0,2,2,2,34.7,452,+4,
,2022.10.16,阪神,4阪5,1勝,１勝ｸﾗｽ,7,10,サクセスローレル,牡,3,池添謙一, 55 ,13,2,１, ,ダ1400,良,,(栗),北出成人,1243,-0.3,,2,2,37.1,512,-2,
,2022.10.16,阪神,4阪5,新馬,新馬,1,1,ルモンドブリエ,牡,2,ルメール, 55 ,8,1,１, 内,芝2000,良,,(栗),友道康夫,2057,-0.1,3,4,4,34.9,506,,
,2022.10.16,阪神,4阪5,新馬,新馬,8,12,ダンテバローズ,牡,2,岩田望来, 55 ,12,2,１, ,ダ1400,良,,(栗),上村洋行,1264,-0.1,,4,4,37.6,500,,
,2022.10.16,阪神,4阪5,未勝利,未勝利*,7,7,ランフリーバンクス,牝,2,武豊, 54 ,8,1,１, 外,芝1600,良,,(栗),武幸四郎,1340,-0.8,,4,4,33.6,426,+8,
,2022.10.16,阪神,4阪5,未勝利,未勝利*,2,2,ロイガヴェーグル,牡,2,鮫島克駿, 55 ,8,1,１, ,ダ1800,良,,(栗),浜田多実,1556,-0.2,3,4,3,38.6,440,+4,
,2022.10.16,阪神,4阪5,未勝利,未勝利*,7,7,ゴッドセンド,牡,2,福永祐一, 55 ,10,3,１, ,ダ1200,良,,(栗),浜田多実,1136,-0.0,,1,1,37.2,464,-2,
,2022.10.15,阪神,4阪4,2勝,２勝ｸﾗｽ,8,15,ヘイセイメジャー,牡,5,和田竜二, 57 ,15,4,１, ,ダ1400,良,,(栗),木原一良,1244,-0.1,,5,5,37.2,490,0,
,2022.10.15,阪神,4阪4,ｵｰﾌﾟﾝ,太秦Ｓ,3,6,ハギノアレグリアス,牡,5,富田暁, 56 ,16,1,１, ,ダ1800,良,,(栗),四位洋文,1511,-0.2,6,7,6,36.5,492,+6,
,2022.10.15,阪神,4阪4,2勝,能勢特別･2勝,5,5,ダノンドリーマー,牡,4,岩田望来, 57 ,7,2,１, 内,芝2000,良,,(栗),藤原英昭,2007,-0.0,5,5,5,34.1,488,+4,
,2022.10.15,阪神,4阪4,1勝,紫菊賞･1勝*,1,1,コスモサガルマータ,牡,2,松若風馬, 55 ,7,6,１, 外,芝1800,良,,(栗),梅田智之,1473,-0.2,,7,7,33.1,476,+4,
,2022.10.15,阪神,4阪4,2勝,２勝ｸﾗｽ,5,5,ジュノー,牡,4,松若風馬, 57 ,12,1,１, 内,芝1400,良,,(栗),音無秀孝,1206,-0.1,,1,1,34.0,522,-12,
,2022.10.15,阪神,4阪4,1勝,１勝ｸﾗｽ,7,12,ジューンヨシツネ,牡,3,鮫島克駿, 55 ,15,3,１, ,ダ1200,良,,(栗),松下武士,1125,-0.0,,6,7,36.7,458,-6,
,2022.10.15,阪神,4阪4,1勝,１勝ｸﾗｽ,1,1,マテンロウマジック,牡,3,横山典弘, 55 ,11,5,１, ,ダ1800,良,,(栗),高橋亮,1521,-0.2,4,3,3,37.1,484,+6,
,2022.10.15,阪神,4阪4,新馬,新馬,2,2,エイムインライフ,牝,2,浜中俊, 54 ,10,5,１, 外,芝1600,良,,(栗),角田晃一,1350,-0.2,,3,3,33.4,468,,
,2022.10.15,阪神,4阪4,新馬,新馬,8,11,ブリタニア,牡,2,松山弘平, 55 ,11,3,１, ,ダ1800,良,,(栗),杉山佳明,1546,-0.7,2,3,3,37.1,484,,
,2022.10.15,阪神,4阪4,未勝利,未勝利*,1,1,フォーサイドナイン,牡,2,池添謙一, 55 ,5,2,１, 外,芝1800,良,,(栗),奥村豊,1464,-0.3,,3,3,35.1,470,-2,
,2022.10.15,阪神,4阪4,未勝利,未勝利*,8,9,ネイキッド,牡,2,川田将雅, 55 ,9,1,１, ,ダ1400,良,,(栗),宮本博,1271,-0.3,,2,2,38.6,472,+10,
,2022.10.15,阪神,4阪4,未勝利,未勝利・牝*,4,4,コパノバークレー,牝,2,角田大河,51▲,10,5,１, ,ダ1200,良,,(栗),渡辺薫彦,1136,-0.1,,2,2,38.1,448,+4,
,2022.10.10,阪神,4阪3,2勝,２勝ｸﾗｽ・牝,6,10,ディアノイア,牝,4,松山弘平, 55 ,15,3,１, ,ダ1400,重,,(栗),杉山晴紀,1228,-0.1,,7,6,36.1,474,-6,
,2022.10.10,阪神,4阪3,Ｇ２,京都大賞G2,6,10,ヴェラアズール,牡,5,松山弘平, 56 ,14,2,１, 外,芝2400,稍,,(栗),渡辺薫彦,2243,-0.4,10,11,10,33.2,518,+8,
,2022.10.10,阪神,4阪3,3勝,播州Ｓ･3勝,7,9,ファイアランス,牡,5,川田将雅, 57 ,12,2,１, ,ダ1200,重,,(栗),野中賢二,1098,-0.1,,7,7,34.9,512,+4,
,2022.10.10,阪神,4阪3,1勝,１勝ｸﾗｽ,6,6,セルバーグ,牡,3,今村聖奈,51★,11,4,１, 外,芝1800,稍,,(栗),鈴木孝志,1453,-0.2,,1,1,34.9,432,+4,
,2022.10.10,阪神,4阪3,1勝,りんどう･1勝,4,4,イティネラートル,牝,2,鮫島克駿, 54 ,6,3,１, 内,芝1400,稍,,(栗),長谷川浩,1228,-0.5,,1,1,34.3,408,-6,
,2022.10.10,阪神,4阪3,1勝,１勝ｸﾗｽ,7,11,スリードレフォン,牡,3,北村友一, 55 ,14,4,１, ,ダ1200,不,,(栗),木原一良,1108,-0.2,,3,2,36.1,512,+6,
,2022.10.10,阪神,4阪3,1勝,１勝ｸﾗｽ,6,7,インベルシオン,牡,3,岩田望来, 55 ,11,4,１, ,ダ1800,不,,(栗),清水久詞,1512,-0.3,6,7,6,36.1,532,-2,
,2022.10.10,阪神,4阪3,新馬,新馬,5,5,グランヴィノス,牡,2,川田将雅, 55 ,9,1,１, 内,芝2000,稍,,(栗),友道康夫,2035,-0.2,7,5,4,33.8,518,,
,2022.10.10,阪神,4阪3,新馬,新馬,3,3,スーパーアグリ,牡,2,坂井瑠星, 55 ,13,5,１, 内,芝1400,重,,(栗),矢作芳人,1222,-0.2,,3,4,35.2,452,,
,2022.10.10,阪神,4阪3,未勝利,未勝利・牝*,8,12,ブライトサイン,牝,2,Ｍ．デム, 54 ,12,8,１, 外,芝1600,重,*,(栗),須貝尚介,1357,-0.1,,10,8,34.0,444,-6,
,2022.10.10,阪神,4阪3,未勝利,未勝利*,8,11,エルデストサン,牡,2,川田将雅, 55 ,11,1,１, ,ダ1800,不,,(栗),須貝尚介,1514,-1.4,1,1,1,38.0,492,+2,B
,2022.10.10,阪神,4阪3,未勝利,未勝利*,8,12,コパノハンプトン,牡,2,岩田康誠, 55 ,12,5,１, ,ダ1400,不,,(栗),宮徹,1242,-1.1,,2,2,36.9,500,+10,
,"2022.10. 9",阪神,4阪2,2勝,２勝ｸﾗｽ,6,11,ウォームライト,牡,3,藤岡佑介, 55 ,16,3,１, ,ダ1200,重,,(栗),四位洋文,1108,-0.3,,13,10,35.4,500,0,
,"2022.10. 9",阪神,4阪2,OP(L),オパーＨ(L),8,16,トウシンマカオ,牡,3,鮫島克駿, 54 ,16,3,１, 内,芝1200,稍,*,(美),高柳瑞樹,1086,-0.3,,11,9,34.0,454,+2,
,"2022.10. 9",阪神,4阪2,3勝,トルマリ･3勝,2,3,ヴァレーデラルナ,牝,3,岩田望来, 53 ,15,1,１, ,ダ1800,重,,(栗),藤原英昭,1503,-0.1,6,8,5,36.2,510,0,
,"2022.10. 9",阪神,4阪2,1勝,１勝ｸﾗｽ,8,14,ピンクマクフィー,牝,3,坂井瑠星, 53 ,15,1,１, 内,芝1400,良,,(栗),四位洋文,1206,-0.4,,7,5,34.9,438,+4,
,"2022.10. 9",阪神,4阪2,2勝,三田特別･2勝,5,5,セントウル,牡,6,武豊, 57 ,7,2,１, 内,芝2200,良,,(栗),森秀行,2148,-0.2,4,4,3,33.6,490,0,
,"2022.10. 9",阪神,4阪2,1勝,１勝ｸﾗｽ・牝,5,9,ピジョンブラッド,牝,3,川島信二, 53 ,16,4,１, ,ダ1800,稍,,(栗),荒川義之,1522,-0.0,3,3,3,37.8,500,+2,
,"2022.10. 9",阪神,4阪2,1勝,１勝ｸﾗｽ,6,12,ゴールドフライト,牡,4,坂井瑠星, 57 ,16,2,１, ,ダ1400,稍,,(栗),坂口智康,1233,-0.8,,1,1,36.8,488,+20,
,"2022.10. 9",阪神,4阪2,新馬,新馬,8,9,マルカシャルマン,牝,2,小沢大仁,53☆,9,6,１, 外,芝1800,良,,(栗),浜田多実,1480,-0.1,,5,4,34.0,430,,
,"2022.10. 9",阪神,4阪2,ｵｰﾌﾟﾝ,障害・オープ,3,3,マッスルビーチ,牡,6,北沢伸也, 60 ,7,2,１, ,ダ3110,良,,(栗),鈴木孝志,3305,-0.2,2,3,3,13.5,488,+8,
,"2022.10. 9",阪神,4阪2,新馬,新馬,1,1,エコロアレス,牡,2,武豊, 55 ,11,1,１, ,ダ1400,稍,,(栗),森秀行,1251,-0.8,,1,1,37.8,460,,
,"2022.10. 9",阪神,4阪2,未勝利,未勝利*,4,4,ワイドアラジン,牡,2,小沢大仁,54☆,10,5,１, 外,芝1800,良,,(栗),奥村豊,1480,-0.1,,4,3,33.8,472,-2,
,"2022.10. 9",阪神,4阪2,未勝利,未勝利*,4,4,ライオットガール,牝,2,鮫島克駿, 54 ,8,2,１, ,ダ1800,稍,,(栗),中村直也,1556,-0.1,2,3,4,38.1,476,-6,
,"2022.10. 8",阪神,4阪1,2勝,２勝ｸﾗｽ,4,4,ヘラルドバローズ,牡,3,松山弘平, 55 ,13,1,１, ,ダ1800,稍,,(栗),寺島良,1516,-0.0,4,4,3,37.5,490,+2,
,"2022.10. 8",阪神,4阪1,ｵｰﾌﾟﾝ,大阪スポ,6,11,デュアリスト,牡,4,坂井瑠星, 58 ,16,2,１, ,ダ1200,稍,,(栗),安田隆行,1100,-0.4,,4,4,35.4,502,0,
,"2022.10. 8",阪神,4阪1,3勝,戎橋ＳＨ･3勝,5,9,エルカスティージョ,牝,4,団野大成, 54 ,18,3,１, 内,芝1400,良,,(栗),斉藤崇史,1197,-0.2,,7,5,34.7,468,-2,
,"2022.10. 8",阪神,4阪1,2勝,瀬戸内海･2勝,3,3,アルナシーム,牡,3,福永祐一, 55 ,13,1,１, 外,芝1600,良,,(栗),橋口慎介,1325,-0.3,,4,5,33.4,432,+6,
,"2022.10. 8",阪神,4阪1,1勝,１勝ｸﾗｽ・牝,7,14,メタモルフォーゼ,牝,5,藤岡佑介, 55 ,16,13,１, ,ダ1400,重,,(栗),渡辺薫彦,1238,-0.1,,15,12,36.4,468,+18,
,"2022.10. 8",阪神,4阪1,1勝,１勝ｸﾗｽ,2,2,ハイエンド,牡,3,鮫島克駿, 55 ,14,1,１, ,ダ2000,重,,(栗),清水久詞,2045,-1.4,8,1,1,37.3,528,-4,
,"2022.10. 8",阪神,4阪1,新馬,新馬,8,11,コンティノアール,牡,2,坂井瑠星, 55 ,11,1,１, ,ダ1800,重,,(栗),矢作芳人,1561,-0.2,2,2,2,37.6,530,,
,"2022.10. 8",阪神,4阪1,新馬,新馬・牝,6,11,レッドヒルシューズ,牝,2,酒井学, 54 ,18,2,１, 外,芝1600,稍,,(栗),武英智,1365,-0.0,,4,2,34.3,452,,
,"2022.10. 8",阪神,4阪1,未勝利,障害未勝利,2,2,プリンスオブペスカ,牡,8,森一馬, 60 ,7,2,１, ,ダ2970,稍,,(栗),松永昌博,3240,-1.0,2,2,1,13.7,498,+10,
,"2022.10. 8",阪神,4阪1,未勝利,未勝利*,7,7,ノーブルライジング,牡,2,国分恭介, 55 ,10,7,１, 内,芝2000,稍,,(栗),宮本博,2013,-0.1,9,10,9,34.5,478,+8,
,"2022.10. 8",阪神,4阪1,未勝利,未勝利*,3,3,ハウピア,牝,2,菱田裕二, 54 ,10,4,１, 内,芝1400,稍,,(栗),岡田稲男,1216,-0.1,,2,2,35.4,408,+2,
,"2022.10. 8",阪神,4阪1,未勝利,未勝利*,2,2,マニバドラ,牡,2,松本大輝,53△,10,1,１, ,ダ1200,重,,(栗),森秀行,1116,-0.2,,1,1,37.3,502,+8,
,"2022. 6.26",阪神,3阪4,2勝,リボン賞･2勝,3,5,アッティーヴォ,牡,8,松山弘平, 57 ,16,6,１, ,ダ1200,良,,(栗),大根田裕,1126,-0.2,,11,9,36.7,456,-2,
,"2022. 6.26",阪神,3阪4,Ｇ１,宝塚記念G1,3,6,タイトルホルダー,牡,4,横山和生, 58 ,18,2,１, 内,芝2200,良,,(美),栗田徹,2097,-0.3,2,2,2,36.1,476,+2,
,"2022. 6.26",阪神,3阪4,3勝,花のみち･3勝,8,16,オーヴァーネクサス,牡,5,北村友一, 57 ,16,4,１, ,ダ1400,良,,(栗),松下武士,1244,-0.1,,12,6,36.8,498,+2,
,"2022. 6.26",阪神,3阪4,2勝,舞子特Ｈ･2勝,7,13,インフィナイト,牝,4,坂井瑠星, 53 ,17,10,１, 内,芝1400,良,,(栗),音無秀孝,1205,-0.1,,1,1,35.3,506,-10,
,"2022. 6.26",阪神,3阪4,1勝,城崎特別･1勝,4,4,アルナシーム,牡,3,福永祐一, 54 ,11,1,１, 外,芝1800,良,,(栗),橋口慎介,1462,-0.1,,4,4,33.8,426,0,
,"2022. 6.26",阪神,3阪4,1勝,１勝ｸﾗｽ,7,11,ゲーテローズ,牝,3,富田暁, 51 ,14,8,１, 内,芝2200,良,,(栗),武英智,2143,-0.0,3,3,3,34.2,432,-2,
,"2022. 6.26",阪神,3阪4,1勝,１勝ｸﾗｽ,4,8,ドゥーベ,牡,5,松山弘平, 57 ,16,5,１, ,ダ1400,良,,(栗),茶木太樹,1248,-0.1,,2,2,36.9,514,-2,
,"2022. 6.26",阪神,3阪4,新馬,新馬,3,3,カルロヴェローチェ,牡,2,ルメール, 54 ,12,2,１, 外,芝1800,良,,(栗),須貝尚介,1502,-0.3,,3,3,34.2,494,,
,"2022. 6.26",阪神,3阪4,未勝利,未勝利,4,7,エクセトラ,牡,3,ルメール, 56 ,18,6,１, 外,芝1600,良,,(栗),吉村圭司,1346,-0.1,,4,5,34.4,496,+6,
,"2022. 6.26",阪神,3阪4,未勝利,未勝利・牝,7,13,ドゥライトアルディ,牝,3,松山弘平, 54 ,16,3,１, ,ダ1800,良,,(栗),西村真幸,1564,-0.9,4,4,2,37.7,472,-12,B
,"2022. 6.26",阪神,3阪4,未勝利,未勝利,6,12,スーパーチーフ,牡,3,坂井瑠星, 56 ,16,2,１, ,ダ2000,良,,(栗),斉藤崇史,2082,-0.6,8,8,6,38.0,486,0,
,"2022. 6.26",阪神,3阪4,未勝利,未勝利,4,8,ウインバリオス,牡,3,川田将雅, 56 ,16,4,１, ,ダ1400,良,,(栗),加用正,1257,-0.0,,7,7,38.0,454,-6,
,"2022. 6.25",阪神,3阪3,1勝,１勝ｸﾗｽ,4,8,ヴァレーデラルナ,牝,3,岩田望来, 52 ,16,1,１, ,ダ1800,良,,(栗),藤原英昭,1522,-1.0,1,1,1,37.8,506,-2,
,"2022. 6.25",阪神,3阪3,ｵｰﾌﾟﾝ,天保山Ｓ,1,2,ケイアイドリー,牡,5,藤岡康太, 56 ,16,1,１, ,ダ1400,良,,(栗),村山明,1236,-0.3,,6,4,36.2,514,0,
,"2022. 6.25",阪神,3阪3,3勝,水無月Ｓ･3勝,6,10,ストーンリッジ,牡,5,福永祐一, 57 ,15,4,１, 内,芝1400,良,,(栗),藤原英昭,1200,-0.3,,4,4,34.7,472,-2,
,"2022. 6.25",阪神,3阪3,2勝,鷹取特別･2勝,3,6,カフジオクタゴン,牡,3,石橋脩, 54 ,16,5,１, ,ダ2000,良,,(栗),矢作芳人,2057,-0.5,5,3,2,38.7,544,-4,
,"2022. 6.25",阪神,3阪3,1勝,１勝ｸﾗｽ,6,11,ブライトオンベイス,牝,3,秋山真一, 52 ,18,4,１, 内,芝1400,良,,(栗),清水久詞,1206,-0.0,,1,1,35.1,434,+6,
,"2022. 6.25",阪神,3阪3,1勝,１勝ｸﾗｽ,8,15,テキサスフィズ,牝,3,松本大輝,50△,16,4,１, ,ダ1200,良,,(栗),西園正都,1121,-0.0,,2,2,36.9,452,-8,
,"2022. 6.25",阪神,3阪3,未勝利,未勝利・牝,5,9,ジューンレインボー,牝,3,富田暁, 54 ,18,5,１, 外,芝1800,良,,(栗),武英智,1467,-0.5,,2,2,35.0,418,+2,
,"2022. 6.25",阪神,3阪3,新馬,新馬,3,3,オリオンネビュラ,牡,2,松山弘平, 54 ,11,3,１, 内,芝1400,良,,(栗),橋口慎介,1227,-0.1,,7,6,35.7,442,,
,"2022. 6.25",阪神,3阪3,未勝利,未勝利,1,1,キングロコマイカイ,牡,3,西村淳也, 56 ,16,4,１, 内,芝2000,良,,(栗),須貝尚介,2006,-0.1,6,4,5,36.9,482,-2,B
,"2022. 6.25",阪神,3阪3,未勝利,未勝利,7,13,サンライズアリオン,牡,3,松山弘平, 56 ,16,1,１, ,ダ1800,良,,(栗),平田修,1529,-0.3,3,3,3,37.8,516,+2,
,"2022. 6.25",阪神,3阪3,未勝利,未勝利・牝,4,8,ニホンピロクリーク,牝,3,国分優作, 54 ,16,1,１, ,ダ1200,良,,(栗),大橋勇樹,1125,-0.0,,2,2,37.7,472,0,
,"2022. 6.25",阪神,3阪3,未勝利,未勝利*,1,1,コスモサガルマータ,牡,2,幸英明, 54 ,8,4,１, 外,芝1600,良,,(栗),梅田智之,1349,-0.0,,6,6,35.0,472,+10,
,"2022. 6.19",阪神,3阪2,2勝,２勝ｸﾗｽ,3,3,ピュアジャッジ,セ,4,川田将雅, 57 ,10,1,１, ,ダ1800,良,,(栗),清水久詞,1522,-0.9,1,1,1,37.3,494,+6,
,"2022. 6.19",阪神,3阪2,Ｇ３,マーメイＨG3,4,7,ウインマイティー,牝,5,和田竜二, 54 ,16,10,１, 内,芝2000,良,,(栗),五十嵐忠,1583,-0.3,3,3,3,34.9,484,+4,B
,"2022. 6.19",阪神,3阪2,3勝,オークラ･3勝,5,9,メイショウフンジン,牡,4,坂井瑠星, 57 ,16,2,１, ,ダ1800,良,*,(栗),西園正都,1516,-0.2,1,1,1,38.1,516,+6,
,"2022. 6.19",阪神,3阪2,2勝,三木特別･2勝,6,6,ロングラン,セ,4,荻野極, 57 ,11,10,１, 外,芝1800,良,,(美),和田勇介,1464,-0.0,,3,3,34.9,468,-10,
,"2022. 6.19",阪神,3阪2,1勝,１勝ｸﾗｽ・牝,8,12,ママコチャ,牝,3,松山弘平, 52 ,13,1,１, 内,芝1400,良,,(栗),池江泰寿,1203,-0.1,,3,3,34.0,470,+4,
,"2022. 6.19",阪神,3阪2,1勝,１勝ｸﾗｽ,7,9,トーホウディアス,牡,4,今村聖奈,53★,11,2,１, 外,芝1600,良,,(栗),南井克巳,1341,-0.0,,2,2,35.1,448,+10,
,"2022. 6.19",阪神,3阪2,未勝利,未勝利,5,10,モズブーナー,牝,3,今村聖奈,50★,16,1,１, ,ダ1800,良,,(栗),音無秀孝,1535,-0.3,3,3,2,39.2,476,-2,B
,"2022. 6.19",阪神,3阪2,新馬,新馬,8,13,ナイトキャッスル,牡,2,角田大河,51▲,14,1,１, ,ダ1200,良,,(栗),音無秀孝,1139,-0.3,,3,3,37.5,506,,
,"2022. 6.19",阪神,3阪2,未勝利,未勝利,7,14,シラキヌ,牝,3,岩田望来, 54 ,16,2,１, ,ダ1200,良,,(栗),藤原英昭,1122,-0.3,,1,1,37.0,482,+22,
,"2022. 6.19",阪神,3阪2,未勝利,未勝利,5,9,ララヴォルシエル,牡,3,和田竜二, 56 ,16,2,１, 外,芝1800,良,,(栗),辻野泰之,1483,-0.4,,2,2,34.2,432,-2,
,"2022. 6.19",阪神,3阪2,未勝利,未勝利,2,4,ウォータールグラン,牝,3,岩田望来, 54 ,18,4,１, 内,芝1400,良,,(栗),河内洋,1208,-0.3,,1,1,35.7,500,+4,B
,"2022. 6.19",阪神,3阪2,未勝利,未勝利・牝,3,5,ルクスレガート,牝,3,小沢大仁,52△,16,4,１, ,ダ1400,良,,(栗),松永昌博,1256,-0.1,,3,5,38.4,428,0,
,"2022. 6.18",阪神,3阪1,1勝,１勝ｸﾗｽ,1,1,ライラボンド,牡,3,長岡禎仁, 54 ,16,2,１, ,ダ1400,良,,(栗),清水久詞,1247,-0.4,,9,7,36.3,514,+2,
,"2022. 6.18",阪神,3阪1,OP(L),米子Ｓ(L),7,14,ウインカーネリアン,牡,5,三浦皇成, 57 ,16,1,１, 外,芝1600,良,,(美),鹿戸雄一,1329,-0.2,,3,3,34.7,510,+2,
,"2022. 6.18",阪神,3阪1,3勝,垂水ＳＨ･3勝,6,7,イズジョーノキセキ,牝,5,和田竜二, 54 ,12,3,１, 外,芝1800,良,,(栗),石坂公一,1466,-0.0,,4,4,33.7,460,-6,
,"2022. 6.18",阪神,3阪1,2勝,皆生特別･2勝,1,1,テイエムスパーダ,牝,3,国分恭介, 52 ,11,2,１, 内,芝1200,良,,(栗),五十嵐忠,1079,-0.4,,2,2,34.2,488,+8,
,"2022. 6.18",阪神,3阪1,1勝,１勝ｸﾗｽ,1,1,ビーアイオラクル,牡,3,松本大輝,52△,16,5,１, ,ダ1800,良,,(栗),牧田和弥,1530,-0.1,7,7,6,37.4,478,+2,
,"2022. 6.18",阪神,3阪1,1勝,１勝ｸﾗｽ,2,2,ウィンドリッパー,牡,4,川田将雅, 57 ,9,2,１, 内,芝2000,良,,(栗),清水久詞,2019,-0.0,5,5,5,34.6,482,-4,
,"2022. 6.18",阪神,3阪1,未勝利,未勝利,5,10,クインズジュピタ,牝,3,松山弘平, 54 ,16,1,１, ,ダ1400,良,,(栗),新谷功一,1257,-0.3,,7,6,36.9,470,-2,
,"2022. 6.18",阪神,3阪1,新馬,新馬,8,12,ファントムシーフ,牡,2,和田竜二, 54 ,12,1,１, 外,芝1600,良,,(栗),西村真幸,1368,-0.2,,3,2,33.9,484,,
,"2022. 6.18",阪神,3阪1,未勝利,障害未勝利,3,3,タイセイトレイル,牡,7,平沢健治, 60 ,9,2,１, ,ダ2970,良,,(栗),小林真也,3217,-0.1,2,2,3,13.6,508,+2,B
,"2022. 6.18",阪神,3阪1,未勝利,未勝利・牝,5,6,ハギノメーテル,牝,3,小崎綾也, 54 ,13,3,１, ,ダ1800,良,,(栗),寺島良,1551,-0.1,1,1,1,37.3,484,-4,
,"2022. 6.18",阪神,3阪1,未勝利,未勝利,7,10,リッチブラック,牡,3,藤岡康太, 56 ,13,1,１, 外,芝2400,良,,(栗),友道康夫,2272,-0.2,2,2,2,34.8,460,+2,
,"2022. 6.18",阪神,3阪1,ｵｰﾌﾟﾝ,障害・オープ,7,9,サンティーニ,セ,7,五十嵐雄, 60 ,11,6,１, ,ダ3110,良,,(美),尾関知人,3281,-0.3,1,1,1,13.4,492,0,
,"2022. 5. 1",阪神,2阪C,3勝,陽春ＳＨ･3勝,2,3,スナークダヴィンチ,牡,5,吉田隼人, 55 ,16,2,１, ,ダ1200,重,,(栗),野中賢二,1103,-0.1,,8,8,35.6,486,+2,
,"2022. 5. 1",阪神,2阪C,Ｇ１,天皇賞春G1,8,16,タイトルホルダー,牡,4,横山和生, 58 ,18,2,１, 内,芝3200,稍,,(美),栗田徹,3162,-1.1,1,1,1,36.4,474,-2,
,"2022. 5. 1",阪神,2阪C,ｵｰﾌﾟﾝ,端午Ｓ,2,2,リメイク,牡,3,福永祐一, 57 ,11,1,１, ,ダ1400,重,,(栗),新谷功一,1232,-0.3,,5,5,35.3,478,-2,
,"2022. 5. 1",阪神,2阪C,2勝,山陽特Ｈ･2勝,8,9,メイショウホシアイ,牝,4,菱田裕二, 53 ,10,1,１, 内,芝1400,稍,,(栗),高橋亮,1212,-0.2,,2,2,34.4,480,-4,
,"2022. 5. 1",阪神,2阪C,2勝,蓬莱峡特･2勝,4,4,ルース,牝,4,池添謙一, 55 ,8,2,１, 外,芝1800,稍,,(栗),池添兼雄,1494,-0.2,,1,1,33.7,496,0,B
,"2022. 5. 1",阪神,2阪C,1勝,１勝ｸﾗｽ,2,2,プライムライン,牡,5,川田将雅, 57 ,11,1,１, ,ダ1400,不,,(栗),田中克典,1239,-0.6,,2,2,36.0,464,0,
,"2022. 5. 1",阪神,2阪C,1勝,１勝ｸﾗｽ,1,1,ピュアジャッジ,セ,4,川田将雅, 57 ,8,1,１, ,ダ1800,不,,(栗),清水久詞,1506,-0.8,1,1,1,36.3,488,-8,
,"2022. 5. 1",阪神,2阪C,1勝,１勝ｸﾗｽ*,6,7,ブッシュガーデン,牝,3,富田暁, 54 ,12,4,１, 内,芝1400,稍,,(美),武井亮,1212,-0.3,,2,2,35.7,460,+4,
,"2022. 5. 1",阪神,2阪C,未勝利,未勝利,4,4,スズノマーベリック,牡,3,福永祐一, 56 ,12,2,１, 外,芝2400,稍,,(栗),石坂公一,2296,-0.0,6,5,5,36.2,464,-8,
,"2022. 5. 1",阪神,2阪C,未勝利,未勝利,6,9,マテンロウマジック,牡,3,横山典弘, 56 ,14,1,１, ,ダ1800,不,,(栗),高橋亮,1524,-0.0,5,3,3,38.3,478,-4,
,"2022. 5. 1",阪神,2阪C,未勝利,未勝利,8,15,リッキーヤスオカ,牡,3,坂井瑠星, 56 ,16,1,１, ,ダ1200,不,,(栗),小崎憲,1118,-0.2,,1,1,37.1,498,-6,
,"2022. 5. 1",阪神,2阪C,未勝利,未勝利・牝,6,7,エグモント,牝,3,小沢大仁,52△,12,9,１, ,ダ1800,不,,(栗),中村直也,1530,-0.1,1,1,1,37.4,516,-8,
,"2022. 4.30",阪神,2阪B,2勝,２勝ｸﾗｽ,3,3,テイエムベンチャー,牡,4,国分恭介, 57 ,11,3,１, ,ダ1800,稍,,(栗),五十嵐忠,1531,-0.3,2,2,2,36.4,514,+2,
,"2022. 4.30",阪神,2阪B,ｵｰﾌﾟﾝ,天王山Ｓ,3,5,デュアリスト,牡,4,坂井瑠星, 57 ,16,4,１, ,ダ1200,稍,,(栗),安田隆行,1105,-0.0,,5,5,35.7,500,-8,
,"2022. 4.30",阪神,2阪B,3勝,芦屋川Ｓ･3勝,1,2,カリボール,牡,6,吉田隼人, 57 ,16,5,１, 内,芝1200,良,,(栗),須貝尚介,1080,-0.0,,9,9,33.8,496,-2,B
,"2022. 4.30",阪神,2阪B,1勝,矢車賞･1勝*,2,2,ワーフデール,牝,3,幸英明, 54 ,7,3,１, 内,芝2200,良,,(栗),森田直行,2123,-0.1,5,5,5,34.9,460,+16,
,"2022. 4.30",阪神,2阪B,2勝,２勝ｸﾗｽ,4,8,メイショウマンサク,牝,4,横山典弘, 55 ,16,4,１, ,ダ1400,重,,(栗),石橋守,1245,-0.1,,16,16,36.3,518,+6,
,"2022. 4.30",阪神,2阪B,1勝,１勝ｸﾗｽ,5,5,シゲルリジ,牝,4,福永祐一, 55 ,11,5,１, ,ダ1200,重,,(栗),五十嵐忠,1117,-0.2,,2,1,36.1,460,-2,
,"2022. 4.30",阪神,2阪B,1勝,１勝ｸﾗｽ,7,7,ケルンキングダム,セ,6,小崎綾也, 57 ,7,2,１, 内,芝2000,良,,(栗),小崎憲,2012,-0.2,1,1,1,36.0,448,0,
,"2022. 4.30",阪神,2阪B,1勝,１勝ｸﾗｽ*,7,12,マルカアトラス,牡,3,小沢大仁,54△,14,5,１, ,ダ1800,重,,(栗),松永昌博,1519,-0.0,1,1,1,38.5,486,-6,
,"2022. 4.30",阪神,2阪B,未勝利,未勝利,4,7,ミッキーワンダー,牡,3,坂井瑠星, 56 ,16,4,１, 外,芝1800,稍,,(栗),矢作芳人,1477,-0.1,,11,11,34.4,468,-6,
,"2022. 4.30",阪神,2阪B,未勝利,未勝利,2,3,レオンバローズ,牡,3,和田竜二, 56 ,17,1,１, 外,芝1600,稍,,(栗),渡辺薫彦,1348,-0.3,,5,3,35.2,460,-2,
,"2022. 4.30",阪神,2阪B,未勝利,未勝利,8,16,エイシンデュエラー,牡,3,吉田隼人, 56 ,16,6,１, ,ダ1400,重,,(栗),今野貞一,1250,-0.3,,2,2,36.4,468,-8,
,"2022. 4.30",阪神,2阪B,未勝利,未勝利,2,2,ロードマゼラン,牡,3,松山弘平, 56 ,12,1,１, ,ダ1800,重,,(栗),奥村豊,1530,-0.4,4,4,3,36.7,498,-4,
,"2022. 4.24",阪神,2阪A,2勝,２勝ｸﾗｽ,4,7,コパシーナ,セ,5,川田将雅, 57 ,16,1,１, ,ダ1200,稍,,(美),伊藤圭三,1112,-0.3,,4,4,36.4,488,-4,B
,"2022. 4.24",阪神,2阪A,Ｇ２,マイラーG2,7,13,ソウルラッシュ,牡,4,浜中俊, 56 ,15,6,１, 外,芝1600,稍,*,(栗),池江泰寿,1333,-0.1,,13,13,34.1,500,0,B
,"2022. 4.24",阪神,2阪A,3勝,甲南ＳＨ･3勝,5,8,レザネフォール,牡,5,鮫島克駿, 54 ,15,6,１, ,ダ2000,稍,,(栗),池江泰寿,2045,-0.0,1,1,1,36.7,472,+2,B
,"2022. 4.24",阪神,2阪A,2勝,千里山特･2勝,4,4,スタッドリー,牡,4,岩田望来, 57 ,7,1,１, 内,芝2200,稍,,(栗),奥村豊,2157,-0.1,4,4,3,33.9,520,-2,
,"2022. 4.24",阪神,2阪A,1勝,１勝ｸﾗｽ,2,2,スズカトップバゴ,牡,4,幸英明, 57 ,14,2,１, 外,芝1600,稍,,(栗),吉村圭司,1345,-0.1,,3,4,34.7,466,-2,
,"2022. 4.24",阪神,2阪A,1勝,１勝ｸﾗｽ,6,6,タイセイヴィーナス,牝,4,和田竜二, 55 ,11,4,１, ,ダ1800,稍,,(栗),大橋勇樹,1521,-0.5,2,2,2,37.1,466,0,
,"2022. 4.24",阪神,2阪A,1勝,１勝ｸﾗｽ*,6,11,テーオーステルス,牡,3,川田将雅, 56 ,15,1,１, ,ダ1400,稍,,(栗),奥村豊,1246,-0.2,,12,7,36.4,526,0,
,"2022. 4.24",阪神,2阪A,未勝利,未勝利,5,9,ミスターホワイト,牡,3,坂井瑠星, 56 ,16,3,１, 内,芝2000,稍,,(栗),矢作芳人,2009,-1.0,2,2,2,35.1,500,-2,
,"2022. 4.24",阪神,2阪A,未勝利,未勝利・牝,8,16,コスタボニータ,牝,3,藤岡康太, 54 ,18,2,１, 外,芝1600,稍,,(栗),杉山佳明,1362,-0.3,,4,3,34.5,460,+4,
,"2022. 4.24",阪神,2阪A,未勝利,未勝利,4,6,スズカマジェスタ,牡,3,岩田望来, 56 ,14,5,１, ,ダ1800,稍,,(栗),須貝尚介,1537,-0.0,4,2,2,36.8,428,-10,
,"2022. 4.24",阪神,2阪A,未勝利,未勝利,6,12,ハーツアズワン,牡,3,松山弘平, 56 ,16,2,１, ,ダ1400,稍,,(栗),池江泰寿,1247,-0.9,,3,3,37.6,518,-4,
,"2022. 4.24",阪神,2阪A,未勝利,未勝利・牝,5,7,プレミアムスマイル,牝,3,坂井瑠星, 54 ,14,1,１, ,ダ1800,稍,,(栗),池添学,1542,-0.9,1,1,1,38.3,480,+2,
,"2022. 4.23",阪神,2阪9,2勝,２勝ｸﾗｽ,8,10,ジャスパードリーム,牡,4,吉田隼人, 57 ,10,4,１, ,ダ1800,良,,(栗),森秀行,1531,-0.2,1,1,1,37.8,536,+4,
,"2022. 4.23",阪神,2阪9,3勝,難波Ｓ･3勝,5,5,サターン,牡,6,岩田望来, 57 ,7,4,１, 外,芝1800,良,,(栗),辻野泰之,1447,-0.1,,5,5,33.3,502,+12,
,"2022. 4.23",阪神,2阪9,2勝,丹波特別･2勝,8,8,シャイニングフジ,牝,4,富田暁, 55 ,8,1,１, 外,芝1600,良,,(栗),笹田和秀,1338,-0.4,,7,7,33.2,490,0,
,"2022. 4.23",阪神,2阪9,1勝,あやめ賞･1勝,7,7,セイウンプラチナ,牡,3,幸英明, 56 ,8,4,１, 外,芝1800,良,,(美),小桧山悟,1478,-0.0,,1,1,34.2,476,-10,
,"2022. 4.23",阪神,2阪9,1勝,１勝ｸﾗｽ,3,4,ゼンノミチザネ,牡,4,吉田隼人, 57 ,15,2,１, ,ダ1400,良,,(栗),武幸四郎,1251,-0.0,,5,3,38.5,454,+6,
,"2022. 4.23",阪神,2阪9,1勝,１勝ｸﾗｽ,2,2,サンライズゴラッソ,牡,4,富田暁, 57 ,9,1,１, ,ダ2000,良,,(栗),河内洋,2083,-0.3,3,4,4,39.0,512,0,B
,"2022. 4.23",阪神,2阪9,1勝,１勝ｸﾗｽ*,8,15,ヴォルゴグラード,牡,3,藤岡康太, 56 ,15,7,１, ,ダ1800,良,,(栗),牧田和弥,1532,-0.0,3,2,2,38.4,500,-6,B
,"2022. 4.23",阪神,2阪9,未勝利,未勝利,1,1,ハギノモーリス,牡,3,池添謙一, 56 ,18,1,１, 内,芝1400,良,,(栗),高野友和,1209,-0.8,,1,1,34.6,472,+2,
,"2022. 4.23",阪神,2阪9,未勝利,未勝利,3,3,ハイエンド,牡,3,岩田望来, 56 ,10,2,１, ,ダ2000,良,,(栗),清水久詞,2077,-0.1,4,3,3,36.8,520,0,
,"2022. 4.23",阪神,2阪9,未勝利,未勝利,4,8,グランデ,牡,3,松田大作, 56 ,16,1,１, ,ダ1200,良,,(栗),吉田直弘,1132,-0.6,,2,2,37.5,476,+2,
,"2022. 4.23",阪神,2阪9,未勝利,未勝利,6,8,ソクラテス,牡,3,松山弘平, 56 ,12,3,１, ,ダ1800,良,,(栗),音無秀孝,1537,-0.2,2,2,2,37.0,496,+8,
,"2022. 4.23",阪神,2阪9,未勝利,未勝利・牝,7,14,タカラマドンナ,牝,3,川又賢治, 54 ,16,5,１, ,ダ1200,良,,(栗),杉山佳明,1122,-1.1,,3,3,36.7,454,0,B
,"2022. 4.17",阪神,2阪8,2勝,２勝ｸﾗｽ,7,12,ローウェル,セ,4,坂井瑠星, 57 ,15,1,１, ,ダ1400,良,,(栗),斉藤崇史,1242,-0.6,,1,1,37.0,538,-4,
,"2022. 4.17",阪神,2阪8,Ｇ３,アンタレG3,4,8,オメガパフューム,牡,7,横山和生, 59 ,16,2,１, ,ダ1800,良,,(栗),安田翔伍,1505,-0.1,12,12,11,36.3,464,+6,
,"2022. 4.17",阪神,2阪8,3勝,ストーＨ･3勝,2,2,ヴァリアメンテ,牡,4,藤岡佑介, 55 ,13,3,１, 外,芝1600,良,,(栗),中内田充,1331,-0.0,,7,7,32.9,472,+10,
,"2022. 4.17",阪神,2阪8,2勝,須磨特別･2勝,8,9,ノースザワールド,牡,4,坂井瑠星, 57 ,9,1,１, 外,芝1800,良,,(栗),大久保龍,1451,-0.1,,7,4,33.2,470,-6,
,"2022. 4.17",阪神,2阪8,1勝,１勝ｸﾗｽ,2,2,タガノネクステージ,牡,4,藤岡康太, 57 ,15,3,１, ,ダ1200,良,,(栗),鈴木孝志,1118,-0.6,,2,2,36.6,484,-2,
,"2022. 4.17",阪神,2阪8,1勝,１勝ｸﾗｽ,2,2,ウォーターアンク,牝,4,国分恭介, 55 ,15,9,１, ,ダ1800,良,,(栗),岡田稲男,1535,-0.0,13,12,11,37.6,486,-4,
,"2022. 4.17",阪神,2阪8,1勝,１勝ｸﾗｽ*,2,2,メイショウラナキラ,牡,3,秋山真一, 56 ,8,1,１, 内,芝2000,良,,(栗),南井克巳,1591,-0.7,1,1,1,34.7,436,-2,
,"2022. 4.17",阪神,2阪8,1勝,１勝ｸﾗｽ・牝*,3,6,グランブリッジ,牝,3,小沢大仁,52△,16,6,１, ,ダ1800,良,*,(栗),新谷功一,1539,-0.2,5,4,6,38.4,438,0,
,"2022. 4.17",阪神,2阪8,未勝利,未勝利,7,15,ディナースタ,牡,3,横山和生, 56 ,18,3,１, 内,芝2200,良,,(栗),辻野泰之,2131,-0.4,13,2,2,34.7,462,0,
,"2022. 4.17",阪神,2阪8,未勝利,未勝利,4,8,ヴァモスロード,牡,3,幸英明, 56 ,18,1,１, 外,芝1600,良,,(栗),西園正都,1342,-0.1,,1,1,33.5,518,-4,
,"2022. 4.17",阪神,2阪8,未勝利,未勝利,5,9,セイクリッド,牝,3,国分恭介, 54 ,16,5,１, ,ダ1400,良,,(栗),大根田裕,1256,-0.4,,12,7,37.2,452,-2,
,"2022. 4.17",阪神,2阪8,未勝利,未勝利・牝,1,2,ラピドゥス,牝,3,坂井瑠星, 54 ,16,3,１, ,ダ1800,良,,(栗),高柳大輔,1553,-0.4,9,9,8,38.6,480,-2,
,"2022. 4.16",阪神,2阪7,2勝,２勝ｸﾗｽ,7,9,ゴールドハイアー,牡,4,福永祐一, 57 ,12,1,１, ,ダ2000,良,,(栗),大久保龍,2066,-0.1,2,3,2,38.0,488,+8,
,"2022. 4.16",阪神,2阪7,Ｇ３,アーリンG3,5,10,ダノンスコーピオン,牡,3,川田将雅, 56 ,18,1,１, 外,芝1600,良,,(栗),安田隆行,1327,-0.1,,10,10,33.6,458,0,
,"2022. 4.16",阪神,2阪7,3勝,天満橋Ｓ･3勝,2,3,シゲルタイタン,牡,5,川田将雅, 57 ,16,2,１, ,ダ1400,良,,(美),伊藤圭三,1241,-0.1,,2,2,37.2,492,0,B
,"2022. 4.16",阪神,2阪7,2勝,千種川特･2勝,6,7,タイキスウォード,牡,5,岩田望来, 57 ,11,6,１, 内,芝1400,良,,(栗),橋田満,1203,-0.0,,8,8,33.9,478,+8,
,"2022. 4.16",阪神,2阪7,1勝,１勝ｸﾗｽ・牝,7,9,ジェムフェザー,牝,4,福永祐一, 55 ,12,3,１, ,ダ1200,稍,,(栗),藤原英昭,1127,-0.3,,1,1,37.3,466,-2,B
,"2022. 4.16",阪神,2阪7,1勝,１勝ｸﾗｽ,7,9,シルキーヴォイス,牡,4,川田将雅, 57 ,11,1,１, 外,芝2400,良,,(栗),池江泰寿,2314,-0.0,2,2,4,34.2,486,+4,B
,"2022. 4.16",阪神,2阪7,1勝,１勝ｸﾗｽ*,4,7,クロジシジョー,牡,3,幸英明, 56 ,16,2,１, ,ダ1200,稍,,(栗),岡田稲男,1118,-0.0,,5,4,36.7,434,-4,
,"2022. 4.16",阪神,2阪7,未勝利,未勝利・牝,4,8,ヒヅルジョウ,牝,3,国分恭介, 54 ,16,4,１, 内,芝2000,良,,(栗),岡田稲男,2027,-0.7,1,1,1,34.9,478,0,
,"2022. 4.16",阪神,2阪7,未勝利,未勝利,2,4,オブジェダート,牡,3,鮫島克駿, 56 ,16,2,１, ,ダ2000,稍,,(栗),橋口慎介,2092,-0.4,3,3,2,39.2,488,0,
,"2022. 4.16",阪神,2阪7,未勝利,未勝利,1,2,リンドラゴ,牡,3,吉田隼人, 56 ,16,2,１, ,ダ1200,稍,,(栗),高野友和,1128,-0.3,,3,3,37.4,472,-12,
,"2022. 4.16",阪神,2阪7,未勝利,未勝利,2,3,レッドデクスター,牡,3,鮫島克駿, 56 ,16,2,１, ,ダ1800,稍,,(栗),橋口慎介,1561,-0.5,6,6,8,38.1,476,0,
,"2022. 4.16",阪神,2阪7,未勝利,未勝利・牝,4,8,ビーストアタック,牝,3,岩田康誠, 54 ,16,1,１, ,ダ1400,稍,,(栗),安田隆行,1253,-0.3,,1,1,38.6,456,-2,B
,"2022. 4.10",阪神,2阪6,3勝,梅田Ｓ･3勝,1,2,ゴールドレガシー,牡,4,岩田望来, 57 ,16,4,１, ,ダ1800,良,,(栗),平田修,1521,-0.1,11,12,12,36.3,480,-14,
,"2022. 4.10",阪神,2阪6,Ｇ１,桜花賞G1,4,8,スターズオンアース,牝,3,川田将雅, 55 ,18,7,１, 外,芝1600,良,,(美),高柳瑞樹,1329,-0.0,,10,9,33.5,470,-4,
,"2022. 4.10",阪神,2阪6,ｵｰﾌﾟﾝ,大阪―ハＨ,6,6,ディアマンミノル,牡,5,荻野極, 54 ,10,3,１, 外,芝2600,良,,(栗),本田優,2371,-0.1,10,10,10,33.9,470,+2,
,"2022. 4.10",阪神,2阪6,OP(L),忘れな草(L),7,7,アートハウス,牝,3,川田将雅, 54 ,8,1,１, 内,芝2000,良,,(栗),中内田充,2003,-0.5,4,5,4,34.0,474,+10,
,"2022. 4.10",阪神,2阪6,2勝,吹田特別･2勝,7,11,メイショウミカワ,牡,4,武豊, 57 ,13,2,１, ,ダ1800,良,*,(栗),南井克巳,1533,-0.1,6,4,4,37.9,474,-10,
,"2022. 4.10",阪神,2阪6,2勝,２勝ｸﾗｽ,5,5,ヴィアルークス,牡,4,岩田望来, 57 ,11,3,１, 外,芝1600,良,,(栗),藤原英昭,1335,-0.2,,7,5,34.0,502,0,
,"2022. 4.10",阪神,2阪6,1勝,１勝ｸﾗｽ,8,9,アドマイヤベネラ,牡,5,坂井瑠星, 57 ,9,2,１, ,ダ2000,良,,(栗),石坂公一,2077,-0.7,2,2,2,36.4,500,0,
,"2022. 4.10",阪神,2阪6,1勝,１勝ｸﾗｽ*,5,10,カセノダンサー,牝,3,岩田望来, 54 ,16,4,１, ,ダ1400,良,,(栗),中尾秀正,1250,-0.0,,2,2,37.7,474,-2,
,"2022. 4.10",阪神,2阪6,未勝利,未勝利,1,1,トラーパニ,牝,3,福永祐一, 54 ,18,3,１, 内,芝1400,良,*,(栗),上村洋行,1212,-0.1,,4,3,34.9,450,0,
,"2022. 4.10",阪神,2阪6,未勝利,未勝利,3,6,クロニクル,牡,3,吉田隼人, 56 ,16,2,１, ,ダ1800,良,,(栗),田中克典,1533,-0.1,3,3,2,37.2,498,+2,
,"2022. 4.10",阪神,2阪6,未勝利,未勝利,4,7,タイセイエピソード,牡,3,松若風馬, 56 ,16,2,１, ,ダ1400,良,,(栗),杉山晴紀,1262,-0.4,,5,4,38.4,470,+2,
,"2022. 4.10",阪神,2阪6,未勝利,未勝利・牝,4,7,メイショウヒヅクリ,牝,3,角田大和,51▲,16,5,１, ,ダ1200,良,,(栗),角田晃一,1129,-0.2,,2,1,37.9,458,0,
,"2022. 4. 9",阪神,2阪5,2勝,２勝ｸﾗｽ,4,7,エイユーストロング,牡,4,和田竜二, 57 ,16,9,１, ,ダ1200,良,,(栗),鈴木孝志,1125,-0.1,,1,1,37.3,466,+4,
,"2022. 4. 9",阪神,2阪5,Ｇ２,阪神牝馬G2,4,4,メイショウミモザ,牝,5,鮫島克駿, 54 ,12,9,１, 外,芝1600,良,,(栗),池添兼雄,1328,-0.1,,6,6,33.7,456,0,B
,"2022. 4. 9",阪神,2阪5,3勝,京橋ＳＨ･3勝,7,9,プログノーシス,牡,4,川田将雅, 57 ,11,1,１, 内,芝2000,良,,(栗),中内田充,1583,-0.1,10,10,10,33.1,468,0,
,"2022. 4. 9",阪神,2阪5,2勝,白鷺特別･2勝,7,8,タイソウ,牡,4,幸英明, 57 ,10,1,１, 外,芝2400,良,,(栗),西園正都,2307,-0.1,2,2,2,33.4,516,+6,
,"2022. 4. 9",阪神,2阪5,1勝,１勝ｸﾗｽ,4,8,ドンカポノ,牡,4,川田将雅, 57 ,16,1,１, ,ダ1400,良,,(栗),庄野靖志,1249,-0.0,,2,2,37.3,538,+8,
,"2022. 4. 9",阪神,2阪5,1勝,１勝ｸﾗｽ,4,4,ジャスパードリーム,牡,4,松本大輝,55△,10,4,１, ,ダ1800,良,,(栗),森秀行,1532,-0.5,1,1,1,38.4,532,+3,
,"2022. 4. 9",阪神,2阪5,1勝,１勝ｸﾗｽ*,3,5,ソウテン,牡,3,岩田望来, 56 ,16,3,１, 内,芝1200,良,,(美),加藤征弘,1083,-0.2,,7,5,34.0,490,-6,
,"2022. 4. 9",阪神,2阪5,1勝,１勝ｸﾗｽ*,8,10,ブリッツファング,牡,3,池添謙一, 56 ,11,1,１, ,ダ1800,良,,(栗),大久保龍,1536,-0.6,3,3,2,37.3,462,-2,
,"2022. 4. 9",阪神,2阪5,未勝利,未勝利,3,6,モーダルジャズ,牡,3,川田将雅, 56 ,16,1,１, 内,芝2000,良,,(栗),友道康夫,2020,-0.0,5,5,5,34.6,458,-2,
,"2022. 4. 9",阪神,2阪5,未勝利,未勝利,5,9,プリモスペランツァ,牡,3,福永祐一, 56 ,16,1,１, ,ダ1800,良,,(栗),中竹和也,1543,-0.7,9,8,4,38.2,482,-2,
,"2022. 4. 9",阪神,2阪5,未勝利,未勝利,1,1,クレド,牡,3,高倉稜, 56 ,16,3,１, ,ダ1200,良,,(栗),田中克典,1132,-0.3,,2,2,37.6,428,-2,
,"2022. 4. 9",阪神,2阪5,未勝利,未勝利・牝,4,8,クレスコジョケツ,牝,3,富田暁, 54 ,16,3,１, ,ダ1800,良,,(栗),木原一良,1549,-0.1,2,2,2,37.0,466,+2,
,"2022. 4. 3",阪神,2阪4,3勝,なにわＳ･3勝,6,12,シャマル,牡,4,川須栄彦, 57 ,16,1,１, ,ダ1200,良,,(栗),松下武士,1111,-0.9,,3,2,35.1,518,+4,B
,"2022. 4. 3",阪神,2阪4,Ｇ１,大阪杯G1,4,8,ポタジェ,牡,5,吉田隼人, 57 ,16,8,１, 内,芝2000,良,*,(栗),友道康夫,1584,-0.1,5,5,4,35.3,468,+2,
,"2022. 4. 3",阪神,2阪4,3勝,心斎橋Ｓ･3勝,7,12,ロードマックス,牡,4,松田大作, 57 ,15,10,１, 内,芝1400,良,*,(栗),藤原英昭,1203,-0.1,,15,14,33.3,446,+12,
,"2022. 4. 3",阪神,2阪4,2勝,明石特Ｈ･2勝,3,3,プレイイットサム,牡,4,Ｍ．デム, 55 ,9,4,１, 内,芝2000,良,,(栗),藤岡健一,1592,-0.1,7,7,6,34.3,512,0,
,"2022. 4. 3",阪神,2阪4,2勝,２勝ｸﾗｽ・牝,4,7,ステイブルアスク,牝,4,古川奈穂,51★,16,2,１, ,ダ1800,良,,(栗),矢作芳人,1520,-0.3,15,15,13,35.8,432,+8,
,"2022. 4. 3",阪神,2阪4,2勝,２勝ｸﾗｽ,5,10,エイシンギアアップ,牡,4,川田将雅, 57 ,16,1,１, ,ダ1400,良,,(栗),中尾秀正,1244,-0.8,,7,5,35.9,512,+2,
,"2022. 4. 3",阪神,2阪4,1勝,１勝ｸﾗｽ,6,7,メイショウオキビ,牡,4,角田大河,54▲,12,4,１, ,ダ1800,良,,(栗),松永昌博,1534,-0.4,2,2,2,37.9,508,+4,
,"2022. 4. 3",阪神,2阪4,1勝,１勝ｸﾗｽ*,4,4,メモリーレゾン,牝,3,古川吉洋, 54 ,13,5,１, 外,芝1600,良,,(栗),長谷川浩,1349,-0.1,,5,4,34.4,440,-8,
,"2022. 4. 3",阪神,2阪4,未勝利,未勝利,2,4,スワヤンブナート,セ,3,武豊, 56 ,18,2,１, 外,芝2400,良,,(栗),須貝尚介,2289,-0.4,1,1,1,34.0,500,0,
,"2022. 4. 3",阪神,2阪4,未勝利,未勝利,3,3,アトレイユ,牡,3,長岡禎仁, 56 ,14,5,１, ,ダ2000,良,,(栗),杉山晴紀,2078,-0.2,6,6,5,38.2,490,0,
,"2022. 4. 3",阪神,2阪4,未勝利,未勝利,4,8,ワックスリリカル,牝,3,岩田望来, 54 ,16,2,１, ,ダ1400,良,,(栗),大久保龍,1268,-0.1,,3,4,37.5,468,,
,"2022. 4. 3",阪神,2阪4,未勝利,未勝利,7,9,ホウオウスミヨシ,牡,3,鮫島良太, 56 ,12,3,１, ,ダ1800,良,,(栗),宮徹,1555,-0.1,2,2,2,38.4,540,-4,
,"2022. 4. 2",阪神,2阪3,2勝,２勝ｸﾗｽ,7,12,アジャストザルート,牡,5,川田将雅, 57 ,14,1,１, ,ダ1800,良,,(栗),池添学,1527,-0.3,8,7,7,37.3,498,-2,
,"2022. 4. 2",阪神,2阪3,OP(L),コーラＨ(L),4,7,スマートダンディー,牡,8,秋山真一, 58 ,16,4,１, ,ダ1400,良,,(栗),石橋守,1235,-0.1,,6,6,37.3,500,-4,B
,"2022. 4. 2",阪神,2阪3,2勝,仲春特別･2勝,3,4,エーティーメジャー,牡,5,古川吉洋, 57 ,14,13,１, 内,芝1200,良,,(栗),四位洋文,1084,-0.1,,1,1,34.4,494,+4,B
,"2022. 4. 2",阪神,2阪3,1勝,アザレア･1勝,5,5,インプレス,牡,3,鮫島克駿, 56 ,8,6,１, 外,芝2400,良,,(栗),佐々木晶,2296,-0.0,2,2,2,33.8,516,0,
,"2022. 4. 2",阪神,2阪3,ｵｰﾌﾟﾝ,三木ホー,2,2,タイキフロリゼル,牡,4,北沢伸也, 59 ,14,3,１, ,芝3140,良,,(栗),橋田満,3323,-0.3,4,3,3,13.5,482,0,
,"2022. 4. 2",阪神,2阪3,1勝,１勝ｸﾗｽ,4,5,ロードサージュ,牡,4,川須栄彦, 57 ,14,9,１, ,ダ1200,良,,(栗),庄野靖志,1129,-0.0,,6,6,36.1,456,+2,
,"2022. 4. 2",阪神,2阪3,1勝,１勝ｸﾗｽ,3,5,メイショウホシアイ,牝,4,菱田裕二, 55 ,17,1,１, 内,芝1400,良,,(栗),高橋亮,1210,-0.4,,3,2,34.7,484,+4,
,"2022. 4. 2",阪神,2阪3,1勝,１勝ｸﾗｽ*,6,9,ディパッセ,牡,3,池添謙一, 56 ,13,8,１, ,ダ1800,良,,(栗),高柳大輔,1521,-0.6,1,1,1,38.0,486,-2,
,"2022. 4. 2",阪神,2阪3,未勝利,未勝利,3,5,ラリベラ,牝,3,松本大輝,52△,18,6,１, 外,芝1800,良,,(栗),安田隆行,1473,-0.1,,1,1,34.4,458,+6,
,"2022. 4. 2",阪神,2阪3,未勝利,未勝利,2,4,スリードレフォン,牡,3,富田暁, 56 ,16,3,１, ,ダ1200,良,,(栗),木原一良,1133,-0.1,,1,1,37.2,512,+8,
,"2022. 4. 2",阪神,2阪3,未勝利,未勝利,3,3,ヴォルゴグラード,牡,3,鮫島克駿, 56 ,12,2,１, ,ダ1800,良,,(栗),牧田和弥,1550,-0.3,2,2,2,38.4,506,+10,B
,"2022. 4. 2",阪神,2阪3,未勝利,未勝利・牝,7,13,ラクスバラディー,牝,3,岩田望来, 54 ,16,1,１, ,ダ1400,良,,(栗),清水久詞,1253,-0.1,,3,2,37.5,496,0,
,"2022. 3.27",阪神,2阪2,2勝,２勝ｸﾗｽ,8,14,レディオマジック,牡,5,藤岡佑介, 57 ,15,2,１, ,ダ1200,稍,,(栗),佐々木晶,1119,-0.1,,8,5,36.4,488,+2,
,"2022. 3.27",阪神,2阪2,OP(L),六甲Ｓ(L),6,12,エアロロノア,牡,5,幸英明, 57 ,18,4,１, 外,芝1600,稍,,(栗),笹田和秀,1337,-0.2,,10,7,34.0,500,-6,
,"2022. 3.27",阪神,2阪2,3勝,御堂筋Ｓ･3勝,8,11,ダンディズム,セ,6,富田暁, 57 ,11,7,１, 外,芝2400,稍,,(栗),野中賢二,2270,-0.2,10,10,11,34.3,476,-4,B
,"2022. 3.27",阪神,2阪2,2勝,四国新聞･2勝,8,8,ヴェルトハイム,牝,4,和田竜二, 55 ,8,1,１, 内,芝2000,稍,,(栗),友道康夫,2018,-0.0,7,7,7,34.3,474,-4,
,"2022. 3.27",阪神,2阪2,1勝,１勝ｸﾗｽ,7,8,アラジンバローズ,セ,5,中井裕二, 57 ,11,2,１, ,ダ1800,稍,,(栗),中内田充,1524,-0.3,2,2,2,37.4,482,0,
,"2022. 3.27",阪神,2阪2,1勝,１勝ｸﾗｽ*,6,7,シホノディレット,牡,3,松本大輝,53▲,11,10,１, ,ダ1200,稍,*,(栗),杉山佳明,1112,-0.6,,2,2,36.0,530,-14,B
,"2022. 3.27",阪神,2阪2,未勝利,未勝利,8,17,ムーンリットナイト,牡,3,和田竜二, 56 ,17,4,１, 外,芝1600,稍,,(栗),加用正,1352,-0.2,,7,7,34.8,488,+4,
,"2022. 3.27",阪神,2阪2,未勝利,未勝利,4,8,ロードオルデン,牡,3,幸英明, 56 ,16,1,１, ,ダ1400,重,,(栗),辻野泰之,1251,-0.8,,9,4,37.2,468,+8,
,"2022. 3.27",阪神,2阪2,未勝利,障害未勝利,6,9,アレデラヴァン,セ,4,石神深一, 59 ,13,2,１, ,ダ2970,稍,,(美),本間忍,3225,-0.4,4,1,1,13.6,520,-10,
,"2022. 3.27",阪神,2阪2,未勝利,未勝利,5,5,テイエムアラジン,牡,3,国分優作, 56 ,12,9,１, ,ダ1800,重,,(栗),坂口智康,1537,-0.2,3,3,2,38.7,502,-2,
,"2022. 3.27",阪神,2阪2,未勝利,未勝利,2,3,サクハル,牡,3,松若風馬, 56 ,16,8,１, ,ダ1200,重,,(栗),今野貞一,1116,-0.1,,3,2,36.3,488,0,
,"2022. 3.27",阪神,2阪2,未勝利,未勝利・牝,8,16,ウィルフルネス,牝,3,富田暁, 54 ,16,7,１, ,ダ1800,重,,(栗),四位洋文,1538,-0.5,2,2,2,39.1,480,-6,
,"2022. 3.26",阪神,2阪1,1勝,１勝ｸﾗｽ,5,7,ヒヤ,牡,4,藤岡康太, 57 ,13,2,１, ,ダ1200,稍,,(栗),鮫島一歩,1120,-0.1,,10,10,35.8,452,0,
,"2022. 3.26",阪神,2阪1,Ｇ３,毎日杯G3,4,4,ピースオブエイト,牡,3,藤岡佑介, 56 ,10,4,１, 外,芝1800,稍,,(栗),奥村豊,1475,-0.1,,1,1,35.6,466,-2,
,"2022. 3.26",阪神,2阪1,2勝,天神橋Ｈ･2勝,6,6,メモリーエフェクト,牡,4,福永祐一, 56 ,10,2,１, 外,芝1600,稍,,(栗),大久保龍,1357,-0.1,,2,2,33.7,474,+4,
,"2022. 3.26",阪神,2阪1,1勝,君子蘭賞･1勝,7,7,ヴァンルーラー,牝,3,藤岡佑介, 54 ,7,6,１, 外,芝1800,稍,,(栗),吉岡辰弥,1497,-0.1,,1,1,34.6,444,-4,
,"2022. 3.26",阪神,2阪1,1勝,１勝ｸﾗｽ,6,8,ウインアキレウス,牡,4,松若風馬, 57 ,13,1,１, ,ダ1400,稍,,(栗),加用正,1246,-0.0,,2,2,37.3,496,+4,
,"2022. 3.26",阪神,2阪1,1勝,１勝ｸﾗｽ・牝,2,2,メガキャット,牝,4,岩田望来, 55 ,8,3,１, ,ダ1800,稍,,(栗),吉岡辰弥,1540,-0.1,2,2,2,37.8,536,0,
,"2022. 3.26",阪神,2阪1,1勝,１勝ｸﾗｽ*,7,7,ケイアイオメガ,牡,3,藤懸貴志, 56 ,9,5,１, 内,芝1400,稍,,(栗),梅田智之,1224,-0.2,,2,2,34.4,460,-10,
,"2022. 3.26",阪神,2阪1,未勝利,未勝利,2,3,ブラックシールド,牡,3,戸崎圭太, 56 ,15,2,１, 内,芝2000,稍,,(栗),武幸四郎,2027,-0.2,5,7,5,34.6,448,-4,
,"2022. 3.26",阪神,2阪1,未勝利,未勝利,4,4,ジューンアマデウス,牡,3,今村聖奈,52★,12,3,１, ,ダ2000,良,,(栗),今野貞一,2085,-0.0,8,6,4,38.2,470,0,
,"2022. 3.26",阪神,2阪1,未勝利,未勝利,5,10,モズリッキー,牡,3,福永祐一, 56 ,16,1,１, ,ダ1400,良,,(栗),上村洋行,1260,-1.3,,3,3,37.4,464,-2,
,"2022. 3.26",阪神,2阪1,未勝利,未勝利,6,8,ソルトゴールド,牡,3,幸英明, 56 ,13,2,１, ,ダ1800,良,,(栗),木原一良,1552,-0.2,2,2,2,38.7,506,0,
,"2022. 3.26",阪神,2阪1,未勝利,未勝利・牝,7,13,カルネアサーダ,牝,3,鮫島克駿, 54 ,16,2,１, ,ダ1200,良,,(栗),加用正,1125,-0.1,,2,2,36.6,458,+20,
,"2022. 3.20",阪神,1阪C,2勝,２勝ｸﾗｽ,8,15,ラズルダズル,牡,5,吉田隼人, 57 ,16,1,１, ,ダ1800,重,,(栗),茶木太樹,1521,-0.0,5,4,3,38.3,472,-2,B
,"2022. 3.20",阪神,1阪C,Ｇ２,阪神大賞G2,7,11,ディープボンド,牡,5,和田竜二, 57 ,13,1,１, 内,芝3000,良,,(栗),大久保龍,3050,-0.1,7,6,5,34.6,510,+8,
,"2022. 3.20",阪神,1阪C,3勝,鳴門Ｓ･3勝,2,3,ケイアイドリー,牡,5,藤岡康太, 57 ,16,1,１, ,ダ1400,重,,(栗),村山明,1231,-0.4,,6,5,36.5,516,0,
,"2022. 3.20",阪神,1阪C,2勝,摂津特別･2勝,3,3,メイショウシンタケ,牡,4,横山典弘, 57 ,9,1,１, 内,芝1400,良,*,(栗),千田輝彦,1211,-0.2,,5,4,33.7,472,+8,
,"2022. 3.20",阪神,1阪C,1勝,１勝ｸﾗｽ,6,12,ミスズメジャー,牡,4,古川吉洋, 57 ,16,3,１, ,ダ1200,重,,(栗),上村洋行,1121,-0.1,,7,4,36.4,468,-2,B
,"2022. 3.20",阪神,1阪C,1勝,１勝ｸﾗｽ,4,4,リンフレスカンテ,牡,4,和田竜二, 56 ,7,1,１, 外,芝2400,稍,,(栗),宮本博,2301,-0.1,5,4,5,34.0,442,+8,
,"2022. 3.20",阪神,1阪C,1勝,１勝ｸﾗｽ*,8,8,トップキャスト,牝,3,坂井瑠星, 54 ,9,8,１, 内,芝1200,稍,,(栗),高橋康之,1087,-0.1,,1,1,35.4,426,-2,
,"2022. 3.20",阪神,1阪C,未勝利,未勝利,7,14,ロマンシングブルー,牝,3,西村淳也, 54 ,18,1,１, 外,芝1800,稍,,(栗),渡辺薫彦,1484,-0.0,,8,8,34.5,460,-2,
,"2022. 3.20",阪神,1阪C,ｵｰﾌﾟﾝ,障害・オープ,2,2,ノストラダムス,牡,7,北沢伸也, 60 ,10,1,１, ,ダ3110,稍,,(栗),鈴木孝志,3286,-1.1,1,1,1,13.4,500,+6,
,"2022. 3.20",阪神,1阪C,未勝利,未勝利,5,9,メイショウカゲカツ,牡,3,石橋脩, 56 ,15,1,１, ,ダ1800,重,,(栗),西園正都,1533,-1.4,2,2,1,36.3,498,-10,
,"2022. 3.20",阪神,1阪C,未勝利,未勝利,8,16,ナリタグローリアス,牡,3,鮫島克駿, 56 ,16,1,１, ,ダ1400,重,,(栗),高橋亮,1249,-0.5,,5,4,37.4,502,0,
,"2022. 3.20",阪神,1阪C,未勝利,未勝利・牝,3,5,アエリーゾ,牝,3,川田将雅, 54 ,15,1,１, ,ダ1800,重,,(栗),庄野靖志,1543,-1.6,1,1,1,37.4,436,-12,
,"2022. 3.19",阪神,1阪B,2勝,２勝ｸﾗｽ,2,4,タマモヒメギミ,牝,4,国分恭介, 55 ,16,8,１, ,ダ1200,重,,(栗),五十嵐忠,1114,-0.0,,1,1,36.6,492,-4,
,"2022. 3.19",阪神,1阪B,OP(L),若葉Ｓ(L),6,6,デシエルト,牡,3,岩田康誠, 56 ,10,2,１, 内,芝2000,稍,,(栗),安田隆行,2002,-0.5,1,1,1,35.3,510,+4,
,"2022. 3.19",阪神,1阪B,3勝,淀屋橋Ｓ･3勝,6,9,キャプテンドレイク,牡,5,藤岡康太, 57 ,13,3,１, 内,芝1200,稍,,(栗),今野貞一,1083,-0.0,,6,6,33.5,490,+4,
,"2022. 3.19",阪神,1阪B,2勝,淡路特Ｈ･2勝,1,1,ヴェラアズール,牡,5,岩田望来, 55 ,9,4,１, 外,芝2600,稍,,(栗),渡辺薫彦,2384,-0.1,7,7,6,34.8,516,+10,
,"2022. 3.19",阪神,1阪B,1勝,１勝ｸﾗｽ,4,4,メイショウシロガネ,牡,4,今村聖奈,53★,8,1,１, ,ダ2000,重,,(栗),松永昌博,2065,-0.0,1,3,3,37.9,472,0,
,"2022. 3.19",阪神,1阪B,1勝,１勝ｸﾗｽ*,4,4,ハピ,牡,3,藤岡佑介, 56 ,10,3,１, ,ダ1800,重,,(栗),大久保龍,1510,-0.3,8,7,5,36.4,458,-8,
,"2022. 3.19",阪神,1阪B,1勝,１勝ｸﾗｽ・牝*,3,6,レオノーレ,牝,3,川田将雅, 54 ,16,1,１, ,ダ1400,重,,(栗),安田隆行,1233,-0.1,,2,2,37.0,470,-4,
,"2022. 3.19",阪神,1阪B,未勝利,未勝利,1,1,プラダリア,牡,3,池添謙一, 56 ,16,1,１, 外,芝2400,重,*,(栗),池添学,2290,-1.1,8,7,6,34.9,454,+2,
,"2022. 3.19",阪神,1阪B,未勝利,障害未勝利,7,7,マッスルビーチ,牡,6,北沢伸也, 60 ,9,1,１, ,ダ2970,重,,(栗),鈴木孝志,3216,-1.7,5,2,2,13.6,480,+2,
,"2022. 3.19",阪神,1阪B,未勝利,未勝利,4,8,ヴィゴラスダンサー,牝,3,岩田望来, 54 ,16,5,１, ,ダ1200,不,,(栗),友道康夫,1123,-0.6,,2,2,37.0,430,-10,
,"2022. 3.19",阪神,1阪B,未勝利,未勝利,6,11,デュアルレインボー,牡,3,団野大成, 56 ,16,2,１, ,ダ1800,不,,(栗),清水久詞,1537,-0.0,7,7,6,38.6,480,+2,
,"2022. 3.19",阪神,1阪B,未勝利,未勝利・牝,8,16,ワンダーキサラ,牝,3,角田大河,51▲,16,2,１, ,ダ1400,不,,(栗),石橋守,1251,-0.6,,1,1,37.8,440,+4,
,"2022. 3.13",阪神,1阪A,2勝,２勝ｸﾗｽ,4,7,ゴダイリキ,牡,4,内田博幸, 57 ,15,8,１, ,ダ1400,良,,(栗),牧浦充徳,1249,-0.1,,3,3,37.8,508,+2,
,"2022. 3.13",阪神,1阪A,Ｇ２,フィリーG2,3,4,サブライムアンセム,牝,3,池添謙一, 54 ,15,2,１, 内,芝1400,良,,(栗),藤原英昭,1199,-0.0,,11,11,34.2,476,-2,
,"2022. 3.13",阪神,1阪A,3勝,灘Ｓ･3勝,7,14,レッドソルダード,セ,4,団野大成, 57 ,16,1,１, ,ダ2000,良,,(栗),奥村豊,2053,-0.1,1,1,1,38.9,494,-4,
,"2022. 3.13",阪神,1阪A,2勝,小豆島特･2勝,6,7,ジャスティンカフェ,牡,4,横山典弘, 57 ,12,1,１, 外,芝1600,良,,(栗),安田翔伍,1335,-0.4,,10,9,33.9,488,0,
,"2022. 3.13",阪神,1阪A,1勝,１勝ｸﾗｽ,7,10,ブラビオ,牡,4,今村聖奈,53★,12,5,１, ,ダ1800,良,,(栗),寺島良,1543,-0.3,5,5,5,38.7,460,-6,
,"2022. 3.13",阪神,1阪A,1勝,１勝ｸﾗｽ,7,7,アサケレディ,牝,4,和田竜二, 55 ,10,1,１, 内,芝2000,良,,(栗),大橋勇樹,2005,-0.1,3,2,2,35.8,470,-2,
,"2022. 3.13",阪神,1阪A,1勝,１勝ｸﾗｽ・牝,3,3,エルソール,牝,4,団野大成, 55 ,12,3,１, ,ダ1800,良,,(栗),池江泰寿,1549,-0.3,6,5,2,38.2,430,-2,
,"2022. 3.13",阪神,1阪A,1勝,１勝ｸﾗｽ*,4,5,ドンフランキー,牡,3,池添謙一, 56 ,13,1,１, ,ダ1400,良,,(栗),斉藤崇史,1246,-0.5,,1,1,38.2,576,-4,
,"2022. 3.13",阪神,1阪A,未勝利,未勝利,6,11,メトセラ,牡,3,浜中俊, 56 ,18,3,１, 外,芝1600,良,*,(栗),矢作芳人,1349,-0.0,,6,6,35.6,490,+16,
,"2022. 3.13",阪神,1阪A,未勝利,未勝利,6,12,ヴァンダービルト,牡,3,武豊, 56 ,16,4,１, ,ダ1400,良,,(栗),庄野靖志,1254,-0.2,,2,2,37.7,524,,
,"2022. 3.13",阪神,1阪A,未勝利,未勝利,6,7,エメヴィベール,牡,3,坂井瑠星, 56 ,11,1,１, ,ダ1800,良,,(栗),吉岡辰弥,1549,-0.2,7,7,7,38.6,560,-6,
,"2022. 3.13",阪神,1阪A,未勝利,未勝利・牝,2,2,カグラマツリウタ,牝,3,秋山真一, 54 ,15,3,１, ,ダ1200,良,,(栗),角田晃一,1134,-0.6,,1,1,37.9,456,-4,
,"2022. 3.12",阪神,1阪9,2勝,２勝ｸﾗｽ,8,12,カネコメノボル,セ,5,森裕太朗, 57 ,13,6,１, ,ダ2000,良,,(栗),中尾秀正,2060,-0.2,8,7,5,37.6,438,-4,
,"2022. 3.12",阪神,1阪9,ｵｰﾌﾟﾝ,ポラリス,8,16,バティスティーニ,牡,9,鮫島克駿, 57 ,16,7,１, ,ダ1400,良,,(栗),池添学,1238,-0.0,,12,10,36.5,500,+6,B
,"2022. 3.12",阪神,1阪9,3勝,飛鳥ＳＨ･3勝,1,2,ヤマニンサンパ,牡,4,川田将雅, 53 ,16,1,１, 外,芝1800,良,,(栗),斉藤崇史,1458,-0.2,,10,8,33.8,472,-2,
,"2022. 3.12",阪神,1阪9,1勝,ゆきやな･1勝,5,5,ボルドグフーシュ,牡,3,松田大作, 56 ,8,2,１, 外,芝2400,良,,(栗),宮本博,2271,-0.2,8,8,7,33.3,488,0,
,"2022. 3.12",阪神,1阪9,ＪＧ２,阪神スプJG2,6,7,エイシンクリック,牡,8,西谷誠, 60 ,11,5,１, ,芝3900,良,*,(栗),坂口智康,4212,-0.3,2,1,1,13.4,478,0,
,"2022. 3.12",阪神,1阪9,1勝,１勝ｸﾗｽ,1,1,ヴアーサ,牡,4,川田将雅, 57 ,16,1,１, ,ダ1400,良,,(栗),鮫島一歩,1252,-0.5,,3,4,37.1,458,-2,
,"2022. 3.12",阪神,1阪9,1勝,１勝ｸﾗｽ*,4,4,トゥードジボン,牡,3,福永祐一, 56 ,9,2,１, 外,芝1600,良,,(栗),四位洋文,1338,-0.1,,2,2,34.2,476,0,
,"2022. 3.12",阪神,1阪9,未勝利,未勝利,8,15,ガイアフォース,牡,3,松山弘平, 56 ,16,1,１, 内,芝2000,良,,(栗),杉山晴紀,2004,-0.7,4,4,4,34.8,486,0,
,"2022. 3.12",阪神,1阪9,未勝利,未勝利,1,1,ダノンフューチャー,牡,3,川田将雅, 56 ,11,1,１, ,ダ1800,良,,(栗),寺島良,1556,-0.1,4,4,3,37.7,506,-10,
,"2022. 3.12",阪神,1阪9,未勝利,未勝利,7,7,ニューダイアリーズ,牡,3,松山弘平, 56 ,8,2,１, ,ダ2000,良,,(栗),杉山晴紀,2073,-0.1,3,3,3,37.4,468,-2,
,"2022. 3.12",阪神,1阪9,未勝利,未勝利,1,2,チェイスザドリーム,牝,3,古川奈穂,50★,16,6,１, ,ダ1200,良,,(栗),矢作芳人,1132,-0.7,,7,7,37.0,468,,
,"2022. 3.12",阪神,1阪9,未勝利,未勝利・牝,6,6,ウインメイフラワー,牝,3,松山弘平, 54 ,9,2,１, ,ダ1800,良,,(栗),梅田智之,1566,-0.1,2,2,2,38.5,490,+16,
,"2022. 3. 6",阪神,1阪8,2勝,２勝ｸﾗｽ,6,11,スズカキンシャサ,牡,4,岩田望来, 57 ,16,1,１, ,ダ1200,良,,(栗),上村洋行,1119,-0.1,,2,2,37.2,476,-2,
,"2022. 3. 6",阪神,1阪8,OP(L),大阪城Ｈ(L),8,11,アルサトワ,牡,5,幸英明, 54 ,12,5,１, 外,芝1800,良,,(栗),斉藤崇史,1448,-0.1,,2,2,34.6,514,+4,
,"2022. 3. 6",阪神,1阪8,3勝,斑鳩ＳＨ･3勝,2,2,ルプリュフォール,セ,6,藤岡康太, 56 ,11,4,１, 内,芝1400,良,,(栗),松永幹夫,1204,-0.1,,6,4,34.3,500,+2,
,"2022. 3. 6",阪神,1阪8,1勝,アルメリ･1勝,2,2,ピースオブエイト,牡,3,岩田望来, 56 ,7,2,１, 外,芝1800,良,,(栗),奥村豊,1463,-0.1,,5,5,34.2,468,+6,
,"2022. 3. 6",阪神,1阪8,1勝,１勝ｸﾗｽ,1,2,メイショウミズモ,牝,4,藤岡康太, 55 ,16,3,１, ,ダ1200,良,,(栗),笹田和秀,1126,-0.0,,11,9,36.6,416,-2,
,"2022. 3. 6",阪神,1阪8,1勝,１勝ｸﾗｽ,4,8,ジュノー,牡,4,松山弘平, 57 ,17,1,１, 外,芝1600,良,,(栗),音無秀孝,1333,-0.6,,6,5,34.7,526,-6,
,"2022. 3. 6",阪神,1阪8,1勝,１勝ｸﾗｽ,1,1,タイスケフェイス,牡,4,小沢大仁,55△,8,6,１, ,ダ1800,良,,(栗),石橋守,1532,-0.1,8,6,4,38.7,480,+2,
,"2022. 3. 6",阪神,1阪8,未勝利,未勝利,5,8,クワイエットホーク,牡,3,岩田望来, 56 ,15,1,１, 内,芝2200,良,,(栗),藤原英昭,2146,-0.0,3,3,2,36.5,526,-8,
,"2022. 3. 6",阪神,1阪8,未勝利,障害未勝利,6,6,ネビーイーム,牡,4,白浜雄造, 59 ,7,1,１, ,ダ2970,良,,(栗),佐々木晶,3246,-0.1,1,1,1,13.8,530,+8,
,"2022. 3. 6",阪神,1阪8,未勝利,未勝利,1,2,ゼウスバイオ,牡,3,秋山真一, 56 ,16,3,１, ,ダ1800,良,,(栗),畑端省吾,1552,-0.2,13,12,10,37.5,486,-12,
,"2022. 3. 6",阪神,1阪8,未勝利,未勝利,5,8,アスクヴィヴァユー,牡,3,岩田望来, 56 ,14,1,１, ,ダ2000,良,,(栗),藤原英昭,2095,-0.0,7,5,4,39.6,504,-6,
,"2022. 3. 6",阪神,1阪8,未勝利,未勝利・牝,3,6,デルマセドナ,牝,3,団野大成, 54 ,16,1,１, ,ダ1400,良,,(栗),田中克典,1266,-0.2,,7,6,38.0,464,0,
,"2022. 3. 5",阪神,1阪7,2勝,２勝ｸﾗｽ,7,7,アズユーフィール,牡,4,川田将雅, 57 ,9,1,１, ,ダ1800,良,,(栗),宮本博,1533,-0.1,3,4,4,37.9,508,+2,B
,"2022. 3. 5",阪神,1阪7,Ｇ２,チューリG2,4,6,ナミュール,牝,3,横山武史, 54 ,15,1,１, 外,芝1600,良,,(栗),高野友和,1332,-0.2,,7,8,33.9,430,0,
,"2022. 3. 5",阪神,1阪7,3勝,橿原Ｓ･3勝,6,11,ボイラーハウス,牡,4,三浦皇成, 57 ,16,4,１, ,ダ1200,良,,(美),竹内正洋,1112,-0.2,,9,7,35.6,496,-6,
,"2022. 3. 5",阪神,1阪7,2勝,和田岬特･2勝,6,6,オールザワールド,牡,5,横山武史, 57 ,9,3,１, 内,芝2000,良,,(栗),中竹和也,2006,-0.0,4,3,3,35.1,480,0,
,"2022. 3. 5",阪神,1阪7,2勝,２勝ｸﾗｽ,2,2,スンリ,牝,4,武豊, 55 ,11,6,１, 内,芝1200,良,,(栗),清水久詞,1085,-0.0,,1,1,34.3,484,+4,B
,"2022. 3. 5",阪神,1阪7,1勝,１勝ｸﾗｽ,7,8,フォルツァンド,牡,4,菱田裕二, 57 ,10,1,１, ,ダ2000,良,,(栗),高橋亮,2077,-0.1,3,3,2,38.3,518,0,
,"2022. 3. 5",阪神,1阪7,1勝,１勝ｸﾗｽ*,1,1,ノットゥルノ,牡,3,武豊, 56 ,12,1,１, ,ダ1800,良,*,(栗),音無秀孝,1533,-0.3,11,10,5,38.3,510,-2,
,"2022. 3. 5",阪神,1阪7,未勝利,未勝利,6,12,サンクフィーユ,牝,3,川田将雅, 54 ,18,2,１, 外,芝1600,良,,(栗),中内田充,1333,-0.3,,10,10,34.1,462,,
,"2022. 3. 5",阪神,1阪7,未勝利,未勝利,1,2,ケイアイオメガ,牡,3,藤懸貴志, 56 ,16,1,１, ,ダ1400,良,,(栗),梅田智之,1272,-0.1,,2,2,39.3,470,,
,"2022. 3. 5",阪神,1阪7,未勝利,未勝利,6,12,ロードアラビアン,牡,3,福永祐一, 56 ,16,4,１, ,ダ1800,良,,(栗),四位洋文,1548,-1.1,2,2,2,37.9,498,,
,"2022. 3. 5",阪神,1阪7,未勝利,未勝利,8,16,メイショウトール,牡,3,角田大河,53▲,16,2,１, ,ダ1200,良,,(栗),石橋守,1133,-0.1,,6,4,37.7,474,-2,
,"2022. 3. 5",阪神,1阪7,未勝利,未勝利・牝,6,10,メイショウソウゲツ,牝,3,角田大河,51▲,14,8,１, ,ダ1800,良,,(栗),本田優,1557,-0.2,2,2,2,39.6,446,-4,
,"2022. 2.27",阪神,1阪6,2勝,２勝ｸﾗｽ,6,12,エターナリー,牡,5,岩田康誠, 57 ,16,1,１, ,ダ1400,良,,(栗),辻野泰之,1258,-0.3,,4,4,38.0,466,0,
,"2022. 2.27",阪神,1阪6,Ｇ３,阪急杯G3,6,10,ダイアトニック,牡,7,岩田康誠, 56 ,14,1,１, 内,芝1400,良,,(栗),安田隆行,1199,-0.1,,3,3,34.2,478,-2,
,"2022. 2.27",阪神,1阪6,OP(L),マーガレ(L),5,7,ジャングロ,牡,3,武豊, 56 ,13,1,１, 内,芝1200,良,,(栗),森秀行,1080,-0.2,,4,4,34.4,464,+10,
,"2022. 2.27",阪神,1阪6,3勝,松籟ＳＨ･3勝,6,6,ベスビアナイト,セ,5,岩田望来, 55 ,10,3,１, 内,芝3200,良,,(美),国枝栄,3204,-0.1,5,6,5,34.7,500,+6,
,"2022. 2.27",阪神,1阪6,2勝,２勝ｸﾗｽ・牝,1,1,ペプチドヒミコ,牝,5,武豊, 55 ,14,2,１, ,ダ1800,良,,(栗),武英智,1555,-0.2,5,5,4,37.6,480,0,
,"2022. 2.27",阪神,1阪6,1勝,１勝ｸﾗｽ,8,10,ヤマニンサンパ,牡,4,団野大成, 56 ,11,2,１, 外,芝1800,良,,(栗),斉藤崇史,1462,-0.8,,7,7,34.1,474,0,
,"2022. 2.27",阪神,1阪6,1勝,１勝ｸﾗｽ,3,5,アイリッシュセンス,牡,4,松若風馬, 57 ,16,1,１, ,ダ1400,良,,(栗),杉山晴紀,1255,-0.2,,5,4,37.4,478,0,
,"2022. 2.27",阪神,1阪6,未勝利,未勝利,8,12,サンライズエース,牡,3,鮫島克駿, 56 ,12,3,１, 内,芝2000,良,,(栗),河内洋,2015,-0.3,6,6,4,36.1,486,-8,
,"2022. 2.27",阪神,1阪6,未勝利,未勝利,3,4,プラチナドリーム,牡,3,和田竜二, 56 ,14,2,１, ,ダ1800,良,,(栗),平田修,1561,-0.5,6,4,4,38.7,460,-2,B
,"2022. 2.27",阪神,1阪6,未勝利,未勝利,7,11,ルージュルミナス,牝,3,和田竜二, 54 ,13,4,１, ,ダ1400,良,,(栗),平田修,1265,-0.0,,5,4,39.2,440,+2,
,"2022. 2.27",阪神,1阪6,未勝利,未勝利,3,4,メッセージソング,牡,3,藤岡康太, 56 ,15,4,１, ,ダ1800,良,,(栗),藤岡健一,1570,-0.2,7,6,4,39.8,518,-4,
,"2022. 2.27",阪神,1阪6,未勝利,未勝利・牝,8,15,テンメジャーガール,牝,3,幸英明, 54 ,16,2,１, ,ダ1200,良,,(栗),高柳大輔,1133,-0.4,,4,4,37.5,482,0,
,"2022. 2.26",阪神,1阪5,2勝,２勝ｸﾗｽ,1,1,レイモンドバローズ,牡,4,川田将雅, 57 ,9,1,１, 内,芝1400,良,,(栗),上村洋行,1207,-0.2,,2,2,34.1,490,-4,
,"2022. 2.26",阪神,1阪5,OP(L),仁川ＳＨ(L),4,7,グレートタイム,牡,7,岩田望来, 56 ,16,3,１, ,ダ2000,良,,(栗),藤原英昭,2048,-0.4,7,6,4,37.9,482,-4,B
,"2022. 2.26",阪神,1阪5,OP(L),すみれＳ(L),4,4,ポッドボレット,牡,3,福永祐一, 56 ,8,5,１, 内,芝2200,良,,(栗),辻野泰之,2129,-0.1,2,2,2,34.4,502,-6,
,"2022. 2.26",阪神,1阪5,3勝,伊丹Ｓ･3勝,5,10,メイショウドヒョウ,牡,5,太宰啓介, 57 ,16,4,１, ,ダ1800,良,,(栗),西園正都,1530,-0.1,1,1,1,38.6,506,+8,
,"2022. 2.26",阪神,1阪5,2勝,２勝ｸﾗｽ,2,2,ナムラカミカゼ,牡,5,岩田望来, 57 ,9,1,１, 外,芝2400,良,,(栗),村山明,2288,-0.2,6,6,8,33.3,496,+2,
,"2022. 2.26",阪神,1阪5,1勝,１勝ｸﾗｽ・牝,8,16,メイショウマンサク,牝,4,横山典弘, 55 ,16,1,１, ,ダ1400,良,,(栗),石橋守,1270,-0.0,,11,8,36.9,512,-4,
,"2022. 2.26",阪神,1阪5,1勝,１勝ｸﾗｽ,8,10,キングダムウイナー,牡,5,川田将雅, 57 ,11,1,１, ,ダ1800,良,,(栗),田中克典,1544,-0.3,5,4,4,38.2,484,-2,
,"2022. 2.26",阪神,1阪5,1勝,１勝ｸﾗｽ*,8,15,バトルクライ,牡,3,岩田望来, 56 ,16,1,１, ,ダ1200,良,,(美),高木登,1128,-0.1,,10,7,36.9,480,0,
,"2022. 2.26",阪神,1阪5,未勝利,未勝利,7,14,プルサティーラ,牝,3,川田将雅, 54 ,18,1,１, 外,芝1600,良,,(栗),中内田充,1343,-0.3,,11,10,34.9,420,+4,
,"2022. 2.26",阪神,1阪5,未勝利,未勝利,8,12,アランチャータ,牝,3,富田暁, 54 ,13,6,１, ,ダ1400,良,,(栗),上村洋行,1261,-0.3,,2,2,38.7,464,+10,
,"2022. 2.26",阪神,1阪5,未勝利,未勝利,2,2,ナムラフランク,牡,3,和田竜二, 56 ,15,2,１, ,ダ1200,良,,(栗),鈴木孝志,1129,-1.2,,1,1,37.4,474,0,
,"2022. 2.26",阪神,1阪5,未勝利,未勝利・牝,7,14,ウィシンクアスク,牝,3,岩田望来, 54 ,16,3,１, ,ダ1800,良,,(栗),野中賢二,1551,-0.0,3,3,3,38.4,482,0,
,"2022. 2.20",阪神,1阪4,2勝,２勝ｸﾗｽ,5,7,サトノラムセス,牡,4,鮫島克駿, 57 ,14,1,１, 外,芝1600,稍,,(栗),橋口慎介,1346,-0.0,,9,10,33.9,470,+4,
,"2022. 2.20",阪神,1阪4,ｵｰﾌﾟﾝ,大和ＳＨ,8,16,ジャスティン,牡,6,坂井瑠星,58.5,16,2,１, ,ダ1200,稍,,(栗),矢作芳人,1116,-0.0,,1,1,37.7,502,-2,
,"2022. 2.20",阪神,1阪4,3勝,武庫川Ｓ･3勝,3,3,シャーレイポピー,牝,4,鮫島克駿, 55 ,9,2,１, 外,芝1600,稍,,(栗),石坂公一,1353,-0.2,,1,1,33.8,438,+8,
,"2022. 2.20",阪神,1阪4,2勝,川西特別･2勝,4,4,スギノマジェスティ,牡,4,岩田望来, 56 ,9,2,１, ,ダ1800,稍,,(栗),上村洋行,1556,-1.0,2,2,2,37.9,474,+8,
,"2022. 2.20",阪神,1阪4,1勝,１勝ｸﾗｽ,2,4,スズカキンシャサ,牡,4,岩田望来, 57 ,16,1,１, ,ダ1200,稍,,(栗),上村洋行,1132,-0.1,,1,1,38.6,478,+10,
,"2022. 2.20",阪神,1阪4,1勝,１勝ｸﾗｽ,7,11,モンサンイルベント,牡,5,坂井瑠星, 57 ,14,3,１, ,ダ1800,稍,*,(栗),飯田祐史,1554,-0.0,3,2,2,38.7,510,+6,
,"2022. 2.20",阪神,1阪4,1勝,１勝ｸﾗｽ*,4,4,アネゴハダ,牝,3,坂井瑠星, 54 ,13,1,１, 内,芝1400,稍,,(栗),佐々木晶,1217,-0.2,,3,4,34.7,444,+2,
,"2022. 2.20",阪神,1阪4,未勝利,未勝利,2,2,スーサンアッシャー,牡,3,横山典弘, 56 ,14,3,１, 外,芝1800,稍,,(栗),鈴木孝志,1477,-0.1,,3,3,34.8,458,0,
,"2022. 2.20",阪神,1阪4,新馬,新馬,1,2,レオノーレ,牝,3,松山弘平, 54 ,16,2,１, ,ダ1400,稍,,(栗),安田隆行,1267,-0.6,,1,1,38.4,474,,
,"2022. 2.20",阪神,1阪4,未勝利,未勝利,5,6,インベルシオン,牡,3,鮫島克駿, 56 ,12,1,１, ,ダ1800,稍,,(栗),清水久詞,1560,-1.1,3,2,3,39.8,522,+6,
,"2022. 2.20",阪神,1阪4,未勝利,未勝利・牝,5,9,クレスケンスルーナ,牝,3,岡田祥嗣, 54 ,15,2,１, ,ダ1400,稍,,(栗),吉田直弘,1268,-0.4,,3,2,39.6,470,0,
,"2022. 2.20",阪神,1阪4,未勝利,未勝利,5,5,パトリオットラン,牡,3,松山弘平, 56 ,9,1,１, ,ダ1800,稍,,(栗),渡辺薫彦,1567,-0.7,2,1,1,38.7,518,+4,
,"2022. 2.19",阪神,1阪3,2勝,２勝ｸﾗｽ・牝,2,4,ミラーウォーカーズ,牝,4,藤岡康太, 55 ,16,3,１, ,ダ1200,良,,(美),石栗龍彦,1125,-0.1,,3,3,37.2,468,-8,
,"2022. 2.19",阪神,1阪3,Ｇ３,京都牝馬G3,4,7,ロータスランド,牝,5,岩田望来, 56 ,18,5,１, 内,芝1400,良,,(栗),辻野泰之,1197,-0.1,,2,2,33.8,484,+18,
,"2022. 2.19",阪神,1阪3,3勝,播磨ＳＨ･3勝,3,6,アドマイヤルプス,セ,5,川田将雅, 56 ,16,3,１, ,ダ1400,良,,(美),加藤征弘,1238,-0.1,,4,4,36.7,548,-2,
,"2022. 2.19",阪神,1阪3,1勝,つばき賞･1勝,2,2,テンダンス,牡,3,ルメール, 56 ,7,1,１, 外,芝1800,良,,(栗),中竹和也,1496,-0.2,,1,1,32.9,498,0,
,"2022. 2.19",阪神,1阪3,1勝,１勝ｸﾗｽ,8,12,ショウナンアレス,牡,4,柴山雄一, 57 ,12,1,１, 外,芝1600,良,,(栗),池添兼雄,1348,-0.0,,5,4,33.8,540,0,
,"2022. 2.19",阪神,1阪3,1勝,１勝ｸﾗｽ*,3,3,ハセドン,牡,3,横山典弘, 56 ,12,1,１, ,ダ1800,良,,(栗),安田翔伍,1544,-0.2,12,4,2,37.0,484,-6,B
,"2022. 2.19",阪神,1阪3,未勝利,未勝利,1,1,アップデート,牡,3,和田竜二, 56 ,16,11,１, 外,芝2400,良,,(栗),杉山晴紀,2282,-0.1,8,8,7,33.7,502,-6,
,"2022. 2.19",阪神,1阪3,新馬,新馬,3,5,メイショウオグマ,牡,3,武豊, 56 ,16,4,１, ,ダ1800,良,,(栗),安達昭夫,1563,-0.6,2,2,2,38.3,496,,
,"2022. 2.19",阪神,1阪3,未勝利,未勝利,4,4,フラップシグナス,牡,3,松山弘平, 56 ,13,1,１, ,ダ1400,良,,(栗),千田輝彦,1265,-0.4,,2,2,38.0,492,-4,
,"2022. 2.19",阪神,1阪3,未勝利,未勝利,3,3,エミサソウツバサ,牡,3,荻野極, 56 ,9,4,１, ,ダ2000,良,,(栗),杉山佳明,2079,-0.3,7,7,6,39.1,504,-2,
,"2022. 2.19",阪神,1阪3,未勝利,未勝利,6,10,オンザダブル,牡,3,川田将雅, 56 ,15,1,１, ,ダ1200,良,,(栗),池添学,1130,-0.6,,1,1,37.1,508,0,
,"2022. 2.19",阪神,1阪3,未勝利,未勝利・牝,6,10,カレンラファータ,牝,3,松山弘平, 54 ,14,3,１, ,ダ1800,良,,(栗),鈴木孝志,1565,-0.8,5,4,2,39.7,420,-2,
,"2022. 2.13",阪神,1阪2,2勝,２勝ｸﾗｽ,6,11,ワンダーイチョウ,牡,4,長岡禎仁, 57 ,16,2,１, ,ダ1400,良,,(栗),杉山晴紀,1247,-0.4,,8,6,37.2,488,-2,
,"2022. 2.13",阪神,1阪2,Ｇ２,京都記念G2,7,11,アフリカンゴールド,セ,7,国分恭介, 56 ,13,12,１, 内,芝2200,稍,,(栗),西園正都,2119,-0.2,1,1,1,34.5,468,0,
,"2022. 2.13",阪神,1阪2,3勝,加古川Ｓ･3勝,4,5,アルーブルト,牡,4,幸英明, 56 ,13,1,１, ,ダ1800,良,,(栗),畑端省吾,1528,-0.3,8,8,4,37.8,478,+2,
,"2022. 2.13",阪神,1阪2,1勝,１勝ｸﾗｽ・牝,7,14,タイセイグラシア,牝,4,古川奈穂,51★,16,10,１, ,ダ1200,良,,(栗),矢作芳人,1130,-0.1,,2,1,37.8,452,+4,
,"2022. 2.13",阪神,1阪2,1勝,こぶし賞･1勝,5,5,スタニングローズ,牝,3,坂井瑠星, 54 ,6,1,１, 外,芝1600,稍,,(栗),高野友和,1369,-0.0,,3,3,33.4,476,+2,
,"2022. 2.13",阪神,1阪2,1勝,１勝ｸﾗｽ,7,7,カサデガ,牡,4,岩田望来, 56 ,9,1,１, ,ダ1800,良,,(栗),寺島良,1556,-0.2,2,2,2,37.2,464,+8,B
,"2022. 2.13",阪神,1阪2,未勝利,未勝利,6,6,ショウナンアデイブ,牡,3,池添謙一, 56 ,10,1,１, 内,芝2000,良,,(栗),高野友和,2009,-0.3,4,4,4,34.1,496,-2,
,"2022. 2.13",阪神,1阪2,未勝利,未勝利,2,2,ディオ,牡,3,岩田望来, 56 ,13,1,１, 外,芝1600,良,,(栗),辻野泰之,1354,-0.4,,3,4,32.9,486,+6,
,"2022. 2.13",阪神,1阪2,新馬,新馬,3,6,エルデスペラード,牡,3,幸英明, 56 ,16,5,１, ,ダ1800,良,,(栗),橋口慎介,1570,-0.6,2,2,2,37.8,430,,
,"2022. 2.13",阪神,1阪2,未勝利,未勝利,8,13,メイショウキッド,牡,3,横山典弘, 56 ,14,1,１, ,ダ1400,良,,(栗),本田優,1260,-0.6,,11,9,37.5,500,+6,
,"2022. 2.13",阪神,1阪2,未勝利,未勝利,5,6,ブリヨンカズマ,牡,3,岩田望来, 56 ,12,4,１, ,ダ1800,良,,(栗),高柳大輔,1572,-0.0,4,4,5,38.1,512,-6,B
,"2022. 2.13",阪神,1阪2,未勝利,未勝利・牝,4,4,コパノフランシス,牝,3,岩田望来, 54 ,13,3,１, ,ダ1200,良,,(栗),渡辺薫彦,1138,-0.0,,5,4,37.4,472,-4,
,"2022. 2.12",阪神,1阪1,2勝,２勝ｸﾗｽ,6,7,メガゴールド,牡,4,松田大作, 56 ,11,3,１, ,ダ2000,良,,(栗),須貝尚介,2065,-0.0,2,2,2,38.7,526,+4,B
,"2022. 2.12",阪神,1阪1,OP(L),洛陽ＳＨ(L),3,6,エアファンディタ,牡,5,福永祐一, 55 ,17,2,１, 外,芝1600,良,,(栗),池添学,1319,-0.0,,11,10,33.3,464,+8,B
,"2022. 2.12",阪神,1阪1,3勝,但馬Ｓ･3勝,1,1,アルサトワ,牡,5,幸英明, 57 ,8,4,１, 内,芝2000,良,,(栗),斉藤崇史,2000,-0.0,1,1,1,34.2,510,-8,
,"2022. 2.12",阪神,1阪1,3勝,但馬Ｓ･3勝,2,2,カイザーバローズ,牡,4,川田将雅, 56 ,8,2,１, 内,芝2000,良,,(栗),中内田充,2000,-0.0,6,6,6,33.6,444,-2,
,"2022. 2.12",阪神,1阪1,2勝,春日特別･2勝,4,4,ロックユー,セ,4,福永祐一, 56 ,8,3,１, 外,芝1800,良,,(栗),中内田充,1467,-0.2,,3,2,33.7,434,-2,B
,"2022. 2.12",阪神,1阪1,1勝,１勝ｸﾗｽ,2,3,ミッキークイック,牡,4,和田竜二, 57 ,16,4,１, ,ダ1400,良,,(栗),大久保龍,1252,-0.0,,2,2,36.9,506,+8,
,"2022. 2.12",阪神,1阪1,1勝,１勝ｸﾗｽ・牝,6,6,ラボンダンス,牝,5,川田将雅, 55 ,8,1,１, ,ダ1800,良,,(栗),橋口慎介,1558,-0.3,4,4,4,36.7,502,+4,
,"2022. 2.12",阪神,1阪1,1勝,１勝ｸﾗｽ*,8,16,コンクパール,牝,3,福永祐一, 54 ,16,3,１, ,ダ1400,良,*,(栗),中竹和也,1248,-0.2,,1,1,38.0,478,-8,
,"2022. 2.12",阪神,1阪1,未勝利,未勝利・牝,3,3,マイシンフォニー,牝,3,武豊, 54 ,13,2,１, 外,芝1800,良,,(栗),松永幹夫,1466,-0.1,,4,4,34.2,470,+6,
,"2022. 2.12",阪神,1阪1,新馬,新馬,6,11,メイショウクリフト,牡,3,福永祐一, 56 ,16,1,１, ,ダ1200,良,,(栗),笹田和秀,1142,-0.7,,2,2,37.3,454,,
,"2022. 2.12",阪神,1阪1,未勝利,未勝利,8,10,ノットゥルノ,牡,3,武豊, 56 ,10,1,１, ,ダ1800,良,,(栗),音無秀孝,1537,-0.8,3,3,1,37.5,512,+4,
,"2022. 2.12",阪神,1阪1,未勝利,未勝利,5,5,マスキエッタ,牝,3,福永祐一, 54 ,10,1,１, ,ダ1200,良,,(栗),野中賢二,1145,-0.2,,1,1,37.2,464,0,
,"2022. 2.12",阪神,1阪1,未勝利,未勝利・牝,8,11,ランスオブウェイブ,牝,3,団野大成, 54 ,12,3,１, ,ダ1800,良,,(栗),奥村豊,1550,-0.1,1,1,1,39.0,486,+4,
,2021.12.28,阪神,6阪9,3勝,ファイＨ･3勝,3,6,ローレルアイリス,牝,4,川又賢治, 52 ,16,9,１, 内,芝1200,良,,(栗),杉山佳明,1080,-0.0,,6,4,34.0,446,+6,
,2021.12.28,阪神,6阪9,OP(L),ベテルギ(L),6,11,アイオライト,牡,4,菱田裕二, 56 ,16,6,１, ,ダ1800,良,,(美),武藤善則,1517,-0.4,1,1,1,36.9,490,+4,
,2021.12.28,阪神,6阪9,2勝,フォーチ･2勝,8,9,キングオブドラゴン,牡,4,坂井瑠星, 57 ,10,3,１, 内,芝2000,良,,(栗),矢作芳人,2002,-0.1,1,1,1,35.7,498,-4,
,2021.12.28,阪神,6阪9,2勝,春待月賞･2勝,8,13,メイショウヒューマ,牡,3,藤岡康太, 56 ,13,2,１, ,ダ1200,良,,(栗),藤岡健一,1120,-0.5,,2,2,36.4,494,+12,
,2021.12.28,阪神,6阪9,1勝,１勝ｸﾗｽ,7,12,ワンダーイチョウ,牡,3,松山弘平, 56 ,14,1,１, ,ダ1400,良,,(栗),杉山晴紀,1251,-0.4,,3,3,37.7,490,+4,
,2021.12.28,阪神,6阪9,1勝,１勝ｸﾗｽ*,7,10,デリカダ,牝,2,和田竜二, 54 ,13,2,１, ,ダ1800,良,,(栗),吉田直弘,1536,-0.2,3,3,3,38.1,478,-4,
,2021.12.28,阪神,6阪9,未勝利,未勝利*,1,2,ルミネイト,牝,2,団野大成, 54 ,16,6,１, 外,芝1800,良,,(栗),千田輝彦,1473,-0.1,,1,1,35.6,500,-2,
,2021.12.28,阪神,6阪9,新馬,新馬,4,8,レベレンシア,牡,2,鮫島克駿, 55 ,17,2,１, 外,芝1600,良,,(栗),安田翔伍,1365,-0.0,,5,3,34.3,484,,
,2021.12.28,阪神,6阪9,未勝利,障害未勝利,5,8,ポルタフォリオ,牡,3,北沢伸也, 58 ,14,9,１, ,ダ2970,良,,(栗),角田晃一,3266,-0.0,2,2,2,13.9,506,+8,
,2021.12.28,阪神,6阪9,未勝利,未勝利*,5,10,ペプチドヤマト,牡,2,浜中俊, 55 ,16,1,１, ,ダ1200,良,*,(栗),武英智,1128,-0.0,,2,2,37.3,474,+2,
,2021.12.28,阪神,6阪9,未勝利,未勝利*,5,9,ゼロドラゴン,牝,2,吉田隼人, 54 ,16,8,１, 内,芝1200,良,,(栗),寺島良,1093,-0.2,,11,6,34.0,440,-2,
,2021.12.28,阪神,6阪9,未勝利,未勝利*,2,2,アテンパーティ,牡,2,菱田裕二, 55 ,12,9,１, ,ダ1800,良,,(栗),谷潔,1553,-0.1,1,1,1,38.6,440,0,
,2021.12.26,阪神,6阪8,2勝,猪名川特･2勝,5,9,エルカスティージョ,牝,3,団野大成, 54 ,15,1,１, 内,芝1400,良,,(栗),斉藤崇史,1217,-0.1,,4,5,34.4,460,-2,
,2021.12.26,阪神,6阪8,ｵｰﾌﾟﾝ,りんくうＨ,8,16,オーロラテソーロ,牡,4,秋山真一, 54 ,16,6,１, ,ダ1200,良,,(美),畠山吉宏,1107,-0.4,,2,2,36.7,500,+2,
,2021.12.26,阪神,6阪8,3勝,サンタク･3勝,1,1,エヒト,牡,4,岩田康誠, 57 ,10,6,１, 内,芝2000,良,,(栗),森秀行,2013,-0.5,6,6,6,35.1,462,+2,
,2021.12.26,阪神,6阪8,2勝,鳥取特別･2勝,3,3,ペプチドナイル,牡,3,松田大作, 56 ,13,1,１, ,ダ1800,良,,(栗),武英智,1543,-0.0,3,5,6,37.2,528,0,
,2021.12.26,阪神,6阪8,1勝,１勝ｸﾗｽ,3,6,サトノラムセス,牡,3,鮫島克駿, 56 ,18,1,１, 外,芝1600,良,,(栗),橋口慎介,1347,-0.1,,10,10,34.1,466,+2,
,2021.12.26,阪神,6阪8,1勝,１勝ｸﾗｽ,8,14,ヴァンヤール,牡,3,荻野極, 56 ,15,4,１, ,ダ1800,良,,(栗),庄野靖志,1554,-0.2,8,11,9,38.3,518,+15,
,2021.12.26,阪神,6阪8,新馬,新馬,8,18,シーズザデイ,牡,2,鮫島克駿, 55 ,18,5,１, 内,芝1400,良,,(栗),川村禎彦,1231,-0.2,,1,1,35.9,496,,
,2021.12.26,阪神,6阪8,未勝利,障害未勝利,6,9,エコロドリーム,牡,5,草野太郎, 60 ,14,2,１, ,ダ2970,良,,(美),岩戸孝樹,3208,-0.0,7,5,2,13.5,480,-8,
,2021.12.26,阪神,6阪8,新馬,新馬,8,15,オステリア,牡,2,坂井瑠星, 55 ,16,2,１, ,ダ1800,良,,(栗),宮本博,1578,-0.8,2,2,1,40.0,518,,
,2021.12.26,阪神,6阪8,未勝利,未勝利*,6,9,ヴェローナシチー,牡,2,団野大成, 55 ,13,2,１, 内,芝2000,良,,(栗),佐々木晶,2031,-0.1,8,5,4,36.3,500,+8,
,2021.12.26,阪神,6阪8,未勝利,未勝利*,2,3,スプラウティング,牡,2,泉谷楓真,54☆,16,1,１, ,ダ1400,良,,(栗),西園正都,1264,-0.2,,2,1,38.6,504,+4,
,2021.12.26,阪神,6阪8,未勝利,未勝利*,2,3,シルヴァンエルフ,牡,2,加藤祥太, 55 ,16,6,１, ,ダ1800,良,,(栗),庄野靖志,1567,-0.5,3,2,2,40.2,478,+18,B
,2021.12.25,阪神,6阪7,2勝,２勝ｸﾗｽ,2,3,メディーヴァル,牡,3,幸英明, 56 ,16,1,１, ,ダ1400,良,,(栗),寺島良,1249,-0.3,,2,6,37.4,458,+2,
,2021.12.25,阪神,6阪7,Ｇ２,阪神カッG2,6,12,グレナディアガーズ,牡,3,Ｃ．デム, 56 ,18,3,１, 内,芝1400,良,*,(栗),中内田充,1203,-0.3,,10,10,34.0,468,+2,
,2021.12.25,阪神,6阪7,3勝,摩耶Ｓ･3勝,5,5,バーデンヴァイラー,牡,3,Ｃ．デム, 56 ,11,1,１, ,ダ1800,良,,(栗),斉藤崇史,1525,-0.5,2,2,2,36.9,506,-2,
,2021.12.25,阪神,6阪7,1勝,万両賞･1勝*,6,6,マテンロウオリオン,牡,2,横山典弘, 55 ,11,6,１, 内,芝1400,良,,(栗),昆貢,1219,-0.0,,11,11,33.4,486,-4,
,2021.12.25,阪神,6阪7,1勝,１勝ｸﾗｽ,3,6,ニューフロンティア,牡,3,坂井瑠星, 56 ,16,2,１, ,ダ1200,良,,(栗),田中克典,1127,-0.2,,8,10,36.9,486,0,
,2021.12.25,阪神,6阪7,1勝,１勝ｸﾗｽ・牝,3,3,メイショウイッコン,牝,3,小沢大仁,51▲,9,2,１, ,ダ1800,良,,(栗),高橋亮,1527,-1.5,1,1,1,37.4,460,+4,
,2021.12.25,阪神,6阪7,新馬,新馬,4,8,ペプチドアケボシ,牡,2,古川吉洋, 55 ,16,7,１, ,ダ1400,良,*,(栗),木原一良,1254,-0.6,,1,1,37.6,462,,
,2021.12.25,阪神,6阪7,新馬,新馬,5,7,ジャスティンカツミ,牡,2,ルメール, 55 ,14,4,１, 外,芝1800,良,,(栗),杉山晴紀,1487,-0.0,,1,1,35.5,494,,
,2021.12.25,阪神,6阪7,未勝利,未勝利*,4,7,エリカフェリーチェ,牝,2,ルメール, 54 ,18,1,１, 外,芝1600,良,,(栗),吉岡辰弥,1354,-0.2,,2,1,35.7,454,-4,
,2021.12.25,阪神,6阪7,未勝利,未勝利*,6,12,ターゲサンブルック,牡,2,Ｃ．デム, 55 ,16,1,１, ,ダ1800,良,,(栗),奥村豊,1564,-0.7,3,4,4,39.6,474,-2,
,2021.12.25,阪神,6阪7,未勝利,未勝利*,4,7,ナインティゴット,牡,2,Ｃ．デム, 55 ,16,5,１, ,ダ1200,良,,(栗),武英智,1124,-0.4,,3,2,37.1,490,+2,
,2021.12.25,阪神,6阪7,未勝利,未勝利・牝*,3,3,ミヤジネズコ,牝,2,吉田隼人, 54 ,10,3,１, ,ダ1800,良,,(栗),鈴木孝志,1563,-0.3,1,1,1,39.2,506,-2,
,2021.12.19,阪神,6阪6,3勝,御影ＳＨ･3勝,8,15,シゲルホサヤク,牡,3,高倉稜, 55 ,16,2,１, ,ダ1400,稍,,(栗),服部利之,1225,-0.4,,3,3,36.8,472,+8,
,2021.12.19,阪神,6阪6,Ｇ１,フューチG1,5,9,ドウデュース,牡,2,武豊, 55 ,15,3,１, 外,芝1600,良,,(栗),友道康夫,1335,-0.1,,8,7,34.5,496,-10,
,2021.12.19,阪神,6阪6,3勝,六甲アイ･3勝,4,6,タンタラス,牝,5,Ｃ．デム, 55 ,15,5,１, 内,芝1400,良,,(栗),池添学,1201,-0.5,,2,2,34.3,486,+4,B
,2021.12.19,阪神,6阪6,2勝,高砂特別･2勝,5,9,クインズメリッサ,牝,3,藤懸貴志, 54 ,16,2,１, ,ダ1200,稍,,(栗),宮本博,1106,-0.2,,3,2,35.9,474,-2,
,2021.12.19,阪神,6阪6,2勝,２勝ｸﾗｽ・牝,5,5,ワンダーシエンプロ,牝,4,鮫島克駿, 55 ,10,6,１, ,ダ1800,稍,,(栗),高柳大輔,1526,-0.4,2,2,2,37.6,444,0,B
,2021.12.19,阪神,6阪6,1勝,１勝ｸﾗｽ,6,11,サトノペルセウス,セ,3,藤岡佑介, 56 ,17,3,１, 外,芝1800,良,,(栗),藤原英昭,1459,-0.3,,5,5,34.3,496,+2,
,2021.12.19,阪神,6阪6,新馬,新馬,4,4,デシエルト,牡,2,岩田康誠, 55 ,7,1,１, ,ダ1800,稍,,(栗),安田隆行,1537,-1.1,1,1,1,37.0,506,,
,2021.12.19,阪神,6阪6,新馬,新馬,8,9,エアアネモイ,牡,2,Ｃ．デム, 55 ,10,2,１, 内,芝2000,良,,(栗),池添学,2056,-0.5,1,1,1,34.8,520,,
,2021.12.19,阪神,6阪6,未勝利,未勝利*,5,10,デルマグレムリン,牡,2,戸崎圭太, 55 ,18,13,１, 外,芝1600,良,,(栗),五十嵐忠,1348,-0.0,,16,12,35.2,440,-4,
,2021.12.19,阪神,6阪6,未勝利,未勝利*,5,7,ヒロノシュン,セ,2,松山弘平, 55 ,14,7,１, ,ダ1800,稍,,(栗),川村禎彦,1545,-0.3,7,6,6,38.7,506,-6,
,2021.12.19,阪神,6阪6,未勝利,未勝利*,8,15,クールココナヒメ,牝,2,松本大輝,51▲,16,1,１, ,ダ1200,稍,,(栗),松下武士,1121,-0.3,,2,2,37.4,488,+8,
,2021.12.19,阪神,6阪6,未勝利,未勝利・牝*,7,10,ヴァレーデラルナ,牝,2,岩田望来, 54 ,12,1,１, ,ダ1800,稍,,(栗),藤原英昭,1541,-0.9,2,2,2,38.2,504,-6,
,2021.12.18,阪神,6阪5,1勝,１勝ｸﾗｽ,6,9,トーセンアラン,牡,3,団野大成, 56 ,13,4,１, ,ダ1400,重,,(栗),池江泰寿,1232,-0.4,,1,1,35.9,538,+14,
,2021.12.18,阪神,6阪5,ｵｰﾌﾟﾝ,タンザナＨ,2,2,ナランフレグ,牡,5,丸田恭介, 55 ,15,2,１, 内,芝1200,良,*,(美),宗像義忠,1085,-0.0,,12,11,33.2,482,+2,
,2021.12.18,阪神,6阪5,2勝,甲東特別･2勝,1,1,シャーレイポピー,牝,3,Ｃ．デム, 54 ,9,1,１, 外,芝1600,良,,(栗),石坂公一,1340,-0.1,,3,3,33.6,430,+2,
,2021.12.18,阪神,6阪5,2勝,赤穂特別･2勝,7,12,ナリタフォルテ,牡,3,松山弘平, 56 ,14,2,１, ,ダ1800,重,,(栗),木原一良,1521,-0.0,3,3,3,36.6,584,-4,
,2021.12.18,阪神,6阪5,1勝,１勝ｸﾗｽ,8,10,モズマゾク,牡,3,国分優作, 56 ,11,1,１, ,ダ1800,重,,(栗),南井克巳,1524,-0.1,5,5,4,36.9,484,-2,
,2021.12.18,阪神,6阪5,未勝利,未勝利*,8,9,ストロングウィル,牡,2,松山弘平, 55 ,10,1,１, 内,芝2000,良,,(栗),橋口慎介,2026,-0.2,3,2,2,35.3,480,-2,
,2021.12.18,阪神,6阪5,新馬,新馬,3,3,クレア,牝,2,横山典弘, 54 ,11,2,１, ,ダ1200,重,,(栗),飯田祐史,1138,-0.0,,1,1,36.6,512,,
,2021.12.18,阪神,6阪5,新馬,新馬・牝,5,10,パンドレア,牝,2,Ｃ．デム, 54 ,18,1,１, 内,芝1400,稍,,(栗),斉藤崇史,1230,-0.2,,11,10,35.7,448,,
,2021.12.18,阪神,6阪5,ｵｰﾌﾟﾝ,障害・オープ,5,5,ニシノベイオウルフ,牡,6,中村将之, 60 ,10,9,１, ,ダ3110,稍,,(美),小桧山悟,3304,-0.1,1,1,1,13.5,492,-4,B
,2021.12.18,阪神,6阪5,未勝利,未勝利*,8,15,ドンフランキー,牡,2,Ｃ．デム, 55 ,16,1,１, ,ダ1400,重,,(栗),斉藤崇史,1233,-0.6,,1,1,36.9,580,+4,
,2021.12.18,阪神,6阪5,未勝利,未勝利・牝*,5,7,アカデミー,牝,2,松山弘平, 54 ,14,1,１, 外,芝1800,稍,,(栗),吉岡辰弥,1518,-0.0,,7,8,33.8,434,-6,
,2021.12.18,阪神,6阪5,未勝利,未勝利*,6,8,レッドバロッサ,セ,2,Ｃ．デム, 55 ,12,1,１, ,ダ1800,不,,(栗),音無秀孝,1528,-0.1,3,3,2,37.3,490,-6,B
,2021.12.12,阪神,6阪4,2勝,夙川特別･2勝,7,13,ケイアイドリー,牡,4,藤岡康太, 57 ,16,2,１, ,ダ1400,良,,(栗),村山明,1240,-0.2,,4,4,36.2,512,-4,
,2021.12.12,阪神,6阪4,Ｇ１,阪神ジュG1,5,10,サークルオブライフ,牝,2,Ｍ．デム, 54 ,18,3,１, 外,芝1600,良,,(美),国枝栄,1338,-0.1,,11,10,33.9,478,0,
,2021.12.12,阪神,6阪4,3勝,竹田城Ｈ･3勝,8,13,ユアヒストリー,牡,3,松山弘平, 55 ,14,2,１, ,ダ2000,良,,(栗),池添学,2055,-0.2,2,2,1,38.3,456,-2,
,2021.12.12,阪神,6阪4,3勝,オリオン･3勝,2,2,ルビーカサブランカ,牝,4,武豊, 55 ,12,4,１, 内,芝2200,良,,(栗),須貝尚介,2122,-0.2,8,7,8,35.0,468,+6,
,2021.12.12,阪神,6阪4,2勝,２勝ｸﾗｽ,6,9,フォドラ,牝,3,Ｃ．デム, 54 ,13,2,１, 内,芝1200,良,,(栗),牧浦充徳,1084,-0.2,,2,2,33.9,402,-4,
,2021.12.12,阪神,6阪4,1勝,１勝ｸﾗｽ,7,9,フォルテデイマルミ,牡,3,ルメール, 56 ,11,1,１, ,ダ1800,良,,(栗),須貝尚介,1538,-0.4,9,6,4,38.0,490,+4,
,2021.12.12,阪神,6阪4,1勝,１勝ｸﾗｽ*,4,5,ファーンヒル,牡,2,Ｃ．デム, 55 ,14,2,１, ,ダ1200,良,,(栗),清水久詞,1124,-0.0,,5,5,37.3,460,-2,
,2021.12.12,阪神,6阪4,新馬,新馬,3,6,エバーシャドネー,牝,2,藤岡佑介, 54 ,17,4,１, 外,芝1600,良,,(栗),藤岡健一,1351,-0.2,,5,4,34.2,456,,
,2021.12.12,阪神,6阪4,新馬,新馬,5,5,アンノウンウォリア,牡,2,団野大成, 55 ,10,4,１, ,ダ1800,良,,(栗),平田修,1556,-0.0,2,2,1,37.9,480,,
,2021.12.12,阪神,6阪4,未勝利,未勝利*,1,1,ディライトバローズ,牡,2,和田竜二, 55 ,12,3,１, 内,芝2000,良,,(栗),杉山晴紀,2018,-0.0,8,8,6,34.5,510,-6,
,2021.12.12,阪神,6阪4,未勝利,未勝利*,8,12,スズカワールド,牡,2,幸英明, 55 ,12,1,１, ,ダ1400,良,,(栗),大橋勇樹,1257,-0.1,,2,2,36.6,510,+4,
,2021.12.12,阪神,6阪4,未勝利,未勝利*,3,3,ラブリュス,牡,2,Ｃ．デム, 55 ,8,4,１, ,ダ1800,良,,(栗),寺島良,1557,-0.0,2,2,2,37.3,496,+2,B
,2021.12.11,阪神,6阪3,1勝,１勝ｸﾗｽ,7,10,メイショウカイト,牝,3,団野大成, 54 ,13,1,１, ,ダ1200,良,,(栗),荒川義之,1124,-0.0,,4,4,36.5,444,-2,
,2021.12.11,阪神,6阪3,OP(L),リゲルＳ(L),4,4,エアロロノア,牡,4,岩田望来, 56 ,12,1,１, 外,芝1600,良,,(栗),笹田和秀,1340,-0.1,,8,8,32.6,506,+10,
,2021.12.11,阪神,6阪3,2勝,境港特別･2勝,2,2,タイセイモンストル,牡,4,坂井瑠星, 57 ,9,5,１, 外,芝2400,良,,(栗),矢作芳人,2280,-0.3,2,2,2,34.9,482,-2,
,2021.12.11,阪神,6阪3,1勝,エリカ賞･1勝,7,8,サトノヘリオス,牡,2,岩田望来, 55 ,11,3,１, 内,芝2000,良,,(栗),友道康夫,1597,-0.0,6,5,8,35.2,472,+2,
,2021.12.11,阪神,6阪3,2勝,２勝ｸﾗｽ,8,16,バーデンヴァイラー,牡,3,Ｃ．デム, 56 ,16,1,１, ,ダ1800,良,,(栗),斉藤崇史,1520,-0.7,2,2,2,36.9,508,+10,
,2021.12.11,阪神,6阪3,新馬,新馬・牝,1,1,ピジョンブラッド,牝,2,川島信二, 54 ,10,8,１, ,ダ1400,良,,(栗),荒川義之,1275,-0.3,,10,10,36.7,484,,
,2021.12.11,阪神,6阪3,新馬,新馬,1,1,ロードラプソディ,牡,2,岩田望来, 55 ,13,1,１, 内,芝2000,良,,(栗),松下武士,2016,-0.1,3,3,3,36.0,476,,
,2021.12.11,阪神,6阪3,未勝利,障害未勝利,7,10,ワーウルフ,牡,4,西谷誠, 60 ,12,2,１, ,ダ2970,良,,(栗),坂口智康,3204,-0.0,4,3,3,13.5,458,-8,
,2021.12.11,阪神,6阪3,ｵｰﾌﾟﾝ,障害・オープ,5,8,ザメイダン,牡,5,上野翔, 61 ,14,3,１, ,ダ3110,良,,(美),新開幸一,3297,-0.2,2,1,1,13.5,494,+6,B
,2021.12.11,阪神,6阪3,未勝利,未勝利*,3,3,エクサープト,牝,2,藤懸貴志, 54 ,13,1,１, ,ダ1200,良,,(栗),石坂公一,1134,-0.2,,1,1,37.3,472,0,
,2021.12.11,阪神,6阪3,未勝利,未勝利*,3,6,マコトダイトウレン,牝,2,Ｃ．デム, 54 ,16,5,１, 内,芝1400,良,,(栗),清水久詞,1219,-0.6,,1,1,35.5,456,-2,
,2021.12.11,阪神,6阪3,未勝利,未勝利*,4,4,フォーチュンテラー,牡,2,鮫島克駿, 55 ,10,1,１, ,ダ1800,良,,(栗),浜田多実,1535,-1.5,1,1,1,37.0,472,+8,
,"2021.12. 5",阪神,6阪2,2勝,２勝ｸﾗｽ,3,3,ショウリュウレーヴ,牡,3,団野大成, 56 ,14,1,１, 内,芝1400,良,,(栗),佐々木晶,1206,-0.4,,1,1,34.6,506,+4,
,"2021.12. 5",阪神,6阪2,ｵｰﾌﾟﾝ,ギャラク,1,2,バティスティーニ,牡,8,団野大成, 56 ,16,5,１, ,ダ1400,良,,(栗),池添学,1239,-0.0,,16,16,36.0,494,+4,B
,"2021.12. 5",阪神,6阪2,3勝,逆瀬川Ｓ･3勝,8,8,スーパーフェザー,セ,6,Ｃ．デム, 57 ,8,4,１, 外,芝1800,良,,(栗),渡辺薫彦,1450,-0.3,,6,6,34.0,474,-8,
,"2021.12. 5",阪神,6阪2,1勝,さざんか･1勝,7,7,アルトシュタット,牡,2,岩田康誠, 55 ,8,5,１, 内,芝1200,良,,(栗),安田翔伍,1098,-0.1,,3,3,34.2,468,0,
,"2021.12. 5",阪神,6阪2,2勝,２勝ｸﾗｽ,6,6,リバプールタウン,牡,6,岩田望来, 57 ,10,5,１, ,ダ2000,良,,(栗),石橋守,2076,-0.2,2,2,1,37.1,484,-8,
,"2021.12. 5",阪神,6阪2,1勝,１勝ｸﾗｽ,5,8,アルメイダミノル,牡,3,横山典弘, 56 ,14,1,１, ,ダ1400,良,,(栗),北出成人,1255,-0.1,,6,7,38.1,538,+6,
,"2021.12. 5",阪神,6阪2,新馬,新馬,8,9,エナハツホ,牝,2,富田暁,53☆,10,6,１, ,ダ1800,良,*,(栗),吉田直弘,1553,-0.3,3,3,2,38.0,446,,
,"2021.12. 5",阪神,6阪2,新馬,新馬,2,2,アルーリングウェイ,牝,2,藤岡佑介, 54 ,14,1,１, 内,芝1200,良,,(栗),藤岡健一,1095,-0.1,,3,2,34.7,458,,
,"2021.12. 5",阪神,6阪2,未勝利,障害未勝利,7,8,タマノジュメイラ,牝,5,草野太郎, 58 ,10,5,１, ,ダ2970,良,,(美),伊藤大士,3240,-0.9,1,1,1,13.7,484,-2,
,"2021.12. 5",阪神,6阪2,未勝利,未勝利*,3,3,ウォームライト,牡,2,藤岡佑介, 55 ,10,1,１, ,ダ1200,良,,(栗),四位洋文,1135,-0.2,,2,2,36.5,488,-4,
,"2021.12. 5",阪神,6阪2,未勝利,未勝利*,1,1,トルナヴァ,牝,2,団野大成, 54 ,12,1,１, 外,芝1800,良,,(栗),斉藤崇史,1482,-0.4,,1,1,35.4,472,-8,
,"2021.12. 5",阪神,6阪2,未勝利,未勝利・牝*,4,6,マテンロウアイ,牝,2,太宰啓介, 54 ,15,1,１, ,ダ1400,良,,(栗),寺島良,1265,-0.2,,9,6,38.3,518,-2,
,"2021.12. 4",阪神,6阪1,2勝,２勝ｸﾗｽ・牝,6,9,ヴァーチャリティ,牝,3,酒井学, 54 ,14,4,１, ,ダ1400,良,,(栗),庄野靖志,1239,-0.2,,2,2,37.1,460,+4,
,"2021.12. 4",阪神,6阪1,Ｇ３,チャレンG3,8,11,ソーヴァリアント,牡,3,ルメール, 55 ,11,1,１, 内,芝2000,良,,(美),大竹正博,2010,-0.6,2,2,2,33.9,508,-2,
,"2021.12. 4",阪神,6阪1,3勝,妙見山Ｓ･3勝,3,5,ゼンノアンジュ,牝,3,岩田望来, 54 ,16,1,１, ,ダ1200,良,,(栗),浅見秀一,1114,-0.3,,7,6,36.0,502,+8,
,"2021.12. 4",阪神,6阪1,2勝,再度山Ｈ･2勝,7,7,オヌール,牝,3,川田将雅, 53 ,9,1,１, 外,芝1800,良,,(栗),友道康夫,1471,-0.3,,6,6,33.4,414,+2,
,"2021.12. 4",阪神,6阪1,1勝,１勝ｸﾗｽ,7,8,グロリアムンディ,牡,3,福永祐一, 56 ,11,2,１, ,ダ2000,良,,(栗),大久保龍,2067,-0.7,4,3,3,38.4,502,+12,B
,"2021.12. 4",阪神,6阪1,未勝利,未勝利・牝*,2,2,マンクスホップ,牝,2,松山弘平, 54 ,13,1,１, 外,芝1600,良,,(栗),松永幹夫,1350,-0.1,,4,3,34.8,420,-2,
,"2021.12. 4",阪神,6阪1,新馬,新馬,5,5,スマートセプター,牡,2,武豊, 55 ,10,3,１, ,ダ1400,良,,(栗),須貝尚介,1267,-0.1,,2,2,37.8,510,,
,"2021.12. 4",阪神,6阪1,新馬,新馬,1,1,ラリュエル,牝,2,松山弘平, 54 ,11,4,１, 外,芝1800,良,,(栗),矢作芳人,1473,-0.1,,4,4,34.4,438,,
,"2021.12. 4",阪神,6阪1,未勝利,未勝利*,7,10,フェブサンカラ,牝,2,岩田望来, 54 ,12,2,１, 内,芝1200,良,*,(栗),川村禎彦,1096,-0.0,,2,2,34.7,406,+6,
,"2021.12. 4",阪神,6阪1,未勝利,未勝利*,4,4,ウッドショック,牡,2,田中健, 55 ,9,6,１, ,ダ1800,良,,(栗),荒川義之,1558,-0.1,8,8,6,39.1,502,-4,
,"2021.12. 4",阪神,6阪1,未勝利,未勝利*,8,10,ワガンセ,牡,2,ルメール, 55 ,11,1,１, ,ダ1400,良,,(栗),西村真幸,1267,-0.0,,2,2,38.2,446,+6,
,"2021.12. 4",阪神,6阪1,未勝利,未勝利*,7,7,アクティブバイオ,牡,2,団野大成, 55 ,9,2,１, ,ダ1800,良,,(栗),今野貞一,1550,-0.6,2,3,1,39.0,480,+2,
,2021.11.28,阪神,5阪8,Ｇ３,京阪杯G3,1,2,エイティーンガール,牝,5,秋山真一, 55 ,16,10,１, 内,芝1200,良,,(栗),飯田祐史,1088,-0.1,,16,13,33.5,454,+2,
,2021.11.28,阪神,5阪8,ｵｰﾌﾟﾝ,カノープＨ,3,5,ショウナンナデシコ,牝,4,吉田隼人, 52 ,16,2,１, ,ダ2000,良,,(栗),須貝尚介,2050,-0.3,3,3,3,36.7,480,0,
,2021.11.28,阪神,5阪8,3勝,立雲峡Ｈ･3勝,7,8,ラヴユーライヴ,牝,4,坂井瑠星, 53 ,11,2,１, 外,芝1600,良,,(栗),矢作芳人,1329,-0.0,,6,7,33.9,444,+10,
,2021.11.28,阪神,5阪8,1勝,白菊賞･1勝*,3,3,ルージュラテール,牝,2,坂井瑠星, 54 ,8,3,１, 外,芝1600,良,,(栗),矢作芳人,1348,-0.0,,5,7,33.7,478,-6,
,2021.11.28,阪神,5阪8,2勝,２勝ｸﾗｽ,8,15,オーヴァーネクサス,牡,4,坂井瑠星, 57 ,16,1,１, ,ダ1400,良,,(栗),松下武士,1240,-0.6,,6,6,37.3,498,0,
,2021.11.28,阪神,5阪8,1勝,１勝ｸﾗｽ,7,13,ペプチドナイル,牡,3,岩田望来, 55 ,15,2,１, ,ダ1800,良,,(栗),武英智,1532,-0.7,4,3,2,37.3,528,+20,
,2021.11.28,阪神,5阪8,新馬,新馬,3,3,メイショウラナキラ,牡,2,泉谷楓真,54☆,8,4,１, 内,芝2000,良,,(栗),南井克巳,2064,-0.7,7,4,2,35.2,448,,
,2021.11.28,阪神,5阪8,未勝利,障害未勝利,1,1,サトノパシュート,牡,4,高田潤, 60 ,8,2,１, ,ダ2970,良,,(栗),高橋康之,3202,-0.0,3,2,2,13.5,484,+14,
,2021.11.28,阪神,5阪8,新馬,新馬・牝,6,6,ティントリップ,牝,2,松若風馬, 54 ,11,1,１, ,ダ1200,良,,(栗),杉山晴紀,1129,-0.5,,2,2,37.0,476,,
,2021.11.28,阪神,5阪8,未勝利,未勝利*,8,13,タイセイディバイン,牡,2,松若風馬, 55 ,14,1,１, 内,芝2000,良,,(栗),高野友和,2030,-0.4,1,1,1,35.9,518,0,
,2021.11.28,阪神,5阪8,未勝利,未勝利*,5,9,トーホウデュラン,牡,2,吉田隼人, 55 ,16,2,１, ,ダ1400,良,,(栗),石坂公一,1261,-0.1,,3,2,38.6,476,-10,
,2021.11.28,阪神,5阪8,未勝利,未勝利*,1,1,エルバリオ,牡,2,吉田隼人, 55 ,14,4,１, ,ダ1800,良,,(栗),高野友和,1560,-0.1,1,1,1,40.4,514,+20,
,2021.11.27,阪神,5阪7,2勝,２勝ｸﾗｽ,8,16,アールラプチャー,牝,3,武豊, 54 ,16,2,１, 内,芝1200,良,,(栗),千田輝彦,1093,-0.3,,2,2,35.6,462,-2,
,2021.11.27,阪神,5阪7,Ｇ３,京都２歳G3,7,8,ジャスティンロック,牡,2,松山弘平, 55 ,10,5,１, 内,芝2000,良,,(栗),吉岡辰弥,2033,-0.1,9,9,2,35.3,488,-2,
,2021.11.27,阪神,5阪7,3勝,茨木Ｓ･3勝,3,6,ダノンハーロック,牡,3,川田将雅, 55 ,16,1,１, ,ダ1800,良,,(栗),音無秀孝,1527,-0.5,4,4,4,37.3,534,-2,
,2021.11.27,阪神,5阪7,2勝,江坂特別･2勝,4,4,マカオンドール,牡,3,松山弘平, 55 ,7,1,１, 外,芝2600,良,,(栗),今野貞一,2446,-0.4,4,4,3,34.2,492,+6,
,2021.11.27,阪神,5阪7,2勝,２勝ｸﾗｽ,7,13,ホールシバン,牡,3,岩田望来, 55 ,16,4,１, ,ダ1800,良,,(栗),高橋義忠,1532,-0.0,2,2,2,38.0,524,+16,
,2021.11.27,阪神,5阪7,1勝,１勝ｸﾗｽ,3,3,ジェットエンブレム,牡,3,小沢大仁,53▲,12,5,１, ,ダ1200,良,,(栗),石坂公一,1129,-0.0,,1,1,37.6,506,+12,B
,2021.11.27,阪神,5阪7,新馬,新馬,7,7,フーリッシュホビー,牝,2,幸英明, 54 ,8,2,１, ,ダ1800,良,,(栗),杉山佳明,1581,-0.0,5,4,3,37.8,474,,
,2021.11.27,阪神,5阪7,新馬,新馬,2,2,サク,牝,2,幸英明, 54 ,13,8,１, 外,芝1600,良,,(栗),北出成人,1377,-0.1,,3,3,34.9,446,,
,2021.11.27,阪神,5阪7,未勝利,未勝利*,2,4,スピリットワールド,牡,2,武豊, 55 ,18,1,１, 内,芝1400,良,,(栗),石橋守,1227,-0.0,,6,5,35.6,514,-8,
,2021.11.27,阪神,5阪7,未勝利,未勝利*,3,6,ハンス,牡,2,横山典弘, 55 ,18,4,１, 外,芝1600,良,,(栗),四位洋文,1344,-0.1,,11,11,34.6,450,+2,
,2021.11.27,阪神,5阪7,未勝利,未勝利*,8,15,オーロベルディ,牝,2,松山弘平, 54 ,16,4,１, ,ダ1200,良,,(栗),池添兼雄,1134,-0.4,,2,2,37.4,474,0,
,2021.11.27,阪神,5阪7,未勝利,未勝利・牝*,5,5,フローラルビアンカ,牝,2,藤岡佑介, 54 ,10,3,１, ,ダ1800,良,,(栗),田中克典,1568,-0.1,3,3,3,40.7,468,-4,
,2021.11.21,阪神,5阪6,3勝,姫路Ｓ･3勝,7,14,サヴァ,牡,3,横山武史, 56 ,16,1,１, ,ダ1400,良,,(栗),上村洋行,1241,-0.2,,7,7,36.4,520,0,
,2021.11.21,阪神,5阪6,Ｇ１,マイルチG1,6,12,グランアレグリア,牝,5,ルメール, 55 ,16,1,１, 外,芝1600,良,,(美),藤沢和雄,1326,-0.1,,12,8,32.7,506,+2,
,2021.11.21,阪神,5阪6,2勝,武田尾特･2勝,5,5,プログノーシス,牡,3,川田将雅, 55 ,11,1,１, 外,芝1800,良,,(栗),中内田充,1453,-0.5,,11,10,32.8,468,-2,
,2021.11.21,阪神,5阪6,1勝,秋明菊賞･1勝,2,2,オタルエバー,牡,2,幸英明, 55 ,11,1,１, 内,芝1400,良,,(栗),中竹和也,1217,-0.3,,1,1,35.1,462,-8,
,2021.11.21,阪神,5阪6,2勝,２勝ｸﾗｽ・牝,8,14,ベルゼール,牝,3,団野大成, 53 ,15,4,１, ,ダ1800,良,,(栗),平田修,1538,-0.1,10,8,6,37.8,450,-8,
,2021.11.21,阪神,5阪6,1勝,１勝ｸﾗｽ,8,15,メディーヴァル,牡,3,幸英明, 56 ,16,3,１, ,ダ1400,良,,(栗),寺島良,1245,-0.6,,3,1,36.5,456,+2,
,2021.11.21,阪神,5阪6,1勝,１勝ｸﾗｽ,6,9,ダノンマデイラ,牡,3,川田将雅, 55 ,13,1,１, ,ダ1800,良,,(栗),茶木太樹,1534,-0.2,8,7,4,37.0,460,0,
,2021.11.21,阪神,5阪6,新馬,新馬,7,7,セレシオン,牡,2,川田将雅, 55 ,8,1,１, 内,芝2000,良,,(栗),友道康夫,2019,-0.6,4,4,3,35.6,478,,
,2021.11.21,阪神,5阪6,新馬,新馬・牝,2,4,アストロフィライト,牝,2,川田将雅, 54 ,16,1,１, 外,芝1600,良,,(栗),中内田充,1347,-0.1,,11,11,33.6,450,,
,2021.11.21,阪神,5阪6,未勝利,未勝利*,8,10,ロードレゼル,牡,2,川田将雅, 55 ,11,1,１, 内,芝2000,良,,(栗),中内田充,2029,-0.2,5,4,3,35.2,500,0,
,2021.11.21,阪神,5阪6,未勝利,未勝利*,6,10,ファーンヒル,牡,2,横山武史, 55 ,15,4,１, ,ダ1200,良,,(栗),清水久詞,1127,-0.1,,2,2,37.1,462,+4,
,2021.11.21,阪神,5阪6,未勝利,未勝利*,7,8,ファンウワーズ,牡,2,幸英明, 55 ,11,2,１, ,ダ1800,良,,(栗),岡田稲男,1552,-0.3,3,3,3,40.2,488,-4,
,2021.11.20,阪神,5阪5,2勝,２勝ｸﾗｽ,5,9,エイシンバッカス,牡,4,松若風馬, 57 ,16,4,１, ,ダ1200,良,,(栗),今野貞一,1111,-0.8,,1,1,36.8,476,+8,
,2021.11.20,阪神,5阪5,OP(L),アンドＨ(L),4,8,ラーゴム,牡,3,池添謙一, 54 ,16,4,１, 内,芝2000,良,,(栗),斉藤崇史,1598,-0.0,8,8,7,35.0,514,+2,
,2021.11.20,阪神,5阪5,3勝,尼崎Ｓ･3勝,8,11,テーオーロイヤル,牡,3,菱田裕二, 55 ,11,1,１, 外,芝2400,良,,(栗),岡田稲男,2249,-0.4,4,4,4,34.4,456,-2,
,2021.11.20,阪神,5阪5,2勝,出石特別･2勝,3,3,アルーブルト,牡,3,幸英明, 55 ,8,1,１, ,ダ1800,良,,(栗),畑端省吾,1530,-0.0,7,7,8,37.4,474,0,
,2021.11.20,阪神,5阪5,1勝,１勝ｸﾗｽ,8,18,アンブレラデート,牝,3,岩田望来, 54 ,18,5,１, 内,芝1400,良,,(栗),藤原英昭,1214,-0.1,,5,5,35.0,474,-2,
,2021.11.20,阪神,5阪5,1勝,１勝ｸﾗｽ・牝,4,4,フォレストキャット,牝,3,藤岡康太, 53 ,10,1,１, ,ダ1800,良,,(栗),野中賢二,1552,-0.1,3,4,4,36.8,466,0,
,2021.11.20,阪神,5阪5,新馬,新馬,6,8,クローズユアアイズ,牝,2,古川吉洋, 54 ,13,6,１, ,ダ1400,良,,(栗),昆貢,1267,-0.7,,5,6,38.0,448,,
,2021.11.20,阪神,5阪5,新馬,新馬,4,7,カイハオン,牡,2,鮫島克駿, 55 ,15,5,１, 内,芝1400,良,,(栗),松下武士,1224,-0.1,,9,7,34.8,474,,
,2021.11.20,阪神,5阪5,未勝利,未勝利・牝*,6,12,スタティスティクス,牝,2,池添謙一, 54 ,18,5,１, 外,芝1800,良,,(栗),石坂公一,1470,-0.1,,8,7,35.2,438,+4,
,2021.11.20,阪神,5阪5,未勝利,未勝利*,6,11,プレヴォール,牡,2,岩田康誠, 55 ,16,2,１, 内,芝1200,良,,(栗),浅見秀一,1095,-0.1,,15,14,33.9,460,0,
,2021.11.20,阪神,5阪5,未勝利,未勝利*,8,14,ダノンピーカブー,牡,2,松山弘平, 55 ,15,1,１, ,ダ1800,良,,(栗),大久保龍,1551,-0.7,3,3,3,39.4,470,+2,
,2021.11.20,阪神,5阪5,未勝利,未勝利*,1,1,カフジテトラゴン,牝,2,古川吉洋, 54 ,13,2,１, ,ダ1400,良,,(栗),武英智,1268,-0.3,,1,1,39.7,454,+4,
,2021.11.14,阪神,5阪4,2勝,ドンカス･2勝,5,8,ランドボルケーノ,牡,3,幸英明, 56 ,15,2,１, ,ダ1400,良,,(栗),安達昭夫,1246,-0.0,,9,3,37.6,474,+4,
,2021.11.14,阪神,5阪4,Ｇ１,エリザベG1,8,16,アカイイト,牝,4,幸英明, 56 ,17,10,１, 内,芝2200,良,,(栗),中竹和也,2121,-0.3,13,13,7,35.7,514,0,
,2021.11.14,阪神,5阪4,ｵｰﾌﾟﾝ,室町Ｓ,7,13,デュアリスト,牡,3,戸崎圭太, 55 ,16,3,１, ,ダ1200,良,,(栗),安田隆行,1116,-0.3,,2,3,36.4,502,-2,
,2021.11.14,阪神,5阪4,1勝,黄菊賞･1勝*,1,1,ジャスティンパレス,牡,2,ルメール, 55 ,6,1,１, 内,芝2000,良,,(栗),杉山晴紀,2033,-0.1,2,2,2,34.6,450,+6,
,2021.11.14,阪神,5阪4,2勝,２勝ｸﾗｽ,3,3,レヴェッツァ,牡,3,池添謙一, 55 ,8,2,１, 内,芝2200,良,,(栗),斉藤崇史,2147,-0.0,5,6,5,35.2,486,+2,
,2021.11.14,阪神,5阪4,2勝,２勝ｸﾗｽ,6,6,ストロングライン,牡,5,藤岡康太, 57 ,10,1,１, ,ダ2000,良,,(栗),西村真幸,2061,-1.1,8,8,6,37.6,510,+8,
,2021.11.14,阪神,5阪4,1勝,１勝ｸﾗｽ,4,4,テイエムベンチャー,牡,3,国分恭介, 55 ,9,6,１, ,ダ1800,良,,(栗),五十嵐忠,1530,-0.7,6,3,2,38.4,504,0,
,2021.11.14,阪神,5阪4,新馬,新馬,6,10,カレンマックナイト,牡,2,松若風馬, 55 ,14,9,１, 外,芝1600,良,,(栗),平田修,1371,-0.0,,2,2,35.0,438,,
,2021.11.14,阪神,5阪4,未勝利,未勝利*,6,7,グッドフェイス,牡,2,松若風馬, 55 ,12,6,１, 外,芝1800,良,,(栗),松下武士,1491,-0.1,,1,1,34.7,474,0,
,2021.11.14,阪神,5阪4,未勝利,未勝利・牝*,2,4,ゴールドローズ,牝,2,秋山真一, 54 ,17,1,１, 外,芝1600,良,,(栗),飯田祐史,1357,-0.0,,11,12,33.6,448,-12,
,2021.11.14,阪神,5阪4,未勝利,未勝利*,1,1,メイショウジブリ,牡,2,武豊, 55 ,11,1,１, ,ダ1800,良,,(栗),南井克巳,1542,-0.9,1,1,1,38.9,486,0,
,2021.11.14,阪神,5阪4,未勝利,未勝利*,4,4,グットディール,牡,2,ルメール, 55 ,12,2,１, ,ダ1400,良,,(栗),須貝尚介,1260,-0.5,,3,2,38.7,494,+16,
,2021.11.13,阪神,5阪3,2勝,２勝ｸﾗｽ,5,7,グランレイ,牡,4,池添謙一, 57 ,13,2,１, 内,芝1400,良,,(栗),池添学,1220,-0.0,,2,2,35.6,468,-2,
,2021.11.13,阪神,5阪3,Ｇ２,デイリーG2,6,6,セリフォス,牡,2,藤岡佑介, 55 ,7,1,１, 外,芝1600,良,,(栗),中内田充,1351,-0.0,,6,4,33.4,486,0,
,2021.11.13,阪神,5阪3,3勝,堺ＳＨ･3勝,1,1,ブラックアーメット,牡,3,藤岡佑介, 53 ,16,7,１, ,ダ1800,良,,(栗),角田晃一,1514,-0.3,12,12,12,37.0,510,+2,
,2021.11.13,阪神,5阪3,3勝,岸和田Ｈ･3勝,8,11,スカーフェイス,牡,5,団野大成, 54 ,11,9,１, 内,芝2000,良,,(栗),橋田満,2011,-0.1,8,8,8,35.3,462,+2,
,2021.11.13,阪神,5阪3,ＪＧ３,京都ジャJG3,4,4,ケンホファヴァルト,牡,8,熊沢重文, 60 ,13,2,１, ,芝3140,良,,(栗),森秀行,3283,-0.2,2,1,1,13.3,484,+4,
,2021.11.13,阪神,5阪3,1勝,１勝ｸﾗｽ,4,6,エナジーロッソ,牝,3,ルメール, 54 ,15,1,１, ,ダ1200,稍,,(栗),高柳大輔,1123,-0.7,,3,3,37.3,482,+8,B
,2021.11.13,阪神,5阪3,1勝,１勝ｸﾗｽ,7,8,メガゴールド,牡,3,角田大和,52▲,10,3,１, ,ダ2000,稍,,(栗),須貝尚介,2066,-0.1,3,2,2,39.0,522,0,B
,2021.11.13,阪神,5阪3,新馬,新馬,7,10,ホウオウバニラ,牝,2,Ｍ．デム, 54 ,12,3,１, 外,芝1800,良,,(栗),安田翔伍,1494,-0.2,,3,3,34.8,428,,
,2021.11.13,阪神,5阪3,新馬,新馬,8,9,ジュタロウ,牡,2,武豊, 55 ,10,2,１, ,ダ1800,稍,,(栗),河内洋,1536,-2.4,3,1,1,38.3,474,,
,2021.11.13,阪神,5阪3,未勝利,未勝利*,1,2,ジャングロ,牡,2,武豊, 55 ,16,1,１, 内,芝1400,良,,(栗),森秀行,1222,-0.6,,1,1,36.4,454,+6,
,2021.11.13,阪神,5阪3,未勝利,未勝利*,1,1,サンダップルド,牡,2,松山弘平, 55 ,15,2,１, ,ダ1200,稍,,(栗),西園正都,1125,-1.8,,3,3,36.7,490,+12,
,2021.11.13,阪神,5阪3,未勝利,未勝利*,8,9,タマモエース,牡,2,松山弘平, 55 ,10,1,１, ,ダ1800,稍,,(栗),川村禎彦,1546,-1.8,1,1,1,39.4,464,0,
,"2021.11. 7",阪神,5阪2,2勝,２勝ｸﾗｽ,8,9,ジャカランダレーン,牝,3,藤岡佑介, 54 ,9,1,１, 外,芝1600,良,,(栗),中内田充,1338,-0.1,,6,6,34.0,446,+6,
,"2021.11. 7",阪神,5阪2,Ｇ３,みやこＳG3,2,3,メイショウハリオ,牡,4,浜中俊, 56 ,16,5,１, ,ダ1800,良,,(栗),岡田稲男,1508,-0.0,10,9,9,36.1,510,+2,
,"2021.11. 7",阪神,5阪2,3勝,道頓堀Ｓ･3勝,5,8,スマートクラージュ,牡,4,松山弘平, 57 ,14,1,１, 内,芝1200,良,,(栗),池江泰寿,1086,-0.2,,8,7,33.3,474,-4,
,"2021.11. 7",阪神,5阪2,1勝,もちの木･1勝,8,13,クラウンプライド,牡,2,幸英明, 55 ,13,4,１, ,ダ1800,良,,(栗),新谷功一,1535,-0.5,2,3,2,38.3,488,-6,
,"2021.11. 7",阪神,5阪2,2勝,２勝ｸﾗｽ,6,10,ラヴネヴァーエンズ,牡,4,武豊, 57 ,14,1,１, ,ダ1800,良,,(栗),安田翔伍,1526,-0.0,13,13,7,37.4,518,-4,
,"2021.11. 7",阪神,5阪2,1勝,１勝ｸﾗｽ,7,11,メイショウシンタケ,牡,3,藤岡康太, 55 ,13,5,１, 外,芝1800,良,,(栗),千田輝彦,1460,-0.1,,7,6,34.2,468,+2,
,"2021.11. 7",阪神,5阪2,新馬,新馬,4,4,メイショウグラニー,牝,2,藤岡康太, 54 ,11,1,１, 内,芝1200,良,,(栗),藤岡健一,1110,-0.2,,4,4,34.1,458,,
,"2021.11. 7",阪神,5阪2,新馬,新馬,5,5,ダノンブリザード,牡,2,坂井瑠星, 55 ,7,1,１, 内,芝2000,良,*,(栗),池江泰寿,2018,-0.6,5,3,1,35.4,486,,
,"2021.11. 7",阪神,5阪2,新馬,新馬,6,7,クロデメニル,牝,2,武豊, 54 ,12,1,１, ,ダ1200,良,,(栗),森秀行,1139,-0.0,,1,1,37.4,494,,
,"2021.11. 7",阪神,5阪2,未勝利,未勝利*,8,12,ポッドボレット,牡,2,武豊, 55 ,13,1,１, 外,芝1800,良,,(栗),辻野泰之,1469,-0.1,,2,2,34.1,498,+6,
,"2021.11. 7",阪神,5阪2,未勝利,未勝利・牝*,6,8,カラフルキューブ,牝,2,松山弘平, 54 ,12,2,１, ,ダ1400,良,,(栗),高野友和,1259,-0.5,,3,3,37.5,468,+4,
,"2021.11. 7",阪神,5阪2,未勝利,未勝利*,2,2,カフジオクタゴン,牡,2,坂井瑠星, 55 ,9,1,１, ,ダ1800,良,,(栗),矢作芳人,1535,-1.0,6,3,3,38.0,540,-2,
,"2021.11. 6",阪神,5阪1,2勝,２勝ｸﾗｽ,8,16,アーマーバローズ,牡,4,池添謙一, 57 ,16,7,１, ,ダ1200,良,,(栗),上村洋行,1121,-0.2,,2,2,36.5,492,-8,
,"2021.11. 6",阪神,5阪1,Ｇ３,ファンタG3,5,5,ウォーターナビレラ,牝,2,武豊, 54 ,10,2,１, 内,芝1400,良,*,(栗),武幸四郎,1211,-0.1,,2,2,34.7,472,+2,
,"2021.11. 6",阪神,5阪1,3勝,安芸ＳＨ･3勝,8,15,ミスズグランドオー,牡,3,松山弘平, 55 ,16,1,１, ,ダ1200,良,,(美),伊藤圭三,1110,-0.4,,2,2,36.5,488,0,B
,"2021.11. 6",阪神,5阪1,2勝,能勢特Ｈ･2勝,6,6,ホウオウエクレール,牡,4,藤岡康太, 55 ,9,3,１, 内,芝2000,良,,(栗),宮徹,2007,-0.1,2,2,2,35.6,498,+4,
,"2021.11. 6",阪神,5阪1,1勝,１勝ｸﾗｽ,4,5,カネコメノボル,セ,4,森裕太朗, 57 ,13,2,１, ,ダ1800,良,,(栗),中尾秀正,1534,-0.4,8,8,6,37.6,434,+4,
,"2021.11. 6",阪神,5阪1,1勝,１勝ｸﾗｽ,3,5,レッドブロンクス,牡,4,武豊, 57 ,15,2,１, ,ダ1400,良,,(栗),石坂公一,1253,-0.1,,6,5,36.9,482,+4,
,"2021.11. 6",阪神,5阪1,新馬,新馬,1,1,テーオードレフォン,牡,2,岩田望来, 55 ,12,1,１, ,ダ1800,良,,(栗),梅田智之,1558,-0.4,1,1,1,38.2,484,,
,"2021.11. 6",阪神,5阪1,新馬,新馬,5,5,エンタングルメント,牝,2,横山典弘, 54 ,9,1,１, 外,芝1800,良,,(栗),昆貢,1522,-0.1,,2,1,33.7,476,,
,"2021.11. 6",阪神,5阪1,未勝利,未勝利*,2,2,フェーングロッテン,牡,2,松山弘平, 55 ,12,1,１, 内,芝2000,良,,(栗),宮本博,2019,-0.4,6,5,2,35.9,486,+6,
,"2021.11. 6",阪神,5阪1,未勝利,未勝利*,2,4,トゥードジボン,牡,2,藤岡佑介, 55 ,17,3,１, 外,芝1600,良,,(栗),四位洋文,1343,-0.0,,1,1,34.9,472,-4,
,"2021.11. 6",阪神,5阪1,未勝利,未勝利*,4,4,グッドグロウス,牡,2,国分恭介, 55 ,11,6,１, ,ダ1200,良,,(栗),加用正,1132,-1.2,,1,1,37.3,456,+8,
,"2021.11. 6",阪神,5阪1,未勝利,未勝利*,4,4,ヘラルドバローズ,牡,2,浜中俊, 55 ,11,1,１, ,ダ1800,良,,(栗),寺島良,1547,-1.3,1,1,1,39.5,480,0,
,2021.10.31,阪神,4阪8,2勝,２勝ｸﾗｽ,8,12,シゲルホサヤク,牡,3,高倉稜, 55 ,13,1,１, ,ダ1400,良,*,(栗),服部利之,1242,-0.4,,3,2,36.3,464,-2,
,2021.10.31,阪神,4阪8,OP(L),カシオペ(L),1,1,ファルコニア,牡,4,岩田望来, 56 ,15,2,１, 外,芝1800,良,,(栗),高野友和,1472,-0.0,,6,5,33.3,466,+10,
,2021.10.31,阪神,4阪8,ｵｰﾌﾟﾝ,オータムＨ,7,14,デンコウリジエール,牡,4,団野大成, 54 ,16,7,１, ,ダ1400,良,,(栗),荒川義之,1227,-0.1,,7,8,36.0,474,+4,
,2021.10.31,阪神,4阪8,3勝,古都ＳＨ･3勝,3,3,メロディーレーン,牝,5,岩田望来, 53 ,11,4,１, 内,芝3000,良,,(栗),森田直行,3072,-0.1,4,4,2,35.3,354,+10,
,2021.10.31,阪神,4阪8,2勝,２勝ｸﾗｽ,6,7,ギャラントウォリア,牡,3,藤岡康太, 55 ,11,2,１, 外,芝1800,良,,(栗),平田修,1466,-0.3,,2,2,33.2,508,+10,
,2021.10.31,阪神,4阪8,1勝,１勝ｸﾗｽ,1,1,ミッキーヌチバナ,牡,3,太宰啓介, 55 ,12,1,１, ,ダ1800,良,,(栗),高橋亮,1536,-0.1,11,8,6,37.6,528,-4,
,2021.10.31,阪神,4阪8,1勝,１勝ｸﾗｽ,7,13,ワキノクイーン,牝,3,団野大成, 53 ,16,12,１, ,ダ1400,良,,(栗),宮本博,1248,-0.2,,8,7,37.0,458,+6,
,2021.10.31,阪神,4阪8,新馬,新馬,3,4,ジャマン,牝,2,永島まな,50★,14,11,１, 外,芝1600,良,,(栗),高橋康之,1350,-0.7,,1,1,33.7,470,,
,2021.10.31,阪神,4阪8,新馬,新馬,6,11,セイウンハーデス,牡,2,幸英明, 55 ,16,1,１, 内,芝1400,良,,(栗),橋口慎介,1229,-0.2,,2,2,35.5,462,,
,2021.10.31,阪神,4阪8,未勝利,未勝利*,4,4,ボルドグフーシュ,牡,2,松田大作, 55 ,12,5,１, 内,芝2000,良,,(栗),宮本博,2020,-0.4,10,11,11,34.3,496,0,
,2021.10.31,阪神,4阪8,未勝利,未勝利*,6,6,フルム,牡,2,吉田隼人, 55 ,10,1,１, ,ダ1200,良,,(栗),浜田多実,1135,-1.6,,2,2,37.6,470,-2,
,2021.10.31,阪神,4阪8,未勝利,未勝利*,3,3,タイセイドレフォン,牡,2,和田竜二, 55 ,12,1,１, ,ダ1800,良,,(栗),西村真幸,1545,-1.1,1,1,1,38.7,484,+2,
,2021.10.30,阪神,4阪7,2勝,２勝ｸﾗｽ,7,7,ムエックス,牡,3,幸英明, 55 ,10,1,１, ,ダ1800,良,,(栗),大根田裕,1532,-0.2,2,2,2,36.8,504,-2,
,2021.10.30,阪神,4阪7,Ｇ２,スワンＳG2,5,9,ダノンファンタジー,牝,5,川田将雅, 55 ,18,1,１, 内,芝1400,良,,(栗),中内田充,1207,-0.1,,7,9,34.5,478,+6,
,2021.10.30,阪神,4阪7,3勝,西脇Ｓ･3勝,2,4,ショウナンナデシコ,牝,4,藤岡康太, 55 ,16,3,１, ,ダ1800,良,,(栗),須貝尚介,1524,-0.1,3,4,4,36.8,480,0,
,2021.10.30,阪神,4阪7,OP(L),萩Ｓ(L),5,5,ダノンスコーピオン,牡,2,川田将雅, 55 ,6,2,１, 外,芝1800,良,,(栗),安田隆行,1485,-0.0,,3,4,33.5,462,+6,
,2021.10.30,阪神,4阪7,2勝,２勝ｸﾗｽ,3,3,セウラサーリ,牝,4,和田竜二, 55 ,11,2,１, 内,芝1400,良,,(栗),西園正都,1218,-0.2,,3,4,34.4,470,+8,
,2021.10.30,阪神,4阪7,1勝,１勝ｸﾗｽ,3,3,キングオブドラゴン,牡,4,岩田望来, 57 ,7,3,１, 外,芝2400,良,,(栗),矢作芳人,2267,-0.0,1,1,1,34.8,500,-4,
,2021.10.30,阪神,4阪7,1勝,１勝ｸﾗｽ,8,12,イルデレーヴ,牡,3,岩田望来, 55 ,13,1,１, ,ダ1200,良,,(栗),池添学,1121,-0.6,,8,7,35.7,476,-6,
,2021.10.30,阪神,4阪7,新馬,新馬,1,1,マテンロウレオ,牡,2,横山典弘, 55 ,12,2,１, 内,芝2000,良,,(栗),昆貢,2028,-0.1,7,7,7,35.1,474,,
,2021.10.30,阪神,4阪7,新馬,新馬,3,5,マルブツプライド,牡,2,岩田康誠, 55 ,16,9,１, ,ダ1800,良,,(栗),加用正,1546,-0.4,2,2,1,38.5,496,,
,2021.10.30,阪神,4阪7,新馬,新馬・牝,7,13,ネイト,牝,2,和田竜二, 54 ,15,5,１, ,ダ1400,良,,(栗),鈴木孝志,1261,-0.4,,2,2,37.2,420,,
,2021.10.30,阪神,4阪7,未勝利,未勝利*,7,8,ビーアストニッシド,牡,2,岩田康誠, 55 ,10,5,１, 外,芝1600,良,,(栗),飯田雄三,1354,-0.2,,2,2,33.3,464,0,
,2021.10.30,阪神,4阪7,未勝利,未勝利*,4,4,ストームゾーン,牡,2,松若風馬, 55 ,10,5,１, ,ダ1400,良,,(栗),杉山晴紀,1261,-0.0,,2,1,39.0,506,0,B
,2021.10.24,阪神,4阪6,3勝,天王寺Ｓ･3勝,7,14,ジュランビル,牝,5,松若風馬, 55 ,16,5,１, ,ダ1400,良,,(栗),寺島良,1240,-0.0,,2,2,36.5,476,+6,
,2021.10.24,阪神,4阪6,Ｇ１,菊花賞G1,2,3,タイトルホルダー,牡,3,横山武史, 57 ,18,4,１, 内,芝3000,良,,(美),栗田徹,3046,-0.8,1,1,1,35.1,464,-2,
,2021.10.24,阪神,4阪6,3勝,元町Ｓ･3勝,2,2,エアファンディタ,牡,4,ルメール, 57 ,14,2,１, 外,芝1600,良,*,(栗),池添学,1334,-0.4,,8,6,32.8,462,0,B
,2021.10.24,阪神,4阪6,2勝,北摂特別･2勝,7,10,スーパーウーパー,牝,3,武豊, 53 ,13,4,１, 内,芝1200,良,,(栗),森秀行,1083,-0.1,,1,1,34.6,468,-2,
,2021.10.24,阪神,4阪6,1勝,なでしこ･1勝,2,2,セキフウ,牡,2,Ｍ．デム, 55 ,15,5,１, ,ダ1400,良,,(栗),武幸四郎,1250,-0.0,,11,9,37.2,466,-10,
,2021.10.24,阪神,4阪6,2勝,２勝ｸﾗｽ,8,10,ダノンハーロック,牡,3,川田将雅, 55 ,10,1,１, ,ダ2000,良,,(栗),音無秀孝,2079,-0.2,2,2,2,35.9,536,0,
,2021.10.24,阪神,4阪6,1勝,１勝ｸﾗｽ,7,10,アルーブルト,牡,3,幸英明, 55 ,12,1,１, ,ダ1800,良,,(栗),畑端省吾,1529,-1.2,7,5,6,37.8,474,0,
,2021.10.24,阪神,4阪6,新馬,新馬,7,7,リアド,牡,2,福永祐一, 55 ,10,1,１, 外,芝1800,良,,(栗),友道康夫,1473,-0.5,,4,3,33.5,462,,
,2021.10.24,阪神,4阪6,新馬,新馬・牝,5,7,スプリットザシー,牝,2,川田将雅, 54 ,14,1,１, 外,芝1600,良,,(栗),西村真幸,1347,-0.2,,7,7,34.2,392,,
,2021.10.24,阪神,4阪6,未勝利,未勝利*,5,10,ママコチャ,牝,2,松山弘平, 54 ,16,1,１, 内,芝1400,良,,(栗),池江泰寿,1209,-0.4,,2,2,34.9,468,-10,
,2021.10.24,阪神,4阪6,未勝利,未勝利*,7,7,ワセダタンク,牡,2,福永祐一, 55 ,10,1,１, ,ダ1200,良,,(栗),橋口慎介,1133,-0.1,,2,2,37.8,498,0,
,2021.10.24,阪神,4阪6,未勝利,未勝利*,2,2,メイショウゲキリン,牡,2,池添謙一, 55 ,10,3,１, ,ダ1800,良,,(栗),池添兼雄,1544,-0.0,2,2,1,37.9,502,-2,
,2021.10.23,阪神,4阪5,2勝,２勝ｸﾗｽ,2,3,スナークダヴィンチ,牡,4,岩田望来, 57 ,16,1,１, ,ダ1200,良,,(栗),野中賢二,1121,-0.2,,6,6,35.9,496,+6,
,2021.10.23,阪神,4阪5,ｵｰﾌﾟﾝ,大阪スポ,8,15,ウルトラマリン,牝,4,松山弘平, 55 ,16,3,１, ,ダ1200,良,,(栗),今野貞一,1110,-0.1,,1,1,36.1,478,-4,B
,2021.10.23,阪神,4阪5,3勝,トルマリ･3勝,4,7,ハギノリュクス,牝,4,岩田望来, 55 ,16,1,１, ,ダ1800,良,,(栗),高野友和,1519,-0.2,3,3,3,38.3,474,0,
,2021.10.23,阪神,4阪5,2勝,兵庫特Ｈ･2勝,4,4,テーオーロイヤル,牡,3,菱田裕二, 54 ,9,3,１, 外,芝2400,良,,(栗),岡田稲男,2263,-0.1,1,1,1,35.0,458,0,
,2021.10.23,阪神,4阪5,1勝,１勝ｸﾗｽ,2,2,サマートゥリスト,牝,3,岩田望来, 53 ,15,1,１, 外,芝1600,良,,(栗),藤原英昭,1349,-0.2,,3,4,33.3,486,+4,
,2021.10.23,阪神,4阪5,1勝,１勝ｸﾗｽ,4,6,テーオーダヴィンチ,牡,3,松山弘平, 55 ,15,4,１, ,ダ1400,良,,(栗),岡田稲男,1253,-0.0,,1,1,38.8,502,+12,
,2021.10.23,阪神,4阪5,1勝,１勝ｸﾗｽ・牝,7,8,ヴェールアップ,牝,3,松山弘平, 53 ,11,1,１, ,ダ1800,良,,(栗),橋口慎介,1526,-1.5,1,2,1,37.5,486,+2,
,2021.10.23,阪神,4阪5,新馬,新馬,3,3,ナムラデイリリー,牝,2,泉谷楓真,53☆,12,4,１, 内,芝1200,良,*,(栗),大橋勇樹,1101,-0.3,,1,1,35.3,462,,
,2021.10.23,阪神,4阪5,新馬,新馬,1,1,ペルアア,牝,2,岩田望来, 54 ,12,1,１, ,ダ1400,良,,(栗),野中賢二,1259,-0.2,,1,1,37.6,484,,
,2021.10.23,阪神,4阪5,未勝利,未勝利*,4,4,テンダンス,牡,2,和田竜二, 55 ,9,1,１, 外,芝1800,良,,(栗),中竹和也,1469,-0.7,,5,5,35.0,490,+4,
,2021.10.23,阪神,4阪5,未勝利,未勝利・牝*,6,8,コントディヴェール,牝,2,酒井学, 54 ,12,3,１, 外,芝1600,良,,(栗),清水久詞,1346,-0.1,,2,2,34.1,470,-8,
,2021.10.23,阪神,4阪5,未勝利,未勝利*,8,13,クロジシジョー,牡,2,菱田裕二, 55 ,14,3,１, ,ダ1400,良,,(栗),岡田稲男,1255,-0.5,,3,2,37.9,428,-2,
,2021.10.17,阪神,4阪4,3勝,平城京Ｈ･3勝,3,5,アンセッドヴァウ,セ,4,池添謙一, 54 ,16,9,１, ,ダ1800,良,,(栗),中竹和也,1521,-0.2,10,9,4,37.9,470,-2,
,2021.10.17,阪神,4阪4,Ｇ１,秋華賞G1,6,12,アカイトリノムスメ,牝,3,戸崎圭太, 55 ,16,4,１, 内,芝2000,良,,(美),国枝栄,2012,-0.1,5,5,4,35.9,448,-2,
,2021.10.17,阪神,4阪4,3勝,西宮Ｓ･3勝,5,9,ジェラルディーナ,牝,3,福永祐一, 53 ,15,1,１, 外,芝1800,良,,(栗),斉藤崇史,1461,-0.3,,12,9,33.3,444,+6,
,2021.10.17,阪神,4阪4,ｵｰﾌﾟﾝ,もみじＳ,4,4,カジュフェイス,牡,2,幸英明, 55 ,6,2,１, 内,芝1400,良,,(栗),森田直行,1233,-0.6,,1,1,35.7,476,-2,
,2021.10.17,阪神,4阪4,2勝,２勝ｸﾗｽ,5,8,スペースクラフト,セ,5,松山弘平, 57 ,14,9,１, ,ダ1400,良,,(栗),松永幹夫,1245,-0.2,,8,7,37.6,494,+4,
,2021.10.17,阪神,4阪4,2勝,２勝ｸﾗｽ,6,6,ヴォワドアンジェ,牝,3,角田大和,50▲,10,3,１, ,ダ1800,良,,(栗),中竹和也,1546,-0.3,2,2,1,38.4,458,0,
,2021.10.17,阪神,4阪4,1勝,１勝ｸﾗｽ,2,2,ダノンドリーマー,牡,3,ルメール, 55 ,8,3,１, 内,芝2000,良,,(栗),藤原英昭,2029,-0.0,5,3,3,35.9,488,+6,
,2021.10.17,阪神,4阪4,新馬,新馬,3,6,セルバーグ,牡,2,和田竜二, 55 ,16,8,１, 外,芝1600,良,,(栗),鈴木孝志,1356,-0.2,,4,4,35.3,430,,
,2021.10.17,阪神,4阪4,新馬,新馬,8,11,デリカダ,牝,2,和田竜二, 54 ,12,2,１, ,ダ1800,稍,,(栗),吉田直弘,1555,-0.6,3,2,2,36.7,482,,
,2021.10.17,阪神,4阪4,未勝利,未勝利*,4,4,モズタンジロウ,牡,2,ルメール, 55 ,9,5,１, 外,芝1800,稍,,(栗),牧田和弥,1478,-0.1,,8,6,35.8,474,0,
,2021.10.17,阪神,4阪4,未勝利,未勝利・牝*,5,5,ベルマーレミノル,牝,2,吉田隼人, 54 ,11,4,１, ,ダ1200,稍,,(栗),本田優,1130,-0.3,,4,6,36.6,486,-12,
,2021.10.17,阪神,4阪4,未勝利,未勝利*,3,3,バルムンク,牡,2,岩田望来, 55 ,11,3,１, ,ダ1400,稍,,(栗),池添学,1263,-0.3,,2,1,39.1,516,+2,
,2021.10.16,阪神,4阪3,2勝,２勝ｸﾗｽ・牝,5,8,ヴァルキュリア,牝,4,池添謙一, 55 ,15,2,１, ,ダ1400,良,*,(栗),大久保龍,1237,-0.2,,10,7,36.1,480,-2,
,2021.10.16,阪神,4阪3,ｵｰﾌﾟﾝ,太秦Ｓ,6,11,ライトウォーリア,牡,4,松若風馬, 56 ,16,4,１, ,ダ1800,良,,(栗),高野友和,1513,-0.0,2,2,2,37.9,506,+8,
,2021.10.16,阪神,4阪3,2勝,北國新聞･2勝,1,1,リノキアナ,牝,4,幸英明, 55 ,11,4,１, 内,芝2000,良,,(栗),谷潔,2001,-0.1,5,4,4,36.4,436,+6,
,2021.10.16,阪神,4阪3,1勝,紫菊賞･1勝*,1,1,リブースト,牡,2,幸英明, 55 ,7,1,１, 外,芝1800,良,,(栗),佐々木晶,1472,-0.6,,6,4,35.3,500,-16,
,2021.10.16,阪神,4阪3,1勝,１勝ｸﾗｽ,8,10,ジョウショーモード,牡,3,国分優作, 55 ,11,8,１, ,ダ1200,良,,(栗),服部利之,1125,-0.1,,7,4,37.0,496,-3,
,2021.10.16,阪神,4阪3,1勝,１勝ｸﾗｽ,6,7,イツカハシャチョウ,牡,3,岩田康誠, 55 ,12,2,１, ,ダ1800,良,,(栗),吉田直弘,1531,-0.5,11,1,1,38.1,498,-2,
,2021.10.16,阪神,4阪3,1勝,１勝ｸﾗｽ・牝,8,11,ディアノイア,牝,3,松山弘平, 53 ,11,2,１, ,ダ1400,良,,(栗),杉山晴紀,1245,-0.6,,2,2,37.0,472,+9,
,2021.10.16,阪神,4阪3,新馬,新馬,2,2,フォースクエア,牡,2,池添謙一, 55 ,15,1,１, 外,芝1800,良,,(栗),池江泰寿,1497,-0.0,,4,4,34.1,476,,
,2021.10.16,阪神,4阪3,新馬,新馬,7,7,ゼットノヴァ,牡,2,幸英明, 55 ,8,1,１, ,ダ1200,良,,(栗),吉田直弘,1139,-0.6,,1,1,36.6,436,,
,2021.10.16,阪神,4阪3,未勝利,未勝利*,8,9,シホノスペランツァ,牡,2,浜中俊, 55 ,9,2,１, 内,芝2000,良,,(栗),寺島良,2020,-0.2,4,2,2,36.1,480,-2,
,2021.10.16,阪神,4阪3,未勝利,未勝利*,7,9,デュガ,牡,2,武豊, 55 ,12,1,１, 内,芝1200,良,,(栗),森秀行,1093,-0.7,,1,1,34.8,482,+2,
,2021.10.16,阪神,4阪3,未勝利,未勝利*,7,7,スマイルバック,牝,2,秋山真一, 54 ,10,2,１, ,ダ1800,良,,(栗),松永幹夫,1542,-0.5,1,1,1,38.7,452,-8,
,2021.10.10,阪神,4阪2,2勝,２勝ｸﾗｽ,8,16,アウトウッズ,牡,4,岩田望来, 57 ,16,2,１, ,ダ1200,良,,(栗),浅見秀一,1113,-0.2,,6,5,36.3,522,-6,
,2021.10.10,阪神,4阪2,Ｇ２,京都大賞G2,5,8,マカヒキ,牡,8,藤岡康太, 57 ,14,9,１, 外,芝2400,良,*,(栗),友道康夫,2245,-0.0,8,7,7,35.9,506,+2,
,2021.10.10,阪神,4阪2,3勝,戎橋ＳＨ･3勝,6,10,リレーションシップ,牡,4,Ｍ．デム, 56 ,15,4,１, 内,芝1400,良,,(栗),須貝尚介,1204,-0.2,,8,7,35.0,502,-6,
,2021.10.10,阪神,4阪2,2勝,三田特別･2勝,6,6,ヴェローチェオロ,牡,3,Ｍ．デム, 54 ,9,2,１, 内,芝2200,良,,(栗),須貝尚介,2127,-0.3,9,4,4,36.2,468,+8,
,2021.10.10,阪神,4阪2,1勝,１勝ｸﾗｽ,7,10,ムエックス,牡,3,幸英明, 55 ,12,3,１, ,ダ1800,良,,(栗),大根田裕,1535,-0.2,2,2,2,37.1,506,+6,
,2021.10.10,阪神,4阪2,1勝,１勝ｸﾗｽ,8,11,ポケットロケット,牝,3,川須栄彦, 53 ,12,3,１, ,ダ1200,良,,(栗),中尾秀正,1121,-0.3,,2,1,36.4,490,+6,
,2021.10.10,阪神,4阪2,1勝,１勝ｸﾗｽ,8,10,ヒシカムイ,牡,3,角田大和,52▲,11,1,１, ,ダ2000,良,,(栗),角田晃一,2062,-0.0,7,6,4,38.4,470,+10,
,2021.10.10,阪神,4阪2,新馬,新馬,2,2,タガノエスコート,牡,2,Ｍ．デム, 55 ,11,2,１, 外,芝1800,良,,(栗),五十嵐忠,1499,-0.1,,2,2,33.7,482,,
,2021.10.10,阪神,4阪2,新馬,新馬,3,4,ピンハイ,牝,2,高倉稜, 54 ,14,7,１, 内,芝1400,良,,(栗),田中克典,1230,-0.1,,11,11,35.0,420,,
,2021.10.10,阪神,4阪2,未勝利,未勝利*,3,3,ヴァンルーラー,牝,2,戸崎圭太, 54 ,8,3,１, 外,芝1600,良,,(栗),吉岡辰弥,1353,-0.1,,3,3,33.6,450,+12,
,2021.10.10,阪神,4阪2,未勝利,未勝利*,8,13,セキフウ,牡,2,戸崎圭太, 55 ,13,1,１, ,ダ1400,良,,(栗),武幸四郎,1254,-0.1,,4,3,37.4,476,+2,
,2021.10.10,阪神,4阪2,未勝利,未勝利*,2,2,ヒデノレインボー,牡,2,戸崎圭太, 55 ,9,6,１, ,ダ1800,良,,(栗),梅田智之,1549,-0.0,5,4,3,39.8,470,+6,
,"2021.10. 9",阪神,4阪1,2勝,２勝ｸﾗｽ,7,8,ユアヒストリー,牡,3,松山弘平, 55 ,11,2,１, ,ダ1800,良,,(栗),池添学,1517,-0.8,7,5,4,37.6,452,-12,
,"2021.10. 9",阪神,4阪1,OP(L),オパーＨ(L),1,2,サヴォワールエメ,牝,5,酒井学, 51 ,16,3,１, 内,芝1200,良,,(栗),辻野泰之,1082,-0.1,,3,3,33.7,462,+10,
,"2021.10. 9",阪神,4阪1,3勝,播州Ｓ･3勝,7,13,シャイニーブランコ,牡,5,浜中俊, 57 ,16,5,１, ,ダ1200,良,,(栗),小林真也,1114,-0.1,,10,10,35.3,450,+6,
,"2021.10. 9",阪神,4阪1,1勝,りんどう･1勝,7,7,ダークペイジ,牝,2,浜中俊, 54 ,10,5,１, 内,芝1400,良,,(栗),吉村圭司,1213,-0.0,,2,2,35.0,448,0,
,"2021.10. 9",阪神,4阪1,2勝,２勝ｸﾗｽ,3,3,マルカエイペックス,牝,4,小沢大仁,52▲,9,4,１, 外,芝1600,良,,(栗),今野貞一,1325,-0.1,,5,4,34.3,448,+6,
,"2021.10. 9",阪神,4阪1,1勝,１勝ｸﾗｽ,8,16,シゲルホサヤク,牡,3,高倉稜, 55 ,16,4,１, ,ダ1400,良,*,(栗),服部利之,1247,-0.2,,4,4,37.2,466,+6,
,"2021.10. 9",阪神,4阪1,新馬,新馬,2,2,ジャスパーグレイト,牡,2,岩田望来, 55 ,10,3,１, ,ダ1800,良,,(栗),森秀行,1547,-1.6,1,1,1,38.1,444,,
,"2021.10. 9",阪神,4阪1,新馬,新馬,5,5,アートハウス,牝,2,川田将雅, 54 ,12,3,１, 内,芝2000,良,,(栗),中内田充,2028,-0.5,2,2,2,33.9,470,,
,"2021.10. 9",阪神,4阪1,新馬,新馬,5,5,シダー,牝,2,藤岡康太, 54 ,10,2,１, ,ダ1400,良,,(栗),本田優,1273,-0.5,,2,2,37.5,482,,
,"2021.10. 9",阪神,4阪1,未勝利,未勝利*,3,3,ジャスティンロック,牡,2,松山弘平, 55 ,7,1,１, 外,芝1800,良,,(栗),吉岡辰弥,1482,-0.1,,5,2,33.8,490,+8,
,"2021.10. 9",阪神,4阪1,未勝利,未勝利*,1,1,ビーアイオラクル,牡,2,岩田望来, 55 ,9,2,１, ,ダ1200,良,,(栗),牧田和弥,1134,-0.6,,1,1,37.3,482,+4,
,"2021.10. 9",阪神,4阪1,未勝利,未勝利*,3,3,コンスタンティン,牝,2,小沢大仁,51▲,11,10,１, ,ダ1800,良,,(栗),石坂公一,1540,-0.0,1,2,2,37.6,456,-10,
,"2021. 6.27",阪神,3阪4,2勝,リボン賞･2勝,4,5,ジュディッタ,牝,3,福永祐一, 52 ,13,3,１, ,ダ1800,良,,(栗),石坂公一,1519,-0.3,2,1,1,37.8,504,0,
,"2021. 6.27",阪神,3阪4,Ｇ１,宝塚記念G1,5,7,クロノジェネシス,牝,5,ルメール, 56 ,13,1,１, 内,芝2200,良,,(栗),斉藤崇史,2109,-0.4,4,3,4,34.4,478,,
,"2021. 6.27",阪神,3阪4,3勝,花のみち･3勝,6,12,オーロラテソーロ,牡,4,戸崎圭太, 57 ,16,3,１, ,ダ1200,良,,(美),畠山吉宏,1110,-0.1,,4,3,35.6,494,+4,
,"2021. 6.27",阪神,3阪4,2勝,舞子特別･2勝,1,1,スマートクラージュ,牡,4,ルメール, 57 ,12,2,１, 内,芝1400,良,,(栗),池江泰寿,1203,-0.0,,1,1,35.0,478,-4,
,"2021. 6.27",阪神,3阪4,1勝,城崎特別･1勝,8,9,ジオフロント,牡,3,ルメール, 54 ,9,2,１, 外,芝1800,良,,(栗),清水久詞,1459,-0.3,,4,4,34.8,452,+4,B
,"2021. 6.27",阪神,3阪4,1勝,１勝ｸﾗｽ,6,6,プリュムドール,牝,3,坂井瑠星, 51 ,11,1,１, 内,芝2200,良,,(栗),奥村豊,2133,-0.1,4,7,5,34.7,458,0,
,"2021. 6.27",阪神,3阪4,1勝,１勝ｸﾗｽ・牝,7,10,タイセイエクセル,牝,3,戸崎圭太, 52 ,13,5,１, ,ダ1400,良,,(栗),西村真幸,1242,-0.5,,2,2,36.9,460,0,B
,"2021. 6.27",阪神,3阪4,新馬,新馬,2,2,レッドベルアーム,牡,2,福永祐一, 54 ,11,1,１, 外,芝1800,良,,(栗),藤原英昭,1479,-0.1,,3,4,35.4,508,,
,"2021. 6.27",阪神,3阪4,未勝利,未勝利,1,2,メイショウシロガネ,牡,3,幸英明, 56 ,16,6,１, ,ダ2000,良,,(栗),松永昌博,2063,-0.6,1,1,1,38.7,456,0,
,"2021. 6.27",阪神,3阪4,未勝利,未勝利・牝,8,13,フォレストキャット,牝,3,藤岡康太, 54 ,13,4,１, ,ダ1800,良,,(栗),野中賢二,1537,-0.4,6,4,3,38.0,466,-2,
,"2021. 6.27",阪神,3阪4,未勝利,未勝利,3,6,シュライエン,牝,3,川田将雅, 54 ,18,1,１, 外,芝1600,良,,(栗),高野友和,1349,-0.2,,2,2,33.9,438,+8,
,"2021. 6.27",阪神,3阪4,未勝利,未勝利,6,11,ゴールドフライト,牡,3,角田大和,53▲,16,2,１, ,ダ1400,良,,(栗),坂口智康,1242,-1.6,,2,1,36.2,476,0,
,"2021. 6.26",阪神,3阪3,1勝,１勝ｸﾗｽ,4,7,ダノンハーロック,牡,3,川田将雅, 54 ,16,1,１, ,ダ1800,良,,(栗),音無秀孝,1528,-0.5,4,4,4,37.3,536,+12,
,"2021. 6.26",阪神,3阪3,ｵｰﾌﾟﾝ,天保山Ｓ,8,16,ピンシャン,牡,4,川田将雅, 56 ,16,1,１, ,ダ1400,良,,(栗),森秀行,1231,-0.4,,1,1,36.7,458,-8,
,"2021. 6.26",阪神,3阪3,3勝,水無月Ｈ･3勝,6,6,サンライズオネスト,牡,4,幸英明, 55 ,10,4,１, 内,芝1400,良,,(栗),河内洋,1209,-0.1,,3,2,34.5,468,+2,
,"2021. 6.26",阪神,3阪3,2勝,三木特別･2勝,2,2,メイケイハリアー,牡,5,富田暁, 57 ,7,5,１, 外,芝1800,良,,(栗),木原一良,1460,-0.0,,2,2,35.2,484,+8,
,"2021. 6.26",阪神,3阪3,1勝,１勝ｸﾗｽ,7,9,テンハッピーローズ,牝,3,福永祐一, 52 ,12,1,１, 内,芝1400,良,,(栗),高柳大輔,1210,-0.2,,8,8,33.9,436,+2,
,"2021. 6.26",阪神,3阪3,1勝,１勝ｸﾗｽ,8,10,ヴァガボンド,牡,3,岩田望来, 54 ,10,1,１, ,ダ1200,良,,(栗),清水久詞,1114,-0.7,,1,1,35.7,464,+4,
,"2021. 6.26",阪神,3阪3,未勝利,未勝利,2,3,マッハモンルード,牝,3,福永祐一, 54 ,16,1,１, 内,芝2000,良,,(栗),斉藤崇史,2010,-0.0,6,6,5,35.5,482,0,
,"2021. 6.26",阪神,3阪3,新馬,新馬,5,10,タガノフィナーレ,牝,2,松若風馬, 54 ,17,8,１, 内,芝1400,良,,(栗),浅見秀一,1242,-0.2,,1,1,34.8,478,,
,"2021. 6.26",阪神,3阪3,未勝利,未勝利,6,10,シゲルバクハツ,牡,3,福永祐一, 56 ,15,1,１, ,ダ1800,良,,(栗),谷潔,1526,-0.2,7,2,2,37.2,480,-6,
,"2021. 6.26",阪神,3阪3,未勝利,未勝利,5,9,フェラーラ,牝,3,幸英明, 54 ,16,3,１, ,ダ1200,良,,(栗),森田直行,1128,-0.1,,12,12,36.2,418,+2,
,"2021. 6.26",阪神,3阪3,未勝利,未勝利・牝,6,12,メイショウミズモ,牝,3,藤岡康太, 54 ,16,3,１, ,ダ1400,良,,(栗),笹田和秀,1258,-0.3,,8,5,38.0,422,+2,
,"2021. 6.26",阪神,3阪3,未勝利,未勝利*,8,9,スタニングローズ,牝,2,川田将雅, 54 ,10,1,１, 外,芝1600,良,,(栗),高野友和,1352,-0.4,,3,3,35.4,478,-2,
,"2021. 6.20",阪神,3阪2,2勝,２勝ｸﾗｽ,6,12,ディモールト,牡,4,酒井学, 57 ,16,9,１, ,ダ1400,稍,*,(栗),角田晃一,1239,-0.1,,6,6,37.4,510,0,
,"2021. 6.20",阪神,3阪2,Ｇ３,マーメイＨG3,1,1,シャムロックヒル,牝,4,藤懸貴志, 50 ,16,10,１, 内,芝2000,良,,(栗),佐々木晶,2004,-0.0,1,1,1,35.3,490,0,
,"2021. 6.20",阪神,3阪2,3勝,垂水ＳＨ･3勝,3,6,アカイイト,牝,4,横山典弘, 54 ,18,1,１, 外,芝1800,良,,(栗),中竹和也,1466,-0.0,,16,16,35.0,510,+6,
,"2021. 6.20",阪神,3阪2,2勝,鷹取特別･2勝,4,7,エブリワンブラック,牡,4,浜中俊, 57 ,15,4,１, ,ダ2000,稍,,(栗),武幸四郎,2038,-0.0,3,4,2,37.8,478,+4,B
,"2021. 6.20",阪神,3阪2,1勝,１勝ｸﾗｽ,6,6,シャーレイポピー,牝,3,福永祐一, 52 ,11,3,１, 外,芝1600,稍,,(栗),石坂公一,1343,-0.4,,5,5,35.1,428,+12,
,"2021. 6.20",阪神,3阪2,1勝,１勝ｸﾗｽ,8,16,オンザフェーヴル,牡,4,川田将雅, 57 ,16,2,１, ,ダ1800,稍,,(栗),野中賢二,1515,-0.6,8,2,2,37.6,490,0,
,"2021. 6.20",阪神,3阪2,未勝利,未勝利,3,6,トウシンモンブラン,牝,3,松山弘平, 54 ,17,2,１, 外,芝1800,稍,,(栗),杉山晴紀,1474,-0.1,,7,3,35.9,470,+2,
,"2021. 6.20",阪神,3阪2,新馬,新馬,7,7,ダノンスコーピオン,牡,2,川田将雅, 54 ,7,1,１, 外,芝1600,稍,,(栗),安田隆行,1387,-0.0,,5,5,34.0,456,,
,"2021. 6.20",阪神,3阪2,未勝利,未勝利,8,10,クリノアンビシャス,牡,3,川島信二, 56 ,11,3,１, ,ダ1800,重,,(栗),荒川義之,1531,-0.0,2,2,1,38.1,476,-4,
,"2021. 6.20",阪神,3阪2,未勝利,未勝利,2,3,ヨシノイースター,牡,3,川田将雅, 56 ,18,1,１, 内,芝1400,稍,,(栗),中尾秀正,1220,-0.8,,1,1,35.1,474,0,
,"2021. 6.20",阪神,3阪2,未勝利,未勝利,4,7,キタノエクスプレス,牡,3,松山弘平, 56 ,16,1,１, ,ダ1400,重,*,(栗),坂口智康,1235,-0.0,,1,1,36.9,518,-2,
,"2021. 6.20",阪神,3阪2,未勝利,未勝利・牝,5,10,ポケットロケット,牝,3,川須栄彦, 54 ,16,2,１, ,ダ1200,重,,(栗),中尾秀正,1112,-0.7,,3,3,36.4,484,+12,
,"2021. 6.19",阪神,3阪1,1勝,１勝ｸﾗｽ・牝,2,2,フォドラ,牝,3,西村淳也, 52 ,13,1,１, 内,芝1200,重,,(栗),牧浦充徳,1096,-0.3,,1,1,34.7,402,-4,
,"2021. 6.19",阪神,3阪1,OP(L),米子Ｓ(L),7,13,ロータスランド,牝,4,岩田望来, 54 ,16,2,１, 外,芝1600,重,,(栗),辻野泰之,1350,-0.3,,3,3,35.8,468,+6,
,"2021. 6.19",阪神,3阪1,3勝,オークラ･3勝,5,9,エクスパートラン,牡,6,藤懸貴志, 57 ,16,11,１, ,ダ1800,不,,(栗),小崎憲,1501,-0.0,13,1,1,36.8,470,0,
,"2021. 6.19",阪神,3阪1,2勝,皆生特別･2勝,1,1,スカーフェイス,牡,5,岩田康誠, 57 ,7,3,１, 外,芝1600,重,,(栗),橋田満,1359,-0.2,,7,7,34.8,456,-2,
,"2021. 6.19",阪神,3阪1,1勝,１勝ｸﾗｽ,3,3,ジャッカル,牡,3,松山弘平, 54 ,8,3,１, 内,芝2000,重,,(栗),吉岡辰弥,2026,-0.3,1,1,1,35.7,496,-4,
,"2021. 6.19",阪神,3阪1,1勝,１勝ｸﾗｽ,7,14,ジャスパーゴールド,牡,3,松本大輝,51▲,16,5,１, ,ダ1400,不,,(栗),森秀行,1232,-0.0,,2,2,36.6,446,+6,
,"2021. 6.19",阪神,3阪1,未勝利,未勝利・牝,5,9,プリペアード,牝,3,斎藤新,53☆,15,11,１, 外,芝1800,重,*,(栗),宮徹,1490,-0.4,,1,1,35.9,416,-4,
,"2021. 6.19",阪神,3阪1,新馬,新馬,5,9,フェズカズマ,牡,2,川田将雅, 54 ,16,1,１, ,ダ1200,不,,(栗),安田隆行,1128,-0.3,,6,3,36.9,486,,
,"2021. 6.19",阪神,3阪1,ｵｰﾌﾟﾝ,障害・オープ,1,1,ヒロノタイリク,牡,6,難波剛健, 60 ,9,1,１, ,ダ3110,重,,(栗),宮本博,3344,-0.1,5,2,1,13.8,504,-8,
,"2021. 6.19",阪神,3阪1,未勝利,未勝利,5,8,ムエックス,牡,3,幸英明, 56 ,15,3,１, ,ダ1800,不,*,(栗),大根田裕,1522,-0.4,8,8,8,37.9,500,-2,
,"2021. 6.19",阪神,3阪1,未勝利,未勝利,1,1,キタサンシンドー,牝,3,福永祐一, 54 ,9,3,１, 外,芝2400,重,,(栗),斉藤崇史,2301,-0.1,1,1,1,35.0,466,+6,
,"2021. 6.19",阪神,3阪1,未勝利,障害未勝利,5,5,チェーロ,牡,4,小坂忠士, 60 ,12,1,１, ,ダ2970,重,,(栗),奥村豊,3234,-0.2,2,2,3,13.7,490,+2,
,"2021. 5. 2",阪神,2阪C,3勝,天満橋Ｈ･3勝,1,2,スズカフェスタ,牡,6,国分優作, 54 ,16,11,１, ,ダ1400,稍,,(栗),大橋勇樹,1239,-0.2,,2,2,36.9,508,+8,
,"2021. 5. 2",阪神,2阪C,Ｇ１,天皇賞春G1,1,1,ワールドプレミア,牡,5,福永祐一, 58 ,17,3,１, 内,芝3200,良,*,(栗),友道康夫,3147,-0.1,7,7,4,36.7,486,-2,
,"2021. 5. 2",阪神,2阪C,ｵｰﾌﾟﾝ,端午Ｓ,4,7,ルーチェドーロ,牡,3,戸崎圭太, 56 ,16,7,１, ,ダ1400,稍,,(美),高橋裕,1235,-0.3,,8,7,37.4,494,-2,B
,"2021. 5. 2",阪神,2阪C,2勝,山陽特別･2勝,2,2,キュールエサクラ,牝,5,藤岡佑介, 55 ,14,6,１, 内,芝1400,良,,(栗),中尾秀正,1205,-0.3,,1,1,35.5,496,-2,
,"2021. 5. 2",阪神,2阪C,2勝,蓬莱峡特･2勝,1,1,レッドフラヴィア,牝,4,ルメール, 55 ,8,4,１, 外,芝1800,良,,(栗),平田修,1455,-0.4,,1,2,34.6,506,+4,B
,"2021. 5. 2",阪神,2阪C,1勝,１勝ｸﾗｽ,5,5,アマービレ,牝,4,戸崎圭太, 55 ,9,3,１, ,ダ1400,稍,,(栗),西村真幸,1248,-0.1,,3,2,38.0,484,+6,
,"2021. 5. 2",阪神,2阪C,1勝,１勝ｸﾗｽ,8,11,ラヴネヴァーエンズ,牡,4,横山和生, 57 ,12,2,１, ,ダ1800,稍,,(栗),安田翔伍,1533,-0.0,12,9,6,37.0,522,-4,
,"2021. 5. 2",阪神,2阪C,1勝,１勝ｸﾗｽ*,5,7,スンリ,牝,3,ルメール, 54 ,13,3,１, 内,芝1400,良,,(栗),清水久詞,1210,-0.0,,1,1,36.0,470,+4,B
,"2021. 5. 2",阪神,2阪C,未勝利,未勝利,3,3,サツキハピネス,牝,3,幸英明, 54 ,12,2,１, 外,芝2400,良,*,(栗),寺島良,2294,-0.0,6,6,5,34.4,442,+4,
,"2021. 5. 2",阪神,2阪C,未勝利,未勝利,6,7,レシャバール,牡,3,川田将雅, 56 ,12,1,１, 外,芝2400,良,,(栗),池江泰寿,2294,-0.0,3,3,2,34.8,482,-2,
,"2021. 5. 2",阪神,2阪C,未勝利,未勝利,2,2,エイシンティップス,牡,3,ルメール, 56 ,15,1,１, ,ダ2000,稍,,(栗),大久保龍,2082,-1.3,8,6,4,39.7,472,+4,
,"2021. 5. 2",阪神,2阪C,未勝利,未勝利,1,2,ロードサージュ,牡,3,ルメール, 56 ,16,1,１, ,ダ1200,稍,,(栗),庄野靖志,1128,-0.6,,7,5,36.4,440,0,
,"2021. 5. 2",阪神,2阪C,未勝利,未勝利・牝,3,3,ネフェルタリ,牝,3,ルメール, 54 ,14,1,１, ,ダ1800,稍,,(栗),高柳大輔,1547,-1.1,1,1,1,39.2,474,0,
,"2021. 5. 1",阪神,2阪B,2勝,２勝ｸﾗｽ,8,10,サンレイファイト,牡,5,団野大成, 57 ,10,2,１, ,ダ1800,重,,(栗),茶木太樹,1517,-0.4,7,7,4,37.7,464,-6,
,"2021. 5. 1",阪神,2阪B,ｵｰﾌﾟﾝ,天王山Ｓ,7,12,スマートアルタイル,牡,6,武豊, 56 ,15,6,１, ,ダ1200,重,,(栗),小崎憲,1107,-0.0,,11,9,35.6,478,-4,
,"2021. 5. 1",阪神,2阪B,3勝,ストーＨ･3勝,5,9,グランデマーレ,牡,4,藤岡佑介, 55 ,18,1,１, 外,芝1600,稍,,(栗),藤岡健一,1331,-0.0,,3,3,33.7,510,0,
,"2021. 5. 1",阪神,2阪B,1勝,矢車賞･1勝*,3,3,ハギノピリナ,牝,3,藤懸貴志, 54 ,11,3,１, 内,芝2200,良,,(栗),高野友和,2127,-0.1,4,3,3,35.8,454,-6,
,"2021. 5. 1",阪神,2阪B,2勝,２勝ｸﾗｽ,3,5,ニホンピロランド,牡,5,小牧太, 57 ,15,2,１, ,ダ1400,稍,,(栗),服部利之,1244,-0.0,,7,5,37.7,498,+2,
,"2021. 5. 1",阪神,2阪B,1勝,１勝ｸﾗｽ,8,14,エスケーアタランタ,牝,5,富田暁,54☆,15,2,１, ,ダ1200,稍,,(栗),木原一良,1120,-0.0,,2,2,36.9,470,+2,
,"2021. 5. 1",阪神,2阪B,1勝,１勝ｸﾗｽ*,8,10,ナリタフォルテ,牡,3,富田暁,55☆,11,6,１, ,ダ1800,稍,,(栗),木原一良,1538,-0.1,6,4,2,38.4,570,-2,
,"2021. 5. 1",阪神,2阪B,未勝利,未勝利,3,4,コーディアル,牝,3,北村友一, 54 ,15,1,１, 外,芝1800,良,,(栗),高野友和,1457,-0.1,,6,5,34.2,488,+14,
,"2021. 5. 1",阪神,2阪B,未勝利,障害未勝利,8,11,スズカフューラー,牡,7,森一馬, 60 ,11,1,１, ,ダ2970,良,,(栗),茶木太樹,3217,-0.0,2,2,1,13.6,442,+2,
,"2021. 5. 1",阪神,2阪B,未勝利,未勝利,5,10,マイネルエニグマ,牡,3,国分優作, 56 ,18,1,１, 外,芝1600,良,,(栗),五十嵐忠,1335,-0.0,,11,3,34.3,454,0,
,"2021. 5. 1",阪神,2阪B,未勝利,未勝利,8,15,ミセスバローズ,牝,3,松若風馬, 54 ,16,2,１, ,ダ1400,稍,*,(栗),上村洋行,1258,-0.4,,3,2,38.8,418,-2,
,"2021. 5. 1",阪神,2阪B,未勝利,未勝利,2,2,ウラエウス,牡,3,武豊, 56 ,12,3,１, ,ダ1800,稍,,(栗),本田優,1552,-0.4,1,2,1,40.2,468,0,
,"2021. 4.25",阪神,2阪A,2勝,２勝ｸﾗｽ,6,12,エンプティチェア,牡,4,団野大成, 57 ,16,4,１, ,ダ1200,良,,(栗),音無秀孝,1116,-0.1,,8,2,35.9,476,+2,B
,"2021. 4.25",阪神,2阪A,Ｇ２,マイラーG2,3,5,ケイデンスコール,牡,5,古川吉洋, 56 ,16,2,１, 外,芝1600,良,,(栗),安田隆行,1314,-0.2,,8,8,33.8,470,-2,
,"2021. 4.25",阪神,2阪A,3勝,灘ＳＨ･3勝,5,9,サンライズホープ,牡,4,幸英明, 56 ,16,1,１, ,ダ2000,良,,(栗),羽月友彦,2061,-0.0,3,2,1,38.4,540,0,
,"2021. 4.25",阪神,2阪A,2勝,白鷺特別･2勝,2,2,アイアンバローズ,牡,4,岩田望来, 57 ,7,1,１, 外,芝2400,良,,(栗),上村洋行,2248,-0.9,4,4,3,34.4,488,-10,
,"2021. 4.25",阪神,2阪A,1勝,１勝ｸﾗｽ,7,9,ヤマニンプティパ,牝,4,柴山雄一, 55 ,12,8,１, 内,芝1400,良,,(栗),千田輝彦,1210,-0.0,,2,2,35.0,440,+8,
,"2021. 4.25",阪神,2阪A,1勝,１勝ｸﾗｽ,8,9,ダディーズメジャー,牡,4,松本大輝,54▲,9,9,１, ,ダ1800,良,,(栗),千田輝彦,1537,-0.2,2,2,2,37.5,482,-2,
,"2021. 4.25",阪神,2阪A,1勝,１勝ｸﾗｽ*,5,5,ローウェル,牡,3,北村友一, 56 ,12,1,１, ,ダ1400,良,,(栗),斉藤崇史,1242,-0.1,,2,2,37.1,534,-2,
,"2021. 4.25",阪神,2阪A,未勝利,未勝利,7,12,ジャックドール,牡,3,藤岡佑介, 56 ,15,1,１, 内,芝2000,良,,(栗),藤岡健一,2003,-1.4,2,1,1,34.8,494,-8,
,"2021. 4.25",阪神,2阪A,未勝利,未勝利・牝,6,12,アンドヴァラナウト,牝,3,福永祐一, 54 ,18,1,１, 外,芝1600,良,,(栗),池添学,1334,-0.3,,3,3,34.2,438,+10,
,"2021. 4.25",阪神,2阪A,未勝利,未勝利,4,5,サンライズグリット,牡,3,松若風馬, 56 ,14,3,１, ,ダ1800,良,,(栗),音無秀孝,1544,-0.3,2,2,2,37.8,452,-4,
,"2021. 4.25",阪神,2阪A,未勝利,未勝利,3,6,コンセプト,牡,3,浜中俊, 56 ,16,5,１, ,ダ1400,良,,(栗),角田晃一,1261,-0.3,,4,4,38.2,458,-4,B
,"2021. 4.25",阪神,2阪A,未勝利,未勝利・牝,6,10,サトノフィオーレ,牝,3,幸英明, 54 ,14,2,１, ,ダ1800,良,,(栗),西園正都,1558,-0.6,1,1,1,39.5,492,-8,
,"2021. 4.24",阪神,2阪9,2勝,２勝ｸﾗｽ,2,2,ロッキーサンダー,牡,4,幸英明, 57 ,14,2,１, ,ダ1800,良,,(栗),石橋守,1532,-0.0,11,9,7,37.6,478,+2,
,"2021. 4.24",阪神,2阪9,3勝,京橋Ｓ･3勝,3,3,プライドランド,牡,5,北村友一, 57 ,11,5,１, 内,芝2000,良,,(栗),高野友和,1585,-0.0,1,1,1,35.4,472,-6,
,"2021. 4.24",阪神,2阪9,2勝,丹波特別･2勝,8,11,カレンシュトラウス,牡,4,池添謙一, 57 ,11,1,１, 外,芝1600,良,,(栗),平田修,1327,-0.8,,3,3,33.7,508,+6,
,"2021. 4.24",阪神,2阪9,1勝,あやめ賞･1勝,6,6,ギャラントウォリア,牡,3,池添謙一, 56 ,7,4,１, 外,芝1800,良,,(栗),平田修,1460,-0.0,,2,2,33.5,494,0,
,"2021. 4.24",阪神,2阪9,1勝,１勝ｸﾗｽ,8,13,ケイアイドリー,牡,4,藤岡康太, 57 ,14,1,１, ,ダ1400,良,*,(栗),村山明,1242,-0.8,,3,3,36.7,506,-2,
,"2021. 4.24",阪神,2阪9,1勝,１勝ｸﾗｽ,5,5,ヒミノブルー,牡,5,岩田康誠, 57 ,7,1,１, ,ダ2000,良,,(栗),寺島良,2071,-0.1,7,6,2,38.9,538,+6,
,"2021. 4.24",阪神,2阪9,1勝,１勝ｸﾗｽ*,8,14,ケイアイロベージ,セ,3,北村友一, 56 ,14,1,１, ,ダ1800,良,,(栗),野中賢二,1526,-0.5,9,7,5,38.7,476,-12,B
,"2021. 4.24",阪神,2阪9,未勝利,未勝利,1,1,スマイルライン,牡,3,岩田康誠, 56 ,12,1,１, ,ダ2000,良,,(栗),高野友和,2072,-1.2,4,3,4,38.3,470,-4,B
,"2021. 4.24",阪神,2阪9,ｵｰﾌﾟﾝ,障害・オープ,4,4,メイショウウチデ,牡,5,小坂忠士, 60 ,13,4,１, ,ダ3110,良,,(栗),南井克巳,3300,-0.3,4,4,4,13.5,464,+6,
,"2021. 4.24",阪神,2阪9,未勝利,未勝利,5,10,スズカキンシャサ,牡,3,福永祐一, 56 ,16,1,１, ,ダ1200,良,,(栗),上村洋行,1126,-1.1,,2,2,37.2,468,+6,
,"2021. 4.24",阪神,2阪9,未勝利,未勝利,6,12,カバーガール,牝,3,岩田望来, 54 ,18,3,１, 内,芝1400,良,,(栗),清水久詞,1214,-0.5,,3,3,35.5,466,-4,
,"2021. 4.24",阪神,2阪9,未勝利,障害未勝利,1,1,ビーオールアイズ,セ,4,植野貴也, 59 ,8,2,１, ,ダ2970,良,,(栗),松下武士,3231,-1.2,6,3,2,13.7,450,-6,
,"2021. 4.18",阪神,2阪8,2勝,２勝ｸﾗｽ,4,8,タイガーサイレンス,牡,4,柴山雄一, 57 ,16,3,１, ,ダ1400,重,,(栗),大橋勇樹,1244,-0.2,,3,3,36.7,456,+4,
,"2021. 4.18",阪神,2阪8,Ｇ３,アンタレG3,2,4,テーオーケインズ,牡,4,松若風馬, 56 ,16,1,１, ,ダ1800,重,,(栗),高柳大輔,1490,-0.3,6,5,2,37.0,494,0,
,"2021. 4.18",阪神,2阪8,3勝,心斎橋Ｓ･3勝,2,3,エングレーバー,牡,5,浜中俊, 57 ,15,4,１, 内,芝1400,稍,,(栗),中内田充,1202,-0.5,,7,7,34.6,448,-6,
,"2021. 4.18",阪神,2阪8,2勝,須磨特別･2勝,4,4,ロータスランド,牝,4,藤岡康太, 55 ,7,1,１, 外,芝1800,稍,,(栗),辻野泰之,1487,-0.2,,2,2,33.2,462,-6,
,"2021. 4.18",阪神,2阪8,1勝,１勝ｸﾗｽ,6,6,プレイリードリーム,牡,5,和田竜二, 57 ,9,3,１, 外,芝2400,稍,,(栗),安達昭夫,2293,-0.4,6,7,7,33.6,458,0,
,"2021. 4.18",阪神,2阪8,1勝,１勝ｸﾗｽ,5,6,シュアゲイト,牡,4,国分恭介, 57 ,12,6,１, ,ダ1200,重,,(栗),宮本博,1109,-0.3,,2,2,36.3,502,+8,B
,"2021. 4.18",阪神,2阪8,1勝,１勝ｸﾗｽ*,7,7,ヴァリアメンテ,牡,3,藤岡佑介, 56 ,7,2,１, 内,芝2000,稍,,(栗),中内田充,2016,-0.2,4,3,3,35.7,458,-2,
,"2021. 4.18",阪神,2阪8,1勝,１勝ｸﾗｽ・牝*,7,14,ベルヴォーグ,牝,3,幸英明, 54 ,16,9,１, ,ダ1800,重,,(栗),藤原英昭,1524,-0.0,14,12,8,38.2,506,+10,
,"2021. 4.18",阪神,2阪8,未勝利,障害未勝利,2,2,ペガーズ,牡,7,白浜雄造, 60 ,7,1,１, ,ダ2970,稍,,(栗),中尾秀正,3269,-0.1,2,3,2,13.9,504,-6,
,"2021. 4.18",阪神,2阪8,未勝利,未勝利,4,8,スズカトップバゴ,牡,3,川又賢治, 56 ,18,1,１, 外,芝1600,稍,,(栗),吉村圭司,1351,-0.1,,13,13,34.7,456,+4,
,"2021. 4.18",阪神,2阪8,未勝利,未勝利,2,4,アルメイダミノル,牡,3,幸英明, 56 ,16,3,１, ,ダ1400,重,,(栗),北出成人,1240,-0.2,,1,1,37.0,520,-4,
,"2021. 4.18",阪神,2阪8,未勝利,未勝利,3,5,テンシノエア,牝,3,藤岡康太, 54 ,16,6,１, ,ダ1200,重,,(栗),小林真也,1120,-0.0,,2,2,36.4,432,+8,
,"2021. 4.17",阪神,2阪7,2勝,２勝ｸﾗｽ,4,4,アンセッドヴァウ,セ,4,鮫島克駿, 57 ,12,4,１, ,ダ2000,不,,(栗),中竹和也,2037,-0.0,4,4,3,37.5,452,-2,
,"2021. 4.17",阪神,2阪7,Ｇ３,アーリンG3,5,9,ホウオウアマゾン,牡,3,川田将雅, 56 ,18,1,１, 外,芝1600,重,,(栗),矢作芳人,1342,-0.2,,2,2,34.8,496,-4,
,"2021. 4.17",阪神,2阪7,3勝,陽春Ｓ･3勝,3,5,メイショウベンガル,牡,4,幸英明, 57 ,16,2,１, ,ダ1200,不,*,(栗),松永昌博,1108,-0.0,,7,5,36.1,480,+10,
,"2021. 4.17",阪神,2阪7,2勝,千種川Ｈ･2勝,6,8,ロードベイリーフ,牡,4,岩田望来, 55 ,12,2,１, 内,芝1200,重,,(栗),森田直行,1095,-0.0,,7,7,34.1,480,+6,
,"2021. 4.17",阪神,2阪7,1勝,１勝ｸﾗｽ・牝,8,9,ハニエル,牝,5,岩田康誠, 55 ,10,1,１, ,ダ1200,不,,(栗),吉村圭司,1116,-0.6,,10,10,35.6,448,+2,
,"2021. 4.17",阪神,2阪7,1勝,１勝ｸﾗｽ,5,7,スズカパンサー,牡,4,福永祐一, 57 ,13,2,１, ,ダ1800,不,,(栗),西村真幸,1499,-2.0,1,1,1,37.6,470,-2,B
,"2021. 4.17",阪神,2阪7,1勝,１勝ｸﾗｽ*,7,14,ペプチドサンライズ,牡,3,富田暁,55☆,16,2,１, ,ダ1200,不,,(栗),木原一良,1118,-0.2,,3,2,36.9,448,-4,
,"2021. 4.17",阪神,2阪7,未勝利,未勝利,7,14,ハギノピリナ,牝,3,藤懸貴志, 54 ,18,6,１, 内,芝2200,重,,(栗),高野友和,2162,-0.2,15,13,11,36.0,460,-4,
,"2021. 4.17",阪神,2阪7,未勝利,未勝利・牝,7,12,タガノパッション,牝,3,岩田康誠, 54 ,15,2,１, 内,芝2000,重,,(栗),鮫島一歩,2026,-0.0,5,2,2,36.9,450,-6,
,"2021. 4.17",阪神,2阪7,未勝利,未勝利,7,12,ロードトランス,牡,3,ルメール, 56 ,15,2,１, ,ダ1800,不,,(栗),安田翔伍,1529,-0.2,2,2,2,37.6,474,-2,
,"2021. 4.17",阪神,2阪7,未勝利,未勝利,8,15,ワンダーイチョウ,牡,3,長岡禎仁, 56 ,16,1,１, ,ダ1400,不,,(栗),杉山晴紀,1248,-0.1,,2,2,37.3,488,+4,
,"2021. 4.17",阪神,2阪7,未勝利,未勝利・牝,3,6,ファーストソリスト,牝,3,斎藤新,53☆,16,3,１, ,ダ1800,不,,(栗),吉村圭司,1542,-0.3,1,1,1,39.3,460,0,
,"2021. 4.11",阪神,2阪6,3勝,梅田Ｓ･3勝,4,7,クレスコブレイブ,牡,7,岩田康誠, 57 ,16,3,１, ,ダ1800,良,,(栗),飯田雄三,1516,-0.0,13,9,6,37.5,530,+6,B
,"2021. 4.11",阪神,2阪6,Ｇ１,桜花賞G1,2,4,ソダシ,牝,3,吉田隼人, 55 ,18,2,１, 外,芝1600,良,,(栗),須貝尚介,1311,-0.0,,3,3,33.8,472,0,
,"2021. 4.11",阪神,2阪6,ｵｰﾌﾟﾝ,大阪―ハＨ,3,4,ミスマンマミーア,牝,6,福永祐一, 53 ,14,3,１, 外,芝2600,良,,(栗),寺島良,2351,-0.0,11,12,12,33.0,456,0,
,"2021. 4.11",阪神,2阪6,OP(L),忘れな草(L),5,5,ステラリア,牝,3,福永祐一, 54 ,11,2,１, 内,芝2000,良,,(栗),斉藤崇史,1580,-0.2,6,7,6,34.3,482,+6,
,"2021. 4.11",阪神,2阪6,2勝,吹田特別･2勝,7,7,メイショウドヒョウ,牡,4,和田竜二, 57 ,10,5,１, ,ダ1800,良,,(栗),西園正都,1521,-0.6,2,2,2,37.0,484,0,
,"2021. 4.11",阪神,2阪6,2勝,２勝ｸﾗｽ,8,8,ロードシャムロック,牡,4,川田将雅, 57 ,9,1,１, 外,芝1600,良,,(栗),中内田充,1322,-0.2,,3,3,33.1,510,+10,
,"2021. 4.11",阪神,2阪6,1勝,１勝ｸﾗｽ*,2,3,フルヴォート,牡,3,川田将雅, 56 ,16,1,１, ,ダ1400,良,,(栗),西村真幸,1244,-0.2,,6,5,37.3,492,-4,
,"2021. 4.11",阪神,2阪6,1勝,１勝ｸﾗｽ,1,1,ジロー,牡,4,ルメール, 57 ,7,2,１, ,ダ1800,良,,(栗),岡田稲男,1530,-0.1,2,2,2,36.8,476,+6,
,"2021. 4.11",阪神,2阪6,未勝利,未勝利,7,13,タイセイグラシア,牝,3,川田将雅, 54 ,18,3,１, 内,芝1400,良,,(栗),矢作芳人,1206,-0.1,,2,2,35.2,434,-4,
,"2021. 4.11",阪神,2阪6,未勝利,未勝利,6,9,ルージュジャドール,牝,3,吉田隼人, 54 ,13,11,１, ,ダ2000,良,,(栗),矢作芳人,2090,-0.3,9,7,6,39.5,430,-10,
,"2021. 4.11",阪神,2阪6,未勝利,未勝利,4,6,サトノテンペスト,牡,3,太宰啓介, 56 ,15,4,１, ,ダ1400,良,,(栗),高橋亮,1252,-0.4,,5,4,36.9,498,+4,B
,"2021. 4.11",阪神,2阪6,未勝利,未勝利・牝,2,2,セイウンノウヒメ,牝,3,幸英明, 54 ,15,5,１, ,ダ1200,良,,(栗),新谷功一,1130,-0.3,,1,1,37.5,452,+2,
,"2021. 4.10",阪神,2阪5,2勝,２勝ｸﾗｽ,4,7,シャイニーブランコ,牡,5,川田将雅, 57 ,16,1,１, ,ダ1200,良,,(栗),小林真也,1115,-0.0,,9,8,36.4,450,+4,
,"2021. 4.10",阪神,2阪5,Ｇ２,阪神牝馬G2,7,10,デゼル,牝,4,川田将雅, 54 ,12,1,１, 外,芝1600,良,,(栗),友道康夫,1320,-0.0,,8,8,32.5,476,-6,
,"2021. 4.10",阪神,2阪5,3勝,難波ＳＨ･3勝,4,4,スマートリアン,牝,4,池添謙一, 54 ,12,2,１, 外,芝1800,良,,(栗),石橋守,1460,-0.0,,5,6,32.3,476,+2,
,"2021. 4.10",阪神,2阪5,3勝,難波ＳＨ･3勝,8,11,ファルコニア,牡,4,川田将雅, 56 ,12,1,１, 外,芝1800,良,,(栗),高野友和,1460,-0.0,,3,2,32.5,456,+2,
,"2021. 4.10",阪神,2阪5,2勝,千里山特･2勝,4,4,エヒト,牡,4,幸英明, 57 ,12,2,１, 内,芝2200,良,,(栗),森秀行,2113,-0.0,8,8,7,33.9,458,+2,
,"2021. 4.10",阪神,2阪5,1勝,１勝ｸﾗｽ,4,8,フェアレストアイル,牝,4,川田将雅, 55 ,16,1,１, ,ダ1400,良,,(栗),中内田充,1242,-0.4,,4,4,36.6,448,+2,
,"2021. 4.10",阪神,2阪5,1勝,１勝ｸﾗｽ・牝,8,10,ラフリッグフェル,牝,4,福永祐一, 55 ,11,1,１, ,ダ1800,良,,(栗),寺島良,1526,-0.8,1,1,1,36.8,436,-4,
,"2021. 4.10",阪神,2阪5,1勝,１勝ｸﾗｽ*,2,2,リプレーザ,牡,3,幸英明, 56 ,11,3,１, 内,芝1200,良,,(栗),大根田裕,1084,-0.0,,11,10,32.9,488,+2,
,"2021. 4.10",阪神,2阪5,1勝,１勝ｸﾗｽ*,5,9,ホッコーハナミチ,牡,3,浜中俊, 56 ,16,6,１, ,ダ1800,良,,(栗),長谷川浩,1530,-0.1,7,6,5,37.6,468,-4,
,"2021. 4.10",阪神,2阪5,未勝利,障害未勝利,8,13,トワイライトタイム,牡,6,平沢健治, 60 ,13,1,１, ,ダ2970,良,,(栗),五十嵐忠,3252,-0.2,1,1,1,13.8,486,+6,
,"2021. 4.10",阪神,2阪5,未勝利,未勝利,1,2,サトノマジェスタ,牡,3,和田竜二, 56 ,16,1,１, 内,芝2000,良,,(栗),音無秀孝,2008,-0.0,4,3,3,34.9,482,0,
,"2021. 4.10",阪神,2阪5,未勝利,未勝利,3,4,インテグラルシチー,牡,3,和田竜二, 56 ,15,3,１, ,ダ1800,良,,(栗),牧田和弥,1551,-0.1,1,1,2,38.0,516,+2,
,"2021. 4.10",阪神,2阪5,未勝利,未勝利・牝,4,5,サンバデジャネイロ,牝,3,藤岡康太, 54 ,14,4,１, ,ダ1800,良,,(栗),奥村豊,1558,-0.0,10,10,7,37.3,444,-4,
,"2021. 4. 4",阪神,2阪4,3勝,鳴門Ｓ･3勝,2,3,コカボムクイーン,牝,6,三浦皇成, 55 ,16,6,１, ,ダ1400,重,,(栗),庄野靖志,1239,-0.1,,16,14,35.6,480,-4,
,"2021. 4. 4",阪神,2阪4,Ｇ１,大阪杯G1,6,8,レイパパレ,牝,4,川田将雅, 55 ,13,4,１, 内,芝2000,重,,(栗),高野友和,2016,-0.7,1,1,1,36.8,422,-2,
,"2021. 4. 4",阪神,2阪4,3勝,淀屋橋Ｈ･3勝,8,15,ビオグラフィー,牝,4,藤岡康太, 52 ,16,4,１, 内,芝1200,稍,,(栗),藤岡健一,1101,-0.1,,5,5,35.4,484,-4,B
,"2021. 4. 4",阪神,2阪4,2勝,明石特別･2勝,6,6,ニホンピロスクーロ,セ,4,小牧太, 57 ,9,4,１, 内,芝2000,稍,,(栗),服部利之,2014,-1.4,1,1,1,35.3,496,0,
,"2021. 4. 4",阪神,2阪4,2勝,２勝ｸﾗｽ,4,7,ダイシンイナリ,牡,4,岩田康誠, 57 ,16,5,１, ,ダ1400,稍,,(栗),吉田直弘,1246,-0.1,,10,10,36.8,526,0,
,"2021. 4. 4",阪神,2阪4,2勝,２勝ｸﾗｽ・牝,7,13,ルコントブルー,牝,4,岩田康誠, 55 ,15,6,１, ,ダ1800,良,,(美),勢司和浩,1526,-0.3,5,5,4,38.1,544,-10,
,"2021. 4. 4",阪神,2阪4,1勝,１勝ｸﾗｽ,7,9,エブリワンブラック,牡,4,ルメール, 57 ,12,1,１, ,ダ2000,良,,(栗),武幸四郎,2075,-0.4,6,4,3,38.3,480,-2,B
,"2021. 4. 4",阪神,2阪4,1勝,１勝ｸﾗｽ*,2,3,ジュンブルースカイ,牡,3,川田将雅, 56 ,16,1,１, 外,芝1600,良,*,(栗),友道康夫,1335,-0.0,,12,10,33.9,442,+2,
,"2021. 4. 4",阪神,2阪4,未勝利,未勝利,6,11,テーオーロイヤル,牡,3,菱田裕二, 56 ,16,5,１, 外,芝2400,良,,(栗),岡田稲男,2284,-0.1,7,8,8,33.7,450,+6,
,"2021. 4. 4",阪神,2阪4,未勝利,未勝利,6,12,ワンダースティング,牡,3,高倉稜, 56 ,16,5,１, ,ダ1800,良,*,(栗),渡辺薫彦,1546,-0.0,3,3,2,38.3,508,,
,"2021. 4. 4",阪神,2阪4,未勝利,未勝利,5,10,チェックメイト,牡,3,吉田隼人, 56 ,16,6,１, ,ダ1200,良,,(栗),武幸四郎,1133,-0.0,,3,2,37.9,504,-2,
,"2021. 4. 4",阪神,2阪4,未勝利,未勝利・牝,4,6,ヴェールアップ,牝,3,川田将雅, 54 ,14,1,１, ,ダ1800,良,,(栗),橋口慎介,1540,-0.0,2,2,2,37.8,466,-6,
,"2021. 4. 3",阪神,2阪3,2勝,２勝ｸﾗｽ,5,8,ヴェルテックス,牡,4,西村淳也, 57 ,14,1,１, ,ダ1800,良,,(栗),吉岡辰弥,1519,-0.2,2,2,2,37.2,526,+8,B
,"2021. 4. 3",阪神,2阪3,OP(L),コーラＨ(L),4,8,リアンヴェリテ,牡,7,国分恭介, 57 ,16,5,１, ,ダ1400,良,,(栗),中竹和也,1230,-0.4,,1,1,37.4,488,+2,
,"2021. 4. 3",阪神,2阪3,2勝,仲春特別･2勝,2,2,リアンティサージュ,牡,4,福永祐一, 57 ,9,1,１, 内,芝1400,良,,(栗),須貝尚介,1210,-0.0,,3,3,34.1,456,-6,
,"2021. 4. 3",阪神,2阪3,1勝,アザレア･1勝,1,1,リーブルミノル,牡,3,松山弘平, 56 ,8,3,１, 外,芝2400,良,,(栗),本田優,2263,-0.2,4,4,5,33.9,472,+8,
,"2021. 4. 3",阪神,2阪3,ｵｰﾌﾟﾝ,三木ホー,3,3,グローブシアター,牡,7,高田潤, 60 ,9,2,１, ,芝3140,良,,(栗),辻野泰之,3268,-0.6,1,1,1,13.2,454,-6,B
,"2021. 4. 3",阪神,2阪3,1勝,１勝ｸﾗｽ,2,2,ジューンステータス,牡,5,西村淳也, 57 ,13,6,１, ,ダ1200,良,,(栗),今野貞一,1122,-0.1,,2,2,36.3,496,-4,B
,"2021. 4. 3",阪神,2阪3,1勝,１勝ｸﾗｽ,8,9,ウインサンフラワー,牡,4,藤岡佑介, 57 ,10,2,１, 内,芝2000,良,,(栗),飯田雄三,1591,-1.1,1,1,1,34.8,456,+2,
,"2021. 4. 3",阪神,2阪3,1勝,１勝ｸﾗｽ*,6,12,ワイズマンハート,牡,3,小沢大仁,53▲,16,5,１, ,ダ1800,良,,(栗),松永昌博,1532,-0.6,3,3,2,38.6,468,0,
,"2021. 4. 3",阪神,2阪3,未勝利,未勝利,3,5,アメイジングタイム,牡,3,藤岡康太, 56 ,18,2,１, 外,芝1800,良,,(栗),友道康夫,1468,-0.1,,9,10,34.6,428,+4,
,"2021. 4. 3",阪神,2阪3,未勝利,未勝利,5,9,ハイモビリティ,牡,3,古川奈穂,52★,16,4,１, ,ダ1400,良,,(栗),矢作芳人,1260,-0.1,,1,1,38.3,500,0,
,"2021. 4. 3",阪神,2阪3,未勝利,未勝利,5,9,ナリタフォルテ,牡,3,富田暁,55☆,16,1,１, ,ダ1800,良,,(栗),木原一良,1545,-0.3,1,1,1,38.5,572,-2,
,"2021. 4. 3",阪神,2阪3,未勝利,未勝利・牝,2,3,メイショウホシアイ,牝,3,角田大和,51▲,16,2,１, ,ダ1400,良,,(栗),高橋亮,1254,-0.5,,3,3,37.3,466,+6,
,"2021. 3.28",阪神,2阪2,2勝,２勝ｸﾗｽ,3,5,モズダッシュスター,牡,5,角田大和,54▲,16,5,１, ,ダ1200,稍,,(栗),南井克巳,1114,-0.5,,4,4,35.9,516,+8,
,"2021. 3.28",阪神,2阪2,OP(L),六甲Ｓ(L),1,1,クリスティ,牝,4,斎藤新, 54 ,15,2,１, 外,芝1600,稍,,(栗),杉山晴紀,1338,-0.1,,1,1,35.4,486,0,
,"2021. 3.28",阪神,2阪2,3勝,御堂筋Ｓ･3勝,3,3,ディアマンミノル,牡,4,荻野極, 56 ,14,6,１, 外,芝2400,稍,,(栗),本田優,2270,-0.2,11,10,8,35.9,462,-10,
,"2021. 3.28",阪神,2阪2,2勝,四国新聞･2勝,3,3,ペプチドフシチョウ,牝,5,富田暁, 55 ,10,9,１, 内,芝2000,稍,,(栗),武英智,2021,-0.0,1,1,1,35.5,472,+2,
,"2021. 3.28",阪神,2阪2,1勝,１勝ｸﾗｽ,5,8,エターナリー,牡,4,岩田康誠, 57 ,15,1,１, ,ダ1400,稍,,(栗),辻野泰之,1247,-0.4,,3,2,37.2,452,-8,
,"2021. 3.28",阪神,2阪2,1勝,１勝ｸﾗｽ,7,9,ロータスランド,牝,4,藤岡康太, 55 ,11,1,１, 外,芝1600,稍,,(栗),辻野泰之,1343,-0.4,,3,3,34.5,468,-2,
,"2021. 3.28",阪神,2阪2,1勝,１勝ｸﾗｽ*,6,11,ディオスクーロイ,牡,3,川須栄彦, 56 ,16,2,１, ,ダ1200,稍,*,(栗),松下武士,1123,-0.3,,9,7,36.6,474,-2,
,"2021. 3.28",阪神,2阪2,未勝利,未勝利,5,6,マジカルステージ,牝,3,西村淳也, 54 ,12,2,１, 内,芝2000,稍,,(栗),須貝尚介,2023,-0.1,2,3,1,34.9,428,-6,
,"2021. 3.28",阪神,2阪2,未勝利,未勝利,6,8,モズマゾク,牡,3,国分優作, 56 ,13,4,１, ,ダ1800,良,,(栗),南井克巳,1547,-0.0,3,3,2,39.5,478,+6,
,"2021. 3.28",阪神,2阪2,未勝利,未勝利,8,11,ピーニャ,牡,3,岩田望来, 56 ,11,3,１, ,ダ2000,良,,(栗),中内田充,2088,-0.3,4,2,2,38.9,508,+4,
,"2021. 3.28",阪神,2阪2,未勝利,未勝利,6,12,メイショウカイト,牝,3,団野大成, 54 ,16,1,１, ,ダ1200,良,,(栗),荒川義之,1136,-0.0,,2,2,38.0,438,+4,
,"2021. 3.28",阪神,2阪2,未勝利,未勝利・牝,8,15,アウトオブサイト,牝,3,岩田康誠, 54 ,16,5,１, ,ダ1800,良,,(栗),斉藤崇史,1546,-1.8,14,2,2,38.7,482,-4,
,"2021. 3.27",阪神,2阪1,1勝,１勝ｸﾗｽ,5,7,ショウブ,牡,5,岩田康誠, 57 ,14,1,１, ,ダ1200,良,,(栗),加用正,1121,-0.2,,2,2,36.9,490,0,
,"2021. 3.27",阪神,2阪1,Ｇ３,毎日杯G3,6,6,シャフリヤール,牡,3,川田将雅, 56 ,9,2,１, 外,芝1800,良,,(栗),藤原英昭,1439,-0.0,,4,4,34.1,448,0,
,"2021. 3.27",阪神,2阪1,2勝,天神橋Ｈ･2勝,7,9,グランデマーレ,牡,4,藤岡佑介, 55 ,11,1,１, 外,芝1600,良,,(栗),藤岡健一,1324,-0.5,,2,2,33.4,510,+14,
,"2021. 3.27",阪神,2阪1,1勝,君子蘭賞･1勝,5,5,ニーナドレス,牝,3,川田将雅, 54 ,10,1,１, 外,芝1800,良,,(栗),友道康夫,1476,-0.0,,3,4,33.4,508,+2,
,"2021. 3.27",阪神,2阪1,1勝,１勝ｸﾗｽ,2,2,フェブタイズ,牡,5,団野大成, 57 ,12,7,１, ,ダ1800,良,,(栗),川村禎彦,1535,-0.9,1,1,1,39.1,508,-12,
,"2021. 3.27",阪神,2阪1,1勝,１勝ｸﾗｽ*,3,3,ショウリュウレーヴ,牡,3,団野大成, 56 ,11,1,１, 内,芝1400,良,,(栗),佐々木晶,1206,-0.2,,5,5,34.5,506,+6,
,"2021. 3.27",阪神,2阪1,未勝利,未勝利,5,8,サルマン,牡,3,川須栄彦, 56 ,14,5,１, ,ダ1800,良,,(栗),中尾秀正,1559,-0.3,6,6,4,39.1,494,-14,
,"2021. 3.27",阪神,2阪1,未勝利,未勝利,4,7,ラルフ,牡,3,川島信二, 56 ,16,7,１, ,ダ1400,良,,(栗),荒川義之,1260,-0.3,,13,13,37.0,488,+4,
,"2021. 3.27",阪神,2阪1,ｵｰﾌﾟﾝ,障害・オープ,4,4,マイネルオフィール,牡,9,白浜雄造, 60 ,11,3,１, ,ダ3110,良,,(栗),飯田雄三,3302,-0.4,3,2,2,13.5,524,+12,
,"2021. 3.27",阪神,2阪1,未勝利,未勝利・牝,4,7,クローズネスト,牝,3,福永祐一, 54 ,16,1,１, ,ダ1200,良,*,(栗),安田翔伍,1136,-0.2,,4,3,37.0,434,+2,
,"2021. 3.27",阪神,2阪1,未勝利,未勝利,7,14,リッケンバッカー,牡,3,ルメール, 56 ,17,1,１, 外,芝1600,良,,(栗),西村真幸,1345,-0.1,,7,1,33.4,466,+4,
,"2021. 3.27",阪神,2阪1,未勝利,障害未勝利,3,3,ジゲン,牡,4,森一馬, 59 ,12,2,１, ,ダ2970,良,,(栗),浅見秀一,3192,-0.0,2,2,2,13.4,460,+6,
,"2021. 3.21",阪神,1阪C,2勝,２勝ｸﾗｽ,5,10,チェルアルコ,牝,4,鮫島克駿, 55 ,16,7,１, ,ダ1800,不,,(栗),森田直行,1519,-0.0,2,2,1,37.2,512,-6,
,"2021. 3.21",阪神,1阪C,Ｇ２,阪神大賞G2,5,6,ディープボンド,牡,4,和田竜二, 56 ,13,3,１, 内,芝3000,重,,(栗),大久保龍,3073,-0.9,4,4,3,36.9,502,+10,
,"2021. 3.21",阪神,1阪C,3勝,なにわＨ･3勝,1,1,イモータルスモーク,牡,4,原田和真, 55 ,16,8,１, ,ダ1200,不,,(美),金成貴史,1106,-0.2,,6,5,35.3,504,-2,
,"2021. 3.21",阪神,1阪C,2勝,豊中特別･2勝,4,5,サウンドカナロア,牡,5,和田竜二, 57 ,13,7,１, 内,芝1200,重,,(栗),村山明,1096,-0.5,,1,1,35.3,474,+2,B
,"2021. 3.21",阪神,1阪C,1勝,１勝ｸﾗｽ,8,11,メイショウカクウン,牡,6,横山和生, 57 ,12,5,１, 外,芝1800,重,,(栗),石橋守,1488,-0.4,,11,11,34.9,458,+2,
,"2021. 3.21",阪神,1阪C,1勝,１勝ｸﾗｽ・牝,1,1,ブッチーニ,牝,5,藤岡佑介, 55 ,10,1,１, ,ダ1400,不,,(栗),中内田充,1239,-0.2,,6,6,36.1,440,-6,
,"2021. 3.21",阪神,1阪C,1勝,１勝ｸﾗｽ*,2,2,マリーナ,牝,3,岩田康誠, 54 ,8,2,１, 内,芝1200,重,,(栗),矢作芳人,1103,-0.5,,4,4,35.5,432,-2,
,"2021. 3.21",阪神,1阪C,未勝利,未勝利,8,9,ゲヴィナー,牡,3,福永祐一, 56 ,10,2,１, 外,芝2400,重,,(栗),藤原英昭,2323,-0.1,2,2,2,35.3,510,,
,"2021. 3.21",阪神,1阪C,未勝利,障害未勝利,3,3,テイエムチューハイ,牡,7,三津谷隼, 60 ,12,7,１, ,ダ2970,重,*,(栗),五十嵐忠,3274,-0.1,2,3,3,14.0,460,0,B
,"2021. 3.21",阪神,1阪C,未勝利,未勝利,7,7,ローズエンペラー,牡,3,ルメール, 56 ,10,1,１, ,ダ1800,不,,(栗),池江泰寿,1538,-0.0,2,2,2,38.2,500,+6,
,"2021. 3.21",阪神,1阪C,未勝利,未勝利,8,15,シゲルホサヤク,牡,3,国分恭介, 56 ,16,8,１, ,ダ1200,不,,(栗),服部利之,1115,-1.1,,3,2,36.6,466,+6,
,"2021. 3.21",阪神,1阪C,未勝利,未勝利・牝,2,2,アサケレディ,牝,3,和田竜二, 54 ,9,5,１, ,ダ1800,不,,(栗),大橋勇樹,1543,-0.0,5,2,4,38.3,458,+6,
,"2021. 3.20",阪神,1阪B,2勝,２勝ｸﾗｽ,5,10,デンコウリジエール,牡,4,武豊, 57 ,16,3,１, ,ダ1200,良,,(栗),荒川義之,1113,-0.1,,3,3,35.6,466,-2,
,"2021. 3.20",阪神,1阪B,OP(L),若葉Ｓ(L),6,6,アドマイヤハダル,牡,3,松山弘平, 56 ,10,2,１, 内,芝2000,良,,(栗),大久保龍,1595,-0.5,4,4,3,33.7,484,+8,
,"2021. 3.20",阪神,1阪B,3勝,武庫川Ｓ･3勝,8,14,エアロロノア,牡,4,松山弘平, 57 ,14,1,１, 外,芝1600,良,,(栗),笹田和秀,1321,-0.1,,7,7,33.1,498,+6,
,"2021. 3.20",阪神,1阪B,2勝,淡路特Ｈ･2勝,8,14,ディバインフォース,牡,5,松山弘平, 57 ,14,2,１, 外,芝2600,良,*,(栗),寺島良,2358,-0.5,14,14,13,34.9,462,-6,
,"2021. 3.20",阪神,1阪B,1勝,１勝ｸﾗｽ,7,7,ナムラゴロフキン,牡,4,和田竜二, 57 ,8,3,１, ,ダ1800,良,,(栗),大橋勇樹,1536,-0.2,2,2,2,38.0,494,+4,
,"2021. 3.20",阪神,1阪B,1勝,１勝ｸﾗｽ,8,11,カイルアコナ,牝,4,松山弘平, 55 ,11,1,１, ,ダ1200,良,,(栗),高橋義忠,1122,-0.0,,2,2,37.0,458,+2,
,"2021. 3.20",阪神,1阪B,1勝,１勝ｸﾗｽ*,7,13,ウェルドーン,牝,3,武豊, 54 ,15,2,１, ,ダ1800,良,,(栗),角田晃一,1532,-0.5,6,3,4,38.4,486,-4,
,"2021. 3.20",阪神,1阪B,未勝利,未勝利,2,4,アンフィニドール,牝,3,川島信二, 54 ,16,6,１, 外,芝1800,良,,(栗),矢作芳人,1463,-0.1,,9,9,33.4,476,,
,"2021. 3.20",阪神,1阪B,未勝利,未勝利,8,9,ポルタフォリオ,牡,3,松山弘平, 56 ,9,1,１, ,ダ1800,良,,(栗),角田晃一,1545,-1.5,1,1,1,38.0,496,+2,
,"2021. 3.20",阪神,1阪B,未勝利,未勝利,3,5,スカリーワグ,牡,3,北村友一, 56 ,16,1,１, ,ダ1400,良,,(栗),藤原英昭,1249,-0.1,,1,1,36.9,504,0,
,"2021. 3.20",阪神,1阪B,未勝利,未勝利,6,6,アナゴサン,牡,3,古川吉洋, 56 ,8,1,１, ,ダ2000,良,,(栗),牧田和弥,2086,-0.2,3,4,2,40.0,462,0,
,"2021. 3.20",阪神,1阪B,未勝利,未勝利・牝,5,9,トーホウジュナール,牝,3,岩田康誠, 54 ,16,1,１, ,ダ1400,良,,(栗),高橋亮,1263,-0.1,,3,3,38.8,456,-2,
,"2021. 3.14",阪神,1阪A,2勝,２勝ｸﾗｽ,5,9,オーロラテソーロ,牡,4,鮫島克駿, 57 ,16,3,１, ,ダ1400,稍,,(美),畠山吉宏,1237,-0.3,,2,2,37.0,490,-10,
,"2021. 3.14",阪神,1阪A,Ｇ２,フィリーG2,3,5,シゲルピンクルビー,牝,3,和田竜二, 54 ,18,8,１, 内,芝1400,良,*,(栗),渡辺薫彦,1207,-0.1,,6,7,35.1,464,-6,
,"2021. 3.14",阪神,1阪A,3勝,伊丹ＳＨ･3勝,6,9,タマモサンシーロ,牡,5,藤岡康太, 54 ,13,4,１, ,ダ1800,稍,,(栗),大橋勇樹,1514,-0.0,2,2,1,36.4,520,-2,
,"2021. 3.14",阪神,1阪A,2勝,春日特別･2勝,2,2,ファルコニア,牡,4,吉田隼人, 57 ,7,2,１, 外,芝1800,良,,(栗),高野友和,1456,-0.4,,1,1,34.0,454,+4,
,"2021. 3.14",阪神,1阪A,1勝,１勝ｸﾗｽ,6,6,エールブラーヴ,牡,4,松若風馬, 57 ,9,4,１, 内,芝2000,良,,(栗),橋口慎介,2007,-0.1,2,2,2,34.9,472,+8,
,"2021. 3.14",阪神,1阪A,1勝,１勝ｸﾗｽ*,1,1,ワーズワース,牡,3,武豊, 56 ,16,1,１, ,ダ1400,稍,,(栗),清水久詞,1237,-0.1,,14,11,36.3,498,-10,
,"2021. 3.14",阪神,1阪A,1勝,１勝ｸﾗｽ,6,6,テイエムホイッスル,牡,4,岩田康誠, 57 ,7,1,１, ,ダ1800,稍,,(栗),飯田雄三,1528,-0.3,3,2,2,36.5,486,-10,
,"2021. 3.14",阪神,1阪A,未勝利,未勝利,5,9,サトノラムセス,牡,3,岩田康誠, 56 ,16,1,１, 外,芝1600,稍,,(栗),橋口慎介,1342,-0.0,,14,14,34.2,462,-4,
,"2021. 3.14",阪神,1阪A,未勝利,未勝利,3,3,ミッキーヌチバナ,牡,3,太宰啓介, 56 ,9,3,１, ,ダ1800,重,,(栗),高橋亮,1530,-0.1,6,4,3,37.7,530,-8,
,"2021. 3.14",阪神,1阪A,未勝利,未勝利,4,8,ローウェル,牡,3,団野大成, 56 ,16,2,１, ,ダ1400,重,,(栗),斉藤崇史,1249,-0.4,,1,1,39.5,544,+6,
,"2021. 3.14",阪神,1阪A,未勝利,未勝利,4,4,サンライズゴラッソ,牡,3,丸山元気, 56 ,9,1,１, ,ダ2000,重,,(栗),河内洋,2079,-0.3,5,3,2,38.5,498,-10,
,"2021. 3.14",阪神,1阪A,未勝利,未勝利・牝,7,14,コウバコ,牝,3,幸英明, 54 ,16,4,１, ,ダ1200,重,,(栗),北出成人,1125,-0.1,,6,6,36.8,464,0,
,"2021. 3.13",阪神,1阪9,2勝,２勝ｸﾗｽ,1,1,スコルピウス,セ,5,川田将雅, 57 ,11,1,１, ,ダ2000,重,,(栗),武幸四郎,2045,-0.0,6,4,4,37.2,470,0,B
,"2021. 3.13",阪神,1阪9,ｵｰﾌﾟﾝ,ポラリス,2,3,ラプタス,セ,5,幸英明, 58 ,16,4,１, ,ダ1400,重,,(栗),松永昌博,1221,-0.2,,3,2,36.2,470,-2,
,"2021. 3.13",阪神,1阪9,3勝,但馬ＳＨ･3勝,8,10,ダノンマジェスティ,牡,6,川田将雅, 57 ,10,1,１, 内,芝2000,稍,,(栗),音無秀孝,2007,-0.1,2,2,2,36.5,498,+8,
,"2021. 3.13",阪神,1阪9,1勝,ゆきやな･1勝,7,9,レッドジェネシス,牡,3,川田将雅, 56 ,11,1,１, 外,芝2400,稍,,(栗),友道康夫,2279,-0.7,11,3,3,36.0,488,0,
,"2021. 3.13",阪神,1阪9,ＪＧ２,阪神スプJG2,4,4,メイショウダッサイ,牡,8,森一馬, 62 ,8,1,１, ,芝3900,稍,,(栗),飯田祐史,4246,-1.1,3,3,1,13.6,504,-8,
,"2021. 3.13",阪神,1阪9,1勝,１勝ｸﾗｽ,2,2,ダイメイコスモス,牡,5,鮫島克駿, 57 ,9,2,１, ,ダ1400,重,,(栗),森田直行,1239,-0.4,,4,4,36.8,508,-6,
,"2021. 3.13",阪神,1阪9,1勝,１勝ｸﾗｽ*,7,7,バスラットレオン,牡,3,古川奈穂,52★,10,1,１, 外,芝1600,稍,,(栗),矢作芳人,1342,-0.4,,1,1,34.6,480,+2,
,"2021. 3.13",阪神,1阪9,未勝利,未勝利,7,12,プログノーシス,牡,3,川田将雅, 56 ,15,1,１, 内,芝2000,稍,,(栗),中内田充,2020,-0.2,7,7,5,35.1,480,,
,"2021. 3.13",阪神,1阪9,未勝利,未勝利,1,2,リプレーザ,牡,3,幸英明, 56 ,16,1,１, ,ダ1400,不,,(栗),大根田裕,1244,-0.2,,4,5,37.2,486,-4,
,"2021. 3.13",阪神,1阪9,未勝利,未勝利,8,8,ラジョーネ,牡,3,幸英明, 56 ,9,2,１, ,ダ1800,不,,(栗),渡辺薫彦,1542,-1.1,5,3,3,38.2,492,-2,
,"2021. 3.13",阪神,1阪9,未勝利,未勝利,7,14,イルデレーヴ,牡,3,石橋脩, 56 ,16,1,１, ,ダ1200,不,,(栗),池添学,1116,-0.1,,5,4,36.8,478,0,
,"2021. 3.13",阪神,1阪9,未勝利,未勝利・牝,4,4,キオネヴェリテ,牝,3,鮫島良太, 54 ,9,3,１, ,ダ1800,不,,(栗),中竹和也,1543,-0.1,8,7,6,37.8,506,-4,
,"2021. 3. 7",阪神,1阪8,2勝,２勝ｸﾗｽ,4,8,ピアシック,牡,5,武豊, 57 ,16,1,１, ,ダ1200,稍,,(栗),森秀行,1118,-0.2,,13,13,35.3,500,+2,
,"2021. 3. 7",阪神,1阪8,OP(L),大阪城Ｈ(L),4,8,ヒンドゥタイムズ,牡,5,福永祐一, 56 ,16,1,１, 外,芝1800,良,*,(栗),斉藤崇史,1461,-0.1,,7,8,33.6,478,+8,
,"2021. 3. 7",阪神,1阪8,3勝,うずしお･3勝,6,9,ソシアルクラブ,牝,6,松山弘平, 55 ,13,2,１, 外,芝1600,良,,(栗),池添学,1331,-0.2,,2,2,33.6,492,+10,B
,"2021. 3. 7",阪神,1阪8,1勝,アルメリ･1勝,7,7,オヌール,牝,3,武豊, 54 ,7,1,１, 外,芝1800,良,,(栗),友道康夫,1498,-0.1,,3,3,32.7,412,-6,
,"2021. 3. 7",阪神,1阪8,1勝,１勝ｸﾗｽ,3,3,トゥルブレンシア,牡,4,武豊, 57 ,9,2,１, ,ダ1800,稍,*,(栗),藤沢則雄,1537,-0.5,6,6,5,36.8,466,0,
,"2021. 3. 7",阪神,1阪8,1勝,１勝ｸﾗｽ・牝,6,10,レッドモアナ,牝,5,森裕太朗, 55 ,14,1,１, ,ダ1200,稍,,(栗),坂口智康,1132,-0.2,,14,14,35.8,448,-4,
,"2021. 3. 7",阪神,1阪8,1勝,１勝ｸﾗｽ*,7,8,ユアヒストリー,牡,3,団野大成,55☆,11,5,１, ,ダ1800,稍,,(栗),池添学,1531,-1.1,3,3,2,38.9,460,+8,
,"2021. 3. 7",阪神,1阪8,未勝利,未勝利,4,4,アルバーシャ,牡,3,幸英明, 56 ,12,1,１, 内,芝2200,良,,(栗),岡田稲男,2143,-0.1,3,3,3,36.0,506,+4,
,"2021. 3. 7",阪神,1阪8,未勝利,未勝利,7,8,シンゼンミラクル,牡,3,太宰啓介, 56 ,10,9,１, ,ダ1800,稍,,(栗),飯田祐史,1565,-0.5,7,4,3,38.8,518,-2,
,"2021. 3. 7",阪神,1阪8,未勝利,未勝利,4,8,ウインアキレウス,牡,3,松山弘平, 56 ,16,3,１, ,ダ1400,稍,,(栗),加用正,1259,-0.3,,2,3,38.0,478,-6,
,"2021. 3. 7",阪神,1阪8,未勝利,未勝利,6,6,ミステリーウェイ,セ,3,中井裕二, 56 ,8,3,１, ,ダ2000,稍,,(栗),安田隆行,2078,-0.2,1,1,1,39.2,474,-6,B
,"2021. 3. 7",阪神,1阪8,未勝利,未勝利・牝,1,2,メイショウツワブキ,牝,3,和田竜二, 54 ,16,1,１, ,ダ1400,稍,,(栗),南井克巳,1260,-0.3,,7,5,37.7,482,+22,
,"2021. 3. 6",阪神,1阪7,2勝,２勝ｸﾗｽ,8,11,ドスハーツ,牡,4,小沢大仁,54▲,11,1,１, ,ダ1800,稍,,(栗),松永昌博,1531,-0.4,10,8,8,36.6,470,-8,
,"2021. 3. 6",阪神,1阪7,Ｇ２,チューリG2,1,1,メイケイエール,牝,3,武豊, 54 ,12,1,１, 外,芝1600,稍,,(栗),武英智,1338,-0.0,,4,1,34.8,462,+4,
,"2021. 3. 6",阪神,1阪7,Ｇ２,チューリG2,5,5,エリザベスタワー,牝,3,川田将雅, 54 ,12,3,１, 外,芝1600,稍,,(栗),高野友和,1338,-0.0,,4,3,34.3,506,-6,
,"2021. 3. 6",阪神,1阪7,3勝,播磨Ｓ･3勝,6,12,グレートウォリアー,牡,6,福永祐一, 57 ,16,2,１, ,ダ1400,稍,,(栗),藤原英昭,1234,-0.2,,8,5,36.7,526,+14,
,"2021. 3. 6",阪神,1阪7,2勝,小豆島特･2勝,7,8,タンタラス,牝,5,岩田康誠, 55 ,10,5,１, 外,芝1600,稍,,(栗),池添学,1330,-0.7,,3,4,33.7,478,-10,B
,"2021. 3. 6",阪神,1阪7,2勝,２勝ｸﾗｽ・牝,3,3,ルビーカサブランカ,牝,4,川田将雅, 55 ,8,1,１, 内,芝2000,稍,,(栗),須貝尚介,2014,-0.3,5,4,4,34.5,458,+4,
,"2021. 3. 6",阪神,1阪7,1勝,１勝ｸﾗｽ,3,5,シュガーサンダー,牡,5,福永祐一, 57 ,15,1,１, ,ダ1400,稍,,(栗),藤岡健一,1242,-0.2,,2,2,36.8,498,+4,
,"2021. 3. 6",阪神,1阪7,1勝,１勝ｸﾗｽ,6,6,シンゼンデレヤ,牡,4,城戸義政, 57 ,8,2,１, ,ダ2000,稍,,(栗),荒川義之,2076,-0.0,3,1,1,37.0,534,-4,
,"2021. 3. 6",阪神,1阪7,1勝,１勝ｸﾗｽ*,2,2,ミスズグランドオー,牡,3,川田将雅, 56 ,14,1,１, ,ダ1200,稍,,(美),伊藤圭三,1118,-0.1,,1,1,36.9,480,+2,B
,"2021. 3. 6",阪神,1阪7,未勝利,未勝利,2,3,ウエストンバート,牡,3,幸英明, 56 ,16,8,１, 外,芝1600,稍,,(栗),吉岡辰弥,1353,-0.2,,1,1,35.5,534,-4,
,"2021. 3. 6",阪神,1阪7,未勝利,未勝利,6,7,ヴィクトリオン,牡,3,岩田康誠, 56 ,12,3,１, ,ダ1800,稍,,(栗),羽月友彦,1547,-0.0,2,2,2,38.8,500,+6,
,"2021. 3. 6",阪神,1阪7,未勝利,未勝利,8,16,ロコポルティ,牡,3,和田竜二, 56 ,16,1,１, ,ダ1200,稍,,(栗),西園正都,1123,-0.9,,2,2,37.4,502,-12,
,"2021. 3. 6",阪神,1阪7,未勝利,未勝利・牝,8,10,メイショウホタルビ,牝,3,小沢大仁,51▲,11,4,１, ,ダ1800,稍,,(栗),大橋勇樹,1549,-0.5,2,2,1,38.8,428,-2,
,"2021. 2.28",阪神,1阪6,2勝,２勝ｸﾗｽ,5,10,トップオブメジャー,牡,5,吉田隼人, 57 ,16,9,１, ,ダ1400,良,,(栗),武幸四郎,1244,-0.4,,3,3,37.6,486,+2,
,"2021. 2.28",阪神,1阪6,Ｇ３,阪急杯G3,4,8,レシステンシア,牝,4,北村友一, 54 ,17,1,１, 内,芝1400,良,,(栗),松下武士,1192,-0.3,,1,1,33.8,508,+8,
,"2021. 2.28",阪神,1阪6,OP(L),すみれＳ(L),8,8,ディープモンスター,牡,3,武豊, 56 ,8,1,１, 内,芝2200,良,,(栗),池江泰寿,2124,-0.4,7,6,6,34.6,452,-4,
,"2021. 2.28",阪神,1阪6,3勝,甲南Ｓ･3勝,6,7,ウインフォルティス,牡,6,和田竜二, 57 ,11,3,１, ,ダ2000,良,,(栗),加用正,2053,-0.1,5,4,3,36.9,508,+2,
,"2021. 2.28",阪神,1阪6,2勝,２勝ｸﾗｽ,6,6,アドマイヤポラリス,牡,5,福永祐一, 57 ,7,1,１, 外,芝2400,良,,(栗),友道康夫,2241,-0.7,4,4,3,34.2,490,+8,
,"2021. 2.28",阪神,1阪6,1勝,１勝ｸﾗｽ,8,8,サイモンルモンド,セ,4,幸英明, 56 ,9,2,１, ,ダ1800,良,,(栗),松田国英,1530,-0.0,9,9,8,36.8,440,-4,
,"2021. 2.28",阪神,1阪6,1勝,１勝ｸﾗｽ・牝*,1,2,クインズメリッサ,牝,3,藤懸貴志, 54 ,16,3,１, ,ダ1400,良,,(栗),宮本博,1257,-0.0,,1,1,38.7,466,+10,
,"2021. 2.28",阪神,1阪6,未勝利,未勝利,4,7,アウスヴァール,牡,3,古川吉洋, 56 ,16,8,１, 内,芝2000,良,,(栗),昆貢,2021,-0.0,1,1,1,34.6,478,+4,
,"2021. 2.28",阪神,1阪6,未勝利,未勝利・牝,4,7,シュレンヌ,牝,3,岩田望来, 54 ,16,4,１, 外,芝1800,良,,(栗),安田翔伍,1466,-0.1,,15,15,33.1,410,,
,"2021. 2.28",阪神,1阪6,未勝利,未勝利,6,7,リヴェット,牡,3,福永祐一, 56 ,11,1,１, ,ダ1800,良,,(栗),上村洋行,1555,-0.4,8,6,4,37.7,480,0,
,"2021. 2.28",阪神,1阪6,未勝利,未勝利,3,5,ミッキークイック,牡,3,武豊, 56 ,16,2,１, ,ダ1200,良,,(栗),大久保龍,1142,-0.4,,2,2,38.0,508,-4,
,"2021. 2.28",阪神,1阪6,未勝利,未勝利・牝,8,13,パレドジュスティス,牝,3,福永祐一, 54 ,13,2,１, ,ダ1800,良,,(栗),西村真幸,1561,-0.7,5,2,1,37.7,458,-2,
,"2021. 2.27",阪神,1阪5,2勝,２勝ｸﾗｽ,6,7,ルプリュフォール,セ,5,武豊, 57 ,12,2,１, 内,芝1400,良,,(栗),松永幹夫,1200,-0.2,,12,11,33.8,486,-4,
,"2021. 2.27",阪神,1阪5,OP(L),仁川ＳＨ(L),2,4,マイネルユキツバキ,牡,6,川田将雅, 56 ,16,3,１, ,ダ2000,良,,(美),高木登,2045,-0.1,6,5,4,37.8,534,0,
,"2021. 2.27",阪神,1阪5,OP(L),マーガレ(L),6,6,アスコルターレ,牡,3,北村友一, 56 ,11,2,１, 内,芝1200,良,,(栗),西村真幸,1085,-0.1,,11,11,33.7,452,-6,
,"2021. 2.27",阪神,1阪5,3勝,松籟ＳＨ･3勝,8,13,ディアスティマ,牡,4,北村友一, 56 ,14,2,１, 内,芝3200,良,,(栗),高野友和,3149,-0.5,1,1,1,36.1,498,+6,B
,"2021. 2.27",阪神,1阪5,2勝,２勝ｸﾗｽ・牝,5,6,ラヴォアドゥース,牝,4,和田竜二, 54 ,12,4,１, ,ダ1800,良,,(栗),渡辺薫彦,1551,-0.2,1,1,1,36.2,474,-2,
,"2021. 2.27",阪神,1阪5,1勝,１勝ｸﾗｽ,3,5,トライハード,牝,4,幸英明, 55 ,16,2,１, ,ダ1200,良,,(栗),松田国英,1127,-0.0,,13,12,36.2,466,-2,
,"2021. 2.27",阪神,1阪5,1勝,１勝ｸﾗｽ・牝,1,1,ヴィネット,牝,4,松若風馬, 54 ,10,1,１, ,ダ1800,良,,(栗),音無秀孝,1541,-0.9,1,1,1,39.0,492,-2,
,"2021. 2.27",阪神,1阪5,未勝利,未勝利,6,12,ロードラスター,牡,3,福永祐一, 56 ,16,1,１, 外,芝1600,良,,(栗),千田輝彦,1338,-0.1,,9,9,33.6,502,-4,
,"2021. 2.27",阪神,1阪5,未勝利,未勝利,1,1,メイショウアツイタ,牡,3,和田竜二, 56 ,10,7,１, ,ダ1800,良,,(栗),高橋義忠,1552,-0.0,2,2,2,37.5,482,-4,
,"2021. 2.27",阪神,1阪5,未勝利,未勝利,1,2,イフティファール,牡,3,武豊, 56 ,16,3,１, ,ダ1400,良,,(栗),大久保龍,1261,-0.1,,13,10,37.0,474,0,
,"2021. 2.27",阪神,1阪5,未勝利,未勝利,1,1,ナムラスワガー,牡,3,田中健, 56 ,9,9,１, ,ダ1800,良,,(栗),荒川義之,1557,-0.0,3,3,3,37.7,508,-10,
,"2021. 2.27",阪神,1阪5,未勝利,未勝利・牝,4,7,ミラクル,牝,3,荻野極, 54 ,16,2,１, ,ダ1200,良,,(栗),加用正,1135,-0.1,,2,2,37.4,458,+2,
,"2021. 2.21",阪神,1阪4,1勝,１勝ｸﾗｽ,3,5,タイガーサイレンス,牡,4,柴山雄一, 57 ,16,2,１, ,ダ1400,良,,(栗),大橋勇樹,1254,-0.1,,3,3,37.6,454,-2,
,"2021. 2.21",阪神,1阪4,ｵｰﾌﾟﾝ,大和ＳＨ,1,1,リュウノユキナ,牡,6,柴田善臣, 56 ,15,2,１, ,ダ1200,良,,(美),小野次郎,1114,-0.2,,4,4,36.4,504,0,B
,"2021. 2.21",阪神,1阪4,3勝,斑鳩Ｓ･3勝,7,9,カイザーミノル,牡,5,荻野極, 57 ,12,2,１, 内,芝1400,良,*,(栗),北出成人,1203,-0.1,,8,7,34.0,462,-6,B
,"2021. 2.21",阪神,1阪4,2勝,川西特別･2勝,7,10,フィロロッソ,牡,4,斎藤新, 56 ,12,5,１, ,ダ1800,良,,(栗),中竹和也,1531,-0.5,8,7,5,36.9,476,0,
,"2021. 2.21",阪神,1阪4,2勝,２勝ｸﾗｽ,2,2,エアファンディタ,牡,4,岩田望来, 57 ,8,1,１, 外,芝1600,良,,(栗),池添学,1337,-0.0,,7,7,33.4,458,-4,
,"2021. 2.21",阪神,1阪4,1勝,１勝ｸﾗｽ,8,11,エカテリンブルク,牡,4,岩田望来, 56 ,11,1,１, ,ダ2000,良,,(栗),友道康夫,2086,-0.2,6,3,3,39.0,510,-8,
,"2021. 2.21",阪神,1阪4,1勝,１勝ｸﾗｽ*,2,2,グレイイングリーン,牡,3,岩田望来, 56 ,11,1,１, 内,芝1400,良,,(栗),池江泰寿,1205,-0.2,,5,6,34.4,486,-8,
,"2021. 2.21",阪神,1阪4,未勝利,未勝利,6,12,トーホウディアス,牡,3,国分優作, 56 ,16,4,１, 外,芝1800,良,,(栗),南井克巳,1460,-0.1,,1,1,35.5,442,+2,
,"2021. 2.21",阪神,1阪4,新馬,新馬,5,9,クインズバジル,牝,3,岩田望来, 54 ,16,13,１, ,ダ1800,良,,(栗),梅田智之,1562,-0.5,2,2,2,37.9,456,,
,"2021. 2.21",阪神,1阪4,未勝利,未勝利・牝,1,2,スカーレットスカイ,牝,3,国分恭介, 54 ,16,4,１, ,ダ1400,良,,(栗),岡田稲男,1256,-0.7,,2,2,38.4,464,-6,
,"2021. 2.21",阪神,1阪4,未勝利,未勝利,6,12,ヴォワドアンジェ,牝,3,三浦皇成, 54 ,16,1,１, ,ダ1800,良,,(栗),中竹和也,1552,-0.9,2,2,2,38.1,454,0,
,"2021. 2.21",阪神,1阪4,未勝利,未勝利,4,7,ヴァガボンド,牡,3,岩田望来, 56 ,16,1,１, ,ダ1200,良,,(栗),清水久詞,1128,-1.6,,1,1,36.7,460,+2,
,"2021. 2.20",阪神,1阪3,2勝,２勝ｸﾗｽ,6,12,マティアス,牡,4,武豊, 57 ,16,1,１, ,ダ1200,良,,(栗),本田優,1121,-0.1,,6,5,36.6,494,-2,
,"2021. 2.20",阪神,1阪3,Ｇ３,京都牝馬G3,2,4,イベリス,牝,5,酒井学, 54 ,16,3,１, 内,芝1400,良,,(栗),角田晃一,1200,-0.3,,1,1,34.3,484,+6,
,"2021. 2.20",阪神,1阪3,3勝,橿原Ｓ･3勝,4,7,サイクロトロン,牡,4,北村友一, 57 ,16,1,１, ,ダ1200,良,,(栗),音無秀孝,1114,-0.2,,2,2,37.0,532,+2,B
,"2021. 2.20",阪神,1阪3,1勝,つばき賞･1勝,4,4,ヴィゴーレ,牡,3,田辺裕信, 56 ,10,4,１, 外,芝1800,良,,(栗),松永幹夫,1462,-0.1,,10,9,33.4,468,+12,
,"2021. 2.20",阪神,1阪3,1勝,１勝ｸﾗｽ,8,10,スワーヴシールズ,セ,4,幸英明, 56 ,10,1,１, ,ダ1800,良,,(栗),昆貢,1558,-0.0,2,2,2,36.8,496,+4,
,"2021. 2.20",阪神,1阪3,1勝,１勝ｸﾗｽ,6,11,リアンティサージュ,牡,4,団野大成,56☆,15,2,１, 外,芝1600,良,,(栗),須貝尚介,1329,-0.5,,1,1,34.3,464,+4,
,"2021. 2.20",阪神,1阪3,1勝,１勝ｸﾗｽ*,4,4,ゴールドハイアー,牡,3,福永祐一, 56 ,10,1,１, ,ダ1800,良,*,(栗),大久保龍,1534,-0.9,5,5,3,38.6,478,+4,
,"2021. 2.20",阪神,1阪3,未勝利,未勝利,2,2,レッドカムイ,牡,3,田辺裕信, 56 ,12,5,１, 外,芝2400,良,,(栗),松永幹夫,2267,-0.0,3,3,3,34.7,536,,
,"2021. 2.20",阪神,1阪3,新馬,新馬,1,2,メイショウサトワ,牡,3,北村友一, 56 ,16,8,１, ,ダ1400,良,,(栗),西浦勝一,1275,-0.3,,2,2,39.7,508,,
,"2021. 2.20",阪神,1阪3,未勝利,未勝利,8,13,プルミエロール,牡,3,幸英明, 56 ,14,3,１, ,ダ2000,良,,(栗),寺島良,2093,-0.1,8,5,1,39.9,474,-8,B
,"2021. 2.20",阪神,1阪3,未勝利,未勝利,8,15,フルヴォート,牡,3,松山弘平, 56 ,16,1,１, ,ダ1400,良,,(栗),西村真幸,1255,-0.4,,4,2,38.0,496,+2,
,"2021. 2.20",阪神,1阪3,未勝利,未勝利・牝,6,11,コントゥール,牝,3,福永祐一, 54 ,15,2,１, ,ダ1800,良,,(栗),高柳大輔,1566,-0.0,7,6,4,40.0,460,0,B
,"2021. 2.14",阪神,1阪2,2勝,２勝ｸﾗｽ,4,6,リュウノゾロ,セ,4,菅原隆一, 57 ,14,7,１, ,ダ1400,良,,(美),小野次郎,1247,-0.0,,2,2,37.7,476,-8,
,"2021. 2.14",阪神,1阪2,Ｇ２,京都記念G2,4,4,ラヴズオンリーユー,牝,5,川田将雅, 54 ,11,1,１, 内,芝2200,良,*,(栗),矢作芳人,2104,-0.2,4,4,3,34.7,478,-2,
,"2021. 2.14",阪神,1阪2,3勝,加古川Ｓ･3勝,3,5,ライトウォーリア,牡,4,岩田望来, 56 ,15,2,１, ,ダ1800,良,,(栗),高野友和,1525,-0.0,2,2,1,37.2,504,+2,
,"2021. 2.14",阪神,1阪2,1勝,こぶし賞･1勝,5,5,ルチェカリーナ,牝,3,和田竜二, 54 ,9,6,１, 外,芝1600,良,,(栗),高橋義忠,1335,-0.1,,6,6,34.2,456,-2,
,"2021. 2.14",阪神,1阪2,2勝,２勝ｸﾗｽ,1,1,アルサトワ,牡,4,団野大成,55☆,8,2,１, 内,芝2000,良,,(栗),斉藤崇史,1589,-0.2,1,1,1,34.5,510,+6,
,"2021. 2.14",阪神,1阪2,1勝,１勝ｸﾗｽ,2,2,ミッキーメテオ,牡,4,川田将雅, 56 ,8,1,１, 外,芝2400,良,,(栗),中内田充,2287,-0.2,1,1,1,33.8,490,-2,
,"2021. 2.14",阪神,1阪2,1勝,１勝ｸﾗｽ,8,12,フラミンゴフライト,牝,4,団野大成,54☆,12,2,１, ,ダ1200,良,,(栗),吉村圭司,1126,-0.2,,2,2,37.2,494,+16,
,"2021. 2.14",阪神,1阪2,未勝利,未勝利,2,4,サイモンメガライズ,牡,3,三浦皇成, 56 ,16,4,１, 外,芝1600,良,,(栗),松田国英,1341,-0.0,,8,8,33.7,496,0,
,"2021. 2.14",阪神,1阪2,新馬,新馬,2,4,クールファイブ,牡,3,岩田康誠, 56 ,16,8,１, ,ダ1800,良,,(栗),友道康夫,1563,-0.2,12,3,2,38.4,496,,
,"2021. 2.14",阪神,1阪2,未勝利,未勝利,5,10,タマモヒメギミ,牝,3,北村友一, 54 ,16,2,１, ,ダ1400,良,,(栗),五十嵐忠,1263,-0.3,,1,1,38.1,484,-6,
,"2021. 2.14",阪神,1阪2,未勝利,未勝利,6,8,ケイアイロベージ,セ,3,北村友一, 56 ,13,2,１, ,ダ1800,良,,(栗),野中賢二,1543,-1.2,13,7,7,37.6,488,-2,B
,"2021. 2.14",阪神,1阪2,未勝利,未勝利・牝,2,3,スマートネクタル,牝,3,森裕太朗,53☆,16,5,１, ,ダ1200,良,,(栗),吉田直弘,1134,-0.4,,5,4,37.5,446,-2,
,"2021. 2.13",阪神,1阪1,2勝,２勝ｸﾗｽ,1,1,ヴァーダイト,牡,4,川田将雅, 56 ,9,1,１, ,ダ2000,良,,(栗),音無秀孝,2067,-0.3,2,3,3,39.3,486,-4,
,"2021. 2.13",阪神,1阪1,OP(L),洛陽ＳＨ(L),8,10,サトノフェイバー,牡,6,古川吉洋, 56 ,10,3,１, 外,芝1600,良,,(栗),南井克巳,1352,-0.1,,1,1,33.0,510,+4,B
,"2021. 2.13",阪神,1阪1,3勝,飛鳥Ｓ･3勝,8,8,レッドベルディエス,牝,5,川田将雅, 55 ,9,2,１, 外,芝1800,良,,(美),鹿戸雄一,1463,-0.0,,4,5,33.1,464,0,
,"2021. 2.13",阪神,1阪1,2勝,摂津特別･2勝,7,7,コスモエスパーダ,牡,5,国分優作, 57 ,10,3,１, 内,芝1400,良,,(美),天間昭一,1210,-0.3,,1,1,34.7,494,-2,
,"2021. 2.13",阪神,1阪1,1勝,１勝ｸﾗｽ・牝,6,11,スズカクローカス,牝,5,藤井勘一, 55 ,15,13,１, ,ダ1400,良,,(栗),西橋豊治,1257,-0.0,,13,11,36.8,468,+4,
,"2021. 2.13",阪神,1阪1,1勝,１勝ｸﾗｽ,6,6,セロシア,牡,5,坂井瑠星, 57 ,10,2,１, ,ダ1800,良,,(栗),渡辺薫彦,1528,-1.0,2,2,1,38.2,486,+14,B
,"2021. 2.13",阪神,1阪1,1勝,１勝ｸﾗｽ*,6,9,スマッシャー,牡,3,坂井瑠星, 56 ,14,1,１, ,ダ1400,良,,(栗),吉岡辰弥,1252,-0.4,,10,9,36.9,466,+2,
,"2021. 2.13",阪神,1阪1,未勝利,未勝利,5,8,アーダレイ,牝,3,和田竜二, 54 ,14,5,１, 内,芝2000,良,,(栗),庄野靖志,2019,-0.0,2,1,1,35.5,448,+2,
,"2021. 2.13",阪神,1阪1,新馬,新馬,8,15,サンライズウルス,牡,3,藤井勘一, 56 ,16,1,１, ,ダ1200,良,,(栗),安田翔伍,1138,-0.1,,5,5,37.2,496,,
,"2021. 2.13",阪神,1阪1,未勝利,未勝利,2,2,メイショウマントル,牡,3,田中健, 56 ,11,5,１, ,ダ1800,良,,(栗),安達昭夫,1554,-0.0,3,3,4,38.0,508,-2,
,"2021. 2.13",阪神,1阪1,未勝利,未勝利,1,2,インゴットバード,牡,3,幸英明, 56 ,16,4,１, ,ダ1200,良,,(栗),牧田和弥,1134,-0.2,,1,1,38.3,492,0,
,"2021. 2.13",阪神,1阪1,未勝利,未勝利・牝,8,11,テーオーラフィット,牝,3,武豊, 54 ,12,1,１, ,ダ1800,良,,(栗),上村洋行,1558,-0.1,2,2,2,38.4,484,-6,
,2020.12.27,阪神,6阪8,3勝,ファイナ･3勝,1,1,ガゼボ,牡,5,吉田隼人, 57 ,14,1,１, 内,芝1400,良,,(栗),石坂公一,1215,-0.0,,5,5,33.8,546,+6,
,2020.12.27,阪神,6阪8,ｵｰﾌﾟﾝ,ギャラクＨ,5,9,デザートストーム,牡,6,藤岡康太, 55 ,16,4,１, ,ダ1400,良,,(栗),西浦勝一,1235,-0.1,,11,8,35.6,462,0,
,2020.12.27,阪神,6阪8,3勝,フォーＨ･3勝,3,5,スズカフロンティア,牡,6,藤岡佑介, 54 ,16,15,１, ,ダ1800,良,,(栗),橋田満,1528,-0.0,15,9,4,37.5,440,+4,
,2020.12.27,阪神,6阪8,2勝,春待月賞･2勝,2,2,キャッチミーアップ,牝,5,幸英明, 55 ,13,2,１, 外,芝1600,良,,(栗),河内洋,1342,-0.1,,6,7,33.8,482,+2,
,2020.12.27,阪神,6阪8,1勝,１勝ｸﾗｽ,5,9,ロッキーサンダー,牡,3,幸英明, 56 ,15,4,１, ,ダ1800,良,,(栗),石橋守,1534,-0.6,13,11,4,36.9,486,+6,
,2020.12.27,阪神,6阪8,1勝,１勝ｸﾗｽ*,3,3,エンスージアズム,牝,2,岩田望来, 54 ,5,3,１, 外,芝1800,良,,(栗),安田翔伍,1477,-0.0,,2,2,33.5,420,+2,
,2020.12.27,阪神,6阪8,新馬,新馬,1,2,トップスターサン,牡,2,吉田隼人, 52 ,18,2,１, 内,芝1400,良,,(栗),池添学,1219,-0.3,,3,4,34.8,492,,
,2020.12.27,阪神,6阪8,未勝利,障害未勝利,7,10,メメランタン,牡,4,植野貴也, 60 ,13,8,１, ,ダ2970,良,,(栗),谷潔,3207,-0.2,2,2,2,13.5,540,-2,
,2020.12.27,阪神,6阪8,未勝利,未勝利*,7,13,ハッピーオーサム,牝,2,岩田望来, 54 ,16,2,１, 内,芝2000,良,,(栗),藤原英昭,2014,-0.2,5,6,4,35.1,474,-12,
,2020.12.27,阪神,6阪8,未勝利,未勝利*,7,8,アスクスタイルマン,牡,2,岩田望来, 55 ,10,2,１, ,ダ1800,良,,(栗),矢作芳人,1555,-0.2,5,5,3,37.7,454,-4,
,2020.12.27,阪神,6阪8,未勝利,未勝利*,4,7,ナリタエール,牝,2,酒井学, 54 ,16,1,１, 内,芝1200,良,*,(栗),宮本博,1096,-0.2,,2,2,34.8,402,0,
,2020.12.27,阪神,6阪8,未勝利,未勝利・牝*,7,11,ベルヴォーグ,牝,2,岩田望来, 54 ,14,1,１, ,ダ1800,良,,(栗),藤原英昭,1554,-0.9,2,1,1,37.8,494,+2,
,2020.12.26,阪神,6阪7,2勝,２勝ｸﾗｽ,4,8,ワイドカント,牡,3,松山弘平, 56 ,16,1,１, ,ダ1400,良,,(栗),西園正都,1245,-0.3,,3,3,36.8,510,-2,
,2020.12.26,阪神,6阪7,Ｇ２,阪神カッG2,3,6,ダノンファンタジー,牝,4,藤岡佑介, 55 ,16,4,１, 内,芝1400,良,,(栗),中内田充,1197,-0.3,,3,4,34.1,476,+6,
,2020.12.26,阪神,6阪7,3勝,元町Ｓ･3勝,7,9,ヴァンランディ,牡,4,福永祐一, 57 ,11,3,１, 内,芝2000,良,,(美),藤沢和雄,2013,-0.1,8,9,7,33.9,460,+4,
,2020.12.26,阪神,6阪7,2勝,ヤングジ･2勝,5,9,サンライズホープ,牡,3,菅原明良, 56 ,16,1,１, ,ダ1800,良,,(栗),羽月友彦,1536,-0.5,1,1,1,37.9,546,+6,
,2020.12.26,阪神,6阪7,2勝,２勝ｸﾗｽ,8,9,シャムロックヒル,牝,3,団野大成,52☆,9,4,１, 内,芝2200,良,,(栗),佐々木晶,2144,-0.0,4,3,3,35.3,492,+14,
,2020.12.26,阪神,6阪7,1勝,ヤングジ･1勝,2,4,スカーフェイス,牡,4,吉井章, 57 ,16,7,１, 外,芝1600,良,,(栗),橋田満,1338,-0.5,,8,8,34.6,460,+4,
,2020.12.26,阪神,6阪7,1勝,１勝ｸﾗｽ*,3,3,ファルヴォーレ,牡,2,幸英明, 55 ,9,5,１, 内,芝1400,良,,(栗),高橋義忠,1207,-0.0,,9,9,34.0,448,+6,
,2020.12.26,阪神,6阪7,新馬,新馬,3,3,テイエムベンチャー,牡,2,国分恭介, 55 ,11,1,１, ,ダ1800,良,,(栗),五十嵐忠,1577,-0.5,8,2,1,37.9,500,,
,2020.12.26,阪神,6阪7,新馬,新馬,3,5,ヴァリアメンテ,牡,2,藤岡佑介, 55 ,18,9,１, 外,芝1800,良,,(栗),中内田充,1483,-0.0,,11,11,33.7,460,,
,2020.12.26,阪神,6阪7,未勝利,未勝利*,6,12,ホッコーカリュウ,牝,2,浜中俊, 54 ,16,11,１, ,ダ1400,良,,(栗),西浦勝一,1261,-0.4,,2,2,37.7,476,+16,
,2020.12.26,阪神,6阪7,未勝利,未勝利*,5,8,ケイアイシェルビー,牡,2,藤懸貴志, 55 ,15,5,１, ,ダ1800,良,,(栗),平田修,1549,-0.6,1,1,1,38.7,486,+2,B
,2020.12.26,阪神,6阪7,未勝利,未勝利*,5,9,シゲルメダリスト,牡,2,岩田望来, 55 ,16,9,１, ,ダ1200,良,,(栗),川村禎彦,1133,-0.4,,4,4,37.6,474,-4,
,2020.12.20,阪神,6阪6,2勝,高砂特別･2勝,8,15,サイクロトロン,牡,3,北村友一, 56 ,16,2,１, ,ダ1200,良,,(栗),音無秀孝,1120,-0.1,,2,2,37.1,530,+8,B
,2020.12.20,阪神,6阪6,Ｇ１,フューチG1,1,2,グレナディアガーズ,牡,2,川田将雅, 55 ,16,7,１, 外,芝1600,良,*,(栗),中内田充,1323,-0.1,,3,2,34.5,458,+2,
,2020.12.20,阪神,6阪6,OP(L),ベテルギ(L),6,12,オーヴェルニュ,牡,4,ルメール, 57 ,16,5,１, ,ダ1800,良,,(栗),西村真幸,1519,-0.0,3,3,3,36.5,472,+10,
,2020.12.20,阪神,6阪6,3勝,サンタＨ･3勝,4,8,トリプルエース,牡,3,福永祐一, 56 ,18,1,１, 外,芝1600,良,,(栗),斉藤崇史,1326,-0.3,,6,6,33.7,506,+20,
,2020.12.20,阪神,6阪6,2勝,２勝ｸﾗｽ・牝,3,4,プリティーチャンス,牝,3,岩田望来, 54 ,14,4,１, ,ダ1800,良,,(栗),野中賢二,1538,-0.0,5,5,7,38.1,454,+6,
,2020.12.20,阪神,6阪6,1勝,１勝ｸﾗｽ,2,3,ファイアーボーラー,セ,4,浜中俊, 57 ,16,3,１, ,ダ1200,良,,(栗),武幸四郎,1124,-0.1,,1,1,37.5,464,+14,
,2020.12.20,阪神,6阪6,新馬,新馬・牝,3,5,エルカスティージョ,牝,2,福永祐一, 54 ,18,2,１, 内,芝1400,良,,(栗),斉藤崇史,1222,-0.4,,3,3,34.9,454,,
,2020.12.20,阪神,6阪6,新馬,新馬,8,9,タイソウ,牡,2,松山弘平, 55 ,9,1,１, 内,芝2000,良,,(栗),西園正都,2057,-0.5,2,2,2,34.8,498,,
,2020.12.20,阪神,6阪6,未勝利,未勝利*,6,12,サルファーコスモス,牝,2,川田将雅, 54 ,18,2,１, 外,芝1600,良,,(栗),中内田充,1342,-0.1,,6,6,34.9,460,-6,
,2020.12.20,阪神,6阪6,未勝利,未勝利*,6,12,バージョンアップ,牝,2,酒井学, 54 ,16,6,１, ,ダ1800,良,*,(栗),加用正,1564,-0.2,7,8,4,37.8,470,-6,
,2020.12.20,阪神,6阪6,未勝利,未勝利・牝*,4,7,タガノディアーナ,牝,2,和田竜二, 54 ,16,1,１, 外,芝1800,良,,(栗),長谷川浩,1470,-0.2,,7,4,34.9,432,+2,
,2020.12.20,阪神,6阪6,未勝利,未勝利*,1,1,アルーブルト,牡,2,幸英明, 55 ,16,2,１, ,ダ1400,良,,(栗),西浦勝一,1255,-0.3,,8,6,37.4,446,0,
,2020.12.19,阪神,6阪5,1勝,１勝ｸﾗｽ,3,5,ポンペイワーム,牡,4,北村友一, 57 ,16,3,１, ,ダ1400,良,,(栗),石坂正,1243,-0.3,,2,2,37.4,528,-4,
,2020.12.19,阪神,6阪5,ｵｰﾌﾟﾝ,タンザナＨ,5,10,ラヴィングアンサー,牡,6,北村友一, 56 ,16,3,１, 内,芝1200,良,,(栗),石坂正,1081,-0.0,,13,13,33.3,510,+12,
,2020.12.19,阪神,6阪5,2勝,再度山特･2勝,4,4,クリデュクール,牡,6,団野大成, 57 ,11,6,１, 外,芝1800,良,,(栗),佐々木晶,1467,-0.0,,3,3,34.0,512,+12,
,2020.12.19,阪神,6阪5,2勝,北摂特別･2勝,2,2,アレス,牝,4,藤岡佑介, 55 ,14,2,１, 内,芝1200,良,,(栗),昆貢,1086,-0.0,,4,4,34.2,458,0,B
,2020.12.19,阪神,6阪5,1勝,１勝ｸﾗｽ,3,3,ヴァーダイト,牡,3,団野大成,55☆,11,3,１, ,ダ2000,良,,(栗),音無秀孝,2082,-0.2,3,2,2,37.2,490,+4,
,2020.12.19,阪神,6阪5,1勝,１勝ｸﾗｽ*,1,1,フランスゴデイナ,牡,2,福永祐一, 55 ,9,1,１, ,ダ1800,良,,(栗),森秀行,1536,-0.9,2,2,2,37.2,476,0,
,2020.12.19,阪神,6阪5,新馬,新馬,7,12,ペプチドサンライズ,牡,2,古川吉洋, 55 ,14,1,１, ,ダ1200,良,,(栗),木原一良,1139,-1.3,,1,1,37.3,444,,
,2020.12.19,阪神,6阪5,新馬,新馬,6,12,エリザベスタワー,牝,2,武豊, 54 ,18,2,１, 外,芝1600,良,,(栗),高野友和,1369,-0.2,,14,12,33.6,512,,
,2020.12.19,阪神,6阪5,未勝利,未勝利*,1,2,ショウナンアレス,牡,2,池添謙一, 55 ,18,1,１, 外,芝1800,良,,(栗),池添兼雄,1482,-0.0,,4,2,34.4,520,+4,
,2020.12.19,阪神,6阪5,未勝利,未勝利*,4,8,ユアヒストリー,牡,2,団野大成,54☆,16,1,１, ,ダ1800,良,,(栗),池添学,1561,-0.1,5,5,3,38.6,460,-4,
,2020.12.19,阪神,6阪5,未勝利,未勝利*,6,11,メイショウヒューマ,牡,2,藤岡佑介, 55 ,16,1,１, ,ダ1200,良,,(栗),藤岡健一,1134,-0.3,,1,1,38.1,488,0,
,2020.12.19,阪神,6阪5,未勝利,未勝利・牝*,8,16,ウェルドーン,牝,2,川田将雅, 54 ,16,1,１, ,ダ1800,良,,(栗),角田晃一,1559,-1.0,3,3,2,39.7,494,-2,
,2020.12.13,阪神,6阪4,2勝,赤穂特別･2勝,4,6,カミノコ,牡,5,ルメール, 57 ,15,1,１, ,ダ1400,良,,(栗),森秀行,1247,-0.1,,7,5,36.2,478,0,
,2020.12.13,阪神,6阪4,Ｇ１,阪神ジュG1,3,6,ソダシ,牝,2,吉田隼人, 54 ,18,1,１, 外,芝1600,良,,(栗),須貝尚介,1331,-0.0,,5,4,34.2,472,-4,
,2020.12.13,阪神,6阪4,3勝,堺Ｓ･3勝,7,14,タイサイ,牡,4,荻野琢真, 57 ,16,3,１, ,ダ1800,良,*,(栗),田所秀孝,1537,-0.2,2,2,2,37.9,480,-6,
,2020.12.13,阪神,6阪4,3勝,オリオン･3勝,6,7,ダンスディライト,牡,4,福永祐一, 57 ,12,2,１, 内,芝2200,良,,(栗),松永幹夫,2139,-0.1,3,4,4,34.1,496,+4,
,2020.12.13,阪神,6阪4,2勝,２勝ｸﾗｽ,8,13,ナンヨープランタン,牡,5,武豊, 57 ,13,2,１, 外,芝1600,良,,(栗),松永幹夫,1335,-0.0,,10,11,33.9,464,-2,B
,2020.12.13,阪神,6阪4,1勝,１勝ｸﾗｽ,7,13,エアロロノア,牡,3,福永祐一, 56 ,17,1,１, 外,芝1800,良,,(栗),笹田和秀,1457,-0.0,,8,8,33.7,494,0,
,2020.12.13,阪神,6阪4,1勝,１勝ｸﾗｽ*,8,10,ショウナンバサロ,牡,2,浜中俊, 55 ,11,6,１, ,ダ1200,良,,(栗),吉村圭司,1124,-0.2,,3,2,37.1,476,+4,
,2020.12.13,阪神,6阪4,新馬,新馬,2,2,アクセル,牡,2,横山典弘, 55 ,12,7,１, 外,芝1800,良,,(栗),武幸四郎,1497,-0.2,,1,1,34.6,508,,
,2020.12.13,阪神,6阪4,新馬,新馬,6,9,ゼニス,牡,2,松山弘平, 55 ,14,2,１, ,ダ1800,良,,(栗),鈴木孝志,1556,-0.2,3,3,2,38.6,472,,
,2020.12.13,阪神,6阪4,未勝利,未勝利*,4,7,トーカイキング,牡,2,和田竜二, 55 ,16,1,１, 内,芝1400,良,,(栗),西橋豊治,1215,-0.1,,3,2,35.5,446,0,
,2020.12.13,阪神,6阪4,未勝利,未勝利*,1,1,イツカハシャチョウ,牡,2,岩田康誠, 55 ,14,2,１, ,ダ1800,良,,(栗),吉田直弘,1555,-0.3,5,4,5,39.6,496,-2,
,2020.12.13,阪神,6阪4,未勝利,未勝利*,6,10,アイリッシュセンス,牡,2,松山弘平, 55 ,14,1,１, ,ダ1400,良,,(栗),杉山晴紀,1261,-0.1,,7,6,37.8,470,0,
,2020.12.12,阪神,6阪3,1勝,１勝ｸﾗｽ,7,11,メイショウオーギシ,牡,3,武豊, 56 ,13,3,１, ,ダ1400,良,,(栗),飯田祐史,1255,-0.3,,2,2,37.1,494,-2,
,2020.12.12,阪神,6阪3,OP(L),リゲルＳ(L),2,3,シュリ,牡,4,武豊, 56 ,17,1,１, 外,芝1600,良,,(栗),池江泰寿,1331,-0.0,,3,5,33.3,508,-4,
,2020.12.12,阪神,6阪3,2勝,境港特Ｈ･2勝,6,6,ナオミラフィネ,牝,3,松若風馬, 50 ,8,3,１, 外,芝2400,良,,(栗),安田隆行,2329,-0.0,3,3,4,33.5,456,-2,
,2020.12.12,阪神,6阪3,1勝,エリカ賞･1勝,7,7,アドマイヤハダル,牡,2,福永祐一, 55 ,8,4,１, 内,芝2000,良,,(栗),大久保龍,2034,-0.1,2,2,1,34.4,476,+4,
,2020.12.12,阪神,6阪3,2勝,２勝ｸﾗｽ,7,13,ワイドソロモン,牡,3,武豊, 56 ,16,3,１, ,ダ1800,良,,(栗),角居勝彦,1534,-0.1,3,3,3,38.8,490,+2,
,2020.12.12,阪神,6阪3,未勝利,未勝利*,7,7,テイエムタツマキ,牡,2,酒井学, 55 ,10,5,１, 内,芝2000,良,,(栗),武英智,2021,-0.1,2,2,2,35.0,492,-4,
,2020.12.12,阪神,6阪3,新馬,新馬・牝,7,13,ジョーミニスター,牝,2,鮫島良太, 54 ,15,11,１, ,ダ1400,良,,(栗),中竹和也,1262,-0.4,,5,5,37.6,426,,
,2020.12.12,阪神,6阪3,新馬,新馬,5,6,ライクマジック,牝,2,藤岡康太, 54 ,12,8,１, 内,芝1200,良,,(栗),上村洋行,1099,-0.3,,1,1,34.0,420,,
,2020.12.12,阪神,6阪3,未勝利,未勝利*,8,9,ブレーヴジャッカル,牡,2,福永祐一, 55 ,10,1,１, 外,芝1600,良,,(栗),高野友和,1341,-0.0,,2,3,34.9,474,+6,
,2020.12.12,阪神,6阪3,未勝利,未勝利*,7,9,メイショウデージー,牝,2,田中健, 54 ,12,8,１, ,ダ1200,良,*,(栗),浅見秀一,1133,-0.0,,2,2,37.8,486,-2,
,2020.12.12,阪神,6阪3,未勝利,未勝利*,8,11,アメリカンピース,牡,2,福永祐一, 55 ,12,1,１, ,ダ1800,良,,(栗),音無秀孝,1543,-0.2,1,1,1,38.2,460,+4,B
,2020.12.12,阪神,6阪3,未勝利,未勝利・牝*,4,7,エコロマンボ,牝,2,武豊, 54 ,15,3,１, ,ダ1400,良,,(栗),牧浦充徳,1266,-0.1,,5,5,38.7,496,0,
,"2020.12. 6",阪神,6阪2,2勝,２勝ｸﾗｽ,7,9,カワキタアジン,牝,3,泉谷楓真,51▲,11,1,１, 内,芝1400,良,,(栗),杉山晴紀,1209,-0.0,,6,7,34.0,490,-6,
,"2020.12. 6",阪神,6阪2,ｵｰﾌﾟﾝ,りんくう,1,1,ジェネティクス,牡,3,吉田隼人, 55 ,16,1,１, ,ダ1200,良,,(栗),西村真幸,1107,-0.0,,1,1,35.8,530,+2,
,"2020.12. 6",阪神,6阪2,3勝,逆瀬川Ｈ･3勝,5,5,ナルハヤ,牝,6,浜中俊, 53 ,11,4,１, 外,芝1800,良,,(栗),梅田智之,1460,-0.0,,1,1,34.1,510,-4,
,"2020.12. 6",阪神,6阪2,1勝,さざんか･1勝,2,2,テイエムトッキュウ,牡,2,古川吉洋, 55 ,10,5,１, 内,芝1200,良,,(栗),木原一良,1091,-0.3,,1,1,34.9,482,+4,
,"2020.12. 6",阪神,6阪2,1勝,１勝ｸﾗｽ,6,6,グレートバローズ,牡,3,加藤祥太, 56 ,9,6,１, ,ダ1800,良,,(栗),角居勝彦,1538,-0.8,5,4,4,37.2,474,+4,B
,"2020.12. 6",阪神,6阪2,未勝利,未勝利*,6,7,レヴェッツァ,牡,2,池添謙一, 55 ,11,1,１, 内,芝2000,良,,(栗),斉藤崇史,2011,-0.3,4,6,4,35.7,474,-4,
,"2020.12. 6",阪神,6阪2,新馬,新馬,5,5,ワキノクイーン,牝,2,団野大成,53☆,10,4,１, ,ダ1400,良,*,(栗),宮本博,1268,-0.7,,2,2,37.9,446,,
,"2020.12. 6",阪神,6阪2,新馬,新馬,2,2,ロードプレジール,牡,2,岩田望来, 55 ,9,2,１, 内,芝2000,良,,(栗),中内田充,2029,-0.0,5,5,5,34.6,476,,
,"2020.12. 6",阪神,6阪2,新馬,新馬,3,3,テーオーラファエロ,牡,2,浜中俊, 55 ,9,5,１, 内,芝2000,良,,(栗),須貝尚介,2029,-0.0,3,3,5,34.7,460,,
,"2020.12. 6",阪神,6阪2,未勝利,障害未勝利,1,1,プリカジュール,牝,4,森一馬, 58 ,7,1,１, ,ダ2970,良,,(栗),寺島良,3234,-1.0,2,1,1,13.7,518,+4,
,"2020.12. 6",阪神,6阪2,未勝利,未勝利・牝*,4,7,パタゴニア,牝,2,吉田隼人, 54 ,17,3,１, 外,芝1600,良,,(栗),池添学,1344,-0.1,,1,1,34.6,484,-4,
,"2020.12. 6",阪神,6阪2,未勝利,未勝利*,8,11,フェブキラナ,牡,2,国分恭介, 55 ,12,1,１, ,ダ1800,良,,(栗),川村禎彦,1560,-0.2,2,2,1,37.4,472,0,
,"2020.12. 6",阪神,6阪2,未勝利,未勝利*,8,16,トゥルーバローズ,牡,2,吉田隼人, 55 ,16,1,１, ,ダ1200,良,,(栗),角田晃一,1132,-0.0,,1,1,37.9,504,+2,B
,"2020.12. 5",阪神,6阪1,2勝,２勝ｸﾗｽ,4,8,ジョーフォレスト,牡,3,川田将雅, 56 ,16,1,１, ,ダ1200,良,,(栗),清水久詞,1123,-0.2,,8,9,36.3,496,+2,
,"2020.12. 5",阪神,6阪1,Ｇ３,チャレンG3,6,7,レイパパレ,牝,3,川田将雅, 53 ,11,1,１, 内,芝2000,良,,(栗),高野友和,1599,-0.2,2,2,1,34.4,424,0,
,"2020.12. 5",阪神,6阪1,3勝,御影Ｓ･3勝,3,6,ニューモニュメント,牡,4,三浦皇成, 57 ,16,3,１, ,ダ1400,良,,(栗),小崎憲,1240,-0.1,,11,9,35.7,494,0,
,"2020.12. 5",阪神,6阪1,2勝,鳥取特Ｈ･2勝,6,8,スパイクナード,牝,6,団野大成, 52 ,12,4,１, ,ダ2000,良,,(栗),佐々木晶,2056,-0.1,11,9,7,37.2,452,+4,
,"2020.12. 5",阪神,6阪1,2勝,２勝ｸﾗｽ,2,2,ミトノマルーン,牡,4,三浦皇成, 57 ,8,2,１, 内,芝2000,良,,(栗),武英智,2010,-0.1,1,1,1,35.3,484,+2,
,"2020.12. 5",阪神,6阪1,1勝,１勝ｸﾗｽ,6,10,ジェットマックス,牡,3,武豊, 56 ,15,2,１, ,ダ1200,良,*,(栗),森秀行,1123,-0.0,,5,6,36.6,504,+16,
,"2020.12. 5",阪神,6阪1,新馬,新馬,4,4,イナズマテーラー,牡,2,松山弘平, 55 ,10,6,１, ,ダ1800,良,,(栗),飯田雄三,1551,-0.1,2,2,2,37.8,458,,
,"2020.12. 5",阪神,6阪1,新馬,新馬,4,5,エイシンピクセル,牝,2,和田竜二, 54 ,13,5,１, 外,芝1600,良,,(栗),小崎憲,1367,-0.0,,3,4,33.8,450,,
,"2020.12. 5",阪神,6阪1,未勝利,未勝利*,7,9,レッドジェネシス,牡,2,川田将雅, 55 ,11,1,１, 外,芝1800,良,,(栗),友道康夫,1475,-0.0,,5,6,34.0,482,-2,
,"2020.12. 5",阪神,6阪1,未勝利,未勝利*,1,2,サトノアイ,牝,2,松山弘平, 54 ,16,1,１, 内,芝1400,良,,(栗),須貝尚介,1219,-0.1,,6,5,34.4,416,0,
,"2020.12. 5",阪神,6阪1,未勝利,未勝利*,7,9,グリュースゴット,牡,2,団野大成,54☆,12,1,１, ,ダ1800,良,,(栗),佐々木晶,1545,-1.3,7,5,4,37.5,474,+4,
,"2020.12. 5",阪神,6阪1,未勝利,未勝利*,1,2,シゲルソウサイ,牡,2,太宰啓介, 55 ,16,2,１, ,ダ1400,良,,(栗),上村洋行,1267,-0.2,,8,5,38.7,498,+8,
,2020.11.29,阪神,5阪9,Ｇ３,京阪杯G3,5,10,フィアーノロマーノ,牡,6,吉田隼人, 57 ,16,3,１, 内,芝1200,良,*,(栗),高野友和,1082,-0.1,,7,7,33.7,554,+4,
,2020.11.29,阪神,5阪9,ｵｰﾌﾟﾝ,カノープＨ,8,14,ハナズレジェンド,牡,7,坂井瑠星, 54 ,15,7,１, ,ダ2000,良,,(栗),矢作芳人,2049,-0.2,12,12,12,37.0,464,0,
,2020.11.29,阪神,5阪9,3勝,立雲峡Ｓ･3勝,3,3,サトノウィザード,牡,4,鮫島良太, 57 ,11,2,１, 外,芝1600,良,,(栗),松田国英,1341,-0.0,,11,10,32.8,490,+8,B
,2020.11.29,阪神,5阪9,1勝,白菊賞･1勝*,1,1,エイシンヒテン,牝,2,団野大成, 54 ,10,8,１, 外,芝1600,良,,(栗),渡辺薫彦,1343,-0.4,,1,1,33.9,448,-4,
,2020.11.29,阪神,5阪9,2勝,２勝ｸﾗｽ,4,5,アサカディスタンス,牡,6,小牧太, 57 ,13,10,１, ,ダ1800,良,,(栗),笹田和秀,1525,-0.0,10,9,8,38.2,474,0,
,2020.11.29,阪神,5阪9,2勝,２勝ｸﾗｽ・牝,1,1,イルマタル,牝,4,藤岡佑介, 55 ,9,3,１, 内,芝2000,良,,(栗),渡辺薫彦,2015,-0.3,1,1,1,34.5,470,-2,
,2020.11.29,阪神,5阪9,新馬,新馬,7,9,ドリアード,牝,2,団野大成,53☆,12,1,１, 内,芝1400,良,,(栗),佐々木晶,1231,-0.4,,5,4,34.8,458,,
,2020.11.29,阪神,5阪9,未勝利,障害未勝利,8,11,メイショウタカトラ,牡,6,熊沢重文, 60 ,11,4,１, ,ダ2970,良,,(栗),荒川義之,3236,-0.4,2,3,2,13.7,510,0,
,2020.11.29,阪神,5阪9,1勝,１勝ｸﾗｽ,1,2,イルミネーター,牡,3,水口優也, 56 ,16,8,１, ,ダ1400,良,,(栗),羽月友彦,1246,-0.2,,4,4,37.0,484,+8,
,2020.11.29,阪神,5阪9,新馬,新馬,1,1,タイセイヴィーナス,牝,2,和田竜二, 54 ,10,5,１, ,ダ1800,良,,(栗),大橋勇樹,1558,-0.3,2,3,3,37.8,476,,
,2020.11.29,阪神,5阪9,未勝利,未勝利*,8,16,レイオブウォーター,牡,2,吉田隼人, 55 ,16,2,１, 内,芝2000,良,,(栗),友道康夫,2015,-0.3,14,14,6,35.2,498,+2,
,2020.11.29,阪神,5阪9,未勝利,未勝利*,7,14,メディーヴァル,牡,2,幸英明, 55 ,16,1,１, ,ダ1400,良,,(栗),寺島良,1259,-0.4,,3,2,37.4,454,+6,
,2020.11.28,阪神,5阪8,2勝,２勝ｸﾗｽ,4,4,ファンタジステラ,牡,6,松若風馬, 57 ,13,2,１, 内,芝1200,良,,(栗),音無秀孝,1091,-0.0,,1,1,35.3,438,+12,
,2020.11.28,阪神,5阪8,Ｇ３,京都２歳G3,7,8,ワンダフルタウン,牡,2,和田竜二, 55 ,10,3,１, 内,芝2000,良,,(栗),高橋義忠,2016,-0.1,7,7,6,35.0,462,-2,
,2020.11.28,阪神,5阪8,3勝,竹田城Ｓ･3勝,5,10,メイショウマトイ,牡,6,高倉稜, 57 ,16,13,１, ,ダ2000,良,,(栗),本田優,2062,-0.2,13,13,9,37.5,480,-2,
,2020.11.28,阪神,5阪8,2勝,江坂特別･2勝,6,6,レティキュール,牝,4,池添謙一, 55 ,9,4,１, 外,芝2600,良,,(栗),斉藤崇史,2412,-0.1,8,8,6,35.3,450,0,
,2020.11.28,阪神,5阪8,2勝,２勝ｸﾗｽ,6,12,ゴッドバンブルビー,牝,4,藤岡佑介, 55 ,16,1,１, ,ダ1200,良,,(栗),飯田祐史,1119,-0.1,,16,13,35.7,458,-6,
,2020.11.28,阪神,5阪8,1勝,１勝ｸﾗｽ,8,13,メイショウヨカゼ,牡,3,団野大成,54☆,13,5,１, ,ダ1800,良,,(栗),荒川義之,1546,-0.5,11,7,4,38.5,526,+30,
,2020.11.28,阪神,5阪8,新馬,新馬・牝,1,1,ティフォーザ,牝,2,岩田康誠, 54 ,17,6,１, 外,芝1600,良,,(栗),安田隆行,1365,-0.0,,8,7,34.8,412,,
,2020.11.28,阪神,5阪8,新馬,新馬,8,9,ヴィクティファルス,牡,2,福永祐一, 55 ,9,1,１, 外,芝1800,良,,(栗),池添学,1493,-0.1,,6,3,34.4,484,,
,2020.11.28,阪神,5阪8,未勝利,未勝利*,6,10,スンリ,牝,2,松山弘平, 54 ,14,3,１, 外,芝1600,良,,(栗),清水久詞,1352,-0.0,,1,2,36.1,460,0,B
,2020.11.28,阪神,5阪8,未勝利,未勝利*,1,1,エナジーロッソ,牝,2,川田将雅, 54 ,11,1,１, ,ダ1200,良,,(栗),高柳大輔,1127,-0.1,,4,3,36.7,476,0,
,2020.11.28,阪神,5阪8,未勝利,未勝利*,3,5,ショウリュウレーヴ,牡,2,団野大成,54☆,16,1,１, 内,芝1400,良,,(栗),佐々木晶,1217,-0.3,,1,1,35.5,500,0,
,2020.11.28,阪神,5阪8,未勝利,未勝利*,7,10,フランスゴデイナ,牡,2,福永祐一, 55 ,13,3,１, ,ダ1800,良,,(栗),森秀行,1539,-0.7,1,1,1,38.2,476,-2,
,2020.11.23,阪神,5阪7,1勝,１勝ｸﾗｽ,4,8,ムーンライト,牝,3,福永祐一, 54 ,18,1,１, 内,芝1400,良,,(栗),清水久詞,1214,-0.2,,10,8,35.1,460,0,
,2020.11.23,阪神,5阪7,3勝,姫路Ｓ･3勝,3,5,スリーグランド,牡,3,松若風馬, 56 ,16,1,１, ,ダ1400,良,,(栗),高橋義忠,1240,-0.1,,11,9,36.0,464,0,
,2020.11.23,阪神,5阪7,2勝,猪名川特･2勝,7,7,プライドランド,牡,4,北村友一, 57 ,10,4,１, 内,芝2000,良,,(栗),高野友和,2011,-0.2,5,3,3,35.1,468,+8,
,2020.11.23,阪神,5阪7,1勝,秋明菊賞･1勝,1,1,ブルースピリット,牡,2,藤岡佑介, 55 ,11,4,１, 内,芝1400,良,,(栗),中内田充,1213,-0.3,,1,1,35.9,490,+8,
,2020.11.23,阪神,5阪7,1勝,１勝ｸﾗｽ,4,4,ロードセッション,牡,3,和田竜二, 55 ,10,7,１, ,ダ2000,良,,(栗),高橋義忠,2084,-0.1,3,3,2,37.4,504,+10,
,2020.11.23,阪神,5阪7,1勝,１勝ｸﾗｽ・牝,6,9,ワインレッドローズ,牝,4,亀田温心,53△,13,6,１, ,ダ1800,良,,(栗),西園正都,1545,-0.1,10,9,8,37.9,490,-2,
,2020.11.23,阪神,5阪7,未勝利,未勝利*,3,4,テーオーダヴィンチ,牡,2,浜中俊, 55 ,14,1,１, 外,芝1600,良,,(栗),岡田稲男,1352,-0.2,,3,3,33.9,492,+2,
,2020.11.23,阪神,5阪7,新馬,新馬,6,7,メイショウフンケイ,牡,2,松山弘平, 55 ,12,4,１, 内,芝1200,良,,(栗),池添兼雄,1101,-0.2,,3,3,34.2,514,,
,2020.11.23,阪神,5阪7,未勝利,障害未勝利,6,6,インザムード,セ,3,難波剛健, 58 ,6,2,１, ,ダ2970,良,,(栗),浅見秀一,3205,-0.7,2,2,1,13.5,458,-4,
,2020.11.23,阪神,5阪7,未勝利,未勝利・牝*,5,9,ジェラルディーナ,牝,2,北村友一, 54 ,16,2,１, 外,芝1800,良,,(栗),石坂正,1467,-0.0,,9,5,35.7,432,0,
,2020.11.23,阪神,5阪7,未勝利,未勝利*,4,7,ランドボルケーノ,牡,2,坂井瑠星, 55 ,15,2,１, ,ダ1400,良,,(栗),安達昭夫,1260,-0.7,,2,2,39.4,464,-4,
,2020.11.23,阪神,5阪7,未勝利,未勝利*,8,11,メガゴールド,牡,2,吉田隼人, 55 ,11,3,１, ,ダ1800,良,,(栗),須貝尚介,1566,-0.7,1,1,1,39.2,520,-4,
,2020.11.22,阪神,5阪6,2勝,妙見山特･2勝,8,16,イモータルスモーク,牡,3,Ｍ．デム, 56 ,16,4,１, ,ダ1400,良,,(美),金成貴史,1247,-0.0,,9,7,36.4,500,+12,
,2020.11.22,阪神,5阪6,Ｇ１,マイルチG1,2,4,グランアレグリア,牝,4,ルメール, 55 ,17,1,１, 外,芝1600,良,,(美),藤沢和雄,1320,-0.1,,5,5,33.2,502,-2,
,2020.11.22,阪神,5阪6,3勝,西宮ＳＨ･3勝,1,2,ゴースト,セ,4,鮫島克駿, 54 ,16,8,１, 外,芝2400,良,,(栗),橋口慎介,2259,-0.1,5,6,5,34.3,498,-4,
,2020.11.22,阪神,5阪6,2勝,甲東特別･2勝,1,1,ライティア,牝,3,川田将雅, 54 ,8,2,１, 外,芝1600,良,,(栗),石坂正,1336,-0.2,,3,3,33.3,426,-2,
,2020.11.22,阪神,5阪6,1勝,１勝ｸﾗｽ,1,1,リトルクレバー,牡,3,川田将雅, 55 ,16,1,１, ,ダ1800,良,,(栗),佐々木晶,1529,-0.4,5,4,4,37.2,460,0,
,2020.11.22,阪神,5阪6,1勝,１勝ｸﾗｽ,2,4,ダイシンイナリ,牡,3,岩田康誠, 56 ,16,4,１, ,ダ1400,良,,(栗),吉田直弘,1252,-0.3,,13,11,37.2,524,+14,
,2020.11.22,阪神,5阪6,新馬,新馬,8,11,ロードエルピス,牡,2,池添謙一, 55 ,12,3,１, ,ダ1800,良,,(栗),西浦勝一,1565,-0.1,2,2,1,39.6,478,,
,2020.11.22,阪神,5阪6,新馬,新馬,2,2,サトノハンター,牡,2,松山弘平, 55 ,8,3,１, 内,芝2000,良,,(栗),平田修,2052,-0.0,4,4,4,34.5,508,,
,2020.11.22,阪神,5阪6,未勝利,未勝利*,5,6,エイカイファントム,牡,2,岡田祥嗣, 55 ,13,11,１, 外,芝1800,良,,(栗),藤原英昭,1468,-0.0,,2,2,34.4,518,+12,
,2020.11.22,阪神,5阪6,未勝利,未勝利*,1,1,ジュストコル,牡,2,ルメール, 55 ,15,2,１, 内,芝1200,良,,(栗),大久保龍,1098,-0.0,,6,6,34.5,504,-2,
,2020.11.22,阪神,5阪6,未勝利,未勝利・牝*,7,13,メイショウハナモモ,牝,2,浜中俊, 54 ,16,1,１, ,ダ1800,良,,(栗),角居勝彦,1545,-1.0,6,5,4,38.2,444,-2,
,2020.11.22,阪神,5阪6,未勝利,未勝利*,3,5,ジェットエンブレム,牡,2,戸崎圭太, 55 ,15,3,１, ,ダ1200,良,,(栗),石坂正,1133,-0.2,,2,2,37.5,492,+4,
,2020.11.21,阪神,5阪5,1勝,１勝ｸﾗｽ,5,9,サイクロトロン,牡,3,北村友一, 56 ,16,6,１, ,ダ1200,良,,(栗),音無秀孝,1119,-1.1,,2,2,37.0,522,+12,B
,2020.11.21,阪神,5阪5,OP(L),アンドＨ(L),6,11,アドマイヤビルゴ,牡,3,武豊, 54 ,15,1,１, 内,芝2000,良,,(栗),友道康夫,1588,-0.1,8,7,8,34.7,432,-2,
,2020.11.21,阪神,5阪5,2勝,瀬戸内海･2勝,5,9,トウケイミラ,牝,3,鮫島良太, 54 ,15,4,１, 内,芝1400,良,,(栗),高柳大輔,1211,-0.2,,7,6,34.7,442,0,
,2020.11.21,阪神,5阪5,1勝,もちの木･1勝,8,13,ホールシバン,牡,2,福永祐一, 55 ,14,8,１, ,ダ1800,良,,(栗),高橋義忠,1538,-0.3,4,4,3,37.2,502,+6,
,2020.11.21,阪神,5阪5,2勝,２勝ｸﾗｽ,3,5,スズカデレヤ,牡,3,幸英明, 55 ,15,3,１, ,ダ1800,良,,(栗),大橋勇樹,1526,-0.0,8,6,2,37.2,516,-2,
,2020.11.21,阪神,5阪5,1勝,１勝ｸﾗｽ,8,9,ストリクトコード,牝,3,和田竜二, 53 ,9,4,１, 外,芝2400,良,,(栗),庄野靖志,2281,-0.3,8,8,8,34.0,440,+2,
,2020.11.21,阪神,5阪5,新馬,新馬,1,1,ルシャリーブル,牝,2,和田竜二, 54 ,16,5,１, ,ダ1200,良,,(栗),鈴木孝志,1140,-0.1,,2,2,38.2,430,,
,2020.11.21,阪神,5阪5,新馬,新馬,3,3,レゾンドゥスリール,牡,2,川田将雅, 55 ,8,1,１, 外,芝1600,良,,(栗),須貝尚介,1355,-0.2,,1,3,33.4,456,,
,2020.11.21,阪神,5阪5,未勝利,未勝利*,6,12,ヴィヴァン,牡,2,武豊, 55 ,16,1,１, 内,芝2000,良,,(栗),池江泰寿,2015,-0.2,4,4,2,35.8,484,0,
,2020.11.21,阪神,5阪5,未勝利,未勝利*,6,8,ロードリスペクト,牡,2,福永祐一, 55 ,13,1,１, 内,芝1400,良,,(栗),浅見秀一,1212,-0.3,,1,1,35.4,480,0,
,2020.11.21,阪神,5阪5,未勝利,未勝利*,4,6,ミッションレール,牡,2,松山弘平, 55 ,15,4,１, ,ダ1800,良,*,(栗),大久保龍,1572,-0.0,13,12,10,39.1,474,0,
,2020.11.21,阪神,5阪5,未勝利,未勝利・牝*,5,6,サウンドパドマ,牝,2,森裕太朗,53☆,13,5,１, ,ダ1400,良,,(栗),吉田直弘,1265,-0.2,,2,2,38.0,422,0,
,2020.11.15,阪神,5阪4,2勝,ドンカＨ･2勝,6,10,イッシン,牡,3,福永祐一, 55 ,14,2,１, ,ダ1200,良,,(栗),浅見秀一,1119,-0.0,,2,2,36.7,550,-2,
,2020.11.15,阪神,5阪4,Ｇ１,エリザベG1,8,18,ラッキーライラック,牝,5,ルメール, 56 ,18,1,１, 内,芝2200,良,,(栗),松永幹夫,2103,-0.1,12,11,3,33.9,522,-2,
,2020.11.15,阪神,5阪4,ｵｰﾌﾟﾝ,オータム,8,16,スマートセラヴィー,牡,4,戸崎圭太, 57 ,16,3,１, ,ダ1400,良,,(栗),矢作芳人,1235,-0.2,,2,2,36.1,502,+4,
,2020.11.15,阪神,5阪4,1勝,黄菊賞･1勝*,4,4,アドマイヤザーゲ,牡,2,ルメール, 55 ,5,2,１, 内,芝2000,良,,(栗),友道康夫,2018,-0.0,5,5,5,33.4,498,+8,
,2020.11.15,阪神,5阪4,2勝,２勝ｸﾗｽ,5,5,ピッツィカート,セ,7,団野大成,56☆,9,7,１, 内,芝2200,良,,(栗),音無秀孝,2136,-0.1,6,5,4,33.8,472,+4,
,2020.11.15,阪神,5阪4,2勝,２勝ｸﾗｽ,4,5,メイショウダジン,牡,3,幸英明, 55 ,14,2,１, ,ダ1800,良,,(栗),松永昌博,1529,-0.1,9,7,7,37.4,468,+8,
,2020.11.15,阪神,5阪4,1勝,１勝ｸﾗｽ,4,4,レザネフォール,牡,3,武豊, 55 ,9,2,１, 内,芝2000,良,,(栗),池江泰寿,2007,-0.0,2,2,2,34.1,468,+12,
,2020.11.15,阪神,5阪4,新馬,新馬,6,6,ダノンジェネラル,牡,2,川田将雅, 55 ,10,1,１, 外,芝1800,良,,(栗),中内田充,1504,-0.1,,6,4,33.4,490,,
,2020.11.15,阪神,5阪4,新馬,新馬・牝,1,2,シゲルピンクルビー,牝,2,幸英明, 54 ,17,1,１, 内,芝1400,良,,(栗),渡辺薫彦,1223,-0.2,,7,6,34.5,480,,
,2020.11.15,阪神,5阪4,未勝利,未勝利*,1,1,ビーアイフェリペ,牡,2,福永祐一, 55 ,15,1,１, ,ダ1400,良,,(栗),新谷功一,1257,-0.1,,5,8,38.0,504,+8,
,2020.11.15,阪神,5阪4,未勝利,未勝利*,7,13,ルークズネスト,牡,2,幸英明, 55 ,16,5,１, 外,芝1600,良,,(栗),浜田多実,1336,-0.1,,3,2,34.0,500,+2,
,2020.11.15,阪神,5阪4,未勝利,未勝利*,5,6,バーデンヴァイラー,牡,2,北村友一, 55 ,13,1,１, ,ダ1800,良,,(栗),斉藤崇史,1548,-1.0,2,2,1,36.3,498,0,
,2020.11.14,阪神,5阪3,2勝,２勝ｸﾗｽ,5,5,ルガーサント,牝,3,福永祐一, 54 ,12,3,１, 内,芝1400,良,,(栗),西村真幸,1210,-0.1,,2,2,35.5,436,+2,
,2020.11.14,阪神,5阪3,Ｇ２,デイリーG2,2,2,レッドベルオーブ,牡,2,福永祐一, 55 ,8,1,１, 外,芝1600,良,,(栗),藤原英昭,1324,-0.0,,5,5,34.0,468,-2,
,2020.11.14,阪神,5阪3,3勝,摩耶ＳＨ･3勝,1,2,テーオーケインズ,牡,3,松山弘平, 55 ,16,1,１, ,ダ1800,良,*,(栗),高柳大輔,1523,-0.3,4,5,3,36.7,488,0,
,2020.11.14,阪神,5阪3,3勝,岸和田Ｓ･3勝,3,3,ポタジェ,牡,3,川田将雅, 55 ,9,1,１, 内,芝2000,良,,(栗),友道康夫,1584,-0.0,4,4,4,35.1,458,+4,
,2020.11.14,阪神,5阪3,ＪＧ３,京都ジャJG3,1,1,タガノエスプレッソ,牡,8,平沢健治, 60 ,6,2,１, ,芝3140,良,,(栗),五十嵐忠,3296,-0.2,1,1,1,13.4,462,+2,
,2020.11.14,阪神,5阪3,1勝,１勝ｸﾗｽ,4,7,ワイドカント,牡,3,松山弘平, 56 ,16,1,１, ,ダ1400,良,,(栗),西園正都,1250,-0.1,,3,2,38.2,514,+14,
,2020.11.14,阪神,5阪3,未勝利,未勝利*,6,8,ビップランバン,牡,2,川田将雅, 55 ,12,1,１, 外,芝1800,良,,(栗),清水久詞,1456,-0.5,,1,1,34.9,466,+10,
,2020.11.14,阪神,5阪3,新馬,新馬,4,4,アトミックフレア,牝,2,酒井学, 54 ,13,7,１, 外,芝1600,良,,(栗),渡辺薫彦,1352,-0.1,,3,2,34.4,436,,
,2020.11.14,阪神,5阪3,新馬,新馬,5,9,レディバグ,牝,2,酒井学, 54 ,16,9,１, ,ダ1400,良,,(栗),北出成人,1256,-0.8,,8,4,37.1,450,,
,2020.11.14,阪神,5阪3,未勝利,未勝利*,1,1,テイエムトッキュウ,牡,2,北村友一, 55 ,15,8,１, 内,芝1200,良,,(栗),木原一良,1088,-0.2,,1,1,34.4,478,0,
,2020.11.14,阪神,5阪3,未勝利,未勝利*,8,14,タイキドミニオン,牡,2,北村友一, 55 ,14,3,１, ,ダ1800,良,,(栗),高野友和,1545,-0.4,2,1,1,39.1,504,+4,
,2020.11.14,阪神,5阪3,未勝利,未勝利・牝*,5,5,シゲルセンム,牝,2,幸英明, 54 ,12,2,１, ,ダ1200,良,,(栗),谷潔,1132,-0.4,,1,1,37.0,454,-4,
,"2020.11. 8",阪神,5阪2,2勝,２勝ｸﾗｽ,4,6,ファシネートゼット,牝,3,武豊, 54 ,14,3,１, ,ダ1400,良,,(栗),平田修,1237,-0.2,,3,3,36.2,472,+18,
,"2020.11. 8",阪神,5阪2,Ｇ３,みやこＳG3,6,6,クリンチャー,牡,6,川田将雅, 57 ,10,1,１, ,ダ1800,良,,(栗),宮本博,1499,-0.5,4,2,2,37.3,490,-2,
,"2020.11. 8",阪神,5阪2,3勝,道頓堀Ｈ･3勝,2,4,ジョーアラビカ,牡,6,川田将雅, 55 ,16,6,１, 内,芝1400,良,,(栗),清水久詞,1207,-0.0,,10,8,33.8,496,-2,
,"2020.11. 8",阪神,5阪2,2勝,鶴見特Ｈ･2勝,1,1,クーファウェヌス,牝,5,武豊, 55 ,15,1,１, 内,芝1200,良,*,(栗),武幸四郎,1081,-0.0,,4,4,34.0,496,+4,
,"2020.11. 8",阪神,5阪2,2勝,２勝ｸﾗｽ,1,1,テンザワールド,牡,6,福永祐一, 57 ,13,2,１, ,ダ2000,良,,(栗),大久保龍,2055,-0.4,8,8,5,38.4,434,+6,B
,"2020.11. 8",阪神,5阪2,1勝,１勝ｸﾗｽ,5,5,オーケーメジャー,セ,3,和田竜二, 55 ,8,5,１, ,ダ1800,良,,(栗),奥村豊,1540,-0.0,2,2,1,37.7,468,-4,
,"2020.11. 8",阪神,5阪2,新馬,新馬,7,11,グレイイングリーン,牡,2,松山弘平, 55 ,13,1,１, 内,芝1400,良,,(栗),池江泰寿,1212,-0.3,,3,3,34.6,486,,
,"2020.11. 8",阪神,5阪2,新馬,新馬,2,2,オヌール,牝,2,武豊, 54 ,10,1,１, 外,芝1800,良,,(栗),友道康夫,1487,-0.0,,3,3,33.4,418,,
,"2020.11. 8",阪神,5阪2,新馬,新馬,7,8,ワイズマンハート,牡,2,森一馬, 55 ,11,4,１, ,ダ1200,良,*,(栗),松永昌博,1128,-1.0,,1,1,37.3,478,,
,"2020.11. 8",阪神,5阪2,未勝利,未勝利*,6,6,ディクテイター,牡,2,北村友一, 55 ,11,3,１, 内,芝2000,良,,(栗),斉藤崇史,2021,-0.2,4,3,3,35.1,528,+10,
,"2020.11. 8",阪神,5阪2,未勝利,未勝利・牝*,6,8,シャーレイポピー,牝,2,福永祐一, 54 ,12,1,１, 外,芝1600,良,,(栗),石坂公一,1340,-0.6,,1,1,34.2,424,-2,
,"2020.11. 8",阪神,5阪2,未勝利,未勝利*,6,9,コパノキャッチング,牡,2,泉谷楓真,52▲,13,2,１, ,ダ1200,良,*,(栗),宮徹,1135,-0.3,,1,1,38.0,452,+6,
,"2020.11. 7",阪神,5阪1,1勝,１勝ｸﾗｽ,2,2,イズジョーノキセキ,牝,3,岩田康誠, 53 ,13,1,１, 外,芝1800,良,,(栗),石坂公一,1454,-0.3,,3,4,33.6,448,+14,
,"2020.11. 7",阪神,5阪1,Ｇ３,ファンタG3,7,10,メイケイエール,牝,2,武豊, 54 ,12,1,１, 内,芝1400,良,,(栗),武英智,1201,-0.1,,4,4,34.5,458,-2,
,"2020.11. 7",阪神,5阪1,3勝,播州Ｓ･3勝,4,7,フォーテ,牡,3,福永祐一, 56 ,16,3,１, ,ダ1200,良,,(栗),藤原英昭,1110,-0.2,,1,1,36.8,496,+4,B
,"2020.11. 7",阪神,5阪1,2勝,武田尾特･2勝,1,1,リトミカメンテ,牝,4,福永祐一, 55 ,9,1,１, 外,芝1800,良,,(栗),高野友和,1450,-0.3,,3,2,33.5,456,0,
,"2020.11. 7",阪神,5阪1,2勝,２勝ｸﾗｽ・牝,8,13,リネンファッション,牝,3,川田将雅, 53 ,14,1,１, ,ダ1800,良,,(栗),坂口智康,1519,-0.7,2,2,2,37.1,448,+2,
,"2020.11. 7",阪神,5阪1,1勝,１勝ｸﾗｽ,1,1,マティアス,牡,3,武豊, 56 ,13,1,１, ,ダ1200,良,,(栗),本田優,1118,-1.1,,3,3,36.6,488,+4,
,"2020.11. 7",阪神,5阪1,新馬,新馬,5,5,ジュディッタ,牝,2,福永祐一, 54 ,10,1,１, ,ダ1800,良,,(栗),石坂公一,1565,-0.3,3,3,3,37.9,496,,
,"2020.11. 7",阪神,5阪1,新馬,新馬,6,6,ヴェルトハイム,牝,2,藤岡康太, 54 ,7,2,１, 内,芝2000,良,,(栗),友道康夫,2047,-0.4,7,5,4,33.7,460,,
,"2020.11. 7",阪神,5阪1,未勝利,未勝利*,3,4,ディヴァインラヴ,牝,2,幸英明, 54 ,15,2,１, 外,芝1800,良,,(栗),斉藤崇史,1460,-0.1,,3,3,35.0,466,+2,
,"2020.11. 7",阪神,5阪1,未勝利,未勝利*,4,8,グレナディアガーズ,牡,2,川田将雅, 55 ,17,1,１, 内,芝1400,良,,(栗),中内田充,1204,-0.5,,2,2,34.3,456,+2,
,"2020.11. 7",阪神,5阪1,未勝利,未勝利*,4,4,ゴッドセレクション,牡,2,中井裕二, 55 ,9,7,１, ,ダ1800,良,,(栗),今野貞一,1557,-0.0,5,5,5,39.2,524,+4,B
,"2020.11. 7",阪神,5阪1,未勝利,未勝利*,5,8,マヤローザ,牝,2,和田翼, 54 ,15,14,１, ,ダ1400,良,,(栗),大橋勇樹,1265,-0.1,,4,4,39.2,438,+2,
,"2020. 7.19",阪神,4阪6,1勝,１勝ｸﾗｽ,7,14,ニホンピロランド,牡,4,小牧太, 57 ,16,10,１, ,ダ1400,良,,(栗),服部利之,1239,-0.4,,11,9,36.4,496,-2,
,"2020. 7.19",阪神,4阪6,Ｇ３,中京記念ＨG3,7,14,メイケイダイハード,牡,5,酒井学, 53 ,18,18,１, 外,芝1600,良,,(栗),中竹和也,1327,-0.0,,11,7,34.8,538,+6,
,"2020. 7.19",阪神,4阪6,3勝,オークラ･3勝,5,9,アバルラータ,牝,6,幸英明, 55 ,15,8,１, 内,芝1400,良,,(栗),鮫島一歩,1220,-0.1,,12,12,34.5,454,-2,
,"2020. 7.19",阪神,4阪6,2勝,神鍋特別･2勝,5,10,タイガーインディ,牡,3,鮫島克駿, 54 ,16,5,１, ,ダ1400,良,,(栗),大橋勇樹,1236,-0.2,,2,2,37.0,448,0,
,"2020. 7.19",阪神,4阪6,1勝,１勝ｸﾗｽ,5,9,ペプチドオーキッド,牡,5,松山弘平, 57 ,16,2,１, 内,芝2200,良,,(栗),武英智,2140,-0.1,8,8,8,37.6,486,-4,
,"2020. 7.19",阪神,4阪6,1勝,１勝ｸﾗｽ・牝,4,6,ダンツエリーゼ,牝,3,松若風馬, 52 ,15,2,１, ,ダ1800,良,,(栗),本田優,1525,-0.4,10,10,12,37.0,530,0,
,"2020. 7.19",阪神,4阪6,未勝利,未勝利,3,6,ワールドスケール,牡,3,小崎綾也, 56 ,18,1,１, 外,芝1600,良,,(栗),野中賢二,1351,-0.1,,4,4,35.9,464,-2,
,"2020. 7.19",阪神,4阪6,新馬,新馬,8,12,ラーゴム,牡,2,北村友一, 54 ,12,2,１, 内,芝2000,良,,(栗),斉藤崇史,2041,-0.1,3,3,3,35.6,506,,
,"2020. 7.19",阪神,4阪6,未勝利,未勝利,5,9,ダノンボヌール,牝,3,中井裕二, 54 ,16,4,１, ,ダ1200,良,,(栗),村山明,1117,-0.2,,1,1,36.7,488,-2,
,"2020. 7.19",阪神,4阪6,未勝利,未勝利,3,4,オンザフェーヴル,牡,3,福永祐一, 56 ,15,1,１, ,ダ2000,良,,(栗),野中賢二,2068,-0.2,6,6,6,38.1,480,-4,
,"2020. 7.19",阪神,4阪6,未勝利,未勝利*,3,5,マイネルジェロディ,牡,2,川田将雅, 54 ,16,3,１, 内,芝1400,良,,(栗),西園正都,1223,-0.7,,1,1,36.3,436,-10,
,"2020. 7.19",阪神,4阪6,未勝利,障害未勝利,3,3,マサハヤドリーム,セ,8,森一馬, 60 ,13,1,１, ,ダ2970,良,,(栗),今野貞一,3211,-1.7,2,1,1,13.5,482,+2,
,"2020. 7.18",阪神,4阪5,1勝,１勝ｸﾗｽ,7,15,アーデンフォレスト,牡,4,岩田望来,56☆,18,6,１, 外,芝1600,良,,(栗),藤原英昭,1350,-0.2,,7,7,34.6,454,-10,
,"2020. 7.18",阪神,4阪5,OP(L),ジュライ(L),5,6,ウインユニファイド,牡,8,幸英明, 56 ,12,9,１, ,ダ1800,良,,(栗),飯田雄三,1507,-0.0,2,2,2,36.5,520,+2,B
,"2020. 7.18",阪神,4阪5,2勝,能勢特別･2勝,8,14,ダンスディライト,牡,4,福永祐一, 57 ,14,4,１, 内,芝2000,良,,(栗),松永幹夫,2016,-0.1,12,12,8,36.8,498,-2,
,"2020. 7.18",阪神,4阪5,2勝,戎橋特別･2勝,3,4,セプタリアン,セ,4,北村友一, 57 ,15,2,１, 内,芝1400,良,*,(栗),池添学,1226,-0.2,,3,4,36.0,494,-2,
,"2020. 7.18",阪神,4阪5,1勝,１勝ｸﾗｽ,5,10,ハギノアレグリアス,牡,3,川田将雅, 54 ,16,1,１, ,ダ2000,良,,(栗),松田国英,2045,-0.2,5,5,5,36.4,476,+2,
,"2020. 7.18",阪神,4阪5,未勝利,未勝利,3,6,メイショウヨカゼ,牡,3,浜中俊, 56 ,16,4,１, ,ダ1800,良,,(栗),荒川義之,1536,-0.1,6,6,3,37.0,496,-2,
,"2020. 7.18",阪神,4阪5,新馬,新馬・牝,2,2,リリアンフェルス,牝,2,北村友一, 54 ,13,4,１, 内,芝1200,良,,(栗),安田翔伍,1117,-0.2,,1,1,36.2,428,,
,"2020. 7.18",阪神,4阪5,新馬,新馬,5,10,ヴェールクレール,牝,2,福永祐一, 54 ,17,1,１, 内,芝1400,良,,(栗),高橋亮,1246,-0.2,,8,7,36.5,470,,
,"2020. 7.18",阪神,4阪5,未勝利,未勝利,2,4,ダノンレガーロ,牡,3,川田将雅, 56 ,18,1,１, 内,芝2200,良,,(栗),中内田充,2160,-0.1,11,7,4,37.5,446,-2,
,"2020. 7.18",阪神,4阪5,未勝利,未勝利,7,14,フィナールショコラ,牝,3,福永祐一, 54 ,16,2,１, ,ダ1400,稍,,(栗),西村真幸,1252,-0.1,,3,2,37.8,414,+2,
,"2020. 7.18",阪神,4阪5,未勝利,未勝利・牝,8,16,デイオブジョイ,牝,3,川須栄彦, 54 ,16,7,１, ,ダ1800,稍,,(栗),松下武士,1531,-0.7,12,9,8,37.5,460,-4,
,"2020. 7.18",阪神,4阪5,未勝利,未勝利*,7,11,ヨッシーフェイス,牡,2,川須栄彦, 54 ,13,1,１, ,ダ1200,稍,,(栗),寺島良,1113,-1.0,,1,1,36.4,468,0,
,"2020. 7.12",阪神,4阪4,2勝,シンガＨ･2勝,7,13,オールイズウェル,牡,4,川田将雅, 55 ,15,1,１, 外,芝1600,稍,,(栗),佐々木晶,1352,-0.4,,8,6,34.6,486,-2,
,"2020. 7.12",阪神,4阪4,Ｇ３,プロキオG3,3,6,サンライズノヴァ,牡,6,松若風馬, 59 ,16,5,１, ,ダ1400,稍,,(栗),音無秀孝,1218,-0.3,,14,9,34.4,530,+1,
,"2020. 7.12",阪神,4阪4,3勝,フィリピ･3勝,1,1,ダノンスプレンダー,牡,4,浜中俊, 57 ,16,1,１, ,ダ1800,稍,*,(栗),安田隆行,1516,-0.0,2,2,2,37.7,504,-4,B
,"2020. 7.12",阪神,4阪4,1勝,タイラン･1勝,4,4,ダンシングリッチー,牡,3,松山弘平, 54 ,9,2,１, 外,芝2400,稍,,(栗),長谷川浩,2304,-0.5,2,2,2,35.9,450,+2,
,"2020. 7.12",阪神,4阪4,1勝,１勝ｸﾗｽ,4,4,ターキッシュパレス,牡,3,富田暁,53☆,9,7,１, 外,芝1800,稍,,(栗),昆貢,1482,-0.0,,2,2,36.0,476,0,
,"2020. 7.12",阪神,4阪4,1勝,１勝ｸﾗｽ,6,12,オースミムテキ,牡,4,岩田望来,56☆,16,1,１, ,ダ1200,稍,,(栗),松永昌博,1109,-0.1,,2,2,36.5,472,-4,
,"2020. 7.12",阪神,4阪4,新馬,新馬,7,10,テイエムマジック,牡,2,松山弘平, 54 ,13,2,１, ,ダ1400,稍,,(栗),鈴木孝志,1259,-0.3,,3,2,38.9,494,,
,"2020. 7.12",阪神,4阪4,新馬,新馬,6,6,ヨーホーレイク,牡,2,武豊, 54 ,7,1,１, 外,芝1800,稍,,(栗),友道康夫,1514,-0.1,,4,3,35.7,492,,
,"2020. 7.12",阪神,4阪4,未勝利,未勝利,8,16,スターズプレミア,牡,3,川田将雅, 56 ,16,1,１, ,ダ1400,重,,(栗),池江泰寿,1247,-0.1,,3,2,37.7,460,+8,
,"2020. 7.12",阪神,4阪4,未勝利,未勝利・牝,6,11,タンジェリンムーン,牝,3,川田将雅, 54 ,16,1,１, 内,芝2000,稍,,(栗),松永昌博,2047,-0.8,1,1,1,36.7,434,+4,
,"2020. 7.12",阪神,4阪4,未勝利,未勝利,4,8,ストークダバノン,牡,3,浜中俊, 56 ,16,4,１, ,ダ1800,重,,(栗),松永幹夫,1526,-0.4,6,1,1,38.3,506,+2,
,"2020. 7.12",阪神,4阪4,未勝利,未勝利*,5,5,モントライゼ,牡,2,川田将雅, 54 ,10,1,１, 内,芝1200,稍,,(栗),松永幹夫,1102,-1.7,,1,1,35.0,482,0,
,"2020. 7.11",阪神,4阪3,1勝,１勝ｸﾗｽ,8,16,ファストフォース,牡,4,松山弘平, 57 ,16,4,１, 内,芝1200,重,,(栗),西村真幸,1108,-0.4,,4,4,36.2,514,+4,
,"2020. 7.11",阪神,4阪3,3勝,マレーシ･3勝,4,7,タガノアスワド,牝,6,西村淳也, 55 ,15,5,１, 外,芝1800,重,,(栗),五十嵐忠,1489,-0.1,,1,1,37.9,524,-2,
,"2020. 7.11",阪神,4阪3,2勝,インディ･2勝,6,12,ライトウォーリア,牡,3,岩田望来, 54 ,16,5,１, ,ダ1800,重,,(栗),高野友和,1500,-0.2,3,3,3,37.2,484,+2,
,"2020. 7.11",阪神,4阪3,2勝,マカオジ･2勝,8,16,ロンス,牝,5,酒井学, 55 ,16,6,１, ,ダ1200,重,,(栗),松永昌博,1101,-0.0,,8,8,35.7,466,-4,
,"2020. 7.11",阪神,4阪3,1勝,１勝ｸﾗｽ,7,10,スズカデレヤ,牡,3,秋山真一, 54 ,13,2,１, ,ダ1800,重,*,(栗),大橋勇樹,1508,-0.0,6,5,2,36.4,512,+2,
,"2020. 7.11",阪神,4阪3,未勝利,未勝利,1,2,クイーンカピオラニ,牝,3,北村友一, 54 ,18,14,１, 内,芝1400,重,,(栗),庄野靖志,1247,-0.2,,7,10,38.1,414,-2,
,"2020. 7.11",阪神,4阪3,新馬,新馬,3,3,セレッソフレイム,牝,2,小牧太, 54 ,8,4,１, 内,芝1200,重,*,(栗),服部利之,1133,-0.2,,2,2,35.8,428,,
,"2020. 7.11",阪神,4阪3,新馬,新馬・牝,6,8,ダノンシュネラ,牝,2,川田将雅, 54 ,13,1,１, 外,芝1600,重,,(栗),池江泰寿,1387,-0.2,,8,7,35.8,496,,
,"2020. 7.11",阪神,4阪3,未勝利,障害未勝利,7,8,ブラックワンダー,牡,4,石神深一, 60 ,10,2,１, ,ダ2970,不,,(美),尾形和幸,3198,-0.2,1,1,1,13.5,464,-8,
,"2020. 7.11",阪神,4阪3,未勝利,未勝利・牝,7,13,マジックアーツ,牝,3,松山弘平, 54 ,15,4,１, ,ダ1800,不,*,(栗),安田翔伍,1523,-0.0,6,6,5,38.1,440,+2,B
,"2020. 7.11",阪神,4阪3,未勝利,未勝利,8,18,リズムオブラヴ,牝,3,北村友一, 54 ,18,4,１, 外,芝1800,不,,(栗),藤原英昭,1506,-0.9,,3,1,38.6,462,0,
,"2020. 7.11",阪神,4阪3,ｵｰﾌﾟﾝ,障害・オープ,5,5,レンジストライク,牡,5,石神深一, 60 ,11,1,１, ,ダ3110,不,,(美),武井亮,3321,-0.6,5,4,1,13.6,534,+10,
,"2020. 7. 5",阪神,4阪2,2勝,２勝ｸﾗｽ,8,14,テーオーターゲット,牡,4,川田将雅, 57 ,15,1,１, ,ダ1400,稍,,(栗),吉岡辰弥,1235,-0.1,,4,3,37.4,504,+2,
,"2020. 7. 5",阪神,4阪2,Ｇ３,ＣＢＣ賞ＨG3,2,3,ラブカンプー,牝,5,斎藤新, 51 ,16,13,１, 内,芝1200,稍,,(栗),森田直行,1087,-0.3,,1,1,35.2,442,-2,B
,"2020. 7. 5",阪神,4阪2,2勝,西脇特別･2勝,1,1,ラインベック,牡,3,川田将雅, 54 ,11,2,１, ,ダ1800,稍,,(栗),友道康夫,1511,-0.2,1,1,1,36.4,476,+8,
,"2020. 7. 5",阪神,4阪2,2勝,兵庫特別･2勝,2,2,ロールオブサンダー,牡,3,福永祐一, 54 ,12,2,１, 外,芝2400,稍,,(栗),橋口慎介,2260,-1.5,1,1,1,35.0,496,-10,
,"2020. 7. 5",阪神,4阪2,1勝,１勝ｸﾗｽ・牝,4,8,アンジュミニョン,牝,4,田中健, 55 ,18,5,１, 内,芝1400,稍,,(栗),佐々木晶,1226,-0.1,,2,2,36.3,454,-4,
,"2020. 7. 5",阪神,4阪2,1勝,１勝ｸﾗｽ,3,6,タイガーインディ,牡,3,鮫島克駿, 54 ,16,10,１, ,ダ1400,重,,(栗),大橋勇樹,1235,-0.4,,1,1,37.6,448,+2,
,"2020. 7. 5",阪神,4阪2,未勝利,未勝利,2,2,ピエーナテーラー,牝,3,秋山真一, 54 ,14,1,１, 内,芝1200,稍,,(栗),石橋守,1103,-0.0,,1,1,35.8,480,+8,
,"2020. 7. 5",阪神,4阪2,新馬,新馬,1,1,ステラヴェローチェ,牡,2,川田将雅, 54 ,14,2,１, 外,芝1600,稍,,(栗),須貝尚介,1364,-0.0,,2,1,35.7,488,,
,"2020. 7. 5",阪神,4阪2,未勝利,未勝利,5,8,ロードクラージュ,セ,3,中井裕二, 56 ,14,4,１, ,ダ1200,重,,(栗),安田隆行,1118,-0.1,,3,3,36.3,466,0,
,"2020. 7. 5",阪神,4阪2,未勝利,未勝利・牝,4,5,スマートアリエル,牝,3,泉谷楓真,51▲,13,2,１, ,ダ1800,重,,(栗),角居勝彦,1511,-1.1,1,1,1,38.1,458,+8,
,"2020. 7. 5",阪神,4阪2,未勝利,未勝利,1,1,カケル,牡,3,幸英明, 56 ,17,2,１, 外,芝1600,稍,,(栗),大根田裕,1359,-0.1,,4,5,36.3,482,-4,
,"2020. 7. 5",阪神,4阪2,未勝利,障害未勝利,5,5,ガッツィーソート,牡,5,中村将之, 60 ,10,3,１, ,ダ2970,稍,,(栗),鈴木孝志,3259,-0.3,4,5,5,13.9,512,-2,
,"2020. 7. 4",阪神,4阪1,1勝,１勝ｸﾗｽ,2,2,メイショウカズサ,牡,3,松山弘平, 54 ,12,3,１, ,ダ1800,不,,(栗),安達昭夫,1494,-0.0,1,1,1,36.6,478,+4,B
,"2020. 7. 4",阪神,4阪1,3勝,大阪スＨ･3勝,7,13,メイショウテンスイ,牡,3,川田将雅, 54 ,16,1,１, ,ダ1400,不,,(栗),南井克巳,1222,-0.0,,5,4,35.7,510,0,
,"2020. 7. 4",阪神,4阪1,2勝,芦屋川特･2勝,5,5,ビアイ,牝,3,原田和真, 52 ,10,2,１, 内,芝1200,重,*,(栗),田所秀孝,1107,-0.0,,1,1,35.0,484,+2,B
,"2020. 7. 4",阪神,4阪1,1勝,生田特別･1勝,6,6,ポタジェ,牡,3,川田将雅, 54 ,10,1,１, 内,芝2000,重,,(栗),友道康夫,2032,-0.2,3,3,2,37.1,452,0,
,"2020. 7. 4",阪神,4阪1,1勝,１勝ｸﾗｽ・牝,7,12,コパノフィーリング,牝,3,北村友一, 52 ,14,3,１, ,ダ1200,不,,(栗),宮徹,1104,-0.5,,2,2,35.5,462,+6,
,"2020. 7. 4",阪神,4阪1,1勝,１勝ｸﾗｽ,8,11,ラルナブリラーレ,牝,3,北村友一, 52 ,12,2,１, 外,芝1600,重,,(栗),石坂正,1353,-0.2,,3,3,35.5,462,0,
,"2020. 7. 4",阪神,4阪1,新馬,新馬,3,3,デュアリスト,牡,2,北村友一, 54 ,9,1,１, ,ダ1200,不,,(栗),安田隆行,1119,-0.1,,2,2,36.5,478,,
,"2020. 7. 4",阪神,4阪1,新馬,新馬,5,10,ジャカランダレーン,牝,2,福永祐一, 54 ,16,1,１, 内,芝1400,重,,(栗),中内田充,1246,-0.7,,5,4,36.8,434,,
,"2020. 7. 4",阪神,4阪1,未勝利,未勝利,2,4,ロックグラス,牡,3,秋山真一, 56 ,17,3,１, 外,芝2400,重,,(栗),谷潔,2301,-0.4,3,2,2,36.6,462,+2,
,"2020. 7. 4",阪神,4阪1,未勝利,未勝利,4,8,テイエムホイッスル,牡,3,幸英明, 56 ,16,1,１, ,ダ1800,不,,(栗),飯田雄三,1512,-0.6,7,4,2,37.3,462,-8,
,"2020. 7. 4",阪神,4阪1,未勝利,未勝利・牝,7,13,スエーニョブランコ,牝,3,福永祐一, 54 ,16,1,１, ,ダ1400,不,,(栗),上村洋行,1242,-0.0,,2,2,37.4,496,+2,
,"2020. 7. 4",阪神,4阪1,未勝利,未勝利*,1,1,ホウオウアマゾン,牡,2,川田将雅, 54 ,12,2,１, 外,芝1600,重,,(栗),矢作芳人,1361,-0.2,,2,2,35.7,490,-4,
,"2020. 6.28",阪神,3阪8,2勝,リボン賞･2勝,6,11,ローザノワール,牝,4,福永祐一, 55 ,16,5,１, ,ダ1800,重,,(栗),西園正都,1513,-0.7,2,2,1,37.2,464,+2,B
,"2020. 6.28",阪神,3阪8,Ｇ１,宝塚記念G1,8,16,クロノジェネシス,牝,4,北村友一, 56 ,18,2,１, 内,芝2200,稍,,(栗),斉藤崇史,2135,-1.0,8,7,1,36.3,464,+10,
,"2020. 6.28",阪神,3阪8,3勝,花のみＨ･3勝,3,5,ハギノアトラス,牡,4,川田将雅, 55 ,16,3,１, ,ダ1800,重,,(栗),鮫島一歩,1517,-0.3,3,3,3,37.2,484,-8,
,"2020. 6.28",阪神,3阪8,2勝,舞子特別･2勝,7,9,メイショウチタン,牡,3,松山弘平, 54 ,12,2,１, 内,芝1400,良,,(栗),本田優,1218,-0.0,,2,2,34.9,458,+4,
,"2020. 6.28",阪神,3阪8,1勝,城崎特別･1勝,4,4,セウラサーリ,牝,3,池添謙一, 52 ,9,3,１, 外,芝1800,良,,(栗),西園正都,1471,-0.5,,3,2,34.1,450,0,
,"2020. 6.28",阪神,3阪8,1勝,１勝ｸﾗｽ,4,4,ラインハイト,牡,3,北村友一, 53 ,9,2,１, 内,芝2200,良,,(栗),石坂正,2144,-0.2,2,2,2,36.5,462,-8,
,"2020. 6.28",阪神,3阪8,未勝利,未勝利,8,15,カモントゥミー,牡,3,松山弘平, 56 ,16,4,１, ,ダ1200,稍,,(栗),牧田和弥,1128,-0.0,,4,5,36.9,488,+6,
,"2020. 6.28",阪神,3阪8,新馬,新馬,7,12,ダノンザキッド,牡,2,北村友一, 54 ,14,2,１, 外,芝1800,稍,,(栗),安田隆行,1483,-0.5,,5,4,34.7,496,,
,"2020. 6.28",阪神,3阪8,未勝利,未勝利,3,6,シンゼンデレヤ,牡,3,浜中俊, 56 ,16,2,１, ,ダ2000,稍,,(栗),荒川義之,2061,-0.3,11,1,1,38.8,514,+4,
,"2020. 6.28",阪神,3阪8,未勝利,未勝利,8,16,ヴェントボニート,牝,3,ルメール, 54 ,18,1,１, 外,芝1600,稍,,(栗),池添学,1343,-0.5,,6,5,34.8,414,-4,
,"2020. 6.28",阪神,3阪8,未勝利,未勝利,3,5,ヴェラアズール,牡,3,レーン, 56 ,16,1,１, ,ダ1800,稍,,(栗),渡辺薫彦,1538,-0.2,6,4,5,38.2,506,-10,
,"2020. 6.28",阪神,3阪8,未勝利,未勝利・牝,2,4,ポピュリズム,牝,3,福永祐一, 54 ,16,1,１, ,ダ1400,稍,,(栗),昆貢,1255,-0.1,,4,4,37.8,490,0,
,"2020. 6.27",阪神,3阪7,1勝,１勝ｸﾗｽ,3,5,エピキュール,牡,3,ルメール, 54 ,16,1,１, ,ダ1800,良,,(栗),杉山晴紀,1530,-0.3,13,11,9,37.2,512,-4,
,"2020. 6.27",阪神,3阪7,3勝,水無月Ｈ･3勝,1,2,ブライティアレディ,牝,7,秋山真一, 54 ,16,4,１, 内,芝1200,良,,(栗),武幸四郎,1091,-0.0,,3,4,34.9,440,0,
,"2020. 6.27",阪神,3阪7,2勝,京橋特別･2勝,6,6,カセドラルベル,牝,4,松山弘平, 55 ,10,1,１, 内,芝2000,良,,(栗),西村真幸,1589,-0.2,2,2,2,36.7,538,-6,
,"2020. 6.27",阪神,3阪7,1勝,出石特別･1勝,6,11,スマートクラージュ,牡,3,藤井勘一, 54 ,17,1,１, 内,芝1400,良,,(栗),池江泰寿,1213,-0.2,,5,4,35.6,478,+2,
,"2020. 6.27",阪神,3阪7,1勝,１勝ｸﾗｽ,5,10,ファストボウラー,牡,3,松山弘平, 54 ,16,5,１, ,ダ1200,良,,(栗),渡辺薫彦,1114,-0.4,,1,1,36.6,450,-8,B
,"2020. 6.27",阪神,3阪7,1勝,１勝ｸﾗｽ・牝,5,6,アルコレーヌ,牝,3,川田将雅, 52 ,12,1,１, ,ダ1800,良,,(栗),奥村豊,1522,-1.1,2,2,1,37.0,456,0,
,"2020. 6.27",阪神,3阪7,未勝利,未勝利,8,16,ウィズダイヤモンズ,牝,3,和田竜二, 54 ,16,2,１, 内,芝2000,良,,(栗),宮徹,2021,-0.7,7,6,4,35.3,404,-4,
,"2020. 6.27",阪神,3阪7,新馬,新馬,2,2,メイショウイチヒメ,牝,2,武豊, 54 ,8,1,１, 内,芝1200,良,,(栗),飯田祐史,1126,-0.0,,6,5,34.7,428,,
,"2020. 6.27",阪神,3阪7,未勝利,未勝利,3,5,メイショウハクサン,牡,3,中井裕二, 56 ,16,3,１, ,ダ1800,良,,(栗),中内田充,1536,-0.0,13,7,7,37.9,484,+6,
,"2020. 6.27",阪神,3阪7,未勝利,未勝利,4,7,ヴァクストゥーム,牡,3,浜中俊, 56 ,16,3,１, ,ダ1400,良,,(栗),吉田直弘,1245,-0.9,,3,3,37.3,462,+14,
,"2020. 6.27",阪神,3阪7,未勝利,未勝利・牝,2,3,グレースルビー,牝,3,ルメール, 54 ,15,1,１, ,ダ1800,良,*,(栗),羽月友彦,1532,-0.6,7,8,5,37.2,464,0,
,"2020. 6.27",阪神,3阪7,未勝利,未勝利*,7,10,ゴールドチャリス,牝,2,浜中俊, 54 ,13,6,１, 内,芝1400,良,,(栗),武幸四郎,1217,-0.1,,1,1,35.8,406,-2,
,"2020. 6.21",阪神,3阪6,2勝,２勝ｸﾗｽ,2,3,フォーテ,牡,3,福永祐一, 54 ,16,1,１, ,ダ1200,稍,,(栗),藤原英昭,1117,-0.0,,1,1,35.9,492,+12,B
,"2020. 6.21",阪神,3阪6,OP(L),米子Ｓ(L),7,15,スマイルカナ,牝,3,柴田大知, 50 ,18,2,１, 外,芝1600,良,,(美),高橋祥泰,1327,-0.2,,3,1,34.7,410,-10,
,"2020. 6.21",阪神,3阪6,3勝,垂水Ｓ･3勝,6,11,ランブリングアレー,牝,4,福永祐一, 55 ,16,1,１, 内,芝2000,良,,(栗),友道康夫,1591,-0.3,3,3,2,35.8,466,-6,
,"2020. 6.21",阪神,3阪6,2勝,鷹取特別･2勝,4,6,シャンパンクーペ,牡,4,中井裕二, 57 ,15,2,１, ,ダ2000,稍,,(栗),今野貞一,2056,-0.1,15,3,3,36.4,524,-6,B
,"2020. 6.21",阪神,3阪6,1勝,１勝ｸﾗｽ,1,1,サンライズオネスト,牡,3,松若風馬, 54 ,14,1,１, 外,芝1600,良,,(栗),河内洋,1343,-0.5,,1,1,33.7,464,0,
,"2020. 6.21",阪神,3阪6,1勝,１勝ｸﾗｽ・牝,8,8,クラヴェル,牝,3,川田将雅, 52 ,9,2,１, 外,芝1800,良,,(栗),安田翔伍,1461,-0.2,,4,3,34.9,432,+2,
,"2020. 6.21",阪神,3阪6,1勝,１勝ｸﾗｽ,7,14,アイタイ,牡,4,森裕太朗,56☆,16,6,１, ,ダ1400,稍,,(栗),角居勝彦,1249,-0.0,,16,13,36.7,520,0,
,"2020. 6.21",阪神,3阪6,新馬,新馬,6,12,シュヴァリエローズ,牡,2,川田将雅, 54 ,16,1,１, 外,芝1600,良,,(栗),清水久詞,1359,-0.1,,3,3,34.1,438,,
,"2020. 6.21",阪神,3阪6,未勝利,未勝利,8,15,オーシャンズ,牝,3,福永祐一, 54 ,16,1,１, ,ダ1200,稍,,(栗),岡田稲男,1127,-0.0,,2,2,36.6,494,+2,
,"2020. 6.21",阪神,3阪6,未勝利,未勝利・牝,2,3,ナムラパフィン,牝,3,松山弘平, 54 ,15,1,１, ,ダ1800,稍,,(栗),鈴木孝志,1545,-0.0,12,10,7,37.8,422,0,
,"2020. 6.21",阪神,3阪6,未勝利,未勝利,3,5,エバーマノ,牝,3,幸英明, 54 ,18,11,１, 内,芝2200,良,,(栗),藤岡健一,2136,-0.0,10,9,8,35.3,456,-2,
,"2020. 6.21",阪神,3阪6,未勝利,障害未勝利,6,6,ギラーミン,セ,5,白浜雄造, 60 ,10,2,１, ,ダ2970,良,,(栗),寺島良,3253,-0.6,1,1,1,13.8,506,+2,
,"2020. 6.20",阪神,3阪5,1勝,１勝ｸﾗｽ,8,16,ビアイ,牝,3,原田和真, 52 ,16,3,１, 内,芝1200,良,,(栗),田所秀孝,1088,-0.2,,1,1,34.3,482,-2,B
,"2020. 6.20",阪神,3阪5,ｵｰﾌﾟﾝ,三宮ＳＨ,7,13,ヴェンジェンス,牡,7,幸英明, 58 ,16,1,１, ,ダ1800,稍,,(栗),大根田裕,1495,-0.2,6,3,2,36.3,490,-6,
,"2020. 6.20",阪神,3阪5,3勝,安芸Ｓ･3勝,6,11,レシプロケイト,牡,4,川田将雅, 57 ,16,1,１, ,ダ1200,稍,,(栗),鮫島一歩,1100,-0.0,,7,5,35.2,512,+4,
,"2020. 6.20",阪神,3阪5,2勝,小豆島特･2勝,7,8,シャイニーロック,牡,4,松若風馬, 57 ,10,6,１, 外,芝1600,良,,(栗),佐々木晶,1338,-0.3,,2,2,35.8,508,-2,
,"2020. 6.20",阪神,3阪5,1勝,１勝ｸﾗｽ,6,8,パンサラッサ,牡,3,松山弘平, 54 ,12,3,１, 内,芝2000,良,,(栗),矢作芳人,2000,-0.4,1,1,1,35.8,462,+10,
,"2020. 6.20",阪神,3阪5,1勝,１勝ｸﾗｽ,3,4,アジャストザルート,牡,3,西村淳也, 54 ,14,9,１, ,ダ2000,重,,(栗),池添学,2044,-0.7,1,1,1,37.3,486,0,
,"2020. 6.20",阪神,3阪5,未勝利,未勝利・牝,2,3,ダンツイノーバ,牝,3,秋山真一, 54 ,18,2,１, 外,芝1800,稍,,(栗),谷潔,1476,-0.2,,2,2,35.2,446,-2,
,"2020. 6.20",阪神,3阪5,新馬,新馬,6,8,レディステディゴー,牡,2,鮫島克駿, 54 ,12,2,１, ,ダ1200,重,,(栗),浅見秀一,1132,-0.2,,4,2,37.5,500,,
,"2020. 6.20",阪神,3阪5,未勝利,未勝利,3,5,トゥールドマジ,牝,3,和田竜二, 54 ,18,7,１, 内,芝1400,稍,,(栗),田所秀孝,1221,-0.1,,1,1,36.4,458,-2,
,"2020. 6.20",阪神,3阪5,未勝利,未勝利,1,2,オーケーメジャー,セ,3,和田竜二, 56 ,16,2,１, ,ダ1800,重,,(栗),奥村豊,1531,-0.3,3,6,6,37.2,460,-4,
,"2020. 6.20",阪神,3阪5,未勝利,未勝利,6,11,ゲンパチアイアン,牡,3,川須栄彦, 56 ,16,4,１, ,ダ1400,重,,(栗),佐々木晶,1249,-0.1,,2,1,38.1,470,0,
,"2020. 6.20",阪神,3阪5,未勝利,未勝利・牝,4,7,マリスドランジュ,牝,3,鮫島克駿, 54 ,16,3,１, ,ダ1200,重,,(栗),宮本博,1119,-0.0,,3,3,36.6,448,-2,
,"2020. 6.14",阪神,3阪4,1勝,１勝ｸﾗｽ,8,16,カワキタアジン,牝,3,泉谷楓真,49▲,18,3,１, 内,芝1400,稍,,(栗),杉山晴紀,1223,-0.3,,14,12,35.2,474,-4,
,"2020. 6.14",阪神,3阪4,Ｇ３,マーメイＨG3,7,13,サマーセント,牝,4,酒井学, 50 ,16,7,１, 内,芝2000,稍,*,(栗),斉藤崇史,2011,-0.1,2,2,2,36.4,452,0,
,"2020. 6.14",阪神,3阪4,3勝,灘Ｓ･3勝,6,11,ダノンテイオー,牡,4,松山弘平, 57 ,16,3,１, ,ダ2000,重,,(栗),大久保龍,2055,-0.1,5,3,1,37.8,466,-6,
,"2020. 6.14",阪神,3阪4,2勝,洲本特別･2勝,7,14,ウルトラマリン,牝,3,浜中俊, 52 ,16,2,１, ,ダ1400,重,,(栗),今野貞一,1231,-0.5,,2,1,36.1,472,+2,
,"2020. 6.14",阪神,3阪4,1勝,１勝ｸﾗｽ,2,2,オールイズウェル,牡,4,川田将雅, 57 ,11,3,１, 外,芝1800,稍,,(栗),佐々木晶,1478,-0.3,,3,4,35.6,488,-4,
,"2020. 6.14",阪神,3阪4,1勝,１勝ｸﾗｽ,1,1,プリモダルク,牝,3,福永祐一, 52 ,16,1,１, ,ダ1200,重,,(栗),藤原英昭,1103,-0.4,,1,1,36.5,450,+4,
,"2020. 6.14",阪神,3阪4,未勝利,未勝利,1,1,ナリタザクラ,牡,3,福永祐一, 56 ,17,1,１, 外,芝2600,稍,,(栗),高橋亮,2428,-0.7,6,6,4,36.5,492,-4,B
,"2020. 6.14",阪神,3阪4,新馬,新馬,7,8,フラーズダルム,牝,2,福永祐一, 54 ,11,4,１, 外,芝1600,稍,,(栗),松永昌博,1371,-0.7,,2,1,35.5,454,,
,"2020. 6.14",阪神,3阪4,未勝利,未勝利,4,7,ルールシェーバー,牡,3,松山弘平, 56 ,16,2,１, ,ダ1400,不,,(栗),北出成人,1243,-0.0,,2,2,38.2,474,0,
,"2020. 6.14",阪神,3阪4,未勝利,未勝利・牝,5,9,ロニセラ,牝,3,福永祐一, 54 ,15,3,１, ,ダ1800,不,,(栗),高野友和,1533,-0.1,6,6,4,38.9,438,+10,
,"2020. 6.14",阪神,3阪4,未勝利,未勝利,1,1,ゼツエイ,牡,3,福永祐一, 54 ,16,1,１, 内,芝1200,重,,(栗),音無秀孝,1099,-0.0,,3,3,35.2,480,-2,
,"2020. 6.14",阪神,3阪4,ｵｰﾌﾟﾝ,障害・オープ,6,6,ブレイクスピアー,牡,5,熊沢重文, 60 ,11,6,１, ,ダ3110,重,,(栗),長谷川浩,3272,-5.6,1,1,1,13.3,490,-8,
,"2020. 6.13",阪神,3阪3,2勝,２勝ｸﾗｽ・牝,8,11,ダイアナブライト,牝,4,川田将雅, 55 ,12,3,１, ,ダ1800,不,*,(栗),石坂正,1516,-0.2,2,2,1,36.5,442,+6,
,"2020. 6.13",阪神,3阪3,ｵｰﾌﾟﾝ,天保山Ｓ,4,8,サヴィ,牡,6,和田竜二, 56 ,16,5,１, ,ダ1400,不,,(栗),中内田充,1223,-0.1,,2,2,36.5,462,-6,
,"2020. 6.13",阪神,3阪3,2勝,三田特Ｈ･2勝,2,2,メイショウホウトウ,牡,9,太宰啓介, 53 ,12,11,１, 内,芝2200,稍,,(栗),上村洋行,2147,-0.0,2,2,2,36.7,500,+2,
,"2020. 6.13",阪神,3阪3,1勝,甲武特別･1勝,4,4,ヒートオンビート,牡,3,川田将雅, 53 ,10,1,１, 外,芝2400,稍,,(栗),松田国英,2277,-0.9,5,5,4,36.2,460,+6,
,"2020. 6.13",阪神,3阪3,1勝,１勝ｸﾗｽ,4,8,ペオース,牡,3,松山弘平, 54 ,16,1,１, ,ダ1800,不,,(栗),大久保龍,1514,-0.0,2,3,3,36.0,460,-14,
,"2020. 6.13",阪神,3阪3,1勝,１勝ｸﾗｽ・牝,5,9,クインズヴィヴィ,牝,3,岩田望来,51☆,16,2,１, ,ダ1400,不,,(栗),野中賢二,1231,-0.4,,13,11,36.3,480,-6,B
,"2020. 6.13",阪神,3阪3,未勝利,未勝利,2,4,アウサンガテ,牡,3,川田将雅, 56 ,18,1,１, 外,芝1800,稍,,(栗),中内田充,1484,-0.2,,4,4,36.5,432,-2,
,"2020. 6.13",阪神,3阪3,新馬,新馬,3,3,ヨカヨカ,牝,2,福永祐一, 54 ,8,2,１, 内,芝1200,稍,,(栗),谷潔,1108,-0.0,,4,4,34.7,452,,
,"2020. 6.13",阪神,3阪3,未勝利,未勝利・牝,3,5,トウケイミラ,牝,3,鮫島良太, 54 ,18,8,１, 外,芝1600,稍,,(栗),高柳大輔,1353,-0.0,,5,5,36.0,438,+14,
,"2020. 6.13",阪神,3阪3,未勝利,未勝利,5,9,メイショウカズサ,牡,3,松山弘平, 56 ,16,1,１, ,ダ1800,不,,(栗),安達昭夫,1518,-0.1,2,1,1,37.9,474,-4,B
,"2020. 6.13",阪神,3阪3,未勝利,未勝利,4,8,ニホンピログルーヴ,牡,3,幸英明, 56 ,16,2,１, ,ダ1200,不,,(栗),大橋勇樹,1121,-0.2,,4,4,36.1,474,0,
,"2020. 6.13",阪神,3阪3,未勝利,未勝利,1,1,サトノスライヴ,牡,3,泉谷楓真,53▲,16,3,１, ,ダ1800,不,,(栗),南井克巳,1532,-0.2,10,7,5,37.7,504,+2,
,"2020. 6. 7",阪神,3阪2,1勝,１勝ｸﾗｽ,7,14,ミティル,牝,3,武豊, 52 ,16,5,１, ,ダ1400,良,,(栗),野中賢二,1257,-0.0,,11,7,37.0,508,+6,
,"2020. 6. 7",阪神,3阪2,3勝,ストーク･3勝,5,9,スイーズドリームス,牡,6,浜中俊, 57 ,18,4,１, 外,芝1600,良,*,(栗),須貝尚介,1332,-0.1,,7,7,33.9,514,-2,
,"2020. 6. 7",阪神,3阪2,2勝,加古川Ｈ･2勝,5,6,スズカフロンティア,牡,6,藤岡佑介, 55 ,13,5,１, ,ダ1800,良,,(栗),橋田満,1533,-0.2,12,11,9,36.9,436,-2,
,"2020. 6. 7",阪神,3阪2,2勝,皆生特別･2勝,6,12,ケイアイサクソニー,牡,4,坂井瑠星, 57 ,16,2,１, 内,芝1200,良,,(栗),吉岡辰弥,1084,-0.1,,1,1,33.9,490,-8,
,"2020. 6. 7",阪神,3阪2,1勝,１勝ｸﾗｽ,1,1,アルサトワ,牡,3,幸英明, 54 ,9,2,１, 内,芝2000,良,,(栗),斉藤崇史,2003,-0.3,1,1,1,34.5,504,-4,
,"2020. 6. 7",阪神,3阪2,1勝,１勝ｸﾗｽ・牝,8,12,メモリーコバルト,牝,5,幸英明, 55 ,13,4,１, ,ダ1800,良,,(栗),湯窪幸雄,1550,-0.3,10,10,5,37.6,472,+2,
,"2020. 6. 7",阪神,3阪2,未勝利,未勝利,2,3,チェーロ,牡,3,太宰啓介, 56 ,16,10,１, ,ダ2000,良,,(栗),奥村豊,2089,-0.1,8,9,8,38.0,478,0,
,"2020. 6. 7",阪神,3阪2,新馬,新馬,1,1,アスコルターレ,牡,2,松山弘平, 54 ,12,1,１, 内,芝1400,良,,(栗),西村真幸,1220,-0.1,,1,2,34.2,424,,
,"2020. 6. 7",阪神,3阪2,未勝利,未勝利,5,10,グレアミラージュ,牡,3,吉田隼人, 56 ,16,9,１, ,ダ1400,良,,(栗),笹田和秀,1262,-0.0,,7,5,38.0,456,0,
,"2020. 6. 7",阪神,3阪2,未勝利,未勝利・牝,8,16,ハイスピードカム,牝,3,水口優也, 54 ,16,3,１, ,ダ1800,良,,(栗),羽月友彦,1554,-0.3,4,5,4,38.1,482,-2,
,"2020. 6. 7",阪神,3阪2,未勝利,未勝利,3,6,サンライズオネスト,牡,3,藤岡康太, 56 ,18,2,１, 外,芝1600,良,,(栗),河内洋,1343,-0.4,,1,1,33.4,464,0,
,"2020. 6. 7",阪神,3阪2,未勝利,障害未勝利,7,8,スズカマイゲスト,牡,6,北沢伸也, 60 ,10,3,１, ,ダ2970,良,,(栗),橋田満,3229,-0.4,3,3,2,13.7,482,-6,
,"2020. 6. 6",阪神,3阪1,2勝,２勝ｸﾗｽ,3,5,ジェネティクス,牡,3,松山弘平, 54 ,16,1,１, ,ダ1200,良,,(栗),西村真幸,1117,-0.4,,2,3,36.4,528,+10,
,"2020. 6. 6",阪神,3阪1,Ｇ３,鳴尾記念G3,1,1,パフォーマプロミス,牡,8,福永祐一, 56 ,16,10,１, 内,芝2000,良,,(栗),藤原英昭,2001,-0.0,9,7,5,35.7,466,+14,
,"2020. 6. 6",阪神,3阪1,3勝,天満橋Ｓ･3勝,2,4,ワンダーアマービレ,牝,6,長岡禎仁, 55 ,16,5,１, ,ダ1400,良,,(栗),杉山晴紀,1241,-0.0,,12,13,36.4,464,+2,
,"2020. 6. 6",阪神,3阪1,2勝,三木特別･2勝,2,2,ティグラーシャ,牝,4,川田将雅, 55 ,11,1,１, 外,芝1800,良,,(栗),池添学,1477,-0.0,,7,6,34.3,440,-4,
,"2020. 6. 6",阪神,3阪1,1勝,１勝ｸﾗｽ,2,4,セントセシリア,牝,4,坂井瑠星, 55 ,16,13,１, 内,芝1200,良,,(栗),矢作芳人,1092,-0.0,,2,2,35.0,402,-8,
,"2020. 6. 6",阪神,3阪1,1勝,１勝ｸﾗｽ,6,11,ハイクアウト,セ,6,岩田望来,56☆,16,6,１, ,ダ1800,良,,(栗),浜田多実,1532,-0.0,3,3,2,38.4,518,-4,
,"2020. 6. 6",阪神,3阪1,1勝,１勝ｸﾗｽ・牝,5,8,レイパパレ,牝,3,川田将雅, 52 ,14,1,１, 外,芝1600,良,,(栗),高野友和,1339,-0.2,,6,7,34.6,436,+20,
,"2020. 6. 6",阪神,3阪1,新馬,新馬,8,9,ダディーズビビッド,牡,2,武豊, 54 ,10,6,１, 外,芝1600,良,,(栗),千田輝彦,1366,-0.1,,1,2,34.4,468,,
,"2020. 6. 6",阪神,3阪1,未勝利,未勝利,3,6,エールブラーヴ,牡,3,松若風馬, 56 ,16,8,１, 内,芝2000,良,,(栗),橋口慎介,2021,-0.3,1,1,1,34.5,458,-2,
,"2020. 6. 6",阪神,3阪1,未勝利,未勝利,6,12,アメリカンニーニャ,牝,3,川田将雅, 54 ,16,2,１, ,ダ1200,良,,(栗),石坂公一,1131,-0.3,,2,2,37.5,514,+4,
,"2020. 6. 6",阪神,3阪1,未勝利,未勝利,8,16,オーヴァーネクサス,牡,3,国分優作, 56 ,16,7,１, ,ダ1800,良,,(栗),松下武士,1546,-0.8,3,3,2,39.0,486,-4,
,"2020. 6. 6",阪神,3阪1,未勝利,未勝利・牝,8,16,ペイシャノリッジ,牝,3,松若風馬, 54 ,16,4,１, ,ダ1400,良,,(栗),吉田直弘,1262,-0.3,,6,4,38.5,420,+2,
,"2020. 4.19",阪神,2阪8,2勝,２勝ｸﾗｽ,8,16,プリカジュール,牝,4,川須栄彦, 55 ,16,12,１, ,ダ1200,稍,,(栗),寺島良,1112,-0.0,,2,2,36.6,512,0,B
,"2020. 4.19",阪神,2阪8,Ｇ３,アンタレG3,4,8,ウェスタールンド,セ,8,藤岡佑介, 56 ,16,3,１, ,ダ1800,稍,,(栗),佐々木晶,1498,-0.3,15,15,13,35.0,480,-5,
,"2020. 4.19",阪神,2阪8,3勝,御堂筋Ｓ･3勝,2,2,バラックパリンカ,牡,4,藤岡佑介, 57 ,8,4,１, 外,芝2400,良,,(栗),平田修,2267,-0.2,1,1,1,34.4,444,0,
,"2020. 4.19",阪神,2阪8,2勝,山陽特別･2勝,5,5,イーサンパンサー,牡,4,古川吉洋, 57 ,11,1,１, 内,芝1400,良,,(栗),昆貢,1210,-0.6,,2,2,35.0,466,+4,
,"2020. 4.19",阪神,2阪8,1勝,１勝ｸﾗｽ,6,6,ジンゴイスト,牡,5,坂井瑠星, 57 ,8,3,１, 内,芝2200,良,,(栗),矢作芳人,2157,-0.4,1,1,1,35.3,494,-2,B
,"2020. 4.19",阪神,2阪8,1勝,１勝ｸﾗｽ・牝,7,13,カクテルドレス,牝,5,三浦皇成, 55 ,16,3,１, ,ダ1200,重,,(栗),佐々木晶,1119,-0.1,,2,2,36.2,486,0,
,"2020. 4.19",阪神,2阪8,1勝,１勝ｸﾗｽ*,5,5,ルリアン,牡,3,川田将雅, 56 ,8,1,１, 内,芝2000,良,,(栗),佐々木晶,2016,-0.3,2,2,2,34.6,514,-6,
,"2020. 4.19",阪神,2阪8,1勝,１勝ｸﾗｽ*,6,12,テンテキセンセキ,牡,3,幸英明, 56 ,16,2,１, ,ダ1400,重,,(栗),松永昌博,1243,-0.5,,3,2,37.1,454,-2,
,"2020. 4.19",阪神,2阪8,未勝利,未勝利,7,15,カレンシュトラウス,牡,3,秋山真一, 56 ,18,1,１, 外,芝1600,稍,,(栗),平田修,1346,-0.4,,3,3,34.8,506,-10,
,"2020. 4.19",阪神,2阪8,未勝利,未勝利,2,4,ソニックビースト,牝,3,岡田祥嗣, 54 ,16,9,１, ,ダ2000,重,,(栗),浅見秀一,2087,-0.2,12,2,2,38.3,484,-8,
,"2020. 4.19",阪神,2阪8,未勝利,未勝利,6,12,メイショウフォイル,牡,3,泉谷楓真,53▲,16,2,１, ,ダ1400,重,,(栗),南井克巳,1252,-0.1,,6,5,37.3,508,+1,
,"2020. 4.19",阪神,2阪8,未勝利,未勝利,4,8,モンサンイルベント,牡,3,坂井瑠星, 56 ,16,1,１, ,ダ1800,重,,(栗),飯田祐史,1525,-0.4,2,2,1,37.4,504,+2,
,"2020. 4.18",阪神,2阪7,2勝,２勝ｸﾗｽ,3,6,シホノフォルテ,牡,4,松田大作, 57 ,16,1,１, ,ダ2000,不,,(栗),寺島良,2051,-0.0,3,3,3,38.3,504,0,
,"2020. 4.18",阪神,2阪7,Ｇ３,アーリンG3,5,6,タイセイビジョン,牡,3,石橋脩, 56 ,12,1,１, 外,芝1600,稍,,(栗),西村真幸,1343,-0.3,,11,9,36.2,474,+10,
,"2020. 4.18",阪神,2阪7,3勝,陽春ＳＨ･3勝,3,6,ヘリオス,セ,4,川須栄彦, 55 ,16,1,１, ,ダ1200,不,,(栗),寺島良,1106,-0.0,,2,2,36.0,456,-4,B
,"2020. 4.18",阪神,2阪7,2勝,蓬莱峡特･2勝,4,5,スズカフューラー,牡,6,藤井勘一, 57 ,13,12,１, 外,芝1800,重,,(栗),西橋豊治,1480,-0.1,,8,9,35.8,430,0,
,"2020. 4.18",阪神,2阪7,1勝,１勝ｸﾗｽ,6,11,テーオーターゲット,牡,4,坂井瑠星, 57 ,16,9,１, ,ダ1400,不,,(栗),吉岡辰弥,1237,-0.0,,6,6,37.0,502,-4,
,"2020. 4.18",阪神,2阪7,1勝,１勝ｸﾗｽ,5,5,ナイルデルタ,牡,5,坂井瑠星, 57 ,10,2,１, ,ダ1800,不,,(栗),松下武士,1519,-0.3,8,6,5,35.7,488,-4,B
,"2020. 4.18",阪神,2阪7,1勝,１勝ｸﾗｽ*,7,11,グリンデルヴァルト,牝,3,松田大作, 54 ,14,5,１, 内,芝1200,重,,(栗),坂口智康,1096,-0.3,,6,7,34.7,452,0,
,"2020. 4.18",阪神,2阪7,未勝利,未勝利,5,9,サングレデクリスト,牡,3,川田将雅, 56 ,17,3,１, 内,芝2200,重,,(栗),清水久詞,2167,-0.2,6,4,3,36.9,510,0,
,"2020. 4.18",阪神,2阪7,未勝利,未勝利・牝,5,9,ラルナブリラーレ,牝,3,川田将雅, 54 ,18,1,１, 外,芝1800,重,,(栗),石坂正,1482,-0.0,,2,2,35.0,462,0,
,"2020. 4.18",阪神,2阪7,未勝利,未勝利,1,1,サイモンハロルド,牡,3,松田大作, 56 ,16,7,１, ,ダ1200,不,*,(栗),森秀行,1118,-0.4,,3,2,36.9,432,-8,
,"2020. 4.18",阪神,2阪7,未勝利,未勝利,8,15,キャルブルー,牡,3,川島信二, 56 ,16,2,１, ,ダ1800,不,,(栗),村山明,1529,-0.5,7,7,3,38.1,510,-10,
,"2020. 4.18",阪神,2阪7,未勝利,未勝利・牝,5,9,クインズヴィヴィ,牝,3,藤井勘一, 54 ,16,2,１, ,ダ1400,不,,(栗),野中賢二,1252,-0.0,,7,7,37.6,484,-8,
,"2020. 4.12",阪神,2阪6,3勝,梅田Ｓ･3勝,8,15,コンカラー,牡,4,ルメール, 57 ,16,1,１, ,ダ1800,重,,(栗),石坂正,1516,-0.4,4,4,4,36.9,476,+4,
,"2020. 4.12",阪神,2阪6,Ｇ１,桜花賞G1,5,9,デアリングタクト,牝,3,松山弘平, 55 ,18,2,１, 外,芝1600,重,,(栗),杉山晴紀,1361,-0.2,,13,12,36.6,466,0,
,"2020. 4.12",阪神,2阪6,3勝,大阪―Ｈ･3勝,7,14,グランドロワ,牡,6,松山弘平, 55 ,16,4,１, 内,芝1200,重,,(栗),鈴木孝志,1099,-0.0,,1,1,35.7,504,+2,B
,"2020. 4.12",阪神,2阪6,OP(L),忘れな草(L),2,2,ウインマイティー,牝,3,Ｍ．デム, 54 ,10,3,１, 内,芝2000,稍,,(栗),五十嵐忠,2036,-0.2,5,4,5,34.8,468,+4,
,"2020. 4.12",阪神,2阪6,2勝,天王寺Ｈ･2勝,1,1,レシプロケイト,牡,4,藤岡佑介, 54 ,16,4,１, ,ダ1400,稍,,(栗),鮫島一歩,1244,-0.1,,11,10,36.2,510,+12,
,"2020. 4.12",阪神,2阪6,1勝,１勝ｸﾗｽ,4,6,セントウル,牡,4,北村友一, 57 ,15,5,１, 外,芝1600,稍,*,(栗),森秀行,1349,-0.7,,12,9,34.7,476,+12,
,"2020. 4.12",阪神,2阪6,1勝,１勝ｸﾗｽ,7,7,リバプールタウン,牡,5,坂井瑠星, 57 ,9,1,１, ,ダ2000,稍,,(栗),石橋守,2058,-1.3,3,3,3,38.3,476,-4,
,"2020. 4.12",阪神,2阪6,1勝,１勝ｸﾗｽ*,6,12,ニシノホライゾン,牡,3,藤岡佑介, 56 ,16,6,１, ,ダ1200,稍,,(美),的場均,1124,-0.2,,15,15,35.6,498,-16,
,"2020. 4.12",阪神,2阪6,未勝利,未勝利,3,6,ノーウェアランド,牡,3,ルメール, 56 ,16,1,１, 内,芝2000,良,,(栗),友道康夫,2031,-0.2,10,11,10,35.0,492,,
,"2020. 4.12",阪神,2阪6,未勝利,未勝利,5,9,ケイアイドリー,牡,3,藤岡康太, 56 ,16,3,１, ,ダ1800,良,,(栗),村山明,1542,-0.7,2,2,1,38.2,496,+6,
,"2020. 4.12",阪神,2阪6,未勝利,未勝利,5,10,フレッシュステージ,牡,3,小牧太, 56 ,16,12,１, ,ダ1200,良,,(栗),笹田和秀,1134,-0.0,,6,6,37.5,444,-4,
,"2020. 4.12",阪神,2阪6,未勝利,未勝利・牝,6,11,チェルアルコ,牝,3,池添謙一, 54 ,16,3,１, ,ダ1800,良,,(栗),森田直行,1555,-0.7,2,2,2,38.2,508,-12,
,"2020. 4.11",阪神,2阪5,2勝,２勝ｸﾗｽ,8,15,シールドヴォルト,牡,4,坂井瑠星, 57 ,16,8,１, ,ダ1800,良,,(栗),高橋亮,1534,-0.1,2,2,2,38.5,442,+4,
,"2020. 4.11",阪神,2阪5,Ｇ２,阪神牝馬G2,1,2,サウンドキアラ,牝,5,松山弘平, 54 ,16,2,１, 外,芝1600,良,,(栗),安達昭夫,1329,-0.2,,5,5,33.7,458,-2,
,"2020. 4.11",阪神,2阪5,2勝,白鷺特別･2勝,8,9,ウォーターパルフェ,牡,5,武豊, 57 ,10,1,１, 外,芝2400,良,,(栗),田所秀孝,2286,-0.0,5,5,4,34.3,482,+2,
,"2020. 4.11",阪神,2阪5,2勝,丹波特別･2勝,7,8,キャンディストーム,牝,6,松山弘平, 55 ,11,6,１, 外,芝1600,良,,(栗),千田輝彦,1339,-0.2,,4,4,33.8,494,-6,
,"2020. 4.11",阪神,2阪5,1勝,１勝ｸﾗｽ,1,1,ブライトエンパイア,牡,5,幸英明, 57 ,16,1,１, ,ダ1200,良,,(栗),浅見秀一,1127,-0.0,,1,1,37.1,454,+2,
,"2020. 4.11",阪神,2阪5,1勝,１勝ｸﾗｽ・牝,5,5,グランデストラーダ,牝,4,池添謙一, 55 ,8,1,１, ,ダ1800,良,,(栗),上村洋行,1540,-0.7,2,2,2,37.9,498,+14,
,"2020. 4.11",阪神,2阪5,1勝,１勝ｸﾗｽ*,3,3,プライムフェイズ,牡,3,福永祐一, 56 ,9,2,１, 外,芝1600,良,,(栗),藤原英昭,1346,-0.2,,2,2,34.5,454,-6,
,"2020. 4.11",阪神,2阪5,1勝,１勝ｸﾗｽ*,7,11,ショウナンナデシコ,牝,3,岩田望来,53☆,14,4,１, ,ダ1800,良,,(栗),須貝尚介,1527,-0.5,3,2,2,37.7,474,+4,
,"2020. 4.11",阪神,2阪5,未勝利,未勝利,2,4,マイネルホイッスル,牡,3,川田将雅, 56 ,18,1,１, 内,芝1400,良,,(栗),西園正都,1220,-0.0,,2,2,35.1,474,+4,
,"2020. 4.11",阪神,2阪5,未勝利,未勝利,1,1,シゲルオトメザ,牝,3,岩田康誠, 54 ,16,2,１, ,ダ1200,良,,(栗),橋田満,1123,-0.9,,1,1,36.8,490,+2,
,"2020. 4.11",阪神,2阪5,未勝利,未勝利,7,13,アンコールプレス,牡,3,松山弘平, 56 ,16,3,１, ,ダ1800,良,,(栗),寺島良,1544,-0.3,2,2,2,39.5,544,,
,"2020. 4.11",阪神,2阪5,未勝利,未勝利,2,3,マックス,牡,3,川田将雅, 56 ,16,1,１, ,ダ1400,良,,(栗),中内田充,1254,-0.7,,1,1,37.5,478,-6,
,"2020. 4. 5",阪神,2阪4,3勝,鳴門Ｓ･3勝,4,8,エテルニテ,牝,5,松山弘平, 55 ,16,3,１, ,ダ1400,良,,(栗),平田修,1239,-0.1,,2,2,37.0,490,-14,
,"2020. 4. 5",阪神,2阪4,Ｇ１,大阪杯G1,5,5,ラッキーライラック,牝,5,Ｍ．デム, 55 ,12,2,１, 内,芝2000,良,,(栗),松永幹夫,1584,-0.0,3,3,5,33.9,520,+2,
,"2020. 4. 5",阪神,2阪4,3勝,難波ＳＨ･3勝,6,12,セラピア,牝,4,Ｍ．デム, 53 ,16,3,１, 外,芝1800,良,,(栗),藤岡健一,1453,-0.2,,2,2,33.7,494,0,
,"2020. 4. 5",阪神,2阪4,2勝,千種川特･2勝,4,4,コウエイダリア,牝,6,松山弘平, 55 ,13,5,１, 内,芝1200,良,,(栗),新谷功一,1087,-0.1,,1,1,34.0,498,-2,
,"2020. 4. 5",阪神,2阪4,2勝,２勝ｸﾗｽ・牝,5,9,ハッピーゴラッキー,牝,4,岩田望来,54☆,16,1,１, ,ダ1400,良,,(栗),千田輝彦,1246,-0.4,,7,8,36.9,496,+14,
,"2020. 4. 5",阪神,2阪4,2勝,２勝ｸﾗｽ,5,9,メイプルグレイト,牡,5,松山弘平, 57 ,16,2,１, ,ダ1200,良,,(栗),清水久詞,1112,-0.3,,3,3,36.2,516,+4,B
,"2020. 4. 5",阪神,2阪4,1勝,１勝ｸﾗｽ,3,3,メイショウテンモン,牡,5,酒井学, 57 ,9,7,１, 内,芝2000,良,,(栗),松永昌博,2002,-0.1,2,2,2,36.2,512,+2,B
,"2020. 4. 5",阪神,2阪4,1勝,１勝ｸﾗｽ*,7,9,キッズアガチャー,牡,3,高倉稜, 56 ,12,2,１, ,ダ1800,良,,(栗),田所秀孝,1538,-0.0,8,7,4,37.6,536,+2,
,"2020. 4. 5",阪神,2阪4,未勝利,未勝利,8,18,ダノンセレスタ,牡,3,川田将雅, 56 ,18,1,１, 外,芝2400,良,,(栗),音無秀孝,2282,-0.4,2,2,2,35.0,490,0,
,"2020. 4. 5",阪神,2阪4,未勝利,未勝利,6,12,ユウゲン,牡,3,岩田康誠, 56 ,16,8,１, ,ダ1800,良,,(栗),橋口慎介,1553,-0.4,6,2,2,38.8,496,-2,
,"2020. 4. 5",阪神,2阪4,未勝利,未勝利,8,16,ワイドカント,牡,3,松山弘平, 56 ,16,1,１, ,ダ1400,良,,(栗),西園正都,1251,-0.4,,2,1,37.8,502,0,
,"2020. 4. 5",阪神,2阪4,未勝利,未勝利・牝,4,8,クーファアチャラ,牝,3,団野大成,52△,16,7,１, ,ダ1800,良,,(栗),松永幹夫,1555,-0.6,2,2,2,39.5,448,,
,"2020. 4. 4",阪神,2阪3,2勝,２勝ｸﾗｽ,3,3,シェパードボーイ,牡,4,福永祐一, 57 ,12,2,１, ,ダ1800,良,,(栗),大久保龍,1532,-0.2,4,5,3,37.2,444,-4,
,"2020. 4. 4",阪神,2阪3,OP(L),コーラＨ(L),3,5,レッドルゼル,牡,4,川田将雅, 55 ,16,1,１, ,ダ1400,良,,(栗),安田隆行,1225,-0.1,,3,3,36.2,490,+6,
,"2020. 4. 4",阪神,2阪3,2勝,明石特別･2勝,6,9,ショウナンバルディ,牡,4,岩田康誠, 57 ,14,2,１, 内,芝2000,良,,(栗),松下武士,1597,-0.2,5,4,3,35.3,438,-6,
,"2020. 4. 4",阪神,2阪3,1勝,アザレア･1勝,4,4,フライライクバード,牡,3,福永祐一, 56 ,8,1,１, 外,芝2400,良,,(栗),友道康夫,2274,-0.1,5,5,3,34.6,448,-8,
,"2020. 4. 4",阪神,2阪3,ｵｰﾌﾟﾝ,三木ホー,5,7,タガノエスプレッソ,牡,8,平沢健治, 60 ,14,4,１, ,芝3140,良,,(栗),五十嵐忠,3315,-0.1,3,2,2,13.5,470,+6,
,"2020. 4. 4",阪神,2阪3,1勝,１勝ｸﾗｽ,8,11,パーティナシティ,牡,4,川田将雅, 57 ,11,1,１, ,ダ1400,稍,,(栗),高橋義忠,1243,-0.3,,2,2,37.3,492,-2,
,"2020. 4. 4",阪神,2阪3,1勝,１勝ｸﾗｽ,2,2,ハイパーノヴァ,セ,6,秋山真一, 57 ,8,2,１, ,ダ1800,稍,,(栗),大根田裕,1532,-0.1,1,1,1,38.5,506,+4,
,"2020. 4. 4",阪神,2阪3,1勝,１勝ｸﾗｽ*,2,3,オーロラテソーロ,牡,3,福永祐一, 56 ,16,2,１, ,ダ1400,稍,,(美),畠山吉宏,1246,-0.6,,1,1,38.2,490,0,
,"2020. 4. 4",阪神,2阪3,未勝利,未勝利,7,13,ユピテルルークス,牡,3,福永祐一, 56 ,18,2,１, 外,芝1600,良,,(栗),清水久詞,1350,-0.1,,7,6,34.5,500,+6,
,"2020. 4. 4",阪神,2阪3,未勝利,未勝利,4,7,エブリワンブラック,牡,3,武豊, 56 ,15,2,１, ,ダ2000,稍,,(栗),武幸四郎,2079,-0.0,11,10,10,37.0,486,-2,B
,"2020. 4. 4",阪神,2阪3,未勝利,未勝利,6,12,コパノフィーリング,牝,3,藤岡康太, 54 ,16,3,１, ,ダ1200,稍,,(栗),宮徹,1129,-0.5,,7,4,37.3,454,+16,
,"2020. 4. 4",阪神,2阪3,未勝利,未勝利・牝,1,1,セントクリーガー,牝,3,福永祐一, 54 ,16,4,１, ,ダ1400,稍,*,(栗),上村洋行,1256,-0.4,,1,1,38.3,478,-12,
,"2020. 3.29",阪神,2阪2,2勝,２勝ｸﾗｽ,7,11,レッドシルヴァーナ,牝,4,岩田望来,54☆,14,1,１, ,ダ1800,重,,(栗),松田国英,1525,-0.3,2,2,2,36.8,506,-4,B
,"2020. 3.29",阪神,2阪2,OP(L),六甲Ｓ(L),2,2,ウーリリ,牡,4,吉田隼人, 56 ,13,4,１, 外,芝1600,稍,,(栗),友道康夫,1341,-0.0,,3,3,35.1,496,-4,
,"2020. 3.29",阪神,2阪2,3勝,武庫川Ｓ･3勝,4,4,トーセンブレス,牝,5,浜中俊, 55 ,9,4,１, 外,芝1600,稍,,(美),加藤征弘,1354,-0.2,,7,6,34.4,472,0,
,"2020. 3.29",阪神,2阪2,2勝,四国新聞･2勝,1,1,マルシュロレーヌ,牝,4,坂井瑠星, 55 ,9,5,１, 内,芝2000,稍,,(栗),矢作芳人,2014,-0.1,4,4,4,35.3,460,+6,
,"2020. 3.29",阪神,2阪2,1勝,１勝ｸﾗｽ,3,3,シールドヴォルト,牡,4,泉谷楓真,54▲,10,1,１, ,ダ1800,重,,(栗),高橋亮,1521,-0.1,5,3,3,37.6,438,-2,
,"2020. 3.29",阪神,2阪2,1勝,１勝ｸﾗｽ*,4,6,メイショウチタン,牡,3,泉谷楓真,53▲,14,8,１, 内,芝1400,稍,,(栗),本田優,1222,-0.2,,5,5,35.2,456,-6,
,"2020. 3.29",阪神,2阪2,未勝利,未勝利,2,3,ルヴァン,牡,3,岩田望来,55☆,18,5,１, 外,芝1800,稍,,(栗),清水久詞,1487,-0.1,,4,4,35.6,462,+4,
,"2020. 3.29",阪神,2阪2,未勝利,未勝利,5,9,イサチルサターン,牡,3,吉田隼人, 56 ,16,4,１, ,ダ1400,不,,(栗),坂口智康,1246,-0.0,,3,4,37.1,490,,
,"2020. 3.29",阪神,2阪2,未勝利,障害未勝利,4,4,エジステンツァ,牡,6,上野翔, 60 ,12,5,１, ,ダ2970,重,,(美),田中博康,3220,-0.6,4,3,2,13.6,490,+4,
,"2020. 3.29",阪神,2阪2,未勝利,未勝利,4,6,プロミストウォリア,牡,3,西村淳也,55☆,14,4,１, ,ダ1800,不,,(栗),野中賢二,1523,-0.4,2,2,1,38.4,512,,
,"2020. 3.29",阪神,2阪2,未勝利,未勝利・牝,8,16,シーハーハー,牝,3,団野大成,52△,16,3,１, ,ダ1200,不,,(栗),西園正都,1128,-0.1,,1,1,38.0,480,+8,
,"2020. 3.29",阪神,2阪2,未勝利,未勝利,5,7,ハイパーステージ,牡,3,浜中俊, 56 ,13,1,１, ,ダ1800,不,,(栗),吉田直弘,1536,-0.3,3,3,2,38.1,436,+6,
,"2020. 3.28",阪神,2阪1,1勝,１勝ｸﾗｽ,5,5,モハー,牝,6,松山弘平, 55 ,10,3,１, ,ダ1200,重,,(栗),上村洋行,1111,-0.0,,5,7,35.9,502,+14,
,"2020. 3.28",阪神,2阪1,Ｇ３,毎日杯G3,7,8,サトノインプレッサ,牡,3,武豊, 56 ,10,2,１, 外,芝1800,稍,,(栗),矢作芳人,1479,-0.1,,10,8,35.3,488,0,
,"2020. 3.28",阪神,2阪1,2勝,天神橋Ｈ･2勝,3,3,カイザーミノル,牡,4,松山弘平, 56 ,12,1,１, 外,芝1600,稍,,(栗),北出成人,1339,-0.1,,4,8,33.8,460,-10,
,"2020. 3.28",阪神,2阪1,1勝,君子蘭賞･1勝,7,10,ボンオムトゥック,牝,3,松山弘平, 54 ,12,3,１, 外,芝1800,稍,,(栗),高橋亮,1481,-0.4,,2,2,34.3,452,-4,
,"2020. 3.28",阪神,2阪1,1勝,１勝ｸﾗｽ,8,8,プチティラン,牡,4,浜中俊, 57 ,8,2,１, ,ダ1800,重,,(栗),松田国英,1530,-0.1,3,3,3,36.8,468,-4,B
,"2020. 3.28",阪神,2阪1,1勝,１勝ｸﾗｽ・牝,3,3,レイトブルーミング,牝,4,松山弘平, 55 ,10,1,１, ,ダ1400,重,,(栗),松下武士,1247,-0.2,,2,2,37.6,444,+6,
,"2020. 3.28",阪神,2阪1,1勝,１勝ｸﾗｽ*,6,8,ミステリオーソ,牡,3,ヒューイ, 56 ,13,3,１, ,ダ1800,重,,(栗),武幸四郎,1508,-0.8,2,1,1,37.7,476,+10,
,"2020. 3.28",阪神,2阪1,未勝利,未勝利,8,12,メイショウサンガ,牡,3,武豊, 56 ,12,4,１, 内,芝2000,稍,,(栗),千田輝彦,2027,-0.0,10,10,7,35.6,500,0,
,"2020. 3.28",阪神,2阪1,未勝利,未勝利・牝,8,17,マルカエイペックス,牝,3,和田竜二, 54 ,18,1,１, 外,芝1600,稍,,(栗),今野貞一,1356,-0.2,,3,3,35.0,430,-2,
,"2020. 3.28",阪神,2阪1,未勝利,未勝利,5,6,アンセッドヴァウ,牡,3,和田竜二, 56 ,12,1,１, ,ダ1800,不,*,(栗),中竹和也,1529,-0.2,3,3,3,37.6,462,-6,
,"2020. 3.28",阪神,2阪1,未勝利,未勝利,7,13,カズオルヴァル,セ,3,浜中俊, 56 ,16,2,１, ,ダ1200,不,,(栗),安田隆行,1116,-0.1,,2,2,36.2,472,+2,
,"2020. 3.28",阪神,2阪1,未勝利,未勝利・牝,8,13,プリティーチャンス,牝,3,岩田望来,53☆,13,3,１, ,ダ1800,不,,(栗),野中賢二,1546,-0.0,6,7,5,36.5,446,-4,
,"2020. 3.22",阪神,1阪9,2勝,２勝ｸﾗｽ・牝,6,12,スペクター,牝,6,藤岡佑介, 55 ,16,6,１, ,ダ1800,良,,(栗),笹田和秀,1532,-0.7,10,10,4,36.7,514,+4,
,"2020. 3.22",阪神,1阪9,Ｇ２,阪神大賞G2,8,10,ユーキャンスマイル,牡,5,岩田康誠, 56 ,10,2,１, 内,芝3000,良,,(栗),友道康夫,3030,-0.3,9,8,4,35.8,500,+12,
,"2020. 3.22",阪神,1阪9,3勝,なにわＳ･3勝,2,4,スナークライデン,牡,6,国分恭介, 57 ,16,6,１, ,ダ1200,良,,(栗),川村禎彦,1117,-0.0,,12,11,35.9,486,+4,
,"2020. 3.22",阪神,1阪9,2勝,須磨特別･2勝,8,8,メイショウモウコ,牡,6,加藤祥太, 57 ,9,7,１, 外,芝1800,良,,(栗),安達昭夫,1461,-0.0,,1,1,35.3,492,-6,
,"2020. 3.22",阪神,1阪9,1勝,１勝ｸﾗｽ,7,7,ナンヨープランタン,牡,5,武豊, 57 ,10,1,１, 外,芝1600,良,,(栗),松永幹夫,1341,-0.0,,7,7,33.5,462,-2,
,"2020. 3.22",阪神,1阪9,1勝,１勝ｸﾗｽ,2,2,アヴァント,牡,6,岩田康誠, 57 ,7,3,１, ,ダ2000,良,,(栗),中尾秀正,2078,-0.4,7,4,2,38.9,490,-2,
,"2020. 3.22",阪神,1阪9,1勝,１勝ｸﾗｽ*,5,5,サンデーミラージュ,牡,3,松若風馬, 56 ,9,5,１, ,ダ1800,良,,(栗),宮本博,1553,-0.0,3,3,2,39.3,472,+2,
,"2020. 3.22",阪神,1阪9,未勝利,未勝利,2,2,プリマヴィスタ,牡,3,岩田康誠, 56 ,13,3,１, 内,芝2000,良,,(栗),矢作芳人,2009,-0.0,6,5,6,35.6,458,-6,
,"2020. 3.22",阪神,1阪9,未勝利,障害未勝利,2,2,タガノアンピール,牡,6,白浜雄造, 60 ,14,1,１, ,ダ2970,良,,(栗),中尾秀正,3216,-1.3,2,3,3,13.6,556,-4,
,"2020. 3.22",阪神,1阪9,未勝利,未勝利,2,2,グッドアズゴールド,牝,3,団野大成,52△,15,3,１, 内,芝1400,良,,(栗),笹田和秀,1212,-0.2,,2,2,34.8,416,,
,"2020. 3.22",阪神,1阪9,未勝利,未勝利,4,4,タガノカリュウド,牡,3,福永祐一, 56 ,11,2,１, ,ダ1800,良,,(栗),五十嵐忠,1547,-0.4,5,3,2,38.3,514,-6,
,"2020. 3.22",阪神,1阪9,未勝利,未勝利,8,15,イーベンホルツ,牡,3,坂井瑠星, 56 ,15,6,１, ,ダ1400,良,,(栗),村山明,1256,-1.0,,2,1,37.7,482,-4,
,"2020. 3.21",阪神,1阪8,1勝,１勝ｸﾗｽ,8,10,プレイヤーズハイ,牡,4,太宰啓介, 57 ,11,2,１, ,ダ1400,良,,(栗),高橋亮,1254,-0.1,,11,7,36.8,446,0,
,"2020. 3.21",阪神,1阪8,OP(L),若葉Ｓ(L),1,1,アドマイヤビルゴ,牡,3,武豊, 56 ,12,1,１, 内,芝2000,良,,(栗),友道康夫,1586,-0.3,3,3,3,33.6,430,-4,
,"2020. 3.21",阪神,1阪8,2勝,仲春特別･2勝,8,12,ナムラムツゴロー,牡,5,松若風馬, 57 ,12,6,１, 内,芝1200,良,,(栗),長谷川浩,1088,-0.2,,3,2,33.7,484,-2,
,"2020. 3.21",阪神,1阪8,2勝,川西特Ｈ･2勝,6,12,コンカラー,牡,4,川田将雅, 56 ,16,1,１, ,ダ2000,良,,(栗),石坂正,2057,-0.5,4,3,3,37.3,472,-6,
,"2020. 3.21",阪神,1阪8,1勝,１勝ｸﾗｽ,7,7,レオンコロナ,牡,4,和田竜二, 57 ,9,1,１, ,ダ1800,良,,(栗),鈴木孝志,1550,-0.0,3,3,2,37.9,466,+8,
,"2020. 3.21",阪神,1阪8,1勝,１勝ｸﾗｽ・牝*,7,12,ウルトラマリン,牝,3,岩田康誠, 54 ,15,1,１, ,ダ1400,良,,(栗),今野貞一,1259,-0.2,,1,1,38.1,468,+2,
,"2020. 3.21",阪神,1阪8,未勝利,未勝利,3,3,ルリアン,牡,3,川田将雅, 56 ,13,1,１, 内,芝2200,良,,(栗),佐々木晶,2135,-0.3,4,4,4,35.0,520,+24,
,"2020. 3.21",阪神,1阪8,未勝利,未勝利,3,6,スマートクラージュ,牡,3,藤井勘一, 56 ,16,1,１, 外,芝1600,良,,(栗),池江泰寿,1343,-0.4,,1,1,34.3,476,-2,
,"2020. 3.21",阪神,1阪8,未勝利,未勝利,8,14,テイエムファルコン,牡,3,柴田未崎, 56 ,14,4,１, ,ダ1400,良,*,(栗),飯田雄三,1263,-0.1,,11,3,37.6,488,-10,
,"2020. 3.21",阪神,1阪8,未勝利,未勝利,4,4,トゥルブレンシア,牡,3,幸英明, 56 ,13,1,１, ,ダ1800,良,,(栗),藤沢則雄,1557,-0.4,2,4,4,38.8,462,-6,
,"2020. 3.21",阪神,1阪8,未勝利,未勝利,2,4,バルボア,牡,3,秋山真一, 56 ,16,9,１, ,ダ1200,良,,(栗),飯田祐史,1141,-0.1,,1,1,38.4,468,-6,
,"2020. 3.21",阪神,1阪8,未勝利,未勝利・牝,5,8,ピュアリーグッド,牝,3,福永祐一, 54 ,15,4,１, ,ダ1800,良,,(栗),中尾秀正,1562,-0.4,5,4,2,38.9,454,+4,
,"2020. 3.20",阪神,1阪7,1勝,１勝ｸﾗｽ,7,7,ワンダーアフィラド,牡,4,川須栄彦, 57 ,10,6,１, ,ダ1200,良,,(栗),寺島良,1125,-0.3,,1,1,37.0,490,-4,B
,"2020. 3.20",阪神,1阪7,3勝,尼崎ＳＨ･3勝,4,4,ミスディレクション,セ,6,太宰啓介, 56 ,10,5,１, 内,芝2200,良,,(栗),武幸四郎,2129,-0.2,1,1,1,34.4,498,-6,
,"2020. 3.20",阪神,1阪7,2勝,夙川特別･2勝,3,6,オンザロックス,牡,7,川田将雅, 57 ,16,3,１, ,ダ1400,良,,(栗),森秀行,1246,-0.0,,13,12,37.1,492,-2,
,"2020. 3.20",阪神,1阪7,1勝,さわらび･1勝,1,1,カバジェーロ,牡,3,鮫島克駿, 56 ,16,2,１, 内,芝1200,良,,(栗),橋口慎介,1093,-0.0,,1,1,35.1,482,-6,
,"2020. 3.20",阪神,1阪7,1勝,１勝ｸﾗｽ,8,8,マイスターシャーレ,牡,5,川田将雅, 57 ,8,1,１, 外,芝2400,良,,(栗),中内田充,2280,-0.2,3,2,2,35.8,506,+34,
,"2020. 3.20",阪神,1阪7,1勝,１勝ｸﾗｽ・牝,4,4,テオレーマ,牝,4,川田将雅, 55 ,5,1,１, ,ダ1800,良,,(栗),石坂正,1548,-0.0,3,3,2,37.0,470,-2,
,"2020. 3.20",阪神,1阪7,未勝利,未勝利・牝,4,8,フアナ,牝,3,福永祐一, 54 ,16,1,１, 外,芝1800,良,,(栗),角居勝彦,1479,-0.2,,6,7,34.0,420,-4,
,"2020. 3.20",阪神,1阪7,新馬,新馬,3,5,リーガルマナー,牡,3,川田将雅, 56 ,16,1,１, ,ダ1800,良,,(栗),中内田充,1557,-0.4,1,1,1,37.6,496,,
,"2020. 3.20",阪神,1阪7,未勝利,未勝利,6,9,ウインダークローズ,牡,3,国分優作, 56 ,14,6,１, ,ダ2000,良,,(栗),梅田智之,2097,-0.1,1,1,1,38.9,494,+2,
,"2020. 3.20",阪神,1阪7,未勝利,未勝利,5,7,プリサイスショット,牡,3,水口優也, 56 ,14,1,１, ,ダ1200,良,,(栗),吉田直弘,1143,-0.1,,5,5,38.8,506,+4,
,"2020. 3.20",阪神,1阪7,未勝利,未勝利,2,2,ロードセッション,牡,3,和田竜二, 56 ,13,1,１, ,ダ1800,良,,(栗),高橋義忠,1558,-1.3,7,4,4,39.4,494,0,
,"2020. 3.20",阪神,1阪7,未勝利,未勝利・牝,2,4,タガノハイライト,牝,3,団野大成,52△,16,2,１, ,ダ1400,良,,(栗),斉藤崇史,1255,-0.6,,2,2,39.0,516,+16,
,"2020. 3.15",阪神,1阪6,2勝,２勝ｸﾗｽ,8,15,ヘリオス,セ,4,川須栄彦, 57 ,16,2,１, ,ダ1200,重,,(栗),寺島良,1107,-0.9,,3,3,35.7,460,-6,B
,"2020. 3.15",阪神,1阪6,Ｇ２,フィリーG2,3,5,エーポス,牝,3,岩田康誠, 54 ,18,5,１, 内,芝1400,稍,,(栗),北出成人,1210,-0.2,,10,10,35.1,446,-6,
,"2020. 3.15",阪神,1阪6,3勝,甲南ＳＨ･3勝,7,11,リワードアンヴァル,牡,4,三浦皇成, 56 ,13,3,１, ,ダ2000,重,,(美),藤原辰雄,2051,-1.0,3,3,2,37.5,510,-2,
,"2020. 3.15",阪神,1阪6,2勝,淡路特Ｈ･2勝,3,3,ツーエムアロンソ,牡,4,泉谷楓真, 54 ,11,9,１, 外,芝2600,稍,,(栗),本田優,2393,-0.4,4,4,4,35.8,530,+2,
,"2020. 3.15",阪神,1阪6,1勝,１勝ｸﾗｽ,4,4,テーオーポシブル,牡,4,荻野琢真, 57 ,10,3,１, ,ダ1800,重,,(栗),梅田智之,1542,-0.0,2,2,2,37.5,482,+4,
,"2020. 3.15",阪神,1阪6,1勝,１勝ｸﾗｽ*,7,10,パドゥヴァルス,牝,3,西村淳也,53☆,12,4,１, 外,芝1600,稍,,(栗),吉田直弘,1357,-0.5,,4,3,35.3,436,-2,
,"2020. 3.15",阪神,1阪6,1勝,１勝ｸﾗｽ*,1,1,サトノラファール,牡,3,三浦皇成, 56 ,16,9,１, ,ダ1400,重,,(栗),中竹和也,1246,-0.8,,15,13,36.9,538,-4,
,"2020. 3.15",阪神,1阪6,未勝利,未勝利,8,10,ダンシングリッチー,牡,3,松山弘平, 56 ,11,2,１, 外,芝2400,稍,,(栗),長谷川浩,2280,-0.0,6,2,2,36.6,454,-6,
,"2020. 3.15",阪神,1阪6,未勝利,未勝利,1,2,デゼル,牝,3,武豊, 54 ,16,1,１, 外,芝1800,稍,,(栗),友道康夫,1487,-0.1,,13,13,34.4,472,,
,"2020. 3.15",阪神,1阪6,未勝利,未勝利,5,7,ジロー,牡,3,武豊, 56 ,14,1,１, ,ダ1800,重,,(栗),岡田稲男,1546,-0.3,6,6,5,38.4,458,-6,
,"2020. 3.15",阪神,1阪6,未勝利,未勝利,7,14,オカリナ,牡,3,古川吉洋, 56 ,16,3,１, ,ダ1200,重,,(栗),宮徹,1135,-0.1,,3,2,37.3,524,-4,
,"2020. 3.15",阪神,1阪6,未勝利,未勝利・牝,4,4,アルディフルール,牝,3,幸英明, 54 ,9,1,１, ,ダ1800,重,,(栗),渡辺薫彦,1572,-0.1,8,6,4,36.9,474,0,
,"2020. 3.14",阪神,1阪5,2勝,２勝ｸﾗｽ,2,2,ライデンバローズ,牡,6,浜中俊, 57 ,14,11,１, ,ダ1800,重,,(栗),藤岡健一,1518,-0.1,3,3,3,37.3,536,-10,B
,"2020. 3.14",阪神,1阪5,ｵｰﾌﾟﾝ,ポラリス,8,15,スマートダンディー,牡,6,秋山真一, 58 ,16,3,１, ,ダ1400,重,,(栗),石橋守,1225,-0.3,,4,4,36.1,504,-2,
,"2020. 3.14",阪神,1阪5,3勝,心斎橋Ｓ･3勝,3,3,ロケット,牝,5,幸英明, 55 ,11,4,１, 内,芝1400,稍,,(栗),石橋守,1215,-0.0,,2,2,35.0,472,-8,
,"2020. 3.14",阪神,1阪5,1勝,ゆきやな･1勝,7,8,ヴァルコス,牡,3,シュタル, 56 ,11,2,１, 外,芝2400,稍,,(栗),友道康夫,2282,-0.3,5,3,2,35.8,496,-4,
,"2020. 3.14",阪神,1阪5,ＪＧ２,阪神スプJG2,2,2,オジュウチョウサン,牡,9,石神深一, 62 ,9,1,１, ,芝3900,稍,,(美),和田正一,4191,-1.4,4,3,3,13.3,510,-10,
,"2020. 3.14",阪神,1阪5,1勝,１勝ｸﾗｽ,6,7,ステラストラータ,セ,5,酒井学, 57 ,11,7,１, ,ダ1400,重,,(美),大江原哲,1247,-0.2,,2,2,37.4,470,-6,
,"2020. 3.14",阪神,1阪5,1勝,１勝ｸﾗｽ,2,2,ギャツビー,牡,7,シュタル, 57 ,11,9,１, 外,芝1800,稍,,(栗),鮫島一歩,1487,-0.2,,4,4,37.0,468,+2,
,"2020. 3.14",阪神,1阪5,未勝利,未勝利,1,2,アーニングフェイム,牝,3,松山弘平, 54 ,16,7,１, 外,芝1600,稍,*,(栗),浜田多実,1368,-0.1,,1,2,36.3,444,+6,
,"2020. 3.14",阪神,1阪5,新馬,新馬,8,12,アンジェロフィリオ,牡,3,松山弘平, 56 ,13,2,１, ,ダ1800,重,,(栗),大久保龍,1545,-1.9,1,1,1,38.0,524,,
,"2020. 3.14",阪神,1阪5,未勝利,未勝利,2,3,メイショウオーギシ,牡,3,秋山真一, 56 ,16,1,１, ,ダ1400,重,,(栗),飯田祐史,1250,-0.3,,1,1,37.8,482,0,
,"2020. 3.14",阪神,1阪5,未勝利,未勝利,6,8,サンライズプラウ,牡,3,松山弘平, 56 ,13,2,１, ,ダ1800,重,,(栗),浜田多実,1546,-0.6,1,1,1,37.1,454,-4,
,"2020. 3.14",阪神,1阪5,未勝利,未勝利・牝,2,2,ロゼキルシュ,牝,3,川田将雅, 54 ,11,1,１, ,ダ1200,重,,(栗),杉山晴紀,1119,-0.1,,3,3,36.1,474,-8,
,"2020. 3. 8",阪神,1阪4,2勝,２勝ｸﾗｽ,5,9,ダンサクドゥーロ,牡,6,シュタル, 57 ,15,1,１, ,ダ1800,重,*,(栗),松永昌博,1516,-0.0,8,9,10,36.9,526,-2,
,"2020. 3. 8",阪神,1阪4,OP(L),大阪城Ｈ(L),2,3,レッドガラン,牡,5,北村友一, 55 ,16,2,１, 外,芝1800,稍,,(栗),安田隆行,1469,-0.2,,2,2,35.4,514,0,
,"2020. 3. 8",阪神,1阪4,3勝,播磨ＳＨ･3勝,8,16,デターミネーション,牡,4,川田将雅, 55 ,16,1,１, ,ダ1400,重,,(栗),小崎憲,1227,-0.4,,3,3,35.9,474,-2,
,"2020. 3. 8",阪神,1阪4,1勝,アルメリ･1勝,1,1,スペードエース,牡,3,福永祐一, 56 ,7,3,１, 外,芝1800,稍,,(栗),友道康夫,1483,-0.6,,6,5,35.0,446,0,
,"2020. 3. 8",阪神,1阪4,2勝,２勝ｸﾗｽ,5,5,アーデントリー,牡,4,シュタル, 57 ,11,7,１, 内,芝2000,稍,,(栗),川村禎彦,2016,-0.0,3,3,4,35.5,452,+4,
,"2020. 3. 8",阪神,1阪4,1勝,１勝ｸﾗｽ,2,2,クリノアントニヌス,牡,6,和田竜二, 57 ,12,7,１, ,ダ1400,重,,(栗),川村禎彦,1240,-0.0,,7,5,36.3,530,0,
,"2020. 3. 8",阪神,1阪4,1勝,１勝ｸﾗｽ*,1,1,フィロロッソ,牡,3,川田将雅, 56 ,8,1,１, ,ダ1800,重,,(栗),中竹和也,1514,-0.2,6,6,5,36.7,470,-2,
,"2020. 3. 8",阪神,1阪4,未勝利,未勝利,3,6,ロードベイリーフ,牡,3,池添謙一, 56 ,16,3,１, 外,芝1600,稍,,(栗),森田直行,1356,-0.1,,2,2,35.4,486,-2,
,"2020. 3. 8",阪神,1阪4,新馬,新馬,6,10,アーヴィンド,牡,3,和田竜二, 56 ,15,3,１, ,ダ1800,重,,(栗),岡田稲男,1552,-0.0,2,2,2,37.4,512,,
,"2020. 3. 8",阪神,1阪4,未勝利,未勝利,8,13,ミヤコシスター,牝,3,福永祐一, 54 ,13,1,１, ,ダ1200,重,*,(栗),浅見秀一,1124,-0.0,,3,3,36.8,468,-2,
,"2020. 3. 8",阪神,1阪4,未勝利,未勝利,6,8,リトルクレバー,牡,3,川田将雅, 56 ,13,1,１, ,ダ1800,重,,(栗),佐々木晶,1529,-0.6,8,8,5,36.6,450,+6,
,"2020. 3. 8",阪神,1阪4,未勝利,未勝利・牝,6,11,サトノガイア,牝,3,松山弘平, 54 ,16,1,１, ,ダ1400,重,,(栗),高橋亮,1253,-0.1,,4,4,37.8,466,-8,
,"2020. 3. 7",阪神,1阪3,2勝,２勝ｸﾗｽ,5,10,ヒラソール,セ,4,荻野極, 57 ,16,1,１, ,ダ1400,稍,,(栗),加用正,1249,-0.1,,7,7,36.8,476,+4,
,"2020. 3. 7",阪神,1阪3,Ｇ２,チューリG2,8,13,マルターズディオサ,牝,3,田辺裕信, 54 ,14,4,１, 外,芝1600,良,,(美),手塚貴久,1333,-0.0,,2,2,33.9,444,0,
,"2020. 3. 7",阪神,1阪3,3勝,但馬Ｓ･3勝,3,3,ブラヴァス,牡,4,武豊, 57 ,11,2,１, 内,芝2000,良,,(栗),友道康夫,2001,-0.0,3,4,5,33.8,488,+6,
,"2020. 3. 7",阪神,1阪3,2勝,摂津特別･2勝,5,5,セラピア,牝,4,Ｍ．デム, 55 ,12,1,１, 内,芝1400,良,,(栗),藤岡健一,1203,-0.1,,1,1,35.2,494,+6,
,"2020. 3. 7",阪神,1阪3,1勝,１勝ｸﾗｽ,8,11,リーヴル,牡,4,岩田康誠, 57 ,11,5,１, ,ダ1800,稍,,(美),萩原清,1535,-0.0,4,2,2,37.1,488,-4,
,"2020. 3. 7",阪神,1阪3,1勝,１勝ｸﾗｽ,5,10,ウインクルチェリー,牝,6,松若風馬, 55 ,16,8,１, ,ダ1200,稍,,(栗),高橋亮,1120,-0.6,,1,1,37.2,514,+4,
,"2020. 3. 7",阪神,1阪3,1勝,１勝ｸﾗｽ*,2,2,ギルデッドミラー,牝,3,福永祐一, 54 ,10,1,１, 内,芝1400,良,,(栗),松永幹夫,1206,-0.4,,6,6,33.9,470,0,
,"2020. 3. 7",阪神,1阪3,未勝利,未勝利,3,4,スズカキング,牡,3,武豊, 56 ,14,2,１, 内,芝2000,良,,(栗),橋田満,2003,-0.4,1,1,1,35.3,448,-8,B
,"2020. 3. 7",阪神,1阪3,新馬,新馬,7,14,アイアイテーラー,牝,3,浜中俊, 54 ,16,2,１, ,ダ1400,重,,(栗),飯田雄三,1268,-0.6,,5,4,39.3,444,,
,"2020. 3. 7",阪神,1阪3,未勝利,未勝利,1,1,エピキュール,牡,3,鮫島克駿, 56 ,12,3,１, ,ダ1800,重,,(栗),杉山晴紀,1555,-0.2,3,4,4,37.9,514,-6,
,"2020. 3. 7",阪神,1阪3,未勝利,未勝利,5,7,タイガーインディ,牡,3,幸英明, 56 ,13,1,１, ,ダ1400,重,,(栗),大橋勇樹,1258,-0.4,,1,1,37.3,448,+2,
,"2020. 3. 7",阪神,1阪3,未勝利,未勝利・牝,6,6,サウザンドスマイル,牝,3,武豊, 54 ,9,1,１, ,ダ1800,重,,(栗),河内洋,1571,-0.2,3,2,2,37.5,472,+2,
,"2020. 3. 1",阪神,1阪2,2勝,２勝ｸﾗｽ,3,6,ジュエアトゥー,セ,6,松若風馬, 57 ,16,6,１, ,ダ1200,重,*,(栗),山内研二,1112,-0.2,,2,2,35.8,512,+12,
,"2020. 3. 1",阪神,1阪2,Ｇ３,阪急杯G3,7,14,ベストアクター,セ,6,浜中俊, 56 ,18,6,１, 内,芝1400,良,,(美),鹿戸雄一,1203,-0.0,,10,10,34.0,448,-6,
,"2020. 3. 1",阪神,1阪2,OP(L),すみれＳ(L),4,4,レクセランス,牡,3,川田将雅, 56 ,6,1,１, 内,芝2200,良,,(栗),池添学,2127,-0.0,5,5,5,34.8,486,-4,
,"2020. 3. 1",阪神,1阪2,3勝,伊丹Ｓ･3勝,2,2,アッシェンプッテル,牝,4,藤岡佑介, 54 ,11,6,１, ,ダ1800,重,,(栗),奥村豊,1513,-0.0,10,10,7,35.4,512,+8,
,"2020. 3. 1",阪神,1阪2,2勝,２勝ｸﾗｽ・牝,5,5,ナルハヤ,牝,6,浜中俊, 55 ,9,3,１, 外,芝1800,稍,,(栗),梅田智之,1463,-0.1,,1,1,35.2,500,+6,
,"2020. 3. 1",阪神,1阪2,1勝,１勝ｸﾗｽ,5,5,アストロノーティカ,牡,6,川田将雅, 57 ,10,1,１, ,ダ1200,重,,(栗),角田晃一,1119,-0.0,,6,6,35.6,506,0,
,"2020. 3. 1",阪神,1阪2,1勝,１勝ｸﾗｽ,2,2,アイキャンテーラー,牡,4,浜中俊, 56 ,10,3,１, ,ダ1800,重,,(栗),飯田雄三,1521,-1.3,1,1,1,37.0,490,+8,B
,"2020. 3. 1",阪神,1阪2,新馬,新馬,6,11,トリンカデイラ,牝,3,坂井瑠星, 54 ,16,5,１, 内,芝2000,稍,,(栗),鮫島一歩,2051,-0.0,3,4,4,35.3,428,,
,"2020. 3. 1",阪神,1阪2,未勝利,未勝利,2,2,アルマフォルト,牡,3,和田竜二, 56 ,14,7,１, 外,芝1800,稍,,(栗),木原一良,1483,-0.1,,4,4,35.4,494,-4,B
,"2020. 3. 1",阪神,1阪2,未勝利,未勝利,7,12,テイエムイダテン,牡,3,松山弘平, 56 ,14,2,１, ,ダ1200,重,,(栗),山内研二,1121,-0.1,,4,4,37.0,472,-4,
,"2020. 3. 1",阪神,1阪2,未勝利,未勝利,3,3,ナムラカミカゼ,牡,3,和田竜二, 56 ,10,2,１, ,ダ1800,重,,(栗),村山明,1535,-0.0,2,5,4,37.3,466,-4,
,"2020. 3. 1",阪神,1阪2,未勝利,未勝利・牝,2,2,メイショウヒバリ,牝,3,泉谷楓真,51▲,15,6,１, ,ダ1400,重,,(栗),本田優,1253,-0.0,,1,1,38.1,454,-2,
,"2020. 3. 1",阪神,1阪2,未勝利,未勝利・牝,8,15,テイエムレビュー,牝,3,国分恭介, 54 ,15,13,１, ,ダ1400,重,,(栗),浜田多実,1253,-0.0,,7,6,37.4,470,0,
,"2020. 2.29",阪神,1阪1,2勝,２勝ｸﾗｽ,8,9,アンドラステ,牝,4,川田将雅, 55 ,9,1,１, 外,芝1600,稍,,(栗),中内田充,1344,-0.2,,3,3,35.0,466,-4,
,"2020. 2.29",阪神,1阪1,OP(L),仁川ＳＨ(L),7,14,ヒストリーメイカー,牡,6,藤岡佑介, 54 ,16,1,１, ,ダ2000,稍,,(栗),作田誠二,2041,-0.1,8,7,6,37.4,546,+4,
,"2020. 2.29",阪神,1阪1,OP(L),マーガレ(L),5,5,エレナアヴァンティ,牝,3,幸英明, 54 ,11,7,１, 内,芝1200,良,,(美),宗像義忠,1093,-0.2,,1,1,34.9,446,-2,
,"2020. 2.29",阪神,1阪1,3勝,うずしお･3勝,7,10,ブランノワール,牝,4,福永祐一, 55 ,12,5,１, 外,芝1600,良,,(栗),須貝尚介,1336,-0.1,,9,10,33.5,458,+6,
,"2020. 2.29",阪神,1阪1,1勝,１勝ｸﾗｽ,4,4,サトノウィザード,牡,4,福永祐一, 56 ,10,1,１, 外,芝1800,良,,(栗),松田国英,1490,-0.3,,6,9,32.5,492,+2,
,"2020. 2.29",阪神,1阪1,1勝,１勝ｸﾗｽ・牝,2,2,ダノンコスモス,牝,6,川田将雅, 55 ,9,1,１, ,ダ1400,稍,,(栗),高橋康之,1255,-0.3,,4,4,37.1,464,-4,
,"2020. 2.29",阪神,1阪1,1勝,１勝ｸﾗｽ*,6,8,ジェネティクス,牡,3,川田将雅, 56 ,13,1,１, ,ダ1200,稍,,(栗),西村真幸,1119,-0.6,,2,2,35.4,518,+10,
,"2020. 2.29",阪神,1阪1,未勝利,未勝利,5,7,フライライクバード,牡,3,福永祐一, 56 ,13,1,１, 外,芝2400,良,,(栗),友道康夫,2273,-0.8,3,3,3,33.8,456,-6,
,"2020. 2.29",阪神,1阪1,新馬,新馬,1,2,ブルベアノット,牡,3,国分恭介, 56 ,16,8,１, ,ダ1200,稍,,(栗),湯窪幸雄,1145,-0.0,,2,1,38.4,488,,
,"2020. 2.29",阪神,1阪1,未勝利,未勝利,2,2,ハンメルフェスト,牡,3,四位洋文, 56 ,10,1,１, ,ダ1800,稍,,(栗),庄野靖志,1550,-0.3,6,6,5,37.3,550,+6,
,"2020. 2.29",阪神,1阪1,未勝利,未勝利,6,11,リリーミニスター,セ,3,池添謙一, 56 ,15,2,１, ,ダ1400,稍,,(栗),池添兼雄,1255,-0.0,,3,3,37.5,480,+6,
,"2020. 2.29",阪神,1阪1,未勝利,未勝利・牝,7,7,キャッツアイ,牝,3,岩田康誠, 54 ,8,2,１, ,ダ1800,稍,,(栗),小崎憲,1561,-0.2,1,1,1,38.7,462,-8,
,2019.12.28,阪神,5阪9,3勝,ファイナ･3勝,6,11,エイティーンガール,牝,3,武豊, 54 ,16,2,１, 内,芝1200,良,,(栗),飯田祐史,1095,-0.4,,11,10,33.3,446,-6,
,2019.12.28,阪神,5阪9,OP(L),ベテルギ(L),4,7,ワイルドカード,牡,5,川田将雅, 56 ,16,2,１, ,ダ1800,稍,,(美),木村哲也,1517,-0.2,2,3,3,35.8,548,+2,
,2019.12.28,阪神,5阪9,2勝,フォーＨ･2勝,5,10,ヒンドゥタイムズ,牡,3,川田将雅, 56 ,16,1,１, 内,芝2000,良,,(栗),斉藤崇史,2010,-0.2,6,5,6,34.4,464,+8,
,2019.12.28,阪神,5阪9,2勝,春待月賞･2勝,7,14,グランソヴァール,牡,3,武豊, 56 ,16,7,１, ,ダ1400,稍,,(美),尾関知人,1246,-0.0,,6,6,37.7,518,+10,
,2019.12.28,阪神,5阪9,1勝,１勝ｸﾗｽ,2,3,リュクスポケット,牡,4,藤岡佑介, 57 ,18,5,１, 外,芝1600,良,,(栗),庄野靖志,1356,-0.4,,1,1,34.2,520,+20,
,2019.12.28,阪神,5阪9,1勝,１勝ｸﾗｽ,8,16,ハギノアトラス,牡,3,川田将雅, 56 ,16,1,１, ,ダ1800,稍,,(栗),鮫島一歩,1542,-0.1,2,2,2,37.8,498,+6,
,2019.12.28,阪神,5阪9,1勝,１勝ｸﾗｽ*,7,8,クリスティ,牝,2,吉田隼人, 54 ,11,1,１, 外,芝1800,良,,(栗),杉山晴紀,1478,-0.2,,2,2,34.3,480,-10,
,2019.12.28,阪神,5阪9,新馬,新馬,8,10,サトノシャローム,牡,2,川田将雅, 55 ,10,1,１, 内,芝2000,良,,(栗),池江泰寿,2032,-0.1,3,3,3,35.1,504,,
,2019.12.28,阪神,5阪9,新馬,新馬,4,7,パルディエス,牡,2,横山武史, 55 ,16,5,１, ,ダ1400,稍,,(美),田中博康,1271,-0.7,,7,7,37.3,458,,
,2019.12.28,阪神,5阪9,未勝利,未勝利*,6,11,シルバーエース,牡,2,吉田隼人, 55 ,18,3,１, 外,芝1800,良,,(栗),橋口慎介,1478,-0.4,,2,2,36.3,468,+4,
,2019.12.28,阪神,5阪9,未勝利,未勝利*,8,15,アブレイズヒーロー,牡,2,幸英明, 55 ,16,3,１, ,ダ1400,稍,,(栗),渡辺薫彦,1261,-0.0,,3,1,39.0,500,-4,
,2019.12.28,阪神,5阪9,未勝利,未勝利*,6,12,シュテルクスト,牡,2,松山弘平, 55 ,16,4,１, ,ダ1800,稍,,(栗),松田国英,1563,-0.3,1,1,1,37.9,478,-6,
,2019.12.22,阪神,5阪8,ｵｰﾌﾟﾝ,ギャラク,5,10,スマートダンディー,牡,5,秋山真一, 57 ,16,3,１, ,ダ1400,稍,,(栗),石橋守,1242,-0.2,,7,7,35.7,506,-6,
,2019.12.22,阪神,5阪8,3勝,サンタク･3勝,7,11,インビジブルレイズ,牡,5,北村友一, 57 ,13,5,１, 内,芝2000,稍,,(栗),吉村圭司,2015,-0.1,9,4,4,34.7,468,-2,
,2019.12.22,阪神,5阪8,2勝,クリスＨ･2勝,3,5,サヴォワールエメ,牝,3,北村友一, 52 ,16,4,１, 外,芝1600,良,,(栗),友道康夫,1345,-0.3,,2,2,34.1,454,+18,
,2019.12.22,阪神,5阪8,1勝,千両賞･1勝*,8,13,シャンドフルール,牝,2,西村淳也, 54 ,13,8,１, 外,芝1600,良,,(栗),松永幹夫,1347,-0.3,,1,1,34.4,498,-10,
,2019.12.22,阪神,5阪8,2勝,２勝ｸﾗｽ,7,13,タマモアポローン,牡,3,坂井瑠星, 56 ,16,1,１, ,ダ1800,良,,(栗),五十嵐忠,1538,-0.1,15,14,12,36.2,504,-2,
,2019.12.22,阪神,5阪8,1勝,１勝ｸﾗｽ,3,6,クリノカポネ,セ,4,秋山真一, 57 ,16,3,１, ,ダ2000,良,,(栗),谷潔,2072,-0.2,15,12,11,37.5,450,0,
,2019.12.22,阪神,5阪8,新馬,新馬,7,14,カバジェーロ,牡,2,北村友一, 55 ,18,5,１, 内,芝1400,良,,(栗),橋口慎介,1229,-0.0,,2,2,34.8,492,,
,2019.12.22,阪神,5阪8,未勝利,障害未勝利,3,3,ヒロシゲセブン,牡,4,高田潤, 60 ,14,1,１, ,ダ2970,良,,(栗),北出成人,3244,-0.4,10,8,6,13.8,514,-6,
,2019.12.22,阪神,5阪8,未勝利,未勝利*,1,1,エンデュミオン,牡,2,田中勝春, 55 ,15,6,１, 内,芝2000,良,*,(栗),清水久詞,2013,-0.2,5,5,4,35.8,450,0,
,2019.12.22,阪神,5阪8,未勝利,未勝利*,3,5,キーダイヤ,牝,2,中谷雄太, 54 ,16,1,１, 内,芝1200,良,,(栗),藤岡健一,1090,-0.3,,1,1,34.2,442,+2,
,2019.12.22,阪神,5阪8,未勝利,未勝利*,5,10,キッズアガチャー,牡,2,高倉稜, 55 ,16,1,１, ,ダ1800,良,,(栗),田所秀孝,1554,-0.1,12,12,7,37.6,532,+6,
,2019.12.22,阪神,5阪8,未勝利,未勝利*,5,10,テイエムクイーン,牝,2,国分恭介, 54 ,16,7,１, ,ダ1400,良,,(栗),五十嵐忠,1272,-0.0,,15,12,38.6,466,-4,
,2019.12.21,阪神,5阪7,2勝,２勝ｸﾗｽ,7,13,オーシャンズルーラ,牝,3,岩田望来,52△,16,7,１, ,ダ1400,稍,,(栗),安田翔伍,1250,-0.1,,12,11,36.4,452,-8,
,2019.12.21,阪神,5阪7,Ｇ２,阪神カッG2,3,5,グランアレグリア,牝,3,ルメール, 54 ,18,1,１, 内,芝1400,良,,(美),藤沢和雄,1194,-0.8,,8,8,33.5,474,0,
,2019.12.21,阪神,5阪7,3勝,摩耶ＳＨ･3勝,1,2,ヒストリーメイカー,牡,5,藤岡佑介, 56 ,16,2,１, ,ダ1800,稍,,(栗),作田誠二,1516,-0.1,9,8,6,37.4,542,+6,
,2019.12.21,阪神,5阪7,2勝,江坂特別･2勝,4,4,バラックパリンカ,牡,3,ルメール, 55 ,11,1,１, 外,芝2400,良,,(栗),平田修,2255,-0.0,3,3,3,35.1,448,+10,
,2019.12.21,阪神,5阪7,1勝,１勝ｸﾗｽ,2,3,ハッピーゴラッキー,牝,3,岩田望来,52△,16,1,１, ,ダ1400,稍,*,(栗),千田輝彦,1254,-0.3,,9,7,37.2,482,0,
,2019.12.21,阪神,5阪7,1勝,１勝ｸﾗｽ,5,10,ゴースト,セ,3,スミヨン, 55 ,16,1,１, 外,芝2600,良,,(栗),橋口慎介,2389,-0.7,4,4,3,34.2,502,+4,
,2019.12.21,阪神,5阪7,新馬,新馬,8,12,サンライズラポール,牡,2,ルメール, 55 ,13,1,１, ,ダ1800,稍,,(栗),平田修,1555,-0.5,3,3,1,38.5,496,,
,2019.12.21,阪神,5阪7,新馬,新馬,1,2,プライムフェイズ,牡,2,北村友一, 55 ,18,2,１, 外,芝1800,良,,(栗),藤原英昭,1492,-0.0,,2,2,34.6,448,,
,2019.12.21,阪神,5阪7,未勝利,未勝利*,3,6,スワーヴドン,牡,2,川田将雅, 55 ,18,1,１, 外,芝1600,良,,(栗),中内田充,1347,-0.7,,3,4,34.1,474,+2,
,2019.12.21,阪神,5阪7,未勝利,未勝利*,7,13,サイモンルモンド,セ,2,松山弘平, 55 ,16,5,１, ,ダ1800,稍,,(栗),松田国英,1546,-0.0,14,11,9,37.6,444,0,
,2019.12.21,阪神,5阪7,未勝利,未勝利*,8,15,サンライト,牡,2,松田大作, 55 ,16,2,１, ,ダ1200,稍,,(栗),上村洋行,1127,-1.0,,2,3,37.1,446,+8,
,2019.12.21,阪神,5阪7,未勝利,未勝利・牝*,2,3,エイシンワルツ,牝,2,岩田康誠, 54 ,16,3,１, ,ダ1800,稍,,(栗),小崎憲,1561,-0.7,10,7,5,39.3,440,+6,
,2019.12.15,阪神,5阪6,2勝,高砂特別･2勝,8,15,クリノサンレオ,牡,6,森裕太朗, 57 ,16,11,１, ,ダ1200,良,,(栗),藤沢則雄,1120,-0.1,,6,6,36.0,468,0,
,2019.12.15,阪神,5阪6,Ｇ１,フューチG1,3,6,サリオス,牡,2,ムーア, 55 ,16,1,１, 外,芝1600,良,,(美),堀宣行,1330,-0.4,,3,3,35.4,538,-2,
,2019.12.15,阪神,5阪6,3勝,元町Ｓ･3勝,2,2,モズダディー,牡,4,ルメール, 57 ,14,1,１, 外,芝1600,良,,(栗),藤岡健一,1330,-0.2,,1,1,34.7,492,0,B
,2019.12.15,阪神,5阪6,2勝,北摂特別･2勝,3,5,ショウナンアリアナ,牝,3,ルメール, 54 ,16,2,１, 内,芝1200,良,,(栗),高野友和,1091,-0.0,,9,10,33.8,422,0,
,2019.12.15,阪神,5阪6,1勝,１勝ｸﾗｽ,8,9,パンコミード,牡,4,マーフィ, 57 ,9,1,１, ,ダ1800,良,,(栗),角居勝彦,1539,-0.3,3,2,2,37.1,540,+16,
,2019.12.15,阪神,5阪6,1勝,１勝ｸﾗｽ*,8,12,イモータルスモーク,牡,2,福永祐一, 55 ,13,9,１, ,ダ1800,良,,(美),金成貴史,1543,-0.3,6,6,5,38.3,490,0,
,2019.12.15,阪神,5阪6,新馬,新馬・牝,4,5,スズカパイロット,牝,2,幸英明, 54 ,14,5,１, ,ダ1400,良,,(栗),西浦勝一,1267,-0.0,,4,6,37.2,470,,
,2019.12.15,阪神,5阪6,新馬,新馬,6,6,ヴァーダイト,牡,2,川田将雅, 55 ,9,2,１, 内,芝2000,良,,(栗),音無秀孝,2026,-0.7,2,2,1,34.5,486,,
,2019.12.15,阪神,5阪6,未勝利,未勝利*,1,1,ヴァルコス,牡,2,福永祐一, 55 ,18,4,１, 外,芝1800,良,,(栗),友道康夫,1476,-0.2,,4,4,34.9,494,-8,
,2019.12.15,阪神,5阪6,未勝利,未勝利*,4,8,サーストンカイドー,牡,2,マーフィ, 55 ,18,2,１, 外,芝1600,良,,(栗),橋田満,1346,-0.1,,7,4,35.8,506,+2,
,2019.12.15,阪神,5阪6,未勝利,未勝利*,7,12,マイネルクライマー,牡,2,川田将雅, 55 ,15,4,１, ,ダ1800,良,,(栗),西園正都,1555,-0.0,3,2,2,37.7,488,+2,
,2019.12.15,阪神,5阪6,未勝利,未勝利*,5,10,テンテキセンセキ,牡,2,幸英明, 55 ,16,1,１, ,ダ1200,良,,(栗),松永昌博,1128,-1.0,,6,4,36.6,460,+6,
,2019.12.14,阪神,5阪5,1勝,１勝ｸﾗｽ,3,6,メイプルグレイト,牡,4,松山弘平, 57 ,16,1,１, ,ダ1200,良,,(栗),山内研二,1120,-0.4,,1,1,36.7,518,+4,B
,2019.12.14,阪神,5阪5,ｵｰﾌﾟﾝ,タンザナＨ,3,6,ジョイフル,牡,5,川又賢治, 54 ,16,5,１, 内,芝1200,良,,(栗),吉村圭司,1086,-0.1,,13,14,33.5,510,+16,B
,2019.12.14,阪神,5阪5,2勝,蛍池特別･2勝,3,3,ローズテソーロ,牝,3,福永祐一, 54 ,10,2,１, 内,芝2000,良,,(美),金成貴史,2007,-0.2,2,2,2,35.0,448,-2,
,2019.12.14,阪神,5阪5,1勝,さざんか･1勝,6,8,ヴァラークラウン,牝,2,岩田康誠, 54 ,12,2,１, 内,芝1200,良,,(栗),鮫島一歩,1092,-0.2,,1,1,34.8,468,0,
,2019.12.14,阪神,5阪5,2勝,２勝ｸﾗｽ,3,5,アニエーゼ,牝,4,幸英明, 55 ,16,11,１, ,ダ1800,良,,(栗),高橋康之,1533,-0.0,14,14,13,37.5,466,-4,
,2019.12.14,阪神,5阪5,1勝,１勝ｸﾗｽ,3,4,メイケイハリアー,牡,3,幸英明, 56 ,15,5,１, 外,芝1800,良,,(栗),木原一良,1471,-0.1,,1,1,33.9,482,+4,
,2019.12.14,阪神,5阪5,新馬,新馬,7,8,ウォーターウキウキ,牝,2,幸英明, 54 ,11,5,１, ,ダ1200,良,,(栗),岡田稲男,1141,-0.2,,2,2,37.3,456,,
,2019.12.14,阪神,5阪5,新馬,新馬,3,5,コンバットマーチ,牝,2,岩田望来,52△,16,8,１, 外,芝1600,良,,(栗),吉村圭司,1368,-0.3,,1,1,33.7,454,,
,2019.12.14,阪神,5阪5,未勝利,未勝利*,1,1,ディープハーモニー,牡,2,和田翼, 55 ,16,8,１, 内,芝2000,良,,(栗),本田優,2014,-0.0,1,1,1,36.1,460,+2,
,2019.12.14,阪神,5阪5,未勝利,未勝利*,3,4,サウンドプリズム,牡,2,武豊, 55 ,14,4,１, ,ダ1400,良,,(栗),武英智,1262,-0.1,,14,14,36.8,428,+16,
,2019.12.14,阪神,5阪5,未勝利,未勝利*,4,5,スマートウィザード,牡,2,坂井瑠星, 55 ,13,8,１, ,ダ1800,良,,(栗),吉田直弘,1562,-0.0,4,5,5,38.8,466,-6,
,2019.12.14,阪神,5阪5,未勝利,未勝利・牝*,7,12,メイショウマサヒメ,牝,2,松山弘平, 54 ,14,2,１, ,ダ1400,良,,(栗),本田優,1267,-0.0,,2,2,39.5,484,+12,
,"2019.12. 8",阪神,5阪4,2勝,妙見山特･2勝,8,16,ジャスティン,牡,3,坂井瑠星, 56 ,16,1,１, ,ダ1400,良,,(栗),矢作芳人,1242,-0.1,,1,1,37.3,478,+6,
,"2019.12. 8",阪神,5阪4,Ｇ１,阪神ジュG1,2,4,レシステンシア,牝,2,北村友一, 54 ,16,4,１, 外,芝1600,良,,(栗),松下武士,1327,-0.8,,1,1,35.2,484,-4,
,"2019.12. 8",阪神,5阪4,3勝,堺Ｓ･3勝,8,12,ビルジキール,牡,3,池添謙一, 56 ,12,6,１, ,ダ1800,良,,(栗),安達昭夫,1527,-0.3,9,9,6,36.8,494,+4,
,"2019.12. 8",阪神,5阪4,3勝,オリオＨ･3勝,3,3,バレリオ,牡,4,ビュイッ, 55 ,13,3,１, 外,芝2400,良,,(美),相沢郁,2266,-0.2,3,3,5,33.5,498,+2,B
,"2019.12. 8",阪神,5阪4,2勝,２勝ｸﾗｽ,8,10,ソシアルクラブ,牝,4,川田将雅, 55 ,10,1,１, 外,芝1600,良,,(栗),池添学,1347,-0.0,,3,2,33.3,476,-4,B
,"2019.12. 8",阪神,5阪4,1勝,１勝ｸﾗｽ・牝,6,6,ペプチドフシチョウ,牝,3,松田大作, 54 ,9,5,１, ,ダ1800,良,,(栗),武英智,1556,-0.4,7,7,6,37.4,462,+14,
,"2019.12. 8",阪神,5阪4,1勝,１勝ｸﾗｽ*,5,5,サダムスキャット,牝,2,川須栄彦, 54 ,8,2,１, ,ダ1200,良,,(栗),中尾秀正,1127,-0.2,,4,4,36.7,462,-6,
,"2019.12. 8",阪神,5阪4,新馬,新馬,5,5,アメリカンシード,牡,2,川田将雅, 55 ,9,3,１, 外,芝1800,良,,(栗),藤岡健一,1485,-0.1,,2,2,33.7,482,,
,"2019.12. 8",阪神,5阪4,新馬,新馬,5,5,グランマリアージュ,牝,2,田辺裕信, 54 ,9,4,１, 内,芝1200,良,,(栗),牧浦充徳,1101,-0.4,,1,1,34.5,468,,
,"2019.12. 8",阪神,5阪4,未勝利,未勝利*,7,13,ナイントゥファイブ,牝,2,松田大作, 54 ,15,5,１, 内,芝1400,良,,(栗),西園正都,1213,-0.0,,2,2,34.9,460,0,
,"2019.12. 8",阪神,5阪4,未勝利,未勝利*,8,12,ロッキーサンダー,牡,2,幸英明, 55 ,12,1,１, ,ダ1800,良,,(栗),石橋守,1553,-0.0,7,7,4,38.4,482,+2,
,"2019.12. 8",阪神,5阪4,未勝利,未勝利*,6,8,ウインカムトゥルー,牡,2,松山弘平, 55 ,13,1,１, ,ダ1400,良,,(栗),杉山晴紀,1270,-0.0,,1,1,38.8,480,+2,B
,"2019.12. 7",阪神,5阪3,1勝,１勝ｸﾗｽ,8,13,ドウドウキリシマ,牡,3,川須栄彦, 56 ,13,1,１, ,ダ1400,良,*,(栗),村山明,1251,-0.2,,3,2,36.7,482,-4,B
,"2019.12. 7",阪神,5阪3,OP(L),リゲルＳ(L),7,13,ストロングタイタン,牡,6,幸英明, 58 ,16,10,１, 外,芝1600,良,,(栗),池江泰寿,1333,-0.0,,12,12,34.0,538,+8,
,"2019.12. 7",阪神,5阪3,2勝,境港特Ｈ･2勝,6,7,メイショウタカトラ,牡,5,幸英明, 53 ,11,11,１, 内,芝2200,良,,(栗),荒川義之,2129,-0.3,1,1,1,35.1,508,+6,
,"2019.12. 7",阪神,5阪3,1勝,エリカ賞･1勝,7,9,ヒュッゲ,牡,2,川田将雅, 55 ,11,3,１, 内,芝2000,良,,(栗),友道康夫,2006,-0.2,1,1,1,34.5,472,0,
,"2019.12. 7",阪神,5阪3,2勝,２勝ｸﾗｽ,6,9,タイサイ,牡,3,中井裕二, 56 ,13,1,１, ,ダ2000,良,,(栗),田所秀孝,2066,-0.5,3,3,3,37.9,478,-2,
,"2019.12. 7",阪神,5阪3,未勝利,未勝利*,7,8,エレヴァテッツァ,牝,2,北村友一, 54 ,11,3,１, 外,芝1800,良,,(栗),松永幹夫,1488,-0.2,,4,4,33.9,470,-6,
,"2019.12. 7",阪神,5阪3,新馬,新馬,2,4,エイシンアメンラー,牡,2,福永祐一, 55 ,16,7,１, ,ダ1800,良,,(栗),野中賢二,1558,-1.1,1,1,1,38.8,480,,
,"2019.12. 7",阪神,5阪3,新馬,新馬・牝,3,5,マテンロウディーバ,牝,2,川田将雅, 54 ,15,1,１, 内,芝1400,良,,(栗),中内田充,1223,-0.2,,3,3,35.0,404,,
,"2019.12. 7",阪神,5阪3,未勝利,未勝利・牝*,2,2,ショウナンラペット,牝,2,池添謙一, 54 ,13,12,１, 外,芝1600,良,,(栗),池添兼雄,1353,-0.2,,5,7,33.9,408,-2,
,"2019.12. 7",阪神,5阪3,未勝利,未勝利*,6,9,マジックスピーチ,牡,2,藤岡佑介, 55 ,14,9,１, ,ダ1400,良,,(栗),飯田祐史,1258,-0.2,,13,12,36.6,460,0,
,"2019.12. 7",阪神,5阪3,未勝利,未勝利*,6,7,ミヤジコクオウ,牡,2,和田竜二, 55 ,11,1,１, ,ダ1800,良,,(栗),川村禎彦,1563,-0.6,2,2,2,38.6,500,-6,
,"2019.12. 7",阪神,5阪3,未勝利,未勝利*,2,2,アナザーエンド,牡,2,鮫島良太, 55 ,8,2,１, ,ダ1200,良,,(栗),飯田雄三,1132,-0.2,,5,5,36.7,450,-8,
,"2019.12. 1",阪神,5阪2,2勝,２勝ｸﾗｽ,5,9,ツウカイウイング,牡,4,松山弘平, 57 ,16,4,１, ,ダ1200,良,,(栗),千田輝彦,1122,-0.5,,14,14,36.5,470,+6,
,"2019.12. 1",阪神,5阪2,3勝,逆瀬川Ｈ･3勝,8,10,レッドガラン,牡,4,北村友一, 55 ,10,2,１, 外,芝1800,良,,(栗),安田隆行,1448,-0.0,,6,6,33.8,510,0,
,"2019.12. 1",阪神,5阪2,2勝,猪名川特･2勝,4,4,トウカイオラージュ,牡,3,松若風馬, 56 ,11,4,１, 内,芝1400,良,,(栗),長谷川浩,1196,-0.3,,2,2,34.2,472,-2,
,"2019.12. 1",阪神,5阪2,1勝,万両賞･1勝*,1,1,カリオストロ,牝,2,松山弘平, 54 ,8,2,１, 内,芝1400,良,,(栗),加用正,1204,-0.8,,1,1,34.9,454,+10,
,"2019.12. 1",阪神,5阪2,1勝,１勝ｸﾗｽ,8,9,タマモアポローン,牡,3,池添謙一, 55 ,9,2,１, ,ダ1800,良,,(栗),五十嵐忠,1539,-0.4,6,6,5,36.6,506,+16,
,"2019.12. 1",阪神,5阪2,未勝利,未勝利*,7,8,ドゥーベ,牡,2,北村友一, 55 ,10,1,１, 外,芝1600,良,,(栗),音無秀孝,1343,-0.0,,1,1,34.5,490,+4,
,"2019.12. 1",阪神,5阪2,新馬,新馬,4,5,ケイアイワイプ,牡,2,国分恭介, 55 ,14,1,１, ,ダ1400,良,,(栗),西村真幸,1263,-0.9,,2,1,37.6,478,,
,"2019.12. 1",阪神,5阪2,新馬,新馬,2,2,バルンストック,牡,2,岩田望来,53△,8,4,１, 内,芝2000,良,,(栗),高橋義忠,2017,-0.1,1,1,1,35.2,460,,
,"2019.12. 1",阪神,5阪2,未勝利,障害未勝利,3,3,スプリングボックス,牡,5,森一馬, 60 ,10,3,１, ,ダ2970,良,,(栗),寺島良,3251,-0.5,2,2,1,13.8,490,+4,
,"2019.12. 1",阪神,5阪2,未勝利,未勝利・牝*,7,8,ボンオムトゥック,牝,2,藤岡佑介, 54 ,11,2,１, 外,芝1800,良,,(栗),高橋亮,1484,-0.0,,2,2,33.4,456,-4,
,"2019.12. 1",阪神,5阪2,未勝利,未勝利*,4,4,ライトウォーリア,牡,2,岩田望来,53△,13,2,１, ,ダ1800,良,,(栗),高野友和,1548,-0.3,1,1,1,38.5,480,+8,
,"2019.12. 1",阪神,5阪2,未勝利,未勝利*,8,10,サイクロトロン,牡,2,北村友一, 55 ,11,3,１, ,ダ1200,良,,(栗),音無秀孝,1151,-0.1,,6,6,38.3,514,+4,
,2019.11.30,阪神,5阪1,1勝,１勝ｸﾗｽ,8,15,テルモードーサ,牝,3,岩田康誠, 54 ,15,3,１, ,ダ1200,良,,(栗),高橋康之,1116,-0.9,,1,1,36.3,514,0,B
,2019.11.30,阪神,5阪1,Ｇ３,チャレンG3,4,4,ロードマイウェイ,牡,3,ルメール, 54 ,12,2,１, 内,芝2000,良,,(栗),杉山晴紀,1591,-0.0,9,9,7,33.8,474,+6,
,2019.11.30,阪神,5阪1,3勝,御影Ｓ･3勝,1,2,クリノケンリュウ,牡,5,森裕太朗, 57 ,16,13,１, ,ダ1400,良,,(栗),藤沢則雄,1238,-0.0,,4,4,37.4,510,+2,
,2019.11.30,阪神,5阪1,2勝,再度山特･2勝,1,1,ブラヴァス,牡,3,スミヨン, 55 ,8,2,１, 外,芝1800,良,,(栗),友道康夫,1479,-0.0,,3,3,33.1,482,+2,
,2019.11.30,阪神,5阪1,2勝,２勝ｸﾗｽ・牝,7,12,スマートフルーレ,牝,3,武豊, 53 ,14,2,１, ,ダ1800,良,,(栗),南井克巳,1533,-0.2,5,4,3,38.3,506,-6,
,2019.11.30,阪神,5阪1,未勝利,未勝利*,3,3,ハギノエスペラント,牡,2,ルメール, 55 ,12,3,１, 内,芝2000,良,,(栗),松田国英,2004,-0.1,7,6,5,35.3,472,+4,
,2019.11.30,阪神,5阪1,新馬,新馬,3,3,フェルカド,牡,2,ルメール, 55 ,8,2,１, ,ダ1800,良,,(栗),角田晃一,1586,-0.2,2,2,2,39.0,476,,
,2019.11.30,阪神,5阪1,新馬,新馬,5,7,ストーンリッジ,牡,2,デットー, 55 ,13,2,１, 外,芝1600,良,,(栗),藤原英昭,1368,-0.1,,2,2,33.1,454,,
,2019.11.30,阪神,5阪1,未勝利,未勝利*,7,12,メイショウチタン,牡,2,松山弘平, 55 ,15,2,１, 内,芝1400,良,,(栗),本田優,1205,-0.6,,2,1,35.1,466,-4,
,2019.11.30,阪神,5阪1,未勝利,未勝利*,5,5,ロンドンデリーエア,牡,2,武豊, 55 ,10,4,１, ,ダ1800,良,,(栗),武英智,1553,-0.2,2,2,2,37.8,464,0,
,2019.11.30,阪神,5阪1,未勝利,未勝利*,7,10,シゲルカセイ,牡,2,団野大成,52▲,13,1,１, ,ダ1400,良,,(栗),谷潔,1273,-0.1,,5,3,38.6,478,+6,
,2019.11.30,阪神,5阪1,未勝利,未勝利・牝*,2,2,サウンドワイズ,牝,2,武豊, 54 ,12,1,１, ,ダ1200,良,,(栗),高柳大輔,1138,-0.1,,2,2,38.1,474,-2,
,"2019. 9.29",阪神,4阪9,2勝,２勝ｸﾗｽ,3,5,メイショウヴォルガ,牡,5,亀田温心,54▲,16,14,１, ,ダ1400,良,,(栗),本田優,1240,-0.0,,8,10,37.3,502,-4,
,"2019. 9.29",阪神,4阪9,OP(L),ポートア(L),1,1,ロードマイウェイ,牡,3,吉田隼人, 54 ,15,1,１, 外,芝1600,良,,(栗),杉山晴紀,1327,-0.0,,3,3,34.9,468,+6,
,"2019. 9.29",阪神,4阪9,3勝,竹田城Ｓ･3勝,6,8,アドマイヤビクター,牡,4,和田竜二, 57 ,12,1,１, ,ダ2000,良,,(栗),友道康夫,2038,-0.6,4,3,3,37.5,512,0,
,"2019. 9.29",阪神,4阪9,2勝,兵庫特Ｈ･2勝,3,3,シルヴァーソニック,牡,3,松山弘平, 53 ,9,1,１, 外,芝2400,良,,(栗),池江泰寿,2249,-0.1,4,5,5,34.2,448,+2,
,"2019. 9.29",阪神,4阪9,1勝,１勝ｸﾗｽ,5,10,アドマイヤジョラス,牡,5,藤岡康太, 57 ,16,2,１, 外,芝1800,良,,(栗),梅田智之,1465,-0.2,,5,5,33.9,488,-4,
,"2019. 9.29",阪神,4阪9,1勝,１勝ｸﾗｽ,8,17,ドナウデルタ,牝,3,北村友一, 53 ,18,1,１, 内,芝1400,良,,(栗),石坂正,1205,-0.0,,7,7,34.3,436,+10,
,"2019. 9.29",阪神,4阪9,1勝,１勝ｸﾗｽ,5,9,ホープフルスター,牡,5,斎藤新,54▲,16,4,１, ,ダ1200,良,,(栗),中竹和也,1125,-0.0,,5,4,36.6,508,+6,
,"2019. 9.29",阪神,4阪9,新馬,新馬,2,3,インザムード,牡,2,田中健, 54 ,18,9,１, 外,芝1600,良,,(栗),浅見秀一,1349,-0.4,,3,2,35.4,464,,
,"2019. 9.29",阪神,4阪9,未勝利,障害未勝利,6,6,リングオブハピネス,牝,6,佐久間寛, 58 ,9,1,１, ,ダ2970,良,,(栗),奥村豊,3225,-0.1,5,5,3,13.6,494,+12,
,"2019. 9.29",阪神,4阪9,新馬,新馬,4,8,ショウナンナデシコ,牝,2,岩田望来,51▲,16,6,１, ,ダ1800,良,,(栗),須貝尚介,1543,-1.2,2,1,1,37.6,460,,
,"2019. 9.29",阪神,4阪9,未勝利,未勝利*,5,5,ラインオブダンス,牝,2,坂井瑠星,53☆,9,1,１, 外,芝1800,良,,(栗),矢作芳人,1480,-0.3,,7,5,33.7,476,+2,
,"2019. 9.29",阪神,4阪9,未勝利,未勝利*,6,11,タガノキトピロ,牡,2,川島信二, 54 ,16,7,１, ,ダ1400,良,,(栗),加用正,1261,-0.1,,3,1,37.5,460,+2,
,"2019. 9.28",阪神,4阪8,2勝,２勝ｸﾗｽ,4,6,サザンブリーズ,牡,5,岩田康誠, 57 ,14,2,１, ,ダ1800,良,,(栗),橋口慎介,1526,-0.0,1,2,2,36.7,530,+6,B
,"2019. 9.28",阪神,4阪8,Ｇ３,シリウスＨG3,4,6,ロードゴラッソ,牡,4,藤岡佑介, 55 ,14,6,１, ,ダ2000,良,,(栗),藤岡健一,2035,-0.0,5,5,1,36.4,472,-2,
,"2019. 9.28",阪神,4阪8,3勝,道頓堀Ｓ･3勝,2,3,ラルムドランジュ,牝,4,松山弘平, 55 ,16,4,１, 内,芝1200,良,,(栗),高野友和,1084,-0.0,,7,6,33.6,422,-2,
,"2019. 9.28",阪神,4阪8,2勝,戎橋特別･2勝,5,9,メリーメーキング,牡,3,川田将雅, 55 ,18,5,１, 内,芝1400,良,,(栗),清水久詞,1208,-0.0,,10,10,34.1,454,+6,
,"2019. 9.28",阪神,4阪8,1勝,１勝ｸﾗｽ,1,1,ベストタッチダウン,牡,3,川田将雅, 54 ,14,1,１, ,ダ1800,良,,(栗),橋口慎介,1510,-1.7,1,1,1,35.8,478,+14,
,"2019. 9.28",阪神,4阪8,1勝,１勝ｸﾗｽ,6,12,ラプタス,セ,3,幸英明, 55 ,16,4,１, ,ダ1400,良,*,(栗),松永昌博,1230,-0.0,,1,1,37.3,458,-8,
,"2019. 9.28",阪神,4阪8,1勝,１勝ｸﾗｽ,8,10,メロディーレーン,牝,3,岩田望来,49▲,10,2,１, 外,芝2600,良,,(栗),森田直行,2371,-0.4,7,9,7,35.1,338,+2,
,"2019. 9.28",阪神,4阪8,1勝,１勝ｸﾗｽ*,8,9,ファシネートゼット,牝,2,松若風馬, 54 ,10,2,１, ,ダ1400,良,,(栗),平田修,1245,-0.1,,3,3,36.5,466,+10,
,"2019. 9.28",阪神,4阪8,新馬,新馬,1,1,ヴィースバーデン,牝,2,和田竜二, 54 ,18,5,１, 外,芝1800,良,,(栗),角居勝彦,1477,-0.3,,7,8,33.8,418,,
,"2019. 9.28",阪神,4阪8,未勝利,未勝利*,4,4,アカイイト,牝,2,福永祐一, 54 ,7,2,１, 内,芝2000,良,,(栗),中竹和也,2024,-0.2,7,7,7,33.7,494,0,
,"2019. 9.28",阪神,4阪8,未勝利,未勝利*,2,2,グランフェスタ,牡,2,菱田裕二, 54 ,12,7,１, 内,芝1200,良,,(栗),武幸四郎,1095,-0.6,,10,8,34.5,430,0,
,"2019. 9.28",阪神,4阪8,未勝利,未勝利*,4,7,フィロロッソ,牡,2,岩田康誠, 54 ,16,6,１, ,ダ1800,良,,(栗),中竹和也,1542,-0.7,11,8,7,37.8,468,0,
,"2019. 9.22",阪神,4阪7,2勝,２勝ｸﾗｽ,8,16,アヴァンティスト,牡,3,幸英明, 55 ,16,1,１, ,ダ1200,良,,(栗),西浦勝一,1115,-0.0,,3,3,36.2,468,0,
,"2019. 9.22",阪神,4阪7,Ｇ２,神戸新聞G2,3,3,サートゥルナーリア,牡,3,ルメール, 56 ,8,1,１, 外,芝2400,良,,(栗),角居勝彦,2268,-0.5,2,2,1,32.3,498,+8,
,"2019. 9.22",阪神,4阪7,3勝,西宮Ｓ･3勝,4,4,ジェシー,牡,4,川田将雅, 57 ,10,1,１, 内,芝2000,良,,(栗),中内田充,1592,-0.1,3,3,3,34.0,480,+2,
,"2019. 9.22",阪神,4阪7,2勝,甲東特Ｈ･2勝,5,5,ブルベアトリュフ,牡,4,四位洋文, 56 ,11,7,１, 外,芝1600,良,,(栗),千田輝彦,1344,-0.0,,2,2,33.4,460,+2,
,"2019. 9.22",阪神,4阪7,1勝,１勝ｸﾗｽ,5,5,ワイルドシング,牡,4,秋山真一, 57 ,12,4,１, ,ダ2000,良,,(栗),飯田祐史,2071,-0.1,9,9,8,35.8,434,0,
,"2019. 9.22",阪神,4阪7,1勝,１勝ｸﾗｽ,8,16,ソシアルクラブ,牝,4,川田将雅, 55 ,18,2,１, 外,芝1600,良,,(栗),池添学,1322,-0.6,,2,2,33.2,478,+6,B
,"2019. 9.22",阪神,4阪7,1勝,１勝ｸﾗｽ・牝,7,10,オーシャンズルーラ,牝,3,北村友一, 53 ,12,2,１, ,ダ1400,良,,(栗),安田翔伍,1254,-0.1,,10,10,36.0,460,+2,
,"2019. 9.22",阪神,4阪7,新馬,新馬,6,6,チュウワノキセキ,牡,2,武豊, 54 ,11,5,１, 内,芝2000,良,,(栗),大久保龍,2019,-0.2,7,7,4,33.9,468,,
,"2019. 9.22",阪神,4阪7,未勝利,障害未勝利,7,9,マルクデラポム,牝,6,中村将之, 58 ,11,3,１, ,ダ2970,良,,(栗),松下武士,3221,-1.2,1,1,1,13.6,488,-2,
,"2019. 9.22",阪神,4阪7,新馬,新馬,5,9,タマモツワモノ,牡,2,武豊, 54 ,16,2,１, ,ダ1400,良,,(栗),五十嵐忠,1265,-0.3,,3,2,38.1,478,,
,"2019. 9.22",阪神,4阪7,未勝利,未勝利・牝*,4,8,カリオストロ,牝,2,松山弘平, 54 ,16,2,１, 内,芝1400,良,,(栗),加用正,1214,-0.6,,2,2,35.5,450,+2,
,"2019. 9.22",阪神,4阪7,未勝利,未勝利*,1,1,セイシェルノユウヒ,牡,2,藤岡佑介, 54 ,13,2,１, ,ダ1800,良,,(栗),安田翔伍,1550,-1.2,10,2,2,38.0,454,-2,
,"2019. 9.21",阪神,4阪6,2勝,２勝ｸﾗｽ,3,3,コマビショウ,牡,4,川田将雅, 57 ,13,1,１, ,ダ2000,稍,,(栗),南井克巳,2038,-1.0,8,8,6,37.2,488,0,
,"2019. 9.21",阪神,4阪6,3勝,大阪スポ･3勝,6,8,ビックリシタナモー,牡,5,松若風馬, 57 ,13,5,１, ,ダ1400,稍,,(栗),音無秀孝,1230,-0.2,,11,9,35.6,504,-2,
,"2019. 9.21",阪神,4阪6,2勝,夕月特別･2勝,5,5,ブランノワール,牝,3,福永祐一, 52 ,8,1,１, 外,芝1800,良,,(栗),須貝尚介,1453,-0.5,,3,3,33.6,446,0,
,"2019. 9.21",阪神,4阪6,ｵｰﾌﾟﾝ,ききょう,6,6,プリンスリターン,牡,2,原田和真, 54 ,6,4,１, 内,芝1400,良,,(栗),加用正,1221,-0.1,,2,2,33.6,440,+2,
,"2019. 9.21",阪神,4阪6,1勝,１勝ｸﾗｽ,6,6,ダンスディライト,牡,3,福永祐一, 54 ,8,2,１, 内,芝2000,良,,(栗),松永幹夫,1595,-0.1,7,7,7,34.1,490,-8,
,"2019. 9.21",阪神,4阪6,1勝,１勝ｸﾗｽ,6,6,オーヴェルニュ,牡,3,川田将雅, 54 ,10,1,１, ,ダ1800,稍,,(栗),西村真幸,1512,-1.1,3,3,2,36.5,452,+2,
,"2019. 9.21",阪神,4阪6,1勝,１勝ｸﾗｽ,8,12,デンコウハピネス,牝,3,田中健, 53 ,13,9,１, ,ダ1200,稍,*,(栗),坂口智康,1124,-0.1,,7,7,36.4,438,+18,
,"2019. 9.21",阪神,4阪6,新馬,新馬,4,7,ロータスランド,牝,2,福永祐一, 54 ,15,1,１, 外,芝1600,良,,(栗),角居勝彦,1372,-0.3,,2,2,34.0,464,,
,"2019. 9.21",阪神,4阪6,1勝,１勝ｸﾗｽ・牝,2,2,ルプレジール,牝,3,岩田望来,49▲,9,3,１, ,ダ1800,稍,,(栗),藤原英昭,1543,-0.0,1,1,1,36.5,492,+12,
,"2019. 9.21",阪神,4阪6,未勝利,未勝利*,3,3,ソウルトレイン,牡,2,ルメール, 54 ,9,2,１, 外,芝1800,良,,(栗),西村真幸,1480,-0.0,,3,3,33.3,452,0,
,"2019. 9.21",阪神,4阪6,未勝利,未勝利*,7,11,シャドウブロッサム,牝,2,ルメール, 54 ,14,1,１, 外,芝1600,良,,(栗),藤岡健一,1343,-0.0,,4,5,34.5,450,+2,
,"2019. 9.21",阪神,4阪6,未勝利,未勝利*,4,4,ファストボウラー,牡,2,幸英明, 54 ,9,2,１, ,ダ1200,稍,,(栗),渡辺薫彦,1131,-0.0,,1,1,36.7,436,-2,
,"2019. 9.16",阪神,4阪5,1勝,１勝ｸﾗｽ,7,12,クールリフレイン,牡,4,団野大成,54▲,14,7,１, ,ダ1400,良,,(栗),石橋守,1249,-0.1,,5,2,37.2,524,-2,
,"2019. 9.16",阪神,4阪5,3勝,JRAアＨ･3勝,4,4,メイケイダイハード,牡,4,松若風馬, 53 ,9,8,１, 内,芝1400,良,,(栗),中竹和也,1204,-0.0,,2,1,34.1,536,-2,
,"2019. 9.16",阪神,4阪5,2勝,ウオッカ･2勝,2,2,メモリーコウ,牝,4,古川吉洋, 55 ,13,4,１, ,ダ1800,良,*,(栗),松永幹夫,1527,-0.2,4,3,2,37.0,460,-2,
,"2019. 9.16",阪神,4阪5,1勝,甲武特別･1勝,5,5,バラックパリンカ,牡,3,松山弘平, 54 ,9,1,１, 外,芝2400,良,,(栗),平田修,2262,-0.6,3,4,4,35.3,432,-6,
,"2019. 9.16",阪神,4阪5,1勝,１勝ｸﾗｽ,4,4,トーセンカンビーナ,牡,3,藤岡康太, 54 ,9,1,１, 外,芝1800,良,,(栗),角居勝彦,1472,-0.1,,9,9,32.9,448,-8,
,"2019. 9.16",阪神,4阪5,1勝,１勝ｸﾗｽ・牝,8,14,パラーティウム,牝,3,武豊, 53 ,15,1,１, ,ダ1200,良,,(栗),本田優,1123,-0.4,,3,2,36.9,474,-6,
,"2019. 9.16",阪神,4阪5,1勝,１勝ｸﾗｽ,7,9,ケイアイパープル,牡,3,和田竜二, 54 ,11,1,１, ,ダ1800,良,,(栗),村山明,1543,-0.4,2,2,1,36.9,510,+2,
,"2019. 9.16",阪神,4阪5,新馬,新馬・牝,8,8,ライティア,牝,2,北村友一, 54 ,9,1,１, 外,芝1600,良,,(栗),石坂正,1350,-0.2,,8,5,35.5,418,,
,"2019. 9.16",阪神,4阪5,新馬,新馬,3,3,クリノアンカーマン,牡,2,幸英明, 54 ,12,1,１, 内,芝1200,良,,(栗),高橋義忠,1104,-0.2,,10,9,34.4,458,,
,"2019. 9.16",阪神,4阪5,未勝利,未勝利*,5,5,トウカイデュエル,牡,2,武豊, 54 ,12,2,１, 内,芝2000,良,,(栗),田所秀孝,2013,-0.0,6,6,6,35.5,458,-6,
,"2019. 9.16",阪神,4阪5,未勝利,未勝利*,3,3,ベレヌス,牡,2,北村友一, 54 ,10,1,１, ,ダ1800,良,*,(栗),杉山晴紀,1561,-1.1,3,1,1,39.5,502,-4,
,"2019. 9.16",阪神,4阪5,未勝利,未勝利*,7,9,エンプティチェア,牡,2,松若風馬, 54 ,12,4,１, ,ダ1400,良,,(栗),音無秀孝,1268,-0.0,,3,2,39.4,456,-12,
,"2019. 9.15",阪神,4阪4,1勝,１勝ｸﾗｽ,7,14,エクレアスピード,牡,3,武豊, 55 ,16,3,１, 内,芝1200,良,*,(栗),石橋守,1083,-0.0,,6,6,33.9,470,-2,
,"2019. 9.15",阪神,4阪4,Ｇ２,ローズＳG2,4,4,ダノンファンタジー,牝,3,川田将雅, 54 ,12,1,１, 外,芝1800,良,,(栗),中内田充,1444,-0.0,,7,5,33.1,458,+2,
,"2019. 9.15",阪神,4阪4,2勝,新涼特別･2勝,8,15,ウォータースペース,牝,3,北村友一, 53 ,16,2,１, ,ダ1400,良,,(栗),安田隆行,1242,-0.0,,7,5,36.0,458,+4,
,"2019. 9.15",阪神,4阪4,2勝,能勢特別･2勝,8,8,アドマイヤスコール,牡,3,戸崎圭太, 54 ,8,1,１, 内,芝2000,良,,(美),加藤征弘,2010,-0.1,3,3,2,34.4,480,0,
,"2019. 9.15",阪神,4阪4,1勝,１勝ｸﾗｽ,5,10,ミッキーバディーラ,牝,3,松若風馬, 53 ,16,3,１, 外,芝1600,良,,(栗),音無秀孝,1331,-0.0,,6,4,33.6,462,+2,
,"2019. 9.15",阪神,4阪4,1勝,１勝ｸﾗｽ,7,9,ウインプラウド,牡,3,和田竜二, 54 ,12,5,１, ,ダ1800,良,,(栗),西園正都,1537,-0.2,3,3,3,37.6,500,+2,
,"2019. 9.15",阪神,4阪4,1勝,１勝ｸﾗｽ,1,1,ピアシック,牡,3,武豊, 55 ,15,8,１, ,ダ1200,良,,(栗),森秀行,1115,-0.5,,15,15,35.3,488,+28,
,"2019. 9.15",阪神,4阪4,新馬,新馬,8,9,コントレイル,牡,2,福永祐一, 54 ,9,1,１, 外,芝1800,良,,(栗),矢作芳人,1489,-0.4,,2,3,33.5,456,,
,"2019. 9.15",阪神,4阪4,未勝利,障害未勝利,5,5,ヒロノタイリク,牡,4,熊沢重文, 60 ,6,3,１, ,ダ2970,良,*,(栗),宮本博,3229,-0.2,2,2,2,13.7,508,+26,
,"2019. 9.15",阪神,4阪4,新馬,新馬,1,1,レーヌブランシュ,牝,2,松山弘平, 54 ,13,3,１, ,ダ1800,良,,(栗),橋口慎介,1560,-0.6,6,7,7,38.2,462,,
,"2019. 9.15",阪神,4阪4,未勝利,未勝利*,4,4,コウエイバクシン,牡,2,北村友一, 54 ,9,3,１, 内,芝1200,良,,(栗),森秀行,1094,-0.0,,2,2,34.9,444,+8,
,"2019. 9.15",阪神,4阪4,未勝利,未勝利*,3,3,クレパト,牝,2,坂井瑠星,53☆,7,1,１, ,ダ1800,良,,(栗),矢作芳人,1560,-0.6,6,4,2,39.7,466,0,
,"2019. 9.14",阪神,4阪3,1勝,１勝ｸﾗｽ・牝,4,4,フィオレドーロ,牝,3,岩田望来,49▲,10,2,１, 内,芝2000,良,,(栗),角居勝彦,2001,-0.0,8,8,8,33.9,422,+4,
,"2019. 9.14",阪神,4阪3,3勝,オークラ･3勝,8,9,スワーヴアラミス,牡,4,川田将雅, 57 ,9,1,１, ,ダ1800,稍,,(栗),須貝尚介,1502,-1.0,5,4,3,36.0,476,-4,
,"2019. 9.14",阪神,4阪3,2勝,芦屋川特･2勝,5,9,ブリッツアウェイ,牝,3,北村友一, 53 ,16,12,１, 内,芝1200,良,*,(栗),音無秀孝,1081,-0.0,,3,3,34.7,438,-4,
,"2019. 9.14",阪神,4阪3,ｵｰﾌﾟﾝ,野路菊Ｓ,1,1,マイラプソディ,牡,2,武豊, 54 ,5,1,１, 外,芝1800,良,,(栗),友道康夫,1474,-0.8,,4,3,33.4,500,-2,
,"2019. 9.14",阪神,4阪3,ＪＧ３,阪神ジャJG3,5,6,メドウラーク,牡,8,北沢伸也, 60 ,12,4,１, ,芝3140,良,,(栗),橋田満,3298,-0.0,1,1,1,13.4,504,+2,
,"2019. 9.14",阪神,4阪3,1勝,１勝ｸﾗｽ,5,7,グトルフォス,牡,3,柴山雄一, 55 ,14,2,１, ,ダ1400,稍,,(栗),浅見秀一,1247,-0.0,,9,5,36.5,500,-10,
,"2019. 9.14",阪神,4阪3,1勝,１勝ｸﾗｽ,6,8,シンアンドケン,牡,4,吉田隼人, 57 ,12,6,１, ,ダ2000,稍,,(栗),本田優,2062,-0.0,3,3,2,37.3,480,0,
,"2019. 9.14",阪神,4阪3,新馬,新馬,6,8,ピュアカラー,牝,2,川田将雅, 54 ,12,2,１, 内,芝1400,良,,(栗),橋口慎介,1220,-0.2,,5,5,34.8,426,,
,"2019. 9.14",阪神,4阪3,1勝,１勝ｸﾗｽ・牝,7,10,ブルーメンクローネ,牝,4,斎藤新,52▲,13,1,１, ,ダ1800,稍,,(栗),石坂正,1516,-0.3,2,2,2,37.3,494,-4,
,"2019. 9.14",阪神,4阪3,未勝利,未勝利*,5,5,ベルティアラ,牝,2,幸英明, 54 ,9,9,１, 外,芝1600,良,,(栗),牧田和弥,1336,-0.0,,9,9,34.3,422,-12,
,"2019. 9.14",阪神,4阪3,未勝利,未勝利*,7,7,テイエムサウスダン,牡,2,鮫島良太, 54 ,8,5,１, ,ダ1200,稍,,(栗),飯田雄三,1118,-1.3,,3,2,36.4,514,+2,
,"2019. 9.14",阪神,4阪3,未勝利,未勝利・牝*,2,2,メイショウユリシス,牝,2,秋山真一, 54 ,11,2,１, ,ダ1400,稍,,(栗),高橋亮,1269,-0.1,,8,6,39.1,466,+2,
,"2019. 9. 8",阪神,4阪2,2勝,２勝ｸﾗｽ,8,15,デザートストーム,牡,5,武豊, 57 ,16,1,１, ,ダ1200,良,,(栗),西浦勝一,1103,-1.0,,11,8,34.5,452,-4,
,"2019. 9. 8",阪神,4阪2,Ｇ２,セントウG2,5,7,タワーオブロンドン,牡,4,ルメール, 57 ,13,1,１, 内,芝1200,良,,(美),藤沢和雄,1067,-0.5,,7,7,33.2,516,-4,
,"2019. 9. 8",阪神,4阪2,3勝,ムーンＨ･3勝,8,10,マイネルネーベル,牡,7,国分優作, 54 ,11,8,１, 外,芝1800,良,,(栗),五十嵐忠,1455,-0.1,,1,1,33.2,456,0,
,"2019. 9. 8",阪神,4阪2,2勝,瀬戸内海･2勝,6,6,メモリーコロネット,牝,4,ルメール, 55 ,9,2,１, 内,芝1400,良,,(栗),大久保龍,1193,-0.5,,2,2,33.7,452,+6,
,"2019. 9. 8",阪神,4阪2,1勝,１勝ｸﾗｽ,7,7,クレッセントムーン,牡,3,川田将雅, 54 ,10,1,１, ,ダ1800,良,,(栗),高野友和,1531,-0.4,4,4,2,37.0,492,+10,
,"2019. 9. 8",阪神,4阪2,1勝,１勝ｸﾗｽ,7,8,サマーセント,牝,3,団野大成,49▲,10,7,１, 内,芝2000,良,,(栗),斉藤崇史,1587,-0.2,3,3,3,35.8,446,-12,
,"2019. 9. 8",阪神,4阪2,1勝,１勝ｸﾗｽ,8,13,メイショウダブル,牡,4,亀田温心,54▲,14,6,１, ,ダ1400,良,,(栗),本田優,1239,-0.7,,2,2,36.3,504,+2,
,"2019. 9. 8",阪神,4阪2,新馬,新馬,2,2,アルジャンナ,牡,2,川田将雅, 54 ,5,1,１, 内,芝2000,良,,(栗),池江泰寿,2044,-0.2,5,4,3,33.6,460,,
,"2019. 9. 8",阪神,4阪2,未勝利,障害未勝利,8,9,ユキノエルドール,牡,5,石神深一, 60 ,9,3,１, ,ダ2970,良,,(美),和田正一,3237,-0.7,1,1,1,13.7,460,-4,
,"2019. 9. 8",阪神,4阪2,新馬,新馬,7,8,アルコレーヌ,牝,2,ルメール, 54 ,11,2,１, ,ダ1400,良,,(栗),奥村豊,1264,-0.8,,2,2,37.6,452,,
,"2019. 9. 8",阪神,4阪2,未勝利,未勝利・牝*,8,12,イズジョーノキセキ,牝,2,岩田康誠, 54 ,12,6,１, 外,芝1600,良,,(栗),石坂公一,1338,-0.3,,9,8,33.4,434,-2,
,"2019. 9. 8",阪神,4阪2,未勝利,未勝利*,7,9,メイショウカムロ,牡,2,団野大成,51▲,12,2,１, ,ダ1400,良,,(栗),荒川義之,1266,-0.2,,3,2,38.1,438,-8,
,"2019. 9. 7",阪神,4阪1,1勝,１勝ｸﾗｽ,5,7,ヴァンドギャルド,牡,3,福永祐一, 55 ,13,1,１, 外,芝1600,良,,(栗),藤原英昭,1332,-0.3,,8,8,33.6,470,+8,
,"2019. 9. 7",阪神,4阪1,OP(L),エニフＳ(L),7,8,エアアルマス,牡,4,川田将雅, 56 ,11,1,１, ,ダ1400,良,,(栗),池添学,1236,-0.0,,9,9,35.7,486,+6,
,"2019. 9. 7",阪神,4阪1,2勝,鳥取特Ｈ･2勝,5,10,マッスルビーチ,牡,3,福永祐一, 53 ,16,2,１, ,ダ1800,良,,(栗),鈴木孝志,1500,-0.6,12,13,12,35.8,466,+6,
,"2019. 9. 7",阪神,4阪1,2勝,野分特別･2勝,1,1,ゴータイミング,牡,3,武豊, 54 ,7,2,１, 外,芝1800,良,,(栗),松永幹夫,1447,-0.3,,6,4,32.6,446,0,
,"2019. 9. 7",阪神,4阪1,1勝,１勝ｸﾗｽ,7,9,コラード,牡,4,岩田望来,54▲,11,2,１, ,ダ1200,良,,(栗),木原一良,1119,-0.8,,3,2,35.8,488,-4,
,"2019. 9. 7",阪神,4阪1,1勝,１勝ｸﾗｽ,6,6,ダノンスプレンダー,牡,3,北村友一, 54 ,9,1,１, ,ダ1800,良,,(栗),安田隆行,1548,-0.1,3,5,2,36.1,506,-4,
,"2019. 9. 7",阪神,4阪1,1勝,１勝ｸﾗｽ・牝,5,6,カルカリーナ,牝,3,国分優作, 53 ,13,4,１, ,ダ1400,良,*,(栗),松下武士,1251,-0.1,,7,8,36.5,430,+8,
,"2019. 9. 7",阪神,4阪1,新馬,新馬,5,5,クラヴァシュドール,牝,2,藤岡佑介, 54 ,11,1,１, 外,芝1600,良,,(栗),中内田充,1354,-0.2,,3,4,33.1,450,,
,"2019. 9. 7",阪神,4阪1,新馬,新馬・牝,4,5,フェアレストアイル,牝,2,川田将雅, 54 ,14,1,１, 内,芝1400,良,,(栗),中内田充,1218,-0.2,,3,3,34.1,436,,
,"2019. 9. 7",阪神,4阪1,未勝利,未勝利*,7,7,ジュンライトボルト,牡,2,福永祐一, 54 ,10,1,１, 外,芝1800,良,,(栗),友道康夫,1475,-0.1,,6,4,33.4,452,0,
,"2019. 9. 7",阪神,4阪1,未勝利,未勝利*,6,6,アポロアベリア,牡,2,松山弘平, 54 ,11,2,１, ,ダ1800,良,,(栗),山内研二,1553,-0.1,1,1,1,38.6,520,-2,
,"2019. 9. 7",阪神,4阪1,未勝利,未勝利*,3,3,ルガーサント,牝,2,斎藤新,51▲,11,6,１, 内,芝1400,良,,(栗),西村真幸,1214,-0.5,,1,1,34.6,422,-4,
,"2019. 6.23",阪神,3阪8,2勝,リボン賞･2勝,6,10,ロードグラディオ,牡,3,ルメール, 54 ,15,3,１, ,ダ1800,良,,(栗),西浦勝一,1528,-0.3,2,2,2,36.7,472,+2,
,"2019. 6.23",阪神,3阪8,Ｇ１,宝塚記念G1,8,12,リスグラシュー,牝,5,レーン, 56 ,12,3,１, 内,芝2200,良,,(栗),矢作芳人,2108,-0.5,2,2,2,35.2,460,+2,
,"2019. 6.23",阪神,3阪8,3勝,花のみち･3勝,8,15,ハングリーベン,牡,5,酒井学, 57 ,16,14,１, ,ダ1200,良,,(美),武井亮,1110,-0.2,,4,5,35.9,444,0,B
,"2019. 6.23",阪神,3阪8,2勝,皆生特Ｈ･2勝,8,12,シャンデリアムーン,牝,3,斎藤新, 51 ,12,3,１, 内,芝1200,良,,(美),斎藤誠,1089,-0.2,,2,2,35.5,464,-2,
,"2019. 6.23",阪神,3阪8,1勝,出石特別･1勝,4,6,クードメイトル,牝,3,川田将雅, 52 ,14,1,１, 外,芝1800,良,*,(栗),高野友和,1456,-0.4,,7,7,33.9,536,-2,
,"2019. 6.23",阪神,3阪8,1勝,１勝ｸﾗｽ,3,3,クリデュクール,牡,5,レーン, 57 ,10,2,１, 内,芝2200,良,*,(栗),佐々木晶,2128,-0.4,4,2,3,35.6,500,0,
,"2019. 6.23",阪神,3阪8,1勝,１勝ｸﾗｽ,6,11,ロフティネス,牡,3,岩田望来,51▲,16,7,１, ,ダ1800,良,,(栗),音無秀孝,1522,-0.3,1,1,1,37.9,462,0,
,"2019. 6.23",阪神,3阪8,新馬,新馬,8,9,レッドベルジュール,牡,2,福永祐一, 54 ,9,2,１, 外,芝1800,良,,(栗),藤原英昭,1507,-0.0,,2,2,33.8,450,,
,"2019. 6.23",阪神,3阪8,未勝利,未勝利,1,2,アメリカンウェイク,牝,3,川田将雅, 54 ,18,3,１, 外,芝1600,良,,(栗),斉藤崇史,1351,-0.3,,4,3,34.5,492,0,
,"2019. 6.23",阪神,3阪8,未勝利,未勝利,7,14,エイシンヨッシー,牡,3,小牧太, 56 ,16,6,１, ,ダ1800,良,,(栗),今野貞一,1541,-0.1,3,2,2,37.6,444,0,
,"2019. 6.23",阪神,3阪8,未勝利,未勝利,5,10,メイショウヤワラギ,牝,3,福永祐一, 54 ,16,2,１, ,ダ1200,良,,(栗),西浦勝一,1132,-0.0,,2,2,36.5,450,0,
,"2019. 6.23",阪神,3阪8,未勝利,未勝利・牝,7,14,レイトブルーミング,牝,3,松山弘平, 54 ,16,5,１, ,ダ1400,良,,(栗),松下武士,1256,-0.4,,8,7,37.4,444,+6,
,"2019. 6.22",阪神,3阪7,1勝,１勝ｸﾗｽ・牝,6,11,ゴッドバンブルビー,牝,3,秋山真一, 52 ,16,2,１, ,ダ1200,良,,(栗),飯田祐史,1124,-0.2,,13,14,36.0,462,+2,
,"2019. 6.22",阪神,3阪7,3勝,垂水ＳＨ･3勝,7,14,アイスストーム,牡,4,武豊, 55 ,18,2,１, 外,芝1800,良,*,(栗),吉村圭司,1451,-0.2,,13,12,34.7,524,+4,
,"2019. 6.22",阪神,3阪7,2勝,京橋特別･2勝,5,6,シフルマン,牡,3,松山弘平, 54 ,12,2,１, 内,芝2000,良,,(栗),中尾秀正,2007,-0.0,3,3,4,35.2,494,+2,
,"2019. 6.22",阪神,3阪7,1勝,鶴橋特別･1勝,4,5,ゼセル,牡,5,浜中俊, 57 ,14,7,１, 内,芝1400,良,,(栗),鈴木孝志,1209,-0.2,,1,1,35.7,488,-10,B
,"2019. 6.22",阪神,3阪7,1勝,１勝ｸﾗｽ・牝,6,11,アオイテソーロ,牝,5,浜中俊, 55 ,15,8,１, ,ダ1800,良,,(美),加藤士津,1530,-0.0,8,8,5,37.7,496,-6,
,"2019. 6.22",阪神,3阪7,1勝,１勝ｸﾗｽ,5,9,シティーポップ,牝,4,川田将雅, 55 ,16,3,１, ,ダ1400,良,,(栗),角居勝彦,1243,-0.2,,6,5,37.4,446,-2,
,"2019. 6.22",阪神,3阪7,未勝利,未勝利,8,18,ダイアナブライト,牝,3,川田将雅, 54 ,18,1,１, 外,芝1800,良,,(栗),石坂正,1475,-0.2,,3,3,36.4,436,+2,
,"2019. 6.22",阪神,3阪7,新馬,新馬,7,7,ラウダシオン,牡,2,福永祐一, 54 ,8,1,１, 内,芝1200,良,,(栗),斉藤崇史,1107,-0.2,,3,2,35.7,488,,
,"2019. 6.22",阪神,3阪7,未勝利,未勝利,8,15,シャンパンクーペ,牡,3,中井裕二, 56 ,16,7,１, ,ダ2000,良,,(栗),今野貞一,2083,-0.0,14,2,2,38.3,522,0,B
,"2019. 6.22",阪神,3阪7,未勝利,未勝利,7,13,ウインアライバル,牡,3,高倉稜, 56 ,16,8,１, ,ダ1400,良,*,(栗),西園正都,1262,-0.0,,3,2,37.2,462,+1,
,"2019. 6.22",阪神,3阪7,未勝利,未勝利・牝,4,7,スマートランウェイ,牝,3,Ｍ．デム, 54 ,16,1,１, ,ダ1800,良,,(栗),角居勝彦,1543,-0.8,2,2,1,38.0,518,-10,
,"2019. 6.22",阪神,3阪7,未勝利,未勝利*,4,4,スリリングドリーム,牝,2,和田竜二, 54 ,6,4,１, 外,芝1600,良,,(美),小野次郎,1362,-0.1,,4,3,35.7,438,-4,
,"2019. 6.16",阪神,3阪6,1勝,１勝ｸﾗｽ,4,6,ロードアクア,牡,3,川須栄彦, 54 ,15,3,１, 内,芝1200,稍,,(栗),浅見秀一,1094,-0.3,,4,3,35.3,456,+4,
,"2019. 6.16",阪神,3阪6,OP(L),米子Ｓ(L),5,5,オールフォーラヴ,牝,4,和田竜二, 54 ,11,1,１, 外,芝1600,稍,,(栗),中内田充,1347,-0.1,,2,2,34.6,452,-2,
,"2019. 6.16",阪神,3阪6,3勝,灘Ｓ･3勝,3,3,マイネルクラース,牡,5,国分優作, 57 ,13,7,１, ,ダ1800,稍,,(美),高木登,1502,-1.0,3,2,2,36.4,464,0,
,"2019. 6.16",阪神,3阪6,2勝,箕面特別･2勝,7,8,スピリットワンベル,牡,4,松山弘平, 57 ,10,1,１, ,ダ1200,稍,,(栗),牧田和弥,1110,-0.1,,4,6,35.5,526,-10,
,"2019. 6.16",阪神,3阪6,1勝,１勝ｸﾗｽ,4,4,アルファライズ,牝,3,斎藤新,49▲,5,5,１, 内,芝2000,稍,,(栗),安田隆行,2032,-0.3,3,3,2,36.7,442,+2,
,"2019. 6.16",阪神,3阪6,1勝,１勝ｸﾗｽ,5,6,カモンスプリング,牡,3,鮫島克駿, 54 ,12,2,１, ,ダ1200,重,,(栗),川村禎彦,1116,-0.0,,2,2,35.9,484,-2,
,"2019. 6.16",阪神,3阪6,未勝利,未勝利,5,7,モズハチキン,牝,3,和田竜二, 54 ,14,1,１, 内,芝1400,稍,,(栗),大久保龍,1221,-0.9,,1,1,35.2,450,+8,
,"2019. 6.16",阪神,3阪6,新馬,新馬,8,11,エールヴィオレ,牝,2,浜中俊, 54 ,11,7,１, 外,芝1600,稍,,(栗),武英智,1377,-0.3,,7,6,36.1,434,,
,"2019. 6.16",阪神,3阪6,未勝利,障害未勝利,2,2,ブレイクスピアー,牡,4,植野貴也, 60 ,10,4,１, ,ダ2970,稍,,(栗),長谷川浩,3202,-0.2,3,3,2,13.5,492,-2,
,"2019. 6.16",阪神,3阪6,未勝利,未勝利,5,5,タイサイ,牡,3,中井裕二, 56 ,11,1,１, ,ダ1800,重,,(栗),田所秀孝,1531,-0.2,4,5,4,38.3,466,+8,
,"2019. 6.16",阪神,3阪6,未勝利,未勝利,2,2,メイショウロサン,牡,3,岩田望来,53▲,12,2,１, ,ダ1200,重,,(栗),角田晃一,1119,-0.2,,4,4,36.7,472,-4,
,"2019. 6.16",阪神,3阪6,未勝利,未勝利・牝,7,10,サイレントクララ,牝,3,和田翼, 54 ,12,6,１, ,ダ1800,重,*,(栗),武幸四郎,1561,-0.2,5,4,4,37.2,498,-4,
,"2019. 6.15",阪神,3阪5,1勝,１勝ｸﾗｽ,6,11,シェパードボーイ,牡,3,福永祐一, 54 ,16,1,１, ,ダ1800,重,,(栗),大久保龍,1517,-0.3,4,3,2,37.4,440,-4,
,"2019. 6.15",阪神,3阪5,3勝,水無月Ｈ･3勝,4,8,ウインストラグル,牡,5,川須栄彦, 54 ,16,7,１, 内,芝1200,稍,,(栗),加用正,1087,-0.0,,1,1,35.2,484,+2,
,"2019. 6.15",阪神,3阪5,2勝,小豆島特･2勝,8,8,アドマイヤキズナ,牡,6,和田竜二, 57 ,9,3,１, 外,芝1600,稍,,(栗),友道康夫,1362,-0.0,,3,2,34.2,458,-6,
,"2019. 6.15",阪神,3阪5,2勝,鷹取特別･2勝,3,5,アッシェンプッテル,牝,3,城戸義政, 52 ,16,4,１, ,ダ2000,重,*,(栗),奥村豊,2051,-0.3,9,7,3,38.2,494,-6,
,"2019. 6.15",阪神,3阪5,1勝,１勝ｸﾗｽ,8,12,ミエノウインウイン,セ,4,和田竜二, 57 ,12,3,１, 外,芝1600,稍,,(栗),高橋亮,1356,-0.1,,6,5,33.8,470,-2,
,"2019. 6.15",阪神,3阪5,1勝,１勝ｸﾗｽ・牝,1,1,エスポワール,牝,3,Ｍ．デム, 52 ,12,1,１, 外,芝1800,稍,,(栗),角居勝彦,1496,-0.2,,9,8,33.1,486,+18,
,"2019. 6.15",阪神,3阪5,未勝利,未勝利,5,10,メロディーレーン,牝,3,岩田望来,51▲,16,5,１, 外,芝2400,稍,*,(栗),森田直行,2288,-1.5,11,12,11,35.7,340,+4,
,"2019. 6.15",阪神,3阪5,新馬,新馬,6,8,ジェネティクス,牡,2,川田将雅, 54 ,12,1,１, ,ダ1200,重,,(栗),西村真幸,1130,-0.4,,1,1,36.7,500,,
,"2019. 6.15",阪神,3阪5,未勝利,未勝利,1,2,ボンディマンシュ,セ,3,斎藤新,53▲,16,1,１, ,ダ1400,重,,(栗),中内田充,1260,-0.2,,1,1,38.0,502,-2,
,"2019. 6.15",阪神,3阪5,未勝利,未勝利,5,7,オーマオ,牡,3,松山弘平, 56 ,14,3,１, ,ダ1800,稍,,(栗),村山明,1544,-0.0,11,11,8,38.2,444,+4,
,"2019. 6.15",阪神,3阪5,未勝利,未勝利・牝,2,2,リネンリボン,牝,3,斎藤新,51▲,15,8,１, ,ダ1200,稍,,(栗),坂口智康,1143,-0.0,,7,7,36.7,452,+12,
,"2019. 6.15",阪神,3阪5,未勝利,未勝利*,8,8,レジェーロ,牝,2,松山弘平, 54 ,8,1,１, 内,芝1400,稍,,(栗),西村真幸,1228,-1.0,,2,2,35.2,388,+2,
,"2019. 6. 9",阪神,3阪4,2勝,２勝ｸﾗｽ,8,16,メイショウギガース,牡,5,岩田康誠, 57 ,16,1,１, ,ダ1400,稍,,(栗),岡田稲男,1245,-0.3,,6,4,36.3,480,0,
,"2019. 6. 9",阪神,3阪4,Ｇ３,マーメイＨG3,2,3,サラス,牝,4,松若風馬, 51 ,16,7,１, 内,芝2000,良,,(栗),西村真幸,2003,-0.0,15,15,15,34.6,524,0,
,"2019. 6. 9",阪神,3阪4,3勝,安芸Ｓ･3勝,4,4,エアアルマス,牡,4,川田将雅, 57 ,11,1,１, ,ダ1400,稍,,(栗),池添学,1233,-0.7,,4,4,35.3,480,-2,
,"2019. 6. 9",阪神,3阪4,2勝,三田特Ｈ･2勝,2,2,サトノガーネット,牝,4,坂井瑠星, 54 ,14,4,１, 外,芝2400,良,,(栗),矢作芳人,2262,-0.1,9,9,5,35.5,434,+6,
,"2019. 6. 9",阪神,3阪4,1勝,１勝ｸﾗｽ,8,12,ペルクナス,牡,3,川田将雅, 54 ,13,1,１, 外,芝1800,良,,(栗),池江泰寿,1485,-0.3,,5,5,34.1,514,-12,
,"2019. 6. 9",阪神,3阪4,1勝,１勝ｸﾗｽ,8,15,デターミネーション,牡,3,川田将雅, 54 ,16,1,１, ,ダ1400,稍,,(栗),小崎憲,1239,-0.3,,3,2,36.7,470,+2,
,"2019. 6. 9",阪神,3阪4,未勝利,未勝利,7,14,ロードスパイダー,牡,3,和田竜二, 56 ,16,2,１, 内,芝1200,良,,(栗),安田翔伍,1100,-0.0,,1,1,34.8,458,-14,B
,"2019. 6. 9",阪神,3阪4,新馬,新馬,1,1,ルーチェデラヴィタ,牝,2,池添謙一, 54 ,10,3,１, 外,芝1600,良,,(栗),西村真幸,1384,-0.3,,3,3,34.3,426,,
,"2019. 6. 9",阪神,3阪4,ｵｰﾌﾟﾝ,障害・オープ,5,5,メイショウヒカル,牡,5,森一馬, 60 ,9,8,１, ,ダ3110,良,,(栗),松永昌博,3306,-0.2,4,4,3,13.5,480,+6,
,"2019. 6. 9",阪神,3阪4,未勝利,未勝利,7,13,ノイーヴァ,牝,3,Ｍ．デム, 54 ,16,2,１, ,ダ1800,稍,,(栗),安田翔伍,1541,-0.2,5,4,4,37.8,476,+20,B
,"2019. 6. 9",阪神,3阪4,未勝利,未勝利,2,4,コマノバルーガ,牡,3,加藤祥太,55☆,16,3,１, ,ダ1400,稍,,(栗),庄野靖志,1244,-0.8,,6,4,37.1,474,0,
,"2019. 6. 9",阪神,3阪4,未勝利,未勝利・牝,1,2,グレースゼット,牝,3,菱田裕二, 54 ,16,11,１, ,ダ1800,稍,,(栗),宮徹,1535,-0.1,1,1,1,39.5,508,-2,
,"2019. 6. 8",阪神,3阪3,1勝,１勝ｸﾗｽ,6,12,アヴァンセ,牡,3,福永祐一, 54 ,16,3,１, ,ダ1800,重,,(栗),吉村圭司,1520,-0.4,3,3,2,36.6,468,-6,
,"2019. 6. 8",阪神,3阪3,ｵｰﾌﾟﾝ,天保山Ｓ,2,3,ヴェンジェンス,牡,6,幸英明, 57 ,15,3,１, ,ダ1400,重,,(栗),大根田裕,1222,-0.2,,4,3,35.3,492,-6,
,"2019. 6. 8",阪神,3阪3,2勝,舞子特別･2勝,8,14,アイラブテーラー,牝,3,岡田祥嗣, 52 ,14,1,１, 内,芝1400,稍,,(栗),河内洋,1220,-0.4,,6,3,35.4,422,0,
,"2019. 6. 8",阪神,3阪3,1勝,生田特別･1勝,7,8,リンディスファーン,牡,4,松田大作, 57 ,11,8,１, 外,芝2400,稍,,(栗),高橋康之,2295,-0.0,3,3,3,37.2,488,-2,
,"2019. 6. 8",阪神,3阪3,1勝,１勝ｸﾗｽ,1,2,アルティマリガーレ,牝,3,斎藤新,49▲,18,1,１, 内,芝1400,稍,,(栗),佐々木晶,1219,-0.2,,4,5,35.5,442,0,
,"2019. 6. 8",阪神,3阪3,1勝,１勝ｸﾗｽ・牝,7,12,キコクイーン,牝,3,鮫島克駿, 52 ,14,7,１, ,ダ1800,重,,(栗),浅見秀一,1518,-0.1,1,1,1,36.7,428,-8,
,"2019. 6. 8",阪神,3阪3,未勝利,未勝利,8,16,アドマイヤポラリス,牡,3,岩田康誠, 56 ,16,1,１, 内,芝2000,稍,,(栗),友道康夫,2025,-0.2,13,10,6,35.3,462,-8,
,"2019. 6. 8",阪神,3阪3,新馬,新馬,7,7,トリプルエース,牡,2,和田竜二, 54 ,8,4,１, 内,芝1200,稍,,(栗),斉藤崇史,1125,-0.0,,5,3,34.4,458,,
,"2019. 6. 8",阪神,3阪3,未勝利,未勝利,2,3,サトノファクト,牡,3,川田将雅, 56 ,18,1,１, 外,芝1600,稍,,(栗),池江泰寿,1360,-0.2,,7,6,36.1,460,0,
,"2019. 6. 8",阪神,3阪3,未勝利,未勝利,7,13,ローゼンリッター,牡,3,坂井瑠星,55☆,16,2,１, ,ダ1800,不,,(栗),矢作芳人,1522,-0.0,3,3,2,38.0,526,-4,
,"2019. 6. 8",阪神,3阪3,未勝利,未勝利,7,13,メイショウアマギ,牡,3,幸英明, 56 ,15,6,１, ,ダ1200,不,,(栗),大橋勇樹,1118,-0.0,,8,8,36.1,474,-2,
,"2019. 6. 8",阪神,3阪3,未勝利,未勝利・牝,6,12,サルトアトランテ,牝,3,川田将雅, 54 ,16,1,１, ,ダ1400,不,,(栗),西園正都,1243,-0.0,,2,2,37.5,442,-4,
,"2019. 6. 2",阪神,3阪2,1勝,１勝ｸﾗｽ,8,15,サンライズカラマ,牡,5,藤岡康太, 57 ,16,6,１, ,ダ1200,良,,(栗),石坂公一,1121,-0.2,,12,9,35.7,494,-4,B
,"2019. 6. 2",阪神,3阪2,3勝,グリーン･3勝,5,5,タイセイトレイル,牡,4,中谷雄太, 57 ,7,1,１, 外,芝2400,良,,(栗),矢作芳人,2270,-0.0,4,5,4,35.5,488,0,
,"2019. 6. 2",阪神,3阪2,2勝,加古川特･2勝,3,5,クイックファイア,牡,4,藤岡佑介, 57 ,16,1,１, ,ダ1800,良,,(栗),中内田充,1532,-0.2,2,2,2,36.7,470,0,
,"2019. 6. 2",阪神,3阪2,1勝,城崎特別･1勝,7,9,ジョウショームード,牡,3,秋山真一, 54 ,11,2,１, 内,芝2000,良,,(栗),服部利之,2020,-0.0,7,9,9,36.2,428,-14,
,"2019. 6. 2",阪神,3阪2,1勝,１勝ｸﾗｽ,6,12,スラッシュメタル,牡,4,西村淳也,55△,18,6,１, 外,芝1600,良,,(栗),西村真幸,1353,-0.2,,12,11,34.6,456,+12,
,"2019. 6. 2",阪神,3阪2,未勝利,未勝利,4,7,シルヴァーソニック,牡,3,藤岡康太, 56 ,17,1,１, 外,芝1800,良,,(栗),池江泰寿,1482,-0.4,,9,5,35.5,444,+2,
,"2019. 6. 2",阪神,3阪2,未勝利,未勝利,8,14,トゥプエデス,牡,3,斎藤新,53▲,14,7,１, ,ダ2000,良,*,(栗),高橋康之,2090,-0.1,1,1,1,39.6,438,0,B
,"2019. 6. 2",阪神,3阪2,新馬,新馬,6,6,タイセイビジョン,牡,2,石橋脩, 54 ,11,1,１, 内,芝1400,良,,(栗),西村真幸,1230,-0.4,,6,2,36.1,454,,
,"2019. 6. 2",阪神,3阪2,未勝利,障害未勝利,8,10,キタサンサジン,牡,7,難波剛健, 60 ,10,4,１, ,ダ2970,良,,(栗),梅田智之,3231,-0.3,4,3,2,13.7,544,+4,
,"2019. 6. 2",阪神,3阪2,未勝利,未勝利,2,3,サンライズヴュー,牡,3,西村淳也,54△,15,5,１, ,ダ1800,良,,(栗),石坂正,1549,-0.3,14,13,10,38.2,470,+14,
,"2019. 6. 2",阪神,3阪2,未勝利,未勝利,2,3,テイエムイブシギン,牡,3,田中健, 56 ,16,1,１, ,ダ1200,良,,(栗),武英智,1131,-0.0,,1,1,37.8,516,+4,B
,"2019. 6. 2",阪神,3阪2,未勝利,未勝利・牝,6,12,パラーティウム,牝,3,吉田隼人, 54 ,16,1,１, ,ダ1400,良,,(栗),本田優,1262,-0.7,,1,1,38.3,468,+6,
,"2019. 6. 1",阪神,3阪1,1勝,１勝ｸﾗｽ,6,11,シンハラージャ,牡,4,レーン, 57 ,16,1,１, ,ダ1800,良,,(栗),石坂正,1540,-0.0,10,9,7,37.5,450,-4,
,"2019. 6. 1",阪神,3阪1,Ｇ３,鳴尾記念G3,7,7,メールドグラース,牡,4,レーン, 56 ,9,1,１, 内,芝2000,良,,(栗),清水久詞,1596,-0.2,7,7,7,34.6,476,-2,B
,"2019. 6. 1",阪神,3阪1,2勝,三木特Ｈ･2勝,2,2,ルナーランダー,牡,6,菱田裕二, 54 ,12,5,１, 外,芝1800,良,,(栗),岡田稲男,1466,-0.2,,4,3,35.7,506,0,
,"2019. 6. 1",阪神,3阪1,2勝,洲本特別･2勝,4,8,クリノケンリュウ,牡,5,鮫島克駿, 57 ,16,9,１, ,ダ1200,良,*,(栗),藤沢則雄,1115,-0.1,,4,4,36.0,504,+6,
,"2019. 6. 1",阪神,3阪1,1勝,１勝ｸﾗｽ・牝,1,1,クインズチャパラ,牝,4,小崎綾也, 55 ,16,1,１, 内,芝1200,良,,(栗),野中賢二,1095,-0.0,,4,5,34.5,456,+2,B
,"2019. 6. 1",阪神,3阪1,1勝,１勝ｸﾗｽ,3,4,カフジロッソ,牡,3,中谷雄太, 54 ,14,11,１, ,ダ2000,良,,(栗),矢作芳人,2074,-0.1,2,2,2,38.6,508,+2,
,"2019. 6. 1",阪神,3阪1,未勝利,未勝利,4,4,シャイニープレット,牡,3,池添謙一, 56 ,13,1,１, 外,芝2600,良,,(栗),松永幹夫,2411,-0.3,7,5,5,35.5,474,-4,
,"2019. 6. 1",阪神,3阪1,新馬,新馬,3,3,リアアメリア,牝,2,川田将雅, 54 ,7,1,１, 外,芝1600,良,,(栗),中内田充,1365,-1.3,,5,4,34.4,462,,
,"2019. 6. 1",阪神,3阪1,未勝利,未勝利・牝,8,18,プリモプレミオ,牝,3,武豊, 54 ,18,6,１, 外,芝1600,良,,(栗),吉村圭司,1361,-0.0,,6,5,34.7,452,+10,
,"2019. 6. 1",阪神,3阪1,未勝利,未勝利,4,5,ウラノメトリア,セ,3,坂井瑠星,55☆,13,2,１, ,ダ1800,良,,(栗),矢作芳人,1566,-0.5,3,4,4,37.7,484,+2,
,"2019. 6. 1",阪神,3阪1,未勝利,未勝利,5,10,ヴィーゲンリート,牝,3,浜中俊, 54 ,16,2,１, ,ダ1400,良,,(栗),武幸四郎,1264,-0.1,,1,1,38.6,458,-6,
,"2019. 6. 1",阪神,3阪1,未勝利,未勝利・牝,8,14,スマートフルーレ,牝,3,武豊, 54 ,15,1,１, ,ダ1800,良,,(栗),南井克巳,1548,-0.8,6,5,3,39.2,502,-4,
,"2019. 4.14",阪神,2阪8,1000万,1000万下・牝,6,10,ベルエスメラルダ,牝,5,田中健, 55 ,15,1,１, ,ダ1400,稍,,(栗),村山明,1247,-0.3,,9,5,36.5,434,-18,B
,"2019. 4.14",阪神,2阪8,Ｇ３,アンタレG3,5,9,アナザートゥルース,セ,5,大野拓弥, 56 ,16,6,１, ,ダ1800,稍,,(美),高木登,1508,-0.1,7,7,4,37.2,480,0,B
,"2019. 4.14",阪神,2阪8,1600万,難波Ｓ1600,2,2,テリトーリアル,牡,5,藤岡康太, 57 ,12,2,１, 外,芝1800,稍,,(栗),西浦勝一,1472,-0.0,,5,6,34.1,482,0,
,"2019. 4.14",阪神,2阪8,1000万,千種川Ｈ1000,4,5,マイネルパラディ,セ,5,国分恭介, 56 ,13,8,１, 内,芝1200,稍,,(栗),田所秀孝,1093,-0.0,,1,1,34.2,468,-4,
,"2019. 4.14",阪神,2阪8,500万,500万下,2,2,ミスマンマミーア,牝,4,四位洋文, 55 ,12,2,１, 内,芝2200,稍,,(栗),寺島良,2139,-0.1,7,7,5,35.2,452,+6,
,"2019. 4.14",阪神,2阪8,500万,500万下・牝,7,11,ウラガーノ,牝,5,太宰啓介, 55 ,13,2,１, ,ダ1200,稍,,(栗),上村洋行,1126,-0.0,,4,4,36.8,516,-4,B
,"2019. 4.14",阪神,2阪8,500万,500万下*,2,2,サヴォワールエメ,牝,3,藤岡康太, 54 ,11,4,１, 内,芝2000,稍,,(栗),友道康夫,2026,-0.1,1,1,1,34.9,454,+6,
,"2019. 4.14",阪神,2阪8,500万,500万下*,7,9,ハヤブサナンデクン,牡,3,吉田隼人, 56 ,11,2,１, ,ダ1800,良,,(栗),吉村圭司,1537,-0.2,3,3,3,36.9,492,-2,
,"2019. 4.14",阪神,2阪8,未勝利,未勝利,6,11,ミッキーバディーラ,牝,3,和田竜二, 54 ,18,1,１, 外,芝1600,良,,(栗),音無秀孝,1359,-0.0,,4,5,34.4,466,+2,
,"2019. 4.14",阪神,2阪8,未勝利,未勝利,5,7,イシュタルゲート,牡,3,北村友一, 56 ,14,5,１, ,ダ2000,良,,(栗),高野友和,2081,-0.2,8,8,7,38.2,500,-8,
,"2019. 4.14",阪神,2阪8,未勝利,未勝利,3,6,キコクイーン,牝,3,田中健, 54 ,16,4,１, ,ダ1200,良,*,(栗),浅見秀一,1139,-0.0,,3,2,37.7,432,-2,
,"2019. 4.14",阪神,2阪8,未勝利,未勝利,7,13,ウィッチクラフト,牡,3,大野拓弥, 56 ,16,4,１, ,ダ1800,良,,(栗),浜田多実,1552,-0.3,11,11,7,38.4,516,+4,
,"2019. 4.13",阪神,2阪7,1000万,1000万下,7,13,ウェルカムゴールド,牡,4,ルメール, 57 ,15,1,１, ,ダ2000,良,,(栗),西村真幸,2054,-0.3,10,11,7,36.8,530,+8,
,"2019. 4.13",阪神,2阪7,Ｇ３,アーリンG3,5,9,イベリス,牝,3,浜中俊, 54 ,18,12,１, 外,芝1600,良,,(栗),角田晃一,1342,-0.0,,1,1,34.4,452,-4,
,"2019. 4.13",阪神,2阪7,1600万,陽春ＳＨ1600,7,14,ニホンピロタイド,牡,4,幸英明, 56 ,16,1,１, ,ダ1200,良,,(栗),大橋勇樹,1114,-0.0,,5,4,36.0,502,+4,
,"2019. 4.13",阪神,2阪7,1000万,蓬莱峡特1000,8,14,レッドガラン,牡,4,福永祐一, 57 ,14,3,１, 外,芝1800,良,,(栗),安田隆行,1471,-0.0,,7,6,33.9,498,-12,
,"2019. 4.13",阪神,2阪7,500万,500万下,4,8,メイショウバイタル,牡,4,幸英明, 57 ,16,3,１, ,ダ1400,稍,,(栗),松永昌博,1255,-0.0,,4,3,36.9,504,+4,
,"2019. 4.13",阪神,2阪7,500万,500万下,8,13,イベリア,牡,4,福永祐一, 57 ,13,1,１, ,ダ1800,稍,,(栗),橋田満,1543,-0.2,5,6,2,37.8,496,-8,
,"2019. 4.13",阪神,2阪7,500万,500万下*,5,9,ディープダイバー,牡,3,福永祐一, 56 ,16,1,１, 内,芝1200,良,,(栗),大久保龍,1094,-0.3,,4,3,34.0,448,-10,
,"2019. 4.13",阪神,2阪7,未勝利,未勝利,8,18,カズマークセン,牡,3,武豊, 56 ,18,1,１, 内,芝2200,良,,(栗),西浦勝一,2156,-0.1,10,8,3,36.4,496,0,
,"2019. 4.13",阪神,2阪7,未勝利,未勝利・牝,2,4,レッドアウローラ,牝,3,松山弘平, 54 ,16,8,１, 内,芝2000,良,,(栗),音無秀孝,2019,-0.0,1,1,1,35.7,440,+2,
,"2019. 4.13",阪神,2阪7,未勝利,未勝利,7,13,トモジャチャーリー,牡,3,国分優作, 56 ,16,2,１, ,ダ1800,稍,,(栗),大根田裕,1553,-0.4,3,3,2,38.7,500,-2,
,"2019. 4.13",阪神,2阪7,未勝利,未勝利,8,16,ルーアン,牝,3,藤岡康太, 54 ,16,10,１, ,ダ1400,稍,,(栗),奥村豊,1265,-0.1,,4,2,38.5,478,,
,"2019. 4.13",阪神,2阪7,未勝利,未勝利・牝,6,10,ハッピーゴラッキー,牝,3,川田将雅, 54 ,15,1,１, ,ダ1200,稍,,(栗),千田輝彦,1142,-0.0,,6,4,36.6,478,+8,
,"2019. 4. 7",阪神,2阪6,1600万,梅田Ｓ1600,3,3,リテラルフォース,牡,5,川田将雅, 57 ,14,2,１, ,ダ1800,良,,(栗),高柳大輔,1533,-0.1,4,4,5,35.9,516,-2,
,"2019. 4. 7",阪神,2阪6,Ｇ１,桜花賞G1,4,8,グランアレグリア,牝,3,ルメール, 55 ,18,2,１, 外,芝1600,良,*,(美),藤沢和雄,1327,-0.4,,3,1,33.3,476,-6,
,"2019. 4. 7",阪神,2阪6,1600万,大阪―Ｈ1600,3,3,トゥザクラウン,牡,5,福永祐一, 55 ,12,1,１, 内,芝1400,良,,(栗),池江泰寿,1205,-0.1,,1,1,35.9,524,-2,B
,"2019. 4. 7",阪神,2阪6,OP(L),忘れな草(L),7,7,ラヴズオンリーユー,牝,3,Ｍ．デム, 54 ,9,1,１, 内,芝2000,良,,(栗),矢作芳人,2006,-0.5,7,4,4,34.6,456,+4,
,"2019. 4. 7",阪神,2阪6,1000万,天王寺特1000,7,13,アーバンイェーガー,牡,5,戸崎圭太, 57 ,16,7,１, ,ダ1400,良,,(美),高橋文雅,1243,-0.2,,3,3,36.0,498,-10,
,"2019. 4. 7",阪神,2阪6,500万,500万下,3,5,ジョーアラビカ,牡,5,松若風馬, 57 ,15,3,１, 外,芝1600,良,,(栗),清水久詞,1342,-0.0,,1,1,34.3,510,0,
,"2019. 4. 7",阪神,2阪6,500万,500万下,5,5,パキュートハート,牡,4,岩田康誠, 57 ,10,1,１, ,ダ1800,良,,(栗),石橋守,1539,-0.6,2,2,2,36.8,528,+10,
,"2019. 4. 7",阪神,2阪6,500万,500万下*,6,11,レッドルゼル,牡,3,北村友一, 56 ,16,2,１, ,ダ1400,良,,(栗),安田隆行,1253,-0.5,,2,2,36.8,466,-6,
,"2019. 4. 7",阪神,2阪6,未勝利,未勝利,6,12,フランクリン,牡,3,ルメール, 56 ,18,2,１, 外,芝1800,良,,(栗),音無秀孝,1477,-0.1,,15,11,34.8,472,-10,
,"2019. 4. 7",阪神,2阪6,未勝利,未勝利,8,15,ミユキメガバックス,牡,3,ルメール, 56 ,16,1,１, ,ダ1200,良,*,(栗),牧田和弥,1134,-0.9,,8,4,36.9,542,-10,
,"2019. 4. 7",阪神,2阪6,未勝利,未勝利,8,16,オメガ,牡,3,川田将雅, 56 ,16,1,１, ,ダ1800,良,,(栗),中内田充,1554,-0.0,5,3,2,38.3,508,+24,
,"2019. 4. 7",阪神,2阪6,未勝利,未勝利・牝,7,14,デュアラブル,牝,3,川田将雅, 54 ,16,1,１, ,ダ1400,良,,(栗),中内田充,1257,-0.0,,2,2,37.5,484,-4,
,"2019. 4. 6",阪神,2阪5,1000万,1000万下,8,16,ナムラシンウチ,牡,5,亀田温心,54▲,16,14,１, ,ダ1800,良,,(栗),杉山晴紀,1530,-0.4,1,1,1,37.7,514,0,B
,"2019. 4. 6",阪神,2阪5,Ｇ２,阪神牝馬G2,5,8,ミッキーチャーム,牝,4,川田将雅, 54 ,14,4,１, 外,芝1600,良,*,(栗),中内田充,1336,-0.1,,3,2,33.4,446,0,
,"2019. 4. 6",阪神,2阪5,1000万,白鷺特別1000,7,7,イペルラーニオ,牡,4,石橋脩, 57 ,9,6,１, 外,芝2400,良,,(栗),西村真幸,2254,-0.1,6,8,5,35.6,490,0,B
,"2019. 4. 6",阪神,2阪5,1000万,丹波特別1000,3,3,エクレアスパークル,牡,5,川田将雅, 57 ,10,1,１, 外,芝1600,良,,(栗),中内田充,1338,-0.0,,3,3,33.8,480,+10,
,"2019. 4. 6",阪神,2阪5,1000万,丹波特別1000,5,5,エルプシャフト,牡,6,浜中俊, 57 ,10,5,１, 外,芝1600,良,,(栗),角居勝彦,1338,-0.0,,5,5,33.6,458,-2,
,"2019. 4. 6",阪神,2阪5,500万,500万下,3,6,スピリットワンベル,牡,4,シュタル, 57 ,16,3,１, ,ダ1200,良,,(栗),牧田和弥,1119,-0.2,,5,5,36.5,530,+8,
,"2019. 4. 6",阪神,2阪5,500万,500万下・牝,1,1,シンコーメグチャン,牝,4,和田竜二, 55 ,9,1,１, ,ダ1800,良,,(栗),湯窪幸雄,1538,-0.2,6,6,4,37.9,480,0,
,"2019. 4. 6",阪神,2阪5,500万,500万下*,8,12,ゴータイミング,牡,3,武豊, 56 ,12,3,１, 外,芝1600,良,,(栗),松永幹夫,1356,-0.1,,7,7,32.8,442,-10,
,"2019. 4. 6",阪神,2阪5,500万,500万下*,1,1,レディマドンナ,牝,3,川田将雅, 54 ,13,1,１, ,ダ1800,良,,(栗),角居勝彦,1537,-0.1,10,7,7,37.5,442,-12,
,"2019. 4. 6",阪神,2阪5,未勝利,未勝利,6,11,アレス,牝,3,古川吉洋, 54 ,18,1,１, 内,芝1400,良,,(栗),昆貢,1226,-0.1,,1,1,35.0,458,+6,
,"2019. 4. 6",阪神,2阪5,未勝利,未勝利,1,2,ケイアイパープル,牡,3,松山弘平, 56 ,16,8,１, ,ダ1800,良,,(栗),村山明,1553,-0.2,14,12,11,38.1,518,,
,"2019. 4. 6",阪神,2阪5,未勝利,未勝利,8,15,オメガレインボー,牡,3,岩田康誠, 56 ,16,2,１, ,ダ1400,良,,(栗),安田翔伍,1249,-0.2,,2,2,38.0,444,+2,
,"2019. 4. 6",阪神,2阪5,未勝利,未勝利・牝,4,8,チャチャチャ,牝,3,和田竜二, 54 ,16,1,１, ,ダ1800,良,*,(栗),松田国英,1555,-0.2,2,2,2,38.6,442,0,
,"2019. 3.31",阪神,2阪4,1600万,鳴門Ｓ1600,1,1,ヌーディーカラー,牡,4,福永祐一, 57 ,16,5,１, ,ダ1400,稍,,(栗),宮本博,1237,-0.0,,4,6,36.5,470,0,
,"2019. 3.31",阪神,2阪4,Ｇ１,大阪杯G1,3,3,アルアイン,牡,5,北村友一, 57 ,14,9,１, 内,芝2000,良,*,(栗),池江泰寿,2010,-0.0,3,4,4,35.2,524,-4,B
,"2019. 3.31",阪神,2阪4,1600万,御堂筋Ｈ1600,4,4,シルヴァンシャー,牡,4,戸崎圭太, 55 ,9,1,１, 外,芝2400,良,*,(栗),池江泰寿,2261,-0.0,6,6,6,36.0,480,+6,
,"2019. 3.31",阪神,2阪4,1000万,明石特別1000,8,11,エーティーラッセン,牡,5,四位洋文, 57 ,11,5,１, 内,芝2000,良,,(栗),木原一良,2047,-0.1,1,1,1,34.4,506,-2,
,"2019. 3.31",阪神,2阪4,1000万,1000万下,8,16,ペルペトゥオ,牝,4,福永祐一, 55 ,16,7,１, ,ダ1200,稍,,(栗),中内田充,1112,-0.1,,3,2,36.0,476,+12,
,"2019. 3.31",阪神,2阪4,500万,500万下,5,9,ライオネルカズマ,牡,5,西村淳也,54▲,16,5,１, 内,芝1200,良,,(栗),安田隆行,1096,-0.4,,1,1,35.2,514,+2,B
,"2019. 3.31",阪神,2阪4,500万,500万下,4,5,ランドジュピター,牡,5,西村淳也,54▲,13,5,１, ,ダ2000,稍,,(栗),安達昭夫,2067,-0.6,7,6,4,37.0,460,+4,
,"2019. 3.31",阪神,2阪4,500万,500万下*,6,12,オリオンパッチ,牡,3,Ｍ．デム, 56 ,16,1,１, ,ダ1200,稍,,(美),加藤征弘,1123,-0.8,,8,9,36.4,492,0,
,"2019. 3.31",阪神,2阪4,未勝利,未勝利,5,10,クロウエア,牝,3,丸山元気, 54 ,18,5,１, 外,芝1600,稍,,(栗),羽月友彦,1356,-0.5,,7,6,34.2,468,,
,"2019. 3.31",阪神,2阪4,未勝利,未勝利,5,9,スティングレイ,牡,3,川田将雅, 56 ,15,1,１, ,ダ1800,稍,,(栗),須貝尚介,1566,-0.1,2,2,2,39.4,508,-4,
,"2019. 3.31",阪神,2阪4,未勝利,未勝利,8,16,モルトグランデ,牡,3,藤岡康太, 56 ,16,13,１, ,ダ1400,稍,,(栗),庄野靖志,1261,-0.2,,14,14,37.3,506,+16,
,"2019. 3.31",阪神,2阪4,未勝利,未勝利・牝,3,5,エターナルディーバ,牝,3,岩田康誠, 54 ,16,6,１, ,ダ1800,稍,,(栗),清水久詞,1572,-0.0,2,2,1,38.3,440,+6,
,"2019. 3.30",阪神,2阪3,1000万,1000万下,4,7,スズカガルチ,牡,5,荻野極, 57 ,15,2,１, ,ダ1800,稍,,(栗),湯窪幸雄,1521,-0.5,4,3,2,36.9,520,-2,B
,"2019. 3.30",阪神,2阪3,OP(L),コーラＨ(L),5,9,スマートダンディー,牡,5,秋山真一, 55 ,16,2,１, ,ダ1400,稍,,(栗),石橋守,1231,-0.0,,7,5,36.6,496,-4,
,"2019. 3.30",阪神,2阪3,1000万,仲春特別1000,4,4,グランドロワ,牡,5,幸英明, 57 ,10,4,１, 内,芝1400,稍,,(栗),鈴木孝志,1213,-0.6,,1,1,35.8,490,-6,B
,"2019. 3.30",阪神,2阪3,500万,アザレア500*,2,2,ヒーリングマインド,牡,3,池添謙一, 56 ,9,6,１, 外,芝2400,稍,,(栗),松田国英,2272,-0.0,9,8,8,35.1,472,-2,
,"2019. 3.30",阪神,2阪3,ｵｰﾌﾟﾝ,三木ホー,2,2,エルゼロ,牡,6,石神深一, 60 ,14,6,１, ,芝3140,良,,(美),武井亮,3337,-0.4,5,4,3,13.6,496,-10,B
,"2019. 3.30",阪神,2阪3,500万,500万下,3,6,タガノプレトリア,牡,4,藤岡康太, 57 ,16,5,１, ,ダ1400,良,,(栗),宮徹,1250,-0.0,,6,5,37.3,454,-6,
,"2019. 3.30",阪神,2阪3,500万,500万下,4,4,スマートアエロ,牝,4,川又賢治,54☆,10,8,１, 内,芝2000,良,*,(栗),石橋守,2026,-0.0,9,9,10,35.2,464,+20,
,"2019. 3.30",阪神,2阪3,500万,500万下*,5,5,ポップフランセ,牡,3,岩田望来,53▲,9,5,１, ,ダ1800,良,,(栗),野中賢二,1535,-0.8,2,2,2,37.1,446,-4,
,"2019. 3.30",阪神,2阪3,未勝利,未勝利,7,12,ダンスディライト,牡,3,Ｍ．デム, 56 ,15,3,１, 内,芝2000,良,,(栗),松永幹夫,2018,-0.1,12,13,10,35.0,500,0,
,"2019. 3.30",阪神,2阪3,未勝利,未勝利・牝,6,12,セラピア,牝,3,藤岡康太, 54 ,16,1,１, 外,芝1800,良,,(栗),藤岡健一,1499,-0.4,,3,2,33.3,484,,
,"2019. 3.30",阪神,2阪3,未勝利,未勝利,8,16,シーシャープ,牡,3,岩田康誠, 56 ,16,1,１, ,ダ1200,良,,(栗),橋口慎介,1134,-0.9,,3,2,37.2,532,+2,
,"2019. 3.30",阪神,2阪3,未勝利,未勝利,4,4,ダンツキャッスル,牡,3,幸英明, 56 ,13,1,１, ,ダ1800,良,*,(栗),谷潔,1543,-1.0,1,1,1,37.3,476,0,
,"2019. 3.24",阪神,2阪2,1000万,1000万下,8,12,フォーカード,牡,5,小牧太, 57 ,13,7,１, ,ダ1800,良,,(栗),小崎憲,1520,-0.3,11,12,11,37.4,474,-2,
,"2019. 3.24",阪神,2阪2,OP(L),六甲Ｓ(L),6,11,ソーグリッタリング,牡,5,浜中俊, 56 ,17,6,１, 外,芝1600,良,,(栗),池江泰寿,1339,-0.0,,10,10,33.5,484,-4,
,"2019. 3.24",阪神,2阪2,1600万,淀屋橋Ｓ1600,1,1,ミラアイトーン,牡,5,浜中俊, 57 ,12,1,１, 内,芝1200,良,,(栗),池江泰寿,1087,-0.3,,3,4,33.9,536,-4,
,"2019. 3.24",阪神,2阪2,1000万,四国新聞1000,5,5,ウインクルサルーテ,牝,6,秋山真一, 55 ,8,6,１, 内,芝2000,良,,(栗),高橋亮,2015,-0.0,6,7,7,34.4,432,-6,
,"2019. 3.24",阪神,2阪2,500万,500万下,8,11,シップーコウライ,牡,7,小崎綾也, 57 ,11,1,１, ,ダ1800,良,,(栗),野中賢二,1545,-0.3,8,8,7,37.3,478,-8,
,"2019. 3.24",阪神,2阪2,500万,500万下*,6,8,グランプリワン,牡,3,坂井瑠星,55☆,12,9,１, ,ダ1400,良,,(栗),荒川義之,1257,-0.0,,3,4,37.9,454,-10,
,"2019. 3.24",阪神,2阪2,未勝利,未勝利,3,3,ディバインフォース,牡,3,松山弘平, 56 ,10,1,１, 外,芝2400,良,,(栗),寺島良,2321,-0.0,9,8,5,34.4,442,-6,
,"2019. 3.24",阪神,2阪2,未勝利,未勝利,6,11,ショウナンバルディ,牡,3,坂井瑠星,55☆,18,10,１, 外,芝1800,良,,(栗),松下武士,1474,-0.4,,1,1,35.9,444,,
,"2019. 3.24",阪神,2阪2,未勝利,障害未勝利,6,9,スマートギャツビー,セ,4,白浜雄造, 59 ,13,7,１, ,ダ2970,良,,(栗),寺島良,3213,-0.7,1,1,1,13.6,478,+2,
,"2019. 3.24",阪神,2阪2,未勝利,未勝利,8,15,メイショウテンダン,牡,3,秋山真一, 56 ,15,2,１, ,ダ1800,良,,(栗),南井克巳,1542,-0.0,2,2,2,38.4,466,+8,
,"2019. 3.24",阪神,2阪2,未勝利,未勝利,5,9,ピエナヒーロー,牡,3,和田竜二, 56 ,16,1,１, ,ダ1400,良,,(栗),奥村豊,1266,-0.0,,6,6,38.4,484,-4,
,"2019. 3.24",阪神,2阪2,未勝利,未勝利・牝,4,8,レッドモアナ,牝,3,中井裕二, 54 ,16,5,１, ,ダ1200,良,,(栗),中内田充,1130,-0.5,,1,1,38.0,446,,
,"2019. 3.23",阪神,2阪1,500万,500万下,2,4,ミッキーマインド,牡,4,川田将雅, 57 ,16,3,１, ,ダ1200,良,,(栗),音無秀孝,1121,-0.1,,9,7,36.0,472,-2,B
,"2019. 3.23",阪神,2阪1,Ｇ３,毎日杯G3,1,1,ランスオブプラーナ,牡,3,松山弘平, 56 ,13,3,１, 外,芝1800,良,,(栗),本田優,1472,-0.0,,1,1,34.3,462,0,
,"2019. 3.23",阪神,2阪1,1000万,天神橋Ｈ1000,5,5,エアアルマス,牡,4,ルメール, 56 ,12,1,１, 外,芝1600,良,,(栗),池添学,1333,-0.4,,8,6,33.4,480,-6,
,"2019. 3.23",阪神,2阪1,500万,君子蘭賞500*,6,7,フェアリーポルカ,牝,3,和田竜二, 54 ,11,2,１, 外,芝1800,良,,(栗),西村真幸,1468,-0.1,,6,4,34.8,470,-2,
,"2019. 3.23",阪神,2阪1,500万,500万下,5,5,ウインフォルティス,牡,4,松山弘平, 57 ,12,3,１, ,ダ1800,良,,(栗),加用正,1544,-0.1,5,5,6,37.5,484,+2,
,"2019. 3.23",阪神,2阪1,500万,500万下・牝,7,13,ミヤジヴィジェ,牝,5,和田竜二, 55 ,15,2,１, ,ダ1400,良,,(栗),川村禎彦,1253,-0.3,,5,4,37.8,478,-6,
,"2019. 3.23",阪神,2阪1,500万,500万下*,4,4,アイラブテーラー,牝,3,岡田祥嗣, 54 ,12,3,１, 内,芝1400,良,,(栗),河内洋,1216,-0.0,,7,8,34.4,422,0,
,"2019. 3.23",阪神,2阪1,未勝利,未勝利,6,7,アイキャンテーラー,牡,3,浜中俊, 56 ,12,2,１, ,ダ1800,良,*,(栗),飯田雄三,1544,-0.0,1,1,1,39.3,478,-2,
,"2019. 3.23",阪神,2阪1,未勝利,未勝利,3,6,アルティマリガーレ,牝,3,ルメール, 54 ,17,2,１, 内,芝1400,良,,(栗),佐々木晶,1224,-0.2,,9,8,35.0,438,,
,"2019. 3.23",阪神,2阪1,未勝利,未勝利,3,6,メイショウヤシャ,牡,3,岩田康誠, 56 ,16,1,１, ,ダ1200,稍,,(栗),南井克巳,1131,-0.1,,10,7,36.7,472,0,
,"2019. 3.23",阪神,2阪1,未勝利,未勝利,1,2,マイネルプリサイス,牡,3,川田将雅, 56 ,16,3,１, ,ダ1400,稍,,(栗),吉田直弘,1263,-0.2,,1,1,38.1,480,-4,
,"2019. 3.23",阪神,2阪1,未勝利,未勝利・牝,3,3,プレミアムギフト,牝,3,川田将雅, 54 ,13,3,１, ,ダ1800,稍,,(栗),高野友和,1556,-0.7,3,3,2,38.2,524,+4,
,"2019. 3.17",阪神,1阪8,1000万,1000万下,3,5,タガノジーニアス,牡,6,団野大成,54▲,16,4,１, ,ダ1400,稍,,(栗),斉藤崇史,1243,-0.1,,6,5,36.1,512,-2,B
,"2019. 3.17",阪神,1阪8,Ｇ２,阪神大賞G2,8,10,シャケトラ,牡,6,戸崎圭太, 57 ,11,1,１, 内,芝3000,稍,,(栗),角居勝彦,3065,-0.8,9,2,2,37.6,518,-4,
,"2019. 3.17",阪神,1阪8,1600万,但馬ＳＨ1600,5,6,モーヴサファイア,牝,5,シュタル, 54 ,13,2,１, 内,芝2000,稍,,(栗),池添学,2021,-0.5,4,5,4,36.2,506,-4,
,"2019. 3.17",阪神,1阪8,1000万,山陽特別1000,1,1,ウインストラグル,牡,5,松若風馬, 57 ,12,5,１, 内,芝1200,稍,*,(栗),加用正,1096,-0.2,,2,1,36.3,486,+4,
,"2019. 3.17",阪神,1阪8,500万,500万下,8,10,ウェルカムゴールド,牡,4,戸崎圭太, 57 ,10,2,１, ,ダ1800,稍,,(栗),西村真幸,1542,-1.1,5,4,2,36.0,522,+10,
,"2019. 3.17",阪神,1阪8,500万,500万下,6,9,エイシンクリック,牡,5,岩田康誠, 57 ,13,2,１, 外,芝2400,稍,,(栗),坂口智康,2292,-0.3,9,5,6,36.3,476,+4,
,"2019. 3.17",阪神,1阪8,500万,500万下*,4,5,エルモンストロ,牡,3,福永祐一, 56 ,14,1,１, ,ダ1800,稍,,(栗),角居勝彦,1539,-0.3,3,3,3,36.7,468,-2,
,"2019. 3.17",阪神,1阪8,500万,500万下・牝*,8,13,インバウンド,牝,3,中谷雄太, 54 ,14,7,１, ,ダ1400,稍,,(美),林徹,1254,-0.2,,3,3,37.7,490,-2,
,"2019. 3.17",阪神,1阪8,未勝利,未勝利,6,12,エピローグ,牝,3,藤井勘一, 54 ,16,6,１, 外,芝1600,稍,,(栗),小崎憲,1369,-0.1,,4,2,34.9,452,-2,
,"2019. 3.17",阪神,1阪8,未勝利,未勝利,2,2,メイショウランセツ,牡,3,池添謙一, 56 ,9,2,１, ,ダ1800,稍,,(栗),池添兼雄,1563,-0.1,7,5,3,37.4,452,+6,
,"2019. 3.17",阪神,1阪8,未勝利,未勝利,6,11,アスカリ,牡,3,Ｍ．デム, 56 ,16,1,１, ,ダ1200,稍,,(栗),西園正都,1131,-0.1,,4,3,36.3,504,+20,
,"2019. 3.17",阪神,1阪8,未勝利,未勝利・牝,8,16,ベルヴォワ,牝,3,戸崎圭太, 54 ,16,1,１, ,ダ1400,稍,,(栗),矢作芳人,1262,-0.2,,2,2,37.3,462,0,
,"2019. 3.16",阪神,1阪7,1000万,1000万下,8,12,エルリストン,セ,6,松山弘平, 57 ,13,5,１, ,ダ2000,稍,,(栗),橋口慎介,2057,-0.8,2,2,1,37.0,470,-2,
,"2019. 3.16",阪神,1阪7,OP(L),若葉Ｓ(L),7,8,ヴェロックス,牡,3,川田将雅, 56 ,10,1,１, 内,芝2000,稍,,(栗),中内田充,2021,-0.5,3,3,3,35.1,482,-8,
,"2019. 3.16",阪神,1阪7,1600万,なにわＳ1600,8,15,ヒロシゲゴールド,牡,4,武豊, 57 ,15,1,１, ,ダ1200,稍,,(栗),北出成人,1104,-0.3,,1,1,35.7,472,+2,B
,"2019. 3.16",阪神,1阪7,1000万,須磨特別1000,6,6,ワイプティアーズ,牡,4,和田竜二, 57 ,10,5,１, 外,芝1800,稍,,(栗),加用正,1473,-0.0,,3,2,36.2,522,+4,
,"2019. 3.16",阪神,1阪7,500万,500万下,8,15,カミノコ,牡,4,小牧太, 57 ,16,2,１, ,ダ1400,稍,,(栗),森秀行,1252,-0.1,,4,3,37.8,472,0,
,"2019. 3.16",阪神,1阪7,500万,500万下・牝,6,6,ワタシノロザリオ,牝,5,幸英明, 55 ,9,1,１, ,ダ1800,稍,*,(栗),湯窪幸雄,1530,-0.1,6,5,3,38.4,450,+6,
,"2019. 3.16",阪神,1阪7,500万,500万下*,7,7,セプタリアン,牡,3,シュタル, 56 ,9,1,１, 内,芝1200,稍,,(栗),池添学,1104,-0.2,,3,3,34.4,498,+2,
,"2019. 3.16",阪神,1阪7,未勝利,未勝利,5,7,トーセンスカイ,牡,3,武豊, 56 ,13,1,１, 内,芝2000,稍,,(栗),藤原英昭,2033,-0.0,10,11,5,35.8,494,-8,
,"2019. 3.16",阪神,1阪7,未勝利,未勝利・牝,5,9,ラシェーラ,牝,3,藤岡佑介, 54 ,16,1,１, 外,芝1800,稍,,(栗),笹田和秀,1496,-0.3,,4,3,36.4,446,+2,
,"2019. 3.16",阪神,1阪7,新馬,新馬,7,13,キャノンバローズ,牡,3,松山弘平, 56 ,16,3,１, ,ダ1800,稍,,(栗),斉藤崇史,1566,-0.0,10,3,3,38.8,452,,
,"2019. 3.16",阪神,1阪7,未勝利,未勝利,6,12,タゴム,牡,3,藤懸貴志, 56 ,16,8,１, ,ダ1400,稍,,(栗),武英智,1266,-0.0,,11,8,37.2,480,-24,
,"2019. 3.16",阪神,1阪7,未勝利,未勝利,7,9,レディマドンナ,牝,3,武豊, 54 ,11,2,１, ,ダ1800,稍,,(栗),角居勝彦,1549,-0.0,6,4,1,36.5,454,,
,"2019. 3.10",阪神,1阪6,1000万,1000万下,8,15,メイショウアリソン,牡,5,池添謙一, 57 ,16,2,１, ,ダ1200,稍,,(栗),池添兼雄,1112,-0.0,,2,2,35.8,494,-4,
,"2019. 3.10",阪神,1阪6,Ｇ２,フィリーG2,1,1,ノーワン,牝,3,坂井瑠星, 54 ,18,12,１, 内,芝1400,稍,,(栗),笹田和秀,1220,-0.0,,10,10,34.5,480,-4,
,"2019. 3.10",阪神,1阪6,Ｇ２,フィリーG2,3,6,プールヴィル,牝,3,秋山真一, 54 ,18,3,１, 内,芝1400,稍,,(栗),庄野靖志,1220,-0.0,,7,6,34.7,418,-6,
,"2019. 3.10",阪神,1阪6,1600万,甲南ＳＨ1600,4,5,ジョーダンキング,牡,6,岩田康誠, 56 ,14,1,１, ,ダ2000,稍,,(栗),藤原英昭,2042,-0.8,8,4,4,37.7,498,-6,
,"2019. 3.10",阪神,1阪6,1000万,淡路特Ｈ1000,6,6,プリンスオブペスカ,牡,5,藤井勘一, 55 ,10,5,１, 外,芝2400,良,,(栗),松永昌博,2267,-0.8,6,2,1,35.5,472,+4,
,"2019. 3.10",阪神,1阪6,500万,500万下,8,9,クアトレフォイル,牡,4,岩田康誠, 57 ,9,3,１, ,ダ1800,稍,,(栗),友道康夫,1535,-0.0,3,3,2,37.6,494,0,
,"2019. 3.10",阪神,1阪6,500万,500万下*,1,1,ミッキーブリランテ,牡,3,坂井瑠星,55☆,8,1,１, 外,芝1600,良,,(栗),矢作芳人,1354,-0.1,,4,4,33.6,460,0,
,"2019. 3.10",阪神,1阪6,500万,500万下*,5,5,アヴァンティスト,牡,3,岩田康誠, 56 ,8,2,１, ,ダ1200,稍,,(栗),西浦勝一,1122,-0.6,,1,1,36.4,466,-6,
,"2019. 3.10",阪神,1阪6,未勝利,未勝利,5,5,カリボール,牡,3,藤井勘一, 56 ,12,3,１, 外,芝1800,良,,(栗),須貝尚介,1480,-0.1,,5,5,35.3,484,-6,
,"2019. 3.10",阪神,1阪6,未勝利,未勝利,3,5,マイエンフェルト,牝,3,石橋脩, 54 ,16,3,１, 内,芝1400,良,*,(栗),池添学,1225,-0.0,,2,2,34.9,436,-2,
,"2019. 3.10",阪神,1阪6,未勝利,未勝利,7,9,グリッサード,牡,3,池添謙一, 56 ,11,2,１, ,ダ1800,稍,,(栗),吉村圭司,1547,-0.1,4,4,1,38.2,482,-2,
,"2019. 3.10",阪神,1阪6,未勝利,未勝利,8,14,モズカプリッチョ,牡,3,小牧太, 56 ,15,2,１, ,ダ1200,稍,,(栗),中尾秀正,1127,-0.0,,2,2,36.5,490,+8,
,"2019. 3.10",阪神,1阪6,未勝利,未勝利・牝,8,11,ブロードハースト,牝,3,石橋脩, 54 ,12,1,１, ,ダ1800,稍,,(栗),高柳大輔,1569,-0.1,2,2,1,38.9,442,-6,
,"2019. 3. 9",阪神,1阪5,1000万,1000万下・牝,2,2,バニーテール,牝,5,藤岡佑介, 55 ,14,1,１, ,ダ1800,稍,,(栗),中内田充,1528,-0.0,8,5,4,37.0,482,0,
,"2019. 3. 9",阪神,1阪5,ｵｰﾌﾟﾝ,ポラリス,4,8,ヴェンジェンス,牡,6,幸英明, 56 ,16,2,１, ,ダ1400,稍,,(栗),大根田裕,1233,-0.2,,10,10,36.7,498,-2,
,"2019. 3. 9",阪神,1阪5,1600万,うずしお1600,6,7,メイショウオワラ,牝,5,秋山真一, 55 ,11,10,１, 外,芝1600,良,,(栗),岡田稲男,1342,-0.1,,8,8,34.3,464,-2,
,"2019. 3. 9",阪神,1阪5,500万,ゆきやな500*,2,2,タイセイモナーク,牡,3,シュタル, 56 ,5,5,１, 外,芝2400,良,,(栗),西村真幸,2289,-0.4,3,3,3,34.7,472,+8,
,"2019. 3. 9",阪神,1阪5,ＪＧ２,阪神スプJG2,8,11,オジュウチョウサン,牡,8,石神深一, 62 ,12,1,１, ,芝3900,良,,(美),和田正一,4236,-0.4,3,2,2,13.5,516,+2,
,"2019. 3. 9",阪神,1阪5,500万,500万下,2,4,ソリストサンダー,牡,4,高倉稜, 57 ,16,2,１, ,ダ1200,稍,,(栗),高柳大輔,1121,-0.0,,6,6,36.5,478,0,
,"2019. 3. 9",阪神,1阪5,500万,500万下,5,7,ドラグーンシチー,牡,4,和田竜二, 57 ,14,1,１, 外,芝1600,良,,(栗),北出成人,1351,-0.1,,3,3,34.8,490,+2,
,"2019. 3. 9",阪神,1阪5,新馬,新馬,6,12,シュッドヴァデル,牡,3,藤井勘一, 56 ,16,14,１, ,ダ1800,稍,,(栗),友道康夫,1557,-0.3,6,3,3,37.4,502,,
,"2019. 3. 9",阪神,1阪5,未勝利,未勝利,5,7,ヒーリングマインド,牡,3,福永祐一, 56 ,13,2,１, 内,芝2200,良,,(栗),松田国英,2140,-0.4,7,6,6,35.2,474,0,
,"2019. 3. 9",阪神,1阪5,未勝利,未勝利,5,5,シホノフォルテ,牡,3,浜中俊, 56 ,11,2,１, ,ダ1800,稍,,(栗),寺島良,1534,-1.0,2,2,2,38.3,518,-4,
,"2019. 3. 9",阪神,1阪5,未勝利,未勝利,2,2,ブッチーニ,牝,3,藤岡佑介, 54 ,13,5,１, ,ダ1400,稍,,(栗),中内田充,1257,-0.7,,10,10,36.4,412,,
,"2019. 3. 9",阪神,1阪5,未勝利,未勝利・牝,6,11,スマートアテナ,牝,3,武豊, 54 ,15,2,１, ,ダ1200,稍,*,(栗),吉田直弘,1128,-0.3,,2,2,37.3,436,-12,
,"2019. 3. 3",阪神,1阪4,1000万,1000万下,4,6,テーオーフォース,牡,4,浜中俊, 57 ,14,6,１, ,ダ1800,稍,,(栗),岡田稲男,1522,-0.0,6,5,4,37.3,478,-6,
,"2019. 3. 3",阪神,1阪4,OP(L),大阪城Ｈ(L),2,3,スピリッツミノル,牡,7,酒井学, 54 ,15,13,１, 外,芝1800,良,,(栗),本田優,1461,-0.1,,4,6,34.8,508,0,
,"2019. 3. 3",阪神,1阪4,1600万,武庫川Ｈ1600,7,10,コスモイグナーツ,牡,4,国分恭介, 53 ,12,7,１, 外,芝1600,良,,(美),高橋祥泰,1333,-0.2,,1,1,34.7,460,-2,
,"2019. 3. 3",阪神,1阪4,500万,500万下,4,8,センショウユウト,牡,4,藤岡佑介, 57 ,16,9,１, ,ダ1400,稍,,(栗),笹田和秀,1250,-0.2,,2,2,37.5,486,-4,
,"2019. 3. 3",阪神,1阪4,500万,アルメリ500*,2,2,ランスオブプラーナ,牡,3,松山弘平, 56 ,7,2,１, 外,芝1800,良,,(栗),本田優,1475,-0.2,,1,1,34.4,462,-6,
,"2019. 3. 3",阪神,1阪4,500万,500万下,7,9,キングフォルテ,牡,4,小牧太, 57 ,11,4,１, ,ダ1800,稍,,(栗),加用正,1540,-0.4,1,1,1,37.3,524,-8,
,"2019. 3. 3",阪神,1阪4,新馬,新馬,2,3,シェパードボーイ,牡,3,井上敏樹, 56 ,16,11,１, ,ダ1800,稍,,(栗),大久保龍,1562,-0.3,4,6,8,38.5,454,,
,"2019. 3. 3",阪神,1阪4,未勝利,未勝利,3,6,キングオブコージ,牡,3,岩田康誠, 56 ,16,2,１, 外,芝1600,良,,(栗),安田翔伍,1340,-0.2,,10,10,34.3,474,-8,
,"2019. 3. 3",阪神,1阪4,未勝利,障害未勝利,7,12,シゲルサツマイモ,牡,4,草野太郎, 59 ,14,3,１, ,ダ2970,良,,(栗),大橋勇樹,3205,-0.2,1,1,2,13.5,494,-10,
,"2019. 3. 3",阪神,1阪4,未勝利,未勝利,2,3,グランプリワン,牡,3,坂井瑠星,55☆,16,6,１, ,ダ1400,稍,*,(栗),荒川義之,1266,-0.1,,3,4,37.6,464,+2,
,"2019. 3. 3",阪神,1阪4,未勝利,未勝利,6,10,ホウオウライジン,牡,3,坂井瑠星,55☆,15,1,１, ,ダ1800,稍,,(栗),矢作芳人,1554,-0.2,2,2,2,38.2,482,-6,
,"2019. 3. 3",阪神,1阪4,未勝利,未勝利・牝,4,7,アルデンテ,牝,3,川田将雅, 54 ,16,1,１, ,ダ1400,稍,,(栗),河内洋,1266,-0.1,,4,4,38.4,496,+4,
,"2019. 3. 2",阪神,1阪3,1000万,1000万下,4,4,ラヴィングアンサー,牡,5,北村友一, 57 ,9,4,１, 内,芝1400,良,,(栗),石坂正,1211,-0.0,,4,4,34.0,502,-6,
,"2019. 3. 2",阪神,1阪3,Ｇ２,チューリG2,1,1,ダノンファンタジー,牝,3,川田将雅, 54 ,13,1,１, 外,芝1600,良,,(栗),中内田充,1341,-0.2,,3,3,34.0,460,0,
,"2019. 3. 2",阪神,1阪3,1600万,播磨Ｓ1600,7,14,ファッショニスタ,牝,5,川田将雅, 55 ,16,2,１, ,ダ1400,稍,,(栗),安田隆行,1227,-0.5,,2,1,36.5,486,-2,
,"2019. 3. 2",阪神,1阪3,1000万,千里山特1000,8,12,ジェシー,牡,4,川田将雅, 57 ,12,1,１, 内,芝2000,良,,(栗),中内田充,2001,-0.7,1,1,1,35.7,480,+6,
,"2019. 3. 2",阪神,1阪3,500万,500万下,7,7,メトロポリス,牡,5,岩田康誠, 57 ,9,2,１, ,ダ2000,稍,,(栗),吉村圭司,2063,-0.7,6,7,4,37.5,526,-10,
,"2019. 3. 2",阪神,1阪3,500万,500万下*,3,3,グラナタス,牡,3,福永祐一, 56 ,8,4,１, 内,芝1400,良,,(美),鹿戸雄一,1227,-0.0,,3,3,34.8,460,+8,
,"2019. 3. 2",阪神,1阪3,500万,500万下*,1,1,クリソベリル,牡,3,川田将雅, 56 ,11,1,１, ,ダ1800,稍,,(栗),音無秀孝,1522,-1.2,8,7,1,37.0,540,+16,
,"2019. 3. 2",阪神,1阪3,新馬,新馬,4,8,メラン,牡,3,田中勝春, 56 ,16,14,１, ,ダ1400,稍,*,(栗),奥村豊,1270,-0.5,,1,1,39.5,496,,
,"2019. 3. 2",阪神,1阪3,未勝利,未勝利,4,7,クードメイトル,牝,3,川田将雅, 54 ,16,2,１, 内,芝2000,良,,(栗),高野友和,2025,-0.2,7,4,1,36.0,538,,
,"2019. 3. 2",阪神,1阪3,未勝利,未勝利,3,3,ヒッチコック,牡,3,福永祐一, 56 ,14,2,１, ,ダ1800,稍,,(栗),中竹和也,1537,-0.3,1,1,1,38.5,486,-8,
,"2019. 3. 2",阪神,1阪3,未勝利,未勝利,5,10,パドカトル,牡,3,松山弘平, 56 ,16,6,１, ,ダ1200,稍,,(栗),野中賢二,1128,-0.3,,3,4,36.6,458,+4,
,"2019. 3. 2",阪神,1阪3,未勝利,未勝利・牝,6,8,オーパスメーカー,牝,3,和田竜二, 54 ,12,7,１, ,ダ1800,稍,,(栗),羽月友彦,1548,-0.2,5,3,3,38.3,472,-4,
,"2019. 2.24",阪神,1阪2,1000万,1000万下,3,6,フュージョンロック,牡,5,武豊, 57 ,16,4,１, ,ダ1400,良,,(栗),須貝尚介,1240,-0.2,,3,3,37.5,498,+4,
,"2019. 2.24",阪神,1阪2,Ｇ３,阪急杯G3,8,17,スマートオーディン,牡,6,藤岡佑介, 56 ,18,11,１, 内,芝1400,良,,(栗),池江泰寿,1203,-0.2,,18,15,33.4,500,-6,
,"2019. 2.24",阪神,1阪2,OP(L),すみれＳ(L),6,6,サトノルークス,牡,3,池添謙一, 56 ,6,2,１, 内,芝2200,良,*,(栗),池江泰寿,2136,-0.2,2,2,2,34.4,472,+6,
,"2019. 2.24",阪神,1阪2,1600万,伊丹Ｓ1600,5,5,ロードゴラッソ,牡,4,藤岡佑介, 56 ,11,4,１, ,ダ1800,良,,(栗),藤岡健一,1517,-0.6,5,5,2,37.1,472,+4,
,"2019. 2.24",阪神,1阪2,1000万,1000万下,6,6,ノーウェイ,牡,4,川田将雅, 56 ,8,1,１, ,ダ1800,良,,(栗),高橋義忠,1526,-0.1,2,2,2,37.2,478,+2,
,"2019. 2.24",阪神,1阪2,500万,500万下,4,8,アカツキジョー,牡,4,浜中俊, 57 ,16,1,１, ,ダ1200,良,,(栗),岡田稲男,1123,-0.0,,3,2,36.4,498,-4,
,"2019. 2.24",阪神,1阪2,新馬,新馬,7,12,アモレッタ,牝,3,福永祐一, 54 ,15,1,１, 内,芝2000,良,,(栗),藤原英昭,2041,-0.0,5,5,1,34.5,480,,
,"2019. 2.24",阪神,1阪2,未勝利,未勝利,5,6,ビザンティン,牡,3,浜中俊, 56 ,12,5,１, 外,芝2400,良,,(栗),須貝尚介,2263,-0.2,2,2,2,34.8,496,-4,B
,"2019. 2.24",阪神,1阪2,未勝利,障害未勝利,2,2,ドラゴンバローズ,牡,7,佐久間寛, 60 ,14,1,１, ,ダ2970,良,,(栗),渡辺薫彦,3224,-0.8,2,2,2,13.6,512,+4,
,"2019. 2.24",阪神,1阪2,未勝利,未勝利,7,12,シゲルヒカルダイヤ,牡,3,松山弘平, 56 ,15,4,１, ,ダ1800,良,,(栗),橋田満,1558,-0.1,4,4,2,38.3,504,+2,
,"2019. 2.24",阪神,1阪2,未勝利,未勝利,4,7,ウォークザライン,牡,3,太宰啓介, 56 ,16,1,１, ,ダ1400,良,,(栗),高橋亮,1267,-0.1,,13,9,37.5,454,-2,
,"2019. 2.24",阪神,1阪2,未勝利,未勝利・牝,5,8,テオレーマ,牝,3,浜中俊, 54 ,15,2,１, ,ダ1800,良,,(栗),石坂正,1548,-1.2,1,1,1,37.7,464,0,
,"2019. 2.23",阪神,1阪1,1000万,1000万下,6,6,メイショウオーパス,牡,4,幸英明, 57 ,11,5,１, 外,芝1600,良,,(栗),飯田祐史,1345,-0.2,,1,1,33.7,504,+6,
,"2019. 2.23",阪神,1阪1,OP(L),仁川ＳＨ(L),5,10,テルペリオン,牡,5,松若風馬, 54 ,16,8,１, ,ダ2000,良,,(栗),寺島良,2057,-0.3,2,2,1,37.3,528,-12,B
,"2019. 2.23",阪神,1阪1,OP(L),マーガレ(L),5,5,ディアンドル,牝,3,ルメール, 55 ,6,1,１, 内,芝1200,良,,(栗),奥村豊,1091,-0.3,,3,3,34.2,490,-2,
,"2019. 2.23",阪神,1阪1,1600万,尼崎Ｓ1600,6,6,メールドグラース,牡,4,川田将雅, 56 ,9,3,１, 内,芝2200,良,*,(栗),清水久詞,2124,-0.3,3,4,4,35.0,476,-6,B
,"2019. 2.23",阪神,1阪1,500万,500万下,7,10,ブラックジルベルト,牡,4,藤岡佑介, 56 ,12,3,１, 内,芝2000,良,,(栗),安田隆行,2017,-0.1,2,1,1,35.5,468,+2,
,"2019. 2.23",阪神,1阪1,500万,500万下・牝,8,16,カウントオンイット,牝,5,福永祐一, 55 ,16,1,１, ,ダ1400,稍,,(栗),高野友和,1249,-0.0,,11,9,36.6,510,+4,B
,"2019. 2.23",阪神,1阪1,500万,500万下,2,2,インテグリティー,牡,6,太宰啓介, 57 ,9,5,１, ,ダ1800,稍,,(栗),高橋義忠,1533,-0.2,7,8,9,37.0,480,0,
,"2019. 2.23",阪神,1阪1,500万,500万下*,8,12,ボストンテソーロ,牝,3,川田将雅, 54 ,12,1,１, ,ダ1400,稍,,(美),田中博康,1247,-0.7,,2,2,37.1,472,-8,
,"2019. 2.23",阪神,1阪1,未勝利,未勝利,5,8,ダノンテイオー,牡,3,池添謙一, 56 ,14,7,１, 外,芝1800,良,,(栗),大久保龍,1484,-0.0,,4,3,35.4,462,-2,
,"2019. 2.23",阪神,1阪1,新馬,新馬,6,11,ケプラー,牡,3,池添謙一, 56 ,16,6,１, ,ダ1200,稍,*,(栗),千田輝彦,1136,-0.4,,5,4,37.3,488,,
,"2019. 2.23",阪神,1阪1,未勝利,未勝利,6,9,ハイパワードトップ,牡,3,ルメール, 56 ,14,1,１, ,ダ1800,稍,,(栗),松田国英,1551,-0.2,7,7,7,37.5,458,+8,
,"2019. 2.23",阪神,1阪1,未勝利,未勝利,6,11,ピアシック,牡,3,武豊, 56 ,16,1,１, ,ダ1200,稍,,(栗),森秀行,1131,-0.1,,10,7,36.1,472,0,
,2018.12.28,阪神,5阪9,1600万,ファイＨ1600,4,7,フィアーノロマーノ,牡,4,川田将雅, 57 ,18,1,１, 内,芝1400,良,,(栗),高野友和,1214,-0.2,,3,3,35.7,544,+2,
,2018.12.28,阪神,5阪9,ｵｰﾌﾟﾝ,ベテルギ,5,10,ロードアルペジオ,牡,5,藤岡佑介, 56 ,16,1,１, ,ダ1800,良,,(栗),笹田和秀,1525,-0.0,11,10,8,37.1,500,0,
,2018.12.28,阪神,5阪9,1000万,フォーチ1000,8,10,シンギュラリティ,牡,4,松山弘平, 57 ,11,1,１, 外,芝1800,良,,(栗),松田国英,1469,-0.0,,4,3,34.9,494,+6,
,2018.12.28,阪神,5阪9,1000万,春待月賞1000,2,3,クリノフラッシュ,牝,3,松山弘平, 54 ,16,3,１, ,ダ1400,良,,(栗),橋田満,1248,-0.2,,1,1,36.8,434,+2,B
,2018.12.28,阪神,5阪9,500万,500万下,6,11,ヴァイザー,牡,3,松山弘平, 56 ,17,10,１, 外,芝1600,良,*,(栗),高橋亮,1351,-0.0,,8,8,35.2,460,+10,
,2018.12.28,阪神,5阪9,500万,500万下,6,12,クルスデルスール,牡,3,松若風馬, 56 ,16,3,１, ,ダ1800,良,,(栗),音無秀孝,1536,-0.1,2,2,2,38.2,512,+4,
,2018.12.28,阪神,5阪9,500万,500万下*,1,1,サトノルークス,牡,2,川田将雅, 55 ,13,1,１, 外,芝1800,良,,(栗),池江泰寿,1474,-0.1,,5,4,35.5,466,-4,
,2018.12.28,阪神,5阪9,新馬,新馬,6,7,フェアリーポルカ,牝,2,松若風馬, 54 ,12,7,１, 内,芝2000,良,,(栗),西村真幸,2045,-0.4,3,3,5,35.5,468,,
,2018.12.28,阪神,5阪9,新馬,新馬,8,12,マッスルビーチ,牡,2,松山弘平, 55 ,12,9,１, ,ダ1800,良,,(栗),鈴木孝志,1567,-0.0,3,3,2,36.4,454,,
,2018.12.28,阪神,5阪9,未勝利,未勝利*,2,3,メイショウテンゲン,牡,2,松山弘平, 55 ,18,1,１, 外,芝1800,良,,(栗),池添兼雄,1480,-0.3,,10,9,35.2,462,0,
,2018.12.28,阪神,5阪9,未勝利,未勝利*,3,6,ストレルカ,牡,2,国分恭介, 55 ,16,13,１, ,ダ1400,良,,(栗),森田直行,1257,-0.4,,1,1,38.7,496,+6,
,2018.12.28,阪神,5阪9,未勝利,未勝利*,8,15,ショウナンパンサー,セ,2,川須栄彦, 55 ,16,5,１, ,ダ1800,良,,(栗),梅田智之,1558,-0.6,2,2,2,39.3,490,+8,
,2018.12.23,阪神,5阪8,ｵｰﾌﾟﾝ,ギャラク,5,9,ゴールドクイーン,牝,3,古川吉洋, 54 ,16,8,１, ,ダ1400,稍,,(栗),坂口正則,1215,-0.0,,1,1,35.8,448,-8,
,2018.12.23,阪神,5阪8,1600万,サンタク1600,6,9,クリノヤマトノオー,牡,4,和田竜二, 57 ,14,4,１, 内,芝2000,稍,,(栗),高橋義忠,2013,-0.6,5,5,5,35.5,472,0,
,2018.12.23,阪神,5阪8,1000万,クリスＨ1000,1,1,ペルソナリテ,牝,5,丹内祐次, 53 ,12,7,１, 外,芝1600,稍,,(美),相沢郁,1353,-0.4,,10,10,33.5,430,-14,
,2018.12.23,阪神,5阪8,500万,千両賞500*,8,12,マイネルフラップ,牡,2,吉田隼人, 55 ,12,11,１, 外,芝1600,稍,,(栗),梅田智之,1358,-0.2,,11,9,34.4,462,0,
,2018.12.23,阪神,5阪8,1000万,1000万下,6,11,エイシンセラード,牝,3,和田竜二, 54 ,16,3,１, ,ダ1800,稍,,(栗),今野貞一,1509,-0.0,2,2,2,35.6,514,-2,
,2018.12.23,阪神,5阪8,500万,500万下,5,10,グロワールシチー,牡,4,菱田裕二, 57 ,16,4,１, ,ダ1400,稍,,(栗),岡田稲男,1232,-0.6,,3,2,36.2,466,0,
,2018.12.23,阪神,5阪8,新馬,新馬,2,3,エイシンオズ,牝,2,荻野極,53☆,18,5,１, 内,芝1400,稍,,(栗),今野貞一,1238,-0.2,,3,4,35.5,438,,
,2018.12.23,阪神,5阪8,未勝利,障害未勝利,4,5,プリンシパルスター,セ,5,森一馬, 60 ,14,4,１, ,ダ2970,稍,,(栗),斉藤崇史,3203,-0.0,4,4,4,13.5,452,0,
,2018.12.23,阪神,5阪8,未勝利,未勝利*,2,3,アールコンセンサス,牡,2,吉田隼人, 55 ,16,1,１, 内,芝2000,稍,,(栗),矢作芳人,2039,-0.0,8,6,6,36.3,430,-8,
,2018.12.23,阪神,5阪8,未勝利,未勝利*,1,2,グッドレイズ,牡,2,川又賢治,54☆,16,1,１, 外,芝1600,稍,,(栗),松元茂樹,1365,-0.2,,14,14,34.9,476,-2,
,2018.12.23,阪神,5阪8,未勝利,未勝利*,4,5,マスターフェンサー,牡,2,浜中俊, 55 ,13,2,１, ,ダ1800,稍,,(栗),角田晃一,1511,-0.6,4,3,2,37.0,486,-6,
,2018.12.23,阪神,5阪8,未勝利,未勝利*,7,13,カモンスプリング,牡,2,和田竜二, 55 ,15,1,１, ,ダ1200,稍,*,(栗),川村禎彦,1118,-0.3,,4,4,36.5,474,+2,
,2018.12.22,阪神,5阪7,1000万,1000万下,3,5,プレシャスルージュ,セ,6,西村淳也,54▲,16,5,１, ,ダ1200,稍,,(栗),高柳大輔,1090,-0.5,,2,2,35.0,468,-6,B
,2018.12.22,阪神,5阪7,Ｇ２,阪神カッG2,2,3,ダイアナヘイロー,牝,5,菱田裕二, 55 ,16,11,１, 内,芝1400,稍,,(栗),大根田裕,1211,-0.1,,1,1,34.9,474,0,
,2018.12.22,阪神,5阪7,1600万,摩耶ＳＨ1600,1,1,オルナ,牡,6,酒井学, 52 ,16,13,１, ,ダ1800,稍,,(栗),岡田稲男,1485,-0.7,1,1,1,35.8,520,-4,
,2018.12.22,阪神,5阪7,1000万,江坂特別1000,5,5,パリンジェネシス,牡,4,川田将雅, 57 ,10,2,１, 外,芝2400,稍,,(栗),清水久詞,2297,-0.2,5,2,2,35.7,524,+8,
,2018.12.22,阪神,5阪7,500万,500万下,6,11,サマーサプライズ,牡,4,松若風馬, 57 ,16,2,１, ,ダ2000,稍,,(栗),宮本博,2027,-0.1,1,1,1,37.6,486,-4,
,2018.12.22,阪神,5阪7,500万,500万下,3,5,ナムラマル,牡,4,福永祐一, 57 ,17,3,１, 外,芝2600,稍,,(栗),清水久詞,2411,-0.3,1,1,1,36.5,516,+6,
,2018.12.22,阪神,5阪7,新馬,新馬,5,9,メイショウウズマサ,牡,2,鮫島克駿, 55 ,16,5,１, ,ダ1400,稍,*,(栗),安田隆行,1244,-0.1,,1,1,36.2,504,,
,2018.12.22,阪神,5阪7,新馬,新馬,7,13,グラディーヴァ,牝,2,Ｍ．デム, 54 ,18,6,１, 外,芝1800,稍,,(栗),中竹和也,1499,-0.3,,7,7,34.6,458,,
,2018.12.22,阪神,5阪7,未勝利,未勝利*,7,13,ランスオブプラーナ,牡,2,ルメール, 55 ,16,2,１, 内,芝1400,稍,,(栗),本田優,1230,-0.6,,3,3,36.0,464,+6,
,2018.12.22,阪神,5阪7,未勝利,未勝利・牝*,3,5,ブランノワール,牝,2,福永祐一, 54 ,15,3,１, 外,芝1600,稍,,(栗),須貝尚介,1366,-0.3,,2,2,34.5,442,+6,
,2018.12.22,阪神,5阪7,未勝利,未勝利*,8,11,ハギノオムイデアル,牡,2,福永祐一, 55 ,12,2,１, ,ダ1800,稍,,(栗),松田国英,1529,-0.1,2,2,2,36.9,472,+14,
,2018.12.22,阪神,5阪7,未勝利,未勝利*,5,10,ペイシャクレア,牝,2,北村友一, 54 ,16,3,１, ,ダ1400,稍,,(栗),坂口正則,1250,-0.1,,3,6,37.2,412,-8,
,2018.12.16,阪神,5阪6,1000万,妙見山特1000,6,12,イシュトヴァーン,牡,3,ルメール, 56 ,16,1,１, ,ダ1400,良,,(栗),石坂正,1234,-0.4,,3,2,36.1,510,+10,
,2018.12.16,阪神,5阪6,Ｇ１,フューチG1,4,6,アドマイヤマーズ,牡,2,Ｍ．デム, 55 ,15,2,１, 外,芝1600,良,,(栗),友道康夫,1339,-0.3,,3,3,33.9,470,-2,
,2018.12.16,阪神,5阪6,1600万,元町Ｓ1600,3,3,インディチャンプ,牡,3,福永祐一, 56 ,11,1,１, 外,芝1600,良,,(栗),音無秀孝,1346,-0.5,,9,9,33.2,460,+8,
,2018.12.16,阪神,5阪6,1000万,蛍池特別1000,1,1,レイズアベール,牝,4,武豊, 55 ,9,2,１, 内,芝2000,良,,(栗),吉村圭司,2005,-0.0,7,7,7,35.0,458,0,
,2018.12.16,阪神,5阪6,500万,500万下,6,11,セルバンテスカズマ,牡,5,Ｍ．デム, 57 ,16,1,１, ,ダ1200,良,,(栗),西浦勝一,1113,-0.4,,6,5,35.4,534,-4,
,2018.12.16,阪神,5阪6,500万,500万下*,8,12,ナンヨーイザヨイ,牡,2,ルメール, 55 ,12,2,１, ,ダ1800,良,,(栗),松永幹夫,1536,-0.2,10,8,4,37.5,466,0,
,2018.12.16,阪神,5阪6,新馬,新馬・牝,2,3,ミッドナイトラヴ,牝,2,池添謙一, 54 ,18,2,１, 内,芝1400,良,,(栗),松永幹夫,1245,-0.1,,1,1,35.4,454,,
,2018.12.16,阪神,5阪6,新馬,新馬,6,7,キングリスティア,牡,2,川田将雅, 55 ,11,7,１, 内,芝2000,良,,(栗),河内洋,2012,-0.8,1,1,1,35.3,502,,
,2018.12.16,阪神,5阪6,未勝利,未勝利*,3,3,ミッキーブリランテ,牡,2,坂井瑠星,54☆,13,1,１, 外,芝1800,良,,(栗),矢作芳人,1480,-0.4,,5,3,34.3,458,0,
,2018.12.16,阪神,5阪6,未勝利,未勝利*,6,10,ハチヨウ,牡,2,和田竜二, 55 ,15,2,１, ,ダ1400,良,,(栗),清水久詞,1266,-0.0,,2,2,38.3,492,-6,
,2018.12.16,阪神,5阪6,未勝利,未勝利*,1,1,ポップフランセ,牡,2,福永祐一, 55 ,12,2,１, ,ダ1800,良,,(栗),野中賢二,1549,-0.1,1,1,1,38.1,452,-4,
,2018.12.16,阪神,5阪6,未勝利,未勝利*,4,6,ヘルメット,牝,2,Ｍ．デム, 54 ,15,1,１, ,ダ1200,良,,(栗),岡田稲男,1134,-0.1,,3,5,37.3,496,-4,
,2018.12.15,阪神,5阪5,1000万,1000万下,2,4,ジョイフル,牡,4,Ｍ．デム, 57 ,17,1,１, 内,芝1400,良,,(栗),吉村圭司,1208,-0.3,,7,7,35.1,512,+2,
,2018.12.15,阪神,5阪5,ｵｰﾌﾟﾝ,タンザナＨ,2,2,エントリーチケット,牝,4,和田竜二, 52 ,15,3,１, 内,芝1200,良,,(栗),宮徹,1085,-0.1,,5,4,34.6,456,+8,
,2018.12.15,阪神,5阪5,1000万,赤穂特別1000,7,11,サトノプライム,牡,4,古川吉洋, 57 ,14,4,１, ,ダ1800,良,,(栗),南井克巳,1516,-0.2,3,4,4,37.3,500,-6,
,2018.12.15,阪神,5阪5,500万,さざんか500*,2,2,イベリス,牝,2,浜中俊, 54 ,13,2,１, 内,芝1200,良,,(栗),角田晃一,1090,-0.5,,1,1,34.6,454,0,
,2018.12.15,阪神,5阪5,500万,500万下,3,5,ノーウェイ,牡,3,川田将雅, 56 ,15,1,１, ,ダ1800,良,,(栗),高橋義忠,1522,-0.6,8,8,7,36.8,476,+2,
,2018.12.15,阪神,5阪5,500万,500万下,2,3,ジャスパープリンス,牡,3,岩田康誠, 56 ,16,3,１, ,ダ1400,良,,(栗),森秀行,1242,-0.1,,2,2,37.7,474,+10,
,2018.12.15,阪神,5阪5,新馬,新馬,1,2,プリンシアルーチェ,牝,2,岩田康誠, 54 ,16,5,１, ,ダ1200,良,,(栗),安田隆行,1128,-0.2,,2,2,37.1,470,,
,2018.12.15,阪神,5阪5,新馬,新馬,8,14,イルヴェントドーロ,牝,2,Ｍ．デム, 54 ,14,1,１, 外,芝1600,良,,(栗),池添学,1386,-0.3,,2,2,34.5,430,,
,2018.12.15,阪神,5阪5,未勝利,未勝利*,8,10,リーガルメイン,牡,2,藤岡佑介, 55 ,11,1,１, 内,芝2000,良,,(栗),橋口慎介,2028,-0.2,7,8,6,35.7,444,0,
,2018.12.15,阪神,5阪5,未勝利,未勝利*,6,12,ブリッツアウェイ,牝,2,松若風馬, 54 ,18,6,１, 外,芝1600,良,,(栗),音無秀孝,1351,-0.3,,3,2,34.8,440,+2,
,2018.12.15,阪神,5阪5,未勝利,未勝利*,1,1,スパンキーワールド,牡,2,岩田康誠, 55 ,11,2,１, ,ダ1800,良,,(栗),友道康夫,1547,-0.6,3,4,4,38.6,512,-4,
,2018.12.15,阪神,5阪5,未勝利,未勝利・牝*,5,9,ナムラオッケー,牝,2,浜中俊, 54 ,16,8,１, ,ダ1400,良,,(栗),五十嵐忠,1257,-0.0,,2,2,37.8,424,+2,
,"2018.12. 9",阪神,5阪4,1000万,高砂特別1000,7,13,メイショウコゴミ,牝,3,武豊, 54 ,16,1,１, ,ダ1200,良,,(栗),飯田祐史,1111,-0.2,,3,3,36.0,440,-6,
,"2018.12. 9",阪神,5阪4,Ｇ１,阪神ジュG1,7,13,ダノンファンタジー,牝,2,Ｃ．デム, 54 ,18,1,１, 外,芝1600,良,,(栗),中内田充,1341,-0.1,,15,16,34.0,460,0,
,"2018.12. 9",阪神,5阪4,1600万,堺Ｓ1600,5,5,テルペリオン,牡,4,松若風馬, 57 ,9,3,１, ,ダ1800,良,,(栗),寺島良,1527,-0.2,2,2,2,37.3,526,+2,
,"2018.12. 9",阪神,5阪4,1600万,オリオＨ1600,8,8,シュペルミエール,牡,5,北村宏司,57.5,8,1,１, 外,芝2400,良,,(美),木村哲也,2261,-0.0,2,2,2,34.8,506,0,
,"2018.12. 9",阪神,5阪4,1000万,1000万下,3,3,ラセット,牡,3,藤岡佑介, 56 ,8,1,１, 外,芝1600,良,,(栗),庄野靖志,1356,-0.1,,3,3,33.9,484,+6,
,"2018.12. 9",阪神,5阪4,500万,500万下,1,1,マリオ,牡,3,武豊, 56 ,10,4,１, ,ダ1800,良,,(栗),安達昭夫,1539,-0.3,1,1,1,38.5,498,+4,
,"2018.12. 9",阪神,5阪4,500万,500万下*,3,3,ヴァニラアイス,牝,2,戸崎圭太, 54 ,12,4,１, ,ダ1200,良,,(栗),高柳大輔,1119,-0.1,,4,4,37.0,446,+4,
,"2018.12. 9",阪神,5阪4,新馬,新馬,5,5,ティグラーシャ,牝,2,Ｃ．デム, 54 ,8,1,１, 外,芝1800,良,,(栗),池添学,1488,-0.2,,1,1,34.7,430,,
,"2018.12. 9",阪神,5阪4,未勝利,未勝利*,5,5,タンタラス,牝,2,Ｃ．デム, 54 ,9,3,１, 内,芝2000,良,,(栗),池添学,2024,-0.0,3,3,3,35.5,470,0,
,"2018.12. 9",阪神,5阪4,未勝利,未勝利*,4,8,イメル,牡,2,松若風馬, 55 ,16,1,１, 内,芝1200,良,*,(栗),音無秀孝,1101,-0.0,,2,2,35.0,474,+10,
,"2018.12. 9",阪神,5阪4,未勝利,未勝利*,8,12,ロフティネス,牡,2,松若風馬, 55 ,13,5,１, ,ダ1800,良,,(栗),音無秀孝,1553,-0.7,1,1,1,38.4,464,-10,
,"2018.12. 9",阪神,5阪4,未勝利,未勝利・牝*,3,4,ヤマニンブルーベル,牝,2,藤懸貴志, 54 ,14,3,１, ,ダ1200,良,,(栗),斉藤崇史,1141,-0.5,,1,1,38.6,462,0,
,"2018.12. 8",阪神,5阪3,500万,500万下,1,1,トップラン,牡,4,太宰啓介, 57 ,15,2,１, ,ダ1400,良,,(栗),高橋亮,1246,-0.0,,7,6,37.2,488,+4,
,"2018.12. 8",阪神,5阪3,ｵｰﾌﾟﾝ,リゲルＳ,1,1,パクスアメリカーナ,牡,3,川田将雅, 55 ,11,2,１, 外,芝1600,良,,(栗),中内田充,1333,-0.7,,5,5,34.1,468,+4,
,"2018.12. 8",阪神,5阪3,1000万,境港特Ｈ1000,2,2,シルヴァンシャー,牡,3,モレイラ, 53 ,10,2,１, 内,芝2200,良,,(栗),池江泰寿,2119,-0.3,10,9,2,35.1,474,+4,
,"2018.12. 8",阪神,5阪3,500万,エリカ賞500*,3,3,エールヴォア,牝,2,川田将雅, 54 ,8,1,１, 内,芝2000,良,,(栗),橋口慎介,2014,-0.2,1,1,1,35.3,506,+6,
,"2018.12. 8",阪神,5阪3,1000万,1000万下,7,7,シロニイ,牡,4,モレイラ, 57 ,7,1,１, ,ダ2000,良,,(栗),池江泰寿,2078,-0.2,4,3,2,36.9,512,0,
,"2018.12. 8",阪神,5阪3,500万,500万下・牝,7,8,ガウラミディ,牝,3,太宰啓介, 54 ,10,6,１, ,ダ1800,良,,(栗),高柳大輔,1548,-0.4,2,2,2,38.0,508,+12,
,"2018.12. 8",阪神,5阪3,新馬,新馬,6,8,ハヤブサナンデクン,牡,2,武豊, 55 ,13,2,１, ,ダ1800,良,,(栗),吉村圭司,1562,-0.8,5,3,3,39.5,482,,
,"2018.12. 8",阪神,5阪3,新馬,新馬,1,1,ファタリテ,牡,2,国分優作, 55 ,8,4,１, 内,芝1200,良,,(栗),大根田裕,1103,-0.2,,1,1,35.7,438,,
,"2018.12. 8",阪神,5阪3,未勝利,未勝利・牝*,4,4,エスポワール,牝,2,Ｍ．デム, 54 ,10,1,１, 外,芝1800,良,,(栗),中竹和也,1488,-0.0,,7,8,34.9,470,-4,
,"2018.12. 8",阪神,5阪3,未勝利,未勝利*,6,7,デュープロセス,牡,2,モレイラ, 55 ,11,1,１, ,ダ1400,稍,,(栗),安田隆行,1256,-1.0,,5,3,37.4,472,+6,
,"2018.12. 8",阪神,5阪3,未勝利,未勝利*,5,5,メスキータ,牡,2,森裕太朗,53△,9,4,１, ,ダ1800,稍,,(栗),山内研二,1550,-0.1,6,6,6,37.7,502,0,
,"2018.12. 8",阪神,5阪3,未勝利,未勝利*,6,8,ショウブ,牡,2,モレイラ, 55 ,12,1,１, ,ダ1200,稍,,(栗),加用正,1127,-0.2,,1,1,36.9,474,+6,
,"2018.12. 2",阪神,5阪2,1000万,1000万下,1,2,ミトノレインボー,牝,3,武豊, 54 ,16,2,１, 内,芝1200,良,,(栗),大橋勇樹,1088,-0.0,,1,1,34.6,470,-2,
,"2018.12. 2",阪神,5阪2,1600万,逆瀬川Ｈ1600,3,3,カフェブリッツ,牡,5,荻野極, 56 ,10,5,１, 外,芝1800,良,,(栗),池江泰寿,1458,-0.3,,2,2,33.7,538,+12,
,"2018.12. 2",阪神,5阪2,1000万,姫路特別1000,7,9,キクノルア,牡,4,浜中俊, 57 ,12,2,１, ,ダ1800,良,,(栗),奥村豊,1507,-0.4,2,2,2,36.6,510,+2,
,"2018.12. 2",阪神,5阪2,500万,万両賞500*,7,7,ジュランビル,牝,2,松若風馬, 54 ,8,2,１, 内,芝1400,良,,(栗),寺島良,1212,-0.1,,2,2,34.6,460,-2,
,"2018.12. 2",阪神,5阪2,500万,500万下,4,5,トゥザフロンティア,牡,3,荻野極,55☆,14,1,１, 外,芝1800,良,,(栗),池江泰寿,1467,-0.3,,3,2,34.2,502,-8,B
,"2018.12. 2",阪神,5阪2,500万,500万下,2,4,カズマペッピーノ,牡,4,浜中俊, 57 ,16,3,１, ,ダ1200,良,,(栗),西浦勝一,1118,-0.1,,2,1,36.5,492,-2,
,"2018.12. 2",阪神,5阪2,新馬,新馬,5,9,ペプチドオリバー,牡,2,武豊, 55 ,16,5,１, ,ダ1400,良,,(栗),武英智,1272,-0.2,,11,12,38.1,466,,
,"2018.12. 2",阪神,5阪2,新馬,新馬,4,4,ヒンドゥタイムズ,牡,2,中谷雄太, 55 ,8,3,１, 内,芝2000,良,,(栗),斉藤崇史,2027,-0.6,3,3,3,34.6,454,,
,"2018.12. 2",阪神,5阪2,未勝利,障害未勝利,7,8,メイショウゴウキ,セ,4,田村太雅, 60 ,11,5,１, ,ダ2970,良,,(栗),沖芳夫,3216,-0.8,5,4,3,13.6,498,+16,
,"2018.12. 2",阪神,5阪2,未勝利,未勝利*,7,9,アーデンフォレスト,牡,2,川田将雅, 55 ,12,1,１, 外,芝1600,良,,(栗),藤原英昭,1346,-0.3,,2,2,34.4,452,0,
,"2018.12. 2",阪神,5阪2,未勝利,未勝利*,8,12,オースミヌーベル,牡,2,川又賢治,54☆,13,2,１, ,ダ1400,良,,(栗),松元茂樹,1262,-0.2,,2,2,38.6,450,+2,
,"2018.12. 2",阪神,5阪2,未勝利,未勝利・牝*,6,6,タニノマイカ,牝,2,鮫島良太, 54 ,11,2,１, ,ダ1800,良,,(栗),寺島良,1548,-0.5,2,2,2,38.9,468,+12,
,"2018.12. 1",阪神,5阪1,1000万,1000万下,3,6,アディラート,牡,4,ルメール, 57 ,16,1,１, ,ダ1400,良,,(栗),須貝尚介,1228,-0.3,,3,2,36.0,502,+2,B
,"2018.12. 1",阪神,5阪1,Ｇ３,チャレンG3,7,9,エアウィンザー,牡,4,Ｍ．デム, 56 ,12,2,１, 内,芝2000,良,,(栗),中竹和也,1583,-0.5,4,4,3,33.7,508,0,
,"2018.12. 1",阪神,5阪1,1600万,御影Ｓ1600,8,8,ホウショウナウ,牡,3,Ｍ．デム, 56 ,9,2,１, ,ダ1400,良,,(栗),河内洋,1235,-0.1,,6,5,35.9,506,+8,
,"2018.12. 1",阪神,5阪1,1000万,再度山特1000,4,4,ミスディレクション,セ,4,北村友一, 57 ,11,5,１, 内,芝2000,良,,(栗),武幸四郎,1587,-0.2,1,1,1,34.4,492,-2,
,"2018.12. 1",阪神,5阪1,500万,500万下,2,2,エイシンレーザー,牡,3,Ｃ．デム, 56 ,11,4,１, ,ダ2000,良,,(栗),川村禎彦,2063,-0.0,3,3,3,38.9,482,-8,
,"2018.12. 1",阪神,5阪1,未勝利,未勝利*,1,1,ハギノアップロード,牡,2,福永祐一, 55 ,10,2,１, 外,芝1800,良,,(栗),松田国英,1484,-0.3,,4,3,34.4,466,+6,
,"2018.12. 1",阪神,5阪1,新馬,新馬・牝,6,11,フォレブルート,牝,2,Ｃ．デム, 54 ,16,1,１, ,ダ1400,良,,(栗),安田隆行,1252,-1.1,,1,1,36.5,436,,
,"2018.12. 1",阪神,5阪1,新馬,新馬,1,1,キュールエミヤビ,牝,2,川田将雅, 54 ,13,5,１, 外,芝1600,良,,(栗),中尾秀正,1366,-0.1,,3,3,34.0,462,,
,"2018.12. 1",阪神,5阪1,未勝利,未勝利*,4,6,ミッキースピリット,牡,2,北村友一, 55 ,15,5,１, 内,芝1400,良,,(栗),音無秀孝,1208,-0.0,,5,5,34.4,486,0,
,"2018.12. 1",阪神,5阪1,未勝利,未勝利*,7,8,シールドヴォルト,牡,2,国分恭介, 55 ,10,3,１, ,ダ1800,良,,(栗),高橋亮,1555,-0.2,3,3,3,38.5,440,+2,
,"2018.12. 1",阪神,5阪1,未勝利,未勝利*,5,5,ダイメイコスモス,牡,2,Ｍ．デム, 55 ,12,1,１, ,ダ1400,良,,(栗),森田直行,1267,-0.0,,3,3,37.7,484,+2,
,"2018.12. 1",阪神,5阪1,未勝利,未勝利*,1,1,オーヴェルニュ,牡,2,Ｃ．デム, 55 ,10,1,１, ,ダ1200,良,,(栗),西村真幸,1130,-0.0,,3,2,37.1,444,-2,
,"2018.10. 2",阪神,4阪9,1000万,1000万下,2,2,ストーミーバローズ,牡,3,和田竜二, 54 ,15,1,１, ,ダ1800,稍,,(栗),石坂正,1521,-0.4,9,8,7,37.4,464,+6,
,"2018.10. 2",阪神,4阪9,ｵｰﾌﾟﾝ,ポートア,7,7,ミエノサクシード,牝,5,川島信二, 54 ,7,1,１, 外,芝1600,良,,(栗),高橋亮,1340,-0.0,,4,4,33.7,464,+2,
,"2018.10. 2",阪神,4阪9,1600万,道頓堀Ｓ1600,8,8,サフランハート,牡,5,幸英明, 57 ,9,2,１, 内,芝1200,良,,(栗),北出成人,1092,-0.1,,8,8,34.2,452,-2,
,"2018.10. 2",阪神,4阪9,1000万,兵庫特Ｈ1000,7,7,アフリカンゴールド,牡,3,松若風馬, 53 ,8,1,１, 外,芝2400,良,,(栗),西園正都,2268,-0.7,2,2,2,34.3,462,0,
,"2018.10. 2",阪神,4阪9,500万,500万下,8,16,スズカガルチ,牡,4,荻野極,56☆,16,1,１, ,ダ1800,稍,,(栗),湯窪幸雄,1538,-0.0,8,8,7,37.4,518,-4,B
,"2018.10. 2",阪神,4阪9,500万,500万下,3,6,サトノガーネット,牝,3,藤岡康太, 52 ,18,3,１, 外,芝1800,良,*,(栗),矢作芳人,1470,-0.4,,8,3,34.6,438,+22,
,"2018.10. 2",阪神,4阪9,500万,500万下・牝,7,14,タガノリアン,牝,4,鮫島克駿, 55 ,16,2,１, ,ダ1400,稍,,(栗),川村禎彦,1256,-0.1,,10,9,38.0,488,+18,
,"2018.10. 2",阪神,4阪9,新馬,新馬,4,4,メイショウケイメイ,牝,2,古川吉洋, 54 ,13,1,１, 内,芝1200,良,,(栗),南井克巳,1111,-0.4,,1,1,35.2,426,,
,"2018.10. 2",阪神,4阪9,未勝利,障害未勝利,2,2,ニホンピロボーラー,牡,5,熊沢重文, 60 ,6,5,１, ,ダ2970,良,,(栗),田所秀孝,3244,-0.1,2,1,1,13.8,508,+8,
,"2018.10. 2",阪神,4阪9,未勝利,未勝利,8,15,スピンドクター,セ,3,国分恭介, 56 ,16,8,１, ,ダ1800,稍,*,(栗),野中賢二,1537,-0.4,6,5,3,38.5,466,+8,B
,"2018.10. 2",阪神,4阪9,未勝利,未勝利*,8,9,エールヴォア,牝,2,浜中俊, 54 ,10,2,１, 外,芝1800,良,,(栗),橋口慎介,1468,-1.0,,6,3,34.7,496,-6,
,"2018.10. 2",阪神,4阪9,未勝利,未勝利*,5,6,ファイアーボーラー,牡,2,浜中俊, 54 ,12,3,１, ,ダ1400,稍,,(栗),武幸四郎,1267,-0.7,,2,2,39.2,448,+8,
,"2018. 9.29",阪神,4阪8,500万,500万下,8,18,ムーンチャイム,牝,3,松山弘平, 53 ,18,2,１, 内,芝1400,重,,(栗),千田輝彦,1226,-0.0,,5,6,35.0,446,0,
,"2018. 9.29",阪神,4阪8,Ｇ３,シリウスＨG3,2,3,オメガパフューム,牡,3,和田竜二, 53 ,16,2,１, ,ダ2000,不,,(栗),安田翔伍,2015,-0.0,10,10,6,35.9,450,-3,
,"2018. 9.29",阪神,4阪8,1000万,芦屋川特1000,8,16,メイショウカズヒメ,牝,4,武豊, 55 ,16,4,１, 内,芝1200,重,,(栗),南井克巳,1098,-0.3,,2,2,34.8,504,-6,
,"2018. 9.29",阪神,4阪8,500万,ヤマボウ500*,5,6,アールロッソ,牝,2,松山弘平, 54 ,13,3,１, ,ダ1400,不,,(栗),松下武士,1240,-0.1,,1,1,37.7,474,0,
,"2018. 9.29",阪神,4阪8,500万,500万下,3,6,ドンアルゴス,牡,3,浜中俊, 54 ,16,3,１, 外,芝2600,重,,(栗),庄野靖志,2426,-0.1,11,8,10,35.4,496,-8,B
,"2018. 9.29",阪神,4阪8,500万,500万下,1,1,エッシャー,セ,4,幸英明, 57 ,16,3,１, ,ダ1200,不,,(栗),中竹和也,1108,-0.1,,1,1,35.9,478,+2,
,"2018. 9.29",阪神,4阪8,新馬,新馬,5,6,キンゲン,牡,2,池添謙一, 54 ,12,4,１, ,ダ1800,不,,(栗),松田国英,1540,-0.5,7,5,5,37.1,492,,
,"2018. 9.29",阪神,4阪8,新馬,新馬,8,13,ゴータイミング,牡,2,武豊, 54 ,14,5,１, 外,芝1800,重,,(栗),松永幹夫,1509,-0.0,,8,7,35.4,444,,
,"2018. 9.29",阪神,4阪8,未勝利,未勝利,5,9,メラナイト,牡,3,鮫島克駿, 56 ,16,2,１, ,ダ1400,不,,(栗),佐々木晶,1245,-0.0,,6,4,36.8,464,-10,
,"2018. 9.29",阪神,4阪8,未勝利,未勝利*,5,7,エイティーンガール,牝,2,武豊, 54 ,13,3,１, 内,芝1200,重,,(栗),飯田祐史,1109,-0.2,,5,5,34.8,430,+2,
,"2018. 9.29",阪神,4阪8,未勝利,未勝利・牝*,8,14,ドナウデルタ,牝,2,ルメール, 54 ,14,1,１, 内,芝1400,重,,(栗),石坂正,1232,-0.2,,7,7,35.4,436,-4,
,"2018. 9.29",阪神,4阪8,未勝利,未勝利*,2,2,レクスミノル,牡,2,ルメール, 54 ,13,1,１, ,ダ1800,不,,(栗),本田優,1540,-1.0,4,3,2,39.0,466,-4,
,"2018. 9.23",阪神,4阪7,1000万,1000万下,3,6,ホウショウナウ,牡,3,Ｍ．デム, 55 ,16,2,１, ,ダ1400,稍,,(栗),河内洋,1233,-0.1,,6,5,36.9,498,+8,
,"2018. 9.23",阪神,4阪7,Ｇ２,神戸新聞G2,3,3,ワグネリアン,牡,3,藤岡康太, 56 ,10,2,１, 外,芝2400,良,*,(栗),友道康夫,2256,-0.1,7,6,5,34.2,460,+10,
,"2018. 9.23",阪神,4阪7,1600万,西宮Ｓ1600,8,8,エアウィンザー,牡,4,Ｍ．デム, 57 ,8,1,１, 内,芝2000,良,,(栗),中竹和也,2023,-0.0,3,3,3,34.0,500,+4,
,"2018. 9.23",阪神,4阪7,1000万,甲東特Ｈ1000,7,7,ルタンデュボヌール,牡,4,岩田康誠, 56 ,10,1,１, 外,芝1600,良,,(栗),友道康夫,1348,-0.1,,2,2,33.8,486,+8,B
,"2018. 9.23",阪神,4阪7,500万,500万下,7,13,マルカノカガヤキ,牡,4,森一馬, 57 ,16,3,１, ,ダ1800,稍,,(栗),松永昌博,1525,-0.6,3,2,2,38.3,512,+8,
,"2018. 9.23",阪神,4阪7,500万,500万下,3,6,チトニア,牝,4,岩田康誠, 55 ,18,4,１, 外,芝1600,良,,(栗),友道康夫,1334,-0.2,,7,7,33.3,474,+2,
,"2018. 9.23",阪神,4阪7,新馬,新馬,7,13,メディクス,牡,2,松山弘平, 54 ,16,4,１, ,ダ1400,稍,,(栗),渡辺薫彦,1263,-0.1,,1,1,38.4,452,,
,"2018. 9.23",阪神,4阪7,新馬,新馬,5,5,グランデストラーダ,牝,2,Ｍ．デム, 54 ,5,1,１, 内,芝2000,良,,(栗),友道康夫,2044,-0.4,3,3,3,35.6,470,,
,"2018. 9.23",阪神,4阪7,未勝利,障害未勝利,5,5,ヤマニンシルフ,牡,5,小坂忠士, 60 ,12,5,１, ,ダ2970,良,,(栗),山内研二,3192,-1.3,1,1,1,13.4,452,+4,
,"2018. 9.23",阪神,4阪7,未勝利,未勝利,8,16,グーテンターク,牡,3,和田竜二, 56 ,16,2,１, ,ダ1800,稍,,(栗),石坂正,1530,-0.4,5,4,2,37.7,490,+2,
,"2018. 9.23",阪神,4阪7,未勝利,未勝利*,5,5,トーセンカンビーナ,牡,2,Ｍ．デム, 54 ,8,1,１, 外,芝1800,良,,(栗),中竹和也,1477,-0.9,,5,3,34.2,446,-6,
,"2018. 9.23",阪神,4阪7,未勝利,未勝利*,7,8,スマートドレイク,牡,2,和田竜二, 54 ,10,1,１, ,ダ1200,稍,,(栗),村山明,1124,-0.8,,1,1,37.2,480,+2,
,"2018. 9.22",阪神,4阪6,500万,500万下,7,9,ダンサール,牝,3,Ｍ．デム, 52 ,11,2,１, 内,芝2000,稍,,(栗),須貝尚介,2011,-0.9,2,2,1,34.6,520,-4,
,"2018. 9.22",阪神,4阪6,1600万,大阪スポ1600,8,11,ヴェンジェンス,牡,5,幸英明, 57 ,12,4,１, ,ダ1400,重,,(栗),大根田裕,1216,-0.6,,4,2,36.2,484,0,
,"2018. 9.22",阪神,4阪6,1000万,夕月特別1000,6,8,メサルティム,牝,3,荻野極, 52 ,13,5,１, 外,芝1800,稍,*,(栗),荒川義之,1465,-0.1,,1,1,34.4,430,-2,
,"2018. 9.22",阪神,4阪6,ｵｰﾌﾟﾝ,ききょう,1,1,イッツクール,牡,2,松田大作, 54 ,9,2,１, 内,芝1400,稍,,(栗),武英智,1222,-0.0,,1,1,35.3,454,+4,
,"2018. 9.22",阪神,4阪6,500万,500万下,7,14,タガノボンバー,セ,3,荻野極,53☆,16,5,１, ,ダ2000,不,,(栗),河内洋,2034,-0.4,11,8,8,36.7,466,+10,
,"2018. 9.22",阪神,4阪6,500万,500万下,8,16,グローリーグローリ,牡,3,国分恭介, 55 ,16,1,１, ,ダ1400,不,*,(栗),五十嵐忠,1228,-0.4,,4,3,36.2,484,+4,
,"2018. 9.22",阪神,4阪6,未勝利,未勝利,6,11,ダノンテアトロ,牡,3,岩田康誠, 56 ,16,1,１, ,ダ1800,不,,(栗),高橋康之,1525,-0.4,3,2,1,37.9,450,-8,
,"2018. 9.22",阪神,4阪6,新馬,新馬,1,1,ヴァンドギャルド,牡,2,北村友一, 54 ,12,1,１, 外,芝1600,重,,(栗),藤原英昭,1368,-0.2,,7,7,33.9,460,,
,"2018. 9.22",阪神,4阪6,未勝利,未勝利,2,3,リュニヴェール,牝,3,田中健, 54 ,16,4,１, ,ダ1200,不,,(栗),浅見秀一,1120,-0.0,,5,5,36.9,452,0,B
,"2018. 9.22",阪神,4阪6,未勝利,未勝利*,6,6,アドマイヤユラナス,牡,2,岩田康誠, 54 ,7,1,１, 内,芝2000,重,,(栗),友道康夫,2033,-0.5,6,6,5,36.0,484,-10,
,"2018. 9.22",阪神,4阪6,未勝利,未勝利*,7,9,ディープダイバー,牡,2,和田竜二, 54 ,11,1,１, 内,芝1400,重,,(栗),大久保龍,1221,-0.6,,4,3,35.1,446,+6,
,"2018. 9.22",阪神,4阪6,未勝利,未勝利*,5,7,メイショウソテツ,牡,2,幸英明, 54 ,13,5,１, ,ダ1800,不,,(栗),岡田稲男,1523,-0.1,3,3,2,38.7,502,-2,
,"2018. 9.17",阪神,4阪5,500万,500万下,2,4,スターカットダイヤ,牡,4,和田竜二, 57 ,16,1,１, ,ダ1200,良,,(栗),平田修,1118,-0.0,,1,1,36.8,452,-8,
,"2018. 9.17",阪神,4阪5,1600万,仲秋ＳＨ1600,6,8,ツーエムマイスター,牡,6,酒井学, 53 ,13,9,１, 内,芝1400,良,,(栗),本田優,1203,-0.3,,1,1,34.3,456,+6,
,"2018. 9.17",阪神,4阪5,1000万,吹田特別1000,5,5,ホーリーブレイズ,牡,4,高倉稜, 57 ,10,3,１, ,ダ1800,良,,(栗),高柳大輔,1528,-0.0,9,9,9,36.3,474,-8,
,"2018. 9.17",阪神,4阪5,500万,甲武特別500,1,1,メイショウカミシマ,牡,4,秋山真一, 57 ,10,5,１, 外,芝2400,良,,(栗),石橋守,2281,-0.0,3,3,3,34.3,444,0,
,"2018. 9.17",阪神,4阪5,500万,500万下・牝,6,9,スズカスマート,牝,4,秋山真一, 55 ,14,1,１, ,ダ1800,良,,(栗),大橋勇樹,1544,-0.3,12,12,10,39.1,492,+6,
,"2018. 9.17",阪神,4阪5,500万,500万下,1,1,エイシンルカーノ,牡,4,和田竜二, 57 ,18,2,１, 外,芝1600,良,,(栗),渡辺薫彦,1339,-0.0,,8,7,34.6,466,+6,
,"2018. 9.17",阪神,4阪5,新馬,新馬,7,9,クリソベリル,牡,2,川田将雅, 54 ,11,1,１, ,ダ1800,良,,(栗),音無秀孝,1553,-1.1,5,4,1,38.0,524,,
,"2018. 9.17",阪神,4阪5,新馬,新馬,2,2,ニホンピロヘンソン,牡,2,浜中俊, 54 ,11,6,１, 内,芝1400,良,,(栗),安達昭夫,1219,-0.2,,3,3,35.8,466,,
,"2018. 9.17",阪神,4阪5,未勝利,未勝利,5,9,エールグリーツ,牝,3,和田竜二, 54 ,18,2,１, 外,芝1800,良,,(栗),中竹和也,1467,-0.2,,7,8,34.9,418,0,
,"2018. 9.17",阪神,4阪5,未勝利,未勝利,4,8,ノボリソング,牝,3,太宰啓介, 54 ,16,5,１, ,ダ1200,良,,(栗),石橋守,1130,-0.0,,5,4,37.7,472,+14,
,"2018. 9.17",阪神,4阪5,未勝利,未勝利*,7,7,カセドラルベル,牝,2,北村友一, 54 ,8,1,１, 内,芝2000,良,,(栗),西村真幸,2008,-0.4,6,3,3,35.6,520,+4,
,"2018. 9.17",阪神,4阪5,未勝利,未勝利・牝*,8,10,アロゴ,牝,2,藤岡康太, 54 ,11,4,１, ,ダ1400,良,,(栗),武幸四郎,1269,-0.5,,1,1,38.1,466,+16,
,"2018. 9.16",阪神,4阪4,500万,500万下,3,6,メイケイダイハード,牡,3,富田暁,53△,16,3,１, 内,芝1200,良,,(栗),中竹和也,1094,-0.0,,7,7,33.9,532,+4,
,"2018. 9.16",阪神,4阪4,Ｇ２,ローズＳG2,7,13,カンタービレ,牝,3,ルメール, 54 ,15,5,１, 外,芝1800,良,*,(栗),中竹和也,1457,-0.2,,2,1,33.6,434,-4,
,"2018. 9.16",阪神,4阪4,1000万,能勢特別1000,5,5,カフジバンガード,牡,3,福永祐一, 54 ,9,1,１, 内,芝2000,良,,(栗),松元茂樹,1597,-0.4,2,2,2,34.4,476,+2,
,"2018. 9.16",阪神,4阪4,1000万,夙川特別1000,2,3,タガノアム,牝,3,岡田祥嗣, 53 ,16,8,１, ,ダ1200,稍,,(栗),浅見秀一,1111,-0.0,,14,16,35.7,472,+14,
,"2018. 9.16",阪神,4阪4,500万,500万下・牝,3,4,シャンティローザ,牝,4,川田将雅, 55 ,15,3,１, 内,芝2000,良,,(栗),松永幹夫,1591,-0.1,5,5,3,35.3,470,0,
,"2018. 9.16",阪神,4阪4,500万,500万下,4,4,リテラルフォース,牡,4,ルメール, 57 ,13,1,１, ,ダ1800,稍,,(栗),高柳大輔,1530,-0.6,1,1,1,38.1,506,-6,
,"2018. 9.16",阪神,4阪4,500万,500万下,2,4,オペラアクター,牡,3,富田暁,53△,16,4,１, ,ダ1400,稍,,(栗),木原一良,1245,-0.1,,1,1,37.5,416,-4,
,"2018. 9.16",阪神,4阪4,新馬,新馬,8,9,ルモンド,牡,2,川田将雅, 54 ,9,1,１, 外,芝1800,良,,(栗),中内田充,1509,-0.2,,4,3,34.9,456,,
,"2018. 9.16",阪神,4阪4,未勝利,未勝利,3,5,ジューングラスミー,牡,3,福永祐一, 56 ,16,3,１, ,ダ1800,稍,,(栗),吉村圭司,1538,-0.6,4,3,2,37.8,500,-2,
,"2018. 9.16",阪神,4阪4,未勝利,未勝利・牝*,7,7,ダノンファンタジー,牝,2,川田将雅, 54 ,9,1,１, 外,芝1600,良,,(栗),中内田充,1359,-0.3,,4,3,34.4,460,+18,
,"2018. 9.16",阪神,4阪4,未勝利,未勝利*,8,9,マルブツメロディー,牝,2,酒井学, 54 ,9,3,１, ,ダ1800,稍,,(栗),加用正,1546,-0.4,3,3,3,38.2,498,0,
,"2018. 9.16",阪神,4阪4,未勝利,未勝利*,8,13,ガンケン,牡,2,松山弘平, 54 ,13,2,１, ,ダ1400,稍,,(栗),宮本博,1252,-0.3,,2,2,38.0,508,-2,
,"2018. 9.15",阪神,4阪3,500万,500万下,8,11,アシュリン,牝,3,Ｍ．デム, 52 ,12,1,１, 外,芝1800,良,,(栗),松永幹夫,1472,-0.4,,3,5,33.6,460,+10,
,"2018. 9.15",阪神,4阪3,1600万,オークラ1600,8,10,チュウワウィザード,牡,3,川田将雅, 54 ,10,1,１, ,ダ1800,稍,,(栗),大久保龍,1507,-0.0,7,7,7,35.7,472,0,
,"2018. 9.15",阪神,4阪3,1000万,瀬戸内海1000,5,8,レッドルドラ,牡,4,北村友一, 57 ,15,10,１, 内,芝1400,良,*,(栗),大久保龍,1209,-0.1,,1,1,34.9,508,+6,
,"2018. 9.15",阪神,4阪3,ｵｰﾌﾟﾝ,野路菊Ｓ,2,2,カテドラル,牡,2,福永祐一, 54 ,6,2,１, 外,芝1800,良,,(栗),池添学,1481,-0.1,,1,1,34.1,474,+10,
,"2018. 9.15",阪神,4阪3,ＪＧ３,阪神ジャJG3,4,4,アップトゥデイト,牡,8,白浜雄造, 62 ,9,1,１, ,芝3140,良,,(栗),佐々木晶,3272,-0.1,1,1,1,13.2,530,-2,
,"2018. 9.15",阪神,4阪3,500万,500万下・牝,4,7,ブルーミン,牝,4,川又賢治,54☆,16,3,１, ,ダ1400,重,,(栗),松元茂樹,1239,-1.4,,1,1,36.4,462,+6,
,"2018. 9.15",阪神,4阪3,500万,500万下,3,3,ヴァルディノート,牡,3,北村友一, 54 ,13,2,１, ,ダ1800,重,,(栗),音無秀孝,1521,-0.1,11,9,9,37.4,466,-8,
,"2018. 9.15",阪神,4阪3,新馬,新馬・牝,7,9,ビーチサンバ,牝,2,ルメール, 54 ,11,1,１, 外,芝1600,稍,,(栗),友道康夫,1368,-0.3,,4,2,33.4,466,,
,"2018. 9.15",阪神,4阪3,未勝利,未勝利,4,8,クーファウェヌス,牝,3,秋山真一, 54 ,16,12,１, ,ダ1400,重,,(栗),武幸四郎,1261,-0.0,,13,14,38.0,484,0,
,"2018. 9.15",阪神,4阪3,未勝利,未勝利・牝,3,6,アスールダリア,牝,3,国分恭介, 54 ,16,9,１, ,ダ1800,重,,(栗),西村真幸,1537,-0.0,1,1,1,37.8,434,-4,
,"2018. 9.15",阪神,4阪3,未勝利,未勝利*,4,4,ブリングイットオン,牝,2,和田竜二, 54 ,11,4,１, 内,芝1200,稍,,(栗),宮徹,1106,-0.3,,1,1,34.7,428,+2,
,"2018. 9.15",阪神,4阪3,未勝利,未勝利*,6,8,ウインバルドル,牡,2,高倉稜, 54 ,12,3,１, ,ダ1200,重,,(栗),五十嵐忠,1131,-0.1,,3,3,36.9,428,+8,
,"2018. 9. 9",阪神,4阪2,500万,500万下,8,15,サヴィ,牡,4,藤岡佑介, 57 ,15,1,１, ,ダ1400,不,,(栗),中内田充,1233,-0.6,,2,2,36.0,468,+8,
,"2018. 9. 9",阪神,4阪2,Ｇ２,セントウG2,8,14,ファインニードル,牡,5,川田将雅, 58 ,15,1,１, 内,芝1200,重,,(栗),高橋義忠,1088,-0.2,,6,6,34.6,470,+4,
,"2018. 9. 9",阪神,4阪2,1600万,ムーンＨ1600,1,1,ヴァフラーム,牝,6,川又賢治, 52 ,11,7,１, 外,芝1800,稍,,(栗),吉村圭司,1470,-0.1,,6,8,34.1,488,-6,B
,"2018. 9. 9",阪神,4阪2,1000万,新涼特別1000,7,13,マリームーン,牝,3,福永祐一, 53 ,15,1,１, ,ダ1400,重,,(美),藤沢和雄,1227,-0.4,,5,2,36.0,456,-4,
,"2018. 9. 9",阪神,4阪2,500万,500万下,6,7,メイショウマトイ,牡,4,武豊, 57 ,11,4,１, ,ダ2000,重,,(栗),本田優,2033,-0.0,9,7,6,36.1,484,0,
,"2018. 9. 9",阪神,4阪2,500万,500万下,3,3,ステイオンザトップ,牡,4,福永祐一, 57 ,9,3,１, 外,芝1600,稍,,(栗),須貝尚介,1347,-0.2,,3,4,33.4,472,-2,
,"2018. 9. 9",阪神,4阪2,新馬,新馬・牝,3,3,ブラックダンサー,牝,2,Ｍ．デム, 54 ,10,3,１, 内,芝1400,稍,,(栗),高野友和,1236,-0.2,,4,2,35.0,456,,
,"2018. 9. 9",阪神,4阪2,新馬,新馬,3,3,エクザルフ,牡,2,川田将雅, 54 ,6,3,１, 内,芝2000,稍,,(栗),松下武士,2022,-0.4,1,1,1,35.5,490,,
,"2018. 9. 9",阪神,4阪2,未勝利,障害未勝利,7,8,ピエナクルーズ,牡,5,西谷誠, 60 ,10,2,１, ,ダ2970,稍,,(栗),飯田祐史,3209,-0.5,5,3,1,13.5,452,0,
,"2018. 9. 9",阪神,4阪2,未勝利,未勝利,8,16,シティーポップ,牝,3,北村友一, 54 ,16,4,１, ,ダ1400,重,,(栗),中竹和也,1244,-0.1,,10,4,36.6,446,+4,
,"2018. 9. 9",阪神,4阪2,未勝利,未勝利*,6,6,セグレドスペリオル,牡,2,川又賢治,52△,9,2,１, 外,芝1600,稍,,(栗),宮本博,1361,-0.5,,9,6,35.0,462,+6,
,"2018. 9. 9",阪神,4阪2,未勝利,未勝利*,7,7,バイザディンプル,牝,2,福永祐一, 54 ,9,2,１, ,ダ1800,重,,(栗),安田隆行,1531,-0.5,2,2,2,37.0,460,+6,
,"2018. 9. 8",阪神,4阪1,500万,500万下,3,4,メイショウモウコ,牡,4,福永祐一, 57 ,15,4,１, 内,芝1400,重,,(栗),安達昭夫,1208,-0.1,,1,1,35.1,484,-6,
,"2018. 9. 8",阪神,4阪1,ｵｰﾌﾟﾝ,エニフＳ,2,3,メイショウウタゲ,牡,7,秋山真一, 58 ,16,12,１, ,ダ1400,不,,(栗),安達昭夫,1222,-0.0,,13,11,35.8,512,+2,
,"2018. 9. 8",阪神,4阪1,1000万,野分特別1000,4,4,クリノヤマトノオー,牡,4,和田竜二, 57 ,8,2,１, 外,芝1800,重,,(栗),高橋義忠,1474,-0.2,,3,3,33.8,462,+2,
,"2018. 9. 8",阪神,4阪1,1000万,鳥取特Ｈ1000,7,7,タガノグルナ,牡,4,菱田裕二, 56 ,7,2,１, ,ダ2000,不,,(栗),大根田裕,2035,-1.5,1,1,1,39.3,478,+4,
,"2018. 9. 8",阪神,4阪1,500万,500万下,7,7,レッドストーリア,牝,4,鮫島克駿, 55 ,8,6,１, 内,芝2000,重,,(栗),安田隆行,1599,-0.1,5,5,5,35.3,424,+4,
,"2018. 9. 8",阪神,4阪1,500万,500万下,2,2,アロマティカス,牡,4,服部寿希,54▲,12,7,１, ,ダ1800,不,,(栗),湯窪幸雄,1522,-0.0,11,12,11,36.9,454,-6,B
,"2018. 9. 8",阪神,4阪1,500万,500万下・牝,7,11,セパヌイール,牝,3,川又賢治,51△,13,3,１, ,ダ1200,不,,(栗),松元茂樹,1109,-0.2,,2,2,36.1,438,-4,
,"2018. 9. 8",阪神,4阪1,新馬,新馬,4,4,シャドウエンペラー,牡,2,和田竜二, 54 ,9,2,１, 外,芝1600,重,,(栗),岡田稲男,1357,-0.0,,4,3,34.7,478,,
,"2018. 9. 8",阪神,4阪1,未勝利,未勝利,4,7,ロードマドリード,牡,3,和田竜二, 56 ,18,1,１, 外,芝1600,重,*,(栗),中竹和也,1342,-0.5,,6,5,34.1,448,+6,B
,"2018. 9. 8",阪神,4阪1,未勝利,未勝利,7,13,プラチナアッシュ,牡,3,川又賢治,54△,16,3,１, ,ダ1800,不,,(栗),寺島良,1526,-0.2,3,2,1,37.9,490,-6,
,"2018. 9. 8",阪神,4阪1,未勝利,未勝利*,5,5,ファクトゥーラ,牝,2,Ｍ．デム, 54 ,6,2,１, 外,芝1800,重,,(栗),吉村圭司,1491,-0.2,,4,2,34.6,454,0,
,"2018. 9. 8",阪神,4阪1,未勝利,未勝利*,5,5,フォートワズワース,牡,2,Ｍ．デム, 54 ,12,1,１, ,ダ1400,不,,(栗),西村真幸,1253,-0.2,,9,5,37.2,510,+4,
,"2018. 6.24",阪神,3阪8,1000万,リボン賞1000,4,7,ドラゴンカップ,牡,5,戸崎圭太, 57 ,15,5,１, ,ダ1800,重,,(栗),角居勝彦,1524,-0.2,5,6,5,37.3,452,0,B
,"2018. 6.24",阪神,3阪8,Ｇ１,宝塚記念G1,2,4,ミッキーロケット,牡,5,和田竜二, 58 ,16,7,１, 内,芝2200,稍,*,(栗),音無秀孝,2116,-0.0,5,3,2,35.8,476,-4,
,"2018. 6.24",阪神,3阪8,1600万,花のみち1600,2,3,マテラスカイ,牡,4,武豊, 57 ,16,1,１, ,ダ1200,重,,(栗),森秀行,1107,-0.6,,1,1,36.5,516,,
,"2018. 6.24",阪神,3阪8,1000万,皆生特Ｈ1000,8,13,ブライティアレディ,牝,5,和田翼, 52 ,14,9,１, 内,芝1200,稍,,(栗),武幸四郎,1094,-0.0,,9,8,34.7,424,+10,
,"2018. 6.24",阪神,3阪8,500万,出石特別500,3,3,モーヴサファイア,牝,4,福永祐一, 55 ,10,2,１, 外,芝1800,稍,,(栗),池添学,1480,-0.0,,2,2,35.5,512,-4,
,"2018. 6.24",阪神,3阪8,500万,500万下,4,4,アドマイヤアゼリ,牡,4,ルメール, 57 ,10,2,１, 内,芝2200,稍,,(栗),須貝尚介,2142,-0.0,3,5,4,36.8,444,-8,
,"2018. 6.24",阪神,3阪8,500万,500万下,7,13,チュウワウィザード,牡,3,川田将雅, 54 ,16,1,１, ,ダ1800,重,,(栗),大久保龍,1520,-0.6,6,5,7,37.5,482,+14,
,"2018. 6.24",阪神,3阪8,新馬,新馬,6,6,ブレイキングドーン,牡,2,福永祐一, 54 ,10,8,１, 外,芝1800,稍,,(栗),中竹和也,1505,-0.5,,2,2,34.4,470,,
,"2018. 6.24",阪神,3阪8,未勝利,未勝利,2,3,ミエノウインウイン,牡,3,福永祐一, 56 ,18,2,１, 外,芝1600,稍,,(栗),高橋亮,1356,-0.3,,11,12,34.7,472,0,
,"2018. 6.24",阪神,3阪8,未勝利,未勝利,5,10,ディキディキ,牡,3,Ｍ．デム, 56 ,16,2,１, ,ダ1800,重,,(栗),松田国英,1528,-1.0,1,1,1,37.8,528,+4,
,"2018. 6.24",阪神,3阪8,未勝利,未勝利,8,16,カクテルドレス,牝,3,岩田康誠, 54 ,16,2,１, ,ダ1200,重,,(栗),佐々木晶,1122,-0.6,,2,2,36.7,466,+2,
,"2018. 6.24",阪神,3阪8,未勝利,未勝利・牝,7,14,モンテルース,牝,3,戸崎圭太, 54 ,16,1,１, ,ダ1400,重,,(栗),杉山晴紀,1239,-1.4,,1,1,36.7,472,+2,
,"2018. 6.23",阪神,3阪7,500万,500万下,3,4,ヨドノビクトリー,牡,4,松山弘平, 57 ,15,1,１, ,ダ1400,不,,(栗),北出成人,1239,-0.0,,2,2,37.1,484,+2,
,"2018. 6.23",阪神,3阪7,1600万,垂水Ｓ1600,4,4,キョウヘイ,牡,4,高倉稜, 57 ,9,3,１, 外,芝1800,重,,(栗),宮本博,1499,-0.0,,6,4,35.0,436,+4,
,"2018. 6.23",阪神,3阪7,1000万,京橋特別1000,7,8,アテンフェスタ,牡,5,荻野極, 57 ,11,10,１, 内,芝2000,重,,(栗),寺島良,2043,-0.3,1,1,1,35.4,490,-4,
,"2018. 6.23",阪神,3阪7,500万,豊中特別500,8,14,ストーミーバローズ,牡,3,ルメール, 54 ,15,2,１, ,ダ1800,不,,(栗),石坂正,1506,-0.2,7,8,6,36.9,460,-4,
,"2018. 6.23",阪神,3阪7,500万,500万下,2,3,グランドロワ,牡,4,松山弘平, 57 ,17,1,１, 内,芝1400,稍,,(栗),鈴木孝志,1230,-0.8,,1,1,36.5,484,+6,B
,"2018. 6.23",阪神,3阪7,500万,500万下・牝,8,15,メイショウコゴミ,牝,3,幸英明, 52 ,16,1,１, ,ダ1200,重,,(栗),飯田祐史,1113,-0.0,,4,3,36.0,436,+2,
,"2018. 6.23",阪神,3阪7,未勝利,未勝利,4,7,リンフォルツァンド,牝,3,浜中俊, 54 ,18,2,１, 外,芝1800,稍,,(栗),角居勝彦,1485,-0.2,,6,4,35.8,460,0,
,"2018. 6.23",阪神,3阪7,新馬,新馬,5,5,ジャカランダシティ,牡,2,川田将雅, 54 ,10,3,１, 内,芝1200,良,,(栗),牧浦充徳,1100,-0.2,,1,1,34.7,444,,
,"2018. 6.23",阪神,3阪7,未勝利,未勝利,7,13,タガノボンバー,セ,3,和田翼, 56 ,16,3,１, ,ダ2000,稍,,(栗),河内洋,2081,-0.2,10,7,6,38.2,456,-2,
,"2018. 6.23",阪神,3阪7,未勝利,未勝利,4,7,ミトノアミーゴ,牡,3,松山弘平, 56 ,16,5,１, ,ダ1400,稍,,(栗),崎山博樹,1262,-0.3,,3,2,37.4,456,-2,
,"2018. 6.23",阪神,3阪7,未勝利,未勝利・牝,6,11,メイショウイザナミ,牝,3,鮫島克駿, 54 ,16,11,１, ,ダ1800,稍,,(栗),角居勝彦,1558,-0.2,10,10,8,39.2,428,-8,
,"2018. 6.23",阪神,3阪7,未勝利,未勝利*,1,1,タガノジェロディ,牡,2,鮫島克駿, 54 ,9,3,１, 外,芝1600,良,,(栗),浅見秀一,1367,-0.2,,1,3,33.9,458,+2,
,"2018. 6.17",阪神,3阪6,500万,500万下,3,3,ガゼボ,牡,3,川又賢治,52△,12,5,１, 内,芝1200,良,,(栗),斉藤崇史,1087,-0.0,,9,7,33.6,520,+12,
,"2018. 6.17",阪神,3阪6,ｵｰﾌﾟﾝ,米子Ｓ,6,7,ベステンダンク,牡,6,鮫島克駿, 56 ,12,9,１, 外,芝1600,良,,(栗),安達昭夫,1319,-0.8,,1,1,34.3,508,-2,
,"2018. 6.17",阪神,3阪6,1600万,灘Ｓ1600,5,7,ハイランドピーク,牡,4,福永祐一, 57 ,14,1,１, ,ダ1800,良,,(美),土田稔,1529,-0.2,6,7,3,38.4,462,-6,
,"2018. 6.17",阪神,3阪6,1000万,箕面特別1000,2,3,オールドベイリー,牡,4,小崎綾也, 57 ,16,2,１, ,ダ1200,良,,(栗),中内田充,1116,-0.4,,4,4,36.3,464,0,
,"2018. 6.17",阪神,3阪6,500万,500万下・牝,4,4,レイズアベール,牝,4,秋山真一, 55 ,13,2,１, 外,芝1800,良,,(栗),吉村圭司,1447,-0.1,,13,13,33.9,444,-8,
,"2018. 6.17",阪神,3阪6,500万,500万下,1,2,アスタースウィング,牡,4,鮫島良太, 57 ,16,3,１, ,ダ1200,良,,(栗),中竹和也,1121,-0.4,,4,2,37.2,516,-2,B
,"2018. 6.17",阪神,3阪6,500万,500万下,1,1,テイエムチューハイ,牡,4,松山弘平, 57 ,13,1,１, ,ダ1800,良,*,(栗),五十嵐忠,1534,-0.1,4,5,2,38.9,452,0,B
,"2018. 6.17",阪神,3阪6,新馬,新馬,8,9,ショウリュウイクゾ,牡,2,浜中俊, 54 ,10,1,１, 外,芝1600,良,,(栗),佐々木晶,1358,-0.2,,7,7,34.5,474,,
,"2018. 6.17",阪神,3阪6,未勝利,障害未勝利,5,8,シゲルスズキ,牡,5,佐久間寛, 60 ,14,5,１, ,ダ2970,良,,(栗),藤沢則雄,3212,-0.8,4,2,1,13.5,500,0,
,"2018. 6.17",阪神,3阪6,未勝利,未勝利,2,3,スリーケープマンボ,牡,3,松田大作, 56 ,18,5,１, 内,芝1400,良,,(栗),武英智,1218,-0.1,,4,3,35.3,494,+2,
,"2018. 6.17",阪神,3阪6,未勝利,未勝利,1,2,ダノンフォワード,牡,3,岡田祥嗣, 56 ,16,4,１, ,ダ1800,良,,(栗),藤原英昭,1532,-1.3,1,2,1,37.1,450,-10,B
,"2018. 6.17",阪神,3阪6,未勝利,未勝利,2,4,チャーチタウン,牡,3,水口優也, 56 ,16,1,１, ,ダ1400,良,,(栗),崎山博樹,1262,-0.0,,1,1,38.7,502,0,
,"2018. 6.16",阪神,3阪5,500万,500万下,5,10,ブルベアトリュフ,牡,3,福永祐一, 54 ,16,4,１, 外,芝1600,良,,(栗),千田輝彦,1324,-0.3,,6,6,34.6,444,-10,
,"2018. 6.16",阪神,3阪5,ｵｰﾌﾟﾝ,天保山Ｓ,5,10,ウインムート,牡,5,松山弘平, 58 ,16,5,１, ,ダ1400,良,,(栗),加用正,1236,-0.1,,2,2,37.1,502,-2,
,"2018. 6.16",阪神,3阪5,1600万,水無月Ｈ1600,6,8,ナインテイルズ,牡,7,幸英明, 55 ,12,6,１, 内,芝1200,良,,(栗),中村均,1076,-0.2,,1,1,33.5,472,-8,
,"2018. 6.16",阪神,3阪5,1000万,小豆島特1000,6,6,エイシンティンクル,牝,5,和田竜二, 55 ,9,4,１, 外,芝1600,良,,(栗),坂口正則,1320,-0.0,,1,1,34.0,506,+6,
,"2018. 6.16",阪神,3阪5,500万,500万下,2,2,テリトーリアル,牡,4,幸英明, 57 ,11,3,１, 内,芝2000,良,,(栗),西浦勝一,1592,-0.3,1,1,1,35.3,472,-8,
,"2018. 6.16",阪神,3阪5,500万,500万下・牝,6,7,アイアンテーラー,牝,4,浜中俊, 55 ,11,1,１, ,ダ1800,良,*,(栗),飯田雄三,1534,-1.0,1,1,1,39.4,470,0,
,"2018. 6.16",阪神,3阪5,未勝利,未勝利,2,3,セルヴィエット,牡,3,松若風馬, 56 ,17,5,１, 外,芝2400,良,,(栗),寺島良,2252,-0.2,3,4,4,36.0,506,-6,
,"2018. 6.16",阪神,3阪5,新馬,新馬,2,4,チュウワフライヤー,牝,2,川田将雅, 54 ,16,2,１, ,ダ1200,良,,(栗),大久保龍,1138,-0.0,,3,3,38.1,496,,
,"2018. 6.16",阪神,3阪5,未勝利,未勝利,8,15,セイリスペクト,牡,3,松山弘平, 56 ,16,4,１, ,ダ1800,良,*,(栗),中村均,1554,-0.8,3,3,1,38.6,466,-8,B
,"2018. 6.16",阪神,3阪5,未勝利,未勝利,6,12,セトノシャトル,牡,3,松山弘平, 56 ,16,1,１, ,ダ1200,良,,(栗),鈴木孝志,1128,-0.0,,3,3,37.0,508,+2,
,"2018. 6.16",阪神,3阪5,未勝利,未勝利・牝,6,8,シゲルマツタケ,牝,3,松若風馬, 54 ,13,9,１, ,ダ1800,良,*,(栗),谷潔,1570,-0.2,2,2,2,39.2,448,+4,
,"2018. 6.16",阪神,3阪5,未勝利,未勝利*,6,6,リゲイン,牝,2,和田竜二, 54 ,9,3,１, 内,芝1400,良,,(栗),宮本博,1224,-0.0,,3,3,35.7,428,0,
,"2018. 6.10",阪神,3阪4,500万,500万下,6,11,ワンダープラヤアン,牡,4,Ｍ．デム, 57 ,16,1,１, ,ダ1200,稍,,(栗),森田直行,1121,-0.1,,12,9,35.7,478,-6,
,"2018. 6.10",阪神,3阪4,Ｇ３,マーメイＨG3,2,3,アンドリエッテ,牝,6,国分恭介, 51 ,15,10,１, 内,芝2000,良,,(栗),牧田和弥,1591,-0.0,9,11,9,34.4,474,+2,
,"2018. 6.10",阪神,3阪4,1000万,加古川特1000,8,13,オメガパフューム,牡,3,Ｍ．デム, 54 ,14,1,１, ,ダ1800,稍,,(栗),安田翔伍,1523,-0.2,8,8,5,36.3,446,-10,
,"2018. 6.10",阪神,3阪4,500万,生田特別500,1,1,アロマドゥルセ,牝,4,Ｍ．デム, 55 ,8,2,１, 外,芝2400,良,,(栗),音無秀孝,2273,-0.1,7,2,2,34.0,430,0,
,"2018. 6.10",阪神,3阪4,500万,500万下・牝,4,7,カネトシブレス,牝,5,川又賢治,53△,15,3,１, 内,芝1200,良,,(栗),寺島良,1088,-0.3,,2,2,34.1,438,-6,
,"2018. 6.10",阪神,3阪4,500万,500万下,6,11,レッドゼノン,牡,4,古川吉洋, 57 ,16,8,１, ,ダ2000,稍,,(栗),昆貢,2067,-0.6,6,4,1,37.9,450,-10,B
,"2018. 6.10",阪神,3阪4,未勝利,未勝利,2,4,コンセッションズ,牝,3,Ｍ．デム, 54 ,16,2,１, 内,芝1200,良,,(栗),牧浦充徳,1093,-0.2,,6,5,34.1,414,0,
,"2018. 6.10",阪神,3阪4,新馬,新馬,5,5,サートゥルナーリア,牡,2,Ｍ．デム, 54 ,9,1,１, 外,芝1600,良,,(栗),角居勝彦,1372,-0.2,,3,4,34.2,488,,
,"2018. 6.10",阪神,3阪4,ｵｰﾌﾟﾝ,障害・オープ,7,11,ヨカグラ,セ,5,林満明, 62 ,14,4,１, ,ダ3110,良,,(栗),中竹和也,3297,-0.8,3,2,2,13.5,480,-4,
,"2018. 6.10",阪神,3阪4,未勝利,未勝利,8,16,ダノンインパルス,牡,3,田中健, 56 ,16,4,１, ,ダ1800,稍,,(栗),佐々木晶,1547,-0.6,2,2,2,38.8,472,+2,
,"2018. 6.10",阪神,3阪4,未勝利,未勝利,1,1,クインズカトレア,牝,3,川又賢治,52△,16,4,１, ,ダ1200,稍,,(栗),宮本博,1134,-0.3,,1,2,37.4,416,+4,
,"2018. 6.10",阪神,3阪4,未勝利,未勝利・牝,2,3,ダイメイギンガ,牝,3,Ｍ．デム, 54 ,16,1,１, ,ダ1400,稍,,(栗),森田直行,1261,-0.2,,12,9,37.0,460,0,
,"2018. 6. 9",阪神,3阪3,500万,500万下,8,8,ドミナートゥス,牡,3,川田将雅, 54 ,9,1,１, 外,芝1800,良,,(栗),宮本博,1467,-0.1,,4,4,33.2,478,-10,
,"2018. 6. 9",阪神,3阪3,1600万,安芸Ｓ1600,7,9,タイセイエクレール,牡,5,Ｍ．デム, 57 ,11,3,１, ,ダ1400,稍,,(栗),森田直行,1242,-0.0,,4,4,36.3,522,+6,
,"2018. 6. 9",阪神,3阪3,1000万,三田特Ｈ1000,6,6,グローブシアター,牡,4,浜中俊, 57 ,9,4,１, 外,芝2400,良,,(栗),角居勝彦,2256,-0.3,1,1,1,33.9,436,-8,
,"2018. 6. 9",阪神,3阪3,500万,鶴橋特別500,7,13,タイキサターン,牡,3,Ｍ．デム, 54 ,18,4,１, 内,芝1400,良,,(栗),高野友和,1205,-0.3,,2,2,34.3,484,+2,
,"2018. 6. 9",阪神,3阪3,500万,500万下,5,8,エルデュクラージュ,セ,4,川田将雅, 57 ,15,1,１, ,ダ1800,重,,(栗),池添学,1530,-0.0,2,2,2,38.3,480,-4,
,"2018. 6. 9",阪神,3阪3,500万,500万下・牝,3,5,デロングスター,牝,4,川田将雅, 55 ,16,1,１, ,ダ1400,重,,(栗),藤原英昭,1243,-0.4,,5,4,36.1,460,+2,
,"2018. 6. 9",阪神,3阪3,未勝利,未勝利,6,11,エリンズロマーネ,牝,3,藤岡佑介, 54 ,16,2,１, 内,芝2000,良,,(栗),笹田和秀,2017,-0.1,9,9,8,34.2,468,-4,
,"2018. 6. 9",阪神,3阪3,新馬,新馬,3,3,アウィルアウェイ,牝,2,Ｍ．デム, 54 ,12,1,１, 内,芝1200,良,,(栗),高野友和,1103,-0.3,,7,6,34.0,450,,
,"2018. 6. 9",阪神,3阪3,未勝利,未勝利,1,1,モンファロン,牡,3,和田竜二, 56 ,18,10,１, 外,芝1600,稍,,(栗),高橋義忠,1338,-0.0,,7,7,35.0,452,-22,
,"2018. 6. 9",阪神,3阪3,未勝利,未勝利,6,11,アドマイヤビクター,牡,3,岩田康誠, 56 ,16,4,１, ,ダ1800,重,,(栗),友道康夫,1523,-0.7,4,4,2,36.5,518,+14,
,"2018. 6. 9",阪神,3阪3,未勝利,未勝利,2,4,スピリットワンベル,牡,3,浜中俊, 56 ,16,1,１, ,ダ1400,重,,(栗),牧田和弥,1252,-0.0,,1,1,38.4,526,-4,
,"2018. 6. 9",阪神,3阪3,未勝利,未勝利・牝,3,3,メモリーコウ,牝,3,古川吉洋, 54 ,14,2,１, ,ダ1800,重,,(栗),松永幹夫,1539,-0.7,10,4,1,38.9,444,+4,
,"2018. 6. 3",阪神,3阪2,500万,500万下,5,10,タテヤマ,牡,4,松山弘平, 57 ,16,2,１, ,ダ1200,良,,(栗),渡辺薫彦,1124,-0.4,,6,7,36.4,462,0,
,"2018. 6. 3",阪神,3阪2,1600万,グリーＨ1600,4,4,サイモンラムセス,牡,8,小牧太, 54 ,12,4,１, 外,芝2400,良,,(栗),梅田智之,2242,-0.3,1,1,1,34.6,450,-10,B
,"2018. 6. 3",阪神,3阪2,1000万,洲本特別1000,5,9,マルカソレイユ,牝,4,藤岡佑介, 55 ,16,1,１, ,ダ1400,良,,(栗),今野貞一,1245,-0.4,,3,3,37.8,476,+6,
,"2018. 6. 3",阪神,3阪2,500万,城崎特別500,5,5,サラス,牝,3,松若風馬, 52 ,10,2,１, 内,芝2000,良,,(栗),西村真幸,2007,-0.2,8,9,9,33.7,508,-2,
,"2018. 6. 3",阪神,3阪2,500万,500万下,5,10,チャレアーダ,牝,4,藤岡佑介, 55 ,17,2,１, 外,芝1600,良,,(栗),中内田充,1332,-0.1,,16,16,34.1,466,-8,
,"2018. 6. 3",阪神,3阪2,500万,500万下・牝,8,12,エオリア,牝,4,菱田裕二, 55 ,12,2,１, ,ダ1800,良,,(栗),角田晃一,1531,-1.2,10,9,4,36.7,484,+12,
,"2018. 6. 3",阪神,3阪2,未勝利,未勝利,3,6,ニホンピロヘイロー,牝,3,酒井学, 54 ,18,6,１, 外,芝1800,良,,(栗),服部利之,1464,-0.0,,7,7,35.1,470,-4,
,"2018. 6. 3",阪神,3阪2,新馬,新馬,5,5,シングルアップ,牡,2,松山弘平, 54 ,11,4,１, 内,芝1400,良,,(栗),寺島良,1218,-0.3,,5,2,35.1,518,,
,"2018. 6. 3",阪神,3阪2,未勝利,障害未勝利,7,12,サトノアッシュ,牡,6,林満明, 60 ,14,5,１, ,ダ2970,良,,(栗),中竹和也,3194,-0.2,6,7,7,13.4,492,-4,
,"2018. 6. 3",阪神,3阪2,未勝利,未勝利,6,12,シンハラージャ,牡,3,松山弘平, 56 ,16,1,１, ,ダ1800,良,,(栗),石坂正,1552,-0.1,6,5,5,37.9,438,-2,
,"2018. 6. 3",阪神,3阪2,未勝利,未勝利,5,9,ツウカイウイング,牡,3,川須栄彦, 56 ,16,12,１, ,ダ1200,良,,(栗),千田輝彦,1130,-0.2,,10,9,36.6,458,+6,
,"2018. 6. 3",阪神,3阪2,未勝利,未勝利・牝,2,4,ブリスフルデイズ,牝,3,川又賢治,52△,16,4,１, ,ダ1400,良,,(栗),吉田直弘,1260,-0.3,,2,2,37.8,450,-1,
,"2018. 6. 2",阪神,3阪1,500万,500万下,7,13,キタサンデイジー,牝,3,西村淳也,49▲,16,3,１, ,ダ1400,良,,(栗),梅田智之,1244,-0.1,,2,2,37.6,462,0,
,"2018. 6. 2",阪神,3阪1,Ｇ３,鳴尾記念G3,7,8,ストロングタイタン,牡,5,Ｍ．デム, 56 ,11,4,１, 内,芝2000,良,*,(栗),池江泰寿,1572,-0.1,5,5,4,34.8,520,-2,
,"2018. 6. 2",阪神,3阪1,1000万,三木特Ｈ1000,8,9,ブラックスビーチ,牝,4,福永祐一, 55 ,10,2,１, 外,芝1800,良,,(栗),角居勝彦,1457,-0.4,,1,1,33.3,462,+2,
,"2018. 6. 2",阪神,3阪1,500万,戎橋特別500,6,8,トンボイ,牝,3,酒井学, 52 ,13,5,１, 内,芝1200,良,,(栗),西園正都,1085,-0.2,,2,2,34.3,426,0,
,"2018. 6. 2",阪神,3阪1,500万,500万下,5,9,ドゥリトル,牡,3,福永祐一, 54 ,16,3,１, ,ダ1800,良,,(栗),村山明,1539,-0.0,2,2,2,36.9,486,+6,
,"2018. 6. 2",阪神,3阪1,未勝利,未勝利,7,13,サトノグロワール,牡,3,川田将雅, 56 ,17,1,１, 外,芝2600,良,,(栗),池江泰寿,2390,-0.3,3,3,1,35.9,520,+6,
,"2018. 6. 2",阪神,3阪1,未勝利,未勝利,7,11,クルスデルスール,牡,3,ルメール, 56 ,14,1,１, ,ダ2000,良,,(栗),音無秀孝,2080,-0.0,2,2,1,37.5,508,-6,
,"2018. 6. 2",阪神,3阪1,新馬,新馬,3,3,ジャミールフエルテ,牡,2,ルメール, 54 ,8,1,１, 外,芝1600,良,,(栗),大久保龍,1359,-0.2,,7,7,34.2,448,,
,"2018. 6. 2",阪神,3阪1,未勝利,未勝利,2,3,メイショウツバキ,牝,3,小牧太, 54 ,18,2,１, 内,芝1400,良,,(栗),西橋豊治,1214,-0.0,,3,4,34.9,444,+2,
,"2018. 6. 2",阪神,3阪1,未勝利,未勝利・牝,2,3,エイシンメッセ,牝,3,幸英明, 54 ,16,9,１, ,ダ1800,良,,(栗),沖芳夫,1550,-0.3,13,9,10,38.5,422,-8,
,"2018. 6. 2",阪神,3阪1,未勝利,未勝利,1,1,メイショウテンモン,牡,3,幸英明, 56 ,16,2,１, ,ダ1400,良,,(栗),松永昌博,1267,-0.0,,2,2,38.2,506,-16,
,"2018. 6. 2",阪神,3阪1,未勝利,未勝利・牝,5,10,ヒザクリゲ,牝,3,浜中俊, 54 ,16,2,１, ,ダ1200,良,,(栗),牧浦充徳,1127,-0.4,,2,2,36.5,430,+2,
,"2018. 4.15",阪神,2阪8,1000万,1000万下・牝,2,3,マルカソレイユ,牝,4,藤岡康太, 55 ,16,1,１, ,ダ1400,不,,(栗),今野貞一,1232,-0.0,,7,6,36.3,470,-2,
,"2018. 4.15",阪神,2阪8,Ｇ３,アンタレG3,1,1,グレイトパール,牡,5,川田将雅, 57 ,16,1,１, ,ダ1800,不,,(栗),中内田充,1498,-0.2,10,7,4,37.1,546,+8,
,"2018. 4.15",阪神,2阪8,1600万,難波Ｓ1600,8,13,ナイトオブナイツ,牡,5,池添謙一, 57 ,13,3,１, 外,芝1800,稍,,(栗),池添兼雄,1475,-0.1,,9,8,35.4,458,-4,
,"2018. 4.15",阪神,2阪8,1000万,千種川Ｈ1000,6,9,ブラッククローバー,牡,6,鮫島克駿, 56 ,14,2,１, 内,芝1200,稍,,(栗),川村禎彦,1094,-0.0,,2,2,35.3,492,+2,
,"2018. 4.15",阪神,2阪8,500万,500万下,7,11,パリンジェネシス,牡,4,川田将雅, 57 ,13,2,１, 内,芝2200,稍,,(栗),清水久詞,2140,-1.3,1,1,1,36.2,510,-4,
,"2018. 4.15",阪神,2阪8,500万,500万下,8,16,アユツリオヤジ,牡,4,北村友一, 57 ,16,1,１, ,ダ1200,不,,(栗),村山明,1101,-0.8,,1,1,35.8,486,-4,
,"2018. 4.15",阪神,2阪8,500万,500万下*,6,6,タニノフランケル,牡,3,幸英明, 56 ,10,1,１, 内,芝2000,重,,(栗),角居勝彦,2020,-0.7,1,1,1,35.5,526,0,
,"2018. 4.15",阪神,2阪8,500万,500万下*,5,5,ララプリムヴェール,牝,3,松山弘平, 54 ,11,1,１, ,ダ1800,不,,(栗),今野貞一,1529,-0.2,6,5,3,39.3,516,-8,B
,"2018. 4.15",阪神,2阪8,未勝利,未勝利,1,2,ラノカウ,牝,3,松田大作, 54 ,18,3,１, 外,芝1600,重,,(栗),寺島良,1366,-0.2,,3,3,36.9,426,-12,
,"2018. 4.15",阪神,2阪8,未勝利,未勝利,5,9,バクハツ,牡,3,藤岡康太, 56 ,16,4,１, ,ダ1400,不,,(栗),小崎憲,1250,-0.1,,7,6,37.5,510,0,
,"2018. 4.15",阪神,2阪8,未勝利,未勝利,3,5,ハクサンペリー,牡,3,小崎綾也,55☆,16,4,１, ,ダ1800,不,,(栗),寺島良,1516,-1.0,2,2,2,37.3,488,-12,
,"2018. 4.15",阪神,2阪8,未勝利,未勝利,5,10,セイウンデルレイ,牡,3,西村淳也,53▲,16,14,１, ,ダ1200,不,,(栗),宮本博,1123,-0.4,,1,1,37.1,498,+12,
,"2018. 4.14",阪神,2阪7,1000万,1000万下,5,6,オースミラナキラ,牡,6,川島信二, 57 ,13,7,１, ,ダ2000,良,,(栗),荒川義之,2060,-0.8,10,4,2,37.4,516,0,
,"2018. 4.14",阪神,2阪7,Ｇ３,アーリンG3,5,6,タワーオブロンドン,牡,3,ルメール, 56 ,13,1,１, 外,芝1600,良,,(美),藤沢和雄,1334,-0.1,,9,9,34.2,510,-8,
,"2018. 4.14",阪神,2阪7,1600万,陽春ＳＨ1600,6,12,オウケンビリーヴ,牝,5,ルメール, 54 ,16,1,１, ,ダ1200,良,,(栗),安田隆行,1109,-0.1,,11,8,35.5,496,0,
,"2018. 4.14",阪神,2阪7,1000万,蓬莱峡特1000,5,5,マテンロウゴースト,牡,5,川田将雅, 57 ,10,3,１, 外,芝1800,良,,(栗),中内田充,1462,-0.0,,2,2,33.8,500,0,
,"2018. 4.14",阪神,2阪7,500万,500万下,8,15,サンキュー,牡,5,Ｍ．デム, 57 ,16,3,１, ,ダ1400,良,,(栗),安達昭夫,1249,-0.2,,6,3,37.7,518,-2,
,"2018. 4.14",阪神,2阪7,500万,500万下,6,12,メイショウカマクラ,牡,5,加藤祥太,56☆,16,5,１, ,ダ1800,良,,(栗),沖芳夫,1532,-0.0,1,1,1,38.0,526,+4,
,"2018. 4.14",阪神,2阪7,500万,500万下*,3,5,トゥラヴェスーラ,牡,3,福永祐一, 56 ,16,2,１, 内,芝1200,良,,(栗),高橋康之,1087,-0.4,,6,4,34.2,474,+8,
,"2018. 4.14",阪神,2阪7,未勝利,未勝利,3,5,スヴァルナ,牡,3,Ｍ．デム, 56 ,17,1,１, 内,芝2200,良,,(栗),池江泰寿,2129,-0.0,9,2,2,35.2,504,+12,
,"2018. 4.14",阪神,2阪7,未勝利,未勝利・牝,5,9,アドラータ,牝,3,小崎綾也,53☆,16,3,１, 内,芝2000,良,,(栗),大久保龍,2018,-0.0,1,1,1,34.6,470,-10,
,"2018. 4.14",阪神,2阪7,未勝利,未勝利,6,11,タガノバルバドス,牡,3,藤岡康太, 56 ,16,2,１, ,ダ1800,良,,(栗),今野貞一,1553,-0.2,7,7,7,39.0,470,+10,
,"2018. 4.14",阪神,2阪7,未勝利,未勝利,2,4,メイショウアキツ,牡,3,福永祐一, 56 ,16,2,１, ,ダ1400,良,,(栗),坂口正則,1262,-0.2,,2,2,38.5,452,0,
,"2018. 4.14",阪神,2阪7,未勝利,未勝利・牝,3,5,ダンツカホウ,牝,3,三津谷隼,51▲,16,10,１, ,ダ1800,良,,(栗),山内研二,1553,-0.1,5,4,4,38.6,482,-4,B
,"2018. 4. 8",阪神,2阪6,1600万,梅田Ｓ1600,8,14,ストロングバローズ,牡,5,田辺裕信, 57 ,15,5,１, ,ダ1800,稍,,(美),堀宣行,1512,-0.0,10,9,9,37.5,546,-10,
,"2018. 4. 8",阪神,2阪6,Ｇ１,桜花賞G1,7,13,アーモンドアイ,牝,3,ルメール, 55 ,18,2,１, 外,芝1600,良,,(美),国枝栄,1331,-0.3,,15,16,33.2,462,-2,
,"2018. 4. 8",阪神,2阪6,1600万,大阪―Ｈ1600,2,4,ヤマカツグレース,牝,4,池添謙一, 53 ,18,9,１, 内,芝1400,良,,(栗),池添兼雄,1211,-0.0,,13,13,34.5,456,+10,
,"2018. 4. 8",阪神,2阪6,ｵｰﾌﾟﾝ,忘れな草,6,9,オールフォーラヴ,牝,3,川田将雅, 54 ,14,1,１, 内,芝2000,良,,(栗),中内田充,2005,-0.0,7,6,3,36.4,442,-8,
,"2018. 4. 8",阪神,2阪6,1000万,天王寺特1000,7,14,ヴェンジェンス,牡,5,幸英明, 57 ,16,1,１, ,ダ1400,稍,,(栗),大根田裕,1226,-0.6,,2,2,37.1,484,-2,
,"2018. 4. 8",阪神,2阪6,500万,500万下,7,13,バティスティーニ,牡,5,ルメール, 57 ,18,1,１, 外,芝1600,良,,(栗),池添学,1339,-0.0,,10,9,35.1,496,+2,
,"2018. 4. 8",阪神,2阪6,500万,500万下,1,1,アシャカリアン,牡,4,幸英明, 57 ,16,4,１, ,ダ1400,重,,(栗),大根田裕,1235,-0.1,,11,9,36.6,480,0,
,"2018. 4. 8",阪神,2阪6,500万,500万下*,7,9,マイネルオスカル,牡,3,戸崎圭太, 56 ,12,8,１, ,ダ1800,重,,(栗),中村均,1523,-0.0,3,3,3,38.1,474,-2,
,"2018. 4. 8",阪神,2阪6,未勝利,未勝利,1,1,ロードゴラッソ,牡,3,ルメール, 56 ,18,3,１, 外,芝1800,良,,(栗),藤岡健一,1483,-0.2,,4,5,35.9,460,-6,
,"2018. 4. 8",阪神,2阪6,未勝利,未勝利,5,9,アドバンスマルス,牡,3,戸崎圭太, 56 ,16,2,１, ,ダ1800,重,,(栗),高柳大輔,1546,-0.0,1,1,1,39.1,492,-4,
,"2018. 4. 8",阪神,2阪6,未勝利,未勝利,3,6,メイショウテツワン,牡,3,岩田康誠, 56 ,16,1,１, ,ダ1200,重,,(栗),中内田充,1123,-0.3,,1,1,37.7,490,-2,
,"2018. 4. 8",阪神,2阪6,未勝利,未勝利・牝,5,8,サンマルリトリート,牝,3,戸崎圭太, 54 ,15,1,１, ,ダ1800,重,,(栗),山内研二,1541,-0.6,2,2,2,38.7,518,+8,
,"2018. 4. 7",阪神,2阪5,1000万,1000万下,1,2,フィールドセンス,牡,4,福永祐一, 57 ,16,5,１, ,ダ1800,重,,(栗),千田輝彦,1505,-0.0,1,1,1,36.9,528,+2,
,"2018. 4. 7",阪神,2阪5,Ｇ２,阪神牝馬G2,7,11,ミスパンテール,牝,4,横山典弘, 54 ,13,4,１, 外,芝1600,良,,(栗),昆貢,1348,-0.0,,1,1,33.8,506,0,
,"2018. 4. 7",阪神,2阪5,1000万,白鷺特別1000,3,3,ヒシマサル,牡,4,四位洋文, 57 ,8,2,１, 外,芝2400,良,,(栗),角田晃一,2287,-0.1,3,3,3,35.6,498,-2,
,"2018. 4. 7",阪神,2阪5,1000万,丹波特別1000,4,4,インビジブルレイズ,牡,4,ルメール, 57 ,11,3,１, 外,芝1600,良,,(栗),吉村圭司,1341,-0.2,,5,4,34.2,478,+6,
,"2018. 4. 7",阪神,2阪5,500万,500万下,7,13,ジョーダンキング,牡,5,岩田康誠, 57 ,16,1,１, ,ダ2000,重,,(栗),藤原英昭,2048,-0.2,9,7,4,38.8,490,+4,
,"2018. 4. 7",阪神,2阪5,500万,500万下・牝,3,3,スペクター,牝,4,武豊, 55 ,14,1,１, ,ダ1800,重,,(栗),笹田和秀,1519,-0.0,7,3,3,37.2,498,0,
,"2018. 4. 7",阪神,2阪5,500万,500万下*,1,1,アドマイヤアルバ,牡,3,川田将雅, 56 ,13,1,１, 外,芝1600,稍,,(栗),須貝尚介,1345,-0.0,,5,5,35.7,468,-2,
,"2018. 4. 7",阪神,2阪5,500万,500万下*,6,11,シヴァージ,牡,3,川田将雅, 56 ,16,1,１, ,ダ1400,重,,(栗),野中賢二,1235,-0.1,,5,3,37.5,496,+8,
,"2018. 4. 7",阪神,2阪5,未勝利,未勝利,3,5,アルジャーノン,牡,3,川島信二, 56 ,18,4,１, 内,芝1400,稍,,(栗),荒川義之,1231,-0.1,,4,4,36.6,434,+2,
,"2018. 4. 7",阪神,2阪5,未勝利,未勝利,8,16,ドゥリトル,牡,3,福永祐一, 56 ,16,1,１, ,ダ1800,重,,(栗),村山明,1529,-0.3,3,2,2,38.0,488,0,
,"2018. 4. 7",阪神,2阪5,未勝利,未勝利,7,14,オペラアクター,牡,3,藤岡康太, 56 ,16,8,１, ,ダ1400,重,,(栗),木原一良,1239,-0.1,,3,3,36.3,414,-10,
,"2018. 4. 7",阪神,2阪5,未勝利,未勝利・牝,1,1,メイショウルクール,牝,3,鮫島良太, 54 ,16,6,１, ,ダ1200,重,,(栗),飯田祐史,1116,-0.0,,8,7,35.9,468,+2,
,"2018. 4. 1",阪神,2阪4,1600万,鳴門Ｓ1600,4,6,ファッショニスタ,牝,4,川田将雅, 55 ,15,1,１, ,ダ1400,良,,(栗),安田隆行,1243,-0.1,,4,4,36.6,482,-2,
,"2018. 4. 1",阪神,2阪4,Ｇ１,大阪杯G1,8,15,スワーヴリチャード,牡,4,Ｍ．デム, 57 ,16,1,１, 内,芝2000,良,,(栗),庄野靖志,1582,-0.1,15,1,1,34.1,516,-4,
,"2018. 4. 1",阪神,2阪4,1600万,御堂筋Ｈ1600,8,11,ホウオウドリーム,牡,4,Ｍ．デム, 55 ,11,2,１, 外,芝2400,良,,(栗),矢作芳人,2274,-0.0,8,9,8,32.7,496,0,
,"2018. 4. 1",阪神,2阪4,1000万,明石特別1000,2,2,サトノグラン,牡,4,四位洋文, 57 ,8,6,１, 内,芝2000,良,,(栗),矢作芳人,2036,-0.0,3,4,3,33.5,482,0,
,"2018. 4. 1",阪神,2阪4,1000万,1000万下,5,10,オールドベイリー,牡,4,中井裕二, 57 ,16,1,１, ,ダ1200,良,,(栗),中内田充,1124,-0.2,,4,3,36.6,464,+2,
,"2018. 4. 1",阪神,2阪4,500万,500万下,5,10,ブライティアレディ,牝,5,秋山真一, 55 ,16,7,１, 内,芝1200,良,,(栗),武幸四郎,1087,-0.0,,12,10,33.9,416,0,
,"2018. 4. 1",阪神,2阪4,500万,500万下,4,4,ダノンレーザー,牡,5,川田将雅, 57 ,12,1,１, ,ダ1800,良,,(栗),中内田充,1537,-0.3,2,2,1,37.9,522,+8,
,"2018. 4. 1",阪神,2阪4,500万,500万下*,8,15,ジョーカナチャン,牝,3,池添謙一, 54 ,16,6,１, ,ダ1200,良,,(栗),松下武士,1134,-0.0,,5,5,38.4,434,0,
,"2018. 4. 1",阪神,2阪4,未勝利,未勝利,7,15,レッドガラン,牡,3,池添謙一, 56 ,18,6,１, 外,芝1600,良,,(栗),安田隆行,1343,-0.0,,13,11,33.6,504,,
,"2018. 4. 1",阪神,2阪4,未勝利,未勝利,6,12,ウォーターロレンス,牡,3,中井裕二, 56 ,16,12,１, ,ダ2000,良,,(栗),安田隆行,2090,-0.0,4,2,2,39.7,456,,
,"2018. 4. 1",阪神,2阪4,未勝利,未勝利,1,2,サンライズフルメン,牡,3,松若風馬, 56 ,16,1,１, ,ダ1400,良,,(栗),音無秀孝,1258,-1.2,,1,1,38.6,490,-8,
,"2018. 4. 1",阪神,2阪4,未勝利,未勝利・牝,6,10,ミトノクイーン,牝,3,田辺裕信, 54 ,14,4,１, ,ダ1800,良,,(栗),崎山博樹,1556,-0.1,3,2,2,38.9,464,+2,B
,"2018. 3.31",阪神,2阪3,1000万,1000万下,3,5,キクノルア,牡,4,浜中俊, 57 ,16,1,１, ,ダ1800,良,,(栗),奥村豊,1524,-0.6,1,1,1,37.1,514,0,
,"2018. 3.31",阪神,2阪3,ｵｰﾌﾟﾝ,コーラルＨ,6,12,モーニン,牡,6,和田竜二,58.5,16,3,１, ,ダ1400,良,,(栗),石坂正,1234,-0.1,,11,8,36.5,530,-8,B
,"2018. 3.31",阪神,2阪3,1000万,仲春特別1000,8,11,ダノンハイパワー,牡,4,Ｍ．デム, 57 ,11,4,１, 内,芝1400,良,,(美),菊沢隆徳,1205,-0.2,,5,5,35.2,494,0,
,"2018. 3.31",阪神,2阪3,500万,アザレア500*,4,4,スーパーフェザー,牡,3,福永祐一, 56 ,8,1,１, 外,芝2400,良,,(栗),友道康夫,2299,-0.4,5,5,3,33.6,474,0,
,"2018. 3.31",阪神,2阪3,ｵｰﾌﾟﾝ,三木ホー,8,8,アスターサムソン,セ,5,林満明, 60 ,9,4,１, ,芝3140,良,,(栗),中竹和也,3320,-0.4,1,1,1,13.5,494,+2,
,"2018. 3.31",阪神,2阪3,500万,500万下,3,5,ワンダーバイファル,牡,7,浜中俊, 57 ,15,4,１, ,ダ1200,良,,(栗),牧田和弥,1126,-0.1,,1,1,37.5,474,+4,
,"2018. 3.31",阪神,2阪3,500万,500万下,5,5,ティーブラッサム,牡,4,西村淳也,54▲,12,3,１, 内,芝2000,良,,(栗),五十嵐忠,1595,-0.1,5,4,2,35.5,526,+2,
,"2018. 3.31",阪神,2阪3,500万,500万下*,4,4,ハーベストムーン,牡,3,福永祐一, 56 ,13,1,１, ,ダ1800,良,,(栗),浅見秀一,1537,-0.8,2,2,2,37.3,512,-2,
,"2018. 3.31",阪神,2阪3,未勝利,未勝利,3,6,アールスター,牡,3,松若風馬, 56 ,16,2,１, 内,芝2000,良,,(栗),杉山晴紀,2013,-0.4,3,3,3,34.5,500,0,
,"2018. 3.31",阪神,2阪3,未勝利,未勝利・牝,4,8,シーリア,牝,3,川田将雅, 54 ,18,2,１, 外,芝1800,良,,(栗),角居勝彦,1474,-0.0,,2,1,34.4,460,+8,
,"2018. 3.31",阪神,2阪3,未勝利,未勝利,1,2,ライリー,牡,3,森裕太朗,54△,16,3,１, ,ダ1200,良,,(栗),森秀行,1137,-0.0,,3,4,36.6,468,+2,
,"2018. 3.31",阪神,2阪3,未勝利,未勝利,3,5,ダノンロイヤル,牡,3,松若風馬, 56 ,15,5,１, ,ダ1800,良,,(栗),千田輝彦,1541,-0.5,2,2,2,38.6,528,+16,
,"2018. 3.25",阪神,2阪2,1000万,1000万下,4,8,ハリケーンバローズ,牡,5,バルジュ, 57 ,16,1,１, ,ダ1800,良,,(栗),角居勝彦,1518,-0.4,3,3,3,37.7,546,-10,
,"2018. 3.25",阪神,2阪2,ｵｰﾌﾟﾝ,六甲Ｓ,4,4,ロジクライ,牡,5,浜中俊, 56 ,10,1,１, 外,芝1600,良,,(栗),須貝尚介,1329,-0.3,,3,3,34.1,510,-4,
,"2018. 3.25",阪神,2阪2,1600万,淀屋橋Ｓ1600,6,10,オールインワン,牡,5,池添謙一, 57 ,14,5,１, 内,芝1200,良,,(栗),浜田多実,1083,-0.5,,1,1,33.9,490,-2,
,"2018. 3.25",阪神,2阪2,1000万,四国新聞1000,1,1,エールデュレーヴ,牝,5,戸崎圭太, 55 ,8,2,１, 内,芝2000,良,,(栗),須貝尚介,2019,-0.0,3,4,4,34.4,444,-2,
,"2018. 3.25",阪神,2阪2,500万,500万下,7,8,カタヨクノテンシ,牡,5,菱田裕二, 57 ,11,6,１, ,ダ1800,良,,(栗),飯田雄三,1540,-0.1,2,1,1,38.1,486,-8,
,"2018. 3.25",阪神,2阪2,500万,500万下*,7,10,メイショウタイシ,牡,3,鮫島克駿, 56 ,13,10,１, ,ダ1400,良,,(栗),安田隆行,1257,-0.0,,2,2,37.7,492,+4,
,"2018. 3.25",阪神,2阪2,未勝利,未勝利,7,10,メイショウロセツ,牡,3,和田翼, 56 ,12,5,１, 外,芝2400,良,,(栗),河内洋,2301,-0.0,2,2,2,34.2,492,+4,
,"2018. 3.25",阪神,2阪2,未勝利,未勝利,3,4,レーヴドリーブ,牝,3,戸崎圭太, 54 ,15,1,１, 外,芝1800,良,,(栗),高野友和,1479,-0.2,,5,5,33.8,464,+2,
,"2018. 3.25",阪神,2阪2,未勝利,障害未勝利,4,5,シゲルロウニンアジ,牡,5,中村将之, 60 ,13,9,１, ,ダ2970,良,,(栗),湯窪幸雄,3221,-0.0,2,2,1,13.6,492,+2,
,"2018. 3.25",阪神,2阪2,未勝利,未勝利,6,10,マンナム,牡,3,松若風馬, 56 ,14,2,１, ,ダ1800,稍,*,(栗),西村真幸,1554,-0.1,8,6,4,39.6,484,-10,
,"2018. 3.25",阪神,2阪2,未勝利,未勝利,6,12,ハルキストン,牡,3,岡田祥嗣, 56 ,16,5,１, ,ダ1200,稍,,(栗),浅見秀一,1135,-0.0,,10,8,36.7,440,-2,
,"2018. 3.25",阪神,2阪2,未勝利,未勝利・牝,2,3,タガノエルフ,牝,3,鮫島克駿, 54 ,16,1,１, ,ダ1400,稍,,(栗),安田隆行,1266,-0.0,,9,7,38.4,464,+12,
,"2018. 3.24",阪神,2阪1,500万,500万下・牝,7,10,エイシンムー,牝,4,荻野極,54☆,12,1,１, ,ダ1200,稍,,(栗),中尾秀正,1127,-0.2,,5,4,37.3,488,-6,
,"2018. 3.24",阪神,2阪1,Ｇ３,毎日杯G3,1,1,ブラストワンピース,牡,3,池添謙一, 56 ,10,1,１, 外,芝1800,良,,(美),大竹正博,1465,-0.3,,2,2,33.9,522,0,
,"2018. 3.24",阪神,2阪1,1000万,天神橋Ｈ1000,1,1,リリーヴィクトリー,牡,6,酒井学, 53 ,12,7,１, 外,芝1600,良,,(栗),池添兼雄,1341,-0.0,,1,1,35.1,506,0,B
,"2018. 3.24",阪神,2阪1,500万,君子蘭賞500*,8,10,ロケット,牝,3,バルジュ, 54 ,10,2,１, 外,芝1800,良,,(栗),石橋守,1470,-0.1,,6,6,34.3,464,0,
,"2018. 3.24",阪神,2阪1,500万,500万下,5,7,イイデファイナル,牡,4,池添謙一, 57 ,13,1,１, ,ダ1400,稍,,(栗),北出成人,1253,-0.1,,2,2,37.3,514,+10,
,"2018. 3.24",阪神,2阪1,500万,500万下・牝,4,4,ウインガーネット,牝,5,岩田康誠, 55 ,11,3,１, ,ダ1800,稍,,(栗),寺島良,1531,-0.0,7,7,6,37.3,506,-2,
,"2018. 3.24",阪神,2阪1,500万,500万下*,2,2,ミッキーワイルド,牡,3,川田将雅, 56 ,10,2,１, 内,芝1400,良,,(栗),安田隆行,1216,-0.0,,2,2,35.3,502,+12,
,"2018. 3.24",阪神,2阪1,未勝利,未勝利,8,15,アルゴセイコウ,牡,3,荻野極,55☆,16,2,１, ,ダ1800,稍,,(栗),角田晃一,1543,-0.6,2,2,2,38.4,460,-4,
,"2018. 3.24",阪神,2阪1,未勝利,未勝利,5,9,アングルティール,牝,3,武豊, 54 ,18,1,１, 内,芝1400,良,*,(栗),橋口慎介,1231,-0.1,,8,9,35.5,418,0,
,"2018. 3.24",阪神,2阪1,未勝利,未勝利,6,12,カフジフェニックス,牡,3,バルジュ, 56 ,16,2,１, ,ダ1200,稍,,(栗),矢作芳人,1131,-0.1,,6,2,37.2,462,-2,
,"2018. 3.24",阪神,2阪1,未勝利,未勝利,5,10,ショウナンアンビル,牡,3,池添謙一, 56 ,16,2,１, ,ダ1400,稍,,(栗),高橋義忠,1254,-0.3,,5,5,37.1,442,+2,
,"2018. 3.24",阪神,2阪1,未勝利,未勝利・牝,8,14,ヴィグール,牝,3,幸英明, 54 ,15,7,１, ,ダ1800,稍,,(栗),渡辺薫彦,1548,-0.7,2,2,2,39.1,446,-8,
,"2018. 3.18",阪神,1阪8,1000万,1000万下,3,5,メイショウサチシオ,牝,4,幸英明, 55 ,16,3,１, ,ダ1400,良,,(栗),石橋守,1239,-0.2,,2,2,37.2,500,+6,
,"2018. 3.18",阪神,1阪8,Ｇ２,阪神大賞G2,6,7,レインボーライン,牡,5,岩田康誠, 56 ,11,3,１, 内,芝3000,良,,(栗),浅見秀一,3036,-0.2,9,8,4,35.8,454,+10,
,"2018. 3.18",阪神,1阪8,1600万,但馬ＳＨ1600,7,8,アドマイヤロブソン,牡,4,川田将雅, 56 ,11,1,１, 内,芝2000,良,,(栗),友道康夫,2002,-0.0,3,3,3,34.8,518,0,
,"2018. 3.18",阪神,1阪8,1000万,山陽特別1000,2,2,バリス,牡,7,和田竜二, 57 ,9,2,１, 内,芝1400,良,,(栗),鈴木孝志,1218,-0.4,,3,4,33.6,494,-8,
,"2018. 3.18",阪神,1阪8,500万,500万下,8,9,ジェニシス,牡,4,岩田康誠, 57 ,10,3,１, ,ダ1800,良,,(栗),友道康夫,1532,-0.3,2,2,2,36.8,506,-10,B
,"2018. 3.18",阪神,1阪8,500万,500万下,1,1,ラルク,牝,5,武豊, 55 ,13,3,１, 外,芝2400,良,,(栗),松永幹夫,2265,-0.4,1,1,1,34.8,448,+6,
,"2018. 3.18",阪神,1阪8,500万,500万下*,6,10,テーオーエナジー,牡,3,岩田康誠, 56 ,14,1,１, ,ダ1800,良,,(栗),宮徹,1525,-0.9,5,3,2,37.1,498,+4,
,"2018. 3.18",阪神,1阪8,500万,500万下・牝*,6,9,メイショウラビエ,牝,3,池添謙一, 54 ,14,2,１, ,ダ1400,良,,(栗),池添兼雄,1257,-0.2,,8,5,37.9,480,+10,
,"2018. 3.18",阪神,1阪8,未勝利,未勝利,3,5,エアマスカーニ,牡,3,福永祐一, 56 ,16,5,１, 外,芝1600,良,,(栗),笹田和秀,1359,-0.0,,10,6,34.5,446,,
,"2018. 3.18",阪神,1阪8,未勝利,未勝利,5,10,クーファエラン,牝,3,田中健, 54 ,16,4,１, ,ダ1400,良,,(栗),浅見秀一,1265,-0.0,,5,6,37.8,440,-2,
,"2018. 3.18",阪神,1阪8,未勝利,未勝利,6,6,ムーンレイカー,牡,3,池添謙一, 56 ,11,1,１, ,ダ1800,良,,(栗),池添兼雄,1546,-0.3,1,1,1,37.7,472,0,
,"2018. 3.18",阪神,1阪8,未勝利,未勝利・牝,7,14,マコトモンジョワ,牝,3,和田竜二, 54 ,16,2,１, ,ダ1200,良,,(栗),高橋義忠,1129,-0.2,,4,2,36.9,460,-8,B
,"2018. 3.17",阪神,1阪7,1000万,1000万下・牝,7,10,ニホンピロヘーゼル,牝,5,酒井学, 55 ,12,5,１, ,ダ1800,稍,,(栗),安達昭夫,1519,-0.2,1,1,1,37.8,508,-2,
,"2018. 3.17",阪神,1阪7,ｵｰﾌﾟﾝ,若葉Ｓ,6,7,アイトーン,牡,3,国分恭介, 56 ,12,8,１, 内,芝2000,良,,(栗),五十嵐忠,2000,-0.2,1,1,1,35.3,474,-2,
,"2018. 3.17",阪神,1阪7,1600万,なにわＳ1600,5,10,サクセスエナジー,牡,4,松山弘平, 57 ,16,1,１, ,ダ1200,稍,,(栗),北出成人,1111,-0.0,,5,4,36.0,526,-10,
,"2018. 3.17",阪神,1阪7,1000万,須磨特別1000,8,8,エンヴァール,牡,5,ルメール, 57 ,9,2,１, 外,芝1800,良,,(栗),藤原英昭,1472,-0.0,,2,2,34.4,472,0,
,"2018. 3.17",阪神,1阪7,500万,500万下,1,1,カズマペッピーノ,牡,4,秋山真一, 57 ,16,4,１, ,ダ1200,稍,,(栗),西浦勝一,1114,-0.3,,1,1,36.0,492,-8,
,"2018. 3.17",阪神,1阪7,500万,500万下,6,9,トップラン,牡,4,太宰啓介, 57 ,14,5,１, ,ダ1400,稍,,(栗),高橋亮,1247,-0.1,,7,7,37.4,496,+10,
,"2018. 3.17",阪神,1阪7,500万,500万下*,8,14,エイシンデネブ,牝,3,バルジュ, 54 ,14,4,１, 内,芝1200,良,,(栗),坂口正則,1095,-0.0,,4,4,34.3,430,-10,
,"2018. 3.17",阪神,1阪7,未勝利,未勝利,2,2,ランドネ,牝,3,バルジュ, 54 ,11,1,１, 内,芝2000,良,,(栗),角居勝彦,2021,-0.5,1,1,1,34.4,512,-4,
,"2018. 3.17",阪神,1阪7,新馬,新馬,8,10,フラテッリ,牡,3,ルメール, 54 ,11,1,１, ,ダ1800,稍,,(栗),池添学,1558,-0.2,8,6,6,38.1,536,,
,"2018. 3.17",阪神,1阪7,未勝利,未勝利・牝,1,2,ヴィルトゥース,牝,3,ルメール, 54 ,16,2,１, 外,芝1800,良,,(栗),石坂正,1482,-0.2,,11,14,34.3,398,,
,"2018. 3.17",阪神,1阪7,未勝利,未勝利,2,3,メイショウトラマツ,牡,3,和田竜二, 56 ,16,4,１, ,ダ1200,稍,,(栗),南井克巳,1132,-0.0,,1,1,37.3,502,0,
,"2018. 3.17",阪神,1阪7,未勝利,未勝利,1,1,リッキー,牡,3,ルメール, 56 ,10,1,１, ,ダ1800,稍,,(栗),吉村圭司,1540,-0.3,8,7,6,36.9,508,-8,
,"2018. 3.11",阪神,1阪6,1000万,1000万下,4,7,ローゼンタール,牝,5,田辺裕信, 55 ,16,5,１, ,ダ1200,稍,,(栗),森田直行,1117,-0.2,,2,1,36.4,522,-10,
,"2018. 3.11",阪神,1阪6,Ｇ２,フィリーG2,5,10,リバティハイツ,牝,3,北村友一, 54 ,18,8,１, 内,芝1400,良,,(栗),高野友和,1215,-0.1,,6,7,35.3,442,-8,
,"2018. 3.11",阪神,1阪6,1600万,甲南ＳＨ1600,3,3,モズアトラクション,牡,4,岩田康誠, 56 ,13,1,１, ,ダ2000,稍,,(栗),松下武士,2036,-0.3,10,10,9,36.8,486,+4,
,"2018. 3.11",阪神,1阪6,1000万,淡路特Ｈ1000,4,4,スプマンテ,牡,4,川田将雅, 55 ,9,1,１, 外,芝2400,良,,(栗),池江泰寿,2285,-0.2,3,4,4,33.6,480,-4,
,"2018. 3.11",阪神,1阪6,500万,500万下,3,4,ジェニアル,牡,4,武豊, 57 ,14,2,１, 外,芝1600,良,,(栗),松永幹夫,1341,-0.5,,7,7,33.8,436,+6,
,"2018. 3.11",阪神,1阪6,500万,500万下・牝,8,12,エイシンミノアカ,牝,5,岩田康誠, 55 ,13,3,１, ,ダ1800,稍,,(栗),坂口正則,1538,-0.3,11,12,10,37.3,452,+2,
,"2018. 3.11",阪神,1阪6,500万,500万下*,5,5,ケイアイノーテック,牡,3,川田将雅, 56 ,9,1,１, 外,芝1600,良,,(栗),平田修,1342,-0.7,,6,7,33.9,468,0,
,"2018. 3.11",阪神,1阪6,500万,500万下*,6,7,ロードエース,牡,3,和田竜二, 56 ,12,3,１, ,ダ1200,稍,,(栗),松下武士,1122,-0.5,,3,3,36.9,484,-6,
,"2018. 3.11",阪神,1阪6,未勝利,未勝利,2,2,ディープインラヴ,牡,3,岩田康誠, 56 ,13,1,１, 内,芝2200,良,,(栗),矢作芳人,2133,-1.5,1,1,1,34.9,464,-8,
,"2018. 3.11",阪神,1阪6,未勝利,未勝利,7,11,イラプション,セ,3,藤岡佑介, 56 ,13,3,１, ,ダ1800,稍,,(栗),宮本博,1563,-0.1,11,9,4,39.2,528,+2,
,"2018. 3.11",阪神,1阪6,未勝利,未勝利,4,8,メイショウミライ,牡,3,和田竜二, 56 ,16,1,１, ,ダ1200,稍,,(栗),南井克巳,1124,-0.7,,2,3,36.5,486,+22,
,"2018. 3.11",阪神,1阪6,未勝利,未勝利・牝,3,3,ララプリムヴェール,牝,3,和田竜二, 54 ,9,1,１, ,ダ1800,稍,,(栗),今野貞一,1543,-0.5,2,2,1,38.1,524,-2,
,"2018. 3.10",阪神,1阪5,1000万,1000万下,5,6,フォンターナリーリ,牝,5,川田将雅, 55 ,13,1,１, ,ダ1800,稍,,(栗),中内田充,1520,-0.7,5,4,4,36.2,490,-2,
,"2018. 3.10",阪神,1阪5,ｵｰﾌﾟﾝ,ポラリス,8,14,サトノファンタシー,牡,5,Ｍ．デム, 56 ,14,4,１, ,ダ1400,稍,,(栗),松田国英,1224,-0.4,,1,2,37.0,480,+2,
,"2018. 3.10",阪神,1阪5,1600万,うずしお1600,4,4,メイズオブオナー,牝,4,Ｍ．デム, 55 ,9,3,１, 外,芝1600,良,,(栗),藤原英昭,1354,-0.0,,3,3,33.2,454,-6,
,"2018. 3.10",阪神,1阪5,500万,ゆきやな500*,4,4,サトノワルキューレ,牝,3,Ｍ．デム, 54 ,10,4,１, 外,芝2400,良,,(栗),角居勝彦,2270,-0.1,10,8,5,34.1,450,-6,
,"2018. 3.10",阪神,1阪5,ＪＧ２,阪神スプJG2,2,2,アップトゥデイト,牡,8,林満明, 62 ,9,1,１, ,芝3900,良,,(栗),佐々木晶,4234,-1.3,1,1,1,13.5,536,+6,
,"2018. 3.10",阪神,1阪5,500万,500万下,6,11,マリエラ,牡,5,三津谷隼,54▲,16,6,１, ,ダ1200,稍,,(栗),鮫島一歩,1116,-0.1,,2,2,37.1,540,+6,
,"2018. 3.10",阪神,1阪5,500万,500万下,7,7,ハギノグランコート,牡,5,佐藤友則, 57 ,10,5,１, ,ダ2000,稍,,(栗),高野友和,2062,-0.3,4,3,3,38.3,526,-2,
,"2018. 3.10",阪神,1阪5,未勝利,未勝利,7,12,サトノシリウス,牡,3,Ｍ．デム, 56 ,14,1,１, 外,芝1800,良,,(栗),藤原英昭,1468,-0.1,,9,9,34.9,470,-4,
,"2018. 3.10",阪神,1阪5,未勝利,未勝利,3,5,コンパウンダー,牡,3,Ｍ．デム, 56 ,16,2,１, 内,芝1400,稍,,(栗),石橋守,1223,-0.1,,4,5,35.7,450,-4,
,"2018. 3.10",阪神,1阪5,新馬,新馬,5,9,マグナレガーロ,牡,3,武豊, 56 ,16,3,１, ,ダ1800,重,*,(栗),角居勝彦,1526,-1.0,1,1,1,37.2,472,,
,"2018. 3.10",阪神,1阪5,未勝利,未勝利・牝,4,8,ハウリング,牝,3,福永祐一, 54 ,16,1,１, ,ダ1400,重,,(栗),大久保龍,1250,-0.8,,2,2,37.4,468,-4,
,"2018. 3.10",阪神,1阪5,未勝利,未勝利,2,2,アルドーレ,牡,3,古川吉洋, 56 ,9,1,１, ,ダ1800,重,,(栗),昆貢,1551,-0.0,3,4,1,37.3,490,-2,B
,"2018. 3. 4",阪神,1阪4,500万,500万下,1,2,ブランメジェール,牝,4,和田竜二, 55 ,16,2,１, ,ダ1400,良,,(美),高木登,1244,-0.3,,1,1,38.5,476,-8,
,"2018. 3. 4",阪神,1阪4,ｵｰﾌﾟﾝ,大阪城ＳＨ,2,2,トリコロールブルー,牡,4,岩田康誠, 55 ,12,4,１, 外,芝1800,良,,(栗),友道康夫,1453,-0.0,,6,7,33.3,496,-4,
,"2018. 3. 4",阪神,1阪4,1600万,武庫川Ｈ1600,1,1,ヒーズインラブ,牡,5,浜中俊, 57 ,10,2,１, 外,芝1600,良,,(栗),藤岡健一,1336,-0.0,,4,5,33.6,526,-2,
,"2018. 3. 4",阪神,1阪4,500万,アルメリ500*,2,2,フランツ,牡,3,Ｍ．デム, 56 ,11,3,１, 外,芝1800,良,,(栗),音無秀孝,1454,-0.3,,8,8,34.3,434,-2,
,"2018. 3. 4",阪神,1阪4,1000万,1000万下,2,2,ソリティール,牡,5,Ｍ．デム, 57 ,8,1,１, ,ダ2000,良,,(栗),斉藤崇史,2062,-0.3,8,7,7,38.1,490,+6,
,"2018. 3. 4",阪神,1阪4,500万,500万下,1,1,ダークネブラス,牡,6,池添謙一, 57 ,10,5,１, ,ダ1800,良,,(美),鹿戸雄一,1524,-0.0,5,4,3,37.6,466,-6,
,"2018. 3. 4",阪神,1阪4,500万,500万下*,7,14,オメガパフューム,牡,3,Ｍ．デム, 56 ,16,1,１, ,ダ1800,良,,(栗),安田翔伍,1527,-1.0,8,4,4,37.8,456,-6,
,"2018. 3. 4",阪神,1阪4,未勝利,未勝利,1,1,ロケット,牝,3,バルジュ, 54 ,16,12,１, 外,芝1600,良,,(栗),石橋守,1349,-0.1,,3,5,33.8,464,+4,
,"2018. 3. 4",阪神,1阪4,新馬,新馬,7,14,グッドワード,牝,3,池添謙一, 54 ,16,6,１, ,ダ1400,良,,(栗),高橋義忠,1271,-0.0,,3,3,38.1,496,,
,"2018. 3. 4",阪神,1阪4,未勝利,未勝利,5,7,ナムラムツゴロー,牡,3,Ｍ．デム, 56 ,14,1,１, ,ダ1800,良,,(栗),中村均,1554,-0.0,2,2,2,37.7,484,-6,
,"2018. 3. 4",阪神,1阪4,未勝利,未勝利,2,4,ウインヒストリオン,牡,3,バルジュ, 56 ,16,2,１, ,ダ1200,良,,(栗),五十嵐忠,1131,-0.2,,1,1,37.0,446,-2,
,"2018. 3. 4",阪神,1阪4,未勝利,未勝利・牝,6,11,アミスターミノル,牝,3,四位洋文, 54 ,16,3,１, ,ダ1400,良,,(栗),北出成人,1259,-0.1,,7,5,37.2,442,+4,
,"2018. 3. 3",阪神,1阪3,1000万,1000万下,2,4,サフランハート,牡,5,福永祐一, 57 ,16,1,１, 内,芝1200,良,,(栗),北出成人,1085,-0.0,,10,10,33.9,446,-2,
,"2018. 3. 3",阪神,1阪3,Ｇ２,チューリG2,5,5,ラッキーライラック,牝,3,石橋脩, 54 ,10,1,１, 外,芝1600,良,,(栗),松永幹夫,1334,-0.3,,3,3,33.3,494,+10,
,"2018. 3. 3",阪神,1阪3,1600万,播磨Ｓ1600,2,3,テーオーヘリオス,牡,6,石橋脩, 57 ,16,7,１, ,ダ1400,良,,(栗),梅田智之,1235,-0.4,,1,1,36.1,520,+16,
,"2018. 3. 3",阪神,1阪3,1000万,千里山特1000,4,4,スティッフェリオ,牡,4,武豊, 57 ,9,1,１, 内,芝2000,良,,(栗),音無秀孝,1599,-0.0,2,2,2,35.4,452,-6,
,"2018. 3. 3",阪神,1阪3,500万,500万下,4,4,フォレストタウン,牡,4,ルメール, 57 ,10,1,１, ,ダ1800,良,,(栗),武幸四郎,1532,-0.9,2,2,1,38.3,504,-6,
,"2018. 3. 3",阪神,1阪3,500万,500万下*,5,7,ピースユニヴァース,牡,3,武豊, 56 ,13,1,１, 内,芝1400,良,,(美),尾形和幸,1219,-0.2,,12,12,35.1,472,0,
,"2018. 3. 3",阪神,1阪3,未勝利,未勝利,1,1,レッドヴェイロン,牡,3,ルメール, 56 ,11,1,１, 外,芝1800,良,,(栗),石坂正,1465,-0.8,,1,1,34.2,472,-2,
,"2018. 3. 3",阪神,1阪3,新馬,新馬,8,12,ヒラボクラターシュ,牡,3,福永祐一, 56 ,13,5,１, ,ダ1800,良,,(栗),大久保龍,1552,-0.5,3,2,2,38.0,528,,
,"2018. 3. 3",阪神,1阪3,未勝利,障害未勝利,7,11,シゲルクロカジキ,牡,5,植野貴也, 60 ,14,1,１, ,ダ2970,良,,(栗),服部利之,3204,-0.4,4,3,1,13.5,526,-2,
,"2018. 3. 3",阪神,1阪3,未勝利,未勝利,2,2,ヒロノライデン,牡,3,川島信二, 56 ,11,2,１, ,ダ1800,良,,(栗),寺島良,1553,-0.4,4,4,4,36.9,484,-16,
,"2018. 3. 3",阪神,1阪3,未勝利,未勝利,6,11,クリスエステソーロ,牡,3,小牧太, 56 ,16,3,１, ,ダ1400,良,,(栗),小崎憲,1259,-0.1,,2,2,37.3,504,+6,
,"2018. 3. 3",阪神,1阪3,未勝利,未勝利・牝,6,8,グアン,牝,3,武豊, 54 ,12,1,１, ,ダ1800,良,,(栗),武幸四郎,1548,-0.4,2,2,2,37.9,452,-8,
,"2018. 2.25",阪神,1阪2,1000万,1000万下,2,4,ワンダーサジェス,牝,5,小牧太, 55 ,16,2,１, ,ダ1400,良,,(栗),石橋守,1246,-0.2,,8,8,36.4,488,-2,
,"2018. 2.25",阪神,1阪2,Ｇ３,阪急杯G3,7,13,ダイアナヘイロー,牝,5,武豊, 54 ,18,7,１, 内,芝1400,良,,(栗),福島信晴,1201,-0.0,,1,1,34.6,470,-8,
,"2018. 2.25",阪神,1阪2,1600万,伊丹Ｓ1600,7,13,ザイディックメア,牡,6,和田竜二, 57 ,16,4,１, ,ダ1800,良,,(栗),村山明,1527,-0.1,6,4,3,37.4,474,-6,
,"2018. 2.25",阪神,1阪2,ｵｰﾌﾟﾝ,すみれＳ,7,7,キタノコマンドール,牡,3,福永祐一, 56 ,8,3,１, 内,芝2200,良,,(栗),池江泰寿,2117,-0.1,7,8,6,33.8,490,-4,
,"2018. 2.25",阪神,1阪2,1000万,1000万下,8,11,ナムラヘラクレス,牡,4,田中健, 56 ,12,4,１, ,ダ1800,良,,(栗),福島信晴,1518,-0.0,2,2,2,38.0,490,-2,
,"2018. 2.25",阪神,1阪2,500万,500万下,2,2,スーパーライナー,牡,5,松山弘平, 57 ,15,1,１, ,ダ1200,良,,(栗),今野貞一,1123,-0.3,,9,7,36.0,502,+4,B
,"2018. 2.25",阪神,1阪2,新馬,新馬,1,2,センテリュオ,牝,3,福永祐一, 54 ,16,1,１, 内,芝2000,良,,(栗),高野友和,2035,-0.1,4,4,3,34.5,454,,
,"2018. 2.25",阪神,1阪2,未勝利,未勝利,3,3,マサハヤニース,牡,3,和田竜二, 56 ,11,1,１, 外,芝2400,良,,(栗),今野貞一,2300,-0.0,3,3,2,34.4,458,-2,
,"2018. 2.25",阪神,1阪2,未勝利,障害未勝利,5,7,ダンツプリウス,牡,5,小坂忠士, 60 ,14,1,１, ,ダ2970,良,,(栗),山内研二,3218,-0.4,2,2,2,13.6,522,-8,
,"2018. 2.25",阪神,1阪2,未勝利,未勝利,4,7,キープシークレット,牝,3,国分恭介, 54 ,16,7,１, ,ダ1800,良,,(栗),矢作芳人,1554,-0.0,2,2,2,39.6,446,-4,B
,"2018. 2.25",阪神,1阪2,未勝利,未勝利,8,16,サンライズルーク,牡,3,松山弘平, 56 ,16,3,１, ,ダ1400,良,,(栗),平田修,1273,-0.2,,1,1,39.3,510,0,
,"2018. 2.25",阪神,1阪2,未勝利,未勝利・牝,4,7,アスカリアン,牝,3,福永祐一, 54 ,16,2,１, ,ダ1800,良,,(栗),谷潔,1577,-0.0,9,8,7,37.4,476,-4,
,"2018. 2.24",阪神,1阪1,1000万,1000万下,1,1,クィーンズベスト,牝,5,武豊, 55 ,11,4,１, 外,芝1600,良,,(栗),大久保龍,1348,-0.2,,5,7,32.9,512,+6,
,"2018. 2.24",阪神,1阪1,ｵｰﾌﾟﾝ,仁川ＳＨ,1,1,ナムラアラシ,牡,5,福永祐一, 56 ,16,2,１, ,ダ2000,良,,(栗),目野哲也,2041,-0.2,14,13,14,36.7,536,+6,
,"2018. 2.24",阪神,1阪1,ｵｰﾌﾟﾝ,マーガレ,5,5,アンフィトリテ,牝,3,ルメール, 54 ,10,1,１, 内,芝1200,良,,(美),宗像義忠,1091,-0.0,,2,2,34.4,474,+8,
,"2018. 2.24",阪神,1阪1,1600万,尼崎Ｓ1600,2,2,ベストアプローチ,牡,4,川田将雅, 56 ,7,2,１, 内,芝2200,良,,(栗),藤原英昭,2140,-0.2,5,4,4,33.3,492,+10,
,"2018. 2.24",阪神,1阪1,500万,500万下,5,9,マルカブリスク,牡,5,和田竜二, 57 ,16,7,１, 内,芝2000,良,,(栗),今野貞一,2002,-0.0,11,11,11,35.3,440,-2,
,"2018. 2.24",阪神,1阪1,500万,500万下・牝,3,5,デロングスター,牝,4,川田将雅, 55 ,16,1,１, ,ダ1400,良,,(栗),藤原英昭,1252,-0.6,,5,3,37.6,460,-6,
,"2018. 2.24",阪神,1阪1,500万,500万下,4,8,ナムラシンウチ,牡,4,大山真吾, 56 ,16,12,１, ,ダ1800,良,*,(栗),福島信晴,1540,-0.2,15,11,7,37.4,520,-6,B
,"2018. 2.24",阪神,1阪1,500万,500万下*,3,3,グリム,牡,3,幸英明, 56 ,10,4,１, ,ダ1400,良,,(栗),野中賢二,1245,-0.2,,2,2,35.9,496,+4,
,"2018. 2.24",阪神,1阪1,未勝利,未勝利,7,8,アルムフォルツァ,牡,3,武豊, 56 ,11,2,１, 内,芝2000,良,,(栗),五十嵐忠,2004,-0.1,9,7,6,34.8,454,+10,
,"2018. 2.24",阪神,1阪1,新馬,新馬,8,15,トラベリング,牡,3,ルメール, 56 ,16,1,１, ,ダ1200,良,,(栗),高橋亮,1132,-0.4,,4,3,37.2,492,,
,"2018. 2.24",阪神,1阪1,未勝利,未勝利,5,9,ニホンピロレスター,牡,3,酒井学, 56 ,15,2,１, ,ダ1800,良,,(栗),服部利之,1565,-0.8,5,6,5,36.8,476,-6,
,"2018. 2.24",阪神,1阪1,未勝利,未勝利,7,14,ツブラナヒトミ,牡,3,幸英明, 56 ,16,1,１, ,ダ1200,良,,(栗),中竹和也,1134,-0.3,,2,2,37.3,486,+2,
,2017.12.28,阪神,5阪9,1600万,ファイナ1600,6,11,スマートカルロス,牡,5,松山弘平, 57 ,15,5,１, 内,芝1400,良,,(栗),浅見秀一,1213,-0.2,,13,11,34.5,480,+2,
,2017.12.28,阪神,5阪9,ｵｰﾌﾟﾝ,ベテルギ,4,8,ルールソヴァール,セ,5,幸英明, 57 ,16,4,１, ,ダ1800,稍,,(美),高木登,1520,-0.3,6,6,3,37.5,496,+2,B
,2017.12.28,阪神,5阪9,1000万,フォーチ1000,4,5,フィアーノロマーノ,牡,3,川田将雅, 55 ,13,3,１, 外,芝1600,良,,(栗),高野友和,1336,-0.3,,4,3,34.5,534,+6,
,2017.12.28,阪神,5阪9,1000万,春待月賞1000,5,9,サクセスエナジー,牡,3,松山弘平, 56 ,16,2,１, ,ダ1400,稍,,(栗),北出成人,1235,-0.0,,2,2,36.8,536,+6,
,2017.12.28,阪神,5阪9,500万,500万下,8,18,メイショウグロッケ,牝,3,古川吉洋, 54 ,18,6,１, 外,芝1600,良,,(栗),荒川義之,1352,-0.0,,2,2,34.3,466,+4,
,2017.12.28,阪神,5阪9,500万,500万下,8,16,レッドアトゥ,牝,3,福永祐一, 54 ,16,5,１, ,ダ1800,稍,,(栗),松田国英,1530,-0.8,12,12,9,37.8,458,+2,
,2017.12.28,阪神,5阪9,500万,500万下*,8,8,シャルドネゴールド,牡,2,川田将雅, 55 ,9,1,１, 内,芝2000,良,,(栗),池江泰寿,2030,-0.1,5,5,4,34.5,440,-8,
,2017.12.28,阪神,5阪9,新馬,新馬,8,14,インディチャンプ,牡,2,松若風馬, 55 ,14,1,１, 内,芝1400,良,,(栗),音無秀孝,1232,-0.0,,4,2,35.2,462,,
,2017.12.28,阪神,5阪9,新馬,新馬,8,9,ハギノフロンティア,牡,2,鮫島克駿,54☆,10,2,１, ,ダ1800,稍,,(栗),松田国英,1599,-0.2,6,7,9,37.9,512,,
,2017.12.28,阪神,5阪9,未勝利,未勝利*,6,11,インスピレーション,牡,2,横山典弘, 55 ,18,1,１, 外,芝1800,良,,(栗),昆貢,1484,-0.0,,2,2,34.3,482,-4,
,2017.12.28,阪神,5阪9,未勝利,未勝利*,3,6,ブルベアブロッコリ,牡,2,加藤祥太,54☆,16,6,１, ,ダ1400,稍,,(栗),藤沢則雄,1261,-0.0,,1,1,38.2,476,0,B
,2017.12.28,阪神,5阪9,未勝利,未勝利*,4,7,マグマ,セ,2,池添謙一, 55 ,16,5,１, ,ダ1800,稍,,(栗),渡辺薫彦,1553,-0.2,6,6,6,38.7,474,+6,
,2017.12.24,阪神,5阪8,ｵｰﾌﾟﾝ,ギャラクＨ,7,14,アキトクレッセント,牡,5,荻野極, 55 ,16,4,１, ,ダ1400,良,,(栗),清水久詞,1237,-0.2,,10,5,36.9,506,+4,
,2017.12.24,阪神,5阪8,1600万,サンタク1600,6,6,ダンビュライト,牡,3,松若風馬, 56 ,10,1,１, 内,芝2000,良,,(栗),音無秀孝,2017,-0.1,3,3,1,33.8,478,0,
,2017.12.24,阪神,5阪8,1000万,江坂特別1000,3,3,ガンコ,牡,4,藤岡佑介, 57 ,10,7,１, 外,芝2400,良,,(栗),松元茂樹,2250,-0.3,2,2,2,35.2,494,+4,
,2017.12.24,阪神,5阪8,500万,千両賞500*,7,7,サンラモンバレー,牡,2,シュミノ, 55 ,9,2,１, 外,芝1600,良,,(栗),池江泰寿,1348,-0.0,,8,6,33.0,468,0,
,2017.12.24,阪神,5阪8,1000万,1000万下,1,1,ホーリーブレイズ,牡,3,和田竜二, 56 ,10,5,１, ,ダ2000,良,,(栗),佐藤正雄,2060,-0.1,5,6,5,36.9,462,-4,
,2017.12.24,阪神,5阪8,500万,500万下,6,11,キングディグニティ,牡,3,松山弘平, 56 ,16,6,１, ,ダ1400,良,,(栗),池江泰寿,1255,-0.2,,5,5,37.2,464,+2,
,2017.12.24,阪神,5阪8,新馬,新馬,4,4,ダノンマジェスティ,牡,2,和田竜二, 55 ,9,1,１, 外,芝1800,良,,(栗),音無秀孝,1499,-0.6,,5,5,33.0,478,,
,2017.12.24,阪神,5阪8,未勝利,障害未勝利,8,14,アスターサムソン,セ,4,林満明, 60 ,14,6,１, ,ダ2970,良,,(栗),中竹和也,3214,-0.2,2,2,2,13.6,490,-2,
,2017.12.24,阪神,5阪8,未勝利,未勝利*,8,15,ウインラナキラ,牝,2,松山弘平, 54 ,16,7,１, 内,芝2000,良,,(栗),宮徹,2019,-0.2,15,15,15,34.7,402,-2,
,2017.12.24,阪神,5阪8,未勝利,未勝利*,4,8,ウィズ,牡,2,荻野極,54☆,18,2,１, 内,芝1400,良,,(栗),清水久詞,1222,-0.3,,2,2,35.3,474,+4,
,2017.12.24,阪神,5阪8,未勝利,未勝利*,4,7,エレスチャル,牝,2,古川吉洋, 54 ,16,8,１, ,ダ1200,良,*,(栗),高橋義忠,1140,-0.1,,2,2,38.2,446,+2,
,2017.12.24,阪神,5阪8,未勝利,未勝利・牝*,5,10,ケールダンセール,牝,2,松山弘平, 54 ,16,1,１, ,ダ1800,良,,(栗),池添学,1547,-0.5,2,2,2,38.3,496,0,
,2017.12.23,阪神,5阪7,1000万,1000万下,1,2,チェイスダウン,牡,4,ボウマン, 57 ,16,5,１, ,ダ1200,良,,(栗),寺島良,1118,-0.1,,6,4,36.3,490,0,
,2017.12.23,阪神,5阪7,Ｇ２,阪神カッG2,1,2,イスラボニータ,牡,6,ルメール, 57 ,18,2,１, 内,芝1400,良,,(美),栗田博憲,1195,-0.0,,7,7,33.9,482,-4,
,2017.12.23,阪神,5阪7,1600万,摩耶ＳＨ1600,4,7,ユラノト,牡,3,ルメール, 55 ,16,1,１, ,ダ1800,良,*,(栗),松田国英,1527,-0.2,2,4,4,35.7,502,+6,
,2017.12.23,阪神,5阪7,1000万,ジングル1000,4,4,インヘリットデール,牝,3,Ｃ．デム, 54 ,11,1,１, 内,芝2000,良,,(栗),高野友和,2011,-0.1,6,5,5,33.8,458,-4,
,2017.12.23,阪神,5阪7,500万,500万下,5,10,ソリティール,牡,4,ムーア, 57 ,16,1,１, ,ダ2000,良,,(栗),斉藤崇史,2065,-0.2,11,13,13,36.5,484,+4,
,2017.12.23,阪神,5阪7,500万,500万下,5,10,スプマンテ,牡,3,川田将雅, 55 ,17,1,１, 外,芝2600,良,,(栗),池江泰寿,2398,-0.2,4,5,5,34.6,484,+6,
,2017.12.23,阪神,5阪7,新馬,新馬,6,12,グレートシール,牡,2,川田将雅, 55 ,16,1,１, ,ダ1400,良,,(栗),中内田充,1265,-0.2,,3,3,37.6,490,,
,2017.12.23,阪神,5阪7,新馬,新馬,6,8,キタノコマンドール,牡,2,ルメール, 55 ,12,2,１, 内,芝2000,良,*,(栗),池江泰寿,2061,-0.0,5,5,4,33.5,494,,
,2017.12.23,阪神,5阪7,未勝利,未勝利*,2,4,ブランモンストル,牡,2,松田大作, 55 ,18,10,１, 外,芝1600,良,,(栗),中尾秀正,1347,-0.4,,4,3,34.7,506,0,
,2017.12.23,阪神,5阪7,未勝利,未勝利・牝*,2,3,キャッチミーアップ,牝,2,川田将雅, 54 ,18,1,１, 内,芝1400,良,,(栗),河内洋,1228,-0.1,,3,4,35.2,438,-6,
,2017.12.23,阪神,5阪7,未勝利,未勝利*,3,6,モズノーブルギフト,牡,2,Ｍ．デム, 55 ,16,1,１, ,ダ1800,良,,(栗),鮫島一歩,1555,-0.3,3,3,2,38.3,532,-4,
,2017.12.23,阪神,5阪7,未勝利,未勝利*,3,6,メリッサーニ,牝,2,Ｃ．デム, 54 ,16,2,１, ,ダ1400,良,,(栗),笹田和秀,1263,-0.4,,2,2,38.6,502,+2,
,2017.12.17,阪神,5阪6,1000万,妙見山特1000,4,7,ラバニーユ,牝,5,川田将雅, 55 ,16,4,１, ,ダ1400,良,,(栗),森田直行,1245,-0.1,,13,12,36.4,440,+6,
,2017.12.17,阪神,5阪6,Ｇ１,フューチG1,1,1,ダノンプレミアム,牡,2,川田将雅, 55 ,16,1,１, 外,芝1600,良,*,(栗),中内田充,1333,-0.6,,3,4,33.6,490,+8,
,2017.12.17,阪神,5阪6,1600万,元町Ｓ1600,4,7,ミエノサクシード,牝,4,和田竜二, 55 ,17,2,１, 外,芝1600,良,,(栗),高橋亮,1338,-0.2,,13,13,33.3,454,-2,
,2017.12.17,阪神,5阪6,1000万,猪名川特1000,6,10,レインボーフラッグ,牡,4,川田将雅, 57 ,15,5,１, 内,芝1400,良,,(栗),小崎憲,1212,-0.0,,9,9,34.9,464,+6,
,2017.12.17,阪神,5阪6,500万,500万下,6,11,エネルムサシ,牡,4,岩田康誠, 57 ,16,1,１, ,ダ1200,良,,(栗),高橋康之,1117,-0.4,,1,1,37.2,512,0,
,2017.12.17,阪神,5阪6,500万,500万下*,5,5,メイショウヒサカタ,牝,2,福永祐一, 54 ,10,5,１, ,ダ1200,良,,(栗),浅見秀一,1124,-0.2,,2,2,37.5,472,+10,
,2017.12.17,阪神,5阪6,新馬,新馬・牝,3,6,エアシンフォニー,牝,2,Ｃ．デム, 54 ,18,2,１, 内,芝1400,良,,(栗),角居勝彦,1222,-0.0,,12,10,34.8,466,,
,2017.12.17,阪神,5阪6,新馬,新馬,8,10,ギベオン,牡,2,Ｃ．デム, 55 ,10,1,１, 外,芝1800,良,,(栗),藤原英昭,1496,-0.1,,2,2,33.7,516,,
,2017.12.17,阪神,5阪6,未勝利,未勝利*,2,2,シャフトオブライト,牡,2,松田大作, 55 ,13,3,１, 内,芝2000,良,,(栗),北出成人,2023,-0.3,1,1,1,35.9,458,-2,
,2017.12.17,阪神,5阪6,未勝利,未勝利*,2,4,エイシンデジタル,牡,2,岩田康誠, 55 ,16,8,１, ,ダ1400,良,*,(栗),西園正都,1263,-0.1,,10,10,37.8,506,+8,
,2017.12.17,阪神,5阪6,未勝利,未勝利*,7,12,ミニョンヌヴェリテ,牡,2,福永祐一, 55 ,14,4,１, ,ダ1800,良,,(栗),中竹和也,1568,-0.1,11,11,9,38.6,548,-4,
,2017.12.17,阪神,5阪6,未勝利,未勝利*,1,1,マニクール,牝,2,ルメール, 54 ,16,1,１, ,ダ1200,良,,(栗),大久保龍,1136,-0.3,,1,1,38.2,494,+2,
,2017.12.16,阪神,5阪5,1000万,1000万下,5,6,トレクァルティスタ,セ,6,ルメール, 57 ,12,1,１, 外,芝1800,良,,(美),藤沢和雄,1471,-0.2,,7,7,33.7,480,-6,
,2017.12.16,阪神,5阪5,ｵｰﾌﾟﾝ,タンザナＨ,4,7,ミッキーラブソング,牡,6,松山弘平, 55 ,16,9,１, 内,芝1200,良,,(栗),橋口慎介,1088,-0.0,,4,4,33.8,468,+4,
,2017.12.16,阪神,5阪5,1000万,赤穂特別1000,2,3,キーグラウンド,牡,3,岩田康誠, 56 ,15,5,１, ,ダ1800,良,,(栗),宮徹,1529,-0.0,3,3,2,37.5,492,-2,
,2017.12.16,阪神,5阪5,500万,さざんか500*,6,6,アンフィトリテ,牝,2,ルメール, 54 ,10,1,１, 内,芝1200,良,,(美),宗像義忠,1100,-0.0,,6,5,34.7,466,+2,
,2017.12.16,阪神,5阪5,500万,500万下,1,1,メイショウテムズ,牡,3,幸英明, 56 ,16,6,１, ,ダ1800,良,,(栗),庄野靖志,1536,-0.1,9,8,8,37.9,504,+8,
,2017.12.16,阪神,5阪5,500万,500万下,8,16,メンターモード,牡,3,ルメール, 56 ,16,2,１, ,ダ1400,良,,(栗),藤岡健一,1253,-0.1,,4,4,38.0,510,0,
,2017.12.16,阪神,5阪5,新馬,新馬,8,15,クリノイダテン,牡,2,福永祐一, 55 ,15,2,１, ,ダ1200,良,,(栗),谷潔,1138,-0.3,,3,4,37.5,438,,
,2017.12.16,阪神,5阪5,新馬,新馬,2,2,ダイアトニック,牡,2,ルメール, 55 ,13,2,１, 外,芝1600,良,,(栗),安田隆行,1366,-0.0,,7,11,33.6,468,,
,2017.12.16,阪神,5阪5,未勝利,未勝利*,7,10,リシュブール,牡,2,Ｍ．デム, 55 ,13,2,１, 外,芝1800,良,,(栗),藤原英昭,1481,-0.1,,7,4,33.9,464,+4,
,2017.12.16,阪神,5阪5,未勝利,未勝利*,4,7,オメガラヴィサン,牡,2,ルメール, 55 ,15,2,１, 外,芝1600,良,,(栗),安田隆行,1353,-0.2,,9,6,33.9,476,+6,
,2017.12.16,阪神,5阪5,未勝利,未勝利*,6,8,ゴッドスパロウ,牡,2,ルメール, 55 ,13,1,１, ,ダ1800,良,,(栗),角田晃一,1556,-0.0,6,4,2,37.6,540,+6,
,2017.12.16,阪神,5阪5,未勝利,未勝利*,6,9,セパヌイール,牝,2,福永祐一, 54 ,13,7,１, ,ダ1200,良,,(栗),松元茂樹,1133,-0.0,,2,2,37.3,446,+6,
,2017.12.10,阪神,5阪4,1000万,高砂特別1000,2,3,ヤマニンアンプリメ,牝,3,鮫島良太, 54 ,15,9,１, ,ダ1200,良,,(栗),中村均,1115,-0.2,,2,2,35.9,472,+10,
,2017.12.10,阪神,5阪4,Ｇ１,阪神ジュG1,6,11,ラッキーライラック,牝,2,石橋脩, 54 ,18,2,１, 外,芝1600,良,,(栗),松永幹夫,1343,-0.1,,8,8,33.7,484,-2,
,2017.12.10,阪神,5阪4,1600万,堺Ｓ1600,2,2,アドマイヤランディ,牡,6,Ｃ．デム, 57 ,11,6,１, ,ダ1800,良,,(栗),須貝尚介,1530,-0.0,9,9,10,35.9,528,+2,
,2017.12.10,阪神,5阪4,1000万,境港特Ｈ1000,5,5,エアウィンザー,牡,3,Ｃ．デム, 55 ,10,1,１, 内,芝2200,良,,(栗),角居勝彦,2166,-0.3,2,2,2,33.6,498,+2,
,2017.12.10,阪神,5阪4,500万,500万下,1,1,エルプシャフト,牡,4,Ｃ．デム, 57 ,14,1,１, 外,芝1800,良,,(栗),角居勝彦,1481,-0.1,,7,8,32.9,458,+10,
,2017.12.10,阪神,5阪4,500万,500万下,3,3,キングジュエリー,牡,4,川田将雅, 57 ,10,5,１, ,ダ1800,良,,(栗),角居勝彦,1539,-0.0,1,1,1,37.2,538,0,B
,2017.12.10,阪神,5阪4,新馬,新馬・牝,1,1,メイショウコゴミ,牝,2,幸英明, 54 ,16,3,１, ,ダ1400,良,,(栗),飯田祐史,1270,-0.0,,7,8,37.4,434,,
,2017.12.10,阪神,5阪4,新馬,新馬,3,3,ラルムドール,牡,2,ルメール, 55 ,10,2,１, 外,芝1800,良,,(栗),松元茂樹,1503,-0.1,,6,5,33.8,512,,
,2017.12.10,阪神,5阪4,未勝利,未勝利*,7,14,メジャーレート,牡,2,川田将雅, 55 ,16,3,１, 内,芝1200,良,,(栗),斉藤崇史,1103,-0.1,,4,2,34.5,438,0,B
,2017.12.10,阪神,5阪4,未勝利,未勝利・牝*,8,15,ノーブルカリナン,牝,2,Ｃ．デム, 54 ,17,3,１, 外,芝1800,良,,(栗),友道康夫,1486,-0.1,,8,8,34.1,444,+6,
,2017.12.10,阪神,5阪4,未勝利,未勝利*,7,14,スマハマ,牡,2,藤岡佑介, 55 ,16,3,１, ,ダ1800,良,,(栗),高橋亮,1547,-1.0,1,1,1,37.7,536,+6,
,2017.12.10,阪神,5阪4,未勝利,未勝利*,5,8,カタトゥンボ,牡,2,松岡正海, 55 ,15,12,１, ,ダ1200,良,,(栗),牧田和弥,1138,-0.2,,14,13,36.2,480,-2,
,"2017.12. 9",阪神,5阪3,1000万,1000万下,4,4,ソーグリッタリング,牡,3,Ｍ．デム, 56 ,12,1,１, 外,芝1600,良,,(栗),池江泰寿,1355,-0.2,,6,4,33.6,488,+2,
,"2017.12. 9",阪神,5阪3,ｵｰﾌﾟﾝ,リゲルＳ,1,1,レッドアンシェル,牡,3,福永祐一, 55 ,13,4,１, 外,芝1600,良,,(栗),庄野靖志,1332,-0.2,,3,4,33.8,456,+12,
,"2017.12. 9",阪神,5阪3,1600万,オリオＨ1600,8,10,レジェンドセラー,牡,3,ルメール, 54 ,11,1,１, 外,芝2400,良,,(美),木村哲也,2291,-0.0,7,7,4,33.5,532,+8,
,"2017.12. 9",阪神,5阪3,500万,樅の木賞500*,8,8,ワークアンドラブ,牡,2,岩田康誠, 55 ,8,5,１, ,ダ1800,良,,(栗),田所秀孝,1544,-0.0,8,8,8,37.8,470,-2,B
,"2017.12. 9",阪神,5阪3,1000万,1000万下,8,10,ユラノト,牡,3,ルメール, 56 ,11,1,１, ,ダ1800,良,,(栗),松田国英,1526,-0.6,2,2,2,36.7,496,+8,
,"2017.12. 9",阪神,5阪3,500万,500万下,7,14,ライオネルカズマ,牡,3,秋山真一, 56 ,16,4,１, ,ダ1400,良,,(栗),西浦勝一,1255,-0.0,,3,3,38.2,500,-10,B
,"2017.12. 9",阪神,5阪3,新馬,新馬,4,4,ウェルカムゴールド,牡,2,岩田康誠, 55 ,9,2,１, ,ダ1800,良,,(栗),西村真幸,1548,-0.7,7,7,4,37.3,512,,
,"2017.12. 9",阪神,5阪3,新馬,新馬,2,2,ベルガド,牡,2,高倉稜, 55 ,15,8,１, 内,芝1200,良,*,(栗),森田直行,1103,-0.1,,3,5,34.8,464,,
,"2017.12. 9",阪神,5阪3,未勝利,未勝利*,1,1,リュヌルージュ,牝,2,福永祐一, 54 ,14,7,１, 内,芝2000,良,,(栗),斉藤崇史,2023,-0.2,1,2,2,35.5,446,-2,
,"2017.12. 9",阪神,5阪3,未勝利,未勝利*,8,13,バーンフライ,牡,2,岩田康誠, 55 ,13,1,１, ,ダ1800,良,,(栗),矢作芳人,1550,-0.0,3,3,3,37.7,478,0,
,"2017.12. 9",阪神,5阪3,未勝利,未勝利*,5,6,エンジェルウィング,牝,2,川田将雅, 54 ,13,2,１, ,ダ1400,良,,(栗),牧田和弥,1269,-0.1,,2,2,37.3,518,+2,
,"2017.12. 9",阪神,5阪3,未勝利,未勝利・牝*,5,6,ダンツチョイス,牝,2,ルメール, 54 ,13,2,１, ,ダ1200,良,,(栗),本田優,1134,-0.1,,7,7,36.4,448,0,
,"2017.12. 3",阪神,5阪2,1000万,1000万下,6,8,パーリオミノル,牝,4,北村友一, 55 ,13,4,１, 内,芝1200,良,,(栗),北出成人,1083,-0.2,,6,5,34.3,448,-2,
,"2017.12. 3",阪神,5阪2,1600万,逆瀬川Ｈ1600,5,5,サトノアリシア,牝,3,池添謙一, 53 ,11,6,１, 外,芝1800,良,,(栗),平田修,1464,-0.0,,2,3,33.5,478,+2,
,"2017.12. 3",阪神,5阪2,1000万,姫路特Ｈ1000,3,3,ワイルドカード,牡,3,Ｍ．デム, 55 ,14,1,１, ,ダ1800,良,,(美),木村哲也,1517,-0.5,4,4,4,37.0,542,-4,
,"2017.12. 3",阪神,5阪2,500万,万両賞500*,8,9,ヒシコスマー,牡,2,幸英明, 55 ,9,8,１, 内,芝1400,良,,(栗),清水久詞,1216,-0.3,,9,6,34.7,478,+2,
,"2017.12. 3",阪神,5阪2,500万,500万下,4,8,グランドポピー,牝,5,森裕太朗,53△,16,5,１, ,ダ1200,良,*,(栗),岩元市三,1120,-0.6,,2,2,37.0,490,+8,
,"2017.12. 3",阪神,5阪2,500万,500万下・牝,6,6,フォンターナリーリ,牝,4,川田将雅, 55 ,11,1,１, ,ダ1800,良,,(栗),中内田充,1523,-1.1,5,4,2,37.1,488,-2,
,"2017.12. 3",阪神,5阪2,未勝利,未勝利*,3,6,ロードアクシス,牡,2,松若風馬, 55 ,16,6,１, 外,芝1800,良,,(栗),奥村豊,1480,-0.1,,2,2,34.9,452,-4,
,"2017.12. 3",阪神,5阪2,新馬,新馬,4,7,アンコールプリュ,牝,2,Ｍ．デム, 54 ,15,1,１, 外,芝1600,良,,(栗),友道康夫,1359,-0.1,,3,4,35.3,426,,
,"2017.12. 3",阪神,5阪2,未勝利,障害未勝利,5,7,モズカタクラ,牡,3,熊沢重文, 58 ,14,9,１, ,ダ2970,良,,(栗),高橋亮,3210,-0.4,1,1,1,13.5,466,+6,
,"2017.12. 3",阪神,5阪2,未勝利,未勝利*,1,1,イチネンプリンス,牡,2,Ｍ．デム, 55 ,16,1,１, ,ダ1400,良,,(栗),吉田直弘,1272,-0.0,,9,9,38.4,456,-2,
,"2017.12. 3",阪神,5阪2,未勝利,未勝利*,2,3,タイキサターン,牡,2,Ｍ．デム, 55 ,16,1,１, ,ダ1200,良,,(栗),高野友和,1132,-0.3,,3,3,37.2,484,+10,
,"2017.12. 3",阪神,5阪2,未勝利,未勝利・牝*,4,4,マリアスパン,牝,2,幸英明, 54 ,12,1,１, ,ダ1800,良,,(栗),大橋勇樹,1560,-0.0,2,2,2,38.1,476,-2,
,"2017.12. 2",阪神,5阪1,1000万,1000万下,8,16,アディラート,牡,3,ルメール, 56 ,16,1,１, ,ダ1400,良,,(栗),須貝尚介,1229,-0.7,,2,1,36.5,496,+4,B
,"2017.12. 2",阪神,5阪1,Ｇ３,チャレンG3,3,3,サトノクロニクル,牡,3,Ｍ．デム, 55 ,12,1,１, 内,芝2000,良,,(栗),池江泰寿,1586,-0.0,4,3,4,34.9,454,-10,
,"2017.12. 2",阪神,5阪1,1600万,御影Ｓ1600,3,5,プレスティージオ,牡,4,浜中俊, 57 ,15,3,１, ,ダ1400,良,,(栗),大根田裕,1241,-0.0,,1,1,37.0,492,+8,B
,"2017.12. 2",阪神,5阪1,500万,シクラメ500*,5,5,オブセッション,牡,2,ルメール, 55 ,7,2,１, 外,芝1800,良,,(美),藤沢和雄,1456,-0.7,,6,6,33.5,510,-6,
,"2017.12. 2",阪神,5阪1,1000万,1000万下,3,3,ペイドメルヴェイユ,牝,3,ルメール, 54 ,9,2,１, 内,芝2000,良,,(美),藤沢和雄,1598,-0.0,4,5,5,34.8,470,-8,
,"2017.12. 2",阪神,5阪1,500万,500万下,2,2,フリーフリッカー,牡,3,横山典弘, 56 ,9,4,１, ,ダ2000,良,,(栗),安田隆行,2049,-0.0,3,3,4,37.8,472,+2,
,"2017.12. 2",阪神,5阪1,新馬,新馬,8,15,メイショウイサナ,牡,2,武豊, 55 ,15,5,１, ,ダ1400,良,,(栗),南井克巳,1256,-0.0,,5,5,36.6,508,,
,"2017.12. 2",阪神,5阪1,新馬,新馬,7,8,ヴェルテアシャフト,牡,2,Ｍ．デム, 55 ,10,1,１, 内,芝2000,良,,(栗),池江泰寿,2031,-0.3,1,1,1,34.6,492,,
,"2017.12. 2",阪神,5阪1,未勝利,未勝利*,4,5,エアアルマス,牡,2,ルメール, 55 ,13,1,１, 外,芝1600,良,,(栗),池添学,1342,-0.7,,3,3,33.8,464,-2,
,"2017.12. 2",阪神,5阪1,未勝利,未勝利*,2,3,ロードラズライト,セ,2,ルメール, 55 ,18,1,１, 内,芝1400,良,,(栗),浅見秀一,1221,-0.6,,1,1,34.6,442,-2,
,"2017.12. 2",阪神,5阪1,未勝利,未勝利*,5,6,ロイヤルバローズ,牡,2,Ｃ．デム, 55 ,12,3,１, ,ダ1800,良,,(栗),角居勝彦,1544,-0.9,1,1,1,37.8,458,0,
,"2017.12. 2",阪神,5阪1,未勝利,未勝利*,1,1,ダンケシェーン,牡,2,横山典弘, 55 ,14,1,１, ,ダ1400,良,,(栗),昆貢,1256,-0.5,,1,1,37.8,478,+6,
,"2017.10. 1",阪神,4阪9,1000万,1000万下,8,16,ジュンスパーヒカル,牡,5,和田竜二, 57 ,16,3,１, ,ダ1800,良,,(栗),友道康夫,1522,-0.9,6,4,2,37.9,474,+8,
,"2017.10. 1",阪神,4阪9,ｵｰﾌﾟﾝ,ポートア,8,12,ムーンクレスト,牡,5,藤岡佑介, 56 ,13,9,１, 外,芝1600,良,,(栗),本田優,1330,-0.2,,2,2,34.3,476,+2,
,"2017.10. 1",阪神,4阪9,1600万,道頓堀Ｓ1600,5,7,アットザシーサイド,牝,4,四位洋文, 55 ,14,1,１, 内,芝1200,良,,(栗),浅見秀一,1084,-0.0,,4,3,33.8,438,-2,
,"2017.10. 1",阪神,4阪9,1000万,兵庫特Ｈ1000,7,7,エクセレントミスズ,牡,4,国分恭介, 54 ,7,5,１, 外,芝2400,良,,(栗),加藤敬二,2257,-0.3,1,1,1,36.1,464,0,
,"2017.10. 1",阪神,4阪9,500万,500万下,6,10,テンモース,牝,3,秋山真一, 53 ,15,1,１, ,ダ1200,良,,(栗),飯田祐史,1118,-0.1,,8,7,36.5,460,+12,
,"2017.10. 1",阪神,4阪9,500万,500万下,7,13,トレジャートローヴ,牡,4,坂井瑠星,56☆,18,4,１, 外,芝1800,良,,(栗),矢作芳人,1456,-0.0,,13,12,33.7,448,+12,
,"2017.10. 1",阪神,4阪9,500万,500万下・牝,1,1,ウォーターピオニー,牝,4,和田翼,54☆,16,1,１, ,ダ1400,良,,(栗),河内洋,1244,-0.0,,12,10,36.6,452,+22,
,"2017.10. 1",阪神,4阪9,新馬,新馬,7,7,アルモニカ,牝,2,松若風馬, 54 ,10,1,１, 内,芝1400,良,,(栗),西村真幸,1222,-0.5,,2,2,34.5,420,,
,"2017.10. 1",阪神,4阪9,未勝利,障害未勝利,7,11,ゴールドバンカー,牡,5,石神深一, 60 ,13,1,１, ,ダ2970,良,,(美),伊藤正徳,3231,-0.6,1,1,1,13.7,448,-6,
,"2017.10. 1",阪神,4阪9,未勝利,未勝利,5,10,シンゼンムサシ,牡,3,四位洋文, 56 ,16,4,１, ,ダ1800,良,,(栗),飯田祐史,1546,-0.4,5,3,3,37.5,440,-6,
,"2017.10. 1",阪神,4阪9,未勝利,未勝利*,7,7,シエラネバダ,牡,2,和田竜二, 54 ,9,4,１, 内,芝2000,良,,(栗),音無秀孝,2022,-0.2,5,6,5,35.0,502,+16,
,"2017.10. 1",阪神,4阪9,未勝利,未勝利*,6,8,オノリス,牡,2,小牧太, 54 ,13,4,１, ,ダ1800,良,,(栗),吉田直弘,1552,-0.8,3,4,2,38.9,494,-8,
,"2017. 9.30",阪神,4阪8,500万,500万下,6,12,ジョーマイク,セ,4,国分恭介, 57 ,18,10,１, 内,芝1400,良,,(栗),中竹和也,1205,-0.2,,10,8,34.2,460,+4,
,"2017. 9.30",阪神,4阪8,Ｇ３,シリウスＨG3,2,4,メイショウスミトモ,牡,6,古川吉洋, 55 ,16,11,１, ,ダ2000,良,,(栗),南井克巳,2039,-0.0,7,9,7,36.8,478,+6,
,"2017. 9.30",阪神,4阪8,1000万,芦屋川特1000,8,15,グレイトチャーター,牡,5,Ｍ．デム, 57 ,16,1,１, 内,芝1200,良,,(栗),鮫島一歩,1089,-0.0,,5,3,33.7,494,+14,
,"2017. 9.30",阪神,4阪8,500万,ヤマボウ500*,4,5,ドンフォルティス,牡,2,武豊, 54 ,13,2,１, ,ダ1400,良,,(栗),牧浦充徳,1250,-0.5,,8,8,36.8,486,-6,
,"2017. 9.30",阪神,4阪8,500万,500万下,4,8,セルリアンアラシ,牡,3,菱田裕二, 54 ,16,10,１, ,ダ1800,良,,(栗),飯田雄三,1530,-0.2,1,1,1,37.9,482,0,
,"2017. 9.30",阪神,4阪8,500万,500万下,8,16,メイショウカミシマ,牡,3,松若風馬, 54 ,18,3,１, 外,芝2600,良,,(栗),石橋守,2405,-0.1,2,2,2,35.0,454,+4,
,"2017. 9.30",阪神,4阪8,新馬,新馬,6,6,メイショウワザシ,牡,2,秋山真一, 54 ,6,1,１, ,ダ1800,良,,(栗),南井克巳,1559,-0.6,2,2,2,36.5,528,,
,"2017. 9.30",阪神,4阪8,新馬,新馬,8,11,アドマイヤキング,牡,2,Ｍ．デム, 54 ,11,1,１, 外,芝1800,良,,(栗),友道康夫,1499,-0.3,,4,2,34.1,530,,
,"2017. 9.30",阪神,4阪8,未勝利,未勝利,2,3,ハートフルタイム,牡,3,武豊, 56 ,16,1,１, ,ダ1400,良,,(栗),牧浦充徳,1256,-0.7,,8,4,38.2,500,0,
,"2017. 9.30",阪神,4阪8,未勝利,未勝利*,7,7,ヘンリーバローズ,牡,2,Ｍ．デム, 54 ,9,1,１, 外,芝1800,良,,(栗),角居勝彦,1475,-0.7,,1,1,33.8,486,-2,
,"2017. 9.30",阪神,4阪8,未勝利,未勝利*,5,5,グローバルリーチ,牡,2,岩田康誠, 54 ,9,3,１, 内,芝1200,良,,(栗),高橋康之,1103,-0.2,,7,7,34.4,452,-4,
,"2017. 9.30",阪神,4阪8,未勝利,未勝利*,4,4,ユニオンローズ,牡,2,岩田康誠, 54 ,12,2,１, ,ダ1400,良,,(栗),牧田和弥,1251,-1.2,,1,1,37.4,448,-4,
,"2017. 9.24",阪神,4阪7,1000万,1000万下,2,3,ファッショニスタ,牝,3,川田将雅, 53 ,16,2,１, ,ダ1400,良,,(栗),安田隆行,1234,-0.1,,3,3,36.7,488,0,
,"2017. 9.24",阪神,4阪7,Ｇ２,神戸新聞G2,5,8,レイデオロ,牡,3,ルメール, 56 ,14,1,１, 外,芝2400,良,,(美),藤沢和雄,2246,-0.3,4,3,3,34.1,476,-4,
,"2017. 9.24",阪神,4阪7,1600万,ムーンＨ1600,1,1,キンショーユキヒメ,牝,4,和田竜二, 53 ,14,3,１, 内,芝2000,良,,(栗),中村均,2006,-0.0,6,5,6,34.6,512,+6,
,"2017. 9.24",阪神,4阪7,1000万,甲東特Ｈ1000,1,1,ムーンクエイク,セ,4,ルメール, 57 ,9,1,１, 外,芝1600,良,,(美),藤沢和雄,1329,-0.4,,2,2,33.5,494,+2,
,"2017. 9.24",阪神,4阪7,500万,500万下,6,12,タマモアタック,牡,5,小牧太, 57 ,16,2,１, ,ダ1800,良,,(栗),佐藤正雄,1525,-0.3,2,4,2,36.7,478,-2,
,"2017. 9.24",阪神,4阪7,500万,500万下,8,17,モズアスコット,牡,3,ルメール, 55 ,18,2,１, 外,芝1600,良,,(栗),矢作芳人,1327,-0.6,,5,6,33.9,486,+8,
,"2017. 9.24",阪神,4阪7,新馬,新馬,3,5,オペラグローブ,牝,2,川田将雅, 54 ,16,2,１, ,ダ1400,良,,(栗),中内田充,1266,-0.0,,1,1,38.9,478,,
,"2017. 9.24",阪神,4阪7,新馬,新馬,5,5,ドンアルゴス,牡,2,加藤祥太,53☆,8,6,１, 内,芝2000,良,,(栗),庄野靖志,2028,-0.1,3,2,2,34.0,496,,
,"2017. 9.24",阪神,4阪7,未勝利,障害未勝利,5,7,ダンツキャンサー,牝,6,植野貴也, 58 ,13,4,１, ,ダ2970,良,,(栗),谷潔,3194,-0.6,2,1,1,13.4,486,-4,
,"2017. 9.24",阪神,4阪7,未勝利,未勝利,8,16,ジューンアンカー,牡,3,高田潤, 56 ,16,12,１, ,ダ1800,良,,(栗),湯窪幸雄,1544,-0.0,3,7,6,37.2,454,+4,B
,"2017. 9.24",阪神,4阪7,未勝利,未勝利*,3,3,ダノンスマッシュ,牡,2,福永祐一, 54 ,13,1,１, 内,芝1400,良,,(栗),安田隆行,1219,-0.3,,7,5,34.4,462,-4,
,"2017. 9.24",阪神,4阪7,未勝利,未勝利*,6,8,ソリストサンダー,牡,2,高倉稜, 54 ,13,1,１, ,ダ1200,良,,(栗),佐藤正雄,1127,-0.2,,8,4,36.5,470,+4,
,"2017. 9.23",阪神,4阪6,500万,500万下,5,10,エアウィンザー,牡,3,Ｍ．デム, 54 ,16,1,１, 内,芝2000,良,,(栗),角居勝彦,2025,-0.2,5,5,2,33.8,492,0,
,"2017. 9.23",阪神,4阪6,1600万,大阪スポ1600,4,7,サトノファンタシー,牡,4,Ｍ．デム, 57 ,16,1,１, ,ダ1400,良,,(栗),松田国英,1235,-0.1,,3,3,36.5,484,+4,
,"2017. 9.23",阪神,4阪6,1000万,夕月特別1000,7,10,レーヌドブリエ,牝,5,川田将雅, 55 ,13,5,１, 外,芝1800,良,,(栗),矢作芳人,1464,-0.1,,8,8,33.7,442,+4,
,"2017. 9.23",阪神,4阪6,ｵｰﾌﾟﾝ,ききょう,8,11,タワーオブロンドン,牡,2,ルメール, 54 ,11,1,１, 内,芝1400,良,,(美),藤沢和雄,1217,-0.6,,9,7,35.2,512,-10,
,"2017. 9.23",阪神,4阪6,500万,500万下,5,10,アポロテキサス,セ,4,和田竜二, 57 ,16,3,１, ,ダ2000,良,,(栗),山内研二,2052,-0.5,3,4,4,38.3,494,+2,
,"2017. 9.23",阪神,4阪6,500万,500万下,5,10,ドライヴナイト,牡,4,藤岡佑介, 57 ,16,2,１, ,ダ1400,良,,(栗),奥村豊,1241,-0.0,,3,3,36.3,520,+4,
,"2017. 9.23",阪神,4阪6,未勝利,未勝利,8,16,クリスタルバブルス,牡,3,岩田康誠, 56 ,16,2,１, ,ダ1800,良,,(栗),加用正,1541,-0.2,2,2,2,38.1,456,+2,B
,"2017. 9.23",阪神,4阪6,新馬,新馬,4,4,トンボイ,牝,2,酒井学, 54 ,10,2,１, 内,芝1200,良,,(栗),西園正都,1109,-0.4,,1,1,34.1,422,,
,"2017. 9.23",阪神,4阪6,未勝利,未勝利,6,11,コンテンポラリー,牡,3,福永祐一, 56 ,16,3,１, ,ダ1200,稍,,(栗),野中賢二,1125,-0.0,,2,2,37.3,454,-10,
,"2017. 9.23",阪神,4阪6,未勝利,未勝利*,7,7,マイスターシャーレ,牡,2,ルメール, 54 ,10,1,１, 外,芝1800,良,,(栗),松田国英,1482,-0.0,,5,5,33.6,474,0,
,"2017. 9.23",阪神,4阪6,未勝利,未勝利・牝*,4,4,サヤカチャン,牝,2,坂井瑠星,53☆,12,5,１, 外,芝1600,良,,(栗),田所秀孝,1359,-0.1,,1,1,34.5,450,+6,
,"2017. 9.23",阪神,4阪6,未勝利,未勝利*,8,12,ビッグスモーキー,牡,2,ルメール, 54 ,12,1,１, ,ダ1800,稍,,(栗),清水久詞,1547,-0.8,5,4,1,37.6,532,0,
,"2017. 9.18",阪神,4阪5,500万,500万下,5,7,ラバピエス,牡,3,和田竜二, 54 ,14,5,１, ,ダ1800,稍,,(栗),大久保龍,1533,-0.2,5,6,8,38.2,496,-2,
,"2017. 9.18",阪神,4阪5,1600万,仲秋ＳＨ1600,7,10,サングレーザー,牡,3,福永祐一, 54 ,12,1,１, 内,芝1400,稍,,(栗),浅見秀一,1213,-0.2,,11,11,34.0,474,-8,
,"2017. 9.18",阪神,4阪5,1000万,吹田特別1000,7,9,クリノリトミシュル,牝,4,酒井学, 55 ,12,1,１, ,ダ1800,稍,,(栗),渡辺薫彦,1517,-0.3,9,8,6,36.5,502,+10,
,"2017. 9.18",阪神,4阪5,500万,甲武特別500,3,3,チェスナットコート,牡,3,坂井瑠星, 54 ,10,2,１, 外,芝2400,稍,,(栗),矢作芳人,2287,-0.0,7,6,6,34.1,452,-4,
,"2017. 9.18",阪神,4阪5,500万,500万下,2,4,スペードクイーン,牝,4,幸英明, 55 ,16,5,１, 内,芝1200,稍,,(栗),西村真幸,1091,-0.0,,6,5,34.6,466,-2,
,"2017. 9.18",阪神,4阪5,500万,500万下・牝,5,9,マルカソレイユ,牝,3,福永祐一, 53 ,16,1,１, ,ダ1400,稍,,(栗),今野貞一,1245,-0.3,,5,4,36.6,466,0,
,"2017. 9.18",阪神,4阪5,新馬,新馬,6,6,サクラアリュール,牡,2,福永祐一, 54 ,10,5,１, ,ダ1800,稍,,(栗),村山明,1551,-0.1,3,3,2,37.3,452,,
,"2017. 9.18",阪神,4阪5,新馬,新馬・牝,4,4,ボウルズ,牝,2,小牧太, 54 ,9,2,１, 外,芝1600,稍,,(栗),小崎憲,1383,-0.0,,9,8,33.5,454,,
,"2017. 9.18",阪神,4阪5,未勝利,未勝利,6,12,アバルラータ,牝,3,森裕太朗,51▲,18,2,１, 外,芝1800,重,,(栗),鮫島一歩,1476,-0.2,,8,5,34.7,446,+4,
,"2017. 9.18",阪神,4阪5,未勝利,未勝利,2,3,デロングスター,牝,3,川田将雅, 54 ,16,7,１, ,ダ1200,重,,(栗),藤原英昭,1114,-0.2,,2,3,36.2,460,-4,
,"2017. 9.18",阪神,4阪5,未勝利,未勝利*,3,3,タニノフランケル,牡,2,福永祐一, 54 ,7,1,１, 内,芝2000,重,,(栗),角居勝彦,2047,-0.2,1,1,1,35.2,526,-2,
,"2017. 9.18",阪神,4阪5,未勝利,未勝利*,6,6,ディライトプロミス,牝,2,川田将雅, 54 ,11,1,１, ,ダ1400,重,,(栗),池添学,1258,-0.8,,5,3,38.3,452,-4,
,"2017. 9.17",阪神,4阪4,500万,500万下,1,1,サフランハート,牡,4,福永祐一, 57 ,18,2,１, 内,芝1400,良,,(栗),北出成人,1226,-0.0,,11,13,33.6,444,-8,
,"2017. 9.17",阪神,4阪4,Ｇ２,ローズＳG2,7,14,ラビットラン,牝,3,和田竜二, 54 ,18,8,１, 外,芝1800,良,*,(栗),角居勝彦,1455,-0.2,,13,13,33.5,444,+4,
,"2017. 9.17",阪神,4阪4,1000万,能勢特別1000,2,2,ロードアルバータ,牡,3,ルメール, 54 ,11,2,１, 内,芝2000,良,,(栗),角居勝彦,2012,-0.1,8,6,8,34.4,438,-14,
,"2017. 9.17",阪神,4阪4,1000万,夙川特別1000,7,13,オアシスクイーン,牝,3,幸英明, 53 ,16,1,１, ,ダ1200,重,,(栗),佐藤正雄,1111,-0.2,,5,6,35.4,478,-6,
,"2017. 9.17",阪神,4阪4,500万,500万下,4,6,クリノヤマトノオー,牡,3,和田竜二, 54 ,15,4,１, 外,芝1800,良,,(栗),高橋義忠,1473,-0.0,,3,3,33.7,448,+2,
,"2017. 9.17",阪神,4阪4,500万,500万下・牝,6,11,エオリア,牝,3,菱田裕二, 52 ,16,7,１, ,ダ1800,重,,(栗),角田晃一,1526,-0.1,14,12,11,36.8,482,+22,
,"2017. 9.17",阪神,4阪4,500万,500万下,4,8,メイショウブレナム,牡,3,池添謙一, 55 ,16,5,１, ,ダ1200,重,,(栗),飯田祐史,1118,-0.1,,2,2,36.1,466,+8,
,"2017. 9.17",阪神,4阪4,新馬,新馬,3,3,リュクスポケット,牡,2,藤岡佑介, 54 ,14,8,１, 外,芝1800,稍,,(栗),庄野靖志,1477,-0.0,,1,1,34.8,500,,
,"2017. 9.17",阪神,4阪4,未勝利,未勝利,4,7,スズカマイゲスト,牡,3,鮫島克駿,55☆,16,3,１, ,ダ1800,重,,(栗),橋田満,1551,-0.4,4,4,4,36.7,482,+2,
,"2017. 9.17",阪神,4阪4,未勝利,未勝利*,8,14,メイショウドウドウ,牡,2,川島信二, 54 ,15,4,１, 内,芝1200,稍,,(栗),荒川義之,1106,-0.0,,15,13,34.0,456,-10,
,"2017. 9.17",阪神,4阪4,未勝利,未勝利*,8,8,フィールシュパース,牡,2,田辺裕信, 54 ,8,3,１, ,ダ1800,重,,(栗),中竹和也,1551,-0.1,8,7,5,37.4,520,+22,
,"2017. 9.17",阪神,4阪4,未勝利,未勝利・牝*,4,4,レディバード,牝,2,Ｍ．デム, 54 ,11,1,１, ,ダ1400,重,,(栗),小崎憲,1260,-0.5,,3,3,37.6,468,+8,
,"2017. 9.16",阪神,4阪3,500万,500万下・牝,5,8,アロマドゥルセ,牝,3,松若風馬, 52 ,15,5,１, 内,芝2000,重,,(栗),音無秀孝,2020,-0.3,12,13,7,34.8,420,-8,
,"2017. 9.16",阪神,4阪3,1600万,オークラ1600,6,11,ドラゴンバローズ,牡,5,和田竜二, 57 ,16,1,１, ,ダ1800,重,,(栗),渡辺薫彦,1509,-0.2,6,3,4,36.4,504,-2,
,"2017. 9.16",阪神,4阪3,1000万,瀬戸内海1000,1,1,スターオブペルシャ,セ,4,ルメール, 57 ,13,1,１, 内,芝1400,重,,(美),藤沢和雄,1216,-0.2,,5,5,35.0,500,-2,
,"2017. 9.16",阪神,4阪3,ｵｰﾌﾟﾝ,野路菊Ｓ,2,2,ワグネリアン,牡,2,福永祐一, 54 ,9,1,１, 外,芝1800,重,,(栗),友道康夫,1493,-0.4,,7,6,33.0,450,0,
,"2017. 9.16",阪神,4阪3,ＪＧ３,阪神ジャJG3,5,5,アップトゥデイト,牡,7,林満明, 62 ,7,1,１, ,芝3140,稍,,(栗),佐々木晶,3293,-1.0,1,1,1,13.3,524,-2,
,"2017. 9.16",阪神,4阪3,500万,500万下,4,7,セネッティ,牡,4,Ｍ．デム, 57 ,16,2,１, ,ダ1400,稍,,(栗),音無秀孝,1246,-0.1,,15,14,36.1,496,-6,
,"2017. 9.16",阪神,4阪3,500万,500万下,6,8,キーグラウンド,牡,3,藤岡康太, 54 ,12,4,１, ,ダ1800,稍,,(栗),宮徹,1525,-0.1,2,2,2,37.2,480,+12,
,"2017. 9.16",阪神,4阪3,新馬,新馬,5,5,ハゼル,牡,2,和田竜二, 54 ,10,3,１, 内,芝1400,稍,,(栗),鈴木孝志,1239,-0.1,,1,1,35.2,486,,
,"2017. 9.16",阪神,4阪3,未勝利,未勝利,6,11,トウカイクルーク,牝,3,富田暁,51▲,16,6,１, ,ダ1400,稍,,(栗),安田隆行,1265,-0.1,,10,8,38.1,450,+10,
,"2017. 9.16",阪神,4阪3,未勝利,未勝利・牝,5,10,エイシンムジカ,牝,3,ルメール, 54 ,16,1,１, ,ダ1800,稍,,(栗),西園正都,1543,-0.4,9,6,4,37.8,484,+6,
,"2017. 9.16",阪神,4阪3,未勝利,未勝利*,5,5,タイムフライヤー,牡,2,ルメール, 54 ,6,2,１, 外,芝1800,稍,,(栗),松田国英,1503,-0.1,,2,2,33.3,458,+2,
,"2017. 9.16",阪神,4阪3,未勝利,未勝利*,6,9,ヤマニンレジスタ,牡,2,小坂忠士, 54 ,14,5,１, ,ダ1200,稍,,(栗),奥村豊,1124,-0.1,,1,1,37.0,474,-4,
,"2017. 9.10",阪神,4阪2,500万,500万下,3,4,エンヴァール,牡,4,福永祐一, 57 ,14,1,１, 外,芝1600,良,,(栗),藤原英昭,1334,-0.0,,9,9,33.3,464,0,
,"2017. 9.10",阪神,4阪2,Ｇ２,セントウG2,5,7,ファインニードル,牡,4,Ｍ．デム, 56 ,14,1,１, 内,芝1200,良,,(栗),高橋義忠,1075,-0.2,,3,3,33.4,464,-2,
,"2017. 9.10",阪神,4阪2,1600万,西宮Ｓ1600,2,2,ジョルジュサンク,牡,4,Ｍ．デム, 57 ,8,2,１, 外,芝1800,良,,(栗),鮫島一歩,1465,-0.1,,1,1,32.8,522,+6,
,"2017. 9.10",阪神,4阪2,1000万,新涼特別1000,4,6,ディーズプラネット,牝,4,四位洋文, 55 ,14,1,１, ,ダ1400,良,,(美),藤原辰雄,1231,-0.2,,5,3,36.1,500,-2,
,"2017. 9.10",阪神,4阪2,500万,500万下,3,3,ロイヤルネイビー,牡,4,戸崎圭太, 57 ,11,2,１, ,ダ2000,良,,(栗),大久保龍,2057,-0.0,2,2,2,36.1,468,+2,
,"2017. 9.10",阪神,4阪2,500万,500万下・牝,6,10,ヤサシサ,牝,3,浜中俊, 53 ,15,2,１, ,ダ1200,良,,(栗),奥村豊,1115,-0.1,,1,1,36.8,494,+8,
,"2017. 9.10",阪神,4阪2,新馬,新馬・牝,7,9,デルニエオール,牝,2,池添謙一, 54 ,11,1,１, 内,芝1400,良,,(栗),池江泰寿,1232,-0.1,,7,7,34.6,408,,
,"2017. 9.10",阪神,4阪2,新馬,新馬,6,6,シルヴァンシャー,牡,2,Ｍ．デム, 54 ,8,1,１, 内,芝2000,良,,(栗),池江泰寿,2041,-0.1,8,7,5,34.1,470,,
,"2017. 9.10",阪神,4阪2,未勝利,障害未勝利,7,7,シゲルノマオイ,牡,5,草野太郎, 60 ,9,1,１, ,ダ2970,良,,(栗),柴田光陽,3286,-0.0,4,5,5,14.0,490,+4,
,"2017. 9.10",阪神,4阪2,未勝利,未勝利,3,6,ビッグアイランド,牡,3,高倉稜, 56 ,16,3,１, ,ダ1800,良,*,(栗),渡辺薫彦,1534,-0.1,1,1,1,38.7,510,-4,
,"2017. 9.10",阪神,4阪2,未勝利,未勝利*,6,6,ラテュロス,牝,2,秋山真一, 54 ,9,1,１, 外,芝1600,良,,(栗),高野友和,1374,-0.1,,3,4,33.9,418,0,
,"2017. 9.10",阪神,4阪2,未勝利,未勝利*,8,11,テイエムオスカー,牡,2,戸崎圭太, 54 ,11,2,１, ,ダ1400,良,,(栗),山内研二,1262,-0.4,,3,3,38.4,462,-14,
,"2017. 9. 9",阪神,4阪1,500万,500万下,7,9,マイネルアトゥー,牡,4,柴田大知, 57 ,11,7,１, 内,芝2000,良,,(栗),吉田直弘,1599,-0.0,9,8,8,34.4,454,-4,
,"2017. 9. 9",阪神,4阪1,ｵｰﾌﾟﾝ,エニフＳ,3,4,ウインムート,牡,4,松山弘平, 56 ,15,1,１, ,ダ1400,良,,(栗),加用正,1234,-0.2,,1,1,36.0,502,+10,
,"2017. 9. 9",阪神,4阪1,1000万,野分特別1000,5,5,ギモーヴ,牝,4,福永祐一, 55 ,9,2,１, 外,芝1800,良,,(栗),池添学,1453,-0.1,,7,7,33.2,470,+2,
,"2017. 9. 9",阪神,4阪1,1000万,鳥取特Ｈ1000,2,2,ペガサスシャーイン,牡,3,幸英明, 53 ,10,2,１, ,ダ2000,良,,(栗),西村真幸,2048,-0.0,3,3,3,37.6,534,+4,
,"2017. 9. 9",阪神,4阪1,500万,500万下,3,5,ハニージェイド,牝,3,Ｍ．デム, 53 ,16,1,１, ,ダ1400,良,,(栗),鮫島一歩,1247,-0.1,,3,2,37.8,466,0,
,"2017. 9. 9",阪神,4阪1,500万,500万下,3,6,タイセイパルサー,牡,4,森裕太朗,54▲,16,11,１, ,ダ1800,良,,(栗),大橋勇樹,1509,-1.1,5,7,3,36.7,488,+4,
,"2017. 9. 9",阪神,4阪1,未勝利,未勝利,7,13,トゥザクラウン,牡,3,北村友一, 56 ,18,4,１, 外,芝1600,良,*,(栗),池江泰寿,1341,-0.2,,11,10,34.4,508,-2,
,"2017. 9. 9",阪神,4阪1,新馬,新馬,6,6,ジャンダルム,牡,2,武豊, 54 ,11,2,１, 外,芝1600,良,,(栗),池江泰寿,1373,-0.2,,3,3,33.7,480,,
,"2017. 9. 9",阪神,4阪1,未勝利,未勝利,5,10,オースミベリル,牡,3,川島信二, 56 ,16,3,１, ,ダ1400,稍,,(栗),荒川義之,1255,-0.1,,1,1,37.4,490,-4,
,"2017. 9. 9",阪神,4阪1,未勝利,未勝利*,8,8,シースプラッシュ,牡,2,Ｍ．デム, 54 ,8,1,１, 外,芝1800,良,,(栗),本田優,1474,-0.2,,6,6,34.6,490,0,
,"2017. 9. 9",阪神,4阪1,未勝利,未勝利・牝*,5,5,ヤエノグラフ,牝,2,福永祐一, 54 ,11,3,１, 内,芝1400,良,,(栗),安田隆行,1229,-0.1,,2,2,34.3,430,-4,
,"2017. 9. 9",阪神,4阪1,未勝利,未勝利*,7,8,ブルベアジネンジョ,牡,2,酒井学, 54 ,10,10,１, ,ダ1800,稍,,(栗),湯窪幸雄,1545,-0.3,1,1,1,37.4,446,-4,
,"2017. 6.25",阪神,3阪8,1000万,リボン賞1000,8,15,マインシャッツ,牡,4,岩田康誠, 57 ,16,2,１, ,ダ1800,重,*,(栗),西浦勝一,1504,-0.3,6,7,5,36.3,480,-4,
,"2017. 6.25",阪神,3阪8,Ｇ１,宝塚記念G1,8,11,サトノクラウン,牡,5,Ｍ．デム, 58 ,11,3,１, 内,芝2200,稍,,(美),堀宣行,2114,-0.1,6,6,6,35.4,488,+10,
,"2017. 6.25",阪神,3阪8,1600万,花のみち1600,6,8,トウショウカウント,牡,5,武豊, 57 ,13,5,１, ,ダ1200,重,,(美),萱野浩二,1105,-0.0,,7,6,35.4,502,-8,
,"2017. 6.25",阪神,3阪8,1000万,皆生特Ｈ1000,4,4,ダイアナヘイロー,牝,4,武豊, 54 ,9,1,１, 内,芝1200,稍,,(栗),福島信晴,1089,-0.2,,2,3,34.4,466,0,
,"2017. 6.25",阪神,3阪8,500万,城崎特別500,2,2,ラヴアンドドラゴン,牝,4,福永祐一, 55 ,10,4,１, 外,芝1800,稍,,(栗),藤原英昭,1478,-0.2,,4,5,34.1,476,+4,
,"2017. 6.25",阪神,3阪8,500万,500万下,8,10,ヒシマサル,牡,3,武豊, 53 ,11,3,１, 内,芝2200,稍,,(栗),角田晃一,2130,-0.1,8,6,4,36.5,494,-8,
,"2017. 6.25",阪神,3阪8,500万,500万下,7,14,ペルランヴェール,牡,3,川田将雅, 54 ,16,1,１, ,ダ1800,重,,(栗),平田修,1505,-0.4,9,4,3,37.3,516,-4,
,"2017. 6.25",阪神,3阪8,新馬,新馬,7,7,ダノンプレミアム,牡,2,川田将雅, 54 ,10,1,１, 外,芝1800,稍,,(栗),中内田充,1487,-0.7,,2,1,34.6,476,,
,"2017. 6.25",阪神,3阪8,未勝利,未勝利,8,17,チトニア,牝,3,岩田康誠, 54 ,18,6,１, 外,芝1600,稍,,(栗),友道康夫,1369,-0.0,,5,5,34.0,466,+2,
,"2017. 6.25",阪神,3阪8,未勝利,未勝利,1,2,マコトタリスマン,牡,3,和田竜二, 56 ,16,6,１, ,ダ1800,重,,(栗),高橋義忠,1525,-0.0,5,2,2,38.2,472,+4,
,"2017. 6.25",阪神,3阪8,未勝利,未勝利,6,12,フィールドステイ,牡,3,ルメール, 56 ,16,2,１, ,ダ1200,重,,(栗),西園正都,1118,-0.2,,8,6,36.2,500,-2,
,"2017. 6.25",阪神,3阪8,未勝利,未勝利・牝,7,14,プリンセスタイム,牝,3,岡田祥嗣, 54 ,16,3,１, ,ダ1400,重,,(栗),中内田充,1250,-0.1,,2,2,37.5,444,0,
,"2017. 6.24",阪神,3阪7,500万,500万下,7,13,ストリクス,セ,4,福永祐一, 57 ,16,2,１, ,ダ1400,稍,,(栗),安田隆行,1245,-0.3,,11,8,37.2,496,-4,
,"2017. 6.24",阪神,3阪7,1600万,垂水Ｓ1600,7,7,シルバーステート,牡,4,福永祐一, 57 ,9,1,１, 外,芝1800,良,,(栗),藤原英昭,1445,-0.2,,1,1,33.5,496,+6,
,"2017. 6.24",阪神,3阪7,500万,出石特別500,8,17,サプルマインド,牝,4,川田将雅, 55 ,18,3,１, 内,芝1400,良,,(栗),藤原英昭,1208,-0.1,,6,5,33.7,442,-4,
,"2017. 6.24",阪神,3阪7,1000万,京橋特別1000,7,7,ケンホファヴァルト,牡,4,武豊, 57 ,8,1,１, 内,芝2000,良,,(栗),森秀行,1587,-0.2,1,1,1,35.2,458,+4,
,"2017. 6.24",阪神,3阪7,500万,500万下,7,13,サトノアルカディア,牡,4,岡田祥嗣, 57 ,16,7,１, ,ダ1800,稍,,(栗),平田修,1531,-0.2,2,2,2,37.4,520,0,B
,"2017. 6.24",阪神,3阪7,500万,500万下・牝,5,10,オンリーワンスター,牝,4,和田翼,54☆,16,1,１, ,ダ1200,稍,,(栗),柴田光陽,1118,-0.0,,2,2,36.2,448,+2,
,"2017. 6.24",阪神,3阪7,未勝利,未勝利,8,17,キャンディストーム,牝,3,福永祐一, 54 ,18,3,１, 外,芝1800,良,,(栗),千田輝彦,1467,-0.2,,9,7,33.8,466,-8,
,"2017. 6.24",阪神,3阪7,新馬,新馬,8,10,イイコトズクシ,牡,2,福永祐一, 54 ,10,1,１, 内,芝1200,良,,(栗),音無秀孝,1109,-0.2,,3,2,35.1,470,,
,"2017. 6.24",阪神,3阪7,未勝利,未勝利,1,2,ヒルノアトラーニ,牡,3,福永祐一, 56 ,16,2,１, ,ダ2000,稍,,(栗),昆貢,2069,-0.4,4,4,4,39.3,512,-10,
,"2017. 6.24",阪神,3阪7,未勝利,未勝利,5,9,メイショウヴォルガ,牡,3,武豊, 56 ,16,5,１, ,ダ1400,稍,,(栗),本田優,1249,-0.4,,5,4,36.6,476,+2,
,"2017. 6.24",阪神,3阪7,未勝利,未勝利・牝,7,13,アスターストーリー,牝,3,幸英明, 54 ,16,3,１, ,ダ1800,稍,,(栗),湯窪幸雄,1547,-0.0,2,2,2,37.9,448,+4,
,"2017. 6.24",阪神,3阪7,未勝利,未勝利*,4,4,バイオレントブロー,牡,2,和田竜二, 54 ,8,2,１, 外,芝1600,良,,(栗),佐々木晶,1359,-0.0,,3,3,34.3,476,+2,
,"2017. 6.18",阪神,3阪6,500万,500万下,2,4,サトノフラム,牡,5,福永祐一, 57 ,16,1,１, 内,芝1200,良,,(栗),安田隆行,1083,-0.2,,3,2,33.8,478,-2,
,"2017. 6.18",阪神,3阪6,ｵｰﾌﾟﾝ,米子Ｓ,4,4,ブラックムーン,牡,5,Ｍ．デム, 57 ,10,1,１, 外,芝1600,良,,(栗),西浦勝一,1319,-0.1,,9,9,32.4,492,-6,
,"2017. 6.18",阪神,3阪6,1600万,灘Ｓ1600,6,9,シャイニービーム,牡,5,Ｍ．デム, 57 ,13,2,１, ,ダ1800,良,,(栗),福島信晴,1516,-0.0,4,4,4,37.1,446,+4,
,"2017. 6.18",阪神,3阪6,1000万,箕面特別1000,6,11,ライドオンウインド,牡,5,古川吉洋, 57 ,16,7,１, ,ダ1200,良,,(栗),木原一良,1118,-0.1,,15,14,35.4,500,-10,
,"2017. 6.18",阪神,3阪6,500万,500万下,7,9,トライブキング,牡,4,森裕太朗,54▲,12,11,１, 内,芝2000,良,,(栗),中竹和也,1579,-0.3,9,9,6,34.5,436,-8,
,"2017. 6.18",阪神,3阪6,500万,500万下,5,9,メイショウジーク,牡,3,福永祐一, 54 ,15,3,１, ,ダ1200,良,,(栗),中内田充,1123,-0.0,,3,3,37.4,462,+4,
,"2017. 6.18",阪神,3阪6,500万,500万下・牝,8,11,アンデスクイーン,牝,3,Ｍ．デム, 52 ,12,2,１, ,ダ1800,良,,(栗),西園正都,1531,-0.3,6,3,2,38.3,482,+6,
,"2017. 6.18",阪神,3阪6,新馬,新馬,7,9,コスモインザハート,牡,2,柴田未崎, 54 ,12,3,１, 外,芝1600,良,,(栗),西園正都,1340,-0.1,,7,4,34.9,470,,
,"2017. 6.18",阪神,3阪6,未勝利,障害未勝利,6,9,メイショウナルト,セ,9,北沢伸也, 60 ,14,1,１, ,ダ2970,良,,(栗),本田優,3237,-1.1,5,5,4,13.7,462,-4,
,"2017. 6.18",阪神,3阪6,未勝利,未勝利,1,1,サンライズマジック,牡,3,荻野極,54△,18,5,１, 内,芝1400,良,*,(栗),石坂正,1207,-0.2,,5,5,34.9,480,+16,
,"2017. 6.18",阪神,3阪6,未勝利,未勝利,3,6,モズダイキチ,牡,3,Ｍ．デム, 56 ,16,1,１, ,ダ1800,良,,(栗),牧浦充徳,1546,-0.0,8,7,5,38.0,454,-4,
,"2017. 6.18",阪神,3阪6,未勝利,未勝利,8,15,ブルベアレオパード,牡,3,三津谷隼,53▲,15,5,１, ,ダ1400,良,,(栗),坂口正則,1260,-0.0,,9,10,37.1,516,+6,
,"2017. 6.17",阪神,3阪5,500万,500万下,6,11,オーマイガイ,牡,4,和田翼,56☆,15,5,１, 外,芝1600,良,,(栗),河内洋,1323,-0.1,,1,1,34.1,460,+4,
,"2017. 6.17",阪神,3阪5,ｵｰﾌﾟﾝ,天保山Ｓ,8,14,サウススターマン,牡,6,川田将雅, 56 ,14,5,１, ,ダ1400,良,,(栗),加用正,1224,-0.2,,4,5,36.3,516,-6,
,"2017. 6.17",阪神,3阪5,1600万,水無月Ｈ1600,2,2,ファインニードル,牡,4,Ｍ．デム,57.5,13,1,１, 内,芝1200,良,,(栗),高橋義忠,1071,-0.2,,3,3,33.7,464,-4,
,"2017. 6.17",阪神,3阪5,1000万,小豆島特1000,1,1,ラプソディーア,牝,3,福永祐一, 52 ,8,5,１, 外,芝1600,良,,(栗),友道康夫,1330,-0.0,,1,1,32.7,422,+8,
,"2017. 6.17",阪神,3阪5,500万,500万下・牝,1,1,テーオービクトリー,牝,3,Ｍ．デム, 52 ,13,1,１, 外,芝1800,良,,(栗),岡田稲男,1452,-0.1,,6,5,33.6,470,+4,
,"2017. 6.17",阪神,3阪5,500万,500万下,4,8,ロードアルペジオ,牡,4,小牧太, 57 ,16,5,１, ,ダ1800,良,,(栗),笹田和秀,1527,-0.2,8,10,11,36.9,502,-2,
,"2017. 6.17",阪神,3阪5,未勝利,未勝利,7,15,ロードゼスト,牡,3,Ｍ．デム, 56 ,18,5,１, 外,芝2400,良,,(栗),千田輝彦,2254,-0.2,14,2,2,35.8,450,-2,
,"2017. 6.17",阪神,3阪5,新馬,新馬,5,6,ゴールドクイーン,牝,2,松若風馬, 54 ,13,6,１, ,ダ1200,良,,(栗),坂口正則,1134,-0.5,,2,2,38.2,452,,
,"2017. 6.17",阪神,3阪5,未勝利,未勝利,2,4,ダンサクドゥーロ,牡,3,小牧太, 56 ,16,1,１, ,ダ1800,良,,(栗),松永昌博,1535,-0.3,3,3,4,38.0,502,-2,
,"2017. 6.17",阪神,3阪5,未勝利,未勝利,5,9,ウィッシュノート,牝,3,荻野極,52△,16,6,１, ,ダ1200,良,,(栗),安田隆行,1129,-0.1,,3,4,37.4,428,-6,B
,"2017. 6.17",阪神,3阪5,未勝利,未勝利・牝,6,11,ヤンベ,牝,3,森裕太朗,51▲,16,1,１, ,ダ1800,良,,(栗),藤沢則雄,1554,-0.2,13,11,10,38.0,406,-2,
,"2017. 6.17",阪神,3阪5,未勝利,未勝利*,5,5,マイネルエメ,牡,2,川田将雅, 54 ,7,2,１, 内,芝1400,良,,(栗),宮徹,1223,-0.1,,3,3,34.6,446,-2,
,"2017. 6.11",阪神,3阪4,500万,500万下,3,6,シンゼンスタチュー,セ,4,太宰啓介, 57 ,16,1,１, ,ダ1200,良,*,(栗),飯田祐史,1120,-0.1,,13,13,36.0,486,-4,
,"2017. 6.11",阪神,3阪4,Ｇ３,マーメイＨG3,7,10,マキシマムドパリ,牝,5,藤岡佑介, 55 ,12,3,１, 内,芝2000,良,,(栗),松元茂樹,1595,-0.1,4,3,2,34.8,462,0,
,"2017. 6.11",阪神,3阪4,1000万,加古川特1000,1,2,イーストオブザサン,牡,4,鮫島克駿, 57 ,16,4,１, ,ダ1800,良,,(栗),浅見秀一,1511,-0.0,8,7,6,37.0,470,0,
,"2017. 6.11",阪神,3阪4,1000万,三田特Ｈ1000,2,2,ノーブルマーズ,牡,4,高倉稜,57.5,11,1,１, 内,芝2200,良,,(栗),宮本博,2114,-0.3,5,8,8,34.5,484,+2,
,"2017. 6.11",阪神,3阪4,500万,500万下,3,6,オメガタックスマン,牡,5,北村友一, 57 ,18,6,１, 内,芝1400,良,,(栗),今野貞一,1207,-0.1,,2,2,34.7,468,0,
,"2017. 6.11",阪神,3阪4,500万,500万下,6,6,メイプルブラザー,牡,3,森裕太朗,51▲,11,3,１, ,ダ2000,良,,(栗),山内研二,2067,-0.1,7,8,6,37.0,466,0,
,"2017. 6.11",阪神,3阪4,未勝利,未勝利,7,14,エイシンスレイマン,牡,3,岩田康誠, 56 ,18,1,１, 外,芝1600,良,,(栗),西園正都,1347,-0.4,,7,4,34.1,468,0,
,"2017. 6.11",阪神,3阪4,新馬,新馬,6,7,アイアンクロー,牡,2,福永祐一, 54 ,11,2,１, 内,芝1200,良,,(栗),斉藤崇史,1103,-0.2,,4,3,34.3,422,,
,"2017. 6.11",阪神,3阪4,ｵｰﾌﾟﾝ,障害・オープ,4,4,ミヤジタイガ,牡,7,小坂忠士, 60 ,7,2,１, ,ダ3110,良,*,(栗),岩元市三,3288,-0.2,3,4,4,13.4,500,-2,
,"2017. 6.11",阪神,3阪4,未勝利,未勝利,3,6,インティ,牡,3,藤岡康太, 56 ,16,5,１, ,ダ1800,良,,(栗),野中賢二,1536,-1.2,1,1,1,36.8,496,-2,
,"2017. 6.11",阪神,3阪4,未勝利,未勝利,6,11,エイシンムー,牝,3,荻野極,52△,16,5,１, ,ダ1200,良,,(栗),中尾秀正,1128,-0.0,,5,4,37.5,488,+6,
,"2017. 6.11",阪神,3阪4,未勝利,未勝利・牝,6,12,ミキノタマテバコ,牝,3,義英真,53☆,16,15,１, ,ダ1400,良,,(栗),藤沢則雄,1267,-0.0,,4,3,38.7,476,-14,
,"2017. 6.10",阪神,3阪3,500万,500万下,6,6,ロードプレミアム,牡,4,川田将雅, 57 ,11,4,１, 外,芝1800,良,,(栗),池江泰寿,1458,-0.0,,4,1,33.7,500,-4,
,"2017. 6.10",阪神,3阪3,1600万,安芸Ｓ1600,3,3,キャプテンシップ,牡,5,武豊, 57 ,12,1,１, ,ダ1400,稍,,(栗),森秀行,1245,-0.1,,3,3,36.2,516,+2,
,"2017. 6.10",阪神,3阪3,1000万,舞子特別1000,4,4,エントリーチケット,牝,3,和田竜二, 52 ,10,2,１, 内,芝1400,良,,(栗),宮徹,1210,-0.2,,2,2,34.0,426,0,
,"2017. 6.10",阪神,3阪3,500万,生田特別500,6,9,サトノシャーク,牡,3,松山弘平, 53 ,14,4,１, 外,芝2400,良,,(栗),池江泰寿,2244,-0.0,4,3,3,35.6,506,-10,
,"2017. 6.10",阪神,3阪3,500万,500万下,5,10,キクノルア,牡,3,浜中俊, 54 ,16,2,１, ,ダ1800,稍,,(栗),奥村豊,1537,-0.8,7,4,3,37.4,504,-2,
,"2017. 6.10",阪神,3阪3,500万,500万下・牝,7,14,スズカプリズム,牝,4,岩田康誠, 55 ,16,3,１, ,ダ1400,稍,,(栗),橋田満,1249,-0.0,,7,7,38.2,476,+6,
,"2017. 6.10",阪神,3阪3,未勝利,未勝利,3,6,アドマイヤアロー,牝,3,国分優作, 54 ,16,4,１, 内,芝2000,良,,(栗),中尾秀正,2006,-0.0,8,6,8,36.3,446,-2,
,"2017. 6.10",阪神,3阪3,新馬,新馬,4,4,アマルフィコースト,牝,2,浜中俊, 54 ,12,2,１, 内,芝1400,良,,(栗),牧田和弥,1221,-0.3,,1,1,35.2,454,,
,"2017. 6.10",阪神,3阪3,未勝利,未勝利,4,7,キクノレレ,牝,3,秋山真一, 54 ,16,4,１, 内,芝1200,良,,(栗),今野貞一,1090,-0.2,,1,1,35.3,466,+2,
,"2017. 6.10",阪神,3阪3,未勝利,未勝利,6,11,ラローデ,牝,3,浜中俊, 54 ,16,3,１, ,ダ2000,稍,,(栗),松田国英,2081,-0.8,2,2,2,37.7,490,+10,
,"2017. 6.10",阪神,3阪3,未勝利,未勝利,5,9,スズカチャレンジ,牡,3,古川吉洋, 56 ,16,9,１, ,ダ1400,稍,,(栗),木原一良,1265,-0.3,,14,12,38.0,482,-4,
,"2017. 6.10",阪神,3阪3,未勝利,未勝利・牝,8,15,クリノゼノビア,牝,3,三津谷隼,51▲,16,7,１, ,ダ1800,稍,,(栗),田所秀孝,1560,-0.2,12,11,7,39.5,418,+4,
,"2017. 6. 4",阪神,3阪2,500万,500万下,8,16,ケイマ,牡,4,国分恭介, 57 ,16,1,１, ,ダ1400,良,,(栗),牧田和弥,1240,-0.5,,3,2,36.1,484,-4,B
,"2017. 6. 4",阪神,3阪2,1600万,グリーＨ1600,8,8,シホウ,牡,6,浜中俊, 55 ,9,6,１, 外,芝2400,良,,(栗),笹田和秀,2241,-0.1,3,3,4,34.8,514,0,B
,"2017. 6. 4",阪神,3阪2,1000万,洲本特別1000,8,16,ワンダーリーデル,牡,4,和田竜二, 57 ,16,1,１, ,ダ1400,良,,(栗),沖芳夫,1239,-0.0,,2,2,36.7,528,-6,
,"2017. 6. 4",阪神,3阪2,500万,鶴橋特別500,6,6,キアロスクーロ,セ,4,浜中俊, 57 ,8,1,１, 外,芝1600,良,,(栗),安達昭夫,1337,-0.1,,5,6,33.6,498,0,
,"2017. 6. 4",阪神,3阪2,500万,500万下,5,6,マウントゴールド,牡,4,秋山真一, 57 ,12,4,１, 内,芝2000,良,,(栗),池江泰寿,2006,-0.2,4,2,2,35.3,450,-8,
,"2017. 6. 4",阪神,3阪2,500万,500万下・牝,7,9,エンパイアブルー,牝,5,浜中俊, 55 ,11,1,１, ,ダ1800,良,,(栗),藤原英昭,1542,-0.0,2,1,1,38.3,474,+4,
,"2017. 6. 4",阪神,3阪2,未勝利,未勝利,4,7,スピリットソウル,牡,3,浜中俊, 56 ,18,1,１, 外,芝1800,良,,(栗),大久保龍,1475,-0.0,,8,7,33.8,482,0,
,"2017. 6. 4",阪神,3阪2,新馬,新馬,7,10,ヴァイザー,牡,2,北村友一, 54 ,12,2,１, 内,芝1400,良,,(栗),高橋亮,1219,-0.1,,3,3,36.3,420,,
,"2017. 6. 4",阪神,3阪2,未勝利,障害未勝利,8,9,クランモンタナ,牡,8,熊沢重文, 60 ,9,2,１, ,ダ2970,良,,(栗),音無秀孝,3273,-0.1,1,1,1,14.0,480,0,
,"2017. 6. 4",阪神,3阪2,未勝利,未勝利,4,7,サンマルエンパイア,牡,3,秋山真一, 56 ,16,1,１, ,ダ1800,良,,(栗),大橋勇樹,1545,-0.0,3,2,2,38.1,462,+6,
,"2017. 6. 4",阪神,3阪2,未勝利,未勝利,7,14,ワイルドフォックス,牡,3,水口優也, 56 ,16,1,１, ,ダ1200,良,,(栗),福島信晴,1125,-0.2,,1,1,37.7,502,+4,
,"2017. 6. 4",阪神,3阪2,未勝利,未勝利・牝,4,8,ピカロ,牝,3,和田竜二, 54 ,16,1,１, ,ダ1400,良,,(栗),鈴木孝志,1263,-0.3,,4,4,38.4,448,+2,
,"2017. 6. 3",阪神,3阪1,500万,500万下,5,9,コパノリスボン,牡,4,福永祐一, 57 ,16,1,１, ,ダ1200,稍,,(栗),村山明,1113,-0.3,,3,3,36.1,504,-2,
,"2017. 6. 3",阪神,3阪1,Ｇ３,鳴尾記念G3,8,9,ステイインシアトル,牡,6,武豊, 56 ,10,3,１, 内,芝2000,良,,(栗),池江泰寿,1594,-0.0,1,1,1,34.1,484,-8,
,"2017. 6. 3",阪神,3阪1,1000万,三木特Ｈ1000,4,4,テオドール,牡,4,ルメール,57.5,11,1,１, 外,芝1800,良,,(美),国枝栄,1458,-0.0,,7,6,33.4,544,+4,
,"2017. 6. 3",阪神,3阪1,500万,戎橋特別500,2,3,ダイアナヘイロー,牝,4,武豊, 55 ,15,1,１, 内,芝1200,良,,(栗),福島信晴,1077,-0.3,,1,1,34.5,466,0,
,"2017. 6. 3",阪神,3阪1,500万,500万下,6,10,テンザワールド,牡,3,和田竜二, 54 ,15,3,１, ,ダ1800,稍,,(栗),大久保龍,1528,-0.0,1,1,1,37.5,428,-6,
,"2017. 6. 3",阪神,3阪1,未勝利,未勝利,5,9,ナムラマル,牡,3,福永祐一, 56 ,18,1,１, 外,芝2600,良,,(栗),目野哲也,2400,-0.9,1,1,1,34.6,500,-6,
,"2017. 6. 3",阪神,3阪1,未勝利,未勝利,2,3,メガフレア,牡,3,松山弘平, 56 ,16,1,１, ,ダ1800,稍,,(栗),加用正,1548,-0.3,12,15,15,36.9,472,-2,
,"2017. 6. 3",阪神,3阪1,新馬,新馬,2,2,ケイアイノーテック,牡,2,福永祐一, 54 ,10,1,１, 外,芝1600,良,,(栗),平田修,1368,-0.3,,3,4,33.5,450,,
,"2017. 6. 3",阪神,3阪1,未勝利,未勝利,3,5,エイシンルーク,牡,3,ルメール, 56 ,18,1,１, 内,芝1400,良,,(栗),藤岡健一,1210,-0.0,,13,15,34.3,494,+2,
,"2017. 6. 3",阪神,3阪1,未勝利,未勝利・牝,7,13,クインズヌーサ,牝,3,藤懸貴志, 54 ,16,12,１, ,ダ1800,稍,,(栗),平田修,1547,-0.0,1,1,1,39.5,454,+4,
,"2017. 6. 3",阪神,3阪1,未勝利,未勝利,8,15,ハニージェイド,牝,3,川田将雅, 54 ,16,1,１, ,ダ1400,稍,*,(栗),鮫島一歩,1250,-0.2,,2,2,37.5,464,+10,
,"2017. 6. 3",阪神,3阪1,未勝利,未勝利・牝,1,2,ウインクルチェリー,牝,3,福永祐一, 54 ,16,1,１, ,ダ1200,稍,,(栗),高橋亮,1125,-0.2,,1,1,37.4,498,-12,
,"2017. 4.16",阪神,2阪8,1000万,1000万下,7,14,セセリ,牡,6,川又賢治,54▲,16,7,１, ,ダ2000,良,,(栗),森秀行,2047,-0.2,2,2,1,38.1,518,-2,
,"2017. 4.16",阪神,2阪8,1600万,難波Ｓ1600,8,12,ハクサンルドルフ,牡,4,藤岡康太, 57 ,13,4,１, 外,芝1800,良,,(栗),西園正都,1459,-0.1,,12,11,33.0,462,-2,
,"2017. 4.16",阪神,2阪8,1600万,陽春ＳＨ1600,2,3,サイタスリーレッド,牡,4,高倉稜, 55 ,16,2,１, ,ダ1200,良,,(栗),佐藤正雄,1109,-0.2,,5,3,36.1,480,0,
,"2017. 4.16",阪神,2阪8,1000万,千種川Ｈ1000,6,10,アズマクィーン,牝,5,浜中俊, 53 ,14,4,１, 内,芝1200,良,,(栗),河内洋,1090,-0.1,,7,7,33.7,468,-4,
,"2017. 4.16",阪神,2阪8,500万,500万下,3,5,アイファーサンディ,牡,5,高倉稜, 57 ,15,9,１, ,ダ1400,良,,(栗),加藤敬二,1250,-0.1,,11,12,36.5,470,-4,
,"2017. 4.16",阪神,2阪8,500万,500万下・牝,3,5,トリプライト,牝,4,荻野極,53△,15,6,１, ,ダ1800,良,,(栗),音無秀孝,1526,-0.2,1,1,1,37.8,450,-4,B
,"2017. 4.16",阪神,2阪8,500万,500万下*,4,6,マイネルパラディ,牡,3,川田将雅, 56 ,14,1,１, 内,芝1400,良,,(栗),田所秀孝,1216,-0.1,,3,3,35.3,472,+4,
,"2017. 4.16",阪神,2阪8,未勝利,未勝利,1,1,コールストーム,牡,3,太宰啓介, 56 ,18,1,１, 内,芝2200,良,,(栗),鈴木孝志,2145,-0.0,1,1,1,36.6,490,-4,
,"2017. 4.16",阪神,2阪8,未勝利,未勝利・牝,1,1,ルエヴェルロール,牝,3,小牧太, 54 ,15,3,１, 内,芝2000,良,,(栗),大久保龍,2016,-0.2,5,6,8,35.6,422,+6,
,"2017. 4.16",阪神,2阪8,未勝利,未勝利,1,2,スズカブルグ,牡,3,森裕太朗,53▲,16,1,１, ,ダ1800,良,,(栗),藤沢則雄,1535,-0.2,3,2,2,37.5,492,-4,
,"2017. 4.16",阪神,2阪8,未勝利,未勝利,4,8,スズカアカデミー,牡,3,酒井学, 56 ,16,1,１, ,ダ1200,良,,(栗),藤沢則雄,1121,-1.1,,1,1,36.7,482,0,
,"2017. 4.16",阪神,2阪8,未勝利,未勝利・牝,4,7,ワンダーレアリサル,牝,3,小牧太, 54 ,16,1,１, ,ダ1800,良,,(栗),石橋守,1532,-0.3,1,1,1,38.0,482,0,
,"2017. 4.15",阪神,2阪7,1000万,1000万下・牝,6,12,ベルクリア,牝,4,川田将雅, 55 ,16,2,１, ,ダ1400,良,,(栗),吉田直弘,1235,-0.0,,5,3,37.2,456,-10,
,"2017. 4.15",阪神,2阪7,Ｇ３,アンタレG3,5,10,モルトベーネ,牡,5,Ｍ．デム, 56 ,16,3,１, ,ダ1800,良,,(栗),松永昌博,1499,-0.3,5,4,5,36.2,464,-6,
,"2017. 4.15",阪神,2阪7,1000万,蓬莱峡特1000,3,3,ジークカイザー,牡,4,川田将雅, 57 ,11,2,１, 外,芝1800,良,,(栗),池江泰寿,1464,-0.1,,2,2,33.7,476,-8,
,"2017. 4.15",阪神,2阪7,500万,はなみず500*,6,6,プラチナムバレット,牡,3,浜中俊, 56 ,9,3,１, 内,芝2000,良,,(栗),河内洋,2021,-0.0,2,3,3,34.3,478,-2,
,"2017. 4.15",阪神,2阪7,500万,500万下,7,7,レトロロック,牡,5,Ｍ．デム, 57 ,10,1,１, 内,芝2200,良,,(栗),角居勝彦,2134,-0.2,4,3,2,35.5,484,-6,
,"2017. 4.15",阪神,2阪7,500万,500万下,5,5,ジョーダンキング,牡,4,鮫島良太, 57 ,10,2,１, ,ダ2000,良,,(栗),藤原英昭,2053,-1.0,7,7,6,36.9,488,-2,
,"2017. 4.15",阪神,2阪7,500万,500万下*,2,2,クイーンマンボ,牝,3,北村友一, 54 ,12,2,１, ,ダ1800,良,,(栗),角居勝彦,1512,-0.3,6,6,5,35.8,490,-12,
,"2017. 4.15",阪神,2阪7,未勝利,未勝利,2,4,コパノピエール,牡,3,川須栄彦, 56 ,18,5,１, 内,芝1400,良,,(栗),宮徹,1216,-0.0,,2,1,35.7,470,-2,
,"2017. 4.15",阪神,2阪7,未勝利,未勝利,4,8,ゼニステレスコープ,牡,3,Ｍ．デム, 56 ,18,2,１, 外,芝1800,良,,(栗),池添学,1480,-0.4,,8,10,34.8,430,-2,
,"2017. 4.15",阪神,2阪7,未勝利,未勝利,6,11,オーサムバローズ,牡,3,ルメール, 56 ,16,1,１, ,ダ1400,良,,(栗),中内田充,1251,-0.2,,5,5,37.3,494,-2,
,"2017. 4.15",阪神,2阪7,未勝利,未勝利,7,13,ペガサスシャーイン,牡,3,川田将雅, 56 ,16,1,１, ,ダ1800,良,,(栗),西村真幸,1529,-0.4,3,4,3,37.8,530,-4,
,"2017. 4.15",阪神,2阪7,未勝利,未勝利・牝,8,16,グランドガール,牝,3,森裕太朗,51▲,16,1,１, ,ダ1200,良,*,(栗),岩元市三,1125,-0.2,,2,2,36.9,460,0,
,"2017. 4. 9",阪神,2阪6,1600万,梅田Ｓ1600,3,6,オウケンワールド,牡,5,Ｍ．デム, 57 ,16,2,１, ,ダ1800,重,,(栗),西村真幸,1492,-0.0,8,7,7,35.6,498,-10,
,"2017. 4. 9",阪神,2阪6,Ｇ１,桜花賞G1,5,10,レーヌミノル,牝,3,池添謙一, 55 ,18,8,１, 外,芝1600,稍,,(栗),本田優,1345,-0.1,,4,4,35.4,466,-2,
,"2017. 4. 9",阪神,2阪6,ｵｰﾌﾟﾝ,大阪―ハ,8,12,エポワス,セ,9,福永祐一, 56 ,12,4,１, 内,芝1400,稍,,(美),藤沢和雄,1224,-0.1,,5,4,34.9,478,-4,
,"2017. 4. 9",阪神,2阪6,ｵｰﾌﾟﾝ,忘れな草,3,3,ハローユニコーン,牝,3,田辺裕信, 54 ,10,3,１, 内,芝2000,稍,,(栗),鮫島一歩,2043,-0.0,10,9,8,36.0,428,-6,
,"2017. 4. 9",阪神,2阪6,1000万,天王寺Ｈ1000,4,7,タイセイエクレール,牡,4,田辺裕信, 55 ,16,5,１, ,ダ1400,重,*,(栗),森田直行,1225,-0.2,,7,6,35.8,516,-6,
,"2017. 4. 9",阪神,2阪6,1000万,1000万下,2,4,アナザープラネット,牡,4,川田将雅, 57 ,18,3,１, 外,芝1600,重,,(栗),角居勝彦,1349,-0.1,,6,5,34.8,480,-6,
,"2017. 4. 9",阪神,2阪6,500万,500万下,4,8,エネルムサシ,牡,4,岩田康誠, 57 ,16,2,１, ,ダ1200,不,,(栗),高橋康之,1098,-0.5,,1,1,35.7,512,+8,
,"2017. 4. 9",阪神,2阪6,500万,500万下*,2,2,タガノアンピール,牡,3,和田竜二, 56 ,15,7,１, ,ダ1800,不,,(栗),中尾秀正,1510,-0.6,3,3,3,36.8,546,-4,
,"2017. 4. 9",阪神,2阪6,未勝利,未勝利,7,14,スマートウェールズ,牡,3,武豊, 56 ,18,1,１, 外,芝1600,重,,(栗),石坂正,1372,-0.0,,12,8,35.7,448,-2,
,"2017. 4. 9",阪神,2阪6,未勝利,未勝利,6,11,アロマティカス,牡,3,高倉稜, 56 ,16,13,１, ,ダ1800,不,,(栗),湯窪幸雄,1530,-0.2,9,9,7,37.5,448,-2,B
,"2017. 4. 9",阪神,2阪6,未勝利,未勝利,8,15,ランバージャック,牡,3,Ｍ．デム, 56 ,16,1,１, ,ダ1400,不,,(栗),鮫島一歩,1243,-0.2,,7,7,36.6,446,-2,
,"2017. 4. 9",阪神,2阪6,未勝利,未勝利・牝,8,16,フィアマロッサ,牝,3,ルメール, 54 ,16,1,１, ,ダ1800,不,,(栗),音無秀孝,1518,-0.1,1,1,1,38.0,510,0,
,"2017. 4. 8",阪神,2阪5,1000万,1000万下,3,4,オルナ,牡,5,福永祐一, 57 ,14,2,１, ,ダ1800,不,,(栗),岡田稲男,1505,-0.3,2,2,2,36.1,516,-2,
,"2017. 4. 8",阪神,2阪5,Ｇ２,阪神牝馬G2,3,6,ミッキークイーン,牝,5,浜中俊, 55 ,16,1,１, 外,芝1600,重,,(栗),池江泰寿,1343,-0.3,,8,8,34.0,438,+4,
,"2017. 4. 8",阪神,2阪5,1600万,心斎橋Ｓ1600,1,2,エスティタート,牝,4,武豊, 55 ,18,3,１, 内,芝1400,重,,(栗),松永幹夫,1228,-0.1,,4,4,35.6,440,-4,
,"2017. 4. 8",阪神,2阪5,1000万,白鷺特別1000,5,7,リッチーリッチー,牡,4,Ｍ．デム, 57 ,13,1,１, 外,芝2400,重,,(栗),友道康夫,2280,-0.0,4,3,3,37.2,510,-6,B
,"2017. 4. 8",阪神,2阪5,500万,500万下,2,3,トウショウコマンチ,牡,4,鮫島良太, 57 ,15,3,１, ,ダ1800,不,,(栗),角田晃一,1501,-0.7,1,1,1,36.7,514,-2,
,"2017. 4. 8",阪神,2阪5,500万,500万下,3,5,メイショウノボサン,牡,4,幸英明, 57 ,16,6,１, ,ダ1400,不,,(栗),大橋勇樹,1232,-0.1,,9,7,36.2,474,+6,
,"2017. 4. 8",阪神,2阪5,500万,500万下*,4,7,メイショウオワラ,牝,3,浜中俊, 54 ,17,4,１, 外,芝1600,重,,(栗),岡田稲男,1350,-0.0,,6,5,34.8,444,0,
,"2017. 4. 8",阪神,2阪5,500万,500万下*,4,7,ウラガーノ,牝,3,Ｍ．デム, 54 ,16,3,１, ,ダ1400,不,,(栗),吉村圭司,1237,-0.0,,4,4,37.5,514,-4,
,"2017. 4. 8",阪神,2阪5,未勝利,未勝利,7,13,マスターコード,牡,3,浜中俊, 56 ,16,3,１, 内,芝2000,重,,(栗),吉村圭司,2040,-0.0,4,3,3,36.1,452,-4,
,"2017. 4. 8",阪神,2阪5,未勝利,未勝利,2,3,オーミシューマン,牡,3,畑端省吾, 56 ,16,4,１, ,ダ1200,不,,(栗),大橋勇樹,1119,-0.0,,4,4,37.1,456,+22,
,"2017. 4. 8",阪神,2阪5,未勝利,未勝利,4,8,マジカルスペル,牡,3,四位洋文, 56 ,16,1,１, ,ダ1800,不,,(栗),藤原英昭,1518,-0.5,4,3,3,37.4,518,+8,
,"2017. 4. 8",阪神,2阪5,未勝利,未勝利・牝,6,11,タガノリアン,牝,3,Ｍ．デム, 54 ,16,2,１, ,ダ1400,不,,(栗),川村禎彦,1245,-0.1,,10,8,36.3,456,-2,
,"2017. 4. 2",阪神,2阪4,1600万,鳴門Ｓ1600,8,15,プレスティージオ,牡,4,ルメール, 57 ,16,2,１, ,ダ1400,稍,,(栗),大根田裕,1231,-0.2,,1,1,36.1,478,0,
,"2017. 4. 2",阪神,2阪4,Ｇ１,大阪杯G1,4,5,キタサンブラック,牡,5,武豊, 57 ,14,1,１, 内,芝2000,良,,(栗),清水久詞,1589,-0.1,3,3,2,34.3,540,+4,
,"2017. 4. 2",阪神,2阪4,ｵｰﾌﾟﾝ,マーガレ,6,6,オールザゴー,牡,3,内田博幸, 56 ,8,3,１, 内,芝1400,良,,(栗),矢作芳人,1223,-0.2,,6,6,34.3,474,+2,
,"2017. 4. 2",阪神,2阪4,1600万,御堂筋Ｈ1600,6,6,アルター,セ,5,ルメール, 56 ,8,1,１, 外,芝2400,良,,(美),古賀慎明,2280,-0.1,4,4,4,34.9,510,-10,
,"2017. 4. 2",阪神,2阪4,1000万,1000万下,3,6,サイタスリーレッド,牡,4,高倉稜, 57 ,16,4,１, ,ダ1200,稍,,(栗),佐藤正雄,1102,-0.1,,2,2,35.4,480,+2,
,"2017. 4. 2",阪神,2阪4,1000万,1000万下,5,6,マイネルネーベル,牡,5,和田竜二, 57 ,12,7,１, 内,芝2000,良,,(栗),五十嵐忠,2028,-0.0,3,3,3,34.4,448,-6,
,"2017. 4. 2",阪神,2阪4,500万,500万下,4,4,ワンダーアビルマン,牡,4,小牧太, 57 ,11,1,１, ,ダ1800,稍,,(栗),佐藤正雄,1525,-0.7,10,1,1,37.7,490,0,
,"2017. 4. 2",阪神,2阪4,500万,500万下・牝,8,10,ショウナンマシェリ,牝,4,川須栄彦, 55 ,10,3,１, ,ダ1800,稍,,(栗),梅田智之,1532,-0.1,3,3,3,38.2,464,0,
,"2017. 4. 2",阪神,2阪4,500万,500万下*,6,11,サザンボルケーノ,牡,3,荻野極,54△,16,7,１, ,ダ1200,稍,,(栗),加用正,1120,-0.2,,9,7,36.3,484,-4,
,"2017. 4. 2",阪神,2阪4,未勝利,未勝利,6,11,インビジブルレイズ,牡,3,浜中俊, 56 ,17,1,１, 外,芝1600,良,,(栗),吉村圭司,1349,-0.3,,9,9,33.7,464,-6,
,"2017. 4. 2",阪神,2阪4,未勝利,未勝利,8,15,ララメダイユドール,牡,3,和田竜二, 56 ,15,5,１, ,ダ1800,稍,,(栗),今野貞一,1542,-0.3,7,4,4,37.0,510,0,
,"2017. 4. 2",阪神,2阪4,未勝利,未勝利,1,2,ワンダープラヤアン,牡,3,池添謙一, 56 ,16,5,１, ,ダ1400,稍,,(栗),森田直行,1252,-0.1,,5,5,37.4,474,-4,
,"2017. 4. 1",阪神,2阪3,1000万,1000万下,1,1,ゴーザトップ,牡,6,浜中俊, 57 ,14,11,１, ,ダ1800,稍,,(栗),石坂正,1510,-0.0,14,13,10,37.0,486,-4,
,"2017. 4. 1",阪神,2阪3,ｵｰﾌﾟﾝ,コーラルＨ,5,9,スマートアヴァロン,牡,5,Ｍ．デム, 56 ,16,1,１, ,ダ1400,稍,,(栗),西園正都,1223,-0.2,,11,12,35.3,516,0,
,"2017. 4. 1",阪神,2阪3,1000万,仲春特別1000,3,5,センセーション,牝,6,四位洋文, 55 ,15,8,１, 内,芝1400,稍,,(栗),矢作芳人,1221,-0.0,,1,1,34.9,478,-8,B
,"2017. 4. 1",阪神,2阪3,500万,アザレア500*,3,3,アドミラブル,牡,3,Ｍ．デム, 56 ,8,1,１, 外,芝2400,稍,,(栗),音無秀孝,2300,-0.5,6,2,2,33.5,514,0,
,"2017. 4. 1",阪神,2阪3,ｵｰﾌﾟﾝ,三木ホー,5,7,メイショウソラーレ,牡,7,高田潤, 61 ,14,1,１, ,芝3140,稍,,(栗),中内田充,3362,-0.3,5,3,2,13.8,504,0,
,"2017. 4. 1",阪神,2阪3,500万,500万下,5,10,ワキノハガクレ,牡,5,小牧太, 57 ,16,1,１, ,ダ1200,稍,,(栗),松下武士,1109,-0.3,,5,5,35.9,426,+2,
,"2017. 4. 1",阪神,2阪3,500万,500万下,7,13,サプルマインド,牝,4,川田将雅, 55 ,18,1,１, 内,芝1400,稍,,(栗),藤原英昭,1221,-0.0,,11,11,34.6,446,0,
,"2017. 4. 1",阪神,2阪3,500万,500万下*,4,7,ローズストリート,牝,3,酒井学, 54 ,16,1,１, ,ダ1800,稍,,(栗),西園正都,1520,-0.3,3,3,3,37.0,490,+4,
,"2017. 4. 1",阪神,2阪3,未勝利,未勝利,2,3,ハギノアレス,牡,3,Ｍ．デム, 56 ,16,1,１, 外,芝2400,稍,,(栗),鮫島一歩,2289,-0.0,10,11,9,35.6,490,0,
,"2017. 4. 1",阪神,2阪3,未勝利,未勝利・牝,2,4,ブラックスビーチ,牝,3,福永祐一, 54 ,18,1,１, 外,芝1800,稍,,(栗),角居勝彦,1480,-0.2,,3,3,35.2,444,+6,
,"2017. 4. 1",阪神,2阪3,未勝利,未勝利,2,4,ベディヴィア,牡,3,Ｍ．デム, 56 ,16,1,１, ,ダ1800,重,,(栗),野中賢二,1530,-0.0,2,1,1,37.9,456,-6,
,"2017. 4. 1",阪神,2阪3,未勝利,未勝利,6,11,ナムラムート,牡,3,松山弘平, 56 ,16,2,１, ,ダ1200,重,,(栗),森田直行,1112,-0.2,,2,2,36.2,490,+10,
,"2017. 3.26",阪神,2阪2,1000万,1000万下,6,8,スノードルフィン,牡,4,秋山真一, 57 ,12,5,１, ,ダ1800,良,,(栗),野中賢二,1527,-0.3,5,4,4,36.0,484,-4,B
,"2017. 3.26",阪神,2阪2,ｵｰﾌﾟﾝ,六甲Ｓ,4,4,アスカビレン,牝,5,浜中俊, 54 ,11,1,１, 外,芝1600,良,,(栗),中尾秀正,1342,-0.0,,7,8,33.8,468,-2,
,"2017. 3.26",阪神,2阪2,1600万,淀屋橋Ｈ1600,3,6,オールインワン,牡,4,松山弘平, 55 ,16,1,１, 内,芝1200,良,,(栗),浜田多実,1086,-0.1,,1,1,34.4,486,-8,
,"2017. 3.26",阪神,2阪2,1000万,四国新聞1000,7,11,ローズウィスパー,牝,4,北村友一, 55 ,14,3,１, 内,芝2000,良,,(栗),池添学,2009,-0.0,14,14,12,35.8,476,0,
,"2017. 3.26",阪神,2阪2,500万,500万下,7,12,シンゼンドリーム,牡,4,秋山真一, 57 ,14,2,１, ,ダ1800,良,,(栗),飯田祐史,1518,-0.0,6,3,2,37.2,474,+6,
,"2017. 3.26",阪神,2阪2,500万,500万下*,7,7,アーケロンバイオ,牡,3,坂井瑠星,54△,9,4,１, 内,芝1200,良,,(栗),西浦勝一,1092,-0.1,,5,5,34.0,482,-2,
,"2017. 3.26",阪神,2阪2,未勝利,未勝利,1,1,ザクイーン,牝,3,池添謙一, 54 ,18,6,１, 外,芝1800,良,,(栗),角居勝彦,1479,-0.3,,5,5,34.8,478,-2,
,"2017. 3.26",阪神,2阪2,未勝利,未勝利,1,2,ロングベスト,牡,3,太宰啓介, 56 ,16,2,１, ,ダ1200,良,,(栗),大根田裕,1127,-0.2,,6,6,36.3,506,-6,
,"2017. 3.26",阪神,2阪2,未勝利,障害未勝利,6,10,リバーソウル,牡,6,中村将之, 60 ,14,3,１, ,ダ2970,良,,(栗),浅見秀一,3246,-0.3,3,3,3,13.8,474,+2,
,"2017. 3.26",阪神,2阪2,未勝利,未勝利,6,11,メイショウエイコウ,牡,3,浜中俊, 56 ,16,1,１, ,ダ1400,良,,(栗),荒川義之,1255,-0.4,,5,4,36.8,430,0,
,"2017. 3.26",阪神,2阪2,未勝利,未勝利,4,5,キーグラウンド,牡,3,鮫島良太, 56 ,13,1,１, ,ダ1800,良,,(栗),宮徹,1539,-0.0,2,2,2,37.2,478,-4,
,"2017. 3.26",阪神,2阪2,未勝利,未勝利・牝,8,14,ヤサシサ,牝,3,浜中俊, 54 ,14,1,１, ,ダ1200,良,,(栗),奥村豊,1120,-0.3,,1,1,37.3,488,-2,
,"2017. 3.25",阪神,2阪1,500万,500万下・牝,6,9,タガノヴェルリー,牝,5,松山弘平, 55 ,13,1,１, ,ダ1200,良,,(栗),今野貞一,1120,-0.2,,2,2,36.5,448,+8,B
,"2017. 3.25",阪神,2阪1,Ｇ３,毎日杯G3,3,3,アルアイン,牡,3,松山弘平, 56 ,8,2,１, 外,芝1800,良,*,(栗),池江泰寿,1465,-0.1,,2,2,34.3,520,+6,
,"2017. 3.25",阪神,2阪1,1000万,天神橋特1000,4,4,カイザーバル,牝,4,四位洋文, 55 ,11,1,１, 外,芝1600,良,,(栗),角居勝彦,1349,-0.3,,3,3,33.1,478,+12,
,"2017. 3.25",阪神,2阪1,500万,君子蘭賞500*,4,4,カワキタエンカ,牝,3,池添謙一, 54 ,11,2,１, 外,芝1800,良,,(栗),浜田多実,1489,-0.2,,1,1,34.1,460,-6,
,"2017. 3.25",阪神,2阪1,500万,500万下,6,11,キングジュエリー,牡,4,松若風馬, 57 ,15,10,１, ,ダ1400,良,,(栗),角居勝彦,1245,-0.0,,2,2,36.3,536,+2,
,"2017. 3.25",阪神,2阪1,500万,500万下,6,12,キロハナ,牡,5,川田将雅, 57 ,16,1,１, 外,芝1800,良,,(栗),池江泰寿,1477,-0.3,,6,6,33.2,474,+10,
,"2017. 3.25",阪神,2阪1,500万,500万下*,8,9,メイショウラケーテ,牡,3,池添謙一, 56 ,10,1,１, ,ダ1400,稍,,(栗),松永昌博,1248,-0.2,,3,4,37.4,462,-2,
,"2017. 3.25",阪神,2阪1,未勝利,未勝利,8,11,ヒシマサル,牡,3,四位洋文, 56 ,12,1,１, ,ダ2000,稍,,(栗),角田晃一,2079,-0.4,5,3,3,39.2,504,-6,
,"2017. 3.25",阪神,2阪1,未勝利,未勝利,5,9,デルマコイウタ,牝,3,川田将雅, 54 ,18,2,１, 内,芝1400,良,,(栗),高野友和,1223,-0.1,,4,4,35.6,438,-2,
,"2017. 3.25",阪神,2阪1,未勝利,未勝利,5,8,タイセイトラップ,牡,3,川田将雅, 56 ,14,4,１, ,ダ1800,稍,,(栗),西村真幸,1540,-0.0,1,2,1,36.9,506,+6,
,"2017. 3.25",阪神,2阪1,未勝利,未勝利,6,12,ペスカネラ,牝,3,松若風馬, 54 ,16,4,１, ,ダ1400,稍,*,(栗),松下武士,1259,-0.1,,1,1,37.3,432,+4,
,"2017. 3.25",阪神,2阪1,未勝利,未勝利・牝,8,10,クイーンマンボ,牝,3,北村友一, 54 ,11,1,１, ,ダ1800,稍,,(栗),角居勝彦,1549,-0.5,5,4,4,37.5,502,0,
,"2017. 3.19",阪神,1阪8,1000万,1000万下,6,12,ソーディヴァイン,牝,4,川田将雅, 55 ,16,3,１, ,ダ1400,良,,(栗),西村真幸,1239,-0.0,,2,1,36.6,526,+4,
,"2017. 3.19",阪神,1阪8,Ｇ２,阪神大賞G2,8,9,サトノダイヤモンド,牡,4,ルメール, 57 ,10,1,１, 内,芝3000,良,,(栗),池江泰寿,3026,-0.2,8,8,4,35.4,506,+4,
,"2017. 3.19",阪神,1阪8,1600万,但馬ＳＨ1600,2,2,バンドワゴン,牡,6,ルメール, 56 ,11,3,１, 内,芝2000,良,,(栗),石坂正,1597,-0.1,7,8,9,34.6,544,-4,
,"2017. 3.19",阪神,1阪8,1000万,山陽特別1000,7,10,アポロノシンザン,牡,5,福永祐一, 57 ,13,3,１, 内,芝1400,良,,(美),鈴木伸尋,1205,-0.6,,1,1,34.1,488,-8,
,"2017. 3.19",阪神,1阪8,500万,500万下,2,2,ロードプレステージ,牡,5,川田将雅, 57 ,10,1,１, ,ダ1800,良,,(栗),杉山晴紀,1524,-0.6,7,5,4,37.8,452,0,
,"2017. 3.19",阪神,1阪8,500万,500万下,7,7,ダイナミックアロー,牡,4,三津谷隼,53▲,9,9,１, 外,芝2400,良,,(栗),目野哲也,2268,-0.2,1,1,1,35.2,496,-2,
,"2017. 3.19",阪神,1阪8,500万,500万下*,8,15,タガノディグオ,牡,3,川島信二, 56 ,16,1,１, ,ダ1800,良,,(栗),宮徹,1526,-0.6,13,5,4,36.9,524,0,
,"2017. 3.19",阪神,1阪8,500万,500万下・牝*,7,12,マルモレイナ,牝,3,田中健, 54 ,14,3,１, ,ダ1400,良,,(栗),木原一良,1255,-0.1,,7,5,37.7,448,0,
,"2017. 3.19",阪神,1阪8,未勝利,未勝利,5,9,サトノマサムネ,牡,3,福永祐一, 56 ,16,8,１, 外,芝1600,良,*,(栗),西園正都,1373,-0.1,,12,8,33.6,464,+4,
,"2017. 3.19",阪神,1阪8,未勝利,未勝利,2,2,テイエムグッドマン,牡,3,幸英明, 56 ,15,1,１, ,ダ1800,良,,(栗),福島信晴,1555,-0.2,2,2,2,37.7,488,-2,
,"2017. 3.19",阪神,1阪8,未勝利,未勝利,3,5,シャイニングボルト,牡,3,小牧太, 56 ,16,1,１, ,ダ1400,良,,(栗),友道康夫,1259,-0.5,,1,1,37.7,466,0,B
,"2017. 3.19",阪神,1阪8,未勝利,未勝利・牝,3,6,ブランニューカップ,牝,3,ルメール, 54 ,16,3,１, ,ダ1800,良,,(栗),岡田稲男,1546,-0.0,7,7,6,37.4,438,+4,
,"2017. 3.18",阪神,1阪7,1000万,1000万下・牝,1,1,ニホンピロヘーゼル,牝,4,ルメール, 55 ,14,2,１, ,ダ1800,良,,(栗),安達昭夫,1516,-0.0,1,1,1,37.8,492,+14,
,"2017. 3.18",阪神,1阪7,ｵｰﾌﾟﾝ,若葉Ｓ,8,10,アダムバローズ,牡,3,池添謙一, 56 ,11,4,１, 内,芝2000,良,,(栗),角田晃一,2003,-0.0,2,2,2,35.7,504,0,
,"2017. 3.18",阪神,1阪7,1600万,なにわＳ1600,8,14,ジープルメリア,牝,4,シュタル, 55 ,15,4,１, ,ダ1200,良,,(栗),南井克巳,1109,-0.1,,2,2,35.8,446,-2,
,"2017. 3.18",阪神,1阪7,1000万,須磨特別1000,3,3,タニノアーバンシー,牝,4,小牧太, 55 ,11,1,１, 外,芝1800,良,*,(栗),角居勝彦,1469,-0.2,,1,1,33.8,506,-6,
,"2017. 3.18",阪神,1阪7,500万,500万下,6,12,シンゼンスタチュー,セ,4,太宰啓介, 57 ,16,2,１, ,ダ1200,良,,(栗),飯田祐史,1121,-0.1,,10,10,35.6,496,-2,
,"2017. 3.18",阪神,1阪7,500万,500万下・牝,6,7,バイナリーコード,牝,5,川田将雅, 55 ,11,2,１, ,ダ1800,良,,(栗),野中賢二,1530,-0.0,4,3,3,38.2,476,-2,
,"2017. 3.18",阪神,1阪7,500万,500万下*,7,11,イノバティブ,牡,3,松若風馬, 56 ,13,6,１, 内,芝1400,良,,(美),相沢郁,1223,-0.2,,11,7,34.6,432,-8,
,"2017. 3.18",阪神,1阪7,未勝利,未勝利,8,13,アドマイヤアゼリ,牡,3,ルメール, 56 ,14,1,１, 内,芝2000,良,,(栗),須貝尚介,2018,-0.2,9,9,7,34.9,448,+4,
,"2017. 3.18",阪神,1阪7,新馬,新馬,7,14,ミザイ,牝,3,鮫島良太, 54 ,16,6,１, ,ダ1800,良,,(栗),牧浦充徳,1546,-0.0,11,7,4,38.1,482,,
,"2017. 3.18",阪神,1阪7,未勝利,未勝利,4,7,ヨドノベスト,牡,3,川須栄彦, 56 ,16,3,１, ,ダ1200,良,,(栗),松元茂樹,1128,-0.4,,2,1,37.5,440,-6,
,"2017. 3.18",阪神,1阪7,未勝利,未勝利,2,3,ロードソリスト,牡,3,福永祐一, 56 ,16,3,１, ,ダ1800,良,,(栗),橋田満,1528,-0.3,6,2,1,38.0,452,-2,
,"2017. 3.18",阪神,1阪7,未勝利,未勝利・牝,8,13,タガノマニカ,牝,3,国分恭介, 54 ,13,5,１, ,ダ1400,良,,(栗),石橋守,1256,-0.3,,1,1,37.2,448,0,
,"2017. 3.12",阪神,1阪6,1000万,1000万下,4,8,オウケンビリーヴ,牝,4,福永祐一, 55 ,16,2,１, ,ダ1200,良,,(栗),安田隆行,1110,-0.3,,7,7,35.6,492,+18,
,"2017. 3.12",阪神,1阪6,Ｇ２,フィリーG2,8,16,カラクレナイ,牝,3,Ｍ．デム, 54 ,18,2,１, 内,芝1400,良,,(栗),松下武士,1210,-0.1,,17,14,34.4,478,+2,
,"2017. 3.12",阪神,1阪6,1600万,甲南ＳＨ1600,7,7,カフェブリッツ,牡,4,北村友一, 55 ,10,3,１, ,ダ2000,良,,(栗),池江泰寿,2041,-0.0,5,5,4,36.9,540,+4,
,"2017. 3.12",阪神,1阪6,1000万,淡路特Ｈ1000,5,7,ダノンアローダ,牡,4,松若風馬, 54 ,13,2,１, 外,芝2400,良,,(栗),佐々木晶,2264,-0.2,1,1,1,34.7,532,-6,
,"2017. 3.12",阪神,1阪6,500万,500万下,6,8,ステファンバローズ,牡,4,松若風馬, 57 ,13,1,１, 外,芝1600,良,,(栗),松下武士,1343,-0.1,,13,13,33.1,470,-10,
,"2017. 3.12",阪神,1阪6,500万,500万下,6,11,サイタスリーレッド,牡,4,高倉稜, 57 ,16,7,１, ,ダ1200,良,,(栗),佐藤正雄,1114,-0.2,,2,2,36.6,478,-2,
,"2017. 3.12",阪神,1阪6,500万,500万下,3,3,ソリティール,牡,4,Ｍ．デム, 57 ,10,1,１, ,ダ1800,良,,(栗),吉田直弘,1534,-0.1,7,4,2,38.2,478,+2,
,"2017. 3.12",阪神,1阪6,500万,500万下*,2,2,エンゲルヘン,牝,3,和田竜二, 54 ,13,2,１, 内,芝1200,良,,(栗),五十嵐忠,1091,-0.2,,2,2,34.6,444,0,
,"2017. 3.12",阪神,1阪6,未勝利,未勝利,3,5,タガノシャルドネ,牡,3,和田竜二, 56 ,15,3,１, 内,芝2200,良,,(栗),川村禎彦,2152,-0.1,7,5,6,35.6,440,0,
,"2017. 3.12",阪神,1阪6,未勝利,未勝利,5,9,マルヨシャバーリー,牡,3,浜中俊, 56 ,16,3,１, ,ダ1400,良,*,(栗),牧田和弥,1253,-0.0,,5,4,36.8,486,+12,
,"2017. 3.12",阪神,1阪6,未勝利,未勝利,1,1,サトノプライム,牡,3,福永祐一, 56 ,11,1,１, ,ダ1800,良,,(栗),南井克巳,1540,-0.5,9,8,6,36.2,490,+8,
,"2017. 3.12",阪神,1阪6,未勝利,未勝利・牝,8,11,メモリーフェーブル,牝,3,荻野琢真, 54 ,12,1,１, ,ダ1200,良,,(栗),大久保龍,1129,-0.4,,5,4,36.9,448,0,
,"2017. 3.11",阪神,1阪5,1000万,1000万下,4,4,クールオープニング,牡,6,福永祐一, 57 ,11,4,１, ,ダ1800,良,,(栗),橋口慎介,1529,-0.1,4,4,3,37.3,468,-6,
,"2017. 3.11",阪神,1阪5,ｵｰﾌﾟﾝ,仁川Ｓ,7,7,グレイトパール,牡,4,和田竜二, 56 ,9,1,１, ,ダ2000,良,,(栗),中内田充,2034,-0.1,3,3,3,35.8,538,+2,
,"2017. 3.11",阪神,1阪5,1600万,うずしお1600,1,1,ジュールポレール,牝,4,幸英明, 55 ,11,1,１, 外,芝1600,良,,(栗),西園正都,1338,-0.3,,3,4,32.8,460,-2,
,"2017. 3.11",阪神,1阪5,500万,ゆきやな500*,2,2,ポポカテペトル,牡,3,和田竜二, 56 ,8,3,１, 外,芝2400,良,,(栗),友道康夫,2284,-0.3,2,2,2,34.4,482,+6,
,"2017. 3.11",阪神,1阪5,ＪＧ２,阪神スプJG2,8,11,オジュウチョウサン,牡,6,石神深一, 62 ,11,1,１, ,芝3900,良,,(美),和田正一,4281,-0.4,3,3,2,13.7,508,-4,
,"2017. 3.11",阪神,1阪5,500万,500万下,2,2,タイセイエクレール,牡,4,Ｍ．デム, 57 ,15,1,１, ,ダ1400,良,,(栗),森田直行,1249,-0.4,,2,2,37.8,522,0,
,"2017. 3.11",阪神,1阪5,500万,500万下*,7,11,マテラスカイ,牡,3,川又賢治,53▲,13,2,１, ,ダ1200,良,,(栗),森秀行,1114,-0.1,,8,8,35.8,510,-4,
,"2017. 3.11",阪神,1阪5,未勝利,未勝利,5,8,スイーズドリームス,牡,3,北村友一, 56 ,14,1,１, 外,芝1800,良,,(栗),須貝尚介,1497,-0.1,,3,3,33.8,500,-2,
,"2017. 3.11",阪神,1阪5,未勝利,未勝利,2,4,ウインペイザージュ,牝,3,和田竜二, 54 ,16,6,１, 内,芝1400,良,,(栗),中村均,1215,-0.2,,1,1,35.1,436,0,
,"2017. 3.11",阪神,1阪5,新馬,新馬,7,13,レインボージャージ,牡,3,Ｍ．デム, 56 ,16,2,１, ,ダ1800,良,,(栗),中内田充,1549,-0.7,2,1,1,37.1,466,,
,"2017. 3.11",阪神,1阪5,未勝利,未勝利,6,7,アユツリオヤジ,牡,3,小崎綾也,55☆,11,3,１, ,ダ1200,良,,(栗),村山明,1127,-0.0,,3,3,37.0,482,-2,
,"2017. 3.11",阪神,1阪5,未勝利,未勝利,8,12,マイネルブロッケン,牡,3,柴田大知, 56 ,12,3,１, ,ダ1800,良,*,(栗),五十嵐忠,1545,-0.4,3,4,2,39.0,432,+4,B
,"2017. 3. 5",阪神,1阪4,1000万,1000万下,8,10,アドマイヤゴッド,牡,5,岩田康誠, 57 ,10,3,１, 内,芝1200,良,,(栗),須貝尚介,1087,-0.0,,7,6,33.9,496,-4,B
,"2017. 3. 5",阪神,1阪4,ｵｰﾌﾟﾝ,大阪城ＳＨ,1,1,アストラエンブレム,牡,4,Ｍ．デム, 55 ,16,1,１, 外,芝1800,良,,(美),小島茂之,1471,-0.0,,11,11,32.8,464,-2,
,"2017. 3. 5",阪神,1阪4,ｵｰﾌﾟﾝ,ポラリス,4,8,スーサンジョイ,牡,5,和田竜二, 56 ,16,3,１, ,ダ1400,良,,(栗),岩元市三,1227,-0.0,,4,4,36.3,528,+2,
,"2017. 3. 5",阪神,1阪4,1600万,武庫川Ｈ1600,8,12,タイセイサミット,牡,4,中谷雄太, 55 ,12,2,１, 外,芝1600,良,,(栗),矢作芳人,1331,-0.1,,6,6,33.4,494,+4,
,"2017. 3. 5",阪神,1阪4,500万,500万下,8,8,サトノスーペリア,セ,6,和田竜二, 57 ,9,2,１, ,ダ2000,良,,(栗),平田修,2063,-0.1,2,2,2,36.3,476,-4,
,"2017. 3. 5",阪神,1阪4,500万,500万下*,1,1,クライムメジャー,牡,3,Ｍ．デム, 56 ,9,1,１, 内,芝1400,良,,(栗),池江泰寿,1221,-0.0,,2,3,34.6,512,+12,
,"2017. 3. 5",阪神,1阪4,500万,500万下*,1,1,カケルテソーロ,牡,3,岩田康誠, 56 ,11,3,１, ,ダ1800,良,,(栗),吉村圭司,1527,-0.2,1,1,1,37.9,548,-10,
,"2017. 3. 5",阪神,1阪4,未勝利,未勝利,4,6,アドミラブル,牡,3,松若風馬, 56 ,15,2,１, 外,芝1800,良,,(栗),音無秀孝,1458,-0.4,,8,8,34.0,514,-6,
,"2017. 3. 5",阪神,1阪4,新馬,新馬,6,11,ヴァリーゲイト,牡,3,小牧太, 56 ,16,9,１, ,ダ1400,良,,(栗),大橋勇樹,1261,-0.2,,1,1,38.1,478,,
,"2017. 3. 5",阪神,1阪4,未勝利,未勝利,3,5,ナムラスパルタクス,牡,3,幸英明, 56 ,16,1,１, ,ダ1800,良,,(栗),目野哲也,1539,-0.1,3,3,3,38.4,458,0,
,"2017. 3. 5",阪神,1阪4,未勝利,未勝利,6,11,スワーヴノートン,牡,3,岩田康誠, 56 ,16,3,１, ,ダ1200,良,,(栗),須貝尚介,1128,-0.5,,1,1,37.3,482,-2,B
,"2017. 3. 5",阪神,1阪4,未勝利,未勝利・牝,7,13,ファームフェイス,牝,3,Ｍ．デム, 54 ,15,1,１, ,ダ1400,良,,(栗),笹田和秀,1254,-0.3,,7,7,37.0,472,0,
,"2017. 3. 4",阪神,1阪3,1000万,1000万下,5,7,アドマイヤロケット,牡,5,藤岡康太, 57 ,13,6,１, ,ダ2000,良,,(栗),友道康夫,2049,-0.8,1,1,1,37.1,488,+8,
,"2017. 3. 4",阪神,1阪3,Ｇ３,チューリG3,7,10,ソウルスターリング,牝,3,ルメール, 54 ,12,1,１, 外,芝1600,良,,(美),藤沢和雄,1332,-0.3,,5,5,33.8,476,+4,
,"2017. 3. 4",阪神,1阪3,1600万,播磨Ｓ1600,3,5,サウススターマン,牡,6,川田将雅, 57 ,15,1,１, ,ダ1400,良,,(栗),加用正,1232,-0.0,,2,3,35.9,520,0,
,"2017. 3. 4",阪神,1阪3,1000万,千里山特1000,6,7,タツゴウゲキ,牡,5,Ｍ．デム, 57 ,11,2,１, 内,芝2000,良,,(栗),鮫島一歩,2016,-0.3,3,3,3,34.4,494,+10,
,"2017. 3. 4",阪神,1阪3,500万,500万下,5,5,スノードルフィン,牡,4,藤岡康太, 57 ,12,4,１, ,ダ1800,良,,(栗),野中賢二,1537,-0.0,8,7,6,37.0,488,0,B
,"2017. 3. 4",阪神,1阪3,500万,500万下,4,7,エイシンビジョン,牡,4,岩田康誠, 57 ,16,3,１, ,ダ1400,良,,(栗),藤原英昭,1244,-0.2,,5,3,37.3,464,+2,
,"2017. 3. 4",阪神,1阪3,500万,500万下*,6,8,クリアザトラック,牡,3,Ｍ．デム, 56 ,12,1,１, 外,芝1800,良,,(栗),角居勝彦,1474,-0.0,,3,3,33.7,456,+14,
,"2017. 3. 4",阪神,1阪3,未勝利,未勝利,2,4,シンギュラリティ,牡,3,ルメール, 56 ,16,2,１, 外,芝1600,良,,(栗),松田国英,1356,-0.0,,8,12,33.9,486,-4,
,"2017. 3. 4",阪神,1阪3,未勝利,障害未勝利,2,2,ゴースルー,牡,7,大江原圭, 60 ,10,7,１, ,ダ2970,良,,(美),大江原哲,3223,-1.7,2,1,1,13.6,476,-6,
,"2017. 3. 4",阪神,1阪3,新馬,新馬,1,1,エンパイアガール,牝,3,小牧太, 54 ,16,3,１, ,ダ1800,良,,(栗),矢作芳人,1543,-0.2,1,1,1,37.7,462,,
,"2017. 3. 4",阪神,1阪3,未勝利,未勝利,8,16,スマートダンディー,牡,3,幸英明, 56 ,16,1,１, ,ダ1400,良,,(栗),石橋守,1256,-0.1,,7,6,37.4,494,-4,
,"2017. 3. 4",阪神,1阪3,未勝利,未勝利・牝,1,2,イイコトバカリ,牝,3,松若風馬, 54 ,16,1,１, ,ダ1800,良,,(栗),音無秀孝,1543,-0.3,1,1,1,38.3,468,0,
,"2017. 2.26",阪神,1阪2,1000万,1000万下,7,13,ミスズスター,牡,4,幸英明, 57 ,16,6,１, ,ダ1400,良,,(栗),加藤敬二,1241,-0.3,,9,8,36.5,458,-4,
,"2017. 2.26",阪神,1阪2,Ｇ３,阪急杯G3,2,2,トーキングドラム,牡,7,幸英明, 56 ,12,7,１, 内,芝1400,良,,(美),斎藤誠,1214,-0.0,,7,8,35.3,478,-2,
,"2017. 2.26",阪神,1阪2,1600万,伊丹Ｓ1600,3,5,ナムラアラシ,牡,4,幸英明, 56 ,15,4,１, ,ダ1800,良,,(栗),目野哲也,1520,-0.0,15,15,12,35.4,524,+4,
,"2017. 2.26",阪神,1阪2,ｵｰﾌﾟﾝ,すみれＳ,1,1,クリンチャー,牡,3,藤岡佑介, 56 ,7,5,１, 内,芝2200,良,,(栗),宮本博,2141,-0.7,2,2,2,35.8,476,-2,
,"2017. 2.26",阪神,1阪2,500万,500万下,1,1,タニノアーバンシー,牝,4,川田将雅, 54 ,10,1,１, 外,芝1800,良,,(栗),角居勝彦,1486,-0.5,,1,1,34.8,512,0,
,"2017. 2.26",阪神,1阪2,500万,500万下,6,11,レッツイットラン,牡,5,浜中俊, 57 ,15,1,１, ,ダ1200,稍,,(栗),牧田和弥,1119,-0.1,,3,3,35.9,492,-4,
,"2017. 2.26",阪神,1阪2,新馬,新馬,5,10,エクレアスパークル,牡,3,川田将雅, 56 ,16,1,１, 内,芝2000,良,,(栗),中内田充,2053,-0.4,3,3,1,35.0,470,,
,"2017. 2.26",阪神,1阪2,未勝利,未勝利,4,4,ワラッチャウヨネ,牝,3,森裕太朗,51▲,11,8,１, 外,芝2400,良,,(美),高橋義博,2302,-0.2,7,8,8,35.2,410,-8,
,"2017. 2.26",阪神,1阪2,未勝利,障害未勝利,7,10,ミヤジタイガ,牡,7,小坂忠士, 60 ,13,1,１, ,ダ2970,良,,(栗),岩元市三,3267,-0.0,1,1,1,13.9,520,0,
,"2017. 2.26",阪神,1阪2,未勝利,未勝利,5,6,ダノンケンリュウ,牡,3,松若風馬, 56 ,12,2,１, ,ダ1800,稍,,(栗),音無秀孝,1543,-0.4,2,2,2,36.2,472,-6,
,"2017. 2.26",阪神,1阪2,未勝利,未勝利,5,10,ハッシュタグ,牡,3,川田将雅, 56 ,16,3,１, ,ダ1400,稍,,(栗),石坂正,1250,-0.0,,2,2,37.4,466,+4,
,"2017. 2.26",阪神,1阪2,未勝利,未勝利・牝,6,7,ミスレジェンド,牝,3,浜中俊, 54 ,11,4,１, ,ダ1800,稍,,(栗),本田優,1543,-0.5,1,1,1,38.3,468,+6,
,"2017. 2.25",阪神,1阪1,1000万,1000万下,7,11,オウケンワールド,牡,5,Ｍ．デム, 57 ,13,2,１, ,ダ1800,稍,,(栗),西村真幸,1512,-0.0,9,9,5,36.8,508,+2,
,"2017. 2.25",阪神,1阪1,Ｇ３,アーリンG3,6,8,ペルシアンナイト,牡,3,Ｍ．デム, 56 ,12,1,１, 外,芝1600,良,*,(栗),池江泰寿,1341,-0.5,,9,9,34.0,482,+4,
,"2017. 2.25",阪神,1阪1,1600万,尼崎Ｓ1600,1,1,ステイインシアトル,牡,6,武豊, 57 ,8,2,１, 内,芝2200,良,,(栗),池江泰寿,2145,-0.0,1,1,1,35.4,496,+12,
,"2017. 2.25",阪神,1阪1,1000万,丹波特Ｈ1000,6,7,ピンストライプ,牡,5,川田将雅, 57 ,12,1,１, 外,芝1600,良,,(栗),中内田充,1350,-0.5,,2,2,34.4,534,-2,
,"2017. 2.25",阪神,1阪1,500万,500万下・牝,2,3,ウォーターピオニー,牝,4,和田翼,54☆,16,2,１, ,ダ1400,稍,,(栗),河内洋,1241,-0.0,,8,7,36.3,430,-2,
,"2017. 2.25",阪神,1阪1,500万,500万下,6,9,タイセイブルグ,牡,4,ルメール, 56 ,13,1,１, ,ダ1800,稍,,(栗),高野友和,1530,-0.6,2,2,1,37.7,486,+12,B
,"2017. 2.25",阪神,1阪1,500万,500万下*,8,11,ファッショニスタ,牝,3,川田将雅, 54 ,12,1,１, ,ダ1400,稍,,(栗),安田隆行,1248,-0.3,,8,8,36.5,472,+2,
,"2017. 2.25",阪神,1阪1,未勝利,未勝利,1,1,スティッフェリオ,牡,3,松若風馬, 56 ,12,1,１, 内,芝2000,良,,(栗),音無秀孝,2032,-0.0,1,1,1,35.8,454,-10,
,"2017. 2.25",阪神,1阪1,未勝利,未勝利・牝,6,11,チャレアーダ,牝,3,四位洋文, 54 ,16,5,１, 外,芝1800,良,,(栗),中内田充,1485,-0.2,,10,8,34.5,462,,
,"2017. 2.25",阪神,1阪1,新馬,新馬,6,11,スズカモナミ,牝,3,松若風馬, 54 ,16,4,１, ,ダ1200,重,,(栗),吉村圭司,1139,-0.0,,2,3,38.0,424,,
,"2017. 2.25",阪神,1阪1,未勝利,未勝利,4,4,メイショウヤエヤマ,牡,3,柴田善臣, 56 ,10,3,１, ,ダ1800,重,,(栗),高橋亮,1537,-0.2,1,1,2,38.2,498,0,
,"2017. 2.25",阪神,1阪1,未勝利,未勝利,7,14,ケンシュナウザー,牡,3,浜中俊, 56 ,16,7,１, ,ダ1200,重,,(栗),本田優,1114,-0.6,,1,1,36.6,468,-6,
,2016.12.25,阪神,5阪9,ｵｰﾌﾟﾝ,ファイナ,5,10,タガノエスプレッソ,牡,4,北村友一, 56 ,16,12,１, ,ダ1400,稍,,(栗),五十嵐忠,1226,-0.0,,8,8,35.9,450,+6,
,2016.12.25,阪神,5阪9,1600万,カウンＨ1600,1,1,クインズミラーグロ,牝,4,柴山雄一, 54 ,16,10,１, 内,芝2000,良,,(美),和田正道,2027,-0.1,3,3,3,36.4,450,-12,
,2016.12.25,阪神,5阪9,1000万,赤穂特別1000,4,8,ナムラアラシ,牡,3,幸英明, 56 ,16,9,１, ,ダ2000,稍,,(栗),目野哲也,2041,-0.1,9,9,7,36.5,508,-6,
,2016.12.25,阪神,5阪9,1000万,江坂特別1000,3,3,エイシンハドソン,牡,5,幸英明, 57 ,10,5,１, 外,芝2400,良,,(栗),沖芳夫,2289,-0.0,10,10,10,35.4,542,-2,
,2016.12.25,阪神,5阪9,500万,500万下,8,16,アドマイヤムテキ,牡,3,和田竜二, 56 ,16,1,１, ,ダ1400,稍,,(栗),中尾秀正,1241,-0.3,,7,7,36.5,496,-2,
,2016.12.25,阪神,5阪9,500万,500万下・牝,8,16,サブトゥエンティ,牝,4,荻野極,52▲,16,10,１, ,ダ1800,稍,,(栗),松田国英,1531,-0.1,12,10,11,37.5,454,+8,
,2016.12.25,阪神,5阪9,500万,500万下*,5,5,ダノンディスタンス,牡,2,和田竜二, 55 ,8,4,１, 内,芝2000,良,,(栗),佐々木晶,2050,-0.1,1,1,1,35.6,516,-10,
,2016.12.25,阪神,5阪9,新馬,新馬,3,6,ディヴァインハイツ,牝,2,アッゼニ, 54 ,18,5,１, 外,芝1600,良,,(栗),石坂正,1369,-0.2,,5,4,35.0,464,,
,2016.12.25,阪神,5阪9,未勝利,未勝利*,2,3,ウィズワンアセント,牡,2,シュタル, 55 ,15,4,１, 内,芝2000,良,,(栗),吉村圭司,2051,-0.1,3,3,3,36.4,514,+6,
,2016.12.25,阪神,5阪9,未勝利,未勝利*,8,12,グランドディアマン,牡,2,和田竜二, 55 ,13,1,１, ,ダ1800,稍,,(栗),岩元市三,1531,-0.3,2,3,2,37.6,508,0,
,2016.12.25,阪神,5阪9,未勝利,未勝利・牝*,5,10,カウントオンイット,牝,2,松山弘平, 54 ,17,5,１, 外,芝1600,良,,(栗),高野友和,1365,-0.4,,2,2,34.8,494,-6,B
,2016.12.25,阪神,5阪9,未勝利,未勝利*,7,13,アッティーヴォ,牡,2,柴山雄一, 55 ,16,6,１, ,ダ1200,稍,,(栗),大根田裕,1122,-0.4,,4,3,36.5,426,0,
,2016.12.24,阪神,5阪8,1000万,1000万下,3,3,デルカイザー,セ,5,シュミノ, 57 ,14,3,１, 外,芝1600,稍,,(美),藤沢和雄,1351,-0.1,,4,4,34.7,472,-10,B
,2016.12.24,阪神,5阪8,Ｇ２,阪神カッG2,1,2,シュウジ,牡,3,川田将雅, 56 ,16,7,１, 内,芝1400,稍,*,(栗),須貝尚介,1219,-0.0,,6,6,34.8,504,0,
,2016.12.24,阪神,5阪8,1600万,摩耶ＳＨ1600,3,5,カラクプア,牡,3,藤岡康太, 54 ,15,7,１, ,ダ1800,重,,(栗),松田国英,1499,-0.0,8,8,6,37.5,492,+2,B
,2016.12.24,阪神,5阪8,1000万,ジングル1000,5,6,ギモーヴ,牝,3,川田将雅, 54 ,12,2,１, 内,芝2000,稍,,(栗),池添学,2031,-0.1,4,4,5,36.4,466,+6,
,2016.12.24,阪神,5阪8,500万,500万下,6,12,ヴァフラーム,牝,4,バルザロ, 55 ,18,4,１, 外,芝2600,稍,,(栗),吉村圭司,2414,-0.0,13,10,8,35.6,484,-2,
,2016.12.24,阪神,5阪8,500万,500万下,4,7,ブルームーン,牡,4,川田将雅, 57 ,16,1,１, ,ダ1200,重,,(栗),清水久詞,1112,-0.0,,11,11,35.8,476,0,
,2016.12.24,阪神,5阪8,新馬,新馬,6,12,タガノカトレア,牝,2,菱田裕二, 54 ,16,1,１, ,ダ1400,重,,(栗),岡田稲男,1248,-0.2,,10,10,36.0,420,,
,2016.12.24,阪神,5阪8,新馬,新馬,8,13,インウィスパーズ,牡,2,ルメール, 55 ,13,3,１, 外,芝1800,稍,,(栗),音無秀孝,1494,-0.6,,2,2,34.8,444,,
,2016.12.24,阪神,5阪8,未勝利,障害未勝利,7,11,テイエムオドロキ,牝,5,佐久間寛, 58 ,14,4,１, ,ダ2970,稍,,(栗),池添学,3262,-0.2,2,1,1,13.9,470,+4,
,2016.12.24,阪神,5阪8,未勝利,未勝利*,2,4,ファンタジステラ,牡,2,アッゼニ, 55 ,18,6,１, 内,芝1400,稍,*,(栗),音無秀孝,1236,-0.1,,4,4,36.4,438,+8,
,2016.12.24,阪神,5阪8,未勝利,未勝利*,5,9,マイブルーヘブン,牡,2,幸英明, 55 ,16,4,１, ,ダ1800,重,,(栗),高橋義忠,1534,-0.2,16,15,15,37.0,460,+2,
,2016.12.24,阪神,5阪8,未勝利,未勝利*,7,13,アディラート,牡,2,武豊, 55 ,15,1,１, ,ダ1400,重,,(栗),須貝尚介,1230,-2.0,,1,1,35.9,496,+4,
,2016.12.23,阪神,5阪7,500万,500万下,5,10,ワントゥワン,牝,3,ルメール, 54 ,17,1,１, 外,芝1600,重,,(栗),藤岡健一,1353,-0.3,,12,9,34.4,442,+2,
,2016.12.23,阪神,5阪7,1600万,六甲アイ1600,2,3,スナッチマインド,牝,5,浜中俊, 55 ,18,3,１, 内,芝1400,重,,(栗),岡田稲男,1224,-0.0,,5,7,36.1,462,+2,
,2016.12.23,阪神,5阪7,1000万,クリスマ1000,8,14,アキトクレッセント,牡,4,荻野極, 57 ,15,6,１, ,ダ1400,重,,(栗),清水久詞,1228,-0.3,,8,7,37.1,502,+2,
,2016.12.23,阪神,5阪7,500万,千両賞500*,3,5,アルアイン,牡,2,シュミノ, 55 ,15,1,１, 外,芝1600,重,,(栗),池江泰寿,1365,-0.2,,6,7,35.1,518,0,
,2016.12.23,阪神,5阪7,1000万,1000万下,2,3,ラブミークン,牡,4,柴田未崎, 57 ,16,7,１, ,ダ1200,重,,(栗),田所秀孝,1108,-0.0,,4,4,36.0,500,+4,
,2016.12.23,阪神,5阪7,500万,500万下,2,4,ロイヤルネイビー,牡,3,アッゼニ, 56 ,16,10,１, ,ダ2000,重,,(栗),大久保龍,2037,-0.0,5,7,7,37.0,472,+4,
,2016.12.23,阪神,5阪7,新馬,新馬,7,9,サウスザスナイパー,牡,2,北村友一, 55 ,11,1,１, ,ダ1800,重,,(栗),加用正,1525,-0.5,7,7,2,37.3,518,,
,2016.12.23,阪神,5阪7,新馬,新馬,7,8,シャイニーゲール,牡,2,ルメール, 55 ,11,2,１, 内,芝2000,重,,(栗),石坂正,2054,-0.6,2,2,2,36.2,466,,
,2016.12.23,阪神,5阪7,未勝利,未勝利*,2,2,マイスタイル,牡,2,福永祐一, 55 ,13,4,１, 外,芝1800,重,,(栗),昆貢,1490,-0.3,,3,3,35.0,458,-4,
,2016.12.23,阪神,5阪7,未勝利,未勝利*,8,15,アンデスクイーン,牝,2,藤岡康太, 54 ,15,1,１, ,ダ1400,不,,(栗),西園正都,1244,-0.3,,2,2,36.9,470,+2,
,2016.12.23,阪神,5阪7,未勝利,未勝利*,1,1,アタックバイオ,牡,2,川田将雅, 55 ,15,1,１, ,ダ1200,不,,(栗),藤原英昭,1121,-0.4,,1,1,37.3,476,-4,
,2016.12.23,阪神,5阪7,未勝利,未勝利・牝*,6,10,ナムラミルク,牝,2,荻野極,51▲,14,11,１, ,ダ1800,不,,(栗),大橋勇樹,1544,-0.1,4,4,7,38.8,454,-2,
,2016.12.18,阪神,5阪6,1000万,高砂特別1000,7,13,コウエイエンブレム,牡,3,松山弘平, 56 ,16,1,１, ,ダ1400,良,,(栗),山内研二,1235,-0.6,,2,2,36.7,526,+6,
,2016.12.18,阪神,5阪6,Ｇ１,フューチG1,8,17,サトノアレス,牡,2,四位洋文, 55 ,18,6,１, 外,芝1600,良,,(美),藤沢和雄,1354,-0.1,,13,12,34.1,500,+4,
,2016.12.18,阪神,5阪6,ｵｰﾌﾟﾝ,ベテルギ,1,1,ミツバ,牡,4,横山典弘, 57 ,10,1,１, ,ダ2000,良,,(栗),加用正,2036,-0.4,8,6,3,36.6,468,+8,B
,2016.12.18,阪神,5阪6,1600万,元町Ｓ1600,2,3,ロイカバード,牡,3,武豊, 56 ,15,3,１, 外,芝1600,良,,(栗),松永幹夫,1354,-0.1,,13,13,33.5,452,+4,
,2016.12.18,阪神,5阪6,1000万,1000万下,5,10,ナムラケイト,牝,4,内田博幸, 55 ,16,6,１, ,ダ1800,良,,(栗),五十嵐忠,1513,-0.8,2,2,2,36.8,504,+4,
,2016.12.18,阪神,5阪6,500万,500万下*,8,11,メイショウソウビ,牡,2,武幸四郎, 55 ,11,6,１, 内,芝1200,良,,(栗),飯田祐史,1106,-0.2,,1,1,35.9,470,-6,
,2016.12.18,阪神,5阪6,新馬,新馬・牝,8,9,メイショウカズヒメ,牝,2,池添謙一, 54 ,9,1,１, ,ダ1200,良,,(栗),南井克巳,1134,-0.2,,3,2,37.6,486,,
,2016.12.18,阪神,5阪6,新馬,新馬,7,7,プラチナムバレット,牡,2,ルメール, 55 ,10,3,１, 外,芝1800,良,,(栗),河内洋,1507,-0.1,,2,2,34.5,490,,
,2016.12.18,阪神,5阪6,未勝利,未勝利*,2,3,シャドウマリア,牝,2,ルメール, 54 ,16,1,１, 内,芝2000,良,,(栗),角居勝彦,2044,-0.0,8,7,6,36.6,438,+2,
,2016.12.18,阪神,5阪6,未勝利,未勝利*,2,4,ダイメイフジ,牡,2,幸英明, 55 ,16,4,１, 内,芝1200,良,,(栗),森田直行,1110,-0.1,,11,12,35.1,514,-4,
,2016.12.18,阪神,5阪6,未勝利,未勝利*,4,4,デフィ,牡,2,Ｍ．デム, 55 ,12,5,１, ,ダ1800,良,,(栗),高橋康之,1535,-0.3,6,6,5,36.9,514,+14,
,2016.12.18,阪神,5阪6,未勝利,未勝利*,8,12,ケンシン,牡,2,内田博幸, 55 ,13,3,１, ,ダ1400,良,,(栗),谷潔,1262,-0.4,,2,2,38.6,494,-4,
,2016.12.17,阪神,5阪5,1000万,1000万下,3,3,ウインクルサルーテ,牝,3,武豊, 54 ,9,2,１, 外,芝1800,良,,(栗),高橋亮,1492,-0.5,,5,5,34.8,422,+2,
,2016.12.17,阪神,5阪5,ｵｰﾌﾟﾝ,リゲルＳ,4,8,マイネルアウラート,牡,5,バルザロ, 57 ,17,7,１, 外,芝1600,良,,(美),高橋裕,1348,-0.1,,1,1,35.1,464,-8,
,2016.12.17,阪神,5阪5,1000万,猪名川Ｈ1000,4,7,ムーンエクスプレス,牝,4,池添謙一, 54 ,15,5,１, 内,芝1400,良,,(栗),鈴木孝志,1227,-0.0,,1,1,35.7,434,-2,
,2016.12.17,阪神,5阪5,500万,樅の木賞500*,5,5,サンライズソア,牡,2,和田翼, 55 ,11,6,１, ,ダ1800,稍,,(栗),河内洋,1538,-0.0,2,2,2,37.5,506,0,
,2016.12.17,阪神,5阪5,500万,500万下,1,1,メイショウタラチネ,牝,4,川田将雅, 55 ,16,2,１, ,ダ1400,稍,,(栗),高橋義忠,1242,-0.0,,1,1,37.2,464,-10,
,2016.12.17,阪神,5阪5,500万,500万下,5,8,ディライトフル,セ,5,アッゼニ, 57 ,15,5,１, ,ダ1800,稍,,(栗),大久保龍,1545,-0.1,3,3,6,37.1,496,+14,
,2016.12.17,阪神,5阪5,新馬,新馬,6,11,ヤマニンベリンダ,牝,2,和田翼,53☆,15,13,１, 内,芝1200,良,,(栗),河内洋,1113,-0.1,,3,3,35.3,460,,
,2016.12.17,阪神,5阪5,新馬,新馬,6,7,ファッショニスタ,牝,2,川田将雅, 54 ,11,1,１, ,ダ1400,稍,,(栗),安田隆行,1257,-0.4,,4,4,36.6,474,,
,2016.12.17,阪神,5阪5,未勝利,未勝利*,7,13,スパークルメノウ,牡,2,バルザロ, 55 ,16,2,１, 外,芝1800,良,,(栗),角居勝彦,1501,-0.2,,13,12,34.4,452,0,
,2016.12.17,阪神,5阪5,未勝利,未勝利*,7,14,ミルトプリンス,牡,2,古川吉洋, 55 ,17,14,１, 外,芝1600,良,*,(栗),中竹和也,1371,-0.0,,1,1,35.6,430,0,
,2016.12.17,阪神,5阪5,未勝利,未勝利*,2,2,ブルベアラクーン,牡,2,酒井学, 55 ,12,1,１, ,ダ1800,稍,,(栗),湯窪幸雄,1523,-0.0,1,1,1,37.7,528,+2,
,2016.12.17,阪神,5阪5,未勝利,未勝利*,4,7,ダブルスプリット,牡,2,松田大作, 55 ,15,2,１, ,ダ1200,稍,,(栗),西園正都,1126,-0.2,,2,2,37.4,466,+4,B
,2016.12.11,阪神,5阪4,1000万,夙川特別1000,4,8,エルフィンコーブ,牝,3,戸崎圭太, 54 ,16,1,１, ,ダ1200,良,,(栗),池添学,1113,-0.2,,3,3,35.8,506,-10,
,2016.12.11,阪神,5阪4,Ｇ１,阪神ジュG1,1,2,ソウルスターリング,牝,2,ルメール, 54 ,18,1,１, 外,芝1600,良,,(美),藤沢和雄,1340,-0.2,,3,4,34.8,472,-8,
,2016.12.11,阪神,5阪4,1600万,堺Ｓ1600,3,3,ピットボス,牡,3,ルメール, 56 ,13,1,１, ,ダ1800,良,,(栗),清水久詞,1510,-0.0,2,2,2,36.3,512,0,
,2016.12.11,阪神,5阪4,1000万,境港特別1000,5,5,シャケトラ,牡,3,ルメール, 55 ,9,1,１, 内,芝2200,良,,(栗),角居勝彦,2137,-0.1,6,5,5,35.2,518,0,
,2016.12.11,阪神,5阪4,500万,500万下,4,7,ショウボート,牡,4,ルメール, 57 ,17,1,１, 外,芝1800,良,,(栗),石坂正,1486,-0.0,,8,6,34.1,472,-4,
,2016.12.11,阪神,5阪4,500万,500万下,7,10,オースミラナキラ,牡,4,川島信二, 57 ,12,1,１, ,ダ1800,良,,(栗),荒川義之,1521,-0.8,9,9,8,36.5,540,0,
,2016.12.11,阪神,5阪4,新馬,新馬,7,7,スターカットダイヤ,牡,2,藤岡康太, 55 ,9,2,１, ,ダ1200,良,,(栗),平田修,1134,-0.6,,3,3,36.6,460,,
,2016.12.11,阪神,5阪4,新馬,新馬,4,4,キセキ,牡,2,ルメール, 55 ,8,2,１, 外,芝1800,良,,(栗),角居勝彦,1495,-0.6,,3,3,34.5,494,,
,2016.12.11,阪神,5阪4,未勝利,未勝利*,8,16,ユアスイスイ,牝,2,ルメール, 54 ,18,1,１, 内,芝1400,良,,(栗),安田隆行,1233,-0.3,,4,4,35.9,486,-2,
,2016.12.11,阪神,5阪4,未勝利,未勝利・牝*,1,1,プリンセスルーラー,牝,2,バルザロ, 54 ,12,6,１, 外,芝1800,良,,(栗),高橋康之,1490,-0.5,,2,2,35.1,482,-6,
,2016.12.11,阪神,5阪4,未勝利,未勝利*,8,12,タガノディグオ,牡,2,川島信二, 55 ,12,1,１, ,ダ1800,良,,(栗),宮徹,1544,-0.5,12,7,5,36.6,518,-10,
,2016.12.11,阪神,5阪4,未勝利,未勝利*,4,7,スナークライデン,牡,2,シュタル, 55 ,15,5,１, ,ダ1400,良,,(栗),川村禎彦,1264,-0.0,,3,4,38.6,464,+2,
,2016.12.10,阪神,5阪3,500万,500万下,6,11,マイネルラック,牡,3,シュタル, 56 ,16,2,１, ,ダ1400,稍,,(栗),梅田智之,1246,-0.1,,8,8,37.1,480,-2,
,2016.12.10,阪神,5阪3,Ｇ３,チャレンＨG3,7,15,マイネルハニー,牡,3,柴田大知, 55 ,18,9,１, 外,芝1800,稍,,(美),栗田博憲,1465,-0.0,,3,2,35.9,476,-8,
,2016.12.10,阪神,5阪3,1600万,オリオＨ1600,1,1,マイネルサージュ,牡,4,柴田大知, 55 ,9,2,１, 外,芝2400,稍,,(美),鹿戸雄一,2263,-0.2,3,2,2,34.5,504,0,
,2016.12.10,阪神,5阪3,1000万,摂津特別1000,7,8,ビナイーグル,牡,3,松若風馬, 56 ,10,6,１, 外,芝1600,稍,,(栗),服部利之,1348,-0.0,,6,7,33.8,508,-4,
,2016.12.10,阪神,5阪3,1000万,1000万下,1,1,メイスンウォー,牡,6,松田大作, 57 ,16,9,１, ,ダ1800,稍,,(美),小島茂之,1518,-0.6,4,7,9,37.3,462,-4,
,2016.12.10,阪神,5阪3,500万,500万下*,8,8,スターペスマリア,牝,2,ルメール, 54 ,8,1,１, ,ダ1200,稍,,(栗),石橋守,1118,-0.0,,3,5,36.7,476,+6,
,2016.12.10,阪神,5阪3,新馬,新馬,2,2,アンタガシャチョウ,牡,2,武豊, 55 ,7,3,１, ,ダ1800,稍,,(栗),野中賢二,1551,-0.7,3,3,4,37.6,512,,
,2016.12.10,阪神,5阪3,新馬,新馬,4,4,ラプソディーア,牝,2,ルメール, 54 ,8,1,１, 内,芝1400,稍,,(栗),友道康夫,1235,-0.3,,2,2,35.4,414,,
,2016.12.10,阪神,5阪3,未勝利,未勝利*,2,2,ザモンゴメリー,牡,2,Ｍ．デム, 55 ,9,3,１, 内,芝2000,稍,,(栗),高橋義忠,2039,-0.2,6,4,3,36.0,506,0,
,2016.12.10,阪神,5阪3,未勝利,未勝利*,1,1,タスクフォース,牡,2,Ｍ．デム, 55 ,13,1,１, ,ダ1800,稍,,(栗),須貝尚介,1531,-0.3,1,1,1,37.4,540,-4,
,2016.12.10,阪神,5阪3,未勝利,未勝利*,4,4,カムカム,牡,2,松若風馬, 55 ,13,2,１, ,ダ1200,稍,,(栗),浜田多実,1124,-0.2,,4,4,36.6,460,-2,
,2016.12.10,阪神,5阪3,未勝利,未勝利・牝*,3,5,チカノワール,牝,2,武豊, 54 ,15,4,１, ,ダ1400,稍,,(栗),笹田和秀,1261,-0.4,,12,10,37.3,448,+4,
,"2016.12. 4",阪神,5阪2,1000万,1000万下,2,4,サザンライツ,牡,5,池添謙一, 57 ,16,4,１, 内,芝1200,稍,,(美),池上昌弘,1098,-0.1,,4,5,35.1,500,-6,
,"2016.12. 4",阪神,5阪2,ｵｰﾌﾟﾝ,タンザナＨ,4,6,サンライズメジャー,牡,7,池添謙一, 56 ,14,4,１, 内,芝1400,稍,,(栗),浜田多実,1221,-0.0,,6,7,33.9,486,-2,
,"2016.12. 4",阪神,5阪2,1600万,妙見山Ｓ1600,7,8,ビッグリバティ,牡,7,川田将雅, 57 ,10,5,１, ,ダ1400,良,,(美),大和田成,1233,-0.0,,3,3,35.7,524,+10,
,"2016.12. 4",阪神,5阪2,500万,シクラメ500*,5,5,サトノアーサー,牡,2,川田将雅, 55 ,9,1,１, 外,芝1800,良,,(栗),池江泰寿,1508,-0.6,,6,5,32.7,468,+4,
,"2016.12. 4",阪神,5阪2,1000万,1000万下,3,6,ブルミラコロ,牡,4,秋山真一, 57 ,16,1,１, ,ダ1400,良,,(栗),大久保龍,1249,-0.1,,3,3,36.8,518,+4,
,"2016.12. 4",阪神,5阪2,500万,500万下,8,14,メイショウカシュウ,牡,4,荻野極,54▲,14,8,１, ,ダ1800,良,,(栗),本田優,1526,-0.2,1,2,1,38.1,500,+2,
,"2016.12. 4",阪神,5阪2,新馬,新馬・牝,4,7,エンゲルヘン,牝,2,三津谷隼,51▲,18,4,１, 内,芝1400,良,,(栗),五十嵐忠,1230,-0.1,,1,1,35.5,444,,
,"2016.12. 4",阪神,5阪2,新馬,新馬,5,6,サロニカ,牝,2,川田将雅, 54 ,13,1,１, 外,芝1600,良,,(栗),角居勝彦,1372,-0.2,,2,2,33.8,434,,
,"2016.12. 4",阪神,5阪2,未勝利,障害未勝利,7,8,メイショウソラーレ,牡,6,高田潤, 60 ,11,2,１, ,ダ2970,良,,(栗),中内田充,3236,-0.2,7,6,4,13.7,496,-8,
,"2016.12. 4",阪神,5阪2,未勝利,未勝利*,6,12,アウステルリッツ,牡,2,川田将雅, 55 ,17,1,１, 外,芝1800,良,,(栗),高野友和,1484,-0.3,,4,5,34.7,478,+14,
,"2016.12. 4",阪神,5阪2,未勝利,未勝利*,2,2,ワイドコマンダー,牡,2,藤岡康太, 55 ,12,2,１, ,ダ1800,良,,(栗),加用正,1545,-0.2,9,8,8,37.8,504,+6,
,"2016.12. 4",阪神,5阪2,未勝利,未勝利*,2,4,メイショウグジョウ,牡,2,松山弘平, 55 ,16,3,１, ,ダ1200,良,,(栗),浅見秀一,1133,-0.1,,5,3,37.3,464,+2,
,"2016.12. 3",阪神,5阪1,1000万,1000万下,2,2,フロムマイハート,牝,3,高倉稜, 54 ,9,3,１, 内,芝2000,良,,(栗),宮本博,2040,-0.0,2,2,2,34.0,440,-2,
,"2016.12. 3",阪神,5阪1,1600万,逆瀬川Ｓ1600,6,6,クリノラホール,牝,3,北村友一, 54 ,9,3,１, 外,芝1800,良,,(栗),谷潔,1468,-0.1,,4,4,33.7,448,+2,
,"2016.12. 3",阪神,5阪1,1000万,姫路特Ｈ1000,5,9,マルカウォーレン,牡,4,国分恭介, 56 ,16,2,１, ,ダ1800,良,,(栗),今野貞一,1512,-0.0,6,6,6,37.0,516,-10,
,"2016.12. 3",阪神,5阪1,500万,万両賞500*,8,9,カラクレナイ,牝,2,川田将雅, 54 ,10,1,１, 内,芝1400,良,,(栗),松下武士,1221,-0.2,,8,7,35.6,476,-6,
,"2016.12. 3",阪神,5阪1,500万,500万下,8,16,アメリカントップ,牡,3,藤岡康太, 56 ,16,1,１, ,ダ1200,良,,(栗),藤岡健一,1111,-0.5,,2,2,36.7,524,-4,B
,"2016.12. 3",阪神,5阪1,500万,500万下,7,8,オルナ,牡,4,川田将雅, 57 ,10,1,１, ,ダ2000,良,,(栗),岡田稲男,2052,-0.0,3,3,2,37.1,514,+2,
,"2016.12. 3",阪神,5阪1,新馬,新馬,2,3,ペルランヴェール,牡,2,川田将雅, 55 ,16,1,１, ,ダ1800,良,,(栗),平田修,1538,-0.6,8,5,5,37.8,520,,
,"2016.12. 3",阪神,5阪1,新馬,新馬,1,1,ダノンロマン,牡,2,川田将雅, 55 ,7,1,１, 内,芝2000,良,,(栗),藤原英昭,2050,-0.2,4,4,4,34.3,438,,
,"2016.12. 3",阪神,5阪1,未勝利,未勝利*,7,10,ナンヨーマーズ,牡,2,北村友一, 55 ,12,2,１, 外,芝1600,良,,(栗),清水久詞,1357,-0.0,,6,6,34.4,454,+2,
,"2016.12. 3",阪神,5阪1,未勝利,未勝利*,5,10,ルタンデュボヌール,牡,2,藤岡康太, 55 ,18,2,１, 内,芝1400,良,,(栗),友道康夫,1230,-0.0,,13,10,35.8,482,-2,B
,"2016.12. 3",阪神,5阪1,未勝利,未勝利・牝*,4,4,カカアコ,牝,2,小牧太, 54 ,12,7,１, ,ダ1800,良,,(栗),小崎憲,1542,-0.5,10,2,2,39.2,458,+2,
,"2016.12. 3",阪神,5阪1,未勝利,未勝利*,2,3,カロス,牡,2,幸英明, 55 ,15,1,１, ,ダ1400,良,,(栗),池添兼雄,1256,-0.0,,1,1,37.9,486,+6,
,"2016.10. 2",阪神,4阪8,1000万,1000万下,3,6,コクスイセン,牡,3,武幸四郎, 55 ,16,3,１, ,ダ1800,良,,(栗),寺島良,1510,-0.0,1,1,1,38.1,490,-14,
,"2016.10. 2",阪神,4阪8,ｵｰﾌﾟﾝ,ポートア,7,11,ウインプリメーラ,牝,6,ヴェロン, 56 ,14,3,１, 外,芝1600,良,,(栗),大久保龍,1344,-0.3,,1,1,33.8,448,-8,
,"2016.10. 2",阪神,4阪8,1600万,道頓堀Ｓ1600,5,9,イッテツ,牡,4,幸英明, 57 ,16,6,１, 内,芝1200,良,,(美),斎藤誠,1094,-0.4,,1,1,34.6,484,-6,
,"2016.10. 2",阪神,4阪8,1000万,兵庫特Ｈ1000,1,1,シュペルミエール,牡,3,北村宏司, 53 ,13,1,１, 外,芝2400,良,,(美),木村哲也,2277,-0.1,9,6,7,34.7,486,0,
,"2016.10. 2",阪神,4阪8,500万,500万下,7,13,モアザンイナフ,牡,4,北村友一, 57 ,16,6,１, ,ダ1400,良,*,(栗),加用正,1239,-0.3,,5,6,36.2,450,-6,
,"2016.10. 2",阪神,4阪8,500万,500万下,1,2,クィーンチャーム,牝,4,坂井瑠星,52▲,18,3,１, 外,芝1800,稍,,(栗),池江泰寿,1468,-0.1,,11,12,34.7,444,-4,
,"2016.10. 2",阪神,4阪8,500万,500万下・牝,8,16,ヴァローア,牝,4,藤懸貴志, 55 ,16,12,１, ,ダ1800,稍,,(栗),奥村豊,1518,-0.7,13,12,12,36.7,462,0,
,"2016.10. 2",阪神,4阪8,新馬,新馬,4,5,アットザトップ,牡,2,松若風馬, 55 ,14,1,１, 内,芝1200,稍,,(栗),角田晃一,1109,-0.3,,1,1,35.5,462,,
,"2016.10. 2",阪神,4阪8,未勝利,障害未勝利,2,2,メイショウメイザン,牡,4,熊沢重文, 60 ,7,1,１, ,ダ2970,稍,,(栗),荒川義之,3211,-0.1,1,1,1,13.5,500,+4,
,"2016.10. 2",阪神,4阪8,未勝利,未勝利,6,12,デューズワイルズ,牡,3,北村宏司, 57 ,16,1,１, ,ダ1800,稍,,(栗),鈴木孝志,1534,-0.5,11,6,2,38.2,466,-2,
,"2016.10. 2",阪神,4阪8,未勝利,未勝利*,7,7,スワーヴリチャード,牡,2,四位洋文, 55 ,10,1,１, 内,芝2000,稍,,(栗),庄野靖志,2040,-0.2,3,4,2,35.4,504,-2,
,"2016.10. 2",阪神,4阪8,未勝利,未勝利*,5,10,メイショウテンセイ,牡,2,鮫島良太, 55 ,16,1,１, ,ダ1200,稍,,(栗),西橋豊治,1122,-0.2,,2,1,37.2,480,+2,
,"2016.10. 1",阪神,4阪7,500万,500万下,2,4,サフランハート,牡,3,武豊, 55 ,16,3,１, 内,芝1200,稍,,(栗),北出成人,1093,-0.3,,7,6,33.9,432,-10,
,"2016.10. 1",阪神,4阪7,Ｇ３,シリウスＨG3,1,1,マスクゾロ,牡,5,秋山真一, 56 ,11,1,１, ,ダ2000,稍,,(栗),岡田稲男,2017,-0.0,1,1,1,36.4,532,-2,
,"2016.10. 1",阪神,4阪7,1000万,芦屋川特1000,5,9,ファインニードル,牡,3,浜中俊, 55 ,16,2,１, 内,芝1200,稍,*,(栗),高橋義忠,1088,-0.2,,4,4,34.0,460,-10,
,"2016.10. 1",阪神,4阪7,500万,ヤマボウ500*,8,11,ネコワールド,牡,2,武豊, 55 ,11,2,１, ,ダ1400,稍,,(美),堀井雅広,1250,-0.0,,1,1,38.6,494,0,
,"2016.10. 1",阪神,4阪7,500万,500万下,3,5,オーバーカム,セ,3,武豊, 55 ,16,1,１, ,ダ1800,稍,,(栗),松永幹夫,1526,-0.2,1,1,1,36.9,502,0,
,"2016.10. 1",阪神,4阪7,500万,500万下,1,1,シャケトラ,牡,3,浜中俊, 54 ,18,1,１, 外,芝2400,稍,,(栗),角居勝彦,2271,-0.6,7,8,7,36.1,518,+6,
,"2016.10. 1",阪神,4阪7,新馬,新馬,6,10,アイアンテーラー,牝,2,鮫島良太, 54 ,14,6,１, ,ダ1800,稍,,(栗),飯田雄三,1528,-0.1,1,1,1,38.1,460,,
,"2016.10. 1",阪神,4阪7,新馬,新馬,6,7,スズカフロンティア,牡,2,福永祐一, 55 ,11,3,１, 内,芝2000,稍,,(栗),橋田満,2048,-0.0,5,5,4,35.4,424,,
,"2016.10. 1",阪神,4阪7,新馬,新馬,7,9,サトノアーサー,牡,2,川田将雅, 55 ,11,1,１, 内,芝2000,稍,,(栗),池江泰寿,2048,-0.0,7,7,6,35.3,464,,
,"2016.10. 1",阪神,4阪7,未勝利,未勝利,5,9,ドンボラーレ,牡,3,浜中俊, 57 ,16,1,１, ,ダ1400,重,,(栗),牧浦充徳,1240,-0.6,,3,4,37.4,448,-2,
,"2016.10. 1",阪神,4阪7,未勝利,未勝利*,8,15,カデナ,牡,2,武豊, 55 ,16,1,１, 外,芝1800,稍,,(栗),中竹和也,1491,-0.1,,7,6,35.0,458,+4,
,"2016.10. 1",阪神,4阪7,未勝利,未勝利*,2,3,ブリラーレ,牡,2,福永祐一, 55 ,18,2,１, 内,芝1400,稍,,(栗),斉藤崇史,1233,-0.0,,5,6,35.8,452,-2,
,"2016.10. 1",阪神,4阪7,未勝利,未勝利*,7,13,シロニイ,牡,2,浜中俊, 55 ,16,1,１, ,ダ1800,重,,(栗),池江泰寿,1533,-0.2,8,2,2,38.3,504,-16,
,"2016. 9.25",阪神,4阪6,1000万,1000万下,7,14,ナンヨーカノン,牝,6,Ｍ．デム, 55 ,16,4,１, ,ダ1400,良,,(栗),松永幹夫,1236,-0.1,,3,3,36.4,470,+6,
,"2016. 9.25",阪神,4阪6,Ｇ２,神戸新聞G2,8,14,サトノダイヤモンド,牡,3,ルメール, 56 ,15,1,１, 外,芝2400,良,,(栗),池江泰寿,2257,-0.0,7,8,8,34.2,500,0,
,"2016. 9.25",阪神,4阪6,1600万,ムーンＨ1600,7,11,シルクドリーマー,牡,7,ルメール, 54 ,13,4,１, 内,芝2000,良,,(美),黒岩陽一,1599,-0.1,9,9,8,35.6,476,+8,
,"2016. 9.25",阪神,4阪6,1000万,甲東特Ｈ1000,4,6,ナガラフラワー,牝,4,藤岡佑介, 53 ,15,6,１, 外,芝1600,良,,(栗),高橋亮,1337,-0.0,,7,7,33.7,474,+8,
,"2016. 9.25",阪神,4阪6,500万,500万下,3,6,ラインシュナイダー,牡,4,武豊, 57 ,16,1,１, ,ダ1400,良,,(栗),沖芳夫,1237,-0.2,,7,6,36.7,458,-12,
,"2016. 9.25",阪神,4阪6,500万,500万下,6,12,マコトサダイジン,セ,5,和田竜二, 57 ,18,12,１, 外,芝1600,良,,(栗),松田国英,1339,-0.0,,6,6,34.0,442,+2,
,"2016. 9.25",阪神,4阪6,500万,500万下・牝,4,8,レッドディオーサ,牝,3,浜中俊, 52 ,16,1,１, ,ダ1800,良,*,(栗),庄野靖志,1525,-0.1,12,9,6,36.4,452,+6,
,"2016. 9.25",阪神,4阪6,新馬,新馬,7,7,ムーヴザワールド,牡,2,ルメール, 54 ,10,2,１, 外,芝1800,良,,(栗),石坂正,1478,-0.0,,5,4,34.0,510,,
,"2016. 9.25",阪神,4阪6,未勝利,障害未勝利,3,3,タマモワカサマ,牡,4,平沢健治, 60 ,12,2,１, ,ダ2970,良,,(栗),五十嵐忠,3213,-0.6,4,3,4,13.6,486,0,
,"2016. 9.25",阪神,4阪6,未勝利,未勝利,7,14,ショートストーリー,牡,3,加藤祥太,55☆,16,6,１, ,ダ1800,良,,(栗),吉村圭司,1530,-1.1,6,4,2,36.1,478,-4,
,"2016. 9.25",阪神,4阪6,未勝利,未勝利*,5,10,ミュークレックス,牡,2,幸英明, 54 ,16,1,１, 内,芝1200,良,,(栗),藤沢則雄,1097,-0.2,,1,1,35.4,432,+6,
,"2016. 9.25",阪神,4阪6,未勝利,未勝利*,1,2,ラバピエス,牡,2,Ｍ．デム, 54 ,16,2,１, ,ダ1400,良,,(栗),大久保龍,1260,-0.1,,10,10,37.4,500,+8,
,"2016. 9.24",阪神,4阪5,500万,500万下,3,5,ルナーランダー,牡,3,菱田裕二, 54 ,16,8,１, 内,芝2000,稍,,(栗),岡田稲男,2018,-0.0,2,2,2,34.9,496,0,
,"2016. 9.24",阪神,4阪5,1600万,大阪スポ1600,3,4,パーティードレス,牝,5,Ｍ．デム, 55 ,14,5,１, ,ダ1400,稍,,(栗),松永幹夫,1237,-0.1,,5,7,36.0,474,+2,
,"2016. 9.24",阪神,4阪5,1000万,夕月特別1000,8,11,ミエノサクシード,牝,3,川島信二, 52 ,12,1,１, 外,芝1800,稍,*,(栗),高橋亮,1480,-0.2,,7,5,33.4,448,+4,
,"2016. 9.24",阪神,4阪5,ｵｰﾌﾟﾝ,ききょう,8,9,ジューヌエコール,牝,2,ルメール, 54 ,9,1,１, 内,芝1400,稍,,(栗),安田隆行,1223,-0.1,,8,7,34.0,488,+12,
,"2016. 9.24",阪神,4阪5,500万,500万下,2,4,シゲルゴホウサイ,牝,4,川田将雅, 55 ,16,5,１, ,ダ1200,稍,,(栗),森田直行,1114,-0.1,,4,4,36.0,432,+8,
,"2016. 9.24",阪神,4阪5,500万,500万下,8,16,ウインユニファイド,牡,4,松山弘平, 57 ,16,6,１, ,ダ2000,稍,,(栗),飯田雄三,2047,-0.4,8,7,2,37.4,522,+6,
,"2016. 9.24",阪神,4阪5,新馬,新馬,2,2,コーカス,牡,2,岡田祥嗣, 54 ,11,5,１, ,ダ1400,稍,,(栗),藤原英昭,1254,-0.7,,7,8,37.4,504,,
,"2016. 9.24",阪神,4阪5,新馬,新馬・牝,5,8,ミスエルテ,牝,2,川田将雅, 54 ,15,1,１, 外,芝1600,稍,,(栗),池江泰寿,1372,-0.3,,6,5,33.7,464,,
,"2016. 9.24",阪神,4阪5,未勝利,未勝利,3,6,サトノアルカディア,牡,3,岡田祥嗣, 56 ,16,1,１, ,ダ1800,稍,*,(栗),平田修,1537,-0.0,3,3,3,36.9,516,-4,B
,"2016. 9.24",阪神,4阪5,未勝利,未勝利,7,14,ヴィクトリアマンボ,牝,3,松田大作, 54 ,16,1,１, ,ダ1200,稍,*,(栗),小崎憲,1122,-0.3,,2,2,37.1,456,+4,
,"2016. 9.24",阪神,4阪5,未勝利,未勝利*,5,8,ガウディウム,牡,2,ルメール, 54 ,15,5,１, 外,芝1800,稍,,(栗),吉田直弘,1489,-0.0,,7,7,34.5,446,+14,
,"2016. 9.24",阪神,4阪5,未勝利,未勝利・牝*,7,13,アドマイヤミヤビ,牝,2,ルメール, 54 ,16,1,１, 外,芝1600,稍,,(栗),友道康夫,1348,-0.3,,10,10,33.7,478,-8,
,"2016. 9.18",阪神,4阪4,1000万,1000万下,4,7,マウントハレアカラ,牡,4,Ｍ．デム, 57 ,16,2,１, ,ダ1800,不,,(栗),角居勝彦,1508,-0.2,13,10,9,36.8,472,+2,
,"2016. 9.18",阪神,4阪4,Ｇ２,ローズＳG2,4,7,シンハライト,牝,3,池添謙一, 54 ,15,1,１, 外,芝1800,重,,(栗),石坂正,1467,-0.0,,11,10,33.7,436,+14,
,"2016. 9.18",阪神,4阪4,1600万,仲秋ＳＨ1600,1,1,ブラヴィッシモ,牡,4,浜中俊,57.5,11,1,１, 内,芝1400,重,,(栗),須貝尚介,1222,-0.0,,1,1,36.0,496,0,B
,"2016. 9.18",阪神,4阪4,1000万,能勢特別1000,8,11,プリメラアスール,牝,4,幸英明, 55 ,11,11,１, 内,芝2000,重,,(栗),鈴木孝志,2015,-0.2,1,1,1,36.0,496,0,
,"2016. 9.18",阪神,4阪4,500万,500万下,2,3,キタサンコンサート,牡,4,鮫島良太, 57 ,16,5,１, ,ダ1800,不,,(栗),昆貢,1545,-0.3,1,1,1,39.3,474,-4,B
,"2016. 9.18",阪神,4阪4,500万,500万下,2,4,アグリッパーバイオ,牡,5,武豊, 57 ,18,6,１, 内,芝2200,重,,(栗),須貝尚介,2148,-0.0,11,11,10,36.2,446,-4,
,"2016. 9.18",阪神,4阪4,500万,500万下,6,10,ブラックジョー,セ,3,浜中俊, 55 ,15,2,１, ,ダ1400,不,,(栗),安達昭夫,1252,-0.3,,11,6,37.5,474,-2,
,"2016. 9.18",阪神,4阪4,新馬,新馬,3,3,ワンダープチュック,牡,2,武豊, 54 ,8,3,１, 外,芝1800,重,,(栗),河内洋,1505,-0.1,,4,4,34.9,478,,
,"2016. 9.18",阪神,4阪4,未勝利,未勝利,7,14,メイショウヤクシマ,牡,3,武豊, 56 ,16,3,１, ,ダ1400,不,,(栗),笹田和秀,1260,-0.5,,3,3,38.8,454,0,
,"2016. 9.18",阪神,4阪4,未勝利,未勝利・牝,4,7,アルマレイモミ,牝,3,ルメール, 54 ,16,3,１, ,ダ1800,不,,(栗),西浦勝一,1544,-0.1,4,3,2,37.9,444,+2,
,"2016. 9.18",阪神,4阪4,未勝利,未勝利*,5,9,ドロウアカード,牝,2,ルメール, 54 ,17,6,１, 外,芝1600,重,,(栗),角田晃一,1369,-0.2,,1,1,35.2,442,0,
,"2016. 9.18",阪神,4阪4,未勝利,未勝利*,5,9,メイプルブラザー,牡,2,小牧太, 54 ,16,11,１, ,ダ1800,不,,(栗),山内研二,1555,-0.2,3,2,2,39.4,466,-4,
,"2016. 9.17",阪神,4阪3,500万,500万下,2,4,ヒーズインラブ,牡,3,藤岡康太, 55 ,18,1,１, 内,芝1400,良,,(栗),藤岡健一,1217,-0.0,,18,18,33.8,526,+2,
,"2016. 9.17",阪神,4阪3,1600万,オークラ1600,4,4,ミツバ,牡,4,松山弘平, 57 ,12,2,１, ,ダ1800,良,,(栗),加用正,1508,-0.4,11,9,7,36.3,460,0,B
,"2016. 9.17",阪神,4阪3,1000万,瀬戸内海1000,6,11,オーヴィレール,牝,3,福永祐一, 53 ,18,8,１, 内,芝1400,良,,(栗),今野貞一,1209,-0.1,,7,7,36.2,470,+8,
,"2016. 9.17",阪神,4阪3,ｵｰﾌﾟﾝ,野路菊Ｓ,8,8,アメリカズカップ,牡,2,松若風馬, 54 ,8,3,１, 外,芝1800,良,,(栗),音無秀孝,1485,-0.1,,3,2,34.1,460,0,
,"2016. 9.17",阪神,4阪3,ＪＧ３,阪神ジャJG3,5,5,ニホンピロバロン,牡,6,高田潤, 61 ,11,1,１, ,芝3140,良,,(栗),田所秀孝,3282,-0.1,6,3,3,13.3,480,-4,
,"2016. 9.17",阪神,4阪3,500万,500万下・牝,3,6,グリューヴァイン,牝,4,藤岡佑介, 55 ,16,1,１, ,ダ1200,良,,(栗),牧田和弥,1119,-0.0,,6,4,36.8,476,+8,
,"2016. 9.17",阪神,4阪3,新馬,新馬,4,8,ゲキリン,牡,2,ルメール, 54 ,16,1,１, ,ダ1800,良,,(栗),吉村圭司,1539,-0.6,1,1,1,39.4,482,,
,"2016. 9.17",阪神,4阪3,新馬,新馬,2,3,アグネスジュレップ,牝,2,和田翼,53☆,17,1,１, 内,芝1400,良,,(栗),河内洋,1223,-1.4,,3,3,35.3,452,,
,"2016. 9.17",阪神,4阪3,未勝利,未勝利,7,14,ナリタエイト,牡,3,福永祐一, 56 ,18,1,１, 外,芝1800,良,,(栗),松永昌博,1473,-0.2,,3,3,33.9,454,0,
,"2016. 9.17",阪神,4阪3,未勝利,未勝利,3,6,ハギノグランコート,牡,3,川須栄彦, 56 ,16,2,１, ,ダ1800,良,,(栗),高野友和,1532,-0.1,5,6,4,38.5,508,0,B
,"2016. 9.17",阪神,4阪3,未勝利,未勝利*,7,9,エリンソード,牡,2,Ｍ．デム, 54 ,12,1,１, 内,芝2000,良,,(栗),笹田和秀,2022,-0.3,9,9,5,35.0,432,0,
,"2016. 9.17",阪神,4阪3,未勝利,未勝利・牝*,1,2,モンロー,牝,2,秋山真一, 54 ,16,4,１, ,ダ1400,良,,(栗),飯田祐史,1262,-0.4,,1,1,38.2,440,+12,
,"2016. 9.11",阪神,4阪2,500万,500万下・牝,5,10,ミエノサクシード,牝,3,川島信二, 52 ,18,4,１, 外,芝1800,良,,(栗),高橋亮,1457,-0.6,,10,7,33.5,444,0,
,"2016. 9.11",阪神,4阪2,Ｇ２,セントウG2,1,1,ビッグアーサー,牡,5,福永祐一, 58 ,13,1,１, 内,芝1200,良,,(栗),藤岡健一,1076,-0.2,,1,1,34.5,524,+4,
,"2016. 9.11",阪神,4阪2,1600万,西宮Ｓ1600,5,5,ブラックムーン,牡,4,川田将雅, 57 ,8,1,１, 外,芝1800,良,,(栗),西浦勝一,1463,-0.1,,8,7,33.5,492,0,
,"2016. 9.11",阪神,4阪2,1000万,新涼特別1000,5,9,センターピース,牡,4,浜中俊, 57 ,16,3,１, ,ダ1200,良,,(栗),石坂正,1106,-0.0,,4,3,36.5,462,-2,
,"2016. 9.11",阪神,4阪2,500万,500万下,8,13,ジョースターライト,牡,3,中谷雄太, 54 ,14,14,１, ,ダ2000,良,*,(栗),松下武士,2045,-0.0,3,2,2,37.8,458,+2,B
,"2016. 9.11",阪神,4阪2,500万,500万下,8,16,タマモイレブン,牡,4,石橋脩, 57 ,16,5,１, ,ダ1200,良,,(栗),中竹和也,1113,-0.1,,3,3,36.0,518,-6,
,"2016. 9.11",阪神,4阪2,未勝利,未勝利,8,16,ラヴアンドドラゴン,牝,3,川田将雅, 54 ,17,1,１, 外,芝1600,良,,(栗),藤原英昭,1352,-0.3,,3,3,33.4,472,+2,
,"2016. 9.11",阪神,4阪2,新馬,新馬,5,5,メリオラ,牡,2,Ｍ．デム, 54 ,9,5,１, 内,芝2000,良,,(栗),中竹和也,2032,-0.0,4,3,3,34.1,418,,
,"2016. 9.11",阪神,4阪2,未勝利,障害未勝利,6,6,オールブラックス,牡,7,白浜雄造, 60 ,8,1,１, ,ダ2970,良,,(栗),中尾秀正,3211,-0.5,1,1,1,13.5,496,+2,
,"2016. 9.11",阪神,4阪2,未勝利,未勝利,7,11,メイショウバッハ,牡,3,浜中俊, 56 ,13,3,１, ,ダ1800,良,,(栗),南井克巳,1540,-0.1,1,1,1,38.5,478,-4,
,"2016. 9.11",阪神,4阪2,未勝利,未勝利・牝*,1,2,ジャンダラリン,牝,2,森裕太朗,51▲,18,4,１, 内,芝1400,良,,(栗),宮本博,1220,-0.7,,5,4,35.0,454,+6,
,"2016. 9.11",阪神,4阪2,未勝利,未勝利*,2,3,フィールドセンス,牡,2,福永祐一, 54 ,16,1,１, ,ダ1800,良,,(栗),千田輝彦,1548,-0.2,3,3,3,38.8,510,+12,
,"2016. 9.10",阪神,4阪1,500万,500万下,1,1,ビップライブリー,牡,3,小牧太, 55 ,18,1,１, 外,芝1600,良,,(栗),清水久詞,1326,-0.5,,17,14,34.2,456,0,
,"2016. 9.10",阪神,4阪1,ｵｰﾌﾟﾝ,エニフＳ,8,11,キングズガード,牡,5,藤岡佑介, 57 ,11,1,１, ,ダ1400,良,*,(栗),音無秀孝,1228,-0.3,,6,6,35.1,456,+8,
,"2016. 9.10",阪神,4阪1,1000万,鳥取特Ｈ1000,3,4,アドマイヤシャイ,牝,4,小牧太, 54 ,14,5,１, ,ダ2000,良,,(栗),梅田智之,2038,-0.1,1,1,1,37.4,442,+2,
,"2016. 9.10",阪神,4阪1,1000万,野分特別1000,5,5,ノガロ,牡,3,Ｍ．デム, 54 ,8,1,１, 外,芝1800,良,,(栗),音無秀孝,1458,-0.7,,1,1,33.4,512,0,
,"2016. 9.10",阪神,4阪1,500万,500万下,6,11,スワーヴアーサー,牡,3,四位洋文, 54 ,16,3,１, 内,芝2000,良,,(栗),庄野靖志,2007,-0.2,9,5,4,34.8,480,+4,
,"2016. 9.10",阪神,4阪1,500万,500万下,5,9,カフジナイサー,牡,3,四位洋文, 54 ,15,8,１, ,ダ1800,良,,(栗),木原一良,1515,-0.4,4,5,4,37.8,462,-10,
,"2016. 9.10",阪神,4阪1,新馬,新馬・牝,7,9,ジョウショーホマレ,牝,2,国分恭介, 54 ,12,8,１, 内,芝1400,良,,(栗),西橋豊治,1229,-0.2,,1,1,34.7,470,,
,"2016. 9.10",阪神,4阪1,新馬,新馬,8,9,シグルーン,牝,2,Ｍ．デム, 54 ,10,1,１, 外,芝1600,良,,(栗),宮徹,1385,-0.0,,3,3,33.3,454,,
,"2016. 9.10",阪神,4阪1,未勝利,未勝利,7,13,オーパ,セ,3,岡田祥嗣, 56 ,16,4,１, ,ダ1800,良,,(栗),石坂正,1526,-0.2,8,9,5,37.2,488,-4,B
,"2016. 9.10",阪神,4阪1,未勝利,未勝利,1,1,アマルティア,牝,3,藤岡康太, 54 ,16,2,１, ,ダ1200,良,,(栗),安達昭夫,1125,-0.0,,1,1,36.9,452,+2,
,"2016. 9.10",阪神,4阪1,未勝利,未勝利*,3,5,リスグラシュー,牝,2,中谷雄太, 54 ,18,2,１, 外,芝1800,良,,(栗),矢作芳人,1462,-0.7,,3,4,34.4,432,0,
,"2016. 9.10",阪神,4阪1,未勝利,未勝利*,8,16,メイクグローリー,牡,2,松若風馬, 54 ,16,4,１, ,ダ1400,良,*,(栗),西村真幸,1255,-0.0,,4,3,38.0,482,+6,
,"2016. 6.26",阪神,3阪8,1000万,リボン賞1000,3,6,ワンダーリーデル,牡,3,和田竜二, 54 ,16,2,１, ,ダ1400,稍,,(栗),沖芳夫,1232,-0.0,,5,5,36.7,524,-4,
,"2016. 6.26",阪神,3阪8,Ｇ１,宝塚記念G1,8,16,マリアライト,牝,5,蛯名正義, 56 ,17,8,１, 内,芝2200,稍,,(美),久保田貴,2128,-0.0,11,10,6,36.3,438,0,
,"2016. 6.26",阪神,3阪8,1600万,花のみち1600,7,14,モルトベーネ,牡,4,蛯名正義, 57 ,16,2,１, ,ダ1800,稍,,(栗),松永昌博,1498,-0.3,2,2,2,36.7,452,-10,
,"2016. 6.26",阪神,3阪8,1000万,皆生特Ｈ1000,1,1,キーナンバー,牡,3,国分恭介, 53 ,16,10,１, 内,芝1200,稍,,(栗),宮徹,1094,-0.3,,9,7,34.4,492,-4,
,"2016. 6.26",阪神,3阪8,500万,城崎特別500,5,6,ギモーヴ,牝,3,戸崎圭太, 52 ,12,2,１, 外,芝1800,稍,,(栗),池添学,1493,-0.2,,2,2,34.6,454,0,
,"2016. 6.26",阪神,3阪8,500万,500万下,5,5,サトノエトワール,牡,3,デュプレ, 53 ,10,4,１, 内,芝2200,稍,,(栗),角居勝彦,2151,-0.1,3,3,3,35.2,492,-4,B
,"2016. 6.26",阪神,3阪8,500万,500万下,7,13,ロイヤルパンプ,牡,4,蛯名正義, 57 ,16,1,１, ,ダ1800,稍,,(栗),長浜博之,1510,-0.4,2,1,1,37.8,530,-8,
,"2016. 6.26",阪神,3阪8,新馬,新馬,2,2,アンバーミニー,牝,2,ルメール, 54 ,15,2,１, 外,芝1800,稍,,(栗),松永幹夫,1514,-0.5,,2,2,35.5,450,,
,"2016. 6.26",阪神,3阪8,未勝利,未勝利,6,11,ロードキング,牡,3,ベリー, 56 ,18,7,１, 外,芝1600,重,,(栗),吉村圭司,1358,-0.1,,2,2,35.8,482,+2,B
,"2016. 6.26",阪神,3阪8,未勝利,未勝利,1,1,ウォーターバオバブ,牡,3,国分恭介, 56 ,16,1,１, ,ダ1200,重,,(栗),岡田稲男,1117,-0.4,,3,3,36.7,478,-6,
,"2016. 6.26",阪神,3阪8,未勝利,未勝利,2,3,ローデルバーン,牡,3,田中健, 56 ,16,8,１, ,ダ1800,重,,(栗),松元茂樹,1533,-0.1,7,7,6,38.9,448,-10,
,"2016. 6.26",阪神,3阪8,未勝利,未勝利・牝,7,14,ウエスタンビジュー,牝,3,戸崎圭太, 54 ,16,2,１, ,ダ1400,重,*,(栗),崎山博樹,1254,-0.0,,3,2,38.4,466,-2,
,"2016. 6.25",阪神,3阪7,500万,500万下,4,7,ツーエムマイスター,牡,4,浜中俊, 57 ,16,2,１, ,ダ1400,重,,(栗),本田優,1225,-0.4,,1,1,36.4,460,+4,
,"2016. 6.25",阪神,3阪7,1600万,グリーＨ1600,1,1,プレストウィック,牡,5,ルメール, 55 ,15,5,１, 外,芝2400,重,,(美),武藤善則,2282,-0.1,10,8,6,37.0,524,0,
,"2016. 6.25",阪神,3阪7,1000万,京橋特別1000,2,2,スピリッツミノル,牡,4,ルメール, 57 ,9,1,１, 内,芝2000,重,,(栗),本田優,2030,-0.2,7,6,4,35.9,498,+6,
,"2016. 6.25",阪神,3阪7,500万,出石特別500,2,2,グレイスミノル,牝,4,ルメール, 55 ,15,1,１, 内,芝1400,重,,(栗),本田優,1223,-0.3,,4,4,35.8,474,0,
,"2016. 6.25",阪神,3阪7,500万,500万下,5,9,コパノリスボン,牡,3,松山弘平, 54 ,16,6,１, ,ダ1200,重,,(栗),村山明,1108,-0.1,,6,4,36.0,502,0,
,"2016. 6.25",阪神,3阪7,500万,500万下・牝,8,8,タガノスマイル,牝,4,武幸四郎, 55 ,9,1,１, ,ダ1800,重,,(栗),庄野靖志,1504,-0.5,1,1,1,36.8,482,+4,
,"2016. 6.25",阪神,3阪7,未勝利,未勝利,6,11,アルケミスト,牝,3,義英真,52△,18,17,１, 外,芝1800,重,*,(栗),西浦勝一,1483,-0.2,,12,15,35.5,420,-6,
,"2016. 6.25",阪神,3阪7,新馬,新馬,4,5,タイセイブレーク,牡,2,ルメール, 54 ,13,1,１, 内,芝1200,重,,(栗),浜田多実,1118,-0.0,,5,5,35.5,490,,
,"2016. 6.25",阪神,3阪7,未勝利,未勝利,7,14,ルドルフィーナ,牡,3,小牧太, 56 ,16,4,１, ,ダ2000,不,,(栗),松永昌博,2029,-2.0,2,2,1,37.7,470,-2,
,"2016. 6.25",阪神,3阪7,未勝利,未勝利,6,12,エイシンビジョン,牡,3,浜中俊, 56 ,16,1,１, ,ダ1400,不,,(栗),藤原英昭,1239,-0.0,,2,2,37.6,462,+10,
,"2016. 6.25",阪神,3阪7,未勝利,未勝利・牝,7,13,フレグラントブレス,牝,3,川田将雅, 54 ,16,1,１, ,ダ1800,不,,(栗),高野友和,1513,-0.3,5,4,2,37.1,464,0,
,"2016. 6.25",阪神,3阪7,未勝利,未勝利*,2,2,シゲルボブキャット,牡,2,和田竜二, 54 ,10,4,１, 外,芝1600,重,,(栗),坂口正則,1376,-0.1,,3,2,36.9,432,+2,
,"2016. 6.19",阪神,3阪6,500万,500万下,1,1,ステイチューン,牡,3,蛯名正義, 54 ,16,1,１, ,ダ1800,不,,(栗),松田国英,1503,-0.4,14,13,8,36.9,508,0,
,"2016. 6.19",阪神,3阪6,ｵｰﾌﾟﾝ,米子Ｓ,1,1,ケントオー,牡,4,和田竜二, 56 ,9,4,１, 外,芝1600,重,,(栗),西橋豊治,1346,-0.6,,5,5,34.9,464,0,
,"2016. 6.19",阪神,3阪6,1600万,三宮ＳＨ1600,1,1,ビリオネア,牝,6,Ｍ．デム, 54 ,16,2,１, ,ダ1200,不,,(栗),野中賢二,1098,-0.1,,6,6,35.6,458,-4,
,"2016. 6.19",阪神,3阪6,1000万,小豆島特1000,5,6,ダノンメジャー,牡,4,小牧太, 57 ,12,3,１, 外,芝1600,重,,(栗),橋口慎介,1349,-0.5,,1,1,34.5,482,-6,
,"2016. 6.19",阪神,3阪6,500万,500万下,3,3,ヴォージュ,牡,3,デュプレ, 54 ,9,4,１, 内,芝2000,重,,(栗),西村真幸,2031,-0.6,4,5,4,36.9,502,-6,
,"2016. 6.19",阪神,3阪6,500万,500万下,5,10,ブラッククローバー,牡,4,和田竜二, 57 ,16,1,１, 内,芝1200,重,*,(栗),川村禎彦,1098,-0.5,,1,1,35.0,486,-10,
,"2016. 6.19",阪神,3阪6,500万,500万下・牝,1,2,ブロンズテーラー,牝,5,国分恭介, 55 ,16,10,１, ,ダ1200,重,,(栗),飯田雄三,1105,-0.0,,8,5,35.7,448,-16,
,"2016. 6.19",阪神,3阪6,新馬,新馬,4,5,エントリーチケット,牝,2,国分優作, 54 ,13,9,１, 外,芝1600,重,,(栗),宮徹,1375,-0.5,,1,1,35.8,420,,
,"2016. 6.19",阪神,3阪6,未勝利,障害未勝利,6,6,メイショウトキムネ,牡,5,林満明, 60 ,11,4,１, ,ダ2970,稍,,(栗),南井克巳,3228,-0.3,3,2,2,13.7,470,-6,
,"2016. 6.19",阪神,3阪6,未勝利,未勝利,1,2,キョウワゼノビア,牝,3,秋山真一, 54 ,18,3,１, 内,芝1400,稍,,(栗),角田晃一,1226,-0.1,,3,4,36.0,474,-2,
,"2016. 6.19",阪神,3阪6,未勝利,未勝利,7,14,サンライズミライ,牡,3,和田竜二, 56 ,16,7,１, ,ダ1800,稍,,(栗),平田修,1527,-0.7,1,1,1,37.9,492,+2,
,"2016. 6.19",阪神,3阪6,未勝利,未勝利,1,1,アイアンマン,牡,3,和田竜二, 56 ,16,4,１, ,ダ1400,稍,,(栗),池江泰寿,1255,-0.1,,12,10,37.3,448,-6,
,"2016. 6.18",阪神,3阪5,500万,500万下,5,9,メイショウチギリ,牡,5,義英真,55△,17,5,１, 外,芝1600,良,,(栗),南井克巳,1333,-0.1,,14,11,33.9,478,0,
,"2016. 6.18",阪神,3阪5,ｵｰﾌﾟﾝ,天保山Ｓ,8,10,ゴーイングパワー,牡,7,和田竜二, 56 ,10,4,１, ,ダ1400,稍,,(栗),岩元市三,1227,-0.0,,5,4,36.8,500,-4,
,"2016. 6.18",阪神,3阪5,1600万,水無月Ｓ1600,3,3,コスモドーム,牡,5,和田竜二, 57 ,7,6,１, 内,芝1200,良,,(美),金成貴史,1083,-0.2,,6,6,33.9,518,0,
,"2016. 6.18",阪神,3阪5,1000万,鷹取特別1000,2,3,スマートボムシェル,牡,4,福永祐一, 57 ,16,4,１, ,ダ1800,稍,,(栗),吉田直弘,1507,-0.3,8,9,6,37.7,498,-10,
,"2016. 6.18",阪神,3阪5,500万,500万下・牝,5,8,パーシーズベスト,牝,3,浜中俊, 52 ,14,1,１, 外,芝1800,良,,(栗),石坂正,1453,-0.0,,11,11,34.0,452,-6,
,"2016. 6.18",阪神,3阪5,500万,500万下,7,14,ワンダーリーデル,牡,3,和田竜二, 54 ,16,4,１, ,ダ1400,稍,,(栗),沖芳夫,1237,-0.4,,4,3,37.2,528,-4,
,"2016. 6.18",阪神,3阪5,未勝利,未勝利,5,10,ニホンピロカーン,牡,3,幸英明, 56 ,18,3,１, 外,芝2400,良,,(栗),服部利之,2266,-0.0,13,13,7,34.3,446,-2,
,"2016. 6.18",阪神,3阪5,新馬,新馬,8,14,ディオスコリダー,牡,2,荻野極,51▲,15,4,１, ,ダ1200,稍,,(栗),高橋義忠,1126,-0.4,,1,1,37.0,480,,
,"2016. 6.18",阪神,3阪5,未勝利,未勝利,5,9,ヒダロマン,牝,3,熊沢重文, 54 ,16,5,１, ,ダ1800,重,,(栗),松永昌博,1518,-0.3,1,1,1,37.5,514,0,
,"2016. 6.18",阪神,3阪5,未勝利,未勝利,8,14,タガノモーサン,牡,3,鮫島良太, 56 ,15,4,１, ,ダ1200,重,,(栗),岡田稲男,1124,-0.2,,3,2,36.5,508,+4,
,"2016. 6.18",阪神,3阪5,未勝利,未勝利・牝,3,6,ネフェルティティ,牝,3,福永祐一, 54 ,16,1,１, ,ダ1800,重,,(栗),松元茂樹,1540,-0.2,2,2,1,39.8,454,0,B
,"2016. 6.18",阪神,3阪5,未勝利,未勝利*,4,4,シーハリケーン,牡,2,松山弘平, 54 ,8,7,１, 内,芝1400,稍,*,(栗),宮本博,1230,-0.0,,1,1,35.2,470,-20,
