Ｍ,日付(yyyy.mm.dd),場所,開催,クラス名,レース名,枠番,馬番,馬名,性別,年齢,騎手,斤量,頭数,人気,着順,芝(内・外),距離,馬場状態,多頭出し,所属,調教師,走破タイム,着差,2角,3角,4角,上り3F,馬体重,馬体重増減,ブリンカー
,"2026. 3. 1",小倉,1小C,1勝,１勝ｸﾗｽ,2,3,セボンサデッセ,牡,4,菱田裕二, 57 ,16,1,１, ,ダ1700,稍,,(栗),橋口慎介,1445,-0.2,1,1,1,37.4,486,-14,
,"2026. 3. 1",小倉,1小C,3勝,関門橋Ｓ･3勝,4,8,バルナバ,牡,4,斎藤新, 57 ,17,2,１, ,芝2000,良,,(栗),浜田多実,2003,-0.3,12,7,4,35.9,504,-2,
,"2026. 3. 1",小倉,1小C,2勝,西日本新･2勝,8,16,モーデン,牡,8,鮫島克駿, 58 ,18,5,１, ,芝1200,良,,(栗),加藤公太,1084,-0.3,,11,11,33.8,492,-10,
,"2026. 3. 1",小倉,1小C,1勝,唐戸特別･1勝,5,10,ジャスティンガルフ,牡,5,西塚洸二, 58 ,18,14,１, ,芝2000,良,,(栗),茶木太樹,2028,-0.0,1,1,1,35.9,498,-2,
,"2026. 3. 1",小倉,1小C,1勝,１勝ｸﾗｽ・牝,8,14,ヴァリオーサ,牝,4,富田暁, 55 ,15,5,１, ,ダ1700,稍,,(栗),武幸四郎,1463,-0.2,7,6,4,38.6,474,-4,
,"2026. 3. 1",小倉,1小C,1勝,１勝ｸﾗｽ,3,6,ヴィヴァクラウン,牡,5,舟山瑠泉,55▲,18,10,１, ,芝1200,良,,(美),杉浦宏昭,1084,-0.3,,4,4,35.4,470,-12,
,"2026. 3. 1",小倉,1小C,未勝利,未勝利,8,16,エクリュ,牝,3,松若風馬, 55 ,16,1,１, ,芝1800,良,,(栗),井上智史,1498,-0.1,15,5,4,36.8,436,0,
,"2026. 3. 1",小倉,1小C,未勝利,未勝利,4,8,プルヴォワール,牝,3,吉田隼人, 55 ,18,7,１, ,芝1200,良,,(美),竹内正洋,1094,-0.1,,2,2,35.8,442,0,
,"2026. 3. 1",小倉,1小C,未勝利,障害未勝利,3,3,ハイウェイスター,牝,5,中村将之, 58 ,12,1,１, ,芝2860,良,,(栗),宮本博,3160,-1.0,5,2,1,13.7,492,-4,
,"2026. 3. 1",小倉,1小C,未勝利,未勝利,3,3,ファンシーフリル,牝,3,石田拓郎,52▲,14,1,１, ,ダ1000,稍,,(美),蛯名利弘,0578,-0.6,,1,1,35.4,458,-2,
,"2026. 3. 1",小倉,1小C,未勝利,未勝利・牝,8,15,アストリル,牝,3,丹内祐次, 55 ,16,1,１, ,芝2000,良,,(美),鈴木慎太,2035,-0.1,2,2,2,36.3,438,-6,
,"2026. 3. 1",小倉,1小C,未勝利,未勝利,2,3,ジュンプリメーロ,牡,3,西塚洸二, 57 ,16,3,１, ,ダ1700,稍,,(栗),友道康夫,1461,-0.3,1,1,1,38.9,492,0,
,"2026. 2.28",小倉,1小B,1勝,１勝ｸﾗｽ,4,7,スネーフリンガ,牝,4,丸山元気, 56 ,18,9,１, ,芝1200,稍,,(栗),森田直行,1100,-0.1,,3,3,34.8,460,0,
,"2026. 2.28",小倉,1小B,2勝,別府特別･2勝,5,9,ホウオウアートマン,牡,4,菱田裕二, 57 ,15,2,１, ,芝2000,稍,,(栗),矢作芳人,2009,-0.1,15,12,9,35.7,464,-2,B
,"2026. 2.28",小倉,1小B,2勝,早鞆特Ｈ･2勝,7,14,ジューンエオス,牝,4,富田暁, 53 ,16,5,１, ,ダ1700,重,,(栗),武英智,1425,-0.3,3,3,2,37.6,488,0,
,"2026. 2.28",小倉,1小B,1勝,脊振山特･1勝,6,12,バースライト,牡,4,吉田隼人, 57 ,16,6,１, ,芝2600,稍,,(栗),武幸四郎,2414,-1.0,2,2,1,36.5,506,-2,
,"2026. 2.28",小倉,1小B,1勝,１勝ｸﾗｽ・牝,8,13,マテンロウシルビア,牝,4,古川吉洋, 55 ,13,10,１, ,芝2000,稍,,(栗),四位洋文,2010,-0.3,12,11,10,36.0,428,-12,
,"2026. 2.28",小倉,1小B,1勝,１勝ｸﾗｽ*,6,8,サンライズケヴィン,牡,3,松若風馬, 57 ,13,5,１, ,ダ1700,重,,(栗),平田修,1428,-0.2,2,2,2,36.7,490,+14,
,"2026. 2.28",小倉,1小B,未勝利,未勝利,4,8,ニホンピロロジャー,牡,3,国分恭介, 57 ,16,1,１, ,芝2000,稍,,(栗),緒方努,2018,-0.2,12,8,4,36.2,432,-8,
,"2026. 2.28",小倉,1小B,ｵｰﾌﾟﾝ,障害・オープ,3,3,クラップサンダー,牡,7,黒岩悠, 60 ,12,6,１, ,芝2860,稍,,(栗),牧田和弥,3173,-0.3,5,3,2,13.8,464,+4,
,"2026. 2.28",小倉,1小B,未勝利,障害未勝利,2,2,ホウオウプロサンゲ,牡,5,小野寺祐, 60 ,12,3,１, ,芝2860,稍,,(栗),矢作芳人,3145,-3.0,1,1,1,13.6,512,+24,
,"2026. 2.28",小倉,1小B,1勝,１勝ｸﾗｽ,4,5,ミキノバカラ,牡,4,河原田菜,54★,14,7,１, ,ダ1000,不,,(栗),大橋勇樹,0578,-0.3,,9,8,34.4,480,+2,
,"2026. 2.28",小倉,1小B,未勝利,未勝利,4,8,ダブルチャレンジ,牝,3,小林美駒,52▲,18,1,１, ,芝1200,稍,,(美),深山雅史,1099,-0.0,,1,1,36.3,438,-2,
,"2026. 2.28",小倉,1小B,未勝利,未勝利・牝,7,14,フレットローソ,牝,3,横山琉人, 55 ,16,1,１, ,ダ1700,不,,(栗),高橋義忠,1452,-0.5,1,1,1,37.3,494,+4,
,"2026. 2.22",小倉,1小A,1勝,１勝ｸﾗｽ・牝,8,18,アサクサグレース,牝,4,杉原誠人, 56 ,18,6,１, ,芝1200,良,,(栗),加藤公太,1078,-0.1,,1,1,35.2,468,0,
,"2026. 2.22",小倉,1小A,Ｇ３,小倉大賞ＨG3,8,16,タガノデュード,牡,5,古川吉洋, 55 ,16,4,１, ,芝1800,良,,(栗),宮徹,1452,-0.1,14,11,7,34.1,498,-6,
,"2026. 2.22",小倉,1小A,2勝,和布刈特･2勝,5,9,タイセイミッション,セ,5,黛弘人, 58 ,16,3,１, ,ダ1700,良,*,(美),伊藤圭三,1457,-0.0,2,2,2,37.4,532,-2,B
,"2026. 2.22",小倉,1小A,1勝,高千穂特･1勝,5,5,インパクトシー,牡,4,横山琉人, 57 ,12,1,１, ,芝1800,良,,(美),大竹正博,1464,-0.7,3,3,2,34.7,532,+4,
,"2026. 2.22",小倉,1小A,1勝,１勝ｸﾗｽ,3,3,メリザンド,牝,4,杉原誠人, 55 ,14,6,１, ,芝2000,良,,(美),小手川準,2001,-0.0,1,1,1,36.3,468,+6,
,"2026. 2.22",小倉,1小A,1勝,１勝ｸﾗｽ,5,8,マンオブザマッチ,牡,4,舟山瑠泉,54▲,14,2,１, ,ダ1700,良,,(栗),高橋義忠,1468,-0.6,4,4,3,38.6,488,-2,
,"2026. 2.22",小倉,1小A,未勝利,未勝利・牝,2,4,ソングオブザバード,牝,3,鮫島克駿, 55 ,16,2,１, ,芝1800,良,,(栗),佐藤悠太,1484,-0.4,7,5,4,35.2,464,,
,"2026. 2.22",小倉,1小A,未勝利,未勝利,2,2,エイシンイグニース,牡,3,西塚洸二, 57 ,13,4,１, ,芝2000,良,,(栗),野中賢二,2005,-0.5,1,1,1,36.0,488,-8,
,"2026. 2.22",小倉,1小A,未勝利,障害未勝利,4,4,グラニットピーク,セ,6,坂口智康,57▲,12,8,１, ,芝2860,良,,(美),田島俊明,3172,-0.1,4,6,4,13.8,508,+2,
,"2026. 2.22",小倉,1小A,1勝,１勝ｸﾗｽ,1,1,ベニシア,牝,5,菊沢一樹, 56 ,14,14,１, ,ダ1000,良,,(美),粕谷昌央,0593,-0.2,,1,1,36.5,446,+2,
,"2026. 2.22",小倉,1小A,未勝利,未勝利,5,10,ロジケープ,牡,3,丹内祐次, 57 ,18,2,１, ,芝1200,良,*,(美),尾形和幸,1079,-0.6,,2,2,34.7,500,+4,
,"2026. 2.22",小倉,1小A,未勝利,未勝利・牝,2,2,ガーネットフレア,牝,3,北村友一, 55 ,12,3,１, ,ダ1700,良,,(栗),杉山佳明,1482,-0.8,1,1,1,39.0,442,+2,
,"2026. 2.21",小倉,1小9,1勝,１勝ｸﾗｽ,5,9,ベルビースタローン,牝,4,小林美駒,53▲,18,1,１, ,芝1200,良,,(栗),西村真幸,1081,-0.0,,1,1,35.4,508,+2,
,"2026. 2.21",小倉,1小9,3勝,小倉城Ｓ･3勝,5,6,オーケーバーディー,牝,5,横山琉人, 56 ,13,3,１, ,ダ1700,良,,(美),相沢郁,1451,-0.2,1,1,1,37.4,458,-8,
,"2026. 2.21",小倉,1小9,2勝,皿倉山特･2勝,5,9,エコロレイズ,牡,5,菊沢一樹, 58 ,16,6,１, ,芝2600,良,,(美),岩戸孝樹,2391,-0.2,8,8,5,35.3,504,0,
,"2026. 2.21",小倉,1小9,1勝,あざみ賞･1勝,3,3,アンジュプロミス,牝,3,古川奈穂, 55 ,10,2,１, ,芝1200,良,,(栗),矢作芳人,1081,-0.0,,1,1,34.8,444,-4,
,"2026. 2.21",小倉,1小9,1勝,１勝ｸﾗｽ・牝,7,14,ハニードレス,牝,4,丸山元気, 55 ,16,3,１, ,芝1800,良,,(美),牧光二,1470,-0.4,7,7,6,35.6,440,+2,
,"2026. 2.21",小倉,1小9,1勝,１勝ｸﾗｽ,2,3,ケイアイアルタイル,牡,5,菊沢一樹, 58 ,16,6,１, ,ダ1700,良,,(栗),梅田智之,1467,-0.3,5,5,3,38.1,526,-4,
,"2026. 2.21",小倉,1小9,未勝利,未勝利,5,10,レッドラージャ,牡,3,西塚洸二, 57 ,16,1,１, ,芝1800,良,,(栗),友道康夫,1493,-0.2,7,7,3,35.2,506,-2,B
,"2026. 2.21",小倉,1小9,ｵｰﾌﾟﾝ,障害・オープ,8,11,スズカハービン,牡,6,難波剛健, 61 ,12,1,１, ,芝3390,良,,(栗),高橋義忠,3523,-0.1,1,1,1,13.7,478,+10,
,"2026. 2.21",小倉,1小9,未勝利,障害未勝利,8,12,コンバスチョン,セ,7,上野翔, 60 ,12,1,１, ,芝2860,良,,(美),伊藤圭三,3132,-0.4,5,2,2,13.5,504,0,
,"2026. 2.21",小倉,1小9,未勝利,未勝利,3,4,エコロレバン,牝,3,小林美駒,52▲,14,2,１, ,ダ1000,良,,(栗),大久保龍,0587,-0.7,,1,1,35.8,464,-6,
,"2026. 2.21",小倉,1小9,未勝利,未勝利・牝,8,18,ムーンリットアイル,牝,3,吉田隼人, 55 ,18,1,１, ,芝1200,良,,(栗),武英智,1088,-0.1,,3,2,34.8,446,+4,
,"2026. 2.21",小倉,1小9,未勝利,未勝利,8,14,ジャイアンバローズ,牡,3,丹内祐次, 57 ,14,3,１, ,ダ1700,良,,(栗),池江泰寿,1469,-0.0,3,3,2,38.1,530,-4,
,"2026. 2.15",小倉,1小8,1勝,１勝ｸﾗｽ,8,12,マーウォルス,牡,4,田山旺佑,54▲,13,1,１, ,ダ1700,稍,,(栗),茶木太樹,1464,-0.1,11,10,8,38.3,474,+6,
,"2026. 2.15",小倉,1小8,ｵｰﾌﾟﾝ,北九州短,4,7,ジョーメッドヴィン,牡,5,松若風馬, 57 ,18,4,１, ,芝1200,稍,,(栗),清水久詞,1084,-0.2,,6,5,34.1,520,0,
,"2026. 2.15",小倉,1小8,2勝,大濠特Ｈ･2勝,8,16,メイショウセイロウ,牡,4,吉田隼人, 56 ,18,3,１, ,芝1200,稍,,(栗),荒川義之,1088,-0.0,,15,14,34.1,418,+2,
,"2026. 2.15",小倉,1小8,2勝,太宰府特･2勝,6,6,マトラコーニッシュ,牝,4,西塚洸二, 55 ,7,2,１, ,芝2000,稍,,(栗),池添学,2012,-0.1,4,4,2,35.1,428,0,
,"2026. 2.15",小倉,1小8,1勝,１勝ｸﾗｽ,4,6,イプシロンナンバー,牡,4,松若風馬, 57 ,15,3,１, ,ダ2400,稍,,(栗),小崎憲,2336,-0.1,3,2,1,38.0,504,-14,
,"2026. 2.15",小倉,1小8,1勝,１勝ｸﾗｽ,2,2,リアルファインド,牡,5,吉田隼人, 58 ,14,12,１, ,芝2600,稍,,(美),小笠倫弘,2423,-0.1,1,1,1,35.4,528,+20,
,"2026. 2.15",小倉,1小8,1勝,１勝ｸﾗｽ,8,15,ダノンジャイアン,牡,4,斎藤新, 57 ,16,1,１, ,芝2000,稍,,(栗),茶木太樹,2011,-0.1,5,3,2,35.8,454,-2,
,"2026. 2.15",小倉,1小8,未勝利,未勝利,4,7,モウエエデショー,牡,3,野中悠太, 57 ,16,4,１, ,芝1800,稍,,(美),萱野浩二,1498,-0.0,11,9,8,34.7,476,+4,
,"2026. 2.15",小倉,1小8,未勝利,障害未勝利,5,6,アルカンサス,牡,7,土田真翔,57▲,12,7,１, ,芝2860,稍,,(美),土田稔,3159,-0.3,6,6,5,13.7,484,-4,B
,"2026. 2.15",小倉,1小8,1勝,１勝ｸﾗｽ,8,14,ハヤテノツバサ,牡,4,斎藤新, 58 ,14,2,１, ,ダ1000,稍,,(栗),杉山佳明,0571,-1.0,,1,1,34.3,518,+8,B
,"2026. 2.15",小倉,1小8,未勝利,未勝利,7,13,エバーラスト,牡,3,石神深道,54▲,18,4,１, ,芝1200,稍,,(美),和田正一,1091,-0.0,,4,3,35.2,488,-10,
,"2026. 2.15",小倉,1小8,未勝利,未勝利,8,15,サムシングニュー,牡,3,舟山瑠泉,54▲,16,6,１, ,ダ1700,稍,,(美),鹿戸雄一,1466,-0.1,8,3,2,37.9,474,-2,
,"2026. 2.14",小倉,1小7,1勝,１勝ｸﾗｽ,7,12,シンゼンカガ,牡,4,丹内祐次, 57 ,15,1,１, ,芝1800,良,,(栗),荒川義之,1484,-0.3,6,4,3,35.0,452,-8,
,"2026. 2.14",小倉,1小7,3勝,下関Ｓ･3勝,8,16,ジャスパーディビネ,牡,4,和田陽希, 58 ,18,2,１, ,芝1200,良,,(栗),森秀行,1072,-0.6,,1,1,35.0,528,0,B
,"2026. 2.14",小倉,1小7,2勝,伊万里特･2勝,2,2,トーアジョウトウ,牡,4,舟山瑠泉, 58 ,14,5,１, ,ダ1000,良,,(美),村田一誠,0580,-0.1,,2,2,35.5,514,+2,
,"2026. 2.14",小倉,1小7,1勝,あすなろ･1勝,2,2,ブラックハヤテ,牡,3,丹内祐次, 57 ,10,2,１, ,芝2000,良,,(美),蛯名利弘,2011,-0.4,7,5,4,35.0,450,+4,
,"2026. 2.14",小倉,1小7,ＪＧ３,小倉ジャJG3,7,10,サンデイビス,牡,8,上野翔, 61 ,13,5,１, ,芝3390,良,,(美),村田一誠,3498,-0.4,4,3,2,13.6,516,+12,
,"2026. 2.14",小倉,1小7,1勝,１勝ｸﾗｽ・牝,8,16,タマモジャスミン,牝,4,小沢大仁, 55 ,16,1,１, ,ダ1700,良,,(栗),大橋勇樹,1461,-0.4,3,3,3,38.6,496,-8,
,"2026. 2.14",小倉,1小7,1勝,１勝ｸﾗｽ,6,11,ラブディーヴァ,牝,5,石田拓郎,53▲,18,6,１, ,芝1200,良,,(美),田中勝春,1081,-0.1,,12,12,34.4,448,-2,
,"2026. 2.14",小倉,1小7,未勝利,未勝利,3,6,ノンブルドール,牡,3,亀田温心, 57 ,18,3,１, ,芝2000,良,,(栗),西園翔太,2007,-0.2,8,6,2,35.6,436,-4,
,"2026. 2.14",小倉,1小7,未勝利,障害未勝利,6,8,ベイビーベリッシモ,牡,4,五十嵐雄, 59 ,12,9,１, ,芝2860,良,,(美),大和田成,3179,-0.0,5,5,6,13.8,502,+2,
,"2026. 2.14",小倉,1小7,未勝利,未勝利,7,12,ミヤフロント,牝,3,森田誠也,52▲,14,4,１, ,ダ1000,良,,(栗),斉藤崇史,0594,-0.2,,2,2,36.6,460,+2,
,"2026. 2.14",小倉,1小7,未勝利,未勝利,1,1,マーゴットミスト,牡,3,古川奈穂,54▲,18,1,１, ,芝1200,良,,(栗),杉山佳明,1086,-0.4,,5,2,35.3,536,+6,
,"2026. 2.14",小倉,1小7,未勝利,未勝利・牝,8,16,ペンダント,牝,3,丹内祐次, 55 ,16,1,１, ,ダ1700,良,,(栗),池江泰寿,1480,-0.0,9,3,3,38.5,464,-2,
,"2026. 2. 8",小倉,1小6,1勝,１勝ｸﾗｽ,4,8,ヤマニンレセディ,牝,4,横山琉人, 56 ,18,3,１, ,芝1200,良,,(栗),長谷川浩,1091,-0.1,,5,6,34.7,462,+6,
,"2026. 2. 8",小倉,1小6,ｵｰﾌﾟﾝ,小倉日経,7,10,レーゼドラマ,牝,4,斎藤新, 54 ,12,6,１, ,芝2000,良,,(栗),辻野泰之,1594,-0.3,1,1,1,35.1,474,0,B
,"2026. 2. 8",小倉,1小6,2勝,由布院特･2勝,4,8,パフ,牡,5,西塚洸二, 58 ,16,2,１, ,ダ1700,良,,(栗),橋口慎介,1466,-0.1,13,11,13,37.7,484,0,
,"2026. 2. 8",小倉,1小6,1勝,かささぎ･1勝,8,15,クリエープキー,牝,3,富田暁, 55 ,15,10,１, ,芝1200,良,,(美),牧光二,1092,-0.4,,4,2,34.7,448,+2,
,"2026. 2. 8",小倉,1小6,1勝,１勝ｸﾗｽ・若,2,3,エアビッグマム,牝,4,西塚洸二,54☆,16,1,１, ,芝1800,良,,(栗),笹田和秀,1480,-0.0,4,3,5,35.8,514,+8,
,"2026. 2. 8",小倉,1小6,1勝,１勝ｸﾗｽ・牝,2,3,ミラクルキャッツ,牝,6,丹内祐次, 56 ,15,3,１, ,ダ1700,良,,(美),堀宣行,1469,-0.2,8,7,7,37.4,470,-2,
,"2026. 2. 8",小倉,1小6,未勝利,未勝利,2,3,ムスクレスト,牡,3,鮫島克駿, 57 ,16,2,１, ,芝1800,良,,(栗),安田翔伍,1498,-0.4,7,6,5,35.3,472,+6,
,"2026. 2. 8",小倉,1小6,新馬,新馬,8,10,アンジュドジョワ,牝,3,小沢大仁, 55 ,10,1,１, ,芝2000,良,,(栗),福永祐一,2027,-0.1,3,3,1,35.6,446,,
,"2026. 2. 8",小倉,1小6,1勝,１勝ｸﾗｽ,7,11,クインズシフォン,牝,4,丹内祐次, 56 ,14,4,１, ,ダ1000,良,,(美),和田正一,0597,-0.3,,6,6,35.9,452,0,B
,"2026. 2. 8",小倉,1小6,未勝利,未勝利・牝,1,1,シェーロドラート,牝,3,菊沢一樹, 55 ,17,1,１, ,芝1200,良,,(美),加藤士津,1089,-0.1,,3,3,34.9,470,+2,
,"2026. 2. 8",小倉,1小6,未勝利,未勝利,6,11,イサギ,牡,3,小沢大仁, 57 ,16,8,１, ,ダ1700,良,,(栗),小椋研介,1475,-0.7,4,4,4,39.7,474,+10,
,"2026. 2. 7",小倉,1小5,1勝,１勝ｸﾗｽ・牝,3,6,ワインクーラー,牝,4,富田暁, 56 ,18,3,１, ,芝1200,稍,,(栗),石橋守,1087,-0.3,,4,4,34.5,454,-4,
,"2026. 2. 7",小倉,1小5,3勝,豊前ＳＨ･3勝,8,15,カペルブリュッケ,牡,4,斎藤新, 55 ,16,1,１, ,ダ1700,良,,(栗),浜田多実,1454,-0.0,11,10,10,36.9,480,+8,
,"2026. 2. 7",小倉,1小5,2勝,ＲＫＢ賞･2勝,6,12,トーアライデン,牡,6,中井裕二, 58 ,16,9,１, ,芝1800,稍,,(栗),河嶋宏樹,1477,-0.4,1,1,1,35.5,500,-2,
,"2026. 2. 7",小倉,1小5,1勝,戸畑特別･1勝,1,1,リーティアコナル,牡,4,小崎綾也, 57 ,13,2,１, ,芝2000,稍,,(栗),高橋一哉,2010,-0.6,1,1,1,36.0,480,-2,B
,"2026. 2. 7",小倉,1小5,1勝,１勝ｸﾗｽ,5,6,キングベルベット,セ,5,鷲頭虎太,56△,12,6,１, ,ダ1700,良,,(美),国枝栄,1452,-0.6,1,1,1,38.1,490,-10,B
,"2026. 2. 7",小倉,1小5,1勝,１勝ｸﾗｽ・牝,8,17,ニホンピロホリデー,牝,5,和田陽希,53▲,18,14,１, ,芝2000,稍,,(栗),緒方努,2013,-0.0,17,18,16,35.1,412,+2,
,"2026. 2. 7",小倉,1小5,未勝利,未勝利・若,8,18,クラウンインジエア,牡,3,小林美駒,54▲,18,3,１, ,芝2000,稍,,(栗),藤岡健一,2005,-0.2,1,1,1,36.3,482,-16,
,"2026. 2. 7",小倉,1小5,未勝利,障害未勝利,7,10,シルヴァーデューク,セ,6,小牧加矢, 60 ,12,1,１, ,芝2860,稍,,(栗),前川恭子,3183,-0.1,2,3,2,13.9,458,-2,
,"2026. 2. 7",小倉,1小5,未勝利,障害未勝利,2,2,メイショウソムリエ,セ,5,大江原圭, 60 ,12,5,１, ,芝2860,稍,,(美),蛯名正義,3160,-0.1,2,2,2,13.7,506,0,
,"2026. 2. 7",小倉,1小5,未勝利,未勝利,4,5,パドゼフィール,牝,3,田山旺佑,52▲,14,2,１, ,ダ1000,良,,(栗),新谷功一,0593,-0.3,,1,1,36.3,474,+8,
,"2026. 2. 7",小倉,1小5,未勝利,未勝利,2,4,ウォーターデライト,牡,3,鮫島克駿, 57 ,18,2,１, ,芝1200,良,,(栗),高柳大輔,1089,-0.2,,1,1,35.3,452,+8,
,"2026. 2. 7",小倉,1小5,未勝利,未勝利・牝,6,12,ミティリーニ,牝,3,鮫島克駿, 55 ,16,4,１, ,ダ1700,良,,(栗),高野友和,1483,-0.1,13,12,8,38.5,448,0,
,"2026. 2. 1",小倉,1小4,1勝,１勝ｸﾗｽ,5,10,セイウンデセオ,牝,5,菊沢一樹, 56 ,18,5,１, ,芝1200,良,,(美),小手川準,1073,-0.1,,11,9,33.5,492,-8,
,"2026. 2. 1",小倉,1小4,ｵｰﾌﾟﾝ,門司Ｓ,4,6,コトホドサヨウニ,牡,5,松若風馬, 58 ,15,5,１, ,ダ1700,良,,(栗),奥村豊,1449,-0.0,3,6,6,36.8,522,+16,
,"2026. 2. 1",小倉,1小4,2勝,周防灘特･2勝,2,3,コウセキ,牡,4,丸山元気, 58 ,15,1,１, ,芝1200,良,,(栗),西園正都,1069,-0.1,,1,1,34.4,482,-6,
,"2026. 2. 1",小倉,1小4,1勝,足立山特･1勝,7,9,ドーバーブライト,牡,4,菊沢一樹, 57 ,11,5,１, ,芝2600,良,,(美),西田雄一,2365,-0.4,3,3,2,35.4,530,-2,
,"2026. 2. 1",小倉,1小4,1勝,１勝ｸﾗｽ・若,7,10,クラヴァンス,牡,4,西塚洸二,56☆,13,5,１, ,芝1800,良,,(栗),友道康夫,1459,-0.0,2,2,2,34.1,480,+4,B
,"2026. 2. 1",小倉,1小4,1勝,１勝ｸﾗｽ・牝,8,15,キャットテイル,牝,4,西塚洸二,54☆,15,10,１, ,ダ1700,良,,(栗),野中賢二,1467,-0.3,2,2,2,38.1,424,-2,
,"2026. 2. 1",小倉,1小4,未勝利,未勝利,1,1,マカナアネラ,牡,3,角田大和, 57 ,18,5,１, ,芝2000,良,,(栗),角田晃一,2001,-0.1,1,2,1,35.6,452,-2,
,"2026. 2. 1",小倉,1小4,新馬,新馬,1,2,ケイアイクウガ,牡,3,橋木太希,54▲,18,2,１, ,芝1200,良,,(栗),小林真也,1086,-0.2,,4,3,34.2,508,,
,"2026. 2. 1",小倉,1小4,未勝利,障害未勝利,7,9,グアラニア,牡,5,伴啓太, 60 ,12,9,１, ,芝2860,良,,(美),矢野英一,3161,-0.0,1,1,1,13.7,506,+8,
,"2026. 2. 1",小倉,1小4,1勝,１勝ｸﾗｽ,4,6,トーアジョウトウ,牡,4,舟山瑠泉,55▲,14,7,１, ,ダ1000,良,,(美),村田一誠,0587,-0.3,,2,1,36.0,512,+22,
,"2026. 2. 1",小倉,1小4,未勝利,未勝利,2,3,デルマリシリ,牝,3,藤岡佑介, 55 ,18,1,１, ,芝1200,良,,(栗),田中克典,1078,-0.1,,5,3,33.8,460,-6,
,"2026. 2. 1",小倉,1小4,未勝利,未勝利,8,16,ラブインアクション,牝,3,鮫島克駿, 55 ,16,3,１, ,ダ1700,良,,(栗),橋口慎介,1471,-0.6,1,1,1,38.2,478,+2,
,"2026. 1.31",小倉,1小3,1勝,１勝ｸﾗｽ,8,15,エンジェルマーク,牝,4,丸山元気, 55 ,16,8,１, ,芝2000,良,,(美),宮田敬介,1582,-0.1,12,10,9,35.3,462,-4,
,"2026. 1.31",小倉,1小3,3勝,巌流島Ｈ･3勝,2,3,デイトナモード,牡,6,小崎綾也, 54 ,18,14,１, ,芝1200,良,,(栗),千田輝彦,1068,-0.2,,3,2,33.6,544,+4,
,"2026. 1.31",小倉,1小3,2勝,平尾台特･2勝,8,16,ドゥラリス,牝,4,斎藤新, 55 ,16,3,１, ,ダ1700,良,,(栗),吉岡辰弥,1454,-0.1,7,7,7,37.5,526,0,
,"2026. 1.31",小倉,1小3,2勝,有田特別･2勝,6,9,スノーサイレンス,牝,4,鮫島克駿, 56 ,14,1,１, ,ダ1000,良,,(栗),小栗実,0592,-0.0,,5,5,36.2,458,-6,
,"2026. 1.31",小倉,1小3,1勝,１勝ｸﾗｽ,3,5,フォティック,牡,6,吉田隼人, 58 ,18,4,１, ,芝1200,良,,(栗),飯田祐史,1075,-0.2,,10,7,33.5,476,-8,
,"2026. 1.31",小倉,1小3,未勝利,未勝利,3,5,アイドクレース,牝,3,石神深道,52▲,16,6,１, ,芝1800,良,,(美),金成貴史,1468,-0.0,11,9,9,35.5,422,-6,
,"2026. 1.31",小倉,1小3,未勝利,未勝利・若,1,2,カシノリアーナ,牝,3,橋木太希,52▲,18,18,１, ,芝1200,良,,(美),天間昭一,1085,-0.0,,8,5,34.2,438,-2,
,"2026. 1.31",小倉,1小3,未勝利,障害未勝利,8,10,レッドラマンシュ,セ,7,小牧加矢, 60 ,11,1,１, ,芝2860,良,,(栗),庄野靖志,3121,-0.8,1,1,1,13.4,476,0,
,"2026. 1.31",小倉,1小3,ｵｰﾌﾟﾝ,障害・オープ,1,1,ホークフィールド,牡,5,高田潤, 60 ,12,2,１, ,芝2860,良,,(栗),武英智,3096,-0.4,4,4,4,13.3,494,+4,
,"2026. 1.31",小倉,1小3,1勝,１勝ｸﾗｽ,3,6,モレポブラーノ,牡,4,小沢大仁, 57 ,16,3,１, ,ダ1700,良,,(栗),庄野靖志,1452,-0.2,1,1,1,37.6,546,-14,B
,"2026. 1.31",小倉,1小3,未勝利,未勝利・牝,6,11,フォーチュンライド,牝,3,松本大輝,54☆,18,1,１, ,芝2000,良,,(栗),福永祐一,1598,-0.1,2,2,2,35.9,480,0,
,"2026. 1.31",小倉,1小3,未勝利,未勝利,5,7,ウーマンズパワー,牝,3,横山琉人, 55 ,14,1,１, ,ダ1000,良,,(栗),中尾秀正,0589,-0.1,,2,2,36.0,454,-12,
,"2026. 1.25",小倉,1小2,1勝,１勝ｸﾗｽ,5,8,ヤコブセン,牡,4,斎藤新, 57 ,14,3,１, ,芝2000,良,,(美),斎藤誠,2000,-0.0,2,2,1,34.1,514,0,B
,"2026. 1.25",小倉,1小2,3勝,壇之浦Ｓ･3勝,5,5,エラトー,牝,5,斎藤新, 56 ,12,6,１, ,芝1800,良,,(栗),上村洋行,1454,-0.2,4,5,5,33.4,490,-12,
,"2026. 1.25",小倉,1小2,2勝,響灘特別･2勝,1,1,アイウィル,牡,5,丹内祐次, 58 ,16,5,１, ,ダ1700,良,,(美),高木登,1458,-0.0,3,3,3,36.6,516,0,B
,"2026. 1.25",小倉,1小2,1勝,八幡特別･1勝,7,13,カウンターセブン,牡,4,小林美駒, 58 ,16,7,１, ,芝1200,良,,(美),村田一誠,1071,-0.1,,1,1,34.4,514,+22,B
,"2026. 1.25",小倉,1小2,1勝,１勝ｸﾗｽ・牝,2,3,ウインシャーガス,牝,4,松若風馬, 55 ,16,2,１, ,芝1800,良,,(栗),杉山晴紀,1463,-0.2,5,4,3,36.2,474,0,B
,"2026. 1.25",小倉,1小2,未勝利,未勝利,4,8,ドッグウッド,牡,3,丹内祐次, 57 ,18,2,１, ,芝2000,良,,(美),斎藤誠,1595,-0.2,6,7,4,34.5,458,+6,
,"2026. 1.25",小倉,1小2,未勝利,未勝利,7,8,ブラックレジェンド,牡,3,今村聖奈,55◇,11,4,１, ,ダ1700,良,,(栗),寺島良,1463,-0.3,2,2,2,37.2,462,+2,
,"2026. 1.25",小倉,1小2,新馬,新馬,1,1,エンプレスケー,牝,3,丹内祐次, 53 ,18,1,１, ,芝1200,良,,(美),上原佑紀,1084,-0.2,,1,1,34.1,502,,
,"2026. 1.25",小倉,1小2,未勝利,障害未勝利,6,8,トモジャシック,牡,4,難波剛健, 59 ,12,10,１, ,芝2860,良,,(栗),大根田裕,3104,-0.3,1,1,1,13.3,470,-8,
,"2026. 1.25",小倉,1小2,1勝,１勝ｸﾗｽ,3,3,ララアヴリル,セ,4,森田誠也,55▲,14,1,１, ,ダ1000,良,,(栗),斉藤崇史,0589,-0.3,,1,1,35.9,474,-8,B
,"2026. 1.25",小倉,1小2,未勝利,未勝利,2,4,ミトノリン,牝,3,斎藤新, 55 ,18,3,１, ,芝1200,良,,(栗),前川恭子,1080,-0.1,,4,4,33.8,472,0,
,"2026. 1.25",小倉,1小2,未勝利,未勝利・牝,2,4,ドウカキミニトドケ,牝,3,田山旺佑,52▲,16,6,１, ,ダ1700,良,,(栗),田中克典,1483,-0.0,1,1,1,38.9,454,-12,
,"2026. 1.24",小倉,1小1,1勝,１勝ｸﾗｽ,5,8,ラマンシュ,牡,4,斎藤新, 57 ,15,3,１, ,ダ1700,良,,(栗),杉山佳明,1457,-0.5,8,8,7,37.5,420,+2,
,"2026. 1.24",小倉,1小1,Ｇ３,小倉牝馬ＨG3,8,17,ジョスラン,牝,4,ルメール, 54 ,18,1,１, ,芝2000,良,,(美),鹿戸雄一,1581,-0.0,9,6,6,33.9,472,0,
,"2026. 1.24",小倉,1小1,2勝,海の中道･2勝,4,4,キングスコール,牡,4,松山弘平, 57 ,9,1,１, ,芝2600,良,,(栗),矢作芳人,2371,-1.0,1,1,1,34.1,496,-4,
,"2026. 1.24",小倉,1小1,1勝,萌黄賞･1勝*,8,12,ルージュサウダージ,牝,3,斎藤新, 55 ,12,5,１, ,芝1200,良,,(栗),松永幹夫,1077,-0.2,,9,9,33.3,482,+2,
,"2026. 1.24",小倉,1小1,1勝,１勝ｸﾗｽ,1,1,ベイラム,牡,4,ルメール, 57 ,7,1,１, ,ダ2400,良,,(栗),武英智,2355,-0.3,2,2,2,37.8,438,-2,
,"2026. 1.24",小倉,1小1,1勝,１勝ｸﾗｽ,8,15,スズカミエール,牝,5,ルメール, 56 ,15,1,１, ,芝2600,良,,(栗),吉村圭司,2380,-0.1,5,5,5,34.6,482,+12,
,"2026. 1.24",小倉,1小1,新馬,新馬,8,18,ボンドマティーニ,牡,3,北村友一, 57 ,18,1,１, ,芝2000,良,,(栗),安田翔伍,2001,-0.1,7,4,3,34.1,474,,
,"2026. 1.24",小倉,1小1,未勝利,障害未勝利,6,6,タイセイジャスパー,セ,7,上野翔, 60 ,11,1,１, ,芝2860,良,,(美),伊藤圭三,3144,-0.2,2,3,3,13.6,496,-2,
,"2026. 1.24",小倉,1小1,ｵｰﾌﾟﾝ,障害・オープ,5,5,テイエムマジック,牡,8,難波剛健, 61 ,12,1,１, ,芝3390,良,,(栗),鈴木孝志,3455,-0.0,5,3,3,13.3,534,0,B
,"2026. 1.24",小倉,1小1,未勝利,未勝利,2,2,カッタッパ,牡,3,団野大成, 57 ,14,1,１, ,ダ1000,良,,(栗),森秀行,0594,-0.8,,1,1,36.1,490,+10,
,"2026. 1.24",小倉,1小1,未勝利,未勝利,2,4,アルヴァンドルード,牡,3,北村友一, 57 ,16,1,１, ,芝1800,良,,(栗),池添学,1461,-0.3,1,1,1,34.6,434,-2,
,"2026. 1.24",小倉,1小1,未勝利,未勝利,5,5,アンコールアゲイン,牡,3,松山弘平, 57 ,10,1,１, ,ダ1700,良,,(栗),今野貞一,1474,-0.7,1,1,1,38.6,482,-2,
,"2025. 7.20",小倉,2小8,2勝,耶馬渓特･2勝,1,2,フリッカージャブ,牡,3,松山弘平, 55 ,18,1,１, ,芝1200,良,,(栗),西園翔太,1077,-0.4,,1,1,34.8,490,+4,
,"2025. 7.20",小倉,2小8,Ｇ３,小倉記念ＨG3,1,1,イングランドアイズ,牝,5,松若風馬, 51 ,16,9,１, ,芝2000,良,*,(栗),安田翔伍,1599,-0.3,4,4,5,36.2,450,+2,B
,"2025. 7.20",小倉,2小8,3勝,宮崎ＳＨ･3勝,4,4,レアンダー,牡,4,幸英明, 54 ,13,2,１, ,ダ1700,良,,(栗),大根田裕,1437,-0.1,1,1,1,38.1,462,-4,
,"2025. 7.20",小倉,2小8,2勝,不知火特･2勝,5,5,ホルトバージ,牡,4,川田将雅, 58 ,8,5,１, ,芝1800,良,,(栗),寺島良,1484,-0.2,4,4,4,35.7,466,-8,
,"2025. 7.20",小倉,2小8,1勝,１勝ｸﾗｽ,1,1,コウセキ,牡,3,松山弘平, 55 ,12,1,１, ,芝1200,良,*,(栗),西園正都,1088,-0.0,,1,1,35.5,482,+6,
,"2025. 7.20",小倉,2小8,1勝,１勝ｸﾗｽ,6,6,キーウェーブ,牡,4,城戸義政, 58 ,10,8,１, ,芝1800,良,,(栗),宮地貴稔,1495,-0.0,4,4,2,35.4,434,-2,B
,"2025. 7.20",小倉,2小8,1勝,１勝ｸﾗｽ,2,2,ペイシャヴァルツー,牝,3,団野大成, 53 ,9,2,１, ,ダ1000,良,*,(栗),吉田直弘,0574,-0.6,,1,1,35.0,446,+4,
,"2025. 7.20",小倉,2小8,新馬,新馬,6,8,ベレシート,牡,2,北村友一, 55 ,13,2,１, ,芝1800,良,,(栗),斉藤崇史,1525,-0.1,12,11,7,34.5,480,,
,"2025. 7.20",小倉,2小8,未勝利,未勝利,2,3,サミダレナイツ,牡,3,岩田康誠, 57 ,18,2,１, ,芝2000,良,*,(栗),谷潔,2032,-0.1,11,9,5,35.9,482,+2,
,"2025. 7.20",小倉,2小8,未勝利,未勝利,5,10,エイシンマールス,牡,3,和田竜二, 57 ,16,1,１, ,ダ1700,稍,,(栗),今野貞一,1461,-0.6,2,2,2,38.8,472,+4,
,"2025. 7.20",小倉,2小8,未勝利,未勝利,1,1,ワインクーラー,牝,3,坂井瑠星, 55 ,18,2,１, ,芝1200,良,,(栗),石橋守,1090,-0.2,,15,13,34.9,454,+2,
,"2025. 7.20",小倉,2小8,未勝利,未勝利*,8,11,ローズカリス,牝,2,田口貫太, 55 ,11,3,１, ,ダ1000,稍,,(栗),大橋勇樹,0584,-1.2,,1,1,35.6,434,0,
,"2025. 7.19",小倉,2小7,1勝,１勝ｸﾗｽ,3,6,グランキングオー,牡,3,永島まな,53◇,16,4,１, ,ダ1700,重,,(栗),高橋康之,1444,-0.3,1,1,1,36.1,458,+4,
,"2025. 7.19",小倉,2小7,3勝,テレＱ杯･3勝,1,1,エイムインライフ,牝,5,高杉吏麒, 56 ,17,8,１, ,芝1200,良,,(栗),角田晃一,1086,-0.1,,1,1,34.9,482,-6,B
,"2025. 7.19",小倉,2小7,2勝,熊本城特･2勝,8,15,レイナデアルシーラ,牝,3,田口貫太, 53 ,16,1,１, ,ダ1700,重,,(栗),西園正都,1432,-0.2,1,1,1,36.7,500,+4,
,"2025. 7.19",小倉,2小7,ｵｰﾌﾟﾝ,ひまわり,6,12,アンヘリータス,牝,2,川田将雅, 55 ,18,3,１, ,芝1200,良,,(栗),吉村圭司,1103,-0.1,,2,2,36.1,418,+4,
,"2025. 7.19",小倉,2小7,1勝,１勝ｸﾗｽ・牝,1,1,マトラコーニッシュ,牝,3,松山弘平, 53 ,10,3,１, ,芝2000,良,,(栗),池添学,2025,-0.4,6,7,7,36.0,434,-2,
,"2025. 7.19",小倉,2小7,1勝,１勝ｸﾗｽ,3,3,レディメローラ,牝,5,和田竜二, 56 ,9,8,１, ,芝1200,良,,(栗),北出成人,1089,-0.2,,6,5,35.0,414,-4,
,"2025. 7.19",小倉,2小7,未勝利,未勝利,7,14,カルミアクラウン,牝,3,田山旺佑,52▲,16,4,１, ,ダ1700,重,,(栗),吉岡辰弥,1450,-0.0,3,3,3,37.7,434,-2,
,"2025. 7.19",小倉,2小7,新馬,新馬,8,8,ナムラドロン,牡,2,松山弘平, 55 ,9,2,１, ,芝1200,良,,(栗),鈴木孝志,1110,-0.1,,1,2,36.2,472,,
,"2025. 7.19",小倉,2小7,未勝利,未勝利,7,13,レインオンミー,牡,3,和田竜二, 57 ,16,6,１, ,芝1800,稍,,(栗),福永祐一,1509,-0.1,7,6,5,35.9,474,-10,
,"2025. 7.19",小倉,2小7,未勝利,未勝利・牝,7,14,ドマーネ,牝,3,国分恭介, 55 ,18,10,１, ,芝2000,稍,*,(栗),辻野泰之,2028,-0.0,12,10,9,36.3,436,-2,
,"2025. 7.19",小倉,2小7,未勝利,未勝利,3,3,アスコットアイ,牝,3,高杉吏麒,54☆,14,2,１, ,ダ1000,重,,(栗),緒方努,0578,-0.0,,2,2,35.3,436,+2,
,"2025. 7.19",小倉,2小7,未勝利,未勝利*,4,4,ディーリライズ,牡,2,高杉吏麒,54☆,10,3,１, ,芝1800,稍,,(栗),緒方努,1509,-0.1,6,5,4,36.2,460,0,
,"2025. 7.13",小倉,2小6,1勝,１勝ｸﾗｽ・牝,2,4,ドナウパール,牝,5,団野大成, 56 ,16,9,１, ,芝1200,良,,(栗),斉藤崇史,1086,-0.0,,8,8,35.0,468,+4,
,"2025. 7.13",小倉,2小6,ｵｰﾌﾟﾝ,阿蘇Ｓ,6,12,ローズスター,牡,5,団野大成, 57 ,16,5,１, ,ダ1700,良,,(栗),上村洋行,1452,-0.1,11,4,4,37.8,458,+4,B
,"2025. 7.13",小倉,2小6,2勝,西部スＨ･2勝,3,3,アロマデローサ,牝,5,亀田温心, 53 ,9,8,１, ,芝2000,良,,(栗),池添学,2013,-0.0,1,1,1,35.5,460,+2,
,"2025. 7.13",小倉,2小6,2勝,雲仙特別･2勝,8,14,アマルナ,牝,5,松山弘平, 56 ,14,6,１, ,ダ1000,良,,(栗),東田明士,0588,-0.1,,2,2,36.5,460,-6,B
,"2025. 7.13",小倉,2小6,1勝,１勝ｸﾗｽ,2,3,インヴォーグ,牝,3,川田将雅, 53 ,16,1,１, ,芝1800,良,,(栗),福永祐一,1486,-0.1,3,3,3,36.8,486,-8,
,"2025. 7.13",小倉,2小6,1勝,１勝ｸﾗｽ・牝,1,2,マキシマムビスタ,牝,3,団野大成, 53 ,16,3,１, ,ダ1700,良,,(栗),斉藤崇史,1470,-0.7,4,5,3,39.2,500,+6,
,"2025. 7.13",小倉,2小6,新馬,新馬,5,5,ジュジュドール,牝,2,松山弘平, 55 ,8,1,１, ,芝1200,良,,(栗),西園翔太,1112,-0.4,,1,1,35.7,444,,
,"2025. 7.13",小倉,2小6,新馬,新馬,4,4,ウイナーズナイン,牡,2,川田将雅, 55 ,8,2,１, ,芝2000,良,,(栗),小栗実,2051,-0.1,2,2,2,34.6,496,,
,"2025. 7.13",小倉,2小6,未勝利,未勝利,5,10,マテンロウギフト,牡,3,松山弘平, 57 ,16,1,１, ,芝1800,良,,(栗),茶木太樹,1494,-0.1,12,11,6,35.8,460,+8,
,"2025. 7.13",小倉,2小6,未勝利,未勝利,2,3,ハッコウイチウ,牡,3,吉村誠之,56☆,16,4,１, ,ダ1700,良,,(栗),杉山晴紀,1478,-0.5,2,2,1,38.9,490,-4,
,"2025. 7.13",小倉,2小6,未勝利,未勝利・牝,1,1,ノボリリア,牝,3,高杉吏麒,54☆,18,12,１, ,芝1200,良,,(栗),石橋守,1088,-0.1,,1,1,35.4,446,-2,
,"2025. 7.13",小倉,2小6,未勝利,障害未勝利,1,1,ポリトナリティー,牝,4,難波剛健, 58 ,12,5,１, ,芝2860,良,,(美),和田雄二,3146,-0.1,5,5,3,13.6,420,-2,
,"2025. 7.12",小倉,2小5,1勝,１勝ｸﾗｽ,1,2,シュブロンレーヴル,牝,4,秋山稔樹, 56 ,17,7,１, ,芝1200,良,,(栗),杉山佳明,1085,-0.0,,3,4,35.3,410,-6,
,"2025. 7.12",小倉,2小5,3勝,釜山Ｓ･3勝,3,3,スマートアイ,牝,5,幸英明, 56 ,10,6,１, ,ダ1000,良,,(栗),寺島良,0590,-0.2,,1,1,36.4,504,-12,B
,"2025. 7.12",小倉,2小5,2勝,八女特別･2勝,6,9,ルフトクス,牝,4,松山弘平, 56 ,13,1,１, ,ダ1700,良,,(栗),杉山佳明,1474,-0.2,6,6,6,38.9,462,-6,
,"2025. 7.12",小倉,2小5,1勝,英彦山特･1勝,1,1,ジョイボーイ,牡,3,坂井瑠星, 55 ,11,1,１, ,芝2600,良,,(栗),四位洋文,2435,-0.2,9,7,7,35.9,474,0,
,"2025. 7.12",小倉,2小5,1勝,１勝ｸﾗｽ,4,7,バッケンレコード,牡,3,太宰啓介, 55 ,16,12,１, ,ダ1700,良,,(栗),秋山真一,1463,-0.4,10,9,9,38.0,478,+2,
,"2025. 7.12",小倉,2小5,未勝利,未勝利,6,11,ノーランサンライズ,牝,3,小崎綾也, 55 ,18,8,１, ,芝2000,良,,(栗),佐藤悠太,2018,-0.4,8,11,7,36.3,484,+4,
,"2025. 7.12",小倉,2小5,未勝利,未勝利,6,12,ピアストイヤーズ,牡,3,小崎綾也, 57 ,18,5,１, ,芝1200,良,,(栗),小崎憲,1091,-0.5,,6,5,35.0,442,-12,
,"2025. 7.12",小倉,2小5,新馬,新馬・牝,8,11,クールフラン,牝,2,松山弘平, 55 ,12,1,１, ,芝1800,良,,(栗),池添学,1508,-0.2,1,1,1,36.7,478,,
,"2025. 7.12",小倉,2小5,ｵｰﾌﾟﾝ,ソレイユ,1,1,ネビーイーム,牡,7,小牧加矢, 60 ,7,1,１, ,芝3390,良,,(栗),佐々木晶,3478,-0.9,2,2,1,13.4,528,-8,B
,"2025. 7.12",小倉,2小5,未勝利,未勝利,8,13,ミトノキャット,牝,3,坂井瑠星, 55 ,14,2,１, ,ダ1000,良,,(栗),前川恭子,0591,-0.1,,2,1,36.3,440,0,
,"2025. 7.12",小倉,2小5,未勝利,未勝利・牝,8,16,ヴォワラクテ,牝,3,吉村誠之,54☆,16,3,１, ,芝1800,良,,(栗),田中克典,1495,-0.2,2,2,2,36.3,442,+8,
,"2025. 7.12",小倉,2小5,未勝利,未勝利*,3,3,スターアニス,牝,2,松山弘平, 55 ,10,4,１, ,芝1200,良,,(栗),高野友和,1080,-1.1,,3,4,34.7,474,-12,
,"2025. 7. 6",小倉,2小4,1勝,１勝ｸﾗｽ,4,8,ジューンエオス,牝,3,高倉稜, 53 ,16,3,１, ,ダ1700,良,,(栗),武英智,1454,-0.0,1,1,1,37.9,486,+16,
,"2025. 7. 6",小倉,2小4,Ｇ３,北九州記ＨG3,5,9,ヤマニンアルリフラ,牡,4,団野大成, 55 ,18,1,１, ,芝1200,良,*,(栗),斉藤崇史,1078,-0.1,,10,7,34.7,496,+14,
,"2025. 7. 6",小倉,2小4,2勝,九州スポ･2勝,6,6,ベトルス,セ,4,川田将雅, 58 ,7,1,１, ,芝2600,良,,(栗),友道康夫,2395,-0.9,5,2,1,36.1,504,-6,
,"2025. 7. 6",小倉,2小4,1勝,小郡特別･1勝,7,7,ヒーローインチーフ,セ,4,西塚洸二, 58 ,8,4,１, ,芝1200,良,,(栗),吉田直弘,1084,-0.1,,7,6,33.8,448,+2,
,"2025. 7. 6",小倉,2小4,1勝,１勝ｸﾗｽ,7,11,ファムエレガンテ,牝,3,永島まな,51◇,14,1,１, ,ダ1000,良,,(栗),中村直也,0579,-0.2,,2,2,35.1,476,+16,
,"2025. 7. 6",小倉,2小4,1勝,１勝ｸﾗｽ・牝,5,5,ダノンフェアレディ,牝,3,坂井瑠星, 53 ,9,2,１, ,芝1800,良,,(栗),橋口慎介,1492,-0.3,2,2,2,34.5,472,+20,
,"2025. 7. 6",小倉,2小4,新馬,新馬,4,4,ロードヴィゴラス,牡,2,高杉吏麒,54☆,5,3,１, ,ダ1000,良,,(栗),四位洋文,1015,-0.2,,2,2,38.0,430,,
,"2025. 7. 6",小倉,2小4,新馬,新馬,2,2,ロードラヴォール,牡,2,川田将雅, 55 ,9,2,１, ,芝1800,良,,(栗),中内田充,1495,-0.8,4,2,1,36.7,502,,
,"2025. 7. 6",小倉,2小4,未勝利,未勝利,1,2,ダノンジャガー,牡,3,高杉吏麒,56☆,18,4,１, ,芝2000,良,,(栗),池江泰寿,2020,-0.0,16,13,11,36.0,512,0,
,"2025. 7. 6",小倉,2小4,未勝利,未勝利・牝,8,16,ブライアーヒル,牝,3,国分優作, 55 ,18,2,１, ,芝1200,良,,(栗),中尾秀正,1087,-0.0,,2,2,35.0,464,-2,
,"2025. 7. 6",小倉,2小4,未勝利,未勝利,2,4,ココデイック,牡,3,高杉吏麒,56☆,16,2,１, ,ダ1700,良,,(栗),藤岡健一,1480,-0.1,6,6,2,40.1,498,+4,
,"2025. 7. 6",小倉,2小4,未勝利,未勝利・九*,1,1,エイシンディアマン,牝,2,高倉稜, 55 ,16,5,１, ,芝1200,良,*,(栗),中尾秀正,1108,-0.1,,5,4,36.2,446,-10,
,"2025. 7. 5",小倉,2小3,2勝,フィリピ･2勝,8,10,メイショウピース,牝,5,坂井瑠星, 56 ,10,5,１, ,芝1200,良,,(栗),高橋亮,1085,-0.0,,7,7,34.5,474,0,
,"2025. 7. 5",小倉,2小3,3勝,マレーＨ･3勝,7,9,グランアルティスタ,牡,4,小崎綾也, 55 ,11,11,１, ,芝1800,良,,(栗),寺島良,1470,-0.0,2,2,1,36.0,512,-8,B
,"2025. 7. 5",小倉,2小3,2勝,ターフオ･2勝,8,10,メイショウズイウン,牡,3,松山弘平, 55 ,11,1,１, ,ダ1700,良,,(栗),本田優,1466,-0.2,5,2,2,37.0,492,-8,
,"2025. 7. 5",小倉,2小3,1勝,ロイヤル･1勝,2,2,ミュージシャン,牡,3,泉谷楓真, 55 ,8,1,１, ,芝2000,良,,(栗),杉山晴紀,2001,-0.1,3,2,3,36.7,466,+4,
,"2025. 7. 5",小倉,2小3,1勝,１勝ｸﾗｽ,4,4,フリッカージャブ,牡,3,松山弘平, 55 ,9,1,１, ,芝1200,良,,(栗),西園翔太,1075,-1.0,,1,1,34.0,486,+6,
,"2025. 7. 5",小倉,2小3,未勝利,未勝利,2,4,ジェルブロア,牝,3,坂井瑠星, 55 ,16,3,１, ,芝1800,良,,(栗),矢作芳人,1484,-0.4,4,4,2,36.2,422,0,
,"2025. 7. 5",小倉,2小3,未勝利,未勝利,1,2,ルクスメンデス,牡,3,国分優作, 57 ,16,13,１, ,ダ1700,良,,(栗),小崎憲,1471,-0.0,11,5,4,38.8,468,-10,
,"2025. 7. 5",小倉,2小3,新馬,新馬,1,1,キャンディード,牡,2,松山弘平, 55 ,8,2,１, ,芝1200,良,,(栗),松下武士,1094,-0.2,,4,3,34.6,470,,
,"2025. 7. 5",小倉,2小3,未勝利,未勝利,6,9,ララアヴリル,セ,3,団野大成, 57 ,14,2,１, ,ダ1000,良,,(栗),斉藤崇史,0588,-0.4,,1,1,36.1,474,-4,B
,"2025. 7. 5",小倉,2小3,未勝利,未勝利,7,15,ブラックケリー,牝,3,菱田裕二, 55 ,18,7,１, ,芝1200,良,,(栗),長谷川浩,1085,-0.4,,7,7,34.6,434,-6,
,"2025. 7. 5",小倉,2小3,未勝利,未勝利・牝,8,15,ヴォルクメア,牝,3,田口貫太, 55 ,16,11,１, ,ダ1700,良,*,(栗),新谷功一,1474,-0.6,10,1,1,38.2,490,0,
,"2025. 7. 5",小倉,2小3,未勝利,未勝利*,3,3,アスクエジンバラ,牡,2,川田将雅, 55 ,5,1,１, ,芝1800,良,,(栗),福永祐一,1532,-0.6,2,2,2,35.0,454,-6,
,"2025. 6.29",小倉,2小2,1勝,１勝ｸﾗｽ,3,5,オンザムーブ,牡,3,坂井瑠星, 55 ,16,4,１, ,ダ1700,良,,(栗),矢作芳人,1457,-0.0,6,4,4,38.9,506,0,
,"2025. 6.29",小倉,2小2,3勝,佐世保Ｈ･3勝,3,3,ヤマニンアンフィル,牝,6,団野大成, 55 ,13,2,１, ,芝1200,良,,(栗),斉藤崇史,1078,-0.1,,8,7,33.9,490,+4,
,"2025. 6.29",小倉,2小2,2勝,西部日刊･2勝,6,11,メイショウフウドウ,牡,4,高杉吏麒, 58 ,15,4,１, ,ダ1700,良,,(栗),藤原英昭,1456,-0.2,2,2,2,37.5,490,+2,
,"2025. 6.29",小倉,2小2,1勝,青島特別･1勝,6,6,レディーミコノス,牝,3,松山弘平, 53 ,8,2,１, ,芝1800,良,,(栗),寺島良,1475,-0.1,2,4,7,35.0,460,+6,
,"2025. 6.29",小倉,2小2,1勝,１勝ｸﾗｽ,8,13,ディーエスショウマ,牡,3,松山弘平, 55 ,14,4,１, ,ダ1000,良,,(栗),橋口慎介,0579,-0.4,,2,2,35.4,462,+2,
,"2025. 6.29",小倉,2小2,未勝利,未勝利・牝,2,4,ランフォースマイル,牝,3,川田将雅, 55 ,18,3,１, ,芝2000,良,,(栗),渡辺薫彦,2000,-0.2,1,1,1,37.8,448,+6,
,"2025. 6.29",小倉,2小2,新馬,新馬,2,2,コラルリーフ,牝,2,幸英明, 55 ,10,2,１, ,芝1200,良,,(栗),佐藤悠太,1097,-0.1,,3,3,34.5,462,,
,"2025. 6.29",小倉,2小2,新馬,新馬・九,5,10,アンヘリータス,牝,2,川田将雅, 55 ,17,1,１, ,芝1200,良,,(栗),吉村圭司,1108,-0.5,,1,1,36.2,414,,
,"2025. 6.29",小倉,2小2,未勝利,未勝利,7,14,チャチャピンク,牡,3,幸英明, 57 ,16,5,１, ,ダ1700,良,,(栗),北出成人,1468,-0.1,3,3,3,37.7,472,+10,
,"2025. 6.29",小倉,2小2,未勝利,未勝利,4,7,サンライズロジャー,牡,3,幸英明, 57 ,16,2,１, ,芝2600,良,,(栗),加藤公太,2444,-0.1,5,4,3,36.2,516,-8,
,"2025. 6.29",小倉,2小2,未勝利,未勝利,8,17,ラインピクシー,牝,3,坂井瑠星, 55 ,17,1,１, ,芝1200,良,,(栗),長谷川浩,1082,-0.8,,2,2,34.6,476,+2,B
,"2025. 6.29",小倉,2小2,未勝利,障害未勝利,5,5,オーロイプラータ,牡,5,小野寺祐, 60 ,12,3,１, ,芝2860,良,,(栗),宮本博,3116,-0.3,3,2,2,13.4,554,+6,
,"2025. 6.28",小倉,2小1,1勝,１勝ｸﾗｽ,6,9,インブロリオ,牝,3,川田将雅, 53 ,14,1,１, ,芝1200,良,,(栗),吉村圭司,1080,-0.5,,2,1,34.7,470,+4,
,"2025. 6.28",小倉,2小1,3勝,博多Ｓ･3勝,5,9,サイモンザナドゥ,牡,5,川田将雅, 58 ,16,1,１, ,ダ1700,良,*,(栗),小林真也,1442,-0.0,5,6,3,36.8,474,-4,
,"2025. 6.28",小倉,2小1,2勝,柳川特別･2勝,3,3,テレサ,牝,3,松山弘平, 53 ,6,2,１, ,芝1800,良,,(栗),杉山晴紀,1468,-0.0,1,1,1,35.2,432,+4,
,"2025. 6.28",小倉,2小1,1勝,八代特別･1勝,4,4,ハッピーアズラリー,牝,5,高杉吏麒, 56 ,8,5,１, ,芝2000,良,,(栗),安田翔伍,2001,-0.6,5,7,7,35.4,468,-8,
,"2025. 6.28",小倉,2小1,1勝,１勝ｸﾗｽ・牝,8,16,レイナデアルシーラ,牝,3,田口貫太, 53 ,16,1,１, ,ダ1700,良,,(栗),西園正都,1448,-0.9,1,1,1,37.4,496,-4,
,"2025. 6.28",小倉,2小1,未勝利,未勝利,5,9,ウインレオネッサ,牝,3,田山旺佑,52▲,15,8,１, ,芝1200,良,*,(栗),長谷川浩,1087,-0.1,,9,8,34.7,426,+10,
,"2025. 6.28",小倉,2小1,未勝利,未勝利,6,10,ナムラモモ,牝,3,小沢大仁, 55 ,14,9,１, ,ダ1000,良,*,(栗),羽月友彦,0584,-0.1,,1,1,35.2,428,0,
,"2025. 6.28",小倉,2小1,新馬,新馬・九,7,12,カラクニダケ,牡,2,幸英明, 55 ,14,1,１, ,芝1200,良,*,(栗),谷潔,1099,-0.2,,2,2,35.2,476,,
,"2025. 6.28",小倉,2小1,未勝利,未勝利,8,15,ラトラース,セ,3,川田将雅, 57 ,16,1,１, ,芝1800,良,,(栗),中内田充,1472,-0.2,5,2,1,36.6,462,-8,
,"2025. 6.28",小倉,2小1,未勝利,未勝利・牝,2,4,カルドウェル,牝,3,団野大成, 55 ,16,6,１, ,ダ1700,良,,(栗),中村直也,1463,-0.0,1,1,1,39.4,466,-12,
,"2025. 6.28",小倉,2小1,未勝利,未勝利*,1,1,ユウファラオ,牡,2,坂井瑠星, 55 ,6,5,１, ,芝1200,良,,(栗),森秀行,1090,-0.1,,1,1,35.8,488,+8,
,"2025. 6.28",小倉,2小1,未勝利,障害未勝利,5,5,フリーダムレイン,牡,4,五十嵐雄, 60 ,12,3,１, ,芝2860,良,,(栗),高橋一哉,3153,-0.7,1,1,1,13.7,476,-4,
,"2025. 3. 2",小倉,1小C,1勝,１勝ｸﾗｽ,8,16,アレナパラシオ,牡,4,川端海翼,55▲,16,1,１, ,ダ1700,稍,,(栗),四位洋文,1450,-0.2,2,2,2,37.8,476,+8,
,"2025. 3. 2",小倉,1小C,3勝,関門橋Ｓ･3勝,8,12,アスクドゥポルテ,牡,5,西塚洸二, 58 ,13,8,１, ,芝2000,重,,(栗),河内洋,2044,-0.0,13,12,4,36.2,476,0,
,"2025. 3. 2",小倉,1小C,2勝,別府特別･2勝,3,5,アウフヘーベン,牝,5,斎藤新, 56 ,16,7,１, ,芝1800,重,,(栗),高橋亮,1505,-0.3,11,11,6,35.4,446,-16,
,"2025. 3. 2",小倉,1小C,1勝,あざみ賞･1勝,7,14,ベイビーキッス,牝,3,菊沢一樹, 55 ,18,3,１, ,芝1200,重,,(美),青木孝文,1105,-0.0,,2,2,36.3,456,-2,
,"2025. 3. 2",小倉,1小C,1勝,１勝ｸﾗｽ・牝,7,12,ミレニアムヒロイン,牝,4,佐々木大, 56 ,14,2,１, ,ダ1700,重,,(美),池上昌和,1459,-0.0,3,3,2,38.0,434,+2,
,"2025. 3. 2",小倉,1小C,1勝,１勝ｸﾗｽ,5,9,パクスロマーナ,牝,5,川須栄彦, 56 ,18,14,１, ,芝1200,重,,(栗),藤沢則雄,1104,-0.1,,2,2,36.1,440,+4,
,"2025. 3. 2",小倉,1小C,1勝,１勝ｸﾗｽ,4,7,オメガインペリアル,牡,4,松本大輝,57☆,18,3,１, ,芝2000,重,,(栗),安田翔伍,2045,-0.5,2,3,2,37.0,474,+20,
,"2025. 3. 2",小倉,1小C,未勝利,未勝利,4,7,ミュージシャン,牡,3,泉谷楓真, 57 ,16,6,１, ,芝1800,重,*,(栗),杉山晴紀,1516,-0.4,14,13,9,36.2,468,-10,
,"2025. 3. 2",小倉,1小C,未勝利,障害未勝利,3,3,ミヤジシャルマン,牡,5,高田潤, 60 ,11,1,１, ,芝2860,稍,,(栗),宮地貴稔,3164,-0.6,5,4,1,13.7,518,+4,
,"2025. 3. 2",小倉,1小C,未勝利,未勝利,5,7,ブルドッグキング,牡,3,小林美駒,53★,14,1,１, ,ダ1000,稍,,(美),斎藤誠,0585,-0.3,,1,1,35.8,502,0,
,"2025. 3. 2",小倉,1小C,未勝利,未勝利,8,17,スネーフリンガ,牝,3,丸山元気, 55 ,18,3,１, ,芝1200,稍,,(栗),森田直行,1102,-0.6,,10,8,35.1,452,-4,
,"2025. 3. 2",小倉,1小C,未勝利,未勝利,5,9,タケルハーロック,牡,3,鮫島克駿, 57 ,16,1,１, ,ダ1700,稍,,(栗),高柳大輔,1448,-0.3,1,1,1,39.1,490,-6,B
,"2025. 3. 1",小倉,1小B,1勝,１勝ｸﾗｽ,8,17,ハピアーザンエバー,牡,4,黛弘人, 58 ,18,9,１, ,芝1200,良,,(栗),羽月友彦,1091,-0.1,,9,8,35.0,452,+2,
,"2025. 3. 1",小倉,1小B,2勝,早鞆特Ｈ･2勝,6,10,コブラ,牡,6,菊沢一樹, 55 ,15,5,１, ,ダ1700,良,,(美),菊沢隆徳,1454,-0.1,1,1,1,36.6,496,+8,
,"2025. 3. 1",小倉,1小B,2勝,西日本新･2勝,4,8,ジョーメッドヴィン,牡,4,佐々木大, 58 ,18,2,１, ,芝1200,良,*,(栗),清水久詞,1084,-0.3,,4,4,34.5,518,+12,
,"2025. 3. 1",小倉,1小B,1勝,脊振山特･1勝,8,15,ローザサンリヴァル,牡,4,佐々木大, 57 ,16,1,１, ,芝2600,良,,(栗),高野友和,2413,-0.2,10,8,3,35.6,510,-2,
,"2025. 3. 1",小倉,1小B,1勝,１勝ｸﾗｽ・牝,4,6,オオナミコナミ,牝,4,佐々木大, 56 ,15,1,１, ,芝1800,良,,(栗),牧浦充徳,1489,-0.3,10,7,5,36.2,476,-2,
,"2025. 3. 1",小倉,1小B,未勝利,未勝利,1,2,グレイスフルマーチ,牡,3,丹内祐次, 57 ,16,2,１, ,ダ1700,良,,(栗),中村直也,1475,-0.3,3,4,3,38.6,458,-4,
,"2025. 3. 1",小倉,1小B,未勝利,未勝利,8,17,ダノンジャイアン,牡,3,小沢大仁, 57 ,18,4,１, ,芝2000,良,,(栗),茶木太樹,2027,-0.0,2,2,2,35.7,444,-4,
,"2025. 3. 1",小倉,1小B,ｵｰﾌﾟﾝ,障害・オープ,4,4,ワールドスケール,牡,8,黒岩悠, 60 ,12,10,１, ,芝2860,良,,(栗),村山明,3135,-0.0,5,5,3,13.5,492,-6,
,"2025. 3. 1",小倉,1小B,未勝利,障害未勝利,6,8,ダイスアローリング,牡,4,上野翔, 59 ,12,2,１, ,芝2860,良,,(美),古賀慎明,3155,-0.1,1,1,2,13.7,514,+4,
,"2025. 3. 1",小倉,1小B,1勝,１勝ｸﾗｽ,5,8,ザウリ,牡,6,丸山元気, 58 ,14,2,１, ,ダ1000,良,,(栗),森田直行,0583,-0.2,,6,6,35.1,538,0,
,"2025. 3. 1",小倉,1小B,未勝利,未勝利,7,14,セイプリーズ,牝,3,古川吉洋, 55 ,18,3,１, ,芝1200,良,*,(栗),宮徹,1093,-0.1,,3,3,35.3,422,0,
,"2025. 3. 1",小倉,1小B,未勝利,未勝利・牝,2,4,メイショウピリカ,牝,3,古川吉洋, 55 ,16,16,１, ,芝1800,良,,(栗),本田優,1501,-0.2,15,16,7,35.0,476,+4,
,"2025. 2.23",小倉,1小A,1勝,１勝ｸﾗｽ・牝,5,10,アスティスプマンテ,牝,4,小沢大仁, 56 ,18,1,１, ,芝1200,良,,(栗),杉山晴紀,1082,-0.3,,8,7,33.9,428,+4,
,"2025. 2.23",小倉,1小A,Ｇ３,小倉大賞ＨG3,2,2,ロングラン,セ,7,丹内祐次, 57 ,14,4,１, ,芝1800,良,,(美),和田勇介,1461,-0.0,11,8,9,34.0,478,-8,
,"2025. 2.23",小倉,1小A,2勝,和布刈特･2勝,1,1,サイモンブーケ,牝,5,古川奈穂, 56 ,14,7,１, ,ダ1700,良,,(栗),梅田智之,1452,-0.1,3,3,4,38.0,512,+2,B
,"2025. 2.23",小倉,1小A,1勝,高千穂特･1勝,4,6,ヴェルテンベルク,牡,5,丸山元気, 58 ,14,3,１, ,芝1800,良,,(栗),宮本博,1480,-0.1,4,4,5,34.7,480,-4,
,"2025. 2.23",小倉,1小A,1勝,１勝ｸﾗｽ,3,3,コスモジンバック,牡,4,丹内祐次, 57 ,14,1,１, ,ダ2400,良,,(美),相沢郁,2342,-0.1,8,8,6,37.5,500,+10,B
,"2025. 2.23",小倉,1小A,1勝,１勝ｸﾗｽ・牝,6,8,ラビットアイ,牝,4,佐々木大, 55 ,12,1,１, ,芝2000,良,,(栗),鈴木孝志,2001,-0.6,5,3,3,35.1,500,+14,
,"2025. 2.23",小倉,1小A,未勝利,未勝利,1,1,キョウキランブ,牡,3,石神深道,54▲,12,1,１, ,ダ1700,良,,(美),古賀慎明,1456,-0.5,3,2,2,37.3,526,-6,
,"2025. 2.23",小倉,1小A,未勝利,未勝利,5,6,コスモアンソロジー,牡,3,丹内祐次, 57 ,13,1,１, ,芝2000,良,,(美),嘉藤貴行,2015,-0.1,2,2,1,36.2,448,-8,
,"2025. 2.23",小倉,1小A,未勝利,障害未勝利,1,1,サンデーヒーロー,牡,5,中村将之, 60 ,12,2,１, ,芝2860,良,,(栗),中村直也,3132,-0.3,3,2,2,13.5,478,-2,
,"2025. 2.23",小倉,1小A,未勝利,未勝利,5,7,キャリーグレイス,牝,3,菊沢一樹, 55 ,14,1,１, ,ダ1000,良,,(栗),寺島良,0591,-0.7,,1,1,36.2,434,-8,
,"2025. 2.23",小倉,1小A,未勝利,未勝利・牝,3,5,ペガサスノース,牝,3,柴田裕一,52▲,18,1,１, ,芝1200,良,,(栗),高柳大輔,1086,-0.0,,4,3,34.8,480,+4,
,"2025. 2.23",小倉,1小A,未勝利,未勝利,4,4,ゴールドダイアー,牡,3,藤懸貴志, 57 ,10,3,１, ,ダ1700,良,,(栗),平田修,1488,-0.2,8,6,4,37.1,468,-16,
,"2025. 2.22",小倉,1小9,1勝,１勝ｸﾗｽ,6,11,マイネルフランツ,牡,4,丹内祐次, 57 ,16,1,１, ,芝2000,良,,(美),和田正一,1596,-0.0,7,6,2,34.6,488,-4,
,"2025. 2.22",小倉,1小9,3勝,小倉城Ｓ･3勝,3,3,ヘニータイフーン,牝,5,長岡禎仁, 56 ,9,6,１, ,ダ1700,良,,(栗),中村直也,1448,-0.0,4,6,4,37.1,486,-14,
,"2025. 2.22",小倉,1小9,2勝,皿倉山特･2勝,3,3,ヴォランテ,牡,5,松本大輝, 58 ,13,3,１, ,芝2600,良,,(栗),羽月友彦,2389,-0.3,6,3,1,34.9,470,+6,
,"2025. 2.22",小倉,1小9,1勝,秋吉台特･1勝,8,16,レッドエヴァンス,セ,4,荻野極, 58 ,18,3,１, ,芝1200,良,,(栗),音無秀孝,1083,-0.3,,5,3,33.7,494,0,B
,"2025. 2.22",小倉,1小9,1勝,１勝ｸﾗｽ,1,1,サンドブラスト,牡,4,丹内祐次, 57 ,16,1,１, ,ダ1700,良,,(美),鈴木慎太,1457,-0.5,1,1,1,38.6,512,-8,
,"2025. 2.22",小倉,1小9,未勝利,未勝利,3,5,ウインマスカレード,牡,3,加藤祥太, 57 ,18,8,１, ,芝1200,良,,(栗),宮本博,1087,-0.2,,1,1,34.9,476,-4,
,"2025. 2.22",小倉,1小9,未勝利,未勝利・牝,5,8,ホウオウタイタン,牝,3,佐々木大, 55 ,15,2,１, ,芝2000,良,,(栗),須貝尚介,2005,-0.2,4,3,2,35.6,504,-10,
,"2025. 2.22",小倉,1小9,未勝利,障害未勝利,4,4,タロントゥーズ,牡,5,森一馬, 60 ,11,2,１, ,芝2860,良,,(栗),大久保龍,3164,-0.0,3,2,1,13.7,466,+6,
,"2025. 2.22",小倉,1小9,未勝利,障害未勝利,8,11,エコロマーベリック,セ,5,草野太郎, 60 ,11,6,１, ,芝2860,良,,(美),岩戸孝樹,3164,-0.0,6,3,3,13.7,488,-10,
,"2025. 2.22",小倉,1小9,ｵｰﾌﾟﾝ,障害・オープ,5,8,アンクルブラック,牡,5,高田潤, 61 ,14,1,１, ,芝3390,良,,(栗),高橋亮,3483,-0.8,4,3,3,13.5,482,+6,
,"2025. 2.22",小倉,1小9,1勝,１勝ｸﾗｽ,3,3,パレフォーコン,牡,6,小沢大仁, 58 ,14,1,１, ,ダ1000,良,,(栗),鮫島一歩,0595,-0.0,,5,4,35.5,446,0,
,"2025. 2.22",小倉,1小9,未勝利,未勝利,3,6,スナークピカソ,牡,3,小沢大仁, 57 ,16,1,１, ,芝1800,良,,(栗),高橋一哉,1490,-0.1,2,2,2,35.8,472,-4,
,"2025. 2.22",小倉,1小9,未勝利,未勝利・牝,6,12,ネティフラウ,牝,3,小崎綾也, 55 ,16,6,１, ,ダ1700,良,,(栗),西園翔太,1466,-0.2,1,1,1,37.7,474,-8,
,"2025. 2.16",小倉,1小8,1勝,１勝ｸﾗｽ,5,9,マイネルバーテクス,牡,4,丹内祐次, 57 ,15,1,１, ,芝1800,良,,(美),水野貴広,1483,-0.0,6,5,3,35.2,514,-2,
,"2025. 2.16",小倉,1小8,ｵｰﾌﾟﾝ,北九州短,7,13,キタノエクスプレス,牡,7,国分優作, 57 ,15,2,１, ,芝1200,良,,(栗),坂口智康,1085,-0.0,,5,4,34.1,506,-10,
,"2025. 2.16",小倉,1小8,2勝,伊万里特･2勝,8,13,メイショウカゼマチ,牡,5,佐々木大, 58 ,14,8,１, ,ダ1000,良,,(栗),角田晃一,0579,-0.2,,2,2,35.5,462,+12,
,"2025. 2.16",小倉,1小8,2勝,大濠特Ｈ･2勝,8,17,ソノママソノママ,牝,5,泉谷楓真, 53 ,18,3,１, ,芝1200,良,,(栗),奥村豊,1086,-0.0,,6,5,34.7,442,-2,
,"2025. 2.16",小倉,1小8,1勝,１勝ｸﾗｽ,5,8,ルフトクス,牝,4,佐々木大, 55 ,14,1,１, ,ダ1700,良,,(栗),杉山佳明,1460,-0.0,5,4,3,38.0,460,+6,
,"2025. 2.16",小倉,1小8,1勝,１勝ｸﾗｽ,4,8,サラトガチップス,牡,4,永島まな,55◇,16,2,１, ,芝2600,良,,(栗),新谷功一,2406,-0.1,2,2,2,37.1,436,+6,
,"2025. 2.16",小倉,1小8,1勝,１勝ｸﾗｽ・牝,3,6,エルフストラック,牝,4,丹内祐次, 55 ,16,2,１, ,芝1800,良,,(栗),中村直也,1472,-0.0,6,4,2,35.3,486,+10,
,"2025. 2.16",小倉,1小8,未勝利,未勝利,5,8,オーシンエス,牡,3,藤岡佑介, 57 ,14,5,１, ,芝2000,良,,(栗),宮徹,2023,-0.0,1,2,1,36.3,468,+4,
,"2025. 2.16",小倉,1小8,未勝利,障害未勝利,4,4,ナイトスピアー,牡,5,大江原圭, 60 ,11,11,１, ,芝2860,良,,(美),小野次郎,3145,-0.2,2,2,2,13.6,488,+2,
,"2025. 2.16",小倉,1小8,1勝,１勝ｸﾗｽ,8,14,ジェネラーレ,牡,4,鮫島克駿, 58 ,14,5,１, ,ダ1000,良,,(栗),野中賢二,0582,-0.5,,1,1,35.9,500,+28,
,"2025. 2.16",小倉,1小8,未勝利,未勝利,8,16,チェルビアット,牝,3,鮫島克駿, 55 ,18,1,１, ,芝1200,良,,(栗),高野友和,1096,-0.0,,2,2,34.8,482,-4,B
,"2025. 2.16",小倉,1小8,未勝利,未勝利・牝,1,2,サザンティスプーン,牝,3,石田拓郎,52▲,16,11,１, ,ダ1700,良,,(美),鈴木伸尋,1477,-0.1,12,9,7,37.1,434,-6,
,"2025. 2.15",小倉,1小7,1勝,１勝ｸﾗｽ,1,1,グランドセントラル,牡,4,秋山稔樹, 57 ,12,2,１, ,ダ1700,良,,(栗),北出成人,1457,-0.5,3,3,3,38.1,460,-8,
,"2025. 2.15",小倉,1小7,3勝,下関Ｓ･3勝,4,8,マイネルレノン,牡,6,丹内祐次, 58 ,18,1,１, ,芝1200,良,,(栗),宮徹,1078,-0.0,,7,5,34.5,482,+2,
,"2025. 2.15",小倉,1小7,2勝,太宰府特･2勝,4,6,シルキーガール,牝,4,佐々木大, 55 ,15,2,１, ,芝2000,良,,(栗),上村洋行,1597,-0.0,7,7,2,35.1,454,-8,
,"2025. 2.15",小倉,1小7,1勝,あすなろ･1勝,6,6,タイセイリコルド,牡,3,丹内祐次, 57 ,9,2,１, ,芝2000,良,,(栗),小栗実,2013,-0.2,5,3,3,34.6,466,-20,
,"2025. 2.15",小倉,1小7,ＪＧ３,小倉ジャJG3,5,8,スマイルスルー,牡,5,高田潤, 60 ,14,1,１, ,芝3390,良,,(栗),斉藤崇史,3447,-0.1,1,1,1,13.3,524,+6,
,"2025. 2.15",小倉,1小7,1勝,１勝ｸﾗｽ・牝,8,11,ウェイトゥゴー,牝,4,丸山元気, 55 ,11,1,１, ,ダ1700,良,,(栗),昆貢,1465,-0.0,11,11,10,37.2,460,-4,
,"2025. 2.15",小倉,1小7,1勝,１勝ｸﾗｽ,6,12,セシリエプラージュ,牝,4,丹内祐次, 56 ,18,1,１, ,芝1200,良,,(栗),中村直也,1085,-0.5,,6,6,34.2,422,+18,
,"2025. 2.15",小倉,1小7,未勝利,未勝利,5,10,ゼンダンハヤブサ,牡,3,藤岡佑介, 57 ,16,1,１, ,芝1800,良,,(栗),佐々木晶,1491,-0.1,6,4,6,35.9,444,0,
,"2025. 2.15",小倉,1小7,未勝利,障害未勝利,8,8,スズカキング,牡,8,小野寺祐, 60 ,9,1,１, ,芝2860,良,,(栗),谷潔,3126,-0.6,2,1,1,13.5,458,0,
,"2025. 2.15",小倉,1小7,未勝利,未勝利,5,8,ワイルドゴーア,牡,3,石神深道,54▲,14,3,１, ,ダ1000,良,,(美),加藤士津,0594,-0.1,,3,2,36.3,460,-2,
,"2025. 2.15",小倉,1小7,未勝利,未勝利,5,10,ヴェントゥーラ,牝,3,柴田裕一,52▲,18,10,１, ,芝1200,良,,(栗),小栗実,1080,-0.5,,1,1,34.9,464,+4,
,"2025. 2.15",小倉,1小7,未勝利,未勝利,4,5,ダイチラポール,牡,3,永島まな,55◇,14,6,１, ,ダ1700,良,,(美),蛯名利弘,1476,-0.3,1,1,1,38.6,470,-6,
,"2025. 2. 9",小倉,1小6,1勝,１勝ｸﾗｽ,3,6,ダイヤモンドフジ,牡,6,国分恭介, 58 ,18,3,１, ,芝1200,稍,,(栗),宮本博,1104,-0.0,,5,4,35.1,466,+4,B
,"2025. 2. 9",小倉,1小6,ｵｰﾌﾟﾝ,小倉日経,7,8,ドゥラドーレス,牡,6,杉原誠人, 57 ,11,2,１, ,芝2000,稍,,(美),宮田敬介,2015,-0.2,6,6,5,35.1,502,0,
,"2025. 2. 9",小倉,1小6,2勝,由布院特･2勝,8,15,レシプロシティ,牝,5,大野拓弥, 56 ,16,1,１, ,ダ1700,稍,,(美),田村康仁,1450,-0.2,13,2,2,37.5,460,0,
,"2025. 2. 9",小倉,1小6,1勝,かささぎ･1勝,8,16,ドゥアムール,牝,3,藤岡佑介, 55 ,16,6,１, ,芝1200,稍,,(栗),中竹和也,1100,-0.0,,1,1,35.6,470,-8,
,"2025. 2. 9",小倉,1小6,1勝,１勝ｸﾗｽ,4,7,プリズマジコ,牡,4,秋山稔樹, 57 ,16,1,１, ,芝2000,稍,,(栗),高橋義忠,2021,-0.0,8,8,3,36.3,450,-6,
,"2025. 2. 9",小倉,1小6,1勝,１勝ｸﾗｽ・牝,1,1,ワイノナオミ,牝,4,荻野極, 55 ,13,3,１, ,ダ1700,稍,,(栗),畑端省吾,1467,-0.0,5,3,3,38.1,458,+4,
,"2025. 2. 9",小倉,1小6,未勝利,未勝利・若,1,1,アーサーズウェイン,牝,3,小沢大仁,54☆,17,5,１, ,芝1200,稍,,(栗),高橋一哉,1105,-0.5,,5,4,36.1,442,+6,
,"2025. 2. 9",小倉,1小6,新馬,新馬,4,4,コーチェラバレー,牡,3,斎藤新, 57 ,12,3,１, ,芝2000,稍,*,(栗),安田翔伍,2041,-0.4,5,5,3,35.1,436,,
,"2025. 2. 9",小倉,1小6,未勝利,障害未勝利,1,1,クラウンセト,牡,6,草野太郎, 60 ,12,4,１, ,芝2860,稍,,(美),本間忍,3141,-1.8,5,1,1,13.6,468,+4,
,"2025. 2. 9",小倉,1小6,未勝利,未勝利,4,5,ボルセーナ,牝,3,石神深道,52▲,14,3,１, ,ダ1000,稍,,(栗),奥村豊,0584,-0.2,,3,3,35.4,448,-4,
,"2025. 2. 9",小倉,1小6,未勝利,未勝利,4,8,ヴォラヴィア,牡,3,秋山稔樹, 57 ,16,6,１, ,芝1800,稍,,(栗),杉山佳明,1512,-0.6,1,1,1,36.6,450,0,
,"2025. 2. 9",小倉,1小6,未勝利,未勝利・牝,6,11,レジポッセ,牝,3,菱田裕二, 55 ,16,6,１, ,ダ1700,稍,,(栗),角田晃一,1476,-0.3,16,11,6,38.7,422,-8,
,"2025. 2. 8",小倉,1小5,1勝,１勝ｸﾗｽ・牝,3,5,イツモニコニコ,牝,4,田中健, 56 ,18,3,１, ,芝1200,稍,,(栗),浜田多実,1100,-0.3,,1,1,35.8,484,0,B
,"2025. 2. 8",小倉,1小5,3勝,豊前ＳＨ･3勝,4,7,マリアナトレンチ,牡,5,松若風馬, 55 ,15,5,１, ,ダ1700,稍,,(栗),音無秀孝,1433,-0.2,6,4,2,37.0,482,+2,
,"2025. 2. 8",小倉,1小5,2勝,ＲＫＢ賞･2勝,6,11,クレバーテースト,セ,6,吉田隼人, 58 ,16,7,１, ,芝2000,稍,,(栗),武幸四郎,2025,-0.1,4,3,2,36.5,460,+6,
,"2025. 2. 8",小倉,1小5,1勝,足立山特･1勝,4,5,サークルオブジョイ,牡,4,丹内祐次, 57 ,14,2,１, ,芝2600,稍,,(栗),池添学,2442,-0.0,7,2,2,36.4,494,+2,
,"2025. 2. 8",小倉,1小5,1勝,１勝ｸﾗｽ,8,14,サイドキック,牡,4,藤岡佑介, 57 ,15,6,１, ,ダ1700,稍,,(栗),坂口智康,1439,-0.5,2,2,2,37.1,516,+9,
,"2025. 2. 8",小倉,1小5,未勝利,未勝利・若,7,10,ゴッドヴァレー,牡,3,河原田菜,53★,13,5,１, ,芝2000,稍,,(栗),渡辺薫彦,2043,-0.1,1,1,1,36.7,476,+2,B
,"2025. 2. 8",小倉,1小5,未勝利,未勝利,3,6,ジーティーエスピ,牡,3,藤岡佑介, 57 ,18,1,１, ,芝1200,稍,,(栗),中村直也,1099,-0.3,,5,3,35.5,470,0,
,"2025. 2. 8",小倉,1小5,未勝利,障害未勝利,2,2,ウン,牡,6,森一馬, 60 ,9,3,１, ,芝2860,稍,,(栗),吉田直弘,3153,-0.7,4,4,4,13.7,482,-4,
,"2025. 2. 8",小倉,1小5,未勝利,障害未勝利,4,4,グルーヴビート,牡,7,中村将之, 60 ,10,1,１, ,芝2860,稍,,(栗),中村直也,3132,-0.5,4,1,1,13.5,492,+2,
,"2025. 2. 8",小倉,1小5,1勝,１勝ｸﾗｽ,6,10,タイセイアレス,牡,4,石田拓郎,55▲,14,4,１, ,ダ1000,稍,,(栗),西村真幸,0577,-0.0,,1,1,35.3,486,+2,B
,"2025. 2. 8",小倉,1小5,未勝利,未勝利・牝,2,4,タガノアビー,牝,3,藤岡佑介, 55 ,16,2,１, ,芝1800,稍,,(栗),千田輝彦,1495,-0.2,10,9,6,35.8,492,-6,
,"2025. 2. 8",小倉,1小5,未勝利,未勝利,8,16,テーオーマルコーニ,牡,3,藤岡佑介, 57 ,16,1,１, ,ダ1700,稍,,(栗),奥村豊,1453,-0.3,2,4,4,37.8,500,-4,
,"2025. 2. 2",小倉,1小4,1勝,１勝ｸﾗｽ,2,3,スマートジェイナ,牝,5,泉谷楓真,55☆,18,3,１, ,芝1200,稍,,(栗),大久保龍,1099,-0.1,,9,6,35.1,444,-14,
,"2025. 2. 2",小倉,1小4,ｵｰﾌﾟﾝ,門司Ｓ,2,4,ホールシバン,セ,7,秋山稔樹, 58 ,16,15,１, ,ダ1700,重,,(栗),高橋義忠,1411,-0.5,10,8,7,35.9,530,-8,
,"2025. 2. 2",小倉,1小4,2勝,周防灘特･2勝,8,17,トーラスシャイン,牡,4,松本大輝, 58 ,18,4,１, ,芝1200,稍,,(栗),田中克典,1095,-0.4,,1,1,35.2,470,-4,
,"2025. 2. 2",小倉,1小4,1勝,戸畑特別･1勝,7,14,イケイケドンドン,牡,5,小沢大仁, 58 ,16,11,１, ,芝2000,稍,,(美),松山将樹,2017,-0.0,1,1,1,36.4,478,+4,
,"2025. 2. 2",小倉,1小4,1勝,１勝ｸﾗｽ*,5,5,シュラザック,牡,3,古川吉洋, 57 ,8,5,１, ,ダ1700,重,,(栗),大根田裕,1447,-0.1,3,4,3,35.4,486,+2,
,"2025. 2. 2",小倉,1小4,1勝,１勝ｸﾗｽ・牝,4,7,ファミリーツリー,牝,4,古川奈穂,52▲,18,4,１, ,芝2000,重,,(栗),河嶋宏樹,2021,-0.1,9,8,8,36.7,444,+2,
,"2025. 2. 2",小倉,1小4,未勝利,未勝利・若,3,3,クモヒトツナイ,牡,3,鷲頭虎太,54▲,13,3,１, ,芝1800,重,,(美),堀内岳志,1504,-0.2,3,3,3,36.0,480,+2,
,"2025. 2. 2",小倉,1小4,新馬,新馬,6,12,モズリバーシャトー,牝,3,荻野琢真, 55 ,18,15,１, ,芝1200,重,,(栗),平田修,1108,-0.0,,3,4,36.0,454,,
,"2025. 2. 2",小倉,1小4,未勝利,障害未勝利,5,5,コンテナワールド,牡,4,井上敏樹,57▲,12,2,１, ,芝2860,重,,(栗),中竹和也,3114,-0.8,2,1,1,13.4,486,+12,
,"2025. 2. 2",小倉,1小4,1勝,１勝ｸﾗｽ,3,3,ジェイエルバルカー,牡,5,菊沢一樹, 58 ,14,11,１, ,ダ1000,不,,(美),小西一男,0572,-0.2,,1,1,35.2,504,+2,B
,"2025. 2. 2",小倉,1小4,未勝利,未勝利・牝,8,16,ベイビーキッス,牝,3,菊沢一樹, 55 ,16,1,１, ,芝1200,重,,(美),青木孝文,1100,-0.1,,1,1,35.6,458,+8,
,"2025. 2. 2",小倉,1小4,未勝利,未勝利,7,12,ローズマイスター,牡,3,佐々木大, 57 ,15,7,１, ,ダ1700,不,,(美),黒岩陽一,1452,-0.3,6,1,1,38.5,514,-6,B
,"2025. 2. 1",小倉,1小3,1勝,１勝ｸﾗｽ,3,5,ラホーヤストーム,牝,5,高杉吏麒,55☆,18,5,１, ,芝1200,重,,(栗),藤野健太,1111,-0.3,,1,1,36.7,484,+16,
,"2025. 2. 1",小倉,1小3,3勝,巌流島Ｈ･3勝,5,9,フィオライア,牝,4,国分恭介, 54 ,18,2,１, ,芝1200,重,,(栗),西園正都,1100,-0.1,,4,4,36.3,474,+4,
,"2025. 2. 1",小倉,1小3,2勝,有田特別･2勝,8,14,シャカシャカシー,牡,4,高杉吏麒, 58 ,14,1,１, ,ダ1000,重,,(栗),茶木太樹,0571,-0.7,,2,1,34.7,522,-10,
,"2025. 2. 1",小倉,1小3,2勝,平尾台特･2勝,6,11,カマチョクイン,牝,5,菱田裕二, 56 ,16,3,１, ,ダ1700,稍,,(栗),橋口慎介,1451,-0.7,7,1,1,38.7,462,-8,
,"2025. 2. 1",小倉,1小3,1勝,１勝ｸﾗｽ・若,4,7,ナムララジベラ,牝,5,小林脩斗,54△,16,6,１, ,芝1800,稍,,(美),石栗龍彦,1484,-0.2,6,3,3,36.1,478,+4,
,"2025. 2. 1",小倉,1小3,未勝利,未勝利,5,6,バズアップビート,牡,3,鮫島克駿, 57 ,12,1,１, ,芝2000,稍,,(栗),友道康夫,2035,-0.3,2,2,2,36.1,494,-10,
,"2025. 2. 1",小倉,1小3,未勝利,未勝利,2,3,セサンパ,牝,3,菊沢一樹, 55 ,18,13,１, ,芝1200,稍,,(栗),寺島良,1096,-0.2,,10,10,35.1,430,+2,
,"2025. 2. 1",小倉,1小3,ｵｰﾌﾟﾝ,障害・オープ,8,11,トーアモルペウス,セ,5,石神深一, 60 ,12,10,１, ,芝2860,良,,(美),辻哲英,3098,-0.9,2,1,1,13.3,488,-2,B
,"2025. 2. 1",小倉,1小3,未勝利,障害未勝利,1,1,ラエール,牝,6,上野翔, 58 ,12,3,１, ,芝2860,良,,(美),土田稔,3100,-0.3,3,3,3,13.3,428,-10,
,"2025. 2. 1",小倉,1小3,1勝,１勝ｸﾗｽ,2,4,フラッシング,牡,4,鮫島克駿, 57 ,16,2,１, ,ダ1700,良,,(栗),牧浦充徳,1469,-0.1,7,2,1,37.6,488,+6,
,"2025. 2. 1",小倉,1小3,未勝利,未勝利・牝,5,9,トーセンリバーブ,牝,3,菊沢一樹, 55 ,15,2,１, ,芝2000,良,,(美),菊沢隆徳,2038,-0.6,2,1,1,35.1,462,-4,
,"2025. 2. 1",小倉,1小3,未勝利,未勝利,7,11,フェアリーメドウ,牝,3,古川吉洋, 55 ,14,5,１, ,ダ1000,良,,(栗),河嶋宏樹,0593,-0.1,,4,3,36.4,468,-12,
,"2025. 1.26",小倉,1小2,1勝,１勝ｸﾗｽ,6,7,ドッビアーコ,牡,4,佐々木大, 57 ,11,3,１, ,ダ1700,良,,(栗),奥村豊,1459,-0.2,1,3,2,36.7,562,+24,
,"2025. 1.26",小倉,1小2,3勝,壇之浦Ｓ･3勝,8,12,セキトバイースト,牝,4,藤岡佑介, 55 ,12,1,１, ,芝1800,良,,(栗),四位洋文,1469,-0.3,2,2,2,34.8,460,+2,
,"2025. 1.26",小倉,1小2,2勝,海の中道･2勝,2,3,グランアルティスタ,牡,4,佐々木大, 57 ,16,3,１, ,芝2600,良,,(栗),寺島良,2397,-0.0,10,9,8,34.9,524,+4,B
,"2025. 1.26",小倉,1小2,1勝,八幡特別･1勝,2,3,ニシノピウモッソ,牡,5,丹内祐次, 58 ,18,2,１, ,芝1200,良,,(美),西田雄一,1085,-0.3,,8,8,34.5,470,+4,
,"2025. 1.26",小倉,1小2,1勝,１勝ｸﾗｽ,1,1,ソウルアンドジャズ,牡,4,丹内祐次, 57 ,13,5,１, ,ダ2400,良,,(美),武井亮,2320,-1.5,1,1,1,38.7,504,+18,
,"2025. 1.26",小倉,1小2,未勝利,未勝利,1,1,ゲンジ,牡,3,小林美駒,53★,14,4,１, ,芝1800,良,*,(美),尾形和幸,1489,-0.6,1,1,1,36.3,432,+20,
,"2025. 1.26",小倉,1小2,未勝利,未勝利,6,11,ニホンピロデヴィン,牡,3,小沢大仁,56☆,17,3,１, ,芝2000,良,,(栗),緒方努,2018,-0.1,2,2,2,36.1,436,0,
,"2025. 1.26",小倉,1小2,新馬,新馬,7,15,ムイ,牝,3,今村聖奈,52▲,18,4,１, ,芝1200,良,,(栗),笹田和秀,1090,-0.1,,4,4,34.9,468,,
,"2025. 1.26",小倉,1小2,未勝利,障害未勝利,7,10,モントライゼ,牡,7,高田潤, 60 ,12,2,１, ,芝2860,良,,(栗),松永幹夫,3104,-0.2,1,1,1,13.3,522,+6,
,"2025. 1.26",小倉,1小2,1勝,１勝ｸﾗｽ,2,2,サンディブロンド,牝,4,丸山元気, 56 ,14,3,１, ,ダ1000,良,,(美),鈴木慎太,0593,-0.1,,3,3,36.2,486,+6,B
,"2025. 1.26",小倉,1小2,未勝利,未勝利,7,13,フウセツ,牡,3,丸山元気, 57 ,17,2,１, ,芝1200,良,,(美),鈴木慎太,1091,-0.1,,3,2,34.7,484,+4,
,"2025. 1.26",小倉,1小2,未勝利,未勝利・牝,1,1,サンコンクエスト,牝,3,斎藤新, 55 ,13,1,１, ,ダ1700,良,,(栗),渡辺薫彦,1481,-0.1,1,1,1,40.2,532,-6,
,"2025. 1.25",小倉,1小1,1勝,１勝ｸﾗｽ,1,1,ミッキースピネル,牝,4,川田将雅, 55 ,16,1,１, ,芝1800,良,,(栗),中内田充,1475,-0.2,4,4,5,34.5,482,0,
,"2025. 1.25",小倉,1小1,Ｇ３,小倉牝馬ＨG3,2,3,フェアエールング,牝,5,丹内祐次, 53 ,18,7,１, ,芝2000,良,*,(美),和田正一,1584,-0.0,8,7,6,35.6,456,+12,
,"2025. 1.25",小倉,1小1,Ｇ３,小倉牝馬ＨG3,4,7,シンティレーション,牝,6,杉原誠人, 55 ,18,3,１, ,芝2000,良,,(美),池上昌和,1584,-0.0,12,12,8,35.3,478,+2,
,"2025. 1.25",小倉,1小1,2勝,企救丘特･2勝,1,2,ポワンキュルミナン,牡,5,小沢大仁, 58 ,16,10,１, ,ダ1700,良,,(栗),岡田稲男,1458,-0.0,9,10,6,37.2,434,+8,
,"2025. 1.25",小倉,1小1,1勝,萌黄賞･1勝*,8,11,アブキールベイ,牝,3,岩田望来, 55 ,12,6,１, ,芝1200,良,,(栗),坂口智康,1089,-0.1,,6,5,34.7,406,-10,
,"2025. 1.25",小倉,1小1,1勝,１勝ｸﾗｽ・牝,1,1,レシプロシティ,牝,5,丹内祐次, 56 ,16,5,１, ,ダ1700,良,,(美),田村康仁,1450,-1.7,13,1,1,37.1,460,-4,
,"2025. 1.25",小倉,1小1,1勝,１勝ｸﾗｽ,7,13,セイウンパシュート,牡,5,杉原誠人, 58 ,16,1,１, ,芝2600,良,,(美),上原博之,2393,-0.0,5,5,6,35.7,470,+6,
,"2025. 1.25",小倉,1小1,新馬,新馬,3,6,ドーギッド,牝,3,横山武史, 55 ,18,5,１, ,芝2000,良,,(栗),矢作芳人,2009,-0.2,13,9,6,35.9,466,,
,"2025. 1.25",小倉,1小1,ｵｰﾌﾟﾝ,障害・オープ,7,7,アンクルブラック,牡,5,高田潤, 60 ,7,2,１, ,芝3390,良,,(栗),高橋亮,3451,-0.0,3,2,2,13.3,476,-8,
,"2025. 1.25",小倉,1小1,未勝利,障害未勝利,8,9,ドゥラモンド,牡,7,石神深一, 60 ,10,2,１, ,芝2860,良,,(美),手塚貴久,3099,-0.0,3,2,2,13.3,494,-4,
,"2025. 1.25",小倉,1小1,未勝利,未勝利,8,13,クーデール,牝,3,河原田菜,51★,13,6,１, ,ダ1000,良,,(栗),坂口智康,0587,-0.6,,2,1,35.7,442,+4,B
,"2025. 1.25",小倉,1小1,未勝利,未勝利,3,6,オンザブルースカイ,牡,3,丹内祐次, 57 ,17,4,１, ,芝1200,良,,(栗),谷潔,1087,-0.3,,10,9,34.6,460,-4,
,"2025. 1.25",小倉,1小1,未勝利,未勝利,8,11,グランキングオー,牡,3,永島まな,55◇,12,1,１, ,ダ1700,良,,(栗),高橋康之,1461,-0.6,2,2,2,37.0,452,-10,
,"2024. 7.21",小倉,3小8,1勝,１勝ｸﾗｽ,3,4,モズアカボス,牡,4,小牧太, 58 ,15,12,１, ,ダ1700,稍,,(栗),矢作芳人,1447,-0.2,3,2,2,37.6,506,+4,B
,"2024. 7.21",小倉,3小8,Ｇ３,中京記念ＨG3,2,2,アルナシーム,牡,5,横山典弘, 57 ,14,5,１, ,芝1800,良,,(栗),橋口慎介,1472,-0.0,7,7,4,36.4,440,0,
,"2024. 7.21",小倉,3小8,2勝,九州スポ･2勝,6,11,ミルテンベルク,牡,3,坂井瑠星, 55 ,18,2,１, ,芝1200,良,,(栗),武英智,1083,-0.1,,10,10,34.1,492,+6,
,"2024. 7.21",小倉,3小8,2勝,宗像特別･2勝,7,14,ファベル,牡,5,坂井瑠星, 58 ,18,2,１, ,芝2000,良,,(栗),友道康夫,2006,-0.2,6,6,4,36.4,440,0,
,"2024. 7.21",小倉,3小8,1勝,１勝ｸﾗｽ,2,2,アマルナ,牝,4,西塚洸二,55☆,12,4,１, ,ダ1000,稍,,(栗),田中克典,0576,-0.0,,2,1,35.2,456,-6,B
,"2024. 7.21",小倉,3小8,1勝,１勝ｸﾗｽ,7,10,テーオーダグラス,牡,3,永島まな,53◇,12,2,１, ,芝1800,良,,(栗),須貝尚介,1475,-0.9,2,2,1,36.4,470,-8,
,"2024. 7.21",小倉,3小8,未勝利,未勝利,1,2,レーウィン,セ,3,岩田康誠, 57 ,16,2,１, ,ダ1700,稍,,(栗),上村洋行,1457,-0.2,15,2,1,38.6,506,-10,
,"2024. 7.21",小倉,3小8,新馬,新馬,5,8,ブルーレース,牝,2,坂井瑠星, 55 ,14,2,１, ,芝1200,良,,(栗),宮本博,1101,-0.6,,2,3,35.7,456,,
,"2024. 7.21",小倉,3小8,未勝利,未勝利,2,3,ファミリーツリー,牝,3,坂井瑠星, 55 ,18,1,１, ,芝2000,良,,(栗),河嶋宏樹,2014,-0.5,4,2,2,37.1,436,0,
,"2024. 7.21",小倉,3小8,未勝利,未勝利・牝,3,5,アンリーベイビー,牝,3,松山弘平, 55 ,16,2,１, ,ダ1700,稍,,(栗),茶木太樹,1457,-0.4,2,2,2,37.9,424,-2,
,"2024. 7.21",小倉,3小8,未勝利,未勝利,3,6,ソングオブライフ,牡,3,松若風馬, 57 ,18,3,１, ,芝1200,良,*,(栗),森田直行,1087,-0.6,,1,1,35.0,500,-4,
,"2024. 7.21",小倉,3小8,未勝利,未勝利*,7,7,ワンモアスマイル,牡,2,松山弘平, 55 ,9,1,１, ,芝1800,良,,(栗),藤岡健一,1502,-0.5,8,3,2,36.0,440,-2,
,"2024. 7.20",小倉,3小7,1勝,１勝ｸﾗｽ,5,9,エイムインライフ,牝,4,角田大和,55☆,18,8,１, ,芝1200,稍,,(栗),角田晃一,1084,-0.0,,1,2,34.9,472,+6,B
,"2024. 7.20",小倉,3小7,3勝,テレＱ杯･3勝,6,7,マイネルメモリー,牡,4,和田竜二, 58 ,12,2,１, ,芝2000,稍,*,(栗),宮徹,2002,-0.1,7,7,8,35.5,460,-6,
,"2024. 7.20",小倉,3小7,2勝,天草特別･2勝,3,5,シークレットキー,牡,3,小沢大仁, 55 ,16,11,１, ,ダ1700,重,,(栗),杉山晴紀,1445,-0.0,4,7,6,36.8,484,-10,
,"2024. 7.20",小倉,3小7,ｵｰﾌﾟﾝ,ひまわり,4,8,ケイテンアイジン,牡,2,永島まな, 55 ,18,2,１, ,芝1200,稍,*,(栗),谷潔,1107,-0.2,,14,9,35.3,476,-6,
,"2024. 7.20",小倉,3小7,1勝,１勝ｸﾗｽ,7,12,メイショウフウドウ,牡,3,西塚洸二,54☆,15,6,１, ,ダ1700,重,,(栗),藤原英昭,1442,-0.0,2,2,2,37.4,482,-2,
,"2024. 7.20",小倉,3小7,1勝,１勝ｸﾗｽ・牝,6,6,チェレスタ,牝,3,西村淳也, 53 ,11,1,１, ,芝2000,稍,,(栗),松下武士,2003,-0.2,3,2,2,35.9,488,+2,
,"2024. 7.20",小倉,3小7,未勝利,未勝利,2,3,アレナパラシオ,牡,3,田口貫太,56☆,16,1,１, ,ダ1700,重,,(栗),四位洋文,1458,-0.4,1,1,1,38.1,480,+8,
,"2024. 7.20",小倉,3小7,新馬,新馬,7,7,ジュンライデン,牡,2,荻野極, 55 ,9,2,１, ,芝1800,稍,,(栗),友道康夫,1521,-0.1,3,2,2,36.1,480,,
,"2024. 7.20",小倉,3小7,未勝利,障害未勝利,5,5,パーリーブラック,牡,4,草野太郎, 60 ,7,2,１, ,芝2860,稍,,(美),伊坂重信,3164,-0.9,3,3,2,13.7,478,+4,
,"2024. 7.20",小倉,3小7,未勝利,未勝利,6,10,マサレエトワール,牝,3,吉村誠之,52▲,14,1,１, ,ダ1000,重,,(栗),安田翔伍,0579,-0.3,,2,1,35.2,484,-2,
,"2024. 7.20",小倉,3小7,未勝利,未勝利,6,12,ナムライリス,牝,3,柴田裕一,52▲,16,4,１, ,芝1800,稍,,(栗),中竹和也,1489,-0.0,2,2,1,38.2,430,+4,
,"2024. 7.20",小倉,3小7,ｵｰﾌﾟﾝ,障害・オープ,5,5,ファルコニア,牡,7,石神深一, 60 ,10,1,１, ,芝2860,稍,,(美),和田正一,3111,-0.1,1,2,2,13.4,478,-2,
,"2024. 7.14",小倉,3小6,1勝,１勝ｸﾗｽ,1,2,バガリーロータス,牝,3,河原田菜,50★,16,3,１, ,ダ1700,不,,(栗),石坂公一,1430,-0.3,1,1,1,36.9,444,-8,
,"2024. 7.14",小倉,3小6,3勝,佐世保Ｓ･3勝,3,5,レッドヒルシューズ,牝,4,松山弘平, 56 ,18,4,１, ,芝1200,不,,(栗),武英智,1094,-0.4,,2,3,35.6,452,0,B
,"2024. 7.14",小倉,3小6,2勝,西部日刊･2勝,4,6,ライジングラパス,牝,4,松若風馬, 56 ,15,9,１, ,ダ1700,不,,(栗),宮本博,1433,-0.3,9,6,6,36.5,430,+4,
,"2024. 7.14",小倉,3小6,1勝,青島特別･1勝,3,3,ハイディージェン,牡,3,和田竜二, 55 ,10,3,１, ,芝1800,不,,(栗),森田直行,1498,-0.2,1,1,1,36.1,482,+8,
,"2024. 7.14",小倉,3小6,1勝,１勝ｸﾗｽ,7,7,ロードトレゾール,牡,3,吉村誠之,52▲,9,1,１, ,芝1200,不,,(栗),清水久詞,1098,-0.1,,1,1,35.7,524,0,
,"2024. 7.14",小倉,3小6,未勝利,未勝利,6,10,ピリー,牝,3,田口貫太,54☆,14,2,１, ,ダ1000,不,,(栗),西園正都,0577,-0.2,,1,1,34.9,500,-2,
,"2024. 7.14",小倉,3小6,新馬,新馬,6,6,ラブアイミー,牝,2,松山弘平, 55 ,8,5,１, ,芝1200,不,,(栗),森田直行,1113,-0.2,,1,1,36.2,406,,
,"2024. 7.14",小倉,3小6,新馬,新馬,4,4,トップオンザヒル,牡,2,田口貫太,54☆,7,7,１, ,芝2000,不,,(栗),岡田稲男,2071,-0.1,1,1,1,38.4,470,,
,"2024. 7.14",小倉,3小6,未勝利,未勝利,4,7,キュクヌス,牝,3,松山弘平, 55 ,18,2,１, ,芝2000,重,,(栗),池江泰寿,2048,-0.0,2,1,1,38.5,446,+4,
,"2024. 7.14",小倉,3小6,未勝利,未勝利・牝,1,2,フローラルセント,牝,3,松山弘平, 55 ,16,3,１, ,ダ1700,重,,(栗),松下武士,1446,-0.7,3,3,3,37.0,456,-2,
,"2024. 7.14",小倉,3小6,未勝利,未勝利*,5,5,ベルビースタローン,牝,2,坂井瑠星, 55 ,9,4,１, ,芝1200,稍,,(栗),西村真幸,1106,-0.2,,2,2,36.6,494,+4,
,"2024. 7.14",小倉,3小6,未勝利,障害未勝利,3,3,ロードスパイラル,牡,4,小牧加矢, 60 ,5,2,１, ,芝2860,稍,,(栗),清水久詞,3136,-0.2,1,1,1,13.5,472,-6,
,"2024. 7.13",小倉,3小5,1勝,１勝ｸﾗｽ,7,9,サンドロナイト,牝,3,吉村誠之,50▲,11,1,１, ,芝1200,良,,(栗),茶木太樹,1088,-0.1,,7,5,34.3,450,-6,
,"2024. 7.13",小倉,3小5,3勝,宮崎ＳＨ･3勝,7,13,クレスコジョケツ,牝,5,藤懸貴志, 52 ,16,13,１, ,ダ1700,良,*,(栗),木原一良,1435,-0.0,1,1,1,37.2,476,+10,
,"2024. 7.13",小倉,3小5,2勝,不知火特･2勝,8,15,マイネルティグレ,牡,3,団野大成, 55 ,15,1,１, ,芝1800,良,,(栗),西園正都,1476,-0.0,5,5,2,35.0,472,-4,
,"2024. 7.13",小倉,3小5,2勝,雲仙特別･2勝,8,14,ハンベルジャイト,牝,4,幸英明, 56 ,14,6,１, ,ダ1000,良,,(栗),大久保龍,0574,-0.6,,2,2,34.9,488,-2,B
,"2024. 7.13",小倉,3小5,1勝,１勝ｸﾗｽ,8,13,インテグレイト,牡,3,荻野極, 55 ,14,4,１, ,芝2000,良,,(栗),四位洋文,2014,-0.5,2,4,3,35.9,510,+10,
,"2024. 7.13",小倉,3小5,1勝,１勝ｸﾗｽ・牝,3,5,タガノチョコラータ,牝,4,角田大和,55☆,16,5,１, ,ダ1700,良,*,(栗),角田晃一,1457,-0.0,4,4,3,37.9,508,+10,B
,"2024. 7.13",小倉,3小5,未勝利,未勝利,8,18,ロビンバローズ,牝,3,河原田菜,51★,18,6,１, ,芝1200,良,,(栗),渡辺薫彦,1088,-0.1,,2,2,35.2,410,+12,
,"2024. 7.13",小倉,3小5,新馬,新馬・牝,3,3,マジカルフェアリー,牝,2,和田竜二, 55 ,7,4,１, ,芝1800,良,,(栗),寺島良,1510,-0.3,5,4,4,34.6,432,,
,"2024. 7.13",小倉,3小5,未勝利,未勝利,5,9,アウトドライブ,牡,3,和田竜二, 57 ,16,8,１, ,ダ1700,稍,,(栗),鈴木孝志,1462,-0.1,9,7,4,38.0,558,-4,
,"2024. 7.13",小倉,3小5,未勝利,未勝利,1,2,エイシンオニキス,牝,3,団野大成, 55 ,18,7,１, ,芝1200,良,*,(栗),渡辺薫彦,1089,-0.4,,10,8,34.9,428,+2,
,"2024. 7.13",小倉,3小5,未勝利,未勝利・牝,1,1,クスクス,牝,3,松本大輝,54☆,16,2,１, ,芝1800,良,,(栗),松下武士,1474,-0.1,1,1,1,36.6,482,0,
,"2024. 7.13",小倉,3小5,未勝利,未勝利*,6,6,アメリカンビキニ,牝,2,吉村誠之,52▲,7,1,１, ,ダ1000,稍,*,(栗),斉藤崇史,0572,-1.1,,1,1,34.7,492,-2,
,"2024. 7. 7",小倉,3小4,1勝,１勝ｸﾗｽ,8,9,タイキヴァンクール,牡,3,幸英明, 55 ,9,1,１, ,芝1200,良,,(栗),中尾秀正,1079,-0.2,,3,3,34.7,496,-6,
,"2024. 7. 7",小倉,3小4,Ｇ３,プロキオG3,6,11,ヤマニンウルス,牡,4,武豊, 57 ,16,1,１, ,ダ1700,良,,(栗),斉藤崇史,1427,-0.5,3,3,1,37.5,584,+2,
,"2024. 7. 7",小倉,3小4,2勝,耶馬渓特･2勝,7,12,レッドヒルシューズ,牝,4,酒井学, 56 ,15,6,１, ,芝1200,良,,(栗),武英智,1080,-0.0,,1,1,35.0,452,0,B
,"2024. 7. 7",小倉,3小4,2勝,八女特別･2勝,3,3,レアンダー,牡,3,幸英明, 55 ,12,3,１, ,ダ1700,良,,(栗),大根田裕,1447,-0.5,1,1,1,36.0,460,0,
,"2024. 7. 7",小倉,3小4,1勝,１勝ｸﾗｽ,4,5,プレヴィスト,牝,3,松山弘平, 53 ,14,2,１, ,ダ1000,良,,(栗),池添学,0579,-0.1,,2,2,35.7,452,-10,
,"2024. 7. 7",小倉,3小4,未勝利,未勝利,8,15,ダノンアトラス,牡,3,Ｍ．デム, 57 ,16,4,１, ,芝1800,良,,(栗),橋口慎介,1471,-0.3,14,8,4,35.5,402,-2,
,"2024. 7. 7",小倉,3小4,新馬,新馬・牝,3,3,スリールミニョン,牝,2,永島まな,53◇,7,1,１, ,芝1200,良,,(栗),高橋康之,1102,-0.0,,2,2,35.1,432,,
,"2024. 7. 7",小倉,3小4,新馬,新馬,7,7,ジョバンニ,牡,2,松山弘平, 55 ,7,3,１, ,芝1800,良,,(栗),杉山晴紀,1501,-0.2,3,2,1,34.7,482,,
,"2024. 7. 7",小倉,3小4,未勝利,未勝利・牝,1,1,ハイウェイスター,牝,3,川田将雅, 55 ,16,2,１, ,ダ1700,良,,(栗),宮本博,1464,-0.5,1,1,1,38.1,474,-14,
,"2024. 7. 7",小倉,3小4,未勝利,未勝利,5,10,ヤマニンステラータ,牡,3,藤懸貴志, 57 ,16,2,１, ,芝2600,良,,(栗),松永幹夫,2400,-0.6,15,11,6,35.0,464,-6,
,"2024. 7. 7",小倉,3小4,未勝利,未勝利・牝,8,16,スナークサファイア,牝,3,小沢大仁,54☆,18,9,１, ,芝2000,良,,(栗),川村禎彦,2008,-0.2,1,1,1,36.8,472,-8,
,"2024. 7. 7",小倉,3小4,未勝利,未勝利・九*,3,5,コウユーモジョカー,牝,2,団野大成, 55 ,18,4,１, ,芝1200,良,,(栗),斉藤崇史,1098,-0.1,,1,1,36.0,456,+6,
,"2024. 7. 6",小倉,3小3,1勝,１勝ｸﾗｽ,8,16,キタノズエッジ,牡,3,松山弘平, 55 ,16,5,１, ,ダ1700,良,,(栗),畑端省吾,1455,-0.0,1,1,1,38.1,512,0,
,"2024. 7. 6",小倉,3小3,3勝,釜山Ｓ･3勝,5,5,ダノンセシボン,牝,4,坂井瑠星, 56 ,12,1,１, ,ダ1000,良,,(栗),千田輝彦,0572,-0.3,,1,2,34.9,490,-6,
,"2024. 7. 6",小倉,3小3,2勝,西部スＨ･2勝,1,1,メリオーレム,牡,3,川田将雅, 55 ,9,1,１, ,芝2600,良,,(栗),友道康夫,2378,-0.7,4,4,2,35.2,484,0,
,"2024. 7. 6",小倉,3小3,1勝,若戸大橋･1勝,2,2,イングランドアイズ,牝,4,坂井瑠星, 56 ,11,1,１, ,芝2000,良,,(栗),安田翔伍,1593,-0.2,6,5,5,35.0,448,+4,
,"2024. 7. 6",小倉,3小3,1勝,１勝ｸﾗｽ・牝,6,11,ハミング,牝,3,西村淳也, 53 ,16,1,１, ,芝1800,良,,(栗),中内田充,1460,-0.1,5,3,2,36.0,432,+8,
,"2024. 7. 6",小倉,3小3,未勝利,未勝利,6,12,リトルハピ,牡,3,坂井瑠星, 57 ,16,2,１, ,ダ1700,良,,(栗),大久保龍,1462,-0.0,2,2,2,38.0,460,,
,"2024. 7. 6",小倉,3小3,未勝利,未勝利,4,7,レザンクレール,牝,3,西村淳也, 55 ,17,1,１, ,芝1200,良,,(栗),西村真幸,1085,-0.1,,8,9,34.8,422,+2,
,"2024. 7. 6",小倉,3小3,新馬,新馬,4,4,タマモティーカップ,牝,2,長岡禎仁, 55 ,6,2,１, ,芝1200,良,,(栗),高橋亮,1092,-0.1,,3,3,34.6,444,,
,"2024. 7. 6",小倉,3小3,ｵｰﾌﾟﾝ,障害・オープ,1,1,アスターディゴン,牡,5,黒岩悠, 60 ,6,1,１, ,芝3390,良,,(栗),中竹和也,3476,-0.0,1,1,1,13.4,490,-6,
,"2024. 7. 6",小倉,3小3,未勝利,未勝利,3,4,ヨシノヤッタルデー,牡,3,永島まな,55◇,14,9,１, ,ダ1000,良,,(栗),中竹和也,0583,-0.2,,7,4,34.9,442,-10,
,"2024. 7. 6",小倉,3小3,未勝利,未勝利*,4,4,ジャルディニエ,牝,2,坂井瑠星, 55 ,9,1,１, ,芝1800,良,,(栗),奥村豊,1486,-0.6,3,2,2,37.2,436,-12,
,"2024. 7. 6",小倉,3小3,未勝利,障害未勝利,5,5,オオキニ,牡,5,森一馬, 60 ,9,1,１, ,芝2860,良,,(栗),鈴木孝志,3115,-0.7,2,2,1,13.4,448,-12,
,"2024. 6.30",小倉,3小2,1勝,１勝ｸﾗｽ,4,8,カズペトシーン,牡,4,西村淳也, 58 ,16,5,１, ,ダ1700,重,,(栗),池添学,1437,-0.3,12,11,8,35.6,484,-6,B
,"2024. 6.30",小倉,3小2,Ｇ３,北九州記ＨG3,6,12,ピューロマジック,牝,3,松山弘平, 53 ,18,3,１, ,芝1200,稍,,(栗),安田翔伍,1079,-0.1,,1,1,35.6,452,+6,
,"2024. 6.30",小倉,3小2,3勝,薩摩Ｓ･3勝,5,10,レリジールダモーレ,牝,5,団野大成, 56 ,16,9,１, ,ダ1700,重,,(栗),高橋義忠,1426,-0.1,10,8,6,36.8,448,-10,
,"2024. 6.30",小倉,3小2,2勝,柳川特別･2勝,5,5,グランデサラス,牡,4,松山弘平, 58 ,10,2,１, ,芝1800,稍,,(栗),池添学,1490,-0.0,6,5,4,36.7,494,+2,
,"2024. 6.30",小倉,3小2,1勝,１勝ｸﾗｽ・牝,1,2,キャンシーエンゼル,牝,3,松山弘平, 53 ,17,2,１, ,芝1200,稍,,(栗),鈴木孝志,1085,-0.2,,1,1,35.4,462,+2,
,"2024. 6.30",小倉,3小2,1勝,１勝ｸﾗｽ,2,2,プリンセスカレン,牝,3,田口貫太,52☆,14,3,１, ,ダ1000,重,,(栗),大橋勇樹,0569,-0.1,,1,1,34.8,416,-2,
,"2024. 6.30",小倉,3小2,新馬,新馬,6,6,ユメシバイ,牝,2,永島まな,53◇,6,3,１, ,芝1200,稍,,(栗),松永幹夫,1113,-0.2,,6,6,36.5,442,,
,"2024. 6.30",小倉,3小2,新馬,新馬・九,8,12,ケイテンアイジン,牡,2,永島まな,53◇,13,1,１, ,芝1200,稍,,(栗),谷潔,1118,-0.2,,3,3,36.9,482,,
,"2024. 6.30",小倉,3小2,未勝利,未勝利,2,4,クルミナーレ,牡,3,川田将雅, 57 ,18,1,１, ,芝2000,稍,,(栗),池江泰寿,2023,-0.6,3,4,2,37.2,504,-2,
,"2024. 6.30",小倉,3小2,未勝利,未勝利,8,16,トーレ,牡,3,太宰啓介, 57 ,16,3,１, ,ダ1700,重,,(栗),高橋亮,1459,-0.2,3,2,1,38.6,472,-2,
,"2024. 6.30",小倉,3小2,未勝利,未勝利,8,17,エルプロフェッサー,牝,3,小沢大仁,54☆,18,5,１, ,芝1200,稍,*,(栗),高橋康之,1097,-0.1,,8,8,35.5,404,-10,
,"2024. 6.30",小倉,3小2,未勝利,障害未勝利,7,8,シゲルタヌキ,牡,5,小坂忠士, 60 ,10,1,１, ,芝2860,稍,,(栗),藤沢則雄,3138,-0.5,2,1,1,13.6,498,+2,
,"2024. 6.29",小倉,3小1,1勝,１勝ｸﾗｽ,6,7,デイトナモード,牡,4,団野大成, 58 ,11,3,１, ,芝1200,良,,(栗),千田輝彦,1090,-0.0,,5,2,34.5,526,-6,
,"2024. 6.29",小倉,3小1,3勝,博多ＳＨ･3勝,8,12,アルジーヌ,牝,4,西村淳也, 54 ,13,2,１, ,芝1800,良,,(栗),中内田充,1465,-0.3,9,6,2,36.4,462,+24,
,"2024. 6.29",小倉,3小1,2勝,熊本城特･2勝,6,11,メイショウホマレ,牝,5,小沢大仁, 56 ,16,2,１, ,ダ1700,稍,,(栗),木原一良,1435,-0.3,2,2,2,37.3,452,+2,
,"2024. 6.29",小倉,3小1,1勝,英彦山特･1勝,6,7,アスターブジエ,牡,4,西村淳也, 58 ,11,1,１, ,芝2600,良,,(栗),中竹和也,2403,-0.8,10,1,1,36.5,462,0,
,"2024. 6.29",小倉,3小1,1勝,１勝ｸﾗｽ,5,6,カズミクラーシュ,牡,3,川田将雅, 55 ,12,1,１, ,芝1800,良,,(栗),吉岡辰弥,1479,-0.2,7,2,1,37.0,492,+10,
,"2024. 6.29",小倉,3小1,未勝利,未勝利,4,8,テイエムデンセツ,牡,3,幸英明, 57 ,16,2,１, ,ダ1700,稍,,(栗),鈴木孝志,1453,-0.0,1,1,1,37.6,468,-8,
,"2024. 6.29",小倉,3小1,新馬,新馬,1,1,コスモストーム,牡,2,秋山稔樹,54☆,8,6,１, ,ダ1000,稍,,(栗),北出成人,0587,-0.1,,3,3,35.7,496,,
,"2024. 6.29",小倉,3小1,新馬,新馬・九,5,8,エイヨーアメジスト,牝,2,田口貫太,54☆,14,1,１, ,芝1200,良,*,(栗),牧田和弥,1098,-1.4,,1,1,35.7,442,,
,"2024. 6.29",小倉,3小1,未勝利,未勝利,4,7,サダメ,牝,3,幸英明, 55 ,16,2,１, ,芝1800,良,,(栗),畑端省吾,1490,-0.0,4,3,2,36.5,448,+2,
,"2024. 6.29",小倉,3小1,未勝利,未勝利・牝,2,3,ブルボンクイーン,牝,3,角田大和,54☆,18,1,１, ,芝1200,良,,(栗),角田晃一,1085,-0.0,,1,1,35.8,462,-12,B
,"2024. 6.29",小倉,3小1,未勝利,未勝利,7,11,シャカシャカシー,牡,3,吉村誠之,54▲,14,2,１, ,ダ1000,重,*,(栗),茶木太樹,0575,-0.7,,2,1,35.0,508,+6,
,"2024. 6.29",小倉,3小1,未勝利,未勝利*,6,6,レイピア,牡,2,松山弘平, 55 ,8,1,１, ,芝1200,良,,(栗),中竹和也,1082,-0.4,,1,1,34.8,474,-2,
,"2024. 3. 3",小倉,2小8,1勝,１勝ｸﾗｽ,5,8,ヒドゥンキング,牡,5,黛弘人, 58 ,15,13,１, ,ダ1700,稍,,(美),伊藤大士,1451,-0.1,15,14,9,37.0,470,-4,B
,"2024. 3. 3",小倉,2小8,3勝,関門橋Ｓ･3勝,3,4,ニホンピロキーフ,牡,4,田口貫太, 58 ,14,1,１, ,芝2000,稍,,(栗),大橋勇樹,2017,-0.4,7,7,4,34.9,480,-6,
,"2024. 3. 3",小倉,2小8,2勝,西日本新･2勝,6,12,メイショウフンケイ,牡,6,小沢大仁, 58 ,18,11,１, ,芝1200,稍,*,(栗),高橋亮,1090,-0.5,,1,1,34.6,542,+32,
,"2024. 3. 3",小倉,2小8,1勝,脊振山特･1勝,6,7,パープルクラウド,牡,4,鮫島克駿, 57 ,11,2,１, ,芝2600,稍,,(栗),吉村圭司,2422,-0.2,1,1,1,35.3,510,0,
,"2024. 3. 3",小倉,2小8,1勝,１勝ｸﾗｽ・牝,7,9,ライジングラパス,牝,4,国分恭介, 56 ,11,6,１, ,ダ1700,稍,,(栗),宮本博,1463,-0.1,5,3,3,39.0,426,-12,
,"2024. 3. 3",小倉,2小8,1勝,１勝ｸﾗｽ,7,14,ディオアステリア,牝,5,田口貫太,55☆,16,1,１, ,芝1200,稍,,(美),小野次郎,1092,-0.4,,2,2,34.7,492,+2,
,"2024. 3. 3",小倉,2小8,未勝利,未勝利・牝,7,12,メイショウリリー,牝,3,藤岡康太, 55 ,14,1,１, ,ダ1700,稍,,(栗),高橋義忠,1476,-0.4,10,6,5,38.0,432,+2,
,"2024. 3. 3",小倉,2小8,未勝利,未勝利,8,12,ホウオウリムジン,牡,3,北村友一, 57 ,12,2,１, ,芝2000,稍,,(栗),安田翔伍,2044,-0.4,7,5,5,35.2,454,0,
,"2024. 3. 3",小倉,2小8,未勝利,障害未勝利,3,3,アイスジャイアント,セ,5,伴啓太, 60 ,12,5,１, ,芝2860,稍,,(美),高柳瑞樹,3112,-0.6,4,3,2,13.4,506,0,
,"2024. 3. 3",小倉,2小8,1勝,１勝ｸﾗｽ,5,8,アネモス,牝,4,秋山稔樹,55☆,14,3,１, ,ダ1000,稍,,(栗),北出成人,0584,-0.2,,9,7,35.3,496,+6,
,"2024. 3. 3",小倉,2小8,未勝利,未勝利,8,14,キーチパルフェ,牡,3,藤岡康太, 57 ,14,1,１, ,芝1800,稍,,(栗),高柳大輔,1509,-0.1,8,5,4,36.2,458,-8,
,"2024. 3. 3",小倉,2小8,未勝利,未勝利,1,1,ラブカムーン,牝,3,永島まな,52▲,18,14,１, ,芝1200,稍,*,(栗),千田輝彦,1100,-0.2,,13,2,34.9,466,-6,
,"2024. 3. 2",小倉,2小7,1勝,１勝ｸﾗｽ,3,6,イグニション,牡,4,角田大和,57☆,18,8,１, ,芝1200,稍,,(栗),畑端省吾,1099,-0.0,,1,1,35.2,460,+4,
,"2024. 3. 2",小倉,2小7,2勝,早鞆特Ｈ･2勝,8,15,アイファーテイオー,牡,4,藤懸貴志, 57 ,16,1,１, ,ダ1700,稍,,(栗),鮫島一歩,1437,-0.1,14,13,10,37.2,464,0,
,"2024. 3. 2",小倉,2小7,1勝,高千穂特･1勝,8,12,ドラゴンヘッド,牡,4,藤岡康太, 58 ,13,1,１, ,芝1800,稍,,(美),武藤善則,1490,-0.2,4,4,4,35.5,450,-6,
,"2024. 3. 2",小倉,2小7,1勝,あざみ賞･1勝,5,6,アンクルクロス,牡,3,長岡禎仁, 57 ,13,1,１, ,芝1200,稍,,(栗),高橋亮,1098,-0.2,,7,6,34.8,462,0,
,"2024. 3. 2",小倉,2小7,1勝,１勝ｸﾗｽ・牝,5,6,アリスヴェリテ,牝,4,柴田裕一,53▲,13,1,１, ,芝2000,稍,,(栗),中竹和也,2017,-0.9,1,1,1,37.1,454,+2,
,"2024. 3. 2",小倉,2小7,未勝利,未勝利,5,10,カリフォルニア,牡,3,小林凌大, 57 ,16,3,１, ,ダ1700,稍,,(美),伊藤圭三,1447,-1.0,1,1,1,38.6,480,0,B
,"2024. 3. 2",小倉,2小7,未勝利,未勝利,5,8,ウォータープイプイ,牝,3,幸英明, 55 ,15,3,１, ,芝2000,稍,,(栗),岡田稲男,2032,-0.1,12,11,5,35.7,454,-10,
,"2024. 3. 2",小倉,2小7,未勝利,障害未勝利,1,1,サクセスエース,牡,6,大江原圭, 60 ,11,2,１, ,芝2860,稍,,(美),竹内正洋,3113,-0.6,3,2,2,13.4,500,0,
,"2024. 3. 2",小倉,2小7,ｵｰﾌﾟﾝ,障害・オープ,2,2,エンデュミオン,牡,7,小牧加矢, 60 ,12,1,１, ,芝2860,稍,,(栗),清水久詞,3103,-1.1,1,1,1,13.3,468,+6,
,"2024. 3. 2",小倉,2小7,未勝利,未勝利,1,1,スパークルジョイ,牝,3,斎藤新, 55 ,14,2,１, ,ダ1000,重,,(栗),鮫島一歩,0583,-0.5,,1,1,35.3,446,+6,
,"2024. 3. 2",小倉,2小7,未勝利,未勝利,8,16,ゴーインマイウェイ,牡,3,菊沢一樹, 57 ,18,2,１, ,芝1200,稍,,(美),矢野英一,1103,-0.1,,5,4,35.3,466,0,
,"2024. 3. 2",小倉,2小7,未勝利,未勝利・牝,2,4,クインズスピカ,牝,3,菊沢一樹, 55 ,16,2,１, ,芝1800,稍,,(美),村田一誠,1513,-0.1,3,3,2,35.8,458,+8,B
,"2024. 2.25",小倉,2小6,1勝,１勝ｸﾗｽ・牝,5,5,ユイ,牝,5,小沢大仁,55☆,10,5,１, ,芝1800,稍,,(栗),高橋康之,1513,-0.0,1,1,1,34.9,448,-2,
,"2024. 2.25",小倉,2小6,3勝,下関Ｓ･3勝,8,16,カンチェンジュンガ,牡,4,北村友一, 58 ,17,3,１, ,芝1200,稍,,(栗),庄野靖志,1090,-0.3,,5,5,34.4,478,0,
,"2024. 2.25",小倉,2小6,1勝,国東特別･1勝,2,2,シャドウソニック,牡,4,幸英明, 57 ,9,4,１, ,芝2000,稍,,(栗),辻野泰之,2024,-0.1,4,4,2,35.8,500,-6,
,"2024. 2.25",小倉,2小6,1勝,ネモフィ･1勝,7,10,エートラックス,牡,3,鮫島克駿, 57 ,12,1,１, ,ダ1700,稍,,(栗),宮本博,1449,-0.2,2,1,1,38.4,500,-8,
,"2024. 2.25",小倉,2小6,1勝,１勝ｸﾗｽ,6,7,タマモヴェナトル,牡,4,菊沢一樹, 57 ,11,3,１, ,ダ1700,稍,,(美),菊沢隆徳,1442,-0.2,5,3,3,36.7,448,0,
,"2024. 2.25",小倉,2小6,1勝,１勝ｸﾗｽ,5,6,リニュー,牡,5,丹内祐次, 58 ,13,1,１, ,芝2600,稍,,(美),清水英克,2432,-0.2,10,3,2,36.5,454,-2,B
,"2024. 2.25",小倉,2小6,未勝利,未勝利,8,18,トーラスシャイン,牡,3,北村友一, 57 ,18,6,１, ,芝1200,稍,,(栗),田中克典,1098,-0.1,,3,3,35.4,476,,
,"2024. 2.25",小倉,2小6,未勝利,未勝利,7,14,セレスト,牡,3,川端海翼,54▲,16,8,１, ,芝1800,稍,,(栗),羽月友彦,1497,-0.1,11,1,1,37.0,426,+2,
,"2024. 2.25",小倉,2小6,未勝利,障害未勝利,8,9,カイザーバローズ,牡,6,小牧加矢, 60 ,10,1,１, ,芝2860,稍,,(栗),音無秀孝,3121,-0.7,1,1,1,13.4,456,-2,
,"2024. 2.25",小倉,2小6,1勝,１勝ｸﾗｽ,3,3,ジューンアース,牝,4,秋山真一, 56 ,14,1,１, ,ダ1000,重,,(栗),飯田祐史,0575,-0.5,,1,1,35.0,526,+8,
,"2024. 2.25",小倉,2小6,未勝利,未勝利・牝,6,12,サクソンジェンヌ,牝,3,富田暁, 55 ,16,6,１, ,芝1800,稍,,(栗),高橋義忠,1498,-0.3,2,2,2,36.3,458,+10,
,"2024. 2.25",小倉,2小6,未勝利,未勝利,3,5,アスクナサニエル,牡,3,西塚洸二,55△,16,1,１, ,ダ1700,重,,(栗),藤原英昭,1460,-0.4,1,1,1,39.3,510,+4,B
,"2024. 2.24",小倉,2小5,1勝,１勝ｸﾗｽ,7,15,マテンロウボンド,牡,5,藤岡佑介, 58 ,18,3,１, ,芝1200,稍,,(栗),野中賢二,1093,-0.0,,10,10,34.5,498,-10,
,"2024. 2.24",小倉,2小5,2勝,八代特Ｈ･2勝,4,7,マリネロ,牝,5,丹内祐次, 53 ,15,1,１, ,芝2000,稍,,(美),嘉藤貴行,2022,-0.0,7,9,7,35.6,430,+2,B
,"2024. 2.24",小倉,2小5,2勝,筑後川特･2勝,6,11,マイネルカーライル,牡,4,丹内祐次, 57 ,16,1,１, ,ダ1700,重,,(栗),西園正都,1434,-0.4,1,1,1,37.8,516,+4,
,"2024. 2.24",小倉,2小5,1勝,秋吉台特･1勝,3,3,レッドアヴァンティ,牡,5,吉田隼人, 58 ,14,1,１, ,芝1200,稍,,(美),尾関知人,1092,-0.3,,1,1,34.7,504,0,
,"2024. 2.24",小倉,2小5,ｵｰﾌﾟﾝ,春麗ジャ,1,1,ブラックボイス,牡,5,石神深一, 60 ,10,2,１, ,芝3390,稍,,(美),宮田敬介,3486,-0.3,2,2,1,13.5,518,-4,
,"2024. 2.24",小倉,2小5,1勝,１勝ｸﾗｽ・牝,1,1,エールミネルヴァ,牝,4,和田竜二, 55 ,14,5,１, ,ダ1700,重,,(栗),橋口慎介,1449,-0.1,4,5,5,37.5,468,+2,
,"2024. 2.24",小倉,2小5,1勝,１勝ｸﾗｽ,1,1,トーアライデン,牡,4,亀田温心, 57 ,13,2,１, ,芝1800,重,,(栗),村山明,1491,-0.2,3,4,3,36.1,486,0,
,"2024. 2.24",小倉,2小5,未勝利,未勝利,1,1,ゴージョニーゴー,牡,3,藤岡康太, 57 ,18,4,１, ,芝2000,重,,(栗),四位洋文,2025,-0.2,5,4,4,35.9,522,+14,
,"2024. 2.24",小倉,2小5,未勝利,障害未勝利,3,3,イフティファール,牡,6,森一馬, 60 ,10,1,１, ,芝2860,重,,(栗),大久保龍,3135,-0.6,2,2,2,13.5,480,+2,
,"2024. 2.24",小倉,2小5,未勝利,未勝利・牝,1,1,インファンタ,牝,3,水沼元輝,52▲,14,4,１, ,ダ1000,重,,(美),堀内岳志,0585,-0.1,,6,5,35.5,474,-2,B
,"2024. 2.24",小倉,2小5,未勝利,未勝利,2,4,エクストラバック,牡,3,吉田隼人, 57 ,18,2,１, ,芝1200,重,,(栗),西園正都,1097,-0.2,,6,4,35.1,488,+2,
,"2024. 2.24",小倉,2小5,未勝利,未勝利,4,8,キングベルベット,牡,3,丹内祐次, 57 ,16,1,１, ,ダ1700,重,,(美),国枝栄,1444,-1.2,3,2,2,38.0,490,+2,
,"2024. 2.18",小倉,2小4,1勝,１勝ｸﾗｽ,4,8,トリップトゥムーン,牡,5,松本大輝,57☆,18,7,１, ,芝1200,良,,(栗),新谷功一,1080,-0.0,,9,6,34.0,450,0,
,"2024. 2.18",小倉,2小4,Ｇ３,小倉大賞ＨG3,6,12,エピファニー,牡,5,杉原誠人, 57 ,16,3,１, ,芝1800,良,,(美),宮田敬介,1451,-0.2,7,6,4,34.6,504,-2,
,"2024. 2.18",小倉,2小4,2勝,唐戸特別･2勝,2,3,アルーリングビュー,牝,4,佐々木大, 56 ,18,1,１, ,芝1200,良,,(栗),吉村圭司,1078,-0.1,,9,9,34.0,468,+2,
,"2024. 2.18",小倉,2小4,2勝,伊万里特･2勝,4,5,オーロベルディ,牝,5,浜中俊, 56 ,14,2,１, ,ダ1000,良,,(栗),緒方努,0585,-0.2,,5,4,35.5,498,+2,
,"2024. 2.18",小倉,2小4,1勝,１勝ｸﾗｽ・牝,6,6,エリダヌス,牝,4,丹内祐次, 55 ,9,2,１, ,芝2000,良,,(美),青木孝文,2011,-0.1,2,3,2,35.0,488,+2,
,"2024. 2.18",小倉,2小4,未勝利,未勝利,4,7,グレイトクラウン,牝,3,大野拓弥, 55 ,16,12,１, ,芝1800,良,,(美),松山将樹,1481,-0.2,7,8,6,35.8,452,-8,
,"2024. 2.18",小倉,2小4,1勝,１勝ｸﾗｽ,4,4,ムジェロ,牡,4,幸英明, 57 ,13,1,１, ,ダ2400,良,,(栗),藤原英昭,2354,-0.0,3,2,2,38.3,514,+2,
,"2024. 2.18",小倉,2小4,未勝利,未勝利,5,10,ラブカ,牡,3,小沢大仁,56☆,18,16,１, ,芝2000,良,,(栗),今野貞一,2007,-0.0,12,12,9,35.9,444,-10,
,"2024. 2.18",小倉,2小4,未勝利,未勝利,7,13,マイノワール,牡,3,鮫島克駿, 57 ,18,2,１, ,芝2000,良,,(栗),笹田和秀,2007,-0.0,6,7,3,36.2,468,0,
,"2024. 2.18",小倉,2小4,未勝利,障害未勝利,5,5,クリノクオン,牡,4,金子光希, 59 ,12,1,１, ,芝2860,良,,(美),伊藤伸一,3106,-0.7,2,1,1,13.3,460,0,
,"2024. 2.18",小倉,2小4,1勝,１勝ｸﾗｽ,7,11,クロンヌドラレーヌ,牝,5,小林凌大,54△,14,9,１, ,ダ1000,良,,(美),奥平雅士,0591,-0.1,,11,10,35.6,450,+4,
,"2024. 2.18",小倉,2小4,未勝利,未勝利・牝,7,14,モズトキキ,牝,3,亀田温心, 55 ,18,1,１, ,芝1200,良,,(栗),村山明,1088,-0.1,,7,4,34.8,536,-2,
,"2024. 2.18",小倉,2小4,未勝利,未勝利,7,14,スナークラファエロ,牡,3,小沢大仁,56☆,16,3,１, ,ダ1700,良,,(栗),野中賢二,1464,-0.2,4,3,3,39.0,472,-6,B
,"2024. 2.17",小倉,2小3,1勝,１勝ｸﾗｽ,6,11,シャウビンダー,牝,5,佐々木大,55☆,18,7,１, ,芝1200,良,,(栗),須貝尚介,1080,-0.0,,6,5,34.2,422,-2,
,"2024. 2.17",小倉,2小3,3勝,小倉城Ｓ･3勝,3,6,プリンスミノル,牡,5,吉田隼人, 58 ,16,3,１, ,ダ1700,良,,(美),中舘英二,1447,-0.2,7,7,6,37.7,468,-2,
,"2024. 2.17",小倉,2小3,2勝,皿倉山特･2勝,2,3,サトノクローク,牡,4,幸英明, 57 ,16,2,１, ,芝2600,良,,(栗),橋口慎介,2395,-0.1,5,7,4,35.0,478,+4,
,"2024. 2.17",小倉,2小3,1勝,筑紫特別･1勝,1,1,メイショウウネビ,牡,5,藤岡康太, 58 ,9,1,１, ,芝2000,良,,(栗),本田優,1593,-0.0,7,6,6,35.5,490,-4,
,"2024. 2.17",小倉,2小3,1勝,１勝ｸﾗｽ,6,8,ポルカリズム,牝,4,藤岡佑介, 55 ,12,1,１, ,芝1800,良,,(栗),中内田充,1481,-0.0,4,4,5,35.4,484,+14,
,"2024. 2.17",小倉,2小3,1勝,１勝ｸﾗｽ,7,11,バックトゥザライト,牡,4,西塚洸二,55△,13,1,１, ,ダ1700,良,,(栗),辻野泰之,1466,-0.0,6,4,3,39.0,514,-6,
,"2024. 2.17",小倉,2小3,未勝利,未勝利・牝,6,11,アリストクラシア,牝,3,吉田隼人, 55 ,17,4,１, ,芝2000,良,,(栗),吉岡辰弥,2011,-0.2,3,3,2,37.0,466,+4,
,"2024. 2.17",小倉,2小3,未勝利,障害未勝利,7,9,クラップサンダー,牡,5,黒岩悠, 60 ,12,1,１, ,芝2860,良,,(栗),牧田和弥,3110,-1.3,3,1,1,13.4,464,-2,
,"2024. 2.17",小倉,2小3,ｵｰﾌﾟﾝ,障害・オープ,6,8,オールザワールド,牡,7,森一馬, 60 ,13,4,１, ,芝3390,良,,(栗),中竹和也,3457,-0.4,6,4,2,13.3,478,-6,
,"2024. 2.17",小倉,2小3,未勝利,未勝利,5,7,レアグリフォン,牡,3,秋山稔樹,56☆,14,5,１, ,ダ1000,良,,(美),稲垣幸雄,0589,-0.5,,2,2,36.2,464,+4,
,"2024. 2.17",小倉,2小3,未勝利,未勝利,2,4,ウインラグラス,牝,3,永島まな,52▲,18,5,１, ,芝1200,良,,(栗),吉田直弘,1091,-0.2,,1,1,35.0,408,-4,
,"2024. 2.17",小倉,2小3,未勝利,未勝利・牝,1,1,ベルメサイア,牝,3,佐々木大,54☆,16,1,１, ,ダ1700,良,,(栗),西村真幸,1476,-0.2,4,4,4,38.8,486,+2,
,"2024. 2.11",小倉,2小2,1勝,１勝ｸﾗｽ,8,13,サパテアール,セ,5,佐々木大,57☆,13,3,１, ,ダ1700,良,,(美),畠山吉宏,1447,-0.1,1,1,1,37.1,520,-8,B
,"2024. 2.11",小倉,2小2,ｵｰﾌﾟﾝ,北九州短,7,13,ヨシノイースター,牡,6,丸山元気, 57 ,18,5,１, ,芝1200,良,,(栗),中尾秀正,1080,-0.2,,2,2,34.0,486,-2,
,"2024. 2.11",小倉,2小2,2勝,太宰府特･2勝,3,3,アルジーヌ,牝,4,藤岡佑介, 55 ,13,1,１, ,芝1800,良,,(栗),中内田充,1481,-0.2,4,5,6,34.9,450,-2,
,"2024. 2.11",小倉,2小2,1勝,あすなろ･1勝,4,4,サトノシュトラーセ,牡,3,藤岡康太, 57 ,10,1,１, ,芝2000,良,,(栗),友道康夫,2022,-0.0,2,3,2,34.6,506,-6,
,"2024. 2.11",小倉,2小2,1勝,１勝ｸﾗｽ・若,6,7,ダノンボレロ,牡,4,佐々木大,56☆,11,1,１, ,ダ1700,良,,(美),堀宣行,1453,-0.9,2,2,2,37.2,554,-2,
,"2024. 2.11",小倉,2小2,1勝,１勝ｸﾗｽ・牝,6,8,アストロフィライト,牝,5,藤岡佑介, 56 ,13,2,１, ,芝1800,良,,(栗),中内田充,1491,-0.2,9,9,10,35.8,462,+8,
,"2024. 2.11",小倉,2小2,未勝利,未勝利,5,10,セイウンティーダ,牝,3,佐々木大,54☆,18,9,１, ,芝1200,良,,(美),松山将樹,1089,-0.3,,1,1,34.4,424,0,
,"2024. 2.11",小倉,2小2,未勝利,未勝利,8,10,ゴールドブレス,牡,3,藤岡康太, 57 ,10,1,１, ,芝2000,良,,(栗),西園翔太,2044,-0.0,4,3,2,35.9,438,+6,
,"2024. 2.11",小倉,2小2,未勝利,障害未勝利,1,1,ルリアン,牡,7,小牧加矢, 60 ,12,2,１, ,芝2860,良,,(栗),佐々木晶,3108,-0.6,3,1,1,13.3,526,-10,
,"2024. 2.11",小倉,2小2,1勝,１勝ｸﾗｽ,6,9,マリブパイン,牝,5,鷲頭虎太,53▲,14,2,１, ,ダ1000,良,,(栗),大根田裕,0584,-0.1,,2,2,35.6,496,-22,
,"2024. 2.11",小倉,2小2,未勝利,未勝利,2,3,ホウオウドルーリー,牝,3,藤岡康太, 55 ,18,2,１, ,芝1200,良,,(栗),宮徹,1091,-0.2,,7,6,34.8,454,-2,
,"2024. 2.11",小倉,2小2,未勝利,未勝利,6,10,ケイアイアルタイル,牡,3,鮫島克駿, 57 ,15,1,１, ,ダ1700,良,,(栗),梅田智之,1464,-0.1,4,2,2,38.4,516,0,
,"2024. 2.10",小倉,2小1,1勝,１勝ｸﾗｽ,8,16,リシャールケリー,牡,4,藤岡康太, 58 ,18,2,１, ,芝1200,良,,(栗),茶木太樹,1077,-0.4,,1,1,34.3,508,-4,
,"2024. 2.10",小倉,2小1,2勝,紫川特別･2勝,2,3,ドゥラレジリエント,牡,4,鮫島克駿, 57 ,16,1,１, ,ダ1700,良,,(栗),牧田和弥,1443,-0.3,11,7,5,37.2,512,-2,
,"2024. 2.10",小倉,2小1,2勝,大濠特Ｈ･2勝,4,6,サニーオーシャン,セ,6,幸英明, 54 ,14,11,１, ,芝1200,良,,(美),中野栄治,1086,-0.1,,10,9,34.0,458,0,
,"2024. 2.10",小倉,2小1,1勝,帆柱山特･1勝,4,4,シリアルノヴェル,牡,4,吉田隼人, 57 ,8,3,１, ,芝2600,良,,(美),伊藤圭三,2413,-0.3,2,2,2,35.2,480,+6,
,"2024. 2.10",小倉,2小1,1勝,１勝ｸﾗｽ,1,1,タイキラフター,牡,4,佐々木大,56☆,11,2,１, ,芝2000,良,,(美),大竹正博,2013,-0.2,6,5,6,35.1,520,+4,
,"2024. 2.10",小倉,2小1,1勝,１勝ｸﾗｽ・牝,4,4,ブーバー,牝,4,河原田菜,51★,11,7,１, ,ダ1700,稍,*,(美),新開幸一,1472,-0.1,1,1,1,37.5,428,+6,
,"2024. 2.10",小倉,2小1,未勝利,未勝利・若,7,10,モンディーン,牝,3,西塚洸二,52▲,12,8,１, ,芝1800,良,,(栗),西園翔太,1498,-0.1,2,2,2,37.8,412,-2,
,"2024. 2.10",小倉,2小1,ｵｰﾌﾟﾝ,障害・オープ,8,12,アランデル,セ,6,大江原圭, 60 ,12,3,１, ,芝2860,良,,(美),大竹正博,3102,-0.3,2,2,1,13.3,536,-4,
,"2024. 2.10",小倉,2小1,未勝利,障害未勝利,1,1,ユーベルント,牝,6,大庭和弥, 58 ,12,9,１, ,芝2860,稍,,(美),堀内岳志,3123,-0.5,3,3,3,13.4,454,0,
,"2024. 2.10",小倉,2小1,未勝利,未勝利,3,3,セッテイロク,牝,3,小林美駒,51★,14,1,１, ,ダ1000,稍,,(美),竹内正洋,0580,-1.2,,1,1,35.2,434,+4,
,"2024. 2.10",小倉,2小1,未勝利,未勝利,7,12,ジェロニモス,牡,3,鮫島克駿, 57 ,14,1,１, ,芝1800,稍,,(栗),中村直也,1496,-0.3,6,5,3,35.0,480,-12,
,"2024. 2.10",小倉,2小1,未勝利,未勝利・牝,6,9,ルフトクス,牝,3,亀田温心, 55 ,14,1,１, ,ダ1700,稍,,(栗),杉山晴紀,1472,-0.3,4,4,3,37.1,454,-2,
,"2024. 2. 4",小倉,1小8,1勝,１勝ｸﾗｽ,7,12,バラードインミラノ,牡,6,秋山稔樹,57☆,14,12,１, ,芝1200,重,,(美),小野次郎,1095,-0.2,,13,14,34.5,436,+6,
,"2024. 2. 4",小倉,1小8,ｵｰﾌﾟﾝ,小倉日経,5,5,ダンディズム,セ,8,富田暁, 58 ,9,1,１, ,芝2000,重,,(栗),野中賢二,2041,-0.1,8,8,2,37.1,478,+6,
,"2024. 2. 4",小倉,1小8,2勝,由布院Ｈ･2勝,4,8,サンライズグルーヴ,牡,4,西塚洸二, 55 ,16,7,１, ,ダ1700,重,,(栗),河内洋,1446,-0.0,8,5,4,38.8,510,-6,
,"2024. 2. 4",小倉,1小8,1勝,合馬特別･1勝,1,1,ロードマンハイム,牡,4,吉田隼人, 57 ,11,6,１, ,芝1800,重,,(栗),友道康夫,1500,-0.6,2,2,2,36.4,502,-6,B
,"2024. 2. 4",小倉,1小8,1勝,１勝ｸﾗｽ・牝,4,4,アルタビスタ,牝,4,藤岡康太, 55 ,12,9,１, ,ダ1700,重,,(栗),松永幹夫,1457,-0.1,2,1,1,38.7,444,-14,
,"2024. 2. 4",小倉,1小8,未勝利,未勝利,1,1,ペンナヴェローチェ,牡,3,佐々木大,56☆,10,1,１, ,芝2000,重,,(栗),須貝尚介,2049,-0.0,2,1,1,38.2,492,0,
,"2024. 2. 4",小倉,1小8,未勝利,未勝利,8,16,トラペジスト,牡,3,松若風馬, 57 ,18,2,１, ,芝1200,重,,(栗),音無秀孝,1100,-0.1,,2,2,35.7,516,-12,
,"2024. 2. 4",小倉,1小8,新馬,新馬,7,10,ジャスティンガルフ,牡,3,富田暁, 57 ,12,1,１, ,芝2000,重,,(栗),安田翔伍,2056,-0.3,8,4,4,36.8,494,,
,"2024. 2. 4",小倉,1小8,未勝利,障害未勝利,5,6,ワールドスケール,牡,7,小牧加矢, 60 ,12,1,１, ,芝2860,重,,(栗),村山明,3141,-0.1,1,2,1,13.6,490,+2,
,"2024. 2. 4",小倉,1小8,1勝,１勝ｸﾗｽ,7,11,フェイマスドクター,牡,4,水沼元輝,55▲,14,1,１, ,ダ1000,重,,(美),中川公成,0581,-0.0,,1,1,35.6,514,+6,
,"2024. 2. 4",小倉,1小8,未勝利,未勝利,3,3,クイーンズワーフ,牝,3,佐々木大,54☆,12,3,１, ,芝1800,重,,(美),青木孝文,1526,-0.2,1,1,1,36.3,452,+2,
,"2024. 2. 4",小倉,1小8,未勝利,未勝利・牝,6,10,テーオールビー,牝,3,藤岡康太, 55 ,15,1,１, ,ダ1700,重,,(栗),宮徹,1456,-0.8,1,1,1,37.9,450,-2,
,"2024. 2. 3",小倉,1小7,1勝,１勝ｸﾗｽ・牝,2,2,マリネロ,牝,5,丹内祐次, 56 ,11,1,１, ,芝2000,稍,,(美),嘉藤貴行,2028,-0.7,4,2,1,37.8,428,-4,B
,"2024. 2. 3",小倉,1小7,2勝,別府特別･2勝,8,10,ヴァモスロード,牡,5,丸山元気, 58 ,11,3,１, ,芝1800,稍,,(栗),西園正都,1497,-0.2,1,1,1,36.4,524,-2,
,"2024. 2. 3",小倉,1小7,2勝,有田特別･2勝,4,6,ユウグロスファクタ,牝,5,松本大輝, 56 ,14,6,１, ,ダ1000,良,,(栗),新谷功一,0575,-0.3,,3,3,34.9,506,-4,
,"2024. 2. 3",小倉,1小7,1勝,かささぎ･1勝,7,10,ペアポルックス,牡,3,松若風馬, 57 ,12,1,１, ,芝1200,良,,(栗),梅田智之,1087,-0.3,,2,2,35.1,474,-6,
,"2024. 2. 3",小倉,1小7,1勝,１勝ｸﾗｽ,6,12,モディカ,牝,5,小崎綾也, 56 ,16,1,１, ,ダ1700,良,,(栗),石坂公一,1450,-0.6,1,1,1,37.1,496,-6,B
,"2024. 2. 3",小倉,1小7,1勝,１勝ｸﾗｽ,1,1,ヴェルミセル,牝,4,佐々木大,54☆,15,3,１, ,芝2600,良,,(栗),吉村圭司,2417,-0.5,6,7,4,36.4,452,-6,
,"2024. 2. 3",小倉,1小7,未勝利,未勝利,5,6,オオナミコナミ,牝,3,鮫島克駿, 55 ,12,1,１, ,芝1800,良,,(栗),牧浦充徳,1502,-0.1,3,4,4,36.1,482,+6,
,"2024. 2. 3",小倉,1小7,未勝利,障害未勝利,5,6,ニシノフウジン,牡,5,水沼元輝,57▲,12,5,１, ,芝2860,良,,(美),中野栄治,3138,-0.2,2,1,1,13.6,476,0,
,"2024. 2. 3",小倉,1小7,ｵｰﾌﾟﾝ,障害・オープ,7,12,サンデイビス,牡,6,上野翔, 60 ,14,5,１, ,芝3390,良,,(美),村田一誠,3457,-0.6,3,3,2,13.3,504,-2,
,"2024. 2. 3",小倉,1小7,未勝利,未勝利,6,9,ジェネラーレ,牡,3,西塚洸二,54▲,14,1,１, ,ダ1000,良,,(栗),野中賢二,0589,-0.1,,1,1,36.1,482,-2,
,"2024. 2. 3",小倉,1小7,未勝利,未勝利・牝,7,12,レッセパッセ,牝,3,丹内祐次, 55 ,14,3,１, ,芝2000,良,,(栗),西園翔太,2037,-0.5,6,6,4,36.6,372,0,
,"2024. 2. 3",小倉,1小7,未勝利,未勝利,2,3,マーベリックシチー,牡,3,鮫島克駿, 57 ,16,5,１, ,ダ1700,良,,(栗),岡田稲男,1478,-0.1,11,9,5,38.4,458,+4,
,"2024. 1.28",小倉,1小6,1勝,１勝ｸﾗｽ,7,11,ヴィンセドリス,牡,4,鮫島克駿, 57 ,13,2,１, ,芝2000,稍,,(栗),友道康夫,2019,-0.1,6,4,2,36.8,488,+6,
,"2024. 1.28",小倉,1小6,3勝,巌流島Ｈ･3勝,6,11,ヤクシマ,牡,4,丹内祐次, 56 ,18,7,１, ,芝1200,稍,,(栗),寺島良,1090,-0.1,,14,13,34.4,524,+8,
,"2024. 1.28",小倉,1小6,1勝,日田特別･1勝,2,4,ピンクジン,牝,4,黛弘人, 55 ,16,2,１, ,芝1800,稍,,(美),南田美知,1499,-0.1,10,7,3,35.6,440,0,
,"2024. 1.28",小倉,1小6,1勝,くすのき･1勝,8,10,シークレットキー,牡,3,亀田温心, 57 ,10,3,１, ,ダ1700,良,,(栗),杉山晴紀,1470,-0.1,3,2,2,38.1,494,+4,
,"2024. 1.28",小倉,1小6,1勝,１勝ｸﾗｽ,4,6,コナブラック,牡,5,川端海翼,55▲,14,6,１, ,芝1200,良,,(栗),清水久詞,1090,-0.1,,3,1,34.7,520,-2,
,"2024. 1.28",小倉,1小6,1勝,１勝ｸﾗｽ・牝,4,6,オシゲ,牝,4,佐々木大,54☆,14,1,１, ,ダ1700,良,,(栗),須貝尚介,1470,-0.2,7,7,5,37.9,482,+8,
,"2024. 1.28",小倉,1小6,未勝利,未勝利,1,1,グラヴィス,牡,3,鮫島克駿, 57 ,15,1,１, ,芝2000,良,,(栗),矢作芳人,2031,-0.0,13,5,6,35.1,500,+6,
,"2024. 1.28",小倉,1小6,新馬,新馬,5,8,ウィルダネス,牝,3,藤岡佑介, 55 ,14,3,１, ,芝1200,良,,(栗),野中賢二,1103,-0.0,,1,1,35.5,440,,
,"2024. 1.28",小倉,1小6,未勝利,障害未勝利,6,8,ヴァリアメンテ,牡,6,西谷誠, 60 ,12,1,１, ,芝2860,良,,(栗),中内田充,3108,-0.1,2,2,2,13.3,476,+2,
,"2024. 1.28",小倉,1小6,1勝,１勝ｸﾗｽ,8,14,マキアージュ,牝,5,小林美駒,52★,14,1,１, ,ダ1000,良,,(美),菊川正達,0581,-1.1,,1,1,35.4,462,0,
,"2024. 1.28",小倉,1小6,未勝利,未勝利,2,4,クィーンズハット,牝,3,藤岡佑介, 55 ,16,10,１, ,芝1200,良,,(美),石毛善彦,1092,-0.0,,10,8,34.8,462,-6,
,"2024. 1.28",小倉,1小6,未勝利,未勝利,3,3,ヤマニンアラクリア,牡,3,田中健, 57 ,11,4,１, ,ダ1700,良,,(栗),中村直也,1483,-0.2,5,5,5,39.0,480,0,
,"2024. 1.27",小倉,1小5,1勝,１勝ｸﾗｽ,7,15,サトノグレイト,セ,4,鮫島克駿, 58 ,18,3,１, ,芝1200,良,,(栗),中竹和也,1090,-0.0,,4,4,34.5,496,0,
,"2024. 1.27",小倉,1小5,2勝,周防灘特･2勝,2,2,カンチェンジュンガ,牡,4,西村淳也, 58 ,10,6,１, ,芝1200,良,,(栗),庄野靖志,1086,-0.3,,4,2,34.1,478,+2,
,"2024. 1.27",小倉,1小5,2勝,平尾台特･2勝,4,8,メイショウオーロラ,牝,4,藤岡康太, 55 ,16,2,１, ,ダ1700,良,,(栗),本田優,1458,-0.2,10,11,9,37.6,488,0,
,"2024. 1.27",小倉,1小5,1勝,足立山特･1勝,8,13,トロピカルライト,牝,4,丸田恭介, 55 ,14,3,１, ,芝2600,良,,(美),宗像義忠,2402,-0.1,12,12,9,35.8,478,+14,
,"2024. 1.27",小倉,1小5,ｵｰﾌﾟﾝ,牛若丸ジ,8,14,ケイティクレバー,牡,9,上野翔, 61 ,14,4,１, ,芝3390,良,,(美),清水英克,3447,-0.2,2,2,1,13.3,464,+2,
,"2024. 1.27",小倉,1小5,1勝,１勝ｸﾗｽ,4,7,マイネルカーライル,牡,4,丹内祐次, 57 ,16,4,１, ,ダ1700,良,,(栗),西園正都,1443,-1.0,1,1,1,36.7,512,+10,
,"2024. 1.27",小倉,1小5,未勝利,未勝利,4,5,ワールドシリーズ,牡,3,藤岡佑介, 57 ,14,2,１, ,芝1200,良,,(栗),中内田充,1098,-0.2,,6,3,35.0,452,0,
,"2024. 1.27",小倉,1小5,未勝利,未勝利,5,7,ログラール,牡,3,北村友一, 57 ,13,1,１, ,芝1800,良,,(栗),松永幹夫,1495,-0.2,5,4,2,37.1,470,-8,
,"2024. 1.27",小倉,1小5,未勝利,障害未勝利,6,8,サインオブサクセス,牡,5,上野翔, 60 ,12,3,１, ,芝2860,良,,(美),伊藤圭三,3091,-0.3,2,1,1,13.2,484,+8,
,"2024. 1.27",小倉,1小5,未勝利,未勝利,6,6,フーコサンライズ,牝,3,松本大輝,54☆,11,1,１, ,ダ1000,良,,(栗),新谷功一,0586,-0.5,,2,2,35.6,496,-6,
,"2024. 1.27",小倉,1小5,未勝利,未勝利・牝,5,8,サイレントグルーヴ,牝,3,藤岡康太, 55 ,14,5,１, ,芝2000,良,,(栗),角田晃一,2024,-0.3,13,1,1,37.3,484,+4,
,"2024. 1.27",小倉,1小5,未勝利,未勝利,8,11,グラティアスミノル,牡,3,永島まな,54▲,12,2,１, ,ダ1700,良,,(栗),北出成人,1478,-0.5,9,1,1,39.2,496,0,
,"2024. 1.21",小倉,1小4,1勝,１勝ｸﾗｽ,8,15,パルティクラール,牝,4,国分恭介, 55 ,15,2,１, ,芝1800,稍,,(栗),牧浦充徳,1493,-0.0,5,6,2,35.5,518,+2,B
,"2024. 1.21",小倉,1小4,3勝,豊前ＳＨ･3勝,8,15,サンライズアリオン,牡,5,富田暁, 57 ,16,1,１, ,ダ1700,重,,(栗),平田修,1422,-0.5,2,2,1,36.7,524,-2,
,"2024. 1.21",小倉,1小4,2勝,海の中道･2勝,1,1,スマートファントム,牡,4,藤岡康太, 57 ,12,1,１, ,芝2600,稍,,(栗),石橋守,2419,-0.1,10,8,6,36.5,464,-8,
,"2024. 1.21",小倉,1小4,1勝,八幡特別･1勝,8,15,トーセンエスクード,牡,4,吉田隼人, 58 ,15,1,１, ,芝1200,稍,,(美),菊沢隆徳,1103,-0.0,,7,6,34.3,444,-2,
,"2024. 1.21",小倉,1小4,1勝,１勝ｸﾗｽ,1,1,ガンウルフ,牡,4,藤岡康太, 57 ,16,2,１, ,ダ1700,重,,(栗),藤岡健一,1436,-0.2,1,1,1,38.6,488,-4,B
,"2024. 1.21",小倉,1小4,未勝利,未勝利・牝,1,1,ビアフォーナウ,牝,3,小林凌大,53△,18,8,１, ,芝1200,重,,(美),池上昌和,1109,-0.4,,16,13,34.5,442,+8,
,"2024. 1.21",小倉,1小4,未勝利,未勝利,1,1,コスモヴィーコ,牡,3,丹内祐次, 57 ,11,7,１, ,芝2000,重,,(美),黒岩陽一,2034,-0.3,3,2,2,37.4,476,+2,
,"2024. 1.21",小倉,1小4,新馬,新馬,8,16,メイショウヤマモモ,牝,3,秋山真一, 55 ,18,4,１, ,芝1200,重,*,(栗),高橋亮,1115,-0.1,,9,8,35.0,454,,
,"2024. 1.21",小倉,1小4,未勝利,障害未勝利,6,7,ティートラップ,牡,7,上野翔, 60 ,12,5,１, ,芝2860,重,,(美),伊藤伸一,3091,-0.9,1,1,1,13.2,466,-6,B
,"2024. 1.21",小倉,1小4,1勝,１勝ｸﾗｽ,7,11,コウソクカレン,牝,6,小林美駒,52★,14,4,１, ,ダ1000,重,,(美),中舘英二,0576,-0.2,,2,2,34.8,500,+6,B
,"2024. 1.21",小倉,1小4,未勝利,未勝利・牝,3,3,レディマリオン,牝,3,鮫島克駿, 55 ,14,1,１, ,芝1800,重,,(栗),長谷川浩,1514,-0.3,3,5,5,35.3,438,-8,
,"2024. 1.21",小倉,1小4,未勝利,未勝利,1,1,サンドブラスト,牡,3,丹内祐次, 57 ,16,1,１, ,ダ1700,重,,(美),鈴木慎太,1454,-0.3,1,1,1,36.5,500,0,
,"2024. 1.20",小倉,1小3,1勝,１勝ｸﾗｽ・牝,4,7,オックスリップ,牝,4,西村淳也, 56 ,17,1,１, ,芝1200,稍,,(栗),杉山晴紀,1092,-0.1,,2,2,35.2,454,+4,
,"2024. 1.20",小倉,1小3,2勝,和布刈特･2勝,8,13,ゴッドブルービー,牡,4,角田大和, 57 ,13,1,１, ,ダ1700,稍,,(栗),角田晃一,1429,-0.8,2,2,1,36.3,462,-16,
,"2024. 1.20",小倉,1小3,1勝,戸畑特別･1勝,3,6,シランケド,牝,4,国分恭介, 55 ,17,1,１, ,芝2000,稍,,(栗),牧浦充徳,2016,-0.9,14,5,2,35.7,516,+14,
,"2024. 1.20",小倉,1小3,1勝,萌黄賞･1勝*,1,1,ビッグドリーム,牡,3,吉田隼人, 57 ,7,1,１, ,芝1200,稍,,(栗),西園正都,1099,-0.1,,3,2,35.9,522,0,
,"2024. 1.20",小倉,1小3,1勝,１勝ｸﾗｽ,4,5,ダノンボレロ,牡,4,菱田裕二, 57 ,13,6,１, ,ダ2400,稍,*,(美),堀宣行,2322,-0.7,3,2,2,37.1,556,+20,
,"2024. 1.20",小倉,1小3,1勝,１勝ｸﾗｽ・牝,2,2,フォレスタ,牝,6,丹内祐次, 56 ,15,3,１, ,芝2000,稍,,(美),嘉藤貴行,2021,-0.1,6,1,1,37.6,424,+4,B
,"2024. 1.20",小倉,1小3,未勝利,未勝利,2,2,エレクトリックブギ,牡,3,荻野極, 57 ,11,3,１, ,芝1800,稍,,(美),鹿戸雄一,1504,-0.1,3,5,5,37.1,428,0,
,"2024. 1.20",小倉,1小3,ｵｰﾌﾟﾝ,障害・オープ,1,1,ブラックボイス,牡,5,石神深一, 60 ,12,4,１, ,芝2860,稍,,(美),宮田敬介,3078,-0.2,3,2,3,13.1,522,+6,
,"2024. 1.20",小倉,1小3,未勝利,障害未勝利,2,2,オールザワールド,牡,7,森一馬, 60 ,12,1,１, ,芝2860,稍,,(栗),中竹和也,3132,-0.1,3,4,4,13.5,484,-6,
,"2024. 1.20",小倉,1小3,未勝利,未勝利,7,11,ニシノルミリオン,牡,3,武藤雅, 57 ,13,4,１, ,ダ1000,稍,,(美),武藤善則,0589,-0.1,,1,1,36.1,476,+4,
,"2024. 1.20",小倉,1小3,未勝利,未勝利,8,16,ロードトレゾール,牡,3,西村淳也, 57 ,16,5,１, ,芝1200,稍,*,(栗),清水久詞,1085,-0.6,,1,1,35.8,514,-4,
,"2024. 1.20",小倉,1小3,未勝利,未勝利・牝,8,13,コパノマイアミ,牝,3,秋山稔樹,54☆,13,4,１, ,ダ1700,稍,,(栗),宮徹,1464,-0.6,1,1,1,37.8,454,-14,
,"2024. 1.14",小倉,1小2,1勝,１勝ｸﾗｽ,8,17,ニシノコウダイ,牡,4,勝浦正樹, 58 ,17,3,１, ,芝1200,良,,(栗),長谷川浩,1079,-0.0,,7,7,34.5,490,+2,
,"2024. 1.14",小倉,1小2,ｵｰﾌﾟﾝ,門司Ｓ,6,12,スレイマン,牡,6,斎藤新, 58 ,16,2,１, ,ダ1700,良,,(栗),池添学,1442,-0.7,5,4,3,37.2,548,-2,B
,"2024. 1.14",小倉,1小2,3勝,壇之浦Ｓ･3勝,1,1,ハーランズハーツ,牡,7,藤岡佑介, 58 ,14,13,１, ,芝1800,良,,(栗),橋口慎介,1465,-0.0,13,14,13,34.7,444,+2,
,"2024. 1.14",小倉,1小2,2勝,玄海特別･2勝,4,5,ウインシュクラン,セ,6,丹内祐次, 58 ,13,6,１, ,芝2000,良,,(美),鹿戸雄一,1597,-0.0,1,1,1,34.6,464,+6,
,"2024. 1.14",小倉,1小2,1勝,１勝ｸﾗｽ・牝,8,12,メイショウコボケ,牝,4,西塚洸二,52▲,12,1,１, ,ダ1700,良,,(栗),河内洋,1470,-0.1,1,1,1,38.5,490,0,
,"2024. 1.14",小倉,1小2,未勝利,未勝利,6,11,ドンアレス,牡,3,鮫島克駿, 57 ,16,1,１, ,芝1800,良,,(栗),牧浦充徳,1481,-0.5,12,2,2,35.8,472,+6,
,"2024. 1.14",小倉,1小2,未勝利,未勝利,3,6,ペアポルックス,牡,3,松若風馬, 57 ,18,1,１, ,芝1200,良,,(栗),梅田智之,1078,-0.3,,2,2,34.6,480,+2,
,"2024. 1.14",小倉,1小2,新馬,新馬,3,3,インテグレイト,牡,3,藤岡佑介, 57 ,14,4,１, ,芝2000,良,,(栗),四位洋文,2016,-0.1,5,7,3,35.4,496,,
,"2024. 1.14",小倉,1小2,未勝利,障害未勝利,6,7,パーカッション,セ,5,草野太郎, 60 ,12,5,１, ,芝2860,良,,(美),田中博康,3082,-0.7,2,1,1,13.2,542,+2,
,"2024. 1.14",小倉,1小2,1勝,１勝ｸﾗｽ,6,10,ルクスメテオール,牡,4,浜中俊, 58 ,14,1,１, ,ダ1000,良,,(栗),小林真也,0590,-0.4,,2,2,36.2,484,0,
,"2024. 1.14",小倉,1小2,未勝利,未勝利,7,15,ナムラアトム,牡,3,浜中俊, 57 ,18,1,１, ,芝1200,良,,(栗),長谷川浩,1082,-0.1,,7,6,34.2,496,+2,
,"2024. 1.14",小倉,1小2,未勝利,未勝利・牝,8,12,レーヴドレフォン,牝,3,鮫島克駿, 55 ,12,1,１, ,ダ1700,良,,(栗),矢作芳人,1483,-0.3,7,6,4,38.7,456,-12,
,"2024. 1.13",小倉,1小1,1勝,１勝ｸﾗｽ,7,15,キャニオニング,牝,6,小林美駒,52★,18,14,１, ,芝1200,良,,(美),村田一誠,1087,-0.1,,9,2,34.2,442,+4,B
,"2024. 1.13",小倉,1小1,Ｇ３,愛知杯ＨG3,7,12,ミッキーゴージャス,牝,4,川田将雅, 54 ,14,1,１, ,芝2000,良,,(栗),安田隆行,1579,-0.1,10,4,2,35.5,450,+2,
,"2024. 1.13",小倉,1小1,2勝,小郡特別･2勝,7,8,ダンツイノーバ,牝,7,秋山真一, 56 ,11,11,１, ,芝1200,良,,(栗),谷潔,1082,-0.1,,10,9,33.5,470,+2,
,"2024. 1.13",小倉,1小1,2勝,響灘特別･2勝,5,9,ラニカイ,牝,5,鮫島克駿, 56 ,16,3,１, ,ダ1700,良,,(栗),松永幹夫,1456,-0.0,9,7,4,37.5,498,-8,
,"2024. 1.13",小倉,1小1,1勝,１勝ｸﾗｽ,8,16,レッドバレンティア,牡,4,佐々木大,56☆,16,6,１, ,芝1800,良,,(美),手塚貴久,1467,-0.2,4,4,4,35.3,450,+2,
,"2024. 1.13",小倉,1小1,1勝,１勝ｸﾗｽ,1,2,ヴァンドゥラン,牡,4,鮫島克駿, 57 ,16,2,１, ,ダ1700,良,,(栗),高柳大輔,1474,-0.1,9,2,2,38.3,490,-2,B
,"2024. 1.13",小倉,1小1,1勝,１勝ｸﾗｽ,6,12,カナオールウェイズ,牡,4,藤岡佑介, 57 ,16,3,１, ,芝2600,良,,(栗),藤岡健一,2389,-0.4,4,4,4,35.0,508,+20,B
,"2024. 1.13",小倉,1小1,未勝利,障害未勝利,6,7,ヴィジュネル,牡,6,中村将之, 60 ,12,1,１, ,芝2860,良,,(栗),渡辺薫彦,3093,-0.2,1,1,1,13.2,488,-10,
,"2024. 1.13",小倉,1小1,未勝利,障害未勝利,8,12,ベレヌス,牡,7,小牧加矢, 60 ,12,1,１, ,芝2860,良,,(栗),杉山晴紀,3104,-0.8,1,1,1,13.3,528,+6,
,"2024. 1.13",小倉,1小1,未勝利,未勝利,5,5,ナリタヴィクトリー,牝,3,川端海翼,52▲,12,6,１, ,ダ1000,良,,(栗),藤沢則雄,1002,-0.1,,2,1,36.9,442,0,
,"2024. 1.13",小倉,1小1,未勝利,未勝利,4,4,ノーブルスカイ,牡,3,鮫島克駿, 57 ,12,2,１, ,芝2000,良,,(栗),高柳大輔,2007,-0.1,3,4,4,35.9,466,-6,
,"2024. 1.13",小倉,1小1,未勝利,未勝利,2,2,クロドラバール,牡,3,川田将雅, 57 ,14,1,１, ,ダ1700,良,,(栗),杉山晴紀,1484,-0.5,1,1,1,39.0,514,-8,
,"2023. 9. 3",小倉,3小8,1勝,１勝ｸﾗｽ,6,8,ジューンレインボー,牝,4,田口貫太,53▲,12,1,１, ,芝2600,良,,(栗),武英智,2400,-0.9,4,2,1,36.5,442,-2,
,"2023. 9. 3",小倉,3小8,Ｇ３,小倉２歳G3,8,10,アスクワンタイム,牡,2,岩田望来, 55 ,10,5,１, ,芝1200,良,,(栗),梅田智之,1086,-0.0,,8,8,34.4,438,0,
,"2023. 9. 3",小倉,3小8,3勝,宮崎Ｓ･3勝,3,5,リキサントライ,牡,5,松山弘平, 58 ,15,2,１, ,ダ1700,良,,(栗),緒方努,1448,-0.1,8,6,3,37.4,496,-8,
,"2023. 9. 3",小倉,3小8,2勝,西日本新･2勝,8,17,ロードラスター,牡,5,西村淳也, 58 ,17,3,１, ,芝1200,良,,(栗),千田輝彦,1082,-0.0,,14,13,34.1,514,+6,B
,"2023. 9. 3",小倉,3小8,1勝,１勝ｸﾗｽ,7,10,メイショウカゼマチ,牡,3,西塚洸二,53▲,13,3,１, ,ダ1000,良,,(栗),角田晃一,0578,-0.3,,1,1,35.5,446,0,
,"2023. 9. 3",小倉,3小8,1勝,１勝ｸﾗｽ,8,18,トーホウフランゴ,牝,3,永島まな,51▲,18,1,１, ,芝1200,良,,(栗),高橋康之,1082,-0.1,,9,7,34.0,436,+2,
,"2023. 9. 3",小倉,3小8,未勝利,未勝利,4,7,ヘヴンズタイム,牡,3,田口貫太,53▲,16,6,１, ,ダ1700,良,,(栗),北出成人,1460,-0.0,2,2,2,38.1,486,+2,
,"2023. 9. 3",小倉,3小8,新馬,新馬,6,12,アナベルエクラ,牝,2,岩田望来, 55 ,16,1,１, ,芝1800,良,,(栗),清水久詞,1512,-0.4,5,3,2,36.6,454,,
,"2023. 9. 3",小倉,3小8,未勝利,未勝利,8,18,アスターブジエ,牡,3,藤岡康太, 56 ,18,5,１, ,芝2000,良,,(栗),中竹和也,2008,-0.1,15,6,7,36.2,458,+8,
,"2023. 9. 3",小倉,3小8,未勝利,未勝利・牝,5,9,スマートケープ,牝,3,坂井瑠星, 54 ,16,3,１, ,ダ1700,良,*,(栗),辻野泰之,1449,-1.5,1,1,1,38.8,488,+16,
,"2023. 9. 3",小倉,3小8,未勝利,未勝利*,5,8,モンシュマン,牡,2,松山弘平, 55 ,14,3,１, ,芝1200,良,,(栗),上村洋行,1091,-0.3,,1,1,34.9,456,+2,
,"2023. 9. 3",小倉,3小8,未勝利,障害未勝利,3,3,フィロロッソ,牡,6,北沢伸也, 60 ,11,2,１, ,芝2860,良,,(栗),中竹和也,3063,-3.1,2,1,1,13.0,502,+4,
,"2023. 9. 2",小倉,3小7,1勝,１勝ｸﾗｽ,7,13,サイモンザナドゥ,牡,3,永島まな,52▲,16,10,１, ,ダ1700,稍,,(栗),小林真也,1449,-0.0,13,13,14,37.9,484,+6,
,"2023. 9. 2",小倉,3小7,3勝,テレＱＨ･3勝,7,11,バンデルオーラ,牡,4,国分恭介, 56 ,13,8,１, ,芝1200,稍,,(栗),牧浦充徳,1082,-0.1,,10,9,34.1,470,0,
,"2023. 9. 2",小倉,3小7,2勝,筑後川特･2勝,6,6,マテンロウアレス,セ,5,太宰啓介, 58 ,10,2,１, ,芝1800,稍,*,(栗),昆貢,1489,-0.0,1,1,1,37.4,498,+2,B
,"2023. 9. 2",小倉,3小7,2勝,天草特別･2勝,7,11,ビオグラフィア,牡,5,幸英明, 58 ,14,8,１, ,ダ1700,稍,,(栗),松下武士,1449,-0.2,11,7,6,37.3,494,+6,
,"2023. 9. 2",小倉,3小7,1勝,１勝ｸﾗｽ,5,5,ブリンク,牝,5,角田大河,55☆,10,9,１, ,芝2000,稍,,(栗),吉岡辰弥,2010,-0.1,3,3,3,35.8,482,+4,B
,"2023. 9. 2",小倉,3小7,1勝,１勝ｸﾗｽ・牝,7,14,バースクライ,牝,3,岩田望来, 54 ,18,1,１, ,芝1200,稍,,(栗),千田輝彦,1084,-0.1,,4,3,34.5,482,+8,
,"2023. 9. 2",小倉,3小7,未勝利,未勝利,3,4,レインメーカー,牡,3,藤岡康太, 56 ,14,3,１, ,ダ1000,稍,,(栗),安田翔伍,0584,-0.3,,4,4,35.4,436,0,B
,"2023. 9. 2",小倉,3小7,新馬,新馬,7,11,カルチャーデイ,牝,2,酒井学, 55 ,13,4,１, ,芝1200,稍,,(栗),四位洋文,1101,-0.2,,4,4,35.9,418,,
,"2023. 9. 2",小倉,3小7,未勝利,未勝利,8,16,ウインエーデル,牝,3,永島まな,51▲,16,1,１, ,芝1800,稍,,(栗),吉田直弘,1484,-0.2,6,4,3,36.5,444,0,
,"2023. 9. 2",小倉,3小7,未勝利,未勝利,3,6,レディメローラ,牝,3,幸英明, 54 ,18,10,１, ,芝1200,稍,,(栗),北出成人,1087,-0.1,,1,1,35.9,402,-2,
,"2023. 9. 2",小倉,3小7,未勝利,未勝利*,3,6,イーグルノワール,牡,2,永島まな,52▲,16,2,１, ,ダ1700,稍,,(栗),音無秀孝,1461,-0.3,3,3,2,38.8,522,+4,
,"2023. 9. 2",小倉,3小7,未勝利,未勝利*,2,2,ルシフェル,牝,2,団野大成, 55 ,9,1,１, ,芝2000,稍,,(栗),斉藤崇史,2052,-0.7,8,2,1,36.0,482,+6,
,"2023. 8.27",小倉,3小6,1勝,１勝ｸﾗｽ,7,11,フォルティーナ,牝,3,川端海翼,51▲,14,13,１, ,ダ1000,良,,(栗),石橋守,0579,-0.0,,2,2,35.4,434,+4,
,"2023. 8.27",小倉,3小6,ｵｰﾌﾟﾝ,小倉日経,4,4,カントル,牡,7,団野大成, 57 ,12,5,１, ,芝1800,良,,(栗),藤原英昭,1459,-0.0,6,5,3,35.6,472,-10,
,"2023. 8.27",小倉,3小6,2勝,九州スＨ･2勝,2,4,グラストンベリー,牝,4,川須栄彦, 52 ,16,16,１, ,ダ1700,良,,(栗),藤岡健一,1439,-0.8,1,1,1,39.1,432,-2,
,"2023. 8.27",小倉,3小6,1勝,英彦山特･1勝,7,10,サクセスドレーク,牡,4,国分恭介, 58 ,12,1,１, ,芝1800,良,,(栗),野中賢二,1483,-0.2,5,4,4,35.4,496,-2,
,"2023. 8.27",小倉,3小6,1勝,１勝ｸﾗｽ・牝,6,7,フォーチュンコード,牝,3,秋山真一, 53 ,12,10,１, ,芝2000,良,,(栗),小林真也,1592,-0.2,10,10,7,35.0,466,0,
,"2023. 8.27",小倉,3小6,1勝,１勝ｸﾗｽ,2,4,マルベリーシチー,牡,3,斎藤新, 55 ,16,3,１, ,ダ1700,良,,(栗),橋口慎介,1454,-0.2,1,1,1,37.1,476,+14,
,"2023. 8.27",小倉,3小6,未勝利,未勝利,8,17,ピースオブザライフ,牝,3,団野大成, 54 ,18,5,１, ,芝2000,良,*,(栗),野中賢二,2011,-0.0,1,1,1,36.3,474,-4,
,"2023. 8.27",小倉,3小6,新馬,新馬,3,3,トレンシャリー,牡,2,幸英明, 55 ,9,5,１, ,芝1200,良,*,(栗),寺島良,1098,-0.2,,9,7,35.0,438,,
,"2023. 8.27",小倉,3小6,未勝利,未勝利,5,10,タイセイラヴィータ,牡,3,藤懸貴志, 56 ,16,1,１, ,ダ1700,良,,(栗),田中克典,1461,-0.2,3,2,2,38.7,542,-2,
,"2023. 8.27",小倉,3小6,未勝利,未勝利・牝,5,10,タイセイフェリーク,牝,3,松若風馬, 54 ,16,1,１, ,芝1800,良,*,(栗),田中克典,1480,-0.0,6,5,4,35.3,420,+4,
,"2023. 8.27",小倉,3小6,未勝利,未勝利*,6,8,エスカル,牡,2,松若風馬, 55 ,12,1,１, ,ダ1000,良,,(栗),森秀行,0581,-1.1,,1,1,35.5,454,0,
,"2023. 8.27",小倉,3小6,未勝利,未勝利・牝*,1,1,アートフォーム,牝,2,幸英明, 55 ,13,2,１, ,芝1200,良,,(栗),畑端省吾,1090,-0.4,,6,5,35.2,422,-2,
,"2023. 8.26",小倉,3小5,1勝,１勝ｸﾗｽ,4,6,ハクサンパイオニア,牡,3,幸英明, 56 ,14,3,１, ,芝1200,良,*,(栗),清水久詞,1082,-0.1,,1,1,34.7,486,0,B
,"2023. 8.26",小倉,3小5,3勝,釜山Ｓ･3勝,5,7,アッティーヴォ,牡,9,秋山真一, 58 ,13,13,１, ,ダ1000,稍,,(栗),大根田裕,0570,-0.0,,8,9,34.4,454,-2,
,"2023. 8.26",小倉,3小5,2勝,西海賞･2勝,6,6,ピピオラ,牝,3,藤岡康太, 53 ,10,2,１, ,芝2000,良,,(栗),武幸四郎,2010,-0.0,3,3,3,35.9,484,+10,
,"2023. 8.26",小倉,3小5,ｵｰﾌﾟﾝ,ひまわり,4,8,テイエムチュララン,牝,2,太宰啓介, 55 ,18,2,１, ,芝1200,良,,(栗),畑端省吾,1093,-0.6,,1,1,35.8,482,-4,
,"2023. 8.26",小倉,3小5,1勝,１勝ｸﾗｽ・牝,3,6,スマートカリス,牝,3,松山弘平, 53 ,16,4,１, ,ダ1700,稍,,(栗),池江泰寿,1449,-0.7,1,1,1,38.2,448,-4,
,"2023. 8.26",小倉,3小5,未勝利,未勝利,7,13,インクルードダイヤ,牝,3,松山弘平, 54 ,18,2,１, ,芝1200,良,,(栗),武英智,1086,-0.2,,6,5,34.7,456,+4,
,"2023. 8.26",小倉,3小5,未勝利,未勝利,2,4,ララマルシュドロワ,牡,3,和田竜二, 56 ,16,6,１, ,ダ1700,稍,,(栗),坂口智康,1440,-0.9,1,1,1,37.7,496,+12,
,"2023. 8.26",小倉,3小5,新馬,新馬,6,8,メイショウゴーフル,牝,2,秋山真一, 55 ,12,5,１, ,芝2000,良,,(栗),高橋亮,2037,-0.3,2,2,1,35.3,484,,
,"2023. 8.26",小倉,3小5,ＪＧ３,小倉サマJG3,7,8,テーオーソクラテス,牡,6,小坂忠士, 60 ,10,1,１, ,芝3390,稍,,(栗),奥村豊,3472,-0.1,5,5,4,13.4,458,-2,
,"2023. 8.26",小倉,3小5,未勝利,未勝利,5,8,シゲルミライ,牝,3,田口貫太,51▲,14,4,１, ,ダ1000,稍,,(栗),川村禎彦,0579,-0.1,,5,5,35.0,470,-6,
,"2023. 8.26",小倉,3小5,未勝利,未勝利,6,12,パープルクラウド,牡,3,和田竜二, 56 ,16,5,１, ,芝2600,稍,,(栗),吉村圭司,2420,-0.0,13,10,8,36.3,518,+8,
,"2023. 8.26",小倉,3小5,未勝利,未勝利*,2,2,フナデ,牡,2,田口貫太,52▲,11,2,１, ,芝1800,稍,,(栗),飯田雄三,1495,-0.4,8,7,5,35.5,424,-2,
,"2023. 8.20",小倉,3小4,1勝,１勝ｸﾗｽ,3,5,ドゥラリアル,牡,3,西村淳也, 55 ,16,1,１, ,ダ1700,良,,(栗),上村洋行,1448,-0.2,8,4,2,37.9,494,-10,
,"2023. 8.20",小倉,3小4,Ｇ３,北九州記ＨG3,7,15,ジャスパークローネ,牡,4,団野大成, 57 ,18,5,１, ,芝1200,良,*,(栗),森秀行,1073,-0.1,,1,1,34.4,482,+2,
,"2023. 8.20",小倉,3小4,3勝,薩摩Ｓ･3勝,4,7,フルヴォート,牡,5,幸英明, 58 ,16,1,１, ,ダ1700,良,,(栗),西村真幸,1432,-0.0,13,8,2,37.4,502,-2,
,"2023. 8.20",小倉,3小4,2勝,西部スポ･2勝,8,15,アドマイヤラヴィ,牝,4,坂井瑠星, 56 ,16,2,１, ,芝1200,良,,(栗),友道康夫,1083,-0.2,,2,2,34.8,464,0,
,"2023. 8.20",小倉,3小4,1勝,１勝ｸﾗｽ,6,7,アスクドゥポルテ,牡,3,岩田望来, 55 ,11,2,１, ,芝2000,良,,(栗),河内洋,1597,-0.1,8,7,8,35.6,478,+16,
,"2023. 8.20",小倉,3小4,1勝,１勝ｸﾗｽ,7,14,レッドヒルシューズ,牝,3,坂井瑠星, 54 ,16,1,１, ,芝1200,良,,(栗),武英智,1077,-0.4,,1,1,34.7,446,0,
,"2023. 8.20",小倉,3小4,未勝利,未勝利,3,3,アイファーシアトル,牝,3,藤懸貴志, 54 ,14,7,１, ,ダ1000,良,*,(栗),鮫島一歩,0579,-0.6,,1,1,35.8,472,-4,
,"2023. 8.20",小倉,3小4,新馬,新馬,1,1,ジュンゴールド,牡,2,坂井瑠星, 55 ,16,1,１, ,芝1800,良,,(栗),友道康夫,1499,-0.6,9,9,8,35.4,490,,
,"2023. 8.20",小倉,3小4,未勝利,未勝利,5,9,デイトナモード,牡,3,藤岡康太, 56 ,18,4,１, ,芝1200,良,,(栗),千田輝彦,1084,-0.1,,5,3,35.1,522,+2,
,"2023. 8.20",小倉,3小4,未勝利,未勝利・牝,3,5,アウロス,牝,3,岩田望来, 54 ,16,1,１, ,ダ1700,良,,(栗),上村洋行,1461,-0.4,1,1,1,37.8,470,-6,
,"2023. 8.20",小倉,3小4,未勝利,未勝利*,5,5,モアリジット,牡,2,団野大成, 55 ,5,2,１, ,芝1800,良,,(栗),西村真幸,1510,-0.1,4,4,4,36.8,478,-2,
,"2023. 8.20",小倉,3小4,未勝利,障害未勝利,7,9,ロックユー,セ,5,西谷誠, 60 ,12,2,１, ,芝2860,良,,(栗),中内田充,3083,-2.4,1,1,1,13.2,446,-8,
,"2023. 8.19",小倉,3小3,1勝,１勝ｸﾗｽ,8,15,タイセイウォリアー,牡,3,田口貫太,52▲,16,8,１, ,ダ1700,良,,(栗),大橋勇樹,1453,-0.1,4,4,5,38.5,484,+2,
,"2023. 8.19",小倉,3小3,3勝,佐世保Ｓ･3勝,7,9,メイショウゲンセン,牝,6,藤岡康太, 56 ,11,1,１, ,芝1200,良,,(栗),武幸四郎,1071,-0.2,,1,1,34.3,430,-22,
,"2023. 8.19",小倉,3小3,2勝,不知火特･2勝,5,5,コンクシェル,牝,3,坂井瑠星, 53 ,10,1,１, ,芝1800,良,,(栗),清水久詞,1466,-0.9,1,1,1,35.1,462,0,B
,"2023. 8.19",小倉,3小3,2勝,雲仙特別･2勝,6,9,ロックユアハート,牝,4,坂井瑠星, 56 ,14,1,１, ,ダ1000,良,,(栗),矢作芳人,0572,-0.6,,1,1,35.0,456,-14,
,"2023. 8.19",小倉,3小3,1勝,１勝ｸﾗｽ,6,11,ニホンピロキーフ,牡,3,田口貫太,52▲,16,3,１, ,芝1800,良,*,(栗),大橋勇樹,1469,-0.3,9,8,6,34.9,466,-8,
,"2023. 8.19",小倉,3小3,未勝利,未勝利,1,2,タガノトラリア,牝,3,団野大成, 54 ,18,2,１, ,芝2000,良,,(栗),斉藤崇史,2006,-0.1,8,5,3,36.5,464,+8,
,"2023. 8.19",小倉,3小3,新馬,新馬,6,11,コパノアントニオ,牡,2,永島まな,52▲,16,9,１, ,ダ1700,良,*,(栗),梅田智之,1482,-0.0,12,8,7,39.0,460,,
,"2023. 8.19",小倉,3小3,新馬,新馬,6,8,シークレットキー,牡,2,松山弘平, 55 ,13,2,１, ,芝1200,良,,(栗),杉山晴紀,1103,-0.2,,3,3,35.3,494,,
,"2023. 8.19",小倉,3小3,未勝利,未勝利・牝,4,8,プロスペリダード,牝,3,岩田望来, 54 ,18,1,１, ,芝1200,良,,(栗),西園翔太,1075,-0.1,,2,2,34.4,440,-6,
,"2023. 8.19",小倉,3小3,未勝利,未勝利,3,6,テンクウハット,牝,3,太宰啓介, 54 ,16,5,１, ,芝1800,良,,(栗),渡辺薫彦,1480,-0.1,10,11,6,36.1,458,-6,
,"2023. 8.19",小倉,3小3,未勝利,未勝利,2,3,オーバーザドリーム,牡,3,坂井瑠星, 56 ,16,3,１, ,ダ1700,良,*,(栗),清水久詞,1458,-0.1,6,5,3,38.2,468,+2,
,"2023. 8.19",小倉,3小3,未勝利,未勝利・九*,8,16,ユメカナウケン,牝,2,角田大河,54☆,18,4,１, ,芝1200,良,*,(栗),谷潔,1096,-0.8,,1,1,35.3,414,-2,
,"2023. 8.13",小倉,3小2,1勝,１勝ｸﾗｽ,2,2,ダノンセシボン,牝,3,岩田望来, 54 ,14,1,１, ,ダ1000,良,,(栗),千田輝彦,0580,-0.5,,1,1,35.8,504,+10,
,"2023. 8.13",小倉,3小2,Ｇ３,小倉記念ＨG3,2,3,エヒト,牡,6,川田将雅, 58 ,16,3,１, ,芝2000,良,,(栗),森秀行,1578,-0.4,4,3,2,34.9,472,+2,
,"2023. 8.13",小倉,3小2,3勝,博多ＳＨ･3勝,6,9,ダンテスヴュー,牡,4,坂井瑠星, 57 ,13,7,１, ,芝1800,良,,(栗),友道康夫,1467,-0.3,5,5,7,35.8,470,-4,
,"2023. 8.13",小倉,3小2,2勝,ＲＫＢ賞･2勝,2,4,ルーカスミノル,牡,3,荻野極, 55 ,16,2,１, ,ダ1700,良,,(栗),本田優,1444,-0.0,3,3,3,37.0,520,+4,
,"2023. 8.13",小倉,3小2,ｵｰﾌﾟﾝ,フェニッ,7,9,シカゴスティング,牝,2,川田将雅, 55 ,11,1,１, ,芝1200,良,,(栗),庄野靖志,1103,-0.5,,2,2,34.6,428,-2,
,"2023. 8.13",小倉,3小2,未勝利,未勝利,6,12,カズペトシーン,牡,3,坂井瑠星, 56 ,16,1,１, ,ダ1700,良,,(栗),池添学,1460,-0.1,4,7,6,37.9,480,+2,B
,"2023. 8.13",小倉,3小2,新馬,新馬,1,1,パッシングシャワー,牡,2,西村淳也, 55 ,12,2,１, ,芝1200,良,,(栗),安田翔伍,1091,-0.2,,4,2,34.3,478,,
,"2023. 8.13",小倉,3小2,新馬,新馬・九,7,13,テイエムチュララン,牝,2,太宰啓介, 55 ,16,4,１, ,芝1200,良,,(栗),畑端省吾,1105,-0.2,,1,1,35.9,486,,
,"2023. 8.13",小倉,3小2,未勝利,未勝利,7,15,ハギノアルデバラン,牡,3,川田将雅, 56 ,18,1,１, ,芝2000,良,,(栗),鮫島一歩,2003,-0.2,15,1,1,36.5,494,-4,
,"2023. 8.13",小倉,3小2,未勝利,未勝利・牝,4,8,プレッジ,牝,3,西村淳也, 54 ,16,1,１, ,ダ1700,良,,(栗),中内田充,1453,-0.8,2,2,1,38.2,472,0,
,"2023. 8.13",小倉,3小2,未勝利,未勝利,4,7,ユハンヌス,牡,3,川田将雅, 56 ,18,1,１, ,芝1200,良,,(栗),大久保龍,1094,-0.0,,5,5,35.4,472,0,
,"2023. 8.13",小倉,3小2,未勝利,未勝利*,7,8,ホウオウプロサンゲ,牡,2,坂井瑠星, 55 ,10,3,１, ,芝1800,良,,(栗),矢作芳人,1500,-0.3,3,5,5,35.7,472,-10,
,"2023. 8.12",小倉,3小1,1勝,１勝ｸﾗｽ,8,18,アンフィニドール,牝,5,川田将雅, 56 ,18,2,１, ,芝1200,良,,(栗),千田輝彦,1077,-0.1,,17,12,33.4,496,-8,
,"2023. 8.12",小倉,3小1,ｵｰﾌﾟﾝ,阿蘇Ｓ,2,4,キングズソード,牡,4,川田将雅, 58 ,16,1,１, ,ダ1700,良,,(栗),寺島良,1420,-0.2,6,6,5,36.3,502,0,
,"2023. 8.12",小倉,3小1,2勝,西部日刊･2勝,6,7,ウィズユアドリーム,牡,3,松山弘平, 55 ,11,3,１, ,芝2000,良,,(栗),吉岡辰弥,1599,-0.1,1,1,1,34.0,496,0,
,"2023. 8.12",小倉,3小1,1勝,筑紫特別･1勝,3,6,マイネルメモリー,牡,3,和田竜二, 55 ,16,7,１, ,芝1800,良,,(栗),宮徹,1456,-0.2,12,13,10,34.6,456,+6,
,"2023. 8.12",小倉,3小1,1勝,１勝ｸﾗｽ,2,4,メイショウモズ,牡,3,幸英明, 55 ,16,1,１, ,ダ1700,良,*,(栗),松永昌博,1440,-0.7,7,4,2,38.0,494,-2,
,"2023. 8.12",小倉,3小1,未勝利,未勝利,7,13,メイショウクーガー,牡,3,中井裕二, 56 ,16,2,１, ,ダ1700,良,,(栗),中内田充,1451,-0.6,2,2,2,36.7,480,-4,
,"2023. 8.12",小倉,3小1,新馬,新馬・牝,3,4,セイウンデセオ,牝,2,今村聖奈,52▲,15,4,１, ,芝1200,良,,(栗),吉村圭司,1091,-0.2,,1,1,35.2,460,,
,"2023. 8.12",小倉,3小1,新馬,新馬・九,8,14,アイタカ,牝,2,河原田菜,51★,14,2,１, ,芝1200,良,*,(栗),谷潔,1101,-0.2,,5,4,35.2,410,,
,"2023. 8.12",小倉,3小1,ｵｰﾌﾟﾝ,障害・オープ,8,8,ダンツキタイ,牝,4,小牧加矢,57☆,8,2,１, ,芝2860,良,,(栗),谷潔,3083,-0.1,3,2,2,13.2,486,-4,
,"2023. 8.12",小倉,3小1,未勝利,未勝利,4,6,サイレンスゴールド,牡,3,西村淳也, 56 ,14,1,１, ,ダ1000,良,*,(栗),杉山佳明,0576,-0.5,,1,1,35.1,500,-4,B
,"2023. 8.12",小倉,3小1,未勝利,未勝利*,7,7,ドナヴィーナス,牝,2,川島信二, 55 ,8,1,１, ,芝1200,良,,(栗),庄野靖志,1083,-0.3,,1,1,35.2,444,+12,
,"2023. 8.12",小倉,3小1,未勝利,障害未勝利,8,12,テーオーコンドル,セ,4,五十嵐雄, 60 ,12,10,１, ,芝2860,良,,(栗),宮徹,3108,-0.1,1,1,1,13.3,464,-8,
,"2023. 2.26",小倉,2小6,1勝,１勝ｸﾗｽ,2,3,エルバリオ,牡,4,藤岡康太, 57 ,16,1,１, ,ダ1700,稍,,(栗),高野友和,1455,-0.1,4,4,2,37.5,526,+4,B
,"2023. 2.26",小倉,2小6,3勝,下関Ｓ･3勝,6,11,エナジーグラン,牡,4,亀田温心, 58 ,17,2,１, ,芝1200,良,,(栗),高柳大輔,1090,-0.0,,10,10,34.1,466,0,
,"2023. 2.26",小倉,2小6,2勝,八代特別･2勝,5,10,ハーランズハーツ,牡,6,菱田裕二, 58 ,18,3,１, ,芝2000,良,,(栗),橋口慎介,2015,-0.1,15,11,9,35.5,444,0,
,"2023. 2.26",小倉,2小6,1勝,高千穂特･1勝,6,11,オウケンボルト,牡,4,丸山元気, 57 ,15,2,１, ,芝1800,良,,(美),土田稔,1500,-0.1,1,1,1,35.7,456,-2,
,"2023. 2.26",小倉,2小6,1勝,１勝ｸﾗｽ*,2,4,アイファーテイオー,牡,3,藤懸貴志, 56 ,16,13,１, ,ダ1700,稍,,(栗),鮫島一歩,1451,-0.2,11,7,8,37.6,446,-4,
,"2023. 2.26",小倉,2小6,1勝,１勝ｸﾗｽ・牝,8,12,サトノゼノビア,牝,4,藤岡佑介, 55 ,13,6,１, ,芝2000,良,,(美),国枝栄,2026,-0.2,10,1,1,36.8,480,+6,B
,"2023. 2.26",小倉,2小6,1勝,１勝ｸﾗｽ,7,15,スーリールダンジュ,牝,4,藤岡佑介, 56 ,18,1,１, ,芝1200,良,,(栗),中内田充,1096,-0.1,,12,9,35.0,486,+8,
,"2023. 2.26",小倉,2小6,未勝利,未勝利,5,10,ソレイユヴィータ,牝,3,西村淳也, 54 ,16,2,１, ,芝1800,良,,(栗),杉山晴紀,1507,-0.4,2,2,2,35.4,444,-6,
,"2023. 2.26",小倉,2小6,未勝利,障害未勝利,1,1,ドンシャーク,牡,4,森一馬, 59 ,12,4,１, ,芝2860,稍,,(栗),今野貞一,3137,-0.3,2,2,1,13.5,508,0,
,"2023. 2.26",小倉,2小6,未勝利,未勝利,7,12,コスモジョセフ,牡,3,丹内祐次, 56 ,14,8,１, ,ダ1000,稍,,(美),伊藤大士,0589,-0.4,,2,2,35.7,472,+4,B
,"2023. 2.26",小倉,2小6,未勝利,未勝利,3,6,リトルミム,牝,3,西村淳也, 54 ,18,7,１, ,芝1200,稍,,(栗),鮫島一歩,1098,-0.0,,3,2,35.3,516,-4,
,"2023. 2.26",小倉,2小6,未勝利,未勝利・牝,8,16,リヤンドメテオール,牝,3,小沢大仁,53☆,16,6,１, ,ダ1700,稍,,(栗),中竹和也,1463,-0.3,2,2,1,39.0,476,+6,
,"2023. 2.25",小倉,2小5,1勝,１勝ｸﾗｽ,6,11,ハピネスアゲン,牝,4,丸山元気, 56 ,18,3,１, ,芝1200,稍,,(美),萱野浩二,1093,-0.0,,7,6,34.6,448,-4,
,"2023. 2.25",小倉,2小5,2勝,早鞆特Ｈ･2勝,3,6,ブランアルディ,牝,4,西村淳也, 53 ,16,7,１, ,ダ1700,稍,,(栗),辻野泰之,1445,-0.1,3,4,3,36.3,466,-2,
,"2023. 2.25",小倉,2小5,1勝,脊振山特･1勝,8,12,アスカノミライ,牡,5,西村淳也, 58 ,12,5,１, ,芝2600,稍,,(栗),川村禎彦,2422,-0.0,9,7,6,36.7,528,-8,B
,"2023. 2.25",小倉,2小5,1勝,あざみ賞･1勝,6,10,タマモブラックタイ,牡,3,幸英明, 56 ,15,3,１, ,芝1200,稍,*,(栗),角田晃一,1097,-0.1,,4,2,35.7,522,+4,
,"2023. 2.25",小倉,2小5,ｵｰﾌﾟﾝ,春麗ジャ,5,7,テーオーソクラテス,牡,6,小坂忠士, 60 ,14,2,１, ,芝3390,稍,,(栗),奥村豊,3480,-0.2,3,2,1,13.5,462,-4,
,"2023. 2.25",小倉,2小5,1勝,１勝ｸﾗｽ・牝,5,6,ラニカイ,牝,4,幸英明, 55 ,12,1,１, ,ダ1700,稍,,(栗),松永幹夫,1444,-0.3,4,3,4,37.5,500,-6,
,"2023. 2.25",小倉,2小5,未勝利,未勝利,6,9,スズカハービン,牡,3,藤岡佑介, 56 ,13,3,１, ,芝2000,稍,,(栗),橋田満,2031,-0.1,10,4,3,36.9,464,-2,
,"2023. 2.25",小倉,2小5,未勝利,未勝利・牝,1,1,コイニョウボウ,牝,3,永島まな,50★,16,10,１, ,芝1800,稍,,(栗),中尾秀正,1496,-0.1,6,6,5,36.0,398,-6,
,"2023. 2.25",小倉,2小5,未勝利,障害未勝利,5,6,ヒストリアノワール,セ,5,伴啓太, 60 ,12,7,１, ,芝2860,稍,,(美),嘉藤貴行,3132,-0.2,1,1,1,13.5,438,-4,
,"2023. 2.25",小倉,2小5,1勝,１勝ｸﾗｽ,6,9,ナツイロノオトメ,牝,4,永島まな,52★,14,1,１, ,ダ1000,稍,*,(栗),角田晃一,0582,-0.4,,1,1,35.4,482,0,
,"2023. 2.25",小倉,2小5,未勝利,未勝利,7,14,サトノグレイト,牡,3,幸英明, 56 ,18,2,１, ,芝1200,稍,,(栗),中竹和也,1099,-0.1,,7,3,34.9,490,-4,
,"2023. 2.25",小倉,2小5,未勝利,未勝利,4,7,ウインステイトリー,牡,3,水沼元輝,53▲,15,13,１, ,ダ1700,稍,,(美),上原博之,1457,-0.0,11,1,2,36.3,516,0,B
,"2023. 2.19",小倉,2小4,1勝,１勝ｸﾗｽ,5,9,グッドグロウス,牡,4,藤懸貴志, 58 ,18,6,１, ,芝1200,重,,(栗),加用正,1103,-0.0,,1,1,36.1,470,+6,
,"2023. 2.19",小倉,2小4,Ｇ３,小倉大賞ＨG3,3,6,ヒンドゥタイムズ,セ,7,ムルザバ,57.5,16,2,１, ,芝1800,重,*,(栗),斉藤崇史,1497,-0.0,7,6,4,35.7,468,-4,
,"2023. 2.19",小倉,2小4,2勝,伊万里特･2勝,7,12,アルバミノル,牡,5,丹内祐次, 58 ,14,6,１, ,ダ1000,不,,(美),中舘英二,0576,-0.2,,5,3,34.7,482,+2,B
,"2023. 2.19",小倉,2小4,1勝,国東特別･1勝,6,6,セレブレイトガイズ,牡,4,幸英明, 57 ,11,2,１, ,芝2000,重,,(栗),石坂公一,2046,-0.3,5,5,2,35.9,486,-6,
,"2023. 2.19",小倉,2小4,1勝,１勝ｸﾗｽ,3,6,ダノンカオス,セ,6,佐々木大,55▲,18,5,１, ,芝1200,重,,(栗),佐々木晶,1103,-0.1,,3,3,36.3,498,+2,
,"2023. 2.19",小倉,2小4,1勝,１勝ｸﾗｽ・牝,1,1,クリノニキータ,牝,6,角田大和,55☆,9,1,１, ,ダ1700,不,,(栗),大根田裕,1449,-0.2,4,4,3,37.4,480,+2,
,"2023. 2.19",小倉,2小4,未勝利,未勝利,1,2,ダズリングブレイヴ,牡,3,団野大成, 56 ,16,1,１, ,芝1800,重,,(栗),斉藤崇史,1515,-0.1,10,9,6,36.8,498,0,
,"2023. 2.19",小倉,2小4,未勝利,未勝利・牝,5,10,ミッキーゴージャス,牝,3,斎藤新, 54 ,18,1,１, ,芝2000,重,,(栗),安田隆行,2042,-0.8,5,4,1,36.7,440,,
,"2023. 2.19",小倉,2小4,未勝利,障害未勝利,4,4,ワンダークローバー,牡,5,難波剛健, 60 ,12,3,１, ,芝2860,重,,(栗),森田直行,3157,-0.2,3,1,1,13.7,480,0,
,"2023. 2.19",小倉,2小4,1勝,１勝ｸﾗｽ,2,2,テイエムヒマラヤ,牡,4,富田暁, 58 ,14,1,１, ,ダ1000,不,,(栗),武英智,0586,-0.1,,4,3,35.3,474,+4,B
,"2023. 2.19",小倉,2小4,未勝利,未勝利,5,9,カンチェンジュンガ,牡,3,西村淳也, 56 ,18,6,１, ,芝1200,重,,(栗),庄野靖志,1106,-0.1,,4,7,36.2,460,-10,
,"2023. 2.19",小倉,2小4,未勝利,未勝利,8,16,スマイルスルー,牡,3,ムルザバ, 56 ,16,3,１, ,ダ1700,不,,(栗),斉藤崇史,1462,-0.3,6,6,3,39.0,504,+2,
,"2023. 2.18",小倉,2小3,1勝,１勝ｸﾗｽ,6,12,ヒルノエドワード,牡,6,勝浦正樹, 58 ,16,7,１, ,芝1800,稍,,(栗),昆貢,1488,-0.2,7,7,2,36.1,478,0,B
,"2023. 2.18",小倉,2小3,2勝,紫川特別･2勝,5,10,メイショウゲンセン,牝,6,藤岡康太, 56 ,18,10,１, ,芝1200,稍,,(栗),武幸四郎,1084,-0.5,,1,1,34.9,440,-8,
,"2023. 2.18",小倉,2小3,2勝,皿倉山Ｈ･2勝,8,11,ジャンカズマ,牡,5,野中悠太, 55 ,11,7,１, ,芝2600,稍,,(栗),安田翔伍,2413,-0.3,9,3,2,36.7,478,-2,
,"2023. 2.18",小倉,2小3,1勝,秋吉台特･1勝,8,12,ガラパゴス,牡,4,藤岡康太, 57 ,12,1,１, ,ダ1700,稍,,(栗),野中賢二,1453,-0.1,8,1,1,37.0,488,-6,
,"2023. 2.18",小倉,2小3,1勝,１勝ｸﾗｽ・牝,5,10,ロムネヤ,牝,4,佐々木大,52▲,16,1,１, ,芝1800,稍,,(美),国枝栄,1494,-0.1,2,2,2,36.1,414,0,
,"2023. 2.18",小倉,2小3,1勝,１勝ｸﾗｽ,6,8,イーサンバーニング,牡,4,今村聖奈,54▲,12,5,１, ,ダ2400,稍,,(美),中野栄治,2342,-0.7,8,3,2,38.5,512,+4,
,"2023. 2.18",小倉,2小3,未勝利,未勝利,7,15,ゴルトリッチ,牡,3,浜中俊, 56 ,18,4,１, ,芝1200,稍,,(栗),牧浦充徳,1093,-0.1,,11,9,34.6,484,-4,
,"2023. 2.18",小倉,2小3,ｵｰﾌﾟﾝ,障害・オープ,7,9,セデックカズマ,牡,7,平沢健治, 60 ,12,6,１, ,芝3390,稍,,(栗),高柳大輔,3516,-0.1,9,9,6,13.7,512,-10,
,"2023. 2.18",小倉,2小3,未勝利,障害未勝利,3,3,テイエムナイスラン,牡,4,伴啓太, 59 ,12,1,１, ,芝2860,稍,,(美),石栗龍彦,3127,-0.1,1,1,1,13.5,524,+4,
,"2023. 2.18",小倉,2小3,未勝利,未勝利・牝,3,3,カンフーダンス,牝,3,今村聖奈,51▲,14,3,１, ,ダ1000,稍,,(栗),平田修,0593,-0.1,,1,1,36.8,460,+8,
,"2023. 2.18",小倉,2小3,未勝利,未勝利,5,9,ウインスノーライト,牡,3,長岡禎仁, 56 ,17,1,１, ,芝2000,稍,,(栗),杉山晴紀,2027,-0.1,2,2,2,36.8,480,-2,
,"2023. 2.18",小倉,2小3,未勝利,未勝利,5,10,コパノパサディナ,牡,3,藤岡康太, 56 ,16,2,１, ,ダ1700,稍,,(栗),村山明,1459,-1.0,1,1,1,36.9,522,-6,
,"2023. 2.12",小倉,2小2,1勝,１勝ｸﾗｽ,8,16,シルバーブレッド,牡,4,菱田裕二, 57 ,16,1,１, ,ダ1700,重,,(栗),石坂公一,1439,-0.6,11,11,4,37.2,422,0,
,"2023. 2.12",小倉,2小2,ｵｰﾌﾟﾝ,北九州短,6,11,ヴァトレニ,セ,5,幸英明, 58 ,18,4,１, ,芝1200,稍,,(栗),長谷川浩,1082,-0.0,,4,3,34.8,450,-4,
,"2023. 2.12",小倉,2小2,2勝,太宰府特･2勝,6,11,ヒヅルジョウ,牝,4,菱田裕二, 55 ,16,2,１, ,芝1800,稍,,(栗),岡田稲男,1495,-0.2,1,1,1,34.8,476,-2,
,"2023. 2.12",小倉,2小2,1勝,あすなろ･1勝,7,12,アイスグリーン,牡,3,幸英明, 56 ,14,1,１, ,芝2000,稍,,(栗),池添学,2008,-0.0,8,2,2,35.6,486,+4,
,"2023. 2.12",小倉,2小2,1勝,１勝ｸﾗｽ・若,8,14,ミキノプリンス,牡,4,古川奈穂,53★,14,1,１, ,ダ1700,重,,(栗),大橋勇樹,1445,-0.0,6,4,4,37.7,494,-4,
,"2023. 2.12",小倉,2小2,1勝,１勝ｸﾗｽ,5,5,セツメンノトビウオ,牡,6,松本大輝,57☆,8,7,１, ,芝2600,稍,,(栗),牧田和弥,2416,-0.1,2,2,1,36.8,470,+2,
,"2023. 2.12",小倉,2小2,1勝,１勝ｸﾗｽ,8,16,インプロバイザー,牡,4,松若風馬, 58 ,18,7,１, ,芝1200,稍,,(栗),音無秀孝,1082,-0.0,,2,2,34.5,478,+18,B
,"2023. 2.12",小倉,2小2,未勝利,未勝利,6,9,ミッキーキャンバス,牡,3,浜中俊, 56 ,13,1,１, ,芝2000,稍,,(栗),池江泰寿,2018,-0.3,10,6,2,35.9,494,,
,"2023. 2.12",小倉,2小2,未勝利,障害未勝利,7,9,サンデイビス,牡,5,五十嵐雄, 60 ,12,6,１, ,芝2860,稍,,(美),村田一誠,3131,-0.2,7,3,2,13.5,514,+8,
,"2023. 2.12",小倉,2小2,未勝利,未勝利,7,12,ミッキースピナッチ,牡,3,松若風馬, 56 ,14,7,１, ,ダ1000,重,,(栗),音無秀孝,0583,-0.4,,2,2,35.8,498,+2,
,"2023. 2.12",小倉,2小2,未勝利,未勝利・牝,3,6,リサリサ,牝,3,幸英明, 54 ,18,4,１, ,芝1200,稍,,(美),田村康仁,1092,-0.1,,8,7,34.6,482,0,
,"2023. 2.12",小倉,2小2,未勝利,未勝利,3,5,ノーブルアクト,牝,3,水沼元輝,51▲,16,5,１, ,ダ1700,重,,(美),上原博之,1453,-0.2,10,8,6,37.6,490,-2,
,"2023. 2.11",小倉,2小1,1勝,１勝ｸﾗｽ・牝,5,8,エレフセリア,牝,5,丹内祐次, 56 ,14,4,１, ,芝2000,重,,(美),武藤善則,2017,-0.0,7,6,4,35.1,452,-2,
,"2023. 2.11",小倉,2小1,2勝,和布刈特･2勝,3,4,メイショウジブリ,牡,4,泉谷楓真, 57 ,15,1,１, ,ダ1700,不,,(栗),南井克巳,1425,-0.2,5,5,4,36.7,504,0,
,"2023. 2.11",小倉,2小1,2勝,大濠特Ｈ･2勝,7,15,ドロップオブライト,牝,4,小沢大仁, 53 ,18,10,１, ,芝1200,重,,(栗),松永昌博,1083,-0.0,,5,4,34.4,438,+2,
,"2023. 2.11",小倉,2小1,1勝,唐戸特別･1勝,7,10,カイザー,牡,4,西村淳也, 57 ,12,2,１, ,芝2000,重,,(栗),森田直行,2020,-0.0,5,4,4,35.1,486,-4,
,"2023. 2.11",小倉,2小1,1勝,１勝ｸﾗｽ・牝,2,4,タガノリバイバー,牝,5,角田大和,55☆,16,3,１, ,ダ1700,不,,(栗),大根田裕,1442,-0.0,2,2,2,37.2,500,+4,
,"2023. 2.11",小倉,2小1,未勝利,未勝利・若,7,8,ニホンピロキーフ,牡,3,富田暁, 56 ,11,1,１, ,芝1800,重,,(栗),大橋勇樹,1492,-0.4,8,3,2,34.9,462,-6,
,"2023. 2.11",小倉,2小1,未勝利,未勝利,8,16,タツダイヤモンド,牡,3,藤岡康太, 56 ,18,1,１, ,芝1200,重,,(栗),鮫島一歩,1088,-0.1,,7,6,34.7,486,+2,
,"2023. 2.11",小倉,2小1,ｵｰﾌﾟﾝ,障害・オープ,5,5,フォッサマグナ,セ,7,伴啓太, 60 ,11,1,１, ,芝2860,重,,(美),黒岩陽一,3123,-0.1,1,1,1,13.4,486,+12,
,"2023. 2.11",小倉,2小1,未勝利,障害未勝利,8,12,ダンツキタイ,牝,4,小牧加矢,57▲,12,2,１, ,芝2860,重,,(栗),谷潔,3132,-0.8,2,2,2,13.5,488,+2,
,"2023. 2.11",小倉,2小1,1勝,１勝ｸﾗｽ,4,6,デルマカミーラ,牝,4,浜中俊, 56 ,14,1,１, ,ダ1000,不,,(栗),牧田和弥,0572,-0.6,,1,1,34.8,472,-2,
,"2023. 2.11",小倉,2小1,未勝利,未勝利,5,6,サンライズタイソン,牡,3,北村友一, 56 ,13,4,１, ,芝1800,重,,(栗),平田修,1500,-0.3,5,5,5,35.3,418,-6,
,"2023. 2.11",小倉,2小1,未勝利,未勝利・牝,7,13,ワイドカイゼリン,牝,3,藤岡佑介, 54 ,16,1,１, ,ダ1700,不,,(栗),奥村豊,1462,-0.1,5,4,4,37.7,474,-2,
,"2023. 2. 5",小倉,1小8,1勝,１勝ｸﾗｽ,1,2,モズゴールドバレル,牝,4,菱田裕二, 55 ,16,4,１, ,芝1800,良,,(栗),藤岡健一,1470,-0.1,3,4,2,35.0,434,-4,
,"2023. 2. 5",小倉,1小8,ｵｰﾌﾟﾝ,関門橋Ｓ,7,13,ディープモンスター,牡,5,浜中俊, 57 ,15,1,１, ,芝2000,良,,(栗),池江泰寿,1579,-0.3,7,7,6,35.1,464,0,
,"2023. 2. 5",小倉,1小8,2勝,由布院Ｈ･2勝,6,12,イチネンエーグミ,牡,4,団野大成, 56 ,16,10,１, ,ダ1700,良,,(栗),茶木太樹,1458,-0.0,2,2,2,38.2,558,+6,
,"2023. 2. 5",小倉,1小8,1勝,合馬特別･1勝,3,6,タイセイブリリオ,牡,4,幸英明, 58 ,18,2,１, ,芝1200,良,,(栗),大橋勇樹,1081,-0.3,,1,1,34.6,478,+6,
,"2023. 2. 5",小倉,1小8,1勝,１勝ｸﾗｽ,8,11,ケリーズノベル,セ,4,富田暁, 57 ,12,9,１, ,ダ2400,良,,(美),武井亮,2354,-0.7,2,2,1,38.3,524,+16,B
,"2023. 2. 5",小倉,1小8,未勝利,未勝利,4,4,ラレーヌデリス,牝,3,藤岡佑介, 54 ,9,1,１, ,芝2000,良,,(栗),安田翔伍,2011,-0.5,6,4,3,34.9,434,-10,
,"2023. 2. 5",小倉,1小8,未勝利,未勝利,4,8,トーセンエスクード,牡,3,丹内祐次, 56 ,18,1,１, ,芝1200,良,,(美),菊沢隆徳,1089,-0.2,,3,3,35.2,438,-4,
,"2023. 2. 5",小倉,1小8,新馬,新馬,2,3,ジオパーククラウン,牡,3,団野大成, 56 ,16,10,１, ,芝2000,良,,(栗),長谷川浩,2036,-0.1,3,3,5,35.1,444,,
,"2023. 2. 5",小倉,1小8,未勝利,障害未勝利,7,10,イロゴトシ,牡,6,黒岩悠, 60 ,12,2,１, ,芝2860,良,,(栗),牧田和弥,3092,-0.9,2,1,1,13.2,476,-2,
,"2023. 2. 5",小倉,1小8,1勝,１勝ｸﾗｽ,8,14,デルマシルフ,牝,4,鷲頭虎太,53▲,14,5,１, ,ダ1000,良,,(栗),畑端省吾,0585,-0.2,,1,1,36.0,466,+8,
,"2023. 2. 5",小倉,1小8,未勝利,未勝利・牝,3,3,アグラシアド,牝,3,北村友一, 54 ,14,1,１, ,芝1800,良,,(栗),中村直也,1490,-0.0,5,5,4,35.6,470,+2,
,"2023. 2. 5",小倉,1小8,未勝利,未勝利,2,2,アイファーテイオー,牡,3,藤懸貴志, 56 ,15,7,１, ,ダ1700,良,,(栗),鮫島一歩,1488,-0.0,7,6,5,38.5,450,+22,
,"2023. 2. 4",小倉,1小7,1勝,１勝ｸﾗｽ・牝,1,1,メイショウグラニー,牝,4,藤岡佑介, 56 ,18,3,１, ,芝1200,良,,(栗),藤岡健一,1087,-0.1,,6,4,33.9,460,-2,
,"2023. 2. 4",小倉,1小7,2勝,別府特別･2勝,5,7,ダークエクリプス,牡,4,松若風馬, 57 ,14,2,１, ,芝1800,良,,(栗),今野貞一,1472,-0.1,2,2,2,34.2,490,-2,
,"2023. 2. 4",小倉,1小7,2勝,有田特別･2勝,3,3,ララシャンドン,牡,5,中井裕二, 58 ,14,3,１, ,ダ1000,稍,,(栗),坂口智康,0589,-0.1,,2,2,36.1,506,-2,
,"2023. 2. 4",小倉,1小7,1勝,かささぎ･1勝,4,5,トールキン,牡,3,ムルザバ, 56 ,13,5,１, ,芝1200,良,,(栗),西園正都,1083,-0.5,,3,3,34.5,496,+8,
,"2023. 2. 4",小倉,1小7,1勝,１勝ｸﾗｽ,6,11,モカフラワー,牝,4,藤岡康太, 55 ,15,1,１, ,芝2000,良,,(美),相沢郁,2000,-0.1,5,6,10,34.8,454,-4,
,"2023. 2. 4",小倉,1小7,1勝,１勝ｸﾗｽ,1,1,サトミノマロン,牡,4,武豊, 57 ,13,3,１, ,ダ1700,稍,,(美),鈴木伸尋,1461,-0.0,4,2,2,38.0,528,-2,
,"2023. 2. 4",小倉,1小7,未勝利,未勝利,4,4,サスケ,牡,3,福永祐一, 56 ,9,2,１, ,芝2000,良,,(栗),西村真幸,2012,-0.2,2,4,4,35.0,464,0,
,"2023. 2. 4",小倉,1小7,未勝利,障害未勝利,6,7,スマッシャー,牡,5,平沢健治, 60 ,12,1,１, ,芝2860,良,,(栗),吉岡辰弥,3141,-0.7,3,2,2,13.6,494,+8,
,"2023. 2. 4",小倉,1小7,ｵｰﾌﾟﾝ,障害・オープ,6,9,ロードアクア,牡,7,難波剛健, 61 ,14,1,１, ,芝3390,良,,(栗),中村直也,3496,-0.4,1,1,1,13.5,480,-6,
,"2023. 2. 4",小倉,1小7,未勝利,未勝利,3,4,ジャスパーロイヤル,牡,3,武豊, 56 ,14,1,１, ,ダ1000,稍,,(栗),森秀行,0592,-0.9,,1,1,36.0,476,+2,
,"2023. 2. 4",小倉,1小7,未勝利,未勝利,4,5,ドナウパール,牝,3,福永祐一, 54 ,13,1,１, ,芝1800,良,,(栗),斉藤崇史,1476,-0.4,7,7,4,35.0,434,+2,
,"2023. 2. 4",小倉,1小7,未勝利,未勝利,7,9,スマートアイ,牝,3,武豊, 54 ,12,1,１, ,ダ1700,稍,,(栗),寺島良,1475,-0.1,1,1,1,36.4,500,-4,
,"2023. 1.29",小倉,1小6,1勝,１勝ｸﾗｽ・牝,8,11,テリオスマナ,牝,5,西村淳也, 56 ,12,6,１, ,芝2000,重,,(栗),松下武士,2029,-0.2,6,5,5,35.9,466,+12,
,"2023. 1.29",小倉,1小6,3勝,巌流島Ｈ･3勝,8,18,スンリ,牝,5,ムルザバ, 56 ,18,2,１, ,芝1200,重,*,(栗),清水久詞,1091,-0.1,,9,10,34.7,486,0,B
,"2023. 1.29",小倉,1小6,1勝,足立山特･1勝,2,2,エヴィダンシア,牡,4,角田大和, 57 ,7,6,１, ,芝2600,重,,(栗),藤原英昭,2421,-0.6,1,1,1,36.8,482,-6,
,"2023. 1.29",小倉,1小6,1勝,くすのき･1勝,1,1,ツウカイリアル,牡,3,幸英明, 56 ,14,3,１, ,ダ1700,重,,(栗),庄野靖志,1444,-0.5,14,6,3,37.8,480,-10,
,"2023. 1.29",小倉,1小6,1勝,１勝ｸﾗｽ,7,13,コーリングユー,牝,4,斎藤新, 56 ,15,5,１, ,芝1200,重,,(栗),安田隆行,1096,-0.2,,10,10,34.6,438,0,
,"2023. 1.29",小倉,1小6,1勝,１勝ｸﾗｽ・牝,7,11,ブランアルディ,牝,4,西村淳也, 55 ,13,3,１, ,ダ1700,重,,(栗),辻野泰之,1456,-0.1,3,3,4,36.8,468,-10,
,"2023. 1.29",小倉,1小6,未勝利,未勝利,7,8,アウフヘーベン,牝,3,太宰啓介, 54 ,11,2,１, ,芝2000,重,,(栗),高橋亮,2046,-0.2,2,2,2,36.0,450,-2,
,"2023. 1.29",小倉,1小6,新馬,新馬,7,15,シンプリーオーサム,牡,3,西村淳也, 56 ,18,2,１, ,芝1200,重,,(栗),吉岡辰弥,1102,-0.1,,4,2,34.7,528,,
,"2023. 1.29",小倉,1小6,未勝利,障害未勝利,7,9,ビクトリーシューズ,牡,6,難波剛健, 60 ,12,1,１, ,芝2860,重,,(栗),中村直也,3154,-0.3,1,1,1,13.7,472,0,
,"2023. 1.29",小倉,1小6,未勝利,未勝利,6,7,ミヤジトレヴ,牝,3,西村淳也, 54 ,11,2,１, ,ダ1000,重,,(栗),川村禎彦,0587,-0.2,,1,1,35.8,510,+2,
,"2023. 1.29",小倉,1小6,未勝利,未勝利,8,16,スリーアイランド,牝,3,藤岡佑介, 54 ,18,1,１, ,芝1200,重,,(栗),橋田満,1097,-0.5,,1,1,35.0,460,-8,
,"2023. 1.29",小倉,1小6,未勝利,未勝利・牝,4,5,ワレハウミノコ,牝,3,富田暁, 54 ,13,1,１, ,ダ1700,重,,(栗),武英智,1464,-0.2,2,2,2,36.8,446,0,
,"2023. 1.28",小倉,1小5,1勝,１勝ｸﾗｽ,6,12,ショウナンアメリア,牝,4,団野大成, 56 ,18,6,１, ,芝1200,重,,(美),奥村武,1097,-0.1,,3,3,35.2,458,-6,
,"2023. 1.28",小倉,1小5,2勝,周防灘特･2勝,4,7,エナジーグラン,牡,4,亀田温心, 58 ,18,10,１, ,芝1200,重,,(栗),高柳大輔,1092,-0.0,,12,10,34.5,466,+12,
,"2023. 1.28",小倉,1小5,2勝,平尾台特･2勝,5,9,コンスタンティン,牝,4,幸英明, 55 ,15,1,１, ,ダ1700,不,,(栗),石坂公一,1443,-0.0,7,7,6,36.6,476,+8,B
,"2023. 1.28",小倉,1小5,1勝,日田特別･1勝,2,2,レヴォリオ,牡,5,西村淳也, 58 ,14,10,１, ,芝1800,重,,(美),伊坂重信,1501,-0.0,8,9,7,35.9,492,+2,B
,"2023. 1.28",小倉,1小5,ｵｰﾌﾟﾝ,牛若丸ジ,7,7,テーオーソクラテス,牡,6,小坂忠士, 60 ,10,4,１, ,芝3390,重,,(栗),奥村豊,3514,-0.2,3,2,2,13.7,466,+4,
,"2023. 1.28",小倉,1小5,1勝,１勝ｸﾗｽ,7,12,トップスターサン,牡,5,斎藤新, 58 ,15,1,１, ,ダ1700,不,,(栗),四位洋文,1442,-0.0,4,5,3,36.5,514,-4,
,"2023. 1.28",小倉,1小5,未勝利,未勝利,3,3,トーセンアウローラ,牡,3,丹内祐次, 56 ,10,2,１, ,芝1800,重,,(美),尾形和幸,1505,-0.6,4,4,2,35.9,470,+2,
,"2023. 1.28",小倉,1小5,未勝利,未勝利・牝,4,4,ゴールドプリンセス,牝,3,今村聖奈,51▲,10,2,１, ,芝2000,重,,(栗),寺島良,2028,-0.0,10,10,5,35.4,474,-8,
,"2023. 1.28",小倉,1小5,未勝利,障害未勝利,7,8,シングンジョーイ,牡,5,石神深一, 60 ,11,2,１, ,芝2860,重,,(美),伊坂重信,3133,-0.1,2,2,2,13.5,460,+4,
,"2023. 1.28",小倉,1小5,1勝,１勝ｸﾗｽ,8,13,ゲンパチレオニダス,牡,4,古川奈穂,54★,14,4,１, ,ダ1000,不,,(栗),牧浦充徳,0581,-0.1,,4,5,35.0,494,-2,
,"2023. 1.28",小倉,1小5,未勝利,未勝利,7,13,ステークホルダー,牡,3,藤岡佑介, 56 ,16,1,１, ,芝1200,重,,(美),斎藤誠,1103,-0.3,,2,2,34.9,456,+6,
,"2023. 1.28",小倉,1小5,未勝利,未勝利,3,3,ツウカイノキズナ,牡,3,富田暁, 56 ,12,7,１, ,ダ1700,不,,(栗),千田輝彦,1450,-0.1,6,4,3,37.4,492,+4,
,"2023. 1.22",小倉,1小4,1勝,１勝ｸﾗｽ・牝,8,15,ゴールドエクリプス,牝,4,荻野琢真, 55 ,16,4,１, ,芝1800,稍,,(栗),大久保龍,1485,-0.0,3,3,2,36.8,486,+10,
,"2023. 1.22",小倉,1小4,3勝,豊前ＳＨ･3勝,5,9,ラヴィータエベラ,牡,6,西村淳也, 56 ,16,4,１, ,ダ1700,稍,,(栗),田中克典,1438,-0.0,1,1,1,36.8,510,+6,
,"2023. 1.22",小倉,1小4,2勝,海の中道･2勝,8,12,メイショウブレゲ,牡,4,今村聖奈, 57 ,13,2,１, ,芝2600,良,,(栗),本田優,2416,-0.3,10,9,5,34.7,464,0,
,"2023. 1.22",小倉,1小4,1勝,八幡特別･1勝,2,2,ビップシュプリーム,牝,4,松若風馬, 56 ,12,8,１, ,芝1200,良,,(栗),松下武士,1088,-0.2,,11,11,34.2,508,-2,
,"2023. 1.22",小倉,1小4,1勝,１勝ｸﾗｽ,5,10,サトノスライヴ,牡,6,亀田温心,57☆,16,5,１, ,ダ1700,稍,,(栗),南井克巳,1457,-0.0,7,7,4,36.6,524,+4,B
,"2023. 1.22",小倉,1小4,未勝利,未勝利,4,4,ブレイヴロッカー,牡,3,藤岡康太, 56 ,8,3,１, ,芝2000,良,,(栗),本田優,2037,-0.2,3,5,4,35.9,452,-2,
,"2023. 1.22",小倉,1小4,未勝利,未勝利,5,10,カミーロ,牡,3,松本大輝,55☆,18,10,１, ,芝1200,良,,(栗),石橋守,1092,-0.2,,9,6,35.2,486,+20,
,"2023. 1.22",小倉,1小4,新馬,新馬,5,10,ベレザニーニャ,牝,3,小崎綾也, 54 ,16,9,１, ,芝1800,良,,(栗),小崎憲,1503,-0.2,2,2,2,35.8,458,,
,"2023. 1.22",小倉,1小4,未勝利,障害未勝利,4,4,リアム,牡,6,蓑島靖典, 60 ,12,2,１, ,芝2860,良,,(美),萩原清,3110,-0.0,5,4,4,13.4,536,+4,
,"2023. 1.22",小倉,1小4,1勝,１勝ｸﾗｽ,7,12,ララシャンドン,牡,5,中井裕二, 58 ,14,3,１, ,ダ1000,稍,,(栗),坂口智康,0583,-0.1,,2,2,35.8,508,+16,
,"2023. 1.22",小倉,1小4,未勝利,未勝利・牝,8,18,トーホウフランゴ,牝,3,永島まな,50★,18,3,１, ,芝1200,良,,(栗),高橋康之,1087,-0.2,,12,7,34.6,428,-4,
,"2023. 1.22",小倉,1小4,未勝利,未勝利,8,15,オウギノカナメ,牡,3,丹内祐次, 56 ,15,1,１, ,ダ1700,稍,,(美),高木登,1471,-0.1,2,3,2,38.1,462,0,
,"2023. 1.21",小倉,1小3,1勝,１勝ｸﾗｽ,7,14,ロードラスター,牡,5,松若風馬, 58 ,17,7,１, ,芝1200,稍,,(栗),千田輝彦,1090,-0.0,,7,6,34.3,520,+12,B
,"2023. 1.21",小倉,1小3,2勝,小倉城特･2勝,1,2,メイクアリープ,牡,4,幸英明, 57 ,16,1,１, ,ダ1700,稍,*,(栗),大根田裕,1438,-0.1,1,1,1,36.5,474,-4,
,"2023. 1.21",小倉,1小3,1勝,戸畑特別･1勝,5,8,テーオーソロス,牡,5,泉谷楓真, 58 ,15,9,１, ,芝2000,稍,,(栗),宮徹,2002,-0.1,9,8,6,35.9,466,-2,
,"2023. 1.21",小倉,1小3,1勝,萌黄賞･1勝*,7,7,ルーフ,牝,3,藤岡康太, 54 ,8,2,１, ,芝1200,稍,,(栗),清水久詞,1087,-0.1,,3,3,34.9,480,-6,
,"2023. 1.21",小倉,1小3,1勝,１勝ｸﾗｽ・牝,3,5,ヴィブラフォン,牝,4,藤岡康太, 55 ,15,3,１, ,ダ1700,稍,,(美),高木登,1451,-0.0,4,4,3,36.8,448,+2,
,"2023. 1.21",小倉,1小3,1勝,１勝ｸﾗｽ,4,4,ホウオウユニコーン,牡,4,団野大成, 57 ,9,2,１, ,芝2600,稍,,(美),奥村武,2411,-0.1,3,3,2,34.9,464,-2,
,"2023. 1.21",小倉,1小3,未勝利,未勝利・牝,2,3,ゴールドレコーダー,牝,3,水沼元輝,51▲,15,7,１, ,芝1800,稍,,(美),南田美知,1490,-0.2,3,4,2,36.0,418,-2,
,"2023. 1.21",小倉,1小3,ｵｰﾌﾟﾝ,障害・オープ,6,8,ジューンベロシティ,牡,5,西谷誠, 60 ,12,9,１, ,芝2860,稍,,(栗),武英智,3124,-0.3,1,1,1,13.5,470,+6,
,"2023. 1.21",小倉,1小3,未勝利,障害未勝利,3,3,グレンガリー,セ,8,蓑島靖典, 60 ,12,8,１, ,芝2860,稍,,(美),萩原清,3086,-1.2,2,1,1,13.2,442,-6,
,"2023. 1.21",小倉,1小3,未勝利,未勝利,6,10,メタマックス,牡,3,ムルザバ, 56 ,14,2,１, ,ダ1000,稍,,(栗),森秀行,0584,-0.0,,7,6,34.8,514,0,
,"2023. 1.21",小倉,1小3,未勝利,未勝利,4,4,ミントマーク,牡,3,ムルザバ, 56 ,13,1,１, ,芝1800,稍,,(栗),池添学,1492,-0.1,6,6,5,35.5,464,-6,
,"2023. 1.21",小倉,1小3,未勝利,未勝利・牝,8,16,ツインビスケッツ,牝,3,佐々木大,51▲,16,11,１, ,ダ1700,稍,,(美),新開幸一,1465,-0.1,6,5,5,36.8,438,-10,B
,"2023. 1.15",小倉,1小2,1勝,１勝ｸﾗｽ,7,13,ヒノクニ,牝,4,今村聖奈,53▲,16,4,１, ,芝1200,稍,,(美),深山雅史,1090,-0.0,,4,5,34.9,448,0,B
,"2023. 1.15",小倉,1小2,ｵｰﾌﾟﾝ,門司Ｓ,6,9,ロッシュローブ,牡,6,浜中俊, 57 ,14,5,１, ,ダ1700,重,,(栗),田中克典,1420,-0.1,5,5,3,36.1,506,-2,B
,"2023. 1.15",小倉,1小2,2勝,玄海特別･2勝,7,12,テーオーシリウス,牡,5,藤岡佑介, 58 ,15,8,１, ,芝1800,稍,,(栗),奥村豊,1484,-0.1,1,1,1,38.1,470,+6,B
,"2023. 1.15",小倉,1小2,2勝,小郡特別･2勝,6,12,バンデルオーラ,牡,4,浜中俊, 58 ,18,3,１, ,芝1200,稍,,(栗),牧浦充徳,1091,-0.0,,14,11,34.5,478,+8,
,"2023. 1.15",小倉,1小2,1勝,１勝ｸﾗｽ,2,4,サンライズジャスト,牡,4,藤岡康太, 57 ,16,2,１, ,ダ1700,重,,(栗),羽月友彦,1432,-0.1,7,6,5,36.7,532,-2,
,"2023. 1.15",小倉,1小2,1勝,１勝ｸﾗｽ・牝,8,12,エバーシャドネー,牝,4,藤岡佑介, 55 ,13,1,１, ,芝2000,稍,,(栗),藤岡健一,2016,-0.0,3,3,1,36.6,450,+2,
,"2023. 1.15",小倉,1小2,未勝利,未勝利,5,8,ホウオウスーペリア,牡,3,西村淳也, 56 ,14,1,１, ,芝1800,稍,,(栗),吉岡辰弥,1492,-0.0,3,5,2,36.9,454,+6,
,"2023. 1.15",小倉,1小2,新馬,新馬,1,2,テーオーヴァイナー,牡,3,藤岡康太, 56 ,18,4,１, ,芝1200,稍,,(栗),藤岡健一,1099,-0.2,,2,2,35.3,490,,
,"2023. 1.15",小倉,1小2,未勝利,障害未勝利,5,5,スリーケイエヌ,牡,5,北沢伸也, 60 ,12,1,１, ,芝2860,稍,,(栗),藤沢則雄,3133,-0.2,1,1,2,13.5,470,-4,
,"2023. 1.15",小倉,1小2,1勝,１勝ｸﾗｽ,4,5,プリティインピンク,牝,5,菊沢一樹, 56 ,14,3,１, ,ダ1000,重,,(美),小手川準,0577,-0.1,,9,5,34.4,430,-6,
,"2023. 1.15",小倉,1小2,未勝利,未勝利,4,8,ユカリプレリュード,牝,3,藤田菜七,52◇,18,4,１, ,芝1200,稍,,(美),根本康広,1091,-0.2,,1,1,35.4,486,-6,
,"2023. 1.15",小倉,1小2,未勝利,未勝利・牝,5,8,ミッキーマカロン,牝,3,永島まな,50★,14,1,１, ,ダ1700,重,,(栗),大久保龍,1453,-0.1,3,2,2,36.7,444,+10,
,"2023. 1.14",小倉,1小1,1勝,１勝ｸﾗｽ,1,2,ブランデーロック,牡,4,幸英明, 58 ,18,4,１, ,芝1200,重,,(美),小桧山悟,1093,-0.1,,13,13,34.2,476,+4,
,"2023. 1.14",小倉,1小1,3勝,壇之浦Ｈ･3勝,1,2,ウインピクシス,牝,4,松岡正海, 53 ,16,5,１, ,芝1800,重,,(美),上原博之,1473,-0.1,1,1,1,36.0,448,+2,
,"2023. 1.14",小倉,1小1,2勝,響灘特別･2勝,8,16,メタルゴッド,牝,4,幸英明, 55 ,16,4,１, ,ダ1700,不,,(栗),矢作芳人,1437,-0.0,2,2,2,36.6,444,-6,
,"2023. 1.14",小倉,1小1,1勝,帆柱山特･1勝,7,14,フィレンツェ,牡,4,丸山元気, 57 ,16,10,１, ,芝2600,重,,(美),加藤士津,2404,-0.0,11,10,7,35.7,448,0,
,"2023. 1.14",小倉,1小1,1勝,１勝ｸﾗｽ,6,11,ジャスティンエース,牡,4,西村淳也, 57 ,16,5,１, ,芝1800,重,,(栗),杉山晴紀,1486,-0.1,3,3,4,35.4,468,+4,
,"2023. 1.14",小倉,1小1,1勝,１勝ｸﾗｽ・牝,6,6,クインズジュピタ,牝,4,藤懸貴志, 55 ,11,2,１, ,ダ1700,不,,(栗),新谷功一,1439,-0.0,2,2,2,37.1,476,-6,
,"2023. 1.14",小倉,1小1,未勝利,未勝利,7,10,エールミネルヴァ,牝,3,松若風馬, 54 ,13,6,１, ,芝2000,重,,(栗),橋口慎介,2019,-0.2,3,4,3,36.1,462,-4,
,"2023. 1.14",小倉,1小1,未勝利,障害未勝利,7,8,ホッコーハナミチ,セ,5,黒岩悠, 60 ,11,4,１, ,芝2860,重,,(栗),長谷川浩,3127,-0.3,7,6,4,13.5,466,-6,
,"2023. 1.14",小倉,1小1,未勝利,障害未勝利,8,11,ゴールドフレーム,セ,7,石神深一, 60 ,12,8,１, ,芝2860,重,*,(美),新開幸一,3100,-0.5,4,2,2,13.3,482,+4,
,"2023. 1.14",小倉,1小1,未勝利,未勝利,1,1,サルフトピッチ,牝,3,佐々木大,51▲,14,2,１, ,ダ1000,不,,(美),新開幸一,0586,-0.5,,2,1,35.9,442,+2,
,"2023. 1.14",小倉,1小1,未勝利,未勝利,1,1,ジューンオレンジ,牝,3,富田暁, 54 ,18,1,１, ,芝1200,重,,(栗),長谷川浩,1085,-0.1,,6,5,34.7,456,0,
,"2023. 1.14",小倉,1小1,未勝利,未勝利,4,8,ウェザーコック,牡,3,吉田隼人, 56 ,16,1,１, ,ダ1700,不,,(栗),岡田稲男,1454,-1.4,2,2,1,37.6,442,-6,
,"2022. 9. 4",小倉,4小8,1勝,１勝ｸﾗｽ,8,15,シホノスペランツァ,牡,3,松山弘平, 54 ,15,2,１, ,芝2600,良,,(栗),寺島良,2384,-0.6,10,6,4,35.6,478,+6,
,"2022. 9. 4",小倉,4小8,Ｇ３,小倉２歳G3,1,1,ロンドンプラン,牡,2,松山弘平, 54 ,13,4,１, ,芝1200,良,,(栗),宮本博,1081,-0.1,,13,13,33.1,498,-10,
,"2022. 9. 4",小倉,4小8,3勝,西日本ス･3勝,4,6,クリノドラゴン,牡,4,武豊, 57 ,14,7,１, ,ダ1700,稍,,(栗),大橋勇樹,1447,-0.1,13,11,9,36.8,482,0,
,"2022. 9. 4",小倉,4小8,2勝,宗像特別･2勝,8,18,エイシンスポッター,牡,3,角田大河, 55 ,18,2,１, ,芝1200,良,,(栗),吉村圭司,1077,-0.2,,13,11,33.6,488,+4,
,"2022. 9. 4",小倉,4小8,1勝,１勝ｸﾗｽ,7,8,イプノーズ,牝,3,今村聖奈,49★,11,2,１, ,ダ1000,稍,,(栗),大久保龍,0582,-0.2,,1,1,35.7,450,+8,
,"2022. 9. 4",小倉,4小8,1勝,１勝ｸﾗｽ,6,11,ニシノデフィレ,牡,3,西村淳也, 55 ,16,3,１, ,芝1200,良,,(栗),宮本博,1076,-0.1,,3,3,34.5,496,+6,B
,"2022. 9. 4",小倉,4小8,未勝利,未勝利,5,9,ワンダーブレット,セ,3,小牧太, 56 ,15,2,１, ,ダ1700,稍,,(栗),笹田和秀,1453,-0.8,2,2,2,37.4,490,-2,
,"2022. 9. 4",小倉,4小8,新馬,新馬,8,10,トーアライデン,牡,2,中井裕二, 54 ,11,11,１, ,芝1800,良,,(栗),村山明,1506,-0.0,1,1,1,35.5,474,,
,"2022. 9. 4",小倉,4小8,未勝利,未勝利,6,11,メイショウケイガン,牡,3,横山典弘, 56 ,18,2,１, ,芝2000,良,,(栗),河内洋,2002,-0.2,10,1,1,36.4,510,-6,
,"2022. 9. 4",小倉,4小8,未勝利,未勝利・牝,7,14,エルザストラウム,牝,3,今村聖奈,50★,16,1,１, ,ダ1700,稍,,(栗),武幸四郎,1466,-0.4,3,2,1,39.1,448,0,B
,"2022. 9. 4",小倉,4小8,未勝利,未勝利*,7,11,ペースセッティング,牡,2,坂井瑠星, 54 ,13,2,１, ,芝1200,良,,(栗),安田隆行,1079,-0.5,,1,1,35.0,474,-2,
,"2022. 9. 4",小倉,4小8,未勝利,障害未勝利,6,6,ララロトリー,セ,5,黒岩悠, 60 ,9,6,１, ,芝2860,良,,(栗),坂口智康,3104,-0.2,1,2,2,13.3,466,+4,
,"2022. 9. 3",小倉,4小7,1勝,１勝ｸﾗｽ,7,12,ハイエストポイント,牡,4,今村聖奈,53★,14,1,１, ,ダ1700,重,,(栗),鈴木孝志,1438,-0.9,4,2,1,37.9,452,-2,
,"2022. 9. 3",小倉,4小7,3勝,テレＱＨ･3勝,4,8,セルフィー,牝,5,松若風馬, 52 ,18,5,１, ,芝1200,重,,(栗),鮫島一歩,1077,-0.2,,6,6,33.9,476,+6,B
,"2022. 9. 3",小倉,4小7,2勝,天草特別･2勝,7,14,ヒロノシュン,セ,3,和田竜二, 54 ,16,1,１, ,ダ1700,重,*,(栗),川村禎彦,1440,-0.1,2,2,2,36.6,492,+4,
,"2022. 9. 3",小倉,4小7,2勝,筑後川特･2勝,1,1,アナゴサン,牡,4,松山弘平, 57 ,10,2,１, ,芝1800,重,,(栗),牧田和弥,1477,-0.0,5,5,4,35.6,468,0,
,"2022. 9. 3",小倉,4小7,1勝,１勝ｸﾗｽ・牝,5,8,クァンタムレルム,牝,4,角田大河,52▲,15,3,１, ,芝1200,重,,(栗),石橋守,1088,-0.0,,7,8,34.0,470,+2,
,"2022. 9. 3",小倉,4小7,1勝,１勝ｸﾗｽ,2,2,サジェス,牡,4,団野大成, 57 ,14,6,１, ,芝1800,重,,(栗),中尾秀正,1473,-0.3,4,5,5,35.2,434,-4,
,"2022. 9. 3",小倉,4小7,未勝利,未勝利,6,10,サンライズホーク,セ,3,国分優作, 56 ,14,13,１, ,ダ1000,重,*,(栗),牧浦充徳,0583,-0.6,,6,3,34.9,490,-12,
,"2022. 9. 3",小倉,4小7,新馬,新馬,6,6,フロムダスク,牡,2,松山弘平, 54 ,7,1,１, ,芝1200,重,,(栗),森秀行,1101,-0.1,,1,2,34.7,498,,
,"2022. 9. 3",小倉,4小7,未勝利,未勝利,8,15,タケトンボ,牝,3,今村聖奈,50★,16,6,１, ,芝1800,稍,*,(栗),飯田雄三,1484,-0.2,1,1,1,36.0,426,-4,
,"2022. 9. 3",小倉,4小7,未勝利,未勝利,7,15,マイネルレノン,牡,3,国分優作, 56 ,18,7,１, ,芝1200,稍,,(栗),宮徹,1079,-0.1,,3,2,34.6,462,-6,
,"2022. 9. 3",小倉,4小7,未勝利,未勝利*,3,5,ゴッドブルービー,牡,2,角田大河,51▲,16,4,１, ,ダ1700,稍,,(栗),角田晃一,1458,-0.9,2,2,1,38.5,452,0,
,"2022. 9. 3",小倉,4小7,未勝利,未勝利*,6,7,ヴェルテンベルク,牡,2,西村淳也, 54 ,11,1,１, ,芝1800,稍,,(栗),宮本博,1483,-0.2,6,7,5,35.7,480,-2,
,"2022. 8.28",小倉,4小6,1勝,１勝ｸﾗｽ,3,3,ワンダーカタリナ,牡,5,松若風馬, 57 ,11,7,１, ,芝1200,良,,(栗),河内洋,1079,-0.0,,7,7,34.4,514,+4,
,"2022. 8.28",小倉,4小6,ｵｰﾌﾟﾝ,小倉日経,8,11,レッドベルオーブ,牡,4,幸英明, 56 ,11,2,１, ,芝1800,良,,(栗),藤原英昭,1455,-0.5,1,1,1,36.1,482,-2,
,"2022. 8.28",小倉,4小6,2勝,ＲＫＢＨ･2勝,6,12,リアンクール,牝,4,北村友一, 53 ,16,1,１, ,ダ1700,良,,(栗),安田隆行,1457,-0.0,5,5,3,37.3,490,0,B
,"2022. 8.28",小倉,4小6,1勝,英彦山特･1勝,4,4,アップデート,牡,3,西村淳也, 54 ,7,2,１, ,芝2000,良,,(栗),杉山晴紀,2012,-0.1,3,3,3,33.9,504,-2,
,"2022. 8.28",小倉,4小6,1勝,１勝ｸﾗｽ,3,3,オーロベルディ,牝,3,亀田温心,51☆,13,3,１, ,ダ1000,良,,(栗),池添兼雄,0580,-0.8,,1,1,35.2,480,+8,
,"2022. 8.28",小倉,4小6,未勝利,未勝利,5,10,ハギノロックオン,牡,3,西村淳也, 56 ,16,3,１, ,ダ1700,良,,(栗),高野友和,1457,-0.1,2,2,2,38.1,500,0,
,"2022. 8.28",小倉,4小6,新馬,新馬,1,1,バレリーナ,牝,2,西村淳也, 54 ,9,1,１, ,芝1200,良,,(栗),清水久詞,1089,-0.6,,1,1,34.9,454,,
,"2022. 8.28",小倉,4小6,新馬,新馬・牝,3,3,コナコースト,牝,2,鮫島克駿, 54 ,10,1,１, ,芝1800,良,,(栗),清水久詞,1491,-0.1,2,4,5,34.6,472,,
,"2022. 8.28",小倉,4小6,未勝利,未勝利,8,15,テイエムシップ,牡,3,幸英明, 56 ,16,2,１, ,ダ1700,良,,(栗),飯田雄三,1471,-0.1,6,2,4,38.2,512,-2,
,"2022. 8.28",小倉,4小6,未勝利,未勝利・牝,1,2,サトノリーベ,牝,3,幸英明, 54 ,16,2,１, ,芝2000,良,,(栗),藤原英昭,2002,-0.0,6,4,2,35.6,442,+2,
,"2022. 8.28",小倉,4小6,未勝利,未勝利,2,3,メイショウブレゲ,牡,3,今村聖奈,52★,16,2,１, ,芝2600,良,,(栗),本田優,2389,-0.5,10,8,5,34.6,448,-8,
,"2022. 8.28",小倉,4小6,未勝利,未勝利*,4,4,アルムラトゥール,牡,2,鮫島克駿, 54 ,12,2,１, ,ダ1000,良,*,(栗),川村禎彦,0596,-0.5,,1,1,36.5,494,+6,B
,"2022. 8.27",小倉,4小5,1勝,１勝ｸﾗｽ,2,2,ハッピーオーサム,牝,4,今村聖奈,51★,8,3,１, ,芝1800,良,,(栗),藤原英昭,1467,-0.0,2,2,2,34.7,496,+10,
,"2022. 8.27",小倉,4小5,3勝,釜山Ｓ･3勝,8,14,ボンボンショコラ,牝,5,松若風馬, 55 ,14,4,１, ,ダ1000,良,,(栗),小崎憲,0582,-0.3,,1,1,35.2,482,+4,
,"2022. 8.27",小倉,4小5,2勝,西海賞･2勝,8,8,ヘッズオアテールズ,牝,4,西村淳也, 55 ,9,5,１, ,芝2000,良,,(栗),須貝尚介,1583,-0.2,2,3,2,34.5,488,-2,
,"2022. 8.27",小倉,4小5,ｵｰﾌﾟﾝ,ひまわり,8,16,サツマノオンナ,牝,2,藤岡康太, 55 ,17,1,１, ,芝1200,良,,(栗),新谷功一,1089,-0.5,,2,2,35.5,444,+4,
,"2022. 8.27",小倉,4小5,ＪＧ３,小倉サマJG3,6,9,アサクサゲンキ,セ,7,石神深一, 60 ,13,1,１, ,芝3390,良,,(栗),音無秀孝,3432,-0.1,3,3,3,13.2,462,-2,
,"2022. 8.27",小倉,4小5,1勝,１勝ｸﾗｽ,4,7,テイエムファクター,牡,3,富田暁, 54 ,16,1,１, ,ダ1700,良,,(栗),木原一良,1456,-0.1,2,2,2,38.2,462,0,
,"2022. 8.27",小倉,4小5,未勝利,未勝利,2,4,アドマイヤラヴィ,牝,3,今村聖奈,50★,17,1,１, ,芝1200,良,,(栗),友道康夫,1084,-0.3,,3,2,34.4,472,+6,
,"2022. 8.27",小倉,4小5,新馬,新馬,2,2,スカパラダイス,牡,2,今村聖奈,50★,9,3,１, ,芝2000,良,,(栗),寺島良,2029,-0.5,8,2,1,35.3,454,,
,"2022. 8.27",小倉,4小5,未勝利,未勝利・牝,3,5,リノアラ,牝,3,小沢大仁,53☆,16,6,１, ,ダ1700,良,,(栗),今野貞一,1472,-0.1,13,8,7,37.8,426,0,
,"2022. 8.27",小倉,4小5,未勝利,未勝利,7,15,チェルノボーグ,牡,3,鮫島克駿, 56 ,18,1,１, ,芝2000,良,,(栗),藤原英昭,2000,-0.1,6,6,5,35.3,486,-2,
,"2022. 8.27",小倉,4小5,未勝利,未勝利,3,4,テイエムフェロー,牡,3,和田竜二, 56 ,14,1,１, ,ダ1000,良,,(栗),飯田雄三,0594,-0.1,,2,2,36.4,488,0,
,"2022. 8.27",小倉,4小5,未勝利,未勝利*,7,7,フラッシングレート,牝,2,和田竜二, 54 ,8,2,１, ,芝1800,良,,(栗),音無秀孝,1474,-0.5,7,5,4,35.5,464,-4,
,"2022. 8.21",小倉,4小4,1勝,１勝ｸﾗｽ,1,1,マテンロウスカイ,牡,3,横山典弘, 54 ,10,1,１, ,芝1800,良,,(栗),松永幹夫,1460,-0.4,1,1,1,34.9,480,-6,
,"2022. 8.21",小倉,4小4,Ｇ３,北九州記ＨG3,1,1,ボンボヤージ,牝,5,川須栄彦, 51 ,18,16,１, ,芝1200,良,,(栗),梅田智之,1069,-0.2,,7,5,33.5,438,+8,
,"2022. 8.21",小倉,4小4,3勝,薩摩ＳＨ･3勝,3,5,アラジンバローズ,セ,5,西村淳也, 56 ,16,2,１, ,ダ1700,重,,(栗),中内田充,1416,-0.1,2,4,2,36.5,478,+2,
,"2022. 8.21",小倉,4小4,2勝,耶馬渓特･2勝,2,2,スノーテーラー,牝,5,浜中俊, 55 ,12,6,１, ,芝1200,稍,,(栗),飯田雄三,1069,-0.5,,11,11,33.1,454,0,
,"2022. 8.21",小倉,4小4,1勝,１勝ｸﾗｽ・牝,7,14,マテンロウルビー,牝,4,今村聖奈,51★,16,1,１, ,ダ1700,重,,(栗),野中賢二,1440,-0.1,14,8,4,37.2,450,+4,
,"2022. 8.21",小倉,4小4,1勝,１勝ｸﾗｽ,8,14,アルムファーツリー,牝,4,ホー, 55 ,15,8,１, ,芝1200,稍,,(栗),川村禎彦,1078,-0.0,,7,6,34.5,452,-2,
,"2022. 8.21",小倉,4小4,未勝利,未勝利,2,2,エルメニア,牝,3,小沢大仁,52△,13,7,１, ,ダ1000,不,,(栗),吉田直弘,0581,-0.2,,1,1,35.5,438,-6,B
,"2022. 8.21",小倉,4小4,新馬,新馬,7,7,メイショウヒュウガ,牡,2,松山弘平, 54 ,8,5,１, ,芝1200,重,,(栗),安達昭夫,1083,-0.2,,3,3,34.2,476,,
,"2022. 8.21",小倉,4小4,未勝利,未勝利,8,17,ラウルピドゥ,牡,3,川田将雅, 56 ,18,1,１, ,芝2000,重,,(栗),吉村圭司,2009,-0.2,3,3,3,35.1,476,+2,
,"2022. 8.21",小倉,4小4,未勝利,未勝利・牝,8,16,ワイルドベティ,牝,3,小沢大仁,52△,16,2,１, ,ダ1700,不,,(栗),今野貞一,1455,-0.2,9,3,2,38.9,420,+4,
,"2022. 8.21",小倉,4小4,未勝利,未勝利*,4,4,ネアセリーニ,牡,2,松山弘平, 54 ,5,1,１, ,芝2000,重,,(栗),高野友和,2015,-0.4,3,3,3,36.9,510,+2,
,"2022. 8.21",小倉,4小4,未勝利,障害未勝利,4,4,グレートバローズ,牡,5,高田潤, 60 ,10,1,１, ,芝2860,重,,(栗),辻野泰之,3113,-0.2,3,2,2,13.4,480,+10,
,"2022. 8.20",小倉,4小3,2勝,２勝ｸﾗｽ,7,12,クロデメニル,牝,3,川田将雅, 52 ,14,5,１, ,ダ1000,良,,(栗),森秀行,0581,-0.0,,2,2,35.5,490,+14,
,"2022. 8.20",小倉,4小3,3勝,別府Ｓ･3勝,7,9,ハリーバローズ,牡,5,川田将雅, 57 ,12,1,１, ,芝1200,良,,(栗),上村洋行,1073,-0.1,,3,2,33.6,482,0,B
,"2022. 8.20",小倉,4小3,2勝,宮崎特別･2勝,1,1,アドマイヤザーゲ,牡,4,和田竜二, 57 ,8,2,１, ,芝1800,良,,(栗),友道康夫,1473,-0.1,3,4,4,33.1,500,0,
,"2022. 8.20",小倉,4小3,1勝,足立山特･1勝,4,4,リカンカブール,牡,3,藤岡康太, 54 ,11,1,１, ,芝2000,良,,(栗),田中克典,1576,-0.2,4,4,3,35.0,488,0,
,"2022. 8.20",小倉,4小3,1勝,１勝ｸﾗｽ,2,4,ジャズブルース,牡,3,角田大河,51▲,16,10,１, ,ダ1700,稍,,(栗),吉村圭司,1454,-0.2,3,4,4,36.4,452,-4,
,"2022. 8.20",小倉,4小3,未勝利,未勝利,6,11,ピースキーパー,牝,3,西村淳也, 54 ,18,7,１, ,芝1200,良,,(栗),奥村豊,1071,-0.3,,7,6,33.8,436,-8,
,"2022. 8.20",小倉,4小3,新馬,新馬,4,8,ヤマニンウルス,牡,2,今村聖奈,50★,16,1,１, ,ダ1700,稍,,(栗),斉藤崇史,1443,-4.3,2,1,1,35.8,536,,
,"2022. 8.20",小倉,4小3,新馬,新馬・牝,8,13,シルフィードレーヴ,牝,2,幸英明, 54 ,14,10,１, ,芝1200,良,,(栗),西園正都,1085,-0.2,,3,2,34.8,434,,
,"2022. 8.20",小倉,4小3,未勝利,未勝利,7,13,スウィートスカー,牝,3,川田将雅, 54 ,16,1,１, ,芝1800,良,,(栗),鮫島一歩,1456,-0.2,4,4,4,34.3,468,-4,
,"2022. 8.20",小倉,4小3,未勝利,未勝利・牝,3,5,コルカノン,牝,3,西村淳也, 54 ,18,5,１, ,芝1200,良,,(栗),吉岡辰弥,1077,-0.1,,11,11,33.9,446,-2,
,"2022. 8.20",小倉,4小3,未勝利,未勝利,6,11,モディカ,牝,3,松本大輝,50△,16,3,１, ,ダ1700,稍,,(栗),石坂公一,1435,-2.3,1,1,1,37.6,482,+6,B
,"2022. 8.20",小倉,4小3,未勝利,未勝利*,4,4,クインズエルサ,牝,2,川田将雅, 54 ,10,1,１, ,芝1200,良,*,(栗),西村真幸,1081,-0.1,,4,3,34.4,414,-8,
,"2022. 8.14",小倉,4小2,2勝,八女特別･2勝,8,15,ヴァレーデラルナ,牝,3,福永祐一, 52 ,15,1,１, ,ダ1700,良,,(栗),藤原英昭,1448,-0.3,5,3,3,38.0,510,+4,
,"2022. 8.14",小倉,4小2,Ｇ３,小倉記念ＨG3,1,2,マリアエレーナ,牝,4,松山弘平, 54 ,16,2,１, ,芝2000,良,,(栗),吉田直弘,1574,-0.8,4,3,2,34.6,424,-2,
,"2022. 8.14",小倉,4小2,3勝,不知火Ｈ･3勝,7,10,エスコーラ,牡,4,福永祐一, 56 ,13,1,１, ,芝1800,良,,(栗),中内田充,1484,-0.2,5,4,4,34.0,518,+18,
,"2022. 8.14",小倉,4小2,1勝,筑紫特別･1勝,8,16,トーホウラビアン,牝,3,富田暁, 52 ,18,14,１, ,芝1200,良,,(栗),川村禎彦,1078,-0.0,,5,5,34.5,402,-2,
,"2022. 8.14",小倉,4小2,1勝,１勝ｸﾗｽ,8,13,サエールフェイス,牝,3,団野大成, 52 ,14,1,１, ,ダ1000,良,*,(栗),石橋守,0579,-0.1,,4,4,35.3,466,0,
,"2022. 8.14",小倉,4小2,1勝,１勝ｸﾗｽ・牝,8,11,エグランタイン,牝,3,福永祐一, 52 ,12,1,１, ,芝2000,良,,(栗),笹田和秀,1596,-0.5,2,2,2,34.6,450,+2,
,"2022. 8.14",小倉,4小2,未勝利,未勝利,2,4,ミーナティエルナ,牝,3,永島まな,50★,16,8,１, ,ダ1700,良,,(栗),寺島良,1461,-0.5,1,1,1,38.5,430,+2,
,"2022. 8.14",小倉,4小2,新馬,新馬,4,4,バルサムノート,牡,2,ホー, 54 ,13,1,１, ,芝1800,良,,(栗),高野友和,1496,-0.1,3,3,2,34.1,488,,
,"2022. 8.14",小倉,4小2,未勝利,未勝利,7,15,メイショウソラフネ,牡,3,角田大河,53▲,18,1,１, ,芝1200,良,,(栗),石橋守,1074,-0.3,,3,2,34.4,446,+6,
,"2022. 8.14",小倉,4小2,未勝利,未勝利,8,16,アークデトリオンフ,牡,3,永島まな,52★,16,8,１, ,ダ1700,良,,(栗),角田晃一,1463,-0.1,3,2,1,38.1,488,+4,
,"2022. 8.14",小倉,4小2,未勝利,未勝利*,7,7,ロードラディウス,牡,2,西村淳也, 54 ,7,5,１, ,芝1800,良,,(栗),森田直行,1486,-0.4,2,2,1,34.6,470,+4,
,"2022. 8.14",小倉,4小2,未勝利,未勝利・九*,8,10,オバケノキンタ,牡,2,松山弘平, 54 ,10,1,１, ,芝1200,良,,(栗),大根田裕,1088,-0.5,,3,2,34.8,438,0,
,"2022. 8.13",小倉,4小1,1勝,１勝ｸﾗｽ,2,2,マテンロウエール,牡,4,横山典弘, 57 ,15,1,１, ,芝1800,良,,(栗),松永幹夫,1463,-0.2,11,8,6,33.2,526,+6,
,"2022. 8.13",小倉,4小1,ｵｰﾌﾟﾝ,阿蘇Ｓ,7,8,デュードヴァン,牡,5,北村友一, 56 ,11,4,１, ,ダ1700,良,,(栗),池添学,1449,-0.2,1,1,1,36.6,462,-10,
,"2022. 8.13",小倉,4小1,2勝,柳川特別･2勝,4,4,ウィンドリッパー,牡,4,ホー, 57 ,7,3,１, ,芝2000,良,,(栗),清水久詞,1585,-0.0,5,5,4,34.5,480,-2,
,"2022. 8.13",小倉,4小1,ｵｰﾌﾟﾝ,フェニッ,8,9,ミカッテヨンデイイ,牝,2,今村聖奈, 54 ,9,3,１, ,芝1200,良,,(美),堀内岳志,1077,-0.4,,3,3,33.7,410,-2,
,"2022. 8.13",小倉,4小1,1勝,１勝ｸﾗｽ,5,9,ニホンピロハーバー,牡,4,藤岡康太, 57 ,16,7,１, ,ダ1700,良,,(栗),安達昭夫,1452,-0.9,13,10,8,37.6,494,+4,
,"2022. 8.13",小倉,4小1,未勝利,未勝利,5,10,レディーシス,牝,3,西村淳也, 54 ,18,7,１, ,芝2000,良,,(栗),小崎憲,1589,-0.2,5,4,2,36.0,412,+6,
,"2022. 8.13",小倉,4小1,未勝利,未勝利・牝,3,6,ブランアルディ,牝,3,西村淳也, 54 ,16,1,１, ,ダ1700,良,,(栗),辻野泰之,1461,-0.4,2,1,1,39.0,484,0,
,"2022. 8.13",小倉,4小1,新馬,新馬,7,12,メイショウコギク,牝,2,和田竜二, 54 ,14,1,１, ,芝1200,良,,(栗),南井克巳,1086,-1.0,,1,1,34.3,424,,
,"2022. 8.13",小倉,4小1,ｵｰﾌﾟﾝ,障害・オープ,2,2,リバーシブルレーン,牡,6,石神深一, 60 ,8,3,１, ,芝2860,良,,(美),辻哲英,3063,-0.8,2,1,1,13.0,438,0,
,"2022. 8.13",小倉,4小1,未勝利,未勝利,5,8,ピンクムーン,牝,3,角田大河,51▲,14,2,１, ,ダ1000,良,,(栗),渡辺薫彦,0584,-0.8,,1,1,35.3,430,+2,
,"2022. 8.13",小倉,4小1,未勝利,未勝利*,8,11,トールキン,牡,2,松山弘平, 54 ,12,1,１, ,芝1200,良,,(栗),西園正都,1079,-0.4,,1,1,35.0,484,-4,
,"2022. 8.13",小倉,4小1,未勝利,障害未勝利,8,12,ニンギルス,牡,5,難波剛健, 60 ,12,1,１, ,芝2860,良,,(栗),鈴木孝志,3090,-0.4,2,2,2,13.2,450,-4,
,"2022. 7.24",小倉,3小8,1勝,１勝ｸﾗｽ,6,7,ウォームライト,牡,3,福永祐一, 54 ,12,1,１, ,ダ1000,良,,(栗),四位洋文,0581,-0.2,,6,5,34.8,500,+6,
,"2022. 7.24",小倉,3小8,Ｇ３,中京記念ＨG3,7,14,ベレヌス,牡,5,西村淳也, 55 ,16,6,１, ,芝1800,良,*,(栗),杉山晴紀,1459,-0.1,1,1,1,34.6,518,-6,
,"2022. 7.24",小倉,3小8,2勝,岩国特別･2勝,8,16,レガーメペスカ,牡,5,幸英明, 57 ,16,5,１, ,ダ1700,良,,(栗),松永昌博,1445,-0.2,1,1,1,38.1,492,-16,
,"2022. 7.24",小倉,3小8,2勝,雲仙特別･2勝,1,1,セリシア,牝,4,川田将雅, 55 ,11,5,１, ,芝1200,良,,(栗),中竹和也,1076,-0.1,,6,7,34.9,462,+4,
,"2022. 7.24",小倉,3小8,1勝,１勝ｸﾗｽ,3,3,テーオーシリウス,牡,4,西村淳也, 57 ,14,5,１, ,芝1800,良,,(栗),奥村豊,1465,-0.3,1,1,1,36.3,464,-6,B
,"2022. 7.24",小倉,3小8,1勝,１勝ｸﾗｽ,4,4,アーティット,牡,3,坂井瑠星, 54 ,12,3,１, ,芝2000,良,,(栗),友道康夫,1595,-0.4,1,1,1,34.7,480,0,
,"2022. 7.24",小倉,3小8,未勝利,未勝利,1,2,アドマイヤジェイ,牡,3,川田将雅, 56 ,16,1,１, ,ダ1700,良,,(栗),友道康夫,1468,-0.2,4,7,5,38.7,482,+4,
,"2022. 7.24",小倉,3小8,新馬,新馬,3,3,レッドソリッド,牡,2,松山弘平, 54 ,10,4,１, ,芝1800,良,,(栗),音無秀孝,1501,-0.1,1,1,1,35.1,494,,
,"2022. 7.24",小倉,3小8,未勝利,未勝利,6,12,プリモカリーナ,牝,3,北村友一, 54 ,18,2,１, ,芝1200,良,,(栗),安田隆行,1076,-0.0,,2,2,35.2,440,0,
,"2022. 7.24",小倉,3小8,未勝利,未勝利,6,12,ショウナンナダル,牝,3,Ｍ．デム, 54 ,16,3,１, ,芝1800,良,,(栗),須貝尚介,1469,-0.5,7,6,5,35.3,442,-4,
,"2022. 7.24",小倉,3小8,未勝利,未勝利・牝,3,6,リゴレット,牝,3,松山弘平, 54 ,16,3,１, ,ダ1700,良,,(栗),羽月友彦,1463,-0.0,2,2,2,38.4,426,-4,B
,"2022. 7.24",小倉,3小8,未勝利,未勝利*,8,11,ニシノトキメキ,牝,2,亀田温心,53☆,12,3,１, ,芝1200,良,,(栗),北出成人,1084,-0.2,,1,1,35.1,464,-14,
,"2022. 7.23",小倉,3小7,1勝,１勝ｸﾗｽ,4,7,タガノエスコート,牡,3,松山弘平, 54 ,16,2,１, ,ダ1700,良,,(栗),五十嵐忠,1449,-0.1,4,3,3,38.0,486,+8,
,"2022. 7.23",小倉,3小7,3勝,佐世保Ｈ･3勝,6,6,ディヴィナシオン,牡,5,川田将雅, 55 ,9,1,１, ,芝1200,良,,(栗),森秀行,1071,-0.0,,5,4,33.5,464,+2,
,"2022. 7.23",小倉,3小7,2勝,高千穂特･2勝,1,1,ゼッフィーロ,牡,3,松山弘平, 54 ,9,1,１, ,芝2000,良,,(栗),池江泰寿,1587,-0.1,3,5,3,34.2,472,+4,
,"2022. 7.23",小倉,3小7,1勝,大牟田特･1勝,2,3,マッドクール,牡,3,坂井瑠星, 54 ,17,1,１, ,芝1200,良,,(栗),池添学,1069,-0.2,,2,2,33.7,528,+2,
,"2022. 7.23",小倉,3小7,1勝,１勝ｸﾗｽ・牝,8,13,コンスタンティン,牝,3,松若風馬, 52 ,14,2,１, ,ダ1700,良,,(栗),石坂公一,1450,-1.1,10,1,1,36.7,460,+2,B
,"2022. 7.23",小倉,3小7,未勝利,未勝利,1,1,ビレッジスター,牡,3,幸英明, 56 ,18,5,１, ,芝2000,良,,(栗),田中克典,1593,-0.3,4,3,2,35.5,438,+2,
,"2022. 7.23",小倉,3小7,未勝利,未勝利,7,14,スエトニウス,牡,3,永島まな,52★,16,7,１, ,ダ1700,良,,(栗),藤原英昭,1459,-0.2,1,2,1,37.9,464,+4,
,"2022. 7.23",小倉,3小7,新馬,新馬,3,3,ヤクシマ,牡,2,岩田望来, 54 ,8,1,１, ,芝1200,良,,(栗),寺島良,1101,-0.1,,5,5,33.7,476,,
,"2022. 7.23",小倉,3小7,ｵｰﾌﾟﾝ,障害・オープ,2,2,クライムメジャー,牡,8,植野貴也, 60 ,7,5,１, ,芝2860,良,,(栗),渡辺薫彦,3072,-0.2,2,1,1,13.1,520,0,
,"2022. 7.23",小倉,3小7,未勝利,未勝利,5,7,グッドウッドガイ,牡,3,中井裕二, 56 ,14,8,１, ,ダ1000,良,,(栗),村山明,0596,-0.1,,6,6,36.1,502,-4,
,"2022. 7.23",小倉,3小7,未勝利,未勝利*,8,9,アイスグリーン,牡,2,松山弘平, 54 ,9,1,１, ,芝1800,良,,(栗),池添学,1481,-0.2,2,2,2,35.1,486,+12,
,"2022. 7.23",小倉,3小7,未勝利,障害未勝利,1,1,シャイニーズラン,牡,5,植野貴也, 60 ,11,8,１, ,芝2860,良,,(栗),森田直行,3094,-0.5,1,1,1,13.2,458,0,
,"2022. 7.17",小倉,3小6,1勝,１勝ｸﾗｽ,6,11,イチネンエーグミ,牡,3,国分恭介, 54 ,15,7,１, ,ダ1700,良,,(栗),茶木太樹,1459,-0.0,1,1,1,38.3,546,+2,
,"2022. 7.17",小倉,3小6,3勝,博多Ｓ･3勝,7,10,ルペルカーリア,牡,4,福永祐一, 57 ,12,5,１, ,芝2000,良,,(栗),友道康夫,1570,-0.2,2,1,1,35.0,510,+2,
,"2022. 7.17",小倉,3小6,2勝,戸畑特別･2勝,6,6,クリノマジン,牡,3,小沢大仁, 54 ,8,1,１, ,芝1200,良,,(栗),高橋義忠,1071,-0.1,,2,2,33.9,446,-4,
,"2022. 7.17",小倉,3小6,2勝,対馬特別･2勝,5,7,シダー,牝,3,富田暁, 52 ,14,5,１, ,ダ1700,稍,*,(栗),本田優,1452,-0.3,1,1,1,37.7,470,-8,B
,"2022. 7.17",小倉,3小6,1勝,１勝ｸﾗｽ,8,11,ストロングウィル,牡,3,福永祐一, 54 ,11,1,１, ,芝1800,良,,(栗),橋口慎介,1470,-0.1,6,6,2,33.8,476,-2,
,"2022. 7.17",小倉,3小6,1勝,１勝ｸﾗｽ,3,4,エクサープト,牝,3,岩田望来, 52 ,14,2,１, ,ダ1000,稍,,(栗),石坂公一,0584,-0.2,,1,1,35.5,480,+2,B
,"2022. 7.17",小倉,3小6,未勝利,未勝利・牝,5,9,ヴィスパメンテ,牝,3,川田将雅, 54 ,16,1,１, ,芝1800,良,,(栗),中内田充,1471,-0.5,9,8,2,34.5,466,-4,
,"2022. 7.17",小倉,3小6,新馬,新馬,6,6,エレガントルビー,牝,2,幸英明, 54 ,10,3,１, ,芝2000,良,,(栗),森田直行,2014,-0.4,3,2,2,35.3,476,,
,"2022. 7.17",小倉,3小6,未勝利,未勝利,1,1,ガラパゴス,牡,3,藤岡康太, 56 ,15,1,１, ,ダ1700,稍,,(栗),野中賢二,1468,-0.1,8,6,4,37.4,488,-2,
,"2022. 7.17",小倉,3小6,未勝利,未勝利*,1,1,ゴールデンウィンド,牝,2,松若風馬, 54 ,12,2,１, ,ダ1000,稍,,(栗),高柳大輔,0594,-0.4,,3,3,35.9,466,-4,
,"2022. 7.17",小倉,3小6,未勝利,未勝利,8,17,マメコ,牝,3,富田暁, 54 ,18,1,１, ,芝1200,良,,(栗),武英智,1077,-0.0,,2,2,34.6,446,0,
,"2022. 7.17",小倉,3小6,未勝利,障害未勝利,6,6,メイショウユウスイ,牡,4,西谷誠, 60 ,8,2,１, ,芝2860,良,,(栗),飯田祐史,3093,-0.4,4,2,1,13.2,442,-10,
,"2022. 7.16",小倉,3小5,1勝,１勝ｸﾗｽ,4,4,スノーテーラー,牝,5,坂井瑠星, 55 ,12,7,１, ,芝1200,良,*,(栗),飯田雄三,1079,-0.2,,2,2,34.3,454,+16,
,"2022. 7.16",小倉,3小5,3勝,西部日Ｈ･3勝,1,1,ミステリオーソ,牡,5,藤岡康太, 56 ,16,2,１, ,ダ1700,重,,(栗),武幸四郎,1438,-0.1,11,11,7,37.2,486,-4,
,"2022. 7.16",小倉,3小5,2勝,糸島特別･2勝,8,14,ショウゲッコウ,牝,5,荻野極, 55 ,14,6,１, ,ダ1000,重,*,(栗),杉山佳明,0578,-0.3,,2,3,34.7,472,-8,
,"2022. 7.16",小倉,3小5,1勝,都井岬特･1勝,4,4,ラリュエル,牝,3,坂井瑠星, 52 ,9,1,１, ,芝2000,良,,(栗),矢作芳人,1590,-0.2,1,1,1,34.6,430,+6,
,"2022. 7.16",小倉,3小5,1勝,１勝ｸﾗｽ,8,13,ヒロノシュン,セ,3,和田竜二, 54 ,14,2,１, ,ダ1700,重,,(栗),川村禎彦,1439,-0.9,2,2,2,37.7,484,-6,
,"2022. 7.16",小倉,3小5,未勝利,未勝利,6,11,バレエマスター,牡,3,藤岡康太, 56 ,18,5,１, ,芝2000,良,,(栗),梅田智之,1592,-0.4,9,5,3,35.2,464,-8,
,"2022. 7.16",小倉,3小5,新馬,新馬,1,1,タガノタント,牡,2,和田竜二, 54 ,8,2,１, ,芝1200,良,,(栗),鈴木孝志,1088,-0.1,,2,2,34.4,510,,
,"2022. 7.16",小倉,3小5,新馬,新馬・牝,6,6,コンクシェル,牝,2,福永祐一, 54 ,7,4,１, ,芝1800,良,,(栗),清水久詞,1484,-0.3,6,6,4,35.4,444,,
,"2022. 7.16",小倉,3小5,未勝利,未勝利,5,7,ロックユアハート,牝,3,坂井瑠星, 54 ,14,2,１, ,ダ1000,重,,(栗),矢作芳人,0579,-0.1,,1,1,35.3,458,+6,
,"2022. 7.16",小倉,3小5,未勝利,未勝利,3,6,オーダーナチュラル,牡,3,今村聖奈,52★,16,3,１, ,芝1800,稍,,(栗),高橋亮,1480,-0.0,5,5,4,35.3,442,-4,
,"2022. 7.16",小倉,3小5,未勝利,未勝利・牝,7,13,ラニカイ,牝,3,福永祐一, 54 ,16,2,１, ,ダ1700,重,,(栗),松永幹夫,1444,-0.2,5,3,3,36.9,480,-2,
,"2022. 7.16",小倉,3小5,未勝利,未勝利・九*,4,7,テイエムユメキュウ,牝,2,鮫島良太, 54 ,15,1,１, ,芝1200,稍,,(栗),飯田雄三,1094,-0.2,,1,1,35.8,444,-6,
,"2022. 7.10",小倉,3小4,2勝,シンガポ･2勝,7,7,テイエムトッキュウ,牡,4,北村友一, 57 ,7,1,１, ,芝1200,良,,(栗),木原一良,1072,-0.4,,1,1,34.1,498,-2,
,"2022. 7.10",小倉,3小4,Ｇ３,プロキオG3,6,12,ゲンパチルシファー,牡,6,川田将雅, 56 ,16,4,１, ,ダ1700,稍,,(栗),佐々木晶,1437,-0.1,7,4,3,37.6,520,-4,
,"2022. 7.10",小倉,3小4,2勝,フィリＨ･2勝,2,2,トゥルーヴィル,牡,5,北村友一, 56 ,10,4,１, ,芝1800,良,,(栗),小林真也,1465,-0.2,7,6,6,33.9,466,-2,
,"2022. 7.10",小倉,3小4,1勝,タイラン･1勝,6,8,スズノマーベリック,牡,3,福永祐一, 54 ,13,2,１, ,芝2600,良,,(栗),石坂公一,2378,-0.2,4,2,1,34.7,452,-12,
,"2022. 7.10",小倉,3小4,1勝,１勝ｸﾗｽ,8,14,シェイリーン,牝,3,松山弘平, 52 ,15,1,１, ,ダ1700,稍,,(栗),池添学,1454,-0.2,4,4,2,38.5,486,+2,B
,"2022. 7.10",小倉,3小4,1勝,１勝ｸﾗｽ,1,1,テンクウフラワー,牝,3,松山弘平, 52 ,11,2,１, ,ダ1000,稍,,(栗),渡辺薫彦,0586,-0.2,,1,1,35.7,416,+6,
,"2022. 7.10",小倉,3小4,新馬,新馬・牝,6,9,アロマデローサ,牝,2,福永祐一, 54 ,14,2,１, ,芝1200,良,,(栗),池添学,1095,-0.2,,6,4,34.4,440,,
,"2022. 7.10",小倉,3小4,新馬,新馬,7,10,ラヴェル,牝,2,岩田望来, 54 ,12,1,１, ,芝1800,良,,(栗),矢作芳人,1495,-0.1,8,6,6,34.4,444,,
,"2022. 7.10",小倉,3小4,未勝利,未勝利,7,14,ヤマニンループ,牡,3,藤懸貴志, 56 ,16,7,１, ,芝1800,良,,(栗),松永幹夫,1464,-0.2,14,12,10,34.7,430,0,
,"2022. 7.10",小倉,3小4,未勝利,未勝利,4,7,テイエムファクター,牡,3,富田暁, 56 ,16,1,１, ,ダ1700,稍,,(栗),木原一良,1449,-0.7,2,2,2,37.2,456,0,
,"2022. 7.10",小倉,3小4,未勝利,未勝利,7,14,サンセットクラウド,牡,3,川田将雅, 56 ,16,1,１, ,芝2600,良,,(栗),矢作芳人,2392,-0.0,4,2,1,35.3,438,-10,
,"2022. 7.10",小倉,3小4,未勝利,未勝利・牝,6,12,スマートムーラン,牝,3,秋山真一, 54 ,16,2,１, ,ダ1700,稍,,(栗),大久保龍,1456,-0.1,13,10,7,37.6,452,-4,
,"2022. 7. 9",小倉,3小3,1勝,１勝ｸﾗｽ,4,5,エイシンスポッター,牡,3,角田大河,51▲,13,6,１, ,芝1200,良,,(栗),吉村圭司,1076,-0.1,,9,8,34.1,484,+2,
,"2022. 7. 9",小倉,3小3,3勝,マレーシ･3勝,3,3,ジャスパーウィン,牡,7,松本大輝, 57 ,11,4,１, ,ダ1000,重,,(栗),森秀行,0577,-0.0,,1,1,35.0,504,0,
,"2022. 7. 9",小倉,3小3,2勝,インディ･2勝,3,3,アラジンバローズ,セ,5,西村淳也, 57 ,12,3,１, ,ダ1700,重,,(栗),中内田充,1427,-0.2,1,1,1,36.8,476,-6,
,"2022. 7. 9",小倉,3小3,1勝,マカオジ･1勝,6,7,ヴァモスロード,牡,3,幸英明, 54 ,11,2,１, ,芝1800,良,,(栗),西園正都,1461,-0.2,1,1,1,34.6,514,-4,
,"2022. 7. 9",小倉,3小3,1勝,１勝ｸﾗｽ・牝,1,2,タガノクリステル,牝,3,松山弘平, 52 ,16,2,１, ,ダ1700,重,,(栗),長谷川浩,1443,-0.4,4,4,3,38.3,474,-4,B
,"2022. 7. 9",小倉,3小3,未勝利,未勝利,6,11,ヤマニンアンフィル,牝,3,今村聖奈,50★,18,3,１, ,芝1200,良,,(栗),斉藤崇史,1080,-0.2,,2,2,34.4,452,-6,
,"2022. 7. 9",小倉,3小3,未勝利,未勝利・牝,1,2,エピプランセス,牝,3,松山弘平, 54 ,18,1,１, ,芝2000,稍,,(栗),池添学,1590,-0.0,4,3,2,35.4,436,+6,
,"2022. 7. 9",小倉,3小3,新馬,新馬,3,3,タマモブラックタイ,牡,2,角田大河,51▲,10,6,１, ,芝1200,稍,,(栗),角田晃一,1090,-0.0,,2,1,34.8,516,,
,"2022. 7. 9",小倉,3小3,ｵｰﾌﾟﾝ,障害・オープ,5,5,サトノパシュート,牡,5,高田潤, 60 ,6,3,１, ,芝3390,重,,(栗),高橋康之,3449,-0.3,4,4,2,13.3,472,-10,
,"2022. 7. 9",小倉,3小3,未勝利,未勝利,6,9,ヤマタカフェイス,牡,3,国分優作, 56 ,14,5,１, ,ダ1000,不,,(栗),辻野泰之,0578,-0.0,,6,3,34.7,492,+2,
,"2022. 7. 9",小倉,3小3,未勝利,未勝利*,4,4,マイネルカーライル,牡,2,和田竜二, 54 ,6,3,１, ,芝1800,重,,(栗),西園正都,1488,-0.2,1,1,1,34.2,472,+4,
,"2022. 7. 9",小倉,3小3,未勝利,障害未勝利,8,10,タガノペルマネンテ,牝,5,黒岩悠, 58 ,10,3,１, ,芝2860,重,,(栗),平田修,3074,-2.6,1,1,1,13.1,446,-12,
,"2022. 7. 3",小倉,3小2,1勝,１勝ｸﾗｽ,8,13,キングズソード,牡,3,今村聖奈,50★,13,1,１, ,ダ1700,良,,(栗),寺島良,1454,-0.7,8,6,5,38.4,498,0,
,"2022. 7. 3",小倉,3小2,Ｇ３,ＣＢＣ賞ＨG3,3,5,テイエムスパーダ,牝,3,今村聖奈, 48 ,17,2,１, ,芝1200,良,,(栗),五十嵐忠,1058,-0.6,,1,1,34.0,486,-2,
,"2022. 7. 3",小倉,3小2,2勝,西部スポ･2勝,7,9,ディパッセ,牡,3,川田将雅, 54 ,12,1,１, ,ダ1700,良,,(栗),高柳大輔,1460,-0.6,1,1,1,36.8,474,-12,
,"2022. 7. 3",小倉,3小2,1勝,国東特別･1勝,2,2,ガイアフォース,牡,3,松山弘平, 54 ,10,1,１, ,芝2000,良,,(栗),杉山晴紀,1568,-1.1,2,2,1,35.4,490,+2,
,"2022. 7. 3",小倉,3小2,1勝,１勝ｸﾗｽ・牝,4,4,カフジテトラゴン,牝,3,富田暁, 52 ,12,1,１, ,芝1200,良,,(栗),武英智,1068,-0.3,,2,2,34.2,448,+4,
,"2022. 7. 3",小倉,3小2,1勝,１勝ｸﾗｽ,5,6,サンライズグリット,牡,4,松山弘平, 57 ,12,2,１, ,ダ1700,良,,(栗),音無秀孝,1450,-0.1,3,2,2,37.6,458,-2,
,"2022. 7. 3",小倉,3小2,新馬,新馬,6,6,ロンドンプラン,牡,2,松山弘平, 54 ,9,3,１, ,芝1200,良,,(栗),宮本博,1082,-0.3,,3,3,34.4,508,,
,"2022. 7. 3",小倉,3小2,新馬,新馬,6,6,アリスヴェリテ,牝,2,川田将雅, 54 ,8,3,１, ,芝1800,良,,(栗),中竹和也,1506,-0.2,5,4,4,35.2,448,,
,"2022. 7. 3",小倉,3小2,未勝利,未勝利・牝,5,10,オースミリン,牝,3,西村淳也, 54 ,16,3,１, ,ダ1700,良,,(栗),荒川義之,1463,-0.3,8,5,3,38.2,444,+4,
,"2022. 7. 3",小倉,3小2,未勝利,未勝利,4,6,ゴーウィズフェイス,牝,3,富田暁, 54 ,14,1,１, ,ダ1000,良,,(栗),長谷川浩,0587,-0.2,,1,1,35.9,472,+2,
,"2022. 7. 3",小倉,3小2,未勝利,未勝利,3,5,クラシックステップ,牡,3,北村友一, 56 ,16,5,１, ,芝1800,良,,(栗),安田隆行,1467,-0.4,7,6,5,34.8,470,-6,
,"2022. 7. 3",小倉,3小2,未勝利,障害未勝利,4,4,ニホンピロヘイロー,牝,7,中村将之, 58 ,8,1,１, ,芝2860,良,,(栗),服部利之,3083,-1.1,1,1,1,13.2,474,-8,
,"2022. 7. 2",小倉,3小1,1勝,１勝ｸﾗｽ,8,14,ゴッドクインビー,牝,3,角田大河,49▲,14,2,１, ,ダ1000,良,,(栗),角田晃一,0584,-0.1,,1,1,35.8,440,+4,
,"2022. 7. 2",小倉,3小1,3勝,九州スポ･3勝,6,12,ヴァンヤール,牡,4,荻野極, 57 ,16,7,１, ,ダ1700,良,,(栗),庄野靖志,1457,-0.0,7,4,5,37.3,526,+4,
,"2022. 7. 2",小倉,3小1,2勝,彦島特別･2勝,1,1,シルキーヴォイス,牡,4,川田将雅, 57 ,10,1,１, ,芝2600,良,,(栗),池江泰寿,2364,-0.1,9,9,6,35.6,484,-2,B
,"2022. 7. 2",小倉,3小1,1勝,秋吉台特･1勝,8,12,シゲルカチョウ,牝,4,川田将雅, 55 ,12,1,１, ,芝1200,良,,(栗),高橋康之,1070,-0.0,,2,2,34.3,496,-2,
,"2022. 7. 2",小倉,3小1,1勝,１勝ｸﾗｽ・牝,7,7,アメリカンスター,牝,3,秋山真一, 52 ,10,5,１, ,芝1800,良,,(栗),武幸四郎,1455,-0.3,3,3,3,35.2,494,+16,
,"2022. 7. 2",小倉,3小1,未勝利,未勝利,7,13,ブライトホルン,牡,3,松本大輝,54△,16,6,１, ,ダ1700,良,*,(栗),渡辺薫彦,1463,-0.3,2,1,1,38.3,466,-12,
,"2022. 7. 2",小倉,3小1,新馬,新馬,6,7,マルモリキング,牡,2,富田暁, 54 ,11,3,１, ,ダ1000,良,,(栗),大橋勇樹,0597,-0.0,,2,2,35.8,518,,
,"2022. 7. 2",小倉,3小1,新馬,新馬・九,2,3,サツマノオンナ,牝,2,松山弘平, 54 ,18,2,１, ,芝1200,良,,(栗),新谷功一,1093,-1.0,,1,1,35.9,440,,
,"2022. 7. 2",小倉,3小1,未勝利,未勝利,5,8,アスクビギンアゲン,牡,3,幸英明, 56 ,15,6,１, ,芝2000,良,,(栗),梅田智之,1591,-0.3,13,10,2,35.0,534,-18,
,"2022. 7. 2",小倉,3小1,未勝利,未勝利,5,9,エンジェルシリカ,牝,3,坂井瑠星, 54 ,18,4,１, ,芝1200,良,,(栗),矢作芳人,1076,-0.4,,2,2,35.3,454,+14,
,"2022. 7. 2",小倉,3小1,未勝利,未勝利・牝,6,7,イプノーズ,牝,3,今村聖奈,50★,12,1,１, ,ダ1000,良,,(栗),大久保龍,0588,-0.7,,1,1,36.0,442,0,
,"2022. 7. 2",小倉,3小1,未勝利,未勝利*,5,5,ウメムスビ,牡,2,角田大河,51▲,10,1,１, ,芝1200,良,,(栗),新谷功一,1084,-0.2,,2,2,35.7,438,+4,
,"2022. 2.27",小倉,2小6,1勝,１勝ｸﾗｽ・牝,2,3,ウインミニヨン,牝,4,横山和生, 54 ,16,1,１, ,芝2000,良,,(栗),長谷川浩,1595,-0.0,5,3,2,35.8,420,0,
,"2022. 2.27",小倉,2小6,3勝,下関Ｓ･3勝,3,6,トップオブメジャー,牡,6,吉田隼人, 57 ,18,11,１, ,芝1200,良,,(栗),辻野泰之,1074,-0.2,,5,3,33.8,496,0,B
,"2022. 2.27",小倉,2小6,1勝,稲佐山特･1勝,5,6,マベルロンジュ,牝,5,横山和生, 55 ,12,1,１, ,芝2600,良,,(美),水野貴広,2389,-0.2,3,3,3,36.0,464,+2,B
,"2022. 2.27",小倉,2小6,1勝,ネモフィ･1勝,1,2,テーオードレフォン,牡,3,川須栄彦, 56 ,16,5,１, ,ダ1700,良,*,(栗),梅田智之,1472,-0.0,9,8,7,38.4,488,+2,
,"2022. 2.27",小倉,2小6,1勝,１勝ｸﾗｽ,8,18,ファイアダンサー,牝,4,丹内祐次, 55 ,18,1,１, ,芝1200,良,,(美),高橋祥泰,1090,-0.3,,2,2,34.1,456,-4,
,"2022. 2.27",小倉,2小6,1勝,１勝ｸﾗｽ,1,2,ラグラスドシエル,牝,4,永島まな,50★,16,7,１, ,ダ1700,良,,(栗),浅見秀一,1470,-0.3,7,9,10,38.0,444,-10,
,"2022. 2.27",小倉,2小6,未勝利,未勝利,1,1,マイネルクリソーラ,牡,3,丹内祐次, 56 ,13,6,１, ,芝2000,良,,(美),中野栄治,2002,-0.3,7,4,2,36.3,450,0,
,"2022. 2.27",小倉,2小6,未勝利,未勝利,2,3,ゲンパチレオニダス,牡,3,荻野極, 56 ,18,2,１, ,芝1200,良,,(栗),牧浦充徳,1091,-0.2,,1,1,34.3,484,0,
,"2022. 2.27",小倉,2小6,未勝利,障害未勝利,6,8,インビジブルレイズ,牡,8,難波剛健, 60 ,12,2,１, ,芝2860,良,,(栗),吉村圭司,3122,-0.1,6,5,4,13.4,482,+8,
,"2022. 2.27",小倉,2小6,未勝利,未勝利,7,12,アスターヘキサゴン,牡,3,松本大輝,53▲,14,1,１, ,ダ1000,良,,(栗),中竹和也,0599,-0.3,,2,2,36.1,464,-4,
,"2022. 2.27",小倉,2小6,未勝利,未勝利,2,3,サトノルフィアン,牡,3,泉谷楓真,55☆,16,4,１, ,芝1800,良,,(栗),南井克巳,1481,-0.1,6,3,3,35.5,504,-4,
,"2022. 2.27",小倉,2小6,未勝利,未勝利・牝,4,8,メイショウホマレ,牝,3,小沢大仁,52△,16,2,１, ,ダ1700,良,,(栗),松永昌博,1478,-0.2,1,1,1,39.2,454,0,
,"2022. 2.26",小倉,2小5,1勝,１勝ｸﾗｽ,2,4,ロッソモラーレ,牡,5,西村淳也, 57 ,16,2,１, ,芝1800,良,,(美),清水英克,1474,-0.2,1,1,1,35.2,478,0,B
,"2022. 2.26",小倉,2小5,2勝,八代特別･2勝,6,7,ウエストンバート,牡,4,吉田隼人, 56 ,12,2,１, ,芝2000,良,,(栗),吉岡辰弥,1595,-0.2,3,3,3,34.2,538,+2,
,"2022. 2.26",小倉,2小5,2勝,早鞆特Ｈ･2勝,6,12,リキサントライ,牡,4,古川吉洋, 55 ,16,5,１, ,ダ1700,良,,(栗),池添兼雄,1451,-0.1,7,8,4,36.8,496,+6,
,"2022. 2.26",小倉,2小5,1勝,合馬特別･1勝,5,9,ジュストコル,牡,4,吉田隼人, 57 ,18,4,１, ,芝1200,良,,(栗),大久保龍,1083,-0.2,,1,1,34.6,524,-6,B
,"2022. 2.26",小倉,2小5,ｵｰﾌﾟﾝ,春麗ジャ,6,7,マイネルヴァッサー,牡,9,小野寺祐, 60 ,12,2,１, ,芝3390,良,,(美),土田稔,3454,-0.9,8,6,5,13.3,426,-2,
,"2022. 2.26",小倉,2小5,1勝,１勝ｸﾗｽ・牝,5,9,コトブキアルニラム,牝,4,秋山稔樹,53☆,15,6,１, ,ダ1700,良,,(美),萱野浩二,1473,-0.0,11,10,7,38.5,442,-2,
,"2022. 2.26",小倉,2小5,未勝利,未勝利,4,4,リュミエールノワル,牡,3,横山和生, 56 ,12,4,１, ,芝2000,良,,(栗),松永幹夫,2021,-0.2,3,4,4,36.2,470,0,
,"2022. 2.26",小倉,2小5,未勝利,未勝利・牝,1,1,ゴールドエクリプス,牝,3,松本大輝,51▲,16,7,１, ,芝1800,良,,(栗),大久保龍,1498,-0.3,10,11,10,34.0,486,,
,"2022. 2.26",小倉,2小5,未勝利,障害未勝利,8,12,クリエイトザライフ,セ,6,北沢伸也, 60 ,12,1,１, ,芝2860,良,,(栗),吉岡辰弥,3136,-0.4,3,3,3,13.5,492,-2,
,"2022. 2.26",小倉,2小5,1勝,１勝ｸﾗｽ,7,12,デアリングウーマン,牝,4,小沢大仁,53△,14,1,１, ,ダ1000,良,,(栗),角田晃一,0594,-0.1,,3,2,36.4,434,+2,
,"2022. 2.26",小倉,2小5,未勝利,未勝利,2,4,ニシノデフィレ,牡,3,西村淳也, 56 ,18,2,１, ,芝1200,良,,(栗),宮本博,1083,-0.3,,2,2,34.7,510,+6,B
,"2022. 2.26",小倉,2小5,未勝利,未勝利,2,3,ルイナールカズマ,牡,3,浜中俊, 56 ,16,1,１, ,ダ1700,良,,(栗),奥村豊,1467,-0.1,9,2,3,38.1,496,+8,
,"2022. 2.20",小倉,2小4,1勝,１勝ｸﾗｽ,2,4,シュアーヴアリア,牝,4,荻野極, 55 ,18,4,１, ,芝1200,稍,*,(美),高橋裕,1102,-0.2,,1,1,35.4,476,-4,B
,"2022. 2.20",小倉,2小4,Ｇ３,小倉大賞ＨG3,8,16,アリーヴォ,牡,4,横山和生, 54 ,16,1,１, ,芝1800,稍,*,(栗),杉山晴紀,1492,-0.3,9,8,8,35.3,502,+2,
,"2022. 2.20",小倉,2小4,2勝,伊万里特･2勝,4,6,エルズリー,牝,6,泉谷楓真, 55 ,14,5,１, ,ダ1000,重,*,(栗),吉岡辰弥,0583,-0.1,,8,3,35.3,528,-2,
,"2022. 2.20",小倉,2小4,1勝,あざみ賞･1勝,6,12,テイエムスパーダ,牝,3,国分恭介, 54 ,16,3,１, ,芝1200,稍,,(栗),五十嵐忠,1103,-0.5,,2,2,35.2,490,+6,
,"2022. 2.20",小倉,2小4,1勝,１勝ｸﾗｽ,6,8,ゾンニッヒ,牡,4,松本大輝,53▲,13,1,１, ,芝2000,稍,,(栗),池江泰寿,2032,-0.5,6,8,6,35.9,472,+6,
,"2022. 2.20",小倉,2小4,1勝,１勝ｸﾗｽ・牝,8,15,バライロノキセキ,牝,4,松本大輝,51▲,16,1,１, ,ダ1700,重,,(栗),中竹和也,1465,-0.0,6,7,6,36.7,474,-6,
,"2022. 2.20",小倉,2小4,未勝利,未勝利,7,14,タガノバルコス,牡,3,藤岡康太, 56 ,16,4,１, ,芝1800,重,,(栗),鮫島一歩,1514,-0.1,5,4,3,36.6,484,0,
,"2022. 2.20",小倉,2小4,未勝利,未勝利,8,17,スクリーンショット,牝,3,丹内祐次, 54 ,18,1,１, ,芝1200,重,,(美),杉浦宏昭,1104,-0.5,,2,2,35.1,496,0,
,"2022. 2.20",小倉,2小4,未勝利,障害未勝利,8,10,サンティーニ,セ,7,五十嵐雄, 60 ,11,1,１, ,芝2860,重,,(美),尾関知人,3134,-0.2,1,1,1,13.5,494,+6,
,"2022. 2.20",小倉,2小4,1勝,１勝ｸﾗｽ,5,8,ビーアイフェリペ,牡,4,菱田裕二, 57 ,14,3,１, ,ダ1000,重,*,(栗),新谷功一,0588,-0.1,,7,7,35.2,516,+20,
,"2022. 2.20",小倉,2小4,未勝利,未勝利・牝,6,11,ダイム,牝,3,横山和生, 54 ,15,2,１, ,芝2000,重,,(栗),昆貢,2029,-0.2,3,2,1,36.8,440,-2,
,"2022. 2.20",小倉,2小4,未勝利,未勝利,2,3,エアフォースワン,牡,3,菱田裕二, 56 ,16,3,１, ,ダ1700,重,,(栗),大根田裕,1468,-0.0,15,6,6,37.0,452,-4,
,"2022. 2.19",小倉,2小3,1勝,１勝ｸﾗｽ,6,12,シゲルヒカルダイヤ,牡,6,浜中俊, 57 ,16,4,１, ,ダ1700,稍,,(栗),橋田満,1454,-0.2,2,2,2,37.8,532,-4,
,"2022. 2.19",小倉,2小3,2勝,大濠特別･2勝,1,1,ヴィズサクセス,牡,5,岩田康誠, 57 ,18,2,１, ,芝1200,重,,(美),奥村武,1100,-0.1,,4,2,35.5,484,+2,
,"2022. 2.19",小倉,2小3,2勝,皿倉山Ｈ･2勝,2,3,テンカハル,牡,4,吉田隼人, 54 ,16,5,１, ,芝2600,重,,(栗),矢作芳人,2444,-0.1,10,13,11,36.7,490,-4,
,"2022. 2.19",小倉,2小3,1勝,脊振山特･1勝,8,12,ホウオウジョルノ,牡,4,斎藤新, 56 ,12,4,１, ,芝1800,重,,(栗),安田翔伍,1518,-0.1,1,1,1,36.2,472,+10,
,"2022. 2.19",小倉,2小3,1勝,１勝ｸﾗｽ,5,5,ワセダハーツ,牡,4,西村淳也, 56 ,11,1,１, ,ダ2400,稍,,(栗),橋口慎介,2350,-0.2,6,4,5,39.6,426,-8,
,"2022. 2.19",小倉,2小3,1勝,１勝ｸﾗｽ・牝,1,2,アインゲーブング,牝,4,丹内祐次, 54 ,16,1,１, ,芝1800,稍,,(美),黒岩陽一,1513,-0.0,3,2,1,36.9,454,+6,
,"2022. 2.19",小倉,2小3,未勝利,未勝利,6,9,ゼンノインヴォーク,牡,3,富田暁, 56 ,13,4,１, ,芝2000,稍,,(栗),四位洋文,2042,-0.1,6,4,4,37.4,446,+2,
,"2022. 2.19",小倉,2小3,未勝利,障害未勝利,8,9,バーンスター,牡,6,黒岩悠, 60 ,9,2,１, ,芝2860,稍,,(栗),谷潔,3166,-0.0,5,5,4,13.7,506,+2,
,"2022. 2.19",小倉,2小3,ｵｰﾌﾟﾝ,障害・オープ,5,5,マイサンシャイン,牡,6,平沢健治, 60 ,12,2,１, ,芝2860,稍,*,(栗),五十嵐忠,3124,-0.2,3,2,2,13.5,490,-4,
,"2022. 2.19",小倉,2小3,未勝利,未勝利,5,7,イスラアネーロ,牡,3,岩田康誠, 56 ,14,1,１, ,ダ1000,稍,,(栗),吉村圭司,0597,-1.0,,1,2,36.4,436,0,
,"2022. 2.19",小倉,2小3,未勝利,未勝利・牝,5,10,ニホンピロポート,牝,3,吉田隼人, 54 ,18,6,１, ,芝1200,稍,,(栗),安達昭夫,1105,-0.0,,2,3,35.6,434,-2,
,"2022. 2.19",小倉,2小3,未勝利,未勝利,5,9,サンレブンワース,牡,3,浜中俊, 56 ,16,4,１, ,ダ1700,稍,,(栗),長谷川浩,1490,-0.7,10,2,2,39.0,518,+4,
,"2022. 2.13",小倉,2小2,1勝,１勝ｸﾗｽ,4,7,シゲルバクハツ,牡,4,西谷凜,53▲,15,1,１, ,ダ1700,稍,,(栗),谷潔,1465,-0.6,9,11,5,37.9,506,+2,
,"2022. 2.13",小倉,2小2,ｵｰﾌﾟﾝ,北九州短,7,14,ビオグラフィー,牝,5,藤岡佑介, 54 ,18,6,１, ,芝1200,稍,,(栗),藤岡健一,1087,-0.0,,2,2,35.0,488,-6,
,"2022. 2.13",小倉,2小2,2勝,太宰府特･2勝,8,12,ソニックベガ,牝,5,西村淳也, 55 ,13,5,１, ,芝1800,稍,,(栗),田中克典,1493,-0.2,5,4,6,36.0,464,-4,
,"2022. 2.13",小倉,2小2,1勝,あすなろ･1勝,6,6,シーグラス,牝,3,丹内祐次, 54 ,8,4,１, ,芝2000,稍,,(美),武藤善則,2034,-0.1,8,4,3,36.5,412,-8,
,"2022. 2.13",小倉,2小2,1勝,１勝ｸﾗｽ,4,6,プラチナムレイアー,牡,4,西村淳也, 57 ,14,2,１, ,ダ1000,稍,,(栗),吉岡辰弥,0593,-0.1,,1,1,36.7,494,+14,B
,"2022. 2.13",小倉,2小2,1勝,１勝ｸﾗｽ・牝,2,2,エンジェルサークル,牝,5,菅原明良, 55 ,15,11,１, ,芝2000,稍,,(美),中川公成,2016,-0.2,9,8,6,37.0,446,0,B
,"2022. 2.13",小倉,2小2,1勝,１勝ｸﾗｽ,6,12,バトーデュシエル,牝,5,横山和生, 55 ,18,1,１, ,芝1200,稍,,(栗),安田翔伍,1093,-0.2,,10,7,34.8,484,0,B
,"2022. 2.13",小倉,2小2,未勝利,未勝利,8,10,エーデルブルーメ,牝,3,横山和生, 54 ,11,1,１, ,芝2000,稍,,(栗),安田隆行,2030,-0.4,3,2,1,35.6,466,-4,
,"2022. 2.13",小倉,2小2,未勝利,障害未勝利,3,3,ゼノヴァース,牡,5,五十嵐雄, 60 ,11,1,１, ,芝2860,稍,,(美),藤沢和雄,3126,-1.4,3,3,1,13.5,466,-4,
,"2022. 2.13",小倉,2小2,未勝利,未勝利,8,8,パーティーベル,牡,3,横山和生, 56 ,8,1,１, ,ダ1700,稍,,(栗),松永幹夫,1483,-1.3,4,4,2,38.2,458,0,
,"2022. 2.13",小倉,2小2,未勝利,未勝利,3,5,エスオーライアン,牡,3,富田暁, 56 ,18,2,１, ,芝1200,稍,,(栗),木原一良,1099,-0.1,,15,13,34.5,450,+2,
,"2022. 2.13",小倉,2小2,未勝利,未勝利・牝,4,6,レガーミ,牝,3,富田暁, 54 ,14,2,１, ,ダ1700,稍,,(栗),木原一良,1482,-1.0,2,2,1,40.0,494,0,
,"2022. 2.12",小倉,2小1,1勝,１勝ｸﾗｽ,1,1,アスクキングコング,セ,4,原優介,54▲,18,4,１, ,芝1200,良,,(栗),梅田智之,1081,-0.1,,9,7,34.0,446,0,
,"2022. 2.12",小倉,2小1,2勝,和布刈特･2勝,8,12,ギブミーラブ,牝,4,浜中俊, 54 ,13,5,１, ,ダ1700,良,,(栗),藤岡健一,1466,-0.1,9,5,4,39.0,480,+2,
,"2022. 2.12",小倉,2小1,2勝,帆柱山Ｈ･2勝,8,16,サトノジヴェルニー,牡,5,松若風馬, 54 ,18,7,１, ,芝1200,良,,(栗),音無秀孝,1073,-0.2,,3,3,34.1,464,+8,
,"2022. 2.12",小倉,2小1,1勝,唐戸特別･1勝,7,7,ウインリブルマン,牡,4,松若風馬, 56 ,10,1,１, ,芝2000,良,,(栗),飯田雄三,2009,-0.1,2,2,1,35.5,522,+4,
,"2022. 2.12",小倉,2小1,1勝,１勝ｸﾗｽ,5,5,ハーツオブシャカ,牡,4,松若風馬, 56 ,11,4,１, ,芝2600,良,,(栗),鮫島一歩,2386,-0.5,6,3,2,35.4,460,+8,
,"2022. 2.12",小倉,2小1,1勝,１勝ｸﾗｽ・牝,4,4,ノットイェット,牝,4,原優介,51▲,10,1,１, ,ダ1700,良,,(美),武藤善則,1472,-0.0,1,1,1,39.2,480,+4,B
,"2022. 2.12",小倉,2小1,未勝利,未勝利,7,12,アップストローク,セ,3,丹内祐次, 56 ,15,4,１, ,芝1800,良,,(美),杉浦宏昭,1475,-0.5,7,2,1,35.5,454,-12,
,"2022. 2.12",小倉,2小1,未勝利,障害未勝利,6,6,ルヴォルグ,セ,6,五十嵐雄, 60 ,10,1,１, ,芝2860,良,,(美),藤沢和雄,3079,-2.3,2,1,1,13.1,528,0,
,"2022. 2.12",小倉,2小1,ｵｰﾌﾟﾝ,障害・オープ,6,9,セプタリアン,セ,6,平沢健治, 61 ,14,1,１, ,芝3390,良,,(栗),池添学,3439,-0.0,1,2,1,13.2,504,+10,
,"2022. 2.12",小倉,2小1,未勝利,未勝利・牝,3,4,アカザ,牝,3,丹内祐次, 54 ,14,4,１, ,ダ1000,良,,(美),古賀史生,1001,-0.0,,5,5,36.8,442,-2,
,"2022. 2.12",小倉,2小1,未勝利,未勝利,8,17,ショウナンナウシカ,牝,3,秋山稔樹,53☆,18,4,１, ,芝1200,良,,(美),大竹正博,1084,-0.1,,6,4,34.4,456,+18,
,"2022. 2.12",小倉,2小1,未勝利,未勝利,7,8,サドル,牡,3,岩田康誠, 56 ,10,1,１, ,ダ1700,良,,(栗),庄野靖志,1477,-0.9,1,1,1,37.1,488,+4,
,"2022. 2. 6",小倉,1小8,1勝,１勝ｸﾗｽ・牝,7,15,カレンヒメ,牝,5,横山和生, 55 ,18,3,１, ,芝1200,良,,(栗),安田翔伍,1086,-0.1,,2,1,34.4,430,0,
,"2022. 2. 6",小倉,1小8,ｵｰﾌﾟﾝ,関門橋Ｓ,3,3,ダブルシャープ,牡,7,浜中俊, 56 ,12,2,１, ,芝2000,良,,(栗),渡辺薫彦,2000,-0.0,3,4,2,34.1,498,+4,
,"2022. 2. 6",小倉,1小8,2勝,由布院Ｈ･2勝,5,10,ラボエーム,牝,5,藤岡康太, 52 ,16,3,１, ,ダ1700,良,,(栗),大根田裕,1458,-0.2,9,5,4,37.3,446,-6,
,"2022. 2. 6",小倉,1小8,1勝,波佐見特･1勝,6,11,イザニコス,牝,4,丹内祐次, 54 ,16,11,１, ,芝1800,良,,(美),和田正一,1478,-0.0,3,3,3,35.9,442,+6,
,"2022. 2. 6",小倉,1小8,1勝,１勝ｸﾗｽ,1,1,ディクテオン,セ,4,吉田隼人, 56 ,11,1,１, ,ダ2400,良,,(栗),吉岡辰弥,2361,-0.9,7,8,5,37.3,512,+6,
,"2022. 2. 6",小倉,1小8,未勝利,未勝利,7,13,パフィリア,牡,3,藤岡佑介, 56 ,16,3,１, ,芝1800,良,,(栗),石坂公一,1485,-0.3,16,5,3,35.5,482,+10,
,"2022. 2. 6",小倉,1小8,未勝利,未勝利,7,15,アスターディゴン,牡,3,吉田隼人, 56 ,18,1,１, ,芝1200,良,,(栗),中竹和也,1095,-0.1,,4,2,34.2,466,0,
,"2022. 2. 6",小倉,1小8,新馬,新馬,3,6,ファンジオ,牡,3,城戸義政, 56 ,16,14,１, ,芝2000,良,,(栗),藤岡健一,2034,-0.0,1,1,1,35.0,512,,
,"2022. 2. 6",小倉,1小8,未勝利,障害未勝利,6,6,イッツトゥルー,牡,4,森一馬, 59 ,10,4,１, ,芝2860,良,,(栗),中尾秀正,3109,-0.7,1,1,1,13.3,474,+10,
,"2022. 2. 6",小倉,1小8,1勝,１勝ｸﾗｽ,4,6,エルズリー,牝,6,藤岡康太, 55 ,14,1,１, ,ダ1000,良,,(栗),吉岡辰弥,0593,-0.0,,2,2,35.7,530,+4,
,"2022. 2. 6",小倉,1小8,未勝利,未勝利・牝,5,10,コルベイユ,牝,3,勝浦正樹, 54 ,16,4,１, ,芝1800,良,,(美),新開幸一,1503,-0.0,1,1,1,35.2,426,+2,
,"2022. 2. 6",小倉,1小8,未勝利,未勝利,1,2,トランソニック,牡,3,富田暁, 56 ,16,2,１, ,ダ1700,良,,(栗),武英智,1488,-0.1,3,6,3,38.3,470,+6,
,"2022. 2. 5",小倉,1小7,1勝,１勝ｸﾗｽ,8,18,スマートルシーダ,牡,4,松若風馬, 57 ,18,5,１, ,芝1200,良,,(栗),音無秀孝,1090,-0.2,,7,6,34.0,466,-2,
,"2022. 2. 5",小倉,1小7,2勝,玄海特別･2勝,3,3,メイショウテンモン,牡,7,松若風馬, 57 ,10,5,１, ,芝1800,良,,(栗),松永昌博,1490,-0.0,1,1,2,35.8,510,+2,B
,"2022. 2. 5",小倉,1小7,1勝,角島特別･1勝,3,3,ダンツトレノ,牡,4,泉谷楓真, 56 ,8,1,１, ,ダ1700,良,,(栗),本田優,1474,-0.6,1,1,1,38.5,478,-8,
,"2022. 2. 5",小倉,1小7,1勝,かささぎ･1勝,7,13,ゼットレヨン,牡,3,酒井学, 56 ,18,6,１, ,芝1200,良,,(栗),吉田直弘,1091,-0.0,,1,1,35.4,474,+2,
,"2022. 2. 5",小倉,1小7,1勝,１勝ｸﾗｽ,2,2,ショウサンイチマツ,牡,4,松本大輝,53▲,9,3,１, ,芝2600,良,,(栗),松下武士,2413,-0.7,1,1,1,34.9,452,+2,
,"2022. 2. 5",小倉,1小7,1勝,１勝ｸﾗｽ・牝,1,1,メイショウハナモモ,牝,4,小沢大仁,52△,12,3,１, ,ダ1700,良,,(栗),松永昌博,1483,-0.2,3,4,3,37.6,460,0,
,"2022. 2. 5",小倉,1小7,未勝利,未勝利,3,3,リカンカブール,牡,3,藤岡康太, 56 ,14,4,１, ,芝2000,良,,(栗),田中克典,2020,-0.1,7,6,6,34.9,480,+8,
,"2022. 2. 5",小倉,1小7,未勝利,障害未勝利,6,6,テリオスルイ,牡,4,中村将之, 59 ,8,1,１, ,芝2860,良,,(栗),松下武士,3102,-0.7,1,1,1,13.3,468,0,
,"2022. 2. 5",小倉,1小7,未勝利,障害未勝利,4,4,ロイヤルアッシュ,牡,4,石神深一, 59 ,10,4,１, ,芝2860,良,,(美),池上昌和,3112,-1.3,2,1,1,13.4,482,+12,
,"2022. 2. 5",小倉,1小7,未勝利,未勝利,8,13,ユウグロスファクタ,牝,3,松本大輝,51▲,14,6,１, ,ダ1000,良,,(栗),新谷功一,0597,-0.2,,2,2,36.1,498,-4,
,"2022. 2. 5",小倉,1小7,未勝利,未勝利・牝,4,7,メモリーレゾン,牝,3,古川吉洋, 54 ,18,2,１, ,芝1200,良,,(栗),長谷川浩,1089,-0.1,,15,14,33.8,450,-6,
,"2022. 2. 5",小倉,1小7,未勝利,未勝利,7,10,クロステック,牡,3,岩田康誠, 56 ,12,4,１, ,ダ1700,良,,(栗),大久保龍,1487,-0.3,6,2,2,38.3,470,-4,
,"2022. 1.30",小倉,1小6,1勝,１勝ｸﾗｽ,5,8,ダノンターキッシュ,牡,4,藤岡康太, 56 ,14,1,１, ,芝2000,良,,(栗),寺島良,2002,-0.1,11,10,10,34.9,452,-2,
,"2022. 1.30",小倉,1小6,3勝,巌流島Ｈ･3勝,5,9,メイショウミモザ,牝,5,丹内祐次, 53 ,18,11,１, ,芝1200,良,,(栗),池添兼雄,1073,-0.5,,8,8,33.9,456,0,B
,"2022. 1.30",小倉,1小6,2勝,平尾台特･2勝,6,8,ピクシーメイデン,牝,6,吉田隼人, 55 ,13,1,１, ,ダ1700,良,,(栗),野中賢二,1466,-0.2,8,2,2,38.0,452,-2,
,"2022. 1.30",小倉,1小6,1勝,宝満山特･1勝,8,9,トーホウバロン,牡,4,菱田裕二, 56 ,10,2,１, ,芝2600,良,,(栗),石坂公一,2413,-0.1,9,7,5,34.9,488,+6,
,"2022. 1.30",小倉,1小6,1勝,１勝ｸﾗｽ・若,6,7,マイトレジャーフジ,牡,4,秋山稔樹,55☆,12,5,１, ,芝1200,良,,(栗),牧田和弥,1089,-0.0,,9,9,34.6,464,0,
,"2022. 1.30",小倉,1小6,1勝,１勝ｸﾗｽ,6,11,ラヴィータエベラ,牡,5,小沢大仁,55△,16,5,１, ,ダ1700,良,,(栗),田中克典,1459,-1.6,1,1,1,38.6,504,-8,
,"2022. 1.30",小倉,1小6,未勝利,未勝利,3,4,サンライズスコール,牡,3,松若風馬, 56 ,14,4,１, ,芝1800,良,*,(栗),石坂公一,1498,-0.0,4,5,5,35.9,450,+10,
,"2022. 1.30",小倉,1小6,新馬,新馬,5,9,サンダビューク,牡,3,秋山稔樹,55☆,18,3,１, ,芝1200,良,,(美),蛯名利弘,1100,-0.2,,4,7,34.8,466,,
,"2022. 1.30",小倉,1小6,未勝利,障害未勝利,8,11,グランドレグルス,牡,4,蓑島靖典, 59 ,12,2,１, ,芝2860,良,,(美),伊藤伸一,3098,-0.4,3,2,2,13.3,464,+2,
,"2022. 1.30",小倉,1小6,未勝利,未勝利,2,2,キョウエイゾロ,牝,3,小林凌大,51▲,13,11,１, ,ダ1000,良,,(美),伊坂重信,1002,-0.0,,8,7,36.3,464,+4,
,"2022. 1.30",小倉,1小6,未勝利,未勝利,3,6,タッカーシルバー,牝,3,小林凌大,51▲,16,2,１, ,芝1200,良,,(美),鈴木伸尋,1093,-0.1,,3,5,34.9,456,+2,
,"2022. 1.30",小倉,1小6,未勝利,未勝利・牝,3,4,レリジールダモーレ,牝,3,斎藤新, 54 ,14,2,１, ,ダ1700,良,,(栗),高橋義忠,1497,-0.1,12,11,6,38.3,440,+4,
,"2022. 1.29",小倉,1小5,1勝,１勝ｸﾗｽ,8,17,ジューンベロシティ,牡,4,富田暁, 56 ,17,3,１, ,芝1200,良,,(栗),武英智,1089,-0.1,,3,4,34.1,468,-2,
,"2022. 1.29",小倉,1小5,2勝,周防灘特･2勝,7,15,キャプテンドレイク,牡,5,藤岡康太, 57 ,18,1,１, ,芝1200,良,,(栗),今野貞一,1088,-0.0,,8,8,33.6,486,0,
,"2022. 1.29",小倉,1小5,2勝,有田特別･2勝,5,7,トモジャドット,牡,6,坂井瑠星, 57 ,14,2,１, ,ダ1000,良,,(美),小笠倫弘,0591,-0.2,,2,1,36.0,550,+4,
,"2022. 1.29",小倉,1小5,1勝,日田特別･1勝,6,8,フィアスプライド,牝,4,横山和生, 54 ,12,1,１, ,芝1800,良,,(美),国枝栄,1482,-0.3,5,6,3,33.9,474,-12,
,"2022. 1.29",小倉,1小5,ｵｰﾌﾟﾝ,牛若丸ジ,1,1,ビーオールアイズ,セ,5,植野貴也, 59 ,14,1,１, ,芝3390,良,,(栗),松下武士,3455,-0.1,9,5,4,13.3,458,+6,
,"2022. 1.29",小倉,1小5,1勝,１勝ｸﾗｽ・牝,8,16,リファインドマナー,牝,4,松本大輝,51▲,16,6,１, ,ダ1700,良,,(栗),杉山佳明,1464,-0.3,2,2,2,38.3,448,-1,
,"2022. 1.29",小倉,1小5,未勝利,未勝利,5,9,トリップトゥムーン,牡,3,菱田裕二, 56 ,16,1,１, ,芝1200,良,*,(栗),新谷功一,1094,-0.3,,9,9,34.8,450,+10,
,"2022. 1.29",小倉,1小5,未勝利,未勝利・若,4,4,ブルーゲート,牝,3,藤田菜七,52◇,13,3,１, ,芝2000,良,,(美),武井亮,2013,-0.1,1,1,1,35.7,434,+6,
,"2022. 1.29",小倉,1小5,未勝利,障害未勝利,3,3,ノストラダムス,牡,7,北沢伸也, 60 ,9,1,１, ,芝2860,良,,(栗),鈴木孝志,3071,-3.7,1,1,1,13.1,494,+4,
,"2022. 1.29",小倉,1小5,1勝,１勝ｸﾗｽ,5,6,ムジック,牝,4,長岡禎仁, 54 ,13,1,１, ,ダ1000,良,,(栗),高橋亮,0596,-0.1,,1,1,36.4,486,0,B
,"2022. 1.29",小倉,1小5,未勝利,未勝利・牝,6,7,シーグラス,牝,3,丹内祐次, 54 ,12,2,１, ,芝2000,良,,(美),武藤善則,2023,-0.0,9,3,2,35.5,420,+6,
,"2022. 1.29",小倉,1小5,未勝利,未勝利,2,2,バハルダール,牡,3,荻野極, 56 ,13,1,１, ,ダ1700,良,,(栗),池江泰寿,1491,-0.3,4,5,4,38.7,504,+4,
,"2022. 1.23",小倉,1小4,1勝,１勝ｸﾗｽ・牝,8,15,シーニックウェイ,牝,4,浜中俊, 54 ,15,1,１, ,芝2000,重,,(栗),武幸四郎,2043,-0.2,8,4,2,36.9,474,-6,
,"2022. 1.23",小倉,1小4,3勝,豊前ＳＨ･3勝,5,7,ロッシュローブ,牡,5,浜中俊, 55 ,14,3,１, ,ダ1700,重,,(栗),田中克典,1437,-0.3,5,2,2,37.7,508,+2,
,"2022. 1.23",小倉,1小4,2勝,海の中道･2勝,6,8,マイネルコロンブス,牡,5,丹内祐次, 57 ,12,7,１, ,芝2600,重,,(美),清水英克,2446,-0.0,2,1,1,38.2,468,-12,
,"2022. 1.23",小倉,1小4,1勝,八幡特別･1勝,8,16,スズノヤマト,セ,5,古川吉洋, 57 ,16,16,１, ,芝1200,重,,(美),高橋裕,1102,-0.0,,8,8,35.8,478,+12,
,"2022. 1.23",小倉,1小4,1勝,１勝ｸﾗｽ,6,11,アラモードバイオ,牡,4,鮫島克駿, 56 ,16,1,１, ,ダ1700,重,,(栗),新谷功一,1459,-0.6,1,1,1,38.1,518,+6,
,"2022. 1.23",小倉,1小4,未勝利,未勝利,4,6,メイショウウネビ,牡,3,角田大和,53▲,14,1,１, ,芝2000,重,,(栗),本田優,2045,-0.3,5,2,2,38.3,470,+4,
,"2022. 1.23",小倉,1小4,未勝利,未勝利,8,16,ミッキーハーモニー,牝,3,横山和生, 54 ,18,4,１, ,芝1200,重,,(美),萩原清,1101,-0.2,,3,3,36.1,452,+6,
,"2022. 1.23",小倉,1小4,新馬,新馬,7,13,ツッチーフェイス,牝,3,小沢大仁,52△,16,7,１, ,芝1800,重,,(栗),今野貞一,1519,-0.0,7,4,4,37.2,462,,
,"2022. 1.23",小倉,1小4,未勝利,障害未勝利,7,9,エミーリオ,牡,8,草野太郎, 60 ,12,1,１, ,芝2860,重,,(美),田中剛,3123,-0.6,3,3,2,13.4,498,+2,
,"2022. 1.23",小倉,1小4,1勝,１勝ｸﾗｽ,5,7,キュウドウクン,牡,6,松本大輝,54▲,13,7,１, ,ダ1000,稍,,(栗),森秀行,0587,-0.1,,2,1,36.1,484,+5,
,"2022. 1.23",小倉,1小4,未勝利,未勝利,5,10,ワーフデール,牝,3,横山和生, 54 ,16,1,１, ,芝1800,稍,,(栗),森田直行,1511,-0.3,2,2,1,38.1,448,0,
,"2022. 1.23",小倉,1小4,未勝利,未勝利・牝,3,3,ヴァランシエンヌ,牝,3,藤岡康太, 54 ,14,4,１, ,ダ1700,稍,,(栗),西村真幸,1489,-0.3,1,1,1,40.4,478,+16,B
,"2022. 1.22",小倉,1小3,1勝,１勝ｸﾗｽ,2,3,ララマカロン,牝,4,坂井瑠星, 54 ,18,2,１, ,芝1200,良,,(美),田中博康,1082,-0.0,,2,2,34.5,482,+18,B
,"2022. 1.22",小倉,1小3,2勝,小倉城特･2勝,5,10,サトノロイヤル,牡,4,浜中俊, 56 ,16,3,１, ,ダ1700,良,,(栗),南井克巳,1472,-0.2,2,2,2,38.1,512,+20,B
,"2022. 1.22",小倉,1小3,1勝,鳥栖特別･1勝,4,7,シティレインボー,牡,4,菱田裕二, 56 ,15,1,１, ,芝1800,良,,(栗),池添兼雄,1469,-0.2,15,15,13,34.8,484,-6,
,"2022. 1.22",小倉,1小3,1勝,萌黄賞･1勝*,1,1,ショウナンマッハ,牡,3,岩田康誠, 56 ,13,2,１, ,芝1200,良,,(栗),茶木太樹,1078,-0.4,,1,1,35.0,498,+2,
,"2022. 1.22",小倉,1小3,1勝,１勝ｸﾗｽ,2,2,マケルナマサムネ,牡,4,川又賢治, 56 ,11,5,１, ,芝2600,良,,(栗),杉山佳明,2394,-0.5,3,2,1,34.9,468,+22,B
,"2022. 1.22",小倉,1小3,1勝,１勝ｸﾗｽ・牝,2,4,スズカマクフィ,牝,4,藤岡佑介, 54 ,16,2,１, ,ダ1700,良,,(栗),橋田満,1474,-0.4,16,7,6,38.3,440,-8,
,"2022. 1.22",小倉,1小3,未勝利,未勝利,4,6,サクセスドレーク,牡,3,藤岡佑介, 56 ,14,1,１, ,芝2000,良,,(栗),野中賢二,2004,-0.3,4,3,3,35.4,490,-2,
,"2022. 1.22",小倉,1小3,未勝利,障害未勝利,1,1,シャイニーゲール,牡,8,平沢健治, 60 ,11,1,１, ,芝2860,良,,(栗),五十嵐忠,3112,-1.6,3,3,2,13.4,472,-12,
,"2022. 1.22",小倉,1小3,ｵｰﾌﾟﾝ,障害・オープ,5,6,クラウンディバイダ,セ,9,伴啓太, 60 ,12,3,１, ,芝2860,良,,(美),天間昭一,3100,-0.0,1,1,1,13.3,464,+4,
,"2022. 1.22",小倉,1小3,未勝利,未勝利,8,14,モモサン,牝,3,小林凌大,51▲,14,2,１, ,ダ1000,良,,(美),伊藤圭三,0596,-0.1,,1,1,36.6,492,-4,B
,"2022. 1.22",小倉,1小3,未勝利,未勝利・牝,5,10,アメリカンスター,牝,3,吉田隼人, 54 ,16,1,１, ,芝1800,良,,(栗),武幸四郎,1481,-0.5,2,2,2,35.9,482,-6,
,"2022. 1.22",小倉,1小3,未勝利,未勝利,2,2,スペクトログラム,牡,3,吉田隼人, 56 ,13,1,１, ,ダ1700,良,,(栗),池江泰寿,1485,-0.1,3,3,3,38.4,488,0,
,"2022. 1.16",小倉,1小2,1勝,１勝ｸﾗｽ,5,5,フォレスタ,牝,4,角田大和,51▲,12,8,１, ,芝2000,良,,(美),田中清隆,2009,-0.1,7,4,3,35.8,422,0,
,"2022. 1.16",小倉,1小2,ｵｰﾌﾟﾝ,門司Ｓ,8,14,エクレアスパークル,牡,8,荻野極, 57 ,15,8,１, ,ダ1700,良,,(栗),今野貞一,1450,-0.2,3,1,1,37.0,480,+14,B
,"2022. 1.16",小倉,1小2,2勝,小郡特別･2勝,5,6,メメントモリ,牝,5,西村淳也, 55 ,13,5,１, ,芝1200,良,*,(栗),池添学,1082,-0.2,,5,3,34.9,472,-4,
,"2022. 1.16",小倉,1小2,2勝,宇佐特別･2勝,5,8,ニホンピロタイズ,牡,4,吉田隼人, 56 ,14,3,１, ,芝1800,良,,(栗),大橋勇樹,1465,-0.2,7,7,6,34.7,500,+10,
,"2022. 1.16",小倉,1小2,1勝,１勝ｸﾗｽ,8,15,ショウナンラスボス,牡,4,横山和生, 56 ,15,1,１, ,芝1200,良,,(美),奥村武,1080,-0.2,,2,2,34.4,474,0,
,"2022. 1.16",小倉,1小2,1勝,１勝ｸﾗｽ*,8,12,タイセイドレフォン,牡,3,鮫島克駿, 56 ,12,2,１, ,ダ1700,良,,(栗),西村真幸,1465,-0.1,2,3,3,38.6,498,+14,
,"2022. 1.16",小倉,1小2,未勝利,未勝利,7,13,オーソレミオ,牝,3,横山和生, 54 ,15,2,１, ,芝1800,良,,(栗),昆貢,1483,-0.5,2,2,2,35.6,440,-6,
,"2022. 1.16",小倉,1小2,新馬,新馬,7,14,ゼットレヨン,牡,3,酒井学, 56 ,16,10,１, ,芝1200,良,,(栗),吉田直弘,1093,-0.0,,1,2,35.1,472,,
,"2022. 1.16",小倉,1小2,未勝利,障害未勝利,1,1,ヒルノアローザ,牡,4,高田潤, 59 ,11,2,１, ,芝2860,良,,(栗),北出成人,3115,-0.3,3,3,3,13.4,508,0,
,"2022. 1.16",小倉,1小2,1勝,１勝ｸﾗｽ,8,12,ルーリング,牡,4,鮫島克駿, 56 ,13,6,１, ,ダ1000,良,*,(栗),浅見秀一,0597,-0.1,,8,6,36.1,518,+12,
,"2022. 1.16",小倉,1小2,未勝利,未勝利,5,10,ザウリ,牡,3,西村淳也, 56 ,18,1,１, ,芝1200,良,*,(栗),森田直行,1087,-0.0,,2,2,35.5,518,+6,
,"2022. 1.16",小倉,1小2,未勝利,未勝利・牝,4,4,グランブリッジ,牝,3,小沢大仁,52△,9,3,１, ,ダ1700,良,,(栗),新谷功一,1483,-0.7,6,4,4,39.4,434,+6,
,"2022. 1.15",小倉,1小1,1勝,１勝ｸﾗｽ,8,16,キャプテンドレイク,牡,5,藤岡康太, 57 ,18,4,１, ,芝1200,良,,(栗),今野貞一,1081,-0.2,,6,3,34.3,486,0,
,"2022. 1.15",小倉,1小1,3勝,壇之浦Ｈ･3勝,5,6,アリーヴォ,牡,4,吉田隼人, 55 ,12,1,１, ,芝1800,良,,(栗),杉山晴紀,1462,-0.0,7,6,5,34.4,500,+8,
,"2022. 1.15",小倉,1小1,2勝,響灘特別･2勝,6,6,ゴールドティア,牝,5,鮫島克駿, 55 ,10,2,１, ,ダ1700,良,,(栗),池添学,1464,-0.5,6,7,7,38.1,476,-2,B
,"2022. 1.15",小倉,1小1,1勝,呼子特別･1勝,1,1,テンカハル,牡,4,藤岡佑介, 56 ,10,3,１, ,芝2600,良,,(栗),矢作芳人,2391,-0.0,9,2,2,35.5,494,-8,
,"2022. 1.15",小倉,1小1,1勝,１勝ｸﾗｽ・牝,2,3,シャイニングフジ,牝,4,富田暁, 54 ,16,2,１, ,芝1800,良,,(栗),笹田和秀,1467,-0.1,8,7,6,34.7,490,-4,
,"2022. 1.15",小倉,1小1,1勝,１勝ｸﾗｽ,5,7,クールファイブ,牡,4,黛弘人, 56 ,13,9,１, ,ダ1700,良,,(美),柄崎孝,1479,-0.1,11,12,8,38.0,500,+22,
,"2022. 1.15",小倉,1小1,未勝利,未勝利,7,12,インザオベーション,牝,3,藤岡康太, 54 ,14,5,１, ,芝2000,良,,(栗),武幸四郎,1599,-0.3,6,4,3,36.1,452,-10,
,"2022. 1.15",小倉,1小1,未勝利,障害未勝利,3,3,スズカフロンティア,牡,8,北沢伸也, 60 ,9,1,１, ,芝2860,良,,(栗),橋田満,3085,-0.1,1,1,2,13.2,444,-4,
,"2022. 1.15",小倉,1小1,未勝利,障害未勝利,2,2,リバーシブルレーン,牡,6,石神深一, 60 ,12,2,１, ,芝2860,良,,(美),辻哲英,3069,-0.2,4,3,3,13.1,442,+20,
,"2022. 1.15",小倉,1小1,未勝利,未勝利,5,7,ミツカネプルート,牝,3,秋山稔樹,53☆,14,4,１, ,ダ1000,良,,(美),清水英克,1000,-0.3,,2,2,37.0,442,0,
,"2022. 1.15",小倉,1小1,未勝利,未勝利,7,14,グラスミヤラビ,牝,3,横山和生, 54 ,18,2,１, ,芝1200,良,,(美),大江原哲,1082,-0.2,,1,1,34.9,486,-4,
,"2022. 1.15",小倉,1小1,未勝利,未勝利,5,5,テイクザワールド,牡,3,岩田康誠, 56 ,9,2,１, ,ダ1700,良,,(栗),安田翔伍,1489,-0.0,2,2,1,38.5,448,+2,
,"2021. 9. 5",小倉,4小8,1勝,１勝ｸﾗｽ,8,11,メイショウラツワン,牡,4,武豊, 57 ,11,2,１, ,芝2600,良,,(栗),南井克巳,2410,-0.0,4,3,2,35.2,482,-2,
,"2021. 9. 5",小倉,4小8,Ｇ３,小倉２歳G3,8,9,ナムラクレア,牝,2,浜中俊, 54 ,10,4,１, ,芝1200,良,,(栗),長谷川浩,1079,-0.4,,6,7,33.9,458,+4,
,"2021. 9. 5",小倉,4小8,3勝,西日本Ｈ･3勝,7,13,メイショウダジン,牡,4,幸英明, 56 ,16,2,１, ,ダ1700,稍,,(栗),松永昌博,1438,-0.3,5,4,4,37.3,478,+2,
,"2021. 9. 5",小倉,4小8,2勝,筑後川特･2勝,8,11,ジェラルディーナ,牝,3,福永祐一, 52 ,11,1,１, ,芝1800,良,,(栗),斉藤崇史,1478,-0.3,10,10,8,33.1,438,0,
,"2021. 9. 5",小倉,4小8,1勝,１勝ｸﾗｽ,8,12,フチサンメルチャン,牡,4,小牧太, 57 ,13,8,１, ,ダ1000,稍,,(栗),服部利之,0583,-0.2,,2,2,35.0,470,-2,
,"2021. 9. 5",小倉,4小8,1勝,１勝ｸﾗｽ,7,8,スーパーウーパー,牝,3,武豊, 53 ,11,6,１, ,芝1200,良,,(栗),森秀行,1080,-0.0,,1,1,34.6,472,+16,
,"2021. 9. 5",小倉,4小8,未勝利,未勝利,1,1,ヨロシオスナ,牡,3,松山弘平, 56 ,16,1,１, ,ダ1700,稍,,(栗),角田晃一,1453,-0.1,4,3,2,38.2,494,0,
,"2021. 9. 5",小倉,4小8,新馬,新馬,8,13,ドウデュース,牡,2,武豊, 54 ,13,1,１, ,芝1800,良,,(栗),友道康夫,1502,-0.1,4,3,2,34.1,494,,
,"2021. 9. 5",小倉,4小8,未勝利,未勝利,2,3,ウインヴァカンス,牝,3,松若風馬, 54 ,18,10,１, ,芝2000,良,,(栗),寺島良,2003,-0.0,3,1,1,36.6,444,-6,B
,"2021. 9. 5",小倉,4小8,未勝利,未勝利・牝,6,11,バライロノキセキ,牝,3,松本大輝,51▲,16,1,１, ,ダ1700,稍,,(栗),中竹和也,1456,-0.0,2,2,2,38.0,470,+4,
,"2021. 9. 5",小倉,4小8,未勝利,未勝利*,6,9,タムロキュラムン,牝,2,幸英明, 54 ,13,12,１, ,芝1200,良,,(栗),西園正都,1091,-0.0,,4,4,35.1,432,+4,
,"2021. 9. 5",小倉,4小8,未勝利,障害未勝利,2,2,シェーンクラート,牡,4,五十嵐雄, 60 ,10,3,１, ,芝2860,良,,(美),稲垣幸雄,3119,-0.3,1,1,1,13.4,508,-2,
,"2021. 9. 4",小倉,4小7,1勝,１勝ｸﾗｽ,7,13,サンバデジャネイロ,牝,3,藤岡康太, 52 ,16,10,１, ,ダ1700,重,,(栗),奥村豊,1448,-0.0,14,1,1,37.2,434,+2,
,"2021. 9. 4",小倉,4小7,3勝,テレＱＨ･3勝,4,4,サヴォワールエメ,牝,5,松若風馬, 53 ,12,10,１, ,芝1200,稍,,(栗),辻野泰之,1080,-0.1,,2,2,34.6,452,-2,
,"2021. 9. 4",小倉,4小7,2勝,天草特別･2勝,4,8,タイセイアゲイン,牡,3,松若風馬, 54 ,16,2,１, ,ダ1700,重,,(栗),松下武士,1431,-0.2,4,2,2,36.7,472,0,
,"2021. 9. 4",小倉,4小7,2勝,別府特別･2勝,6,11,マイネルジェロディ,牡,3,幸英明, 55 ,18,3,１, ,芝1200,稍,*,(栗),西園正都,1083,-0.2,,7,7,34.2,460,+2,
,"2021. 9. 4",小倉,4小7,1勝,１勝ｸﾗｽ,2,2,エスコーラ,牡,3,川田将雅, 54 ,11,1,１, ,芝1800,稍,,(栗),中内田充,1479,-0.4,5,5,3,34.4,504,-2,
,"2021. 9. 4",小倉,4小7,1勝,１勝ｸﾗｽ・牝,8,14,ローレルアイリス,牝,4,松山弘平, 55 ,15,4,１, ,芝1200,稍,,(栗),杉山佳明,1085,-0.1,,4,4,34.7,442,+8,
,"2021. 9. 4",小倉,4小7,未勝利,未勝利,7,12,ララシャンドン,牡,3,川田将雅, 56 ,14,1,１, ,ダ1000,重,,(栗),坂口智康,0578,-0.1,,2,2,34.8,508,0,
,"2021. 9. 4",小倉,4小7,新馬,新馬,7,10,ダークペイジ,牝,2,浜中俊, 54 ,13,3,１, ,芝1200,稍,,(栗),吉村圭司,1098,-0.3,,3,3,34.6,448,,
,"2021. 9. 4",小倉,4小7,未勝利,未勝利,4,8,ゾンニッヒ,牡,3,松本大輝,53▲,18,8,１, ,芝2000,重,,(栗),池江泰寿,2010,-0.3,3,2,2,35.3,464,-10,
,"2021. 9. 4",小倉,4小7,未勝利,未勝利,1,2,テーオーディエス,牝,3,鮫島克駿, 54 ,18,15,１, ,芝1200,重,,(栗),宮徹,1083,-0.0,,15,14,33.9,440,0,
,"2021. 9. 4",小倉,4小7,未勝利,未勝利*,4,7,コンクパール,牝,2,川田将雅, 54 ,16,1,１, ,ダ1700,不,,(栗),中竹和也,1448,-1.4,1,1,1,39.1,482,-2,
,"2021. 9. 4",小倉,4小7,未勝利,未勝利*,8,14,アールチャレンジ,牡,2,川須栄彦, 54 ,14,10,１, ,芝1800,重,,(栗),千田輝彦,1491,-0.2,14,13,12,35.6,464,-2,
,"2021. 8.29",小倉,4小6,1勝,１勝ｸﾗｽ,6,6,メイショウツツジ,牝,3,西村淳也, 52 ,11,2,１, ,芝1200,良,,(栗),南井克巳,1078,-0.1,,4,3,33.8,428,-2,
,"2021. 8.29",小倉,4小6,ｵｰﾌﾟﾝ,小倉日経,6,6,プリンスリターン,牡,4,松若風馬, 56 ,10,3,１, ,芝1800,良,*,(栗),加用正,1463,-0.0,5,3,2,33.6,460,-2,
,"2021. 8.29",小倉,4小6,2勝,ＲＫＢＨ･2勝,6,12,カシノブレンド,セ,5,斎藤新, 54 ,16,13,１, ,ダ1700,良,,(美),蛯名利弘,1456,-0.0,14,10,6,37.3,450,0,
,"2021. 8.29",小倉,4小6,1勝,英彦山特･1勝,8,11,コーディアル,牝,3,鮫島克駿, 52 ,12,1,１, ,芝2000,良,,(栗),高野友和,1592,-0.2,10,9,8,33.8,490,-2,
,"2021. 8.29",小倉,4小6,1勝,１勝ｸﾗｽ,4,5,ピュアブリス,牝,3,松若風馬, 52 ,14,4,１, ,ダ1000,良,,(栗),杉山晴紀,0588,-0.3,,1,1,35.8,454,+4,B
,"2021. 8.29",小倉,4小6,未勝利,未勝利,6,12,エアミアーニ,牡,3,岩田望来, 56 ,16,10,１, ,芝1800,良,,(栗),笹田和秀,1470,-0.2,13,12,9,34.4,434,0,B
,"2021. 8.29",小倉,4小6,新馬,新馬,5,5,ホワイトターフ,牝,2,永島まな,50★,8,3,１, ,芝1200,良,,(栗),新谷功一,1108,-0.1,,2,1,34.9,444,,
,"2021. 8.29",小倉,4小6,新馬,新馬,2,2,マテンロウスカイ,牡,2,秋山真一, 54 ,14,4,１, ,芝2000,良,,(栗),松永幹夫,2009,-0.8,7,7,4,35.0,484,,
,"2021. 8.29",小倉,4小6,未勝利,未勝利,3,5,メイショウキートス,牝,3,中井裕二, 54 ,16,1,１, ,ダ1700,良,,(栗),中内田充,1471,-0.3,3,3,3,38.3,454,+6,
,"2021. 8.29",小倉,4小6,未勝利,未勝利・牝,7,13,メイプルリズム,牝,3,鮫島克駿, 54 ,17,2,１, ,芝2000,良,,(栗),橋口慎介,1596,-0.4,15,12,9,35.0,432,0,B
,"2021. 8.29",小倉,4小6,未勝利,未勝利,2,4,エリカヴァレリア,牝,3,浜中俊, 54 ,16,1,１, ,芝2600,良,,(栗),杉山晴紀,2384,-0.0,6,3,3,35.6,452,0,
,"2021. 8.29",小倉,4小6,未勝利,未勝利*,5,5,ケイティソルジャー,牡,2,小崎綾也, 54 ,9,1,１, ,ダ1000,良,,(栗),村山明,0589,-0.4,,1,1,36.3,486,-4,
,"2021. 8.28",小倉,4小5,1勝,１勝ｸﾗｽ,5,8,レアシャンパーニュ,牝,3,松若風馬, 52 ,14,1,１, ,芝1800,良,,(栗),音無秀孝,1460,-0.1,10,11,11,34.0,458,-2,
,"2021. 8.28",小倉,4小5,3勝,釜山Ｓ･3勝,2,2,シンシティ,牝,4,田中健, 55 ,12,3,１, ,ダ1000,良,,(栗),木原一良,0579,-0.0,,1,1,35.5,474,-2,
,"2021. 8.28",小倉,4小5,2勝,西海賞･2勝,1,1,レッドルーヴル,牝,5,荻野極, 55 ,10,4,１, ,芝2000,良,,(栗),笹田和秀,1596,-0.0,8,8,5,33.7,466,-2,
,"2021. 8.28",小倉,4小5,ｵｰﾌﾟﾝ,ひまわり,4,6,ヒノクニ,牝,2,長岡禎仁, 53 ,14,3,１, ,芝1200,良,,(美),深山雅史,1093,-0.2,,2,2,34.4,446,+12,B
,"2021. 8.28",小倉,4小5,ＪＧ３,小倉サマJG3,6,6,アサクサゲンキ,セ,6,熊沢重文, 60 ,8,1,１, ,芝3390,良,,(栗),音無秀孝,3451,-0.2,1,1,1,13.3,472,+10,
,"2021. 8.28",小倉,4小5,1勝,１勝ｸﾗｽ,2,4,フィニステール,牡,4,角田大和,54▲,16,6,１, ,ダ1700,良,,(栗),中内田充,1461,-0.3,9,6,4,37.6,474,+4,B
,"2021. 8.28",小倉,4小5,未勝利,未勝利,4,7,ビオグラフィア,牡,3,鮫島克駿, 56 ,16,3,１, ,ダ1700,良,,(栗),松下武士,1469,-0.2,14,11,10,38.4,472,-6,
,"2021. 8.28",小倉,4小5,新馬,新馬・牝,7,11,ラスマドレス,牝,2,西村淳也, 54 ,13,2,１, ,芝1800,良,,(栗),安田隆行,1473,-0.5,2,2,2,34.5,432,,
,"2021. 8.28",小倉,4小5,未勝利,未勝利,7,13,フィルムスコア,牝,3,藤懸貴志, 54 ,18,6,１, ,芝1200,良,,(栗),平田修,1075,-0.0,,1,1,33.8,454,+12,
,"2021. 8.28",小倉,4小5,未勝利,未勝利,2,2,テーオールソー,牡,3,松山弘平, 56 ,13,1,１, ,ダ1000,良,,(栗),清水久詞,0594,-0.1,,1,1,36.5,522,+6,
,"2021. 8.28",小倉,4小5,未勝利,未勝利*,7,7,キラーアビリティ,牡,2,岩田望来, 54 ,9,1,１, ,芝2000,良,,(栗),斉藤崇史,1595,-1.1,7,7,7,34.2,466,0,
,"2021. 8.28",小倉,4小5,未勝利,障害未勝利,4,4,クライムメジャー,牡,7,植野貴也, 60 ,9,1,１, ,芝2860,良,,(栗),渡辺薫彦,3133,-1.9,1,1,1,13.5,516,-6,
,"2021. 8.22",小倉,4小4,1勝,１勝ｸﾗｽ,7,7,トウシンモンブラン,牝,3,松山弘平, 52 ,8,1,１, ,芝1800,重,,(栗),杉山晴紀,1503,-0.3,4,4,4,34.8,478,+8,
,"2021. 8.22",小倉,4小4,Ｇ３,北九州記ＨG3,8,17,ヨカヨカ,牝,3,幸英明, 51 ,18,5,１, ,芝1200,稍,,(栗),谷潔,1082,-0.2,,3,3,34.4,458,+4,
,"2021. 8.22",小倉,4小4,3勝,薩摩Ｓ･3勝,5,10,アスターマリンバ,牡,4,国分優作, 57 ,16,15,１, ,ダ1700,不,,(栗),中竹和也,1433,-0.1,2,2,2,37.1,532,+10,
,"2021. 8.22",小倉,4小4,2勝,耶馬渓特･2勝,5,6,テイエムイダテン,牡,4,鮫島克駿, 57 ,13,6,１, ,芝1200,稍,,(栗),飯田雄三,1084,-0.0,,2,3,34.4,486,+8,B
,"2021. 8.22",小倉,4小4,1勝,１勝ｸﾗｽ・牝,5,10,ダノンシュネラ,牝,3,岩田望来, 52 ,16,9,１, ,ダ1700,不,,(栗),池江泰寿,1440,-0.1,2,1,1,38.0,504,+12,
,"2021. 8.22",小倉,4小4,1勝,１勝ｸﾗｽ,7,11,ニシノガブリヨリ,牡,3,松若風馬, 54 ,13,6,１, ,芝1200,稍,,(栗),橋口慎介,1085,-0.1,,3,3,34.9,474,-4,
,"2021. 8.22",小倉,4小4,未勝利,未勝利,1,1,テイエムハヤテオー,牡,3,酒井学, 56 ,14,12,１, ,ダ1000,不,,(栗),飯田雄三,0589,-0.1,,1,1,36.2,474,+8,
,"2021. 8.22",小倉,4小4,新馬,新馬,7,12,タイセイブリリオ,牡,2,鮫島克駿, 54 ,14,7,１, ,芝1200,稍,*,(栗),大橋勇樹,1098,-0.2,,1,1,35.4,464,,
,"2021. 8.22",小倉,4小4,未勝利,未勝利,5,8,ケンハービンジャー,牡,3,浜中俊, 56 ,14,1,１, ,芝2000,稍,,(栗),本田優,2017,-0.0,9,8,6,35.7,438,-2,
,"2021. 8.22",小倉,4小4,未勝利,未勝利・牝,8,15,ジェムフェザー,牝,3,岩田望来, 54 ,15,1,１, ,ダ1700,不,,(栗),藤原英昭,1451,-1.5,2,1,1,37.5,470,0,
,"2021. 8.22",小倉,4小4,未勝利,未勝利*,5,10,サウンドクレア,牝,2,松山弘平, 54 ,16,4,１, ,芝1800,稍,,(栗),安達昭夫,1502,-0.0,16,16,13,34.7,424,-2,
,"2021. 8.22",小倉,4小4,未勝利,障害未勝利,1,1,ミラビリア,牝,6,金子光希, 58 ,8,1,１, ,芝2860,稍,,(美),伊坂重信,3178,-0.1,3,3,3,13.8,480,+6,
,"2021. 8.21",小倉,4小3,2勝,２勝ｸﾗｽ,5,7,メイショウヒバリ,牝,4,武豊, 55 ,14,1,１, ,ダ1000,良,,(栗),本田優,0579,-0.5,,1,1,35.1,472,-4,
,"2021. 8.21",小倉,4小3,3勝,佐世保Ｓ･3勝,6,6,クーファウェヌス,牝,6,武豊, 55 ,10,3,１, ,芝1200,良,,(栗),武幸四郎,1078,-0.0,,8,8,34.0,492,0,
,"2021. 8.21",小倉,4小3,2勝,宮崎特別･2勝,5,5,カイザーバローズ,牡,3,川田将雅, 54 ,7,1,１, ,芝1800,良,,(栗),中内田充,1471,-0.5,4,3,3,33.8,450,+4,
,"2021. 8.21",小倉,4小3,1勝,都井岬特･1勝,1,1,イリマ,牝,3,和田竜二, 52 ,11,1,１, ,芝2000,良,,(栗),高橋亮,1596,-0.7,4,4,4,35.5,446,+2,
,"2021. 8.21",小倉,4小3,1勝,１勝ｸﾗｽ,6,11,ダノンバジリア,牝,3,川田将雅, 52 ,16,2,１, ,ダ1700,良,,(栗),中内田充,1458,-0.6,2,2,2,39.5,532,+18,
,"2021. 8.21",小倉,4小3,未勝利,未勝利,7,14,ショウナンガニアン,牡,3,福永祐一, 56 ,18,2,１, ,芝1200,良,,(栗),須貝尚介,1080,-0.0,,3,2,34.6,444,+4,
,"2021. 8.21",小倉,4小3,新馬,新馬,6,12,ラインオブソウル,牡,2,福永祐一, 54 ,16,4,１, ,ダ1700,良,,(栗),音無秀孝,1492,-0.6,5,4,4,38.9,506,,
,"2021. 8.21",小倉,4小3,新馬,新馬・牝,5,10,アキバ,牝,2,高倉稜, 54 ,17,11,１, ,芝1200,良,,(栗),田中克典,1091,-0.2,,7,5,34.6,418,,
,"2021. 8.21",小倉,4小3,未勝利,未勝利,5,9,ブルアモーレ,牝,3,秋山真一, 54 ,15,6,１, ,芝1800,良,*,(栗),大久保龍,1483,-0.1,1,1,1,35.0,454,0,
,"2021. 8.21",小倉,4小3,未勝利,未勝利・牝,7,14,ナリタローゼ,牝,3,酒井学, 54 ,18,3,１, ,芝1200,良,,(栗),高橋亮,1079,-0.1,,1,1,35.2,478,-18,B
,"2021. 8.21",小倉,4小3,未勝利,未勝利,6,12,ドローム,牝,3,国分優作, 54 ,16,9,１, ,ダ1700,良,,(栗),飯田雄三,1472,-0.1,8,9,6,38.7,450,-10,
,"2021. 8.21",小倉,4小3,未勝利,未勝利*,5,5,アルトシュタット,牡,2,川田将雅, 54 ,9,3,１, ,芝1200,良,,(栗),安田翔伍,1083,-0.0,,3,4,34.6,468,-8,
,"2021. 8.15",小倉,4小2,2勝,八女特別･2勝,5,10,ブラックアーメット,牡,3,川田将雅, 54 ,16,1,１, ,ダ1700,重,,(栗),角田晃一,1441,-0.1,11,10,9,37.4,510,+2,
,"2021. 8.15",小倉,4小2,Ｇ３,小倉記念ＨG3,8,9,モズナガレボシ,牡,4,松山弘平, 53 ,10,6,１, ,芝2000,稍,,(栗),荒川義之,1597,-0.1,8,8,9,35.0,500,0,
,"2021. 8.15",小倉,4小2,3勝,博多ＳＨ･3勝,8,9,ベレヌス,牡,4,西村淳也, 55 ,9,3,１, ,芝2000,稍,,(栗),杉山晴紀,2013,-0.3,1,1,1,34.5,512,-2,
,"2021. 8.15",小倉,4小2,1勝,筑紫特別･1勝,7,13,ヒバリ,牝,4,川須栄彦, 55 ,18,6,１, ,芝1200,稍,,(栗),加用正,1080,-0.0,,2,1,34.7,430,-8,B
,"2021. 8.15",小倉,4小2,1勝,１勝ｸﾗｽ,3,3,ラインガルーダ,牡,4,幸英明, 57 ,14,5,１, ,ダ1000,重,,(栗),松永昌博,0573,-0.2,,1,1,35.1,468,+8,
,"2021. 8.15",小倉,4小2,1勝,１勝ｸﾗｽ,8,9,カレンルシェルブル,牡,3,川田将雅, 54 ,10,1,１, ,芝2000,稍,,(栗),安田翔伍,1596,-0.5,4,4,2,35.4,504,+4,
,"2021. 8.15",小倉,4小2,未勝利,未勝利,8,18,ニホンピロジャック,牡,3,酒井学, 56 ,18,9,１, ,芝1200,稍,,(栗),大橋勇樹,1084,-0.0,,6,6,34.9,458,+4,
,"2021. 8.15",小倉,4小2,新馬,新馬,5,9,ドグマ,牡,2,柴山雄一, 54 ,16,8,１, ,芝1800,稍,,(栗),武幸四郎,1514,-0.1,10,10,8,34.0,478,,
,"2021. 8.15",小倉,4小2,未勝利,未勝利,2,4,メイショウナリヒラ,牡,3,武豊, 56 ,16,1,１, ,ダ1700,重,,(栗),南井克巳,1454,-0.0,1,1,1,37.8,478,+10,
,"2021. 8.15",小倉,4小2,未勝利,未勝利・牝,4,6,ルージュメサージュ,牝,3,鮫島克駿, 54 ,15,3,１, ,芝2000,重,,(栗),斉藤崇史,2010,-0.4,9,9,6,34.4,468,+8,
,"2021. 8.15",小倉,4小2,未勝利,未勝利,6,11,トーアエレクトロン,牡,3,松本大輝,53▲,16,2,１, ,ダ1700,不,,(栗),羽月友彦,1448,-0.2,3,3,2,37.5,456,-6,
,"2021. 8.15",小倉,4小2,未勝利,未勝利*,2,2,エクロール,牝,2,松山弘平, 54 ,9,4,１, ,芝1200,重,,(栗),長谷川浩,1096,-0.4,,4,3,35.3,422,+10,
,"2021. 8.14",小倉,4小1,1勝,１勝ｸﾗｽ,3,4,ストゥーティ,牝,3,松山弘平, 52 ,14,1,１, ,芝1800,不,,(栗),奥村豊,1522,-0.3,3,2,2,38.4,428,0,
,"2021. 8.14",小倉,4小1,ｵｰﾌﾟﾝ,阿蘇Ｓ,8,15,ケイアイパープル,牡,5,藤岡康太, 56 ,15,10,１, ,ダ1700,不,,(栗),村山明,1429,-0.9,4,3,2,37.5,504,0,
,"2021. 8.14",小倉,4小1,2勝,柳川特別･2勝,2,2,アリーヴォ,牡,3,川田将雅, 54 ,10,1,１, ,芝2000,不,,(栗),杉山晴紀,2051,-0.0,6,7,4,37.5,492,+2,
,"2021. 8.14",小倉,4小1,2勝,柳川特別･2勝,5,5,ラストヌードル,牡,5,岩田康誠, 57 ,10,6,１, ,芝2000,不,,(栗),安田翔伍,2051,-0.0,6,4,8,37.6,510,-2,
,"2021. 8.14",小倉,4小1,ｵｰﾌﾟﾝ,フェニッ,5,5,ナムラクレア,牝,2,松山弘平, 54 ,10,2,１, ,芝1200,不,,(栗),長谷川浩,1108,-0.1,,3,2,36.4,454,-10,
,"2021. 8.14",小倉,4小1,1勝,１勝ｸﾗｽ,7,13,サワヤカコーズサン,牡,3,松山弘平, 54 ,16,1,１, ,ダ1700,不,*,(栗),茶木太樹,1438,-0.1,2,2,2,38.1,464,-2,
,"2021. 8.14",小倉,4小1,未勝利,未勝利,8,11,ショウサンイチマツ,牡,3,松本大輝,53▲,12,3,１, ,芝2000,不,,(栗),松下武士,2041,-0.4,1,1,1,37.3,446,-6,
,"2021. 8.14",小倉,4小1,未勝利,未勝利・牝,1,2,リーベサンライズ,牝,3,松山弘平, 54 ,16,2,１, ,ダ1700,不,,(栗),河内洋,1455,-0.1,2,2,2,38.6,438,-8,
,"2021. 8.14",小倉,4小1,新馬,新馬,5,9,サンディブリッジ,牝,2,川田将雅, 54 ,16,1,１, ,芝1200,不,,(栗),安田翔伍,1107,-0.1,,1,2,35.6,434,,
,"2021. 8.14",小倉,4小1,未勝利,障害未勝利,7,7,ミンナノシャチョウ,牡,6,黒岩悠, 60 ,8,1,１, ,芝2860,不,,(栗),服部利之,3147,-0.8,1,1,1,13.6,508,-2,
,"2021. 8.14",小倉,4小1,未勝利,未勝利,5,8,アシタバ,牝,3,松若風馬, 54 ,14,5,１, ,ダ1000,不,,(栗),奥村豊,0588,-0.1,,3,2,36.1,482,+2,
,"2021. 8.14",小倉,4小1,未勝利,未勝利・九*,5,8,ミミグッド,牝,2,川須栄彦, 54 ,15,12,１, ,芝1200,不,,(栗),中尾秀正,1107,-0.0,,11,11,35.6,416,-2,
,"2021. 8.14",小倉,4小1,ｵｰﾌﾟﾝ,障害・オープ,1,1,スズカフューラー,牡,7,森一馬, 60 ,12,1,１, ,芝2860,不,,(栗),茶木太樹,3121,-1.0,1,1,1,13.4,440,+2,
,"2021. 7.18",小倉,3小6,1勝,１勝ｸﾗｽ,7,13,キョウワウォール,牡,5,中井裕二, 57 ,16,8,１, ,ダ1700,良,,(栗),飯田雄三,1462,-0.3,12,6,6,38.4,476,-12,B
,"2021. 7.18",小倉,3小6,Ｇ３,中京記念ＨG3,3,3,アンドラステ,牝,5,川田将雅, 54 ,12,1,１, ,芝1800,良,,(栗),中内田充,1462,-0.1,3,4,2,34.3,474,-2,
,"2021. 7.18",小倉,3小6,3勝,西部日刊･3勝,2,2,メディクス,牡,5,団野大成, 57 ,14,3,１, ,ダ1000,良,,(栗),渡辺薫彦,0579,-0.0,,9,8,34.8,474,0,
,"2021. 7.18",小倉,3小6,2勝,高千穂特･2勝,3,3,マリアエレーナ,牝,3,松山弘平, 52 ,14,1,１, ,芝2000,良,,(栗),吉田直弘,1589,-0.1,3,4,3,34.2,418,+2,
,"2021. 7.18",小倉,3小6,1勝,１勝ｸﾗｽ,8,16,グランレイ,牡,4,松山弘平, 57 ,18,4,１, ,芝1200,良,,(栗),池添学,1078,-0.1,,3,5,34.3,470,-2,
,"2021. 7.18",小倉,3小6,1勝,１勝ｸﾗｽ・牝,6,8,ラボエーム,牝,4,国分優作, 55 ,13,6,１, ,ダ1700,良,,(栗),大根田裕,1455,-0.9,7,6,2,38.0,448,+2,
,"2021. 7.18",小倉,3小6,未勝利,未勝利,7,15,ハクサンハーバー,牡,3,酒井学, 56 ,18,6,１, ,芝1200,良,,(栗),飯田雄三,1086,-0.1,,4,2,35.1,480,-8,
,"2021. 7.18",小倉,3小6,新馬,新馬,7,7,グーデンドラーク,牡,2,松山弘平, 54 ,7,2,１, ,芝2000,良,,(栗),池添学,2036,-0.4,2,2,2,35.4,520,,
,"2021. 7.18",小倉,3小6,未勝利,未勝利,4,8,インテンスフレイム,牡,3,松山弘平, 56 ,16,4,１, ,ダ1700,良,,(栗),千田輝彦,1462,-0.8,3,3,1,38.2,508,-2,B
,"2021. 7.18",小倉,3小6,未勝利,未勝利・牝,3,4,シゲルリジ,牝,3,福永祐一, 54 ,14,2,１, ,ダ1000,良,,(栗),五十嵐忠,0594,-0.1,,6,5,36.3,444,-8,
,"2021. 7.18",小倉,3小6,未勝利,未勝利*,6,7,コナブラック,牡,2,福永祐一, 54 ,11,1,１, ,芝1800,良,,(栗),清水久詞,1494,-0.0,4,4,4,35.6,498,0,
,"2021. 7.18",小倉,3小6,未勝利,障害未勝利,8,11,ツブラナヒトミ,牡,6,熊沢重文, 60 ,12,10,１, ,芝2860,良,,(栗),中竹和也,3102,-0.2,7,4,4,13.3,496,+2,
,"2021. 7.17",小倉,3小5,1勝,１勝ｸﾗｽ,4,6,コウバコ,牝,3,幸英明, 52 ,14,3,１, ,ダ1000,良,,(栗),北出成人,0589,-0.1,,5,3,36.2,474,0,
,"2021. 7.17",小倉,3小5,3勝,不知火Ｓ･3勝,7,8,ダブルシャープ,牡,6,浜中俊, 57 ,10,1,１, ,芝1800,良,*,(栗),渡辺薫彦,1467,-0.0,9,4,4,34.6,488,-4,
,"2021. 7.17",小倉,3小5,2勝,岩国特別･2勝,6,10,サトノガイア,牝,4,太宰啓介, 55 ,14,7,１, ,ダ1700,良,,(栗),高橋亮,1453,-0.1,12,7,7,37.8,480,+14,B
,"2021. 7.17",小倉,3小5,2勝,雲仙特Ｈ･2勝,8,16,ダノンシティ,牡,5,岩田望来, 55 ,18,9,１, ,芝1200,良,,(栗),橋口慎介,1074,-0.0,,12,12,33.8,484,+6,
,"2021. 7.17",小倉,3小5,1勝,１勝ｸﾗｽ,2,3,ピノクル,牡,5,浜中俊, 57 ,15,2,１, ,芝2000,良,*,(栗),音無秀孝,1593,-0.0,9,8,4,36.4,496,+4,
,"2021. 7.17",小倉,3小5,未勝利,未勝利,4,8,ブラビオ,牡,3,松本大輝,53▲,16,3,１, ,ダ1700,良,,(栗),寺島良,1480,-0.8,2,2,1,38.7,460,-4,
,"2021. 7.17",小倉,3小5,新馬,新馬,7,9,スリーパーダ,牝,2,福永祐一, 54 ,11,1,１, ,芝1200,良,,(栗),斉藤崇史,1099,-0.2,,3,2,35.0,398,,
,"2021. 7.17",小倉,3小5,新馬,新馬・牝,7,7,シゲルイワイザケ,牝,2,福永祐一, 54 ,8,1,１, ,芝1800,良,,(栗),渡辺薫彦,1496,-0.2,4,3,2,36.6,484,,
,"2021. 7.17",小倉,3小5,未勝利,未勝利,4,5,タガノマーチ,牝,3,松山弘平, 54 ,14,2,１, ,ダ1000,良,,(栗),荒川義之,0595,-0.1,,4,3,36.6,432,-12,
,"2021. 7.17",小倉,3小5,未勝利,未勝利,6,11,ロワンディシー,牡,3,秋山真一, 56 ,18,1,１, ,芝2000,良,,(栗),北出成人,1594,-1.0,16,9,3,35.2,452,0,
,"2021. 7.17",小倉,3小5,未勝利,未勝利・牝,3,6,ラグラスドシエル,牝,3,松若風馬, 54 ,16,6,１, ,ダ1700,良,,(栗),浅見秀一,1483,-0.2,12,10,6,39.2,426,-10,
,"2021. 7.17",小倉,3小5,未勝利,未勝利*,1,1,トーホウラビアン,牝,2,富田暁,53☆,8,1,１, ,芝1200,良,,(栗),川村禎彦,1093,-0.1,,4,3,35.6,426,+6,
,"2021. 7.11",小倉,3小4,2勝,シンガポ･2勝,5,5,ヘルメット,牝,5,松山弘平, 55 ,9,2,１, ,ダ1000,不,,(栗),岡田稲男,0581,-0.1,,2,3,35.4,514,-4,B
,"2021. 7.11",小倉,3小4,Ｇ３,プロキオG3,2,3,メイショウカズサ,牡,4,松山弘平, 56 ,16,9,１, ,ダ1700,重,*,(栗),安達昭夫,1409,-0.4,4,5,4,35.5,480,-8,B
,"2021. 7.11",小倉,3小4,2勝,フィリピ･2勝,7,7,スパークル,牝,3,川田将雅, 52 ,8,2,１, ,芝1800,良,,(栗),中内田充,1467,-0.1,4,2,2,34.3,476,+14,
,"2021. 7.11",小倉,3小4,1勝,タイラン･1勝,6,6,ディヴァインラヴ,牝,3,福永祐一, 52 ,10,1,１, ,芝2600,良,,(栗),斉藤崇史,2379,-0.3,3,3,3,34.0,480,+14,
,"2021. 7.11",小倉,3小4,1勝,１勝ｸﾗｽ,5,7,リャスナ,牝,5,福永祐一, 55 ,13,1,１, ,芝1200,良,,(栗),四位洋文,1073,-0.0,,5,4,34.1,456,+6,
,"2021. 7.11",小倉,3小4,1勝,１勝ｸﾗｽ,4,7,キタノインディ,牡,3,富田暁,53☆,16,14,１, ,ダ1700,稍,,(栗),吉田直弘,1439,-0.0,1,1,1,37.3,458,+8,
,"2021. 7.11",小倉,3小4,新馬,新馬・牝,3,3,テイエムスパーダ,牝,2,福永祐一, 54 ,8,2,１, ,芝1200,良,,(栗),五十嵐忠,1095,-0.0,,2,1,34.5,494,,
,"2021. 7.11",小倉,3小4,新馬,新馬,6,6,ピースオブエイト,牡,2,福永祐一, 54 ,8,3,１, ,芝1800,良,,(栗),奥村豊,1497,-0.2,3,3,3,34.4,462,,
,"2021. 7.11",小倉,3小4,未勝利,未勝利,3,6,レッドエタニティ,牡,3,幸英明, 56 ,16,1,１, ,芝2600,良,,(栗),寺島良,2383,-0.1,12,9,8,34.3,430,+4,
,"2021. 7.11",小倉,3小4,未勝利,未勝利,3,6,エルモドーロ,牡,3,川田将雅, 56 ,16,1,１, ,ダ1700,稍,,(栗),矢作芳人,1452,-0.1,5,4,3,38.4,450,-8,
,"2021. 7.11",小倉,3小4,未勝利,未勝利,3,5,メイショウシンタケ,牡,3,福永祐一, 56 ,16,4,１, ,芝1800,良,,(栗),千田輝彦,1458,-0.7,1,1,1,34.5,462,+2,
,"2021. 7.11",小倉,3小4,未勝利,未勝利*,8,8,ケルンコンサート,牡,2,松山弘平, 54 ,9,6,１, ,ダ1000,稍,,(栗),森秀行,0586,-0.1,,3,2,35.3,456,+2,
,"2021. 7.10",小倉,3小3,1勝,１勝ｸﾗｽ,2,2,フリード,牝,3,斎藤新,51☆,14,1,１, ,ダ1000,重,,(栗),西園正都,0568,-0.9,,2,2,34.9,500,+6,
,"2021. 7.10",小倉,3小3,3勝,マレーシ･3勝,7,7,ボンボヤージ,牝,4,川須栄彦, 55 ,7,3,１, ,芝1200,良,,(栗),梅田智之,1069,-0.2,,2,2,33.8,446,+10,
,"2021. 7.10",小倉,3小3,2勝,インデＨ･2勝,2,2,ホッコーハナミチ,牡,3,浜中俊, 53 ,14,2,１, ,ダ1700,重,,(栗),長谷川浩,1414,-0.2,5,5,3,35.4,464,-4,
,"2021. 7.10",小倉,3小3,1勝,マカオジ･1勝,4,4,ジェラルディーナ,牝,3,福永祐一, 52 ,13,2,１, ,芝1800,良,,(栗),斉藤崇史,1453,-0.4,7,5,5,35.0,438,+2,
,"2021. 7.10",小倉,3小3,1勝,１勝ｸﾗｽ・牝,3,4,スマートパルフェ,牝,3,西村淳也, 52 ,14,2,１, ,ダ1700,重,,(栗),小林真也,1428,-0.1,1,1,1,36.8,432,+2,
,"2021. 7.10",小倉,3小3,未勝利,未勝利,5,10,テイエムエメラルド,牝,3,鮫島克駿, 54 ,18,4,１, ,芝1200,良,,(栗),飯田雄三,1080,-0.0,,6,6,34.5,442,-2,
,"2021. 7.10",小倉,3小3,未勝利,未勝利・牝,5,10,ネグローニ,牝,3,岩田望来, 54 ,16,7,１, ,芝1800,良,,(栗),矢作芳人,1464,-0.1,6,4,1,35.4,464,-4,
,"2021. 7.10",小倉,3小3,新馬,新馬,7,7,サイード,牡,2,福永祐一, 54 ,7,1,１, ,芝1200,良,,(栗),角田晃一,1088,-0.1,,4,2,34.6,466,,
,"2021. 7.10",小倉,3小3,未勝利,障害未勝利,2,2,ノーリミッツ,牡,5,北沢伸也, 60 ,7,1,１, ,芝2860,良,,(栗),木原一良,3084,-2.0,2,1,1,13.2,442,-2,
,"2021. 7.10",小倉,3小3,未勝利,未勝利,4,5,カネトシバレンシア,牝,3,田中健, 54 ,14,4,１, ,ダ1000,重,*,(栗),飯田祐史,0575,-0.3,,1,1,35.1,434,-8,
,"2021. 7.10",小倉,3小3,未勝利,未勝利・九*,3,5,イチザウイナー,牡,2,田中健, 54 ,16,8,１, ,芝1200,良,,(栗),服部利之,1101,-0.2,,1,1,36.6,444,+8,
,"2021. 7.10",小倉,3小3,ｵｰﾌﾟﾝ,障害・オープ,1,1,アサクサゲンキ,セ,6,熊沢重文, 61 ,11,1,１, ,芝3390,良,,(栗),音無秀孝,3485,-0.1,1,1,1,13.5,462,-12,
,"2021. 7. 4",小倉,3小2,2勝,２勝ｸﾗｽ,3,3,クーファピーカブー,牝,5,田中健, 55 ,8,2,１, ,ダ1000,良,,(栗),浅見秀一,0579,-0.1,,2,2,35.4,472,0,
,"2021. 7. 4",小倉,3小2,Ｇ３,ＣＢＣ賞ＨG3,3,3,ファストフォース,牡,5,鮫島克駿, 52 ,13,8,１, ,芝1200,良,*,(栗),西村真幸,1060,-0.1,,1,1,33.7,518,-18,B
,"2021. 7. 4",小倉,3小2,2勝,西部スポ･2勝,6,6,ハンディーズピーク,牡,3,福永祐一, 54 ,7,1,１, ,ダ1700,良,,(栗),大久保龍,1464,-0.1,2,2,2,36.3,510,+6,
,"2021. 7. 4",小倉,3小2,2勝,彦島特別･2勝,4,4,ジョウショームード,牡,5,国分優作, 57 ,7,5,１, ,芝2600,良,,(栗),服部利之,2390,-0.1,6,5,3,34.3,436,-2,
,"2021. 7. 4",小倉,3小2,1勝,１勝ｸﾗｽ,2,3,ファンキーゴールド,牡,4,藤井勘一, 57 ,16,13,１, ,ダ1700,良,,(栗),安田翔伍,1459,-0.2,13,3,3,38.8,460,-3,
,"2021. 7. 4",小倉,3小2,1勝,１勝ｸﾗｽ・牝,4,4,タガノディアーナ,牝,3,和田竜二, 52 ,8,2,１, ,芝1800,良,,(栗),長谷川浩,1467,-0.1,5,5,3,33.8,438,0,
,"2021. 7. 4",小倉,3小2,新馬,新馬,5,6,ショウナンマッハ,牡,2,松山弘平, 54 ,12,1,１, ,芝1200,良,,(栗),茶木太樹,1086,-0.5,,1,1,34.9,488,,
,"2021. 7. 4",小倉,3小2,新馬,新馬,7,7,フィデル,牡,2,川田将雅, 54 ,8,1,１, ,芝1800,良,,(栗),友道康夫,1507,-0.2,4,2,2,34.0,466,,
,"2021. 7. 4",小倉,3小2,未勝利,未勝利,8,15,テイエムグレイト,牡,3,富田暁,55☆,16,1,１, ,ダ1700,良,,(栗),武英智,1466,-0.0,2,2,2,38.0,474,+4,
,"2021. 7. 4",小倉,3小2,未勝利,未勝利,3,4,ムジック,牝,3,長岡禎仁, 54 ,14,3,１, ,ダ1000,良,,(栗),高橋亮,0585,-0.8,,1,1,35.9,480,+6,B
,"2021. 7. 4",小倉,3小2,未勝利,未勝利,2,4,ゲノム,牡,3,西村淳也, 56 ,18,5,１, ,芝1200,良,,(栗),高柳大輔,1071,-0.3,,4,2,34.8,448,+4,
,"2021. 7. 4",小倉,3小2,未勝利,障害未勝利,2,2,タマモナセバナル,牡,3,中村将之, 58 ,6,5,１, ,芝2860,良,,(栗),大橋勇樹,3128,-0.6,1,1,1,13.5,454,-6,
,"2021. 7. 3",小倉,3小1,1勝,１勝ｸﾗｽ,7,12,スティクス,牝,3,浜中俊, 52 ,14,1,１, ,芝1200,良,,(栗),武幸四郎,1069,-0.2,,1,1,34.5,484,+6,
,"2021. 7. 3",小倉,3小1,3勝,九州スポ･3勝,6,12,テンザワールド,牡,7,福永祐一, 57 ,16,6,１, ,ダ1700,稍,,(栗),大久保龍,1448,-0.4,9,10,9,37.1,436,+4,B
,"2021. 7. 3",小倉,3小1,2勝,戸畑特別･2勝,7,8,プリモダルク,牝,4,福永祐一, 55 ,11,2,１, ,芝1200,良,,(栗),藤原英昭,1064,-0.2,,1,1,34.1,460,+2,
,"2021. 7. 3",小倉,3小1,1勝,１勝ｸﾗｽ,5,7,ロードクラージュ,セ,4,中井裕二, 57 ,14,2,１, ,ダ1000,稍,,(栗),安田隆行,0584,-0.3,,2,2,35.8,464,-8,B
,"2021. 7. 3",小倉,3小1,1勝,国東特別･1勝,3,3,アリーヴォ,牡,3,川田将雅, 54 ,7,1,１, ,芝2000,良,,(栗),杉山晴紀,1575,-0.0,4,4,4,34.5,490,0,
,"2021. 7. 3",小倉,3小1,未勝利,未勝利・牝,2,4,イリマ,牝,3,和田竜二, 54 ,18,4,１, ,芝2000,良,,(栗),高橋亮,1575,-0.6,7,4,3,35.5,444,-2,
,"2021. 7. 3",小倉,3小1,新馬,新馬,6,6,シホノディレット,牡,2,浜中俊, 54 ,9,3,１, ,ダ1000,良,,(栗),杉山佳明,1007,-0.2,,2,2,36.9,518,,
,"2021. 7. 3",小倉,3小1,新馬,新馬・九,8,15,シュンメキラリ,牝,2,秋山真一, 54 ,16,1,１, ,芝1200,良,,(栗),牧田和弥,1101,-0.5,,1,1,35.6,470,,
,"2021. 7. 3",小倉,3小1,未勝利,未勝利,2,3,ダノンバジリア,牝,3,川田将雅, 54 ,16,4,１, ,ダ1700,良,,(栗),中内田充,1455,-0.6,2,2,2,37.7,514,-2,
,"2021. 7. 3",小倉,3小1,未勝利,未勝利,3,5,エスコーラ,牡,3,川田将雅, 56 ,16,1,１, ,芝1800,良,,(栗),中内田充,1438,-1.8,7,1,1,34.2,506,+10,B
,"2021. 7. 3",小倉,3小1,未勝利,未勝利・牝,6,11,メガキャット,牝,3,松山弘平, 54 ,16,1,１, ,ダ1700,良,,(栗),吉岡辰弥,1464,-0.1,4,2,2,39.3,514,0,
,"2021. 7. 3",小倉,3小1,未勝利,未勝利*,3,3,インプロバイザー,牡,2,松若風馬, 54 ,7,1,１, ,芝1200,良,,(栗),音無秀孝,1079,-0.0,,2,2,34.6,472,-2,
,"2021. 3. 7",小倉,2小8,2勝,由布院Ｈ･2勝,2,2,イプシランテ,牡,4,吉田隼人, 55 ,15,1,１, ,ダ1700,重,,(栗),武幸四郎,1435,-0.1,1,1,1,37.6,524,-16,
,"2021. 3. 7",小倉,2小8,3勝,壇之浦Ｓ･3勝,8,11,マイネルウィルトス,牡,5,丹内祐次, 57 ,11,5,１, ,芝1800,稍,,(栗),宮徹,1478,-0.0,6,6,3,34.7,474,-8,
,"2021. 3. 7",小倉,2小8,1勝,稲佐山特･1勝,8,9,ウインベイランダー,牡,4,藤岡佑介, 56 ,9,4,１, ,芝2600,稍,,(栗),寺島良,2419,-0.1,2,2,2,36.5,490,+2,
,"2021. 3. 7",小倉,2小8,1勝,１勝ｸﾗｽ・牝,1,1,ワンダーシエンプロ,牝,4,吉田隼人, 55 ,15,1,１, ,ダ1700,重,,(栗),高柳大輔,1439,-0.2,1,1,1,36.5,424,-2,B
,"2021. 3. 7",小倉,2小8,1勝,１勝ｸﾗｽ,2,2,サマービート,牡,4,藤岡佑介, 57 ,10,5,１, ,芝1800,稍,,(栗),四位洋文,1496,-0.2,10,10,7,34.3,464,-4,
,"2021. 3. 7",小倉,2小8,1勝,１勝ｸﾗｽ,3,6,ストラトスフィア,牝,5,秋山稔樹,52▲,17,6,１, ,芝1200,稍,,(栗),鮫島一歩,1094,-0.0,,1,1,35.2,474,-2,
,"2021. 3. 7",小倉,2小8,未勝利,未勝利,6,11,ミルトボス,牡,3,鮫島克駿, 56 ,15,2,１, ,ダ1700,重,,(栗),中竹和也,1462,-0.0,6,5,3,37.4,478,-6,
,"2021. 3. 7",小倉,2小8,未勝利,未勝利,2,2,ワイドエンペラー,牡,3,藤岡佑介, 56 ,14,2,１, ,芝2000,稍,,(栗),藤岡健一,2023,-0.8,2,2,1,35.5,500,+4,
,"2021. 3. 7",小倉,2小8,未勝利,障害未勝利,5,5,ナムラミラクル,牡,8,平沢健治, 60 ,12,2,１, ,芝2860,稍,,(栗),杉山晴紀,3155,-0.2,3,3,2,13.7,486,-4,
,"2021. 3. 7",小倉,2小8,未勝利,未勝利,6,8,フィールドモーリス,牡,3,泉谷楓真,53▲,13,2,１, ,ダ1000,重,,(栗),西園正都,0581,-0.2,,2,2,35.4,458,0,
,"2021. 3. 7",小倉,2小8,未勝利,未勝利・牝,5,9,ハーツラプソディ,牝,3,浜中俊, 54 ,16,1,１, ,芝1800,稍,,(栗),今野貞一,1508,-0.1,4,5,1,36.1,490,-2,
,"2021. 3. 7",小倉,2小8,未勝利,未勝利,7,13,メイショウハボタン,牝,3,泉谷楓真,51▲,18,2,１, ,芝1200,稍,,(栗),南井克巳,1092,-0.2,,5,4,35.2,444,-2,
,"2021. 3. 6",小倉,2小7,1勝,大牟田特･1勝,5,10,ロードベイリーフ,牡,4,横山和生, 57 ,18,1,１, ,芝1200,稍,,(栗),森田直行,1093,-0.0,,11,7,34.5,474,0,
,"2021. 3. 6",小倉,2小7,2勝,八代特別･2勝,4,8,ジェットモーション,セ,5,浜中俊, 57 ,17,4,１, ,芝2000,稍,,(栗),藤岡健一,2021,-0.1,5,8,7,34.9,526,-4,B
,"2021. 3. 6",小倉,2小7,1勝,芝桜賞･1勝*,1,2,フォイアーロート,牡,3,鮫島克駿, 56 ,17,3,１, ,芝1200,稍,,(栗),浅見秀一,1102,-0.3,,4,2,34.8,470,-4,
,"2021. 3. 6",小倉,2小7,1勝,１勝ｸﾗｽ,6,11,ゴールドパラディン,牡,4,吉田隼人, 57 ,16,1,１, ,ダ1700,不,,(栗),吉岡辰弥,1428,-0.4,2,2,2,35.9,432,-2,
,"2021. 3. 6",小倉,2小7,1勝,１勝ｸﾗｽ・牝,1,1,レッドフラヴィア,牝,4,吉田隼人, 55 ,13,2,１, ,芝1800,重,,(栗),平田修,1503,-0.6,1,1,2,35.6,502,-4,B
,"2021. 3. 6",小倉,2小7,1勝,１勝ｸﾗｽ,4,5,シンシティ,牝,4,田中健, 55 ,14,1,１, ,ダ1000,不,,(栗),木原一良,0576,-0.7,,1,1,34.8,472,-2,
,"2021. 3. 6",小倉,2小7,未勝利,未勝利,1,1,ニホンピロタイズ,牡,3,吉田隼人, 56 ,10,1,１, ,芝2000,重,,(栗),大橋勇樹,2041,-0.2,6,6,3,36.5,456,0,
,"2021. 3. 6",小倉,2小7,未勝利,障害未勝利,6,7,テイエムグッドマン,牡,7,高田潤, 60 ,12,4,１, ,芝2860,重,,(栗),武英智,3173,-0.5,1,1,1,13.8,498,-2,B
,"2021. 3. 6",小倉,2小7,ｵｰﾌﾟﾝ,障害・オープ,8,13,エイシンクリック,牡,7,西谷誠, 60 ,14,1,１, ,芝3390,重,,(栗),坂口智康,3493,-1.6,1,1,1,13.5,478,-4,
,"2021. 3. 6",小倉,2小7,未勝利,未勝利・牝,6,12,ナオミゴゼン,牝,3,浜中俊, 54 ,16,1,１, ,ダ1700,不,,(栗),寺島良,1448,-1.0,2,2,1,37.5,478,+10,
,"2021. 3. 6",小倉,2小7,未勝利,未勝利,4,7,ドリームマローネ,牝,3,斎藤新,53☆,16,2,１, ,芝1800,重,,(栗),吉村圭司,1510,-0.0,15,13,15,35.9,422,-6,
,"2021. 3. 6",小倉,2小7,未勝利,未勝利,5,9,メイショウヒゾッコ,牝,3,横山和生, 54 ,18,7,１, ,芝1200,重,*,(栗),石橋守,1099,-0.1,,9,2,35.0,396,0,
,"2021. 2.28",小倉,2小6,1勝,鳥栖特別･1勝,6,8,ニホンピロスクーロ,セ,4,小牧太, 56 ,12,1,１, ,芝1800,稍,,(栗),服部利之,1489,-0.0,2,3,4,35.9,496,+6,
,"2021. 2.28",小倉,2小6,3勝,下関ＳＨ･3勝,7,14,ウォーターエデン,牝,5,浜中俊, 53 ,18,4,１, ,芝1200,稍,,(栗),岡田稲男,1087,-0.1,,13,13,34.7,488,-6,
,"2021. 2.28",小倉,2小6,1勝,ネモフィ･1勝,2,2,ランスオブアース,牝,3,泉谷楓真, 54 ,15,8,１, ,ダ1700,重,,(栗),本田優,1453,-0.0,3,2,2,38.2,460,0,
,"2021. 2.28",小倉,2小6,1勝,１勝ｸﾗｽ・牝,5,10,サトノファビュラス,牝,4,菅原明良,54☆,18,1,１, ,芝1200,稍,,(美),宗像義忠,1092,-0.1,,4,7,35.5,424,-2,
,"2021. 2.28",小倉,2小6,1勝,１勝ｸﾗｽ,8,8,リアム,牡,4,菅原明良,55☆,8,2,１, ,芝2600,稍,,(美),萩原清,2434,-0.0,4,5,5,35.3,522,-10,
,"2021. 2.28",小倉,2小6,1勝,１勝ｸﾗｽ,2,2,グッドリドゥンス,牡,4,勝浦正樹, 56 ,10,2,１, ,ダ2400,重,,(美),的場均,2311,-0.2,7,6,4,36.4,490,0,
,"2021. 2.28",小倉,2小6,未勝利,未勝利,1,1,ジューンベロシティ,牡,3,富田暁,55☆,18,4,１, ,芝1200,稍,,(栗),武英智,1096,-0.0,,16,13,35.0,454,-2,B
,"2021. 2.28",小倉,2小6,未勝利,未勝利・牝,5,9,ニーナドレス,牝,3,藤岡康太, 54 ,17,2,１, ,芝2000,稍,,(栗),友道康夫,2046,-0.2,6,4,5,35.5,506,,
,"2021. 2.28",小倉,2小6,未勝利,障害未勝利,4,4,メイショウウチデ,牡,5,小坂忠士, 60 ,12,1,１, ,芝2860,稍,,(栗),南井克巳,3158,-0.3,5,3,2,13.7,458,-4,
,"2021. 2.28",小倉,2小6,1勝,１勝ｸﾗｽ・牝,5,8,カーテンコール,牝,4,西村淳也, 55 ,14,4,１, ,ダ1000,重,,(栗),高野友和,0577,-0.3,,2,2,35.3,492,0,
,"2021. 2.28",小倉,2小6,未勝利,未勝利,6,11,ジオフロント,牡,3,西村淳也, 56 ,17,1,１, ,芝2000,稍,,(栗),清水久詞,2025,-0.2,3,2,2,36.4,448,-2,B
,"2021. 2.28",小倉,2小6,未勝利,未勝利,5,9,コパノピッチング,牡,3,泉谷楓真,53▲,16,8,１, ,ダ1700,重,,(栗),宮徹,1451,-0.1,6,2,2,37.7,480,-12,
,"2021. 2.27",小倉,2小5,2勝,早鞆特別･2勝,8,16,ホッコーアカツキ,牡,4,浜中俊, 56 ,16,2,１, ,ダ1700,不,,(栗),西浦勝一,1430,-0.3,4,2,3,36.1,516,+4,
,"2021. 2.27",小倉,2小5,2勝,帆柱山特･2勝,7,15,マイネルアルケミー,牡,5,黛弘人, 57 ,18,4,１, ,芝1200,稍,,(美),中野栄治,1083,-0.0,,3,3,34.9,476,0,
,"2021. 2.27",小倉,2小5,1勝,日田特別･1勝,8,12,ジャルジェ,牝,4,浜中俊, 54 ,13,1,１, ,芝2000,稍,,(栗),千田輝彦,2034,-0.0,5,4,6,35.0,486,-2,
,"2021. 2.27",小倉,2小5,ｵｰﾌﾟﾝ,春麗ジャ,7,8,ボナパルト,牡,7,白浜雄造, 60 ,11,7,１, ,芝3390,稍,,(栗),庄野靖志,3522,-0.4,1,1,1,13.7,514,0,
,"2021. 2.27",小倉,2小5,1勝,１勝ｸﾗｽ,6,11,オーバーリミット,牡,4,亀田温心,55☆,15,3,１, ,ダ1700,不,,(栗),宮本博,1438,-0.1,11,8,7,37.7,498,+2,
,"2021. 2.27",小倉,2小5,1勝,１勝ｸﾗｽ,3,3,サンライズヘルメス,牡,4,鮫島克駿, 56 ,12,6,１, ,芝2000,重,,(栗),河内洋,2023,-0.2,3,3,2,35.9,480,-2,
,"2021. 2.27",小倉,2小5,1勝,１勝ｸﾗｽ,6,12,ダノンシティ,牡,5,鮫島克駿, 57 ,18,1,１, ,芝1200,重,,(栗),橋口慎介,1092,-0.2,,7,6,35.0,486,+6,
,"2021. 2.27",小倉,2小5,未勝利,未勝利,8,16,サンデージャック,牡,3,勝浦正樹, 56 ,16,1,１, ,芝1800,重,,(栗),宮本博,1495,-0.0,10,8,6,35.2,472,-6,
,"2021. 2.27",小倉,2小5,未勝利,障害未勝利,4,4,クイックファイア,牡,6,西谷誠, 60 ,12,1,１, ,芝2860,重,,(栗),中内田充,3147,-0.3,4,2,1,13.6,476,-4,
,"2021. 2.27",小倉,2小5,未勝利,未勝利,1,1,キャンユーキッス,牝,3,泉谷楓真,51▲,14,1,１, ,ダ1000,不,,(栗),鈴木孝志,0581,-0.1,,4,3,35.4,436,0,
,"2021. 2.27",小倉,2小5,未勝利,未勝利,6,12,メイショウツツジ,牝,3,泉谷楓真,51▲,18,2,１, ,芝1200,重,,(栗),南井克巳,1093,-0.3,,9,8,35.0,416,-14,
,"2021. 2.27",小倉,2小5,未勝利,未勝利・牝,5,10,イッツユアタイム,牝,3,泉谷楓真,51▲,16,3,１, ,ダ1700,不,,(栗),安田隆行,1450,-0.2,2,1,1,38.2,442,-6,
,"2021. 2.21",小倉,2小4,2勝,伊万里特･2勝,4,5,ジャスパーイーグル,牡,4,勝浦正樹, 57 ,14,2,１, ,ダ1000,稍,,(栗),森秀行,0579,-0.0,,5,3,35.0,492,-8,B
,"2021. 2.21",小倉,2小4,Ｇ３,小倉大賞ＨG3,2,3,テリトーリアル,牡,7,石川裕紀,56.5,16,11,１, ,芝1800,良,,(栗),西浦勝一,1455,-0.0,3,3,3,35.0,476,0,
,"2021. 2.21",小倉,2小4,1勝,あざみ賞･1勝,2,3,ミニーアイル,牝,3,藤岡康太, 54 ,15,1,１, ,芝1200,良,,(栗),武幸四郎,1086,-0.1,,9,7,34.6,488,-2,
,"2021. 2.21",小倉,2小4,1勝,１勝ｸﾗｽ,8,8,アスティ,セ,5,内田博幸, 57 ,9,6,１, ,芝2600,良,,(美),堀井雅広,2404,-0.1,4,5,3,36.4,434,+2,
,"2021. 2.21",小倉,2小4,1勝,１勝ｸﾗｽ,2,2,ルドンカズマ,牡,4,吉田隼人, 56 ,14,2,１, ,ダ1700,稍,,(栗),杉山晴紀,1452,-0.5,3,3,2,37.9,488,+4,
,"2021. 2.21",小倉,2小4,1勝,１勝ｸﾗｽ・牝,6,10,ヴィオリーナ,牝,4,吉田隼人, 54 ,15,3,１, ,芝1800,良,,(栗),角居勝彦,1473,-0.1,11,11,11,34.8,458,-11,
,"2021. 2.21",小倉,2小4,1勝,１勝ｸﾗｽ,8,17,メメントモリ,牝,4,内田博幸, 55 ,18,1,１, ,芝1200,良,,(栗),池添学,1081,-0.0,,3,3,34.9,474,0,
,"2021. 2.21",小倉,2小4,未勝利,未勝利,4,7,ホウオウジョルノ,牡,3,横山和生, 56 ,15,6,１, ,芝2000,良,,(栗),安田翔伍,2016,-0.0,15,3,1,36.0,468,0,
,"2021. 2.21",小倉,2小4,未勝利,障害未勝利,5,5,アーネストホープ,セ,7,森一馬, 60 ,12,4,１, ,芝2860,良,,(美),田中清隆,3142,-0.4,5,2,3,13.6,478,-16,
,"2021. 2.21",小倉,2小4,未勝利,未勝利,6,10,ユスティニアン,牡,3,黛弘人, 56 ,14,2,１, ,ダ1000,稍,,(栗),新谷功一,0589,-0.1,,2,2,35.8,430,-2,
,"2021. 2.21",小倉,2小4,未勝利,未勝利・牝,2,3,クインズセージ,牝,3,蛯名正義, 54 ,18,8,１, ,芝1200,良,,(美),小島茂之,1089,-0.0,,13,12,34.9,508,+10,
,"2021. 2.21",小倉,2小4,未勝利,未勝利,5,9,ゴダイリキ,牡,3,吉田隼人, 56 ,16,2,１, ,ダ1700,稍,,(栗),牧浦充徳,1454,-0.4,1,1,1,37.5,498,+6,
,"2021. 2.20",小倉,2小3,2勝,紫川特別･2勝,5,10,ボンボヤージ,牝,4,川須栄彦, 55 ,18,1,１, ,芝1200,良,,(栗),梅田智之,1080,-0.0,,7,6,34.0,444,-2,
,"2021. 2.20",小倉,2小3,2勝,皿倉山Ｈ･2勝,7,7,モズナガレボシ,牡,4,菅原明良, 55 ,9,3,１, ,芝2600,良,,(栗),荒川義之,2392,-0.1,7,7,5,36.8,494,+8,
,"2021. 2.20",小倉,2小3,1勝,八幡特別･1勝,2,2,ガリレイ,セ,4,菱田裕二, 57 ,14,2,１, ,芝1200,良,,(栗),高橋亮,1088,-0.1,,2,2,33.8,496,+8,
,"2021. 2.20",小倉,2小3,1勝,１勝ｸﾗｽ・牝,5,8,ソプラドール,牝,4,横山和生, 54 ,14,1,１, ,ダ1700,稍,,(栗),安田隆行,1450,-0.1,2,2,1,36.9,482,+4,B
,"2021. 2.20",小倉,2小3,1勝,１勝ｸﾗｽ,6,6,バルトロメウ,牡,4,吉田隼人, 56 ,10,1,１, ,芝2000,良,,(栗),大久保龍,2012,-0.3,4,6,5,36.0,476,-4,
,"2021. 2.20",小倉,2小3,1勝,１勝ｸﾗｽ,5,7,アイティナリー,牡,4,鮫島克駿, 57 ,14,2,１, ,ダ1000,稍,,(栗),河内洋,0580,-0.3,,1,1,35.3,508,+14,B
,"2021. 2.20",小倉,2小3,未勝利,未勝利,7,13,アリーヴォ,牡,3,吉田隼人, 56 ,16,1,１, ,芝1800,良,,(栗),杉山晴紀,1481,-0.3,9,6,4,35.0,484,-4,
,"2021. 2.20",小倉,2小3,ｵｰﾌﾟﾝ,障害・オープ,4,4,アサクサゲンキ,セ,6,熊沢重文, 60 ,11,1,１, ,芝2860,良,,(栗),音無秀孝,3102,-0.2,2,1,1,13.3,474,+2,
,"2021. 2.20",小倉,2小3,未勝利,障害未勝利,6,8,ビルジキール,牡,5,中村将之, 60 ,12,1,１, ,芝2860,良,,(栗),安達昭夫,3132,-0.5,3,1,1,13.5,500,+4,
,"2021. 2.20",小倉,2小3,未勝利,未勝利,6,10,トーホウスザク,牡,3,菱田裕二, 56 ,15,3,１, ,ダ1700,稍,,(栗),谷潔,1456,-0.0,2,2,1,38.0,484,-6,
,"2021. 2.20",小倉,2小3,未勝利,未勝利,7,13,アンジュソレイユ,牝,3,西村淳也, 54 ,18,4,１, ,芝1200,良,,(栗),石坂正,1085,-0.5,,2,1,34.4,436,-8,
,"2021. 2.20",小倉,2小3,未勝利,未勝利・牝,4,6,マダムシュシュ,牝,3,秋山稔樹,51▲,14,2,１, ,ダ1700,稍,,(美),田村康仁,1467,-0.3,14,1,2,38.0,482,+2,
,"2021. 2.14",小倉,2小2,2勝,太宰府特･2勝,4,4,イズジョーノキセキ,牝,4,吉田隼人, 54 ,13,1,１, ,芝1800,良,,(栗),石坂公一,1479,-0.1,2,2,2,33.8,450,-4,
,"2021. 2.14",小倉,2小2,ｵｰﾌﾟﾝ,北九州短,7,14,ラヴィングアンサー,牡,7,勝浦正樹, 58 ,18,4,１, ,芝1200,良,,(栗),石坂正,1070,-0.1,,15,14,33.2,506,-6,
,"2021. 2.14",小倉,2小2,1勝,あすなろ･1勝,7,9,ワールドリバイバル,牡,3,菱田裕二, 56 ,12,10,１, ,芝2000,良,*,(栗),牧田和弥,2005,-0.1,1,1,1,34.5,508,+10,
,"2021. 2.14",小倉,2小2,1勝,１勝ｸﾗｽ,4,7,フラッグアドミラル,牡,7,勝浦正樹, 57 ,15,3,１, ,ダ1700,良,,(美),新開幸一,1460,-0.1,1,1,1,39.2,472,-6,
,"2021. 2.14",小倉,2小2,1勝,１勝ｸﾗｽ,2,2,ジェットモーション,セ,5,藤岡康太, 57 ,13,8,１, ,芝2000,良,,(栗),藤岡健一,2003,-0.2,4,7,5,35.4,530,+18,B
,"2021. 2.14",小倉,2小2,1勝,１勝ｸﾗｽ・若,7,8,オーヴァーネクサス,牡,4,鮫島克駿, 56 ,11,1,１, ,ダ1700,良,,(栗),松下武士,1456,-0.6,1,1,1,37.5,500,+4,
,"2021. 2.14",小倉,2小2,1勝,１勝ｸﾗｽ,2,4,エーティーメジャー,牡,4,小崎綾也, 57 ,17,10,１, ,芝1200,良,,(栗),湯窪幸雄,1082,-0.0,,12,14,34.4,494,+4,
,"2021. 2.14",小倉,2小2,未勝利,未勝利,5,7,モンテディオ,牡,3,鮫島良太, 56 ,13,1,１, ,芝1800,良,,(栗),松田国英,1492,-0.2,4,3,3,35.4,484,-4,
,"2021. 2.14",小倉,2小2,未勝利,障害未勝利,8,12,ブルベアカーキ,牡,5,草野太郎, 60 ,12,3,１, ,芝2860,良,,(美),和田勇介,3144,-0.3,2,1,1,13.6,560,-2,
,"2021. 2.14",小倉,2小2,未勝利,未勝利,2,2,スナークショウエン,牝,3,菅原明良,53☆,13,1,１, ,ダ1000,良,,(栗),川村禎彦,0591,-1.0,,1,1,36.2,466,-2,
,"2021. 2.14",小倉,2小2,未勝利,未勝利,1,2,タガノスペルノヴァ,牡,3,鮫島克駿, 56 ,18,4,１, ,芝1200,良,,(栗),川村禎彦,1082,-0.2,,3,3,35.0,430,-2,
,"2021. 2.14",小倉,2小2,未勝利,未勝利・牝,6,11,ギブミーラブ,牝,3,浜中俊, 54 ,16,6,１, ,ダ1700,良,,(栗),藤岡健一,1482,-0.4,2,2,2,39.6,488,-2,
,"2021. 2.13",小倉,2小1,2勝,大濠特Ｈ･2勝,7,13,クリノアリエル,牝,6,藤岡佑介, 53 ,16,2,１, ,芝1200,良,,(栗),武英智,1070,-0.1,,10,6,33.3,418,+8,B
,"2021. 2.13",小倉,2小1,2勝,和布刈特･2勝,1,2,メイショウヨカゼ,牡,4,浜中俊, 56 ,16,4,１, ,ダ1700,良,,(栗),荒川義之,1448,-0.3,8,6,2,36.7,522,0,
,"2021. 2.13",小倉,2小1,1勝,唐戸特別･1勝,5,5,ワールドスケール,牡,4,小崎綾也, 56 ,10,2,１, ,芝1800,良,,(栗),野中賢二,1488,-0.2,6,5,4,34.7,468,-10,
,"2021. 2.13",小倉,2小1,1勝,１勝ｸﾗｽ,2,3,コスモカルナック,牡,4,丹内祐次, 57 ,18,8,１, ,芝1200,良,,(美),加藤士津,1071,-0.2,,5,5,34.2,490,+18,
,"2021. 2.13",小倉,2小1,1勝,１勝ｸﾗｽ・牝,8,15,カグラヒメ,牝,5,横山和生, 55 ,15,3,１, ,ダ1700,良,,(栗),昆貢,1462,-0.0,2,2,2,37.3,470,0,
,"2021. 2.13",小倉,2小1,未勝利,未勝利・若,8,12,サマーカナロア,牡,3,斎藤新,55☆,12,5,１, ,芝2000,良,,(栗),昆貢,2029,-0.1,6,2,2,35.1,500,0,
,"2021. 2.13",小倉,2小1,未勝利,未勝利,5,10,ジョーレイラニ,牝,3,鮫島克駿, 54 ,18,1,１, ,芝1200,良,,(栗),松下武士,1087,-0.0,,1,1,35.4,436,-4,
,"2021. 2.13",小倉,2小1,未勝利,障害未勝利,4,4,パシージョ,牡,5,上野翔, 60 ,9,6,１, ,芝2860,良,,(美),田中博康,3132,-0.2,4,4,4,13.5,482,-2,
,"2021. 2.13",小倉,2小1,未勝利,障害未勝利,6,6,キタノテイオウ,牡,6,上野翔, 60 ,11,1,１, ,芝2860,良,,(美),和田雄二,3139,-0.2,6,3,2,13.6,458,-2,
,"2021. 2.13",小倉,2小1,1勝,１勝ｸﾗｽ,3,3,ケイティディライト,牝,4,菊沢一樹,54☆,14,3,１, ,ダ1000,良,,(美),小野次郎,0590,-0.1,,2,2,36.1,462,0,
,"2021. 2.13",小倉,2小1,未勝利,未勝利・牝,4,7,ファジェス,牝,3,横山和生, 54 ,16,4,１, ,芝2000,良,,(栗),安田隆行,2003,-0.1,14,1,1,36.5,470,-2,
,"2021. 2.13",小倉,2小1,未勝利,未勝利,2,4,キトゥンズワルツ,牝,3,横山和生, 54 ,16,2,１, ,ダ1700,良,,(栗),安田翔伍,1479,-0.1,16,6,3,38.5,438,+4,
,"2021. 2. 7",小倉,1小8,2勝,平尾台特･2勝,3,5,ニーズヘッグ,牝,4,横山和生, 54 ,16,2,１, ,ダ1700,稍,,(美),小野次郎,1440,-0.3,2,2,1,36.5,480,-8,
,"2021. 2. 7",小倉,1小8,ｵｰﾌﾟﾝ,関門橋Ｓ,6,6,ワールドウインズ,セ,4,藤岡康太, 55 ,11,2,１, ,芝2000,良,*,(栗),武幸四郎,2004,-0.1,9,8,8,36.2,458,0,
,"2021. 2. 7",小倉,1小8,1勝,波佐見特･1勝,7,12,ルヴァン,牡,4,西村淳也, 56 ,14,1,１, ,芝1800,良,,(栗),清水久詞,1481,-0.3,2,2,2,36.0,472,0,B
,"2021. 2. 7",小倉,1小8,1勝,１勝ｸﾗｽ・牝,7,14,ミアグア,牝,6,藤岡康太, 55 ,18,3,１, ,芝1200,良,,(栗),石橋守,1089,-0.3,,13,14,34.0,458,+2,
,"2021. 2. 7",小倉,1小8,1勝,１勝ｸﾗｽ,5,5,ハンメルフェスト,牡,4,浜中俊, 56 ,8,1,１, ,ダ2400,稍,,(栗),庄野靖志,2321,-0.7,3,2,2,36.7,558,0,
,"2021. 2. 7",小倉,1小8,未勝利,未勝利,1,1,モズマンジロウ,牡,3,西村淳也, 56 ,14,2,１, ,芝2000,良,,(栗),小崎憲,2024,-0.2,4,5,4,37.1,460,-6,
,"2021. 2. 7",小倉,1小8,未勝利,未勝利,8,18,ゴットゴーゴー,牝,3,富田暁,53☆,18,5,１, ,芝1200,良,,(栗),木原一良,1097,-0.1,,11,8,34.6,450,+2,
,"2021. 2. 7",小倉,1小8,新馬,新馬,3,3,ビッグリボン,牝,3,西村淳也, 54 ,8,1,１, ,芝2000,良,,(栗),中内田充,2043,-0.7,1,1,1,35.5,494,,
,"2021. 2. 7",小倉,1小8,未勝利,障害未勝利,8,12,セデックカズマ,牡,5,植野貴也, 60 ,12,1,１, ,芝2860,良,,(栗),高柳大輔,3119,-0.4,4,2,1,13.4,508,+4,
,"2021. 2. 7",小倉,1小8,1勝,１勝ｸﾗｽ,5,7,ゴーゴーチアフル,牝,4,亀田温心,54☆,14,10,１, ,ダ1000,稍,,(栗),中竹和也,0577,-0.4,,1,1,34.9,502,+8,
,"2021. 2. 7",小倉,1小8,未勝利,未勝利・牝,4,7,アイリッシュムーン,牝,3,富田暁,53☆,16,2,１, ,芝1800,良,,(美),武井亮,1490,-0.1,4,3,3,35.7,476,-4,
,"2021. 2. 7",小倉,1小8,未勝利,未勝利,4,8,サトノロイヤル,牡,3,浜中俊, 56 ,16,1,１, ,ダ1700,稍,,(栗),南井克巳,1459,-0.9,1,1,1,37.9,488,-8,B
,"2021. 2. 6",小倉,1小7,1勝,角島特別･1勝,6,8,イプシランテ,牡,4,吉田隼人, 56 ,13,2,１, ,ダ1700,稍,,(栗),武幸四郎,1441,-0.3,3,3,2,37.2,540,+6,
,"2021. 2. 6",小倉,1小7,2勝,玄海特Ｈ･2勝,5,5,グランスピード,牡,4,吉田隼人, 54 ,10,3,１, ,芝1800,良,,(栗),西村真幸,1484,-0.0,3,3,3,34.9,526,-6,
,"2021. 2. 6",小倉,1小7,1勝,かささぎ･1勝,5,6,マイネルジェロディ,牡,3,丹内祐次, 56 ,13,1,１, ,芝1200,良,,(栗),西園正都,1087,-0.3,,3,2,35.3,454,+8,
,"2021. 2. 6",小倉,1小7,1勝,１勝ｸﾗｽ,8,8,デルマラッキーガイ,牡,4,菊沢一樹,55☆,9,3,１, ,芝2600,良,,(美),小手川準,2421,-0.1,3,5,4,36.0,476,+18,
,"2021. 2. 6",小倉,1小7,1勝,１勝ｸﾗｽ・牝,3,3,ペイシャクレア,牝,5,吉田隼人, 55 ,14,1,１, ,ダ1700,稍,,(栗),坂口智康,1456,-0.1,4,4,4,37.7,418,0,
,"2021. 2. 6",小倉,1小7,1勝,１勝ｸﾗｽ,8,18,オシリスブレイン,牡,4,藤田菜七,55◇,18,1,１, ,芝1200,良,,(美),田村康仁,1088,-0.0,,10,9,34.6,492,+2,
,"2021. 2. 6",小倉,1小7,未勝利,未勝利,2,4,グルーヴビート,牡,3,川又賢治, 56 ,16,1,１, ,芝1800,良,,(栗),矢作芳人,1504,-0.0,10,9,7,35.3,460,-2,
,"2021. 2. 6",小倉,1小7,未勝利,障害未勝利,8,11,マイサンシャイン,牡,5,平沢健治, 60 ,12,1,１, ,芝2860,良,,(栗),五十嵐忠,3123,-0.4,4,2,2,13.4,486,0,
,"2021. 2. 6",小倉,1小7,ｵｰﾌﾟﾝ,障害・オープ,3,4,マイネルレオーネ,牡,9,平沢健治, 61 ,14,2,１, ,芝3390,良,,(栗),清水久詞,3485,-0.2,7,6,4,13.5,408,+4,
,"2021. 2. 6",小倉,1小7,未勝利,未勝利,8,14,ハイレリーフ,牝,3,丹内祐次, 54 ,14,6,１, ,ダ1000,重,,(美),菊川正達,0587,-0.1,,1,1,35.8,444,+4,B
,"2021. 2. 6",小倉,1小7,未勝利,未勝利・牝,7,13,テリーヌ,牝,3,富田暁,53☆,18,1,１, ,芝1200,良,,(栗),長谷川浩,1093,-0.1,,6,3,35.6,414,+4,
,"2021. 2. 6",小倉,1小7,未勝利,未勝利,8,16,ヒミノフラッシュ,牡,3,鮫島克駿, 56 ,16,2,１, ,ダ1700,重,,(栗),川村禎彦,1466,-0.0,5,6,5,38.5,526,-6,
,"2021. 1.31",小倉,1小6,2勝,開聞岳Ｈ･2勝,6,11,ホウオウライジン,牡,5,菱田裕二, 54 ,16,9,１, ,ダ1700,稍,,(栗),矢作芳人,1449,-0.5,13,10,8,38.4,494,+6,
,"2021. 1.31",小倉,1小6,3勝,巌流島Ｓ･3勝,7,14,メイショウカリン,牝,7,菱田裕二, 55 ,17,8,１, ,芝1200,良,*,(栗),笹田和秀,1083,-0.1,,16,16,34.1,504,-4,
,"2021. 1.31",小倉,1小6,1勝,合馬特別･1勝,1,1,イリスファルコン,牝,7,横山和生, 55 ,10,5,１, ,芝1200,良,,(美),南田美知,1091,-0.0,,1,1,34.9,424,-4,
,"2021. 1.31",小倉,1小6,1勝,１勝ｸﾗｽ,5,6,マイネルコロンブス,牡,4,丹内祐次, 56 ,12,1,１, ,芝2600,良,,(美),清水英克,2404,-0.2,5,3,3,36.6,466,+2,
,"2021. 1.31",小倉,1小6,1勝,１勝ｸﾗｽ,5,5,ヴェルテックス,牡,4,西村淳也, 56 ,9,1,１, ,ダ1700,稍,,(栗),吉岡辰弥,1440,-0.8,2,2,2,37.4,520,+5,B
,"2021. 1.31",小倉,1小6,1勝,１勝ｸﾗｽ・牝,7,11,バルバレスコ,牝,4,横山和生, 54 ,14,1,１, ,芝2000,良,*,(美),宗像義忠,2009,-0.2,1,1,1,36.3,492,+2,
,"2021. 1.31",小倉,1小6,未勝利,未勝利,3,6,デルマアシュラ,牡,3,荻野琢真, 56 ,16,5,１, ,芝1800,良,,(栗),友道康夫,1492,-0.3,7,7,6,36.7,414,-10,
,"2021. 1.31",小倉,1小6,新馬,新馬,4,8,タマモダイジョッキ,牡,3,国分優作, 56 ,18,1,１, ,芝1200,良,,(栗),南井克巳,1110,-0.1,,3,3,35.2,470,,
,"2021. 1.31",小倉,1小6,未勝利,障害未勝利,3,3,コーンスス,牡,6,植野貴也, 60 ,12,7,１, ,芝2860,良,,(栗),森田直行,3111,-0.1,2,1,1,13.4,524,-14,
,"2021. 1.31",小倉,1小6,未勝利,未勝利,7,11,クリオズナ,牝,3,泉谷楓真,51▲,14,2,１, ,ダ1000,稍,,(栗),浜田多実,0586,-0.3,,3,3,35.8,430,+2,
,"2021. 1.31",小倉,1小6,未勝利,未勝利,2,3,ルルルージュ,牝,3,菊沢一樹,53☆,18,8,１, ,芝1200,良,,(美),菊沢隆徳,1096,-0.2,,9,7,35.3,480,+4,
,"2021. 1.31",小倉,1小6,未勝利,未勝利・牝,4,5,ラブオブマイライフ,牝,3,藤岡康太, 54 ,14,1,１, ,ダ1700,稍,,(栗),長谷川浩,1476,-0.2,9,8,4,38.6,452,+2,
,"2021. 1.30",小倉,1小5,2勝,有田特別･2勝,2,2,ポートナイトサイト,牝,6,菅原明良, 55 ,14,6,１, ,ダ1000,稍,,(美),伊藤大士,0578,-0.0,,1,1,35.2,478,-4,
,"2021. 1.30",小倉,1小5,2勝,周防灘特･2勝,5,10,デトロイトテソーロ,牝,4,菅原明良, 54 ,18,1,１, ,芝1200,良,,(美),高木登,1078,-0.5,,1,1,34.8,468,0,
,"2021. 1.30",小倉,1小5,1勝,脊振山特･1勝,2,4,スズカノロッソ,牡,6,西村淳也, 57 ,16,7,１, ,芝1800,良,,(美),小島茂之,1490,-0.1,10,13,13,34.3,496,-10,
,"2021. 1.30",小倉,1小5,ｵｰﾌﾟﾝ,牛若丸ジ,7,11,ヒロシゲセブン,牡,6,高田潤, 60 ,14,1,１, ,芝3390,良,,(栗),北出成人,3468,-0.4,5,2,2,13.4,526,-4,
,"2021. 1.30",小倉,1小5,1勝,１勝ｸﾗｽ・牝,6,9,クーファアチャラ,牝,4,団野大成,53☆,13,1,１, ,ダ1700,稍,,(栗),松永幹夫,1458,-0.1,1,2,2,37.4,452,+2,
,"2021. 1.30",小倉,1小5,1勝,１勝ｸﾗｽ,1,1,グラウクス,セ,5,亀田温心,56☆,12,3,１, ,芝1200,良,,(栗),西園正都,1093,-0.2,,4,4,34.8,494,-6,
,"2021. 1.30",小倉,1小5,未勝利,未勝利,1,1,ジャッカル,牡,3,藤岡佑介, 56 ,9,2,１, ,芝2000,良,,(栗),吉岡辰弥,2016,-0.7,1,1,1,36.3,502,0,
,"2021. 1.30",小倉,1小5,未勝利,未勝利,1,1,コスモサンレミ,牝,3,丹内祐次, 54 ,18,2,１, ,芝1200,良,,(美),中野栄治,1091,-0.2,,1,1,35.7,448,0,
,"2021. 1.30",小倉,1小5,未勝利,障害未勝利,8,12,ディード,牡,5,西谷誠, 60 ,12,2,１, ,芝2860,良,,(栗),斉藤崇史,3144,-0.4,1,1,1,13.6,494,-12,B
,"2021. 1.30",小倉,1小5,1勝,１勝ｸﾗｽ,4,5,レインボービーム,牡,4,小林凌大,53▲,14,9,１, ,ダ1000,稍,,(美),加藤和宏,0583,-0.0,,2,2,35.1,474,-4,
,"2021. 1.30",小倉,1小5,未勝利,未勝利・牝,1,1,テリオスマナ,牝,3,鮫島克駿, 54 ,10,4,１, ,芝2000,良,,(栗),松下武士,2017,-0.0,8,7,5,35.0,452,-4,
,"2021. 1.30",小倉,1小5,未勝利,未勝利,4,8,コマンダンテ,牡,3,団野大成,55☆,16,8,１, ,ダ1700,稍,,(栗),吉村圭司,1457,-0.1,5,3,2,38.1,474,+6,
,"2021. 1.24",小倉,1小4,2勝,海の中道･2勝,8,11,メロディーレーン,牝,5,横山和生, 55 ,11,3,１, ,芝2600,重,,(栗),森田直行,2423,-0.2,3,3,3,37.7,346,+2,
,"2021. 1.24",小倉,1小4,3勝,豊前ＳＨ･3勝,7,14,テオレーマ,牝,5,斎藤新, 53 ,16,4,１, ,ダ1700,不,*,(栗),石坂正,1423,-0.1,13,14,13,35.6,468,-4,
,"2021. 1.24",小倉,1小4,1勝,秋吉台特･1勝,8,15,グッドワード,牝,6,鮫島克駿, 55 ,17,1,１, ,芝1200,重,,(栗),高橋義忠,1095,-0.3,,8,8,35.1,494,+8,
,"2021. 1.24",小倉,1小4,1勝,１勝ｸﾗｽ・牝,1,1,ドナキアーロ,牝,4,西村淳也, 54 ,14,7,１, ,芝1800,重,,(栗),牧浦充徳,1502,-0.1,5,7,4,35.5,470,+22,
,"2021. 1.24",小倉,1小4,1勝,１勝ｸﾗｽ,1,1,タガノウィリアム,牡,4,小牧太, 56 ,15,2,１, ,ダ1700,不,,(栗),中尾秀正,1428,-0.2,1,1,1,36.5,498,-6,
,"2021. 1.24",小倉,1小4,未勝利,未勝利,2,2,セファーラジエル,牡,3,吉田隼人, 56 ,11,1,１, ,芝2000,重,,(栗),高柳大輔,2038,-0.0,3,3,2,37.3,522,+8,
,"2021. 1.24",小倉,1小4,未勝利,未勝利,7,13,フォイアーロート,牡,3,鮫島克駿, 56 ,18,5,１, ,芝1200,重,,(栗),浅見秀一,1104,-0.2,,5,4,35.9,474,-6,
,"2021. 1.24",小倉,1小4,新馬,新馬,8,16,ルージュアリュール,牝,3,浜中俊, 54 ,16,5,１, ,芝1800,重,,(栗),松永幹夫,1530,-0.2,7,4,4,36.3,420,,
,"2021. 1.24",小倉,1小4,未勝利,障害未勝利,7,9,ダイシンクローバー,セ,5,高田潤, 60 ,12,1,１, ,芝2860,重,,(栗),安田隆行,3149,-0.0,2,2,2,13.6,482,0,
,"2021. 1.24",小倉,1小4,1勝,１勝ｸﾗｽ,6,10,ローズオブシャロン,牝,4,秋山稔樹,51▲,14,2,１, ,ダ1000,不,,(美),大竹正博,0580,-0.2,,1,1,35.6,464,+2,
,"2021. 1.24",小倉,1小4,未勝利,未勝利・牝,7,10,キュンストラー,牝,3,菅原明良,53☆,13,5,１, ,芝1800,重,,(美),鹿戸雄一,1511,-0.0,7,7,6,37.1,380,-8,
,"2021. 1.24",小倉,1小4,未勝利,未勝利,3,3,キゾク,牡,3,斎藤新,55☆,11,4,１, ,ダ1700,不,,(栗),池添兼雄,1450,-0.2,2,2,1,37.2,502,-4,
,"2021. 1.23",小倉,1小3,1勝,宝満山特･1勝,5,8,ホウオウエクレール,牡,4,亀田温心, 56 ,14,4,１, ,芝2000,稍,,(栗),宮徹,2037,-0.2,1,1,1,35.8,492,0,
,"2021. 1.23",小倉,1小3,2勝,小倉城特･2勝,8,16,メイショウハリオ,牡,4,西村淳也, 56 ,16,5,１, ,ダ1700,重,,(栗),岡田稲男,1436,-0.1,13,10,9,36.3,504,+2,
,"2021. 1.23",小倉,1小3,1勝,萌黄賞･1勝*,5,9,クープドクール,牝,3,斎藤新, 54 ,17,14,１, ,芝1200,稍,,(栗),高橋義忠,1097,-0.3,,11,9,36.0,464,+4,
,"2021. 1.23",小倉,1小3,1勝,１勝ｸﾗｽ,6,8,ベスビアナイト,セ,4,菅原明良,55☆,12,3,１, ,芝2600,稍,,(美),国枝栄,2421,-0.2,8,7,2,36.9,490,-6,
,"2021. 1.23",小倉,1小3,1勝,１勝ｸﾗｽ,4,8,ロジーナ,牝,4,団野大成,53☆,17,5,１, ,芝1200,稍,,(栗),佐々木晶,1088,-0.1,,9,10,35.2,448,-13,
,"2021. 1.23",小倉,1小3,1勝,１勝ｸﾗｽ・牝,2,3,ミモザゴール,牝,4,秋山稔樹,51▲,16,7,１, ,ダ1700,重,,(美),加藤士津,1430,-0.7,1,1,1,36.1,482,+2,
,"2021. 1.23",小倉,1小3,未勝利,未勝利,8,12,ショウナンアイビー,牡,3,藤懸貴志, 56 ,12,5,１, ,芝1800,稍,,(栗),清水久詞,1497,-0.4,1,1,1,36.9,494,-6,B
,"2021. 1.23",小倉,1小3,ｵｰﾌﾟﾝ,障害・オープ,3,3,ドゴール,牡,5,小野寺祐, 60 ,12,8,１, ,芝2860,稍,,(美),黒岩陽一,3134,-0.2,1,1,1,13.5,472,+2,
,"2021. 1.23",小倉,1小3,未勝利,障害未勝利,6,7,エイシンクリック,牡,7,西谷誠, 60 ,12,1,１, ,芝2860,稍,,(栗),坂口智康,3122,-2.7,1,1,1,13.4,482,-4,
,"2021. 1.23",小倉,1小3,未勝利,未勝利,8,11,サウンドブライアン,牡,3,西村淳也, 56 ,12,1,１, ,ダ1000,重,*,(栗),村山明,0586,-0.1,,7,7,35.3,466,-6,
,"2021. 1.23",小倉,1小3,未勝利,未勝利,8,9,トーホウバロン,牡,3,藤岡康太, 56 ,10,1,１, ,芝2000,稍,,(栗),石坂公一,2024,-0.1,5,5,5,36.2,484,+8,
,"2021. 1.23",小倉,1小3,未勝利,未勝利・牝,4,4,ランスオブアース,牝,3,泉谷楓真,51▲,11,2,１, ,ダ1700,重,,(栗),本田優,1457,-0.5,5,5,5,37.7,460,-4,
,"2021. 1.17",小倉,1小2,2勝,宇佐特別･2勝,2,2,ワールドウインズ,セ,4,藤岡康太, 56 ,13,1,１, ,芝1800,良,,(栗),武幸四郎,1466,-0.2,1,2,1,34.7,458,-2,
,"2021. 1.17",小倉,1小2,ｵｰﾌﾟﾝ,門司Ｓ,6,11,ソリストサンダー,牡,6,吉田隼人, 58 ,16,3,１, ,ダ1700,良,,(栗),高柳大輔,1445,-0.2,4,3,1,38.2,486,+6,
,"2021. 1.17",小倉,1小2,1勝,呼子特別･1勝,4,8,エヒト,牡,4,勝浦正樹, 56 ,16,4,１, ,芝2600,良,,(栗),森秀行,2391,-0.4,11,9,4,34.9,452,+10,
,"2021. 1.17",小倉,1小2,1勝,１勝ｸﾗｽ,2,3,ホーリーライン,牝,5,松山弘平, 55 ,18,2,１, ,芝1200,良,,(美),矢野英一,1084,-0.0,,8,7,34.2,440,-6,
,"2021. 1.17",小倉,1小2,1勝,１勝ｸﾗｽ,3,6,ハーランズハーツ,牡,4,鮫島克駿, 56 ,16,5,１, ,芝1800,良,,(栗),橋口慎介,1465,-0.1,11,10,9,35.3,430,+4,
,"2021. 1.17",小倉,1小2,1勝,１勝ｸﾗｽ*,3,3,ロードシュトローム,牡,3,松山弘平, 56 ,9,2,１, ,ダ1700,良,,(栗),清水久詞,1456,-0.9,1,1,1,37.9,492,+2,
,"2021. 1.17",小倉,1小2,未勝利,未勝利,3,4,タイフォン,牡,3,菅原明良,55☆,14,10,１, ,芝2000,良,,(栗),森田直行,2007,-0.0,11,6,4,35.2,452,-8,
,"2021. 1.17",小倉,1小2,新馬,新馬,8,17,バルドルブレイン,牡,3,城戸義政, 56 ,18,4,１, ,芝1200,良,*,(栗),奥村豊,1085,-0.2,,3,3,34.4,492,,
,"2021. 1.17",小倉,1小2,未勝利,障害未勝利,1,1,アキリザーブ,牝,4,上野翔, 57 ,12,12,１, ,芝2860,良,,(美),小野次郎,3119,-0.8,1,1,1,13.4,476,0,
,"2021. 1.17",小倉,1小2,1勝,１勝ｸﾗｽ,3,4,クーファピーカブー,牝,5,田中健, 55 ,14,6,１, ,ダ1000,稍,,(栗),浅見秀一,0591,-0.3,,3,2,36.1,466,-10,
,"2021. 1.17",小倉,1小2,未勝利,未勝利,6,12,ナンヨーローズ,牡,3,藤田菜七,54◇,18,10,１, ,芝1200,良,,(美),畠山吉宏,1091,-0.0,,14,14,34.8,452,+2,
,"2021. 1.17",小倉,1小2,未勝利,未勝利・牝,5,5,ウォーターアンク,牝,3,国分恭介, 54 ,8,7,１, ,ダ1700,稍,,(栗),岡田稲男,1490,-0.3,7,7,7,39.2,472,-4,
,"2021. 1.16",小倉,1小1,2勝,響灘特別･2勝,8,15,モズレジーナ,牝,5,藤岡康太, 55 ,15,4,１, ,ダ1700,稍,,(栗),矢作芳人,1451,-0.3,11,10,6,37.1,438,-4,
,"2021. 1.16",小倉,1小1,3勝,虹の松原･3勝,8,13,アーデントリー,牡,5,鮫島克駿, 57 ,14,12,１, ,芝1800,良,,(栗),川村禎彦,1462,-0.0,13,7,9,35.1,450,-2,
,"2021. 1.16",小倉,1小1,2勝,小郡特Ｈ･2勝,1,2,タマモティータイム,牝,4,鮫島良太, 54 ,18,1,１, ,芝1200,良,,(栗),南井克巳,1074,-0.6,,1,1,34.5,460,-2,B
,"2021. 1.16",小倉,1小1,1勝,１勝ｸﾗｽ・牝,4,8,イルーシヴゴールド,牝,6,吉田隼人, 55 ,17,1,１, ,芝2000,良,,(栗),西村真幸,1583,-0.2,3,3,2,35.7,500,+4,
,"2021. 1.16",小倉,1小1,1勝,１勝ｸﾗｽ,7,13,ファイナルマズル,牡,5,丹内祐次, 57 ,15,2,１, ,ダ1700,稍,,(美),岩戸孝樹,1455,-0.4,1,1,1,37.7,478,+4,
,"2021. 1.16",小倉,1小1,1勝,１勝ｸﾗｽ,5,10,デトロイトテソーロ,牝,4,菅原明良,53☆,18,2,１, ,芝1200,良,,(美),高木登,1069,-0.1,,1,1,33.8,468,0,
,"2021. 1.16",小倉,1小1,未勝利,未勝利,7,13,バガン,牡,3,浜中俊, 56 ,16,2,１, ,芝1800,良,,(栗),野中賢二,1479,-0.0,9,7,2,36.1,472,+6,
,"2021. 1.16",小倉,1小1,未勝利,障害未勝利,6,8,フィールインラヴ,セ,6,中村将之, 60 ,12,4,１, ,芝2860,良,,(栗),浅見秀一,3103,-0.1,5,5,4,13.3,446,-6,
,"2021. 1.16",小倉,1小1,未勝利,障害未勝利,5,6,シゲルミズガメザ,牡,4,植野貴也, 59 ,12,3,１, ,芝2860,良,,(栗),鈴木孝志,3134,-0.4,4,2,1,13.5,468,0,
,"2021. 1.16",小倉,1小1,未勝利,未勝利,5,8,ゲンパチミーティア,牡,3,吉田隼人, 56 ,14,1,１, ,ダ1000,稍,,(栗),矢作芳人,0594,-0.6,,1,1,36.0,472,-4,
,"2021. 1.16",小倉,1小1,未勝利,未勝利,8,18,スティクス,牝,3,吉田隼人, 54 ,18,4,１, ,芝1200,良,,(栗),武幸四郎,1071,-0.6,,1,1,33.9,474,-4,
,"2021. 1.16",小倉,1小1,未勝利,未勝利,4,5,キタノインディ,牡,3,森裕太朗,55☆,14,4,１, ,ダ1700,稍,,(栗),吉田直弘,1472,-0.0,4,5,4,37.9,458,+4,
,"2020. 9. 6",小倉,2小8,1勝,１勝ｸﾗｽ,6,10,スマートアリエル,牝,3,泉谷楓真,49▲,15,1,１, ,ダ1700,重,,(栗),角居勝彦,1432,-0.4,1,1,1,35.7,468,+10,
,"2020. 9. 6",小倉,2小8,Ｇ３,小倉２歳G3,7,8,メイケイエール,牝,2,武豊, 54 ,10,2,１, ,芝1200,重,,(栗),武英智,1096,-0.2,,5,4,35.1,460,-2,
,"2020. 9. 6",小倉,2小8,2勝,西日本ス･2勝,6,6,ナイトバナレット,牡,6,松若風馬, 57 ,8,4,１, ,芝1800,重,,(栗),矢作芳人,1508,-0.1,8,7,5,35.2,480,-2,
,"2020. 9. 6",小倉,2小8,2勝,別府特別･2勝,8,10,ロードアクア,牡,4,川須栄彦, 57 ,11,2,１, ,芝1200,重,,(栗),浅見秀一,1092,-0.0,,2,2,35.7,460,-6,
,"2020. 9. 6",小倉,2小8,1勝,１勝ｸﾗｽ,2,2,シゲルオトメザ,牝,3,和田竜二, 53 ,12,1,１, ,ダ1000,稍,,(栗),橋田満,0582,-0.0,,1,1,35.5,502,+18,
,"2020. 9. 6",小倉,2小8,1勝,１勝ｸﾗｽ,2,2,タマモティータイム,牝,3,鮫島良太, 53 ,14,1,１, ,芝1200,稍,,(栗),南井克巳,1093,-0.3,,1,1,35.3,464,-2,B
,"2020. 9. 6",小倉,2小8,未勝利,未勝利,8,14,キワミ,セ,3,太宰啓介, 56 ,15,14,１, ,ダ1700,良,,(栗),昆貢,1464,-0.1,2,2,1,38.7,466,-2,B
,"2020. 9. 6",小倉,2小8,新馬,新馬,5,10,アドマイヤザーゲ,牡,2,川田将雅, 54 ,16,1,１, ,芝1800,良,,(栗),友道康夫,1514,-0.5,5,5,6,35.1,490,,
,"2020. 9. 6",小倉,2小8,未勝利,未勝利,4,5,エトヴァス,牝,3,高倉稜, 54 ,13,2,１, ,芝2000,良,,(栗),杉山晴紀,2025,-0.0,12,9,9,35.6,450,-2,
,"2020. 9. 6",小倉,2小8,未勝利,未勝利・牝,8,16,ピクシーサンライズ,牝,3,松若風馬, 54 ,16,1,１, ,ダ1700,良,,(栗),音無秀孝,1462,-0.1,4,2,2,38.8,446,-8,B
,"2020. 9. 6",小倉,2小8,未勝利,未勝利*,4,7,エイシンヒテン,牝,2,武豊, 54 ,17,1,１, ,芝1200,良,,(栗),渡辺薫彦,1088,-0.1,,1,1,35.1,452,+4,
,"2020. 9. 6",小倉,2小8,未勝利,障害未勝利,6,6,ミッキーブラック,牡,4,平沢健治, 60 ,10,1,１, ,芝2860,良,,(栗),音無秀孝,3081,-0.6,1,1,1,13.2,486,+2,
,"2020. 9. 5",小倉,2小7,1勝,１勝ｸﾗｽ,7,10,トウカイデュエル,牡,3,秋山真一, 54 ,13,4,１, ,芝2600,良,*,(栗),田所秀孝,2415,-0.5,6,6,5,35.5,456,-4,
,"2020. 9. 5",小倉,2小7,3勝,テレＱＨ･3勝,6,12,タマモメイトウ,牡,4,藤岡康太, 54 ,17,11,１, ,芝1200,良,,(栗),藤岡健一,1082,-0.0,,7,6,33.8,490,+2,
,"2020. 9. 5",小倉,2小7,3勝,桜島Ｓ･3勝,3,3,マルシュロレーヌ,牝,4,川田将雅, 55 ,14,2,１, ,ダ1700,良,,(栗),矢作芳人,1437,-0.2,7,9,8,35.0,466,-8,
,"2020. 9. 5",小倉,2小7,2勝,天草特別･2勝,3,3,アルコレーヌ,牝,3,川田将雅, 52 ,13,1,１, ,ダ1700,良,,(栗),奥村豊,1455,-0.2,4,4,4,35.7,456,0,
,"2020. 9. 5",小倉,2小7,1勝,１勝ｸﾗｽ,7,10,ダンツイノーバ,牝,3,秋山真一, 52 ,12,2,１, ,芝1800,良,,(栗),谷潔,1484,-0.4,2,2,2,34.5,448,+2,
,"2020. 9. 5",小倉,2小7,未勝利,未勝利,2,3,バルトロメウ,牡,3,松山弘平, 56 ,15,1,１, ,芝2000,良,,(栗),大久保龍,2005,-0.3,4,2,4,35.2,488,+6,
,"2020. 9. 5",小倉,2小7,未勝利,未勝利,2,4,ゴールドパラディン,牡,3,浜中俊, 56 ,16,5,１, ,ダ1700,良,,(栗),吉岡辰弥,1450,-0.6,2,2,1,37.0,420,+6,
,"2020. 9. 5",小倉,2小7,新馬,新馬,6,6,ニシノガブリヨリ,牡,2,松山弘平, 54 ,10,2,１, ,芝1200,良,,(栗),橋口慎介,1092,-0.3,,2,2,34.4,470,,
,"2020. 9. 5",小倉,2小7,未勝利,未勝利,2,4,ホワイトロッジ,牝,3,川田将雅, 54 ,18,2,１, ,芝1200,良,*,(栗),藤岡健一,1087,-0.1,,5,5,34.8,418,-4,
,"2020. 9. 5",小倉,2小7,未勝利,未勝利,5,6,アイティナリー,牡,3,松山弘平, 56 ,13,1,１, ,ダ1000,良,,(栗),河内洋,0589,-0.1,,1,1,36.2,494,-4,B
,"2020. 9. 5",小倉,2小7,未勝利,未勝利*,6,7,ヴィルヘルム,牡,2,松山弘平, 54 ,11,1,１, ,芝1800,良,,(栗),池江泰寿,1487,-0.0,2,2,2,36.4,484,-10,
,"2020. 9. 5",小倉,2小7,未勝利,未勝利*,2,3,ミコブラック,牝,2,鮫島克駿, 54 ,15,2,１, ,ダ1700,良,,(栗),浅見秀一,1477,-0.6,1,1,1,37.7,462,-6,
,"2020. 8.30",小倉,2小6,1勝,１勝ｸﾗｽ,7,13,ペイシャノリッジ,牝,3,森裕太朗,51☆,15,7,１, ,ダ1700,良,,(栗),吉田直弘,1453,-0.1,2,2,1,37.6,424,+4,
,"2020. 8.30",小倉,2小6,ｵｰﾌﾟﾝ,小倉日経,7,10,サラキア,牝,5,北村友一, 54 ,12,3,１, ,芝1800,良,,(栗),池添学,1461,-0.2,10,11,9,34.0,456,0,
,"2020. 8.30",小倉,2小6,2勝,九州スＨ･2勝,5,10,メイショウカズサ,牡,3,川田将雅, 53 ,16,1,１, ,ダ1700,良,,(栗),安達昭夫,1438,-0.7,1,1,1,36.3,474,-4,B
,"2020. 8.30",小倉,2小6,1勝,英彦山特･1勝,2,2,レッドルーヴル,牝,4,荻野極, 55 ,12,2,１, ,芝2000,良,,(栗),笹田和秀,2003,-0.2,6,5,6,35.0,464,-6,
,"2020. 8.30",小倉,2小6,1勝,１勝ｸﾗｽ,8,10,アーズローヴァー,牝,4,北村友一, 55 ,11,2,１, ,芝1200,良,,(栗),松下武士,1086,-0.3,,4,6,34.5,462,+4,B
,"2020. 8.30",小倉,2小6,1勝,１勝ｸﾗｽ,3,4,レジェモー,牝,3,泉谷楓真,49▲,14,3,１, ,ダ1000,良,,(栗),武幸四郎,0584,-0.3,,2,2,35.8,444,+6,
,"2020. 8.30",小倉,2小6,未勝利,未勝利・牝,4,8,タニノヨセミテ,牝,3,鮫島良太, 54 ,18,7,１, ,芝2000,良,,(栗),松田国英,2003,-0.1,15,16,13,35.0,410,+4,
,"2020. 8.30",小倉,2小6,新馬,新馬,8,12,アールラプチャー,牝,2,太宰啓介, 54 ,12,5,１, ,芝1200,良,,(栗),千田輝彦,1088,-0.2,,2,2,34.8,458,,
,"2020. 8.30",小倉,2小6,未勝利,未勝利,8,13,スマートルシア,牝,3,川須栄彦, 54 ,14,7,１, ,芝1200,良,,(栗),河内洋,1087,-0.1,,6,5,34.5,458,+12,
,"2020. 8.30",小倉,2小6,未勝利,未勝利,4,8,ルドンカズマ,牡,3,松若風馬, 56 ,16,1,１, ,ダ1700,良,,(栗),杉山晴紀,1461,-0.0,2,2,2,37.9,486,-4,
,"2020. 8.30",小倉,2小6,未勝利,未勝利・牝,1,2,メイショウゲンセン,牝,3,太宰啓介, 54 ,17,5,１, ,芝1200,良,*,(栗),武幸四郎,1085,-0.0,,3,3,34.5,436,-4,
,"2020. 8.30",小倉,2小6,未勝利,未勝利*,3,3,テンバガー,牡,2,川田将雅, 54 ,9,2,１, ,芝2000,良,,(栗),藤岡健一,2028,-0.1,2,2,1,35.4,506,-10,
,"2020. 8.29",小倉,2小5,1勝,１勝ｸﾗｽ,7,10,ラインオブダンス,牝,3,川田将雅, 52 ,13,2,１, ,芝1800,良,,(栗),矢作芳人,1470,-0.1,6,5,5,34.5,492,+4,
,"2020. 8.29",小倉,2小5,3勝,釜山Ｓ･3勝,6,8,コパノフィーリング,牝,3,藤岡康太, 52 ,12,2,１, ,ダ1000,良,,(栗),宮徹,0575,-0.2,,3,3,35.0,460,-2,
,"2020. 8.29",小倉,2小5,2勝,西海賞･2勝,2,4,フィオリキアリ,牝,3,藤岡康太, 52 ,16,2,１, ,芝2000,良,,(栗),清水久詞,2003,-0.2,2,2,2,35.1,444,+20,
,"2020. 8.29",小倉,2小5,ｵｰﾌﾟﾝ,ひまわり,1,2,ヨカヨカ,牝,2,福永祐一, 57 ,17,1,１, ,芝1200,良,,(栗),谷潔,1092,-0.6,,1,1,35.2,446,-2,
,"2020. 8.29",小倉,2小5,ＪＧ３,小倉サマJG3,4,5,スプリングボックス,牡,6,森一馬, 60 ,14,2,１, ,芝3390,良,,(栗),寺島良,3420,-0.2,3,3,3,13.1,482,-8,
,"2020. 8.29",小倉,2小5,1勝,１勝ｸﾗｽ・牝,8,12,アルバリズム,牝,4,松若風馬, 55 ,13,10,１, ,芝1200,良,,(栗),河内洋,1080,-0.0,,11,12,33.9,530,+18,
,"2020. 8.29",小倉,2小5,未勝利,未勝利,4,5,サクセスリボーン,牡,3,荻野極, 56 ,13,4,１, ,ダ1000,良,,(栗),北出成人,0588,-0.2,,5,5,35.3,486,-6,
,"2020. 8.29",小倉,2小5,新馬,新馬,7,14,コートダルジャン,牝,2,北村友一, 54 ,17,2,１, ,芝2000,良,*,(栗),牧田和弥,2032,-0.1,13,11,7,36.0,466,,
,"2020. 8.29",小倉,2小5,未勝利,未勝利,8,16,レミニシェンザ,牝,3,長岡禎仁, 54 ,16,9,１, ,芝1800,良,,(栗),羽月友彦,1472,-0.2,13,13,14,34.5,454,-2,
,"2020. 8.29",小倉,2小5,未勝利,未勝利,3,5,ヨドノドリーム,牡,3,鮫島克駿, 56 ,16,8,１, ,ダ1700,良,,(栗),谷潔,1465,-0.0,10,6,5,38.4,482,+6,
,"2020. 8.29",小倉,2小5,未勝利,未勝利・牝*,7,11,ミニーアイル,牝,2,秋山真一, 54 ,14,1,１, ,芝1200,良,,(栗),武幸四郎,1084,-0.5,,8,6,34.6,486,-14,
,"2020. 8.29",小倉,2小5,未勝利,未勝利*,8,10,リサコーハク,牝,2,鮫島克駿, 54 ,10,2,１, ,ダ1000,良,*,(栗),川村禎彦,0591,-0.1,,1,1,36.3,426,+2,
,"2020. 8.23",小倉,2小4,1勝,１勝ｸﾗｽ・牝,5,10,シルバースミス,牝,4,鮫島克駿, 55 ,16,6,１, ,芝1800,稍,,(栗),橋口慎介,1481,-0.0,6,4,5,36.4,506,+4,
,"2020. 8.23",小倉,2小4,Ｇ３,北九州記ＨG3,2,4,レッドアンシェル,牡,6,福永祐一, 57 ,18,8,１, ,芝1200,稍,,(栗),庄野靖志,1078,-0.3,,8,8,34.2,478,+8,B
,"2020. 8.23",小倉,2小4,3勝,薩摩ＳＨ･3勝,5,10,スマートセラヴィー,牡,4,藤岡康太, 54 ,16,8,１, ,ダ1700,重,,(栗),矢作芳人,1424,-0.1,2,2,1,36.6,500,-14,
,"2020. 8.23",小倉,2小4,2勝,西部スポ･2勝,3,6,ファストフォース,牡,4,松山弘平, 57 ,18,1,１, ,芝1200,稍,,(栗),西村真幸,1083,-0.0,,2,2,34.8,518,+4,
,"2020. 8.23",小倉,2小4,1勝,１勝ｸﾗｽ,1,1,リリーミニスター,セ,3,酒井学, 54 ,16,10,１, ,ダ1700,重,,(栗),池添兼雄,1436,-0.2,4,4,3,37.1,466,0,
,"2020. 8.23",小倉,2小4,1勝,１勝ｸﾗｽ,8,18,エレヴァート,牝,3,武豊, 52 ,18,2,１, ,芝1200,稍,,(栗),角田晃一,1084,-0.2,,10,9,34.3,440,+2,
,"2020. 8.23",小倉,2小4,未勝利,未勝利,4,5,ライトマン,牡,3,和田竜二, 56 ,14,7,１, ,ダ1000,重,,(栗),宮本博,0581,-0.0,,4,3,34.9,498,+4,B
,"2020. 8.23",小倉,2小4,新馬,新馬,2,4,グラティトゥー,牡,2,松山弘平, 54 ,16,1,１, ,芝1800,稍,,(栗),橋口慎介,1510,-0.8,3,4,4,35.8,454,,
,"2020. 8.23",小倉,2小4,未勝利,未勝利,8,18,ピンクレガシー,牝,3,藤岡康太, 54 ,18,15,１, ,芝2000,稍,,(栗),藤岡健一,2032,-0.0,14,11,9,36.6,432,+2,
,"2020. 8.23",小倉,2小4,未勝利,未勝利・牝,4,7,アマノエリザベート,牝,3,藤岡康太, 54 ,16,7,１, ,ダ1700,稍,,(栗),中竹和也,1457,-0.0,5,4,4,37.4,478,0,
,"2020. 8.23",小倉,2小4,未勝利,未勝利*,2,2,アンジュマリッシュ,牝,2,福永祐一, 54 ,13,1,１, ,芝1200,良,,(栗),上村洋行,1103,-0.0,,5,4,35.5,426,+8,
,"2020. 8.23",小倉,2小4,未勝利,障害未勝利,7,10,スマートアペックス,牡,3,中村将之, 58 ,12,1,１, ,芝2860,良,,(栗),浅見秀一,3124,-0.3,2,2,2,13.5,476,+2,
,"2020. 8.22",小倉,2小3,2勝,２勝ｸﾗｽ,8,14,ファビュラスギフト,牝,4,富田暁,54☆,14,8,１, ,ダ1000,良,,(栗),武英智,0582,-0.1,,1,1,35.9,476,+12,
,"2020. 8.22",小倉,2小3,3勝,佐世保Ｓ･3勝,7,9,フェルトベルク,牝,6,藤懸貴志, 55 ,11,11,１, ,芝1200,良,,(栗),荒川義之,1076,-0.0,,11,11,34.3,450,-2,
,"2020. 8.22",小倉,2小3,2勝,宮崎特別･2勝,8,10,アドマイヤジョラス,牡,6,川田将雅, 57 ,11,1,１, ,芝1800,良,,(栗),梅田智之,1465,-0.2,3,3,3,34.8,488,-2,
,"2020. 8.22",小倉,2小3,1勝,都井岬特･1勝,6,7,オールザワールド,牡,3,松山弘平, 54 ,11,2,１, ,芝2000,良,,(栗),中竹和也,1598,-0.2,5,4,1,35.5,462,-10,
,"2020. 8.22",小倉,2小3,1勝,１勝ｸﾗｽ・牝,1,1,ジョウショーリード,牝,3,国分恭介, 52 ,16,8,１, ,ダ1700,良,,(栗),服部利之,1456,-0.0,3,4,3,37.4,474,+18,
,"2020. 8.22",小倉,2小3,未勝利,未勝利,7,15,スノーテーラー,牝,3,川田将雅, 54 ,18,1,１, ,芝1200,良,,(栗),飯田雄三,1083,-0.4,,2,2,35.2,424,-10,
,"2020. 8.22",小倉,2小3,新馬,新馬,1,1,ダノンハーロック,牡,2,北村友一, 54 ,16,4,１, ,ダ1700,良,,(栗),音無秀孝,1473,-0.8,1,2,2,39.5,526,,B
,"2020. 8.22",小倉,2小3,新馬,新馬,1,1,メイケイエール,牝,2,福永祐一, 54 ,17,1,１, ,芝1200,良,,(栗),武英智,1094,-0.8,,3,3,35.3,462,,
,"2020. 8.22",小倉,2小3,未勝利,未勝利,6,11,スワーヴシールズ,セ,3,幸英明, 56 ,16,2,１, ,ダ1700,良,,(栗),昆貢,1454,-0.5,1,1,1,37.6,478,-4,
,"2020. 8.22",小倉,2小3,未勝利,未勝利,1,1,タイセイシリウス,牡,3,松若風馬, 56 ,16,3,１, ,芝2600,良,,(栗),高野友和,2398,-0.4,1,1,1,35.3,484,+2,
,"2020. 8.22",小倉,2小3,未勝利,未勝利*,6,11,サウンドウォリアー,牡,2,幸英明, 54 ,16,12,１, ,芝1800,良,,(栗),高橋康之,1476,-0.6,1,1,1,36.4,476,+2,
,"2020. 8.22",小倉,2小3,未勝利,未勝利・九*,4,8,テイエムサツマドン,牡,2,和田竜二, 54 ,17,2,１, ,芝1200,良,,(栗),鈴木孝志,1092,-0.2,,2,2,35.5,478,+8,
,"2020. 8.16",小倉,2小2,2勝,ＲＫＢ賞･2勝,4,7,サンキュー,牡,7,北村友一, 57 ,15,6,１, ,ダ1700,良,*,(栗),安達昭夫,1452,-0.2,5,5,5,38.0,520,+2,
,"2020. 8.16",小倉,2小2,Ｇ３,小倉記念ＨG3,3,3,アールスター,牡,5,長岡禎仁, 53 ,14,10,１, ,芝2000,良,,(栗),杉山晴紀,1575,-0.2,6,7,9,34.8,518,0,
,"2020. 8.16",小倉,2小2,3勝,博多ＳＨ･3勝,8,9,カセドラルベル,牝,4,松山弘平, 53 ,9,1,１, ,芝2000,良,,(栗),西村真幸,1579,-0.0,3,3,2,35.7,552,+14,
,"2020. 8.16",小倉,2小2,1勝,筑紫特別･1勝,7,15,クーファウェヌス,牝,5,武豊, 55 ,18,2,１, ,芝1200,良,,(栗),武幸四郎,1076,-0.3,,2,2,34.4,494,+2,
,"2020. 8.16",小倉,2小2,1勝,１勝ｸﾗｽ,7,11,マックス,セ,3,川田将雅, 54 ,14,1,１, ,ダ1700,良,,(栗),中内田充,1459,-0.4,1,1,1,37.6,478,0,
,"2020. 8.16",小倉,2小2,1勝,１勝ｸﾗｽ,6,6,ダンディズム,セ,4,小崎綾也, 57 ,11,7,１, ,芝2000,良,,(栗),野中賢二,1591,-0.2,11,10,8,35.6,468,-12,
,"2020. 8.16",小倉,2小2,新馬,新馬,3,5,ウインスーリール,牝,2,国分優作, 54 ,18,3,１, ,芝1200,良,,(栗),西園正都,1092,-0.3,,1,1,35.4,476,,
,"2020. 8.16",小倉,2小2,新馬,新馬・九,5,8,カシノレオ,牡,2,松山弘平, 54 ,15,1,１, ,芝1200,良,,(栗),鈴木孝志,1102,-0.6,,1,1,35.6,480,,
,"2020. 8.16",小倉,2小2,未勝利,未勝利・牝,3,5,テイストオブハニー,牝,3,川田将雅, 54 ,16,3,１, ,ダ1700,良,,(栗),鮫島一歩,1474,-0.5,5,1,1,39.9,542,-6,
,"2020. 8.16",小倉,2小2,未勝利,未勝利,8,14,ハーランズハーツ,牡,3,鮫島克駿, 56 ,15,7,１, ,芝1800,良,,(栗),橋口慎介,1467,-0.1,10,10,9,35.4,426,-6,
,"2020. 8.16",小倉,2小2,未勝利,未勝利,8,13,エスシーミホーク,牡,3,森裕太朗,55☆,14,6,１, ,ダ1000,良,,(栗),西橋豊治,0587,-0.3,,5,5,35.3,486,+10,
,"2020. 8.16",小倉,2小2,未勝利,未勝利*,5,10,フリード,牝,2,川田将雅, 54 ,16,7,１, ,芝1200,良,,(栗),西園正都,1075,-0.3,,1,1,34.6,476,0,
,"2020. 8.15",小倉,2小1,1勝,１勝ｸﾗｽ,6,9,フアナ,牝,3,福永祐一, 52 ,14,1,１, ,芝1800,良,,(栗),角居勝彦,1449,-0.0,5,6,3,34.6,444,+28,
,"2020. 8.15",小倉,2小1,ｵｰﾌﾟﾝ,阿蘇Ｓ,5,8,アルドーレ,牡,5,浜中俊, 56 ,15,3,１, ,ダ1700,良,,(栗),昆貢,1437,-0.1,6,6,7,36.8,494,-8,
,"2020. 8.15",小倉,2小1,2勝,西部日刊･2勝,7,7,ポタジェ,牡,3,川田将雅, 54 ,10,1,１, ,芝2000,良,,(栗),友道康夫,1578,-0.2,4,2,2,35.1,454,+2,
,"2020. 8.15",小倉,2小1,ｵｰﾌﾟﾝ,フェニッ,1,1,ヨカヨカ,牝,2,福永祐一, 54 ,10,1,１, ,芝1200,良,,(栗),谷潔,1079,-0.2,,1,1,35.0,448,-4,
,"2020. 8.15",小倉,2小1,1勝,１勝ｸﾗｽ,4,6,コパノマーキュリー,牡,3,小牧太, 54 ,14,2,１, ,ダ1000,良,,(栗),田所秀孝,0583,-0.1,,5,4,35.0,486,-12,
,"2020. 8.15",小倉,2小1,未勝利,未勝利,6,12,チャイカ,牝,3,松山弘平, 54 ,18,1,１, ,芝2000,良,,(栗),今野貞一,2003,-0.2,2,2,1,35.9,464,+14,
,"2020. 8.15",小倉,2小1,新馬,新馬・牝,7,15,テンハッピーローズ,牝,2,福永祐一, 54 ,18,7,１, ,芝1200,良,,(栗),高柳大輔,1084,-0.2,,6,6,34.1,420,,
,"2020. 8.15",小倉,2小1,新馬,新馬・九,4,5,ルクシオン,牝,2,松山弘平, 54 ,13,1,１, ,芝1200,良,,(栗),河内洋,1098,-0.5,,1,1,35.0,426,,
,"2020. 8.15",小倉,2小1,ｵｰﾌﾟﾝ,障害・オープ,5,5,サトノエメラルド,牡,5,高田潤, 60 ,12,1,１, ,芝2860,良,,(栗),安田隆行,3066,-0.4,1,1,1,13.0,486,+2,
,"2020. 8.15",小倉,2小1,未勝利,未勝利,1,2,スプリットロック,牡,3,松山弘平, 56 ,16,2,１, ,ダ1700,良,,(栗),牧浦充徳,1472,-0.1,1,1,1,38.4,476,-4,
,"2020. 8.15",小倉,2小1,未勝利,未勝利,4,7,タマモティータイム,牝,3,鮫島良太, 54 ,18,5,１, ,芝1200,良,,(栗),南井克巳,1071,-0.5,,1,1,34.7,466,-4,B
,"2020. 8.15",小倉,2小1,未勝利,障害未勝利,8,12,ニシノベイオウルフ,牡,5,大江原圭, 60 ,12,8,１, ,芝2860,良,,(美),小桧山悟,3101,-0.1,8,2,2,13.3,496,+8,
,"2020. 2.23",小倉,1小C,2勝,皿倉山Ｈ･2勝,8,12,シャイニーゲール,牡,6,斎藤新, 55 ,12,4,１, ,芝2600,良,,(栗),石坂正,2431,-0.2,2,2,1,37.5,458,-4,
,"2020. 2.23",小倉,1小C,Ｇ３,小倉大賞ＨG3,2,2,カデナ,牡,6,鮫島克駿, 57 ,14,4,１, ,芝1800,良,,(栗),中竹和也,1483,-0.3,10,12,9,35.1,474,0,
,"2020. 2.23",小倉,1小C,1勝,あざみ賞･1勝,7,14,ニシノストーム,牡,3,勝浦正樹, 56 ,18,14,１, ,芝1200,良,,(美),杉浦宏昭,1106,-0.3,,9,8,35.6,492,+8,
,"2020. 2.23",小倉,1小C,1勝,１勝ｸﾗｽ,8,9,キタサンチャンドラ,牡,4,西村淳也,55☆,10,1,１, ,ダ1700,重,,(栗),梅田智之,1446,-0.5,2,2,1,36.1,468,-2,
,"2020. 2.23",小倉,1小C,1勝,１勝ｸﾗｽ,3,5,シュリ,牡,4,川田将雅, 56 ,15,1,１, ,芝2000,良,,(栗),池江泰寿,2020,-0.3,2,2,2,35.5,500,+2,
,"2020. 2.23",小倉,1小C,1勝,１勝ｸﾗｽ・牝,5,7,マイエンフェルト,牝,4,団野大成,52△,14,5,１, ,芝1800,良,,(栗),池添学,1505,-0.1,1,1,1,35.5,438,-4,
,"2020. 2.23",小倉,1小C,1勝,１勝ｸﾗｽ,4,8,ミッキースピリット,牡,4,松若風馬, 57 ,16,2,１, ,芝1200,良,,(栗),音無秀孝,1110,-0.1,,3,3,35.7,484,0,
,"2020. 2.23",小倉,1小C,1勝,１勝ｸﾗｽ・牝,5,5,ダイアナブライト,牝,4,川田将雅, 54 ,12,1,１, ,ダ1700,重,,(栗),石坂正,1443,-0.6,2,2,1,36.7,442,+6,
,"2020. 2.23",小倉,1小C,未勝利,未勝利,7,9,ソツナサ,牡,3,丸田恭介, 56 ,12,9,２, ,芝2000,稍,,(栗),奥村豊,2042,0.0,11,7,4,37.4,462,-8,
,"2020. 2.23",小倉,1小C,未勝利,未勝利,3,5,ソフィアバローズ,牝,3,菱田裕二, 54 ,18,3,１, ,芝1200,稍,,(栗),角田晃一,1107,-0.2,,9,2,35.4,426,-4,
,"2020. 2.23",小倉,1小C,未勝利,未勝利,5,8,ニホンピロスクーロ,牡,3,小牧太, 56 ,14,3,１, ,ダ1700,重,,(栗),服部利之,1449,-0.5,1,1,1,37.7,464,-4,
,"2020. 2.23",小倉,1小C,未勝利,未勝利,2,2,テーオープライム,牝,3,古川吉洋, 54 ,14,6,１, ,ダ1000,重,*,(栗),梅田智之,0594,-0.1,,2,2,35.8,428,+2,
,"2020. 2.22",小倉,1小B,1勝,八代特別･1勝,8,16,シルヴェーヌ,牝,5,丸田恭介, 55 ,17,5,１, ,芝1200,稍,,(美),伊藤伸一,1112,-0.1,,2,2,35.5,452,-6,
,"2020. 2.22",小倉,1小B,2勝,帆柱山特･2勝,2,4,コンパウンダー,牡,5,秋山真一, 57 ,18,3,１, ,芝1200,稍,,(栗),石橋守,1107,-0.0,,13,15,35.7,450,-10,
,"2020. 2.22",小倉,1小B,2勝,早鞆特別･2勝,1,1,サンライズナイト,牡,5,西村淳也, 57 ,16,9,１, ,ダ1700,不,,(栗),石坂正,1446,-0.5,4,4,2,35.3,486,+2,B
,"2020. 2.22",小倉,1小B,1勝,１勝ｸﾗｽ,6,6,ウインレーヴドール,牡,5,丹内祐次, 57 ,11,1,１, ,芝2600,稍,,(美),高橋祥泰,2451,-0.3,7,1,1,39.0,466,0,
,"2020. 2.22",小倉,1小B,1勝,１勝ｸﾗｽ,7,12,メイショウソウビ,セ,6,団野大成,55△,14,1,１, ,ダ1000,不,,(栗),飯田祐史,0582,-0.4,,2,2,35.2,474,-4,
,"2020. 2.22",小倉,1小B,1勝,１勝ｸﾗｽ・牝,5,10,ラシェーラ,牝,4,石川裕紀, 55 ,17,4,１, ,芝1200,重,,(栗),笹田和秀,1107,-0.0,,14,12,35.4,450,+2,
,"2020. 2.22",小倉,1小B,1勝,１勝ｸﾗｽ,4,4,ツーエムアロンソ,牡,4,川又賢治,55☆,7,2,１, ,ダ2400,不,,(栗),本田優,2336,-0.2,2,2,1,36.8,528,-2,
,"2020. 2.22",小倉,1小B,未勝利,未勝利,6,10,ムーンショット,牡,3,古川吉洋, 56 ,15,3,１, ,芝2000,重,,(栗),昆貢,2061,-0.0,10,11,3,37.6,454,+2,
,"2020. 2.22",小倉,1小B,未勝利,未勝利,4,8,シャチ,牡,3,山田敬士,53▲,16,5,１, ,芝1800,重,,(美),小桧山悟,1534,-0.1,15,4,1,37.7,462,+2,
,"2020. 2.22",小倉,1小B,未勝利,未勝利,8,17,テイエムミラージュ,牝,3,太宰啓介, 54 ,18,8,１, ,芝1200,重,,(栗),木原一良,1108,-0.7,,1,1,36.7,466,0,
,"2020. 2.22",小倉,1小B,未勝利,未勝利,5,9,ペオース,牡,3,藤岡康太, 56 ,15,2,１, ,ダ1700,不,,(栗),大久保龍,1458,-0.8,2,1,1,38.2,474,0,
,"2020. 2.22",小倉,1小B,未勝利,未勝利・牝,8,15,コパノラクラク,牝,3,山田敬士,51▲,16,9,１, ,ダ1700,不,,(美),和田勇介,1453,-0.2,4,2,2,37.4,432,-10,
,"2020. 2.16",小倉,1小A,1勝,唐戸特別･1勝,8,9,アーデントリー,牡,4,吉田隼人, 56 ,10,3,１, ,芝2000,重,,(栗),川村禎彦,2054,-0.0,2,3,3,37.3,448,+4,
,"2020. 2.16",小倉,1小A,ｵｰﾌﾟﾝ,北九州短,4,8,シヴァージ,牡,5,藤岡佑介, 56 ,17,1,１, ,芝1200,重,,(栗),野中賢二,1100,-0.1,,16,13,34.9,500,+4,B
,"2020. 2.16",小倉,1小A,2勝,玄海特Ｈ･2勝,6,11,ドゥオーモ,牡,7,勝浦正樹, 55 ,16,7,１, ,芝1800,重,,(栗),野中賢二,1517,-0.2,8,6,3,36.9,482,+4,
,"2020. 2.16",小倉,1小A,1勝,１勝ｸﾗｽ,8,14,ヒュミドール,セ,4,菱田裕二, 56 ,14,5,１, ,ダ1700,不,,(栗),武幸四郎,1449,-0.0,9,9,4,37.4,470,-2,
,"2020. 2.16",小倉,1小A,1勝,１勝ｸﾗｽ,8,14,ルールダーマ,牡,5,亀田温心,54▲,14,2,１, ,芝1200,重,,(栗),北出成人,1118,-0.1,,4,4,36.6,480,-2,
,"2020. 2.16",小倉,1小A,1勝,１勝ｸﾗｽ・牝,2,2,ゲンティアナ,牝,4,西村淳也,53☆,13,4,１, ,芝2000,重,,(栗),松永幹夫,2063,-0.0,3,2,2,38.4,426,-2,
,"2020. 2.16",小倉,1小A,1勝,１勝ｸﾗｽ,5,6,ツクバソヴァール,牡,4,丹内祐次, 56 ,12,3,１, ,芝2600,重,,(美),杉浦宏昭,2467,-0.6,2,1,1,37.5,490,-4,
,"2020. 2.16",小倉,1小A,1勝,１勝ｸﾗｽ・牝,7,9,エンシャントロア,牝,4,藤岡康太, 55 ,12,7,１, ,ダ1000,不,,(栗),山内研二,0581,-0.1,,2,2,35.2,494,-6,
,"2020. 2.16",小倉,1小A,未勝利,未勝利・若,6,8,キングスタイル,牝,3,横山武史, 54 ,13,5,１, ,芝2000,重,,(栗),矢作芳人,2062,-0.4,9,5,3,38.1,402,-4,
,"2020. 2.16",小倉,1小A,未勝利,未勝利,2,4,エーティーメジャー,牡,3,荻野極, 56 ,18,1,１, ,芝1200,重,*,(栗),湯窪幸雄,1124,-0.0,,4,4,37.1,484,-2,
,"2020. 2.16",小倉,1小A,未勝利,未勝利,3,3,アーサードライブ,牡,3,亀田温心,53▲,12,7,１, ,ダ1700,不,,(栗),鈴木孝志,1463,-0.5,5,6,5,37.5,480,+8,
,"2020. 2.16",小倉,1小A,未勝利,未勝利・牝,1,1,クリノニキータ,牝,3,柴山雄一, 54 ,16,11,１, ,ダ1700,不,,(栗),大根田裕,1462,-0.0,10,7,3,38.0,440,0,
,"2020. 2.15",小倉,1小9,1勝,合馬特別･1勝,4,7,ランドルーラー,牡,4,菱田裕二, 57 ,15,1,１, ,芝1200,良,,(美),伊藤圭三,1100,-0.2,,12,12,34.2,506,+4,
,"2020. 2.15",小倉,1小9,2勝,紫川特別･2勝,6,11,カレンモエ,牝,4,鮫島克駿, 55 ,17,1,１, ,芝1200,良,,(栗),安田隆行,1090,-0.3,,4,2,34.9,464,0,
,"2020. 2.15",小倉,1小9,1勝,あすなろ･1勝,7,9,ファルコニア,牡,3,藤岡佑介, 56 ,12,2,１, ,芝2000,良,,(栗),角居勝彦,2014,-0.0,11,10,8,36.3,446,+2,
,"2020. 2.15",小倉,1小9,1勝,１勝ｸﾗｽ,6,9,ライブリテックス,牡,5,中井裕二, 57 ,14,6,１, ,ダ1000,重,,(栗),湯窪幸雄,0590,-0.0,,7,6,35.8,506,-4,B
,"2020. 2.15",小倉,1小9,1勝,１勝ｸﾗｽ・若,8,13,ロードキング,牡,7,鮫島克駿, 57 ,13,3,１, ,ダ1700,重,,(栗),吉村圭司,1444,-0.9,8,1,1,38.5,486,-4,B
,"2020. 2.15",小倉,1小9,1勝,１勝ｸﾗｽ,3,3,ラストヌードル,牡,4,藤岡佑介, 56 ,10,1,１, ,芝1800,良,,(栗),安田翔伍,1494,-0.0,8,7,4,35.8,502,-4,
,"2020. 2.15",小倉,1小9,1勝,１勝ｸﾗｽ・牝,6,7,ミンネザング,牝,6,横山武史, 55 ,11,1,１, ,ダ1700,重,,(美),萩原清,1446,-0.1,4,2,1,38.1,488,-2,
,"2020. 2.15",小倉,1小9,未勝利,未勝利,6,7,アピテソーロ,牡,3,菱田裕二, 56 ,12,1,１, ,芝1800,良,,(美),奥平雅士,1504,-0.1,10,7,3,37.3,486,0,
,"2020. 2.15",小倉,1小9,未勝利,未勝利,8,17,ビアイ,牝,3,酒井学, 54 ,18,3,１, ,芝1200,良,,(栗),田所秀孝,1102,-0.0,,1,1,36.7,478,+4,B
,"2020. 2.15",小倉,1小9,未勝利,未勝利・牝,4,6,ラフダイヤモンド,牝,3,松若風馬, 54 ,14,3,１, ,芝2000,良,,(栗),高橋康之,2033,-0.6,9,5,4,37.3,446,0,
,"2020. 2.15",小倉,1小9,未勝利,未勝利,6,7,ヴィブラント,牡,3,中谷雄太, 56 ,11,6,１, ,ダ1700,重,,(栗),矢作芳人,1461,-0.2,2,1,1,39.0,504,+2,
,"2020. 2.15",小倉,1小9,未勝利,未勝利,3,3,ジャスパーイーグル,牡,3,斎藤新,54△,14,9,１, ,ダ1000,重,,(栗),森秀行,0586,-0.0,,4,2,35.4,486,-7,B
,"2020. 2. 9",小倉,1小8,1勝,日田特別･1勝,2,2,ランブリングアレー,牝,4,吉田隼人, 54 ,13,1,１, ,芝1800,良,,(栗),友道康夫,1475,-0.2,1,1,1,35.4,460,-10,
,"2020. 2. 9",小倉,1小8,3勝,関門橋Ｓ･3勝,7,11,カウディーリョ,牡,4,藤岡佑介, 56 ,13,1,１, ,芝2000,良,,(美),堀宣行,1599,-0.2,1,1,1,35.4,458,+24,
,"2020. 2. 9",小倉,1小8,2勝,和布刈Ｈ･2勝,3,5,ハギノアトラス,牡,4,藤岡佑介, 55 ,16,1,１, ,ダ1700,良,,(栗),鮫島一歩,1456,-0.4,3,2,1,37.5,504,+6,
,"2020. 2. 9",小倉,1小8,1勝,１勝ｸﾗｽ,6,11,グランドピルエット,牝,5,藤田菜七,53◇,18,5,１, ,芝1200,良,,(美),田村康仁,1090,-0.0,,3,4,35.6,492,+2,
,"2020. 2. 9",小倉,1小8,1勝,１勝ｸﾗｽ,6,9,ブレーヴユニコーン,牡,4,菱田裕二, 56 ,14,5,１, ,芝2000,良,,(美),久保田貴,2012,-0.1,9,9,5,36.3,514,+6,
,"2020. 2. 9",小倉,1小8,1勝,１勝ｸﾗｽ,5,5,カーブドシール,牡,4,藤岡佑介, 56 ,9,2,１, ,ダ1700,良,,(栗),浜田多実,1455,-0.3,1,1,1,37.2,496,+4,
,"2020. 2. 9",小倉,1小8,1勝,１勝ｸﾗｽ,6,6,サンサルドス,牡,4,藤岡佑介, 56 ,11,1,１, ,芝2600,良,,(栗),安田隆行,2401,-0.1,2,1,1,37.4,538,+4,
,"2020. 2. 9",小倉,1小8,未勝利,未勝利,4,8,リインフォース,牡,3,川又賢治,55☆,18,8,１, ,芝1200,良,,(栗),石坂公一,1092,-0.3,,4,4,35.5,460,0,
,"2020. 2. 9",小倉,1小8,未勝利,未勝利,4,7,ソニックベガ,牝,3,団野大成,52△,16,3,１, ,芝1800,良,,(栗),斉藤崇史,1482,-0.4,2,1,1,35.7,430,-6,
,"2020. 2. 9",小倉,1小8,未勝利,未勝利・牝,7,15,ジュランド,牝,3,団野大成,52△,18,11,１, ,芝1200,良,,(栗),渡辺薫彦,1093,-0.3,,3,2,35.4,414,-12,
,"2020. 2. 9",小倉,1小8,1勝,１勝ｸﾗｽ,3,3,ノボベイビー,牡,5,横山武史, 57 ,14,5,１, ,ダ1000,良,,(美),天間昭一,0584,-0.7,,1,1,35.7,486,0,
,"2020. 2. 9",小倉,1小8,未勝利,未勝利・牝,6,10,マドルガーダ,牝,3,藤岡佑介, 54 ,14,1,１, ,ダ1700,良,,(栗),笹田和秀,1488,-0.7,8,4,3,38.5,460,+4,
,"2020. 2. 8",小倉,1小7,1勝,大牟田特･1勝,4,8,スズカフェラリー,牝,5,藤岡佑介, 55 ,17,2,１, ,芝1200,良,,(栗),橋田満,1087,-0.0,,12,11,33.7,438,+14,
,"2020. 2. 8",小倉,1小7,2勝,太宰府特･2勝,3,3,イノセントミューズ,牝,4,吉田隼人, 54 ,12,4,１, ,芝2000,良,,(栗),笹田和秀,2006,-0.1,6,8,5,35.0,480,-12,
,"2020. 2. 8",小倉,1小7,1勝,かささぎ･1勝,8,14,レジェーロ,牝,3,横山武史, 54 ,15,8,１, ,芝1200,良,*,(栗),西村真幸,1087,-0.2,,2,1,35.0,402,+6,
,"2020. 2. 8",小倉,1小7,1勝,１勝ｸﾗｽ,3,3,アシャカリブラ,牡,6,杉原誠人, 57 ,11,3,１, ,ダ1700,良,,(栗),斉藤崇史,1466,-0.7,10,7,5,37.5,540,+2,B
,"2020. 2. 8",小倉,1小7,1勝,１勝ｸﾗｽ,7,10,ヘブンリーデイズ,牡,5,斎藤新,55△,13,4,１, ,芝1800,良,,(栗),矢作芳人,1480,-0.1,4,5,5,35.5,450,+2,
,"2020. 2. 8",小倉,1小7,1勝,１勝ｸﾗｽ,6,6,メメランタン,牡,4,団野大成,54△,10,2,１, ,ダ2400,良,,(栗),武幸四郎,2345,-0.6,2,1,1,39.1,534,-4,
,"2020. 2. 8",小倉,1小7,1勝,１勝ｸﾗｽ・牝,2,2,ティボリドライヴ,牝,4,菱田裕二, 54 ,10,2,１, ,ダ1700,良,,(栗),石坂公一,1463,-0.3,3,3,2,37.5,470,+10,
,"2020. 2. 8",小倉,1小7,未勝利,未勝利,4,4,ロッソモラーレ,牡,3,黛弘人, 56 ,10,5,１, ,芝2000,良,,(美),奥平雅士,2016,-0.2,1,1,1,35.4,452,+2,
,"2020. 2. 8",小倉,1小7,未勝利,未勝利,2,3,ニシノストーム,牡,3,勝浦正樹, 56 ,17,4,１, ,芝1200,良,,(美),杉浦宏昭,1097,-0.1,,3,4,35.4,484,0,
,"2020. 2. 8",小倉,1小7,未勝利,未勝利・牝,1,1,ミスニューヨーク,牝,3,加藤祥太, 54 ,15,3,１, ,芝1800,良,,(栗),杉山晴紀,1487,-0.0,13,12,8,35.1,448,-2,
,"2020. 2. 8",小倉,1小7,未勝利,未勝利,3,5,ブロフェルド,牡,3,藤岡佑介, 56 ,16,1,１, ,ダ1700,良,,(栗),藤岡健一,1482,-0.3,1,1,1,38.7,514,+14,
,"2020. 2. 8",小倉,1小7,未勝利,未勝利,6,9,グッドステージ,牡,3,斎藤新,54△,14,3,１, ,ダ1000,良,,(栗),宮徹,1001,-0.1,,2,2,36.4,506,+2,
,"2020. 2. 2",小倉,1小6,1勝,宝満山特･1勝,8,10,ダディーズトリップ,牡,4,菱田裕二, 56 ,11,1,１, ,芝2000,稍,,(栗),杉山晴紀,2030,-0.7,11,8,2,36.5,452,+12,
,"2020. 2. 2",小倉,1小6,2勝,周防灘Ｈ･2勝,1,2,ナーゲルリング,牝,4,柴田大知, 51 ,18,14,１, ,芝1200,稍,,(美),天間昭一,1104,-0.0,,9,6,36.1,464,+4,
,"2020. 2. 2",小倉,1小6,2勝,開聞岳特･2勝,8,12,テイエムソレイユ,牝,5,藤岡康太, 55 ,13,1,１, ,ダ1700,重,,(栗),安田翔伍,1450,-0.3,11,2,2,37.2,490,0,B
,"2020. 2. 2",小倉,1小6,1勝,１勝ｸﾗｽ,5,5,ヒラボクメルロー,牝,4,西村淳也,53☆,8,1,１, ,芝2600,稍,,(栗),寺島良,2454,-1.1,2,2,2,38.2,450,0,
,"2020. 2. 2",小倉,1小6,1勝,１勝ｸﾗｽ,1,1,バンクショット,牡,4,団野大成,54△,11,1,１, ,ダ1700,重,,(栗),池添学,1446,-1.0,2,1,1,37.0,470,-2,B
,"2020. 2. 2",小倉,1小6,1勝,１勝ｸﾗｽ,1,1,イルヴェントドーロ,牝,4,西村淳也,54☆,16,2,１, ,芝1200,稍,,(栗),池添学,1107,-0.4,,1,1,36.8,438,-8,B
,"2020. 2. 2",小倉,1小6,1勝,１勝ｸﾗｽ・牝,3,3,アイコニック,牝,4,藤田菜七,52◇,10,5,１, ,ダ1700,重,,(美),稲垣幸雄,1459,-0.1,1,1,1,36.7,444,-2,
,"2020. 2. 2",小倉,1小6,未勝利,未勝利,7,14,コスモブルーノーズ,牡,3,柴田大知, 56 ,16,6,１, ,芝1800,稍,,(美),黒岩陽一,1514,-0.3,7,4,3,37.9,410,+2,
,"2020. 2. 2",小倉,1小6,未勝利,未勝利,6,11,ルクルト,牡,3,藤岡康太, 56 ,18,1,１, ,芝1200,稍,,(栗),吉村圭司,1119,-0.0,,7,5,37.0,440,-4,
,"2020. 2. 2",小倉,1小6,未勝利,未勝利・牝,2,3,ナイトオブレディ,牝,3,荻野極, 54 ,18,5,１, ,芝2000,稍,,(栗),庄野靖志,2047,-0.4,4,4,5,38.6,456,+2,
,"2020. 2. 2",小倉,1小6,1勝,１勝ｸﾗｽ,4,6,トモジャスティス,牡,5,横山武史, 57 ,14,11,１, ,ダ1000,重,,(美),鈴木伸尋,0580,-0.0,,3,3,35.1,512,0,
,"2020. 2. 2",小倉,1小6,未勝利,未勝利,3,6,ジェットマックス,牡,3,勝浦正樹, 56 ,16,1,１, ,ダ1700,重,,(栗),森秀行,1458,-0.1,2,2,2,37.8,490,-2,
,"2020. 2. 1",小倉,1小5,1勝,小郡特別･1勝,7,9,ランドルーラー,牡,4,菱田裕二, 57 ,12,5,１, ,芝1200,稍,,(美),伊藤圭三,1108,-0.2,,10,10,35.2,502,-2,
,"2020. 2. 1",小倉,1小5,2勝,海の中道･2勝,4,5,トーホウアルテミス,牝,5,松若風馬, 55 ,13,6,１, ,芝2600,稍,,(栗),谷潔,2433,-0.7,2,1,1,37.3,476,-14,B
,"2020. 2. 1",小倉,1小5,1勝,くすのき･1勝,8,8,メイショウダジン,牡,3,幸英明, 56 ,8,1,１, ,ダ1700,重,,(栗),松永昌博,1443,-0.1,7,2,3,38.2,472,+2,
,"2020. 2. 1",小倉,1小5,1勝,１勝ｸﾗｽ・牝,7,7,レッドアルジーヌ,牝,5,西村淳也,54☆,8,4,１, ,芝2000,稍,,(栗),笹田和秀,2062,-0.0,2,2,1,36.7,458,-4,
,"2020. 2. 1",小倉,1小5,1勝,１勝ｸﾗｽ,3,3,マースゴールド,牡,5,団野大成,55△,12,3,１, ,ダ1700,重,,(栗),佐々木晶,1438,-0.8,3,3,3,36.2,468,-4,
,"2020. 2. 1",小倉,1小5,1勝,１勝ｸﾗｽ,4,4,カヌメラビーチ,牡,4,西村淳也,55☆,9,3,１, ,芝1800,稍,,(栗),須貝尚介,1515,-0.3,1,1,1,36.2,482,-2,B
,"2020. 2. 1",小倉,1小5,1勝,１勝ｸﾗｽ・牝,7,12,ガーデンコンサート,牝,4,藤田菜七,53◇,14,5,１, ,ダ1000,重,,(美),尾関知人,0582,-0.6,,2,2,35.2,468,-4,B
,"2020. 2. 1",小倉,1小5,新馬,新馬,8,9,ブルームスベリー,牝,3,西村淳也,53☆,9,1,１, ,芝2000,稍,,(栗),西村真幸,2074,-0.3,6,4,4,37.7,446,,
,"2020. 2. 1",小倉,1小5,未勝利,未勝利,3,6,キョウワセイヴァー,牡,3,西村淳也,55☆,18,5,１, ,芝1200,稍,,(栗),笹田和秀,1116,-0.8,,4,3,37.0,504,+2,B
,"2020. 2. 1",小倉,1小5,未勝利,未勝利,2,2,タイセイモンストル,牡,3,吉田隼人, 56 ,14,4,１, ,芝2000,稍,,(栗),矢作芳人,2058,-0.4,5,4,3,38.1,464,-12,
,"2020. 2. 1",小倉,1小5,未勝利,未勝利,7,14,ミステリオーソ,牡,3,吉田隼人, 56 ,16,2,１, ,ダ1700,不,,(栗),武幸四郎,1456,-0.7,12,4,3,38.3,466,+2,
,"2020. 2. 1",小倉,1小5,未勝利,未勝利,6,10,ヴィグラスカイザー,牡,3,藤田菜七,54◇,14,3,１, ,ダ1000,不,,(栗),石坂公一,0583,-0.4,,1,1,35.2,494,-4,
,"2020. 1.26",小倉,1小4,1勝,八幡特別･1勝,2,4,ウインスピリタス,牡,4,菱田裕二, 56 ,17,3,１, ,芝1200,重,,(栗),杉山晴紀,1111,-0.4,,3,2,36.3,484,+2,
,"2020. 1.26",小倉,1小4,3勝,門司ＳＨ･3勝,2,4,クリノフウジン,牡,6,鮫島克駿, 55 ,16,7,１, ,ダ1700,不,,(栗),高橋義忠,1430,-0.3,6,8,6,36.1,506,+16,
,"2020. 1.26",小倉,1小4,2勝,壇之浦特･2勝,1,2,ダブルシャープ,牡,5,酒井学, 57 ,16,1,１, ,芝1800,重,*,(栗),渡辺薫彦,1505,-0.1,16,15,12,37.4,492,-6,
,"2020. 1.26",小倉,1小4,1勝,１勝ｸﾗｽ,5,5,レッドアウローラ,牝,4,酒井学, 54 ,12,5,１, ,芝2000,重,,(栗),音無秀孝,2045,-0.2,1,1,1,38.4,444,-12,
,"2020. 1.26",小倉,1小4,1勝,１勝ｸﾗｽ・牝,8,15,ジュブリーユ,牝,6,酒井学, 55 ,16,9,１, ,芝1200,重,,(美),牧光二,1112,-0.1,,8,9,36.3,490,0,B
,"2020. 1.26",小倉,1小4,1勝,１勝ｸﾗｽ,1,1,コバルトブルー,牡,4,斎藤新,54△,10,2,１, ,ダ2400,不,,(栗),池江泰寿,2322,-0.1,9,7,7,37.3,466,+2,
,"2020. 1.26",小倉,1小4,1勝,１勝ｸﾗｽ・牝,2,2,メトロポール,牝,4,斎藤新,52△,11,1,１, ,芝1800,重,,(栗),吉村圭司,1505,-0.0,8,6,5,37.2,482,-2,
,"2020. 1.26",小倉,1小4,新馬,新馬,7,14,ヴェントヴォーチェ,牡,3,西村淳也,55☆,18,3,１, ,芝1200,重,,(栗),牧浦充徳,1111,-0.1,,2,1,36.3,496,,
,"2020. 1.26",小倉,1小4,未勝利,未勝利,2,2,スペースシップ,牡,3,丹内祐次, 56 ,10,1,１, ,芝2000,重,,(美),国枝栄,2059,-0.0,5,4,3,38.3,492,-4,
,"2020. 1.26",小倉,1小4,未勝利,未勝利,8,15,テーオーソクラテス,牡,3,古川吉洋, 56 ,16,10,１, ,芝1200,重,,(栗),奥村豊,1112,-0.6,,7,7,36.4,462,-6,
,"2020. 1.26",小倉,1小4,1勝,１勝ｸﾗｽ,6,10,シゲルスピネル,牝,4,団野大成,51▲,14,1,１, ,ダ1000,不,*,(美),和田勇介,0580,-0.2,,1,1,35.1,458,+8,B
,"2020. 1.26",小倉,1小4,未勝利,未勝利・牝,1,2,チェインストーリー,牝,3,山田敬士,51▲,16,14,１, ,ダ1700,不,,(美),大江原哲,1469,-0.2,8,6,6,37.9,506,+8,
,"2020. 1.25",小倉,1小3,1勝,脊振山特･1勝,3,3,ナリス,牝,4,藤岡康太, 54 ,13,2,１, ,芝1800,稍,,(栗),今野貞一,1495,-0.2,8,9,8,35.0,458,-8,
,"2020. 1.25",小倉,1小3,2勝,響灘特別･2勝,2,3,パレニア,牝,4,藤岡佑介, 54 ,16,6,１, ,ダ1700,重,,(栗),高橋亮,1444,-0.0,11,10,9,36.0,490,-10,
,"2020. 1.25",小倉,1小3,1勝,萌黄賞･1勝*,5,5,ディモールト,牡,3,鮫島克駿, 56 ,10,8,１, ,芝1200,稍,,(栗),角田晃一,1099,-0.0,,2,2,35.7,488,-4,
,"2020. 1.25",小倉,1小3,1勝,１勝ｸﾗｽ,1,1,ウインレーヴドール,牡,5,丹内祐次, 57 ,8,2,１, ,芝2600,稍,,(美),高橋祥泰,2415,-0.5,2,2,2,36.7,466,+8,
,"2020. 1.25",小倉,1小3,1勝,１勝ｸﾗｽ,3,3,モサ,牡,4,吉田隼人, 56 ,10,3,１, ,ダ1700,重,,(栗),角田晃一,1441,-0.2,6,5,3,37.5,496,+2,
,"2020. 1.25",小倉,1小3,1勝,１勝ｸﾗｽ,2,4,トモジャファイブ,牡,4,横山武史, 56 ,16,13,１, ,芝1200,稍,,(美),鈴木伸尋,1100,-0.1,,6,4,36.0,502,-4,
,"2020. 1.25",小倉,1小3,1勝,１勝ｸﾗｽ・牝,6,8,タガノハツコイ,牝,4,亀田温心,51▲,12,10,１, ,ダ1700,重,,(栗),西園正都,1451,-0.0,6,5,2,37.5,476,+2,
,"2020. 1.25",小倉,1小3,未勝利,未勝利,1,1,ザンパータ,牡,3,黛弘人, 56 ,9,4,１, ,芝2000,稍,,(美),田中博康,2041,-0.0,5,4,2,37.7,436,+6,
,"2020. 1.25",小倉,1小3,未勝利,未勝利,5,6,アイロンワークス,牡,3,吉田隼人, 56 ,13,1,１, ,芝1800,稍,,(栗),高橋義忠,1508,-1.2,3,4,4,37.1,474,-2,
,"2020. 1.25",小倉,1小3,未勝利,未勝利・牝,6,12,リッチクレマチス,牝,3,山田敬士,51▲,17,6,１, ,芝1200,稍,,(美),青木孝文,1099,-0.2,,2,2,36.5,440,0,
,"2020. 1.25",小倉,1小3,未勝利,未勝利,6,7,フィロス,牝,3,藤岡康太, 54 ,11,3,１, ,ダ1700,重,,(栗),西橋豊治,1452,-0.1,2,2,2,37.2,452,0,
,"2020. 1.25",小倉,1小3,未勝利,未勝利,7,11,イッシン,牡,3,鮫島克駿, 56 ,14,2,１, ,ダ1000,重,,(栗),浅見秀一,0579,-1.3,,1,1,35.1,552,-2,
,"2020. 1.19",小倉,1小2,1勝,呼子特別･1勝,3,4,ワセダインブルー,牡,5,原田和真, 57 ,14,7,１, ,芝2600,重,,(美),金成貴史,2436,-0.0,12,2,2,38.2,442,-6,
,"2020. 1.19",小倉,1小2,2勝,巌流島特･2勝,7,13,メイショウキョウジ,牡,5,藤岡佑介, 57 ,18,1,１, ,芝1200,重,,(栗),藤岡健一,1092,-0.3,,2,2,35.3,480,+6,
,"2020. 1.19",小倉,1小2,1勝,ネモフィ･1勝,3,3,ミヤジコクオウ,牡,3,吉田隼人, 56 ,7,1,１, ,ダ1700,重,,(栗),川村禎彦,1454,-0.2,5,4,3,37.9,494,-6,
,"2020. 1.19",小倉,1小2,1勝,１勝ｸﾗｽ・牝,3,3,ナルハヤ,牝,6,藤田菜七,53◇,14,2,１, ,芝2000,重,,(栗),梅田智之,2030,-0.2,1,1,1,36.8,484,-10,
,"2020. 1.19",小倉,1小2,1勝,１勝ｸﾗｽ,4,8,アドレ,牝,4,杉原誠人, 54 ,18,13,１, ,芝1200,重,,(美),浅野洋一,1101,-0.0,,11,10,35.4,452,+6,
,"2020. 1.19",小倉,1小2,1勝,１勝ｸﾗｽ,6,9,テイエムギフテッド,牡,5,団野大成,54▲,13,2,１, ,ダ1700,重,,(栗),五十嵐忠,1467,-0.0,9,6,5,38.3,466,+2,
,"2020. 1.19",小倉,1小2,新馬,新馬,8,16,ウインバリスタ,牡,3,藤岡佑介, 56 ,18,2,１, ,芝1200,重,,(栗),奥村豊,1121,-0.0,,3,2,36.3,478,,
,"2020. 1.19",小倉,1小2,未勝利,未勝利,8,14,ホウオウエクレール,牡,3,亀田温心,53▲,15,2,１, ,芝2000,重,,(栗),宮徹,2030,-0.5,1,1,1,37.2,490,-6,
,"2020. 1.19",小倉,1小2,未勝利,未勝利,2,4,コスモアンジュ,牝,3,丹内祐次, 54 ,18,1,１, ,芝1200,重,,(美),武藤善則,1099,-0.6,,1,1,36.2,468,0,
,"2020. 1.19",小倉,1小2,未勝利,未勝利・牝,2,4,ウインローズブーケ,牝,3,斎藤新,52△,16,2,１, ,芝1800,重,*,(栗),吉田直弘,1509,-0.0,9,9,9,36.9,416,-4,
,"2020. 1.19",小倉,1小2,1勝,１勝ｸﾗｽ,3,3,リフタスフェルト,牝,4,西村淳也,53☆,14,4,１, ,ダ1000,重,,(栗),鮫島一歩,0586,-0.0,,1,1,35.8,468,-8,
,"2020. 1.19",小倉,1小2,未勝利,未勝利,4,6,ジョーコレット,牡,3,亀田温心,53▲,15,5,１, ,ダ1700,重,,(栗),松下武士,1463,-0.2,1,1,1,37.8,532,+6,
,"2020. 1.18",小倉,1小1,1勝,鳥栖特別･1勝,8,13,スマイルスター,牝,4,武豊, 54 ,14,2,１, ,芝1200,重,,(美),大竹正博,1098,-0.2,,1,1,35.9,516,+6,
,"2020. 1.18",小倉,1小1,Ｇ３,愛知杯ＨG3,3,5,デンコウアンジュ,牝,7,柴田善臣, 56 ,16,9,１, ,芝2000,重,,(栗),荒川義之,2011,-0.0,11,11,7,36.1,466,-2,
,"2020. 1.18",小倉,1小1,2勝,小倉城特･2勝,2,4,ゲンパチルシファー,牡,4,川田将雅, 56 ,16,1,１, ,ダ1700,重,,(栗),佐々木晶,1444,-0.1,6,6,4,37.7,498,-2,
,"2020. 1.18",小倉,1小1,1勝,１勝ｸﾗｽ,7,14,フラル,牝,4,和田竜二, 54 ,16,7,１, ,芝1800,稍,,(栗),北出成人,1500,-0.0,10,11,5,36.5,458,-2,
,"2020. 1.18",小倉,1小1,1勝,１勝ｸﾗｽ・牝,2,3,エンジェルカナ,牝,4,横山武史, 54 ,18,4,１, ,芝1200,稍,,(美),高橋祥泰,1098,-0.0,,1,1,36.3,416,+4,
,"2020. 1.18",小倉,1小1,1勝,１勝ｸﾗｽ,6,12,グランドビクトリー,牡,4,和田竜二, 56 ,16,6,１, ,ダ1700,稍,,(栗),鈴木孝志,1464,-0.2,5,4,2,38.8,494,+10,B
,"2020. 1.18",小倉,1小1,1勝,１勝ｸﾗｽ・牝,8,12,バラーディスト,牝,4,ルメール, 54 ,13,2,１, ,ダ1700,稍,,(栗),石坂正,1459,-0.0,3,3,3,37.9,470,0,
,"2020. 1.18",小倉,1小1,新馬,新馬,2,2,スペードエース,牡,3,ルメール, 56 ,15,2,１, ,芝2000,稍,,(栗),友道康夫,2038,-0.0,10,10,8,36.0,446,,
,"2020. 1.18",小倉,1小1,未勝利,未勝利,2,2,ウインアステロイド,牡,3,横山武史, 56 ,12,3,１, ,芝1800,稍,,(美),和田正一,1485,-0.2,1,1,1,36.0,456,+8,
,"2020. 1.18",小倉,1小1,未勝利,未勝利,1,1,リレーションシップ,牡,3,藤岡康太, 56 ,18,2,１, ,芝1200,稍,,(栗),須貝尚介,1083,-1.4,,3,2,34.6,506,-12,B
,"2020. 1.18",小倉,1小1,未勝利,未勝利,5,8,カヴァス,牡,3,吉田隼人, 56 ,15,3,１, ,ダ1700,稍,,(栗),平田修,1479,-0.2,4,5,3,38.7,478,+4,
,"2020. 1.18",小倉,1小1,未勝利,未勝利,5,7,ディーズローリエ,牝,3,菱田裕二, 54 ,13,1,１, ,ダ1000,稍,,(栗),岡田稲男,0596,-0.4,,5,3,36.1,430,-12,
,"2019. 9. 1",小倉,2小C,1勝,１勝ｸﾗｽ,7,14,バイマイサイド,牡,4,浜中俊, 57 ,16,2,１, ,芝2600,重,,(栗),池江泰寿,2440,-0.5,8,6,2,36.1,484,+18,
,"2019. 9. 1",小倉,2小C,Ｇ３,小倉２歳G3,6,10,マイネルグリット,牡,2,国分優作, 54 ,14,3,１, ,芝1200,重,,(栗),吉田直弘,1105,-0.0,,5,3,36.2,478,0,
,"2019. 9. 1",小倉,2小C,2勝,西日本ス･2勝,5,9,ゴールドラグーン,牡,3,武豊, 54 ,16,1,１, ,ダ1700,不,,(栗),斉藤崇史,1438,-0.2,1,1,1,37.4,488,+2,
,"2019. 9. 1",小倉,2小C,1勝,若戸大橋･1勝,6,11,ミヤビパーフェクト,セ,3,福永祐一, 54 ,16,6,１, ,芝1800,重,,(栗),笹田和秀,1493,-0.5,2,2,1,35.7,462,+4,
,"2019. 9. 1",小倉,2小C,1勝,１勝ｸﾗｽ・牝,1,1,ブリッツアウェイ,牝,3,秋山真一, 52 ,18,4,１, ,芝1200,重,,(栗),音無秀孝,1103,-0.0,,3,2,36.3,442,+12,
,"2019. 9. 1",小倉,2小C,1勝,１勝ｸﾗｽ,2,4,ヒロノセンキン,セ,3,松山弘平, 54 ,16,1,１, ,ダ1700,不,,(栗),寺島良,1442,-0.1,9,6,5,37.8,474,+10,
,"2019. 9. 1",小倉,2小C,未勝利,未勝利,2,3,イルマタル,牝,3,三津谷隼,51▲,18,17,１, ,芝2000,重,,(栗),渡辺薫彦,2038,-0.1,8,8,5,37.8,456,+2,
,"2019. 9. 1",小倉,2小C,新馬,新馬,5,6,ヴェルトライゼンデ,牡,2,川田将雅, 54 ,12,1,１, ,芝1800,重,,(栗),池江泰寿,1516,-0.5,3,2,1,36.8,490,,
,"2019. 9. 1",小倉,2小C,未勝利,未勝利,1,2,アルバリズム,牝,3,和田竜二, 54 ,18,6,１, ,芝1200,重,,(栗),河内洋,1106,-0.0,,6,4,35.9,510,+2,
,"2019. 9. 1",小倉,2小C,未勝利,未勝利,1,1,ザプラウドワンズ,牡,3,小坂忠士, 56 ,16,10,１, ,ダ1700,不,*,(栗),奥村豊,1461,-0.0,14,11,7,37.8,516,-4,
,"2019. 9. 1",小倉,2小C,未勝利,未勝利*,5,7,エグレムニ,牡,2,福永祐一, 54 ,13,1,１, ,芝1200,重,*,(栗),加用正,1109,-0.1,,4,4,36.0,460,+6,
,"2019. 9. 1",小倉,2小C,未勝利,未勝利*,8,15,キメラヴェリテ,牡,2,鮫島良太, 54 ,16,6,１, ,ダ1700,不,,(栗),中竹和也,1479,-0.8,1,1,1,39.4,524,+12,
,"2019. 8.31",小倉,2小B,1勝,１勝ｸﾗｽ,7,14,ゴールドパッキャオ,牡,4,川田将雅, 57 ,16,3,１, ,ダ1700,稍,,(栗),安田翔伍,1456,-0.0,9,6,5,37.6,472,+4,
,"2019. 8.31",小倉,2小B,3勝,北九州Ｈ･3勝,1,1,メイショウカズヒメ,牝,5,西村淳也, 53 ,17,9,１, ,芝1200,良,,(栗),南井克巳,1082,-0.0,,1,1,34.3,504,0,
,"2019. 8.31",小倉,2小B,2勝,玄海特Ｈ･2勝,7,10,レオコックブルー,牝,4,浜中俊, 52 ,13,3,１, ,芝2000,良,,(栗),牧田和弥,1588,-0.0,11,10,5,35.2,444,0,
,"2019. 8.31",小倉,2小B,1勝,八幡特別･1勝,7,12,キャスパリーグ,牝,5,松若風馬, 55 ,15,2,１, ,芝1200,良,,(栗),浅見秀一,1084,-0.2,,6,5,34.1,462,+4,
,"2019. 8.31",小倉,2小B,1勝,１勝ｸﾗｽ,5,7,ノボリレーヴ,牝,4,岩田望来,52▲,14,1,１, ,ダ1000,重,,(栗),松永昌博,0585,-0.1,,2,1,35.8,446,0,
,"2019. 8.31",小倉,2小B,未勝利,未勝利,2,4,ルベリエ,牝,3,岩田望来,51▲,18,3,１, ,芝2000,良,*,(栗),角居勝彦,2005,-0.0,3,3,3,35.6,414,+12,
,"2019. 8.31",小倉,2小B,未勝利,未勝利,5,10,アイタイ,牡,3,川田将雅, 56 ,16,1,１, ,ダ1700,重,,(栗),角居勝彦,1459,-0.0,5,5,3,38.9,514,0,
,"2019. 8.31",小倉,2小B,新馬,新馬,7,13,パドゥヴァルス,牝,2,西村淳也,53☆,16,3,１, ,芝1200,良,,(栗),吉田直弘,1094,-0.3,,5,4,34.9,432,,
,"2019. 8.31",小倉,2小B,未勝利,未勝利,2,4,パーティナシティ,牡,3,川田将雅, 56 ,18,1,１, ,芝1200,稍,,(栗),高橋義忠,1088,-0.2,,2,1,35.3,486,-4,
,"2019. 8.31",小倉,2小B,未勝利,未勝利,6,10,ディーズファンシー,牝,3,西村淳也,53☆,14,9,１, ,ダ1000,重,,(栗),岡田稲男,0584,-0.3,,1,1,35.6,400,-3,
,"2019. 8.31",小倉,2小B,未勝利,未勝利*,4,4,フルートフルデイズ,牝,2,松山弘平, 54 ,9,5,１, ,芝2000,稍,,(栗),浜田多実,2022,-0.0,4,2,2,35.9,462,-2,
,"2019. 8.31",小倉,2小B,ｵｰﾌﾟﾝ,障害・オープ,8,10,アグリッパーバイオ,牡,8,西谷誠, 61 ,11,1,１, ,芝2860,稍,,(栗),須貝尚介,3119,-0.3,4,7,4,13.4,448,-4,
,"2019. 8.25",小倉,2小A,2勝,２勝ｸﾗｽ,1,1,シャワーブーケ,牝,5,松若風馬, 55 ,14,5,１, ,ダ1000,良,,(栗),今野貞一,0583,-0.4,,1,1,35.8,484,-4,
,"2019. 8.25",小倉,2小A,ｵｰﾌﾟﾝ,小倉日経,1,1,アロハリリー,牝,4,酒井学, 54 ,13,4,１, ,芝1800,良,,(栗),高野友和,1464,-0.0,3,3,2,35.3,460,+6,
,"2019. 8.25",小倉,2小A,2勝,別府特Ｈ･2勝,6,12,エムティアン,牝,3,松若風馬, 51 ,16,6,１, ,芝1200,良,*,(栗),鮫島一歩,1080,-0.0,,2,2,34.8,444,+4,
,"2019. 8.25",小倉,2小A,1勝,鳥栖特別･1勝,8,12,ダノングレーター,牡,3,松若風馬, 54 ,13,1,１, ,芝2000,良,,(栗),音無秀孝,2009,-0.0,10,9,5,34.7,480,+4,
,"2019. 8.25",小倉,2小A,1勝,１勝ｸﾗｽ・牝,3,4,デュアラブル,牝,3,西村淳也,51☆,15,3,１, ,ダ1700,良,,(栗),中内田充,1465,-0.2,4,4,4,39.4,484,-6,
,"2019. 8.25",小倉,2小A,1勝,１勝ｸﾗｽ,3,4,ガンケン,牡,3,岩田望来,51▲,14,1,１, ,ダ1000,良,,(栗),宮本博,0590,-0.2,,3,3,35.6,510,-8,B
,"2019. 8.25",小倉,2小A,未勝利,未勝利,7,14,トウケイココノエ,牝,3,藤懸貴志, 54 ,18,7,１, ,芝1200,良,,(栗),森田直行,1093,-0.2,,12,12,34.5,532,+4,
,"2019. 8.25",小倉,2小A,新馬,新馬,2,2,メイショウラツワン,牡,2,和田竜二, 54 ,9,1,１, ,芝2000,良,,(栗),南井克巳,2057,-0.1,3,2,2,34.9,478,,
,"2019. 8.25",小倉,2小A,未勝利,未勝利・牝,2,4,フィオレドーロ,牝,3,斎藤新,51▲,16,1,１, ,芝1800,良,*,(栗),角居勝彦,1475,-0.1,11,5,1,35.8,418,-4,
,"2019. 8.25",小倉,2小A,未勝利,未勝利,5,10,フォリオール,牡,3,岩田望来,53▲,16,2,１, ,ダ1700,良,,(栗),杉山晴紀,1481,-0.5,2,1,1,39.2,528,0,B
,"2019. 8.25",小倉,2小A,未勝利,未勝利*,5,5,シゲルミズガメザ,牡,2,和田翼, 54 ,10,5,１, ,芝1200,良,,(栗),鈴木孝志,1090,-0.5,,4,3,35.1,446,+8,
,"2019. 8.25",小倉,2小A,未勝利,障害未勝利,7,7,カシノランペイジ,セ,4,黒岩悠, 60 ,8,5,１, ,芝2860,良,,(栗),谷潔,3117,-0.5,1,1,1,13.4,506,+4,
,"2019. 8.24",小倉,2小9,1勝,１勝ｸﾗｽ,6,11,マッスルマサムネ,セ,4,斎藤新,54▲,18,5,１, ,芝1200,良,,(栗),池添学,1083,-0.2,,4,4,34.5,478,+2,
,"2019. 8.24",小倉,2小9,3勝,釜山ＳＨ･3勝,3,3,クルークハイト,牝,5,松山弘平, 52 ,11,4,１, ,ダ1700,稍,,(栗),藤岡健一,1442,-0.7,3,3,3,37.8,476,-2,
,"2019. 8.24",小倉,2小9,2勝,西海賞･2勝,8,11,ブライトムーン,牝,5,福永祐一, 55 ,11,1,１, ,芝2000,良,,(栗),大久保龍,1596,-0.2,4,4,3,34.3,440,+4,
,"2019. 8.24",小倉,2小9,ｵｰﾌﾟﾝ,ひまわり,7,14,イロゴトシ,牡,2,小崎綾也, 55 ,17,3,１, ,芝1200,良,,(栗),牧田和弥,1099,-0.2,,5,3,35.8,454,0,
,"2019. 8.24",小倉,2小9,1勝,１勝ｸﾗｽ,5,9,タイサイ,牡,3,中井裕二, 54 ,16,1,１, ,ダ1700,稍,,(栗),田所秀孝,1457,-0.1,4,4,4,37.9,466,-18,
,"2019. 8.24",小倉,2小9,1勝,１勝ｸﾗｽ,2,2,ビックピクチャー,牝,3,岩田望来,49▲,15,1,１, ,芝1800,良,,(栗),藤原英昭,1470,-0.6,4,5,3,34.8,418,0,
,"2019. 8.24",小倉,2小9,未勝利,未勝利・牝,7,13,レッドシルヴァーナ,牝,3,松山弘平, 54 ,16,1,１, ,ダ1700,稍,,(栗),松田国英,1464,-0.4,8,7,2,38.3,510,-4,
,"2019. 8.24",小倉,2小9,新馬,新馬,6,7,マイネルヘルト,牡,2,国分優作, 54 ,11,7,１, ,芝1200,良,,(栗),西園正都,1102,-0.0,,8,3,34.0,410,,
,"2019. 8.24",小倉,2小9,未勝利,未勝利,1,2,ゴースト,セ,3,松山弘平, 56 ,18,3,１, ,芝2000,良,,(栗),橋口慎介,2007,-0.5,2,2,2,35.9,490,+8,
,"2019. 8.24",小倉,2小9,未勝利,未勝利,1,1,ストームガスト,牡,3,松山弘平, 56 ,14,4,１, ,ダ1000,稍,,(栗),寺島良,0585,-0.4,,3,3,35.2,462,-2,
,"2019. 8.24",小倉,2小9,未勝利,未勝利*,3,3,クリスティ,牝,2,福永祐一, 54 ,9,1,１, ,芝1800,良,,(栗),杉山晴紀,1495,-0.5,7,7,4,34.3,466,+2,
,"2019. 8.24",小倉,2小9,未勝利,未勝利・牝*,8,11,ミーアシャム,牝,2,北村友一, 54 ,11,1,１, ,芝1200,良,,(栗),池添学,1093,-0.1,,2,3,34.8,444,-2,
,"2019. 8.18",小倉,2小8,1勝,１勝ｸﾗｽ・牝,4,6,シーリア,牝,4,和田竜二, 55 ,14,3,１, ,芝1800,良,,(栗),角居勝彦,1488,-0.1,2,2,1,35.5,462,-2,
,"2019. 8.18",小倉,2小8,Ｇ３,北九州記ＨG3,8,16,ダイメイプリンセス,牝,6,秋山真一, 55 ,18,9,１, ,芝1200,良,*,(栗),森田直行,1082,-0.2,,11,8,34.5,500,+4,
,"2019. 8.18",小倉,2小8,2勝,西部スポ･2勝,1,1,タガノアスワド,牝,5,西村淳也, 55 ,10,3,１, ,芝1800,良,,(栗),五十嵐忠,1475,-0.2,1,1,1,34.6,508,-10,
,"2019. 8.18",小倉,2小8,2勝,天草特Ｈ･2勝,4,8,タガノファジョーロ,牡,3,鮫島良太, 53 ,16,3,１, ,ダ1700,稍,,(栗),角田晃一,1452,-0.0,9,8,8,37.6,444,-2,B
,"2019. 8.18",小倉,2小8,1勝,１勝ｸﾗｽ,3,4,ファビュラスギフト,牝,3,斎藤新,49▲,14,1,１, ,ダ1000,稍,,(栗),武英智,0584,-0.2,,1,1,35.9,454,+8,
,"2019. 8.18",小倉,2小8,未勝利,未勝利,7,15,サンキューユウガ,牡,3,松山弘平, 56 ,18,1,１, ,芝1200,良,,(栗),西村真幸,1091,-0.0,,11,10,34.8,504,0,
,"2019. 8.18",小倉,2小8,新馬,新馬・牝,7,10,メメントモリ,牝,2,藤岡康太, 54 ,12,2,１, ,芝1200,良,,(栗),池添学,1100,-0.1,,3,2,35.4,460,,
,"2019. 8.18",小倉,2小8,新馬,新馬,5,9,シャンドフルール,牝,2,武豊, 54 ,16,1,１, ,芝1800,良,,(栗),松永幹夫,1521,-0.1,5,3,3,35.9,510,,
,"2019. 8.18",小倉,2小8,未勝利,未勝利,5,9,マンノグランプリ,牡,3,菱田裕二, 56 ,16,9,１, ,ダ1700,稍,,(栗),角田晃一,1473,-0.0,16,6,6,38.9,504,-12,B
,"2019. 8.18",小倉,2小8,未勝利,未勝利,6,11,ヒラボクメルロー,牝,3,小崎綾也, 54 ,16,5,１, ,芝2600,良,,(栗),寺島良,2438,-0.4,3,2,2,37.1,458,+2,
,"2019. 8.18",小倉,2小8,未勝利,未勝利*,8,10,メイショウベンガル,牡,2,武豊, 54 ,10,1,１, ,芝1200,良,,(栗),松永昌博,1094,-0.8,,1,1,35.4,446,0,
,"2019. 8.18",小倉,2小8,未勝利,未勝利*,5,5,ラインガルーダ,牡,2,幸英明, 54 ,12,2,１, ,ダ1000,稍,,(栗),松永昌博,0586,-1.0,,1,1,35.8,470,-4,
,"2019. 8.17",小倉,2小7,1勝,１勝ｸﾗｽ,7,14,ザイツィンガー,牡,3,幸英明, 54 ,18,4,１, ,芝1200,良,,(栗),牧田和弥,1088,-0.0,,14,13,34.1,426,+2,
,"2019. 8.17",小倉,2小7,3勝,テレＱ杯･3勝,2,2,モンペルデュ,牝,3,川田将雅, 52 ,13,1,１, ,ダ1000,重,,(栗),松永幹夫,0573,-0.3,,1,1,34.8,476,+8,
,"2019. 8.17",小倉,2小7,2勝,戸畑特別･2勝,6,10,キラーコンテンツ,牡,5,福永祐一, 57 ,14,1,１, ,芝1200,良,,(栗),藤原英昭,1087,-0.0,,4,5,34.9,486,+10,
,"2019. 8.17",小倉,2小7,1勝,英彦山特･1勝,8,11,アールスター,牡,4,浜中俊, 57 ,11,2,１, ,芝2000,良,,(栗),杉山晴紀,1594,-0.3,6,2,2,34.9,516,+6,
,"2019. 8.17",小倉,2小7,1勝,１勝ｸﾗｽ,7,14,ヒッチコック,牡,3,福永祐一, 54 ,16,2,１, ,ダ1700,重,,(栗),中竹和也,1445,-0.2,9,9,8,38.1,492,0,
,"2019. 8.17",小倉,2小7,未勝利,未勝利,2,4,ルンルンクオリティ,牝,3,田中健, 54 ,18,5,１, ,芝2000,良,,(栗),荒川義之,2007,-0.2,6,5,2,36.3,502,+2,
,"2019. 8.17",小倉,2小7,未勝利,未勝利・牝,2,4,バラーディスト,牝,3,福永祐一, 54 ,16,3,１, ,ダ1700,重,,(栗),石坂正,1459,-0.2,3,3,2,38.1,470,+4,
,"2019. 8.17",小倉,2小7,新馬,新馬,1,1,ジュビリーヘッド,牡,2,北村友一, 54 ,9,1,１, ,芝1200,良,,(栗),安田隆行,1095,-0.0,,1,1,35.5,446,,
,"2019. 8.17",小倉,2小7,ｵｰﾌﾟﾝ,障害・オープ,3,3,トゥルーハート,セ,6,白浜雄造, 60 ,8,2,１, ,芝2860,稍,,(栗),庄野靖志,3089,-0.1,4,4,3,13.2,454,0,
,"2019. 8.17",小倉,2小7,未勝利,未勝利,3,3,サンバパレード,牝,3,水口優也, 54 ,14,1,１, ,ダ1000,重,,(栗),飯田祐史,0577,-1.6,,1,1,35.2,450,-6,
,"2019. 8.17",小倉,2小7,未勝利,未勝利*,2,2,グランスピード,牡,2,福永祐一, 54 ,12,2,１, ,芝1800,稍,,(栗),西村真幸,1494,-0.1,3,4,3,36.7,482,-6,
,"2019. 8.17",小倉,2小7,未勝利,障害未勝利,8,10,サトノエメラルド,牡,4,高田潤, 60 ,10,1,１, ,芝2860,稍,*,(栗),安田隆行,3098,-0.4,2,2,2,13.3,480,0,
,"2019. 8.11",小倉,2小6,1勝,１勝ｸﾗｽ・牝,4,7,レッドベレーザ,牝,3,西村淳也,51☆,18,2,１, ,芝1200,良,,(栗),石坂正,1084,-0.2,,11,5,34.6,420,+8,
,"2019. 8.11",小倉,2小6,3勝,博多ＳＨ･3勝,2,2,アロハリリー,牝,4,北村友一, 52 ,8,2,１, ,芝2000,良,*,(栗),高野友和,1594,-0.0,2,2,2,35.2,454,-2,
,"2019. 8.11",小倉,2小6,2勝,西部日刊･2勝,7,12,キーフラッシュ,牡,4,西村淳也, 57 ,15,1,１, ,ダ1700,良,,(栗),宮徹,1463,-0.0,3,3,3,37.2,478,0,
,"2019. 8.11",小倉,2小6,1勝,青島特別･1勝,3,4,カイザーミノル,牡,3,松山弘平, 54 ,14,2,１, ,芝1700,良,,(栗),北出成人,1411,-0.2,3,3,3,35.1,458,-2,
,"2019. 8.11",小倉,2小6,1勝,１勝ｸﾗｽ,6,7,ウラノメトリア,セ,3,川須栄彦, 54 ,11,1,１, ,ダ1700,良,,(栗),矢作芳人,1469,-0.2,8,5,6,37.1,478,-6,
,"2019. 8.11",小倉,2小6,1勝,１勝ｸﾗｽ,5,7,ルタンブル,牝,3,小崎綾也, 52 ,13,1,１, ,芝2000,良,,(栗),寺島良,2001,-0.0,10,8,6,35.9,444,+4,
,"2019. 8.11",小倉,2小6,未勝利,未勝利・牝,8,15,メイショウカスガ,牝,3,幸英明, 54 ,16,1,１, ,ダ1700,良,,(栗),高橋義忠,1486,-0.4,4,2,2,40.1,456,-6,
,"2019. 8.11",小倉,2小6,新馬,新馬,8,15,グランドデューク,牡,2,西村淳也,53☆,15,4,１, ,芝1200,良,,(栗),庄野靖志,1106,-0.0,,1,1,36.0,520,,
,"2019. 8.11",小倉,2小6,未勝利,未勝利,4,7,ピノクル,牡,3,松若風馬, 56 ,16,2,１, ,芝1800,良,,(栗),音無秀孝,1482,-0.1,6,4,3,36.8,492,+12,
,"2019. 8.11",小倉,2小6,未勝利,未勝利,4,5,アメリカンソレイユ,牡,3,酒井学, 56 ,14,3,１, ,ダ1000,良,,(栗),藤岡健一,0595,-0.1,,2,2,36.6,456,+2,
,"2019. 8.11",小倉,2小6,未勝利,未勝利*,1,1,フルフラット,牡,2,北村友一, 54 ,11,6,１, ,芝1200,良,,(栗),森秀行,1092,-0.4,,1,1,35.9,510,+4,
,"2019. 8.11",小倉,2小6,未勝利,障害未勝利,1,1,フランドル,セ,6,高田潤, 60 ,8,3,１, ,芝2860,良,,(栗),藤原英昭,3122,-0.2,3,3,3,13.4,486,-4,
,"2019. 8.10",小倉,2小5,1勝,１勝ｸﾗｽ,7,11,メイショウキョウジ,牡,4,福永祐一, 57 ,13,1,１, ,芝1200,良,,(栗),藤岡健一,1080,-0.2,,2,2,34.0,468,0,
,"2019. 8.10",小倉,2小5,ｵｰﾌﾟﾝ,阿蘇ＳＨ,4,6,アードラー,牡,5,松若風馬, 55 ,15,10,１, ,ダ1700,良,,(栗),音無秀孝,1446,-0.0,13,13,13,37.7,484,0,
,"2019. 8.10",小倉,2小5,2勝,宮崎特別･2勝,8,10,ハイヒール,牝,4,福永祐一, 55 ,10,2,１, ,芝2000,良,,(栗),清水久詞,1598,-0.2,3,2,2,34.9,448,+10,
,"2019. 8.10",小倉,2小5,ｵｰﾌﾟﾝ,フェニッ,5,5,マイネルグリット,牡,2,和田竜二, 54 ,8,1,１, ,芝1200,良,,(栗),吉田直弘,1090,-0.2,,3,3,35.3,478,+4,
,"2019. 8.10",小倉,2小5,1勝,１勝ｸﾗｽ,7,12,ジューングラスミー,牡,4,福永祐一, 57 ,14,5,１, ,ダ1700,良,,(栗),湯窪幸雄,1458,-0.5,4,5,4,38.0,514,+4,
,"2019. 8.10",小倉,2小5,未勝利,未勝利,2,3,シーリアスラブ,牡,3,松若風馬, 56 ,18,3,１, ,芝2000,良,,(栗),音無秀孝,2008,-0.0,13,14,14,36.1,452,-4,
,"2019. 8.10",小倉,2小5,未勝利,未勝利・牝,5,9,マルシュロレーヌ,牝,3,福永祐一, 54 ,16,4,１, ,芝1800,良,,(栗),矢作芳人,1470,-0.6,1,1,1,35.4,454,-4,
,"2019. 8.10",小倉,2小5,新馬,新馬,5,10,コパノマーキュリー,牡,2,亀田温心,51▲,16,10,１, ,ダ1700,良,,(栗),田所秀孝,1495,-0.0,1,1,1,39.5,492,,
,"2019. 8.10",小倉,2小5,未勝利,未勝利,5,9,ハニエル,牝,3,浜中俊, 54 ,18,8,１, ,芝1200,良,,(栗),吉村圭司,1088,-0.1,,9,9,34.8,416,-4,
,"2019. 8.10",小倉,2小5,未勝利,未勝利,6,12,ハクサンカイザー,牡,3,松山弘平, 56 ,16,3,１, ,ダ1700,良,,(栗),西園正都,1473,-0.5,4,5,3,39.3,454,-4,
,"2019. 8.10",小倉,2小5,未勝利,未勝利*,8,14,シホノレジーナ,牝,2,浜中俊, 54 ,15,4,１, ,芝1800,良,,(栗),寺島良,1489,-0.0,4,3,1,37.7,488,0,
,"2019. 8.10",小倉,2小5,未勝利,未勝利・九*,2,2,イロゴトシ,牡,2,小崎綾也, 54 ,14,3,１, ,芝1200,良,,(栗),牧田和弥,1102,-0.5,,5,2,35.0,454,+2,
,"2019. 8. 4",小倉,2小4,2勝,小郡特別･2勝,4,5,ヘルディン,牝,5,武豊, 55 ,14,2,１, ,ダ1000,良,,(栗),千田輝彦,0579,-0.5,,1,1,35.4,442,-4,
,"2019. 8. 4",小倉,2小4,Ｇ３,小倉記念ＨG3,6,8,メールドグラース,牡,4,川田将雅,57.5,13,1,１, ,芝2000,良,,(栗),清水久詞,1588,-0.0,11,8,9,34.9,480,+4,B
,"2019. 8. 4",小倉,2小4,2勝,ＲＫＢ賞･2勝,1,1,コロラトゥーレ,牝,5,川須栄彦, 55 ,11,9,１, ,芝1200,良,,(栗),梅田智之,1078,-0.3,,5,3,34.3,468,0,
,"2019. 8. 4",小倉,2小4,1勝,筑後川特･1勝,8,10,レティキュール,牝,3,川田将雅, 52 ,10,3,１, ,芝1800,良,,(栗),斉藤崇史,1476,-0.2,2,2,2,34.5,422,-6,
,"2019. 8. 4",小倉,2小4,1勝,１勝ｸﾗｽ・牝,6,9,タガノエルフ,牝,4,斎藤新,52▲,14,2,１, ,ダ1700,良,,(栗),安田隆行,1460,-1.2,14,1,1,38.3,476,-6,
,"2019. 8. 4",小倉,2小4,未勝利,未勝利,4,5,ダノングレーター,牡,3,松若風馬, 56 ,14,4,１, ,芝2000,良,,(栗),音無秀孝,2012,-0.2,11,9,6,36.2,476,-6,
,"2019. 8. 4",小倉,2小4,新馬,新馬・牝,7,9,ヒバリ,牝,2,福永祐一, 54 ,11,2,１, ,芝1200,良,,(栗),加用正,1100,-0.1,,7,7,35.1,416,,
,"2019. 8. 4",小倉,2小4,新馬,新馬,7,14,シリアスフール,牡,2,松若風馬, 54 ,16,1,１, ,芝1800,良,,(栗),西村真幸,1503,-0.0,14,5,4,35.3,494,,
,"2019. 8. 4",小倉,2小4,未勝利,未勝利・牝,6,9,ドンドンキードン,牝,3,浜中俊, 54 ,13,6,１, ,ダ1700,良,,(栗),野中賢二,1483,-0.2,10,5,4,39.5,472,+6,
,"2019. 8. 4",小倉,2小4,未勝利,未勝利,5,7,ニホンピロランド,牡,3,小牧太, 56 ,14,7,１, ,ダ1000,良,,(栗),服部利之,0599,-0.0,,6,6,36.4,486,-6,
,"2019. 8. 4",小倉,2小4,未勝利,未勝利*,6,8,ミントティー,牝,2,西村淳也,53☆,13,12,１, ,芝1200,良,,(栗),高柳大輔,1100,-0.2,,12,11,35.9,416,0,
,"2019. 8. 4",小倉,2小4,未勝利,障害未勝利,7,9,ワンスインアライフ,牡,6,北沢伸也, 60 ,11,1,１, ,芝2860,良,,(栗),谷潔,3103,-0.5,2,2,2,13.3,474,-8,
,"2019. 8. 3",小倉,2小3,1勝,１勝ｸﾗｽ,6,9,ペガサス,牡,3,和田竜二, 54 ,14,3,１, ,ダ1700,良,,(栗),大久保龍,1466,-0.1,4,5,5,38.7,452,+4,
,"2019. 8. 3",小倉,2小3,2勝,九州スポ･2勝,4,8,ナンヨーイザヨイ,牡,3,秋山真一, 54 ,16,4,１, ,ダ1700,良,,(栗),松永幹夫,1448,-0.1,3,3,2,38.6,470,+12,
,"2019. 8. 3",小倉,2小3,1勝,都井岬特･1勝,7,11,モアナアネラ,牝,3,浜中俊, 52 ,13,1,１, ,芝2000,良,,(栗),石坂正,2001,-0.2,3,3,3,35.9,418,-6,
,"2019. 8. 3",小倉,2小3,1勝,筑紫特別･1勝,7,7,ファンタジステラ,牡,5,松若風馬, 57 ,10,1,１, ,芝1200,良,,(栗),音無秀孝,1080,-0.2,,1,1,34.8,438,-4,
,"2019. 8. 3",小倉,2小3,1勝,１勝ｸﾗｽ,3,3,ヤマニンブルーベル,牝,3,藤懸貴志, 52 ,13,3,１, ,ダ1000,良,,(栗),斉藤崇史,0591,-0.1,,1,1,36.7,462,-8,
,"2019. 8. 3",小倉,2小3,未勝利,未勝利,8,11,ミヤビパーフェクト,セ,3,福永祐一, 56 ,12,2,１, ,芝1800,良,,(栗),笹田和秀,1483,-0.2,2,2,2,36.4,458,-6,
,"2019. 8. 3",小倉,2小3,未勝利,未勝利・牝,6,11,ゲンティアナ,牝,3,西村淳也,53☆,16,7,１, ,芝2000,良,,(栗),松永幹夫,2000,-0.3,2,2,2,36.1,414,-4,
,"2019. 8. 3",小倉,2小3,新馬,新馬,5,5,カーフライターク,牡,2,川田将雅, 54 ,12,1,１, ,芝1200,良,,(栗),高野友和,1091,-1.0,,3,3,35.4,456,,
,"2019. 8. 3",小倉,2小3,未勝利,未勝利,3,5,テイエムクロムシャ,牡,3,和田竜二, 56 ,16,3,１, ,ダ1700,良,,(栗),鈴木孝志,1463,-0.2,5,3,2,38.6,466,-4,
,"2019. 8. 3",小倉,2小3,未勝利,未勝利,6,12,サトノソレイユ,牝,3,藤井勘一, 54 ,18,1,１, ,芝1200,良,,(栗),池江泰寿,1086,-0.5,,2,2,34.6,478,+4,
,"2019. 8. 3",小倉,2小3,未勝利,未勝利*,3,4,ブルーミングスカイ,牡,2,川田将雅, 54 ,15,1,１, ,芝1800,良,,(栗),角居勝彦,1482,-1.1,2,3,3,35.8,452,+2,
,"2019. 8. 3",小倉,2小3,未勝利,未勝利・九*,3,5,ローランダー,牝,2,幸英明, 54 ,16,1,１, ,芝1200,良,,(栗),湯窪幸雄,1099,-0.7,,1,1,36.1,444,+4,
,"2019. 7.28",小倉,2小2,1勝,１勝ｸﾗｽ,6,11,タガノファジョーロ,牡,3,鮫島良太, 54 ,15,5,１, ,ダ1700,良,,(栗),角田晃一,1462,-0.1,13,13,11,38.0,446,-2,B
,"2019. 7.28",小倉,2小2,3勝,佐世保Ｓ･3勝,2,3,エイシンデネブ,牝,4,松若風馬, 55 ,17,4,１, ,芝1200,良,,(栗),坂口智康,1075,-0.0,,15,15,34.1,436,+28,
,"2019. 7.28",小倉,2小2,2勝,不知火Ｈ･2勝,5,8,ラテュロス,牝,4,秋山真一, 54 ,14,2,１, ,芝1800,良,,(栗),高野友和,1457,-0.0,3,3,2,34.7,418,-2,
,"2019. 7.28",小倉,2小2,2勝,響灘特別･2勝,5,5,クルークハイト,牝,5,松山弘平, 55 ,10,3,１, ,ダ1700,良,,(栗),藤岡健一,1463,-0.0,3,3,3,36.7,478,+2,
,"2019. 7.28",小倉,2小2,1勝,１勝ｸﾗｽ,1,1,エムティアン,牝,3,西村淳也,50△,12,7,１, ,芝1200,良,*,(栗),鮫島一歩,1082,-0.2,,2,2,35.0,440,+16,
,"2019. 7.28",小倉,2小2,1勝,１勝ｸﾗｽ,2,3,ウルクラフト,牝,3,松山弘平, 52 ,15,5,１, ,芝1800,良,,(栗),吉村圭司,1465,-0.0,3,3,3,35.6,414,+4,
,"2019. 7.28",小倉,2小2,未勝利,未勝利,6,11,アスタードラゴン,牡,3,亀田温心,53▲,16,4,１, ,ダ1700,良,,(栗),木原一良,1475,-0.0,1,1,1,38.7,450,-2,B
,"2019. 7.28",小倉,2小2,新馬,新馬,8,10,カリニート,牡,2,幸英明, 54 ,11,3,１, ,芝1200,良,,(栗),大根田裕,1099,-0.0,,2,2,35.9,468,,
,"2019. 7.28",小倉,2小2,未勝利,未勝利,7,12,グレートベースン,牡,3,斎藤新,53▲,15,2,１, ,芝2000,良,,(栗),橋口慎介,2005,-0.1,1,1,1,36.1,524,+12,
,"2019. 7.28",小倉,2小2,未勝利,未勝利・牝,3,5,ロナ,牝,3,松山弘平, 54 ,18,2,１, ,芝1200,良,,(栗),橋口慎介,1080,-0.3,,3,2,35.3,462,-8,B
,"2019. 7.28",小倉,2小2,未勝利,未勝利,7,11,ミキノモンテカルロ,牝,3,岩田望来,51▲,14,1,１, ,ダ1000,良,,(栗),南井克巳,0584,-0.7,,2,2,35.6,458,-2,
,"2019. 7.28",小倉,2小2,未勝利,未勝利*,2,2,ヒメサマ,牝,2,岩田望来,51▲,6,3,１, ,芝1200,良,,(栗),梅田智之,1092,-0.2,,3,3,34.7,414,-6,
,"2019. 7.27",小倉,2小1,1勝,１勝ｸﾗｽ・牝,8,15,オトナノジジョウ,牝,3,松山弘平, 52 ,15,7,１, ,芝1200,良,,(栗),森秀行,1086,-0.4,,1,1,35.4,436,-4,
,"2019. 7.27",小倉,2小1,3勝,薩摩Ｓ･3勝,7,11,メイショウワザシ,牡,4,松山弘平, 57 ,13,1,１, ,ダ1700,良,,(栗),南井克巳,1444,-0.8,1,1,1,36.6,532,0,
,"2019. 7.27",小倉,2小1,2勝,由布院特･2勝,4,6,ジュランビル,牝,3,和田竜二, 52 ,14,1,１, ,芝1200,良,,(栗),寺島良,1080,-0.2,,2,2,34.1,456,-4,
,"2019. 7.27",小倉,2小1,1勝,国東特別･1勝,3,3,シルヴァーソニック,牡,3,川田将雅, 54 ,11,1,１, ,芝2000,良,,(栗),池江泰寿,1593,-0.0,5,4,6,35.5,446,+2,
,"2019. 7.27",小倉,2小1,ＪＧ３,小倉サマJG3,7,9,メイショウダッサイ,牡,6,森一馬, 60 ,12,1,１, ,芝3390,良,,(栗),飯田祐史,3440,-0.3,1,1,1,13.2,512,+4,
,"2019. 7.27",小倉,2小1,1勝,１勝ｸﾗｽ,6,8,ブリッジオーヴァー,牝,5,北村友一, 55 ,12,2,１, ,ダ1000,良,,(栗),安田翔伍,0582,-0.2,,2,2,35.3,464,0,
,"2019. 7.27",小倉,2小1,新馬,新馬,4,4,カイルアコナ,牝,2,川田将雅, 54 ,9,1,１, ,芝1200,良,,(栗),高橋義忠,1091,-0.7,,1,1,35.1,430,,
,"2019. 7.27",小倉,2小1,新馬,新馬・九,2,4,テイエムヤマカゼ,セ,2,松山弘平, 54 ,18,4,１, ,芝1200,良,,(栗),山内研二,1104,-0.4,,2,2,36.1,408,,
,"2019. 7.27",小倉,2小1,未勝利,未勝利,4,5,ボッケリーニ,牡,3,川田将雅, 56 ,14,2,１, ,芝1800,良,,(栗),池江泰寿,1463,-0.3,4,3,3,36.0,458,+2,
,"2019. 7.27",小倉,2小1,未勝利,未勝利,2,4,タイセイドレッサー,牡,3,川又賢治,55☆,16,2,１, ,ダ1700,良,,(栗),大橋勇樹,1472,-0.4,13,12,5,37.4,478,+2,
,"2019. 7.27",小倉,2小1,未勝利,未勝利,4,8,ストラトスフィア,牝,3,松若風馬, 54 ,17,4,１, ,芝1200,良,,(栗),鮫島一歩,1080,-0.1,,1,1,34.7,456,-4,
,"2019. 7.27",小倉,2小1,未勝利,未勝利・牝,5,9,サツキサンダー,牝,3,松山弘平, 54 ,16,5,１, ,ダ1700,良,,(栗),寺島良,1466,-1.5,1,1,1,39.0,442,+2,
,"2019. 3. 3",小倉,1小8,500万,唐戸特別500,6,6,ジャコマル,牡,5,横山武史, 57 ,10,1,１, ,芝2000,重,,(栗),松永幹夫,2029,-0.4,2,2,1,38.2,462,-4,
,"2019. 3. 3",小倉,1小8,1000万,太宰府特1000,6,11,カレンシリエージョ,牝,4,秋山真一, 55 ,15,5,１, ,芝1800,重,,(栗),鈴木孝志,1508,-0.0,8,8,8,36.6,480,-4,
,"2019. 3. 3",小倉,1小8,500万,萌黄賞500*,3,3,ファイトフォーラヴ,牡,3,吉田隼人, 56 ,12,1,１, ,芝1200,重,,(栗),石橋守,1105,-0.4,,1,1,36.0,460,-6,
,"2019. 3. 3",小倉,1小8,500万,500万下,7,13,オーケストラ,牡,4,斎藤新,54▲,16,2,１, ,ダ1700,不,,(美),斎藤誠,1450,-0.1,4,3,2,38.3,496,+8,B
,"2019. 3. 3",小倉,1小8,500万,500万下,8,16,アラスカノオーロラ,牡,4,藤田菜七,54▲,18,1,１, ,芝1200,重,,(美),小島茂之,1103,-0.2,,7,7,36.1,454,+2,
,"2019. 3. 3",小倉,1小8,500万,500万下・牝,1,1,ルーモス,牝,4,横山武史,54☆,13,10,１, ,芝2000,重,,(美),奥平雅士,2042,-0.0,3,4,3,37.8,464,-8,
,"2019. 3. 3",小倉,1小8,500万,500万下,3,3,デアリングアイデア,牡,5,幸英明, 57 ,9,4,１, ,ダ2400,不,,(栗),大根田裕,2316,-0.1,7,7,5,36.7,456,-6,
,"2019. 3. 3",小倉,1小8,未勝利,未勝利,4,7,ダディーズトリップ,牡,3,菱田裕二, 56 ,18,1,１, ,芝2000,重,,(栗),杉山晴紀,2046,-0.0,2,2,1,38.8,432,-8,
,"2019. 3. 3",小倉,1小8,未勝利,未勝利,6,11,アルファライズ,牝,3,斎藤新,51▲,16,7,１, ,芝1800,重,,(栗),安田隆行,1517,-0.0,8,7,6,37.4,444,+6,
,"2019. 3. 3",小倉,1小8,未勝利,未勝利,3,6,ニシノドレッシー,牝,3,丸山元気, 54 ,18,1,１, ,芝1200,重,,(美),的場均,1102,-0.2,,4,4,35.8,430,0,
,"2019. 3. 3",小倉,1小8,500万,500万下,8,14,ガウル,牡,4,川又賢治,56☆,14,1,１, ,ダ1000,不,,(栗),庄野靖志,0584,-0.0,,1,1,36.1,490,+4,
,"2019. 3. 3",小倉,1小8,未勝利,未勝利,8,16,フェードアウト,牡,3,幸英明, 56 ,16,2,１, ,ダ1700,不,,(栗),安田翔伍,1451,-0.3,6,4,4,38.2,472,+6,
,"2019. 3. 2",小倉,1小7,500万,八代特別500,4,7,メイショウツバキ,牝,4,幸英明, 55 ,18,1,１, ,芝1200,良,,(栗),西橋豊治,1086,-0.2,,1,1,34.9,450,-4,
,"2019. 3. 2",小倉,1小7,1000万,早鞆特Ｈ1000,1,1,メイショウワザシ,牡,4,西村淳也, 55 ,16,3,１, ,ダ1700,稍,,(栗),南井克巳,1443,-0.6,1,1,1,37.7,534,-6,
,"2019. 3. 2",小倉,1小7,500万,呼子特別500,5,5,トロピカルストーム,セ,6,幸英明, 57 ,12,2,１, ,芝2600,良,,(栗),西村真幸,2415,-0.1,8,3,2,35.2,448,-2,
,"2019. 3. 2",小倉,1小7,500万,500万下,3,3,インターセクション,牡,4,藤岡康太, 57 ,14,2,１, ,芝1800,良,,(栗),大久保龍,1498,-0.0,6,5,3,34.7,488,+8,
,"2019. 3. 2",小倉,1小7,500万,500万下・牝,7,15,リーガルリリー,牝,4,菱田裕二, 55 ,18,3,１, ,芝1200,良,,(栗),石坂公一,1086,-0.0,,2,1,35.6,470,+4,
,"2019. 3. 2",小倉,1小7,500万,500万下,4,5,ポートナイトサイト,牝,4,横山武史,54☆,14,3,１, ,ダ1000,稍,,(美),伊藤大士,0582,-0.4,,1,1,35.7,466,-4,
,"2019. 3. 2",小倉,1小7,500万,500万下・牝,6,11,リュミエールドール,牝,5,藤岡康太, 55 ,16,6,１, ,ダ1700,稍,,(栗),浜田多実,1463,-0.0,9,9,8,37.3,516,+6,
,"2019. 3. 2",小倉,1小7,未勝利,未勝利,6,12,ジェンメオ,牝,3,幸英明, 54 ,16,9,１, ,芝1800,良,,(栗),西村真幸,1494,-0.4,2,1,1,36.3,464,+16,
,"2019. 3. 2",小倉,1小7,未勝利,未勝利,2,3,グラウシュトラール,牡,3,丸田恭介, 56 ,18,12,１, ,芝1200,良,,(美),大竹正博,1092,-0.2,,2,2,35.3,452,-10,
,"2019. 3. 2",小倉,1小7,未勝利,未勝利・牝,7,15,トロハ,牝,3,幸英明, 54 ,18,2,１, ,芝2000,良,,(栗),浜田多実,2015,-0.5,8,2,2,36.7,472,+4,
,"2019. 3. 2",小倉,1小7,未勝利,未勝利,6,12,スナイプ,牡,3,柴田未崎, 56 ,16,1,１, ,ダ1700,稍,,(栗),清水久詞,1479,-0.1,6,4,2,39.8,514,-2,
,"2019. 3. 2",小倉,1小7,未勝利,未勝利,2,2,モズベイビー,牡,3,藤岡康太, 56 ,14,4,１, ,ダ1000,稍,,(栗),牧浦充徳,0588,-0.1,,1,1,35.8,504,+2,
,"2019. 2.24",小倉,1小6,1000万,皿倉山Ｈ1000,6,11,タイセイトレイル,牡,4,中谷雄太, 54 ,15,5,１, ,芝2600,良,,(栗),矢作芳人,2384,-0.1,4,3,3,35.6,484,-8,
,"2019. 2.24",小倉,1小6,1600万,下関Ｓ1600,8,13,メイソンジュニア,牡,5,柴山雄一, 57 ,14,12,１, ,芝1200,良,,(栗),渡辺薫彦,1080,-0.1,,4,4,34.9,496,+6,
,"2019. 2.24",小倉,1小6,500万,脊振山特500,8,8,バレーノロッソ,牡,4,菱田裕二, 56 ,8,5,１, ,芝1800,良,,(栗),石坂正,1474,-0.0,2,2,2,35.4,496,+10,
,"2019. 2.24",小倉,1小6,500万,500万下・牝,6,9,メイショウササユリ,牝,5,吉田隼人, 55 ,14,1,１, ,ダ1700,稍,,(栗),松永幹夫,1460,-0.1,3,3,2,38.1,504,-4,
,"2019. 2.24",小倉,1小6,500万,500万下,2,2,ルックスマート,牡,4,丸田恭介, 56 ,12,3,１, ,芝2000,良,,(美),小島茂之,1596,-0.2,7,6,3,35.3,472,+2,
,"2019. 2.24",小倉,1小6,500万,500万下,1,2,タガノカレン,牝,4,森裕太朗,54☆,18,9,１, ,芝1200,良,,(栗),中村均,1083,-0.2,,4,3,34.8,446,+4,
,"2019. 2.24",小倉,1小6,500万,500万下,5,7,ダノンロイヤル,牡,4,松若風馬, 56 ,13,2,１, ,ダ1700,稍,,(栗),千田輝彦,1459,-0.4,1,2,1,37.9,534,+2,
,"2019. 2.24",小倉,1小6,未勝利,未勝利・牝,7,14,レッドパラス,牝,3,横山武史,53☆,18,4,１, ,芝1200,良,,(美),中川公成,1086,-0.3,,2,2,35.0,448,+2,
,"2019. 2.24",小倉,1小6,未勝利,未勝利,8,15,ブラックバッジ,牡,3,吉田隼人, 56 ,16,2,１, ,芝1800,良,,(栗),武幸四郎,1484,-0.0,6,4,2,36.4,490,-4,B
,"2019. 2.24",小倉,1小6,未勝利,未勝利,8,17,ウォーターエデン,牝,3,西村淳也,51▲,18,1,１, ,芝1200,良,,(栗),岡田稲男,1090,-0.1,,3,3,35.2,472,-4,
,"2019. 2.24",小倉,1小6,500万,500万下・牝,6,10,ナンクルナイサー,牝,4,菱田裕二, 55 ,14,2,１, ,ダ1000,稍,,(栗),宮徹,0590,-0.1,,1,1,35.9,466,+2,
,"2019. 2.24",小倉,1小6,未勝利,未勝利,1,1,アノ,牡,3,秋山真一, 56 ,16,1,１, ,ダ1700,稍,,(栗),鈴木孝志,1475,-0.0,6,6,6,38.3,436,-2,
,"2019. 2.23",小倉,1小5,500万,合馬特別500,5,10,マルモレイナ,牝,5,田中健, 55 ,18,7,１, ,芝1200,良,,(栗),木原一良,1089,-0.1,,1,1,34.7,450,-10,
,"2019. 2.23",小倉,1小5,1000万,周防灘特1000,1,1,トワイライトライフ,牝,5,横山武史, 55 ,18,8,１, ,芝1200,良,,(美),黒岩陽一,1084,-0.0,,7,7,34.3,474,+4,
,"2019. 2.23",小倉,1小5,500万,くすのき500*,4,8,ラインカリーナ,牝,3,横山武史, 54 ,16,2,１, ,ダ1700,稍,,(美),武藤善則,1459,-0.1,1,1,1,37.9,474,+4,
,"2019. 2.23",小倉,1小5,500万,500万下,4,4,ハナザカリ,牝,4,西村淳也,51▲,10,2,１, ,芝2600,良,,(美),粕谷昌央,2404,-0.4,1,1,1,36.2,482,+2,
,"2019. 2.23",小倉,1小5,500万,500万下・牝,7,9,シャイントレイル,牝,5,川又賢治,54☆,12,2,１, ,芝1800,良,,(栗),吉田直弘,1480,-0.1,10,8,5,34.5,450,0,
,"2019. 2.23",小倉,1小5,500万,500万下,8,10,サンマルエンパイア,牡,5,柴山雄一, 57 ,11,2,１, ,ダ1700,稍,,(栗),大橋勇樹,1465,-0.0,5,5,4,37.6,462,-8,
,"2019. 2.23",小倉,1小5,500万,500万下,1,1,ウイナーズロード,牝,5,横山武史,54☆,14,2,１, ,ダ1000,稍,,(栗),寺島良,0589,-0.0,,1,1,35.7,404,+6,
,"2019. 2.23",小倉,1小5,未勝利,未勝利,6,12,ツクバソヴァール,牡,3,丹内祐次, 56 ,18,5,１, ,芝2000,良,,(美),杉浦宏昭,2009,-0.8,2,2,1,36.2,472,+2,
,"2019. 2.23",小倉,1小5,未勝利,未勝利,7,13,ヴィクトリアポデル,牡,3,丹内祐次, 56 ,18,8,１, ,芝1200,良,,(美),杉浦宏昭,1097,-0.0,,1,1,35.6,490,-10,
,"2019. 2.23",小倉,1小5,未勝利,未勝利・牝,2,3,イノセントミューズ,牝,3,藤岡康太, 54 ,16,2,１, ,芝1800,良,,(栗),笹田和秀,1489,-0.2,8,8,6,35.4,466,-12,
,"2019. 2.23",小倉,1小5,未勝利,未勝利,2,2,ワンネス,牡,3,丸田恭介, 56 ,14,4,１, ,ダ1000,稍,,(美),大竹正博,0596,-0.2,,7,7,35.9,526,0,
,"2019. 2.23",小倉,1小5,未勝利,未勝利・牝,5,9,ビオレイメル,牝,3,森裕太朗,53☆,16,4,１, ,ダ1700,稍,,(栗),本田優,1471,-0.2,6,6,5,38.8,458,-8,
,"2019. 2.17",小倉,1小4,1000万,紫川特別1000,5,10,ミラアイトーン,牡,5,浜中俊, 57 ,18,3,１, ,芝1200,良,,(栗),池江泰寿,1087,-0.1,,8,7,34.2,540,+20,
,"2019. 2.17",小倉,1小4,Ｇ３,小倉大賞ＨG3,7,12,スティッフェリオ,牡,5,丸山元気, 57 ,14,3,１, ,芝1800,良,*,(栗),音無秀孝,1467,-0.0,4,4,4,34.2,450,+10,
,"2019. 2.17",小倉,1小4,500万,日田特別500,8,15,ブライトムーン,牝,5,藤岡康太, 55 ,17,2,１, ,芝2000,良,,(栗),大久保龍,2001,-0.1,8,8,5,34.9,434,0,
,"2019. 2.17",小倉,1小4,500万,500万下,1,1,メイショウワザシ,牡,4,西村淳也,53▲,11,1,１, ,ダ1700,良,,(栗),南井克巳,1463,-1.3,1,1,1,37.2,540,+4,
,"2019. 2.17",小倉,1小4,500万,500万下,7,12,マイネルズイーガー,牡,5,丹内祐次, 57 ,15,4,１, ,芝1800,良,,(美),武藤善則,1475,-0.4,1,1,1,36.9,510,-6,
,"2019. 2.17",小倉,1小4,500万,500万下・牝,5,10,スターリーステージ,牝,4,川田将雅, 55 ,18,1,１, ,芝1200,良,,(栗),音無秀孝,1086,-0.2,,3,2,34.9,462,-2,
,"2019. 2.17",小倉,1小4,500万,500万下,7,7,アドラメレク,牡,5,浜中俊, 57 ,8,2,１, ,ダ2400,良,,(栗),石坂正,2359,-0.2,1,1,1,38.4,464,+2,
,"2019. 2.17",小倉,1小4,新馬,新馬,7,14,ダノンバリアント,牡,3,川田将雅, 56 ,18,2,１, ,芝2000,良,,(栗),高野友和,2033,-0.1,10,9,7,35.1,454,,
,"2019. 2.17",小倉,1小4,未勝利,未勝利,6,11,ケイアイサクソニー,牡,3,藤懸貴志, 56 ,18,2,１, ,芝1200,良,,(栗),山内研二,1089,-0.5,,3,3,35.0,488,+2,
,"2019. 2.17",小倉,1小4,未勝利,未勝利,8,17,カラテ,牡,3,黛弘人, 56 ,18,6,１, ,芝2000,良,,(美),高橋祥泰,2019,-0.3,2,2,2,37.1,490,+10,
,"2019. 2.17",小倉,1小4,500万,500万下,6,9,ロトヴィグラス,牡,4,横山武史,56☆,14,2,１, ,ダ1000,良,,(美),高市圭二,0587,-0.8,,1,1,35.3,470,-4,
,"2019. 2.17",小倉,1小4,未勝利,未勝利,4,8,クリエイトザライフ,牡,3,川田将雅, 56 ,16,2,１, ,ダ1700,良,,(栗),高野友和,1482,-1.0,2,2,1,37.9,486,-2,
,"2019. 2.16",小倉,1小3,500万,大牟田特500,2,3,ウインストラグル,牡,5,菱田裕二, 57 ,18,12,１, ,芝1200,良,,(栗),加用正,1083,-0.0,,1,1,34.7,482,-2,
,"2019. 2.16",小倉,1小3,1000万,和布刈特1000,3,6,シンゼンドリーム,牡,6,秋山真一, 57 ,16,7,１, ,ダ1700,稍,,(栗),飯田祐史,1456,-0.0,12,10,7,37.6,472,+6,
,"2019. 2.16",小倉,1小3,500万,かささぎ500*,6,12,ラミエル,牝,3,松若風馬, 54 ,16,2,１, ,芝1200,良,,(栗),橋口慎介,1096,-0.0,,13,9,34.3,438,+4,
,"2019. 2.16",小倉,1小3,500万,500万下,8,11,スマートレイブン,牡,4,藤岡康太, 56 ,11,3,１, ,芝2000,良,,(栗),池江泰寿,2007,-0.0,10,10,10,34.6,452,-12,
,"2019. 2.16",小倉,1小3,500万,500万下,6,8,ライナス,牡,4,吉田隼人, 56 ,13,1,１, ,ダ1700,稍,,(栗),浜田多実,1461,-0.0,2,2,2,37.1,484,-14,
,"2019. 2.16",小倉,1小3,500万,500万下,1,1,ドリームスピリット,牡,4,横山武史,55☆,11,1,１, ,芝2600,良,,(美),武藤善則,2413,-0.2,3,3,3,35.4,504,+2,
,"2019. 2.16",小倉,1小3,500万,500万下・牝,2,2,ピンキージョーンズ,牝,5,丹内祐次, 55 ,12,3,１, ,ダ1700,稍,,(美),清水英克,1471,-0.2,1,2,1,37.4,454,0,
,"2019. 2.16",小倉,1小3,未勝利,未勝利,4,8,サマーセント,牝,3,吉田隼人, 54 ,16,4,１, ,芝1800,良,,(栗),斉藤崇史,1495,-0.1,6,6,6,36.7,440,-2,
,"2019. 2.16",小倉,1小3,未勝利,未勝利,7,15,アスタールビー,牝,3,西村淳也,51▲,18,2,１, ,芝1200,良,,(栗),南井克巳,1089,-0.7,,1,1,34.6,418,-16,
,"2019. 2.16",小倉,1小3,未勝利,未勝利・牝,3,5,ナリス,牝,3,藤岡康太, 54 ,18,1,１, ,芝2000,良,,(栗),今野貞一,2018,-0.3,1,1,1,36.1,480,0,
,"2019. 2.16",小倉,1小3,未勝利,未勝利,5,7,サトノアイビス,牝,3,西村淳也,51▲,14,6,１, ,ダ1000,稍,,(栗),橋口慎介,1005,-0.0,,2,2,37.4,456,+4,
,"2019. 2.16",小倉,1小3,未勝利,未勝利・牝,4,8,アポロモーリアン,牝,3,横山武史,53☆,16,2,１, ,ダ1700,稍,,(美),鈴木伸尋,1497,-0.0,4,2,2,40.1,456,+2,
,"2019. 2.10",小倉,1小2,1000万,帆柱山Ｈ1000,7,15,トーセンアルバータ,牝,6,丸田恭介, 51 ,18,10,１, ,芝1200,良,,(美),古賀史生,1088,-0.1,,2,2,35.3,486,+2,B
,"2019. 2.10",小倉,1小2,1600万,関門橋Ｓ1600,2,3,アウトライアーズ,牡,5,丸田恭介, 57 ,15,6,１, ,芝1800,良,,(美),小島茂之,1499,-0.0,14,5,3,35.1,504,-4,
,"2019. 2.10",小倉,1小2,500万,小倉城特500,3,5,ムーンレイカー,牡,4,吉田隼人, 56 ,17,1,１, ,芝2000,良,,(栗),池添兼雄,2022,-0.0,3,4,4,36.2,474,0,
,"2019. 2.10",小倉,1小2,500万,500万下,7,11,シュプリームゾーン,牡,5,柴山雄一, 57 ,13,2,１, ,ダ1700,稍,,(栗),高柳大輔,1470,-0.0,8,4,4,37.6,506,-10,
,"2019. 2.10",小倉,1小2,500万,500万下,2,3,ゲンパチケンシン,牡,5,川又賢治,56☆,18,6,１, ,芝1200,稍,,(栗),加用正,1095,-0.2,,5,3,35.2,482,+12,
,"2019. 2.10",小倉,1小2,500万,500万下,4,4,タイセイトレイル,牡,4,中谷雄太, 56 ,13,3,１, ,芝2600,稍,,(栗),矢作芳人,2432,-0.2,6,4,4,36.2,492,-4,
,"2019. 2.10",小倉,1小2,500万,500万下・牝,5,8,ヒザクリゲ,牝,4,藤岡康太, 55 ,14,3,１, ,ダ1000,稍,,(栗),牧浦充徳,0589,-0.6,,2,2,36.2,430,-2,
,"2019. 2.10",小倉,1小2,新馬,新馬,5,9,カレンモエ,牝,3,鮫島克駿, 54 ,18,1,１, ,芝1200,稍,,(栗),安田隆行,1107,-0.3,,2,2,36.0,460,,
,"2019. 2.10",小倉,1小2,未勝利,未勝利,1,1,フィデリオグリーン,牡,3,丸山元気, 56 ,12,5,１, ,芝2000,稍,,(美),根本康広,2032,-0.0,1,1,1,37.3,504,0,
,"2019. 2.10",小倉,1小2,未勝利,未勝利,2,3,ショウナンタイガ,牡,3,柴山雄一, 56 ,18,1,１, ,芝1200,稍,,(栗),池添兼雄,1106,-0.0,,11,12,36.1,472,-2,
,"2019. 2.10",小倉,1小2,未勝利,未勝利,4,4,シャイニーロック,牡,3,北村友一, 56 ,10,1,１, ,ダ1700,稍,,(栗),佐々木晶,1483,-0.5,2,2,1,38.6,494,-6,
,"2019. 2.10",小倉,1小2,未勝利,未勝利・牝,2,2,ノヴェッラ,牝,3,北村友一, 54 ,10,1,１, ,ダ1700,稍,,(栗),安田隆行,1491,-0.0,2,2,2,38.7,478,0,
,"2019. 2. 9",小倉,1小1,500万,巌流島特500,2,4,コンパウンダー,牡,4,秋山真一, 57 ,18,3,１, ,芝1200,稍,,(栗),石橋守,1095,-0.1,,7,5,34.8,440,0,
,"2019. 2. 9",小倉,1小1,1000万,壇之浦特1000,6,11,バイオレントブロー,牡,4,中谷雄太, 56 ,18,12,１, ,芝2000,稍,,(栗),佐々木晶,2011,-0.2,4,5,2,35.7,484,0,
,"2019. 2. 9",小倉,1小1,500万,あすなろ500*,7,8,ハバナウインド,牡,3,鮫島克駿, 56 ,10,4,１, ,芝2000,稍,,(栗),浅見秀一,2029,-0.0,7,8,8,35.1,464,+2,
,"2019. 2. 9",小倉,1小1,500万,500万下,1,1,サトノゲイル,牡,4,武豊, 56 ,11,2,１, ,ダ1700,稍,,(栗),池江泰寿,1472,-0.1,3,4,3,38.2,464,-4,
,"2019. 2. 9",小倉,1小1,500万,500万下,7,13,ワイプティアーズ,牡,4,藤田菜七,55☆,16,9,１, ,芝1800,稍,,(栗),加用正,1482,-0.2,3,3,2,35.8,512,-2,
,"2019. 2. 9",小倉,1小1,500万,500万下・牝,2,4,チタンクレバー,牝,6,荻野極, 55 ,18,13,１, ,芝1200,稍,,(美),古賀史生,1090,-0.3,,10,9,34.7,452,+14,
,"2019. 2. 9",小倉,1小1,500万,500万下,1,1,デザートストーム,牡,5,藤岡康太, 57 ,14,5,１, ,ダ1000,稍,,(栗),西浦勝一,0590,-0.2,,13,13,34.6,452,-2,
,"2019. 2. 9",小倉,1小1,500万,500万下・牝,7,7,オルノス,牝,6,西村淳也,52▲,10,2,１, ,ダ1700,稍,,(栗),鈴木孝志,1468,-0.4,2,2,2,36.2,464,+8,
,"2019. 2. 9",小倉,1小1,未勝利,未勝利,7,10,ギルマ,牡,3,武豊, 56 ,13,1,１, ,芝1800,稍,,(栗),高橋義忠,1526,-0.1,3,2,2,34.8,482,-16,
,"2019. 2. 9",小倉,1小1,未勝利,未勝利,8,16,ファイトフォーラヴ,牡,3,武豊, 56 ,18,2,１, ,芝1200,稍,,(栗),石橋守,1097,-0.5,,1,1,35.7,466,+6,
,"2019. 2. 9",小倉,1小1,未勝利,未勝利,3,3,モサ,牡,3,武豊, 56 ,11,1,１, ,ダ1700,稍,,(栗),角田晃一,1479,-0.4,3,4,4,38.7,490,-2,
,"2019. 2. 9",小倉,1小1,未勝利,未勝利,7,11,ユニキャラ,牝,3,松若風馬, 54 ,14,4,１, ,ダ1000,稍,,(栗),中竹和也,0597,-0.3,,3,2,36.8,478,-4,
,"2018. 9. 2",小倉,2小C,500万,500万下,4,7,サトノグロワール,牡,3,アヴドゥ, 54 ,16,1,１, ,芝2600,良,,(栗),池江泰寿,2387,-0.0,7,5,1,36.4,516,-4,
,"2018. 9. 2",小倉,2小C,Ｇ３,小倉２歳G3,4,6,ファンタジスト,牡,2,武豊, 54 ,14,3,１, ,芝1200,良,,(栗),梅田智之,1089,-0.3,,3,2,35.4,464,+16,
,"2018. 9. 2",小倉,2小C,1000万,西日本ス1000,5,10,スズカフリオーソ,牡,4,鮫島克駿, 57 ,16,2,１, ,ダ1700,重,,(栗),藤沢則雄,1434,-0.0,4,3,2,37.1,488,+2,B
,"2018. 9. 2",小倉,2小C,500万,若戸大橋500,5,9,ドリームソルジャー,牡,4,武豊, 57 ,16,7,１, ,芝1800,良,,(栗),渡辺薫彦,1476,-0.0,12,11,11,34.0,468,-8,
,"2018. 9. 2",小倉,2小C,500万,500万下・牝,5,9,メイショウカズヒメ,牝,4,西村淳也,52▲,18,8,１, ,芝1200,良,,(栗),南井克巳,1078,-0.1,,1,1,34.5,510,+28,
,"2018. 9. 2",小倉,2小C,500万,500万下,5,10,セルリアンアラシ,牡,4,酒井学, 57 ,16,4,１, ,ダ1700,重,,(栗),飯田雄三,1439,-0.1,4,2,2,37.3,490,+8,
,"2018. 9. 2",小倉,2小C,未勝利,未勝利,5,10,イダエンペラー,牡,3,北村友一, 56 ,18,1,１, ,芝2000,稍,,(栗),藤原英昭,2007,-0.3,4,3,1,36.0,484,+2,
,"2018. 9. 2",小倉,2小C,新馬,新馬,1,2,クロノジェネシス,牝,2,北村友一, 54 ,16,1,１, ,芝1800,稍,,(栗),斉藤崇史,1500,-0.3,4,4,4,34.5,440,,
,"2018. 9. 2",小倉,2小C,未勝利,未勝利,4,7,カリンカ,牝,3,アヴドゥ, 54 ,16,5,１, ,ダ1700,重,,(栗),佐々木晶,1448,-0.1,2,2,2,37.7,424,+8,
,"2018. 9. 2",小倉,2小C,未勝利,未勝利,7,13,リリカルドリーム,牝,3,和田竜二, 54 ,18,2,１, ,芝1200,稍,,(栗),音無秀孝,1083,-0.2,,5,3,34.7,432,+6,
,"2018. 9. 2",小倉,2小C,未勝利,未勝利,8,13,ウェーブガイア,牝,3,和田竜二, 54 ,14,1,１, ,ダ1000,重,,(栗),中尾秀正,0580,-0.0,,1,2,35.5,448,-6,
,"2018. 9. 2",小倉,2小C,未勝利,未勝利*,2,3,ヴァニラアイス,牝,2,幸英明, 54 ,18,1,１, ,芝1200,稍,,(栗),高柳大輔,1097,-0.1,,1,1,35.9,436,+4,
,"2018. 9. 1",小倉,2小B,500万,500万下,6,12,サトノグリッター,牡,3,武豊, 54 ,16,2,１, ,ダ1700,不,,(栗),吉村圭司,1435,-0.5,4,2,2,37.4,482,-8,
,"2018. 9. 1",小倉,2小B,1600万,北九州Ｈ1600,5,10,エントリーチケット,牝,4,アヴドゥ, 53 ,17,5,１, ,芝1200,重,,(栗),宮徹,1081,-0.2,,8,7,34.1,446,+6,
,"2018. 9. 1",小倉,2小B,1000万,玄海特Ｈ1000,6,9,チカノワール,牝,4,武豊, 52 ,14,3,１, ,芝2000,重,,(栗),笹田和秀,2001,-0.7,8,2,2,35.5,460,+2,
,"2018. 9. 1",小倉,2小B,500万,八幡特別500,3,5,タイセイブレーク,セ,4,武豊, 57 ,18,1,１, ,芝1200,重,,(栗),浜田多実,1084,-0.2,,3,2,34.7,492,+2,
,"2018. 9. 1",小倉,2小B,500万,500万下,3,4,アンティグラビティ,牝,3,水口優也, 53 ,14,3,１, ,ダ1000,不,,(栗),崎山博樹,0577,-0.4,,1,1,35.3,482,+8,
,"2018. 9. 1",小倉,2小B,未勝利,未勝利,1,2,レッドエクシード,牡,3,浜中俊, 56 ,16,1,１, ,芝1800,重,,(栗),松永幹夫,1487,-0.7,5,5,3,35.0,474,-4,
,"2018. 9. 1",小倉,2小B,未勝利,未勝利・牝,8,18,アドマイヤカラット,牝,3,北村友一, 54 ,18,2,１, ,芝2000,重,,(栗),西村真幸,2010,-0.2,14,10,6,36.1,408,+2,
,"2018. 9. 1",小倉,2小B,新馬,新馬,2,3,ファルトレク,牝,2,北村友一, 54 ,15,5,１, ,芝1200,重,,(栗),音無秀孝,1100,-0.7,,1,1,35.4,416,,
,"2018. 9. 1",小倉,2小B,ｵｰﾌﾟﾝ,障害・オープ,5,5,ブライアンキング,牡,6,熊沢重文, 60 ,10,8,１, ,芝2860,重,,(栗),森田直行,3091,-0.2,1,1,1,13.2,494,+6,
,"2018. 9. 1",小倉,2小B,未勝利,未勝利,6,12,ペプチドバンブー,牡,3,富田暁,54△,16,4,１, ,ダ1700,不,,(栗),武英智,1457,-0.2,12,8,6,36.9,486,+4,B
,"2018. 9. 1",小倉,2小B,未勝利,未勝利*,8,8,ミヤケ,牡,2,浜中俊, 54 ,8,1,１, ,芝2000,重,,(栗),村山明,2051,-0.3,3,3,2,35.6,456,-14,
,"2018. 9. 1",小倉,2小B,未勝利,未勝利*,6,9,ゴルヴァ,牡,2,幸英明, 54 ,14,4,１, ,ダ1000,不,,(栗),渡辺薫彦,0587,-0.3,,2,2,35.7,458,-6,
,"2018. 8.26",小倉,2小A,500万,500万下・牝,7,14,コカボムクイーン,牝,3,浜中俊, 52 ,16,1,１, ,ダ1700,良,,(栗),庄野靖志,1453,-0.2,8,2,2,38.4,478,+6,
,"2018. 8.26",小倉,2小A,ｵｰﾌﾟﾝ,小倉日経,5,5,レトロロック,牡,6,浜中俊, 56 ,8,4,１, ,芝1800,良,,(栗),中竹和也,1461,-0.3,3,3,3,34.8,486,+4,
,"2018. 8.26",小倉,2小A,1000万,別府特Ｈ1000,6,7,ファミーユボヌール,牝,4,浜中俊, 53 ,12,1,１, ,芝1200,良,,(栗),松永幹夫,1071,-0.0,,3,2,34.4,458,-4,
,"2018. 8.26",小倉,2小A,500万,鳥栖特別500,7,11,ジャックローズ,牡,3,藤岡佑介, 54 ,13,2,１, ,芝2000,良,,(栗),斉藤崇史,1594,-0.0,8,6,5,34.4,498,+2,
,"2018. 8.26",小倉,2小A,500万,500万下,2,2,ブラックランナー,牡,4,松山弘平, 57 ,14,1,１, ,ダ1000,良,*,(栗),鈴木孝志,0581,-0.5,,6,4,35.1,468,+6,
,"2018. 8.26",小倉,2小A,500万,500万下,2,4,アイスバブル,牡,3,アヴドゥ, 54 ,16,2,１, ,芝1800,良,,(栗),池江泰寿,1460,-0.3,9,8,6,35.4,452,0,
,"2018. 8.26",小倉,2小A,未勝利,未勝利,4,7,エクスパートラン,牡,3,藤懸貴志, 56 ,16,5,１, ,ダ1700,良,,(栗),小崎憲,1469,-0.3,4,3,1,38.9,456,-4,
,"2018. 8.26",小倉,2小A,新馬,新馬・牝,5,5,ジュランビル,牝,2,和田竜二, 54 ,10,1,１, ,芝1200,良,,(栗),寺島良,1095,-0.0,,5,4,34.9,456,,
,"2018. 8.26",小倉,2小A,未勝利,障害未勝利,3,3,ハルキストン,牡,3,中村将之, 58 ,11,1,１, ,芝2860,良,,(栗),浅見秀一,3104,-0.0,1,2,2,13.3,436,+4,
,"2018. 8.26",小倉,2小A,未勝利,未勝利,6,12,アイリッシュビート,牝,3,浜中俊, 54 ,18,2,１, ,芝2000,良,,(栗),斉藤崇史,1593,-0.1,11,2,2,36.3,416,0,
,"2018. 8.26",小倉,2小A,未勝利,未勝利・牝,8,16,クリストフォリ,牝,3,富田暁,52△,16,1,１, ,ダ1700,良,,(栗),安田隆行,1461,-0.0,3,2,2,38.7,496,-4,
,"2018. 8.26",小倉,2小A,未勝利,未勝利*,7,11,ラミエル,牝,2,松山弘平, 54 ,13,1,１, ,芝1200,良,,(栗),橋口慎介,1081,-0.3,,2,2,34.7,438,-4,
,"2018. 8.25",小倉,2小9,500万,500万下,1,2,レッドルドラ,牡,4,北村友一, 57 ,18,8,１, ,芝1200,良,,(栗),大久保龍,1071,-0.1,,2,2,34.1,502,+6,
,"2018. 8.25",小倉,2小9,1600万,釜山ＳＨ1600,5,5,タガノディグオ,牡,4,幸英明,57.5,10,2,１, ,ダ1700,良,,(栗),宮徹,1440,-0.3,1,1,1,36.2,526,+8,
,"2018. 8.25",小倉,2小9,1000万,西海賞1000,8,8,アルメリアブルーム,牝,4,アヴドゥ, 55 ,8,2,１, ,芝2000,良,,(栗),高橋康之,1597,-0.1,4,6,6,34.0,426,+4,
,"2018. 8.25",小倉,2小9,ｵｰﾌﾟﾝ,ひまわり,6,7,カシノティーダ,牝,2,高倉稜, 53 ,11,6,１, ,芝1200,良,,(栗),田所秀孝,1090,-0.2,,1,1,34.7,486,+4,
,"2018. 8.25",小倉,2小9,500万,500万下,2,3,トワイライトタイム,牡,3,和田竜二, 54 ,16,2,１, ,ダ1700,良,,(栗),五十嵐忠,1447,-0.3,5,3,2,37.3,470,+8,
,"2018. 8.25",小倉,2小9,未勝利,未勝利,7,14,メイショウナスカ,牝,3,太宰啓介, 54 ,18,13,１, ,芝1200,良,,(栗),高橋亮,1076,-0.1,,11,11,33.6,476,+6,
,"2018. 8.25",小倉,2小9,未勝利,未勝利,4,7,プロネルクール,牝,3,松山弘平, 54 ,16,2,１, ,ダ1700,良,,(栗),千田輝彦,1459,-0.4,2,2,2,38.3,480,+4,
,"2018. 8.25",小倉,2小9,新馬,新馬,5,5,ルタンブル,牝,2,松山弘平, 54 ,10,2,１, ,芝2000,良,,(栗),寺島良,2020,-0.0,2,2,2,34.6,440,,
,"2018. 8.25",小倉,2小9,未勝利,未勝利,4,6,ジャスパーエイト,牡,3,アヴドゥ, 56 ,14,2,１, ,ダ1000,良,,(栗),森秀行,0589,-0.1,,8,5,35.5,482,-4,
,"2018. 8.25",小倉,2小9,未勝利,未勝利,2,3,サトノジュウザ,牡,3,北村友一, 56 ,16,1,１, ,芝2600,良,*,(栗),平田修,2385,-0.3,9,2,2,36.4,466,+2,
,"2018. 8.25",小倉,2小9,未勝利,未勝利*,5,6,ジョウショームード,牡,2,秋山真一, 54 ,12,6,１, ,芝1800,良,*,(栗),服部利之,1476,-0.3,6,7,4,35.1,422,-8,
,"2018. 8.25",小倉,2小9,未勝利,未勝利・牝*,5,8,エスト,牝,2,北村友一, 54 ,14,4,１, ,芝1200,良,,(栗),安田隆行,1084,-0.1,,1,1,35.1,474,+6,
,"2018. 8.19",小倉,2小8,500万,500万下,2,3,ララメダイユドール,牡,4,和田竜二, 57 ,16,8,１, ,ダ1700,良,,(栗),今野貞一,1463,-0.0,3,4,4,36.9,512,+10,
,"2018. 8.19",小倉,2小8,Ｇ３,北九州記ＨG3,3,5,アレスバローズ,牡,6,菱田裕二, 56 ,17,6,１, ,芝1200,良,*,(栗),角田晃一,1066,-0.2,,8,6,33.5,490,0,
,"2018. 8.19",小倉,2小8,1000万,西部スポ1000,1,1,タニノフランケル,牡,3,幸英明, 54 ,7,2,１, ,芝1800,良,,(栗),中竹和也,1454,-0.7,1,1,1,34.3,512,-12,
,"2018. 8.19",小倉,2小8,1000万,戸畑特別1000,2,2,テイエムヒッタマゲ,牡,4,富田暁, 57 ,14,13,１, ,芝1200,良,,(栗),武英智,1075,-0.2,,1,1,34.0,490,-2,B
,"2018. 8.19",小倉,2小8,500万,500万下,6,10,ミスズフリオーソ,牡,3,川又賢治,52△,15,6,１, ,ダ1700,良,,(栗),木原一良,1450,-0.4,2,2,2,38.4,480,-4,
,"2018. 8.19",小倉,2小8,500万,500万下・牝,5,9,カレンシリエージョ,牝,3,松山弘平, 52 ,16,4,１, ,芝1800,良,,(栗),鈴木孝志,1464,-0.3,2,2,2,34.9,482,+14,
,"2018. 8.19",小倉,2小8,未勝利,未勝利,6,11,シャドウノエル,牝,3,北村友一, 54 ,18,2,１, ,芝1200,良,,(栗),中竹和也,1084,-0.1,,7,5,34.9,480,-8,
,"2018. 8.19",小倉,2小8,新馬,新馬,5,8,ヴィクトリアピース,牝,2,アヴドゥ, 54 ,15,1,１, ,芝1800,良,,(栗),橋口慎介,1511,-0.2,11,8,8,35.3,492,,
,"2018. 8.19",小倉,2小8,未勝利,未勝利,6,11,レッドアルディ,牡,3,松若風馬, 56 ,16,5,１, ,ダ1700,良,,(栗),松永幹夫,1476,-0.0,2,2,2,38.3,498,+12,
,"2018. 8.19",小倉,2小8,未勝利,未勝利,5,9,バイマイサイド,牡,3,アヴドゥ, 56 ,15,1,１, ,芝2000,良,,(栗),池江泰寿,1595,-0.3,6,6,5,34.8,480,+8,
,"2018. 8.19",小倉,2小8,未勝利,未勝利*,3,3,ファストアズエバー,牝,2,アヴドゥ, 54 ,11,1,１, ,芝1200,良,,(栗),牧浦充徳,1091,-0.0,,5,5,34.0,442,0,
,"2018. 8.19",小倉,2小8,未勝利,未勝利*,8,11,スタークォーツ,牝,2,荻野極,53☆,12,2,１, ,ダ1000,良,,(栗),寺島良,0596,-0.0,,3,3,36.2,468,+10,
,"2018. 8.18",小倉,2小7,500万,500万下・牝,2,4,レディバード,牝,3,北村友一, 52 ,18,10,１, ,芝1200,良,,(栗),小崎憲,1075,-0.2,,5,4,34.2,478,+6,
,"2018. 8.18",小倉,2小7,1000万,ＴＶＱＨ1000,5,10,ダンツゴウユウ,牡,4,酒井学, 56 ,16,2,１, ,ダ1700,良,*,(栗),谷潔,1444,-0.0,9,9,8,37.4,474,+4,
,"2018. 8.18",小倉,2小7,500万,英彦山特500,6,6,メイショウロセツ,牡,3,和田竜二, 54 ,10,4,１, ,芝2000,良,,(栗),河内洋,1584,-0.0,3,3,2,35.5,488,-2,
,"2018. 8.18",小倉,2小7,500万,小郡特別500,3,4,ラフィングマッチ,牡,3,太宰啓介, 54 ,14,3,１, ,芝1200,良,,(栗),北出成人,1076,-0.1,,1,1,33.9,486,-2,
,"2018. 8.18",小倉,2小7,500万,500万下,7,12,ロングベスト,牡,4,幸英明, 57 ,14,2,１, ,ダ1000,良,,(栗),大根田裕,0581,-0.2,,3,2,35.4,514,+4,
,"2018. 8.18",小倉,2小7,未勝利,未勝利,4,8,ワイプティアーズ,牡,3,松山弘平, 56 ,16,6,１, ,芝1800,良,*,(栗),加用正,1467,-0.0,7,7,2,34.9,500,-8,
,"2018. 8.18",小倉,2小7,未勝利,未勝利・牝,1,1,クロフネプリンセス,牝,3,義英真,53☆,16,11,１, ,ダ1700,良,,(栗),高橋康之,1476,-0.1,3,3,3,39.6,430,0,
,"2018. 8.18",小倉,2小7,新馬,新馬,5,8,アズマヘリテージ,牝,2,荻野極,53☆,14,3,１, ,芝1200,良,,(栗),河内洋,1096,-0.0,,6,6,35.4,448,,
,"2018. 8.18",小倉,2小7,ｵｰﾌﾟﾝ,障害・オープ,7,7,スズカチャンプ,牡,9,田村太雅, 60 ,8,6,１, ,芝2860,良,,(栗),羽月友彦,3112,-0.2,4,2,2,13.4,488,0,
,"2018. 8.18",小倉,2小7,未勝利,未勝利,6,10,ファニーバニー,牝,3,浜中俊, 54 ,14,1,１, ,ダ1000,良,,(栗),藤岡健一,0587,-0.6,,1,1,36.0,446,-6,
,"2018. 8.18",小倉,2小7,未勝利,未勝利*,4,4,ダノンチェイサー,牡,2,アヴドゥ, 54 ,6,3,１, ,芝1800,良,,(栗),池江泰寿,1476,-0.2,3,3,3,34.7,466,-6,
,"2018. 8.18",小倉,2小7,未勝利,障害未勝利,4,4,メイショウダッサイ,牡,5,森一馬, 60 ,9,4,１, ,芝2860,良,*,(栗),飯田祐史,3125,-0.2,2,2,1,13.5,504,+6,
,"2018. 8.12",小倉,2小6,500万,500万下・牝,1,1,ケールダンセール,牝,3,北村友一, 52 ,16,2,１, ,ダ1700,良,,(栗),池添学,1453,-0.0,6,4,3,38.5,508,+20,
,"2018. 8.12",小倉,2小6,1600万,博多ＳＨ1600,7,7,スズカディープ,セ,6,浜中俊, 54 ,7,6,１, ,芝2000,良,,(栗),橋田満,1581,-0.2,3,3,3,34.4,414,-2,B
,"2018. 8.12",小倉,2小6,1000万,西部日刊1000,6,8,アレット,セ,7,酒井学, 57 ,13,7,１, ,ダ1000,良,,(栗),岡田稲男,0579,-0.3,,2,2,35.1,512,-8,
,"2018. 8.12",小倉,2小6,500万,筑後川特500,3,3,ウインミレーユ,牝,5,幸英明, 55 ,9,7,１, ,芝1800,良,*,(栗),梅田智之,1466,-0.1,8,7,8,34.2,458,+6,
,"2018. 8.12",小倉,2小6,500万,500万下,7,7,メールドグラース,牡,3,北村友一, 54 ,10,1,１, ,芝2000,良,,(栗),清水久詞,1595,-0.2,6,4,5,34.7,470,+8,B
,"2018. 8.12",小倉,2小6,500万,500万下,4,5,アッティーヴォ,牡,4,幸英明, 57 ,14,1,１, ,ダ1000,良,,(栗),大根田裕,0581,-0.3,,5,4,35.4,462,+10,
,"2018. 8.12",小倉,2小6,未勝利,未勝利,4,5,ピボットポイント,牡,3,荻野極,55☆,13,2,１, ,芝2000,良,,(栗),友道康夫,1593,-0.0,3,3,2,36.0,460,0,
,"2018. 8.12",小倉,2小6,新馬,新馬,7,7,タムロドリーム,牝,2,幸英明, 54 ,10,1,１, ,芝1200,良,,(栗),西園正都,1092,-0.0,,1,1,36.0,466,,
,"2018. 8.12",小倉,2小6,未勝利,障害未勝利,2,2,ファントムライト,牡,9,高田潤, 60 ,7,1,１, ,芝2860,良,,(栗),藤原英昭,3076,-0.0,4,3,2,13.1,500,-4,
,"2018. 8.12",小倉,2小6,未勝利,未勝利・牝,6,12,エヴァイエ,牝,3,幸英明, 54 ,16,1,１, ,芝1200,良,,(栗),角田晃一,1086,-0.1,,2,2,35.2,472,+6,
,"2018. 8.12",小倉,2小6,未勝利,未勝利,4,7,ガッツィーソート,牡,3,幸英明, 56 ,16,1,１, ,ダ1700,良,,(栗),鈴木孝志,1465,-0.3,12,3,2,38.0,490,-14,
,"2018. 8.12",小倉,2小6,未勝利,未勝利*,5,6,マイネルエイブ,牡,2,アヴドゥ, 54 ,13,3,１, ,芝1200,良,,(栗),西園正都,1090,-0.2,,5,3,35.2,472,+6,
,"2018. 8.11",小倉,2小5,500万,500万下,1,1,ミトノアミーゴ,牡,3,松山弘平, 54 ,18,4,１, ,芝1200,良,,(栗),崎山博樹,1077,-0.1,,14,10,33.7,452,+2,
,"2018. 8.11",小倉,2小5,ｵｰﾌﾟﾝ,阿蘇ＳＨ,8,8,コパノチャーリー,牡,6,浜中俊, 55 ,8,1,１, ,ダ1700,良,,(栗),村山明,1431,-0.0,1,1,1,36.4,520,+4,
,"2018. 8.11",小倉,2小5,1000万,宮崎特別1000,5,5,ドミナートゥス,牡,3,北村友一, 54 ,8,1,１, ,芝2000,良,,(栗),宮本博,2001,-0.1,2,2,1,34.3,482,+4,
,"2018. 8.11",小倉,2小5,500万,500万下,5,10,スズカフロンティア,牡,4,アヴドゥ, 57 ,16,7,１, ,ダ1700,良,,(栗),橋田満,1448,-0.1,3,2,2,38.4,426,+4,
,"2018. 8.11",小倉,2小5,ｵｰﾌﾟﾝ,フェニッ,3,3,シングルアップ,牡,2,松山弘平, 54 ,7,1,１, ,芝1200,良,,(栗),寺島良,1084,-0.2,,1,1,35.1,532,+14,
,"2018. 8.11",小倉,2小5,未勝利,未勝利,5,9,ウインイノベーター,牡,3,アヴドゥ, 56 ,16,1,１, ,芝1800,良,,(栗),西園正都,1480,-0.2,4,5,6,35.5,448,+2,
,"2018. 8.11",小倉,2小5,未勝利,未勝利,5,10,レジーナファースト,牝,3,北村友一, 54 ,18,8,１, ,芝1200,良,*,(栗),森田直行,1074,-0.6,,9,7,34.0,458,-4,
,"2018. 8.11",小倉,2小5,新馬,新馬,4,4,エイシンノホシ,牝,2,松山弘平, 54 ,12,2,１, ,ダ1000,良,,(栗),沖芳夫,1000,-0.2,,1,1,36.7,464,,
,"2018. 8.11",小倉,2小5,未勝利,未勝利・牝,6,8,レッドアルジーヌ,牝,3,松山弘平, 54 ,12,1,１, ,芝2000,良,,(栗),笹田和秀,1597,-0.2,2,2,2,36.4,446,0,
,"2018. 8.11",小倉,2小5,未勝利,未勝利,8,14,ナンクルナイサー,牝,3,川須栄彦, 54 ,14,2,１, ,ダ1000,良,,(栗),宮徹,0590,-0.3,,1,1,36.1,450,-4,
,"2018. 8.11",小倉,2小5,未勝利,未勝利*,8,8,オーシャンスケイプ,牝,2,北村友一, 54 ,9,2,１, ,芝1800,良,*,(栗),西村真幸,1482,-0.4,2,2,2,35.8,402,-6,
,"2018. 8.11",小倉,2小5,未勝利,未勝利・九*,7,7,ダンツブライト,牝,2,幸英明, 54 ,10,3,１, ,芝1200,良,,(栗),谷潔,1101,-0.0,,1,1,35.6,452,-24,
,"2018. 8. 5",小倉,2小4,500万,筑紫特別500,8,14,ジョイフル,牡,4,Ｍ．デム, 57 ,14,1,１, ,芝1200,良,,(栗),吉村圭司,1074,-0.1,,7,9,33.4,504,-6,
,"2018. 8. 5",小倉,2小4,Ｇ３,小倉記念ＨG3,8,11,トリオンフ,セ,4,武豊, 57 ,12,1,１, ,芝2000,良,,(栗),須貝尚介,1569,-0.5,2,2,1,33.5,532,+2,
,"2018. 8. 5",小倉,2小4,1000万,天草特別1000,3,3,ディグニファイド,セ,6,丸田恭介, 57 ,10,7,１, ,ダ1700,良,,(栗),斉藤崇史,1454,-0.2,2,2,2,38.0,530,+8,B
,"2018. 8. 5",小倉,2小4,500万,青島特別500,7,7,サラキア,牝,3,北村友一, 52 ,10,1,１, ,芝1700,良,,(栗),池添学,1395,-0.6,10,4,3,34.0,446,+10,
,"2018. 8. 5",小倉,2小4,500万,500万下,2,2,ダノンプレシャス,牡,5,浜中俊, 57 ,15,8,１, ,ダ1700,良,,(栗),中竹和也,1454,-0.1,2,2,2,37.3,466,+2,B
,"2018. 8. 5",小倉,2小4,未勝利,未勝利,7,13,マセラシオン,牝,3,富田暁,52△,18,9,１, ,芝2000,良,*,(栗),平田修,1591,-0.4,16,14,9,34.4,442,+4,
,"2018. 8. 5",小倉,2小4,新馬,新馬・牝,6,6,ディーブラッド,牝,2,武豊, 54 ,8,2,１, ,芝1200,良,,(栗),松永幹夫,1092,-0.4,,4,3,33.7,422,,
,"2018. 8. 5",小倉,2小4,新馬,新馬,8,15,ヴェロックス,牡,2,浜中俊, 54 ,16,1,１, ,芝1800,良,,(栗),中内田充,1487,-1.3,4,3,2,34.2,492,,
,"2018. 8. 5",小倉,2小4,未勝利,障害未勝利,5,5,ラヴアンドポップ,牡,5,高田潤, 60 ,8,1,１, ,芝2860,良,,(栗),安田隆行,3136,-0.1,3,2,2,13.5,480,0,
,"2018. 8. 5",小倉,2小4,未勝利,未勝利,6,11,エイシンレーザー,牡,3,和田竜二, 56 ,16,1,１, ,ダ1700,良,,(栗),川村禎彦,1462,-1.6,3,2,1,38.6,480,-6,
,"2018. 8. 5",小倉,2小4,未勝利,未勝利,1,1,アンティグラビティ,牝,3,水口優也, 54 ,14,8,１, ,ダ1000,良,,(栗),崎山博樹,0590,-0.0,,1,1,36.4,474,-2,
,"2018. 8. 5",小倉,2小4,未勝利,未勝利*,3,3,ルチアーナミノル,牝,2,武豊, 54 ,11,1,１, ,芝1200,良,*,(栗),本田優,1082,-0.5,,1,1,34.3,478,-4,
,"2018. 8. 4",小倉,2小3,500万,500万下,4,4,ミスズマンボ,牝,5,荻野極,54☆,11,5,１, ,ダ1000,良,,(栗),安田翔伍,0587,-0.2,,4,3,35.2,444,-10,
,"2018. 8. 4",小倉,2小3,1000万,九州スポ1000,6,6,エントリーチケット,牝,4,アヴドゥ, 55 ,11,5,１, ,芝1200,良,,(栗),宮徹,1077,-0.0,,9,8,33.5,440,+4,
,"2018. 8. 4",小倉,2小3,500万,指宿特別500,1,1,スズカフリオーソ,牡,4,鮫島克駿, 57 ,12,2,１, ,ダ1700,良,,(栗),藤沢則雄,1444,-0.5,4,3,3,36.4,486,-10,B
,"2018. 8. 4",小倉,2小3,500万,都井岬特500,5,7,センテリュオ,牝,3,北村友一, 52 ,13,2,１, ,芝2000,良,,(栗),高野友和,1576,-0.2,10,9,6,34.5,448,+2,
,"2018. 8. 4",小倉,2小3,500万,500万下,2,2,エイシンデジタル,牡,3,和田竜二, 54 ,14,4,１, ,芝1800,良,,(栗),西園正都,1467,-0.3,3,3,3,34.4,510,-4,
,"2018. 8. 4",小倉,2小3,未勝利,未勝利,6,12,プリズマティコ,牝,3,川又賢治,52△,18,11,１, ,芝1200,良,,(栗),清水久詞,1084,-0.3,,2,2,34.5,454,+2,
,"2018. 8. 4",小倉,2小3,未勝利,未勝利・牝,1,1,メイショウハニー,牝,3,幸英明, 54 ,16,2,１, ,ダ1700,良,,(栗),藤沢則雄,1471,-0.0,7,7,7,37.9,406,-8,
,"2018. 8. 4",小倉,2小3,新馬,新馬,8,12,ミヤジシルフィード,牡,2,和田竜二, 54 ,12,1,１, ,芝1200,良,,(栗),川村禎彦,1092,-0.1,,3,2,34.8,484,,
,"2018. 8. 4",小倉,2小3,未勝利,未勝利・牝,4,8,センティフォリア,牝,3,浜中俊, 54 ,16,9,１, ,芝1800,良,,(栗),田所秀孝,1467,-0.3,9,1,1,35.0,448,-2,
,"2018. 8. 4",小倉,2小3,未勝利,未勝利,1,1,サンライズローリエ,牡,3,松山弘平, 56 ,16,4,１, ,ダ1700,良,,(栗),崎山博樹,1452,-0.7,1,1,1,37.1,464,+6,
,"2018. 8. 4",小倉,2小3,未勝利,未勝利*,8,8,ヤマニンマヒア,牡,2,武豊, 54 ,9,1,１, ,芝1800,良,,(栗),松永幹夫,1469,-0.2,3,3,1,35.4,430,+2,
,"2018. 8. 4",小倉,2小3,未勝利,未勝利・九*,7,10,テイエムノサッタ,牝,2,田中健, 54 ,12,9,１, ,芝1200,良,,(栗),浜田多実,1091,-0.0,,8,7,34.4,448,+2,
,"2018. 7.29",小倉,2小2,500万,500万下,6,6,シャルルマーニュ,牡,3,富田暁,52△,9,6,１, ,芝1800,稍,,(栗),清水久詞,1484,-0.8,2,2,1,36.9,478,0,
,"2018. 7.29",小倉,2小2,1600万,佐世保Ｓ1600,8,12,オールポッシブル,牝,4,荻野極, 55 ,13,4,１, ,芝1200,稍,*,(栗),高橋亮,1086,-0.1,,1,1,34.5,492,-6,
,"2018. 7.29",小倉,2小2,1000万,不知火Ｈ1000,5,7,タイセイアプローズ,牡,6,松山弘平, 55 ,13,7,１, ,芝1800,良,,(栗),宮本博,1473,-0.2,7,9,9,34.7,484,-4,
,"2018. 7.29",小倉,2小2,1000万,響灘特別1000,6,8,テルペリオン,牡,4,松若風馬, 57 ,12,1,１, ,ダ1700,稍,,(栗),寺島良,1446,-0.3,3,4,4,37.3,516,+2,
,"2018. 7.29",小倉,2小2,500万,500万下・牝,4,7,ファミーユボヌール,牝,4,鮫島克駿, 55 ,17,3,１, ,芝1200,良,,(栗),松永幹夫,1078,-0.1,,5,5,33.8,462,+10,
,"2018. 7.29",小倉,2小2,500万,500万下,4,8,イシュトヴァーン,牡,3,松山弘平, 54 ,16,1,１, ,ダ1700,良,,(栗),石坂正,1448,-0.0,1,1,1,37.9,524,+8,
,"2018. 7.29",小倉,2小2,新馬,新馬,4,4,アーデントリー,牡,2,和田竜二, 54 ,8,7,１, ,芝1200,良,,(栗),川村禎彦,1104,-0.0,,2,2,35.4,436,,
,"2018. 7.29",小倉,2小2,新馬,新馬・九,4,8,コチョウジュニア,牡,2,荻野極,53☆,16,4,１, ,芝1200,良,,(美),本間忍,1109,-0.2,,2,2,35.2,452,,
,"2018. 7.29",小倉,2小2,未勝利,未勝利・牝,4,7,ローズベリル,牝,3,川又賢治,52△,16,4,１, ,ダ1700,良,,(栗),高野友和,1476,-0.1,2,2,2,39.8,488,+8,
,"2018. 7.29",小倉,2小2,未勝利,未勝利,5,10,スマートレイブン,牡,3,武豊, 56 ,16,5,１, ,芝2000,良,,(栗),池江泰寿,1591,-0.5,9,7,3,35.3,460,0,
,"2018. 7.29",小倉,2小2,未勝利,未勝利,4,6,ノボリレーヴ,牝,3,鮫島良太, 54 ,14,10,１, ,ダ1000,良,,(栗),松永昌博,0596,-0.3,,5,3,36.1,446,-2,
,"2018. 7.29",小倉,2小2,未勝利,未勝利*,4,4,オーパキャマラード,牝,2,和田竜二, 54 ,6,1,１, ,芝1200,良,,(栗),本田優,1091,-0.2,,4,4,34.7,474,+4,
,"2018. 7.28",小倉,2小1,500万,500万下,7,11,スターペスマリア,牝,4,川又賢治,53△,14,4,１, ,ダ1000,良,,(栗),石橋守,0590,-0.1,,3,3,35.3,492,+14,
,"2018. 7.28",小倉,2小1,1600万,薩摩Ｓ1600,4,4,ウェスタールンド,セ,6,北村友一, 57 ,10,1,１, ,ダ1700,良,,(栗),佐々木晶,1436,-0.4,8,2,2,36.1,482,-6,
,"2018. 7.28",小倉,2小1,1000万,由布院特1000,7,10,エイシンデネブ,牝,3,鮫島克駿, 52 ,13,2,１, ,芝1200,良,,(栗),坂口正則,1069,-0.6,,6,5,33.3,430,-4,
,"2018. 7.28",小倉,2小1,500万,国東特別500,3,3,ミスディレクション,セ,4,太宰啓介, 57 ,8,4,１, ,芝2000,良,,(栗),武幸四郎,1591,-0.2,1,1,1,34.8,484,+2,
,"2018. 7.28",小倉,2小1,ＪＧ３,小倉サマJG3,2,2,ヨカグラ,セ,5,西谷誠, 60 ,11,6,１, ,芝3390,良,,(栗),中竹和也,3413,-0.4,3,1,1,13.1,480,0,
,"2018. 7.28",小倉,2小1,500万,500万下,4,7,キラーコンテンツ,牡,4,北村友一, 57 ,18,1,１, ,芝1200,良,,(栗),藤原英昭,1078,-0.2,,5,3,33.9,480,+2,
,"2018. 7.28",小倉,2小1,500万,500万下・牝,7,14,グアン,牝,3,武豊, 52 ,16,1,１, ,ダ1700,良,,(栗),武幸四郎,1448,-0.4,2,2,1,37.1,454,0,
,"2018. 7.28",小倉,2小1,新馬,新馬,5,5,ブルベアオーロ,牡,2,幸英明, 54 ,8,2,１, ,芝1200,良,,(栗),川村禎彦,1094,-0.2,,2,2,33.8,446,,
,"2018. 7.28",小倉,2小1,未勝利,未勝利,6,12,ミーティアトレイル,牡,3,川又賢治,54△,16,13,１, ,芝1800,良,,(栗),池添学,1461,-0.0,9,7,5,34.3,446,+10,
,"2018. 7.28",小倉,2小1,未勝利,未勝利,3,5,ピースフルウィーク,牝,3,鮫島克駿, 54 ,18,8,１, ,芝1200,良,,(栗),宮徹,1085,-0.0,,5,3,34.5,410,+4,
,"2018. 7.28",小倉,2小1,未勝利,未勝利,5,10,ウインインペリアル,牡,3,松山弘平, 56 ,16,5,１, ,ダ1700,良,,(栗),鮫島一歩,1463,-0.0,7,2,2,39.3,488,-10,
,"2018. 7.28",小倉,2小1,未勝利,未勝利*,2,2,ディアンドル,牝,2,北村友一, 54 ,8,1,１, ,芝1200,良,,(栗),奥村豊,1087,-0.2,,1,1,35.0,474,-4,
,"2018. 3. 4",小倉,1小8,500万,八代特別500,8,11,タイセイブレーク,セ,4,丸山元気, 57 ,11,2,１, ,芝1200,良,,(栗),浜田多実,1082,-0.3,,11,9,33.5,498,-2,
,"2018. 3. 4",小倉,1小8,1000万,太宰府特1000,7,12,ダンツペンダント,牝,5,和田翼, 55 ,14,6,１, ,芝1800,良,,(栗),本田優,1474,-0.0,1,1,1,35.8,506,-4,
,"2018. 3. 4",小倉,1小8,500万,萌黄賞500*,4,8,モズスーパーフレア,牝,3,中谷雄太, 54 ,18,4,１, ,芝1200,良,,(栗),音無秀孝,1083,-0.2,,1,1,35.4,482,+16,
,"2018. 3. 4",小倉,1小8,500万,500万下・牝,7,12,ピンキージョーンズ,牝,4,丹内祐次, 55 ,14,6,１, ,ダ1700,良,,(美),清水英克,1477,-0.0,1,1,1,39.2,440,+4,
,"2018. 3. 4",小倉,1小8,500万,500万下,8,11,マイネルパンドーロ,牡,4,丹内祐次, 57 ,12,3,１, ,芝2000,良,,(美),田中清隆,2010,-0.0,2,2,3,35.6,472,+2,
,"2018. 3. 4",小倉,1小8,500万,500万下,3,4,シゲルタイガー,牡,4,吉田隼人, 57 ,15,4,１, ,芝1200,良,,(美),伊藤圭三,1084,-0.0,,2,2,35.1,514,0,
,"2018. 3. 4",小倉,1小8,500万,500万下,6,11,リキサンダイオー,牡,5,黛弘人, 57 ,16,3,１, ,ダ2400,良,*,(美),奥平雅士,2336,-1.0,2,2,2,40.0,464,0,
,"2018. 3. 4",小倉,1小8,未勝利,未勝利,3,5,マハヴィル,牡,3,松山弘平, 56 ,16,7,１, ,芝1800,良,,(栗),池江泰寿,1486,-0.3,12,10,7,35.5,440,,
,"2018. 3. 4",小倉,1小8,未勝利,未勝利,3,6,ステラローザ,牝,3,中谷雄太, 54 ,18,2,１, ,芝1200,良,,(栗),斉藤崇史,1088,-0.4,,1,2,35.5,444,0,B
,"2018. 3. 4",小倉,1小8,未勝利,未勝利・牝,3,5,トーホウアルテミス,牝,3,松若風馬, 54 ,18,4,１, ,芝2000,良,,(栗),谷潔,2003,-0.2,2,2,2,36.4,464,-8,
,"2018. 3. 4",小倉,1小8,500万,500万下,1,1,クリノレオノール,牝,4,嶋田純次, 55 ,13,7,１, ,ダ1000,良,,(美),星野忍,0595,-0.1,,6,4,36.4,442,+2,
,"2018. 3. 4",小倉,1小8,未勝利,未勝利,6,12,テーオーフォース,牡,3,菱田裕二, 56 ,16,2,１, ,ダ1700,良,,(栗),岡田稲男,1469,-1.9,3,2,1,37.9,474,+4,
,"2018. 3. 3",小倉,1小7,500万,唐戸特別500,5,5,ジョーアラビカ,牡,4,松若風馬, 57 ,11,2,１, ,芝1800,良,,(栗),沖芳夫,1471,-0.1,8,8,6,35.1,504,+4,
,"2018. 3. 3",小倉,1小7,1000万,早鞆特Ｈ1000,8,16,タガノグルナ,牡,4,菱田裕二, 54 ,16,7,１, ,ダ1700,良,,(栗),大根田裕,1459,-0.5,1,1,1,38.7,466,-16,
,"2018. 3. 3",小倉,1小7,500万,呼子特別500,5,6,シャインブライト,牡,5,木幡巧也, 57 ,12,8,１, ,芝2600,良,,(美),畠山吉宏,2388,-0.1,8,10,5,36.3,482,0,
,"2018. 3. 3",小倉,1小7,500万,500万下,5,8,リナーテ,牝,4,藤岡康太, 55 ,15,1,１, ,芝1200,良,,(栗),須貝尚介,1081,-0.1,,9,8,33.4,470,0,
,"2018. 3. 3",小倉,1小7,500万,500万下・牝,5,5,ドロウアカード,牝,4,バルジュ, 55 ,10,2,１, ,芝2000,良,,(栗),角田晃一,2015,-0.2,1,1,1,36.0,456,0,
,"2018. 3. 3",小倉,1小7,500万,500万下,7,12,ハリケーンバローズ,牡,5,バルジュ, 57 ,15,1,１, ,ダ1700,良,,(栗),角居勝彦,1456,-0.2,2,2,2,39.0,556,+16,
,"2018. 3. 3",小倉,1小7,500万,500万下・牝,2,2,オリエンタルダンス,牝,6,富田暁,52▲,14,2,１, ,ダ1000,良,,(栗),佐々木晶,0596,-0.3,,1,1,37.0,456,-12,
,"2018. 3. 3",小倉,1小7,未勝利,未勝利,8,17,ロンス,牝,3,富田暁,51▲,18,2,１, ,芝1200,良,,(栗),松永昌博,1087,-0.0,,2,1,35.1,458,0,
,"2018. 3. 3",小倉,1小7,未勝利,未勝利,7,14,メールドグラース,牡,3,藤岡佑介, 56 ,18,3,１, ,芝2000,良,,(栗),清水久詞,2011,-0.2,15,9,4,36.0,466,+2,B
,"2018. 3. 3",小倉,1小7,未勝利,未勝利・牝,2,3,イエローマリンバ,牝,3,幸英明, 54 ,18,1,１, ,芝1200,良,,(栗),河内洋,1081,-0.1,,1,1,35.0,430,-6,
,"2018. 3. 3",小倉,1小7,未勝利,未勝利,1,1,ベルフロレゾン,牝,3,藤岡康太, 54 ,16,7,１, ,ダ1700,良,,(栗),高橋義忠,1488,-0.3,6,4,2,38.8,416,+2,
,"2018. 3. 3",小倉,1小7,未勝利,未勝利,6,9,ライクアジャーニー,牝,3,小崎綾也,53☆,14,3,１, ,ダ1000,良,,(栗),吉村圭司,0595,-0.2,,1,1,36.6,464,-6,
,"2018. 2.25",小倉,1小6,1000万,周防灘Ｈ1000,3,5,ロイヤルメジャー,牝,4,柴山雄一, 54 ,18,2,１, ,芝1200,良,,(栗),山内研二,1077,-0.1,,1,1,34.2,452,-2,
,"2018. 2.25",小倉,1小6,1600万,関門橋Ｓ1600,7,9,レトロロック,牡,6,酒井学, 57 ,11,3,１, ,芝1800,良,*,(栗),角居勝彦,1452,-0.0,6,4,3,34.0,478,-8,
,"2018. 2.25",小倉,1小6,500万,小倉城特500,4,4,レッドカイザー,セ,7,北村友一, 57 ,12,4,１, ,芝2000,良,,(栗),寺島良,1590,-0.3,2,2,2,34.6,490,-6,
,"2018. 2.25",小倉,1小6,500万,500万下,4,7,ドルチェリア,セ,5,岡田祥嗣, 57 ,16,1,１, ,ダ1700,良,,(栗),笹田和秀,1468,-0.1,3,2,2,37.5,520,+16,
,"2018. 2.25",小倉,1小6,500万,500万下,6,11,オルロフ,牡,6,丸山元気, 57 ,18,14,１, ,芝1200,良,,(栗),鮫島一歩,1079,-0.5,,5,4,33.7,516,-8,
,"2018. 2.25",小倉,1小6,500万,500万下,5,10,ムイトオブリガード,牡,4,藤岡佑介, 56 ,16,1,１, ,芝2600,良,,(栗),角田晃一,2378,-0.7,1,1,1,34.7,492,0,
,"2018. 2.25",小倉,1小6,500万,500万下・牝,6,11,エキドナ,牝,5,森裕太朗,53△,16,4,１, ,ダ1700,良,,(栗),山内研二,1466,-0.3,11,9,6,37.8,492,+2,
,"2018. 2.25",小倉,1小6,未勝利,未勝利,8,15,アリストライン,牝,3,北村友一, 54 ,16,2,１, ,芝1800,良,,(栗),高野友和,1476,-0.0,14,11,7,35.0,454,-10,
,"2018. 2.25",小倉,1小6,未勝利,未勝利,8,17,コーラルリーフ,牝,3,秋山真一, 54 ,18,2,１, ,芝1200,良,,(栗),宮本博,1090,-0.1,,1,1,35.4,430,+6,
,"2018. 2.25",小倉,1小6,未勝利,未勝利・牝,2,3,レオコックブルー,牝,3,川須栄彦, 54 ,16,4,１, ,芝1800,良,,(栗),牧田和弥,1481,-0.1,4,3,2,34.5,430,0,
,"2018. 2.25",小倉,1小6,500万,500万下,6,9,リガス,牡,4,富田暁,54▲,14,1,１, ,ダ1000,良,,(栗),池添兼雄,0594,-0.2,,1,1,36.6,524,+2,
,"2018. 2.25",小倉,1小6,未勝利,未勝利,5,10,サンライズナイト,牡,3,北村友一, 56 ,16,1,１, ,ダ1700,良,,(栗),石坂正,1482,-0.0,6,3,3,39.3,472,+2,
,"2018. 2.24",小倉,1小5,500万,合馬特別500,8,15,ショウナンアヴィド,牡,5,藤岡康太, 57 ,17,4,１, ,芝1200,良,,(栗),須貝尚介,1079,-0.3,,5,2,33.5,496,+4,B
,"2018. 2.24",小倉,1小5,1000万,皿倉山特1000,5,5,テーオーフォルテ,牡,4,藤岡佑介, 56 ,12,1,１, ,芝2600,良,,(栗),藤岡健一,2383,-0.4,5,3,2,34.7,506,-10,
,"2018. 2.24",小倉,1小5,500万,くすのき500*,8,15,コマビショウ,牡,3,藤岡康太, 56 ,16,2,１, ,ダ1700,良,,(栗),南井克巳,1462,-0.6,6,5,3,37.3,498,-4,
,"2018. 2.24",小倉,1小5,500万,500万下・牝,6,12,トワイライトライフ,牝,4,木幡初也,54☆,18,6,１, ,芝1200,良,,(美),黒岩陽一,1081,-0.0,,4,4,34.3,458,-6,
,"2018. 2.24",小倉,1小5,500万,500万下,5,9,ロードスター,牡,5,藤岡佑介, 57 ,16,2,１, ,芝1800,良,,(栗),中内田充,1459,-0.2,4,4,4,34.2,502,+8,
,"2018. 2.24",小倉,1小5,500万,500万下,5,8,メイショウナンプウ,牡,4,城戸義政,55☆,14,1,１, ,ダ1700,良,,(栗),荒川義之,1459,-0.0,8,2,2,37.8,480,-4,B
,"2018. 2.24",小倉,1小5,500万,500万下・牝,1,1,ヨシノザクラ,牝,5,柴山雄一, 55 ,12,2,１, ,芝1800,良,,(美),萩原清,1465,-0.2,8,7,6,34.1,464,+4,
,"2018. 2.24",小倉,1小5,500万,500万下,6,9,ホウロクダマ,牡,4,森裕太朗,55△,14,5,１, ,ダ1000,良,,(栗),中竹和也,0596,-0.2,,2,1,36.6,556,-6,
,"2018. 2.24",小倉,1小5,未勝利,未勝利,6,11,フィールインラヴ,牡,3,鮫島克駿, 56 ,18,7,１, ,芝2000,良,,(栗),浅見秀一,2002,-0.2,12,11,9,35.3,438,0,
,"2018. 2.24",小倉,1小5,未勝利,未勝利,1,2,アップファーレン,牝,3,藤田菜七,51▲,18,2,１, ,芝1200,良,,(栗),友道康夫,1089,-0.0,,1,1,35.6,484,+2,
,"2018. 2.24",小倉,1小5,未勝利,未勝利,6,9,ライオンボス,牡,3,北村友一, 56 ,14,5,１, ,ダ1000,良,*,(美),和田正道,0598,-0.8,,1,1,36.8,518,-2,
,"2018. 2.24",小倉,1小5,未勝利,未勝利・牝,1,1,ピッパ,牝,3,松若風馬, 54 ,15,3,１, ,ダ1700,良,,(栗),杉山晴紀,1488,-0.1,4,4,2,39.3,472,+2,
,"2018. 2.18",小倉,1小4,1000万,紫川特別1000,6,12,ラヴィングアンサー,牡,4,北村友一, 57 ,18,4,１, ,芝1200,良,,(栗),石坂正,1080,-0.3,,12,12,33.4,496,0,
,"2018. 2.18",小倉,1小4,Ｇ３,小倉大賞ＨG3,7,13,トリオンフ,セ,4,川田将雅, 54 ,16,1,１, ,芝1800,良,,(栗),須貝尚介,1461,-0.4,5,3,2,34.2,532,-8,
,"2018. 2.18",小倉,1小4,500万,日田特別500,6,7,アルマレイモミ,牝,5,津村明秀, 55 ,12,6,１, ,芝2000,良,,(栗),西浦勝一,2004,-0.1,9,6,3,36.0,450,-6,
,"2018. 2.18",小倉,1小4,500万,500万下,3,5,ヘヴントゥナイト,牡,4,松若風馬, 56 ,16,3,１, ,ダ1700,良,,(栗),杉山晴紀,1455,-0.4,3,3,2,38.2,478,+2,
,"2018. 2.18",小倉,1小4,500万,500万下,2,4,マイネルズイーガー,牡,4,丹内祐次, 56 ,16,4,１, ,芝1800,良,*,(美),武藤善則,1472,-0.4,1,1,1,36.2,496,-8,
,"2018. 2.18",小倉,1小4,500万,500万下,1,2,ドウディ,牡,4,吉田隼人, 57 ,18,2,１, ,芝1200,良,,(美),佐藤吉勝,1084,-0.1,,14,12,34.3,488,+2,
,"2018. 2.18",小倉,1小4,500万,500万下,8,15,ピエナクルーズ,牡,5,和田竜二, 57 ,15,2,１, ,ダ2400,良,,(栗),飯田祐史,2342,-0.1,11,8,7,38.4,454,-4,
,"2018. 2.18",小倉,1小4,新馬,新馬,4,7,ダンサール,牝,3,木幡巧也,53☆,17,4,１, ,芝2000,良,,(栗),須貝尚介,2027,-0.3,1,1,1,35.4,504,,
,"2018. 2.18",小倉,1小4,未勝利,未勝利・牝,3,5,トーホウガーベラ,牝,3,横山武史,51▲,18,5,１, ,芝1200,良,,(栗),南井克巳,1092,-0.2,,2,2,35.4,444,-12,
,"2018. 2.18",小倉,1小4,未勝利,未勝利,6,6,グレートウォリアー,牡,3,川田将雅, 56 ,10,1,１, ,芝2000,良,,(栗),藤原英昭,2024,-0.0,5,4,4,34.8,506,-4,
,"2018. 2.18",小倉,1小4,500万,500万下,3,4,トキワ,牝,6,松若風馬, 55 ,14,8,１, ,ダ1000,稍,,(栗),西村真幸,0589,-0.3,,2,2,36.2,468,-10,
,"2018. 2.18",小倉,1小4,未勝利,未勝利,8,14,ソウルセイバー,牡,3,北村友一, 56 ,15,2,１, ,ダ1700,稍,,(栗),中竹和也,1480,-0.2,7,1,2,39.6,520,0,
,"2018. 2.17",小倉,1小3,500万,大牟田特500,6,12,ピナクルズ,セ,5,小崎綾也, 57 ,18,8,１, ,芝1200,良,,(栗),牧田和弥,1088,-0.0,,1,1,34.9,494,-6,B
,"2018. 2.17",小倉,1小3,1000万,和布刈特1000,3,3,クレマンダルザス,セ,5,藤岡康太, 57 ,14,2,１, ,ダ1700,稍,,(栗),松永幹夫,1443,-0.2,10,11,8,36.5,466,+8,
,"2018. 2.17",小倉,1小3,500万,かささぎ500*,6,11,ラブカンプー,牝,3,松山弘平, 54 ,18,1,１, ,芝1200,良,,(栗),森田直行,1090,-0.1,,1,1,35.1,430,+4,
,"2018. 2.17",小倉,1小3,500万,500万下,4,6,アグネスリバティ,牡,5,荻野琢真, 57 ,14,2,１, ,芝2000,良,,(栗),宮本博,1594,-0.2,3,4,4,35.4,474,-14,
,"2018. 2.17",小倉,1小3,500万,500万下,5,10,ヒルノサルバドール,牡,5,横山武史,54▲,16,4,１, ,ダ1700,稍,,(栗),昆貢,1452,-0.2,1,2,1,37.5,450,+12,
,"2018. 2.17",小倉,1小3,500万,500万下,4,4,プリンスオブペスカ,牡,4,バルジュ, 56 ,10,6,１, ,芝2600,良,,(栗),松永昌博,2413,-0.5,6,2,2,35.2,470,+10,
,"2018. 2.17",小倉,1小3,500万,500万下・牝,5,10,トリプライト,牝,5,藤田菜七,52▲,16,3,１, ,ダ1700,稍,,(栗),音無秀孝,1454,-0.3,8,5,2,37.8,460,-8,B
,"2018. 2.17",小倉,1小3,未勝利,未勝利,4,6,ロードダヴィンチ,牡,3,北村友一, 56 ,15,1,１, ,芝1800,良,,(栗),藤原英昭,1489,-0.4,2,2,2,35.8,510,-8,
,"2018. 2.17",小倉,1小3,未勝利,未勝利,8,15,ティーカラット,牡,3,松山弘平, 56 ,17,4,１, ,芝1200,良,,(栗),池添兼雄,1092,-0.7,,1,1,35.4,500,+22,
,"2018. 2.17",小倉,1小3,未勝利,未勝利・牝,5,10,オスカールビー,牝,3,バルジュ, 54 ,16,1,１, ,芝2000,良,,(栗),矢作芳人,2007,-0.2,3,2,2,36.1,492,-8,
,"2018. 2.17",小倉,1小3,未勝利,未勝利,1,2,キタサンヴィクター,牡,3,和田翼, 56 ,16,6,１, ,ダ1700,稍,,(栗),本田優,1456,-0.4,2,1,1,37.9,494,-4,
,"2018. 2.17",小倉,1小3,未勝利,未勝利,6,9,モンサンロジェ,牝,3,木幡巧也,53☆,14,1,１, ,ダ1000,稍,,(美),牧光二,0593,-0.1,,3,2,36.0,490,0,B
,"2018. 2.13",小倉,1小2,500万,500万下・牝,7,15,フナウタ,牝,4,松山弘平, 55 ,18,1,１, ,芝1200,稍,,(栗),今野貞一,1088,-0.3,,2,2,35.3,464,+2,
,"2018. 2.13",小倉,1小2,1600万,門司ＳＨ1600,7,14,キーグラウンド,牡,4,藤岡康太, 54 ,16,4,１, ,ダ1700,稍,,(栗),宮徹,1438,-0.1,7,7,4,37.2,492,-4,
,"2018. 2.13",小倉,1小2,1000万,壇之浦特1000,5,9,スズカディープ,セ,6,和田翼, 57 ,18,1,１, ,芝2000,稍,,(栗),橋田満,2008,-0.1,2,3,2,35.7,424,-4,B
,"2018. 2.13",小倉,1小2,500万,巌流島特500,6,11,ハルク,牡,5,和田竜二, 57 ,18,3,１, ,芝1200,稍,,(栗),高橋義忠,1084,-0.0,,2,2,34.6,498,+8,
,"2018. 2.13",小倉,1小2,500万,500万下,8,16,ミトノグラス,牡,5,藤岡佑介, 57 ,18,10,１, ,芝2000,稍,,(栗),大橋勇樹,1591,-0.2,3,2,1,36.1,480,-6,
,"2018. 2.13",小倉,1小2,500万,500万下,3,5,タガノジーニアス,牡,5,古川吉洋, 57 ,16,1,１, ,ダ1700,稍,,(栗),斉藤崇史,1449,-0.8,9,9,4,35.9,510,0,B
,"2018. 2.13",小倉,1小2,500万,500万下,4,7,マコトガラハッド,セ,5,松山弘平, 57 ,16,15,１, ,芝2600,稍,,(栗),鮫島一歩,2392,-0.1,6,6,5,35.3,492,-2,
,"2018. 2.13",小倉,1小2,新馬,新馬,5,9,エイシンデネブ,牝,3,和田竜二, 54 ,17,4,１, ,芝1200,稍,,(栗),坂口正則,1097,-0.0,,2,2,34.5,440,,
,"2018. 2.13",小倉,1小2,未勝利,未勝利,7,12,タイセイトレイル,牡,3,バルジュ, 56 ,15,11,１, ,芝1800,稍,,(栗),矢作芳人,1491,-0.1,10,8,5,35.6,476,0,
,"2018. 2.13",小倉,1小2,未勝利,未勝利,4,8,リーガルリリー,牝,3,松若風馬, 54 ,18,4,１, ,芝1200,稍,*,(栗),中村均,1094,-0.5,,2,1,35.3,468,-2,
,"2018. 2.13",小倉,1小2,500万,500万下・牝,8,14,ハトマークレディ,牝,5,藤懸貴志, 55 ,14,6,１, ,ダ1000,稍,,(栗),奥村豊,0590,-0.2,,2,2,35.9,416,+4,
,"2018. 2.13",小倉,1小2,未勝利,未勝利,5,9,ウインネプチューン,牡,3,松山弘平, 56 ,16,1,１, ,ダ1700,稍,,(栗),飯田雄三,1469,-0.4,5,4,2,38.6,482,0,
,"2018. 2.10",小倉,1小1,500万,500万下,7,13,レッドウィズダム,牡,5,北村友一, 57 ,16,1,１, ,ダ1700,稍,,(栗),角居勝彦,1453,-0.1,7,4,3,36.9,504,+2,
,"2018. 2.10",小倉,1小1,1000万,帆柱山特1000,8,16,ネオフレグランス,牝,4,吉田隼人, 55 ,18,6,１, ,芝1200,稍,,(美),中舘英二,1088,-0.2,,15,16,34.0,426,+4,
,"2018. 2.10",小倉,1小1,500万,脊振山特500,2,4,エルビッシュ,牝,5,戸崎圭太, 55 ,16,1,１, ,芝1800,稍,,(栗),角居勝彦,1479,-0.3,8,3,4,35.2,448,-8,
,"2018. 2.10",小倉,1小1,500万,あすなろ500*,1,1,エポカドーロ,牡,3,戸崎圭太, 56 ,12,1,１, ,芝2000,稍,,(栗),藤原英昭,2008,-0.6,1,1,1,35.2,496,-2,
,"2018. 2.10",小倉,1小1,500万,500万下・牝,8,16,アオイテソーロ,牝,4,中谷雄太, 54 ,16,5,１, ,ダ1700,稍,,(栗),矢作芳人,1476,-0.0,2,1,1,38.2,494,-16,B
,"2018. 2.10",小倉,1小1,500万,500万下,1,1,シエルブラン,牝,4,武豊, 55 ,18,1,１, ,芝1200,稍,,(栗),千田輝彦,1088,-0.1,,6,6,34.6,446,+2,
,"2018. 2.10",小倉,1小1,500万,500万下・牝,4,6,ダンツペンダント,牝,5,武藤雅,52▲,15,6,１, ,芝1800,稍,,(栗),本田優,1487,-0.2,1,1,1,35.2,510,-4,
,"2018. 2.10",小倉,1小1,500万,500万下,6,9,セイウンストリーム,牡,4,武藤雅,54▲,13,3,１, ,ダ1000,稍,,(美),水野貴広,0588,-0.3,,1,1,35.9,474,+2,
,"2018. 2.10",小倉,1小1,未勝利,未勝利,6,11,レイエスプランドル,牡,3,北村友一, 56 ,16,1,１, ,芝2000,稍,,(栗),吉田直弘,2015,-0.1,5,2,2,36.2,484,-10,
,"2018. 2.10",小倉,1小1,未勝利,未勝利,2,4,イッツマイターン,牡,3,三浦皇成, 56 ,18,2,１, ,芝1200,稍,,(美),天間昭一,1086,-0.1,,1,1,34.6,494,0,
,"2018. 2.10",小倉,1小1,未勝利,未勝利,4,6,アウトバーン,牡,3,三津谷隼,53▲,14,1,１, ,ダ1000,稍,,(栗),目野哲也,0599,-0.1,,2,2,36.8,466,0,
,"2018. 2.10",小倉,1小1,未勝利,未勝利・牝,3,5,デルマカシャーサ,牝,3,松若風馬, 54 ,16,1,１, ,ダ1700,稍,,(栗),音無秀孝,1485,-0.2,3,2,2,38.8,466,-2,
,"2017. 9. 3",小倉,2小C,500万,500万下,2,2,タガノシャルドネ,牡,3,和田竜二, 54 ,11,2,１, ,芝2600,良,,(栗),川村禎彦,2413,-0.0,9,6,4,35.8,440,+6,
,"2017. 9. 3",小倉,2小C,Ｇ３,小倉２歳G3,8,17,アサクサゲンキ,牡,2,武豊, 54 ,18,3,１, ,芝1200,良,*,(栗),音無秀孝,1091,-0.2,,3,2,35.7,450,-2,
,"2017. 9. 3",小倉,2小C,1000万,西日本ス1000,7,8,カネコメオスター,牡,6,鮫島克駿, 57 ,11,10,１, ,ダ1700,良,,(栗),服部利之,1461,-0.0,2,2,2,37.6,508,+12,
,"2017. 9. 3",小倉,2小C,500万,若戸大橋500,8,10,トリオンフ,セ,3,和田竜二, 54 ,11,2,１, ,芝1800,良,,(栗),須貝尚介,1483,-0.1,4,3,2,35.2,510,0,
,"2017. 9. 3",小倉,2小C,500万,500万下・牝,7,14,ウォーターラボ,牝,5,北村友一, 55 ,18,2,１, ,芝1200,良,,(栗),安田隆行,1083,-0.0,,4,4,34.3,466,+2,
,"2017. 9. 3",小倉,2小C,500万,500万下,3,3,スズカマサル,牡,4,和田竜二, 57 ,14,4,１, ,ダ1700,良,,(栗),橋田満,1465,-0.0,3,4,4,38.0,446,-9,
,"2017. 9. 3",小倉,2小C,未勝利,未勝利,8,16,エイシンクリック,牡,3,松山弘平, 56 ,18,1,１, ,芝2000,良,,(栗),坂口正則,2015,-0.0,16,1,3,35.2,476,-4,
,"2017. 9. 3",小倉,2小C,新馬,新馬,5,9,メイショウテッコン,牡,2,鮫島克駿,53☆,16,3,１, ,芝1800,良,,(栗),高橋義忠,1511,-0.0,7,4,4,34.6,486,,
,"2017. 9. 3",小倉,2小C,未勝利,未勝利,6,11,マジョラム,牝,3,幸英明, 54 ,18,1,１, ,芝1200,良,,(栗),宮本博,1087,-0.1,,11,8,34.3,430,0,
,"2017. 9. 3",小倉,2小C,未勝利,未勝利,5,9,ビービーアヴィド,牡,3,武豊, 56 ,16,2,１, ,ダ1700,良,,(栗),吉村圭司,1474,-0.4,4,2,1,38.9,484,+2,
,"2017. 9. 3",小倉,2小C,未勝利,未勝利,8,13,リガス,牡,3,松山弘平, 56 ,14,2,１, ,ダ1000,良,,(栗),池添兼雄,0594,-0.1,,2,2,36.3,504,+4,
,"2017. 9. 3",小倉,2小C,未勝利,未勝利*,7,13,アンヴァル,牝,2,武豊, 54 ,17,2,１, ,芝1200,良,,(栗),藤岡健一,1090,-0.2,,2,2,34.9,458,-4,
,"2017. 9. 2",小倉,2小B,500万,500万下,5,7,シルバードリーム,牝,4,森裕太朗,52▲,14,1,１, ,ダ1000,良,,(栗),加用正,0591,-0.3,,2,2,36.1,478,-8,
,"2017. 9. 2",小倉,2小B,1600万,北九州Ｈ1600,7,14,コウエイタケル,牡,6,小牧太, 56 ,18,4,１, ,芝1200,良,*,(栗),山内研二,1083,-0.0,,2,2,34.2,502,+8,
,"2017. 9. 2",小倉,2小B,1000万,玄海特Ｈ1000,2,2,サトノケンシロウ,牡,4,川田将雅, 57 ,11,1,１, ,芝2000,良,,(栗),池江泰寿,1598,-0.2,9,9,4,33.9,464,+2,
,"2017. 9. 2",小倉,2小B,500万,八幡特別500,3,5,ウインハートビート,牡,4,和田竜二, 57 ,18,1,１, ,芝1200,良,,(栗),宮本博,1091,-0.0,,2,2,34.6,484,+10,
,"2017. 9. 2",小倉,2小B,500万,500万下,7,13,ヴェンジェンス,牡,4,幸英明, 57 ,16,1,１, ,ダ1700,良,,(栗),大根田裕,1461,-0.6,3,2,1,37.7,490,+2,
,"2017. 9. 2",小倉,2小B,未勝利,未勝利,8,16,シャイントレイル,牝,3,小牧太, 54 ,16,6,１, ,芝1800,良,,(栗),吉田直弘,1483,-0.2,14,11,10,35.5,442,+4,
,"2017. 9. 2",小倉,2小B,未勝利,未勝利・牝,8,17,フィップル,牝,3,松山弘平, 54 ,18,2,１, ,芝2000,良,,(栗),平田修,2008,-0.0,5,4,1,35.8,448,0,
,"2017. 9. 2",小倉,2小B,未勝利,未勝利,8,15,レッドルドラ,牡,3,武豊, 56 ,16,4,１, ,ダ1700,良,,(栗),大久保龍,1478,-0.0,3,1,1,39.1,496,-2,
,"2017. 9. 2",小倉,2小B,未勝利,障害未勝利,8,11,パフュームボム,牝,6,白浜雄造, 58 ,11,2,１, ,芝2860,良,,(栗),佐々木晶,3118,-0.1,2,2,1,13.4,480,-8,
,"2017. 9. 2",小倉,2小B,未勝利,未勝利*,5,7,ペガッソ,牡,2,幸英明, 54 ,14,1,１, ,ダ1000,良,,(栗),谷潔,1006,-0.1,,3,3,36.6,482,-4,
,"2017. 9. 2",小倉,2小B,未勝利,未勝利*,1,1,シャルドネゴールド,牡,2,川田将雅, 54 ,11,1,１, ,芝2000,良,,(栗),池江泰寿,2012,-0.1,3,3,1,35.7,432,-4,
,"2017. 9. 2",小倉,2小B,ｵｰﾌﾟﾝ,障害・オープ,6,7,リアルキング,牡,4,難波剛健, 60 ,12,6,１, ,芝2860,良,,(栗),浅見秀一,3085,-0.1,5,4,3,13.2,530,+6,
,"2017. 8.27",小倉,2小A,500万,500万下・牝,6,11,ショウナンナナイロ,牝,3,荻野極,51☆,15,7,１, ,ダ1700,稍,,(栗),高野友和,1458,-0.0,2,2,2,38.9,442,-6,
,"2017. 8.27",小倉,2小A,ｵｰﾌﾟﾝ,小倉日経,6,7,ダノンメジャー,牡,5,北村友一, 57 ,12,2,１, ,芝1800,良,,(栗),橋口慎介,1461,-0.4,2,2,1,35.1,490,+2,
,"2017. 8.27",小倉,2小A,1000万,別府特Ｈ1000,8,14,ワンアフター,牡,4,松若風馬, 55 ,15,7,１, ,芝1200,良,,(栗),西村真幸,1078,-0.1,,11,8,34.2,458,+4,
,"2017. 8.27",小倉,2小A,500万,鳥栖特別500,7,10,ブライトムーン,牝,3,幸英明, 52 ,13,6,１, ,芝2000,良,,(栗),大久保龍,2001,-0.1,10,8,8,35.1,430,+4,
,"2017. 8.27",小倉,2小A,500万,500万下,3,3,オアシスクイーン,牝,3,幸英明, 52 ,14,3,１, ,ダ1000,稍,,(栗),佐藤正雄,0575,-0.6,,4,3,35.0,484,+30,
,"2017. 8.27",小倉,2小A,500万,500万下,6,12,インビジブルレイズ,牡,3,松山弘平, 54 ,16,2,１, ,芝1800,良,,(栗),吉村圭司,1473,-0.2,3,3,2,35.2,478,+14,
,"2017. 8.27",小倉,2小A,未勝利,未勝利,2,4,インツォリア,牡,3,北村友一, 56 ,16,11,１, ,ダ1700,稍,,(栗),吉田直弘,1467,-0.3,3,5,3,38.6,492,0,
,"2017. 8.27",小倉,2小A,新馬,新馬,6,6,バブリーバローズ,牡,2,浜中俊, 54 ,9,1,１, ,芝2000,良,,(栗),池江泰寿,2036,-0.3,6,4,2,35.9,442,,
,"2017. 8.27",小倉,2小A,未勝利,障害未勝利,8,8,シゲルクーガー,セ,3,植野貴也, 58 ,8,4,１, ,芝2860,良,*,(栗),川村禎彦,3121,-0.5,4,4,3,13.4,478,-4,
,"2017. 8.27",小倉,2小A,未勝利,未勝利,7,13,タガノフレイア,牝,3,和田竜二, 54 ,18,3,１, ,芝1200,良,,(栗),鮫島一歩,1090,-0.1,,9,5,34.7,404,+2,
,"2017. 8.27",小倉,2小A,未勝利,未勝利・牝,6,11,スズカスマート,牝,3,幸英明, 54 ,16,1,１, ,ダ1700,稍,,(栗),大橋勇樹,1466,-0.0,8,8,6,38.7,480,+4,
,"2017. 8.27",小倉,2小A,未勝利,未勝利*,8,8,フランシスコダイゴ,牡,2,荻野極,53☆,8,2,１, ,芝1200,良,,(栗),加用正,1092,-0.2,,3,2,35.0,430,0,
,"2017. 8.26",小倉,2小9,500万,500万下,4,7,エイシンピカソ,牝,4,川田将雅, 55 ,18,5,１, ,芝1200,良,,(栗),野中賢二,1084,-0.0,,12,8,34.1,448,+10,
,"2017. 8.26",小倉,2小9,1600万,釜山ＳＨ1600,2,4,ナムラアラシ,牡,4,幸英明, 57 ,16,4,１, ,ダ1700,稍,,(栗),目野哲也,1430,-0.0,15,8,5,37.1,520,-10,
,"2017. 8.26",小倉,2小9,1000万,西海賞1000,2,2,ヴァフラーム,牝,5,川田将雅, 55 ,9,1,１, ,芝2000,良,,(栗),吉村圭司,2007,-0.3,9,8,8,34.7,480,0,
,"2017. 8.26",小倉,2小9,ｵｰﾌﾟﾝ,ひまわり,3,5,レグルドール,牝,2,高倉稜, 55 ,17,1,１, ,芝1200,良,,(栗),杉山晴紀,1096,-0.4,,2,2,35.3,462,+2,
,"2017. 8.26",小倉,2小9,500万,500万下,3,4,インティ,牡,3,松若風馬, 54 ,15,1,１, ,ダ1700,重,,(栗),野中賢二,1438,-0.7,1,1,1,37.5,502,+6,
,"2017. 8.26",小倉,2小9,未勝利,未勝利,5,10,ライトオブピース,牡,3,和田竜二, 56 ,18,4,１, ,芝2000,稍,,(栗),佐々木晶,2015,-0.0,8,5,4,35.9,476,-2,
,"2017. 8.26",小倉,2小9,未勝利,未勝利,5,10,ハニーゴールド,セ,3,水口優也, 56 ,16,3,１, ,ダ1700,重,,(栗),池江泰寿,1452,-0.2,1,1,1,37.8,492,+2,
,"2017. 8.26",小倉,2小9,新馬,新馬,6,10,ブラウハーツ,牡,2,松山弘平, 54 ,15,4,１, ,芝1200,稍,,(栗),鈴木孝志,1097,-0.0,,2,2,35.2,430,,
,"2017. 8.26",小倉,2小9,未勝利,未勝利,5,8,クーファディーヴァ,牝,3,富田暁,51▲,14,8,１, ,ダ1000,重,,(栗),中内田充,0583,-0.2,,1,1,35.4,450,-10,
,"2017. 8.26",小倉,2小9,未勝利,未勝利,7,14,メイショウキリマ,牡,3,加藤祥太,55☆,16,10,１, ,芝2600,稍,,(栗),庄野靖志,2403,-0.0,6,2,1,37.2,506,-2,
,"2017. 8.26",小倉,2小9,未勝利,未勝利*,1,1,テイエムリボー,牡,2,小牧太, 54 ,8,3,１, ,芝1800,稍,,(栗),福島信晴,1503,-0.2,7,1,1,36.3,478,-2,
,"2017. 8.26",小倉,2小9,未勝利,未勝利・牝*,5,6,ペイシャルアス,牝,2,和田竜二, 54 ,12,1,１, ,芝1200,稍,,(栗),坂口正則,1087,-0.5,,3,3,34.7,472,-2,
,"2017. 8.20",小倉,2小8,500万,500万下,3,6,テルペリオン,牡,3,松若風馬, 54 ,16,5,１, ,ダ1700,良,,(栗),寺島良,1456,-0.4,2,2,2,38.1,504,-4,
,"2017. 8.20",小倉,2小8,Ｇ３,北九州記ＨG3,5,9,ダイアナヘイロー,牝,4,武豊, 53 ,18,3,１, ,芝1200,良,,(栗),福島信晴,1075,-0.1,,2,2,34.6,476,+6,
,"2017. 8.20",小倉,2小8,1000万,西部スポ1000,8,10,タニノアーバンシー,牝,4,Ｍ．デム, 55 ,11,1,１, ,芝1800,良,,(栗),角居勝彦,1475,-0.3,2,2,1,36.6,512,+4,
,"2017. 8.20",小倉,2小8,1000万,戸畑特別1000,7,9,スマートグレイス,牝,5,幸英明, 55 ,12,4,１, ,芝1200,良,,(栗),河内洋,1075,-0.2,,2,2,34.3,484,+2,
,"2017. 8.20",小倉,2小8,500万,500万下,3,4,レンレン,牝,3,鮫島良太, 52 ,14,10,１, ,ダ1000,良,,(栗),牧浦充徳,0587,-0.0,,3,3,35.9,454,+4,
,"2017. 8.20",小倉,2小8,500万,500万下・牝,2,3,エールデュレーヴ,牝,4,松山弘平, 55 ,15,6,１, ,芝1800,良,,(栗),須貝尚介,1470,-0.2,5,6,5,34.9,450,+14,
,"2017. 8.20",小倉,2小8,新馬,新馬・牝,4,4,オーロスターキス,牝,2,川島信二, 54 ,12,3,１, ,芝1200,良,,(栗),南井克巳,1110,-0.3,,1,1,35.6,468,,
,"2017. 8.20",小倉,2小8,新馬,新馬,1,1,レゲンダアウレア,牡,2,松山弘平, 54 ,10,5,１, ,芝1800,良,,(栗),岡田稲男,1525,-0.3,4,5,5,35.9,420,,
,"2017. 8.20",小倉,2小8,未勝利,未勝利,7,12,ホウロクダマ,牡,3,森裕太朗,53▲,14,8,１, ,ダ1000,良,,(栗),中竹和也,0590,-0.0,,4,4,36.1,546,+10,
,"2017. 8.20",小倉,2小8,未勝利,未勝利,1,2,オメガガーディアン,牡,3,ホワイト, 56 ,17,1,１, ,芝2000,良,,(栗),高橋亮,2014,-0.0,3,2,2,37.0,550,-2,
,"2017. 8.20",小倉,2小8,未勝利,未勝利・牝,5,10,メイショウサチシオ,牝,3,和田翼,53☆,16,6,１, ,ダ1700,良,,(栗),石橋守,1478,-0.6,2,2,1,38.1,490,0,
,"2017. 8.20",小倉,2小8,未勝利,未勝利*,6,11,タイセイソニック,牡,2,Ｍ．デム, 54 ,15,1,１, ,芝1200,良,,(栗),西村真幸,1095,-0.1,,10,9,35.0,430,+4,
,"2017. 8.19",小倉,2小7,500万,500万下・牝,6,11,ベルディーヴァ,牝,5,中谷雄太, 55 ,17,3,１, ,芝1200,良,,(栗),斉藤崇史,1085,-0.0,,4,4,34.2,466,-6,
,"2017. 8.19",小倉,2小7,1000万,ＴＶＱＨ1000,4,7,タガノヴェローナ,牝,3,藤懸貴志, 51 ,16,4,１, ,ダ1700,稍,*,(栗),中村均,1449,-0.0,2,2,2,38.2,468,0,
,"2017. 8.19",小倉,2小7,500万,英彦山特500,8,10,ウォータービルド,牡,3,武豊, 54 ,10,3,１, ,芝2000,良,,(栗),岡田稲男,1598,-0.1,10,10,9,35.9,482,-2,
,"2017. 8.19",小倉,2小7,500万,小郡特別500,3,5,ダイメイプリンセス,牝,4,秋山真一, 55 ,16,7,１, ,芝1200,良,*,(栗),森田直行,1083,-0.2,,2,2,34.8,492,+2,
,"2017. 8.19",小倉,2小7,500万,500万下,3,5,ゼンノワスレガタミ,牡,3,武豊, 54 ,16,4,１, ,ダ1700,稍,,(栗),中内田充,1449,-0.0,2,2,2,38.1,466,-2,
,"2017. 8.19",小倉,2小7,未勝利,未勝利,7,14,キラーコンテンツ,牡,3,Ｍ．デム, 56 ,18,1,１, ,芝1200,良,,(栗),藤原英昭,1088,-0.2,,4,4,34.7,476,-2,
,"2017. 8.19",小倉,2小7,未勝利,未勝利,1,1,トルネードアレイ,牡,3,Ｍ．デム, 56 ,16,1,１, ,芝1800,良,*,(栗),藤原英昭,1473,-0.3,7,6,4,35.4,440,-2,
,"2017. 8.19",小倉,2小7,新馬,新馬,7,11,モズスーパーフレア,牝,2,松若風馬, 54 ,13,1,１, ,芝1200,良,,(栗),音無秀孝,1085,-0.1,,1,1,34.5,470,,
,"2017. 8.19",小倉,2小7,ｵｰﾌﾟﾝ,障害・オープ,4,4,シベリアンタイガー,セ,6,山本康志, 60 ,8,7,１, ,芝2860,良,,(美),栗田博憲,3099,-0.4,3,1,1,13.3,484,+8,
,"2017. 8.19",小倉,2小7,未勝利,未勝利,6,12,エスポワールパレス,牡,3,荻野極,55☆,16,1,１, ,ダ1700,重,,(栗),清水久詞,1464,-0.0,3,3,2,38.3,492,+8,
,"2017. 8.19",小倉,2小7,未勝利,未勝利*,7,9,タニノミステリー,牡,2,Ｍ．デム, 54 ,11,1,１, ,芝1800,良,,(栗),松田国英,1489,-0.1,5,4,3,36.1,420,+2,
,"2017. 8.19",小倉,2小7,未勝利,未勝利*,8,14,ニシノダンテ,牡,2,三津谷隼,51▲,14,5,１, ,ダ1000,重,,(栗),田所秀孝,0592,-0.8,,1,1,36.0,482,-10,
,"2017. 8.13",小倉,2小6,500万,500万下・牝,8,15,ミヤジヴィジェ,牝,3,浜中俊, 52 ,16,2,１, ,ダ1700,良,,(栗),川村禎彦,1453,-0.7,1,1,1,38.2,460,+2,
,"2017. 8.13",小倉,2小6,1600万,博多ＳＨ1600,3,3,マサハヤドリーム,牡,5,和田竜二, 55 ,11,3,１, ,芝2000,良,,(栗),今野貞一,1592,-0.3,10,8,3,34.4,462,+6,
,"2017. 8.13",小倉,2小6,1000万,西部日刊1000,5,8,ノボリクリーン,牡,5,水口優也, 57 ,14,4,１, ,ダ1000,良,,(栗),石橋守,0585,-0.4,,4,5,35.6,474,+2,
,"2017. 8.13",小倉,2小6,500万,筑後川特500,8,13,セイントバローズ,牡,5,浜中俊, 57 ,13,5,１, ,芝1800,良,,(栗),藤岡健一,1481,-0.0,6,7,5,34.0,494,+8,
,"2017. 8.13",小倉,2小6,500万,500万下,7,8,エテレインミノル,牡,3,北村友一, 54 ,10,4,１, ,芝2000,良,,(栗),北出成人,1596,-0.2,8,7,3,35.9,468,+2,
,"2017. 8.13",小倉,2小6,500万,500万下,5,8,ゼットパール,牝,3,川須栄彦, 52 ,14,2,１, ,ダ1000,良,,(栗),宮徹,0590,-0.0,,2,2,36.3,426,-4,
,"2017. 8.13",小倉,2小6,未勝利,未勝利,6,11,メイショウモウコ,牡,3,加藤祥太,55☆,18,6,１, ,芝2000,良,,(栗),安達昭夫,2014,-0.2,1,1,1,36.0,486,+4,
,"2017. 8.13",小倉,2小6,新馬,新馬,2,2,スーサンドン,牡,2,和田竜二, 54 ,7,3,１, ,芝1200,良,,(栗),岩元市三,1101,-0.4,,1,1,34.6,464,,
,"2017. 8.13",小倉,2小6,未勝利,障害未勝利,8,10,キングナポレオン,セ,6,白浜雄造, 60 ,10,7,１, ,芝2860,良,,(栗),矢作芳人,3125,-0.1,1,1,1,13.5,478,0,
,"2017. 8.13",小倉,2小6,未勝利,未勝利・牝,7,15,キョウエイレガシー,牝,3,ホワイト, 54 ,18,6,１, ,芝1200,良,,(栗),小崎憲,1087,-0.0,,12,13,34.6,404,+6,
,"2017. 8.13",小倉,2小6,未勝利,未勝利,8,16,アサカディスタンス,牡,3,小牧太, 56 ,16,3,１, ,ダ1700,良,,(栗),笹田和秀,1479,-0.2,3,2,2,39.7,468,+4,
,"2017. 8.13",小倉,2小6,未勝利,未勝利*,1,1,アサクサゲンキ,牡,2,和田竜二, 54 ,12,1,１, ,芝1200,良,,(栗),音無秀孝,1088,-0.7,,1,1,35.2,452,0,
,"2017. 8.12",小倉,2小5,500万,500万下,7,14,ワンアフター,牡,4,松山弘平, 57 ,18,2,１, ,芝1200,良,*,(栗),西村真幸,1084,-0.1,,5,3,34.2,454,0,
,"2017. 8.12",小倉,2小5,ｵｰﾌﾟﾝ,阿蘇ＳＨ,6,9,コパノチャーリー,牡,5,和田竜二, 54 ,13,4,１, ,ダ1700,良,,(栗),村山明,1452,-0.0,2,2,2,37.4,526,+4,
,"2017. 8.12",小倉,2小5,1000万,宮崎特別1000,6,7,スズカビスタ,牡,6,ホワイト, 57 ,12,10,１, ,芝2000,良,,(栗),谷潔,1587,-0.1,5,5,4,35.2,456,-26,
,"2017. 8.12",小倉,2小5,ｵｰﾌﾟﾝ,フェニッ,8,9,ゴールドクイーン,牝,2,松若風馬, 54 ,10,8,１, ,芝1200,良,,(栗),坂口正則,1096,-0.2,,1,1,35.5,466,+14,
,"2017. 8.12",小倉,2小5,500万,500万下,2,4,テイエムグッドマン,牡,3,幸英明, 54 ,16,7,１, ,ダ1700,良,,(栗),福島信晴,1460,-0.3,4,6,5,38.5,482,+6,
,"2017. 8.12",小倉,2小5,未勝利,未勝利,1,2,ギエナー,牝,3,荻野極,50△,16,2,１, ,芝1800,良,,(栗),池添学,1475,-0.0,1,1,1,35.9,530,-2,
,"2017. 8.12",小倉,2小5,未勝利,未勝利,4,8,テイエムイキオイ,牡,3,松山弘平, 56 ,18,3,１, ,芝1200,良,,(栗),山内研二,1089,-0.0,,11,10,34.4,452,+6,
,"2017. 8.12",小倉,2小5,新馬,新馬,4,4,ヒロシゲゴールド,牡,2,幸英明, 54 ,11,3,１, ,ダ1000,良,,(栗),北出成人,1011,-0.0,,5,3,37.0,462,,
,"2017. 8.12",小倉,2小5,未勝利,未勝利・牝,7,13,カンガルールブタン,牝,3,柴田未崎, 54 ,18,11,１, ,芝2000,良,,(栗),田所秀孝,2010,-0.0,8,6,3,36.1,460,-2,
,"2017. 8.12",小倉,2小5,未勝利,未勝利,6,9,マッセル,牡,3,川田将雅, 56 ,14,2,１, ,ダ1000,良,*,(栗),森田直行,0598,-0.0,,2,2,35.6,444,0,
,"2017. 8.12",小倉,2小5,未勝利,未勝利*,6,6,シャルルマーニュ,牡,2,武豊, 54 ,11,3,１, ,芝1800,良,,(栗),清水久詞,1489,-0.2,3,3,2,35.4,470,-2,
,"2017. 8.12",小倉,2小5,未勝利,未勝利・九*,2,4,ニコルハイウェイ,牡,2,川又賢治,51▲,16,3,１, ,芝1200,良,,(栗),寺島良,1110,-0.0,,10,9,35.1,440,-2,
,"2017. 8. 6",小倉,2小4,500万,筑紫特別500,2,4,ペスカネラ,牝,3,北村友一, 52 ,17,3,１, ,芝1200,良,,(栗),松下武士,1082,-0.2,,2,1,34.6,438,+6,
,"2017. 8. 6",小倉,2小4,Ｇ３,小倉記念ＨG3,2,2,タツゴウゲキ,牡,5,秋山真一, 52 ,13,4,１, ,芝2000,良,*,(栗),鮫島一歩,1576,-0.0,3,3,5,35.7,482,+6,
,"2017. 8. 6",小倉,2小4,1000万,天草特別1000,8,13,メイプルブラザー,牡,3,森裕太朗, 54 ,13,7,１, ,ダ1700,良,,(栗),山内研二,1449,-0.4,8,8,4,37.6,472,+6,
,"2017. 8. 6",小倉,2小4,500万,青島特別500,1,1,レインボーフラッグ,牡,4,川田将雅, 57 ,12,3,１, ,芝1700,良,,(栗),小崎憲,1412,-0.1,5,4,3,34.9,458,0,
,"2017. 8. 6",小倉,2小4,500万,500万下,6,11,フィールドセンス,牡,3,川須栄彦, 54 ,16,5,１, ,ダ1700,良,,(栗),千田輝彦,1467,-0.1,5,5,6,39.0,516,+8,
,"2017. 8. 6",小倉,2小4,未勝利,未勝利,7,15,パリンジェネシス,牡,3,川田将雅, 56 ,18,8,１, ,芝2000,良,,(栗),清水久詞,2011,-0.4,4,3,2,36.8,504,+2,
,"2017. 8. 6",小倉,2小4,新馬,新馬・牝,5,5,サイエン,牝,2,富田暁,51▲,10,3,１, ,芝1200,良,,(栗),松元茂樹,1094,-0.7,,2,1,35.3,410,,
,"2017. 8. 6",小倉,2小4,新馬,新馬,3,3,キボウノダイチ,牡,2,高倉稜, 54 ,12,5,１, ,芝1800,良,,(栗),松元茂樹,1510,-0.0,6,4,3,35.6,478,,
,"2017. 8. 6",小倉,2小4,未勝利,障害未勝利,2,2,トーキングポイント,牡,3,熊沢重文, 58 ,9,3,１, ,芝2860,良,,(栗),音無秀孝,3126,-0.1,2,1,1,13.5,518,+2,
,"2017. 8. 6",小倉,2小4,未勝利,未勝利,7,13,タピゾー,牡,3,ホワイト, 56 ,16,2,１, ,ダ1700,良,,(栗),友道康夫,1466,-0.3,2,2,1,38.3,494,0,
,"2017. 8. 6",小倉,2小4,未勝利,未勝利,5,7,メイトサン,セ,3,北村友一, 56 ,14,2,１, ,ダ1000,良,,(栗),安田隆行,0597,-0.0,,1,1,37.1,460,-2,B
,"2017. 8. 6",小倉,2小4,未勝利,未勝利*,5,6,ガゼボ,牡,2,ホワイト, 54 ,13,4,２, ,芝1200,良,,(栗),斉藤崇史,1090,0.0,,7,4,35.2,498,+4,
,"2017. 8. 5",小倉,2小3,500万,500万下,5,8,ダノンチャンス,牡,3,川田将雅, 54 ,14,1,１, ,ダ1000,良,,(栗),中内田充,0583,-0.6,,1,1,35.7,484,-6,
,"2017. 8. 5",小倉,2小3,1000万,九州スポ1000,6,6,スノーエンジェル,牝,5,鮫島克駿, 55 ,11,10,１, ,芝1200,良,,(栗),浅見秀一,1073,-0.3,,1,1,34.1,456,0,
,"2017. 8. 5",小倉,2小3,500万,指宿特別500,7,13,ナムラミラクル,牡,4,藤懸貴志, 57 ,16,4,１, ,ダ1700,良,,(栗),杉山晴紀,1461,-0.4,2,2,2,37.8,474,+4,
,"2017. 8. 5",小倉,2小3,500万,都井岬特500,3,3,エッジースタイル,牝,4,荻野極, 55 ,14,3,１, ,芝2000,良,,(栗),高橋義忠,1595,-0.3,5,4,4,35.5,468,+10,
,"2017. 8. 5",小倉,2小3,500万,500万下,5,5,スズカディープ,セ,5,和田翼,56☆,10,1,１, ,芝1800,良,,(栗),橋田満,1478,-0.0,4,3,3,35.2,416,0,B
,"2017. 8. 5",小倉,2小3,未勝利,未勝利,2,3,ホープフルスター,牡,3,川田将雅, 56 ,18,2,１, ,芝1200,良,,(栗),中竹和也,1082,-0.0,,11,10,34.6,478,-12,
,"2017. 8. 5",小倉,2小3,未勝利,未勝利・牝,5,9,サイレントアスカ,牝,3,川田将雅, 54 ,16,3,１, ,ダ1700,良,,(栗),小崎憲,1470,-0.2,3,2,1,39.8,470,-16,
,"2017. 8. 5",小倉,2小3,新馬,新馬,6,9,バーニングペスカ,牡,2,武豊, 54 ,13,2,１, ,芝1200,良,,(栗),松永昌博,1087,-0.0,,1,1,35.2,444,,
,"2017. 8. 5",小倉,2小3,未勝利,未勝利・牝,7,14,シャンティローザ,牝,3,川田将雅, 54 ,16,1,１, ,芝1800,良,,(栗),松永幹夫,1472,-0.2,14,11,7,35.4,454,-8,
,"2017. 8. 5",小倉,2小3,未勝利,未勝利,4,8,アヴァント,牡,3,幸英明, 56 ,16,2,１, ,ダ1700,良,,(栗),中尾秀正,1476,-0.2,6,3,2,40.2,476,-2,
,"2017. 8. 5",小倉,2小3,未勝利,未勝利*,2,2,タガノスカイハイ,牡,2,秋山真一, 54 ,11,3,１, ,芝1800,良,,(栗),角田晃一,1490,-0.0,1,1,1,36.9,464,-4,
,"2017. 8. 5",小倉,2小3,未勝利,未勝利・九*,2,2,ショウナンタクト,牡,2,武豊, 54 ,13,1,１, ,芝1200,良,,(栗),梅田智之,1102,-0.0,,2,2,36.0,466,-10,
,"2017. 7.30",小倉,2小2,500万,500万下,5,5,オールドクラシック,牡,4,武豊, 57 ,10,1,１, ,芝1800,良,,(栗),矢作芳人,1478,-0.0,3,3,3,35.2,478,-16,
,"2017. 7.30",小倉,2小2,1600万,佐世保Ｓ1600,7,13,ダイアナヘイロー,牝,4,武豊, 55 ,16,2,１, ,芝1200,良,,(栗),福島信晴,1077,-0.0,,3,3,34.1,470,+4,
,"2017. 7.30",小倉,2小2,1000万,不知火Ｈ1000,8,10,コパノマリーン,牝,4,和田竜二, 53 ,11,3,１, ,芝1800,良,,(美),斎藤誠,1463,-0.7,1,1,1,35.9,458,0,
,"2017. 7.30",小倉,2小2,1000万,響灘特別1000,7,7,ヨシオ,牡,4,浜中俊, 57 ,10,2,１, ,ダ1700,良,,(栗),森秀行,1447,-0.3,1,1,1,38.1,466,-4,
,"2017. 7.30",小倉,2小2,500万,500万下・牝,4,7,アイファープリティ,牝,4,Ｍ．デム, 55 ,18,1,１, ,芝1200,良,,(栗),鮫島一歩,1081,-0.1,,8,7,34.2,442,-10,
,"2017. 7.30",小倉,2小2,500万,500万下,7,14,サンライズウィズ,牡,4,和田翼,56☆,16,3,１, ,ダ1700,良,,(栗),河内洋,1459,-0.0,8,9,6,38.4,490,+4,
,"2017. 7.30",小倉,2小2,新馬,新馬,7,7,レグルドール,牝,2,高倉稜, 54 ,9,3,１, ,芝1200,良,,(栗),杉山晴紀,1107,-0.3,,5,5,34.8,456,,
,"2017. 7.30",小倉,2小2,新馬,新馬・九,8,17,コウエイユキチャン,牡,2,松山弘平, 54 ,17,2,１, ,芝1200,良,,(栗),山内研二,1116,-0.1,,2,2,37.0,476,,
,"2017. 7.30",小倉,2小2,未勝利,未勝利,2,3,ゴードン,セ,3,太宰啓介, 56 ,18,7,１, ,芝2000,良,,(栗),沖芳夫,1598,-0.2,1,1,1,36.1,466,-4,
,"2017. 7.30",小倉,2小2,未勝利,未勝利,4,5,キングディグニティ,牡,3,水口優也, 56 ,14,5,１, ,ダ1000,良,,(栗),池江泰寿,0591,-0.2,,5,3,35.7,464,-2,
,"2017. 7.30",小倉,2小2,未勝利,未勝利・牝,4,8,チークトゥチーク,牝,3,松若風馬, 54 ,16,2,１, ,ダ1700,良,,(栗),藤原英昭,1468,-0.4,2,2,1,39.3,532,0,
,"2017. 7.30",小倉,2小2,未勝利,未勝利*,5,5,ジュンドリーム,牝,2,幸英明, 54 ,6,1,１, ,芝1200,良,,(栗),西村真幸,1092,-0.1,,1,1,34.7,462,-2,
,"2017. 7.29",小倉,2小1,500万,500万下,5,7,アサケパワー,牡,3,幸英明, 54 ,14,1,１, ,ダ1000,良,,(栗),大橋勇樹,0585,-0.0,,1,1,35.9,504,-6,
,"2017. 7.29",小倉,2小1,1600万,薩摩Ｓ1600,2,4,マインシャッツ,牡,4,武豊, 57 ,16,2,１, ,ダ1700,良,,(栗),西浦勝一,1440,-0.0,10,6,4,37.9,486,+6,
,"2017. 7.29",小倉,2小1,1000万,由布院特1000,5,6,ミラアイトーン,牡,3,武豊, 54 ,12,1,１, ,芝1200,良,,(栗),池江泰寿,1077,-0.2,,3,3,33.6,520,-6,
,"2017. 7.29",小倉,2小1,500万,国東特別500,7,7,ワンスインアライフ,牡,4,北村友一, 57 ,10,3,１, ,芝2000,良,,(栗),谷潔,1584,-0.7,5,4,4,35.8,460,-4,
,"2017. 7.29",小倉,2小1,ＪＧ３,小倉サマJG3,2,2,ソロル,牡,7,西谷誠, 60 ,14,6,１, ,芝3390,良,,(栗),中竹和也,3427,-0.0,6,3,3,13.1,492,-4,
,"2017. 7.29",小倉,2小1,500万,500万下,7,15,サウンドテーブル,牡,3,水口優也, 54 ,18,5,１, ,芝1200,良,,(栗),崎山博樹,1081,-0.1,,2,2,34.4,492,+4,
,"2017. 7.29",小倉,2小1,500万,500万下・牝,8,11,タガノヴェローナ,牝,3,幸英明, 52 ,11,2,１, ,ダ1700,良,,(栗),中村均,1456,-0.5,3,2,2,37.4,468,-2,
,"2017. 7.29",小倉,2小1,新馬,新馬,4,4,シトリカ,牝,2,Ｍ．デム, 54 ,11,2,１, ,芝1200,良,,(栗),牧浦充徳,1101,-0.3,,1,1,34.7,412,,
,"2017. 7.29",小倉,2小1,未勝利,未勝利,5,9,シャイニーピース,牡,3,Ｍ．デム, 56 ,16,2,１, ,芝1800,良,,(栗),福島信晴,1472,-0.2,14,13,10,34.8,482,+8,
,"2017. 7.29",小倉,2小1,未勝利,未勝利,6,11,ハトマークワルツ,牝,3,幸英明, 54 ,18,3,１, ,芝1200,良,,(栗),奥村豊,1085,-0.2,,2,2,34.8,426,-4,
,"2017. 7.29",小倉,2小1,未勝利,未勝利,5,10,エイシンスペード,牡,3,川須栄彦, 56 ,16,7,１, ,ダ1700,良,*,(栗),中尾秀正,1469,-0.3,3,2,2,38.8,482,+1,
,"2017. 7.29",小倉,2小1,未勝利,未勝利*,4,4,ナムラアッパレ,牡,2,秋山真一, 54 ,6,3,１, ,芝1200,良,,(栗),目野哲也,1095,-0.1,,2,2,35.4,444,-2,
,"2017. 3. 5",小倉,1小8,500万,唐戸特別500,4,4,レッドアルティスタ,セ,5,藤岡佑介, 57 ,13,3,１, ,芝2000,良,,(栗),斉藤崇史,2006,-0.2,2,2,2,35.9,454,-2,
,"2017. 3. 5",小倉,1小8,1000万,太宰府Ｈ1000,2,2,エーティーサンダー,牡,4,秋山真一, 55 ,14,2,１, ,芝1800,良,,(栗),湯窪幸雄,1474,-0.0,3,4,3,35.1,504,-4,
,"2017. 3. 5",小倉,1小8,500万,萌黄賞500*,5,8,ショウナンマッシブ,牡,3,吉田隼人, 56 ,14,1,１, ,芝1200,良,,(美),田中剛,1087,-0.4,,4,3,35.4,468,+2,
,"2017. 3. 5",小倉,1小8,500万,500万下・牝,8,12,メイショウサルーテ,牝,6,和田翼,54☆,12,2,１, ,ダ1700,良,,(栗),本田優,1471,-0.2,8,1,1,38.5,510,-8,
,"2017. 3. 5",小倉,1小8,500万,500万下,2,4,トゥルームーン,牝,5,伴啓太,53△,18,5,１, ,芝1200,良,,(美),牧光二,1087,-0.0,,1,1,35.5,496,-2,
,"2017. 3. 5",小倉,1小8,500万,500万下・牝,2,2,フェイブルネージュ,牝,6,中井裕二, 55 ,15,1,１, ,芝1800,良,,(栗),加用正,1490,-0.2,4,5,4,34.7,452,0,
,"2017. 3. 5",小倉,1小8,500万,500万下,5,8,キールコネクション,牡,5,黛弘人, 57 ,15,1,１, ,ダ2400,良,,(美),尾関知人,2353,-0.0,9,5,5,38.3,484,+2,B
,"2017. 3. 5",小倉,1小8,未勝利,未勝利,5,10,キットダイジョウブ,牝,3,川須栄彦, 54 ,18,10,１, ,芝1200,良,,(栗),宮徹,1095,-0.1,,4,4,35.8,408,-12,
,"2017. 3. 5",小倉,1小8,未勝利,未勝利,2,3,グランドボヌール,牡,3,和田翼,55☆,15,1,１, ,芝1800,良,,(栗),岩元市三,1487,-0.3,3,4,3,35.9,464,-4,
,"2017. 3. 5",小倉,1小8,未勝利,未勝利・牝,7,13,トーホウビスカヤ,牝,3,鮫島克駿,53☆,18,3,１, ,芝1200,良,,(栗),川村禎彦,1094,-0.2,,2,2,35.2,488,-2,
,"2017. 3. 5",小倉,1小8,500万,500万下,8,13,アポロリュウセイ,牡,4,丹内祐次, 57 ,14,6,１, ,ダ1000,良,,(美),岩戸孝樹,0589,-0.2,,2,2,36.2,496,+2,
,"2017. 3. 5",小倉,1小8,未勝利,未勝利,3,4,プエルタデルソル,牡,3,坂井瑠星,54△,15,8,１, ,ダ1700,良,,(栗),池江泰寿,1470,-0.2,3,2,2,38.0,478,+6,
,"2017. 3. 4",小倉,1小7,500万,八代特別500,5,9,トーセンクリス,牝,4,北村友一, 54 ,17,1,１, ,芝1200,良,,(栗),大久保龍,1088,-0.2,,6,6,34.4,504,-4,
,"2017. 3. 4",小倉,1小7,1000万,早鞆特別1000,8,14,エポック,牡,4,秋山真一, 57 ,15,4,１, ,ダ1700,良,,(栗),角田晃一,1449,-0.5,5,4,2,37.6,518,+2,
,"2017. 3. 4",小倉,1小7,500万,呼子特別500,8,9,ウインブルーローズ,牡,5,吉田隼人, 57 ,10,4,１, ,芝2600,良,,(美),高橋祥泰,2415,-0.1,6,4,3,36.1,488,-2,
,"2017. 3. 4",小倉,1小7,500万,500万下,4,7,マイネルパッセ,牡,4,丹内祐次, 57 ,18,9,１, ,芝1200,良,,(美),萱野浩二,1089,-0.0,,12,12,34.3,462,+10,
,"2017. 3. 4",小倉,1小7,500万,500万下,6,10,オールドクラシック,牡,4,丸田恭介, 57 ,15,7,１, ,芝1800,良,,(栗),矢作芳人,1480,-0.0,10,9,7,35.4,476,+2,
,"2017. 3. 4",小倉,1小7,500万,500万下,2,2,エンヴァール,牡,4,吉田隼人, 57 ,15,1,１, ,ダ1700,良,,(栗),藤原英昭,1452,-0.1,6,6,5,37.9,460,-6,
,"2017. 3. 4",小倉,1小7,500万,500万下・牝,7,11,ハトマークレディ,牝,4,藤懸貴志, 55 ,14,2,１, ,ダ1000,良,,(栗),奥村豊,0592,-0.0,,2,2,36.2,402,-6,
,"2017. 3. 4",小倉,1小7,未勝利,未勝利,4,8,スズカホワイト,牡,3,古川吉洋, 56 ,18,3,１, ,芝2000,良,,(栗),南井克巳,2019,-0.0,3,4,2,36.6,500,-10,
,"2017. 3. 4",小倉,1小7,未勝利,未勝利,7,13,アーケロンバイオ,牡,3,坂井瑠星,54△,18,2,１, ,芝1200,良,,(栗),西浦勝一,1093,-0.2,,7,5,35.0,484,0,
,"2017. 3. 4",小倉,1小7,未勝利,未勝利・牝,1,2,ヤマニンルサリー,牝,3,丸山元気, 54 ,16,3,１, ,芝1800,良,,(美),栗田徹,1491,-0.1,6,7,6,35.8,438,0,
,"2017. 3. 4",小倉,1小7,未勝利,未勝利,2,4,ダンツゴウユウ,牡,3,古川吉洋, 56 ,16,6,１, ,ダ1700,良,,(栗),谷潔,1476,-0.0,13,14,11,37.5,446,-2,
,"2017. 3. 4",小倉,1小7,未勝利,未勝利,5,7,サノノショウグン,牡,3,木幡初也,54△,14,2,１, ,ダ1000,良,,(美),清水英克,0590,-0.6,,3,3,35.5,450,+4,
,"2017. 2.26",小倉,1小6,1000万,周防灘Ｈ1000,3,5,オースミチャド,牡,6,北村友一, 54 ,18,7,１, ,芝1200,良,,(栗),松永昌博,1087,-0.0,,5,5,34.6,492,+6,
,"2017. 2.26",小倉,1小6,1600万,関門橋Ｓ1600,2,2,サンデーウィザード,牡,5,松山弘平, 57 ,10,1,１, ,芝1800,良,,(栗),大久保龍,1481,-0.2,10,10,10,33.7,450,-10,
,"2017. 2.26",小倉,1小6,500万,日田特別500,5,6,ローズウィスパー,牝,4,北村友一, 54 ,12,2,１, ,芝2000,良,,(栗),池添学,2007,-0.3,10,7,3,35.5,476,+12,
,"2017. 2.26",小倉,1小6,500万,500万下,4,8,ブラウンアニマート,牡,4,丸山元気, 56 ,16,1,１, ,ダ1700,稍,,(美),武藤善則,1462,-0.2,14,14,9,37.2,480,0,
,"2017. 2.26",小倉,1小6,500万,500万下,8,17,ベルモントラハイナ,牝,6,丸山元気, 55 ,18,7,１, ,芝1200,良,,(美),和田正道,1095,-0.2,,4,2,36.0,478,+4,
,"2017. 2.26",小倉,1小6,500万,500万下,4,4,ダノンアローダ,牡,4,鮫島克駿,55☆,13,1,１, ,芝2600,良,,(栗),佐々木晶,2412,-0.6,1,1,1,35.4,538,+14,
,"2017. 2.26",小倉,1小6,500万,500万下・牝,4,5,エミーズレシピ,牝,4,丸田恭介, 54 ,13,2,１, ,ダ1700,稍,,(栗),安田隆行,1455,-0.6,8,2,2,37.3,494,-4,B
,"2017. 2.26",小倉,1小6,未勝利,未勝利,2,4,サウンドテーブル,牡,3,水口優也, 56 ,16,6,１, ,芝1800,良,,(栗),崎山博樹,1498,-0.0,4,8,8,36.2,484,0,
,"2017. 2.26",小倉,1小6,未勝利,未勝利,7,14,ソービック,牝,3,丸田恭介, 54 ,18,14,１, ,芝1200,良,,(美),杉浦宏昭,1096,-0.2,,1,1,35.5,402,+4,B
,"2017. 2.26",小倉,1小6,未勝利,未勝利・牝,6,11,レッドストーリア,牝,3,丸田恭介, 54 ,17,1,１, ,芝2000,良,,(栗),安田隆行,2036,-0.2,14,11,7,36.2,402,-4,
,"2017. 2.26",小倉,1小6,500万,500万下,8,13,ジャストザヨコハマ,牡,5,和田翼,56☆,14,3,１, ,ダ1000,稍,,(栗),牧浦充徳,0588,-0.0,,3,3,35.6,506,-2,
,"2017. 2.26",小倉,1小6,未勝利,未勝利,4,8,クリノライメイ,牡,3,藤岡康太, 56 ,16,2,１, ,ダ1700,稍,,(栗),荒川義之,1466,-0.2,1,1,1,38.0,498,-2,
,"2017. 2.25",小倉,1小5,500万,合馬特別500,7,15,ライトフェアリー,牝,5,丸田恭介, 55 ,18,1,１, ,芝1200,良,,(美),石毛善彦,1085,-0.0,,2,1,34.3,486,+2,B
,"2017. 2.25",小倉,1小5,1000万,皿倉山特1000,7,10,ウインスペクトル,牡,5,丹内祐次, 57 ,12,11,１, ,芝2600,良,,(美),宗像義忠,2402,-0.9,1,1,1,36.9,476,+2,B
,"2017. 2.25",小倉,1小5,500万,くすのき500*,4,6,シロニイ,牡,3,秋山真一, 56 ,15,1,１, ,ダ1700,重,,(栗),池江泰寿,1455,-0.0,7,4,3,37.6,502,-4,
,"2017. 2.25",小倉,1小5,500万,500万下,7,8,ミトノグラス,牡,4,藤岡佑介, 56 ,11,4,１, ,芝2000,良,,(栗),大橋勇樹,2012,-0.1,2,2,1,35.2,466,-12,
,"2017. 2.25",小倉,1小5,500万,500万下・牝,4,8,リルティングインク,牝,4,藤田菜七,52▲,18,6,１, ,芝1200,良,,(美),清水英克,1090,-0.0,,4,4,34.7,446,-2,
,"2017. 2.25",小倉,1小5,500万,500万下,5,9,エーデルメイシュ,牝,4,長岡禎仁,53☆,15,1,１, ,芝1800,良,,(美),奥村武,1488,-0.4,4,4,3,34.7,482,-2,
,"2017. 2.25",小倉,1小5,500万,500万下,8,15,スマイルフォース,牡,5,松山弘平, 57 ,16,7,１, ,ダ1700,重,,(栗),森田直行,1453,-0.0,5,2,2,37.3,460,-6,
,"2017. 2.25",小倉,1小5,500万,500万下,6,9,ハイデンガールズ,牝,4,丸山元気, 55 ,14,5,１, ,ダ1000,重,,(美),上原博之,0586,-0.3,,1,1,35.7,456,0,
,"2017. 2.25",小倉,1小5,未勝利,未勝利,6,7,ブラックカード,牡,3,秋山真一, 56 ,12,2,１, ,芝2000,良,,(栗),鈴木孝志,2018,-0.4,3,3,2,35.9,438,-4,
,"2017. 2.25",小倉,1小5,未勝利,未勝利,7,13,ペプチドリリー,牝,3,藤岡佑介, 54 ,18,1,１, ,芝1200,良,,(栗),木原一良,1097,-0.2,,11,11,35.1,440,-2,
,"2017. 2.25",小倉,1小5,未勝利,未勝利,3,4,ブキス,牡,3,松山弘平, 56 ,14,2,１, ,ダ1000,重,,(栗),斉藤崇史,0595,-0.0,,4,3,35.8,498,-4,
,"2017. 2.25",小倉,1小5,未勝利,未勝利・牝,8,16,クルークハイト,牝,3,藤岡康太, 54 ,16,2,１, ,ダ1700,重,,(栗),藤岡健一,1464,-0.0,5,1,1,38.2,448,+2,
,"2017. 2.19",小倉,1小4,1000万,紫川特別1000,6,12,スカイパッション,牝,5,松若風馬, 55 ,18,5,１, ,芝1200,良,,(栗),作田誠二,1083,-0.0,,17,14,34.3,460,-4,
,"2017. 2.19",小倉,1小4,Ｇ３,小倉大賞ＨG3,4,7,マルターズアポジー,牡,5,武士沢友, 56 ,16,4,１, ,芝1800,良,,(美),堀井雅広,1458,-0.3,1,1,1,36.5,530,-6,
,"2017. 2.19",小倉,1小4,500万,小倉城特500,4,4,ヤマニンリュウセイ,牡,4,丸山元気, 56 ,10,6,１, ,芝2000,良,,(美),栗田博憲,2004,-0.0,3,3,3,35.6,470,+2,
,"2017. 2.19",小倉,1小4,500万,500万下,2,3,ウエヲムイテアルコ,牡,4,吉田隼人, 56 ,16,2,１, ,ダ1700,良,,(美),中川公成,1458,-0.1,3,3,4,37.6,472,+8,
,"2017. 2.19",小倉,1小4,500万,500万下,6,11,アスクジョーダン,牡,5,浜中俊, 57 ,18,2,１, ,芝1200,良,,(栗),野中賢二,1089,-0.2,,5,4,35.2,504,+4,
,"2017. 2.19",小倉,1小4,500万,500万下・牝,1,1,レイホーロマンス,牝,4,原田和真,52△,15,2,１, ,芝1800,良,,(栗),橋田満,1480,-0.2,8,11,7,34.9,406,-4,
,"2017. 2.19",小倉,1小4,500万,500万下,6,8,グローサーザール,牡,4,木幡初也,54△,13,4,１, ,ダ2400,良,,(美),矢野英一,2356,-0.7,2,1,1,38.5,524,-8,B
,"2017. 2.19",小倉,1小4,新馬,新馬,7,15,シェアザモーメント,牡,3,松若風馬, 56 ,18,2,１, ,芝2000,良,*,(栗),石坂正,2023,-0.9,1,1,1,35.8,472,,
,"2017. 2.19",小倉,1小4,未勝利,未勝利,3,5,カレンカカ,牡,3,丸田恭介, 56 ,16,3,１, ,芝1800,良,,(栗),安田隆行,1498,-0.0,6,6,3,36.2,498,+10,
,"2017. 2.19",小倉,1小4,未勝利,未勝利・牝,8,16,カシノロマンス,牝,3,二本柳壮, 54 ,18,1,１, ,芝1200,良,,(美),二本柳俊,1097,-0.0,,4,2,35.9,426,-4,
,"2017. 2.19",小倉,1小4,500万,500万下,3,3,アンミ,牝,5,木幡初也,53△,14,5,１, ,ダ1000,良,,(美),奥村武,0591,-0.0,,3,3,36.0,470,+14,
,"2017. 2.19",小倉,1小4,未勝利,未勝利,4,8,アドラメレク,牡,3,浜中俊, 56 ,16,4,１, ,ダ1700,良,,(栗),石坂正,1481,-0.3,2,2,2,38.1,454,-12,
,"2017. 2.18",小倉,1小3,500万,大牟田特500,7,14,エナジータウン,牡,5,秋山真一, 57 ,18,6,１, ,芝1200,良,,(栗),藤岡健一,1084,-0.4,,1,1,34.3,458,+6,
,"2017. 2.18",小倉,1小3,1000万,和布刈特1000,7,14,スリーアロー,牝,6,藤岡康太, 55 ,16,5,１, ,ダ1700,良,,(栗),南井克巳,1448,-0.3,1,1,1,37.1,490,-12,
,"2017. 2.18",小倉,1小3,500万,かささぎ500*,8,16,デスティニーソング,牝,3,鮫島克駿, 54 ,18,4,１, ,芝1200,良,*,(栗),松下武士,1089,-0.1,,4,4,34.8,432,+4,
,"2017. 2.18",小倉,1小3,500万,500万下,1,1,ロードスター,牡,4,中井裕二,55☆,15,2,１, ,芝1800,良,,(栗),中内田充,1479,-0.7,5,6,5,34.8,488,-6,
,"2017. 2.18",小倉,1小3,500万,500万下,8,16,ウォーターイーグル,牡,5,菱田裕二, 57 ,16,2,１, ,ダ1700,良,,(栗),岡田稲男,1457,-0.0,3,2,2,37.4,530,0,
,"2017. 2.18",小倉,1小3,500万,500万下,4,4,ニホンピロカーン,牡,4,幸英明, 56 ,10,1,１, ,芝2600,良,,(栗),服部利之,2444,-0.0,9,3,3,34.2,462,-8,
,"2017. 2.18",小倉,1小3,500万,500万下・牝,4,8,ノーブルスノー,牝,4,吉田隼人, 54 ,16,1,１, ,ダ1700,良,,(栗),牧浦充徳,1470,-0.1,7,6,4,37.3,474,-8,
,"2017. 2.18",小倉,1小3,未勝利,未勝利,3,6,ドリームソルジャー,牡,3,菱田裕二, 56 ,18,1,１, ,芝2000,良,,(栗),渡辺薫彦,2012,-0.7,3,4,2,35.7,460,+12,
,"2017. 2.18",小倉,1小3,未勝利,未勝利,2,4,ニシノヒナマツリ,牝,3,丸山元気, 54 ,18,10,１, ,芝1200,良,,(美),根本康広,1096,-0.3,,4,2,35.3,472,+4,
,"2017. 2.18",小倉,1小3,未勝利,未勝利・牝,5,10,ブライトムーン,牝,3,小崎綾也,53☆,16,6,１, ,芝1800,良,,(栗),大久保龍,1509,-0.1,5,8,9,35.3,414,0,
,"2017. 2.18",小倉,1小3,未勝利,未勝利,5,10,マンハッタンロック,牡,3,秋山真一, 56 ,16,1,１, ,ダ1700,稍,,(栗),岡田稲男,1477,-1.0,6,1,1,38.0,458,+2,
,"2017. 2.18",小倉,1小3,未勝利,未勝利,3,3,スマートダフネ,牝,3,坂井瑠星,52△,14,3,１, ,ダ1000,稍,,(栗),小崎憲,1001,-0.0,,2,1,36.7,446,+4,
,"2017. 2.13",小倉,1小1,500万,脊振山特500,1,1,エーティーサンダー,牡,4,秋山真一, 56 ,16,5,１, ,芝1800,良,,(栗),湯窪幸雄,1479,-0.3,3,4,3,34.8,508,+2,
,"2017. 2.13",小倉,1小1,1000万,帆柱山特1000,8,12,アレスバローズ,牡,5,菱田裕二, 57 ,12,2,１, ,芝1200,良,,(栗),角田晃一,1085,-0.2,,5,2,34.2,496,+6,
,"2017. 2.13",小倉,1小1,500万,あすなろ500*,5,6,モーヴサファイア,牝,3,北村友一, 54 ,12,2,１, ,芝2000,良,,(栗),池添学,2000,-0.2,8,5,4,35.7,492,+2,
,"2017. 2.13",小倉,1小1,500万,500万下,7,14,ウインランブル,牡,4,松山弘平, 56 ,16,7,１, ,ダ1700,稍,,(栗),中村均,1464,-0.0,7,6,4,38.5,480,+6,
,"2017. 2.13",小倉,1小1,500万,500万下,7,15,プレイヤード,牡,4,吉田隼人, 57 ,18,1,１, ,芝1200,良,,(美),田中剛,1087,-0.2,,2,2,35.0,510,-10,B
,"2017. 2.13",小倉,1小1,500万,500万下・牝,8,15,トウカイシェーン,牝,4,田中健, 54 ,16,14,１, ,芝2000,良,,(栗),北出成人,1599,-0.0,6,4,2,35.9,452,-2,
,"2017. 2.13",小倉,1小1,500万,500万下,1,1,コロナボレアリス,牡,6,坂井瑠星,54▲,14,4,１, ,ダ1000,稍,,(栗),西浦勝一,0590,-0.0,,1,1,36.4,468,-6,
,"2017. 2.13",小倉,1小1,500万,500万下・牝,8,16,テイエムリヴィエラ,牝,6,中井裕二,54☆,16,4,１, ,ダ1700,稍,,(栗),浜田多実,1460,-0.3,13,14,8,37.7,486,-2,B
,"2017. 2.13",小倉,1小1,未勝利,未勝利,4,6,ミッキーロイヤル,牡,3,中谷雄太, 56 ,14,2,１, ,芝2000,良,,(栗),矢作芳人,2026,-0.1,4,2,2,35.0,492,-4,
,"2017. 2.13",小倉,1小1,未勝利,未勝利,5,10,イヴノオモイデ,牝,3,小崎綾也,53☆,18,4,１, ,芝1200,良,,(栗),牧田和弥,1091,-0.3,,1,1,35.9,432,-4,
,"2017. 2.13",小倉,1小1,未勝利,未勝利,8,13,ブライトメジャー,牝,3,小崎綾也,53☆,14,5,１, ,ダ1000,稍,,(栗),小崎憲,0596,-0.0,,4,5,36.0,444,-6,
,"2017. 2.13",小倉,1小1,未勝利,未勝利・牝,5,10,ワタシノロザリオ,牝,3,菱田裕二, 54 ,16,16,１, ,ダ1700,稍,,(栗),湯窪幸雄,1472,-1.0,14,11,6,37.6,434,-6,
,"2017. 2.12",小倉,1小2,1000万,壇之浦特1000,6,9,ジャズファンク,牡,5,藤岡佑介, 57 ,13,1,１, ,芝2000,良,,(栗),角田晃一,2006,-0.0,11,10,6,35.2,504,+2,
,"2017. 2.12",小倉,1小2,1600万,門司ＳＨ1600,5,9,トミケンシャルゴー,牡,5,木幡初也, 53 ,15,6,１, ,ダ1700,重,,(美),武市康男,1441,-0.0,6,5,5,36.5,526,0,
,"2017. 2.12",小倉,1小2,500万,巌流島特500,8,17,リッパーザウィン,牡,5,坂井瑠星, 57 ,18,2,１, ,芝1200,良,,(栗),矢作芳人,1087,-0.0,,2,2,35.0,522,-2,
,"2017. 2.12",小倉,1小2,500万,500万下,4,7,トルストイ,牡,7,北村友一, 57 ,16,3,１, ,芝2000,良,,(栗),音無秀孝,2014,-0.0,7,9,7,34.8,496,+4,
,"2017. 2.12",小倉,1小2,500万,500万下・牝,2,4,エルノルテ,牝,6,坂井瑠星,52▲,18,4,１, ,芝1200,良,,(栗),斉藤崇史,1083,-0.7,,2,2,34.2,478,+8,
,"2017. 2.12",小倉,1小2,500万,500万下,7,13,プレスアテンション,牡,6,北村友一, 57 ,16,1,１, ,ダ1700,重,,(栗),音無秀孝,1447,-0.4,11,1,1,37.5,538,-2,
,"2017. 2.12",小倉,1小2,500万,500万下,5,9,マイネルレオーネ,牡,5,吉田隼人, 57 ,15,1,１, ,芝2600,良,,(栗),清水久詞,2393,-0.2,8,7,2,36.0,406,0,
,"2017. 2.12",小倉,1小2,新馬,新馬,6,12,ビービーバーレスク,牝,3,丸田恭介, 54 ,18,3,１, ,芝1200,良,,(栗),千田輝彦,1100,-0.2,,2,2,35.4,480,,
,"2017. 2.12",小倉,1小2,未勝利,未勝利,6,12,モズカッチャン,牝,3,藤岡康太, 54 ,16,3,１, ,芝1800,良,,(栗),鮫島一歩,1489,-0.4,12,9,4,34.2,476,0,
,"2017. 2.12",小倉,1小2,未勝利,未勝利,3,5,ビップソルダー,牡,3,松山弘平, 56 ,18,9,１, ,芝1200,良,,(栗),清水久詞,1090,-0.0,,9,8,34.8,472,+16,
,"2017. 2.12",小倉,1小2,500万,500万下・牝,6,10,ジュエルアラモード,牝,5,吉田隼人, 55 ,14,3,１, ,ダ1000,重,,(美),松山将樹,0587,-0.1,,1,1,35.8,506,-8,B
,"2017. 2.12",小倉,1小2,未勝利,未勝利,3,6,ディーエスアクシス,牡,3,菱田裕二, 56 ,16,2,１, ,ダ1700,重,,(栗),岡田稲男,1461,-0.4,12,1,1,37.8,476,0,
,"2016. 9. 4",小倉,2小C,500万,500万下,7,13,チャパラ,牡,4,浜中俊, 57 ,16,1,１, ,芝2600,良,,(栗),吉村圭司,2421,-0.2,6,3,2,35.7,482,0,
,"2016. 9. 4",小倉,2小C,Ｇ３,小倉２歳G3,3,4,レーヌミノル,牝,2,浜中俊, 54 ,15,1,１, ,芝1200,良,,(栗),本田優,1080,-1.0,,2,1,34.6,464,+6,
,"2016. 9. 4",小倉,2小C,1000万,西日本ス1000,5,9,ロンドンタウン,牡,3,川田将雅, 54 ,16,1,１, ,ダ1700,良,,(栗),牧田和弥,1455,-0.8,7,8,4,37.6,510,-2,
,"2016. 9. 4",小倉,2小C,500万,若戸大橋500,7,13,サトノケンシロウ,牡,3,川田将雅, 54 ,16,1,１, ,芝1800,良,,(栗),池江泰寿,1487,-0.3,5,6,6,35.0,462,+4,
,"2016. 9. 4",小倉,2小C,500万,500万下・牝,4,8,ディアエナ,牝,4,小牧太, 55 ,18,2,１, ,芝1200,良,,(栗),橋口慎介,1079,-0.0,,4,4,34.8,508,+2,B
,"2016. 9. 4",小倉,2小C,500万,500万下,6,11,メイショウトリトン,牡,6,幸英明, 57 ,16,4,１, ,ダ1700,良,,(栗),藤沢則雄,1464,-0.3,11,4,3,39.3,472,+4,
,"2016. 9. 4",小倉,2小C,未勝利,未勝利・牝,7,14,メイショウガーデン,牝,3,国分恭介, 54 ,18,1,１, ,芝2000,良,,(栗),岡田稲男,2012,-0.5,4,4,2,36.0,514,+6,
,"2016. 9. 4",小倉,2小C,新馬,新馬,3,3,ケンビション,牡,2,義英真,52△,14,10,１, ,芝1800,良,,(栗),大久保龍,1516,-0.2,3,3,3,35.2,434,,
,"2016. 9. 4",小倉,2小C,未勝利,未勝利,7,14,テイエムダグラス,牡,3,田中健, 56 ,18,8,１, ,芝1200,良,,(栗),福島信晴,1093,-0.0,,10,8,34.8,510,+6,B
,"2016. 9. 4",小倉,2小C,未勝利,未勝利,7,12,ハトマークレディ,牝,3,川田将雅, 54 ,14,1,１, ,ダ1000,良,,(栗),奥村豊,0585,-0.2,,1,1,35.6,398,+2,
,"2016. 9. 4",小倉,2小C,未勝利,未勝利,8,15,タガノガジュマル,牡,3,高倉稜, 56 ,16,5,１, ,芝1800,良,,(栗),本田優,1487,-0.0,14,13,10,35.6,426,+2,
,"2016. 9. 4",小倉,2小C,未勝利,未勝利*,2,3,デスティニーソング,牝,2,鮫島克駿,53☆,18,8,１, ,芝1200,良,,(栗),松下武士,1095,-0.0,,3,2,35.9,424,-2,
,"2016. 9. 3",小倉,2小B,500万,500万下,5,8,アイファーサラオー,牡,4,藤懸貴志, 57 ,14,4,１, ,ダ1000,稍,,(栗),坪憲章,0586,-0.1,,14,12,34.7,494,0,
,"2016. 9. 3",小倉,2小B,1600万,北九州Ｈ1600,7,8,ラインハート,牝,5,松山弘平, 52 ,11,6,１, ,芝1200,良,,(栗),須貝尚介,1076,-0.0,,6,6,33.5,466,+4,B
,"2016. 9. 3",小倉,2小B,1000万,玄海特Ｈ1000,5,5,ストロングタイタン,牡,3,川田将雅, 53 ,12,2,１, ,芝2000,良,,(栗),池江泰寿,2002,-0.6,3,3,3,34.4,522,-4,
,"2016. 9. 3",小倉,2小B,500万,八幡特別500,1,1,オースミチャド,牡,5,太宰啓介, 57 ,18,6,１, ,芝1200,良,,(栗),松永昌博,1086,-0.2,,1,1,35.4,486,+8,
,"2016. 9. 3",小倉,2小B,500万,500万下・牝,6,11,ワンダーピルエット,牝,3,小牧太, 52 ,16,4,１, ,ダ1700,稍,,(栗),小崎憲,1460,-0.1,2,2,1,38.5,482,+4,
,"2016. 9. 3",小倉,2小B,未勝利,未勝利,3,6,アインザッツ,牡,3,酒井学, 56 ,18,4,１, ,芝2000,良,,(栗),大久保龍,2020,-0.1,6,4,6,35.0,454,-4,B
,"2016. 9. 3",小倉,2小B,未勝利,未勝利,2,4,フランドル,牡,3,川田将雅, 56 ,16,1,１, ,ダ1700,稍,,(栗),藤原英昭,1470,-0.4,5,3,2,38.2,496,0,
,"2016. 9. 3",小倉,2小B,未勝利,未勝利・牝,8,17,カノヤパリティ,牝,3,田中健, 54 ,18,7,１, ,芝1200,良,,(栗),坂口正則,1087,-0.2,,9,5,34.9,442,+6,
,"2016. 9. 3",小倉,2小B,ｵｰﾌﾟﾝ,障害・オープ,5,5,メイショウヒデタダ,牡,7,熊沢重文, 60 ,8,3,１, ,芝2860,良,,(栗),南井克巳,3095,-1.5,1,1,1,13.3,480,+12,
,"2016. 9. 3",小倉,2小B,未勝利,未勝利*,8,14,カズマペッピーノ,牡,2,藤岡康太, 54 ,14,6,１, ,ダ1000,稍,,(栗),西浦勝一,0597,-0.0,,2,2,36.9,482,-6,
,"2016. 9. 3",小倉,2小B,未勝利,未勝利*,3,5,ナムラライラ,牝,2,松若風馬, 54 ,15,3,１, ,芝1800,良,,(栗),福島信晴,1481,-0.7,11,9,2,36.2,462,+2,
,"2016. 9. 3",小倉,2小B,未勝利,障害未勝利,6,6,マイネルアイザック,牡,7,熊沢重文, 60 ,11,1,１, ,芝2860,良,,(栗),宮徹,3112,-0.5,2,1,1,13.4,466,-2,B
,"2016. 8.28",小倉,2小A,500万,500万下,5,6,トウケイワラウカド,牡,3,小牧太, 54 ,13,2,１, ,ダ1700,不,,(栗),飯田祐史,1445,-0.2,2,2,2,37.2,488,+6,
,"2016. 8.28",小倉,2小A,ｵｰﾌﾟﾝ,小倉日経,2,2,テイエムイナズマ,牡,6,古川吉洋, 57 ,9,4,１, ,芝1800,重,,(栗),福島信晴,1500,-0.0,5,3,2,37.2,516,+18,
,"2016. 8.28",小倉,2小A,1000万,別府特別1000,4,7,フィドゥーシア,牝,4,バルジュ, 55 ,18,2,１, ,芝1200,重,,(栗),松元茂樹,1100,-0.1,,1,1,36.1,472,-6,
,"2016. 8.28",小倉,2小A,500万,鳥栖特別500,3,3,ワンスインアライフ,牡,3,北村友一, 54 ,10,5,１, ,芝2000,稍,,(栗),谷潔,2024,-0.2,5,3,2,36.7,458,+2,
,"2016. 8.28",小倉,2小A,500万,500万下,3,3,ダイシンバルカン,牡,4,松山弘平, 57 ,14,1,１, ,ダ1000,稍,,(栗),吉田直弘,0581,-0.2,,2,1,35.5,504,+12,
,"2016. 8.28",小倉,2小A,500万,500万下・牝,8,15,ナオミベガス,牝,3,浜中俊, 52 ,16,1,１, ,ダ1700,稍,,(栗),吉村圭司,1458,-0.0,9,7,4,37.5,462,+10,
,"2016. 8.28",小倉,2小A,未勝利,未勝利,7,13,トライブキング,牡,3,バルジュ, 56 ,18,1,１, ,芝2000,稍,,(栗),中竹和也,2034,-0.6,5,3,2,36.7,442,+6,
,"2016. 8.28",小倉,2小A,新馬,新馬,8,10,ヴァナヘイム,牡,2,浜中俊, 54 ,11,1,１, ,芝1800,稍,,(栗),角居勝彦,1538,-0.1,7,7,3,36.1,472,,
,"2016. 8.28",小倉,2小A,未勝利,障害未勝利,3,3,ツイセキシャ,牡,3,植野貴也, 58 ,7,1,１, ,芝2860,稍,,(栗),音無秀孝,3116,-0.0,2,2,2,13.4,480,+6,
,"2016. 8.28",小倉,2小A,未勝利,未勝利,5,10,スパイチャクラ,牝,3,浜中俊, 54 ,18,1,１, ,芝1200,稍,,(栗),西浦勝一,1093,-0.3,,2,2,35.4,472,+4,
,"2016. 8.28",小倉,2小A,未勝利,未勝利,8,16,ロイヤルネイビー,牡,3,義英真,54△,16,11,１, ,ダ1700,良,,(栗),大久保龍,1485,-0.0,8,7,6,37.7,468,-1,
,"2016. 8.28",小倉,2小A,未勝利,未勝利*,6,8,ビーカーリー,牝,2,国分恭介, 54 ,13,2,１, ,芝1200,良,,(栗),西村真幸,1099,-0.0,,5,5,35.7,446,-6,
,"2016. 8.27",小倉,2小9,500万,500万下,8,18,ポップオーヴァー,牝,4,藤岡康太, 55 ,18,2,１, ,芝1200,良,,(栗),吉村圭司,1082,-0.3,,7,7,33.9,470,+8,
,"2016. 8.27",小倉,2小9,1600万,釜山ＳＨ1600,4,7,グレナディアーズ,牡,5,北村友一, 55 ,16,3,１, ,ダ1700,良,,(栗),音無秀孝,1448,-0.0,12,9,5,38.0,504,+8,B
,"2016. 8.27",小倉,2小9,1000万,西海賞1000,1,1,カゼルタ,牝,4,藤岡康太, 55 ,7,1,１, ,芝2000,良,,(栗),高橋康之,2002,-0.2,6,6,3,35.4,468,+6,
,"2016. 8.27",小倉,2小9,ｵｰﾌﾟﾝ,ひまわり,6,11,カシノマスト,牡,2,川須栄彦, 55 ,16,1,１, ,芝1200,良,*,(美),蛯名利弘,1091,-1.2,,1,1,35.2,420,+10,
,"2016. 8.27",小倉,2小9,500万,500万下,1,1,ステイキングダム,牡,3,和田竜二, 54 ,15,2,１, ,芝1800,良,,(栗),吉村圭司,1480,-0.2,14,12,9,34.6,418,-6,
,"2016. 8.27",小倉,2小9,未勝利,未勝利,8,16,オーバーカム,セ,3,浜中俊, 56 ,16,2,１, ,ダ1700,良,,(栗),松永幹夫,1461,-0.7,6,3,3,38.9,502,+18,
,"2016. 8.27",小倉,2小9,未勝利,未勝利,8,14,ローゼンタール,牝,3,幸英明, 54 ,14,5,１, ,ダ1000,良,,(栗),森田直行,0595,-0.1,,2,2,36.3,510,+8,
,"2016. 8.27",小倉,2小9,新馬,新馬,5,8,アオアラシ,牝,2,松田大作, 54 ,14,8,１, ,芝1200,良,,(栗),松下武士,1101,-0.4,,5,5,34.9,440,,
,"2016. 8.27",小倉,2小9,未勝利,未勝利・牝,8,16,ワンダーピルエット,牝,3,松若風馬, 54 ,16,5,１, ,ダ1700,良,,(栗),小崎憲,1465,-0.6,6,4,3,38.3,478,-2,
,"2016. 8.27",小倉,2小9,未勝利,未勝利,6,12,ライペンミノル,牡,3,高倉稜, 56 ,16,7,１, ,芝2600,良,,(栗),本田優,2398,-0.2,3,2,1,36.3,510,0,
,"2016. 8.27",小倉,2小9,未勝利,未勝利*,5,6,フレーバー,牝,2,バルジュ, 54 ,13,3,１, ,芝2000,良,,(栗),奥村豊,2029,-0.1,5,6,5,37.3,460,+4,
,"2016. 8.27",小倉,2小9,未勝利,未勝利・牝*,6,9,ショーウェイ,牝,2,松若風馬, 54 ,14,2,１, ,芝1200,良,,(栗),斉藤崇史,1093,-0.1,,1,1,35.4,476,+2,
,"2016. 8.21",小倉,2小8,500万,500万下,8,15,セフティーエムアイ,牡,5,三津谷隼,54▲,16,15,１, ,ダ1700,良,,(栗),目野哲也,1460,-0.0,15,13,9,38.5,474,+4,
,"2016. 8.21",小倉,2小8,Ｇ３,北九州記ＨG3,6,9,バクシンテイオー,牡,7,藤岡康太, 54 ,13,8,１, ,芝1200,良,,(美),堀宣行,1085,-0.2,,11,10,34.2,474,-2,
,"2016. 8.21",小倉,2小8,1000万,西部スポ1000,1,1,ブレイヴリー,牡,5,国分恭介, 57 ,10,6,１, ,芝1800,良,,(栗),宮徹,1487,-0.1,2,2,2,36.0,478,-2,B
,"2016. 8.21",小倉,2小8,500万,英彦山特500,3,3,アドマイヤキズナ,牡,3,Ｍ．デム, 54 ,8,1,１, ,芝2000,良,,(栗),友道康夫,2012,-0.5,7,4,3,35.3,462,+6,
,"2016. 8.21",小倉,2小8,500万,500万下,1,1,ザイディックメア,牡,4,川田将雅, 57 ,16,1,１, ,ダ1700,良,,(栗),村山明,1462,-0.0,16,7,6,38.6,458,-4,
,"2016. 8.21",小倉,2小8,未勝利,未勝利,8,15,ココファンタジア,牝,3,Ｍ．デム, 54 ,16,2,１, ,芝1800,良,,(栗),友道康夫,1491,-0.0,2,1,1,37.2,456,+10,
,"2016. 8.21",小倉,2小8,新馬,新馬・牝,4,4,ラソ,牝,2,バルジュ, 54 ,8,3,１, ,芝1200,良,,(栗),今野貞一,1116,-0.3,,1,1,36.3,430,,
,"2016. 8.21",小倉,2小8,新馬,新馬,8,10,ペルシアンナイト,牡,2,川田将雅, 54 ,10,1,１, ,芝1800,良,,(栗),池江泰寿,1531,-0.5,4,4,3,35.3,476,,
,"2016. 8.21",小倉,2小8,未勝利,未勝利,3,4,タイキラメール,牡,3,幸英明, 56 ,14,1,１, ,ダ1000,良,,(栗),大久保龍,0590,-0.4,,1,1,36.1,470,+10,
,"2016. 8.21",小倉,2小8,未勝利,未勝利,7,13,フジクイーン,牝,3,川須栄彦, 54 ,18,13,１, ,芝1200,良,,(栗),加用正,1100,-0.1,,4,4,36.1,482,+6,
,"2016. 8.21",小倉,2小8,未勝利,未勝利,1,1,リリーシューター,牡,3,和田竜二, 56 ,16,1,１, ,ダ1700,良,,(栗),平田修,1477,-0.1,7,3,2,40.6,496,0,
,"2016. 8.21",小倉,2小8,未勝利,未勝利*,7,10,ダノンチャンス,牡,2,川田将雅, 54 ,12,2,１, ,芝1200,良,,(栗),中内田充,1097,-0.1,,2,2,35.9,490,-10,
,"2016. 8.20",小倉,2小7,500万,500万下,1,1,サントノーレ,牝,4,松若風馬, 55 ,14,9,１, ,ダ1000,良,,(栗),村山明,0592,-0.0,,3,3,36.0,488,0,
,"2016. 8.20",小倉,2小7,1000万,ＴＶＱＨ1000,6,12,ザマンダ,牝,5,北村友一, 52 ,16,9,１, ,ダ1700,良,,(栗),角居勝彦,1448,-0.6,5,7,4,36.5,512,-4,
,"2016. 8.20",小倉,2小7,500万,小郡特別500,8,16,ビットレート,牝,4,川田将雅, 55 ,18,1,１, ,芝1200,良,,(栗),中内田充,1094,-0.0,,13,12,34.5,452,+6,
,"2016. 8.20",小倉,2小7,500万,青島特別500,4,4,ウインクルサルーテ,牝,3,秋山真一, 52 ,12,3,１, ,芝1700,良,,(栗),高橋亮,1417,-0.2,7,5,5,35.7,416,+10,
,"2016. 8.20",小倉,2小7,500万,500万下・牝,5,6,レッドラヴィータ,牝,5,松若風馬, 55 ,12,7,１, ,芝1800,良,,(栗),音無秀孝,1481,-0.4,1,1,1,36.6,450,0,
,"2016. 8.20",小倉,2小7,未勝利,未勝利,2,3,エンヴァール,牡,3,川田将雅, 56 ,16,1,１, ,ダ1700,良,,(栗),藤原英昭,1476,-0.2,2,2,1,39.5,462,-2,
,"2016. 8.20",小倉,2小7,未勝利,未勝利,3,6,テイエムナナヒカリ,牡,3,小牧太, 56 ,18,4,１, ,芝2000,良,,(栗),山内研二,2014,-0.1,15,11,7,36.5,496,+6,
,"2016. 8.20",小倉,2小7,新馬,新馬,7,7,クリノヤマトノオー,牡,2,藤岡康太, 54 ,10,5,１, ,芝1200,良,,(栗),高橋義忠,1106,-0.1,,1,1,35.4,438,,
,"2016. 8.20",小倉,2小7,ｵｰﾌﾟﾝ,障害・オープ,8,8,ルペールノエル,牡,6,高田潤, 60 ,8,1,１, ,芝2860,良,,(栗),藤原英昭,3105,-0.2,7,2,3,13.3,518,-4,
,"2016. 8.20",小倉,2小7,未勝利,未勝利・牝,6,12,ナムラエルサ,牝,3,幸英明, 54 ,17,3,１, ,芝1200,良,,(栗),五十嵐忠,1090,-0.7,,2,2,35.2,462,+10,
,"2016. 8.20",小倉,2小7,未勝利,未勝利*,2,2,スターペスマリア,牝,2,浜中俊, 54 ,12,1,１, ,ダ1000,良,,(栗),石橋守,0596,-0.1,,1,1,36.2,470,+8,
,"2016. 8.20",小倉,2小7,未勝利,未勝利*,8,14,オイカケマショウ,牡,2,荻野極,51▲,14,9,１, ,芝1800,良,,(栗),谷潔,1509,-0.0,9,10,9,36.3,460,+2,
,"2016. 8.14",小倉,2小6,500万,500万下・牝,2,3,コスモピーコック,牝,4,川田将雅, 55 ,16,1,１, ,ダ1700,良,,(栗),中村均,1461,-0.4,4,1,1,39.0,488,-4,
,"2016. 8.14",小倉,2小6,1600万,博多ＳＨ1600,7,8,アスカビレン,牝,4,松田大作, 54 ,11,2,１, ,芝2000,良,,(栗),中尾秀正,2004,-0.1,7,9,7,35.9,470,+10,
,"2016. 8.14",小倉,2小6,1000万,西部日刊1000,5,10,レーヴムーン,牡,3,松山弘平, 54 ,18,2,１, ,芝1200,良,,(栗),藤岡健一,1084,-0.1,,6,4,34.5,476,+2,
,"2016. 8.14",小倉,2小6,500万,筑後川特500,6,6,リッチーリッチー,牡,3,ホワイト, 54 ,10,2,１, ,芝1800,良,,(栗),友道康夫,1488,-0.2,3,3,2,35.1,512,+8,
,"2016. 8.14",小倉,2小6,500万,500万下,6,10,クリノシャンボール,牡,3,鮫島克駿,53☆,14,1,１, ,ダ1000,良,,(栗),川村禎彦,0589,-0.3,,2,2,35.9,494,-2,
,"2016. 8.14",小倉,2小6,500万,500万下,7,11,トレジャートローヴ,牡,3,中谷雄太, 54 ,13,2,１, ,芝2000,良,,(栗),矢作芳人,2016,-0.0,9,3,3,35.9,444,-4,
,"2016. 8.14",小倉,2小6,未勝利,未勝利,2,4,アッフィラート,牝,3,浜中俊, 54 ,16,1,１, ,芝1800,良,,(栗),藤原英昭,1489,-0.1,7,7,5,35.9,422,0,
,"2016. 8.14",小倉,2小6,新馬,新馬,2,4,メイソンジュニア,牡,2,松山弘平, 54 ,17,1,１, ,芝1200,良,,(栗),渡辺薫彦,1101,-0.4,,1,1,35.7,492,,
,"2016. 8.14",小倉,2小6,未勝利,障害未勝利,7,8,スズカチャンプ,牡,7,田村太雅, 60 ,11,4,１, ,芝2860,良,,(栗),坪憲章,3121,-0.5,3,3,3,13.4,502,-8,
,"2016. 8.14",小倉,2小6,未勝利,未勝利,5,8,ウインフェルベール,牡,3,ホワイト, 56 ,14,6,１, ,ダ1000,良,,(栗),鮫島一歩,0590,-0.3,,2,2,35.7,490,+10,
,"2016. 8.14",小倉,2小6,未勝利,未勝利・牝,5,10,デイジーフローラ,牝,3,松山弘平, 54 ,16,2,１, ,ダ1700,良,,(栗),音無秀孝,1476,-0.2,2,2,3,39.0,490,0,
,"2016. 8.14",小倉,2小6,未勝利,未勝利*,3,3,ミルトドリーム,牡,2,バルジュ, 54 ,10,1,１, ,芝1200,良,,(栗),中竹和也,1103,-0.0,,4,3,35.8,480,+4,
,"2016. 8.13",小倉,2小5,500万,500万下,5,9,パーリオミノル,牝,3,藤岡康太, 52 ,16,1,１, ,芝1200,良,,(栗),北出成人,1090,-0.1,,2,2,35.0,442,+2,
,"2016. 8.13",小倉,2小5,ｵｰﾌﾟﾝ,阿蘇ＳＨ,2,2,メイショウスミトモ,牡,5,和田竜二, 52 ,13,5,１, ,ダ1700,良,,(栗),南井克巳,1438,-0.2,9,9,8,36.5,474,0,
,"2016. 8.13",小倉,2小5,1000万,宮崎特別1000,7,7,ナムラシングン,牡,3,川田将雅, 54 ,10,1,１, ,芝2000,良,,(栗),高野友和,2007,-0.4,8,8,6,34.8,518,+14,
,"2016. 8.13",小倉,2小5,ｵｰﾌﾟﾝ,フェニッ,5,5,クインズサリナ,牝,2,川田将雅, 54 ,7,2,１, ,芝1200,良,,(栗),西村真幸,1094,-0.2,,2,2,36.4,420,+4,
,"2016. 8.13",小倉,2小5,500万,500万下,8,16,マウナロア,牡,5,松田大作, 57 ,16,14,１, ,ダ1700,良,,(栗),北出成人,1469,-0.0,7,5,7,38.0,494,-4,
,"2016. 8.13",小倉,2小5,未勝利,未勝利,7,14,エアフォルク,牡,3,松山弘平, 56 ,18,8,１, ,芝2000,良,,(栗),松下武士,2012,-0.2,9,8,5,36.4,440,+2,
,"2016. 8.13",小倉,2小5,未勝利,未勝利,3,6,ダブルスキップ,牝,3,国分恭介, 54 ,18,2,１, ,芝1200,良,,(栗),飯田雄三,1091,-0.2,,11,9,35.2,418,+10,
,"2016. 8.13",小倉,2小5,新馬,新馬,2,2,ブラックランナー,牡,2,幸英明, 54 ,14,2,１, ,ダ1000,良,,(栗),鈴木孝志,1006,-0.0,,3,4,36.6,460,,
,"2016. 8.13",小倉,2小5,未勝利,未勝利・牝,2,4,ローズウィスパー,牝,3,北村友一, 54 ,18,5,１, ,芝2000,良,,(栗),池添学,2019,-0.3,10,7,3,37.1,462,+2,
,"2016. 8.13",小倉,2小5,未勝利,未勝利,8,15,ショークール,牡,3,川田将雅, 56 ,16,1,１, ,ダ1700,良,,(栗),庄野靖志,1470,-0.0,2,2,2,39.1,504,-6,
,"2016. 8.13",小倉,2小5,未勝利,未勝利*,8,15,アダムバローズ,牡,2,浜中俊, 54 ,16,1,１, ,芝1800,良,,(栗),角田晃一,1492,-0.2,5,4,3,36.1,492,+2,
,"2016. 8.13",小倉,2小5,未勝利,未勝利・九*,3,5,テイエムソッキュウ,牡,2,和田竜二, 54 ,17,1,１, ,芝1200,良,,(栗),山内研二,1104,-0.9,,2,1,36.2,464,0,
,"2016. 8. 7",小倉,2小4,500万,筑紫特別500,5,5,スカイパッション,牝,4,松若風馬, 55 ,10,10,１, ,芝1200,良,,(栗),作田誠二,1086,-0.2,,10,10,34.3,466,+22,
,"2016. 8. 7",小倉,2小4,Ｇ３,小倉記念ＨG3,3,3,クランモンタナ,牡,7,和田竜二, 54 ,12,11,１, ,芝2000,良,,(栗),音無秀孝,2000,-0.0,2,2,2,36.0,480,-4,
,"2016. 8. 7",小倉,2小4,1000万,天草特別1000,6,11,ヒデノインペリアル,牡,4,柴田未崎, 57 ,15,1,１, ,ダ1700,良,,(栗),梅田智之,1454,-0.2,3,2,2,37.9,518,+4,
,"2016. 8. 7",小倉,2小4,500万,足立山特500,4,4,ストロングタイタン,牡,3,ホワイト, 54 ,11,1,１, ,芝1800,良,,(栗),池江泰寿,1481,-0.0,2,2,1,36.0,526,+4,
,"2016. 8. 7",小倉,2小4,500万,500万下,7,13,タマモワカサマ,牡,4,浜中俊, 57 ,16,4,１, ,ダ1700,良,,(栗),五十嵐忠,1480,-0.0,11,8,7,38.9,486,+4,
,"2016. 8. 7",小倉,2小4,未勝利,未勝利,7,13,ワンスインアライフ,牡,3,北村友一, 56 ,18,2,１, ,芝2000,良,,(栗),谷潔,2017,-0.3,7,7,5,36.2,456,+6,
,"2016. 8. 7",小倉,2小4,新馬,新馬・牝,8,9,レーヌミノル,牝,2,浜中俊, 54 ,10,1,１, ,芝1200,良,,(栗),本田優,1093,-0.3,,3,3,35.4,458,,
,"2016. 8. 7",小倉,2小4,新馬,新馬,4,8,ミラアイトーン,牡,2,武幸四郎, 54 ,16,1,１, ,芝1800,良,,(栗),池江泰寿,1504,-0.1,1,1,1,36.0,506,,
,"2016. 8. 7",小倉,2小4,未勝利,障害未勝利,5,5,プルーヴダモール,牝,4,植野貴也, 58 ,9,5,１, ,芝2860,良,,(栗),西園正都,3150,-0.3,2,1,1,13.6,426,+2,
,"2016. 8. 7",小倉,2小4,未勝利,未勝利,2,4,モンストルコント,牡,3,浜中俊, 56 ,16,1,１, ,ダ1700,良,,(栗),本田優,1478,-0.2,2,2,2,39.0,490,0,
,"2016. 8. 7",小倉,2小4,未勝利,未勝利,8,14,プリティクイーン,牝,3,三津谷隼,51▲,14,9,１, ,ダ1000,良,*,(栗),日吉正和,0591,-0.4,,2,2,36.5,430,0,
,"2016. 8. 7",小倉,2小4,未勝利,未勝利*,7,15,メイショウカリン,牝,2,浜中俊, 54 ,18,6,１, ,芝1200,良,,(栗),笹田和秀,1097,-0.2,,5,4,36.2,470,-2,
,"2016. 8. 6",小倉,2小3,500万,500万下,5,8,テイエムシャンパン,牡,4,森裕太朗,54▲,14,1,１, ,ダ1000,良,,(栗),山内研二,0585,-0.1,,5,4,35.3,480,-10,
,"2016. 8. 6",小倉,2小3,1000万,九州スＨ1000,7,15,ロイヤルストリート,牝,4,浜中俊, 53 ,18,1,１, ,芝1200,良,,(栗),藤原英昭,1077,-0.3,,7,8,34.5,446,0,
,"2016. 8. 6",小倉,2小3,500万,指宿特別500,3,5,タニノマンボ,牡,6,和田竜二, 57 ,16,9,１, ,ダ1700,良,,(栗),村山明,1469,-0.0,7,7,6,38.2,482,-6,
,"2016. 8. 6",小倉,2小3,500万,都井岬特500,1,1,プリメラアスール,牝,4,幸英明, 55 ,13,4,１, ,芝2000,良,,(栗),鈴木孝志,2011,-0.0,3,6,4,36.4,490,-2,
,"2016. 8. 6",小倉,2小3,500万,500万下,6,7,レーヴムーン,牡,3,藤岡康太, 54 ,11,2,１, ,芝1200,良,,(栗),藤岡健一,1081,-0.6,,5,4,34.5,474,+22,
,"2016. 8. 6",小倉,2小3,未勝利,未勝利,2,3,サトノケンシロウ,牡,3,川田将雅, 56 ,16,1,１, ,芝1800,良,,(栗),池江泰寿,1488,-0.4,6,2,2,35.9,458,-2,
,"2016. 8. 6",小倉,2小3,未勝利,未勝利,7,13,クリノプラハ,牡,3,藤岡佑介, 56 ,16,5,１, ,ダ1700,良,,(栗),谷潔,1483,-0.1,13,4,2,40.7,538,+2,
,"2016. 8. 6",小倉,2小3,新馬,新馬,8,11,ドリームアロー,牡,2,松山弘平, 54 ,12,5,１, ,芝1200,良,,(栗),池添兼雄,1106,-0.3,,1,1,36.5,394,,
,"2016. 8. 6",小倉,2小3,未勝利,未勝利,7,15,ジョーマイク,牡,3,バルジュ, 56 ,18,1,１, ,芝1200,良,,(栗),中竹和也,1091,-0.0,,5,5,35.1,464,-6,
,"2016. 8. 6",小倉,2小3,未勝利,未勝利・牝,7,13,シゲルメジロザメ,牝,3,高倉稜, 54 ,16,2,１, ,ダ1700,良,,(栗),高橋康之,1483,-0.4,5,4,3,39.7,458,+6,
,"2016. 8. 6",小倉,2小3,未勝利,未勝利*,4,7,サマーサプライズ,牡,2,浜中俊, 54 ,16,2,１, ,芝1800,良,*,(栗),宮本博,1492,-0.0,1,1,1,36.5,462,-4,
,"2016. 8. 6",小倉,2小3,未勝利,未勝利・九*,7,12,テイエムミナンカゼ,牝,2,高倉稜, 54 ,14,1,１, ,芝1200,良,*,(栗),日吉正和,1111,-0.2,,4,4,36.8,420,0,
,"2016. 7.31",小倉,2小2,500万,500万下,7,12,ヤマニンエルフィン,牝,5,川田将雅, 55 ,15,6,１, ,芝1800,良,,(栗),松下武士,1476,-0.2,2,2,2,35.4,476,+8,
,"2016. 7.31",小倉,2小2,1600万,佐世保Ｓ1600,7,7,アンナミルト,牝,5,武豊, 55 ,9,5,１, ,芝1200,良,,(栗),小崎憲,1077,-0.5,,2,1,33.7,430,-6,
,"2016. 7.31",小倉,2小2,1000万,響灘特別1000,7,13,タムロミラクル,牡,4,川田将雅, 57 ,16,1,１, ,ダ1700,良,,(栗),西園正都,1457,-0.1,6,4,3,37.8,472,0,
,"2016. 7.31",小倉,2小2,500万,国東特別500,1,1,ジャズファンク,牡,4,武豊, 57 ,11,2,１, ,芝2000,良,,(栗),角田晃一,1594,-0.7,10,8,2,36.3,498,+2,
,"2016. 7.31",小倉,2小2,500万,500万下・牝,8,17,ラベンダーヴァレイ,牝,3,バルジュ, 52 ,18,2,１, ,芝1200,良,,(栗),藤原英昭,1083,-0.0,,2,2,34.4,416,-16,
,"2016. 7.31",小倉,2小2,500万,500万下,6,12,アイファーラブオー,牡,4,幸英明, 57 ,16,7,１, ,ダ1700,良,,(栗),鮫島一歩,1466,-0.2,4,3,2,39.0,538,+14,
,"2016. 7.31",小倉,2小2,新馬,新馬,7,9,カシノマスト,牡,2,川須栄彦, 54 ,11,6,１, ,芝1200,良,,(美),蛯名利弘,1096,-1.0,,1,1,35.3,414,,
,"2016. 7.31",小倉,2小2,新馬,新馬・九,3,5,テイエムヒッタマゲ,牡,2,田中健, 54 ,18,1,１, ,芝1200,良,,(栗),福島信晴,1112,-0.4,,1,1,36.7,468,,
,"2016. 7.31",小倉,2小2,未勝利,未勝利・牝,7,14,ブボナ,牝,3,国分恭介, 54 ,16,4,１, ,芝1800,良,,(栗),石橋守,1479,-0.1,1,1,1,36.7,478,+8,
,"2016. 7.31",小倉,2小2,未勝利,未勝利,7,14,サンマルドライヴ,牡,3,岩田康誠, 56 ,16,5,１, ,ダ1700,良,,(栗),千田輝彦,1476,-0.2,13,2,2,39.1,446,+4,
,"2016. 7.31",小倉,2小2,未勝利,未勝利,2,2,モズワッショイ,牝,3,浜中俊, 54 ,14,2,１, ,ダ1000,良,,(栗),牧浦充徳,0591,-0.0,,4,3,36.3,404,+4,
,"2016. 7.31",小倉,2小2,未勝利,未勝利*,4,4,シゲルベンガルトラ,牡,2,幸英明, 54 ,10,3,１, ,芝1200,良,,(栗),服部利之,1091,-0.5,,3,3,35.6,444,+4,
,"2016. 7.30",小倉,2小1,500万,500万下,6,9,ウォーターメアヌイ,牝,4,和田翼,54☆,14,13,１, ,ダ1000,良,,(栗),田所秀孝,0588,-0.0,,7,7,35.7,418,+2,
,"2016. 7.30",小倉,2小1,1600万,ＫＢＣ杯1600,4,8,サンライズホーム,牡,5,岡田祥嗣, 57 ,16,6,１, ,ダ1700,良,,(栗),平田修,1445,-0.2,3,2,2,37.2,494,0,B
,"2016. 7.30",小倉,2小1,1000万,不知火Ｈ1000,3,3,クラウディオス,セ,6,和田竜二, 53 ,11,11,１, ,芝1800,良,,(栗),石坂正,1479,-0.0,5,4,3,35.8,476,-16,
,"2016. 7.30",小倉,2小1,500万,伊万里特500,7,13,ウィズアミッション,牝,5,ホワイト, 55 ,18,6,１, ,芝1200,良,,(栗),吉村圭司,1082,-0.2,,16,15,34.0,432,-2,
,"2016. 7.30",小倉,2小1,ＪＧ３,小倉サマJG3,6,7,マキオボーラー,牡,6,平沢健治, 60 ,11,1,１, ,芝3390,良,,(栗),五十嵐忠,3443,-1.1,1,1,1,13.2,478,+2,
,"2016. 7.30",小倉,2小1,500万,500万下・牝,4,7,スマートノエル,牝,4,武豊, 55 ,16,2,１, ,ダ1700,良,,(栗),吉田直弘,1457,-0.4,1,1,1,38.4,482,+12,
,"2016. 7.30",小倉,2小1,未勝利,未勝利,5,9,メイショウメリリー,牝,3,田中健, 54 ,17,15,１, ,芝2000,良,,(栗),坂口正則,2006,-0.5,10,12,10,35.7,440,+8,
,"2016. 7.30",小倉,2小1,新馬,新馬,6,6,ナムラアイドル,牝,2,幸英明, 54 ,11,6,１, ,芝1200,良,,(栗),目野哲也,1094,-0.0,,2,1,35.8,454,,
,"2016. 7.30",小倉,2小1,未勝利,障害未勝利,7,7,ホウライアキコ,牝,5,熊沢重文, 58 ,9,1,１, ,芝2860,良,,(栗),南井克巳,3094,-1.1,1,1,1,13.2,460,+6,
,"2016. 7.30",小倉,2小1,未勝利,未勝利,6,12,ヒワラニ,牝,3,藤岡康太, 54 ,18,1,１, ,芝1200,良,,(栗),木原一良,1081,-0.2,,8,6,34.8,474,+4,
,"2016. 7.30",小倉,2小1,未勝利,未勝利,6,12,アリノマンボ,牝,3,松山弘平, 54 ,16,4,１, ,ダ1700,良,,(栗),柴田光陽,1465,-0.6,3,2,1,38.7,460,+6,
,"2016. 7.30",小倉,2小1,未勝利,未勝利*,3,3,キョウヘイ,牡,2,高倉稜, 54 ,11,2,１, ,芝1200,良,,(栗),宮本博,1090,-0.2,,5,4,34.9,416,0,
