Ｍ,日付(yyyy.mm.dd),場所,開催,クラス名,レース名,枠番,馬番,馬名,性別,年齢,騎手,斤量,頭数,人気,着順,芝(内・外),距離,馬場状態,多頭出し,所属,調教師,走破タイム,着差,2角,3角,4角,上り3F,馬体重,馬体重増減,ブリンカー
,"2026. 4.19",中山,3中8,3勝,サンシＨ･3勝,4,7,パンジャ,牡,5,戸崎圭太, 57 ,18,1,１, ,芝2200,良,,(美),金成貴史,2107,-0.0,8,10,10,33.6,492,-2,
,"2026. 4.19",中山,3中8,Ｇ１,皐月賞G1,2,4,ロブチェン,牡,3,松山弘平, 57 ,18,1,１, ,芝2000,良,,(栗),杉山晴紀,1565,-0.2,1,1,1,34.2,520,+2,
,"2026. 4.19",中山,3中8,OP(L),京葉Ｓ(L),7,12,ナムラフランク,牡,7,岩田望来, 58 ,15,5,１, ,ダ1200,良,,(栗),鈴木孝志,1097,-0.0,,2,2,36.4,496,-6,B
,"2026. 4.19",中山,3中8,2勝,野島崎特･2勝,6,8,ラブリージャブリー,牝,4,レーン, 56 ,12,2,１, ,芝2000,良,,(美),蛯名正義,1574,-0.0,6,6,3,33.9,424,0,
,"2026. 4.19",中山,3中8,2勝,利根川特･2勝,7,9,サノノワンダー,牡,4,戸崎圭太, 58 ,12,1,１, ,ダ1800,良,,(美),栗田徹,1530,-0.1,6,2,2,37.9,520,-8,
,"2026. 4.19",中山,3中8,1勝,１勝ｸﾗｽ,8,13,サヨノジャンボリー,牡,4,高杉吏麒, 58 ,13,4,１, ,ダ1200,良,,(美),小笠倫弘,1107,-0.5,,2,2,36.7,474,-2,
,"2026. 4.19",中山,3中8,1勝,１勝ｸﾗｽ*,4,4,イッテラッシャイ,牡,3,戸崎圭太, 57 ,6,2,１, ,ダ1800,良,,(美),斎藤誠,1508,-1.3,1,1,1,37.1,496,-2,
,"2026. 4.19",中山,3中8,1勝,１勝ｸﾗｽ*,7,7,マーゴットブロー,牡,3,武豊, 57 ,10,2,１, ,芝1600,良,,(美),伊坂重信,1330,-0.3,3,3,2,34.2,510,0,
,"2026. 4.19",中山,3中8,未勝利,未勝利,4,8,ウェイクフィールド,牡,3,横山和生, 57 ,16,3,１, ,芝2000,良,,(美),嘉藤貴行,2004,-0.1,2,2,1,35.2,486,+4,
,"2026. 4.19",中山,3中8,未勝利,未勝利,7,12,ジューンセクレタ,牡,3,横山武史, 57 ,14,1,１, ,ダ1800,良,,(栗),武英智,1535,-0.7,1,1,1,39.2,516,+2,B
,"2026. 4.19",中山,3中8,未勝利,未勝利,7,13,ソニックブレイカー,牡,3,横山武史, 57 ,16,3,１, ,ダ1200,良,,(美),稲垣幸雄,1110,-0.9,,1,1,37.0,430,-6,
,"2026. 4.19",中山,3中8,未勝利,未勝利・牝,5,6,ナムラハリス,牝,3,原優介, 55 ,12,6,１, ,ダ1800,良,,(栗),宮地貴稔,1549,-0.0,2,2,2,38.0,426,+4,
,"2026. 4.18",中山,3中7,2勝,葛飾特別･2勝,5,7,ハヤテノツバサ,牡,4,横山武史, 58 ,13,3,１, ,ダ1200,良,,(栗),杉山佳明,1108,-0.2,,1,1,36.6,518,0,B
,"2026. 4.18",中山,3中7,ＪＧ１,中山グラJG1,6,6,エコロデュエル,牡,7,草野太郎, 63 ,10,1,１, ,芝4260,良,,(美),岩戸孝樹,4490,-2.0,2,1,1,13.6,480,0,
,"2026. 4.18",中山,3中7,3勝,下総Ｓ･3勝,6,9,ワイドブリザード,セ,5,戸崎圭太, 58 ,13,2,１, ,ダ1800,良,,(栗),佐藤悠太,1517,-0.2,1,1,1,37.4,448,+2,B
,"2026. 4.18",中山,3中7,2勝,袖ケ浦特･2勝,6,8,メイショウヨゾラ,牝,5,横山武史, 56 ,12,4,１, ,芝1200,良,,(美),高柳瑞樹,1071,-0.1,,3,3,33.4,486,+10,
,"2026. 4.18",中山,3中7,1勝,１勝ｸﾗｽ,2,3,コズミックダンサー,牡,4,戸崎圭太, 58 ,16,2,１, ,ダ2400,良,,(栗),橋田宜長,2335,-1.0,2,2,1,39.0,488,-4,B
,"2026. 4.18",中山,3中7,1勝,１勝ｸﾗｽ,7,8,サンライズバブル,牡,4,横山和生, 58 ,10,5,１, ,芝2000,良,,(栗),前川恭子,1581,-0.0,3,3,3,34.3,522,0,B
,"2026. 4.18",中山,3中7,1勝,１勝ｸﾗｽ・牝*,2,2,ルージュボヤージュ,牝,3,戸崎圭太, 55 ,6,2,１, ,芝1800,良,,(美),木村哲也,1494,-0.0,1,1,1,33.1,472,-10,
,"2026. 4.18",中山,3中7,未勝利,未勝利,6,11,セイウンラピス,セ,3,松岡正海, 57 ,16,2,１, ,芝1600,良,,(美),村田一誠,1342,-0.1,10,12,11,34.0,476,-4,
,"2026. 4.18",中山,3中7,未勝利,未勝利,3,3,メディチパワー,牡,3,木幡巧也, 57 ,13,5,１, ,ダ1800,良,,(美),中川公成,1548,-0.2,4,3,3,38.9,474,0,
,"2026. 4.18",中山,3中7,未勝利,未勝利,6,10,ベアゴーフォー,牡,3,松岡正海, 57 ,14,5,１, ,ダ1200,良,,(美),杉浦宏昭,1123,-0.2,,2,2,36.8,464,-4,
,"2026. 4.18",中山,3中7,未勝利,未勝利,8,10,サウジバラード,牡,3,ディー, 57 ,11,5,１, ,ダ1800,良,,(美),加藤征弘,1548,-0.0,3,3,3,37.7,458,0,
,"2026. 4.18",中山,3中7,未勝利,未勝利・牝,8,15,クアロアランチ,牝,3,ルメール, 55 ,15,1,１, ,ダ1200,良,,(美),西田雄一,1121,-0.1,,3,4,36.9,452,+4,
,"2026. 4.12",中山,3中6,1勝,１勝ｸﾗｽ・牝,8,12,ヴィンブルレー,牝,4,横山武史, 56 ,13,1,１, ,ダ1200,良,,(美),矢野英一,1116,-0.1,,9,9,36.4,466,-2,
,"2026. 4.12",中山,3中6,OP(L),春雷ＳＨ(L),5,9,クラスペディア,牡,4,小崎綾也, 57 ,16,5,１, ,芝1200,良,,(栗),河嶋宏樹,1076,-0.0,,2,1,33.9,532,+18,
,"2026. 4.12",中山,3中6,3勝,あけぼの･3勝,6,7,ストレイトトーカー,牡,4,横山武史, 58 ,12,5,１, ,芝1600,良,,(美),岩戸孝樹,1332,-0.2,1,1,1,34.1,486,+2,
,"2026. 4.12",中山,3中6,2勝,印西特Ｈ･2勝,8,12,インジケーター,牡,5,田山旺佑, 53 ,12,7,１, ,ダ2400,良,,(栗),高橋康之,2343,-0.2,1,1,1,37.7,498,-8,B
,"2026. 4.12",中山,3中6,2勝,２勝ｸﾗｽ,8,10,ソルトブリーズ,牡,5,横山琉人, 58 ,10,5,１, ,芝1800,良,,(美),田中剛,1474,-0.1,5,5,4,33.7,462,-2,
,"2026. 4.12",中山,3中6,1勝,１勝ｸﾗｽ,5,8,ブラックジェダイト,牡,4,佐々木大, 58 ,15,1,１, ,芝1600,良,,(美),大竹正博,1328,-0.3,2,4,4,34.5,470,+4,
,"2026. 4.12",中山,3中6,1勝,１勝ｸﾗｽ*,5,5,ストロングエース,牡,3,秋山稔樹, 57 ,11,5,１, ,ダ1800,良,,(美),相沢郁,1530,-0.1,11,8,8,38.4,470,-6,
,"2026. 4.12",中山,3中6,未勝利,未勝利,4,8,ティラーノ,牡,3,佐々木大, 57 ,18,7,１, ,芝2200,良,,(美),小手川準,2141,-0.0,7,8,6,34.8,462,0,
,"2026. 4.12",中山,3中6,未勝利,障害未勝利,6,10,マオノアラシ,牡,6,上野翔, 60 ,14,5,１, ,ダ2880,良,,(美),加藤士津,3162,-0.6,2,2,2,13.6,494,-2,
,"2026. 4.12",中山,3中6,未勝利,未勝利,7,12,タイセイブルーム,牡,3,長浜鴻緒,55△,14,6,１, ,ダ1200,稍,*,(美),古賀慎明,1121,-0.2,,3,3,37.3,490,-2,
,"2026. 4.12",中山,3中6,未勝利,未勝利,4,6,アルデキングダム,牡,3,横山典弘, 57 ,15,2,１, ,ダ1800,稍,,(美),村田一誠,1550,-0.6,9,6,2,37.6,474,+10,
,"2026. 4.12",中山,3中6,未勝利,未勝利,5,9,ロードトライデント,牡,3,横山和生, 57 ,15,1,１, ,ダ1200,稍,,(美),千葉直人,1116,-0.6,,3,3,37.1,478,-6,B
,"2026. 4.11",中山,3中5,2勝,２勝ｸﾗｽ・牝,3,6,プレゼンティーア,牝,5,上里直汰,53▲,16,5,１, ,ダ1200,稍,,(栗),田中克典,1105,-0.1,,1,1,37.4,494,+4,B
,"2026. 4.11",中山,3中5,Ｇ２,ニュージG2,2,3,レザベーション,牡,3,原優介, 57 ,15,6,１, ,芝1600,良,,(栗),松下武士,1333,-0.0,2,2,2,34.2,458,0,
,"2026. 4.11",中山,3中5,3勝,卯月Ｓ･3勝,4,5,スリーピース,セ,4,三浦皇成, 58 ,13,4,１, ,ダ1200,稍,*,(美),武井亮,1099,-0.3,,1,1,35.7,462,0,B
,"2026. 4.11",中山,3中5,1勝,山藤賞･1勝*,6,6,チャリングクロス,牡,3,横山武史, 57 ,7,2,１, ,芝2000,良,,(美),奥村武,2012,-0.2,3,3,3,34.6,480,-12,
,"2026. 4.11",中山,3中5,1勝,１勝ｸﾗｽ,4,7,マリンバンカー,牡,5,上里直汰,55▲,16,2,１, ,ダ1800,稍,,(美),松永康利,1525,-0.1,4,2,2,38.1,502,+4,
,"2026. 4.11",中山,3中5,1勝,１勝ｸﾗｽ*,5,9,タカスタカスタカス,牡,3,ディー, 57 ,16,1,１, ,ダ1200,稍,,(栗),藤原英昭,1101,-1.0,,2,2,35.9,496,-10,B
,"2026. 4.11",中山,3中5,未勝利,未勝利・牝,8,17,ピエスユニーク,牝,3,戸崎圭太, 55 ,18,1,１, ,芝2000,良,,(美),手塚貴久,2015,-0.3,14,4,4,36.0,474,-10,B
,"2026. 4.11",中山,3中5,未勝利,未勝利,1,2,シヴィータス,牝,3,横山和生, 55 ,16,1,１, ,芝1600,良,,(美),大竹正博,1346,-0.4,2,2,2,34.8,454,0,B
,"2026. 4.11",中山,3中5,ｵｰﾌﾟﾝ,障害・オープ,2,2,メイショウソムリエ,セ,5,大江原圭, 60 ,14,2,１, ,ダ3200,稍,,(美),蛯名正義,3392,-0.2,2,2,2,13.7,494,-12,
,"2026. 4.11",中山,3中5,未勝利,未勝利,7,10,アチーヴァー,牡,3,佐々木大, 57 ,13,2,１, ,ダ1800,重,,(栗),石坂公一,1546,-0.1,7,4,3,38.9,452,-6,
,"2026. 4.11",中山,3中5,未勝利,未勝利,5,9,ラベンダーヘイズ,牡,3,木幡巧也, 57 ,16,7,１, ,ダ1200,重,,(美),岩戸孝樹,1109,-0.4,,2,2,37.1,460,0,
,"2026. 4.11",中山,3中5,未勝利,未勝利・牝,1,2,アスコットヴェール,牝,3,横山武史, 55 ,16,1,１, ,ダ1800,重,,(美),竹内正洋,1533,-1.5,1,1,1,38.4,478,+4,
,"2026. 4. 5",中山,3中4,2勝,２勝ｸﾗｽ,3,3,リバーバレイト,牡,4,佐々木大, 58 ,12,2,１, ,芝1600,稍,,(美),堀宣行,1346,-0.4,2,2,2,34.5,460,-4,
,"2026. 4. 5",中山,3中4,3勝,美浦Ｓ･3勝,7,14,ジュタ,牡,4,横山武史, 58 ,16,2,１, ,芝2000,稍,,(栗),矢作芳人,2015,-0.0,5,5,4,34.8,500,0,
,"2026. 4. 5",中山,3中4,3勝,アリエＨ･3勝,8,16,メリークリスマス,牡,4,三浦皇成, 56 ,16,1,１, ,ダ1800,重,,(美),小手川準,1514,-0.0,5,4,4,37.2,498,-10,
,"2026. 4. 5",中山,3中4,2勝,安房特別･2勝,1,1,オストラヴァ,牡,4,津村明秀, 58 ,8,1,１, ,芝2500,稍,,(美),林徹,2341,-0.3,3,2,2,36.8,480,0,
,"2026. 4. 5",中山,3中4,1勝,１勝ｸﾗｽ,3,5,イノキ,牡,4,丸山元気, 58 ,16,8,１, ,ダ1200,重,,(美),岩戸孝樹,1108,-0.1,,4,3,36.1,502,+4,
,"2026. 4. 5",中山,3中4,1勝,１勝ｸﾗｽ*,7,11,ガラベイヤ,牝,3,丸山元気, 55 ,14,6,１, ,芝1200,重,,(美),加藤士津,1088,-0.3,,9,9,33.8,432,+2,
,"2026. 4. 5",中山,3中4,1勝,１勝ｸﾗｽ*,2,3,テンカムテキ,牡,3,丹内祐次, 57 ,16,3,１, ,ダ1800,重,,(美),林徹,1518,-0.1,3,4,2,38.0,502,-2,
,"2026. 4. 5",中山,3中4,未勝利,未勝利,6,11,コスモナエマ,牝,3,津村明秀, 55 ,16,4,１, ,芝2000,重,,(美),手塚貴久,2022,-0.2,1,1,1,36.6,480,0,
,"2026. 4. 5",中山,3中4,未勝利,障害未勝利,7,12,シャンデルナゴル,牡,6,中村将之, 60 ,14,1,１, ,ダ2880,重,,(栗),石坂公一,3197,-0.3,3,3,1,13.9,500,+2,
,"2026. 4. 5",中山,3中4,未勝利,未勝利,4,7,ミスターキャンベラ,牡,3,横山武史, 57 ,16,1,１, ,ダ1800,不,,(美),稲垣幸雄,1523,-1.6,1,1,1,38.4,520,+2,
,"2026. 4. 5",中山,3中4,未勝利,未勝利,7,14,ラインジーク,牡,3,横山和生, 57 ,16,1,１, ,ダ1200,不,,(美),水野貴広,1111,-0.6,,4,3,36.6,452,+12,
,"2026. 4. 5",中山,3中4,未勝利,未勝利・牝,4,7,キタノエピックアン,牝,3,上里直汰,52▲,16,2,１, ,ダ1800,不,,(美),萱野浩二,1545,-0.0,4,4,2,38.9,450,-2,
,"2026. 4. 4",中山,3中3,2勝,２勝ｸﾗｽ,6,12,コパノヴィンセント,牡,4,柴田大知, 58 ,16,15,１, ,ダ1200,重,,(美),上原博之,1105,-0.5,,2,2,36.1,566,+8,
,"2026. 4. 4",中山,3中3,Ｇ３,ダービーＨG3,6,11,スズハローム,牡,6,藤懸貴志, 57 ,16,10,１, ,芝1600,稍,,(栗),牧田和弥,1334,-0.0,14,15,14,33.8,464,-4,
,"2026. 4. 4",中山,3中3,2勝,千葉日報･2勝,2,3,オリーブグリーン,牡,4,西村淳也, 58 ,15,2,１, ,ダ1800,重,,(栗),矢作芳人,1534,-0.0,3,3,5,37.4,528,-2,
,"2026. 4. 4",中山,3中3,1勝,山吹賞･1勝*,8,12,ケントン,牡,3,武藤雅, 57 ,13,12,１, ,芝2200,稍,,(美),田島俊明,2137,-0.0,4,3,2,36.0,492,-2,
,"2026. 4. 4",中山,3中3,1勝,１勝ｸﾗｽ,5,5,ロードソルスティス,牡,4,横山琉人, 58 ,11,5,１, ,ダ1800,重,,(美),斎藤誠,1535,-0.1,2,2,2,37.0,516,0,
,"2026. 4. 4",中山,3中3,1勝,１勝ｸﾗｽ,1,1,マリアイリダータ,牝,4,舟山瑠泉,54△,12,1,１, ,芝2000,良,,(美),田中博康,2020,-0.4,7,9,6,35.0,450,+4,
,"2026. 4. 4",中山,3中3,未勝利,未勝利,6,8,アビヤント,牡,3,三浦皇成, 57 ,13,4,１, ,ダ1800,稍,,(美),鹿戸雄一,1539,-0.5,3,2,2,37.8,504,-4,
,"2026. 4. 4",中山,3中3,未勝利,未勝利,2,3,ヴェガリア,牝,3,西村淳也, 55 ,16,2,１, ,芝1600,良,,(美),栗田徹,1350,-0.2,3,6,4,34.5,442,0,
,"2026. 4. 4",中山,3中3,未勝利,障害未勝利,7,12,ミレニアムヒロイン,牝,5,石神深一, 58 ,14,4,１, ,ダ2880,良,,(美),池上昌和,3184,-0.1,1,1,1,13.8,462,+4,
,"2026. 4. 4",中山,3中3,未勝利,未勝利,1,1,エコロバロン,牡,3,菊沢一樹, 57 ,16,3,１, ,ダ1200,稍,,(美),菊沢隆徳,1120,-0.2,,6,5,37.0,500,0,
,"2026. 4. 4",中山,3中3,未勝利,未勝利,4,5,アオハルブルース,牡,3,田辺裕信, 57 ,14,1,１, ,ダ1800,稍,,(美),栗田徹,1541,-0.9,1,1,1,38.6,522,0,
,"2026. 4. 4",中山,3中3,未勝利,未勝利・牝,4,8,カンレイスター,牝,3,横山武史, 55 ,16,1,１, ,ダ1200,稍,,(美),矢野英一,1121,-0.8,,2,1,36.9,440,-2,
,"2026. 3.29",中山,3中2,2勝,２勝ｸﾗｽ,8,10,トーセントラム,牡,6,長浜鴻緒,56△,11,6,１, ,芝1200,良,,(美),佐藤吉勝,1082,-0.0,,8,7,33.8,450,0,
,"2026. 3.29",中山,3中2,Ｇ３,マーチＳＨG3,8,15,サンデーファンデー,牡,6,角田大和, 59 ,16,8,１, ,ダ1800,稍,,(栗),東田明士,1512,-0.4,3,2,1,36.8,532,+4,B
,"2026. 3.29",中山,3中2,3勝,船橋Ｓ･3勝,6,10,サウンドモリアーナ,牝,4,石橋脩, 56 ,15,7,１, ,芝1200,良,,(栗),武英智,1078,-0.1,,1,1,34.1,442,0,
,"2026. 3.29",中山,3中2,1勝,ミモザ賞･1勝,3,3,ベンヴェヌータ,牝,3,石橋脩, 55 ,7,3,１, ,芝2000,良,,(美),辻哲英,2006,-0.1,1,1,1,34.7,460,-2,
,"2026. 3.29",中山,3中2,1勝,１勝ｸﾗｽ,3,5,ルイステソーロ,セ,4,丹内祐次, 58 ,16,1,１, ,ダ1200,稍,,(美),畠山吉宏,1113,-0.4,,1,1,36.9,480,0,
,"2026. 3.29",中山,3中2,1勝,１勝ｸﾗｽ,7,12,フェスタリア,牡,4,原優介, 58 ,15,4,１, ,ダ1800,稍,,(美),矢野英一,1538,-0.1,9,7,4,38.7,450,-4,
,"2026. 3.29",中山,3中2,1勝,１勝ｸﾗｽ*,5,7,コックピットサイト,牡,3,荻野極, 57 ,13,2,１, ,ダ1200,稍,,(美),鹿戸雄一,1118,-0.2,,4,3,36.9,474,-8,
,"2026. 3.29",中山,3中2,未勝利,未勝利,2,2,キンググローリー,牡,3,丹内祐次, 57 ,13,5,１, ,芝2200,良,*,(美),古賀慎明,2126,-0.1,1,1,1,36.4,472,+2,
,"2026. 3.29",中山,3中2,未勝利,未勝利,6,12,トーセンブリラーレ,牡,3,長浜鴻緒,55△,16,1,１, ,芝1800,良,,(美),小笠倫弘,1479,-0.6,6,4,3,34.9,500,-10,
,"2026. 3.29",中山,3中2,未勝利,未勝利,8,14,ジェネラスキング,牡,3,横山武史, 57 ,15,1,１, ,ダ1800,稍,,(美),久保田貴,1547,-0.5,6,4,2,40.0,480,-6,
,"2026. 3.29",中山,3中2,未勝利,未勝利,2,3,ガルディーノ,牡,3,石田拓郎,54▲,16,14,１, ,ダ1200,稍,,(美),新開幸一,1122,-0.2,,1,1,38.3,488,-2,
,"2026. 3.29",中山,3中2,未勝利,未勝利・牝,4,8,クイーンズホリデー,牝,3,舟山瑠泉,52▲,16,4,１, ,ダ1800,稍,,(美),林徹,1554,-0.3,1,1,1,38.9,490,-4,
,"2026. 3.28",中山,3中1,2勝,２勝ｸﾗｽ,2,4,サムシャイン,牡,4,横山和生, 58 ,16,2,１, ,ダ1800,重,,(美),鈴木慎太,1523,-0.6,3,4,3,37.6,484,+2,
,"2026. 3.28",中山,3中1,Ｇ２,日経賞G2,8,15,マイユニバース,牡,4,横山典弘, 56 ,15,4,１, ,芝2500,良,,(栗),武幸四郎,2307,-0.2,10,13,11,35.0,468,-12,
,"2026. 3.28",中山,3中1,ｵｰﾌﾟﾝ,伏竜Ｓ,5,5,ダノンバーボン,牡,3,西村淳也, 57 ,10,1,１, ,ダ1800,重,,(栗),池添学,1509,-0.6,3,3,2,37.3,514,0,
,"2026. 3.28",中山,3中1,3勝,ブラッド･3勝,1,2,エコロエイト,牡,5,田辺裕信, 58 ,16,4,１, ,ダ1200,重,,(美),田村康仁,1106,-0.3,,1,1,36.5,510,0,B
,"2026. 3.28",中山,3中1,2勝,２勝ｸﾗｽ,5,5,リーティアコナル,牡,4,小崎綾也, 58 ,12,3,１, ,芝2000,稍,,(栗),高橋一哉,1591,-0.3,1,1,1,35.3,480,0,B
,"2026. 3.28",中山,3中1,1勝,１勝ｸﾗｽ・牝,7,10,タマモカンパネラ,牝,4,横山武史, 56 ,13,1,１, ,ダ1800,重,,(美),伊藤圭三,1529,-0.1,3,1,1,38.2,510,-6,B
,"2026. 3.28",中山,3中1,1勝,１勝ｸﾗｽ*,6,7,メイショウハチコウ,牡,3,ディー, 57 ,11,3,１, ,芝1800,稍,,(栗),牧浦充徳,1503,-0.0,4,4,6,34.2,508,+2,
,"2026. 3.28",中山,3中1,未勝利,未勝利,5,10,ナハトナナレオン,牝,3,佐々木大, 55 ,16,2,１, ,芝1600,稍,,(美),矢嶋大樹,1351,-0.2,1,1,1,35.4,398,0,
,"2026. 3.28",中山,3中1,未勝利,未勝利,2,4,グランドスウェル,牡,3,荻野極, 57 ,16,5,１, ,ダ1800,重,,(美),畠山吉宏,1536,-0.1,3,3,3,37.5,508,-6,
,"2026. 3.28",中山,3中1,未勝利,未勝利,1,2,マサノピンクレディ,牝,3,大野拓弥, 55 ,16,3,１, ,ダ1200,重,,(美),小笠倫弘,1113,-0.1,,1,1,37.1,444,+10,
,"2026. 3.28",中山,3中1,未勝利,未勝利,7,13,ミリオンヴォイス,牡,3,西村淳也, 57 ,16,1,１, ,ダ1800,重,,(美),加藤士津,1541,-0.1,2,2,1,39.6,470,-10,
,"2026. 3.28",中山,3中1,未勝利,未勝利・牝,5,9,マジェステラ,牝,3,ディー, 55 ,16,2,１, ,ダ1200,重,,(美),千葉直人,1115,-0.0,,2,2,37.1,472,-6,B
,"2026. 3.22",中山,2中8,2勝,２勝ｸﾗｽ・牝,2,4,エルフストラック,牝,5,三浦皇成, 56 ,16,7,１, ,ダ1800,良,,(栗),中村直也,1533,-0.1,7,5,3,38.6,486,-6,
,"2026. 3.22",中山,2中8,ｵｰﾌﾟﾝ,千葉ＳＨ,5,10,ドラゴンウェルズ,牡,4,戸崎圭太, 56 ,16,2,１, ,ダ1200,良,,(栗),藤原英昭,1107,-0.1,,3,3,36.8,482,+4,
,"2026. 3.22",中山,2中8,3勝,スピカＳ･3勝,5,5,フィーリウス,牡,4,津村明秀, 58 ,9,3,１, ,芝1800,良,,(美),手塚貴久,1467,-0.4,5,2,2,34.5,512,+8,
,"2026. 3.22",中山,2中8,2勝,鎌ケ谷特･2勝,7,13,カネショウレジェン,牡,4,ルメール, 58 ,16,1,１, ,ダ1200,良,,(美),稲垣幸雄,1114,-0.2,,9,9,36.0,492,+2,
,"2026. 3.22",中山,2中8,1勝,１勝ｸﾗｽ,8,16,ドゥマーヴェリック,牡,4,ルメール, 58 ,16,1,１, ,ダ1800,良,,(美),萩原清,1545,-0.8,4,2,1,38.1,468,0,
,"2026. 3.22",中山,2中8,1勝,１勝ｸﾗｽ*,2,2,ラディアントスター,牡,3,戸崎圭太, 57 ,8,2,１, ,芝2000,良,,(美),林徹,1591,-0.2,2,2,2,35.2,524,+6,
,"2026. 3.22",中山,2中8,未勝利,未勝利,1,2,シーギリヤロック,牡,3,ルメール, 57 ,18,1,１, ,芝2000,良,,(美),田中博康,1595,-0.0,6,5,2,35.4,448,+4,
,"2026. 3.22",中山,2中8,未勝利,未勝利,2,4,カナルサンマルタン,牝,3,ルメール, 55 ,16,1,１, ,芝1600,良,,(美),宮田敬介,1337,-0.2,3,5,3,35.0,448,+4,
,"2026. 3.22",中山,2中8,未勝利,障害未勝利,8,14,モズバンディット,牡,6,中村将之, 60 ,14,10,１, ,ダ2880,良,,(栗),中尾秀正,3138,-0.3,2,1,1,13.5,456,0,
,"2026. 3.22",中山,2中8,1勝,１勝ｸﾗｽ*,7,12,エコロレーヴ,牡,3,荻野極, 57 ,14,1,１, ,ダ1200,良,,(栗),森秀行,1104,-0.2,,1,1,37.4,510,+7,
,"2026. 3.22",中山,2中8,未勝利,未勝利,2,3,イーグルロック,牡,3,石川裕紀, 57 ,15,2,１, ,ダ1800,良,,(美),相沢郁,1554,-0.2,7,1,1,39.8,560,-4,
,"2026. 3.22",中山,2中8,未勝利,未勝利,5,9,マダックス,牡,3,大野拓弥, 57 ,16,4,１, ,ダ1200,良,,(美),高柳瑞樹,1118,-0.7,,2,2,37.7,454,-2,
,"2026. 3.21",中山,2中7,1勝,１勝ｸﾗｽ,5,10,ショウナンラリー,牡,4,岩田望来, 58 ,16,6,１, ,ダ1200,良,,(美),嘉藤貴行,1119,-0.1,,1,1,36.9,496,+4,
,"2026. 3.21",中山,2中7,Ｇ３,フラワーG3,5,10,スマートプリエール,牝,3,原優介, 55 ,16,6,１, ,芝1800,良,,(栗),大久保龍,1483,-0.1,7,8,7,34.0,472,-2,
,"2026. 3.21",中山,2中7,3勝,韓国馬事･3勝,7,11,ルージュアベリア,牝,5,ルメール, 56 ,13,1,１, ,ダ1800,良,,(美),加藤士津,1534,-0.1,3,3,2,37.7,486,+2,B
,"2026. 3.21",中山,2中7,2勝,館山特Ｈ･2勝,2,4,ダノンジャイアン,牡,4,鮫島克駿, 55 ,16,5,１, ,芝1800,良,,(栗),茶木太樹,1466,-0.1,1,1,1,34.5,452,-2,
,"2026. 3.21",中山,2中7,ｵｰﾌﾟﾝ,ペガサス,8,10,フォージドブリック,牡,5,大江原圭, 60 ,10,4,１, ,芝3350,良,,(美),西田雄一,3420,-0.0,2,2,2,13.3,564,+4,
,"2026. 3.21",中山,2中7,1勝,１勝ｸﾗｽ,2,4,スマートクオーレ,牡,4,柴田大知, 57 ,16,1,１, ,ダ2400,良,,(美),粕谷昌央,2375,-0.1,3,3,3,38.8,498,-8,B
,"2026. 3.21",中山,2中7,1勝,１勝ｸﾗｽ*,7,10,スペルーチェ,牡,3,ルメール, 57 ,13,1,１, ,芝1600,良,,(美),宮田敬介,1334,-0.2,5,2,2,34.6,456,0,
,"2026. 3.21",中山,2中7,未勝利,未勝利,7,10,エーデルゼーレ,牡,3,岩田望来, 57 ,13,2,１, ,芝2200,良,,(美),堀宣行,2136,-0.3,6,5,6,35.4,470,+8,
,"2026. 3.21",中山,2中7,未勝利,未勝利,6,8,ビービーアジャイル,牡,3,ルメール, 57 ,13,1,１, ,ダ1800,良,,(美),中舘英二,1555,-0.8,5,5,3,38.3,488,0,B
,"2026. 3.21",中山,2中7,未勝利,未勝利,3,6,マルターズドン,牡,3,佐々木大, 57 ,16,2,１, ,ダ1200,良,,(美),手塚貴久,1121,-0.3,,1,1,38.2,492,+2,
,"2026. 3.21",中山,2中7,未勝利,未勝利,3,3,スカイレックス,牡,3,横山琉人, 57 ,12,1,１, ,ダ1800,良,,(美),斎藤誠,1566,-0.1,1,1,1,39.9,488,0,
,"2026. 3.21",中山,2中7,未勝利,未勝利・牝,4,8,ペイトー,牝,3,木幡初也, 55 ,16,3,１, ,ダ1200,良,,(美),武市康男,1129,-0.2,,4,4,38.3,498,+6,
,"2026. 3.15",中山,2中6,1勝,１勝ｸﾗｽ・牝,8,16,クインズポラリス,牝,5,田辺裕信, 56 ,16,3,１, ,ダ1200,良,,(美),上原博之,1112,-0.9,,2,2,37.1,502,-6,
,"2026. 3.15",中山,2中6,Ｇ２,スプリンG2,8,15,アウダーシア,牡,3,津村明秀, 57 ,16,8,１, ,芝1800,良,,(美),手塚貴久,1460,-0.0,13,13,10,34.0,500,0,
,"2026. 3.15",中山,2中6,OP(L),東風Ｓ(L),3,5,ヴァルキリーバース,牝,4,ルメール, 55 ,16,4,１, ,芝1600,良,,(美),田中博康,1320,-0.0,5,5,4,33.8,470,+26,
,"2026. 3.15",中山,2中6,2勝,阿見特別･2勝,8,11,ロングウェイホーム,牡,4,荻野極, 57 ,11,6,１, ,ダ2400,良,,(美),伊坂重信,2350,-0.4,2,1,1,39.0,542,+14,
,"2026. 3.15",中山,2中6,2勝,２勝ｸﾗｽ,1,1,インパクトシー,牡,4,横山琉人, 58 ,10,2,１, ,芝1600,良,,(美),大竹正博,1320,-0.1,5,2,2,34.1,534,+2,
,"2026. 3.15",中山,2中6,1勝,１勝ｸﾗｽ*,3,4,ハイヤーマーク,牡,3,ルメール, 57 ,15,2,１, ,芝1200,良,,(美),手塚貴久,1073,-0.1,,5,4,34.0,468,+2,
,"2026. 3.15",中山,2中6,1勝,１勝ｸﾗｽ,3,5,ブレードサクセス,牡,5,横山武史, 58 ,16,2,１, ,ダ1800,良,,(美),岩戸孝樹,1535,-0.6,1,1,1,39.1,504,+4,B
,"2026. 3.15",中山,2中6,未勝利,未勝利,8,18,ダノンファンスター,牡,3,ルメール, 57 ,18,2,１, ,芝2000,良,,(美),田中博康,2003,-0.3,11,8,7,34.7,462,,
,"2026. 3.15",中山,2中6,未勝利,未勝利・牝,1,2,スターサンサルー,牝,3,ルメール, 55 ,16,5,１, ,ダ1800,良,,(美),尾関知人,1555,-0.0,3,4,3,39.0,428,+8,
,"2026. 3.15",中山,2中6,未勝利,未勝利,1,2,モズタンケ,牡,3,丹内祐次, 57 ,16,4,１, ,ダ1200,良,,(美),栗田徹,1128,-0.2,,3,5,37.8,496,,
,"2026. 3.15",中山,2中6,未勝利,未勝利,4,8,タケルムサシ,牡,3,岩田康誠, 57 ,16,4,１, ,ダ1800,良,,(美),斎藤誠,1544,-0.7,4,2,1,38.8,484,-2,B
,"2026. 3.15",中山,2中6,未勝利,未勝利・牝,5,10,ブーケドリス,牝,3,横山武史, 55 ,16,1,１, ,ダ1200,良,,(美),宮田敬介,1117,-1.0,,1,1,37.7,462,+4,
,"2026. 3.14",中山,2中5,2勝,２勝ｸﾗｽ,3,6,ショウナンハクウン,牡,6,荻野極, 58 ,16,3,１, ,ダ1200,良,,(美),大竹正博,1108,-0.1,,1,1,36.9,510,-6,B
,"2026. 3.14",中山,2中5,OP(L),アネモネ(L),2,4,ディアダイヤモンド,牝,3,津村明秀, 55 ,16,2,１, ,芝1600,良,,(美),手塚貴久,1327,-0.5,4,4,3,34.8,460,-2,
,"2026. 3.14",中山,2中5,3勝,幕張ＳＨ･3勝,8,16,メタルスピード,牡,6,斎藤新, 55 ,16,11,１, ,芝1600,良,,(美),斎藤誠,1323,-0.1,1,1,1,35.2,524,-8,B
,"2026. 3.14",中山,2中5,2勝,房総特別･2勝,7,9,テンミラクルスター,牝,4,ルメール, 56 ,11,1,１, ,芝2000,良,,(美),辻哲英,2001,-0.1,3,3,3,35.0,456,+6,
,"2026. 3.14",中山,2中5,1勝,１勝ｸﾗｽ,6,12,アイアムイチバン,牡,4,丹内祐次, 58 ,16,10,１, ,ダ1200,良,,(美),奥平雅士,1113,-0.1,,2,2,37.0,522,-8,B
,"2026. 3.14",中山,2中5,1勝,１勝ｸﾗｽ,1,1,ダノンピクチャー,牡,4,戸崎圭太, 57 ,10,2,１, ,芝2500,良,,(美),田中博康,2338,-0.1,3,4,2,34.8,482,-4,
,"2026. 3.14",中山,2中5,1勝,１勝ｸﾗｽ*,2,3,サンダーヴィント,牡,3,岩田康誠, 57 ,16,10,１, ,ダ1800,良,,(美),高木登,1534,-0.0,10,9,7,38.9,448,-4,
,"2026. 3.14",中山,2中5,未勝利,未勝利,4,8,ホウオウギンガ,牝,3,丸田恭介, 55 ,16,6,１, ,芝1600,良,,(美),大竹正博,1340,-0.1,6,6,6,34.6,434,,
,"2026. 3.14",中山,2中5,未勝利,未勝利,4,8,イナズマダイモン,牡,3,ルメール, 57 ,16,1,１, ,ダ1800,良,,(美),宮田敬介,1537,-1.5,1,1,1,38.8,510,-8,
,"2026. 3.14",中山,2中5,未勝利,未勝利,2,4,ミルトハーバー,牡,3,田辺裕信, 57 ,16,2,１, ,ダ1200,良,,(美),鈴木慎太,1118,-0.5,,1,1,37.8,454,+4,
,"2026. 3.14",中山,2中5,未勝利,未勝利,7,14,エイシンニラク,牡,3,菊沢一樹, 57 ,16,14,１, ,ダ1800,良,,(美),勢司和浩,1554,-0.1,6,6,5,38.8,470,0,
,"2026. 3.14",中山,2中5,未勝利,未勝利・牝,5,8,エコロストーム,牝,3,津村明秀, 55 ,15,5,１, ,ダ1800,良,*,(美),千葉直人,1566,-0.3,7,5,5,39.2,454,+4,
,"2026. 3. 8",中山,2中4,2勝,２勝ｸﾗｽ,8,16,ポッドロワール,牡,4,荻野極, 58 ,16,4,１, ,芝1200,良,,(美),畠山吉宏,1087,-0.0,,6,5,34.4,510,-4,B
,"2026. 3. 8",中山,2中4,Ｇ２,弥生賞G2,7,8,バステール,牡,3,川田将雅, 57 ,10,3,１, ,芝2000,良,,(栗),斉藤崇史,2002,-0.1,9,8,8,34.9,456,+8,
,"2026. 3. 8",中山,2中4,ｵｰﾌﾟﾝ,総武Ｓ,5,9,ブレイクフォース,牡,7,田辺裕信, 58 ,15,6,１, ,ダ1800,稍,,(美),中舘英二,1527,-0.0,12,9,8,37.9,496,+2,B
,"2026. 3. 8",中山,2中4,3勝,湾岸Ｓ･3勝,1,1,マイユニバース,牡,4,横山典弘, 57 ,16,1,１, ,芝2500,良,,(栗),武幸四郎,2321,-0.6,5,5,5,35.6,480,+10,
,"2026. 3. 8",中山,2中4,2勝,２勝ｸﾗｽ,4,5,ラオラシオン,セ,5,横山琉人, 58 ,13,12,１, ,ダ1800,稍,,(美),斎藤誠,1537,-0.4,6,4,3,39.3,488,0,B
,"2026. 3. 8",中山,2中4,1勝,１勝ｸﾗｽ*,4,4,ディールメーカー,牡,3,坂井瑠星, 57 ,11,1,１, ,芝1600,良,,(美),大和田成,1335,-0.3,1,2,2,34.8,498,+4,
,"2026. 3. 8",中山,2中4,1勝,１勝ｸﾗｽ,5,10,マクミランテソーロ,牡,5,木幡巧也, 58 ,16,1,１, ,ダ1200,稍,,(美),田中剛,1109,-0.4,,2,2,37.5,482,-4,
,"2026. 3. 8",中山,2中4,未勝利,未勝利,5,9,ラベルセーヌ,牝,3,荻野極, 55 ,16,8,１, ,芝1800,良,,(美),鹿戸雄一,1470,-0.8,11,11,10,35.0,430,,
,"2026. 3. 8",中山,2中4,未勝利,障害未勝利,3,4,バルサムノート,牡,6,森一馬, 60 ,14,2,１, ,ダ2880,良,,(栗),高野友和,3188,-0.1,2,2,2,13.8,518,-2,
,"2026. 3. 8",中山,2中4,未勝利,未勝利,8,13,ホノボノ,牡,3,丹内祐次, 57 ,14,5,１, ,ダ1800,稍,,(美),尾形和幸,1562,-0.4,2,2,2,39.5,460,-2,
,"2026. 3. 8",中山,2中4,未勝利,未勝利,4,7,デアプリームス,牝,3,池添謙一, 55 ,16,2,１, ,ダ1200,稍,,(美),田島俊明,1122,-0.1,,3,3,37.7,438,-6,
,"2026. 3. 8",中山,2中4,未勝利,未勝利・牝,8,16,ステイグローリアス,牝,3,松岡正海, 55 ,16,7,１, ,ダ1800,稍,,(美),堀内岳志,1579,-0.0,10,7,4,41.0,474,,
,"2026. 3. 7",中山,2中3,1勝,１勝ｸﾗｽ,2,4,レッドレナート,牡,5,横山和生, 58 ,16,3,１, ,芝1600,稍,,(美),手塚貴徳,1340,-0.1,1,1,1,36.3,494,-6,
,"2026. 3. 7",中山,2中3,Ｇ３,中山牝馬ＨG3,2,3,エセルフリーダ,牝,5,武藤雅, 53 ,16,6,１, ,芝1800,稍,,(美),武藤善則,1471,-0.2,2,2,2,35.9,482,-6,
,"2026. 3. 7",中山,2中3,3勝,上総Ｓ･3勝,7,11,マーズオデッセイ,牡,4,三浦皇成, 58 ,14,8,１, ,ダ1800,重,,(美),田中勝春,1518,-0.1,11,11,9,37.6,516,-8,
,"2026. 3. 7",中山,2中3,2勝,潮来特Ｈ･2勝,8,12,カエルム,牡,5,横山和生, 56 ,13,6,１, ,芝2500,稍,,(栗),安田翔伍,2339,-0.2,2,1,1,37.5,472,+2,
,"2026. 3. 7",中山,2中3,1勝,１勝ｸﾗｽ,4,5,ホークライト,セ,4,ルメール, 58 ,14,1,１, ,ダ1800,重,,(美),中舘英二,1537,-1.2,2,2,1,37.8,488,0,B
,"2026. 3. 7",中山,2中3,1勝,１勝ｸﾗｽ*,6,12,レッドスティンガー,牡,3,戸崎圭太, 57 ,16,1,１, ,ダ1200,重,,(美),矢嶋大樹,1104,-0.1,,6,3,36.9,458,-12,
,"2026. 3. 7",中山,2中3,未勝利,未勝利・牝,5,9,サムシングスイート,牝,3,岩田望来, 55 ,18,2,１, ,芝2000,稍,,(美),伊藤大士,2031,-0.5,6,3,2,35.7,494,-4,
,"2026. 3. 7",中山,2中3,未勝利,未勝利,6,12,ウィロークリーク,牡,3,ルメール, 57 ,18,1,１, ,芝2200,稍,,(美),中舘英二,2156,-0.1,7,5,4,35.8,476,-12,B
,"2026. 3. 7",中山,2中3,ｵｰﾌﾟﾝ,障害・オープ,3,4,プラチナドリーム,牡,7,石神深一, 61 ,14,5,１, ,ダ3200,重,,(美),菊川正達,3412,-0.4,7,4,4,13.8,490,+6,B
,"2026. 3. 7",中山,2中3,未勝利,未勝利,7,14,トヨサカエ,牡,3,吉田豊, 57 ,16,1,１, ,ダ1200,重,,(美),高橋文雅,1110,-0.3,,5,5,36.3,470,0,
,"2026. 3. 7",中山,2中3,未勝利,未勝利,1,1,ジオストラテジー,牡,3,木幡巧也, 57 ,15,3,１, ,ダ1800,重,,(美),牧光二,1549,-0.2,3,4,4,39.6,508,0,B
,"2026. 3. 7",中山,2中3,未勝利,未勝利・牝,8,16,トモジャオーリー,牝,3,津村明秀, 55 ,16,1,１, ,ダ1200,重,,(美),鈴木伸尋,1113,-0.6,,2,2,37.2,438,0,
,"2026. 3. 1",中山,2中2,2勝,２勝ｸﾗｽ,1,1,ラストシャリナ,牡,4,石川裕紀, 58 ,16,13,１, ,ダ1200,良,,(美),矢嶋大樹,1110,-0.3,,4,3,36.2,488,-12,
,"2026. 3. 1",中山,2中2,Ｇ２,中山記念G2,4,5,レーベンスティール,牡,6,戸崎圭太, 58 ,14,3,１, ,芝1800,良,,(美),田中博康,1451,-0.3,4,4,3,33.8,484,-2,
,"2026. 3. 1",中山,2中2,3勝,アクアマ･3勝,2,2,ソーダーンライト,牝,4,横山武史, 56 ,15,1,１, ,芝1200,良,,(美),鹿戸雄一,1069,-0.1,,6,6,33.7,458,-2,
,"2026. 3. 1",中山,2中2,2勝,富里特別･2勝,7,8,ヤマニンアドホック,牡,5,石川裕紀, 58 ,10,2,１, ,芝2000,良,,(美),辻哲英,1577,-0.9,1,1,1,35.5,462,-2,
,"2026. 3. 1",中山,2中2,1勝,１勝ｸﾗｽ,5,9,ライトニングゼウス,牡,5,佐藤翔馬,55▲,16,2,１, ,ダ1200,稍,,(美),伊藤圭三,1113,-0.3,,4,2,37.4,512,-8,
,"2026. 3. 1",中山,2中2,1勝,１勝ｸﾗｽ*,7,10,ロデオドライブ,牡,3,津村明秀, 57 ,12,2,１, ,芝1600,良,,(美),辻哲英,1321,-0.5,3,5,4,33.5,476,+12,
,"2026. 3. 1",中山,2中2,1勝,１勝ｸﾗｽ・牝,3,4,パースウェイド,牝,4,ルメール, 55 ,15,1,１, ,ダ1800,稍,*,(美),中舘英二,1531,-0.6,2,2,1,37.4,478,+2,
,"2026. 3. 1",中山,2中2,未勝利,未勝利,1,2,サザンテイオー,牡,3,長浜鴻緒,55△,16,1,１, ,芝1600,良,,(美),根本康広,1356,-0.0,4,3,3,34.4,450,-2,
,"2026. 3. 1",中山,2中2,1勝,１勝ｸﾗｽ*,7,7,チャーリー,牡,3,ルメール, 57 ,8,1,１, ,ダ1800,稍,,(美),国枝栄,1517,-1.7,5,4,2,36.8,512,-10,
,"2026. 3. 1",中山,2中2,未勝利,未勝利,7,14,モーゲンセン,牡,3,戸崎圭太, 57 ,16,1,１, ,ダ1200,稍,,(美),斎藤誠,1114,-0.3,,3,3,36.9,514,-4,
,"2026. 3. 1",中山,2中2,未勝利,未勝利,3,5,アトラステソーロ,牡,3,菅原明良, 57 ,16,1,１, ,ダ1800,稍,,(美),高木登,1550,-0.7,1,1,1,39.3,486,+22,
,"2026. 3. 1",中山,2中2,未勝利,未勝利・牝,8,15,ピュアエンブレム,牝,3,岩田康誠, 55 ,16,2,１, ,ダ1800,稍,,(美),小手川準,1552,-0.1,11,7,5,39.7,498,+18,
,"2026. 2.28",中山,2中1,2勝,２勝ｸﾗｽ,5,10,メリークリスマス,牡,4,ルメール, 57 ,16,1,１, ,ダ1800,稍,,(美),小手川準,1527,-0.3,7,7,7,38.0,508,+6,
,"2026. 2.28",中山,2中1,Ｇ３,オーシャG3,2,3,ペアポルックス,牡,5,岩田康誠, 57 ,16,7,１, ,芝1200,良,,(栗),梅田智之,1070,-0.0,,14,12,33.4,474,+2,
,"2026. 2.28",中山,2中1,3勝,春風ＳＨ･3勝,8,16,ブレーザー,牡,5,戸崎圭太, 57 ,16,4,１, ,ダ1200,稍,,(美),伊坂重信,1100,-0.3,,6,5,36.2,530,+2,
,"2026. 2.28",中山,2中1,1勝,水仙賞･1勝*,4,4,ノーブルサヴェージ,牡,3,ルメール, 57 ,8,3,１, ,芝2200,良,,(美),森一誠,2127,-0.2,2,2,2,35.7,552,+4,
,"2026. 2.28",中山,2中1,2勝,２勝ｸﾗｽ,8,12,コスモアンソロジー,牡,4,津村明秀, 58 ,13,2,１, ,芝1600,良,,(美),嘉藤貴行,1328,-0.2,2,2,2,35.5,448,-4,
,"2026. 2.28",中山,2中1,1勝,１勝ｸﾗｽ,8,15,グロスビーク,牡,4,ルメール, 57 ,16,1,１, ,ダ1800,重,,(美),田中博康,1531,-0.4,1,1,1,39.2,490,+24,
,"2026. 2.28",中山,2中1,1勝,１勝ｸﾗｽ・牝*,8,8,フロレセール,牝,3,ルメール, 55 ,9,1,１, ,芝1800,良,,(美),辻哲英,1471,-0.3,4,3,4,35.2,474,+4,
,"2026. 2.28",中山,2中1,未勝利,未勝利,1,2,セットエトワール,牝,3,戸崎圭太, 55 ,18,1,１, ,芝2000,良,,(美),鹿戸雄一,2017,-0.0,5,5,4,35.5,478,+2,
,"2026. 2.28",中山,2中1,未勝利,未勝利,7,9,インディヴァイン,牡,3,ルメール, 57 ,12,1,１, ,ダ1800,重,,(美),林徹,1548,-0.1,2,2,1,39.4,526,-10,
,"2026. 2.28",中山,2中1,未勝利,未勝利,3,6,リゾートライン,牡,3,松山弘平, 57 ,16,3,１, ,ダ1200,重,,(美),伊坂重信,1109,-0.4,,1,1,36.6,510,+4,
,"2026. 2.28",中山,2中1,未勝利,未勝利,5,9,パラダイスフェイス,牡,3,松山弘平, 57 ,15,1,１, ,ダ1800,重,,(美),牧光二,1526,-1.3,2,1,1,37.3,506,+6,
,"2026. 2.28",中山,2中1,未勝利,未勝利・牝,7,14,タヤスロレンヌ,牝,3,江田照男, 55 ,16,3,１, ,ダ1200,重,,(美),岩戸孝樹,1118,-0.1,,5,5,37.2,466,+2,
,"2026. 1.25",中山,1中9,未勝利,未勝利,8,15,ナイスプレーアスク,牝,3,荻野極, 55 ,16,3,１, ,芝1600,良,,(美),田村康仁,1333,-0.0,7,7,5,34.7,442,-2,
,"2026. 1.25",中山,1中9,Ｇ２,アメリカG2,5,9,ショウヘイ,牡,4,川田将雅, 57 ,16,3,１, ,芝2200,良,,(栗),友道康夫,2108,-0.3,4,4,4,35.1,470,-2,
,"2026. 1.25",中山,1中9,3勝,江戸川Ｓ･3勝,5,9,ルディック,牡,5,横山武史, 58 ,16,2,１, ,ダ1200,良,,(栗),高野友和,1115,-0.0,,1,1,37.7,534,-4,B
,"2026. 1.25",中山,1中9,1勝,若竹賞･1勝*,1,1,ブレナヴォン,牡,3,松山弘平, 57 ,12,1,１, ,芝1800,良,,(栗),池江泰寿,1465,-0.2,9,8,5,34.3,460,+4,
,"2026. 1.25",中山,1中9,2勝,２勝ｸﾗｽ,2,2,ハードセルツァー,牡,4,キング, 58 ,15,1,１, ,ダ1200,良,,(美),堀宣行,1115,-0.5,,1,1,37.5,488,-4,
,"2026. 1.25",中山,1中9,2勝,２勝ｸﾗｽ,3,3,ストレイトトーカー,牡,4,横山武史, 57 ,10,1,１, ,芝1600,良,,(美),岩戸孝樹,1336,-0.0,2,1,1,34.7,480,+2,
,"2026. 1.25",中山,1中9,1勝,１勝ｸﾗｽ,5,9,コーリンカルベラ,牡,5,吉田豊, 58 ,15,6,１, ,ダ1800,良,,(美),小野次郎,1553,-0.1,13,12,8,38.8,496,0,
,"2026. 1.25",中山,1中9,新馬,新馬,6,12,ヤマニンヘルシェ,牡,3,石川裕紀, 57 ,18,16,１, ,芝2000,良,,(美),辻哲英,2034,-0.3,2,2,2,34.7,476,,
,"2026. 1.25",中山,1中9,新馬,新馬,2,4,トーアエレクトラム,牝,3,菅原明良, 55 ,16,9,１, ,ダ1800,良,,(美),小島茂之,1586,-0.4,8,9,8,39.6,484,,
,"2026. 1.25",中山,1中9,未勝利,未勝利,6,12,サトノエスケープ,牡,3,横山武史, 57 ,16,1,１, ,ダ1200,良,,(美),久保田貴,1129,-0.5,,4,5,38.3,484,-2,
,"2026. 1.25",中山,1中9,未勝利,未勝利・牝,7,12,プレイメイカー,牝,3,横山武史, 55 ,14,1,１, ,ダ1800,良,,(美),栗田徹,1579,-0.7,1,1,1,40.5,458,0,
,"2026. 1.25",中山,1中9,未勝利,未勝利,3,6,アンプイットアップ,牡,3,岩田望来, 57 ,16,2,１, ,ダ1200,良,,(美),岩戸孝樹,1129,-0.3,,2,2,38.5,500,0,
,"2026. 1.24",中山,1中8,1勝,１勝ｸﾗｽ,2,2,プリムツァール,牝,4,キング, 55 ,12,1,１, ,芝1600,良,,(美),蛯名正義,1321,-0.4,2,2,2,33.9,464,-4,
,"2026. 1.24",中山,1中8,3勝,初富士Ｈ･3勝,8,16,エセルフリーダ,牝,5,津村明秀, 55 ,18,2,１, ,芝2000,良,,(美),武藤善則,1592,-0.0,4,6,3,34.4,488,+2,
,"2026. 1.24",中山,1中8,2勝,初霞賞･2勝,1,1,プルナチャンドラ,牡,5,横山和生, 58 ,10,1,１, ,ダ1800,良,,(美),小野次郎,1552,-0.1,8,7,5,38.5,512,+8,B
,"2026. 1.24",中山,1中8,2勝,東雲賞･2勝,7,7,ドゥカート,牡,4,菅原明良, 57 ,9,7,１, ,芝1800,良,,(美),宮田敬介,1464,-0.1,2,2,2,33.5,482,-2,
,"2026. 1.24",中山,1中8,1勝,１勝ｸﾗｽ・牝,8,11,キョウエイフロイデ,牝,5,原優介, 56 ,12,2,１, ,ダ1800,良,,(美),中川公成,1549,-0.7,10,6,5,38.0,484,-6,
,"2026. 1.24",中山,1中8,1勝,１勝ｸﾗｽ,7,14,ルーフオブヘヴン,牝,5,佐々木大, 56 ,16,6,１, ,ダ1200,良,,(美),武藤善則,1124,-0.2,,3,2,37.5,474,+8,
,"2026. 1.24",中山,1中8,1勝,１勝ｸﾗｽ*,7,11,クラウトロック,牡,3,戸崎圭太, 57 ,13,1,１, ,ダ1800,良,,(美),加藤征弘,1547,-0.3,10,4,3,38.4,536,+2,
,"2026. 1.24",中山,1中8,未勝利,未勝利,8,17,ミッキーファルコン,牡,3,キング, 57 ,18,2,１, ,芝2200,良,,(美),堀宣行,2120,-0.2,9,7,8,35.4,420,-6,
,"2026. 1.24",中山,1中8,未勝利,未勝利,2,3,テイクオンミー,牡,3,柴田善臣, 57 ,15,6,１, ,ダ1800,良,,(美),水野貴広,1554,-0.1,1,1,1,39.5,504,+6,
,"2026. 1.24",中山,1中8,新馬,新馬,6,12,サマーゲール,牡,3,キング, 57 ,16,1,１, ,ダ1200,良,,(美),加藤士津,1142,-0.2,,9,7,37.3,528,,
,"2026. 1.24",中山,1中8,未勝利,未勝利,2,4,スノースコール,牡,3,キング, 57 ,16,3,１, ,ダ1800,良,,(美),加藤征弘,1570,-0.0,2,1,1,42.4,504,+4,
,"2026. 1.24",中山,1中8,未勝利,未勝利・牝,8,16,ムーンブランシュ,牝,3,木幡巧也, 55 ,16,1,１, ,ダ1200,良,,(美),牧光二,1132,-0.9,,2,2,37.3,484,+6,
,"2026. 1.18",中山,1中7,未勝利,未勝利・牝,4,8,サンヴィクトワール,牝,3,ルメール, 55 ,16,1,１, ,芝1600,良,,(美),武井亮,1342,-0.1,5,10,9,34.7,496,+4,
,"2026. 1.18",中山,1中7,Ｇ３,京成杯G3,3,4,グリーンエナジー,牡,3,戸崎圭太, 57 ,15,2,１, ,芝2000,良,,(美),上原佑紀,1593,-0.0,11,11,10,33.8,490,-2,
,"2026. 1.18",中山,1中7,ｵｰﾌﾟﾝ,ジャニュ,7,14,モンドプリューム,牡,6,三浦皇成, 57 ,16,12,１, ,ダ1200,良,,(美),水野貴広,1106,-0.3,,11,9,36.4,514,+4,
,"2026. 1.18",中山,1中7,3勝,若潮Ｓ･3勝,4,7,ポルカリズム,牝,6,三浦皇成, 56 ,15,5,１, ,芝1600,良,,(栗),中内田充,1317,-0.0,4,5,5,34.1,488,-6,
,"2026. 1.18",中山,1中7,2勝,２勝ｸﾗｽ・牝,4,7,レディーフランシス,牝,4,横山和生, 55 ,16,3,１, ,ダ1800,良,,(美),和田勇介,1536,-0.9,16,10,3,38.0,446,-2,
,"2026. 1.18",中山,1中7,2勝,２勝ｸﾗｽ,3,5,フィーリウス,牡,4,丹内祐次, 57 ,16,5,１, ,芝2200,良,,(美),手塚貴久,2145,-0.2,3,3,4,33.8,504,-8,
,"2026. 1.18",中山,1中7,1勝,１勝ｸﾗｽ,4,6,リラゲイル,牡,4,荻野極, 57 ,14,2,１, ,ダ1800,良,,(美),矢野英一,1556,-0.0,5,2,3,38.5,464,-2,
,"2026. 1.18",中山,1中7,新馬,新馬,4,8,サンプレクス,牡,3,石川裕紀, 57 ,16,4,１, ,芝1600,良,,(美),大竹正博,1344,-0.3,2,1,1,34.3,422,,
,"2026. 1.18",中山,1中7,未勝利,障害未勝利,5,7,アスクオンディープ,セ,7,小牧加矢, 60 ,14,1,１, ,ダ2880,良,,(栗),前川恭子,3136,-0.4,3,3,3,13.4,492,0,
,"2026. 1.18",中山,1中7,未勝利,未勝利,6,9,サイモフェーン,牡,3,ルメール, 57 ,13,1,１, ,ダ1800,良,,(美),高木登,1557,-0.4,5,2,2,38.5,486,-4,
,"2026. 1.18",中山,1中7,未勝利,未勝利・牝,3,6,デルマホダカ,牝,3,菊沢一樹, 55 ,16,7,１, ,ダ1800,良,,(美),菊沢隆徳,1574,-0.1,6,8,7,40.7,490,+6,
,"2026. 1.18",中山,1中7,未勝利,未勝利,5,10,マーガレットクレア,牝,3,原優介, 55 ,16,6,１, ,ダ1200,良,,(美),黒岩陽一,1131,-0.1,,11,10,38.1,444,+6,
,"2026. 1.17",中山,1中6,2勝,２勝ｸﾗｽ,4,8,カンシン,牡,4,菅原明良, 58 ,16,3,１, ,芝1200,良,,(栗),西園翔太,1080,-0.1,,10,8,33.0,470,+2,
,"2026. 1.17",中山,1中6,ｵｰﾌﾟﾝ,カーバンＨ,4,8,ウイングレイテスト,牡,9,松岡正海, 58 ,16,7,１, ,芝1200,良,,(美),畠山吉宏,1074,-0.0,,3,3,33.5,520,+10,B
,"2026. 1.17",中山,1中6,3勝,アレキＨ･3勝,2,3,チュウワクリスエス,牡,4,原田和真, 56 ,16,4,１, ,ダ1800,良,,(美),栗田徹,1522,-0.6,2,2,2,37.4,498,+4,
,"2026. 1.17",中山,1中6,1勝,菜の花賞･1勝,1,1,アメティスタ,牝,3,横山武史, 55 ,8,2,１, ,芝1600,良,,(栗),牧浦充徳,1344,-0.0,3,3,3,34.2,462,-8,
,"2026. 1.17",中山,1中6,2勝,２勝ｸﾗｽ,6,11,ゴールドハンマー,牝,4,横山典弘, 56 ,16,3,１, ,ダ1200,良,,(美),村田一誠,1118,-0.0,,7,7,36.8,492,0,
,"2026. 1.17",中山,1中6,1勝,１勝ｸﾗｽ,6,7,クリフハンガー,セ,5,荻野極, 58 ,12,6,１, ,芝2200,良,,(美),上原博之,2120,-0.1,6,5,6,35.2,450,-4,
,"2026. 1.17",中山,1中6,1勝,１勝ｸﾗｽ,5,9,メッエフアパラ,牡,5,戸崎圭太, 58 ,16,1,１, ,ダ1200,良,,(美),辻哲英,1119,-0.1,,5,5,37.2,470,0,
,"2026. 1.17",中山,1中6,未勝利,未勝利,7,14,レダアトミカ,牝,3,津村明秀, 55 ,18,1,１, ,芝2000,良,,(美),上原佑紀,2007,-0.0,13,5,4,35.1,486,+6,
,"2026. 1.17",中山,1中6,未勝利,障害未勝利,6,8,コレクテイニア,牡,6,草野太郎, 60 ,12,1,１, ,ダ2880,良,,(美),戸田博文,3149,-1.2,1,1,1,13.5,474,+4,
,"2026. 1.17",中山,1中6,新馬,新馬,4,7,ガムラスタン,牡,3,横山琉人, 57 ,16,6,１, ,ダ1800,良,,(美),斎藤誠,1569,-0.1,7,8,8,39.1,530,,
,"2026. 1.17",中山,1中6,未勝利,未勝利,7,13,ウリズンベー,牡,3,横山武史, 57 ,16,1,１, ,ダ1800,良,,(美),萩原清,1555,-0.9,10,5,4,39.0,470,+2,
,"2026. 1.17",中山,1中6,未勝利,未勝利,6,11,サントマーレ,牡,3,戸崎圭太, 57 ,16,1,１, ,ダ1200,良,,(美),尾関知人,1130,-0.1,,5,5,38.1,518,+2,
,"2026. 1.12",中山,1中5,1勝,１勝ｸﾗｽ,1,1,キャピタルリッチ,牡,4,菅原明良, 57 ,18,5,１, ,芝2000,良,,(美),小笠倫弘,1592,-0.0,7,9,5,34.3,466,-2,
,"2026. 1.12",中山,1中5,OP(L),ニューイ(L),3,4,カピリナ,牝,5,横山典弘, 57 ,14,4,１, ,芝1600,良,,(美),田島俊明,1322,-0.0,9,9,8,33.5,480,-2,
,"2026. 1.12",中山,1中5,3勝,初春ＳＨ･3勝,8,15,ドラゴンウェルズ,牡,4,戸崎圭太, 57 ,16,1,１, ,ダ1200,良,,(栗),藤原英昭,1103,-0.3,,4,3,35.8,478,-2,
,"2026. 1.12",中山,1中5,2勝,成田特別･2勝,1,2,ダカラフェスティヴ,牝,4,柴田善臣, 55 ,16,8,１, ,ダ2400,良,,(美),奥平雅士,2358,-0.2,16,12,8,38.6,470,-2,
,"2026. 1.12",中山,1中5,1勝,１勝ｸﾗｽ*,2,2,ヒシアイラ,牡,3,荻野極, 57 ,11,1,１, ,芝1200,良,,(栗),池江泰寿,1082,-0.3,,1,1,34.0,464,+6,
,"2026. 1.12",中山,1中5,1勝,１勝ｸﾗｽ・牝,1,1,フィールオーサム,牝,4,菅原明良, 55 ,15,1,１, ,ダ1800,良,,(美),岩戸孝樹,1538,-1.2,1,1,1,38.0,440,0,
,"2026. 1.12",中山,1中5,未勝利,未勝利,6,11,サトノマティーニ,牡,3,北村宏司, 57 ,18,1,１, ,芝2000,良,,(美),蛯名正義,2000,-0.0,6,5,2,36.2,472,-8,
,"2026. 1.12",中山,1中5,新馬,新馬,8,15,スローモーション,牝,3,長岡禎仁, 55 ,16,8,１, ,ダ1200,良,,(美),深山雅史,1139,-0.0,,2,2,37.6,388,,
,"2026. 1.12",中山,1中5,未勝利,障害未勝利,7,11,ヒットアンドロール,牡,5,石神深一, 60 ,14,6,１, ,ダ2880,良,,(美),田中勝春,3152,-0.2,7,2,2,13.6,466,+2,
,"2026. 1.12",中山,1中5,未勝利,未勝利,1,1,ジェイエルモーダル,牡,3,田辺裕信, 57 ,16,6,１, ,ダ1800,良,,(美),小西一男,1562,-0.6,16,11,2,39.3,456,-2,
,"2026. 1.12",中山,1中5,未勝利,未勝利・牝,2,4,ホールドザデイ,牝,3,木幡巧也, 55 ,16,1,１, ,ダ1800,良,,(美),田中勝春,1567,-0.3,4,5,4,38.7,466,+2,
,"2026. 1.12",中山,1中5,未勝利,未勝利,3,5,アイスメルティング,牝,3,戸崎圭太, 55 ,16,3,１, ,ダ1200,良,,(美),田島俊明,1128,-0.1,,2,1,37.6,424,-2,
,"2026. 1.11",中山,1中4,2勝,２勝ｸﾗｽ,6,12,スプランドゥール,牡,5,石神深道,55▲,16,8,１, ,ダ1200,良,,(美),和田雄二,1109,-0.2,,13,12,36.0,472,-6,
,"2026. 1.11",中山,1中4,Ｇ３,フェアリG3,8,15,ブラックチャリス,牝,3,津村明秀, 55 ,16,5,１, ,芝1600,良,,(栗),武幸四郎,1336,-0.0,3,5,4,35.1,462,+10,
,"2026. 1.11",中山,1中4,ｵｰﾌﾟﾝ,ポルック,2,3,カゼノランナー,牡,5,西村淳也, 57 ,16,7,１, ,ダ1800,良,,(栗),松永幹夫,1531,-0.1,4,4,4,37.7,536,0,
,"2026. 1.11",中山,1中4,2勝,初咲賞･2勝,5,7,コンドゥイア,牝,4,三浦皇成, 55 ,13,1,１, ,芝1800,良,,(栗),井上智史,1479,-0.1,1,1,1,35.0,486,0,
,"2026. 1.11",中山,1中4,1勝,１勝ｸﾗｽ,4,7,クライスレリアーナ,牝,4,ルメール, 55 ,16,1,１, ,芝1600,良,,(美),木村哲也,1321,-0.1,7,7,5,34.5,462,0,
,"2026. 1.11",中山,1中4,1勝,１勝ｸﾗｽ,5,9,サトミノエンジェル,牡,4,横山武史, 57 ,16,1,１, ,ダ1800,良,,(美),鈴木伸尋,1551,-0.3,6,5,5,38.4,526,+2,B
,"2026. 1.11",中山,1中4,未勝利,未勝利,7,15,グランアルト,牡,3,斎藤新, 57 ,18,3,１, ,芝2200,良,,(美),斎藤誠,2138,-0.0,1,1,1,36.1,506,-8,
,"2026. 1.11",中山,1中4,新馬,新馬,1,2,エスシービクトリア,牡,3,遠藤汰月,54▲,16,9,１, ,ダ1800,良,,(美),村田一誠,1559,-0.1,1,1,1,38.5,492,,
,"2026. 1.11",中山,1中4,1勝,１勝ｸﾗｽ*,1,1,エコロシード,牡,3,佐々木大, 57 ,16,1,１, ,ダ1200,良,,(美),堀宣行,1121,-0.2,,1,1,37.3,544,0,
,"2026. 1.11",中山,1中4,未勝利,未勝利,8,16,ファイタージェット,牡,3,津村明秀, 57 ,16,2,１, ,ダ1800,良,,(美),林徹,1555,-0.9,6,3,1,39.6,496,+2,
,"2026. 1.11",中山,1中4,未勝利,未勝利・牝,7,13,ノーブルクラウド,牝,3,西村淳也, 55 ,16,4,１, ,ダ1800,良,,(美),久保田貴,1569,-0.0,3,3,3,39.1,470,-8,B
,"2026. 1.11",中山,1中4,未勝利,未勝利,3,6,ゼファーテソーロ,牡,3,戸崎圭太, 57 ,16,2,１, ,ダ1200,良,,(美),栗田徹,1139,-0.2,,3,2,37.9,486,-2,
,"2026. 1.10",中山,1中3,1勝,１勝ｸﾗｽ,1,2,キボウノホシ,セ,7,丹内祐次, 58 ,16,4,１, ,ダ1200,良,,(美),奥平雅士,1125,-0.0,,9,7,36.8,486,0,
,"2026. 1.10",中山,1中3,3勝,迎春Ｓ･3勝,7,13,アスクナイスショー,牡,5,田辺裕信, 58 ,17,3,１, ,芝2200,良,,(美),中舘英二,2107,-0.2,1,1,1,34.6,508,+4,
,"2026. 1.10",中山,1中3,2勝,初凪賞･2勝,8,16,マテンロウブラボー,牡,5,戸崎圭太, 58 ,16,5,１, ,芝1600,良,,(栗),野中賢二,1338,-0.1,9,7,6,33.9,500,-2,
,"2026. 1.10",中山,1中3,1勝,黒竹賞･1勝*,4,4,マクリール,牡,3,横山武史, 57 ,10,1,１, ,ダ1800,良,,(美),手塚貴久,1541,-0.3,9,3,3,38.8,474,+4,
,"2026. 1.10",中山,1中3,2勝,２勝ｸﾗｽ,8,12,エクリプスルバン,セ,5,佐々木大, 58 ,13,2,１, ,ダ1800,良,,(美),田中博康,1537,-0.5,2,2,1,37.6,450,-2,
,"2026. 1.10",中山,1中3,未勝利,未勝利,3,6,ディールメーカー,牡,3,戸崎圭太, 57 ,16,2,１, ,芝1600,良,*,(美),大和田成,1340,-0.1,2,2,2,34.6,494,+8,
,"2026. 1.10",中山,1中3,1勝,１勝ｸﾗｽ,8,15,ニシノブレイゼスト,牡,4,菅原明良, 57 ,16,1,１, ,ダ1800,良,,(美),高木登,1543,-0.3,5,4,4,38.3,506,0,
,"2026. 1.10",中山,1中3,新馬,新馬,8,14,ランザワールド,牝,3,戸崎圭太, 55 ,15,3,１, ,芝2000,良,,(美),宮田敬介,2022,-0.1,11,1,2,34.7,496,,
,"2026. 1.10",中山,1中3,新馬,新馬・牝,8,11,ガーヴィ,牝,3,舟山瑠泉,52▲,12,6,１, ,ダ1800,良,,(美),村田一誠,1591,-0.0,8,10,10,39.3,456,,
,"2026. 1.10",中山,1中3,未勝利,未勝利,6,12,コックピットサイト,牡,3,荻野極, 57 ,16,2,１, ,ダ1200,良,,(美),鹿戸雄一,1127,-0.4,,2,2,36.9,484,+10,
,"2026. 1.10",中山,1中3,未勝利,未勝利,1,2,ベルウッドピース,牡,3,丹内祐次, 57 ,16,1,１, ,ダ1800,良,,(美),中舘英二,1564,-0.0,3,2,2,40.1,522,+4,
,"2026. 1.10",中山,1中3,未勝利,未勝利・牝,6,11,ライヴレッドアイ,牝,3,木幡巧也, 55 ,16,1,１, ,ダ1200,良,,(美),牧光二,1126,-0.6,,1,1,38.1,494,+2,
,"2026. 1. 5",中山,1中2,1勝,１勝ｸﾗｽ,6,12,ビーコング,牡,5,横山武史, 58 ,16,2,１, ,ダ1200,稍,,(美),小手川準,1117,-0.1,,2,2,36.9,508,+8,
,"2026. 1. 5",中山,1中2,3勝,サンラＨ･3勝,8,13,ウインアイオライト,牝,6,丹内祐次, 53 ,14,6,１, ,芝1200,良,,(美),矢嶋大樹,1082,-0.0,,7,7,34.2,478,0,
,"2026. 1. 5",中山,1中2,2勝,初日の出･2勝,1,1,ダンツファイター,牡,4,佐々木大, 57 ,12,1,１, ,芝2000,良,,(美),蛯名正義,2016,-0.2,1,1,1,34.6,564,+2,
,"2026. 1. 5",中山,1中2,2勝,初茜賞･2勝,3,3,オーケーバーディー,牝,5,横山琉人, 56 ,12,6,１, ,ダ1800,稍,,(美),相沢郁,1527,-0.6,1,1,1,38.7,464,0,
,"2026. 1. 5",中山,1中2,ｵｰﾌﾟﾝ,中山新春,5,5,コンテナワールド,牡,5,井上敏樹, 59 ,9,5,１, ,ダ3200,良,,(栗),中竹和也,3357,-0.4,1,1,1,13.5,480,-4,
,"2026. 1. 5",中山,1中2,1勝,１勝ｸﾗｽ*,2,2,ステラスペース,牡,3,武藤雅, 57 ,10,6,１, ,芝2000,良,,(美),武藤善則,2011,-0.1,1,1,1,36.1,484,-2,
,"2026. 1. 5",中山,1中2,未勝利,未勝利,6,12,イモータリス,牡,3,石川裕紀, 57 ,18,3,１, ,芝2000,良,,(美),手塚貴久,2011,-0.2,12,12,9,35.1,532,-2,
,"2026. 1. 5",中山,1中2,新馬,新馬,6,12,デイトナチャンプ,牡,3,横山武史, 57 ,16,1,１, ,芝1600,良,,(美),加藤征弘,1353,-0.0,4,4,3,35.2,442,,
,"2026. 1. 5",中山,1中2,1勝,１勝ｸﾗｽ,7,11,キャストロププ,牡,4,丹内祐次, 57 ,13,1,１, ,ダ2400,稍,,(美),尾形和幸,2370,-0.5,9,2,2,40.1,502,+4,
,"2026. 1. 5",中山,1中2,未勝利,未勝利,3,3,カフェラジェム,牡,3,横山和生, 57 ,12,1,１, ,ダ1800,稍,,(美),柄崎将寿,1559,-0.3,1,1,1,39.5,518,0,
,"2026. 1. 5",中山,1中2,未勝利,未勝利・牝,6,12,ラングドシャ,牝,3,石橋脩, 55 ,16,3,１, ,ダ1800,稍,,(美),上原佑紀,1566,-0.6,2,2,1,40.6,454,-2,
,"2026. 1. 5",中山,1中2,未勝利,未勝利,3,5,ヴァイオスペース,牡,3,丹内祐次, 57 ,16,3,１, ,ダ1200,稍,,(美),黒岩陽一,1124,-0.1,,2,2,37.6,460,+10,
,"2026. 1. 4",中山,1中1,2勝,２勝ｸﾗｽ,7,13,スリーピース,セ,4,三浦皇成, 58 ,16,6,１, ,ダ1200,稍,,(美),武井亮,1110,-0.2,,2,2,36.2,472,+12,B
,"2026. 1. 4",中山,1中1,Ｇ３,中山金杯ＨG3,7,11,カラマティアノス,牡,4,津村明秀, 55 ,14,7,１, ,芝2000,良,,(美),奥村武,2003,-0.0,4,3,2,34.4,478,+2,
,"2026. 1. 4",中山,1中1,OP(L),ジュニア(L),4,4,リゾートアイランド,牡,3,津村明秀, 57 ,8,1,１, ,芝1600,良,,(美),上原佑紀,1348,-0.0,3,3,3,34.9,508,+2,
,"2026. 1. 4",中山,1中1,3勝,招福Ｓ･3勝,3,3,アスクデビューモア,牡,5,岩田康誠, 58 ,11,5,１, ,ダ1800,稍,,(栗),福永祐一,1531,-0.3,11,2,1,38.1,462,-4,
,"2026. 1. 4",中山,1中1,1勝,１勝ｸﾗｽ・牝,2,4,ラヴァグロウ,牝,6,丸田恭介, 56 ,16,3,１, ,ダ1200,稍,,(美),畠山吉宏,1121,-0.0,,14,14,36.6,452,-6,
,"2026. 1. 4",中山,1中1,1勝,１勝ｸﾗｽ,7,13,バタール,牡,4,荻野極, 57 ,16,1,１, ,ダ1800,稍,,(美),鹿戸雄一,1538,-0.4,5,3,2,39.3,550,-6,
,"2026. 1. 4",中山,1中1,新馬,新馬,4,8,トップオブザライン,牡,3,三浦皇成, 57 ,17,7,１, ,芝2000,良,,(栗),友道康夫,2040,-0.1,3,3,3,35.3,494,,
,"2026. 1. 4",中山,1中1,未勝利,未勝利,8,16,タイセイアストロ,牡,3,杉原誠人, 57 ,16,2,１, ,芝1600,良,,(美),森一誠,1345,-0.0,10,7,5,34.8,456,+4,
,"2026. 1. 4",中山,1中1,未勝利,未勝利,6,7,サトノリシャール,牡,3,岩田康誠, 57 ,12,3,１, ,ダ1800,稍,,(栗),福永祐一,1552,-0.0,7,4,2,40.5,480,0,
,"2026. 1. 4",中山,1中1,新馬,新馬,7,14,エアサロメ,牝,3,矢野貴之, 55 ,16,4,１, ,ダ1200,稍,,(美),大竹正博,1132,-1.1,,2,2,37.7,460,,
,"2026. 1. 4",中山,1中1,未勝利,未勝利,4,4,フィンガー,牡,3,戸崎圭太, 57 ,13,1,１, ,ダ1800,稍,,(美),田中博康,1545,-1.9,1,1,1,37.9,548,+6,
,"2026. 1. 4",中山,1中1,未勝利,未勝利・牝,7,14,フュルスティン,牝,3,横山武史, 55 ,16,1,１, ,ダ1200,稍,,(美),加藤士津,1127,-0.3,,2,1,38.9,470,+4,B
,2025.12.28,中山,5中8,3勝,ファイＨ･3勝,3,6,ジョイフルニュース,牝,3,佐々木大, 54 ,16,1,１, ,芝1600,良,,(美),大竹正博,1336,-0.3,8,6,4,33.4,462,+6,
,2025.12.28,中山,5中8,Ｇ１,有馬記念G1,2,4,ミュージアムマイル,牡,3,Ｃ．デム, 56 ,16,3,１, ,芝2500,良,,(栗),高柳大輔,2315,-0.1,11,11,11,34.6,502,+2,
,2025.12.28,中山,5中8,3勝,フェアウ･3勝,5,10,カンパニョーラ,牝,6,吉田豊, 56 ,16,8,１, ,ダ1200,良,,(美),伊坂重信,1109,-0.0,,16,16,35.8,464,0,
,2025.12.28,中山,5中8,2勝,グッドＨ･2勝,4,6,コーチェラバレー,牡,3,Ｃ．デム, 56 ,14,2,１, ,芝2500,良,,(栗),安田翔伍,2336,-0.2,5,7,4,35.7,436,-2,
,2025.12.28,中山,5中8,2勝,ハッピー･2勝,4,5,ジェイエルマスター,牡,3,横山和生, 57 ,13,2,１, ,ダ1800,良,,(美),小西一男,1529,-0.1,11,1,1,38.2,484,0,
,2025.12.28,中山,5中8,1勝,１勝ｸﾗｽ,7,14,タイセイルヴァン,牡,3,黛弘人, 57 ,16,5,１, ,ダ1200,良,,(美),新開幸一,1120,-0.3,,2,2,37.4,500,+6,
,2025.12.28,中山,5中8,新馬,新馬,3,6,コンジェスタス,牡,2,Ｃ．デム, 56 ,18,4,１, ,芝2000,良,,(栗),高野友和,2036,-0.1,3,5,4,35.3,530,,
,2025.12.28,中山,5中8,新馬,新馬,8,15,クラウトロック,牡,2,プーシャ, 56 ,16,1,１, ,ダ1800,良,,(美),加藤征弘,1557,-1.4,2,2,1,38.7,534,,
,2025.12.28,中山,5中8,1勝,１勝ｸﾗｽ*,4,4,アルデトップガン,牡,2,菅原明良, 56 ,11,6,１, ,ダ1200,良,,(美),田中剛,1117,-0.0,,11,9,36.9,466,0,
,2025.12.28,中山,5中8,未勝利,未勝利*,5,10,ニシノセイドウ,牡,2,津村明秀, 56 ,16,5,１, ,芝1200,良,,(美),伊藤大士,1091,-0.1,,2,2,35.4,446,-4,
,2025.12.28,中山,5中8,未勝利,未勝利*,8,15,タイセツナヒ,牡,2,マーカン, 56 ,16,2,１, ,ダ1800,良,,(美),杉浦宏昭,1569,-0.1,10,4,4,39.4,480,+2,B
,2025.12.28,中山,5中8,未勝利,未勝利*,8,16,ピュール,牡,2,木幡巧也, 56 ,16,12,１, ,ダ1200,良,,(美),久保田貴,1131,-0.5,,8,6,38.2,406,+6,
,2025.12.27,中山,5中7,3勝,グレイト･3勝,8,14,ミクニインスパイア,牡,3,丹内祐次, 56 ,14,1,１, ,芝2500,良,,(美),林徹,2355,-0.3,6,3,2,34.2,508,0,
,2025.12.27,中山,5中7,Ｇ１,ホープフG1,2,4,ロブチェン,牡,2,松山弘平, 56 ,16,7,１, ,芝2000,良,,(栗),杉山晴紀,2010,-0.1,7,7,7,34.5,512,-4,
,2025.12.27,中山,5中7,ＪＧ１,中山大障JG1,4,4,エコロデュエル,牡,6,草野太郎, 63 ,10,1,１, ,芝4100,良,,(美),岩戸孝樹,4468,-0.8,2,1,2,14.0,480,-2,
,2025.12.27,中山,5中7,2勝,ベストウ･2勝,4,7,アンビバレント,牡,5,石川裕紀, 58 ,16,7,１, ,芝1200,良,,(栗),藤野健太,1078,-0.7,,5,5,33.9,478,-2,
,2025.12.27,中山,5中7,1勝,１勝ｸﾗｽ,7,14,ミダース,牡,4,マーカン, 58 ,16,2,１, ,ダ1800,稍,,(美),栗田徹,1539,-0.1,3,7,5,37.9,520,+2,
,2025.12.27,中山,5中7,1勝,１勝ｸﾗｽ,5,9,ウィッシュツリー,牝,3,戸崎圭太, 54 ,18,1,１, ,芝2200,良,,(美),宮田敬介,2147,-0.0,3,2,2,35.9,462,+18,
,2025.12.27,中山,5中7,新馬,新馬,7,11,ジェラートキティ,牝,2,舟山瑠泉,52▲,14,2,１, ,ダ1200,稍,,(美),嘉藤貴行,1119,-0.3,,1,1,37.7,430,,
,2025.12.27,中山,5中7,新馬,新馬,6,12,ルールザウェイヴ,牝,2,マーカン, 55 ,16,2,１, ,芝1600,良,,(美),宮田敬介,1351,-0.2,1,2,2,35.6,426,,
,2025.12.27,中山,5中7,未勝利,未勝利*,7,13,ポッドクロス,牡,2,荻野極, 56 ,18,4,１, ,芝2000,良,,(美),大竹正博,2019,-0.1,8,9,8,36.1,452,+4,
,2025.12.27,中山,5中7,未勝利,未勝利*,3,5,パータリプトラ,セ,2,松山弘平, 56 ,16,2,１, ,ダ1200,稍,,(美),武井亮,1117,-0.1,,3,3,37.6,474,+2,B
,2025.12.27,中山,5中7,未勝利,未勝利*,8,16,パッセージピーク,牡,2,プーシャ, 56 ,16,6,１, ,ダ1800,稍,*,(美),田村康仁,1546,-0.1,5,4,3,38.1,504,+8,
,2025.12.27,中山,5中7,未勝利,未勝利・牝*,6,10,コウジハラ,牝,2,小林美駒,52▲,15,1,１, ,ダ1200,稍,,(美),西田雄一,1125,-0.1,,2,1,38.4,424,-2,
,2025.12.21,中山,5中6,2勝,２勝ｸﾗｽ,4,7,メタルスピード,牡,5,佐々木大, 58 ,16,2,１, ,芝1600,重,,(美),斎藤誠,1345,-0.0,2,2,1,35.7,524,+4,
,2025.12.21,中山,5中6,OP(L),ディセン(L),2,3,ドラゴンブースト,牡,3,丹内祐次, 56 ,16,4,１, ,芝1800,重,,(栗),藤野健太,1474,-0.0,1,1,1,35.2,486,+16,
,2025.12.21,中山,5中6,3勝,北総Ｓ･3勝,8,15,イムホテプ,牡,3,横山武史, 57 ,15,1,１, ,ダ1800,重,,(美),萩原清,1511,-0.2,10,2,2,36.8,486,+4,
,2025.12.21,中山,5中6,2勝,チバテレ･2勝,2,2,シャドウメテオ,牝,3,戸崎圭太, 55 ,11,1,１, ,芝2000,重,,(美),金成貴史,2008,-0.1,7,7,7,35.1,460,+6,
,2025.12.21,中山,5中6,1勝,１勝ｸﾗｽ,4,7,コンティオ,牝,3,横山和生, 55 ,16,9,１, ,ダ1800,重,,(美),和田勇介,1513,-0.0,3,2,4,37.6,462,-4,
,2025.12.21,中山,5中6,未勝利,未勝利*,1,1,ジッピーチューン,牝,2,戸崎圭太, 55 ,16,2,１, ,芝1600,重,,(美),林徹,1346,-0.7,3,2,2,36.1,430,-4,
,2025.12.21,中山,5中6,新馬,新馬,1,2,ファンシーズ,牝,2,丹内祐次, 55 ,16,2,１, ,ダ1200,重,,(美),尾形和幸,1123,-0.2,,5,5,37.1,442,,
,2025.12.21,中山,5中6,新馬,新馬,8,16,ロデオドライブ,牡,2,北村宏司, 56 ,16,5,１, ,芝1600,重,,(美),辻哲英,1351,-0.2,2,3,2,35.4,464,,
,2025.12.21,中山,5中6,未勝利,障害未勝利,7,12,ダノンロッキー,牡,4,五十嵐雄, 60 ,14,1,１, ,ダ2880,重,,(美),萩原清,3162,-1.8,2,2,1,13.6,500,0,
,2025.12.21,中山,5中6,未勝利,未勝利・牝*,7,12,ロンギングセリーヌ,牝,2,横山和生, 55 ,15,3,１, ,芝1800,重,,(美),竹内正洋,1522,-0.0,1,1,1,35.0,502,-2,
,2025.12.21,中山,5中6,未勝利,未勝利*,2,3,ヘルメスギャング,牡,2,今村聖奈,54◇,16,10,１, ,ダ1800,不,,(美),武井亮,1539,-0.0,1,2,1,38.8,466,-10,
,2025.12.21,中山,5中6,未勝利,未勝利*,2,3,ホウオウヘッセン,牡,2,戸崎圭太, 56 ,16,1,１, ,ダ1200,不,,(美),田島俊明,1113,-0.2,,1,1,36.8,468,+14,
,2025.12.20,中山,5中5,2勝,２勝ｸﾗｽ,2,4,ロサンゼルス,牡,4,マーカン, 58 ,16,5,１, ,ダ1200,良,*,(美),伊藤圭三,1104,-0.3,,1,1,36.2,524,-6,B
,2025.12.20,中山,5中5,Ｇ３,ターコイＨG3,4,8,ドロップオブライト,牝,6,松若風馬, 56 ,16,5,１, ,芝1600,良,*,(栗),福永祐一,1330,-0.0,2,3,3,34.2,436,-12,
,2025.12.20,中山,5中5,2勝,香取特別･2勝,1,2,プレシャスデイ,牡,3,荻野極, 56 ,16,1,１, ,ダ2400,良,*,(美),伊坂重信,2344,-0.3,3,6,5,38.4,504,-4,
,2025.12.20,中山,5中5,1勝,ひいらぎ･1勝,1,1,クレパスキュラー,牡,2,ルメール, 56 ,12,1,１, ,芝1600,良,,(美),栗田徹,1329,-0.4,6,3,3,34.2,478,+8,
,2025.12.20,中山,5中5,1勝,１勝ｸﾗｽ,1,1,ダンケルド,牡,3,杉原誠人, 57 ,16,2,１, ,ダ1200,良,,(美),森一誠,1105,-0.7,,1,1,36.9,506,+2,
,2025.12.20,中山,5中5,未勝利,未勝利*,5,10,エコロガノン,牡,2,菅原明良, 56 ,16,2,１, ,ダ1800,良,,(美),矢野英一,1553,-0.3,2,2,1,38.4,448,-4,
,2025.12.20,中山,5中5,新馬,新馬・牝,4,7,リュクスパトロール,牝,2,西村淳也, 55 ,16,9,１, ,芝1800,良,,(美),加藤士津,1499,-0.0,1,1,1,35.0,420,,
,2025.12.20,中山,5中5,新馬,新馬,8,17,プラウディッツ,牝,2,ルメール, 55 ,17,1,１, ,芝2000,良,,(美),田中博康,2018,-0.3,11,8,6,34.7,474,,
,2025.12.20,中山,5中5,新馬,新馬,7,10,ゴールドブレイズ,牡,2,荻野極, 56 ,13,3,１, ,ダ1800,良,,(美),浅利英明,1552,-0.3,2,2,1,39.1,434,,
,2025.12.20,中山,5中5,未勝利,未勝利*,7,14,ミスターライト,牡,2,三浦皇成, 56 ,16,2,１, ,芝1800,良,,(美),鹿戸雄一,1476,-0.6,3,2,2,34.3,500,+6,
,2025.12.20,中山,5中5,未勝利,未勝利・牝*,1,2,ケイツーリーブル,牝,2,津村明秀, 55 ,16,5,１, ,ダ1800,良,,(美),千葉直人,1546,-0.8,8,6,4,39.1,452,-4,
,2025.12.20,中山,5中5,未勝利,未勝利*,3,6,シュピラー,牡,2,菅原明良, 56 ,16,2,１, ,ダ1200,良,,(美),高木登,1125,-0.1,,2,2,38.1,458,0,
,2025.12.14,中山,5中4,1勝,１勝ｸﾗｽ,6,12,ウィンターベル,牡,3,舟山瑠泉,54▲,16,10,１, ,芝1800,稍,,(美),木村哲也,1490,-0.0,1,1,1,35.9,496,+14,
,2025.12.14,中山,5中4,Ｇ３,カペラＳG3,2,4,テーオーエルビス,牡,3,鮫島克駿, 56 ,16,1,１, ,ダ1200,稍,,(栗),高柳大輔,1086,-0.9,,10,7,34.8,526,+16,
,2025.12.14,中山,5中4,OP(L),師走ＳＨ(L),7,14,ブライアンセンス,牡,5,岩田望来,58.5,16,2,１, ,ダ1800,稍,,(美),斎藤誠,1517,-1.0,3,2,2,37.3,520,-4,
,2025.12.14,中山,5中4,2勝,霞ヶ浦特･2勝,8,12,イガッチ,牡,3,Ｍ．デム, 57 ,12,3,１, ,芝1800,稍,,(栗),笹田和秀,1488,-0.1,2,2,2,35.8,476,0,
,2025.12.14,中山,5中4,1勝,１勝ｸﾗｽ,5,7,ダカラフェスティヴ,牝,3,戸崎圭太, 54 ,14,6,１, ,ダ2500,稍,*,(美),奥平雅士,2432,-0.3,11,2,2,39.4,472,+6,
,2025.12.14,中山,5中4,1勝,１勝ｸﾗｽ*,5,10,ケイアイアギト,牡,2,佐々木大, 56 ,16,12,１, ,ダ1800,稍,,(美),加藤征弘,1543,-0.0,4,2,2,38.2,518,+6,
,2025.12.14,中山,5中4,新馬,新馬,5,9,ルクスポップスター,牡,2,団野大成, 56 ,16,3,１, ,ダ1200,稍,,(栗),西園翔太,1132,-0.0,,6,4,37.2,514,,
,2025.12.14,中山,5中4,新馬,新馬,3,5,ジーティーシンドウ,牡,2,菅原明良, 56 ,16,1,１, ,芝1600,稍,,(美),栗田徹,1366,-0.7,5,3,2,35.6,438,,
,2025.12.14,中山,5中4,未勝利,障害未勝利,5,7,ゴールデンスロープ,セ,4,大江原圭, 60 ,14,1,１, ,ダ2880,稍,,(美),小笠倫弘,3180,-0.1,1,1,1,13.8,448,+8,
,2025.12.14,中山,5中4,未勝利,未勝利*,5,9,ラージアンサンブル,牡,2,岩田望来, 56 ,18,2,１, ,芝2000,稍,,(美),武井亮,2030,-0.8,5,5,5,35.9,472,-2,
,2025.12.14,中山,5中4,未勝利,未勝利*,7,14,ニルマーネル,牝,2,吉田豊, 55 ,16,2,１, ,芝1200,良,*,(美),小島茂之,1101,-0.1,,4,4,35.2,396,+6,
,2025.12.14,中山,5中4,未勝利,未勝利*,7,14,ヴェネチアンキング,牡,2,丹内祐次, 56 ,16,1,１, ,ダ1200,稍,,(美),伊藤圭三,1129,-0.5,,4,3,38.3,520,+12,
,2025.12.13,中山,5中3,2勝,２勝ｸﾗｽ,6,9,シュヴァルボヌール,牝,3,プーシャ, 55 ,13,1,１, ,ダ1200,良,,(美),加藤征弘,1112,-0.6,,3,3,36.6,486,+2,
,2025.12.13,中山,5中3,3勝,常総Ｓ･3勝,6,11,マイネルオーシャン,牡,4,佐々木大, 58 ,16,11,１, ,芝1800,良,*,(美),鹿戸雄一,1473,-0.1,3,3,3,34.1,480,+4,B
,2025.12.13,中山,5中3,3勝,アクアＨ･3勝,4,7,モンドプリューム,牡,5,横山典弘, 56 ,15,8,１, ,ダ1200,良,*,(美),水野貴広,1109,-0.1,,3,3,36.5,510,0,
,2025.12.13,中山,5中3,1勝,黒松賞･1勝*,1,1,マーブルパレス,牝,2,石橋脩, 55 ,13,6,１, ,芝1200,良,,(栗),西園正都,1082,-0.4,,1,1,33.9,418,0,
,2025.12.13,中山,5中3,2勝,２勝ｸﾗｽ,7,12,ミライヘノカギ,牡,3,戸崎圭太, 57 ,15,2,１, ,ダ1800,良,,(美),上原佑紀,1543,-0.0,5,2,3,38.2,534,+6,B
,2025.12.13,中山,5中3,1勝,１勝ｸﾗｽ,4,8,レイユール,牝,3,長浜鴻緒,53△,16,7,１, ,ダ1200,良,,(美),手塚貴久,1123,-0.3,,4,4,36.9,420,+10,
,2025.12.13,中山,5中3,新馬,新馬,5,9,タイセイエムロード,牡,2,石田拓郎,53▲,15,15,１, ,ダ1800,良,,(美),新開幸一,1563,-0.3,3,2,2,39.0,452,,
,2025.12.13,中山,5中3,新馬,新馬,6,8,ベンヴェヌータ,牝,2,石橋脩, 55 ,13,5,１, ,芝1800,良,,(美),辻哲英,1485,-0.4,2,2,2,34.4,462,,
,2025.12.13,中山,5中3,未勝利,未勝利*,1,1,ガンダ,牡,2,横山武史, 56 ,16,2,１, ,ダ1800,良,,(美),斎藤誠,1561,-0.3,1,1,1,39.1,490,0,
,2025.12.13,中山,5中3,未勝利,未勝利*,2,4,バルボアパーク,牝,2,プーシャ, 55 ,16,2,１, ,芝1600,良,,(美),田中博康,1338,-0.2,1,1,1,34.9,494,+2,
,2025.12.13,中山,5中3,未勝利,未勝利*,5,10,イッテラッシャイ,牡,2,戸崎圭太, 56 ,16,1,１, ,ダ1800,良,,(美),斎藤誠,1555,-0.9,1,2,2,38.4,490,+6,
,2025.12.13,中山,5中3,未勝利,未勝利・牝*,1,1,ベアアッコチャン,牝,2,木幡巧也, 55 ,14,7,１, ,ダ1200,良,,(美),杉浦宏昭,1135,-0.2,,12,12,38.1,478,+2,
,"2025.12. 7",中山,5中2,1勝,１勝ｸﾗｽ,1,1,リザードアイランド,牡,3,横山和生, 57 ,16,1,１, ,ダ1800,良,,(美),田村康仁,1527,-0.3,3,3,3,37.0,490,+4,
,"2025.12. 7",中山,5中2,OP(L),ラピスラ(L),4,8,ロードフォアエース,牡,4,マーカン, 57 ,16,3,１, ,芝1200,良,,(栗),友道康夫,1071,-0.5,,5,4,33.2,554,+10,
,"2025.12. 7",中山,5中2,3勝,市川ＳＨ･3勝,3,5,クラウンシエンタ,牡,4,丹内祐次, 56 ,16,1,１, ,ダ1800,良,,(美),水野貴広,1523,-0.2,9,7,3,37.2,502,+4,
,"2025.12. 7",中山,5中2,3勝,南総Ｓ･3勝,7,9,シンバーシア,牝,4,マーカン, 56 ,12,5,１, ,芝1200,良,,(美),萩原清,1072,-0.1,,6,3,33.9,460,+10,
,"2025.12. 7",中山,5中2,2勝,２勝ｸﾗｽ,7,13,アシャカトベ,牡,3,横山武史, 57 ,16,1,１, ,ダ1200,良,,(美),小笠倫弘,1110,-0.2,,1,1,37.3,532,+8,
,"2025.12. 7",中山,5中2,2勝,２勝ｸﾗｽ,1,1,ミクニインスパイア,牡,3,丹内祐次, 56 ,11,2,１, ,芝2500,良,,(美),林徹,2305,-0.4,1,1,1,34.1,508,0,
,"2025.12. 7",中山,5中2,1勝,１勝ｸﾗｽ*,2,2,ルクスレイモンド,牡,2,荻野極, 56 ,6,2,１, ,ダ1200,良,,(美),上原佑紀,1119,-0.2,,2,2,36.0,486,-2,
,"2025.12. 7",中山,5中2,新馬,新馬,5,10,サムハラ,牡,2,石田拓郎,53▲,16,3,１, ,芝1200,良,,(美),新開幸一,1094,-0.2,,2,2,34.3,448,,
,"2025.12. 7",中山,5中2,未勝利,障害未勝利,3,3,テーオーリカード,セ,5,小野寺祐, 60 ,11,1,１, ,ダ2880,良,,(栗),高柳大輔,3203,-0.6,2,1,1,13.9,486,-2,
,"2025.12. 7",中山,5中2,新馬,新馬,8,12,ユアフェリシティ,牡,2,原田和真, 56 ,13,2,１, ,ダ1800,良,,(美),千葉直人,1557,-0.5,4,2,1,37.5,480,,
,"2025.12. 7",中山,5中2,未勝利,未勝利*,7,14,テルケンレンスキー,牡,2,木幡初也, 56 ,16,3,１, ,芝1800,良,,(美),竹内正洋,1489,-0.0,1,1,1,35.1,480,-2,
,"2025.12. 7",中山,5中2,未勝利,未勝利*,8,15,ドナソール,牝,2,荻野極, 55 ,16,4,１, ,ダ1200,良,*,(美),畠山吉宏,1129,-0.2,,8,8,38.0,470,+2,B
,"2025.12. 6",中山,5中1,2勝,２勝ｸﾗｽ,1,2,アンドアイラヴハー,牝,4,杉原誠人, 56 ,16,5,１, ,芝1200,良,,(美),田村康仁,1075,-0.1,,1,1,33.6,498,+10,
,"2025.12. 6",中山,5中1,Ｇ２,ステイヤG2,3,3,ホーエリート,牝,4,戸崎圭太, 55 ,14,2,１, ,芝3600,良,,(美),田島俊明,3472,-0.1,4,3,3,34.0,476,-6,
,"2025.12. 6",中山,5中1,2勝,鹿島特別･2勝,3,3,ブルータス,牡,3,横山武史, 57 ,12,1,１, ,ダ1800,良,,(美),高柳瑞樹,1532,-0.1,5,6,6,38.0,462,+4,
,"2025.12. 6",中山,5中1,1勝,葉牡丹賞･1勝,7,9,サノノグレーター,牡,2,横山武史, 56 ,11,4,１, ,芝2000,良,,(美),尾形和幸,1582,-0.5,7,6,6,34.5,468,+4,
,"2025.12. 6",中山,5中1,ｵｰﾌﾟﾝ,イルミネ,4,4,ピーターサイト,牡,5,上野翔, 60 ,12,6,１, ,芝3570,良,,(美),村田一誠,4023,-0.2,1,1,1,13.6,480,-2,
,"2025.12. 6",中山,5中1,1勝,１勝ｸﾗｽ,5,9,タイセイピューマ,牡,4,石田拓郎,55▲,16,5,１, ,ダ1200,良,,(美),新開幸一,1112,-0.0,,4,4,36.5,492,-2,
,"2025.12. 6",中山,5中1,新馬,新馬,3,5,トワイライトサイト,牡,2,横山和生, 56 ,16,1,１, ,ダ1200,良,,(美),嘉藤貴行,1131,-0.4,,2,2,37.6,424,,
,"2025.12. 6",中山,5中1,新馬,新馬,7,14,ゴディアーモ,牝,2,ルメール, 55 ,18,1,１, ,芝2000,良,,(美),森一誠,2011,-0.3,2,1,1,34.9,426,,
,"2025.12. 6",中山,5中1,未勝利,未勝利*,2,3,ショウナンパトス,牡,2,横山和生, 56 ,16,3,１, ,ダ1800,良,,(美),中舘英二,1546,-0.3,1,1,1,38.7,450,0,
,"2025.12. 6",中山,5中1,未勝利,未勝利*,7,12,スミッコディスコ,牡,2,横山和生, 56 ,15,2,１, ,芝1600,良,,(美),鈴木慎太,1354,-0.0,2,2,2,34.1,448,-6,
,"2025.12. 6",中山,5中1,未勝利,未勝利・牝*,5,6,ハニーオーケストラ,牝,2,横山和生, 55 ,13,4,１, ,ダ1800,良,,(美),稲垣幸雄,1564,-0.1,10,9,2,39.5,442,-4,
,"2025.12. 6",中山,5中1,未勝利,未勝利*,4,6,ビップムーラン,牝,2,戸崎圭太, 55 ,15,1,１, ,ダ1200,良,,(美),田島俊明,1122,-0.1,,1,1,37.2,460,0,
,"2025. 9.28",中山,4中9,3勝,外房ＳＨ･3勝,3,6,カズゴルティス,セ,4,菅原明良, 55 ,16,5,１, ,ダ1200,良,,(栗),西園翔太,1109,-0.1,,4,4,36.9,494,-8,
,"2025. 9.28",中山,4中9,Ｇ１,スプリンG1,8,16,ウインカーネリアン,牡,8,三浦皇成, 58 ,16,11,１, ,芝1200,良,,(美),鹿戸雄一,1069,-0.0,,2,2,33.0,514,+2,B
,"2025. 9.28",中山,4中9,2勝,茨城新聞･2勝,3,3,ショウナンサムデイ,牝,3,池添謙一, 53 ,13,1,１, ,芝2000,良,,(美),奥村武,1588,-0.2,4,3,4,34.3,438,-6,
,"2025. 9.28",中山,4中9,1勝,サフラン･1勝,3,3,アルバンヌ,牝,2,ルメール, 55 ,8,2,１, ,芝1600,良,,(美),田中博康,1338,-0.2,4,4,3,33.7,480,0,
,"2025. 9.28",中山,4中9,2勝,２勝ｸﾗｽ,4,7,チュウワクリスエス,牡,3,小林美駒,52▲,16,2,１, ,ダ1800,良,,(美),栗田徹,1529,-0.1,2,2,1,38.4,494,-2,
,"2025. 9.28",中山,4中9,1勝,１勝ｸﾗｽ,3,5,リバーバレイト,牡,3,モレイラ, 56 ,16,1,１, ,芝1600,良,,(美),堀宣行,1325,-0.1,2,3,3,34.3,472,+14,
,"2025. 9.28",中山,4中9,1勝,１勝ｸﾗｽ,1,2,フジレイメイ,牡,3,松岡正海, 55 ,16,5,１, ,ダ1800,良,,(美),小笠倫弘,1543,-0.2,9,5,5,37.5,486,-4,
,"2025. 9.28",中山,4中9,新馬,新馬,8,15,エピックフライト,牡,2,モレイラ, 55 ,17,1,１, ,芝2000,良,,(美),黒岩陽一,2012,-0.1,5,5,5,34.4,498,,
,"2025. 9.28",中山,4中9,新馬,新馬,8,15,サノノアルペン,牡,2,丹内祐次, 55 ,16,4,１, ,ダ1200,良,,(美),尾形和幸,1126,-0.6,,1,1,37.4,492,,
,"2025. 9.28",中山,4中9,未勝利,未勝利*,6,12,コッツォリーノ,牡,2,横山典弘, 55 ,16,1,１, ,芝2000,良,,(美),池上昌和,2007,-0.4,1,1,1,33.9,450,-2,
,"2025. 9.28",中山,4中9,未勝利,未勝利*,3,5,トラスコンガーデン,牝,2,吉田豊, 55 ,16,5,１, ,芝1200,良,,(美),竹内正洋,1087,-0.1,,6,5,33.7,438,-2,
,"2025. 9.28",中山,4中9,未勝利,未勝利*,6,8,ハイライトニング,牡,2,戸崎圭太, 55 ,12,4,１, ,ダ1800,良,,(美),嘉藤貴行,1546,-0.6,4,3,3,38.8,472,-10,
,"2025. 9.27",中山,4中8,2勝,２勝ｸﾗｽ,2,4,ワンダラー,牡,3,内田博幸, 56 ,16,2,１, ,ダ1200,良,,(美),黒岩陽一,1114,-0.1,,6,5,36.2,526,+2,
,"2025. 9.27",中山,4中8,3勝,秋風Ｓ･3勝,8,16,ピースワンデュック,牡,4,柴田善臣, 58 ,16,11,１, ,芝1600,良,,(美),大竹正博,1329,-0.0,2,1,1,34.6,454,+2,
,"2025. 9.27",中山,4中8,2勝,勝浦特別･2勝,1,2,ソーダーンライト,牝,3,横山武史, 54 ,16,1,１, ,芝1200,良,,(美),鹿戸雄一,1076,-0.2,,2,2,33.6,456,+6,
,"2025. 9.27",中山,4中8,ｵｰﾌﾟﾝ,芙蓉Ｓ,7,7,ウイナーズナイン,牡,2,横山武史, 55 ,9,4,１, ,芝2000,良,,(栗),小栗実,2003,-0.0,6,4,5,34.9,508,+12,
,"2025. 9.27",中山,4中8,1勝,１勝ｸﾗｽ,2,4,ショウナンハクウン,牡,5,ルメール, 58 ,16,5,１, ,ダ1200,良,,(美),大竹正博,1111,-0.1,,5,3,37.1,504,0,
,"2025. 9.27",中山,4中8,1勝,１勝ｸﾗｽ,2,4,サンカシグレ,牡,3,丹内祐次, 55 ,16,5,１, ,芝2200,良,,(美),粕谷昌央,2125,-0.1,7,4,4,34.2,458,+10,
,"2025. 9.27",中山,4中8,1勝,１勝ｸﾗｽ・牝,6,12,レディーフランシス,牝,3,横山和生, 53 ,16,2,１, ,ダ1800,良,,(美),和田勇介,1548,-0.1,14,15,10,36.5,446,+12,
,"2025. 9.27",中山,4中8,新馬,新馬,4,8,ギリーズボール,牝,2,ルメール, 55 ,16,1,１, ,芝1600,良,,(美),手塚貴久,1358,-0.1,10,9,9,34.0,428,,
,"2025. 9.27",中山,4中8,新馬,新馬,6,12,ケントン,牡,2,佐々木大, 55 ,16,8,１, ,ダ1800,良,,(美),田島俊明,1556,-0.4,2,4,4,37.7,482,,
,"2025. 9.27",中山,4中8,未勝利,未勝利*,3,6,コパノトーマス,牡,2,原優介, 55 ,16,2,１, ,ダ1200,良,,(美),青木孝文,1118,-0.4,,1,1,37.1,472,+8,
,"2025. 9.27",中山,4中8,未勝利,未勝利*,1,2,ホワイトドラゴン,牡,2,佐々木大, 55 ,16,1,１, ,芝1600,良,,(美),伊藤大士,1339,-0.3,1,1,1,34.8,462,0,
,"2025. 9.27",中山,4中8,未勝利,障害未勝利,6,7,ヴラディア,牡,6,上野翔, 60 ,11,2,１, ,ダ2880,良,,(美),小西一男,3171,-0.3,2,3,2,13.7,484,+4,
,"2025. 9.21",中山,4中7,2勝,２勝ｸﾗｽ・牝,7,13,サンセットブライト,牝,4,横山琉人, 56 ,16,8,１, ,ダ1800,良,,(美),相沢郁,1535,-0.1,14,15,13,37.9,494,-10,B
,"2025. 9.21",中山,4中7,Ｇ２,オールカG2,4,4,レガレイラ,牝,4,戸崎圭太, 57 ,11,1,１, ,芝2200,良,,(美),木村哲也,2102,-0.2,8,6,6,34.0,472,-6,
,"2025. 9.21",中山,4中7,3勝,内房ＳＨ･3勝,6,12,ハギノサステナブル,牡,5,モレイラ, 57 ,16,2,１, ,ダ1800,良,,(栗),高野友和,1530,-0.0,5,6,5,39.2,484,-2,B
,"2025. 9.21",中山,4中7,2勝,木更津特･2勝,3,3,ヒシアマン,牡,3,モレイラ, 56 ,9,1,１, ,芝1600,良,,(美),堀宣行,1320,-0.3,5,5,4,34.4,472,+8,
,"2025. 9.21",中山,4中7,1勝,１勝ｸﾗｽ,7,13,タマカヅラ,牝,3,小林美駒,51▲,16,4,１, ,芝1200,良,,(美),斎藤誠,1078,-0.1,,2,2,34.0,430,-4,
,"2025. 9.21",中山,4中7,1勝,１勝ｸﾗｽ,5,10,メリークリスマス,牡,3,菊沢一樹, 55 ,16,2,１, ,ダ1800,良,,(美),小手川準,1529,-1.0,7,3,3,37.6,496,+10,
,"2025. 9.21",中山,4中7,1勝,１勝ｸﾗｽ,7,14,チャロ,牡,3,菅原明良, 56 ,16,1,１, ,ダ1200,良,,(美),和田正一,1107,-0.2,,2,2,37.0,484,-4,
,"2025. 9.21",中山,4中7,新馬,新馬,7,7,フロレセール,牝,2,ルメール, 55 ,10,1,１, ,芝2000,良,,(美),辻哲英,2032,-0.5,1,1,1,34.3,460,,
,"2025. 9.21",中山,4中7,新馬,新馬,4,8,ナリノシャーウッド,牡,2,岩田望来, 55 ,16,7,１, ,ダ1800,稍,,(美),田村康仁,1554,-0.2,2,1,1,38.6,472,,
,"2025. 9.21",中山,4中7,未勝利,未勝利*,3,3,パントルナイーフ,牡,2,ルメール, 55 ,10,1,１, ,芝1800,良,,(美),木村哲也,1494,-0.2,5,5,5,34.6,506,-4,
,"2025. 9.21",中山,4中7,未勝利,未勝利*,2,3,マーシャルアン,牡,2,上里直汰,52▲,16,9,１, ,ダ1200,稍,,(美),大和田成,1133,-0.3,,7,7,38.2,456,+12,
,"2025. 9.21",中山,4中7,未勝利,未勝利・牝*,3,5,ルーチェフィオーレ,牝,2,横山和生, 55 ,16,1,１, ,芝1600,良,,(美),嘉藤貴行,1339,-0.1,2,1,1,35.6,446,+12,
,"2025. 9.20",中山,4中6,2勝,２勝ｸﾗｽ,6,11,エコロエイト,牡,4,丹内祐次, 58 ,16,8,１, ,ダ1200,重,,(美),田村康仁,1105,-0.0,,2,2,36.2,508,+2,B
,"2025. 9.20",中山,4中6,ｵｰﾌﾟﾝ,バーレー,6,11,ムルソー,牡,4,ルメール, 57 ,15,1,１, ,ダ1800,重,,(栗),池江泰寿,1513,-0.3,2,2,2,37.5,508,+2,
,"2025. 9.20",中山,4中6,2勝,九十九里･2勝,1,1,マイユニバース,牡,3,横山典弘, 55 ,9,1,１, ,芝2500,良,,(栗),武幸四郎,2320,-1.2,1,1,1,34.1,466,0,
,"2025. 9.20",中山,4中6,ｵｰﾌﾟﾝ,カンナＳ,5,6,ウチュウノセカイ,牡,2,原優介, 55 ,13,9,１, ,芝1200,良,,(美),青木孝文,1082,-0.3,,2,2,34.1,492,-6,
,"2025. 9.20",中山,4中6,1勝,１勝ｸﾗｽ,7,14,アルデショワ,牝,3,三浦皇成, 54 ,16,2,１, ,ダ1200,重,,(美),田中博康,1114,-0.2,,1,1,37.3,444,-2,B
,"2025. 9.20",中山,4中6,1勝,１勝ｸﾗｽ,1,2,レイヤードレッド,牡,3,嶋田純次, 55 ,18,6,１, ,芝2000,良,,(美),手塚貴久,2005,-0.0,3,3,3,34.7,476,+2,
,"2025. 9.20",中山,4中6,1勝,１勝ｸﾗｽ,3,3,プレシャスデイ,牡,3,荻野極, 55 ,11,1,１, ,ダ2400,重,,(美),伊坂重信,2358,-1.7,2,1,1,36.7,502,0,
,"2025. 9.20",中山,4中6,新馬,新馬,2,3,サンブライト,牝,2,横山武史, 55 ,16,4,１, ,芝1600,良,,(美),鈴木慎太,1348,-0.0,3,3,2,34.3,462,,
,"2025. 9.20",中山,4中6,新馬,新馬,7,9,ラヴノー,牝,2,津村明秀, 55 ,11,1,１, ,芝1200,良,,(美),林徹,1091,-0.8,,1,1,33.9,406,,
,"2025. 9.20",中山,4中6,1勝,１勝ｸﾗｽ・牝,6,11,ニシノクードクール,牝,3,武藤雅, 54 ,16,5,１, ,ダ1200,重,,(美),武藤善則,1115,-0.0,,7,6,37.4,456,+12,
,"2025. 9.20",中山,4中6,未勝利,未勝利*,7,12,ポルフュロゲネトス,牡,2,戸崎圭太, 55 ,14,1,１, ,芝2000,良,,(美),矢嶋大樹,2016,-0.4,2,2,1,34.7,522,-6,
,"2025. 9.20",中山,4中6,未勝利,未勝利*,7,10,ラフレードピエル,牡,2,菊沢一樹, 55 ,13,3,１, ,ダ1800,重,,(美),萱野浩二,1557,-0.1,3,3,3,39.9,438,0,
,"2025. 9.15",中山,4中5,1勝,１勝ｸﾗｽ,4,8,ワンダラー,牡,3,内田博幸, 56 ,16,1,１, ,ダ1200,良,,(美),黒岩陽一,1108,-0.3,,5,2,36.6,524,+2,
,"2025. 9.15",中山,4中5,Ｇ２,セントラG2,5,6,ミュージアムマイル,牡,3,戸崎圭太, 57 ,12,1,１, ,芝2200,良,,(栗),高柳大輔,2108,-0.1,8,6,6,34.4,500,+4,
,"2025. 9.15",中山,4中5,2勝,ディー･2勝,1,1,フレミングフープ,牝,4,モレイラ, 56 ,9,2,１, ,芝1800,良,,(栗),友道康夫,1476,-0.1,6,6,5,33.1,494,0,
,"2025. 9.15",中山,4中5,2勝,鋸山特別･2勝,3,3,リアライズカミオン,牡,3,モレイラ, 55 ,11,1,１, ,ダ1800,良,,(美),堀宣行,1520,-1.2,3,3,3,37.2,512,0,B
,"2025. 9.15",中山,4中5,1勝,１勝ｸﾗｽ,6,9,キングズトゥルー,牡,3,佐々木大, 55 ,14,3,１, ,芝2500,良,,(美),大竹正博,2317,-0.5,7,1,1,35.3,442,-10,B
,"2025. 9.15",中山,4中5,1勝,１勝ｸﾗｽ・牝,6,11,ゲンパチルーナ,牝,3,横山和生, 53 ,16,2,１, ,ダ1800,良,,(美),西田雄一,1543,-0.3,1,2,2,40.2,440,0,
,"2025. 9.15",中山,4中5,新馬,新馬,8,11,カリヨンアヴォン,牝,2,モレイラ, 55 ,11,2,１, ,ダ1200,良,,(美),勢司和浩,1121,-0.2,,3,3,37.3,440,,
,"2025. 9.15",中山,4中5,新馬,新馬,5,7,サンダーストラック,牡,2,ルメール, 55 ,13,2,１, ,芝1600,良,,(美),木村哲也,1369,-0.0,8,7,4,34.2,520,,
,"2025. 9.15",中山,4中5,未勝利,未勝利,7,13,オルグジェシダ,牝,3,岩田望来, 55 ,16,1,１, ,芝1600,良,,(美),宮田敬介,1332,-0.3,7,9,7,33.9,478,+6,
,"2025. 9.15",中山,4中5,未勝利,未勝利,5,9,ディーズゴールド,牡,3,三浦皇成, 57 ,16,2,１, ,ダ1800,良,,(美),田村康仁,1540,-0.3,1,1,1,37.7,496,-4,
,"2025. 9.15",中山,4中5,未勝利,未勝利*,3,3,ユメシルベ,牝,2,柴田大知, 55 ,10,2,１, ,芝1800,良,,(美),粕谷昌央,1510,-0.0,5,4,5,34.8,418,+6,
,"2025. 9.15",中山,4中5,未勝利,未勝利*,8,15,トップマジシャン,牡,2,石橋脩, 55 ,16,2,１, ,ダ1200,良,,(美),石栗龍彦,1133,-0.3,,14,13,37.6,446,+10,
,"2025. 9.14",中山,4中4,1勝,１勝ｸﾗｽ,1,1,エンペラーズソード,セ,3,菅原明良, 56 ,16,1,１, ,芝1600,良,,(美),高木登,1325,-0.4,1,2,2,34.6,492,+2,
,"2025. 9.14",中山,4中4,ｵｰﾌﾟﾝ,ラジオ日,2,3,ポッドベイダー,牡,3,荻野極, 55 ,16,6,１, ,ダ1200,稍,,(美),上原佑紀,1099,-0.2,,2,2,36.0,488,+4,
,"2025. 9.14",中山,4中4,3勝,レインＨ･3勝,1,1,ブラックシールド,牡,6,内田博幸, 54 ,14,5,１, ,芝2000,良,,(栗),小栗実,1593,-0.1,1,1,1,34.5,474,+14,
,"2025. 9.14",中山,4中4,2勝,御宿特別･2勝,8,8,ケイデンシーマーク,牝,5,津村明秀, 56 ,8,5,１, ,芝1600,良,,(栗),福永祐一,1335,-0.3,2,1,1,33.0,446,-2,B
,"2025. 9.14",中山,4中4,1勝,１勝ｸﾗｽ,2,3,キョウキランブ,牡,3,舟山瑠泉,52▲,16,5,１, ,ダ1800,稍,,(美),古賀慎明,1516,-0.1,2,2,2,36.8,512,-8,
,"2025. 9.14",中山,4中4,未勝利,未勝利,1,2,シャンソンドール,牝,3,戸崎圭太, 55 ,18,1,１, ,芝2000,良,,(美),奥村武,1584,-0.2,1,1,1,35.0,478,+18,
,"2025. 9.14",中山,4中4,未勝利,未勝利,1,1,ブレゲアン,牡,3,三浦皇成, 57 ,16,10,１, ,ダ1800,稍,,(美),田村康仁,1530,-1.1,1,1,1,38.6,460,-2,
,"2025. 9.14",中山,4中4,新馬,新馬,6,6,ライヒスアドラー,牡,2,佐々木大, 55 ,10,1,１, ,芝1800,良,,(美),上原佑紀,1515,-0.6,2,2,2,33.1,510,,
,"2025. 9.14",中山,4中4,未勝利,未勝利*,7,8,ワンダーディーン,牡,2,石田拓郎,52▲,11,2,１, ,ダ1800,稍,,(栗),高柳大輔,1538,-1.3,3,2,2,38.4,450,0,
,"2025. 9.14",中山,4中4,未勝利,未勝利・牝*,5,8,クイーンレグナント,牝,2,荻野極, 55 ,15,2,１, ,ダ1200,稍,,(美),嘉藤貴行,1126,-0.4,,3,3,37.9,448,-4,
,"2025. 9.14",中山,4中4,未勝利,未勝利*,4,8,フクチャンショウ,牡,2,戸崎圭太, 55 ,16,2,１, ,芝1200,良,,(美),加藤征弘,1088,-0.2,,4,5,34.2,432,+2,
,"2025. 9.14",中山,4中4,未勝利,障害未勝利,1,1,フェーングロッテン,セ,6,高田潤, 60 ,9,1,１, ,ダ2880,良,,(栗),宮本博,3185,-0.4,2,2,2,13.8,470,-4,
,"2025. 9.13",中山,4中3,1勝,１勝ｸﾗｽ,6,11,ミクニインスパイア,牡,3,丹内祐次, 55 ,16,1,１, ,芝2000,稍,,(美),林徹,2004,-0.1,6,4,3,33.6,508,+4,
,"2025. 9.13",中山,4中3,3勝,初風Ｓ･3勝,4,4,ユキマル,牡,5,丹内祐次, 58 ,10,3,１, ,ダ1200,重,,(美),尾形和幸,1099,-0.0,,4,2,35.5,498,+10,
,"2025. 9.13",中山,4中3,2勝,汐留特別･2勝,5,5,モンシュマン,牡,4,横山武史, 58 ,11,4,１, ,芝1200,稍,,(栗),上村洋行,1083,-0.1,,5,4,32.8,470,+4,
,"2025. 9.13",中山,4中3,2勝,松戸特Ｈ･2勝,8,11,ベルベルコンパス,牡,3,戸崎圭太, 54 ,11,1,１, ,ダ2400,不,,(栗),小栗実,2361,-0.5,3,3,2,36.1,550,-4,B
,"2025. 9.13",中山,4中3,1勝,１勝ｸﾗｽ,6,11,アシャカトベ,牡,3,横山武史, 56 ,16,2,１, ,ダ1200,不,,(美),小笠倫弘,1102,-0.5,,1,1,35.9,524,0,
,"2025. 9.13",中山,4中3,未勝利,未勝利,8,15,アルデラックス,牡,3,戸崎圭太, 57 ,16,1,１, ,ダ1800,不,,(美),村田一誠,1538,-0.0,8,8,5,38.6,512,+4,
,"2025. 9.13",中山,4中3,新馬,新馬,6,6,メイショウハチコウ,牡,2,戸崎圭太, 55 ,9,2,１, ,芝2000,稍,,(栗),牧浦充徳,2031,-0.1,3,3,3,35.0,496,,
,"2025. 9.13",中山,4中3,新馬,新馬・牝,2,3,スタートレイン,牝,2,佐々木大, 55 ,16,2,１, ,芝1600,稍,,(美),黒岩陽一,1360,-0.0,1,1,1,34.7,442,,
,"2025. 9.13",中山,4中3,ｵｰﾌﾟﾝ,清秋ジャ,5,7,フェーレンベルク,牡,5,高田潤, 60 ,13,1,１, ,芝3210,稍,,(美),千葉直人,3413,-0.0,5,2,3,13.8,482,-2,
,"2025. 9.13",中山,4中3,未勝利,未勝利,2,4,ダンケルド,牡,3,杉原誠人, 57 ,16,2,１, ,ダ1200,不,,(美),森一誠,1106,-0.4,,2,2,36.7,504,+2,
,"2025. 9.13",中山,4中3,未勝利,未勝利*,1,1,マーゴットブロー,牡,2,荻野極, 55 ,11,7,１, ,芝1600,稍,,(美),伊坂重信,1350,-0.0,1,1,1,34.9,496,0,
,"2025. 9.13",中山,4中3,未勝利,未勝利・牝*,8,11,デールエルバハリ,牝,2,小林美駒,52▲,11,2,１, ,ダ1800,不,,(栗),杉山佳明,1538,-0.0,7,6,5,38.5,490,0,
,"2025. 9. 7",中山,4中2,1勝,１勝ｸﾗｽ,6,12,ユキノエミリオ,牡,3,鮫島克駿, 56 ,16,5,１, ,芝1200,良,,(美),竹内正洋,1088,-0.2,,2,1,33.7,436,-10,
,"2025. 9. 7",中山,4中2,Ｇ２,紫苑ＳG2,5,7,ケリフレッドアスク,牝,3,西塚洸二, 55 ,13,7,１, ,芝2000,良,,(栗),藤原英昭,1591,-0.0,1,1,1,34.0,456,+4,
,"2025. 9. 7",中山,4中2,3勝,セプテＨ･3勝,5,6,ルージュラナキラ,牝,3,鮫島克駿, 53 ,13,2,１, ,芝1200,良,,(美),加藤征弘,1070,-0.2,,4,5,33.5,458,-4,
,"2025. 9. 7",中山,4中2,2勝,浦安特別･2勝,8,15,モンドプリューム,牡,5,北村友一, 58 ,16,2,１, ,ダ1200,良,*,(美),水野貴広,1111,-0.0,,6,5,36.5,510,+6,
,"2025. 9. 7",中山,4中2,1勝,１勝ｸﾗｽ,8,14,ロンパイア,牡,3,戸崎圭太, 55 ,15,3,１, ,ダ1800,良,,(美),尾関知人,1531,-0.0,7,4,4,38.3,476,-10,
,"2025. 9. 7",中山,4中2,未勝利,未勝利,8,16,キタノライブリー,牝,3,木幡初也, 55 ,16,1,１, ,ダ1200,良,*,(美),本間忍,1121,-0.1,,4,2,36.9,436,-4,
,"2025. 9. 7",中山,4中2,新馬,新馬,4,7,ヴァレンティーニ,牝,2,岩田康誠, 55 ,16,5,１, ,ダ1800,良,*,(美),新開幸一,1566,-0.3,10,6,4,39.2,482,,
,"2025. 9. 7",中山,4中2,新馬,新馬,3,3,フォルテアンジェロ,牡,2,戸崎圭太, 55 ,12,1,１, ,芝1800,良,,(美),上原佑紀,1489,-0.0,5,5,5,33.9,442,,
,"2025. 9. 7",中山,4中2,未勝利,未勝利*,6,6,マイネルマスター,牡,2,津村明秀, 55 ,10,2,１, ,芝2000,良,,(美),青木孝文,2048,-0.0,3,3,4,33.9,436,+6,
,"2025. 9. 7",中山,4中2,未勝利,未勝利*,7,13,ドンエレクトス,牡,2,菅原明良, 55 ,15,1,１, ,ダ1200,良,,(美),高木登,1120,-0.5,,2,2,37.0,464,+4,
,"2025. 9. 7",中山,4中2,未勝利,未勝利,6,11,キアラメンテ,牝,3,戸崎圭太, 55 ,16,1,１, ,芝1600,良,,(美),鹿戸雄一,1331,-0.0,4,2,2,34.6,434,+6,
,"2025. 9. 7",中山,4中2,未勝利,障害未勝利,7,10,ウィズユアドリーム,牡,5,高田潤, 60 ,13,1,１, ,ダ2880,良,,(栗),宮地貴稔,3192,-0.6,3,2,1,13.8,512,-2,
,"2025. 9. 6",中山,4中1,1勝,１勝ｸﾗｽ,7,14,ドナカルナバル,牝,3,菅原明良, 54 ,16,1,１, ,ダ1200,稍,,(美),高木登,1114,-0.4,,2,1,36.0,478,+2,
,"2025. 9. 6",中山,4中1,Ｇ３,オータムＨG3,1,1,ホウオウラスカーズ,牝,7,木幡巧也, 52 ,16,13,１, ,芝1600,良,,(美),高木登,1313,-0.1,10,11,10,33.1,456,0,
,"2025. 9. 6",中山,4中1,2勝,白井特別･2勝,8,8,パンジャ,牡,4,戸崎圭太, 58 ,8,2,１, ,芝2000,良,,(美),金成貴史,1582,-0.1,4,3,3,34.0,484,-4,
,"2025. 9. 6",中山,4中1,1勝,古作特別･1勝,6,6,シャドウメテオ,牝,3,戸崎圭太, 53 ,11,2,１, ,芝1800,良,,(美),金成貴史,1474,-0.0,7,7,7,33.0,454,+8,
,"2025. 9. 6",中山,4中1,1勝,１勝ｸﾗｽ・牝,4,4,ロフティーイデアル,牝,5,戸崎圭太, 56 ,7,2,１, ,ダ1800,稍,,(美),林徹,1531,-0.4,2,2,2,37.1,474,-2,B
,"2025. 9. 6",中山,4中1,未勝利,未勝利,2,3,ミッドセンチュリー,牡,3,嶋田純次, 57 ,18,3,１, ,芝2000,良,,(美),松山将樹,1596,-0.4,3,6,3,34.5,448,+6,
,"2025. 9. 6",中山,4中1,新馬,新馬,2,3,アルデトップガン,牡,2,菅原明良, 55 ,16,1,１, ,ダ1200,稍,,(美),田中剛,1125,-0.2,,8,7,36.6,464,,
,"2025. 9. 6",中山,4中1,新馬,新馬,3,5,ランプローグ,牝,2,石田拓郎,52▲,16,4,１, ,芝1200,良,,(美),矢野英一,1090,-0.0,,4,4,34.2,404,,
,"2025. 9. 6",中山,4中1,未勝利,未勝利,5,10,コンパクトファイト,牡,3,石神深道,54▲,16,7,１, ,ダ1800,重,,(美),天間昭一,1547,-0.4,6,3,2,39.3,422,+2,
,"2025. 9. 6",中山,4中1,未勝利,未勝利*,1,1,ニャンタロウ,牡,2,三浦皇成, 55 ,9,1,１, ,ダ1800,重,,(美),武市康男,1551,-0.9,1,1,1,38.7,468,0,
,"2025. 9. 6",中山,4中1,未勝利,未勝利*,7,10,トワニ,牝,2,菅原明良, 55 ,12,4,１, ,芝1600,良,,(美),蛯名正義,1340,-0.3,10,9,8,34.3,418,+12,
,"2025. 9. 6",中山,4中1,未勝利,障害未勝利,5,5,ネロコルヴィーノ,牡,4,小坂忠士, 60 ,10,1,１, ,ダ2880,稍,,(栗),辻野泰之,3167,-0.2,1,1,1,13.7,510,-2,
,"2025. 4.20",中山,3中8,3勝,サンシＨ･3勝,4,4,コスモフリーゲン,牡,5,柴田大知, 57 ,13,2,１, ,芝2200,良,,(美),畠山吉宏,2104,-0.3,2,2,2,34.4,502,-2,
,"2025. 4.20",中山,3中8,Ｇ１,皐月賞G1,6,11,ミュージアムマイル,牡,3,モレイラ, 57 ,18,3,１, ,芝2000,良,,(栗),高柳大輔,1570,-0.3,8,8,10,34.1,500,-2,
,"2025. 4.20",中山,3中8,OP(L),京葉Ｓ(L),8,15,インビンシブルパパ,牡,4,モレイラ, 56 ,16,1,１, ,ダ1200,良,,(美),伊藤大士,1111,-0.2,,1,1,36.4,520,-10,
,"2025. 4.20",中山,3中8,2勝,野島崎特･2勝,6,8,アンゴラブラック,牝,4,戸崎圭太, 56 ,12,1,１, ,芝2000,良,,(美),尾関知人,1582,-0.1,3,4,3,33.9,466,-6,
,"2025. 4.20",中山,3中8,2勝,利根川特･2勝,6,12,ソレルビュレット,牡,4,ルメール, 58 ,16,1,１, ,ダ1800,良,,(美),宮田敬介,1539,-0.2,2,1,1,38.1,522,+2,B
,"2025. 4.20",中山,3中8,1勝,１勝ｸﾗｽ,2,4,エコロエイト,牡,4,丹内祐次, 58 ,16,10,１, ,ダ1200,良,,(美),田村康仁,1117,-0.5,,1,1,36.9,504,0,B
,"2025. 4.20",中山,3中8,1勝,１勝ｸﾗｽ*,6,11,ナルカミ,牡,3,戸崎圭太, 57 ,15,1,１, ,ダ1800,良,,(美),田中博康,1529,-0.1,2,2,1,37.5,496,-6,
,"2025. 4.20",中山,3中8,1勝,１勝ｸﾗｽ*,7,8,マックアルイーン,牡,3,ルメール, 57 ,11,3,１, ,芝1200,良,,(美),木村哲也,1074,-0.4,,2,2,33.2,530,-6,
,"2025. 4.20",中山,3中8,未勝利,未勝利,3,5,ルトンワージ,牡,3,戸崎圭太, 57 ,16,2,１, ,芝2000,良,,(美),斎藤誠,1597,-0.3,2,3,2,34.3,450,0,
,"2025. 4.20",中山,3中8,未勝利,未勝利,6,7,スマートカイロス,牡,3,北村友一, 57 ,12,5,１, ,ダ1800,良,,(栗),矢作芳人,1546,-0.2,6,4,4,39.5,526,,
,"2025. 4.20",中山,3中8,未勝利,未勝利,4,7,アサクサグレース,牝,3,戸崎圭太, 55 ,16,1,１, ,ダ1200,良,,(美),戸田博文,1125,-0.2,,3,2,37.3,464,-2,
,"2025. 4.20",中山,3中8,未勝利,未勝利・牝,7,12,ゲンパチルーナ,牝,3,横山和生, 55 ,14,1,１, ,ダ1800,良,,(美),西田雄一,1558,-0.9,1,1,1,38.6,436,+8,
,"2025. 4.19",中山,3中7,2勝,葛飾特別･2勝,1,1,グレタ,牝,6,杉原誠人, 56 ,16,8,１, ,ダ1200,良,,(美),清水英克,1124,-0.0,,1,1,37.2,482,+2,
,"2025. 4.19",中山,3中7,ＪＧ１,中山グラJG1,6,7,エコロデュエル,牡,6,草野太郎, 63 ,12,5,１, ,芝4260,良,,(美),岩戸孝樹,4505,-1.3,1,1,1,13.6,476,-2,
,"2025. 4.19",中山,3中7,3勝,下総Ｓ･3勝,2,3,ジョージテソーロ,牡,4,菅原明良, 58 ,16,5,１, ,ダ1800,良,,(美),嘉藤貴行,1526,-0.1,1,1,1,38.5,476,-8,
,"2025. 4.19",中山,3中7,2勝,袖ケ浦特･2勝,2,2,レッドエヴァンス,セ,4,モレイラ, 58 ,13,1,１, ,芝1200,良,,(栗),東田明士,1072,-0.2,,3,2,33.3,490,-6,B
,"2025. 4.19",中山,3中7,1勝,１勝ｸﾗｽ,5,8,マンダリンボレロ,牡,5,松岡正海, 58 ,14,5,１, ,ダ1800,良,,(美),伊藤伸一,1537,-0.0,10,8,6,38.8,506,-8,
,"2025. 4.19",中山,3中7,1勝,１勝ｸﾗｽ,4,7,エラン,牡,4,モレイラ, 58 ,15,2,１, ,芝2000,良,,(美),蛯名正義,1584,-0.0,6,6,7,33.5,468,-4,
,"2025. 4.19",中山,3中7,1勝,１勝ｸﾗｽ・牝*,6,6,ノビリシマビジョン,牝,3,横山武史, 55 ,8,2,１, ,芝1800,良,,(美),青木孝文,1460,-0.2,2,2,2,33.3,484,0,
,"2025. 4.19",中山,3中7,未勝利,未勝利,4,7,リバーバレイト,牡,3,モレイラ, 57 ,16,1,１, ,芝1600,良,,(美),堀宣行,1320,-0.5,3,2,2,34.2,458,-4,
,"2025. 4.19",中山,3中7,未勝利,未勝利,8,13,アルティテュード,牡,3,モレイラ, 57 ,13,1,１, ,ダ1800,良,,(美),森一誠,1553,-0.5,4,2,3,38.7,486,-6,
,"2025. 4.19",中山,3中7,未勝利,未勝利,1,1,ショーモッシュ,牡,3,横山武史, 57 ,16,2,１, ,ダ1200,良,,(美),鈴木伸尋,1128,-0.0,,1,1,37.5,504,0,
,"2025. 4.19",中山,3中7,未勝利,未勝利,4,4,リザードアイランド,牡,3,横山和生, 57 ,10,3,１, ,ダ1800,良,,(美),田村康仁,1533,-0.7,2,2,2,37.6,482,-4,
,"2025. 4.19",中山,3中7,未勝利,未勝利・牝,4,5,ドナカルナバル,牝,3,菅原明良, 55 ,14,2,１, ,ダ1200,良,,(美),高木登,1119,-0.0,,1,1,37.1,476,+4,
,"2025. 4.13",中山,3中6,1勝,１勝ｸﾗｽ・牝,4,8,ソーニャシュニク,牝,4,今村聖奈,53▲,16,2,１, ,ダ1200,稍,,(美),武井亮,1110,-0.6,,2,1,36.9,470,0,
,"2025. 4.13",中山,3中6,OP(L),春雷ＳＨ(L),5,8,ヨシノイースター,牡,7,内田博幸,57.5,14,3,１, ,芝1200,稍,,(栗),中尾秀正,1080,-0.2,,2,2,34.3,486,+6,
,"2025. 4.13",中山,3中6,2勝,鹿野山特･2勝,3,3,ルカランフィースト,牡,4,菅原明良, 58 ,10,1,１, ,芝2000,良,,(美),鹿戸雄一,2018,-0.0,5,6,6,34.3,478,0,
,"2025. 4.13",中山,3中6,2勝,印西特別･2勝,8,11,コスモジンバック,牡,4,石橋脩, 58 ,11,1,１, ,ダ2400,良,,(美),相沢郁,2345,-0.5,2,2,1,38.2,496,+2,B
,"2025. 4.13",中山,3中6,1勝,１勝ｸﾗｽ*,6,11,ハードセルツァー,牡,3,大野拓弥, 57 ,16,1,１, ,ダ1200,良,,(美),堀宣行,1112,-0.0,,2,2,37.2,476,-4,
,"2025. 4.13",中山,3中6,1勝,１勝ｸﾗｽ*,6,6,ニューファウンド,セ,3,石川裕紀, 57 ,10,3,１, ,ダ1800,良,,(美),相沢郁,1546,-0.1,2,2,2,37.3,510,-2,B
,"2025. 4.13",中山,3中6,未勝利,未勝利・牝,4,8,シャドウメテオ,牝,3,菅原明良, 55 ,18,4,１, ,芝2000,良,,(美),金成貴史,2017,-0.1,5,7,6,34.3,446,-10,
,"2025. 4.13",中山,3中6,未勝利,未勝利,4,7,ドルビナ,牡,3,大野拓弥, 57 ,16,1,１, ,芝1600,良,,(美),杉浦宏昭,1349,-0.0,2,2,2,35.8,458,+8,
,"2025. 4.13",中山,3中6,未勝利,障害未勝利,6,9,シホノスペランツァ,牡,6,高田潤, 60 ,13,1,１, ,ダ2880,良,,(栗),寺島良,3130,-1.5,5,3,1,13.4,478,-6,
,"2025. 4.13",中山,3中6,未勝利,未勝利,7,13,サンライズジュピタ,牡,3,小林脩斗, 57 ,16,3,１, ,ダ1200,良,,(栗),石坂公一,1124,-0.4,,5,3,37.6,494,-2,
,"2025. 4.13",中山,3中6,未勝利,未勝利,1,1,スマートクオーレ,牡,3,木幡初也, 57 ,16,10,１, ,ダ1800,良,,(美),粕谷昌央,1550,-0.1,8,9,6,38.6,490,+2,B
,"2025. 4.13",中山,3中6,未勝利,未勝利・牝,4,6,ルチアーナ,牝,3,長浜鴻緒,52▲,15,1,１, ,ダ1200,良,,(美),小笠倫弘,1119,-0.5,,2,2,37.3,448,-6,
,"2025. 4.12",中山,3中5,2勝,２勝ｸﾗｽ・牝,2,4,オーブルクール,牝,4,石橋脩, 56 ,16,1,１, ,ダ1200,良,*,(美),矢野英一,1109,-0.2,,1,1,36.5,474,-4,
,"2025. 4.12",中山,3中5,Ｇ２,ニュージG2,8,13,イミグラントソング,牡,3,石川裕紀, 57 ,14,2,１, ,芝1600,良,,(美),辻哲英,1324,-0.0,10,9,9,33.1,482,-4,
,"2025. 4.12",中山,3中5,3勝,あけぼの･3勝,1,1,ダイシンヤマト,牡,5,岩田康誠, 58 ,14,2,１, ,芝1600,良,,(美),戸田博文,1326,-0.2,7,6,6,34.0,508,0,
,"2025. 4.12",中山,3中5,1勝,山藤賞･1勝*,2,2,ビーオンザカバー,牡,3,川田将雅, 57 ,9,3,１, ,芝2000,良,,(美),伊藤圭三,1590,-0.4,4,3,2,35.4,472,-2,
,"2025. 4.12",中山,3中5,1勝,１勝ｸﾗｽ,6,10,ラファールドール,セ,4,木幡巧也, 58 ,14,3,１, ,ダ2400,良,,(美),田島俊明,2377,-0.8,2,2,2,39.7,496,-8,
,"2025. 4.12",中山,3中5,1勝,１勝ｸﾗｽ,6,11,ガルサブランカ,牝,4,戸崎圭太, 56 ,16,1,１, ,芝1600,良,,(美),木村哲也,1326,-0.0,4,4,3,34.0,468,0,
,"2025. 4.12",中山,3中5,未勝利,未勝利,3,3,ピコシー,牡,3,岩田康誠, 57 ,12,2,１, ,ダ1800,良,,(美),奥村武,1556,-0.0,4,3,2,39.2,462,-8,
,"2025. 4.12",中山,3中5,未勝利,未勝利,5,6,プルミエソルティ,牡,3,モレイラ, 57 ,12,2,１, ,芝2200,良,,(美),斎藤誠,2135,-0.3,5,6,7,34.9,470,-4,
,"2025. 4.12",中山,3中5,ｵｰﾌﾟﾝ,障害・オープ,5,7,ミヤジシャルマン,牡,5,高田潤, 60 ,14,1,１, ,ダ3200,良,,(栗),宮地貴稔,3342,-0.5,3,2,2,13.4,510,-8,
,"2025. 4.12",中山,3中5,未勝利,未勝利,2,2,ヴィーデ,牡,3,三浦皇成, 57 ,13,1,１, ,ダ1800,稍,,(美),戸田博文,1549,-0.2,1,1,1,38.8,474,-6,B
,"2025. 4.12",中山,3中5,未勝利,未勝利,8,16,ビーアイフォルテ,牝,3,岩田康誠, 55 ,16,3,１, ,ダ1200,稍,,(栗),牧田和弥,1119,-0.4,,1,1,37.3,432,-4,
,"2025. 4.12",中山,3中5,未勝利,未勝利・牝,8,14,レディーフランシス,牝,3,大野拓弥, 55 ,14,2,１, ,ダ1800,稍,,(美),和田勇介,1551,-0.5,11,2,2,38.2,440,0,
,"2025. 4. 6",中山,3中4,2勝,２勝ｸﾗｽ,6,10,ネイト,牝,6,長浜鴻緒,53▲,15,1,１, ,ダ1200,稍,,(栗),小栗実,1115,-0.4,,1,1,35.8,450,-6,
,"2025. 4. 6",中山,3中4,3勝,美浦Ｓ･3勝,3,6,レガーロデルシエロ,牡,4,荻野極, 58 ,16,1,１, ,芝2000,良,,(美),栗田徹,1596,-0.1,7,7,9,35.1,528,+14,
,"2025. 4. 6",中山,3中4,3勝,アリエス･3勝,1,1,マンマリアーレ,牝,5,荻野極, 56 ,16,3,１, ,ダ1800,稍,,(美),高木登,1519,-0.6,6,5,4,37.5,478,+2,
,"2025. 4. 6",中山,3中4,2勝,安房特Ｈ･2勝,7,9,レッドテリオス,牡,4,佐々木大, 57 ,12,1,１, ,芝2500,良,*,(美),古賀慎明,2325,-0.7,8,6,3,34.7,478,-4,
,"2025. 4. 6",中山,3中4,1勝,１勝ｸﾗｽ,5,6,ビジューブリランテ,セ,7,荻野極, 58 ,13,6,１, ,芝1800,良,,(美),浅利英明,1486,-0.1,1,1,1,35.1,498,+2,
,"2025. 4. 6",中山,3中4,1勝,１勝ｸﾗｽ*,5,5,ジョイフルニュース,牝,3,佐々木大, 55 ,9,1,１, ,芝1600,良,,(美),大竹正博,1342,-0.3,2,2,4,34.3,450,+8,
,"2025. 4. 6",中山,3中4,1勝,１勝ｸﾗｽ*,6,10,ゴッドエスパーダ,牡,3,角田大和, 57 ,14,3,１, ,ダ1800,稍,,(栗),角田晃一,1533,-0.0,3,2,2,39.0,480,+4,
,"2025. 4. 6",中山,3中4,未勝利,未勝利,3,5,ガーネットウインク,牝,3,石田拓郎,52▲,16,4,１, ,芝1600,良,,(美),小西一男,1342,-0.1,6,6,5,34.4,492,0,
,"2025. 4. 6",中山,3中4,未勝利,障害未勝利,7,9,メイショウカズサ,牡,8,森一馬, 60 ,12,5,１, ,ダ2880,良,,(栗),安達昭夫,3182,-0.3,2,2,1,13.8,486,-4,
,"2025. 4. 6",中山,3中4,未勝利,未勝利,7,11,グレイテストソング,牡,3,佐々木大, 57 ,13,1,１, ,ダ1800,稍,,(美),小笠倫弘,1549,-0.4,5,4,4,37.1,428,-4,
,"2025. 4. 6",中山,3中4,未勝利,未勝利,8,16,クインズシフォン,牝,3,石神深道,52▲,16,1,１, ,ダ1200,稍,,(美),和田正一,1126,-0.4,,4,4,37.0,444,-4,
,"2025. 4. 6",中山,3中4,未勝利,未勝利,1,1,キタノラブミー,牝,3,小林脩斗, 55 ,13,9,１, ,ダ1800,稍,,(美),萱野浩二,1555,-0.6,5,4,3,40.5,500,+2,
,"2025. 4. 5",中山,3中3,1勝,１勝ｸﾗｽ,8,16,ロサンゼルス,牡,4,モレイラ, 58 ,16,1,１, ,ダ1200,稍,,(美),伊藤圭三,1105,-0.5,,2,2,36.3,514,0,B
,"2025. 4. 5",中山,3中3,Ｇ３,ダービーＨG3,2,2,トロヴァトーレ,牡,4,モレイラ,57.5,14,1,１, ,芝1600,良,,(美),鹿戸雄一,1324,-0.1,9,6,8,34.0,508,+10,
,"2025. 4. 5",中山,3中3,2勝,千葉日報･2勝,4,7,ルージュアベリア,牝,4,モレイラ, 56 ,16,2,１, ,ダ1800,稍,,(美),田中博康,1522,-0.0,5,5,2,37.6,486,+2,
,"2025. 4. 5",中山,3中3,1勝,山吹賞･1勝*,6,6,ピックデムッシュ,牡,3,モレイラ, 57 ,7,1,１, ,芝2200,良,,(美),鹿戸雄一,2122,-0.4,4,3,2,35.0,454,0,
,"2025. 4. 5",中山,3中3,2勝,２勝ｸﾗｽ,8,12,サムハンター,牡,7,横山典弘, 58 ,13,7,１, ,芝1600,良,,(栗),高橋康之,1331,-0.2,11,11,11,33.9,492,-2,
,"2025. 4. 5",中山,3中3,1勝,１勝ｸﾗｽ,4,4,スペイドアン,牡,4,上里直汰,55▲,11,1,１, ,ダ1800,稍,,(美),加藤士津,1539,-0.3,1,1,1,38.3,494,0,
,"2025. 4. 5",中山,3中3,未勝利,未勝利,6,12,アシャカトベ,牡,3,横山武史, 57 ,16,1,１, ,ダ1200,稍,,(美),小笠倫弘,1114,-0.1,,3,2,36.9,520,0,
,"2025. 4. 5",中山,3中3,未勝利,未勝利,7,14,ヤマニンエイドロン,牡,3,大野拓弥, 57 ,18,2,１, ,芝2000,良,,(美),辻哲英,2008,-0.4,2,2,2,35.3,462,-4,
,"2025. 4. 5",中山,3中3,未勝利,障害未勝利,7,11,ウイングランブルー,牡,5,大江原圭, 60 ,14,7,１, ,ダ2880,稍,,(美),深山雅史,3162,-0.4,1,1,1,13.6,468,-4,
,"2025. 4. 5",中山,3中3,未勝利,未勝利,8,11,ロードフロリゼル,牡,3,丹内祐次, 57 ,12,5,１, ,ダ1800,重,,(美),稲垣幸雄,1538,-0.1,2,2,1,39.4,462,-2,
,"2025. 4. 5",中山,3中3,未勝利,未勝利,7,13,エリカマユーリ,牝,3,モレイラ, 55 ,16,1,１, ,ダ1200,重,,(美),堀宣行,1115,-0.6,,3,3,36.7,462,+2,
,"2025. 4. 5",中山,3中3,未勝利,未勝利・牝,2,2,ネクストダンサー,牝,3,松山弘平, 55 ,15,4,１, ,ダ1800,重,,(美),伊藤圭三,1548,-0.5,1,1,1,40.2,472,0,B
,"2025. 3.30",中山,3中2,2勝,２勝ｸﾗｽ,5,7,パクスロマーナ,牝,5,杉原誠人, 56 ,13,7,１, ,芝1200,良,,(栗),加藤公太,1087,-0.2,,1,1,34.8,428,-12,
,"2025. 3.30",中山,3中2,Ｇ３,マーチＳＨG3,7,12,ブライアンセンス,牡,5,岩田望来,57.5,15,2,１, ,ダ1800,稍,,(美),斎藤誠,1515,-0.1,7,6,4,37.9,514,-6,
,"2025. 3.30",中山,3中2,3勝,船橋ＳＨ･3勝,2,4,ジョーメッドヴィン,牡,4,横山和生, 56 ,16,2,１, ,芝1200,良,,(栗),清水久詞,1090,-0.0,,2,2,34.8,510,-8,
,"2025. 3.30",中山,3中2,1勝,ミモザ賞･1勝,5,5,カネラフィーナ,牝,3,石川裕紀, 55 ,7,4,１, ,芝2000,良,*,(美),手塚貴久,2013,-0.3,2,2,2,35.5,460,-4,
,"2025. 3.30",中山,3中2,1勝,１勝ｸﾗｽ,8,15,セキテイオー,牡,6,江田照男, 58 ,16,12,１, ,ダ1200,稍,,(美),田中剛,1123,-0.0,,2,1,36.2,480,0,
,"2025. 3.30",中山,3中2,1勝,１勝ｸﾗｽ,8,16,タナサンブラック,牡,5,菊沢一樹, 58 ,16,7,１, ,ダ1800,稍,,(美),伊坂重信,1536,-0.1,8,6,5,38.5,508,-4,
,"2025. 3.30",中山,3中2,1勝,１勝ｸﾗｽ*,4,7,ヤマメキング,牡,3,岩田望来, 57 ,16,5,１, ,ダ1200,稍,*,(美),田島俊明,1112,-0.1,,6,6,36.9,496,0,
,"2025. 3.30",中山,3中2,未勝利,未勝利,3,6,ニヴルヘイム,牡,3,戸崎圭太, 57 ,18,1,１, ,芝2200,稍,,(美),栗田徹,2146,-0.5,16,2,2,37.2,448,-2,
,"2025. 3.30",中山,3中2,未勝利,未勝利,8,16,ブレトワルダ,牡,3,石田拓郎,54▲,16,1,１, ,ダ1800,稍,,(美),新開幸一,1548,-1.2,4,4,4,37.8,498,-2,
,"2025. 3.30",中山,3中2,未勝利,未勝利,7,12,グレイスザクラウン,セ,3,長浜鴻緒,54▲,14,3,１, ,ダ1800,稍,,(美),上原博之,1546,-0.1,3,3,3,38.6,506,+4,B
,"2025. 3.30",中山,3中2,未勝利,未勝利,1,1,エコロカディス,牡,3,石神深道,54▲,16,3,１, ,ダ1200,稍,,(美),森一誠,1125,-0.2,,7,7,37.6,450,0,
,"2025. 3.30",中山,3中2,未勝利,未勝利・牝,2,3,コンティオ,牝,3,横山和生, 55 ,15,1,１, ,ダ1800,稍,,(美),和田勇介,1554,-0.9,2,2,2,39.2,460,+4,
,"2025. 3.29",中山,3中1,2勝,２勝ｸﾗｽ,2,2,イデアイゴッソウ,牡,4,横山典弘, 58 ,13,4,１, ,ダ1800,稍,,(美),小野次郎,1517,-1.0,4,4,3,36.8,464,-2,
,"2025. 3.29",中山,3中1,Ｇ２,日経賞G2,5,8,マイネルエンペラー,牡,5,丹内祐次, 57 ,15,2,１, ,芝2500,稍,*,(栗),清水久詞,2361,-0.0,3,3,2,37.0,488,+2,
,"2025. 3.29",中山,3中1,ｵｰﾌﾟﾝ,伏竜Ｓ,8,11,ルクソールカフェ,牡,3,モレイラ, 58 ,11,1,１, ,ダ1800,稍,,(美),堀宣行,1521,-0.9,6,4,4,36.3,528,-6,
,"2025. 3.29",中山,3中1,3勝,ブラッド･3勝,5,10,ブシン,牡,4,菅原明良, 58 ,16,1,１, ,ダ1200,稍,,(栗),森秀行,1105,-0.0,,2,2,36.7,482,0,B
,"2025. 3.29",中山,3中1,2勝,２勝ｸﾗｽ,7,9,マイネルブリックス,牡,4,丹内祐次, 58 ,12,3,１, ,芝1800,稍,,(美),黒岩陽一,1501,-0.0,9,8,8,35.7,466,+4,
,"2025. 3.29",中山,3中1,1勝,１勝ｸﾗｽ・牝,7,9,エーリアル,牝,4,杉原誠人, 56 ,11,1,１, ,ダ1800,稍,,(美),西田雄一,1551,-0.0,1,1,1,40.0,508,-2,
,"2025. 3.29",中山,3中1,1勝,１勝ｸﾗｽ*,7,7,センツブラッド,牡,3,横山武史, 57 ,8,2,１, ,芝1800,稍,,(栗),斉藤崇史,1506,-0.0,3,3,3,36.2,454,-4,
,"2025. 3.29",中山,3中1,1勝,１勝ｸﾗｽ*,3,3,カラヴァジェスティ,牡,3,戸崎圭太, 57 ,10,3,１, ,芝1200,稍,,(美),奥村武,1095,-0.0,,9,7,34.6,460,-4,
,"2025. 3.29",中山,3中1,未勝利,未勝利,7,13,マイネルフーガ,牡,3,横山武史, 57 ,16,1,１, ,芝1800,稍,,(美),鈴木慎太,1500,-0.1,10,3,3,37.4,468,0,
,"2025. 3.29",中山,3中1,未勝利,未勝利,3,5,リクエイ,牝,3,戸崎圭太, 55 ,16,1,１, ,ダ1200,稍,,(美),竹内正洋,1123,-0.3,,2,2,37.4,420,+6,
,"2025. 3.29",中山,3中1,未勝利,未勝利,1,1,ロングウェイホーム,牡,3,モレイラ, 57 ,16,1,１, ,ダ1800,稍,,(美),伊坂重信,1552,-1.2,4,4,2,38.2,524,-4,
,"2025. 3.29",中山,3中1,未勝利,未勝利・牝,4,8,ゴールドハンマー,牝,3,横山典弘, 55 ,16,1,１, ,ダ1200,良,*,(美),村田一誠,1113,-0.6,,2,2,37.1,482,0,
,"2025. 3.23",中山,2中8,2勝,２勝ｸﾗｽ・牝,4,7,グレノークス,牝,5,横山武史, 56 ,16,2,１, ,ダ1800,良,,(美),宮田敬介,1548,-0.1,2,2,1,39.5,492,0,B
,"2025. 3.23",中山,2中8,ｵｰﾌﾟﾝ,千葉ＳＨ,5,9,ボナンザ,牡,5,三浦皇成, 56 ,16,6,１, ,ダ1200,良,,(栗),庄野靖志,1100,-0.2,,5,5,36.2,500,-8,
,"2025. 3.23",中山,2中8,3勝,スピカＳ･3勝,7,14,アドマイヤマツリ,牝,4,田辺裕信, 56 ,16,1,１, ,芝1800,良,,(美),宮田敬介,1467,-0.1,2,2,2,35.4,450,0,
,"2025. 3.23",中山,2中8,2勝,鎌ケ谷特･2勝,1,1,ダイシンヤマト,牡,5,吉田豊, 58 ,11,2,１, ,芝1600,良,,(美),戸田博文,1331,-0.4,8,8,5,34.7,508,-6,
,"2025. 3.23",中山,2中8,1勝,１勝ｸﾗｽ*,5,8,アスタールフナ,牝,3,小林美駒,51★,15,1,１, ,ダ1200,良,,(栗),中竹和也,1112,-0.3,,1,1,37.4,444,+2,
,"2025. 3.23",中山,2中8,1勝,１勝ｸﾗｽ,5,10,イクリール,牡,4,原優介, 57 ,16,1,１, ,芝2500,良,,(美),青木孝文,2329,-0.1,1,1,1,36.1,520,+2,
,"2025. 3.23",中山,2中8,1勝,１勝ｸﾗｽ*,8,12,アマキヒ,牡,3,横山武史, 57 ,12,2,１, ,芝2000,良,,(美),国枝栄,2000,-0.0,10,2,2,35.8,486,-4,
,"2025. 3.23",中山,2中8,未勝利,未勝利,6,11,ブルスカメンテ,牝,3,ルメール, 55 ,16,4,１, ,芝1600,良,,(美),黒岩陽一,1344,-0.0,11,1,1,36.1,420,+4,
,"2025. 3.23",中山,2中8,未勝利,障害未勝利,3,4,ガンダルフ,牡,7,伴啓太, 60 ,14,6,１, ,ダ2880,良,,(美),国枝栄,3177,-0.3,5,6,3,13.7,488,-2,
,"2025. 3.23",中山,2中8,未勝利,未勝利,8,14,メモリアカフェ,牝,3,ルメール, 55 ,14,1,１, ,ダ1800,稍,,(美),柄崎将寿,1533,-1.2,4,3,3,37.6,494,-2,
,"2025. 3.23",中山,2中8,未勝利,未勝利,8,16,サマースイートピー,牝,3,内田博幸, 55 ,16,4,１, ,ダ1200,稍,,(美),千葉直人,1120,-0.5,,4,2,37.8,476,-6,
,"2025. 3.23",中山,2中8,未勝利,未勝利,2,4,フジレイメイ,牡,3,松岡正海, 57 ,16,1,１, ,ダ1800,稍,,(美),小笠倫弘,1556,-0.0,5,4,4,38.2,484,+2,
,"2025. 3.22",中山,2中7,2勝,２勝ｸﾗｽ,6,11,スマイルアップ,牝,6,原優介, 56 ,16,15,１, ,ダ1200,稍,,(美),萱野浩二,1114,-0.0,,6,6,36.4,458,0,
,"2025. 3.22",中山,2中7,Ｇ３,フラワーG3,6,11,レーゼドラマ,牝,3,戸崎圭太, 55 ,16,5,１, ,芝1800,良,,(栗),辻野泰之,1478,-0.4,2,2,1,35.4,464,-2,
,"2025. 3.22",中山,2中7,3勝,韓国馬事･3勝,2,3,ストライク,牡,5,田辺裕信, 58 ,16,6,１, ,ダ1800,稍,,(美),加藤士津,1529,-0.3,13,11,11,37.3,498,-10,
,"2025. 3.22",中山,2中7,2勝,館山特別･2勝,2,2,エセルフリーダ,牝,4,武藤雅, 56 ,13,1,１, ,芝2000,良,,(美),武藤善則,1595,-0.3,4,3,3,35.7,468,-10,
,"2025. 3.22",中山,2中7,ｵｰﾌﾟﾝ,ペガサス,7,11,インプレス,牡,6,小牧加矢, 60 ,14,1,１, ,芝3350,良,,(栗),佐々木晶,3450,-0.1,5,4,2,13.4,526,0,
,"2025. 3.22",中山,2中7,1勝,１勝ｸﾗｽ,1,1,イデアユウシン,牡,5,北村宏司, 58 ,16,6,１, ,ダ1800,稍,,(美),松永康利,1544,-0.3,4,5,5,38.3,542,-4,B
,"2025. 3.22",中山,2中7,1勝,１勝ｸﾗｽ,6,11,オセアエクスプレス,牡,4,佐々木大, 58 ,16,3,１, ,ダ1200,稍,,(美),菊川正達,1121,-0.1,,3,4,37.3,490,+2,
,"2025. 3.22",中山,2中7,1勝,１勝ｸﾗｽ*,4,4,アタラシイカドデニ,牡,3,内田博幸, 57 ,10,5,１, ,芝1600,良,,(美),上原博之,1351,-0.0,2,4,3,35.7,508,0,
,"2025. 3.22",中山,2中7,未勝利,未勝利,4,7,ウインスティーガ,牡,3,戸崎圭太, 57 ,18,1,１, ,芝2000,良,,(美),手塚貴久,2009,-0.1,2,2,2,36.6,444,+8,
,"2025. 3.22",中山,2中7,未勝利,未勝利,1,2,キープサインオン,牡,3,鮫島克駿, 57 ,16,4,１, ,ダ1200,重,,(美),加藤征弘,1125,-0.6,,1,1,37.5,476,+4,B
,"2025. 3.22",中山,2中7,未勝利,未勝利,1,1,ニシノブレイゼスト,牡,3,池添謙一, 57 ,12,5,１, ,ダ1800,重,,(美),高木登,1544,-0.4,2,2,2,39.5,494,-2,
,"2025. 3.22",中山,2中7,未勝利,未勝利・牝,3,6,パラサイコロジー,牝,3,大野拓弥, 55 ,16,2,１, ,ダ1200,重,,(美),新開幸一,1114,-1.0,,1,1,36.1,466,0,
,"2025. 3.16",中山,2中6,2勝,２勝ｸﾗｽ,7,13,ショウナンアビアス,牡,5,戸崎圭太, 58 ,16,2,１, ,ダ1200,不,,(美),加藤士津,1109,-0.1,,13,10,36.7,508,-6,
,"2025. 3.16",中山,2中6,Ｇ２,スプリンG2,7,9,ピコチャンブラック,牡,3,石橋脩, 57 ,12,2,１, ,芝1800,重,,(美),上原佑紀,1515,-0.0,3,1,1,38.1,488,-2,
,"2025. 3.16",中山,2中6,OP(L),東風Ｓ(L),1,1,サイルーン,セ,6,ルメール, 57 ,12,3,１, ,芝1600,重,*,(美),堀宣行,1372,-0.3,7,7,7,37.8,488,+2,
,"2025. 3.16",中山,2中6,2勝,房総特別･2勝,1,2,アマイ,牝,5,丸田恭介, 56 ,16,13,１, ,芝1800,重,,(美),伊藤大士,1511,-0.5,1,1,1,37.3,460,+2,
,"2025. 3.16",中山,2中6,1勝,１勝ｸﾗｽ,4,7,エアロソニック,牡,4,長浜鴻緒,54▲,16,9,１, ,ダ2400,不,,(美),鈴木慎太,2335,-0.0,11,2,2,39.1,546,+8,
,"2025. 3.16",中山,2中6,1勝,１勝ｸﾗｽ・牝,2,4,バロン,牝,4,横山武史, 56 ,16,5,１, ,ダ1200,不,,(美),手塚貴久,1113,-0.6,,9,9,36.6,478,-8,B
,"2025. 3.16",中山,2中6,1勝,１勝ｸﾗｽ*,3,3,ソーダーンライト,牝,3,菅原明良, 55 ,8,4,１, ,芝1200,重,,(美),鹿戸雄一,1109,-0.2,,2,2,36.6,450,+10,
,"2025. 3.16",中山,2中6,未勝利,未勝利,8,15,キャトルエピス,牝,3,横山武史, 55 ,16,2,１, ,芝1600,重,,(美),栗田徹,1368,-1.8,1,1,1,37.1,444,-2,
,"2025. 3.16",中山,2中6,未勝利,未勝利,1,1,オンザスクエア,牝,3,横山和生, 55 ,16,1,１, ,ダ1800,不,,(美),上原佑紀,1555,-0.3,1,1,1,40.0,464,0,
,"2025. 3.16",中山,2中6,未勝利,未勝利,8,14,アールプロスト,牡,3,藤岡佑介, 57 ,15,2,１, ,ダ1800,不,,(美),伊藤大士,1547,-0.2,7,1,2,39.5,518,+2,
,"2025. 3.16",中山,2中6,未勝利,未勝利,8,15,ピコテンダー,牝,3,戸崎圭太, 53 ,16,1,１, ,ダ1200,不,,(美),上原佑紀,1122,-0.3,,2,2,38.0,472,-4,
,"2025. 3.16",中山,2中6,未勝利,未勝利・牝,6,11,バラダレイナ,牝,3,内田博幸, 55 ,16,3,１, ,ダ1800,不,,(美),宮田敬介,1540,-0.1,2,2,2,38.9,502,-8,
,"2025. 3.15",中山,2中5,2勝,２勝ｸﾗｽ,6,11,アララララ,牡,4,丹内祐次, 58 ,16,8,１, ,芝1200,良,,(美),清水英克,1086,-0.2,,3,3,34.6,448,+4,
,"2025. 3.15",中山,2中5,OP(L),アネモネ(L),1,1,トワイライトシティ,牝,3,横山武史, 55 ,12,4,１, ,芝1600,良,,(栗),杉山晴紀,1357,-0.1,3,3,3,35.0,454,+4,
,"2025. 3.15",中山,2中5,3勝,幕張ＳＨ･3勝,6,9,キョウエイブリッサ,牡,5,津村明秀, 55 ,13,8,１, ,芝1600,良,*,(美),武市康男,1334,-0.0,10,11,10,34.3,488,+2,
,"2025. 3.15",中山,2中5,2勝,阿見特Ｈ･2勝,1,1,ワンパット,牡,4,菅原明良, 56 ,14,7,１, ,ダ2400,稍,,(栗),高橋亮,2341,-0.2,7,6,4,39.0,482,-4,
,"2025. 3.15",中山,2中5,1勝,１勝ｸﾗｽ,1,1,ヴェルトラウム,牡,4,武藤雅, 58 ,16,3,１, ,ダ1200,稍,,(美),西田雄一,1121,-0.2,,7,7,36.9,452,-10,
,"2025. 3.15",中山,2中5,1勝,１勝ｸﾗｽ*,6,12,イムホテプ,牡,3,横山武史, 57 ,16,1,１, ,ダ1800,稍,,(美),萩原清,1536,-0.5,2,2,2,37.6,484,+6,
,"2025. 3.15",中山,2中5,未勝利,未勝利,4,8,グロスビーク,牡,3,ルメール, 57 ,16,1,１, ,芝1800,良,,(美),田中博康,1489,-0.3,5,6,6,35.1,470,0,
,"2025. 3.15",中山,2中5,未勝利,未勝利,1,2,レッドバンデ,牡,3,横山武史, 57 ,18,3,１, ,芝2200,良,,(美),大竹正博,2138,-0.5,10,5,2,34.5,484,0,
,"2025. 3.15",中山,2中5,未勝利,未勝利・牝,4,8,ミラクルダンサー,牝,3,横山武史, 55 ,16,2,１, ,ダ1800,稍,,(美),尾関知人,1564,-0.2,2,2,2,40.5,512,+12,
,"2025. 3.15",中山,2中5,未勝利,未勝利,1,2,ラストシャリナ,牡,3,石川裕紀, 57 ,16,2,１, ,ダ1200,稍,,(美),矢嶋大樹,1121,-0.5,,7,5,37.0,486,0,
,"2025. 3.15",中山,2中5,未勝利,未勝利,5,9,ナムラジミー,牡,3,丸田恭介, 57 ,16,4,１, ,ダ1800,稍,,(美),武市康男,1561,-0.0,14,9,7,38.3,484,-8,
,"2025. 3.15",中山,2中5,未勝利,未勝利・牝,1,1,フクチャンヒメ,牝,3,ルメール, 55 ,16,2,１, ,ダ1200,稍,,(美),加藤征弘,1123,-0.0,,2,2,37.7,474,-4,
,"2025. 3. 9",中山,2中4,2勝,２勝ｸﾗｽ,8,14,ブレスワード,牡,4,川田将雅, 58 ,15,1,１, ,ダ1800,重,,(美),中舘英二,1534,-0.0,4,4,3,38.5,498,+6,
,"2025. 3. 9",中山,2中4,Ｇ２,弥生賞G2,5,8,ファウストラーゼン,牡,3,杉原誠人, 57 ,14,7,１, ,芝2000,稍,,(栗),西村真幸,2013,-0.0,13,1,1,37.2,456,+2,B
,"2025. 3. 9",中山,2中4,ｵｰﾌﾟﾝ,総武Ｓ,8,16,ヴァンヤール,牡,7,戸崎圭太, 58 ,16,5,１, ,ダ1800,重,,(栗),庄野靖志,1515,-0.1,13,8,5,37.5,530,0,
,"2025. 3. 9",中山,2中4,3勝,湾岸Ｓ･3勝,4,4,スティンガーグラス,牡,4,ルメール, 57 ,12,1,１, ,芝2500,稍,*,(美),木村哲也,2335,-0.4,7,7,3,37.0,476,+6,
,"2025. 3. 9",中山,2中4,2勝,２勝ｸﾗｽ,6,11,レッドアトレーヴ,牡,4,横山和生, 58 ,16,1,１, ,芝1600,稍,,(美),手塚貴久,1342,-0.1,3,3,2,36.7,482,-2,
,"2025. 3. 9",中山,2中4,1勝,１勝ｸﾗｽ,4,7,アグラード,牡,4,戸崎圭太, 58 ,16,1,１, ,ダ1200,重,,(美),高柳瑞樹,1111,-0.3,,7,4,37.1,478,+8,
,"2025. 3. 9",中山,2中4,1勝,１勝ｸﾗｽ*,6,11,マサノユニコーン,牡,3,横山琉人,56☆,16,9,１, ,ダ1200,重,,(美),小島茂之,1105,-0.3,,5,4,36.8,460,0,
,"2025. 3. 9",中山,2中4,未勝利,未勝利,1,1,ルナルーチェット,牝,3,菅原明良, 55 ,16,2,１, ,芝1600,稍,*,(美),国枝栄,1350,-1.2,1,1,1,35.6,424,-2,B
,"2025. 3. 9",中山,2中4,未勝利,障害未勝利,6,6,テンメジャーガール,牝,6,小野寺祐, 58 ,11,4,１, ,ダ2880,稍,,(栗),高柳大輔,3173,-0.4,6,7,2,13.7,502,-4,
,"2025. 3. 9",中山,2中4,未勝利,未勝利,7,14,エドワードバローズ,牡,3,ルメール, 57 ,16,1,１, ,ダ1800,重,,(美),奥村武,1550,-0.3,6,6,4,38.8,480,+2,
,"2025. 3. 9",中山,2中4,未勝利,未勝利,7,14,ナインオブレター,牡,3,吉田豊, 57 ,16,1,１, ,ダ1200,重,,(美),高橋文雅,1116,-0.1,,3,3,37.3,452,-2,
,"2025. 3. 9",中山,2中4,未勝利,未勝利・牝,7,14,ノーブルノワール,牝,3,幸英明, 55 ,16,5,１, ,ダ1800,重,*,(美),林徹,1553,-0.2,5,2,2,40.1,438,-4,
,"2025. 3. 8",中山,2中3,1勝,１勝ｸﾗｽ,5,9,アンドアイラヴハー,牝,4,戸崎圭太, 56 ,16,1,１, ,芝1600,良,,(美),田村康仁,1344,-0.0,2,2,2,36.0,480,0,
,"2025. 3. 8",中山,2中3,Ｇ３,中山牝馬ＨG3,7,11,シランケド,牝,5,Ｍ．デム, 54 ,14,3,１, ,芝1800,良,,(栗),牧浦充徳,1471,-0.0,9,7,7,34.7,506,-8,
,"2025. 3. 8",中山,2中3,3勝,上総ＳＨ･3勝,8,15,ロードクロンヌ,牡,4,藤岡佑介, 57 ,16,1,１, ,ダ1800,稍,,(栗),四位洋文,1521,-0.9,4,2,2,37.9,482,-2,
,"2025. 3. 8",中山,2中3,2勝,潮来特別･2勝,7,7,サンライズソレイユ,牡,4,横山武史, 57 ,10,1,１, ,芝2500,良,,(栗),矢作芳人,2369,-0.3,6,1,1,34.8,518,-8,
,"2025. 3. 8",中山,2中3,1勝,１勝ｸﾗｽ,1,1,ホレーショ,牡,4,杉原誠人, 58 ,16,3,１, ,ダ1800,稍,,(美),西田雄一,1541,-0.2,7,8,5,37.5,518,+20,
,"2025. 3. 8",中山,2中3,1勝,１勝ｸﾗｽ*,4,4,レーヴブリリアント,牡,3,舟山瑠泉,54▲,10,1,１, ,芝1600,良,,(美),田中博康,1355,-0.0,8,7,5,34.4,446,-2,
,"2025. 3. 8",中山,2中3,未勝利,未勝利,5,10,プロスペクトパーク,牡,3,横山武史, 57 ,16,1,１, ,ダ1800,稍,,(美),高柳瑞樹,1555,-0.0,2,2,2,38.5,504,0,
,"2025. 3. 8",中山,2中3,未勝利,未勝利,2,3,インパクトシー,牡,3,横山武史, 57 ,15,1,１, ,芝2000,良,,(美),大竹正博,2015,-0.7,2,1,1,35.4,510,0,
,"2025. 3. 8",中山,2中3,未勝利,障害未勝利,2,2,プラチナムレイアー,セ,7,小牧加矢, 60 ,9,2,１, ,ダ2880,稍,,(栗),河嶋宏樹,3167,-0.2,5,5,5,13.7,502,+4,
,"2025. 3. 8",中山,2中3,未勝利,未勝利,1,2,チャロ,牡,3,菅原明良, 57 ,16,1,１, ,ダ1200,重,,(美),和田正一,1115,-0.4,,1,1,36.7,484,+14,
,"2025. 3. 8",中山,2中3,未勝利,未勝利,8,15,ハルノアラシ,牡,3,石川裕紀, 57 ,16,1,１, ,ダ1800,重,,(美),相沢郁,1555,-0.1,13,2,2,39.3,514,+2,
,"2025. 3. 8",中山,2中3,未勝利,未勝利・牝,3,5,サードウインド,牝,3,横山武史, 55 ,16,2,１, ,ダ1200,重,,(美),西田雄一,1120,-0.2,,2,2,37.1,448,-10,
,"2025. 3. 2",中山,2中2,2勝,２勝ｸﾗｽ,5,10,ノーブルゲイル,牡,4,長浜鴻緒,55▲,16,5,１, ,ダ1200,良,,(美),中川公成,1116,-0.0,,5,4,37.1,482,0,
,"2025. 3. 2",中山,2中2,Ｇ２,中山記念G2,1,1,シックスペンス,牡,4,ルメール, 58 ,16,2,１, ,芝1800,良,*,(美),国枝栄,1448,-0.0,7,8,7,33.9,512,+10,
,"2025. 3. 2",中山,2中2,3勝,アクアマ･3勝,1,1,ジューンブレア,牝,4,戸崎圭太, 56 ,16,2,１, ,芝1200,良,,(栗),武英智,1074,-0.2,,1,1,34.7,484,0,
,"2025. 3. 2",中山,2中2,2勝,富里特別･2勝,7,9,ヴルカーノ,牡,7,松岡正海, 58 ,11,7,１, ,芝1800,良,,(美),稲垣幸雄,1488,-0.0,4,4,3,33.9,494,-4,
,"2025. 3. 2",中山,2中2,1勝,１勝ｸﾗｽ,6,11,アースイオス,牡,4,小林凌大, 58 ,16,3,１, ,ダ1800,良,,(美),小西一男,1543,-0.2,14,10,6,38.7,530,-2,B
,"2025. 3. 2",中山,2中2,1勝,１勝ｸﾗｽ*,1,1,ストレイトトーカー,牡,3,大野拓弥, 57 ,9,2,１, ,芝1600,良,,(美),岩戸孝樹,1346,-0.2,1,1,1,34.3,478,0,
,"2025. 3. 2",中山,2中2,1勝,１勝ｸﾗｽ*,6,12,アメージング,牡,3,田辺裕信, 57 ,16,4,１, ,ダ1800,良,,(美),中舘英二,1539,-0.4,1,1,1,38.1,480,+2,
,"2025. 3. 2",中山,2中2,未勝利,未勝利,8,17,ウィッシュツリー,牝,3,津村明秀, 55 ,18,1,１, ,芝2200,良,,(美),宮田敬介,2138,-0.8,12,2,2,35.4,444,+6,
,"2025. 3. 2",中山,2中2,未勝利,未勝利・牝,3,6,シャンハイナイト,牝,3,江田照男, 55 ,16,3,１, ,ダ1800,良,,(美),村田一誠,1559,-0.5,7,1,1,39.4,460,-4,
,"2025. 3. 2",中山,2中2,未勝利,未勝利,4,8,シュレン,牝,3,三浦皇成, 55 ,16,2,１, ,ダ1200,良,,(美),千葉直人,1127,-0.1,,7,6,37.0,372,-8,
,"2025. 3. 2",中山,2中2,未勝利,未勝利,4,7,アイオリア,牡,3,横山和生, 57 ,16,1,１, ,ダ1800,良,,(美),奥村武,1555,-0.9,14,6,2,38.9,510,-10,
,"2025. 3. 2",中山,2中2,未勝利,未勝利・牝,8,15,サブアトミック,牝,3,キング, 55 ,16,2,１, ,ダ1200,良,*,(美),伊藤圭三,1128,-0.1,,1,1,38.9,462,0,
,"2025. 3. 1",中山,2中1,2勝,２勝ｸﾗｽ,6,10,ソーニーイシュー,牡,4,川田将雅, 58 ,14,1,１, ,ダ1800,良,,(栗),千田輝彦,1535,-0.6,3,2,2,36.6,504,-10,
,"2025. 3. 1",中山,2中1,Ｇ３,オーシャG3,6,11,ママコチャ,牝,6,川田将雅, 56 ,15,1,１, ,芝1200,良,,(栗),池江泰寿,1071,-0.1,,3,3,33.1,494,-2,
,"2025. 3. 1",中山,2中1,3勝,春風ＳＨ･3勝,5,9,ニットウバジル,牡,5,吉田豊, 56 ,16,1,１, ,ダ1200,良,,(美),高橋文雅,1110,-0.1,,8,7,36.2,514,-2,
,"2025. 3. 1",中山,2中1,1勝,水仙賞･1勝*,4,4,エーオーキング,牡,3,田辺裕信, 57 ,13,9,１, ,芝2200,良,,(美),久保田貴,2165,-0.3,1,1,1,34.7,448,+2,
,"2025. 3. 1",中山,2中1,1勝,１勝ｸﾗｽ,3,6,トロピカルヒーロー,牡,5,長浜鴻緒,55▲,16,5,１, ,ダ1200,良,,(美),根本康広,1125,-0.3,,14,12,36.5,540,+2,
,"2025. 3. 1",中山,2中1,1勝,１勝ｸﾗｽ・牝*,8,8,ブラックルビー,牝,3,戸崎圭太, 55 ,9,1,１, ,芝1800,良,,(美),田中博康,1471,-0.1,5,5,3,35.1,420,+4,
,"2025. 3. 1",中山,2中1,未勝利,未勝利,8,16,エンジェルブリーズ,牝,3,岩田康誠, 55 ,16,7,１, ,芝1800,良,,(美),中舘英二,1479,-0.3,3,3,2,34.1,454,,
,"2025. 3. 1",中山,2中1,未勝利,未勝利・牝,2,3,グッドレッスン,牝,3,三浦皇成, 55 ,18,9,１, ,芝2000,良,,(美),大竹正博,2015,-0.0,3,4,5,35.1,446,,
,"2025. 3. 1",中山,2中1,1勝,１勝ｸﾗｽ・牝,4,4,マフィン,牝,4,長浜鴻緒,53▲,13,5,１, ,ダ1800,良,,(美),大和田成,1552,-0.0,2,2,2,37.9,410,-8,
,"2025. 3. 1",中山,2中1,未勝利,未勝利,8,16,フィールオーサム,牝,3,菅原明良, 55 ,16,3,１, ,ダ1800,良,,(美),岩戸孝樹,1566,-0.4,1,1,1,39.5,436,-6,
,"2025. 3. 1",中山,2中1,未勝利,未勝利,5,9,ルシード,牡,3,野中悠太, 57 ,16,4,１, ,ダ1200,良,,(美),田島俊明,1125,-0.0,,2,2,37.3,502,-10,
,"2025. 3. 1",中山,2中1,未勝利,未勝利,7,12,ロードソルスティス,牡,3,横山武史, 57 ,15,1,１, ,ダ1800,良,,(美),斎藤誠,1564,-0.2,4,4,2,40.2,498,0,
,"2025. 1.26",中山,1中9,1勝,１勝ｸﾗｽ,3,4,メイショウヨゾラ,牝,4,戸崎圭太, 55 ,14,2,１, ,芝1600,良,,(美),高柳瑞樹,1338,-0.4,1,1,1,35.8,470,+4,
,"2025. 1.26",中山,1中9,Ｇ２,アメリカG2,4,8,ダノンデサイル,牡,4,戸崎圭太, 58 ,18,1,１, ,芝2200,良,,(栗),安田翔伍,2121,-0.1,7,7,5,36.0,516,-4,
,"2025. 1.26",中山,1中9,3勝,江戸川Ｓ･3勝,7,12,タイセイブリリオ,牡,6,北村宏司, 58 ,15,5,１, ,ダ1200,良,,(栗),大橋勇樹,1111,-0.2,,3,3,37.5,482,-2,
,"2025. 1.26",中山,1中9,1勝,若竹賞･1勝*,5,5,リトルジャイアンツ,牡,3,横山典弘, 57 ,11,2,１, ,芝1800,良,,(美),村田一誠,1495,-0.2,11,11,10,35.1,450,+4,
,"2025. 1.26",中山,1中9,2勝,２勝ｸﾗｽ,8,13,シークレットヴァウ,牡,4,武藤雅, 58 ,14,1,１, ,ダ1200,良,,(美),武藤善則,1114,-0.0,,3,3,37.7,470,+10,
,"2025. 1.26",中山,1中9,2勝,２勝ｸﾗｽ・牝,8,10,アンリーロード,牝,5,戸崎圭太, 56 ,11,1,１, ,芝1800,良,,(栗),茶木太樹,1482,-0.1,5,5,4,35.9,472,-2,
,"2025. 1.26",中山,1中9,1勝,１勝ｸﾗｽ,6,11,ライジンマル,牡,4,津村明秀, 57 ,16,2,１, ,ダ1800,良,,(美),竹内正洋,1553,-0.1,5,5,3,39.7,528,-2,B
,"2025. 1.26",中山,1中9,未勝利,未勝利,7,14,ピックデムッシュ,牡,3,ルメール, 57 ,18,1,１, ,芝2200,良,,(美),鹿戸雄一,2155,-0.4,11,2,1,35.7,454,0,
,"2025. 1.26",中山,1中9,新馬,新馬,8,16,ワンダラー,牡,3,内田博幸, 57 ,16,6,１, ,ダ1200,良,,(美),黒岩陽一,1129,-0.1,,2,4,37.4,520,,
,"2025. 1.26",中山,1中9,未勝利,未勝利,8,14,ロッシニアーナ,牡,3,ルメール, 57 ,15,1,１, ,ダ1800,良,,(美),木村哲也,1544,-0.6,1,1,1,38.5,518,-8,
,"2025. 1.26",中山,1中9,未勝利,未勝利・牝,6,11,マーキュリーダイム,牝,3,ルメール, 55 ,16,1,１, ,ダ1800,良,,(美),武井亮,1574,-0.0,3,3,3,40.8,514,,
,"2025. 1.26",中山,1中9,未勝利,未勝利,6,11,イズルード,牡,3,戸崎圭太, 57 ,16,1,１, ,ダ1200,良,,(美),田島俊明,1127,-0.6,,2,2,38.3,472,+6,
,"2025. 1.25",中山,1中8,未勝利,未勝利,5,9,ラブリージャブリー,牝,3,三浦皇成, 55 ,16,4,１, ,芝1600,良,,(美),蛯名正義,1361,-0.0,6,6,6,34.5,416,,
,"2025. 1.25",中山,1中8,3勝,初富士Ｈ･3勝,3,6,コスモブッドレア,牡,4,キング, 56 ,17,2,１, ,芝2000,良,,(美),小野次郎,2007,-0.0,3,1,1,35.6,488,0,
,"2025. 1.25",中山,1中8,2勝,初霞賞･2勝,6,9,アピーリングルック,牝,4,戸崎圭太, 55 ,13,2,１, ,ダ1800,良,,(美),辻哲英,1537,-0.4,2,2,2,37.4,472,0,
,"2025. 1.25",中山,1中8,2勝,東雲賞･2勝,6,6,ユキノロイヤル,牡,4,石橋脩, 57 ,10,1,１, ,芝1600,良,,(美),小野次郎,1351,-0.1,2,2,1,34.3,458,0,
,"2025. 1.25",中山,1中8,1勝,１勝ｸﾗｽ,7,14,タイセイアディクト,牡,4,戸崎圭太, 57 ,16,1,１, ,ダ1800,良,*,(美),池上昌和,1551,-0.0,7,5,3,37.9,494,-2,
,"2025. 1.25",中山,1中8,1勝,１勝ｸﾗｽ,6,12,マイレーヌ,牝,5,横山琉人,55☆,16,5,１, ,ダ1200,良,,(美),斎藤誠,1113,-0.2,,2,2,37.8,516,-2,
,"2025. 1.25",中山,1中8,1勝,１勝ｸﾗｽ*,4,4,クレーキング,牡,3,ルメール, 57 ,6,1,１, ,ダ1800,良,,(美),中舘英二,1529,-1.4,2,2,1,37.2,484,-2,
,"2025. 1.25",中山,1中8,新馬,新馬,6,12,ブルーマエストロ,牡,3,ルメール, 57 ,18,1,１, ,芝2000,良,,(美),黒岩陽一,2036,-0.1,4,2,1,35.2,468,,
,"2025. 1.25",中山,1中8,新馬,新馬・牝,8,15,パーソナルアフェア,牝,3,横山和生, 55 ,16,1,１, ,ダ1800,良,*,(美),和田勇介,1587,-0.1,3,2,2,39.8,442,,
,"2025. 1.25",中山,1中8,未勝利,未勝利,1,2,ポップグルーヴ,牝,3,佐藤翔馬,52▲,16,8,１, ,ダ1200,良,,(美),小手川準,1130,-0.2,,1,1,38.0,402,+2,
,"2025. 1.25",中山,1中8,未勝利,未勝利,8,16,チュウワクリスエス,牡,3,原田和真, 57 ,16,2,１, ,ダ1800,良,,(美),栗田徹,1558,-0.4,1,1,1,38.7,480,+2,
,"2025. 1.25",中山,1中8,未勝利,未勝利・牝,1,2,テルユアワールド,牝,3,キング, 55 ,16,2,１, ,ダ1200,良,,(美),斎藤誠,1121,-0.3,,6,6,37.6,450,+14,
,"2025. 1.19",中山,1中7,未勝利,未勝利・牝,2,3,ショウナンマリーナ,牝,3,戸崎圭太, 55 ,16,2,１, ,芝1600,良,,(美),森一誠,1357,-0.0,7,6,5,35.2,428,+4,
,"2025. 1.19",中山,1中7,Ｇ３,京成杯G3,2,2,ニシノエージェント,牡,3,津村明秀, 57 ,14,11,１, ,芝2000,良,,(美),千葉直人,1599,-0.1,10,11,6,35.4,472,+2,
,"2025. 1.19",中山,1中7,ｵｰﾌﾟﾝ,ジャニュ,6,12,ジャスパーゴールド,セ,7,横山和生, 57 ,16,14,１, ,ダ1200,良,*,(栗),森秀行,1102,-0.1,,2,2,36.8,472,+20,B
,"2025. 1.19",中山,1中7,3勝,若潮Ｓ･3勝,1,1,タシット,牡,6,横山和生, 58 ,12,2,１, ,芝1600,良,,(美),中川公成,1328,-0.6,4,5,3,33.9,470,+2,
,"2025. 1.19",中山,1中7,2勝,２勝ｸﾗｽ,7,11,キュクヌス,牝,4,戸崎圭太, 55 ,14,4,１, ,芝1800,良,,(栗),池江泰寿,1483,-0.2,2,2,2,34.6,452,-4,
,"2025. 1.19",中山,1中7,1勝,１勝ｸﾗｽ,8,12,ソレルビュレット,牡,4,ルメール, 57 ,13,1,１, ,ダ1800,良,,(美),宮田敬介,1545,-0.2,2,2,1,38.4,522,0,B
,"2025. 1.19",中山,1中7,1勝,１勝ｸﾗｽ*,5,9,エコロアゼル,牡,3,戸崎圭太, 57 ,16,2,１, ,ダ1200,良,,(栗),森秀行,1117,-0.1,,2,3,37.2,520,,
,"2025. 1.19",中山,1中7,新馬,新馬,3,6,ホウオウショコラ,牝,3,佐々木大, 55 ,16,3,１, ,芝1600,良,,(美),大竹正博,1361,-0.3,1,1,1,35.2,482,,
,"2025. 1.19",中山,1中7,未勝利,障害未勝利,8,10,ディナースタ,牡,6,高田潤, 60 ,11,3,１, ,ダ2880,良,,(栗),辻野泰之,3157,-0.2,4,3,3,13.6,480,+10,
,"2025. 1.19",中山,1中7,未勝利,未勝利,5,10,チンプンカンプン,牡,3,柴田大知, 57 ,16,1,１, ,ダ1800,良,,(美),奥平雅士,1577,-0.1,3,4,3,39.3,472,-6,
,"2025. 1.19",中山,1中7,未勝利,未勝利,7,14,ロンパイア,牡,3,戸崎圭太, 57 ,16,1,１, ,ダ1800,良,,(美),尾関知人,1563,-0.0,11,7,4,38.2,474,0,
,"2025. 1.19",中山,1中7,未勝利,未勝利・牝,8,16,スターランウェイ,牝,3,斎藤新, 55 ,16,1,１, ,ダ1200,良,,(美),斎藤誠,1121,-0.5,,3,3,37.7,442,+2,
,"2025. 1.18",中山,1中6,1勝,１勝ｸﾗｽ,2,4,テリオスサラ,牝,4,横山武史, 55 ,16,2,１, ,芝2000,良,,(美),高柳瑞樹,1596,-0.4,1,1,1,35.5,476,-4,
,"2025. 1.18",中山,1中6,ｵｰﾌﾟﾝ,カーバンＨ,7,13,エイシンフェンサー,牝,5,川又賢治, 53 ,16,11,１, ,芝1200,良,,(栗),吉村圭司,1074,-0.1,,3,3,33.8,476,0,
,"2025. 1.18",中山,1中6,3勝,アレキＨ･3勝,2,4,マーブルロック,牡,5,三浦皇成, 56 ,16,2,１, ,ダ1800,良,,(栗),西園正都,1524,-0.6,1,1,1,38.5,514,+2,
,"2025. 1.18",中山,1中6,1勝,菜の花賞･1勝,1,1,コムユンプリュム,牝,3,菅原明良, 55 ,16,4,１, ,芝1600,良,,(美),鹿戸雄一,1332,-0.2,6,5,3,34.4,428,0,
,"2025. 1.18",中山,1中6,2勝,２勝ｸﾗｽ,6,11,キタノソワレ,牝,4,木幡巧也, 56 ,16,6,１, ,ダ1200,良,*,(美),本間忍,1113,-0.1,,13,12,36.4,480,+2,
,"2025. 1.18",中山,1中6,2勝,２勝ｸﾗｽ・牝,6,8,メロウヴォイス,牝,6,キング, 56 ,13,5,１, ,ダ1800,良,*,(美),上原博之,1547,-0.2,3,6,3,38.4,470,+16,
,"2025. 1.18",中山,1中6,1勝,１勝ｸﾗｽ,5,9,クールソル,牝,4,菅原明良, 56 ,16,5,１, ,ダ1200,良,,(美),斎藤誠,1121,-0.0,,2,3,37.7,464,-2,
,"2025. 1.18",中山,1中6,未勝利,未勝利,2,4,シェーンシュティア,牝,3,三浦皇成, 55 ,18,7,１, ,芝2000,良,,(美),林徹,2002,-0.1,7,6,5,34.8,462,+6,
,"2025. 1.18",中山,1中6,未勝利,障害未勝利,1,1,ヒートオンビート,セ,8,石神深一, 60 ,11,1,１, ,ダ2880,良,,(美),青木孝文,3159,-0.0,4,2,2,13.6,486,+10,
,"2025. 1.18",中山,1中6,新馬,新馬,4,8,ロジリッキー,牡,3,三浦皇成, 57 ,16,1,１, ,ダ1800,良,,(美),国枝栄,1578,-0.9,4,5,3,39.4,490,,
,"2025. 1.18",中山,1中6,未勝利,未勝利,4,8,カージオイド,牡,3,菅原明良, 57 ,16,2,１, ,ダ1800,良,,(美),黒岩陽一,1554,-0.3,11,7,5,38.7,514,+2,B
,"2025. 1.18",中山,1中6,未勝利,未勝利,6,12,ペイシャマリーン,牝,3,丹内祐次, 55 ,16,1,１, ,ダ1200,良,,(美),菊川正達,1127,-0.2,,3,2,37.8,456,+2,
,"2025. 1.13",中山,1中5,1勝,１勝ｸﾗｽ,6,12,ボーモンド,牡,4,マーカン, 57 ,16,3,１, ,芝1600,良,,(美),国枝栄,1339,-0.2,5,5,3,34.9,492,+2,
,"2025. 1.13",中山,1中5,OP(L),ニューイ(L),8,15,トロヴァトーレ,牡,4,マーカン, 56 ,16,1,１, ,芝1600,良,*,(美),鹿戸雄一,1323,-0.1,2,4,3,34.5,498,0,
,"2025. 1.13",中山,1中5,3勝,初春ＳＨ･3勝,5,10,ロードフロンティア,牡,4,マーカン, 56 ,16,2,１, ,ダ1200,良,,(栗),松下武士,1105,-0.7,,5,4,37.0,464,+2,B
,"2025. 1.13",中山,1中5,2勝,成田特別･2勝,8,15,アコークロー,牝,6,丸田恭介, 56 ,16,2,１, ,ダ2400,良,,(美),大竹正博,2378,-0.2,10,3,2,40.6,500,+2,
,"2025. 1.13",中山,1中5,1勝,１勝ｸﾗｽ,4,5,プルナチャンドラ,牡,4,横山和生, 57 ,14,2,１, ,ダ1800,良,,(美),小野次郎,1548,-0.1,13,10,7,38.4,514,+4,B
,"2025. 1.13",中山,1中5,1勝,１勝ｸﾗｽ*,6,6,モジャーリオ,牡,3,菅原明良, 57 ,11,2,１, ,芝1200,良,,(美),斎藤誠,1093,-0.1,,5,4,34.0,450,+2,
,"2025. 1.13",中山,1中5,未勝利,未勝利,5,9,カーミングライツ,牡,3,横山和生, 57 ,17,2,１, ,芝2200,良,,(美),小島茂之,2146,-0.0,7,6,6,36.2,520,-2,
,"2025. 1.13",中山,1中5,新馬,新馬,5,9,アドバンテスロード,牡,3,横山琉人,56☆,16,3,１, ,ダ1200,良,,(美),斎藤誠,1142,-0.2,,2,2,39.3,454,,
,"2025. 1.13",中山,1中5,未勝利,障害未勝利,6,6,フォージドブリック,牡,4,大江原圭, 59 ,9,9,１, ,ダ2880,良,,(美),西田雄一,3152,-1.6,1,1,1,13.6,544,+2,
,"2025. 1.13",中山,1中5,未勝利,未勝利・牝,8,16,キョウエイタイコ,牝,3,横山和生, 55 ,16,5,１, ,ダ1800,良,,(美),勢司和浩,1558,-1.2,12,10,4,38.8,466,-4,
,"2025. 1.13",中山,1中5,未勝利,未勝利,3,6,ジェシーテソーロ,牡,3,木幡巧也, 57 ,16,2,１, ,ダ1800,良,,(美),牧光二,1572,-0.1,2,4,3,40.6,484,+2,
,"2025. 1.13",中山,1中5,未勝利,未勝利・牝,8,15,カウスリップ,牝,3,横山和生, 55 ,16,1,１, ,ダ1200,良,,(美),中舘英二,1126,-0.2,,1,1,38.2,538,+2,
,"2025. 1.12",中山,1中4,2勝,２勝ｸﾗｽ,5,9,ニットウバジル,牡,5,吉田豊, 58 ,16,1,１, ,ダ1200,良,,(美),高橋文雅,1106,-0.3,,4,4,36.6,516,0,
,"2025. 1.12",中山,1中4,Ｇ３,フェアリG3,6,12,エリカエクスプレス,牝,3,戸崎圭太, 55 ,16,2,１, ,芝1600,良,,(栗),杉山晴紀,1328,-0.5,2,3,3,35.1,456,0,
,"2025. 1.12",中山,1中4,ｵｰﾌﾟﾝ,ポルック,7,14,アクションプラン,牡,5,内田博幸, 57 ,16,3,１, ,ダ1800,良,*,(美),池上昌和,1532,-0.5,3,2,2,36.9,518,+4,
,"2025. 1.12",中山,1中4,2勝,初咲賞･2勝,6,10,ディマイザキッド,牡,4,岩田望来, 57 ,14,2,１, ,芝2200,良,,(美),清水英克,2130,-0.8,13,13,8,34.4,458,0,
,"2025. 1.12",中山,1中4,1勝,１勝ｸﾗｽ,1,2,ブレスワード,牡,4,マーカン, 57 ,16,1,１, ,ダ1800,良,,(美),中舘英二,1544,-0.1,4,4,3,39.2,492,-2,
,"2025. 1.12",中山,1中4,1勝,１勝ｸﾗｽ,2,4,レッドテリオス,牡,4,マーカン, 57 ,18,1,１, ,芝2200,良,,(美),古賀慎明,2132,-0.1,13,13,13,34.4,480,+8,B
,"2025. 1.12",中山,1中4,1勝,１勝ｸﾗｽ・牝,1,2,ケープアグラス,牝,4,丹内祐次, 56 ,16,6,１, ,ダ1200,良,,(美),金成貴史,1119,-0.1,,4,3,37.5,460,+8,
,"2025. 1.12",中山,1中4,未勝利,未勝利,8,16,ニシノエピカリ,牝,3,田辺裕信, 55 ,18,3,１, ,芝2000,良,,(美),手塚貴久,2020,-0.1,2,2,2,35.9,406,-4,
,"2025. 1.12",中山,1中4,新馬,新馬,1,1,イムホテプ,牡,3,横山武史, 57 ,16,1,１, ,ダ1800,良,,(美),萩原清,1544,-1.5,1,1,1,38.1,478,,
,"2025. 1.12",中山,1中4,未勝利,未勝利,3,5,クラウンウルル,牡,3,佐々木大, 57 ,16,7,１, ,ダ1200,良,*,(美),菊川正達,1131,-0.1,,1,1,38.2,482,-4,
,"2025. 1.12",中山,1中4,未勝利,未勝利,7,13,サムシャイン,牡,3,マーカン, 57 ,16,1,１, ,ダ1800,良,,(美),鈴木慎太,1542,-1.5,1,1,1,38.8,482,-2,
,"2025. 1.12",中山,1中4,未勝利,未勝利,4,8,エルオレンス,牡,3,横山典弘, 57 ,16,1,１, ,ダ1200,良,,(美),深山雅史,1126,-0.3,,3,3,37.9,480,+2,
,"2025. 1.11",中山,1中3,2勝,２勝ｸﾗｽ,2,2,ウインレイアー,牝,5,ドイル, 56 ,10,3,１, ,芝1600,良,,(美),和田雄二,1332,-0.1,2,2,2,34.5,458,+2,
,"2025. 1.11",中山,1中3,3勝,迎春Ｓ･3勝,3,3,ホーエリート,牝,4,戸崎圭太, 55 ,13,2,１, ,芝2200,良,,(美),田島俊明,2130,-0.2,9,8,6,35.1,478,+10,
,"2025. 1.11",中山,1中3,2勝,初凪賞･2勝,1,2,ビーアイオラクル,牡,6,キング, 58 ,16,4,１, ,ダ1800,稍,,(栗),牧田和弥,1538,-0.1,2,1,1,40.0,500,+4,
,"2025. 1.11",中山,1中3,1勝,黒竹賞･1勝*,6,9,ルクソールカフェ,牡,3,キング, 57 ,14,1,１, ,ダ1800,稍,,(美),堀宣行,1528,-0.9,2,2,1,38.7,538,+2,
,"2025. 1.11",中山,1中3,1勝,１勝ｸﾗｽ,8,15,スーパーマン,牡,5,長浜鴻緒,55▲,16,2,１, ,ダ1200,稍,,(美),岩戸孝樹,1118,-0.1,,5,4,37.4,496,+4,
,"2025. 1.11",中山,1中3,未勝利,未勝利,4,7,ニシノヒナアラレ,牝,3,野中悠太, 55 ,16,11,１, ,芝1600,良,,(美),根本康広,1344,-0.1,4,4,5,35.9,474,-2,
,"2025. 1.11",中山,1中3,1勝,１勝ｸﾗｽ・牝,6,8,カフェアローロ,牝,4,ドイル, 55 ,13,1,１, ,ダ1800,稍,,(美),古賀慎明,1551,-0.3,1,1,1,40.4,500,-6,B
,"2025. 1.11",中山,1中3,新馬,新馬,6,12,エナジーショット,牝,3,横山琉人,54☆,18,9,１, ,芝2000,良,,(美),矢嶋大樹,2041,-0.1,3,4,3,35.8,420,,
,"2025. 1.11",中山,1中3,新馬,新馬・牝,6,12,ワンダーイロネ,牝,3,丸山元気, 55 ,16,1,１, ,ダ1200,稍,,(栗),渡辺薫彦,1120,-0.2,,3,3,37.7,458,,
,"2025. 1.11",中山,1中3,未勝利,未勝利,8,15,カゼノタカトシ,牡,3,佐々木大, 57 ,16,1,１, ,ダ1800,稍,,(美),久保田貴,1568,-0.1,5,4,4,39.9,474,+4,
,"2025. 1.11",中山,1中3,未勝利,未勝利・牝,7,14,リバースザトレンド,牝,3,横山武史, 55 ,16,2,１, ,ダ1800,稍,,(美),中舘英二,1549,-1.8,6,1,1,38.2,428,-2,
,"2025. 1.11",中山,1中3,未勝利,未勝利,8,16,エベリンテソーロ,牝,3,横山武史, 55 ,16,2,１, ,ダ1200,稍,,(美),加藤士津,1125,-0.1,,2,1,38.5,470,+2,
,"2025. 1. 6",中山,1中2,1勝,１勝ｸﾗｽ,8,15,カイコウ,セ,4,丹内祐次, 57 ,16,12,１, ,ダ1800,良,,(美),田島俊明,1558,-0.0,6,5,6,38.7,460,+2,
,"2025. 1. 6",中山,1中2,3勝,サンラＨ･3勝,6,12,ステークホルダー,牡,5,戸崎圭太, 56 ,16,1,１, ,芝1200,良,*,(美),斎藤誠,1082,-0.0,,9,9,33.9,468,-4,B
,"2025. 1. 6",中山,1中2,2勝,初日の出･2勝,5,9,アスクナイスショー,牡,4,田辺裕信, 57 ,15,2,１, ,芝2000,良,,(美),中舘英二,2001,-0.2,1,1,1,36.0,494,+2,
,"2025. 1. 6",中山,1中2,2勝,初茜賞･2勝,8,16,メイショウフジ,牡,5,大野拓弥, 58 ,16,3,１, ,ダ1800,良,,(美),和田勇介,1538,-0.2,9,9,6,37.9,480,+6,
,"2025. 1. 6",中山,1中2,ｵｰﾌﾟﾝ,中山新春,4,6,フェーレンベルク,牡,5,上野翔, 60 ,14,5,１, ,ダ3200,良,,(美),千葉直人,3365,-0.1,2,2,2,13.5,494,+14,
,"2025. 1. 6",中山,1中2,1勝,１勝ｸﾗｽ*,6,7,ゴーソーファー,牝,3,津村明秀, 55 ,12,7,１, ,芝2000,良,,(美),手塚貴久,2007,-0.1,12,12,7,34.9,460,+4,
,"2025. 1. 6",中山,1中2,未勝利,未勝利,8,16,マイネルゼウス,牡,3,津村明秀, 57 ,18,9,１, ,芝2000,良,,(美),奥村武,2027,-0.1,5,4,4,35.2,410,+4,
,"2025. 1. 6",中山,1中2,新馬,新馬,5,9,ストレイトトーカー,牡,3,大野拓弥, 57 ,16,2,１, ,芝1600,良,,(美),岩戸孝樹,1355,-0.2,1,2,2,35.0,480,,
,"2025. 1. 6",中山,1中2,1勝,１勝ｸﾗｽ,7,14,ホウオウフロイト,牡,4,丸田恭介, 58 ,16,15,１, ,ダ1200,良,,(美),加藤和宏,1122,-0.1,,15,14,36.6,446,+10,
,"2025. 1. 6",中山,1中2,未勝利,未勝利,8,16,ニューファウンド,セ,3,石川裕紀, 57 ,16,3,１, ,ダ1800,良,,(美),相沢郁,1552,-0.0,3,3,2,39.5,512,-6,B
,"2025. 1. 6",中山,1中2,未勝利,未勝利・牝,8,16,ラーナローザ,牝,3,大野拓弥, 55 ,16,1,１, ,ダ1800,良,,(美),畠山吉宏,1576,-0.0,2,2,2,39.8,498,+2,
,"2025. 1. 6",中山,1中2,未勝利,未勝利,2,4,パシーヴ,牡,3,石橋脩, 57 ,16,3,１, ,ダ1200,良,,(美),上原博之,1125,-0.1,,6,5,37.5,462,0,
,"2025. 1. 5",中山,1中1,2勝,２勝ｸﾗｽ,3,5,ムーム,牝,4,川又賢治, 56 ,16,4,１, ,ダ1200,良,,(栗),杉山佳明,1110,-0.0,,1,1,36.5,456,-8,B
,"2025. 1. 5",中山,1中1,Ｇ３,中山金杯ＨG3,1,2,アルナシーム,牡,6,藤岡佑介, 58 ,18,4,１, ,芝2000,良,,(栗),橋口慎介,1581,-0.2,10,9,6,34.6,452,+2,
,"2025. 1. 5",中山,1中1,OP(L),ジュニア(L),5,9,ファンダム,牡,3,北村宏司, 57 ,15,1,１, ,芝1600,良,,(美),辻哲英,1335,-0.1,4,3,2,34.2,470,+12,
,"2025. 1. 5",中山,1中1,3勝,招福Ｓ･3勝,8,15,ピュアキアン,牡,4,吉田豊, 57 ,16,5,１, ,ダ1800,良,,(美),竹内正洋,1526,-0.1,1,1,1,37.9,508,-4,
,"2025. 1. 5",中山,1中1,2勝,２勝ｸﾗｽ,6,11,レオテミス,牝,4,石田拓郎,53▲,16,2,１, ,芝1200,良,,(栗),高柳大輔,1071,-0.4,,1,1,34.0,490,0,B
,"2025. 1. 5",中山,1中1,1勝,１勝ｸﾗｽ・牝,8,16,アンブロジアーナ,牝,6,長浜鴻緒,53▲,16,9,１, ,ダ1800,良,,(美),上原博之,1550,-0.0,3,3,3,38.5,432,0,
,"2025. 1. 5",中山,1中1,新馬,新馬,2,4,ノクターン,牝,3,横山武史, 55 ,18,1,１, ,芝2000,良,,(美),木村哲也,2019,-0.4,6,6,4,35.2,474,,
,"2025. 1. 5",中山,1中1,未勝利,未勝利,3,6,フィールドノート,牡,3,マーカン, 57 ,16,3,１, ,芝1600,良,,(美),木村哲也,1343,-0.1,11,11,11,34.0,450,,
,"2025. 1. 5",中山,1中1,1勝,１勝ｸﾗｽ,1,1,ロードブレイズ,牡,4,横山和生, 57 ,16,2,１, ,ダ2400,良,,(美),稲垣幸雄,2360,-0.0,3,3,3,39.1,506,+8,
,"2025. 1. 5",中山,1中1,新馬,新馬,6,12,タマモトリノ,牡,3,大野拓弥, 57 ,16,5,１, ,ダ1800,良,,(美),辻哲英,1569,-0.3,2,3,2,38.4,488,,
,"2025. 1. 5",中山,1中1,未勝利,未勝利,3,6,フィーリウス,牡,3,木幡巧也, 57 ,16,3,１, ,ダ1800,良,,(美),手塚貴久,1561,-0.0,13,5,5,38.7,492,-6,B
,"2025. 1. 5",中山,1中1,未勝利,未勝利,6,11,ピッツァナポリ,牝,3,大野拓弥, 55 ,16,1,１, ,ダ1200,良,,(美),新開幸一,1122,-0.5,,1,1,37.7,460,+2,
,2024.12.28,中山,5中9,3勝,ファイＨ･3勝,7,14,ゴートゥファースト,牡,4,西村淳也, 56 ,16,10,１, ,芝1600,良,,(栗),新谷功一,1343,-0.0,12,12,12,35.0,486,+18,
,2024.12.28,中山,5中9,Ｇ１,ホープフG1,3,6,クロワデュノール,牡,2,北村友一, 56 ,18,1,１, ,芝2000,良,,(栗),斉藤崇史,2005,-0.3,7,4,3,34.9,496,-8,
,2024.12.28,中山,5中9,2勝,コントレ･2勝,7,13,レヴォントゥレット,牡,3,坂井瑠星, 57 ,16,4,１, ,ダ1800,良,*,(栗),矢作芳人,1532,-0.2,2,2,1,37.8,488,-6,
,2024.12.28,中山,5中9,2勝,ベストウ･2勝,1,2,アイアムユウシュン,牡,3,戸崎圭太, 57 ,16,3,１, ,ダ1200,良,,(美),奥平雅士,1110,-0.5,,3,2,36.4,516,+4,
,2024.12.28,中山,5中9,1勝,１勝ｸﾗｽ,3,5,サンレイマリー,牡,3,佐々木大, 57 ,16,7,１, ,ダ1200,良,,(美),伊藤圭三,1125,-0.2,,3,2,37.6,486,+4,B
,2024.12.28,中山,5中9,1勝,１勝ｸﾗｽ,2,3,パンジャ,牡,3,川田将雅, 57 ,16,1,１, ,芝1800,良,,(美),金成貴史,1479,-0.0,5,5,5,35.3,492,+2,
,2024.12.28,中山,5中9,新馬,新馬,5,9,ドルンレースツェン,牝,2,池添謙一, 55 ,16,9,１, ,ダ1200,良,,(美),小西一男,1141,-0.0,,5,4,38.1,408,,
,2024.12.28,中山,5中9,新馬,新馬,7,13,ブラックジェダイト,牡,2,佐々木大, 56 ,18,1,１, ,芝2000,良,,(美),大竹正博,2038,-0.4,3,2,2,35.3,450,,
,2024.12.28,中山,5中9,未勝利,未勝利*,8,15,ルージュミレネール,牝,2,坂井瑠星, 55 ,16,2,１, ,芝1800,良,,(美),斎藤誠,1490,-0.1,1,1,1,36.4,444,+12,
,2024.12.28,中山,5中9,未勝利,未勝利*,6,12,カーラデマドレ,牝,2,ルメール, 55 ,16,1,１, ,芝1600,良,,(美),宮田敬介,1351,-0.1,9,8,6,35.8,466,+2,
,2024.12.28,中山,5中9,未勝利,未勝利*,5,9,オストラヴァ,牡,2,津村明秀, 56 ,16,1,１, ,ダ1800,良,,(美),林徹,1564,-0.1,8,8,8,39.2,476,+2,
,2024.12.28,中山,5中9,未勝利,未勝利*,4,8,アパッシメント,牡,2,佐々木大, 56 ,16,1,１, ,ダ1200,良,,(美),堀宣行,1125,-0.5,,2,2,38.5,486,+8,
,2024.12.22,中山,5中8,3勝,フェアウ･3勝,4,8,ケイアイアニラ,牡,4,ムーア, 58 ,16,2,１, ,ダ1200,良,,(栗),吉岡辰弥,1108,-0.8,,3,3,37.3,538,+2,
,2024.12.22,中山,5中8,Ｇ１,有馬記念G1,4,8,レガレイラ,牝,3,戸崎圭太, 54 ,16,5,１, ,芝2500,良,,(美),木村哲也,2318,-0.0,5,5,3,34.9,468,-4,
,2024.12.22,中山,5中8,2勝,オルフェ･2勝,7,14,ピックアチェリー,牝,3,横山武史, 55 ,16,1,１, ,芝1600,良,,(美),和田正一,1334,-0.2,10,11,10,34.7,440,-2,
,2024.12.22,中山,5中8,2勝,グッドＨ･2勝,8,16,スティンガーグラス,牡,3,ルメール, 56 ,16,1,１, ,芝2500,良,,(美),木村哲也,2322,-0.3,8,7,5,35.7,470,+2,
,2024.12.22,中山,5中8,2勝,冬至特別･2勝,2,4,ロードフロンティア,牡,3,マーカン, 57 ,16,7,１, ,ダ1200,良,,(栗),松下武士,1116,-0.0,,6,6,37.7,462,+10,B
,2024.12.22,中山,5中8,1勝,１勝ｸﾗｽ,4,8,ドバイブルース,牡,3,Ｃ．デム, 57 ,16,2,１, ,ダ1800,良,,(美),加藤征弘,1551,-0.4,5,3,1,39.4,512,+4,
,2024.12.22,中山,5中8,新馬,新馬,3,5,ディオデルマーレ,牡,2,ムーア, 56 ,15,1,１, ,芝1600,良,,(美),堀宣行,1366,-0.0,4,5,4,35.2,502,,
,2024.12.22,中山,5中8,新馬,新馬,5,10,シュヴァルボヌール,牝,2,ルメール, 55 ,16,1,１, ,ダ1200,良,,(美),加藤征弘,1132,-1.8,,2,2,37.9,482,,
,2024.12.22,中山,5中8,未勝利,未勝利*,8,18,ロジャリーマイン,牝,2,川田将雅, 55 ,18,1,１, ,芝2000,良,,(美),久保田貴,2013,-0.3,17,4,2,35.8,422,-8,
,2024.12.22,中山,5中8,未勝利,未勝利*,8,16,ミクストベリーズ,牡,2,マーカン, 56 ,16,2,１, ,芝1200,良,,(美),伊藤圭三,1098,-0.1,,7,8,35.8,482,+2,
,2024.12.22,中山,5中8,未勝利,未勝利*,6,12,ドーバーブライト,牡,2,ムーア, 56 ,16,2,１, ,ダ1800,良,,(美),西田雄一,1577,-0.0,12,7,7,40.7,510,+8,
,2024.12.22,中山,5中8,未勝利,未勝利*,8,15,エコロヴァイス,牡,2,ムーア, 56 ,16,1,１, ,ダ1200,良,,(美),堀宣行,1121,-0.3,,1,2,38.1,492,+6,
,2024.12.21,中山,5中7,2勝,クリスマ･2勝,1,2,ジューンブレア,牝,3,戸崎圭太, 55 ,16,1,１, ,芝1200,良,,(栗),武英智,1080,-0.4,,2,2,34.1,484,+10,
,2024.12.21,中山,5中7,3勝,グレイＨ･3勝,7,13,ヴェルミセル,牝,4,津村明秀, 53 ,16,10,１, ,芝2500,良,,(栗),吉村圭司,2329,-0.1,12,10,8,35.0,462,-10,
,2024.12.21,中山,5中7,ＪＧ１,中山大障JG1,8,8,ニシノデイジー,牡,8,五十嵐雄, 63 ,9,4,１, ,芝4100,良,,(美),高木登,4404,-0.8,3,1,1,13.7,506,0,
,2024.12.21,中山,5中7,1勝,ノエル賞･1勝,6,11,キャントウェイト,牡,3,丹内祐次, 56 ,18,3,１, ,芝2200,良,,(美),萱野浩二,2117,-0.2,9,4,2,34.4,470,+8,
,2024.12.21,中山,5中7,1勝,１勝ｸﾗｽ,7,14,レッドセニョール,牡,3,横山和生, 57 ,16,2,１, ,ダ1200,良,,(美),矢嶋大樹,1127,-0.1,,5,3,37.1,488,+12,
,2024.12.21,中山,5中7,1勝,１勝ｸﾗｽ*,4,8,カネショウレジェン,牡,2,横山琉人,55☆,16,2,１, ,ダ1200,良,,(美),稲垣幸雄,1113,-0.4,,2,2,36.6,478,0,
,2024.12.21,中山,5中7,新馬,新馬,3,4,メリークリスマス,牡,2,菊沢一樹, 56 ,15,5,１, ,ダ1800,良,,(美),小手川準,1561,-0.1,5,6,4,39.0,472,,
,2024.12.21,中山,5中7,新馬,新馬,3,5,ジョスラン,牝,2,横山武史, 55 ,16,2,１, ,芝1800,良,,(美),鹿戸雄一,1512,-0.4,2,1,1,33.7,478,,
,2024.12.21,中山,5中7,未勝利,未勝利*,4,8,ピカピカサンダー,牡,2,三浦皇成, 56 ,16,3,１, ,ダ1800,良,,(美),鹿戸雄一,1548,-0.1,1,1,1,37.9,476,0,
,2024.12.21,中山,5中7,未勝利,未勝利*,5,9,コムユンプリュム,牝,2,菅原明良, 55 ,16,2,１, ,芝1600,良,,(美),鹿戸雄一,1345,-0.3,1,2,2,35.6,428,0,
,2024.12.21,中山,5中7,未勝利,未勝利・牝*,7,13,コンアフェット,牝,2,石川裕紀, 55 ,16,7,１, ,ダ1800,良,,(美),斎藤誠,1558,-0.4,2,2,2,38.8,468,-10,
,2024.12.21,中山,5中7,未勝利,未勝利*,2,3,トリリオンボーイ,牡,2,横山武史, 56 ,16,1,１, ,ダ1200,良,,(美),武井亮,1120,-0.4,,4,3,37.1,468,0,
,2024.12.15,中山,5中6,1勝,１勝ｸﾗｽ,4,8,レッドアトレーヴ,牡,3,横山和生, 57 ,16,2,１, ,芝1600,良,,(美),手塚貴久,1333,-0.1,2,2,2,34.9,484,-2,
,2024.12.15,中山,5中6,OP(L),ディセン(L),1,2,エコロヴァルツ,牡,3,マーカン, 56 ,16,1,１, ,芝1800,良,,(栗),牧浦充徳,1452,-0.2,3,3,3,34.0,488,0,
,2024.12.15,中山,5中6,3勝,北総Ｓ･3勝,1,2,ハビレ,牡,3,三浦皇成, 57 ,16,1,１, ,ダ1800,良,,(美),武井亮,1528,-0.2,15,13,10,37.5,514,+14,
,2024.12.15,中山,5中6,2勝,香取特別･2勝,7,12,ニューバラード,牡,3,マーカン, 56 ,14,2,１, ,ダ2400,良,,(美),尾関知人,2350,-0.3,7,5,4,38.6,524,+12,
,2024.12.15,中山,5中6,1勝,１勝ｸﾗｽ,5,10,イルザ,牝,5,三浦皇成, 56 ,16,8,１, ,ダ1200,良,,(美),小手川準,1121,-0.3,,13,13,36.6,464,-4,
,2024.12.15,中山,5中6,未勝利,未勝利*,1,1,スワローシチー,牡,2,石川裕紀, 56 ,18,3,１, ,芝2000,良,,(美),相沢郁,1597,-0.0,10,11,8,34.8,460,-4,
,2024.12.15,中山,5中6,新馬,新馬,8,15,サヨノジャンボリー,牡,2,内田博幸, 56 ,16,13,１, ,ダ1200,良,*,(美),小笠倫弘,1131,-0.1,,9,8,36.8,468,,
,2024.12.15,中山,5中6,新馬,新馬,5,9,アルメントフーベル,牝,2,マーカン, 55 ,16,2,１, ,芝1600,良,,(美),宮田敬介,1351,-0.1,3,2,2,34.5,452,,
,2024.12.15,中山,5中6,未勝利,障害未勝利,5,8,ルレーヴドゥリリ,牝,7,江田勇亮, 58 ,14,3,１, ,ダ2880,良,,(美),田中剛,3145,-0.5,4,3,3,13.5,530,+6,
,2024.12.15,中山,5中6,未勝利,未勝利*,2,3,ライラ,牝,2,木幡巧也, 55 ,16,1,１, ,芝1600,良,,(美),牧光二,1344,-0.3,1,1,1,35.0,458,+2,
,2024.12.15,中山,5中6,未勝利,未勝利・牝*,3,5,オーケーマヒナ,牝,2,石川裕紀, 55 ,16,1,１, ,ダ1800,良,,(美),相沢郁,1560,-0.2,1,1,1,39.0,470,0,
,2024.12.15,中山,5中6,未勝利,未勝利*,1,2,フェスタリア,牡,2,荻野極, 56 ,16,3,１, ,ダ1200,良,,(美),矢野英一,1130,-0.2,,8,8,37.3,454,+4,
,2024.12.14,中山,5中5,2勝,２勝ｸﾗｽ,7,13,サザンステート,牡,5,石橋脩, 58 ,16,5,１, ,ダ1200,良,,(美),上原佑紀,1120,-0.0,,3,3,37.7,500,0,
,2024.12.14,中山,5中5,Ｇ３,ターコイＨG3,3,6,アルジーヌ,牝,4,西村淳也,55.5,16,2,１, ,芝1600,良,,(栗),中内田充,1332,-0.1,8,7,7,34.4,452,-2,
,2024.12.14,中山,5中5,2勝,霞ヶ浦特･2勝,6,12,ルクスビッグスター,牡,4,ムーア, 58 ,16,8,１, ,芝1800,良,,(栗),清水久詞,1474,-0.2,8,9,6,36.3,480,-8,
,2024.12.14,中山,5中5,1勝,ひいらぎ･1勝,3,3,デンクマール,牡,2,ルメール, 56 ,13,1,１, ,芝1600,良,,(美),田中博康,1324,-0.1,1,1,1,35.1,548,+4,
,2024.12.14,中山,5中5,1勝,１勝ｸﾗｽ,8,16,フリーマントル,牡,3,斎藤新, 57 ,16,7,１, ,ダ1800,良,,(美),斎藤誠,1551,-0.1,3,4,4,38.8,502,+10,
,2024.12.14,中山,5中5,未勝利,未勝利・牝*,3,5,ノビリシマビジョン,牝,2,ルメール, 55 ,16,2,１, ,芝1800,良,,(美),青木孝文,1482,-0.0,7,5,6,35.1,480,+8,
,2024.12.14,中山,5中5,新馬,新馬,8,14,ワンカードフェロー,牡,2,ルメール, 56 ,15,1,１, ,ダ1800,良,,(美),嘉藤貴行,1570,-0.0,3,3,2,39.2,488,,
,2024.12.14,中山,5中5,新馬,新馬,1,1,トリプルコーク,牡,2,ルメール, 56 ,15,1,１, ,芝2000,良,,(美),黒岩陽一,2010,-0.3,6,6,6,34.3,460,,
,2024.12.14,中山,5中5,未勝利,未勝利*,8,15,ソクヅモドラドラ,牡,2,横山和生, 56 ,16,3,１, ,ダ1800,良,,(美),上原佑紀,1569,-0.1,3,2,2,40.6,498,0,
,2024.12.14,中山,5中5,未勝利,未勝利*,7,14,ヤマメキング,牡,2,戸崎圭太, 56 ,16,7,１, ,ダ1200,良,,(美),田島俊明,1131,-0.3,,6,6,38.2,490,0,
,2024.12.14,中山,5中5,未勝利,未勝利*,6,12,ニシノケンタマン,牡,2,内田博幸, 56 ,16,7,１, ,ダ1800,良,,(美),深山雅史,1567,-0.1,3,2,2,40.0,454,+8,
,2024.12.14,中山,5中5,未勝利,未勝利・牝*,6,12,タッカージーティー,牝,2,横山武史, 55 ,16,3,１, ,ダ1200,良,,(美),鈴木伸尋,1125,-0.4,,2,2,38.4,486,0,
,"2024.12. 8",中山,5中4,2勝,２勝ｸﾗｽ,5,9,マルチャン,牡,4,丸田恭介, 58 ,16,5,１, ,芝1600,良,,(美),武市康男,1337,-0.2,7,9,6,35.0,474,+2,
,"2024.12. 8",中山,5中4,Ｇ３,カペラＳG3,3,6,ガビーズシスター,牝,3,吉田隼人, 54 ,16,1,１, ,ダ1200,良,,(美),森一誠,1101,-0.0,,7,7,36.3,460,0,
,"2024.12. 8",中山,5中4,OP(L),師走ＳＨ(L),6,12,ロードアヴニール,牡,4,横山和生,57.5,16,1,１, ,ダ1800,良,*,(栗),野中賢二,1518,-0.0,5,4,4,37.9,484,-4,
,"2024.12. 8",中山,5中4,2勝,チバテレ･2勝,5,9,ガジュノリ,牝,3,丹内祐次, 55 ,16,2,１, ,芝2000,良,,(美),尾形和幸,1599,-0.1,7,7,7,35.5,476,+10,
,"2024.12. 8",中山,5中4,1勝,１勝ｸﾗｽ,1,1,レヴォントゥレット,牡,3,横山武史, 56 ,14,1,１, ,ダ2500,良,,(栗),矢作芳人,2431,-0.1,2,2,1,40.6,494,+14,
,"2024.12. 8",中山,5中4,1勝,１勝ｸﾗｽ*,1,1,ジャナドリア,牡,2,横山武史, 56 ,13,2,１, ,ダ1800,良,,(美),武井亮,1541,-0.3,12,12,7,37.9,518,+16,
,"2024.12. 8",中山,5中4,新馬,新馬,8,12,ミツカネリブラ,牡,2,菊沢一樹, 56 ,13,7,１, ,ダ1800,良,,(美),清水英克,1583,-0.1,8,4,3,41.2,474,,
,"2024.12. 8",中山,5中4,新馬,新馬,2,4,バースライト,牡,2,浜中俊, 56 ,16,1,１, ,芝1800,良,,(栗),武幸四郎,1494,-0.2,10,4,4,35.2,506,,
,"2024.12. 8",中山,5中4,未勝利,障害未勝利,2,2,ヤマタケアオイバラ,牡,4,上野翔, 60 ,11,10,１, ,ダ2880,良,,(美),萱野浩二,3178,-0.0,3,4,2,13.7,460,+6,
,"2024.12. 8",中山,5中4,未勝利,未勝利*,7,10,ニシノエージェント,牡,2,津村明秀, 56 ,12,1,１, ,芝1800,良,,(美),千葉直人,1484,-0.1,5,4,4,34.5,470,0,
,"2024.12. 8",中山,5中4,未勝利,未勝利*,7,14,マイネルステラート,牡,2,横山武史, 56 ,16,1,１, ,芝1200,良,,(美),高木登,1086,-0.2,,2,2,34.8,456,0,
,"2024.12. 8",中山,5中4,未勝利,未勝利*,2,3,テイオームサシ,牡,2,斎藤新, 56 ,15,3,１, ,ダ1200,良,,(美),斎藤誠,1127,-0.1,,2,2,38.7,486,0,B
,"2024.12. 7",中山,5中3,2勝,２勝ｸﾗｽ,4,8,ゴールドアローン,牝,3,戸崎圭太, 55 ,16,1,１, ,ダ1800,良,,(美),青木孝文,1535,-0.0,13,12,9,38.0,466,0,
,"2024.12. 7",中山,5中3,3勝,常総Ｓ･3勝,2,3,ディオスバリエンテ,セ,6,大野拓弥, 58 ,15,6,１, ,芝1800,良,,(美),堀宣行,1483,-0.1,2,2,2,34.5,478,-2,B
,"2024.12. 7",中山,5中3,3勝,アクアＨ･3勝,6,11,グッジョブ,牡,4,マーカン, 55 ,16,3,１, ,ダ1200,良,*,(栗),牧浦充徳,1102,-0.1,,10,10,35.7,442,0,
,"2024.12. 7",中山,5中3,1勝,黒松賞･1勝*,5,7,サウスバンク,牝,2,北村宏司, 55 ,13,5,１, ,芝1200,良,,(栗),吉岡辰弥,1077,-0.1,,4,4,34.3,490,-8,
,"2024.12. 7",中山,5中3,1勝,１勝ｸﾗｽ,6,11,エッグスラット,牡,4,石橋脩, 58 ,16,7,１, ,ダ1800,良,,(美),矢野英一,1538,-0.1,9,1,1,37.8,502,0,
,"2024.12. 7",中山,5中3,1勝,１勝ｸﾗｽ,5,10,オルノア,牝,4,横山和生, 56 ,16,1,１, ,芝1800,良,,(栗),新谷功一,1477,-0.2,1,1,1,34.8,494,+2,B
,"2024.12. 7",中山,5中3,新馬,新馬・牝,8,12,タマモカンパネラ,牝,2,戸崎圭太, 55 ,12,2,１, ,ダ1800,良,,(美),伊藤圭三,1569,-0.3,3,3,3,40.3,502,,
,"2024.12. 7",中山,5中3,新馬,新馬,6,11,ギフテッド,牝,2,菅原明良, 55 ,16,2,１, ,芝1600,良,,(美),武井亮,1367,-0.2,3,2,3,34.8,458,,
,"2024.12. 7",中山,5中3,未勝利,未勝利*,3,3,オタマジャクシ,牡,2,木幡育也, 56 ,12,2,１, ,ダ1800,良,,(美),松永康利,1543,-0.5,3,5,4,39.1,482,+2,
,"2024.12. 7",中山,5中3,未勝利,未勝利*,1,1,ガンバルマン,牡,2,原優介,55☆,15,1,１, ,芝2000,良,,(美),萱野浩二,2013,-0.1,13,9,7,35.5,462,-4,
,"2024.12. 7",中山,5中3,未勝利,未勝利*,6,7,ルグランヴァン,牡,2,菅原明良, 56 ,12,1,１, ,ダ1800,良,,(美),高木登,1551,-0.0,6,5,3,38.8,488,0,
,"2024.12. 7",中山,5中3,未勝利,未勝利・牝*,3,5,ヴィンブルレー,牝,2,戸崎圭太, 55 ,16,1,１, ,ダ1200,良,,(美),矢野英一,1120,-0.5,,6,5,37.3,458,+4,
,"2024.12. 1",中山,5中2,2勝,２勝ｸﾗｽ,5,9,アメリカンマーチ,牡,3,ビュイッ, 57 ,16,1,１, ,ダ1200,良,,(栗),池江泰寿,1108,-0.2,,1,1,36.7,486,-2,
,"2024.12. 1",中山,5中2,OP(L),ラピスラ(L),5,9,ペアポルックス,牡,3,岩田康誠, 56 ,16,1,１, ,芝1200,良,,(栗),梅田智之,1072,-0.1,,1,1,33.5,478,+4,
,"2024.12. 1",中山,5中2,3勝,市川ＳＨ･3勝,4,7,クインズミモザ,牝,6,石川裕紀, 54 ,16,7,１, ,ダ1800,良,,(美),池上昌和,1521,-0.2,15,16,14,37.2,526,0,
,"2024.12. 1",中山,5中2,3勝,南総Ｓ･3勝,1,1,カピリナ,牝,3,鮫島克駿, 55 ,16,1,１, ,芝1200,良,,(美),田島俊明,1071,-0.3,,5,5,33.7,478,-8,
,"2024.12. 1",中山,5中2,2勝,２勝ｸﾗｽ,6,7,ホウオウムサシ,牡,4,菅原明良, 58 ,11,3,１, ,芝2500,良,,(美),蛯名正義,2302,-0.4,9,8,8,34.8,450,-6,
,"2024.12. 1",中山,5中2,1勝,１勝ｸﾗｽ・牝,5,7,サツキノジョウ,牝,3,丹内祐次, 54 ,13,2,１, ,ダ1800,良,,(美),武井亮,1531,-0.2,3,3,3,37.4,446,-2,
,"2024.12. 1",中山,5中2,1勝,１勝ｸﾗｽ*,4,4,フレッシュラン,牝,2,津村明秀, 55 ,9,4,１, ,ダ1200,良,,(美),尾形和幸,1114,-0.4,,2,2,36.7,466,+8,
,"2024.12. 1",中山,5中2,新馬,新馬,2,3,スモーキーゴッド,牡,2,マーカン, 56 ,18,3,１, ,芝2000,良,,(美),萩原清,2011,-0.3,1,1,1,34.3,442,,
,"2024.12. 1",中山,5中2,新馬,新馬,5,8,トニケンサンバ,牡,2,菅原明良, 56 ,15,1,１, ,ダ1200,良,,(美),西田雄一,1133,-0.0,,4,4,36.8,502,,
,"2024.12. 1",中山,5中2,未勝利,未勝利*,3,4,ジョイフルニュース,牝,2,大野拓弥, 55 ,15,1,１, ,芝1600,良,,(美),大竹正博,1334,-0.2,1,1,1,34.9,442,-12,
,"2024.12. 1",中山,5中2,未勝利,未勝利*,5,10,バタール,牡,2,江田照男, 56 ,16,1,１, ,ダ1800,良,,(美),鹿戸雄一,1558,-0.0,3,3,3,39.0,540,+12,
,"2024.12. 1",中山,5中2,未勝利,未勝利*,3,6,レーヴレジェンド,牡,2,菊沢一樹, 56 ,16,2,１, ,ダ1200,良,,(美),金成貴史,1126,-0.2,,1,1,37.9,494,+8,
,2024.11.30,中山,5中1,2勝,２勝ｸﾗｽ,8,14,ステークホルダー,牡,4,戸崎圭太, 58 ,15,1,１, ,芝1200,良,,(美),斎藤誠,1075,-0.2,,6,6,33.9,472,+14,B
,2024.11.30,中山,5中1,Ｇ２,ステイヤG2,3,4,シュヴァリエローズ,牡,6,北村友一, 58 ,14,2,１, ,芝3600,良,,(栗),清水久詞,3467,-0.0,4,3,2,35.1,462,-6,
,2024.11.30,中山,5中1,2勝,鹿島特別･2勝,5,9,サクラトップリアル,牡,3,横山武史, 56 ,15,1,１, ,ダ1800,稍,,(美),田村康仁,1528,-0.0,6,6,4,37.3,514,-2,
,2024.11.30,中山,5中1,1勝,葉牡丹賞･1勝,2,2,ヴィンセンシオ,牡,2,ビュイッ, 56 ,12,3,１, ,芝2000,良,,(美),森一誠,1588,-0.0,6,6,6,34.7,506,+14,
,2024.11.30,中山,5中1,ｵｰﾌﾟﾝ,イルミネ,5,7,アサクサゲンキ,セ,9,小牧加矢, 60 ,13,1,１, ,芝3570,良,,(栗),音無秀孝,4027,-0.6,4,3,3,13.6,476,+6,
,2024.11.30,中山,5中1,1勝,１勝ｸﾗｽ,1,2,ダノンマカルー,セ,3,戸崎圭太, 57 ,16,3,１, ,ダ1200,稍,,(美),田中博康,1118,-0.1,,7,7,36.2,520,0,B
,2024.11.30,中山,5中1,新馬,新馬,1,1,オリーブグリーン,牡,2,坂井瑠星, 56 ,13,1,１, ,ダ1800,稍,,(栗),矢作芳人,1549,-0.4,4,4,4,39.8,546,,
,2024.11.30,中山,5中1,新馬,新馬,3,5,ヴィヴァラリス,牝,2,三浦皇成, 55 ,16,11,１, ,芝1200,良,,(美),尾関知人,1090,-0.0,,11,9,33.6,400,,
,2024.11.30,中山,5中1,未勝利,未勝利*,3,5,アースソーナー,牝,2,長浜鴻緒,52▲,15,11,１, ,ダ1800,稍,*,(美),根本康広,1547,-0.1,1,1,1,38.5,482,0,
,2024.11.30,中山,5中1,未勝利,未勝利*,6,10,フクノブルーレイク,牡,2,松岡正海, 56 ,14,1,１, ,芝2000,良,,(美),竹内正洋,2021,-0.1,5,6,8,34.2,450,-8,
,2024.11.30,中山,5中1,未勝利,未勝利・牝*,3,6,リュミナーズ,牝,2,松岡正海, 55 ,16,10,１, ,ダ1800,稍,,(美),堀内岳志,1552,-0.1,13,10,6,39.7,446,-4,
,2024.11.30,中山,5中1,未勝利,未勝利*,5,9,サノノアメリカン,牡,2,田辺裕信, 56 ,16,2,１, ,ダ1200,稍,,(美),中舘英二,1127,-0.2,,2,2,38.5,454,-6,
,"2024. 9.29",中山,4中9,3勝,外房Ｓ･3勝,5,10,ガビーズシスター,牝,3,ルメール, 54 ,16,1,１, ,ダ1200,良,,(美),森一誠,1097,-0.5,,7,5,35.9,460,-6,
,"2024. 9.29",中山,4中9,Ｇ１,スプリンG1,7,13,ルガル,牡,4,西村淳也, 58 ,16,9,１, ,芝1200,良,,(栗),杉山晴紀,1070,-0.0,,3,3,34.2,526,+2,
,"2024. 9.29",中山,4中9,2勝,サクラＨ･2勝,3,3,エレクトリックブギ,牡,3,横山武史, 54 ,14,5,１, ,芝1800,良,,(美),鹿戸雄一,1473,-0.2,7,7,7,35.5,434,-2,
,"2024. 9.29",中山,4中9,1勝,サフラン･1勝,2,2,クリノメイ,牝,2,佐々木大, 55 ,9,4,１, ,芝1600,良,,(栗),須貝尚介,1352,-0.0,6,5,4,34.3,444,0,
,"2024. 9.29",中山,4中9,2勝,２勝ｸﾗｽ,7,11,ウンガイソウテン,牡,3,横山武史, 55 ,13,1,１, ,ダ1800,良,,(美),田村康仁,1532,-0.7,2,2,2,37.5,478,0,
,"2024. 9.29",中山,4中9,1勝,１勝ｸﾗｽ,6,12,コンフェルマ,牡,3,松山弘平, 55 ,17,4,１, ,芝2200,良,,(栗),寺島良,2134,-0.4,1,1,1,34.6,492,+2,
,"2024. 9.29",中山,4中9,1勝,１勝ｸﾗｽ,6,11,マイネルディレクト,牡,3,横山武史, 56 ,16,3,１, ,ダ1200,良,,(美),伊藤大士,1110,-0.3,,1,1,37.0,504,+4,
,"2024. 9.29",中山,4中9,新馬,新馬,1,1,スタイラスメソッド,牡,2,武豊, 55 ,17,6,１, ,芝2000,良,,(美),牧光二,2031,-0.5,1,1,1,35.4,454,,
,"2024. 9.29",中山,4中9,1勝,１勝ｸﾗｽ,5,10,コスモオピニオン,牡,4,丹内祐次, 58 ,16,4,１, ,ダ1800,良,,(美),黒岩陽一,1544,-0.2,4,5,4,38.0,502,-2,
,"2024. 9.29",中山,4中9,新馬,新馬,2,4,カンシン,牡,2,坂井瑠星, 55 ,16,1,１, ,芝1200,良,,(栗),西園翔太,1093,-0.5,,1,1,34.4,462,,
,"2024. 9.29",中山,4中9,未勝利,未勝利*,4,4,シホリーン,牝,2,ルメール, 55 ,11,1,１, ,芝1600,良,,(美),武井亮,1343,-0.2,4,4,5,34.6,448,+4,
,"2024. 9.29",中山,4中9,未勝利,未勝利*,2,4,リアルショット,牡,2,ルメール, 55 ,16,4,１, ,ダ1200,良,,(美),加藤征弘,1125,-0.0,,4,4,38.5,470,+6,
,"2024. 9.28",中山,4中8,2勝,２勝ｸﾗｽ,5,9,カンパニョーラ,牝,5,吉田豊, 56 ,16,10,１, ,ダ1200,良,,(美),伊坂重信,1106,-0.2,,13,11,36.0,460,+6,
,"2024. 9.28",中山,4中8,3勝,秋風Ｓ･3勝,1,1,トロヴァトーレ,牡,3,ルメール, 56 ,16,1,１, ,芝1600,良,,(美),鹿戸雄一,1333,-0.3,3,3,3,34.0,488,+8,
,"2024. 9.28",中山,4中8,2勝,茨城新聞･2勝,2,2,ハピネスアゲン,牝,5,佐々木大, 56 ,14,7,１, ,芝1200,良,,(美),萱野浩二,1079,-0.1,,7,7,34.0,460,-2,
,"2024. 9.28",中山,4中8,ｵｰﾌﾟﾝ,芙蓉Ｓ,2,2,ジェットマグナム,牡,2,丹内祐次, 55 ,9,4,１, ,芝2000,良,,(栗),安達昭夫,2028,-0.1,2,2,2,35.1,484,+10,
,"2024. 9.28",中山,4中8,1勝,１勝ｸﾗｽ,4,7,ヒストリアイ,セ,3,モレイラ, 56 ,16,1,１, ,ダ1200,良,,(美),堀宣行,1114,-0.1,,8,7,36.5,540,+2,B
,"2024. 9.28",中山,4中8,1勝,１勝ｸﾗｽ・牝,6,11,ゴールドアローン,牝,3,原優介,52☆,16,1,１, ,ダ1800,良,,(美),青木孝文,1537,-0.5,5,1,1,39.2,458,+2,
,"2024. 9.28",中山,4中8,新馬,新馬,4,7,ハッピービバーク,牝,2,横山和生, 55 ,16,4,１, ,ダ1200,良,,(美),嘉藤貴行,1122,-0.5,,3,2,37.5,438,,
,"2024. 9.28",中山,4中8,新馬,新馬・牝,4,8,クレオズニードル,牝,2,佐々木大, 55 ,16,4,１, ,芝1600,良,,(美),和田勇介,1360,-0.3,9,8,5,34.7,470,,
,"2024. 9.28",中山,4中8,未勝利,未勝利*,4,8,サトノラポール,牡,2,モレイラ, 55 ,17,1,１, ,芝2000,良,,(美),鹿戸雄一,2022,-0.1,3,5,4,36.0,452,+2,
,"2024. 9.28",中山,4中8,未勝利,未勝利*,7,14,トルショー,牡,2,モレイラ, 55 ,16,2,１, ,ダ1800,良,,(美),伊藤圭三,1546,-0.4,3,2,2,38.7,464,-4,
,"2024. 9.28",中山,4中8,未勝利,未勝利*,6,8,ラトルシェ,牝,2,菅原明良, 55 ,13,1,１, ,芝1200,良,,(美),菊川正達,1094,-0.1,,6,5,34.8,460,0,
,"2024. 9.28",中山,4中8,未勝利,障害未勝利,8,9,フェーレンベルク,牡,4,上野翔, 60 ,10,4,１, ,ダ2880,良,,(美),千葉直人,3141,-0.2,3,2,2,13.5,478,-4,
,"2024. 9.22",中山,4中7,2勝,２勝ｸﾗｽ,4,6,インビンシブルパパ,牡,3,ルメール, 55 ,15,1,１, ,ダ1200,良,,(美),伊藤大士,1107,-0.2,,2,2,37.1,516,+6,
,"2024. 9.22",中山,4中7,Ｇ２,オールカG2,3,4,レーベンスティール,牡,4,ルメール, 57 ,15,1,１, ,芝2200,良,,(美),田中博康,2118,-0.1,3,4,4,34.1,484,+2,
,"2024. 9.22",中山,4中7,3勝,内房ＳＨ･3勝,7,12,ヒューゴ,牡,4,岩田康誠, 55 ,14,7,１, ,ダ1800,良,,(美),加藤征弘,1531,-0.1,5,4,3,38.0,456,0,
,"2024. 9.22",中山,4中7,2勝,木更津特･2勝,5,7,キープカルム,牡,3,三浦皇成, 56 ,13,2,１, ,芝1600,良,,(栗),中竹和也,1324,-0.3,2,2,2,33.8,484,-2,
,"2024. 9.22",中山,4中7,1勝,１勝ｸﾗｽ,7,14,リリージェーン,牝,4,丹内祐次, 56 ,16,7,１, ,ダ1200,良,,(美),小手川準,1116,-0.1,,3,2,37.5,432,+16,B
,"2024. 9.22",中山,4中7,1勝,１勝ｸﾗｽ,4,7,マンウォル,牝,3,菊沢一樹, 54 ,16,8,１, ,芝1600,良,,(美),菊沢隆徳,1326,-0.0,3,5,4,34.5,428,+2,
,"2024. 9.22",中山,4中7,1勝,１勝ｸﾗｽ,7,10,ダイヤモンドナイツ,牡,3,吉田豊, 55 ,12,7,１, ,ダ1800,良,,(美),田島俊明,1541,-0.1,7,4,6,38.0,470,-4,
,"2024. 9.22",中山,4中7,新馬,新馬,8,13,テリオスルナ,牝,2,小林勝太,53△,14,6,１, ,芝1800,良,,(美),高柳瑞樹,1499,-0.3,1,1,1,34.8,410,,
,"2024. 9.22",中山,4中7,新馬,新馬,8,15,フレッシュラン,牝,2,津村明秀, 55 ,15,4,１, ,ダ1200,良,,(美),尾形和幸,1134,-0.1,,3,3,37.3,458,,
,"2024. 9.22",中山,4中7,未勝利,未勝利*,1,1,エンペラーズソード,セ,2,菅原明良, 55 ,13,2,１, ,芝1800,良,,(美),高木登,1491,-0.4,2,2,2,34.0,480,+6,
,"2024. 9.22",中山,4中7,未勝利,未勝利*,2,2,ニシノクードクール,牝,2,武藤雅, 55 ,10,1,１, ,芝1200,良,,(美),武藤善則,1088,-0.4,,5,4,33.5,450,-2,
,"2024. 9.22",中山,4中7,未勝利,未勝利・牝*,7,9,タイヨウフレア,牝,2,原優介,54☆,12,6,１, ,ダ1800,良,,(美),杉浦宏昭,1562,-0.5,7,4,2,38.9,490,-2,
,"2024. 9.21",中山,4中6,2勝,２勝ｸﾗｽ・牝,8,16,マンマリアーレ,牝,4,荻野極, 56 ,16,1,１, ,ダ1800,良,,(美),高木登,1521,-0.5,3,3,1,37.3,470,+2,
,"2024. 9.21",中山,4中6,ｵｰﾌﾟﾝ,ながつき,7,12,サンライズアムール,牡,5,ルメール, 59 ,15,1,１, ,ダ1200,良,,(栗),小林真也,1106,-0.4,,3,3,36.3,514,-4,
,"2024. 9.21",中山,4中6,2勝,九十九里･2勝,7,8,アドマイヤサジー,牝,4,丹内祐次, 56 ,11,1,１, ,芝2500,良,,(美),宮田敬介,2306,-0.3,5,2,2,34.8,434,-4,
,"2024. 9.21",中山,4中6,ｵｰﾌﾟﾝ,カンナＳ,1,1,エコロジーク,牡,2,ルメール, 55 ,8,1,１, ,芝1200,良,,(栗),森秀行,1072,-0.5,,1,1,34.6,484,+4,
,"2024. 9.21",中山,4中6,ｵｰﾌﾟﾝ,清秋ジャ,8,12,スマイルスルー,牡,4,高田潤, 60 ,12,4,１, ,芝3210,良,,(栗),斉藤崇史,3293,-1.0,1,1,1,13.0,520,+2,
,"2024. 9.21",中山,4中6,1勝,１勝ｸﾗｽ,6,10,イモータルバード,牡,3,三浦皇成, 55 ,14,1,１, ,ダ1800,良,,(美),栗田徹,1542,-0.1,1,1,1,37.8,476,+10,
,"2024. 9.21",中山,4中6,1勝,１勝ｸﾗｽ,6,9,ホウオウムサシ,牡,4,菅原明良, 58 ,13,5,１, ,芝2000,良,,(美),蛯名正義,1596,-0.1,9,8,7,33.4,452,+4,
,"2024. 9.21",中山,4中6,新馬,新馬,2,4,キュクロープス,牡,2,斎藤新, 55 ,16,4,１, ,芝1600,良,,(栗),高橋康之,1348,-0.5,1,1,1,33.6,466,,
,"2024. 9.21",中山,4中6,1勝,１勝ｸﾗｽ,1,1,ステークホルダー,牡,4,戸崎圭太, 58 ,15,2,１, ,芝1200,良,,(美),斎藤誠,1072,-0.2,,7,5,32.7,462,+4,B
,"2024. 9.21",中山,4中6,新馬,新馬,4,7,テンワンダーマン,牡,2,田辺裕信, 55 ,16,3,１, ,ダ1800,良,,(美),金成貴史,1565,-0.5,5,5,5,38.0,492,,
,"2024. 9.21",中山,4中6,未勝利,未勝利*,1,1,ロードリベラシオン,牡,2,佐々木大, 55 ,13,2,１, ,芝1600,良,,(美),尾形和幸,1330,-0.4,1,1,1,34.3,484,+2,
,"2024. 9.21",中山,4中6,未勝利,未勝利*,7,9,スリーピース,牡,2,三浦皇成, 55 ,11,1,１, ,ダ1200,良,,(美),武井亮,1128,-0.4,,3,3,37.7,458,+4,
,"2024. 9.16",中山,4中5,1勝,１勝ｸﾗｽ,8,16,ノーブルゲイル,牡,3,三浦皇成, 56 ,16,1,１, ,ダ1200,良,,(美),中川公成,1116,-0.3,,3,2,37.6,480,+10,
,"2024. 9.16",中山,4中5,Ｇ２,セントラG2,1,1,アーバンシック,牡,3,ルメール, 57 ,14,2,１, ,芝2200,良,,(美),武井亮,2116,-0.3,6,5,7,34.0,510,-2,
,"2024. 9.16",中山,4中5,2勝,習志野特･2勝,5,5,コスモブッドレア,牡,3,横山武史, 55 ,10,1,１, ,芝2000,良,,(美),小野次郎,1593,-0.3,2,2,2,34.8,486,+2,
,"2024. 9.16",中山,4中5,2勝,鋸山特別･2勝,7,14,テリフィックプラン,牡,3,ルメール, 55 ,16,1,１, ,ダ1800,良,,(美),萩原清,1538,-0.3,7,6,5,38.6,492,0,
,"2024. 9.16",中山,4中5,1勝,１勝ｸﾗｽ,1,1,ニューバラード,牡,3,ルメール, 55 ,12,1,１, ,ダ2400,良,,(美),尾関知人,2376,-0.4,2,1,2,38.9,512,+6,
,"2024. 9.16",中山,4中5,1勝,１勝ｸﾗｽ,5,5,バロネッサ,牝,3,戸崎圭太, 53 ,11,1,１, ,ダ1800,良,,(美),田中博康,1541,-0.9,3,3,3,39.2,504,+2,
,"2024. 9.16",中山,4中5,新馬,新馬,7,8,ブラウンラチェット,牝,2,ルメール, 55 ,11,1,１, ,芝1800,良,,(美),手塚貴久,1501,-0.2,3,3,2,34.3,438,,
,"2024. 9.16",中山,4中5,新馬,新馬,7,8,レーヴブリリアント,牡,2,ルメール, 55 ,10,1,１, ,芝1600,良,,(美),田中博康,1358,-0.0,7,6,4,34.0,448,,
,"2024. 9.16",中山,4中5,未勝利,未勝利*,3,3,ニシノイストワール,牡,2,三浦皇成, 55 ,12,4,１, ,芝1800,良,,(美),鹿戸雄一,1491,-0.0,1,1,1,35.0,452,+8,
,"2024. 9.16",中山,4中5,未勝利,未勝利*,6,8,ケイツーギルダー,牡,2,横山武史, 55 ,13,2,１, ,ダ1200,良,,(美),千葉直人,1125,-0.3,,3,3,37.9,494,-2,
,"2024. 9.16",中山,4中5,未勝利,未勝利・牝*,5,8,ホリーアン,牝,2,丸田恭介, 55 ,14,8,１, ,芝1600,良,,(美),萱野浩二,1350,-0.1,3,3,3,35.2,424,+6,
,"2024. 9.16",中山,4中5,未勝利,障害未勝利,4,4,ピンポイントドロー,牡,4,五十嵐雄, 60 ,7,2,１, ,ダ2880,良,,(美),宗像義忠,3153,-1.2,1,1,1,13.6,494,+2,
,"2024. 9.15",中山,4中4,1勝,１勝ｸﾗｽ,1,1,カリーシ,牝,3,菅原明良, 54 ,16,1,１, ,芝1200,良,,(美),武井亮,1078,-0.1,,8,8,33.8,442,-6,
,"2024. 9.15",中山,4中4,ｵｰﾌﾟﾝ,ラジオ日,7,11,アウトレンジ,牡,4,横山和生, 57 ,14,1,１, ,ダ1800,良,,(栗),大久保龍,1522,-0.1,1,2,1,37.8,492,+4,
,"2024. 9.15",中山,4中4,3勝,レインＨ･3勝,6,11,ギャラクシーナイト,牡,5,菊沢一樹, 54 ,15,14,１, ,芝1800,良,*,(美),菊沢隆徳,1455,-0.2,2,2,1,34.3,504,-4,
,"2024. 9.15",中山,4中4,2勝,浦安特別･2勝,8,12,エコロアレス,牡,4,菅原明良, 58 ,13,1,１, ,ダ1200,良,,(栗),森秀行,1116,-0.4,,2,2,36.5,480,+8,
,"2024. 9.15",中山,4中4,1勝,１勝ｸﾗｽ・牝,1,2,エバーハンティング,牝,5,吉田豊, 56 ,17,10,１, ,芝2000,良,,(美),小島茂之,1581,-0.1,5,4,3,34.9,422,-2,
,"2024. 9.15",中山,4中4,1勝,１勝ｸﾗｽ,6,10,マーシヴィガラス,牡,4,丹内祐次, 58 ,14,10,１, ,ダ1200,良,,(美),的場均,1121,-0.2,,3,2,36.9,512,-12,
,"2024. 9.15",中山,4中4,1勝,１勝ｸﾗｽ,6,11,デフィニティーボ,牡,3,横山和生, 55 ,16,3,１, ,ダ1800,良,,(美),上原佑紀,1534,-0.5,6,6,3,38.0,472,0,B
,"2024. 9.15",中山,4中4,新馬,新馬・牝,2,3,レイユール,牝,2,嶋田純次, 55 ,16,3,１, ,芝1600,良,,(美),手塚貴久,1352,-0.6,10,6,4,34.2,408,,
,"2024. 9.15",中山,4中4,新馬,新馬,4,7,ヴァージル,牡,2,三浦皇成, 55 ,16,1,１, ,芝1200,良,,(栗),杉山晴紀,1090,-0.3,,2,1,34.1,452,,
,"2024. 9.15",中山,4中4,未勝利,未勝利*,8,13,リュキア,牡,2,木幡巧也, 55 ,13,5,１, ,ダ1800,良,,(美),牧光二,1554,-0.2,2,2,2,39.5,460,0,
,"2024. 9.15",中山,4中4,未勝利,未勝利*,8,14,ヤコブセン,牡,2,斎藤新, 55 ,14,5,１, ,芝2000,良,,(美),斎藤誠,2002,-0.0,3,3,3,35.4,490,+2,
,"2024. 9.15",中山,4中4,未勝利,未勝利*,8,11,サノノワンダー,牡,2,杉原誠人, 55 ,12,2,１, ,ダ1200,良,,(美),栗田徹,1135,-0.3,,6,6,37.4,514,+2,
,"2024. 9.14",中山,4中3,1勝,１勝ｸﾗｽ,3,4,ガールズレジェンド,牝,4,荻野極, 56 ,15,5,１, ,芝1800,良,,(美),上原佑紀,1472,-0.2,1,1,1,34.1,460,-2,
,"2024. 9.14",中山,4中3,3勝,初風ＳＨ･3勝,3,6,エティエンヌ,セ,5,津村明秀, 57 ,16,3,１, ,ダ1200,良,,(栗),吉田直弘,1113,-0.1,,10,9,35.9,516,0,
,"2024. 9.14",中山,4中3,2勝,御宿特別･2勝,5,6,ポルカリズム,牝,4,津村明秀, 56 ,13,4,１, ,芝1600,良,,(栗),中内田充,1326,-0.1,8,7,7,33.4,478,-2,
,"2024. 9.14",中山,4中3,2勝,松戸特別･2勝,1,2,ロードマゼラン,セ,5,横山和生, 58 ,16,7,１, ,ダ2400,良,*,(栗),奥村豊,2369,-0.4,1,1,1,38.2,486,-10,
,"2024. 9.14",中山,4中3,1勝,１勝ｸﾗｽ,4,7,シグムンド,牡,3,柴田大知, 55 ,15,4,１, ,ダ1800,良,,(美),岩戸孝樹,1536,-0.5,3,3,2,37.8,490,-6,B
,"2024. 9.14",中山,4中3,1勝,１勝ｸﾗｽ,6,6,エメリヨン,牝,4,田辺裕信, 56 ,10,1,１, ,芝2500,良,,(美),加藤士津,2316,-0.6,3,4,2,35.0,458,-2,
,"2024. 9.14",中山,4中3,1勝,１勝ｸﾗｽ・牝,3,6,オリビアジュテーム,牝,4,菊沢一樹, 56 ,16,2,１, ,ダ1200,良,,(美),西田雄一,1121,-0.0,,2,2,37.1,472,0,
,"2024. 9.14",中山,4中3,新馬,新馬,2,2,イブニングタイド,牝,2,戸崎圭太, 55 ,9,2,１, ,芝2000,良,,(美),林徹,2038,-0.0,1,1,2,33.5,434,,
,"2024. 9.14",中山,4中3,新馬,新馬,8,15,バギーウィップ,牡,2,戸崎圭太, 55 ,16,1,１, ,ダ1800,良,,(美),萩原清,1563,-0.1,3,2,1,38.4,500,,
,"2024. 9.14",中山,4中3,未勝利,未勝利*,3,4,コムーネ,牝,2,石神深道,52▲,14,9,１, ,芝1200,良,,(美),奥平雅士,1084,-0.1,,1,1,34.4,412,+2,
,"2024. 9.14",中山,4中3,未勝利,未勝利*,8,12,シャイニーシップ,牡,2,丹内祐次, 55 ,12,3,１, ,ダ1800,良,,(美),畠山吉宏,1554,-0.7,6,3,2,38.7,480,-6,
,"2024. 9.14",中山,4中3,未勝利,未勝利・牝*,5,7,アルデショワ,牝,2,津村明秀, 55 ,14,1,１, ,ダ1200,良,,(美),田中博康,1128,-1.4,,1,1,38.0,448,-4,
,"2024. 9. 8",中山,4中2,2勝,２勝ｸﾗｽ,8,14,ブシン,牡,3,武豊, 56 ,15,2,１, ,ダ1200,良,,(栗),森秀行,1106,-0.5,,2,2,36.8,476,0,B
,"2024. 9. 8",中山,4中2,Ｇ３,オータムＨG3,5,10,アスコリピチェーノ,牝,3,ルメール,55.5,16,1,１, ,芝1600,良,,(美),黒岩陽一,1308,-0.2,9,9,8,32.7,480,0,
,"2024. 9. 8",中山,4中2,3勝,セプテＨ･3勝,5,5,ウインモナーク,牡,5,松岡正海, 56 ,10,7,１, ,芝1200,良,,(美),奥平雅士,1073,-0.1,,3,5,33.2,502,+14,B
,"2024. 9. 8",中山,4中2,2勝,白井特別･2勝,1,1,グラニット,牡,4,永野猛蔵, 58 ,9,1,１, ,芝1800,良,,(美),大和田成,1478,-0.3,1,1,1,33.1,468,+8,
,"2024. 9. 8",中山,4中2,1勝,１勝ｸﾗｽ,8,15,カンジ,牡,3,佐々木大, 55 ,16,1,１, ,ダ1800,良,,(美),武井亮,1534,-0.1,2,2,2,38.7,508,+28,
,"2024. 9. 8",中山,4中2,1勝,１勝ｸﾗｽ,2,3,ピックアチェリー,牝,3,佐々木大, 54 ,16,2,１, ,芝1600,良,,(美),和田正一,1328,-0.0,15,12,11,32.5,436,+10,
,"2024. 9. 8",中山,4中2,1勝,１勝ｸﾗｽ,6,12,ヴィクトリーロード,牡,4,内田博幸, 58 ,16,8,１, ,ダ1200,良,,(美),畠山吉宏,1111,-0.2,,6,5,36.3,478,+2,B
,"2024. 9. 8",中山,4中2,新馬,新馬,4,7,ファンダム,牡,2,北村宏司, 55 ,15,3,１, ,芝1600,良,,(美),辻哲英,1328,-0.1,3,2,2,33.4,458,,
,"2024. 9. 8",中山,4中2,1勝,１勝ｸﾗｽ・牝,8,15,アムールドパリ,牝,3,武豊, 53 ,16,1,１, ,ダ1800,良,,(美),稲垣幸雄,1537,-0.1,7,3,3,39.2,460,+10,
,"2024. 9. 8",中山,4中2,新馬,新馬,8,16,ウインハルモニア,牝,2,黛弘人, 55 ,16,12,１, ,ダ1800,良,,(美),和田雄二,1558,-0.1,2,3,3,40.7,472,,
,"2024. 9. 8",中山,4中2,未勝利,未勝利*,2,2,パートオブワールド,牝,2,原優介,54☆,9,3,１, ,芝2000,良,,(美),竹内正洋,2012,-0.0,3,4,3,34.3,426,+12,
,"2024. 9. 8",中山,4中2,未勝利,未勝利*,4,4,ジャスパーソレイユ,牡,2,武豊, 55 ,8,2,１, ,ダ1200,良,,(栗),森秀行,1114,-0.1,,2,2,36.2,454,-12,
,"2024. 9. 7",中山,4中1,1勝,１勝ｸﾗｽ,6,12,メモリーグラス,牡,4,戸崎圭太, 58 ,16,3,１, ,ダ1200,良,,(美),松永康利,1122,-0.0,,2,2,37.0,476,+2,
,"2024. 9. 7",中山,4中1,Ｇ２,紫苑ＳG2,5,6,クリスマスパレード,牝,3,石川裕紀, 55 ,13,5,１, ,芝2000,良,,(美),加藤士津,1566,-0.0,2,2,2,33.9,460,-2,
,"2024. 9. 7",中山,4中1,2勝,汐留特別･2勝,1,1,ランドオブラヴ,牝,4,丹内祐次, 56 ,11,5,１, ,芝1200,良,,(美),蛯名正義,1068,-0.0,,9,7,32.3,430,+2,
,"2024. 9. 7",中山,4中1,1勝,アスター･1勝,1,1,ジャルディニエ,牝,2,戸崎圭太, 55 ,8,1,１, ,芝1600,良,,(栗),奥村豊,1336,-0.2,5,6,4,34.0,454,+18,
,"2024. 9. 7",中山,4中1,1勝,１勝ｸﾗｽ,2,2,ウンガイソウテン,牡,3,横山武史, 55 ,15,5,１, ,ダ1800,良,,(美),田村康仁,1526,-0.2,1,1,1,38.1,478,-2,
,"2024. 9. 7",中山,4中1,1勝,１勝ｸﾗｽ,4,4,フナデ,牡,3,丹内祐次, 55 ,10,4,１, ,芝2000,良,,(美),嘉藤貴行,1576,-0.3,2,2,2,33.9,446,+6,
,"2024. 9. 7",中山,4中1,1勝,１勝ｸﾗｽ・牝,7,14,オーブルクール,牝,3,石橋脩, 54 ,16,1,１, ,ダ1200,良,,(美),矢野英一,1115,-0.1,,2,2,37.4,472,+2,
,"2024. 9. 7",中山,4中1,新馬,新馬,1,1,ハードワーカー,牝,2,佐々木大, 55 ,7,5,１, ,芝2000,良,,(美),竹内正洋,2046,-0.0,1,1,1,34.3,470,,
,"2024. 9. 7",中山,4中1,新馬,新馬,6,12,コパノヴィンセント,牡,2,佐々木大, 55 ,16,4,１, ,ダ1200,良,,(美),上原博之,1133,-0.3,,4,4,37.6,518,,
,"2024. 9. 7",中山,4中1,未勝利,未勝利*,5,6,パースウェイド,牝,2,ルメール, 55 ,12,1,１, ,ダ1800,良,,(美),中舘英二,1557,-0.6,6,4,3,39.2,468,+2,
,"2024. 9. 7",中山,4中1,未勝利,未勝利*,4,4,ニシノルアノーヴァ,牡,2,永野猛蔵, 55 ,12,5,１, ,芝1600,良,,(美),古賀慎明,1338,-0.0,6,4,4,34.3,470,+6,
,"2024. 9. 7",中山,4中1,未勝利,障害未勝利,5,5,インディゴブラック,セ,5,小坂忠士, 60 ,8,1,１, ,ダ2880,良,,(栗),奥村豊,3148,-0.2,1,1,2,13.5,514,+2,
,"2024. 4.14",中山,3中8,OP(L),春雷ＳＨ(L),7,13,サトノレーヴ,牡,5,モレイラ, 57 ,16,1,１, ,芝1200,良,,(美),堀宣行,1071,-0.0,,7,6,33.2,534,-10,
,"2024. 4.14",中山,3中8,Ｇ１,皐月賞G1,7,13,ジャスティンミラノ,牡,3,戸崎圭太, 57 ,18,2,１, ,芝2000,良,,(栗),友道康夫,1571,-0.0,5,4,4,34.7,512,+10,
,"2024. 4.14",中山,3中8,3勝,ドゥラＨ･3勝,5,8,セイウンプラチナ,牡,5,武豊, 55 ,14,8,１, ,芝2500,良,,(美),千葉直人,2314,-0.2,1,1,1,35.0,498,-10,
,"2024. 4.14",中山,3中8,2勝,利根川特･2勝,7,12,カンピオーネ,牡,5,横山武史, 58 ,14,2,１, ,ダ1800,良,,(美),栗田徹,1526,-0.5,12,8,7,37.9,518,-2,
,"2024. 4.14",中山,3中8,2勝,野島崎特･2勝,8,8,エンパイアウエスト,牝,5,モレイラ, 56 ,9,2,１, ,芝2000,良,,(美),黒岩陽一,1582,-0.0,3,3,3,34.6,508,+6,
,"2024. 4.14",中山,3中8,1勝,１勝ｸﾗｽ,2,4,グランフォーブル,牡,4,吉田豊, 58 ,16,5,１, ,ダ1200,良,,(美),土田稔,1108,-0.9,,1,1,36.4,468,-10,B
,"2024. 4.14",中山,3中8,1勝,１勝ｸﾗｽ,2,3,ラップスター,牡,4,川田将雅, 58 ,15,2,１, ,ダ1800,良,*,(栗),森秀行,1547,-0.0,2,1,1,37.4,520,+14,
,"2024. 4.14",中山,3中8,1勝,１勝ｸﾗｽ*,2,4,インビンシブルパパ,牡,3,川田将雅, 55 ,16,1,１, ,ダ1200,良,,(美),伊藤大士,1106,-0.7,,1,1,36.3,514,-2,
,"2024. 4.14",中山,3中8,未勝利,未勝利,6,11,クリフハンガー,牡,3,モレイラ, 57 ,18,1,１, ,芝2200,良,,(美),堀宣行,2138,-0.1,6,7,4,35.2,446,-4,
,"2024. 4.14",中山,3中8,未勝利,未勝利,7,12,テリフィックプラン,牡,3,川田将雅, 57 ,15,1,１, ,ダ1800,良,,(美),萩原清,1542,-1.0,3,3,2,39.2,496,-4,
,"2024. 4.14",中山,3中8,未勝利,未勝利,2,4,ソニックロプロス,牡,3,川田将雅, 57 ,16,1,１, ,ダ1200,良,,(美),加藤士津,1122,-0.6,,1,1,37.7,502,0,B
,"2024. 4.14",中山,3中8,未勝利,未勝利・牝,1,2,グランコネクシオン,牝,3,原優介,54☆,16,10,１, ,ダ1800,良,,(美),畠山吉宏,1559,-0.1,13,10,10,38.8,432,+2,
,"2024. 4.13",中山,3中7,2勝,袖ケ浦特･2勝,7,12,ハヤブサジェット,セ,4,石川裕紀, 58 ,15,2,１, ,ダ1200,良,,(美),青木孝文,1108,-0.3,,1,1,36.1,456,-8,
,"2024. 4.13",中山,3中7,ＪＧ１,中山グラJG1,6,8,イロゴトシ,牡,7,黒岩悠, 63 ,12,2,１, ,芝4250,良,,(栗),牧田和弥,4472,-0.5,3,1,1,13.5,468,-8,
,"2024. 4.13",中山,3中7,3勝,下総Ｓ･3勝,1,1,アクションプラン,牡,4,横山武史, 58 ,14,2,１, ,ダ1800,良,*,(美),池上昌和,1517,-0.4,1,1,1,37.4,516,+8,
,"2024. 4.13",中山,3中7,1勝,山藤賞･1勝*,3,3,ヤマニンアドホック,牡,3,津村明秀, 57 ,6,4,１, ,芝2000,良,,(美),辻哲英,2011,-0.1,1,1,1,34.7,446,-6,
,"2024. 4.13",中山,3中7,2勝,２勝ｸﾗｽ,3,3,ティニア,牡,4,戸崎圭太, 58 ,12,1,１, ,芝1200,良,,(栗),池江泰寿,1091,-0.3,,2,2,33.7,498,-6,
,"2024. 4.13",中山,3中7,1勝,１勝ｸﾗｽ,2,2,ヒシタイカン,セ,4,大野拓弥, 58 ,9,4,１, ,芝2200,良,,(美),堀宣行,2165,-0.2,1,1,1,34.9,424,-8,
,"2024. 4.13",中山,3中7,1勝,１勝ｸﾗｽ*,5,5,グラウンドビート,牡,3,横山武史, 57 ,9,1,１, ,ダ1800,良,,(美),田村康仁,1543,-0.3,3,4,4,37.8,482,-6,
,"2024. 4.13",中山,3中7,未勝利,未勝利,4,7,ナファロア,牡,3,戸崎圭太, 57 ,16,1,１, ,芝1600,良,,(美),菊沢隆徳,1348,-0.2,2,3,2,34.9,462,+6,
,"2024. 4.13",中山,3中7,未勝利,未勝利,6,7,タンゴノアール,牡,3,内田博幸, 57 ,12,4,１, ,ダ1800,良,,(美),伊藤圭三,1560,-0.3,7,3,3,39.2,484,-8,B
,"2024. 4.13",中山,3中7,未勝利,未勝利,6,11,キングクレオール,牡,3,勝浦正樹, 57 ,15,4,１, ,ダ1200,良,,(美),和田雄二,1119,-0.1,,6,4,37.2,456,-2,
,"2024. 4.13",中山,3中7,未勝利,未勝利,7,11,アムレートゥム,牡,3,三浦皇成, 57 ,13,2,１, ,ダ1800,良,,(美),田村康仁,1564,-0.0,3,3,2,38.5,484,+4,
,"2024. 4.13",中山,3中7,未勝利,未勝利・牝,7,14,マケズギライ,牝,3,松岡正海, 55 ,16,1,１, ,ダ1200,良,*,(美),石栗龍彦,1124,-0.5,,6,6,37.5,438,+4,
,"2024. 4. 7",中山,3中6,1勝,１勝ｸﾗｽ,4,4,ロードマゼラン,牡,5,横山和生, 58 ,13,3,１, ,ダ1800,重,*,(栗),奥村豊,1527,-0.3,2,2,2,38.0,502,-10,
,"2024. 4. 7",中山,3中6,OP(L),京葉Ｓ(L),3,4,シアージスト,牡,5,吉田豊, 57 ,14,1,１, ,ダ1200,重,,(美),堀宣行,1098,-0.0,,2,2,35.3,572,-6,B
,"2024. 4. 7",中山,3中6,2勝,鹿野山特･2勝,3,5,ホウオウスーペリア,牡,4,戸崎圭太, 58 ,15,1,１, ,芝2000,重,,(栗),吉岡辰弥,2018,-0.4,3,4,3,34.9,478,-4,
,"2024. 4. 7",中山,3中6,2勝,印西特Ｈ･2勝,1,1,ダスク,牡,4,松岡正海, 55 ,13,4,１, ,ダ2400,重,,(美),戸田博文,2320,-0.0,3,2,1,38.8,466,-2,
,"2024. 4. 7",中山,3中6,1勝,１勝ｸﾗｽ,2,2,フラミニア,牝,4,石川裕紀, 56 ,8,2,１, ,芝1800,重,,(美),森一誠,1500,-0.0,3,3,2,35.3,470,0,
,"2024. 4. 7",中山,3中6,1勝,１勝ｸﾗｽ*,1,1,タイセイフェスタ,牡,3,戸崎圭太, 57 ,13,5,１, ,芝1200,重,,(美),森一誠,1097,-0.1,,7,4,34.5,484,-2,
,"2024. 4. 7",中山,3中6,1勝,１勝ｸﾗｽ*,2,4,カシマエスパーダ,牡,3,田辺裕信, 57 ,16,1,１, ,ダ1800,重,*,(美),鈴木慎太,1518,-0.2,8,3,2,38.3,496,+2,
,"2024. 4. 7",中山,3中6,未勝利,未勝利・牝,8,16,キューティクローム,牝,3,長浜鴻緒,52▲,18,4,１, ,芝2000,重,,(美),中舘英二,2035,-0.0,5,5,4,36.4,418,0,
,"2024. 4. 7",中山,3中6,未勝利,未勝利,1,1,レッドセニョール,牡,3,横山和生, 57 ,16,2,１, ,芝1600,重,,(美),矢嶋大樹,1357,-0.3,2,2,2,37.1,478,-4,
,"2024. 4. 7",中山,3中6,未勝利,未勝利,3,5,ストライクオン,牡,3,戸崎圭太, 57 ,16,1,１, ,ダ1200,重,,(栗),角田晃一,1110,-0.2,,2,2,36.3,470,0,
,"2024. 4. 7",中山,3中6,未勝利,未勝利,7,11,オウケンシルヴァー,牡,3,勝浦正樹, 57 ,14,4,１, ,ダ1800,重,,(美),松永康利,1541,-0.2,5,4,3,38.4,490,+8,
,"2024. 4. 7",中山,3中6,未勝利,未勝利・牝,5,9,オオゾラヒバリ,牝,3,長浜鴻緒,52▲,16,1,１, ,ダ1200,重,,(美),根本康広,1109,-0.4,,2,2,36.9,442,+2,
,"2024. 4. 6",中山,3中5,1勝,１勝ｸﾗｽ・牝,4,7,スマイルアップ,牝,5,藤田菜七,54◇,16,4,１, ,ダ1200,稍,,(美),萱野浩二,1118,-0.2,,1,1,37.1,460,-2,
,"2024. 4. 6",中山,3中5,Ｇ２,ニュージG2,4,7,エコロブルーム,牡,3,横山武史, 57 ,16,3,１, ,芝1600,稍,,(美),加藤征弘,1344,-0.1,3,4,4,35.0,472,+8,
,"2024. 4. 6",中山,3中5,3勝,船橋Ｓ･3勝,8,15,サウザンサニー,牡,4,横山武史, 58 ,15,1,１, ,芝1200,稍,*,(美),岩戸孝樹,1086,-0.2,,13,13,34.0,518,-4,
,"2024. 4. 6",中山,3中5,2勝,葛飾特別･2勝,7,14,アロットドリーム,牝,4,吉田豊, 56 ,16,5,１, ,ダ1200,稍,,(栗),本田優,1106,-0.1,,2,2,37.2,444,0,
,"2024. 4. 6",中山,3中5,1勝,１勝ｸﾗｽ,7,14,ネイチャーシップ,牡,6,長浜鴻緒,55▲,16,9,１, ,ダ2400,稍,,(美),根本康広,2345,-0.5,16,15,11,38.0,508,+2,
,"2024. 4. 6",中山,3中5,1勝,１勝ｸﾗｽ・牝*,5,5,コガネノソラ,牝,3,横山武史, 55 ,8,1,１, ,芝1800,稍,,(美),菊沢隆徳,1483,-0.1,4,4,3,35.2,446,+6,
,"2024. 4. 6",中山,3中5,未勝利,未勝利,4,7,ロードレヴェランス,牡,3,横山和生, 57 ,15,1,１, ,ダ1800,稍,,(美),斎藤誠,1552,-0.0,4,4,3,37.6,492,-4,
,"2024. 4. 6",中山,3中5,未勝利,未勝利,3,5,レイククレセント,牝,3,横山武史, 55 ,18,2,１, ,芝2000,稍,,(美),大竹正博,2027,-0.1,9,8,8,35.3,422,+6,
,"2024. 4. 6",中山,3中5,未勝利,未勝利,8,16,ヨッコサン,牝,3,北村宏司, 55 ,16,3,１, ,ダ1200,稍,,(美),粕谷昌央,1116,-0.3,,2,2,37.9,496,+4,
,"2024. 4. 6",中山,3中5,未勝利,未勝利,4,4,プルナチャンドラ,牡,3,横山和生, 57 ,12,2,１, ,ダ1800,稍,,(美),小野次郎,1548,-0.3,7,7,7,38.4,500,0,
,"2024. 4. 6",中山,3中5,未勝利,未勝利,2,3,ヴェサリウス,牡,3,横山和生, 57 ,16,1,１, ,ダ1200,稍,,(美),菊沢隆徳,1114,-1.0,,2,2,37.6,476,0,
,"2024. 4. 6",中山,3中5,未勝利,未勝利・牝,5,7,ショーヴァロンス,牝,3,長浜鴻緒,52▲,14,6,１, ,ダ1800,稍,,(美),鈴木伸尋,1557,-0.2,2,2,2,39.9,448,-10,
,"2024. 3.31",中山,3中4,2勝,２勝ｸﾗｽ,6,12,ムーヴ,牡,5,三浦皇成, 58 ,16,3,１, ,ダ1200,良,,(美),池上昌和,1112,-0.1,,12,9,35.6,468,0,B
,"2024. 3.31",中山,3中4,3勝,美浦Ｓ･3勝,5,8,キングズパレス,牡,5,松岡正海, 58 ,15,1,１, ,芝2000,良,,(美),戸田博文,1587,-0.0,8,8,5,34.8,506,-6,
,"2024. 3.31",中山,3中4,3勝,アリエス･3勝,8,16,ドライゼ,牝,5,田辺裕信, 56 ,16,4,１, ,ダ1800,良,,(栗),須貝尚介,1531,-0.0,8,8,7,37.0,496,+4,
,"2024. 3.31",中山,3中4,2勝,安房特別･2勝,2,2,メジャークロニクル,牡,5,岩田康誠, 58 ,8,2,１, ,芝2500,良,,(美),栗田徹,2316,-0.2,2,2,2,35.2,534,-6,
,"2024. 3.31",中山,3中4,1勝,１勝ｸﾗｽ,2,2,タミオスター,牡,5,斎藤新, 58 ,13,6,１, ,芝1600,良,,(美),斎藤誠,1345,-0.1,1,1,1,34.1,500,-4,
,"2024. 3.31",中山,3中4,1勝,１勝ｸﾗｽ*,2,3,ピュアキアン,牡,3,吉田豊, 57 ,16,4,１, ,ダ1800,稍,,(美),竹内正洋,1533,-0.2,1,1,1,38.1,508,-8,
,"2024. 3.31",中山,3中4,1勝,１勝ｸﾗｽ*,4,4,ケイケイ,セ,3,大野拓弥, 57 ,11,7,１, ,芝1600,良,,(美),杉浦宏昭,1337,-0.1,8,8,5,34.3,464,+4,
,"2024. 3.31",中山,3中4,未勝利,未勝利,5,9,エラン,牡,3,岩田康誠, 57 ,16,5,１, ,芝2200,良,,(美),蛯名正義,2150,-0.2,2,2,1,34.9,456,0,
,"2024. 3.31",中山,3中4,未勝利,障害未勝利,8,11,ブラビオ,牡,6,森一馬, 60 ,11,3,１, ,ダ2880,良,,(栗),緒方努,3144,-0.6,2,2,1,13.5,462,0,
,"2024. 3.31",中山,3中4,未勝利,未勝利,7,12,ダイオジェナイト,牡,3,岩田康誠, 57 ,14,1,１, ,ダ1800,稍,,(美),稲垣幸雄,1548,-0.6,4,4,4,37.8,442,-4,B
,"2024. 3.31",中山,3中4,未勝利,未勝利,7,14,ノーブルゲイル,牡,3,三浦皇成, 57 ,16,2,１, ,ダ1200,稍,,(美),中川公成,1118,-0.9,,3,2,36.9,470,-8,
,"2024. 3.31",中山,3中4,未勝利,未勝利,7,11,ザロック,牡,3,石神深道,54▲,13,3,１, ,ダ1800,稍,,(美),武井亮,1551,-0.3,5,5,2,39.2,492,+2,
,"2024. 3.30",中山,3中3,1勝,１勝ｸﾗｽ,4,7,カイザーブリッツ,牡,4,永野猛蔵,57☆,16,2,１, ,ダ1200,重,,(美),伊藤圭三,1112,-0.0,,1,1,37.5,482,-4,
,"2024. 3.30",中山,3中3,Ｇ３,ダービーＨG3,1,2,パラレルヴィジョン,牡,5,戸崎圭太, 57 ,16,2,１, ,芝1600,稍,,(美),国枝栄,1329,-0.1,2,2,2,34.0,486,-16,
,"2024. 3.30",中山,3中3,2勝,千葉日報･2勝,4,6,ストライク,牡,4,石橋脩, 58 ,15,3,１, ,ダ1800,重,,(美),加藤士津,1512,-0.1,7,4,6,37.1,496,-6,
,"2024. 3.30",中山,3中3,1勝,山吹賞･1勝*,8,14,ダイシンアポロン,牡,3,Ｍ．デム, 57 ,14,10,１, ,芝2200,稍,,(美),戸田博文,2151,-0.1,12,4,2,35.1,460,0,
,"2024. 3.30",中山,3中3,2勝,２勝ｸﾗｽ,8,13,マルディランダ,牡,4,横山武史, 58 ,13,2,１, ,芝1600,稍,,(美),金成貴史,1332,-0.0,6,6,7,34.2,482,-2,
,"2024. 3.30",中山,3中3,1勝,１勝ｸﾗｽ,2,4,ブレイゼスト,牡,4,Ｍ．デム, 58 ,16,1,１, ,ダ1800,重,,(美),牧光二,1518,-0.0,3,5,4,37.4,534,-4,
,"2024. 3.30",中山,3中3,未勝利,未勝利,2,2,クーアフュルスト,牡,3,横山武史, 57 ,13,1,１, ,ダ1800,重,,(美),大和田成,1538,-1.1,2,2,2,36.8,468,-2,
,"2024. 3.30",中山,3中3,未勝利,未勝利,7,13,アンゴラブラック,牝,3,津村明秀, 55 ,18,1,１, ,芝2000,重,*,(美),尾関知人,2010,-0.1,3,3,3,35.5,476,+2,
,"2024. 3.30",中山,3中3,未勝利,未勝利・牝,5,9,フォルクスリート,牝,3,丹内祐次, 55 ,16,1,１, ,ダ1200,重,*,(美),矢野英一,1118,-0.3,,6,5,37.0,488,-4,
,"2024. 3.30",中山,3中3,未勝利,未勝利,7,12,イモータルバード,牡,3,岩田望来, 57 ,14,2,１, ,ダ1800,重,,(美),栗田徹,1542,-0.8,2,2,1,38.6,474,-2,
,"2024. 3.30",中山,3中3,未勝利,未勝利,2,4,マイフォーエバー,牡,3,横山武史, 57 ,16,2,１, ,ダ1200,重,,(美),矢野英一,1112,-0.1,,1,1,37.3,484,0,
,"2024. 3.30",中山,3中3,未勝利,未勝利・牝,5,10,コンテソレーラ,牝,3,津村明秀, 55 ,16,1,１, ,ダ1800,重,,(美),手塚貴久,1535,-0.3,11,1,2,39.2,470,+2,
,"2024. 3.24",中山,3中2,2勝,２勝ｸﾗｽ,3,3,ルーフ,牝,4,岩田望来, 56 ,13,2,１, ,芝1200,良,,(栗),清水久詞,1077,-0.0,,3,3,33.8,480,-4,
,"2024. 3.24",中山,3中2,Ｇ３,マーチＳＨG3,1,1,ヴァルツァーシャル,牡,5,斎藤新, 57 ,14,7,１, ,ダ1800,良,,(美),高木登,1507,-0.1,7,7,7,36.2,504,0,B
,"2024. 3.24",中山,3中2,3勝,春興ＳＨ･3勝,8,12,サイルーン,セ,5,岩田望来, 57 ,13,2,１, ,芝1600,良,,(美),堀宣行,1329,-0.2,7,7,7,33.5,470,-8,
,"2024. 3.24",中山,3中2,1勝,１勝ｸﾗｽ,6,10,サニーサフラン,牡,4,丹内祐次, 58 ,15,5,１, ,ダ1200,良,,(美),菊川正達,1118,-0.3,,2,1,36.9,508,-4,
,"2024. 3.24",中山,3中2,1勝,ミモザ賞･1勝,6,6,エセルフリーダ,牝,3,武藤雅, 55 ,7,3,１, ,芝2000,良,,(美),武藤善則,2004,-0.2,6,7,7,35.1,464,-10,
,"2024. 3.24",中山,3中2,1勝,１勝ｸﾗｽ,1,1,ウェイワードアクト,牡,4,戸崎圭太, 58 ,15,1,１, ,ダ1800,良,,(美),田中博康,1533,-0.5,1,1,1,38.4,536,+16,
,"2024. 3.24",中山,3中2,1勝,１勝ｸﾗｽ*,6,11,チュウワキャリア,牝,3,田辺裕信, 55 ,15,3,１, ,ダ1200,良,,(美),栗田徹,1116,-0.2,,3,2,37.6,500,-4,
,"2024. 3.24",中山,3中2,未勝利,未勝利,4,7,メアヴィア,牝,3,戸崎圭太, 55 ,16,1,１, ,芝1800,良,,(美),金成貴史,1488,-0.1,5,5,5,35.6,462,0,
,"2024. 3.24",中山,3中2,未勝利,障害未勝利,8,12,ファルコニア,牡,7,石神深一, 60 ,12,1,１, ,ダ2880,良,,(美),和田正一,3108,-0.7,1,1,1,13.3,472,-2,
,"2024. 3.24",中山,3中2,未勝利,未勝利,7,14,スプレーフォール,牡,3,石川裕紀, 57 ,16,1,１, ,ダ1800,良,,(美),相沢郁,1545,-0.7,3,2,2,39.2,448,0,
,"2024. 3.24",中山,3中2,未勝利,未勝利,1,2,アイムプラウド,牡,3,丹内祐次, 57 ,16,10,１, ,ダ1200,良,,(美),金成貴史,1117,-0.1,,7,5,36.8,512,-6,B
,"2024. 3.24",中山,3中2,未勝利,未勝利・牝,6,12,ビップレーヌ,牝,3,横山武史, 55 ,16,2,１, ,ダ1800,良,,(美),高柳瑞樹,1557,-0.5,6,4,4,39.2,462,-10,
,"2024. 3.23",中山,3中1,2勝,２勝ｸﾗｽ,7,13,プラウドヘリテージ,牡,5,松岡正海, 58 ,16,2,１, ,ダ1800,良,,(美),田中剛,1538,-0.3,1,1,1,37.8,508,0,
,"2024. 3.23",中山,3中1,Ｇ２,日経賞G2,6,6,シュトルーヴェ,セ,5,鮫島克駿, 57 ,10,4,１, ,芝2500,良,,(美),堀宣行,2314,-0.1,8,8,6,35.3,480,-6,B
,"2024. 3.23",中山,3中1,ｵｰﾌﾟﾝ,伏竜Ｓ,8,10,テーオーパスワード,牡,3,鮫島克駿, 57 ,11,7,１, ,ダ1800,良,,(栗),高柳大輔,1541,-0.0,1,1,1,37.9,480,+6,
,"2024. 3.23",中山,3中1,3勝,ブラッド･3勝,8,15,シアージスト,牡,5,大野拓弥, 58 ,16,1,１, ,ダ1200,良,,(美),堀宣行,1100,-0.8,,3,3,35.4,578,+10,B
,"2024. 3.23",中山,3中1,2勝,２勝ｸﾗｽ,3,3,マイネルニコラス,牡,5,柴田大知, 58 ,11,4,１, ,芝1800,良,,(美),畠山吉宏,1490,-0.3,2,3,2,34.4,516,-14,
,"2024. 3.23",中山,3中1,1勝,１勝ｸﾗｽ・牝,8,15,イージーオンミー,牝,4,石橋脩, 56 ,16,1,１, ,ダ1800,良,,(美),中舘英二,1551,-0.4,11,5,4,37.8,442,-2,B
,"2024. 3.23",中山,3中1,1勝,１勝ｸﾗｽ*,6,7,エレクトリックブギ,牡,3,横山武史, 57 ,11,2,１, ,芝1800,良,,(美),鹿戸雄一,1498,-0.1,2,2,2,35.1,430,+2,
,"2024. 3.23",中山,3中1,1勝,１勝ｸﾗｽ*,1,1,エリカカリーナ,牝,3,戸崎圭太, 55 ,10,1,１, ,芝1200,良,,(美),宮田敬介,1080,-0.3,,3,3,34.4,424,+2,
,"2024. 3.23",中山,3中1,未勝利,未勝利,3,5,テセラリアン,牝,3,菅原明良, 55 ,16,5,１, ,芝1600,良,*,(美),鈴木慎太,1348,-0.1,1,1,2,35.1,438,+18,
,"2024. 3.23",中山,3中1,未勝利,未勝利,6,11,ゴールドスター,牡,3,横山武史, 57 ,16,1,１, ,ダ1200,良,,(美),奥村武,1120,-0.3,,1,1,37.6,452,-6,
,"2024. 3.23",中山,3中1,未勝利,未勝利,8,15,レイズトワイライト,牡,3,横山武史, 57 ,16,2,１, ,ダ1800,良,,(美),田村康仁,1553,-0.4,3,2,2,37.8,494,-4,
,"2024. 3.23",中山,3中1,未勝利,未勝利・牝,7,13,チェルシー,牝,3,小林勝太,52▲,16,4,１, ,ダ1200,良,,(美),中舘英二,1127,-0.3,,5,5,37.8,426,-4,
,"2024. 3.17",中山,2中8,2勝,２勝ｸﾗｽ,8,15,ヨリノサファイヤ,牝,4,藤田菜七,53◇,16,5,１, ,ダ2400,良,,(美),根本康広,2360,-1.3,2,2,1,38.1,518,0,
,"2024. 3.17",中山,2中8,Ｇ２,スプリンG2,4,4,シックスペンス,牡,3,ルメール, 57 ,10,1,１, ,芝1800,良,,(美),国枝栄,1494,-0.6,3,3,3,33.3,492,-4,
,"2024. 3.17",中山,2中8,ｵｰﾌﾟﾝ,千葉ＳＨ,5,9,ケイアイロベージ,セ,6,津村明秀, 56 ,16,6,１, ,ダ1200,良,,(栗),野中賢二,1112,-0.2,,14,14,35.4,486,-4,B
,"2024. 3.17",中山,2中8,3勝,スピカＳ･3勝,2,3,グランディア,セ,5,三浦皇成, 58 ,16,4,１, ,芝1800,良,,(栗),中内田充,1476,-0.2,9,10,10,34.0,480,+8,
,"2024. 3.17",中山,2中8,2勝,２勝ｸﾗｽ,6,6,タシット,牡,5,横山武史, 58 ,8,1,１, ,芝1600,良,,(美),中川公成,1334,-0.2,2,2,2,34.8,464,0,
,"2024. 3.17",中山,2中8,1勝,１勝ｸﾗｽ,1,1,ナスノカンゲツ,牡,4,横山武史, 58 ,16,1,１, ,ダ1200,良,,(美),武井亮,1120,-1.0,,1,1,36.8,514,+6,
,"2024. 3.17",中山,2中8,1勝,１勝ｸﾗｽ,8,12,ハイハロー,牡,5,戸崎圭太, 58 ,13,1,１, ,芝2000,良,,(美),宮田敬介,2003,-0.1,8,7,4,35.5,502,+4,
,"2024. 3.17",中山,2中8,未勝利,未勝利,6,12,デイジー,牝,3,戸崎圭太, 55 ,16,1,１, ,芝1600,良,,(美),宗像義忠,1355,-0.2,7,6,4,35.1,450,-8,
,"2024. 3.17",中山,2中8,1勝,１勝ｸﾗｽ*,8,16,オウバイトウリ,牝,3,ルメール, 55 ,16,1,１, ,ダ1200,良,,(栗),武幸四郎,1129,-0.1,,6,6,37.5,468,0,
,"2024. 3.17",中山,2中8,未勝利,未勝利,8,16,アスクハッピーモア,牡,3,田辺裕信, 57 ,16,1,１, ,ダ1800,良,,(美),田村康仁,1550,-0.0,2,2,1,38.8,526,+2,
,"2024. 3.17",中山,2中8,未勝利,未勝利,2,4,ガラスノブルース,牡,3,ルメール, 57 ,16,1,１, ,ダ1200,良,,(美),田村康仁,1129,-0.7,,1,1,37.4,438,-4,
,"2024. 3.17",中山,2中8,未勝利,未勝利,7,14,ジャミラヌール,牝,3,戸崎圭太, 55 ,16,2,１, ,ダ1800,良,,(美),高柳瑞樹,1564,-0.2,3,2,3,38.0,462,-4,
,"2024. 3.16",中山,2中7,2勝,２勝ｸﾗｽ,2,4,スクーバー,牡,4,ルメール, 58 ,16,1,１, ,ダ1200,良,,(美),武藤善則,1108,-0.2,,4,4,36.4,500,-8,
,"2024. 3.16",中山,2中7,Ｇ３,フラワーG3,5,5,ミアネーロ,牝,3,津村明秀, 55 ,12,2,１, ,芝1800,良,,(美),林徹,1480,-0.1,7,7,6,35.4,472,-6,
,"2024. 3.16",中山,2中7,3勝,韓国馬事･3勝,3,4,ブレイクフォース,牡,5,田辺裕信, 58 ,14,2,１, ,ダ1800,良,,(美),中舘英二,1515,-0.2,13,11,8,37.7,498,-12,
,"2024. 3.16",中山,2中7,2勝,館山特別･2勝,6,6,ヤマニンエンディマ,牡,4,大野拓弥, 58 ,11,2,１, ,芝2000,良,,(美),辻哲英,2000,-0.3,3,3,3,35.2,500,0,
,"2024. 3.16",中山,2中7,ｵｰﾌﾟﾝ,ペガサス,2,2,ビレッジイーグル,牡,7,大江原圭, 60 ,12,1,１, ,芝3350,良,,(美),竹内正洋,3426,-0.2,1,1,1,13.3,516,-4,
,"2024. 3.16",中山,2中7,1勝,１勝ｸﾗｽ,3,4,ショウナンガロ,牡,4,菅原明良, 58 ,15,10,１, ,ダ1800,良,,(美),武市康男,1542,-0.3,2,2,1,39.0,500,-2,B
,"2024. 3.16",中山,2中7,1勝,１勝ｸﾗｽ*,1,1,ユキノロイヤル,牡,3,石橋脩, 57 ,9,6,１, ,芝1600,良,,(美),小野次郎,1348,-0.1,1,2,2,35.0,444,0,
,"2024. 3.16",中山,2中7,未勝利,未勝利,3,5,ベンサレム,牡,3,ルメール, 57 ,17,1,１, ,芝2200,良,,(美),稲垣幸雄,2154,-0.4,1,1,1,35.3,480,0,
,"2024. 3.16",中山,2中7,未勝利,未勝利,2,3,タッチアンドムーブ,牡,3,戸崎圭太, 57 ,16,2,１, ,芝1800,良,,(美),栗田徹,1496,-0.1,5,4,4,35.4,442,+4,
,"2024. 3.16",中山,2中7,未勝利,未勝利,3,6,インビンシブルパパ,牡,3,ルメール, 55 ,16,1,１, ,ダ1200,稍,,(美),伊藤大士,1105,-1.5,,1,1,37.0,516,-4,
,"2024. 3.16",中山,2中7,未勝利,未勝利,2,3,ミツカネジェミニ,牡,3,戸崎圭太, 57 ,16,1,１, ,ダ1800,稍,,(美),田島俊明,1561,-0.3,2,2,1,40.6,472,-6,
,"2024. 3.16",中山,2中7,未勝利,未勝利・牝,8,16,ホークレア,牝,3,ルメール, 55 ,16,1,１, ,ダ1200,稍,,(美),尾関知人,1116,-1.3,,2,2,37.9,442,+4,
,"2024. 3.10",中山,2中6,1勝,１勝ｸﾗｽ,6,11,シルヴァーゴースト,牝,4,丹内祐次, 56 ,16,2,１, ,ダ1200,稍,,(美),岩戸孝樹,1117,-0.2,,2,2,37.8,458,0,
,"2024. 3.10",中山,2中6,OP(L),アネモネ(L),1,1,キャットファイト,牝,3,大野拓弥, 55 ,12,3,１, ,芝1600,良,,(美),上原博之,1346,-0.0,2,3,2,35.7,442,-4,
,"2024. 3.10",中山,2中6,OP(L),東風Ｓ(L),7,12,ディオ,牡,5,北村宏司, 57 ,14,2,１, ,芝1600,良,,(栗),辻野泰之,1334,-0.2,4,4,4,35.1,498,-2,
,"2024. 3.10",中山,2中6,2勝,房総特別･2勝,4,7,アグラシアド,牝,4,津村明秀, 56 ,16,3,１, ,芝1800,良,,(栗),中村直也,1490,-0.4,14,13,8,34.9,480,0,
,"2024. 3.10",中山,2中6,1勝,１勝ｸﾗｽ,3,4,ダスク,牡,4,武藤雅, 57 ,15,3,１, ,ダ2400,稍,,(美),戸田博文,2390,-0.1,1,1,1,39.8,468,+2,
,"2024. 3.10",中山,2中6,1勝,１勝ｸﾗｽ*,2,2,アララララ,牡,3,丹内祐次, 57 ,11,1,１, ,芝1200,稍,,(美),清水英克,1088,-0.4,,1,1,34.9,448,+8,
,"2024. 3.10",中山,2中6,1勝,１勝ｸﾗｽ*,6,11,サトノエピック,牡,3,横山和生, 57 ,16,2,１, ,ダ1800,稍,,(美),国枝栄,1541,-0.2,6,5,5,38.9,524,0,
,"2024. 3.10",中山,2中6,未勝利,未勝利,8,16,ロードアフェット,牡,3,横山和生, 57 ,18,3,１, ,芝2000,稍,,(美),高柳瑞樹,2020,-0.8,12,10,6,36.0,438,+8,
,"2024. 3.10",中山,2中6,未勝利,障害未勝利,4,4,ブリエヴェール,牡,6,石神深一, 60 ,9,3,１, ,ダ2880,稍,,(美),小笠倫弘,3132,-2.5,1,1,1,13.4,464,+6,
,"2024. 3.10",中山,2中6,未勝利,未勝利,5,10,エアロソニック,牡,3,勝浦正樹, 57 ,16,12,１, ,ダ1800,稍,,(美),鈴木慎太,1570,-0.1,12,10,8,39.1,536,+8,
,"2024. 3.10",中山,2中6,未勝利,未勝利,8,16,グランルチャドール,牡,3,津村明秀, 57 ,16,2,１, ,ダ1200,稍,,(美),上原佑紀,1123,-1.0,,2,2,38.4,510,-6,
,"2024. 3.10",中山,2中6,未勝利,未勝利・牝,7,13,ゴールドアローン,牝,3,野中悠太, 55 ,16,1,１, ,ダ1800,稍,*,(美),青木孝文,1562,-0.8,4,2,1,40.2,458,+2,
,"2024. 3. 9",中山,2中5,2勝,２勝ｸﾗｽ,1,1,サウザンサニー,牡,4,横山武史, 58 ,13,1,１, ,芝1200,稍,,(美),岩戸孝樹,1096,-0.0,,9,7,35.0,522,+6,
,"2024. 3. 9",中山,2中5,Ｇ３,中山牝馬ＨG3,4,7,コンクシェル,牝,4,岩田望来, 53 ,16,5,１, ,芝1800,稍,,(栗),清水久詞,1490,-0.1,1,1,1,36.2,474,+2,B
,"2024. 3. 9",中山,2中5,3勝,アクアＨ･3勝,7,14,ユキノファラオ,牡,6,内田博幸, 55 ,16,4,１, ,芝1200,稍,,(美),石毛善彦,1094,-0.2,,13,7,35.4,502,+4,
,"2024. 3. 9",中山,2中5,2勝,鎌ケ谷特･2勝,2,4,グランサバナ,牡,4,ルメール, 58 ,16,1,１, ,ダ1800,重,,(美),田村康仁,1529,-0.2,1,1,1,38.4,504,0,
,"2024. 3. 9",中山,2中5,1勝,１勝ｸﾗｽ・牝,6,12,ピカリエ,牝,5,伊藤工真, 56 ,16,2,１, ,ダ1200,重,,(美),金成貴史,1112,-0.0,,14,14,36.2,500,-6,
,"2024. 3. 9",中山,2中5,1勝,１勝ｸﾗｽ*,3,3,ヘデントール,牡,3,ルメール, 57 ,11,1,１, ,芝2000,重,,(美),木村哲也,2019,-0.5,11,10,8,36.6,474,+4,
,"2024. 3. 9",中山,2中5,未勝利,未勝利,8,11,グラウンドビート,牡,3,横山武史, 57 ,12,2,１, ,ダ1800,重,,(美),田村康仁,1533,-1.4,7,4,2,38.6,488,0,
,"2024. 3. 9",中山,2中5,未勝利,未勝利,8,15,トゥルーサクセサー,牡,3,菅原明良, 57 ,16,1,１, ,芝1800,重,,(美),高木登,1507,-0.3,9,8,7,36.1,468,0,
,"2024. 3. 9",中山,2中5,未勝利,未勝利・牝,4,7,クインズポラリス,牝,3,大野拓弥, 55 ,16,1,１, ,ダ1200,重,,(美),上原博之,1119,-0.3,,7,5,37.3,484,+2,
,"2024. 3. 9",中山,2中5,未勝利,未勝利,4,4,アルシミスト,牡,3,ルメール, 57 ,13,1,１, ,ダ1800,重,,(美),木村哲也,1552,-0.0,3,3,3,39.8,500,-2,
,"2024. 3. 9",中山,2中5,未勝利,未勝利,4,8,グリントリッター,セ,3,長浜鴻緒,54▲,16,4,１, ,ダ1200,重,,(美),深山雅史,1115,-0.1,,2,2,38.3,422,+2,
,"2024. 3. 9",中山,2中5,未勝利,未勝利・牝,6,10,エンセリオ,牝,3,菅原明良, 55 ,14,4,１, ,ダ1800,重,,(美),小笠倫弘,1561,-0.2,10,11,9,38.7,434,-2,
,"2024. 3. 3",中山,2中4,2勝,２勝ｸﾗｽ,6,12,ロレンツォ,牡,6,横山武史, 58 ,16,4,１, ,ダ1200,稍,,(美),加藤征弘,1110,-0.3,,11,10,35.9,484,-2,
,"2024. 3. 3",中山,2中4,Ｇ２,弥生賞G2,6,7,コスモキュランダ,牡,3,Ｍ．デム, 57 ,11,6,１, ,芝2000,良,,(美),加藤士津,1598,-0.2,7,2,2,34.9,504,+6,
,"2024. 3. 3",中山,2中4,ｵｰﾌﾟﾝ,総武Ｓ,4,7,ゴールドハイアー,牡,6,キング, 57 ,15,6,１, ,ダ1800,稍,,(栗),大久保龍,1516,-0.1,7,6,6,37.0,502,+10,
,"2024. 3. 3",中山,2中4,3勝,湾岸Ｓ･3勝,2,2,リフレーミング,牡,6,川田将雅, 58 ,14,5,１, ,芝2200,良,,(栗),鮫島一歩,2129,-0.0,12,8,5,34.5,468,-8,
,"2024. 3. 3",中山,2中4,2勝,２勝ｸﾗｽ,3,3,サイルーン,セ,5,キング, 58 ,11,2,１, ,芝1600,良,,(美),堀宣行,1335,-0.0,8,7,6,34.8,478,+8,
,"2024. 3. 3",中山,2中4,1勝,１勝ｸﾗｽ,5,5,ベンテイガ,牡,5,西村淳也, 58 ,11,4,１, ,ダ1800,稍,,(美),戸田博文,1534,-0.7,2,2,2,37.5,512,+2,
,"2024. 3. 3",中山,2中4,未勝利,未勝利・牝,2,3,ユキワリザクラ,牝,3,戸崎圭太, 55 ,18,4,１, ,芝2000,稍,,(美),田中剛,2014,-0.1,1,1,1,35.7,464,-2,
,"2024. 3. 3",中山,2中4,未勝利,未勝利,5,10,ジャグアール,牡,3,戸崎圭太, 57 ,16,1,１, ,芝1600,稍,,(美),矢野英一,1348,-0.4,13,9,7,34.8,442,-2,
,"2024. 3. 3",中山,2中4,1勝,１勝ｸﾗｽ*,6,12,ガビーズシスター,牝,3,キング, 55 ,16,1,１, ,ダ1200,稍,,(美),中野栄治,1115,-0.2,,4,4,37.3,466,-2,
,"2024. 3. 3",中山,2中4,未勝利,未勝利,2,3,メジャーレーベル,牡,3,ルメール, 57 ,16,4,１, ,ダ1800,稍,,(美),木村哲也,1553,-0.0,11,9,6,38.2,428,-10,
,"2024. 3. 3",中山,2中4,未勝利,未勝利,8,16,イーサンハンター,牡,3,武豊, 57 ,16,1,１, ,ダ1200,稍,,(美),中野栄治,1118,-0.7,,2,2,37.0,500,+4,
,"2024. 3. 3",中山,2中4,未勝利,未勝利,6,11,カシマエスパーダ,牡,3,武士沢友, 57 ,16,2,１, ,ダ1800,稍,,(美),鈴木慎太,1539,-0.8,2,2,2,37.0,494,+2,
,"2024. 3. 2",中山,2中3,2勝,２勝ｸﾗｽ,7,11,リチャ,牡,4,戸崎圭太, 58 ,13,1,１, ,ダ1800,重,,(美),田中博康,1536,-0.0,4,3,2,36.9,494,+2,
,"2024. 3. 2",中山,2中3,Ｇ３,オーシャG3,8,15,トウシンマカオ,牡,5,横山武史, 57 ,16,1,１, ,芝1200,稍,,(美),高柳瑞樹,1080,-0.2,,5,5,34.2,480,+12,
,"2024. 3. 2",中山,2中3,3勝,上総ＳＨ･3勝,8,13,ミラクルティアラ,牝,4,坂井瑠星, 56 ,14,1,１, ,ダ1800,重,,(栗),加用正,1526,-0.0,1,1,1,36.8,440,0,
,"2024. 3. 2",中山,2中3,2勝,潮来特Ｈ･2勝,7,8,キントリヒ,牡,5,岩田望来, 57 ,11,6,１, ,芝2500,稍,,(美),矢野英一,2349,-0.2,6,7,4,35.6,476,+6,
,"2024. 3. 2",中山,2中3,1勝,１勝ｸﾗｽ,4,8,ダイシンヤマト,牡,4,吉田豊, 58 ,16,1,１, ,芝1600,稍,,(美),戸田博文,1348,-0.6,8,8,4,34.8,506,0,
,"2024. 3. 2",中山,2中3,1勝,１勝ｸﾗｽ,7,14,サトノガレオン,牡,4,キング, 58 ,16,1,１, ,ダ1200,重,,(美),堀宣行,1110,-0.0,,4,4,37.3,530,-2,
,"2024. 3. 2",中山,2中3,1勝,１勝ｸﾗｽ*,5,5,スパークリシャール,牡,3,Ｍ．デム, 57 ,12,2,１, ,芝1600,稍,,(美),小島茂之,1351,-0.1,2,2,2,35.4,484,+2,
,"2024. 3. 2",中山,2中3,未勝利,未勝利,3,5,デュアルウィルダー,牡,3,キング, 57 ,18,1,１, ,芝2200,稍,,(美),堀宣行,2165,-0.8,1,1,1,35.4,516,-6,
,"2024. 3. 2",中山,2中3,未勝利,未勝利・牝,7,13,レシェルドランジュ,牝,3,石川裕紀, 55 ,16,2,１, ,ダ1800,重,,(美),伊藤大士,1557,-0.2,3,3,3,39.3,452,+2,
,"2024. 3. 2",中山,2中3,未勝利,未勝利,6,12,エコロヴァルム,牡,3,戸崎圭太, 57 ,16,1,１, ,ダ1200,重,,(美),小西一男,1126,-0.2,,2,2,38.4,442,+4,
,"2024. 3. 2",中山,2中3,未勝利,未勝利,7,14,レゲエビーチ,牡,3,横山和生, 57 ,16,3,１, ,ダ1800,重,,(美),斎藤誠,1551,-0.2,2,2,1,39.0,522,0,
,"2024. 3. 2",中山,2中3,未勝利,未勝利・牝,7,14,ペイシャニット,牝,3,横山武史, 55 ,16,1,１, ,ダ1200,重,*,(美),高橋裕,1124,-0.2,,3,3,38.2,468,0,
,"2024. 2.25",中山,2中2,2勝,２勝ｸﾗｽ,5,5,ホウオウカブキ,牡,4,戸崎圭太, 57 ,12,1,１, ,ダ1800,重,,(美),田中博康,1533,-0.7,8,2,2,38.8,470,-8,
,"2024. 2.25",中山,2中2,Ｇ２,中山記念G2,4,8,マテンロウスカイ,セ,5,横山典弘, 57 ,16,7,１, ,芝1800,稍,,(栗),松永幹夫,1481,-0.3,3,3,2,37.2,484,0,
,"2024. 2.25",中山,2中2,3勝,春風ＳＨ･3勝,8,16,マニバドラ,牡,4,戸崎圭太, 56 ,16,1,１, ,ダ1200,重,,(栗),森秀行,1101,-0.3,,2,1,37.1,526,-2,
,"2024. 2.25",中山,2中2,1勝,デイジー･1勝,6,8,イゾラフェリーチェ,牝,3,戸崎圭太, 55 ,13,7,１, ,芝1800,稍,*,(美),鹿戸雄一,1506,-0.1,1,1,1,36.2,482,-2,
,"2024. 2.25",中山,2中2,1勝,１勝ｸﾗｽ,6,11,ハヤブサジェット,セ,4,石川裕紀, 58 ,16,1,１, ,ダ1200,稍,,(美),青木孝文,1114,-0.4,,7,6,36.8,464,-10,
,"2024. 2.25",中山,2中2,1勝,１勝ｸﾗｽ・牝,8,10,ピッチパーフェクト,牝,4,小林勝太,52▲,10,2,１, ,ダ1800,稍,,(美),伊藤圭三,1540,-0.0,3,2,1,39.5,484,+2,B
,"2024. 2.25",中山,2中2,未勝利,未勝利,7,14,ラスカンブレス,牡,3,津村明秀, 57 ,16,1,１, ,芝2200,稍,*,(美),林徹,2170,-0.3,8,6,2,35.8,480,0,
,"2024. 2.25",中山,2中2,未勝利,未勝利,4,8,ヴァルドルチャ,牡,3,戸崎圭太, 57 ,16,1,１, ,芝1600,稍,,(美),田中博康,1357,-0.2,2,2,1,36.9,456,0,
,"2024. 2.25",中山,2中2,1勝,１勝ｸﾗｽ*,7,9,ラオラシオン,牡,3,岩田望来, 57 ,12,6,１, ,ダ1800,稍,,(美),斎藤誠,1538,-1.0,3,3,2,36.7,490,+4,
,"2024. 2.25",中山,2中2,未勝利,未勝利,3,6,フェルメール,牡,3,戸崎圭太, 57 ,16,2,１, ,ダ1800,稍,,(美),萩原清,1565,-0.2,5,5,6,37.9,486,+6,
,"2024. 2.25",中山,2中2,未勝利,未勝利,5,10,タイセイピューマ,牡,3,大野拓弥, 57 ,16,1,１, ,ダ1200,稍,,(美),新開幸一,1121,-0.3,,2,2,37.5,482,0,
,"2024. 2.25",中山,2中2,未勝利,未勝利,1,2,ドバイブルース,牡,3,キング, 57 ,16,7,１, ,ダ1800,稍,,(美),加藤征弘,1555,-0.4,3,3,2,39.4,500,+8,
,"2024. 2.24",中山,2中1,2勝,２勝ｸﾗｽ・牝,6,12,エレガントムーン,牝,4,鮫島克駿, 56 ,16,1,１, ,ダ1200,稍,,(栗),牧浦充徳,1107,-0.2,,9,9,36.5,434,+4,
,"2024. 2.24",中山,2中1,3勝,幕張Ｓ･3勝,2,2,ニシノスーベニア,牡,5,大野拓弥, 58 ,11,3,１, ,芝1600,稍,,(美),上原博之,1337,-0.8,5,3,2,34.4,538,-2,
,"2024. 2.24",中山,2中1,2勝,富里特別･2勝,7,10,インスタキング,牡,4,キング, 57 ,12,5,１, ,芝1800,稍,,(美),蛯名正義,1483,-0.3,1,1,1,35.6,518,+8,
,"2024. 2.24",中山,2中1,1勝,水仙賞･1勝*,5,5,クリスマスパレード,牝,3,石川裕紀, 55 ,7,2,１, ,芝2200,稍,,(美),加藤士津,2143,-0.2,2,2,1,35.8,464,-2,
,"2024. 2.24",中山,2中1,1勝,１勝ｸﾗｽ,8,11,シゲルカミカゼ,牡,4,大野拓弥, 57 ,12,1,１, ,ダ1800,稍,,(美),松山将樹,1530,-0.2,2,2,2,37.5,520,-6,
,"2024. 2.24",中山,2中1,1勝,１勝ｸﾗｽ*,1,1,デビッドテソーロ,牡,3,原優介,56☆,11,5,１, ,芝1600,稍,,(美),小手川準,1351,-0.1,1,1,1,35.6,466,-4,B
,"2024. 2.24",中山,2中1,未勝利,未勝利,3,5,トーセンレスター,牡,3,横山和生, 57 ,16,3,１, ,ダ1800,稍,,(美),加藤征弘,1545,-0.2,5,4,3,38.9,520,0,
,"2024. 2.24",中山,2中1,未勝利,未勝利,2,3,サツキノジョウ,牝,3,三浦皇成, 55 ,16,3,１, ,芝2000,稍,,(美),武井亮,2029,-0.1,3,4,4,36.3,438,+2,
,"2024. 2.24",中山,2中1,未勝利,未勝利・牝,7,14,ジュレブランシュ,牝,3,戸崎圭太, 55 ,16,3,１, ,ダ1800,稍,,(美),林徹,1562,-0.7,3,3,3,39.1,448,+12,
,"2024. 2.24",中山,2中1,未勝利,未勝利,7,14,レヴィテーション,牝,3,宮崎北斗, 55 ,16,6,１, ,ダ1200,稍,,(美),中川公成,1113,-0.7,,2,2,36.7,436,0,
,"2024. 2.24",中山,2中1,未勝利,未勝利,8,15,スペイドアン,牡,3,鮫島克駿, 57 ,16,1,１, ,ダ1800,稍,,(美),加藤士津,1552,-0.6,1,1,1,39.4,496,+6,B
,"2024. 2.24",中山,2中1,未勝利,未勝利・牝,5,10,パレスドフィーヌ,牝,3,戸崎圭太, 55 ,16,1,１, ,ダ1200,稍,,(美),鈴木慎太,1116,-0.9,,1,1,36.8,482,0,
,"2024. 1.21",中山,1中7,2勝,２勝ｸﾗｽ,4,4,ココクレーター,牝,4,ルメール, 55 ,12,1,１, ,芝1600,不,,(美),木村哲也,1363,-0.0,11,10,11,36.0,426,+6,
,"2024. 1.21",中山,1中7,Ｇ２,アメリカG2,8,11,チャックネイト,セ,6,キング, 57 ,12,3,１, ,芝2200,不,,(美),堀宣行,2166,-0.0,3,3,3,37.6,486,+8,B
,"2024. 1.21",中山,1中7,3勝,アレキサ･3勝,5,10,ダイシンピスケス,牡,6,松岡正海, 58 ,16,6,１, ,ダ1800,不,,(栗),森秀行,1506,-0.1,1,1,1,37.1,512,-6,
,"2024. 1.21",中山,1中7,1勝,若竹賞･1勝*,4,4,ルカランフィースト,牡,3,横山武史, 57 ,11,4,１, ,芝1800,不,,(美),鹿戸雄一,1521,-0.2,9,9,11,36.9,460,-4,
,"2024. 1.21",中山,1中7,2勝,２勝ｸﾗｽ,8,15,パルデンス,牡,6,石橋脩, 58 ,15,3,１, ,ダ1200,不,,(美),中野栄治,1103,-0.1,,9,9,36.3,498,-4,
,"2024. 1.21",中山,1中7,1勝,１勝ｸﾗｽ・牝,1,1,アヴィオンドール,牝,4,キングス, 55 ,14,7,１, ,ダ1800,不,,(美),手塚貴久,1529,-0.1,4,4,5,38.5,528,+2,
,"2024. 1.21",中山,1中7,新馬,新馬,8,17,レッドテリオス,牡,3,三浦皇成, 57 ,17,5,１, ,芝2000,不,,(美),古賀慎明,2079,-0.3,7,2,3,37.7,466,,
,"2024. 1.21",中山,1中7,未勝利,未勝利,1,2,カムフライ,牡,3,キングス, 57 ,17,4,１, ,芝2200,不,,(美),辻哲英,2190,-0.2,4,3,3,38.0,508,+4,
,"2024. 1.21",中山,1中7,1勝,１勝ｸﾗｽ,6,11,セッカチケーン,牡,5,ルメール, 58 ,16,1,１, ,ダ1200,不,,(美),高柳瑞樹,1112,-0.1,,2,2,37.8,514,0,B
,"2024. 1.21",中山,1中7,未勝利,未勝利,2,3,ラムゼイテソーロ,牡,3,原優介,56☆,16,1,１, ,ダ1800,不,,(美),西田雄一,1538,-1.1,1,1,1,39.5,526,-6,
,"2024. 1.21",中山,1中7,未勝利,未勝利・牝,8,15,カフェアローロ,牝,3,横山和生, 55 ,15,2,１, ,ダ1800,不,,(美),古賀慎明,1536,-0.7,1,1,1,38.5,492,-2,
,"2024. 1.21",中山,1中7,未勝利,未勝利,6,11,ガビーズシスター,牝,3,キング, 55 ,16,3,１, ,ダ1200,不,,(美),中野栄治,1103,-0.7,,2,2,36.3,468,+2,
,"2024. 1.20",中山,1中6,1勝,１勝ｸﾗｽ,1,1,サトノトルネード,牡,4,ルメール, 57 ,17,1,１, ,芝2200,良,*,(美),国枝栄,2132,-0.3,2,2,2,35.3,528,+4,
,"2024. 1.20",中山,1中6,3勝,初富士Ｈ･3勝,7,9,グランベルナデット,牝,4,横山武史, 54 ,11,3,１, ,芝2000,良,,(美),大竹正博,1592,-0.2,2,2,2,35.3,512,+4,
,"2024. 1.20",中山,1中6,2勝,東雲賞･2勝,5,5,シンティレーション,牝,5,ルメール, 56 ,10,1,１, ,芝1800,良,,(美),池上昌和,1473,-0.1,5,6,4,34.8,482,-2,
,"2024. 1.20",中山,1中6,2勝,初茜賞･2勝,2,3,メイショウコバト,牝,4,戸崎圭太, 55 ,16,3,１, ,ダ1800,良,,(美),和田勇介,1535,-0.0,4,3,3,38.9,460,+2,
,"2024. 1.20",中山,1中6,1勝,１勝ｸﾗｽ,8,14,ジャックパール,牡,4,小林勝太,54▲,15,10,１, ,ダ1800,良,,(美),鈴木慎太,1543,-0.2,1,1,1,40.5,456,-6,
,"2024. 1.20",中山,1中6,1勝,１勝ｸﾗｽ*,7,7,アイアムユウシュン,牡,3,戸崎圭太, 57 ,10,2,１, ,ダ1200,良,,(美),奥平雅士,1109,-0.2,,4,4,37.1,508,-12,
,"2024. 1.20",中山,1中6,未勝利,未勝利,3,6,ディマイザキッド,牡,3,横山武史, 57 ,17,2,１, ,芝2000,良,,(美),清水英克,2007,-0.1,8,7,2,35.0,446,+4,
,"2024. 1.20",中山,1中6,未勝利,未勝利・牝,8,16,ガジュノリ,牝,3,石川裕紀, 55 ,16,7,１, ,芝1600,良,,(美),尾形和幸,1344,-0.1,2,2,2,34.6,468,+2,
,"2024. 1.20",中山,1中6,新馬,新馬,8,16,エクリプスルバン,牡,3,戸崎圭太, 57 ,16,1,１, ,ダ1800,良,,(美),田中博康,1561,-0.5,3,2,2,38.9,462,,
,"2024. 1.20",中山,1中6,新馬,新馬,7,14,テンクウジョー,牡,3,横山和生, 57 ,16,2,１, ,ダ1200,良,,(美),小西一男,1130,-0.4,,2,2,37.8,468,,
,"2024. 1.20",中山,1中6,未勝利,未勝利,8,16,ロクシアス,牡,3,ルメール, 57 ,16,1,１, ,ダ1800,良,,(美),国枝栄,1575,-0.2,2,2,2,39.3,492,+2,
,"2024. 1.20",中山,1中6,未勝利,未勝利,7,14,ベニシア,牝,3,小林勝太,52▲,16,1,１, ,ダ1200,良,,(美),加藤士津,1122,-0.6,,1,1,37.4,432,+4,
,"2024. 1.14",中山,1中5,1勝,１勝ｸﾗｽ,2,4,ロゼル,牡,4,ピーヒュ, 57 ,16,7,１, ,芝1600,良,,(美),大和田成,1346,-0.0,2,3,3,34.3,488,+6,
,"2024. 1.14",中山,1中5,Ｇ３,京成杯G3,8,14,ダノンデサイル,牡,3,横山典弘, 57 ,15,5,１, ,芝2000,良,,(栗),安田翔伍,2005,-0.1,5,5,5,34.1,506,+4,
,"2024. 1.14",中山,1中5,ｵｰﾌﾟﾝ,ジャニュＨ,2,2,クロジシジョー,牡,5,戸崎圭太, 56 ,14,4,１, ,ダ1200,良,,(栗),岡田稲男,1108,-0.1,,7,6,36.1,450,-2,
,"2024. 1.14",中山,1中5,3勝,サンラＨ･3勝,3,3,アネゴハダ,牝,5,坂井瑠星, 55 ,14,5,１, ,芝1200,良,,(栗),佐々木晶,1087,-0.1,,4,4,34.2,460,-12,
,"2024. 1.14",中山,1中5,2勝,２勝ｸﾗｽ,4,8,ペンティメント,牡,4,ルメール, 57 ,16,1,１, ,ダ1800,良,,(美),嘉藤貴行,1526,-0.1,5,3,2,37.7,502,-8,
,"2024. 1.14",中山,1中5,2勝,２勝ｸﾗｽ,8,14,コスモフリーゲン,牡,4,柴田大知, 57 ,15,2,１, ,芝2200,良,,(美),畠山吉宏,2127,-0.2,1,1,1,35.8,508,-6,
,"2024. 1.14",中山,1中5,1勝,１勝ｸﾗｽ,3,5,アンスリウム,牝,4,横山武史, 56 ,16,2,１, ,ダ1200,稍,,(美),加藤征弘,1119,-0.1,,6,5,36.9,484,0,
,"2024. 1.14",中山,1中5,未勝利,未勝利,3,5,アンドアイラヴハー,牝,3,ルメール, 55 ,16,1,１, ,芝1600,稍,,(美),田村康仁,1337,-0.5,1,1,1,35.4,474,-2,
,"2024. 1.14",中山,1中5,新馬,新馬,1,1,クレイヴィンオナー,牡,3,横山和生, 57 ,16,6,１, ,ダ1800,稍,,(美),嘉藤貴行,1567,-0.1,10,3,5,39.7,538,,
,"2024. 1.14",中山,1中5,新馬,新馬・牝,8,15,ジョーローリット,牝,3,岩田康誠, 55 ,16,3,１, ,ダ1200,稍,,(栗),中竹和也,1132,-0.1,,1,1,37.9,464,,
,"2024. 1.14",中山,1中5,未勝利,未勝利,8,16,フラムブランシュ,牡,3,三浦皇成, 57 ,16,3,１, ,ダ1800,稍,,(美),稲垣幸雄,1568,-0.2,3,2,2,40.2,492,+2,
,"2024. 1.14",中山,1中5,未勝利,未勝利,6,11,ヘルメース,牡,3,横山武史, 57 ,16,1,１, ,ダ1200,稍,,(美),伊藤圭三,1130,-0.0,,1,1,38.3,484,+4,
,"2024. 1.13",中山,1中4,2勝,２勝ｸﾗｽ,3,4,エコロレジーナ,牝,4,小林勝太,53▲,15,4,１, ,芝1200,良,,(美),菊沢隆徳,1084,-0.1,,4,4,34.7,494,+6,
,"2024. 1.13",中山,1中4,OP(L),ニューイ(L),4,8,パラレルヴィジョン,牡,5,ルメール, 57 ,16,3,１, ,芝1600,良,,(美),国枝栄,1323,-0.2,3,3,4,34.3,502,+6,
,"2024. 1.13",中山,1中4,3勝,初春Ｓ･3勝,8,15,ワールズコライド,牡,4,キング, 58 ,16,1,１, ,ダ1200,良,,(美),堀宣行,1108,-0.1,,1,1,37.0,538,+4,
,"2024. 1.13",中山,1中4,1勝,菜の花賞･1勝,5,6,ミラビリスマジック,牝,3,田辺裕信, 55 ,12,2,１, ,芝1600,良,,(美),国枝栄,1334,-0.1,5,5,6,34.2,452,0,
,"2024. 1.13",中山,1中4,2勝,２勝ｸﾗｽ,3,3,ダテボレアス,牡,5,ルメール, 58 ,12,1,１, ,ダ1200,良,,(栗),西園正都,1113,-0.0,,2,2,36.7,488,-4,
,"2024. 1.13",中山,1中4,1勝,１勝ｸﾗｽ,1,1,オセアバトルプラン,牡,4,横山武史, 57 ,16,4,１, ,ダ1800,良,,(美),菊川正達,1540,-0.5,3,3,3,38.6,486,+4,B
,"2024. 1.13",中山,1中4,未勝利,未勝利,5,9,ヘデントール,牡,3,ルメール, 57 ,17,1,１, ,芝2000,良,,(美),木村哲也,2002,-0.4,12,2,2,34.5,470,-8,
,"2024. 1.13",中山,1中4,新馬,新馬,2,4,ヒラボクミニー,牝,3,勝浦正樹, 55 ,16,2,１, ,芝1600,良,,(美),村田一誠,1360,-0.1,5,4,4,34.4,456,,
,"2024. 1.13",中山,1中4,新馬,新馬,2,3,ブリスフル,牡,3,原優介,56☆,16,5,１, ,ダ1800,良,*,(美),武市康男,1561,-0.1,4,4,3,38.4,486,,
,"2024. 1.13",中山,1中4,未勝利,未勝利,3,5,シークレットヴァウ,牡,3,津村明秀, 57 ,16,4,１, ,ダ1200,良,,(美),武藤善則,1120,-0.6,,2,2,37.2,454,-8,
,"2024. 1.13",中山,1中4,未勝利,未勝利,5,9,アスプリージャ,牡,3,田辺裕信, 57 ,16,1,１, ,ダ1800,良,,(美),中舘英二,1557,-0.1,2,2,1,39.1,462,+2,
,"2024. 1.13",中山,1中4,未勝利,未勝利・牝,2,3,チャコール,牝,3,原優介,54☆,16,1,１, ,ダ1200,良,,(美),矢野英一,1118,-0.3,,1,1,37.7,510,0,
,"2024. 1. 8",中山,1中3,2勝,２勝ｸﾗｽ,4,6,スプレモフレイバー,牡,4,横山和生, 57 ,15,5,１, ,芝1600,良,,(美),久保田貴,1325,-0.3,2,2,2,35.3,482,0,
,"2024. 1. 8",中山,1中3,ｵｰﾌﾟﾝ,カーバン,8,15,シュバルツカイザー,セ,6,大野拓弥, 58 ,16,8,１, ,芝1200,良,,(美),大竹正博,1078,-0.1,,6,7,34.3,508,+4,
,"2024. 1. 8",中山,1中3,3勝,招福ＳＨ･3勝,2,3,ロードアヴニール,牡,4,横山和生, 56 ,16,1,１, ,ダ1800,良,*,(栗),野中賢二,1543,-0.1,8,11,10,38.7,490,-2,
,"2024. 1. 8",中山,1中3,2勝,成田特別･2勝,5,9,マオノアラシ,牡,4,横山武史, 57 ,16,1,１, ,ダ2400,良,*,(美),加藤士津,2389,-0.2,4,5,3,39.1,492,-4,
,"2024. 1. 8",中山,1中3,ｵｰﾌﾟﾝ,中山新春,7,9,セブンデイズ,牡,6,上野翔, 61 ,12,2,１, ,ダ3200,良,,(美),田中博康,3353,-0.4,4,4,4,13.5,506,+12,
,"2024. 1. 8",中山,1中3,1勝,１勝ｸﾗｽ,7,14,オルコス,牝,5,北村宏司, 56 ,16,5,１, ,ダ1200,良,,(美),加藤士津,1129,-0.0,,2,2,39.0,442,+2,B
,"2024. 1. 8",中山,1中3,1勝,１勝ｸﾗｽ*,7,9,ファビュラススター,牡,3,横山武史, 57 ,11,3,１, ,芝2000,良,,(美),萩原清,1598,-0.1,9,8,6,35.0,498,-2,
,"2024. 1. 8",中山,1中3,新馬,新馬,1,1,サクセスカラー,牝,3,田辺裕信, 55 ,16,3,１, ,芝1600,良,,(美),久保田貴,1339,-0.2,2,3,3,34.9,472,,
,"2024. 1. 8",中山,1中3,新馬,新馬・牝,2,3,ジーティーアグリム,牝,3,丸田恭介, 55 ,16,7,１, ,ダ1800,良,,(美),奥平雅士,1596,-0.5,1,1,1,39.4,534,,
,"2024. 1. 8",中山,1中3,未勝利,未勝利,4,7,プレジール,牡,3,丹内祐次, 57 ,16,5,１, ,ダ1800,良,,(美),嘉藤貴行,1575,-0.9,11,9,7,39.4,460,0,B
,"2024. 1. 8",中山,1中3,未勝利,未勝利,3,6,タニセンドリーム,牡,3,小林勝太,54▲,16,5,１, ,ダ1800,良,,(美),加藤士津,1569,-0.6,1,1,1,41.0,486,+2,
,"2024. 1. 8",中山,1中3,未勝利,未勝利・牝,2,3,スミレファースト,牝,3,横山武史, 55 ,16,1,１, ,ダ1200,良,,(美),加藤征弘,1126,-0.4,,1,1,38.7,452,+6,
,"2024. 1. 7",中山,1中2,2勝,２勝ｸﾗｽ,7,13,フラップシグナス,牡,5,ルメール, 58 ,16,1,１, ,ダ1200,良,,(栗),千田輝彦,1112,-0.1,,5,5,36.5,486,-10,
,"2024. 1. 7",中山,1中2,Ｇ３,フェアリG3,8,13,イフェイオン,牝,3,西村淳也, 55 ,14,5,１, ,芝1600,良,,(栗),杉山佳明,1340,-0.0,4,4,4,34.8,480,-4,
,"2024. 1. 7",中山,1中2,ｵｰﾌﾟﾝ,ポルック,7,14,ヴァルツァーシャル,牡,5,大野拓弥, 57 ,16,4,１, ,ダ1800,良,,(美),高木登,1529,-0.2,10,7,6,37.4,504,+4,B
,"2024. 1. 7",中山,1中2,2勝,初日の出･2勝,4,8,ダイバリオン,牡,5,ルメール, 58 ,17,2,１, ,芝2000,良,,(美),池上昌和,2000,-0.1,8,9,8,34.8,468,0,
,"2024. 1. 7",中山,1中2,1勝,１勝ｸﾗｽ,4,8,マンノステータス,牡,4,石川裕紀, 57 ,16,1,１, ,ダ1800,良,,(美),小野次郎,1544,-0.6,3,2,2,38.3,524,+6,B
,"2024. 1. 7",中山,1中2,1勝,１勝ｸﾗｽ*,6,9,アラレタバシル,牡,3,野中悠太, 57 ,13,5,１, ,ダ1800,良,,(美),根本康広,1548,-0.2,11,12,9,38.5,446,+4,
,"2024. 1. 7",中山,1中2,新馬,新馬,2,3,スティンガーグラス,牡,3,ルメール, 57 ,17,1,１, ,芝2000,良,,(美),木村哲也,2021,-0.1,6,5,4,35.3,464,,
,"2024. 1. 7",中山,1中2,未勝利,未勝利,5,10,シャインズオンユー,牡,3,横山武史, 57 ,16,1,１, ,芝1600,良,,(美),青木孝文,1334,-0.0,3,3,3,35.3,452,+4,
,"2024. 1. 7",中山,1中2,未勝利,障害未勝利,7,11,ビップランバン,牡,6,中村将之, 60 ,14,4,１, ,ダ2880,良,,(栗),清水久詞,3129,-0.0,2,2,2,13.4,482,+8,
,"2024. 1. 7",中山,1中2,未勝利,未勝利,7,13,ウインイメル,牡,3,黛弘人, 57 ,16,7,１, ,ダ1800,良,,(美),深山雅史,1577,-0.2,3,2,2,40.5,484,+4,
,"2024. 1. 7",中山,1中2,未勝利,未勝利・牝,7,14,アムールドパリ,牝,3,丸田恭介, 55 ,16,1,１, ,ダ1800,良,,(美),稲垣幸雄,1559,-0.8,1,1,1,38.9,448,0,
,"2024. 1. 7",中山,1中2,未勝利,未勝利,4,8,ライングッドマン,牡,3,武藤雅, 57 ,16,3,１, ,ダ1200,良,,(美),武藤善則,1125,-0.1,,4,4,37.7,470,0,B
,"2024. 1. 6",中山,1中1,2勝,２勝ｸﾗｽ,4,8,クインズミモザ,牝,6,野中悠太, 56 ,16,7,１, ,ダ1800,良,,(美),池上昌和,1534,-0.1,11,12,11,37.9,514,+8,
,"2024. 1. 6",中山,1中1,Ｇ３,中山金杯ＨG3,2,3,リカンカブール,牡,5,津村明秀, 56 ,17,5,１, ,芝2000,良,,(栗),田中克典,1589,-0.1,4,4,4,34.5,494,-12,
,"2024. 1. 6",中山,1中1,OP(L),ジュニア(L),1,1,キャプテンシー,牡,3,キング, 57 ,10,2,１, ,芝1600,良,,(栗),松永幹夫,1325,-0.4,1,1,1,34.6,462,0,
,"2024. 1. 6",中山,1中1,3勝,迎春Ｓ･3勝,8,8,アドマイヤハレー,牡,6,丹内祐次, 58 ,8,5,１, ,芝2200,良,,(美),宮田敬介,2118,-0.2,7,2,2,34.9,474,+10,
,"2024. 1. 6",中山,1中1,1勝,１勝ｸﾗｽ・牝,4,8,セイカティターニア,牝,4,横山琉人,54☆,16,3,１, ,ダ1800,良,,(美),相沢郁,1558,-0.1,4,3,2,39.1,410,+2,
,"2024. 1. 6",中山,1中1,1勝,１勝ｸﾗｽ*,4,5,スピリットガイド,牡,3,戸崎圭太, 57 ,13,3,１, ,芝1200,良,,(美),手塚貴久,1076,-0.1,,7,7,33.8,524,+4,
,"2024. 1. 6",中山,1中1,1勝,１勝ｸﾗｽ,6,11,ルーラーリッチ,セ,4,菅原明良, 57 ,16,1,１, ,ダ2400,良,*,(美),小島茂之,2365,-0.6,10,7,4,38.5,486,-2,
,"2024. 1. 6",中山,1中1,未勝利,未勝利,8,15,ミッキーラッキー,牡,3,キング, 57 ,17,1,１, ,芝2000,良,,(美),堀宣行,1598,-0.0,2,2,2,35.4,550,+4,
,"2024. 1. 6",中山,1中1,新馬,新馬,2,4,マコタイガ,牡,3,吉田豊, 57 ,16,11,１, ,ダ1800,良,,(美),小野次郎,1578,-0.1,7,2,2,39.8,496,,
,"2024. 1. 6",中山,1中1,新馬,新馬,8,15,フェデラルスタイル,牝,3,津村明秀, 55 ,16,5,１, ,ダ1200,良,,(美),鈴木伸尋,1135,-0.0,,5,5,38.2,388,,
,"2024. 1. 6",中山,1中1,未勝利,未勝利・牝,6,12,ファイントパーズ,牝,3,小林美駒,51★,16,3,１, ,ダ1800,良,,(美),鈴木伸尋,1560,-0.4,1,1,1,39.6,460,-10,
,"2024. 1. 6",中山,1中1,未勝利,未勝利,7,14,サンディブロンド,牝,3,戸崎圭太, 55 ,16,3,１, ,ダ1200,良,,(美),田中博康,1126,-0.2,,2,2,38.5,466,-12,
,2023.12.28,中山,5中9,3勝,ファイナ･3勝,3,6,ボルザコフスキー,牡,4,戸崎圭太, 58 ,16,11,１, ,芝1600,良,,(栗),清水久詞,1332,-0.0,9,11,9,34.0,506,-2,
,2023.12.28,中山,5中9,Ｇ１,ホープフG1,7,13,レガレイラ,牝,2,ルメール, 55 ,18,1,１, ,芝2000,良,,(美),木村哲也,2002,-0.1,14,11,10,35.0,454,-2,
,2023.12.28,中山,5中9,2勝,ベストウ･2勝,7,13,ケイアイメープル,牡,6,菅原明良, 58 ,16,8,１, ,ダ1200,良,,(美),小島茂之,1110,-0.0,,3,3,36.5,494,+6,B
,2023.12.28,中山,5中9,2勝,立志賞･2勝,8,15,アクションプラン,牡,3,マーカン, 57 ,16,2,１, ,ダ1800,良,,(美),池上昌和,1535,-0.4,4,4,2,39.0,518,+16,
,2023.12.28,中山,5中9,1勝,１勝ｸﾗｽ,1,1,チュウワスプリング,牝,3,伊藤工真, 55 ,16,6,１, ,ダ1200,良,,(美),林徹,1113,-0.1,,1,1,37.9,408,+4,
,2023.12.28,中山,5中9,1勝,１勝ｸﾗｽ,5,10,ランプシー,牡,3,横山武史, 57 ,16,2,１, ,芝1800,良,,(美),斎藤誠,1476,-0.3,15,6,5,35.4,464,+6,
,2023.12.28,中山,5中9,新馬,新馬,3,5,タッカー,牡,2,永野猛蔵,55☆,16,8,１, ,ダ1200,良,,(美),清水英克,1135,-0.0,,1,1,38.7,478,,
,2023.12.28,中山,5中9,新馬,新馬,4,7,ニュージーズ,牡,2,ルメール, 56 ,15,1,１, ,芝2000,良,,(美),木村哲也,2026,-0.8,4,5,4,34.5,488,,
,2023.12.28,中山,5中9,未勝利,未勝利*,7,13,カイトグート,牝,2,丸山元気, 55 ,16,6,１, ,芝1800,良,,(美),和田雄二,1501,-0.0,2,2,2,35.3,466,-6,
,2023.12.28,中山,5中9,未勝利,未勝利*,1,2,ゴヴェルナーレリコ,牝,2,横山武史, 55 ,16,3,１, ,芝1600,良,,(美),辻哲英,1356,-0.1,2,4,4,35.8,428,+4,
,2023.12.28,中山,5中9,未勝利,未勝利*,7,13,マッスルバック,牡,2,田中勝春, 56 ,16,5,１, ,ダ1800,良,,(美),鹿戸雄一,1565,-0.8,8,5,2,38.9,466,+2,
,2023.12.28,中山,5中9,未勝利,未勝利*,5,10,スピードパンサー,牡,2,田中勝春, 56 ,16,1,１, ,ダ1200,良,,(美),尾形和幸,1125,-0.5,,1,1,38.3,490,-4,
,2023.12.24,中山,5中8,3勝,フェアウ･3勝,8,16,メズメライザー,セ,4,岩田望来, 58 ,16,4,１, ,ダ1200,良,,(栗),千田輝彦,1103,-0.0,,3,3,36.5,528,0,
,2023.12.24,中山,5中8,Ｇ１,有馬記念G1,3,5,ドウデュース,牡,4,武豊, 58 ,16,2,１, ,芝2500,良,*,(栗),友道康夫,2309,-0.1,13,8,3,34.3,506,+2,
,2023.12.24,中山,5中8,2勝,クリスマ･2勝,5,10,コントラポスト,牡,3,田辺裕信, 57 ,16,1,１, ,芝1600,良,,(美),菊沢隆徳,1332,-0.1,10,10,7,34.4,464,+2,
,2023.12.24,中山,5中8,2勝,グッドＨ･2勝,5,8,ジオフロント,牡,5,ムルザバ, 56 ,14,6,１, ,芝2500,良,,(栗),清水久詞,2346,-0.0,5,5,6,34.6,470,+14,
,2023.12.24,中山,5中8,2勝,冬至特別･2勝,6,9,ワールズコライド,牡,3,ムーア, 57 ,14,2,１, ,ダ1200,良,,(美),堀宣行,1108,-0.2,,4,4,37.0,534,-6,
,2023.12.24,中山,5中8,1勝,１勝ｸﾗｽ,3,6,ショウナンカブト,牡,3,ルメール, 57 ,16,2,１, ,ダ1800,良,,(美),戸田博文,1541,-0.3,10,8,8,38.2,536,+6,
,2023.12.24,中山,5中8,新馬,新馬,7,12,チザルピーノ,牡,2,ムーア, 56 ,15,1,１, ,芝1600,良,,(美),堀宣行,1366,-0.1,2,2,3,35.3,478,,
,2023.12.24,中山,5中8,新馬,新馬,2,3,パドマ,牝,2,加藤祥太, 55 ,16,2,１, ,ダ1200,良,,(栗),杉山晴紀,1131,-0.4,,1,1,38.7,508,,
,2023.12.24,中山,5中8,未勝利,未勝利*,4,8,リアレスト,牡,2,ムルザバ, 56 ,16,3,１, ,芝2000,良,,(美),尾関知人,2015,-0.0,4,4,2,35.2,512,0,
,2023.12.24,中山,5中8,未勝利,未勝利*,5,9,キングズブレス,牡,2,ルメール, 56 ,16,2,１, ,芝1200,良,,(美),木村哲也,1090,-0.2,,1,2,35.1,494,+2,
,2023.12.24,中山,5中8,未勝利,未勝利*,2,4,インテルメディオ,牡,2,マーカン, 56 ,16,1,１, ,ダ1800,良,,(美),栗田徹,1553,-0.3,3,4,3,38.5,518,0,
,2023.12.24,中山,5中8,未勝利,未勝利*,2,4,スコーピオン,牡,2,内田博幸, 56 ,16,3,１, ,ダ1200,良,,(美),武藤善則,1130,-0.1,,1,1,39.1,460,-2,
,2023.12.23,中山,5中7,2勝,キャンド･2勝,1,2,スピードオブライト,牝,3,石川裕紀, 55 ,16,1,１, ,芝1200,良,,(美),相沢郁,1087,-0.0,,2,2,34.3,428,+24,
,2023.12.23,中山,5中7,3勝,グレイＨ･3勝,5,10,ニシノレヴナント,セ,3,大野拓弥, 55 ,16,3,１, ,芝2500,良,,(美),上原博之,2320,-0.1,8,10,8,33.9,494,+6,
,2023.12.23,中山,5中7,ＪＧ１,中山大障JG1,3,3,マイネルグロン,牡,5,石神深一, 63 ,12,1,１, ,芝4100,良,,(美),青木孝文,4379,-1.7,3,1,1,13.6,516,-2,
,2023.12.23,中山,5中7,1勝,ノエル賞･1勝,4,7,ウインレイアー,牝,3,ドイル, 55 ,16,6,１, ,芝1600,良,,(美),和田雄二,1354,-0.2,2,2,2,34.4,452,+8,
,2023.12.23,中山,5中7,1勝,１勝ｸﾗｽ,3,5,クラウンブラヴォー,牡,3,木幡巧也, 57 ,16,6,１, ,ダ1200,良,,(美),牧光二,1118,-0.1,,2,2,37.3,494,+10,
,2023.12.23,中山,5中7,1勝,１勝ｸﾗｽ*,7,13,チカッパ,牡,2,横山武史, 56 ,15,2,１, ,ダ1200,良,,(栗),中竹和也,1116,-0.4,,9,9,36.9,482,+4,
,2023.12.23,中山,5中7,新馬,新馬,6,12,ウィンドフォール,牡,2,木幡巧也, 56 ,16,5,１, ,ダ1800,良,,(美),牧光二,1544,-0.4,2,2,1,37.7,466,,
,2023.12.23,中山,5中7,新馬,新馬,6,12,ニシノフィアンス,牡,2,永野猛蔵,55☆,16,1,１, ,芝1800,良,,(美),竹内正洋,1515,-0.0,1,1,1,35.5,498,,
,2023.12.23,中山,5中7,未勝利,未勝利*,5,9,カンジ,牡,2,横山武史, 56 ,16,2,１, ,ダ1800,良,,(美),武井亮,1546,-0.1,2,2,2,38.9,488,+10,
,2023.12.23,中山,5中7,未勝利,未勝利*,8,15,モリノレッドスター,牝,2,横山武史, 55 ,16,2,１, ,芝1600,良,,(美),鈴木伸尋,1344,-0.1,5,6,3,35.2,460,-4,
,2023.12.23,中山,5中7,未勝利,未勝利・牝*,8,15,イゾラフェリーチェ,牝,2,ドイル, 55 ,15,1,１, ,ダ1800,良,,(美),鹿戸雄一,1560,-0.6,2,2,2,39.8,484,0,
,2023.12.23,中山,5中7,未勝利,未勝利*,3,5,シントーハナノボス,牡,2,吉田豊, 56 ,16,2,１, ,ダ1200,良,,(美),田島俊明,1126,-0.5,,2,2,37.6,470,-6,
,2023.12.17,中山,5中6,2勝,２勝ｸﾗｽ,8,13,ロジマンボ,牡,4,北村宏司, 58 ,13,3,１, ,芝1800,良,,(美),古賀慎明,1485,-0.0,6,6,4,34.7,488,0,
,2023.12.17,中山,5中6,OP(L),ディセン(L),8,13,ロングラン,セ,5,丹内祐次, 57 ,13,6,１, ,芝1800,良,,(美),和田勇介,1478,-0.1,12,12,12,34.4,482,+4,
,2023.12.17,中山,5中6,3勝,北総Ｓ･3勝,2,2,ナチュラルハイ,牡,3,永野猛蔵, 57 ,10,1,１, ,ダ1800,良,,(美),黒岩陽一,1541,-0.3,6,5,4,38.3,474,0,
,2023.12.17,中山,5中6,1勝,ひいらぎ･1勝,6,6,シックスペンス,牡,2,石川裕紀, 56 ,9,2,１, ,芝1600,良,,(美),国枝栄,1355,-0.2,2,2,2,34.9,496,+12,
,2023.12.17,中山,5中6,1勝,１勝ｸﾗｽ,2,3,コブラ,牡,4,戸崎圭太, 58 ,15,2,１, ,ダ1800,良,,(美),菊沢隆徳,1551,-0.0,3,3,2,38.8,486,+2,
,2023.12.17,中山,5中6,未勝利,未勝利*,4,8,アスクナイスショー,牡,2,田辺裕信, 56 ,18,1,１, ,芝2000,良,,(美),中舘英二,2022,-0.0,3,2,1,36.4,476,+6,
,2023.12.17,中山,5中6,新馬,新馬・牝,5,10,ボーイハンター,牝,2,丹内祐次, 55 ,16,4,１, ,ダ1800,良,,(美),西田雄一,1567,-1.6,3,1,1,40.6,458,,
,2023.12.17,中山,5中6,新馬,新馬,5,9,ミラビリスマジック,牝,2,田辺裕信, 55 ,16,2,１, ,芝1600,良,,(美),国枝栄,1360,-0.1,2,4,4,34.9,452,,
,2023.12.17,中山,5中6,未勝利,障害未勝利,4,4,エンデュミオン,牡,6,水沼元輝,57▲,13,1,１, ,ダ2880,良,*,(栗),清水久詞,3125,-0.2,2,1,1,13.4,466,-6,
,2023.12.17,中山,5中6,未勝利,未勝利*,1,1,ベルウッドワン,牡,2,田辺裕信, 56 ,16,1,１, ,ダ1200,良,,(美),中舘英二,1123,-0.2,,1,1,38.8,450,+6,
,2023.12.17,中山,5中6,未勝利,未勝利*,8,15,ユイノコキュウ,牡,2,横山和生, 56 ,16,11,１, ,ダ1800,良,,(美),竹内正洋,1584,-0.0,4,3,2,41.0,476,+20,
,2023.12.17,中山,5中6,未勝利,未勝利・牝*,7,14,セリエル,牝,2,大野拓弥, 55 ,16,1,１, ,ダ1200,良,,(美),杉浦宏昭,1128,-0.5,,2,1,38.7,456,-2,
,2023.12.16,中山,5中5,1勝,１勝ｸﾗｽ,5,10,ヤングワールド,牡,3,田中勝春, 57 ,16,4,１, ,ダ1200,稍,,(美),手塚貴久,1112,-0.4,,2,5,36.3,576,-4,
,2023.12.16,中山,5中5,Ｇ３,ターコイＨG3,3,6,フィアスプライド,牝,5,ルメール, 54 ,16,1,１, ,芝1600,良,,(美),国枝栄,1327,-0.2,4,4,3,33.9,478,-8,
,2023.12.16,中山,5中5,2勝,舞浜特別･2勝,4,7,ビルカール,牡,3,菅原明良, 57 ,16,1,１, ,ダ1200,稍,,(美),水野貴広,1120,-0.0,,2,2,37.6,486,+4,
,2023.12.16,中山,5中5,2勝,ヤングジ･2勝,7,13,アスクビックスター,牡,4,横山琉人, 58 ,16,2,１, ,ダ1800,稍,,(栗),矢作芳人,1532,-1.1,2,2,2,37.5,470,-10,
,2023.12.16,中山,5中5,未勝利,未勝利*,3,5,ユキノロイヤル,牡,2,石橋脩, 56 ,16,3,１, ,芝1600,良,,(美),小野次郎,1344,-0.0,2,3,3,35.2,444,-4,
,2023.12.16,中山,5中5,1勝,ヤングジ･1勝,6,12,ラエール,牝,4,野畑凌, 56 ,16,7,１, ,芝2000,良,,(美),土田稔,1599,-0.2,8,7,7,35.6,418,+10,
,2023.12.16,中山,5中5,新馬,新馬,8,15,プチブール,牝,2,小林凌大,53△,16,6,１, ,ダ1200,稍,*,(美),小西一男,1126,-0.1,,4,4,37.2,440,,
,2023.12.16,中山,5中5,新馬,新馬,4,7,ターコイズフリンジ,牡,2,マーカン, 56 ,18,2,１, ,芝2000,良,,(美),田中博康,2011,-0.2,9,6,4,34.9,532,,
,2023.12.16,中山,5中5,未勝利,未勝利・牝*,5,10,メイショウヨゾラ,牝,2,横山武史, 55 ,16,3,１, ,芝1800,良,,(美),高柳瑞樹,1487,-0.2,1,1,1,35.4,480,-4,
,2023.12.16,中山,5中5,未勝利,未勝利*,7,14,クラウンシエンタ,牡,2,三浦皇成, 56 ,16,2,１, ,ダ1800,稍,,(美),水野貴広,1549,-0.4,6,2,3,40.2,488,0,
,2023.12.16,中山,5中5,未勝利,未勝利・牝*,2,4,ローズパンラズナ,牝,2,三浦皇成, 55 ,16,4,１, ,ダ1800,稍,,(美),鹿戸雄一,1552,-0.2,12,8,4,38.2,430,-8,
,2023.12.16,中山,5中5,未勝利,未勝利*,2,3,チュウワキャリア,牝,2,マーカン, 55 ,16,1,１, ,ダ1200,稍,,(美),栗田徹,1120,-0.4,,2,2,38.1,500,-8,
,2023.12.10,中山,5中4,2勝,２勝ｸﾗｽ,5,5,ブランデーロック,牡,4,柴田善臣, 58 ,11,7,１, ,芝1600,良,,(美),小桧山悟,1330,-0.2,11,10,8,34.2,482,+2,
,2023.12.10,中山,5中4,Ｇ３,カペラＳG3,2,3,テイエムトッキュウ,牡,5,津村明秀, 57 ,16,2,１, ,ダ1200,良,,(栗),木原一良,1093,-0.5,,1,1,35.8,500,-2,
,2023.12.10,中山,5中4,OP(L),師走ＳＨ(L),4,6,キタノリューオー,牡,5,原優介, 55 ,14,7,１, ,ダ1800,良,*,(美),萱野浩二,1520,-0.1,10,6,5,37.1,472,+2,
,2023.12.10,中山,5中4,2勝,チバテレ･2勝,5,7,ルージュアルル,牝,4,佐々木大, 56 ,13,7,１, ,芝2000,良,*,(美),国枝栄,1592,-0.1,10,10,10,34.8,480,0,
,2023.12.10,中山,5中4,1勝,１勝ｸﾗｽ,8,10,ボンベール,牡,7,小林勝太,55▲,11,3,１, ,ダ2500,良,,(美),辻哲英,2444,-0.2,3,2,2,37.8,500,+6,
,2023.12.10,中山,5中4,1勝,１勝ｸﾗｽ*,8,15,ミッキーファイト,牡,2,戸崎圭太, 56 ,16,1,１, ,ダ1800,良,,(美),田中博康,1525,-0.8,3,3,3,37.6,544,+10,
,2023.12.10,中山,5中4,未勝利,未勝利*,5,10,エコロレイズ,牡,2,菅原明良, 56 ,18,2,１, ,芝2000,良,,(美),岩戸孝樹,2007,-0.0,5,4,2,35.5,498,+12,
,2023.12.10,中山,5中4,新馬,新馬,7,13,グランカンタンテ,牝,2,藤岡佑介, 55 ,16,5,１, ,芝1800,良,,(美),鹿戸雄一,1508,-0.0,3,3,3,34.8,406,,
,2023.12.10,中山,5中4,未勝利,障害未勝利,3,3,ウラエウス,セ,5,中村将之, 60 ,14,7,１, ,ダ2880,良,,(栗),中村直也,3144,-0.2,2,3,3,13.5,458,+2,
,2023.12.10,中山,5中4,未勝利,未勝利*,8,11,ミルトパワー,牡,2,三浦皇成, 56 ,11,1,１, ,ダ1800,良,,(美),武市康男,1565,-1.0,8,4,4,39.3,504,-6,
,2023.12.10,中山,5中4,未勝利,未勝利*,3,5,モンレーヴ,牝,2,佐々木大,54☆,16,2,１, ,芝1200,良,,(美),金成貴史,1094,-0.2,,3,3,35.1,466,+12,
,2023.12.10,中山,5中4,未勝利,未勝利*,6,11,ステラシティ,牝,2,小林美駒,51★,16,4,１, ,ダ1200,良,,(美),伊坂重信,1120,-0.3,,1,1,37.5,458,+2,
,"2023.12. 9",中山,5中3,2勝,２勝ｸﾗｽ,1,2,ローズボウル,牡,5,石川裕紀, 58 ,16,8,１, ,ダ2400,良,,(美),林徹,2355,-0.1,11,9,5,37.9,514,+10,B
,"2023.12. 9",中山,5中3,3勝,常総Ｓ･3勝,6,11,ボーンディスウェイ,牡,4,木幡巧也, 58 ,15,6,１, ,芝1800,良,,(美),牧光二,1469,-0.0,3,2,2,34.7,490,0,
,"2023.12. 9",中山,5中3,3勝,アクアＨ･3勝,4,8,オメガシンフォニー,牝,3,横山武史, 54 ,16,1,１, ,ダ1200,良,,(美),大和田成,1107,-0.1,,2,2,36.6,496,+4,
,"2023.12. 9",中山,5中3,1勝,黒松賞･1勝*,7,9,マスクオールウィン,牝,2,マーカン, 55 ,11,1,１, ,芝1200,良,,(美),牧光二,1085,-0.2,,2,2,34.4,486,0,
,"2023.12. 9",中山,5中3,1勝,１勝ｸﾗｽ,1,2,シグナルファイアー,牝,3,武士沢友, 55 ,16,11,１, ,ダ1800,良,,(美),水野貴広,1543,-0.1,11,11,8,38.6,470,0,B
,"2023.12. 9",中山,5中3,1勝,１勝ｸﾗｽ,2,3,サウザンサニー,牡,3,横山武史, 57 ,15,1,１, ,芝1200,良,,(美),岩戸孝樹,1077,-0.0,,10,9,33.3,516,0,
,"2023.12. 9",中山,5中3,新馬,新馬,4,8,コスモジンバック,牡,2,石川裕紀, 56 ,16,5,１, ,ダ1800,良,,(美),相沢郁,1565,-0.1,2,2,2,39.0,464,,
,"2023.12. 9",中山,5中3,新馬,新馬,3,6,ドリーミーデイ,牝,2,田辺裕信, 55 ,16,1,１, ,芝1600,良,,(美),久保田貴,1354,-0.3,1,1,1,34.5,470,,
,"2023.12. 9",中山,5中3,未勝利,未勝利*,1,2,ヤマニンアドホック,牡,2,津村明秀, 56 ,16,4,１, ,芝1800,良,,(美),辻哲英,1480,-0.3,4,4,3,34.9,446,+2,
,"2023.12. 9",中山,5中3,未勝利,未勝利*,5,9,メジャーデビュー,牝,2,マーカン, 55 ,16,3,１, ,ダ1200,良,,(美),鈴木慎太,1125,-0.1,,5,5,37.4,434,-4,
,"2023.12. 9",中山,5中3,未勝利,未勝利*,3,3,ラオラシオン,牡,2,マーカン, 56 ,12,2,１, ,ダ1800,良,,(美),斎藤誠,1555,-0.1,3,2,2,37.8,486,0,
,"2023.12. 9",中山,5中3,未勝利,未勝利・牝*,5,9,ハヌル,牝,2,杉原誠人, 55 ,16,3,１, ,ダ1200,良,,(美),岩戸孝樹,1123,-0.1,,2,2,37.8,474,+4,B
,"2023.12. 3",中山,5中2,2勝,２勝ｸﾗｽ,6,11,シゲルファンノユメ,牡,4,石橋脩, 58 ,16,2,１, ,ダ1200,良,,(美),伊藤圭三,1116,-0.1,,9,6,37.1,486,-8,
,"2023.12. 3",中山,5中2,OP(L),ラピスラ(L),7,8,オタルエバー,牡,4,戸崎圭太, 57 ,11,3,１, ,芝1200,良,,(栗),中竹和也,1078,-0.1,,4,3,33.6,490,-4,
,"2023.12. 3",中山,5中2,3勝,市川ＳＨ･3勝,8,16,テーオードレフォン,牡,4,戸崎圭太, 56 ,16,2,１, ,ダ1800,良,,(栗),梅田智之,1523,-0.2,3,2,3,38.2,492,+12,
,"2023.12. 3",中山,5中2,3勝,南総ＳＨ･3勝,3,5,バースクライ,牝,3,藤岡康太, 54 ,15,3,１, ,芝1200,良,,(栗),千田輝彦,1072,-0.0,,9,7,33.7,482,-4,
,"2023.12. 3",中山,5中2,2勝,２勝ｸﾗｽ,6,8,エリカヴァレリア,牝,5,マーカン, 56 ,12,1,１, ,芝2500,良,,(美),久保田貴,2323,-0.3,8,8,8,33.9,472,+2,
,"2023.12. 3",中山,5中2,1勝,１勝ｸﾗｽ・牝,7,8,ベルシャンソン,牝,3,戸崎圭太, 55 ,11,1,１, ,ダ1800,良,,(美),西田雄一,1541,-0.1,3,4,4,39.2,466,+2,
,"2023.12. 3",中山,5中2,1勝,１勝ｸﾗｽ*,4,5,グランオルカ,牡,2,佐々木大,55☆,13,5,１, ,ダ1200,良,,(美),武井亮,1110,-0.3,,7,7,36.1,476,+2,
,"2023.12. 3",中山,5中2,新馬,新馬,6,12,クリスマスパレード,牝,2,石川裕紀, 55 ,16,2,１, ,芝2000,良,,(美),加藤士津,2007,-0.2,2,2,1,35.8,466,,
,"2023.12. 3",中山,5中2,新馬,新馬,3,6,グラスブランシュ,牝,2,大野拓弥, 55 ,16,6,１, ,ダ1200,良,,(美),松山将樹,1130,-0.1,,6,5,37.1,458,,
,"2023.12. 3",中山,5中2,未勝利,未勝利*,1,2,ウインマクシマム,牡,2,松岡正海, 56 ,18,1,１, ,芝2000,良,,(美),畠山吉宏,2007,-0.2,1,1,1,35.0,474,+4,
,"2023.12. 3",中山,5中2,未勝利,未勝利*,4,8,モデルハント,牝,2,武藤雅, 55 ,16,5,１, ,ダ1800,良,,(美),武藤善則,1550,-0.2,1,1,1,40.1,442,0,
,"2023.12. 3",中山,5中2,未勝利,未勝利*,5,10,カラフルメロディー,牝,2,津村明秀, 55 ,16,1,１, ,ダ1200,良,,(美),西田雄一,1122,-0.6,,1,1,37.9,496,-2,
,"2023.12. 2",中山,5中1,2勝,２勝ｸﾗｽ,7,14,ピンクマクフィー,牝,4,三浦皇成, 56 ,16,3,１, ,芝1200,良,,(栗),四位洋文,1078,-0.1,,6,4,34.0,436,+2,
,"2023.12. 2",中山,5中1,Ｇ２,ステイヤG2,4,7,アイアンバローズ,牡,6,石橋脩, 57 ,16,8,１, ,芝3600,良,,(栗),上村洋行,3454,-0.4,1,1,1,35.6,504,-10,
,"2023.12. 2",中山,5中1,2勝,鹿島特別･2勝,1,2,フラッパールック,牝,3,津村明秀, 55 ,16,1,１, ,ダ1800,良,,(美),林徹,1532,-0.4,4,3,3,36.7,466,+10,
,"2023.12. 2",中山,5中1,1勝,葉牡丹賞･1勝,1,1,トロヴァトーレ,牡,2,ビュイッ, 56 ,9,1,１, ,芝2000,良,,(美),鹿戸雄一,2004,-0.3,5,5,6,33.9,490,+10,
,"2023.12. 2",中山,5中1,ｵｰﾌﾟﾝ,イルミネ,1,1,ロックユー,セ,5,西谷誠, 60 ,14,1,１, ,芝3570,良,,(栗),中内田充,3579,-0.1,1,1,1,13.3,438,-20,
,"2023.12. 2",中山,5中1,1勝,１勝ｸﾗｽ,6,11,ニーナブランド,牝,3,野中悠太, 55 ,16,15,１, ,ダ1200,良,,(美),高橋裕,1117,-0.3,,3,2,37.4,456,+26,
,"2023.12. 2",中山,5中1,新馬,新馬,6,11,ダイヤモンドナイツ,牡,2,丹内祐次, 56 ,16,10,１, ,ダ1800,良,*,(美),田島俊明,1568,-0.0,7,4,4,38.1,470,,
,"2023.12. 2",中山,5中1,新馬,新馬,3,5,レザンノワール,牡,2,マーカン, 56 ,16,2,１, ,芝1200,良,,(美),伊藤圭三,1090,-0.2,,9,10,33.9,468,,
,"2023.12. 2",中山,5中1,未勝利,未勝利*,1,2,モンサンアクシア,牡,2,木幡巧也, 56 ,16,1,１, ,ダ1800,良,,(美),牧光二,1544,-1.5,1,1,1,39.3,482,+4,
,"2023.12. 2",中山,5中1,未勝利,未勝利*,3,5,エリカエスティーム,牝,2,マーカン, 55 ,16,1,１, ,芝1600,良,,(美),宮田敬介,1335,-0.2,2,3,2,34.5,512,+2,
,"2023.12. 2",中山,5中1,未勝利,未勝利・牝*,5,9,リーチユアドリーム,牝,2,ビュイッ, 55 ,16,1,１, ,ダ1800,良,,(美),黒岩陽一,1569,-0.3,3,5,5,39.7,434,0,B
,"2023.12. 2",中山,5中1,未勝利,未勝利*,8,15,オセアエクスプレス,牡,2,横山武史, 56 ,16,1,１, ,ダ1200,良,,(美),菊川正達,1128,-0.1,,8,8,37.8,472,+10,
,"2023.10. 1",中山,4中9,3勝,外房ＳＨ･3勝,7,13,マイステージ,牝,5,松岡正海, 52 ,16,8,１, ,ダ1200,良,,(美),伊藤伸一,1106,-0.0,,6,8,36.4,444,+2,
,"2023.10. 1",中山,4中9,Ｇ１,スプリンG1,3,6,ママコチャ,牝,4,川田将雅, 56 ,16,3,１, ,芝1200,良,,(栗),池江泰寿,1080,-0.0,,3,2,34.5,490,-2,
,"2023.10. 1",中山,4中9,2勝,茨城新聞･2勝,7,13,マイネルモーント,牡,3,横山武史, 55 ,17,2,１, ,芝2000,良,,(美),高木登,2016,-0.2,4,4,4,34.4,440,-4,
,"2023.10. 1",中山,4中9,2勝,２勝ｸﾗｽ,5,10,カランセ,牝,4,佐々木大,55☆,16,10,１, ,ダ1800,良,,(美),金成貴史,1539,-0.1,6,7,7,37.2,472,+2,
,"2023.10. 1",中山,4中9,1勝,サフラン･1勝,2,2,スプリングノヴァ,牝,2,菅原明良, 55 ,7,5,１, ,芝1600,良,,(栗),鮫島一歩,1358,-0.0,5,4,4,35.5,394,0,
,"2023.10. 1",中山,4中9,1勝,１勝ｸﾗｽ,4,6,ホウオウサンデー,牡,5,田辺裕信, 58 ,15,3,１, ,芝2200,良,,(美),奥村武,2160,-0.0,15,9,8,34.5,458,+2,
,"2023.10. 1",中山,4中9,1勝,１勝ｸﾗｽ,1,1,キョウエイカンフ,牡,3,吉田豊, 56 ,16,2,１, ,ダ1200,良,,(美),勢司和浩,1111,-0.0,,12,11,35.9,514,0,
,"2023.10. 1",中山,4中9,新馬,新馬,4,5,スティックバイミー,牝,2,坂井瑠星, 55 ,14,3,１, ,芝1800,良,*,(美),伊藤大士,1540,-0.1,2,2,1,36.0,458,,
,"2023.10. 1",中山,4中9,1勝,１勝ｸﾗｽ,7,11,アレクサ,牡,3,斎藤新, 55 ,13,3,１, ,ダ1800,良,,(美),斎藤誠,1539,-0.3,2,2,2,37.8,502,+2,
,"2023.10. 1",中山,4中9,新馬,新馬,1,1,ジューンブレア,牝,2,武豊, 55 ,16,1,１, ,芝1200,良,,(栗),武英智,1110,-0.1,,5,4,34.8,482,,
,"2023.10. 1",中山,4中9,未勝利,未勝利*,3,3,オーサムストローク,牡,2,横山武史, 55 ,13,1,１, ,芝1600,良,,(美),伊藤圭三,1347,-0.9,1,1,1,35.1,438,-2,
,"2023.10. 1",中山,4中9,未勝利,未勝利*,7,12,マーゴットファブ,牡,2,西村淳也, 55 ,14,4,１, ,ダ1200,良,,(美),伊坂重信,1118,-0.7,,1,1,37.9,518,+10,
,"2023. 9.30",中山,4中8,2勝,２勝ｸﾗｽ,6,12,レヴール,牝,4,三浦皇成, 56 ,16,1,１, ,ダ1200,良,,(美),小笠倫弘,1110,-0.0,,5,5,36.6,470,0,
,"2023. 9.30",中山,4中8,3勝,秋風ＳＨ･3勝,2,3,ルージュエクレール,牝,4,菅原明良, 53 ,16,5,１, ,芝1600,良,,(美),萩原清,1336,-0.0,14,14,12,34.1,428,-2,
,"2023. 9.30",中山,4中8,2勝,勝浦特別･2勝,3,5,タリア,牝,3,戸崎圭太, 54 ,16,3,１, ,芝1200,良,,(美),矢野英一,1092,-0.1,,1,1,34.5,428,0,
,"2023. 9.30",中山,4中8,ｵｰﾌﾟﾝ,芙蓉Ｓ,5,5,シリウスコルト,牡,2,三浦皇成, 55 ,9,4,１, ,芝2000,良,,(美),宗像義忠,2030,-0.3,4,4,2,35.6,466,+8,
,"2023. 9.30",中山,4中8,1勝,１勝ｸﾗｽ,4,8,サイモンギフト,牡,3,横山武史, 56 ,16,2,１, ,ダ1200,良,*,(美),勢司和浩,1102,-0.9,,1,1,36.4,486,+2,B
,"2023. 9.30",中山,4中8,1勝,１勝ｸﾗｽ・牝,5,9,サノノエスポ,牝,3,小林凌大,51△,15,4,１, ,ダ1800,良,,(美),中野栄治,1536,-0.3,2,1,1,38.9,446,+12,
,"2023. 9.30",中山,4中8,新馬,新馬,2,3,ヴェルトラウム,牡,2,戸崎圭太, 55 ,16,1,１, ,ダ1200,良,,(美),西田雄一,1128,-0.5,,3,3,37.3,444,,
,"2023. 9.30",中山,4中8,新馬,新馬・牝,3,5,ロンドンアームズ,牝,2,三浦皇成, 55 ,16,6,１, ,芝1600,良,,(美),伊坂重信,1381,-0.0,7,4,3,35.0,434,,
,"2023. 9.30",中山,4中8,未勝利,未勝利*,7,12,アバンデル,牡,2,佐々木大,54☆,14,1,１, ,芝2000,良,,(美),金成貴史,2034,-0.1,5,5,4,34.9,434,0,
,"2023. 9.30",中山,4中8,未勝利,未勝利*,2,4,ロードブレイズ,牡,2,永野猛蔵,54☆,16,6,１, ,ダ1800,良,,(美),稲垣幸雄,1557,-0.2,9,7,5,37.6,482,+6,
,"2023. 9.30",中山,4中8,未勝利,未勝利*,2,3,クオレス,牝,2,木幡巧也, 55 ,16,2,１, ,芝1200,良,,(美),牧光二,1097,-0.4,,1,1,34.8,468,-4,
,"2023. 9.30",中山,4中8,未勝利,障害未勝利,3,4,ブリヨンカズマ,牡,4,蓑島靖典, 60 ,14,4,１, ,ダ2880,良,,(美),高橋文雅,3127,-0.3,3,2,2,13.4,518,+4,
,"2023. 9.24",中山,4中7,2勝,２勝ｸﾗｽ,8,16,コスモノアゼット,牡,5,丹内祐次, 58 ,16,11,１, ,ダ1200,稍,,(美),伊藤大士,1114,-0.3,,3,2,37.3,508,+6,
,"2023. 9.24",中山,4中7,Ｇ２,オールカG2,7,13,ローシャムパーク,牡,4,ルメール, 57 ,15,4,１, ,芝2200,良,,(美),田中博康,2120,-0.2,5,5,5,35.0,496,-4,
,"2023. 9.24",中山,4中7,3勝,内房Ｓ･3勝,2,2,ダノンマデイラ,牡,5,大野拓弥, 58 ,13,6,１, ,ダ1800,稍,,(栗),茶木太樹,1532,-0.0,8,8,7,37.6,476,+8,
,"2023. 9.24",中山,4中7,2勝,木更津Ｈ･2勝,5,9,センタースリール,牝,4,木幡巧也, 52 ,16,12,１, ,芝1600,良,,(美),本間忍,1338,-0.3,1,1,1,35.4,466,-14,
,"2023. 9.24",中山,4中7,1勝,１勝ｸﾗｽ,7,14,トモジャミ,牝,3,小林美駒,50★,16,2,１, ,ダ1200,稍,,(美),鈴木伸尋,1114,-0.2,,6,4,37.3,500,0,
,"2023. 9.24",中山,4中7,1勝,１勝ｸﾗｽ,3,6,コントラポスト,牡,3,田辺裕信, 56 ,16,3,１, ,芝1600,良,,(美),菊沢隆徳,1343,-0.4,9,7,4,35.0,458,-10,
,"2023. 9.24",中山,4中7,1勝,１勝ｸﾗｽ,8,10,ヒューゴ,牡,3,佐々木大,54☆,11,2,１, ,ダ1800,重,,(美),加藤征弘,1554,-0.0,2,2,2,38.2,450,-4,
,"2023. 9.24",中山,4中7,新馬,新馬,7,7,シュバルツクーゲル,牡,2,西村淳也, 55 ,8,2,１, ,芝2000,稍,,(美),鹿戸雄一,2040,-0.3,2,2,2,35.0,476,,
,"2023. 9.24",中山,4中7,新馬,新馬,7,13,ヒストリアイ,牡,2,佐々木大,54☆,16,1,１, ,ダ1200,重,,(美),堀宣行,1116,-0.4,,3,3,37.1,540,,
,"2023. 9.24",中山,4中7,未勝利,未勝利*,8,11,テリオスサラ,牝,2,ルメール, 55 ,12,2,１, ,芝1800,稍,,(美),高柳瑞樹,1487,-0.2,2,2,2,36.5,468,-6,
,"2023. 9.24",中山,4中7,未勝利,未勝利*,8,10,リネンワルツ,牝,2,勝浦正樹, 55 ,10,4,１, ,芝1200,稍,,(美),粕谷昌央,1098,-0.1,,5,3,35.3,468,-2,
,"2023. 9.24",中山,4中7,未勝利,未勝利・牝*,5,5,ベルフィーヌ,牝,2,松岡正海, 55 ,10,1,１, ,ダ1800,重,,(美),堀内岳志,1575,-0.1,6,4,3,39.2,508,-6,
,"2023. 9.23",中山,4中6,2勝,２勝ｸﾗｽ・牝,3,5,サーマルソアリング,牝,3,西村淳也, 53 ,16,1,１, ,ダ1800,重,,(栗),藤原英昭,1514,-0.9,4,3,2,37.9,486,+10,
,"2023. 9.23",中山,4中6,ｵｰﾌﾟﾝ,ながつき,8,11,タガノクリステル,牝,4,戸崎圭太, 55 ,12,3,１, ,ダ1200,重,,(栗),長谷川浩,1089,-0.5,,5,4,35.1,484,+2,B
,"2023. 9.23",中山,4中6,2勝,九十九里･2勝,3,3,ニシノレヴナント,セ,3,大野拓弥, 55 ,12,2,１, ,芝2500,稍,,(美),上原博之,2350,-0.0,3,5,5,35.4,480,+2,
,"2023. 9.23",中山,4中6,ｵｰﾌﾟﾝ,カンナＳ,6,6,オーキッドロマンス,牡,2,内田博幸, 55 ,10,7,１, ,芝1200,稍,,(美),手塚貴久,1089,-0.1,,5,4,35.1,482,+8,
,"2023. 9.23",中山,4中6,ｵｰﾌﾟﾝ,清秋ジャ,4,5,ブルメンダール,牡,5,西谷誠, 60 ,13,4,１, ,芝3210,稍,,(美),国枝栄,3394,-0.2,1,1,1,13.7,468,+6,
,"2023. 9.23",中山,4中6,1勝,１勝ｸﾗｽ,3,3,クリニクラウン,牝,3,菊沢一樹, 53 ,11,8,１, ,ダ1800,不,,(美),小手川準,1541,-0.0,4,3,4,37.5,480,-6,
,"2023. 9.23",中山,4中6,1勝,１勝ｸﾗｽ,4,5,メジャークロニクル,牡,4,ルメール, 58 ,13,1,１, ,芝2000,重,,(美),栗田徹,2025,-0.1,4,3,2,34.9,536,-4,
,"2023. 9.23",中山,4中6,新馬,新馬,6,12,タイガードラゴン,牡,2,永野猛蔵,54☆,16,3,１, ,芝1600,重,,(美),黒岩陽一,1381,-0.5,1,1,1,35.1,436,,
,"2023. 9.23",中山,4中6,1勝,１勝ｸﾗｽ,3,6,ランドオブラヴ,牝,3,佐々木大,53☆,16,4,１, ,芝1200,重,,(美),蛯名正義,1094,-0.0,,7,6,34.4,426,+4,
,"2023. 9.23",中山,4中6,新馬,新馬,7,14,ハンデンカイザー,牡,2,木幡巧也, 55 ,16,4,１, ,ダ1800,不,,(美),牧光二,1546,-0.2,2,2,2,38.8,486,,
,"2023. 9.23",中山,4中6,未勝利,未勝利*,4,7,カフェグランデ,牡,2,北村宏司, 55 ,16,8,１, ,芝1600,重,,(美),嘉藤貴行,1359,-0.1,4,4,6,35.4,468,-6,
,"2023. 9.23",中山,4中6,未勝利,未勝利*,7,12,サフランヒーロー,牡,2,横山武史, 55 ,14,2,１, ,ダ1200,不,,(美),中野栄治,1109,-0.1,,2,2,36.2,444,+2,
,"2023. 9.18",中山,4中5,1勝,１勝ｸﾗｽ,5,9,スティルディマーレ,牡,3,ルメール, 56 ,16,1,１, ,ダ1200,良,,(美),国枝栄,1123,-0.3,,1,1,37.9,538,+4,B
,"2023. 9.18",中山,4中5,Ｇ２,セントラG2,3,4,レーベンスティール,牡,3,モレイラ, 56 ,15,2,１, ,芝2200,良,,(美),田中博康,2114,-0.3,6,7,7,33.9,470,-4,
,"2023. 9.18",中山,4中5,2勝,シンボ･2勝,6,9,フレーヴァード,牡,3,ルメール, 55 ,14,1,１, ,芝2000,良,,(美),大竹正博,1596,-0.2,9,9,10,34.2,446,0,
,"2023. 9.18",中山,4中5,2勝,鋸山特Ｈ･2勝,3,5,フランスゴデイナ,牡,5,戸崎圭太, 57 ,16,2,１, ,ダ1800,良,,(栗),森秀行,1543,-0.3,4,2,2,39.3,500,-4,
,"2023. 9.18",中山,4中5,1勝,１勝ｸﾗｽ,8,9,ヨリノサファイヤ,牝,3,藤田菜七,51◇,9,2,１, ,ダ2400,良,,(美),根本康広,2373,-0.7,2,1,1,38.0,504,+8,
,"2023. 9.18",中山,4中5,1勝,１勝ｸﾗｽ,6,11,デルマオシダシ,牝,3,勝浦正樹, 53 ,16,12,１, ,ダ1800,良,,(美),鈴木慎太,1556,-0.3,3,3,2,38.5,476,-2,
,"2023. 9.18",中山,4中5,新馬,新馬,2,2,トロヴァトーレ,牡,2,ルメール, 55 ,8,1,１, ,芝2000,良,,(美),鹿戸雄一,2016,-0.4,4,4,4,33.8,480,,
,"2023. 9.18",中山,4中5,新馬,新馬,7,11,ショーマンフリート,牡,2,モレイラ, 55 ,13,1,１, ,芝1600,良,,(美),手塚貴久,1351,-0.4,2,3,3,34.2,486,,
,"2023. 9.18",中山,4中5,未勝利,未勝利*,7,8,サトノオラシオン,牡,2,モレイラ, 55 ,11,2,１, ,芝1800,良,,(美),堀宣行,1489,-0.3,2,2,2,34.5,484,-4,
,"2023. 9.18",中山,4中5,未勝利,未勝利*,7,9,カルフ,牡,2,内田博幸, 55 ,11,1,１, ,ダ1200,良,,(美),大和田成,1139,-0.2,,2,1,38.2,464,+6,
,"2023. 9.18",中山,4中5,未勝利,未勝利・牝*,7,14,ミエノブラボー,牝,2,丸田恭介, 55 ,16,4,１, ,芝1600,良,,(美),宗像義忠,1354,-0.2,12,11,11,34.7,468,+8,
,"2023. 9.18",中山,4中5,未勝利,障害未勝利,2,2,コスモスタック,牡,6,伴啓太, 60 ,13,3,１, ,ダ2880,良,,(美),鈴木慎太,3161,-0.2,1,2,2,13.6,476,-2,
,"2023. 9.17",中山,4中4,1勝,１勝ｸﾗｽ,4,7,ピンクセイラー,牝,4,戸崎圭太, 56 ,16,2,１, ,芝1200,良,,(美),小笠倫弘,1083,-0.3,,9,7,33.8,444,-10,
,"2023. 9.17",中山,4中4,ｵｰﾌﾟﾝ,ラジオ日,3,6,ウィリアムバローズ,牡,5,丹内祐次, 59 ,16,2,１, ,ダ1800,良,,(栗),上村洋行,1522,-0.1,1,1,1,38.2,494,-4,
,"2023. 9.17",中山,4中4,3勝,レインＨ･3勝,2,2,スパイラルノヴァ,牡,5,内田博幸, 56 ,15,5,１, ,芝1800,良,,(栗),藤岡健一,1465,-0.0,4,4,3,34.3,482,+10,
,"2023. 9.17",中山,4中4,2勝,浦安特別･2勝,1,2,ダルダヌス,牡,4,戸崎圭太, 58 ,16,3,１, ,ダ1200,良,,(美),尾関知人,1116,-0.2,,6,5,36.7,552,+4,
,"2023. 9.17",中山,4中4,1勝,１勝ｸﾗｽ・牝,3,5,アスコルティアーモ,牝,3,戸崎圭太, 53 ,15,1,１, ,芝1800,良,,(美),林徹,1463,-0.1,5,5,3,35.0,452,0,
,"2023. 9.17",中山,4中4,1勝,１勝ｸﾗｽ,1,2,シャインフォール,牡,4,小林勝太,55▲,16,11,１, ,ダ1200,良,,(美),小野次郎,1121,-0.0,,9,9,36.8,482,0,
,"2023. 9.17",中山,4中4,1勝,１勝ｸﾗｽ,5,6,ヴァナルガンド,牡,3,戸崎圭太, 55 ,12,1,１, ,ダ1800,良,,(美),稲垣幸雄,1532,-0.1,1,2,2,37.3,462,+8,
,"2023. 9.17",中山,4中4,新馬,新馬・牝,6,11,シュシュトディエス,牝,2,三浦皇成, 55 ,16,1,１, ,芝1600,良,,(栗),清水久詞,1384,-0.3,4,2,2,34.4,444,,
,"2023. 9.17",中山,4中4,新馬,新馬,3,5,マリンバンカー,牡,2,岩部純二, 55 ,16,11,１, ,芝1200,良,*,(美),南田美知,1105,-0.3,,1,1,34.7,484,,
,"2023. 9.17",中山,4中4,未勝利,未勝利*,6,7,サンダーアラート,牡,2,内田博幸, 55 ,12,2,１, ,ダ1800,良,,(美),田中博康,1563,-0.4,4,3,4,38.8,462,+2,
,"2023. 9.17",中山,4中4,未勝利,未勝利*,1,1,レイデラルース,牡,2,北村宏司, 55 ,10,1,１, ,芝2000,良,,(美),手塚貴久,2016,-0.1,4,3,3,36.5,478,+2,
,"2023. 9.17",中山,4中4,未勝利,未勝利*,4,6,ムーム,牝,2,藤田菜七,53◇,14,6,１, ,ダ1200,良,,(栗),杉山佳明,1132,-0.1,,1,1,38.6,436,-4,B
,"2023. 9.16",中山,4中3,1勝,１勝ｸﾗｽ,5,5,ソワドリヨン,牝,3,北村宏司, 53 ,11,6,１, ,芝2000,良,,(美),古賀慎明,2003,-0.0,8,9,6,35.0,466,+2,
,"2023. 9.16",中山,4中3,3勝,初風Ｓ･3勝,8,10,アイスリアン,牝,5,津村明秀, 56 ,10,3,１, ,ダ1200,良,,(栗),高柳大輔,1107,-0.1,,3,3,36.4,458,+2,
,"2023. 9.16",中山,4中3,2勝,御宿特別･2勝,4,4,ベレザニーニャ,牝,3,内田博幸, 54 ,9,4,１, ,芝1600,良,,(栗),小崎憲,1345,-0.0,3,2,3,34.3,468,-8,
,"2023. 9.16",中山,4中3,2勝,松戸特別･2勝,8,15,レッドプロフェシー,牡,3,モレイラ, 55 ,16,1,１, ,ダ2400,良,,(栗),大久保龍,2341,-0.5,5,3,3,39.4,480,-6,
,"2023. 9.16",中山,4中3,1勝,１勝ｸﾗｽ,4,6,グランサバナ,牡,3,横山武史, 55 ,14,1,１, ,ダ1800,良,,(美),田村康仁,1534,-0.0,4,4,3,38.5,496,-8,
,"2023. 9.16",中山,4中3,1勝,１勝ｸﾗｽ,5,8,パーサヴィアランス,牡,4,三浦皇成, 58 ,14,4,１, ,ダ1800,良,,(栗),西村真幸,1534,-0.0,11,5,3,38.2,452,-6,B
,"2023. 9.16",中山,4中3,1勝,１勝ｸﾗｽ,4,6,レヴォルタード,牡,3,モレイラ, 55 ,14,1,１, ,芝2500,良,,(美),手塚貴久,2330,-0.3,6,4,4,34.7,506,-4,
,"2023. 9.16",中山,4中3,1勝,１勝ｸﾗｽ・牝,6,12,デュードメール,牝,4,津村明秀, 56 ,16,3,１, ,ダ1200,良,,(美),辻哲英,1112,-0.1,,11,11,35.7,464,-8,
,"2023. 9.16",中山,4中3,新馬,新馬,6,6,ミアネーロ,牝,2,津村明秀, 55 ,9,3,１, ,芝1800,良,,(美),林徹,1496,-0.2,4,3,2,34.6,478,,
,"2023. 9.16",中山,4中3,新馬,新馬,6,10,ピュアキアン,牡,2,吉田豊, 55 ,15,2,１, ,ダ1800,良,,(美),竹内正洋,1559,-0.1,1,1,1,38.8,506,,
,"2023. 9.16",中山,4中3,未勝利,未勝利*,2,2,キョウエイカンセ,牡,2,永野猛蔵,54☆,12,4,１, ,芝1200,良,,(美),萱野浩二,1091,-0.0,,6,6,34.2,460,-2,
,"2023. 9.16",中山,4中3,未勝利,未勝利*,5,5,シャパリュ,牡,2,菅原明良, 55 ,11,2,１, ,ダ1800,良,,(美),菊沢隆徳,1572,-0.7,4,2,2,40.8,504,-4,
,"2023. 9.16",中山,4中3,未勝利,未勝利・牝*,8,13,アシセバイラ,牝,2,モレイラ, 55 ,13,2,１, ,ダ1200,良,,(美),辻哲英,1126,-0.0,,4,4,37.3,480,+12,
,"2023. 9.10",中山,4中2,2勝,２勝ｸﾗｽ,5,10,オメガシンフォニー,牝,3,横山武史, 54 ,16,1,１, ,ダ1200,良,,(美),大和田成,1107,-0.2,,4,3,36.5,492,+6,
,"2023. 9.10",中山,4中2,Ｇ３,オータムＨG3,2,2,ソウルラッシュ,牡,5,松山弘平, 59 ,11,2,１, ,芝1600,良,,(栗),池江泰寿,1316,-0.0,4,3,3,33.6,506,+4,B
,"2023. 9.10",中山,4中2,3勝,セプテン･3勝,3,3,ファロロジー,牝,4,Ｍ．デム, 56 ,12,6,１, ,芝1200,良,*,(美),高橋裕,1076,-0.1,,5,4,33.8,464,-6,B
,"2023. 9.10",中山,4中2,2勝,白井特別･2勝,4,4,ロジレット,牝,4,永野猛蔵, 56 ,10,6,１, ,芝1800,良,,(美),稲垣幸雄,1471,-0.3,1,1,1,34.1,456,+6,
,"2023. 9.10",中山,4中2,1勝,１勝ｸﾗｽ,3,3,バンブーグローブ,牡,3,斎藤新, 55 ,10,1,１, ,ダ1800,良,,(美),斎藤誠,1534,-0.1,1,1,1,37.6,490,-2,
,"2023. 9.10",中山,4中2,1勝,１勝ｸﾗｽ,5,10,サザンステート,牡,4,ルメール, 58 ,16,5,１, ,芝1600,良,,(美),上原佑紀,1334,-0.1,3,3,2,34.6,478,-6,
,"2023. 9.10",中山,4中2,1勝,１勝ｸﾗｽ・牝,8,9,フラッパールック,牝,3,津村明秀, 53 ,9,1,１, ,ダ1800,良,,(美),林徹,1515,-1.4,1,1,1,37.0,456,+6,
,"2023. 9.10",中山,4中2,新馬,新馬,5,6,シックスペンス,牡,2,ルメール, 55 ,13,1,１, ,芝1600,良,,(美),国枝栄,1371,-0.0,2,4,4,34.3,484,,
,"2023. 9.10",中山,4中2,1勝,１勝ｸﾗｽ,8,15,エコロドゥネス,牡,3,横山武史, 56 ,16,1,１, ,ダ1200,稍,,(美),加藤征弘,1112,-0.1,,6,7,36.6,500,-2,
,"2023. 9.10",中山,4中2,新馬,新馬,8,15,ネオシルバー,牡,2,田辺裕信, 55 ,16,4,１, ,ダ1800,稍,,(美),小西一男,1564,-0.1,7,4,2,39.5,496,,
,"2023. 9.10",中山,4中2,未勝利,未勝利*,1,1,コイヌール,牡,2,ルメール, 55 ,10,1,１, ,芝2000,良,,(美),鹿戸雄一,2006,-0.0,3,3,4,34.8,460,-4,
,"2023. 9.10",中山,4中2,未勝利,未勝利*,8,16,ホーリーブライト,牝,2,佐藤翔馬,52▲,16,6,１, ,ダ1200,稍,,(美),竹内正洋,1122,-0.2,,2,2,37.5,442,+10,
,"2023. 9. 9",中山,4中1,1勝,１勝ｸﾗｽ,1,1,ゴキゲンサン,牝,3,Ｍ．デム, 54 ,16,5,１, ,ダ1200,重,,(美),伊藤大士,1112,-0.1,,1,1,36.9,488,-2,
,"2023. 9. 9",中山,4中1,Ｇ２,紫苑ＳG2,1,2,モリアーナ,牝,3,横山典弘, 54 ,17,4,１, ,芝2000,稍,,(美),武藤善則,1580,-0.1,15,15,14,34.3,474,+4,
,"2023. 9. 9",中山,4中1,2勝,汐留特別･2勝,7,7,ハギノモーリス,牡,4,西村淳也, 58 ,10,5,１, ,芝1200,稍,,(栗),高野友和,1081,-0.0,,5,5,33.8,488,+18,
,"2023. 9. 9",中山,4中1,1勝,アスター･1勝,6,6,キャットファイト,牝,2,大野拓弥, 55 ,8,4,１, ,芝1600,稍,,(美),上原博之,1331,-0.8,3,3,2,33.7,438,0,
,"2023. 9. 9",中山,4中1,1勝,１勝ｸﾗｽ,7,7,ペンティメント,牡,3,ルメール, 55 ,10,1,１, ,ダ1800,重,,(美),嘉藤貴行,1511,-0.3,2,2,2,37.6,506,-10,
,"2023. 9. 9",中山,4中1,1勝,１勝ｸﾗｽ,8,9,キョウエイブリッサ,牡,3,丹内祐次, 55 ,9,4,１, ,芝1800,稍,,(美),武市康男,1478,-0.1,6,5,5,33.9,466,-8,
,"2023. 9. 9",中山,4中1,1勝,１勝ｸﾗｽ・牝,5,10,ルーラルハピネス,牝,3,ルメール, 54 ,16,1,１, ,ダ1200,重,,(美),伊藤大士,1099,-0.7,,1,1,36.2,466,-2,
,"2023. 9. 9",中山,4中1,新馬,新馬,8,9,フォルラニーニ,牡,2,ルメール, 55 ,10,1,１, ,芝2000,稍,,(美),手塚貴久,2027,-0.6,2,2,2,34.6,484,,
,"2023. 9. 9",中山,4中1,新馬,新馬,7,12,グラシリティ,牝,2,石川裕紀, 55 ,15,6,１, ,ダ1200,重,,(美),相沢郁,1130,-0.2,,5,4,37.1,464,,
,"2023. 9. 9",中山,4中1,未勝利,未勝利*,2,2,オーケーソニック,牝,2,横山琉人,54☆,15,12,１, ,ダ1800,重,,(美),相沢郁,1545,-0.0,2,2,2,39.8,406,-6,
,"2023. 9. 9",中山,4中1,未勝利,未勝利*,3,3,ララヴィエルジュ,牝,2,松岡正海, 55 ,12,3,１, ,芝1600,重,,(美),堀内岳志,1347,-0.2,4,6,4,35.2,392,0,
,"2023. 9. 9",中山,4中1,未勝利,障害未勝利,5,5,オシリスブレイン,牡,6,五十嵐雄, 60 ,12,1,１, ,ダ2880,重,,(美),田村康仁,3182,-0.6,1,1,1,13.8,502,-2,
,"2023. 4.16",中山,3中8,3勝,サンシＨ･3勝,8,13,ビジン,牝,4,藤岡佑介, 54 ,14,7,１, ,芝2500,重,,(栗),武英智,2362,-0.0,2,2,2,37.9,466,+2,
,"2023. 4.16",中山,3中8,Ｇ１,皐月賞G1,1,1,ソールオリエンス,牡,3,横山武史, 57 ,18,2,１, ,芝2000,重,,(美),手塚貴久,2006,-0.2,15,15,17,35.5,462,0,
,"2023. 4.16",中山,3中8,OP(L),春雷ＳＨ(L),5,10,マッドクール,牡,4,レーン,57.5,16,1,１, ,芝1200,重,,(栗),池添学,1088,-0.0,,2,2,35.0,528,-8,
,"2023. 4.16",中山,3中8,2勝,利根川特･2勝,8,15,ゴールドブリーズ,牡,5,岩田望来, 58 ,16,5,１, ,ダ1800,重,,(美),深山雅史,1509,-0.3,1,1,1,37.6,504,+2,
,"2023. 4.16",中山,3中8,2勝,野島崎特･2勝,3,6,モカフラワー,牝,4,レーン, 56 ,16,1,１, ,芝2000,重,,(美),相沢郁,2006,-0.3,8,8,3,35.7,460,+6,
,"2023. 4.16",中山,3中8,1勝,１勝ｸﾗｽ,6,10,マイアミュレット,セ,4,内田博幸, 58 ,15,6,１, ,ダ1200,重,,(美),天間昭一,1100,-0.4,,2,2,36.1,472,0,
,"2023. 4.16",中山,3中8,1勝,１勝ｸﾗｽ,5,5,ペイシャジュン,牡,5,戸崎圭太, 58 ,10,3,１, ,ダ1800,重,,(美),高橋裕,1527,-0.0,6,6,6,37.2,520,0,B
,"2023. 4.16",中山,3中8,1勝,１勝ｸﾗｽ*,1,2,スクーバー,牡,3,レーン, 56 ,16,1,１, ,ダ1200,重,,(美),武藤善則,1106,-0.0,,6,5,36.2,482,-8,
,"2023. 4.16",中山,3中8,未勝利,未勝利,8,16,タナサンブラック,牡,3,戸崎圭太, 56 ,18,4,１, ,芝2200,重,,(美),伊坂重信,2163,-0.4,8,9,6,36.1,490,,
,"2023. 4.16",中山,3中8,未勝利,未勝利,6,9,オセアフラッグ,牡,3,岩田望来, 56 ,13,4,１, ,ダ1800,不,,(美),加藤征弘,1527,-0.1,3,2,2,38.7,484,+10,
,"2023. 4.16",中山,3中8,未勝利,未勝利,1,1,クラウンブラヴォー,牡,3,木幡巧也, 56 ,16,4,１, ,ダ1200,不,,(美),牧光二,1112,-0.1,,2,2,36.9,484,0,
,"2023. 4.16",中山,3中8,未勝利,未勝利・牝,4,7,ヒラリーステップ,牝,3,石川裕紀, 54 ,15,2,１, ,ダ1800,不,,(美),天間昭一,1529,-0.0,4,2,2,37.5,468,+4,B
,"2023. 4.15",中山,3中7,2勝,袖ケ浦特･2勝,8,12,ロードオブザチェコ,牡,5,丸田恭介, 58 ,12,4,１, ,ダ1200,不,,(美),石栗龍彦,1095,-0.8,,1,1,35.8,494,-4,
,"2023. 4.15",中山,3中7,ＪＧ１,中山グラJG1,2,2,イロゴトシ,牡,6,黒岩悠, 63 ,10,6,１, ,芝4250,重,,(栗),牧田和弥,4541,-3.1,5,1,1,13.8,474,+2,
,"2023. 4.15",中山,3中7,3勝,下総Ｓ･3勝,4,6,ガンダルフ,牡,5,レーン, 58 ,15,2,１, ,ダ1800,不,*,(美),国枝栄,1508,-0.2,6,4,4,37.1,490,+2,
,"2023. 4.15",中山,3中7,1勝,山藤賞･1勝*,1,1,スズカハービン,牡,3,津村明秀, 56 ,12,10,１, ,芝2000,重,,(栗),高橋義忠,2042,-0.0,9,10,8,36.7,460,-4,
,"2023. 4.15",中山,3中7,2勝,２勝ｸﾗｽ,1,1,ジャスパークローネ,牡,4,レーン, 58 ,16,1,１, ,芝1200,重,,(栗),森秀行,1098,-0.3,,1,1,35.6,482,-6,
,"2023. 4.15",中山,3中7,1勝,１勝ｸﾗｽ,6,6,シャドウマッドネス,セ,4,Ｍ．デム, 58 ,11,3,１, ,芝2200,重,,(美),和田勇介,2168,-0.2,11,11,10,36.5,432,+8,
,"2023. 4.15",中山,3中7,1勝,１勝ｸﾗｽ*,4,5,ハッスルダンク,牡,3,杉原誠人, 56 ,13,4,１, ,ダ1800,重,,(美),中川公成,1522,-0.6,4,4,4,37.1,438,0,
,"2023. 4.15",中山,3中7,未勝利,未勝利,4,7,レッドバレンティア,牡,3,レーン, 56 ,16,1,１, ,芝1600,稍,,(美),手塚貴久,1364,-0.7,1,1,1,35.8,444,+4,
,"2023. 4.15",中山,3中7,未勝利,未勝利,8,13,ニシノファンフェア,牡,3,横山武史, 56 ,13,1,１, ,ダ1800,稍,,(美),和田勇介,1550,-0.2,4,3,2,38.5,474,-2,
,"2023. 4.15",中山,3中7,未勝利,未勝利,5,10,コパノエルパソ,牡,3,木幡巧也, 56 ,16,1,１, ,ダ1200,稍,,(美),上原博之,1120,-0.2,,9,7,36.9,514,-8,
,"2023. 4.15",中山,3中7,未勝利,未勝利,6,10,ニットウライジン,牡,3,永野猛蔵,55☆,14,4,１, ,ダ1800,稍,,(美),稲垣幸雄,1539,-0.1,2,2,2,39.4,490,0,
,"2023. 4.15",中山,3中7,未勝利,未勝利・牝,1,1,メルティーショコラ,牝,3,小林脩斗,52△,15,2,１, ,ダ1200,稍,,(美),武藤善則,1117,-0.2,,1,1,37.2,468,+2,
,"2023. 4. 9",中山,3中6,1勝,１勝ｸﾗｽ,7,12,レイメイ,牡,4,三浦皇成, 58 ,14,8,１, ,ダ1800,良,,(美),的場均,1544,-0.4,11,8,5,38.5,478,-2,
,"2023. 4. 9",中山,3中6,OP(L),京葉Ｓ(L),6,8,テイエムトッキュウ,牡,5,津村明秀, 57 ,13,2,１, ,ダ1200,良,,(栗),木原一良,1100,-0.5,,1,1,36.3,502,-2,
,"2023. 4. 9",中山,3中6,2勝,鹿野山特･2勝,5,5,キングズパレス,牡,4,松岡正海, 58 ,10,1,１, ,芝2000,良,,(美),戸田博文,1597,-0.7,6,6,5,35.0,504,+2,B
,"2023. 4. 9",中山,3中6,2勝,印西特Ｈ･2勝,5,9,インディゴブラック,牡,4,内田博幸, 55 ,16,3,１, ,ダ2400,良,,(栗),奥村豊,2334,-0.6,1,1,1,38.9,516,+8,
,"2023. 4. 9",中山,3中6,1勝,１勝ｸﾗｽ,4,5,インザオベーション,牝,4,浜中俊, 56 ,13,3,１, ,芝1800,良,,(栗),武幸四郎,1477,-0.1,7,7,5,34.8,460,-4,
,"2023. 4. 9",中山,3中6,1勝,１勝ｸﾗｽ*,1,1,スピードオブライト,牝,3,石川裕紀, 54 ,9,1,１, ,芝1200,良,,(美),相沢郁,1087,-0.2,,3,3,35.1,398,0,
,"2023. 4. 9",中山,3中6,1勝,１勝ｸﾗｽ*,5,5,メイショウフジ,牡,3,大野拓弥, 56 ,9,4,１, ,ダ1800,稍,,(美),和田勇介,1540,-0.0,7,7,5,37.8,476,+4,
,"2023. 4. 9",中山,3中6,未勝利,未勝利・牝,6,11,ヴァイルマティ,牝,3,石川裕紀, 54 ,15,3,１, ,芝2000,稍,,(美),鹿戸雄一,2036,-0.3,2,2,2,35.4,490,+6,
,"2023. 4. 9",中山,3中6,未勝利,未勝利,2,4,レッドアーバイン,牡,3,Ｍ．デム, 56 ,16,1,１, ,芝1600,稍,*,(美),手塚貴久,1355,-0.1,1,2,3,36.4,480,-2,
,"2023. 4. 9",中山,3中6,未勝利,未勝利,4,8,リラックス,牡,3,田辺裕信, 56 ,16,1,１, ,ダ1200,稍,,(美),久保田貴,1115,-0.6,,2,2,38.1,502,0,
,"2023. 4. 9",中山,3中6,未勝利,未勝利,7,13,グラシアス,牡,3,大野拓弥, 56 ,15,6,１, ,ダ1800,稍,,(美),中舘英二,1549,-0.5,2,2,1,40.2,440,+8,
,"2023. 4. 9",中山,3中6,未勝利,未勝利・牝,6,11,リリージェーン,牝,3,三浦皇成, 54 ,16,1,１, ,ダ1200,稍,,(美),小手川準,1117,-0.5,,3,3,38.1,416,-6,
,"2023. 4. 8",中山,3中5,1勝,１勝ｸﾗｽ・牝,5,8,カラパタール,牝,5,ルメール, 56 ,15,2,１, ,ダ1200,稍,,(美),池上昌和,1105,-0.4,,3,3,36.5,444,-2,
,"2023. 4. 8",中山,3中5,Ｇ２,ニュージG2,3,5,エエヤン,牡,3,Ｍ．デム, 56 ,16,2,１, ,芝1600,稍,,(美),伊藤大士,1337,-0.2,4,2,3,36.0,482,-10,
,"2023. 4. 8",中山,3中5,3勝,船橋Ｓ･3勝,7,10,ヨシノイースター,牡,5,ルメール, 58 ,13,1,１, ,芝1200,稍,,(栗),中尾秀正,1081,-0.2,,9,8,33.7,480,-4,
,"2023. 4. 8",中山,3中5,2勝,葛飾特別･2勝,8,16,ドリームビリーバー,牡,4,ルメール, 58 ,16,1,１, ,ダ1200,稍,,(美),戸田博文,1107,-0.2,,2,2,36.9,470,0,
,"2023. 4. 8",中山,3中5,1勝,１勝ｸﾗｽ,2,2,ローズピリオド,牡,4,横山武史, 58 ,12,2,１, ,ダ1800,稍,,(美),中川公成,1545,-0.7,3,4,2,37.5,496,+6,
,"2023. 4. 8",中山,3中5,1勝,１勝ｸﾗｽ・牝*,7,7,ミッキーゴージャス,牝,3,戸崎圭太, 54 ,10,1,１, ,芝1800,稍,,(栗),安田隆行,1495,-0.2,3,2,3,35.0,436,-4,
,"2023. 4. 8",中山,3中5,未勝利,未勝利,4,7,マンノライトニング,牡,3,小林勝太,53▲,15,3,１, ,ダ1800,稍,,(栗),角田晃一,1552,-0.1,1,1,1,39.4,462,-8,
,"2023. 4. 8",中山,3中5,未勝利,未勝利,7,14,ハガネ,牡,3,津村明秀, 56 ,18,5,１, ,芝2000,稍,,(美),斎藤誠,2030,-0.1,9,7,6,36.5,456,-4,
,"2023. 4. 8",中山,3中5,未勝利,未勝利,7,13,ワールズコライド,牡,3,ルメール, 56 ,16,1,１, ,ダ1200,稍,,(美),堀宣行,1118,-0.1,,6,6,37.7,534,,
,"2023. 4. 8",中山,3中5,未勝利,未勝利,1,1,ジェントルタッチ,牡,3,坂井瑠星, 56 ,11,2,１, ,ダ1800,稍,,(美),武井亮,1542,-0.6,1,1,1,38.2,508,-6,
,"2023. 4. 8",中山,3中5,未勝利,未勝利,6,12,ウォーターリーダー,牡,3,戸崎圭太, 56 ,16,2,１, ,ダ1200,稍,,(栗),安田隆行,1118,-0.3,,5,4,37.5,436,-2,
,"2023. 4. 8",中山,3中5,未勝利,未勝利・牝,2,3,エンプレスペイ,牝,3,武豊, 54 ,16,2,１, ,ダ1800,稍,,(栗),武幸四郎,1553,-0.2,1,1,1,39.1,436,0,
,"2023. 4. 2",中山,3中4,2勝,２勝ｸﾗｽ,7,14,ヴァンデリオン,牡,6,Ｍ．デム, 58 ,16,3,１, ,ダ1200,良,,(美),根本康広,1111,-0.0,,2,4,36.8,498,-4,
,"2023. 4. 2",中山,3中4,3勝,美浦Ｓ･3勝,4,5,テーオーシリウス,牡,5,斎藤新, 58 ,13,10,１, ,芝2000,良,,(栗),奥村豊,1597,-0.9,1,1,1,35.8,468,0,
,"2023. 4. 2",中山,3中4,2勝,両国特別･2勝,8,9,ラズベリームース,牝,4,津村明秀, 56 ,9,2,１, ,芝1600,良,,(美),林徹,1331,-0.4,2,2,2,35.4,506,+6,
,"2023. 4. 2",中山,3中4,1勝,１勝ｸﾗｽ,3,3,ミルニュイ,牝,4,原田和真, 56 ,13,6,１, ,ダ1800,良,,(美),栗田徹,1542,-1.0,1,1,1,39.0,520,0,
,"2023. 4. 2",中山,3中4,1勝,山吹賞･1勝*,5,5,ドゥレッツァ,牡,3,横山武史, 56 ,6,1,１, ,芝2200,良,,(美),尾関知人,2163,-0.2,4,4,2,33.9,464,+4,
,"2023. 4. 2",中山,3中4,1勝,１勝ｸﾗｽ,6,12,モンタナアゲート,牡,4,横山武史, 58 ,16,2,１, ,芝1600,良,,(美),和田正一,1339,-0.1,6,4,4,34.9,550,-6,
,"2023. 4. 2",中山,3中4,1勝,１勝ｸﾗｽ*,7,13,シェットランド,牡,3,田辺裕信, 56 ,16,5,１, ,ダ1800,良,,(美),久保田貴,1535,-0.4,1,1,1,38.1,546,+8,
,"2023. 4. 2",中山,3中4,未勝利,未勝利,5,6,シーズオブホープ,牡,3,津村明秀, 56 ,12,3,１, ,芝2200,良,,(美),武市康男,2147,-0.0,7,8,3,35.5,470,-8,B
,"2023. 4. 2",中山,3中4,未勝利,障害未勝利,6,6,ブルメンダール,牡,5,蓑島靖典, 60 ,9,1,１, ,ダ2880,良,,(美),国枝栄,3146,-0.1,2,2,2,13.5,466,-4,
,"2023. 4. 2",中山,3中4,未勝利,未勝利,4,5,ブライアンセンス,牡,3,横山武史, 56 ,13,1,１, ,ダ1800,良,,(美),斎藤誠,1559,-0.6,2,2,2,38.4,492,+2,
,"2023. 4. 2",中山,3中4,未勝利,未勝利,3,6,マーシヴィガラス,牡,3,的場勇人, 56 ,16,2,１, ,ダ1200,良,,(美),的場均,1119,-0.1,,5,5,37.8,486,+10,
,"2023. 4. 2",中山,3中4,未勝利,未勝利,2,3,アッティラ,牡,3,横山琉人,54△,15,5,１, ,ダ1800,良,,(美),相沢郁,1548,-0.2,8,7,6,38.4,440,-6,
,"2023. 4. 1",中山,3中3,1勝,１勝ｸﾗｽ,5,10,ヒロノゴウカイ,牡,4,秋山稔樹,57☆,16,7,１, ,ダ1200,良,,(美),蛯名利弘,1113,-0.0,,2,2,37.2,496,0,
,"2023. 4. 1",中山,3中3,Ｇ３,ダービーＨG3,4,8,インダストリア,牡,4,戸崎圭太, 56 ,16,3,１, ,芝1600,良,,(美),宮田敬介,1332,-0.1,7,6,6,33.4,498,-8,
,"2023. 4. 1",中山,3中3,2勝,安房特別･2勝,7,8,エンドロール,牡,4,永野猛蔵, 58 ,11,4,１, ,芝2500,良,,(美),青木孝文,2323,-0.2,7,7,6,35.5,466,-2,
,"2023. 4. 1",中山,3中3,2勝,千葉日報･2勝,2,2,トップスティール,牡,4,丸田恭介, 58 ,13,10,１, ,ダ1800,良,*,(美),深山雅史,1534,-0.2,11,2,2,38.2,516,+22,B
,"2023. 4. 1",中山,3中3,1勝,１勝ｸﾗｽ,8,11,ケリーズノベル,セ,4,横山武史, 58 ,11,1,１, ,ダ2400,良,,(美),武井亮,2358,-0.0,1,1,1,40.1,514,-10,B
,"2023. 4. 1",中山,3中3,1勝,１勝ｸﾗｽ*,5,7,エッセレンチ,牝,3,杉原誠人, 54 ,14,3,１, ,芝1600,良,,(美),蛯名正義,1339,-0.2,10,12,10,33.9,418,-2,
,"2023. 4. 1",中山,3中3,未勝利,未勝利,4,6,アクションプラン,牡,3,川田将雅, 56 ,14,1,１, ,ダ1800,良,,(美),池上昌和,1535,-0.8,2,3,3,37.8,498,0,
,"2023. 4. 1",中山,3中3,未勝利,未勝利,4,7,フレーヴァード,牡,3,ルメール, 56 ,17,1,１, ,芝2000,良,,(美),大竹正博,2021,-0.1,13,10,9,34.4,446,-2,
,"2023. 4. 1",中山,3中3,未勝利,未勝利・牝,1,1,ニシノトレンディー,牝,3,田辺裕信, 54 ,16,1,１, ,ダ1200,良,,(美),小手川準,1111,-0.8,,1,1,37.5,480,-8,
,"2023. 4. 1",中山,3中3,未勝利,未勝利,5,8,グランサバナ,牡,3,川田将雅, 56 ,15,1,１, ,ダ1800,良,,(美),田村康仁,1545,-0.2,3,2,2,37.9,494,-4,
,"2023. 4. 1",中山,3中3,未勝利,未勝利,7,14,ハローマイラブリー,牝,3,三浦皇成, 54 ,16,2,１, ,ダ1200,良,*,(美),伊坂重信,1118,-0.4,,1,1,37.6,526,-4,
,"2023. 4. 1",中山,3中3,未勝利,未勝利・牝,7,12,コロンビアテソーロ,牝,3,原優介,52△,14,1,１, ,ダ1800,良,,(美),栗田徹,1552,-0.4,9,3,6,38.8,450,-2,
,"2023. 3.26",中山,3中2,2勝,２勝ｸﾗｽ,5,6,アイルビーザワン,セ,5,横山琉人,56△,13,9,１, ,芝1200,不,,(美),田島俊明,1119,-0.1,,2,2,37.1,490,0,
,"2023. 3.26",中山,3中2,Ｇ３,マーチＳＨG3,6,12,ハヤブサナンデクン,牡,7,津村明秀, 57 ,16,5,１, ,ダ1800,不,,(栗),吉村圭司,1514,-0.0,3,2,2,37.5,514,-2,
,"2023. 3.26",中山,3中2,3勝,春興ＳＨ･3勝,1,2,サーマルウインド,牝,4,北村宏司, 54 ,16,2,１, ,芝1600,不,*,(美),奥村武,1367,-0.7,1,1,1,36.9,526,+12,
,"2023. 3.26",中山,3中2,1勝,ミモザ賞･1勝,8,11,アグラシアド,牝,3,津村明秀, 54 ,11,3,１, ,芝2000,不,,(栗),中村直也,2069,-0.0,9,6,2,39.2,474,+4,
,"2023. 3.26",中山,3中2,2勝,２勝ｸﾗｽ,7,7,トーセンリョウ,牡,4,横山武史, 58 ,9,1,１, ,芝1800,不,,(美),加藤征弘,1537,-0.2,4,4,3,38.4,462,-4,
,"2023. 3.26",中山,3中2,1勝,１勝ｸﾗｽ,6,8,エスティメート,牡,4,杉原誠人, 58 ,12,7,１, ,ダ1800,不,,(美),大和田成,1535,-0.1,5,2,2,39.0,458,+10,
,"2023. 3.26",中山,3中2,1勝,１勝ｸﾗｽ*,4,7,ビルカール,牡,3,柴田善臣, 56 ,16,7,１, ,ダ1200,不,,(美),水野貴広,1119,-0.0,,3,2,38.1,474,-8,
,"2023. 3.26",中山,3中2,未勝利,未勝利,1,1,コスモフリーゲン,牡,3,柴田大知, 56 ,16,8,１, ,芝1800,不,,(美),畠山吉宏,1539,-0.5,11,8,5,37.4,510,,
,"2023. 3.26",中山,3中2,未勝利,障害未勝利,3,3,ショウナンアストラ,牡,5,五十嵐雄, 60 ,14,1,１, ,ダ2880,不,,(美),西田雄一,3180,-2.2,1,1,1,13.8,488,+8,
,"2023. 3.26",中山,3中2,未勝利,未勝利,7,14,アイノセンシ,牡,3,石橋脩, 56 ,16,3,１, ,ダ1200,不,,(美),牧光二,1121,-0.3,,1,1,37.7,516,+2,
,"2023. 3.26",中山,3中2,未勝利,未勝利,2,3,エドノトップラン,牡,3,宮崎北斗, 56 ,16,2,１, ,ダ1800,不,,(美),嘉藤貴行,1537,-0.0,2,2,2,38.3,484,-2,B
,"2023. 3.26",中山,3中2,未勝利,未勝利・牝,5,10,ダノンフレア,牝,3,横山武史, 54 ,16,4,１, ,ダ1200,不,,(美),萩原清,1112,-0.3,,2,2,37.7,456,-2,
,"2023. 3.25",中山,3中1,2勝,２勝ｸﾗｽ,4,6,サトノスライヴ,牡,6,石橋脩, 58 ,15,5,１, ,ダ1800,不,,(美),上原佑紀,1525,-0.0,3,3,3,37.0,520,-8,
,"2023. 3.25",中山,3中1,Ｇ２,日経賞G2,2,2,タイトルホルダー,牡,5,横山和生, 59 ,12,2,１, ,芝2500,不,,(美),栗田徹,2368,-1.3,1,1,1,36.8,478,+2,
,"2023. 3.25",中山,3中1,ｵｰﾌﾟﾝ,伏竜Ｓ,5,7,ミトノオー,牡,3,木幡巧也, 56 ,14,1,１, ,ダ1800,不,,(美),牧光二,1519,-0.4,1,1,1,38.8,492,-6,
,"2023. 3.25",中山,3中1,3勝,春風Ｓ･3勝,3,5,ヴァガボンド,牡,5,北村宏司, 58 ,16,10,１, ,ダ1200,不,,(栗),清水久詞,1098,-0.2,,1,1,36.1,490,-6,
,"2023. 3.25",中山,3中1,1勝,１勝ｸﾗｽ・牝,4,6,スズノテレサ,牝,4,津村明秀, 56 ,14,3,１, ,ダ1800,不,,(美),深山雅史,1537,-0.2,5,4,3,38.6,452,+16,
,"2023. 3.25",中山,3中1,1勝,１勝ｸﾗｽ,1,1,フレーゲル,牡,5,津村明秀, 58 ,16,8,１, ,ダ1200,不,,(美),鈴木慎太,1112,-0.1,,6,7,36.6,490,+16,
,"2023. 3.25",中山,3中1,1勝,１勝ｸﾗｽ*,6,6,セオ,牡,3,横山和生, 56 ,11,3,１, ,芝1800,不,,(栗),上村洋行,1546,-0.0,1,1,1,35.7,474,-2,
,"2023. 3.25",中山,3中1,1勝,１勝ｸﾗｽ*,6,6,アンビバレント,牡,3,森泰斗, 56 ,11,5,１, ,芝1200,不,,(美),青木孝文,1109,-0.6,,1,1,36.8,458,0,
,"2023. 3.25",中山,3中1,未勝利,未勝利,2,4,ジュンフシナ,牡,3,田辺裕信, 56 ,16,8,１, ,芝1600,不,,(美),中舘英二,1382,-0.5,1,1,1,37.6,478,+14,
,"2023. 3.25",中山,3中1,未勝利,未勝利,1,1,クリスプブリーズ,牡,3,木幡巧也, 56 ,16,13,１, ,ダ1800,不,,(美),菊川正達,1550,-0.3,1,1,1,39.3,500,+4,
,"2023. 3.25",中山,3中1,未勝利,未勝利,6,12,キョウエイカンフ,牡,3,横山和生, 56 ,16,2,１, ,ダ1200,不,,(美),勢司和浩,1111,-0.1,,4,4,36.7,500,+6,
,"2023. 3.25",中山,3中1,未勝利,未勝利・牝,4,7,ビーティングハート,牝,3,野中悠太, 54 ,15,5,１, ,ダ1800,不,,(美),嘉藤貴行,1543,-0.0,7,6,6,39.2,452,0,
,"2023. 3.19",中山,2中8,2勝,２勝ｸﾗｽ,5,10,ヒミノフラッシュ,牡,5,津村明秀, 58 ,16,1,１, ,ダ2400,重,,(栗),川村禎彦,2333,-0.1,2,2,1,38.5,556,-4,
,"2023. 3.19",中山,2中8,Ｇ２,スプリンG2,2,4,ベラジオオペラ,牡,3,横山武史, 56 ,16,2,１, ,芝1800,重,,(栗),上村洋行,1489,-0.2,7,7,5,35.7,500,-4,
,"2023. 3.19",中山,2中8,ｵｰﾌﾟﾝ,千葉ＳＨ,4,8,スズカコテキタイ,牡,4,岩田康誠, 56 ,16,1,１, ,ダ1200,重,,(美),奥村武,1093,-0.1,,6,6,35.4,500,-2,B
,"2023. 3.19",中山,2中8,3勝,スピカＳ･3勝,7,13,ノースザワールド,牡,5,横山和生, 58 ,16,2,１, ,芝1800,重,,(栗),大久保龍,1486,-0.2,2,2,2,37.1,478,-4,
,"2023. 3.19",中山,2中8,2勝,２勝ｸﾗｽ,7,10,トゥデイイズザデイ,牡,4,横山武史, 58 ,13,1,１, ,芝1600,重,,(栗),池江泰寿,1350,-0.2,12,11,10,34.8,460,-8,
,"2023. 3.19",中山,2中8,1勝,１勝ｸﾗｽ,3,5,ヴァンデリオン,牡,6,Ｍ．デム, 58 ,16,3,１, ,ダ1200,不,,(美),根本康広,1110,-0.1,,4,4,35.8,502,+4,
,"2023. 3.19",中山,2中8,1勝,１勝ｸﾗｽ,8,16,ウィズグレイス,牝,4,西村淳也, 56 ,16,2,１, ,芝2000,重,,(美),国枝栄,2027,-0.1,1,1,1,36.7,450,-8,
,"2023. 3.19",中山,2中8,未勝利,未勝利,3,5,キタノブライド,牝,3,田辺裕信, 54 ,16,1,１, ,芝1600,重,*,(美),高橋裕,1363,-0.1,7,4,4,36.2,406,-4,
,"2023. 3.19",中山,2中8,1勝,１勝ｸﾗｽ*,3,6,タリエシン,牡,3,Ｍ．デム, 56 ,16,5,１, ,ダ1200,不,,(美),金成貴史,1106,-0.1,,7,7,35.9,430,-6,
,"2023. 3.19",中山,2中8,未勝利,未勝利,8,16,パープルナイト,牡,3,西村太一, 56 ,16,2,１, ,ダ1800,不,,(美),堀内岳志,1528,-0.7,1,1,1,38.1,498,-6,
,"2023. 3.19",中山,2中8,未勝利,未勝利,3,6,アフタヌーンドレス,牝,3,田辺裕信, 54 ,16,2,１, ,ダ1200,不,,(美),栗田徹,1109,-0.3,,1,1,36.8,500,-2,B
,"2023. 3.19",中山,2中8,未勝利,未勝利・牝,2,4,スウィーヴェモワ,牝,3,大野拓弥, 54 ,16,1,１, ,ダ1800,不,,(美),田村康仁,1529,-0.6,1,1,1,38.0,508,-2,
,"2023. 3.18",中山,2中7,2勝,２勝ｸﾗｽ,6,11,ファイアーボーラー,セ,7,石橋脩, 58 ,16,11,１, ,ダ1200,不,,(美),上原佑紀,1103,-0.0,,6,5,36.3,466,-8,
,"2023. 3.18",中山,2中7,Ｇ３,フラワーG3,2,4,エミュー,牝,3,Ｍ．デム, 54 ,16,2,１, ,芝1800,不,,(美),和田正一,1532,-0.1,16,14,11,36.3,414,-2,
,"2023. 3.18",中山,2中7,3勝,韓国馬事･3勝,2,3,パワーブローキング,牡,4,Ｍ．デム, 58 ,16,5,１, ,ダ1800,不,*,(美),栗田徹,1502,-0.1,6,7,7,37.1,526,+2,
,"2023. 3.18",中山,2中7,2勝,館山特別･2勝,1,1,リカンカブール,牡,4,戸崎圭太, 58 ,11,2,１, ,芝2000,不,,(栗),田中克典,2054,-0.2,7,6,4,37.2,494,-2,
,"2023. 3.18",中山,2中7,ｵｰﾌﾟﾝ,ペガサス,4,6,ビレッジイーグル,牡,6,大江原圭, 60 ,14,4,１, ,芝3350,重,,(美),竹内正洋,3483,-0.4,1,2,1,13.6,518,+12,
,"2023. 3.18",中山,2中7,1勝,１勝ｸﾗｽ,4,6,ロイヤルダンス,牡,5,丹内祐次, 58 ,15,3,１, ,ダ1800,重,,(美),清水英克,1531,-0.0,1,1,1,37.1,506,-2,
,"2023. 3.18",中山,2中7,1勝,１勝ｸﾗｽ*,5,5,ロードディフィート,牡,3,田辺裕信, 56 ,12,7,１, ,芝1600,重,,(美),和田勇介,1367,-0.0,7,7,7,36.5,428,-2,
,"2023. 3.18",中山,2中7,未勝利,未勝利,8,17,セイウンパシュート,牡,3,永野猛蔵,55☆,18,2,１, ,芝2200,重,,(美),上原博之,2186,-0.4,5,3,1,38.2,458,-6,
,"2023. 3.18",中山,2中7,未勝利,未勝利,4,8,アサカラキング,牡,3,石川裕紀, 56 ,18,1,１, ,芝2000,稍,,(美),斎藤誠,2028,-0.6,1,1,1,37.5,516,0,
,"2023. 3.18",中山,2中7,未勝利,未勝利,6,11,カサブランカキッド,牡,3,横山武史, 56 ,16,2,１, ,ダ1200,重,,(美),和田勇介,1120,-0.0,,10,9,37.3,512,-6,
,"2023. 3.18",中山,2中7,未勝利,未勝利,5,9,レイズカイザー,牡,3,田辺裕信, 56 ,16,1,１, ,ダ1800,重,,(美),田村康仁,1541,-0.4,1,1,1,37.3,518,+2,
,"2023. 3.18",中山,2中7,未勝利,未勝利・牝,4,8,リトルウインディー,牝,3,三浦皇成, 54 ,16,2,１, ,ダ1200,重,,(美),稲垣幸雄,1118,-0.4,,1,1,37.3,478,-4,
,"2023. 3.12",中山,2中6,1勝,１勝ｸﾗｽ,5,9,アメトリーチェ,牝,4,小林勝太,53▲,15,9,１, ,ダ1200,良,,(美),加藤士津,1119,-0.3,,1,1,37.2,480,+16,
,"2023. 3.12",中山,2中6,OP(L),アネモネ(L),3,5,トーセンローリエ,牝,3,横山和生, 54 ,16,1,１, ,芝1600,良,,(美),小笠倫弘,1338,-0.1,2,2,2,35.0,426,-2,
,"2023. 3.12",中山,2中6,OP(L),東風Ｓ(L),4,4,ラインベック,セ,6,津村明秀, 57 ,11,5,１, ,芝1600,良,,(栗),友道康夫,1330,-0.1,2,2,2,34.2,482,0,
,"2023. 3.12",中山,2中6,2勝,房総特別･2勝,2,2,サンカルパ,牝,4,ルメール, 56 ,14,1,１, ,芝1800,良,,(美),田中博康,1483,-0.1,3,2,2,34.3,488,-6,
,"2023. 3.12",中山,2中6,1勝,１勝ｸﾗｽ,7,13,グリューヴルム,牡,4,戸崎圭太, 57 ,16,1,１, ,ダ2400,良,,(栗),大久保龍,2359,-0.6,3,2,2,38.9,494,+6,
,"2023. 3.12",中山,2中6,1勝,１勝ｸﾗｽ*,2,2,ワックスフラワー,牝,3,黛弘人, 54 ,12,7,１, ,芝1200,良,,(美),深山雅史,1094,-0.0,,1,1,34.2,440,+8,
,"2023. 3.12",中山,2中6,1勝,１勝ｸﾗｽ*,6,11,フェブランシェ,牝,3,ルメール, 54 ,16,1,１, ,ダ1800,良,*,(美),黒岩陽一,1532,-0.0,4,4,4,38.5,524,-2,
,"2023. 3.12",中山,2中6,未勝利,未勝利,3,5,イケイケドンドン,牡,3,大野拓弥, 56 ,18,3,１, ,芝2000,良,,(美),松山将樹,2008,-0.0,12,9,5,35.0,456,-4,
,"2023. 3.12",中山,2中6,未勝利,障害未勝利,2,2,フロールシュタット,牡,4,上野翔, 59 ,9,3,１, ,ダ2880,良,,(美),戸田博文,3126,-0.1,3,2,2,13.4,468,-4,
,"2023. 3.12",中山,2中6,未勝利,未勝利,3,5,ペンティメント,牡,3,ルメール, 56 ,16,3,１, ,ダ1800,良,,(美),嘉藤貴行,1538,-0.0,4,4,3,37.5,504,-6,
,"2023. 3.12",中山,2中6,未勝利,未勝利,1,1,ニットウバジル,牡,3,柴田善臣, 56 ,16,1,１, ,ダ1200,良,,(美),高橋文雅,1119,-0.1,,7,3,36.8,510,0,
,"2023. 3.12",中山,2中6,未勝利,未勝利・牝,6,12,ウィンターダフネ,牝,3,菅原明良, 54 ,16,1,１, ,ダ1800,良,,(美),国枝栄,1545,-0.2,2,1,1,39.2,476,-2,
,"2023. 3.11",中山,2中5,2勝,２勝ｸﾗｽ,2,4,ウィリン,牝,4,丹内祐次, 56 ,16,1,１, ,芝1200,良,,(美),林徹,1083,-0.1,,1,1,34.1,448,+10,
,"2023. 3.11",中山,2中5,Ｇ３,中山牝馬ＨG3,5,8,スルーセブンシーズ,牝,5,ルメール, 54 ,14,2,１, ,芝1800,良,,(美),尾関知人,1465,-0.2,9,8,5,33.8,448,+4,
,"2023. 3.11",中山,2中5,3勝,アクアＨ･3勝,3,6,レディバランタイン,牝,4,吉田豊, 53 ,16,13,１, ,芝1200,良,,(美),加藤征弘,1074,-0.0,,15,14,33.1,472,-2,
,"2023. 3.11",中山,2中5,2勝,鎌ケ谷特･2勝,4,7,トップオブジェラス,牡,4,横山武史, 58 ,15,1,１, ,ダ1800,良,,(美),高木登,1530,-0.2,3,3,2,37.5,530,0,
,"2023. 3.11",中山,2中5,1勝,１勝ｸﾗｽ・牝,4,5,クラリティスケール,牝,4,横山和生, 56 ,13,3,１, ,ダ1200,良,,(美),菊沢隆徳,1113,-0.1,,4,4,36.9,450,0,
,"2023. 3.11",中山,2中5,1勝,１勝ｸﾗｽ*,5,5,メイテソーロ,牡,3,戸崎圭太, 56 ,11,3,１, ,芝2000,良,,(美),武市康男,2007,-0.2,7,2,2,35.6,482,-6,
,"2023. 3.11",中山,2中5,未勝利,未勝利,3,6,コスタノヴァ,牡,3,杉原誠人, 56 ,16,4,１, ,ダ1800,良,,(美),木村哲也,1537,-0.8,1,1,1,39.2,492,+8,
,"2023. 3.11",中山,2中5,未勝利,未勝利,6,12,ガレストロ,牡,3,ルメール, 56 ,16,1,１, ,芝1800,良,,(美),萩原清,1499,-0.0,3,2,2,34.8,496,-10,
,"2023. 3.11",中山,2中5,未勝利,未勝利・牝,6,12,ルーラルハピネス,牝,3,川田将雅, 54 ,16,1,１, ,ダ1200,良,,(美),伊藤大士,1113,-0.4,,3,3,37.4,472,-10,
,"2023. 3.11",中山,2中5,未勝利,未勝利,5,10,ハッスルダンク,牡,3,杉原誠人, 56 ,16,2,１, ,ダ1800,良,,(美),中川公成,1543,-0.9,1,1,1,38.7,438,-2,
,"2023. 3.11",中山,2中5,未勝利,未勝利,1,1,エコロドゥネス,牡,3,横山武史, 56 ,16,2,１, ,ダ1200,良,,(美),加藤征弘,1113,-0.9,,3,2,37.4,496,+4,
,"2023. 3.11",中山,2中5,未勝利,未勝利・牝,3,3,レジュークレール,牝,3,原優介,52△,12,3,１, ,ダ1800,良,,(美),青木孝文,1555,-0.1,1,1,1,38.3,436,-4,
,"2023. 3. 5",中山,2中4,2勝,２勝ｸﾗｽ,4,7,セイカフォルゴーレ,牡,4,横山琉人,56△,16,3,１, ,ダ1200,良,,(美),相沢郁,1108,-0.1,,2,2,36.5,514,-2,
,"2023. 3. 5",中山,2中4,Ｇ２,弥生賞G2,6,6,タスティエーラ,牡,3,松山弘平, 56 ,10,3,１, ,芝2000,良,,(美),堀宣行,2004,-0.2,4,3,2,34.7,484,-2,
,"2023. 3. 5",中山,2中4,ｵｰﾌﾟﾝ,総武Ｓ,7,13,ホウオウルバン,牡,5,川田将雅, 57 ,16,3,１, ,ダ1800,良,,(美),池上昌和,1536,-0.1,5,5,3,36.8,524,0,B
,"2023. 3. 5",中山,2中4,3勝,湾岸Ｓ･3勝,7,14,バラジ,牡,4,川田将雅, 57 ,18,1,１, ,芝2200,良,,(美),鹿戸雄一,2123,-0.1,5,4,4,34.6,518,0,
,"2023. 3. 5",中山,2中4,2勝,２勝ｸﾗｽ,3,5,ニシノスーベニア,牡,4,ムルザバ, 58 ,15,1,１, ,芝1600,良,,(美),上原博之,1336,-0.2,8,8,7,34.0,536,0,
,"2023. 3. 5",中山,2中4,1勝,１勝ｸﾗｽ,2,3,メイプルエクセル,牡,5,丸田恭介, 58 ,16,8,１, ,ダ1800,良,,(美),南田美知,1556,-0.0,8,7,9,38.1,552,+32,
,"2023. 3. 5",中山,2中4,1勝,１勝ｸﾗｽ*,6,6,メタルスピード,牡,3,戸崎圭太, 56 ,9,1,１, ,芝1600,良,,(美),斎藤誠,1339,-0.1,4,4,3,35.1,508,-2,B
,"2023. 3. 5",中山,2中4,未勝利,未勝利,3,5,ダッチアイリス,牝,3,横山琉人,52△,18,4,１, ,芝2200,良,,(美),相沢郁,2160,-0.2,4,4,3,35.7,420,-4,
,"2023. 3. 5",中山,2中4,1勝,１勝ｸﾗｽ,8,16,シュロス,牡,7,原優介,56△,16,3,１, ,ダ1200,良,,(美),嘉藤貴行,1115,-0.3,,8,8,36.7,512,-4,
,"2023. 3. 5",中山,2中4,未勝利,未勝利,6,12,エリンアキレウス,牡,3,菅原明良, 56 ,16,4,１, ,ダ1800,良,,(美),浅野洋一,1566,-0.3,2,1,1,40.2,514,0,
,"2023. 3. 5",中山,2中4,未勝利,未勝利,5,9,ジャーニーメモリー,牡,3,北村宏司, 56 ,16,4,１, ,ダ1200,良,,(美),粕谷昌央,1125,-0.0,,2,2,38.1,448,-4,
,"2023. 3. 5",中山,2中4,未勝利,未勝利,2,3,ゴンドワナ,牡,3,横山琉人,54△,16,3,１, ,ダ1800,良,*,(美),小島茂之,1577,-0.3,2,2,2,39.4,488,+4,
,"2023. 3. 4",中山,2中3,2勝,２勝ｸﾗｽ,6,12,パワーブローキング,牡,4,横山和生, 58 ,16,2,１, ,ダ1800,良,,(美),栗田徹,1532,-0.1,9,8,7,37.6,524,-2,
,"2023. 3. 4",中山,2中3,Ｇ３,オーシャG3,5,9,ヴェントヴォーチェ,牡,6,ルメール, 57 ,16,2,１, ,芝1200,良,,(栗),牧浦充徳,1074,-0.3,,8,4,33.3,514,-4,
,"2023. 3. 4",中山,2中3,3勝,上総ＳＨ･3勝,5,9,ベストリーガード,牡,4,津村明秀, 57 ,16,2,１, ,ダ1800,良,,(美),牧光二,1518,-0.1,1,1,1,37.6,482,+2,
,"2023. 3. 4",中山,2中3,2勝,潮来特Ｈ･2勝,8,10,ブローザホーン,牡,4,菅原明良, 55 ,11,3,１, ,芝2500,良,,(美),中野栄治,2315,-0.3,2,2,1,35.5,420,-8,
,"2023. 3. 4",中山,2中3,1勝,１勝ｸﾗｽ,5,9,ホウオウプレミア,牡,4,内田博幸, 58 ,16,1,１, ,芝1600,良,,(美),奥村武,1328,-0.3,16,11,2,35.0,482,+2,
,"2023. 3. 4",中山,2中3,1勝,１勝ｸﾗｽ*,3,5,ハチメンロッピ,牡,3,原優介,54△,16,8,１, ,ダ1200,良,*,(美),矢野英一,1110,-0.2,,12,12,36.4,486,+4,
,"2023. 3. 4",中山,2中3,未勝利,未勝利,1,1,ライツオブキングス,牡,3,ルメール, 56 ,16,1,１, ,芝1800,良,,(美),鹿戸雄一,1483,-0.6,1,1,1,36.0,500,+10,
,"2023. 3. 4",中山,2中3,未勝利,未勝利,3,5,ダイシンヤマト,牡,3,吉田豊, 56 ,16,2,１, ,芝1600,良,,(美),戸田博文,1344,-0.1,4,7,6,35.1,478,0,
,"2023. 3. 4",中山,2中3,未勝利,障害未勝利,8,13,ヤップヤップヤップ,牡,7,江田勇亮, 60 ,14,4,１, ,ダ2880,良,,(美),宗像義忠,3106,-0.0,3,3,2,13.2,464,+6,
,"2023. 3. 4",中山,2中3,未勝利,未勝利,5,10,ゴールドバランサー,牡,3,内田博幸, 56 ,16,2,１, ,ダ1800,良,,(美),鈴木慎太,1554,-1.5,3,2,1,37.5,458,-4,
,"2023. 3. 4",中山,2中3,未勝利,未勝利,8,16,イデアミラーグロ,牡,3,丹内祐次, 56 ,16,2,１, ,ダ1200,良,,(美),本間忍,1130,-0.1,,1,1,39.2,486,+6,
,"2023. 3. 4",中山,2中3,未勝利,未勝利・牝,6,12,ルルシュシュ,牝,3,丸山元気, 54 ,16,3,１, ,ダ1800,良,,(美),金成貴史,1558,-0.2,9,8,6,40.0,500,-4,
,"2023. 2.26",中山,2中2,2勝,２勝ｸﾗｽ,1,1,ブレイクフォース,牡,4,田辺裕信, 57 ,16,2,１, ,ダ1800,良,,(美),中舘英二,1542,-0.4,9,9,5,38.1,490,+4,
,"2023. 2.26",中山,2中2,Ｇ２,中山記念G2,7,11,ヒシイグアス,牡,7,松山弘平, 57 ,14,5,１, ,芝1800,良,,(美),堀宣行,1471,-0.1,9,8,8,34.6,504,+14,
,"2023. 2.26",中山,2中2,3勝,ブラッＨ･3勝,2,4,スズカコテキタイ,牡,4,バシュロ, 56 ,16,1,１, ,ダ1200,良,,(美),奥村武,1110,-0.4,,4,4,37.5,502,0,B
,"2023. 2.26",中山,2中2,1勝,デイジー･1勝,6,6,エミュー,牝,3,菅原明良, 54 ,9,4,１, ,芝1800,良,,(美),和田正一,1503,-0.2,7,7,6,35.2,416,0,
,"2023. 2.26",中山,2中2,1勝,１勝ｸﾗｽ,4,8,アリススプリングス,牝,4,菅原明良, 56 ,16,3,１, ,ダ1200,良,,(美),高橋裕,1121,-0.2,,1,1,37.7,448,-12,
,"2023. 2.26",中山,2中2,1勝,１勝ｸﾗｽ*,4,4,エエヤン,牡,3,Ｍ．デム, 56 ,12,1,１, ,芝1600,良,,(美),伊藤大士,1340,-0.5,2,2,1,34.7,492,-8,
,"2023. 2.26",中山,2中2,1勝,１勝ｸﾗｽ・牝,2,3,イエローウィン,牝,4,Ｍ．デム, 55 ,15,3,１, ,ダ1800,良,,(美),菊川正達,1561,-0.0,12,8,7,39.8,468,-4,B
,"2023. 2.26",中山,2中2,未勝利,未勝利,2,4,マイモーメント,牡,3,田辺裕信, 56 ,18,5,１, ,芝2000,良,,(美),国枝栄,2013,-0.1,1,1,1,36.2,506,-10,
,"2023. 2.26",中山,2中2,未勝利,未勝利,6,11,ナムラテディー,牡,3,津村明秀, 56 ,16,3,１, ,ダ1800,良,,(美),武市康男,1559,-0.0,3,2,2,38.7,466,-2,B
,"2023. 2.26",中山,2中2,未勝利,未勝利,8,15,ダークンストーミー,牡,3,横山武史, 56 ,16,1,１, ,ダ1200,良,,(美),小笠倫弘,1122,-0.6,,2,2,38.0,444,-8,
,"2023. 2.26",中山,2中2,未勝利,未勝利,2,4,フェザーモチーフ,牡,3,横山武史, 56 ,16,1,１, ,ダ1800,良,,(美),武井亮,1559,-0.2,3,2,2,38.9,456,+4,
,"2023. 2.26",中山,2中2,未勝利,未勝利・牝,6,12,デイズオブドリーム,牝,3,横山武史, 54 ,16,1,１, ,ダ1200,良,,(美),加藤征弘,1126,-0.3,,6,6,37.8,414,+2,
,"2023. 2.25",中山,2中1,2勝,２勝ｸﾗｽ・牝,4,6,アイヴォリードレス,牝,4,横山武史, 56 ,14,1,１, ,ダ1200,良,,(美),菊沢隆徳,1118,-0.0,,2,1,37.6,466,-4,
,"2023. 2.25",中山,2中1,3勝,幕張Ｓ･3勝,2,4,ジネストラ,牝,5,三浦皇成, 56 ,16,1,１, ,芝1600,良,,(美),鹿戸雄一,1332,-0.2,2,4,4,35.4,460,-4,
,"2023. 2.25",中山,2中1,2勝,富里特別･2勝,5,5,デコラシオン,牡,4,戸崎圭太, 57 ,10,3,１, ,芝1800,良,*,(美),高木登,1478,-0.0,4,4,3,34.9,516,+6,B
,"2023. 2.25",中山,2中1,1勝,水仙賞･1勝*,7,7,ハウゼ,牡,3,バシュロ, 56 ,8,1,１, ,芝2200,良,,(美),田中博康,2142,-0.1,2,2,1,35.3,506,-4,
,"2023. 2.25",中山,2中1,1勝,１勝ｸﾗｽ,2,4,トップオブジェラス,牡,4,横山武史, 57 ,16,1,１, ,ダ1800,良,,(美),高木登,1541,-0.6,2,2,2,38.4,530,+18,
,"2023. 2.25",中山,2中1,1勝,１勝ｸﾗｽ*,6,7,オメガギネス,牡,3,戸崎圭太, 56 ,12,4,１, ,ダ1800,良,,(美),大和田成,1532,-0.0,7,5,5,37.7,494,0,
,"2023. 2.25",中山,2中1,未勝利,未勝利・牝,8,17,ドゥムーラン,牝,3,横山和生, 54 ,17,6,１, ,芝2000,良,,(美),尾関知人,2034,-0.3,16,16,9,34.2,448,,
,"2023. 2.25",中山,2中1,未勝利,未勝利,4,8,ルージュイストリア,牝,3,大野拓弥, 54 ,16,7,１, ,芝1600,良,,(美),大竹正博,1347,-0.1,2,2,2,36.1,456,+12,
,"2023. 2.25",中山,2中1,未勝利,未勝利,4,7,サウザンサニー,牡,3,菊沢一樹, 56 ,16,5,１, ,ダ1200,良,,(美),岩戸孝樹,1123,-0.3,,2,2,37.7,512,+2,
,"2023. 2.25",中山,2中1,未勝利,未勝利,8,16,ナスノカンゲツ,牡,3,横山武史, 56 ,16,2,１, ,ダ1800,良,,(美),武井亮,1563,-0.4,2,1,1,40.5,506,-8,
,"2023. 2.25",中山,2中1,未勝利,未勝利,3,6,カイザーブリッツ,牡,3,永野猛蔵,55☆,16,4,１, ,ダ1200,良,,(美),伊藤圭三,1118,-0.2,,1,1,37.6,490,+2,
,"2023. 2.25",中山,2中1,未勝利,未勝利・牝,4,7,キープスマイリング,牝,3,横山武史, 54 ,16,1,１, ,ダ1800,良,,(美),武井亮,1558,-0.7,4,4,4,38.8,534,+6,
,"2023. 1.22",中山,1中8,2勝,２勝ｸﾗｽ,1,1,スリートップキズナ,牡,5,永野猛蔵,57☆,9,3,１, ,芝1600,良,,(美),伊藤圭三,1349,-0.0,2,2,1,35.6,466,+2,B
,"2023. 1.22",中山,1中8,Ｇ２,アメリカG2,3,4,ノースブリッジ,牡,5,岩田康誠, 57 ,14,4,１, ,芝2200,良,,(美),奥村武,2135,-0.1,4,4,3,34.8,496,+4,
,"2023. 1.22",中山,1中8,3勝,江戸川Ｓ･3勝,6,11,ジャスパーゴールド,牡,5,横山和生, 58 ,16,9,１, ,ダ1200,良,,(栗),森秀行,1109,-0.4,,2,3,37.0,470,+6,B
,"2023. 1.22",中山,1中8,1勝,若竹賞･1勝*,2,2,パクスオトマニカ,牡,3,横山武史, 56 ,10,4,１, ,芝1800,良,,(美),久保田貴,1481,-0.3,1,1,1,35.5,478,-2,
,"2023. 1.22",中山,1中8,2勝,２勝ｸﾗｽ,4,7,ウラカワノキセキ,牝,4,戸崎圭太, 56 ,16,4,１, ,ダ1200,良,,(美),田島俊明,1109,-0.2,,2,2,36.7,460,+4,
,"2023. 1.22",中山,1中8,1勝,１勝ｸﾗｽ・牝,7,10,クインズミモザ,牝,5,石川裕紀, 56 ,13,1,１, ,ダ1800,良,*,(美),池上昌和,1550,-0.0,12,12,11,36.7,512,-2,
,"2023. 1.22",中山,1中8,新馬,新馬,7,13,ピクシレーション,牝,3,横山武史, 54 ,17,2,１, ,芝2000,良,,(美),菊沢隆徳,2057,-0.3,7,6,6,34.8,468,,
,"2023. 1.22",中山,1中8,未勝利,未勝利,7,12,ペリプルス,牡,3,柴田大知, 56 ,15,9,１, ,芝2200,良,,(美),佐藤吉勝,2162,-0.1,13,10,7,36.0,438,0,
,"2023. 1.22",中山,1中8,1勝,１勝ｸﾗｽ,5,10,カンザシ,牝,4,横山武史, 56 ,16,6,１, ,ダ1200,良,,(美),宮田敬介,1111,-0.0,,2,2,37.4,496,+8,
,"2023. 1.22",中山,1中8,未勝利,未勝利,2,4,ヒューゴ,牡,3,バシュロ, 56 ,16,1,１, ,ダ1800,良,,(美),加藤征弘,1560,-0.3,6,7,9,39.1,466,-2,
,"2023. 1.22",中山,1中8,未勝利,未勝利・牝,7,12,フェブランシェ,牝,3,坂井瑠星, 54 ,15,1,１, ,ダ1800,良,,(美),黒岩陽一,1553,-1.1,2,2,2,38.9,526,+8,
,"2023. 1.22",中山,1中8,未勝利,未勝利,7,14,フェイマスドクター,牡,3,三浦皇成, 56 ,16,1,１, ,ダ1200,良,,(美),中川公成,1126,-0.1,,2,2,38.1,478,-2,
,"2023. 1.21",中山,1中7,1勝,１勝ｸﾗｽ,7,12,ハイエスティーム,牝,4,田辺裕信, 55 ,14,10,１, ,芝2200,稍,,(美),金成貴史,2154,-0.1,3,3,2,36.5,438,-2,
,"2023. 1.21",中山,1中7,3勝,初富士Ｈ･3勝,4,6,スルーセブンシーズ,牝,5,バシュロ, 56 ,14,2,１, ,芝2000,稍,,(美),尾関知人,2010,-0.2,8,8,6,35.1,444,-10,
,"2023. 1.21",中山,1中7,2勝,東雲賞Ｈ･2勝,8,10,ゴーゴーユタカ,牡,4,横山武史, 57 ,10,1,１, ,芝1800,稍,,(美),武井亮,1489,-0.1,1,2,2,35.7,476,-6,
,"2023. 1.21",中山,1中7,2勝,初茜賞･2勝,4,8,キャリックアリード,牝,4,戸崎圭太, 55 ,16,1,１, ,ダ1800,稍,,(美),高橋文雅,1538,-0.4,3,3,3,38.6,454,+8,
,"2023. 1.21",中山,1中7,1勝,１勝ｸﾗｽ,8,12,マイネルサハラ,牡,4,戸崎圭太, 57 ,13,2,１, ,ダ1800,稍,,(美),和田雄二,1548,-0.4,2,2,2,38.6,476,-6,
,"2023. 1.21",中山,1中7,1勝,１勝ｸﾗｽ*,4,5,オメガシンフォニー,牝,3,横山武史, 54 ,13,1,１, ,ダ1200,稍,*,(美),大和田成,1106,-0.7,,2,1,37.2,490,0,
,"2023. 1.21",中山,1中7,新馬,新馬,5,9,メイショウフジ,牡,3,大野拓弥, 56 ,16,9,１, ,ダ1800,稍,*,(美),和田勇介,1585,-0.1,14,11,11,37.8,480,,
,"2023. 1.21",中山,1中7,未勝利,未勝利,2,2,アンバーホーク,牡,3,横山武史, 56 ,13,2,１, ,芝2000,稍,,(美),蛯名正義,2036,-0.4,1,1,1,36.3,530,0,
,"2023. 1.21",中山,1中7,新馬,新馬,4,7,プリンスノット,牡,3,ルメール, 56 ,16,2,１, ,ダ1200,稍,,(栗),奥村豊,1134,-0.4,,2,2,38.6,472,,
,"2023. 1.21",中山,1中7,未勝利,未勝利,2,4,デルマヨリキリ,牡,3,吉田豊, 56 ,16,3,１, ,ダ1800,稍,,(美),田島俊明,1575,-0.0,4,5,4,40.6,462,-2,
,"2023. 1.21",中山,1中7,未勝利,未勝利,2,3,ターンソウル,牡,3,宮崎北斗, 56 ,16,3,１, ,ダ1200,稍,,(美),鈴木慎太,1128,-0.6,,2,1,39.4,488,+10,B
,"2023. 1.21",中山,1中7,未勝利,未勝利・牝,4,8,ベアカワイコチャン,牝,3,松岡正海, 54 ,16,7,１, ,ダ1200,稍,,(美),杉浦宏昭,1126,-0.3,,2,2,39.1,478,0,
,"2023. 1.15",中山,1中6,2勝,２勝ｸﾗｽ,4,4,ビーオンザマーチ,牝,4,津村明秀, 56 ,11,4,１, ,芝1200,良,,(美),林徹,1096,-0.1,,2,2,35.0,476,+16,
,"2023. 1.15",中山,1中6,Ｇ３,京成杯G3,4,4,ソールオリエンス,牡,3,横山武史, 56 ,9,2,１, ,芝2000,良,,(美),手塚貴久,2022,-0.4,5,5,5,34.5,462,+2,
,"2023. 1.15",中山,1中6,ｵｰﾌﾟﾝ,ジャニュ,3,3,アティード,牡,5,田辺裕信, 57 ,11,2,１, ,ダ1200,良,,(美),加藤士津,1100,-0.2,,3,2,36.1,514,+2,
,"2023. 1.15",中山,1中6,3勝,サンライ･3勝,1,1,キミワクイーン,牝,4,横山武史, 56 ,11,1,１, ,芝1200,良,,(美),奥村武,1088,-0.1,,4,4,34.3,444,+18,
,"2023. 1.15",中山,1中6,2勝,２勝ｸﾗｽ,8,15,ロスコフ,牡,5,ルメール, 58 ,16,4,１, ,ダ1800,良,,(美),久保田貴,1535,-0.0,6,4,4,37.7,504,+6,
,"2023. 1.15",中山,1中6,1勝,１勝ｸﾗｽ,4,7,ラズベリームース,牝,4,ルメール, 55 ,16,1,１, ,芝1600,良,,(美),林徹,1351,-0.3,2,1,1,36.3,500,-4,
,"2023. 1.15",中山,1中6,新馬,新馬,5,7,ボールドゾーン,牡,3,北村宏司, 56 ,13,6,１, ,ダ1800,良,,(美),木村哲也,1556,-0.6,7,3,3,38.9,508,,
,"2023. 1.15",中山,1中6,未勝利,未勝利,5,9,エエヤン,牡,3,戸崎圭太, 56 ,16,2,１, ,芝1600,良,,(美),伊藤大士,1355,-0.2,4,3,4,35.7,500,+6,
,"2023. 1.15",中山,1中6,1勝,１勝ｸﾗｽ・牝,6,12,サバンナチャンス,牝,4,横山武史, 56 ,16,1,１, ,ダ1200,良,,(美),竹内正洋,1113,-0.6,,2,2,36.8,468,+2,
,"2023. 1.15",中山,1中6,未勝利,未勝利,3,6,リーゼノアール,牡,3,横山武史, 56 ,16,1,１, ,ダ1800,良,,(美),国枝栄,1562,-0.0,3,3,2,39.4,510,+4,
,"2023. 1.15",中山,1中6,未勝利,未勝利・牝,5,10,マンマリアーレ,牝,3,三浦皇成, 54 ,16,2,１, ,ダ1800,良,,(美),高木登,1563,-0.1,12,2,2,39.2,466,-2,
,"2023. 1.15",中山,1中6,未勝利,未勝利,2,4,ケンキョ,牡,3,丸田恭介, 56 ,16,4,１, ,ダ1200,良,,(美),高橋文雅,1127,-0.0,,11,10,37.0,456,+2,
,"2023. 1.14",中山,1中5,2勝,２勝ｸﾗｽ,4,4,サクセスシュート,牡,4,田辺裕信, 57 ,11,3,１, ,芝2200,稍,,(美),久保田貴,2176,-0.1,9,7,4,34.7,490,0,
,"2023. 1.14",中山,1中5,ｵｰﾌﾟﾝ,カーバンＨ,6,11,ジュビリーヘッド,牡,6,横山和生, 56 ,16,1,１, ,芝1200,稍,,(栗),安田隆行,1090,-0.1,,3,3,34.5,476,+6,B
,"2023. 1.14",中山,1中5,3勝,アレキＨ･3勝,7,10,ロードヴァレンチ,セ,4,永野猛蔵, 56 ,12,1,１, ,ダ1800,良,*,(美),中舘英二,1527,-0.6,1,1,1,37.5,474,+14,
,"2023. 1.14",中山,1中5,1勝,菜の花賞･1勝,5,7,トラベログ,牝,3,北村宏司, 54 ,13,6,１, ,芝1600,良,,(美),岩戸孝樹,1360,-0.2,1,1,1,35.4,464,-8,
,"2023. 1.14",中山,1中5,1勝,１勝ｸﾗｽ,5,8,ラブベティー,牝,4,石川裕紀, 55 ,15,8,１, ,ダ1800,良,,(美),尾形和幸,1554,-0.1,9,12,10,38.0,460,0,
,"2023. 1.14",中山,1中5,1勝,１勝ｸﾗｽ,4,8,アジアノジュンシン,牝,5,Ｍ．デム, 56 ,16,1,１, ,ダ1200,良,,(美),奥村武,1118,-0.4,,1,1,37.2,476,+4,
,"2023. 1.14",中山,1中5,未勝利,未勝利,5,10,ルーチェロッサ,牝,3,横山琉人,52△,17,6,１, ,芝2000,良,,(美),相沢郁,2030,-0.0,4,4,4,36.6,454,-10,
,"2023. 1.14",中山,1中5,新馬,新馬,7,14,ポルカリズム,牝,3,津村明秀, 54 ,16,1,１, ,芝1600,良,,(栗),中内田充,1368,-0.0,7,6,4,35.1,474,,
,"2023. 1.14",中山,1中5,新馬,新馬・牝,7,14,エントラップメント,牝,3,津村明秀, 54 ,16,1,１, ,ダ1800,良,,(栗),清水久詞,1579,-0.0,3,5,3,38.8,442,,
,"2023. 1.14",中山,1中5,未勝利,未勝利,8,16,タリエシン,牡,3,Ｍ．デム, 56 ,16,1,１, ,ダ1200,良,,(美),金成貴史,1125,-0.2,,3,3,36.9,436,0,
,"2023. 1.14",中山,1中5,未勝利,未勝利,7,13,ホウオウカブキ,牡,3,バシュロ, 56 ,16,2,１, ,ダ1800,良,,(美),田中博康,1547,-0.1,2,2,2,38.8,474,-2,B
,"2023. 1.14",中山,1中5,未勝利,未勝利・牝,5,9,シュヴァルツリーベ,牝,3,津村明秀, 54 ,16,1,１, ,ダ1200,良,,(美),林徹,1120,-0.8,,2,2,37.3,440,-4,
,"2023. 1. 9",中山,1中4,1勝,１勝ｸﾗｽ,8,17,レイトカンセイオー,牡,4,横山武史, 57 ,17,4,１, ,芝2000,良,,(美),和田勇介,2010,-0.1,4,4,5,34.6,480,+10,
,"2023. 1. 9",中山,1中4,Ｇ３,フェアリG3,7,14,キタウイング,牝,3,杉原誠人, 55 ,16,11,１, ,芝1600,良,,(美),小島茂之,1343,-0.0,15,15,9,34.9,432,0,
,"2023. 1. 9",中山,1中4,3勝,迎春Ｓ･3勝,8,11,グランオフィシエ,牡,5,戸崎圭太, 58 ,12,5,１, ,芝2200,良,,(美),久保田貴,2148,-0.0,5,8,7,34.5,464,-2,
,"2023. 1. 9",中山,1中4,2勝,成田特別･2勝,2,4,フジマサインパクト,牡,5,田中勝春, 58 ,16,3,１, ,ダ2400,良,,(美),菊川正達,2347,-0.4,5,3,3,38.1,438,+2,B
,"2023. 1. 9",中山,1中4,2勝,２勝ｸﾗｽ,4,6,キタノブレイド,牡,4,菅原明良, 58 ,15,4,１, ,ダ1200,良,,(美),萱野浩二,1114,-0.1,,12,10,36.1,460,-2,
,"2023. 1. 9",中山,1中4,1勝,１勝ｸﾗｽ,3,5,デルマタモン,牡,5,北村宏司, 58 ,16,7,１, ,ダ1800,良,,(美),勢司和浩,1546,-0.1,9,6,4,38.8,514,+10,
,"2023. 1. 9",中山,1中4,新馬,新馬,8,10,カムランベイ,牡,3,田辺裕信, 56 ,11,1,１, ,ダ1800,良,,(美),岩戸孝樹,1560,-0.1,3,3,2,39.1,512,,
,"2023. 1. 9",中山,1中4,未勝利,未勝利・牝,1,2,エッセレンチ,牝,3,杉原誠人, 54 ,16,6,１, ,芝1600,良,,(美),蛯名正義,1349,-0.2,2,2,2,35.5,422,+4,
,"2023. 1. 9",中山,1中4,新馬,新馬・牝,2,3,クリニクラウン,牝,3,原優介,52△,16,4,１, ,ダ1200,良,,(美),小手川準,1138,-0.0,,12,9,37.0,476,,
,"2023. 1. 9",中山,1中4,未勝利,未勝利,7,14,ポンサン,牡,3,横山和生, 56 ,16,15,１, ,ダ1800,良,,(美),小西一男,1560,-0.1,16,16,11,38.9,476,-6,
,"2023. 1. 9",中山,1中4,未勝利,未勝利,6,12,トゥービートライン,牡,3,田辺裕信, 56 ,16,3,１, ,ダ1800,良,,(美),尾形和幸,1564,-0.1,1,1,1,38.7,472,+2,
,"2023. 1. 9",中山,1中4,未勝利,未勝利,5,8,クインズベル,牝,3,大野拓弥, 54 ,15,7,１, ,ダ1200,良,,(美),和田正一,1127,-0.7,,1,1,38.1,456,0,
,"2023. 1. 8",中山,1中3,2勝,２勝ｸﾗｽ,2,4,アバンチュリエ,牡,4,大野拓弥, 57 ,16,3,１, ,芝1600,良,,(美),大竹正博,1339,-0.1,8,6,5,35.7,478,+6,
,"2023. 1. 8",中山,1中3,ｵｰﾌﾟﾝ,ポルック,6,9,ニューモニュメント,牡,7,小崎綾也, 58 ,14,2,１, ,ダ1800,良,,(栗),小崎憲,1519,-0.0,10,8,10,36.6,492,-4,
,"2023. 1. 8",中山,1中3,3勝,若潮ＳＨ･3勝,7,10,ゾンニッヒ,牡,5,菅原明良, 57 ,12,1,１, ,芝1600,良,,(栗),池江泰寿,1327,-0.0,6,6,5,33.8,476,+16,
,"2023. 1. 8",中山,1中3,1勝,朱竹賞･1勝*,1,1,ニジュウダンサー,牝,3,横山武史, 54 ,12,6,１, ,芝1200,良,,(美),尾関知人,1088,-0.2,,3,2,34.3,464,+4,
,"2023. 1. 8",中山,1中3,1勝,１勝ｸﾗｽ,2,3,ダルダヌス,牡,4,戸崎圭太, 58 ,16,2,１, ,ダ1200,良,,(美),尾関知人,1117,-0.1,,6,5,37.1,548,-2,
,"2023. 1. 8",中山,1中3,1勝,１勝ｸﾗｽ・牝,3,6,バーリンギャップ,牝,4,横山武史, 55 ,16,2,１, ,ダ1800,良,,(美),萩原清,1544,-0.5,2,1,1,38.4,502,+6,
,"2023. 1. 8",中山,1中3,新馬,新馬,6,11,オルソビアンコ,牝,3,田辺裕信, 54 ,17,10,１, ,芝2000,良,,(美),田村康仁,2031,-0.0,9,7,6,35.2,384,,
,"2023. 1. 8",中山,1中3,未勝利,未勝利,1,1,ロゼル,牡,3,横山武史, 56 ,17,2,１, ,芝2200,良,,(美),大和田成,2153,-0.0,9,7,5,35.7,460,+10,
,"2023. 1. 8",中山,1中3,未勝利,障害未勝利,6,9,スマートキャノン,牡,4,小牧加矢,57▲,14,1,１, ,ダ2880,良,,(栗),音無秀孝,3154,-0.1,5,2,3,13.6,472,+6,
,"2023. 1. 8",中山,1中3,未勝利,未勝利,7,13,ジャクソン,牡,3,木幡初也, 56 ,16,8,１, ,ダ1800,良,,(美),武市康男,1568,-0.0,10,7,5,39.9,492,+6,
,"2023. 1. 8",中山,1中3,未勝利,未勝利・牝,1,1,ドレミファニー,牝,3,三浦皇成, 54 ,16,4,１, ,ダ1800,良,,(美),西田雄一,1558,-0.6,1,1,1,38.3,476,-2,
,"2023. 1. 8",中山,1中3,未勝利,未勝利,4,8,フェイマスアレグロ,牝,3,津村明秀, 54 ,16,10,１, ,ダ1200,良,,(美),深山雅史,1129,-0.2,,4,3,38.6,402,+10,
,"2023. 1. 7",中山,1中2,2勝,２勝ｸﾗｽ・牝,8,10,トーセンメラニー,牝,5,原優介,54△,11,7,１, ,芝1800,良,,(美),小桧山悟,1472,-0.2,11,11,11,34.5,506,-2,
,"2023. 1. 7",中山,1中2,OP(L),ニューイ(L),1,1,ウイングレイテスト,牡,6,松岡正海, 57 ,13,2,１, ,芝1600,良,,(美),畠山吉宏,1332,-0.0,1,1,1,34.3,512,+2,
,"2023. 1. 7",中山,1中2,3勝,初春Ｓ･3勝,7,12,テイエムトッキュウ,牡,5,津村明秀, 58 ,15,9,１, ,ダ1200,良,*,(栗),木原一良,1104,-0.4,,1,1,37.2,508,+4,
,"2023. 1. 7",中山,1中2,1勝,黒竹賞･1勝*,6,12,ミトノオー,牡,3,木幡巧也, 56 ,16,1,１, ,ダ1800,良,,(美),牧光二,1533,-0.6,1,1,1,39.5,498,+2,
,"2023. 1. 7",中山,1中2,ｵｰﾌﾟﾝ,中山新春,8,11,ダイシンクローバー,セ,7,森一馬, 61 ,11,2,１, ,ダ3200,良,,(栗),安田隆行,3384,-0.1,5,2,2,13.7,486,-4,
,"2023. 1. 7",中山,1中2,1勝,１勝ｸﾗｽ,6,12,カイタロー,牡,4,田辺裕信, 58 ,16,4,１, ,ダ1200,良,,(美),和田雄二,1115,-0.2,,2,2,37.8,478,+16,
,"2023. 1. 7",中山,1中2,未勝利,未勝利,1,2,モルトヴェローチェ,牡,3,大野拓弥, 56 ,17,2,１, ,芝2000,良,,(美),大竹正博,2012,-0.4,8,7,6,35.3,452,-6,
,"2023. 1. 7",中山,1中2,新馬,新馬,2,3,シルバージュエリー,牝,3,杉原誠人, 54 ,16,4,１, ,芝1600,良,,(美),加藤士津,1355,-0.5,2,1,1,35.6,452,,
,"2023. 1. 7",中山,1中2,1勝,１勝ｸﾗｽ,7,9,スリーエクスプレス,牡,4,永野猛蔵,56☆,11,1,１, ,ダ2400,良,,(美),伊藤圭三,2369,-0.4,7,1,1,40.1,492,+6,B
,"2023. 1. 7",中山,1中2,新馬,新馬,2,4,ハードワイヤード,牡,3,ムルザバ, 56 ,16,2,１, ,ダ1200,良,,(美),加藤征弘,1128,-0.3,,1,1,38.0,510,,
,"2023. 1. 7",中山,1中2,未勝利,未勝利・牝,2,4,エスシービビ,牝,3,横山武史, 54 ,16,4,１, ,ダ1800,良,,(美),加藤士津,1563,-0.5,1,1,1,39.6,458,-14,
,"2023. 1. 7",中山,1中2,未勝利,未勝利,3,6,リネンマリン,牝,3,内田博幸, 54 ,16,1,１, ,ダ1200,良,,(美),深山雅史,1124,-0.4,,2,2,38.1,488,+8,
,"2023. 1. 5",中山,1中1,2勝,２勝ｸﾗｽ,1,1,ローシャムパーク,牡,4,戸崎圭太, 57 ,14,1,１, ,芝2000,良,,(美),田中博康,2002,-0.2,6,4,4,34.8,502,+8,
,"2023. 1. 5",中山,1中1,Ｇ３,中山金杯ＨG3,2,3,ラーグルフ,牡,4,戸崎圭太, 56 ,17,1,１, ,芝2000,良,*,(美),宗像義忠,2002,-0.0,7,5,5,35.4,500,+8,
,"2023. 1. 5",中山,1中1,OP(L),ジュニア(L),8,13,クルゼイロドスル,牡,3,Ｍ．デム, 56 ,13,2,１, ,芝1600,良,,(栗),高橋義忠,1337,-0.7,1,1,1,35.6,474,+6,
,"2023. 1. 5",中山,1中1,3勝,招福Ｓ･3勝,7,9,ウィルソンテソーロ,牡,4,戸崎圭太, 57 ,12,1,１, ,ダ1800,良,,(美),田中博康,1523,-0.3,3,3,2,37.4,494,+8,
,"2023. 1. 5",中山,1中1,2勝,２勝ｸﾗｽ,6,11,スズカコテキタイ,牡,4,バシュロ, 58 ,15,1,１, ,ダ1200,良,,(美),奥村武,1111,-0.2,,8,6,36.7,502,+2,B
,"2023. 1. 5",中山,1中1,2勝,２勝ｸﾗｽ,6,11,ブルーカルセドニー,牝,5,Ｍ．デム, 56 ,16,8,１, ,ダ1800,良,,(美),小野次郎,1545,-0.0,9,9,11,39.0,452,+10,B
,"2023. 1. 5",中山,1中1,1勝,１勝ｸﾗｽ*,5,5,アヴニールドブリエ,牡,3,バシュロ, 56 ,10,2,１, ,芝2000,良,,(美),宮田敬介,2008,-0.2,8,4,2,35.8,510,+2,
,"2023. 1. 5",中山,1中1,未勝利,未勝利,1,1,メタルスピード,牡,3,戸崎圭太, 56 ,16,4,１, ,芝1600,良,,(美),斎藤誠,1341,-0.0,6,5,3,35.3,510,+4,B
,"2023. 1. 5",中山,1中1,1勝,１勝ｸﾗｽ,4,7,サトノアレックス,セ,6,菊沢一樹, 58 ,16,7,１, ,ダ1800,良,,(美),古賀慎明,1553,-0.6,13,10,8,39.0,500,+4,B
,"2023. 1. 5",中山,1中1,新馬,新馬,8,16,フェブルウス,牡,3,木幡巧也, 56 ,16,7,１, ,ダ1800,良,,(美),上原博之,1571,-0.4,5,5,5,40.4,464,,
,"2023. 1. 5",中山,1中1,未勝利,未勝利,4,8,プレミアペガサス,牡,3,バシュロ, 56 ,16,5,１, ,ダ1800,良,,(美),田中博康,1553,-0.2,3,3,5,38.3,510,-2,B
,"2023. 1. 5",中山,1中1,未勝利,未勝利,7,14,シュバルツガイスト,牡,3,武豊, 56 ,16,1,１, ,ダ1200,良,,(美),国枝栄,1126,-0.3,,5,5,38.1,486,-4,
,2022.12.28,中山,5中9,3勝,カウント･3勝,3,6,インダストリア,牡,3,戸崎圭太, 56 ,16,1,１, ,芝1600,良,,(美),宮田敬介,1347,-0.1,9,10,10,34.8,504,+14,
,2022.12.28,中山,5中9,Ｇ１,ホープフG1,6,11,ドゥラエレーデ,牡,2,ムルザバ, 55 ,18,14,１, ,芝2000,良,,(栗),池添学,2015,-0.0,2,2,2,35.0,508,+4,
,2022.12.28,中山,5中9,2勝,ベストウ･2勝,8,16,ホワイトガーベラ,牡,3,石橋脩, 56 ,16,2,１, ,ダ1200,良,,(美),高橋裕,1113,-0.1,,3,3,36.6,502,+2,
,2022.12.28,中山,5中9,2勝,立志賞･2勝,7,13,レッドラパルマ,牡,3,Ｍ．デム, 56 ,16,3,１, ,ダ1800,良,,(美),加藤征弘,1535,-0.1,3,2,2,37.7,486,+10,
,2022.12.28,中山,5中9,1勝,１勝ｸﾗｽ,6,11,ドリームビリーバー,牡,3,ルメール, 56 ,16,1,１, ,ダ1200,良,,(美),戸田博文,1109,-0.3,,2,2,36.8,466,+6,
,2022.12.28,中山,5中9,1勝,１勝ｸﾗｽ,6,11,デコラシオン,牡,3,坂井瑠星, 56 ,18,4,１, ,芝2000,良,,(美),高木登,2008,-0.0,9,9,10,36.2,510,+2,B
,2022.12.28,中山,5中9,新馬,新馬,1,2,ラヴェリテ,牝,2,浜中俊, 54 ,16,4,１, ,ダ1200,良,,(栗),武幸四郎,1133,-0.6,,1,1,38.5,468,,
,2022.12.28,中山,5中9,新馬,新馬,3,5,オールザタイム,牝,2,戸崎圭太, 54 ,16,1,１, ,芝2000,良,,(美),国枝栄,2038,-0.5,1,1,1,36.0,508,,
,2022.12.28,中山,5中9,未勝利,未勝利*,4,7,フラミニア,牝,2,Ｃ．デム, 54 ,16,6,１, ,芝1800,良,,(美),国枝栄,1495,-0.1,10,8,8,35.8,468,+10,
,2022.12.28,中山,5中9,未勝利,未勝利*,1,1,ポリーフォリア,牝,2,横山武史, 54 ,16,3,１, ,芝1600,良,,(美),鈴木伸尋,1360,-0.2,1,1,1,35.4,482,-6,
,2022.12.28,中山,5中9,未勝利,未勝利*,2,4,エッグスラット,牡,2,福永祐一, 55 ,16,4,１, ,ダ1800,良,,(美),矢野英一,1562,-0.0,2,2,2,39.6,500,+8,
,2022.12.28,中山,5中9,未勝利,未勝利*,4,8,ヨロ,牡,2,杉原誠人, 55 ,16,4,１, ,ダ1200,良,,(美),大和田成,1126,-0.0,,6,6,38.1,500,+6,
,2022.12.25,中山,5中8,2勝,キャンド･2勝,4,7,ホウオウノーサイド,牡,3,田辺裕信, 56 ,16,3,１, ,芝1200,良,,(美),斎藤誠,1088,-0.1,,14,12,33.8,474,+2,
,2022.12.25,中山,5中8,Ｇ１,有馬記念G1,5,9,イクイノックス,牡,3,ルメール, 55 ,16,1,１, ,芝2500,良,,(美),木村哲也,2324,-0.4,9,6,3,35.4,492,+4,
,2022.12.25,中山,5中8,3勝,フェアウ･3勝,7,13,チェイスザドリーム,牝,3,横山武史, 54 ,16,2,１, ,ダ1200,稍,,(栗),矢作芳人,1102,-0.2,,2,2,37.0,472,-8,
,2022.12.25,中山,5中8,2勝,グッドＨ･2勝,6,12,アケルナルスター,牡,3,横山和生, 54 ,16,7,１, ,芝2500,良,,(美),清水英克,2347,-0.1,14,13,11,36.0,470,+6,
,2022.12.25,中山,5中8,2勝,冬至特別･2勝,7,14,マイステージ,牝,4,小林凌大, 55 ,16,3,１, ,ダ1200,稍,,(美),伊藤伸一,1110,-0.1,,8,8,37.0,444,-4,
,2022.12.25,中山,5中8,1勝,１勝ｸﾗｽ,8,15,トロワシャルム,セ,5,西塚洸二,54▲,16,12,１, ,ダ1800,稍,,(美),鹿戸雄一,1551,-0.1,2,2,2,39.6,474,+20,
,2022.12.25,中山,5中8,新馬,新馬,5,10,ペリファーニア,牝,2,横山武史, 54 ,16,1,１, ,芝1600,良,*,(美),鹿戸雄一,1360,-0.3,6,5,3,35.0,496,,
,2022.12.25,中山,5中8,新馬,新馬,5,9,トウカイラメール,牡,2,Ｍ．デム, 55 ,16,4,１, ,ダ1200,稍,,(美),菊川正達,1134,-0.4,,3,3,38.3,478,,
,2022.12.25,中山,5中8,未勝利,未勝利*,5,9,ダニーデン,牡,2,マーカン, 55 ,18,2,１, ,芝2000,良,,(美),辻哲英,2026,-0.4,3,3,2,36.3,512,+2,
,2022.12.25,中山,5中8,未勝利,未勝利*,1,2,スズハローム,牡,2,戸崎圭太, 55 ,16,2,１, ,芝1600,良,,(美),高橋裕,1348,-0.8,16,7,2,35.1,456,+4,
,2022.12.25,中山,5中8,未勝利,未勝利*,6,11,タマモロック,牡,2,横山武史, 55 ,16,2,１, ,ダ1800,稍,,(美),伊藤圭三,1541,-0.1,1,1,1,38.6,486,-4,B
,2022.12.25,中山,5中8,未勝利,未勝利*,1,2,マジックタッチ,牡,2,田辺裕信, 55 ,16,2,１, ,ダ1200,稍,,(美),加藤士津,1130,-0.2,,1,1,38.6,534,+2,
,2022.12.24,中山,5中7,2勝,クリスマ･2勝,3,3,フィールシンパシー,牝,3,横山琉人, 54 ,14,6,１, ,芝1600,良,*,(美),小島茂之,1352,-0.2,2,2,2,34.6,444,+8,
,2022.12.24,中山,5中7,3勝,グレイＨ･3勝,7,13,シルブロン,牡,4,ルメール, 55 ,16,4,１, ,芝2500,良,,(美),稲垣幸雄,2338,-0.1,11,10,7,35.7,500,+8,
,2022.12.24,中山,5中7,ＪＧ１,中山大障JG1,7,9,ニシノデイジー,牡,6,五十嵐雄, 63 ,11,5,１, ,芝4100,良,,(美),高木登,4459,-0.5,2,1,1,13.9,504,+2,
,2022.12.24,中山,5中7,1勝,ノエル賞･1勝,4,7,ディオスバリエンテ,セ,4,大野拓弥, 57 ,16,2,１, ,芝1600,良,,(美),堀宣行,1345,-0.2,2,4,3,34.9,476,0,
,2022.12.24,中山,5中7,1勝,１勝ｸﾗｽ,2,4,アポロプラネット,牡,3,永野猛蔵,55☆,16,2,１, ,ダ1200,稍,,(美),伊藤圭三,1117,-0.1,,11,12,37.0,506,+6,
,2022.12.24,中山,5中7,1勝,１勝ｸﾗｽ*,4,7,マニバドラ,牡,2,戸崎圭太, 55 ,16,2,１, ,ダ1200,稍,,(栗),森秀行,1111,-0.2,,1,1,37.3,510,+4,
,2022.12.24,中山,5中7,新馬,新馬,1,1,オメガギネス,牡,2,戸崎圭太, 55 ,16,3,１, ,ダ1800,稍,,(美),大和田成,1568,-0.5,4,3,4,39.6,494,,
,2022.12.24,中山,5中7,新馬,新馬,5,9,オックスリップ,牝,2,戸崎圭太, 54 ,16,3,１, ,芝1800,稍,,(栗),杉山晴紀,1532,-0.1,3,3,3,35.9,458,,
,2022.12.24,中山,5中7,未勝利,未勝利*,5,9,クロックフォード,牡,2,ルメール, 55 ,16,1,１, ,ダ1800,稍,,(美),高木登,1541,-0.8,3,3,3,40.1,504,+20,
,2022.12.24,中山,5中7,未勝利,未勝利*,3,5,マーレアペルト,牝,2,田辺裕信, 54 ,16,2,１, ,芝1200,稍,,(美),菊川正達,1098,-0.2,,5,4,35.5,416,0,
,2022.12.24,中山,5中7,未勝利,未勝利・牝*,8,16,グレノークス,牝,2,丸山元気, 54 ,16,2,１, ,ダ1800,稍,,(美),宮田敬介,1567,-0.5,8,7,5,38.7,490,+4,
,2022.12.24,中山,5中7,未勝利,未勝利*,1,1,サイモンギフト,牡,2,戸崎圭太, 55 ,16,1,１, ,ダ1200,稍,,(美),勢司和浩,1120,-0.0,,1,1,37.4,496,-4,
,2022.12.18,中山,5中6,1勝,１勝ｸﾗｽ,3,3,ブローザホーン,牡,3,戸崎圭太, 55 ,12,1,１, ,芝2500,稍,,(美),中野栄治,2386,-0.3,2,2,2,35.3,428,+2,
,2022.12.18,中山,5中6,OP(L),ディセン(L),1,2,ショウナンマグマ,牡,3,Ｍ．デム, 55 ,16,2,１, ,芝1800,稍,,(美),尾関知人,1484,-0.1,2,2,2,36.8,520,+16,
,2022.12.18,中山,5中6,3勝,北総Ｓ･3勝,4,5,ヴァルツァーシャル,牡,3,三浦皇成, 56 ,13,1,１, ,ダ1800,稍,,(美),高木登,1527,-0.7,2,2,2,37.2,486,0,
,2022.12.18,中山,5中6,2勝,舞浜特別･2勝,1,2,ナックドロップス,牝,3,勝浦正樹, 54 ,16,12,１, ,ダ1200,稍,,(美),杉浦宏昭,1109,-0.1,,1,1,38.1,456,0,
,2022.12.18,中山,5中6,1勝,１勝ｸﾗｽ,2,2,サクセスエース,牡,4,戸崎圭太, 57 ,15,5,１, ,ダ1800,稍,,(美),竹内正洋,1537,-0.2,3,2,2,38.7,492,0,B
,2022.12.18,中山,5中6,未勝利,未勝利*,3,6,ステラバルセロナ,牝,2,木幡巧也, 54 ,16,6,１, ,芝1600,稍,,(美),菊川正達,1360,-0.0,11,11,8,36.2,418,-6,
,2022.12.18,中山,5中6,新馬,新馬,8,15,レヴィナス,牝,2,勝浦正樹, 54 ,16,10,１, ,ダ1200,稍,,(美),鈴木慎太,1130,-0.8,,8,6,37.6,450,,
,2022.12.18,中山,5中6,新馬,新馬,2,4,トゥルース,牡,2,マーカン, 55 ,16,5,１, ,芝1600,稍,,(美),斎藤誠,1398,-0.0,2,2,2,34.7,486,,
,2022.12.18,中山,5中6,未勝利,障害未勝利,5,6,タンジェントアーク,牡,4,大江原圭, 60 ,12,4,１, ,ダ2880,稍,,(美),田村康仁,3173,-0.1,6,3,3,13.7,454,+8,B
,2022.12.18,中山,5中6,未勝利,未勝利・牝*,1,2,ルージュクレセント,牝,2,石川裕紀, 54 ,16,3,１, ,芝1800,稍,*,(美),国枝栄,1506,-0.0,13,14,11,34.7,446,-4,
,2022.12.18,中山,5中6,未勝利,未勝利*,3,5,シェットランド,牡,2,田辺裕信, 55 ,16,2,１, ,ダ1800,稍,,(美),久保田貴,1554,-0.1,3,2,2,39.8,542,-2,
,2022.12.18,中山,5中6,未勝利,未勝利・牝*,2,4,グッドロマンス,牝,2,津村明秀, 54 ,16,8,１, ,ダ1200,稍,,(美),稲垣幸雄,1120,-0.1,,3,3,37.2,462,-8,
,2022.12.17,中山,5中5,2勝,２勝ｸﾗｽ,6,10,グランディア,セ,3,イーガン, 56 ,15,7,１, ,芝1800,良,,(栗),中内田充,1479,-0.0,10,10,9,34.4,474,0,
,2022.12.17,中山,5中5,Ｇ３,ターコイＨG3,7,13,ミスニューヨーク,牝,5,Ｍ．デム, 55 ,16,2,１, ,芝1600,良,,(栗),杉山晴紀,1335,-0.0,9,9,8,34.1,472,+4,
,2022.12.17,中山,5中5,2勝,香取特別･2勝,8,16,メイプルリッジ,牡,3,松山弘平, 55 ,16,1,１, ,ダ2400,良,*,(美),堀宣行,2338,-0.9,5,4,2,38.0,476,+2,
,2022.12.17,中山,5中5,1勝,ひいらぎ･1勝,6,8,ジョウショーホープ,牡,2,坂井瑠星, 55 ,13,3,１, ,芝1600,良,,(栗),新谷功一,1347,-0.1,4,4,3,34.6,460,+4,
,2022.12.17,中山,5中5,1勝,１勝ｸﾗｽ,5,9,スズカコテキタイ,牡,3,マーカン, 56 ,16,1,１, ,ダ1200,良,,(美),奥村武,1111,-0.3,,2,2,36.3,500,+6,B
,2022.12.17,中山,5中5,未勝利,未勝利*,6,11,グランベルナデット,牝,2,松山弘平, 54 ,18,3,１, ,芝2000,良,*,(美),大竹正博,2011,-0.5,3,3,1,36.7,508,+16,
,2022.12.17,中山,5中5,新馬,新馬・牝,6,10,アフトクラーティラ,牝,2,横山和生, 54 ,15,2,１, ,ダ1800,良,,(美),菊沢隆徳,1562,-0.3,1,1,1,39.4,470,,
,2022.12.17,中山,5中5,新馬,新馬,8,16,セリオーソ,牝,2,三浦皇成, 54 ,17,5,１, ,芝2000,良,,(美),高柳瑞樹,2037,-0.5,10,8,7,35.4,434,,
,2022.12.17,中山,5中5,未勝利,未勝利*,4,8,フリッパー,牡,2,ルメール, 55 ,16,1,１, ,ダ1800,良,,(美),戸田博文,1545,-0.2,2,2,2,39.2,498,+2,
,2022.12.17,中山,5中5,未勝利,未勝利*,7,14,ホロニックパス,牡,2,横山武史, 55 ,16,1,１, ,ダ1200,良,,(美),菊沢隆徳,1115,-1.9,,1,1,37.0,492,0,
,2022.12.17,中山,5中5,未勝利,未勝利・牝*,6,11,フラッパールック,牝,2,ルメール, 54 ,16,2,１, ,ダ1800,良,,(美),林徹,1541,-0.2,2,2,2,38.0,454,+2,
,2022.12.17,中山,5中5,未勝利,未勝利*,6,11,アンビバレント,牡,2,松山弘平, 55 ,16,3,１, ,ダ1200,良,,(美),青木孝文,1122,-0.0,,1,1,37.9,458,+2,
,2022.12.11,中山,5中4,2勝,２勝ｸﾗｽ,5,8,サーマルウインド,牝,3,北村宏司, 54 ,15,2,１, ,芝1600,良,,(美),奥村武,1340,-0.0,3,3,2,34.8,514,-4,
,2022.12.11,中山,5中4,Ｇ３,カペラＳG3,3,6,リメイク,牡,3,福永祐一, 55 ,16,2,１, ,ダ1200,良,,(栗),新谷功一,1089,-0.7,,11,10,35.1,486,+12,
,2022.12.11,中山,5中4,3勝,常総Ｓ･3勝,8,15,レッドランメルト,牡,3,北村宏司, 56 ,16,3,１, ,芝1800,良,,(美),国枝栄,1485,-0.0,3,3,2,34.9,510,+8,
,2022.12.11,中山,5中4,2勝,チバテレ･2勝,6,11,ベストリーガード,牡,3,津村明秀, 56 ,16,2,１, ,ダ1800,良,,(美),牧光二,1532,-1.0,1,1,1,37.6,478,+2,
,2022.12.11,中山,5中4,1勝,１勝ｸﾗｽ,6,7,トクシースタローン,牡,3,木幡巧也, 55 ,11,2,１, ,ダ2500,良,,(美),辻哲英,2405,-1.6,3,2,2,38.7,486,-4,
,2022.12.11,中山,5中4,1勝,１勝ｸﾗｽ*,7,12,モンドプリューム,牡,2,三浦皇成, 55 ,15,1,１, ,ダ1800,良,,(美),水野貴広,1546,-0.2,2,2,2,38.7,486,+2,
,2022.12.11,中山,5中4,未勝利,未勝利*,8,14,ハウゼ,牡,2,岩田康誠, 55 ,15,5,１, ,芝2000,良,,(美),田中博康,2022,-0.5,2,2,1,35.5,498,+2,
,2022.12.11,中山,5中4,新馬,新馬,2,4,ラテラルシンキング,牡,2,永野猛蔵,54☆,16,7,１, ,芝1800,良,,(美),黒岩陽一,1511,-0.2,1,1,1,35.6,428,,
,2022.12.11,中山,5中4,未勝利,障害未勝利,7,11,オメガエリタージュ,セ,5,森一馬, 60 ,13,3,１, ,ダ2880,良,,(栗),辻野泰之,3147,-0.7,3,3,2,13.5,438,-2,
,2022.12.11,中山,5中4,未勝利,未勝利*,4,6,オソルノ,牡,2,内田博幸, 55 ,15,3,１, ,ダ1800,良,,(美),萩原清,1552,-0.6,8,7,6,38.3,514,-12,
,2022.12.11,中山,5中4,未勝利,未勝利*,3,6,ワックスフラワー,牝,2,黛弘人, 54 ,16,4,１, ,芝1200,良,,(美),深山雅史,1090,-0.7,,3,3,35.6,432,0,
,2022.12.11,中山,5中4,未勝利,未勝利*,3,6,サルモン,牡,2,戸崎圭太, 55 ,16,1,１, ,ダ1200,良,,(美),加藤士津,1121,-0.3,,1,1,37.9,514,0,
,2022.12.10,中山,5中3,2勝,２勝ｸﾗｽ・牝,4,8,ブルームスベリー,牝,5,戸崎圭太, 55 ,18,5,１, ,芝2000,良,,(美),嘉藤貴行,2000,-0.2,6,4,3,35.7,464,0,B
,2022.12.10,中山,5中3,OP(L),師走ＳＨ(L),5,10,キタノヴィジョン,牡,5,三浦皇成, 54 ,16,7,１, ,ダ1800,良,,(美),萱野浩二,1519,-0.0,16,16,13,36.6,496,-4,
,2022.12.10,中山,5中3,3勝,アクアＨ･3勝,5,9,カイアワセ,牝,5,丸山元気, 53 ,16,11,１, ,ダ1200,良,,(美),鈴木慎太,1105,-0.1,,11,10,35.7,458,0,
,2022.12.10,中山,5中3,1勝,黒松賞･1勝*,4,4,ブーケファロス,牡,2,菅原明良, 55 ,11,3,１, ,芝1200,良,,(美),清水英克,1082,-0.2,,7,7,33.9,444,+4,
,2022.12.10,中山,5中3,1勝,１勝ｸﾗｽ,1,1,プリンスミノル,牡,3,田辺裕信, 56 ,13,3,１, ,ダ1800,良,,(美),中舘英二,1541,-0.1,6,7,6,38.0,460,+2,
,2022.12.10,中山,5中3,1勝,１勝ｸﾗｽ,3,5,ソバナ,牝,3,横山和生, 54 ,16,11,１, ,芝1800,良,*,(美),斎藤誠,1471,-0.0,5,3,5,35.5,446,+6,
,2022.12.10,中山,5中3,新馬,新馬,6,12,ショウナンライシン,牡,2,菅原明良, 55 ,16,3,１, ,ダ1800,稍,,(美),大竹正博,1561,-0.2,1,1,1,38.4,486,,
,2022.12.10,中山,5中3,新馬,新馬,2,4,ホウオウビスケッツ,牡,2,横山和生, 55 ,16,4,１, ,芝1600,良,,(美),奥村武,1349,-0.1,1,1,1,35.3,488,,
,2022.12.10,中山,5中3,未勝利,未勝利*,1,2,レーベンスティール,牡,2,マーカン, 55 ,16,1,１, ,芝1800,良,,(美),田中博康,1484,-0.6,3,3,2,35.6,478,-2,
,2022.12.10,中山,5中3,未勝利,未勝利*,7,13,キーチキング,牡,2,横山武史, 55 ,16,1,１, ,ダ1200,稍,,(美),小手川準,1122,-0.1,,6,6,37.7,450,+12,
,2022.12.10,中山,5中3,未勝利,未勝利*,4,6,ベルウッドグラス,牡,2,石橋脩, 55 ,15,5,１, ,ダ1800,稍,,(美),牧光二,1545,-0.4,1,1,1,38.3,476,+8,
,2022.12.10,中山,5中3,未勝利,未勝利・牝*,1,1,カマラードマリー,牝,2,小林脩斗,52△,16,5,１, ,ダ1200,稍,,(美),小笠倫弘,1123,-0.0,,1,1,38.2,454,-2,
,"2022.12. 4",中山,5中2,2勝,２勝ｸﾗｽ,2,2,サザンナイツ,セ,4,津村明秀, 57 ,10,5,１, ,芝2500,良,,(美),林徹,2339,-0.4,1,1,1,35.0,448,+4,
,"2022.12. 4",中山,5中2,OP(L),ラピスラ(L),8,15,ジャスパージャック,牡,6,北村宏司, 56 ,16,7,１, ,芝1200,良,*,(栗),森秀行,1081,-0.1,,1,1,34.4,546,+4,B
,"2022.12. 4",中山,5中2,3勝,市川ＳＨ･3勝,6,12,ピュアジャッジ,セ,4,ドイル, 55 ,16,8,１, ,ダ1800,良,,(栗),清水久詞,1510,-0.4,2,1,1,38.5,492,-14,
,"2022.12. 4",中山,5中2,3勝,南総ＳＨ･3勝,3,6,カンティーユ,牡,4,横山武史, 55 ,16,2,１, ,芝1200,良,,(美),嘉藤貴行,1078,-0.2,,1,1,34.0,496,+10,
,"2022.12. 4",中山,5中2,2勝,２勝ｸﾗｽ,2,4,グラスデスティーノ,牡,5,木幡巧也, 57 ,16,10,１, ,ダ1800,良,,(美),牧光二,1530,-0.0,2,2,2,38.0,480,0,B
,"2022.12. 4",中山,5中2,1勝,１勝ｸﾗｽ,8,15,セイウンハルカニ,牡,3,戸崎圭太, 56 ,16,2,１, ,ダ1200,良,,(美),竹内正洋,1115,-0.4,,2,2,37.4,474,+2,
,"2022.12. 4",中山,5中2,1勝,１勝ｸﾗｽ*,6,7,エコロアレス,牡,2,戸崎圭太, 55 ,12,2,１, ,ダ1200,良,,(栗),森秀行,1111,-0.1,,1,1,37.8,462,-4,
,"2022.12. 4",中山,5中2,新馬,新馬,8,14,ディヴァージオン,牝,2,Ｍ．デム, 54 ,14,1,１, ,芝2000,良,,(栗),藤岡健一,2050,-0.0,6,4,3,35.3,420,,
,"2022.12. 4",中山,5中2,新馬,新馬,1,1,タイセイマンボ,牡,2,マーカン, 55 ,15,1,１, ,ダ1800,良,,(栗),高野友和,1563,-0.2,4,4,4,38.6,542,,
,"2022.12. 4",中山,5中2,未勝利,未勝利*,7,13,マイネルモーント,牡,2,Ｍ．デム, 55 ,16,1,１, ,芝2000,良,,(美),高木登,2012,-0.6,5,4,2,35.3,440,-4,
,"2022.12. 4",中山,5中2,未勝利,未勝利*,6,12,リチャ,牡,2,マーカン, 55 ,16,2,１, ,ダ1800,良,,(美),田中博康,1566,-0.5,2,2,2,38.5,484,+8,
,"2022.12. 4",中山,5中2,未勝利,未勝利*,1,1,グラスシフォン,牝,2,津村明秀, 54 ,16,2,１, ,ダ1200,良,,(美),松山将樹,1126,-0.9,,9,6,37.4,426,+6,
,"2022.12. 3",中山,5中1,2勝,２勝ｸﾗｽ,5,9,ミッキーハーモニー,牝,3,横山和生, 54 ,16,1,１, ,芝1200,良,,(美),萩原清,1082,-0.0,,14,13,34.0,464,+4,
,"2022.12. 3",中山,5中1,Ｇ２,ステイヤG2,5,7,シルヴァーソニック,牡,6,レーン, 56 ,14,3,１, ,芝3600,良,,(栗),池江泰寿,3463,-0.1,7,8,6,35.5,456,+2,
,"2022.12. 3",中山,5中1,2勝,鹿島特別･2勝,7,13,パウオレ,牝,3,横山武史, 54 ,16,1,１, ,ダ1200,良,,(美),嘉藤貴行,1106,-0.5,,3,3,36.5,458,-2,
,"2022.12. 3",中山,5中1,1勝,葉牡丹賞･1勝,3,5,ミッキーカプチーノ,牡,2,戸崎圭太, 55 ,18,1,１, ,芝2000,良,,(栗),矢作芳人,1591,-0.6,8,7,6,34.6,522,+2,
,"2022.12. 3",中山,5中1,ｵｰﾌﾟﾝ,イルミネ,3,3,ミッキーメテオ,牡,5,五十嵐雄, 60 ,14,6,１, ,芝3570,良,,(美),西田雄一,4001,-1.7,5,3,1,13.5,514,0,B
,"2022.12. 3",中山,5中1,1勝,１勝ｸﾗｽ・牝,6,7,グリモリオ,牝,4,マーカン, 55 ,11,3,１, ,ダ1800,良,,(美),菊沢隆徳,1543,-0.2,3,2,2,38.0,512,+2,
,"2022.12. 3",中山,5中1,新馬,新馬,6,12,ラックスアットゼア,牝,2,石川裕紀, 54 ,16,2,１, ,ダ1200,良,,(美),斎藤誠,1129,-0.0,,5,2,37.2,460,,
,"2022.12. 3",中山,5中1,新馬,新馬,7,13,フォースターデイズ,牝,2,横山武史, 54 ,16,1,１, ,芝1200,良,,(美),木村哲也,1098,-0.3,,1,1,35.5,490,,
,"2022.12. 3",中山,5中1,未勝利,未勝利*,6,11,フクチャンキング,牡,2,岩田望来, 55 ,16,10,１, ,ダ1800,稍,,(美),加藤征弘,1555,-0.1,2,2,2,38.3,520,-4,
,"2022.12. 3",中山,5中1,未勝利,未勝利*,8,14,エミュー,牝,2,菅原明良, 54 ,15,7,１, ,芝1600,良,,(美),和田正一,1346,-0.1,7,7,6,34.8,412,-6,
,"2022.12. 3",中山,5中1,未勝利,未勝利・牝*,8,16,ワタシデイイデスカ,牝,2,内田博幸, 54 ,16,7,１, ,ダ1800,稍,,(美),本間忍,1561,-0.9,2,2,2,39.7,508,-22,
,"2022.12. 3",中山,5中1,未勝利,未勝利*,4,7,セイウンダマシイ,牡,2,内田博幸, 55 ,16,1,１, ,ダ1200,稍,,(美),武市康男,1123,-0.0,,2,2,38.0,476,0,
,"2022.10. 2",中山,4中9,3勝,外房ＳＨ･3勝,8,15,ベイビーボス,牡,5,菅原明良, 55 ,15,6,１, ,ダ1200,良,,(美),矢野英一,1102,-0.6,,6,6,36.7,480,0,
,"2022.10. 2",中山,4中9,Ｇ１,スプリンG1,1,2,ジャンダルム,牡,7,荻野極, 57 ,16,8,１, ,芝1200,良,,(栗),池江泰寿,1078,-0.0,,3,2,34.6,508,-2,B
,"2022.10. 2",中山,4中9,2勝,茨城新聞･2勝,2,2,レッドランメルト,牡,3,池添謙一, 55 ,14,1,１, ,芝1800,良,,(美),国枝栄,1481,-0.3,3,4,4,34.8,502,-6,
,"2022.10. 2",中山,4中9,1勝,サフラン･1勝,4,4,サンティーテソーロ,牝,2,鮫島克駿, 54 ,8,1,１, ,芝1600,良,,(美),栗田徹,1351,-0.5,1,1,1,35.0,420,-2,
,"2022.10. 2",中山,4中9,2勝,２勝ｸﾗｽ,4,8,ロードヴァレンチ,セ,3,永野猛蔵,53△,16,8,１, ,ダ1800,良,,(美),中舘英二,1529,-0.2,1,1,1,38.7,460,-8,
,"2022.10. 2",中山,4中9,1勝,１勝ｸﾗｽ,1,1,キントリヒ,牡,3,戸崎圭太, 54 ,12,2,１, ,芝2200,良,,(美),矢野英一,2141,-0.0,8,9,8,35.6,460,0,
,"2022.10. 2",中山,4中9,1勝,１勝ｸﾗｽ,4,8,クールライズ,牡,3,永野猛蔵,53△,16,2,１, ,ダ1200,良,,(美),伊藤圭三,1116,-0.1,,8,6,36.8,472,0,
,"2022.10. 2",中山,4中9,新馬,新馬,6,10,セブンマジシャン,牡,2,西村淳也, 55 ,14,3,１, ,芝1800,良,,(栗),高野友和,1500,-0.4,2,2,2,34.9,474,,
,"2022.10. 2",中山,4中9,1勝,１勝ｸﾗｽ,8,15,ゴールドブリーズ,牡,4,江田照男, 57 ,15,4,１, ,ダ1800,良,,(美),深山雅史,1538,-0.1,2,2,2,38.3,496,+2,
,"2022.10. 2",中山,4中9,新馬,新馬,6,12,ミネヒメ,牝,2,嶋田純次, 54 ,16,9,１, ,芝1200,良,,(美),本間忍,1102,-0.8,,1,1,34.9,412,,
,"2022.10. 2",中山,4中9,未勝利,未勝利*,5,8,オールパルフェ,牡,2,大野拓弥, 55 ,14,1,１, ,芝1600,良,,(美),和田雄二,1356,-0.4,1,1,1,34.8,478,+16,
,"2022.10. 2",中山,4中9,未勝利,未勝利*,2,4,ダンスインザリング,牡,2,岩田康誠, 55 ,16,6,１, ,ダ1200,良,,(美),武井亮,1127,-0.0,,10,9,38.1,436,0,
,"2022.10. 1",中山,4中8,2勝,２勝ｸﾗｽ,6,12,ケイサンフリーゼ,牝,4,戸崎圭太, 55 ,16,3,１, ,ダ1200,良,,(栗),杉山晴紀,1107,-0.2,,1,1,37.5,484,+2,
,"2022.10. 1",中山,4中8,3勝,秋風ＳＨ･3勝,3,6,フィアスプライド,牝,4,浜中俊, 52 ,16,7,１, ,芝1600,良,,(美),国枝栄,1333,-0.1,15,13,13,34.7,480,-10,
,"2022.10. 1",中山,4中8,2勝,勝浦特別･2勝,5,8,サトノレーヴ,牡,3,浜中俊, 55 ,14,1,１, ,芝1200,良,,(美),堀宣行,1077,-0.3,,2,2,34.0,538,0,
,"2022.10. 1",中山,4中8,ｵｰﾌﾟﾝ,芙蓉Ｓ,4,4,シーウィザード,牡,2,浜中俊, 55 ,7,1,１, ,芝2000,良,,(美),鹿戸雄一,2044,-0.1,3,3,3,34.6,468,+10,
,"2022.10. 1",中山,4中8,1勝,１勝ｸﾗｽ,2,4,プランセスカグヤ,牝,3,小林脩斗,51△,16,4,１, ,ダ1200,良,,(美),武藤善則,1110,-0.3,,1,1,37.3,460,+2,
,"2022.10. 1",中山,4中8,1勝,１勝ｸﾗｽ・牝,1,1,スマイルオンミー,牝,3,武藤雅, 53 ,8,1,１, ,ダ1800,良,,(美),尾関知人,1540,-0.1,1,1,1,37.5,522,0,
,"2022.10. 1",中山,4中8,新馬,新馬,6,12,オメガシンフォニー,牝,2,横山武史, 54 ,16,1,１, ,ダ1200,良,,(美),大和田成,1117,-1.2,,1,1,36.8,490,,
,"2022.10. 1",中山,4中8,新馬,新馬・牝,8,15,クイーンオブソウル,牝,2,津村明秀, 54 ,16,3,１, ,芝1600,良,,(美),林徹,1364,-0.9,1,1,1,34.3,448,,
,"2022.10. 1",中山,4中8,未勝利,未勝利*,4,7,ビターグラッセ,牝,2,田辺裕信, 54 ,17,3,１, ,芝2000,良,,(美),栗田徹,2026,-0.1,8,11,12,35.3,502,+4,
,"2022.10. 1",中山,4中8,未勝利,未勝利*,3,4,ファルコンミノル,牡,2,田辺裕信, 55 ,15,3,１, ,ダ1800,良,,(美),中舘英二,1555,-0.1,9,3,2,39.2,442,-6,
,"2022.10. 1",中山,4中8,未勝利,未勝利*,1,2,クールムーア,牡,2,Ｍ．デム, 55 ,16,2,１, ,芝1200,良,*,(美),矢野英一,1094,-0.0,,3,3,35.1,466,+8,
,"2022.10. 1",中山,4中8,未勝利,障害未勝利,6,8,メイショウアツイタ,牡,4,難波剛健, 60 ,12,1,１, ,ダ2880,良,,(栗),高橋義忠,3147,-0.1,1,1,2,13.5,490,+2,B
,"2022. 9.25",中山,4中7,2勝,２勝ｸﾗｽ,3,6,ヤマトコウセイ,牝,3,小林脩斗,51△,16,3,１, ,ダ1200,稍,,(美),武井亮,1097,-0.5,,1,1,36.5,458,-2,
,"2022. 9.25",中山,4中7,Ｇ２,オールカG2,2,2,ジェラルディーナ,牝,4,横山武史, 54 ,13,5,１, ,芝2200,良,,(栗),斉藤崇史,2127,-0.2,5,5,6,35.1,464,+6,
,"2022. 9.25",中山,4中7,3勝,内房Ｓ･3勝,7,14,キタノリューオー,牡,4,丸山元気, 57 ,16,6,１, ,ダ1800,稍,,(美),萱野浩二,1519,-0.1,10,8,6,37.4,472,-4,
,"2022. 9.25",中山,4中7,2勝,木更津Ｈ･2勝,4,5,トーセンヴァンノ,牡,3,原田和真, 53 ,13,5,１, ,芝1600,良,,(美),小桧山悟,1340,-0.2,5,5,5,35.5,488,+2,
,"2022. 9.25",中山,4中7,1勝,１勝ｸﾗｽ,8,13,スピードソルジャー,牡,3,三浦皇成, 54 ,13,2,１, ,ダ1800,稍,,(美),小笠倫弘,1533,-0.2,9,7,6,37.9,500,+14,
,"2022. 9.25",中山,4中7,1勝,１勝ｸﾗｽ,4,7,ディープリッチ,牡,4,戸崎圭太, 57 ,16,3,１, ,芝1600,良,*,(美),小島茂之,1345,-0.2,8,4,5,35.5,510,+2,
,"2022. 9.25",中山,4中7,1勝,１勝ｸﾗｽ,5,9,パウオレ,牝,3,松山弘平, 53 ,16,1,１, ,ダ1200,重,*,(美),嘉藤貴行,1098,-0.7,,1,1,36.3,460,+2,
,"2022. 9.25",中山,4中7,新馬,新馬,7,7,スマラグドス,牡,2,松山弘平, 54 ,10,2,１, ,芝2000,良,,(栗),西園正都,2063,-0.2,3,3,3,34.9,476,,
,"2022. 9.25",中山,4中7,新馬,新馬,6,11,トモジャシーマ,牡,2,横山典弘, 54 ,16,3,１, ,ダ1200,重,,(美),鈴木伸尋,1123,-0.1,,2,2,37.9,492,,
,"2022. 9.25",中山,4中7,未勝利,未勝利*,3,4,マイネルカンパーナ,牡,2,丹内祐次, 54 ,14,3,１, ,芝1800,稍,*,(美),青木孝文,1499,-0.0,5,4,4,36.2,400,+4,
,"2022. 9.25",中山,4中7,未勝利,未勝利*,2,4,クリノゴッホ,牡,2,丹内祐次, 54 ,16,7,１, ,芝1200,稍,,(美),岩戸孝樹,1094,-0.0,,4,4,35.3,452,+4,
,"2022. 9.25",中山,4中7,未勝利,未勝利・牝*,6,6,ピッチパーフェクト,牝,2,丹内祐次, 54 ,11,1,１, ,ダ1800,重,,(美),伊藤圭三,1542,-0.0,9,2,2,39.9,478,+4,
,"2022. 9.24",中山,4中6,2勝,２勝ｸﾗｽ・牝,7,13,タヒチアンダンス,牝,3,横山武史, 52 ,16,1,１, ,ダ1800,不,,(美),加藤征弘,1507,-0.0,5,4,5,36.8,468,0,
,"2022. 9.24",中山,4中6,ｵｰﾌﾟﾝ,ながつき,8,15,ハコダテブショウ,牡,4,石川裕紀, 56 ,16,2,１, ,ダ1200,不,,(美),相沢郁,1084,-0.5,,1,1,35.4,500,+8,B
,"2022. 9.24",中山,4中6,2勝,九十九里･2勝,5,5,ウォルフズハウル,牡,6,田辺裕信, 57 ,12,10,１, ,芝2500,重,,(美),栗田徹,2354,-0.0,11,10,9,35.0,476,+4,
,"2022. 9.24",中山,4中6,ｵｰﾌﾟﾝ,カンナＳ,7,7,ウメムスビ,牡,2,菅原明良, 54 ,10,6,１, ,芝1200,重,,(栗),新谷功一,1094,-0.2,,2,2,35.5,448,+10,
,"2022. 9.24",中山,4中6,ｵｰﾌﾟﾝ,清秋ジャ,1,1,ジェミニキング,セ,6,難波剛健, 60 ,14,7,１, ,芝3210,不,,(栗),服部利之,3457,-0.6,5,5,3,14.1,480,0,B
,"2022. 9.24",中山,4中6,1勝,１勝ｸﾗｽ,4,4,プリーチトヤーン,牝,3,横山琉人,50△,12,5,１, ,ダ1800,不,,(美),斎藤誠,1492,-0.6,1,1,1,36.6,474,0,
,"2022. 9.24",中山,4中6,1勝,１勝ｸﾗｽ,7,8,ヒットザシーン,牝,4,丹内祐次, 55 ,11,5,１, ,芝2000,不,,(美),畠山吉宏,2000,-0.1,3,2,2,34.8,488,-2,
,"2022. 9.24",中山,4中6,新馬,新馬,7,14,コウセイマリア,牝,2,佐々木大,51▲,16,14,１, ,芝1600,不,,(美),和田雄二,1367,-0.0,12,11,11,34.4,400,,
,"2022. 9.24",中山,4中6,1勝,１勝ｸﾗｽ,3,5,ミッキーハーモニー,牝,3,横山和生, 53 ,16,2,１, ,芝1200,不,,(美),萩原清,1083,-0.8,,1,1,33.5,460,+8,
,"2022. 9.24",中山,4中6,新馬,新馬,6,12,トレド,牡,2,石川裕紀, 54 ,16,1,１, ,ダ1800,不,,(美),池上昌和,1519,-1.0,1,1,1,37.1,504,,
,"2022. 9.24",中山,4中6,未勝利,未勝利*,3,6,ディナトセレーネ,牝,2,横山武史, 54 ,16,1,１, ,芝1600,不,,(美),尾関知人,1355,-0.4,3,3,3,35.2,452,+6,
,"2022. 9.24",中山,4中6,未勝利,未勝利*,6,11,スズカコーズ,牡,2,永野猛蔵,52△,15,1,１, ,ダ1200,不,,(美),伊藤圭三,1109,-0.3,,1,1,36.1,492,-4,
,"2022. 9.19",中山,4中5,1勝,１勝ｸﾗｽ,6,10,トップヴィヴィット,牡,4,宮崎北斗, 57 ,15,6,１, ,ダ1200,重,,(美),中川公成,1112,-0.0,,2,2,37.0,528,-4,
,"2022. 9.19",中山,4中5,Ｇ２,セントラG2,6,9,ガイアフォース,牡,3,松山弘平, 56 ,13,3,１, ,芝2200,稍,,(栗),杉山晴紀,2118,-0.0,6,5,4,34.7,498,+8,
,"2022. 9.19",中山,4中5,2勝,シンボ･2勝,6,6,バトルボーン,牡,3,ルメール, 54 ,10,1,１, ,芝2000,稍,,(美),林徹,2000,-0.1,2,2,2,35.2,490,+6,
,"2022. 9.19",中山,4中5,2勝,鋸山特Ｈ･2勝,8,14,カンリンポチェ,牡,4,三浦皇成, 54 ,15,3,１, ,ダ1800,重,,(美),田村康仁,1524,-0.2,2,1,1,36.5,528,-4,B
,"2022. 9.19",中山,4中5,1勝,１勝ｸﾗｽ,5,9,ワカミヤプレスト,牡,3,野中悠太, 54 ,16,6,１, ,ダ2400,重,*,(美),稲垣幸雄,2341,-0.3,10,6,5,38.8,508,-6,
,"2022. 9.19",中山,4中5,1勝,１勝ｸﾗｽ,7,7,パワーブローキング,牡,3,横山和生, 54 ,9,1,１, ,ダ1800,重,,(美),栗田徹,1517,-0.8,2,2,2,37.4,510,-8,
,"2022. 9.19",中山,4中5,新馬,新馬,2,2,ネビュルーズ,牡,2,横山武史, 54 ,10,2,１, ,芝2000,稍,,(美),鹿戸雄一,2036,-0.5,2,2,1,35.4,462,,
,"2022. 9.19",中山,4中5,新馬,新馬,8,12,ヒップホップソウル,牝,2,松山弘平, 54 ,12,1,１, ,芝1600,稍,,(美),木村哲也,1386,-0.7,10,3,3,34.3,502,,
,"2022. 9.19",中山,4中5,未勝利,未勝利*,3,4,スーパーマン,牡,2,木幡巧也, 54 ,14,7,１, ,芝1800,重,,(美),岩戸孝樹,1491,-0.2,6,5,3,35.1,478,-2,
,"2022. 9.19",中山,4中5,未勝利,未勝利*,6,7,エリカキルシェ,牝,2,戸崎圭太, 54 ,11,1,１, ,ダ1200,不,,(美),宮田敬介,1130,-0.0,,1,1,37.2,454,+4,
,"2022. 9.19",中山,4中5,未勝利,未勝利・牝*,6,9,アンタノバラード,牝,2,杉原誠人, 54 ,13,5,１, ,芝1600,重,,(美),伊藤大士,1353,-0.1,5,5,3,34.1,430,0,
,"2022. 9.19",中山,4中5,未勝利,障害未勝利,5,5,メイショウシャガ,牡,5,小牧加矢,57▲,10,1,１, ,ダ2880,重,,(栗),池添兼雄,3172,-2.0,3,3,2,13.7,520,+6,
,"2022. 9.18",中山,4中4,1勝,１勝ｸﾗｽ,1,1,タッカーシルバー,牝,3,横山武史, 53 ,16,5,１, ,芝1200,重,,(美),鈴木伸尋,1106,-0.1,,4,4,35.7,458,+6,
,"2022. 9.18",中山,4中4,ｵｰﾌﾟﾝ,ラジオ日,1,2,アシャカトブ,牡,6,丹内祐次, 57 ,16,8,１, ,ダ1800,不,,(美),小笠倫弘,1503,-0.1,3,3,3,36.6,506,+4,
,"2022. 9.18",中山,4中4,3勝,レインＨ･3勝,7,12,ロングラン,セ,4,丹内祐次, 54 ,15,10,１, ,芝1800,重,,(美),和田勇介,1499,-0.2,12,12,11,35.3,480,+12,
,"2022. 9.18",中山,4中4,2勝,浦安特別･2勝,7,14,エリモグリッター,セ,5,内田博幸, 57 ,16,4,１, ,ダ1200,不,,(美),中野栄治,1105,-0.2,,7,7,36.2,480,+6,
,"2022. 9.18",中山,4中4,1勝,１勝ｸﾗｽ・牝,5,7,ウインピクシス,牝,3,松岡正海, 52 ,14,1,１, ,芝1800,稍,,(美),上原博之,1504,-0.0,3,2,2,35.9,448,+10,
,"2022. 9.18",中山,4中4,1勝,１勝ｸﾗｽ,5,7,アウトパフォーム,牡,3,横山武史, 55 ,13,2,１, ,ダ1200,重,,(美),栗田徹,1102,-0.3,,2,2,35.7,452,+8,
,"2022. 9.18",中山,4中4,1勝,１勝ｸﾗｽ,4,4,ロードバルドル,牡,3,三浦皇成, 54 ,12,2,１, ,ダ1800,稍,,(美),稲垣幸雄,1524,-0.3,6,4,3,38.1,468,0,
,"2022. 9.18",中山,4中4,新馬,新馬・牝,7,14,メインクーン,牝,2,Ｍ．デム, 54 ,16,2,１, ,芝1600,稍,,(美),林徹,1386,-0.2,13,12,9,34.5,430,,
,"2022. 9.18",中山,4中4,新馬,新馬,7,14,スピードオブライト,牝,2,石川裕紀, 54 ,16,1,１, ,芝1200,良,,(美),相沢郁,1102,-0.1,,2,2,34.6,420,,
,"2022. 9.18",中山,4中4,未勝利,未勝利*,5,5,アレクサ,牡,2,斎藤新, 54 ,12,1,１, ,ダ1800,良,,(美),斎藤誠,1561,-0.3,2,2,1,39.3,480,-4,
,"2022. 9.18",中山,4中4,未勝利,未勝利*,6,10,ウインエタンセル,牡,2,丹内祐次, 54 ,14,6,１, ,芝2000,良,*,(美),高木登,2025,-0.1,5,4,4,35.6,462,-2,
,"2022. 9.18",中山,4中4,未勝利,未勝利*,4,4,ニフェーデービル,牡,2,田辺裕信, 54 ,12,1,１, ,ダ1200,良,,(美),中舘英二,1122,-0.9,,1,1,37.5,468,-4,
,"2022. 9.17",中山,4中3,1勝,１勝ｸﾗｽ,7,10,サクセスシュート,牡,3,田辺裕信, 54 ,12,4,１, ,芝2000,良,,(美),久保田貴,1597,-0.2,5,3,3,34.7,478,-2,
,"2022. 9.17",中山,4中3,3勝,初風Ｓ･3勝,7,14,アティード,牡,4,田辺裕信, 57 ,16,1,１, ,ダ1200,良,,(美),加藤士津,1103,-0.5,,14,12,35.3,514,0,
,"2022. 9.17",中山,4中3,2勝,御宿特別･2勝,8,10,モチベーション,牝,3,丹内祐次, 53 ,10,2,１, ,芝1600,良,,(美),清水英克,1343,-0.0,2,2,2,33.1,436,-2,
,"2022. 9.17",中山,4中3,2勝,松戸特別･2勝,6,10,トモジャリア,牡,4,武藤雅, 57 ,15,3,１, ,ダ2400,良,,(美),小笠倫弘,2353,-1.3,1,1,1,36.7,468,-4,
,"2022. 9.17",中山,4中3,1勝,１勝ｸﾗｽ,7,9,オクトニオン,牡,3,横山武史, 54 ,11,2,１, ,ダ1800,良,,(美),斎藤誠,1523,-0.7,6,6,4,37.1,528,+4,
,"2022. 9.17",中山,4中3,1勝,１勝ｸﾗｽ,8,8,ストキャスティーク,牝,3,菅原明良, 52 ,8,1,１, ,芝2500,良,,(美),大竹正博,2354,-0.1,5,6,6,34.1,440,0,
,"2022. 9.17",中山,4中3,1勝,１勝ｸﾗｽ・牝,4,7,オンマガトオル,牝,3,丸山元気, 53 ,15,1,１, ,ダ1200,良,,(美),土田稔,1111,-0.3,,1,1,36.9,522,0,
,"2022. 9.17",中山,4中3,新馬,新馬,8,13,ティファニードンナ,牝,2,ルメール, 54 ,13,2,１, ,芝1800,良,,(美),木村哲也,1501,-0.0,3,3,3,34.3,492,,
,"2022. 9.17",中山,4中3,新馬,新馬,5,5,イルディヴィーノ,牡,2,ルメール, 54 ,10,3,１, ,ダ1800,良,,(美),稲垣幸雄,1552,-0.0,1,1,1,38.2,470,,
,"2022. 9.17",中山,4中3,未勝利,未勝利*,7,14,シルバーレイズ,牝,2,木幡巧也, 54 ,16,5,１, ,芝1200,良,,(美),牧光二,1091,-0.0,,2,2,34.4,458,+4,
,"2022. 9.17",中山,4中3,未勝利,未勝利*,4,4,モンドプリューム,牡,2,三浦皇成, 54 ,11,1,１, ,ダ1800,良,,(美),水野貴広,1544,-0.8,3,2,2,37.3,482,0,
,"2022. 9.17",中山,4中3,未勝利,未勝利・牝*,8,14,トモジャミ,牝,2,津村明秀, 54 ,14,1,１, ,ダ1200,良,,(美),鈴木伸尋,1114,-0.5,,2,2,36.8,496,+2,
,"2022. 9.11",中山,4中2,2勝,２勝ｸﾗｽ,3,6,プレフェリータ,牝,4,原優介,52▲,16,15,１, ,ダ1200,良,,(美),萩原清,1108,-0.2,,3,2,37.2,484,+6,
,"2022. 9.11",中山,4中2,Ｇ３,オータムＨG3,7,11,ファルコニア,牡,5,吉田隼人, 56 ,14,1,１, ,芝1600,良,,(栗),高野友和,1336,-0.0,2,3,2,34.2,466,-2,
,"2022. 9.11",中山,4中2,3勝,セプテン･3勝,4,6,スノーテーラー,牝,5,浜中俊, 55 ,14,1,１, ,芝1200,良,,(栗),飯田雄三,1076,-0.1,,3,2,33.9,452,-2,
,"2022. 9.11",中山,4中2,2勝,白井特別･2勝,6,6,エピファニー,牡,3,戸崎圭太, 54 ,9,1,１, ,芝1800,良,,(美),宮田敬介,1478,-0.4,4,2,2,34.6,514,-2,
,"2022. 9.11",中山,4中2,1勝,１勝ｸﾗｽ,7,9,サバンナモンキー,牡,3,丹内祐次, 54 ,12,5,１, ,ダ1800,良,,(美),相沢郁,1542,-0.1,2,2,2,38.4,466,-6,
,"2022. 9.11",中山,4中2,1勝,１勝ｸﾗｽ,2,2,アンクロワ,牝,3,横山和生, 53 ,13,1,１, ,芝1600,良,,(美),伊坂重信,1331,-0.0,1,1,1,35.5,436,+14,
,"2022. 9.11",中山,4中2,1勝,１勝ｸﾗｽ・牝,3,3,カランセ,牝,3,伊藤工真, 52 ,12,4,１, ,ダ1800,良,,(美),金成貴史,1532,-1.0,3,4,4,37.8,462,-10,
,"2022. 9.11",中山,4中2,新馬,新馬,2,3,ダノンゴーイチ,牡,2,戸崎圭太, 54 ,16,3,１, ,芝1600,良,,(美),菊沢隆徳,1352,-0.4,3,5,3,34.9,498,,
,"2022. 9.11",中山,4中2,1勝,１勝ｸﾗｽ,1,1,ネイチャーカレン,牡,5,野中悠太, 57 ,12,6,１, ,ダ1200,良,,(美),根本康広,1111,-0.0,,7,7,36.8,460,0,
,"2022. 9.11",中山,4中2,新馬,新馬,7,10,タルマエロマエ,牝,2,Ｍ．デム, 54 ,12,3,１, ,ダ1800,良,,(美),新開幸一,1574,-0.0,2,2,2,38.7,450,,
,"2022. 9.11",中山,4中2,未勝利,未勝利*,6,6,ファイナルヒート,牡,2,戸崎圭太, 54 ,9,2,１, ,芝2000,良,,(美),古賀慎明,2038,-0.1,6,4,4,34.6,496,+2,
,"2022. 9.11",中山,4中2,未勝利,未勝利*,2,4,ネバレチュゴー,牡,2,水沼元輝,51▲,16,6,１, ,ダ1200,良,,(美),西田雄一,1110,-1.0,,1,1,37.5,500,-10,
,"2022. 9.10",中山,4中1,1勝,１勝ｸﾗｽ,8,10,トウカイファクター,牡,3,佐々木大,52▲,10,1,１, ,ダ1200,良,,(美),菊川正達,1110,-1.0,,1,1,36.2,460,+6,
,"2022. 9.10",中山,4中1,Ｇ３,紫苑ＳG3,8,12,スタニングローズ,牝,3,坂井瑠星, 54 ,12,1,１, ,芝2000,良,,(栗),高野友和,1599,-0.0,3,2,2,35.0,488,+14,
,"2022. 9.10",中山,4中1,2勝,汐留特別･2勝,6,11,ブレスレスリー,牝,3,Ｍ．デム, 53 ,16,1,１, ,芝1200,良,,(栗),藤岡健一,1076,-0.4,,5,2,34.4,460,-6,
,"2022. 9.10",中山,4中1,1勝,アスター･1勝,5,5,ドンデンガエシ,牡,2,横山武史, 54 ,10,2,１, ,芝1600,良,,(美),尾関知人,1358,-0.4,1,1,1,34.5,466,0,
,"2022. 9.10",中山,4中1,1勝,１勝ｸﾗｽ,8,12,ヘキクウ,牡,3,丹内祐次, 54 ,12,3,１, ,ダ1800,良,,(美),鈴木伸尋,1541,-0.8,2,1,1,38.9,530,0,
,"2022. 9.10",中山,4中1,1勝,１勝ｸﾗｽ,7,11,グランドライン,牡,3,三浦皇成, 54 ,13,2,１, ,芝1800,良,,(美),高木登,1473,-0.0,10,9,7,35.0,536,+4,
,"2022. 9.10",中山,4中1,1勝,１勝ｸﾗｽ・牝,6,8,トラストパッキャオ,牝,3,大野拓弥, 53 ,13,2,１, ,ダ1200,良,,(美),高木登,1108,-0.1,,1,1,37.5,462,-6,
,"2022. 9.10",中山,4中1,新馬,新馬,4,4,ロッククリーク,牡,2,ルメール, 54 ,8,1,１, ,芝2000,良,,(美),栗田徹,2026,-0.1,4,3,2,36.8,482,,
,"2022. 9.10",中山,4中1,新馬,新馬,4,5,マーブルマカロン,牝,2,三浦皇成, 54 ,13,2,１, ,ダ1200,稍,,(美),林徹,1113,-0.1,,1,1,36.8,422,,
,"2022. 9.10",中山,4中1,未勝利,未勝利*,6,8,ゴッドインパルス,セ,2,田辺裕信, 54 ,12,1,１, ,ダ1800,稍,,(美),中舘英二,1559,-0.7,1,1,1,40.3,466,+10,
,"2022. 9.10",中山,4中1,未勝利,未勝利*,2,2,サンティーテソーロ,牝,2,横山和生, 54 ,14,2,１, ,芝1600,良,,(美),栗田徹,1343,-0.8,1,1,1,34.6,422,-12,
,"2022. 9.10",中山,4中1,未勝利,障害未勝利,4,5,ウインガヴァナー,牡,4,平沢健治, 60 ,13,2,１, ,ダ2880,良,,(栗),西園正都,3157,-0.1,5,6,4,13.6,506,+4,
,"2022. 4.17",中山,3中8,3勝,サンシＨ･3勝,1,1,パラダイスリーフ,牡,6,ルメール, 57 ,13,1,１, ,芝2500,良,,(美),木村哲也,2328,-0.2,3,3,2,34.5,494,-4,
,"2022. 4.17",中山,3中8,Ｇ１,皐月賞G1,7,14,ジオグリフ,牡,3,福永祐一, 57 ,18,5,１, ,芝2000,良,*,(美),木村哲也,1597,-0.1,5,6,3,34.3,494,-4,
,"2022. 4.17",中山,3中8,OP(L),京葉Ｓ(L),4,8,レシプロケイト,牡,6,川田将雅, 56 ,16,2,１, ,ダ1200,稍,,(栗),鮫島一歩,1105,-0.4,,12,9,35.6,506,-8,
,"2022. 4.17",中山,3中8,2勝,野島崎特･2勝,5,6,パープルレディー,牝,4,田辺裕信, 55 ,12,4,１, ,芝2000,良,,(美),奥村武,2010,-0.0,7,6,6,34.9,416,-8,
,"2022. 4.17",中山,3中8,2勝,袖ケ浦Ｈ･2勝,7,12,マウンテンムスメ,牝,4,武豊, 54 ,14,1,１, ,芝1200,良,,(美),中野栄治,1086,-0.2,,2,2,34.5,470,+6,
,"2022. 4.17",中山,3中8,1勝,１勝ｸﾗｽ,8,12,スズノイナズマ,牡,4,柴田大知, 57 ,12,7,１, ,ダ1800,稍,*,(美),深山雅史,1535,-0.0,3,2,3,37.8,490,+8,
,"2022. 4.17",中山,3中8,1勝,１勝ｸﾗｽ,8,16,スラップショット,セ,4,大野拓弥, 57 ,16,1,１, ,ダ1200,稍,,(美),大竹正博,1117,-0.3,,1,1,36.8,490,-4,
,"2022. 4.17",中山,3中8,1勝,１勝ｸﾗｽ*,7,11,ペイシャエス,牡,3,菅原明良, 56 ,13,3,１, ,ダ1800,稍,,(美),小西一男,1521,-0.8,2,2,2,37.8,482,0,
,"2022. 4.17",中山,3中8,未勝利,未勝利,7,14,キングズパレス,牡,3,武豊, 56 ,18,1,１, ,芝2200,稍,,(美),戸田博文,2149,-0.3,14,12,6,35.3,490,0,
,"2022. 4.17",中山,3中8,未勝利,未勝利,5,9,チェンジザワールド,牡,3,戸崎圭太, 56 ,16,2,１, ,ダ1800,稍,,(栗),五十嵐忠,1552,-0.6,2,2,2,38.6,510,-6,
,"2022. 4.17",中山,3中8,未勝利,未勝利,2,3,コウユーママニニテ,牝,3,木幡初也, 54 ,16,9,１, ,ダ1200,稍,,(美),竹内正洋,1120,-0.2,,3,4,36.7,442,0,
,"2022. 4.17",中山,3中8,未勝利,未勝利・牝,7,14,ファイアリースカイ,牝,3,田辺裕信, 54 ,16,1,１, ,ダ1800,稍,,(美),和田勇介,1565,-0.1,11,6,5,38.4,452,-2,
,"2022. 4.16",中山,3中7,2勝,利根川特･2勝,5,9,ディアセオリー,牡,5,大野拓弥, 57 ,16,5,１, ,ダ1800,稍,,(美),高木登,1522,-0.6,3,2,2,37.1,492,-4,B
,"2022. 4.16",中山,3中7,ＪＧ１,中山グラJG1,7,7,オジュウチョウサン,牡,11,石神深一, 63 ,9,1,１, ,芝4250,稍,,(美),和田正一,4523,-0.2,3,3,2,13.8,510,-2,
,"2022. 4.16",中山,3中7,3勝,下総Ｓ･3勝,6,7,テリオスベル,牝,5,江田照男, 55 ,12,5,１, ,ダ1800,稍,,(美),田島俊明,1519,-0.6,1,1,1,36.6,444,-4,B
,"2022. 4.16",中山,3中7,1勝,山藤賞･1勝*,8,8,ローシャムパーク,牡,3,ルメール, 56 ,9,1,１, ,芝2000,稍,,(美),田中博康,2003,-1.1,6,1,1,35.6,488,0,
,"2022. 4.16",中山,3中7,2勝,２勝ｸﾗｽ・牝,5,9,マーチリリー,牝,4,戸崎圭太, 55 ,16,3,１, ,ダ1200,重,,(栗),牧浦充徳,1103,-0.6,,2,2,37.1,488,-2,B
,"2022. 4.16",中山,3中7,1勝,１勝ｸﾗｽ,8,10,エトワールマタン,牝,4,菅原明良, 55 ,11,6,１, ,芝2200,重,,(美),高柳瑞樹,2156,-0.1,8,7,6,35.9,446,0,
,"2022. 4.16",中山,3中7,1勝,１勝ｸﾗｽ*,4,7,ブレスレスリー,牝,3,Ｍ．デム, 54 ,16,2,１, ,芝1200,重,*,(栗),藤岡健一,1087,-0.3,,3,3,35.4,450,-4,
,"2022. 4.16",中山,3中7,未勝利,未勝利,5,9,ベストフィーリング,牡,3,横山武史, 56 ,16,1,１, ,芝1600,重,*,(美),手塚貴久,1362,-0.3,6,3,2,35.7,492,-6,
,"2022. 4.16",中山,3中7,未勝利,未勝利,8,13,ディープグラビティ,牡,3,Ｍ．デム, 56 ,13,1,１, ,ダ1800,重,,(美),菊沢隆徳,1538,-0.0,7,3,2,37.6,464,-10,
,"2022. 4.16",中山,3中7,未勝利,未勝利,1,2,カイタロー,牡,3,田辺裕信, 56 ,16,3,１, ,ダ1200,重,,(美),和田雄二,1116,-0.1,,1,1,37.4,464,+10,
,"2022. 4.16",中山,3中7,未勝利,未勝利,6,9,リングストゥワイス,牡,3,田辺裕信, 56 ,13,1,１, ,ダ1800,重,,(美),久保田貴,1543,-0.0,3,3,3,39.3,536,,
,"2022. 4.16",中山,3中7,未勝利,未勝利・牝,6,11,スンヌンタイ,牝,3,横山武史, 54 ,16,2,１, ,ダ1200,重,,(美),岩戸孝樹,1114,-0.9,,1,1,37.5,492,-10,
,"2022. 4.10",中山,3中6,2勝,２勝ｸﾗｽ,6,11,リワードマレンゴ,牡,4,三浦皇成, 57 ,16,2,１, ,ダ1200,良,,(美),村田一誠,1119,-0.0,,8,7,37.1,472,0,
,"2022. 4.10",中山,3中6,OP(L),春雷ＳＨ(L),5,9,ヴェントヴォーチェ,牡,5,西村淳也, 55 ,16,1,１, ,芝1200,良,,(栗),牧浦充徳,1068,-0.5,,4,5,33.1,518,0,
,"2022. 4.10",中山,3中6,ｵｰﾌﾟﾝ,卯月Ｓ,7,13,ウィリアムバローズ,牡,4,三浦皇成, 56 ,16,1,１, ,ダ1800,良,,(栗),上村洋行,1516,-0.6,3,2,2,37.5,486,+2,
,"2022. 4.10",中山,3中6,2勝,鹿野山特･2勝,8,11,ゾンニッヒ,牡,4,菅原明良, 57 ,12,3,１, ,芝2000,良,,(栗),池江泰寿,1592,-0.0,6,5,2,34.2,460,-6,
,"2022. 4.10",中山,3中6,1勝,１勝ｸﾗｽ・牝,8,15,スイートカルデア,牝,4,佐々木大,52▲,16,1,１, ,ダ1200,良,,(美),菊川正達,1117,-0.2,,1,2,37.5,474,-2,
,"2022. 4.10",中山,3中6,1勝,１勝ｸﾗｽ,7,11,セイウンロミオ,牡,4,大野拓弥, 57 ,13,5,１, ,ダ1800,良,,(美),田村康仁,1543,-0.0,9,8,7,37.9,530,-4,
,"2022. 4.10",中山,3中6,1勝,１勝ｸﾗｽ・牝*,8,9,サンカルパ,牝,3,津村明秀, 54 ,9,1,１, ,芝1800,良,,(美),田中博康,1466,-0.7,1,1,1,35.5,474,-4,
,"2022. 4.10",中山,3中6,1勝,１勝ｸﾗｽ*,7,14,ウラカワノキセキ,牝,3,津村明秀, 54 ,16,1,１, ,ダ1200,良,*,(美),田島俊明,1117,-0.9,,3,2,37.7,452,-4,
,"2022. 4.10",中山,3中6,未勝利,未勝利・牝,5,9,ゴールデンアワー,牝,3,横山和生, 54 ,18,2,１, ,芝2000,良,*,(美),加藤士津,2015,-0.5,17,2,2,35.7,486,-4,
,"2022. 4.10",中山,3中6,未勝利,未勝利,4,8,サトノレーヴ,牡,3,石橋脩, 56 ,16,1,１, ,芝1600,良,,(美),堀宣行,1346,-0.1,2,2,2,35.3,534,,
,"2022. 4.10",中山,3中6,未勝利,未勝利,4,7,ライリッズ,牡,3,岩田康誠, 56 ,16,1,１, ,ダ1800,良,,(美),宮田敬介,1564,-0.3,9,10,9,40.9,480,0,
,"2022. 4.10",中山,3中6,未勝利,未勝利,4,8,パウオレ,牝,3,丸田恭介, 54 ,16,5,１, ,ダ1200,良,,(美),嘉藤貴行,1107,-1.1,,2,2,36.7,464,-2,
,"2022. 4. 9",中山,3中5,1勝,１勝ｸﾗｽ,5,5,ダノンマヴロス,牡,4,三浦皇成, 57 ,11,3,１, ,ダ1800,良,,(美),田中博康,1539,-0.2,1,1,1,38.2,484,0,B
,"2022. 4. 9",中山,3中5,Ｇ２,ニュージG2,6,6,ジャングロ,牡,3,武豊, 56 ,11,3,１, ,芝1600,良,,(栗),森秀行,1335,-0.0,1,1,1,34.7,460,-4,
,"2022. 4. 9",中山,3中5,3勝,船橋Ｓ･3勝,3,6,ジュビリーヘッド,牡,5,横山和生, 57 ,16,2,１, ,芝1200,良,,(栗),安田隆行,1077,-0.3,,4,4,34.1,474,-2,B
,"2022. 4. 9",中山,3中5,2勝,印西特Ｈ･2勝,8,16,フィストバンプ,牡,6,田中勝春, 56 ,16,4,１, ,ダ2400,良,,(美),松永康利,2348,-0.0,2,2,2,38.9,492,+4,
,"2022. 4. 9",中山,3中5,1勝,１勝ｸﾗｽ,2,2,ノーダブルディップ,牡,4,津村明秀, 57 ,15,3,１, ,芝1800,良,,(美),古賀慎明,1475,-0.1,2,2,1,34.9,548,-2,
,"2022. 4. 9",中山,3中5,1勝,１勝ｸﾗｽ*,2,2,カンピオーネ,牡,3,田辺裕信, 56 ,14,5,１, ,ダ1800,良,,(美),栗田徹,1532,-0.2,8,7,7,38.4,502,+2,
,"2022. 4. 9",中山,3中5,未勝利,未勝利,5,9,シルバーキングダム,牡,3,吉田豊, 56 ,16,1,１, ,ダ1200,良,,(美),西田雄一,1132,-0.4,,1,1,37.9,490,0,
,"2022. 4. 9",中山,3中5,未勝利,未勝利,7,13,パラレルヴィジョン,牡,3,ルメール, 56 ,18,1,１, ,芝2000,良,*,(美),国枝栄,2008,-0.4,9,8,3,35.8,494,,
,"2022. 4. 9",中山,3中5,未勝利,未勝利,2,4,メタルゴッド,牝,3,坂井瑠星, 54 ,16,6,１, ,ダ1800,良,,(栗),矢作芳人,1557,-0.1,3,3,3,38.2,440,-4,
,"2022. 4. 9",中山,3中5,未勝利,未勝利,1,1,ホウオウノーサイド,牡,3,斎藤新, 56 ,16,1,１, ,ダ1200,良,,(美),斎藤誠,1126,-0.0,,2,2,36.9,462,-4,
,"2022. 4. 9",中山,3中5,未勝利,未勝利,7,12,マイネルサハラ,牡,3,柴田大知, 56 ,15,5,１, ,ダ1800,良,,(美),和田雄二,1555,-0.2,4,3,2,39.2,464,+18,
,"2022. 4. 9",中山,3中5,未勝利,未勝利・牝,3,5,パイツィーレン,牝,3,横山武史, 54 ,16,4,１, ,ダ1200,良,,(美),鈴木伸尋,1127,-0.0,,2,2,37.3,442,0,
,"2022. 4. 3",中山,3中4,2勝,２勝ｸﾗｽ,8,15,ライフレッスンズ,牡,5,横山琉人,54▲,16,1,１, ,ダ1200,稍,,(美),国枝栄,1112,-0.1,,3,2,36.8,504,-2,
,"2022. 4. 3",中山,3中4,3勝,美浦Ｓ･3勝,3,3,エヴァーガーデン,牝,5,丹内祐次, 55 ,9,4,１, ,芝2000,稍,,(美),深山雅史,2021,-0.1,2,2,2,35.5,484,+2,
,"2022. 4. 3",中山,3中4,2勝,両国特別･2勝,2,2,ヴィルヘルム,牡,4,荻野極, 57 ,10,1,１, ,芝1600,稍,,(栗),池江泰寿,1356,-0.2,1,1,1,35.1,506,-4,
,"2022. 4. 3",中山,3中4,1勝,山吹賞･1勝*,7,7,トーセンリョウ,牡,3,田辺裕信, 56 ,9,1,１, ,芝2200,稍,,(美),加藤征弘,2171,-0.4,3,3,3,35.4,464,+20,
,"2022. 4. 3",中山,3中4,1勝,１勝ｸﾗｽ,8,12,テンウォークライ,牡,4,大野拓弥, 57 ,13,1,１, ,ダ1800,稍,,(美),金成貴史,1541,-0.3,6,3,3,39.2,470,-10,
,"2022. 4. 3",中山,3中4,1勝,１勝ｸﾗｽ,1,2,オメガロマンス,牝,4,横山和生, 55 ,16,4,１, ,芝1600,稍,,(美),斎藤誠,1352,-0.1,16,16,16,34.8,462,+20,B
,"2022. 4. 3",中山,3中4,1勝,１勝ｸﾗｽ*,7,13,クアトロマジコ,牡,3,丹内祐次, 56 ,16,6,１, ,ダ1800,稍,,(美),宮田敬介,1545,-0.0,5,4,5,39.9,528,+6,
,"2022. 4. 3",中山,3中4,未勝利,未勝利,8,16,キントリヒ,牡,3,戸崎圭太, 56 ,18,1,１, ,芝2200,稍,,(美),矢野英一,2169,-0.5,7,3,2,36.0,456,-6,
,"2022. 4. 3",中山,3中4,未勝利,障害未勝利,8,11,ポートロイヤル,セ,6,伴啓太, 60 ,12,1,１, ,ダ2880,良,,(美),高柳瑞樹,3160,-0.7,1,1,1,13.6,468,-2,
,"2022. 4. 3",中山,3中4,未勝利,未勝利,4,4,デライトアゲン,牡,3,木幡巧也, 56 ,13,4,１, ,ダ1800,稍,,(美),岩戸孝樹,1550,-1.6,1,1,1,39.7,480,-2,B
,"2022. 4. 3",中山,3中4,未勝利,未勝利,8,16,ルプランドル,牝,3,永野猛蔵,52△,16,2,１, ,ダ1200,稍,,(美),萱野浩二,1118,-0.3,,2,2,37.4,466,0,
,"2022. 4. 3",中山,3中4,未勝利,未勝利,6,8,ネイリッカ,牝,3,永野猛蔵,52△,12,1,１, ,ダ1800,稍,,(美),和田勇介,1561,-0.6,1,1,1,40.4,448,-4,
,"2022. 4. 2",中山,3中3,1勝,１勝ｸﾗｽ,7,13,フレーズメーカー,牡,4,西塚洸二,54▲,16,3,１, ,ダ1200,重,,(美),栗田徹,1115,-0.1,,1,1,36.9,492,-10,B
,"2022. 4. 2",中山,3中3,Ｇ３,ダービーＨG3,2,3,タイムトゥヘヴン,牡,4,大野拓弥, 55 ,16,11,１, ,芝1600,良,,(美),戸田博文,1323,-0.0,15,14,14,33.7,488,+4,
,"2022. 4. 2",中山,3中3,2勝,安房特別･2勝,7,7,アイブランコ,牡,5,内田博幸, 57 ,8,1,１, ,芝2500,良,,(美),中野栄治,2358,-0.2,4,4,4,34.4,518,-4,
,"2022. 4. 2",中山,3中3,2勝,千葉日報･2勝,7,12,ダノンマデイラ,牡,4,横山武史, 57 ,14,1,１, ,ダ1800,重,,(栗),茶木太樹,1532,-0.2,10,11,10,37.6,468,+6,
,"2022. 4. 2",中山,3中3,1勝,１勝ｸﾗｽ,8,8,エクセレントラン,セ,5,横山琉人,54▲,8,1,１, ,ダ2400,重,,(美),大江原哲,2351,-0.4,7,5,5,38.4,478,0,
,"2022. 4. 2",中山,3中3,1勝,１勝ｸﾗｽ*,4,4,ゴーゴーユタカ,牡,3,横山武史, 56 ,12,1,１, ,芝1600,稍,,(美),武井亮,1342,-0.4,5,5,4,34.0,476,-4,
,"2022. 4. 2",中山,3中3,未勝利,未勝利,6,10,ホウオウバリスタ,牡,3,戸崎圭太, 56 ,15,2,１, ,ダ1800,重,,(美),稲垣幸雄,1544,-0.5,2,2,2,38.6,526,+2,
,"2022. 4. 2",中山,3中3,未勝利,未勝利,4,8,ヴィブラツィオーネ,牡,3,横山武史, 56 ,18,1,１, ,芝2000,稍,,(美),辻哲英,2022,-0.5,4,4,3,35.0,468,0,
,"2022. 4. 2",中山,3中3,未勝利,未勝利・牝,4,7,カンザシ,牝,3,野中悠太, 54 ,16,2,１, ,ダ1200,重,,(美),宮田敬介,1118,-0.4,,2,3,37.0,488,+8,
,"2022. 4. 2",中山,3中3,未勝利,未勝利,4,4,モール,牡,3,石橋脩, 56 ,12,4,１, ,ダ1800,重,,(美),小手川準,1551,-0.7,12,2,1,39.7,470,+2,B
,"2022. 4. 2",中山,3中3,未勝利,未勝利,4,7,プランセスカグヤ,牝,3,小林脩斗,51▲,16,12,１, ,ダ1200,重,*,(美),武藤善則,1125,-0.0,,2,2,37.7,460,-4,
,"2022. 4. 2",中山,3中3,未勝利,未勝利・牝,3,6,ニシノスピカ,牝,3,津村明秀, 54 ,16,7,１, ,ダ1800,重,,(美),鈴木伸尋,1544,-0.1,3,1,1,38.5,474,0,
,"2022. 3.27",中山,3中2,2勝,２勝ｸﾗｽ,5,7,イルクオーレ,セ,4,菅原明良, 57 ,13,3,１, ,芝1200,重,,(美),高橋文雅,1091,-0.2,,2,2,35.4,492,-2,B
,"2022. 3.27",中山,3中2,Ｇ３,マーチＳＨG3,6,12,メイショウハリオ,牡,5,浜中俊, 57 ,16,2,１, ,ダ1800,重,,(栗),岡田稲男,1502,-0.1,14,11,8,36.5,492,-16,
,"2022. 3.27",中山,3中2,3勝,春興ＳＨ･3勝,4,8,ソウルラッシュ,牡,4,浜中俊, 56 ,16,1,１, ,芝1600,重,,(栗),池江泰寿,1341,-0.3,5,3,2,35.8,500,+6,B
,"2022. 3.27",中山,3中2,1勝,ミモザ賞･1勝,4,4,ラブパイロー,牝,3,野中悠太, 54 ,8,7,１, ,芝2000,重,,(美),大和田成,2026,-0.2,1,1,1,36.2,474,+2,
,"2022. 3.27",中山,3中2,2勝,２勝ｸﾗｽ,4,4,ヒルノダカール,牡,6,古川吉洋, 57 ,11,3,１, ,芝1800,重,,(栗),北出成人,1488,-0.2,1,1,1,35.8,516,-2,B
,"2022. 3.27",中山,3中2,1勝,１勝ｸﾗｽ,5,8,トミケンカラバティ,牡,4,永野猛蔵,55△,15,1,１, ,ダ1200,重,,(美),尾形和幸,1117,-0.2,,7,5,36.6,452,-2,
,"2022. 3.27",中山,3中2,1勝,１勝ｸﾗｽ・牝,6,7,スイートフィル,牝,4,菅原明良, 55 ,11,6,１, ,ダ1800,重,,(美),菊川正達,1535,-0.0,8,6,3,37.9,462,0,
,"2022. 3.27",中山,3中2,1勝,１勝ｸﾗｽ*,8,15,ミユキアイラブユー,牡,3,永野猛蔵,54△,15,3,１, ,ダ1200,重,,(美),小島茂之,1107,-0.4,,2,2,37.2,560,+4,
,"2022. 3.27",中山,3中2,未勝利,未勝利,4,7,ヤマニンパニータ,牝,3,江田照男, 54 ,16,4,１, ,芝1800,重,,(美),辻哲英,1504,-0.2,3,2,2,36.0,440,-6,
,"2022. 3.27",中山,3中2,未勝利,未勝利,1,1,オヤノナナヒカリ,牡,3,内田博幸, 56 ,16,1,１, ,ダ1800,重,,(美),宮田敬介,1539,-1.4,1,1,1,38.4,442,0,
,"2022. 3.27",中山,3中2,未勝利,未勝利,5,10,セイウンハルカニ,牡,3,戸崎圭太, 56 ,16,3,１, ,ダ1200,重,,(美),竹内正洋,1111,-0.1,,2,2,36.3,466,-6,
,"2022. 3.27",中山,3中2,未勝利,未勝利・牝,4,8,ハローサブリナ,牝,3,戸崎圭太, 54 ,16,1,１, ,ダ1800,重,,(美),黒岩陽一,1556,-0.0,2,2,1,39.3,514,+6,
,"2022. 3.26",中山,3中1,2勝,２勝ｸﾗｽ,7,13,シュルードアイズ,牡,4,津村明秀, 57 ,16,2,１, ,ダ1800,稍,,(美),牧光二,1534,-0.4,11,4,3,37.9,516,-4,
,"2022. 3.26",中山,3中1,Ｇ２,日経賞G2,6,11,タイトルホルダー,牡,4,横山和生, 57 ,15,1,１, ,芝2500,稍,,(美),栗田徹,2354,-0.1,1,1,1,34.7,476,0,
,"2022. 3.26",中山,3中1,ｵｰﾌﾟﾝ,伏竜Ｓ,4,4,デリカダ,牝,3,和田竜二, 54 ,8,3,１, ,ダ1800,稍,,(栗),吉田直弘,1521,-0.1,3,3,2,37.9,486,+8,
,"2022. 3.26",中山,3中1,3勝,春風Ｓ･3勝,7,14,ニシノライトニング,牡,4,野中悠太, 57 ,16,7,１, ,ダ1200,稍,,(美),根本康広,1116,-0.1,,11,9,36.2,514,0,
,"2022. 3.26",中山,3中1,ｵｰﾌﾟﾝ,ペガサス,5,5,ビレッジイーグル,牡,5,大江原圭, 60 ,11,3,１, ,芝3350,稍,,(美),竹内正洋,3457,-0.0,1,1,1,13.5,508,-6,
,"2022. 3.26",中山,3中1,1勝,１勝ｸﾗｽ,6,6,キングスバーンズ,牡,5,横山武史, 57 ,11,2,１, ,ダ1800,稍,,(美),加藤征弘,1542,-0.2,1,1,1,38.3,522,-2,B
,"2022. 3.26",中山,3中1,1勝,１勝ｸﾗｽ*,4,4,ショウナンマグマ,牡,3,菅原明良, 56 ,12,3,１, ,芝1800,良,,(美),尾関知人,1484,-1.3,1,1,1,35.7,500,-2,
,"2022. 3.26",中山,3中1,1勝,１勝ｸﾗｽ*,2,2,ジャスパークローネ,牡,3,武豊, 56 ,13,3,１, ,芝1200,良,,(栗),森秀行,1091,-0.2,,1,1,35.0,480,-4,
,"2022. 3.26",中山,3中1,未勝利,未勝利,5,10,サンクション,牡,3,横山琉人,53▲,16,2,１, ,芝1600,良,,(美),相沢郁,1355,-0.2,2,2,2,35.0,488,+12,
,"2022. 3.26",中山,3中1,未勝利,未勝利,7,14,ニシノコニャック,牡,3,丸山元気, 56 ,16,1,１, ,ダ1200,稍,,(美),伊藤大士,1133,-0.2,,2,1,37.8,466,-6,
,"2022. 3.26",中山,3中1,未勝利,未勝利,5,9,アウグスト,牡,3,石川裕紀, 56 ,16,1,１, ,ダ1800,稍,,(美),斎藤誠,1551,-1.5,2,1,1,38.4,504,-2,
,"2022. 3.26",中山,3中1,未勝利,未勝利・牝,7,14,スウィートプロミス,牝,3,横山武史, 54 ,16,2,１, ,ダ1200,稍,,(美),尾関知人,1124,-1.5,,3,2,37.3,458,+2,
,"2022. 3.21",中山,2中8,2勝,２勝ｸﾗｽ,7,10,オンザフェーヴル,牡,5,川田将雅, 57 ,12,1,１, ,ダ2400,稍,,(栗),野中賢二,2363,-0.1,3,2,2,37.2,500,+12,
,"2022. 3.21",中山,2中8,Ｇ３,フラワーG3,1,1,スタニングローズ,牝,3,川田将雅, 54 ,12,2,１, ,芝1800,良,,(栗),高野友和,1485,-0.1,3,3,3,35.0,474,-2,
,"2022. 3.21",中山,2中8,3勝,韓国馬事･3勝,4,7,ウィリアムバローズ,牡,4,横山武史, 57 ,16,1,１, ,ダ1800,稍,,(栗),上村洋行,1518,-1.0,1,1,1,36.3,484,-2,
,"2022. 3.21",中山,2中8,2勝,隅田川特･2勝,2,2,ユキノファラオ,牡,4,田辺裕信, 57 ,10,4,１, ,芝1600,良,,(美),石毛善彦,1345,-0.1,8,9,7,34.8,480,-2,
,"2022. 3.21",中山,2中8,1勝,１勝ｸﾗｽ,5,10,ベストマジック,牡,6,石川裕紀, 57 ,16,1,１, ,ダ1200,稍,,(美),手塚貴久,1113,-0.5,,2,2,36.9,510,-2,B
,"2022. 3.21",中山,2中8,1勝,１勝ｸﾗｽ,3,4,リリーブライト,牡,4,戸崎圭太, 57 ,14,11,１, ,芝2000,稍,,(美),西田雄一,2015,-0.0,4,5,5,35.6,474,+2,
,"2022. 3.21",中山,2中8,1勝,１勝ｸﾗｽ*,6,9,サーマルウインド,牝,3,岩田康誠, 54 ,13,5,１, ,芝1600,稍,,(美),奥村武,1346,-0.1,2,4,5,35.0,514,+2,
,"2022. 3.21",中山,2中8,未勝利,未勝利,7,14,ロンギングエーオ,牡,3,石橋脩, 56 ,17,5,１, ,芝2200,稍,,(美),奥村武,2150,-0.1,8,3,3,35.8,486,-2,
,"2022. 3.21",中山,2中8,未勝利,障害未勝利,2,2,アノ,牡,6,難波剛健, 60 ,13,1,１, ,ダ2880,稍,,(栗),鈴木孝志,3137,-0.3,2,2,2,13.5,452,-4,
,"2022. 3.21",中山,2中8,未勝利,未勝利,5,10,ミンナノユメミノル,牡,3,菅原明良, 56 ,16,1,１, ,ダ1200,重,,(美),天間昭一,1119,-0.4,,2,2,37.1,488,+4,
,"2022. 3.21",中山,2中8,未勝利,未勝利,8,16,ビーザラキエスト,牡,3,川田将雅, 56 ,16,1,１, ,ダ1800,重,,(美),鹿戸雄一,1545,-0.3,3,2,3,38.4,522,-6,
,"2022. 3.21",中山,2中8,未勝利,未勝利・牝,6,12,イルザ,牝,3,大野拓弥, 54 ,16,6,１, ,ダ1200,重,,(美),小手川準,1119,-0.2,,11,11,36.7,446,+2,
,"2022. 3.20",中山,2中7,2勝,２勝ｸﾗｽ,4,6,ジャスパーゴールド,牡,4,松本大輝,54▲,15,8,１, ,ダ1200,重,,(栗),森秀行,1109,-0.1,,3,3,36.7,444,-6,B
,"2022. 3.20",中山,2中7,Ｇ２,スプリンG2,1,1,ビーアストニッシド,牡,3,岩田康誠, 56 ,13,5,１, ,芝1800,稍,,(栗),飯田雄三,1484,-0.0,1,1,1,35.3,472,+2,
,"2022. 3.20",中山,2中7,ｵｰﾌﾟﾝ,千葉ＳＨ,8,15,スマートダンディー,牡,8,秋山真一, 57 ,16,3,１, ,ダ1200,重,,(栗),石橋守,1100,-0.1,,6,3,35.9,504,0,B
,"2022. 3.20",中山,2中7,3勝,スピカＳ･3勝,1,1,ホウオウエミーズ,牝,5,丸田恭介, 55 ,16,2,１, ,芝1800,稍,,(美),池上昌和,1478,-0.0,4,4,3,35.4,460,+10,
,"2022. 3.20",中山,2中7,2勝,２勝ｸﾗｽ,2,2,アステロイドベルト,セ,5,岩田望来, 57 ,14,2,１, ,芝2000,稍,,(栗),池江泰寿,2023,-0.1,2,4,4,35.8,478,-4,B
,"2022. 3.20",中山,2中7,1勝,１勝ｸﾗｽ,4,7,コスモコラッジョ,牡,4,小林脩斗,54▲,16,4,１, ,ダ1800,重,,(美),嘉藤貴行,1528,-0.2,1,1,1,39.4,500,+4,B
,"2022. 3.20",中山,2中7,1勝,１勝ｸﾗｽ*,6,12,ビーオンザマーチ,牝,3,津村明秀, 54 ,16,5,１, ,ダ1200,重,,(美),林徹,1103,-0.2,,8,3,36.5,454,-2,
,"2022. 3.20",中山,2中7,未勝利,未勝利,4,8,レガラール,牡,3,横山武史, 56 ,18,3,１, ,芝2000,重,,(美),武井亮,2039,-0.0,2,2,2,36.7,488,,
,"2022. 3.20",中山,2中7,未勝利,未勝利,7,14,レディナビゲーター,牝,3,ルメール, 54 ,16,2,１, ,芝1600,重,,(美),萩原清,1356,-0.1,7,12,12,35.6,484,+6,
,"2022. 3.20",中山,2中7,未勝利,未勝利,7,14,サクセスミノル,牡,3,ルメール, 56 ,16,1,１, ,ダ1800,不,,(美),中舘英二,1541,-0.1,5,3,2,39.1,478,-6,
,"2022. 3.20",中山,2中7,未勝利,未勝利,5,10,キーチズカンパニー,牡,3,大野拓弥, 56 ,16,1,１, ,ダ1200,不,,(美),小手川準,1122,-0.2,,6,6,37.2,488,+2,
,"2022. 3.20",中山,2中7,未勝利,未勝利・牝,4,7,イエローウィン,牝,3,田辺裕信, 54 ,16,3,１, ,ダ1800,不,,(美),菊川正達,1544,-0.2,9,7,5,39.4,466,0,B
,"2022. 3.13",中山,2中6,1勝,１勝ｸﾗｽ,5,9,リワードマレンゴ,牡,4,三浦皇成, 57 ,16,2,１, ,ダ1200,良,,(美),村田一誠,1126,-0.1,,5,6,37.0,472,0,
,"2022. 3.13",中山,2中6,OP(L),アネモネ(L),6,9,クロスマジェスティ,牝,3,武藤雅, 54 ,14,8,１, ,芝1600,良,,(美),水野貴広,1344,-0.2,2,2,2,34.5,470,+2,
,"2022. 3.13",中山,2中6,OP(L),東風Ｓ(L),4,5,ボンセルヴィーソ,牡,8,藤懸貴志, 57 ,14,5,１, ,芝1600,良,,(栗),池添学,1341,-0.1,2,2,2,34.1,494,+4,
,"2022. 3.13",中山,2中6,2勝,房総特別･2勝,8,15,サンタグラシア,牝,4,横山武史, 55 ,16,7,１, ,芝1800,良,*,(美),鹿戸雄一,1477,-0.0,9,9,10,34.6,414,0,
,"2022. 3.13",中山,2中6,1勝,１勝ｸﾗｽ,6,6,ジジ,牡,4,戸崎圭太, 56 ,10,1,１, ,ダ2400,良,,(美),田島俊明,2376,-0.1,4,5,4,38.5,494,0,
,"2022. 3.13",中山,2中6,1勝,１勝ｸﾗｽ*,5,9,シゲルファンノユメ,牡,3,横山武史, 56 ,16,1,１, ,芝1200,良,,(美),伊藤圭三,1085,-0.1,,10,10,34.5,480,+6,
,"2022. 3.13",中山,2中6,1勝,１勝ｸﾗｽ*,6,12,ギャラクシーナイト,牡,3,菊沢一樹, 56 ,16,3,１, ,ダ1800,良,,(美),菊沢隆徳,1544,-0.1,2,2,2,39.0,490,-4,
,"2022. 3.13",中山,2中6,未勝利,未勝利,2,3,タシット,牡,3,菅原明良, 56 ,17,6,１, ,芝2000,良,,(美),中川公成,2005,-0.5,3,5,3,35.3,458,-2,
,"2022. 3.13",中山,2中6,未勝利,障害未勝利,4,4,レオアルティメット,牡,7,石神深一, 60 ,6,1,１, ,ダ2880,良,,(美),牧光二,3131,-0.0,1,1,1,13.4,540,-10,
,"2022. 3.13",中山,2中6,未勝利,未勝利,3,4,スピードソルジャー,牡,3,三浦皇成, 56 ,15,6,１, ,ダ1800,良,,(美),小笠倫弘,1569,-0.4,11,12,9,38.7,496,-6,
,"2022. 3.13",中山,2中6,未勝利,未勝利,7,14,ガーデンアイル,牝,3,北村宏司, 54 ,16,1,１, ,ダ1200,良,,(美),辻哲英,1127,-0.4,,2,3,37.4,472,+4,
,"2022. 3.13",中山,2中6,未勝利,未勝利・牝,5,9,トゥザヒロイン,牝,3,北村宏司, 54 ,15,6,１, ,ダ1800,良,,(美),木村哲也,1562,-0.3,8,3,2,40.4,514,-8,B
,"2022. 3.12",中山,2中5,2勝,２勝ｸﾗｽ,2,3,シュアーヴアリア,牝,4,勝浦正樹, 55 ,16,6,１, ,芝1200,良,*,(美),高橋裕,1088,-0.0,,7,7,34.0,480,+4,B
,"2022. 3.12",中山,2中5,Ｇ３,中山牝馬ＨG3,8,16,クリノプレミアム,牝,5,松岡正海, 53 ,16,15,１, ,芝1800,良,,(美),伊藤伸一,1468,-0.1,10,8,9,34.3,482,+2,
,"2022. 3.12",中山,2中5,3勝,アクアＨ･3勝,7,13,チェアリングソング,牡,5,Ｍ．デム, 55 ,16,3,１, ,芝1200,良,,(美),青木孝文,1079,-0.2,,14,11,33.7,482,+10,
,"2022. 3.12",中山,2中5,2勝,鎌ケ谷特･2勝,5,9,アベックフォルス,牡,5,戸崎圭太, 57 ,16,8,１, ,ダ1800,良,,(美),加藤士津,1535,-0.2,11,10,9,37.7,482,-4,
,"2022. 3.12",中山,2中5,1勝,１勝ｸﾗｽ・牝,5,10,エレファンティネ,牝,4,横山琉人,52▲,16,15,１, ,ダ1200,良,,(美),斎藤誠,1126,-0.2,,2,2,37.4,428,0,
,"2022. 3.12",中山,2中5,1勝,１勝ｸﾗｽ*,1,1,エターナルビクトリ,牡,3,武豊, 56 ,13,5,１, ,芝2000,良,,(栗),小崎憲,2004,-0.3,12,11,11,34.3,446,-4,
,"2022. 3.12",中山,2中5,未勝利,未勝利,7,11,エコロエース,牡,3,丹内祐次, 56 ,14,4,１, ,ダ1800,良,,(美),矢野英一,1567,-0.2,6,4,3,40.9,490,-2,
,"2022. 3.12",中山,2中5,未勝利,未勝利,3,5,サクセスシュート,牡,3,田辺裕信, 56 ,16,2,１, ,芝1800,良,,(美),久保田貴,1496,-0.1,5,3,2,35.3,472,-8,
,"2022. 3.12",中山,2中5,未勝利,未勝利・牝,8,15,ロジヴィクトリア,牝,3,石川裕紀, 54 ,16,2,１, ,ダ1200,良,,(美),新開幸一,1126,-0.1,,5,5,38.0,468,-10,B
,"2022. 3.12",中山,2中5,未勝利,未勝利,6,11,セイゲン,牡,3,吉田豊, 56 ,15,1,１, ,ダ1800,良,,(美),中川公成,1556,-1.1,1,1,1,39.5,478,0,
,"2022. 3.12",中山,2中5,未勝利,未勝利,5,9,トラストパッキャオ,牝,3,菅原明良, 54 ,16,1,１, ,ダ1200,良,,(美),高木登,1119,-0.3,,1,1,37.5,456,-2,
,"2022. 3.12",中山,2中5,未勝利,未勝利・牝,4,7,タマモタップダンス,牝,3,永野猛蔵,52△,16,1,１, ,ダ1800,良,,(美),伊藤圭三,1560,-0.4,1,1,1,41.3,478,-2,
,"2022. 3. 6",中山,2中4,2勝,２勝ｸﾗｽ,6,12,スリーピート,牡,5,池添謙一, 57 ,16,1,１, ,ダ1200,良,,(栗),上村洋行,1120,-0.3,,11,13,37.2,516,+4,
,"2022. 3. 6",中山,2中4,Ｇ２,弥生賞G2,8,10,アスクビクターモア,牡,3,田辺裕信, 56 ,11,3,１, ,芝2000,良,,(美),田村康仁,2005,-0.0,2,2,2,35.2,474,-4,
,"2022. 3. 6",中山,2中4,ｵｰﾌﾟﾝ,総武Ｓ,3,3,バーデンヴァイラー,牡,4,福永祐一, 56 ,14,1,１, ,ダ1800,良,,(栗),斉藤崇史,1541,-0.4,1,1,1,37.8,510,+4,
,"2022. 3. 6",中山,2中4,3勝,湾岸Ｓ･3勝,7,14,キングオブドラゴン,牡,5,田辺裕信, 57 ,16,6,１, ,芝2200,良,,(栗),矢作芳人,2124,-0.1,2,2,1,36.9,508,+6,
,"2022. 3. 6",中山,2中4,2勝,２勝ｸﾗｽ,3,3,ガンダルフ,牡,4,横山武史, 57 ,10,1,１, ,芝1600,良,,(美),国枝栄,1334,-0.5,4,4,3,34.5,494,-6,
,"2022. 3. 6",中山,2中4,1勝,１勝ｸﾗｽ,1,1,トーセンインパルス,牡,4,福永祐一, 57 ,16,2,１, ,ダ1800,良,,(美),池上昌和,1553,-0.0,4,2,2,39.4,496,-2,
,"2022. 3. 6",中山,2中4,1勝,１勝ｸﾗｽ*,8,10,アバンチュリエ,牡,3,横山武史, 56 ,10,1,１, ,芝1600,良,,(美),大竹正博,1355,-0.1,2,2,2,34.7,466,+2,
,"2022. 3. 6",中山,2中4,未勝利,未勝利,3,6,バトルボーン,牡,3,横山武史, 56 ,16,1,１, ,芝2200,良,,(美),林徹,2141,-0.7,1,1,1,35.5,492,+12,
,"2022. 3. 6",中山,2中4,1勝,１勝ｸﾗｽ,4,7,イサチルプリンス,セ,4,菅原明良, 57 ,16,6,１, ,ダ1200,良,,(美),竹内正洋,1130,-0.1,,7,6,39.0,490,0,
,"2022. 3. 6",中山,2中4,未勝利,未勝利,8,15,クーシフォン,牝,3,石橋脩, 54 ,16,8,１, ,ダ1800,良,,(美),牧光二,1569,-0.1,2,2,1,41.1,444,-2,
,"2022. 3. 6",中山,2中4,未勝利,未勝利,7,14,イグザルト,牡,3,丸山元気, 56 ,16,1,１, ,ダ1200,良,,(美),田中剛,1132,-0.6,,2,2,38.7,492,-8,
,"2022. 3. 6",中山,2中4,未勝利,未勝利,4,8,ミッキーストロング,牡,3,秋山稔樹,55☆,16,4,１, ,ダ1800,良,,(美),大竹正博,1582,-0.2,3,3,2,39.7,530,,
,"2022. 3. 5",中山,2中3,2勝,２勝ｸﾗｽ,8,14,トラモント,セ,5,菅原明良, 57 ,14,1,１, ,ダ1800,良,,(美),新開幸一,1541,-0.6,7,2,2,38.4,508,-8,
,"2022. 3. 5",中山,2中3,Ｇ３,オーシャG3,4,7,ジャンダルム,牡,7,荻野極, 56 ,15,2,１, ,芝1200,良,*,(栗),池江泰寿,1079,-0.1,,3,2,34.2,510,-4,B
,"2022. 3. 5",中山,2中3,3勝,上総ＳＨ･3勝,8,16,ホウオウルバン,牡,4,内田博幸, 55 ,16,2,１, ,ダ1800,良,,(美),池上昌和,1521,-0.4,3,4,2,37.6,522,-2,B
,"2022. 3. 5",中山,2中3,2勝,潮来特Ｈ･2勝,5,5,ホウオウリアリティ,牡,4,大野拓弥, 54 ,8,1,１, ,芝2500,良,,(美),高木登,2343,-0.2,2,2,2,34.5,480,-4,
,"2022. 3. 5",中山,2中3,1勝,１勝ｸﾗｽ,4,7,レーヴドゥラプレリ,牝,4,戸崎圭太, 55 ,16,2,１, ,芝1600,良,,(美),宮田敬介,1347,-0.0,10,9,2,34.1,466,+6,
,"2022. 3. 5",中山,2中3,1勝,１勝ｸﾗｽ*,7,13,エイシンヌプリ,牝,3,戸崎圭太, 54 ,16,4,１, ,ダ1200,良,,(美),勢司和浩,1140,-0.2,,7,7,37.9,488,-8,
,"2022. 3. 5",中山,2中3,未勝利,未勝利,4,8,エピファニー,牡,3,戸崎圭太, 56 ,16,1,１, ,芝1800,良,,(美),宮田敬介,1499,-0.1,3,3,3,34.7,520,0,
,"2022. 3. 5",中山,2中3,未勝利,未勝利,3,5,クイーンドライヴ,牝,3,菊沢一樹, 54 ,16,6,１, ,芝1600,良,,(美),清水英克,1354,-0.0,8,7,6,35.0,408,0,
,"2022. 3. 5",中山,2中3,未勝利,障害未勝利,8,8,マイネルグロン,牡,4,五十嵐雄, 59 ,9,1,１, ,ダ2880,良,,(美),青木孝文,3126,-0.7,3,1,1,13.4,520,-2,
,"2022. 3. 5",中山,2中3,未勝利,未勝利,2,4,セイカフォルゴーレ,牡,3,石川裕紀, 56 ,16,1,１, ,ダ1800,良,,(美),相沢郁,1557,-0.9,1,1,1,39.2,500,-6,
,"2022. 3. 5",中山,2中3,未勝利,未勝利,4,7,ミラビリス,牝,3,斎藤新, 54 ,16,2,１, ,ダ1200,良,,(美),斎藤誠,1122,-0.1,,1,1,37.6,440,-4,
,"2022. 3. 5",中山,2中3,未勝利,未勝利・牝,8,15,スマイルオンミー,牝,3,内田博幸, 54 ,16,1,１, ,ダ1800,良,,(美),尾関知人,1564,-0.6,3,2,2,39.4,528,+12,
,"2022. 2.27",中山,2中2,2勝,２勝ｸﾗｽ,7,12,ロンコーネ,牡,4,戸崎圭太, 56 ,15,2,１, ,ダ1800,良,,(美),岩戸孝樹,1551,-0.0,7,6,3,38.9,488,-6,
,"2022. 2.27",中山,2中2,Ｇ２,中山記念G2,3,5,パンサラッサ,牡,5,吉田豊, 56 ,16,2,１, ,芝1800,良,,(栗),矢作芳人,1464,-0.4,1,1,1,37.3,482,+2,
,"2022. 2.27",中山,2中2,3勝,ブラッＨ･3勝,7,13,ハコダテブショウ,牡,4,石川裕紀, 55 ,16,2,１, ,ダ1200,良,,(美),相沢郁,1111,-0.0,,1,1,38.1,496,-4,B
,"2022. 2.27",中山,2中2,1勝,デイジー･1勝,1,1,ルージュエヴァイユ,牝,3,戸崎圭太, 54 ,9,1,１, ,芝1800,良,,(美),黒岩陽一,1484,-0.0,7,6,6,35.0,450,-2,
,"2022. 2.27",中山,2中2,1勝,１勝ｸﾗｽ,8,15,レゴリス,セ,6,川田将雅, 57 ,16,2,１, ,ダ1200,良,,(美),辻哲英,1127,-0.1,,3,3,38.3,492,+6,B
,"2022. 2.27",中山,2中2,1勝,１勝ｸﾗｽ*,7,7,レッドモンレーヴ,牡,3,川田将雅, 56 ,10,1,１, ,芝1600,良,,(美),藤沢和雄,1354,-0.1,5,5,3,34.4,492,+2,
,"2022. 2.27",中山,2中2,1勝,１勝ｸﾗｽ・牝,2,3,エスシーヴィオラ,牝,4,横山琉人,51▲,16,2,１, ,ダ1800,良,,(美),宗像義忠,1554,-1.2,1,1,1,39.0,478,-8,
,"2022. 2.27",中山,2中2,未勝利,未勝利,5,9,シャーマンズケイブ,牡,3,内田博幸, 56 ,18,3,１, ,芝2000,良,,(美),尾関知人,2013,-0.4,11,11,7,35.6,524,+18,
,"2022. 2.27",中山,2中2,未勝利,未勝利,3,5,ビートエモーション,牡,3,川田将雅, 56 ,16,1,１, ,ダ1800,良,,(美),藤沢和雄,1568,-0.0,4,3,3,38.8,516,-4,
,"2022. 2.27",中山,2中2,未勝利,未勝利,1,1,ザアトム,牡,3,戸崎圭太, 56 ,15,1,１, ,ダ1200,良,,(美),田島俊明,1132,-0.5,,1,1,37.8,486,-2,
,"2022. 2.27",中山,2中2,未勝利,未勝利,5,10,ガーディアンベル,牡,3,津村明秀, 56 ,16,7,１, ,ダ1800,良,,(美),牧光二,1567,-0.2,2,2,1,40.4,474,-4,
,"2022. 2.27",中山,2中2,未勝利,未勝利・牝,4,7,ピカリエ,牝,3,伊藤工真, 54 ,16,1,１, ,ダ1200,良,,(美),金成貴史,1134,-0.0,,11,7,37.0,484,-6,
,"2022. 2.26",中山,2中1,2勝,２勝ｸﾗｽ,2,3,ジェットエンブレム,牡,4,Ｍ．デム, 57 ,16,7,１, ,ダ1200,良,,(栗),石坂公一,1117,-0.2,,5,3,36.9,522,+16,B
,"2022. 2.26",中山,2中1,3勝,幕張Ｓ･3勝,5,5,インテンスライト,牡,6,菊沢一樹, 57 ,11,2,１, ,芝1600,良,,(美),菊沢隆徳,1341,-0.2,3,3,3,34.4,500,-2,
,"2022. 2.26",中山,2中1,2勝,富里特別･2勝,6,7,レインカルナティオ,牡,5,菅原明良, 57 ,12,3,１, ,芝1800,良,,(美),小西一男,1479,-0.1,9,8,6,34.1,508,0,
,"2022. 2.26",中山,2中1,1勝,水仙賞･1勝*,1,1,ロードレゼル,牡,3,三浦皇成, 56 ,9,3,１, ,芝2200,良,,(栗),中内田充,2153,-0.0,3,3,4,35.2,512,+12,
,"2022. 2.26",中山,2中1,1勝,１勝ｸﾗｽ,8,16,オウケンロジータ,牝,5,田中勝春, 55 ,16,9,１, ,ダ1800,良,,(美),松永康利,1551,-0.3,12,10,8,39.0,516,-4,
,"2022. 2.26",中山,2中1,1勝,１勝ｸﾗｽ*,4,4,セイルオンセイラー,牡,3,戸崎圭太, 56 ,10,1,１, ,ダ1800,良,,(美),田中博康,1537,-0.2,1,1,1,37.6,498,+8,
,"2022. 2.26",中山,2中1,未勝利,未勝利・牝,7,15,アレグロモデラート,牝,3,横山武史, 54 ,18,1,１, ,芝2000,良,,(美),武井亮,2011,-0.3,6,4,2,36.5,470,+8,
,"2022. 2.26",中山,2中1,未勝利,未勝利,4,8,デコラシオン,牡,3,菅原明良, 56 ,16,4,１, ,芝1600,良,,(美),高木登,1354,-0.0,7,6,5,34.8,500,+8,
,"2022. 2.26",中山,2中1,未勝利,未勝利,7,13,ヤマトコウセイ,牝,3,小林脩斗,51▲,16,8,１, ,ダ1200,良,,(美),武井亮,1123,-0.0,,2,2,37.2,454,+12,
,"2022. 2.26",中山,2中1,未勝利,未勝利,4,8,ミストルティン,牡,3,田辺裕信, 56 ,16,2,１, ,ダ1800,良,,(美),加藤士津,1548,-1.3,1,1,1,38.9,458,+6,
,"2022. 2.26",中山,2中1,未勝利,未勝利,6,12,リュタン,牡,3,松岡正海, 56 ,16,7,１, ,ダ1200,良,,(美),武藤善則,1128,-0.2,,2,2,38.1,490,+4,
,"2022. 2.26",中山,2中1,未勝利,未勝利・牝,5,10,バーリンギャップ,牝,3,三浦皇成, 54 ,16,8,１, ,ダ1800,良,,(美),萩原清,1547,-1.7,2,2,2,38.0,496,+8,
,"2022. 1.23",中山,1中8,2勝,２勝ｸﾗｽ,3,3,リーガルバトル,牡,5,横山武史, 57 ,9,3,１, ,芝1600,良,,(美),高橋文雅,1358,-0.2,1,3,2,34.7,532,+6,
,"2022. 1.23",中山,1中8,Ｇ２,アメリカG2,1,1,キングオブコージ,牡,6,横山典弘, 56 ,14,3,１, ,芝2200,良,,(栗),安田翔伍,2127,-0.2,13,12,8,34.7,496,-8,
,"2022. 1.23",中山,1中8,3勝,江戸川Ｈ･3勝,2,2,スペクタクル,牡,4,戸崎圭太, 55 ,12,1,１, ,ダ1200,良,,(美),武藤善則,1111,-0.1,,7,5,36.6,500,+2,
,"2022. 1.23",中山,1中8,1勝,若竹賞･1勝*,7,8,シンティレーション,牝,3,横山武史, 54 ,11,2,１, ,芝1800,良,,(美),池上昌和,1491,-0.0,6,7,6,35.3,462,+12,
,"2022. 1.23",中山,1中8,2勝,２勝ｸﾗｽ,6,12,シゲルヒラトリ,牡,4,永野猛蔵,53▲,16,1,１, ,ダ1200,良,,(美),水野貴広,1114,-0.0,,3,3,36.9,486,-4,
,"2022. 1.23",中山,1中8,1勝,１勝ｸﾗｽ・牝,8,10,カフェプリンセス,牝,4,ルメール, 54 ,10,1,１, ,ダ1800,良,,(美),中舘英二,1540,-1.2,3,2,2,38.7,480,0,
,"2022. 1.23",中山,1中8,新馬,新馬,6,8,エバーハンティング,牝,3,横山琉人,51▲,13,3,１, ,芝2000,良,,(美),小島茂之,2044,-0.0,1,1,1,35.9,410,,
,"2022. 1.23",中山,1中8,未勝利,未勝利,2,2,モネータドーロ,牡,3,ルメール, 56 ,11,2,１, ,芝2200,良,,(美),宗像義忠,2159,-0.1,8,2,1,36.2,474,+2,
,"2022. 1.23",中山,1中8,1勝,１勝ｸﾗｽ,6,12,ノボベルサイユ,牝,4,石川裕紀, 54 ,16,2,１, ,ダ1200,良,,(美),小野次郎,1119,-0.4,,5,3,37.1,476,-6,
,"2022. 1.23",中山,1中8,未勝利,未勝利,1,1,レッドラパルマ,牡,3,ルメール, 56 ,11,1,１, ,ダ1800,良,,(美),加藤征弘,1564,-0.1,7,5,3,39.4,490,+12,
,"2022. 1.23",中山,1中8,未勝利,未勝利・牝,8,13,タマモバンケット,牝,3,菊沢一樹, 54 ,13,2,１, ,ダ1800,良,,(美),菊沢隆徳,1572,-0.0,2,2,2,38.4,474,-2,
,"2022. 1.23",中山,1中8,未勝利,未勝利,6,12,ハクサンパール,牝,3,横山琉人,51▲,16,4,１, ,ダ1200,良,,(美),新開幸一,1126,-0.1,,8,8,37.6,446,-2,
,"2022. 1.22",中山,1中7,1勝,１勝ｸﾗｽ,7,9,ホウオウリアリティ,牡,4,大野拓弥, 56 ,11,5,１, ,芝2200,良,,(美),高木登,2142,-0.5,3,1,1,35.2,484,+16,
,"2022. 1.22",中山,1中7,3勝,初富士Ｈ･3勝,8,11,レッドライデン,牡,5,大野拓弥, 54 ,11,6,１, ,芝2000,良,*,(美),鹿戸雄一,2013,-0.1,1,1,1,35.5,500,+2,
,"2022. 1.22",中山,1中7,2勝,初茜賞･2勝,8,13,コーラスケイト,牝,4,ルメール, 54 ,13,3,１, ,ダ1800,良,,(栗),新谷功一,1538,-0.2,3,3,2,38.0,518,+2,
,"2022. 1.22",中山,1中7,2勝,東雲賞･2勝,5,5,スパイラルノヴァ,牡,4,Ｍ．デム, 56 ,7,3,１, ,芝1800,良,,(栗),藤岡健一,1487,-0.2,4,5,3,34.5,488,-2,
,"2022. 1.22",中山,1中7,1勝,１勝ｸﾗｽ,8,13,クリーンドリーム,牡,4,横山武史, 56 ,14,3,１, ,ダ1800,良,,(美),鈴木伸尋,1531,-0.4,7,7,5,38.2,482,+2,
,"2022. 1.22",中山,1中7,1勝,１勝ｸﾗｽ*,6,12,アイヴォリードレス,牝,3,ルメール, 54 ,16,1,１, ,ダ1200,良,,(美),菊沢隆徳,1119,-0.4,,2,2,37.8,454,+6,
,"2022. 1.22",中山,1中7,未勝利,未勝利,5,8,エンギダルマ,牡,3,横山武史, 56 ,14,1,１, ,芝2000,良,,(美),手塚貴久,2027,-0.1,4,3,3,36.2,506,+12,
,"2022. 1.22",中山,1中7,未勝利,未勝利,8,16,エスペラント,牡,3,ルメール, 56 ,16,1,１, ,芝1600,良,,(美),武藤善則,1353,-0.0,8,2,3,36.1,466,+2,
,"2022. 1.22",中山,1中7,新馬,新馬,1,2,ジョイス,牡,3,横山武史, 56 ,16,1,１, ,ダ1800,良,,(美),斎藤誠,1568,-0.6,3,3,3,38.2,512,,
,"2022. 1.22",中山,1中7,新馬,新馬,7,13,クールライズ,牡,3,永野猛蔵,53▲,16,1,１, ,ダ1200,良,,(美),伊藤圭三,1123,-1.5,,2,2,37.6,472,,
,"2022. 1.22",中山,1中7,未勝利,未勝利,2,2,イーサンバーニング,牡,3,江田照男, 56 ,13,3,１, ,ダ1800,良,,(美),中野栄治,1568,-0.0,12,9,7,38.7,504,+12,
,"2022. 1.22",中山,1中7,未勝利,未勝利,6,12,サカエショウ,牡,3,横山武史, 56 ,16,1,１, ,ダ1200,良,,(美),大竹正博,1120,-0.7,,2,2,37.7,514,0,
,"2022. 1.16",中山,1中6,2勝,２勝ｸﾗｽ,4,6,ショウナンバービー,牝,5,岩田康誠, 55 ,14,9,１, ,芝1200,良,,(美),田中剛,1094,-0.1,,2,2,35.1,506,0,
,"2022. 1.16",中山,1中6,Ｇ３,京成杯G3,5,10,オニャンコポン,牡,3,菅原明良, 56 ,16,6,１, ,芝2000,良,,(美),小島茂之,2013,-0.2,6,10,10,34.7,466,-8,
,"2022. 1.16",中山,1中6,ｵｰﾌﾟﾝ,ジャニュ,2,3,アポロビビ,牡,6,吉田豊, 57 ,16,2,１, ,ダ1200,良,,(美),中舘英二,1109,-0.1,,12,11,35.6,470,+2,
,"2022. 1.16",中山,1中6,3勝,サンライ･3勝,2,3,ロードベイリーフ,牡,5,ルメール, 57 ,16,5,１, ,芝1200,良,,(栗),森田直行,1089,-0.0,,7,7,34.5,492,+8,
,"2022. 1.16",中山,1中6,1勝,１勝ｸﾗｽ,6,8,ヒートヘイズ,牡,4,石川裕紀, 56 ,12,4,１, ,ダ1800,良,,(美),相沢郁,1549,-0.0,6,4,2,39.3,492,+6,B
,"2022. 1.16",中山,1中6,1勝,１勝ｸﾗｽ,4,7,ロードミッドナイト,牡,4,三浦皇成, 56 ,16,1,１, ,ダ1200,良,,(美),田中博康,1124,-0.1,,2,2,37.6,534,+2,
,"2022. 1.16",中山,1中6,新馬,新馬,4,7,ウインエクレール,牝,3,松岡正海, 54 ,16,1,１, ,芝1600,良,,(美),畠山吉宏,1363,-0.1,3,3,3,35.3,462,,
,"2022. 1.16",中山,1中6,未勝利,未勝利・牝,2,3,ハピネスアゲン,牝,3,江田照男, 54 ,16,1,１, ,芝1600,良,,(美),萱野浩二,1360,-0.1,13,11,12,35.6,446,+4,
,"2022. 1.16",中山,1中6,新馬,新馬・牝,2,2,チャプリ,牝,3,菅原明良, 54 ,14,3,１, ,ダ1800,良,,(美),高木登,1568,-0.8,3,6,6,39.1,472,,
,"2022. 1.16",中山,1中6,未勝利,未勝利,6,11,ホウオウニンジャ,牡,3,和田竜二, 56 ,16,6,１, ,ダ1800,良,,(美),大竹正博,1563,-0.2,15,3,3,39.7,536,+20,
,"2022. 1.16",中山,1中6,未勝利,未勝利・牝,8,15,ホノノディーヴァ,牝,3,内田博幸, 54 ,15,1,１, ,ダ1800,良,,(美),林徹,1558,-0.9,2,2,2,39.0,482,-8,
,"2022. 1.16",中山,1中6,未勝利,未勝利,3,5,ゲンパチプライド,牡,3,横山琉人,53▲,16,4,１, ,ダ1200,良,,(美),堀井雅広,1130,-0.2,,7,7,37.8,466,-2,
,"2022. 1.15",中山,1中5,2勝,２勝ｸﾗｽ,7,8,ブレークアップ,牡,4,永野猛蔵,53▲,11,4,１, ,芝2200,良,,(美),黒岩陽一,2167,-0.2,1,1,1,35.3,494,+2,
,"2022. 1.15",中山,1中5,ｵｰﾌﾟﾝ,カーバンＨ,3,5,サンライズオネスト,牡,5,北村宏司, 54 ,16,4,１, ,芝1200,良,,(栗),河内洋,1087,-0.1,,7,8,34.9,470,+6,
,"2022. 1.15",中山,1中5,3勝,アレキＨ･3勝,6,7,デュアライズ,牡,6,菅原明良, 55 ,12,6,１, ,ダ1800,良,,(美),中舘英二,1536,-0.0,11,10,7,37.4,458,+6,
,"2022. 1.15",中山,1中5,1勝,菜の花賞･1勝,1,1,サウンドビバーチェ,牝,3,石橋脩, 54 ,11,1,１, ,芝1600,良,,(栗),高柳大輔,1351,-0.3,3,4,4,35.7,474,+2,
,"2022. 1.15",中山,1中5,2勝,２勝ｸﾗｽ,8,15,ホウオウルバン,牡,4,内田博幸, 56 ,15,6,１, ,ダ1800,良,*,(美),池上昌和,1537,-0.5,2,2,2,39.1,524,0,B
,"2022. 1.15",中山,1中5,1勝,１勝ｸﾗｽ・牝,5,9,マイヨアポア,牝,4,小林脩斗,51▲,16,1,１, ,ダ1200,良,,(美),和田正一,1116,-0.2,,13,11,36.4,466,+10,
,"2022. 1.15",中山,1中5,1勝,１勝ｸﾗｽ,2,2,ルドヴィクス,牡,4,菅原明良, 56 ,10,2,１, ,ダ1800,良,,(美),久保田貴,1559,-0.1,3,3,3,38.5,516,-6,
,"2022. 1.15",中山,1中5,未勝利,未勝利,7,11,オウケンボルト,牡,3,Ｍ．デム, 56 ,13,1,１, ,芝2000,良,,(美),土田稔,2044,-0.1,1,1,1,36.1,452,-2,
,"2022. 1.15",中山,1中5,新馬,新馬,1,1,グリューヴルム,牡,3,石橋脩, 56 ,8,1,１, ,ダ1800,稍,,(栗),大久保龍,1574,-0.5,5,2,2,39.5,476,,
,"2022. 1.15",中山,1中5,未勝利,未勝利,2,3,アポロマジェスティ,牡,3,吉田豊, 56 ,16,2,１, ,ダ1200,稍,,(美),稲垣幸雄,1132,-0.1,,4,4,38.7,478,+10,
,"2022. 1.15",中山,1中5,未勝利,未勝利,3,5,ギャラクシーナイト,牡,3,菊沢一樹, 56 ,16,3,１, ,ダ1800,稍,,(美),菊沢隆徳,1555,-0.3,1,1,1,39.0,494,+4,
,"2022. 1.15",中山,1中5,未勝利,未勝利・牝,7,14,アレクサンドラ,牝,3,Ｍ．デム, 54 ,16,4,１, ,ダ1200,稍,,(美),矢野英一,1128,-0.0,,2,2,38.2,494,-2,
,"2022. 1.10",中山,1中4,1勝,１勝ｸﾗｽ,6,11,スリートップキズナ,牡,4,石橋脩, 56 ,16,1,１, ,芝1600,良,,(美),伊藤圭三,1343,-0.0,12,10,9,34.9,454,-4,B
,"2022. 1.10",中山,1中4,Ｇ３,フェアリG3,4,8,ライラック,牝,3,Ｍ．デム, 54 ,16,5,１, ,芝1600,良,,(美),相沢郁,1352,-0.1,16,9,10,34.7,420,-4,
,"2022. 1.10",中山,1中4,3勝,迎春Ｓ･3勝,5,8,スマイル,牡,6,ルメール, 57 ,15,4,１, ,芝2200,良,,(美),堀宣行,2147,-0.3,4,3,2,35.1,540,+6,B
,"2022. 1.10",中山,1中4,2勝,成田特別･2勝,5,8,レッドソルダード,セ,4,大野拓弥, 56 ,14,6,１, ,ダ2400,良,*,(栗),奥村豊,2365,-0.2,1,1,1,38.9,494,+4,
,"2022. 1.10",中山,1中4,2勝,２勝ｸﾗｽ,3,6,キミワテル,牡,4,ルメール, 56 ,16,1,１, ,ダ1200,良,,(美),武藤善則,1114,-0.0,,5,3,36.8,496,-2,
,"2022. 1.10",中山,1中4,1勝,１勝ｸﾗｽ,8,15,ロスコフ,牡,4,横山武史, 56 ,16,2,１, ,ダ1800,良,,(美),久保田貴,1543,-1.1,2,2,1,38.4,494,+4,
,"2022. 1.10",中山,1中4,新馬,新馬,6,7,キングズソード,牡,3,藤岡佑介, 56 ,11,1,１, ,ダ1800,良,,(栗),寺島良,1568,-0.2,1,1,1,38.8,500,,
,"2022. 1.10",中山,1中4,未勝利,未勝利,8,17,スリーエクスプレス,牡,3,横山武史, 56 ,17,1,１, ,芝2000,良,,(美),伊藤圭三,2041,-0.1,5,3,3,37.0,486,+2,B
,"2022. 1.10",中山,1中4,新馬,新馬・牝,4,8,ラブリネスオーバー,牝,3,三浦皇成, 54 ,16,2,１, ,ダ1200,良,,(美),高柳瑞樹,1122,-0.7,,2,2,37.9,502,,
,"2022. 1.10",中山,1中4,未勝利,未勝利,6,10,サノラキ,牡,3,松岡正海, 56 ,15,7,１, ,ダ1800,良,,(美),中舘英二,1573,-0.0,5,5,3,39.9,492,-4,B
,"2022. 1.10",中山,1中4,未勝利,未勝利・牝,3,5,カランセ,牝,3,伊藤工真, 54 ,16,3,１, ,ダ1800,良,,(美),金成貴史,1566,-0.3,11,8,3,39.6,474,+2,
,"2022. 1.10",中山,1中4,未勝利,未勝利,5,10,リオンラファール,牡,3,Ｍ．デム, 56 ,16,5,１, ,ダ1200,良,,(美),矢野英一,1122,-0.2,,2,2,38.3,526,+10,
,"2022. 1. 9",中山,1中3,2勝,２勝ｸﾗｽ,7,12,ヒメノカリス,牝,5,横山武史, 55 ,14,3,１, ,芝1600,良,,(栗),池江泰寿,1333,-0.9,2,2,2,35.8,456,0,B
,"2022. 1. 9",中山,1中3,ｵｰﾌﾟﾝ,ポルック,2,4,ダノンスプレンダー,牡,6,横山和生, 57 ,16,1,１, ,ダ1800,良,,(栗),安田隆行,1532,-0.0,5,4,4,37.8,510,+4,B
,"2022. 1. 9",中山,1中3,3勝,若潮ＳＨ･3勝,1,1,エイシンチラー,牝,4,Ｍ．デム, 52 ,13,1,１, ,芝1600,良,,(美),田中剛,1342,-0.1,4,4,3,34.9,470,0,
,"2022. 1. 9",中山,1中3,1勝,朱竹賞･1勝*,2,2,リトス,牝,3,石川裕紀, 54 ,12,6,１, ,芝1200,良,,(美),高橋裕,1088,-0.3,,1,1,35.5,408,0,
,"2022. 1. 9",中山,1中3,1勝,１勝ｸﾗｽ,3,4,メラーキ,牡,5,戸崎圭太, 57 ,15,6,１, ,ダ2400,良,,(美),稲垣幸雄,2360,-0.1,1,1,1,38.0,492,+6,
,"2022. 1. 9",中山,1中3,1勝,１勝ｸﾗｽ,5,9,ロレンツォ,牡,4,石川裕紀, 56 ,16,6,１, ,ダ1200,良,,(美),加藤征弘,1119,-0.0,,13,13,36.0,480,+10,
,"2022. 1. 9",中山,1中3,新馬,新馬,7,11,マイネルニコラス,牡,3,柴田大知, 56 ,14,3,１, ,芝2000,稍,,(美),高橋裕,2055,-0.2,6,4,2,34.5,502,,
,"2022. 1. 9",中山,1中3,未勝利,未勝利,2,3,ゴーゴーユタカ,牡,3,横山武史, 56 ,16,1,１, ,芝1600,稍,,(美),武井亮,1348,-0.1,3,4,3,35.7,486,-2,
,"2022. 1. 9",中山,1中3,未勝利,障害未勝利,1,1,ヤマノグリッターズ,牡,4,大庭和弥, 59 ,13,5,１, ,ダ2880,稍,,(美),田中清隆,3140,-0.0,2,2,2,13.5,500,+2,
,"2022. 1. 9",中山,1中3,未勝利,未勝利,1,2,イカロス,牡,3,横山琉人,53▲,16,2,１, ,ダ1200,良,,(美),武藤善則,1126,-0.9,,1,1,37.4,486,-2,
,"2022. 1. 9",中山,1中3,未勝利,未勝利,6,11,パワーブローキング,牡,3,横山和生, 56 ,16,1,１, ,ダ1800,良,,(美),栗田徹,1567,-0.0,2,2,2,38.5,520,+20,
,"2022. 1. 9",中山,1中3,未勝利,未勝利・牝,1,2,ローズブルーム,牝,3,Ｍ．デム, 54 ,16,4,１, ,ダ1200,良,,(美),伊藤大士,1128,-0.0,,11,9,38.0,450,+6,
,"2022. 1. 8",中山,1中2,2勝,２勝ｸﾗｽ・牝,4,4,ヴィオリーナ,牝,5,三浦皇成, 55 ,11,3,１, ,芝1800,稍,,(栗),中内田充,1493,-0.0,4,4,3,34.6,462,-4,B
,"2022. 1. 8",中山,1中2,OP(L),ニューイ(L),4,7,カラテ,牡,6,菅原明良, 58 ,16,1,１, ,芝1600,稍,,(美),高橋祥泰,1334,-0.0,9,10,10,34.3,532,0,
,"2022. 1. 8",中山,1中2,3勝,初春Ｓ･3勝,7,14,アーバンイェーガー,牡,8,吉田豊, 57 ,16,4,１, ,ダ1200,稍,*,(美),高橋文雅,1106,-0.1,,10,9,35.8,522,0,
,"2022. 1. 8",中山,1中2,1勝,黒竹賞･1勝*,8,16,ホウオウルーレット,牡,3,横山和生, 56 ,16,1,１, ,ダ1800,稍,,(美),栗田徹,1543,-1.0,2,2,1,37.4,498,+4,
,"2022. 1. 8",中山,1中2,ｵｰﾌﾟﾝ,中山新春,7,11,フリーフリッカー,牡,8,森一馬, 60 ,14,1,１, ,ダ3200,稍,,(栗),安田隆行,3347,-2.1,3,1,1,13.4,490,-4,
,"2022. 1. 8",中山,1中2,1勝,１勝ｸﾗｽ,8,15,ロングジャーニー,牝,4,菅原明良, 54 ,16,4,１, ,ダ1200,稍,,(美),武市康男,1117,-0.0,,2,2,37.5,472,+4,
,"2022. 1. 8",中山,1中2,新馬,新馬,2,3,リヴォリ,牝,3,石橋脩, 54 ,16,2,１, ,芝1600,稍,,(栗),藤原英昭,1357,-0.9,2,2,2,35.4,480,,
,"2022. 1. 8",中山,1中2,未勝利,未勝利,4,6,メイプルリッジ,牡,3,石橋脩, 56 ,15,3,１, ,芝2200,稍,,(美),堀宣行,2158,-0.0,3,4,3,36.2,470,+10,B
,"2022. 1. 8",中山,1中2,1勝,１勝ｸﾗｽ・牝,6,12,クロフネミッション,牝,4,菅原明良, 54 ,16,1,１, ,ダ1800,稍,,(美),新開幸一,1545,-0.7,2,1,1,38.6,536,+4,
,"2022. 1. 8",中山,1中2,新馬,新馬,7,13,サザンエルフ,牝,3,戸崎圭太, 54 ,15,1,１, ,ダ1200,稍,,(美),中川公成,1122,-0.4,,8,7,36.7,444,,
,"2022. 1. 8",中山,1中2,未勝利,未勝利,1,2,ロードヴァレンチ,セ,3,内田博幸, 56 ,16,1,１, ,ダ1800,稍,,(美),中舘英二,1562,-0.6,1,1,1,39.9,470,+2,
,"2022. 1. 8",中山,1中2,未勝利,未勝利,8,15,ビップソリオ,牡,3,小林凌大,53▲,16,2,１, ,ダ1200,稍,,(美),田島俊明,1125,-0.0,,5,4,38.1,516,+10,
,"2022. 1. 5",中山,1中1,2勝,２勝ｸﾗｽ,7,8,レッドライデン,牡,5,三浦皇成, 57 ,10,5,１, ,芝2000,良,,(美),鹿戸雄一,2019,-0.3,1,1,1,36.3,498,+8,
,"2022. 1. 5",中山,1中1,Ｇ３,中山金杯ＨG3,4,8,レッドガラン,牡,7,斎藤新, 56 ,17,4,１, ,芝2000,良,,(栗),安田隆行,2001,-0.4,5,6,6,35.2,520,-6,
,"2022. 1. 5",中山,1中1,OP(L),ジュニア(L),4,4,インダストリア,牡,3,戸崎圭太, 56 ,9,2,１, ,芝1600,良,,(美),宮田敬介,1349,-0.4,4,5,4,34.3,494,+10,
,"2022. 1. 5",中山,1中1,3勝,招福Ｓ･3勝,2,2,ヴィーダ,セ,7,勝浦正樹, 57 ,10,4,１, ,ダ1800,良,,(美),堀井雅広,1540,-0.1,4,4,4,39.7,460,+6,
,"2022. 1. 5",中山,1中1,2勝,２勝ｸﾗｽ,4,8,ハコダテブショウ,牡,4,石川裕紀, 56 ,16,5,１, ,ダ1200,良,,(美),相沢郁,1106,-0.5,,1,1,37.5,500,+6,B
,"2022. 1. 5",中山,1中1,2勝,２勝ｸﾗｽ,6,12,オンザライン,牡,4,横山武史, 56 ,16,3,１, ,ダ1800,良,*,(美),大和田成,1540,-0.0,4,3,3,37.9,460,+14,
,"2022. 1. 5",中山,1中1,1勝,１勝ｸﾗｽ,7,13,アオイゴールド,牝,4,黛弘人, 54 ,16,10,１, ,芝2000,良,,(美),和田雄二,2002,-0.1,1,1,1,36.7,466,+4,
,"2022. 1. 5",中山,1中1,1勝,１勝ｸﾗｽ*,8,8,アスクビクターモア,牡,3,田辺裕信, 56 ,9,1,１, ,芝2000,良,,(美),田村康仁,2019,-0.0,4,2,3,34.1,478,+10,
,"2022. 1. 5",中山,1中1,新馬,新馬,5,5,エクセスリターン,牡,3,藤井勘一, 56 ,11,3,１, ,ダ1800,良,,(栗),野中賢二,1589,-0.4,5,3,1,39.1,542,,B
,"2022. 1. 5",中山,1中1,未勝利,未勝利,3,5,クアトロマジコ,牡,3,横山和生, 56 ,15,2,１, ,ダ1800,良,,(美),宮田敬介,1562,-0.3,2,2,1,38.8,522,+4,
,"2022. 1. 5",中山,1中1,未勝利,未勝利・牝,1,1,シンボリックレルム,牝,3,団野大成, 54 ,16,4,１, ,ダ1800,良,,(美),水野貴広,1566,-0.0,6,6,5,39.4,484,+6,
,"2022. 1. 5",中山,1中1,未勝利,未勝利,8,15,ニシノアナ,牝,3,横山琉人,51▲,16,4,１, ,ダ1200,良,,(美),相沢郁,1125,-0.0,,2,2,37.6,456,+4,
,2021.12.28,中山,5中9,3勝,立志Ｓ･3勝,1,1,ノルカソルカ,牡,4,横山武史, 57 ,12,1,１, ,芝1600,良,,(栗),藤岡健一,1339,-0.0,1,1,1,35.7,504,-4,
,2021.12.28,中山,5中9,Ｇ１,ホープフG1,3,5,キラーアビリティ,牡,2,横山武史, 55 ,15,2,１, ,芝2000,良,,(栗),斉藤崇史,2006,-0.2,3,3,3,35.8,468,-2,
,2021.12.28,中山,5中9,2勝,ベストウ･2勝,5,9,ミエノワールド,牡,4,ルメール, 57 ,16,1,１, ,ダ1200,良,,(栗),西園正都,1112,-0.2,,4,4,36.7,510,+6,
,2021.12.28,中山,5中9,2勝,ヤングジ･2勝,6,12,マーキュリーセブン,牡,4,飛田愛斗, 57 ,16,5,１, ,ダ1800,良,,(美),加藤士津,1550,-0.0,5,4,4,39.7,458,-2,B
,2021.12.28,中山,5中9,1勝,１勝ｸﾗｽ,1,1,シゲルヒラトリ,牡,3,角田大和,53▲,16,5,１, ,ダ1200,良,,(美),水野貴広,1110,-0.2,,3,2,37.1,490,+12,
,2021.12.28,中山,5中9,1勝,ヤングジ･1勝,4,7,スウェアー,牡,4,魚住謙心, 57 ,16,11,１, ,芝2000,良,,(美),石栗龍彦,2029,-0.0,6,5,4,36.5,534,+8,
,2021.12.28,中山,5中9,新馬,新馬,1,1,ギユウ,牡,2,松田大作, 55 ,14,2,１, ,ダ1200,良,,(栗),清水久詞,1131,-0.4,,1,1,38.8,454,,
,2021.12.28,中山,5中9,新馬,新馬,8,8,アクアテラリウム,牡,2,Ｃ．デム, 55 ,8,3,１, ,芝2000,良,,(美),鹿戸雄一,2069,-0.0,1,1,1,35.8,468,,
,2021.12.28,中山,5中9,未勝利,未勝利*,4,7,レッドモンレーヴ,牡,2,ルメール, 55 ,16,1,１, ,芝1800,良,,(美),藤沢和雄,1503,-0.2,4,4,4,34.7,494,+2,
,2021.12.28,中山,5中9,未勝利,未勝利*,3,5,クロスマジェスティ,牝,2,ルメール, 54 ,15,1,１, ,芝1600,良,,(美),水野貴広,1358,-0.1,2,2,2,35.7,468,-2,
,2021.12.28,中山,5中9,未勝利,未勝利*,4,8,イスカンダル,牡,2,岩田望来, 55 ,16,5,１, ,ダ1800,良,,(美),岩戸孝樹,1563,-0.2,1,1,1,38.8,454,+4,
,2021.12.28,中山,5中9,未勝利,未勝利*,7,14,トーアスカーレット,牝,2,菊沢一樹, 54 ,16,4,１, ,ダ1200,良,,(美),勢司和浩,1130,-0.1,,8,7,37.8,466,+4,
,2021.12.26,中山,5中8,2勝,キャンド･2勝,7,13,コスモアンジュ,牝,4,丹内祐次, 55 ,16,3,１, ,芝1200,良,,(美),武藤善則,1091,-0.1,,2,2,35.9,500,+2,
,2021.12.26,中山,5中8,Ｇ１,有馬記念G1,5,10,エフフォーリア,牡,3,横山武史, 55 ,16,1,１, ,芝2500,良,,(美),鹿戸雄一,2320,-0.1,9,8,5,35.9,516,+2,
,2021.12.26,中山,5中8,3勝,フェアウ･3勝,1,2,ショウナンアニメ,牡,4,菅原明良, 57 ,16,5,１, ,ダ1200,良,,(栗),吉村圭司,1106,-0.0,,1,1,37.1,496,+6,
,2021.12.26,中山,5中8,2勝,グッドＨ･2勝,3,6,コーストライン,牝,3,永野猛蔵, 51 ,16,7,１, ,芝2500,良,,(美),上原博之,2354,-0.1,5,7,4,35.9,464,+2,B
,2021.12.26,中山,5中8,2勝,冬至特別･2勝,8,15,リンカーンテソーロ,牡,3,横山和生, 56 ,16,1,１, ,ダ1200,良,,(美),加藤士津,1115,-0.1,,3,2,37.5,462,-2,B
,2021.12.26,中山,5中8,1勝,１勝ｸﾗｽ,8,15,ホウオウルバン,牡,3,和田竜二, 56 ,16,11,１, ,ダ1800,良,,(美),池上昌和,1542,-0.0,16,2,2,39.0,524,-2,
,2021.12.26,中山,5中8,新馬,新馬,8,16,ローブエリタージュ,牝,2,ルメール, 54 ,16,2,１, ,芝1600,良,,(美),手塚貴久,1376,-0.2,8,8,5,35.5,396,,
,2021.12.26,中山,5中8,新馬,新馬,8,15,ライヴアメシスト,牝,2,小林脩斗,51▲,16,11,１, ,ダ1200,良,,(美),黒岩陽一,1136,-0.0,,9,8,37.0,420,,
,2021.12.26,中山,5中8,未勝利,未勝利*,3,5,デインティハート,牝,2,Ｍ．デム, 54 ,18,3,１, ,芝2000,良,,(美),黒岩陽一,2026,-0.2,13,3,2,35.4,498,+4,
,2021.12.26,中山,5中8,未勝利,未勝利*,1,2,ネレイド,牝,2,戸崎圭太, 54 ,16,1,１, ,芝1200,良,,(美),粕谷昌央,1099,-0.2,,1,1,36.0,442,0,
,2021.12.26,中山,5中8,未勝利,未勝利*,5,8,トモジャワールド,牡,2,戸崎圭太, 55 ,14,1,１, ,ダ1800,良,,(美),小笠倫弘,1547,-1.1,1,1,1,39.5,530,0,
,2021.12.26,中山,5中8,未勝利,未勝利*,1,1,セイウンシデン,牡,2,丸山元気, 55 ,16,2,１, ,ダ1200,良,*,(美),稲垣幸雄,1117,-0.4,,1,1,38.4,504,+2,
,2021.12.25,中山,5中7,2勝,クリスマ･2勝,4,8,ソウルラッシュ,牡,3,浜中俊, 56 ,16,1,１, ,芝1600,稍,,(栗),池江泰寿,1341,-0.1,3,5,4,34.5,494,-4,B
,2021.12.25,中山,5中7,3勝,グレイＨ･3勝,2,2,ヴェローチェオロ,牡,3,戸崎圭太, 54 ,10,1,１, ,芝2500,稍,,(栗),須貝尚介,2340,-0.1,2,2,2,35.4,480,+10,
,2021.12.25,中山,5中7,ＪＧ１,中山大障JG1,3,3,オジュウチョウサン,牡,10,石神深一, 63 ,14,2,１, ,芝4100,稍,,(美),和田正一,4466,-0.5,2,1,1,14.0,510,0,
,2021.12.25,中山,5中7,1勝,ノエル賞･1勝,2,4,サニーオーシャン,牡,3,田辺裕信, 56 ,16,4,１, ,芝1200,稍,,(美),中野栄治,1093,-0.0,,8,7,34.8,462,+12,
,2021.12.25,中山,5中7,1勝,１勝ｸﾗｽ,8,15,スターリングワース,牝,3,田辺裕信, 54 ,16,1,１, ,ダ1200,稍,,(美),中舘英二,1111,-0.1,,1,1,37.4,460,-4,
,2021.12.25,中山,5中7,1勝,１勝ｸﾗｽ*,7,14,タヤスゴールド,牡,2,江田照男, 55 ,16,1,１, ,ダ1200,稍,,(美),岩戸孝樹,1110,-0.3,,1,1,38.1,500,0,
,2021.12.25,中山,5中7,新馬,新馬,8,15,アローワン,牡,2,津村明秀, 55 ,15,2,１, ,ダ1800,稍,,(美),鈴木伸尋,1543,-2.0,1,1,1,37.6,494,,
,2021.12.25,中山,5中7,新馬,新馬,7,13,ルージュエヴァイユ,牝,2,戸崎圭太, 54 ,16,3,１, ,芝1800,稍,,(美),黒岩陽一,1506,-0.0,10,12,8,34.7,452,,
,2021.12.25,中山,5中7,未勝利,未勝利*,8,12,ポイズンアロウ,牡,2,横山武史, 55 ,13,1,１, ,ダ1800,稍,,(美),藤沢和雄,1555,-0.7,4,4,4,38.7,528,+8,
,2021.12.25,中山,5中7,未勝利,未勝利*,2,3,ニシノメグレス,牝,2,横山和生, 54 ,16,2,１, ,芝1600,稍,,(美),萱野浩二,1369,-0.1,1,1,1,36.1,414,+2,
,2021.12.25,中山,5中7,未勝利,未勝利・牝*,6,12,マリノプリエール,牝,2,永野猛蔵,51▲,16,2,１, ,ダ1800,稍,,(美),伊藤圭三,1556,-0.9,1,1,1,37.9,462,0,
,2021.12.25,中山,5中7,未勝利,未勝利*,1,1,サンマルクレイジー,牡,2,松岡正海, 55 ,16,9,１, ,ダ1200,稍,,(美),中野栄治,1126,-0.1,,4,4,37.9,412,+2,
,2021.12.19,中山,5中6,1勝,１勝ｸﾗｽ,4,4,ボーンジーニアス,牡,3,田辺裕信, 55 ,13,1,１, ,芝2500,良,,(美),小西一男,2341,-0.0,6,7,7,34.7,456,+4,
,2021.12.19,中山,5中6,OP(L),ディセン(L),1,2,ローザノワール,牝,5,田中勝春, 54 ,16,6,１, ,芝1800,良,,(栗),西園正都,1477,-0.2,1,1,1,35.2,476,+6,B
,2021.12.19,中山,5中6,3勝,北総Ｓ･3勝,4,6,ホールシバン,牡,3,津村明秀, 56 ,14,1,１, ,ダ1800,稍,,(栗),高橋義忠,1511,-0.2,7,7,5,36.9,532,+8,
,2021.12.19,中山,5中6,2勝,舞浜特別･2勝,2,3,ディスモーメント,牡,5,石橋脩, 57 ,16,5,１, ,ダ1200,稍,,(美),宮田敬介,1113,-0.0,,13,11,36.0,534,+2,
,2021.12.19,中山,5中6,1勝,１勝ｸﾗｽ・牝,4,7,ブルーカルセドニー,牝,3,横山和生, 54 ,16,3,１, ,ダ1800,稍,,(美),小野次郎,1524,-0.6,3,3,3,37.8,444,-4,
,2021.12.19,中山,5中6,未勝利,未勝利*,1,2,エールトゥヘヴン,牡,2,田辺裕信, 55 ,16,2,１, ,芝1600,良,,(美),戸田博文,1351,-0.2,8,10,4,34.9,458,-2,
,2021.12.19,中山,5中6,新馬,新馬,3,5,スコラーリ,牡,2,横山武史, 55 ,16,1,１, ,ダ1200,稍,,(美),萩原清,1127,-0.1,,3,3,37.7,470,,
,2021.12.19,中山,5中6,新馬,新馬,6,12,アオイモエ,牝,2,石橋脩, 54 ,16,2,１, ,芝1600,良,,(美),中舘英二,1368,-0.4,3,3,2,35.1,404,,
,2021.12.19,中山,5中6,未勝利,障害未勝利,1,1,テトラルキア,セ,6,大江原圭, 60 ,11,2,１, ,ダ2880,良,*,(美),大和田成,3167,-0.3,7,2,2,13.7,498,0,
,2021.12.19,中山,5中6,未勝利,未勝利・牝*,1,1,ブルトンクール,牝,2,菅原明良, 54 ,16,5,１, ,芝1800,良,,(美),新開幸一,1493,-0.0,1,1,1,35.5,446,+12,
,2021.12.19,中山,5中6,未勝利,未勝利*,6,12,キボウノホシ,牡,2,田辺裕信, 55 ,16,3,１, ,ダ1800,稍,,(美),奥平雅士,1550,-0.6,11,2,2,39.5,486,-2,
,2021.12.19,中山,5中6,未勝利,未勝利*,6,11,ゼンカイテン,牡,2,大野拓弥, 55 ,16,1,１, ,ダ1200,稍,,(美),矢野英一,1115,-0.5,,2,2,37.3,462,+2,
,2021.12.18,中山,5中5,2勝,２勝ｸﾗｽ,5,8,ヤマニンデンファレ,牝,3,江田照男, 54 ,14,8,１, ,芝1800,稍,,(美),辻哲英,1494,-0.0,2,3,3,35.2,484,+10,
,2021.12.18,中山,5中5,Ｇ３,ターコイＨG3,1,2,ミスニューヨーク,牝,4,Ｍ．デム, 53 ,16,4,１, ,芝1600,稍,,(栗),杉山晴紀,1328,-0.2,16,15,14,34.6,462,0,
,2021.12.18,中山,5中5,2勝,香取特Ｈ･2勝,7,13,グロリアムンディ,牡,3,Ｍ．デム, 54 ,16,2,１, ,ダ2400,稍,,(栗),大久保龍,2343,-0.0,2,1,1,38.5,494,-8,B
,2021.12.18,中山,5中5,1勝,ひいらぎ･1勝,7,8,ティーガーデン,牡,2,横山武史, 55 ,10,3,１, ,芝1600,稍,,(美),萩原清,1351,-0.0,4,5,3,35.6,504,+12,
,2021.12.18,中山,5中5,1勝,１勝ｸﾗｽ,5,9,フォックススリープ,牡,3,菅原明良, 56 ,16,3,１, ,ダ1200,稍,,(美),武井亮,1110,-0.2,,2,2,37.6,482,+10,B
,2021.12.18,中山,5中5,未勝利,未勝利*,3,5,ルークスヘリオス,牡,2,永野猛蔵,52▲,18,5,１, ,芝2000,稍,,(美),中川公成,2017,-0.3,8,7,5,36.6,484,0,
,2021.12.18,中山,5中5,新馬,新馬・牝,7,11,タヒチアンダンス,牝,2,ルメール, 54 ,14,1,１, ,ダ1800,重,,(美),加藤征弘,1536,-3.3,2,1,1,38.0,472,,
,2021.12.18,中山,5中5,新馬,新馬,4,4,ブリンディジ,牡,2,菅原明良, 55 ,13,5,１, ,芝2000,稍,,(美),岩戸孝樹,2053,-0.1,1,1,1,35.4,536,,
,2021.12.18,中山,5中5,未勝利,未勝利*,7,13,パーカッション,牡,2,菅原明良, 55 ,16,1,１, ,ダ1800,重,,(美),田中博康,1538,-0.2,2,2,2,37.3,544,+20,
,2021.12.18,中山,5中5,未勝利,未勝利*,8,15,ビップアクア,牝,2,ルメール, 54 ,16,1,１, ,ダ1200,重,*,(美),田島俊明,1114,-0.9,,4,4,37.4,442,-2,
,2021.12.18,中山,5中5,未勝利,未勝利*,1,2,ノクターナリティ,牡,2,大野拓弥, 55 ,16,3,１, ,ダ1800,重,,(美),上原博之,1562,-0.2,3,4,4,40.2,478,+6,B
,2021.12.18,中山,5中5,未勝利,未勝利・牝*,1,1,ウラカワノキセキ,牝,2,戸崎圭太, 54 ,16,1,１, ,ダ1200,重,,(美),田島俊明,1119,-0.6,,2,2,38.0,462,0,
,2021.12.12,中山,5中4,2勝,２勝ｸﾗｽ,6,8,グルアーブ,牝,4,石川裕紀, 55 ,13,8,１, ,芝1600,良,,(美),林徹,1340,-0.2,2,2,2,34.6,440,0,
,2021.12.12,中山,5中4,Ｇ３,カペラＳG3,2,4,ダンシングプリンス,牡,5,三浦皇成, 56 ,16,3,１, ,ダ1200,良,,(美),宮田敬介,1095,-0.1,,2,2,36.4,524,+8,
,2021.12.12,中山,5中4,3勝,常総ＳＨ･3勝,3,3,シングフォーユー,牝,5,戸崎圭太, 54 ,13,3,１, ,芝1800,良,,(美),牧光二,1484,-0.1,3,4,4,34.5,490,+2,
,2021.12.12,中山,5中4,2勝,チバテレ･2勝,5,10,エクレルシー,牡,3,菅原明良, 56 ,16,4,１, ,ダ1800,良,,(美),栗田徹,1533,-0.4,2,2,2,38.3,498,+8,B
,2021.12.12,中山,5中4,1勝,１勝ｸﾗｽ,5,9,クライミングリリー,牝,3,横山武史, 54 ,16,1,１, ,芝1800,良,,(美),国枝栄,1480,-0.1,10,14,12,34.3,464,+6,
,2021.12.12,中山,5中4,1勝,１勝ｸﾗｽ*,2,2,ウェルカムニュース,牡,2,横山武史, 55 ,10,2,１, ,ダ1800,良,,(栗),池江泰寿,1543,-0.0,3,3,3,38.1,496,+4,
,2021.12.12,中山,5中4,未勝利,未勝利*,2,3,ロジハービン,牡,2,戸崎圭太, 55 ,17,1,１, ,芝2000,良,,(美),国枝栄,2020,-0.1,7,8,8,35.1,526,+2,
,2021.12.12,中山,5中4,新馬,新馬,2,3,パンテレリア,牡,2,津村明秀, 55 ,16,2,１, ,芝1600,良,,(美),林徹,1367,-0.1,6,7,6,33.9,484,,
,2021.12.12,中山,5中4,未勝利,障害未勝利,6,6,アルトリウス,セ,7,蓑島靖典, 60 ,10,4,１, ,ダ2880,良,,(美),高橋文雅,3175,-1.5,1,1,1,13.7,476,+14,B
,2021.12.12,中山,5中4,未勝利,未勝利*,1,1,ペイシャカレン,牝,2,江田照男, 54 ,16,2,１, ,ダ1200,稍,,(美),粕谷昌央,1127,-0.2,,1,1,38.6,446,0,
,2021.12.12,中山,5中4,未勝利,未勝利*,5,9,ミエノナイスガイ,牡,2,石川裕紀, 55 ,15,10,１, ,ダ1800,稍,,(美),田中博康,1569,-0.2,4,2,3,39.2,460,0,
,2021.12.12,中山,5中4,未勝利,未勝利・牝*,5,10,プリーチトヤーン,牝,2,石川裕紀, 54 ,16,1,１, ,ダ1200,稍,,(美),斎藤誠,1124,-0.0,,3,2,37.9,460,0,
,2021.12.11,中山,5中3,2勝,２勝ｸﾗｽ・牝,4,4,ストゥーティ,牝,3,石橋脩, 54 ,10,1,１, ,芝2000,良,,(栗),奥村豊,2000,-0.1,1,1,1,35.4,424,+2,
,2021.12.11,中山,5中3,OP(L),師走ＳＨ(L),8,16,バレッティ,セ,7,野中悠太, 55 ,16,9,１, ,ダ1800,稍,,(美),久保田貴,1510,-0.1,5,5,4,37.4,510,0,B
,2021.12.11,中山,5中3,3勝,アクアラ･3勝,6,12,チェーンオブラブ,牝,4,菅原明良, 55 ,16,8,１, ,ダ1200,稍,,(美),小笠倫弘,1104,-0.1,,11,9,35.0,480,+10,
,2021.12.11,中山,5中3,1勝,黒松賞･1勝*,7,8,ニシノレバンテ,牡,2,内田博幸, 55 ,10,2,１, ,芝1200,良,,(美),栗田徹,1085,-0.3,,1,1,34.6,482,-6,
,2021.12.11,中山,5中3,1勝,１勝ｸﾗｽ,6,11,シュルードアイズ,牡,3,津村明秀, 56 ,16,3,１, ,ダ1800,稍,,(美),牧光二,1535,-0.2,8,7,5,38.1,514,0,
,2021.12.11,中山,5中3,未勝利,未勝利*,2,3,セイウンプラチナ,牡,2,田辺裕信, 55 ,16,3,１, ,芝1800,良,*,(美),小桧山悟,1496,-0.0,1,1,1,35.1,486,+2,
,2021.12.11,中山,5中3,新馬,新馬,2,2,ミッキーエイト,牡,2,田辺裕信, 55 ,7,3,１, ,ダ1800,稍,,(美),久保田貴,1566,-0.8,5,1,1,39.8,460,,
,2021.12.11,中山,5中3,新馬,新馬,8,11,ポケットシンデレラ,牝,2,菱田裕二, 54 ,12,11,１, ,芝1800,良,*,(美),青木孝文,1506,-0.0,1,1,1,35.0,428,,
,2021.12.11,中山,5中3,未勝利,未勝利*,1,1,アリシアン,牝,2,石川裕紀, 54 ,16,8,１, ,芝1200,良,,(美),加藤征弘,1087,-0.0,,5,4,34.2,488,-4,
,2021.12.11,中山,5中3,未勝利,未勝利*,4,7,ニシノボルテージ,牡,2,酒井学, 55 ,15,9,１, ,ダ1800,稍,,(美),田村康仁,1549,-0.2,2,2,2,39.5,450,+6,
,2021.12.11,中山,5中3,未勝利,未勝利・牝*,5,8,パルガン,牝,2,横山武史, 54 ,14,2,１, ,ダ1800,稍,,(美),相沢郁,1552,-0.2,2,2,2,38.6,458,+4,B
,2021.12.11,中山,5中3,未勝利,未勝利*,8,16,ロープスピニング,牝,2,横山琉人,51▲,16,1,１, ,ダ1200,稍,,(美),武藤善則,1120,-0.3,,1,1,37.6,430,+8,
,"2021.12. 5",中山,5中2,2勝,２勝ｸﾗｽ,8,8,ナリノモンターニュ,牡,4,大野拓弥, 57 ,8,2,１, ,芝2500,良,*,(美),上原博之,2367,-0.1,2,2,2,34.8,510,+10,
,"2021.12. 5",中山,5中2,OP(L),ラピスラ(L),1,2,エーポス,牝,4,亀田温心, 55 ,16,1,１, ,芝1200,良,,(栗),北出成人,1079,-0.1,,7,10,33.8,470,+14,
,"2021.12. 5",中山,5中2,3勝,市川ＳＨ･3勝,5,9,ブランクチェック,牝,4,大野拓弥, 55 ,16,6,１, ,ダ1800,良,,(美),栗田徹,1519,-0.9,7,8,6,37.4,490,-10,
,"2021.12. 5",中山,5中2,3勝,南総Ｓ･3勝,5,9,マイネルジェロディ,牡,3,柴田大知, 56 ,15,6,１, ,芝1200,良,,(栗),西園正都,1074,-0.2,,3,3,33.8,468,+8,
,"2021.12. 5",中山,5中2,2勝,２勝ｸﾗｽ,7,13,ウィリアムバローズ,牡,3,三浦皇成, 56 ,16,1,１, ,ダ1800,良,,(栗),上村洋行,1531,-1.1,2,2,1,37.8,490,+6,
,"2021.12. 5",中山,5中2,1勝,１勝ｸﾗｽ,8,15,カフェキング,牡,4,横山和生, 57 ,16,1,１, ,ダ2500,良,,(美),堀宣行,2426,-0.5,3,3,2,39.0,480,+6,B
,"2021.12. 5",中山,5中2,1勝,１勝ｸﾗｽ*,3,3,メズメライザー,牡,2,大野拓弥, 55 ,11,2,１, ,ダ1200,良,,(栗),千田輝彦,1114,-0.0,,2,2,37.3,528,+6,
,"2021.12. 5",中山,5中2,新馬,新馬,7,7,マイネルトルファン,牡,2,丹内祐次, 55 ,8,5,１, ,芝2000,良,,(美),高橋祥泰,2050,-0.0,2,2,2,34.9,484,,
,"2021.12. 5",中山,5中2,新馬,新馬,4,7,フロイトセンス,牡,2,横山和生, 55 ,16,1,１, ,ダ1200,良,,(栗),清水久詞,1132,-0.9,,1,1,38.1,508,,
,"2021.12. 5",中山,5中2,未勝利,未勝利*,3,6,フィールシンパシー,牝,2,横山琉人,51▲,16,4,１, ,芝1600,良,,(美),小島茂之,1348,-0.1,1,2,2,35.4,450,-2,
,"2021.12. 5",中山,5中2,未勝利,未勝利*,1,2,トリグラフ,牡,2,永野猛蔵,52▲,16,6,１, ,ダ1800,良,,(美),松山将樹,1554,-0.5,12,8,4,39.5,440,+2,
,"2021.12. 5",中山,5中2,未勝利,未勝利*,8,15,トウカイファクター,牡,2,田辺裕信, 55 ,16,2,１, ,ダ1200,良,,(美),菊川正達,1124,-0.3,,2,2,37.8,464,+14,
,"2021.12. 4",中山,5中1,2勝,２勝ｸﾗｽ,6,11,ゼログラヴィティ,牝,3,戸崎圭太, 54 ,16,1,１, ,芝1200,良,,(美),岩戸孝樹,1078,-0.3,,3,3,34.2,494,+4,
,"2021.12. 4",中山,5中1,Ｇ２,ステイヤG2,7,11,ディバインフォース,牡,5,田辺裕信, 56 ,13,6,１, ,芝3600,良,,(栗),寺島良,3476,-0.1,9,7,6,34.6,464,-2,
,"2021.12. 4",中山,5中1,2勝,鹿島特別･2勝,3,6,ステラータ,牝,4,丸山元気, 55 ,16,7,１, ,ダ1200,良,,(栗),森秀行,1108,-0.0,,1,1,36.4,478,0,
,"2021.12. 4",中山,5中1,1勝,葉牡丹賞･1勝,2,3,ボーンディスウェイ,牡,2,石橋脩, 55 ,15,4,１, ,芝2000,良,,(美),牧光二,2006,-0.0,1,1,1,35.6,490,+12,
,"2021.12. 4",中山,5中1,ｵｰﾌﾟﾝ,イルミネ,3,3,レオビヨンド,牡,5,平沢健治, 60 ,13,2,１, ,芝3570,良,,(栗),高柳大輔,4020,-0.9,7,5,4,13.6,496,-2,
,"2021.12. 4",中山,5中1,1勝,１勝ｸﾗｽ,2,4,グランドストローク,牡,4,武藤雅, 57 ,16,6,１, ,ダ1200,良,,(美),水野貴広,1114,-0.1,,8,9,37.1,474,+4,
,"2021.12. 4",中山,5中1,新馬,新馬,6,10,ホウオウルーレット,牡,2,横山和生, 55 ,15,1,１, ,ダ1800,良,,(美),栗田徹,1534,-1.1,1,1,1,37.1,494,,
,"2021.12. 4",中山,5中1,新馬,新馬,2,4,ピンクセイラー,牝,2,横山和生, 54 ,16,7,１, ,芝1200,良,,(美),小笠倫弘,1095,-0.5,,1,1,35.8,446,,
,"2021.12. 4",中山,5中1,未勝利,未勝利*,8,11,ラフシー,牡,2,横山武史, 55 ,12,1,１, ,ダ1800,稍,,(美),大竹正博,1553,-1.2,2,2,2,38.3,530,+6,
,"2021.12. 4",中山,5中1,未勝利,未勝利*,6,10,フリューゲルホルン,牡,2,戸崎圭太, 55 ,15,3,１, ,芝2000,良,,(美),和田正一,2017,-0.3,2,2,2,35.4,520,+4,
,"2021.12. 4",中山,5中1,未勝利,未勝利・牝*,1,2,ミツカネヴィーナス,牝,2,横山武史, 54 ,16,3,１, ,ダ1800,稍,,(美),鈴木伸尋,1550,-0.3,4,3,2,39.8,458,+2,
,"2021.12. 4",中山,5中1,未勝利,未勝利*,8,15,カリュウ,牝,2,武藤雅, 54 ,16,3,１, ,ダ1200,稍,,(美),田島俊明,1124,-0.0,,2,2,38.6,426,+10,
,"2021.10. 3",中山,4中9,3勝,外房Ｓ･3勝,2,4,ディサーニング,セ,6,ルメール, 57 ,16,2,１, ,ダ1200,稍,*,(美),加藤征弘,1104,-0.0,,2,2,36.1,504,+2,
,"2021.10. 3",中山,4中9,Ｇ１,スプリンG1,2,4,ピクシーナイト,牡,3,福永祐一, 55 ,16,3,１, ,芝1200,良,*,(栗),音無秀孝,1071,-0.3,,3,2,33.4,538,+2,
,"2021.10. 3",中山,4中9,2勝,茨城新Ｈ･2勝,4,4,ヴァリアメンテ,牡,3,藤岡佑介, 55 ,12,2,１, ,芝1800,良,,(栗),中内田充,1470,-0.3,6,5,5,34.2,470,+4,
,"2021.10. 3",中山,4中9,1勝,サフラン･1勝,7,7,ウォーターナビレラ,牝,2,吉田隼人, 54 ,8,6,１, ,芝1600,良,,(栗),武幸四郎,1358,-0.2,2,2,2,33.6,470,+6,
,"2021.10. 3",中山,4中9,2勝,２勝ｸﾗｽ,5,9,エマージングロール,牡,3,横山武史, 55 ,16,1,１, ,ダ1800,稍,,(栗),橋口慎介,1524,-0.1,3,2,2,38.5,494,-6,
,"2021.10. 3",中山,4中9,1勝,１勝ｸﾗｽ,2,2,ブレークアップ,牡,3,横山武史, 54 ,9,3,１, ,芝2200,稍,,(美),黒岩陽一,2130,-0.4,1,1,1,34.6,486,+2,
,"2021.10. 3",中山,4中9,1勝,１勝ｸﾗｽ,8,16,キミワテル,牡,3,武藤雅, 55 ,16,1,１, ,ダ1200,重,,(美),武藤善則,1110,-0.6,,2,2,36.0,500,0,
,"2021.10. 3",中山,4中9,新馬,新馬,4,6,ダノンティアラ,牝,2,川田将雅, 54 ,14,3,１, ,芝1800,稍,,(美),大竹正博,1526,-0.1,2,2,1,34.0,438,,
,"2021.10. 3",中山,4中9,1勝,１勝ｸﾗｽ,3,6,ナーシサステソーロ,牝,4,戸崎圭太, 55 ,16,1,１, ,ダ1800,重,,(美),奥平雅士,1531,-0.0,3,5,5,38.5,460,+10,
,"2021.10. 3",中山,4中9,新馬,新馬,2,4,トータルリコール,牡,2,永野猛蔵,52▲,16,4,１, ,芝1200,稍,,(美),鹿戸雄一,1099,-0.5,,4,4,35.1,456,,
,"2021.10. 3",中山,4中9,未勝利,未勝利*,8,15,ロードカテドラル,牡,2,菅原明良, 55 ,16,1,１, ,芝1600,稍,,(美),斎藤誠,1359,-0.0,6,4,5,34.8,482,-4,
,"2021.10. 3",中山,4中9,未勝利,未勝利*,7,13,ライヴサファイア,牝,2,木幡巧也, 54 ,15,1,１, ,ダ1200,重,,(美),牧光二,1109,-0.4,,3,2,37.1,452,-4,
,"2021.10. 2",中山,4中8,2勝,２勝ｸﾗｽ,6,11,フォレブルート,牝,5,横山和生, 55 ,16,8,１, ,ダ1200,稍,,(栗),安田隆行,1109,-0.1,,2,2,36.7,452,+6,
,"2021.10. 2",中山,4中8,3勝,秋風ＳＨ･3勝,4,4,レッドフラヴィア,牝,4,津村明秀, 53 ,13,5,１, ,芝1600,良,,(栗),平田修,1343,-0.1,3,4,3,34.3,518,+4,
,"2021.10. 2",中山,4中8,2勝,勝浦特別･2勝,2,4,サトノファビュラス,牝,4,丸田恭介, 55 ,16,6,１, ,芝1200,良,,(美),宗像義忠,1084,-0.1,,2,2,33.8,426,-10,
,"2021.10. 2",中山,4中8,ｵｰﾌﾟﾝ,芙蓉Ｓ,7,8,ラーグルフ,牡,2,丸田恭介, 55 ,10,4,１, ,芝2000,良,,(美),宗像義忠,2009,-0.0,7,7,5,35.1,482,-2,
,"2021.10. 2",中山,4中8,1勝,１勝ｸﾗｽ,5,8,ニシノライトニング,牡,3,野中悠太, 55 ,15,6,１, ,ダ1200,稍,,(美),根本康広,1115,-0.1,,10,7,35.6,494,-2,
,"2021.10. 2",中山,4中8,1勝,１勝ｸﾗｽ・牝,4,8,ヴァシリエフスキー,牝,3,戸崎圭太, 53 ,16,1,１, ,ダ1800,稍,,(美),武藤善則,1519,-0.3,5,5,5,38.4,472,0,
,"2021.10. 2",中山,4中8,新馬,新馬,1,2,アイヴォリードレス,牝,2,菊沢一樹, 54 ,16,4,１, ,ダ1200,稍,,(美),菊沢隆徳,1114,-0.8,,4,2,36.3,446,,
,"2021.10. 2",中山,4中8,新馬,新馬・牝,2,3,ガルブグリーン,牝,2,横山琉人,51▲,16,13,１, ,芝1600,稍,,(美),相沢郁,1381,-0.1,1,1,1,34.8,442,,
,"2021.10. 2",中山,4中8,未勝利,未勝利*,6,11,レヴァンジル,牡,2,ルメール, 55 ,16,2,１, ,芝2000,稍,,(美),堀宣行,2006,-0.1,4,4,2,34.4,470,+2,
,"2021.10. 2",中山,4中8,未勝利,未勝利*,2,3,ワカミヤプレスト,牡,2,勝浦正樹, 55 ,16,8,１, ,ダ1800,重,,(美),稲垣幸雄,1527,-0.2,11,9,5,37.9,496,-2,
,"2021.10. 2",中山,4中8,未勝利,未勝利*,3,6,アイムファイン,牝,2,岩部純二, 54 ,16,6,１, ,芝1200,重,,(美),奥平雅士,1091,-0.0,,3,3,34.6,406,-2,
,"2021.10. 2",中山,4中8,未勝利,障害未勝利,5,8,ドリームソルジャー,牡,7,植野貴也, 60 ,14,5,１, ,ダ2880,重,,(栗),渡辺薫彦,3168,-1.0,5,3,2,13.7,484,0,
,"2021. 9.26",中山,4中7,2勝,２勝ｸﾗｽ,8,16,スペクタクル,牡,3,武藤雅, 55 ,16,1,１, ,ダ1200,良,,(美),武藤善則,1109,-0.2,,2,2,36.8,498,-6,
,"2021. 9.26",中山,4中7,Ｇ２,オールカG2,1,1,ウインマリリン,牝,4,横山武史, 55 ,16,2,１, ,芝2200,良,*,(美),手塚貴久,2119,-0.3,2,3,3,35.1,476,+14,
,"2021. 9.26",中山,4中7,3勝,内房ＳＨ･3勝,2,3,プリティーチャンス,牝,4,岩田望来, 53 ,16,4,１, ,ダ1800,良,,(栗),野中賢二,1518,-0.2,10,7,5,37.8,458,+6,B
,"2021. 9.26",中山,4中7,2勝,木更津特･2勝,1,1,ゴールデンシロップ,牡,3,Ｍ．デム, 55 ,13,1,１, ,芝1600,良,,(美),岩戸孝樹,1333,-0.2,4,5,3,34.7,536,+8,
,"2021. 9.26",中山,4中7,1勝,１勝ｸﾗｽ,2,3,アナンシエーション,牡,3,石川裕紀, 54 ,16,1,１, ,ダ1800,良,,(美),手塚貴久,1538,-0.9,1,1,1,38.8,502,0,
,"2021. 9.26",中山,4中7,1勝,１勝ｸﾗｽ,7,13,バルドルブレイン,牡,3,横山和生, 55 ,15,3,１, ,芝1600,良,,(美),田村康仁,1349,-0.0,1,2,2,35.0,500,+4,
,"2021. 9.26",中山,4中7,1勝,１勝ｸﾗｽ,1,2,ボイラーハウス,牡,3,江田照男, 55 ,16,2,１, ,ダ1200,良,*,(美),竹内正洋,1114,-0.1,,12,11,36.9,500,+10,
,"2021. 9.26",中山,4中7,新馬,新馬,6,12,サインオブサクセス,牡,2,横山武史, 54 ,17,3,１, ,芝2000,良,,(美),伊藤圭三,2049,-0.1,4,5,4,34.9,462,,
,"2021. 9.26",中山,4中7,新馬,新馬,7,13,タヤスゴールド,牡,2,江田照男, 54 ,16,1,１, ,ダ1200,良,*,(美),岩戸孝樹,1117,-0.6,,3,2,36.4,494,,
,"2021. 9.26",中山,4中7,未勝利,未勝利*,4,5,イルチルコ,牝,2,三浦皇成, 54 ,14,2,１, ,芝1800,良,,(美),田村康仁,1491,-0.4,7,6,2,35.4,466,0,
,"2021. 9.26",中山,4中7,未勝利,未勝利*,1,1,モズジャックポット,牡,2,岩田望来, 54 ,13,3,１, ,芝1200,良,,(栗),牧浦充徳,1097,-0.3,,3,3,35.5,464,+8,
,"2021. 9.26",中山,4中7,未勝利,未勝利・牝*,4,4,ロイヤルソウル,牝,2,木幡初也, 54 ,12,4,１, ,ダ1800,良,,(美),竹内正洋,1568,-0.2,8,6,5,39.1,460,+16,
,"2021. 9.25",中山,4中6,2勝,２勝ｸﾗｽ・牝,4,8,スノームーン,牝,3,菅原明良, 52 ,16,3,１, ,ダ1800,良,*,(美),萩原清,1531,-0.2,2,2,2,38.4,456,+8,
,"2021. 9.25",中山,4中6,ｵｰﾌﾟﾝ,ながつき,8,15,ロイヤルパールス,牡,6,宮崎北斗, 56 ,16,15,１, ,ダ1200,良,*,(栗),池添兼雄,1102,-0.1,,4,4,36.8,522,+2,
,"2021. 9.25",中山,4中6,2勝,九十九里･2勝,5,5,ベスビアナイト,セ,4,ルメール, 57 ,12,1,１, ,芝2500,良,,(美),国枝栄,2319,-0.0,6,6,6,35.3,486,-4,
,"2021. 9.25",中山,4中6,2勝,九十九里･2勝,6,8,ロードトゥフェイム,牡,3,丹内祐次, 54 ,12,4,１, ,芝2500,良,,(美),尾形和幸,2319,-0.0,4,4,4,35.5,482,-8,
,"2021. 9.25",中山,4中6,ｵｰﾌﾟﾝ,カンナＳ,1,1,コラリン,牝,2,ルメール, 54 ,10,1,１, ,芝1200,良,,(美),岩戸孝樹,1088,-0.1,,8,8,34.2,432,0,
,"2021. 9.25",中山,4中6,ｵｰﾌﾟﾝ,清秋ジャ,7,12,ベイビーステップ,牡,7,伴啓太, 60 ,14,4,１, ,芝3210,良,,(美),菊川正達,3363,-0.1,2,2,2,13.5,488,0,
,"2021. 9.25",中山,4中6,1勝,１勝ｸﾗｽ,2,4,リンガスウォリアー,牡,4,内田博幸, 57 ,16,8,１, ,ダ1800,良,,(美),中舘英二,1535,-0.2,1,1,1,39.0,472,+2,B
,"2021. 9.25",中山,4中6,1勝,１勝ｸﾗｽ,3,4,レインカルナティオ,牡,4,菅原明良, 57 ,15,7,１, ,芝2000,良,,(美),小西一男,2007,-0.0,8,10,9,34.2,494,0,
,"2021. 9.25",中山,4中6,新馬,新馬,3,6,ビジュノワール,牝,2,ルメール, 54 ,16,1,１, ,芝1600,良,,(美),中舘英二,1354,-0.3,3,2,1,35.9,442,,
,"2021. 9.25",中山,4中6,1勝,１勝ｸﾗｽ,8,14,ゼログラヴィティ,牝,3,戸崎圭太, 53 ,15,1,１, ,芝1200,良,,(美),岩戸孝樹,1080,-0.4,,2,2,33.9,490,-6,
,"2021. 9.25",中山,4中6,新馬,新馬,3,3,フルオール,牡,2,Ｍ．デム, 54 ,11,1,１, ,ダ1800,良,,(美),斎藤誠,1570,-0.1,2,3,2,38.7,444,,
,"2021. 9.25",中山,4中6,未勝利,未勝利*,2,4,ハッピープリベイル,牡,2,三浦皇成, 54 ,16,3,１, ,芝1600,良,,(美),古賀史生,1342,-0.3,14,14,11,34.9,470,+2,
,"2021. 9.25",中山,4中6,未勝利,未勝利*,7,11,パスポートチェック,牡,2,ルメール, 54 ,14,1,１, ,ダ1200,良,,(美),伊藤圭三,1120,-0.4,,1,1,37.8,496,-2,
,"2021. 9.20",中山,4中5,1勝,１勝ｸﾗｽ,8,12,スワーヴヨハン,牡,4,戸崎圭太, 57 ,13,1,１, ,ダ1200,良,,(美),田中博康,1111,-0.3,,9,9,36.3,550,-2,
,"2021. 9.20",中山,4中5,Ｇ２,セントラG2,2,2,アサマノイタズラ,牡,3,田辺裕信, 56 ,14,9,１, ,芝2200,良,,(美),手塚貴久,2123,-0.1,11,11,11,34.6,498,-4,
,"2021. 9.20",中山,4中5,2勝,ジャン･2勝,6,6,パラダイスリーフ,牡,5,横山武史, 57 ,7,2,１, ,芝2000,良,,(美),岩戸孝樹,2014,-0.3,6,6,6,34.3,502,+6,
,"2021. 9.20",中山,4中5,2勝,鋸山特別･2勝,3,3,ペルセウスシチー,牡,4,Ｍ．デム, 57 ,13,1,１, ,ダ1800,良,*,(美),池上昌和,1541,-0.3,3,4,4,38.5,482,+6,B
,"2021. 9.20",中山,4中5,1勝,１勝ｸﾗｽ・牝,1,1,チャイブテソーロ,牝,3,石橋脩, 53 ,16,1,１, ,ダ1200,良,,(美),武市康男,1110,-0.2,,4,4,37.0,478,-2,
,"2021. 9.20",中山,4中5,1勝,１勝ｸﾗｽ,6,11,アンクラウデッド,牡,3,ルメール, 54 ,16,1,１, ,ダ1800,良,,(美),古賀慎明,1552,-0.5,6,4,2,38.5,490,+2,
,"2021. 9.20",中山,4中5,新馬,新馬,7,7,ファンタジア,牝,2,石橋脩, 54 ,10,1,１, ,芝2000,良,,(美),堀宣行,2028,-0.1,6,5,4,35.7,476,,
,"2021. 9.20",中山,4中5,新馬,新馬,1,2,ロムネヤ,牝,2,戸崎圭太, 54 ,16,1,１, ,芝1600,良,,(美),国枝栄,1365,-0.0,1,1,1,34.8,418,,
,"2021. 9.20",中山,4中5,未勝利,未勝利*,7,10,アスクビクターモア,牡,2,戸崎圭太, 54 ,13,2,１, ,芝1800,良,,(美),田村康仁,1491,-0.2,6,6,3,34.1,468,0,
,"2021. 9.20",中山,4中5,未勝利,未勝利*,6,8,エムティゲラン,牡,2,横山和生, 54 ,13,6,１, ,ダ1200,稍,,(美),小野次郎,1119,-0.6,,7,6,37.3,440,0,
,"2021. 9.20",中山,4中5,未勝利,未勝利・牝*,1,1,サークルオブライフ,牝,2,Ｍ．デム, 54 ,15,3,１, ,芝1600,良,,(美),国枝栄,1354,-0.4,15,6,2,35.4,472,-8,
,"2021. 9.20",中山,4中5,未勝利,障害未勝利,5,8,ブラックムーン,牡,9,高田潤, 60 ,14,8,１, ,ダ2880,良,,(栗),辻野泰之,3144,-0.1,5,5,3,13.5,492,-12,
,"2021. 9.19",中山,4中4,1勝,１勝ｸﾗｽ,5,8,ヴィクトワールメイ,牝,5,丸田恭介, 55 ,15,10,１, ,芝1200,良,,(美),萱野浩二,1083,-0.1,,12,12,34.0,456,-4,
,"2021. 9.19",中山,4中4,ｵｰﾌﾟﾝ,ラジオ日,4,8,ケイアイパープル,牡,5,中井裕二, 57 ,16,5,１, ,ダ1800,稍,,(栗),村山明,1507,-0.3,2,2,1,38.2,504,0,
,"2021. 9.19",中山,4中4,3勝,レインボ･3勝,2,3,ゴルトベルク,牝,4,戸崎圭太, 55 ,15,2,１, ,芝1800,良,,(美),手塚貴久,1469,-0.0,3,4,4,34.8,430,-14,
,"2021. 9.19",中山,4中4,2勝,浦安特別･2勝,5,9,サイファーシチー,牡,3,永野猛蔵, 55 ,15,2,１, ,ダ1200,稍,,(美),伊藤圭三,1100,-0.0,,1,2,36.6,480,+4,
,"2021. 9.19",中山,4中4,1勝,１勝ｸﾗｽ,5,7,ダノンラスター,セ,5,石橋脩, 57 ,13,2,１, ,ダ2400,稍,,(美),堀宣行,2321,-1.3,6,2,2,38.1,456,-6,B
,"2021. 9.19",中山,4中4,1勝,１勝ｸﾗｽ・牝,3,5,ヤマニンデンファレ,牝,3,江田照男, 52 ,15,11,１, ,芝1800,良,,(美),辻哲英,1481,-0.2,1,1,1,34.6,474,+12,
,"2021. 9.19",中山,4中4,1勝,１勝ｸﾗｽ,6,11,エバーサニーハート,牡,3,石橋脩, 55 ,15,3,１, ,ダ1200,重,,(美),小手川準,1106,-0.1,,7,7,36.9,490,+8,
,"2021. 9.19",中山,4中4,新馬,新馬・牝,2,3,アンクロワ,牝,2,横山和生, 54 ,16,1,１, ,芝1600,稍,,(美),伊坂重信,1353,-0.4,2,3,4,35.2,422,,
,"2021. 9.19",中山,4中4,新馬,新馬,3,6,アポロルタ,牝,2,吉田豊, 54 ,16,6,１, ,芝1200,稍,,(美),中舘英二,1093,-0.1,,4,4,35.0,430,,
,"2021. 9.19",中山,4中4,未勝利,未勝利*,5,5,ネフィリム,牡,2,柴山雄一, 54 ,10,4,１, ,ダ1800,重,,(栗),武幸四郎,1547,-0.2,8,5,4,38.8,550,-2,
,"2021. 9.19",中山,4中4,未勝利,未勝利*,8,12,ボーンディスウェイ,牡,2,木幡巧也, 54 ,13,3,１, ,芝2000,稍,,(美),牧光二,2028,-0.1,5,6,4,35.2,478,0,
,"2021. 9.19",中山,4中4,未勝利,未勝利*,2,2,アポロリヤム,牡,2,横山武史, 54 ,15,1,１, ,ダ1200,重,,(美),鈴木伸尋,1116,-0.1,,4,4,38.2,438,-8,
,"2021. 9.18",中山,4中3,1勝,１勝ｸﾗｽ,1,1,ナリノモンターニュ,牡,4,津村明秀, 57 ,16,1,１, ,芝2000,重,*,(美),上原博之,2005,-0.1,8,8,7,34.9,500,+2,
,"2021. 9.18",中山,4中3,3勝,初風ＳＨ･3勝,2,4,アイアムハヤスギル,牡,5,戸崎圭太, 55 ,16,5,１, ,ダ1200,不,,(美),奥平雅士,1094,-0.1,,7,6,35.4,474,+6,
,"2021. 9.18",中山,4中3,2勝,御宿特別･2勝,3,3,サトノアイ,牝,3,横山武史, 53 ,14,3,１, ,芝1600,重,,(栗),須貝尚介,1352,-0.2,2,4,4,34.0,434,+4,
,"2021. 9.18",中山,4中3,2勝,松戸特別･2勝,5,7,ホウオウエーデル,牡,5,丹内祐次, 57 ,13,9,１, ,ダ2400,不,,(美),池上昌和,2312,-1.5,7,1,1,36.5,490,-8,
,"2021. 9.18",中山,4中3,1勝,１勝ｸﾗｽ,3,6,ドラウプニル,セ,5,横山武史, 57 ,16,8,１, ,ダ1800,不,,(美),黒岩陽一,1512,-0.0,1,1,1,38.0,476,+4,B
,"2021. 9.18",中山,4中3,1勝,１勝ｸﾗｽ,5,5,マリノアズラ,牝,3,津村明秀, 52 ,12,3,１, ,芝2500,重,*,(美),小手川準,2341,-0.0,7,7,3,35.3,458,-10,
,"2021. 9.18",中山,4中3,1勝,１勝ｸﾗｽ,6,10,イディオム,牡,3,斎藤新,54☆,14,4,１, ,ダ1200,不,,(美),斎藤誠,1108,-0.1,,4,3,36.6,488,-4,
,"2021. 9.18",中山,4中3,新馬,新馬,8,11,ブルーグロット,牡,2,嶋田純次, 54 ,12,10,１, ,芝1800,重,,(美),伊藤伸一,1535,-0.2,1,1,1,34.7,526,,
,"2021. 9.18",中山,4中3,新馬,新馬,2,2,ブラックルパン,牡,2,丸田恭介, 54 ,13,7,１, ,ダ1800,不,*,(美),池上昌和,1558,-0.3,3,4,3,38.7,524,,
,"2021. 9.18",中山,4中3,未勝利,未勝利*,1,2,トーセンキャロル,牝,2,横山和生, 54 ,16,2,１, ,芝1200,重,,(美),上原博之,1099,-0.1,,2,1,35.8,452,0,
,"2021. 9.18",中山,4中3,未勝利,未勝利*,5,5,アトラクティーボ,牡,2,武藤雅, 54 ,10,1,１, ,ダ1800,不,,(美),武藤善則,1522,-1.6,1,1,1,38.5,516,+8,
,"2021. 9.18",中山,4中3,未勝利,未勝利・牝*,2,4,モズゴールドメダル,牝,2,小林脩斗,51▲,16,10,１, ,ダ1200,不,,(美),林徹,1119,-0.3,,3,3,37.4,434,0,
,"2021. 9.12",中山,4中2,2勝,２勝ｸﾗｽ,8,15,カイアワセ,牝,4,戸崎圭太, 55 ,16,2,１, ,ダ1200,良,,(美),鈴木慎太,1110,-0.9,,3,3,37.1,452,+6,
,"2021. 9.12",中山,4中2,Ｇ３,オータムＨG3,1,2,カテドラル,牡,5,戸崎圭太, 56 ,16,7,１, ,芝1600,良,,(栗),池添学,1320,-0.0,12,9,9,33.9,482,0,
,"2021. 9.12",中山,4中2,3勝,セプテＨ･3勝,2,2,ショウナンバビアナ,牝,5,池添謙一, 53 ,15,13,１, ,芝1200,良,*,(美),加藤士津,1074,-0.0,,6,4,33.5,468,-6,B
,"2021. 9.12",中山,4中2,1勝,１勝ｸﾗｽ,2,2,オンザライン,牡,3,横山武史, 54 ,13,1,１, ,ダ1800,良,,(美),大和田成,1539,-0.2,2,2,2,39.4,450,+4,
,"2021. 9.12",中山,4中2,2勝,白井特別･2勝,5,5,ルヴァン,牡,4,川田将雅, 57 ,6,1,１, ,芝1800,良,,(栗),清水久詞,1479,-0.1,2,2,2,34.5,466,-4,B
,"2021. 9.12",中山,4中2,1勝,１勝ｸﾗｽ,2,2,アドマイヤチャチャ,牝,4,永野猛蔵,52▲,14,4,１, ,芝1600,良,,(美),柄崎孝,1340,-0.0,2,1,1,34.9,458,+10,B
,"2021. 9.12",中山,4中2,1勝,１勝ｸﾗｽ・牝,8,13,ツウカイヴィータ,牝,4,小林脩斗,52▲,13,6,１, ,ダ1800,良,,(美),小笠倫弘,1530,-0.0,2,1,1,37.7,458,-2,B
,"2021. 9.12",中山,4中2,新馬,新馬,2,3,オルコス,牝,2,池添謙一, 54 ,16,2,１, ,芝1600,良,,(美),加藤士津,1355,-0.1,2,2,2,35.3,430,,
,"2021. 9.12",中山,4中2,1勝,１勝ｸﾗｽ,1,2,リンカーンテソーロ,牡,3,横山和生, 55 ,16,2,１, ,ダ1200,良,,(美),加藤士津,1108,-0.2,,2,2,37.1,462,-2,B
,"2021. 9.12",中山,4中2,新馬,新馬,3,5,コマノカモン,牡,2,田辺裕信, 54 ,16,6,１, ,ダ1800,良,,(美),伊藤圭三,1563,-0.7,1,1,1,37.9,470,,
,"2021. 9.12",中山,4中2,未勝利,未勝利*,5,5,マイネルアルザス,牡,2,柴田大知, 54 ,10,3,１, ,芝2000,良,,(美),菊川正達,2031,-0.1,1,1,1,35.6,458,+4,
,"2021. 9.12",中山,4中2,未勝利,未勝利*,6,12,ヒストリックノヴァ,牝,2,田辺裕信, 54 ,16,1,１, ,ダ1200,良,,(美),加藤士津,1113,-1.1,,2,2,37.5,484,-2,
,"2021. 9.11",中山,4中1,1勝,１勝ｸﾗｽ,1,2,シャドウヘリテイジ,牡,3,Ｍ．デム, 55 ,16,6,１, ,ダ1200,良,,(美),林徹,1114,-0.0,,1,1,37.5,524,-8,
,"2021. 9.11",中山,4中1,Ｇ３,紫苑ＳG3,6,11,ファインルージュ,牝,3,福永祐一, 54 ,18,2,１, ,芝2000,良,,(美),岩戸孝樹,1582,-0.3,6,6,5,34.2,496,+2,
,"2021. 9.11",中山,4中1,2勝,汐留特別･2勝,7,7,スティクス,牝,3,鮫島克駿, 53 ,10,1,１, ,芝1200,良,,(栗),武幸四郎,1079,-0.0,,1,1,33.6,490,+6,
,"2021. 9.11",中山,4中1,1勝,アスター･1勝,3,3,プルパレイ,牡,2,Ｍ．デム, 54 ,8,1,１, ,芝1600,良,,(栗),須貝尚介,1362,-0.3,1,1,1,33.7,488,+2,
,"2021. 9.11",中山,4中1,1勝,１勝ｸﾗｽ,3,5,ホウオウセレシオン,牡,4,ルメール, 57 ,16,2,１, ,ダ1800,良,,(美),奥村武,1536,-0.4,5,5,5,39.1,514,+14,
,"2021. 9.11",中山,4中1,1勝,１勝ｸﾗｽ,4,4,アールバロン,牡,3,三浦皇成, 54 ,13,3,１, ,芝1800,良,,(美),伊藤大士,1466,-0.1,1,1,1,34.3,496,-8,
,"2021. 9.11",中山,4中1,1勝,１勝ｸﾗｽ・牝,2,3,クロノフルール,牝,3,戸崎圭太, 53 ,16,8,１, ,ダ1200,稍,,(美),高柳瑞樹,1111,-0.2,,1,1,37.3,488,-2,
,"2021. 9.11",中山,4中1,新馬,新馬,7,10,オニャンコポン,牡,2,菅原明良, 54 ,12,6,１, ,芝2000,良,,(美),小島茂之,2042,-0.3,2,2,1,34.4,466,,
,"2021. 9.11",中山,4中1,新馬,新馬,1,2,モナルヒ,牡,2,ルメール, 54 ,16,4,１, ,ダ1200,稍,,(栗),小崎憲,1126,-0.4,,5,6,37.4,472,,
,"2021. 9.11",中山,4中1,未勝利,未勝利*,6,12,セイルオンセイラー,牡,2,木幡巧也, 54 ,16,2,１, ,ダ1800,稍,,(美),田中博康,1549,-0.1,4,3,2,39.9,488,-4,
,"2021. 9.11",中山,4中1,未勝利,未勝利*,4,7,モンタナアゲート,牡,2,津村明秀, 54 ,16,7,１, ,芝1600,良,,(美),和田正一,1346,-0.1,6,7,4,35.1,542,+12,
,"2021. 9.11",中山,4中1,未勝利,障害未勝利,4,4,クラウンディバイダ,セ,8,伴啓太, 60 ,11,5,１, ,ダ2880,良,,(美),天間昭一,3125,-1.3,1,1,1,13.4,468,+4,
,"2021. 4.18",中山,3中8,3勝,サンシＨ･3勝,6,7,アドマイヤポラリス,牡,5,福永祐一, 56 ,12,1,１, ,芝2500,稍,,(栗),友道康夫,2354,-0.1,9,7,5,36.2,482,-8,
,"2021. 4.18",中山,3中8,Ｇ１,皐月賞G1,4,7,エフフォーリア,牡,3,横山武史, 57 ,16,2,１, ,芝2000,稍,,(美),鹿戸雄一,2006,-0.5,4,4,4,36.7,504,-10,
,"2021. 4.18",中山,3中8,OP(L),京葉Ｓ(L),5,8,ダンシングプリンス,牡,5,三浦皇成, 56 ,15,1,１, ,ダ1200,重,,(美),宮田敬介,1092,-0.4,,1,1,35.6,516,+2,
,"2021. 4.18",中山,3中8,2勝,鹿野山Ｈ･2勝,6,7,マイネルミュトス,牡,5,柴田大知, 54 ,11,4,１, ,芝2000,稍,*,(美),鹿戸雄一,2023,-0.0,10,7,6,35.5,484,-4,
,"2021. 4.18",中山,3中8,2勝,隅田川特･2勝,7,7,フォワードアゲン,セ,4,柴田善臣, 57 ,8,2,１, ,芝1600,稍,,(美),中野栄治,1349,-0.3,5,5,2,35.6,420,0,
,"2021. 4.18",中山,3中8,1勝,１勝ｸﾗｽ,2,2,アイスブラスト,牡,5,福永祐一, 57 ,12,1,１, ,ダ1800,重,,(美),戸田博文,1531,-0.2,1,1,1,36.9,500,0,
,"2021. 4.18",中山,3中8,1勝,１勝ｸﾗｽ,7,14,ブルーダイヤカフェ,牡,4,大野拓弥, 57 ,16,1,１, ,ダ1200,重,,(美),和田勇介,1105,-0.5,,6,5,36.5,526,+8,
,"2021. 4.18",中山,3中8,1勝,１勝ｸﾗｽ*,2,2,スクリーンプロセス,牡,3,横山武史, 56 ,11,3,１, ,ダ1800,重,,(美),中川公成,1527,-0.0,8,2,2,36.8,544,+6,
,"2021. 4.18",中山,3中8,未勝利,未勝利,1,2,ブレークアップ,牡,3,横山武史, 56 ,17,3,１, ,芝2200,重,,(美),黒岩陽一,2152,-0.6,1,1,1,37.0,492,+6,
,"2021. 4.18",中山,3中8,未勝利,未勝利,2,3,ゴールドブリーズ,牡,3,江田照男, 56 ,16,4,１, ,ダ1800,不,,(美),深山雅史,1523,-0.0,1,1,1,38.0,494,0,
,"2021. 4.18",中山,3中8,未勝利,未勝利,5,9,エレグア,牡,3,菱田裕二, 56 ,16,4,１, ,ダ1200,不,,(美),浅野洋一,1115,-0.0,,2,2,36.9,466,0,
,"2021. 4.18",中山,3中8,未勝利,未勝利・牝,5,9,ペイシャクェーサー,牝,3,北村宏司, 54 ,15,3,１, ,ダ1800,不,,(美),蛯名利弘,1532,-0.4,2,2,2,38.4,462,+2,
,"2021. 4.17",中山,3中7,2勝,利根川特･2勝,1,1,ブラックヘイロー,牡,5,横山武史, 57 ,11,2,１, ,ダ1800,稍,,(美),高橋文雅,1524,-0.7,2,3,2,37.2,498,+2,
,"2021. 4.17",中山,3中7,ＪＧ１,中山グラJG1,6,6,メイショウダッサイ,牡,8,森一馬, 63 ,8,1,１, ,芝4250,良,,(栗),飯田祐史,4501,-0.7,3,2,2,13.7,508,+4,
,"2021. 4.17",中山,3中7,3勝,下総Ｓ･3勝,2,4,タイガーインディ,牡,4,熊沢重文, 57 ,16,11,１, ,ダ1800,稍,,(栗),大橋勇樹,1518,-0.1,1,1,1,37.8,456,-4,
,"2021. 4.17",中山,3中7,1勝,山藤賞･1勝*,8,9,プレイイットサム,牡,3,Ｍ．デム, 56 ,9,4,１, ,芝2000,良,,(栗),藤岡健一,2010,-0.2,6,6,2,35.9,516,+8,
,"2021. 4.17",中山,3中7,2勝,２勝ｸﾗｽ・牝,8,15,ラフィンクロンヌ,牝,4,原優介,52▲,16,1,１, ,ダ1200,稍,,(美),高橋祥泰,1115,-0.1,,2,2,37.0,478,0,
,"2021. 4.17",中山,3中7,1勝,１勝ｸﾗｽ,4,7,アラタ,牡,4,大野拓弥, 57 ,15,1,１, ,芝2200,良,,(美),和田勇介,2142,-0.3,1,2,1,35.3,466,+12,
,"2021. 4.17",中山,3中7,1勝,１勝ｸﾗｽ*,5,9,メインターゲット,牝,3,田辺裕信, 54 ,16,3,１, ,芝1200,良,,(美),杉浦宏昭,1088,-0.0,,7,7,34.4,494,-2,
,"2021. 4.17",中山,3中7,未勝利,未勝利,3,5,ロングボウマン,牡,3,石橋脩, 56 ,16,4,１, ,芝1600,良,,(美),池上昌和,1353,-0.0,1,1,1,35.1,472,-2,
,"2021. 4.17",中山,3中7,未勝利,障害未勝利,6,8,フリーフリッカー,牡,7,高田潤, 60 ,13,2,１, ,ダ2880,良,,(栗),安田隆行,3156,-0.3,3,1,1,13.6,484,+2,
,"2021. 4.17",中山,3中7,未勝利,未勝利,5,9,ジーガーオーシャン,牡,3,木幡初也, 56 ,16,7,１, ,ダ1200,稍,,(美),竹内正洋,1128,-0.3,,12,12,36.3,490,+6,
,"2021. 4.17",中山,3中7,未勝利,未勝利,4,7,スズノイナズマ,牡,3,三浦皇成, 56 ,16,2,１, ,ダ1800,稍,,(美),深山雅史,1554,-0.3,8,4,3,39.4,474,+6,
,"2021. 4.17",中山,3中7,未勝利,未勝利・牝,5,10,チャペルレーン,牝,3,横山武史, 54 ,16,3,１, ,ダ1200,稍,,(美),尾形和幸,1119,-0.3,,3,2,37.1,450,0,
,"2021. 4.11",中山,3中6,1勝,１勝ｸﾗｽ・牝,6,12,シネマトグラフ,牝,4,内田博幸, 55 ,16,2,１, ,ダ1200,良,,(美),奥村武,1114,-0.4,,2,2,36.6,468,+12,
,"2021. 4.11",中山,3中6,OP(L),春雷ＳＨ(L),6,11,ジャンダルム,牡,6,荻野極, 57 ,16,1,１, ,芝1200,良,,(栗),池江泰寿,1073,-0.4,,4,4,33.8,502,-8,B
,"2021. 4.11",中山,3中6,2勝,印西特別･2勝,7,8,ウインダークローズ,牡,4,丹内祐次, 57 ,10,2,１, ,ダ2400,良,,(栗),梅田智之,2348,-0.5,1,1,1,38.6,496,-4,
,"2021. 4.11",中山,3中6,2勝,千葉日報･2勝,4,4,アカノニジュウイチ,牝,4,大野拓弥, 55 ,9,1,１, ,芝1200,良,,(美),尾関知人,1086,-0.0,,6,6,33.5,446,-6,
,"2021. 4.11",中山,3中6,1勝,１勝ｸﾗｽ,5,6,フラッフィクラウド,牡,4,丸山元気, 57 ,13,1,１, ,ダ1800,良,,(美),萩原清,1536,-0.2,7,5,3,39.1,468,-4,
,"2021. 4.11",中山,3中6,1勝,１勝ｸﾗｽ・牝*,4,4,ミヤビハイディ,牝,3,吉田豊, 54 ,10,4,１, ,芝1800,良,,(美),高橋文雅,1496,-0.0,9,8,6,33.5,490,+16,
,"2021. 4.11",中山,3中6,1勝,１勝ｸﾗｽ*,1,1,ロングラン,牡,3,大野拓弥, 56 ,9,3,１, ,ダ1800,良,,(美),和田勇介,1551,-0.1,7,8,7,36.3,484,0,
,"2021. 4.11",中山,3中6,未勝利,未勝利,1,1,アムールマルルー,牝,3,柴田善臣, 54 ,15,6,１, ,芝1600,良,,(美),栗田徹,1353,-0.0,13,14,12,34.9,438,,
,"2021. 4.11",中山,3中6,ｵｰﾌﾟﾝ,障害・オープ,8,10,トゥルボー,牡,5,石神深一, 60 ,10,7,１, ,ダ3200,良,,(美),小笠倫弘,3343,-0.1,5,2,1,13.4,512,0,
,"2021. 4.11",中山,3中6,未勝利,未勝利,8,13,サノノヒーロー,牡,3,大野拓弥, 56 ,14,2,１, ,ダ1800,良,,(美),中舘英二,1547,-0.1,4,5,4,38.7,470,0,
,"2021. 4.11",中山,3中6,未勝利,未勝利・牝,8,16,ヒシシュシュ,牝,3,大野拓弥, 54 ,18,1,１, ,芝2000,良,,(美),中舘英二,2027,-0.4,6,5,3,35.7,402,0,
,"2021. 4.11",中山,3中6,未勝利,障害未勝利,1,1,レオビヨンド,牡,5,植野貴也, 60 ,11,1,１, ,ダ2880,良,,(栗),高柳大輔,3153,-0.6,1,1,1,13.6,492,+16,
,"2021. 4.10",中山,3中5,2勝,２勝ｸﾗｽ,4,7,ベイビーボス,牡,4,江田照男, 57 ,16,1,１, ,ダ1200,良,,(美),矢野英一,1113,-0.1,,4,3,36.8,468,0,
,"2021. 4.10",中山,3中5,Ｇ２,ニュージG2,3,6,バスラットレオン,牡,3,藤岡佑介, 56 ,16,2,１, ,芝1600,良,*,(栗),矢作芳人,1331,-0.9,1,1,1,34.6,480,0,
,"2021. 4.10",中山,3中5,3勝,船橋Ｓ･3勝,3,6,アヌラーダプラ,牝,4,横山武史, 55 ,16,3,１, ,芝1200,良,*,(美),萩原清,1084,-0.1,,5,5,34.5,476,+10,
,"2021. 4.10",中山,3中5,2勝,野島崎特･2勝,6,10,エヴァーガーデン,牝,4,丸山元気, 55 ,14,5,１, ,芝2000,良,,(美),高橋祥泰,2009,-0.0,2,2,2,36.0,476,-12,
,"2021. 4.10",中山,3中5,1勝,１勝ｸﾗｽ,4,4,マイネルイリャルギ,牡,4,Ｍ．デム, 57 ,7,1,１, ,ダ1800,良,*,(美),高橋裕,1551,-0.4,1,1,1,37.2,512,-2,
,"2021. 4.10",中山,3中5,1勝,１勝ｸﾗｽ*,7,13,サイファーシチー,牡,3,永野猛蔵,53▲,16,1,１, ,ダ1200,良,,(美),伊藤圭三,1114,-0.0,,2,1,37.6,480,0,
,"2021. 4.10",中山,3中5,未勝利,未勝利,8,15,ダイモーン,牡,3,江田照男, 56 ,16,2,１, ,ダ1800,良,,(美),佐藤吉勝,1549,-0.2,2,2,2,40.3,508,-6,B
,"2021. 4.10",中山,3中5,未勝利,未勝利,1,2,ガンダルフ,牡,3,ルメール, 56 ,18,2,１, ,芝2000,良,,(美),国枝栄,2018,-0.5,3,3,4,36.0,480,-6,
,"2021. 4.10",中山,3中5,未勝利,未勝利・牝,2,2,クインズミモザ,牝,3,野中悠太, 54 ,14,3,１, ,ダ1800,良,,(美),池上昌和,1557,-0.7,10,7,6,37.3,514,+2,
,"2021. 4.10",中山,3中5,未勝利,未勝利,5,10,マイネルアミスター,牡,3,柴田大知, 56 ,16,11,１, ,ダ1200,良,,(美),古賀慎明,1124,-0.1,,1,1,37.9,480,-8,
,"2021. 4.10",中山,3中5,未勝利,未勝利,3,3,ロイヤルダンス,牡,3,ルメール, 56 ,13,1,１, ,ダ1800,良,,(美),林徹,1543,-0.1,1,1,1,37.9,480,+4,
,"2021. 4.10",中山,3中5,未勝利,未勝利・牝,4,7,ノアファンタジー,牝,3,横山琉人,51▲,16,1,１, ,ダ1200,良,,(美),大江原哲,1114,-0.8,,1,1,37.1,466,+2,
,"2021. 4. 4",中山,3中4,2勝,２勝ｸﾗｽ,7,13,カフェスペランツァ,牡,4,田辺裕信, 57 ,15,1,１, ,ダ1800,良,,(美),中舘英二,1528,-0.2,8,7,6,37.4,512,-2,
,"2021. 4. 4",中山,3中4,3勝,美浦Ｓ･3勝,7,12,サトノエルドール,牡,5,横山和生, 57 ,14,5,１, ,芝2000,良,*,(美),国枝栄,2007,-0.1,4,2,2,34.6,478,0,B
,"2021. 4. 4",中山,3中4,2勝,両国特別･2勝,4,6,シャチ,牡,4,原優介, 57 ,15,10,１, ,芝1600,良,,(美),小桧山悟,1359,-0.1,10,4,6,34.3,470,-4,
,"2021. 4. 4",中山,3中4,1勝,山吹賞･1勝*,4,4,アオイショー,牡,3,石橋脩, 56 ,10,2,１, ,芝2200,良,,(美),中舘英二,2148,-0.3,8,8,6,34.0,470,+6,
,"2021. 4. 4",中山,3中4,1勝,１勝ｸﾗｽ,6,8,アベックフォルス,牡,4,秋山稔樹,54▲,13,3,１, ,ダ1800,良,,(美),加藤士津,1556,-0.0,3,3,3,37.5,486,-2,
,"2021. 4. 4",中山,3中4,1勝,１勝ｸﾗｽ,8,16,シャワークライム,牝,5,横山和生, 55 ,16,10,１, ,芝1600,良,,(美),田中剛,1357,-0.1,15,7,7,33.6,454,0,
,"2021. 4. 4",中山,3中4,1勝,１勝ｸﾗｽ*,1,2,ロードエクレール,牡,3,石川裕紀, 56 ,16,9,１, ,ダ1800,良,,(美),斎藤誠,1542,-0.3,1,1,1,39.0,472,+2,
,"2021. 4. 4",中山,3中4,未勝利,未勝利,7,13,ジルブラス,牡,3,丸田恭介, 56 ,18,2,１, ,芝2200,良,,(美),栗田徹,2150,-0.4,3,2,2,34.8,494,0,
,"2021. 4. 4",中山,3中4,未勝利,障害未勝利,8,11,ブラゾンダムール,牡,6,西谷誠, 60 ,12,6,１, ,ダ2880,良,,(栗),松永幹夫,3146,-0.2,3,3,1,13.5,488,+8,
,"2021. 4. 4",中山,3中4,未勝利,未勝利,1,2,アーバンヒーロー,牡,3,宮崎北斗, 56 ,16,4,１, ,ダ1200,良,*,(美),伊藤伸一,1132,-0.5,,1,1,37.6,504,+24,
,"2021. 4. 4",中山,3中4,未勝利,未勝利,6,9,ウインザナドゥ,牡,3,横山武史, 56 ,14,2,１, ,ダ1800,良,,(美),手塚貴久,1551,-0.2,3,1,1,37.8,458,-2,
,"2021. 4. 4",中山,3中4,未勝利,未勝利・牝,5,10,クロノフルール,牝,3,木幡巧也, 54 ,16,5,１, ,ダ1200,良,,(美),高柳瑞樹,1131,-0.0,,1,1,37.2,490,0,
,"2021. 4. 3",中山,3中3,1勝,１勝ｸﾗｽ,5,9,クロッチ,セ,4,小林脩斗,54▲,16,8,１, ,ダ1200,良,,(美),杉浦宏昭,1117,-0.1,,2,2,37.0,454,+4,
,"2021. 4. 3",中山,3中3,Ｇ３,ダービーＨG3,5,9,テルツェット,牝,4,Ｍ．デム, 53 ,16,3,１, ,芝1600,良,,(美),和田正一,1326,-0.2,11,10,8,34.7,418,-6,
,"2021. 4. 3",中山,3中3,2勝,葛飾特Ｈ･2勝,7,14,トウカイエトワール,牡,4,横山和生, 56 ,16,2,１, ,ダ1200,良,,(栗),安田隆行,1108,-0.2,,2,2,36.8,494,-10,
,"2021. 4. 3",中山,3中3,2勝,安房特別･2勝,7,7,ノーチカルチャート,牡,5,川田将雅, 57 ,8,1,１, ,芝2500,良,,(栗),奥村豊,2361,-0.1,3,3,3,34.3,490,+2,
,"2021. 4. 3",中山,3中3,1勝,１勝ｸﾗｽ,7,14,ファンタスティック,牡,5,内田博幸, 57 ,16,9,１, ,ダ2400,良,*,(美),武藤善則,2363,-0.2,3,3,2,39.4,474,-4,
,"2021. 4. 3",中山,3中3,1勝,１勝ｸﾗｽ*,5,6,ネクストストーリー,牝,3,杉原誠人, 54 ,12,6,１, ,芝1600,良,,(美),中川公成,1348,-0.1,1,2,2,35.1,488,+2,
,"2021. 4. 3",中山,3中3,未勝利,未勝利,7,14,トモジャリア,牡,3,石川裕紀, 56 ,16,2,１, ,ダ1800,良,,(美),小笠倫弘,1556,-0.8,2,2,2,39.7,468,-4,
,"2021. 4. 3",中山,3中3,未勝利,未勝利,3,6,スワーヴエルメ,牡,3,石橋脩, 56 ,18,2,１, ,芝2000,良,,(美),堀宣行,2012,-0.3,4,3,3,35.8,514,+22,
,"2021. 4. 3",中山,3中3,未勝利,未勝利,1,2,シゲルヒラトリ,牡,3,三浦皇成, 56 ,16,2,１, ,ダ1200,良,,(美),水野貴広,1119,-0.9,,3,3,37.4,474,0,
,"2021. 4. 3",中山,3中3,未勝利,未勝利,2,4,プンタアレナス,セ,3,北村宏司, 56 ,16,6,１, ,ダ1800,良,,(美),古賀慎明,1560,-0.0,2,2,2,37.6,460,+4,
,"2021. 4. 3",中山,3中3,未勝利,未勝利,4,8,ダミアン,牡,3,横山武史, 56 ,16,2,１, ,ダ1200,良,,(美),斎藤誠,1120,-0.1,,2,2,37.9,498,-4,
,"2021. 4. 3",中山,3中3,未勝利,未勝利・牝,8,15,スティルライフ,牝,3,ルメール, 54 ,15,1,１, ,ダ1800,良,,(美),黒岩陽一,1557,-1.1,1,1,1,37.6,456,+4,
,"2021. 3.28",中山,3中2,2勝,２勝ｸﾗｽ,2,4,ホウオウトゥルース,セ,5,三浦皇成, 57 ,16,1,１, ,ダ1800,稍,,(美),高木登,1531,-0.9,2,2,2,37.2,472,0,
,"2021. 3.28",中山,3中2,Ｇ３,マーチＳＨG3,2,3,レピアーウィット,牡,6,石橋脩, 56 ,16,6,１, ,ダ1800,稍,,(美),堀宣行,1510,-0.1,3,3,3,37.6,564,+18,
,"2021. 3.28",中山,3中2,3勝,春興ＳＨ･3勝,1,1,フォックスクリーク,牡,6,内田博幸, 54 ,10,9,１, ,芝1600,重,,(栗),中内田充,1363,-0.1,1,1,1,35.4,482,+12,
,"2021. 3.28",中山,3中2,1勝,ミモザ賞･1勝,8,10,スルーセブンシーズ,牝,3,ルメール, 54 ,10,1,１, ,芝2000,重,,(美),尾関知人,2034,-0.4,7,8,4,35.7,434,-12,
,"2021. 3.28",中山,3中2,2勝,２勝ｸﾗｽ,6,6,ホウオウエミーズ,牝,4,丸田恭介, 55 ,8,3,１, ,芝1800,重,,(美),池上昌和,1512,-0.3,6,4,6,36.5,448,+2,
,"2021. 3.28",中山,3中2,1勝,１勝ｸﾗｽ,6,10,シハーブ,牡,5,ルメール, 57 ,15,1,１, ,ダ1800,稍,,(美),藤沢和雄,1534,-0.9,2,2,1,38.3,560,+10,
,"2021. 3.28",中山,3中2,1勝,１勝ｸﾗｽ*,8,15,ラストサムライ,牡,3,菅原明良,55☆,16,8,１, ,ダ1200,稍,*,(美),栗田徹,1115,-0.1,,6,5,36.9,468,+2,
,"2021. 3.28",中山,3中2,未勝利,未勝利,7,14,ヒットザシーン,牝,3,柴田大知, 54 ,16,8,１, ,芝1800,稍,,(美),畠山吉宏,1517,-0.0,8,7,6,37.1,464,+4,
,"2021. 3.28",中山,3中2,未勝利,障害未勝利,3,3,マイティウェイ,牡,5,石神深一, 60 ,10,1,１, ,ダ2880,良,,(美),粕谷昌央,3157,-0.6,3,2,2,13.6,490,0,
,"2021. 3.28",中山,3中2,未勝利,未勝利,6,12,カツノサンキュウ,牡,3,三浦皇成, 56 ,16,1,１, ,ダ1200,良,,(美),萱野浩二,1133,-1.0,,2,2,37.8,458,0,
,"2021. 3.28",中山,3中2,未勝利,未勝利,4,8,ノーブルシルエット,牝,3,武藤雅, 54 ,16,6,１, ,ダ1800,良,*,(美),水野貴広,1541,-1.2,3,2,2,38.1,474,-12,
,"2021. 3.28",中山,3中2,未勝利,未勝利・牝,2,3,ビューティフルデイ,牝,3,小林脩斗,51▲,16,2,１, ,ダ1200,良,,(美),国枝栄,1124,-0.2,,5,3,36.4,436,-10,
,"2021. 3.27",中山,3中1,2勝,２勝ｸﾗｽ,8,10,コスモカルナック,牡,4,丹内祐次, 57 ,11,1,１, ,芝1200,良,,(美),加藤士津,1090,-0.2,,2,2,35.0,490,+6,
,"2021. 3.27",中山,3中1,Ｇ２,日経賞G2,3,4,ウインマリリン,牝,4,横山武史, 53 ,15,4,１, ,芝2500,良,,(美),手塚貴久,2333,-0.1,3,3,2,34.7,456,-8,
,"2021. 3.27",中山,3中1,ｵｰﾌﾟﾝ,伏竜Ｓ,8,13,ゴッドセレクション,牡,3,中井裕二, 56 ,14,6,１, ,ダ1800,良,,(栗),今野貞一,1521,-0.5,2,2,1,37.9,530,+4,B
,"2021. 3.27",中山,3中1,3勝,春風Ｓ･3勝,5,10,スピリットワンベル,牡,6,野中悠太, 57 ,16,6,１, ,ダ1200,良,,(栗),牧田和弥,1112,-0.3,,1,1,36.8,538,+2,
,"2021. 3.27",中山,3中1,1勝,１勝ｸﾗｽ,3,6,ナムラブル,牡,5,丸田恭介, 57 ,16,3,１, ,ダ1200,良,,(美),石栗龍彦,1127,-0.0,,8,7,36.6,498,+4,
,"2021. 3.27",中山,3中1,1勝,１勝ｸﾗｽ・牝,7,13,ジュールサイクル,牝,4,Ｍ．デム, 55 ,16,1,１, ,ダ1800,良,,(美),田中剛,1547,-0.0,2,2,2,37.7,458,+6,
,"2021. 3.27",中山,3中1,1勝,１勝ｸﾗｽ*,2,2,スペシャルドラマ,牡,3,松山弘平, 56 ,8,2,１, ,芝1800,良,,(美),宮田敬介,1492,-0.0,5,6,5,35.7,506,-2,
,"2021. 3.27",中山,3中1,1勝,１勝ｸﾗｽ*,1,1,カンタベリーマッハ,牡,3,木幡巧也, 56 ,11,7,１, ,芝1200,良,,(美),鈴木慎太,1101,-0.0,,1,1,35.3,498,-6,
,"2021. 3.27",中山,3中1,未勝利,未勝利,3,5,ホウオウラスカーズ,牝,3,大野拓弥, 54 ,16,2,１, ,芝1600,良,,(美),高木登,1362,-0.1,3,3,3,35.2,448,-2,
,"2021. 3.27",中山,3中1,未勝利,未勝利,1,2,ゴールドミーティア,牡,3,横山典弘, 56 ,16,8,１, ,ダ1800,良,,(美),中川公成,1546,-0.5,14,14,11,37.9,478,+8,
,"2021. 3.27",中山,3中1,未勝利,未勝利,7,14,ロングジャーニー,牝,3,中井裕二, 54 ,16,2,１, ,ダ1200,良,,(美),武市康男,1122,-0.2,,1,1,37.1,452,+4,
,"2021. 3.27",中山,3中1,未勝利,未勝利・牝,4,8,クロフネミッション,牝,3,木幡巧也, 54 ,16,2,１, ,ダ1800,良,*,(美),新開幸一,1568,-0.3,3,3,2,38.5,522,+2,
,"2021. 3.21",中山,2中8,2勝,２勝ｸﾗｽ,8,12,ハンメルフェスト,牡,4,横山武史, 56 ,13,1,１, ,ダ2400,重,,(栗),庄野靖志,2363,-1.7,3,2,1,37.3,558,0,
,"2021. 3.21",中山,2中8,Ｇ２,スプリンG2,8,14,ヴィクティファルス,牡,3,池添謙一, 56 ,15,3,１, ,芝1800,重,,(栗),池添学,1520,-0.0,8,9,9,36.1,480,+2,
,"2021. 3.21",中山,2中8,ｵｰﾌﾟﾝ,千葉ＳＨ,2,4,アポロビビ,牡,5,吉田豊, 55 ,16,4,１, ,ダ1200,重,,(美),中舘英二,1110,-0.5,,9,6,36.3,464,-6,
,"2021. 3.21",中山,2中8,3勝,スピカＳ･3勝,4,8,ミスニューヨーク,牝,4,加藤祥太, 55 ,16,1,１, ,芝1800,重,,(栗),杉山晴紀,1511,-0.1,10,10,8,36.2,460,0,
,"2021. 3.21",中山,2中8,2勝,２勝ｸﾗｽ,6,10,ラパンセソバージュ,牡,4,戸崎圭太, 57 ,15,4,１, ,芝1600,重,,(美),大竹正博,1370,-0.2,10,11,6,36.1,462,0,
,"2021. 3.21",中山,2中8,1勝,１勝ｸﾗｽ,5,9,サトノワールド,牡,4,横山典弘, 57 ,16,2,１, ,ダ1200,重,,(美),国枝栄,1124,-0.3,,7,4,36.8,522,-6,B
,"2021. 3.21",中山,2中8,1勝,１勝ｸﾗｽ,4,8,ラヴィンジャー,牝,5,戸崎圭太, 55 ,16,3,１, ,芝2000,重,,(美),小島茂之,2043,-0.3,13,10,5,36.7,438,+6,
,"2021. 3.21",中山,2中8,未勝利,未勝利,1,1,アルビージャ,牡,3,川田将雅, 56 ,16,1,１, ,芝2200,重,,(美),手塚貴久,2188,-0.5,11,10,6,36.1,512,-8,
,"2021. 3.21",中山,2中8,1勝,１勝ｸﾗｽ*,3,6,ジェセニア,牝,3,永野猛蔵,51▲,16,2,１, ,ダ1200,稍,,(美),伊藤圭三,1123,-0.1,,2,4,37.2,466,-4,
,"2021. 3.21",中山,2中8,未勝利,未勝利,1,1,ジャスティンスター,牡,3,三浦皇成, 56 ,14,1,１, ,ダ1800,稍,,(栗),安田隆行,1562,-0.4,1,1,1,41.0,506,+12,
,"2021. 3.21",中山,2中8,未勝利,未勝利,6,11,ピラミデ,牝,3,石橋脩, 54 ,16,2,１, ,ダ1200,稍,,(美),矢野英一,1130,-0.2,,2,2,37.2,478,-2,
,"2021. 3.21",中山,2中8,未勝利,未勝利,3,3,クールマニワ,牡,3,武士沢友, 56 ,14,5,１, ,ダ1800,稍,,(美),高橋裕,1561,-0.7,13,9,4,39.8,488,+6,
,"2021. 3.20",中山,2中7,2勝,２勝ｸﾗｽ,8,16,ディサーニング,セ,6,永野猛蔵,54▲,16,1,１, ,ダ1200,良,,(美),加藤征弘,1109,-0.5,,2,3,36.3,508,-2,
,"2021. 3.20",中山,2中7,Ｇ３,フラワーG3,2,3,ホウオウイクセル,牝,3,丸田恭介, 54 ,16,5,１, ,芝1800,良,*,(美),高柳瑞樹,1492,-0.2,3,4,2,35.4,414,-6,
,"2021. 3.20",中山,2中7,3勝,韓国馬事･3勝,6,11,マサハヤニース,牡,6,森一馬, 57 ,16,6,１, ,ダ1800,良,,(栗),今野貞一,1532,-0.6,7,6,4,38.6,482,-4,
,"2021. 3.20",中山,2中7,2勝,館山特別･2勝,1,1,スマイル,牡,5,石橋脩, 57 ,9,1,１, ,芝2000,良,,(美),堀宣行,2012,-0.5,2,2,2,35.4,526,-2,B
,"2021. 3.20",中山,2中7,ｵｰﾌﾟﾝ,ペガサス,3,3,マイネルレオーネ,牡,9,平沢健治, 60 ,14,4,１, ,芝3350,良,,(栗),清水久詞,3459,-0.3,3,3,3,13.5,406,-2,
,"2021. 3.20",中山,2中7,1勝,１勝ｸﾗｽ,1,1,トウカイオルデン,牡,6,柴田善臣, 57 ,13,10,１, ,ダ1800,良,,(美),菊川正達,1544,-0.4,13,13,8,38.0,476,-6,B
,"2021. 3.20",中山,2中7,1勝,１勝ｸﾗｽ*,8,15,シュバルツカイザー,牡,3,大野拓弥, 56 ,16,6,１, ,芝1600,良,,(美),大竹正博,1355,-0.0,3,2,2,34.7,494,-4,
,"2021. 3.20",中山,2中7,未勝利,未勝利,4,7,カルタゴ,牝,3,田中勝春, 54 ,16,10,１, ,芝1600,良,,(美),小島茂之,1361,-0.0,4,6,5,34.8,442,0,
,"2021. 3.20",中山,2中7,未勝利,未勝利,7,13,ナックイルシーブ,牡,3,菅原明良,55☆,15,4,１, ,芝2000,良,,(美),杉浦宏昭,2020,-0.1,6,7,5,35.9,518,+2,
,"2021. 3.20",中山,2中7,未勝利,未勝利,2,4,キタノリューオー,牡,3,小林脩斗,53▲,16,3,１, ,ダ1200,良,,(美),萱野浩二,1121,-0.3,,5,3,37.1,444,0,
,"2021. 3.20",中山,2中7,未勝利,未勝利,8,12,エコロカナワン,牡,3,北村宏司, 56 ,13,1,１, ,ダ1800,良,,(美),武市康男,1554,-0.0,8,8,7,37.4,490,-4,B
,"2021. 3.20",中山,2中7,未勝利,未勝利・牝,6,12,マリーアミノル,牝,3,木幡育也,53☆,16,8,１, ,ダ1200,良,,(美),中舘英二,1126,-0.5,,2,2,37.1,394,-2,
,"2021. 3.14",中山,2中6,1勝,１勝ｸﾗｽ,4,8,サイヤダンサー,牡,4,三浦皇成, 57 ,16,3,１, ,ダ1200,重,,(美),深山雅史,1117,-0.1,,2,2,38.0,456,-10,
,"2021. 3.14",中山,2中6,OP(L),アネモネ(L),5,8,アナザーリリック,牝,3,津村明秀, 54 ,15,3,１, ,芝1600,重,,(美),林徹,1348,-0.1,10,11,4,36.3,484,-2,
,"2021. 3.14",中山,2中6,OP(L),東風Ｓ(L),3,3,トーラスジェミニ,牡,5,原優介, 58 ,14,4,１, ,芝1600,重,,(美),小桧山悟,1344,-0.0,1,1,1,36.6,480,-6,
,"2021. 3.14",中山,2中6,2勝,房総特別･2勝,8,11,シンハリング,牝,4,戸崎圭太, 55 ,11,1,１, ,芝1800,重,,(美),国枝栄,1516,-0.1,2,1,3,38.0,502,-2,
,"2021. 3.14",中山,2中6,1勝,１勝ｸﾗｽ,7,10,ワンダーラジャ,牡,7,石橋脩, 57 ,13,4,１, ,ダ2400,重,,(栗),石坂公一,2361,-0.0,5,3,3,40.1,516,-2,
,"2021. 3.14",中山,2中6,1勝,１勝ｸﾗｽ*,4,7,ユキノファラオ,牡,3,柴田善臣, 56 ,15,1,１, ,芝1200,重,*,(美),石毛善彦,1115,-0.3,,14,15,35.6,468,-2,
,"2021. 3.14",中山,2中6,1勝,１勝ｸﾗｽ*,5,10,ディールクルム,牡,3,石橋脩, 56 ,16,1,１, ,ダ1800,重,*,(美),田村康仁,1538,-0.0,7,5,4,38.4,508,-4,
,"2021. 3.14",中山,2中6,未勝利,未勝利,1,2,アインゲーブング,牝,3,津村明秀, 54 ,16,1,１, ,芝2000,重,,(美),黒岩陽一,2052,-0.1,3,4,2,37.2,438,+6,
,"2021. 3.14",中山,2中6,未勝利,障害未勝利,7,10,スズカメジャー,牡,7,北沢伸也, 60 ,13,2,１, ,ダ2880,重,,(栗),橋田満,3194,-1.7,1,1,1,13.8,500,-2,
,"2021. 3.14",中山,2中6,未勝利,未勝利,8,14,ペイシャジュン,牡,3,武士沢友, 56 ,14,1,１, ,ダ1800,不,,(美),高橋裕,1540,-0.4,3,1,2,38.5,478,-6,
,"2021. 3.14",中山,2中6,未勝利,未勝利,6,10,レイハリア,牝,3,三浦皇成, 54 ,15,6,１, ,ダ1200,不,,(美),田島俊明,1118,-0.1,,1,1,37.6,444,+8,
,"2021. 3.14",中山,2中6,未勝利,未勝利・牝,7,14,ヴァシリエフスキー,牝,3,横山武史, 54 ,16,1,１, ,ダ1800,不,,(美),武藤善則,1533,-0.6,2,2,1,38.4,470,-6,
,"2021. 3.13",中山,2中5,2勝,２勝ｸﾗｽ,8,14,モエレコネクター,牡,5,柴田善臣, 57 ,15,5,１, ,芝1200,不,,(美),大竹正博,1133,-0.0,,9,7,37.4,514,-4,
,"2021. 3.13",中山,2中5,Ｇ３,中山牝馬ＨG3,7,13,ランブリングアレー,牝,5,武豊, 55 ,16,7,１, ,芝1800,不,,(栗),友道康夫,1548,-0.0,9,9,9,39.2,474,-6,
,"2021. 3.13",中山,2中5,3勝,アクアＨ･3勝,4,6,センショウユウト,牡,6,岩田康誠, 56 ,15,10,１, ,芝1200,不,,(栗),笹田和秀,1127,-0.6,,10,7,36.9,486,0,B
,"2021. 3.13",中山,2中5,2勝,鎌ケ谷特･2勝,3,6,アメリカンフェイス,牡,4,福永祐一, 57 ,16,3,１, ,ダ1800,不,,(美),戸田博文,1518,-0.2,8,4,3,37.9,488,+6,
,"2021. 3.13",中山,2中5,1勝,１勝ｸﾗｽ・牝,6,12,タマモキャペリン,牝,5,勝浦正樹, 55 ,16,3,１, ,ダ1200,不,*,(美),水野貴広,1114,-0.7,,6,3,37.7,474,+6,B
,"2021. 3.13",中山,2中5,1勝,１勝ｸﾗｽ*,2,2,ヴァイスメテオール,牡,3,ルメール, 56 ,11,1,１, ,芝2000,不,,(美),木村哲也,2082,-0.5,10,10,6,37.3,494,-8,
,"2021. 3.13",中山,2中5,未勝利,未勝利,6,11,ワカミヤクオーレ,牡,3,内田博幸, 56 ,16,2,１, ,ダ1800,不,,(美),稲垣幸雄,1540,-0.1,2,2,2,37.9,496,-6,
,"2021. 3.13",中山,2中5,未勝利,未勝利,3,6,ゲンパチリベロ,牡,3,戸崎圭太, 56 ,16,3,１, ,芝1800,不,,(美),堀井雅広,1532,-0.2,15,14,9,36.5,470,+2,
,"2021. 3.13",中山,2中5,未勝利,未勝利・牝,5,9,アップリバー,牝,3,木幡巧也, 54 ,16,1,１, ,ダ1200,不,,(美),牧光二,1109,-0.3,,1,1,37.1,484,-4,B
,"2021. 3.13",中山,2中5,未勝利,未勝利,3,4,サプライズビュー,牡,3,田中勝春, 56 ,14,1,１, ,ダ1800,不,,(美),栗田徹,1531,-0.1,4,4,3,38.2,504,+4,
,"2021. 3.13",中山,2中5,未勝利,未勝利,8,15,イサチルプリンス,牡,3,江田照男, 56 ,16,1,１, ,ダ1200,不,,(美),竹内正洋,1105,-1.1,,1,1,36.3,496,-4,
,"2021. 3.13",中山,2中5,未勝利,未勝利・牝,1,2,ジンジャーブラッド,牝,3,丸山元気, 54 ,16,2,１, ,ダ1800,不,,(美),林徹,1536,-0.8,1,1,1,38.3,548,+2,
,"2021. 3. 7",中山,2中4,2勝,２勝ｸﾗｽ,4,7,ロイヤルバローズ,牡,6,大野拓弥, 57 ,16,1,１, ,ダ1200,良,,(栗),辻野泰之,1115,-0.1,,3,3,37.2,476,0,
,"2021. 3. 7",中山,2中4,Ｇ２,弥生賞G2,4,4,タイトルホルダー,牡,3,横山武史, 56 ,10,4,１, ,芝2000,良,,(美),栗田徹,2020,-0.2,1,1,1,34.5,466,-4,
,"2021. 3. 7",中山,2中4,ｵｰﾌﾟﾝ,総武Ｓ,4,8,ナムラカメタロー,牡,5,石川裕紀, 58 ,16,11,１, ,ダ1800,良,,(美),稲垣幸雄,1535,-0.1,2,2,2,38.3,512,+6,
,"2021. 3. 7",中山,2中4,3勝,湾岸Ｓ･3勝,8,13,ウインキートス,牝,4,横山武史, 54 ,13,2,１, ,芝2200,良,,(美),宗像義忠,2157,-0.3,3,3,3,34.5,460,-4,
,"2021. 3. 7",中山,2中4,2勝,２勝ｸﾗｽ,8,12,スペキュラース,牝,5,Ｍ．デム, 55 ,12,7,１, ,芝1600,良,*,(美),高橋祥泰,1352,-0.0,4,4,3,35.9,470,-4,
,"2021. 3. 7",中山,2中4,1勝,１勝ｸﾗｽ,4,7,ウインドジャマー,セ,4,ルメール, 57 ,16,1,１, ,ダ1800,稍,,(美),藤沢和雄,1557,-0.0,9,4,4,39.2,512,+8,B
,"2021. 3. 7",中山,2中4,1勝,１勝ｸﾗｽ*,5,5,ワザモノ,牡,3,Ｍ．デム, 56 ,11,3,１, ,芝1600,良,,(美),尾関知人,1358,-0.0,2,3,3,35.2,492,-12,
,"2021. 3. 7",中山,2中4,未勝利,未勝利,8,15,アスクヒーロー,牡,3,川田将雅, 56 ,16,1,１, ,芝2200,良,,(美),田村康仁,2187,-0.2,4,4,4,35.4,490,0,
,"2021. 3. 7",中山,2中4,未勝利,未勝利,7,14,インヴァリアンス,牡,3,Ｍ．デム, 56 ,16,1,１, ,ダ1800,稍,,(美),尾関知人,1571,-0.4,6,3,2,38.7,476,-4,
,"2021. 3. 7",中山,2中4,未勝利,未勝利,4,7,トランザクト,牡,3,川田将雅, 56 ,16,2,１, ,ダ1200,稍,,(美),武藤善則,1122,-0.2,,2,2,37.7,506,-2,B
,"2021. 3. 7",中山,2中4,未勝利,未勝利,2,3,ハイエストピーク,牡,3,田辺裕信, 56 ,16,4,１, ,ダ1800,稍,,(美),大和田成,1568,-0.3,5,2,2,39.3,476,-18,
,"2021. 3. 7",中山,2中4,未勝利,未勝利・牝,5,10,ミヤコノアカリ,牝,3,ルメール, 54 ,16,1,１, ,ダ1200,稍,,(美),加藤征弘,1130,-0.5,,3,3,38.2,430,0,
,"2021. 3. 6",中山,2中3,2勝,２勝ｸﾗｽ,2,3,ファイアランス,牡,4,石橋脩, 57 ,15,2,１, ,ダ1800,稍,,(美),高橋祥泰,1534,-0.9,1,1,1,37.4,496,0,
,"2021. 3. 6",中山,2中3,Ｇ３,オーシャG3,4,8,コントラチェック,牝,5,丸山元気, 54 ,16,11,１, ,芝1200,稍,,(美),藤沢和雄,1084,-0.0,,2,2,34.3,480,+6,
,"2021. 3. 6",中山,2中3,3勝,上総ＳＨ･3勝,5,10,ラストマン,牡,4,石橋脩, 55 ,16,5,１, ,ダ1800,稍,,(美),戸田博文,1528,-0.6,7,6,4,38.4,474,-4,
,"2021. 3. 6",中山,2中3,2勝,潮来特Ｈ･2勝,6,9,フィリオアレグロ,牡,4,ルメール, 56 ,13,1,１, ,芝2500,稍,,(美),堀宣行,2345,-0.2,3,3,3,36.2,486,-2,B
,"2021. 3. 6",中山,2中3,1勝,１勝ｸﾗｽ,3,6,アオイクレアトール,牡,4,ルメール, 57 ,16,1,１, ,芝1600,稍,,(美),古賀慎明,1347,-0.1,2,4,2,35.8,484,-2,
,"2021. 3. 6",中山,2中3,1勝,１勝ｸﾗｽ,3,5,コルニリア,牡,4,杉原誠人, 57 ,16,10,１, ,ダ1200,稍,,(美),大和田成,1116,-0.2,,1,1,37.7,458,+8,
,"2021. 3. 6",中山,2中3,未勝利,未勝利,1,1,ファユエン,牝,3,宮崎北斗, 54 ,16,3,１, ,芝1800,稍,,(美),伊坂重信,1496,-0.3,5,5,5,35.9,456,+4,
,"2021. 3. 6",中山,2中3,未勝利,未勝利,6,11,ラングロワ,牝,3,木幡巧也, 54 ,16,4,１, ,芝1600,稍,,(美),堀井雅広,1361,-0.0,1,1,1,35.1,428,+10,
,"2021. 3. 6",中山,2中3,1勝,１勝ｸﾗｽ*,1,1,ゲンパチフォルツァ,牡,3,津村明秀, 56 ,16,1,１, ,ダ1200,稍,*,(美),堀井雅広,1114,-0.6,,5,2,37.2,498,+2,
,"2021. 3. 6",中山,2中3,未勝利,未勝利,4,8,タマモヒップホップ,牡,3,永野猛蔵,53▲,16,3,１, ,ダ1800,稍,,(美),伊藤圭三,1560,-0.8,1,1,1,39.7,534,0,
,"2021. 3. 6",中山,2中3,未勝利,未勝利,5,9,トップオアシス,牡,3,岩部純二, 56 ,16,6,１, ,ダ1200,稍,,(美),萱野浩二,1130,-0.0,,1,1,38.7,436,-2,
,"2021. 3. 6",中山,2中3,未勝利,未勝利・牝,5,10,ラレイナ,牝,3,丸山元気, 54 ,16,2,１, ,ダ1800,稍,,(美),木村哲也,1567,-0.5,4,4,2,39.7,442,+6,
,"2021. 2.28",中山,2中2,2勝,２勝ｸﾗｽ,8,15,ロワマージュ,牡,4,ルメール, 56 ,16,2,１, ,ダ1800,良,,(美),池上昌和,1546,-0.0,10,8,8,38.4,492,+4,
,"2021. 2.28",中山,2中2,Ｇ２,中山記念G2,5,8,ヒシイグアス,牡,5,松山弘平, 56 ,14,1,１, ,芝1800,良,,(美),堀宣行,1449,-0.0,4,4,4,34.2,490,-6,
,"2021. 2.28",中山,2中2,3勝,ブラッＨ･3勝,1,2,スマートアルタイル,牡,6,蛯名正義, 55 ,16,9,１, ,ダ1200,良,,(栗),小崎憲,1111,-0.1,,13,13,35.4,482,+2,
,"2021. 2.28",中山,2中2,1勝,デイジー･1勝,3,3,ルース,牝,3,横山武史, 54 ,10,3,１, ,芝1800,良,,(栗),池添兼雄,1486,-0.0,2,2,2,34.1,484,-6,
,"2021. 2.28",中山,2中2,1勝,１勝ｸﾗｽ,7,13,カイアワセ,牝,4,小林脩斗,52▲,16,1,１, ,ダ1200,良,,(美),星野忍,1128,-0.2,,8,10,37.2,442,+2,
,"2021. 2.28",中山,2中2,1勝,１勝ｸﾗｽ・牝,2,2,スペロデア,牝,4,ルメール, 54 ,12,1,１, ,ダ1800,良,,(美),伊藤圭三,1551,-0.2,2,2,1,39.4,464,-2,
,"2021. 2.28",中山,2中2,1勝,１勝ｸﾗｽ*,4,4,ジュリオ,牡,3,ルメール, 56 ,7,2,１, ,芝1600,良,,(美),木村哲也,1334,-0.3,1,2,2,34.4,506,-4,
,"2021. 2.28",中山,2中2,未勝利,未勝利,8,15,シルバースピリット,牡,3,蛯名正義, 56 ,16,4,１, ,芝1600,良,,(美),藤沢和雄,1352,-0.1,8,9,8,34.5,458,+6,
,"2021. 2.28",中山,2中2,未勝利,未勝利,3,5,カフェアヴニール,牡,3,北村宏司, 56 ,16,5,１, ,ダ1200,良,,(美),中舘英二,1134,-0.0,,7,7,37.4,460,-4,
,"2021. 2.28",中山,2中2,未勝利,未勝利,7,14,タイセイサムソン,牡,3,横山典弘, 56 ,16,4,１, ,ダ1800,良,,(美),奥村武,1554,-0.6,2,2,2,38.3,488,-10,
,"2021. 2.28",中山,2中2,未勝利,未勝利,3,5,キャンディキューブ,牝,3,北村宏司, 54 ,16,11,１, ,ダ1200,良,,(美),大和田成,1129,-0.1,,2,2,37.5,472,+16,
,"2021. 2.28",中山,2中2,未勝利,未勝利・牝,4,7,スノームーン,牝,3,横山武史, 54 ,15,6,１, ,ダ1800,良,,(美),萩原清,1568,-0.6,1,1,1,39.9,454,+18,
,"2021. 2.27",中山,2中1,2勝,２勝ｸﾗｽ,4,7,ミッキーハイド,牡,6,田中勝春, 57 ,16,5,１, ,ダ1200,良,,(美),菊沢隆徳,1117,-0.0,,12,10,36.7,500,0,
,"2021. 2.27",中山,2中1,3勝,幕張Ｓ･3勝,1,1,ウインカーネリアン,牡,4,三浦皇成, 57 ,16,3,１, ,芝1600,良,,(美),鹿戸雄一,1318,-0.4,2,2,2,34.5,496,-6,
,"2021. 2.27",中山,2中1,2勝,富里特別･2勝,6,6,ダディーズマインド,牡,5,丸山元気, 57 ,9,1,１, ,芝1800,良,,(美),青木孝文,1490,-0.2,3,3,3,34.0,496,+6,
,"2021. 2.27",中山,2中1,1勝,水仙賞･1勝*,2,2,レッドヴェロシティ,牡,3,Ｍ．デム, 56 ,11,6,１, ,芝2200,良,,(美),木村哲也,2167,-0.2,2,2,2,34.4,532,-12,
,"2021. 2.27",中山,2中1,1勝,１勝ｸﾗｽ,5,9,カウンターエア,セ,5,田辺裕信, 57 ,16,1,１, ,ダ1800,良,,(美),奥村武,1549,-0.2,13,10,8,38.2,576,+4,
,"2021. 2.27",中山,2中1,1勝,１勝ｸﾗｽ*,8,10,メイショウムラクモ,牡,3,柴田善臣, 56 ,10,2,１, ,ダ1800,良,,(美),和田勇介,1544,-1.3,1,1,1,39.2,476,-8,
,"2021. 2.27",中山,2中1,未勝利,未勝利,5,10,ララサンスフル,牝,3,大野拓弥, 54 ,16,3,１, ,芝2000,良,,(美),大竹正博,2014,-0.2,3,3,2,35.9,484,-4,
,"2021. 2.27",中山,2中1,未勝利,未勝利・牝,8,15,クライミングリリー,牝,3,田辺裕信, 54 ,16,2,１, ,芝1800,良,,(美),国枝栄,1498,-0.4,8,6,4,34.3,468,-2,
,"2021. 2.27",中山,2中1,未勝利,未勝利,7,13,トーセンエディ,牡,3,石橋脩, 56 ,16,2,１, ,ダ1800,良,,(美),武市康男,1570,-0.1,3,3,2,40.9,554,-6,
,"2021. 2.27",中山,2中1,未勝利,未勝利,6,11,スラップショット,牡,3,大野拓弥, 56 ,16,2,１, ,ダ1200,良,,(美),大竹正博,1129,-0.0,,3,2,38.5,494,+4,
,"2021. 2.27",中山,2中1,未勝利,未勝利,8,15,レッドアウレア,牡,3,Ｍ．デム, 56 ,16,2,１, ,ダ1800,良,,(美),尾関知人,1579,-0.8,1,1,1,39.4,500,+6,
,"2021. 2.27",中山,2中1,未勝利,未勝利・牝,8,15,ノボベルサイユ,牝,3,石川裕紀, 54 ,16,1,１, ,ダ1200,良,,(美),小野次郎,1129,-0.5,,2,2,39.2,482,-4,
,"2021. 1.24",中山,1中8,2勝,２勝ｸﾗｽ,8,9,フォースオブウィル,牡,4,柴田善臣, 56 ,10,2,１, ,芝1600,不,,(美),粕谷昌央,1373,-0.0,4,5,5,36.5,456,-2,
,"2021. 1.24",中山,1中8,Ｇ２,アメリカG2,5,9,アリストテレス,牡,4,ルメール, 55 ,17,1,１, ,芝2200,不,,(栗),音無秀孝,2179,-0.1,6,6,4,37.4,478,+4,
,"2021. 1.24",中山,1中8,3勝,アレキサ･3勝,6,6,アメリカンシード,牡,4,ルメール, 56 ,11,1,１, ,ダ1800,不,,(栗),藤岡健一,1511,-0.8,1,1,1,38.3,468,-4,
,"2021. 1.24",中山,1中8,1勝,若竹賞･1勝*,7,7,ロードトゥフェイム,牡,3,木幡巧也, 56 ,8,4,１, ,芝1800,不,,(美),尾形和幸,1535,-0.2,7,7,4,36.3,482,-4,
,"2021. 1.24",中山,1中8,2勝,２勝ｸﾗｽ,7,13,ナイトブリーズ,牝,4,宮崎北斗, 54 ,16,3,１, ,ダ1200,不,,(美),萱野浩二,1108,-0.0,,3,2,36.9,496,+4,
,"2021. 1.24",中山,1中8,1勝,１勝ｸﾗｽ・牝,8,13,ピュアブレンド,牝,4,武藤雅, 54 ,13,2,１, ,ダ1800,不,,(美),中川公成,1536,-0.5,2,3,2,37.5,484,+10,
,"2021. 1.24",中山,1中8,新馬,新馬,5,9,カレンレベンティス,牡,3,戸崎圭太, 56 ,16,3,１, ,芝2000,不,,(美),国枝栄,2088,-0.2,9,8,5,36.7,464,,
,"2021. 1.24",中山,1中8,未勝利,未勝利,4,7,ソーヴァリアント,牡,3,戸崎圭太, 56 ,16,1,１, ,芝2200,不,,(美),大竹正博,2218,-0.3,2,2,1,37.8,500,-4,
,"2021. 1.24",中山,1中8,1勝,１勝ｸﾗｽ,8,15,ダイシンウィット,牡,4,三浦皇成, 56 ,16,1,１, ,ダ1200,不,,(美),小笠倫弘,1119,-0.0,,2,2,37.1,518,0,B
,"2021. 1.24",中山,1中8,未勝利,未勝利,2,3,スクリーンプロセス,牡,3,横山武史, 56 ,15,1,１, ,ダ1800,不,,(美),中川公成,1546,-0.2,4,4,3,38.3,538,0,
,"2021. 1.24",中山,1中8,未勝利,未勝利・牝,6,10,デリシュレーヌ,牝,3,武士沢友, 54 ,14,3,１, ,ダ1800,不,,(美),高橋文雅,1551,-0.5,7,7,4,38.9,478,-4,
,"2021. 1.24",中山,1中8,未勝利,未勝利,8,16,アイスマン,牡,3,Ｍ．デム, 56 ,16,1,１, ,ダ1200,不,,(美),土田稔,1122,-0.2,,3,3,37.6,458,+2,
,"2021. 1.23",中山,1中7,1勝,１勝ｸﾗｽ,4,7,マイネルミュトス,牡,5,柴田大知, 57 ,16,4,１, ,芝2200,重,,(美),鹿戸雄一,2203,-0.1,13,12,6,37.0,488,+2,
,"2021. 1.23",中山,1中7,3勝,初富士Ｈ･3勝,8,14,ドナアトラエンテ,牝,5,ルメール, 55 ,14,1,１, ,芝1800,重,,(美),国枝栄,1506,-0.1,3,3,3,36.9,468,+14,
,"2021. 1.23",中山,1中7,2勝,初茜賞･2勝,8,14,レトロフィット,牝,5,大野拓弥, 55 ,14,5,１, ,ダ1800,稍,,(美),伊藤圭三,1550,-0.1,13,12,9,37.6,494,+14,
,"2021. 1.23",中山,1中7,2勝,東雲賞･2勝,8,8,クロミナンス,牡,4,ルメール, 56 ,8,1,１, ,芝2000,稍,,(美),尾関知人,2062,-0.4,2,2,2,36.3,498,+4,
,"2021. 1.23",中山,1中7,1勝,１勝ｸﾗｽ,7,11,サンビュート,セ,4,北村宏司, 56 ,14,3,１, ,ダ1800,稍,,(美),中舘英二,1557,-0.1,4,3,3,38.3,494,+2,
,"2021. 1.23",中山,1中7,1勝,１勝ｸﾗｽ*,7,13,リメス,牡,3,ルメール, 56 ,16,1,１, ,ダ1200,稍,,(栗),松永幹夫,1115,-0.2,,2,2,37.8,462,-4,
,"2021. 1.23",中山,1中7,新馬,新馬,5,5,オセアジャスティス,牡,3,ルメール, 56 ,10,1,１, ,ダ1800,稍,,(美),加藤征弘,2000,-0.0,1,1,1,39.3,516,,
,"2021. 1.23",中山,1中7,未勝利,未勝利,4,8,シュバルツカイザー,牡,3,大野拓弥, 56 ,16,9,１, ,芝1600,稍,,(美),大竹正博,1362,-0.2,4,4,3,37.3,498,+2,
,"2021. 1.23",中山,1中7,新馬,新馬,6,11,ハイオプターレ,牡,3,大野拓弥, 56 ,16,1,１, ,ダ1200,良,,(美),高木登,1145,-0.1,,10,8,37.9,528,,
,"2021. 1.23",中山,1中7,未勝利,未勝利,3,6,フロムディスタンス,牡,3,田辺裕信, 56 ,16,1,１, ,ダ1200,良,,(美),大竹正博,1143,-0.0,,5,7,38.2,554,+8,
,"2021. 1.23",中山,1中7,未勝利,未勝利,8,13,トリストラム,牡,3,戸崎圭太, 56 ,13,4,１, ,ダ1800,良,,(美),田島俊明,1572,-0.1,9,6,3,40.9,504,+4,
,"2021. 1.23",中山,1中7,未勝利,未勝利・牝,8,15,スターリングワース,牝,3,田辺裕信, 54 ,16,2,１, ,ダ1200,良,,(美),中舘英二,1122,-0.8,,4,4,37.8,462,+12,
,"2021. 1.17",中山,1中6,2勝,２勝ｸﾗｽ,5,7,ジュニパーベリー,牝,4,ルメール, 54 ,14,1,１, ,芝1200,良,*,(美),手塚貴久,1092,-0.1,,2,2,35.6,474,0,B
,"2021. 1.17",中山,1中6,Ｇ３,京成杯G3,3,3,グラティアス,牡,3,ルメール, 56 ,12,1,１, ,芝2000,良,,(美),加藤征弘,2031,-0.4,2,3,2,34.9,498,+10,
,"2021. 1.17",中山,1中6,ｵｰﾌﾟﾝ,ジャニュ,1,1,リュウノユキナ,牡,6,柴田善臣, 56 ,16,3,１, ,ダ1200,良,,(美),小野次郎,1096,-1.0,,6,3,36.2,504,+8,B
,"2021. 1.17",中山,1中6,3勝,サンライ･3勝,8,15,アルピニズム,牡,4,Ｍ．デム, 56 ,16,2,１, ,芝1200,良,*,(美),金成貴史,1091,-0.4,,2,2,34.5,502,+4,
,"2021. 1.17",中山,1中6,2勝,２勝ｸﾗｽ,7,13,リッターシュラーク,牡,4,宮崎北斗, 56 ,16,2,１, ,ダ1800,良,*,(美),中川公成,1550,-0.4,11,10,6,37.8,506,+10,
,"2021. 1.17",中山,1中6,1勝,１勝ｸﾗｽ,2,4,セイウンヴィーナス,牝,4,田辺裕信, 54 ,16,1,１, ,芝1600,良,,(美),本間忍,1359,-0.3,2,2,2,35.3,458,+10,
,"2021. 1.17",中山,1中6,1勝,１勝ｸﾗｽ,1,1,ディスモーメント,牡,5,杉原誠人, 57 ,16,5,１, ,ダ1200,良,,(美),宮田敬介,1123,-0.1,,14,13,36.6,534,+6,
,"2021. 1.17",中山,1中6,未勝利,未勝利・牝,5,10,イズンシーラブリー,牝,3,ルメール, 54 ,16,1,１, ,芝1600,良,,(美),加藤征弘,1364,-0.1,11,10,5,34.2,432,-4,
,"2021. 1.17",中山,1中6,新馬,新馬,2,4,コズミックマインド,牡,3,田辺裕信, 56 ,16,6,１, ,ダ1800,良,,(美),田島俊明,1592,-0.0,2,3,3,39.7,450,,
,"2021. 1.17",中山,1中6,未勝利,未勝利,2,3,ワンプレート,牡,3,岩田望来, 56 ,16,7,１, ,ダ1800,良,,(美),高柳瑞樹,1573,-0.0,3,2,2,39.0,496,+6,
,"2021. 1.17",中山,1中6,未勝利,未勝利・牝,7,14,フミチャン,牝,3,三浦皇成, 54 ,16,1,１, ,ダ1800,良,,(美),鹿戸雄一,1576,-0.4,3,3,2,39.5,472,+2,
,"2021. 1.17",中山,1中6,未勝利,未勝利,3,6,アドマイヤレビン,牡,3,ルメール, 56 ,16,4,１, ,ダ1200,良,,(美),加藤征弘,1128,-0.4,,3,3,38.0,490,+12,
,"2021. 1.16",中山,1中5,2勝,２勝ｸﾗｽ・牝,7,11,アールクインダム,牝,4,大野拓弥, 54 ,14,6,１, ,芝1800,良,,(美),伊藤大士,1483,-0.3,2,2,2,35.8,478,+2,
,"2021. 1.16",中山,1中5,ｵｰﾌﾟﾝ,カーバンＨ,7,14,レジェーロ,牝,4,丸田恭介, 51 ,16,10,１, ,芝1200,良,,(栗),西村真幸,1092,-0.1,,5,2,34.2,414,+2,
,"2021. 1.16",中山,1中5,2勝,頌春賞･2勝,4,8,マローネメタリコ,牝,6,北村宏司, 55 ,16,5,１, ,ダ1200,良,,(美),萩原清,1114,-0.2,,6,7,36.8,520,+2,
,"2021. 1.16",中山,1中5,1勝,菜の花賞･1勝,7,9,スライリー,牝,3,石川裕紀, 54 ,12,8,１, ,芝1600,良,,(美),相沢郁,1361,-0.0,6,5,4,34.4,424,0,
,"2021. 1.16",中山,1中5,1勝,１勝ｸﾗｽ,7,13,チョーズンワン,牡,4,横山武史, 56 ,15,1,１, ,ダ1800,良,,(美),萩原清,1551,-0.0,14,12,10,38.3,458,+2,
,"2021. 1.16",中山,1中5,1勝,１勝ｸﾗｽ・牝,6,12,ラフィンクロンヌ,牝,4,原優介,51▲,16,1,１, ,ダ1200,良,,(美),高橋祥泰,1121,-0.5,,1,1,36.8,472,+2,
,"2021. 1.16",中山,1中5,新馬,新馬,5,10,オメガロマンス,牝,3,横山武史, 54 ,16,1,１, ,芝1600,良,*,(美),斎藤誠,1364,-0.0,11,14,14,33.5,452,,
,"2021. 1.16",中山,1中5,未勝利,未勝利,5,9,セナリスト,牝,3,丸山元気, 54 ,16,3,１, ,芝2000,良,,(美),金成貴史,2019,-0.2,13,6,6,36.5,440,+2,
,"2021. 1.16",中山,1中5,新馬,新馬・牝,4,8,ララシャルロット,牝,3,大野拓弥, 54 ,16,1,１, ,ダ1800,良,,(栗),今野貞一,1582,-0.1,2,2,2,37.7,476,,
,"2021. 1.16",中山,1中5,未勝利,未勝利,6,11,ボイラーハウス,牡,3,江田照男, 56 ,16,1,１, ,ダ1200,良,,(美),竹内正洋,1136,-0.2,,5,5,37.7,498,-2,
,"2021. 1.16",中山,1中5,未勝利,未勝利,5,10,ホウオウルバン,牡,3,三浦皇成, 56 ,16,1,１, ,ダ1800,良,,(美),池上昌和,1556,-0.3,12,2,2,38.6,516,-4,
,"2021. 1.16",中山,1中5,未勝利,未勝利,3,5,ノーブルハーバー,牝,3,横山武史, 54 ,16,11,１, ,ダ1200,良,,(美),鈴木伸尋,1136,-0.1,,9,7,37.6,460,0,
,"2021. 1.11",中山,1中4,1勝,１勝ｸﾗｽ,6,12,ココニアル,牝,4,大野拓弥, 54 ,16,1,１, ,芝2000,良,,(美),和田勇介,2034,-0.0,11,11,9,34.8,444,-4,
,"2021. 1.11",中山,1中4,Ｇ３,フェアリG3,5,9,ファインルージュ,牝,3,ルメール, 54 ,16,3,１, ,芝1600,良,,(美),木村哲也,1344,-0.4,9,9,7,35.0,492,+4,
,"2021. 1.11",中山,1中4,3勝,迎春Ｓ･3勝,1,2,ブラックマジック,牡,4,石橋脩, 56 ,16,5,１, ,芝2200,良,,(美),戸田博文,2167,-0.1,3,1,1,35.1,450,-2,
,"2021. 1.11",中山,1中4,2勝,成田特Ｈ･2勝,6,12,エコロドリーム,牡,5,木幡巧也, 54 ,16,7,１, ,ダ2400,良,,(美),岩戸孝樹,2375,-0.3,12,5,2,39.3,478,0,
,"2021. 1.11",中山,1中4,2勝,２勝ｸﾗｽ,3,6,スーパーアキラ,牡,6,江田照男, 57 ,16,1,１, ,ダ1200,良,,(美),矢野英一,1120,-0.0,,15,15,36.6,524,+6,B
,"2021. 1.11",中山,1中4,1勝,１勝ｸﾗｽ,8,16,オンリーワンボーイ,牡,4,横山武史, 56 ,16,2,１, ,ダ1800,良,,(美),斎藤誠,1546,-1.0,2,1,1,39.1,460,+4,B
,"2021. 1.11",中山,1中4,新馬,新馬,8,10,トミケンベレムド,牡,3,野中悠太, 56 ,10,7,１, ,ダ1800,良,*,(美),小西一男,2019,-0.4,4,2,2,38.0,528,,
,"2021. 1.11",中山,1中4,未勝利,未勝利,7,14,エイシンチラー,牝,3,横山和生, 54 ,16,8,１, ,芝1600,良,,(美),田中剛,1352,-0.2,1,1,1,35.4,468,-2,
,"2021. 1.11",中山,1中4,新馬,新馬・牝,5,10,ジュンダイハード,牝,3,田辺裕信, 54 ,16,6,１, ,ダ1200,良,,(美),中舘英二,1146,-0.2,,5,5,38.2,458,,
,"2021. 1.11",中山,1中4,未勝利,未勝利,2,4,タイセイスラッガー,牡,3,戸崎圭太, 56 ,16,1,１, ,ダ1800,良,,(美),高橋裕,1568,-0.2,2,1,1,39.6,526,+2,
,"2021. 1.11",中山,1中4,未勝利,未勝利・牝,8,16,ペイシャオウユー,牝,3,戸崎圭太, 54 ,16,2,１, ,ダ1800,良,,(美),石栗龍彦,1573,-0.1,11,10,6,40.3,460,+4,
,"2021. 1.11",中山,1中4,未勝利,未勝利,8,15,トップヴィヴィット,牡,3,横山典弘, 56 ,16,1,１, ,ダ1200,良,,(美),中川公成,1132,-0.2,,1,1,38.3,498,+6,
,"2021. 1.10",中山,1中3,2勝,２勝ｸﾗｽ,7,12,インテンスライト,牡,5,菊沢一樹,56☆,15,1,１, ,芝1600,良,,(美),菊沢隆徳,1342,-0.0,1,2,1,35.4,500,0,
,"2021. 1.10",中山,1中3,ｵｰﾌﾟﾝ,ポルック,3,6,ダノンスプレンダー,牡,5,三浦皇成, 56 ,16,1,１, ,ダ1800,良,,(栗),安田隆行,1540,-0.0,6,5,5,37.3,514,+4,B
,"2021. 1.10",中山,1中3,3勝,若潮ＳＨ･3勝,4,8,カラテ,牡,5,菅原明良, 54 ,16,8,１, ,芝1600,良,,(美),高橋祥泰,1329,-0.5,4,6,2,34.7,528,-8,
,"2021. 1.10",中山,1中3,1勝,朱竹賞･1勝*,8,16,ロンギングバース,牡,3,石橋脩, 56 ,16,4,１, ,芝1200,良,,(美),竹内正洋,1092,-0.0,,14,14,34.6,456,0,
,"2021. 1.10",中山,1中3,1勝,１勝ｸﾗｽ,3,5,ユメノサキ,セ,6,北村宏司, 57 ,16,6,１, ,ダ2400,良,,(美),新開幸一,2401,-0.0,3,3,2,39.4,544,+4,B
,"2021. 1.10",中山,1中3,1勝,１勝ｸﾗｽ,7,13,ハルワタート,牝,5,斎藤新,54☆,16,8,１, ,ダ1200,良,,(美),斎藤誠,1125,-0.0,,2,2,37.7,482,-6,
,"2021. 1.10",中山,1中3,新馬,新馬,8,16,タイセイドリーマー,牡,3,北村宏司, 56 ,16,3,１, ,芝2000,良,,(栗),矢作芳人,2048,-0.0,5,5,2,34.7,486,,
,"2021. 1.10",中山,1中3,未勝利,未勝利,1,1,グローリアスサルム,牝,3,吉田豊, 54 ,16,7,１, ,芝2200,良,,(美),小島茂之,2169,-0.1,11,11,8,34.7,448,+6,
,"2021. 1.10",中山,1中3,未勝利,障害未勝利,3,3,キングテセウス,牡,5,草野太郎, 60 ,12,9,１, ,ダ2880,良,,(美),木村哲也,3125,-0.8,2,2,1,13.4,522,+6,
,"2021. 1.10",中山,1中3,未勝利,未勝利,4,7,ダノンブレット,牡,3,横山典弘, 56 ,16,1,１, ,ダ1800,良,,(美),菊沢隆徳,1573,-0.1,6,3,3,39.7,508,-2,
,"2021. 1.10",中山,1中3,未勝利,未勝利・牝,2,3,フローズンカクテル,牝,3,吉田豊, 54 ,16,2,１, ,ダ1800,良,,(美),小手川準,1579,-0.2,3,3,3,39.8,446,-6,
,"2021. 1.10",中山,1中3,未勝利,未勝利,4,8,チュイション,牡,3,三浦皇成, 56 ,16,1,１, ,ダ1200,良,,(美),高柳瑞樹,1133,-0.1,,6,6,38.4,480,+6,B
,"2021. 1. 9",中山,1中2,2勝,２勝ｸﾗｽ,5,6,エフェクトオン,牡,5,田辺裕信, 57 ,13,4,１, ,芝2200,良,,(美),久保田貴,2152,-0.1,7,7,5,34.1,450,+6,
,"2021. 1. 9",中山,1中2,OP(L),ニューイ(L),7,14,ミッキーブリランテ,牡,5,内田博幸, 56 ,16,14,１, ,芝1600,良,,(栗),矢作芳人,1332,-0.0,5,5,5,33.7,474,-4,
,"2021. 1. 9",中山,1中2,3勝,初春Ｓ･3勝,8,16,アポロビビ,牡,5,吉田豊, 57 ,16,1,１, ,ダ1200,良,,(美),中舘英二,1114,-0.2,,10,6,35.9,470,-2,
,"2021. 1. 9",中山,1中2,1勝,黒竹賞･1勝*,3,3,ティアップリオン,牡,3,内田博幸, 56 ,13,8,１, ,ダ1800,良,,(美),奥平雅士,1543,-0.0,1,1,1,39.2,474,+8,
,"2021. 1. 9",中山,1中2,ｵｰﾌﾟﾝ,中山新春,2,2,スマートアペックス,牡,4,中村将之, 60 ,14,1,１, ,ダ3200,良,,(栗),浅見秀一,3329,-1.1,3,2,2,13.3,482,-10,
,"2021. 1. 9",中山,1中2,1勝,１勝ｸﾗｽ,8,16,ライクアジュエリー,牝,4,横山和生, 54 ,16,1,１, ,ダ1200,良,,(美),戸田博文,1120,-0.6,,1,1,37.8,460,0,
,"2021. 1. 9",中山,1中2,未勝利,未勝利,6,11,エトワールマタン,牝,3,内田博幸, 54 ,16,7,１, ,芝2000,良,,(美),高柳瑞樹,2027,-0.1,8,7,8,34.8,432,-2,
,"2021. 1. 9",中山,1中2,新馬,新馬,6,11,レッジャードロ,牝,3,藤田菜七,52◇,16,2,１, ,芝1600,良,,(美),戸田博文,1356,-0.1,16,16,11,33.9,446,,
,"2021. 1. 9",中山,1中2,1勝,１勝ｸﾗｽ・牝,7,14,ニーズヘッグ,牝,4,横山和生, 54 ,16,2,１, ,ダ1800,良,,(美),小野次郎,1549,-0.0,1,1,1,38.6,488,+12,
,"2021. 1. 9",中山,1中2,新馬,新馬,6,12,ゲンパチフォルツァ,牡,3,武藤雅, 56 ,16,2,１, ,ダ1200,良,,(美),堀井雅広,1132,-0.2,,3,2,37.5,496,,
,"2021. 1. 9",中山,1中2,未勝利,未勝利,3,5,クリーンスレイト,牡,3,横山武史, 56 ,16,3,１, ,ダ1800,良,,(美),久保田貴,1565,-0.4,8,6,3,38.3,476,+6,
,"2021. 1. 9",中山,1中2,未勝利,未勝利・牝,7,13,メインターゲット,牝,3,田辺裕信, 54 ,16,2,１, ,ダ1200,良,,(美),杉浦宏昭,1135,-0.1,,4,2,38.1,504,+2,
,"2021. 1. 5",中山,1中1,2勝,２勝ｸﾗｽ,8,13,レオンドーロ,牝,5,柴田大知, 55 ,13,3,１, ,芝1800,良,,(美),伊藤大士,1510,-0.1,3,2,3,34.5,490,+2,B
,"2021. 1. 5",中山,1中1,Ｇ３,中山金杯ＨG3,5,9,ヒシイグアス,牡,5,松山弘平, 54 ,17,1,１, ,芝2000,良,,(美),堀宣行,2009,-0.0,8,5,6,34.5,496,+2,
,"2021. 1. 5",中山,1中1,OP(L),ジュニア(L),5,5,ヴェイルネビュラ,牡,3,戸崎圭太, 56 ,12,1,１, ,芝1600,良,,(美),大竹正博,1360,-0.1,8,6,5,34.9,494,+10,
,"2021. 1. 5",中山,1中1,3勝,招福ＳＨ･3勝,6,11,サトノディード,セ,6,石川裕紀, 54 ,16,9,１, ,ダ1800,良,,(美),国枝栄,1543,-0.1,5,4,5,37.5,504,+4,
,"2021. 1. 5",中山,1中1,2勝,２勝ｸﾗｽ,6,11,カバジェーロ,牡,4,松山弘平, 56 ,16,7,１, ,ダ1200,良,,(栗),橋口慎介,1118,-0.2,,1,1,36.7,486,-10,B
,"2021. 1. 5",中山,1中1,2勝,２勝ｸﾗｽ,1,2,テリオスベル,牝,4,小林凌大,51▲,16,6,１, ,ダ1800,良,,(美),田島俊明,1534,-0.1,1,1,1,39.3,436,+4,B
,"2021. 1. 5",中山,1中1,1勝,１勝ｸﾗｽ*,4,4,ワンデイモア,牡,3,田辺裕信, 56 ,11,7,１, ,芝2000,良,,(美),国枝栄,2013,-0.1,10,7,6,35.4,522,+4,
,"2021. 1. 5",中山,1中1,未勝利,未勝利,6,11,アサマノイタズラ,牡,3,嶋田純次, 56 ,16,4,１, ,芝2000,良,,(美),手塚貴久,2020,-0.6,6,5,5,35.0,500,-6,
,"2021. 1. 5",中山,1中1,1勝,１勝ｸﾗｽ,3,4,バルサミックムーン,セ,4,吉田豊, 56 ,15,2,１, ,ダ1800,良,,(美),武藤善則,1538,-0.1,3,3,3,37.6,508,+2,
,"2021. 1. 5",中山,1中1,新馬,新馬,5,5,ピュアジャッジ,牡,3,松山弘平, 56 ,11,1,１, ,ダ1800,良,,(栗),清水久詞,1576,-0.4,1,1,1,37.1,490,,
,"2021. 1. 5",中山,1中1,未勝利,未勝利,8,16,ロングラン,牡,3,大野拓弥, 56 ,16,6,１, ,ダ1800,良,,(美),和田勇介,1565,-0.3,12,9,7,38.5,488,+2,
,"2021. 1. 5",中山,1中1,未勝利,未勝利,5,10,ラストサムライ,牡,3,田辺裕信, 56 ,16,1,１, ,ダ1200,良,,(美),栗田徹,1125,-0.3,,6,6,37.6,466,+8,
,2020.12.27,中山,5中8,2勝,ハッピー･2勝,7,14,アルピニズム,牡,3,武藤雅, 56 ,16,2,１, ,芝1200,良,,(美),金成貴史,1097,-0.3,,3,3,35.6,498,+2,
,2020.12.27,中山,5中8,Ｇ１,有馬記念G1,5,9,クロノジェネシス,牝,4,北村友一, 55 ,16,1,１, ,芝2500,良,,(栗),斉藤崇史,2350,-0.0,12,3,3,36.2,474,+10,
,2020.12.27,中山,5中8,3勝,フェアウ･3勝,3,5,ノンライセンス,牝,4,横山典弘, 55 ,16,3,１, ,ダ1200,良,,(栗),松永幹夫,1108,-0.1,,3,3,36.8,462,-8,
,2020.12.27,中山,5中8,2勝,ベストウ･2勝,8,16,クレッセントムーン,牡,4,横山武史, 57 ,16,2,１, ,ダ1800,良,,(栗),高野友和,1552,-0.2,3,3,2,37.4,512,+6,B
,2020.12.27,中山,5中8,2勝,グッドＨ･2勝,8,16,ディアスティマ,牡,3,北村友一, 55 ,16,2,１, ,芝2500,良,,(栗),高野友和,2357,-1.2,1,1,1,36.6,492,+8,B
,2020.12.27,中山,5中8,1勝,１勝ｸﾗｽ,6,12,カフェスペランツァ,牡,3,ルメール, 56 ,16,1,１, ,ダ1800,良,,(美),中舘英二,1541,-0.3,3,3,2,38.3,520,+8,
,2020.12.27,中山,5中8,1勝,１勝ｸﾗｽ*,2,3,プロバーティオ,牡,2,岩田康誠, 55 ,16,5,１, ,ダ1200,良,,(美),田中剛,1117,-0.3,,1,1,37.9,500,+6,
,2020.12.27,中山,5中8,新馬,新馬,6,12,ホウオウサンデー,牡,2,武豊, 55 ,18,4,１, ,芝2000,良,,(美),奥村武,2063,-0.2,6,5,6,36.1,458,,
,2020.12.27,中山,5中8,新馬,新馬,3,6,ピュアブリス,牝,2,松山弘平, 54 ,16,1,１, ,ダ1200,良,,(栗),杉山晴紀,1137,-0.4,,1,1,38.0,454,,
,2020.12.27,中山,5中8,未勝利,未勝利*,1,1,クリーンスイープ,牝,2,ルメール, 54 ,16,1,１, ,芝1600,良,,(美),国枝栄,1361,-0.2,11,9,9,36.2,466,+2,
,2020.12.27,中山,5中8,未勝利,未勝利*,6,12,オンザライン,牡,2,横山武史, 55 ,16,5,１, ,ダ1800,良,,(美),大和田成,1564,-0.0,5,2,2,38.8,454,+4,
,2020.12.27,中山,5中8,未勝利,未勝利*,5,9,キティラ,牝,2,野中悠太, 54 ,16,4,１, ,ダ1200,良,,(美),清水英克,1133,-0.0,,6,4,38.0,444,0,
,2020.12.26,中山,5中7,3勝,グレイＨ･3勝,8,13,ジャコマル,牡,6,横山和生, 54 ,14,12,１, ,芝2500,良,,(栗),松永幹夫,2374,-0.2,1,1,1,35.4,466,+4,
,2020.12.26,中山,5中7,Ｇ１,ホープフG1,6,10,ダノンザキッド,牡,2,川田将雅, 55 ,15,1,１, ,芝2000,良,,(栗),安田隆行,2028,-0.2,3,5,3,36.4,516,-4,
,2020.12.26,中山,5中7,ＪＧ１,中山大障JG1,7,14,メイショウダッサイ,牡,7,森一馬, 63 ,16,1,１, ,芝4100,良,,(栗),飯田祐史,4407,-0.3,3,3,2,13.7,512,+4,
,2020.12.26,中山,5中7,1勝,立志賞･1勝,1,2,ルトロヴァイユ,牝,3,吉田豊, 53 ,18,5,１, ,芝2200,良,,(美),竹内正洋,2176,-0.0,3,4,4,36.6,478,+4,
,2020.12.26,中山,5中7,2勝,２勝ｸﾗｽ,3,6,サンマルベスト,牡,4,畑端省吾, 57 ,16,5,１, ,ダ1200,良,,(栗),牧浦充徳,1118,-0.2,,4,4,36.9,480,+14,
,2020.12.26,中山,5中7,1勝,１勝ｸﾗｽ,7,13,ココロノイコロ,牡,5,菊沢一樹,56☆,16,8,１, ,ダ1200,良,,(美),伊坂重信,1127,-0.1,,2,2,37.2,446,+4,
,2020.12.26,中山,5中7,新馬,新馬,4,7,メテオダヴリル,牝,2,三浦皇成, 54 ,15,4,１, ,ダ1800,良,,(美),高木登,1567,-0.4,14,10,6,38.5,492,,
,2020.12.26,中山,5中7,新馬,新馬,4,7,ジャズエチュード,牝,2,石川裕紀, 51 ,16,2,１, ,芝1600,良,,(美),黒岩陽一,1362,-0.2,1,1,1,35.9,486,,
,2020.12.26,中山,5中7,未勝利,未勝利*,4,7,ラフストリーム,牡,2,大野拓弥, 55 ,16,4,１, ,ダ1800,良,,(美),武井亮,1566,-0.3,2,2,2,37.9,532,+6,
,2020.12.26,中山,5中7,未勝利,未勝利*,4,7,タイムトゥヘヴン,牡,2,北村友一, 55 ,18,3,１, ,芝2000,良,,(美),戸田博文,2030,-1.4,2,2,2,37.1,476,0,
,2020.12.26,中山,5中7,未勝利,未勝利*,1,2,セルヴァン,牡,2,川田将雅, 55 ,16,2,１, ,ダ1800,良,,(美),大竹正博,1584,-0.0,4,4,6,39.1,472,+8,
,2020.12.26,中山,5中7,未勝利,未勝利*,7,13,スイートクラウン,牝,2,横山典弘, 54 ,16,5,１, ,ダ1200,良,,(美),石毛善彦,1128,-0.4,,2,2,38.2,472,-4,
,2020.12.20,中山,5中6,2勝,２勝ｸﾗｽ,7,13,レッドクレオス,牡,4,横山武史, 57 ,16,2,１, ,芝1600,良,,(美),藤沢和雄,1359,-0.0,9,11,8,35.7,474,+4,
,2020.12.20,中山,5中6,OP(L),ディセン(L),7,13,トーラスジェミニ,牡,4,吉田豊, 57 ,15,4,１, ,芝1800,良,,(美),小桧山悟,1492,-0.2,1,1,1,36.0,488,0,
,2020.12.20,中山,5中6,3勝,南総ＳＨ･3勝,7,13,サンノゼテソーロ,牡,4,江田照男, 54 ,16,10,１, ,芝1200,良,,(美),田中博康,1095,-0.0,,7,7,35.3,464,+12,B
,2020.12.20,中山,5中6,2勝,香取特別･2勝,6,6,キタノヴィジョン,牡,3,三浦皇成, 55 ,11,1,１, ,ダ2400,良,,(美),萱野浩二,2379,-0.4,6,4,2,38.9,492,+8,
,2020.12.20,中山,5中6,2勝,２勝ｸﾗｽ,2,4,ニシノコトダマ,牡,4,田辺裕信, 57 ,16,2,１, ,ダ1200,良,,(美),手塚貴久,1120,-0.1,,3,3,38.4,548,+30,
,2020.12.20,中山,5中6,1勝,１勝ｸﾗｽ,5,10,グローサーベア,セ,3,横山武史, 56 ,16,4,１, ,ダ1200,良,,(美),矢野英一,1121,-0.2,,7,6,38.0,474,0,
,2020.12.20,中山,5中6,新馬,新馬,7,12,ブラックロータス,牡,2,田辺裕信, 55 ,15,1,１, ,ダ1800,良,,(美),金成貴史,1582,-0.0,6,2,2,40.1,562,,
,2020.12.20,中山,5中6,新馬,新馬,4,7,ビジューブリランテ,牡,2,横山武史, 55 ,16,4,１, ,芝1600,良,,(美),武井亮,1368,-0.1,2,2,2,36.8,484,,
,2020.12.20,中山,5中6,未勝利,未勝利*,5,9,ロードトゥフェイム,牡,2,木幡巧也, 55 ,18,4,１, ,芝2000,良,,(美),尾形和幸,2039,-0.5,10,11,10,36.4,486,+10,
,2020.12.20,中山,5中6,未勝利,未勝利*,3,6,キミワテル,牡,2,武藤雅, 55 ,16,3,１, ,ダ1200,良,,(美),武藤善則,1136,-0.3,,1,1,39.3,488,+2,
,2020.12.20,中山,5中6,未勝利,未勝利*,2,4,トーセンダニエル,牡,2,武士沢友, 55 ,16,1,１, ,ダ1800,良,,(美),古賀史生,1581,-0.3,5,4,4,40.3,552,0,
,2020.12.20,中山,5中6,未勝利,未勝利・牝*,5,10,サンマルセレッソ,牝,2,内田博幸, 54 ,16,7,１, ,ダ1200,良,,(美),中野栄治,1131,-0.1,,5,6,38.7,440,+8,
,2020.12.19,中山,5中5,2勝,２勝ｸﾗｽ・牝,7,12,ムーンライトナイト,牝,5,吉田隼人, 55 ,15,6,１, ,芝2000,良,,(美),久保田貴,2045,-0.0,15,11,9,35.2,454,+10,
,2020.12.19,中山,5中5,Ｇ３,ターコイＨG3,4,8,スマイルカナ,牝,3,柴田大知, 54 ,16,1,１, ,芝1600,良,,(美),高橋祥泰,1346,-0.0,2,3,3,35.7,436,+10,
,2020.12.19,中山,5中5,3勝,仲冬Ｓ･3勝,4,7,シェダル,牡,3,横山武史, 56 ,16,5,１, ,ダ1800,良,,(美),栗田徹,1543,-0.1,6,5,6,37.8,530,+2,
,2020.12.19,中山,5中5,1勝,ひいらぎ･1勝,5,6,シュネルマイスター,牡,2,ルメール, 55 ,12,1,１, ,芝1600,良,,(美),手塚貴久,1358,-0.5,5,6,4,35.4,474,+14,
,2020.12.19,中山,5中5,1勝,１勝ｸﾗｽ,3,3,サトノパシュート,牡,3,ルメール, 55 ,11,1,１, ,ダ2500,良,,(栗),角居勝彦,2450,-0.2,3,2,2,38.5,472,0,
,2020.12.19,中山,5中5,未勝利,未勝利*,7,14,ドラミモン,牡,2,岩田望来, 55 ,16,4,１, ,芝1600,良,,(美),田村康仁,1372,-0.1,7,7,6,35.7,446,+2,
,2020.12.19,中山,5中5,新馬,新馬,6,12,サッビアマーゴ,牡,2,石橋脩, 55 ,16,1,１, ,ダ1200,良,,(美),高橋裕,1147,-0.0,,8,7,37.8,542,,
,2020.12.19,中山,5中5,新馬,新馬,5,9,アールバロン,牡,2,北村宏司, 55 ,15,5,１, ,芝1800,良,*,(美),伊藤大士,1540,-0.4,2,2,2,36.2,492,,
,2020.12.19,中山,5中5,未勝利,未勝利*,6,11,アンクラウデッド,牡,2,ルメール, 55 ,16,1,１, ,ダ1800,良,,(美),古賀慎明,1571,-0.4,3,2,1,40.7,482,+2,
,2020.12.19,中山,5中5,未勝利,未勝利*,4,8,ユキノファラオ,牡,2,横山武史, 55 ,16,1,１, ,芝1200,良,,(美),石毛善彦,1103,-0.5,,6,5,35.5,466,-4,
,2020.12.19,中山,5中5,未勝利,未勝利・牝*,4,7,アオイシチフク,牝,2,北村宏司, 54 ,16,2,１, ,ダ1800,良,,(美),中舘英二,1578,-0.2,5,4,3,38.9,476,-4,
,2020.12.19,中山,5中5,未勝利,未勝利*,3,6,リンカーンテソーロ,牡,2,大野拓弥, 55 ,16,4,１, ,ダ1200,良,,(美),加藤士津,1125,-0.4,,1,1,37.9,474,+16,
,2020.12.13,中山,5中4,2勝,２勝ｸﾗｽ,6,10,トキメキ,牝,3,木幡巧也, 54 ,15,3,１, ,芝1200,良,*,(美),斎藤誠,1094,-0.1,,6,4,34.8,488,-2,
,2020.12.13,中山,5中4,Ｇ３,カペラＳG3,7,13,ジャスティン,牡,4,坂井瑠星, 58 ,16,4,１, ,ダ1200,良,,(栗),矢作芳人,1098,-0.0,,3,2,36.3,488,+5,
,2020.12.13,中山,5中4,3勝,常総Ｓ･3勝,5,5,ロザムール,牝,4,北村宏司, 55 ,11,5,１, ,芝1800,良,,(美),上原博之,1493,-0.0,1,1,1,35.7,494,+2,
,2020.12.13,中山,5中4,2勝,チバテレ･2勝,4,8,トランスナショナル,牡,4,田辺裕信, 57 ,16,1,１, ,ダ1800,良,,(美),田村康仁,1540,-0.4,6,4,3,38.1,490,+4,
,2020.12.13,中山,5中4,1勝,１勝ｸﾗｽ,1,2,リーガルバトル,牡,3,三浦皇成, 55 ,16,4,１, ,芝1600,良,,(美),高橋文雅,1347,-0.4,1,1,1,35.4,522,+6,
,2020.12.13,中山,5中4,1勝,１勝ｸﾗｽ*,4,7,ラペルーズ,牡,2,戸崎圭太, 55 ,16,7,１, ,ダ1800,良,,(美),藤沢和雄,1537,-0.4,7,8,5,37.9,500,-4,B
,2020.12.13,中山,5中4,新馬,新馬・牝,6,10,カフェプリンセス,牝,2,田辺裕信, 54 ,15,1,１, ,ダ1800,良,,(美),中舘英二,1577,-0.8,1,1,1,38.6,474,,
,2020.12.13,中山,5中4,新馬,新馬,5,7,ディオスバリエンテ,牡,2,石橋脩, 55 ,13,1,１, ,芝1800,良,,(美),堀宣行,1504,-0.1,3,4,4,35.1,466,,
,2020.12.13,中山,5中4,未勝利,未勝利*,8,16,ロックオンエイム,牝,2,横山和生, 54 ,18,8,１, ,芝2000,良,,(美),奥村武,2027,-0.0,3,2,2,36.6,450,+2,
,2020.12.13,中山,5中4,未勝利,未勝利*,7,13,カモミールティー,牡,2,三浦皇成, 55 ,16,1,１, ,ダ1200,良,,(美),小笠倫弘,1134,-0.2,,3,3,38.9,444,+4,
,2020.12.13,中山,5中4,未勝利,未勝利*,2,4,セイハロートゥユー,牡,2,木幡巧也, 55 ,16,4,１, ,ダ1800,良,,(美),牧光二,1570,-0.2,14,11,7,38.5,494,0,B
,2020.12.13,中山,5中4,未勝利,未勝利*,7,14,フェスティヴノンノ,牝,2,江田照男, 54 ,16,5,１, ,ダ1200,良,,(美),天間昭一,1131,-0.1,,7,6,38.0,450,0,
,2020.12.12,中山,5中3,2勝,２勝ｸﾗｽ,8,12,サクラトゥジュール,牡,3,石橋脩, 56 ,13,1,１, ,芝1800,良,,(美),堀宣行,1493,-0.9,1,1,1,34.6,500,+4,
,2020.12.12,中山,5中3,OP(L),師走ＳＨ(L),3,5,タイキフェルヴール,牡,5,内田博幸, 54 ,16,4,１, ,ダ1800,良,,(栗),牧浦充徳,1524,-0.2,16,13,10,37.3,528,+16,
,2020.12.12,中山,5中3,3勝,アクアＨ･3勝,6,12,サンライズカラマ,牡,6,戸崎圭太, 55 ,16,3,１, ,ダ1200,良,,(栗),石坂公一,1106,-0.1,,8,7,36.3,496,-2,B
,2020.12.12,中山,5中3,1勝,黒松賞･1勝*,6,11,エムオーシャトル,牝,2,田中勝春, 54 ,16,6,１, ,芝1200,良,,(美),鹿戸雄一,1089,-0.4,,1,1,35.3,438,-16,
,2020.12.12,中山,5中3,2勝,２勝ｸﾗｽ,5,10,コンセッションズ,牝,5,田辺裕信, 55 ,16,3,１, ,ダ1200,良,,(栗),牧浦充徳,1112,-0.1,,8,7,36.7,438,+6,
,2020.12.12,中山,5中3,1勝,１勝ｸﾗｽ,7,14,ポートロイヤル,セ,4,大野拓弥, 57 ,16,13,１, ,ダ1800,良,,(美),高柳瑞樹,1544,-0.1,3,2,2,38.8,472,+10,
,2020.12.12,中山,5中3,新馬,新馬,7,13,マイグレーション,牡,2,丸山元気, 55 ,16,4,１, ,ダ1200,良,,(美),水野貴広,1130,-0.3,,3,3,37.8,494,,
,2020.12.12,中山,5中3,新馬,新馬,4,8,グレートサークル,牡,2,江田照男, 55 ,16,8,１, ,芝1600,良,,(美),大江原哲,1370,-0.0,4,4,4,35.4,476,,
,2020.12.12,中山,5中3,未勝利,未勝利*,5,9,テンウォークライ,牡,2,戸崎圭太, 55 ,16,1,１, ,ダ1800,良,,(美),金成貴史,1560,-0.2,3,2,2,39.1,466,+4,
,2020.12.12,中山,5中3,未勝利,未勝利・牝*,1,2,レーヴドゥラプレリ,牝,2,丸山元気, 54 ,16,3,１, ,芝1800,良,,(美),宮田敬介,1502,-0.1,15,11,9,35.8,454,0,
,2020.12.12,中山,5中3,未勝利,未勝利*,8,16,トゥルーアート,牝,2,三浦皇成, 54 ,16,3,１, ,芝1600,良,,(美),大竹正博,1351,-0.1,5,4,4,35.2,458,+2,
,2020.12.12,中山,5中3,未勝利,未勝利*,4,7,パルデンス,牡,2,田辺裕信, 55 ,16,1,１, ,ダ1200,良,,(美),中野栄治,1122,-0.7,,4,4,37.6,492,+2,
,"2020.12. 6",中山,5中2,2勝,２勝ｸﾗｽ,8,11,ベデザンジュ,牝,3,横山典弘, 53 ,12,1,１, ,芝2500,良,,(美),久保田貴,2373,-0.0,2,5,5,36.0,430,-2,
,"2020.12. 6",中山,5中2,OP(L),ラピスラ(L),8,16,アストラエンブレム,セ,7,石川裕紀, 58 ,16,8,１, ,芝1200,良,,(美),小島茂之,1089,-0.1,,15,15,34.6,476,0,
,"2020.12. 6",中山,5中2,3勝,市川Ｓ･3勝,8,11,ロフティフレーズ,牝,5,丸山元気, 55 ,12,4,１, ,芝1600,良,*,(美),上原博之,1342,-0.3,10,8,8,34.6,472,-2,
,"2020.12. 6",中山,5中2,2勝,舞浜特別･2勝,1,1,デルマオニキス,牡,3,横山和生, 56 ,16,3,１, ,ダ1800,良,,(美),勢司和浩,1545,-0.2,16,16,16,38.2,482,+8,
,"2020.12. 6",中山,5中2,1勝,１勝ｸﾗｽ・牝,4,7,ストラトフォード,牝,4,斎藤新,54☆,16,14,１, ,ダ1800,良,,(美),竹内正洋,1549,-0.1,7,7,7,38.7,498,-2,B
,"2020.12. 6",中山,5中2,1勝,１勝ｸﾗｽ*,2,3,スペクタクル,牡,2,武藤雅, 55 ,15,1,１, ,ダ1200,良,,(美),武藤善則,1115,-0.4,,6,5,37.4,498,+2,
,"2020.12. 6",中山,5中2,新馬,新馬,8,12,スカイナイル,牝,2,石橋脩, 54 ,12,3,１, ,ダ1800,良,,(栗),牧浦充徳,1574,-0.6,2,2,2,38.2,476,,
,"2020.12. 6",中山,5中2,新馬,新馬,6,12,アオイショー,牡,2,石橋脩, 55 ,16,3,１, ,芝2000,稍,,(美),中舘英二,2049,-0.4,10,7,6,34.8,462,,
,"2020.12. 6",中山,5中2,未勝利,未勝利*,7,13,タイセイルージュ,牝,2,大野拓弥, 54 ,16,6,１, ,芝1800,稍,,(美),伊藤大士,1519,-0.1,8,2,2,36.1,456,-4,
,"2020.12. 6",中山,5中2,未勝利,未勝利*,8,15,スイーツマジック,牝,2,石橋脩, 54 ,16,4,１, ,芝1200,稍,,(美),佐藤吉勝,1099,-0.0,,2,2,35.7,484,-2,B
,"2020.12. 6",中山,5中2,未勝利,未勝利*,3,6,コウジクン,セ,2,木幡巧也, 55 ,16,13,１, ,ダ1800,稍,,(美),牧光二,1575,-0.1,10,11,11,40.7,502,+4,B
,"2020.12. 6",中山,5中2,未勝利,未勝利*,4,8,ハコダテブショウ,牡,2,石川裕紀, 55 ,16,1,１, ,ダ1200,稍,,(美),相沢郁,1131,-0.1,,4,2,39.1,480,+2,
,"2020.12. 5",中山,5中1,2勝,２勝ｸﾗｽ,6,7,カラテ,牡,4,津村明秀, 57 ,11,5,１, ,芝1600,稍,,(美),高橋祥泰,1356,-0.3,6,5,3,34.6,536,+16,
,"2020.12. 5",中山,5中1,Ｇ２,ステイヤG2,6,11,オセアグレイト,牡,4,横山典弘, 56 ,15,7,１, ,芝3600,稍,,(美),菊川正達,3520,-0.0,3,3,3,34.8,496,+2,
,"2020.12. 5",中山,5中1,3勝,北総ＳＨ･3勝,5,10,ダノンファスト,牡,3,横山典弘, 56 ,16,1,１, ,ダ1800,稍,,(美),菊沢隆徳,1532,-0.1,5,5,5,38.1,460,+4,
,"2020.12. 5",中山,5中1,1勝,葉牡丹賞･1勝,3,3,ノースブリッジ,牡,2,岩田康誠, 55 ,12,5,１, ,芝2000,稍,,(美),奥村武,2022,-0.7,1,1,1,35.1,480,+12,
,"2020.12. 5",中山,5中1,ｵｰﾌﾟﾝ,イルミネ,1,1,エンシュラウド,セ,4,五十嵐雄, 60 ,11,5,１, ,芝3570,稍,,(美),藤沢和雄,4036,-0.4,2,1,1,13.6,464,-10,
,"2020.12. 5",中山,5中1,1勝,１勝ｸﾗｽ,6,11,ベイビーボス,牡,3,石橋脩, 56 ,16,1,１, ,ダ1200,稍,,(美),矢野英一,1112,-0.3,,2,2,36.8,468,+4,
,"2020.12. 5",中山,5中1,新馬,新馬・牝,7,11,アステルカーラ,牝,2,木幡育也,53☆,14,8,１, ,ダ1200,稍,,(美),岩戸孝樹,1134,-0.3,,1,1,39.0,480,,
,"2020.12. 5",中山,5中1,新馬,新馬,2,4,ムーンティアーズ,牝,2,横山武史, 54 ,16,1,１, ,芝1200,稍,,(美),中川公成,1106,-0.2,,1,1,36.0,424,,
,"2020.12. 5",中山,5中1,未勝利,未勝利*,2,4,ピースマッチング,牡,2,ルメール, 55 ,16,1,１, ,ダ1800,稍,,(美),斎藤誠,1541,-1.4,6,4,4,38.3,460,+4,B
,"2020.12. 5",中山,5中1,未勝利,未勝利*,5,7,シャイニングライト,牡,2,横山武史, 55 ,13,4,１, ,芝2000,稍,,(美),武井亮,2034,-0.1,1,2,1,35.4,482,+8,
,"2020.12. 5",中山,5中1,未勝利,未勝利・牝*,4,8,エスシーヴィオラ,牝,2,大野拓弥, 54 ,16,4,１, ,ダ1800,稍,,(美),宗像義忠,1569,-0.2,9,6,6,40.6,484,-4,
,"2020.12. 5",中山,5中1,未勝利,未勝利*,3,6,ファイアダンサー,牝,2,津村明秀, 54 ,16,2,１, ,ダ1200,稍,,(美),高橋祥泰,1123,-0.5,,1,1,38.2,438,-2,
,"2020.10. 4",中山,4中9,3勝,外房Ｓ･3勝,1,1,ダンシングプリンス,牡,4,三浦皇成, 57 ,16,1,１, ,ダ1200,良,,(美),宮田敬介,1104,-0.2,,1,1,36.7,508,0,
,"2020.10. 4",中山,4中9,Ｇ１,スプリンG1,5,10,グランアレグリア,牝,4,ルメール, 55 ,16,1,１, ,芝1200,良,,(美),藤沢和雄,1083,-0.3,,15,15,33.6,504,+12,
,"2020.10. 4",中山,4中9,2勝,茨城新聞･2勝,4,4,ウインカーネリアン,牡,3,三浦皇成, 55 ,10,3,１, ,芝1800,良,,(美),鹿戸雄一,1476,-0.2,1,1,2,35.1,494,+2,
,"2020.10. 4",中山,4中9,1勝,サフラン･1勝,6,6,サトノレイナス,牝,2,ルメール, 54 ,11,1,１, ,芝1600,良,,(美),国枝栄,1352,-0.2,10,10,9,34.0,476,+4,
,"2020.10. 4",中山,4中9,2勝,２勝ｸﾗｽ,4,4,ゼノヴァース,牡,3,ルメール, 55 ,12,1,１, ,ダ1800,良,,(美),藤沢和雄,1531,-0.0,6,4,2,37.8,462,+6,
,"2020.10. 4",中山,4中9,1勝,１勝ｸﾗｽ,6,11,ライル,牡,4,福永祐一, 57 ,15,4,１, ,芝2200,良,,(美),手塚貴久,2150,-0.0,5,5,3,35.5,502,-4,
,"2020.10. 4",中山,4中9,1勝,１勝ｸﾗｽ,5,9,フジノタカネ,牡,4,ルメール, 57 ,16,1,１, ,ダ1200,良,,(美),手塚貴久,1120,-0.2,,9,11,37.2,522,-2,B
,"2020.10. 4",中山,4中9,新馬,新馬,4,5,タイトルホルダー,牡,2,戸崎圭太, 55 ,14,1,１, ,芝1800,良,,(美),栗田徹,1514,-0.2,1,1,1,35.9,472,,
,"2020.10. 4",中山,4中9,1勝,１勝ｸﾗｽ・牝,4,5,スピードオブラブ,牝,3,三浦皇成, 53 ,13,2,１, ,ダ1800,良,,(美),中川公成,1536,-0.2,10,10,7,38.0,440,-2,
,"2020.10. 4",中山,4中9,新馬,新馬,1,1,ラナキラ,牝,2,ルメール, 54 ,16,1,１, ,芝1200,良,,(美),尾関知人,1107,-0.4,,1,1,35.2,438,,
,"2020.10. 4",中山,4中9,未勝利,未勝利*,5,9,コウソクカレン,牝,2,川田将雅, 54 ,16,3,１, ,芝1600,良,,(美),中舘英二,1359,-0.3,2,2,2,36.0,494,-2,
,"2020.10. 4",中山,4中9,未勝利,未勝利*,3,6,ビーマイベイビー,牝,2,杉原誠人, 54 ,16,3,１, ,ダ1200,良,,(美),加藤和宏,1120,-0.0,,2,2,37.9,436,0,
,"2020.10. 3",中山,4中8,2勝,２勝ｸﾗｽ,6,11,ニシノホライゾン,牡,3,田辺裕信, 55 ,16,1,１, ,ダ1200,良,,(美),的場均,1113,-0.0,,9,6,36.4,508,0,
,"2020.10. 3",中山,4中8,3勝,秋風Ｓ･3勝,4,7,インターミッション,牝,3,石川裕紀, 53 ,16,7,１, ,芝1600,良,,(美),手塚貴久,1333,-0.0,9,7,6,34.5,414,+12,
,"2020.10. 3",中山,4中8,2勝,勝浦特Ｈ･2勝,8,16,グッドマックス,牝,3,木幡巧也, 51 ,16,9,１, ,芝1200,良,,(美),堀井雅広,1088,-0.0,,9,8,34.5,448,0,
,"2020.10. 3",中山,4中8,ｵｰﾌﾟﾝ,芙蓉Ｓ,3,3,ランドオブリバティ,牡,2,三浦皇成, 55 ,9,1,１, ,芝2000,良,,(美),鹿戸雄一,2012,-0.6,2,2,2,35.4,464,-2,
,"2020.10. 3",中山,4中8,1勝,１勝ｸﾗｽ,3,5,スイ,牝,3,Ｍ．デム, 53 ,16,1,１, ,ダ1200,良,,(美),戸田博文,1122,-0.0,,4,4,36.9,492,+10,
,"2020.10. 3",中山,4中8,1勝,１勝ｸﾗｽ,2,2,ルナエクリプス,牡,3,石橋脩, 55 ,13,5,１, ,ダ1800,良,,(美),田村康仁,1544,-0.0,4,4,4,38.3,522,+6,
,"2020.10. 3",中山,4中8,新馬,新馬,6,12,サイファーシチー,牡,2,三浦皇成, 55 ,16,1,１, ,ダ1200,良,,(美),伊藤圭三,1129,-0.2,,2,2,37.2,478,,
,"2020.10. 3",中山,4中8,新馬,新馬・牝,3,5,シャドウファックス,牝,2,北村宏司, 54 ,16,8,１, ,芝1600,良,,(美),宮田敬介,1360,-0.4,7,6,3,35.5,438,,
,"2020.10. 3",中山,4中8,未勝利,未勝利*,7,14,レッドヴェロシティ,牡,2,北村宏司, 55 ,17,5,１, ,芝2000,良,,(美),木村哲也,2029,-0.2,3,3,2,36.1,532,-8,
,"2020.10. 3",中山,4中8,未勝利,未勝利*,7,14,グロリユーノワール,牝,2,野中悠太, 54 ,16,9,１, ,芝1200,良,,(美),清水英克,1107,-0.1,,11,11,34.7,444,+4,
,"2020.10. 3",中山,4中8,未勝利,未勝利*,6,11,メイショウムラクモ,牡,2,柴田善臣, 55 ,16,10,１, ,ダ1800,良,,(美),和田勇介,1535,-0.5,8,3,3,38.6,484,+4,
,"2020.10. 3",中山,4中8,未勝利,障害未勝利,6,9,マイネルパラディ,セ,6,白浜雄造, 60 ,14,4,１, ,ダ2880,良,,(栗),田所秀孝,3146,-0.0,2,3,4,13.5,462,-2,
,"2020. 9.27",中山,4中7,2勝,２勝ｸﾗｽ,1,2,メディクス,牡,4,ルメール, 57 ,16,1,１, ,ダ1200,稍,,(栗),渡辺薫彦,1106,-0.4,,4,4,37.1,470,+2,
,"2020. 9.27",中山,4中7,Ｇ２,オールカG2,4,4,センテリュオ,牝,5,戸崎圭太, 54 ,9,5,１, ,芝2200,稍,,(栗),高野友和,2155,-0.0,7,7,7,34.5,472,0,
,"2020. 9.27",中山,4中7,3勝,内房Ｓ･3勝,1,2,ローザノワール,牝,4,石橋脩, 55 ,16,4,１, ,ダ1800,稍,,(栗),西園正都,1524,-0.0,1,1,1,37.6,468,+6,B
,"2020. 9.27",中山,4中7,2勝,木更津Ｈ･2勝,3,3,ハーモニーマゼラン,牡,3,木幡巧也, 55 ,11,1,１, ,芝1600,稍,,(美),牧光二,1357,-0.1,2,2,2,35.0,524,+14,
,"2020. 9.27",中山,4中7,1勝,１勝ｸﾗｽ,6,11,ドクターデューン,牝,5,秋山稔樹,52▲,16,2,１, ,芝1200,稍,,(美),菊沢隆徳,1092,-0.1,,9,9,34.8,476,-4,
,"2020. 9.27",中山,4中7,1勝,１勝ｸﾗｽ,8,15,レッドクレオス,牡,4,ルメール, 57 ,16,1,１, ,芝1600,稍,,(美),藤沢和雄,1351,-0.0,8,8,7,35.2,476,+4,
,"2020. 9.27",中山,4中7,1勝,１勝ｸﾗｽ,3,4,リッターシュラーク,牡,3,宮崎北斗, 54 ,14,5,１, ,ダ1800,重,,(美),中川公成,1541,-0.0,6,10,7,38.2,490,0,
,"2020. 9.27",中山,4中7,新馬,新馬,7,13,ジャンカルド,牡,2,横山武史, 54 ,15,2,１, ,芝2000,稍,,(美),武井亮,2061,-0.2,9,8,6,35.2,476,,
,"2020. 9.27",中山,4中7,新馬,新馬,8,15,スマイルアモーレ,牝,2,田辺裕信, 54 ,16,2,１, ,ダ1200,重,,(美),加藤士津,1120,-0.4,,2,2,36.7,442,,
,"2020. 9.27",中山,4中7,未勝利,未勝利*,8,15,キョウエイロナ,牝,2,武藤雅, 54 ,16,5,１, ,芝1600,稍,,(美),萱野浩二,1369,-0.1,1,2,2,36.2,424,+2,
,"2020. 9.27",中山,4中7,未勝利,未勝利*,1,1,サクセスエース,牡,2,木幡初也, 54 ,15,11,１, ,ダ1800,重,,(美),竹内正洋,1557,-0.1,3,3,3,39.3,472,+12,
,"2020. 9.27",中山,4中7,未勝利,未勝利*,5,9,ナリノペッパー,牡,2,木幡育也,53☆,15,3,１, ,ダ1200,重,,(美),鹿戸雄一,1119,-0.9,,2,2,37.4,478,+6,
,"2020. 9.26",中山,4中6,2勝,２勝ｸﾗｽ・牝,7,14,ダンツエリーゼ,牝,3,横山典弘, 52 ,16,1,１, ,ダ1800,重,,(栗),本田優,1517,-0.0,15,15,14,36.0,520,0,
,"2020. 9.26",中山,4中6,ｵｰﾌﾟﾝ,ながつき,7,8,ヒデノヴィーナス,牝,4,川須栄彦, 54 ,11,2,１, ,ダ1200,重,,(栗),梅田智之,1085,-0.4,,2,2,35.3,464,-6,
,"2020. 9.26",中山,4中6,2勝,九十九里･2勝,3,3,ダノングロワール,牡,3,三浦皇成, 54 ,12,2,１, ,芝2500,稍,,(美),国枝栄,2350,-0.0,6,8,6,36.3,484,0,
,"2020. 9.26",中山,4中6,ｵｰﾌﾟﾝ,カンナＳ,4,4,オールアットワンス,牝,2,丸山元気, 54 ,8,3,１, ,芝1200,稍,,(美),中舘英二,1099,-0.2,,1,1,35.7,440,+10,
,"2020. 9.26",中山,4中6,ｵｰﾌﾟﾝ,清秋ジャ,4,6,ビッグスモーキー,セ,5,植野貴也, 60 ,14,5,１, ,芝3210,稍,,(栗),清水久詞,3381,-0.2,1,1,1,13.6,540,+2,
,"2020. 9.26",中山,4中6,1勝,１勝ｸﾗｽ,6,10,アコルドエール,牡,3,丸山元気, 54 ,14,1,１, ,ダ1800,重,,(美),中川公成,1529,-0.3,4,3,2,38.1,494,+4,
,"2020. 9.26",中山,4中6,1勝,１勝ｸﾗｽ,8,12,ヘイルメリー,牡,3,北村宏司, 54 ,12,1,１, ,芝2000,稍,,(美),木村哲也,2020,-0.2,7,6,6,35.9,526,+6,
,"2020. 9.26",中山,4中6,新馬,新馬,6,12,シゲルオテンバ,牝,2,三浦皇成, 54 ,16,5,１, ,芝1600,稍,,(美),松山将樹,1361,-0.2,7,9,9,35.5,430,,
,"2020. 9.26",中山,4中6,1勝,１勝ｸﾗｽ,7,13,ナイトブリーズ,牝,3,宮崎北斗, 53 ,15,3,１, ,ダ1200,重,,(美),萱野浩二,1106,-0.0,,4,5,36.6,492,+2,
,"2020. 9.26",中山,4中6,新馬,新馬,6,11,インパルスベルン,牡,2,田辺裕信, 54 ,16,9,１, ,ダ1800,重,,(美),加藤士津,1565,-1.1,2,3,1,40.2,496,,
,"2020. 9.26",中山,4中6,未勝利,未勝利*,6,9,メイサウザンアワー,牝,2,戸崎圭太, 54 ,14,1,１, ,芝1800,稍,,(美),尾関知人,1501,-0.3,5,5,5,35.5,480,+8,
,"2020. 9.26",中山,4中6,未勝利,未勝利・牝*,3,4,ルミナスライン,牝,2,小林脩斗,51▲,15,3,１, ,芝1200,稍,,(美),清水英克,1102,-0.4,,1,1,35.9,414,+6,
,"2020. 9.21",中山,4中5,1勝,１勝ｸﾗｽ,7,10,ジョーフォレスト,牡,3,川田将雅, 55 ,12,1,１, ,ダ1200,良,,(栗),清水久詞,1114,-0.0,,4,4,36.7,500,0,
,"2020. 9.21",中山,4中5,Ｇ２,セントラG2,5,6,バビット,牡,3,内田博幸, 56 ,12,4,１, ,芝2200,良,,(栗),浜田多実,2150,-0.3,1,1,1,37.0,462,+8,
,"2020. 9.21",中山,4中5,2勝,テイエ･2勝,2,2,ヴァンランディ,牡,4,ルメール, 57 ,11,1,１, ,芝2000,良,,(美),藤沢和雄,2024,-0.1,6,6,5,36.8,456,0,
,"2020. 9.21",中山,4中5,2勝,浦安特別･2勝,8,15,アヴォンリー,牝,4,ルメール, 55 ,16,2,１, ,ダ1200,良,,(美),竹内正洋,1109,-0.1,,2,2,36.8,488,+4,
,"2020. 9.21",中山,4中5,1勝,１勝ｸﾗｽ,1,1,テリオスベル,牝,3,小林凌大,49▲,14,13,１, ,ダ1800,良,,(美),田島俊明,1542,-0.4,1,1,1,40.7,432,+2,B
,"2020. 9.21",中山,4中5,1勝,１勝ｸﾗｽ・牝,2,2,マッチレスノヴェル,牝,3,川田将雅, 52 ,15,1,１, ,芝1800,良,,(美),鹿戸雄一,1489,-0.4,5,6,5,35.8,460,+2,
,"2020. 9.21",中山,4中5,1勝,１勝ｸﾗｽ,4,4,リュードマン,牡,3,戸崎圭太, 54 ,11,1,１, ,ダ2400,良,,(美),中川公成,2375,-0.4,4,5,5,39.1,474,-2,B
,"2020. 9.21",中山,4中5,新馬,新馬,1,2,ブルメンダール,牡,2,川田将雅, 54 ,16,1,１, ,芝1600,良,,(美),国枝栄,1379,-0.0,3,3,3,35.0,458,,
,"2020. 9.21",中山,4中5,未勝利,未勝利*,5,7,ゾディアックサイン,牡,2,ルメール, 54 ,13,2,１, ,芝2000,良,,(美),萩原清,2045,-0.3,11,3,2,35.5,472,-2,
,"2020. 9.21",中山,4中5,未勝利,未勝利・牝*,6,12,グローリアスカペラ,牝,2,Ｍ．デム, 54 ,16,2,１, ,芝1600,良,,(美),土田稔,1356,-0.2,11,2,2,36.4,500,0,
,"2020. 9.21",中山,4中5,未勝利,未勝利*,4,6,マイコレット,牝,2,柴田善臣, 54 ,15,2,１, ,ダ1200,良,,(美),大江原哲,1133,-0.0,,8,6,38.2,484,+4,
,"2020. 9.21",中山,4中5,未勝利,障害未勝利,1,1,ロスカボス,セ,7,伴啓太, 60 ,7,3,１, ,ダ2880,良,,(美),大江原哲,3160,-0.1,3,3,2,13.6,500,+10,
,"2020. 9.20",中山,4中4,1勝,１勝ｸﾗｽ,8,15,トキメキ,牝,3,木幡巧也, 53 ,16,2,１, ,芝1200,良,,(美),斎藤誠,1096,-0.0,,7,5,34.7,490,+2,
,"2020. 9.20",中山,4中4,ｵｰﾌﾟﾝ,ラジオ日,5,9,レピアーウィット,牡,5,石橋脩, 56 ,16,6,１, ,ダ1800,良,,(美),堀宣行,1516,-0.3,2,2,1,38.0,544,+2,
,"2020. 9.20",中山,4中4,2勝,御宿特別･2勝,2,2,グレイシア,牝,4,菅原明良, 55 ,13,7,１, ,芝1600,良,,(美),栗田徹,1346,-0.0,3,3,2,36.0,460,-10,
,"2020. 9.20",中山,4中4,2勝,鋸山特別･2勝,5,9,キタノオクトパス,牡,3,田辺裕信, 54 ,16,1,１, ,ダ1800,良,,(美),高木登,1529,-0.8,14,12,6,37.6,546,0,
,"2020. 9.20",中山,4中4,1勝,１勝ｸﾗｽ,5,6,プレストレジェーロ,牝,3,小林凌大,50▲,13,3,１, ,ダ1200,良,,(美),尾形和幸,1120,-0.2,,2,2,38.1,448,+4,
,"2020. 9.20",中山,4中4,1勝,１勝ｸﾗｽ,7,11,ベデザンジュ,牝,3,横山典弘, 52 ,14,1,１, ,芝2500,良,,(美),久保田貴,2357,-0.3,4,8,7,36.4,432,-4,
,"2020. 9.20",中山,4中4,1勝,１勝ｸﾗｽ・牝,4,7,ナスノフォルテ,牝,3,横山典弘, 52 ,16,3,１, ,ダ1800,良,,(美),武井亮,1556,-0.1,7,4,2,37.7,478,+16,
,"2020. 9.20",中山,4中4,新馬,新馬・牝,2,3,ペイシャフェスタ,牝,2,武士沢友, 54 ,16,6,１, ,芝1600,良,,(美),高橋裕,1367,-0.3,3,4,3,35.7,490,,
,"2020. 9.20",中山,4中4,新馬,新馬,7,14,セイウンエンプレス,牝,2,武藤雅, 54 ,16,9,１, ,芝1200,良,,(美),本間忍,1108,-0.1,,5,5,35.8,386,,
,"2020. 9.20",中山,4中4,未勝利,未勝利*,4,8,タマモブトウカイ,牡,2,横山武史, 54 ,16,1,１, ,ダ1800,良,,(美),伊藤圭三,1567,-1.2,10,1,1,39.4,452,-8,
,"2020. 9.20",中山,4中4,未勝利,未勝利*,2,2,サンズオブタイム,牡,2,横山典弘, 54 ,15,1,１, ,芝1800,良,,(美),和田勇介,1503,-0.0,8,8,5,35.6,482,+8,
,"2020. 9.20",中山,4中4,未勝利,未勝利*,4,5,ニシノライトニング,牡,2,藤田菜七,52◇,13,1,１, ,ダ1200,良,,(美),根本康広,1129,-0.2,,2,2,38.4,482,-2,
,"2020. 9.19",中山,4中3,1勝,１勝ｸﾗｽ,5,8,コウソクスピード,牡,3,ルメール, 55 ,15,1,１, ,ダ1200,良,,(美),中舘英二,1110,-0.4,,2,2,36.8,520,+2,
,"2020. 9.19",中山,4中3,3勝,レインＨ･3勝,6,10,コスモカレンドゥラ,牡,4,柴田大知, 55 ,14,7,１, ,芝1800,良,,(美),田中博康,1483,-0.0,3,4,4,35.2,458,+6,
,"2020. 9.19",中山,4中3,2勝,松戸特Ｈ･2勝,2,3,ラストマン,牡,3,戸崎圭太, 53 ,16,2,１, ,ダ2400,良,,(美),戸田博文,2343,-0.0,9,8,3,37.8,478,0,
,"2020. 9.19",中山,4中3,1勝,汐留特別･1勝,1,1,コロンドール,牡,3,Ｍ．デム, 54 ,13,2,１, ,芝2000,良,,(美),和田雄二,2019,-0.0,13,2,2,36.3,494,-6,
,"2020. 9.19",中山,4中3,1勝,１勝ｸﾗｽ,2,2,プントファイヤー,牡,3,戸崎圭太, 54 ,15,1,１, ,ダ1800,良,,(美),手塚貴久,1551,-0.0,5,4,4,39.3,508,0,
,"2020. 9.19",中山,4中3,1勝,１勝ｸﾗｽ・牝,2,4,ニシノミンクス,牝,3,三浦皇成, 53 ,16,4,１, ,ダ1200,良,,(美),伊藤圭三,1113,-0.2,,14,13,36.6,458,0,B
,"2020. 9.19",中山,4中3,新馬,新馬,7,8,ユイノシワザ,牡,2,内田博幸, 54 ,11,11,１, ,ダ1800,良,,(美),竹内正洋,1588,-0.1,8,6,6,40.4,456,,
,"2020. 9.19",中山,4中3,新馬,新馬,3,4,スルーセブンシーズ,牝,2,ルメール, 54 ,15,1,１, ,芝1800,良,,(美),尾関知人,1525,-0.2,10,8,7,34.9,426,,
,"2020. 9.19",中山,4中3,未勝利,未勝利*,2,4,スペシャルトーク,牡,2,柴田善臣, 54 ,16,5,１, ,芝1600,良,*,(美),杉浦宏昭,1358,-0.3,6,5,3,36.1,458,-2,
,"2020. 9.19",中山,4中3,未勝利,未勝利*,6,10,オリアメンディ,牝,2,田辺裕信, 54 ,15,8,１, ,芝1200,良,,(美),斎藤誠,1104,-0.0,,9,9,35.8,450,-2,
,"2020. 9.19",中山,4中3,未勝利,未勝利*,5,7,サンキューレター,牡,2,ルメール, 54 ,14,2,１, ,ダ1800,良,,(美),相沢郁,1547,-0.5,4,4,2,38.5,466,-10,
,"2020. 9.19",中山,4中3,未勝利,未勝利・牝*,8,14,アジアノジュンシン,牝,2,藤田菜七,52◇,14,3,１, ,ダ1200,良,,(美),奥村武,1116,-0.1,,2,2,37.8,456,-12,
,"2020. 9.13",中山,4中2,2勝,２勝ｸﾗｽ,4,7,アルミューテン,牝,6,柴田大知, 55 ,15,5,１, ,芝1200,良,,(美),南田美知,1093,-0.3,,1,1,35.5,504,-2,
,"2020. 9.13",中山,4中2,Ｇ３,オータムＨG3,5,10,トロワゼトワル,牝,5,横山典弘, 55 ,16,4,１, ,芝1600,良,,(栗),安田隆行,1339,-0.0,4,2,2,35.3,464,0,
,"2020. 9.13",中山,4中2,3勝,初風ＳＨ･3勝,5,8,ロードラズライト,セ,5,坂井瑠星, 55 ,15,4,１, ,ダ1200,良,,(栗),浅見秀一,1099,-0.4,,3,2,35.8,446,+2,
,"2020. 9.13",中山,4中2,2勝,白井特別･2勝,5,5,デクレアラー,牡,5,戸崎圭太, 57 ,9,3,１, ,芝1800,良,*,(栗),鮫島一歩,1496,-0.1,4,4,3,35.2,476,+2,
,"2020. 9.13",中山,4中2,1勝,１勝ｸﾗｽ,3,4,ブランオラージュ,セ,6,勝浦正樹, 57 ,14,5,１, ,ダ1200,良,,(美),田村康仁,1112,-0.1,,5,5,36.5,436,-4,
,"2020. 9.13",中山,4中2,1勝,１勝ｸﾗｽ,6,11,フォースオブウィル,牡,3,柴田善臣, 55 ,16,6,１, ,芝1600,良,,(美),粕谷昌央,1350,-0.1,11,7,7,35.1,460,+2,
,"2020. 9.13",中山,4中2,1勝,１勝ｸﾗｽ,4,4,ピオノノ,牡,3,ルメール, 54 ,10,1,１, ,ダ1800,良,,(美),奥村武,1530,-0.1,2,2,2,38.0,514,+2,
,"2020. 9.13",中山,4中2,新馬,新馬,7,14,アヴァノス,牡,2,丸山元気, 54 ,16,3,１, ,芝1600,良,,(美),和田正一,1377,-0.1,8,6,6,35.2,450,,
,"2020. 9.13",中山,4中2,1勝,１勝ｸﾗｽ,4,4,インウィクトス,牡,3,原優介,52▲,11,2,１, ,ダ1200,稍,,(美),小桧山悟,1115,-0.1,,9,6,36.1,464,+12,
,"2020. 9.13",中山,4中2,新馬,新馬,7,14,ティアップリオン,牡,2,内田博幸, 54 ,16,5,１, ,ダ1800,稍,,(美),奥平雅士,1562,-0.0,5,3,2,38.5,466,,
,"2020. 9.13",中山,4中2,未勝利,未勝利*,1,1,アドマイヤハレー,牡,2,戸崎圭太, 54 ,11,2,１, ,芝2000,良,,(美),宮田敬介,2037,-0.1,7,7,5,35.9,448,-6,
,"2020. 9.13",中山,4中2,未勝利,未勝利*,8,12,リルブラーヴ,牡,2,ルメール, 54 ,12,3,１, ,ダ1200,稍,,(美),加藤征弘,1134,-0.3,,2,2,38.9,476,+6,
,"2020. 9.12",中山,4中1,2勝,２勝ｸﾗｽ,1,2,サンライズカラマ,牡,6,池添謙一, 57 ,16,2,１, ,ダ1200,稍,,(栗),石坂公一,1107,-0.1,,6,6,36.8,496,-8,B
,"2020. 9.12",中山,4中1,Ｇ３,紫苑ＳG3,5,10,マルターズディオサ,牝,3,田辺裕信, 54 ,18,5,１, ,芝2000,稍,,(美),手塚貴久,2021,-0.2,2,2,1,35.8,446,+12,
,"2020. 9.12",中山,4中1,3勝,セプテン･3勝,4,8,ケープコッド,牝,3,三浦皇成, 53 ,16,1,１, ,芝1200,稍,,(美),高柳瑞樹,1085,-0.1,,2,2,34.5,486,+20,
,"2020. 9.12",中山,4中1,1勝,アスター･1勝,2,2,ドゥラモンド,牡,2,ルメール, 54 ,9,1,１, ,芝1600,稍,,(美),手塚貴久,1371,-0.1,8,7,6,35.3,468,0,
,"2020. 9.12",中山,4中1,1勝,１勝ｸﾗｽ,7,9,トランスナショナル,牡,4,田辺裕信, 57 ,11,4,１, ,ダ1800,稍,,(美),田村康仁,1532,-0.9,4,4,2,38.2,486,+4,
,"2020. 9.12",中山,4中1,1勝,１勝ｸﾗｽ,6,9,トラストワージー,牝,3,Ｍ．デム, 52 ,14,1,１, ,芝1800,稍,,(美),堀宣行,1482,-0.4,8,7,3,35.5,422,-10,
,"2020. 9.12",中山,4中1,1勝,１勝ｸﾗｽ・牝,2,3,ロマンスマジック,牝,6,江田照男, 55 ,15,11,１, ,ダ1200,稍,,(美),奥平雅士,1117,-0.0,,11,9,37.0,482,+12,
,"2020. 9.12",中山,4中1,新馬,新馬,6,11,マーサーアン,牡,2,和田竜二, 54 ,15,8,１, ,芝2000,稍,,(美),大和田成,2060,-0.0,1,2,1,36.1,468,,
,"2020. 9.12",中山,4中1,新馬,新馬,7,13,ジェセニア,牝,2,三浦皇成, 54 ,16,2,１, ,ダ1200,稍,,(美),伊藤圭三,1136,-0.6,,6,4,38.1,458,,
,"2020. 9.12",中山,4中1,未勝利,未勝利*,4,7,ヒロインカラーズ,牝,2,横山武史, 54 ,16,1,１, ,芝1200,良,*,(美),高橋祥泰,1098,-0.0,,1,1,35.9,450,+2,
,"2020. 9.12",中山,4中1,未勝利,未勝利*,2,4,グローエルディング,牡,2,木幡巧也, 54 ,16,2,１, ,ダ1800,良,,(美),尾形和幸,1552,-0.8,1,1,1,39.8,490,+10,
,"2020. 9.12",中山,4中1,未勝利,障害未勝利,4,4,テイエムチェロキー,牡,6,佐久間寛, 60 ,13,1,１, ,ダ2880,良,,(栗),杉山晴紀,3141,-0.4,1,1,1,13.5,488,-4,
,"2020. 4.19",中山,3中8,3勝,春興ＳＨ･3勝,4,4,レッドサイオン,牡,4,ルメール, 56 ,12,3,１, ,芝1600,稍,*,(美),藤沢和雄,1347,-0.0,7,6,6,35.4,452,-8,
,"2020. 4.19",中山,3中8,Ｇ１,皐月賞G1,1,1,コントレイル,牡,3,福永祐一, 57 ,18,1,１, ,芝2000,稍,,(栗),矢作芳人,2007,-0.1,12,12,7,34.9,462,0,
,"2020. 4.19",中山,3中8,OP(L),京葉Ｓ(L),8,15,ヒロシゲゴールド,牡,5,藤岡康太, 56 ,16,6,１, ,ダ1200,稍,,(栗),北出成人,1092,-0.2,,1,1,36.3,466,-8,B
,"2020. 4.19",中山,3中8,2勝,鹿野山Ｈ･2勝,2,2,ゴールドスミス,セ,6,武豊, 55 ,13,2,１, ,芝2000,稍,,(美),高柳瑞樹,2030,-0.0,8,7,6,35.1,512,+2,
,"2020. 4.19",中山,3中8,2勝,隅田川特･2勝,7,9,アヴィオール,牝,5,レーン, 55 ,12,2,１, ,芝1600,稍,,(美),堀宣行,1351,-0.0,9,10,9,35.8,468,+10,B
,"2020. 4.19",中山,3中8,1勝,１勝ｸﾗｽ,8,11,ソルドラード,牡,4,ルメール, 57 ,11,1,１, ,ダ1800,重,,(美),藤沢和雄,1521,-0.7,2,2,1,38.6,510,+8,
,"2020. 4.19",中山,3中8,1勝,１勝ｸﾗｽ*,7,9,ダノンファスト,牡,3,横山典弘, 56 ,11,1,１, ,ダ1800,重,,(美),菊沢隆徳,1510,-0.6,3,3,3,37.1,462,+6,
,"2020. 4.19",中山,3中8,未勝利,未勝利,2,2,カフェキング,牡,3,レーン, 56 ,13,1,１, ,芝2200,重,,(美),堀宣行,2172,-0.0,7,9,5,36.1,474,,B
,"2020. 4.19",中山,3中8,未勝利,未勝利,4,5,ロードスラッシュ,牡,3,レーン, 56 ,14,1,１, ,ダ1800,重,,(美),木村哲也,1535,-0.4,1,1,1,39.0,462,+6,
,"2020. 4.19",中山,3中8,未勝利,未勝利,8,15,ジッピーレーサー,セ,3,武藤雅, 56 ,15,3,１, ,ダ1200,重,,(美),高木登,1107,-0.0,,2,2,36.0,458,0,
,"2020. 4.19",中山,3中8,未勝利,未勝利,6,8,キャルベイ,牡,3,武豊, 56 ,13,1,１, ,ダ1800,重,,(美),田中博康,1533,-0.9,1,1,1,37.7,528,+4,
,"2020. 4.19",中山,3中8,未勝利,未勝利・牝,4,7,コーラルティアラ,牝,3,横山典弘, 54 ,16,2,１, ,ダ1200,重,,(美),和田勇介,1111,-0.5,,5,5,37.0,460,+4,
,"2020. 4.18",中山,3中7,2勝,利根川特･2勝,2,3,バスカヴィル,牡,6,ルメール, 57 ,16,3,１, ,ダ1800,不,,(美),加藤征弘,1502,-0.7,4,2,2,38.0,484,+4,
,"2020. 4.18",中山,3中7,ＪＧ１,中山グラJG1,6,6,オジュウチョウサン,牡,9,石神深一, 63 ,11,1,１, ,芝4250,不,,(美),和田正一,5029,-0.5,2,1,1,14.3,510,0,
,"2020. 4.18",中山,3中7,3勝,下総Ｓ･3勝,8,9,メイクハッピー,牝,4,ルメール, 55 ,9,1,１, ,ダ1800,不,,(美),新開幸一,1507,-0.3,3,3,3,37.6,482,-4,
,"2020. 4.18",中山,3中7,1勝,山藤賞･1勝*,8,9,セントオブゴールド,牡,3,ルメール, 56 ,9,1,１, ,芝2000,不,,(美),木村哲也,2086,-0.9,2,1,1,37.9,456,-10,
,"2020. 4.18",中山,3中7,1勝,１勝ｸﾗｽ,4,4,セイドアモール,牝,4,津村明秀, 55 ,12,2,１, ,ダ1200,不,,(美),武市康男,1115,-0.0,,1,1,36.7,498,+12,
,"2020. 4.18",中山,3中7,1勝,１勝ｸﾗｽ,1,1,ローリエテソーロ,牡,4,松山弘平, 57 ,9,5,１, ,ダ2400,不,,(美),加藤和宏,2340,-0.0,1,1,1,38.5,526,+2,
,"2020. 4.18",中山,3中7,1勝,１勝ｸﾗｽ*,6,11,トロワマルス,牝,3,Ｍ．デム, 54 ,15,3,１, ,芝1200,不,,(美),杉浦宏昭,1120,-0.8,,1,1,36.6,468,+6,
,"2020. 4.18",中山,3中7,未勝利,未勝利,5,8,イザラ,牝,3,ルメール, 54 ,15,1,１, ,芝1600,不,,(美),加藤征弘,1411,-0.0,2,2,1,38.4,448,0,
,"2020. 4.18",中山,3中7,未勝利,未勝利・牝,3,5,ライクアジュエリー,牝,3,武藤雅, 54 ,17,5,１, ,芝2000,不,,(美),戸田博文,2095,-0.1,1,1,1,39.2,470,-10,
,"2020. 4.18",中山,3中7,未勝利,未勝利,5,5,サンビュート,セ,3,ルメール, 56 ,12,1,１, ,ダ1800,不,,(美),中舘英二,1541,-0.2,2,2,2,37.8,484,0,
,"2020. 4.18",中山,3中7,未勝利,未勝利,3,6,レインボービーム,牡,3,北村友一, 56 ,16,10,１, ,ダ1200,不,,(美),加藤和宏,1119,-0.4,,1,1,37.5,470,+2,
,"2020. 4.18",中山,3中7,未勝利,未勝利・牝,2,3,クリノテルチャン,牝,3,木幡育也,52△,15,3,１, ,ダ1800,不,,(美),大江原哲,1549,-0.0,6,3,3,37.9,488,+6,
,"2020. 4.12",中山,3中6,2勝,２勝ｸﾗｽ,6,12,アポロビビ,牡,4,吉田豊, 57 ,16,1,１, ,ダ1200,稍,,(美),中舘英二,1112,-0.0,,12,11,35.8,464,-6,
,"2020. 4.12",中山,3中6,OP(L),春雷ＳＨ(L),4,8,ラヴィングアンサー,牡,6,吉田豊, 54 ,16,9,１, ,芝1200,稍,,(栗),石坂正,1083,-0.0,,13,13,33.6,498,-4,
,"2020. 4.12",中山,3中6,3勝,美浦Ｓ･3勝,8,9,トーセンスーリヤ,牡,5,横山和生, 57 ,9,1,１, ,芝1800,稍,,(美),小野次郎,1487,-0.0,3,3,2,34.6,488,+6,
,"2020. 4.12",中山,3中6,2勝,印西特別･2勝,3,5,マサハヤニース,牡,5,ヒューイ, 57 ,16,3,１, ,ダ2400,稍,,(栗),今野貞一,2354,-0.3,4,3,3,38.7,484,+6,
,"2020. 4.12",中山,3中6,1勝,１勝ｸﾗｽ,6,12,ストームリッパー,セ,4,三浦皇成, 57 ,16,2,１, ,芝1600,稍,,(美),鹿戸雄一,1349,-0.0,15,14,12,35.2,508,+6,B
,"2020. 4.12",中山,3中6,1勝,１勝ｸﾗｽ・牝,2,2,マリノエクスプレス,牝,5,斎藤新,54☆,14,3,１, ,ダ1200,稍,,(美),古賀史生,1116,-0.1,,4,4,37.0,454,+2,
,"2020. 4.12",中山,3中6,1勝,１勝ｸﾗｽ・牝*,1,1,ミスニューヨーク,牝,3,加藤祥太, 54 ,8,6,１, ,芝1800,稍,,(栗),杉山晴紀,1505,-0.2,3,3,4,34.5,448,0,
,"2020. 4.12",中山,3中6,未勝利,未勝利,2,3,アポロヴィクトリア,牝,3,木幡巧也, 54 ,16,3,１, ,芝1600,稍,,(美),岩戸孝樹,1362,-0.1,2,2,2,35.3,422,-2,
,"2020. 4.12",中山,3中6,未勝利,未勝利,6,11,ジョイウイン,牡,3,木幡巧也, 56 ,16,1,１, ,ダ1200,稍,,(美),牧光二,1120,-0.8,,2,2,37.9,490,-2,
,"2020. 4.12",中山,3中6,未勝利,未勝利,6,12,ラストマン,牡,3,ヒューイ, 56 ,16,1,１, ,ダ1800,稍,,(美),戸田博文,1551,-0.6,4,3,3,37.6,488,-6,
,"2020. 4.12",中山,3中6,未勝利,未勝利,5,10,グレートコート,牡,3,三浦皇成, 56 ,16,3,１, ,ダ1200,稍,,(美),大江原哲,1127,-0.5,,4,4,37.8,472,+4,
,"2020. 4.12",中山,3中6,未勝利,未勝利・牝,3,4,ガルナッチャ,牝,3,横山和生, 54 ,14,5,１, ,ダ1800,稍,,(美),大江原哲,1562,-0.5,14,8,4,39.1,432,+4,
,"2020. 4.11",中山,3中5,1勝,１勝ｸﾗｽ,1,1,ロードシュタルク,牡,4,田辺裕信, 57 ,15,9,１, ,ダ1200,良,,(美),高柳瑞樹,1121,-0.0,,4,3,36.7,448,0,
,"2020. 4.11",中山,3中5,Ｇ２,ニュージG2,6,11,ルフトシュトローム,牡,3,石橋脩, 56 ,16,2,１, ,芝1600,良,,(美),堀宣行,1330,-0.1,11,12,10,34.2,482,-4,
,"2020. 4.11",中山,3中5,2勝,千葉日Ｈ･2勝,2,3,エスタジ,牝,4,ルメール, 54 ,16,1,１, ,芝1200,良,,(美),木村哲也,1080,-0.2,,1,1,34.0,440,+4,B
,"2020. 4.11",中山,3中5,2勝,野島崎特･2勝,2,2,アストラサンタン,牝,5,三浦皇成, 55 ,14,2,１, ,芝1800,良,,(美),戸田博文,1481,-0.1,1,1,1,34.6,466,-2,
,"2020. 4.11",中山,3中5,1勝,１勝ｸﾗｽ,5,7,アオテン,牡,7,ヒューイ, 57 ,14,1,１, ,ダ1800,良,,(美),高橋文雅,1554,-0.1,5,6,4,38.1,528,+4,
,"2020. 4.11",中山,3中5,1勝,１勝ｸﾗｽ*,1,2,レイテントロアー,牡,3,横山武史, 56 ,16,3,１, ,ダ1200,良,,(美),田中清隆,1110,-0.8,,3,2,36.4,468,-14,
,"2020. 4.11",中山,3中5,1勝,１勝ｸﾗｽ*,1,1,プレシオーソ,牡,3,北村宏司, 56 ,13,2,１, ,ダ1800,良,,(栗),清水久詞,1538,-0.4,1,1,1,37.9,466,+2,
,"2020. 4.11",中山,3中5,未勝利,未勝利,3,5,スレプトン,牡,3,ルメール, 56 ,18,1,１, ,芝2000,良,,(美),大和田成,2009,-0.4,5,5,3,34.7,454,+14,
,"2020. 4.11",中山,3中5,未勝利,未勝利,8,13,コスモセイリュウ,牡,3,横山武史, 56 ,13,6,１, ,ダ1800,良,,(美),中野栄治,1553,-0.1,5,2,1,39.3,490,-8,
,"2020. 4.11",中山,3中5,未勝利,未勝利,7,13,ダイシンウィット,牡,3,ヒューイ, 56 ,16,1,１, ,ダ1200,良,,(美),小笠倫弘,1120,-0.8,,2,2,37.5,492,0,B
,"2020. 4.11",中山,3中5,未勝利,未勝利,8,13,プントファイヤー,牡,3,ルメール, 56 ,13,1,１, ,ダ1800,良,,(美),手塚貴久,1558,-1.6,2,1,1,39.5,512,0,
,"2020. 4.11",中山,3中5,未勝利,未勝利・牝,3,5,ショウナンバービー,牝,3,三浦皇成, 54 ,16,1,１, ,ダ1200,良,,(美),田中剛,1123,-0.0,,2,2,37.7,496,+6,
,"2020. 4. 5",中山,3中4,2勝,２勝ｸﾗｽ,5,10,タイキダイヤモンド,牡,6,原優介,54▲,16,13,１, ,ダ1800,稍,,(美),萱野浩二,1531,-0.6,9,10,8,38.7,484,-2,
,"2020. 4. 5",中山,3中4,3勝,春風Ｓ･3勝,4,7,ルッジェーロ,セ,5,三浦皇成, 57 ,16,4,１, ,ダ1200,稍,,(美),鹿戸雄一,1105,-0.0,,7,7,36.4,516,-2,
,"2020. 4. 5",中山,3中4,2勝,浅草特別･2勝,8,12,ロザムール,牝,4,田辺裕信, 55 ,12,2,１, ,芝1600,稍,,(美),上原博之,1353,-0.1,2,2,2,34.7,480,-2,
,"2020. 4. 5",中山,3中4,1勝,山吹賞･1勝*,5,5,エヴァーガーデン,牝,3,丹内祐次, 54 ,12,1,１, ,芝2200,稍,,(美),高橋祥泰,2165,-0.1,1,1,1,35.4,466,+8,
,"2020. 4. 5",中山,3中4,1勝,１勝ｸﾗｽ,7,9,ビップデヴィット,牡,5,北村宏司, 57 ,11,8,１, ,ダ1800,稍,,(美),宮田敬介,1558,-0.8,1,1,1,38.6,490,+6,
,"2020. 4. 5",中山,3中4,1勝,１勝ｸﾗｽ,1,2,メイオール,牝,4,津村明秀, 55 ,17,2,１, ,芝2000,良,,(美),岩戸孝樹,2028,-0.3,11,8,6,35.2,462,+4,
,"2020. 4. 5",中山,3中4,1勝,１勝ｸﾗｽ,4,7,ダンシングプリンス,牡,4,三浦皇成, 57 ,16,1,１, ,ダ1200,良,,(美),宮田敬介,1103,-1.6,,1,1,36.7,504,+12,
,"2020. 4. 5",中山,3中4,未勝利,未勝利,2,3,アルディエンテ,牡,3,横山武史, 56 ,18,1,１, ,芝2200,良,,(美),古賀慎明,2164,-0.4,2,1,1,37.4,470,0,
,"2020. 4. 5",中山,3中4,未勝利,障害未勝利,8,10,ノーザンクリス,牡,5,五十嵐雄, 60 ,10,5,１, ,ダ2880,良,,(美),加藤征弘,3138,-0.0,2,2,2,13.5,528,0,
,"2020. 4. 5",中山,3中4,未勝利,未勝利,8,15,ベルウッドヨウサン,セ,3,北村宏司, 56 ,15,4,１, ,ダ1800,良,,(美),中舘英二,1560,-0.1,2,1,2,39.0,486,+10,B
,"2020. 4. 5",中山,3中4,未勝利,未勝利,2,4,ヨシオドライヴ,牡,3,江田照男, 56 ,16,2,１, ,ダ1200,良,,(美),清水英克,1123,-0.2,,2,1,37.9,500,+10,
,"2020. 4. 5",中山,3中4,未勝利,未勝利・牝,7,12,ナスノフォルテ,牝,3,三浦皇成, 54 ,15,2,１, ,ダ1800,良,,(美),武井亮,1569,-0.4,5,4,4,39.9,466,-6,
,"2020. 4. 4",中山,3中3,2勝,２勝ｸﾗｽ,3,6,トウカイパシオン,牝,5,江田照男, 55 ,16,3,１, ,ダ1200,良,,(美),菊川正達,1111,-0.0,,1,1,36.6,450,-8,
,"2020. 4. 4",中山,3中3,Ｇ３,ダービーＨG3,2,4,クルーガー,牡,8,石橋脩, 57 ,16,4,１, ,芝1600,良,,(栗),高野友和,1328,-0.3,4,6,5,35.2,530,+2,
,"2020. 4. 4",中山,3中3,3勝,湾岸ＳＨ･3勝,3,5,キングオブコージ,牡,4,横山典弘, 55 ,17,1,１, ,芝2200,良,,(栗),安田翔伍,2136,-0.4,4,4,3,33.7,490,0,
,"2020. 4. 4",中山,3中3,2勝,安房特別･2勝,7,8,シークレットラン,牡,4,田辺裕信, 57 ,11,1,１, ,芝2500,良,,(美),田村康仁,2336,-0.3,3,4,3,35.5,502,-2,
,"2020. 4. 4",中山,3中3,1勝,１勝ｸﾗｽ,2,2,デストロイ,牡,6,Ｍ．デム, 57 ,11,1,１, ,ダ1800,良,,(美),高橋裕,1555,-0.5,6,6,4,36.7,520,+2,B
,"2020. 4. 4",中山,3中3,1勝,１勝ｸﾗｽ*,5,6,シャチ,牡,3,山田敬士,53▲,13,10,１, ,芝1600,良,*,(美),小桧山悟,1350,-0.0,6,5,4,34.8,458,-4,
,"2020. 4. 4",中山,3中3,1勝,１勝ｸﾗｽ*,5,6,ヴォートルエロー,牡,3,江田照男, 56 ,12,5,１, ,ダ1800,良,,(美),田村康仁,1536,-0.1,1,2,1,37.2,476,+2,
,"2020. 4. 4",中山,3中3,未勝利,未勝利,6,11,ルヴェルソー,牝,3,大野拓弥, 54 ,18,1,１, ,芝2000,良,,(美),田中博康,2038,-0.0,12,7,6,34.7,450,-4,
,"2020. 4. 4",中山,3中3,未勝利,未勝利,5,10,ハイエストエンド,牡,3,田辺裕信, 56 ,16,1,１, ,ダ1800,稍,,(美),小西一男,1551,-0.1,4,3,2,39.1,500,+4,
,"2020. 4. 4",中山,3中3,未勝利,未勝利,6,12,ダウラギリ,牡,3,石橋脩, 56 ,16,1,１, ,ダ1200,稍,,(美),和田正一,1121,-0.9,,1,1,37.0,506,-4,
,"2020. 4. 4",中山,3中3,未勝利,未勝利,5,10,エメラルホープ,牡,3,石川裕紀, 56 ,16,2,１, ,ダ1800,稍,,(美),相沢郁,1543,-0.3,2,1,1,38.3,512,-8,
,"2020. 4. 4",中山,3中3,未勝利,未勝利・牝,5,9,クィーンアドバンス,牝,3,横山和生, 54 ,16,3,１, ,ダ1200,稍,,(美),勢司和浩,1124,-0.1,,2,2,37.5,470,-2,
,"2020. 3.31",中山,3中2,2勝,２勝ｸﾗｽ,1,1,キルロード,セ,5,横山武史, 57 ,11,1,１, ,芝1200,稍,,(美),田村康仁,1093,-0.1,,2,1,35.2,502,+4,B
,"2020. 3.31",中山,3中2,Ｇ３,マーチＳＨG3,6,12,スワーヴアラミス,牡,5,藤岡康太, 57 ,16,1,１, ,ダ1800,稍,,(栗),須貝尚介,1513,-0.0,3,3,2,37.4,488,0,
,"2020. 3.31",中山,3中2,3勝,船橋Ｓ･3勝,2,3,メイショウキョウジ,牡,5,石橋脩, 57 ,16,1,１, ,芝1200,稍,,(栗),藤岡健一,1092,-0.0,,4,4,35.1,480,-6,
,"2020. 3.31",中山,3中2,1勝,ミモザ賞･1勝,4,4,ウインマリリン,牝,3,横山武史, 54 ,11,4,１, ,芝2000,稍,,(美),手塚貴久,2025,-0.3,4,4,2,36.5,460,+8,
,"2020. 3.31",中山,3中2,2勝,２勝ｸﾗｽ・牝,7,13,メダリオンモチーフ,牝,5,石橋脩, 55 ,15,3,１, ,ダ1800,稍,,(美),中舘英二,1549,-0.3,4,4,5,38.2,448,0,
,"2020. 3.31",中山,3中2,1勝,１勝ｸﾗｽ,8,15,シゲルルビー,牝,4,小林凌大,52▲,16,5,１, ,ダ1200,稍,,(美),伊藤圭三,1115,-0.2,,8,4,36.7,490,0,
,"2020. 3.31",中山,3中2,1勝,１勝ｸﾗｽ,7,9,ヤマニンバンタジオ,セ,6,柴山雄一, 57 ,11,7,１, ,ダ1800,稍,,(美),田島俊明,1547,-0.2,7,5,4,39.2,544,+4,
,"2020. 3.31",中山,3中2,1勝,１勝ｸﾗｽ*,8,16,エンプティチェア,牡,3,ミナリク, 56 ,16,1,１, ,ダ1200,稍,*,(栗),音無秀孝,1119,-0.2,,4,2,36.9,464,-4,
,"2020. 3.31",中山,3中2,未勝利,未勝利,6,11,ホウオウエミーズ,牝,3,津村明秀, 54 ,16,3,１, ,芝1800,稍,,(美),池上昌和,1511,-0.1,9,8,7,35.7,454,+6,
,"2020. 3.31",中山,3中2,未勝利,未勝利,2,2,フォーチュネイト,牡,3,武士沢友, 56 ,15,8,１, ,ダ1800,稍,,(美),松永康利,1547,-0.1,13,5,5,39.0,456,-4,B
,"2020. 3.29",中山,3中2,未勝利,未勝利,6,11,ネバーランド,牡,3,木幡巧也, 56 ,16,6,１, ,ダ1200,不,,(美),岩戸孝樹,1112,-0.9,,1,1,37.2,430,0,
,"2020. 3.29",中山,3中2,未勝利,未勝利・牝,7,14,ピュアブレンド,牝,3,木幡育也,52△,16,1,１, ,ダ1800,不,,(美),中川公成,1555,-0.5,15,10,5,38.6,486,,
,"2020. 3.28",中山,3中1,2勝,２勝ｸﾗｽ,5,10,スナークスター,セ,4,石橋脩, 57 ,16,4,１, ,ダ1200,良,,(栗),川村禎彦,1112,-0.1,,7,6,36.8,450,-16,
,"2020. 3.28",中山,3中1,Ｇ２,日経賞G2,8,14,ミッキースワロー,牡,6,横山典弘, 56 ,14,1,１, ,芝2500,良,,(美),菊沢隆徳,2329,-0.2,10,7,5,35.7,478,-4,
,"2020. 3.28",中山,3中1,ｵｰﾌﾟﾝ,伏竜Ｓ,2,2,ヘルシャフト,牡,3,藤岡佑介, 56 ,13,10,１, ,ダ1800,良,,(栗),野中賢二,1534,-0.4,1,1,1,38.8,506,0,
,"2020. 3.28",中山,3中1,2勝,両国特別･2勝,5,5,ミヤビパーフェクト,セ,4,池添謙一, 57 ,9,1,１, ,芝1800,良,,(栗),笹田和秀,1501,-0.1,4,2,2,35.7,468,+2,
,"2020. 3.28",中山,3中1,1勝,１勝ｸﾗｽ・牝,7,8,プリミエラムール,牝,4,武藤雅, 55 ,11,3,１, ,ダ1800,良,,(美),田島俊明,1556,-0.0,5,5,4,38.3,440,-4,
,"2020. 3.28",中山,3中1,1勝,１勝ｸﾗｽ*,8,16,ビップウインク,牝,3,岩田康誠, 54 ,16,2,１, ,芝1200,良,,(栗),清水久詞,1090,-0.6,,9,9,34.6,488,-2,
,"2020. 3.28",中山,3中1,1勝,１勝ｸﾗｽ*,8,10,ウインカーネリアン,牡,3,三浦皇成, 56 ,10,2,１, ,芝1800,良,,(美),鹿戸雄一,1500,-0.4,3,3,3,34.8,486,+6,
,"2020. 3.28",中山,3中1,未勝利,未勝利,8,15,グランエクセレント,牡,3,田辺裕信, 56 ,16,1,１, ,芝1600,良,,(美),石毛善彦,1351,-0.3,6,5,2,35.4,508,-2,
,"2020. 3.28",中山,3中1,未勝利,未勝利,6,12,オンリーワンボーイ,牡,3,横山武史, 56 ,16,2,１, ,ダ1800,良,,(美),斎藤誠,1537,-0.0,1,1,1,38.0,442,-8,B
,"2020. 3.28",中山,3中1,未勝利,未勝利,1,1,コルニリア,牡,3,田辺裕信, 56 ,16,4,１, ,ダ1200,良,,(美),大和田成,1122,-0.1,,6,5,37.7,442,0,
,"2020. 3.28",中山,3中1,未勝利,未勝利,2,4,インナーアリュール,牡,3,木幡育也,54△,16,9,１, ,ダ1800,良,,(美),小桧山悟,1561,-0.3,14,10,9,38.8,468,+4,
,"2020. 3.28",中山,3中1,未勝利,未勝利・牝,1,1,テリオスベル,牝,3,小林凌大,51▲,16,6,１, ,ダ1200,良,,(美),田島俊明,1116,-0.5,,2,2,36.5,422,0,B
,"2020. 3.22",中山,2中9,2勝,２勝ｸﾗｽ,3,6,スズノウメ,牝,4,江田照男, 55 ,16,9,１, ,ダ1200,良,,(美),深山雅史,1113,-0.2,,2,2,36.7,468,-8,
,"2020. 3.22",中山,2中9,Ｇ２,スプリンG2,7,7,ガロアクリーク,牡,3,ヒューイ, 56 ,10,6,１, ,芝1800,良,,(美),上原博之,1498,-0.2,6,7,4,33.8,496,-10,
,"2020. 3.22",中山,2中9,3勝,韓国馬Ｈ･3勝,8,16,ロードアクシス,牡,5,三浦皇成, 55 ,16,4,１, ,ダ1800,良,,(栗),奥村豊,1523,-0.1,10,9,3,37.0,474,0,
,"2020. 3.22",中山,2中9,2勝,鎌ケ谷特･2勝,3,3,クラヴィスオレア,セ,4,木幡育也, 57 ,11,3,１, ,芝1600,良,,(美),藤沢和雄,1349,-0.1,1,1,1,35.1,472,-10,B
,"2020. 3.22",中山,2中9,1勝,１勝ｸﾗｽ,6,6,ガロシェ,牝,4,吉田豊, 55 ,11,1,１, ,芝2000,良,,(美),戸田博文,2021,-0.1,3,5,5,35.2,452,+2,
,"2020. 3.22",中山,2中9,1勝,１勝ｸﾗｽ,7,7,モッズストーン,セ,4,津村明秀, 57 ,10,6,１, ,ダ1800,良,,(美),武井亮,1545,-0.5,1,1,1,38.8,486,0,
,"2020. 3.22",中山,2中9,未勝利,未勝利,1,2,マイネルポインター,牡,3,柴田大知, 56 ,16,2,１, ,芝2000,良,,(美),田中博康,2030,-0.1,3,3,3,36.4,438,0,
,"2020. 3.22",中山,2中9,未勝利,未勝利,2,3,ロジアイリッシュ,牝,3,三浦皇成, 54 ,16,2,１, ,芝1600,良,,(美),国枝栄,1361,-0.0,7,10,8,34.9,496,+4,
,"2020. 3.22",中山,2中9,1勝,１勝ｸﾗｽ,1,2,スズノフブキ,セ,6,武士沢友, 57 ,16,1,１, ,ダ1200,良,,(美),高橋裕,1120,-0.0,,3,3,36.7,484,-2,
,"2020. 3.22",中山,2中9,未勝利,未勝利,2,3,シンクロゲイザー,牡,3,大野拓弥, 56 ,16,6,１, ,ダ1800,良,,(美),田村康仁,1562,-0.0,3,3,5,38.1,442,-2,
,"2020. 3.22",中山,2中9,未勝利,未勝利,3,6,スイ,牝,3,ヒューイ, 54 ,16,3,１, ,ダ1200,良,,(美),戸田博文,1120,-0.7,,1,1,37.2,482,+2,
,"2020. 3.22",中山,2中9,未勝利,未勝利・牝,7,14,ディンブラ,牝,3,三浦皇成, 54 ,16,2,１, ,ダ1800,良,,(美),上原博之,1569,-0.4,8,3,1,39.1,472,-2,
,"2020. 3.21",中山,2中8,1勝,１勝ｸﾗｽ,1,1,ゲバラ,牡,4,Ｍ．デム, 57 ,16,2,１, ,芝1600,良,,(美),伊藤大士,1345,-0.8,16,1,1,34.2,474,+2,
,"2020. 3.21",中山,2中8,ｵｰﾌﾟﾝ,千葉ＳＨ,4,8,ジャスティン,牡,4,坂井瑠星, 55 ,16,2,１, ,ダ1200,良,,(栗),矢作芳人,1097,-0.6,,3,3,35.5,484,-2,
,"2020. 3.21",中山,2中8,2勝,館山特別･2勝,8,11,トーセングラン,牡,4,横山和生, 57 ,11,3,１, ,芝2000,良,,(美),田村康仁,2006,-0.1,6,6,5,35.4,434,-2,
,"2020. 3.21",中山,2中8,1勝,黄梅賞･1勝*,5,5,クロノメーター,牡,3,田辺裕信, 56 ,8,1,１, ,芝1600,良,,(美),尾形和幸,1351,-0.0,7,4,3,35.4,436,-6,
,"2020. 3.21",中山,2中8,1勝,１勝ｸﾗｽ・牝,3,5,シャインカメリア,牝,5,横山和生, 55 ,16,5,１, ,ダ1200,良,,(美),小野次郎,1124,-0.0,,4,4,37.1,478,0,
,"2020. 3.21",中山,2中8,1勝,１勝ｸﾗｽ,6,6,ヨシヒコ,牡,6,江田照男, 57 ,8,7,１, ,ダ2400,良,,(美),大江原哲,2378,-0.5,1,2,2,37.3,506,+24,B
,"2020. 3.21",中山,2中8,新馬,新馬,4,7,プレシオーソ,牡,3,北村宏司, 56 ,16,2,１, ,ダ1800,良,,(栗),清水久詞,1555,-0.5,2,2,2,36.8,464,,
,"2020. 3.21",中山,2中8,未勝利,未勝利,2,4,アンティシペイト,牡,3,三浦皇成, 56 ,16,1,１, ,芝1800,良,,(美),国枝栄,1494,-0.1,1,1,1,35.2,490,-6,
,"2020. 3.21",中山,2中8,未勝利,障害未勝利,5,7,アースドラゴン,牡,4,大江原圭, 59 ,14,9,１, ,ダ2880,良,*,(美),根本康広,3148,-0.6,3,2,2,13.5,494,-4,
,"2020. 3.21",中山,2中8,未勝利,未勝利,2,3,アシェットデセール,牡,3,ヒューイ, 56 ,16,7,１, ,ダ1800,良,,(美),小島茂之,1547,-0.4,7,6,5,38.3,496,0,
,"2020. 3.21",中山,2中8,未勝利,未勝利,8,16,アイアムイチオシ,牡,3,小林脩斗,53▲,16,6,１, ,ダ1200,良,,(美),奥平雅士,1123,-0.4,,2,2,38.2,524,-4,
,"2020. 3.21",中山,2中8,未勝利,未勝利・牝,5,9,ギャラクシーソウル,牝,3,Ｍ．デム, 54 ,16,2,１, ,ダ1800,良,,(美),斎藤誠,1552,-0.2,11,5,3,37.7,446,+4,
,"2020. 3.20",中山,2中7,1勝,１勝ｸﾗｽ,1,1,スズノアリュール,牡,5,津村明秀, 57 ,9,1,１, ,ダ1800,良,,(美),林徹,1532,-0.1,4,3,2,37.9,496,-2,
,"2020. 3.20",中山,2中7,Ｇ３,フラワーG3,8,13,アブレイズ,牝,3,藤井勘一, 54 ,14,12,１, ,芝1800,良,,(栗),池江泰寿,1482,-0.1,2,2,2,36.7,480,+4,
,"2020. 3.20",中山,2中7,3勝,幕張Ｓ･3勝,1,1,トーラスジェミニ,牡,4,田辺裕信, 57 ,14,4,１, ,芝1600,良,,(美),小桧山悟,1333,-0.0,1,1,1,36.2,484,-6,
,"2020. 3.20",中山,2中7,2勝,市原特別･2勝,1,2,ティターヌ,牡,4,岩田康誠, 57 ,16,4,１, ,ダ1800,良,,(美),栗田徹,1527,-0.3,1,1,1,38.3,458,+4,
,"2020. 3.20",中山,2中7,ｵｰﾌﾟﾝ,ペガサス,1,1,メイショウダッサイ,牡,7,森一馬, 60 ,13,1,１, ,芝3350,良,,(栗),飯田祐史,3420,-1.2,3,2,2,13.3,512,+4,
,"2020. 3.20",中山,2中7,1勝,１勝ｸﾗｽ,8,16,エンパイアシュアー,牡,4,丸田恭介, 57 ,16,8,１, ,ダ1200,良,,(美),和田雄二,1116,-0.0,,1,1,38.0,472,-10,
,"2020. 3.20",中山,2中7,未勝利,未勝利,5,9,マイネルクロンヌ,牡,3,津村明秀, 56 ,15,3,１, ,芝2200,良,,(美),手塚貴久,2155,-0.0,8,9,7,36.9,508,-4,
,"2020. 3.20",中山,2中7,未勝利,未勝利・牝,3,5,ヴィンクーロ,牝,3,北村宏司, 54 ,16,1,１, ,芝1800,良,,(美),木村哲也,1514,-0.1,3,3,3,35.7,430,+2,
,"2020. 3.20",中山,2中7,1勝,１勝ｸﾗｽ*,7,13,バーナードループ,牡,3,藤岡佑介, 56 ,16,1,１, ,ダ1800,良,,(美),高木登,1543,-0.3,3,3,3,38.4,514,+4,
,"2020. 3.20",中山,2中7,未勝利,未勝利,6,11,トーセンリズム,牡,3,菊沢一樹,55☆,16,4,１, ,ダ1200,良,,(美),深山雅史,1125,-0.2,,3,3,38.3,470,-4,
,"2020. 3.20",中山,2中7,未勝利,未勝利,6,11,ドラゴンウォリアー,牡,3,木幡巧也, 56 ,16,1,１, ,ダ1800,良,,(美),岩戸孝樹,1556,-0.5,1,1,1,39.1,508,+2,B
,"2020. 3.20",中山,2中7,未勝利,未勝利・牝,5,10,エストロ,牝,3,木幡育也,52△,16,5,１, ,ダ1200,良,,(美),萩原清,1138,-0.2,,2,1,39.8,476,-6,
,"2020. 3.15",中山,2中6,2勝,２勝ｸﾗｽ,5,9,ローレルジャック,牡,7,武士沢友, 57 ,16,13,１, ,ダ1200,重,,(美),高橋裕,1105,-0.0,,15,11,35.3,498,+6,
,"2020. 3.15",中山,2中6,OP(L),アネモネ(L),6,7,インターミッション,牝,3,石川裕紀, 54 ,12,6,１, ,芝1600,稍,,(美),手塚貴久,1355,-0.0,5,5,4,36.3,400,-10,
,"2020. 3.15",中山,2中6,OP(L),東風Ｓ(L),1,2,ストーミーシー,牡,7,横山武史, 57 ,16,4,１, ,芝1600,稍,,(美),斎藤誠,1341,-0.1,3,4,4,36.3,548,+2,
,"2020. 3.15",中山,2中6,3勝,スピカＨ･3勝,5,5,ワイプティアーズ,牡,5,武藤雅, 55 ,11,7,１, ,芝2000,稍,,(栗),加用正,2016,-0.1,2,2,1,36.0,530,+6,
,"2020. 3.15",中山,2中6,1勝,１勝ｸﾗｽ,3,6,ヴィーダ,セ,5,木幡巧也, 57 ,16,2,１, ,ダ1800,重,,(美),堀井雅広,1524,-0.3,1,1,1,37.4,438,+2,
,"2020. 3.15",中山,2中6,2勝,２勝ｸﾗｽ・牝,4,4,パルクデラモール,牝,5,武藤雅, 55 ,11,5,１, ,芝2000,重,,(美),鹿戸雄一,2020,-0.2,11,10,10,36.1,466,-2,
,"2020. 3.15",中山,2中6,1勝,１勝ｸﾗｽ*,2,4,パルディエス,牡,3,横山典弘, 56 ,16,1,１, ,ダ1200,重,,(美),田中博康,1109,-0.0,,15,15,35.7,464,0,
,"2020. 3.15",中山,2中6,未勝利,未勝利,5,8,ヒューマンコメディ,牝,3,武藤雅, 54 ,15,9,１, ,芝2000,重,,(美),水野貴広,2051,-0.0,12,10,6,35.9,482,-4,
,"2020. 3.15",中山,2中6,未勝利,障害未勝利,4,6,クオンタムシフト,牡,4,北沢伸也, 59 ,14,4,１, ,ダ2880,重,,(栗),牧田和弥,3125,-0.4,1,1,1,13.4,512,+2,
,"2020. 3.15",中山,2中6,未勝利,未勝利,3,5,チョーズンワン,牡,3,ミナリク, 56 ,16,4,１, ,ダ1800,不,,(美),萩原清,1539,-0.1,6,4,3,38.1,460,0,
,"2020. 3.15",中山,2中6,未勝利,未勝利,5,9,エターナルダイヤ,牡,3,木幡初也, 56 ,16,1,１, ,ダ1200,不,,(美),宗像義忠,1120,-0.1,,1,1,37.9,464,-4,
,"2020. 3.15",中山,2中6,未勝利,未勝利・牝,8,11,ラブエスポー,牝,3,秋山稔樹,51▲,12,3,１, ,ダ1800,不,*,(美),蛯名利弘,1553,-0.4,2,1,1,40.8,458,-4,
,"2020. 3.14",中山,2中5,2勝,２勝ｸﾗｽ,1,2,ヴィジョンオブラヴ,牡,5,三浦皇成, 57 ,16,4,１, ,ダ2400,不,,(美),新開幸一,2326,-0.0,8,8,7,37.2,500,-2,
,"2020. 3.14",中山,2中5,Ｇ３,中山牝馬ＨG3,2,3,フェアリーポルカ,牝,4,和田竜二, 52 ,16,3,１, ,芝1800,不,,(栗),西村真幸,1502,-0.1,6,6,6,37.1,496,+6,
,"2020. 3.14",中山,2中5,2勝,房総特別･2勝,5,10,レストンベ,牝,4,内田博幸, 55 ,16,12,１, ,芝1200,重,,(美),斎藤誠,1112,-0.0,,15,15,35.8,468,+2,
,"2020. 3.14",中山,2中5,1勝,山桜賞･1勝*,8,9,コンドゥクシオン,牡,3,ヒューイ, 56 ,10,4,１, ,芝2000,重,,(美),中舘英二,2053,-0.1,6,6,6,38.4,510,+6,
,"2020. 3.14",中山,2中5,1勝,１勝ｸﾗｽ,2,2,ブラックアウト,牡,4,木幡巧也, 57 ,15,8,１, ,ダ1200,重,,(美),岩戸孝樹,1106,-0.0,,1,1,36.9,478,-1,
,"2020. 3.14",中山,2中5,1勝,１勝ｸﾗｽ・牝,8,14,グロリアーナ,牝,4,ルメール, 55 ,15,1,１, ,ダ1800,重,,(美),木村哲也,1535,-0.1,2,2,3,39.2,500,-4,
,"2020. 3.14",中山,2中5,1勝,１勝ｸﾗｽ*,6,12,ワンスカイ,牡,3,和田竜二, 56 ,16,1,１, ,芝1200,稍,,(美),斎藤誠,1107,-0.2,,5,5,36.3,498,+10,
,"2020. 3.14",中山,2中5,未勝利,未勝利,7,14,チャロアイト,牝,3,ヒューイ, 54 ,16,1,１, ,芝1600,稍,,(美),池上昌和,1381,-0.1,2,5,6,37.0,472,-2,
,"2020. 3.14",中山,2中5,新馬,新馬,3,5,キタノヴィジョン,牡,3,団野大成,54△,16,15,１, ,ダ1800,稍,,(美),萱野浩二,1587,-1.3,2,2,2,37.3,470,,
,"2020. 3.14",中山,2中5,未勝利,未勝利,2,3,アストロブレイク,牡,3,三浦皇成, 56 ,16,1,１, ,ダ1200,稍,,(美),相沢郁,1116,-0.7,,1,1,37.4,490,+12,
,"2020. 3.14",中山,2中5,未勝利,未勝利,7,13,ジーマックス,牡,3,大野拓弥, 56 ,16,3,１, ,ダ1800,稍,,(美),中舘英二,1553,-0.6,3,2,2,39.2,528,-4,
,"2020. 3.14",中山,2中5,未勝利,未勝利・牝,5,9,ヨシノパナギア,牝,3,Ｍ．デム, 54 ,16,3,１, ,ダ1200,稍,,(美),宗像義忠,1129,-0.1,,3,3,38.5,484,-4,
,"2020. 3. 8",中山,2中4,2勝,２勝ｸﾗｽ,5,6,フォルコメン,牡,4,ルメール, 57 ,13,1,１, ,芝1600,重,,(美),堀宣行,1355,-0.4,6,6,5,35.5,512,0,
,"2020. 3. 8",中山,2中4,Ｇ２,弥生賞G2,1,1,サトノフラッグ,牡,3,武豊, 56 ,11,2,１, ,芝2000,重,,(美),国枝栄,2029,-0.3,8,8,2,36.1,492,-2,
,"2020. 3. 8",中山,2中4,ｵｰﾌﾟﾝ,総武Ｓ,4,7,メイショウワザシ,牡,5,武豊, 56 ,16,1,１, ,ダ1800,重,,(栗),南井克巳,1529,-0.2,1,1,1,37.2,538,-2,
,"2020. 3. 8",中山,2中4,3勝,アクアＨ･3勝,3,6,メジェールスー,牝,5,ミナリク, 53 ,16,7,１, ,芝1200,重,,(栗),藤原英昭,1095,-0.0,,2,2,35.0,476,+2,
,"2020. 3. 8",中山,2中4,1勝,１勝ｸﾗｽ,6,7,スマイル,牡,4,ミナリク, 56 ,11,1,１, ,芝2200,重,,(美),堀宣行,2180,-0.2,3,2,2,35.8,522,-4,
,"2020. 3. 8",中山,2中4,1勝,１勝ｸﾗｽ,2,4,ダウンタウンプリマ,牝,4,石橋脩, 55 ,16,3,１, ,ダ1200,重,,(美),斎藤誠,1118,-0.1,,1,1,37.9,458,-2,
,"2020. 3. 8",中山,2中4,1勝,１勝ｸﾗｽ*,1,1,シェダル,牡,3,ヒューイ, 56 ,9,1,１, ,ダ1800,重,,(美),栗田徹,1540,-0.3,1,1,1,39.6,520,+2,
,"2020. 3. 8",中山,2中4,未勝利,未勝利,1,1,エルセンブルグ,牡,3,丸山元気, 56 ,16,4,１, ,芝2200,稍,,(美),相沢郁,2191,-0.0,16,15,14,36.4,528,-2,
,"2020. 3. 8",中山,2中4,新馬,新馬,5,10,コーリングローリー,牡,3,横山和生, 56 ,16,3,１, ,ダ1200,稍,,(美),小野次郎,1131,-0.7,,1,1,37.4,448,,
,"2020. 3. 8",中山,2中4,未勝利,未勝利,4,5,シゲルタイタン,牡,3,ルメール, 56 ,14,1,１, ,ダ1800,稍,,(美),伊藤圭三,1565,-0.3,1,1,1,39.2,476,0,
,"2020. 3. 8",中山,2中4,未勝利,未勝利,5,9,スターファイター,牡,3,田辺裕信, 56 ,16,1,１, ,ダ1200,稍,,(美),田島俊明,1126,-0.2,,5,5,38.3,472,0,
,"2020. 3. 8",中山,2中4,未勝利,未勝利・牝,8,15,ルコントブルー,牝,3,ヒューイ, 54 ,15,2,１, ,ダ1800,稍,,(美),勢司和浩,1547,-0.8,1,1,1,39.1,544,+4,
,"2020. 3. 7",中山,2中3,2勝,２勝ｸﾗｽ,8,15,デッドアヘッド,セ,4,杉原誠人, 57 ,16,3,１, ,ダ1800,良,,(美),藤沢和雄,1539,-0.4,5,3,2,39.7,470,-4,B
,"2020. 3. 7",中山,2中3,Ｇ３,オーシャG3,1,2,ダノンスマッシュ,牡,5,川田将雅, 56 ,16,1,１, ,芝1200,良,,(栗),安田隆行,1074,-0.2,,4,4,34.0,478,+4,
,"2020. 3. 7",中山,2中3,3勝,上総Ｓ･3勝,8,11,アシャカトブ,牡,4,武藤雅, 57 ,12,3,１, ,ダ1800,良,,(美),小笠倫弘,1531,-0.2,3,3,2,37.3,504,-2,
,"2020. 3. 7",中山,2中3,2勝,潮来特別･2勝,8,8,キングオブコージ,牡,4,横山典弘, 56 ,9,3,１, ,芝2500,良,,(栗),安田翔伍,2347,-0.1,2,2,2,34.5,490,+6,
,"2020. 3. 7",中山,2中3,1勝,１勝ｸﾗｽ,6,6,マサハヤニース,牡,5,ヒューイ, 57 ,9,5,１, ,ダ2400,良,,(栗),今野貞一,2371,-0.4,2,1,1,39.2,478,-4,
,"2020. 3. 7",中山,2中3,1勝,１勝ｸﾗｽ*,7,7,ルフトシュトローム,牡,3,川田将雅, 56 ,8,1,１, ,芝1600,良,,(美),堀宣行,1348,-0.2,5,4,4,34.5,486,-6,
,"2020. 3. 7",中山,2中3,1勝,１勝ｸﾗｽ*,1,1,ヴァンドゥメール,牡,3,三浦皇成, 56 ,16,2,１, ,ダ1200,良,,(美),加藤征弘,1117,-0.6,,3,3,38.0,486,+4,B
,"2020. 3. 7",中山,2中3,未勝利,未勝利,7,13,クロミナンス,牡,3,ルメール, 56 ,16,1,１, ,芝1800,良,,(美),尾関知人,1496,-0.5,4,5,7,35.5,504,+24,
,"2020. 3. 7",中山,2中3,新馬,新馬,8,12,ウインレゼルヴ,牡,3,武藤雅, 56 ,12,5,１, ,ダ1800,良,,(美),奥平雅士,1582,-0.6,2,2,2,41.3,478,,
,"2020. 3. 7",中山,2中3,未勝利,未勝利,5,10,クロッチ,セ,3,大野拓弥, 56 ,16,1,１, ,ダ1200,良,,(美),杉浦宏昭,1122,-0.3,,2,2,38.2,454,-6,
,"2020. 3. 7",中山,2中3,未勝利,未勝利,4,4,ヒロキング,牡,3,内田博幸, 56 ,13,2,１, ,ダ1800,良,,(美),黒岩陽一,1569,-0.3,3,2,3,38.6,492,0,
,"2020. 3. 7",中山,2中3,未勝利,未勝利・牝,1,1,ノヘア,牝,3,北村宏司, 54 ,16,4,１, ,ダ1200,良,,(美),伊藤大士,1124,-0.3,,1,1,38.0,430,+2,
,"2020. 3. 1",中山,2中2,2勝,２勝ｸﾗｽ,1,1,シセイヒテン,牡,5,Ｍ．デム, 57 ,13,1,１, ,芝1200,良,,(美),宗像義忠,1086,-0.0,,4,4,34.8,448,+4,
,"2020. 3. 1",中山,2中2,Ｇ２,中山記念G2,3,3,ダノンキングリー,牡,4,横山典弘, 56 ,9,1,１, ,芝1800,良,,(美),萩原清,1463,-0.3,3,3,3,34.2,458,+6,
,"2020. 3. 1",中山,2中2,3勝,ブラッド･3勝,4,7,ノーフィアー,牡,6,江田照男, 57 ,16,7,１, ,ダ1200,良,,(美),佐藤吉勝,1106,-0.0,,5,3,36.6,498,-4,
,"2020. 3. 1",中山,2中2,1勝,水仙賞･1勝*,8,8,クロスセル,牝,3,内田博幸, 54 ,8,4,１, ,芝2200,良,,(美),和田正一,2131,-0.0,5,3,2,35.8,526,+2,
,"2020. 3. 1",中山,2中2,2勝,２勝ｸﾗｽ,6,12,ラージヒル,牡,4,大野拓弥, 56 ,16,1,１, ,ダ1800,良,,(美),林徹,1534,-0.1,2,2,2,38.6,486,+14,
,"2020. 3. 1",中山,2中2,1勝,１勝ｸﾗｽ,2,3,スズノウメ,牝,4,江田照男, 55 ,15,6,１, ,ダ1200,良,,(美),深山雅史,1116,-0.3,,1,1,37.5,476,+4,
,"2020. 3. 1",中山,2中2,1勝,１勝ｸﾗｽ*,2,2,ハーモニーマゼラン,牡,3,大野拓弥, 56 ,9,1,１, ,芝1600,良,,(美),牧光二,1338,-0.3,1,1,1,36.5,516,+6,
,"2020. 3. 1",中山,2中2,未勝利,未勝利,1,1,オラコモエスタス,牡,3,Ｍ．デム, 56 ,16,2,１, ,芝2000,良,,(美),伊藤大士,2027,-0.8,1,1,1,35.4,502,+6,
,"2020. 3. 1",中山,2中2,新馬,新馬,7,13,ベイビーボス,牡,3,石橋脩, 56 ,16,1,１, ,ダ1200,良,,(美),矢野英一,1136,-0.3,,5,3,37.7,450,,
,"2020. 3. 1",中山,2中2,未勝利,未勝利,2,2,ルナエクリプス,牡,3,石橋脩, 56 ,15,1,１, ,ダ1800,良,,(美),田村康仁,1562,-0.5,3,2,2,38.7,516,0,
,"2020. 3. 1",中山,2中2,未勝利,未勝利,8,15,ワンチーム,牡,3,内田博幸, 56 ,16,10,１, ,ダ1200,良,*,(美),清水英克,1129,-0.2,,1,1,38.7,464,+6,
,"2020. 3. 1",中山,2中2,未勝利,未勝利・牝,1,1,エンジョイ,牝,3,横山和生, 54 ,12,1,１, ,ダ1800,良,,(美),田村康仁,1565,-0.4,3,5,3,39.4,452,-4,
,"2020. 2.29",中山,2中1,2勝,２勝ｸﾗｽ,8,15,ルーチェソラーレ,牝,5,大野拓弥, 55 ,16,2,１, ,ダ1200,良,,(美),小笠倫弘,1114,-0.1,,3,3,36.9,500,0,
,"2020. 2.29",中山,2中1,3勝,サンシャ･3勝,5,6,サンアップルトン,牡,4,柴田善臣, 56 ,13,1,１, ,芝2500,良,,(美),中野栄治,2341,-0.0,8,8,7,35.1,474,+2,
,"2020. 2.29",中山,2中1,2勝,富里特Ｈ･2勝,1,1,ハーメティキスト,牡,4,北村宏司, 56 ,12,3,１, ,芝1800,良,,(美),木村哲也,1481,-0.3,6,6,4,34.3,456,+4,
,"2020. 2.29",中山,2中1,1勝,デイジー･1勝,4,4,ウインマイティー,牝,3,丸山元気, 54 ,9,6,１, ,芝1800,良,,(栗),五十嵐忠,1489,-0.1,3,4,3,34.9,464,+2,
,"2020. 2.29",中山,2中1,ｵｰﾌﾟﾝ,春麗ジャ,4,5,ハルキストン,牡,5,中村将之, 60 ,14,7,１, ,ダ3200,良,,(栗),浅見秀一,3332,-0.8,3,2,1,13.3,466,-8,
,"2020. 2.29",中山,2中1,1勝,１勝ｸﾗｽ,4,7,ペイシャムートン,牡,4,江田照男, 56 ,16,8,１, ,ダ1800,良,,(美),小笠倫弘,1538,-0.0,5,7,6,38.1,522,+6,
,"2020. 2.29",中山,2中1,新馬,新馬,7,8,ヘイルメリー,牡,3,北村宏司, 56 ,11,1,１, ,芝2000,良,,(美),木村哲也,2034,-0.6,2,2,1,36.0,520,,
,"2020. 2.29",中山,2中1,未勝利,未勝利,6,12,ラパンセソバージュ,牡,3,Ｍ．デム, 56 ,16,1,１, ,芝1600,良,,(美),大竹正博,1341,-0.3,10,7,3,34.9,456,+4,
,"2020. 2.29",中山,2中1,1勝,１勝ｸﾗｽ*,8,15,アポロアベリア,牡,3,丹内祐次, 56 ,15,1,１, ,ダ1800,良,,(栗),山内研二,1549,-0.0,12,8,4,39.1,540,0,
,"2020. 2.29",中山,2中1,未勝利,未勝利,8,12,ディーエスプルーフ,牡,3,石橋脩, 56 ,13,1,１, ,ダ1800,良,,(美),伊藤圭三,1554,-0.1,3,2,2,39.6,446,-6,B
,"2020. 2.29",中山,2中1,未勝利,未勝利,6,11,チェスナットロール,牝,3,北村宏司, 54 ,16,10,１, ,ダ1200,良,,(美),浅野洋一,1115,-0.4,,1,1,37.6,450,-4,
,"2020. 2.29",中山,2中1,未勝利,未勝利,6,8,アコルドエール,牡,3,丸山元気, 56 ,13,1,１, ,ダ1800,良,,(美),中川公成,1554,-0.4,1,1,1,39.6,494,0,
,"2020. 1.26",中山,1中9,2勝,２勝ｸﾗｽ・牝,4,4,ウィナーポイント,牝,5,横山典弘, 55 ,6,2,１, ,芝2000,稍,,(美),和田勇介,2058,-0.0,5,5,5,35.3,430,+2,
,"2020. 1.26",中山,1中9,Ｇ２,アメリカG2,8,11,ブラストワンピース,牡,5,川田将雅, 57 ,12,1,１, ,芝2200,稍,,(美),大竹正博,2150,-0.2,4,5,3,36.1,546,,
,"2020. 1.26",中山,1中9,2勝,初霞賞･2勝,5,5,エクリリストワール,牡,4,川田将雅, 56 ,12,1,１, ,ダ1800,稍,,(美),田中博康,1534,-0.4,2,2,2,37.6,532,+12,
,"2020. 1.26",中山,1中9,1勝,若竹賞･1勝*,7,8,シーズンズギフト,牝,3,ルメール, 54 ,11,1,１, ,芝1800,稍,*,(美),黒岩陽一,1504,-0.2,6,6,3,34.7,478,+2,
,"2020. 1.26",中山,1中9,1勝,１勝ｸﾗｽ,2,3,フィストバンプ,牡,4,田中勝春, 56 ,15,6,１, ,ダ1800,稍,,(美),松永康利,1540,-0.3,1,1,1,38.7,492,-4,
,"2020. 1.26",中山,1中9,1勝,１勝ｸﾗｽ,3,5,ラインギャラント,牝,5,武藤雅, 55 ,16,16,１, ,ダ1200,稍,,(美),水野貴広,1116,-0.1,,3,3,36.9,452,+2,
,"2020. 1.26",中山,1中9,新馬,新馬,8,16,ヴォートルエロー,牡,3,江田照男, 56 ,16,9,１, ,ダ1800,稍,,(美),田村康仁,1563,-0.9,3,2,2,38.7,474,,
,"2020. 1.26",中山,1中9,未勝利,未勝利,1,1,エレガントチャーム,牝,3,横山典弘, 54 ,16,5,１, ,芝1600,稍,,(美),菊沢隆徳,1374,-0.0,14,13,11,35.5,466,+8,
,"2020. 1.26",中山,1中9,未勝利,障害未勝利,7,12,コウキチョウサン,牡,7,石神深一, 60 ,14,2,１, ,ダ2880,稍,,(美),和田正一,3144,-0.9,5,1,1,13.5,472,-2,
,"2020. 1.26",中山,1中9,未勝利,未勝利,3,6,キョシンタンカイ,牡,3,田辺裕信, 56 ,16,1,１, ,ダ1200,稍,*,(美),武市康男,1128,-0.0,,1,1,38.8,506,+4,
,"2020. 1.26",中山,1中9,未勝利,未勝利,6,7,クロカドッグ,牡,3,野中悠太,55☆,12,8,１, ,ダ1800,稍,,(美),竹内正洋,1566,-0.0,2,2,2,40.2,504,0,B
,"2020. 1.26",中山,1中9,未勝利,未勝利・牝,6,11,サツキマス,牝,3,マーフィ, 54 ,16,1,１, ,ダ1200,稍,*,(美),田島俊明,1131,-0.6,,2,2,37.9,460,+2,
,"2020. 1.25",中山,1中8,1勝,１勝ｸﾗｽ,4,8,バールドバイ,牡,5,北村宏司, 57 ,16,6,１, ,芝1600,良,,(美),木村哲也,1347,-0.2,6,5,5,35.0,512,+20,
,"2020. 1.25",中山,1中8,3勝,アレキサ･3勝,1,2,フィードバック,牡,4,横山典弘, 56 ,16,2,１, ,ダ1800,良,,(美),鈴木伸尋,1516,-0.4,2,2,2,38.2,492,0,
,"2020. 1.25",中山,1中8,2勝,東雲賞Ｈ･2勝,8,10,スーパーブレイク,牡,6,吉田豊, 56 ,11,3,１, ,芝1600,良,,(美),戸田博文,1360,-0.3,11,11,11,34.4,478,+2,
,"2020. 1.25",中山,1中8,1勝,呉竹賞･1勝*,5,6,セラン,牝,3,武豊, 54 ,13,4,１, ,ダ1800,良,,(栗),松永幹夫,1545,-0.0,1,1,1,38.9,480,-2,
,"2020. 1.25",中山,1中8,2勝,２勝ｸﾗｽ,2,2,キタノオドリコ,牝,4,ミナリク, 54 ,14,5,１, ,ダ1200,良,,(美),相沢郁,1111,-0.2,,4,4,36.6,488,-4,
,"2020. 1.25",中山,1中8,1勝,１勝ｸﾗｽ・牝,6,6,メダリオンモチーフ,牝,5,マーフィ, 55 ,11,1,１, ,ダ1800,良,*,(美),中舘英二,1539,-0.0,4,5,3,37.3,448,+8,
,"2020. 1.25",中山,1中8,新馬,新馬,5,9,イマジナリーライン,牡,3,ミナリク, 56 ,16,3,１, ,芝2000,良,,(美),鹿戸雄一,2083,-0.1,2,2,1,35.8,496,,
,"2020. 1.25",中山,1中8,未勝利,未勝利,6,11,カンバラ,牝,3,Ｍ．デム, 54 ,15,9,１, ,芝2200,良,,(美),黒岩陽一,2168,-0.6,6,1,1,35.9,480,-8,
,"2020. 1.25",中山,1中8,新馬,新馬,8,16,ブランクチェック,牝,3,大野拓弥, 54 ,16,7,１, ,ダ1200,稍,*,(美),栗田徹,1123,-0.0,,4,4,36.6,480,,
,"2020. 1.25",中山,1中8,未勝利,未勝利,8,12,サニートーク,牡,3,Ｍ．デム, 56 ,12,5,１, ,ダ1800,稍,,(美),稲垣幸雄,1555,-0.1,6,6,6,39.1,470,-2,
,"2020. 1.25",中山,1中8,未勝利,未勝利・牝,6,10,ナリノクリスティー,牝,3,Ｍ．デム, 54 ,14,2,１, ,ダ1800,稍,,(美),上原博之,1569,-0.7,3,3,2,38.9,442,+4,
,"2020. 1.25",中山,1中8,未勝利,未勝利,7,14,ドラゴンズバック,牡,3,木幡育也,54△,16,2,１, ,ダ1200,稍,,(美),伊藤伸一,1123,-0.4,,1,1,37.7,454,-6,
,"2020. 1.19",中山,1中7,2勝,２勝ｸﾗｽ,6,12,タマモメイトウ,牡,4,ルメール, 56 ,16,6,１, ,芝1200,稍,,(栗),藤岡健一,1098,-0.0,,10,8,34.8,486,+2,
,"2020. 1.19",中山,1中7,Ｇ３,京成杯G3,1,1,クリスタルブラック,牡,3,吉田豊, 56 ,12,7,１, ,芝2000,稍,,(美),高橋文雅,2021,-0.1,11,10,10,35.4,476,+4,
,"2020. 1.19",中山,1中7,ｵｰﾌﾟﾝ,ジャニュ,7,13,ヨシオ,牡,7,松山弘平, 56 ,16,5,１, ,ダ1200,稍,,(栗),森秀行,1103,-0.1,,3,3,36.4,490,+4,
,"2020. 1.19",中山,1中7,3勝,初富士Ｈ･3勝,2,2,プレシャスブルー,牡,6,石川裕紀, 56 ,12,6,１, ,芝1800,稍,,(美),相沢郁,1494,-0.1,7,7,6,34.1,448,+14,
,"2020. 1.19",中山,1中7,2勝,２勝ｸﾗｽ,7,13,ハルサカエ,牝,4,マーフィ, 54 ,15,2,１, ,ダ1200,稍,,(美),大竹正博,1115,-0.0,,3,3,36.6,500,0,
,"2020. 1.19",中山,1中7,1勝,１勝ｸﾗｽ,7,13,マックスアン,牡,4,マーフィ, 56 ,15,1,１, ,ダ1800,稍,,(美),大和田成,1549,-0.0,6,6,6,38.6,470,+2,
,"2020. 1.19",中山,1中7,新馬,新馬,4,8,ルフトシュトローム,牡,3,内田博幸, 56 ,16,1,１, ,芝1600,稍,,(美),堀宣行,1373,-0.6,2,3,2,35.0,492,,
,"2020. 1.19",中山,1中7,未勝利,未勝利・牝,1,2,リーディングパート,牝,3,マーフィ, 54 ,16,2,１, ,芝1600,稍,,(美),矢野英一,1363,-0.0,5,3,1,35.8,408,-8,
,"2020. 1.19",中山,1中7,1勝,１勝ｸﾗｽ*,8,16,トウカイエトワール,牡,3,マーフィ, 56 ,16,4,１, ,ダ1200,稍,,(栗),安田隆行,1117,-0.2,,4,4,37.3,496,0,
,"2020. 1.19",中山,1中7,未勝利,未勝利,4,7,ダノンファスト,牡,3,横山典弘, 56 ,15,1,１, ,ダ1800,稍,,(美),菊沢隆徳,1549,-2.3,3,4,3,37.5,460,0,
,"2020. 1.19",中山,1中7,未勝利,未勝利・牝,3,6,ラマトリス,牝,3,大野拓弥, 54 ,16,2,１, ,ダ1800,稍,,(美),新開幸一,1569,-0.3,3,3,3,40.3,530,+6,
,"2020. 1.19",中山,1中7,未勝利,未勝利,2,4,サトノポーラスター,牡,3,ミナリク, 56 ,16,8,１, ,ダ1200,稍,,(美),大和田成,1126,-0.0,,4,4,38.1,514,+14,
,"2020. 1.18",中山,1中6,2勝,２勝ｸﾗｽ,7,7,ダイワダグラス,牡,4,内田博幸, 56 ,10,4,１, ,芝1800,稍,,(美),鹿戸雄一,1516,-0.0,7,6,5,35.4,506,+4,
,"2020. 1.18",中山,1中6,OP(L),ニューイ(L),3,5,ジャンダルム,牡,5,藤井勘一, 57 ,16,3,１, ,芝1600,稍,,(栗),池江泰寿,1358,-0.1,5,4,2,36.2,506,-2,
,"2020. 1.18",中山,1中6,2勝,初凪賞･2勝,4,8,ダイシンインディー,牡,4,吉田豊, 56 ,16,8,１, ,ダ1800,稍,,(美),戸田博文,1535,-0.2,1,1,1,38.3,540,+6,
,"2020. 1.18",中山,1中6,1勝,菜の花賞･1勝,8,15,アールクインダム,牝,3,マーフィ, 54 ,16,9,１, ,芝1600,稍,,(美),伊藤大士,1368,-0.1,10,5,6,35.8,472,+10,
,"2020. 1.18",中山,1中6,1勝,１勝ｸﾗｽ,6,12,ノーベルプライズ,牡,4,マーフィ, 56 ,16,1,１, ,ダ1200,稍,,(美),古賀史生,1117,-0.5,,4,3,37.3,504,+4,
,"2020. 1.18",中山,1中6,1勝,１勝ｸﾗｽ・牝,1,1,ショーテンシ,牝,4,北村宏司, 54 ,16,10,１, ,ダ1200,稍,,(美),鈴木伸尋,1117,-0.1,,1,1,38.0,480,+18,
,"2020. 1.18",中山,1中6,1勝,１勝ｸﾗｽ,6,6,フラテルニテ,牝,4,武藤雅, 54 ,7,4,１, ,ダ2400,稍,,(美),戸田博文,2368,-1.0,1,1,1,38.5,512,+2,
,"2020. 1.18",中山,1中6,未勝利,未勝利,6,12,アラタ,牡,3,大野拓弥, 56 ,16,7,１, ,芝2000,稍,,(美),和田勇介,2055,-0.2,10,14,11,36.9,466,+6,
,"2020. 1.18",中山,1中6,未勝利,障害未勝利,6,10,セイウンフォーカス,牡,5,中村将之, 60 ,14,2,１, ,ダ2880,稍,,(栗),宮本博,3177,-0.2,8,4,2,13.7,478,-6,
,"2020. 1.18",中山,1中6,新馬,新馬,7,14,シェダル,牡,3,マーフィ, 56 ,16,1,１, ,ダ1800,稍,,(美),栗田徹,1546,-2.0,2,2,1,38.4,518,,
,"2020. 1.18",中山,1中6,未勝利,未勝利,5,9,アイスナイン,牡,3,吉田豊, 56 ,15,1,１, ,ダ1800,稍,,(美),高橋文雅,1567,-2.0,2,2,2,39.5,492,+2,
,"2020. 1.18",中山,1中6,未勝利,未勝利,2,3,ニシノホライゾン,牡,3,丸山元気, 56 ,16,2,１, ,ダ1200,稍,,(美),的場均,1124,-0.5,,5,3,38.3,510,-4,
,"2020. 1.13",中山,1中5,1勝,１勝ｸﾗｽ,5,10,ネガイ,牝,4,津村明秀, 54 ,16,4,１, ,芝2200,良,,(美),奥村武,2158,-0.2,7,7,4,35.5,458,+2,
,"2020. 1.13",中山,1中5,Ｇ３,フェアリG3,1,1,スマイルカナ,牝,3,柴田大知, 54 ,16,3,１, ,芝1600,良,,(美),高橋祥泰,1340,-0.4,1,1,1,35.0,420,+4,
,"2020. 1.13",中山,1中5,3勝,初春ＳＨ･3勝,2,4,リュウノユキナ,牡,5,柴田善臣, 56 ,16,1,１, ,ダ1200,良,,(美),小野次郎,1109,-0.2,,8,7,36.4,498,-22,
,"2020. 1.13",中山,1中5,2勝,成田特Ｈ･2勝,5,9,テトラルキア,セ,5,ルメール, 56 ,16,1,１, ,ダ2400,良,,(美),大和田成,2347,-0.8,5,5,3,37.8,486,0,
,"2020. 1.13",中山,1中5,2勝,２勝ｸﾗｽ・牝,8,10,ベルキューズ,牝,4,ルメール, 54 ,10,2,１, ,ダ1800,良,,(美),武井亮,1531,-0.2,2,3,2,38.6,488,+8,B
,"2020. 1.13",中山,1中5,1勝,１勝ｸﾗｽ,7,12,ステイホット,牝,4,横山典弘, 54 ,15,3,１, ,ダ1200,良,,(美),杉浦宏昭,1118,-0.3,,2,2,37.5,476,+8,B
,"2020. 1.13",中山,1中5,新馬,新馬,5,9,フォースオブウィル,牡,3,宮崎北斗, 56 ,16,7,１, ,芝1600,良,,(美),粕谷昌央,1364,-0.2,12,10,9,35.2,456,,
,"2020. 1.13",中山,1中5,未勝利,未勝利,2,2,レッドルレーヴ,牝,3,ルメール, 54 ,15,1,１, ,芝2000,良,,(美),藤沢和雄,2017,-0.1,7,6,3,37.0,442,+6,
,"2020. 1.13",中山,1中5,新馬,新馬・牝,4,7,ペイシャチャーム,牝,3,山田敬士,51▲,16,3,１, ,ダ1200,良,,(美),高市圭二,1145,-0.2,,5,6,37.7,442,,
,"2020. 1.13",中山,1中5,未勝利,未勝利,8,16,リョウガ,牡,3,マーフィ, 56 ,16,4,１, ,ダ1800,良,,(美),田中博康,1552,-1.0,5,3,2,39.5,462,-12,
,"2020. 1.13",中山,1中5,未勝利,未勝利,8,16,バーナードループ,牡,3,ルメール, 56 ,16,1,１, ,ダ1800,良,,(美),高木登,1557,-1.1,2,1,1,39.5,510,+4,
,"2020. 1.13",中山,1中5,未勝利,未勝利,8,15,セレンディピア,牡,3,田辺裕信, 56 ,16,6,１, ,ダ1200,良,,(美),尾形和幸,1125,-0.1,,3,3,37.7,462,+4,
,"2020. 1.12",中山,1中4,2勝,２勝ｸﾗｽ,1,2,トーラスジェミニ,牡,4,木幡育也,54△,16,13,１, ,芝1600,良,,(美),小桧山悟,1344,-0.1,3,1,1,35.8,488,-10,
,"2020. 1.12",中山,1中4,ｵｰﾌﾟﾝ,ポルック,3,5,スワーヴアラミス,牡,5,藤岡康太, 56 ,15,1,１, ,ダ1800,良,,(栗),須貝尚介,1527,-0.7,2,2,1,36.9,488,+10,
,"2020. 1.12",中山,1中4,2勝,初咲賞･2勝,8,12,エアジーン,牝,4,大野拓弥, 54 ,12,2,１, ,芝2200,良,,(美),堀宣行,2152,-0.0,9,7,7,35.3,452,0,
,"2020. 1.12",中山,1中4,1勝,黒竹賞･1勝*,8,13,デルマオニキス,牡,3,横山和生, 56 ,13,9,１, ,ダ1800,良,,(美),勢司和浩,1543,-0.2,13,12,10,38.6,468,+12,
,"2020. 1.12",中山,1中4,1勝,１勝ｸﾗｽ,1,2,アメリカンツイスト,セ,5,北村宏司, 57 ,16,1,１, ,ダ1200,良,,(美),中舘英二,1117,-0.4,,6,4,37.3,482,+6,
,"2020. 1.12",中山,1中4,1勝,１勝ｸﾗｽ,7,14,コスモハヤテ,牡,4,柴田大知, 56 ,16,11,１, ,ダ1800,良,,(美),小野次郎,1561,-0.0,10,1,1,38.8,478,0,
,"2020. 1.12",中山,1中4,新馬,新馬,8,16,リヴァージュ,牝,3,横山和生, 54 ,16,4,１, ,芝2000,良,,(美),田村康仁,2048,-0.6,1,1,1,36.0,482,,
,"2020. 1.12",中山,1中4,未勝利,未勝利,4,7,ピーエムピンコ,牝,3,藤田菜七,51▲,16,1,１, ,芝1600,良,,(美),和田正一,1350,-0.3,8,6,4,35.1,400,+4,
,"2020. 1.12",中山,1中4,未勝利,障害未勝利,8,13,ユイノシンドバッド,牡,5,大江原圭, 60 ,14,3,１, ,ダ2880,良,,(美),竹内正洋,3137,-0.0,3,2,1,13.5,510,+2,
,"2020. 1.12",中山,1中4,未勝利,未勝利,2,3,ビービーレガロ,牡,3,マーフィ, 56 ,16,2,１, ,ダ1800,良,,(美),戸田博文,1573,-0.0,4,4,5,39.0,530,+2,
,"2020. 1.12",中山,1中4,未勝利,未勝利・牝,3,6,ニーズヘッグ,牝,3,横山和生, 54 ,16,1,１, ,ダ1800,良,,(美),小野次郎,1566,-1.0,1,1,1,40.1,478,0,
,"2020. 1.12",中山,1中4,未勝利,未勝利,6,12,ファイヴレター,牡,3,菊沢一樹,55☆,16,8,１, ,ダ1200,良,*,(美),佐藤吉勝,1129,-0.0,,5,6,38.3,444,+12,
,"2020. 1.11",中山,1中3,1勝,１勝ｸﾗｽ,7,13,クラヴィスオレア,セ,4,木幡育也,54△,16,4,１, ,芝1600,良,,(美),藤沢和雄,1357,-0.1,1,1,1,35.3,482,+2,B
,"2020. 1.11",中山,1中3,3勝,迎春Ｓ･3勝,4,4,オセアグレイト,牡,4,野中悠太, 56 ,13,4,１, ,芝2200,良,,(美),菊川正達,2144,-0.4,5,5,5,34.5,488,0,
,"2020. 1.11",中山,1中3,2勝,頌春賞･2勝,6,12,ショウナンカイドウ,牡,7,横山武史, 57 ,16,5,１, ,ダ1200,良,,(栗),高野友和,1112,-0.2,,6,5,36.5,534,-2,B
,"2020. 1.11",中山,1中3,1勝,朱竹賞･1勝*,3,5,シオミチクレバ,牝,3,田辺裕信, 54 ,16,5,１, ,芝1200,良,,(栗),牧浦充徳,1091,-0.4,,4,5,35.3,472,-6,
,"2020. 1.11",中山,1中3,ｵｰﾌﾟﾝ,中山新春,7,11,スプリングボックス,牡,6,森一馬, 60 ,13,4,１, ,ダ3200,良,,(栗),寺島良,3348,-0.9,6,7,5,13.4,484,-6,
,"2020. 1.11",中山,1中3,1勝,１勝ｸﾗｽ,8,16,トレイントレイン,牡,4,ミナリク, 56 ,16,1,１, ,ダ1800,良,,(美),池上昌和,1549,-0.7,1,1,1,38.6,512,+4,B
,"2020. 1.11",中山,1中3,1勝,１勝ｸﾗｽ・牝,1,2,エンドーツダ,牝,4,藤田菜七,51▲,16,2,１, ,ダ1800,良,,(美),萱野浩二,1558,-0.4,3,4,3,38.2,454,+14,
,"2020. 1.11",中山,1中3,未勝利,未勝利,1,1,ブラックマジック,牡,3,マーフィ, 56 ,16,1,１, ,芝2200,良,,(美),戸田博文,2154,-0.5,2,2,2,35.2,440,0,
,"2020. 1.11",中山,1中3,新馬,新馬,3,5,フリーフロー,牡,3,丸田恭介, 56 ,16,7,１, ,ダ1800,良,,(美),宗像義忠,1563,-0.0,6,2,3,39.8,484,,
,"2020. 1.11",中山,1中3,未勝利,未勝利,5,9,ウインアクティーボ,牡,3,松岡正海, 56 ,16,1,１, ,ダ1200,良,,(美),高木登,1126,-0.0,,3,3,37.6,492,0,
,"2020. 1.11",中山,1中3,未勝利,未勝利,7,13,ファイアランス,牡,3,石橋脩, 56 ,16,1,１, ,ダ1800,良,,(美),高橋祥泰,1559,-1.8,1,1,1,39.6,490,0,
,"2020. 1.11",中山,1中3,未勝利,未勝利・牝,7,14,タピオカ,牝,3,木幡巧也, 54 ,16,6,１, ,ダ1200,良,,(美),牧光二,1137,-0.3,,1,1,37.7,494,+4,
,"2020. 1. 6",中山,1中2,2勝,２勝ｸﾗｽ,4,4,モンテグロッソ,牡,5,Ｍ．デム, 57 ,11,2,１, ,芝2000,良,,(美),木村哲也,2026,-0.0,5,2,2,35.3,508,0,
,"2020. 1. 6",中山,1中2,ｵｰﾌﾟﾝ,カーバン,8,10,ライラックカラー,牡,5,マーフィ, 56 ,11,1,１, ,芝1200,良,,(美),藤沢和雄,1084,-0.1,,10,11,33.6,468,+6,B
,"2020. 1. 6",中山,1中2,OP(L),ジュニア(L),4,6,サクセッション,牡,3,マーフィ, 56 ,15,1,１, ,芝1600,良,,(美),国枝栄,1334,-0.4,7,7,2,35.2,518,+10,
,"2020. 1. 6",中山,1中2,2勝,初茜賞･2勝,1,1,カナシバリ,牝,4,江田照男, 54 ,16,4,１, ,ダ1800,良,,(美),竹内正洋,1532,-0.1,10,9,8,38.0,510,+6,
,"2020. 1. 6",中山,1中2,1勝,１勝ｸﾗｽ,8,15,サトノユニゾン,セ,5,マーフィ, 57 ,16,1,１, ,ダ1200,良,,(美),古賀慎明,1118,-0.3,,3,3,37.6,494,0,B
,"2020. 1. 6",中山,1中2,1勝,１勝ｸﾗｽ,4,4,アルデエンブレム,牡,4,宮崎北斗, 56 ,11,5,１, ,ダ2400,良,,(栗),清水久詞,2372,-0.1,2,2,2,39.2,482,+2,
,"2020. 1. 6",中山,1中2,新馬,新馬・牝,4,8,ヒラボククイーン,牝,3,マーフィ, 54 ,16,3,１, ,ダ1800,良,,(美),国枝栄,1580,-0.2,1,1,1,40.4,462,,
,"2020. 1. 6",中山,1中2,未勝利,未勝利,4,7,フラワリングナイト,牝,3,Ｍ．デム, 54 ,16,3,１, ,芝2000,良,,(美),金成貴史,2022,-0.3,11,7,2,35.4,434,+8,
,"2020. 1. 6",中山,1中2,新馬,新馬,6,12,トウカイエトワール,牡,3,マーフィ, 56 ,16,2,１, ,ダ1200,良,,(栗),安田隆行,1141,-0.3,,3,2,38.4,496,,
,"2020. 1. 6",中山,1中2,未勝利,未勝利,5,9,アメリカンフェイス,牡,3,マーフィ, 56 ,16,1,１, ,ダ1800,良,,(美),戸田博文,1558,-0.1,3,2,1,39.6,474,+4,
,"2020. 1. 6",中山,1中2,未勝利,未勝利,7,13,フラッフィクラウド,牡,3,Ｍ．デム, 56 ,16,1,１, ,ダ1800,良,,(美),萩原清,1574,-0.2,3,3,3,39.1,466,+6,
,"2020. 1. 6",中山,1中2,未勝利,未勝利,2,3,メモワールミノル,牡,3,菅原明良,54△,16,5,１, ,ダ1200,良,,(美),中舘英二,1122,-0.2,,8,5,37.8,466,+2,
,"2020. 1. 5",中山,1中1,2勝,２勝ｸﾗｽ,4,7,タイセイソニック,牡,5,石橋脩, 57 ,16,11,１, ,芝1200,良,,(栗),西村真幸,1088,-0.0,,3,2,34.6,470,+10,
,"2020. 1. 5",中山,1中1,Ｇ３,中山金杯ＨG3,4,7,トリオンフ,セ,6,Ｍ．デム, 58 ,17,2,１, ,芝2000,良,,(栗),須貝尚介,1595,-0.0,2,2,2,35.6,554,+4,
,"2020. 1. 5",中山,1中1,3勝,サンライ･3勝,8,15,エンゲルヘン,牝,6,横山武史, 55 ,16,2,１, ,芝1200,良,,(栗),五十嵐忠,1080,-0.0,,1,1,34.7,476,0,
,"2020. 1. 5",中山,1中1,3勝,招福ＳＨ･3勝,6,12,ミッキーポジション,牡,5,菊沢一樹, 56 ,16,5,１, ,ダ1800,良,,(美),菊沢隆徳,1532,-0.1,2,2,2,37.7,504,+10,
,"2020. 1. 5",中山,1中1,2勝,２勝ｸﾗｽ,2,3,ロンドンテソーロ,牡,4,石橋脩, 56 ,16,1,１, ,ダ1200,良,,(美),栗田徹,1109,-0.6,,1,1,37.7,506,+4,
,"2020. 1. 5",中山,1中1,1勝,１勝ｸﾗｽ,1,1,サトノセシル,牝,4,大野拓弥, 54 ,16,2,１, ,芝2000,良,*,(美),堀宣行,2014,-0.3,2,4,3,34.9,452,+4,
,"2020. 1. 5",中山,1中1,1勝,１勝ｸﾗｽ,5,8,サクラルーフェン,牡,4,石橋脩, 56 ,15,1,１, ,ダ1800,良,,(美),尾関知人,1553,-0.7,1,1,1,39.5,452,0,
,"2020. 1. 5",中山,1中1,1勝,１勝ｸﾗｽ*,6,6,サトノフラッグ,牡,3,マーフィ, 56 ,10,1,１, ,芝2000,良,,(美),国枝栄,2014,-0.5,5,4,2,35.3,494,+2,
,"2020. 1. 5",中山,1中1,新馬,新馬,1,1,ミッキープリンス,牡,3,マーフィ, 56 ,16,1,１, ,ダ1800,良,,(美),国枝栄,1581,-0.1,3,5,3,40.2,508,,
,"2020. 1. 5",中山,1中1,未勝利,未勝利,8,15,サザンレインボー,牡,3,丸山元気, 56 ,16,3,１, ,ダ1200,良,,(美),高柳瑞樹,1121,-0.3,,1,1,37.3,542,+22,
,"2020. 1. 5",中山,1中1,未勝利,未勝利,4,7,リッターシュラーク,牡,3,横山典弘, 56 ,16,3,１, ,ダ1800,良,,(美),中川公成,1568,-0.0,12,15,8,39.0,490,+2,
,"2020. 1. 5",中山,1中1,未勝利,未勝利・牝,4,7,オイデヤスダイジン,牝,3,伊藤工真, 54 ,16,2,１, ,ダ1200,良,,(美),金成貴史,1133,-0.0,,5,5,38.9,460,+2,
,2019.12.28,中山,5中9,2勝,ベストウ･2勝,8,15,ミエノウインウイン,セ,4,ルメール, 57 ,16,2,１, ,芝1600,良,,(栗),高橋亮,1360,-0.0,9,1,2,35.5,476,-6,
,2019.12.28,中山,5中9,Ｇ１,ホープフG1,2,2,コントレイル,牡,2,福永祐一, 55 ,13,1,１, ,芝2000,良,*,(栗),矢作芳人,2014,-0.2,4,3,2,35.8,462,+6,
,2019.12.28,中山,5中9,3勝,立志ＳＨ･3勝,7,14,モルフェオルフェ,牝,4,江田照男, 52 ,16,8,１, ,芝1600,良,,(美),大江原哲,1341,-0.0,2,2,2,35.8,450,+10,
,2019.12.28,中山,5中9,2勝,ヤングジ･2勝,2,2,リョウランヒーロー,牡,5,中越琉世, 57 ,14,8,１, ,ダ1800,良,,(美),小野次郎,1561,-0.2,12,5,5,39.1,484,+4,
,2019.12.28,中山,5中9,1勝,１勝ｸﾗｽ,1,1,シャドウセッション,牡,3,三浦皇成, 56 ,16,3,１, ,ダ1800,良,,(美),鹿戸雄一,1544,-0.8,2,2,2,39.2,524,+6,
,2019.12.28,中山,5中9,1勝,ヤングジ･1勝,7,12,クリノオスマン,セ,5,岩本怜, 57 ,14,2,１, ,芝2000,良,,(美),伊藤伸一,2046,-0.1,3,5,4,36.6,456,0,
,2019.12.28,中山,5中9,新馬,新馬,1,1,ケイアイピハ,牡,2,北村宏司, 55 ,16,5,１, ,ダ1200,良,,(美),池上昌和,1131,-0.5,,2,2,38.2,446,,
,2019.12.28,中山,5中9,新馬,新馬,5,9,フォアシュピール,牡,2,ルメール, 55 ,18,1,１, ,芝2000,良,,(美),手塚貴久,2044,-0.2,12,12,5,36.3,466,,
,2019.12.28,中山,5中9,未勝利,未勝利*,8,16,ウインキートス,牝,2,マーフィ, 54 ,16,2,１, ,芝1800,良,*,(美),宗像義忠,1494,-0.6,6,6,6,36.0,448,+2,
,2019.12.28,中山,5中9,未勝利,未勝利*,7,13,コパノライダー,牡,2,斎藤新,53△,16,2,１, ,ダ1200,良,,(美),斎藤誠,1126,-0.1,,2,2,38.1,450,+2,
,2019.12.28,中山,5中9,未勝利,未勝利*,7,14,ワセダウォリアー,牡,2,Ｍ．デム, 55 ,16,6,１, ,ダ1800,良,,(美),金成貴史,1555,-0.9,10,1,1,39.3,466,+6,
,2019.12.28,中山,5中9,未勝利,未勝利・牝*,6,12,ヤマタケクララ,牝,2,菅原明良,51▲,16,2,１, ,ダ1200,良,,(美),矢野英一,1127,-0.4,,2,2,38.1,462,+2,
,2019.12.22,中山,5中8,2勝,クリスマ･2勝,3,5,サンノゼテソーロ,牡,3,武豊, 56 ,16,1,１, ,芝1200,良,,(美),田中博康,1095,-0.2,,2,2,35.4,452,0,
,2019.12.22,中山,5中8,Ｇ１,有馬記念G1,3,6,リスグラシュー,牝,5,レーン, 55 ,16,2,１, ,芝2500,良,,(栗),矢作芳人,2305,-0.8,10,11,9,34.7,468,,
,2019.12.22,中山,5中8,3勝,フェアウ･3勝,6,12,ジャスパープリンス,牡,4,松山弘平, 57 ,16,6,１, ,ダ1200,良,,(栗),森秀行,1098,-0.1,,3,3,36.6,482,-8,
,2019.12.22,中山,5中8,2勝,ノエル賞･2勝,2,4,ロフティフレーズ,牝,4,丸山元気, 55 ,16,4,１, ,芝1800,良,,(美),上原博之,1500,-0.0,3,2,2,34.8,470,+2,
,2019.12.22,中山,5中8,2勝,グッドＨ･2勝,8,12,ボスジラ,牡,3,ルメール, 54 ,12,1,１, ,芝2500,良,*,(美),国枝栄,2340,-0.0,5,6,4,35.4,518,+6,
,2019.12.22,中山,5中8,1勝,１勝ｸﾗｽ,1,2,ララロワ,セ,4,木幡巧也, 57 ,16,11,１, ,ダ1800,良,,(美),岩戸孝樹,1552,-0.0,7,8,6,38.1,510,+6,B
,2019.12.22,中山,5中8,1勝,１勝ｸﾗｽ*,8,16,マイネルワルツ,牡,2,菅原明良,52▲,16,5,１, ,ダ1200,良,,(美),矢野英一,1118,-0.0,,1,1,38.3,448,0,
,2019.12.22,中山,5中8,新馬,新馬,1,2,ギベルティ,牡,2,武豊, 55 ,16,3,１, ,芝1600,良,,(美),小島茂之,1378,-0.3,2,1,1,35.2,524,,
,2019.12.22,中山,5中8,新馬,新馬,5,9,アルマセグレート,牝,2,丸山元気, 54 ,16,1,１, ,ダ1200,良,,(美),高柳瑞樹,1143,-0.5,,2,2,38.1,452,,
,2019.12.22,中山,5中8,未勝利,未勝利*,4,8,シベール,牝,2,三浦皇成, 54 ,16,3,１, ,芝1600,良,,(美),久保田貴,1354,-0.0,3,2,2,36.3,454,+14,
,2019.12.22,中山,5中8,未勝利,未勝利*,7,13,ケンシンコウ,牡,2,丸山元気, 55 ,16,2,１, ,ダ1800,良,,(美),小西一男,1558,-0.0,2,1,1,38.6,474,-2,
,2019.12.22,中山,5中8,未勝利,未勝利*,5,8,タイニーベイビー,牡,2,津村明秀, 55 ,15,1,１, ,ダ1200,良,,(美),松山将樹,1125,-0.8,,6,6,37.5,442,+4,
,2019.12.21,中山,5中7,1勝,キャンド･1勝,7,14,ニシノカツナリ,牡,3,マーフィ, 56 ,16,1,１, ,芝1600,良,,(美),水野貴広,1340,-0.5,13,10,7,34.8,476,-2,
,2019.12.21,中山,5中7,3勝,グレイＨ･3勝,2,3,ロサグラウカ,牝,4,丸山元気, 54 ,16,3,１, ,芝2500,良,*,(美),尾関知人,2356,-0.0,1,1,1,35.0,450,0,
,2019.12.21,中山,5中7,ＪＧ１,中山大障JG1,4,7,シングンマイケル,セ,5,金子光希, 63 ,15,2,１, ,芝4100,良,,(美),高市圭二,4389,-0.3,5,2,1,13.6,458,0,
,2019.12.21,中山,5中7,ｵｰﾌﾟﾝ,クリスマ,8,14,ケープコッド,牝,2,ムーア, 55 ,14,1,１, ,芝1200,良,,(美),高柳瑞樹,1089,-0.0,,8,6,34.4,462,-2,
,2019.12.21,中山,5中7,2勝,２勝ｸﾗｽ,3,6,スナークライデン,牡,5,石橋脩, 57 ,16,9,１, ,ダ1200,良,,(栗),川村禎彦,1107,-0.0,,13,10,36.0,480,-6,
,2019.12.21,中山,5中7,1勝,１勝ｸﾗｽ,6,12,サトノテラス,牡,4,北村宏司, 57 ,16,4,１, ,ダ1200,良,,(美),藤沢和雄,1103,-0.6,,3,1,37.2,566,+8,B
,2019.12.21,中山,5中7,新馬,新馬,6,11,キングスバーンズ,牡,2,ムーア, 55 ,15,1,１, ,ダ1800,良,,(美),加藤征弘,1557,-0.3,2,2,1,38.3,520,,
,2019.12.21,中山,5中7,新馬,新馬,6,11,ウインマリリン,牝,2,横山武史, 54 ,16,6,１, ,芝2000,良,,(美),手塚貴久,2040,-0.6,2,2,1,35.4,452,,
,2019.12.21,中山,5中7,未勝利,未勝利*,2,2,ファイブリーフ,牡,2,マーフィ, 55 ,15,1,１, ,ダ1800,良,,(美),岩戸孝樹,1568,-0.3,5,4,3,38.8,504,-2,
,2019.12.21,中山,5中7,未勝利,未勝利*,1,2,ロードオマージュ,牡,2,石川裕紀, 55 ,18,2,１, ,芝2000,良,,(美),尾形和幸,2022,-0.7,1,1,1,35.8,480,0,
,2019.12.21,中山,5中7,未勝利,未勝利*,6,11,ベルウッドネイチャ,牡,2,Ｍ．デム, 55 ,16,1,１, ,ダ1800,良,,(美),伊藤大士,1566,-2.0,1,1,1,40.6,542,+2,
,2019.12.21,中山,5中7,未勝利,未勝利*,1,1,トーアリュウジン,セ,2,柴田善臣, 55 ,16,7,１, ,ダ1200,良,,(美),藤原辰雄,1124,-0.0,,4,3,37.7,482,0,
,2019.12.15,中山,5中6,1勝,１勝ｸﾗｽ,6,12,マイネルステレール,牡,3,丹内祐次, 55 ,18,8,１, ,芝2200,良,,(美),菊川正達,2155,-0.2,2,2,2,35.3,480,+4,
,2019.12.15,中山,5中6,OP(L),ディセン(L),6,11,セダブリランテス,牡,5,石川裕紀, 56 ,16,1,１, ,芝1800,良,,(美),手塚貴久,1473,-0.2,2,2,2,34.6,526,+2,
,2019.12.15,中山,5中6,3勝,北総ＳＨ･3勝,4,5,ゴルトマイスター,牡,3,武藤雅, 55 ,13,1,１, ,ダ1800,良,,(美),手塚貴久,1529,-0.2,6,3,2,37.4,564,0,
,2019.12.15,中山,5中6,2勝,舞浜特別･2勝,6,11,オリオンパッチ,牡,3,田辺裕信, 56 ,16,1,１, ,ダ1200,良,,(美),加藤征弘,1106,-0.0,,4,2,36.6,500,+6,
,2019.12.15,中山,5中6,2勝,２勝ｸﾗｽ・牝,4,8,キャンディスイート,牝,3,横山典弘, 54 ,16,3,１, ,ダ1800,良,,(美),中川公成,1543,-0.0,2,2,2,38.7,462,+8,
,2019.12.15,中山,5中6,1勝,１勝ｸﾗｽ,5,7,ファイトアローン,牡,4,黛弘人, 57 ,14,4,１, ,ダ2500,良,,(美),奥平雅士,2428,-0.2,6,6,4,38.0,538,-12,
,2019.12.15,中山,5中6,新馬,新馬,1,2,クリスタルブラック,牡,2,吉田豊, 55 ,16,3,１, ,芝1800,良,,(美),高橋文雅,1532,-0.2,10,10,7,34.4,472,,
,2019.12.15,中山,5中6,新馬,新馬,1,2,ファンファン,牡,2,北村宏司, 55 ,16,4,１, ,ダ1200,良,*,(美),深山雅史,1135,-0.0,,1,1,38.6,446,,
,2019.12.15,中山,5中6,未勝利,未勝利*,2,4,シングンバズーカ,牡,2,柴田善臣, 55 ,16,1,１, ,芝1600,良,,(美),高市圭二,1355,-0.0,11,11,8,34.7,468,-2,
,2019.12.15,中山,5中6,未勝利,未勝利*,5,9,ネバーゴーンアウト,牡,2,柴田善臣, 55 ,16,12,１, ,芝1200,良,,(美),鹿戸雄一,1095,-0.1,,8,7,35.6,486,-8,
,2019.12.15,中山,5中6,未勝利,未勝利*,4,8,ヴィクトワールボス,牡,2,三浦皇成, 55 ,16,1,１, ,ダ1800,良,,(美),岩戸孝樹,1568,-0.0,6,4,2,40.4,502,0,
,2019.12.15,中山,5中6,未勝利,未勝利・牝*,7,13,スピーニディローザ,牝,2,小林凌大,51▲,16,4,１, ,ダ1200,良,,(美),大江原哲,1139,-0.1,,4,5,39.5,440,+2,
,2019.12.14,中山,5中5,2勝,２勝ｸﾗｽ,6,11,トーセンスーリヤ,牡,4,横山和生, 57 ,16,6,１, ,芝1800,良,,(美),小野次郎,1474,-0.0,2,2,2,35.2,480,+8,
,2019.12.14,中山,5中5,Ｇ３,ターコイＨG3,7,13,コントラチェック,牝,3,ルメール, 54 ,16,3,１, ,芝1600,良,,(美),藤沢和雄,1322,-0.3,1,1,1,34.9,466,+2,
,2019.12.14,中山,5中5,2勝,香取特別･2勝,3,5,エンダウメント,牡,3,ビュイッ, 55 ,16,1,１, ,ダ2400,良,,(栗),角田晃一,2349,-0.3,2,2,2,38.2,498,-2,
,2019.12.14,中山,5中5,1勝,ひいらぎ･1勝,2,2,スマイルカナ,牝,2,柴田大知, 54 ,10,6,１, ,芝1600,良,,(美),高橋祥泰,1348,-0.0,2,1,1,34.4,416,+4,
,2019.12.14,中山,5中5,1勝,１勝ｸﾗｽ,2,3,ルーチェソラーレ,牝,4,大野拓弥, 55 ,16,5,１, ,ダ1200,良,,(美),小笠倫弘,1111,-0.6,,2,1,37.2,492,+2,
,2019.12.14,中山,5中5,未勝利,未勝利*,3,6,ゼノヴァース,牡,2,ルメール, 55 ,17,2,１, ,芝2000,良,,(美),藤沢和雄,2008,-0.4,3,5,3,35.3,462,-2,
,2019.12.14,中山,5中5,新馬,新馬,1,1,カフェファラオ,牡,2,ムーア, 55 ,14,1,１, ,ダ1800,良,,(美),堀宣行,1547,-1.6,1,1,1,37.3,506,,
,2019.12.14,中山,5中5,新馬,新馬,3,5,エーポス,牝,2,池添謙一, 54 ,16,1,１, ,芝1600,良,,(栗),北出成人,1360,-0.3,2,3,3,35.0,462,,
,2019.12.14,中山,5中5,未勝利,未勝利*,5,10,アドマイヤルプス,牡,2,マーフィ, 55 ,16,1,１, ,ダ1800,良,,(美),加藤征弘,1563,-0.2,2,2,2,39.6,550,-2,
,2019.12.14,中山,5中5,未勝利,未勝利*,5,10,インウィクトス,牡,2,マーフィ, 55 ,16,1,１, ,ダ1200,良,,(美),小桧山悟,1123,-0.3,,3,3,37.7,450,+6,
,2019.12.14,中山,5中5,未勝利,未勝利・牝*,4,8,セクシーフェイス,牝,2,ルメール, 54 ,16,5,１, ,ダ1800,良,,(美),大和田成,1562,-0.3,2,1,1,40.0,434,+8,
,2019.12.14,中山,5中5,未勝利,未勝利*,8,15,ピシュマニエ,牝,2,ルメール, 54 ,16,2,１, ,ダ1200,良,,(美),田中清隆,1128,-0.1,,2,2,37.5,454,-2,
,"2019.12. 8",中山,5中4,2勝,２勝ｸﾗｽ,1,2,トゥザフロンティア,牡,4,三浦皇成, 57 ,16,4,１, ,芝1600,良,,(栗),池江泰寿,1343,-0.1,1,1,1,34.6,518,+4,
,"2019.12. 8",中山,5中4,Ｇ３,カペラＳG3,4,7,コパノキッキング,セ,4,藤田菜七, 58 ,16,2,１, ,ダ1200,良,,(栗),村山明,1093,-0.4,,4,4,35.8,484,-1,
,"2019.12. 8",中山,5中4,3勝,常総Ｓ･3勝,1,1,シャドウディーヴァ,牝,3,三浦皇成, 54 ,10,2,１, ,芝1800,良,,(美),斎藤誠,1477,-0.0,4,3,2,35.1,474,0,
,"2019.12. 8",中山,5中4,2勝,チバテレ･2勝,6,12,フィードバック,牡,3,横山典弘, 56 ,16,1,１, ,ダ1800,良,,(美),鈴木伸尋,1531,-0.5,4,4,4,37.2,492,0,
,"2019.12. 8",中山,5中4,1勝,１勝ｸﾗｽ,1,2,レヴァンテ,牡,4,横山典弘, 57 ,16,1,１, ,ダ1200,良,,(美),萩原清,1120,-0.1,,4,4,37.1,482,0,
,"2019.12. 8",中山,5中4,1勝,１勝ｸﾗｽ*,7,13,ヤウガウ,牡,2,横山典弘, 55 ,16,7,１, ,ダ1800,良,,(栗),須貝尚介,1543,-0.1,5,4,3,38.2,480,+24,B
,"2019.12. 8",中山,5中4,新馬,新馬・牝,5,6,ミュアウッズ,牝,2,石橋脩, 54 ,13,1,１, ,ダ1800,良,,(美),尾関知人,1566,-0.6,1,1,1,39.3,586,,
,"2019.12. 8",中山,5中4,新馬,新馬,5,9,インターミッション,牝,2,石川裕紀, 54 ,16,1,１, ,芝1600,良,,(美),手塚貴久,1371,-0.2,2,2,2,35.2,416,,
,"2019.12. 8",中山,5中4,未勝利,未勝利*,8,18,クロスセル,牝,2,丸山元気, 54 ,18,4,１, ,芝2000,稍,,(美),和田正一,2021,-0.0,3,2,2,35.9,524,+16,
,"2019.12. 8",中山,5中4,未勝利,未勝利*,1,2,エレガンテレイナ,牝,2,大野拓弥, 54 ,16,3,１, ,芝1200,稍,,(美),高柳瑞樹,1093,-0.0,,10,7,34.7,432,+10,
,"2019.12. 8",中山,5中4,未勝利,未勝利*,1,2,モルタル,牡,2,Ｍ．デム, 55 ,16,1,１, ,ダ1800,稍,,(美),加藤征弘,1563,-0.7,13,11,11,39.5,480,+4,
,"2019.12. 8",中山,5中4,未勝利,未勝利*,5,9,デルマサファイア,牝,2,菊沢一樹,53☆,16,2,１, ,ダ1200,稍,,(美),菊沢隆徳,1126,-0.6,,7,7,38.2,472,+8,
,"2019.12. 7",中山,5中3,2勝,２勝ｸﾗｽ,5,5,ジャコマル,牡,5,横山和生, 57 ,12,6,１, ,芝2000,稍,,(栗),松永幹夫,2021,-0.1,1,1,1,35.2,464,+2,
,"2019.12. 7",中山,5中3,OP(L),師走ＳＨ(L),6,12,ナムラカメタロー,牡,3,石川裕紀, 54 ,16,3,１, ,ダ1800,稍,,(美),稲垣幸雄,1516,-0.1,4,3,3,38.6,502,+6,
,"2019.12. 7",中山,5中3,3勝,アクアＨ･3勝,4,7,ヒデノヴィーナス,牝,3,荻野琢真, 53 ,16,1,１, ,ダ1200,稍,*,(栗),梅田智之,1099,-0.0,,2,2,37.5,452,0,
,"2019.12. 7",中山,5中3,1勝,黒松賞･1勝*,5,5,デンタルバルーン,牝,2,田辺裕信, 54 ,12,3,１, ,芝1200,稍,,(栗),牧浦充徳,1093,-0.5,,1,1,35.3,456,0,
,"2019.12. 7",中山,5中3,2勝,２勝ｸﾗｽ,3,6,シスル,牝,4,木幡巧也, 55 ,16,2,１, ,ダ1200,稍,,(美),新開幸一,1103,-0.6,,2,1,37.1,512,+4,
,"2019.12. 7",中山,5中3,1勝,１勝ｸﾗｽ,5,9,ティターヌ,牡,3,内田博幸, 56 ,16,5,１, ,ダ1800,稍,,(美),栗田徹,1543,-1.2,1,1,1,38.3,452,0,
,"2019.12. 7",中山,5中3,新馬,新馬,3,6,ヴァルゴスピカ,牝,2,大野拓弥, 54 ,16,4,１, ,ダ1200,稍,*,(美),林徹,1134,-0.4,,3,2,37.6,440,,
,"2019.12. 7",中山,5中3,新馬,新馬,2,3,テルツェット,牝,2,柴山雄一, 54 ,15,2,１, ,芝1800,稍,,(美),和田正一,1509,-0.3,8,7,7,35.1,422,,
,"2019.12. 7",中山,5中3,未勝利,未勝利*,3,6,ヴェンチュラスター,牡,2,Ｍ．デム, 55 ,16,3,１, ,芝1600,稍,,(美),小島茂之,1360,-0.0,8,5,5,36.3,426,0,
,"2019.12. 7",中山,5中3,未勝利,未勝利・牝*,3,5,デジマノハナ,牝,2,横山典弘, 54 ,16,1,１, ,芝1800,稍,,(美),武井亮,1499,-0.3,3,3,3,35.7,478,-2,
,"2019.12. 7",中山,5中3,未勝利,未勝利*,1,2,ニュートンテソーロ,牡,2,大野拓弥, 55 ,16,1,１, ,ダ1800,良,,(美),田中博康,1553,-0.9,6,3,2,38.7,488,+2,
,"2019.12. 7",中山,5中3,未勝利,未勝利*,4,7,エアダンルース,牡,2,三浦皇成, 55 ,16,1,１, ,ダ1200,良,,(美),大竹正博,1124,-0.2,,5,5,38.1,516,+2,
,"2019.12. 1",中山,5中2,2勝,２勝ｸﾗｽ,6,6,カイザーヴェッター,牡,4,丸山元気, 57 ,7,4,１, ,芝2500,良,,(美),黒岩陽一,2355,-0.0,6,5,4,34.7,484,+10,B
,"2019.12. 1",中山,5中2,OP(L),ラピスラ(L),7,7,ナックビーナス,牝,6,田辺裕信, 58 ,9,1,１, ,芝1200,良,,(美),杉浦宏昭,1085,-0.4,,1,1,33.4,534,+8,
,"2019.12. 1",中山,5中2,3勝,市川Ｓ･3勝,6,12,スウィフトレイド,セ,6,石橋脩, 57 ,16,6,１, ,ダ1800,良,,(美),堀宣行,1525,-0.1,14,16,10,37.1,506,+8,
,"2019.12. 1",中山,5中2,3勝,南総ＳＨ･3勝,1,2,マリアズハート,牝,3,大野拓弥, 53 ,16,1,１, ,芝1200,良,,(美),菊沢隆徳,1077,-0.0,,10,7,33.4,490,-4,
,"2019.12. 1",中山,5中2,1勝,１勝ｸﾗｽ・牝,7,12,ブリリアントリリー,牝,4,大野拓弥, 55 ,15,5,１, ,ダ1800,良,,(栗),石坂公一,1555,-0.1,8,5,3,38.5,472,-8,
,"2019.12. 1",中山,5中2,1勝,１勝ｸﾗｽ*,8,12,アイオライト,牡,2,武藤雅,54☆,12,1,１, ,ダ1200,良,,(美),武藤善則,1111,-0.6,,4,4,36.4,480,+4,
,"2019.12. 1",中山,5中2,新馬,新馬・牝,7,14,ニシノステラ,牝,2,野中悠太,53☆,16,4,１, ,ダ1200,良,,(美),小西一男,1138,-0.2,,1,1,37.3,432,,
,"2019.12. 1",中山,5中2,新馬,新馬,4,5,クロスザルビコン,牡,2,田辺裕信, 55 ,13,8,１, ,芝2000,良,,(美),大和田成,2016,-0.2,9,7,4,35.4,444,,
,"2019.12. 1",中山,5中2,未勝利,未勝利*,1,2,クリノプレミアム,牝,2,松岡正海, 54 ,16,1,１, ,芝1600,良,,(美),伊藤伸一,1348,-0.0,2,1,1,35.7,462,0,
,"2019.12. 1",中山,5中2,未勝利,未勝利*,3,6,レッドアダン,牡,2,ビュイッ, 55 ,16,1,１, ,芝1800,良,,(美),尾関知人,1489,-0.2,2,2,2,36.0,456,+4,
,"2019.12. 1",中山,5中2,未勝利,未勝利*,8,16,ポーラーサマー,牡,2,ビュイッ, 55 ,16,1,１, ,ダ1800,良,,(美),田中博康,1560,-0.2,3,2,2,38.4,506,+10,
,"2019.12. 1",中山,5中2,未勝利,未勝利*,6,12,バウンティハンター,牡,2,黛弘人, 55 ,16,4,１, ,ダ1200,良,,(美),藤原辰雄,1125,-0.1,,5,4,37.5,484,-2,
,2019.11.30,中山,5中1,2勝,２勝ｸﾗｽ,1,1,タイセイアベニール,牡,4,ビュイッ, 57 ,15,3,１, ,芝1200,良,,(栗),西村真幸,1078,-0.2,,3,2,33.9,492,+4,
,2019.11.30,中山,5中1,Ｇ２,ステイヤG2,8,12,モンドインテロ,牡,7,ビュイッ, 56 ,13,6,１, ,芝3600,良,,(美),手塚貴久,3461,-0.1,5,4,3,36.0,484,-4,
,2019.11.30,中山,5中1,2勝,鹿島特別･2勝,8,15,クインズラミントン,牡,5,ビュイッ, 57 ,16,1,１, ,ダ1200,良,,(美),池上昌和,1105,-0.0,,7,6,36.2,482,-2,B
,2019.11.30,中山,5中1,1勝,葉牡丹賞･1勝,4,4,グランデマーレ,牡,2,藤岡佑介, 55 ,12,2,１, ,芝2000,良,,(栗),藤岡健一,1589,-0.2,2,2,1,36.0,502,+2,
,2019.11.30,中山,5中1,ｵｰﾌﾟﾝ,イルミネ,4,7,コスモロブロイ,牡,4,草野太郎, 60 ,16,8,１, ,芝3570,良,,(美),伊藤伸一,4003,-0.1,6,4,4,13.5,520,+6,
,2019.11.30,中山,5中1,1勝,１勝ｸﾗｽ,2,3,メールデゾレ,牝,3,武藤雅,53☆,16,1,１, ,ダ1200,稍,,(美),水野貴広,1112,-0.1,,1,1,37.4,460,+4,
,2019.11.30,中山,5中1,新馬,新馬,7,13,シアトルテソーロ,牡,2,マーフィ, 55 ,16,1,１, ,ダ1800,稍,*,(美),栗田徹,1558,-0.0,1,1,1,39.2,490,,
,2019.11.30,中山,5中1,新馬,新馬,4,7,ヤマニンプレシオサ,牝,2,江田照男, 54 ,16,5,１, ,芝1200,良,,(美),星野忍,1101,-0.1,,2,2,35.1,462,,
,2019.11.30,中山,5中1,未勝利,未勝利*,4,8,エコロタイガー,牡,2,菅原明良,52▲,16,1,１, ,ダ1800,稍,*,(美),岩戸孝樹,1569,-0.5,2,2,2,39.1,534,+8,
,2019.11.30,中山,5中1,未勝利,未勝利*,2,4,キングオブドラゴン,牡,2,三浦皇成, 55 ,18,2,１, ,芝2000,良,,(栗),矢作芳人,2021,-0.0,2,2,2,36.4,498,+2,
,2019.11.30,中山,5中1,未勝利,未勝利・牝*,5,9,ヒートライトニング,牝,2,武藤雅,53☆,16,3,１, ,ダ1800,稍,*,(美),堀井雅広,1569,-0.6,1,1,1,39.7,462,+2,
,2019.11.30,中山,5中1,未勝利,未勝利*,2,4,マイネルワルツ,牡,2,菅原明良,52▲,16,1,１, ,ダ1200,稍,,(美),矢野英一,1119,-0.7,,1,1,37.9,448,+6,
,"2019. 9.29",中山,4中9,2勝,鋸山特別･2勝,1,2,フクサンローズ,牝,5,野中悠太, 55 ,16,11,１, ,ダ1800,良,,(美),小西一男,1524,-0.0,4,5,3,36.3,460,+6,
,"2019. 9.29",中山,4中9,Ｇ１,スプリンG1,4,8,タワーオブロンドン,牡,4,ルメール, 57 ,16,2,１, ,芝1200,良,,(美),藤沢和雄,1071,-0.1,,11,8,33.5,514,-2,
,"2019. 9.29",中山,4中9,2勝,勝浦特Ｈ･2勝,4,7,グッドジュエリー,牝,4,丸田恭介, 52 ,16,9,１, ,芝1200,良,,(美),堀井雅広,1084,-0.0,,4,3,33.7,456,+4,
,"2019. 9.29",中山,4中9,1勝,サフラン･1勝,8,9,マルターズディオサ,牝,2,武豊, 54 ,9,4,１, ,芝1600,良,,(美),手塚貴久,1343,-0.0,8,5,4,33.8,440,0,
,"2019. 9.29",中山,4中9,1勝,１勝ｸﾗｽ,1,1,ブラックヘイロー,牡,3,ルメール, 54 ,10,1,１, ,ダ1800,良,,(美),高橋文雅,1530,-0.3,5,5,5,35.9,494,0,
,"2019. 9.29",中山,4中9,1勝,１勝ｸﾗｽ,4,8,ヴィエナブロー,牝,3,藤田菜七,49▲,16,5,１, ,芝2000,良,,(美),林徹,1595,-0.3,1,1,1,34.4,446,-2,
,"2019. 9.29",中山,4中9,1勝,１勝ｸﾗｽ,3,4,ナリノメジャー,牝,5,戸崎圭太, 55 ,14,2,１, ,ダ1200,良,,(美),上原博之,1108,-0.2,,1,1,36.8,480,-4,
,"2019. 9.29",中山,4中9,新馬,新馬,6,10,ポタジェ,牡,2,川田将雅, 54 ,14,1,１, ,芝1800,良,,(栗),友道康夫,1501,-0.2,13,7,8,34.6,450,,
,"2019. 9.29",中山,4中9,新馬,新馬,8,16,ロフティーピーク,牝,2,ルメール, 54 ,16,1,１, ,ダ1200,良,,(栗),武幸四郎,1127,-0.4,,3,3,37.2,486,,
,"2019. 9.29",中山,4中9,未勝利,未勝利*,1,2,ジュエルタワー,牝,2,ルメール, 54 ,16,2,１, ,芝1600,良,,(美),尾形和幸,1350,-0.2,7,3,4,34.7,440,0,
,"2019. 9.29",中山,4中9,未勝利,未勝利*,6,11,クイックレス,牝,2,三浦皇成, 54 ,16,1,１, ,芝1200,良,,(美),中舘英二,1094,-0.2,,2,2,34.8,450,-4,
,"2019. 9.29",中山,4中9,未勝利,未勝利*,8,16,ケイツーキナ,牝,2,木幡育也,52△,16,2,１, ,ダ1800,良,,(美),大江原哲,1565,-0.2,2,2,1,37.9,460,+8,
,"2019. 9.28",中山,4中8,2勝,２勝ｸﾗｽ,1,2,コカボムクイーン,牝,4,中井裕二, 55 ,16,13,１, ,ダ1200,良,,(栗),庄野靖志,1112,-0.0,,11,9,35.3,492,+4,
,"2019. 9.28",中山,4中8,3勝,秋風Ｓ･3勝,3,3,モアナ,牝,5,戸崎圭太, 55 ,12,1,１, ,芝1600,良,,(美),高橋文雅,1329,-0.3,2,3,2,34.2,500,+2,
,"2019. 9.28",中山,4中8,2勝,茨城新聞･2勝,2,2,ヒシヴィクトリー,牡,4,木幡巧也, 57 ,15,6,１, ,芝2000,良,,(美),牧光二,1593,-0.2,4,4,3,34.4,482,-8,
,"2019. 9.28",中山,4中8,ｵｰﾌﾟﾝ,カンナＳ,7,10,アルムブラスト,牡,2,三浦皇成, 54 ,12,2,１, ,芝1200,良,,(美),高橋文雅,1088,-0.1,,7,7,34.3,508,+4,
,"2019. 9.28",中山,4中8,1勝,１勝ｸﾗｽ,6,12,ワディアルヒタン,牝,3,菅原明良,50▲,16,9,１, ,ダ1200,良,,(美),田村康仁,1111,-0.6,,1,1,36.6,442,+2,
,"2019. 9.28",中山,4中8,1勝,１勝ｸﾗｽ・牝,7,11,グログラン,牝,4,武士沢友, 55 ,13,7,１, ,ダ1800,良,,(美),林徹,1519,-0.9,9,7,4,37.0,476,-4,
,"2019. 9.28",中山,4中8,1勝,１勝ｸﾗｽ,7,8,イルジオーネ,牝,3,武藤雅,51☆,10,4,１, ,ダ2400,良,,(美),武藤善則,2357,-0.0,10,9,8,37.7,496,+4,
,"2019. 9.28",中山,4中8,新馬,新馬・牝,1,1,カインドリー,牝,2,石橋脩, 54 ,16,5,１, ,芝1600,良,*,(美),田村康仁,1357,-0.1,1,1,1,34.5,442,,
,"2019. 9.28",中山,4中8,未勝利,障害未勝利,3,3,ホリデーモード,セ,4,伴啓太, 60 ,12,6,１, ,ダ2880,良,,(美),矢野英一,3112,-0.3,4,3,2,13.3,482,-8,
,"2019. 9.28",中山,4中8,新馬,新馬,8,16,キャンディフロス,牝,2,Ｍ．デム, 54 ,16,1,１, ,芝1200,良,,(美),黒岩陽一,1097,-0.2,,2,2,34.7,452,,
,"2019. 9.28",中山,4中8,未勝利,未勝利*,5,8,アマゾーヌ,牝,2,大野拓弥, 54 ,15,4,１, ,芝2000,良,,(美),斎藤誠,2001,-0.4,1,1,1,34.6,464,0,
,"2019. 9.28",中山,4中8,未勝利,未勝利*,6,11,ロジウインド,牡,2,丸山元気, 54 ,16,10,１, ,ダ1200,良,,(美),稲垣幸雄,1130,-0.0,,2,2,38.2,506,+2,
,"2019. 9.22",中山,4中7,2勝,２勝ｸﾗｽ,6,12,アルーアキャロル,セ,6,内田博幸, 57 ,16,1,１, ,ダ1200,良,,(美),新開幸一,1110,-0.1,,5,5,36.6,496,-8,
,"2019. 9.22",中山,4中7,Ｇ２,オールカG2,8,9,スティッフェリオ,牡,5,丸山元気, 56 ,10,4,１, ,芝2200,良,,(栗),音無秀孝,2120,-0.3,1,1,1,34.0,442,0,
,"2019. 9.22",中山,4中7,3勝,内房ＳＨ･3勝,7,12,デザートスネーク,セ,5,三浦皇成, 56 ,15,4,１, ,ダ1800,良,,(美),武井亮,1529,-0.2,2,2,2,37.6,486,0,
,"2019. 9.22",中山,4中7,2勝,２勝ｸﾗｽ,2,4,アシャカトブ,牡,3,武藤雅,53☆,16,3,１, ,ダ1800,良,,(美),小笠倫弘,1530,-0.3,4,3,3,38.1,500,+14,
,"2019. 9.22",中山,4中7,ｵｰﾌﾟﾝ,芙蓉Ｓ,4,4,オーソリティ,牡,2,池添謙一, 54 ,6,1,１, ,芝2000,良,,(美),木村哲也,2029,-0.4,4,3,3,33.8,498,+4,
,"2019. 9.22",中山,4中7,1勝,１勝ｸﾗｽ,2,2,ユナカイト,牝,3,Ｍ．デム, 53 ,15,1,１, ,芝1600,良,,(美),木村哲也,1343,-0.2,4,3,4,33.9,478,+6,
,"2019. 9.22",中山,4中7,1勝,１勝ｸﾗｽ,5,6,シティーオブスター,牡,3,丸山元気, 54 ,13,1,１, ,ダ1800,良,,(美),矢野英一,1548,-0.2,2,2,2,37.6,492,-4,
,"2019. 9.22",中山,4中7,新馬,新馬,7,13,アヌラーダプラ,牝,2,三浦皇成, 54 ,16,1,１, ,芝1600,良,,(美),萩原清,1378,-0.2,3,5,3,34.0,464,,
,"2019. 9.22",中山,4中7,1勝,１勝ｸﾗｽ,6,9,アポロビビ,牡,3,吉田豊, 55 ,13,1,１, ,ダ1200,良,,(美),中舘英二,1108,-0.2,,6,4,36.4,464,+8,
,"2019. 9.22",中山,4中7,未勝利,未勝利*,5,5,レインカルナティオ,牡,2,福永祐一, 54 ,10,1,１, ,芝1800,良,,(美),小西一男,1505,-0.1,7,7,7,34.4,480,0,
,"2019. 9.22",中山,4中7,未勝利,未勝利・牝*,5,7,シュルルヴァン,牝,2,大野拓弥, 54 ,13,1,１, ,芝1200,良,,(美),高木登,1090,-0.1,,10,8,34.4,454,+2,
,"2019. 9.22",中山,4中7,未勝利,未勝利*,6,12,エスニックソング,牝,2,田中勝春, 54 ,16,2,１, ,ダ1200,良,,(美),田中剛,1125,-0.4,,2,2,37.7,472,0,
,"2019. 9.21",中山,4中6,2勝,２勝ｸﾗｽ,4,7,モルフェオルフェ,牝,4,木幡育也,53△,16,5,１, ,芝1600,良,,(美),大江原哲,1329,-0.0,1,1,1,35.3,440,+4,
,"2019. 9.21",中山,4中6,ｵｰﾌﾟﾝ,ながつき,7,13,ゴールドクイーン,牝,4,古川吉洋, 57 ,16,4,１, ,ダ1200,良,,(栗),坂口智康,1090,-0.8,,1,1,36.0,454,0,
,"2019. 9.21",中山,4中6,3勝,セプテＨ･3勝,1,2,エスターテ,牝,4,松岡正海, 52 ,16,5,１, ,芝1200,良,,(美),伊藤伸一,1076,-0.1,,2,2,33.9,422,-4,
,"2019. 9.21",中山,4中6,2勝,九十九里･2勝,4,4,ステイブラビッシモ,牡,6,横山典弘, 57 ,11,3,１, ,芝2500,良,*,(美),久保田貴,2351,-0.0,5,3,3,34.6,470,+10,
,"2019. 9.21",中山,4中6,ｵｰﾌﾟﾝ,清秋ジャ,3,3,ディライトフル,セ,8,白浜雄造, 61 ,14,1,１, ,芝3210,良,,(栗),大久保龍,3356,-0.9,1,1,1,13.4,494,+14,
,"2019. 9.21",中山,4中6,1勝,１勝ｸﾗｽ,2,2,スピアザゴールド,セ,6,菅原明良,54▲,12,4,１, ,ダ1800,良,,(美),久保田貴,1546,-0.4,7,7,5,37.0,496,-2,
,"2019. 9.21",中山,4中6,1勝,１勝ｸﾗｽ,6,9,ヴァイスブリッツ,牡,4,松山弘平, 57 ,13,4,１, ,芝2200,良,,(美),大竹正博,2148,-0.1,2,2,2,34.5,462,-6,
,"2019. 9.21",中山,4中6,新馬,新馬,2,3,エバービクトリアス,牡,2,菅原明良,51▲,15,6,１, ,芝2000,良,,(栗),友道康夫,2050,-0.0,1,1,1,35.2,482,,
,"2019. 9.21",中山,4中6,1勝,１勝ｸﾗｽ,6,9,コウギョウブライト,牡,4,Ｍ．デム, 57 ,14,1,１, ,ダ1200,良,,(美),伊藤大士,1111,-0.2,,2,2,37.4,454,-4,B
,"2019. 9.21",中山,4中6,新馬,新馬,5,10,ロンゴノット,牡,2,戸崎圭太, 54 ,16,1,１, ,ダ1800,良,,(美),高柳瑞樹,1553,-1.5,1,1,1,38.4,480,,
,"2019. 9.21",中山,4中6,未勝利,未勝利*,3,4,グレイトホーン,牡,2,藤田菜七,51▲,14,3,１, ,芝1600,良,,(美),根本康広,1341,-0.3,7,6,4,34.9,478,+12,
,"2019. 9.21",中山,4中6,未勝利,未勝利*,3,6,フェイバリット,牡,2,木幡育也,52△,16,8,１, ,ダ1800,良,,(美),小桧山悟,1560,-0.0,10,7,6,38.0,450,+2,
,"2019. 9.16",中山,4中5,1勝,１勝ｸﾗｽ,2,4,イルヴェントデーア,牝,3,Ｍ．デム, 53 ,16,6,１, ,芝1200,重,,(美),金成貴史,1084,-0.0,,11,11,33.8,444,-2,
,"2019. 9.16",中山,4中5,Ｇ２,セントラG2,4,8,リオンリオン,牡,3,横山典弘, 56 ,18,1,１, ,芝2200,重,,(栗),松永幹夫,2115,-0.3,3,3,3,35.6,486,+12,
,"2019. 9.16",中山,4中5,2勝,エルコン･2勝,1,1,アカネサス,牝,3,池添謙一, 53 ,16,1,１, ,ダ1200,不,,(栗),浅見秀一,1100,-0.2,,2,2,36.6,480,-12,B
,"2019. 9.16",中山,4中5,2勝,白井特別･2勝,4,4,サトノダムゼル,牝,3,Ｍ．デム, 52 ,12,1,１, ,芝1800,重,,(美),堀宣行,1501,-0.0,2,2,2,33.8,448,0,
,"2019. 9.16",中山,4中5,1勝,１勝ｸﾗｽ,6,8,ブランメジェール,牝,5,大野拓弥, 55 ,13,2,１, ,ダ1200,不,,(美),高木登,1106,-0.1,,3,2,36.9,476,-4,
,"2019. 9.16",中山,4中5,1勝,１勝ｸﾗｽ,1,1,フィールオーケー,牡,3,武藤雅,53☆,11,4,１, ,ダ2400,不,,(美),水野貴広,2327,-0.2,10,9,8,38.0,472,-18,B
,"2019. 9.16",中山,4中5,1勝,１勝ｸﾗｽ・牝,3,3,バイザディンプル,牝,3,Ｍ．デム, 52 ,12,3,１, ,ダ1800,不,,(栗),安田隆行,1525,-0.3,4,4,4,37.8,476,+8,
,"2019. 9.16",中山,4中5,新馬,新馬,7,12,ミアマンテ,牝,2,ルメール, 54 ,15,1,１, ,芝1600,重,,(美),木村哲也,1369,-0.5,9,10,8,35.1,418,,
,"2019. 9.16",中山,4中5,未勝利,障害未勝利,5,5,ラテールプロミーズ,セ,6,五十嵐雄, 60 ,10,1,１, ,ダ2880,重,,(美),田村康仁,3193,-0.6,1,1,1,13.8,514,0,
,"2019. 9.16",中山,4中5,未勝利,未勝利*,7,8,コロンドール,牡,2,Ｍ．デム, 54 ,10,1,１, ,芝2000,重,,(美),和田雄二,2028,-0.1,6,6,6,35.5,486,-4,
,"2019. 9.16",中山,4中5,未勝利,未勝利・牝*,3,6,オムニプレゼンス,牝,2,三浦皇成, 54 ,16,3,１, ,芝1600,重,*,(美),国枝栄,1362,-0.0,6,6,6,35.6,438,-4,
,"2019. 9.16",中山,4中5,未勝利,未勝利*,4,6,プリンサン,牝,2,菊沢一樹,53☆,15,6,１, ,ダ1200,不,,(美),伊藤圭三,1130,-0.4,,2,2,39.1,426,+4,
,"2019. 9.15",中山,4中4,2勝,２勝ｸﾗｽ・牝,1,2,ヴィルトファン,牝,3,武藤雅,52☆,16,7,１, ,ダ1200,良,,(美),高柳瑞樹,1105,-0.2,,11,8,36.0,512,+4,
,"2019. 9.15",中山,4中4,ｵｰﾌﾟﾝ,ラジオ日,6,6,ローズプリンスダム,牡,5,Ｍ．デム, 56 ,11,3,１, ,ダ1800,良,,(美),畠山吉宏,1530,-0.3,1,1,1,37.9,470,-2,B
,"2019. 9.15",中山,4中4,2勝,初風特別･2勝,4,8,マリアズハート,牝,3,大野拓弥, 53 ,16,1,１, ,芝1200,良,,(美),菊沢隆徳,1078,-0.1,,12,12,33.4,494,+4,
,"2019. 9.15",中山,4中4,1勝,汐留特別･1勝,4,4,ウィナーポイント,牝,4,横山典弘, 55 ,9,3,１, ,芝2000,良,,(美),和田勇介,1591,-0.1,8,9,6,35.0,424,+6,
,"2019. 9.15",中山,4中4,1勝,１勝ｸﾗｽ・牝,5,8,マローネメタリコ,牝,4,北村宏司, 55 ,14,2,１, ,ダ1200,良,,(美),萩原清,1114,-0.4,,5,4,37.2,510,-6,
,"2019. 9.15",中山,4中4,1勝,１勝ｸﾗｽ,7,11,フィードバック,牡,3,田辺裕信, 54 ,13,1,１, ,ダ1800,良,,(美),鈴木伸尋,1546,-0.0,6,4,4,37.9,496,+4,
,"2019. 9.15",中山,4中4,1勝,１勝ｸﾗｽ,7,13,ブルーハワイアン,牝,4,田中勝春, 55 ,15,9,１, ,ダ1200,良,,(美),田島俊明,1110,-0.2,,1,1,37.2,464,-6,
,"2019. 9.15",中山,4中4,新馬,新馬・牝,4,8,ショウナンハレルヤ,牝,2,三浦皇成, 54 ,16,1,１, ,芝1600,良,,(美),矢野英一,1386,-0.2,2,2,2,34.1,462,,
,"2019. 9.15",中山,4中4,新馬,新馬,3,4,アポロニケ,牝,2,木幡巧也, 54 ,15,1,１, ,芝1200,良,,(美),岩戸孝樹,1095,-0.1,,2,2,35.9,458,,
,"2019. 9.15",中山,4中4,未勝利,未勝利*,7,12,ジェラペッシュ,牝,2,吉田豊, 54 ,15,1,１, ,芝1800,良,,(美),尾関知人,1495,-0.2,1,1,1,35.3,442,-10,
,"2019. 9.15",中山,4中4,未勝利,未勝利*,8,13,アイオライト,牡,2,武藤雅,53☆,13,1,１, ,ダ1200,良,,(美),武藤善則,1119,-1.6,,2,2,37.1,476,+10,
,"2019. 9.15",中山,4中4,未勝利,未勝利*,3,3,コバルトウィング,牡,2,三浦皇成, 54 ,12,1,１, ,ダ1800,良,,(美),萩原清,1559,-0.9,8,3,1,39.1,498,-16,
,"2019. 9.14",中山,4中3,1勝,１勝ｸﾗｽ・牝,5,7,ミディオーサ,牝,3,Ｍ．デム, 52 ,14,2,１, ,芝1800,良,,(美),堀宣行,1477,-0.3,2,2,2,34.5,492,0,
,"2019. 9.14",中山,4中3,3勝,レインボ･3勝,8,11,ブレステイキング,牡,4,ルメール, 57 ,12,1,１, ,芝2000,良,,(美),堀宣行,1584,-0.0,3,3,3,35.1,484,-6,
,"2019. 9.14",中山,4中3,2勝,松戸特Ｈ･2勝,7,8,スターライトブルー,牡,5,吉田豊, 54 ,10,5,１, ,ダ2400,良,,(美),戸田博文,2368,-0.5,1,1,1,37.7,512,-4,
,"2019. 9.14",中山,4中3,1勝,古作特別･1勝,5,10,フォルコメン,牡,3,Ｍ．デム, 55 ,16,2,１, ,芝1600,良,,(美),堀宣行,1326,-0.3,3,4,4,34.3,512,+6,
,"2019. 9.14",中山,4中3,1勝,１勝ｸﾗｽ,8,13,クインズラミントン,牡,5,戸崎圭太, 57 ,13,1,１, ,ダ1200,良,,(美),池上昌和,1107,-0.2,,6,5,36.3,484,0,B
,"2019. 9.14",中山,4中3,1勝,１勝ｸﾗｽ,4,4,エクリリストワール,牡,3,戸崎圭太, 54 ,13,1,１, ,ダ1800,良,,(美),田中博康,1537,-1.0,3,3,2,37.9,524,0,
,"2019. 9.14",中山,4中3,新馬,新馬,3,6,ウィーンソナタ,牝,2,田辺裕信, 54 ,16,2,１, ,ダ1200,良,,(美),伊藤圭三,1131,-0.6,,1,1,38.6,490,,
,"2019. 9.14",中山,4中3,新馬,新馬,4,4,ローレリスト,牡,2,ルメール, 54 ,11,2,１, ,芝1800,良,,(美),中川公成,1525,-0.0,10,10,6,33.9,440,,
,"2019. 9.14",中山,4中3,未勝利,未勝利*,2,4,ハーモニーマゼラン,牡,2,木幡巧也, 54 ,16,2,１, ,芝1600,良,,(美),牧光二,1343,-0.0,2,3,2,35.9,508,0,
,"2019. 9.14",中山,4中3,未勝利,未勝利*,3,5,エリーグランプリ,牝,2,菅原明良,51▲,16,5,１, ,芝1200,良,,(美),武市康男,1096,-0.2,,1,1,35.2,426,-6,
,"2019. 9.14",中山,4中3,未勝利,未勝利*,7,12,キョウエイゴー,牡,2,田辺裕信, 54 ,14,3,１, ,ダ1800,稍,,(美),萱野浩二,1561,-0.7,2,2,2,38.8,496,0,
,"2019. 9.14",中山,4中3,未勝利,未勝利・牝*,6,8,デビルスダンサー,牝,2,藤田菜七,51▲,12,1,１, ,ダ1200,稍,,(美),奥村武,1124,-0.1,,4,4,38.5,428,+6,
,"2019. 9. 8",中山,4中2,2勝,２勝ｸﾗｽ,3,4,リフトトゥヘヴン,牡,5,戸崎圭太, 57 ,15,1,１, ,ダ1800,良,,(美),加藤征弘,1534,-0.1,3,2,2,37.5,488,+2,
,"2019. 9. 8",中山,4中2,Ｇ３,オータムＨG3,5,10,トロワゼトワル,牝,4,横山典弘, 52 ,16,4,１, ,芝1600,良,,(栗),安田隆行,1303,-0.6,1,1,1,34.9,462,-4,
,"2019. 9. 8",中山,4中2,3勝,外房Ｓ･3勝,4,8,レッドアネラ,牝,4,戸崎圭太, 55 ,16,1,１, ,ダ1200,良,,(美),加藤征弘,1098,-0.1,,2,2,36.4,496,+4,
,"2019. 9. 8",中山,4中2,2勝,習志野特･2勝,5,5,サトノエルドール,牡,3,田辺裕信, 54 ,9,1,１, ,芝2000,良,,(美),国枝栄,1596,-0.0,5,4,3,33.7,462,-2,
,"2019. 9. 8",中山,4中2,1勝,１勝ｸﾗｽ,6,6,ブランクエンド,牡,3,田辺裕信, 54 ,10,1,１, ,芝1800,良,,(美),加藤征弘,1471,-0.3,2,2,2,33.8,468,-6,
,"2019. 9. 8",中山,4中2,1勝,１勝ｸﾗｽ,8,16,アゴベイ,牝,3,Ｍ．デム, 53 ,16,1,１, ,芝1200,良,,(美),尾関知人,1072,-0.0,,2,2,34.1,436,-4,
,"2019. 9. 8",中山,4中2,1勝,１勝ｸﾗｽ,6,8,アルマスティング,セ,3,勝浦正樹, 54 ,12,7,１, ,ダ1800,良,,(美),田村康仁,1534,-0.0,7,6,4,38.2,484,-6,
,"2019. 9. 8",中山,4中2,新馬,新馬,5,7,シャインガーネット,牝,2,田辺裕信, 54 ,14,1,１, ,芝1600,良,,(美),栗田徹,1356,-0.0,5,3,2,34.7,452,,
,"2019. 9. 8",中山,4中2,1勝,１勝ｸﾗｽ・牝,2,4,イチゴミルフィーユ,牝,3,伊藤工真, 53 ,16,2,１, ,ダ1200,良,,(美),林徹,1111,-0.2,,5,4,36.9,448,0,
,"2019. 9. 8",中山,4中2,新馬,新馬,2,2,イモータルスモーク,牡,2,Ｍ．デム, 54 ,13,1,１, ,ダ1800,良,,(美),金成貴史,1586,-0.5,1,1,1,39.1,470,,
,"2019. 9. 8",中山,4中2,未勝利,未勝利*,5,5,ルトロヴァイユ,牝,2,吉田豊, 54 ,9,1,１, ,芝2000,良,,(美),竹内正洋,2033,-0.4,2,1,1,34.2,456,+4,
,"2019. 9. 8",中山,4中2,未勝利,未勝利*,3,5,アポロセイラン,牡,2,勝浦正樹, 54 ,15,1,１, ,ダ1200,良,,(美),中舘英二,1134,-0.4,,3,2,38.2,450,0,
,"2019. 9. 7",中山,4中1,1勝,１勝ｸﾗｽ,3,5,グラスボイジャー,牡,3,木幡巧也, 55 ,16,2,１, ,ダ1200,良,,(美),牧光二,1112,-0.2,,1,1,36.9,532,-8,
,"2019. 9. 7",中山,4中1,Ｇ３,紫苑ＳG3,8,15,パッシングスルー,牝,3,戸崎圭太, 54 ,15,2,１, ,芝2000,良,,(美),黒岩陽一,1583,-0.0,3,3,3,33.8,476,+8,
,"2019. 9. 7",中山,4中1,2勝,木更津Ｈ･2勝,1,1,ジョーアラビカ,牡,5,横山典弘, 55 ,11,3,１, ,芝1600,良,,(栗),清水久詞,1321,-0.0,4,4,6,33.6,500,-8,
,"2019. 9. 7",中山,4中1,1勝,アスター･1勝,7,7,サクセッション,牡,2,ルメール, 54 ,9,1,１, ,芝1600,良,,(美),国枝栄,1346,-0.2,2,1,1,33.9,498,+2,
,"2019. 9. 7",中山,4中1,1勝,１勝ｸﾗｽ,6,11,スズカユース,牝,3,菊沢一樹,52☆,16,6,１, ,ダ1200,良,,(美),伊藤圭三,1107,-0.0,,4,3,36.2,450,+2,
,"2019. 9. 7",中山,4中1,1勝,１勝ｸﾗｽ,3,3,エイプリルミスト,牝,5,ルメール, 55 ,8,2,１, ,芝2500,良,,(美),手塚貴久,2350,-0.1,2,2,1,33.8,448,+2,
,"2019. 9. 7",中山,4中1,1勝,１勝ｸﾗｽ,8,8,グリニッジシチー,セ,3,石川裕紀, 54 ,9,2,１, ,ダ1800,良,,(美),相沢郁,1536,-0.4,3,3,2,37.8,466,-14,
,"2019. 9. 7",中山,4中1,新馬,新馬,4,4,ブレッシングレイン,牡,2,ルメール, 54 ,8,1,１, ,芝2000,良,,(美),木村哲也,2023,-0.0,4,4,3,33.6,486,,
,"2019. 9. 7",中山,4中1,未勝利,障害未勝利,1,1,ニーマルサンデー,牡,5,江田勇亮, 60 ,10,1,１, ,ダ2880,良,,(美),田村康仁,3125,-0.4,3,3,2,13.4,478,-4,
,"2019. 9. 7",中山,4中1,1勝,１勝ｸﾗｽ・牝,6,6,キャンディスイート,牝,3,横山典弘, 52 ,8,4,１, ,ダ1800,良,,(美),中川公成,1535,-0.1,3,4,3,37.2,452,0,
,"2019. 9. 7",中山,4中1,未勝利,未勝利*,3,5,フィドル,牝,2,武士沢友, 54 ,16,5,１, ,芝1200,良,,(美),高市圭二,1087,-0.0,,3,3,34.3,414,-4,
,"2019. 9. 7",中山,4中1,未勝利,未勝利*,4,4,シンプルゲーム,牡,2,ルメール, 54 ,11,1,１, ,ダ1800,良,,(美),黒岩陽一,1559,-1.9,3,2,1,39.8,498,0,B
,"2019. 4.14",中山,3中8,1600万,春興ＳＨ1600,1,2,イレイション,牡,7,田辺裕信, 56 ,16,1,１, ,芝1600,良,,(美),池上昌和,1337,-0.0,2,1,1,34.1,500,+6,
,"2019. 4.14",中山,3中8,Ｇ１,皐月賞G1,6,12,サートゥルナーリア,牡,3,ルメール, 57 ,18,1,１, ,芝2000,良,,(栗),角居勝彦,1581,-0.0,7,7,7,34.1,496,-4,
,"2019. 4.14",中山,3中8,OP(L),京葉Ｓ(L),3,6,アポロノシンザン,牡,7,武豊, 57 ,16,6,１, ,ダ1200,良,,(美),鈴木伸尋,1110,-0.1,,1,1,36.1,486,+6,
,"2019. 4.14",中山,3中8,1000万,鹿野山Ｈ1000,3,6,ダンサール,牝,4,川田将雅, 54 ,16,2,１, ,芝2000,良,,(栗),須貝尚介,1594,-0.6,3,3,1,34.3,510,+2,
,"2019. 4.14",中山,3中8,1000万,袖ケ浦特1000,7,10,ハーグリーブス,牡,4,吉田豊, 57 ,12,7,１, ,芝1200,良,,(美),尾関知人,1089,-0.0,,9,7,33.3,516,+10,
,"2019. 4.14",中山,3中8,500万,500万下,8,11,マイネルツァイト,牡,5,柴田大知, 57 ,11,2,１, ,ダ1800,良,,(美),大和田成,1542,-0.5,2,2,1,37.1,506,0,
,"2019. 4.14",中山,3中8,500万,500万下,7,13,ポップシンガー,牝,5,勝浦正樹, 55 ,16,5,１, ,ダ1200,良,,(美),鈴木伸尋,1119,-0.2,,2,2,36.9,466,0,
,"2019. 4.14",中山,3中8,500万,500万下*,2,2,カナシバリ,牝,3,江田照男, 54 ,12,2,１, ,ダ1800,良,,(美),竹内正洋,1543,-0.0,8,8,7,38.1,508,+6,
,"2019. 4.14",中山,3中8,未勝利,未勝利,1,1,ブラッドストーン,牡,3,武豊, 56 ,11,1,１, ,芝2200,良,,(美),小島茂之,2142,-0.3,1,1,1,35.5,466,0,
,"2019. 4.14",中山,3中8,未勝利,未勝利,1,1,オオゾラ,牡,3,石川裕紀, 56 ,14,1,１, ,ダ1800,良,,(美),相沢郁,1554,-0.5,1,1,1,39.1,524,-4,
,"2019. 4.14",中山,3中8,未勝利,未勝利,7,13,ハニーディスタフ,牝,3,戸崎圭太, 54 ,16,3,１, ,ダ1200,良,,(美),伊藤圭三,1135,-0.1,,3,2,37.9,494,+4,B
,"2019. 4.14",中山,3中8,未勝利,未勝利・牝,4,8,キャンディスイート,牝,3,横山典弘, 54 ,16,4,１, ,ダ1800,良,,(美),中川公成,1562,-0.3,2,2,2,38.1,452,+2,
,"2019. 4.13",中山,3中7,1000万,利根川特1000,8,14,レピアーウィット,牡,4,石川裕紀, 57 ,15,11,１, ,ダ1800,良,,(美),堀宣行,1515,-1.7,2,2,1,38.0,540,-4,
,"2019. 4.13",中山,3中7,ＪＧ１,中山グラJG1,5,5,オジュウチョウサン,牡,8,石神深一, 63 ,11,1,１, ,芝4250,良,,(美),和田正一,4476,-0.4,2,2,1,13.5,512,-4,
,"2019. 4.13",中山,3中7,1600万,下総Ｓ1600,5,5,マイネルユキツバキ,牡,4,内田博幸, 57 ,12,1,１, ,ダ1800,良,,(美),高木登,1518,-0.2,1,1,1,36.7,528,0,
,"2019. 4.13",中山,3中7,500万,山藤賞500*,8,10,ギルマ,牡,3,三浦皇成, 56 ,10,3,１, ,芝1800,良,,(栗),高橋義忠,1492,-0.0,8,8,8,34.2,490,+8,
,"2019. 4.13",中山,3中7,500万,500万下,8,14,コーラルプリンセス,牝,5,石川裕紀, 55 ,14,7,１, ,芝1600,良,*,(美),高橋裕,1341,-0.2,9,9,9,34.9,536,-2,
,"2019. 4.13",中山,3中7,500万,500万下・牝,5,5,ミラビリア,牝,4,大野拓弥, 55 ,10,3,１, ,ダ1800,稍,,(美),中舘英二,1551,-0.1,2,1,1,37.9,466,+2,B
,"2019. 4.13",中山,3中7,500万,500万下*,5,5,マリアズハート,牝,3,大野拓弥, 54 ,12,6,１, ,芝1200,良,,(美),菊沢隆徳,1088,-0.1,,6,5,34.3,476,+4,
,"2019. 4.13",中山,3中7,未勝利,未勝利,6,11,チェサピークベイ,牡,3,三浦皇成, 56 ,17,2,１, ,芝2000,良,,(美),戸田博文,2018,-0.3,11,11,6,35.2,484,+6,
,"2019. 4.13",中山,3中7,未勝利,未勝利,5,6,リワードアンヴァル,牡,3,三浦皇成, 56 ,12,1,１, ,ダ1800,稍,,(美),藤原辰雄,1533,-0.9,1,1,1,37.3,496,+2,
,"2019. 4.13",中山,3中7,未勝利,未勝利,1,2,ベアクアウフ,牡,3,三浦皇成, 56 ,16,2,１, ,ダ1200,稍,,(美),清水英克,1127,-0.1,,1,1,37.6,482,-8,
,"2019. 4.13",中山,3中7,未勝利,未勝利,7,10,サクラルーフェン,牡,3,石橋脩, 56 ,12,1,１, ,ダ1800,稍,,(美),尾関知人,1555,-0.5,2,2,1,40.4,452,+6,
,"2019. 4.13",中山,3中7,未勝利,未勝利・牝,4,8,クリスタルアワード,牝,3,三浦皇成, 54 ,16,1,１, ,ダ1200,稍,,(美),伊藤圭三,1122,-0.2,,3,3,37.7,454,+2,
,"2019. 4. 7",中山,3中6,1000万,1000万下,8,15,リモンディ,牡,5,大塚海渡,54▲,16,6,１, ,ダ1200,良,,(美),木村哲也,1113,-0.0,,2,2,37.4,548,+4,
,"2019. 4. 7",中山,3中6,OP(L),春雷ＳＨ(L),7,13,ビップライブリー,牡,6,松岡正海, 55 ,16,8,１, ,芝1200,良,,(栗),清水久詞,1077,-0.0,,2,2,33.8,466,-6,
,"2019. 4. 7",中山,3中6,1000万,隅田川Ｈ1000,4,4,ソロフレーズ,牡,4,江田照男, 55 ,13,3,１, ,芝1600,良,,(美),栗田徹,1335,-0.0,10,11,12,34.0,482,0,
,"2019. 4. 7",中山,3中6,500万,デイジー500*,3,3,アイリスフィール,牝,3,石川裕紀, 54 ,10,1,１, ,芝1800,良,,(美),相沢郁,1483,-0.1,3,3,4,34.2,432,-6,
,"2019. 4. 7",中山,3中6,500万,500万下,2,2,グロンフォール,牡,4,内田博幸, 57 ,11,2,１, ,ダ1800,良,,(美),新開幸一,1546,-0.0,7,1,1,38.1,572,-4,
,"2019. 4. 7",中山,3中6,500万,500万下・牝,3,5,フレッシビレ,牝,4,田辺裕信, 55 ,16,5,１, ,ダ1200,良,,(美),藤原辰雄,1123,-0.1,,14,13,36.4,502,-8,
,"2019. 4. 7",中山,3中6,500万,500万下*,8,14,イッツリット,牡,3,柴山雄一, 56 ,14,5,１, ,ダ1800,良,,(美),和田正一,1549,-0.4,11,2,2,39.3,476,-2,
,"2019. 4. 7",中山,3中6,未勝利,未勝利,3,6,グランツリヒター,牡,3,武藤雅,55☆,16,3,１, ,芝1600,良,,(美),中川公成,1348,-0.3,1,2,2,34.8,490,+2,
,"2019. 4. 7",中山,3中6,未勝利,未勝利・牝,2,3,エレベル,牝,3,田辺裕信, 54 ,15,4,１, ,芝2000,良,,(美),中舘英二,2011,-0.2,7,8,7,35.3,408,-6,
,"2019. 4. 7",中山,3中6,未勝利,未勝利,1,2,ダディフィンガー,牡,3,柴田善臣, 56 ,16,2,１, ,ダ1200,良,,(美),水野貴広,1128,-0.0,,1,1,38.5,496,0,
,"2019. 4. 7",中山,3中6,未勝利,未勝利,5,6,アルデエンブレム,牡,3,国分優作, 56 ,13,9,１, ,ダ1800,良,,(栗),清水久詞,1573,-0.1,5,1,1,39.8,476,-8,
,"2019. 4. 7",中山,3中6,未勝利,未勝利,8,15,ナムラアイアイサー,牡,3,菅原隆一, 56 ,16,1,１, ,ダ1200,良,,(美),武市康男,1124,-0.1,,2,2,37.9,472,+6,
,"2019. 4. 6",中山,3中5,500万,500万下,5,10,サトノブレイズ,牡,4,戸崎圭太, 57 ,16,3,１, ,ダ1200,良,,(美),萩原清,1122,-0.2,,3,3,36.6,496,0,
,"2019. 4. 6",中山,3中5,Ｇ２,ニュージG2,1,1,ワイドファラオ,牡,3,内田博幸, 56 ,15,4,１, ,芝1600,良,,(栗),角居勝彦,1342,-0.0,1,1,1,33.9,512,+12,
,"2019. 4. 6",中山,3中5,1600万,湾岸Ｓ1600,1,1,マイネルファンロン,牡,4,丹内祐次, 57 ,8,3,１, ,芝2200,良,,(美),手塚貴久,2123,-0.2,1,1,1,34.4,470,-6,
,"2019. 4. 6",中山,3中5,1000万,野島崎特1000,8,11,ゴージャスランチ,牝,4,蛯名正義, 55 ,12,2,１, ,芝1800,良,,(美),鹿戸雄一,1477,-0.0,7,5,3,33.8,500,-8,
,"2019. 4. 6",中山,3中5,500万,500万下,2,2,ディスカバー,牡,5,戸崎圭太, 57 ,12,8,１, ,ダ2400,良,,(美),畠山吉宏,2368,-0.1,11,11,6,38.7,472,+4,B
,"2019. 4. 6",中山,3中5,500万,500万下*,1,1,スマートマルシェ,牝,3,大野拓弥, 54 ,16,4,１, ,ダ1200,良,*,(美),加藤征弘,1120,-0.1,,1,1,37.4,478,-6,
,"2019. 4. 6",中山,3中5,未勝利,未勝利,6,8,ローリエテソーロ,牡,3,武藤雅,55☆,13,3,１, ,ダ1800,良,*,(美),高木登,1564,-0.0,11,9,6,39.0,514,-6,
,"2019. 4. 6",中山,3中5,未勝利,未勝利,3,6,ディヴァイン,牡,3,田辺裕信, 56 ,18,3,１, ,芝2000,良,,(美),小西一男,2008,-0.0,7,7,5,36.0,496,-4,
,"2019. 4. 6",中山,3中5,未勝利,未勝利・牝,4,7,エフルラージュ,牝,3,ルメール, 54 ,15,1,１, ,ダ1800,良,,(美),大竹正博,1565,-0.3,1,1,1,38.3,482,+4,
,"2019. 4. 6",中山,3中5,未勝利,未勝利,7,13,アールランペイジ,牡,3,戸崎圭太, 56 ,16,1,１, ,ダ1200,良,,(美),伊藤大士,1125,-0.4,,1,1,38.2,496,+2,
,"2019. 4. 6",中山,3中5,未勝利,未勝利,7,10,コングールテソーロ,牡,3,三浦皇成, 56 ,12,1,１, ,ダ1800,良,,(美),高木登,1573,-0.2,2,2,1,38.5,476,+2,
,"2019. 4. 6",中山,3中5,未勝利,未勝利・牝,4,7,フランシス,牝,3,ルメール, 54 ,16,2,１, ,ダ1200,良,,(美),竹内正洋,1125,-0.0,,4,4,37.9,474,-2,
,"2019. 3.31",中山,3中4,1000万,1000万下,2,3,ハングリーベン,牡,5,丹内祐次, 57 ,16,5,１, ,ダ1200,良,,(美),武井亮,1114,-0.1,,4,3,36.8,446,+2,
,"2019. 3.31",中山,3中4,1600万,船橋Ｓ1600,3,4,ライトオンキュー,牡,4,古川吉洋, 57 ,14,1,１, ,芝1200,良,,(栗),昆貢,1087,-0.2,,5,4,34.2,512,+12,
,"2019. 3.31",中山,3中4,ｵｰﾌﾟﾝ,伏竜Ｓ,8,8,デアフルーグ,牡,3,津村明秀, 56 ,8,1,１, ,ダ1800,良,,(美),鈴木伸尋,1532,-0.2,7,6,6,37.3,504,-2,
,"2019. 3.31",中山,3中4,1000万,安房特Ｈ1000,1,1,マイネルヴンシュ,牡,5,柴田大知,57.5,10,1,１, ,芝2500,良,,(美),水野貴広,2349,-0.3,7,5,4,37.0,462,-10,
,"2019. 3.31",中山,3中4,500万,500万下,5,5,ヒシヴィクトリー,牡,4,木幡巧也,56☆,10,1,１, ,芝2000,良,,(美),牧光二,2024,-0.2,2,2,2,35.0,482,-6,
,"2019. 3.31",中山,3中4,500万,500万下,6,6,グレンマクナス,牡,5,石橋脩, 57 ,10,4,１, ,ダ1800,稍,,(美),牧光二,1539,-1.2,1,1,1,38.1,530,+16,
,"2019. 3.31",中山,3中4,500万,500万下*,8,10,インテンスライト,牡,3,菊沢一樹,54△,10,3,１, ,芝1600,稍,,(美),菊沢隆徳,1350,-0.3,3,2,2,34.7,486,-6,
,"2019. 3.31",中山,3中4,未勝利,未勝利,1,1,フーズサイド,牡,3,武士沢友, 56 ,16,2,１, ,ダ1800,稍,,(美),堀井雅広,1568,-0.0,15,11,8,39.1,466,+4,
,"2019. 3.31",中山,3中4,未勝利,障害未勝利,7,12,メイショウタンヅツ,牡,5,佐久間寛, 60 ,14,2,１, ,ダ2880,稍,,(栗),藤沢則雄,3114,-0.2,6,1,1,13.3,468,-6,
,"2019. 3.31",中山,3中4,未勝利,未勝利,7,13,キープオンゴーイン,牝,3,三浦皇成, 54 ,16,1,１, ,芝1600,稍,,(美),国枝栄,1355,-0.5,2,2,2,35.0,486,-6,
,"2019. 3.31",中山,3中4,未勝利,未勝利,8,15,フォークアート,牝,3,横山武史,53☆,16,2,１, ,ダ1200,稍,,(美),武井亮,1121,-1.5,,1,1,38.0,450,0,
,"2019. 3.31",中山,3中4,未勝利,未勝利・牝,8,15,オイシイナア,牝,3,川又賢治,53☆,16,7,１, ,ダ1800,稍,,(美),本間忍,1558,-1.2,1,1,1,40.5,460,+4,
,"2019. 3.30",中山,3中3,1000万,1000万下,6,12,ロードアクシス,牡,4,和田竜二, 57 ,16,5,１, ,ダ1800,良,,(栗),奥村豊,1532,-0.2,2,2,2,38.8,468,0,
,"2019. 3.30",中山,3中3,Ｇ３,ダービーＨG3,1,2,フィアーノロマーノ,牡,5,川田将雅, 55 ,16,2,１, ,芝1600,良,,(栗),高野友和,1317,-0.0,3,4,3,34.8,540,-4,
,"2019. 3.30",中山,3中3,1000万,千葉日報1000,6,6,カッパツハッチ,牝,4,丸山元気, 55 ,9,1,１, ,芝1200,良,,(美),矢野英一,1084,-0.2,,1,1,34.2,474,+6,
,"2019. 3.30",中山,3中3,500万,山吹賞500*,3,3,カウディーリョ,牡,3,石橋脩, 56 ,8,3,１, ,芝2200,良,*,(美),堀宣行,2144,-0.0,7,7,3,34.1,444,+20,
,"2019. 3.30",中山,3中3,500万,500万下,7,13,レイデマー,牡,4,山田敬士,54▲,15,10,１, ,ダ1200,良,,(美),小桧山悟,1113,-0.3,,1,1,37.0,498,0,
,"2019. 3.30",中山,3中3,500万,500万下,2,2,シャムロック,牡,5,石橋脩, 57 ,13,3,１, ,ダ1800,良,,(美),小笠倫弘,1554,-0.2,5,8,8,37.9,498,-4,
,"2019. 3.30",中山,3中3,500万,500万下*,4,8,ナスノダケ,牡,3,川田将雅, 56 ,16,1,１, ,ダ1200,良,,(美),武井亮,1113,-0.0,,3,3,36.8,504,-6,
,"2019. 3.30",中山,3中3,未勝利,未勝利,1,1,レッドサイオン,牡,3,蛯名正義, 56 ,15,1,１, ,芝2000,良,,(美),藤沢和雄,2025,-0.1,8,7,5,35.1,454,-8,
,"2019. 3.30",中山,3中3,未勝利,未勝利,3,5,ネオブレイブ,牡,3,田辺裕信, 56 ,16,2,１, ,ダ1800,良,,(美),小西一男,1553,-0.0,3,3,2,38.7,484,-6,
,"2019. 3.30",中山,3中3,未勝利,未勝利,1,1,セイクリッドサン,牡,3,武藤雅,55☆,16,1,１, ,ダ1200,良,,(美),武藤善則,1126,-0.5,,4,3,37.8,448,-2,
,"2019. 3.30",中山,3中3,未勝利,未勝利,1,1,ミツカネラクリス,牝,3,横山典弘, 54 ,16,6,１, ,ダ1800,良,,(美),田島俊明,1548,-0.6,1,1,1,39.3,478,-2,
,"2019. 3.30",中山,3中3,未勝利,未勝利・牝,3,6,カッチョエペペ,牝,3,木幡巧也,53☆,16,1,１, ,ダ1200,良,,(美),牧光二,1128,-0.0,,1,2,37.9,436,-4,
,"2019. 3.24",中山,3中2,1000万,1000万下,8,16,シアーライン,牡,6,戸崎圭太, 57 ,16,1,１, ,ダ1200,良,*,(美),中川公成,1115,-0.0,,7,6,36.7,526,0,B
,"2019. 3.24",中山,3中2,Ｇ３,マーチＳＨG3,5,10,サトノティターン,牡,6,石橋脩, 55 ,16,8,１, ,ダ1800,良,,(美),堀宣行,1523,-0.2,12,13,12,36.6,572,0,
,"2019. 3.24",中山,3中2,1600万,美浦Ｓ1600,5,5,クレッシェンドラヴ,牡,5,内田博幸, 57 ,10,4,１, ,芝2000,良,,(美),林徹,2002,-0.0,8,6,6,35.6,488,0,
,"2019. 3.24",中山,3中2,1000万,両国特別1000,6,6,ウインイクシード,牡,5,松岡正海, 57 ,11,1,１, ,芝1800,良,,(美),鈴木伸尋,1499,-0.4,2,2,2,35.8,492,-2,
,"2019. 3.24",中山,3中2,500万,500万下,1,1,アークカンパネラ,牡,4,戸崎圭太, 57 ,15,3,１, ,ダ1800,良,,(美),矢野英一,1559,-0.0,9,8,5,38.8,494,-2,B
,"2019. 3.24",中山,3中2,500万,500万下・牝,7,13,グラスルーナ,牝,4,木幡巧也,54☆,16,3,１, ,ダ1200,良,,(美),杉浦宏昭,1129,-0.2,,5,4,37.8,492,-2,
,"2019. 3.24",中山,3中2,500万,500万下*,8,11,ダディーズマインド,牡,3,宮崎北斗, 56 ,11,5,１, ,芝1800,良,,(美),青木孝文,1517,-0.2,1,1,1,35.0,482,-16,
,"2019. 3.24",中山,3中2,500万,500万下*,4,4,ルマーカーブル,牡,3,三浦皇成, 56 ,10,3,１, ,芝1200,良,,(美),南田美知,1100,-0.1,,1,1,35.0,520,+4,
,"2019. 3.24",中山,3中2,未勝利,未勝利,5,8,レオ,牡,3,三浦皇成, 56 ,15,2,１, ,芝2200,良,,(美),伊藤大士,2154,-0.2,11,10,6,36.2,522,-2,
,"2019. 3.24",中山,3中2,未勝利,未勝利,1,2,オルクリスト,牡,3,戸崎圭太, 56 ,16,2,１, ,ダ1200,良,,(美),杉浦宏昭,1136,-0.3,,14,12,37.1,466,-4,
,"2019. 3.24",中山,3中2,未勝利,未勝利,5,10,ベンガラグンジョウ,牡,3,田辺裕信, 56 ,16,1,１, ,ダ1800,良,,(美),伊藤大士,1563,-0.0,5,3,2,38.1,520,-8,
,"2019. 3.24",中山,3中2,未勝利,未勝利・牝,3,5,ヤンチャプリヒメ,牝,3,内田博幸, 54 ,16,4,１, ,ダ1200,良,,(美),浅野洋一,1138,-0.0,,12,7,38.2,430,-6,
,"2019. 3.23",中山,3中1,1000万,1000万下,6,6,オメガドラクロワ,牡,5,石橋脩, 57 ,10,3,１, ,ダ2400,稍,,(美),堀宣行,2376,-0.3,3,3,2,36.8,464,+10,
,"2019. 3.23",中山,3中1,Ｇ２,日経賞G2,1,1,メイショウテッコン,牡,4,武豊, 55 ,12,3,１, ,芝2500,稍,,(栗),高橋義忠,2342,-0.2,1,1,1,35.4,510,+2,
,"2019. 3.23",中山,3中1,1600万,春風Ｓ1600,7,13,アシャカダイキ,牝,5,松岡正海, 55 ,15,10,１, ,ダ1200,稍,,(美),鈴木伸尋,1106,-0.1,,12,11,35.8,494,+8,
,"2019. 3.23",中山,3中1,500万,ミモザ賞500*,7,7,エアジーン,牝,3,石橋脩, 54 ,9,3,１, ,芝2000,稍,,(美),堀宣行,2021,-0.0,4,3,3,36.1,448,-6,
,"2019. 3.23",中山,3中1,ｵｰﾌﾟﾝ,ペガサス,3,3,マイネルプロンプト,セ,7,森一馬, 60 ,11,2,１, ,芝3350,稍,,(栗),坂口智康,3432,-0.4,3,2,2,13.3,476,-12,
,"2019. 3.23",中山,3中1,500万,500万下,5,10,ジェットコルサ,牡,7,戸崎圭太, 57 ,16,4,１, ,ダ1200,良,,(美),金成貴史,1112,-0.2,,5,5,36.6,486,+10,
,"2019. 3.23",中山,3中1,500万,500万下*,8,15,ハヤヤッコ,牡,3,武豊, 56 ,16,2,１, ,ダ1800,良,,(美),国枝栄,1543,-0.6,5,4,2,38.2,468,-2,
,"2019. 3.23",中山,3中1,未勝利,未勝利,1,1,アルママ,牡,3,柴田大知, 56 ,16,2,１, ,芝1800,良,,(美),畠山吉宏,1507,-0.0,1,3,2,35.6,438,-4,
,"2019. 3.23",中山,3中1,未勝利,未勝利,3,5,スイートセント,牝,3,Ｍ．デム, 54 ,16,1,１, ,芝1600,良,,(美),栗田徹,1357,-0.2,1,2,2,35.8,440,0,
,"2019. 3.23",中山,3中1,未勝利,未勝利,2,3,アイヅリュウコ,牡,3,杉原誠人, 56 ,16,3,１, ,ダ1800,良,,(美),小笠倫弘,1564,-0.4,13,11,7,38.9,470,-2,
,"2019. 3.23",中山,3中1,未勝利,未勝利,8,16,アミュリオン,牡,3,松岡正海, 56 ,16,2,１, ,ダ1200,良,,(美),藤原辰雄,1128,-0.1,,5,5,37.8,458,-2,
,"2019. 3.23",中山,3中1,未勝利,未勝利・牝,4,8,ペイシャキュウ,牝,3,野中悠太,52△,16,6,１, ,ダ1800,良,*,(美),蛯名利弘,1566,-0.8,5,7,1,38.3,410,0,
,"2019. 3.17",中山,2中8,1000万,1000万下,7,13,グッドラックサマー,牡,5,野中悠太,55△,15,1,１, ,ダ1800,良,,(美),尾形和幸,1534,-0.1,3,2,2,38.9,550,-2,
,"2019. 3.17",中山,2中8,Ｇ２,スプリンG2,5,9,エメラルファイト,牡,3,石川裕紀, 56 ,16,10,１, ,芝1800,良,,(美),相沢郁,1478,-0.0,7,7,4,34.9,454,+6,
,"2019. 3.17",中山,2中8,ｵｰﾌﾟﾝ,千葉ＳＨ,8,15,シュウジ,牡,6,三浦皇成, 57 ,16,4,１, ,ダ1200,良,,(栗),須貝尚介,1103,-0.2,,2,2,35.9,508,+10,
,"2019. 3.17",中山,2中8,1600万,幕張Ｓ1600,4,4,ショウナンライズ,牡,6,三浦皇成, 57 ,10,6,１, ,芝1600,良,,(美),上原博之,1336,-0.0,1,1,1,34.8,472,-8,
,"2019. 3.17",中山,2中8,500万,500万下,6,8,ダイワメモリー,牝,4,内田博幸, 55 ,13,7,１, ,芝2000,良,,(美),国枝栄,2000,-0.0,7,6,2,35.1,476,-6,
,"2019. 3.17",中山,2中8,500万,500万下,5,9,スーパーアキラ,牡,4,田辺裕信, 57 ,16,3,１, ,ダ1200,良,,(美),矢野英一,1122,-0.3,,11,11,36.3,510,0,
,"2019. 3.17",中山,2中8,500万,500万下*,8,13,セリユーズ,牝,3,川田将雅, 54 ,13,1,１, ,芝1600,良,,(美),国枝栄,1349,-0.5,8,8,6,34.5,504,-10,
,"2019. 3.17",中山,2中8,未勝利,未勝利・牝,4,7,シングフォーユー,牝,3,石橋脩, 54 ,16,1,１, ,芝1800,良,,(美),牧光二,1491,-0.6,1,1,1,34.9,446,-4,
,"2019. 3.17",中山,2中8,未勝利,未勝利,4,5,ホウオウトゥルース,牡,3,大野拓弥, 56 ,14,5,１, ,ダ1800,良,,(美),高木登,1562,-0.1,1,1,1,37.7,478,-2,
,"2019. 3.17",中山,2中8,未勝利,未勝利,5,9,グラスボイジャー,牡,3,木幡巧也,55☆,16,2,１, ,ダ1200,良,,(美),牧光二,1127,-0.9,,1,1,37.3,532,-2,
,"2019. 3.17",中山,2中8,未勝利,未勝利,3,3,マテリアルワールド,牡,3,木幡育也,53▲,14,6,１, ,ダ1800,良,,(美),中川公成,1558,-0.9,1,1,1,38.1,506,0,
,"2019. 3.17",中山,2中8,未勝利,未勝利・牝,7,13,タイムリメンバード,牝,3,嘉藤貴行, 54 ,15,7,１, ,ダ1800,良,,(美),大和田成,1573,-0.2,7,5,5,39.8,466,-2,
,"2019. 3.16",中山,2中7,500万,500万下,3,3,トミケンボハテル,牡,5,三浦皇成, 57 ,14,4,１, ,ダ1800,良,,(美),武市康男,1540,-0.8,1,1,1,38.5,498,+14,B
,"2019. 3.16",中山,2中7,Ｇ３,フラワーG3,4,4,コントラチェック,牝,3,丸山元気, 54 ,13,2,１, ,芝1800,良,,(美),藤沢和雄,1474,-0.4,1,1,1,34.9,466,0,
,"2019. 3.16",中山,2中7,1600万,韓国馬事1600,6,12,ゴライアス,牡,4,浜中俊, 57 ,16,2,１, ,ダ1800,良,*,(美),高木登,1530,-0.1,1,1,1,37.6,504,+4,
,"2019. 3.16",中山,2中7,1000万,鎌ケ谷特1000,8,10,インスピレーション,牡,4,横山典弘, 57 ,10,1,１, ,芝1600,良,,(栗),昆貢,1350,-0.2,8,5,3,33.7,482,-4,
,"2019. 3.16",中山,2中7,1000万,1000万下・牝,8,8,ハナレイムーン,牝,5,Ｍ．デム, 55 ,8,3,１, ,芝2000,良,,(美),堀宣行,2022,-0.0,7,6,6,34.4,440,+10,
,"2019. 3.16",中山,2中7,500万,500万下*,1,1,ハルサカエ,牝,3,藤田菜七,51▲,16,2,１, ,ダ1200,良,,(美),大竹正博,1115,-0.0,,3,3,37.5,498,+8,
,"2019. 3.16",中山,2中7,未勝利,未勝利,1,2,マイネルステレール,牡,3,野中悠太,54△,16,4,１, ,芝2000,良,*,(美),菊川正達,2028,-0.0,1,1,1,35.7,468,+4,
,"2019. 3.16",中山,2中7,未勝利,未勝利,8,15,グレルグリーン,牡,3,大野拓弥, 56 ,16,2,１, ,芝1600,良,,(美),相沢郁,1352,-0.3,11,11,10,35.5,442,-4,
,"2019. 3.16",中山,2中7,新馬,新馬,5,9,ブラックヘイロー,牡,3,丸山元気, 56 ,16,6,１, ,ダ1800,良,,(美),高橋文雅,1564,-0.8,7,2,2,39.2,508,,
,"2019. 3.16",中山,2中7,未勝利,未勝利,2,4,ケイアイビリジアン,牡,3,大野拓弥, 56 ,16,1,１, ,ダ1200,良,,(美),奥平雅士,1124,-0.0,,4,3,37.1,504,0,
,"2019. 3.16",中山,2中7,未勝利,未勝利,5,6,ゴールデンウェル,牡,3,Ｍ．デム, 56 ,12,1,１, ,ダ1800,良,,(美),奥村武,1566,-0.0,7,3,2,39.8,470,-2,
,"2019. 3.16",中山,2中7,未勝利,未勝利・牝,8,16,ステイホット,牝,3,Ｍ．デム, 54 ,16,1,１, ,ダ1200,良,,(美),杉浦宏昭,1127,-0.3,,2,2,38.2,464,-10,
,"2019. 3.10",中山,2中6,1000万,1000万下,4,8,ブラックランナー,牡,5,三浦皇成, 57 ,16,1,１, ,ダ1200,良,,(栗),鈴木孝志,1117,-0.2,,3,4,36.7,464,-6,
,"2019. 3.10",中山,2中6,OP(L),アネモネ(L),6,12,ルガールカルム,牝,3,三浦皇成, 54 ,16,2,１, ,芝1600,良,,(美),田村康仁,1344,-0.1,4,4,2,35.0,460,-2,
,"2019. 3.10",中山,2中6,OP(L),東風Ｓ(L),4,6,ジョーストリクトリ,牡,5,松岡正海, 56 ,14,12,１, ,芝1600,良,,(栗),清水久詞,1342,-0.0,3,3,3,34.5,504,-10,
,"2019. 3.10",中山,2中6,1000万,館山特別1000,8,11,イェッツト,牡,4,蛯名正義, 57 ,11,1,１, ,芝2000,良,,(美),金成貴史,2006,-0.0,8,8,6,35.0,480,-4,
,"2019. 3.10",中山,2中6,500万,500万下,3,4,ハルカノテソーロ,牡,5,武藤雅,56☆,14,9,１, ,ダ1800,良,,(美),高木登,1547,-0.1,14,9,5,37.6,518,-4,
,"2019. 3.10",中山,2中6,500万,500万下,6,11,アストロローグ,セ,4,野中悠太,55△,16,1,１, ,ダ1200,良,,(美),武井亮,1119,-0.1,,3,3,37.4,494,+2,
,"2019. 3.10",中山,2中6,500万,500万下*,8,10,ザダル,牡,3,田辺裕信, 56 ,10,5,１, ,芝2000,良,,(美),大竹正博,2012,-0.0,5,6,4,34.8,484,-2,
,"2019. 3.10",中山,2中6,未勝利,未勝利,4,7,スマイル,牡,3,ミナリク, 56 ,16,2,１, ,芝2200,良,,(美),堀宣行,2157,-0.1,12,10,12,35.1,526,,
,"2019. 3.10",中山,2中6,未勝利,障害未勝利,8,12,セガールフォンテン,牡,9,江田勇亮, 60 ,12,2,１, ,ダ2880,良,,(美),石毛善彦,3147,-0.0,4,5,4,13.5,502,+16,
,"2019. 3.10",中山,2中6,未勝利,未勝利,5,6,クリスタロス,牡,3,田辺裕信, 56 ,13,1,１, ,ダ1800,稍,,(美),大江原哲,1567,-0.6,1,1,1,39.2,480,-4,
,"2019. 3.10",中山,2中6,未勝利,未勝利,1,1,トモジャドット,牡,3,津村明秀, 56 ,16,5,１, ,ダ1200,稍,,(美),小笠倫弘,1120,-0.4,,1,1,37.6,532,-2,B
,"2019. 3.10",中山,2中6,未勝利,未勝利・牝,1,1,ボンドロール,牝,3,江田照男, 54 ,16,3,１, ,ダ1800,稍,,(美),矢野英一,1568,-0.1,4,4,3,38.9,458,+2,
,"2019. 3. 9",中山,2中5,1000万,1000万下,6,11,ジュンスターホース,牡,5,戸崎圭太, 57 ,16,5,１, ,ダ1800,稍,,(美),高柳瑞樹,1537,-0.0,16,16,16,37.6,478,+10,B
,"2019. 3. 9",中山,2中5,Ｇ３,中山牝馬ＨG3,5,7,フロンテアクイーン,牝,6,三浦皇成, 54 ,14,5,１, ,芝1800,良,,(美),国枝栄,1477,-0.0,8,6,5,35.0,480,+6,
,"2019. 3. 9",中山,2中5,1600万,サンシＨ1600,7,9,パリンジェネシス,牡,5,川田将雅, 55 ,12,3,１, ,芝2500,良,,(栗),清水久詞,2357,-0.3,1,1,1,34.4,518,-6,
,"2019. 3. 9",中山,2中5,1000万,房総特別1000,5,10,シャドウノエル,牝,4,川田将雅, 55 ,16,4,１, ,芝1200,良,,(栗),角居勝彦,1091,-0.0,,2,2,34.7,466,-14,
,"2019. 3. 9",中山,2中5,500万,500万下・牝,3,5,プロミネンス,牝,4,武藤雅,54☆,16,10,１, ,ダ1200,稍,,(美),小島茂之,1120,-0.3,,10,10,36.0,456,+4,
,"2019. 3. 9",中山,2中5,500万,500万下*,4,4,ダイシンインディー,牡,3,川田将雅, 56 ,10,4,１, ,ダ1800,稍,,(美),戸田博文,1538,-0.1,1,1,1,39.3,528,+4,
,"2019. 3. 9",中山,2中5,500万,500万下*,2,2,ホープフルサイン,牡,3,江田照男, 56 ,15,13,１, ,芝1200,良,,(美),本間忍,1097,-0.0,,5,8,35.0,494,-3,
,"2019. 3. 9",中山,2中5,未勝利,未勝利,3,5,ランペドゥーザ,牝,3,江田照男, 54 ,16,6,１, ,芝1800,良,,(美),高市圭二,1497,-0.3,7,6,5,34.7,472,0,
,"2019. 3. 9",中山,2中5,新馬,新馬,4,7,アルカイクスマイル,牝,3,柴田善臣, 54 ,16,5,１, ,ダ1800,重,,(美),高木登,1554,-0.6,1,1,1,39.4,520,,
,"2019. 3. 9",中山,2中5,未勝利,未勝利,2,4,クイーンズテイスト,牝,3,菊沢一樹,52△,16,5,１, ,ダ1200,重,,(美),菊沢隆徳,1126,-0.9,,1,1,37.3,464,-4,
,"2019. 3. 9",中山,2中5,未勝利,未勝利,7,12,イッツリット,牡,3,戸崎圭太, 56 ,15,2,１, ,ダ1800,重,,(美),和田正一,1555,-0.2,2,2,2,37.8,478,-6,
,"2019. 3. 9",中山,2中5,未勝利,未勝利・牝,2,4,アロハブリーズ,牝,3,三浦皇成, 54 ,16,1,１, ,ダ1200,重,,(美),鹿戸雄一,1122,-0.4,,2,2,37.6,460,0,
,"2019. 3. 3",中山,2中4,1000万,1000万下,7,14,アンノートル,牡,5,津村明秀, 57 ,16,3,１, ,芝1600,重,,(美),田中博康,1359,-0.2,7,8,4,35.4,506,-2,
,"2019. 3. 3",中山,2中4,Ｇ２,弥生賞G2,8,10,メイショウテンゲン,牡,3,池添謙一, 56 ,10,8,１, ,芝2000,重,,(栗),池添兼雄,2033,-0.2,6,4,5,36.7,458,-8,
,"2019. 3. 3",中山,2中4,ｵｰﾌﾟﾝ,総武Ｓ,6,10,マイネルオフィール,牡,7,柴田大知, 56 ,14,14,１, ,ダ1800,重,,(栗),飯田雄三,1522,-0.0,2,6,4,37.9,512,-10,
,"2019. 3. 3",中山,2中4,1600万,スピカＳ1600,2,2,アーバンキッド,牡,6,ミナリク, 57 ,9,2,１, ,芝1800,重,,(美),斎藤誠,1508,-0.2,3,3,3,36.3,488,0,
,"2019. 3. 3",中山,2中4,500万,500万下,5,9,ハーモニーライズ,牡,4,大野拓弥, 57 ,16,3,１, ,ダ1200,重,,(美),土田稔,1111,-0.2,,6,5,37.0,502,+4,
,"2019. 3. 3",中山,2中4,500万,500万下,8,16,ミラクルヒッター,牡,4,田中勝春, 56 ,16,8,１, ,ダ2400,重,,(美),菊川正達,2372,-0.4,14,13,13,38.3,500,+2,
,"2019. 3. 3",中山,2中4,未勝利,未勝利,4,8,エターナルヴィテス,牡,3,田中勝春, 56 ,16,2,１, ,芝2000,稍,,(美),松山将樹,2055,-0.1,4,5,5,37.5,470,+4,
,"2019. 3. 3",中山,2中4,未勝利,未勝利,3,6,コスモミローディア,牡,3,津村明秀, 56 ,16,7,１, ,芝1600,稍,,(美),清水英克,1357,-0.3,1,1,1,36.4,458,+2,
,"2019. 3. 3",中山,2中4,500万,500万下*,6,6,マドラスチェック,牝,3,ミナリク, 54 ,11,2,１, ,ダ1800,稍,,(美),斎藤誠,1543,-0.2,1,1,1,37.9,502,0,
,"2019. 3. 3",中山,2中4,新馬,新馬,3,5,ワイメアバレイ,牝,3,野中悠太,52△,16,5,１, ,ダ1200,稍,,(美),金成貴史,1132,-0.2,,4,4,38.4,468,,
,"2019. 3. 3",中山,2中4,未勝利,未勝利・牝,3,5,レトロフィット,牝,3,戸崎圭太, 54 ,16,1,１, ,ダ1800,稍,*,(美),伊藤圭三,1574,-0.4,6,6,5,39.5,488,0,
,"2019. 3. 3",中山,2中4,未勝利,未勝利,5,9,ブラックアウト,牡,3,戸崎圭太, 56 ,16,2,１, ,ダ1200,稍,,(美),岩戸孝樹,1127,-0.0,,5,4,38.5,470,-4,
,"2019. 3. 2",中山,2中3,1000万,1000万下,2,4,テーオージーニアス,牡,4,浜中俊, 57 ,16,1,１, ,ダ1200,稍,,(栗),梅田智之,1106,-0.2,,9,8,35.8,496,-2,
,"2019. 3. 2",中山,2中3,Ｇ３,オーシャG3,7,14,モズスーパーフレア,牝,4,ルメール, 54 ,16,1,１, ,芝1200,良,,(栗),音無秀孝,1071,-0.2,,1,1,34.8,486,-2,
,"2019. 3. 2",中山,2中3,1600万,上総ＳＨ1600,3,4,エイシンセラード,牝,4,大野拓弥, 53 ,14,5,１, ,ダ1800,稍,,(栗),今野貞一,1521,-0.1,2,2,2,37.3,510,-5,
,"2019. 3. 2",中山,2中3,500万,500万下,6,11,レオアルティメット,牡,4,江田照男, 57 ,16,3,１, ,ダ1800,稍,,(美),牧光二,1541,-0.1,1,1,1,38.7,542,+6,
,"2019. 3. 2",中山,2中3,1000万,潮来特別1000,5,5,ノチェブランカ,牝,4,Ｍ．デム, 54 ,7,2,１, ,芝2500,良,,(美),国枝栄,2348,-0.2,4,4,4,35.7,454,-6,
,"2019. 3. 2",中山,2中3,500万,500万下*,8,14,フォッサマグナ,牡,3,ルメール, 56 ,15,1,１, ,芝1600,良,,(美),藤沢和雄,1345,-0.4,3,3,2,35.1,474,+6,
,"2019. 3. 2",中山,2中3,未勝利,未勝利・牝,2,3,シャワークライム,牝,3,Ｍ．デム, 54 ,16,1,１, ,芝1800,良,*,(美),田中剛,1489,-0.1,14,14,6,35.1,430,0,
,"2019. 3. 2",中山,2中3,新馬,新馬,7,13,ハートトゥハート,牝,3,ルメール, 54 ,16,1,１, ,ダ1800,稍,,(美),国枝栄,1595,-0.6,2,2,2,40.0,546,,
,"2019. 3. 2",中山,2中3,未勝利,障害未勝利,3,4,パリカラノテガミ,牡,8,五十嵐雄, 60 ,14,3,１, ,ダ2880,稍,*,(美),清水英克,3142,-0.4,1,1,1,13.5,462,+2,
,"2019. 3. 2",中山,2中3,未勝利,未勝利,1,2,オンザウェイ,牡,3,石橋脩, 56 ,16,2,１, ,ダ1800,稍,,(美),大和田成,1554,-0.4,2,1,1,38.9,514,-10,
,"2019. 3. 2",中山,2中3,未勝利,未勝利,8,16,カーンテソーロ,牡,3,田辺裕信, 56 ,16,2,１, ,ダ1200,稍,,(美),竹内正洋,1121,-0.2,,8,4,37.9,482,-4,
,"2019. 3. 2",中山,2中3,未勝利,未勝利,2,3,カフェプリンス,牡,3,田辺裕信, 56 ,16,4,１, ,ダ1800,稍,,(美),中舘英二,1562,-0.3,1,1,1,41.1,506,0,
,"2019. 2.24",中山,2中2,1000万,1000万下,2,3,ノーフィアー,牡,5,三浦皇成, 57 ,16,4,１, ,ダ1200,良,,(美),佐藤吉勝,1112,-0.1,,4,3,36.4,502,-2,
,"2019. 2.24",中山,2中2,Ｇ２,中山記念G2,1,1,ウインブライト,牡,5,松岡正海, 57 ,11,5,１, ,芝1800,良,,(美),畠山吉宏,1455,-0.0,4,4,4,33.7,492,+2,
,"2019. 2.24",中山,2中2,1600万,ブラッド1600,3,5,ブラックジョー,セ,6,ブロンデ, 57 ,16,15,１, ,ダ1200,良,,(栗),安達昭夫,1113,-0.1,,12,11,36.1,462,-2,
,"2019. 2.24",中山,2中2,500万,黄梅賞500*,2,2,レノーア,牝,3,石川裕紀, 54 ,11,6,１, ,芝1600,良,,(美),相沢郁,1345,-0.1,3,3,4,34.4,402,-2,
,"2019. 2.24",中山,2中2,500万,500万下,8,16,アルーフクライ,牡,5,ルメール, 57 ,16,1,１, ,ダ1800,良,,(美),宗像義忠,1547,-0.4,8,6,3,38.1,490,-2,
,"2019. 2.24",中山,2中2,500万,500万下,3,5,テンワールドレイナ,牝,4,Ｍ．デム, 55 ,16,1,１, ,芝1600,良,,(美),矢野英一,1336,-0.3,13,9,4,34.3,474,+2,
,"2019. 2.24",中山,2中2,500万,500万下・牝*,5,5,ウィクトーリア,牝,3,ルメール, 54 ,12,2,１, ,芝1800,良,,(美),小島茂之,1479,-0.3,1,1,1,34.6,470,+12,
,"2019. 2.24",中山,2中2,未勝利,未勝利,3,6,キタノインパクト,牡,3,ルメール, 56 ,16,1,１, ,芝2200,良,,(美),藤沢和雄,2134,-0.6,4,3,3,34.3,494,-6,
,"2019. 2.24",中山,2中2,新馬,新馬,4,7,アッシャムス,牝,3,三浦皇成, 54 ,16,1,１, ,ダ1200,良,,(美),武井亮,1146,-0.1,,2,2,38.3,484,,
,"2019. 2.24",中山,2中2,未勝利,未勝利,2,4,グリニッジシチー,牡,3,石川裕紀, 56 ,16,10,１, ,ダ1800,良,,(美),相沢郁,1570,-0.5,2,2,2,38.8,480,-4,
,"2019. 2.24",中山,2中2,未勝利,未勝利,3,5,ザディファレンス,牡,3,野中悠太,54△,16,8,１, ,ダ1200,良,,(美),相沢郁,1123,-0.2,,6,4,37.1,480,+28,
,"2019. 2.24",中山,2中2,未勝利,未勝利・牝,7,14,ロジカルガール,牝,3,田辺裕信, 54 ,16,3,１, ,ダ1800,良,,(美),大和田成,1567,-0.0,5,5,2,39.5,452,-2,
,"2019. 2.23",中山,2中1,1000万,1000万下,6,10,マイネルユキツバキ,牡,4,内田博幸, 56 ,15,3,１, ,ダ1800,良,,(美),高木登,1535,-0.1,4,4,4,38.5,528,+2,
,"2019. 2.23",中山,2中1,1600万,アクアＨ1600,6,7,エメラルエナジー,牡,7,津村明秀, 53 ,12,9,１, ,芝1200,良,,(美),相沢郁,1081,-0.0,,6,4,33.9,512,+4,B
,"2019. 2.23",中山,2中1,1000万,富里特Ｈ1000,8,15,ジナンボー,牡,4,Ｍ．デム, 55 ,16,1,１, ,芝1800,良,,(美),堀宣行,1472,-0.1,3,3,3,34.4,476,-2,
,"2019. 2.23",中山,2中1,500万,水仙賞500*,6,6,アドマイヤスコール,牡,3,Ｍ．デム, 56 ,11,1,１, ,芝2200,良,,(美),加藤征弘,2125,-0.1,6,5,5,36.3,480,+2,
,"2019. 2.23",中山,2中1,ｵｰﾌﾟﾝ,春麗ジャ,5,6,トラスト,牡,5,熊沢重文, 60 ,13,1,１, ,ダ3200,良,,(栗),中村均,3335,-2.0,2,1,1,13.3,496,+8,
,"2019. 2.23",中山,2中1,500万,500万下,3,5,サリネロ,牝,5,ブロンデ, 55 ,16,4,１, ,ダ1200,良,,(美),中川公成,1121,-0.0,,1,1,38.5,522,+14,B
,"2019. 2.23",中山,2中1,新馬,新馬,4,7,パラダイスリーフ,牡,3,石橋脩, 56 ,16,1,１, ,芝2000,良,,(美),木村哲也,2034,-0.2,3,2,2,36.1,498,,
,"2019. 2.23",中山,2中1,未勝利,未勝利,5,9,サトノフォース,牡,3,Ｍ．デム, 56 ,16,2,１, ,芝1800,良,,(美),藤沢和雄,1474,-0.5,7,5,5,34.9,444,-8,
,"2019. 2.23",中山,2中1,500万,500万下*,4,7,ジャパンスウェプト,牡,3,戸崎圭太, 56 ,16,1,１, ,ダ1200,良,,(美),古賀慎明,1117,-0.1,,14,11,36.6,432,-6,
,"2019. 2.23",中山,2中1,未勝利,未勝利,6,11,スマートマルシェ,牝,3,Ｍ．デム, 54 ,16,1,１, ,ダ1200,良,,(美),加藤征弘,1121,-0.5,,1,1,37.6,484,+2,
,"2019. 2.23",中山,2中1,未勝利,未勝利,8,16,ブリッツェンシチー,牡,3,北村宏司, 56 ,16,3,１, ,ダ1800,良,,(美),古賀慎明,1575,-0.2,12,7,4,40.1,528,+30,
,"2019. 2.23",中山,2中1,未勝利,未勝利・牝,4,7,ディレット,牝,3,柴田善臣, 54 ,16,3,１, ,ダ1200,良,,(美),大江原哲,1128,-0.3,,2,2,38.1,474,-2,
,"2019. 1.20",中山,1中7,1000万,1000万下・牝,7,7,ダノングレース,牝,4,三浦皇成, 54 ,10,3,１, ,芝1800,良,,(美),国枝栄,1495,-0.2,6,5,5,34.0,432,+4,
,"2019. 1.20",中山,1中7,Ｇ２,アメリカG2,7,8,シャケトラ,牡,6,石橋脩, 56 ,11,7,１, ,芝2200,良,,(栗),角居勝彦,2137,-0.0,5,4,3,34.2,522,+2,
,"2019. 1.20",中山,1中7,1600万,アレキサ1600,7,7,アナザートゥルース,セ,5,ルメール, 57 ,9,1,１, ,ダ1800,良,,(美),高木登,1538,-0.0,3,3,2,38.7,482,-4,
,"2019. 1.20",中山,1中7,500万,菜の花賞500*,4,4,コントラチェック,牝,3,ルメール, 54 ,9,1,１, ,芝1600,良,,(美),藤沢和雄,1338,-0.5,1,1,1,35.5,466,-2,
,"2019. 1.20",中山,1中7,1000万,1000万下,7,14,エニグマ,牡,5,マーフィ, 57 ,16,1,１, ,ダ1200,良,,(美),高橋文雅,1110,-0.2,,2,2,37.0,500,+4,
,"2019. 1.20",中山,1中7,500万,500万下,8,16,グラスブルース,牡,5,木幡巧也,56☆,16,7,１, ,ダ1800,良,,(美),牧光二,1548,-0.3,3,2,2,39.0,526,+8,B
,"2019. 1.20",中山,1中7,新馬,新馬,7,14,ミッキーフォンテン,牝,3,菊沢一樹,52△,16,3,１, ,芝1600,良,,(美),菊沢隆徳,1360,-0.1,7,8,5,36.2,410,,
,"2019. 1.20",中山,1中7,未勝利,未勝利,8,15,レオンドーロ,牝,3,柴田大知, 54 ,16,3,１, ,芝2000,良,,(美),栗田博憲,2025,-0.0,3,2,2,35.6,450,0,
,"2019. 1.20",中山,1中7,新馬,新馬,8,15,ヘッドオブステート,牡,3,田辺裕信, 56 ,16,7,１, ,ダ1800,良,,(美),大竹正博,1569,-1.1,9,6,1,39.1,486,,
,"2019. 1.20",中山,1中7,未勝利,未勝利,4,8,トピアリスト,牝,3,三浦皇成, 54 ,16,3,１, ,ダ1200,良,,(美),高柳瑞樹,1134,-0.2,,9,10,38.0,440,+6,
,"2019. 1.20",中山,1中7,未勝利,未勝利,7,14,グッバイガール,牝,3,大野拓弥, 54 ,16,4,１, ,ダ1800,良,,(美),杉浦宏昭,1576,-0.4,2,2,2,39.4,492,+4,
,"2019. 1.20",中山,1中7,未勝利,未勝利・牝,6,12,シゲルアコヤガイ,牝,3,武藤雅,53☆,16,5,１, ,ダ1200,良,,(美),水野貴広,1135,-0.0,,8,6,38.3,430,0,
,"2019. 1.19",中山,1中6,1000万,1000万下,8,15,ボーダーオブライフ,牡,5,横山典弘, 57 ,16,9,１, ,芝1600,良,,(美),金成貴史,1346,-0.1,13,12,14,34.2,494,+10,
,"2019. 1.19",中山,1中6,1600万,初富士Ｓ1600,5,8,レッドローゼス,牡,5,マーフィ, 57 ,14,1,１, ,芝1800,良,,(美),国枝栄,1486,-0.2,5,4,4,34.1,490,+6,
,"2019. 1.19",中山,1中6,1000万,初茜賞Ｈ1000,1,1,ゴライアス,牡,4,マーフィ, 55 ,14,1,１, ,ダ1800,良,,(美),高木登,1537,-0.2,1,1,1,38.8,500,+4,
,"2019. 1.19",中山,1中6,500万,若竹賞500*,4,4,ヒシイグアス,牡,3,ミナリク, 56 ,8,1,１, ,芝1800,良,,(美),堀宣行,1504,-0.0,1,1,1,34.7,498,+8,
,"2019. 1.19",中山,1中6,500万,500万下,3,6,シゲルベンガルトラ,牡,5,横山典弘, 57 ,16,1,１, ,ダ1200,良,,(美),和田勇介,1122,-0.0,,5,6,37.1,480,+2,
,"2019. 1.19",中山,1中6,500万,500万下,7,14,サトノシャーク,牡,5,マーフィ, 57 ,16,6,１, ,芝2200,良,,(美),田中博康,2141,-0.1,13,10,8,35.9,530,+10,B
,"2019. 1.19",中山,1中6,500万,500万下*,8,14,ロンドンテソーロ,牡,3,三浦皇成, 56 ,14,5,１, ,ダ1200,良,*,(美),武井亮,1113,-0.6,,3,2,37.5,490,+6,
,"2019. 1.19",中山,1中6,未勝利,未勝利,5,10,アトラクティヴ,牝,3,Ｍ．デム, 54 ,16,2,１, ,芝1600,良,,(美),奥村武,1354,-0.0,6,4,5,36.4,426,,
,"2019. 1.19",中山,1中6,新馬,新馬・牝,8,15,アヴォンリー,牝,3,野中悠太,51▲,16,2,１, ,ダ1200,良,,(美),竹内正洋,1128,-0.2,,1,1,38.3,454,,
,"2019. 1.19",中山,1中6,未勝利,未勝利,5,10,ウイニングメイビー,牡,3,三浦皇成, 56 ,16,1,１, ,ダ1800,良,,(美),柴田政人,1582,-0.6,1,1,1,39.5,466,+2,B
,"2019. 1.19",中山,1中6,未勝利,未勝利,5,10,フラテルニテ,牝,3,武藤雅,53☆,16,2,１, ,ダ1800,良,,(美),戸田博文,1580,-0.3,2,2,1,41.1,492,0,
,"2019. 1.19",中山,1中6,未勝利,未勝利,5,10,メールデゾレ,牝,3,武藤雅,53☆,16,2,１, ,ダ1200,良,,(美),水野貴広,1129,-0.4,,1,1,38.6,458,-10,
,"2019. 1.14",中山,1中5,1000万,1000万下,7,13,クインズサリナ,牝,5,石川裕紀, 55 ,16,11,１, ,芝1200,良,,(栗),西村真幸,1082,-0.1,,7,6,34.7,456,+2,
,"2019. 1.14",中山,1中5,Ｇ３,京成杯G3,6,7,ラストドラフト,牡,3,ルメール, 56 ,12,4,１, ,芝2000,良,,(美),戸田博文,2012,-0.2,2,2,1,35.3,456,+2,
,"2019. 1.14",中山,1中5,ｵｰﾌﾟﾝ,ジャニュ,2,3,ホウショウナウ,牡,4,Ｍ．デム, 55 ,15,1,１, ,ダ1200,良,,(栗),河内洋,1101,-0.2,,14,12,35.5,508,+2,
,"2019. 1.14",中山,1中5,1000万,初凪賞1000,6,10,ベディヴィア,牡,5,戸崎圭太, 57 ,14,6,１, ,ダ1800,良,,(栗),野中賢二,1546,-0.0,12,10,8,38.3,468,-2,
,"2019. 1.14",中山,1中5,500万,500万下,8,16,ノーザンクリス,牡,4,ミナリク, 56 ,16,10,１, ,ダ1200,良,,(美),加藤征弘,1124,-0.0,,8,7,37.5,518,+2,
,"2019. 1.14",中山,1中5,500万,500万下*,7,14,ブリングイットオン,牝,3,柴田大知, 54 ,16,10,１, ,芝1200,良,,(栗),宮徹,1092,-0.0,,8,8,34.7,422,-6,
,"2019. 1.14",中山,1中5,500万,500万下,6,11,ダウンザライン,牡,5,横山典弘, 57 ,16,6,１, ,ダ1800,良,,(美),小野次郎,1554,-0.6,12,13,10,38.8,480,+4,
,"2019. 1.14",中山,1中5,未勝利,未勝利・牝,8,16,ミモザイエロー,牝,3,マーフィ, 54 ,16,3,１, ,芝1600,良,,(美),戸田博文,1343,-0.3,5,5,3,35.8,448,+2,
,"2019. 1.14",中山,1中5,新馬,新馬,1,1,マリアズハート,牝,3,大野拓弥, 54 ,16,3,１, ,ダ1200,良,,(美),菊沢隆徳,1138,-0.0,,1,1,39.3,472,,
,"2019. 1.14",中山,1中5,未勝利,未勝利,6,11,ユキノヴェルデ,牡,3,戸崎圭太, 56 ,16,3,１, ,ダ1800,良,,(美),和田正一,1582,-0.2,1,1,1,40.6,502,+2,
,"2019. 1.14",中山,1中5,未勝利,未勝利・牝,7,14,アラゴネーゼ,牝,3,ルメール, 54 ,16,1,１, ,ダ1800,良,,(美),和田正一,1579,-0.0,1,1,1,41.3,464,-8,
,"2019. 1.14",中山,1中5,未勝利,未勝利,5,10,パイロジェン,牡,3,内田博幸, 56 ,16,1,１, ,ダ1200,良,,(美),伊藤圭三,1134,-0.1,,2,2,39.5,458,+6,
,"2019. 1.13",中山,1中4,1000万,1000万下,6,8,センテリュオ,牝,4,ルメール, 54 ,13,1,１, ,芝2200,良,,(栗),高野友和,2140,-0.2,4,4,3,35.5,450,-10,
,"2019. 1.13",中山,1中4,OP(L),ニューイ(L),5,7,ドーヴァー,牡,6,田辺裕信, 56 ,14,3,１, ,芝1600,良,,(美),伊藤圭三,1324,-0.5,8,8,7,34.6,506,+8,
,"2019. 1.13",中山,1中4,1600万,サンライ1600,6,11,カイザーメランジェ,牡,4,ルメール, 56 ,16,1,１, ,芝1200,良,,(美),中野栄治,1080,-0.4,,6,6,34.5,472,0,
,"2019. 1.13",中山,1中4,500万,黒竹賞500*,6,12,デアフルーグ,牡,3,津村明秀, 56 ,16,1,１, ,ダ1800,良,,(美),鈴木伸尋,1543,-0.8,13,6,4,38.5,506,+8,
,"2019. 1.13",中山,1中4,1000万,1000万下,8,15,フランシスコダイゴ,牡,4,マーフィ, 56 ,16,1,１, ,ダ1200,良,,(美),武市康男,1112,-0.2,,2,2,37.2,468,-12,
,"2019. 1.13",中山,1中4,500万,500万下,6,11,ワイルドゲーム,牡,6,丸山元気, 57 ,16,2,１, ,ダ2400,良,,(美),石栗龍彦,2390,-0.4,12,6,1,38.9,500,0,B
,"2019. 1.13",中山,1中4,未勝利,未勝利,2,3,ブルーアガヴェ,牡,3,マーフィ, 56 ,16,3,１, ,芝1600,良,,(美),奥村武,1355,-0.1,8,6,4,35.3,444,+4,
,"2019. 1.13",中山,1中4,500万,500万下,5,10,トッカータ,牡,4,武藤雅,55☆,16,12,１, ,ダ1200,良,,(美),和田雄二,1120,-0.0,,14,13,36.6,480,+4,
,"2019. 1.13",中山,1中4,未勝利,障害未勝利,8,12,メドウラーク,牡,8,北沢伸也, 60 ,13,1,１, ,ダ2880,良,,(栗),橋田満,3133,-1.1,1,1,1,13.4,500,+12,
,"2019. 1.13",中山,1中4,新馬,新馬・牝,7,13,フラッシングジェム,牝,3,ルメール, 54 ,16,1,１, ,ダ1800,良,,(美),大和田成,1590,-0.5,5,4,4,40.0,480,,
,"2019. 1.13",中山,1中4,未勝利,未勝利,7,14,ジュンアサヒダケ,牡,3,戸崎圭太, 56 ,16,3,１, ,ダ1800,良,,(美),高柳瑞樹,1572,-0.0,6,4,3,38.6,502,+10,
,"2019. 1.13",中山,1中4,未勝利,未勝利,5,10,ビートマジック,牡,3,大野拓弥, 56 ,16,3,１, ,ダ1200,良,,(美),栗田徹,1136,-0.2,,1,1,38.8,476,+6,
,"2019. 1.12",中山,1中3,500万,500万下,1,2,シセイヒテン,牡,4,丸山元気, 56 ,16,4,１, ,芝1600,良,,(美),宗像義忠,1347,-0.2,7,9,9,34.5,448,+6,
,"2019. 1.12",中山,1中3,Ｇ３,フェアリG3,1,1,フィリアプーラ,牝,3,丸山元気, 54 ,16,3,１, ,芝1600,良,,(美),菊沢隆徳,1360,-0.0,13,11,10,34.5,436,-2,
,"2019. 1.12",中山,1中3,1600万,初春ＳＨ1600,3,6,モアニケアラ,牝,7,横山典弘, 52 ,16,11,１, ,ダ1200,良,,(栗),松永幹夫,1109,-0.1,,12,10,35.9,464,-2,
,"2019. 1.12",中山,1中3,1000万,成田特別1000,3,3,ミッキーポジション,牡,4,横山典弘, 56 ,13,1,１, ,ダ2400,良,,(美),菊沢隆徳,2369,-0.1,7,3,2,38.0,502,+2,
,"2019. 1.12",中山,1中3,ｵｰﾌﾟﾝ,中山新春,5,8,シークレットパス,牡,8,石神深一, 60 ,14,2,１, ,ダ3200,良,,(美),尾形和幸,3340,-0.0,1,1,1,13.4,474,+6,
,"2019. 1.12",中山,1中3,500万,500万下・牝,6,11,プリエンプト,牝,5,ミナリク, 55 ,16,5,１, ,ダ1800,良,,(美),斎藤誠,1551,-0.0,3,3,2,39.1,490,+14,
,"2019. 1.12",中山,1中3,新馬,新馬,2,4,ザダル,牡,3,石橋脩, 56 ,16,7,１, ,芝1600,良,*,(美),大竹正博,1374,-0.0,1,1,1,34.8,486,,
,"2019. 1.12",中山,1中3,未勝利,未勝利,1,2,サンアップルトン,牡,3,黛弘人, 56 ,16,6,１, ,芝2200,良,,(美),中野栄治,2162,-0.2,2,5,4,35.7,464,-4,
,"2019. 1.12",中山,1中3,新馬,新馬,2,4,ナガレボシトリキシ,牡,3,原田和真, 56 ,16,12,１, ,ダ1800,良,,(美),中野栄治,1584,-0.0,1,1,1,38.9,498,,
,"2019. 1.12",中山,1中3,未勝利,未勝利,4,8,ワディアルヒタン,牝,3,石川裕紀, 54 ,16,3,１, ,ダ1200,良,,(美),田村康仁,1126,-0.1,,1,1,37.7,440,0,
,"2019. 1.12",中山,1中3,未勝利,未勝利,4,7,マジェスティゲート,牡,3,大野拓弥, 56 ,16,1,１, ,ダ1800,良,,(美),高柳瑞樹,1575,-0.3,3,2,2,39.6,478,+6,
,"2019. 1.12",中山,1中3,未勝利,未勝利・牝,1,1,シゲルスピネル,牝,3,江田照男, 54 ,16,1,１, ,ダ1200,良,,(美),和田勇介,1136,-0.0,,1,1,39.2,446,+2,
,"2019. 1. 6",中山,1中2,1000万,1000万下,7,10,ゴールドギア,牡,4,三浦皇成, 56 ,12,2,１, ,芝2000,良,,(美),伊藤圭三,2010,-0.0,11,11,9,34.2,482,+4,
,"2019. 1. 6",中山,1中2,ｵｰﾌﾟﾝ,ポルック,5,6,テーオーエナジー,牡,4,岩田康誠, 56 ,13,1,１, ,ダ1800,良,,(栗),宮徹,1533,-0.7,2,1,1,37.0,508,+2,
,"2019. 1. 6",中山,1中2,OP(L),ジュニア(L),8,10,ヴァッシュモン,牡,3,田辺裕信, 56 ,10,3,１, ,芝1600,良,,(美),栗田徹,1338,-0.0,4,4,4,35.5,454,+10,
,"2019. 1. 6",中山,1中2,1600万,迎春Ｓ1600,8,12,ウラヌスチャーム,牝,4,マーフィ, 54 ,12,1,１, ,芝2200,良,,(美),斎藤誠,2141,-0.0,7,7,6,34.3,500,+10,
,"2019. 1. 6",中山,1中2,1000万,1000万下,8,15,サイドチェンジ,牡,5,ミナリク, 57 ,16,4,１, ,ダ1800,良,*,(美),池上昌和,1539,-0.3,2,2,2,37.8,520,+2,B
,"2019. 1. 6",中山,1中2,500万,500万下,5,10,イェッツト,牡,4,蛯名正義, 56 ,16,1,１, ,芝2000,良,,(美),金成貴史,2013,-0.2,4,4,4,34.7,484,+8,
,"2019. 1. 6",中山,1中2,500万,500万下,6,12,アメイズミー,牡,5,菱田裕二, 57 ,16,7,１, ,ダ1200,良,*,(美),栗田博憲,1116,-0.0,,7,5,36.7,466,0,
,"2019. 1. 6",中山,1中2,未勝利,未勝利,6,12,グロオルロージュ,牡,3,内田博幸, 56 ,16,10,１, ,芝2000,良,,(美),斎藤誠,2023,-0.3,5,5,3,35.7,454,+4,
,"2019. 1. 6",中山,1中2,未勝利,障害未勝利,4,6,シゲルピーマン,セ,4,石神深一, 59 ,14,1,１, ,ダ2880,良,,(美),粕谷昌央,3118,-2.0,7,3,3,13.3,478,+6,
,"2019. 1. 6",中山,1中2,新馬,新馬,2,3,アンダープロミス,牡,3,ミナリク, 56 ,16,1,１, ,ダ1800,良,,(美),萩原清,1584,-0.0,5,4,4,39.8,492,,
,"2019. 1. 6",中山,1中2,未勝利,未勝利,8,16,セイヴァリアント,牡,3,三浦皇成, 56 ,16,3,１, ,ダ1800,良,,(美),中川公成,1574,-0.0,10,6,4,38.6,490,+8,
,"2019. 1. 6",中山,1中2,未勝利,未勝利,6,12,ヴィルトファン,牝,3,三浦皇成, 54 ,16,3,１, ,ダ1200,良,*,(美),高柳瑞樹,1124,-0.4,,4,4,37.5,516,+2,
,"2019. 1. 5",中山,1中1,1000万,1000万下,1,1,イレイション,牡,7,田辺裕信, 57 ,15,4,１, ,芝1600,良,,(美),池上昌和,1328,-0.6,4,3,4,35.0,506,-2,
,"2019. 1. 5",中山,1中1,Ｇ３,中山金杯ＨG3,6,11,ウインブライト,牡,5,松岡正海, 58 ,16,3,１, ,芝2000,良,,(美),畠山吉宏,1592,-0.1,8,9,7,34.9,490,+12,
,"2019. 1. 5",中山,1中1,ｵｰﾌﾟﾝ,カーバン,6,12,モズスーパーフレア,牝,4,武豊, 53 ,16,1,１, ,芝1200,良,,(栗),音無秀孝,1070,-0.2,,1,1,34.2,488,+8,
,"2019. 1. 5",中山,1中1,1600万,招福ＳＨ1600,7,13,キクノルア,牡,5,藤岡佑介, 55 ,15,3,１, ,ダ1800,良,*,(栗),奥村豊,1520,-0.1,1,1,1,37.3,524,+8,B
,"2019. 1. 5",中山,1中1,1000万,1000万下,2,3,ジャスパープリンス,牡,4,武豊, 56 ,16,2,１, ,ダ1200,良,,(栗),森秀行,1106,-0.4,,1,1,36.8,478,+4,
,"2019. 1. 5",中山,1中1,500万,500万下,7,14,サトノディード,牡,4,マーフィ, 56 ,16,2,１, ,ダ1800,良,*,(美),国枝栄,1543,-0.0,3,4,5,38.4,506,+8,
,"2019. 1. 5",中山,1中1,500万,500万下*,3,3,エングレーバー,牡,3,藤岡佑介, 56 ,12,5,１, ,芝2000,良,,(栗),中内田充,2024,-0.2,4,3,2,34.8,456,+6,
,"2019. 1. 5",中山,1中1,新馬,新馬,4,8,ヒシゲッコウ,牡,3,石橋脩, 56 ,16,2,１, ,芝2000,良,,(美),堀宣行,2024,-0.3,10,9,7,35.1,484,,
,"2019. 1. 5",中山,1中1,新馬,新馬,6,12,アイルチャーム,牝,3,武藤雅,53☆,16,7,１, ,ダ1200,良,,(美),田島俊明,1136,-0.0,,2,2,38.2,450,,
,"2019. 1. 5",中山,1中1,未勝利,未勝利,1,2,アシャカトブ,牡,3,武藤雅,55☆,16,1,１, ,ダ1800,良,,(美),小笠倫弘,1558,-0.1,5,8,5,38.9,502,+6,
,"2019. 1. 5",中山,1中1,未勝利,未勝利・牝,4,8,アンジェリーブル,牝,3,三浦皇成, 54 ,16,9,１, ,ダ1800,良,,(美),藤原辰雄,1555,-0.6,1,1,1,40.0,442,+8,
,"2019. 1. 5",中山,1中1,未勝利,未勝利,5,9,サニークラウド,牡,3,マーフィ, 56 ,16,2,１, ,ダ1200,良,,(美),牧光二,1129,-0.1,,2,1,38.5,500,+14,
,2018.12.28,中山,5中9,1000万,ベストＨ1000,2,3,レジーナドーロ,牝,3,Ｍ．デム, 53 ,16,2,１, ,芝1600,良,,(美),堀宣行,1352,-0.0,14,15,16,34.4,452,+10,
,2018.12.28,中山,5中9,Ｇ１,ホープフG1,4,5,サートゥルナーリア,牡,2,Ｍ．デム, 55 ,13,1,１, ,芝2000,良,*,(栗),中竹和也,2016,-0.2,2,3,4,35.3,500,+12,
,2018.12.28,中山,5中9,1600万,立志Ｓ1600,2,4,アンデスクイーン,牝,4,ルメール, 55 ,16,4,１, ,ダ1800,良,,(栗),西園正都,1532,-0.2,8,8,7,38.9,494,-6,
,2018.12.28,中山,5中9,1000万,ヤングジ1000,7,12,ロードゴラッソ,牡,3,松木大地, 56 ,14,4,１, ,ダ1800,良,,(栗),藤岡健一,1534,-0.2,5,5,6,40.2,468,+4,
,2018.12.28,中山,5中9,500万,500万下,1,1,レッドアネラ,牝,3,ルメール, 54 ,16,1,１, ,ダ1200,良,,(美),加藤征弘,1113,-0.4,,1,1,38.4,496,+10,
,2018.12.28,中山,5中9,500万,ヤングジ500,5,7,プレシャスブルー,牡,4,服部寿希, 57 ,14,1,１, ,芝2000,良,,(美),相沢郁,2020,-0.2,13,7,4,35.8,438,+10,
,2018.12.28,中山,5中9,新馬,新馬,5,9,マイヨブラン,牡,2,ルメール, 55 ,16,1,１, ,ダ1200,良,,(美),加藤征弘,1134,-0.3,,4,4,38.5,558,,
,2018.12.28,中山,5中9,新馬,新馬,1,2,ジュピターズライト,牡,2,丸山元気, 55 ,18,6,１, ,芝2000,良,,(美),金成貴史,2050,-0.0,6,8,7,35.3,454,,
,2018.12.28,中山,5中9,未勝利,未勝利*,3,5,シュバルツバルト,牡,2,ルメール, 55 ,16,1,１, ,ダ1800,良,,(美),加藤征弘,1559,-0.2,9,5,4,39.9,500,+12,
,2018.12.28,中山,5中9,未勝利,未勝利*,3,5,ハーメティキスト,牡,2,マーフィ, 55 ,16,2,１, ,芝1800,良,,(美),木村哲也,1492,-0.4,15,7,3,35.3,446,-6,
,2018.12.28,中山,5中9,未勝利,未勝利・牝*,2,4,プレステッツァ,牝,2,Ｃ．デム, 54 ,16,4,１, ,ダ1800,良,,(美),矢野英一,1555,-2.0,1,1,1,38.9,480,+4,
,2018.12.28,中山,5中9,未勝利,未勝利*,6,12,ナスノダケ,牡,2,マーフィ, 55 ,16,1,１, ,ダ1200,良,,(美),武井亮,1116,-1.2,,1,1,36.9,512,0,
,2018.12.23,中山,5中8,1000万,クリスマ1000,3,6,スワーヴアーサー,牡,5,ルメール, 57 ,16,1,１, ,芝1200,稍,,(栗),庄野靖志,1093,-0.1,,12,14,34.6,492,-8,
,2018.12.23,中山,5中8,Ｇ１,有馬記念G1,4,8,ブラストワンピース,牡,3,池添謙一, 55 ,16,3,１, ,芝2500,稍,,(美),大竹正博,2322,-0.0,6,7,4,35.7,534,+4,
,2018.12.23,中山,5中8,1600万,フェアウ1600,4,8,シャインヴィットゥ,牡,4,田中勝春, 57 ,16,8,１, ,ダ1200,稍,,(美),小野次郎,1099,-0.1,,2,2,36.4,492,0,
,2018.12.23,中山,5中8,1000万,グッドＨ1000,8,15,ヴァントシルム,牡,4,ルメール, 55 ,16,2,１, ,芝2500,良,,(栗),須貝尚介,2363,-0.1,7,7,5,35.0,478,-8,B
,2018.12.23,中山,5中8,1000万,キャンド1000,3,5,マンカストラップ,牡,4,大野拓弥, 57 ,16,8,１, ,ダ1200,良,,(美),伊藤大士,1106,-0.0,,2,2,36.9,498,+8,
,2018.12.23,中山,5中8,500万,500万下,8,15,リンシャンカイホウ,牡,3,ルメール, 56 ,16,1,１, ,芝1200,良,,(美),田中剛,1093,-0.1,,1,1,35.7,442,+10,
,2018.12.23,中山,5中8,500万,500万下,7,13,ダイワドノヴァン,牡,4,北村宏司, 57 ,16,1,１, ,ダ1800,良,,(美),池上昌和,1526,-0.1,5,3,3,38.4,528,+4,B
,2018.12.23,中山,5中8,500万,500万下*,5,9,ジョウラン,牡,2,田辺裕信, 55 ,16,7,１, ,ダ1200,良,,(美),黒岩陽一,1108,-0.3,,2,2,37.1,478,+8,
,2018.12.23,中山,5中8,新馬,新馬,6,11,ブレイブメジャー,牡,2,池添謙一, 55 ,16,2,１, ,芝1600,良,,(美),萩原清,1391,-0.4,6,2,2,35.6,488,,
,2018.12.23,中山,5中8,未勝利,未勝利*,7,13,エデリー,牡,2,ルメール, 55 ,18,1,１, ,芝2000,良,,(美),藤沢和雄,2028,-0.2,12,9,8,35.4,516,-4,
,2018.12.23,中山,5中8,未勝利,未勝利*,4,8,ポートロイヤル,牡,2,大野拓弥, 55 ,16,5,１, ,ダ1800,良,,(美),高柳瑞樹,1545,-0.2,5,5,3,38.9,486,+8,
,2018.12.23,中山,5中8,未勝利,未勝利*,6,11,タイセイスパーブ,牡,2,ルメール, 55 ,16,1,１, ,ダ1200,良,,(美),青木孝文,1124,-0.2,,4,5,38.0,480,+4,
,2018.12.22,中山,5中7,1000万,ノエル賞1000,8,15,オハナ,牝,3,田辺裕信, 54 ,15,5,１, ,芝1800,良,,(美),堀宣行,1496,-0.0,10,10,9,34.4,428,+6,B
,2018.12.22,中山,5中7,1600万,グレイＨ1600,7,11,ルックトゥワイス,牡,5,戸崎圭太, 57 ,13,1,１, ,芝2500,良,,(栗),藤原英昭,2327,-0.5,5,4,4,35.9,448,+2,
,2018.12.22,中山,5中7,ＪＧ１,中山大障JG1,4,5,ニホンピロバロン,牡,8,石神深一, 63 ,13,3,１, ,芝4100,良,,(栗),田所秀孝,4408,-0.0,3,1,1,13.7,486,0,
,2018.12.22,中山,5中7,ｵｰﾌﾟﾝ,クリスマ,8,14,ディアンドル,牝,2,マーフィ, 55 ,14,1,１, ,芝1200,良,,(栗),奥村豊,1085,-0.3,,2,2,34.9,492,+4,
,2018.12.22,中山,5中7,500万,500万下,3,5,アルベルティーヌ,牝,3,アヴドゥ, 54 ,16,7,１, ,ダ1200,良,,(美),栗田徹,1103,-0.3,,5,3,36.4,442,+14,
,2018.12.22,中山,5中7,500万,500万下,2,4,ギャラルホルン,牡,3,マーフィ, 55 ,16,1,１, ,ダ2500,良,,(美),高橋文雅,2415,-0.1,7,5,2,39.1,514,-10,
,2018.12.22,中山,5中7,新馬,新馬,5,9,トーアシオン,牡,2,江田照男, 55 ,15,5,１, ,ダ1200,良,,(美),星野忍,1118,-0.5,,1,1,36.8,486,,
,2018.12.22,中山,5中7,新馬,新馬,6,11,アルマスティング,牡,2,田辺裕信, 55 ,16,2,１, ,ダ1800,良,,(美),田村康仁,1567,-0.5,3,3,2,40.2,494,,
,2018.12.22,中山,5中7,未勝利,未勝利*,4,8,フィリアプーラ,牝,2,アヴドゥ, 54 ,16,1,１, ,芝1600,良,,(美),菊沢隆徳,1344,-0.2,12,13,11,35.4,438,-2,
,2018.12.22,中山,5中7,未勝利,未勝利*,5,9,カステヘルミ,牝,2,津村明秀, 54 ,16,1,１, ,芝1200,良,,(美),岩戸孝樹,1094,-0.7,,1,1,35.1,432,+10,
,2018.12.22,中山,5中7,未勝利,未勝利*,6,12,ネオレインボウ,牡,2,田辺裕信, 55 ,16,4,１, ,ダ1800,良,,(美),小西一男,1559,-0.0,4,5,3,38.5,488,-8,
,2018.12.22,中山,5中7,未勝利,未勝利*,1,1,アポロチーター,牡,2,石川裕紀, 55 ,16,1,１, ,ダ1200,良,,(美),岩戸孝樹,1116,-0.5,,1,1,37.7,516,+4,
,2018.12.16,中山,5中6,1000万,1000万下,1,1,レッドシルヴィ,牝,5,三浦皇成, 55 ,14,4,１, ,芝1800,良,*,(美),鹿戸雄一,1489,-0.1,9,8,8,35.1,460,+4,
,2018.12.16,中山,5中6,ｵｰﾌﾟﾝ,ディセン,7,9,アドマイヤリード,牝,5,横山典弘, 56 ,11,3,１, ,芝1800,良,,(栗),須貝尚介,1481,-0.1,6,8,8,34.4,430,-2,
,2018.12.16,中山,5中6,1600万,南総ＳＨ1600,3,5,アルマエルナト,セ,7,柴田大知, 54 ,16,6,１, ,芝1200,良,,(美),伊藤大士,1086,-0.0,,4,4,34.5,478,+22,
,2018.12.16,中山,5中6,1000万,香取特別1000,7,13,サノサマー,牡,4,内田博幸, 57 ,15,1,１, ,ダ2400,良,,(美),中舘英二,2345,-0.7,14,2,2,38.9,476,+4,
,2018.12.16,中山,5中6,500万,500万下,6,12,ミヤギウイング,牝,3,勝浦正樹, 54 ,16,4,１, ,ダ1200,良,*,(美),田村康仁,1114,-0.2,,10,10,36.8,494,+2,
,2018.12.16,中山,5中6,500万,500万下・牝,5,7,サイモンジルバ,牝,3,戸崎圭太, 54 ,14,3,１, ,ダ1800,良,,(美),根本康広,1549,-0.2,11,9,6,38.8,458,+6,
,2018.12.16,中山,5中6,新馬,新馬,2,4,レッドアステル,牝,2,マーフィ, 54 ,16,1,１, ,芝1600,良,,(美),国枝栄,1368,-0.4,3,3,3,35.2,428,,
,2018.12.16,中山,5中6,新馬,新馬,7,13,ジャパンスウェプト,牡,2,戸崎圭太, 55 ,16,1,１, ,ダ1200,良,,(美),古賀慎明,1124,-0.1,,4,2,37.4,438,,
,2018.12.16,中山,5中6,未勝利,未勝利*,4,8,ラストクローザー,牡,2,マーフィ, 55 ,16,3,１, ,ダ1800,良,,(美),黒岩陽一,1570,-0.3,2,2,2,39.6,496,+12,
,2018.12.16,中山,5中6,未勝利,未勝利*,3,6,カレンブーケドール,牝,2,マーフィ, 54 ,16,1,１, ,芝1600,良,,(美),国枝栄,1355,-0.0,5,4,4,35.1,470,+6,
,2018.12.16,中山,5中6,未勝利,未勝利・牝*,5,9,メイプルガーデン,牝,2,松岡正海, 54 ,16,5,１, ,ダ1800,良,,(美),高市圭二,1571,-0.1,4,3,5,41.1,478,0,
,2018.12.16,中山,5中6,未勝利,未勝利*,1,2,ボストンテソーロ,牝,2,三浦皇成, 54 ,16,1,１, ,ダ1200,良,,(美),田中博康,1125,-0.6,,2,2,38.4,480,+18,
,2018.12.15,中山,5中5,500万,500万下,2,3,サトノオンリーワン,牡,3,ルメール, 55 ,18,2,１, ,芝2200,良,,(美),堀宣行,2143,-0.0,11,8,9,35.8,480,+16,
,2018.12.15,中山,5中5,Ｇ３,ターコイＨG3,2,3,ミスパンテール,牝,4,横山典弘, 56 ,16,5,１, ,芝1600,良,,(栗),昆貢,1327,-0.1,7,7,5,35.0,512,-2,
,2018.12.15,中山,5中5,1000万,舞浜特別1000,8,15,サニーダンサー,牡,3,マーフィ, 56 ,16,6,１, ,ダ1200,良,,(美),加藤征弘,1110,-0.2,,1,1,38.0,478,+4,
,2018.12.15,中山,5中5,500万,ひいらぎ500*,8,15,ダノンキングリー,牡,2,戸崎圭太, 55 ,15,2,１, ,芝1600,良,,(美),萩原清,1337,-0.6,8,8,5,35.5,450,0,
,2018.12.15,中山,5中5,500万,500万下,8,15,ショーンガウアー,牡,3,ビュイッ, 56 ,16,1,１, ,ダ1800,良,,(美),木村哲也,1561,-0.2,2,2,2,39.3,508,+14,B
,2018.12.15,中山,5中5,未勝利,未勝利*,5,10,ヒシイグアス,牡,2,ルメール, 55 ,18,1,１, ,芝2000,良,,(美),堀宣行,2015,-0.5,1,1,1,36.9,490,-6,
,2018.12.15,中山,5中5,新馬,新馬,2,3,ハクモクレン,牝,2,三浦皇成, 54 ,16,1,１, ,ダ1800,良,,(美),萩原清,1576,-0.3,1,1,1,39.7,508,,
,2018.12.15,中山,5中5,新馬,新馬,7,13,アイスブラスト,牡,2,福永祐一, 55 ,16,4,１, ,芝1800,良,,(美),戸田博文,1516,-0.0,3,1,2,35.4,494,,
,2018.12.15,中山,5中5,未勝利,未勝利*,6,11,ナムラカメタロー,牡,2,アヴドゥ, 55 ,16,3,１, ,芝1200,良,,(美),谷原義明,1096,-0.1,,3,4,36.1,498,+32,
,2018.12.15,中山,5中5,未勝利,未勝利*,5,10,オルダージュ,牡,2,戸崎圭太, 55 ,16,1,１, ,ダ1200,稍,,(美),青木孝文,1122,-0.2,,1,1,38.1,472,+8,
,2018.12.15,中山,5中5,未勝利,未勝利*,8,15,キュアン,牡,2,田辺裕信, 55 ,16,3,１, ,ダ1800,稍,,(美),林徹,1579,-0.2,2,1,1,39.3,514,+4,
,2018.12.15,中山,5中5,未勝利,未勝利・牝*,1,1,イベリスリーフ,牝,2,アヴドゥ, 54 ,16,4,１, ,ダ1200,稍,,(美),中舘英二,1117,-0.1,,5,5,37.8,440,+4,
,"2018.12. 9",中山,5中4,1000万,1000万下,6,12,タケショウベスト,牝,4,蛯名正義, 55 ,16,4,１, ,芝1200,良,,(美),田中清隆,1085,-0.2,,8,8,34.4,476,0,
,"2018.12. 9",中山,5中4,Ｇ３,カペラＳG3,1,2,コパノキッキング,セ,3,柴田大知, 55 ,16,1,１, ,ダ1200,良,*,(栗),村山明,1102,-0.1,,14,13,34.9,480,+4,
,"2018.12. 9",中山,5中4,1600万,常総ＳＨ1600,4,4,ウインファビラス,牝,5,内田博幸, 53 ,13,7,１, ,芝1800,良,,(美),畠山吉宏,1485,-0.0,2,3,2,35.3,478,0,
,"2018.12. 9",中山,5中4,500万,黒松賞500*,4,7,ホウオウカトリーヌ,牝,2,大野拓弥, 54 ,16,1,１, ,芝1200,良,,(美),栗田徹,1092,-0.1,,5,4,35.5,474,0,
,"2018.12. 9",中山,5中4,1000万,1000万下,6,11,シャインヴィットゥ,牡,4,田中勝春, 57 ,16,10,１, ,ダ1200,良,,(美),小野次郎,1106,-0.1,,2,2,37.0,492,+20,
,"2018.12. 9",中山,5中4,500万,500万下,8,16,ビッザーロ,牝,4,森泰斗, 55 ,16,2,１, ,ダ1800,良,,(美),奥村武,1554,-0.7,1,1,1,38.4,552,-10,
,"2018.12. 9",中山,5中4,新馬,新馬,3,4,シーオブザムーン,牝,2,三浦皇成, 54 ,14,1,１, ,芝1800,良,,(美),金成貴史,1532,-0.1,5,4,4,35.1,454,,
,"2018.12. 9",中山,5中4,新馬,新馬,7,12,キングスバレイ,牡,2,森泰斗, 55 ,15,4,１, ,ダ1800,良,,(美),斎藤誠,1581,-0.0,2,2,2,40.0,500,,
,"2018.12. 9",中山,5中4,未勝利,未勝利*,3,5,コスモハヤテ,牡,2,柴田大知, 55 ,16,3,１, ,ダ1800,良,,(美),小野次郎,1566,-0.1,5,3,3,39.3,456,+6,B
,"2018.12. 9",中山,5中4,未勝利,未勝利*,4,8,ディーイストワール,牡,2,蛯名正義, 55 ,18,2,１, ,芝2000,良,,(美),大和田成,2030,-0.1,12,8,8,35.9,466,0,
,"2018.12. 9",中山,5中4,未勝利,未勝利・牝*,3,4,シャルロッテミノル,牝,2,三浦皇成, 54 ,15,6,１, ,ダ1800,良,,(美),中舘英二,1568,-0.1,3,3,3,38.8,536,-4,
,"2018.12. 9",中山,5中4,未勝利,未勝利*,7,13,サニーストーム,牝,2,森泰斗, 54 ,16,1,１, ,ダ1200,良,,(美),加藤征弘,1123,-0.6,,3,3,38.3,442,+6,
,"2018.12. 8",中山,5中3,500万,500万下,8,16,クイーングラス,牝,3,内田博幸, 54 ,16,1,１, ,芝1600,良,,(美),和田雄二,1343,-0.0,7,9,7,34.3,478,+2,
,"2018.12. 8",中山,5中3,ｵｰﾌﾟﾝ,師走ＳＨ,8,16,テーオーエナジー,牡,3,岩田康誠, 54 ,16,3,１, ,ダ1800,良,*,(栗),宮徹,1509,-0.4,2,2,2,36.8,506,+8,
,"2018.12. 8",中山,5中3,1600万,アクアラ1600,3,6,クイーンズテソーロ,牝,3,木幡巧也, 54 ,16,3,１, ,ダ1200,良,,(美),畠山吉宏,1102,-0.1,,3,3,36.0,462,+4,
,"2018.12. 8",中山,5中3,1000万,霞ヶ浦特1000,6,8,クレッシェンドラヴ,牡,4,内田博幸, 57 ,12,5,１, ,芝2000,良,,(美),林徹,2008,-0.4,7,6,4,34.9,484,0,
,"2018.12. 8",中山,5中3,1000万,1000万下,6,8,クリノライメイ,牡,4,蛯名正義, 57 ,13,5,１, ,ダ1800,良,,(栗),荒川義之,1544,-0.0,2,2,2,37.1,508,-2,
,"2018.12. 8",中山,5中3,500万,500万下*,2,2,ヴァイトブリック,牡,2,戸崎圭太, 55 ,14,1,１, ,ダ1800,良,,(美),和田正一,1546,-0.5,4,4,3,39.6,494,+8,
,"2018.12. 8",中山,5中3,新馬,新馬,3,6,ベイオブコトル,牡,2,ビュイッ, 55 ,16,3,１, ,ダ1200,良,,(美),高柳瑞樹,1124,-0.4,,8,8,37.2,442,,
,"2018.12. 8",中山,5中3,新馬,新馬・牝,1,2,スカイシアター,牝,2,石川裕紀, 54 ,16,8,１, ,芝1600,良,*,(美),高柳瑞樹,1370,-0.0,5,4,6,35.6,422,,
,"2018.12. 8",中山,5中3,未勝利,未勝利・牝*,5,9,メッシーナ,牝,2,戸崎圭太, 54 ,16,1,１, ,芝1800,良,,(美),萩原清,1491,-0.3,6,6,5,35.6,468,-2,
,"2018.12. 8",中山,5中3,未勝利,未勝利*,1,2,ウインレフィナード,牡,2,戸崎圭太, 55 ,16,2,１, ,芝1600,良,,(美),畠山吉宏,1360,-0.0,6,3,2,34.8,444,+4,
,"2018.12. 8",中山,5中3,未勝利,未勝利*,3,4,ロジギムレット,牡,2,横山典弘, 55 ,14,1,１, ,ダ1800,稍,,(美),国枝栄,1572,-0.0,6,7,3,39.9,456,-4,
,"2018.12. 8",中山,5中3,未勝利,未勝利*,4,8,ダウンタウンプリマ,牝,2,大野拓弥, 54 ,16,10,１, ,ダ1200,稍,,(美),斎藤誠,1120,-0.2,,2,3,37.8,452,+2,
,"2018.12. 2",中山,5中2,1000万,1000万下,5,5,ロサグラウカ,牝,3,丸山元気, 53 ,8,1,１, ,芝2500,良,,(美),尾関知人,2346,-0.2,2,2,2,34.9,446,+2,
,"2018.12. 2",中山,5中2,ｵｰﾌﾟﾝ,ラピスラ,4,4,ダイメイフジ,牡,4,北村宏司, 56 ,11,4,１, ,芝1200,良,,(栗),森田直行,1081,-0.0,,5,5,33.6,508,-10,
,"2018.12. 2",中山,5中2,1600万,市川Ｓ1600,7,11,キャプテンペリー,セ,5,大野拓弥, 57 ,13,7,１, ,芝1600,良,,(美),岩戸孝樹,1325,-0.0,11,10,10,34.2,498,+2,
,"2018.12. 2",中山,5中2,1000万,チバテレ1000,8,14,ネコワシ,牡,3,丸山元気, 56 ,15,5,１, ,ダ1800,良,,(美),星野忍,1533,-0.3,3,2,2,37.2,504,-2,
,"2018.12. 2",中山,5中2,500万,500万下,2,4,グッドヒューマー,牡,4,宮崎北斗, 57 ,16,6,１, ,ダ1200,良,,(美),高橋裕,1108,-0.3,,7,6,36.5,492,+2,
,"2018.12. 2",中山,5中2,500万,500万下*,7,13,ショウナンガナドル,牡,2,大野拓弥, 55 ,16,1,１, ,ダ1200,良,,(美),和田勇介,1116,-0.3,,6,6,37.5,466,+4,
,"2018.12. 2",中山,5中2,新馬,新馬,7,9,シェドゥーヴル,牡,2,ビュイッ, 55 ,11,1,１, ,芝2000,良,,(美),木村哲也,2039,-0.2,6,1,2,36.1,490,,
,"2018.12. 2",中山,5中2,新馬,新馬,5,9,デアフルーグ,牡,2,津村明秀, 55 ,16,1,１, ,ダ1800,良,,(美),鈴木伸尋,1547,-1.5,6,5,4,38.1,498,,
,"2018.12. 2",中山,5中2,未勝利,未勝利*,1,1,ヴィエナブロー,牝,2,藤田菜七,52△,16,6,１, ,芝1800,良,*,(美),林徹,1486,-0.5,3,3,3,35.3,444,+2,
,"2018.12. 2",中山,5中2,未勝利,未勝利*,6,11,ヤマチョウヴォイス,牡,2,石川裕紀, 55 ,16,1,１, ,芝1200,良,,(美),相沢郁,1095,-0.0,,2,2,35.8,444,+2,
,"2018.12. 2",中山,5中2,未勝利,未勝利*,6,12,マンボカリエンテ,セ,2,津村明秀, 55 ,16,1,１, ,ダ1800,良,,(美),田中博康,1565,-0.8,4,4,2,37.7,488,+2,
,"2018.12. 2",中山,5中2,未勝利,未勝利*,6,12,アマデウス,牡,2,大野拓弥, 55 ,16,1,１, ,ダ1200,良,,(美),久保田貴,1125,-0.0,,2,2,38.1,454,+2,
,"2018.12. 1",中山,5中1,1000万,1000万下,5,7,ライラックカラー,牡,3,ビュイッ, 56 ,13,1,１, ,芝1600,良,,(美),藤沢和雄,1331,-0.1,12,12,10,34.3,454,-2,
,"2018.12. 1",中山,5中1,Ｇ２,ステイヤG2,7,11,リッジマン,牡,5,蛯名正義, 56 ,14,1,１, ,芝3600,良,,(栗),庄野靖志,3452,-0.4,5,4,4,35.7,446,-2,
,"2018.12. 1",中山,5中1,1600万,北総ＳＨ1600,4,7,ゴールデンブレイヴ,牡,5,ビュイッ, 55 ,15,2,１, ,ダ1800,良,,(美),木村哲也,1514,-0.3,4,5,3,37.1,488,-4,
,"2018.12. 1",中山,5中1,500万,葉牡丹賞500*,6,8,シークレットラン,牡,2,内田博幸, 55 ,13,7,１, ,芝2000,良,,(美),田村康仁,1596,-0.2,12,8,6,34.5,488,+10,
,"2018.12. 1",中山,5中1,ｵｰﾌﾟﾝ,イルミネ,7,11,ミヤジタイガ,牡,8,高田潤, 60 ,14,2,１, ,芝3570,良,,(栗),武幸四郎,3583,-0.8,1,1,1,13.4,506,-2,
,"2018.12. 1",中山,5中1,1000万,1000万下・牝,1,1,スビールアスール,牝,4,大野拓弥, 55 ,16,4,１, ,ダ1200,良,*,(美),武藤善則,1101,-0.2,,2,2,36.5,486,0,
,"2018.12. 1",中山,5中1,500万,500万下,8,15,レッドフレイ,牡,3,ビュイッ, 56 ,15,1,１, ,ダ1800,良,,(美),木村哲也,1514,-0.8,2,3,3,37.4,470,0,
,"2018.12. 1",中山,5中1,新馬,新馬,2,2,キースネリス,牝,2,三浦皇成, 54 ,13,3,１, ,芝1200,良,,(美),高橋文雅,1091,-1.6,,1,1,34.2,472,,
,"2018.12. 1",中山,5中1,新馬,新馬・牝,1,1,テンブン,牝,2,菊沢一樹,52△,16,13,１, ,ダ1200,良,*,(美),菊沢隆徳,1133,-0.2,,1,1,38.3,482,,
,"2018.12. 1",中山,5中1,未勝利,未勝利*,6,11,ブランクエンド,牡,2,モレイラ, 55 ,17,2,１, ,芝2000,良,,(美),加藤征弘,2015,-0.1,7,6,4,34.5,472,+2,
,"2018.12. 1",中山,5中1,未勝利,未勝利*,5,10,テングレート,牡,2,モレイラ, 55 ,16,1,１, ,ダ1800,良,,(美),金成貴史,1566,-0.1,3,3,1,38.3,486,-4,B
,"2018.12. 1",中山,5中1,未勝利,未勝利*,5,10,スズノウメ,牝,2,三浦皇成, 54 ,16,4,１, ,ダ1200,良,,(美),伊藤正徳,1121,-0.2,,3,2,37.5,466,+2,
,"2018. 9.30",中山,4中9,1600万,内房ＳＨ1600,3,6,サトノアッシュ,牡,6,津村明秀, 56 ,16,3,１, ,ダ1800,不,,(栗),中竹和也,1499,-0.6,1,1,1,36.3,494,+4,
,"2018. 9.30",中山,4中9,Ｇ１,スプリンG1,4,8,ファインニードル,牡,5,川田将雅, 57 ,16,1,１, ,芝1200,稍,,(栗),高橋義忠,1083,-0.0,,6,8,34.5,470,0,
,"2018. 9.30",中山,4中9,1000万,勝浦特Ｈ1000,6,8,ラフィングマッチ,牡,3,戸崎圭太, 53 ,13,4,１, ,芝1200,稍,,(栗),北出成人,1086,-0.2,,1,1,34.8,480,-2,
,"2018. 9.30",中山,4中9,500万,サフラン500*,5,5,レッドアネモス,牝,2,川田将雅, 54 ,10,4,１, ,芝1600,稍,,(栗),友道康夫,1357,-0.0,1,1,1,34.1,474,+2,
,"2018. 9.30",中山,4中9,1000万,1000万下,1,1,オーヴァーライト,牡,3,内田博幸, 55 ,16,6,１, ,ダ1200,不,,(美),手塚貴久,1092,-0.5,,8,6,35.8,500,+6,
,"2018. 9.30",中山,4中9,500万,500万下,8,16,レジーナドーロ,牝,3,モレイラ, 53 ,16,1,１, ,芝1600,稍,,(美),堀宣行,1339,-0.1,12,13,8,34.9,446,-6,
,"2018. 9.30",中山,4中9,500万,500万下,8,16,エジステンツァ,牡,4,大野拓弥, 57 ,16,3,１, ,ダ1800,不,,(美),田中博康,1510,-0.1,11,7,6,37.5,484,+8,B
,"2018. 9.30",中山,4中9,新馬,新馬,6,9,エアジーン,牝,2,モレイラ, 54 ,14,2,１, ,芝1800,重,,(美),堀宣行,1494,-0.2,7,6,6,34.7,444,,
,"2018. 9.30",中山,4中9,新馬,新馬,5,9,フィルムフェスト,牝,2,ルメール, 54 ,16,1,１, ,芝1200,重,,(美),尾関知人,1103,-0.4,,6,5,34.8,436,,
,"2018. 9.30",中山,4中9,未勝利,未勝利,5,9,ナイトジュレップ,牡,3,内田博幸, 56 ,16,8,１, ,ダ1800,不,*,(美),国枝栄,1521,-0.2,1,1,1,38.2,474,-6,
,"2018. 9.30",中山,4中9,未勝利,未勝利*,7,13,ラージヒル,牡,2,ルメール, 54 ,17,4,１, ,芝2000,重,,(美),林徹,2020,-0.1,2,2,2,36.4,478,+4,
,"2018. 9.30",中山,4中9,未勝利,未勝利*,7,14,キタノオドリコ,牝,2,石川裕紀, 54 ,16,1,１, ,ダ1200,不,,(美),相沢郁,1111,-1.1,,1,1,37.0,486,-2,
,"2018. 9.29",中山,4中8,500万,500万下,6,12,マンカストラップ,牡,4,大野拓弥, 57 ,16,1,１, ,ダ1200,重,,(美),伊藤大士,1109,-0.2,,2,2,36.6,494,+2,
,"2018. 9.29",中山,4中8,1600万,ロードカ1600,2,2,プロディガルサン,牡,5,モレイラ, 57 ,11,1,１, ,芝1600,稍,,(美),国枝栄,1338,-0.0,6,3,4,36.4,508,-4,
,"2018. 9.29",中山,4中8,1000万,習志野特1000,8,15,マイネルファンロン,牡,3,モレイラ, 54 ,16,1,１, ,芝2000,稍,,(美),手塚貴久,2018,-0.2,8,1,1,35.2,466,-4,
,"2018. 9.29",中山,4中8,ｵｰﾌﾟﾝ,カンナＳ,4,4,ディアンドル,牝,2,モレイラ, 54 ,9,2,１, ,芝1200,稍,,(栗),奥村豊,1095,-0.4,,1,1,35.1,488,+14,
,"2018. 9.29",中山,4中8,500万,500万下,8,14,ネコワシ,牡,3,柴田大知, 54 ,15,2,１, ,ダ1800,稍,,(美),星野忍,1541,-0.2,3,2,2,38.4,502,-2,
,"2018. 9.29",中山,4中8,500万,500万下,4,5,チャロネグロ,牡,4,モレイラ, 57 ,14,1,１, ,芝2200,良,,(美),大和田成,2130,-0.7,8,11,6,35.1,500,+10,
,"2018. 9.29",中山,4中8,500万,500万下・牝,6,12,スビールアスール,牝,4,大野拓弥, 55 ,16,3,１, ,ダ1200,稍,,(美),武藤善則,1103,-0.1,,1,1,36.7,486,+12,
,"2018. 9.29",中山,4中8,新馬,新馬・牝,3,6,オトナノジジョウ,牝,2,三浦皇成, 54 ,16,8,１, ,芝1600,良,,(栗),森秀行,1366,-0.0,1,1,1,35.1,442,,
,"2018. 9.29",中山,4中8,未勝利,障害未勝利,6,6,レジェンドパワー,セ,6,大江原圭, 60 ,9,1,１, ,ダ2880,良,,(美),中野栄治,3136,-0.8,2,2,1,13.4,450,+6,
,"2018. 9.29",中山,4中8,未勝利,未勝利,3,6,ミッキーマンドリン,牝,3,戸崎圭太, 54 ,16,1,１, ,ダ1200,稍,,(美),萩原清,1115,-0.0,,4,4,37.4,464,+2,B
,"2018. 9.29",中山,4中8,未勝利,未勝利*,6,12,ヴォイスオブジョイ,牝,2,モレイラ, 54 ,16,2,１, ,芝1200,良,,(美),水野貴広,1102,-0.2,,7,7,34.9,444,-4,
,"2018. 9.29",中山,4中8,未勝利,未勝利*,5,10,タンクティーエー,牡,2,木幡巧也,53☆,16,5,１, ,ダ1800,稍,,(美),牧光二,1559,-0.1,2,2,1,39.2,538,-6,B
,"2018. 9.23",中山,4中7,500万,500万下,7,13,イザ,牡,5,田辺裕信, 57 ,16,2,１, ,ダ1200,稍,,(美),高柳瑞樹,1112,-0.0,,4,2,36.7,498,+2,B
,"2018. 9.23",中山,4中7,Ｇ２,オールカG2,6,7,レイデオロ,牡,4,ルメール, 57 ,12,1,１, ,芝2200,良,,(美),藤沢和雄,2112,-0.0,8,8,8,34.3,484,,
,"2018. 9.23",中山,4中7,1000万,外房特別1000,4,4,シャルルマーニュ,牡,3,大野拓弥, 55 ,12,5,１, ,芝1600,良,,(栗),清水久詞,1331,-0.4,1,1,1,34.0,492,+16,
,"2018. 9.23",中山,4中7,ｵｰﾌﾟﾝ,芙蓉Ｓ,8,8,ミッキーブラック,牡,2,ルメール, 54 ,8,1,１, ,芝2000,良,,(栗),音無秀孝,2013,-0.1,6,2,2,35.2,470,0,
,"2018. 9.23",中山,4中7,500万,500万下,8,15,カフェアトラス,牡,3,北村宏司, 54 ,15,2,１, ,ダ1800,稍,,(美),古賀慎明,1533,-0.6,2,1,1,37.9,502,-10,
,"2018. 9.23",中山,4中7,500万,500万下,6,12,メイラヴェル,牝,3,津村明秀, 53 ,16,4,１, ,芝1200,良,,(美),木村哲也,1084,-0.1,,11,10,33.9,438,+2,
,"2018. 9.23",中山,4中7,500万,500万下・牝,6,11,ショーカノン,牝,4,津村明秀, 55 ,16,3,１, ,ダ1800,稍,*,(美),鈴木伸尋,1537,-0.0,3,3,3,38.4,504,+6,
,"2018. 9.23",中山,4中7,新馬,新馬,3,3,ウレキサイト,牡,2,北村友一, 54 ,14,2,１, ,芝2000,良,,(栗),松永幹夫,2037,-0.2,2,2,2,34.8,488,,
,"2018. 9.23",中山,4中7,新馬,新馬,2,3,アポロビビ,牡,2,勝浦正樹, 54 ,16,5,１, ,ダ1200,稍,,(美),中舘英二,1122,-0.4,,10,6,36.7,468,,
,"2018. 9.23",中山,4中7,未勝利,未勝利,2,4,サクラメント,牝,3,丹内祐次, 54 ,16,15,１, ,ダ1800,稍,,(美),清水英克,1555,-0.0,4,5,5,39.5,496,-4,
,"2018. 9.23",中山,4中7,未勝利,未勝利*,7,13,ユナカイト,牝,2,ルメール, 54 ,16,1,１, ,芝1600,良,,(美),木村哲也,1354,-0.2,6,8,8,34.1,476,+6,
,"2018. 9.23",中山,4中7,未勝利,未勝利*,4,7,ペイシャリルキス,牡,2,山田敬士,51▲,16,2,１, ,ダ1200,稍,,(美),高市圭二,1114,-0.2,,2,2,36.6,456,+4,
,"2018. 9.22",中山,4中6,500万,500万下,1,2,ショワドゥロワ,牡,4,北村宏司, 57 ,16,8,１, ,芝2000,稍,*,(美),鹿戸雄一,2014,-0.1,6,7,5,34.1,504,-2,
,"2018. 9.22",中山,4中6,1600万,セプテＨ1600,6,12,モズスーパーフレア,牝,3,武豊, 52 ,16,2,１, ,芝1200,稍,,(栗),音無秀孝,1070,-0.6,,1,1,33.8,472,0,
,"2018. 9.22",中山,4中6,1000万,茨城新聞1000,1,1,アナザートゥルース,セ,4,大野拓弥, 57 ,16,2,１, ,ダ1800,稍,,(美),高木登,1505,-0.2,1,1,1,37.2,484,+4,
,"2018. 9.22",中山,4中6,1000万,九十九里1000,6,7,プライムセラー,セ,5,石橋脩, 57 ,11,8,１, ,芝2500,稍,,(美),和田正一,2317,-0.3,2,2,1,35.0,508,-12,
,"2018. 9.22",中山,4中6,ｵｰﾌﾟﾝ,清秋ジャ,7,8,マイネルプロンプト,セ,6,森一馬, 62 ,10,1,１, ,芝3210,稍,,(栗),坂口正則,3372,-1.0,3,3,3,13.5,482,-2,
,"2018. 9.22",中山,4中6,500万,500万下,4,8,スリーミニオン,牡,3,三浦皇成, 55 ,16,4,１, ,ダ1200,重,,(美),柄崎孝,1106,-0.2,,3,3,35.9,464,+4,B
,"2018. 9.22",中山,4中6,未勝利,未勝利,6,12,ネコマヒカ,牡,3,山田敬士,53▲,16,9,１, ,ダ1800,重,,(美),星野忍,1537,-0.2,9,9,5,38.6,512,0,
,"2018. 9.22",中山,4中6,新馬,新馬,8,15,ルガールカルム,牝,2,ルメール, 54 ,16,1,１, ,芝1600,稍,,(美),田村康仁,1365,-0.2,10,7,7,33.8,452,,
,"2018. 9.22",中山,4中6,未勝利,未勝利,7,14,クレバージェット,牡,3,石橋脩, 56 ,16,1,１, ,ダ1200,重,,(美),牧光二,1106,-0.2,,2,2,36.7,532,0,
,"2018. 9.22",中山,4中6,未勝利,未勝利*,5,6,コスモカレンドゥラ,牡,2,戸崎圭太, 54 ,12,2,１, ,芝1800,稍,,(美),田中博康,1497,-0.3,3,3,2,35.5,436,-2,
,"2018. 9.22",中山,4中6,未勝利,未勝利・牝*,5,9,ヴァルドワーズ,牝,2,石橋脩, 54 ,16,1,１, ,芝1200,稍,,(美),和田正一,1094,-0.2,,9,5,34.6,438,-2,
,"2018. 9.22",中山,4中6,未勝利,未勝利*,5,9,デルマルーヴル,牡,2,ルメール, 54 ,15,1,１, ,ダ1800,重,,(美),戸田博文,1533,-1.2,3,3,2,38.8,492,-4,
,"2018. 9.17",中山,4中5,500万,500万下,7,13,ダイワギャバン,牡,3,田辺裕信, 54 ,15,3,１, ,芝1800,良,,(美),菊沢隆徳,1488,-0.1,5,4,3,34.7,476,+8,
,"2018. 9.17",中山,4中5,Ｇ２,セントラG2,3,4,ジェネラーレウーノ,牡,3,田辺裕信, 56 ,15,4,１, ,芝2200,良,,(美),矢野英一,2121,-0.2,2,2,2,35.2,506,+8,
,"2018. 9.17",中山,4中5,1000万,浦安特別1000,7,14,キタサンガンバ,牡,5,戸崎圭太, 57 ,16,3,１, ,ダ1200,良,,(美),小笠倫弘,1104,-0.0,,10,8,36.0,488,-2,
,"2018. 9.17",中山,4中5,1000万,白井特別1000,5,5,フローレスマジック,牝,4,ルメール, 55 ,10,1,１, ,芝1800,良,,(美),木村哲也,1480,-0.1,4,2,2,33.8,468,+2,
,"2018. 9.17",中山,4中5,500万,500万下・牝,1,1,ノーブルスノー,牝,5,Ｍ．デム, 55 ,16,1,１, ,ダ1800,良,,(栗),牧浦充徳,1530,-0.4,8,4,3,38.0,498,-2,B
,"2018. 9.17",中山,4中5,500万,500万下,3,4,パガットケーブ,牡,4,石橋脩, 57 ,15,6,１, ,ダ2400,良,,(美),宗像義忠,2390,-0.0,3,2,2,37.9,526,+14,
,"2018. 9.17",中山,4中5,未勝利,未勝利,3,5,ホーカスポーカス,牡,3,丸山元気, 56 ,16,2,１, ,ダ1200,良,,(美),根本康広,1117,-0.2,,5,3,37.2,426,-2,
,"2018. 9.17",中山,4中5,新馬,新馬,3,5,ケンデューク,牡,2,田辺裕信, 54 ,16,1,１, ,芝1200,良,,(美),久保田貴,1098,-0.0,,5,5,35.3,422,,
,"2018. 9.17",中山,4中5,未勝利,障害未勝利,3,3,バイオンディップス,牡,6,五十嵐雄, 60 ,12,1,１, ,ダ2880,良,,(美),小島茂之,3113,-0.0,2,1,1,13.3,526,0,
,"2018. 9.17",中山,4中5,未勝利,未勝利*,8,10,セントウル,牡,2,戸崎圭太, 54 ,11,3,１, ,芝2000,良,,(栗),森秀行,2027,-0.0,3,2,2,35.7,476,+12,
,"2018. 9.17",中山,4中5,未勝利,未勝利・牝*,8,16,メイスンハナフブキ,牝,2,田辺裕信, 54 ,16,7,１, ,芝1600,良,,(美),小島茂之,1356,-0.0,3,3,3,34.6,432,+10,
,"2018. 9.17",中山,4中5,未勝利,未勝利*,6,7,ダイシンインディー,牡,2,ルメール, 54 ,12,1,１, ,ダ1800,良,,(美),戸田博文,1538,-1.1,1,1,1,38.4,530,0,
,"2018. 9.16",中山,4中4,500万,500万下,5,10,ギンゴー,牡,5,杉原誠人, 57 ,16,12,１, ,ダ1200,良,,(美),武市康男,1115,-0.5,,2,2,36.6,498,+16,B
,"2018. 9.16",中山,4中4,ｵｰﾌﾟﾝ,ラジオ日,6,6,ヒラボクラターシュ,牡,3,内田博幸, 53 ,9,2,１, ,ダ1800,良,,(栗),大久保龍,1514,-0.2,2,2,2,37.5,526,+4,
,"2018. 9.16",中山,4中4,1000万,初風特別1000,7,11,ショウナンアエラ,牡,4,内田博幸, 57 ,13,2,１, ,芝1200,良,,(美),奥村武,1079,-0.3,,3,2,33.6,480,-12,B
,"2018. 9.16",中山,4中4,500万,汐留特別500,6,9,オスカールビー,牝,3,戸崎圭太, 52 ,13,1,１, ,芝2000,良,,(栗),矢作芳人,1592,-1.2,1,1,1,35.6,482,-4,
,"2018. 9.16",中山,4中4,500万,500万下,7,10,ベディヴィア,牡,4,戸崎圭太, 57 ,12,2,１, ,ダ1800,良,,(栗),野中賢二,1537,-0.0,4,6,6,38.4,462,-6,
,"2018. 9.16",中山,4中4,500万,500万下,4,4,マスラオ,セ,4,北村宏司, 57 ,11,5,１, ,芝2500,良,,(美),金成貴史,2337,-0.1,5,3,4,35.9,438,-2,
,"2018. 9.16",中山,4中4,未勝利,未勝利,2,4,シゲノブ,牡,3,内田博幸, 56 ,16,3,１, ,ダ1800,稍,,(美),栗田徹,1548,-0.0,3,4,3,38.9,496,0,
,"2018. 9.16",中山,4中4,新馬,新馬,2,2,サルウェーテ,牡,2,蛯名正義, 54 ,13,9,１, ,芝1800,良,,(美),堀井雅広,1514,-0.0,3,3,3,34.5,442,,
,"2018. 9.16",中山,4中4,未勝利,未勝利,5,10,オーヴォドーロ,牝,3,田辺裕信, 54 ,16,2,１, ,ダ1200,稍,,(美),久保田貴,1121,-0.2,,12,10,36.9,470,+8,
,"2018. 9.16",中山,4中4,未勝利,未勝利*,1,1,ヴィッテルスバッハ,牡,2,石橋脩, 54 ,15,2,１, ,芝1600,稍,,(美),池上昌和,1362,-0.2,9,8,9,34.6,440,+2,
,"2018. 9.16",中山,4中4,未勝利,未勝利*,3,6,ホウオウカトリーヌ,牝,2,大野拓弥, 54 ,16,2,１, ,芝1200,稍,,(美),栗田徹,1086,-0.7,,3,2,33.7,468,0,
,"2018. 9.16",中山,4中4,未勝利,未勝利・牝*,6,12,ケイゴールド,牝,2,戸崎圭太, 54 ,16,2,１, ,ダ1200,稍,,(美),中野栄治,1127,-0.4,,8,8,37.7,476,+2,
,"2018. 9.15",中山,4中3,500万,500万下,7,10,サイドチェンジ,牡,4,石橋脩, 57 ,12,1,１, ,ダ1800,稍,,(美),池上昌和,1545,-0.3,2,2,2,36.4,522,+4,B
,"2018. 9.15",中山,4中3,1600万,レインボ1600,8,11,ドレッドノータス,セ,5,石橋脩, 57 ,12,7,１, ,芝2000,稍,*,(栗),矢作芳人,2000,-0.5,1,1,1,34.5,450,-8,
,"2018. 9.15",中山,4中3,1000万,松戸特Ｈ1000,6,6,メイショウマトイ,牡,4,横山典弘, 55 ,11,4,１, ,ダ2400,稍,,(栗),本田優,2335,-0.2,11,9,8,37.7,486,+2,
,"2018. 9.15",中山,4中3,500万,古作特別500,3,6,ヴェルスパー,牝,3,戸崎圭太, 53 ,16,1,１, ,芝1200,稍,,(美),加藤征弘,1087,-0.2,,4,3,34.4,438,+6,
,"2018. 9.15",中山,4中3,500万,500万下,7,13,コウユーホクト,牡,3,藤田菜七,53△,16,9,１, ,ダ1200,稍,,(美),竹内正洋,1112,-0.1,,10,8,37.0,508,+8,
,"2018. 9.15",中山,4中3,未勝利,未勝利,3,5,サツキワルツ,牝,3,津村明秀, 54 ,18,7,１, ,芝2000,稍,,(美),蛯名利弘,2013,-0.1,10,10,5,35.4,452,+2,
,"2018. 9.15",中山,4中3,新馬,新馬,5,9,ハルサカエ,牝,2,藤田菜七,52△,16,5,１, ,ダ1200,稍,,(美),大竹正博,1123,-0.0,,1,1,37.9,490,,
,"2018. 9.15",中山,4中3,新馬,新馬・牝,7,13,ブルーグローブ,牝,2,戸崎圭太, 54 ,16,5,１, ,芝1600,稍,,(美),矢野英一,1367,-0.4,6,1,1,35.4,440,,
,"2018. 9.15",中山,4中3,未勝利,未勝利・牝,1,2,メダリオンモチーフ,牝,3,内田博幸, 54 ,16,2,１, ,ダ1800,稍,,(美),中舘英二,1552,-0.5,6,7,6,39.3,426,+2,
,"2018. 9.15",中山,4中3,未勝利,未勝利*,8,10,シークレットラン,牡,2,内田博幸, 54 ,10,1,１, ,芝1800,稍,,(美),田村康仁,1501,-0.1,6,2,5,35.3,478,+14,
,"2018. 9.15",中山,4中3,未勝利,未勝利*,1,2,ショウナンガナドル,牡,2,石川裕紀, 54 ,16,3,１, ,ダ1200,稍,,(美),和田勇介,1126,-0.0,,1,1,38.9,462,+4,
,"2018. 9.15",中山,4中3,未勝利,未勝利*,5,8,イルジオーネ,牝,2,北村宏司, 54 ,15,1,１, ,ダ1800,稍,,(美),武藤善則,1560,-0.0,9,7,2,38.9,488,-2,B
,"2018. 9. 9",中山,4中2,1000万,1000万下,5,8,モアニケアラ,牝,6,横山典弘, 55 ,15,3,１, ,ダ1200,良,,(栗),松永幹夫,1115,-0.1,,10,10,35.8,466,-6,
,"2018. 9. 9",中山,4中2,Ｇ３,オータムＨG3,6,10,ミッキーグローリー,牡,5,ルメール, 55 ,15,1,１, ,芝1600,良,,(美),国枝栄,1324,-0.1,10,9,8,33.5,550,+8,
,"2018. 9. 9",中山,4中2,1600万,ながつき1600,7,10,ハットラブ,牝,4,菊沢一樹, 55 ,13,1,１, ,ダ1200,良,,(美),菊沢隆徳,1099,-0.1,,10,10,34.6,486,0,
,"2018. 9. 9",中山,4中2,1000万,木更津Ｈ1000,6,9,フレッチア,牡,3,ルメール, 54 ,13,1,１, ,芝1600,良,,(美),木村哲也,1331,-0.1,4,5,6,33.3,484,-4,
,"2018. 9. 9",中山,4中2,500万,500万下,6,8,レッドシルヴィ,牝,5,三浦皇成, 55 ,13,2,１, ,芝1800,良,,(美),鹿戸雄一,1469,-0.0,6,6,6,34.1,456,+2,
,"2018. 9. 9",中山,4中2,500万,500万下,6,8,フェンドオフ,牡,3,大野拓弥, 54 ,13,3,１, ,ダ1800,良,,(美),斎藤誠,1530,-0.3,4,4,3,38.8,496,+24,
,"2018. 9. 9",中山,4中2,500万,500万下・牝,3,5,フェリーチェ,牝,3,菊沢一樹,51△,16,5,１, ,ダ1200,良,,(美),菊沢隆徳,1116,-0.1,,12,11,35.6,446,-4,
,"2018. 9. 9",中山,4中2,新馬,新馬,3,6,ヘリンヌリング,牝,2,柴山雄一, 54 ,16,4,１, ,芝1600,良,,(美),高橋裕,1372,-0.0,2,2,2,34.7,442,,
,"2018. 9. 9",中山,4中2,新馬,新馬,8,13,ガルヴィハーラ,牡,2,ルメール, 54 ,14,1,１, ,ダ1800,良,,(美),萩原清,1552,-0.9,7,4,3,38.1,494,,
,"2018. 9. 9",中山,4中2,未勝利,未勝利,6,11,ショーンガウアー,牡,3,北村宏司, 56 ,16,1,１, ,ダ1800,良,,(美),木村哲也,1538,-0.7,2,1,1,38.2,492,0,B
,"2018. 9. 9",中山,4中2,未勝利,未勝利*,4,4,ディキシーナイト,牡,2,ルメール, 54 ,7,1,１, ,芝2000,良,,(美),国枝栄,2022,-0.1,6,6,6,33.9,514,-10,
,"2018. 9. 9",中山,4中2,未勝利,未勝利*,6,11,マイネルアルケミー,牡,2,柴田大知, 54 ,16,1,１, ,芝1200,良,,(美),栗田博憲,1096,-0.4,,1,1,34.4,460,0,
,"2018. 9. 8",中山,4中1,500万,500万下,1,1,カリンバ,牝,4,丸山元気, 55 ,15,7,１, ,芝1600,良,,(美),田中剛,1337,-0.3,1,1,1,34.0,430,+8,
,"2018. 9. 8",中山,4中1,Ｇ３,紫苑ＳG3,7,14,ノームコア,牝,3,ルメール, 54 ,16,2,１, ,芝2000,良,,(美),萩原清,1580,-0.5,4,6,5,33.6,456,0,
,"2018. 9. 8",中山,4中1,1000万,鋸山特別1000,5,8,デザートスネーク,セ,4,黛弘人, 57 ,15,2,１, ,ダ1800,良,,(美),武井亮,1514,-0.0,5,4,4,36.8,482,+8,
,"2018. 9. 8",中山,4中1,500万,アスター500*,7,7,グレイシア,牝,2,田辺裕信, 54 ,8,1,１, ,芝1600,良,,(美),栗田徹,1349,-0.2,8,8,7,33.5,450,+2,
,"2018. 9. 8",中山,4中1,500万,500万下,6,11,エヴィエイション,牡,3,大野拓弥, 54 ,15,1,１, ,ダ1800,良,,(美),土田稔,1530,-0.1,8,8,4,37.8,498,+2,
,"2018. 9. 8",中山,4中1,500万,500万下,8,16,アルマユディト,牝,3,松岡正海, 53 ,16,6,１, ,ダ1200,良,,(美),中舘英二,1114,-0.4,,2,2,36.2,490,-6,
,"2018. 9. 8",中山,4中1,未勝利,未勝利,2,4,ラティカ,牝,3,ルメール, 54 ,16,1,１, ,芝1600,良,,(美),萩原清,1341,-0.0,6,7,7,35.0,490,+4,
,"2018. 9. 8",中山,4中1,新馬,新馬,7,9,リバーシブルレーン,牡,2,大野拓弥, 54 ,12,2,１, ,芝2000,良,,(美),高木登,2035,-0.4,2,3,1,34.3,440,,
,"2018. 9. 8",中山,4中1,未勝利,障害未勝利,7,12,アカネバローロ,牝,5,五十嵐雄, 58 ,14,5,１, ,ダ2880,良,,(美),岩戸孝樹,3120,-0.2,2,2,3,13.3,484,-2,
,"2018. 9. 8",中山,4中1,未勝利,未勝利,4,8,ゴロンドリーナ,牝,3,内田博幸, 54 ,16,3,１, ,ダ1200,良,,(美),青木孝文,1132,-0.0,,12,11,37.1,464,+2,
,"2018. 9. 8",中山,4中1,未勝利,未勝利*,8,16,ミトロジー,牡,2,ルメール, 54 ,16,1,１, ,芝1600,良,,(美),尾関知人,1362,-0.2,14,11,10,33.7,464,0,
,"2018. 9. 8",中山,4中1,未勝利,未勝利*,8,15,エコロディアマンテ,牡,2,木幡巧也,53☆,16,1,１, ,ダ1200,良,,(美),岩戸孝樹,1136,-0.1,,2,2,38.0,470,0,
,"2018. 4.15",中山,3中8,1600万,春興ＳＨ1600,1,1,フィアーノロマーノ,牡,4,Ｍ．デム, 54 ,10,2,１, ,芝1600,稍,,(栗),高野友和,1346,-0.1,8,8,2,33.7,534,+2,
,"2018. 4.15",中山,3中8,Ｇ１,皐月賞G1,4,7,エポカドーロ,牡,3,戸崎圭太, 57 ,16,7,１, ,芝2000,稍,,(栗),藤原英昭,2008,-0.3,4,4,4,35.1,492,0,
,"2018. 4.15",中山,3中8,ｵｰﾌﾟﾝ,京葉Ｓ,2,3,ダノングッド,牡,6,田辺裕信, 56 ,15,9,１, ,ダ1200,稍,,(栗),村山明,1099,-0.2,,13,13,35.6,512,-4,B
,"2018. 4.15",中山,3中8,1000万,鹿野山Ｈ1000,7,8,ギブアンドテイク,セ,7,岩田康誠, 53 ,10,6,１, ,芝2000,稍,,(美),和田勇介,2017,-0.3,9,9,8,35.8,472,-16,
,"2018. 4.15",中山,3中8,1000万,袖ケ浦特1000,1,1,ラッシュアウト,セ,4,和田竜二, 57 ,12,5,１, ,芝1200,稍,,(美),栗田徹,1095,-0.2,,1,1,34.6,438,-6,
,"2018. 4.15",中山,3中8,500万,500万下,7,13,ダイワドノヴァン,牡,4,北村宏司, 57 ,16,8,１, ,ダ1800,稍,,(美),池上昌和,1539,-0.1,6,3,2,38.6,526,+4,B
,"2018. 4.15",中山,3中8,500万,500万下,8,16,ステラルーチェ,牡,6,武士沢友, 57 ,16,12,１, ,ダ1200,稍,,(美),蛯名利弘,1110,-0.4,,2,2,37.2,478,-12,B
,"2018. 4.15",中山,3中8,500万,500万下*,6,6,ヒラボクラターシュ,牡,3,福永祐一, 56 ,11,1,１, ,ダ1800,稍,,(栗),大久保龍,1533,-0.3,3,3,2,38.4,520,-6,
,"2018. 4.15",中山,3中8,未勝利,未勝利,2,3,ワセダインブルー,牡,3,武豊, 56 ,18,1,１, ,芝2200,稍,,(美),金成貴史,2155,-0.3,12,8,6,35.4,436,-2,
,"2018. 4.15",中山,3中8,未勝利,未勝利,7,14,ボンテン,牡,3,三浦皇成, 56 ,16,7,１, ,ダ1800,稍,,(美),大江原哲,1554,-0.2,7,5,5,39.2,438,-4,
,"2018. 4.15",中山,3中8,未勝利,未勝利,2,4,カッパツハッチ,牝,3,内田博幸, 54 ,16,2,１, ,ダ1200,稍,,(美),矢野英一,1127,-0.6,,9,7,36.9,456,-4,
,"2018. 4.15",中山,3中8,未勝利,未勝利・牝,6,12,ドヒョウギワ,牝,3,ルメール, 54 ,16,1,１, ,ダ1800,稍,,(美),中野栄治,1550,-0.1,3,3,2,39.8,502,0,
,"2018. 4.14",中山,3中7,1000万,利根川特1000,6,11,テイエムコンドル,牡,7,戸崎圭太, 57 ,16,6,１, ,ダ1800,良,,(美),石栗龍彦,1540,-0.0,14,10,9,37.2,468,-4,
,"2018. 4.14",中山,3中7,ＪＧ１,中山グラJG1,5,6,オジュウチョウサン,牡,7,石神深一, 63 ,12,1,１, ,芝4250,良,,(美),和田正一,4430,-2.4,2,2,1,13.3,510,+4,
,"2018. 4.14",中山,3中7,1600万,下総Ｓ1600,2,4,ヨシオ,牡,5,戸崎圭太, 57 ,16,3,１, ,ダ1800,良,,(栗),森秀行,1521,-0.2,1,1,1,37.9,474,0,
,"2018. 4.14",中山,3中7,500万,山藤賞500*,7,9,フィエールマン,牡,3,石橋脩, 56 ,11,1,１, ,芝1800,良,,(美),手塚貴久,1481,-0.4,9,7,4,34.3,486,-2,
,"2018. 4.14",中山,3中7,500万,500万下,7,14,スピリットソウル,牡,4,松岡正海, 57 ,16,8,１, ,芝1600,良,,(美),手塚貴久,1347,-0.2,8,8,6,34.4,494,+6,
,"2018. 4.14",中山,3中7,500万,500万下・牝,7,10,ボールドアテンプト,牝,5,北村宏司, 55 ,12,3,１, ,ダ1800,良,,(美),古賀慎明,1546,-0.1,5,3,3,38.5,460,-8,
,"2018. 4.14",中山,3中7,500万,500万下*,3,5,ラストプリマドンナ,牝,3,戸崎圭太, 54 ,16,1,１, ,芝1200,良,,(美),和田正一,1089,-0.2,,10,8,33.7,426,-2,
,"2018. 4.14",中山,3中7,未勝利,未勝利,4,7,ランパク,牡,3,大野拓弥, 56 ,16,1,１, ,ダ1200,良,,(美),高木登,1138,-0.3,,10,10,36.9,492,,
,"2018. 4.14",中山,3中7,未勝利,未勝利,2,4,シゲルシイタケ,牡,3,蛯名正義, 56 ,18,3,１, ,芝2000,良,,(美),中野栄治,2024,-0.2,5,5,2,34.3,456,-2,
,"2018. 4.14",中山,3中7,未勝利,未勝利,2,3,ウサギノダンス,牡,3,柴田大知, 56 ,16,1,１, ,ダ1200,良,,(美),南田美知,1134,-0.5,,7,4,37.4,470,-4,
,"2018. 4.14",中山,3中7,未勝利,未勝利,4,6,カフェアトラス,牡,3,北村宏司, 56 ,15,1,１, ,ダ1800,良,,(美),古賀慎明,1559,-0.2,3,3,2,40.0,504,0,
,"2018. 4.14",中山,3中7,未勝利,未勝利・牝,8,16,トーセンリラ,牝,3,田中勝春, 54 ,16,1,１, ,ダ1200,良,,(美),宗像義忠,1119,-0.9,,4,4,37.2,444,+4,
,"2018. 4. 8",中山,3中6,1000万,1000万下,8,16,ビービーサレンダー,牡,5,武藤雅,55△,16,3,１, ,ダ1200,良,,(美),久保田貴,1113,-0.5,,7,7,36.4,500,0,
,"2018. 4. 8",中山,3中6,ｵｰﾌﾟﾝ,春雷ＳＨ,2,4,ペイシャフェリシタ,牝,5,三浦皇成, 53 ,16,1,１, ,芝1200,良,,(美),高木登,1074,-0.0,,4,4,33.6,490,+2,
,"2018. 4. 8",中山,3中6,1000万,隅田川Ｈ1000,7,8,ベストリゾート,牡,4,北村宏司, 54 ,10,3,１, ,芝1600,良,,(美),木村哲也,1350,-0.1,3,3,2,34.7,482,+2,
,"2018. 4. 8",中山,3中6,500万,デイジー500*,8,9,クリッパー,牝,3,津村明秀, 54 ,9,1,１, ,芝1800,良,,(美),高橋文雅,1496,-0.0,2,2,2,35.2,444,-10,
,"2018. 4. 8",中山,3中6,500万,500万下,8,12,マイネルストラトス,牡,4,田中勝春, 57 ,13,3,１, ,ダ1800,良,,(美),土田稔,1555,-0.0,9,8,8,39.2,492,+2,
,"2018. 4. 8",中山,3中6,500万,500万下・牝,6,12,レアドロップ,牝,5,内田博幸, 55 ,16,1,１, ,ダ1200,良,,(美),栗田徹,1120,-0.1,,3,2,37.4,470,+2,
,"2018. 4. 8",中山,3中6,500万,500万下*,7,12,マイネルサリューエ,牡,3,松岡正海, 56 ,15,9,１, ,ダ1800,良,,(美),上原博之,1550,-0.1,11,2,3,39.4,496,0,
,"2018. 4. 8",中山,3中6,未勝利,未勝利,4,8,シセイヒテン,牡,3,伊藤工真, 56 ,16,1,１, ,芝1600,良,,(美),宗像義忠,1357,-0.0,1,1,1,35.0,446,0,
,"2018. 4. 8",中山,3中6,未勝利,未勝利・牝,8,18,クイーングラス,牝,3,武藤雅,52△,18,1,１, ,芝2000,良,,(美),和田雄二,2025,-0.1,6,6,3,35.3,480,,
,"2018. 4. 8",中山,3中6,未勝利,未勝利,6,11,ホウオウジャッジ,牡,3,木幡育也,53▲,16,2,１, ,ダ1200,良,,(美),矢野英一,1132,-0.0,,6,7,38.0,468,,
,"2018. 4. 8",中山,3中6,未勝利,未勝利,4,7,オワゾードール,牡,3,内田博幸, 56 ,16,2,１, ,ダ1800,良,,(美),久保田貴,1581,-0.0,3,2,3,39.4,474,-4,
,"2018. 4. 8",中山,3中6,未勝利,未勝利,7,13,セグレートシチー,牡,3,内田博幸, 56 ,16,1,１, ,ダ1200,良,*,(美),伊藤圭三,1130,-0.0,,2,2,38.3,500,-2,B
,"2018. 4. 7",中山,3中5,500万,500万下,3,6,ライバーバード,牡,4,内田博幸, 57 ,16,1,１, ,ダ1200,良,,(美),手塚貴久,1129,-0.0,,2,2,37.3,498,-2,B
,"2018. 4. 7",中山,3中5,Ｇ２,ニュージG2,3,5,カツジ,牡,3,松山弘平, 56 ,15,2,１, ,芝1600,良,,(栗),池添兼雄,1342,-0.0,13,14,10,33.9,478,-12,
,"2018. 4. 7",中山,3中5,1600万,湾岸Ｓ1600,1,1,コルコバード,牝,5,浜中俊, 55 ,10,1,１, ,芝2200,良,,(美),木村哲也,2121,-0.2,6,8,8,35.3,450,-6,
,"2018. 4. 7",中山,3中5,1000万,野島崎特1000,8,8,アッフィラート,牝,5,北村宏司, 55 ,9,4,１, ,芝1800,良,,(栗),藤原英昭,1473,-0.2,8,8,6,35.1,440,0,
,"2018. 4. 7",中山,3中5,500万,500万下,6,8,スターフラッシュ,牡,4,吉田隼人, 57 ,13,1,１, ,ダ2400,良,,(美),武井亮,2380,-0.4,8,5,2,39.9,468,-2,B
,"2018. 4. 7",中山,3中5,500万,500万下*,3,5,リードザウインド,牝,3,三浦皇成, 54 ,16,1,１, ,ダ1200,良,,(美),小島茂之,1130,-0.0,,3,3,37.1,464,+2,
,"2018. 4. 7",中山,3中5,未勝利,未勝利,3,3,フラベリフォーム,牡,3,田中勝春, 56 ,12,1,１, ,ダ1800,良,,(美),萩原清,1578,-0.4,3,2,1,38.5,454,-4,
,"2018. 4. 7",中山,3中5,未勝利,未勝利,3,5,モンテグロッソ,牡,3,北村宏司, 56 ,18,1,１, ,芝2000,良,,(美),木村哲也,2024,-0.1,13,9,9,35.3,508,-6,
,"2018. 4. 7",中山,3中5,未勝利,未勝利・牝,8,11,シーホース,牝,3,松岡正海, 54 ,11,9,１, ,ダ1800,良,,(美),久保田貴,1563,-0.4,2,3,3,38.9,426,-4,
,"2018. 4. 7",中山,3中5,未勝利,未勝利,2,4,ラプターゲイル,牝,3,柴田大知, 54 ,16,11,１, ,ダ1200,良,,(美),田中博康,1137,-0.1,,5,5,37.8,422,-10,B
,"2018. 4. 7",中山,3中5,未勝利,未勝利,2,2,カガスター,牡,3,戸崎圭太, 56 ,14,1,１, ,ダ1800,良,,(美),高市圭二,1569,-0.6,4,5,5,40.5,440,0,
,"2018. 4. 7",中山,3中5,未勝利,未勝利・牝,8,16,ルーチェソラーレ,牝,3,大野拓弥, 54 ,16,3,１, ,ダ1200,良,,(美),小笠倫弘,1133,-0.5,,1,1,38.0,476,-2,
,"2018. 4. 1",中山,3中4,1000万,1000万下,5,9,ワイドリーザワン,牡,6,横山和生, 57 ,16,3,１, ,ダ1200,良,,(美),奥村武,1125,-0.0,,15,13,36.0,458,+4,
,"2018. 4. 1",中山,3中4,1600万,船橋Ｓ1600,8,14,ライトフェアリー,牝,6,柴山雄一, 55 ,14,8,１, ,芝1200,良,,(美),石毛善彦,1083,-0.1,,2,2,34.2,482,0,B
,"2018. 4. 1",中山,3中4,ｵｰﾌﾟﾝ,伏竜Ｓ,6,6,ドンフォルティス,牡,3,石橋脩, 57 ,9,3,１, ,ダ1800,良,,(栗),牧浦充徳,1547,-0.2,3,2,2,36.5,502,+5,
,"2018. 4. 1",中山,3中4,1000万,安房特Ｈ1000,4,4,ミルトプレスト,牡,4,大野拓弥, 54 ,13,3,１, ,芝2500,良,,(美),佐藤吉勝,2335,-0.3,2,2,2,34.7,500,-8,
,"2018. 4. 1",中山,3中4,500万,500万下,2,2,キャリアベスト,牡,4,丸山元気, 57 ,13,2,１, ,芝2000,良,,(美),小西一男,2012,-0.0,11,10,6,34.4,498,0,
,"2018. 4. 1",中山,3中4,500万,500万下,5,7,ナスノカンザン,牡,4,内田博幸, 57 ,13,4,１, ,ダ1800,良,,(美),小笠倫弘,1555,-0.2,12,8,6,37.8,510,+2,
,"2018. 4. 1",中山,3中4,500万,500万下*,2,3,ディアジラソル,牝,3,内田博幸, 54 ,16,3,１, ,芝1600,良,,(美),高橋裕,1346,-0.0,5,6,5,34.5,428,-2,
,"2018. 4. 1",中山,3中4,未勝利,未勝利,1,1,サトノディード,牡,3,北村宏司, 56 ,15,2,１, ,ダ1800,良,,(美),国枝栄,1564,-0.0,4,5,5,38.9,496,-10,
,"2018. 4. 1",中山,3中4,未勝利,障害未勝利,8,11,メイショウラプター,牡,4,小坂忠士, 59 ,11,2,１, ,ダ2880,良,,(栗),南井克巳,3141,-0.4,2,2,2,13.5,466,-4,
,"2018. 4. 1",中山,3中4,未勝利,未勝利,7,13,グットクルサマー,牡,3,柴山雄一, 56 ,16,9,１, ,芝1600,良,,(美),国枝栄,1353,-0.2,8,3,2,34.3,492,-2,
,"2018. 4. 1",中山,3中4,未勝利,未勝利,7,13,ホウオウスクラム,牡,3,大野拓弥, 56 ,16,2,１, ,ダ1200,良,,(美),奥村武,1134,-0.0,,2,2,38.5,496,0,
,"2018. 4. 1",中山,3中4,未勝利,未勝利・牝,2,3,マーガレットスカイ,牝,3,内田博幸, 54 ,16,1,１, ,ダ1800,良,,(美),黒岩陽一,1567,-0.4,14,6,5,39.1,494,+6,
,"2018. 3.31",中山,3中3,1000万,1000万下,2,2,デジタルフラッシュ,牡,7,北村宏司, 57 ,13,9,１, ,ダ2400,良,,(美),杉浦宏昭,2362,-0.0,6,8,5,37.9,474,-4,
,"2018. 3.31",中山,3中3,Ｇ３,ダービーＨG3,5,9,ヒーズインラブ,牡,5,藤岡康太, 55 ,16,4,１, ,芝1600,良,,(栗),藤岡健一,1322,-0.1,8,11,7,34.1,522,-4,
,"2018. 3.31",中山,3中3,1000万,千葉日報1000,5,9,イノバティブ,牡,4,勝浦正樹, 57 ,16,4,１, ,芝1200,良,,(美),相沢郁,1086,-0.2,,11,7,33.7,464,-2,
,"2018. 3.31",中山,3中3,500万,山吹賞500*,8,10,レイエスプランドル,牡,3,石橋脩, 56 ,11,6,１, ,芝2200,良,,(栗),吉田直弘,2138,-0.0,2,2,2,34.5,496,+12,
,"2018. 3.31",中山,3中3,500万,500万下,7,14,グランティエラ,牡,4,三浦皇成, 57 ,16,1,１, ,ダ1200,良,,(美),清水英克,1126,-0.3,,2,3,37.8,502,0,
,"2018. 3.31",中山,3中3,500万,500万下,8,9,ベラポーサ,牝,5,石橋脩, 55 ,10,1,１, ,ダ1800,良,,(美),堀宣行,1550,-0.3,3,2,2,37.4,504,+4,
,"2018. 3.31",中山,3中3,500万,500万下*,1,1,クレヴァーパッチ,牡,3,ミナリク, 56 ,16,1,１, ,ダ1200,良,,(美),加藤征弘,1120,-0.2,,5,4,37.1,504,-4,
,"2018. 3.31",中山,3中3,未勝利,未勝利,5,9,ユウセイフラッシュ,牡,3,三浦皇成, 56 ,18,2,１, ,芝2000,良,,(美),戸田博文,2027,-0.1,8,8,9,35.0,452,-2,
,"2018. 3.31",中山,3中3,未勝利,未勝利,8,13,ネオダラス,牡,3,江田照男, 56 ,14,4,１, ,ダ1800,良,,(美),田村康仁,1570,-0.2,4,4,1,38.8,492,-4,
,"2018. 3.31",中山,3中3,未勝利,未勝利,7,13,カタナ,牡,3,松岡正海, 56 ,16,4,１, ,ダ1200,良,,(美),上原博之,1127,-0.7,,5,3,37.3,486,-8,
,"2018. 3.31",中山,3中3,未勝利,未勝利,1,2,トップホライゾン,牡,3,柴山雄一, 56 ,16,2,１, ,ダ1800,良,,(美),萱野浩二,1560,-0.6,1,1,1,39.0,498,0,
,"2018. 3.31",中山,3中3,未勝利,未勝利・牝,2,4,マローネメタリコ,牝,3,二本柳壮, 54 ,16,10,１, ,ダ1200,良,,(美),萩原清,1128,-0.3,,10,9,36.3,486,,
,"2018. 3.25",中山,3中2,1000万,1000万下,1,1,ダノンアイリス,牝,5,横山典弘, 55 ,16,3,１, ,ダ1200,良,,(美),尾関知人,1116,-0.0,,8,6,36.5,486,+2,
,"2018. 3.25",中山,3中2,Ｇ３,マーチＳＨG3,4,8,センチュリオン,牡,6,幸英明, 57 ,16,2,１, ,ダ1800,良,,(美),田村康仁,1521,-0.0,4,3,3,37.6,536,0,
,"2018. 3.25",中山,3中2,1600万,美浦Ｓ1600,7,8,サーブルオール,牡,5,ルメール, 57 ,11,2,１, ,芝2000,良,,(美),萩原清,1599,-0.1,7,2,2,35.4,486,-2,
,"2018. 3.25",中山,3中2,1000万,両国特別1000,7,7,ジョンブドール,牝,6,ルメール, 55 ,8,1,１, ,芝1800,良,,(美),高橋文雅,1496,-0.2,4,4,4,35.0,458,+10,
,"2018. 3.25",中山,3中2,500万,500万下,3,5,ミッキーワイン,牡,4,菊沢一樹,54▲,16,2,１, ,ダ1200,稍,,(美),菊沢隆徳,1118,-0.0,,1,1,37.3,484,-8,B
,"2018. 3.25",中山,3中2,500万,500万下,4,4,ボーントゥレイン,牡,5,幸英明, 57 ,13,5,１, ,ダ1800,稍,,(美),田村康仁,1548,-0.2,12,12,9,38.4,518,-8,
,"2018. 3.25",中山,3中2,500万,500万下*,7,13,キングキングキング,牡,3,蛯名正義, 56 ,15,5,１, ,芝1200,良,,(美),国枝栄,1097,-0.2,,4,3,35.3,482,+4,
,"2018. 3.25",中山,3中2,500万,500万下*,2,2,ロードライト,牝,3,嶋田純次, 54 ,11,6,１, ,芝1800,良,,(美),手塚貴久,1516,-0.0,3,3,3,35.2,410,-2,
,"2018. 3.25",中山,3中2,未勝利,未勝利,7,11,ヘッドストリーム,牡,3,津村明秀, 56 ,13,3,１, ,芝2200,良,,(美),武井亮,2155,-0.4,1,1,1,36.9,444,-6,
,"2018. 3.25",中山,3中2,未勝利,未勝利,2,3,ゲンパチカイナル,牡,3,ルメール, 56 ,15,1,１, ,ダ1800,稍,,(美),田村康仁,1547,-1.2,1,1,1,39.4,478,-4,
,"2018. 3.25",中山,3中2,未勝利,未勝利,1,2,ジョイズエターナル,牝,3,蛯名正義, 54 ,16,2,１, ,ダ1200,稍,,(美),武藤善則,1125,-0.3,,1,1,38.3,468,+2,
,"2018. 3.25",中山,3中2,未勝利,未勝利・牝,5,9,フクキタル,牝,3,ルメール, 54 ,16,2,１, ,ダ1800,稍,,(美),竹内正洋,1565,-0.1,5,3,3,40.7,438,+6,
,"2018. 3.24",中山,3中1,1000万,1000万下,3,3,ルフォール,牝,5,Ｍ．デム, 55 ,12,1,１, ,ダ1800,稍,,(美),堀宣行,1530,-0.0,5,6,6,36.7,490,-4,
,"2018. 3.24",中山,3中1,Ｇ２,日経賞G2,7,12,ガンコ,牡,5,藤岡佑介, 56 ,15,3,１, ,芝2500,良,,(栗),松元茂樹,2339,-0.1,2,2,2,35.6,502,-2,
,"2018. 3.24",中山,3中1,1600万,春風Ｓ1600,5,10,ワンダーヴィーヴァ,牡,8,丸山元気, 57 ,16,15,１, ,ダ1200,稍,,(栗),笹田和秀,1108,-0.0,,3,3,35.9,572,+12,
,"2018. 3.24",中山,3中1,500万,ミモザ賞500*,8,11,レッドベルローズ,牝,3,ルメール, 54 ,11,1,１, ,芝2000,良,,(美),鹿戸雄一,2018,-0.2,3,3,2,35.5,450,+6,
,"2018. 3.24",中山,3中1,ｵｰﾌﾟﾝ,ペガサス,1,1,マイネルクロップ,牡,8,山本康志, 60 ,8,5,１, ,芝3350,良,,(美),畠山吉宏,3435,-0.0,2,2,2,13.3,520,-8,
,"2018. 3.24",中山,3中1,500万,500万下・牝,6,7,ブライトリビング,牝,5,大野拓弥, 55 ,11,1,１, ,ダ1800,稍,,(美),久保田貴,1533,-0.1,3,4,2,38.4,484,+6,
,"2018. 3.24",中山,3中1,500万,500万下,3,6,トモジャポルックス,牡,5,藤岡佑介, 57 ,16,4,１, ,ダ1200,稍,,(美),鈴木伸尋,1118,-0.2,,5,3,37.2,484,+2,
,"2018. 3.24",中山,3中1,500万,500万下*,2,2,マイネルユキツバキ,牡,3,柴田大知, 56 ,14,2,１, ,ダ1800,稍,,(美),高木登,1529,-0.3,3,2,1,39.4,520,-2,
,"2018. 3.24",中山,3中1,未勝利,未勝利,8,15,フレッチア,牡,3,ルメール, 56 ,16,1,１, ,芝1600,稍,,(美),木村哲也,1353,-0.5,9,6,3,35.8,482,-8,
,"2018. 3.24",中山,3中1,未勝利,未勝利,5,10,ウインオルビット,牡,3,松岡正海, 56 ,16,10,１, ,芝1800,稍,,(美),青木孝文,1511,-0.0,3,3,3,35.9,486,-6,
,"2018. 3.24",中山,3中1,未勝利,未勝利,6,11,ツクバクロオー,牡,3,丸山元気, 56 ,16,1,１, ,ダ1200,重,,(美),根本康広,1116,-0.7,,2,2,36.9,454,+2,
,"2018. 3.24",中山,3中1,未勝利,未勝利,1,1,ゴールドクロス,牡,3,三浦皇成, 56 ,16,6,１, ,ダ1800,重,,(美),小西一男,1555,-0.7,1,1,1,39.6,482,-8,
,"2018. 3.18",中山,2中8,1000万,1000万下,6,11,アナザートゥルース,セ,4,大野拓弥, 57 ,16,5,１, ,ダ1800,良,,(美),高木登,1547,-0.0,3,3,3,39.0,486,+4,
,"2018. 3.18",中山,2中8,Ｇ２,スプリンG2,6,8,ステルヴィオ,牡,3,ルメール, 56 ,13,1,１, ,芝1800,良,*,(美),木村哲也,1481,-0.0,8,7,6,34.1,466,+6,
,"2018. 3.18",中山,2中8,ｵｰﾌﾟﾝ,千葉ＳＨ,8,15,ウインオスカー,牡,5,菱田裕二, 54 ,16,10,１, ,ダ1200,良,,(栗),飯田雄三,1111,-0.0,,4,3,35.9,508,+2,B
,"2018. 3.18",中山,2中8,1600万,幕張Ｓ1600,6,8,ゴールドサーベラス,牡,6,大野拓弥, 57 ,12,8,１, ,芝1600,良,,(美),清水英克,1343,-0.0,9,10,9,34.4,460,+6,
,"2018. 3.18",中山,2中8,500万,500万下,7,12,スパイラルダイブ,牡,4,ルメール, 57 ,14,2,１, ,芝2000,良,,(美),古賀慎明,2019,-0.3,6,6,5,35.3,430,-6,
,"2018. 3.18",中山,2中8,500万,500万下,2,3,カブキモノ,牡,5,田辺裕信, 57 ,16,1,１, ,ダ1800,良,,(美),武市康男,1551,-0.8,1,1,1,39.3,504,-2,B
,"2018. 3.18",中山,2中8,500万,500万下*,6,7,アイスフィヨルド,牡,3,戸崎圭太, 56 ,11,3,１, ,芝1600,良,,(美),武藤善則,1351,-0.0,3,3,2,34.8,440,0,
,"2018. 3.18",中山,2中8,未勝利,未勝利・牝,4,7,アストラサンタン,牝,3,Ｍ．デム, 54 ,16,1,１, ,芝1800,良,,(美),戸田博文,1494,-0.0,5,5,3,35.3,454,-2,
,"2018. 3.18",中山,2中8,新馬,新馬,5,9,フェンドオフ,牡,3,井上敏樹,55☆,15,7,１, ,ダ1800,良,,(美),斎藤誠,1566,-0.7,1,1,1,39.0,476,,
,"2018. 3.18",中山,2中8,未勝利,未勝利,2,3,ケイアイテディ,牡,3,北村宏司, 56 ,16,1,１, ,ダ1200,良,,(美),池上昌和,1132,-0.0,,3,2,38.0,450,-2,
,"2018. 3.18",中山,2中8,未勝利,未勝利,7,13,クリノロマン,牝,3,西田雄一, 54 ,16,4,１, ,ダ1200,良,,(美),天間昭一,1132,-0.0,,1,1,38.3,454,-4,
,"2018. 3.18",中山,2中8,未勝利,未勝利,6,11,アドマイヤヒビキ,牡,3,ミナリク, 56 ,16,2,１, ,ダ1800,良,,(美),加藤征弘,1576,-0.2,4,3,2,39.2,560,-4,
,"2018. 3.18",中山,2中8,未勝利,未勝利・牝,1,2,エンゲージリング,牝,3,岩部純二, 54 ,16,1,１, ,ダ1200,良,,(美),大江原哲,1129,-0.9,,1,1,38.1,466,-6,
,"2018. 3.17",中山,2中7,500万,500万下,1,1,マッジョネラ,セ,4,菊沢一樹,54▲,16,13,１, ,ダ1200,良,,(美),菊沢隆徳,1121,-0.2,,1,1,37.8,496,-8,
,"2018. 3.17",中山,2中7,Ｇ３,フラワーG3,7,10,カンタービレ,牝,3,Ｍ．デム, 54 ,13,2,１, ,芝1800,良,,(栗),角居勝彦,1492,-0.0,5,5,4,35.1,428,-6,
,"2018. 3.17",中山,2中7,1600万,韓国馬事1600,1,1,ブライトンロック,牡,4,田中勝春, 57 ,15,5,１, ,ダ1800,良,,(美),田中清隆,1535,-0.3,9,11,9,37.1,452,-6,
,"2018. 3.17",中山,2中7,1000万,鎌ケ谷特1000,3,3,ショウナンアンセム,牡,5,吉田隼人, 57 ,8,2,１, ,芝1600,良,,(美),田中剛,1344,-0.3,3,3,3,34.8,486,0,
,"2018. 3.17",中山,2中7,1000万,1000万下・牝,1,1,レッドジェノヴァ,牝,4,池添謙一, 55 ,8,3,１, ,芝2000,良,,(美),小島茂之,2028,-0.2,2,3,2,34.9,502,-2,
,"2018. 3.17",中山,2中7,500万,500万下,6,8,ワンダーラジャ,牡,4,柴田大知, 56 ,13,3,１, ,ダ2400,良,,(栗),沖芳夫,2379,-0.1,10,5,5,38.6,484,-6,
,"2018. 3.17",中山,2中7,未勝利,未勝利,8,15,パイオニアバイオ,牝,3,石橋脩, 54 ,16,1,１, ,芝2000,良,,(美),牧光二,2034,-0.2,6,6,3,36.3,416,0,
,"2018. 3.17",中山,2中7,未勝利,未勝利,4,8,シュバルツリッター,牡,3,Ｍ．デム, 56 ,16,1,１, ,芝1600,良,,(美),伊藤大士,1353,-0.2,3,2,2,36.2,466,+4,
,"2018. 3.17",中山,2中7,500万,500万下*,3,4,キャベンディッシュ,牡,3,Ｍ．デム, 56 ,15,3,１, ,ダ1800,良,,(美),小桧山悟,1552,-0.3,14,2,1,38.9,484,0,
,"2018. 3.17",中山,2中7,未勝利,未勝利,6,11,レアバード,牡,3,田中勝春, 56 ,16,1,１, ,ダ1800,良,,(美),高市圭二,1580,-0.1,5,7,3,39.5,516,-2,
,"2018. 3.17",中山,2中7,未勝利,未勝利,7,13,サトノユニゾン,牡,3,北村宏司, 56 ,16,1,１, ,ダ1200,良,,(美),古賀慎明,1132,-0.1,,4,5,38.1,498,-2,
,"2018. 3.17",中山,2中7,未勝利,未勝利・牝,6,12,マイントラウム,牝,3,石橋脩, 54 ,16,1,１, ,ダ1800,良,,(美),尾関知人,1573,-0.0,7,2,2,40.6,482,-2,
,"2018. 3.11",中山,2中6,1000万,1000万下,2,4,メイショウボンロク,牡,7,城戸義政, 57 ,16,11,１, ,ダ1200,稍,,(栗),松下武士,1120,-0.0,,7,7,37.2,502,+4,
,"2018. 3.11",中山,2中6,ｵｰﾌﾟﾝ,アネモネ,4,5,ハーレムライン,牝,3,大野拓弥, 54 ,13,1,１, ,芝1600,稍,,(美),田中清隆,1355,-0.2,2,2,2,35.2,456,-2,
,"2018. 3.11",中山,2中6,ｵｰﾌﾟﾝ,東風Ｓ,5,5,ミュゼエイリアン,セ,6,ミナリク, 56 ,12,7,１, ,芝1600,稍,,(美),黒岩陽一,1353,-0.0,1,1,1,34.7,494,+12,
,"2018. 3.11",中山,2中6,1000万,館山特別1000,2,2,フリージングレイン,牡,4,石橋脩, 57 ,13,2,１, ,芝2000,稍,,(美),古賀慎明,2023,-0.4,2,2,1,35.4,522,-6,
,"2018. 3.11",中山,2中6,500万,500万下,3,4,エンパイアステート,セ,5,嘉藤貴行, 57 ,14,3,１, ,ダ1800,稍,,(美),高柳瑞樹,1543,-0.6,13,6,4,38.8,506,-2,
,"2018. 3.11",中山,2中6,500万,500万下,7,13,エタニティーワルツ,牡,5,西田雄一, 57 ,16,4,１, ,ダ1200,稍,,(美),大和田成,1123,-0.0,,5,6,37.0,504,0,
,"2018. 3.11",中山,2中6,500万,500万下*,1,1,コスモインザハート,牡,3,柴田大知, 56 ,9,3,１, ,芝2000,稍,,(栗),西園正都,2023,-0.0,3,4,4,36.1,478,-4,
,"2018. 3.11",中山,2中6,未勝利,未勝利,4,7,エストスペリオル,牡,3,石橋脩, 56 ,16,1,１, ,芝2200,稍,,(美),堀宣行,2168,-0.1,5,4,3,35.9,442,-4,
,"2018. 3.11",中山,2中6,新馬,新馬,5,9,シールート,牡,3,内田博幸, 56 ,16,1,１, ,ダ1800,稍,,(美),古賀慎明,1583,-0.6,6,1,1,40.4,496,,
,"2018. 3.11",中山,2中6,未勝利,未勝利,3,5,シセイタケル,牡,3,ミナリク, 56 ,16,1,１, ,ダ1200,稍,,(美),高橋文雅,1125,-0.1,,7,6,37.3,452,-12,
,"2018. 3.11",中山,2中6,未勝利,未勝利,7,13,トーセンヴィータ,牡,3,内田博幸, 56 ,16,1,１, ,ダ1800,稍,,(美),古賀慎明,1556,-0.0,2,2,2,38.7,530,+2,
,"2018. 3.11",中山,2中6,未勝利,未勝利・牝,7,13,アルマユディト,牝,3,松岡正海, 54 ,16,3,１, ,ダ1200,稍,,(美),中舘英二,1135,-0.0,,1,1,38.4,484,-2,
,"2018. 3.10",中山,2中5,1000万,1000万下,1,1,マイネルビクトリー,牡,5,柴田大知, 57 ,9,1,１, ,ダ2400,重,,(美),畠山吉宏,2348,-0.1,7,6,4,37.2,500,-2,
,"2018. 3.10",中山,2中5,Ｇ３,中山牝馬ＨG3,8,14,カワキタエンカ,牝,4,池添謙一, 53 ,14,6,１, ,芝1800,稍,,(栗),浜田多実,1490,-0.1,1,1,1,35.4,460,-8,
,"2018. 3.10",中山,2中5,1600万,サンシＨ1600,1,1,カラビナ,牡,5,藤岡佑介, 55 ,12,1,１, ,芝2500,稍,,(栗),藤岡健一,2356,-0.2,1,1,1,36.4,524,-4,
,"2018. 3.10",中山,2中5,1000万,房総特別1000,7,13,ナンヨーアミーコ,牡,5,柴田善臣, 57 ,16,2,１, ,芝1200,稍,,(美),宗像義忠,1089,-0.2,,8,5,34.4,440,-2,
,"2018. 3.10",中山,2中5,500万,500万下・牝,8,15,アイアムキャツアイ,牝,4,蛯名正義, 55 ,16,3,１, ,ダ1200,重,,(美),奥平雅士,1113,-0.6,,2,2,37.1,436,-12,
,"2018. 3.10",中山,2中5,500万,500万下*,8,8,デュッセルドルフ,牝,3,石橋脩, 54 ,9,2,１, ,芝1600,稍,,(美),木村哲也,1366,-0.0,6,6,5,35.2,454,-2,
,"2018. 3.10",中山,2中5,500万,500万下*,4,5,サニーダンサー,牡,3,ミナリク, 56 ,13,9,１, ,ダ1200,不,,(美),加藤征弘,1117,-0.0,,2,3,37.8,480,+12,
,"2018. 3.10",中山,2中5,未勝利,未勝利,7,13,キューグレーダー,牡,3,戸崎圭太, 56 ,16,1,１, ,芝1800,稍,,(美),栗田徹,1525,-0.2,4,3,3,36.0,510,+2,
,"2018. 3.10",中山,2中5,未勝利,未勝利,4,8,トミケンエンデレア,牡,3,田辺裕信, 56 ,16,2,１, ,ダ1800,不,*,(美),大和田成,1554,-0.2,13,9,2,38.1,486,0,
,"2018. 3.10",中山,2中5,未勝利,未勝利,7,14,グラスレオ,牡,3,田辺裕信, 56 ,16,5,１, ,ダ1200,不,,(美),尾形和幸,1118,-1.0,,5,2,36.8,486,+8,
,"2018. 3.10",中山,2中5,未勝利,未勝利,3,5,ヴィジョンオブラヴ,牡,3,宮崎北斗, 56 ,16,2,１, ,ダ1800,不,,(美),新開幸一,1549,-0.3,5,2,3,37.6,476,+4,
,"2018. 3.10",中山,2中5,未勝利,未勝利・牝,6,9,エレガントクルーズ,牝,3,内田博幸, 54 ,14,4,１, ,ダ1800,不,,(美),木村哲也,1564,-0.2,3,2,2,38.0,528,+4,
,"2018. 3. 4",中山,2中4,1000万,1000万下,6,8,カルヴァリオ,セ,5,大野拓弥, 57 ,12,4,１, ,芝1600,良,,(美),大竹正博,1337,-0.1,5,5,4,34.2,460,-6,
,"2018. 3. 4",中山,2中4,Ｇ２,弥生賞G2,8,9,ダノンプレミアム,牡,3,川田将雅, 56 ,10,1,１, ,芝2000,良,,(栗),中内田充,2010,-0.2,2,2,2,34.1,498,+8,
,"2018. 3. 4",中山,2中4,ｵｰﾌﾟﾝ,総武Ｓ,2,4,センチュリオン,牡,6,大野拓弥, 57 ,16,1,１, ,ダ1800,良,,(美),田村康仁,1528,-0.0,4,5,3,38.0,536,+4,
,"2018. 3. 4",中山,2中4,1600万,スピカＳ1600,4,4,エアアンセム,牡,7,川田将雅, 57 ,10,3,１, ,芝1800,良,,(栗),吉村圭司,1487,-0.0,3,3,2,34.2,496,+2,
,"2018. 3. 4",中山,2中4,1000万,1000万下・牝,4,6,パレスハングリー,牝,4,野中悠太,52▲,14,2,１, ,ダ1800,良,,(美),大江原哲,1542,-0.8,4,3,4,38.1,474,-8,
,"2018. 3. 4",中山,2中4,500万,500万下,3,6,スズカゴーディー,牡,4,内田博幸, 57 ,16,1,１, ,ダ1200,良,*,(美),伊藤圭三,1130,-0.3,,7,6,36.7,484,-6,B
,"2018. 3. 4",中山,2中4,500万,500万下*,7,12,ラムセスバローズ,牡,3,ルメール, 56 ,14,1,１, ,芝1600,良,,(美),木村哲也,1353,-0.1,9,7,6,35.3,498,-4,
,"2018. 3. 4",中山,2中4,未勝利,未勝利・牝,8,14,ラブラブラブ,牝,3,松岡正海, 54 ,15,4,１, ,芝1800,良,*,(美),大和田成,1518,-0.1,9,4,4,34.5,438,+2,
,"2018. 3. 4",中山,2中4,ｵｰﾌﾟﾝ,障害・オープ,6,10,ディライトフル,セ,7,白浜雄造, 60 ,14,3,１, ,ダ3200,良,,(栗),大久保龍,3344,-0.6,1,1,1,13.4,480,-8,
,"2018. 3. 4",中山,2中4,新馬,新馬,2,3,レオアルティメット,牡,3,江田照男, 56 ,16,11,１, ,ダ1800,良,*,(美),牧光二,1593,-0.3,1,1,1,38.7,530,,
,"2018. 3. 4",中山,2中4,未勝利,未勝利,7,14,ブラウローゼット,牡,3,宮崎北斗, 56 ,16,2,１, ,ダ1200,良,,(美),粕谷昌央,1134,-0.3,,2,2,38.1,484,-2,B
,"2018. 3. 4",中山,2中4,未勝利,未勝利,3,5,ハービンマオ,牝,3,松岡正海, 54 ,16,4,１, ,ダ1800,良,,(美),中舘英二,1572,-0.6,15,7,6,39.2,450,+2,
,"2018. 3. 3",中山,2中3,1000万,1000万下,5,9,マイネルエスパス,牡,6,柴田大知, 57 ,16,8,１, ,ダ1200,稍,,(美),菊川正達,1119,-0.2,,6,5,37.2,528,+14,
,"2018. 3. 3",中山,2中3,Ｇ３,オーシャG3,4,7,キングハート,牡,5,北村宏司, 56 ,16,10,１, ,芝1200,良,,(美),星野忍,1083,-0.0,,4,4,34.3,504,+6,
,"2018. 3. 3",中山,2中3,1600万,上総ＳＨ1600,2,4,ハイランドピーク,牡,4,横山典弘, 56 ,16,1,１, ,ダ1800,稍,,(美),土田稔,1523,-0.8,1,1,1,37.0,468,+4,
,"2018. 3. 3",中山,2中3,1000万,潮来特別1000,3,3,エスティーム,牡,4,大野拓弥, 56 ,10,9,１, ,芝2500,良,,(美),金成貴史,2362,-0.0,5,8,7,35.1,520,-4,
,"2018. 3. 3",中山,2中3,500万,500万下,1,1,ルフォール,牝,5,Ｍ．デム, 55 ,16,3,１, ,ダ1800,稍,,(美),堀宣行,1544,-0.5,2,2,2,37.4,494,+16,
,"2018. 3. 3",中山,2中3,500万,500万下*,1,1,トウカイパシオン,牝,3,江田照男, 54 ,16,2,１, ,ダ1200,稍,,(美),菊川正達,1122,-0.2,,1,1,38.2,432,-8,
,"2018. 3. 3",中山,2中3,未勝利,未勝利,3,5,コスモレリア,牡,3,柴田大知, 56 ,16,2,１, ,芝2000,良,,(美),奥村武,2025,-0.5,1,1,1,36.3,468,0,
,"2018. 3. 3",中山,2中3,未勝利,未勝利,4,8,ワールドヘリテージ,牡,3,勝浦正樹, 56 ,16,1,１, ,芝1600,良,,(美),金成貴史,1364,-0.1,4,5,4,35.0,444,-4,
,"2018. 3. 3",中山,2中3,500万,500万下*,4,5,ミッキーポジション,牡,3,横山典弘, 56 ,13,4,１, ,ダ1800,稍,,(美),菊沢隆徳,1543,-0.0,5,3,2,38.8,494,-4,
,"2018. 3. 3",中山,2中3,新馬,新馬,4,8,プロミネンス,牝,3,武藤雅,52△,16,1,１, ,ダ1200,稍,,(美),小島茂之,1128,-0.3,,1,1,37.7,458,,
,"2018. 3. 3",中山,2中3,未勝利,未勝利,4,7,ラインアストリア,牝,3,武藤雅,52△,16,2,１, ,ダ1800,稍,,(美),水野貴広,1567,-0.1,11,10,9,39.5,474,0,
,"2018. 3. 3",中山,2中3,未勝利,未勝利・牝,4,8,カレイドスコープ,牝,3,吉田隼人, 54 ,16,6,１, ,ダ1200,稍,,(美),菊沢隆徳,1130,-0.0,,5,4,38.0,458,-10,
,"2018. 2.25",中山,2中2,1000万,1000万下,6,12,メイショウオルソ,牡,5,武藤雅,55△,16,2,１, ,ダ1200,良,,(栗),松永昌博,1117,-0.0,,6,5,36.5,518,+4,
,"2018. 2.25",中山,2中2,Ｇ２,中山記念G2,5,5,ウインブライト,牡,4,松岡正海, 56 ,10,2,１, ,芝1800,良,,(美),畠山吉宏,1476,-0.0,4,4,3,34.9,474,-6,
,"2018. 2.25",中山,2中2,1600万,ブラッド1600,6,6,ハットラブ,牝,4,横山典弘, 55 ,10,1,１, ,ダ1200,良,,(美),菊沢隆徳,1113,-0.4,,5,3,36.0,476,-4,
,"2018. 2.25",中山,2中2,500万,黄梅賞500*,7,9,カイザーメランジェ,牡,3,田辺裕信, 56 ,12,3,１, ,芝1200,良,,(美),中野栄治,1091,-0.1,,11,9,34.3,460,-2,
,"2018. 2.25",中山,2中2,500万,500万下,5,9,アルトリウス,牡,4,武藤雅,55△,16,1,１, ,芝1600,良,,(美),藤沢和雄,1352,-0.0,7,7,7,35.0,482,+10,B
,"2018. 2.25",中山,2中2,500万,500万下,6,12,グッドラックサマー,牡,4,横山和生, 56 ,16,1,１, ,ダ1800,良,,(美),尾形和幸,1552,-0.8,2,2,2,38.4,554,-2,
,"2018. 2.25",中山,2中2,500万,500万下・牝*,3,4,メサルティム,牝,3,内田博幸, 54 ,14,9,１, ,芝1800,良,,(栗),荒川義之,1498,-0.2,5,5,3,35.0,426,+6,
,"2018. 2.25",中山,2中2,未勝利,未勝利,8,16,ロードジパング,牡,3,三浦皇成, 56 ,16,4,１, ,芝2200,良,,(美),菊川正達,2168,-0.2,1,1,2,35.7,448,0,
,"2018. 2.25",中山,2中2,新馬,新馬,2,3,タイセイシュラーク,牡,3,三浦皇成, 56 ,16,4,１, ,ダ1200,良,,(美),新開幸一,1134,-0.0,,2,2,37.7,474,,
,"2018. 2.25",中山,2中2,未勝利,未勝利,6,11,ライクアロケット,牡,3,三浦皇成, 56 ,16,7,１, ,ダ1800,良,,(美),小西一男,1581,-0.2,15,11,8,38.5,466,,
,"2018. 2.25",中山,2中2,未勝利,未勝利,1,1,ウメタロウ,牡,3,松岡正海, 56 ,15,2,１, ,ダ1200,良,,(美),伊藤大士,1134,-0.1,,1,1,38.1,494,-2,
,"2018. 2.25",中山,2中2,未勝利,未勝利・牝,4,7,カグラヤルージュ,牝,3,菅原隆一, 54 ,16,2,１, ,ダ1800,良,,(美),奥平雅士,1585,-0.1,9,10,9,38.3,468,+2,
,"2018. 2.24",中山,2中1,1000万,1000万下,4,4,クリノライメイ,牡,4,蛯名正義, 56 ,13,5,１, ,ダ1800,良,,(栗),荒川義之,1540,-0.0,2,2,2,37.7,502,-10,
,"2018. 2.24",中山,2中1,1600万,アクアＨ1600,8,15,レジーナフォルテ,牝,4,杉原誠人, 53 ,16,9,１, ,芝1200,良,,(美),佐藤吉勝,1083,-0.2,,4,3,34.7,494,+2,
,"2018. 2.24",中山,2中1,1000万,富里特Ｈ1000,7,14,ベアインマインド,牝,5,ミナリク, 53 ,16,11,１, ,芝1800,良,,(美),加藤征弘,1498,-0.0,4,5,4,33.9,430,-4,
,"2018. 2.24",中山,2中1,500万,水仙賞500*,1,1,ロサグラウカ,牝,3,石橋脩, 54 ,9,4,１, ,芝2200,良,,(美),尾関知人,2154,-0.2,3,3,3,34.3,434,-6,
,"2018. 2.24",中山,2中1,500万,500万下,2,3,メンデンホール,牝,5,横山典弘, 55 ,16,3,１, ,ダ1200,良,,(美),小島太,1124,-0.0,,12,9,36.6,492,-6,
,"2018. 2.24",中山,2中1,500万,500万下*,8,13,クレディブル,牡,3,田辺裕信, 56 ,14,4,１, ,ダ1800,良,,(美),萩原清,1563,-0.1,14,13,12,38.7,504,+6,
,"2018. 2.24",中山,2中1,新馬,新馬,4,7,ルーモス,牝,3,横山典弘, 54 ,16,1,１, ,芝2000,良,,(美),奥平雅士,2055,-0.0,4,4,5,35.2,470,,
,"2018. 2.24",中山,2中1,未勝利,未勝利,3,6,ヒシヴィクトリー,牡,3,勝浦正樹, 56 ,16,5,１, ,芝1800,良,,(美),牧光二,1499,-0.1,9,9,4,34.2,476,-6,
,"2018. 2.24",中山,2中1,未勝利,障害未勝利,6,10,マイネルクロップ,牡,8,山本康志, 60 ,14,1,１, ,ダ2880,良,,(美),畠山吉宏,3129,-0.5,3,3,1,13.4,528,+2,
,"2018. 2.24",中山,2中1,未勝利,未勝利,4,7,ノボマハロ,牡,3,内田博幸, 56 ,16,3,１, ,ダ1200,良,,(美),天間昭一,1127,-0.1,,9,6,36.9,522,+8,
,"2018. 2.24",中山,2中1,未勝利,未勝利,6,12,シャイニーロケット,牡,3,田辺裕信, 56 ,16,1,１, ,ダ1800,良,,(美),尾形充弘,1566,-1.2,12,3,3,38.4,454,-2,
,"2018. 2.24",中山,2中1,未勝利,未勝利・牝,6,12,グラスルーナ,牝,3,木幡初広, 54 ,16,3,１, ,ダ1200,良,,(美),杉浦宏昭,1133,-0.0,,2,2,38.1,492,+6,
,"2018. 1.21",中山,1中7,1000万,1000万下・牝,3,3,フローレスマジック,牝,4,ルメール, 54 ,12,1,１, ,芝1800,良,,(美),木村哲也,1489,-0.2,5,5,5,35.2,472,+8,
,"2018. 1.21",中山,1中7,Ｇ２,アメリカG2,6,7,ダンビュライト,牡,4,Ｍ．デム, 55 ,11,2,１, ,芝2200,良,,(栗),音無秀孝,2133,-0.3,2,2,2,35.4,474,-4,
,"2018. 1.21",中山,1中7,1000万,頌春賞1000,4,7,マテラスカイ,牡,4,武豊, 56 ,15,6,１, ,ダ1200,稍,,(栗),森秀行,1109,-0.2,,1,1,37.5,516,-4,
,"2018. 1.21",中山,1中7,500万,若竹賞500*,3,3,レノヴァール,牡,3,Ｍ．デム, 56 ,9,2,１, ,芝1800,良,,(栗),高野友和,1501,-0.0,5,5,3,34.6,506,-2,
,"2018. 1.21",中山,1中7,500万,500万下,1,2,ノーフィアー,牡,4,江田照男, 56 ,16,4,１, ,ダ1200,稍,,(美),佐藤吉勝,1118,-0.0,,4,4,37.3,494,-2,
,"2018. 1.21",中山,1中7,500万,500万下,8,15,インザバブル,牡,5,蛯名正義, 57 ,16,6,１, ,ダ1800,稍,,(美),新開幸一,1547,-0.1,5,3,3,38.4,490,-4,
,"2018. 1.21",中山,1中7,新馬,新馬,7,14,ロフティフレーズ,牝,3,内田博幸, 54 ,16,3,１, ,芝1600,良,,(美),上原博之,1369,-0.0,5,5,5,34.6,444,,
,"2018. 1.21",中山,1中7,未勝利,未勝利,5,9,マイネルキラメキ,牡,3,柴田大知, 56 ,16,6,１, ,芝2200,良,,(美),和田雄二,2161,-0.3,12,11,7,35.6,418,+2,
,"2018. 1.21",中山,1中7,新馬,新馬,6,12,グロンフォール,牡,3,ルメール, 56 ,16,1,１, ,ダ1800,稍,,(美),新開幸一,1569,-1.8,8,2,2,38.6,576,,
,"2018. 1.21",中山,1中7,未勝利,未勝利,8,16,トーセンスティール,牡,3,田中勝春, 56 ,16,2,１, ,ダ1200,稍,,(美),宗像義忠,1128,-0.2,,5,4,37.9,514,+6,
,"2018. 1.21",中山,1中7,未勝利,未勝利,3,4,トモジャタイクーン,牡,3,武豊, 56 ,14,2,１, ,ダ1800,稍,,(美),鈴木伸尋,1590,-0.1,8,13,10,40.4,494,-2,
,"2018. 1.21",中山,1中7,未勝利,未勝利・牝,6,12,ミラビリア,牝,3,田辺裕信, 54 ,16,3,１, ,ダ1200,稍,,(美),中舘英二,1131,-0.3,,3,3,39.0,458,-4,
,"2018. 1.20",中山,1中6,500万,500万下,6,12,クレッシェンドラヴ,牡,4,内田博幸, 56 ,16,2,１, ,芝2200,良,,(美),二ノ宮敬,2149,-0.0,8,8,8,34.3,492,0,
,"2018. 1.20",中山,1中6,1600万,アレキＨ1600,8,16,フェニックスマーク,牡,4,横山典弘, 55 ,16,1,１, ,ダ1800,稍,,(美),田島俊明,1537,-0.2,3,3,3,37.1,546,-2,
,"2018. 1.20",中山,1中6,1000万,東雲賞Ｈ1000,3,3,モアナ,牝,4,内田博幸, 54 ,13,1,１, ,芝1600,良,,(美),高橋文雅,1346,-0.0,2,3,4,34.7,500,+2,
,"2018. 1.20",中山,1中6,1000万,初茜賞1000,6,9,ハイランドピーク,牡,4,横山典弘, 56 ,13,1,１, ,ダ1800,稍,,(美),土田稔,1519,-1.6,1,1,1,37.1,464,-4,
,"2018. 1.20",中山,1中6,500万,500万下・牝,1,1,アースヴィグラス,牝,4,横山典弘, 54 ,16,5,１, ,ダ1200,稍,,(美),粕谷昌央,1119,-0.2,,11,7,36.8,454,-2,
,"2018. 1.20",中山,1中6,500万,500万下*,7,11,タマモアモーレ,牡,3,武藤雅,53▲,14,3,１, ,ダ1200,稍,,(美),伊藤圭三,1117,-0.9,,1,1,37.3,468,+2,B
,"2018. 1.20",中山,1中6,未勝利,未勝利,1,1,ホリデーモード,牡,3,田辺裕信, 56 ,16,1,１, ,芝2000,良,,(美),矢野英一,2037,-0.3,1,1,2,35.5,492,-4,
,"2018. 1.20",中山,1中6,未勝利,未勝利・牝,1,2,テンワールドレイナ,牝,3,三浦皇成, 54 ,16,2,１, ,芝1600,良,*,(美),矢野英一,1349,-0.5,7,7,4,36.0,462,0,
,"2018. 1.20",中山,1中6,新馬,新馬,1,1,トラストテッペン,牝,3,三浦皇成, 54 ,16,5,１, ,ダ1200,稍,,(美),高木登,1128,-0.6,,1,1,38.1,452,,
,"2018. 1.20",中山,1中6,未勝利,未勝利,1,1,ヤマタケパンチ,牡,3,岩部純二, 56 ,12,7,１, ,ダ1800,稍,,(美),萱野浩二,1598,-0.0,10,8,8,38.9,488,0,
,"2018. 1.20",中山,1中6,未勝利,未勝利・牝,6,10,ミレフォリウム,牝,3,戸崎圭太, 54 ,14,1,１, ,ダ1800,稍,,(美),中舘英二,1581,-0.1,6,2,3,39.7,482,+10,
,"2018. 1.20",中山,1中6,未勝利,未勝利,6,11,ドリュウ,牡,3,田辺裕信, 56 ,16,2,１, ,ダ1200,稍,,(美),土田稔,1127,-0.1,,7,7,36.9,444,+2,
,"2018. 1.14",中山,1中5,1000万,1000万下,1,1,ユニゾンデライト,牡,5,木幡初也,56☆,11,4,１, ,芝2200,良,,(美),小島茂之,2184,-0.0,1,1,1,34.7,494,+4,
,"2018. 1.14",中山,1中5,Ｇ３,京成杯G3,8,15,ジェネラーレウーノ,牡,3,田辺裕信, 56 ,15,1,１, ,芝2000,良,,(美),矢野英一,2012,-0.1,2,2,2,36.3,496,-2,
,"2018. 1.14",中山,1中5,ｵｰﾌﾟﾝ,ニューイ,6,6,ダノンプラチナ,牡,6,蛯名正義, 57 ,10,1,１, ,芝1600,良,,(美),国枝栄,1345,-0.2,8,7,7,34.5,490,+8,
,"2018. 1.14",中山,1中5,1600万,初春ＳＨ1600,7,13,コパノマイケル,牡,5,田辺裕信, 54 ,16,3,１, ,ダ1200,良,,(栗),村山明,1110,-0.0,,2,2,37.3,528,+4,B
,"2018. 1.14",中山,1中5,1000万,1000万下,5,10,ソレイユドパリ,牡,4,石橋脩, 56 ,16,1,１, ,ダ1800,良,,(美),堀宣行,1537,-0.5,8,7,4,37.6,526,-2,
,"2018. 1.14",中山,1中5,500万,500万下,3,5,ダウンザライン,牡,4,柴山雄一, 56 ,16,5,１, ,ダ2400,良,,(美),尾形充弘,2366,-0.1,13,6,7,39.2,482,+6,B
,"2018. 1.14",中山,1中5,500万,500万下*,1,2,ビリーバー,牝,3,杉原誠人, 54 ,16,8,１, ,芝1200,良,*,(美),石毛善彦,1096,-0.0,,9,8,35.2,442,0,
,"2018. 1.14",中山,1中5,未勝利,未勝利,6,11,モルフェオルフェ,牝,3,吉田隼人, 54 ,16,4,１, ,芝1600,良,,(美),大江原哲,1356,-0.3,1,1,1,35.3,430,+4,
,"2018. 1.14",中山,1中5,500万,500万下,1,2,デピュティプライム,セ,5,田辺裕信, 57 ,16,1,１, ,ダ1200,良,,(美),小島茂之,1118,-0.2,,11,11,36.5,484,+2,
,"2018. 1.14",中山,1中5,新馬,新馬,5,10,ミズカゼ,牡,3,木幡初也,55☆,16,14,１, ,ダ1800,良,*,(美),田村康仁,1598,-0.1,3,5,5,39.9,472,,
,"2018. 1.14",中山,1中5,未勝利,未勝利,7,14,デルマカルヴァドス,牡,3,武藤雅,53▲,16,1,１, ,ダ1800,良,,(美),和田正一,1579,-1.0,4,2,2,38.8,482,-2,
,"2018. 1.14",中山,1中5,未勝利,未勝利,7,14,ナイツブリッジ,牡,3,石橋脩, 56 ,16,4,１, ,ダ1200,良,,(美),斎藤誠,1132,-0.2,,3,3,38.5,502,0,
,"2018. 1.13",中山,1中4,1000万,1000万下,4,8,ダイトウキョウ,牡,6,田辺裕信, 57 ,16,2,１, ,芝1200,良,,(美),戸田博文,1086,-0.1,,13,13,34.0,464,-2,
,"2018. 1.13",中山,1中4,ｵｰﾌﾟﾝ,ジャニュ,4,7,ベストマッチョ,セ,5,内田博幸, 56 ,15,2,１, ,ダ1200,良,,(美),手塚貴久,1104,-0.2,,3,3,36.3,490,+8,B
,"2018. 1.13",中山,1中4,1600万,初富士Ｓ1600,7,8,サトノスティング,牡,7,横山典弘, 57 ,10,9,１, ,芝1800,良,,(美),的場均,1495,-0.1,6,5,5,34.4,468,+8,
,"2018. 1.13",中山,1中4,500万,菜の花賞500*,2,2,オハナ,牝,3,石橋脩, 54 ,12,1,１, ,芝1600,良,,(美),堀宣行,1360,-0.2,4,4,4,34.6,412,0,
,"2018. 1.13",中山,1中4,1000万,1000万下,3,5,ハットラブ,牝,4,柴山雄一, 54 ,16,10,１, ,ダ1200,良,,(美),菊沢隆徳,1112,-0.4,,8,7,36.0,480,+28,
,"2018. 1.13",中山,1中4,500万,500万下,3,5,ポップアップスター,牡,4,田辺裕信, 56 ,16,1,１, ,ダ1800,良,,(美),金成貴史,1545,-0.1,14,12,8,38.3,530,+2,
,"2018. 1.13",中山,1中4,未勝利,未勝利,5,10,ムーンライトナイト,牝,3,森泰斗, 54 ,16,4,１, ,芝2000,良,,(美),久保田貴,2030,-0.2,9,9,7,35.1,438,+8,
,"2018. 1.13",中山,1中4,新馬,新馬,5,10,エピックスター,牡,3,柴田善臣, 56 ,16,4,１, ,芝1600,良,*,(美),田村康仁,1371,-0.0,14,9,8,34.9,454,,
,"2018. 1.13",中山,1中4,新馬,新馬・牝,1,2,トウカイパシオン,牝,3,江田照男, 54 ,16,4,１, ,ダ1200,良,,(美),菊川正達,1130,-0.8,,1,1,39.0,440,,
,"2018. 1.13",中山,1中4,未勝利,未勝利,6,12,フォーマイセルフ,牡,3,武士沢友, 56 ,16,1,１, ,ダ1800,良,,(美),小桧山悟,1555,-1.3,1,1,1,38.4,458,-4,
,"2018. 1.13",中山,1中4,未勝利,未勝利・牝,2,3,ノアダイヤモンド,牝,3,柴田大知, 54 ,16,9,１, ,ダ1800,良,*,(美),大江原哲,1577,-0.0,7,7,5,40.1,468,+4,
,"2018. 1.13",中山,1中4,未勝利,未勝利,6,12,ノボベイビー,牡,3,森泰斗, 56 ,16,1,１, ,ダ1200,良,,(美),天間昭一,1132,-0.2,,1,1,38.8,468,0,
,"2018. 1. 8",中山,1中3,500万,500万下,5,9,アドマイヤシナイ,牡,4,田辺裕信, 56 ,16,2,１, ,芝1600,良,,(美),上原博之,1361,-0.1,3,3,3,34.9,464,+2,
,"2018. 1. 8",中山,1中3,ｵｰﾌﾟﾝ,カーバン,6,6,ナックビーナス,牝,5,横山典弘, 54 ,9,1,１, ,芝1200,良,,(美),杉浦宏昭,1083,-0.1,,1,1,34.1,522,+4,
,"2018. 1. 8",中山,1中3,1600万,迎春Ｓ1600,6,6,ノーブルマーズ,牡,5,高倉稜, 57 ,9,1,１, ,芝2200,良,,(栗),宮本博,2169,-0.3,3,2,2,34.9,494,-4,
,"2018. 1. 8",中山,1中3,1000万,成田特Ｈ1000,2,3,ブランシェクール,牝,5,三浦皇成, 54 ,15,5,１, ,ダ2400,良,,(美),高柳瑞樹,2364,-0.0,9,2,2,39.2,508,-8,
,"2018. 1. 8",中山,1中3,ｵｰﾌﾟﾝ,中山新春,7,9,ゼンノトライブ,牡,5,難波剛健, 60 ,11,1,１, ,ダ3200,良,,(栗),浅見秀一,3375,-0.1,3,3,3,13.6,444,+4,
,"2018. 1. 8",中山,1中3,1000万,1000万下,1,2,タガノヴィッター,牡,5,石橋脩, 57 ,16,3,１, ,ダ1200,良,,(栗),牧浦充徳,1120,-0.0,,5,5,37.4,518,+8,
,"2018. 1. 8",中山,1中3,1000万,1000万下,7,14,ビックリシタナモー,牡,4,藤田菜七,53▲,16,2,１, ,ダ1200,良,,(栗),音無秀孝,1120,-0.0,,15,12,36.6,516,+2,
,"2018. 1. 8",中山,1中3,500万,500万下・牝,6,11,ダイワエトワール,牝,4,北村宏司, 54 ,16,1,１, ,ダ1800,良,,(美),鹿戸雄一,1554,-0.0,2,3,3,38.4,528,+6,
,"2018. 1. 8",中山,1中3,500万,500万下*,3,3,オウケンムーン,牡,3,北村宏司, 56 ,12,1,１, ,芝2000,良,,(美),国枝栄,2034,-0.2,4,6,4,35.2,468,+12,
,"2018. 1. 8",中山,1中3,新馬,新馬,4,4,ジョワユーズ,牝,3,津村明秀, 54 ,10,5,１, ,ダ1800,良,,(美),相沢郁,1587,-0.6,8,6,6,39.4,466,,
,"2018. 1. 8",中山,1中3,未勝利,未勝利,4,8,キモンプリンス,牡,3,田辺裕信, 56 ,16,16,１, ,ダ1200,良,,(美),上原博之,1140,-0.1,,14,13,38.0,466,+4,
,"2018. 1. 8",中山,1中3,未勝利,未勝利,2,3,ボールドスパルタン,牡,3,丸山元気, 56 ,16,12,１, ,ダ1800,良,,(美),大和田成,1585,-0.2,4,4,3,39.0,470,+16,
,"2018. 1. 8",中山,1中3,未勝利,未勝利・牝,1,1,コスモフォーミュラ,牝,3,石橋脩, 54 ,16,4,１, ,ダ1200,良,,(美),菊沢隆徳,1138,-0.0,,3,2,39.0,470,+2,
,"2018. 1. 7",中山,1中2,1000万,1000万下,6,11,レッドローゼス,牡,4,蛯名正義, 56 ,16,1,１, ,芝2000,良,,(美),国枝栄,2016,-0.1,7,6,3,35.0,484,+8,
,"2018. 1. 7",中山,1中2,Ｇ３,フェアリG3,7,14,プリモシーン,牝,3,戸崎圭太, 54 ,16,2,１, ,芝1600,良,*,(美),木村哲也,1346,-0.2,9,8,5,34.5,482,+8,
,"2018. 1. 7",中山,1中2,ｵｰﾌﾟﾝ,ポルック,1,2,アルタイル,牡,6,田中勝春, 57 ,16,5,１, ,ダ1800,良,,(美),手塚貴久,1524,-0.2,10,9,6,37.7,494,0,B
,"2018. 1. 7",中山,1中2,1600万,サンライ1600,7,14,アイライン,牝,6,勝浦正樹, 55 ,16,14,１, ,芝1200,良,,(美),高橋裕,1082,-0.1,,15,15,34.1,474,-4,
,"2018. 1. 7",中山,1中2,500万,500万下,2,3,ニーマルサンデー,牡,4,大野拓弥, 56 ,16,1,１, ,ダ1800,良,,(美),田村康仁,1549,-0.0,8,6,4,39.5,474,+6,
,"2018. 1. 7",中山,1中2,500万,500万下,2,4,スリラーインマニラ,セ,5,吉田隼人, 57 ,16,3,１, ,ダ1200,良,,(美),武井亮,1120,-0.0,,6,6,37.2,450,+4,
,"2018. 1. 7",中山,1中2,新馬,新馬,5,9,ダイワギャバン,牡,3,田辺裕信, 56 ,16,1,１, ,芝2000,良,,(美),菊沢隆徳,2046,-0.1,10,7,6,35.6,476,,
,"2018. 1. 7",中山,1中2,未勝利,未勝利,3,6,ハーレムライン,牝,3,大野拓弥, 54 ,16,4,１, ,芝1600,良,,(美),田中清隆,1339,-0.2,2,3,2,35.6,458,-8,
,"2018. 1. 7",中山,1中2,新馬,新馬,6,12,マルブツインパルス,牡,3,勝浦正樹, 56 ,16,3,１, ,ダ1200,良,,(美),杉浦宏昭,1148,-0.3,,5,4,39.2,408,,
,"2018. 1. 7",中山,1中2,未勝利,未勝利,8,16,キングスキャット,牡,3,井上敏樹,55☆,16,9,１, ,ダ1800,良,,(美),和田正一,1580,-0.3,1,1,1,39.8,508,+10,
,"2018. 1. 7",中山,1中2,未勝利,未勝利・牝,8,16,オデュッセイア,牝,3,大野拓弥, 54 ,16,6,１, ,ダ1800,良,,(美),新開幸一,1579,-0.0,9,3,3,40.7,456,-2,
,"2018. 1. 7",中山,1中2,未勝利,未勝利,1,1,アメリカンツイスト,牡,3,松岡正海, 56 ,16,2,１, ,ダ1200,良,,(美),中舘英二,1126,-0.0,,4,4,37.5,482,+8,
,"2018. 1. 6",中山,1中1,1000万,1000万下,7,12,ゴールドサーベラス,牡,6,柴山雄一, 57 ,15,2,１, ,芝1600,良,,(美),清水英克,1346,-0.1,10,10,6,34.9,454,-2,
,"2018. 1. 6",中山,1中1,Ｇ３,中山金杯ＨG3,3,6,セダブリランテス,牡,4,戸崎圭太, 55 ,17,1,１, ,芝2000,良,,(美),手塚貴久,1598,-0.0,2,3,3,35.0,522,+8,
,"2018. 1. 6",中山,1中1,ｵｰﾌﾟﾝ,ジュニア,4,4,テンクウ,牡,3,田辺裕信, 56 ,9,1,１, ,芝1600,良,,(美),奥村武,1382,-0.2,3,3,2,34.1,454,+12,
,"2018. 1. 6",中山,1中1,1600万,招福Ｓ1600,7,14,サクラルコール,牡,7,北村宏司, 57 ,16,10,１, ,ダ1800,良,,(美),田島俊明,1524,-0.2,10,10,9,37.4,494,-4,
,"2018. 1. 6",中山,1中1,1000万,1000万下,5,10,ミッシングリンク,牝,4,武藤雅,51▲,16,3,１, ,ダ1800,良,,(美),斎藤誠,1535,-0.3,1,1,1,36.3,522,+4,
,"2018. 1. 6",中山,1中1,500万,500万下,5,9,ベイビーステップ,牡,4,武藤雅,53▲,16,4,１, ,芝2000,良,,(美),菊川正達,2014,-0.3,9,6,4,34.9,486,+2,
,"2018. 1. 6",中山,1中1,500万,500万下*,2,3,ワカミヤオウジ,牡,3,田辺裕信, 56 ,16,2,１, ,ダ1800,良,,(美),栗田徹,1553,-0.2,13,10,10,39.3,476,-4,
,"2018. 1. 6",中山,1中1,未勝利,未勝利,5,9,クリッパー,牝,3,戸崎圭太, 54 ,16,1,１, ,芝2000,良,,(美),高橋文雅,2017,-0.2,3,3,3,35.8,454,+2,
,"2018. 1. 6",中山,1中1,500万,500万下,2,4,メガポリゴン,牡,4,田中勝春, 56 ,16,5,１, ,ダ1200,良,,(美),宗像義忠,1115,-0.7,,1,1,37.6,536,0,
,"2018. 1. 6",中山,1中1,新馬,新馬・牝,4,7,アトムアストレア,牝,3,北村宏司, 54 ,15,9,１, ,ダ1800,良,,(美),勢司和浩,1577,-0.3,3,3,2,39.8,458,,
,"2018. 1. 6",中山,1中1,未勝利,未勝利,7,14,トーセンゼロス,牡,3,内田博幸, 56 ,16,2,１, ,ダ1800,良,,(美),池上昌和,1564,-0.6,9,6,4,39.5,468,-4,
,"2018. 1. 6",中山,1中1,未勝利,未勝利,8,15,コウギョウブライト,牡,3,戸崎圭太, 56 ,16,1,１, ,ダ1200,良,,(美),伊藤大士,1129,-0.1,,2,2,38.7,462,0,
,2017.12.28,中山,5中9,1000万,ベストウ1000,2,4,エンジニア,牡,4,北村宏司, 57 ,16,4,１, ,芝1800,良,,(美),牧光二,1490,-0.1,5,4,4,35.4,484,-2,
,2017.12.28,中山,5中9,Ｇ１,ホープフG1,4,7,タイムフライヤー,牡,2,Ｃ．デム, 55 ,17,1,１, ,芝2000,良,,(栗),松田国英,2014,-0.2,16,16,9,35.5,456,-4,
,2017.12.28,中山,5中9,1000万,ヤングジ1000,4,6,メイプルレインボー,牡,5,森裕太朗, 57 ,14,4,１, ,ダ1800,良,,(美),高市圭二,1540,-0.0,9,7,4,39.9,494,-2,
,2017.12.28,中山,5中9,500万,エスペラ500*,8,16,オーヴァーライト,牡,2,内田博幸, 55 ,16,9,１, ,ダ1200,良,,(美),手塚貴久,1118,-0.1,,4,3,37.9,484,+2,
,2017.12.28,中山,5中9,500万,ヤングジ500,2,2,フリージングレイン,牡,3,荻野極, 56 ,14,1,１, ,芝2000,良,,(美),古賀慎明,2015,-1.2,4,3,2,38.0,520,+4,
,2017.12.28,中山,5中9,500万,500万下,8,15,タイセイストーム,牡,5,石橋脩, 57 ,16,4,１, ,ダ1800,良,,(美),新開幸一,1541,-0.3,1,1,1,38.5,498,+6,
,2017.12.28,中山,5中9,新馬,新馬,5,9,ケイアイマリブ,牡,2,野中悠太,52▲,16,9,１, ,ダ1200,良,,(美),和田正道,1134,-0.2,,2,1,38.8,466,,
,2017.12.28,中山,5中9,新馬,新馬,7,14,レッドイリーゼ,牝,2,松岡正海, 54 ,16,2,１, ,芝1600,良,,(美),手塚貴久,1366,-0.2,10,9,8,35.2,454,,
,2017.12.28,中山,5中9,未勝利,未勝利*,8,16,デルマアブサン,牡,2,村田一誠, 55 ,16,2,１, ,ダ1800,良,,(美),藤原辰雄,1574,-0.0,7,9,7,39.8,466,+4,
,2017.12.28,中山,5中9,未勝利,未勝利*,6,11,ブレステイキング,牡,2,Ｍ．デム, 55 ,16,2,１, ,芝1800,良,,(美),堀宣行,1501,-0.2,5,6,4,36.2,482,-2,
,2017.12.28,中山,5中9,未勝利,未勝利・牝*,4,7,レセディラローナ,牝,2,丸田恭介, 54 ,16,2,１, ,ダ1800,良,,(美),奥村武,1568,-0.5,5,5,2,39.9,512,+6,
,2017.12.28,中山,5中9,未勝利,未勝利*,2,4,コウユーホクト,牡,2,蛯名正義, 55 ,16,1,１, ,ダ1200,良,,(美),竹内正洋,1133,-0.1,,3,2,38.0,504,+2,
,2017.12.24,中山,5中8,1000万,クリスマ1000,7,13,ダイメイフジ,牡,3,ムーア, 56 ,16,1,１, ,芝1200,良,,(栗),森田直行,1090,-0.1,,14,12,34.2,510,0,
,2017.12.24,中山,5中8,Ｇ１,有馬記念G1,1,2,キタサンブラック,牡,5,武豊, 57 ,16,1,１, ,芝2500,良,,(栗),清水久詞,2336,-0.2,1,1,1,35.2,540,-2,
,2017.12.24,中山,5中8,1600万,フェアウ1600,2,3,ヒカリブランデー,牡,6,北村宏司, 57 ,16,4,１, ,ダ1200,良,*,(美),池上昌弘,1114,-0.0,,7,6,36.8,488,0,
,2017.12.24,中山,5中8,1000万,グッドＨ1000,2,2,フェイズベロシティ,牝,4,Ｃ．デム, 54 ,14,4,１, ,芝2500,良,,(美),萩原清,2360,-0.0,12,11,8,34.7,444,+4,
,2017.12.24,中山,5中8,ｵｰﾌﾟﾝ,クリスマ,7,12,タイセイプライド,牡,2,Ｍ．デム, 56 ,15,1,１, ,芝1200,良,,(栗),西村真幸,1090,-0.1,,7,4,34.2,504,-18,
,2017.12.24,中山,5中8,500万,500万下,7,13,シャインヴィットゥ,牡,3,武藤雅,53▲,16,1,１, ,ダ1200,良,,(美),小野次郎,1116,-0.3,,2,2,37.2,474,+6,
,2017.12.24,中山,5中8,500万,500万下・牝,5,10,アズレージョ,牝,3,ルメール, 54 ,16,1,１, ,ダ1800,良,,(美),小西一男,1554,-0.1,9,6,4,39.6,462,+12,
,2017.12.24,中山,5中8,新馬,新馬,8,16,ウイングセクション,牡,2,江田照男, 55 ,18,9,１, ,芝2000,良,*,(美),田中剛,2062,-0.2,6,3,2,35.6,484,,
,2017.12.24,中山,5中8,未勝利,未勝利*,8,16,アルーシャ,牝,2,ルメール, 54 ,16,1,１, ,芝1600,良,,(美),藤沢和雄,1361,-0.1,6,3,3,35.7,430,+10,
,2017.12.24,中山,5中8,未勝利,未勝利*,6,11,ロードネプチューン,牡,2,三浦皇成, 55 ,16,1,１, ,ダ1200,良,,(美),高柳瑞樹,1132,-0.2,,4,4,38.3,472,+2,B
,2017.12.24,中山,5中8,未勝利,未勝利*,8,15,ギガバッケン,牡,2,西田雄一, 55 ,16,1,１, ,ダ1800,良,,(美),中川公成,1583,-0.4,1,1,1,39.7,544,+2,
,2017.12.24,中山,5中8,未勝利,未勝利*,5,9,シキシマ,牡,2,木幡初也,54☆,16,5,１, ,ダ1200,良,,(美),小桧山悟,1133,-0.3,,9,7,37.7,486,+2,
,2017.12.23,中山,5中7,500万,500万下,3,6,ジェイケイオジョウ,牝,3,蛯名正義, 54 ,16,9,１, ,芝1200,良,,(美),堀井雅広,1095,-0.0,,7,6,35.5,458,+4,
,2017.12.23,中山,5中7,1600万,グレイＨ1600,1,1,パフォーマプロミス,牡,5,戸崎圭太, 56 ,16,1,１, ,芝2500,良,,(栗),藤原英昭,2341,-0.1,4,4,4,34.9,452,0,
,2017.12.23,中山,5中7,ＪＧ１,中山大障JG1,4,7,オジュウチョウサン,牡,6,石神深一, 63 ,15,1,１, ,芝4100,良,,(美),和田正一,4361,-0.1,2,2,2,13.5,506,-2,
,2017.12.23,中山,5中7,500万,ノエル賞500,4,7,レッドイグニス,セ,4,田辺裕信, 57 ,16,3,１, ,芝1600,良,,(美),鹿戸雄一,1341,-0.6,2,2,2,35.1,466,+10,
,2017.12.23,中山,5中7,1000万,舞浜特別1000,5,9,スズカグラーテ,牝,3,長岡禎仁, 54 ,16,3,１, ,ダ1200,良,*,(美),柄崎孝,1116,-0.0,,5,5,37.0,460,+6,
,2017.12.23,中山,5中7,500万,500万下,8,15,オメガドラクロワ,牡,3,石橋脩, 55 ,16,1,１, ,ダ2500,良,,(美),堀宣行,2431,-0.0,6,2,2,39.2,466,+20,
,2017.12.23,中山,5中7,新馬,新馬,1,1,ルタンメルヴェイユ,牝,2,石橋脩, 54 ,16,2,１, ,ダ1200,良,,(美),斎藤誠,1140,-0.2,,1,1,38.4,468,,
,2017.12.23,中山,5中7,新馬,新馬,2,4,ワカミヤオウジ,牡,2,田辺裕信, 55 ,16,3,１, ,ダ1800,良,,(美),栗田徹,1563,-0.2,3,2,2,38.0,480,,
,2017.12.23,中山,5中7,未勝利,未勝利*,5,10,カラリエーヴァ,牝,2,戸崎圭太, 54 ,18,5,１, ,芝2000,良,,(美),中川公成,2034,-0.2,2,2,2,36.9,482,-6,
,2017.12.23,中山,5中7,未勝利,未勝利*,6,11,セイウンミツコ,牝,2,三浦皇成, 54 ,16,5,１, ,芝1200,良,,(美),杉浦宏昭,1099,-0.1,,3,3,36.3,446,+2,
,2017.12.23,中山,5中7,未勝利,未勝利*,6,12,ミッキーポジション,牡,2,菊沢一樹,52▲,16,2,１, ,ダ1800,良,,(美),菊沢隆徳,1564,-1.0,14,9,5,39.5,498,+10,
,2017.12.23,中山,5中7,未勝利,未勝利・牝*,5,10,エリーナハーラー,牝,2,シュミノ, 54 ,16,2,１, ,ダ1200,良,,(美),栗田徹,1132,-0.2,,1,1,38.7,462,-6,
,2017.12.17,中山,5中6,1000万,1000万下,5,10,ミッキーグローリー,牡,4,ボウマン, 57 ,16,1,１, ,芝1600,良,,(美),国枝栄,1341,-0.5,6,7,8,34.8,544,+2,
,2017.12.17,中山,5中6,ｵｰﾌﾟﾝ,ディセン,4,4,マイネルハニー,牡,4,柴田大知, 56 ,12,3,１, ,芝1800,良,,(美),栗田博憲,1478,-0.1,2,2,2,35.4,482,+4,
,2017.12.17,中山,5中6,1600万,南総ＳＨ1600,6,11,アレスバローズ,牡,5,Ｍ．デム, 56 ,16,1,１, ,芝1200,良,,(栗),角田晃一,1084,-0.2,,13,8,34.4,490,-2,
,2017.12.17,中山,5中6,1000万,香取特別1000,7,12,マイネルクラース,牡,3,柴田大知, 55 ,14,1,１, ,ダ2400,良,,(美),高木登,2374,-0.2,12,10,3,38.7,460,0,
,2017.12.17,中山,5中6,500万,500万下,6,12,エビスリアン,牡,4,ボウマン, 57 ,16,5,１, ,ダ1200,良,,(美),加藤征弘,1122,-0.3,,5,3,37.7,480,+6,B
,2017.12.17,中山,5中6,500万,500万下*,5,8,タイキフェルヴール,牡,2,戸崎圭太, 55 ,15,2,１, ,ダ1800,良,,(栗),牧浦充徳,1567,-0.0,9,5,3,38.6,484,+4,
,2017.12.17,中山,5中6,新馬,新馬・牝,3,6,アングレーム,牝,2,江田照男, 54 ,16,3,１, ,芝1600,良,,(美),矢野英一,1359,-0.4,2,2,2,36.4,438,,
,2017.12.17,中山,5中6,新馬,新馬,4,4,シークエル,牝,2,大野拓弥, 54 ,12,2,１, ,ダ1800,良,,(美),菊沢隆徳,2005,-0.0,3,4,2,38.9,524,,
,2017.12.17,中山,5中6,未勝利,未勝利*,1,2,ライトカラカゼ,牡,2,大野拓弥, 55 ,17,3,１, ,芝2000,良,,(美),相沢郁,2038,-0.0,2,3,3,36.1,466,-8,
,2017.12.17,中山,5中6,未勝利,未勝利*,8,14,マルターズルーメン,牝,2,柴田善臣, 54 ,15,5,１, ,芝1600,良,,(美),堀井雅広,1355,-0.0,3,3,3,35.5,414,-6,
,2017.12.17,中山,5中6,未勝利,未勝利*,1,1,エクレアハンター,牡,2,石橋脩, 55 ,16,3,１, ,ダ1800,良,,(美),大和田成,1577,-1.1,1,1,1,40.7,454,+8,
,2017.12.17,中山,5中6,未勝利,未勝利*,2,4,マリノディアナ,牝,2,武藤雅,51▲,16,1,１, ,ダ1200,良,,(美),水野貴広,1136,-0.3,,2,2,38.9,434,+6,
,2017.12.16,中山,5中5,1000万,1000万下・牝,8,17,メイズオブオナー,牝,3,Ｃ．デム, 54 ,18,4,１, ,芝2000,良,,(栗),藤原英昭,2001,-0.1,13,13,10,34.6,454,-6,
,2017.12.16,中山,5中5,Ｇ３,ターコイＨG3,4,8,ミスパンテール,牝,3,横山典弘, 53 ,16,5,１, ,芝1600,良,,(栗),昆貢,1342,-0.0,9,9,10,34.2,500,-4,
,2017.12.16,中山,5中5,1600万,仲冬Ｓ1600,6,9,スピーディクール,牡,3,横山典弘, 56 ,13,3,１, ,ダ1800,良,,(美),石栗龍彦,1540,-0.1,1,2,2,38.2,496,+12,
,2017.12.16,中山,5中5,500万,ひいらぎ500*,5,10,マイネルキャドー,牡,2,柴田大知, 55 ,16,6,１, ,芝1600,良,,(美),矢野英一,1347,-0.2,1,1,1,35.3,472,-2,
,2017.12.16,中山,5中5,1000万,1000万下,7,13,レレマーマ,牡,5,戸崎圭太, 57 ,16,1,１, ,ダ1200,良,,(美),国枝栄,1108,-0.6,,2,2,36.9,532,-4,B
,2017.12.16,中山,5中5,500万,500万下,2,3,ビークイック,牡,4,蛯名正義, 57 ,16,6,１, ,ダ1800,良,,(美),田中清隆,1542,-0.5,2,2,1,37.8,476,0,
,2017.12.16,中山,5中5,新馬,新馬,2,3,スーパーアキラ,牡,2,Ｃ．デム, 55 ,16,1,１, ,ダ1200,良,,(美),矢野英一,1133,-0.5,,1,1,37.5,506,,
,2017.12.16,中山,5中5,新馬,新馬,3,6,イェッツト,牡,2,和田竜二, 55 ,16,6,１, ,芝1800,良,,(美),金成貴史,1517,-0.1,6,4,5,34.8,466,,
,2017.12.16,中山,5中5,未勝利,未勝利*,1,1,コスモロブロイ,牡,2,シュミノ, 55 ,16,2,１, ,ダ1800,良,,(美),伊藤伸一,1571,-0.2,4,4,3,39.0,522,0,B
,2017.12.16,中山,5中5,未勝利,未勝利*,5,9,イランカラプテ,牝,2,田辺裕信, 54 ,16,2,１, ,芝1200,良,,(美),小野次郎,1100,-0.1,,1,1,36.3,410,-6,
,2017.12.16,中山,5中5,未勝利,未勝利・牝*,7,14,ミラクルブラッド,牝,2,津村明秀, 54 ,16,3,１, ,ダ1800,良,,(美),相沢郁,1588,-0.8,3,2,2,38.0,450,-14,B
,2017.12.16,中山,5中5,未勝利,未勝利*,5,10,マイネルレヴリー,牡,2,柴田大知, 55 ,16,2,１, ,ダ1200,良,,(美),栗田博憲,1135,-0.0,,9,7,38.4,448,-6,
,2017.12.10,中山,5中4,1000万,1000万下,5,10,フクノグローリア,牝,5,二本柳壮, 55 ,16,6,１, ,芝1200,良,*,(美),杉浦宏昭,1088,-0.0,,8,7,33.7,474,+2,
,2017.12.10,中山,5中4,Ｇ３,カペラＳG3,8,16,ディオスコリダー,牡,3,津村明秀, 55 ,16,4,１, ,ダ1200,良,,(栗),高橋義忠,1110,-0.1,,5,7,36.6,496,-6,
,2017.12.10,中山,5中4,1600万,美浦ＳＨ1600,8,10,テオドール,牡,4,シュミノ, 56 ,11,2,１, ,芝1800,良,*,(美),国枝栄,1471,-0.1,1,1,1,36.7,546,-2,
,2017.12.10,中山,5中4,500万,黒松賞500*,4,6,タイセイアベニール,牡,2,田辺裕信, 55 ,15,2,１, ,芝1200,良,,(栗),西村真幸,1095,-0.0,,8,3,34.8,466,+8,
,2017.12.10,中山,5中4,1000万,1000万下,4,8,フェニックスマーク,牡,3,横山典弘, 56 ,16,1,１, ,ダ1800,良,,(美),田島俊明,1525,-0.2,6,5,5,38.0,548,+18,
,2017.12.10,中山,5中4,500万,500万下,5,9,ナリノメジャー,牝,3,田辺裕信, 54 ,16,3,１, ,ダ1200,良,*,(美),上原博之,1123,-0.0,,6,5,37.0,476,+12,
,2017.12.10,中山,5中4,新馬,新馬,2,3,ディサーニング,牡,2,内田博幸, 55 ,15,1,１, ,ダ1800,良,,(美),加藤征弘,1583,-0.3,3,2,2,40.8,496,,
,2017.12.10,中山,5中4,新馬,新馬,6,11,トーセンウィナー,牝,2,江田照男, 54 ,16,13,１, ,芝1800,良,,(美),田村康仁,1533,-0.3,2,2,2,35.0,478,,
,2017.12.10,中山,5中4,未勝利,未勝利*,3,3,レンジストライク,牡,2,蛯名正義, 55 ,14,1,１, ,ダ1800,良,,(美),武井亮,1584,-0.2,10,6,3,38.7,506,-2,
,2017.12.10,中山,5中4,未勝利,未勝利*,3,5,サラーブ,牝,2,シュミノ, 54 ,18,1,１, ,芝2000,良,,(美),木村哲也,2026,-0.4,2,2,2,35.6,494,+12,
,2017.12.10,中山,5中4,未勝利,未勝利・牝*,1,1,フレッシビレ,牝,2,三浦皇成, 54 ,14,1,１, ,ダ1800,良,,(美),藤原辰雄,1585,-0.3,1,1,1,40.3,490,-2,
,2017.12.10,中山,5中4,未勝利,未勝利*,2,4,フェリーチェ,牝,2,横山典弘, 54 ,16,1,１, ,ダ1200,良,,(美),菊沢隆徳,1126,-0.3,,5,5,38.1,444,-8,
,"2017.12. 9",中山,5中3,500万,500万下,4,7,アオイシンゴ,牡,3,内田博幸, 56 ,16,4,１, ,芝1800,良,,(美),古賀慎明,1495,-0.1,2,2,3,34.7,486,+6,
,"2017.12. 9",中山,5中3,ｵｰﾌﾟﾝ,師走ＳＨ,2,3,ディアデルレイ,牡,6,勝浦正樹, 56 ,16,6,１, ,ダ1800,良,,(美),牧光二,1520,-0.7,1,1,1,37.1,506,+8,B
,"2017.12. 9",中山,5中3,1600万,アクアラ1600,6,12,ベック,牡,6,田辺裕信, 57 ,16,5,１, ,ダ1200,良,,(栗),牧浦充徳,1112,-0.1,,11,10,36.4,506,0,
,"2017.12. 9",中山,5中3,1000万,霞ヶ浦特1000,8,12,クラウンディバイダ,牡,4,大野拓弥, 57 ,12,3,１, ,芝1800,良,,(美),斎藤誠,1487,-0.6,2,2,1,35.3,472,+8,
,"2017.12. 9",中山,5中3,1000万,1000万下,7,14,リモンディ,牡,3,シュミノ, 55 ,16,2,１, ,ダ1200,良,,(美),木村哲也,1112,-0.1,,1,2,36.8,534,+8,
,"2017.12. 9",中山,5中3,500万,500万下,2,3,ランニングウインド,牡,3,菅原隆一, 56 ,16,16,１, ,ダ1800,良,,(美),中川公成,1544,-0.2,11,12,9,38.3,480,-8,
,"2017.12. 9",中山,5中3,新馬,新馬,5,7,オーロリンチェ,牝,2,大野拓弥, 54 ,14,1,１, ,ダ1200,良,,(美),高木登,1119,-0.1,,1,1,37.1,482,,
,"2017.12. 9",中山,5中3,新馬,新馬,7,13,ツヅミモン,牝,2,戸崎圭太, 54 ,15,1,１, ,芝1600,良,,(栗),藤岡健一,1362,-0.0,2,3,2,35.0,540,,
,"2017.12. 9",中山,5中3,未勝利,未勝利・牝*,2,3,エフティアテナ,牝,2,蛯名正義, 54 ,16,2,１, ,芝1800,良,,(美),金成貴史,1492,-0.0,2,2,2,35.8,426,+2,
,"2017.12. 9",中山,5中3,未勝利,未勝利*,7,14,ジョブックコメン,牝,2,吉田豊, 54 ,16,2,１, ,芝1600,良,,(美),小桧山悟,1353,-0.2,7,12,11,35.8,422,+2,
,"2017.12. 9",中山,5中3,未勝利,未勝利*,1,1,サムライブルー,牡,2,田辺裕信, 55 ,10,2,１, ,ダ1800,良,,(美),矢野英一,1583,-0.4,1,1,1,40.0,462,-2,
,"2017.12. 9",中山,5中3,未勝利,未勝利*,5,10,レーヌダンス,牝,2,武藤雅,51▲,16,1,１, ,ダ1200,良,,(美),矢野英一,1132,-0.2,,2,2,39.2,458,+8,
,"2017.12. 3",中山,5中2,1000万,1000万下,1,1,ホウオウパフューム,牝,3,松岡正海, 53 ,10,1,１, ,芝2500,良,,(美),奥村武,2347,-0.1,6,5,5,34.4,484,0,
,"2017.12. 3",中山,5中2,ｵｰﾌﾟﾝ,ラピスラ,8,11,アルティマブラッド,牝,5,津村明秀, 54 ,12,3,１, ,芝1200,良,,(栗),音無秀孝,1079,-0.1,,2,2,33.8,476,-2,
,"2017.12. 3",中山,5中2,1600万,市川Ｓ1600,7,11,デアレガーロ,牝,3,シュミノ, 54 ,13,5,１, ,芝1600,良,,(美),大竹正博,1325,-0.1,9,10,10,33.3,468,+4,
,"2017.12. 3",中山,5中2,1000万,チバテレ1000,1,1,フィールザプリティ,牝,5,北村宏司, 55 ,16,8,１, ,ダ1800,良,,(美),岩戸孝樹,1539,-0.0,4,3,3,39.0,466,-8,
,"2017.12. 3",中山,5中2,500万,500万下,2,4,スズカグラーテ,牝,3,長岡禎仁, 54 ,16,3,１, ,ダ1200,良,,(美),柄崎孝,1121,-0.0,,4,4,38.0,454,+18,
,"2017.12. 3",中山,5中2,500万,500万下*,3,3,リョーノテソーロ,牡,2,シュミノ, 55 ,11,1,１, ,ダ1200,良,,(美),武井亮,1122,-0.1,,2,2,38.2,504,-4,
,"2017.12. 3",中山,5中2,新馬,新馬,5,5,エリスライト,牝,2,蛯名正義, 54 ,7,1,１, ,芝2000,良,,(美),久保田貴,2037,-0.9,5,5,3,34.1,432,,
,"2017.12. 3",中山,5中2,新馬,新馬,1,2,メジャーラプソディ,牝,2,三浦皇成, 54 ,16,1,１, ,ダ1800,良,,(美),田村康仁,1578,-0.2,1,1,1,40.6,472,,
,"2017.12. 3",中山,5中2,未勝利,未勝利*,4,7,バケットリスト,牝,2,吉田豊, 54 ,16,1,１, ,芝1800,良,,(美),高橋文雅,1501,-0.2,5,4,4,34.9,458,-4,
,"2017.12. 3",中山,5中2,未勝利,未勝利*,5,9,キングドンドルマ,牡,2,津村明秀, 55 ,16,1,１, ,芝1200,良,,(美),伊藤伸一,1093,-0.5,,1,1,34.8,472,+2,
,"2017.12. 3",中山,5中2,未勝利,未勝利*,4,6,キャベンディッシュ,牡,2,井上敏樹,54☆,15,4,１, ,ダ1800,良,,(美),小桧山悟,1564,-0.2,1,1,1,40.1,502,+8,
,"2017.12. 3",中山,5中2,未勝利,未勝利*,7,13,ソングオブファイア,牡,2,三浦皇成, 55 ,16,1,１, ,ダ1200,良,,(美),高柳瑞樹,1136,-0.5,,4,4,39.1,472,+4,
,"2017.12. 2",中山,5中1,1000万,1000万下,7,12,ドーヴァー,牡,4,ムーア, 57 ,15,1,１, ,芝1600,良,,(美),伊藤圭三,1334,-0.1,2,2,2,34.2,500,+6,
,"2017.12. 2",中山,5中1,Ｇ２,ステイヤG2,8,9,アルバート,牡,6,ムーア, 57 ,10,1,１, ,芝3600,良,,(美),堀宣行,3430,-0.4,7,6,5,34.9,476,0,
,"2017.12. 2",中山,5中1,1600万,北総ＳＨ1600,1,2,ブレスアロット,牡,4,北村宏司, 55 ,16,2,１, ,ダ1800,良,*,(美),高柳瑞樹,1533,-0.0,3,2,2,38.1,468,0,
,"2017.12. 2",中山,5中1,500万,葉牡丹賞500*,6,6,ジェネラーレウーノ,牡,2,田辺裕信, 55 ,9,4,１, ,芝2000,良,,(美),矢野英一,2014,-0.0,1,1,1,35.0,498,+2,
,"2017.12. 2",中山,5中1,ｵｰﾌﾟﾝ,イルミネ,2,2,マイネルプロンプト,セ,5,森一馬, 60 ,10,1,１, ,芝3570,良,,(栗),坂口正則,3594,-0.1,2,3,3,13.4,476,-6,
,"2017.12. 2",中山,5中1,1000万,1000万下・牝,2,4,モズワッショイ,牝,4,石橋脩, 55 ,16,9,１, ,ダ1200,良,,(栗),牧浦充徳,1114,-0.0,,4,4,36.9,418,+4,
,"2017.12. 2",中山,5中1,500万,500万下,1,1,ローレルリーベ,牡,3,嘉藤貴行, 56 ,16,3,１, ,ダ1800,良,,(美),奥平雅士,1546,-0.1,6,5,3,38.6,508,-2,
,"2017.12. 2",中山,5中1,新馬,新馬,1,1,ニシノアスカ,牝,2,武藤雅,51▲,16,1,１, ,芝1200,良,,(美),高木登,1096,-0.2,,1,1,34.6,408,,
,"2017.12. 2",中山,5中1,新馬,新馬・牝,8,15,ゴールドタンバリン,牝,2,シュミノ, 54 ,16,4,１, ,ダ1200,良,,(美),池上昌和,1122,-0.3,,2,2,36.9,426,,
,"2017.12. 2",中山,5中1,未勝利,未勝利*,8,18,ジョリルミエール,牝,2,木幡初也,53☆,18,15,１, ,芝2000,良,,(美),青木孝文,2037,-0.2,2,2,2,35.9,422,-2,
,"2017.12. 2",中山,5中1,未勝利,未勝利*,1,2,サンダーラム,牡,2,松岡正海, 55 ,16,10,１, ,ダ1800,良,,(美),中舘英二,1578,-0.0,9,8,8,39.0,502,0,
,"2017.12. 2",中山,5中1,未勝利,未勝利*,6,12,ロータスクイーン,牝,2,吉田隼人, 54 ,16,6,１, ,ダ1200,良,,(美),和田正道,1130,-0.1,,3,3,38.2,484,+2,
,"2017.10. 1",中山,4中9,1600万,内房ＳＨ1600,5,10,ケンベストカフェ,牡,5,岩田康誠, 54 ,16,9,１, ,ダ1800,良,,(美),久保田貴,1524,-0.0,2,2,2,39.4,480,+6,
,"2017.10. 1",中山,4中9,Ｇ１,スプリンG1,4,8,レッドファルクス,牡,6,Ｍ．デム, 57 ,16,1,１, ,芝1200,良,,(美),尾関知人,1076,-0.0,,11,10,33.0,474,0,
,"2017.10. 1",中山,4中9,1000万,勝浦特Ｈ1000,1,2,クラウンアイリス,牝,6,内田博幸, 53 ,16,8,１, ,芝1200,良,*,(美),天間昭一,1078,-0.0,,8,8,33.9,408,0,
,"2017.10. 1",中山,4中9,500万,サフラン500*,1,1,レッドレグナント,牝,2,Ｍ．デム, 54 ,9,1,１, ,芝1600,良,,(美),大竹正博,1352,-0.3,1,1,1,34.5,466,+2,
,"2017.10. 1",中山,4中9,1000万,1000万下,2,3,アシャカダイキ,牝,3,津村明秀, 53 ,16,2,１, ,ダ1200,良,,(美),鈴木伸尋,1108,-0.6,,3,4,35.9,486,0,
,"2017.10. 1",中山,4中9,500万,500万下,1,1,ゴールドサーベラス,牡,5,柴山雄一, 57 ,16,8,１, ,芝1600,良,,(美),清水英克,1341,-0.2,13,8,8,34.0,446,-4,
,"2017.10. 1",中山,4中9,500万,500万下,2,4,ネイビーブルー,牡,4,武豊, 57 ,16,1,１, ,ダ1800,稍,,(美),戸田博文,1537,-0.6,3,2,2,36.8,502,+6,
,"2017.10. 1",中山,4中9,新馬,新馬,4,6,グローリーヴェイズ,牡,2,Ｍ．デム, 54 ,14,1,１, ,芝1800,良,,(美),尾関知人,1528,-0.3,1,2,1,34.9,432,,
,"2017.10. 1",中山,4中9,新馬,新馬,5,9,メイラヴェル,牝,2,内田博幸, 54 ,15,1,１, ,芝1200,良,,(美),木村哲也,1100,-0.0,,3,2,35.3,424,,
,"2017.10. 1",中山,4中9,未勝利,未勝利,8,15,リフトトゥヘヴン,牡,3,戸崎圭太, 56 ,16,1,１, ,ダ1800,稍,,(美),加藤征弘,1550,-1.3,9,4,3,38.9,482,-2,
,"2017.10. 1",中山,4中9,未勝利,未勝利*,2,2,ヴェロニカグレース,牝,2,戸崎圭太, 54 ,13,1,１, ,芝2000,良,,(美),武市康男,2020,-0.2,8,8,9,34.9,468,-6,
,"2017.10. 1",中山,4中9,未勝利,未勝利*,6,11,レベルスリー,牡,2,丸山元気, 54 ,16,7,１, ,ダ1200,稍,,(美),松永康利,1121,-0.5,,3,3,37.4,440,-6,
,"2017. 9.30",中山,4中8,500万,500万下,7,14,ブランオラージュ,牡,3,勝浦正樹, 55 ,16,6,１, ,ダ1200,稍,,(美),田村康仁,1104,-0.2,,5,3,36.5,436,+4,
,"2017. 9.30",中山,4中8,1600万,秋風Ｓ1600,2,2,ジュールポレール,牝,4,幸英明, 55 ,14,1,１, ,芝1600,良,,(栗),西園正都,1348,-0.0,3,3,4,33.7,466,+14,
,"2017. 9.30",中山,4中8,1000万,習志野特1000,2,4,オウケンブラック,牡,6,松田大作, 57 ,16,10,１, ,芝2000,良,,(美),田中剛,1595,-0.1,11,11,8,34.8,474,-8,
,"2017. 9.30",中山,4中8,ｵｰﾌﾟﾝ,カンナＳ,1,1,ペイシャルアス,牝,2,石橋脩, 54 ,16,3,１, ,芝1200,良,,(栗),坂口正則,1092,-0.1,,4,4,34.9,480,+10,
,"2017. 9.30",中山,4中8,500万,500万下,2,4,エグジットラック,牡,3,柴山雄一, 54 ,16,9,１, ,ダ1800,稍,*,(美),田村康仁,1525,-0.2,13,9,8,37.4,504,+6,
,"2017. 9.30",中山,4中8,500万,500万下・牝,7,14,ダノンアイリス,牝,4,戸崎圭太, 55 ,16,1,１, ,ダ1200,稍,,(美),尾関知人,1105,-0.0,,2,3,36.8,468,-2,
,"2017. 9.30",中山,4中8,500万,500万下,2,4,ストロングレヴィル,牡,3,石橋脩, 54 ,17,2,１, ,芝2200,良,,(美),堀宣行,2153,-0.3,7,7,5,34.0,470,-4,
,"2017. 9.30",中山,4中8,新馬,新馬・牝,6,10,デュッセルドルフ,牝,2,田辺裕信, 54 ,15,1,１, ,芝1600,良,,(美),木村哲也,1371,-0.0,6,4,4,34.3,448,,
,"2017. 9.30",中山,4中8,未勝利,障害未勝利,4,6,アツコ,牝,4,大江原圭, 58 ,14,3,１, ,ダ2880,良,,(美),竹内正洋,3149,-0.4,4,2,1,13.5,512,+4,
,"2017. 9.30",中山,4中8,未勝利,未勝利,5,9,ライバーバード,牡,3,戸崎圭太, 56 ,16,1,１, ,ダ1200,重,,(美),手塚貴久,1114,-0.0,,4,4,37.2,496,+6,B
,"2017. 9.30",中山,4中8,未勝利,未勝利*,6,11,キャクタス,牝,2,野中悠太,51▲,15,1,１, ,芝1200,良,,(美),栗田徹,1095,-0.2,,2,1,35.6,448,0,
,"2017. 9.30",中山,4中8,未勝利,未勝利*,2,3,ミックベンハー,牡,2,武藤雅,51▲,16,2,１, ,ダ1800,重,*,(美),畠山吉宏,1569,-0.4,4,5,3,39.7,484,0,
,"2017. 9.24",中山,4中7,500万,500万下,7,14,エニグマ,牡,3,吉田豊, 55 ,16,2,１, ,ダ1200,稍,,(美),高橋文雅,1112,-0.0,,12,11,36.3,494,-2,
,"2017. 9.24",中山,4中7,Ｇ２,オールカG2,3,6,ルージュバック,牝,5,北村宏司, 55 ,17,5,１, ,芝2200,良,,(美),大竹正博,2138,-0.1,4,4,3,33.9,456,+4,
,"2017. 9.24",中山,4中7,1000万,外房特別1000,8,9,ウイングチップ,セ,5,丸田恭介, 57 ,9,5,１, ,芝1600,良,,(美),宗像義忠,1336,-0.0,6,8,6,34.2,498,0,
,"2017. 9.24",中山,4中7,ｵｰﾌﾟﾝ,芙蓉Ｓ,4,4,サンリヴァル,牡,2,田辺裕信, 54 ,8,3,１, ,芝2000,良,,(栗),藤岡健一,2036,-0.2,2,2,2,34.1,482,0,
,"2017. 9.24",中山,4中7,500万,500万下,5,9,スプリングフット,牡,3,井上敏樹,53☆,16,4,１, ,ダ1800,稍,,(美),小桧山悟,1525,-0.1,6,5,4,37.4,488,0,
,"2017. 9.24",中山,4中7,500万,500万下,2,4,ファド,牝,4,武藤雅,52▲,16,3,１, ,芝1200,良,,(美),矢野英一,1083,-0.3,,1,1,34.0,496,-2,
,"2017. 9.24",中山,4中7,500万,500万下・牝,5,10,モリトシラユリ,牝,3,戸崎圭太, 52 ,16,1,１, ,ダ1800,稍,,(美),堀井雅広,1534,-0.1,8,8,8,37.6,480,-2,
,"2017. 9.24",中山,4中7,新馬,新馬,8,12,ダイワメモリー,牝,2,内田博幸, 54 ,12,2,１, ,芝2000,良,,(美),国枝栄,2061,-0.1,4,5,5,34.2,466,,
,"2017. 9.24",中山,4中7,新馬,新馬,8,16,デンコウケンジャ,牡,2,柴田善臣, 54 ,16,3,１, ,ダ1200,重,,(栗),高橋亮,1117,-0.6,,5,2,37.5,488,,
,"2017. 9.24",中山,4中7,未勝利,未勝利,1,2,デザートスネーク,牡,3,吉田隼人, 56 ,16,5,１, ,ダ1800,重,,(美),武井亮,1535,-0.0,3,4,3,37.5,486,-4,
,"2017. 9.24",中山,4中7,未勝利,未勝利*,7,9,タイドオーバー,牝,2,柴田大知, 54 ,12,6,１, ,芝1600,良,,(美),勢司和浩,1368,-0.3,4,3,3,35.1,424,-2,
,"2017. 9.24",中山,4中7,未勝利,未勝利*,5,10,クラウンエンジニア,牡,2,戸崎圭太, 54 ,16,3,１, ,ダ1200,重,,(美),田島俊明,1133,-0.1,,2,2,38.5,482,+6,
,"2017. 9.23",中山,4中6,500万,500万下,3,6,スマートエレメンツ,牡,3,三浦皇成, 54 ,17,5,１, ,芝2000,稍,,(美),鹿戸雄一,2019,-0.1,1,2,2,35.0,496,+6,
,"2017. 9.23",中山,4中6,1600万,セプテＨ1600,2,4,タマモブリリアン,牝,4,吉田隼人, 54 ,16,2,１, ,芝1200,稍,,(栗),南井克巳,1080,-0.1,,2,2,34.4,464,-2,
,"2017. 9.23",中山,4中6,1000万,茨城新聞1000,1,2,ブレスアロット,牡,4,北村宏司, 57 ,16,4,１, ,ダ1800,重,,(美),高柳瑞樹,1516,-0.2,2,2,1,38.8,468,+2,
,"2017. 9.23",中山,4中6,1000万,九十九里1000,6,6,マイネルヴンシュ,牡,3,柴田大知, 54 ,8,3,１, ,芝2500,稍,,(美),水野貴広,2341,-0.0,5,5,3,35.3,452,+6,
,"2017. 9.23",中山,4中6,ｵｰﾌﾟﾝ,清秋ジャ,7,8,スズカプレスト,牡,5,北沢伸也, 60 ,11,1,１, ,芝3210,稍,,(栗),橋田満,3395,-0.1,5,6,6,13.7,460,+8,
,"2017. 9.23",中山,4中6,500万,500万下,3,6,タイセイスペリオル,牡,4,戸崎圭太, 57 ,16,1,１, ,ダ1200,重,,(美),池上昌弘,1103,-0.0,,6,5,36.3,470,0,
,"2017. 9.23",中山,4中6,未勝利,未勝利,4,7,バレッティ,セ,3,田辺裕信, 56 ,16,1,１, ,ダ1800,重,,(美),久保田貴,1531,-0.6,10,7,6,38.3,508,+4,
,"2017. 9.23",中山,4中6,新馬,新馬,2,4,グランドピルエット,牝,2,田辺裕信, 54 ,16,1,１, ,芝1600,稍,,(美),田村康仁,1368,-0.1,3,4,4,35.0,486,,
,"2017. 9.23",中山,4中6,未勝利,未勝利,3,6,デザートトリップ,牡,3,的場勇人, 56 ,16,4,１, ,ダ1200,不,,(美),的場均,1109,-0.2,,5,4,37.2,482,0,
,"2017. 9.23",中山,4中6,未勝利,未勝利*,3,3,ゴーフォザサミット,牡,2,蛯名正義, 54 ,11,3,１, ,芝1800,稍,,(美),藤沢和雄,1494,-0.4,8,6,7,35.9,492,-12,
,"2017. 9.23",中山,4中6,未勝利,未勝利・牝*,4,8,ヴェルスパー,牝,2,吉田隼人, 54 ,16,1,１, ,芝1200,稍,,(美),加藤征弘,1099,-0.1,,3,3,34.8,442,+2,
,"2017. 9.23",中山,4中6,未勝利,未勝利*,7,12,ユイノシンドバッド,牡,2,吉田豊, 54 ,15,7,１, ,ダ1800,不,,(美),竹内正洋,1549,-0.3,3,2,1,39.9,490,-2,
,"2017. 9.18",中山,4中5,500万,500万下,4,7,ハナレイムーン,牝,3,Ｍ．デム, 52 ,15,2,１, ,芝1800,良,,(美),堀宣行,1487,-0.0,2,2,2,33.8,432,+18,B
,"2017. 9.18",中山,4中5,Ｇ２,セントラG2,3,5,ミッキースワロー,牡,3,横山典弘, 56 ,15,2,１, ,芝2200,良,,(美),菊沢隆徳,2127,-0.3,6,6,6,33.4,482,-2,
,"2017. 9.18",中山,4中5,1000万,浦安特別1000,4,5,ヨンカー,セ,4,ルメール, 57 ,14,1,１, ,ダ1200,重,,(美),和田正一,1104,-0.2,,1,1,36.2,536,-4,
,"2017. 9.18",中山,4中5,1000万,白井特別1000,5,6,ハナズレジェンド,牡,4,ルメール, 57 ,12,2,１, ,芝1800,稍,,(栗),矢作芳人,1484,-0.0,5,5,5,33.4,458,0,
,"2017. 9.18",中山,4中5,500万,500万下,8,15,キョウエイスコール,牡,4,戸崎圭太, 57 ,16,3,１, ,ダ1200,重,,(美),勢司和浩,1111,-0.0,,7,5,36.3,494,-6,
,"2017. 9.18",中山,4中5,500万,500万下,3,3,サンホッブズ,牡,4,松岡正海, 57 ,12,1,１, ,ダ2400,重,,(美),中舘英二,2356,-0.5,1,1,1,38.7,472,-6,
,"2017. 9.18",中山,4中5,未勝利,未勝利・牝,7,14,アズレージョ,牝,3,杉原誠人, 54 ,16,7,１, ,ダ1800,重,,(美),小西一男,1533,-1.1,2,2,2,38.4,460,-8,
,"2017. 9.18",中山,4中5,新馬,新馬,1,2,アンフィトリテ,牝,2,ルメール, 54 ,16,1,１, ,芝1200,稍,,(美),宗像義忠,1098,-0.3,,6,7,34.2,464,,
,"2017. 9.18",中山,4中5,未勝利,障害未勝利,7,9,クリスタルキャノン,牝,4,難波剛健, 58 ,12,3,１, ,ダ2880,重,,(栗),高橋義忠,3167,-0.3,5,5,5,13.7,472,+6,
,"2017. 9.18",中山,4中5,未勝利,未勝利*,5,5,プロトスター,牡,2,ルメール, 54 ,11,1,１, ,芝2000,重,,(美),戸田博文,2035,-0.1,7,7,7,35.4,470,-10,
,"2017. 9.18",中山,4中5,未勝利,未勝利・牝*,5,6,ラソワドール,牝,2,ルメール, 54 ,12,1,１, ,芝1600,重,,(美),戸田博文,1377,-0.1,6,6,4,34.2,498,+2,
,"2017. 9.18",中山,4中5,未勝利,未勝利*,6,9,マイネルアンファン,牡,2,宮崎北斗, 54 ,14,6,２, ,ダ1800,不,,(美),和田正道,1549,0.0,7,5,4,38.6,476,+2,B
,"2017. 9.17",中山,4中4,500万,500万下,3,5,リモンディ,牡,3,石橋脩, 53 ,16,1,１, ,ダ1200,不,,(美),木村哲也,1103,-0.4,,2,2,37.2,526,0,
,"2017. 9.17",中山,4中4,ｵｰﾌﾟﾝ,ラジオ日,7,13,センチュリオン,牡,5,大野拓弥, 56 ,16,2,１, ,ダ1800,不,,(美),田村康仁,1510,-0.1,11,11,11,37.0,530,+2,
,"2017. 9.17",中山,4中4,1000万,初風特別1000,2,3,ダイメイプリンセス,牝,4,北村宏司, 55 ,15,9,１, ,芝1200,重,,(栗),森田直行,1083,-0.1,,2,2,35.3,490,-2,
,"2017. 9.17",中山,4中4,500万,汐留特別500,2,3,ミッキークロス,牝,3,内田博幸, 52 ,17,6,１, ,芝2000,重,,(美),国枝栄,2036,-0.0,1,1,1,36.7,406,-10,
,"2017. 9.17",中山,4中4,500万,500万下,1,2,アスタリスク,牡,4,戸崎圭太, 57 ,16,1,１, ,ダ1800,不,,(美),奥村武,1529,-0.3,1,1,1,38.9,470,-6,
,"2017. 9.17",中山,4中4,500万,500万下,1,1,バラダガール,牝,3,戸崎圭太, 52 ,14,4,１, ,芝2500,稍,*,(美),国枝栄,2370,-0.0,12,7,5,36.9,548,+12,
,"2017. 9.17",中山,4中4,未勝利,未勝利,3,5,タイセイロブスト,牡,3,木幡巧也,55☆,16,6,１, ,ダ1800,不,*,(美),斎藤誠,1539,-0.1,1,1,1,38.6,548,+2,
,"2017. 9.17",中山,4中4,新馬,新馬・牝,5,9,トーセンブレス,牝,2,柴田善臣, 54 ,16,2,１, ,芝1600,稍,,(美),加藤征弘,1375,-0.3,16,14,12,34.0,466,,
,"2017. 9.17",中山,4中4,未勝利,未勝利,1,1,グラスブルース,牡,3,石橋脩, 56 ,16,1,１, ,ダ1200,重,,(美),牧光二,1110,-0.4,,5,5,37.2,518,+6,
,"2017. 9.17",中山,4中4,未勝利,未勝利*,8,10,ムーランナヴァン,牝,2,津村明秀, 54 ,10,1,１, ,芝1800,稍,,(美),尾形和幸,1519,-0.2,1,1,1,36.0,420,0,
,"2017. 9.17",中山,4中4,未勝利,未勝利*,7,13,メルムサール,牡,2,江田照男, 54 ,16,8,１, ,芝1600,稍,,(美),田中剛,1366,-0.0,7,6,5,35.7,422,0,
,"2017. 9.17",中山,4中4,未勝利,未勝利*,2,3,ニシノオリーブ,牝,2,戸崎圭太, 54 ,16,6,１, ,ダ1200,重,,(美),武藤善則,1117,-0.2,,2,2,37.9,452,+2,
,"2017. 9.16",中山,4中3,500万,500万下,4,8,シャムロック,牡,3,吉田豊, 54 ,16,8,１, ,ダ1800,良,,(美),小笠倫弘,1547,-0.2,12,12,11,38.2,498,+4,
,"2017. 9.16",中山,4中3,1600万,レインボ1600,5,6,ゲッカコウ,牝,4,丹内祐次, 55 ,13,5,１, ,芝2000,良,,(美),高橋義博,2014,-0.3,1,1,1,34.2,474,+12,
,"2017. 9.16",中山,4中3,1000万,松戸特Ｈ1000,8,8,バイタルフォース,セ,5,戸崎圭太, 57 ,9,1,１, ,ダ2400,良,,(美),萩原清,2349,-0.0,6,3,3,37.8,506,-4,
,"2017. 9.16",中山,4中3,500万,古作特別500,2,3,コスモヨハネ,牡,5,柴田大知, 57 ,16,2,１, ,芝1600,良,,(美),高橋裕,1333,-0.1,16,16,13,34.4,492,-4,
,"2017. 9.16",中山,4中3,500万,500万下・牝,8,16,サノココ,牝,4,津村明秀, 55 ,16,5,１, ,ダ1200,良,,(美),栗田徹,1112,-0.5,,1,1,37.8,500,0,
,"2017. 9.16",中山,4中3,未勝利,未勝利,4,8,クインズゴールド,牝,3,津村明秀, 54 ,18,9,１, ,芝2000,良,,(美),尾形充弘,2030,-0.2,4,4,4,34.6,428,+4,
,"2017. 9.16",中山,4中3,新馬,新馬,1,2,メイショウヒサカタ,牝,2,戸崎圭太, 54 ,16,1,１, ,ダ1200,良,,(栗),浅見秀一,1134,-0.6,,1,1,38.0,470,,
,"2017. 9.16",中山,4中3,新馬,新馬,2,2,スピアーノ,牝,2,松岡正海, 54 ,15,8,１, ,芝1800,良,,(美),池上昌和,1503,-0.0,1,1,1,35.2,452,,
,"2017. 9.16",中山,4中3,未勝利,未勝利,3,5,ダノンイーグル,牡,3,田辺裕信, 56 ,16,1,１, ,ダ1200,良,,(美),久保田貴,1123,-0.0,,2,2,38.1,492,+2,
,"2017. 9.16",中山,4中3,未勝利,未勝利*,5,9,ディアジラソル,牝,2,勝浦正樹, 54 ,15,7,１, ,芝1200,良,,(美),高橋裕,1096,-0.0,,7,7,34.9,424,+2,
,"2017. 9.16",中山,4中3,未勝利,未勝利*,2,4,ミッキーチャイルド,牡,2,横山典弘, 54 ,16,1,１, ,ダ1800,良,,(美),久保田貴,1568,-0.2,2,2,2,40.0,460,+2,
,"2017. 9.16",中山,4中3,未勝利,未勝利・牝*,8,16,シスル,牝,2,三浦皇成, 54 ,16,2,１, ,ダ1200,良,,(美),新開幸一,1127,-0.1,,8,9,37.8,474,+8,
,"2017. 9.10",中山,4中2,1000万,1000万下,2,3,チュラカーギー,牝,4,田辺裕信, 55 ,16,1,１, ,ダ1200,良,,(美),中舘英二,1108,-0.3,,2,1,37.0,482,+4,
,"2017. 9.10",中山,4中2,Ｇ３,オータムＨG3,3,6,グランシルク,牡,5,田辺裕信, 56 ,16,1,１, ,芝1600,良,,(美),戸田博文,1316,-0.3,8,9,7,33.4,504,0,
,"2017. 9.10",中山,4中2,1600万,ながつき1600,8,15,ウインオスカー,牡,4,菱田裕二, 57 ,16,1,１, ,ダ1200,良,,(栗),飯田雄三,1110,-0.1,,3,3,36.7,506,-4,B
,"2017. 9.10",中山,4中2,1000万,木更津Ｈ1000,6,6,パルティトゥーラ,牝,3,横山典弘, 52 ,9,1,１, ,芝1600,良,,(美),和田正一,1333,-0.1,8,7,6,33.5,464,0,
,"2017. 9.10",中山,4中2,500万,500万下,3,4,ラッシュアタック,牡,5,木幡巧也,56☆,15,4,１, ,芝1800,良,*,(美),菊川正達,1476,-0.0,5,6,4,34.4,496,-2,
,"2017. 9.10",中山,4中2,500万,500万下,3,6,ブラヴォバンビーノ,牡,3,武藤雅,52▲,16,3,１, ,ダ1200,良,,(美),武藤善則,1116,-0.1,,4,2,36.7,484,+2,B
,"2017. 9.10",中山,4中2,500万,500万下・牝,6,8,スクラッタ,牝,4,三浦皇成, 55 ,13,5,１, ,ダ1800,良,,(美),武市康男,1551,-0.2,7,7,5,36.9,412,+8,
,"2017. 9.10",中山,4中2,新馬,新馬,7,14,ウインディマンシュ,牝,2,丹内祐次, 54 ,16,10,１, ,芝1600,良,,(美),田中剛,1370,-0.1,9,9,6,34.9,414,,
,"2017. 9.10",中山,4中2,新馬,新馬,3,5,スペースファルコン,牡,2,吉田隼人, 54 ,16,1,１, ,ダ1800,良,,(美),新開幸一,1572,-0.2,1,1,1,40.1,492,,
,"2017. 9.10",中山,4中2,未勝利,未勝利,7,14,ハルカノテソーロ,牡,3,三浦皇成, 56 ,16,2,１, ,ダ1800,良,,(美),高木登,1546,-1.0,11,3,2,38.7,522,0,
,"2017. 9.10",中山,4中2,未勝利,未勝利*,6,6,ランリーナ,牝,2,吉田豊, 54 ,8,4,１, ,芝2000,良,,(美),竹内正洋,2028,-0.2,5,6,6,35.3,450,+8,
,"2017. 9.10",中山,4中2,未勝利,未勝利*,1,1,レトリック,牡,2,内田博幸, 54 ,14,2,１, ,芝1200,良,,(美),黒岩陽一,1093,-0.2,,1,1,35.7,442,+8,
,"2017. 9. 9",中山,4中1,500万,500万下,6,11,ネバーリグレット,セ,4,石橋脩, 57 ,16,3,１, ,芝1200,良,,(美),木村哲也,1080,-0.4,,1,1,34.0,488,0,
,"2017. 9. 9",中山,4中1,Ｇ３,紫苑ＳG3,8,16,ディアドラ,牝,3,岩田康誠, 54 ,18,1,１, ,芝2000,良,,(栗),橋田満,1598,-0.0,11,10,11,33.8,478,+12,
,"2017. 9. 9",中山,4中1,1000万,鋸山特別1000,7,10,パルトネルラーフ,牡,4,大野拓弥, 57 ,13,7,１, ,ダ1800,良,,(美),高木登,1522,-0.0,7,7,7,36.9,502,0,
,"2017. 9. 9",中山,4中1,500万,アスター500*,7,7,ノームコア,牝,2,北村宏司, 54 ,8,1,１, ,芝1600,良,,(美),萩原清,1351,-0.1,2,2,2,33.7,446,+10,
,"2017. 9. 9",中山,4中1,500万,500万下,3,4,コパノマイケル,牡,4,戸崎圭太, 57 ,14,1,１, ,ダ1200,良,,(栗),村山明,1115,-0.1,,2,2,37.7,528,+8,B
,"2017. 9. 9",中山,4中1,500万,500万下,6,12,フェニックスマーク,牡,3,横山典弘, 54 ,16,1,１, ,ダ1800,良,,(美),田島俊明,1529,-0.1,6,4,6,38.7,530,-14,
,"2017. 9. 9",中山,4中1,未勝利,未勝利,4,8,タックボーイ,牡,3,津村明秀, 56 ,16,3,１, ,芝1600,良,,(美),高橋祥泰,1355,-0.0,3,2,2,34.2,442,+4,
,"2017. 9. 9",中山,4中1,新馬,新馬,7,7,バレリオ,牡,2,津村明秀, 54 ,9,1,１, ,芝2000,良,,(美),相沢郁,2055,-0.2,8,4,2,33.7,468,,
,"2017. 9. 9",中山,4中1,未勝利,障害未勝利,6,6,マイネルフェアネス,牡,3,蓑島靖典, 58 ,9,8,１, ,ダ2880,良,,(美),萱野浩二,3154,-0.3,4,5,5,13.6,504,+4,
,"2017. 9. 9",中山,4中1,未勝利,未勝利,1,2,レアリティバイオ,牡,3,北村宏司, 56 ,16,3,１, ,ダ1200,稍,,(美),松山将樹,1120,-0.1,,5,3,37.6,500,-4,
,"2017. 9. 9",中山,4中1,未勝利,未勝利*,7,9,ハクサンフエロ,牡,2,石橋脩, 54 ,12,1,１, ,芝1600,良,,(美),牧光二,1344,-0.3,1,1,1,35.0,444,+2,
,"2017. 9. 9",中山,4中1,未勝利,未勝利*,8,15,クワトロダッシュ,牡,2,岩田康誠, 54 ,16,1,１, ,ダ1200,稍,,(美),牧光二,1136,-0.1,,4,3,38.9,478,+2,
,"2017. 4.16",中山,3中8,1600万,春興ＳＨ1600,4,8,ヒーズインラブ,牡,4,シュタル, 55 ,16,3,１, ,芝1600,良,,(栗),藤岡健一,1325,-0.0,6,8,8,33.2,518,-6,
,"2017. 4.16",中山,3中8,Ｇ１,皐月賞G1,6,11,アルアイン,牡,3,松山弘平, 57 ,18,9,１, ,芝2000,良,*,(栗),池江泰寿,1578,-0.0,4,5,5,34.2,518,-2,
,"2017. 4.16",中山,3中8,ｵｰﾌﾟﾝ,春雷ＳＨ,6,10,フィドゥーシア,牝,5,吉田豊, 52 ,15,9,１, ,芝1200,良,,(栗),松元茂樹,1075,-0.0,,2,2,33.3,474,-8,
,"2017. 4.16",中山,3中8,1000万,利根川特1000,8,15,トウカイエントリー,牡,6,ルメール, 57 ,15,1,１, ,ダ1800,良,,(美),栗田徹,1535,-0.0,5,6,5,37.6,496,-6,
,"2017. 4.16",中山,3中8,1000万,鹿野山特1000,4,4,テオドール,牡,4,ルメール, 57 ,11,3,１, ,芝2000,良,,(美),国枝栄,1587,-0.5,5,5,4,33.8,540,-10,
,"2017. 4.16",中山,3中8,500万,500万下,5,8,コスモバーダン,牡,5,柴田大知, 57 ,15,4,１, ,ダ1800,良,,(美),水野貴広,1539,-0.3,1,1,1,37.9,524,-6,
,"2017. 4.16",中山,3中8,500万,500万下,6,10,ウォリアーズクロス,牡,4,ルメール, 57 ,15,1,１, ,ダ1200,良,,(美),国枝栄,1126,-0.0,,3,3,38.2,546,+18,
,"2017. 4.16",中山,3中8,500万,500万下*,8,13,サクレエクスプレス,牝,3,岩田康誠, 54 ,13,5,１, ,ダ1800,良,,(美),加藤征弘,1536,-0.2,3,3,3,38.7,480,0,
,"2017. 4.16",中山,3中8,未勝利,未勝利,3,5,バラダガール,牝,3,戸崎圭太, 54 ,15,1,１, ,芝2200,良,,(美),国枝栄,2152,-0.0,13,2,2,35.1,534,-6,
,"2017. 4.16",中山,3中8,未勝利,未勝利,8,15,チェアーグライド,牡,3,田辺裕信, 56 ,16,2,１, ,ダ1200,良,,(美),矢野英一,1129,-0.0,,2,2,37.8,506,-4,
,"2017. 4.16",中山,3中8,未勝利,未勝利,8,14,セガールモチンモク,セ,3,田辺裕信, 56 ,14,1,１, ,ダ1800,良,,(美),粕谷昌央,1560,-0.0,10,5,4,37.7,472,0,
,"2017. 4.16",中山,3中8,未勝利,未勝利・牝,8,16,カンバンムスメ,牝,3,西田雄一, 54 ,16,7,１, ,ダ1200,良,,(美),松永康利,1134,-0.2,,2,2,37.9,438,-2,
,"2017. 4.15",中山,3中7,1000万,鹿島特別1000,8,15,ヨウライフク,セ,5,大野拓弥, 57 ,16,3,１, ,ダ1200,良,,(栗),奥村豊,1117,-0.2,,1,1,36.7,500,0,B
,"2017. 4.15",中山,3中7,ＪＧ１,中山グラJG1,8,12,オジュウチョウサン,牡,6,石神深一, 63 ,13,1,１, ,芝4250,良,,(美),和田正一,4508,-0.6,3,2,1,13.7,510,+2,
,"2017. 4.15",中山,3中7,1600万,下総Ｓ1600,6,12,エネスク,牡,4,柴田大知, 57 ,16,7,１, ,ダ1800,良,,(美),和田雄二,1525,-0.1,2,2,2,37.4,512,-2,
,"2017. 4.15",中山,3中7,500万,山藤賞500*,8,10,レッドローゼス,牡,3,蛯名正義, 56 ,10,1,１, ,芝1800,良,,(美),国枝栄,1489,-0.1,6,5,3,33.3,470,-4,
,"2017. 4.15",中山,3中7,1000万,1000万下,4,7,トシザキミ,牝,6,田辺裕信, 55 ,15,3,１, ,芝1200,良,,(栗),鮫島一歩,1086,-0.0,,4,4,33.6,486,-10,
,"2017. 4.15",中山,3中7,500万,500万下・牝,8,13,ヒカリトップメモリ,牝,4,戸崎圭太, 55 ,14,1,１, ,ダ1200,良,,(美),池上昌弘,1124,-0.4,,6,6,36.5,470,0,
,"2017. 4.15",中山,3中7,500万,500万下,7,10,ワイルドダンサー,牡,5,田辺裕信, 57 ,12,3,１, ,ダ2400,良,,(美),久保田貴,2368,-0.0,5,4,4,38.6,490,-10,
,"2017. 4.15",中山,3中7,500万,500万下*,2,4,スビールアスール,牝,3,戸崎圭太, 54 ,16,2,１, ,芝1200,良,,(美),武藤善則,1086,-0.0,,5,3,34.1,468,-2,
,"2017. 4.15",中山,3中7,未勝利,未勝利,7,14,マイネルヴンシュ,牡,3,柴田大知, 56 ,16,1,１, ,芝2000,良,*,(美),水野貴広,2004,-0.1,3,3,2,34.3,436,-8,
,"2017. 4.15",中山,3中7,未勝利,未勝利,4,4,グッドラックサマー,牡,3,田辺裕信, 56 ,13,2,１, ,ダ1800,稍,,(美),尾形和幸,1556,-0.2,5,3,3,38.4,542,-4,
,"2017. 4.15",中山,3中7,未勝利,未勝利,3,5,ガッテンパートナー,牡,3,松岡正海, 56 ,16,3,１, ,ダ1200,稍,,(美),本間忍,1136,-0.6,,5,4,38.0,456,-2,
,"2017. 4.15",中山,3中7,未勝利,未勝利・牝,4,4,ビッザーロ,牝,3,北村宏司, 54 ,13,1,１, ,ダ1800,稍,,(美),奥村武,1556,-0.6,2,2,2,39.5,542,0,
,"2017. 4. 9",中山,3中6,1000万,1000万下,2,2,マイネルビクトリー,牡,4,柴田大知, 57 ,15,4,１, ,ダ2400,不,,(美),畠山吉宏,2324,-0.3,14,12,8,36.9,486,-4,
,"2017. 4. 9",中山,3中6,ｵｰﾌﾟﾝ,京葉Ｓ,6,9,ショコラブラン,牡,5,戸崎圭太, 56 ,13,4,１, ,ダ1200,不,,(栗),浅見秀一,1098,-0.0,,7,7,36.1,470,+2,
,"2017. 4. 9",中山,3中6,1000万,隅田川Ｈ1000,4,8,エクラミレネール,牝,4,北村宏司, 52 ,16,5,１, ,芝1600,重,,(美),高橋裕,1359,-1.1,2,2,1,36.5,454,0,
,"2017. 4. 9",中山,3中6,500万,デイジー500*,6,6,マナローラ,牝,3,北村宏司, 54 ,11,2,１, ,芝1800,重,,(栗),鮫島一歩,1536,-0.0,4,5,3,36.5,438,-2,
,"2017. 4. 9",中山,3中6,500万,500万下,1,1,ストーミング,牡,6,大野拓弥, 57 ,14,6,１, ,芝1600,重,,(美),新開幸一,1373,-0.1,11,11,6,37.2,490,-2,
,"2017. 4. 9",中山,3中6,500万,500万下・牝,8,12,リリカルホワイト,牝,4,石川裕紀, 55 ,13,1,１, ,ダ1800,不,,(美),相沢郁,1511,-2.2,1,1,1,37.1,524,-6,
,"2017. 4. 9",中山,3中6,500万,500万下*,5,7,アポロユッキー,牝,3,蛯名正義, 54 ,14,6,１, ,ダ1800,不,*,(美),堀井雅広,1536,-0.2,10,7,5,39.3,494,-2,
,"2017. 4. 9",中山,3中6,未勝利,未勝利,6,11,エメラルスター,牡,3,石川裕紀, 56 ,16,3,１, ,芝1600,重,,(美),相沢郁,1395,-0.0,4,5,6,37.0,454,-4,
,"2017. 4. 9",中山,3中6,未勝利,未勝利・牝,2,4,エミットライト,牝,3,石橋脩, 54 ,17,5,１, ,芝2000,重,,(美),斎藤誠,2058,-0.3,1,1,1,37.6,468,-4,
,"2017. 4. 9",中山,3中6,未勝利,未勝利,8,16,セイウンチャーム,牝,3,戸崎圭太, 54 ,16,1,１, ,ダ1200,不,,(美),手塚貴久,1109,-0.1,,2,2,37.4,470,-2,B
,"2017. 4. 9",中山,3中6,未勝利,未勝利,6,11,トワードポラリス,牡,3,戸崎圭太, 56 ,15,1,１, ,ダ1800,不,,(美),加藤征弘,1536,-0.0,1,1,1,37.7,456,0,
,"2017. 4. 9",中山,3中6,未勝利,未勝利,1,1,ヒラボクメジャー,牡,3,柴山雄一, 56 ,16,4,１, ,ダ1200,不,,(美),竹内正洋,1121,-0.0,,3,3,37.0,486,-2,
,"2017. 4. 8",中山,3中5,500万,500万下,4,8,ウインバローラス,牡,5,岩田康誠, 57 ,16,4,１, ,ダ1200,不,,(美),奥平雅士,1109,-0.2,,3,3,36.3,488,-12,B
,"2017. 4. 8",中山,3中5,Ｇ２,ニュージG2,3,6,ジョーストリクトリ,牡,3,シュタル, 56 ,16,12,１, ,芝1600,稍,,(栗),清水久詞,1360,-0.2,5,5,4,34.9,492,-2,
,"2017. 4. 8",中山,3中5,1600万,湾岸Ｓ1600,5,5,ウムブルフ,牡,4,シュタル, 57 ,9,3,１, ,芝2200,稍,,(美),堀宣行,2145,-0.2,8,7,6,36.6,470,-4,
,"2017. 4. 8",中山,3中5,1000万,野島崎特1000,7,9,トウカイシェーン,牝,4,松山弘平, 55 ,12,5,１, ,芝1800,稍,,(栗),北出成人,1491,-0.1,5,6,5,36.1,450,-2,
,"2017. 4. 8",中山,3中5,500万,500万下,4,4,ヴァッハウ,牡,5,北村宏司, 57 ,12,7,１, ,ダ1800,不,,(美),田村康仁,1515,-0.4,1,1,1,37.0,504,0,
,"2017. 4. 8",中山,3中5,500万,500万下*,4,8,アシャカダイキ,牝,3,石川裕紀, 54 ,16,1,１, ,ダ1200,不,,(美),鈴木伸尋,1105,-0.0,,5,4,35.9,476,-10,
,"2017. 4. 8",中山,3中5,未勝利,未勝利,8,14,ニーマルサンデー,牡,3,吉田豊, 56 ,14,1,１, ,ダ1800,不,,(美),田村康仁,1520,-0.6,4,2,1,37.1,464,-2,
,"2017. 4. 8",中山,3中5,未勝利,未勝利,1,1,ヘリファルテ,牡,3,シュタル, 56 ,18,2,１, ,芝2000,稍,,(美),堀宣行,2043,-0.0,10,11,8,36.8,484,,B
,"2017. 4. 8",中山,3中5,未勝利,未勝利・牝,5,9,グレイスニコ,牝,3,横山典弘, 54 ,16,1,１, ,ダ1800,不,,(美),土田稔,1541,-0.1,5,4,3,38.5,458,-2,
,"2017. 4. 8",中山,3中5,未勝利,未勝利,1,2,アシャカセルクル,牡,3,木幡巧也,55☆,16,1,１, ,ダ1200,不,,(美),小笠倫弘,1107,-0.3,,1,1,36.9,504,+6,
,"2017. 4. 8",中山,3中5,未勝利,未勝利,5,7,リヴァイアサン,牡,3,岩田康誠, 56 ,14,2,１, ,ダ1800,不,,(美),相沢郁,1540,-0.2,2,2,2,37.8,500,0,B
,"2017. 4. 8",中山,3中5,未勝利,未勝利・牝,7,14,メイショウルミナス,牝,3,田辺裕信, 54 ,16,1,１, ,ダ1200,不,,(美),小島太,1111,-0.1,,2,2,36.3,456,0,
,"2017. 4. 2",中山,3中4,1000万,1000万下,8,16,タイセイラナキラ,牝,4,木幡巧也,53△,16,4,１, ,ダ1200,重,,(栗),西村真幸,1112,-0.1,,1,1,36.2,498,-12,
,"2017. 4. 2",中山,3中4,1600万,船橋市市1600,4,7,アルティマブラッド,牝,5,松若風馬, 55 ,16,6,１, ,芝1200,良,,(栗),音無秀孝,1089,-0.1,,3,3,34.6,476,-14,
,"2017. 4. 2",中山,3中4,ｵｰﾌﾟﾝ,伏竜Ｓ,8,9,リゾネーター,牡,3,木幡巧也, 56 ,10,1,１, ,ダ1800,重,,(美),牧光二,1526,-0.7,4,2,2,37.1,540,+8,B
,"2017. 4. 2",中山,3中4,1000万,安房特Ｈ1000,1,1,ウインブルーローズ,牡,5,吉田隼人, 54 ,12,8,１, ,芝2500,良,*,(美),高橋祥泰,2376,-0.1,4,4,3,34.7,488,0,
,"2017. 4. 2",中山,3中4,500万,500万下,7,10,ジョンブドール,牝,5,シュタル, 55 ,12,3,１, ,芝2000,良,,(美),高橋文雅,2032,-0.0,6,6,8,34.7,446,+10,
,"2017. 4. 2",中山,3中4,500万,500万下,7,7,ダイワチャーチル,牡,4,野中悠太,54▲,9,1,１, ,ダ1800,重,,(美),国枝栄,1532,-1.1,5,3,2,38.4,508,+2,B
,"2017. 4. 2",中山,3中4,500万,500万下*,3,5,ニシノアップルパイ,牡,3,大野拓弥, 56 ,15,6,１, ,芝1600,稍,,(美),中舘英二,1347,-0.2,2,2,2,35.6,484,+8,
,"2017. 4. 2",中山,3中4,未勝利,未勝利,8,15,バトルサンバ,牡,3,田辺裕信, 56 ,16,1,１, ,ダ1200,重,*,(美),尾形和幸,1119,-0.2,,1,2,37.3,510,+2,
,"2017. 4. 2",中山,3中4,未勝利,障害未勝利,6,10,プレスリー,牡,6,蓑島靖典, 60 ,14,4,１, ,ダ2880,稍,,(美),南田美知,3178,-0.2,11,8,8,13.7,502,-6,
,"2017. 4. 2",中山,3中4,未勝利,未勝利,6,12,レッドアーサー,牡,3,戸崎圭太, 56 ,16,1,１, ,芝1600,稍,,(美),戸田博文,1354,-0.0,4,2,2,35.5,462,-4,
,"2017. 4. 2",中山,3中4,未勝利,未勝利,2,4,ヤマニンバンタジオ,セ,3,戸崎圭太, 56 ,16,1,１, ,ダ1800,重,,(美),田島俊明,1544,-0.7,13,5,3,38.2,516,0,
,"2017. 4. 2",中山,3中4,未勝利,未勝利・牝,7,14,サンクララ,牝,3,柴山雄一, 54 ,16,9,１, ,ダ1200,重,,(美),清水英克,1128,-0.0,,6,3,38.0,428,+8,
,"2017. 4. 1",中山,3中3,500万,500万下,4,8,ハヤブサレディゴー,牝,4,吉田隼人, 55 ,16,1,１, ,ダ1200,不,,(美),伊藤圭三,1111,-0.1,,2,2,37.0,490,+2,
,"2017. 4. 1",中山,3中3,Ｇ３,ダービーＨG3,2,3,ロジチャリス,牡,5,内田博幸, 56 ,16,5,１, ,芝1600,稍,,(美),国枝栄,1347,-0.1,2,2,2,34.6,560,+2,
,"2017. 4. 1",中山,3中3,1000万,千葉日報1000,6,11,アドマイヤナイト,牝,5,戸崎圭太, 55 ,15,1,１, ,芝1200,稍,,(栗),梅田智之,1092,-0.2,,7,7,34.9,424,-6,
,"2017. 4. 1",中山,3中3,500万,山吹賞500*,6,8,チャロネグロ,牡,3,田辺裕信, 56 ,13,3,１, ,芝2200,稍,,(美),大和田成,2156,-0.0,12,10,11,35.5,486,-12,
,"2017. 4. 1",中山,3中3,500万,500万下,8,14,トゥルーウインド,牡,5,田中勝春, 57 ,14,1,１, ,ダ1800,不,,(美),田中剛,1528,-0.9,1,1,1,38.4,454,-2,
,"2017. 4. 1",中山,3中3,500万,500万下*,7,13,トロピカルスパート,牝,3,石橋脩, 54 ,16,10,１, ,ダ1200,不,,(美),高橋文雅,1112,-0.0,,10,11,36.8,474,-2,
,"2017. 4. 1",中山,3中3,未勝利,未勝利,8,15,リードザフィールド,牡,3,大野拓弥, 56 ,16,7,１, ,ダ1800,不,,(美),高木登,1549,-0.2,3,2,1,38.6,458,-4,
,"2017. 4. 1",中山,3中3,未勝利,未勝利,3,5,コンフィデンス,牡,3,田辺裕信, 56 ,18,1,１, ,芝2000,稍,,(美),奥村武,2036,-0.0,15,12,10,36.1,508,+20,
,"2017. 4. 1",中山,3中3,未勝利,未勝利,3,5,ワシントンレガシー,牝,3,柴山雄一, 54 ,16,3,１, ,ダ1200,不,,(美),戸田博文,1113,-0.6,,1,1,37.5,460,+4,
,"2017. 4. 1",中山,3中3,未勝利,未勝利,4,8,コトブキホーク,牡,3,横山典弘, 56 ,16,1,１, ,ダ1800,不,,(美),金成貴史,1541,-0.9,8,5,2,38.7,482,0,
,"2017. 4. 1",中山,3中3,未勝利,未勝利,7,13,ノットオンリー,牡,3,井上敏樹,54△,16,2,１, ,ダ1200,不,,(美),大和田成,1120,-0.2,,3,3,37.3,430,0,
,"2017. 4. 1",中山,3中3,未勝利,未勝利・牝,8,14,ウインミストレス,牝,3,内田博幸, 54 ,15,7,１, ,ダ1800,不,,(美),武市康男,1565,-0.0,3,2,3,39.2,454,+8,
,"2017. 3.26",中山,3中2,1000万,1000万下,1,2,プレシャスエース,牡,4,木幡初広, 57 ,16,1,１, ,ダ1200,稍,,(美),栗田博憲,1114,-0.1,,1,1,37.0,512,-6,
,"2017. 3.26",中山,3中2,Ｇ３,マーチＳＨG3,2,4,インカンテーション,牡,7,勝浦正樹,57.5,16,10,１, ,ダ1800,稍,,(栗),羽月友彦,1520,-0.1,3,5,3,38.3,504,-2,
,"2017. 3.26",中山,3中2,1600万,常総ＳＨ1600,8,16,パリカラノテガミ,牡,6,柴山雄一, 54 ,16,15,１, ,芝2000,稍,,(美),清水英克,2028,-0.0,14,14,16,36.9,450,-2,
,"2017. 3.26",中山,3中2,1000万,両国特別1000,6,6,クラウンディバイダ,牡,4,和田竜二, 57 ,10,6,１, ,芝1800,稍,,(美),斎藤誠,1520,-0.0,1,1,1,36.1,474,0,
,"2017. 3.26",中山,3中2,500万,500万下,7,13,ジュンザワールド,牡,4,北村宏司, 57 ,16,1,１, ,ダ1200,稍,,(美),勢司和浩,1119,-0.2,,5,2,38.0,528,0,
,"2017. 3.26",中山,3中2,500万,500万下,4,8,ワイドリーザワン,牡,5,北村宏司, 57 ,16,1,１, ,ダ1800,稍,,(美),奥村武,1555,-0.0,15,15,12,37.3,458,0,B
,"2017. 3.26",中山,3中2,500万,500万下*,5,6,ダノンハイパワー,牡,3,横山典弘, 56 ,13,1,１, ,芝1200,稍,,(美),菊沢隆徳,1106,-0.1,,12,12,34.9,494,-4,
,"2017. 3.26",中山,3中2,500万,500万下*,5,7,モズカッチャン,牝,3,和田竜二, 54 ,13,2,１, ,芝1800,良,,(栗),鮫島一歩,1518,-0.0,3,2,1,36.6,468,-8,
,"2017. 3.26",中山,3中2,未勝利,未勝利,3,5,ミッキースワロー,牡,3,菊沢一樹,53▲,18,3,１, ,芝2200,良,,(美),菊沢隆徳,2160,-0.6,15,16,5,36.3,494,-2,
,"2017. 3.26",中山,3中2,未勝利,未勝利,6,11,アイヅヒリュウ,牡,3,柴山雄一, 56 ,16,1,１, ,ダ1800,良,,(美),小笠倫弘,1568,-0.0,4,2,2,39.5,486,0,
,"2017. 3.26",中山,3中2,未勝利,未勝利,5,10,シルバーストーン,牡,3,柴山雄一, 56 ,16,3,１, ,ダ1200,良,,(美),石栗龍彦,1124,-0.2,,2,2,37.7,488,-4,
,"2017. 3.26",中山,3中2,未勝利,未勝利・牝,5,9,スプリットステップ,牝,3,津村明秀, 54 ,16,1,１, ,ダ1800,良,,(美),和田正一,1572,-0.4,2,1,1,39.3,482,-6,
,"2017. 3.25",中山,3中1,1000万,1000万下,2,2,ロードシャリオ,牡,5,田辺裕信, 57 ,15,2,１, ,ダ1800,良,,(美),高柳瑞樹,1537,-0.2,3,4,3,37.0,480,-6,
,"2017. 3.25",中山,3中1,Ｇ２,日経賞G2,7,13,シャケトラ,牡,4,田辺裕信, 55 ,16,4,１, ,芝2500,良,,(栗),角居勝彦,2328,-0.1,11,8,8,35.0,510,-6,
,"2017. 3.25",中山,3中1,1600万,春風Ｓ1600,7,12,ショコラブラン,牡,5,Ｍ．デム, 57 ,14,1,１, ,ダ1200,良,,(栗),浅見秀一,1106,-0.1,,6,5,35.9,468,0,
,"2017. 3.25",中山,3中1,500万,ミモザ賞500*,2,2,ルヴォワール,牝,3,石川裕紀, 54 ,7,1,１, ,芝2000,良,,(美),手塚貴久,2043,-0.2,4,4,4,34.6,522,-4,
,"2017. 3.25",中山,3中1,ｵｰﾌﾟﾝ,ペガサス,5,8,メイショウヒデタダ,牡,8,熊沢重文, 60 ,14,1,１, ,芝3350,良,,(栗),南井克巳,3420,-1.3,2,2,1,13.3,484,+4,
,"2017. 3.25",中山,3中1,500万,500万下・牝,1,1,サクレディーヴァ,牝,4,横山典弘, 55 ,15,4,１, ,ダ1800,良,,(美),加藤征弘,1545,-0.0,1,2,2,38.7,504,+2,
,"2017. 3.25",中山,3中1,500万,500万下,6,12,ウインアンビション,牡,4,岩田康誠, 57 ,16,2,１, ,ダ1200,良,,(美),畠山吉宏,1122,-0.1,,12,8,37.4,500,-2,
,"2017. 3.25",中山,3中1,500万,500万下*,7,7,アナザートゥルース,牡,3,大野拓弥, 56 ,9,5,１, ,ダ1800,良,,(美),高木登,1559,-0.3,1,1,1,36.7,476,0,
,"2017. 3.25",中山,3中1,未勝利,未勝利,7,14,サンアンカレッジ,牡,3,二本柳壮, 56 ,16,8,１, ,芝1600,良,,(美),岩戸孝樹,1355,-0.2,1,1,1,35.4,476,+2,
,"2017. 3.25",中山,3中1,未勝利,未勝利,8,15,ネームユアポイズン,牡,3,戸崎圭太, 56 ,16,2,１, ,芝1800,良,,(美),国枝栄,1507,-0.3,13,2,2,35.9,482,+6,
,"2017. 3.25",中山,3中1,未勝利,未勝利,1,2,ブランシュ,牝,3,柴田大知, 54 ,16,1,１, ,ダ1200,良,,(美),根本康広,1134,-0.3,,1,1,38.8,438,-6,
,"2017. 3.25",中山,3中1,未勝利,未勝利,7,13,ペイシャボム,牡,3,江田照男, 56 ,16,10,１, ,ダ1800,良,,(美),本間忍,1563,-0.2,3,2,2,37.9,470,,
,"2017. 3.20",中山,2中8,1000万,1000万下,4,7,エネスク,牡,4,勝浦正樹, 57 ,16,1,１, ,ダ1800,良,,(美),和田雄二,1538,-0.0,1,1,1,38.4,514,0,
,"2017. 3.20",中山,2中8,Ｇ３,フラワーG3,8,12,ファンディーナ,牝,3,岩田康誠, 54 ,13,1,１, ,芝1800,良,,(栗),高野友和,1487,-0.8,2,2,2,34.9,508,-4,
,"2017. 3.20",中山,2中8,1600万,韓国馬事1600,8,9,マイネルバサラ,牡,4,柴田大知, 57 ,10,2,１, ,ダ1800,良,,(美),松山将樹,1538,-0.1,2,2,1,36.5,474,0,
,"2017. 3.20",中山,2中8,1000万,鎌ケ谷Ｈ1000,5,7,ヒーズインラブ,牡,4,シュタル, 56 ,13,2,１, ,芝1600,良,,(栗),藤岡健一,1345,-0.2,7,7,7,34.9,524,+2,
,"2017. 3.20",中山,2中8,500万,500万下,7,12,ハヤブサライデン,牡,5,戸崎圭太, 57 ,15,2,１, ,ダ2400,良,,(美),菊川正達,2373,-0.2,1,1,1,39.7,490,-2,
,"2017. 3.20",中山,2中8,500万,500万下,4,8,ニシノカブケ,牡,5,戸崎圭太, 57 ,16,1,１, ,芝1600,良,,(美),萱野浩二,1350,-0.1,12,8,3,34.9,504,+2,
,"2017. 3.20",中山,2中8,未勝利,未勝利・牝,7,14,ジッパーレーン,牝,3,岩田康誠, 54 ,16,5,１, ,芝1800,良,,(美),戸田博文,1521,-0.0,2,2,2,35.7,456,,
,"2017. 3.20",中山,2中8,未勝利,未勝利,2,4,キングリッド,牡,3,松岡正海, 56 ,16,3,１, ,芝1600,良,,(美),池上昌弘,1351,-0.2,5,5,5,35.9,448,-2,
,"2017. 3.20",中山,2中8,500万,500万下*,2,2,スターストラック,牡,3,木幡巧也,54△,15,6,１, ,ダ1800,良,,(美),栗田博憲,1543,-0.0,4,4,3,38.6,510,-6,
,"2017. 3.20",中山,2中8,未勝利,未勝利,7,13,リトルレグルス,牡,3,松岡正海, 56 ,16,3,１, ,ダ1200,良,,(美),手塚貴久,1126,-0.0,,5,5,37.8,494,-4,
,"2017. 3.20",中山,2中8,未勝利,未勝利,7,14,エポックメーカー,牡,3,戸崎圭太, 56 ,16,1,１, ,ダ1800,良,,(美),上原博之,1573,-0.2,4,3,2,39.2,506,-6,
,"2017. 3.20",中山,2中8,未勝利,未勝利・牝,7,14,ラブユーミー,牝,3,江田照男, 54 ,16,5,１, ,ダ1200,良,,(美),星野忍,1135,-0.2,,3,3,38.8,474,,
,"2017. 3.19",中山,2中7,1000万,1000万下・牝,8,9,ロッカフラベイビー,牝,5,Ｍ．デム, 55 ,10,2,１, ,芝2000,良,,(美),鹿戸雄一,2015,-0.6,10,9,4,35.1,466,+12,
,"2017. 3.19",中山,2中7,Ｇ２,スプリンG2,8,10,ウインブライト,牡,3,松岡正海, 56 ,11,5,１, ,芝1800,良,,(美),畠山吉宏,1484,-0.1,8,8,6,35.5,460,-12,
,"2017. 3.19",中山,2中7,ｵｰﾌﾟﾝ,千葉ＳＨ,5,10,ナンチンノン,牡,6,丸田恭介, 55 ,16,10,１, ,ダ1200,良,,(栗),中竹和也,1099,-0.3,,2,2,36.6,532,-4,
,"2017. 3.19",中山,2中7,1600万,幕張Ｓ1600,7,10,キャンベルジュニア,牡,5,シュタル, 57 ,13,1,１, ,芝1600,良,,(美),堀宣行,1333,-0.3,3,3,3,35.2,536,+4,
,"2017. 3.19",中山,2中7,500万,500万下,2,4,エビスリアン,牡,4,菱田裕二, 57 ,16,4,１, ,ダ1200,良,,(美),加藤征弘,1118,-0.0,,3,3,37.4,474,-6,B
,"2017. 3.19",中山,2中7,500万,500万下,1,1,アオイオンリーワン,牡,5,内田博幸, 57 ,16,1,１, ,ダ1800,良,,(美),古賀慎明,1544,-0.9,1,1,1,38.5,518,-2,
,"2017. 3.19",中山,2中7,500万,500万下*,6,8,ポールヴァンドル,牝,3,戸崎圭太, 54 ,13,1,１, ,芝1600,良,,(美),上原博之,1361,-0.1,2,2,1,36.1,536,-8,
,"2017. 3.19",中山,2中7,未勝利,未勝利,6,12,グローリーハンター,牡,3,戸崎圭太, 56 ,16,3,１, ,芝2000,良,,(美),田村康仁,2023,-0.0,15,10,6,35.4,510,,
,"2017. 3.19",中山,2中7,新馬,新馬,4,7,ナスノカンザン,牡,3,田辺裕信, 56 ,16,2,１, ,ダ1800,良,,(美),小笠倫弘,1583,-0.7,6,3,2,39.6,512,,
,"2017. 3.19",中山,2中7,未勝利,未勝利,5,10,スペルマロン,牡,3,内田博幸, 56 ,16,2,１, ,ダ1800,良,,(美),古賀史生,1568,-0.6,4,2,2,39.5,502,-6,
,"2017. 3.19",中山,2中7,未勝利,未勝利,3,4,ブランメジェール,牝,3,大野拓弥, 54 ,15,1,１, ,ダ1200,良,,(美),高木登,1122,-0.4,,2,2,37.8,464,-8,
,"2017. 3.19",中山,2中7,未勝利,未勝利・牝,8,14,セラファン,牝,3,石川裕紀, 54 ,15,13,１, ,ダ1800,良,,(美),相沢郁,1565,-0.0,3,3,3,40.0,478,0,
,"2017. 3.12",中山,2中6,1000万,1000万下,8,16,チェリーサマー,牡,5,野中悠太,54▲,16,2,１, ,ダ1200,良,,(美),小西一男,1126,-0.2,,3,3,37.0,522,+4,
,"2017. 3.12",中山,2中6,Ｇ３,中山牝馬ＨG3,2,4,トーセンビクトリー,牝,5,武豊, 53 ,16,5,１, ,芝1800,良,*,(栗),角居勝彦,1494,-0.0,3,3,4,34.5,476,+6,
,"2017. 3.12",中山,2中6,ｵｰﾌﾟﾝ,東風Ｓ,3,3,グレーターロンドン,牡,5,田辺裕信, 56 ,10,1,１, ,芝1600,良,,(美),大竹正博,1367,-0.2,9,9,8,33.3,472,+4,
,"2017. 3.12",中山,2中6,1000万,房総特別1000,6,12,シゲルノコギリザメ,牡,4,戸崎圭太, 57 ,16,2,１, ,芝1200,良,,(栗),谷潔,1091,-0.1,,3,3,34.6,490,0,
,"2017. 3.12",中山,2中6,500万,500万下,8,16,アンプラグド,セ,6,田辺裕信, 57 ,16,4,１, ,ダ1800,良,,(美),大和田成,1549,-0.1,13,12,11,37.2,496,-8,
,"2017. 3.12",中山,2中6,500万,500万下,6,11,ウエスタンボルト,セ,4,田中勝春, 57 ,16,12,１, ,ダ1200,良,,(美),小野次郎,1122,-0.0,,10,6,37.2,470,+6,
,"2017. 3.12",中山,2中6,500万,500万下*,4,4,リカビトス,牝,3,ルメール, 54 ,12,5,１, ,芝2000,良,,(美),奥村武,2020,-0.0,10,10,10,35.1,428,+12,
,"2017. 3.12",中山,2中6,未勝利,未勝利,6,12,ヒラボクビューン,牡,3,ルメール, 56 ,16,1,１, ,芝2200,良,,(美),大竹正博,2161,-0.0,6,5,2,35.1,468,0,
,"2017. 3.12",中山,2中6,未勝利,未勝利,6,12,アンティノウス,牡,3,ルメール, 56 ,16,2,１, ,ダ1800,良,,(美),国枝栄,1559,-0.3,7,4,2,38.5,530,-2,
,"2017. 3.12",中山,2中6,未勝利,未勝利,3,5,タイセイマルス,牡,3,内田博幸, 56 ,16,4,１, ,ダ1200,良,,(美),栗田徹,1136,-0.0,,6,4,37.3,456,+22,
,"2017. 3.12",中山,2中6,未勝利,未勝利,5,6,トラネコ,牡,3,武豊, 56 ,12,2,１, ,ダ1800,良,,(美),堀井雅広,1556,-0.6,1,1,1,38.1,446,+2,
,"2017. 3.12",中山,2中6,未勝利,未勝利・牝,4,8,ポップシンガー,牝,3,津村明秀, 54 ,16,6,１, ,ダ1200,良,,(美),鈴木伸尋,1129,-0.1,,2,2,37.9,454,-8,
,"2017. 3.11",中山,2中5,1000万,1000万下,6,9,バイオンディップス,牡,5,田中勝春, 57 ,13,2,１, ,ダ2400,良,*,(美),小島茂之,2353,-0.2,2,2,2,38.7,522,-10,B
,"2017. 3.11",中山,2中5,ｵｰﾌﾟﾝ,アネモネ,7,14,ライジングリーズン,牝,3,丸田恭介, 54 ,16,1,１, ,芝1600,良,,(美),奥村武,1347,-0.1,12,15,8,35.1,482,-2,
,"2017. 3.11",中山,2中5,1600万,サンシＨ1600,3,3,シュペルミエール,牡,4,北村宏司, 56 ,10,1,１, ,芝2500,良,,(美),木村哲也,2354,-0.1,8,7,7,35.0,510,+22,
,"2017. 3.11",中山,2中5,1000万,館山特別1000,8,9,サトノスティング,牡,6,勝浦正樹, 57 ,9,3,１, ,芝2000,良,,(美),的場均,2020,-0.0,7,5,5,35.5,470,0,
,"2017. 3.11",中山,2中5,500万,500万下・牝,2,4,コスモエルデスト,牝,6,丹内祐次, 55 ,16,2,１, ,ダ1200,良,,(美),畠山吉宏,1119,-0.2,,2,2,37.6,470,0,B
,"2017. 3.11",中山,2中5,500万,500万下*,8,11,カリビアンゴールド,牝,3,シュタル, 54 ,11,5,１, ,芝1600,良,,(美),小島太,1352,-0.1,8,6,7,34.6,470,+2,
,"2017. 3.11",中山,2中5,500万,500万下*,2,4,ブレークオンスルー,牡,3,内田博幸, 56 ,16,3,１, ,ダ1200,良,,(美),伊藤圭三,1119,-0.1,,2,2,38.3,500,-6,
,"2017. 3.11",中山,2中5,未勝利,未勝利,5,9,ローリングタワー,牡,3,柴田善臣, 56 ,16,3,１, ,芝1800,良,,(美),伊藤伸一,1505,-0.2,10,9,6,35.5,438,-4,
,"2017. 3.11",中山,2中5,新馬,新馬,2,3,マイネルツァイト,牡,3,丹内祐次, 56 ,16,2,１, ,ダ1800,良,,(美),大和田成,1584,-0.3,1,1,1,41.9,500,,
,"2017. 3.11",中山,2中5,未勝利,未勝利,1,2,グリターテソーロ,牡,3,吉田隼人, 56 ,16,1,１, ,ダ1200,良,,(美),武井亮,1125,-0.0,,2,2,37.8,486,+8,
,"2017. 3.11",中山,2中5,未勝利,未勝利,5,9,ゴールドブラッド,牡,3,田中勝春, 56 ,16,4,１, ,ダ1800,良,,(美),宗像義忠,1558,-0.5,3,3,2,39.0,496,-4,
,"2017. 3.11",中山,2中5,未勝利,未勝利・牝,8,15,プリエンプト,牝,3,石橋脩, 54 ,16,1,１, ,ダ1800,良,,(美),斎藤誠,1562,-1.0,2,2,2,39.5,466,-14,
,"2017. 3. 5",中山,2中4,1000万,1000万下,4,6,マリオーロ,牡,5,戸崎圭太, 57 ,14,3,１, ,芝1600,良,,(美),斎藤誠,1347,-0.1,5,3,3,34.7,500,-4,
,"2017. 3. 5",中山,2中4,Ｇ２,弥生賞G2,8,11,カデナ,牡,3,福永祐一, 56 ,12,1,１, ,芝2000,良,,(栗),中竹和也,2032,-0.1,8,7,5,34.6,460,0,
,"2017. 3. 5",中山,2中4,1600万,上総ＳＨ1600,7,13,サングラス,牡,6,内田博幸, 55 ,16,4,１, ,ダ1800,良,,(栗),谷潔,1538,-0.0,4,4,3,37.6,500,-8,B
,"2017. 3. 5",中山,2中4,1000万,潮来特別1000,8,10,イチダイ,牡,4,内田博幸, 56 ,10,3,１, ,芝2500,良,,(美),柄崎孝,2361,-0.0,4,3,2,35.2,536,-2,
,"2017. 3. 5",中山,2中4,500万,500万下,4,7,マイネルクラフト,牡,4,柴田大知, 57 ,16,6,１, ,芝2000,良,,(美),手塚貴久,2004,-0.1,15,15,12,35.1,480,-2,B
,"2017. 3. 5",中山,2中4,500万,500万下,2,4,パブリックフレンド,牡,5,北村宏司, 57 ,16,10,１, ,ダ1800,良,,(美),宗像義忠,1549,-0.0,15,11,7,38.9,472,-2,
,"2017. 3. 5",中山,2中4,500万,500万下*,4,6,ハットラブ,牝,3,菊沢一樹,51▲,15,1,１, ,ダ1200,良,,(美),菊沢隆徳,1123,-0.0,,11,9,36.3,468,+4,
,"2017. 3. 5",中山,2中4,未勝利,未勝利,4,7,バトルスピリッツ,牡,3,ルメール, 56 ,16,2,１, ,芝1800,良,,(美),藤沢和雄,1502,-0.1,7,8,7,35.1,502,0,
,"2017. 3. 5",中山,2中4,ｵｰﾌﾟﾝ,障害・オープ,6,8,ルペールノエル,牡,7,高田潤, 61 ,12,1,１, ,ダ3200,良,,(栗),藤原英昭,3354,-0.0,4,1,1,13.5,524,+4,
,"2017. 3. 5",中山,2中4,新馬,新馬,2,3,アナザートゥルース,牡,3,大野拓弥, 56 ,16,3,１, ,ダ1800,稍,*,(美),高木登,1577,-0.0,5,6,4,40.0,476,,
,"2017. 3. 5",中山,2中4,未勝利,未勝利・牝,4,7,アシャカダイキ,牝,3,津村明秀, 54 ,16,1,１, ,ダ1200,稍,,(美),鈴木伸尋,1125,-1.1,,3,2,37.6,486,-4,
,"2017. 3. 5",中山,2中4,未勝利,未勝利,1,1,ジェイケイライジン,牡,3,内田博幸, 56 ,16,1,１, ,ダ1800,稍,,(美),柴田政人,1574,-0.0,14,3,2,40.4,484,0,
,"2017. 3. 4",中山,2中3,1000万,1000万下,1,2,ヒカリブランデー,牡,6,北村宏司, 57 ,16,1,１, ,ダ1200,稍,,(美),池上昌弘,1114,-0.2,,5,3,36.6,486,-6,
,"2017. 3. 4",中山,2中3,Ｇ３,オーシャG3,5,9,メラグラーナ,牝,5,戸崎圭太, 54 ,16,1,１, ,芝1200,良,,(栗),池添学,1083,-0.1,,9,9,33.9,514,-8,
,"2017. 3. 4",中山,2中3,1600万,スピカＳ1600,8,9,ワンブレスアウェイ,牝,4,戸崎圭太, 55 ,10,2,１, ,芝1800,良,,(美),古賀慎明,1490,-0.2,2,2,2,34.3,482,-4,
,"2017. 3. 4",中山,2中3,500万,黄梅賞500*,1,1,ハローユニコーン,牝,3,田辺裕信, 54 ,8,4,１, ,芝1600,良,,(栗),鮫島一歩,1372,-0.0,7,7,6,34.1,434,-8,
,"2017. 3. 4",中山,2中3,1000万,1000万下・牝,5,9,メリーウィドウ,牝,6,内田博幸, 55 ,16,5,１, ,ダ1800,稍,,(美),尾形充弘,1538,-0.0,13,1,1,38.3,516,+2,
,"2017. 3. 4",中山,2中3,500万,500万下,4,8,ダイワエキスパート,牡,5,石川裕紀, 57 ,16,4,１, ,ダ1200,稍,,(美),鹿戸雄一,1127,-0.0,,2,2,37.3,452,+4,
,"2017. 3. 4",中山,2中3,500万,500万下*,4,4,パレスハングリー,牝,3,田中勝春, 54 ,9,7,１, ,ダ1800,稍,,(美),大江原哲,1536,-0.3,1,1,1,38.2,460,-6,
,"2017. 3. 4",中山,2中3,未勝利,未勝利,8,15,ニシノオラクル,牡,3,菊沢一樹,53▲,16,5,１, ,芝2000,良,,(美),小桧山悟,2033,-0.2,3,3,3,34.8,446,-4,
,"2017. 3. 4",中山,2中3,新馬,新馬,3,5,トライデントミノル,牡,3,松岡正海, 56 ,16,4,１, ,ダ1200,稍,,(美),中舘英二,1141,-0.2,,4,2,38.3,446,,
,"2017. 3. 4",中山,2中3,未勝利,未勝利,8,15,マサキノテソーロ,牡,3,大野拓弥, 56 ,16,1,１, ,ダ1800,稍,,(美),高木登,1560,-0.5,7,7,4,38.7,512,-10,
,"2017. 3. 4",中山,2中3,未勝利,未勝利,5,10,ノーフィアー,牡,3,江田照男, 56 ,16,3,１, ,ダ1200,稍,,(美),佐藤吉勝,1124,-0.0,,7,7,37.3,482,-6,
,"2017. 3. 4",中山,2中3,未勝利,未勝利・牝,6,12,ビジョッテ,牝,3,田辺裕信, 54 ,16,1,１, ,ダ1800,稍,,(美),小笠倫弘,1563,-0.3,13,8,6,39.0,488,+8,
,"2017. 2.26",中山,2中2,1000万,1000万下,8,14,マイネルバサラ,牡,4,柴田大知, 56 ,15,4,１, ,ダ1800,良,,(美),松山将樹,1535,-0.3,2,1,1,38.1,474,0,
,"2017. 2.26",中山,2中2,Ｇ２,中山記念G2,1,1,ネオリアリズム,牡,6,Ｍ．デム, 57 ,11,3,１, ,芝1800,良,,(美),堀宣行,1476,-0.1,2,2,3,34.3,514,+15,
,"2017. 2.26",中山,2中2,1600万,ブラッド1600,6,10,ナリタスターワン,牡,5,Ｍ．デム, 57 ,15,3,１, ,ダ1200,良,,(栗),高橋亮,1111,-0.0,,2,2,37.3,474,-10,
,"2017. 2.26",中山,2中2,1000万,富里特別1000,7,8,パワースラッガー,牡,6,田中勝春, 57 ,11,7,１, ,芝1800,良,,(美),菊川正達,1497,-0.0,4,4,4,34.3,488,-2,
,"2017. 2.26",中山,2中2,500万,500万下,2,3,ロードシャリオ,牡,5,田辺裕信, 57 ,16,1,１, ,ダ1800,良,,(美),高柳瑞樹,1545,-0.3,7,2,1,39.2,486,+6,
,"2017. 2.26",中山,2中2,500万,500万下*,7,13,ジャッキー,牡,3,内田博幸, 56 ,16,7,１, ,芝1200,良,,(美),高橋祥泰,1095,-0.0,,3,4,35.2,484,+10,
,"2017. 2.26",中山,2中2,未勝利,未勝利,7,13,クレッシェンドラヴ,牡,3,内田博幸, 56 ,16,4,１, ,芝2200,良,,(美),二ノ宮敬,2163,-0.1,6,4,4,35.2,492,-2,
,"2017. 2.26",中山,2中2,未勝利,未勝利・牝,8,16,レッドミラベル,牝,3,Ｍ．デム, 54 ,16,2,１, ,芝1800,良,,(美),尾関知人,1489,-0.6,9,8,5,35.6,452,-14,
,"2017. 2.26",中山,2中2,500万,500万下*,8,10,ローズプリンスダム,牡,3,田辺裕信, 56 ,10,2,１, ,ダ1800,良,,(美),畠山吉宏,1561,-0.1,3,2,2,38.5,458,-4,
,"2017. 2.26",中山,2中2,新馬,新馬,8,16,タケデンサンダー,牡,3,横山典弘, 56 ,16,2,１, ,ダ1200,良,,(美),武市康男,1148,-0.3,,1,1,40.0,468,,
,"2017. 2.26",中山,2中2,未勝利,未勝利,4,7,フェニックスマーク,牡,3,横山典弘, 56 ,15,1,１, ,ダ1800,良,,(美),田島俊明,1558,-1.5,4,3,2,38.0,538,+4,
,"2017. 2.26",中山,2中2,未勝利,未勝利,1,1,ケイティクエスト,牡,3,江田照男, 56 ,16,5,１, ,ダ1200,良,,(美),蛯名利弘,1138,-0.0,,12,11,38.4,458,+12,
,"2017. 2.25",中山,2中1,1000万,1000万下,4,8,ビービーサレンダー,牡,4,内田博幸, 57 ,16,3,１, ,ダ1200,稍,,(美),久保田貴,1113,-0.1,,2,3,37.0,500,0,
,"2017. 2.25",中山,2中1,ｵｰﾌﾟﾝ,総武Ｓ,6,11,モンドクラッセ,牡,6,田辺裕信, 58 ,15,4,１, ,ダ1800,稍,,(美),清水英克,1526,-0.1,1,1,1,37.7,532,0,
,"2017. 2.25",中山,2中1,1600万,アクアＨ1600,6,11,ファインニードル,牡,4,フォーリ, 56 ,16,1,１, ,芝1200,良,,(栗),高橋義忠,1085,-0.0,,5,4,34.5,470,-10,
,"2017. 2.25",中山,2中1,500万,水仙賞500*,5,5,イブキ,牡,3,田辺裕信, 56 ,10,4,１, ,芝2200,良,,(美),奥村武,2172,-0.1,1,1,1,34.4,472,-4,
,"2017. 2.25",中山,2中1,500万,500万下,5,9,プレシャスエース,牡,4,木幡初広, 57 ,16,1,１, ,ダ1200,稍,,(美),栗田博憲,1121,-0.3,,1,1,37.6,518,+24,
,"2017. 2.25",中山,2中1,500万,500万下・牝*,3,3,デアレガーロ,牝,3,フォーリ, 54 ,12,4,１, ,芝1800,良,,(美),大竹正博,1498,-0.0,2,3,3,34.8,472,+2,
,"2017. 2.25",中山,2中1,新馬,新馬,5,7,ストロングレヴィル,牡,3,内田博幸, 56 ,14,2,１, ,芝2000,良,,(美),堀宣行,2076,-0.0,6,4,4,34.8,488,,
,"2017. 2.25",中山,2中1,未勝利,未勝利,2,3,ヴァイスジーニー,牡,3,横山典弘, 56 ,16,4,１, ,芝1600,良,*,(美),和田正道,1355,-0.0,3,4,4,35.4,506,0,
,"2017. 2.25",中山,2中1,未勝利,障害未勝利,8,13,ウインセイヴィア,牡,5,草野太郎, 60 ,14,6,１, ,ダ2880,良,,(美),清水英克,3144,-0.0,6,5,5,13.5,472,+8,
,"2017. 2.25",中山,2中1,未勝利,未勝利,5,10,プレゼンス,牡,3,吉田豊, 56 ,16,1,１, ,ダ1800,稍,,(美),尾形充弘,1562,-0.0,8,8,7,39.2,496,+2,
,"2017. 2.25",中山,2中1,未勝利,未勝利,4,7,サウンドストリート,牡,3,戸崎圭太, 56 ,16,1,１, ,ダ1200,稍,,(美),和田正道,1129,-0.7,,4,2,37.8,464,+2,
,"2017. 2.25",中山,2中1,未勝利,未勝利・牝,3,6,アポロマーキュリー,牝,3,田辺裕信, 54 ,16,2,１, ,ダ1800,稍,,(美),矢野英一,1573,-0.7,7,3,2,39.7,456,0,
,"2017. 1.22",中山,1中7,1000万,1000万下・牝,2,2,ブリガアルタ,牝,4,勝浦正樹, 54 ,12,6,１, ,芝1800,良,,(美),尾形和幸,1489,-0.0,7,7,7,34.8,438,+8,
,"2017. 1.22",中山,1中7,Ｇ２,アメリカG2,4,8,タンタアレグリア,牡,5,蛯名正義, 56 ,17,7,１, ,芝2200,良,,(美),国枝栄,2119,-0.1,9,6,3,35.7,488,+12,
,"2017. 1.22",中山,1中7,1600万,アレキＨ1600,2,4,ディアドムス,牡,5,田辺裕信, 56 ,16,8,１, ,ダ1800,良,,(美),高橋裕,1531,-0.3,6,5,3,39.0,506,0,B
,"2017. 1.22",中山,1中7,1000万,東雲賞Ｈ1000,7,10,ルグランパントル,セ,5,柴田善臣, 56 ,13,1,１, ,芝1600,良,,(美),栗田博憲,1341,-0.1,9,9,7,34.3,480,0,
,"2017. 1.22",中山,1中7,500万,500万下,7,13,ワンボーイ,牡,5,田中勝春, 57 ,15,2,１, ,ダ1200,良,,(美),新開幸一,1123,-0.2,,9,8,37.3,498,+2,
,"2017. 1.22",中山,1中7,500万,500万下,6,11,アスタリスク,牡,4,柴山雄一, 56 ,16,12,１, ,ダ1800,良,,(美),奥村武,1552,-0.0,7,7,3,39.8,470,+4,
,"2017. 1.22",中山,1中7,新馬,新馬,2,3,セイウンキラビヤカ,牝,3,内田博幸, 54 ,16,3,１, ,芝1600,良,,(美),池上昌和,1363,-0.6,2,2,2,35.3,472,,
,"2017. 1.22",中山,1中7,未勝利,未勝利,5,9,チャロネグロ,牡,3,田辺裕信, 56 ,16,3,１, ,芝2000,良,,(美),大和田成,2020,-0.1,11,10,7,34.7,502,-8,
,"2017. 1.22",中山,1中7,500万,500万下*,3,6,グッドヒューマー,牡,3,勝浦正樹, 56 ,16,1,１, ,ダ1200,良,,(美),高橋裕,1120,-0.1,,10,9,36.6,466,+8,
,"2017. 1.22",中山,1中7,未勝利,未勝利,7,13,シャドウボーダー,セ,3,大野拓弥, 56 ,16,12,１, ,ダ1800,良,,(美),新開幸一,1569,-0.1,2,3,3,40.0,508,+6,
,"2017. 1.22",中山,1中7,未勝利,未勝利・牝,3,6,ポールヴァンドル,牝,3,戸崎圭太, 54 ,16,1,１, ,ダ1800,良,,(美),上原博之,1559,-0.0,2,2,2,39.8,544,+4,
,"2017. 1.22",中山,1中7,未勝利,未勝利,4,8,アースミステリー,牡,3,丸山元気, 56 ,16,13,１, ,ダ1200,良,,(美),和田正道,1135,-0.0,,2,2,38.7,478,+2,B
,"2017. 1.21",中山,1中6,500万,500万下,8,15,イチダイ,牡,4,内田博幸, 56 ,16,1,１, ,芝2000,良,,(美),柄崎孝,2039,-0.0,11,5,4,34.8,538,0,
,"2017. 1.21",中山,1中6,ｵｰﾌﾟﾝ,カーバン,6,7,ナックビーナス,牝,4,横山典弘, 54 ,12,1,１, ,芝1200,良,,(美),杉浦宏昭,1085,-0.1,,6,5,34.7,520,+4,
,"2017. 1.21",中山,1中6,1000万,初茜賞1000,7,13,ヤギリジャスパー,牡,4,田辺裕信, 56 ,16,3,１, ,ダ1800,良,,(美),小西一男,1541,-0.7,11,6,9,38.6,536,+18,
,"2017. 1.21",中山,1中6,500万,若竹賞500*,7,12,ウインブライト,牡,3,松岡正海, 56 ,14,1,１, ,芝1800,良,,(美),畠山吉宏,1483,-0.3,9,10,7,34.7,472,+6,
,"2017. 1.21",中山,1中6,1000万,1000万下,3,6,ドラゴンゲート,牡,5,田辺裕信, 57 ,16,2,１, ,ダ1200,良,,(美),小西一男,1112,-0.5,,1,1,37.8,496,+10,
,"2017. 1.21",中山,1中6,500万,500万下・牝,1,2,カンデラ,牝,5,内田博幸, 55 ,16,1,１, ,ダ1800,良,,(美),手塚貴久,1566,-0.4,9,2,3,39.7,500,-2,B
,"2017. 1.21",中山,1中6,新馬,新馬,4,8,シャムロック,牡,3,吉田隼人, 56 ,16,3,１, ,ダ1200,良,,(美),小笠倫弘,1136,-0.0,,3,2,39.0,516,,
,"2017. 1.21",中山,1中6,未勝利,未勝利,1,2,ボーダーオブライフ,牡,3,戸崎圭太, 56 ,16,3,１, ,芝1600,良,*,(美),金成貴史,1355,-0.3,2,1,1,36.5,494,-2,
,"2017. 1.21",中山,1中6,新馬,新馬,4,8,サイドチェンジ,牡,3,田辺裕信, 56 ,16,1,１, ,ダ1800,良,,(栗),高橋義忠,2000,-0.4,1,1,1,39.9,514,,
,"2017. 1.21",中山,1中6,未勝利,未勝利,8,16,スズカゴーディー,牡,3,内田博幸, 56 ,16,1,１, ,ダ1200,良,,(美),伊藤圭三,1128,-0.2,,4,4,38.8,484,+2,
,"2017. 1.21",中山,1中6,未勝利,未勝利,6,12,スプリングフット,牡,3,宮崎北斗, 56 ,16,2,１, ,ダ1800,良,,(美),小桧山悟,1574,-0.1,6,4,6,39.4,488,0,
,"2017. 1.21",中山,1中6,未勝利,未勝利・牝,8,16,リオファンク,牝,3,大野拓弥, 54 ,16,2,１, ,ダ1200,良,,(美),松山将樹,1132,-0.0,,3,2,38.7,474,0,
,"2017. 1.15",中山,1中5,1000万,1000万下,6,11,サンタフェチーフ,牝,5,北村宏司, 55 ,15,5,１, ,芝2200,良,,(栗),斉藤崇史,2143,-0.4,13,13,12,35.2,470,-4,
,"2017. 1.15",中山,1中5,Ｇ３,京成杯G3,5,8,コマノインパルス,牡,3,田辺裕信, 56 ,15,1,１, ,芝2000,良,,(美),菊川正達,2025,-0.0,12,10,7,35.6,462,-2,
,"2017. 1.15",中山,1中5,ｵｰﾌﾟﾝ,ニューイ,6,11,マイネルアウラート,牡,6,柴田大知, 58 ,16,7,１, ,芝1600,良,,(美),高橋裕,1335,-0.2,2,2,1,34.8,472,+8,
,"2017. 1.15",中山,1中5,1600万,初春ＳＨ1600,8,16,アールプロセス,牡,6,石川裕紀, 55 ,16,5,１, ,ダ1200,良,,(美),萩原清,1108,-0.0,,10,8,36.4,514,-4,
,"2017. 1.15",中山,1中5,1000万,1000万下,1,1,ドラゴンキングダム,牡,6,津村明秀, 57 ,16,7,１, ,ダ1800,良,,(美),二ノ宮敬,1551,-0.0,1,1,1,39.9,540,-8,
,"2017. 1.15",中山,1中5,500万,500万下・牝,8,15,ハイブリッドダンス,牝,4,蛯名正義, 54 ,16,3,１, ,ダ1200,良,,(美),萩原清,1123,-0.0,,5,5,37.9,476,+6,
,"2017. 1.15",中山,1中5,500万,500万下*,8,16,マンカストラップ,牡,3,江田照男, 56 ,16,8,１, ,芝1200,良,,(美),伊藤大士,1096,-0.0,,3,3,35.6,478,+4,
,"2017. 1.15",中山,1中5,未勝利,未勝利・牝,2,3,ニシノストーリー,牝,3,田辺裕信, 54 ,16,4,１, ,芝1600,良,,(美),尾形充弘,1360,-0.1,15,13,13,35.3,402,+2,
,"2017. 1.15",中山,1中5,500万,500万下,1,2,ギンゴー,牡,4,柴山雄一, 56 ,16,3,１, ,ダ1200,稍,,(美),武市康男,1121,-0.1,,2,2,37.8,492,-2,
,"2017. 1.15",中山,1中5,新馬,新馬,7,13,ブラックドーン,牡,3,内田博幸, 56 ,16,5,１, ,ダ1800,稍,,(美),黒岩陽一,1591,-0.4,3,4,4,39.8,522,,
,"2017. 1.15",中山,1中5,未勝利,未勝利,2,3,タイキダイヤモンド,牡,3,大野拓弥, 56 ,16,6,１, ,ダ1800,稍,,(美),高木登,1575,-0.3,7,7,4,38.9,466,-2,
,"2017. 1.15",中山,1中5,未勝利,未勝利,8,15,ロジベスト,牡,3,内田博幸, 56 ,16,1,１, ,ダ1200,稍,,(美),古賀慎明,1134,-0.2,,2,2,38.3,486,-4,
,"2017. 1.14",中山,1中4,1000万,1000万下,5,10,イオラニ,セ,6,木幡巧也,55△,16,3,１, ,芝1200,良,,(美),栗田博憲,1093,-0.2,,1,1,34.5,496,+14,B
,"2017. 1.14",中山,1中4,ｵｰﾌﾟﾝ,ジャニュ,8,14,エイシンヴァラー,牡,6,石橋脩, 56 ,14,8,１, ,ダ1200,稍,,(栗),中尾秀正,1106,-0.1,,6,5,36.9,512,0,
,"2017. 1.14",中山,1中4,1600万,初富士Ｓ1600,2,2,フェルメッツァ,牡,6,石橋脩, 57 ,11,4,１, ,芝1800,良,,(栗),松永幹夫,1484,-0.0,6,6,6,35.0,466,-2,
,"2017. 1.14",中山,1中4,500万,菜の花賞500*,6,7,スズカゼ,牝,3,大野拓弥, 54 ,12,6,１, ,芝1600,良,,(美),伊藤正徳,1361,-0.1,3,3,3,35.5,474,+2,
,"2017. 1.14",中山,1中4,1000万,1000万下,5,9,クワドループル,牡,5,蛯名正義, 57 ,16,5,１, ,ダ1200,稍,,(美),小島太,1114,-0.0,,4,4,37.0,504,+6,
,"2017. 1.14",中山,1中4,500万,500万下,4,8,コスモボアソルテ,牡,5,柴田大知, 57 ,16,6,１, ,ダ1800,稍,,(美),蛯名利弘,1551,-0.1,7,1,1,40.2,504,0,
,"2017. 1.14",中山,1中4,新馬,新馬,6,11,スカルバン,牡,3,吉田隼人, 56 ,16,1,１, ,芝1600,良,*,(美),武井亮,1374,-0.0,2,2,1,36.0,490,,
,"2017. 1.14",中山,1中4,未勝利,未勝利,5,9,マイネルラプティス,牡,3,松岡正海, 56 ,16,6,１, ,芝2000,良,,(美),高橋裕,2030,-0.0,9,6,2,38.0,472,-2,
,"2017. 1.14",中山,1中4,新馬,新馬・牝,3,5,クーリュ,牝,3,吉田隼人, 54 ,16,10,１, ,ダ1200,稍,,(美),石毛善彦,1127,-0.1,,3,2,37.7,466,,
,"2017. 1.14",中山,1中4,未勝利,未勝利,5,10,マイネルルミノーソ,牡,3,丹内祐次, 56 ,16,4,１, ,ダ1800,稍,,(美),小野次郎,1553,-0.6,1,1,1,39.9,482,+4,B
,"2017. 1.14",中山,1中4,未勝利,未勝利・牝,1,2,ウォルプタス,牝,3,石川裕紀,53☆,16,5,１, ,ダ1800,稍,,(美),和田正一,1564,-0.1,12,12,8,38.5,430,-2,
,"2017. 1.14",中山,1中4,未勝利,未勝利,7,14,スビールアスール,牝,3,戸崎圭太, 54 ,16,2,１, ,ダ1200,稍,,(美),武藤善則,1122,-0.0,,2,2,38.2,468,+6,
,"2017. 1. 8",中山,1中3,1000万,1000万下,7,14,ブラックバゴ,牡,5,石橋脩, 57 ,16,7,１, ,芝2000,良,,(美),斎藤誠,2023,-0.1,2,2,1,36.3,528,+16,
,"2017. 1. 8",中山,1中3,Ｇ３,フェアリG3,8,15,ライジングリーズン,牝,3,丸田恭介, 54 ,16,10,１, ,芝1600,良,,(美),奥村武,1347,-0.1,6,10,7,35.4,484,+12,
,"2017. 1. 8",中山,1中3,1600万,サンライ1600,4,7,ワンスインナムーン,牝,4,石橋脩, 54 ,16,1,１, ,芝1200,良,,(美),斎藤誠,1089,-0.2,,1,1,34.5,446,0,
,"2017. 1. 8",中山,1中3,1000万,成田特Ｈ1000,1,2,キングルアウ,牡,5,田辺裕信, 54 ,16,8,１, ,ダ2400,良,,(栗),奥村豊,2364,-0.2,1,1,1,40.9,506,+6,B
,"2017. 1. 8",中山,1中3,500万,500万下,2,4,ドウカンヤマ,牡,4,大野拓弥, 56 ,16,3,１, ,ダ1200,良,,(美),高木登,1123,-0.2,,1,1,38.5,502,0,
,"2017. 1. 8",中山,1中3,500万,500万下,5,9,マイネルトゥラン,牡,4,津村明秀, 56 ,15,1,１, ,ダ1800,良,,(美),武市康男,1555,-1.1,2,2,2,38.0,518,+6,B
,"2017. 1. 8",中山,1中3,新馬,新馬,3,4,ルヴォワール,牝,3,石川裕紀,53☆,15,1,１, ,芝2000,良,,(美),手塚貴久,2036,-0.2,4,5,5,35.8,526,,
,"2017. 1. 8",中山,1中3,未勝利,未勝利,8,15,ウインイクシード,牡,3,松岡正海, 56 ,16,3,１, ,芝2200,良,,(美),鈴木伸尋,2150,-0.1,9,6,5,35.9,484,-2,
,"2017. 1. 8",中山,1中3,新馬,新馬,8,13,ヴォルタ,牡,3,松岡正海, 56 ,14,1,１, ,ダ1200,良,,(美),奥村武,1139,-0.4,,2,2,38.3,460,,
,"2017. 1. 8",中山,1中3,未勝利,未勝利,6,11,コトブキファルコン,牡,3,田中勝春, 56 ,15,3,１, ,ダ1800,良,,(美),金成貴史,1583,-0.1,3,2,2,39.2,516,0,
,"2017. 1. 8",中山,1中3,未勝利,未勝利・牝,3,5,オノリシャス,牝,3,戸崎圭太, 54 ,16,3,１, ,ダ1800,良,,(美),国枝栄,1578,-0.4,16,10,5,40.1,454,-2,
,"2017. 1. 8",中山,1中3,未勝利,未勝利,6,11,ネコビッチ,牡,3,田辺裕信, 56 ,16,2,１, ,ダ1200,良,,(美),古賀史生,1131,-0.0,,13,10,37.4,476,0,
,"2017. 1. 7",中山,1中2,500万,500万下,2,4,リンクス,牡,4,内田博幸, 56 ,16,2,１, ,芝1600,良,,(美),二ノ宮敬,1343,-0.0,1,1,1,35.3,482,+6,
,"2017. 1. 7",中山,1中2,ｵｰﾌﾟﾝ,ポルック,3,4,ドリームキラリ,牡,5,松岡正海, 56 ,14,5,１, ,ダ1800,良,,(栗),矢作芳人,1529,-0.0,1,1,1,38.3,488,+2,
,"2017. 1. 7",中山,1中2,1600万,迎春Ｓ1600,3,3,ミライヘノツバサ,牡,4,内田博幸, 56 ,11,2,１, ,芝2200,良,,(美),伊藤大士,2126,-0.3,2,2,2,34.8,502,+16,
,"2017. 1. 7",中山,1中2,500万,寒竹賞500*,5,5,ホウオウパフューム,牝,3,田辺裕信, 54 ,9,1,１, ,芝2000,良,,(美),奥村武,2015,-0.3,8,9,9,34.5,480,-2,
,"2017. 1. 7",中山,1中2,ｵｰﾌﾟﾝ,中山新春,8,12,ポールシッター,セ,7,石神深一, 61 ,12,4,１, ,ダ3200,良,,(美),尾形和幸,3371,-0.1,2,2,2,13.6,450,-2,
,"2017. 1. 7",中山,1中2,1000万,1000万下,4,8,アトランタ,牡,5,武士沢友, 57 ,16,4,１, ,ダ1200,良,,(美),古賀史生,1111,-0.2,,1,1,37.3,550,0,
,"2017. 1. 7",中山,1中2,500万,500万下,4,4,ボルドネス,セ,5,横山典弘, 57 ,12,2,１, ,ダ2400,良,,(美),大竹正博,2375,-1.4,1,1,1,38.6,502,+4,
,"2017. 1. 7",中山,1中2,未勝利,未勝利,2,4,ルネディ,牡,3,吉田隼人, 56 ,16,9,１, ,芝1600,良,,(美),中川公成,1357,-0.1,1,1,1,35.2,490,-4,
,"2017. 1. 7",中山,1中2,新馬,新馬・牝,7,13,シナジー,牝,3,石川裕紀,53☆,16,8,１, ,ダ1800,良,,(美),相沢郁,1574,-0.4,7,2,1,40.1,450,,
,"2017. 1. 7",中山,1中2,未勝利,未勝利,8,15,ユイノルフィ,牡,3,吉田豊, 56 ,16,1,１, ,ダ1200,良,,(美),尾関知人,1136,-0.0,,2,2,39.2,452,-10,
,"2017. 1. 7",中山,1中2,未勝利,未勝利,8,16,ハイランドピーク,牡,3,横山和生, 56 ,16,2,１, ,ダ1800,良,,(美),土田稔,1543,-1.3,1,1,1,38.8,454,+30,
,"2017. 1. 7",中山,1中2,未勝利,未勝利・牝,6,12,アイアムキャツアイ,牝,3,蛯名正義, 54 ,16,1,１, ,ダ1200,良,,(美),奥平雅士,1129,-0.4,,6,6,38.1,450,0,
,"2017. 1. 5",中山,1中1,1000万,1000万下,5,10,メイショウメイゲツ,牝,5,田辺裕信, 55 ,16,5,１, ,芝1600,良,,(美),小島太,1340,-0.0,14,14,15,34.6,466,-2,
,"2017. 1. 5",中山,1中1,Ｇ３,中山金杯ＨG3,3,3,ツクバアズマオー,牡,6,吉田豊,56.5,13,1,１, ,芝2000,良,,(美),尾形充弘,2006,-0.1,11,8,7,35.6,480,0,
,"2017. 1. 5",中山,1中1,1600万,招福Ｓ1600,4,4,コスモカナディアン,牡,4,松岡正海, 56 ,13,1,１, ,ダ1800,良,,(美),金成貴史,1537,-0.3,4,4,3,39.0,478,-2,
,"2017. 1. 5",中山,1中1,ｵｰﾌﾟﾝ,ジュニア,1,2,ナイトバナレット,牡,3,中谷雄太, 56 ,16,3,１, ,芝1600,良,,(栗),矢作芳人,1347,-0.0,16,12,13,35.3,474,+2,
,"2017. 1. 5",中山,1中1,1000万,1000万下,4,8,スウィフトレイド,牡,4,川田将雅, 56 ,16,1,１, ,ダ1800,良,,(美),堀宣行,1555,-0.1,6,5,4,39.0,506,+14,
,"2017. 1. 5",中山,1中1,500万,500万下,5,9,マイネルフレスコ,牡,6,津村明秀, 57 ,16,4,１, ,芝2200,良,*,(美),高橋祥泰,2153,-0.0,7,5,4,35.9,476,+2,
,"2017. 1. 5",中山,1中1,500万,500万下*,3,5,リゾネーター,牡,3,木幡巧也,54△,16,5,１, ,ダ1800,良,,(美),牧光二,1560,-1.1,2,2,1,38.8,532,+18,B
,"2017. 1. 5",中山,1中1,未勝利,未勝利,8,15,マイネルパンドーロ,牡,3,内田博幸, 56 ,16,8,１, ,芝2000,良,,(美),田中清隆,2036,-0.0,7,5,6,36.1,452,+2,
,"2017. 1. 5",中山,1中1,500万,500万下,2,4,バイレ,牝,5,木幡巧也,53△,16,8,１, ,ダ1200,良,,(美),田中清隆,1126,-0.1,,2,2,38.7,480,-4,
,"2017. 1. 5",中山,1中1,新馬,新馬,2,4,ティーラウレア,牡,3,松岡正海, 56 ,16,5,１, ,ダ1800,良,,(美),伊藤伸一,1586,-1.5,12,5,2,40.1,530,,
,"2017. 1. 5",中山,1中1,未勝利,未勝利,7,14,エドノライト,牝,3,吉田豊, 54 ,16,6,１, ,ダ1800,良,,(美),萱野浩二,1582,-0.0,1,1,1,40.0,516,-2,
,"2017. 1. 5",中山,1中1,未勝利,未勝利,1,1,コマノレジェンド,牝,3,吉田隼人, 54 ,16,4,１, ,ダ1200,良,,(美),伊藤圭三,1131,-0.0,,1,1,39.1,468,-4,
,2016.12.25,中山,5中9,1000万,ハッピー1000,7,14,アルティマブラッド,牝,4,Ｍ．デム, 55 ,16,4,１, ,芝1200,良,,(栗),音無秀孝,1093,-0.2,,5,4,34.9,472,-10,
,2016.12.25,中山,5中9,Ｇ１,有馬記念G1,6,11,サトノダイヤモンド,牡,3,ルメール, 55 ,16,1,１, ,芝2500,良,*,(栗),池江泰寿,2326,-0.0,3,3,3,35.5,502,+4,
,2016.12.25,中山,5中9,Ｇ２,ホープフG2,2,2,レイデオロ,牡,2,ルメール, 55 ,14,1,１, ,芝2000,良,,(美),藤沢和雄,2013,-0.2,12,11,8,35.7,476,0,
,2016.12.25,中山,5中9,1600万,フェアウ1600,1,1,レッドゲルニカ,牡,3,北村宏司, 56 ,15,1,１, ,ダ1200,稍,,(美),藤沢和雄,1113,-0.0,,3,4,36.4,550,-4,
,2016.12.25,中山,5中9,1000万,グッドＨ1000,4,7,ステイパーシスト,牡,3,吉田豊, 53 ,16,2,１, ,芝2500,良,,(美),尾関知人,2339,-0.0,4,4,3,36.9,432,+6,
,2016.12.25,中山,5中9,500万,500万下,8,16,パイロキネシスト,牡,4,蛯名正義, 57 ,16,2,１, ,ダ1800,稍,,(美),藤原辰雄,1549,-0.2,2,2,2,40.0,484,+2,
,2016.12.25,中山,5中9,新馬,新馬,5,7,デアレガーロ,牝,2,田辺裕信, 54 ,13,3,１, ,芝2000,良,,(美),大竹正博,2056,-0.5,1,1,1,35.8,470,,
,2016.12.25,中山,5中9,新馬,新馬,5,8,アニマルインミー,牡,2,Ｍ．デム, 55 ,14,2,１, ,ダ1200,稍,,(美),小島茂之,1133,-0.3,,1,1,38.7,492,,
,2016.12.25,中山,5中9,未勝利,未勝利*,2,4,スーパーブレイク,牡,2,岩田康誠, 55 ,16,8,１, ,芝1600,良,,(美),戸田博文,1377,-0.1,9,13,11,35.7,464,0,
,2016.12.25,中山,5中9,未勝利,未勝利*,4,7,アイアムノーブル,牡,2,戸崎圭太, 55 ,15,1,１, ,ダ1800,稍,,(美),奥平雅士,1582,-0.0,1,1,1,40.4,474,+2,
,2016.12.25,中山,5中9,未勝利,未勝利*,7,13,セイウンストリーム,牡,2,戸崎圭太, 55 ,16,1,１, ,ダ1200,稍,,(美),水野貴広,1131,-0.8,,1,1,37.8,474,-6,
,2016.12.24,中山,5中8,500万,500万下,4,7,サンクロワ,牡,3,戸崎圭太, 56 ,16,1,１, ,芝1600,良,,(美),斎藤誠,1354,-0.0,3,2,3,37.1,476,+8,
,2016.12.24,中山,5中8,ｵｰﾌﾟﾝ,師走ＳＨ,5,9,グレンツェント,牡,3,戸崎圭太, 56 ,16,1,１, ,ダ1800,稍,,(美),加藤征弘,1533,-0.1,9,10,10,38.4,470,-4,
,2016.12.24,中山,5中8,1000万,クリスマ1000,4,6,ハナズレジェンド,牡,3,戸崎圭太, 56 ,15,1,１, ,芝1800,良,,(栗),矢作芳人,1499,-0.1,6,6,4,35.0,452,-4,
,2016.12.24,中山,5中8,500万,冬桜賞500*,5,10,ディオスコリダー,牡,2,和田竜二, 55 ,16,8,１, ,ダ1200,稍,,(栗),高橋義忠,1113,-0.2,,5,5,37.3,498,+8,
,2016.12.24,中山,5中8,1000万,1000万下,5,10,ブランシェクール,牝,3,北村宏司, 54 ,16,4,１, ,ダ1800,稍,,(美),高柳瑞樹,1542,-0.6,4,4,4,39.0,506,0,
,2016.12.24,中山,5中8,500万,500万下,6,12,タケルラグーン,牡,4,戸崎圭太, 57 ,16,1,１, ,ダ1200,稍,,(美),池上昌弘,1120,-0.2,,12,12,37.2,482,+2,
,2016.12.24,中山,5中8,新馬,新馬,6,10,サウンディングベル,牡,2,勝浦正樹, 55 ,15,9,１, ,芝1600,良,,(美),南田美知,1400,-0.2,3,3,3,35.9,436,,
,2016.12.24,中山,5中8,新馬,新馬・牝,6,11,サクセスライン,牝,2,菅原隆一, 54 ,16,8,１, ,ダ1200,稍,,(美),菅原泰夫,1139,-0.0,,2,2,38.9,496,,
,2016.12.24,中山,5中8,未勝利,未勝利*,5,10,シルヴァーメテオ,牡,2,藤田菜七,52▲,16,4,１, ,ダ1800,稍,,(美),畠山吉宏,1593,-0.1,3,9,11,41.9,474,+2,
,2016.12.24,中山,5中8,未勝利,未勝利*,4,8,アダマンティン,牡,2,北村宏司, 55 ,17,7,１, ,芝2000,良,,(美),大竹正博,2044,-0.0,5,8,7,36.7,538,+4,
,2016.12.24,中山,5中8,未勝利,未勝利・牝*,7,14,ブルビネラ,牝,2,石川裕紀,53☆,16,1,１, ,ダ1800,稍,,(美),木村哲也,1570,-1.6,4,2,1,40.8,528,-8,
,2016.12.24,中山,5中8,未勝利,未勝利*,1,1,プリティマックス,牝,2,柴田善臣, 54 ,16,1,１, ,ダ1200,稍,,(美),菊川正達,1131,-0.1,,8,5,38.4,424,0,
,2016.12.23,中山,5中7,500万,ノエル賞500,7,13,シャインアロー,セ,4,丸田恭介, 57 ,18,12,１, ,芝2000,良,*,(美),柴田政人,2036,-0.1,4,3,3,35.2,464,+8,
,2016.12.23,中山,5中7,1600万,グレイト1600,8,9,カフジプリンス,牡,3,岩田康誠, 55 ,9,1,１, ,芝2500,良,,(栗),矢作芳人,2357,-0.1,4,3,4,35.7,518,-4,
,2016.12.23,中山,5中7,ＪＧ１,中山大障JG1,7,9,オジュウチョウサン,牡,5,石神深一, 63 ,12,1,１, ,芝4100,良,,(美),和田正一,4456,-1.5,3,2,2,13.9,512,+2,
,2016.12.23,中山,5中7,ｵｰﾌﾟﾝ,クリスマ,6,12,マイネルバールマン,牡,2,柴田大知, 55 ,16,3,１, ,芝1200,良,,(美),栗田博憲,1099,-0.1,,5,5,35.8,498,-2,
,2016.12.23,中山,5中7,1000万,1000万下,5,10,アメリカントップ,牡,3,戸崎圭太, 56 ,16,1,１, ,ダ1200,重,,(栗),藤岡健一,1107,-0.2,,2,2,37.6,532,+8,B
,2016.12.23,中山,5中7,500万,500万下・牝,6,12,アッキー,牝,3,柴田大知, 54 ,16,4,１, ,ダ1800,重,,(美),高橋文雅,1545,-0.0,5,3,3,39.2,452,+10,
,2016.12.23,中山,5中7,500万,500万下,4,7,クイーンズターフ,牝,4,横山典弘, 55 ,16,2,１, ,ダ1200,重,,(美),石栗龍彦,1119,-0.2,,16,15,36.7,478,+2,
,2016.12.23,中山,5中7,未勝利,未勝利*,6,11,マイネルズイーガー,牡,2,松岡正海, 55 ,16,9,１, ,芝1800,稍,*,(美),国枝栄,1498,-0.5,1,1,1,36.2,496,+10,
,2016.12.23,中山,5中7,新馬,新馬,7,8,ドラゴンホマレ,牝,2,田辺裕信, 54 ,11,3,１, ,ダ1800,重,,(美),久保田貴,1566,-0.1,2,2,2,38.9,464,,
,2016.12.23,中山,5中7,未勝利,未勝利*,3,6,ショウナンアエラ,牡,2,北村宏司, 55 ,16,1,１, ,芝1200,稍,,(美),奥村武,1107,-0.1,,4,4,36.3,476,+2,
,2016.12.23,中山,5中7,未勝利,未勝利*,3,6,アカラナータ,牡,2,田辺裕信, 55 ,16,2,１, ,ダ1800,重,,(美),小笠倫弘,1544,-0.1,2,2,2,39.7,540,-2,
,2016.12.23,中山,5中7,未勝利,未勝利*,6,12,コントローラー,牡,2,的場勇人, 55 ,16,7,１, ,ダ1200,重,,(美),的場均,1120,-0.4,,1,1,37.3,472,0,
,2016.12.18,中山,5中6,1000万,1000万下,3,4,オートクレール,牝,5,黛弘人, 55 ,14,6,１, ,芝1600,良,,(美),中野栄治,1346,-0.2,4,3,3,34.8,440,+2,
,2016.12.18,中山,5中6,ｵｰﾌﾟﾝ,ディセン,4,6,ツクバアズマオー,牡,5,吉田豊, 56 ,14,1,１, ,芝2000,良,,(美),尾形充弘,2009,-0.1,10,8,9,35.1,480,+8,
,2016.12.18,中山,5中6,1600万,南総ＳＨ1600,8,15,トウカイセンス,牝,5,吉田隼人, 53 ,16,9,１, ,芝1200,良,,(栗),野中賢二,1089,-0.1,,9,9,34.5,446,+2,
,2016.12.18,中山,5中6,1000万,香取特別1000,1,1,アサクサスターズ,牡,5,大野拓弥, 57 ,16,9,１, ,ダ1800,稍,,(美),加藤征弘,1546,-0.0,14,12,11,37.8,498,+6,
,2016.12.18,中山,5中6,500万,500万下,7,13,テンキセキ,牝,3,木幡巧也,52△,16,3,１, ,ダ1200,稍,,(美),牧光二,1119,-0.2,,3,2,37.5,482,+2,B
,2016.12.18,中山,5中6,500万,500万下,6,11,マイティーゴールド,牡,3,戸崎圭太, 56 ,16,4,１, ,ダ1800,稍,,(美),尾関知人,1545,-0.0,1,1,1,39.1,552,+22,
,2016.12.18,中山,5中6,新馬,新馬・牝,8,16,コマノレジーナ,牝,2,江田照男, 54 ,16,3,１, ,芝1600,良,,(美),菊川正達,1377,-0.5,11,13,11,35.0,414,,
,2016.12.18,中山,5中6,新馬,新馬,4,4,サノラブ,牝,2,勝浦正樹, 54 ,13,2,１, ,ダ1200,稍,,(美),尾形和幸,1133,-0.1,,2,2,38.1,452,,
,2016.12.18,中山,5中6,未勝利,未勝利*,3,5,アンネリース,牝,2,大野拓弥, 54 ,18,1,１, ,芝2000,良,,(美),尾関知人,2019,-0.2,9,8,8,35.6,468,+6,
,2016.12.18,中山,5中6,未勝利,未勝利*,8,16,サレンティーナ,牡,2,戸崎圭太, 55 ,16,1,１, ,芝1600,良,,(美),萩原清,1357,-0.2,8,7,5,35.4,480,+6,
,2016.12.18,中山,5中6,未勝利,未勝利*,1,2,ヤマトワイルド,牡,2,柴山雄一, 55 ,16,2,１, ,ダ1800,稍,,(美),田村康仁,1581,-0.2,10,5,4,39.9,464,0,
,2016.12.18,中山,5中6,未勝利,未勝利*,8,15,ミスパイロ,牝,2,柴山雄一, 54 ,15,4,１, ,ダ1200,稍,,(美),浅野洋一,1129,-0.1,,6,8,37.9,468,+4,
,2016.12.17,中山,5中5,1000万,1000万下・牝,1,1,スマートルビー,牝,3,戸崎圭太, 54 ,11,3,１, ,芝2000,良,,(美),尾関知人,2023,-0.1,4,3,3,34.6,442,+8,
,2016.12.17,中山,5中5,重賞,"ターコイＨ･ ",5,10,マジックタイム,牝,5,ルメール, 56 ,16,1,１, ,芝1600,良,,(美),中川公成,1336,-0.2,15,13,13,34.2,486,+2,
,2016.12.17,中山,5中5,1600万,仲冬Ｓ1600,6,10,リーゼントロック,牡,5,松岡正海, 57 ,15,1,１, ,ダ1800,稍,,(栗),矢作芳人,1526,-0.2,2,2,2,37.3,524,+4,
,2016.12.17,中山,5中5,500万,ひいらぎ500*,7,10,アウトライアーズ,牡,2,田辺裕信, 55 ,13,1,１, ,芝1600,良,,(美),小島茂之,1348,-0.2,13,10,8,34.5,482,0,
,2016.12.17,中山,5中5,1000万,1000万下,7,14,シェアード,牡,3,木幡巧也,54△,16,6,１, ,ダ1200,稍,,(美),牧光二,1114,-0.0,,3,2,36.5,478,+12,
,2016.12.17,中山,5中5,500万,500万下,5,5,バイオンディップス,牡,4,田中勝春, 57 ,12,1,１, ,ダ2500,稍,,(美),小島茂之,2444,-1.4,4,1,1,39.5,530,+12,B
,2016.12.17,中山,5中5,新馬,新馬,8,10,ダイワドノヴァン,牡,2,北村宏司, 55 ,11,3,１, ,ダ1800,稍,,(美),池上昌弘,1575,-0.8,2,1,1,39.6,534,,
,2016.12.17,中山,5中5,新馬,新馬,7,14,カリンバ,牝,2,ルメール, 54 ,16,4,１, ,芝1800,良,,(美),田中剛,1525,-0.2,4,4,2,34.7,410,,
,2016.12.17,中山,5中5,未勝利,未勝利*,7,13,アースオブフェイム,牡,2,戸崎圭太, 55 ,16,1,１, ,ダ1200,稍,,(美),和田正道,1137,-0.2,,4,4,38.1,496,0,
,2016.12.17,中山,5中5,未勝利,未勝利*,3,6,ミッキーワイン,牡,2,横山典弘, 55 ,16,2,１, ,芝1200,良,,(美),菊沢隆徳,1096,-0.0,,2,2,35.4,486,+4,
,2016.12.17,中山,5中5,未勝利,未勝利*,3,6,キャリアベスト,牡,2,田辺裕信, 55 ,16,10,１, ,ダ1800,稍,,(美),小西一男,1567,-0.2,11,12,10,38.6,492,0,
,2016.12.17,中山,5中5,未勝利,未勝利・牝*,8,15,ゴールドアピール,牝,2,田辺裕信, 54 ,16,2,１, ,ダ1200,稍,,(美),天間昭一,1134,-0.1,,4,2,39.0,462,-8,
,2016.12.11,中山,5中4,1000万,1000万下,8,16,ワンスインナムーン,牝,3,石橋脩, 54 ,16,2,１, ,芝1200,良,,(美),斎藤誠,1087,-0.1,,2,2,34.8,446,+4,
,2016.12.11,中山,5中4,Ｇ３,カペラＳG3,1,1,ノボバカラ,牡,4,内田博幸, 57 ,16,3,１, ,ダ1200,良,,(美),天間昭一,1102,-0.3,,1,1,36.9,512,-2,
,2016.12.11,中山,5中4,1600万,美浦ＳＨ1600,4,8,サクラアンプルール,牡,5,横山典弘, 55 ,16,2,１, ,芝1800,良,,(美),金成貴史,1474,-0.0,6,6,3,35.7,470,+8,
,2016.12.11,中山,5中4,500万,黒松賞500*,5,10,ラッシュアウト,牡,2,大野拓弥, 55 ,16,11,１, ,芝1200,良,,(美),栗田徹,1102,-0.1,,2,2,35.9,438,+8,
,2016.12.11,中山,5中4,1000万,1000万下,2,4,グランセブルス,牡,3,吉田豊, 55 ,16,1,１, ,ダ2400,良,,(栗),森秀行,2363,-0.3,12,14,8,39.1,482,+8,
,2016.12.11,中山,5中4,500万,500万下,7,13,ヌーナ,牝,4,長岡禎仁,54☆,16,7,１, ,ダ1800,良,,(美),小島茂之,1556,-0.0,6,3,2,40.2,528,+2,
,2016.12.11,中山,5中4,新馬,新馬,2,2,エルヴス,牝,2,柴田大知, 54 ,15,10,１, ,ダ1200,良,,(美),田島俊明,1138,-0.3,,1,1,38.4,462,,
,2016.12.11,中山,5中4,新馬,新馬,3,3,ゴールドスミス,牡,2,内田博幸, 55 ,12,1,１, ,芝1800,良,,(美),二ノ宮敬,1529,-0.0,3,3,3,35.8,528,,
,2016.12.11,中山,5中4,未勝利,未勝利*,6,12,オンリゲットベター,牝,2,長岡禎仁,53☆,16,8,１, ,芝1600,良,,(美),小島茂之,1359,-0.1,13,12,9,35.9,406,-6,
,2016.12.11,中山,5中4,未勝利,未勝利・牝*,4,7,ジュリエットベール,牝,2,勝浦正樹, 54 ,16,5,１, ,芝1800,良,,(美),尾関知人,1494,-0.2,8,7,6,36.0,428,-6,
,2016.12.11,中山,5中4,未勝利,未勝利*,7,13,コットンボウル,牡,2,大野拓弥, 55 ,16,4,１, ,ダ1800,良,,(美),高木登,1578,-0.0,2,1,1,41.0,476,0,
,2016.12.11,中山,5中4,未勝利,未勝利*,6,12,レイテストバード,牝,2,井上敏樹,52△,16,2,１, ,ダ1200,良,,(美),田島俊明,1131,-0.2,,2,2,38.6,458,+6,
,2016.12.10,中山,5中3,500万,500万下,1,2,エフティスパークル,牡,3,蛯名正義, 56 ,16,1,１, ,芝1800,良,,(美),鹿戸雄一,1501,-0.4,3,3,3,35.3,450,+8,
,2016.12.10,中山,5中3,ｵｰﾌﾟﾝ,ラピスラ,8,15,メラグラーナ,牝,4,戸崎圭太, 54 ,16,1,１, ,芝1200,良,,(栗),池添学,1084,-0.2,,5,5,34.9,522,-10,
,2016.12.10,中山,5中3,1600万,アクアラ1600,7,11,ペイシャモンシェリ,牡,5,幸英明, 57 ,13,3,１, ,ダ1200,良,,(栗),目野哲也,1106,-0.4,,2,2,36.7,456,-10,
,2016.12.10,中山,5中3,1000万,霞ヶ浦Ｈ1000,6,11,ショウナンマルシェ,セ,5,柴山雄一, 55 ,16,10,１, ,芝1800,良,*,(美),二ノ宮敬,1481,-0.0,3,3,2,34.9,482,+14,
,2016.12.10,中山,5中3,1000万,1000万下,3,6,スズカアーサー,牡,7,五十嵐冬, 57 ,16,10,１, ,ダ1200,良,,(美),柄崎孝,1113,-0.2,,11,10,37.0,498,-8,
,2016.12.10,中山,5中3,500万,500万下*,8,12,ハイパーノヴァ,牡,2,幸英明, 55 ,12,1,１, ,ダ1800,良,,(栗),大根田裕,1556,-0.6,5,4,4,38.9,490,-2,
,2016.12.10,中山,5中3,新馬,新馬,7,12,セダブリランテス,牡,2,内田博幸, 55 ,14,1,１, ,ダ1800,良,,(美),手塚貴久,1573,-0.1,6,3,4,39.4,522,,
,2016.12.10,中山,5中3,新馬,新馬,4,5,アーザムブルー,牡,2,戸崎圭太, 55 ,13,1,１, ,芝1600,良,,(美),戸田博文,1381,-0.2,6,3,3,36.3,436,,
,2016.12.10,中山,5中3,未勝利,未勝利*,5,10,アインシュタイン,牡,2,田辺裕信, 55 ,16,2,１, ,ダ1800,良,,(美),萩原清,1571,-0.3,2,2,2,39.6,516,+14,
,2016.12.10,中山,5中3,未勝利,未勝利*,8,16,レッドジェノヴァ,牝,2,田辺裕信, 54 ,18,2,１, ,芝2000,良,,(美),小島茂之,2023,-0.2,3,3,2,36.8,492,+6,
,2016.12.10,中山,5中3,未勝利,未勝利・牝*,2,4,モリトシラユリ,牝,2,江田照男, 54 ,16,1,１, ,ダ1800,良,*,(美),堀井雅広,1567,-0.7,3,3,2,40.5,482,-6,
,2016.12.10,中山,5中3,未勝利,未勝利*,3,5,スズカグラーテ,牝,2,長岡禎仁,53☆,16,3,１, ,ダ1200,良,,(美),柄崎孝,1126,-0.0,,2,2,38.4,436,+6,
,"2016.12. 4",中山,5中2,1000万,1000万下,8,9,ハツガツオ,牝,5,柴田善臣, 55 ,10,9,１, ,芝2500,良,,(美),石栗龍彦,2363,-0.0,8,9,9,34.5,516,+4,
,"2016.12. 4",中山,5中2,1600万,北総ＳＨ1600,8,12,センチュリオン,牡,4,柴山雄一, 57 ,12,2,１, ,ダ1800,稍,,(美),田村康仁,1531,-0.4,5,5,5,36.2,530,-2,
,"2016.12. 4",中山,5中2,1600万,市川Ｓ1600,5,5,ミッキージョイ,牡,4,北村宏司, 57 ,9,1,１, ,芝1600,良,,(美),萩原清,1340,-0.5,7,5,4,34.3,506,-2,
,"2016.12. 4",中山,5中2,1000万,チバテレ1000,3,5,ケンベストカフェ,牡,4,松岡正海, 57 ,16,1,１, ,ダ1800,稍,,(美),久保田貴,1542,-0.0,2,2,2,38.6,474,-2,
,"2016.12. 4",中山,5中2,500万,500万下,3,5,ブレイジングサン,牡,3,吉田豊, 56 ,16,12,１, ,ダ1200,稍,,(美),尾形充弘,1118,-0.1,,7,6,37.2,572,+14,
,"2016.12. 4",中山,5中2,500万,500万下*,5,6,キンシノクリーン,牡,2,柴田善臣, 55 ,13,2,１, ,ダ1200,稍,,(栗),浅見秀一,1123,-0.2,,8,8,36.8,442,-6,
,"2016.12. 4",中山,5中2,新馬,新馬,5,5,ビートマッチ,牝,2,シュミノ, 54 ,8,2,１, ,芝2000,良,,(美),萩原清,2059,-0.7,1,1,1,34.5,536,,
,"2016.12. 4",中山,5中2,新馬,新馬,7,7,サーストンウィナー,牡,2,蛯名正義, 55 ,10,4,１, ,ダ1800,稍,,(美),武井亮,1585,-0.1,4,4,4,38.9,476,,
,"2016.12. 4",中山,5中2,未勝利,未勝利*,2,2,サンティール,牝,2,シュミノ, 54 ,15,2,１, ,芝1800,良,,(美),鹿戸雄一,1495,-0.3,4,3,3,35.8,452,-4,
,"2016.12. 4",中山,5中2,未勝利,未勝利*,5,9,ラッシュハート,牝,2,柴山雄一, 54 ,16,5,１, ,芝1200,良,,(美),戸田博文,1096,-0.0,,7,7,35.3,418,-2,
,"2016.12. 4",中山,5中2,未勝利,未勝利*,4,8,デジャブ,牡,2,吉田豊, 55 ,16,4,１, ,ダ1800,稍,,(美),小笠倫弘,1568,-0.0,1,1,1,40.4,508,+8,
,"2016.12. 4",中山,5中2,未勝利,未勝利*,4,8,アメイズミー,牡,2,木幡巧也,53△,16,1,１, ,ダ1200,稍,,(美),栗田博憲,1123,-0.2,,5,2,37.9,462,+4,
,"2016.12. 3",中山,5中1,1000万,1000万下,5,7,グレーターロンドン,牡,4,田辺裕信, 57 ,13,1,１, ,芝1600,良,,(美),大竹正博,1341,-0.0,13,13,13,33.7,462,-10,
,"2016.12. 3",中山,5中1,Ｇ２,ステイヤG2,3,3,アルバート,牡,5,ムーア, 57 ,13,1,１, ,芝3600,良,,(美),堀宣行,3474,-0.0,8,8,3,35.0,472,-2,
,"2016.12. 3",中山,5中1,1000万,舞浜特別1000,5,10,チュラカーギー,牝,3,戸崎圭太, 54 ,16,1,１, ,ダ1200,重,,(美),中舘英二,1102,-0.7,,2,2,35.8,476,+4,
,"2016.12. 3",中山,5中1,500万,葉牡丹賞500*,8,11,レイデオロ,牡,2,ルメール, 55 ,12,1,１, ,芝2000,良,,(美),藤沢和雄,2010,-0.2,11,11,10,34.7,476,0,
,"2016.12. 3",中山,5中1,ｵｰﾌﾟﾝ,イルミネ,7,9,タイセイドリーム,牡,6,平沢健治, 60 ,11,1,１, ,芝3570,良,,(栗),矢作芳人,4080,-0.1,3,1,1,13.9,540,+4,
,"2016.12. 3",中山,5中1,500万,500万下,2,4,ネイビーブルー,牡,3,ルメール, 56 ,16,6,１, ,ダ1800,重,,(美),戸田博文,1537,-0.4,5,6,4,37.8,498,+6,
,"2016.12. 3",中山,5中1,新馬,新馬,6,11,スマートシャヒーン,牡,2,ムーア, 55 ,16,2,１, ,ダ1200,重,,(栗),安田隆行,1127,-0.5,,4,4,37.8,482,,
,"2016.12. 3",中山,5中1,新馬,新馬,6,12,モザイク,牡,2,ルメール, 55 ,16,2,１, ,芝1200,良,,(栗),奥村豊,1093,-0.2,,5,5,34.9,432,,
,"2016.12. 3",中山,5中1,未勝利,未勝利*,7,14,ディアシューター,牡,2,大野拓弥, 55 ,16,1,１, ,ダ1800,重,,(美),高木登,1549,-0.5,3,3,2,38.7,506,+2,
,"2016.12. 3",中山,5中1,未勝利,未勝利*,7,13,ウォーブル,牝,2,丸山元気, 54 ,17,13,１, ,芝2000,良,,(美),伊藤大士,2026,-0.0,2,1,1,36.4,462,+8,
,"2016.12. 3",中山,5中1,未勝利,未勝利・牝*,3,4,アポロユッキー,牝,2,吉田豊, 54 ,15,5,１, ,ダ1800,重,,(美),堀井雅広,1571,-0.1,9,7,6,38.5,492,0,
,"2016.12. 3",中山,5中1,未勝利,未勝利*,7,14,トロピカルスパート,牝,2,石橋脩, 54 ,16,5,１, ,ダ1200,重,,(美),高橋文雅,1123,-0.2,,12,10,37.0,472,-4,
,"2016.10. 2",中山,4中8,1600万,内房ＳＨ1600,1,2,ロンドンタウン,牡,3,川田将雅, 53 ,16,2,１, ,ダ1800,良,,(栗),牧田和弥,1518,-0.3,7,9,7,37.6,512,+2,
,"2016.10. 2",中山,4中8,Ｇ１,スプリンG1,7,13,レッドファルクス,牡,5,Ｍ．デム, 57 ,16,3,１, ,芝1200,良,*,(美),尾関知人,1076,-0.0,,9,7,33.5,472,+6,
,"2016.10. 2",中山,4中8,1000万,勝浦特Ｈ1000,5,10,ペイシャフェリシタ,牝,3,松岡正海, 53 ,16,2,１, ,芝1200,良,,(美),高木登,1084,-0.2,,9,9,33.6,484,-2,
,"2016.10. 2",中山,4中8,500万,サフラン500*,5,6,トーホウアイレス,牝,2,柴田善臣, 54 ,12,6,１, ,芝1600,良,,(美),田中清隆,1349,-0.0,9,9,8,35.1,468,-4,
,"2016.10. 2",中山,4中8,1000万,1000万下,2,3,スティンライクビー,牡,4,吉田豊, 57 ,16,4,１, ,ダ1200,良,,(美),田村康仁,1108,-0.1,,3,3,36.6,482,+8,
,"2016.10. 2",中山,4中8,500万,500万下,2,3,スウィフトレイド,牡,3,福永祐一, 55 ,16,2,１, ,ダ1800,良,,(美),堀宣行,1524,-0.0,2,2,1,38.9,504,+12,B
,"2016.10. 2",中山,4中8,500万,500万下,4,6,スペチアーレ,牝,4,Ｍ．デム, 55 ,15,1,１, ,芝1200,良,,(美),矢野英一,1083,-0.1,,2,1,35.5,480,+8,
,"2016.10. 2",中山,4中8,新馬,新馬,6,10,ツヅク,牝,2,江田照男, 54 ,14,7,１, ,芝1800,良,,(美),伊藤大士,1513,-0.2,1,1,1,35.0,444,,
,"2016.10. 2",中山,4中8,新馬,新馬,2,2,メダーリアフレイム,牡,2,Ｍ．デム, 55 ,15,1,１, ,ダ1200,良,,(美),伊藤圭三,1134,-0.7,,3,2,37.4,460,,
,"2016.10. 2",中山,4中8,未勝利,未勝利,1,2,スリーミュージアム,牡,3,菊沢一樹,54▲,16,4,１, ,ダ1800,良,,(美),柄崎孝,1560,-1.2,1,1,1,38.4,422,+10,B
,"2016.10. 2",中山,4中8,未勝利,未勝利*,2,3,コスモスピード,牡,2,松岡正海, 55 ,17,4,１, ,芝2000,良,,(美),国枝栄,2028,-0.0,4,3,1,35.8,428,+4,
,"2016.10. 2",中山,4中8,未勝利,未勝利*,1,2,アースヴィグラス,牝,2,丸山元気, 54 ,16,9,１, ,ダ1200,良,,(美),粕谷昌央,1130,-0.0,,7,4,37.7,426,-4,
,"2016.10. 1",中山,4中7,500万,500万下,7,13,シゲルヒラマサ,牡,3,勝浦正樹, 55 ,16,6,１, ,ダ1200,良,,(美),水野貴広,1109,-0.1,,5,5,36.5,468,+2,
,"2016.10. 1",中山,4中7,1600万,秋風Ｓ1600,3,6,マルターズアポジー,牡,4,田辺裕信, 57 ,16,7,１, ,芝1600,良,,(美),堀井雅広,1336,-0.2,1,1,1,34.9,540,+16,
,"2016.10. 1",中山,4中7,1000万,習志野特1000,8,12,ミライヘノツバサ,牡,3,柴田大知, 55 ,13,2,１, ,芝2000,良,*,(美),伊藤大士,2016,-0.2,2,2,2,35.1,488,-4,
,"2016.10. 1",中山,4中7,ｵｰﾌﾟﾝ,カンナＳ,6,8,タイムトリップ,牡,2,戸崎圭太, 55 ,13,1,１, ,芝1200,良,,(美),菊川正達,1091,-0.2,,3,4,35.4,474,-6,
,"2016.10. 1",中山,4中7,500万,500万下,5,9,シゲルテングダイ,牡,3,吉田隼人, 55 ,16,5,１, ,ダ1200,良,,(美),伊藤圭三,1112,-0.1,,3,3,37.2,486,+2,
,"2016.10. 1",中山,4中7,500万,500万下,3,5,グリントオブライト,牝,3,戸崎圭太, 52 ,17,3,１, ,芝2200,良,,(美),戸田博文,2152,-0.0,8,7,5,34.9,432,+10,
,"2016.10. 1",中山,4中7,500万,500万下・牝,8,16,ブランシェクール,牝,3,戸崎圭太, 53 ,16,1,１, ,ダ1800,良,*,(美),高柳瑞樹,1533,-0.3,5,3,2,38.2,508,+4,
,"2016.10. 1",中山,4中7,新馬,新馬,3,5,マイネルアムニス,牡,2,柴田大知, 55 ,16,1,１, ,芝1200,良,*,(美),畠山吉宏,1098,-0.3,,3,3,35.3,486,,
,"2016.10. 1",中山,4中7,未勝利,障害未勝利,7,10,プロスパー,牡,5,平沢健治, 60 ,12,4,１, ,ダ2880,良,,(栗),宮本博,3184,-0.3,2,1,1,13.8,494,-2,
,"2016.10. 1",中山,4中7,未勝利,未勝利,3,5,キセキノムスメ,牝,3,中井裕二,54☆,16,3,１, ,ダ1200,良,,(美),小野次郎,1123,-0.3,,8,8,37.9,454,0,
,"2016.10. 1",中山,4中7,未勝利,未勝利*,1,2,インフルエンサー,牡,2,田辺裕信, 55 ,16,2,１, ,芝1200,良,,(美),谷原義明,1105,-0.0,,4,5,35.6,438,0,
,"2016.10. 1",中山,4中7,未勝利,未勝利*,1,2,スターストラック,牡,2,木幡巧也,52▲,16,5,１, ,ダ1800,良,,(美),栗田博憲,1565,-0.0,5,5,4,39.8,496,+4,
,"2016. 9.25",中山,4中6,500万,500万下,5,10,ケンベストカフェ,牡,4,内田博幸, 57 ,16,4,１, ,ダ1800,重,,(美),久保田貴,1537,-0.0,1,1,1,36.7,470,-2,
,"2016. 9.25",中山,4中6,Ｇ２,オールカG2,5,6,ゴールドアクター,牡,5,吉田隼人, 58 ,12,1,１, ,芝2200,良,,(美),中川公成,2119,-0.0,6,6,4,34.4,496,+6,
,"2016. 9.25",中山,4中6,1000万,外房特別1000,2,3,オルレアンローズ,牝,3,大野拓弥, 53 ,16,5,１, ,芝1600,良,,(美),高木登,1334,-0.1,1,1,1,35.6,478,+6,
,"2016. 9.25",中山,4中6,ｵｰﾌﾟﾝ,芙蓉Ｓ,3,3,キングズラッシュ,牡,2,柴田善臣, 54 ,8,2,１, ,芝2000,良,,(美),久保田貴,2042,-0.0,3,3,2,35.0,520,+6,
,"2016. 9.25",中山,4中6,500万,500万下・牝,2,4,チュラカーギー,牝,3,福永祐一, 53 ,16,3,１, ,ダ1200,重,*,(美),中舘英二,1108,-0.7,,1,1,36.5,472,-2,
,"2016. 9.25",中山,4中6,500万,500万下,4,7,ユメノマイホーム,牝,4,吉田隼人, 55 ,16,5,１, ,芝1600,良,,(美),伊藤伸一,1333,-0.3,6,3,3,34.8,452,0,
,"2016. 9.25",中山,4中6,500万,500万下,1,2,トーセンアーネスト,牡,4,菅原隆一, 57 ,16,2,１, ,ダ2400,重,*,(美),中川公成,2345,-0.2,2,4,4,37.9,518,+8,
,"2016. 9.25",中山,4中6,新馬,新馬,8,13,キャナルストリート,牝,2,柴山雄一, 54 ,13,1,１, ,芝2000,良,,(美),大竹正博,2029,-0.0,7,6,3,35.0,452,,
,"2016. 9.25",中山,4中6,新馬,新馬,8,16,ファンヴィー,牡,2,内田博幸, 54 ,16,5,１, ,ダ1200,重,,(美),黒岩陽一,1121,-0.2,,3,2,37.7,518,,
,"2016. 9.25",中山,4中6,未勝利,未勝利,1,1,ベバスカーン,牡,3,石橋脩, 56 ,16,6,１, ,ダ1800,重,*,(美),勢司和浩,1548,-0.2,3,5,3,38.1,542,+8,
,"2016. 9.25",中山,4中6,未勝利,未勝利*,8,16,アマノガワ,牝,2,戸崎圭太, 54 ,16,1,１, ,芝1600,稍,,(美),菊川正達,1367,-0.0,4,4,4,35.1,436,0,
,"2016. 9.25",中山,4中6,未勝利,未勝利*,5,10,シゲルコング,牡,2,内田博幸, 54 ,16,1,１, ,ダ1200,重,,(美),松永康利,1119,-0.2,,6,1,37.0,498,0,
,"2016. 9.24",中山,4中5,500万,500万下,8,16,レッドシルヴィ,牝,3,吉田豊, 52 ,17,4,１, ,芝2000,稍,,(美),鹿戸雄一,2019,-0.0,3,4,4,35.1,438,+2,
,"2016. 9.24",中山,4中5,1600万,セプテＨ1600,6,12,メラグラーナ,牝,4,福永祐一, 53 ,16,1,１, ,芝1200,稍,,(栗),池添学,1087,-0.1,,8,8,33.3,522,0,
,"2016. 9.24",中山,4中5,1000万,茨城新聞1000,5,10,クロフネビームス,牝,4,吉田豊, 55 ,16,1,１, ,ダ1800,重,,(美),尾形充弘,1525,-0.0,3,5,4,35.9,478,-2,
,"2016. 9.24",中山,4中5,1000万,九十九里1000,6,8,レイズアスピリット,牡,5,戸崎圭太, 57 ,12,4,１, ,芝2500,稍,,(美),上原博之,2353,-0.0,7,8,8,34.3,474,+6,
,"2016. 9.24",中山,4中5,ｵｰﾌﾟﾝ,清秋ジャ,4,4,ウインヤード,牡,5,大江原圭, 61 ,12,3,１, ,芝3210,稍,,(美),小桧山悟,3436,-0.4,6,4,3,13.9,468,-4,
,"2016. 9.24",中山,4中5,500万,500万下,7,13,クワドループル,牡,4,内田博幸, 57 ,16,2,１, ,ダ1200,重,,(美),小島太,1108,-0.0,,5,5,37.1,492,+2,
,"2016. 9.24",中山,4中5,未勝利,未勝利,6,11,クラウンロマン,牝,3,横山典弘, 54 ,16,6,１, ,ダ1800,重,,(美),小野次郎,1541,-0.0,3,4,5,38.0,450,0,
,"2016. 9.24",中山,4中5,新馬,新馬,3,5,ライジングリーズン,牝,2,丸田恭介, 54 ,16,2,１, ,芝1600,稍,,(美),奥村武,1360,-0.1,6,7,7,34.7,472,,
,"2016. 9.24",中山,4中5,未勝利,未勝利,6,11,セシャルマン,牝,3,福永祐一, 54 ,16,3,１, ,ダ1200,重,,(美),戸田博文,1115,-0.1,,8,10,37.1,458,0,B
,"2016. 9.24",中山,4中5,未勝利,未勝利*,7,12,マイネルベレーロ,牡,2,丸山元気, 54 ,14,3,１, ,芝1800,稍,,(美),中野栄治,1506,-0.0,3,3,3,35.4,486,+4,
,"2016. 9.24",中山,4中5,未勝利,未勝利・牝*,2,3,トワイライトライフ,牝,2,北村宏司, 54 ,16,8,１, ,芝1200,稍,,(美),黒岩陽一,1093,-0.0,,12,10,34.6,444,-2,
,"2016. 9.24",中山,4中5,未勝利,未勝利*,4,8,ビービーガウディ,牡,2,内田博幸, 54 ,16,3,１, ,ダ1800,重,,(美),久保田貴,1546,-0.0,11,3,2,39.2,452,0,
,"2016. 9.18",中山,4中4,500万,500万下,2,4,フクノグローリア,牝,4,木幡巧也,52▲,16,4,１, ,芝1200,良,,(美),杉浦宏昭,1094,-0.1,,7,4,34.0,464,+10,
,"2016. 9.18",中山,4中4,Ｇ２,セントラG2,4,4,ディーマジェスティ,牡,3,蛯名正義, 56 ,12,1,１, ,芝2200,良,,(美),二ノ宮敬,2131,-0.0,9,9,4,34.5,476,+4,
,"2016. 9.18",中山,4中4,1600万,レインボ1600,1,1,シャドウパーティー,セ,7,川田将雅, 57 ,14,5,１, ,芝2000,良,*,(美),堀宣行,2004,-0.1,5,5,5,35.7,492,0,
,"2016. 9.18",中山,4中4,1000万,浦安特別1000,4,7,キープレイヤー,牝,5,嶋田純次, 55 ,16,13,１, ,ダ1200,稍,,(美),手塚貴久,1111,-0.1,,11,11,36.0,524,+20,
,"2016. 9.18",中山,4中4,500万,500万下・牝,2,4,アドマイヤピンク,牝,4,柴山雄一, 55 ,16,7,１, ,ダ1800,稍,*,(美),戸田博文,1544,-0.1,11,8,6,38.7,474,+10,
,"2016. 9.18",中山,4中4,500万,500万下,8,16,トウショウカウント,牡,4,井上敏樹,55△,16,2,１, ,ダ1200,稍,,(美),萱野浩二,1113,-0.4,,1,1,36.8,506,+4,
,"2016. 9.18",中山,4中4,未勝利,未勝利,7,15,アクート,牡,3,柴山雄一, 56 ,18,10,１, ,芝2000,良,,(美),宗像義忠,2019,-0.3,12,2,2,34.8,430,-8,
,"2016. 9.18",中山,4中4,新馬,新馬・牝,5,10,ヒストリア,牝,2,蛯名正義, 54 ,16,1,１, ,芝1600,良,,(美),栗田徹,1392,-0.1,9,7,5,34.8,448,,
,"2016. 9.18",中山,4中4,未勝利,障害未勝利,2,2,ブライアンキング,牡,4,植野貴也, 60 ,11,5,１, ,ダ2880,良,,(栗),森田直行,3154,-1.1,1,1,1,13.6,488,+6,
,"2016. 9.18",中山,4中4,未勝利,未勝利,7,14,ボールドアテンプト,牝,3,木幡初也,52△,16,9,１, ,ダ1800,稍,,(美),古賀慎明,1552,-0.2,4,3,3,39.1,458,-8,B
,"2016. 9.18",中山,4中4,未勝利,未勝利*,8,18,アウトライアーズ,牡,2,田辺裕信, 54 ,18,1,１, ,芝2000,良,,(美),小島茂之,2037,-0.4,9,7,4,34.9,478,+4,
,"2016. 9.18",中山,4中4,未勝利,未勝利*,2,3,マイネルレンカ,牡,2,柴田大知, 54 ,16,6,１, ,ダ1800,稍,,(美),堀井雅広,1560,-0.7,15,7,6,39.2,438,+2,
,"2016. 9.17",中山,4中3,500万,500万下,6,12,レッドゲルニカ,牡,3,北村宏司, 55 ,16,1,１, ,ダ1200,稍,,(美),藤沢和雄,1110,-0.3,,6,4,36.2,550,-2,
,"2016. 9.17",中山,4中3,ｵｰﾌﾟﾝ,ラジオ日,7,7,メイショウスミトモ,牡,5,和田竜二, 56 ,9,4,１, ,ダ1800,稍,*,(栗),南井克巳,1506,-0.1,5,5,5,36.5,472,-2,
,"2016. 9.17",中山,4中3,1000万,初風特別1000,5,10,デンコウウノ,牡,5,鮫島良太, 57 ,16,11,１, ,芝1200,良,,(栗),渡辺薫彦,1084,-0.0,,2,2,34.2,498,-6,
,"2016. 9.17",中山,4中3,1000万,白井特Ｈ1000,6,9,トミケンスラーヴァ,牡,6,松岡正海, 55 ,14,5,１, ,芝1800,良,,(美),竹内正洋,1483,-0.0,5,6,5,34.1,494,-16,
,"2016. 9.17",中山,4中3,500万,500万下,6,10,プライムセラー,牡,3,柴山雄一, 54 ,14,2,１, ,芝2500,良,*,(美),和田正一,2362,-0.2,2,2,2,34.5,502,+8,
,"2016. 9.17",中山,4中3,500万,500万下,3,5,ヒプノティスト,牡,3,田辺裕信, 54 ,16,1,１, ,ダ1800,稍,,(美),奥村武,1535,-0.0,1,1,1,38.4,472,+2,
,"2016. 9.17",中山,4中3,新馬,新馬,4,6,キャラメルフレンチ,牝,2,木幡巧也,51▲,15,3,１, ,芝1200,良,,(美),尾形和幸,1112,-0.2,,2,2,35.4,450,,
,"2016. 9.17",中山,4中3,新馬,新馬,5,6,アルミューテン,牝,2,勝浦正樹, 54 ,12,6,１, ,芝1800,良,,(美),南田美知,1521,-0.5,1,1,1,34.7,476,,
,"2016. 9.17",中山,4中3,未勝利,未勝利,2,4,サノココ,牝,3,田辺裕信, 54 ,16,1,１, ,ダ1200,重,,(美),栗田徹,1116,-0.0,,2,2,37.5,484,-6,
,"2016. 9.17",中山,4中3,未勝利,未勝利・牝,2,4,エバーパッション,牝,3,田辺裕信, 54 ,16,3,１, ,ダ1800,重,,(美),小笠倫弘,1540,-0.0,13,6,6,39.1,428,+2,
,"2016. 9.17",中山,4中3,未勝利,未勝利*,1,1,パフォーム,牝,2,木幡巧也,51▲,16,2,１, ,芝1600,良,,(美),相沢郁,1350,-0.0,6,6,4,35.1,428,0,
,"2016. 9.17",中山,4中3,未勝利,未勝利・牝*,7,14,ブルーヘヴン,牝,2,戸崎圭太, 54 ,16,1,１, ,ダ1200,重,,(美),伊藤圭三,1123,-0.3,,1,1,38.3,484,+6,
,"2016. 9.11",中山,4中2,1000万,1000万下,8,16,ヒカリマサムネ,牡,6,江田照男, 57 ,16,11,１, ,ダ1200,稍,,(美),池上昌弘,1109,-0.1,,12,13,36.3,464,-6,
,"2016. 9.11",中山,4中2,Ｇ３,オータムＨG3,5,10,ロードクエスト,牡,3,池添謙一, 55 ,16,1,１, ,芝1600,良,,(美),小島茂之,1330,-0.1,12,10,6,34.2,452,+2,
,"2016. 9.11",中山,4中2,1600万,ながつき1600,2,3,シャトーウインド,牡,6,松岡正海, 57 ,16,10,１, ,ダ1200,稍,,(栗),松下武士,1106,-0.1,,2,2,36.1,466,+6,
,"2016. 9.11",中山,4中2,1000万,木更津Ｈ1000,6,6,ドーヴァー,牡,3,田辺裕信, 55 ,10,1,１, ,芝1600,良,,(美),伊藤圭三,1335,-0.1,6,7,7,34.9,484,-2,
,"2016. 9.11",中山,4中2,500万,500万下,5,9,タイセイスペリオル,牡,3,戸崎圭太, 54 ,16,1,１, ,ダ1800,稍,,(美),池上昌弘,1555,-0.0,5,5,5,36.9,470,0,
,"2016. 9.11",中山,4中2,500万,500万下・牝,7,13,プリンセスロック,牝,4,戸崎圭太, 55 ,16,1,１, ,ダ1200,稍,,(美),大和田成,1113,-0.3,,5,5,36.8,474,-2,
,"2016. 9.11",中山,4中2,新馬,新馬,5,5,トミケンカリム,牡,2,大野拓弥, 54 ,12,11,１, ,ダ1800,稍,,(美),武井亮,1582,-0.3,2,1,1,40.4,440,,
,"2016. 9.11",中山,4中2,新馬,新馬,6,6,ミヤビベスト,牡,2,池添謙一, 54 ,8,4,１, ,芝2000,稍,,(栗),笹田和秀,2091,-0.2,1,1,1,34.8,482,,
,"2016. 9.11",中山,4中2,未勝利,未勝利,7,13,ワンショットキラー,牡,3,大野拓弥, 56 ,16,1,１, ,芝1600,稍,,(美),新開幸一,1346,-0.2,13,12,11,34.5,470,+2,
,"2016. 9.11",中山,4中2,未勝利,未勝利,6,12,プラトロッソ,牝,3,木幡巧也,51▲,16,3,１, ,ダ1200,稍,,(美),田村康仁,1124,-0.0,,2,2,38.1,464,+2,
,"2016. 9.11",中山,4中2,未勝利,未勝利*,5,8,サトノアレス,牡,2,柴山雄一, 54 ,15,1,１, ,芝1800,稍,,(美),藤沢和雄,1502,-0.0,5,4,4,34.8,490,-10,
,"2016. 9.11",中山,4中2,未勝利,未勝利*,6,11,ポンポン,牝,2,嘉藤貴行, 54 ,16,2,１, ,芝1200,稍,,(美),田中清隆,1097,-0.1,,2,2,34.8,424,-12,
,"2016. 9.10",中山,4中1,500万,500万下,3,6,サウンドジャンゴ,牡,4,福永祐一, 57 ,16,3,１, ,ダ1200,良,,(美),和田正道,1109,-0.3,,3,3,36.7,514,+2,B
,"2016. 9.10",中山,4中1,Ｇ３,紫苑ＳG3,8,18,ビッシュ,牝,3,戸崎圭太, 54 ,18,1,１, ,芝2000,良,,(美),鹿戸雄一,1597,-0.4,13,6,2,35.3,420,+4,
,"2016. 9.10",中山,4中1,1000万,松戸特別1000,5,10,アースコネクター,牡,5,丸山元気, 57 ,16,3,１, ,ダ1800,良,,(美),和田正道,1524,-0.3,1,1,1,38.5,506,0,B
,"2016. 9.10",中山,4中1,500万,アスター500*,8,12,ディバインコード,牡,2,柴田善臣, 54 ,12,2,１, ,芝1600,良,*,(美),栗田博憲,1356,-0.2,3,2,2,34.8,472,-2,
,"2016. 9.10",中山,4中1,500万,500万下,2,3,ネオヴェルザンディ,牝,3,石川裕紀,51☆,15,11,１, ,芝1800,良,*,(美),鹿戸雄一,1483,-0.0,1,2,1,35.1,460,+6,
,"2016. 9.10",中山,4中1,500万,500万下,2,4,ヤギリジャスパー,牡,3,田辺裕信, 54 ,16,10,１, ,ダ1800,良,,(美),小西一男,1534,-1.2,9,8,3,37.2,518,0,
,"2016. 9.10",中山,4中1,未勝利,未勝利,4,8,トブガゴトク,牡,3,内田博幸, 56 ,16,5,１, ,ダ1200,良,,(美),藤原辰雄,1115,-0.4,,3,3,37.5,484,+2,
,"2016. 9.10",中山,4中1,新馬,新馬,2,2,カリビアンゴールド,牝,2,田中勝春, 54 ,13,4,１, ,芝1600,良,,(美),小島太,1362,-0.1,5,5,4,34.8,472,,
,"2016. 9.10",中山,4中1,未勝利,障害未勝利,4,4,クラウンテイラー,牡,4,蓑島靖典, 60 ,10,4,１, ,ダ2880,良,,(美),田島俊明,3159,-0.4,4,3,3,13.6,442,+2,
,"2016. 9.10",中山,4中1,未勝利,未勝利,5,10,スピアザゴールド,牡,3,大野拓弥, 56 ,16,1,１, ,ダ1800,良,,(美),久保田貴,1552,-0.0,5,6,6,38.2,486,0,
,"2016. 9.10",中山,4中1,未勝利,未勝利・牝*,7,14,ハウメア,牝,2,戸崎圭太, 54 ,16,1,１, ,芝1600,良,,(美),藤沢和雄,1347,-0.1,10,12,10,35.3,460,+4,
,"2016. 9.10",中山,4中1,未勝利,未勝利*,6,11,マツリダダイキチ,牡,2,蛯名正義, 54 ,16,4,１, ,ダ1200,良,,(美),国枝栄,1123,-0.0,,1,2,37.7,504,+8,
