Ｍ,日付(yyyy.mm.dd),場所,開催,クラス名,レース名,枠番,馬番,馬名,性別,年齢,騎手,斤量,頭数,人気,着順,芝(内・外),距離,馬場状態,多頭出し,所属,調教師,走破タイム,着差,2角,3角,4角,上り3F,馬体重,馬体重増減,ブリンカー
,"2026. 5.24",新潟,1新8,1勝,１勝ｸﾗｽ,7,12,ニシノケンタマン,牡,4,西塚洸二, 58 ,15,4,１, ,ダ1800,稍,*,(美),深山雅史,1538,-0.1,3,2,3,37.3,462,-8,
,"2026. 5.24",新潟,1新8,ｵｰﾌﾟﾝ,韋駄天ＳＨ,5,9,エコロレジーナ,牝,6,菊沢一樹, 54 ,16,3,１, 内,芝1000,稍,,(美),菊沢隆徳,0551,-0.1,,,1,32.8,504,0,
,"2026. 5.24",新潟,1新8,2勝,火打山特･2勝,6,11,テセラリアン,牝,5,丹内祐次, 56 ,15,8,１, ,ダ1200,稍,,(美),鈴木慎太,1113,-0.3,,1,1,36.4,454,+6,B
,"2026. 5.24",新潟,1新8,1勝,二王子特･1勝,6,9,マイネルアレス,牡,4,丹内祐次, 58 ,14,1,１, 外,芝1800,稍,*,(美),相沢郁,1478,-0.3,,2,2,34.2,458,-2,B
,"2026. 5.24",新潟,1新8,1勝,１勝ｸﾗｽ,3,6,セイプリーズ,牝,4,上里直汰,53▲,16,2,１, 内,芝1200,稍,,(栗),宮徹,1101,-0.1,,5,4,34.5,428,0,
,"2026. 5.24",新潟,1新8,1勝,１勝ｸﾗｽ・若,8,14,リッキースタイル,牡,4,舟山瑠泉,56△,15,1,１, ,ダ1200,稍,,(美),水野貴広,1114,-0.0,,4,4,36.6,486,-4,
,"2026. 5.24",新潟,1新8,未勝利,未勝利,2,2,ホウオウストライク,牡,3,荻野極, 57 ,12,4,１, ,ダ1800,稍,,(栗),池江泰寿,1540,-0.2,1,1,1,39.0,476,+4,
,"2026. 5.24",新潟,1新8,未勝利,未勝利,8,15,ディアアズール,牝,3,丸山元気, 55 ,16,2,１, 内,芝2000,稍,,(美),森一誠,2038,-0.1,7,3,3,36.0,422,+4,
,"2026. 5.24",新潟,1新8,未勝利,障害未勝利,4,5,サングラデーション,セ,6,上野翔, 60 ,13,2,１, ,芝2890,稍,,(美),千葉直人,3115,-0.2,2,1,1,13.3,414,-4,
,"2026. 5.24",新潟,1新8,未勝利,未勝利,8,10,アイビーチーキー,牡,3,ゴンサル, 57 ,10,1,１, ,ダ1800,稍,,(美),加藤士津,1543,-0.5,3,2,2,40.4,494,+4,
,"2026. 5.24",新潟,1新8,未勝利,未勝利・牝,2,3,アーガイルショア,牝,3,斎藤新, 55 ,15,2,１, ,ダ1200,稍,,(栗),安田翔伍,1125,-0.0,,7,6,37.7,512,0,B
,"2026. 5.24",新潟,1新8,未勝利,未勝利,5,10,マイネルユーゲント,牡,3,小林美駒,54▲,16,2,１, 内,芝1200,稍,,(美),加藤士津,1106,-0.4,,1,1,36.0,452,+4,
,"2026. 5.23",新潟,1新7,1勝,１勝ｸﾗｽ,6,11,ヴェントインコーダ,牝,4,丸山元気, 56 ,15,3,１, ,ダ1200,稍,,(栗),角田晃一,1120,-0.0,,1,1,37.7,472,-12,
,"2026. 5.23",新潟,1新7,2勝,大日岳特･2勝,4,7,マリノトニトゥルス,牝,4,丸山元気, 56 ,16,5,１, 内,芝1200,稍,,(美),武市康男,1092,-0.1,,6,6,34.4,472,-2,
,"2026. 5.23",新潟,1新7,1勝,尖閣湾特･1勝,5,9,マイネルアズーロ,牡,4,杉原誠人, 58 ,15,1,１, 外,芝2000,稍,,(美),鹿戸雄一,2005,-0.0,,12,12,34.0,470,-2,
,"2026. 5.23",新潟,1新7,1勝,はやぶさ･1勝,8,16,カレンデュラ,牝,3,嶋田純次, 55 ,16,1,１, 内,芝1000,稍,,(美),室井潔,0560,-0.1,,,4,33.5,424,-6,
,"2026. 5.23",新潟,1新7,1勝,１勝ｸﾗｽ・牝,8,15,ハギノコラソン,牝,4,舟山瑠泉,54△,15,1,１, ,ダ1800,稍,,(栗),寺島良,1532,-0.6,8,3,3,38.2,474,+4,B
,"2026. 5.23",新潟,1新7,未勝利,未勝利,3,5,パーヴォ,牡,3,菊沢一樹, 57 ,16,4,１, 内,芝2400,稍,,(栗),吉田直弘,2277,-0.0,14,9,6,34.8,446,+6,
,"2026. 5.23",新潟,1新7,未勝利,未勝利・若,7,13,マシン,牡,3,小林美駒,54▲,15,1,１, ,ダ1800,稍,,(栗),石坂公一,1534,-0.2,2,2,2,38.2,470,0,
,"2026. 5.23",新潟,1新7,未勝利,未勝利,2,3,ミスターマーボー,牡,3,ゴンサル, 57 ,16,1,１, 内,芝1400,稍,,(美),青木孝文,1233,-0.0,,3,3,35.6,450,-2,
,"2026. 5.23",新潟,1新7,未勝利,未勝利,7,13,サトノカスターニャ,牝,3,小沢大仁, 55 ,16,5,１, 内,芝1400,稍,,(栗),吉岡辰弥,1233,-0.0,,2,2,35.7,434,-2,B
,"2026. 5.23",新潟,1新7,ｵｰﾌﾟﾝ,障害・オープ,4,4,コレペティトール,セ,6,井上敏樹,57▲,13,1,１, ,芝3290,稍,,(栗),中竹和也,3355,-1.1,3,1,1,13.1,476,0,
,"2026. 5.23",新潟,1新7,未勝利,未勝利,7,12,アイアンナックル,牡,3,森田誠也,54▲,15,5,１, ,ダ1200,稍,*,(美),尾形和幸,1122,-0.4,,5,5,36.9,442,-4,
,"2026. 5.23",新潟,1新7,未勝利,未勝利・牝,8,15,ウェルム,牝,3,ゴンサル, 55 ,15,3,１, ,ダ1800,稍,,(栗),小栗実,1560,-0.4,7,4,4,39.2,502,+2,
,"2026. 5.23",新潟,1新7,未勝利,障害未勝利,2,2,ランフォースマイル,牝,4,五十嵐雄, 57 ,14,4,１, ,芝2890,稍,,(美),秋本大介,3114,-0.3,2,2,1,13.2,478,+14,
,"2026. 5.17",新潟,1新6,1勝,１勝ｸﾗｽ,8,10,スーパーバイザー,牡,5,菊沢一樹, 58 ,11,2,１, ,ダ1200,良,,(美),菊沢隆徳,1123,-0.5,,2,2,36.4,478,-4,
,"2026. 5.17",新潟,1新6,3勝,弥彦Ｓ･3勝,3,6,エストゥペンダ,牝,4,荻野極, 56 ,16,1,１, 外,芝1800,良,,(美),高柳瑞樹,1491,-0.1,,12,12,32.5,448,0,
,"2026. 5.17",新潟,1新6,2勝,信濃川特･2勝,7,14,マリアイリダータ,牝,4,舟山瑠泉, 56 ,16,1,１, 外,芝2000,良,,(美),田中博康,2007,-0.3,,5,5,33.3,454,+4,
,"2026. 5.17",新潟,1新6,1勝,飛竜特別･1勝,4,7,ラヴェンデル,牝,4,斎藤新, 56 ,16,12,１, 内,芝1000,良,,(栗),吉村圭司,0553,-0.0,,,4,32.5,426,+8,B
,"2026. 5.17",新潟,1新6,1勝,１勝ｸﾗｽ,8,10,ゴルデールスカー,牡,6,舟山瑠泉,56△,10,2,１, ,ダ1800,良,,(栗),加藤公太,1544,-0.3,2,2,2,38.7,480,0,
,"2026. 5.17",新潟,1新6,1勝,１勝ｸﾗｽ,6,8,ベネスピラ,牡,4,荻野極, 58 ,13,1,１, 外,芝2000,良,,(美),鹿戸雄一,2014,-0.1,,1,1,34.2,452,+4,
,"2026. 5.17",新潟,1新6,未勝利,未勝利・牝,3,3,オーケーリアン,牝,3,富田暁, 55 ,13,5,１, ,ダ1800,良,,(栗),宮地貴稔,1556,-0.0,3,3,3,39.6,436,+4,
,"2026. 5.17",新潟,1新6,未勝利,未勝利・若,7,13,レゼルフォート,牝,3,舟山瑠泉,53△,16,1,１, 内,芝2000,良,,(栗),渡辺薫彦,2019,-0.1,8,9,5,36.1,418,-10,
,"2026. 5.17",新潟,1新6,未勝利,障害未勝利,5,8,ヴェールランス,牡,7,五十嵐雄, 60 ,14,2,１, ,芝2890,良,,(美),田村康仁,3109,-0.2,1,1,1,13.2,454,+4,
,"2026. 5.17",新潟,1新6,未勝利,未勝利・牝,6,10,マジンタクシー,牝,3,吉田隼人, 55 ,15,5,１, ,ダ1200,良,,(美),深山雅史,1127,-0.0,,2,2,37.9,496,-2,
,"2026. 5.17",新潟,1新6,未勝利,未勝利,6,6,エタンセル,牡,3,小林美駒,54▲,9,1,１, ,ダ1800,良,,(美),高木登,1549,-0.3,2,2,2,37.6,466,+2,
,"2026. 5.17",新潟,1新6,未勝利,障害未勝利,4,6,ライツフォル,牡,6,難波剛健, 60 ,14,1,１, ,芝2890,良,,(栗),高橋義忠,3112,-0.2,4,5,5,13.2,498,-2,
,"2026. 5.16",新潟,1新5,1勝,１勝ｸﾗｽ,5,10,サンタアニタ,牝,4,斎藤新, 56 ,16,3,１, 内,芝1400,良,,(美),斎藤誠,1219,-0.2,,1,1,34.2,480,0,
,"2026. 5.16",新潟,1新5,Ｇ３,新潟大賞ＨG3,2,3,グランディア,セ,7,西村淳也, 57 ,15,7,１, 外,芝2000,良,,(栗),中内田充,1589,-0.1,,8,8,33.7,488,-4,
,"2026. 5.16",新潟,1新5,2勝,中ノ岳特･2勝,1,1,アークドール,牡,5,武豊, 58 ,9,2,１, ,ダ1800,良,,(栗),松永幹夫,1543,-0.0,9,9,7,36.9,446,0,
,"2026. 5.16",新潟,1新5,1勝,石打特別･1勝,6,12,ルールーリマ,牝,4,ルメール, 56 ,16,1,１, 外,芝1800,良,,(美),大竹正博,1469,-0.2,,6,5,34.3,426,+2,
,"2026. 5.16",新潟,1新5,1勝,１勝ｸﾗｽ,8,9,ファルコンミノル,牡,6,ルメール, 58 ,9,2,１, ,ダ1800,良,,(美),中舘英二,1537,-0.4,4,3,3,38.1,444,0,
,"2026. 5.16",新潟,1新5,1勝,１勝ｸﾗｽ・牝,6,9,シャンハイナイト,牝,4,河原田菜,52★,13,5,１, ,ダ1200,良,,(美),村田一誠,1120,-0.8,,11,10,35.9,474,-4,B
,"2026. 5.16",新潟,1新5,未勝利,未勝利,1,1,アカウフリューゲル,牝,3,富田暁, 55 ,16,10,１, 内,芝1000,良,,(栗),清水久詞,0549,-0.7,,,1,32.7,492,-4,
,"2026. 5.16",新潟,1新5,未勝利,未勝利,1,1,アナザーフェイス,牡,3,荻野極, 57 ,16,1,１, 外,芝1800,良,*,(美),鹿戸雄一,1481,-0.1,,2,2,33.9,484,-2,
,"2026. 5.16",新潟,1新5,未勝利,未勝利,8,11,ボールドタワー,牡,3,ゴンサル, 57 ,11,2,１, ,ダ1800,良,,(美),鈴木慎太,1546,-0.2,2,3,3,38.0,484,-4,B
,"2026. 5.16",新潟,1新5,未勝利,未勝利,7,14,ミラキュラスアース,牝,3,西村淳也, 55 ,16,3,１, 外,芝1600,良,,(栗),奥村豊,1348,-0.0,,8,8,34.1,484,0,
,"2026. 5.16",新潟,1新5,未勝利,未勝利,8,14,シュヴァルツシルト,牡,3,小林美駒,54▲,15,1,１, ,ダ1200,良,,(美),田島俊明,1130,-0.2,,3,3,38.2,478,+6,
,"2026. 5.16",新潟,1新5,未勝利,未勝利,3,4,ハイロード,牡,3,斎藤新, 57 ,15,5,１, ,ダ1800,良,,(栗),浜田多実,1543,-0.1,1,1,1,39.4,450,-14,
,"2026. 5.10",新潟,1新4,1勝,１勝ｸﾗｽ,5,7,ジェニファー,牝,5,舟山瑠泉,54△,13,2,１, 内,芝1200,良,,(栗),浜田多実,1097,-0.2,,1,1,34.6,458,+2,
,"2026. 5.10",新潟,1新4,OP(L),谷川岳Ｓ(L),5,7,ランフォーヴァウ,牝,4,石川裕紀, 55 ,14,7,１, 内,芝1400,良,,(栗),福永祐一,1211,-0.0,,4,3,34.9,446,-6,B
,"2026. 5.10",新潟,1新4,2勝,五泉特Ｈ･2勝,7,11,マンオブザマッチ,牡,4,舟山瑠泉, 56 ,14,3,１, ,ダ1800,良,,(栗),高橋義忠,1521,-0.4,4,3,3,38.0,490,+2,
,"2026. 5.10",新潟,1新4,1勝,荒川峡特･1勝,7,12,キングズトゥルー,牡,4,丸田恭介, 58 ,14,3,１, 内,芝2400,良,*,(美),大竹正博,2265,-0.6,8,2,2,35.0,460,-2,B
,"2026. 5.10",新潟,1新4,1勝,１勝ｸﾗｽ・牝,8,14,ハッピーウィズユー,牝,4,舟山瑠泉,54△,15,6,１, ,ダ1200,良,,(美),小笠倫弘,1120,-0.2,,2,2,37.6,506,+4,B
,"2026. 5.10",新潟,1新4,1勝,１勝ｸﾗｽ・若,6,10,フォンメイリー,牝,7,大久保友,53▲,15,8,１, ,ダ1200,良,,(美),粕谷昌央,1116,-0.0,,3,3,37.2,486,-4,B
,"2026. 5.10",新潟,1新4,未勝利,未勝利,5,10,オタルイーグル,牡,3,亀田温心, 57 ,16,5,１, 内,芝1000,良,,(栗),高柳大輔,0558,-0.0,,,2,33.5,492,-6,B
,"2026. 5.10",新潟,1新4,未勝利,未勝利・牝,6,12,ファストフォワード,牝,3,小崎綾也, 55 ,16,1,１, 外,芝1800,良,,(栗),小林真也,1491,-0.3,,6,6,33.7,500,-6,
,"2026. 5.10",新潟,1新4,未勝利,障害未勝利,5,5,ニシノルアノーヴァ,牡,4,伴啓太, 59 ,12,3,１, ,芝2890,良,,(美),古賀慎明,3113,-0.0,4,3,3,13.2,490,-10,
,"2026. 5.10",新潟,1新4,未勝利,未勝利,3,5,ノリノドラゴン,牡,3,吉田隼人, 57 ,15,2,１, ,ダ1800,良,,(栗),荒川義之,1546,-0.1,2,2,2,38.3,440,+2,
,"2026. 5.10",新潟,1新4,未勝利,未勝利,6,10,エコログロウ,牡,3,舟山瑠泉,55△,15,1,１, ,ダ1200,良,,(栗),牧浦充徳,1128,-0.3,,1,1,38.3,574,+6,
,"2026. 5.10",新潟,1新4,未勝利,未勝利・牝,7,13,ヴァイヴァーイ,牝,3,小崎綾也, 55 ,15,1,１, ,ダ1800,良,,(栗),小崎憲,1569,-0.2,4,4,5,40.2,464,+10,
,"2026. 5. 9",新潟,1新3,1勝,１勝ｸﾗｽ,8,11,ハイクオリティ,牡,4,ゴンサル, 58 ,12,1,１, ,ダ1800,稍,,(栗),今野貞一,1548,-0.4,1,1,1,40.9,476,+2,B
,"2026. 5. 9",新潟,1新3,3勝,駿風Ｓ･3勝,8,16,シュラフ,牝,4,嶋田純次, 56 ,16,6,１, 内,芝1000,良,,(美),佐藤吉勝,0567,-0.0,,,10,33.3,444,+2,B
,"2026. 5. 9",新潟,1新3,1勝,粟島特別･1勝,3,3,スピンザブラッド,牡,5,舟山瑠泉, 58 ,13,4,１, 外,芝1800,良,,(美),萩原清,1479,-0.1,,4,4,35.2,432,-4,
,"2026. 5. 9",新潟,1新3,1勝,ゆきつば･1勝,7,11,トップアタック,牡,3,小沢大仁, 57 ,14,7,１, 内,芝1200,良,,(栗),小椋研介,1098,-0.0,,2,2,35.7,464,+4,
,"2026. 5. 9",新潟,1新3,1勝,１勝ｸﾗｽ・牝,2,3,ヴァズレーヌ,牝,5,小崎綾也, 56 ,15,3,１, ,ダ1800,稍,,(美),嘉藤貴行,1560,-0.9,4,4,4,40.4,482,0,
,"2026. 5. 9",新潟,1新3,1勝,１勝ｸﾗｽ,7,12,ピコテンダー,牝,4,舟山瑠泉,53△,15,1,１, ,ダ1200,稍,,(美),上原佑紀,1123,-0.8,,2,2,38.7,482,0,B
,"2026. 5. 9",新潟,1新3,未勝利,未勝利,8,15,タイキアロハ,牡,3,菊沢一樹, 57 ,16,6,１, 内,芝2000,良,*,(美),西田雄一,2065,-0.0,6,6,6,36.1,486,+6,
,"2026. 5. 9",新潟,1新3,未勝利,未勝利・若,5,10,ソードスレイプニル,牝,3,横山琉人, 55 ,16,3,１, 内,芝1200,良,,(美),鈴木慎太,1102,-0.0,,8,6,35.7,448,0,
,"2026. 5. 9",新潟,1新3,ｵｰﾌﾟﾝ,障害・オープ,8,11,ルドヴィクス,牡,8,上野翔, 60 ,11,6,１, ,芝2890,稍,,(美),久保田貴,3109,-0.5,2,2,2,13.2,532,+14,
,"2026. 5. 9",新潟,1新3,未勝利,未勝利・牝,8,15,フレンズプラス,牝,3,ゴンサル, 55 ,15,1,１, ,ダ1200,稍,,(栗),宮本博,1129,-0.4,,3,3,38.7,412,+2,
,"2026. 5. 9",新潟,1新3,未勝利,未勝利,3,3,ベストブラザーズ,牡,3,小林美駒,54▲,10,1,１, ,ダ1800,稍,,(美),辻哲英,1554,-1.1,1,1,1,39.8,490,0,
,"2026. 5. 9",新潟,1新3,未勝利,障害未勝利,2,2,ブラックバラード,セ,5,伴啓太, 60 ,13,3,１, ,芝2890,稍,,(美),嘉藤貴行,3100,-1.4,3,2,2,13.1,458,-2,
,"2026. 5. 3",新潟,1新2,1勝,１勝ｸﾗｽ,2,3,タケルハーロック,牡,4,亀田温心, 58 ,15,2,１, ,ダ1200,稍,,(栗),高柳大輔,1117,-0.2,,5,5,36.6,498,0,B
,"2026. 5. 3",新潟,1新2,ｵｰﾌﾟﾝ,越後Ｓ,3,4,ブレーザー,牡,5,斎藤新, 58 ,15,8,１, ,ダ1200,稍,,(美),伊坂重信,1101,-0.4,,5,4,35.9,522,-10,
,"2026. 5. 3",新潟,1新2,2勝,邁進特Ｈ･2勝,8,16,カウンターセブン,牡,4,小林美駒, 56 ,16,1,１, 内,芝1000,良,*,(美),村田一誠,0545,-0.2,,,3,32.4,514,-10,B
,"2026. 5. 3",新潟,1新2,2勝,咲花特別･2勝,4,4,レイバックスピン,牝,4,丹内祐次, 56 ,12,1,１, ,ダ1800,稍,,(栗),牧浦充徳,1536,-0.6,2,2,1,37.2,482,-4,
,"2026. 5. 3",新潟,1新2,1勝,１勝ｸﾗｽ,4,4,マドモアゼルアスク,牝,4,小沢大仁, 56 ,12,2,１, 外,芝1800,良,,(栗),藤原英昭,1473,-0.0,,3,3,34.5,448,-2,
,"2026. 5. 3",新潟,1新2,1勝,１勝ｸﾗｽ・牝,1,1,メランジェ,牝,4,丹内祐次, 56 ,16,3,１, 内,芝1400,良,,(美),田中剛,1218,-0.3,,13,12,34.0,452,0,
,"2026. 5. 3",新潟,1新2,1勝,１勝ｸﾗｽ・若,7,10,ラストレガシー,牡,4,舟山瑠泉,56△,13,1,１, ,ダ1800,稍,,(美),手塚貴久,1533,-0.5,4,5,4,38.0,488,+6,B
,"2026. 5. 3",新潟,1新2,未勝利,未勝利,7,11,ワールドブレイヴ,牡,3,菊沢一樹, 57 ,14,4,１, 外,芝1800,良,,(美),平岩大典,1502,-0.0,,3,3,34.0,500,+2,
,"2026. 5. 3",新潟,1新2,未勝利,障害未勝利,4,5,コレペティトール,セ,6,井上敏樹,57▲,14,1,１, ,芝2890,良,,(栗),中竹和也,3090,-2.3,5,2,1,13.1,476,-2,
,"2026. 5. 3",新潟,1新2,未勝利,未勝利,8,14,カシノスパーク,牡,3,石神深道,54▲,14,7,１, ,ダ1800,稍,,(美),天間昭一,1551,-0.1,7,6,6,38.9,464,+6,
,"2026. 5. 3",新潟,1新2,未勝利,未勝利,7,13,エコロボルト,セ,3,丸山元気, 57 ,15,3,１, ,ダ1200,稍,,(栗),森秀行,1126,-0.0,,3,3,37.5,494,+2,
,"2026. 5. 3",新潟,1新2,未勝利,未勝利・牝,8,16,オモイヲノセテ,牝,3,横山琉人, 55 ,16,5,１, 内,芝2000,稍,,(栗),高橋義忠,2024,-0.1,12,9,9,35.5,460,+8,
,"2026. 5. 2",新潟,1新1,1勝,１勝ｸﾗｽ,4,8,レジーナローズ,牝,6,菊沢一樹, 56 ,16,3,１, 内,芝1000,稍,*,(美),鈴木慎太,0561,-0.3,,,9,33.1,450,-10,
,"2026. 5. 2",新潟,1新1,3勝,三条Ｓ･3勝,3,5,クインズショコラ,牝,4,田山旺佑, 56 ,15,1,１, ,ダ1800,重,,(栗),新谷功一,1529,-0.8,5,4,3,38.1,500,0,
,"2026. 5. 2",新潟,1新1,2勝,胎内川特･2勝,3,4,マイネルフルムーン,牡,4,斎藤新, 58 ,15,3,１, 外,芝1800,稍,,(栗),吉田直弘,1477,-0.0,,4,3,35.0,474,0,
,"2026. 5. 2",新潟,1新1,1勝,わらび賞･1勝,6,11,タガノエルー,牡,3,小崎綾也, 57 ,15,1,１, ,ダ1800,重,,(栗),宮徹,1532,-0.2,5,5,5,39.0,460,+2,
,"2026. 5. 2",新潟,1新1,1勝,１勝ｸﾗｽ,1,1,ダノンブランニュー,牡,4,松本大輝, 58 ,13,5,１, 外,芝1600,稍,,(栗),福永祐一,1356,-0.0,,12,10,35.5,498,-2,
,"2026. 5. 2",新潟,1新1,1勝,１勝ｸﾗｽ,1,1,レッドイステル,セ,4,丹内祐次, 58 ,15,1,１, ,ダ1800,重,,(栗),宮地貴稔,1552,-0.2,1,1,1,41.0,482,-4,
,"2026. 5. 2",新潟,1新1,未勝利,未勝利,4,5,プレイザリード,牡,3,丹内祐次, 57 ,14,1,１, 内,芝2200,稍,,(美),加藤士津,2170,-0.6,1,1,1,35.7,478,-8,B
,"2026. 5. 2",新潟,1新1,未勝利,未勝利,7,13,アイアムアヒーロー,牡,3,石川裕紀, 57 ,16,3,１, 内,芝1400,稍,,(美),奥平雅士,1236,-0.2,,15,14,36.2,470,-2,
,"2026. 5. 2",新潟,1新1,ｵｰﾌﾟﾝ,障害・オープ,2,2,パープルアドミラル,牡,6,金子光希, 60 ,11,11,１, ,芝2890,重,,(美),堀内岳志,3125,-0.1,10,6,4,13.3,450,-2,
,"2026. 5. 2",新潟,1新1,未勝利,未勝利・若,5,8,アンバサダネージュ,牡,3,佐藤翔馬,54▲,15,2,１, ,ダ1200,不,,(美),武藤善則,1119,-0.1,,2,2,37.9,486,-12,B
,"2026. 5. 2",新潟,1新1,未勝利,未勝利・牝,3,5,ミアルーチェ,牝,3,ゴンサル, 55 ,15,2,１, ,ダ1800,不,,(美),加藤士津,1548,-0.0,8,6,6,39.8,476,-2,B
,"2026. 5. 2",新潟,1新1,未勝利,障害未勝利,5,7,サトノエピック,牡,5,上野翔, 60 ,14,2,１, ,芝2890,重,,(美),奥村武,3127,-0.1,3,2,2,13.3,536,+4,
,2025.10.26,新潟,4新4,1勝,１勝ｸﾗｽ,6,8,オトメナシャチョウ,牝,3,丸山元気, 55 ,12,4,１, ,ダ1200,重,,(栗),森秀行,1108,-0.5,,1,1,37.0,508,+12,
,2025.10.26,新潟,4新4,OP(L),ルミエＨ(L),8,17,イコサン,牡,5,斎藤新, 53 ,17,1,１, 内,芝1000,稍,,(栗),長谷川浩,0553,-0.1,,,1,33.2,498,+4,
,2025.10.26,新潟,4新4,2勝,村上特別･2勝,5,9,マイネルオーシャン,牡,4,国分恭介, 58 ,16,6,１, 外,芝2000,稍,,(美),鹿戸雄一,2004,-0.1,,6,6,35.1,472,-2,B
,2025.10.26,新潟,4新4,1勝,柏崎特別･1勝,6,9,ジャズ,牡,4,吉田隼人, 58 ,14,4,１, 外,芝1600,稍,,(栗),辻野泰之,1348,-0.1,,4,4,34.9,482,+6,
,2025.10.26,新潟,4新4,1勝,１勝ｸﾗｽ,6,8,テーオーマルコーニ,牡,3,丹内祐次, 56 ,12,1,１, ,ダ1800,稍,,(栗),奥村豊,1523,-1.1,4,3,2,37.5,496,+8,
,2025.10.26,新潟,4新4,1勝,１勝ｸﾗｽ,8,14,ディヴァインスター,牡,3,丹内祐次, 56 ,15,1,１, 外,芝2000,稍,,(美),林徹,2015,-0.1,,3,3,34.5,484,+4,
,2025.10.26,新潟,4新4,1勝,１勝ｸﾗｽ・若,7,10,セレジェイラ,牝,3,亀田温心, 55 ,13,2,１, ,ダ1200,稍,,(栗),西村真幸,1108,-0.7,,5,3,35.6,476,-2,
,2025.10.26,新潟,4新4,新馬,新馬,4,8,オーライカモン,牡,2,亀田温心, 56 ,18,7,１, 外,芝1600,稍,,(栗),田中克典,1377,-0.5,,2,2,33.8,518,,
,2025.10.26,新潟,4新4,1勝,１勝ｸﾗｽ・牝,8,15,ラブリーリディア,牝,3,小沢大仁, 54 ,16,3,１, 外,芝1800,稍,,(栗),中内田充,1493,-0.1,,14,13,33.8,450,+6,
,2025.10.26,新潟,4新4,未勝利,未勝利*,7,7,バトゥカーダ,牡,2,柴田裕一,54△,10,1,１, ,ダ1800,稍,,(栗),安達昭夫,1539,-0.6,2,2,2,38.3,488,+4,
,2025.10.26,新潟,4新4,未勝利,未勝利*,6,8,アスミル,牡,2,松本大輝,55☆,13,2,１, 内,芝1400,良,,(栗),本田優,1232,-0.0,,6,6,36.0,484,+4,
,2025.10.26,新潟,4新4,未勝利,未勝利・牝*,5,6,ガーネットテソーロ,牝,2,西塚洸二,54☆,13,3,１, ,ダ1800,良,,(美),高木登,1560,-0.1,2,1,1,39.9,478,+4,
,2025.10.25,新潟,4新3,1勝,１勝ｸﾗｽ,5,10,ワタシマツワ,牝,3,丹内祐次, 54 ,17,7,１, 内,芝1400,良,,(美),竹内正洋,1213,-0.2,,4,4,34.9,414,-12,
,2025.10.25,新潟,4新3,3勝,魚沼Ｓ･3勝,2,3,シンハナーダ,牡,4,鮫島克駿, 58 ,18,2,１, 外,芝2000,良,,(美),国枝栄,1582,-0.3,,14,12,32.7,460,+6,
,2025.10.25,新潟,4新3,2勝,菅名岳特･2勝,2,2,アスクシュタイン,牡,3,松本大輝, 56 ,15,3,１, ,ダ1800,良,,(栗),藤原英昭,1507,-0.5,2,2,2,36.7,518,+20,
,2025.10.25,新潟,4新3,1勝,稲光特別･1勝,5,9,スペルキャスター,牝,5,小林凌大, 56 ,18,8,１, 内,芝1000,良,*,(美),蛯名利弘,0550,-0.1,,,1,32.3,478,-10,
,2025.10.25,新潟,4新3,1勝,１勝ｸﾗｽ,6,9,サンカルミア,牡,4,上里直汰,55▲,14,1,１, ,ダ1800,良,,(美),伊坂重信,1527,-0.1,7,8,5,37.3,486,+10,B
,2025.10.25,新潟,4新3,1勝,１勝ｸﾗｽ,3,3,サンライズプルート,牡,5,舟山瑠泉,55▲,14,1,１, ,ダ1200,良,,(栗),東田明士,1115,-0.4,,1,1,36.8,480,+2,
,2025.10.25,新潟,4新3,1勝,１勝ｸﾗｽ・若,7,13,コンフォルツァ,牡,3,永島まな,54◇,15,4,１, 外,芝1800,良,,(栗),松永幹夫,1466,-0.1,,7,4,33.6,498,+4,
,2025.10.25,新潟,4新3,1勝,１勝ｸﾗｽ,6,10,ショウサンジョージ,牡,3,国分優作, 56 ,14,3,１, ,ダ1800,良,,(栗),松下武士,1527,-0.4,2,2,2,37.6,490,0,
,2025.10.25,新潟,4新3,1勝,１勝ｸﾗｽ・牝,3,5,ロッカバイベイビー,牝,3,佐藤翔馬,52▲,15,2,１, ,ダ1200,良,,(美),伊藤圭三,1119,-0.3,,5,5,37.1,454,+4,B
,2025.10.25,新潟,4新3,未勝利,未勝利*,8,12,ショウナンダイン,牡,2,丸山元気, 56 ,13,1,１, 外,芝1800,良,,(美),森一誠,1487,-0.3,,10,9,33.6,476,-4,
,2025.10.25,新潟,4新3,未勝利,未勝利*,3,4,レディサン,牝,2,丹内祐次, 55 ,15,1,１, ,ダ1200,良,,(美),栗田徹,1121,-0.7,,1,1,37.6,462,+12,
,2025.10.25,新潟,4新3,未勝利,未勝利*,3,5,ラテラルパーム,牡,2,丹内祐次, 56 ,15,2,１, 内,芝1200,良,,(美),栗田徹,1101,-0.0,,3,3,35.6,458,+6,
,2025.10.19,新潟,4新2,1勝,１勝ｸﾗｽ,6,10,スノーサイレンス,牝,3,鮫島克駿, 55 ,14,1,１, ,ダ1200,稍,,(栗),小栗実,1110,-0.7,,1,1,36.0,466,+6,
,2025.10.19,新潟,4新2,OP(L),新潟牝馬(L),4,5,カネラフィーナ,牝,3,石川裕紀, 52 ,14,1,１, 内,芝2200,良,,(美),手塚貴久,2127,-0.2,4,5,4,34.6,478,+10,
,2025.10.19,新潟,4新2,2勝,飛翼特別･2勝,4,7,ベイビーキッス,牝,3,菊沢一樹, 55 ,18,5,１, 内,芝1000,良,,(美),青木孝文,0550,-0.6,,,16,32.2,454,+8,
,2025.10.19,新潟,4新2,1勝,松浜特別･1勝,1,1,ジャンビ,牝,4,菊沢一樹, 56 ,15,11,１, 外,芝2000,稍,,(美),勢司和浩,1594,-0.6,,7,7,34.3,460,-2,
,2025.10.19,新潟,4新2,1勝,１勝ｸﾗｽ,8,15,リエータメンテ,牝,4,鮫島克駿, 56 ,15,1,１, ,ダ2500,重,,(栗),佐藤悠太,2418,-1.1,3,2,1,38.8,474,-10,
,2025.10.19,新潟,4新2,1勝,１勝ｸﾗｽ,8,16,ネーブルオレンジ,牝,3,森田誠也,51▲,18,5,１, 外,芝1600,稍,,(栗),杉山佳明,1337,-0.2,,1,1,34.1,472,-4,B
,2025.10.19,新潟,4新2,1勝,１勝ｸﾗｽ・若,8,15,ケーヴァラ,牡,4,柴田裕一,55▲,15,3,１, ,ダ1800,重,,(栗),羽月友彦,1527,-0.8,2,2,1,37.9,492,+4,
,2025.10.19,新潟,4新2,新馬,新馬,3,6,ヘルモソブレード,牝,2,杉原誠人, 55 ,18,4,１, 内,芝1400,稍,*,(美),岩戸孝樹,1237,-0.3,,2,1,35.9,452,,
,2025.10.19,新潟,4新2,1勝,１勝ｸﾗｽ・牝,6,8,エスシーレベッカ,牝,3,上里直汰,52▲,13,3,１, ,ダ1200,重,,(美),加藤士津,1115,-0.4,,2,2,37.0,470,+4,B
,2025.10.19,新潟,4新2,1勝,１勝ｸﾗｽ,7,13,インフローレ,牝,3,今村聖奈,53◇,18,12,１, 内,芝1200,稍,,(栗),寺島良,1098,-0.0,,9,7,34.5,442,+2,
,2025.10.19,新潟,4新2,未勝利,未勝利*,4,7,モンサンゴールデン,牡,2,柴田裕一,53▲,15,1,１, ,ダ1200,重,,(栗),中竹和也,1111,-1.0,,2,2,36.2,470,-2,
,2025.10.19,新潟,4新2,未勝利,未勝利*,6,7,ステラスペース,牡,2,武藤雅, 56 ,12,3,１, 内,芝2000,稍,,(美),武藤善則,2016,-0.3,2,2,2,36.3,482,-8,
,2025.10.18,新潟,4新1,1勝,１勝ｸﾗｽ,7,14,シュラフ,牝,3,嶋田純次, 55 ,18,2,１, 内,芝1000,良,,(美),佐藤吉勝,0553,-0.0,,,5,32.9,442,+8,B
,2025.10.18,新潟,4新1,3勝,北陸ＳＨ･3勝,6,12,フリッカージャブ,牡,3,松山弘平, 56 ,18,1,１, 内,芝1200,良,,(栗),西園翔太,1080,-0.4,,1,1,34.1,494,+4,
,2025.10.18,新潟,4新1,2勝,妙高特別･2勝,6,10,ファムエレガンテ,牝,3,丹内祐次, 55 ,15,2,１, ,ダ1200,良,,(栗),中村直也,1112,-0.3,,4,5,36.8,482,+10,
,2025.10.18,新潟,4新1,1勝,岩船特別･1勝,2,2,レーヴドロペラ,牝,3,吉田隼人, 53 ,15,4,１, 内,芝2200,良,,(美),加藤士津,2128,-0.1,6,5,6,35.7,462,+12,
,2025.10.18,新潟,4新1,1勝,１勝ｸﾗｽ・若,1,1,ミッキーマカパ,牡,3,舟山瑠泉,54▲,15,2,１, ,ダ1200,良,,(美),田中博康,1117,-0.2,,1,1,37.9,522,+8,
,2025.10.18,新潟,4新1,1勝,１勝ｸﾗｽ,7,14,ソルトブリーズ,牡,4,横山琉人, 58 ,18,4,１, 外,芝1800,良,,(美),田中剛,1456,-0.1,,6,6,33.6,456,0,
,2025.10.18,新潟,4新1,1勝,１勝ｸﾗｽ,4,6,ゴールデンクラウド,牡,3,松山弘平, 56 ,15,1,１, ,ダ1800,良,,(栗),小林真也,1532,-0.8,3,3,3,37.9,526,+6,
,2025.10.18,新潟,4新1,新馬,新馬,4,6,ジェイエルキャリア,牡,2,丸山元気, 56 ,15,4,１, ,ダ1200,良,,(美),小西一男,1131,-0.2,,2,2,37.3,466,,
,2025.10.18,新潟,4新1,1勝,１勝ｸﾗｽ・牝,5,7,シンボリノエル,牝,4,菊沢一樹, 56 ,14,9,１, ,ダ1800,良,,(美),土田稔,1536,-0.1,13,9,8,37.9,508,-2,
,2025.10.18,新潟,4新1,未勝利,未勝利*,7,14,ガラベイヤ,牝,2,丸山元気, 55 ,18,3,１, 内,芝1200,良,,(美),加藤士津,1095,-0.1,,7,7,34.8,426,+10,
,2025.10.18,新潟,4新1,未勝利,未勝利*,1,1,ゴールデンブラッド,牡,2,松山弘平, 56 ,14,1,１, ,ダ1800,良,,(栗),杉山晴紀,1547,-0.7,1,1,1,39.0,474,+6,
,2025.10.18,新潟,4新1,未勝利,未勝利*,8,12,リアライズブラーヴ,牡,2,小沢大仁, 56 ,13,3,１, 外,芝1600,良,,(栗),杉山晴紀,1339,-0.1,,2,3,33.6,468,+10,
,"2025. 8.31",新潟,3新4,2勝,雷光特別･2勝,6,7,イコサン,牡,5,津村明秀, 58 ,12,2,１, 内,芝1000,良,,(栗),長谷川浩,0541,-0.1,,,4,32.1,494,+2,
,"2025. 8.31",新潟,3新4,Ｇ３,新潟記念G3,6,12,シランケド,牝,5,坂井瑠星, 55 ,17,2,１, 外,芝2000,良,,(栗),牧浦充徳,1580,-0.1,,11,12,32.4,514,+6,
,"2025. 8.31",新潟,3新4,2勝,両津湾特･2勝,7,8,シュラザック,牡,3,古川吉洋, 55 ,11,3,１, ,ダ1800,良,,(栗),大根田裕,1522,-0.1,3,3,3,36.5,488,+6,
,"2025. 8.31",新潟,3新4,1勝,瓢湖特別･1勝,2,2,トリプルコーク,牡,3,ルメール, 55 ,12,1,１, 内,芝2200,良,,(美),黒岩陽一,2136,-0.1,7,9,8,34.9,450,-8,
,"2025. 8.31",新潟,3新4,1勝,１勝ｸﾗｽ・牝,7,7,マカナ,牝,3,菅原明良, 53 ,9,3,１, 外,芝2000,良,,(美),伊藤大士,1571,-0.8,,7,7,33.3,464,+4,
,"2025. 8.31",新潟,3新4,未勝利,未勝利,5,8,デルマエアロール,牝,3,杉原誠人, 55 ,15,4,１, ,ダ1200,良,,(美),大和田成,1120,-0.0,,1,1,37.3,458,0,
,"2025. 8.31",新潟,3新4,新馬,新馬,6,10,マテンロウダビンチ,牡,2,川田将雅, 55 ,15,1,１, ,ダ1800,良,,(栗),中内田充,1552,-1.0,2,2,2,37.3,520,,
,"2025. 8.31",新潟,3新4,新馬,新馬,5,6,ガローファノ,牝,2,戸崎圭太, 55 ,12,1,１, 外,芝1800,良,,(美),黒岩陽一,1498,-0.1,,8,8,34.6,454,,
,"2025. 8.31",新潟,3新4,未勝利,未勝利,2,4,オリオアルセーリオ,牝,3,ルメール, 55 ,18,1,１, 内,芝2200,良,,(美),木村哲也,2133,-0.3,4,4,4,36.5,408,0,
,"2025. 8.31",新潟,3新4,未勝利,未勝利*,5,9,ホットゥトロット,牡,2,大野拓弥, 55 ,18,3,１, 内,芝1400,良,,(美),堀内岳志,1225,-0.2,,16,13,35.0,444,-2,
,"2025. 8.31",新潟,3新4,未勝利,未勝利,4,7,カフェノーチェ,牡,3,菅原明良, 57 ,15,2,１, ,ダ1800,良,,(美),古賀慎明,1560,-0.0,2,2,2,38.6,524,+8,B
,"2025. 8.31",新潟,3新4,未勝利,障害未勝利,7,11,ホウオウエクレール,牡,8,小牧加矢, 60 ,14,1,１, ,芝2850,良,,(栗),宮徹,3100,-0.2,1,1,1,13.3,522,+4,
,"2025. 8.30",新潟,3新3,1勝,１勝ｸﾗｽ,5,8,ミスエル,牡,4,菊沢一樹, 58 ,15,3,１, ,ダ1200,良,,(美),菊沢隆徳,1120,-0.1,,2,2,37.1,478,-2,
,"2025. 8.30",新潟,3新3,3勝,日本海Ｓ･3勝,2,4,ゲルチュタール,牡,3,坂井瑠星, 55 ,16,1,１, 内,芝2200,良,,(栗),杉山晴紀,2121,-0.1,3,2,1,34.8,516,-4,
,"2025. 8.30",新潟,3新3,2勝,赤倉特Ｈ･2勝,7,10,アスクセクシーモア,牡,3,岩田望来, 54 ,13,2,１, 外,芝1800,良,,(栗),福永祐一,1482,-0.0,,2,2,32.6,476,-6,
,"2025. 8.30",新潟,3新3,1勝,新発田城･1勝,8,18,ポッドロワール,牡,3,荻野極, 55 ,18,7,１, 内,芝1400,良,*,(美),畠山吉宏,1207,-0.5,,4,4,34.6,494,-2,B
,"2025. 8.30",新潟,3新3,1勝,１勝ｸﾗｽ,2,2,カゼノタカトシ,牡,3,戸崎圭太, 55 ,10,1,１, ,ダ1800,良,,(美),久保田貴,1543,-0.2,4,4,4,37.3,482,+2,
,"2025. 8.30",新潟,3新3,未勝利,未勝利,7,15,ライネリーベ,牝,3,戸崎圭太, 55 ,18,2,１, 内,芝1400,良,,(美),木村哲也,1215,-0.1,,3,3,35.6,410,0,
,"2025. 8.30",新潟,3新3,未勝利,未勝利,7,13,キョウエイグッド,牡,3,木幡巧也, 57 ,18,3,１, 外,芝1800,良,,(美),千葉直人,1475,-0.0,,7,7,34.3,434,-4,
,"2025. 8.30",新潟,3新3,新馬,新馬,6,11,ミツカネベネラ,牝,2,津村明秀, 55 ,18,4,１, 内,芝1400,良,,(美),鈴木伸尋,1231,-0.0,,4,4,35.4,444,,
,"2025. 8.30",新潟,3新3,未勝利,未勝利,8,15,ライヴスプーン,牝,3,小林凌大, 55 ,15,7,１, ,ダ1800,良,,(美),尾形和幸,1537,-0.5,1,1,1,38.3,408,-8,
,"2025. 8.30",新潟,3新3,未勝利,未勝利*,8,11,ドナルンバ,牝,2,荻野極, 55 ,11,4,１, 外,芝1800,良,,(美),上原佑紀,1478,-0.3,,3,3,34.7,456,+2,
,"2025. 8.30",新潟,3新3,未勝利,未勝利*,1,1,ファイアマン,牡,2,大野拓弥, 55 ,15,2,１, ,ダ1800,良,,(美),上原博之,1557,-1.3,1,1,1,38.9,474,-4,
,"2025. 8.30",新潟,3新3,ｵｰﾌﾟﾝ,障害・オープ,7,10,スズカハービン,牡,5,難波剛健, 60 ,13,4,１, ,芝3250,良,,(栗),高橋義忠,3353,-0.3,2,1,1,13.2,470,+10,
,"2025. 8.24",新潟,3新2,1勝,１勝ｸﾗｽ,3,4,リクエイ,牝,3,今村聖奈,52◇,15,4,１, ,ダ1200,良,,(美),竹内正洋,1117,-0.2,,2,2,36.9,410,-6,
,"2025. 8.24",新潟,3新2,Ｇ３,新潟２歳G3,8,9,リアライズシリウス,牡,2,津村明秀, 55 ,10,1,１, 外,芝1600,良,,(美),手塚貴久,1334,-0.7,,2,2,33.4,518,+6,
,"2025. 8.24",新潟,3新2,OP(L),朱鷺Ｓ(L),8,12,グレイイングリーン,牡,7,荻野極, 57 ,13,5,１, 内,芝1400,良,,(栗),池江泰寿,1205,-0.1,,8,7,34.9,498,+4,
,"2025. 8.24",新潟,3新2,3勝,長岡ＳＨ･3勝,8,18,ファーヴェント,牡,4,荻野極, 56 ,18,1,１, 外,芝1600,良,,(栗),藤原英昭,1325,-0.0,,6,6,33.0,510,+4,
,"2025. 8.24",新潟,3新2,1勝,１勝ｸﾗｽ・牝,6,6,ロフティストーリー,牝,3,木幡巧也, 53 ,10,1,１, ,ダ1800,良,,(美),久保田貴,1525,-0.4,7,7,7,37.0,504,+2,
,"2025. 8.24",新潟,3新2,1勝,１勝ｸﾗｽ,7,14,ラトルシェ,牝,3,菅原明良, 54 ,18,1,１, 内,芝1000,良,,(美),菊川正達,0549,-0.2,,,12,32.2,466,-2,
,"2025. 8.24",新潟,3新2,新馬,新馬・牝,3,4,ルージュダリア,牝,2,荻野極, 55 ,14,4,１, 外,芝1600,良,,(美),林徹,1349,-0.8,,1,1,34.1,440,,
,"2025. 8.24",新潟,3新2,新馬,新馬,6,10,コスモエルヴァル,牡,2,原優介, 55 ,14,11,１, 内,芝2000,良,,(美),黒岩陽一,2039,-0.1,7,7,6,35.8,480,,
,"2025. 8.24",新潟,3新2,未勝利,未勝利,5,9,マオノクラッシュ,牝,3,原優介, 55 ,15,3,１, ,ダ1200,良,,(美),黒岩陽一,1113,-0.6,,2,2,36.6,488,-2,
,"2025. 8.24",新潟,3新2,未勝利,未勝利,5,10,マイネルアレス,牡,3,石川裕紀, 57 ,17,1,１, 内,芝2000,良,,(美),相沢郁,2012,-0.4,3,2,3,35.0,448,+2,
,"2025. 8.24",新潟,3新2,未勝利,未勝利,2,2,メイショウコウベ,牡,3,大野拓弥, 57 ,15,3,１, ,ダ1800,良,,(美),和田勇介,1542,-0.1,3,3,3,38.3,470,0,B
,"2025. 8.24",新潟,3新2,未勝利,未勝利*,1,1,ガリレア,牡,2,杉原誠人, 55 ,7,3,１, 外,芝1600,良,,(美),清水英克,1374,-0.0,,1,1,33.3,440,+6,
,"2025. 8.23",新潟,3新1,1勝,１勝ｸﾗｽ,7,10,ブルーベリーフィズ,牝,3,内田博幸, 53 ,12,3,１, 外,芝1600,良,,(美),木村哲也,1330,-0.0,,3,4,33.4,482,0,
,"2025. 8.23",新潟,3新1,1勝,１勝ｸﾗｽ,8,11,ギフテッド,牝,3,今村聖奈,51◇,12,2,１, 外,芝1600,良,,(美),武井亮,1330,-0.0,,5,5,33.2,454,+4,
,"2025. 8.23",新潟,3新1,OP(L),ＢＳＮ賞(L),1,1,ジャスパーロブスト,セ,4,丸山元気, 57 ,12,1,１, ,ダ1800,良,,(栗),森秀行,1513,-0.1,1,1,1,37.8,500,0,
,"2025. 8.23",新潟,3新1,2勝,飯豊特別･2勝,6,11,ラテラルシンキング,牡,5,石川裕紀, 58 ,17,11,１, 内,芝1400,良,,(美),黒岩陽一,1205,-0.1,,9,7,34.1,424,0,
,"2025. 8.23",新潟,3新1,2勝,岩室温泉･2勝,6,11,サトノガレオン,セ,5,岩田望来, 58 ,15,10,１, ,ダ1200,良,,(美),堀宣行,1103,-0.2,,6,6,36.2,524,-16,B
,"2025. 8.23",新潟,3新1,1勝,１勝ｸﾗｽ,8,11,ミライヘノカギ,牡,3,荻野極, 55 ,11,1,１, ,ダ1800,良,,(美),上原佑紀,1528,-0.3,2,2,2,38.2,520,-6,
,"2025. 8.23",新潟,3新1,1勝,１勝ｸﾗｽ,8,11,クラッシファイド,牡,4,岩田望来, 58 ,11,5,１, 外,芝1800,良,,(美),黒岩陽一,1477,-0.0,,6,6,33.4,474,-10,
,"2025. 8.23",新潟,3新1,未勝利,未勝利,5,9,ロッカバイベイビー,牝,3,佐藤翔馬,52▲,15,1,１, ,ダ1200,良,,(美),伊藤圭三,1109,-0.6,,4,4,36.4,450,-4,B
,"2025. 8.23",新潟,3新1,新馬,新馬,4,4,ローザレイア,牝,2,三浦皇成, 55 ,13,5,１, 外,芝1600,良,,(栗),西園翔太,1386,-0.0,,2,2,33.6,406,,
,"2025. 8.23",新潟,3新1,未勝利,未勝利・牝,4,8,ミエノフェアリー,牝,3,菅原明良, 55 ,16,2,１, 外,芝1800,良,,(美),古賀慎明,1461,-0.3,,12,12,33.4,400,0,
,"2025. 8.23",新潟,3新1,未勝利,未勝利,7,15,ミッキーソルジャー,牡,3,菊沢一樹, 57 ,18,4,１, 外,芝1600,良,,(美),菊沢隆徳,1347,-0.1,,11,10,32.8,508,,
,"2025. 8.23",新潟,3新1,未勝利,未勝利・牝,3,4,グランカッサ,牝,3,今村聖奈,53◇,14,10,１, ,ダ1800,良,,(美),加藤士津,1548,-0.3,1,1,1,40.0,500,+2,B
,"2025. 8.23",新潟,3新1,未勝利,未勝利*,4,4,ストロングエース,牡,2,横山琉人, 55 ,6,1,１, 内,芝2000,良,,(美),相沢郁,2048,-0.1,3,2,2,36.1,466,0,
,"2025. 8.17",新潟,2新8,未勝利,未勝利,5,9,タイキオーベロン,牡,3,石田拓郎,54▲,18,6,１, 内,芝1200,良,,(美),高木登,1098,-0.1,,6,6,35.1,454,+2,
,"2025. 8.17",新潟,2新8,1勝,１勝ｸﾗｽ,8,10,オビドス,牡,3,吉田豊, 55 ,11,1,１, 内,芝2400,良,,(美),高橋文雅,2254,-0.4,7,7,3,35.4,472,-6,
,"2025. 8.17",新潟,2新8,1勝,１勝ｸﾗｽ,8,9,マーゴットゲイン,牡,3,荻野極, 55 ,10,2,１, ,ダ1800,良,,(美),伊坂重信,1534,-0.2,5,4,4,37.2,474,0,B
,"2025. 8.17",新潟,2新8,1勝,１勝ｸﾗｽ,7,12,マーズオデッセイ,牡,3,三浦皇成, 56 ,15,3,１, ,ダ1200,良,,(美),田中勝春,1111,-0.1,,8,7,36.2,508,+2,
,"2025. 8.17",新潟,2新8,2勝,阿賀野川･2勝,5,5,アマキヒ,牡,3,戸崎圭太, 55 ,9,1,１, 内,芝2200,良,,(美),国枝栄,2143,-0.3,6,5,4,35.0,492,+12,
,"2025. 8.17",新潟,2新8,ｵｰﾌﾟﾝ,ＮＳＴ賞Ｈ,6,11,クロジシジョー,牡,6,戸崎圭太,58.5,15,1,１, ,ダ1200,良,,(栗),岡田稲男,1105,-0.2,,10,10,36.1,454,+2,
,"2025. 8.17",新潟,2新8,3勝,稲妻Ｓ･3勝,7,9,エコロレジーナ,牝,5,菊沢一樹, 56 ,11,1,１, 内,芝1000,良,,(美),菊沢隆徳,0553,-0.3,,,4,32.9,500,0,
,"2025. 8.17",新潟,2新8,未勝利,未勝利,4,7,ハニーローリエ,牝,3,田辺裕信, 55 ,15,1,１, ,ダ1200,良,*,(美),小手川準,1117,-0.0,,1,1,37.1,480,-4,
,"2025. 8.17",新潟,2新8,新馬,新馬,7,8,スウィフトミモザ,牝,2,津村明秀, 55 ,11,5,１, 外,芝1800,良,,(美),辻哲英,1495,-0.0,,6,5,33.4,440,,
,"2025. 8.17",新潟,2新8,未勝利,未勝利・牝*,2,2,アルバンヌ,牝,2,戸崎圭太, 55 ,11,1,１, 外,芝1600,良,,(美),田中博康,1358,-0.3,,5,4,34.4,480,+10,
,"2025. 8.17",新潟,2新8,未勝利,未勝利,6,10,アバレリュウ,牡,3,野中悠太, 57 ,15,1,１, ,ダ1800,良,,(美),鈴木慎太,1544,-0.3,10,5,4,39.1,490,0,B
,"2025. 8.17",新潟,2新8,未勝利,障害未勝利,2,2,アルデドゥオーモ,牡,4,伴啓太, 60 ,13,3,１, ,芝2850,良,,(美),矢野英一,3079,-0.1,9,5,4,13.2,492,0,
,"2025. 8.16",新潟,2新7,未勝利,未勝利,6,12,スイートオレンジ,牝,3,横山琉人, 55 ,17,7,１, 内,芝2000,良,,(美),中川公成,2009,-0.2,10,3,2,35.5,458,-2,
,"2025. 8.16",新潟,2新7,1勝,１勝ｸﾗｽ,3,6,イスラコラソン,牝,3,今村聖奈,52◇,18,5,１, 内,芝1000,良,,(美),大和田成,0550,-0.1,,,1,32.9,444,-2,
,"2025. 8.16",新潟,2新7,未勝利,未勝利,7,12,カーフキック,牡,3,武藤雅, 57 ,15,1,１, ,ダ1800,良,,(美),高橋文雅,1541,-0.3,3,2,2,39.0,450,0,
,"2025. 8.16",新潟,2新7,ＪＧ３,新潟ジャJG3,7,12,インプレス,牡,6,小牧加矢, 60 ,14,1,１, ,芝3250,良,,(栗),佐々木晶,3305,-0.2,6,2,2,13.0,530,+6,
,"2025. 8.16",新潟,2新7,2勝,瀬波温泉･2勝,5,7,ピカピカサンダー,牡,3,三浦皇成, 55 ,13,1,１, ,ダ1800,良,,(美),鹿戸雄一,1526,-0.3,1,1,1,37.1,498,+12,
,"2025. 8.16",新潟,2新7,3勝,上越Ｓ･3勝,8,15,タガノミスト,牝,4,丸山元気, 56 ,15,2,１, ,ダ1200,良,,(栗),渡辺薫彦,1109,-0.0,,3,3,36.8,488,+8,
,"2025. 8.16",新潟,2新7,1勝,中郷特別･1勝,6,7,エストゥペンダ,牝,3,戸崎圭太, 53 ,12,1,１, 外,芝1800,良,,(美),高柳瑞樹,1448,-0.5,,11,10,32.4,442,0,
,"2025. 8.16",新潟,2新7,新馬,新馬・牝,8,17,ベレーバスク,牝,2,石神深道,52▲,17,2,１, 内,芝1400,良,,(美),清水英克,1217,-0.5,,3,3,34.9,444,,
,"2025. 8.16",新潟,2新7,新馬,新馬,1,1,モンローウォーク,牝,2,戸崎圭太, 55 ,11,1,１, 外,芝1600,良,,(美),木村哲也,1355,-0.5,,1,1,33.9,430,,
,"2025. 8.16",新潟,2新7,未勝利,未勝利・牝,8,13,キタノマーシャル,牝,3,津村明秀, 55 ,14,3,１, ,ダ1800,稍,,(美),奥平雅士,1554,-0.1,6,2,2,39.2,508,+8,
,"2025. 8.16",新潟,2新7,未勝利,未勝利,8,16,ヴィジョンメーカー,牡,3,内田博幸, 57 ,18,1,１, 内,芝2400,良,*,(美),林徹,2268,-0.1,3,3,3,35.6,516,0,
,"2025. 8.16",新潟,2新7,未勝利,未勝利*,6,8,ジーネキング,牡,2,戸崎圭太, 55 ,13,1,１, 外,芝1800,良,,(美),斎藤誠,1482,-0.2,,1,1,34.4,474,-2,
,"2025. 8.10",新潟,2新6,1勝,１勝ｸﾗｽ,3,6,クレオズニードル,牝,3,大野拓弥, 53 ,18,3,１, 内,芝1400,重,,(美),和田勇介,1240,-0.0,,1,1,36.4,460,+2,
,"2025. 8.10",新潟,2新6,1勝,１勝ｸﾗｽ,5,8,ズイウンゴサイ,牡,4,丸田恭介, 58 ,14,4,１, 外,芝2000,重,,(美),武市康男,2031,-0.0,,11,11,33.5,466,+8,
,"2025. 8.10",新潟,2新6,1勝,１勝ｸﾗｽ,5,9,ブレトワルダ,牡,3,津村明秀, 55 ,15,3,１, ,ダ1800,不,,(美),新開幸一,1526,-0.2,4,3,3,37.9,504,0,
,"2025. 8.10",新潟,2新6,未勝利,未勝利,3,4,シルバードン,牡,3,石橋脩, 57 ,14,3,１, ,ダ1200,不,,(美),牧光二,1116,-0.1,,7,5,36.5,478,0,
,"2025. 8.10",新潟,2新6,2勝,驀進特別･2勝,8,18,エコロジーク,牡,3,ルメール, 56 ,18,1,１, 内,芝1000,重,,(栗),森秀行,0562,-0.0,,,8,33.5,498,,
,"2025. 8.10",新潟,2新6,Ｇ３,レパードG3,1,1,ドンインザムード,牡,3,松山弘平, 57 ,15,5,１, ,ダ1800,不,,(栗),今野貞一,1505,-0.1,3,2,2,36.8,522,+4,
,"2025. 8.10",新潟,2新6,3勝,佐渡Ｓ･3勝,2,2,オクタヴィアヌス,牡,5,ルメール, 58 ,14,1,１, 外,芝1800,重,,(美),木村哲也,1487,-0.0,,4,3,33.7,522,+8,
,"2025. 8.10",新潟,2新6,未勝利,未勝利,6,11,マイネルアズーロ,牡,3,津村明秀, 57 ,18,1,１, 外,芝1800,稍,*,(美),鹿戸雄一,1478,-0.5,,6,6,34.0,462,+4,
,"2025. 8.10",新潟,2新6,未勝利,未勝利・牝,8,14,マインドミー,牝,3,柴田大知, 55 ,14,3,１, ,ダ1800,稍,*,(美),高橋文雅,1552,-0.0,6,7,7,38.3,452,+2,
,"2025. 8.10",新潟,2新6,新馬,新馬,3,5,マイネルミストラル,牡,2,石川裕紀, 55 ,15,3,１, ,ダ1200,稍,,(美),萱野浩二,1128,-0.0,,5,4,37.3,506,,
,"2025. 8.10",新潟,2新6,新馬,新馬,3,3,オルネーロ,牡,2,ルメール, 55 ,12,1,１, 外,芝1800,稍,,(美),宮田敬介,1488,-0.3,,1,1,33.4,490,,
,"2025. 8.10",新潟,2新6,未勝利,未勝利*,3,5,タイセイフレッサ,牝,2,斎藤新, 55 ,18,2,１, 内,芝1400,稍,,(美),斎藤誠,1221,-0.2,,6,5,35.0,462,-2,
,"2025. 8. 9",新潟,2新5,未勝利,未勝利・牝,1,2,サウンドリアン,牝,3,菅原明良, 55 ,18,6,１, 内,芝1400,良,,(美),和田正一,1213,-0.1,,11,12,34.8,430,+6,B
,"2025. 8. 9",新潟,2新5,未勝利,未勝利,1,1,フラッシュポイント,牝,3,戸崎圭太, 55 ,18,4,１, 内,芝1000,良,,(美),西田雄一,0547,-0.1,,,1,32.5,504,+8,
,"2025. 8. 9",新潟,2新5,2勝,２勝ｸﾗｽ,7,12,ドラゴンウェルズ,牡,3,戸崎圭太, 56 ,15,1,１, ,ダ1200,良,,(栗),藤原英昭,1104,-0.7,,1,1,36.1,474,+2,
,"2025. 8. 9",新潟,2新5,1勝,１勝ｸﾗｽ・牝,4,6,コンアフェット,牝,3,横山琉人, 53 ,14,2,１, ,ダ1800,良,,(美),斎藤誠,1531,-0.1,8,7,5,38.0,484,+8,
,"2025. 8. 9",新潟,2新5,ｵｰﾌﾟﾝ,ダリア賞,8,9,ハッピーエンジェル,牝,2,三浦皇成, 55 ,9,3,１, 内,芝1400,良,,(美),武市康男,1215,-0.3,,1,1,34.2,424,+6,
,"2025. 8. 9",新潟,2新5,ｵｰﾌﾟﾝ,関越ＳＨ,6,8,ウンブライル,牝,5,戸崎圭太, 54 ,13,2,１, 外,芝1800,良,,(美),木村哲也,1462,-0.1,,6,6,32.3,480,-2,B
,"2025. 8. 9",新潟,2新5,2勝,三面川特･2勝,6,12,エバーハピネス,牝,5,木幡巧也, 56 ,16,7,１, 外,芝1800,良,,(美),久保田貴,1446,-0.1,,7,7,33.7,478,-4,
,"2025. 8. 9",新潟,2新5,1勝,１勝ｸﾗｽ,7,12,サンダーアリュール,牝,4,今村聖奈,54◇,15,4,１, ,ダ1200,良,,(美),菊川正達,1121,-0.0,,2,2,38.2,458,+6,
,"2025. 8. 9",新潟,2新5,未勝利,未勝利,3,5,ソナタン,牡,3,戸崎圭太, 57 ,15,1,１, ,ダ1800,良,,(美),和田勇介,1535,-0.7,1,1,1,38.1,452,-4,
,"2025. 8. 9",新潟,2新5,新馬,新馬,8,17,ベルフラム,牝,2,田口貫太, 55 ,17,8,１, 内,芝1200,良,,(栗),高橋一哉,1098,-0.4,,6,6,34.6,412,,
,"2025. 8. 9",新潟,2新5,未勝利,未勝利*,7,7,ロードフィレール,牡,2,戸崎圭太, 55 ,10,1,１, 内,芝2000,良,,(栗),吉岡辰弥,2016,-0.7,3,4,4,35.9,518,+2,
,"2025. 8. 9",新潟,2新5,未勝利,未勝利*,1,1,サトノボヤージュ,牡,2,戸崎圭太, 55 ,15,1,１, ,ダ1200,良,,(美),田中博康,1108,-2.0,,1,1,36.6,464,+2,B
,"2025. 8. 3",新潟,2新4,1勝,１勝ｸﾗｽ,4,4,ビービーエフォート,牝,3,遠藤汰月,51▲,12,1,１, 内,芝1200,良,,(美),高柳瑞樹,1090,-0.2,,6,6,34.0,412,-8,
,"2025. 8. 3",新潟,2新4,未勝利,未勝利,2,2,マカナ,牝,3,菅原明良, 55 ,14,3,１, 内,芝2000,良,,(美),伊藤大士,2007,-0.0,6,11,13,34.6,460,-6,
,"2025. 8. 3",新潟,2新4,1勝,１勝ｸﾗｽ・牝,1,1,サマースイートピー,牝,3,内田博幸, 54 ,15,4,１, ,ダ1200,良,,(美),千葉直人,1121,-0.0,,6,6,36.7,482,+2,
,"2025. 8. 3",新潟,2新4,未勝利,未勝利,5,9,ホークライト,セ,3,ルメール, 57 ,15,1,１, ,ダ1800,良,,(美),中舘英二,1540,-0.1,5,5,5,38.0,480,+2,B
,"2025. 8. 3",新潟,2新4,1勝,燕特別･1勝,3,3,パッションリッチ,牡,3,菅原明良, 55 ,11,2,１, 内,芝2200,良,,(美),久保田貴,2123,-0.0,4,5,5,34.5,494,+18,
,"2025. 8. 3",新潟,2新4,Ｇ３,アイビスG3,3,6,ピューロマジック,牝,4,ルメール, 55 ,18,2,１, 内,芝1000,良,,(栗),安田翔伍,0537,-0.1,,,11,31.3,446,,
,"2025. 8. 3",新潟,2新4,2勝,月岡温泉･2勝,1,1,サダムオプシス,牡,4,藤懸貴志, 58 ,5,2,１, 外,芝2000,良,,(栗),平田修,2011,-0.0,,2,3,32.8,478,+8,
,"2025. 8. 3",新潟,2新4,未勝利,未勝利,4,7,ウインレアリゼ,牝,3,石神深道,52▲,15,2,１, ,ダ1200,良,,(美),小手川準,1132,-0.0,,7,7,37.8,464,-8,
,"2025. 8. 3",新潟,2新4,新馬,新馬,6,8,プロメサアルムンド,牡,2,ルメール, 55 ,13,1,１, 外,芝1600,良,*,(美),国枝栄,1349,-0.0,,8,9,33.2,498,,
,"2025. 8. 3",新潟,2新4,未勝利,未勝利*,4,4,ニシノエースサマ,牡,2,津村明秀, 55 ,6,2,１, 外,芝1600,良,,(美),鹿戸雄一,1346,-0.9,,1,1,34.2,480,-6,
,"2025. 8. 3",新潟,2新4,新馬,新馬,4,7,チャチャコマニ,牝,2,戸崎圭太, 55 ,15,3,１, ,ダ1800,良,,(栗),佐藤悠太,1567,-0.1,4,3,3,38.5,500,,
,"2025. 8. 3",新潟,2新4,未勝利,障害未勝利,1,1,ルドヴィクス,牡,7,上野翔, 60 ,14,3,１, ,芝2850,良,,(美),久保田貴,3056,-1.9,2,2,1,13.0,516,+2,
,"2025. 8. 2",新潟,2新3,未勝利,未勝利・牝,6,8,オプレントジュエル,牝,3,三浦皇成, 55 ,12,2,１, 内,芝2000,良,,(美),田村康仁,1596,-0.1,3,3,2,34.7,514,0,B
,"2025. 8. 2",新潟,2新3,未勝利,未勝利,8,16,アンダーザライト,牡,3,丸山元気, 57 ,17,5,１, 外,芝1600,良,,(美),宮田敬介,1327,-0.3,,8,8,33.9,532,+6,
,"2025. 8. 2",新潟,2新3,1勝,１勝ｸﾗｽ,5,6,ファリーザ,牝,3,津村明秀, 53 ,13,1,１, ,ダ1800,良,,(美),千葉直人,1526,-0.5,4,4,3,37.5,430,-2,
,"2025. 8. 2",新潟,2新3,ｵｰﾌﾟﾝ,障害・オープ,7,7,プラチナドリーム,牡,6,石神深一, 60 ,9,8,１, ,芝2850,良,,(美),菊川正達,3031,-0.2,6,5,5,12.8,488,+4,B
,"2025. 8. 2",新潟,2新3,2勝,苗場特別･2勝,4,4,ピクシレーション,牝,5,菊沢一樹, 56 ,12,2,１, ,ダ1800,良,,(美),菊沢隆徳,1526,-0.5,3,3,4,37.8,486,+2,B
,"2025. 8. 2",新潟,2新3,3勝,柳都ＳＨ･3勝,7,13,タクシンイメル,牝,4,高倉稜, 53 ,15,6,１, ,ダ1800,良,,(栗),武英智,1515,-0.3,1,1,1,37.5,486,+2,
,"2025. 8. 2",新潟,2新3,1勝,五頭連峰･1勝,3,5,アンパドゥ,牡,4,ルメール, 58 ,15,1,１, 外,芝1600,良,,(美),木村哲也,1324,-0.0,,5,5,32.4,502,+22,
,"2025. 8. 2",新潟,2新3,未勝利,未勝利・牝,2,2,ガールネクストドア,牝,3,杉原誠人, 55 ,15,9,１, ,ダ1200,良,,(美),南田美知,1124,-0.1,,4,4,37.3,442,-6,
,"2025. 8. 2",新潟,2新3,新馬,新馬,4,5,アートバーゼル,牝,2,戸崎圭太, 55 ,13,3,１, 外,芝1800,良,,(美),宮田敬介,1478,-0.3,,4,4,33.0,458,,
,"2025. 8. 2",新潟,2新3,未勝利,未勝利*,4,4,プリティーミズホ,牝,2,三浦皇成, 55 ,12,5,１, 内,芝1000,良,,(美),菊川正達,0552,-0.6,,,1,32.8,458,-6,
,"2025. 8. 2",新潟,2新3,未勝利,未勝利,6,11,レッドシュトラール,牡,3,丸山元気, 57 ,15,4,１, ,ダ1800,良,,(美),宮田敬介,1552,-0.3,5,4,5,38.6,484,+4,B
,"2025. 8. 2",新潟,2新3,未勝利,障害未勝利,8,14,ロードプレイヤー,牡,5,坂口智康,57▲,14,2,１, ,芝2850,良,,(美),尾形和幸,3028,-0.8,3,2,2,12.8,454,-2,
,"2025. 7.27",新潟,2新2,1勝,１勝ｸﾗｽ・牝,6,12,ガーネットウインク,牝,3,石田拓郎,50▲,16,3,１, 内,芝1400,良,,(美),小西一男,1205,-0.2,,13,13,33.9,480,+6,
,"2025. 7.27",新潟,2新2,未勝利,未勝利,2,3,イスラコラソン,牝,3,今村聖奈,53◇,16,10,１, 内,芝1000,良,,(美),大和田成,0550,-0.1,,,6,32.3,446,0,
,"2025. 7.27",新潟,2新2,未勝利,未勝利,8,14,ディアボリカドンナ,牝,3,ルメール, 55 ,14,1,１, 内,芝2200,良,,(美),武井亮,2127,-0.0,2,2,2,34.9,446,0,
,"2025. 7.27",新潟,2新2,1勝,１勝ｸﾗｽ,2,2,アールプロスト,牡,3,菅原明良, 55 ,13,1,１, ,ダ1800,良,,(美),伊藤大士,1545,-0.0,10,9,9,36.9,524,+10,
,"2025. 7.27",新潟,2新2,2勝,出雲崎特･2勝,5,9,ノットファウンド,牝,5,ルメール, 56 ,15,1,１, ,ダ1200,良,,(美),国枝栄,1115,-0.0,,12,12,36.6,508,+4,
,"2025. 7.27",新潟,2新2,Ｇ３,関屋記念ＨG3,7,14,カナテープ,牝,6,キング, 54 ,18,1,１, 外,芝1600,良,,(美),堀宣行,1310,-0.0,,15,14,32.5,482,-2,
,"2025. 7.27",新潟,2新2,2勝,豊栄特Ｈ･2勝,5,5,コートアリシアン,牝,3,菅原明良, 54 ,11,2,１, 外,芝1600,良,,(美),伊藤大士,1318,-0.3,,3,3,32.9,436,+4,
,"2025. 7.27",新潟,2新2,未勝利,未勝利,8,14,トラストパイロ,牡,3,三浦皇成, 57 ,15,1,１, ,ダ1200,良,,(美),田村康仁,1116,-0.7,,3,3,36.5,494,+6,
,"2025. 7.27",新潟,2新2,未勝利,未勝利,2,3,ディースプレマシー,牡,3,木幡巧也, 57 ,15,4,１, ,ダ1800,良,,(美),牧光二,1538,-0.1,8,6,6,38.5,450,+10,
,"2025. 7.27",新潟,2新2,新馬,新馬,7,7,フィロステファニ,牝,2,キング, 55 ,9,2,１, 外,芝1600,良,,(栗),中内田充,1371,-0.0,,5,7,32.6,448,,
,"2025. 7.27",新潟,2新2,未勝利,未勝利*,5,5,ゾロアストロ,牡,2,ルメール, 55 ,6,1,１, 外,芝1800,良,,(美),宮田敬介,1474,-0.4,,2,2,32.9,466,-2,
,"2025. 7.27",新潟,2新2,未勝利,未勝利・牝*,2,2,ディアダイヤモンド,牝,2,ルメール, 55 ,7,1,１, 外,芝1600,良,,(美),手塚貴久,1359,-1.2,,1,1,32.9,468,+6,
,"2025. 7.26",新潟,2新1,未勝利,未勝利,2,4,ポッドロルフ,牡,3,荻野極, 57 ,17,8,１, 内,芝1400,良,,(美),小野次郎,1208,-0.2,,7,7,34.8,456,-2,
,"2025. 7.26",新潟,2新1,1勝,１勝ｸﾗｽ,3,3,ドリームクルーズ,牝,4,吉田豊, 56 ,14,5,１, 外,芝1800,良,,(美),戸田博文,1460,-0.3,,1,1,33.5,486,-2,
,"2025. 7.26",新潟,2新1,1勝,１勝ｸﾗｽ,4,6,ドナレア,牝,4,荻野極, 56 ,14,10,１, ,ダ1200,良,,(美),高木登,1116,-0.3,,1,1,37.2,442,+6,
,"2025. 7.26",新潟,2新1,未勝利,未勝利,2,2,ヒルビリーエレジー,牝,3,吉田豊, 55 ,14,11,１, ,ダ1200,良,,(美),戸田博文,1123,-0.1,,4,4,37.2,440,+2,
,"2025. 7.26",新潟,2新1,1勝,閃光特別･1勝,6,9,ハッピーデービー,牝,4,横山琉人, 56 ,14,5,１, 内,芝1000,良,,(美),鈴木伸尋,0547,-0.2,,,1,32.5,456,0,
,"2025. 7.26",新潟,2新1,3勝,新潟日報･3勝,6,6,ワールズエンド,牡,4,戸崎圭太, 58 ,10,1,１, 内,芝1400,良,,(栗),池添学,1191,-0.6,,1,1,33.2,468,+2,
,"2025. 7.26",新潟,2新1,2勝,麒麟山特･2勝,8,15,クラウンシエンタ,牡,4,三浦皇成, 58 ,15,1,１, ,ダ1800,良,,(美),水野貴広,1524,-0.4,2,2,1,37.2,494,+2,
,"2025. 7.26",新潟,2新1,未勝利,未勝利,5,9,ボウウィンドウ,牝,3,ルメール, 55 ,18,1,１, 外,芝1800,良,,(美),武井亮,1460,-0.2,,8,8,33.1,466,0,
,"2025. 7.26",新潟,2新1,未勝利,未勝利・牝,1,1,フォンデネージュ,牝,3,ルメール, 55 ,15,1,１, ,ダ1800,良,,(美),武井亮,1538,-0.1,3,3,2,38.6,516,0,
,"2025. 7.26",新潟,2新1,新馬,新馬,3,6,エコロアルバ,牡,2,キング, 55 ,18,1,１, 内,芝1400,良,,(美),田村康仁,1213,-0.4,,9,9,34.0,464,,
,"2025. 7.26",新潟,2新1,新馬,新馬・牝,3,3,ヒルデグリム,牝,2,石神深道,52▲,12,9,１, 外,芝1600,良,,(美),小野次郎,1346,-0.4,,7,7,33.1,450,,
,"2025. 7.26",新潟,2新1,未勝利,未勝利*,4,4,セイウンアインス,牝,2,今村聖奈,53◇,8,1,１, ,ダ1200,良,,(美),武藤善則,1124,-0.2,,3,3,37.6,442,-4,
,"2025. 5.25",新潟,1新8,1勝,１勝ｸﾗｽ,7,12,バルダンツァ,牡,4,永島まな,56◇,15,3,１, ,ダ1800,稍,,(美),天間昭一,1530,-0.3,8,8,8,37.7,468,+10,
,"2025. 5.25",新潟,1新8,ｵｰﾌﾟﾝ,韋駄天ＳＨ,8,15,テイエムスパーダ,牝,6,斎藤新, 56 ,16,2,１, 内,芝1000,稍,,(栗),小椋研介,0555,-0.5,,,1,33.0,496,+2,
,"2025. 5.25",新潟,1新8,2勝,火打山特･2勝,3,4,サフランヒーロー,牡,4,荻野極, 58 ,15,1,１, ,ダ1200,稍,,(美),森一誠,1105,-0.5,,2,2,36.4,452,-2,
,"2025. 5.25",新潟,1新8,1勝,二王子特･1勝,5,9,ルトゥール,牝,4,佐々木大, 56 ,16,1,１, 外,芝1800,稍,,(栗),中内田充,1500,-0.0,,7,6,35.0,486,+6,
,"2025. 5.25",新潟,1新8,1勝,１勝ｸﾗｽ,6,12,ソレントフレイバー,牡,6,亀田温心, 58 ,16,2,１, 内,芝1200,稍,,(美),久保田貴,1115,-0.0,,14,13,35.2,480,-4,
,"2025. 5.25",新潟,1新8,1勝,１勝ｸﾗｽ・牝,4,6,ホワイトターフ,牝,6,上里直汰,53▲,15,13,１, ,ダ1200,稍,,(美),清水英克,1117,-0.6,,2,1,36.9,468,+2,
,"2025. 5.25",新潟,1新8,未勝利,未勝利,7,14,トラストモアリズム,牝,3,今村聖奈,53◇,16,15,１, 内,芝2200,稍,,(美),高橋文雅,2190,-0.3,15,16,13,36.5,416,-4,
,"2025. 5.25",新潟,1新8,未勝利,未勝利・牝,8,16,ストラニエーロ,牝,3,荻野極, 55 ,16,10,１, 内,芝2000,稍,,(美),尾関知人,2069,-0.2,1,1,1,36.5,452,+8,
,"2025. 5.25",新潟,1新8,未勝利,障害未勝利,6,9,トゥラッタッタ,牡,4,石神深一, 59 ,14,2,１, ,芝2890,稍,,(美),新開幸一,3145,-0.4,6,4,2,13.5,466,+4,
,"2025. 5.25",新潟,1新8,未勝利,未勝利・若,6,10,ゴットランド,牡,3,横山琉人,56☆,15,2,１, ,ダ1800,稍,,(美),斎藤誠,1564,-0.7,2,2,2,38.1,498,-4,B
,"2025. 5.25",新潟,1新8,未勝利,未勝利・牝,5,8,ジュエルハウス,牝,3,菊沢一樹, 55 ,15,1,１, ,ダ1200,稍,,(栗),西園翔太,1125,-0.1,,3,3,38.4,452,-6,
,"2025. 5.25",新潟,1新8,未勝利,未勝利,8,16,ティピティーナ,牝,3,横山琉人,54☆,16,1,１, 内,芝1200,稍,,(美),林徹,1106,-0.4,,1,1,35.8,430,+12,
,"2025. 5.24",新潟,1新7,1勝,１勝ｸﾗｽ,7,13,ジーベック,牡,4,古川奈穂,55▲,15,4,１, ,ダ1200,良,,(栗),矢作芳人,1117,-0.1,,5,5,36.0,452,-2,B
,"2025. 5.24",新潟,1新7,2勝,大日岳特･2勝,6,12,セシリエプラージュ,牝,4,丹内祐次, 56 ,16,1,１, 内,芝1200,良,,(栗),中村直也,1098,-0.1,,7,7,33.8,426,+4,
,"2025. 5.24",新潟,1新7,1勝,石打特別･1勝,8,15,アレナリア,牝,6,国分恭介, 56 ,16,6,１, 外,芝2000,良,,(栗),西園翔太,2009,-0.1,,4,5,34.1,432,0,B
,"2025. 5.24",新潟,1新7,1勝,はやぶさ･1勝,4,6,ゼンダンタカ,牝,3,角田大和, 55 ,15,6,１, 内,芝1000,良,,(栗),角田晃一,0553,-0.0,,,1,32.6,434,+6,
,"2025. 5.24",新潟,1新7,1勝,はやぶさ･1勝,6,11,ヴェナートル,牡,3,武藤雅, 57 ,15,5,１, 内,芝1000,良,,(美),武藤善則,0553,-0.0,,,4,32.3,484,0,
,"2025. 5.24",新潟,1新7,1勝,１勝ｸﾗｽ・若,5,9,ゴヴェルナーレリコ,牝,4,小林美駒,52★,15,3,１, ,ダ1800,良,,(美),辻哲英,1533,-0.1,2,1,1,39.0,444,+4,
,"2025. 5.24",新潟,1新7,未勝利,未勝利,5,10,クリールスル,牝,3,菊沢一樹, 55 ,16,8,１, 内,芝1400,良,,(美),矢野英一,1230,-0.0,,6,5,35.7,456,-4,
,"2025. 5.24",新潟,1新7,未勝利,未勝利,8,15,アリステア,牡,3,斎藤新, 57 ,15,2,１, ,ダ1800,良,,(美),斎藤誠,1547,-0.0,4,2,2,39.4,486,-4,
,"2025. 5.24",新潟,1新7,未勝利,未勝利,3,6,ウィズマスタング,牡,3,斎藤新, 57 ,16,3,１, 外,芝1800,良,,(栗),西園翔太,1490,-0.1,,3,3,34.5,448,+6,
,"2025. 5.24",新潟,1新7,未勝利,障害未勝利,3,3,サクセスバラード,牡,5,上野翔, 60 ,13,1,１, ,芝2890,良,,(美),竹内正洋,3125,-0.7,3,1,1,13.3,470,0,
,"2025. 5.24",新潟,1新7,未勝利,未勝利,7,12,ゼットエール,牡,3,松本大輝,56☆,15,1,１, ,ダ1200,良,,(栗),吉田直弘,1112,-0.9,,1,1,36.6,502,-2,
,"2025. 5.24",新潟,1新7,未勝利,未勝利・牝,8,14,トゥーザムーン,牝,3,横山琉人,54☆,15,3,１, ,ダ1800,良,,(美),辻哲英,1548,-0.8,6,7,7,38.0,484,-10,
,"2025. 5.24",新潟,1新7,ｵｰﾌﾟﾝ,障害・オープ,1,1,ヒートオンビート,セ,8,石神深一, 60 ,14,1,１, ,芝3290,良,,(美),青木孝文,3408,-0.3,8,4,4,13.4,476,-2,
,"2025. 5.18",新潟,1新6,1勝,１勝ｸﾗｽ,6,10,バンブトンプロ,牡,5,柴田大知, 58 ,15,14,１, ,ダ1200,良,,(美),粕谷昌央,1119,-0.3,,7,7,37.0,490,0,
,"2025. 5.18",新潟,1新6,3勝,弥彦Ｓ･3勝,5,9,ナムラエイハブ,牡,4,吉田隼人, 58 ,16,2,１, 外,芝1800,良,,(栗),長谷川浩,1475,-0.1,,2,2,35.0,508,-6,
,"2025. 5.18",新潟,1新6,2勝,信濃川特･2勝,1,1,ドラゴンヘッド,牡,5,横山琉人, 58 ,10,8,１, 外,芝2000,良,,(美),武藤善則,2014,-0.1,,9,8,34.0,448,0,
,"2025. 5.18",新潟,1新6,1勝,飛竜特別･1勝,5,10,ブルボンクイーン,牝,4,佐々木大, 56 ,16,1,１, 内,芝1000,良,,(栗),角田晃一,0566,-0.0,,,3,33.7,476,-4,B
,"2025. 5.18",新潟,1新6,1勝,１勝ｸﾗｽ,6,10,エイブラムス,牡,4,今村聖奈,56◇,14,6,１, ,ダ1800,良,,(美),鈴木慎太,1532,-0.3,2,1,1,39.1,472,+2,
,"2025. 5.18",新潟,1新6,1勝,１勝ｸﾗｽ・若,6,9,ディーガレジェンド,牡,4,西塚洸二,57☆,13,1,１, 外,芝1800,良,,(栗),藤原英昭,1489,-0.0,,2,2,35.1,460,-4,B
,"2025. 5.18",新潟,1新6,未勝利,未勝利,4,5,キタノブレイク,牡,3,丹内祐次, 57 ,14,5,１, ,ダ1800,良,,(美),本間忍,1550,-0.2,6,3,3,40.3,470,+8,
,"2025. 5.18",新潟,1新6,未勝利,障害未勝利,5,5,スコラーリ,牡,6,伴啓太, 60 ,12,6,１, ,芝2890,稍,,(美),萩原清,3104,-1.9,1,1,1,13.2,484,+6,
,"2025. 5.18",新潟,1新6,未勝利,障害未勝利,8,12,フレッチア,牡,10,草野太郎, 60 ,13,1,１, ,芝2890,稍,,(美),木村哲也,3129,-0.7,1,1,1,13.3,494,-2,
,"2025. 5.18",新潟,1新6,未勝利,未勝利,4,5,レヴァンテシチー,牡,3,田山旺佑,54▲,13,2,１, ,ダ1800,稍,,(栗),佐々木晶,1559,-0.7,5,3,2,39.5,482,+4,
,"2025. 5.18",新潟,1新6,未勝利,未勝利・牝,4,6,ミニョンマルーン,牝,3,長浜鴻緒,53△,15,1,１, ,ダ1200,稍,,(美),伊藤圭三,1120,-0.6,,1,1,37.7,470,+6,
,"2025. 5.18",新潟,1新6,未勝利,未勝利,3,6,ムーンアイドル,牝,3,荻野極, 55 ,16,9,１, 内,芝1200,稍,,(美),高柳瑞樹,1103,-0.0,,2,2,35.9,460,-4,
,"2025. 5.17",新潟,1新5,1勝,１勝ｸﾗｽ,2,3,サドル,牡,6,和田陽希,55▲,15,9,１, ,ダ1200,稍,,(栗),庄野靖志,1120,-0.0,,2,2,37.3,496,-4,
,"2025. 5.17",新潟,1新5,Ｇ３,新潟大賞ＨG3,4,8,シリウスコルト,牡,4,古川吉洋, 57 ,16,8,１, 外,芝2000,稍,,(美),田中勝春,2005,-0.3,,1,1,34.6,488,-6,
,"2025. 5.17",新潟,1新5,2勝,中ノ岳特･2勝,6,7,カゼノランナー,牡,4,北村友一, 58 ,11,1,１, ,ダ1800,稍,,(栗),松永幹夫,1526,-0.7,2,2,2,37.3,526,-2,
,"2025. 5.17",新潟,1新5,1勝,尖閣湾特･1勝,5,5,アンテロース,牡,5,吉田隼人, 58 ,9,5,１, 外,芝2000,稍,,(栗),岡田稲男,2032,-0.0,,1,1,35.0,452,-8,
,"2025. 5.17",新潟,1新5,1勝,１勝ｸﾗｽ,7,13,キタサンダムール,牝,5,岩田望来, 56 ,16,3,１, 内,芝1400,稍,,(栗),清水久詞,1232,-0.3,,3,3,35.3,474,-14,
,"2025. 5.17",新潟,1新5,1勝,１勝ｸﾗｽ・牝,2,2,ベルイストワール,牝,4,丹内祐次, 56 ,10,1,１, ,ダ1800,稍,,(美),宮田敬介,1541,-0.2,8,1,1,37.7,544,+2,
,"2025. 5.17",新潟,1新5,未勝利,未勝利,7,14,ハッピーダンシング,牝,3,石神深道,52▲,16,4,１, 内,芝1000,稍,,(美),和田正一,0563,-0.5,,,1,33.2,430,+2,
,"2025. 5.17",新潟,1新5,未勝利,未勝利,6,12,サンカシグレ,牡,3,丹内祐次, 57 ,16,1,１, 内,芝2000,稍,,(美),粕谷昌央,2052,-0.3,10,4,3,36.2,448,-4,
,"2025. 5.17",新潟,1新5,未勝利,未勝利,8,11,ハミルトン,牡,3,北村友一, 57 ,12,1,１, ,ダ1800,稍,,(栗),高野友和,1544,-0.6,1,1,1,38.0,502,-2,B
,"2025. 5.17",新潟,1新5,未勝利,未勝利,4,7,シャンクス,牡,3,黛弘人, 57 ,16,8,１, 外,芝1800,稍,,(美),森一誠,1487,-0.2,,14,13,34.2,482,,
,"2025. 5.17",新潟,1新5,未勝利,未勝利,8,15,アイアンソリッド,牝,3,丹内祐次, 55 ,15,1,１, ,ダ1200,稍,,(美),本間忍,1127,-0.1,,1,1,37.8,440,-12,
,"2025. 5.17",新潟,1新5,未勝利,未勝利・牝,6,11,ノンスタンダルド,牝,3,戸崎圭太, 55 ,15,2,１, ,ダ1800,稍,,(栗),茶木太樹,1542,-0.0,2,1,1,39.2,496,-4,
,"2025. 5.11",新潟,1新4,1勝,１勝ｸﾗｽ,5,9,ソングオブライフ,牡,4,丸山元気, 58 ,16,1,１, 内,芝1200,稍,,(栗),森田直行,1103,-0.3,,2,2,35.1,502,+6,
,"2025. 5.11",新潟,1新4,OP(L),谷川岳Ｓ(L),3,4,ベガリス,牝,5,藤懸貴志, 55 ,14,4,１, 内,芝1400,稍,,(栗),高橋義忠,1221,-0.1,,2,2,35.9,438,-2,
,"2025. 5.11",新潟,1新4,2勝,五泉特Ｈ･2勝,8,15,プレイサーゴールド,牡,5,小沢大仁, 56 ,15,10,１, ,ダ1800,稍,,(栗),今野貞一,1537,-0.2,7,6,6,39.2,496,+2,
,"2025. 5.11",新潟,1新4,1勝,ゆきつば･1勝,6,9,オンザブルースカイ,牡,3,菱田裕二, 57 ,14,5,１, 内,芝1200,稍,,(栗),谷潔,1105,-0.4,,6,4,36.0,458,+2,
,"2025. 5.11",新潟,1新4,1勝,１勝ｸﾗｽ,1,1,ファインライン,牡,4,丸山元気, 58 ,13,2,１, 外,芝1800,稍,,(栗),松永幹夫,1493,-0.0,,7,6,35.2,480,+8,
,"2025. 5.11",新潟,1新4,1勝,１勝ｸﾗｽ,8,14,ワンダーカモン,牡,4,川又賢治, 58 ,15,3,１, ,ダ1800,稍,,(栗),吉村圭司,1548,-0.1,12,9,7,39.2,478,+6,
,"2025. 5.11",新潟,1新4,未勝利,未勝利,8,16,マグネシアブリック,牡,3,丹内祐次, 57 ,16,1,１, 内,芝1000,稍,,(美),中舘英二,0573,-0.1,,,3,34.3,458,-2,
,"2025. 5.11",新潟,1新4,未勝利,未勝利,5,9,ベストレーサー,牝,3,上里直汰,52▲,16,12,１, 外,芝1800,稍,,(美),小野次郎,1500,-0.1,,5,5,35.1,462,-16,
,"2025. 5.11",新潟,1新4,未勝利,障害未勝利,1,1,ヒルズカーン,牡,5,草野太郎, 60 ,14,2,１, ,芝2890,稍,,(美),松永康利,3143,-0.3,9,1,1,13.4,502,-4,
,"2025. 5.11",新潟,1新4,未勝利,未勝利・若,3,4,タガノマルアフ,牡,3,長浜鴻緒,55△,14,1,１, ,ダ1800,稍,,(栗),角田晃一,1550,-0.5,2,2,2,40.4,486,-2,
,"2025. 5.11",新潟,1新4,未勝利,未勝利,3,5,ビーマックス,牡,3,中井裕二, 57 ,15,5,１, ,ダ1200,稍,,(栗),藤野健太,1125,-0.1,,1,1,38.4,504,-4,
,"2025. 5.11",新潟,1新4,未勝利,未勝利・牝,6,11,レイバックスピン,牝,3,国分恭介, 55 ,15,3,１, ,ダ1800,稍,,(栗),牧浦充徳,1561,-0.4,3,3,3,38.0,488,+4,
,"2025. 5.10",新潟,1新3,1勝,１勝ｸﾗｽ・牝,3,3,モリノレッドスター,牝,4,小林美駒,52★,14,2,１, ,ダ1200,稍,,(美),鈴木伸尋,1109,-1.0,,2,2,36.7,478,+2,
,"2025. 5.10",新潟,1新3,3勝,駿風Ｓ･3勝,8,16,レベレンシア,牡,6,松本大輝, 58 ,16,3,１, 内,芝1000,稍,*,(栗),安田翔伍,0553,-0.0,,,2,33.0,514,+6,B
,"2025. 5.10",新潟,1新3,1勝,荒川峡特･1勝,6,10,マイネルシーマー,牡,6,菊沢一樹, 58 ,15,12,１, 内,芝2200,稍,,(美),青木孝文,2153,-0.0,11,7,5,36.6,484,0,
,"2025. 5.10",新潟,1新3,1勝,三国特別･1勝,7,7,グレイトクラウン,牝,4,佐藤翔馬, 56 ,8,5,１, 外,芝1600,稍,,(美),松山将樹,1349,-0.3,,3,4,34.4,448,0,
,"2025. 5.10",新潟,1新3,1勝,１勝ｸﾗｽ,8,13,イナフセド,牡,5,佐々木大, 58 ,13,2,１, ,ダ1200,稍,,(栗),小林真也,1119,-0.4,,1,1,36.9,476,0,
,"2025. 5.10",新潟,1新3,1勝,１勝ｸﾗｽ・牝,4,4,サンセットブライト,牝,4,横山琉人,55☆,11,2,１, ,ダ1800,稍,,(美),相沢郁,1539,-0.2,5,4,3,39.0,496,+4,B
,"2025. 5.10",新潟,1新3,未勝利,未勝利・若,8,15,マドモアゼルアスク,牝,3,西塚洸二,54☆,16,3,１, 内,芝2000,稍,,(栗),藤原英昭,2033,-0.0,2,2,2,36.7,446,+4,
,"2025. 5.10",新潟,1新3,未勝利,未勝利,8,15,マニス,牝,3,石神深道,52▲,15,8,１, 外,芝1600,稍,*,(美),畠山吉宏,1353,-0.1,,9,9,34.9,402,-10,
,"2025. 5.10",新潟,1新3,ｵｰﾌﾟﾝ,障害・オープ,6,8,ブリエヴェール,牡,7,金子光希, 60 ,12,5,１, ,芝2890,稍,,(美),小笠倫弘,3113,-0.5,6,3,3,13.2,460,+6,
,"2025. 5.10",新潟,1新3,未勝利,未勝利・牝,2,2,オースミライト,牝,3,加藤祥太, 55 ,15,2,１, ,ダ1200,稍,,(栗),宮本博,1129,-0.1,,3,3,37.3,472,-4,
,"2025. 5.10",新潟,1新3,未勝利,未勝利,8,14,チュラビックタイム,牡,3,斎藤新, 57 ,15,5,１, ,ダ1800,稍,,(美),斎藤誠,1556,-0.7,9,1,1,38.6,486,0,
,"2025. 5.10",新潟,1新3,未勝利,障害未勝利,3,3,コスモチプリア,牝,5,伴啓太, 58 ,14,3,１, ,芝2890,稍,,(美),松永康利,3114,-0.8,5,3,2,13.2,456,+6,
,"2025. 5. 4",新潟,1新2,1勝,１勝ｸﾗｽ,4,5,ベストオブユー,牡,4,永島まな,56◇,13,2,１, 内,芝1400,良,,(美),久保田貴,1227,-0.0,,7,7,35.2,438,0,
,"2025. 5. 4",新潟,1新2,ｵｰﾌﾟﾝ,越後Ｓ,4,7,ブシン,牡,4,吉田隼人, 58 ,15,1,１, ,ダ1200,稍,,(栗),森秀行,1110,-0.2,,8,6,36.7,482,0,B
,"2025. 5. 4",新潟,1新2,2勝,邁進特別･2勝,4,8,ニシノコニャック,牡,6,菊沢一樹, 58 ,16,7,１, 内,芝1000,良,,(美),伊藤大士,0556,-0.6,,,8,32.6,458,-12,B
,"2025. 5. 4",新潟,1新2,2勝,咲花特別･2勝,5,9,メテオールライト,牝,5,丸山元気, 56 ,15,7,１, ,ダ1800,稍,,(美),萩原清,1537,-0.4,9,7,9,37.5,428,0,
,"2025. 5. 4",新潟,1新2,1勝,１勝ｸﾗｽ,7,7,メイショウノブカ,牝,5,松本大輝,55☆,9,1,１, 外,芝1800,良,,(栗),本田優,1483,-0.6,,8,7,34.0,504,-10,
,"2025. 5. 4",新潟,1新2,1勝,１勝ｸﾗｽ,5,7,スピードパンサー,牡,4,小林美駒,54★,14,6,１, ,ダ1200,稍,,(美),尾形和幸,1113,-0.0,,2,2,37.6,502,0,B
,"2025. 5. 4",新潟,1新2,1勝,１勝ｸﾗｽ・若,6,7,ウインアルドーレ,牡,4,小沢大仁, 58 ,12,6,１, ,ダ1800,稍,,(栗),西園翔太,1537,-0.3,3,3,3,39.0,490,+12,
,"2025. 5. 4",新潟,1新2,未勝利,未勝利,6,11,キャピタルリッチ,牡,3,横山琉人,56☆,16,5,１, 内,芝2000,稍,,(美),小笠倫弘,2029,-0.2,6,6,6,35.9,458,-6,
,"2025. 5. 4",新潟,1新2,未勝利,障害未勝利,5,7,ジーククローネ,セ,5,草野太郎, 60 ,14,2,１, ,芝2890,稍,,(美),宮田敬介,3121,-0.0,3,1,1,13.3,450,-6,
,"2025. 5. 4",新潟,1新2,未勝利,未勝利,5,9,ショウサンジョージ,牡,3,松本大輝,56☆,15,5,１, ,ダ1800,稍,,(栗),松下武士,1549,-0.3,3,2,2,39.4,488,+2,
,"2025. 5. 4",新潟,1新2,未勝利,未勝利,5,8,チケットトゥヘブン,牡,3,横山琉人,56☆,15,2,１, ,ダ1200,稍,,(美),相沢郁,1114,-0.3,,2,2,37.5,460,0,
,"2025. 5. 4",新潟,1新2,未勝利,未勝利・牝,8,15,ミッドタウンナイト,牝,3,秋山稔樹, 55 ,16,2,１, 外,芝1800,稍,,(栗),河嶋宏樹,1483,-0.1,,2,2,36.8,478,+2,B
,"2025. 5. 3",新潟,1新1,1勝,１勝ｸﾗｽ,6,12,ニシノトキメキ,牝,5,今村聖奈,53▲,16,2,１, 内,芝1000,良,,(美),小手川準,0546,-0.7,,,1,32.2,488,+4,
,"2025. 5. 3",新潟,1新1,3勝,三条Ｓ･3勝,6,10,アピーリングルック,牝,4,佐々木大, 56 ,15,1,１, ,ダ1800,稍,,(美),辻哲英,1523,-0.2,3,6,6,36.6,478,0,
,"2025. 5. 3",新潟,1新1,2勝,胎内川Ｈ･2勝,6,6,ライラスター,セ,6,吉田隼人, 55 ,10,8,１, 外,芝1800,良,,(美),森一誠,1466,-0.1,,4,4,34.1,480,+2,B
,"2025. 5. 3",新潟,1新1,1勝,わらび賞･1勝,3,4,バギーウィップ,牡,3,武藤雅, 57 ,15,11,１, ,ダ1800,稍,,(美),萩原清,1528,-0.7,2,2,2,37.2,504,+8,
,"2025. 5. 3",新潟,1新1,1勝,１勝ｸﾗｽ・牝,6,8,ドーンコーラス,牝,4,佐々木大, 56 ,13,1,１, 外,芝1600,良,,(美),萩原清,1337,-0.2,,7,7,34.1,450,-8,
,"2025. 5. 3",新潟,1新1,1勝,１勝ｸﾗｽ,7,8,アルゴナヴィス,牡,4,荻野極, 58 ,11,1,１, ,ダ1800,稍,,(栗),池江泰寿,1545,-0.3,3,2,2,37.4,480,-4,
,"2025. 5. 3",新潟,1新1,未勝利,未勝利,7,13,シャインバオバブ,牡,3,古川吉洋, 57 ,16,2,１, 内,芝2400,良,,(栗),本田優,2298,-0.4,7,7,3,36.1,496,+2,
,"2025. 5. 3",新潟,1新1,未勝利,未勝利,8,16,マーゴットカーラ,牝,3,斎藤新, 55 ,16,9,１, 内,芝1400,良,,(栗),石坂公一,1225,-0.4,,7,6,36.0,428,+8,
,"2025. 5. 3",新潟,1新1,ｵｰﾌﾟﾝ,障害・オープ,5,7,ドゥラモンド,牡,7,坂口智康,57▲,14,6,１, ,芝2890,良,,(美),手塚貴久,3085,-0.0,7,4,4,13.0,500,-2,
,"2025. 5. 3",新潟,1新1,未勝利,未勝利・若,8,15,テイエムパイロット,牡,3,柴田裕一,54▲,15,8,１, ,ダ1200,稍,,(栗),秋山真一,1119,-0.2,,2,2,37.4,498,+2,
,"2025. 5. 3",新潟,1新1,未勝利,未勝利・牝,3,4,アンドリーナ,牝,3,国分恭介, 55 ,15,1,１, ,ダ1800,稍,,(栗),牧浦充徳,1557,-0.7,5,2,2,39.5,456,+8,
,"2025. 5. 3",新潟,1新1,未勝利,障害未勝利,5,7,サルサロッサ,牝,6,伴啓太, 58 ,14,5,１, ,芝2890,良,,(美),高柳瑞樹,3089,-0.0,3,2,2,13.1,462,+10,
,2024.10.27,新潟,4新8,1勝,１勝ｸﾗｽ,6,6,シャパリュ,セ,3,吉田隼人, 56 ,10,3,１, ,ダ1800,良,,(美),菊沢隆徳,1527,-0.5,2,1,1,37.9,520,-6,
,2024.10.27,新潟,4新8,OP(L),ルミエＨ(L),8,16,マイヨアポア,牝,6,石川裕紀, 53 ,17,3,１, 内,芝1000,良,,(美),和田正一,0542,-0.0,,,7,31.7,488,0,
,2024.10.27,新潟,4新8,2勝,清津峡特･2勝,3,5,カピリナ,牝,3,丸山元気, 55 ,16,1,１, 内,芝1200,良,,(美),田島俊明,1088,-0.7,,2,2,34.1,486,+14,
,2024.10.27,新潟,4新8,1勝,湯沢特別･1勝,5,10,クロシェットノエル,牝,3,武藤雅, 54 ,16,1,１, 外,芝2000,良,,(美),戸田博文,1594,-0.0,,13,13,33.8,456,+4,
,2024.10.27,新潟,4新8,1勝,１勝ｸﾗｽ,6,6,キタノソワレ,牝,3,西塚洸二,54☆,11,3,１, ,ダ1200,良,,(美),本間忍,1107,-0.2,,9,8,35.7,460,+2,
,2024.10.27,新潟,4新8,1勝,１勝ｸﾗｽ,6,11,デファイ,牝,3,斎藤新, 54 ,18,2,１, 外,芝1800,良,,(美),斎藤誠,1462,-0.1,,4,3,34.3,458,-10,
,2024.10.27,新潟,4新8,1勝,１勝ｸﾗｽ・若,3,3,イノセントキャット,牝,3,長浜鴻緒,52▲,13,3,１, ,ダ1200,良,,(美),久保田貴,1109,-0.6,,4,4,36.0,456,0,
,2024.10.27,新潟,4新8,未勝利,未勝利*,2,2,イノキ,牡,2,丹内祐次, 56 ,11,2,１, 内,芝1400,良,,(美),岩戸孝樹,1231,-0.5,,1,1,37.3,480,+2,
,2024.10.27,新潟,4新8,未勝利,障害未勝利,2,2,テクネチウム,牡,3,中村将之, 58 ,11,5,１, ,芝2850,良,,(栗),木原一良,3101,-0.8,1,1,1,13.3,504,+4,
,2024.10.27,新潟,4新8,1勝,１勝ｸﾗｽ・牝,6,7,フェルンマンボ,牝,5,西塚洸二,55☆,11,5,１, ,ダ1800,良,,(栗),辻野泰之,1535,-0.0,9,7,6,38.0,472,0,B
,2024.10.27,新潟,4新8,未勝利,未勝利*,5,8,カネショウレジェン,牡,2,横山琉人,55☆,15,1,１, ,ダ1200,良,,(美),稲垣幸雄,1115,-0.5,,1,1,37.0,478,-4,
,2024.10.27,新潟,4新8,未勝利,未勝利*,6,11,エルムラント,牡,2,荻野極, 56 ,18,5,１, 外,芝1800,良,,(美),鹿戸雄一,1476,-0.7,,5,4,35.0,468,-8,
,2024.10.26,新潟,4新7,1勝,１勝ｸﾗｽ,8,11,ラブリプリンチャン,牝,4,西塚洸二,55☆,12,1,１, 内,芝1000,良,,(美),鈴木伸尋,0551,-0.1,,,7,32.4,492,+2,
,2024.10.26,新潟,4新7,3勝,魚沼Ｓ･3勝,2,2,シランケド,牝,4,Ｍ．デム, 56 ,10,1,１, 外,芝2000,良,,(栗),牧浦充徳,1595,-0.3,,9,9,33.0,514,+8,
,2024.10.26,新潟,4新7,2勝,直江津特･2勝,5,8,ウィステリアリヴァ,牡,4,石橋脩, 58 ,14,4,１, ,ダ1800,良,,(美),小野次郎,1528,-0.0,1,1,1,37.0,498,-8,
,2024.10.26,新潟,4新7,1勝,柏崎特別･1勝,7,14,ツルマウカタチ,牡,3,丸山元気, 56 ,16,2,１, 外,芝1600,良,,(美),手塚貴久,1341,-0.3,,8,8,33.3,474,-2,
,2024.10.26,新潟,4新7,1勝,１勝ｸﾗｽ,8,10,ストームバンガード,牡,3,柴田裕一,54▲,10,1,１, ,ダ1200,良,,(栗),岡田稲男,1113,-0.4,,3,3,37.0,494,+6,B
,2024.10.26,新潟,4新7,1勝,１勝ｸﾗｽ・若,1,1,カゼノランナー,牡,3,佐々木大, 56 ,13,1,１, ,ダ1800,良,,(栗),松永幹夫,1532,-0.3,2,1,1,38.1,516,+4,
,2024.10.26,新潟,4新7,未勝利,未勝利・牝*,5,8,マイスターヴェルク,牝,2,杉原誠人, 55 ,15,1,１, 外,芝1600,良,*,(美),勢司和浩,1351,-0.3,,2,2,34.3,490,0,
,2024.10.26,新潟,4新7,新馬,新馬,1,1,ルイステソーロ,牡,2,佐々木大, 56 ,15,2,１, ,ダ1200,良,,(美),畠山吉宏,1124,-0.8,,1,1,37.3,478,,
,2024.10.26,新潟,4新7,未勝利,障害未勝利,2,2,トーセンアウローラ,牡,4,五十嵐雄, 60 ,8,1,１, ,芝2850,良,,(美),尾形和幸,3067,-2.0,1,1,1,13.1,454,-2,
,2024.10.26,新潟,4新7,1勝,１勝ｸﾗｽ・牝,1,1,フレイミングパイ,牝,3,柴田裕一,52▲,11,2,１, ,ダ1200,良,,(栗),中竹和也,1111,-0.1,,7,6,36.1,450,0,
,2024.10.26,新潟,4新7,未勝利,未勝利*,8,12,ブラックジジ,牡,2,西塚洸二,55☆,12,8,１, ,ダ1800,良,,(美),菊川正達,1538,-0.3,1,1,1,37.6,442,-2,
,2024.10.26,新潟,4新7,ｵｰﾌﾟﾝ,障害・オープ,1,1,インプレス,牡,5,小牧加矢, 60 ,14,1,１, ,芝2850,良,,(栗),佐々木晶,3065,-0.0,9,5,2,13.1,528,+4,
,2024.10.20,新潟,4新6,1勝,１勝ｸﾗｽ,4,5,ドゥータップ,牡,3,西塚洸二,56☆,13,1,１, ,ダ1200,稍,,(栗),藤原英昭,1115,-0.3,,2,2,36.8,504,0,B
,2024.10.20,新潟,4新6,OP(L),新潟牝馬(L),5,7,ホールネス,牝,4,西塚洸二, 55 ,13,1,１, 内,芝2200,良,,(栗),藤原英昭,2132,-0.2,6,6,6,36.1,536,+14,
,2024.10.20,新潟,4新6,2勝,妙高特別･2勝,7,12,ミルトハンター,牡,4,柴田裕一, 58 ,15,8,１, ,ダ1200,稍,,(栗),中竹和也,1115,-0.1,,7,5,36.3,482,+4,
,2024.10.20,新潟,4新6,1勝,十日町特･1勝,4,7,ヴァンヴィーヴ,牡,3,国分恭介, 56 ,18,5,１, 内,芝1400,良,,(栗),牧浦充徳,1224,-0.1,,4,4,35.5,500,+8,
,2024.10.20,新潟,4新6,1勝,１勝ｸﾗｽ,7,13,タガノスペルノヴァ,牡,6,大野拓弥, 58 ,18,4,１, 内,芝1000,良,,(栗),中尾秀正,0557,-0.0,,,15,32.3,424,-14,
,2024.10.20,新潟,4新6,1勝,１勝ｸﾗｽ・牝,6,10,ピクシレーション,牝,4,菊沢一樹, 56 ,15,5,１, 外,芝2000,良,,(美),菊沢隆徳,2003,-0.4,,12,12,33.5,480,0,
,2024.10.20,新潟,4新6,1勝,１勝ｸﾗｽ・若,7,8,アッティラ,牡,4,横山琉人,57☆,10,8,１, ,ダ1800,稍,,(美),相沢郁,1524,-0.0,4,4,3,38.2,452,+4,B
,2024.10.20,新潟,4新6,新馬,新馬,8,17,サウスバンク,牝,2,西塚洸二,54☆,17,1,１, 内,芝1200,良,,(栗),吉岡辰弥,1102,-0.2,,1,1,35.7,498,,
,2024.10.20,新潟,4新6,未勝利,障害未勝利,6,6,サンマルグレイト,牡,4,大江原圭, 60 ,7,3,１, ,芝2850,稍,,(美),佐藤吉勝,3108,-0.2,2,2,1,13.4,452,-8,
,2024.10.20,新潟,4新6,1勝,１勝ｸﾗｽ,1,1,ケイアイメキラ,セ,4,亀田温心, 58 ,10,2,１, ,ダ1800,稍,,(栗),村山明,1529,-0.1,1,1,1,37.7,468,-1,
,2024.10.20,新潟,4新6,未勝利,未勝利*,8,8,タガノマカシヤ,牡,2,藤懸貴志, 56 ,9,1,１, ,ダ1800,稍,,(栗),中村直也,1530,-3.3,2,2,1,37.9,502,+4,
,2024.10.20,新潟,4新6,未勝利,未勝利*,8,10,ハイタイド,牡,2,石橋脩, 56 ,10,3,１, 内,芝2000,稍,,(美),牧光二,2032,-0.1,1,1,1,36.6,454,+2,
,2024.10.19,新潟,4新5,1勝,１勝ｸﾗｽ・牝,5,5,ランウインディ,牝,3,柴田裕一,52▲,12,1,１, ,ダ1200,稍,,(栗),中尾秀正,1117,-0.9,,2,2,36.6,454,-4,
,2024.10.19,新潟,4新5,3勝,北陸ＳＨ･3勝,7,14,シロン,牝,5,酒井学, 54 ,18,1,１, 内,芝1200,稍,,(栗),小栗実,1099,-0.1,,5,3,35.7,524,-2,B
,2024.10.19,新潟,4新5,2勝,村上特別･2勝,8,13,ショーマンフリート,牡,3,丸山元気, 56 ,14,3,１, 外,芝2000,稍,,(美),手塚貴久,2022,-0.1,,3,2,35.8,498,+12,
,2024.10.19,新潟,4新5,1勝,岩船特別･1勝,1,1,ドゥレイクパセージ,牡,3,佐々木大, 55 ,10,3,１, 内,芝2200,稍,,(美),堀宣行,2190,-0.1,3,4,4,35.1,466,-6,
,2024.10.19,新潟,4新5,1勝,１勝ｸﾗｽ・若,3,3,エブリモーメント,牡,3,小沢大仁,56☆,12,1,１, ,ダ1200,良,,(栗),牧田和弥,1116,-0.3,,4,4,37.5,494,-2,B
,2024.10.19,新潟,4新5,1勝,１勝ｸﾗｽ,8,10,ヴァイザーブリック,牡,3,荻野極, 56 ,10,1,１, 外,芝1800,良,,(美),池上昌和,1464,-0.4,,5,5,34.4,464,0,
,2024.10.19,新潟,4新5,1勝,１勝ｸﾗｽ,7,7,メイショウジェンマ,牡,4,小沢大仁,57☆,8,3,１, ,ダ1800,良,,(栗),飯田祐史,1520,-0.7,3,3,3,37.8,456,-8,
,2024.10.19,新潟,4新5,未勝利,未勝利*,8,13,ハニーアイリー,牝,2,荻野極, 55 ,14,3,１, 内,芝1000,良,*,(美),矢野英一,0563,-0.5,,,3,33.7,458,-8,
,2024.10.19,新潟,4新5,ｵｰﾌﾟﾝ,障害・オープ,5,5,ハーツシンフォニー,セ,7,石神深一, 60 ,8,7,１, ,芝3250,良,,(美),辻哲英,3322,-0.3,5,2,1,13.1,484,-2,B
,2024.10.19,新潟,4新5,未勝利,未勝利*,6,8,ブリッツアロング,牡,2,佐々木大, 56 ,12,1,１, ,ダ1200,良,,(美),上原博之,1121,-0.3,,1,1,36.7,490,+6,
,2024.10.19,新潟,4新5,未勝利,未勝利・牝*,3,3,アリュールテーラー,牝,2,小沢大仁,54☆,10,1,１, ,ダ1800,良,,(栗),緒方努,1553,-0.2,3,3,3,38.6,474,-2,
,2024.10.19,新潟,4新5,未勝利,障害未勝利,1,1,ミトロジー,セ,8,金子光希, 60 ,9,6,１, ,芝2850,良,,(美),尾関知人,3066,-0.1,4,3,3,13.1,474,-2,
,2024.10.14,新潟,4新4,1勝,１勝ｸﾗｽ・牝,2,4,ムガ,牝,5,小崎綾也, 56 ,16,11,１, 外,芝1800,良,,(栗),高橋一哉,1465,-0.1,,16,16,34.1,458,0,
,2024.10.14,新潟,4新4,OP(L),信越ＳＨ(L),3,6,レイベリング,牡,4,丸山元気, 55 ,18,5,１, 内,芝1400,良,,(美),鹿戸雄一,1205,-0.3,,4,3,35.0,490,+12,
,2024.10.14,新潟,4新4,2勝,菅名岳特･2勝,2,2,イージーオンミー,牝,4,佐々木大, 56 ,10,2,１, ,ダ1800,良,,(美),中舘英二,1520,-0.1,3,4,3,37.1,438,-2,B
,2024.10.14,新潟,4新4,1勝,稲光特別･1勝,8,16,セイウンティーダ,牝,3,大野拓弥, 55 ,17,7,１, 内,芝1000,良,,(美),松山将樹,0552,-0.0,,,6,32.7,430,0,
,2024.10.14,新潟,4新4,1勝,１勝ｸﾗｽ,6,6,テイエムヒショウ,牡,4,高杉吏麒,55▲,8,3,１, ,ダ1200,良,,(栗),浜田多実,1112,-0.0,,3,3,36.5,486,-6,
,2024.10.14,新潟,4新4,1勝,１勝ｸﾗｽ,5,5,マーブルマウンテン,牝,3,亀田温心, 54 ,10,1,１, ,ダ1800,良,,(栗),田中克典,1524,-0.9,2,2,2,37.7,472,+6,
,2024.10.14,新潟,4新4,1勝,１勝ｸﾗｽ・若,8,11,ワイドモヒート,牡,3,高杉吏麒,53▲,12,4,１, 外,芝2000,良,,(栗),藤岡健一,1599,-0.2,,1,1,36.2,512,+4,
,2024.10.14,新潟,4新4,新馬,新馬,3,5,スワッガー,牡,2,丸田恭介, 56 ,15,12,１, ,ダ1800,良,,(美),武市康男,1560,-0.1,3,4,4,37.5,530,,
,2024.10.14,新潟,4新4,1勝,１勝ｸﾗｽ,5,5,ブロンディール,牝,4,内田博幸, 56 ,10,9,１, ,ダ2500,良,,(美),深山雅史,2418,-0.2,10,6,5,38.0,484,+2,
,2024.10.14,新潟,4新4,未勝利,未勝利*,5,8,トシッキー,牡,2,吉村誠之,53▲,15,1,１, 内,芝1200,良,,(栗),清水久詞,1101,-0.1,,5,5,35.6,500,0,
,2024.10.14,新潟,4新4,未勝利,未勝利・牝*,3,6,サンナイアガラ,牝,2,松本大輝,54☆,18,9,１, 内,芝1400,良,,(栗),宮本博,1225,-0.2,,1,1,36.7,488,0,
,2024.10.14,新潟,4新4,未勝利,未勝利*,5,7,シルフズミスチーフ,牝,2,団野大成, 55 ,13,2,１, ,ダ1200,良,,(栗),池江泰寿,1125,-0.1,,6,6,37.6,444,0,
,2024.10.12,新潟,4新3,1勝,１勝ｸﾗｽ・牝,5,8,クリニエールグラス,牝,5,高杉吏麒,53▲,14,4,１, ,ダ1200,良,,(栗),浜田多実,1119,-0.3,,2,2,37.2,462,0,
,2024.10.12,新潟,4新3,2勝,飛翼特別･2勝,8,18,スコーピオン,牡,3,武藤雅, 57 ,18,5,１, 内,芝1000,良,,(美),武藤善則,0544,-0.0,,,3,32.4,474,0,
,2024.10.12,新潟,4新3,1勝,粟島特別･1勝,8,12,ナムラエイハブ,牡,3,横山武史, 56 ,12,1,１, 外,芝1800,良,,(栗),長谷川浩,1490,-0.4,,1,1,33.2,502,-2,
,2024.10.12,新潟,4新3,1勝,朝日岳特･1勝,4,8,ゴールドスター,牡,3,田辺裕信, 57 ,18,3,１, 内,芝1200,良,,(美),奥村武,1085,-0.4,,1,1,34.4,458,-4,
,2024.10.12,新潟,4新3,1勝,１勝ｸﾗｽ,6,8,ネイト,牝,5,高杉吏麒,53▲,13,5,１, ,ダ1200,良,,(栗),小栗実,1117,-0.0,,3,3,37.0,454,+20,
,2024.10.12,新潟,4新3,1勝,１勝ｸﾗｽ・若,6,7,カムランベイ,牡,4,長浜鴻緒,55▲,11,2,１, ,ダ1800,良,,(美),岩戸孝樹,1533,-0.0,4,2,2,37.3,500,+2,
,2024.10.12,新潟,4新3,未勝利,未勝利*,5,8,ビーオンザカバー,牡,2,横山武史, 56 ,14,1,１, 内,芝2000,良,,(美),伊藤圭三,2023,-0.1,7,9,8,35.4,460,+8,
,2024.10.12,新潟,4新3,新馬,新馬・牝,8,17,ミストレス,牝,2,古川奈穂,51★,18,1,１, 外,芝1600,良,,(栗),矢作芳人,1354,-1.0,,1,1,34.0,502,,
,2024.10.12,新潟,4新3,未勝利,障害未勝利,8,10,ローディアマント,セ,4,伴啓太, 60 ,10,1,１, ,芝2850,良,,(美),尾関知人,3068,-1.1,1,1,1,13.1,478,+2,
,2024.10.12,新潟,4新3,1勝,１勝ｸﾗｽ・牝,6,9,メイショウリリー,牝,3,川端海翼,51▲,13,1,１, ,ダ1800,良,,(栗),高橋義忠,1534,-0.1,11,6,6,38.0,426,-8,
,2024.10.12,新潟,4新3,未勝利,未勝利*,6,6,パナランギン,牡,2,大野拓弥, 56 ,9,9,１, ,ダ1800,良,,(美),松山将樹,1556,-0.4,8,9,7,39.0,488,-4,
,2024.10.12,新潟,4新3,未勝利,障害未勝利,1,1,エターナリー,牡,7,石神深一, 60 ,11,2,１, ,芝2850,良,,(美),池上昌和,3050,-0.6,2,1,1,13.0,462,-4,
,"2024.10. 6",新潟,4新2,1勝,１勝ｸﾗｽ,8,14,ドゥータップ,牡,3,西塚洸二,56☆,15,2,１, ,ダ1200,良,,(栗),藤原英昭,1120,-0.2,,5,5,36.9,504,+4,B
,"2024.10. 6",新潟,4新2,3勝,トルマリ･3勝,3,3,ピースオブザライフ,牝,4,西塚洸二, 56 ,13,4,１, ,ダ1800,良,,(栗),野中賢二,1518,-0.2,6,8,6,37.0,482,-8,
,"2024.10. 6",新潟,4新2,2勝,寺泊特別･2勝,7,7,エッセレンチ,牝,4,荻野極, 56 ,8,3,１, 外,芝1600,良,,(美),蛯名正義,1346,-0.0,,5,5,34.2,436,+8,
,"2024.10. 6",新潟,4新2,1勝,萬代橋特･1勝,1,2,ウィープディライト,セ,3,斎藤新, 55 ,16,4,１, 内,芝2400,良,,(栗),池添学,2251,-0.1,9,12,11,35.7,504,+4,
,"2024.10. 6",新潟,4新2,1勝,１勝ｸﾗｽ,3,3,アルファヒディ,セ,5,亀田温心, 58 ,11,6,１, ,ダ1800,良,,(栗),石坂公一,1524,-0.1,3,3,3,37.2,482,-10,B
,"2024.10. 6",新潟,4新2,1勝,１勝ｸﾗｽ・若,8,18,メリージェーン,牝,3,佐藤翔馬,51▲,18,11,１, 内,芝1400,良,,(美),鹿戸雄一,1210,-0.2,,2,2,35.0,484,+10,
,"2024.10. 6",新潟,4新2,未勝利,未勝利*,7,9,シュラフ,牝,2,嶋田純次, 55 ,12,1,１, 内,芝1000,良,*,(美),佐藤吉勝,0554,-0.0,,,6,32.3,428,+8,
,"2024.10. 6",新潟,4新2,新馬,新馬,5,8,ポールセン,牡,2,斎藤新, 56 ,15,1,１, ,ダ1200,良,,(美),斎藤誠,1118,-1.0,,2,2,35.5,460,,
,"2024.10. 6",新潟,4新2,未勝利,障害未勝利,6,6,クリノサンシャイン,牝,7,江田勇亮, 58 ,10,7,１, ,芝2850,良,,(美),石毛善彦,3078,-0.1,4,5,4,13.2,456,-8,
,"2024.10. 6",新潟,4新2,1勝,１勝ｸﾗｽ・牝,2,2,ルージュアベリア,牝,3,斎藤新, 54 ,12,1,１, ,ダ1800,稍,,(美),田中博康,1537,-0.2,4,4,4,36.7,492,+4,
,"2024.10. 6",新潟,4新2,未勝利,未勝利*,6,10,ブルバンビーナ,牝,2,石田拓郎,52▲,15,5,１, 外,芝1800,良,*,(美),尾形和幸,1482,-0.0,,9,8,35.1,402,-6,
,"2024.10. 6",新潟,4新2,未勝利,未勝利*,1,1,ブラックトルネード,牡,2,長浜鴻緒,53▲,14,7,１, ,ダ1200,稍,*,(美),佐藤吉勝,1119,-0.1,,1,1,37.2,452,+4,
,"2024.10. 5",新潟,4新1,1勝,１勝ｸﾗｽ,2,4,イコサン,牡,4,丹内祐次, 58 ,18,3,１, 内,芝1000,良,,(栗),長谷川浩,0551,-0.3,,,5,32.6,500,+10,
,"2024.10. 5",新潟,4新1,2勝,鳥屋野Ｈ･2勝,6,9,エスティメート,牡,5,杉原誠人, 55 ,13,7,１, ,ダ1800,稍,,(美),大和田成,1523,-0.1,4,5,4,37.2,462,-2,
,"2024.10. 5",新潟,4新1,1勝,聖籠特別･1勝,5,9,エコロマーズ,牡,3,Ｍ．デム, 56 ,18,3,１, 外,芝1600,良,,(栗),牧浦充徳,1341,-0.0,,2,2,33.9,484,-6,
,"2024.10. 5",新潟,4新1,1勝,松浜特別･1勝,5,8,マイネルオーシャン,牡,3,丹内祐次, 56 ,14,1,１, 外,芝2000,良,,(美),鹿戸雄一,1587,-0.3,,1,1,34.2,464,-6,
,"2024.10. 5",新潟,4新1,1勝,１勝ｸﾗｽ,5,9,ワークソング,牡,3,柴田裕一,54▲,15,3,１, ,ダ1200,重,,(栗),牧浦充徳,1110,-0.2,,3,3,36.5,480,-2,
,"2024.10. 5",新潟,4新1,1勝,１勝ｸﾗｽ・若,1,1,ヒルノデプラーツ,牡,5,秋山稔樹, 58 ,12,3,１, ,ダ1800,重,,(栗),北出成人,1538,-0.1,8,1,1,38.4,490,+2,
,"2024.10. 5",新潟,4新1,未勝利,未勝利*,2,2,ネーブルオレンジ,牝,2,小林勝太,53△,12,2,１, 外,芝1600,良,,(栗),杉山佳明,1347,-0.5,,1,1,33.9,456,+2,B
,"2024.10. 5",新潟,4新1,新馬,新馬,7,13,バニーラビット,牡,2,荻野極, 56 ,18,1,１, 内,芝1400,良,,(栗),武幸四郎,1231,-0.3,,3,3,34.8,492,,
,"2024.10. 5",新潟,4新1,未勝利,障害未勝利,7,9,インプレス,牡,5,小牧加矢, 60 ,11,1,１, ,芝2850,稍,,(栗),佐々木晶,3046,-1.2,3,2,2,13.0,524,-4,
,"2024.10. 5",新潟,4新1,1勝,１勝ｸﾗｽ,6,11,ルソレイユ,牡,4,亀田温心, 58 ,15,8,１, ,ダ1200,重,,(栗),北出成人,1116,-0.3,,2,2,37.4,504,+14,B
,"2024.10. 5",新潟,4新1,未勝利,未勝利*,6,8,ダテミカヅキ,牡,2,荻野極, 56 ,12,5,１, ,ダ1800,重,,(栗),西園翔太,1535,-0.6,2,1,1,38.4,456,-2,
,"2024.10. 5",新潟,4新1,ｵｰﾌﾟﾝ,障害・オープ,3,3,パーリーブラック,牡,4,草野太郎, 60 ,12,8,１, ,芝3250,稍,,(美),伊坂重信,3306,-0.4,4,2,2,13.0,480,+2,
,"2024. 9. 1",新潟,3新8,1勝,雷光特別･1勝,8,17,クールベイビー,牝,3,荻野極, 54 ,17,1,１, 内,芝1000,良,,(美),矢野英一,0545,-0.6,,,1,32.2,464,-2,
,"2024. 9. 1",新潟,3新8,Ｇ３,新潟記念ＨG3,4,4,シンリョクカ,牝,4,木幡初也, 54 ,12,8,１, 外,芝2000,良,,(美),竹内正洋,1580,-0.0,,2,2,34.4,458,0,
,"2024. 9. 1",新潟,3新8,2勝,両津湾特･2勝,6,11,ハビレ,牡,3,三浦皇成, 55 ,15,1,１, ,ダ1800,良,,(美),武井亮,1520,-0.0,8,7,5,37.1,500,+2,
,"2024. 9. 1",新潟,3新8,2勝,飯豊特別･2勝,1,1,セントメモリーズ,牝,3,石川裕紀, 53 ,7,1,１, 内,芝1400,良,,(美),斎藤誠,1216,-0.4,,1,1,34.4,476,+4,
,"2024. 9. 1",新潟,3新8,1勝,１勝ｸﾗｽ,7,10,ノーブルラン,牡,4,石田拓郎,55▲,12,10,１, ,ダ1800,良,,(美),尾形和幸,1529,-0.1,5,2,2,37.9,462,-4,
,"2024. 9. 1",新潟,3新8,未勝利,未勝利,5,8,バルサミコ,牝,3,菊沢一樹, 55 ,15,3,１, ,ダ1200,良,,(美),小手川準,1123,-0.3,,2,2,37.7,426,-4,
,"2024. 9. 1",新潟,3新8,新馬,新馬,4,8,マックアルイーン,牡,2,ルメール, 55 ,16,1,１, 内,芝1400,良,,(美),木村哲也,1233,-0.6,,1,1,35.6,518,,
,"2024. 9. 1",新潟,3新8,新馬,新馬,5,5,エンジェルマーク,牝,2,川田将雅, 55 ,6,3,１, 外,芝1800,良,,(美),宮田敬介,1529,-0.0,,2,3,32.9,438,,
,"2024. 9. 1",新潟,3新8,未勝利,未勝利,4,7,カラーオブジアース,牡,3,荻野極, 57 ,18,9,１, 内,芝2200,良,,(美),上原佑紀,2141,-0.0,3,3,2,35.9,466,-4,
,"2024. 9. 1",新潟,3新8,未勝利,未勝利,8,14,レッドアレグロ,牡,3,ルメール, 57 ,15,1,１, ,ダ1800,良,,(美),木村哲也,1532,-1.4,1,1,1,38.9,468,-4,B
,"2024. 9. 1",新潟,3新8,未勝利,未勝利*,7,8,ヴァルキリーバース,牝,2,ルメール, 55 ,11,1,１, 内,芝2000,良,,(美),田中博康,2015,-0.0,6,6,5,35.8,450,+8,
,"2024. 9. 1",新潟,3新8,未勝利,未勝利*,6,8,マリノトニトゥルス,牝,2,大江原比,51★,12,5,１, 内,芝1400,良,,(美),武市康男,1224,-0.0,,1,1,34.6,452,-2,
,"2024. 8.31",新潟,3新7,1勝,１勝ｸﾗｽ,2,3,ホウオウシェリー,牝,3,菅原明良, 53 ,17,3,１, 外,芝1600,稍,,(美),池上昌和,1340,-0.2,,2,2,34.3,424,-14,
,"2024. 8.31",新潟,3新7,3勝,古町Ｓ･3勝,7,8,カズプレスト,牡,5,津村明秀, 58 ,11,2,１, ,ダ1800,稍,,(栗),高柳大輔,1517,-0.0,1,1,1,38.0,518,0,B
,"2024. 8.31",新潟,3新7,2勝,赤倉特別･2勝,1,1,コスモシャングリラ,牝,4,丸山元気, 56 ,12,5,１, 外,芝2000,稍,,(美),水野貴広,2009,-0.1,,11,11,34.6,444,0,
,"2024. 8.31",新潟,3新7,1勝,瓢湖特別･1勝,4,5,ベンサレム,牡,3,ルメール, 55 ,14,1,１, 内,芝2200,稍,*,(美),稲垣幸雄,2156,-0.4,2,2,2,35.8,476,-4,
,"2024. 8.31",新潟,3新7,1勝,１勝ｸﾗｽ・牝,6,11,レヴィテーション,牝,3,宮崎北斗, 54 ,15,2,１, ,ダ1200,稍,,(美),中川公成,1123,-0.1,,3,2,37.7,432,-2,
,"2024. 8.31",新潟,3新7,未勝利,未勝利,1,1,フォティーゾ,牡,3,北村宏司, 57 ,18,4,１, 外,芝1800,良,,(美),宮田敬介,1468,-0.0,,9,9,33.7,482,-6,B
,"2024. 8.31",新潟,3新7,未勝利,未勝利,4,8,マンウォル,牝,3,菊沢一樹, 55 ,18,1,１, 外,芝1600,良,,(美),菊沢隆徳,1344,-0.1,,3,3,34.6,426,-2,
,"2024. 8.31",新潟,3新7,新馬,新馬,6,6,ヴィンセンシオ,牡,2,ルメール, 55 ,7,1,１, 内,芝2000,良,,(美),森一誠,2084,-0.0,2,2,2,35.2,492,,
,"2024. 8.31",新潟,3新7,ｵｰﾌﾟﾝ,障害・オープ,5,5,サイード,セ,5,小牧加矢, 61 ,10,6,１, ,芝3250,良,,(栗),角田晃一,3319,-0.1,4,3,3,13.0,500,-2,
,"2024. 8.31",新潟,3新7,未勝利,未勝利,5,8,サラフォーコン,牝,3,戸崎圭太, 55 ,15,1,１, ,ダ1200,良,,(美),大和田成,1121,-0.5,,1,1,37.0,426,+4,
,"2024. 8.31",新潟,3新7,未勝利,未勝利*,4,4,アルマグラース,牝,2,三浦皇成, 55 ,10,3,１, ,ダ1800,良,,(美),水野貴広,1586,-0.1,4,4,4,39.4,456,0,
,"2024. 8.31",新潟,3新7,未勝利,障害未勝利,1,1,トランシルヴァニア,セ,7,上野翔, 60 ,10,2,１, ,芝2850,良,,(美),田中剛,3059,-0.0,1,1,1,13.0,498,+4,
,"2024. 8.25",新潟,3新6,Ｇ３,新潟２歳G3,7,9,トータルクラリティ,牡,2,北村友一, 55 ,11,6,１, 外,芝1600,良,,(栗),池添学,1342,-0.1,,3,4,34.0,462,+8,
,"2024. 8.25",新潟,3新6,3勝,長岡ＳＨ･3勝,1,1,バレエマスター,牡,5,斎藤新, 54 ,14,8,１, 外,芝1600,良,,(栗),梅田智之,1334,-0.2,,5,5,33.9,466,-10,
,"2024. 8.25",新潟,3新6,2勝,岩室温泉･2勝,7,12,トーアアイギス,牝,3,江田照男, 54 ,15,5,１, ,ダ1200,良,,(美),村田一誠,1120,-0.0,,1,1,36.9,482,-4,
,"2024. 8.25",新潟,3新6,1勝,１勝ｸﾗｽ,1,1,グロッシェン,牡,3,横山武史, 55 ,15,1,１, ,ダ1800,良,,(美),宮田敬介,1525,-0.7,3,3,3,37.2,470,+6,
,"2024. 8.25",新潟,3新6,未勝利,未勝利,8,16,チビノシエラザード,牝,3,石橋脩, 55 ,18,3,１, 内,芝2000,良,*,(美),和田勇介,2015,-0.0,7,1,1,36.1,438,-2,
,"2024. 8.25",新潟,3新6,新馬,新馬・牝,5,10,マイエレメント,牝,2,横山武史, 55 ,17,1,１, 外,芝1600,良,,(栗),福永祐一,1349,-0.4,,5,5,33.3,468,,
,"2024. 8.25",新潟,3新6,新馬,新馬,7,7,ゴーソーファー,牝,2,横山武史, 55 ,9,2,１, 外,芝1800,良,,(美),手塚貴久,1497,-0.4,,1,1,34.4,450,,
,"2024. 8.25",新潟,3新6,未勝利,未勝利,7,12,オーブルクール,牝,3,石橋脩, 55 ,15,2,１, ,ダ1200,良,,(美),矢野英一,1118,-0.7,,2,2,37.0,470,-16,
,"2024. 8.25",新潟,3新6,未勝利,未勝利*,6,6,チョングク,牡,2,小林脩斗,53△,11,6,１, 内,芝1000,良,,(美),南田美知,0567,-0.2,,,4,33.5,458,0,
,"2024. 8.25",新潟,3新6,未勝利,未勝利,4,7,ウヌボレヤサン,牡,3,藤田菜七,55◇,15,12,１, ,ダ1800,良,,(美),本間忍,1546,-1.0,2,1,1,38.5,422,-4,
,"2024. 8.25",新潟,3新6,未勝利,障害未勝利,3,3,ピーターサイト,牡,4,上野翔, 60 ,8,2,１, ,芝2850,良,,(美),村田一誠,3107,-0.0,1,1,1,13.4,474,-2,
,"2024. 8.24",新潟,3新5,1勝,１勝ｸﾗｽ,3,5,モリノセピア,牡,3,津村明秀, 56 ,15,1,１, ,ダ1200,良,,(美),鈴木伸尋,1113,-0.4,,1,1,37.2,480,+10,
,"2024. 8.24",新潟,3新5,OP(L),朱鷺Ｓ(L),2,2,バルサムノート,牡,4,松岡正海, 57 ,13,5,１, 内,芝1400,良,*,(栗),高野友和,1202,-0.1,,2,2,35.0,504,+12,
,"2024. 8.24",新潟,3新5,2勝,五頭連峰･2勝,3,5,ワンダイレクト,牡,4,松岡正海, 58 ,16,3,１, 外,芝1600,良,,(栗),藤岡健一,1340,-0.1,,3,3,34.0,452,0,
,"2024. 8.24",新潟,3新5,1勝,中郷特別･1勝,3,5,チャンネルトンネル,牡,3,横山武史, 55 ,16,1,１, 外,芝1800,良,,(栗),福永祐一,1459,-0.2,,6,6,33.6,478,+8,
,"2024. 8.24",新潟,3新5,1勝,１勝ｸﾗｽ・牝,3,4,エスシーヤマト,牝,3,斎藤新, 53 ,15,5,１, ,ダ1800,良,,(美),加藤士津,1544,-0.0,12,14,12,38.1,444,-2,B
,"2024. 8.24",新潟,3新5,未勝利,未勝利,4,6,フリーマントル,牡,3,横山琉人,56☆,15,1,１, ,ダ1800,良,,(美),斎藤誠,1558,-0.5,5,3,3,40.1,500,-2,
,"2024. 8.24",新潟,3新5,新馬,新馬,5,9,モカラマーズ,牡,2,横山武史, 55 ,15,1,１, ,ダ1200,良,,(栗),高柳大輔,1144,-0.5,,4,5,38.0,466,,
,"2024. 8.24",新潟,3新5,新馬,新馬,2,2,マピュース,牝,2,田辺裕信, 55 ,12,2,１, 外,芝1600,良,,(美),和田勇介,1373,-0.0,,9,8,33.8,484,,
,"2024. 8.24",新潟,3新5,未勝利,未勝利・牝,7,13,ゴールデンステップ,牝,3,田辺裕信, 55 ,18,1,１, 内,芝2000,良,,(美),和田勇介,2007,-0.1,6,5,5,35.6,480,-2,
,"2024. 8.24",新潟,3新5,未勝利,未勝利,6,12,サクソフィーナ,牝,3,武藤雅, 55 ,18,6,１, 内,芝1200,良,,(美),田中博康,1089,-0.3,,2,2,34.7,488,+6,
,"2024. 8.24",新潟,3新5,未勝利,未勝利・牝,5,8,キョウエイフロイデ,牝,3,原優介,54☆,15,1,１, ,ダ1800,良,,(美),中川公成,1549,-0.6,11,9,9,39.3,472,0,
,"2024. 8.24",新潟,3新5,未勝利,未勝利*,6,6,カポレイラ,牝,2,柴田善臣, 55 ,10,2,１, 外,芝1600,良,,(美),中舘英二,1348,-0.1,,4,4,34.2,428,-8,
,"2024. 8.18",新潟,3新4,1勝,１勝ｸﾗｽ,2,2,サンダーアラート,セ,3,戸崎圭太, 55 ,15,2,１, ,ダ1800,良,,(美),田中博康,1531,-0.1,5,5,3,38.4,472,+8,
,"2024. 8.18",新潟,3新4,ｵｰﾌﾟﾝ,ＮＳＴ賞Ｈ,7,12,メタマックス,牡,4,菅原明良, 56 ,14,3,１, ,ダ1200,良,*,(栗),森秀行,1114,-0.2,,7,6,36.5,528,+2,
,"2024. 8.18",新潟,3新4,2勝,阿賀野川･2勝,6,10,ピースワンデュック,牡,3,柴田善臣, 55 ,14,2,１, 内,芝2200,良,,(美),大竹正博,2119,-0.0,6,5,5,34.5,454,0,
,"2024. 8.18",新潟,3新4,1勝,閃光特別･1勝,8,16,トレブランシュ,牝,4,吉田豊, 56 ,18,6,１, 内,芝1000,良,,(美),稲垣幸雄,0546,-0.0,,,3,32.5,422,-4,
,"2024. 8.18",新潟,3新4,1勝,１勝ｸﾗｽ,3,5,アイズ,牡,3,石神深道,53▲,15,2,１, ,ダ1200,良,,(美),菊沢隆徳,1118,-0.5,,2,2,36.5,490,+12,B
,"2024. 8.18",新潟,3新4,未勝利,未勝利,5,9,クロシェットノエル,牝,3,武藤雅, 55 ,18,5,１, 内,芝2000,良,,(美),戸田博文,2008,-0.2,8,6,4,34.6,444,+6,
,"2024. 8.18",新潟,3新4,未勝利,未勝利,4,6,ミスエル,牡,3,菊沢一樹, 57 ,15,2,１, ,ダ1200,良,,(美),菊沢隆徳,1119,-0.5,,2,2,37.1,474,+2,
,"2024. 8.18",新潟,3新4,新馬,新馬,8,11,パッションリッチ,牡,2,菅原明良, 55 ,12,5,１, 外,芝1800,良,,(美),久保田貴,1495,-0.2,,2,2,34.5,476,,
,"2024. 8.18",新潟,3新4,未勝利,未勝利,8,18,ベランジェール,牝,3,ルメール, 55 ,18,1,１, 内,芝1400,良,,(美),木村哲也,1215,-0.1,,16,15,34.1,460,0,
,"2024. 8.18",新潟,3新4,未勝利,未勝利・牝,4,7,ルージュアベリア,牝,3,戸崎圭太, 55 ,15,2,１, ,ダ1800,良,,(美),田中博康,1543,-1.0,8,6,3,37.9,488,-4,
,"2024. 8.18",新潟,3新4,未勝利,未勝利*,8,10,シルバーレイン,牡,2,ルメール, 55 ,10,2,１, 外,芝1800,良,,(美),萩原清,1482,-0.8,,8,8,33.2,458,+2,
,"2024. 8.18",新潟,3新4,未勝利,未勝利・牝*,8,9,ミラーダカリエンテ,牝,2,石川裕紀, 55 ,10,3,１, 外,芝1600,良,,(美),相沢郁,1364,-0.1,,1,1,34.1,474,-2,
,"2024. 8.17",新潟,3新3,1勝,１勝ｸﾗｽ・牝,8,17,ニューステソーロ,牝,3,木幡巧也, 53 ,18,4,１, 外,芝1800,良,,(美),高木登,1454,-0.4,,2,2,34.4,480,+2,
,"2024. 8.17",新潟,3新3,3勝,日本海Ｓ･3勝,8,9,ヘデントール,牡,3,ルメール, 55 ,9,1,１, 内,芝2200,良,,(美),木村哲也,2124,-0.6,3,3,3,33.6,480,+6,
,"2024. 8.17",新潟,3新3,3勝,上越Ｓ･3勝,2,2,ジュンウィンダム,牝,4,津村明秀, 56 ,15,5,１, ,ダ1200,良,*,(栗),浜田多実,1112,-0.2,,7,7,36.4,512,+18,
,"2024. 8.17",新潟,3新3,2勝,瀬波温泉･2勝,7,12,ジャスパーロブスト,セ,3,ルメール, 55 ,15,1,１, ,ダ1800,良,,(栗),森秀行,1517,-0.7,2,2,2,37.8,492,-12,
,"2024. 8.17",新潟,3新3,1勝,１勝ｸﾗｽ,4,4,スティンガーグラス,牡,3,ルメール, 55 ,12,1,１, 内,芝2400,良,,(美),木村哲也,2247,-0.8,4,3,3,35.3,470,-6,
,"2024. 8.17",新潟,3新3,未勝利,未勝利・牝,2,3,コンテネレッツア,牝,3,ルメール, 55 ,18,1,１, 外,芝1600,良,,(美),宮田敬介,1332,-0.9,,12,13,33.3,470,+8,
,"2024. 8.17",新潟,3新3,新馬,新馬,7,13,ジャナドリア,牡,2,ルメール, 55 ,15,1,１, ,ダ1800,良,,(美),武井亮,1550,-0.1,4,4,3,38.2,502,,
,"2024. 8.17",新潟,3新3,新馬,新馬,2,4,エコロジーク,牡,2,ルメール, 55 ,18,1,１, 内,芝1200,良,,(栗),森秀行,1089,-0.9,,1,1,34.6,480,,
,"2024. 8.17",新潟,3新3,ｵｰﾌﾟﾝ,障害・オープ,7,7,レッドバロッサ,セ,5,小牧加矢, 60 ,9,3,１, ,芝2850,良,,(栗),音無秀孝,3043,-0.5,4,2,2,12.9,504,+6,
,"2024. 8.17",新潟,3新3,未勝利,未勝利*,2,2,ニシノリンダ,牝,2,原優介,54☆,15,2,１, ,ダ1200,良,,(美),青木孝文,1130,-0.3,,2,2,38.2,428,-4,
,"2024. 8.17",新潟,3新3,未勝利,未勝利,2,2,ミダース,牡,3,ルメール, 57 ,14,1,１, ,ダ1800,良,,(美),栗田徹,1546,-0.9,4,4,3,39.8,512,+6,
,"2024. 8.17",新潟,3新3,未勝利,障害未勝利,1,1,シャンドゥレール,セ,4,伴啓太, 60 ,12,8,１, ,芝2850,良,,(美),国枝栄,3054,-0.8,3,3,1,13.0,494,-8,
,"2024. 8.11",新潟,3新2,1勝,１勝ｸﾗｽ,8,15,サフランヒーロー,牡,3,佐々木大, 56 ,15,2,１, ,ダ1200,良,,(美),森一誠,1114,-0.1,,2,2,36.8,436,-10,
,"2024. 8.11",新潟,3新2,Ｇ３,関屋記念G3,7,15,トゥードジボン,牡,5,松山弘平, 57 ,18,3,１, 外,芝1600,良,,(栗),四位洋文,1329,-0.2,,1,1,33.3,488,+2,
,"2024. 8.11",新潟,3新2,3勝,稲妻Ｓ･3勝,8,17,クムシラコ,牡,6,杉原誠人, 58 ,17,1,１, 内,芝1000,良,*,(美),石毛善彦,0544,-0.1,,,6,32.2,468,0,
,"2024. 8.11",新潟,3新2,2勝,三面川特･2勝,1,1,テウメッサ,牝,3,戸崎圭太, 53 ,13,1,１, 外,芝1800,良,,(美),金成貴史,1458,-0.2,,11,12,33.0,460,0,
,"2024. 8.11",新潟,3新2,1勝,１勝ｸﾗｽ,6,11,ウィンドフォール,牡,3,木幡巧也, 55 ,15,1,１, ,ダ1800,良,,(美),牧光二,1529,-0.4,1,1,1,36.4,460,-6,
,"2024. 8.11",新潟,3新2,1勝,１勝ｸﾗｽ,8,10,ジオセントリック,牡,3,石川裕紀, 55 ,11,3,１, 外,芝2000,良,,(美),手塚貴久,2003,-0.5,,2,2,33.8,478,+2,
,"2024. 8.11",新潟,3新2,未勝利,未勝利,8,18,エイシンポリシー,牝,3,石橋脩, 55 ,18,5,１, 外,芝1800,良,,(美),勢司和浩,1469,-0.3,,1,1,35.1,472,0,
,"2024. 8.11",新潟,3新2,新馬,新馬,5,7,マスカレードボール,牡,2,戸崎圭太, 55 ,13,1,１, 外,芝1600,良,,(美),手塚貴久,1358,-0.1,,10,10,34.4,460,,
,"2024. 8.11",新潟,3新2,未勝利,未勝利,3,5,レッドレナート,牡,3,佐々木大, 57 ,15,2,１, ,ダ1200,良,,(美),手塚貴久,1122,-0.7,,1,1,37.7,476,-4,B
,"2024. 8.11",新潟,3新2,未勝利,未勝利*,2,2,キョウエイボニータ,牝,2,松岡正海, 55 ,14,1,１, 内,芝1400,良,,(美),伊藤伸一,1222,-0.2,,4,4,36.0,446,0,
,"2024. 8.11",新潟,3新2,未勝利,未勝利,3,5,コスモフレディ,牡,3,戸崎圭太, 57 ,15,2,１, ,ダ1800,良,,(美),水野貴広,1540,-0.3,5,3,2,37.7,450,-6,B
,"2024. 8.11",新潟,3新2,未勝利,障害未勝利,6,7,ヴァトレニ,セ,6,森一馬, 60 ,11,1,１, ,芝2850,良,,(栗),長谷川浩,3052,-0.0,1,1,1,13.0,440,-4,
,"2024. 8.10",新潟,3新1,1勝,１勝ｸﾗｽ,3,5,ララマセラシオン,牡,3,菅原明良, 55 ,18,5,１, 内,芝1400,良,*,(美),大竹正博,1212,-0.1,,5,6,34.3,518,+2,
,"2024. 8.10",新潟,3新1,OP(L),ＢＳＮＨ(L),2,3,ブレイクフォース,牡,5,田辺裕信, 55 ,15,9,１, ,ダ1800,良,,(美),中舘英二,1510,-0.1,13,13,11,36.7,492,+2,
,"2024. 8.10",新潟,3新1,2勝,新発田Ｈ･2勝,8,14,サクセスアイ,牝,4,菊沢一樹, 53 ,14,6,１, 内,芝1400,良,,(栗),北出成人,1203,-0.0,,10,10,33.9,442,+4,
,"2024. 8.10",新潟,3新1,2勝,浦佐特別･2勝,1,1,クリノアルバトロス,牡,4,原優介, 58 ,15,2,１, ,ダ1200,良,,(美),伊藤伸一,1112,-0.0,,11,9,35.8,506,-6,
,"2024. 8.10",新潟,3新1,1勝,１勝ｸﾗｽ・牝,5,9,マンマリアーレ,牝,4,荻野極, 56 ,15,4,１, ,ダ1800,良,,(美),高木登,1527,-0.5,2,2,2,36.8,472,+4,
,"2024. 8.10",新潟,3新1,未勝利,未勝利,8,18,ポトマックテソーロ,牝,3,戸崎圭太, 55 ,18,1,１, 内,芝1000,良,,(美),嘉藤貴行,0556,-0.0,,,4,33.0,430,-12,
,"2024. 8.10",新潟,3新1,新馬,新馬・牝,3,6,セナマリン,牝,2,戸崎圭太, 55 ,18,1,１, 内,芝1400,良,,(栗),安田翔伍,1223,-0.7,,4,3,35.3,502,,
,"2024. 8.10",新潟,3新1,新馬,新馬,3,6,ジーティーマン,牡,2,戸崎圭太, 55 ,16,2,１, 外,芝1800,良,,(栗),小栗実,1478,-0.1,,2,2,34.1,474,,
,"2024. 8.10",新潟,3新1,未勝利,未勝利,7,13,ダノンストラーダ,牡,3,菅原明良, 57 ,15,1,１, ,ダ1800,良,,(美),国枝栄,1543,-0.0,3,3,2,38.9,508,-4,B
,"2024. 8.10",新潟,3新1,未勝利,未勝利,2,3,ラルンエベール,牝,3,津村明秀, 55 ,18,4,１, 内,芝2400,良,*,(美),田島俊明,2257,-0.1,9,3,2,36.0,420,-6,
,"2024. 8.10",新潟,3新1,未勝利,未勝利・牝,6,10,クールソル,牝,3,菅原明良, 55 ,15,2,１, ,ダ1200,良,,(美),斎藤誠,1122,-0.2,,2,2,36.7,456,+4,
,"2024. 8.10",新潟,3新1,未勝利,未勝利*,2,2,クライスレリアーナ,牝,2,ルメール, 55 ,12,1,１, 外,芝1800,良,,(美),木村哲也,1464,-0.8,,2,2,34.6,440,+4,
,"2024. 8. 4",新潟,2新4,2勝,苗場特別･2勝,5,8,ダイメイセブン,牡,4,酒井学, 58 ,15,1,１, ,ダ1800,良,,(栗),本田優,1530,-0.1,2,2,2,38.0,516,+6,
,"2024. 8. 4",新潟,2新4,ｵｰﾌﾟﾝ,ダリア賞,8,8,プリティディーヴァ,牝,2,ルメール, 55 ,9,1,１, 内,芝1400,良,,(美),田中博康,1216,-0.1,,5,4,35.1,466,+8,
,"2024. 8. 4",新潟,2新4,1勝,１勝ｸﾗｽ,4,8,シヴァース,牡,3,Ｍ．デム, 55 ,18,2,１, 外,芝1600,良,,(栗),友道康夫,1325,-0.1,,7,5,33.4,448,+8,
,"2024. 8. 4",新潟,2新4,未勝利,未勝利,3,5,ライトニングゼウス,牡,3,菊沢一樹, 57 ,15,7,１, ,ダ1200,良,,(美),勢司和浩,1119,-0.6,,1,1,37.6,504,0,
,"2024. 8. 4",新潟,2新4,1勝,１勝ｸﾗｽ,3,4,ランスオブクイーン,牝,3,川田将雅, 53 ,14,1,１, 内,芝2200,良,,(栗),奥村豊,2113,-0.2,11,5,4,34.5,442,+6,
,"2024. 8. 4",新潟,2新4,Ｇ３,レパードG3,1,1,ミッキーファイト,牡,3,戸崎圭太, 57 ,15,1,１, ,ダ1800,良,,(美),田中博康,1512,-0.2,3,3,3,37.6,542,+2,
,"2024. 8. 4",新潟,2新4,2勝,驀進特別･2勝,8,16,ジャスパーノワール,牡,3,団野大成, 56 ,18,1,１, 内,芝1000,良,,(栗),森秀行,0549,-0.0,,,1,33.0,504,-2,
,"2024. 8. 4",新潟,2新4,未勝利,未勝利,4,7,ハニーコム,牝,3,戸崎圭太, 55 ,18,3,１, 外,芝1600,良,,(美),蛯名正義,1334,-0.0,,5,5,33.7,430,+2,
,"2024. 8. 4",新潟,2新4,未勝利,未勝利,7,13,アンドゥーラ,牡,3,坂井瑠星, 57 ,15,3,１, ,ダ1800,良,,(栗),須貝尚介,1543,-0.1,3,1,1,37.9,466,-4,
,"2024. 8. 4",新潟,2新4,新馬,新馬,6,6,ジェゼロ,牡,2,川田将雅, 55 ,9,1,１, 外,芝1800,良,,(栗),須貝尚介,1509,-0.0,,7,7,33.0,478,,
,"2024. 8. 4",新潟,2新4,新馬,新馬・牝,5,8,ダンツエラン,牝,2,団野大成, 55 ,14,3,１, 外,芝1600,良,,(栗),本田優,1360,-0.1,,2,2,33.6,480,,
,"2024. 8. 4",新潟,2新4,未勝利,未勝利*,5,5,コスモイシュタル,牝,2,松岡正海, 55 ,8,2,１, 内,芝2000,良,*,(美),深山雅史,2022,-0.0,4,4,3,35.7,416,0,
,"2024. 8. 3",新潟,2新3,1勝,１勝ｸﾗｽ,5,6,ジャスパーロブスト,セ,3,ルメール, 55 ,13,1,１, ,ダ1800,良,,(栗),森秀行,1526,-0.7,1,1,1,38.5,504,+4,
,"2024. 8. 3",新潟,2新3,2勝,月岡温泉･2勝,7,7,オールセインツ,牡,3,坂井瑠星, 55 ,8,2,１, 外,芝2000,良,,(栗),友道康夫,2017,-0.0,,4,4,32.3,492,+2,
,"2024. 8. 3",新潟,2新3,未勝利,未勝利,3,6,ハッピーデービー,牝,3,大江原比,51★,18,11,１, 内,芝1200,良,,(美),鈴木伸尋,1085,-0.1,,1,1,35.1,442,-4,
,"2024. 8. 3",新潟,2新3,未勝利,未勝利,3,5,タガノディガー,牝,3,河原田菜,51★,15,5,１, ,ダ1800,良,,(栗),岡田稲男,1544,-0.0,1,1,1,38.5,452,+4,
,"2024. 8. 3",新潟,2新3,1勝,１勝ｸﾗｽ,8,14,トーアアイギス,牝,3,江田照男, 54 ,15,2,１, ,ダ1200,良,,(美),村田一誠,1127,-0.0,,2,2,37.9,486,+16,
,"2024. 8. 3",新潟,2新3,3勝,新潟日報･3勝,2,3,シンティレーション,牝,5,和田竜二, 56 ,16,11,１, 外,芝1800,良,,(美),池上昌和,1441,-0.1,,6,6,33.3,480,-4,
,"2024. 8. 3",新潟,2新3,3勝,柳都ＳＨ･3勝,5,9,ゴールドバランサー,牡,4,田辺裕信, 57 ,15,2,１, ,ダ1800,良,,(美),鈴木慎太,1519,-0.1,4,3,3,37.8,464,+8,
,"2024. 8. 3",新潟,2新3,未勝利,未勝利,1,1,サダムオプシス,牡,3,藤懸貴志, 57 ,18,13,１, 内,芝2000,良,,(栗),平田修,1598,-0.1,6,3,5,35.4,478,-2,
,"2024. 8. 3",新潟,2新3,新馬,新馬,6,7,シンフォーエバー,牡,2,戸崎圭太, 55 ,11,3,１, 外,芝1600,良,,(栗),森秀行,1359,-0.4,,1,1,33.3,494,,
,"2024. 8. 3",新潟,2新3,新馬,新馬,6,10,シンビリーブ,牡,2,松山弘平, 55 ,15,1,１, ,ダ1800,良,,(栗),森秀行,1547,-0.9,2,2,2,39.3,508,,
,"2024. 8. 3",新潟,2新3,未勝利,未勝利*,4,4,アルレッキーノ,牡,2,ルメール, 55 ,7,1,１, 外,芝1600,良,,(美),国枝栄,1333,-1.2,,1,1,33.7,462,+2,
,"2024. 8. 3",新潟,2新3,未勝利,未勝利*,4,4,セルヴァンス,牡,2,坂井瑠星, 55 ,9,1,１, 内,芝1200,良,,(栗),小椋研介,1088,-0.2,,1,1,34.7,422,-2,
,"2024. 7.28",新潟,2新2,2勝,麒麟山特･2勝,5,8,ヒューゴ,牡,4,笹川翼, 58 ,15,5,１, ,ダ1800,稍,,(美),加藤征弘,1529,-0.0,12,13,13,38.4,454,-2,
,"2024. 7.28",新潟,2新2,1勝,１勝ｸﾗｽ,3,5,エマロア,牝,3,和田竜二, 53 ,16,2,１, 外,芝1800,良,,(栗),平田修,1458,-0.4,,3,3,34.3,494,+2,
,"2024. 7.28",新潟,2新2,未勝利,未勝利,2,3,コンフェルマ,牡,3,松山弘平, 57 ,17,2,１, 内,芝2200,良,,(栗),寺島良,2147,-0.2,1,1,1,35.1,490,-10,
,"2024. 7.28",新潟,2新2,未勝利,未勝利,6,11,ゲインサポート,牡,3,団野大成, 57 ,15,4,１, ,ダ1800,稍,,(栗),斉藤崇史,1559,-0.3,3,2,2,39.5,452,+4,B
,"2024. 7.28",新潟,2新2,1勝,１勝ｸﾗｽ,2,2,グッジョブ,牡,4,坂井瑠星, 58 ,15,4,１, ,ダ1200,稍,,(栗),牧浦充徳,1114,-0.0,,6,5,37.3,444,-12,
,"2024. 7.28",新潟,2新2,Ｇ３,アイビスG3,7,15,モズメイメイ,牝,4,国分恭介, 55 ,18,3,１, 内,芝1000,良,,(栗),音無秀孝,0553,-0.1,,,7,32.8,464,-4,
,"2024. 7.28",新潟,2新2,3勝,佐渡ＳＨ･3勝,6,11,マルディランダ,牡,4,戸崎圭太, 56 ,18,4,１, 内,芝1400,良,,(美),金成貴史,1192,-0.3,,9,9,34.2,484,0,
,"2024. 7.28",新潟,2新2,未勝利,未勝利,4,7,ビーコング,牡,3,吉村誠之,54▲,15,3,１, ,ダ1200,良,,(栗),新谷功一,1120,-0.1,,2,2,37.7,482,0,
,"2024. 7.28",新潟,2新2,新馬,新馬,8,11,プロクレイア,牝,2,坂井瑠星, 55 ,12,2,１, 外,芝1600,良,,(栗),小林真也,1355,-0.1,,8,6,33.8,456,,
,"2024. 7.28",新潟,2新2,新馬,新馬,6,6,ディアナザール,牡,2,団野大成, 55 ,9,1,１, 外,芝1800,良,,(栗),斉藤崇史,1486,-0.1,,3,4,33.9,472,,
,"2024. 7.28",新潟,2新2,未勝利,未勝利*,8,9,スカイブルー,牡,2,戸崎圭太, 55 ,9,3,１, ,ダ1200,良,,(栗),杉山晴紀,1122,-0.2,,1,1,36.9,500,0,
,"2024. 7.28",新潟,2新2,未勝利,未勝利*,7,8,アーリントンロウ,牡,2,坂井瑠星, 55 ,11,2,１, 内,芝1400,良,,(栗),松下武士,1206,-0.3,,1,1,35.2,506,+2,
,"2024. 7.27",新潟,2新1,2勝,出雲崎特･2勝,3,4,エランティス,牝,4,松若風馬, 56 ,15,3,１, ,ダ1200,良,,(栗),杉山晴紀,1109,-0.3,,1,1,36.7,484,+4,
,"2024. 7.27",新潟,2新1,1勝,１勝ｸﾗｽ,7,15,ニシノコニャック,牡,5,菊沢一樹, 58 ,18,7,１, 内,芝1000,良,,(美),伊藤大士,0555,-0.0,,,7,33.1,448,-16,B
,"2024. 7.27",新潟,2新1,未勝利,未勝利,2,3,ハイグッドワールド,牡,3,柴田裕一,54▲,15,2,１, ,ダ1800,良,,(栗),谷潔,1549,-0.0,6,5,5,39.1,494,-4,
,"2024. 7.27",新潟,2新1,ＪＧ３,新潟ジャJG3,4,5,ホッコーメヴィウス,セ,8,小牧加矢, 60 ,13,2,１, ,芝3250,良,*,(栗),清水久詞,3323,-0.1,1,1,1,13.1,472,+4,
,"2024. 7.27",新潟,2新1,1勝,１勝ｸﾗｽ,3,5,ダノンピレネー,牡,3,松若風馬, 55 ,15,8,１, ,ダ1800,良,,(栗),高柳大輔,1519,-1.0,1,1,1,37.3,540,+16,
,"2024. 7.27",新潟,2新1,ｵｰﾌﾟﾝ,関越Ｓ,3,4,クルゼイロドスル,牡,4,川田将雅, 57 ,15,3,１, 外,芝1800,良,,(栗),高橋義忠,1440,-0.1,,9,8,33.6,490,0,
,"2024. 7.27",新潟,2新1,2勝,豊栄特別･2勝,5,10,トラマンダーレ,牡,4,ルメール, 58 ,18,2,１, 外,芝1600,良,,(美),鹿戸雄一,1321,-0.1,,7,9,32.7,512,+2,
,"2024. 7.27",新潟,2新1,未勝利,未勝利,1,1,アストラッド,牝,3,石川裕紀, 55 ,18,10,１, 内,芝1400,良,,(美),和田正一,1206,-0.0,,7,5,35.3,414,+8,
,"2024. 7.27",新潟,2新1,未勝利,未勝利,5,9,ルージュカエラ,牝,3,ルメール, 55 ,18,3,１, 外,芝1800,良,,(美),加藤征弘,1454,-0.4,,6,7,34.5,438,+2,
,"2024. 7.27",新潟,2新1,新馬,新馬,3,3,エコロアゼル,牡,2,戸崎圭太, 55 ,14,2,１, ,ダ1200,良,,(栗),森秀行,1127,-0.4,,1,1,37.7,494,,
,"2024. 7.27",新潟,2新1,新馬,新馬,1,1,ジャスパーディビネ,牡,2,松若風馬, 55 ,15,3,１, 内,芝1400,良,,(栗),森秀行,1219,-0.1,,1,1,35.2,510,,
,"2024. 7.27",新潟,2新1,未勝利,未勝利*,3,3,エンブロイダリー,牝,2,ルメール, 55 ,6,1,１, 外,芝1800,良,,(美),森一誠,1455,-1.2,,1,1,34.3,480,0,
,"2024. 5.19",新潟,1新8,1勝,１勝ｸﾗｽ,5,8,フェザーモチーフ,セ,4,丹内祐次, 58 ,15,2,１, ,ダ1800,良,,(美),武井亮,1536,-0.6,2,3,3,37.5,452,+2,
,"2024. 5.19",新潟,1新8,ｵｰﾌﾟﾝ,韋駄天ＳＨ,7,13,チェイスザドリーム,牝,5,丸山元気, 55 ,16,1,１, 内,芝1000,良,,(栗),矢作芳人,0550,-0.1,,,2,32.9,470,+4,
,"2024. 5.19",新潟,1新8,2勝,火打山特･2勝,5,8,シラキヌ,牝,5,秋山稔樹, 56 ,15,1,１, ,ダ1200,良,*,(栗),小林真也,1111,-0.3,,2,2,37.3,506,+6,
,"2024. 5.19",新潟,1新8,1勝,石打特別･1勝,5,7,タケトンボ,牝,5,秋山稔樹, 56 ,14,8,１, 外,芝1800,良,,(栗),宮徹,1481,-0.1,,2,2,35.2,446,+8,
,"2024. 5.19",新潟,1新8,1勝,１勝ｸﾗｽ,1,1,サトノヴィレ,セ,4,荻野極, 58 ,16,3,１, 内,芝1400,良,,(美),鹿戸雄一,1233,-0.2,,5,5,35.4,496,0,
,"2024. 5.19",新潟,1新8,1勝,１勝ｸﾗｽ,5,8,トーセンニック,牡,6,江田照男, 58 ,15,9,１, ,ダ1200,良,,(美),田村康仁,1112,-0.0,,4,4,36.2,466,-6,B
,"2024. 5.19",新潟,1新8,未勝利,未勝利・若,3,5,ケイツールピア,牝,3,小林美駒,51★,16,1,１, 外,芝1800,良,,(美),鈴木慎太,1499,-0.2,,11,9,34.5,412,-4,
,"2024. 5.19",新潟,1新8,未勝利,未勝利,8,16,オリエンタルナイト,牡,3,小崎綾也, 57 ,16,2,１, 内,芝2200,良,,(栗),寺島良,2168,-0.0,8,7,5,36.8,518,-4,
,"2024. 5.19",新潟,1新8,未勝利,障害未勝利,8,13,スピアヘッド,牡,5,坂口智康,57▲,14,3,１, ,芝2890,良,,(美),菊川正達,3107,-0.6,5,2,2,13.2,442,-4,
,"2024. 5.19",新潟,1新8,未勝利,未勝利,2,2,テーオーマーシャル,牡,3,亀田温心, 57 ,15,5,１, ,ダ1800,良,,(栗),高柳大輔,1532,-1.1,3,4,3,36.2,488,+8,
,"2024. 5.19",新潟,1新8,未勝利,未勝利,7,13,フィオライア,牝,3,丸山元気, 55 ,16,4,１, 内,芝1200,良,,(栗),西園正都,1107,-0.2,,2,2,35.8,460,+8,
,"2024. 5.19",新潟,1新8,未勝利,未勝利・牝,2,3,ドナレア,牝,3,荻野極, 55 ,15,11,１, ,ダ1200,良,,(美),高木登,1127,-0.2,,1,1,38.2,436,+6,
,"2024. 5.18",新潟,1新7,1勝,１勝ｸﾗｽ,2,2,グッドウッドガイ,牡,5,中井裕二, 58 ,15,1,１, ,ダ1200,良,,(栗),村山明,1112,-0.2,,8,7,36.7,518,-8,
,"2024. 5.18",新潟,1新7,2勝,大日岳特･2勝,4,8,サトノグレイト,セ,4,北村友一, 58 ,16,4,１, 内,芝1200,良,,(栗),中竹和也,1097,-0.2,,2,2,35.6,492,-6,
,"2024. 5.18",新潟,1新7,1勝,二王子特･1勝,3,3,ノーブルクライ,牡,4,丹内祐次, 58 ,10,3,１, 外,芝2000,良,,(美),田村康仁,2010,-0.0,,8,8,35.0,504,0,B
,"2024. 5.18",新潟,1新7,1勝,飛竜特別･1勝,2,4,オリアメンディ,牝,6,黛弘人, 56 ,16,6,１, 内,芝1000,良,*,(美),石毛善彦,0565,-0.1,,,15,33.1,464,-6,
,"2024. 5.18",新潟,1新7,1勝,１勝ｸﾗｽ・牝,5,9,ミヤジレガリア,牝,4,丹内祐次, 56 ,15,1,１, ,ダ1800,良,,(栗),鈴木孝志,1546,-0.2,1,1,1,38.0,500,-8,
,"2024. 5.18",新潟,1新7,未勝利,未勝利,3,5,ホウオウペトリュス,牝,3,佐々木大, 55 ,16,6,１, 外,芝1600,良,,(栗),須貝尚介,1365,-0.1,,6,6,35.7,440,+4,
,"2024. 5.18",新潟,1新7,未勝利,未勝利・若,8,15,メイショウフウドウ,牡,3,西塚洸二,55△,15,1,１, ,ダ1800,良,,(栗),藤原英昭,1533,-0.2,2,2,2,37.6,484,0,
,"2024. 5.18",新潟,1新7,未勝利,未勝利・牝,8,15,ノリピー,牝,3,富田暁, 55 ,16,6,１, 内,芝2000,良,,(栗),西園翔太,2045,-0.1,7,8,6,37.2,446,-2,
,"2024. 5.18",新潟,1新7,未勝利,障害未勝利,5,6,ゴールドルパン,セ,5,金子光希, 60 ,13,9,１, ,芝2890,良,,(美),石栗龍彦,3110,-0.8,9,5,5,13.2,470,0,
,"2024. 5.18",新潟,1新7,未勝利,未勝利,5,9,モリノセピア,牡,3,小林美駒,53★,15,1,１, ,ダ1200,良,,(美),鈴木伸尋,1114,-1.2,,1,1,36.7,470,-10,
,"2024. 5.18",新潟,1新7,未勝利,未勝利・牝,7,12,アパイシュナール,牝,3,丸山元気, 55 ,15,6,１, ,ダ1800,良,,(美),田村康仁,1548,-0.4,2,2,2,39.7,450,-2,
,"2024. 5.18",新潟,1新7,ｵｰﾌﾟﾝ,障害・オープ,3,4,サペラヴィ,牡,7,江田勇亮, 61 ,14,5,１, ,芝3290,良,,(美),南田美知,3372,-0.6,2,1,1,13.2,484,-2,
,"2024. 5.12",新潟,1新6,1勝,１勝ｸﾗｽ,4,5,トーホウジュナール,牝,6,永島まな,54◇,13,5,１, 内,芝1200,良,,(栗),谷潔,1104,-0.1,,9,10,34.7,480,+12,
,"2024. 5.12",新潟,1新6,3勝,弥彦Ｓ･3勝,3,5,セレシオン,牡,5,荻野極, 58 ,16,1,１, 外,芝1800,良,,(栗),友道康夫,1475,-0.3,,8,7,33.4,474,+8,B
,"2024. 5.12",新潟,1新6,2勝,中ノ岳Ｈ･2勝,7,11,シェットランド,牡,4,荻野極, 56 ,14,1,１, ,ダ1800,良,,(美),久保田貴,1517,-0.3,2,2,2,37.4,552,0,
,"2024. 5.12",新潟,1新6,1勝,尖閣湾特･1勝,1,1,プリティユニバンス,牝,7,亀田温心, 56 ,8,5,１, 外,芝2000,良,*,(栗),村山明,2025,-0.2,,3,3,34.9,468,-8,
,"2024. 5.12",新潟,1新6,1勝,１勝ｸﾗｽ,7,11,スペキオサレジーナ,牝,4,佐々木大,55☆,14,3,１, ,ダ1200,良,,(美),森一誠,1118,-0.2,,8,7,36.6,462,-4,B
,"2024. 5.12",新潟,1新6,未勝利,未勝利,6,11,ファンユー,牝,3,河原田菜,51★,16,4,１, 内,芝1000,良,,(美),加藤和宏,0558,-0.1,,,1,33.6,480,0,
,"2024. 5.12",新潟,1新6,1勝,１勝ｸﾗｽ・牝,4,4,ウィルフルネス,牝,5,川端海翼,53▲,11,4,１, ,ダ1800,良,,(栗),四位洋文,1531,-0.9,2,1,1,37.4,490,+24,
,"2024. 5.12",新潟,1新6,未勝利,障害未勝利,8,9,ステラナビゲーター,牡,5,石神深一, 60 ,9,6,１, ,芝2890,良,,(美),菊川正達,3104,-1.0,4,4,2,13.2,508,-2,B
,"2024. 5.12",新潟,1新6,未勝利,障害未勝利,7,8,ラストドラフト,牡,8,上野翔, 60 ,11,1,１, ,芝2890,良,,(美),戸田博文,3092,-0.2,2,2,2,13.1,474,+8,
,"2024. 5.12",新潟,1新6,未勝利,未勝利,7,13,ジェンマ,牡,3,小林美駒,53★,15,3,１, ,ダ1800,良,,(美),尾形和幸,1546,-0.4,1,1,1,37.2,468,-4,
,"2024. 5.12",新潟,1新6,未勝利,未勝利・若,6,10,ゼンノツキヨミ,牝,3,佐々木大,54☆,15,3,１, ,ダ1200,良,,(栗),武幸四郎,1127,-0.2,,4,4,38.0,426,-10,
,"2024. 5.12",新潟,1新6,未勝利,未勝利,8,16,ダイユウハミルトン,牡,3,菊沢一樹, 57 ,16,6,１, 外,芝1800,良,,(美),松永康利,1490,-0.2,,9,8,34.4,462,-2,
,"2024. 5.11",新潟,1新5,1勝,１勝ｸﾗｽ,6,10,シックザイン,牡,5,小林勝太,55▲,14,10,１, ,ダ1200,良,,(美),水野貴広,1124,-0.0,,9,7,36.9,470,-2,
,"2024. 5.11",新潟,1新5,2勝,信濃川特･2勝,8,11,シーウィザード,牡,4,荻野極, 58 ,11,1,１, 外,芝2000,良,,(美),鹿戸雄一,2014,-0.4,,2,2,33.5,484,-8,
,"2024. 5.11",新潟,1新5,1勝,三国特別･1勝,2,2,エンファサイズ,牡,4,富田暁, 58 ,12,3,１, 外,芝1600,良,,(栗),四位洋文,1362,-0.1,,6,7,33.7,452,+8,
,"2024. 5.11",新潟,1新5,1勝,はやぶさ･1勝,8,12,アサギリ,牝,3,丹内祐次, 55 ,12,3,１, 内,芝1000,良,*,(美),尾形和幸,0556,-0.1,,,6,33.0,436,-8,
,"2024. 5.11",新潟,1新5,1勝,１勝ｸﾗｽ,5,8,アニトラ,牝,4,小林美駒,52★,14,8,１, ,ダ1800,良,,(美),矢嶋大樹,1531,-0.1,2,1,1,38.5,464,+2,B
,"2024. 5.11",新潟,1新5,1勝,１勝ｸﾗｽ・若,5,5,ラテラルシンキング,牡,4,佐々木大,57☆,8,1,１, 外,芝1800,良,,(美),黒岩陽一,1475,-0.2,,6,6,35.4,426,-2,
,"2024. 5.11",新潟,1新5,未勝利,未勝利,4,7,アイズ,牡,3,菊沢一樹, 57 ,15,1,１, ,ダ1200,良,,(美),菊沢隆徳,1124,-0.3,,2,2,38.0,478,+2,B
,"2024. 5.11",新潟,1新5,未勝利,未勝利,8,15,ホワイトビーチ,牡,3,黛弘人, 57 ,15,3,１, 内,芝2000,良,,(美),森一誠,2033,-0.4,6,3,2,36.4,482,+4,
,"2024. 5.11",新潟,1新5,未勝利,未勝利・牝,4,7,マハナ,牝,3,佐々木大,54☆,15,7,１, ,ダ1800,良,,(栗),鮫島一歩,1557,-0.0,6,7,6,38.6,434,+4,
,"2024. 5.11",新潟,1新5,未勝利,未勝利,5,9,ヤブサメ,牡,3,角田大河,56☆,16,2,１, 内,芝1400,良,,(栗),石橋守,1225,-0.3,,6,7,35.8,474,0,
,"2024. 5.11",新潟,1新5,未勝利,未勝利,7,13,ホレーショ,牡,3,杉原誠人, 57 ,15,1,１, ,ダ1800,良,,(美),西田雄一,1545,-0.1,10,8,8,38.1,498,-8,
,"2024. 5.11",新潟,1新5,未勝利,未勝利・牝,3,4,エンジェルスノー,牝,3,永島まな,53◇,15,2,１, ,ダ1200,良,,(栗),岡田稲男,1126,-0.0,,1,1,37.7,460,0,
,"2024. 5. 5",新潟,1新4,1勝,１勝ｸﾗｽ,4,4,シュバルツガイスト,牡,4,佐々木大,57☆,13,3,１, ,ダ1200,良,,(美),国枝栄,1128,-0.2,,7,7,36.9,500,+2,
,"2024. 5. 5",新潟,1新4,Ｇ３,新潟大賞ＨG3,8,16,ヤマニンサルバム,牡,5,斎藤新, 58 ,16,7,１, 外,芝2000,良,,(栗),中村直也,2001,-0.0,,1,1,34.4,504,-8,
,"2024. 5. 5",新潟,1新4,3勝,駿風Ｓ･3勝,7,14,ブーケファロス,牡,4,杉原誠人, 58 ,16,2,１, 内,芝1000,良,,(美),清水英克,0547,-0.0,,,11,32.0,446,-4,
,"2024. 5. 5",新潟,1新4,2勝,咲花特別･2勝,8,15,オシゲ,牝,4,佐々木大, 56 ,15,4,１, ,ダ1800,良,,(栗),須貝尚介,1535,-0.0,9,10,11,37.4,484,+10,
,"2024. 5. 5",新潟,1新4,1勝,１勝ｸﾗｽ,7,11,ハワイアンタイム,セ,4,横山典弘, 58 ,14,1,１, 外,芝1800,良,,(栗),昆貢,1505,-0.0,,2,2,34.1,490,0,
,"2024. 5. 5",新潟,1新4,1勝,１勝ｸﾗｽ,6,11,アスクドリームモア,牡,4,角田大和,57☆,16,4,１, 内,芝1400,良,,(栗),藤原英昭,1226,-0.2,,7,5,35.5,508,-4,
,"2024. 5. 5",新潟,1新4,1勝,１勝ｸﾗｽ,5,9,サヨノフィールド,牡,5,小林美駒,54★,15,3,１, ,ダ1800,良,,(美),小笠倫弘,1526,-0.3,1,1,1,37.8,490,-16,
,"2024. 5. 5",新潟,1新4,未勝利,未勝利,5,10,ハイディージェン,牡,3,丸山元気, 57 ,16,7,１, 外,芝1800,良,,(栗),森田直行,1484,-0.1,,3,3,34.7,478,+2,
,"2024. 5. 5",新潟,1新4,未勝利,障害未勝利,2,2,ハートオブアシティ,牡,6,森一馬, 60 ,11,4,１, ,芝2890,良,,(栗),森田直行,3120,-0.9,4,5,4,13.3,448,-12,
,"2024. 5. 5",新潟,1新4,未勝利,未勝利,8,14,マーブルマウンテン,牝,3,亀田温心, 55 ,15,6,１, ,ダ1800,良,,(栗),田中克典,1545,-1.0,2,2,2,38.0,464,-2,
,"2024. 5. 5",新潟,1新4,未勝利,未勝利,7,13,サンドロナイト,牝,3,藤田菜七,51◇,15,1,１, 内,芝1200,良,,(栗),茶木太樹,1102,-0.1,,7,7,35.3,456,+2,
,"2024. 5. 5",新潟,1新4,未勝利,未勝利・牝,3,3,ソウキュウ,牝,3,丸山元気, 55 ,14,6,１, ,ダ1800,良,,(美),高木登,1552,-0.2,2,2,2,39.9,476,0,
,"2024. 5. 4",新潟,1新3,1勝,１勝ｸﾗｽ,6,11,クインズコスモス,牝,5,小林勝太,53▲,16,3,１, 内,芝1000,良,,(美),加藤士津,0549,-0.1,,,1,33.0,444,+6,
,"2024. 5. 4",新潟,1新3,ｵｰﾌﾟﾝ,越後Ｓ,7,13,ナムラフランク,牡,5,菱田裕二, 58 ,15,8,１, ,ダ1200,良,,(栗),鈴木孝志,1111,-0.0,,3,3,36.5,492,-6,
,"2024. 5. 4",新潟,1新3,1勝,荒川峡特･1勝,8,12,イゾレエオリア,牝,4,佐々木大, 56 ,13,7,１, 内,芝2200,良,,(美),伊藤大士,2150,-0.2,6,6,4,35.9,448,-18,
,"2024. 5. 4",新潟,1新3,1勝,ゆきつば･1勝,4,8,アウェイキング,牡,3,菱田裕二, 57 ,16,1,１, 内,芝1200,良,,(栗),矢作芳人,1091,-0.5,,10,7,34.5,492,-4,
,"2024. 5. 4",新潟,1新3,1勝,１勝ｸﾗｽ,1,1,アイファーグローブ,牡,5,秋山稔樹,57☆,11,10,１, ,ダ1800,良,,(美),蛯名利弘,1545,-0.7,1,1,1,38.0,486,+4,
,"2024. 5. 4",新潟,1新3,1勝,１勝ｸﾗｽ・牝,5,7,ライブリームーラン,牝,4,菱田裕二, 56 ,14,2,１, ,ダ1200,良,,(美),大竹正博,1127,-0.0,,5,4,37.4,518,+8,
,"2024. 5. 4",新潟,1新3,未勝利,未勝利,5,9,カリーニョ,牡,3,小沢大仁,56☆,16,2,１, 内,芝2000,良,,(栗),杉山晴紀,2039,-0.4,8,8,8,35.9,452,-6,
,"2024. 5. 4",新潟,1新3,未勝利,未勝利・牝,8,16,ザブライド,牝,3,佐々木大,54☆,16,1,１, 外,芝1800,良,,(栗),西村真幸,1483,-0.1,,8,10,34.8,466,0,
,"2024. 5. 4",新潟,1新3,未勝利,障害未勝利,1,1,レッドスパロー,牡,6,上野翔, 60 ,12,5,１, ,芝2890,良,,(美),水野貴広,3108,-0.3,4,2,1,13.2,506,-4,
,"2024. 5. 4",新潟,1新3,未勝利,未勝利,6,10,サンレイマリー,牡,3,小林勝太,54▲,15,2,１, ,ダ1200,良,,(美),伊藤圭三,1127,-0.0,,5,5,37.8,476,-2,B
,"2024. 5. 4",新潟,1新3,未勝利,未勝利・若,5,9,ピカレスクノベル,牡,3,小沢大仁,56☆,15,1,１, ,ダ1800,良,,(栗),高橋義忠,1550,-0.3,5,4,4,37.7,500,0,
,"2024. 5. 4",新潟,1新3,ｵｰﾌﾟﾝ,障害・オープ,7,12,ヴァレッタカズマ,牡,5,森一馬, 60 ,14,4,１, ,芝2890,良,,(栗),藤野健太,3087,-0.1,6,3,3,13.1,506,0,
,"2024. 4.28",新潟,1新2,1勝,１勝ｸﾗｽ,3,3,ベルウッドウズメ,セ,5,小林勝太,55▲,10,5,１, ,ダ1200,良,,(美),本間忍,1122,-0.2,,10,10,35.9,482,-2,
,"2024. 4.28",新潟,1新2,OP(L),谷川岳Ｓ(L),8,15,メイショウチタン,牡,7,角田大河, 57 ,15,11,１, 外,芝1600,良,,(栗),本田優,1336,-0.2,,2,2,35.0,478,-6,
,"2024. 4.28",新潟,1新2,2勝,邁進特Ｈ･2勝,6,11,ショウナンマッハ,セ,5,石橋脩, 57 ,16,2,１, 内,芝1000,良,,(栗),茶木太樹,0549,-0.1,,,6,32.7,498,-10,
,"2024. 4.28",新潟,1新2,2勝,五泉特別･2勝,7,12,ベンテイガ,牡,5,北村友一, 58 ,14,2,１, ,ダ1800,良,,(美),戸田博文,1536,-0.6,2,2,2,36.9,512,0,
,"2024. 4.28",新潟,1新2,1勝,１勝ｸﾗｽ,2,2,マンデヴィラ,牝,4,小崎綾也, 56 ,9,3,１, 外,芝1800,良,,(栗),福永祐一,1492,-0.1,,3,3,34.3,428,-4,
,"2024. 4.28",新潟,1新2,1勝,１勝ｸﾗｽ・若,7,8,ヒルノピレネー,牡,4,小林勝太,55▲,11,2,１, ,ダ1200,良,,(栗),北出成人,1116,-0.7,,4,3,36.9,448,0,
,"2024. 4.28",新潟,1新2,1勝,１勝ｸﾗｽ・牝,8,9,ナウズザタイム,牝,4,小沢大仁,55☆,10,4,１, ,ダ1800,良,,(栗),高橋一哉,1545,-0.2,2,3,2,39.4,456,+2,
,"2024. 4.28",新潟,1新2,未勝利,未勝利,8,14,ハイラント,牡,3,丹内祐次, 57 ,15,1,１, 内,芝2400,良,,(美),伊藤大士,2302,-0.1,5,2,1,35.8,432,+2,
,"2024. 4.28",新潟,1新2,未勝利,障害未勝利,2,2,ケンアンビシャス,牡,6,五十嵐雄, 60 ,10,1,１, ,芝2890,良,,(美),久保田貴,3097,-1.0,1,1,1,13.1,476,-2,
,"2024. 4.28",新潟,1新2,未勝利,未勝利,3,5,アスクデビューモア,牡,3,今村聖奈,54▲,15,4,１, ,ダ1800,良,,(栗),福永祐一,1549,-0.1,10,11,12,37.8,464,-4,
,"2024. 4.28",新潟,1新2,未勝利,未勝利,1,1,メティエダール,牝,3,石橋脩, 55 ,16,1,１, 内,芝1400,良,,(栗),松永幹夫,1231,-0.1,,3,3,35.9,476,+6,
,"2024. 4.28",新潟,1新2,未勝利,未勝利・牝,6,11,アナスタシス,牝,3,河原田菜,51★,15,3,１, ,ダ1200,良,,(栗),岡田稲男,1126,-0.5,,2,2,38.5,464,-4,
,"2024. 4.27",新潟,1新1,1勝,１勝ｸﾗｽ,8,10,ツインクルトーズ,牝,4,丹内祐次, 56 ,10,2,１, 内,芝1200,良,,(美),牧光二,1095,-0.2,,3,3,34.5,504,+2,B
,"2024. 4.27",新潟,1新1,3勝,三条Ｓ･3勝,5,6,ミファヴォリート,牝,5,丸山元気, 56 ,13,1,１, ,ダ1800,良,,(美),辻哲英,1520,-0.1,3,3,3,37.8,490,-4,
,"2024. 4.27",新潟,1新1,2勝,胎内川特･2勝,7,7,ゲンパチムサシ,牡,6,北村友一, 58 ,10,7,１, 外,芝1800,良,,(栗),佐々木晶,1481,-0.4,,6,6,34.2,506,-16,
,"2024. 4.27",新潟,1新1,1勝,わらび賞･1勝,5,7,コトホドサヨウニ,牡,3,城戸義政, 57 ,14,3,１, ,ダ1800,良,,(栗),奥村豊,1535,-1.1,2,2,2,37.4,502,0,
,"2024. 4.27",新潟,1新1,1勝,１勝ｸﾗｽ・牝,7,8,ウインアイオライト,牝,4,丹内祐次, 56 ,10,2,１, 外,芝1600,良,,(美),矢嶋大樹,1363,-0.2,,2,2,33.6,460,-6,B
,"2024. 4.27",新潟,1新1,1勝,１勝ｸﾗｽ・若,8,8,インテンソ,牡,4,角田大和,57☆,8,1,１, ,ダ1800,良,,(栗),松永幹夫,1553,-0.1,2,2,2,37.1,490,+4,
,"2024. 4.27",新潟,1新1,未勝利,未勝利,1,2,ネイルンノ,牡,3,杉原誠人, 57 ,16,5,１, 内,芝1000,良,,(美),尾関知人,0562,-0.0,,,3,33.7,456,+2,
,"2024. 4.27",新潟,1新1,未勝利,未勝利,5,8,マイネルオーシャン,牡,3,丹内祐次, 57 ,15,1,１, 内,芝2000,良,,(美),鹿戸雄一,2021,-1.0,1,1,1,35.6,462,0,
,"2024. 4.27",新潟,1新1,ｵｰﾌﾟﾝ,障害・オープ,6,6,パトリック,牡,8,森一馬, 60 ,11,6,１, ,芝2890,良,,(栗),岡田稲男,3076,-0.4,8,4,3,13.0,480,+6,
,"2024. 4.27",新潟,1新1,未勝利,未勝利,4,6,アメリカンチケット,牡,3,西塚洸二,55△,15,2,１, ,ダ1200,良,,(栗),藤原英昭,1114,-1.0,,1,1,37.5,496,+6,
,"2024. 4.27",新潟,1新1,未勝利,未勝利・牝,6,10,リエータメンテ,牝,3,西塚洸二,53△,14,1,１, ,ダ1800,良,,(栗),藤原英昭,1561,-0.0,2,2,2,38.2,456,+2,
,"2024. 4.27",新潟,1新1,未勝利,障害未勝利,6,10,リレーションシップ,牡,7,高田潤, 60 ,14,1,１, ,芝2890,良,,(栗),斉藤崇史,3115,-0.3,6,5,4,13.3,518,0,
,2023.10.29,新潟,4新6,1勝,１勝ｸﾗｽ,4,7,ベガリス,牝,3,藤懸貴志, 54 ,18,5,１, 内,芝1400,不,,(栗),高橋義忠,1229,-0.2,,1,1,36.6,424,+8,
,2023.10.29,新潟,4新6,OP(L),ルミエＨ(L),7,14,カイザーメランジェ,牡,8,菊沢一樹, 55 ,18,13,１, 内,芝1000,不,*,(美),中野栄治,0573,-0.1,,,7,34.0,488,+14,
,2023.10.29,新潟,4新6,2勝,鳥屋野特･2勝,4,6,ハッスルダンク,牡,3,杉原誠人, 56 ,15,4,１, ,ダ1800,不,,(美),中川公成,1495,-0.2,10,10,5,37.0,440,+2,
,2023.10.29,新潟,4新6,1勝,聖籠特別･1勝,7,10,ウィステリアリヴァ,牡,3,石橋脩, 56 ,13,2,１, 外,芝1800,不,,(美),小野次郎,1509,-0.2,,1,1,35.7,492,-4,
,2023.10.29,新潟,4新6,1勝,１勝ｸﾗｽ,4,4,カゲマル,牡,3,石橋脩, 57 ,11,1,１, ,ダ1200,不,,(栗),西園正都,1106,-0.1,,5,4,35.6,512,-4,
,2023.10.29,新潟,4新6,1勝,１勝ｸﾗｽ,6,9,マイネルシトラス,牡,4,丹内祐次, 58 ,13,6,１, ,ダ1800,不,,(美),武市康男,1526,-0.2,2,2,2,37.1,528,0,
,2023.10.29,新潟,4新6,1勝,１勝ｸﾗｽ・若,7,9,ブラーヴ,牡,3,川端海翼,54▲,12,8,１, ,ダ1200,不,,(栗),加用正,1102,-0.0,,2,2,35.9,486,-6,
,2023.10.29,新潟,4新6,新馬,新馬,1,2,ニュージェネラル,牝,2,富田暁, 55 ,18,3,１, 内,芝1400,不,,(栗),武英智,1258,-0.1,,2,2,38.2,456,,
,2023.10.29,新潟,4新6,未勝利,障害未勝利,1,1,フォイアーロート,牡,5,難波剛健, 60 ,11,6,１, ,芝2850,重,,(栗),中村直也,3105,-0.0,3,3,3,13.4,470,-8,
,2023.10.29,新潟,4新6,未勝利,未勝利・牝*,7,13,ハリウッドパーク,牝,2,永島まな,52▲,15,1,１, ,ダ1800,不,,(栗),長谷川浩,1535,-0.2,7,6,6,37.9,500,+10,
,2023.10.29,新潟,4新6,未勝利,未勝利*,3,5,グランオルカ,牡,2,佐々木大,55☆,15,1,１, ,ダ1200,不,,(美),武井亮,1112,-0.2,,2,2,37.2,474,+4,
,2023.10.29,新潟,4新6,未勝利,未勝利*,7,12,コスモキュランダ,牡,2,丹内祐次, 56 ,15,1,１, 内,芝2000,重,,(美),加藤士津,2038,-0.4,2,2,2,36.2,494,+2,
,2023.10.28,新潟,4新5,1勝,１勝ｸﾗｽ・牝,7,8,メイショウナナクサ,牝,3,永島まな,52▲,11,3,１, ,ダ1200,重,,(栗),笹田和秀,1103,-0.1,,10,10,35.3,430,0,
,2023.10.28,新潟,4新5,3勝,魚沼Ｓ･3勝,4,4,ホウオウリアリティ,牡,5,大野拓弥, 58 ,12,11,１, 外,芝2000,不,*,(美),高木登,2036,-0.0,,3,3,35.8,484,+6,
,2023.10.28,新潟,4新5,2勝,清津峡特･2勝,3,5,アメトリーチェ,牝,4,小林勝太, 56 ,18,17,１, 内,芝1200,重,,(美),加藤士津,1103,-0.2,,3,3,36.4,478,0,B
,2023.10.28,新潟,4新5,1勝,萬代橋特･1勝,6,8,ビレッジイーグル,牡,6,木幡初也, 58 ,12,8,１, 内,芝2400,重,,(美),竹内正洋,2313,-0.4,1,1,1,36.2,512,+4,
,2023.10.28,新潟,4新5,1勝,１勝ｸﾗｽ・牝,1,1,テレパシー,牝,3,佐々木大,53☆,13,2,１, ,ダ1800,重,,(栗),石坂公一,1533,-0.2,5,6,6,37.3,516,+6,
,2023.10.28,新潟,4新5,1勝,１勝ｸﾗｽ,5,10,テンジュイン,牝,6,佐々木大,55☆,18,13,１, 内,芝1000,重,,(栗),千田輝彦,0566,-0.3,,,8,33.3,458,+2,
,2023.10.28,新潟,4新5,1勝,１勝ｸﾗｽ・若,5,8,ワイルドベティ,牝,4,今村聖奈,53▲,15,9,１, ,ダ1800,稍,,(栗),今野貞一,1536,-0.6,2,2,1,38.0,422,-2,B
,2023.10.28,新潟,4新5,未勝利,未勝利*,2,3,アイファーバトル,牡,2,藤田菜七,54◇,18,4,１, 内,芝1400,重,,(美),根本康広,1241,-0.1,,14,13,36.1,442,-6,
,2023.10.28,新潟,4新5,ｵｰﾌﾟﾝ,障害・オープ,6,10,ウィンドリッパー,牡,5,小野寺祐, 60 ,14,4,１, ,芝2850,重,,(栗),清水久詞,3063,-0.6,3,1,1,13.1,492,+8,
,2023.10.28,新潟,4新5,1勝,１勝ｸﾗｽ,1,1,バンドールロゼ,牡,4,丹内祐次, 58 ,11,1,１, ,ダ1200,稍,,(美),清水英克,1117,-0.5,,1,1,36.7,478,+2,
,2023.10.28,新潟,4新5,未勝利,未勝利*,7,11,バナマンテソーロ,牡,2,佐々木大,55☆,14,1,１, ,ダ1800,稍,,(美),加藤士津,1554,-0.2,3,3,4,38.6,494,-6,
,2023.10.28,新潟,4新5,未勝利,障害未勝利,2,2,プンタアレナス,セ,5,蓑島靖典, 60 ,14,1,１, ,芝2850,稍,,(美),古賀慎明,3076,-0.4,4,1,1,13.2,482,+8,
,2023.10.22,新潟,4新4,1勝,１勝ｸﾗｽ,2,4,エコロレジーナ,牝,3,菊沢一樹, 55 ,18,5,１, 内,芝1000,稍,,(美),菊沢隆徳,0559,-0.4,,,3,33.2,484,+8,
,2023.10.22,新潟,4新4,OP(L),新潟牝馬(L),2,2,メモリーレゾン,牝,4,古川吉洋, 55 ,13,2,１, 内,芝2200,稍,,(栗),長谷川浩,2148,-0.2,5,9,9,34.8,460,-2,
,2023.10.22,新潟,4新4,2勝,妙高特Ｈ･2勝,3,4,フィーカ,牝,4,荻野極, 53 ,15,3,１, ,ダ1200,稍,,(美),矢野英一,1106,-0.4,,4,4,36.5,482,+2,
,2023.10.22,新潟,4新4,1勝,柏崎特別･1勝,6,9,ウインエーデル,牝,3,丹内祐次, 54 ,14,1,１, 外,芝1600,稍,,(栗),吉田直弘,1362,-0.0,,5,4,34.1,448,+6,
,2023.10.22,新潟,4新4,1勝,１勝ｸﾗｽ,8,10,ファンジオ,牡,4,城戸義政, 58 ,10,2,１, ,ダ1800,稍,,(栗),藤岡健一,1538,-0.1,1,1,1,36.7,504,-8,
,2023.10.22,新潟,4新4,1勝,１勝ｸﾗｽ,2,3,アリーチェ,牝,3,菊沢一樹, 54 ,16,12,１, 外,芝1800,稍,,(美),戸田博文,1485,-0.1,,5,5,34.8,434,0,
,2023.10.22,新潟,4新4,1勝,１勝ｸﾗｽ・若,7,12,ワイアウ,牝,3,秋山稔樹,54☆,14,5,１, ,ダ1200,重,*,(美),鈴木慎太,1107,-0.5,,2,2,36.9,460,-4,
,2023.10.22,新潟,4新4,新馬,新馬,8,15,カーマンライン,牡,2,横山琉人,55☆,15,5,１, ,ダ1800,重,,(美),小島茂之,1569,-0.5,12,10,8,38.4,488,,
,2023.10.22,新潟,4新4,未勝利,障害未勝利,6,10,セブンデイズ,牡,5,上野翔, 60 ,14,1,１, ,芝2850,重,,(美),田中博康,3076,-1.1,2,1,1,13.2,492,-4,
,2023.10.22,新潟,4新4,1勝,１勝ｸﾗｽ,5,6,フロンタルクリス,牡,5,菊沢一樹, 58 ,13,10,１, ,ダ1800,重,,(美),伊坂重信,1530,-0.1,7,6,6,38.5,496,-6,
,2023.10.22,新潟,4新4,未勝利,未勝利・牝*,7,9,ポエットリー,牝,2,永島まな,52▲,11,1,１, 外,芝1600,重,,(栗),平田修,1368,-0.1,,8,7,34.3,454,-4,
,2023.10.22,新潟,4新4,未勝利,未勝利*,8,8,カエルム,牡,2,斎藤新, 56 ,9,2,１, 外,芝1800,重,,(栗),安田翔伍,1498,-0.2,,3,4,34.8,476,+2,
,2023.10.21,新潟,4新3,1勝,１勝ｸﾗｽ,7,13,ビップシュプリーム,牝,4,永島まな,53▲,15,1,１, ,ダ1200,重,,(栗),松下武士,1108,-0.1,,2,2,36.5,504,+8,
,2023.10.21,新潟,4新3,3勝,北陸Ｓ･3勝,1,1,オタルエバー,牡,4,石橋脩, 58 ,18,3,１, 内,芝1200,重,,(栗),中竹和也,1094,-0.0,,6,5,35.5,494,0,
,2023.10.21,新潟,4新3,2勝,村上特別･2勝,4,4,モズロックンロール,牡,3,角田大和, 56 ,10,1,１, 外,芝2000,重,,(栗),藤岡健一,2021,-0.0,,8,7,34.8,516,-6,
,2023.10.21,新潟,4新3,1勝,岩船特別･1勝,5,9,アームブランシュ,牡,3,吉田豊, 55 ,15,2,１, 内,芝2200,重,,(美),竹内正洋,2157,-0.3,7,7,6,35.0,464,+4,
,2023.10.21,新潟,4新3,1勝,１勝ｸﾗｽ・牝,4,6,エランティス,牝,3,佐々木大,54☆,14,1,１, ,ダ1200,重,,(栗),杉山晴紀,1106,-0.2,,1,1,36.6,482,+4,
,2023.10.21,新潟,4新3,1勝,１勝ｸﾗｽ,3,6,ミッキーチャレンジ,牡,4,中井裕二, 58 ,18,8,１, 内,芝1400,重,,(栗),中内田充,1221,-0.1,,7,7,35.7,502,+6,
,2023.10.21,新潟,4新3,1勝,１勝ｸﾗｽ・若,4,6,ヒノデテイオー,牡,4,西塚洸二,55▲,14,1,１, ,ダ1800,重,,(栗),河内洋,1523,-0.1,4,4,3,37.6,458,+10,
,2023.10.21,新潟,4新3,未勝利,未勝利*,8,16,ルクスパラディ,牝,2,丹内祐次, 55 ,18,5,１, 内,芝1000,重,,(美),上原佑紀,0580,-0.1,,,4,34.8,404,+2,
,2023.10.21,新潟,4新3,ｵｰﾌﾟﾝ,障害・オープ,3,3,スヴァルナ,牡,8,平沢健治, 60 ,13,2,１, ,芝3250,稍,,(栗),池江泰寿,3341,-1.0,2,1,1,13.2,524,+8,
,2023.10.21,新潟,4新3,未勝利,未勝利*,8,14,チカッパ,牡,2,永島まな,53▲,14,1,１, ,ダ1200,重,,(栗),中竹和也,1121,-0.5,,4,4,37.0,482,-2,
,2023.10.21,新潟,4新3,未勝利,未勝利*,5,8,ブレードサクセス,牡,2,丹内祐次, 56 ,15,1,１, ,ダ1800,重,,(美),岩戸孝樹,1555,-0.0,5,4,4,39.0,482,+6,
,2023.10.21,新潟,4新3,未勝利,障害未勝利,8,13,トモジャリア,牡,5,大江原圭, 60 ,14,2,１, ,芝2850,稍,,(美),小笠倫弘,3081,-0.0,3,1,1,13.2,470,+6,
,2023.10.15,新潟,4新2,1勝,１勝ｸﾗｽ・牝,8,14,シャドウレディー,牝,3,北村友一, 55 ,15,12,１, ,ダ1200,重,,(栗),吉岡辰弥,1113,-0.0,,3,3,36.9,424,-12,
,2023.10.15,新潟,4新2,OP(L),信越ＳＨ(L),7,13,サーマルウインド,牝,4,北村宏司, 54 ,15,1,１, 内,芝1400,稍,,(美),奥村武,1206,-0.2,,3,3,34.5,522,+2,
,2023.10.15,新潟,4新2,2勝,菅名岳特･2勝,5,6,ルクスフロンティア,牡,3,秋山真一, 56 ,13,1,１, ,ダ1800,稍,,(栗),松永幹夫,1515,-0.5,2,1,2,37.5,480,-6,
,2023.10.15,新潟,4新2,1勝,粟島特別･1勝,7,14,フェミナフォルテ,牝,3,横山琉人, 54 ,17,10,１, 外,芝1800,稍,*,(美),小島茂之,1466,-0.0,,9,10,34.6,414,-2,
,2023.10.15,新潟,4新2,1勝,１勝ｸﾗｽ,4,6,フィーカ,牝,4,菊沢一樹, 56 ,15,7,１, ,ダ1200,稍,,(美),矢野英一,1106,-0.4,,2,2,36.1,480,-8,
,2023.10.15,新潟,4新2,1勝,１勝ｸﾗｽ,7,14,フォルテース,牡,3,北村友一, 57 ,18,2,１, 内,芝1000,稍,,(栗),高橋亮,0565,-0.1,,,9,33.5,448,-4,
,2023.10.15,新潟,4新2,1勝,１勝ｸﾗｽ・若,7,7,リチャ,牡,3,角田大和,55☆,10,1,１, ,ダ1800,良,,(美),田中博康,1542,-0.4,4,3,2,38.7,484,+6,
,2023.10.15,新潟,4新2,新馬,新馬・牝,5,10,ワイドラトゥール,牝,2,吉田隼人, 55 ,18,1,１, 外,芝1600,良,,(栗),藤原英昭,1355,-0.4,,6,6,34.5,432,,
,2023.10.15,新潟,4新2,1勝,１勝ｸﾗｽ,7,8,コルデアニル,牝,3,丹内祐次, 53 ,10,1,１, ,ダ2500,良,,(美),金成貴史,2448,-0.0,1,1,1,38.2,460,+4,
,2023.10.15,新潟,4新2,未勝利,未勝利*,4,4,ガルデルクラージュ,牡,2,富田暁, 56 ,11,1,１, 内,芝2000,良,,(栗),武英智,2024,-0.1,4,2,2,36.1,508,-2,
,2023.10.15,新潟,4新2,未勝利,未勝利*,1,1,ワイノナオミ,牝,2,永島まな,52▲,11,4,１, ,ダ1200,良,,(栗),安田隆行,1123,-0.0,,5,5,37.0,444,+8,
,2023.10.15,新潟,4新2,未勝利,未勝利*,1,1,ジャスパーノワール,牡,2,松本大輝,55☆,11,3,１, 内,芝1200,良,,(栗),森秀行,1089,-0.6,,1,1,35.1,508,0,
,2023.10.14,新潟,4新1,1勝,１勝ｸﾗｽ,5,9,シラキヌ,牝,4,西塚洸二,53▲,15,1,１, ,ダ1200,良,,(栗),小林真也,1102,-1.8,,2,2,36.1,496,-6,
,2023.10.14,新潟,4新1,2勝,飛翼特別･2勝,7,14,アジアノジュンシン,牝,5,永島まな, 56 ,18,10,１, 内,芝1000,良,,(美),奥村武,0549,-0.7,,,13,32.4,470,+4,
,2023.10.14,新潟,4新1,1勝,松浜特別･1勝,4,6,ヴァイルマティ,牝,3,丹内祐次, 54 ,15,4,１, 外,芝2000,良,,(美),鹿戸雄一,1591,-0.2,,6,6,35.1,502,+6,
,2023.10.14,新潟,4新1,1勝,十日町特･1勝,2,4,エールレヴリー,牝,3,富田暁, 55 ,18,2,１, 内,芝1200,良,,(栗),武英智,1088,-0.1,,11,10,34.0,488,+10,
,2023.10.14,新潟,4新1,1勝,１勝ｸﾗｽ,8,10,メイトースイ,牡,3,川端海翼,53▲,11,2,１, ,ダ1800,良,,(栗),羽月友彦,1524,-0.1,4,4,4,37.7,424,+10,
,2023.10.14,新潟,4新1,1勝,１勝ｸﾗｽ・若,2,3,シュホ,牝,4,原優介,55☆,16,14,１, 外,芝2000,良,,(美),尾関知人,1598,-0.3,,16,13,34.1,420,+8,
,2023.10.14,新潟,4新1,未勝利,未勝利*,7,8,ウインディオーネ,牝,2,丹内祐次, 55 ,11,1,１, 外,芝1600,良,,(栗),長谷川浩,1351,-0.0,,2,2,34.6,456,-6,
,2023.10.14,新潟,4新1,新馬,新馬,6,11,トニーテソーロ,牡,2,原優介,55☆,15,1,１, ,ダ1200,良,,(美),畠山吉宏,1134,-1.1,,1,1,37.5,474,,
,2023.10.14,新潟,4新1,未勝利,障害未勝利,7,11,ロスコフ,牡,5,草野太郎, 60 ,13,6,１, ,芝2850,良,,(美),久保田貴,3058,-0.5,4,3,2,13.0,492,-14,
,2023.10.14,新潟,4新1,1勝,１勝ｸﾗｽ・牝,4,4,グレノークス,牝,3,丸山元気, 54 ,13,3,１, ,ダ1800,良,,(美),宮田敬介,1538,-0.2,4,4,3,38.8,480,0,B
,2023.10.14,新潟,4新1,未勝利,未勝利*,5,5,ブリーズオンチーク,牝,2,北村友一, 55 ,12,2,１, ,ダ1800,良,,(栗),高野友和,1547,-0.6,3,3,3,38.6,460,-6,
,2023.10.14,新潟,4新1,未勝利,障害未勝利,6,9,メモリーズオブユー,牡,3,難波剛健, 58 ,14,6,１, ,芝2850,良,,(栗),高橋義忠,3053,-0.1,8,5,4,13.0,528,+14,
,"2023. 9. 3",新潟,3新8,1勝,雷光特別･1勝,5,9,フラッシュアーク,牝,4,藤田菜七, 56 ,17,2,１, 内,芝1000,良,,(美),青木孝文,0549,-0.2,,,2,32.7,472,+6,
,"2023. 9. 3",新潟,3新8,Ｇ３,新潟記念ＨG3,3,3,ノッキングポイント,牡,3,北村宏司, 54 ,14,2,１, 外,芝2000,良,,(美),木村哲也,1590,-0.2,,5,6,33.8,494,+6,
,"2023. 9. 3",新潟,3新8,2勝,両津湾特･2勝,2,3,タイセイエピソード,牡,4,Ｍ．デム, 58 ,15,7,１, ,ダ1800,良,,(栗),杉山晴紀,1524,-0.1,6,5,4,38.3,476,0,
,"2023. 9. 3",新潟,3新8,2勝,飯豊特別･2勝,6,9,ラスール,牝,4,ルメール, 56 ,13,1,１, 内,芝1400,良,,(美),宮田敬介,1212,-0.6,,2,2,35.0,502,+28,
,"2023. 9. 3",新潟,3新8,1勝,１勝ｸﾗｽ,8,15,キタサンドーシン,牡,4,北村宏司, 58 ,15,1,１, ,ダ1800,良,,(美),奥村武,1530,-0.4,3,2,2,37.9,474,0,B
,"2023. 9. 3",新潟,3新8,未勝利,未勝利,3,4,フクチャンビーナス,牝,3,川田将雅, 54 ,15,1,１, ,ダ1200,良,,(美),加藤征弘,1131,-0.1,,3,3,37.4,478,+4,
,"2023. 9. 3",新潟,3新8,新馬,新馬,3,5,イサチルシーサイド,牡,2,木幡初也, 55 ,18,9,１, 内,芝1400,良,,(美),竹内正洋,1237,-0.1,,2,2,35.7,462,,
,"2023. 9. 3",新潟,3新8,新馬,新馬,5,7,テリオスルル,牝,2,戸崎圭太, 55 ,13,4,１, 外,芝1800,良,,(美),田島俊明,1496,-0.5,,1,1,34.4,458,,
,"2023. 9. 3",新潟,3新8,未勝利,未勝利,1,1,ケイツークローン,セ,3,水沼元輝,53▲,18,18,１, 内,芝2200,良,,(美),清水英克,2139,-0.0,1,1,1,37.4,462,-4,B
,"2023. 9. 3",新潟,3新8,未勝利,未勝利,3,4,タマモヴェナトル,牡,3,菊沢一樹, 56 ,15,1,１, ,ダ1800,良,,(美),菊沢隆徳,1536,-0.8,5,4,3,39.2,446,+6,B
,"2023. 9. 3",新潟,3新8,未勝利,未勝利*,8,12,ウインアクトゥール,牡,2,川田将雅, 55 ,13,2,１, 内,芝2000,良,,(美),栗田徹,2014,-0.1,3,2,2,36.2,416,-2,
,"2023. 9. 3",新潟,3新8,未勝利,未勝利*,8,15,ルージュスエルテ,牝,2,ルメール, 55 ,15,1,１, 内,芝1400,良,,(美),国枝栄,1225,-0.9,,1,1,35.7,468,+6,
,"2023. 9. 2",新潟,3新7,1勝,１勝ｸﾗｽ,7,15,ラッジオ,牝,3,津村明秀, 54 ,18,4,１, 外,芝1600,良,,(美),大竹正博,1343,-0.0,,1,1,34.1,466,-6,
,"2023. 9. 2",新潟,3新7,3勝,古町ＳＨ･3勝,7,12,ラブリークイーン,牝,5,柴田善臣, 52 ,15,13,１, ,ダ1800,良,,(美),嘉藤貴行,1521,-0.4,1,1,1,37.8,480,-10,
,"2023. 9. 2",新潟,3新7,2勝,赤倉特別･2勝,5,5,ロードデルレイ,牡,3,坂井瑠星, 55 ,9,1,１, 外,芝2000,良,,(栗),中内田充,1591,-0.0,,2,2,33.4,482,+2,
,"2023. 9. 2",新潟,3新7,1勝,瓢湖特別･1勝,6,6,ピンキープロミス,牡,3,木幡巧也, 55 ,10,4,１, 内,芝2200,良,*,(美),畠山吉宏,2143,-0.0,8,8,9,35.4,462,-4,
,"2023. 9. 2",新潟,3新7,1勝,１勝ｸﾗｽ・牝,5,9,カンパニョーラ,牝,4,嶋田純次, 56 ,15,5,１, ,ダ1200,良,,(美),伊坂重信,1120,-0.0,,13,12,36.2,448,-2,
,"2023. 9. 2",新潟,3新7,未勝利,未勝利,4,8,コスモシャングリラ,牝,3,石川裕紀, 54 ,18,2,１, 外,芝1800,良,,(美),水野貴広,1467,-0.2,,15,15,33.5,428,+2,
,"2023. 9. 2",新潟,3新7,未勝利,未勝利,3,5,ランカグア,牝,3,北村宏司, 54 ,18,3,１, 外,芝1600,良,,(美),奥村武,1339,-0.1,,5,4,35.1,448,-4,B
,"2023. 9. 2",新潟,3新7,新馬,新馬,1,1,キャントウェイト,牡,2,柴田大知, 55 ,13,8,１, 内,芝2000,良,,(美),萱野浩二,2044,-0.1,3,3,3,34.8,466,,
,"2023. 9. 2",新潟,3新7,ｵｰﾌﾟﾝ,障害・オープ,5,5,シャンボールナイト,セ,8,石神深一, 61 ,6,1,１, ,芝3250,良,,(美),武井亮,3370,-0.6,1,1,1,13.4,470,+2,
,"2023. 9. 2",新潟,3新7,未勝利,未勝利,3,5,キョウエイジョイ,牝,3,永野猛蔵,53☆,15,8,１, ,ダ1200,良,,(美),中川公成,1121,-0.0,,1,1,37.5,462,+4,B
,"2023. 9. 2",新潟,3新7,未勝利,未勝利*,5,9,アラレタバシル,牡,2,野中悠太, 55 ,15,7,１, ,ダ1800,良,,(美),根本康広,1569,-0.1,7,5,5,38.5,432,+6,
,"2023. 9. 2",新潟,3新7,未勝利,障害未勝利,7,12,ウィンドリッパー,牡,5,平沢健治, 60 ,14,3,１, ,芝2850,良,,(栗),清水久詞,3089,-0.1,1,1,1,13.3,484,-4,
,"2023. 8.27",新潟,3新6,1勝,１勝ｸﾗｽ,6,11,ロイヤルソウル,牝,4,木幡初也, 56 ,15,10,１, ,ダ1200,良,,(美),竹内正洋,1128,-0.1,,8,8,36.4,470,-12,
,"2023. 8.27",新潟,3新6,Ｇ３,新潟２歳G3,8,12,アスコリピチェーノ,牝,2,北村宏司, 55 ,12,1,１, 外,芝1600,良,,(美),黒岩陽一,1338,-0.2,,5,5,33.3,472,+8,
,"2023. 8.27",新潟,3新6,OP(L),朱鷺Ｓ(L),7,14,テンハッピーローズ,牝,5,津村明秀, 55 ,17,3,１, 内,芝1400,良,,(栗),高柳大輔,1208,-0.1,,8,7,33.5,454,0,
,"2023. 8.27",新潟,3新6,2勝,五頭連峰･2勝,8,15,テーオーグランビル,牡,3,菅原明良, 55 ,17,3,１, 外,芝1600,良,,(栗),上村洋行,1332,-0.1,,7,7,32.9,496,+6,
,"2023. 8.27",新潟,3新6,1勝,１勝ｸﾗｽ,7,10,サイモンソーラン,牡,4,吉田豊, 58 ,12,4,１, ,ダ1800,良,,(美),勢司和浩,1536,-1.0,9,8,8,37.3,476,-4,
,"2023. 8.27",新潟,3新6,1勝,１勝ｸﾗｽ,5,5,マイネルケレリウス,牡,3,石川裕紀, 55 ,8,1,１, 外,芝1800,良,,(美),奥村武,1465,-0.3,,4,4,33.2,428,+6,
,"2023. 8.27",新潟,3新6,新馬,新馬,4,6,セイウンサニー,牝,2,永野猛蔵,54☆,14,6,１, ,ダ1200,良,,(美),伊坂重信,1137,-0.2,,2,2,38.1,438,,
,"2023. 8.27",新潟,3新6,新馬,新馬,5,5,ベストオブユー,牡,2,吉田隼人, 55 ,12,9,１, 外,芝1600,良,,(美),久保田貴,1392,-0.0,,5,5,33.5,406,,
,"2023. 8.27",新潟,3新6,未勝利,未勝利,7,15,スターグロウ,牝,3,北村友一, 54 ,18,2,１, 内,芝2000,良,,(美),田中博康,2011,-0.2,14,16,15,35.3,436,-6,
,"2023. 8.27",新潟,3新6,未勝利,未勝利*,5,5,アサギリ,牝,2,石川裕紀, 55 ,12,2,１, 内,芝1000,良,,(美),尾形和幸,0566,-0.1,,,6,33.2,442,+4,
,"2023. 8.27",新潟,3新6,未勝利,未勝利・牝,7,11,ブラックデコ,牝,3,菅原明良, 54 ,14,7,１, ,ダ1800,良,,(美),尾関知人,1543,-0.3,13,13,12,37.9,414,-2,
,"2023. 8.27",新潟,3新6,未勝利,障害未勝利,3,3,アドマイヤアルバ,セ,8,上野翔, 60 ,14,2,１, ,芝2850,良,*,(美),堀内岳志,3085,-1.1,6,1,1,13.2,474,+2,
,"2023. 8.26",新潟,3新5,1勝,１勝ｸﾗｽ,6,10,ステイトダイアデム,牝,4,津村明秀, 56 ,14,2,１, 内,芝1200,良,,(美),和田正一,1097,-0.2,,2,2,34.9,474,-2,
,"2023. 8.26",新潟,3新5,OP(L),ＢＳＮＨ(L),8,12,アイコンテーラー,牝,5,菱田裕二, 54 ,13,8,１, ,ダ1800,良,,(栗),河内洋,1508,-0.3,3,2,2,36.9,474,0,
,"2023. 8.26",新潟,3新5,3勝,長岡Ｓ･3勝,4,8,オヌール,牝,5,杉原誠人, 56 ,17,1,１, 外,芝1600,良,,(栗),友道康夫,1323,-0.2,,5,5,33.6,424,-4,
,"2023. 8.26",新潟,3新5,2勝,岩室温泉･2勝,4,7,メタマックス,牡,3,石橋脩, 56 ,15,1,１, ,ダ1200,良,,(栗),森秀行,1116,-0.2,,4,3,37.1,528,+4,
,"2023. 8.26",新潟,3新5,1勝,１勝ｸﾗｽ・牝,7,11,キープスマイリング,牝,3,北村宏司, 53 ,13,2,１, ,ダ1800,良,,(美),武井亮,1531,-0.7,3,2,2,38.1,554,+16,
,"2023. 8.26",新潟,3新5,未勝利,未勝利,7,15,アイソラシー,牝,3,菱田裕二, 54 ,18,1,１, 内,芝1200,良,*,(美),加藤征弘,1099,-0.0,,13,13,34.1,432,-4,
,"2023. 8.26",新潟,3新5,新馬,新馬・牝,8,17,スティールブルー,牝,2,荻野極, 55 ,18,3,１, 外,芝1600,良,*,(美),宗像義忠,1364,-0.4,,8,8,32.9,430,,
,"2023. 8.26",新潟,3新5,新馬,新馬,3,3,エリカリーシャン,牝,2,三浦皇成, 55 ,11,5,１, 外,芝1800,良,,(美),国枝栄,1492,-0.4,,1,1,34.9,470,,
,"2023. 8.26",新潟,3新5,未勝利,未勝利,1,1,ルーラーリッチ,セ,3,菅原明良, 56 ,15,3,１, ,ダ1800,良,,(美),小島茂之,1545,-0.2,11,9,7,37.7,476,-8,
,"2023. 8.26",新潟,3新5,未勝利,未勝利,6,10,ケイトポムドゥパン,牝,3,宮崎北斗, 54 ,15,6,１, ,ダ1200,良,,(美),中川公成,1131,-0.1,,1,1,38.0,480,-2,
,"2023. 8.26",新潟,3新5,未勝利,未勝利,8,15,デザイアーフェーム,牡,3,三浦皇成, 56 ,15,1,１, ,ダ1800,良,,(美),松永康利,1542,-0.1,8,7,4,37.0,502,+2,B
,"2023. 8.26",新潟,3新5,未勝利,未勝利*,2,3,セブンマイスター,牡,2,北村宏司, 55 ,18,5,１, 外,芝1600,良,,(美),木村哲也,1343,-0.0,,4,3,34.7,526,+2,
,"2023. 8.20",新潟,3新4,1勝,１勝ｸﾗｽ,2,3,アルファウェーブ,セ,6,北村宏司, 58 ,15,3,１, ,ダ1800,良,,(美),辻哲英,1539,-0.1,3,2,2,38.9,536,0,B
,"2023. 8.20",新潟,3新4,ｵｰﾌﾟﾝ,ＮＳＴ賞Ｈ,5,7,アルファマム,牝,4,丸田恭介, 53 ,14,1,１, ,ダ1200,良,,(栗),佐々木晶,1112,-0.1,,12,11,35.5,462,-2,
,"2023. 8.20",新潟,3新4,2勝,阿賀野川･2勝,4,7,リビアングラス,牡,3,吉田豊, 55 ,18,2,１, 内,芝2200,良,,(栗),矢作芳人,2113,-0.2,1,1,1,35.6,500,+12,
,"2023. 8.20",新潟,3新4,1勝,閃光特別･1勝,7,14,セイウンダマシイ,牡,3,大野拓弥, 56 ,18,5,１, 内,芝1000,良,,(美),武市康男,0544,-0.2,,,3,32.0,466,+4,
,"2023. 8.20",新潟,3新4,1勝,１勝ｸﾗｽ,7,12,ダークンストーミー,牡,3,田辺裕信, 56 ,15,7,１, ,ダ1200,良,,(美),小笠倫弘,1128,-0.1,,8,8,37.3,444,-2,
,"2023. 8.20",新潟,3新4,未勝利,未勝利,8,18,ガールズレジェンド,牝,3,藤田菜七,52◇,18,3,１, 内,芝2000,良,,(美),金成貴史,2014,-0.0,4,2,2,35.5,446,-6,
,"2023. 8.20",新潟,3新4,未勝利,未勝利,6,11,ディバイングレース,牝,3,内田博幸, 54 ,18,4,１, 内,芝1400,良,,(美),蛯名正義,1214,-0.1,,15,14,34.3,426,+4,
,"2023. 8.20",新潟,3新4,新馬,新馬,4,7,アドマイヤベル,牝,2,菱田裕二, 55 ,16,1,１, 外,芝1800,良,,(美),加藤征弘,1499,-0.0,,13,14,33.8,478,,
,"2023. 8.20",新潟,3新4,未勝利,未勝利・牝,6,10,シグナルファイアー,牝,3,武士沢友, 54 ,15,1,１, ,ダ1800,良,,(美),水野貴広,1552,-0.4,12,14,12,37.5,472,0,B
,"2023. 8.20",新潟,3新4,未勝利,未勝利,6,9,コスタレイ,牝,3,津村明秀, 54 ,13,1,１, 内,芝2400,良,,(美),池上昌和,2268,-0.1,8,7,7,34.8,484,+6,
,"2023. 8.20",新潟,3新4,未勝利,未勝利*,2,2,マイネルブリックス,牡,2,津村明秀, 55 ,9,4,１, 外,芝1800,良,,(美),黒岩陽一,1472,-0.1,,4,4,35.0,442,-6,
,"2023. 8.20",新潟,3新4,未勝利,未勝利・牝*,7,7,キャットファイト,牝,2,大野拓弥, 55 ,9,1,１, 外,芝1600,良,,(美),上原博之,1345,-0.3,,5,5,33.8,438,+8,
,"2023. 8.19",新潟,3新3,1勝,１勝ｸﾗｽ・牝,5,8,メインクーン,牝,3,津村明秀, 53 ,14,1,１, 外,芝1800,良,*,(美),林徹,1462,-0.1,,11,10,33.6,428,-4,
,"2023. 8.19",新潟,3新3,3勝,日本海Ｓ･3勝,4,4,ドゥレッツァ,牡,3,戸崎圭太, 55 ,13,1,１, 内,芝2200,良,,(美),尾関知人,2114,-0.1,10,9,7,34.4,456,-6,
,"2023. 8.19",新潟,3新3,3勝,上越Ｓ･3勝,8,15,アームズレイン,牡,3,菅原明良, 56 ,15,1,１, ,ダ1200,良,,(栗),上村洋行,1105,-0.6,,2,2,36.5,490,0,
,"2023. 8.19",新潟,3新3,2勝,瀬波温泉･2勝,8,14,ゴールドバランサー,牡,3,内田博幸, 55 ,15,2,１, ,ダ1800,良,*,(美),鈴木慎太,1525,-0.5,2,2,2,38.5,458,+8,
,"2023. 8.19",新潟,3新3,1勝,１勝ｸﾗｽ,8,8,シルバープリペット,牡,3,嶋田純次, 55 ,8,5,１, 内,芝2400,良,,(美),松山将樹,2272,-0.1,3,3,3,34.5,452,+6,
,"2023. 8.19",新潟,3新3,未勝利,未勝利,6,10,エスジースパークル,牝,3,原優介,53☆,15,1,１, ,ダ1200,良,,(美),鈴木慎太,1126,-0.7,,4,3,37.6,458,+6,
,"2023. 8.19",新潟,3新3,未勝利,未勝利・牝,1,2,テンペスト,牝,3,戸崎圭太, 54 ,18,1,１, 外,芝1600,良,*,(美),国枝栄,1339,-0.0,,5,5,34.3,450,+6,
,"2023. 8.19",新潟,3新3,新馬,新馬,7,13,レディーエンジェル,牝,2,菱田裕二, 55 ,18,3,１, 内,芝1200,良,,(栗),岡田稲男,1103,-0.0,,1,1,36.1,476,,
,"2023. 8.19",新潟,3新3,ｵｰﾌﾟﾝ,障害・オープ,7,7,サイード,セ,4,小牧加矢,59☆,10,1,１, ,芝2850,良,,(栗),角田晃一,3044,-0.9,3,1,1,12.9,490,-10,
,"2023. 8.19",新潟,3新3,新馬,新馬,8,14,ブループリマドンナ,牝,2,北村宏司, 55 ,15,5,１, ,ダ1800,良,,(栗),小林真也,1575,-0.6,1,1,1,39.1,468,,
,"2023. 8.19",新潟,3新3,未勝利,未勝利,7,13,マンノステータス,牡,3,吉田豊, 56 ,15,6,１, ,ダ1800,良,,(美),小野次郎,1540,-0.0,10,4,4,38.2,494,+2,
,"2023. 8.19",新潟,3新3,未勝利,障害未勝利,3,3,ヴィアメント,セ,6,五十嵐雄, 60 ,14,4,１, ,芝2850,良,,(美),鹿戸雄一,3068,-1.2,8,4,1,13.1,484,+10,
,"2023. 8.13",新潟,3新2,1勝,１勝ｸﾗｽ,4,7,オメガキャプテン,牡,3,戸崎圭太, 55 ,18,1,１, 内,芝1400,良,,(美),大和田成,1212,-0.1,,4,5,34.9,464,+4,
,"2023. 8.13",新潟,3新2,Ｇ３,関屋記念G3,1,2,アヴェラーレ,牝,5,戸崎圭太, 55 ,17,4,１, 外,芝1600,良,,(美),木村哲也,1321,-0.1,,8,8,32.8,442,-12,
,"2023. 8.13",新潟,3新2,2勝,三面川特･2勝,1,1,エピプランセス,牝,4,戸崎圭太, 56 ,9,3,１, 外,芝1800,良,,(栗),池添学,1468,-0.0,,6,7,33.0,444,0,
,"2023. 8.13",新潟,3新2,2勝,浦佐特別･2勝,1,1,メイショウミツヤス,牡,5,津村明秀, 58 ,15,7,１, ,ダ1200,良,,(栗),木原一良,1113,-0.1,,9,9,35.6,506,+8,
,"2023. 8.13",新潟,3新2,1勝,１勝ｸﾗｽ,5,9,オールマイデイズ,牡,3,ルメール, 55 ,15,2,１, ,ダ1800,良,,(美),木村哲也,1523,-0.5,10,6,5,37.8,500,+4,
,"2023. 8.13",新潟,3新2,未勝利,未勝利,8,16,メリトリオ,牡,3,菅原明良, 56 ,18,1,１, 内,芝1000,良,,(美),大竹正博,0556,-0.0,,,4,33.2,472,0,
,"2023. 8.13",新潟,3新2,未勝利,未勝利・牝,6,12,オブリクア,牝,3,三浦皇成, 54 ,18,4,１, 内,芝2000,良,,(美),萩原清,2004,-0.1,1,1,1,35.5,460,0,
,"2023. 8.13",新潟,3新2,新馬,新馬,7,10,ライトバック,牝,2,浜中俊, 55 ,12,1,１, 外,芝1800,良,,(栗),茶木太樹,1501,-0.1,,11,10,32.8,470,,
,"2023. 8.13",新潟,3新2,未勝利,未勝利,7,12,ゼンリョクダンス,牝,3,小林美駒,50★,15,4,１, ,ダ1200,良,,(美),鈴木慎太,1120,-0.2,,10,8,36.5,444,-2,
,"2023. 8.13",新潟,3新2,未勝利,未勝利*,4,7,バロン,牝,2,ルメール, 55 ,18,2,１, 内,芝1400,良,*,(美),手塚貴久,1222,-0.2,,9,9,35.6,466,-6,
,"2023. 8.13",新潟,3新2,未勝利,未勝利,4,6,オールマキシマム,牝,3,小林脩斗,52△,15,4,１, ,ダ1800,良,,(美),奥平雅士,1534,-0.2,8,6,4,37.5,434,+2,
,"2023. 8.13",新潟,3新2,未勝利,障害未勝利,7,12,サクラトップラン,牝,4,中村将之, 58 ,14,6,１, ,芝2850,良,,(栗),中尾秀正,3067,-0.1,7,6,5,13.1,458,-2,
,"2023. 8.12",新潟,3新1,1勝,１勝ｸﾗｽ,5,8,キュートヘスティア,牝,4,小林美駒,52★,15,7,１, ,ダ1200,良,,(美),辻哲英,1111,-0.6,,2,2,36.4,462,+20,
,"2023. 8.12",新潟,3新1,3勝,稲妻ＳＨ･3勝,3,5,マイヨアポア,牝,5,津村明秀, 54 ,16,7,１, 内,芝1000,良,,(美),和田正一,0547,-0.2,,,15,32.1,478,-2,
,"2023. 8.12",新潟,3新1,2勝,新発田城･2勝,3,5,インテグリフォリア,牝,5,北村宏司, 56 ,18,11,１, 内,芝1400,良,*,(美),古賀慎明,1205,-0.0,,6,6,34.2,480,+4,
,"2023. 8.12",新潟,3新1,1勝,湯沢特別･1勝,1,1,オクタヴィアヌス,牡,3,ルメール, 55 ,15,3,１, 外,芝2000,良,,(美),木村哲也,1576,-1.1,,4,4,33.7,510,0,
,"2023. 8.12",新潟,3新1,1勝,１勝ｸﾗｽ・牝,3,4,モルチャン,牝,3,三浦皇成, 53 ,15,6,１, ,ダ1800,良,,(美),武井亮,1533,-0.5,6,4,4,37.8,500,+14,
,"2023. 8.12",新潟,3新1,未勝利,未勝利,8,17,ホウキボシ,牡,3,三浦皇成, 56 ,18,2,１, 外,芝1800,良,,(美),堀宣行,1466,-0.0,,6,5,34.3,518,0,B
,"2023. 8.12",新潟,3新1,新馬,新馬・牝,5,8,キャプテンネキ,牝,2,戸崎圭太, 55 ,14,3,１, 内,芝1400,良,,(栗),杉山晴紀,1225,-0.1,,2,2,35.5,528,,
,"2023. 8.12",新潟,3新1,新馬,新馬,2,2,ガルサブランカ,牝,2,ルメール, 55 ,13,1,１, 外,芝1600,良,,(美),木村哲也,1363,-0.2,,3,3,32.8,454,,
,"2023. 8.12",新潟,3新1,未勝利,未勝利,6,10,ヒサメ,牡,3,松岡正海, 56 ,15,13,１, ,ダ1800,良,,(美),田中剛,1533,-0.7,2,2,2,38.6,490,,
,"2023. 8.12",新潟,3新1,未勝利,未勝利・牝,8,14,チュウワスプリング,牝,3,伊藤工真, 54 ,15,4,１, ,ダ1200,良,,(美),林徹,1114,-0.9,,1,1,37.0,404,+2,
,"2023. 8.12",新潟,3新1,未勝利,未勝利*,6,6,チェルヴィニア,牝,2,ルメール, 55 ,10,1,１, 外,芝1800,良,,(美),木村哲也,1469,-1.0,,2,2,33.0,476,+6,
,"2023. 8.12",新潟,3新1,未勝利,未勝利*,5,9,レーザーショー,牡,2,内田博幸, 55 ,15,1,１, ,ダ1200,良,,(美),田中剛,1121,-0.2,,1,1,36.9,466,-4,
,"2023. 8. 6",新潟,2新4,1勝,１勝ｸﾗｽ,5,10,アイオブザストーム,牝,3,団野大成, 53 ,18,1,１, 外,芝1600,良,,(栗),岡田稲男,1327,-0.2,,7,7,33.5,468,-2,
,"2023. 8. 6",新潟,2新4,Ｇ３,レパードG3,3,5,ライオットガール,牝,3,岩田望来, 54 ,15,5,１, ,ダ1800,良,,(栗),中村直也,1508,-0.0,2,2,2,37.3,468,+2,
,"2023. 8. 6",新潟,2新4,2勝,驀進特別･2勝,8,15,トレンディスター,牝,3,川田将雅, 54 ,17,1,１, 内,芝1000,良,,(栗),高柳大輔,0543,-0.4,,,1,32.6,488,+4,
,"2023. 8. 6",新潟,2新4,2勝,苗場特別･2勝,6,10,レッドバロッサ,セ,4,北村友一, 58 ,15,4,１, ,ダ1800,良,,(栗),音無秀孝,1530,-0.0,2,2,2,36.6,500,+4,
,"2023. 8. 6",新潟,2新4,ｵｰﾌﾟﾝ,ダリア賞,8,8,コラソンビート,牝,2,戸崎圭太, 55 ,8,1,１, 内,芝1400,良,,(美),加藤士津,1212,-0.2,,5,4,34.0,434,0,
,"2023. 8. 6",新潟,2新4,1勝,１勝ｸﾗｽ,5,9,マコトヴェリーキー,牡,3,川田将雅, 55 ,16,2,１, 内,芝2200,良,,(栗),上村洋行,2117,-0.1,5,4,5,35.3,472,+2,
,"2023. 8. 6",新潟,2新4,新馬,新馬,3,4,ライジンマル,牡,2,津村明秀, 55 ,14,2,１, ,ダ1800,良,,(美),竹内正洋,1548,-1.3,1,1,1,38.0,532,,
,"2023. 8. 6",新潟,2新4,新馬,新馬,2,2,クリーンエア,牡,2,大野拓弥, 55 ,11,8,１, 外,芝1600,良,,(美),上原博之,1357,-0.1,,3,4,33.8,460,,
,"2023. 8. 6",新潟,2新4,未勝利,未勝利,1,2,デッドリー,牝,3,川田将雅, 54 ,18,1,１, 内,芝2000,良,,(栗),中内田充,1589,-0.3,3,3,3,36.0,448,0,
,"2023. 8. 6",新潟,2新4,未勝利,未勝利,1,1,カレンチャンキー,牝,3,秋山真一, 54 ,15,1,１, ,ダ1200,良,,(栗),鈴木孝志,1115,-0.2,,1,1,37.3,470,0,B
,"2023. 8. 6",新潟,2新4,未勝利,未勝利*,5,5,ニシノコイゴコロ,牝,2,野中悠太, 55 ,11,3,１, 外,芝1600,良,,(美),根本康広,1342,-0.2,,10,10,33.2,414,-6,
,"2023. 8. 6",新潟,2新4,未勝利,未勝利*,6,7,ニシノクラウン,牡,2,石川裕紀, 55 ,11,4,１, 内,芝1200,良,,(美),相沢郁,1098,-0.0,,10,10,34.6,452,-2,
,"2023. 8. 5",新潟,2新3,1勝,１勝ｸﾗｽ,2,2,ロードラディウス,牡,3,菱田裕二, 56 ,15,1,１, ,ダ1200,良,,(栗),森田直行,1115,-0.4,,3,4,37.2,468,-4,
,"2023. 8. 5",新潟,2新3,3勝,新潟日Ｈ･3勝,5,7,アルーリングウェイ,牝,4,岩田望来, 54 ,14,6,１, 内,芝1400,良,,(栗),藤岡健一,1201,-0.2,,4,4,34.8,478,+2,
,"2023. 8. 5",新潟,2新3,3勝,柳都Ｓ･3勝,2,3,アスクドゥラメンテ,牡,4,戸崎圭太, 58 ,15,1,１, ,ダ1800,良,,(栗),藤原英昭,1521,-0.3,3,5,4,37.7,546,+8,
,"2023. 8. 5",新潟,2新3,2勝,月岡温泉･2勝,7,10,コスモサガルマータ,牡,3,川田将雅, 55 ,13,2,１, 外,芝2000,良,,(栗),梅田智之,1599,-0.2,,6,6,32.7,494,+6,
,"2023. 8. 5",新潟,2新3,1勝,１勝ｸﾗｽ,1,1,ティルドーン,牡,3,川田将雅, 55 ,15,2,１, ,ダ1800,良,,(栗),森秀行,1525,-0.2,1,1,1,37.8,512,0,
,"2023. 8. 5",新潟,2新3,未勝利,未勝利,7,13,エールレヴリー,牝,3,西村淳也, 54 ,18,1,１, 内,芝1200,良,,(栗),武英智,1084,-0.1,,5,7,34.5,478,-2,
,"2023. 8. 5",新潟,2新3,新馬,新馬・牝,5,7,ニシノコマチムスメ,牝,2,幸英明, 55 ,13,2,１, 外,芝1600,良,,(栗),橋口慎介,1367,-0.1,,3,3,33.5,428,,
,"2023. 8. 5",新潟,2新3,新馬,新馬,4,5,ファーヴェント,牡,2,松山弘平, 55 ,13,1,１, 外,芝1800,良,,(栗),藤原英昭,1508,-0.3,,5,3,33.4,504,,
,"2023. 8. 5",新潟,2新3,未勝利,未勝利,7,13,メダルラッシュ,牝,3,三浦皇成, 54 ,15,3,１, ,ダ1800,良,,(美),村田一誠,1532,-1.4,2,2,2,37.9,472,+8,
,"2023. 8. 5",新潟,2新3,未勝利,未勝利,4,7,ジュンブライト,牝,3,三浦皇成, 54 ,18,9,１, 外,芝1600,良,,(美),高柳瑞樹,1344,-0.2,,11,12,33.3,442,+10,
,"2023. 8. 5",新潟,2新3,未勝利,未勝利,5,9,コトブキヘスペラス,牡,3,江田照男, 56 ,15,7,１, ,ダ1800,良,,(美),金成貴史,1543,-0.0,12,3,3,38.1,446,-8,
,"2023. 8. 5",新潟,2新3,未勝利,未勝利*,2,2,ラケダイモーン,牡,2,川田将雅, 55 ,12,1,１, 内,芝2000,良,,(栗),須貝尚介,2033,-0.2,5,5,3,34.7,498,0,
,"2023. 7.30",新潟,2新2,2勝,２勝ｸﾗｽ,1,1,ミレヴィーナス,牝,4,今村聖奈,53▲,15,5,１, ,ダ1200,良,,(栗),茶木太樹,1108,-0.5,,1,1,37.2,440,0,
,"2023. 7.30",新潟,2新2,Ｇ３,アイビスG3,2,3,オールアットワンス,牝,5,石川裕紀, 55 ,18,9,１, 内,芝1000,良,,(美),中舘英二,0549,-0.2,,,13,32.3,474,+18,
,"2023. 7.30",新潟,2新2,3勝,佐渡Ｓ･3勝,7,14,トゥデイイズザデイ,牡,4,津村明秀, 58 ,18,3,１, 外,芝1800,良,,(栗),池江泰寿,1450,-0.2,,2,2,33.4,462,-6,
,"2023. 7.30",新潟,2新2,2勝,豊栄特Ｈ･2勝,8,13,ミシシッピテソーロ,牝,3,川田将雅, 53 ,13,2,１, 外,芝1600,良,,(美),畠山吉宏,1336,-0.0,,8,7,32.7,434,+6,
,"2023. 7.30",新潟,2新2,1勝,１勝ｸﾗｽ,2,2,フライヤートゥルー,牡,3,坂井瑠星, 55 ,15,2,１, ,ダ1800,良,,(栗),橋口慎介,1518,-0.5,2,2,1,37.6,472,-2,
,"2023. 7.30",新潟,2新2,未勝利,未勝利,6,11,エイシンネクタル,牡,3,戸崎圭太, 56 ,15,8,１, ,ダ1200,良,,(栗),小崎憲,1115,-0.2,,5,4,37.2,448,-8,
,"2023. 7.30",新潟,2新2,新馬,新馬,7,9,ロアノークテソーロ,牝,2,木幡巧也, 55 ,12,7,１, 内,芝1400,良,,(美),牧光二,1232,-0.1,,2,2,35.2,456,,
,"2023. 7.30",新潟,2新2,新馬,新馬,8,9,カンティアーモ,牝,2,川田将雅, 55 ,9,2,１, 外,芝1800,良,,(美),木村哲也,1464,-0.1,,2,2,34.6,486,,
,"2023. 7.30",新潟,2新2,未勝利,未勝利,7,13,ターコイズデュー,牝,3,柴田大知, 54 ,15,5,１, ,ダ1800,良,,(美),畠山吉宏,1557,-0.1,3,3,3,37.4,512,-2,
,"2023. 7.30",新潟,2新2,未勝利,未勝利,7,13,ファミリーラヴ,牝,3,岩田望来, 54 ,16,5,１, 内,芝2200,良,,(栗),野中賢二,2140,-0.6,9,7,5,36.0,442,-12,B
,"2023. 7.30",新潟,2新2,未勝利,未勝利*,7,8,ホルトバージ,牡,2,今村聖奈,52▲,10,5,１, 外,芝1800,良,,(栗),寺島良,1474,-0.0,,5,5,34.4,466,-4,
,"2023. 7.30",新潟,2新2,未勝利,未勝利*,4,4,メイプルギャング,牡,2,角田大河,54☆,11,1,１, ,ダ1200,良,,(栗),中竹和也,1124,-0.1,,2,2,37.8,460,-2,
,"2023. 7.29",新潟,2新1,1勝,１勝ｸﾗｽ,2,3,ダンシングニードル,牝,3,田口貫太,50▲,18,1,１, 内,芝1000,良,,(栗),斉藤崇史,0539,-0.4,,,1,32.4,468,+6,
,"2023. 7.29",新潟,2新1,ｵｰﾌﾟﾝ,関越Ｓ,7,13,ストーリア,牝,4,菅原明良, 55 ,18,4,１, 外,芝1800,良,,(栗),杉山晴紀,1444,-0.1,,11,10,33.1,496,+4,
,"2023. 7.29",新潟,2新1,2勝,麒麟山特･2勝,4,7,エメヴィベール,牡,4,坂井瑠星, 58 ,15,5,１, ,ダ1800,良,,(栗),吉岡辰弥,1524,-0.1,3,3,3,37.6,568,-2,
,"2023. 7.29",新潟,2新1,1勝,出雲崎特･1勝,2,4,トーホウガレオン,牡,3,川田将雅, 55 ,17,3,１, 外,芝1800,良,,(栗),石坂公一,1454,-0.1,,4,3,33.9,510,+4,
,"2023. 7.29",新潟,2新1,1勝,１勝ｸﾗｽ,6,10,スペシャルナンバー,牡,4,団野大成, 58 ,15,2,１, ,ダ1200,良,,(栗),西村真幸,1118,-0.4,,4,4,37.0,496,+8,
,"2023. 7.29",新潟,2新1,未勝利,未勝利,7,13,ゴーマックス,牡,3,田辺裕信, 56 ,18,3,１, 内,芝1400,良,,(栗),武幸四郎,1211,-0.1,,2,2,36.2,492,0,
,"2023. 7.29",新潟,2新1,新馬,新馬,4,4,ウエスタンシーズン,牡,2,石橋脩, 55 ,12,2,１, ,ダ1200,良,,(栗),西園正都,1127,-0.4,,1,1,37.8,546,,
,"2023. 7.29",新潟,2新1,新馬,新馬,1,1,ダノンキラウェア,牡,2,川田将雅, 55 ,6,1,１, 外,芝1600,良,,(栗),中内田充,1373,-0.3,,3,4,33.2,466,,
,"2023. 7.29",新潟,2新1,ＪＧ３,新潟ジャJG3,2,2,サクセッション,セ,6,蓑島靖典, 60 ,11,3,１, ,芝3250,良,,(美),国枝栄,3283,-0.1,8,3,2,12.8,526,0,
,"2023. 7.29",新潟,2新1,未勝利,未勝利,8,15,ダノンヒューマ,牡,3,坂井瑠星, 56 ,15,1,１, ,ダ1800,良,,(栗),大久保龍,1537,-0.3,6,3,2,38.6,470,+4,
,"2023. 7.29",新潟,2新1,未勝利,未勝利,7,13,デオヴォレンティ,牝,3,秋山稔樹,53☆,18,9,１, 外,芝1800,良,*,(美),蛯名利弘,1464,-0.1,,12,12,33.8,438,-4,
,"2023. 7.29",新潟,2新1,未勝利,未勝利*,7,8,シカゴスティング,牝,2,戸崎圭太, 55 ,10,2,１, 内,芝1400,良,,(栗),庄野靖志,1223,-0.1,,2,2,35.0,430,+6,
,"2023. 5.21",新潟,1新8,1勝,１勝ｸﾗｽ,5,8,ヴィブラツィオーネ,牡,4,菱田裕二, 58 ,15,3,１, ,ダ1800,良,,(美),辻哲英,1540,-0.3,4,3,3,37.8,478,-2,
,"2023. 5.21",新潟,1新8,ｵｰﾌﾟﾝ,韋駄天ＳＨ,7,13,メディーヴァル,牡,5,西塚洸二, 52 ,16,6,１, 内,芝1000,良,,(栗),寺島良,0565,-0.1,,,10,33.8,474,+2,
,"2023. 5.21",新潟,1新8,2勝,火打山特･2勝,4,6,メイショウフジタカ,牡,5,富田暁, 58 ,15,3,１, ,ダ1200,良,,(栗),飯田祐史,1115,-0.0,,7,7,37.1,496,0,
,"2023. 5.21",新潟,1新8,2勝,火打山特･2勝,8,14,タイセイブレイズ,牡,5,菱田裕二, 58 ,15,2,１, ,ダ1200,良,,(栗),牧浦充徳,1115,-0.0,,11,11,36.3,476,-4,
,"2023. 5.21",新潟,1新8,1勝,石打特別･1勝,7,11,ショショローザ,牝,4,亀田温心, 56 ,14,6,１, 外,芝1800,良,,(栗),小栗実,1483,-0.4,,1,1,34.7,474,-6,
,"2023. 5.21",新潟,1新8,1勝,１勝ｸﾗｽ,8,15,カールスモーキー,牡,4,菱田裕二, 58 ,16,4,１, 内,芝1400,良,,(美),和田勇介,1222,-0.3,,11,11,35.3,490,0,
,"2023. 5.21",新潟,1新8,1勝,１勝ｸﾗｽ,6,11,クインズプリーズ,牝,4,富田暁, 56 ,15,7,１, ,ダ1200,良,,(栗),吉岡辰弥,1115,-0.1,,1,1,37.7,442,+8,
,"2023. 5.21",新潟,1新8,未勝利,未勝利・若,4,8,フェミナフォルテ,牝,3,横山琉人,53☆,16,3,１, 外,芝1800,良,,(美),小島茂之,1489,-0.1,,13,12,35.0,414,-12,
,"2023. 5.21",新潟,1新8,未勝利,未勝利,6,11,シルバープリペット,牡,3,嶋田純次, 56 ,15,8,１, 内,芝2000,良,,(美),松山将樹,2049,-0.1,7,7,7,35.6,446,-2,
,"2023. 5.21",新潟,1新8,未勝利,障害未勝利,8,12,ロードトゥフェイム,牡,5,石神深一, 60 ,13,2,１, ,芝2890,良,*,(美),尾形和幸,3126,-0.1,2,2,1,13.3,504,+4,
,"2023. 5.21",新潟,1新8,未勝利,未勝利,5,9,リュクススティール,牡,3,石橋脩, 56 ,15,5,１, ,ダ1800,良,,(美),高柳瑞樹,1540,-0.2,3,2,1,39.2,496,-6,B
,"2023. 5.21",新潟,1新8,未勝利,未勝利,8,15,スマートメイプル,牝,3,富田暁, 54 ,16,1,１, 内,芝1200,良,,(栗),矢作芳人,1103,-0.1,,1,1,35.4,460,+4,
,"2023. 5.21",新潟,1新8,未勝利,未勝利・牝,7,12,サラマックイーン,牝,3,菊沢一樹, 54 ,15,6,１, ,ダ1200,良,,(美),菊沢隆徳,1120,-0.2,,8,8,36.7,464,-2,
,"2023. 5.20",新潟,1新7,1勝,１勝ｸﾗｽ,2,3,ドラゴンゴクウ,牡,4,藤田菜七,56◇,15,5,１, ,ダ1200,良,,(美),根本康広,1124,-0.0,,12,11,36.5,462,+4,
,"2023. 5.20",新潟,1新7,2勝,大日岳特･2勝,7,13,マイネルレノン,牡,4,泉谷楓真, 58 ,16,1,１, 内,芝1200,良,,(栗),宮徹,1099,-0.2,,6,4,34.5,464,0,
,"2023. 5.20",新潟,1新7,1勝,二王子特･1勝,2,4,ブリングトゥライフ,牝,5,柴山雄一, 56 ,16,12,１, 外,芝2000,良,,(栗),畑端省吾,2008,-0.1,,6,6,34.6,470,+8,
,"2023. 5.20",新潟,1新7,1勝,飛竜特別･1勝,7,13,バオバブスピリット,牝,4,北村友一, 56 ,16,2,１, 内,芝1000,良,,(美),斎藤誠,0556,-0.1,,,1,33.2,446,+18,
,"2023. 5.20",新潟,1新7,1勝,１勝ｸﾗｽ・牝,4,5,ウインメイフラワー,牝,4,泉谷楓真,55☆,13,5,１, ,ダ1800,良,,(栗),梅田智之,1533,-0.1,8,5,5,38.2,482,-6,
,"2023. 5.20",新潟,1新7,未勝利,未勝利,5,10,テーオーグランビル,牡,3,丹内祐次, 56 ,16,9,１, 外,芝1600,良,,(栗),上村洋行,1361,-0.5,,2,2,33.8,486,,
,"2023. 5.20",新潟,1新7,未勝利,未勝利・若,7,13,モジャータルマエ,牡,3,斎藤新, 56 ,15,5,１, ,ダ1800,良,,(美),斎藤誠,1532,-0.2,2,2,2,37.9,496,0,
,"2023. 5.20",新潟,1新7,未勝利,未勝利・牝,5,7,コスモバイオレット,牝,3,丹内祐次, 54 ,14,2,１, 内,芝2000,良,,(美),高木登,2026,-0.3,3,3,3,36.9,444,-4,B
,"2023. 5.20",新潟,1新7,ｵｰﾌﾟﾝ,障害・オープ,5,8,サクセッション,セ,6,蓑島靖典, 60 ,14,3,１, ,芝3290,良,,(美),国枝栄,3354,-0.1,6,4,3,13.1,526,+4,
,"2023. 5.20",新潟,1新7,未勝利,未勝利,3,4,スティルディマーレ,牡,3,横山琉人,55☆,15,2,１, ,ダ1200,良,,(美),国枝栄,1116,-0.3,,1,1,37.1,524,+2,B
,"2023. 5.20",新潟,1新7,未勝利,未勝利・牝,8,13,モズアンタレス,牝,3,角田大和,53☆,13,5,１, ,ダ1800,良,,(栗),飯田祐史,1539,-0.1,6,2,2,39.3,510,0,
,"2023. 5.20",新潟,1新7,未勝利,障害未勝利,3,3,パトリック,牡,7,森一馬, 60 ,14,1,１, ,芝2890,良,,(栗),岡田稲男,3089,-0.4,4,3,3,13.1,486,+2,
,"2023. 5.14",新潟,1新6,1勝,１勝ｸﾗｽ,6,11,テンメジャーガール,牝,4,菱田裕二, 56 ,15,2,１, 内,芝1200,良,,(栗),高柳大輔,1094,-0.0,,1,1,35.2,498,0,
,"2023. 5.14",新潟,1新6,3勝,弥彦Ｓ･3勝,6,9,グランスラムアスク,牝,4,丸山元気, 56 ,13,4,１, 外,芝1800,良,,(栗),矢作芳人,1459,-0.0,,1,1,35.3,450,+2,B
,"2023. 5.14",新潟,1新6,2勝,中ノ岳Ｈ･2勝,7,13,アルムブラーヴ,牡,4,丸山元気, 56 ,15,1,１, ,ダ1800,良,,(栗),川村禎彦,1525,-0.4,5,6,6,37.3,488,+4,
,"2023. 5.14",新潟,1新6,1勝,尖閣湾特･1勝,8,11,サンライズロナウド,牡,4,斎藤新, 58 ,12,1,１, 外,芝2000,良,,(栗),安田隆行,2003,-0.2,,6,6,34.7,464,-8,
,"2023. 5.14",新潟,1新6,1勝,１勝ｸﾗｽ,8,15,ネオレインボウ,セ,7,丸山元気, 58 ,15,4,１, ,ダ1200,良,,(美),小西一男,1119,-0.0,,6,6,36.8,494,+2,
,"2023. 5.14",新潟,1新6,未勝利,未勝利,6,11,イルルージュ,牝,3,佐々木大,51▲,16,4,１, 内,芝1000,良,,(美),嘉藤貴行,0555,-0.4,,,1,33.1,414,-4,
,"2023. 5.14",新潟,1新6,1勝,１勝ｸﾗｽ・牝,8,10,エルザストラウム,牝,4,菱田裕二, 56 ,10,2,１, ,ダ1800,良,,(栗),武幸四郎,1548,-0.1,2,2,2,37.5,450,-12,
,"2023. 5.14",新潟,1新6,未勝利,障害未勝利,4,4,ベストインクラス,牡,5,上野翔, 60 ,11,8,１, ,芝2890,良,,(美),伊藤伸一,3074,-0.6,3,2,1,13.0,496,-5,
,"2023. 5.14",新潟,1新6,未勝利,障害未勝利,1,1,モルタル,セ,6,小野寺祐, 60 ,12,3,１, ,芝2890,良,,(美),加藤征弘,3093,-0.2,5,3,3,13.1,462,-4,
,"2023. 5.14",新潟,1新6,未勝利,未勝利,8,14,ビッグベルーガ,牡,3,菱田裕二, 56 ,15,4,１, ,ダ1800,良,,(栗),牧浦充徳,1559,-0.2,13,9,7,37.9,462,-4,
,"2023. 5.14",新潟,1新6,未勝利,未勝利・若,4,6,ハルクバローズ,牡,3,富田暁, 56 ,15,3,１, ,ダ1200,良,,(栗),石坂公一,1128,-0.0,,1,1,38.0,506,-2,
,"2023. 5.14",新潟,1新6,未勝利,未勝利,6,12,コスモスプモーニ,牡,3,松本大輝,55☆,16,3,１, 外,芝1800,良,,(美),松山将樹,1469,-0.4,,4,4,35.2,462,-2,
,"2023. 5.13",新潟,1新5,1勝,１勝ｸﾗｽ,8,14,ロックユアハート,牝,4,富田暁, 56 ,15,3,１, ,ダ1200,良,,(栗),矢作芳人,1122,-0.8,,1,1,37.7,464,+10,
,"2023. 5.13",新潟,1新5,2勝,信濃川特･2勝,6,6,セレブレイトガイズ,牡,4,菱田裕二, 58 ,11,1,１, 外,芝2000,良,,(栗),石坂公一,2017,-0.0,,4,3,33.6,490,-4,
,"2023. 5.13",新潟,1新5,1勝,三国特別･1勝,1,1,スタニングスター,牝,4,佐々木大, 56 ,14,9,１, 外,芝1600,良,,(美),田村康仁,1351,-0.1,,10,9,33.7,444,+4,
,"2023. 5.13",新潟,1新5,1勝,はやぶさ･1勝,7,13,トレンディスター,牝,3,亀田温心, 54 ,16,1,１, 内,芝1000,良,,(栗),高柳大輔,0553,-0.0,,,2,33.3,484,-4,
,"2023. 5.13",新潟,1新5,1勝,１勝ｸﾗｽ,7,7,レッドバロッサ,セ,4,角田大和,57☆,10,2,１, ,ダ1800,良,,(栗),音無秀孝,1536,-0.2,3,3,3,38.7,498,+6,
,"2023. 5.13",新潟,1新5,1勝,１勝ｸﾗｽ・若,2,2,ルージュアルル,牝,4,佐々木大,53▲,10,1,１, 外,芝1800,良,,(美),国枝栄,1477,-0.1,,4,3,34.0,468,-6,
,"2023. 5.13",新潟,1新5,未勝利,未勝利,7,13,サンスレッド,牡,3,藤田菜七,54◇,15,4,１, ,ダ1200,良,,(美),深山雅史,1127,-0.5,,1,1,38.0,452,+2,
,"2023. 5.13",新潟,1新5,未勝利,未勝利,4,4,ホールネス,牝,3,西塚洸二,51▲,13,2,１, 内,芝2200,良,,(栗),藤原英昭,2142,-0.1,8,7,7,36.7,508,+10,
,"2023. 5.13",新潟,1新5,未勝利,未勝利・牝,1,1,パスカリ,牝,3,菱田裕二, 54 ,13,1,１, ,ダ1800,良,,(栗),杉山晴紀,1544,-0.1,1,1,1,40.2,458,0,
,"2023. 5.13",新潟,1新5,未勝利,未勝利,5,10,パルティクラール,牝,3,西塚洸二,51▲,16,3,１, 内,芝1400,良,,(栗),牧浦充徳,1221,-0.1,,2,2,34.6,498,-4,
,"2023. 5.13",新潟,1新5,未勝利,未勝利,8,14,シゲルカミカゼ,牡,3,菊沢一樹, 56 ,15,1,１, ,ダ1800,良,,(美),松山将樹,1544,-1.3,1,1,1,37.9,506,+2,
,"2023. 5.13",新潟,1新5,未勝利,未勝利・牝,6,10,コロル,牝,3,西塚洸二,51▲,15,2,１, ,ダ1200,良,,(栗),奥村豊,1131,-0.1,,2,2,37.9,454,-8,
,"2023. 5. 7",新潟,1新4,1勝,１勝ｸﾗｽ,8,14,スキャッターシード,牝,5,斎藤新, 56 ,15,1,１, ,ダ1200,不,,(美),斎藤誠,1119,-0.2,,6,6,36.7,568,+18,
,"2023. 5. 7",新潟,1新4,Ｇ３,新潟大賞ＨG3,1,2,カラテ,牡,7,菅原明良, 59 ,16,5,１, 外,芝2000,不,,(栗),辻野泰之,2038,-0.1,,5,5,36.0,534,-2,
,"2023. 5. 7",新潟,1新4,3勝,駿風Ｓ･3勝,8,16,ジャスパークローネ,牡,4,浜中俊, 58 ,16,1,１, 内,芝1000,不,*,(栗),森秀行,0569,-0.0,,,1,34.6,486,+4,
,"2023. 5. 7",新潟,1新4,2勝,咲花特別･2勝,4,7,ラブリーエンジェル,牝,6,菅原明良, 56 ,15,2,１, ,ダ1800,不,,(美),鈴木慎太,1507,-0.1,9,8,8,36.5,454,-2,
,"2023. 5. 7",新潟,1新4,1勝,１勝ｸﾗｽ,2,3,バルタザール,牡,4,和田竜二, 58 ,16,4,１, 内,芝1400,不,*,(栗),茶木太樹,1257,-0.2,,4,4,37.9,492,-2,
,"2023. 5. 7",新潟,1新4,1勝,１勝ｸﾗｽ,2,2,モネータドーロ,牡,4,浜中俊, 58 ,11,1,１, ,ダ1800,不,,(美),宗像義忠,1526,-0.1,7,3,2,37.8,482,-2,
,"2023. 5. 7",新潟,1新4,1勝,１勝ｸﾗｽ・牝,6,11,オーガスタスカイ,牝,4,菅原明良, 56 ,15,2,１, ,ダ1200,不,,(栗),斉藤崇史,1114,-0.5,,2,2,36.9,492,0,B
,"2023. 5. 7",新潟,1新4,未勝利,未勝利,2,4,セイウンシリウス,牡,3,永島まな,53▲,16,2,１, 外,芝1800,不,,(美),尾形和幸,1527,-0.1,,3,2,37.7,440,-4,
,"2023. 5. 7",新潟,1新4,未勝利,障害未勝利,3,3,ショウナンバルディ,牡,7,小牧加矢,58△,8,3,１, ,芝2890,不,,(栗),松下武士,3191,-0.1,5,4,4,13.8,458,-2,
,"2023. 5. 7",新潟,1新4,未勝利,未勝利,4,6,シゲルショウグン,牡,3,永島まな,53▲,15,2,１, ,ダ1800,不,,(栗),大橋勇樹,1530,-0.3,1,1,1,38.3,492,+10,
,"2023. 5. 7",新潟,1新4,未勝利,未勝利,7,8,エイトキングゴッド,牡,3,原優介,54△,10,6,１, 内,芝2000,不,,(美),青木孝文,2080,-0.8,1,1,1,37.4,468,-16,
,"2023. 5. 7",新潟,1新4,未勝利,未勝利・牝,6,10,パルメリータ,牝,3,佐々木大,51▲,14,4,１, ,ダ1800,不,,(栗),西園正都,1531,-0.3,1,1,1,37.9,470,-10,
,"2023. 5. 6",新潟,1新3,1勝,１勝ｸﾗｽ,8,16,ロサロッサーナ,牝,4,横山琉人,55☆,16,1,１, 内,芝1000,稍,,(美),伊坂重信,0564,-0.9,,,1,34.0,506,-2,B
,"2023. 5. 6",新潟,1新3,ｵｰﾌﾟﾝ,越後Ｓ,2,2,スワーヴシャルル,牡,7,北村友一, 57 ,12,4,１, ,ダ1200,稍,,(栗),安田隆行,1108,-0.0,,4,4,36.4,486,+6,B
,"2023. 5. 6",新潟,1新3,1勝,荒川峡特･1勝,8,10,ファンタジア,牝,4,佐々木大, 56 ,10,1,１, 内,芝2200,稍,,(美),堀宣行,2187,-0.4,1,1,1,34.7,482,-4,
,"2023. 5. 6",新潟,1新3,1勝,わらび賞･1勝,2,3,ジャスパーバローズ,牡,3,丸山元気, 56 ,15,6,１, ,ダ1800,稍,,(栗),清水久詞,1538,-0.3,10,11,8,38.4,496,+2,
,"2023. 5. 6",新潟,1新3,1勝,１勝ｸﾗｽ,1,1,レッドベルアーム,牡,4,西塚洸二,55▲,12,1,１, 外,芝1800,稍,,(栗),藤原英昭,1501,-0.2,,2,2,34.7,510,0,
,"2023. 5. 6",新潟,1新3,1勝,１勝ｸﾗｽ,5,5,サムハンター,牡,5,丸山元気, 58 ,9,1,１, ,ダ1800,稍,,(栗),高橋康之,1565,-0.0,3,3,3,36.5,494,+2,
,"2023. 5. 6",新潟,1新3,未勝利,未勝利,6,11,ドーバーホーク,牡,3,原優介,54△,16,1,１, 内,芝1200,稍,,(美),清水英克,1099,-0.2,,4,4,34.8,478,0,
,"2023. 5. 6",新潟,1新3,未勝利,未勝利・牝,2,3,インペリアルコート,牝,3,斎藤新, 54 ,15,2,１, 外,芝1800,稍,,(美),鹿戸雄一,1500,-0.0,,3,3,35.9,430,-4,
,"2023. 5. 6",新潟,1新3,未勝利,障害未勝利,6,6,ハンディーズピーク,牡,5,小牧加矢,58△,8,2,１, ,芝2890,稍,,(栗),大久保龍,3103,-0.5,3,3,3,13.2,514,-2,
,"2023. 5. 6",新潟,1新3,未勝利,未勝利,4,6,シャドウダッチェス,牝,3,佐々木大,51▲,15,1,１, ,ダ1200,良,,(美),深山雅史,1118,-0.3,,1,1,37.3,458,-12,B
,"2023. 5. 6",新潟,1新3,未勝利,未勝利・若,7,13,タイセイウォリアー,牡,3,富田暁, 56 ,15,3,１, ,ダ1800,良,,(栗),大橋勇樹,1553,-0.1,1,1,1,37.7,482,-4,
,"2023. 5. 6",新潟,1新3,ｵｰﾌﾟﾝ,障害・オープ,6,9,サペラヴィ,牡,6,江田勇亮, 60 ,13,2,１, ,芝2890,良,,(美),南田美知,3087,-0.5,2,1,1,13.1,474,-12,
,"2023. 4.30",新潟,1新2,1勝,１勝ｸﾗｽ,7,12,タウゼントシェーン,牝,5,永島まな,52★,15,2,１, 内,芝1200,重,,(栗),小林真也,1103,-0.0,,4,5,35.2,432,-8,
,"2023. 4.30",新潟,1新2,OP(L),谷川岳Ｓ(L),4,6,ピースオブエイト,牡,4,吉田隼人, 58 ,14,1,１, 外,芝1600,重,,(栗),奥村豊,1354,-0.4,,1,1,35.7,466,-12,
,"2023. 4.30",新潟,1新2,2勝,邁進特Ｈ･2勝,6,12,クムシラコ,牡,5,黛弘人, 55 ,16,4,１, 内,芝1000,重,,(美),石毛善彦,0577,-0.1,,,11,34.3,472,-4,
,"2023. 4.30",新潟,1新2,2勝,五泉特別･2勝,5,9,ワールドタキオン,牡,5,斎藤新, 58 ,15,1,１, ,ダ1800,重,,(美),斎藤誠,1522,-0.9,3,3,3,36.5,510,0,
,"2023. 4.30",新潟,1新2,1勝,１勝ｸﾗｽ,7,10,ケイアイセナ,牡,4,秋山真一, 58 ,12,1,１, 外,芝1800,重,,(栗),平田修,1506,-0.3,,1,1,35.2,482,+8,
,"2023. 4.30",新潟,1新2,1勝,１勝ｸﾗｽ・若,2,3,ミラビリス,牝,4,斎藤新, 56 ,15,5,１, ,ダ1200,重,,(美),斎藤誠,1118,-0.0,,7,5,37.4,456,0,
,"2023. 4.30",新潟,1新2,1勝,１勝ｸﾗｽ・牝,5,5,クーシフォン,牝,4,石橋脩, 56 ,9,2,１, ,ダ1800,重,,(美),牧光二,1536,-0.2,5,4,4,38.9,468,+12,
,"2023. 4.30",新潟,1新2,未勝利,未勝利,7,10,ディープマインド,牡,3,古川吉洋, 56 ,13,7,１, 内,芝2400,重,,(栗),本田優,2332,-0.6,3,4,3,36.3,526,-2,
,"2023. 4.30",新潟,1新2,未勝利,障害未勝利,8,8,カサデガ,牡,5,小牧加矢,58△,9,4,１, ,芝2890,重,,(栗),寺島良,3142,-0.3,2,2,2,13.4,464,+4,
,"2023. 4.30",新潟,1新2,未勝利,未勝利,3,5,ヤマニンエンディマ,牡,3,勝浦正樹, 56 ,15,3,１, ,ダ1800,重,,(美),辻哲英,1524,-0.1,7,4,4,38.2,490,-4,
,"2023. 4.30",新潟,1新2,未勝利,未勝利,3,6,エーデルサンライズ,牝,3,永島まな,50★,16,3,１, 内,芝1400,重,,(栗),小林真也,1234,-0.2,,3,3,36.5,418,0,
,"2023. 4.30",新潟,1新2,未勝利,未勝利・牝,4,7,ラクサパーナ,牝,3,原優介,52△,15,5,１, ,ダ1200,重,,(美),矢野英一,1117,-0.0,,3,3,37.1,442,+4,
,"2023. 4.29",新潟,1新1,1勝,１勝ｸﾗｽ,5,8,フラップシグナス,牡,4,西村淳也, 58 ,14,1,１, ,ダ1200,良,,(栗),千田輝彦,1125,-0.4,,2,2,37.4,482,+2,
,"2023. 4.29",新潟,1新1,3勝,三条Ｓ･3勝,4,6,エナハツホ,牝,4,小崎綾也, 56 ,15,6,１, ,ダ1800,良,,(栗),吉田直弘,1527,-0.1,6,8,6,37.6,444,+4,
,"2023. 4.29",新潟,1新1,2勝,胎内川特･2勝,7,10,グランスラムアスク,牝,4,古川奈穂, 56 ,12,4,１, 外,芝1800,良,,(栗),矢作芳人,1466,-0.7,,1,1,35.1,448,-2,B
,"2023. 4.29",新潟,1新1,1勝,ゆきつば･1勝,5,10,タツダイヤモンド,牡,3,秋山真一, 56 ,16,3,１, 内,芝1200,良,,(栗),鮫島一歩,1093,-0.2,,9,7,34.7,478,-8,
,"2023. 4.29",新潟,1新1,1勝,１勝ｸﾗｽ・牝,4,5,オメガオリーブ,牝,4,佐々木大,53▲,13,7,１, 外,芝1600,良,,(美),大和田成,1345,-0.2,,4,4,35.0,402,-2,
,"2023. 4.29",新潟,1新1,1勝,１勝ｸﾗｽ・若,4,5,アルムブラーヴ,牡,4,西村淳也, 58 ,14,1,１, ,ダ1800,良,*,(栗),川村禎彦,1535,-1.5,3,3,3,38.4,484,0,
,"2023. 4.29",新潟,1新1,未勝利,未勝利,7,14,サンタアナテソーロ,牝,3,丹内祐次, 54 ,16,1,１, 内,芝1000,良,,(美),栗田徹,0556,-0.2,,,7,32.8,386,-4,
,"2023. 4.29",新潟,1新1,未勝利,未勝利,5,10,ウイニングライブ,牡,3,丸山元気, 56 ,16,7,１, 内,芝2000,良,,(美),金成貴史,2012,-0.2,9,12,10,36.0,436,-6,
,"2023. 4.29",新潟,1新1,未勝利,障害未勝利,8,10,ドラウプニル,セ,7,伴啓太, 60 ,11,1,１, ,芝2890,良,,(美),黒岩陽一,3090,-0.8,2,2,2,13.1,492,+2,
,"2023. 4.29",新潟,1新1,未勝利,未勝利,2,2,サルトルーヴィル,牡,3,石橋脩, 56 ,15,6,１, ,ダ1200,良,,(美),牧光二,1126,-0.1,,8,7,37.0,492,+2,
,"2023. 4.29",新潟,1新1,未勝利,未勝利・牝,3,3,ノーブルマルシェ,牝,3,小林脩斗,52△,14,2,１, ,ダ1800,良,,(美),久保田貴,1560,-0.0,3,3,3,39.5,446,0,
,"2023. 4.29",新潟,1新1,ｵｰﾌﾟﾝ,障害・オープ,8,13,フォッサマグナ,セ,7,伴啓太, 62 ,14,1,１, ,芝2890,良,,(美),黒岩陽一,3058,-0.8,1,1,1,12.9,488,+2,
,2022.10.30,新潟,4新6,1勝,１勝ｸﾗｽ,7,13,レッドルピナス,牝,5,荻野極, 55 ,18,14,１, 内,芝1400,稍,,(栗),辻野泰之,1229,-0.0,,7,5,35.5,440,+4,
,2022.10.30,新潟,4新6,OP(L),ルミエＨ(L),8,17,ジャズエチュード,牝,4,泉谷楓真, 51 ,18,1,１, 内,芝1000,稍,,(美),黒岩陽一,0551,-0.0,,,4,32.7,516,+6,
,2022.10.30,新潟,4新6,2勝,鳥屋野特･2勝,2,3,ルーチェット,牝,4,石橋脩, 55 ,15,3,１, ,ダ1800,稍,,(栗),松永幹夫,1530,-0.1,6,6,6,36.9,484,+2,
,2022.10.30,新潟,4新6,1勝,聖籠特別･1勝,7,15,テイデ,牡,4,菱田裕二, 57 ,18,4,１, 外,芝1800,稍,,(美),堀宣行,1478,-0.3,,10,10,34.4,474,-6,B
,2022.10.30,新潟,4新6,1勝,１勝ｸﾗｽ,8,9,ナツイチバン,牝,3,藤田菜七,51◇,10,4,１, ,ダ1200,稍,,(美),村田一誠,1120,-0.1,,3,3,37.0,464,-2,
,2022.10.30,新潟,4新6,1勝,１勝ｸﾗｽ,5,6,タケルジャック,牡,4,原優介,54▲,13,5,１, ,ダ1800,稍,,(美),小桧山悟,1527,-0.2,7,6,3,37.5,460,+2,
,2022.10.30,新潟,4新6,1勝,１勝ｸﾗｽ・若,8,12,ヴァンヌ,牡,4,武藤雅, 57 ,12,2,１, ,ダ1200,稍,,(美),武藤善則,1114,-0.7,,2,2,36.6,504,+6,
,2022.10.30,新潟,4新6,新馬,新馬,8,17,ブラウンウェーブ,牝,2,横山琉人,52△,18,15,１, 内,芝1400,稍,,(美),宗像義忠,1239,-0.1,,6,7,35.7,432,,
,2022.10.30,新潟,4新6,未勝利,障害未勝利,5,8,レザネフォール,牡,5,小牧加矢,57▲,14,1,１, ,芝2850,良,,(栗),池江泰寿,3095,-0.6,2,1,1,13.3,474,0,
,2022.10.30,新潟,4新6,未勝利,未勝利・牝*,2,2,セイカティターニア,牝,2,横山琉人,52△,11,9,１, ,ダ1800,稍,,(美),相沢郁,1551,-0.2,1,1,1,40.0,422,0,
,2022.10.30,新潟,4新6,未勝利,未勝利*,7,11,クールジャーマン,牡,2,松本大輝,54☆,13,1,１, ,ダ1200,稍,,(栗),松下武士,1131,-0.1,,2,2,37.5,466,-4,
,2022.10.30,新潟,4新6,未勝利,未勝利*,5,8,イージーオンミー,牝,2,西村淳也, 54 ,14,6,１, 内,芝2000,良,,(美),中舘英二,2030,-0.4,2,2,2,36.9,434,-4,B
,2022.10.29,新潟,4新5,1勝,１勝ｸﾗｽ,8,10,メイショウフジタカ,牡,4,今村聖奈,53★,11,1,１, ,ダ1200,稍,,(栗),飯田祐史,1109,-0.4,,1,1,36.2,498,-4,
,2022.10.29,新潟,4新5,3勝,魚沼Ｓ･3勝,7,12,カレンルシェルブル,牡,4,斎藤新, 57 ,14,1,１, 外,芝2000,良,,(栗),安田翔伍,2001,-0.2,,9,9,33.6,512,+8,
,2022.10.29,新潟,4新5,2勝,新津特別･2勝,2,3,カンティーユ,牡,4,団野大成, 57 ,18,2,１, 内,芝1200,良,,(美),嘉藤貴行,1086,-0.9,,1,1,34.5,486,0,
,2022.10.29,新潟,4新5,1勝,萬代橋特･1勝,6,10,ミクソロジー,牡,3,西村淳也, 54 ,15,1,１, 内,芝2400,良,,(栗),辻野泰之,2270,-0.2,4,4,4,35.5,434,+2,
,2022.10.29,新潟,4新5,1勝,１勝ｸﾗｽ・牝,7,10,センタースリール,牝,3,斎藤新, 53 ,13,4,１, ,ダ1800,稍,,(美),本間忍,1544,-0.4,1,1,1,39.9,466,+4,
,2022.10.29,新潟,4新5,1勝,１勝ｸﾗｽ,8,17,リーゼントフラム,牡,5,西村淳也, 57 ,18,3,１, 内,芝1000,良,,(栗),矢作芳人,0559,-0.0,,,3,33.2,474,+4,
,2022.10.29,新潟,4新5,1勝,１勝ｸﾗｽ・若,1,1,エクストラノート,セ,5,原優介,54▲,11,3,１, ,ダ1800,稍,,(美),加藤和宏,1538,-0.1,9,10,9,38.1,476,-8,
,2022.10.29,新潟,4新5,未勝利,未勝利*,5,10,メイショウカゼマチ,牡,2,永島まな,51★,18,5,１, 内,芝1400,良,,(栗),角田晃一,1226,-0.2,,1,1,36.4,436,-4,
,2022.10.29,新潟,4新5,ｵｰﾌﾟﾝ,障害・オープ,2,2,マリオ,牡,7,平沢健治, 60 ,11,2,１, ,芝2850,良,,(栗),安達昭夫,3071,-0.1,6,4,6,13.1,500,-4,
,2022.10.29,新潟,4新5,1勝,１勝ｸﾗｽ・牝,7,12,ミレヴィーナス,牝,3,今村聖奈,49★,14,1,１, ,ダ1200,稍,,(栗),茶木太樹,1115,-0.2,,1,1,37.5,442,+6,
,2022.10.29,新潟,4新5,未勝利,未勝利*,6,8,シリンガバルガリス,牡,2,西村淳也, 55 ,12,3,１, ,ダ1800,稍,,(栗),松永幹夫,1571,-0.3,2,2,2,40.5,480,-4,B
,2022.10.29,新潟,4新5,未勝利,障害未勝利,5,5,ロードシャムロック,牡,5,西谷誠, 60 ,12,2,１, ,芝2850,良,,(栗),中内田充,3093,-0.3,9,5,3,13.3,508,-6,
,2022.10.23,新潟,4新4,1勝,１勝ｸﾗｽ,8,15,ディアナグラン,牝,4,藤田菜七,53◇,15,2,１, 内,芝1000,稍,,(美),大竹正博,0559,-0.2,,,1,33.7,492,+12,
,2022.10.23,新潟,4新4,ｵｰﾌﾟﾝ,新潟牝馬,4,6,ホウオウエミーズ,牝,5,西村淳也, 54 ,14,8,１, 内,芝2200,稍,,(美),池上昌和,2145,-0.1,8,7,5,34.7,448,0,
,2022.10.23,新潟,4新4,2勝,妙高特別･2勝,7,13,アイスリアン,牝,4,菱田裕二, 55 ,15,4,１, ,ダ1200,稍,,(栗),高柳大輔,1128,-0.1,,8,8,37.4,472,-4,
,2022.10.23,新潟,4新4,1勝,柏崎特別･1勝,8,15,タイゲン,牡,3,和田竜二, 55 ,16,1,１, 外,芝1600,稍,,(栗),平田修,1360,-0.0,,7,7,34.8,468,0,
,2022.10.23,新潟,4新4,1勝,１勝ｸﾗｽ,1,1,プロミストウォリア,牡,5,今村聖奈,53★,11,2,１, ,ダ1800,稍,,(栗),野中賢二,1524,-0.8,1,1,1,38.3,528,-2,
,2022.10.23,新潟,4新4,1勝,１勝ｸﾗｽ・若,6,10,オンザダブル,牡,3,団野大成, 55 ,15,2,１, ,ダ1200,稍,,(栗),池添学,1121,-0.2,,3,3,37.5,524,+16,
,2022.10.23,新潟,4新4,1勝,１勝ｸﾗｽ,1,1,フィールシンパシー,牝,3,横山琉人,51△,13,3,１, 外,芝1800,良,,(美),小島茂之,1480,-0.1,,1,1,33.6,436,-10,
,2022.10.23,新潟,4新4,新馬,新馬,5,9,バンブーグローブ,牡,2,斎藤新, 55 ,15,3,１, ,ダ1800,稍,,(美),斎藤誠,1569,-0.0,3,1,1,38.6,490,,
,2022.10.23,新潟,4新4,未勝利,障害未勝利,8,13,アンブロジオ,セ,7,石神深一, 60 ,13,1,１, ,芝2850,良,,(美),菊沢隆徳,3084,-1.0,5,2,2,13.2,462,+2,
,2022.10.23,新潟,4新4,1勝,１勝ｸﾗｽ,5,5,シュルレアリスト,牡,4,和田竜二, 57 ,10,5,１, ,ダ1800,稍,,(栗),中村直也,1547,-0.5,4,3,2,38.9,440,+8,
,2022.10.23,新潟,4新4,未勝利,未勝利・牝*,3,5,フェステスバント,牝,2,今村聖奈,50★,15,2,１, 外,芝1600,良,,(栗),藤岡健一,1344,-0.6,,1,1,34.7,400,+6,
,2022.10.23,新潟,4新4,未勝利,未勝利*,7,10,オメガリッチマン,牡,2,松本大輝,53△,13,4,１, 外,芝1800,良,,(栗),安田翔伍,1471,-0.0,,4,4,35.4,434,0,B
,2022.10.22,新潟,4新3,1勝,１勝ｸﾗｽ,4,5,スカイナイル,牝,4,今村聖奈,51★,13,2,１, ,ダ1200,良,,(栗),牧浦充徳,1119,-0.2,,2,2,37.5,496,+8,
,2022.10.22,新潟,4新3,3勝,北陸ＳＨ･3勝,6,10,ルピナスリード,牝,3,団野大成, 52 ,14,2,１, 内,芝1200,良,,(栗),吉岡辰弥,1086,-0.0,,5,5,34.1,456,0,
,2022.10.22,新潟,4新3,2勝,村上特別･2勝,1,1,カランドゥーラ,牡,4,勝浦正樹, 57 ,13,5,１, 外,芝1800,良,,(美),蛯名正義,1465,-0.0,,4,5,34.5,486,-8,
,2022.10.22,新潟,4新3,1勝,岩船特別･1勝,5,9,バラジ,牡,3,丹内祐次, 54 ,16,1,１, 内,芝2200,良,,(美),鹿戸雄一,2148,-0.3,8,4,4,34.4,500,+8,
,2022.10.22,新潟,4新3,1勝,１勝ｸﾗｽ・牝,8,15,グラストンベリー,牝,3,川須栄彦, 53 ,15,5,１, ,ダ1200,良,,(栗),藤岡健一,1111,-0.1,,1,1,36.8,418,-4,
,2022.10.22,新潟,4新3,1勝,１勝ｸﾗｽ,8,18,ウインバグース,牡,3,永島まな,51★,18,1,１, 内,芝1400,良,,(栗),西園正都,1211,-0.1,,1,1,35.2,474,-6,
,2022.10.22,新潟,4新3,1勝,１勝ｸﾗｽ・若,8,9,クラーベドラド,牡,3,西村淳也, 55 ,10,7,１, ,ダ1800,良,,(栗),小崎憲,1543,-0.2,1,1,1,39.4,488,-6,B
,2022.10.22,新潟,4新3,未勝利,未勝利*,3,5,フォルテース,牡,2,菱田裕二, 55 ,18,1,１, 内,芝1000,良,,(栗),高橋亮,0556,-1.0,,,1,33.2,442,-2,
,2022.10.22,新潟,4新3,未勝利,障害未勝利,4,4,サクセッション,セ,5,石神深一, 60 ,11,4,１, ,芝2850,良,,(美),国枝栄,3053,-0.5,3,1,1,13.0,522,+8,
,2022.10.22,新潟,4新3,未勝利,未勝利*,8,13,ストリンジェンド,牡,2,角田大河,52▲,13,1,１, ,ダ1200,良,,(栗),音無秀孝,1134,-0.7,,5,4,38.2,470,0,
,2022.10.22,新潟,4新3,未勝利,未勝利*,2,3,シゲルスナイパー,牡,2,永島まな,51★,15,3,１, ,ダ1800,良,,(栗),谷潔,1553,-0.1,1,1,1,39.6,514,+6,
,2022.10.22,新潟,4新3,ｵｰﾌﾟﾝ,障害・オープ,8,12,バイオレントブロー,セ,7,小牧加矢,58▲,13,2,１, ,芝3250,良,,(栗),佐々木晶,3323,-0.2,9,7,4,13.1,494,+2,
,2022.10.16,新潟,4新2,1勝,１勝ｸﾗｽ,6,7,ワールドコネクター,牡,3,佐々木大,52▲,12,1,１, ,ダ1200,良,,(美),蛯名正義,1114,-0.5,,3,2,37.1,534,-4,B
,2022.10.16,新潟,4新2,OP(L),信越ＳＨ(L),6,11,ダディーズビビッド,牡,4,浜中俊, 56 ,18,1,１, 内,芝1400,良,,(栗),千田輝彦,1202,-0.2,,8,7,34.2,508,-4,
,2022.10.16,新潟,4新2,2勝,菅名岳特･2勝,6,11,ジャズブルース,牡,3,団野大成, 55 ,15,5,１, ,ダ1800,良,,(栗),吉村圭司,1522,-0.6,3,3,3,37.0,458,+6,
,2022.10.16,新潟,4新2,1勝,粟島特別･1勝,3,3,グランスラムアスク,牝,3,古川奈穂, 53 ,11,9,１, 外,芝1800,良,,(栗),矢作芳人,1463,-0.0,,1,1,34.2,456,+4,
,2022.10.16,新潟,4新2,1勝,１勝ｸﾗｽ・牝,4,6,タガノカンデラ,牝,3,斎藤新, 53 ,15,4,１, ,ダ1800,良,,(栗),奥村豊,1534,-1.2,3,3,3,37.6,448,+6,
,2022.10.16,新潟,4新2,1勝,１勝ｸﾗｽ,1,1,セルレア,牝,5,永島まな,51★,18,15,１, 内,芝1000,良,,(美),深山雅史,0555,-0.0,,,1,33.2,454,+2,B
,2022.10.16,新潟,4新2,1勝,１勝ｸﾗｽ・若,2,2,トップスティール,牡,3,秋山稔樹,54☆,12,12,１, ,ダ1800,良,,(美),深山雅史,1532,-0.4,12,1,1,38.1,494,0,B
,2022.10.16,新潟,4新2,新馬,新馬,7,12,ヨドノリリー,牝,2,亀田温心,53☆,15,5,１, ,ダ1200,良,,(栗),北出成人,1133,-0.0,,4,3,37.9,432,,
,2022.10.16,新潟,4新2,未勝利,未勝利*,3,3,トーセントラム,牡,2,田中勝春, 55 ,10,3,１, 外,芝1600,良,,(美),小桧山悟,1378,-0.0,,8,7,33.0,424,-6,
,2022.10.16,新潟,4新2,1勝,１勝ｸﾗｽ・牝,6,11,オースミメッシーナ,牝,3,今村聖奈,49★,15,2,１, ,ダ1200,良,,(栗),宮本博,1117,-0.1,,1,1,37.4,456,+10,
,2022.10.16,新潟,4新2,未勝利,未勝利*,5,5,パクスオトマニカ,牡,2,菱田裕二, 55 ,9,3,１, 内,芝2000,良,,(美),久保田貴,2023,-0.8,1,1,1,35.3,470,-2,
,2022.10.16,新潟,4新2,未勝利,未勝利*,1,1,ダンシングニードル,牝,2,団野大成, 54 ,16,1,１, 内,芝1200,良,,(栗),斉藤崇史,1087,-0.5,,1,1,35.1,474,-4,
,2022.10.15,新潟,4新1,1勝,１勝ｸﾗｽ,4,5,ダイチヴィヴァン,牡,3,秋山稔樹,54☆,13,3,１, ,ダ1200,良,,(美),蛯名利弘,1112,-0.0,,2,2,37.1,470,0,
,2022.10.15,新潟,4新1,2勝,飛翼特別･2勝,4,8,ネレイド,牝,3,丸山元気, 53 ,18,5,１, 内,芝1000,良,,(美),粕谷昌央,0552,-0.0,,,1,33.0,434,-10,
,2022.10.15,新潟,4新1,1勝,十日町特･1勝,2,4,ウィリン,牝,3,丹内祐次, 53 ,18,1,１, 内,芝1200,良,,(美),林徹,1087,-0.4,,4,5,34.4,438,+12,
,2022.10.15,新潟,4新1,1勝,松浜特別･1勝,8,12,エーデルブルーメ,牝,3,西村淳也, 53 ,13,1,１, 外,芝2000,良,,(栗),安田隆行,2005,-0.2,,3,3,33.0,480,+10,
,2022.10.15,新潟,4新1,1勝,１勝ｸﾗｽ,7,11,ニシノボルテージ,牡,3,杉原誠人, 55 ,13,13,１, ,ダ1800,良,,(美),田村康仁,1537,-0.2,12,11,8,38.0,454,0,B
,2022.10.15,新潟,4新1,1勝,１勝ｸﾗｽ・若,1,1,エピプランセス,牝,3,西村淳也, 53 ,14,1,１, 外,芝2000,良,,(栗),池添学,2013,-0.2,,4,4,33.0,434,-2,
,2022.10.15,新潟,4新1,1勝,１勝ｸﾗｽ,8,10,マイネルオーサム,牡,3,丹内祐次, 54 ,11,3,１, ,ダ2500,良,,(美),高木登,2436,-0.3,2,2,1,38.3,464,0,B
,2022.10.15,新潟,4新1,新馬,新馬・牝,7,13,フィレット,牝,2,横山琉人,52△,17,1,１, 外,芝1600,良,,(栗),藤岡健一,1352,-0.0,,6,6,34.5,484,,
,2022.10.15,新潟,4新1,未勝利,障害未勝利,6,6,スーパーフェイバー,牡,4,小野寺祐, 60 ,10,2,１, ,芝2850,良,,(栗),矢作芳人,3048,-0.3,3,2,1,13.0,502,0,
,2022.10.15,新潟,4新1,未勝利,未勝利*,3,5,トラネスハープ,牝,2,今村聖奈,50★,15,1,１, ,ダ1200,良,,(美),武井亮,1142,-0.1,,1,1,39.0,420,-12,
,2022.10.15,新潟,4新1,未勝利,未勝利*,5,8,サノノエスポ,牝,2,丹内祐次, 54 ,15,8,１, ,ダ1800,良,,(美),中野栄治,1551,-0.2,2,2,2,40.2,424,-2,
,2022.10.15,新潟,4新1,未勝利,障害未勝利,3,3,アストラエンブレム,セ,9,五十嵐雄, 60 ,11,2,１, ,芝2850,良,,(美),小島茂之,3061,-0.6,1,1,1,13.1,484,+4,
,"2022. 9. 4",新潟,3新8,1勝,雷光特別･1勝,6,12,ボンクラージュ,牝,3,津村明秀, 53 ,18,2,１, 内,芝1000,良,*,(美),矢野英一,0551,-0.1,,,9,32.5,432,-2,
,"2022. 9. 4",新潟,3新8,Ｇ３,新潟記念ＨG3,3,6,カラテ,牡,6,菅原明良,57.5,18,10,１, 外,芝2000,良,,(栗),辻野泰之,1589,-0.3,,7,7,33.3,532,-8,
,"2022. 9. 4",新潟,3新8,2勝,両津湾特･2勝,6,10,タイセイスラッガー,牡,4,菅原明良, 57 ,15,7,１, ,ダ1800,良,,(美),高橋裕,1519,-0.1,2,2,2,37.7,540,+4,B
,"2022. 9. 4",新潟,3新8,2勝,飯豊特別･2勝,7,12,レディバランタイン,牝,3,菅原明良, 53 ,14,2,１, 内,芝1400,良,,(美),加藤征弘,1210,-0.3,,1,1,35.4,470,+6,
,"2022. 9. 4",新潟,3新8,1勝,１勝ｸﾗｽ,5,9,トーホウボルツ,牡,4,野中悠太, 57 ,15,5,１, ,ダ1800,良,,(美),嘉藤貴行,1537,-0.1,6,5,4,38.2,472,-2,B
,"2022. 9. 4",新潟,3新8,未勝利,未勝利,8,14,フエキ,牝,3,田辺裕信, 54 ,15,1,１, ,ダ1200,良,,(美),和田正一,1120,-0.4,,1,1,37.2,514,+4,
,"2022. 9. 4",新潟,3新8,新馬,新馬,8,17,コーパスクリスティ,牡,2,池添謙一, 54 ,18,1,１, 内,芝1400,良,,(栗),中内田充,1237,-0.2,,3,3,35.7,440,,
,"2022. 9. 4",新潟,3新8,新馬,新馬,5,6,テンカノギジン,牡,2,戸崎圭太, 54 ,13,2,１, 外,芝1800,良,,(美),手塚貴久,1511,-0.0,,12,11,33.3,478,,
,"2022. 9. 4",新潟,3新8,未勝利,未勝利,2,3,マイネルカグラ,牡,3,Ｍ．デム, 56 ,18,11,１, 内,芝2200,良,,(美),相沢郁,2154,-0.2,1,1,1,35.3,492,+2,B
,"2022. 9. 4",新潟,3新8,未勝利,未勝利,2,3,ミニョンルミエール,牝,3,Ｍ．デム, 54 ,15,3,１, ,ダ1800,稍,,(美),和田雄二,1541,-0.1,7,9,10,38.2,434,-4,
,"2022. 9. 4",新潟,3新8,未勝利,未勝利*,5,10,ノーブルラン,牡,2,津村明秀, 54 ,18,3,１, 内,芝1400,良,,(美),尾形和幸,1227,-0.5,,9,7,35.3,456,+2,
,"2022. 9. 4",新潟,3新8,未勝利,未勝利*,7,10,ガルムキャット,牡,2,鮫島克駿, 54 ,13,2,１, 内,芝2000,良,,(栗),安田隆行,2026,-0.1,3,3,3,35.1,418,0,
,"2022. 9. 3",新潟,3新7,1勝,１勝ｸﾗｽ,4,8,トライフォーリアル,セ,5,木幡巧也, 57 ,18,11,１, 外,芝1600,良,,(美),萩原清,1352,-0.0,,8,6,33.5,488,-6,B
,"2022. 9. 3",新潟,3新7,3勝,古町ＳＨ･3勝,8,14,ルリアン,牡,5,田辺裕信, 54 ,15,4,１, ,ダ1800,稍,,(栗),佐々木晶,1510,-0.1,6,2,2,37.0,516,+12,
,"2022. 9. 3",新潟,3新7,2勝,赤倉特別･2勝,7,10,ミスフィガロ,牝,4,三浦皇成, 55 ,13,1,１, 外,芝2000,良,,(栗),友道康夫,2009,-0.2,,10,10,33.5,434,+10,
,"2022. 9. 3",新潟,3新7,1勝,瓢湖特別･1勝,8,11,ジャスティンヴェル,牡,3,戸崎圭太, 54 ,12,3,１, 内,芝2200,良,,(栗),安田隆行,2141,-0.0,5,5,5,34.9,484,+6,
,"2022. 9. 3",新潟,3新7,1勝,１勝ｸﾗｽ・牝,4,6,ハイアムズビーチ,牝,3,三浦皇成, 53 ,15,1,１, ,ダ1200,稍,,(美),萩原清,1108,-0.9,,1,1,36.9,494,+4,
,"2022. 9. 3",新潟,3新7,未勝利,未勝利,7,15,ナンヨーアゼリア,牝,3,田辺裕信, 54 ,18,3,１, 外,芝1800,良,,(美),手塚貴久,1482,-0.2,,10,10,34.2,418,-2,
,"2022. 9. 3",新潟,3新7,未勝利,未勝利,6,11,ジュエルラビシア,牝,3,戸崎圭太, 54 ,18,1,１, 外,芝1600,良,,(美),蛯名正義,1348,-0.2,,12,11,34.5,452,+10,
,"2022. 9. 3",新潟,3新7,新馬,新馬,1,1,ミヤビ,牝,2,武藤雅, 54 ,7,1,１, 内,芝2000,良,,(美),尾形和幸,2072,-0.4,3,2,2,34.8,412,,
,"2022. 9. 3",新潟,3新7,ｵｰﾌﾟﾝ,障害・オープ,8,11,ノーザンクリス,牡,7,小野寺祐, 60 ,12,10,１, ,芝3250,良,,(美),加藤征弘,3345,-0.0,8,7,5,13.2,520,0,
,"2022. 9. 3",新潟,3新7,未勝利,未勝利,7,12,クリスタルウエイ,牡,3,吉田豊, 56 ,15,2,１, ,ダ1200,稍,,(美),高橋文雅,1120,-0.4,,8,7,36.9,474,-2,B
,"2022. 9. 3",新潟,3新7,未勝利,未勝利*,7,13,ノーブルミステリー,牝,2,佐々木大,51▲,15,7,１, ,ダ1800,稍,,(美),菊川正達,1558,-0.2,3,2,2,40.2,432,0,
,"2022. 9. 3",新潟,3新7,未勝利,障害未勝利,2,2,ファルヴォーレ,牡,4,難波剛健, 60 ,14,2,１, ,芝2850,良,,(栗),高橋義忠,3061,-0.4,5,4,3,13.1,462,+14,
,"2022. 8.28",新潟,3新6,1勝,１勝ｸﾗｽ,6,11,ヤマトコウセイ,牝,3,小林脩斗,50△,15,1,１, ,ダ1200,稍,,(美),武井亮,1112,-0.6,,1,1,36.7,460,0,
,"2022. 8.28",新潟,3新6,Ｇ３,新潟２歳G3,6,7,キタウイング,牝,2,戸崎圭太, 54 ,11,4,１, 外,芝1600,良,,(美),小島茂之,1359,-0.1,,10,8,33.0,436,0,
,"2022. 8.28",新潟,3新6,OP(L),朱鷺Ｓ(L),2,3,ルプリュフォール,セ,6,石橋脩, 56 ,18,9,１, 内,芝1400,良,,(栗),松永幹夫,1210,-0.0,,18,18,33.3,502,+10,
,"2022. 8.28",新潟,3新6,2勝,五頭連峰･2勝,8,11,ルージュラテール,牝,3,坂井瑠星, 52 ,11,1,１, 外,芝1600,良,,(栗),矢作芳人,1359,-0.1,,3,3,32.8,494,+8,
,"2022. 8.28",新潟,3新6,1勝,１勝ｸﾗｽ・牝,2,2,モントブレッチア,牝,3,戸崎圭太, 52 ,8,3,１, ,ダ1800,稍,,(美),斎藤誠,1527,-0.2,3,3,4,37.3,440,-4,
,"2022. 8.28",新潟,3新6,1勝,１勝ｸﾗｽ,2,2,サザンナイツ,セ,4,津村明秀, 57 ,9,7,１, 外,芝1800,稍,,(美),林徹,1468,-0.3,,1,1,35.5,436,-2,
,"2022. 8.28",新潟,3新6,新馬,新馬,7,12,エコロアイ,牝,2,戸崎圭太, 54 ,15,1,１, ,ダ1200,稍,,(栗),森秀行,1132,-0.3,,1,1,38.7,498,,
,"2022. 8.28",新潟,3新6,新馬,新馬,7,8,クロスライセンス,牡,2,池添謙一, 54 ,11,2,１, 外,芝1600,稍,,(美),鹿戸雄一,1355,-0.1,,5,3,34.6,436,,
,"2022. 8.28",新潟,3新6,未勝利,未勝利,6,11,シュトルーヴェ,牡,3,Ｍ．デム, 56 ,18,3,１, 内,芝2000,稍,*,(美),堀宣行,2008,-0.8,14,12,11,34.6,492,-6,B
,"2022. 8.28",新潟,3新6,未勝利,未勝利*,2,3,セイウンスイート,牝,2,田辺裕信, 54 ,18,2,１, 内,芝1000,稍,,(美),栗田徹,0572,-0.1,,,1,33.8,442,-4,
,"2022. 8.28",新潟,3新6,未勝利,未勝利,6,10,ウィルソンテソーロ,牡,3,戸崎圭太, 56 ,14,4,１, ,ダ1800,稍,,(美),田中博康,1518,-1.8,3,2,2,37.0,478,+2,
,"2022. 8.28",新潟,3新6,未勝利,障害未勝利,6,6,サペラヴィ,牡,5,江田勇亮, 60 ,8,4,１, ,芝2850,稍,,(美),南田美知,3085,-0.8,2,2,2,13.2,480,+2,
,"2022. 8.27",新潟,3新5,1勝,１勝ｸﾗｽ,2,4,ミスボニータ,牝,3,坂井瑠星, 52 ,18,1,１, 内,芝1200,良,,(美),斎藤誠,1083,-0.2,,4,4,34.4,442,0,
,"2022. 8.27",新潟,3新5,OP(L),ＢＳＮＨ(L),4,6,ジュンライトボルト,牡,5,石川裕紀, 55 ,15,4,１, ,ダ1800,稍,,(栗),友道康夫,1515,-0.3,6,5,4,37.6,480,-4,
,"2022. 8.27",新潟,3新5,3勝,長岡Ｓ･3勝,7,13,ライティア,牝,5,坂井瑠星, 55 ,15,1,１, 外,芝1600,良,,(栗),池添学,1337,-0.1,,1,1,33.5,436,+6,
,"2022. 8.27",新潟,3新5,2勝,岩室温泉･2勝,5,8,メズメライザー,牡,3,戸崎圭太, 54 ,15,1,１, ,ダ1200,稍,,(栗),千田輝彦,1112,-0.2,,2,2,36.8,526,+2,
,"2022. 8.27",新潟,3新5,1勝,１勝ｸﾗｽ,5,9,ブレイクフォース,牡,3,田辺裕信, 54 ,15,3,１, ,ダ1800,稍,,(美),中舘英二,1527,-1.0,7,4,3,38.0,478,+4,
,"2022. 8.27",新潟,3新5,未勝利,未勝利,6,12,クインズコスモス,牝,3,杉原誠人, 54 ,18,5,１, 内,芝1200,良,*,(美),加藤士津,1090,-0.1,,6,6,34.4,432,-4,
,"2022. 8.27",新潟,3新5,新馬,新馬・牝,1,2,デインバランス,牝,2,戸崎圭太, 54 ,18,3,１, 外,芝1600,良,,(栗),杉山晴紀,1375,-0.1,,5,6,33.4,476,,
,"2022. 8.27",新潟,3新5,新馬,新馬,7,10,フライヤートゥルー,牡,2,坂井瑠星, 54 ,13,3,１, 外,芝1800,良,,(栗),橋口慎介,1502,-0.2,,3,2,33.7,462,,
,"2022. 8.27",新潟,3新5,未勝利,未勝利,6,10,ネイチャーセラピー,牡,3,戸崎圭太, 56 ,14,3,１, ,ダ1800,稍,,(美),田村康仁,1549,-0.1,10,5,5,39.0,526,-4,
,"2022. 8.27",新潟,3新5,未勝利,未勝利,4,7,クイーンアポーン,牝,3,Ｍ．デム, 54 ,15,4,１, ,ダ1200,稍,,(美),土田稔,1123,-0.3,,8,8,37.4,454,0,
,"2022. 8.27",新潟,3新5,未勝利,未勝利・牝,8,15,アコークロー,牝,3,丸田恭介, 54 ,15,3,１, ,ダ1800,稍,,(美),大竹正博,1551,-0.3,14,12,10,39.2,468,-8,
,"2022. 8.27",新潟,3新5,未勝利,未勝利*,8,15,エマヌエーレ,牡,2,戸崎圭太, 54 ,15,2,１, 外,芝1600,良,,(栗),平田修,1346,-0.5,,3,3,34.9,484,-2,
,"2022. 8.21",新潟,3新4,1勝,１勝ｸﾗｽ,6,10,アトラクティーボ,牡,3,武藤雅, 54 ,15,4,１, ,ダ1800,稍,,(美),武藤善則,1542,-0.0,12,11,12,38.3,534,+8,
,"2022. 8.21",新潟,3新4,ｵｰﾌﾟﾝ,ＮＳＴ賞Ｈ,7,12,ギルデッドミラー,牝,5,三浦皇成, 53 ,15,5,１, ,ダ1200,稍,*,(栗),松永幹夫,1101,-0.0,,8,7,35.9,496,+10,
,"2022. 8.21",新潟,3新4,2勝,阿賀野川･2勝,5,5,セレシオン,牡,3,福永祐一, 54 ,9,1,１, 内,芝2200,良,,(栗),友道康夫,2116,-0.6,3,2,2,34.8,474,+8,B
,"2022. 8.21",新潟,3新4,1勝,閃光特別･1勝,6,12,ルルルージュ,牝,4,菊沢一樹, 55 ,18,5,１, 内,芝1000,良,,(美),菊沢隆徳,0553,-0.0,,,14,32.1,482,+6,
,"2022. 8.21",新潟,3新4,1勝,１勝ｸﾗｽ,8,11,レットミーアウト,牝,5,原優介,52▲,12,3,１, 内,芝2400,良,,(美),水野貴広,2254,-0.5,10,2,1,36.2,488,+6,B
,"2022. 8.21",新潟,3新4,未勝利,未勝利,2,2,ラッキーガブリエル,牝,3,菅原明良, 54 ,15,1,１, ,ダ1200,稍,,(美),高木登,1118,-0.5,,1,1,36.9,472,+4,
,"2022. 8.21",新潟,3新4,未勝利,未勝利,4,8,フォーグッド,牡,3,戸崎圭太, 56 ,18,1,１, 内,芝2000,稍,,(美),国枝栄,2009,-0.0,17,2,3,35.3,518,+4,B
,"2022. 8.21",新潟,3新4,新馬,新馬,6,9,ロードプレイヤー,牡,2,田辺裕信, 54 ,13,2,１, 外,芝1800,稍,,(美),尾形和幸,1502,-0.0,,6,6,32.5,442,,
,"2022. 8.21",新潟,3新4,未勝利,未勝利・牝,6,11,キャリックアリード,牝,3,福永祐一, 54 ,15,1,１, ,ダ1800,重,,(美),高橋文雅,1526,-1.1,6,4,4,37.0,446,-12,
,"2022. 8.21",新潟,3新4,未勝利,未勝利,6,12,ライブインステラ,牝,3,石橋脩, 54 ,18,2,１, 内,芝1400,稍,,(美),小野次郎,1219,-0.4,,10,6,34.6,464,-10,
,"2022. 8.21",新潟,3新4,未勝利,未勝利*,7,7,ウインオーディン,牡,2,三浦皇成, 54 ,9,2,１, 外,芝1800,稍,,(美),鹿戸雄一,1509,-0.3,,6,6,33.1,462,+4,
,"2022. 8.21",新潟,3新4,未勝利,未勝利・牝*,8,10,キタウイング,牝,2,杉原誠人, 54 ,10,3,１, 外,芝1600,稍,,(美),小島茂之,1364,-0.0,,8,8,33.4,436,+4,
,"2022. 8.20",新潟,3新3,1勝,１勝ｸﾗｽ・牝,3,4,ルージュリナージュ,牝,3,福永祐一, 52 ,15,2,１, 外,芝1800,稍,,(美),宗像義忠,1474,-0.1,,5,6,34.4,432,+8,
,"2022. 8.20",新潟,3新3,3勝,日本海Ｓ･3勝,6,9,ロバートソンキー,牡,5,伊藤工真, 57 ,13,1,１, 内,芝2200,稍,,(美),林徹,2144,-0.0,11,11,9,34.1,480,+10,
,"2022. 8.20",新潟,3新3,3勝,上越Ｓ･3勝,4,7,カワキタアジン,牝,5,菅原明良, 55 ,15,1,１, ,ダ1200,重,,(栗),杉山晴紀,1101,-0.2,,9,9,35.2,514,0,
,"2022. 8.20",新潟,3新3,2勝,瀬波温泉･2勝,8,15,ウェルカムニュース,牡,3,菅原明良, 54 ,15,1,１, ,ダ1800,重,*,(栗),池江泰寿,1525,-0.4,2,2,2,37.4,504,+8,
,"2022. 8.20",新潟,3新3,1勝,１勝ｸﾗｽ,6,10,キタノブレイド,牡,3,菅原明良, 54 ,15,1,１, ,ダ1200,稍,,(美),萱野浩二,1115,-0.0,,10,10,36.2,454,0,
,"2022. 8.20",新潟,3新3,未勝利,未勝利・牝,8,17,キセキノエンジェル,牝,3,菅原明良, 54 ,18,2,１, 外,芝1600,稍,,(美),石毛善彦,1353,-0.0,,15,15,34.1,454,0,
,"2022. 8.20",新潟,3新3,未勝利,未勝利,4,7,レッドミラージュ,牝,3,戸崎圭太, 54 ,18,2,１, 内,芝2400,稍,,(美),栗田徹,2277,-0.3,12,14,11,35.6,426,+14,
,"2022. 8.20",新潟,3新3,新馬,新馬,8,15,ヴィアルーチェ,牝,2,岩田康誠, 54 ,17,1,１, 内,芝1200,稍,,(美),奥村武,1108,-0.2,,8,9,34.8,436,,
,"2022. 8.20",新潟,3新3,ｵｰﾌﾟﾝ,障害・オープ,3,3,メイショウアルト,牡,4,黒岩悠, 60 ,8,5,１, ,芝2850,良,,(栗),高橋亮,3073,-0.2,8,8,8,13.1,478,0,
,"2022. 8.20",新潟,3新3,新馬,新馬,6,11,イエルバブエナ,牡,2,Ｍ．デム, 54 ,15,1,１, ,ダ1800,稍,,(栗),須貝尚介,1572,-0.0,5,4,3,39.3,466,,
,"2022. 8.20",新潟,3新3,未勝利,未勝利,6,10,アーバンデザイン,牡,3,福永祐一, 56 ,15,1,１, ,ダ1800,稍,,(美),和田雄二,1547,-0.1,2,2,2,39.3,518,-2,B
,"2022. 8.20",新潟,3新3,未勝利,障害未勝利,5,6,マサハヤニース,牡,7,森一馬, 60 ,12,1,１, ,芝2850,良,,(栗),今野貞一,3042,-3.2,2,1,1,12.9,488,+2,
,"2022. 8.14",新潟,3新2,1勝,１勝ｸﾗｽ,2,4,ヨール,牝,3,藤田菜七,50◇,18,1,１, 内,芝1400,稍,,(美),手塚貴久,1213,-0.4,,1,1,34.8,436,-2,
,"2022. 8.14",新潟,3新2,Ｇ３,関屋記念G3,7,12,ウインカーネリアン,牡,5,三浦皇成, 57 ,14,1,１, 外,芝1600,稍,*,(美),鹿戸雄一,1333,-0.1,,2,2,32.9,514,+4,
,"2022. 8.14",新潟,3新2,2勝,三面川特･2勝,7,8,ストーリア,牝,3,戸崎圭太, 52 ,11,1,１, 外,芝1800,稍,,(栗),杉山晴紀,1473,-0.1,,3,3,33.7,494,+12,
,"2022. 8.14",新潟,3新2,2勝,浦佐特別･2勝,7,12,クロジシジョー,牡,3,戸崎圭太, 54 ,15,2,１, ,ダ1200,重,,(栗),岡田稲男,1102,-0.0,,8,8,35.8,436,+6,
,"2022. 8.14",新潟,3新2,1勝,１勝ｸﾗｽ,6,10,イスカンダル,牡,3,菊沢一樹, 54 ,15,6,１, ,ダ1800,重,,(美),岩戸孝樹,1519,-0.4,13,12,10,37.7,462,+4,
,"2022. 8.14",新潟,3新2,未勝利,未勝利,6,11,アリビオ,牝,3,石川裕紀, 54 ,18,8,１, 内,芝1000,稍,,(美),相沢郁,0565,-0.0,,,10,33.4,430,0,
,"2022. 8.14",新潟,3新2,未勝利,未勝利・牝,3,6,ハイエスティーム,牝,3,川田将雅, 54 ,18,2,１, 内,芝2000,稍,,(美),金成貴史,2000,-0.1,8,7,7,35.6,428,+2,
,"2022. 8.14",新潟,3新2,新馬,新馬,3,5,ヒシルリアン,牡,2,戸崎圭太, 54 ,15,3,１, 外,芝1800,稍,,(美),宮田敬介,1508,-0.1,,2,2,34.2,490,,
,"2022. 8.14",新潟,3新2,未勝利,未勝利,8,14,カフェベラノッテ,牡,3,小林脩斗,54△,15,8,１, ,ダ1200,重,,(美),中舘英二,1107,-0.0,,4,3,36.4,460,+2,
,"2022. 8.14",新潟,3新2,未勝利,未勝利*,2,4,リバーラ,牝,2,石橋脩, 54 ,18,7,１, 内,芝1200,稍,,(美),高柳瑞樹,1091,-0.0,,4,4,34.9,418,+2,
,"2022. 8.14",新潟,3新2,未勝利,未勝利,4,6,フレンチギフト,牝,3,菅原明良, 54 ,15,2,１, ,ダ1800,不,,(美),中川公成,1531,-0.3,10,9,9,37.4,464,0,
,"2022. 8.14",新潟,3新2,未勝利,障害未勝利,6,9,エールヴィオレ,牝,5,白浜雄造, 58 ,14,2,１, ,芝2850,稍,,(栗),武英智,3048,-1.3,5,1,1,13.0,458,+6,
,"2022. 8.13",新潟,3新1,1勝,１勝ｸﾗｽ,4,7,スンヌンタイ,牝,3,川田将雅, 52 ,15,1,１, ,ダ1200,重,,(美),岩戸孝樹,1119,-0.0,,2,2,35.6,496,-2,
,"2022. 8.13",新潟,3新1,3勝,稲妻ＳＨ･3勝,6,11,トミケンルーア,セ,6,木幡初也, 55 ,18,3,１, 内,芝1000,重,,(美),竹内正洋,0563,-0.1,,,8,33.4,486,-2,
,"2022. 8.13",新潟,3新1,2勝,新発田城･2勝,6,8,ブライトオンベイス,牝,3,秋山真一, 52 ,13,6,１, 内,芝1400,稍,,(栗),清水久詞,1222,-0.0,,1,1,35.6,450,+16,
,"2022. 8.13",新潟,3新1,1勝,湯沢特別･1勝,4,4,スパイダーゴールド,牡,3,ルメール, 54 ,13,2,１, 外,芝2000,良,*,(美),鹿戸雄一,1587,-0.4,,6,6,33.5,492,+14,
,"2022. 8.13",新潟,3新1,1勝,１勝ｸﾗｽ・牝,4,7,タヒチアンダンス,牝,3,福永祐一, 52 ,15,1,１, ,ダ1800,良,,(美),加藤征弘,1529,-0.2,3,3,2,37.2,468,+4,
,"2022. 8.13",新潟,3新1,未勝利,未勝利,3,6,ハイハロー,牡,3,戸崎圭太, 56 ,18,1,１, 外,芝1800,良,,(美),宮田敬介,1473,-0.7,,8,8,32.6,496,+4,
,"2022. 8.13",新潟,3新1,新馬,新馬・牝,6,12,ハーエクセレンシー,牝,2,石橋脩, 54 ,18,4,１, 内,芝1400,良,,(美),大和田成,1240,-0.3,,7,7,35.1,412,,
,"2022. 8.13",新潟,3新1,新馬,新馬,2,4,エナジーチャイム,牝,2,ルメール, 54 ,17,2,１, 外,芝1600,良,,(美),手塚貴久,1348,-0.0,,1,1,33.7,416,,
,"2022. 8.13",新潟,3新1,未勝利,未勝利,5,9,フジフォンテ,牡,3,石川裕紀, 56 ,15,6,１, ,ダ1800,良,,(美),尾形和幸,1533,-0.2,7,3,3,38.6,446,-8,
,"2022. 8.13",新潟,3新1,未勝利,未勝利・牝,7,13,カリカ,牝,3,吉田豊, 54 ,15,3,１, ,ダ1200,良,,(美),小西一男,1123,-0.1,,8,7,36.3,474,-2,
,"2022. 8.13",新潟,3新1,未勝利,未勝利*,8,16,ダノンザタイガー,牡,2,川田将雅, 54 ,16,1,１, 外,芝1800,良,,(美),国枝栄,1482,-0.4,,6,6,33.9,488,0,
,"2022. 8.13",新潟,3新1,未勝利,未勝利*,2,3,ペイシャフェリ,牝,2,石橋脩, 54 ,15,3,１, ,ダ1200,良,,(美),高橋裕,1126,-0.3,,1,1,38.5,466,0,
,"2022. 8. 7",新潟,2新4,1勝,１勝ｸﾗｽ,2,4,コミカライズ,牝,5,川田将雅, 55 ,18,2,１, 外,芝1600,良,,(美),和田勇介,1334,-0.2,,5,4,33.2,466,-8,
,"2022. 8. 7",新潟,2新4,Ｇ３,レパードG3,8,15,カフジオクタゴン,牡,3,ホー, 56 ,15,7,１, ,ダ1800,良,,(栗),矢作芳人,1519,-0.0,8,7,5,37.9,546,+2,
,"2022. 8. 7",新潟,2新4,2勝,月岡温泉･2勝,2,2,ラーグルフ,牡,3,戸崎圭太, 54 ,9,2,１, 外,芝2000,良,,(美),宗像義忠,1585,-0.1,,6,6,33.7,488,0,
,"2022. 8. 7",新潟,2新4,2勝,驀進特別･2勝,7,14,トミケンルーア,セ,6,津村明秀, 57 ,18,1,１, 内,芝1000,良,,(美),竹内正洋,0553,-0.0,,,5,32.6,488,+6,
,"2022. 8. 7",新潟,2新4,1勝,１勝ｸﾗｽ,5,8,アルファマム,牝,3,今村聖奈,49★,14,1,１, ,ダ1200,良,,(栗),佐々木晶,1108,-0.3,,13,13,35.7,460,+6,
,"2022. 8. 7",新潟,2新4,1勝,１勝ｸﾗｽ,7,12,エイカイマッケンロ,牡,3,福永祐一, 54 ,14,1,１, 内,芝2200,良,,(栗),藤原英昭,2128,-0.2,6,7,4,35.1,494,-6,
,"2022. 8. 7",新潟,2新4,新馬,新馬,7,13,ミトノオー,牡,2,木幡巧也, 54 ,15,4,１, ,ダ1800,良,,(美),牧光二,1549,-0.4,2,2,2,38.6,480,,
,"2022. 8. 7",新潟,2新4,新馬,新馬,7,14,ムーンスカイ,牡,2,今村聖奈,50★,16,12,１, 外,芝1600,良,,(栗),牧田和弥,1357,-0.1,,3,2,35.5,434,,
,"2022. 8. 7",新潟,2新4,未勝利,未勝利,1,2,カイザー,牡,3,西村淳也, 56 ,18,2,１, 内,芝2000,良,*,(栗),森田直行,2001,-0.0,1,1,1,35.6,478,+4,
,"2022. 8. 7",新潟,2新4,未勝利,未勝利,3,5,エルゲルージ,牡,3,福永祐一, 56 ,15,1,１, ,ダ1800,良,,(栗),石坂公一,1544,-1.0,2,2,2,38.3,504,+4,
,"2022. 8. 7",新潟,2新4,未勝利,未勝利*,8,8,フィンガークリック,牝,2,川田将雅, 54 ,9,1,１, 外,芝1600,良,,(美),水野貴広,1354,-0.1,,5,4,33.9,488,+2,
,"2022. 8. 7",新潟,2新4,未勝利,未勝利*,3,5,サイモンオリーブ,牝,2,戸崎圭太, 54 ,15,4,１, 内,芝1400,良,,(美),勢司和浩,1221,-0.1,,1,1,35.6,446,+6,
,"2022. 8. 6",新潟,2新3,2勝,２勝ｸﾗｽ,3,5,グットディール,牡,3,川田将雅, 54 ,15,1,１, ,ダ1800,良,,(栗),須貝尚介,1527,-0.7,4,5,3,39.2,496,0,
,"2022. 8. 6",新潟,2新3,3勝,新潟日Ｈ･3勝,4,8,フェルミスフィア,牝,5,杉原誠人, 52 ,18,12,１, 内,芝1400,良,,(美),木村哲也,1197,-0.1,,12,12,34.0,448,+4,
,"2022. 8. 6",新潟,2新3,3勝,柳都Ｓ･3勝,7,12,ノーブルシルエット,牝,4,武藤雅, 55 ,15,2,１, ,ダ1800,良,,(美),水野貴広,1515,-0.1,2,1,1,38.2,470,+6,
,"2022. 8. 6",新潟,2新3,ｵｰﾌﾟﾝ,ダリア賞,1,1,ミシシッピテソーロ,牝,2,木幡巧也, 54 ,11,4,１, 内,芝1400,良,,(美),畠山吉宏,1217,-0.1,,9,9,34.7,424,-2,
,"2022. 8. 6",新潟,2新3,1勝,１勝ｸﾗｽ,8,15,ペルアア,牝,3,福永祐一, 52 ,15,1,１, ,ダ1800,良,,(栗),野中賢二,1517,-0.0,6,5,4,38.3,476,-4,
,"2022. 8. 6",新潟,2新3,未勝利,未勝利,5,9,ハイパーストーム,牝,3,西村淳也, 54 ,18,4,１, 内,芝1200,良,,(栗),須貝尚介,1082,-0.6,,1,1,34.6,464,-6,
,"2022. 8. 6",新潟,2新3,新馬,新馬・牝,5,9,ニシノコウフク,牝,2,三浦皇成, 54 ,18,7,１, 外,芝1600,良,,(美),伊藤大士,1362,-0.2,,3,3,33.8,468,,
,"2022. 8. 6",新潟,2新3,新馬,新馬,6,7,フェイト,牡,2,福永祐一, 54 ,11,1,１, 外,芝1800,良,,(栗),矢作芳人,1481,-0.9,,5,5,34.5,478,,
,"2022. 8. 6",新潟,2新3,未勝利,未勝利,6,10,サニーバローズ,牝,3,団野大成, 54 ,15,3,１, ,ダ1800,稍,,(栗),斉藤崇史,1545,-0.5,3,3,3,39.7,458,-6,B
,"2022. 8. 6",新潟,2新3,未勝利,未勝利,6,12,セキテイオー,牡,3,Ｍ．デム, 56 ,18,1,１, 外,芝1600,良,,(美),田中剛,1341,-0.1,,2,2,34.0,468,0,
,"2022. 8. 6",新潟,2新3,未勝利,未勝利,8,14,クリーンジーニアス,牝,3,団野大成, 54 ,15,1,１, ,ダ1200,稍,,(栗),荒川義之,1111,-0.8,,1,1,37.0,454,+2,
,"2022. 8. 6",新潟,2新3,未勝利,未勝利*,8,9,サイブレーカー,牡,2,菅原明良, 54 ,9,1,１, 内,芝2000,良,,(美),武井亮,2016,-0.2,5,4,4,34.9,414,-4,
,"2022. 7.31",新潟,2新2,2勝,２勝ｸﾗｽ,3,4,ヴァガボンド,牡,4,岩田望来, 57 ,15,2,１, ,ダ1200,良,,(栗),清水久詞,1112,-0.5,,2,2,36.8,490,+22,
,"2022. 7.31",新潟,2新2,Ｇ３,アイビスG3,8,16,ビリーバー,牝,7,杉原誠人, 54 ,18,7,１, 内,芝1000,良,,(美),石毛善彦,0544,-0.1,,,14,32.1,462,-2,
,"2022. 7.31",新潟,2新2,3勝,佐渡Ｓ･3勝,8,10,カントル,牡,6,岩田望来, 57 ,11,6,１, 外,芝2000,良,,(栗),藤原英昭,1581,-0.0,,7,7,33.0,478,+4,
,"2022. 7.31",新潟,2新2,1勝,出雲崎特･1勝,8,16,ジュンブロッサム,牡,3,川田将雅, 54 ,17,1,１, 外,芝1800,良,,(栗),友道康夫,1441,-0.2,,6,6,33.2,460,-6,
,"2022. 7.31",新潟,2新2,1勝,１勝ｸﾗｽ,2,3,キッショウ,牝,3,今村聖奈,49★,15,5,１, ,ダ1200,良,,(栗),奥村豊,1105,-0.1,,2,2,36.7,420,+6,
,"2022. 7.31",新潟,2新2,未勝利,未勝利,5,8,シャドウアイル,牡,3,岩田望来, 56 ,15,1,１, ,ダ1800,良,,(栗),斉藤崇史,1532,-0.2,7,6,5,38.0,472,+4,B
,"2022. 7.31",新潟,2新2,新馬,新馬,4,7,フルメタルボディー,牡,2,三浦皇成, 54 ,16,2,１, 内,芝1400,良,,(栗),清水久詞,1225,-0.1,,2,2,35.0,490,,
,"2022. 7.31",新潟,2新2,新馬,新馬,5,5,ダノントルネード,牡,2,川田将雅, 54 ,10,2,１, 外,芝1800,良,,(栗),中内田充,1506,-0.0,,2,2,32.4,500,,
,"2022. 7.31",新潟,2新2,未勝利,未勝利,5,10,ファベル,牡,3,福永祐一, 56 ,18,1,１, 内,芝2200,良,,(栗),友道康夫,2131,-0.2,4,4,6,35.5,434,+2,
,"2022. 7.31",新潟,2新2,未勝利,未勝利,6,10,ソリダリティ,牡,3,川田将雅, 56 ,15,1,１, ,ダ1800,良,,(栗),中内田充,1537,-0.5,4,3,3,37.0,502,0,
,"2022. 7.31",新潟,2新2,未勝利,未勝利*,2,2,サトノヴィレ,牡,2,三浦皇成, 54 ,6,2,１, 外,芝1600,良,,(美),鹿戸雄一,1344,-0.2,,5,5,33.3,486,-2,
,"2022. 7.31",新潟,2新2,未勝利,未勝利*,7,10,スクーバー,牡,2,岩田望来, 54 ,13,3,１, ,ダ1200,良,,(美),武藤善則,1110,-1.1,,3,2,36.9,474,-10,
,"2022. 7.30",新潟,2新1,1勝,１勝ｸﾗｽ,8,17,カゼノタニノアヤカ,牝,5,ホー, 55 ,18,2,１, 内,芝1000,良,*,(栗),安田隆行,0551,-0.1,,,12,32.3,440,+4,
,"2022. 7.30",新潟,2新1,ｵｰﾌﾟﾝ,関越Ｓ,4,8,イクスプロージョン,牡,4,和田竜二, 56 ,18,3,１, 外,芝1800,良,,(栗),杉山晴紀,1448,-0.0,,7,7,34.1,474,+4,B
,"2022. 7.30",新潟,2新1,2勝,豊栄特Ｈ･2勝,5,9,ママコチャ,牝,3,松山弘平, 52 ,18,1,１, 外,芝1600,良,,(栗),池江泰寿,1317,-0.6,,6,5,33.3,482,+12,
,"2022. 7.30",新潟,2新1,2勝,麒麟山特･2勝,8,14,ジャスパーグレイト,牡,3,松若風馬, 54 ,15,1,１, ,ダ1800,良,,(栗),森秀行,1514,-0.8,3,3,3,38.0,468,0,
,"2022. 7.30",新潟,2新1,ＪＧ３,新潟ジャJG3,4,5,ホッコーメヴィウス,セ,6,黒岩悠, 60 ,14,3,１, ,芝3250,良,,(栗),清水久詞,3284,-0.1,1,1,1,12.8,468,0,
,"2022. 7.30",新潟,2新1,1勝,１勝ｸﾗｽ,3,5,バハルダール,牡,3,川田将雅, 54 ,15,1,１, ,ダ1800,良,,(栗),池江泰寿,1520,-0.3,4,4,5,37.7,498,+10,
,"2022. 7.30",新潟,2新1,新馬,新馬,4,6,ニシキギミッチー,牡,2,津村明秀, 54 ,15,8,１, ,ダ1200,良,,(美),鈴木伸尋,1133,-0.0,,4,5,37.7,472,,
,"2022. 7.30",新潟,2新1,新馬,新馬,2,2,リバティアイランド,牝,2,川田将雅, 54 ,12,1,１, 外,芝1600,良,,(栗),中内田充,1358,-0.5,,7,7,31.4,464,,
,"2022. 7.30",新潟,2新1,未勝利,未勝利,5,9,ミナモトフェイス,牝,3,福永祐一, 54 ,18,2,１, 外,芝1800,良,,(栗),清水久詞,1460,-0.0,,3,3,34.2,454,+4,
,"2022. 7.30",新潟,2新1,未勝利,未勝利,2,3,レッドアヴァンティ,牡,3,Ｍ．デム, 56 ,18,2,１, 内,芝1400,良,,(美),尾関知人,1209,-0.1,,5,4,34.9,462,+6,
,"2022. 7.30",新潟,2新1,未勝利,未勝利,3,5,メイショウアジロ,牡,3,今村聖奈,52★,15,1,１, ,ダ1200,良,,(栗),飯田祐史,1117,-0.6,,1,1,37.2,468,0,B
,"2022. 7.30",新潟,2新1,未勝利,未勝利*,3,3,シルヴァーデューク,牡,2,福永祐一, 54 ,8,1,１, 外,芝1800,良,,(栗),西村真幸,1481,-0.4,,3,3,34.2,456,-6,
,"2022. 5.29",新潟,1新8,1勝,１勝ｸﾗｽ,6,10,ダノンハイファイブ,牡,4,津村明秀, 57 ,15,3,１, ,ダ1800,良,,(栗),坂口智康,1534,-0.1,3,3,2,38.7,476,+2,
,"2022. 5.29",新潟,1新8,1勝,三国特別･1勝,4,4,マイネルダグラス,牡,4,丹内祐次, 57 ,13,2,１, 外,芝1600,良,,(美),相沢郁,1340,-0.0,,3,3,35.3,504,-10,
,"2022. 5.29",新潟,1新8,2勝,清津峡Ｈ･2勝,8,16,スイーツマジック,牝,4,勝浦正樹, 53 ,16,5,１, 内,芝1200,良,,(美),佐藤吉勝,1089,-0.1,,2,2,35.0,476,-4,
,"2022. 5.29",新潟,1新8,1勝,石打特別･1勝,5,6,エニシノウタ,牝,4,丸山元気, 55 ,13,3,１, 外,芝2000,良,,(栗),笹田和秀,1594,-0.1,,5,6,36.0,448,+2,
,"2022. 5.29",新潟,1新8,1勝,１勝ｸﾗｽ,5,6,ネオトゥルー,牡,5,津村明秀, 57 ,13,3,１, ,ダ1200,良,,(美),鈴木伸尋,1120,-0.1,,8,5,37.4,484,-6,
,"2022. 5.29",新潟,1新8,1勝,１勝ｸﾗｽ・牝,8,15,ブルレスカ,牝,4,今村聖奈,51★,15,2,１, ,ダ1800,良,,(栗),寺島良,1539,-0.0,9,6,8,39.6,460,-18,
,"2022. 5.29",新潟,1新8,未勝利,未勝利,8,11,コスモフロイデ,牡,3,丹内祐次, 56 ,12,2,１, 内,芝2200,良,,(美),天間昭一,2167,-0.1,4,4,2,36.4,460,-2,
,"2022. 5.29",新潟,1新8,未勝利,未勝利,8,14,ソールズベリー,牝,3,佐々木大,51▲,15,4,１, ,ダ1200,良,,(美),竹内正洋,1124,-0.7,,5,5,38.4,460,+2,B
,"2022. 5.29",新潟,1新8,未勝利,障害未勝利,6,10,ナギサ,牝,4,森一馬, 57 ,14,1,１, ,芝2890,良,,(栗),本田優,3110,-0.1,1,1,1,13.2,496,+4,
,"2022. 5.29",新潟,1新8,未勝利,未勝利・若,6,9,レイメイ,牡,3,泉谷楓真,55☆,14,2,１, ,ダ1800,稍,,(栗),松永幹夫,1556,-0.1,7,8,7,38.2,484,-2,
,"2022. 5.29",新潟,1新8,未勝利,未勝利,6,11,タイキバンディエラ,牡,3,菊沢一樹, 56 ,16,15,１, 内,芝1200,良,*,(栗),牧浦充徳,1099,-0.2,,3,3,35.9,492,+4,
,"2022. 5.29",新潟,1新8,未勝利,未勝利・牝,7,13,オースミメッシーナ,牝,3,今村聖奈,50★,15,1,１, ,ダ1200,稍,,(栗),宮本博,1120,-0.4,,2,2,38.0,446,+2,
,"2022. 5.28",新潟,1新7,1勝,１勝ｸﾗｽ,2,3,ジャストザビアンカ,牝,4,西村淳也, 55 ,16,8,１, 内,芝1200,良,,(栗),牧浦充徳,1094,-0.0,,5,4,34.7,460,0,
,"2022. 5.28",新潟,1新7,2勝,五泉特別･2勝,8,11,マイネルクロンヌ,牡,5,丹内祐次, 57 ,12,1,１, ,ダ1800,稍,,(美),青木孝文,1522,-1.2,1,1,1,38.2,506,0,
,"2022. 5.28",新潟,1新7,1勝,荒川峡特･1勝,4,6,サンデージャック,牡,4,勝浦正樹, 57 ,14,7,１, 内,芝2400,良,,(栗),宮本博,2289,-0.1,10,10,10,36.2,482,-2,
,"2022. 5.28",新潟,1新7,1勝,ゆきつば･1勝,8,16,グランアリエル,牡,3,角田大和, 56 ,16,4,１, 内,芝1200,良,,(美),小野次郎,1092,-0.2,,1,1,35.3,474,0,
,"2022. 5.28",新潟,1新7,1勝,１勝ｸﾗｽ・若,5,6,ベラール,牡,5,角田大和,55△,13,3,１, ,ダ1200,稍,,(栗),武幸四郎,1123,-0.1,,9,8,37.2,484,-2,
,"2022. 5.28",新潟,1新7,未勝利,未勝利,2,4,タイゲン,牡,3,藤田菜七,54◇,16,4,１, 外,芝1600,良,,(栗),平田修,1353,-0.1,,3,3,36.2,476,-4,
,"2022. 5.28",新潟,1新7,未勝利,未勝利,7,12,タイキスパルタン,牡,3,菱田裕二, 56 ,14,1,１, ,ダ1800,重,,(栗),辻野泰之,1566,-0.2,2,2,1,41.3,508,-8,
,"2022. 5.28",新潟,1新7,未勝利,未勝利,6,12,ミクソロジー,牡,3,西村淳也, 56 ,16,1,１, 外,芝1800,稍,,(栗),辻野泰之,1486,-0.1,,9,8,35.6,430,+2,
,"2022. 5.28",新潟,1新7,ｵｰﾌﾟﾝ,障害・オープ,3,4,シャイニーゲール,牡,8,小牧加矢,57▲,14,3,１, ,芝2890,稍,*,(栗),五十嵐忠,3106,-0.1,6,6,6,13.2,476,+4,
,"2022. 5.28",新潟,1新7,未勝利,未勝利,6,11,クランシリーニー,牝,3,西村淳也, 54 ,15,2,１, ,ダ1200,重,,(栗),新谷功一,1126,-0.2,,2,2,37.8,490,+2,
,"2022. 5.28",新潟,1新7,未勝利,未勝利・牝,6,10,エレアイム,牝,3,西村淳也, 54 ,15,1,１, ,ダ1800,重,,(栗),奥村豊,1566,-0.1,2,2,2,40.6,480,-6,
,"2022. 5.28",新潟,1新7,未勝利,障害未勝利,8,13,ビーマイオーシャン,牡,5,小牧加矢,57▲,14,2,１, ,芝2890,稍,,(栗),音無秀孝,3115,-0.4,4,2,2,13.3,488,-4,
,"2022. 5.22",新潟,1新6,1勝,１勝ｸﾗｽ,8,16,トーカイキング,牡,4,荻野極, 57 ,16,2,１, 内,芝1400,良,,(栗),茶木太樹,1217,-0.3,,2,2,34.8,462,-2,
,"2022. 5.22",新潟,1新6,ｵｰﾌﾟﾝ,韋駄天ＳＨ,8,16,マリアズハート,牝,6,菊沢一樹, 54 ,16,2,１, 内,芝1000,良,,(美),菊沢隆徳,0548,-0.1,,,6,32.4,500,+4,
,"2022. 5.22",新潟,1新6,2勝,火打山特･2勝,7,13,ビップエレナ,牝,4,松本大輝, 55 ,15,10,１, ,ダ1200,良,,(美),田島俊明,1119,-0.0,,2,2,37.9,466,-2,
,"2022. 5.22",新潟,1新6,1勝,二王子特･1勝,4,4,ミズリーナ,牝,5,的場勇人, 55 ,13,9,１, 外,芝1800,良,,(美),的場均,1472,-0.0,,1,1,34.7,488,+4,
,"2022. 5.22",新潟,1新6,1勝,１勝ｸﾗｽ,2,2,ハイエストエンド,セ,5,丸山元気, 57 ,10,1,１, ,ダ1800,良,,(美),小西一男,1541,-0.2,6,4,4,38.5,500,0,
,"2022. 5.22",新潟,1新6,1勝,１勝ｸﾗｽ・牝,5,8,マリーアミノル,牝,4,秋山稔樹,54☆,15,2,１, ,ダ1200,良,,(美),中舘英二,1116,-0.1,,1,1,37.7,418,+8,
,"2022. 5.22",新潟,1新6,未勝利,未勝利・若,3,4,ラインメッセージ,牡,3,武藤雅, 56 ,15,9,１, ,ダ1800,良,,(美),水野貴広,1546,-0.4,2,1,1,39.3,486,-2,B
,"2022. 5.22",新潟,1新6,未勝利,未勝利,1,1,ケイアイセナ,牡,3,富田暁, 56 ,16,8,１, 外,芝1800,良,,(栗),平田修,1473,-0.2,,1,1,34.6,472,-2,
,"2022. 5.22",新潟,1新6,未勝利,障害未勝利,8,14,エイムアンドエンド,牡,7,伴啓太, 60 ,14,2,１, ,芝2890,良,,(美),奥村武,3103,-0.3,3,2,2,13.2,506,+2,
,"2022. 5.22",新潟,1新6,未勝利,未勝利,1,1,タマモエイトビート,牡,3,今村聖奈,52★,12,3,１, ,ダ1800,良,,(栗),武英智,1550,-0.3,9,7,7,38.8,524,+14,
,"2022. 5.22",新潟,1新6,未勝利,未勝利,1,1,メイショウイヌワシ,牡,3,秋山真一, 56 ,16,7,１, 内,芝1400,良,,(栗),南井克巳,1225,-0.0,,1,1,36.2,460,+8,
,"2022. 5.22",新潟,1新6,未勝利,未勝利・牝,8,14,オーガスタスカイ,牝,3,西村淳也, 54 ,15,1,１, ,ダ1200,良,,(栗),斉藤崇史,1123,-0.1,,2,2,38.1,492,+8,
,"2022. 5.21",新潟,1新5,1勝,１勝ｸﾗｽ,2,2,ロードインファイト,牡,5,角田大和,55△,13,1,１, ,ダ1800,良,,(栗),野中賢二,1532,-0.6,3,2,2,38.2,450,+4,B
,"2022. 5.21",新潟,1新5,3勝,八海山Ｓ･3勝,7,13,スワーヴシャルル,牡,6,岩田康誠, 57 ,15,3,１, ,ダ1200,良,,(栗),安田隆行,1110,-0.1,,6,6,36.4,484,0,B
,"2022. 5.21",新潟,1新5,1勝,栃尾特別･1勝,3,3,ウルトラソニック,牡,4,川須栄彦, 57 ,13,8,１, 内,芝1200,良,,(栗),中尾秀正,1097,-0.4,,1,1,34.4,466,-12,
,"2022. 5.21",新潟,1新5,1勝,早苗賞･1勝*,4,4,ルミネイト,牝,3,泉谷楓真, 54 ,10,7,１, 外,芝1800,良,,(栗),千田輝彦,1472,-0.0,,7,8,33.8,496,+2,
,"2022. 5.21",新潟,1新5,1勝,１勝ｸﾗｽ,5,9,ルヴァンヴェール,セ,5,小沢大仁,55△,15,4,１, ,ダ1200,良,,(美),竹内正洋,1127,-0.0,,6,6,37.8,498,+4,B
,"2022. 5.21",新潟,1新5,未勝利,未勝利・若,7,13,リニュー,牡,3,菊沢一樹, 56 ,16,11,１, 内,芝2000,良,,(美),清水英克,2030,-0.1,11,7,7,35.7,440,+4,B
,"2022. 5.21",新潟,1新5,未勝利,未勝利,6,11,ロサロッサーナ,牝,3,横山琉人,51▲,16,1,１, 内,芝1000,良,,(美),伊藤圭三,0548,-0.9,,,1,32.6,492,+2,B
,"2022. 5.21",新潟,1新5,未勝利,未勝利・牝,5,9,メロウヴォイス,牝,3,丸山元気, 54 ,16,6,１, 外,芝1800,良,,(美),上原博之,1489,-0.1,,11,11,34.0,424,0,B
,"2022. 5.21",新潟,1新5,ｵｰﾌﾟﾝ,障害・オープ,4,4,ニューツーリズム,セ,6,小野寺祐, 60 ,13,4,１, ,芝3290,良,,(美),黒岩陽一,3353,-0.6,6,7,6,13.1,500,-6,B
,"2022. 5.21",新潟,1新5,未勝利,未勝利,4,6,ルヴェルジェ,牝,3,藤田菜七,52◇,15,4,１, ,ダ1200,良,,(栗),杉山晴紀,1121,-0.3,,7,7,37.5,474,-4,
,"2022. 5.21",新潟,1新5,未勝利,未勝利・牝,5,8,ヴァンダンジュ,牝,3,岩田康誠, 54 ,15,2,１, ,ダ1800,良,,(栗),宮本博,1550,-0.8,4,3,3,39.3,448,+10,
,"2022. 5.21",新潟,1新5,未勝利,障害未勝利,6,8,メイショウアルト,牡,4,黒岩悠, 59 ,13,9,１, ,芝2890,良,,(栗),高橋亮,3108,-0.0,9,5,5,13.2,478,0,
,"2022. 5.15",新潟,1新4,1勝,１勝ｸﾗｽ・牝,5,10,エコロデイジー,牝,4,横山琉人,52▲,16,4,１, 内,芝1400,良,,(栗),牧浦充徳,1223,-0.2,,6,6,34.5,482,+4,
,"2022. 5.15",新潟,1新4,3勝,弥彦Ｓ･3勝,8,10,タイセイモンストル,牡,5,高倉稜, 57 ,10,6,１, 外,芝1800,良,,(栗),矢作芳人,1472,-0.0,,2,2,34.3,480,-4,
,"2022. 5.15",新潟,1新4,2勝,中ノ岳Ｈ･2勝,2,3,ショウナンマリオ,牡,5,西村淳也, 56 ,15,1,１, ,ダ1800,稍,,(美),加藤士津,1517,-0.1,5,4,3,37.3,494,+2,
,"2022. 5.15",新潟,1新4,1勝,はやぶさ･1勝,7,13,セリノーフォス,牝,3,荻野極, 54 ,16,1,１, 内,芝1000,良,,(栗),本田優,0551,-0.0,,,2,32.8,446,-6,
,"2022. 5.15",新潟,1新4,1勝,１勝ｸﾗｽ・若,6,6,ジャンカズマ,牡,4,松本大輝,55△,9,4,１, 外,芝1800,良,,(栗),安田翔伍,1471,-0.4,,5,5,34.2,478,+14,B
,"2022. 5.15",新潟,1新4,1勝,１勝ｸﾗｽ,4,7,アイルビーザワン,セ,4,松本大輝,55△,15,7,１, ,ダ1200,稍,,(美),田島俊明,1115,-0.4,,1,1,36.9,480,+2,
,"2022. 5.15",新潟,1新4,未勝利,未勝利,6,8,ローズピリオド,牡,3,丹内祐次, 56 ,13,1,１, ,ダ1800,稍,,(美),中川公成,1547,-0.2,7,5,6,38.4,476,-4,
,"2022. 5.15",新潟,1新4,未勝利,障害未勝利,3,3,ハーツシンフォニー,セ,5,石神深一, 60 ,12,6,１, ,芝2890,良,,(美),辻哲英,3114,-0.4,7,1,1,13.2,458,-2,B
,"2022. 5.15",新潟,1新4,未勝利,障害未勝利,6,8,テイエムタツマキ,牡,4,黒岩悠, 59 ,12,1,１, ,芝2890,良,,(栗),武英智,3123,-0.8,2,1,1,13.3,498,+2,
,"2022. 5.15",新潟,1新4,未勝利,未勝利・牝,6,10,エイミーバローズ,牝,3,今村聖奈,50★,15,1,１, ,ダ1800,稍,,(栗),松下武士,1544,-0.7,2,2,1,39.5,446,-8,
,"2022. 5.15",新潟,1新4,未勝利,未勝利,5,9,グランアリエル,牡,3,勝浦正樹, 56 ,16,2,１, 内,芝1200,良,,(美),小野次郎,1098,-0.2,,4,3,35.2,474,0,
,"2022. 5.15",新潟,1新4,未勝利,未勝利,6,11,ヴァーチュアス,牡,3,西村淳也, 56 ,15,2,１, ,ダ1200,稍,,(栗),渡辺薫彦,1125,-0.1,,3,4,38.4,472,-6,
,"2022. 5.14",新潟,1新3,1勝,１勝ｸﾗｽ,2,2,ディベルティール,牡,4,松本大輝,55△,15,1,１, ,ダ1200,稍,,(美),田島俊明,1116,-0.0,,1,1,37.4,506,-2,
,"2022. 5.14",新潟,1新3,2勝,邁進特別･2勝,7,14,ヒロノトウリョウ,牡,6,秋山稔樹, 57 ,16,6,１, 内,芝1000,稍,,(美),蛯名利弘,0559,-0.1,,,15,32.6,500,0,B
,"2022. 5.14",新潟,1新3,2勝,胎内川特･2勝,4,4,ルドヴィクス,牡,4,菱田裕二, 57 ,13,2,１, 外,芝1800,稍,*,(美),久保田貴,1480,-0.0,,3,3,36.5,508,-8,
,"2022. 5.14",新潟,1新3,1勝,尖閣湾特･1勝,5,5,ハートオブアシティ,牡,4,菱田裕二, 57 ,8,2,１, 外,芝2000,稍,,(栗),森田直行,2017,-0.1,,4,4,36.7,432,-8,
,"2022. 5.14",新潟,1新3,1勝,１勝ｸﾗｽ,8,11,タガノチュール,牡,4,原優介,54▲,12,3,１, ,ダ1800,稍,,(栗),西園正都,1536,-0.2,2,1,1,38.4,482,-4,
,"2022. 5.14",新潟,1新3,1勝,１勝ｸﾗｽ,4,8,エスジープリンセス,牝,4,菱田裕二, 55 ,16,5,１, 内,芝1200,稍,,(美),和田勇介,1101,-0.0,,13,13,34.9,472,-2,B
,"2022. 5.14",新潟,1新3,1勝,１勝ｸﾗｽ・牝,8,10,レミニシェンザ,牝,5,松本大輝,53△,11,1,１, ,ダ1800,稍,,(栗),羽月友彦,1526,-0.9,5,3,4,37.4,462,-4,
,"2022. 5.14",新潟,1新3,未勝利,未勝利,3,3,ブロンドケリー,牡,3,今村聖奈,52★,14,5,１, 内,芝2400,稍,,(栗),寺島良,2312,-0.4,6,7,7,36.2,452,-2,
,"2022. 5.14",新潟,1新3,未勝利,未勝利・若,6,8,モズミツボシ,牡,3,今村聖奈,52★,13,4,１, ,ダ1800,稍,,(栗),飯田祐史,1538,-0.1,2,1,1,39.4,526,+12,
,"2022. 5.14",新潟,1新3,未勝利,未勝利,1,1,ペイシャイシュタル,牝,3,角田大和,52△,14,2,１, ,ダ1200,稍,,(栗),畑端省吾,1106,-0.9,,1,1,37.1,484,-10,B
,"2022. 5.14",新潟,1新3,未勝利,未勝利,2,2,バトルキャット,牝,3,西村淳也, 54 ,13,3,１, 外,芝1800,稍,,(栗),杉山晴紀,1492,-0.1,,4,4,35.4,466,-4,
,"2022. 5.14",新潟,1新3,未勝利,未勝利・牝,2,2,アタカンテ,牝,3,藤田菜七,52◇,15,1,１, ,ダ1200,稍,,(栗),藤原英昭,1120,-0.5,,5,5,38.4,484,+4,B
,"2022. 5. 8",新潟,1新2,1勝,１勝ｸﾗｽ,6,11,アルマセクメト,牝,4,三浦皇成, 55 ,15,1,１, ,ダ1200,良,,(美),田村康仁,1121,-0.1,,1,1,37.8,472,0,
,"2022. 5. 8",新潟,1新2,Ｇ３,新潟大賞ＨG3,8,14,レッドガラン,牡,7,岩田康誠,57.5,15,7,１, 外,芝2000,良,,(栗),安田隆行,1577,-0.1,,4,5,34.9,518,0,
,"2022. 5. 8",新潟,1新2,3勝,駿風Ｓ･3勝,2,3,トキメキ,牝,5,松山弘平, 55 ,16,2,１, 内,芝1000,良,,(美),斎藤誠,0551,-0.0,,,5,32.9,516,+6,
,"2022. 5. 8",新潟,1新2,2勝,咲花特別･2勝,1,1,カナリキケン,牝,4,丹内祐次, 55 ,14,8,１, ,ダ1800,良,,(美),竹内正洋,1524,-0.1,12,2,2,38.2,494,-2,
,"2022. 5. 8",新潟,1新2,1勝,１勝ｸﾗｽ,7,9,エアミアーニ,牡,4,岩田康誠, 57 ,12,1,１, 外,芝1600,良,,(栗),笹田和秀,1349,-0.0,,2,2,34.3,440,+4,B
,"2022. 5. 8",新潟,1新2,1勝,１勝ｸﾗｽ,8,12,タイミングハート,牡,5,菱田裕二, 57 ,12,4,１, 内,芝2200,良,,(栗),武幸四郎,2140,-0.2,8,7,7,36.7,456,+8,
,"2022. 5. 8",新潟,1新2,1勝,１勝ｸﾗｽ,6,7,マイネルクロンヌ,牡,5,丹内祐次, 57 ,12,5,１, ,ダ1800,良,,(美),青木孝文,1525,-0.8,3,1,1,38.4,506,-2,
,"2022. 5. 8",新潟,1新2,未勝利,未勝利,8,14,バラジ,牡,3,三浦皇成, 56 ,15,1,１, 内,芝2000,良,,(美),鹿戸雄一,2017,-0.6,4,2,2,37.4,502,0,
,"2022. 5. 8",新潟,1新2,未勝利,障害未勝利,6,7,ローレリスト,牡,5,石神深一, 60 ,11,2,１, ,芝2890,良,,(美),中川公成,3104,-0.3,4,2,2,13.2,468,-2,
,"2022. 5. 8",新潟,1新2,未勝利,未勝利,7,11,クリノレジェンド,牡,3,田中健, 56 ,13,2,１, ,ダ1800,良,,(栗),荒川義之,1548,-0.2,6,5,3,38.8,508,+6,
,"2022. 5. 8",新潟,1新2,未勝利,未勝利,5,10,グランプレジール,牡,3,石橋脩, 56 ,16,3,１, 内,芝1200,良,,(美),堀宣行,1098,-0.3,,2,2,35.4,528,+4,
,"2022. 5. 8",新潟,1新2,未勝利,未勝利,5,9,キッショウ,牝,3,今村聖奈,50★,15,2,１, ,ダ1200,良,,(栗),奥村豊,1124,-0.4,,3,3,37.1,414,-6,
,"2022. 5. 7",新潟,1新1,1勝,１勝ｸﾗｽ,6,12,トミケンルーア,セ,6,木幡初也, 57 ,16,1,１, 内,芝1000,良,,(美),竹内正洋,0548,-0.9,,,6,32.4,480,-6,
,"2022. 5. 7",新潟,1新1,OP(L),谷川岳Ｓ(L),6,7,ウインカーネリアン,牡,5,三浦皇成, 56 ,11,1,１, 外,芝1600,良,,(美),鹿戸雄一,1336,-0.2,,2,2,33.0,508,-4,
,"2022. 5. 7",新潟,1新1,2勝,大日岳特･2勝,7,10,ワンスカイ,牡,5,斎藤新, 57 ,13,1,１, 内,芝1200,良,,(美),斎藤誠,1089,-0.0,,7,7,33.9,510,-2,
,"2022. 5. 7",新潟,1新1,1勝,わらび賞･1勝,3,5,メイショウユズルハ,牡,3,岩田康誠, 56 ,15,1,１, ,ダ1800,良,,(栗),岡田稲男,1525,-0.4,2,2,2,38.2,480,0,
,"2022. 5. 7",新潟,1新1,1勝,１勝ｸﾗｽ,6,8,セブンサミット,牡,4,岩田康誠, 57 ,12,4,１, 外,芝1800,良,,(栗),西村真幸,1468,-0.1,,2,2,33.9,502,-6,
,"2022. 5. 7",新潟,1新1,1勝,１勝ｸﾗｽ・牝,2,2,プルモナリア,牝,4,三浦皇成, 55 ,8,1,１, ,ダ1800,良,,(栗),中竹和也,1548,-0.4,7,4,4,37.9,464,+4,
,"2022. 5. 7",新潟,1新1,未勝利,未勝利,4,8,ショウナンラタン,牡,3,原優介,53▲,16,4,１, 内,芝1400,良,,(栗),西園正都,1216,-0.2,,11,11,34.9,476,0,B
,"2022. 5. 7",新潟,1新1,未勝利,未勝利・牝,8,15,アドマイヤグリーゼ,牝,3,今村聖奈,50★,16,3,１, 内,芝2000,良,,(栗),友道康夫,2013,-0.0,4,4,4,36.4,446,0,
,"2022. 5. 7",新潟,1新1,未勝利,障害未勝利,7,7,フォッサマグナ,セ,6,伴啓太, 60 ,10,1,１, ,芝2890,良,,(美),黒岩陽一,3067,-5.1,1,1,1,12.9,474,+6,
,"2022. 5. 7",新潟,1新1,未勝利,未勝利・若,7,9,ベルウッドウズメ,牡,3,秋山稔樹,55☆,12,4,１, ,ダ1200,良,,(美),本間忍,1118,-0.2,,2,1,37.9,502,+2,
,"2022. 5. 7",新潟,1新1,未勝利,未勝利,5,6,サパテアール,牡,3,丹内祐次, 56 ,13,1,１, ,ダ1800,良,,(美),畠山吉宏,1548,-0.4,2,2,2,38.8,512,-2,B
,"2022. 5. 7",新潟,1新1,ｵｰﾌﾟﾝ,障害・オープ,3,3,ゼノヴァース,牡,5,森一馬, 60 ,14,1,１, ,芝2890,良,,(栗),小林真也,3055,-1.0,6,4,3,12.8,462,-2,
,2021.10.31,新潟,5新8,2勝,おけさ特･2勝,5,8,タマモパッション,牝,4,勝浦正樹, 55 ,15,2,１, ,ダ1800,良,,(栗),大橋勇樹,1517,-0.1,7,6,5,37.6,504,-2,
,2021.10.31,新潟,5新8,OP(L),ルミエＨ(L),8,16,マリアズハート,牝,5,菊沢一樹, 53 ,18,6,１, 内,芝1000,良,,(美),菊沢隆徳,0551,-0.1,,,8,32.5,514,+16,
,2021.10.31,新潟,5新8,1勝,十日町特･1勝,8,16,テーオーディエス,牝,3,鮫島良太, 53 ,18,8,１, 内,芝1400,良,,(栗),宮徹,1225,-0.0,,13,12,34.8,438,+4,
,2021.10.31,新潟,5新8,1勝,１勝ｸﾗｽ,8,14,セルフメイド,牡,3,津村明秀, 55 ,14,1,１, ,ダ1200,良,,(美),牧光二,1111,-0.3,,1,1,36.7,488,-4,
,2021.10.31,新潟,5新8,1勝,１勝ｸﾗｽ,5,7,エシカル,牡,3,荻野極, 55 ,14,5,１, 外,芝2000,良,,(美),高橋文雅,2003,-0.1,,13,13,33.8,498,0,
,2021.10.31,新潟,5新8,1勝,１勝ｸﾗｽ・若,5,9,サトノルーチェ,牝,3,坂井瑠星, 53 ,18,3,１, 内,芝1200,良,*,(栗),吉村圭司,1093,-0.1,,9,9,34.4,420,0,
,2021.10.31,新潟,5新8,1勝,１勝ｸﾗｽ・牝,8,15,エーアイダンサー,牝,3,菅原明良, 53 ,15,1,１, ,ダ1200,良,,(美),畠山吉宏,1113,-0.3,,1,1,37.3,438,0,
,2021.10.31,新潟,5新8,新馬,新馬,7,15,ディオサデルソル,牝,2,菱田裕二, 54 ,18,7,１, 内,芝1400,良,*,(栗),今野貞一,1239,-0.0,,11,11,35.6,456,,
,2021.10.31,新潟,5新8,未勝利,障害未勝利,8,14,ヴァイトブリック,牡,5,石神深一, 60 ,14,8,１, ,芝2850,良,,(美),和田正一,3092,-0.2,8,5,3,13.3,504,0,
,2021.10.31,新潟,5新8,1勝,１勝ｸﾗｽ,3,5,ダノンマデイラ,牡,3,菱田裕二, 55 ,15,11,１, ,ダ1800,良,,(栗),茶木太樹,1516,-0.9,14,1,1,37.3,460,-8,
,2021.10.31,新潟,5新8,未勝利,未勝利*,3,3,インダミタブル,牡,2,坂井瑠星, 55 ,11,3,１, 内,芝2000,良,,(美),大竹正博,2053,-0.2,5,3,3,35.3,490,-4,
,2021.10.31,新潟,5新8,未勝利,未勝利*,6,11,スピリトーゾ,牡,2,菱田裕二, 55 ,15,4,１, ,ダ1800,良,,(栗),岡田稲男,1539,-0.5,2,2,2,37.7,470,-6,
,2021.10.30,新潟,5新7,2勝,清津峡特･2勝,6,12,オジョーノキセキ,牝,6,菅原明良, 55 ,16,2,１, 内,芝1200,良,,(美),伊藤大士,1097,-0.1,,14,13,33.9,514,-2,
,2021.10.30,新潟,5新7,3勝,魚沼Ｓ･3勝,4,4,アイコンテーラー,牝,3,亀田温心, 53 ,9,1,１, 外,芝2000,良,,(栗),河内洋,1597,-0.2,,3,3,34.5,464,0,
,2021.10.30,新潟,5新7,1勝,聖籠特別･1勝,6,9,ギャラクシーエッジ,牡,3,菅原明良, 55 ,13,3,１, 外,芝1800,良,,(美),萩原清,1480,-0.4,,13,13,33.5,484,+4,
,2021.10.30,新潟,5新7,1勝,１勝ｸﾗｽ,7,9,ラナチャンス,牡,3,菅原明良, 55 ,12,3,１, ,ダ1200,良,,(美),高木登,1111,-0.6,,2,2,36.2,472,-2,
,2021.10.30,新潟,5新7,1勝,１勝ｸﾗｽ,3,6,ショウナンバービー,牝,4,菅原明良, 55 ,18,7,１, 内,芝1000,良,,(美),田中剛,0554,-0.5,,,1,32.7,506,-8,
,2021.10.30,新潟,5新7,1勝,１勝ｸﾗｽ・若,6,8,メイショウフンジン,牡,3,原優介,52▲,13,5,１, ,ダ1800,良,,(栗),西園正都,1526,-0.6,2,2,2,37.5,502,0,
,2021.10.30,新潟,5新7,1勝,１勝ｸﾗｽ,6,7,キングサーガ,セ,4,荻野極, 57 ,12,1,１, ,ダ2500,良,,(栗),池江泰寿,2426,-0.1,4,3,5,39.0,470,+6,
,2021.10.30,新潟,5新7,未勝利,未勝利*,6,11,シナモンスティック,牝,2,菅原明良, 54 ,18,2,１, 内,芝1400,良,,(美),高橋祥泰,1237,-0.1,,5,5,36.5,442,0,
,2021.10.30,新潟,5新7,ｵｰﾌﾟﾝ,障害・オープ,4,4,パリカラノテガミ,牡,10,五十嵐雄, 60 ,10,6,１, ,芝2850,良,,(美),清水英克,3059,-0.2,6,5,4,13.0,456,0,
,2021.10.30,新潟,5新7,未勝利,未勝利*,7,12,アメトリーチェ,牝,2,菅原明良, 54 ,15,2,１, ,ダ1200,良,,(美),加藤士津,1118,-0.0,,3,3,37.1,470,-6,
,2021.10.30,新潟,5新7,未勝利,未勝利・牝*,6,7,サヨノトレイダー,牝,2,小沢大仁,51▲,12,6,１, ,ダ1800,良,,(栗),松永昌博,1545,-0.0,7,8,7,38.0,440,-10,
,2021.10.30,新潟,5新7,未勝利,障害未勝利,7,11,ショベルヘッド,セ,3,上野翔, 58 ,14,3,１, ,芝2850,良,,(美),藤沢和雄,3070,-0.2,1,1,1,13.1,472,+2,
,2021.10.24,新潟,5新6,2勝,鳥屋野Ｈ･2勝,3,4,ヴィゴーレ,牡,3,坂井瑠星, 53 ,14,3,１, ,ダ1800,重,,(栗),松永幹夫,1496,-0.4,3,2,1,36.5,468,-2,
,2021.10.24,新潟,5新6,ｵｰﾌﾟﾝ,新潟牝馬,3,3,マリアエレーナ,牝,3,坂井瑠星, 51 ,7,1,１, 内,芝2200,稍,,(栗),吉田直弘,2153,-0.2,4,4,4,35.1,422,+2,
,2021.10.24,新潟,5新6,1勝,柏崎特別･1勝,7,13,シャンブル,牝,3,西村淳也, 53 ,16,7,１, 外,芝1600,稍,,(栗),吉村圭司,1352,-0.1,,6,4,35.1,474,-8,
,2021.10.24,新潟,5新6,1勝,１勝ｸﾗｽ,8,12,エールヴィフ,牝,4,小沢大仁,52▲,13,1,１, 内,芝1000,稍,,(栗),橋口慎介,0567,-0.0,,,5,33.6,496,-26,B
,2021.10.24,新潟,5新6,1勝,１勝ｸﾗｽ,5,7,アポロミラクル,牡,3,菊沢一樹, 55 ,13,5,１, ,ダ1800,重,,(美),菊沢隆徳,1510,-0.0,1,1,1,37.1,496,+18,
,2021.10.24,新潟,5新6,1勝,１勝ｸﾗｽ・若,2,2,メイショウツワブキ,牝,3,泉谷楓真,52☆,14,1,１, ,ダ1200,重,,(栗),南井克巳,1102,-0.0,,2,2,36.2,482,-6,
,2021.10.24,新潟,5新6,1勝,１勝ｸﾗｽ,8,11,ロックユー,セ,3,岩田望来, 55 ,12,3,１, 外,芝1800,重,,(栗),中内田充,1485,-0.2,,4,3,35.2,436,-6,B
,2021.10.24,新潟,5新6,新馬,新馬,7,12,アルファマム,牝,2,亀田温心,53☆,15,1,１, ,ダ1200,不,,(栗),佐々木晶,1118,-0.5,,6,6,36.1,450,,
,2021.10.24,新潟,5新6,未勝利,障害未勝利,3,3,キーパンチ,牡,4,熊沢重文, 60 ,9,1,１, ,芝2850,重,,(栗),宮徹,3113,-0.2,5,3,3,13.4,466,-8,
,2021.10.24,新潟,5新6,1勝,１勝ｸﾗｽ・牝,4,6,カナリキケン,牝,3,秋山稔樹,52☆,14,2,１, ,ダ1800,不,,(美),竹内正洋,1508,-0.4,11,2,2,37.5,488,-2,
,2021.10.24,新潟,5新6,未勝利,未勝利*,7,12,ミルトクリーガー,牡,2,岩田望来, 55 ,15,2,１, ,ダ1200,不,,(栗),中竹和也,1114,-0.5,,2,2,37.6,468,-4,
,2021.10.24,新潟,5新6,未勝利,未勝利*,4,8,ブランデーロック,牡,2,山田敬士,53△,17,3,１, 内,芝1200,重,,(美),小桧山悟,1117,-0.1,,3,3,36.3,460,+2,
,2021.10.23,新潟,5新5,2勝,寺泊特別･2勝,7,9,ララクリスティーヌ,牝,3,菅原明良, 53 ,11,2,１, 外,芝1600,稍,,(栗),斉藤崇史,1364,-0.0,,2,3,33.3,450,0,
,2021.10.23,新潟,5新5,2勝,新津特別･2勝,8,15,レジェモー,牝,4,川又賢治, 55 ,15,10,１, ,ダ1200,重,,(栗),杉山佳明,1106,-0.1,,7,6,36.4,442,+2,
,2021.10.23,新潟,5新5,1勝,岩船特別･1勝,7,9,ダンディズム,セ,5,富田暁, 57 ,12,3,１, 内,芝2200,稍,,(栗),野中賢二,2145,-0.4,11,11,7,35.8,472,+8,B
,2021.10.23,新潟,5新5,1勝,１勝ｸﾗｽ,2,2,ゴーストレート,牡,3,菊沢一樹, 55 ,12,8,１, ,ダ1200,重,,(美),菊沢隆徳,1103,-0.6,,1,1,35.5,484,-4,B
,2021.10.23,新潟,5新5,1勝,１勝ｸﾗｽ・牝,6,10,ローゼライト,牝,3,亀田温心,52☆,14,7,１, 外,芝2000,稍,,(栗),清水久詞,2010,-0.2,,1,1,35.7,432,+4,B
,2021.10.23,新潟,5新5,1勝,１勝ｸﾗｽ・若,4,4,サブロンカズマ,牡,3,亀田温心,54☆,12,6,１, ,ダ1800,重,,(栗),安田隆行,1512,-0.1,1,1,1,37.6,470,+4,
,2021.10.23,新潟,5新5,未勝利,未勝利*,4,6,マブセレナード,牝,2,菅原明良, 54 ,15,2,１, 内,芝1000,稍,,(美),伊藤大士,0563,-0.8,,,1,33.6,456,-6,
,2021.10.23,新潟,5新5,未勝利,未勝利*,6,9,インプレス,牡,2,津村明秀, 55 ,13,1,１, 外,芝1800,稍,,(栗),佐々木晶,1498,-0.3,,10,10,34.1,514,-4,
,2021.10.23,新潟,5新5,ｵｰﾌﾟﾝ,障害・オープ,8,10,キャプテンペリー,セ,8,五十嵐雄, 61 ,11,5,１, ,芝3250,稍,,(美),岩戸孝樹,3353,-0.2,2,2,1,13.2,506,+2,
,2021.10.23,新潟,5新5,1勝,１勝ｸﾗｽ・牝,2,2,アップリバー,牝,3,津村明秀, 53 ,12,1,１, ,ダ1200,重,,(美),牧光二,1111,-0.1,,2,2,36.9,494,+2,B
,2021.10.23,新潟,5新5,未勝利,未勝利*,8,14,センタースリール,牝,2,丹内祐次, 54 ,15,6,１, ,ダ1800,重,,(美),本間忍,1532,-0.1,3,2,2,38.4,456,-2,
,2021.10.23,新潟,5新5,未勝利,障害未勝利,5,6,ヒロキング,セ,4,小野寺祐, 60 ,12,10,１, ,芝2850,稍,,(美),黒岩陽一,3097,-0.3,5,4,3,13.3,504,+4,
,2021.10.17,新潟,5新4,2勝,菅名岳特･2勝,6,7,セイクリッドゲイズ,牡,3,斎藤新, 55 ,11,8,１, ,ダ1800,重,,(栗),佐々木晶,1496,-0.2,9,9,9,36.8,500,+10,
,2021.10.17,新潟,5新4,OP(L),信越ＳＨ(L),8,18,ドナウデルタ,牝,5,鮫島克駿, 54 ,18,4,１, 内,芝1400,重,,(栗),高野友和,1218,-0.1,,12,11,35.5,456,+6,
,2021.10.17,新潟,5新4,1勝,稲光特別･1勝,8,16,マウンテンムスメ,牝,3,菱田裕二, 53 ,17,1,１, 内,芝1000,重,,(美),中野栄治,0561,-0.1,,,1,33.7,454,-6,
,2021.10.17,新潟,5新4,1勝,１勝ｸﾗｽ・牝,2,3,ルーツドール,牝,4,西村淳也, 55 ,17,4,１, 外,芝1800,重,,(栗),藤岡健一,1485,-0.4,,5,4,35.4,540,+24,
,2021.10.17,新潟,5新4,1勝,１勝ｸﾗｽ・若,6,10,サトノアポロン,セ,3,斎藤新, 55 ,14,1,１, ,ダ1200,不,,(栗),安田隆行,1108,-0.0,,2,2,36.7,480,-2,
,2021.10.17,新潟,5新4,1勝,１勝ｸﾗｽ,6,6,コンソレーション,牡,3,嶋田純次, 55 ,9,1,１, ,ダ1800,不,,(美),手塚貴久,1506,-0.7,9,7,5,37.3,492,+6,
,2021.10.17,新潟,5新4,1勝,１勝ｸﾗｽ・牝,8,13,ゴールデンプルーフ,牝,3,鮫島克駿, 53 ,14,2,１, ,ダ1200,不,,(栗),羽月友彦,1110,-0.0,,3,3,36.4,490,+4,
,2021.10.17,新潟,5新4,新馬,新馬,2,3,ラインアルテア,牡,2,秋山稔樹,53△,16,8,１, 内,芝1200,重,,(美),武藤善則,1114,-0.0,,1,1,36.3,476,,
,2021.10.17,新潟,5新4,1勝,１勝ｸﾗｽ,8,8,サダムラピュタ,牡,6,小沢大仁,54▲,9,5,１, ,ダ2500,不,,(栗),平田修,2397,-0.2,2,2,1,37.4,468,-8,B
,2021.10.17,新潟,5新4,未勝利,未勝利*,7,11,ナニハサテオキ,牡,2,藤井勘一, 55 ,14,9,１, 内,芝2000,重,,(栗),村山明,2060,-0.0,12,13,11,36.0,474,0,
,2021.10.17,新潟,5新4,未勝利,未勝利*,6,9,ウインマーベル,牡,2,丹内祐次, 55 ,13,4,１, 内,芝1200,重,,(美),深山雅史,1110,-0.4,,2,2,36.1,456,-2,B
,2021.10.17,新潟,5新4,未勝利,未勝利*,8,13,イチゴキネンビ,牡,2,丹内祐次, 55 ,14,1,１, ,ダ1200,不,,(美),小桧山悟,1119,-0.6,,7,5,36.6,470,+10,
,2021.10.16,新潟,5新3,2勝,飛翼特別･2勝,4,7,クルークヴァール,牡,6,鮫島克駿, 57 ,18,4,１, 内,芝1000,良,,(栗),浅見秀一,0553,-0.3,,,2,33.0,478,+2,B
,2021.10.16,新潟,5新3,3勝,下越Ｓ･3勝,8,15,ガンケン,牡,5,川又賢治, 57 ,15,2,１, ,ダ1200,稍,,(栗),宮本博,1106,-0.0,,7,7,36.2,544,+10,B
,2021.10.16,新潟,5新3,1勝,粟島特別･1勝,1,1,ハリウッドヒルズ,牡,4,菅原明良, 57 ,13,2,１, 外,芝1800,良,,(美),高橋祥泰,1479,-0.0,,5,6,33.5,486,-6,
,2021.10.16,新潟,5新3,1勝,１勝ｸﾗｽ,7,15,ミスビアンカ,牝,4,津村明秀, 55 ,18,3,１, 内,芝1400,良,,(栗),高橋義忠,1226,-0.2,,1,1,35.4,460,-4,
,2021.10.16,新潟,5新3,1勝,１勝ｸﾗｽ,5,5,フローラルドレス,牝,4,富田暁,54☆,9,7,１, ,ダ1800,稍,,(栗),森田直行,1525,-0.2,1,1,1,38.3,426,0,
,2021.10.16,新潟,5新3,1勝,１勝ｸﾗｽ・若,2,2,ビートザウイングス,セ,4,秋山稔樹,55△,12,2,１, 外,芝2000,良,,(美),手塚貴久,1598,-0.1,,6,5,34.1,482,+6,B
,2021.10.16,新潟,5新3,未勝利,未勝利・牝*,8,15,ユキヤナギ,牝,2,勝浦正樹, 54 ,15,13,１, 内,芝1400,良,,(美),的場均,1233,-0.1,,5,5,35.9,442,-6,
,2021.10.16,新潟,5新3,新馬,新馬,3,3,ジャカランダ,牡,2,鮫島克駿, 55 ,10,1,１, ,ダ1800,稍,,(栗),河内洋,1552,-0.2,5,3,2,38.6,572,,
,2021.10.16,新潟,5新3,未勝利,障害未勝利,2,2,ショウナンサルヴォ,牡,3,難波剛健, 58 ,11,8,１, ,芝2850,良,,(栗),吉村圭司,3076,-0.0,7,3,2,13.2,492,+2,
,2021.10.16,新潟,5新3,1勝,１勝ｸﾗｽ,6,7,マイステージ,牝,3,原優介,50▲,12,1,１, ,ダ1200,稍,,(美),伊藤伸一,1113,-0.5,,3,3,36.6,434,-4,
,2021.10.16,新潟,5新3,未勝利,未勝利*,7,9,アーテルアストレア,牝,2,菱田裕二, 54 ,11,4,１, ,ダ1800,稍,,(栗),橋口慎介,1531,-2.1,1,1,1,38.7,464,-2,
,2021.10.16,新潟,5新3,未勝利,障害未勝利,6,6,テイエムクロムシャ,牡,5,植野貴也, 60 ,11,1,１, ,芝2850,良,,(栗),鈴木孝志,3072,-0.7,4,3,2,13.1,478,-6,
,2021.10.10,新潟,5新2,2勝,妙高特Ｈ･2勝,1,1,ララクリュサオル,牡,5,中井裕二, 57 ,15,1,１, ,ダ1200,良,,(栗),辻野泰之,1103,-0.3,,7,7,36.5,496,-2,
,2021.10.10,新潟,5新2,3勝,北陸Ｓ･3勝,2,4,シセイヒテン,牡,6,勝浦正樹, 57 ,18,7,１, 内,芝1200,良,*,(美),宗像義忠,1086,-0.0,,5,4,34.7,464,+6,
,2021.10.10,新潟,5新2,1勝,松浜特別･1勝,2,2,ケンアンビシャス,牡,3,亀田温心, 55 ,10,4,１, 外,芝2000,良,,(美),久保田貴,2002,-0.2,,3,3,33.8,470,-2,
,2021.10.10,新潟,5新2,1勝,１勝ｸﾗｽ,7,10,プレジールミノル,牡,3,亀田温心,54☆,13,1,１, ,ダ1200,良,,(栗),北出成人,1105,-0.0,,6,4,35.9,492,+8,B
,2021.10.10,新潟,5新2,1勝,１勝ｸﾗｽ,6,12,インナリオ,牝,3,津村明秀, 53 ,18,3,１, 外,芝1600,良,,(美),岩戸孝樹,1329,-0.2,,11,10,34.1,468,+8,
,2021.10.10,新潟,5新2,1勝,１勝ｸﾗｽ・牝,4,4,ハギノオーロ,牝,4,藤懸貴志, 55 ,13,5,１, ,ダ1200,良,,(栗),高野友和,1113,-0.0,,1,1,37.1,522,+2,
,2021.10.10,新潟,5新2,1勝,１勝ｸﾗｽ・若,4,7,ネフェルタリ,牝,3,松本大輝,50▲,15,5,１, ,ダ1800,良,,(栗),高柳大輔,1525,-0.1,3,1,1,38.6,494,0,
,2021.10.10,新潟,5新2,新馬,新馬・牝,7,14,グランデレジーナ,牝,2,秋山真一, 54 ,18,1,１, 外,芝1600,良,,(栗),藤岡健一,1362,-0.6,,2,2,33.4,440,,
,2021.10.10,新潟,5新2,未勝利,障害未勝利,2,2,キングリッド,牡,7,石神深一, 60 ,13,3,１, ,芝2850,良,,(美),池上昌和,3054,-0.0,2,2,1,13.0,460,0,
,2021.10.10,新潟,5新2,未勝利,未勝利*,5,8,サーティファイド,牡,2,川又賢治, 55 ,15,6,１, ,ダ1800,良,,(栗),鮫島一歩,1550,-0.0,3,2,2,38.7,476,+4,
,2021.10.10,新潟,5新2,未勝利,未勝利*,5,9,オカンモシャチョウ,牝,2,松本大輝,51▲,18,5,１, 内,芝1000,良,,(栗),森秀行,0556,-0.3,,,2,33.3,446,-6,
,2021.10.10,新潟,5新2,未勝利,未勝利・牝*,6,10,ショウナンワオン,牝,2,中井裕二, 54 ,15,7,１, ,ダ1200,良,,(美),武市康男,1117,-0.2,,1,1,37.9,460,-6,
,"2021.10. 9",新潟,5新1,1勝,朝日岳特･1勝,5,9,ルミナスライン,牝,3,丹内祐次, 53 ,18,6,１, 内,芝1200,良,,(美),清水英克,1092,-0.1,,1,1,34.3,442,+2,
,"2021.10. 9",新潟,5新1,2勝,村上特別･2勝,5,5,アイコンテーラー,牝,3,亀田温心, 53 ,9,3,１, 外,芝1800,良,,(栗),河内洋,1475,-0.3,,2,2,33.2,464,+6,
,"2021.10. 9",新潟,5新1,1勝,萬代橋特･1勝,6,8,ブリングトゥライフ,牝,3,川又賢治, 52 ,13,8,１, 内,芝2400,良,,(栗),畑端省吾,2265,-0.2,2,2,2,35.3,456,-20,
,"2021.10. 9",新潟,5新1,1勝,１勝ｸﾗｽ,1,1,カズロレアート,牡,3,斎藤新, 55 ,11,1,１, ,ダ1800,良,,(栗),安田隆行,1515,-0.2,4,2,2,38.5,478,-4,B
,"2021.10. 9",新潟,5新1,1勝,１勝ｸﾗｽ,7,14,モテモテ,牝,5,亀田温心,54☆,18,3,１, 内,芝1000,良,,(栗),南井克巳,0548,-0.2,,,2,32.4,466,0,
,"2021.10. 9",新潟,5新1,1勝,１勝ｸﾗｽ・若,7,12,エイユーストロング,牡,3,横山琉人,52▲,15,2,１, ,ダ1200,良,,(栗),鈴木孝志,1122,-0.1,,1,1,37.1,472,+12,
,"2021.10. 9",新潟,5新1,未勝利,未勝利*,7,10,ソリタリオ,牡,2,吉田隼人, 55 ,13,1,１, 外,芝1600,良,,(栗),西村真幸,1343,-0.4,,2,2,34.3,474,+4,
,"2021.10. 9",新潟,5新1,新馬,新馬,7,11,スマートプレジール,牝,2,鮫島克駿, 54 ,14,1,１, ,ダ1200,良,,(栗),浅見秀一,1125,-0.8,,2,2,37.1,492,,
,"2021.10. 9",新潟,5新1,ｵｰﾌﾟﾝ,障害・オープ,7,7,ザメイダン,牡,5,上野翔, 60 ,9,7,１, ,芝2850,良,,(美),新開幸一,3026,-0.6,2,2,2,12.8,488,0,B
,"2021.10. 9",新潟,5新1,未勝利,未勝利*,4,5,ボルタドマール,牡,2,秋山稔樹,53△,13,1,１, ,ダ1200,良,,(美),黒岩陽一,1121,-0.0,,1,1,37.0,514,+6,
,"2021.10. 9",新潟,5新1,1勝,１勝ｸﾗｽ・牝,5,8,タマモパッション,牝,4,吉田隼人, 55 ,15,1,１, ,ダ1800,良,,(栗),大橋勇樹,1518,-1.0,4,4,4,36.6,506,+6,
,"2021.10. 9",新潟,5新1,未勝利,障害未勝利,5,8,マリオ,牡,6,平沢健治, 60 ,14,1,１, ,芝2850,良,,(栗),安達昭夫,3047,-0.7,1,1,1,13.0,502,-6,
,"2021. 9. 5",新潟,4新8,1勝,雷光特別･1勝,8,17,ニルカンタテソーロ,牡,4,原優介, 57 ,17,8,１, 内,芝1000,良,,(美),小手川準,0547,-0.2,,,3,32.7,442,-2,B
,"2021. 9. 5",新潟,4新8,Ｇ３,新潟記念ＨG3,8,16,マイネルファンロン,牡,6,Ｍ．デム, 55 ,17,12,１, 外,芝2000,良,,(美),手塚貴久,1584,-0.1,,15,15,33.4,478,-4,
,"2021. 9. 5",新潟,4新8,2勝,両津湾特･2勝,8,14,ゴールドレガシー,牡,3,戸崎圭太, 54 ,15,1,１, ,ダ1800,良,,(栗),平田修,1515,-0.2,9,8,6,36.7,482,+6,B
,"2021. 9. 5",新潟,4新8,2勝,飯豊特別･2勝,8,13,エムオーシャトル,牝,3,木幡初也, 53 ,14,9,１, 内,芝1200,良,,(美),鹿戸雄一,1098,-0.0,,2,2,34.7,454,+2,
,"2021. 9. 5",新潟,4新8,1勝,１勝ｸﾗｽ,7,13,パワポケプリメーロ,牡,4,木幡育也,56☆,15,8,１, ,ダ1800,良,,(美),新開幸一,1521,-0.0,2,1,1,37.2,428,-4,
,"2021. 9. 5",新潟,4新8,未勝利,未勝利,6,11,マイヨアポア,牝,3,小林脩斗,51▲,15,1,１, ,ダ1200,良,,(美),和田正一,1106,-0.8,,3,3,36.3,468,+4,
,"2021. 9. 5",新潟,4新8,新馬,新馬,6,12,カールスモーキー,牡,2,永野猛蔵,51▲,18,4,１, 内,芝1400,良,,(美),和田勇介,1240,-0.2,,2,2,37.0,474,,
,"2021. 9. 5",新潟,4新8,新馬,新馬,1,1,トーセンシュシュ,牝,2,三浦皇成, 54 ,10,2,１, 外,芝1800,良,,(美),田村康仁,1501,-0.3,,5,5,33.9,492,,
,"2021. 9. 5",新潟,4新8,未勝利,未勝利,3,5,ボーンジーニアス,牡,3,Ｍ．デム, 56 ,18,6,１, 内,芝2200,良,,(美),小西一男,2143,-0.3,14,14,12,35.4,456,0,
,"2021. 9. 5",新潟,4新8,未勝利,未勝利,3,5,テイエムアトム,牡,3,丸田恭介, 56 ,15,1,１, ,ダ1800,稍,,(美),石栗龍彦,1535,-0.1,2,2,1,39.5,520,0,B
,"2021. 9. 5",新潟,4新8,未勝利,未勝利*,1,1,タミオスター,牡,2,田辺裕信, 54 ,10,5,１, 内,芝2000,良,,(美),斎藤誠,2031,-0.7,7,7,4,35.5,484,-2,
,"2021. 9. 5",新潟,4新8,未勝利,未勝利*,4,8,ドリップ,牡,2,小林脩斗,51▲,17,7,１, 内,芝1200,良,,(美),稲垣幸雄,1107,-0.1,,1,1,35.8,458,+8,
,"2021. 9. 4",新潟,4新7,1勝,１勝ｸﾗｽ,8,16,アップストリーム,牝,3,石川裕紀, 53 ,18,1,１, 外,芝1600,稍,*,(美),手塚貴久,1348,-0.2,,3,3,33.9,474,+8,
,"2021. 9. 4",新潟,4新7,3勝,古町Ｓ･3勝,6,10,フローリン,牡,6,戸崎圭太, 57 ,15,7,１, ,ダ1800,稍,,(栗),中内田充,1501,-0.0,8,7,7,37.4,476,-4,
,"2021. 9. 4",新潟,4新7,2勝,赤倉特Ｈ･2勝,3,3,フェアリーグルーヴ,牝,4,戸崎圭太, 52 ,13,3,１, 外,芝2000,稍,,(美),高橋文雅,2017,-0.0,,9,8,33.9,440,-6,
,"2021. 9. 4",新潟,4新7,1勝,瓢湖特別･1勝,6,7,レヴェッツァ,牡,3,福永祐一, 54 ,12,1,１, 内,芝2200,稍,,(栗),斉藤崇史,2153,-0.2,6,3,3,35.4,484,+6,
,"2021. 9. 4",新潟,4新7,1勝,１勝ｸﾗｽ・牝,6,11,ビップエレナ,牝,3,小林脩斗,50▲,15,8,１, ,ダ1200,稍,,(美),田島俊明,1106,-0.3,,1,1,36.6,470,0,
,"2021. 9. 4",新潟,4新7,未勝利,未勝利,7,13,クオンタム,牝,3,菅原明良, 54 ,18,8,１, 外,芝1800,稍,,(美),小野次郎,1476,-0.1,,12,11,35.0,436,-4,
,"2021. 9. 4",新潟,4新7,未勝利,未勝利,3,6,ブラウシュヴァルツ,牡,3,石川裕紀, 56 ,18,2,１, 外,芝1600,稍,,(美),黒岩陽一,1356,-0.1,,1,1,35.1,492,-4,B
,"2021. 9. 4",新潟,4新7,新馬,新馬,6,6,キャンデセント,牡,2,福永祐一, 54 ,10,1,１, 内,芝2000,稍,,(栗),藤原英昭,2048,-0.3,7,7,6,35.2,466,,
,"2021. 9. 4",新潟,4新7,ｵｰﾌﾟﾝ,障害・オープ,8,10,バイオレントブロー,セ,6,白浜雄造, 60 ,11,3,１, ,芝3250,稍,,(栗),佐々木晶,3333,-0.2,9,6,6,13.1,494,0,
,"2021. 9. 4",新潟,4新7,未勝利,未勝利,2,2,カンリンポチェ,牡,3,三浦皇成, 56 ,15,1,１, ,ダ1800,稍,,(美),田村康仁,1508,-1.3,1,1,1,37.4,510,0,B
,"2021. 9. 4",新潟,4新7,未勝利,未勝利*,8,14,エルパソ,牡,2,三浦皇成, 54 ,15,10,１, ,ダ1800,稍,*,(美),武井亮,1543,-0.2,3,2,2,38.1,454,+6,
,"2021. 9. 4",新潟,4新7,未勝利,障害未勝利,1,1,メイショウギガース,牡,7,中村将之, 60 ,13,5,１, ,芝2850,稍,,(栗),岡田稲男,3063,-0.1,1,1,1,13.1,490,+6,
,"2021. 8.29",新潟,4新6,1勝,１勝ｸﾗｽ,3,5,ロードレイライン,牡,3,三浦皇成, 54 ,15,1,１, ,ダ1200,良,,(美),稲垣幸雄,1106,-0.7,,1,1,36.3,472,+4,
,"2021. 8.29",新潟,4新6,Ｇ３,新潟２歳G3,1,1,セリフォス,牡,2,川田将雅, 54 ,12,3,１, 外,芝1600,良,,(栗),中内田充,1338,-0.2,,6,6,32.8,486,+6,
,"2021. 8.29",新潟,4新6,OP(L),朱鷺Ｓ(L),7,13,カイザーミノル,牡,5,横山典弘, 56 ,18,1,１, 内,芝1400,良,,(栗),北出成人,1210,-0.1,,7,7,34.2,468,-2,B
,"2021. 8.29",新潟,4新6,2勝,五頭連峰･2勝,4,6,クロンターフ,牡,3,川田将雅, 54 ,14,3,１, 外,芝1600,良,,(美),岩戸孝樹,1337,-0.0,,9,9,33.7,488,+8,
,"2021. 8.29",新潟,4新6,1勝,１勝ｸﾗｽ・牝,8,15,アドアステラ,牝,5,柴田大知, 55 ,15,5,１, ,ダ1800,良,,(美),萱野浩二,1533,-0.1,15,13,14,37.4,452,-4,B
,"2021. 8.29",新潟,4新6,1勝,１勝ｸﾗｽ,8,9,ガンダルフ,牡,3,ルメール, 54 ,10,1,１, 外,芝2000,良,,(美),国枝栄,2000,-0.1,,2,2,34.2,486,+4,
,"2021. 8.29",新潟,4新6,新馬,新馬,5,8,インコントラーレ,牡,2,三浦皇成, 54 ,15,6,１, ,ダ1200,良,,(美),菊沢隆徳,1111,-1.4,,1,1,36.9,504,,
,"2021. 8.29",新潟,4新6,新馬,新馬,3,5,トウシンマカオ,牡,2,戸崎圭太, 54 ,18,2,１, 外,芝1600,良,,(美),高柳瑞樹,1353,-0.4,,2,2,34.8,446,,
,"2021. 8.29",新潟,4新6,未勝利,未勝利,4,7,マイネルパリオート,牡,3,柴田大知, 56 ,18,2,１, 内,芝2000,良,,(美),高橋裕,2021,-0.0,3,3,4,35.4,454,-2,
,"2021. 8.29",新潟,4新6,未勝利,未勝利*,8,18,シーズアクイーン,牝,2,杉原誠人, 54 ,18,1,１, 内,芝1000,良,*,(美),石毛善彦,0559,-0.0,,,1,33.3,432,+2,
,"2021. 8.29",新潟,4新6,未勝利,未勝利,5,9,ジジ,牡,3,戸崎圭太, 56 ,15,1,１, ,ダ1800,良,*,(美),田島俊明,1530,-0.1,6,6,2,38.7,486,-2,
,"2021. 8.29",新潟,4新6,未勝利,障害未勝利,5,5,ゲインスプレマシー,セ,5,石神深一, 60 ,12,1,１, ,芝2850,良,,(美),高柳瑞樹,3093,-0.1,8,7,6,13.3,486,+6,
,"2021. 8.28",新潟,4新5,1勝,１勝ｸﾗｽ,5,10,タイキスウォード,牡,4,Ｍ．デム, 57 ,18,5,１, 内,芝1400,良,,(美),高橋祥泰,1216,-0.0,,5,5,35.2,466,0,
,"2021. 8.28",新潟,4新5,OP(L),ＢＳＮＨ(L),2,3,ブルベアイリーデ,牡,5,Ｍ．デム, 56 ,15,3,１, ,ダ1800,良,,(栗),杉山晴紀,1503,-0.5,4,5,3,36.9,490,-2,
,"2021. 8.28",新潟,4新5,3勝,長岡Ｓ･3勝,6,11,クリノプレミアム,牝,4,三浦皇成, 55 ,18,5,１, 外,芝1600,良,,(美),伊藤伸一,1339,-0.1,,1,1,35.0,474,-4,
,"2021. 8.28",新潟,4新5,2勝,岩室温泉･2勝,3,4,シャマル,牡,3,川須栄彦, 54 ,15,3,１, ,ダ1200,良,,(栗),松下武士,1098,-0.3,,2,2,36.3,506,-8,B
,"2021. 8.28",新潟,4新5,1勝,１勝ｸﾗｽ,3,5,ゼローソ,牡,3,田辺裕信, 54 ,15,1,１, ,ダ1800,良,,(美),栗田徹,1545,-0.0,10,11,10,37.9,496,0,
,"2021. 8.28",新潟,4新5,未勝利,未勝利,1,1,ブルーダイヤ,牝,3,江田照男, 54 ,18,1,１, 内,芝1200,良,,(美),小笠倫弘,1102,-0.2,,4,4,35.7,452,-2,B
,"2021. 8.28",新潟,4新5,新馬,新馬・牝,4,8,ソネットフレーズ,牝,2,ルメール, 54 ,18,1,１, 外,芝1600,良,,(美),手塚貴久,1343,-0.6,,2,2,34.5,466,,
,"2021. 8.28",新潟,4新5,新馬,新馬,2,2,イクイノックス,牡,2,ルメール, 54 ,15,2,１, 外,芝1800,良,,(美),岩戸孝樹,1474,-1.0,,3,3,34.5,474,,
,"2021. 8.28",新潟,4新5,未勝利,未勝利,8,14,クレイジーリッチ,牡,3,三浦皇成, 56 ,15,5,１, ,ダ1200,良,,(美),小手川準,1122,-0.2,,3,3,37.9,492,+4,
,"2021. 8.28",新潟,4新5,未勝利,未勝利・牝,7,13,キングスフィリア,牝,3,吉田隼人, 54 ,15,3,１, ,ダ1800,良,*,(美),萩原清,1543,-0.7,5,4,4,38.4,406,-6,
,"2021. 8.28",新潟,4新5,未勝利,未勝利,1,1,レオスパンキー,牡,3,木幡巧也, 56 ,15,1,１, ,ダ1200,良,,(美),牧光二,1119,-0.1,,1,1,37.9,510,0,
,"2021. 8.28",新潟,4新5,未勝利,未勝利*,3,5,ホウオウパレード,牡,2,石橋脩, 54 ,15,1,１, 外,芝1600,良,,(美),池上昌和,1358,-0.0,,7,7,34.4,480,-6,
,"2021. 8.22",新潟,4新4,1勝,１勝ｸﾗｽ,4,7,エターナルボンド,牡,4,永野猛蔵,54▲,15,5,１, ,ダ1800,稍,,(美),伊藤圭三,1531,-0.1,10,8,5,38.9,512,-2,B
,"2021. 8.22",新潟,4新4,ｵｰﾌﾟﾝ,ＮＳＴ賞Ｈ,6,10,ノンライセンス,牝,5,戸崎圭太, 53 ,15,6,１, ,ダ1200,稍,,(栗),松永幹夫,1100,-0.1,,4,4,36.2,468,+8,
,"2021. 8.22",新潟,4新4,2勝,阿賀野川･2勝,7,10,モクレレ,セ,7,菅原明良, 57 ,12,6,１, 内,芝2200,稍,,(美),国枝栄,2138,-0.2,7,8,6,36.2,498,-4,
,"2021. 8.22",新潟,4新4,1勝,閃光特別･1勝,8,17,レオハイセンス,牝,4,江田照男, 55 ,18,4,１, 内,芝1000,稍,*,(美),奥平雅士,0554,-0.0,,,8,32.8,438,+2,
,"2021. 8.22",新潟,4新4,1勝,１勝ｸﾗｽ,4,4,カーディナル,牡,3,戸崎圭太, 54 ,11,1,１, 内,芝2400,稍,,(美),林徹,2268,-0.3,1,5,5,35.3,490,0,
,"2021. 8.22",新潟,4新4,未勝利,未勝利,3,4,ディヴァインゲート,牡,3,内田博幸, 56 ,15,1,１, ,ダ1800,稍,,(美),武藤善則,1525,-0.6,2,2,2,38.2,476,+10,
,"2021. 8.22",新潟,4新4,未勝利,未勝利,4,4,スフリエール,牝,3,Ｍ．デム, 54 ,13,2,１, 内,芝2000,稍,*,(美),鹿戸雄一,2028,-0.2,3,5,3,35.1,464,0,
,"2021. 8.22",新潟,4新4,新馬,新馬,8,13,シンシアウィッシュ,牝,2,菅原明良, 54 ,14,2,１, 外,芝1800,稍,,(栗),吉村圭司,1506,-0.5,,7,7,33.5,440,,
,"2021. 8.22",新潟,4新4,未勝利,未勝利・牝,4,8,ララヴァンド,牝,3,木幡育也,53☆,18,7,１, 外,芝1600,稍,,(美),古賀慎明,1357,-0.1,,9,9,34.1,444,-6,
,"2021. 8.22",新潟,4新4,新馬,新馬,2,2,コンシリエーレ,牡,2,武藤雅, 54 ,15,2,１, ,ダ1800,稍,,(美),稲垣幸雄,1535,-1.9,2,3,3,37.7,540,,
,"2021. 8.22",新潟,4新4,未勝利,未勝利*,3,5,ミツカネムーン,牝,2,菅原明良, 54 ,17,5,１, 内,芝1400,稍,,(美),清水英克,1234,-0.1,,4,5,35.9,428,-8,
,"2021. 8.22",新潟,4新4,未勝利,未勝利*,7,7,サンカルパ,牝,2,戸崎圭太, 54 ,8,1,１, 外,芝1800,稍,,(美),田中博康,1497,-0.2,,3,3,35.7,476,+10,
,"2021. 8.21",新潟,4新3,1勝,１勝ｸﾗｽ・牝,6,9,ジュリアバローズ,牝,3,柴田善臣, 52 ,14,1,１, 外,芝1800,良,,(美),堀宣行,1461,-0.0,,4,1,34.6,430,-6,
,"2021. 8.21",新潟,4新3,3勝,日本海Ｓ･3勝,7,8,グレンガリー,セ,6,津村明秀, 57 ,10,10,１, 内,芝2200,良,,(美),萩原清,2119,-0.2,1,1,1,37.3,442,+2,
,"2021. 8.21",新潟,4新3,3勝,上越Ｓ･3勝,4,6,パーティナシティ,牡,5,津村明秀, 57 ,15,1,１, ,ダ1200,良,*,(栗),高橋義忠,1106,-0.2,,3,3,36.6,500,-2,
,"2021. 8.21",新潟,4新3,2勝,瀬波温泉･2勝,7,12,ワンダーエカルテ,牝,5,長岡禎仁, 55 ,15,8,１, ,ダ1800,良,,(栗),石橋守,1515,-0.2,13,2,1,38.4,518,+2,
,"2021. 8.21",新潟,4新3,1勝,１勝ｸﾗｽ,8,14,ラインオブフェイト,牝,3,丸山元気, 52 ,15,11,１, ,ダ1200,良,,(美),田島俊明,1111,-0.1,,3,3,36.6,460,-6,
,"2021. 8.21",新潟,4新3,未勝利,未勝利,1,2,エターナルピース,牝,3,野中悠太, 54 ,18,6,１, 内,芝1400,良,*,(美),和田正一,1220,-0.0,,1,1,37.0,472,+30,
,"2021. 8.21",新潟,4新3,未勝利,未勝利,7,13,スカイシーカー,セ,3,内田博幸, 56 ,16,2,１, 内,芝2400,良,*,(美),小島茂之,2279,-0.9,1,1,1,35.3,492,-2,
,"2021. 8.21",新潟,4新3,新馬,新馬,7,14,ジャスパークローネ,牡,2,Ｍ．デム, 54 ,18,1,１, 内,芝1200,良,,(栗),森秀行,1105,-0.3,,1,1,35.4,482,,
,"2021. 8.21",新潟,4新3,ｵｰﾌﾟﾝ,障害・オープ,3,3,サトノファイター,牡,5,黒岩悠, 60 ,13,5,１, ,芝2850,良,,(栗),高橋亮,3025,-0.7,1,1,1,12.8,480,-2,
,"2021. 8.21",新潟,4新3,未勝利,未勝利,7,13,トランセンドパスト,牡,3,丸山元気, 56 ,15,2,１, ,ダ1200,良,,(美),田中剛,1119,-0.2,,3,3,37.4,452,-6,
,"2021. 8.21",新潟,4新3,未勝利,未勝利・牝,3,4,トレイトセオリー,牝,3,内田博幸, 54 ,15,11,１, ,ダ1800,良,,(美),和田勇介,1531,-0.6,1,1,1,38.7,440,-14,
,"2021. 8.21",新潟,4新3,未勝利,障害未勝利,4,5,ジャストアジゴロ,牡,5,白浜雄造, 60 ,13,2,１, ,芝2850,良,,(栗),安田翔伍,3062,-0.3,5,5,5,13.1,462,-4,
,"2021. 8.15",新潟,4新2,1勝,１勝ｸﾗｽ,3,5,フミロア,牝,3,藤田菜七,50◇,18,3,１, 内,芝1200,良,,(美),黒岩陽一,1089,-0.6,,1,1,34.4,446,+6,
,"2021. 8.15",新潟,4新2,Ｇ３,関屋記念G3,3,6,ロータスランド,牝,4,田辺裕信, 54 ,18,4,１, 外,芝1600,良,,(栗),辻野泰之,1327,-0.2,,2,2,34.1,462,-8,
,"2021. 8.15",新潟,4新2,2勝,三面川特･2勝,8,12,エイシンチラー,牝,3,Ｍ．デム, 52 ,12,1,１, 外,芝1800,良,,(美),田中剛,1480,-0.0,,10,10,33.1,470,0,
,"2021. 8.15",新潟,4新2,2勝,浦佐特別･2勝,7,13,ノーブルシルエット,牝,3,武藤雅, 52 ,15,2,１, ,ダ1800,重,,(美),水野貴広,1501,-0.1,2,2,2,36.8,478,+8,
,"2021. 8.15",新潟,4新2,1勝,１勝ｸﾗｽ,2,3,トリプルシックス,牝,4,柴田善臣, 55 ,15,10,１, ,ダ1200,重,,(美),古賀史生,1108,-0.5,,1,1,37.1,478,+4,
,"2021. 8.15",新潟,4新2,未勝利,未勝利,6,12,ダノンターキッシュ,牡,3,石橋脩, 56 ,18,1,１, 外,芝1800,稍,,(栗),寺島良,1478,-0.3,,12,10,33.8,452,-6,
,"2021. 8.15",新潟,4新2,未勝利,未勝利・牝,4,6,エーアイダンサー,牝,3,Ｍ．デム, 54 ,15,3,１, ,ダ1200,重,,(美),畠山吉宏,1109,-0.4,,1,1,36.5,442,-2,
,"2021. 8.15",新潟,4新2,新馬,新馬,3,3,ユキノオウジサマ,牡,2,三浦皇成, 54 ,14,12,１, 外,芝1800,稍,,(美),田島俊明,1496,-0.1,,1,1,34.1,504,,
,"2021. 8.15",新潟,4新2,未勝利,未勝利,2,3,ハクサンタマテバコ,牝,3,武藤雅, 54 ,18,5,１, 内,芝1000,稍,*,(美),武藤善則,0553,-0.7,,,1,33.1,444,0,
,"2021. 8.15",新潟,4新2,未勝利,未勝利・牝*,7,12,リアグラシア,牝,2,池添謙一, 54 ,14,1,１, 外,芝1600,稍,,(美),岩戸孝樹,1353,-0.1,,11,10,33.7,480,-4,
,"2021. 8.15",新潟,4新2,未勝利,未勝利,6,10,サファル,牡,3,内田博幸, 56 ,14,3,１, ,ダ1800,不,,(美),岩戸孝樹,1523,-0.0,8,5,3,37.1,550,-8,B
,"2021. 8.15",新潟,4新2,未勝利,障害未勝利,4,4,ニューツーリズム,セ,5,小野寺祐, 60 ,13,3,１, ,芝2850,稍,,(美),黒岩陽一,3055,-0.0,2,1,1,13.0,500,+12,
,"2021. 8.14",新潟,4新1,1勝,１勝ｸﾗｽ・牝,4,4,シャーレ,牝,4,菅原明良, 55 ,13,2,１, ,ダ1800,重,,(美),武市康男,1518,-0.2,9,9,7,37.1,452,-8,
,"2021. 8.14",新潟,4新1,3勝,稲妻ＳＨ･3勝,8,16,ジュニパーベリー,牝,4,嶋田純次, 53 ,16,3,１, 内,芝1000,稍,*,(美),手塚貴久,0548,-0.6,,,3,32.2,476,+2,B
,"2021. 8.14",新潟,4新1,2勝,新発田城･2勝,4,7,テンハッピーローズ,牝,3,福永祐一, 52 ,17,1,１, 内,芝1400,稍,,(栗),高柳大輔,1211,-0.3,,12,11,34.6,438,+2,
,"2021. 8.14",新潟,4新1,1勝,湯沢特別･1勝,5,5,ニシノオイカゼ,牡,3,内田博幸, 54 ,9,5,１, 外,芝1800,稍,,(美),武市康男,1478,-0.1,,1,1,33.8,464,-6,
,"2021. 8.14",新潟,4新1,1勝,１勝ｸﾗｽ,7,12,レイニーデイ,牡,3,江田照男, 54 ,15,1,１, ,ダ1800,重,,(美),田村康仁,1526,-0.1,3,2,2,37.1,534,+8,
,"2021. 8.14",新潟,4新1,未勝利,未勝利,6,10,ロードレイライン,牡,3,三浦皇成, 56 ,15,1,１, ,ダ1200,重,,(美),稲垣幸雄,1110,-0.7,,2,2,36.4,468,-2,
,"2021. 8.14",新潟,4新1,新馬,新馬・牝,4,8,ガトーフレーズ,牝,2,柴田大知, 54 ,17,10,１, 内,芝1400,稍,,(美),清水英克,1235,-0.1,,9,9,35.2,422,,
,"2021. 8.14",新潟,4新1,新馬,新馬,8,16,ミント,牝,2,福永祐一, 54 ,17,1,１, 外,芝1600,稍,,(栗),友道康夫,1352,-0.6,,11,11,33.8,484,,
,"2021. 8.14",新潟,4新1,未勝利,未勝利・牝,8,13,キャニオニング,牝,3,菅原明良, 54 ,14,10,１, 内,芝2000,稍,,(美),萩原清,2037,-0.1,1,3,3,34.8,438,-4,
,"2021. 8.14",新潟,4新1,未勝利,未勝利,7,12,メイプルエクセル,牡,3,丸田恭介, 56 ,15,5,１, ,ダ1800,重,,(美),南田美知,1525,-0.5,4,4,5,38.0,522,+2,
,"2021. 8.14",新潟,4新1,未勝利,未勝利*,2,2,ラーグルフ,牡,2,丸田恭介, 54 ,11,4,１, 外,芝1800,稍,,(美),宗像義忠,1500,-0.2,,4,4,33.6,484,-4,
,"2021. 8.14",新潟,4新1,未勝利,未勝利*,1,1,ベストリーガード,牡,2,木幡巧也, 54 ,15,5,１, ,ダ1200,稍,,(美),牧光二,1116,-1.3,,1,1,37.3,454,0,
,"2021. 8. 8",新潟,3新6,1勝,１勝ｸﾗｽ,5,10,フラーズダルム,牝,3,福永祐一, 52 ,18,3,１, 外,芝1600,良,,(栗),松永昌博,1330,-0.2,,8,8,33.0,482,+10,
,"2021. 8. 8",新潟,3新6,Ｇ３,レパードG3,8,15,メイショウムラクモ,牡,3,柴田善臣, 56 ,15,1,１, ,ダ1800,良,,(美),和田勇介,1513,-0.5,3,2,2,37.2,482,+12,
,"2021. 8. 8",新潟,3新6,2勝,信濃川特･2勝,8,14,ダノンレガーロ,牡,4,川田将雅, 57 ,14,4,１, 外,芝2000,良,,(栗),中内田充,1584,-0.1,,10,10,34.0,466,+4,
,"2021. 8. 8",新潟,3新6,2勝,驀進特別･2勝,6,12,ジャスパージャック,牡,5,川田将雅, 57 ,18,1,１, 内,芝1000,良,*,(栗),森秀行,0544,-0.2,,,5,32.3,536,+6,B
,"2021. 8. 8",新潟,3新6,1勝,１勝ｸﾗｽ,3,5,シルバーエース,牡,4,鮫島克駿, 57 ,16,6,１, 内,芝2200,良,,(栗),橋口慎介,2136,-0.2,3,2,2,35.8,462,-10,
,"2021. 8. 8",新潟,3新6,1勝,１勝ｸﾗｽ,2,3,シャマル,牡,3,川須栄彦, 54 ,15,1,１, ,ダ1200,良,,(栗),松下武士,1114,-0.8,,2,2,37.0,514,-10,B
,"2021. 8. 8",新潟,3新6,新馬,新馬,7,12,ステルナティーア,牝,2,福永祐一, 54 ,15,1,１, 外,芝1600,良,,(美),岩戸孝樹,1360,-0.5,,8,8,32.7,446,,
,"2021. 8. 8",新潟,3新6,新馬,新馬,5,5,リブースト,牡,2,川田将雅, 54 ,12,1,１, 内,芝2000,良,,(栗),佐々木晶,2037,-0.1,11,8,7,34.9,516,,
,"2021. 8. 8",新潟,3新6,未勝利,未勝利,4,7,トーセンマーク,牡,3,内田博幸, 56 ,15,6,１, ,ダ1800,良,,(美),古賀慎明,1543,-0.1,11,7,7,38.1,510,+6,
,"2021. 8. 8",新潟,3新6,未勝利,未勝利,7,14,ヘネラルカレーラ,牝,3,酒井学, 54 ,18,5,１, 外,芝1600,良,,(栗),角田晃一,1340,-0.0,,2,2,35.0,474,+6,
,"2021. 8. 8",新潟,3新6,未勝利,未勝利・牝,8,15,エイカイステラ,牝,3,福永祐一, 54 ,15,1,１, ,ダ1800,良,,(栗),藤原英昭,1537,-1.0,1,1,1,38.3,456,+6,
,"2021. 8. 8",新潟,3新6,未勝利,未勝利*,4,8,アラクレ,牝,2,永野猛蔵,51▲,17,10,１, 内,芝1200,良,,(美),清水英克,1091,-0.2,,2,2,35.0,430,+2,
,"2021. 8. 7",新潟,3新5,1勝,１勝ｸﾗｽ,8,15,ヤマニンビオローネ,牝,3,岩田望来, 52 ,15,3,１, ,ダ1800,良,,(栗),奥村豊,1527,-0.2,3,2,1,37.8,478,+2,
,"2021. 8. 7",新潟,3新5,3勝,新潟日Ｈ･3勝,6,12,ムーンチャイム,牝,6,岩田望来, 54 ,18,10,１, 内,芝1400,良,,(栗),千田輝彦,1202,-0.0,,12,10,33.7,462,-4,
,"2021. 8. 7",新潟,3新5,2勝,高田城特･2勝,5,8,ショウナンアニメ,牡,4,菅原明良, 57 ,15,5,１, ,ダ1200,良,,(栗),吉村圭司,1108,-0.4,,2,2,36.6,488,-4,
,"2021. 8. 7",新潟,3新5,ｵｰﾌﾟﾝ,ダリア賞,2,2,ベルウッドブラボー,牡,2,Ｍ．デム, 54 ,8,2,１, 内,芝1400,良,,(美),和田雄二,1220,-0.0,,3,3,33.5,460,-2,
,"2021. 8. 7",新潟,3新5,1勝,１勝ｸﾗｽ・牝,2,4,ミスフィガロ,牝,3,川田将雅, 52 ,16,3,１, 外,芝2000,良,,(栗),友道康夫,1586,-0.2,,7,7,33.6,408,+8,
,"2021. 8. 7",新潟,3新5,未勝利,未勝利,3,5,スキャッターシード,牝,3,斎藤新,53☆,15,1,１, ,ダ1200,良,,(美),斎藤誠,1123,-0.1,,6,5,36.9,540,-4,
,"2021. 8. 7",新潟,3新5,新馬,新馬,4,7,ビヨンドザファザー,牡,2,Ｍ．デム, 54 ,15,7,１, ,ダ1800,良,,(栗),藤岡健一,1562,-0.9,8,5,4,39.3,516,,
,"2021. 8. 7",新潟,3新5,新馬,新馬,5,10,フォラブリューテ,牝,2,川田将雅, 54 ,17,1,１, 外,芝1600,良,,(美),宮田敬介,1350,-0.7,,7,7,33.0,434,,
,"2021. 8. 7",新潟,3新5,未勝利,未勝利,5,10,ラピスデラビオス,牝,3,藤懸貴志, 54 ,18,11,１, 内,芝2000,良,,(栗),高野友和,1595,-0.6,1,1,1,36.1,424,+6,
,"2021. 8. 7",新潟,3新5,未勝利,未勝利,3,5,ショウナンアーチー,牡,3,松山弘平, 56 ,15,1,１, ,ダ1800,良,,(栗),松下武士,1536,-0.5,2,2,2,39.4,504,+12,
,"2021. 8. 7",新潟,3新5,未勝利,未勝利*,8,12,ルージュラテール,牝,2,川田将雅, 54 ,13,1,１, 外,芝1600,良,,(栗),矢作芳人,1343,-0.3,,4,4,34.2,476,+4,
,"2021. 8. 7",新潟,3新5,未勝利,未勝利*,1,1,ロードリライアブル,牡,2,福永祐一, 54 ,11,1,１, 内,芝2000,良,,(栗),清水久詞,2017,-0.4,6,9,8,34.8,472,-2,
,"2021. 8. 1",新潟,3新4,2勝,２勝ｸﾗｽ,4,7,ノアヴィグラス,牝,3,藤田菜七,50◇,15,4,１, ,ダ1200,良,,(美),古賀史生,1111,-0.1,,1,1,37.4,462,+2,
,"2021. 8. 1",新潟,3新4,ｵｰﾌﾟﾝ,関越Ｓ,3,5,サトノウィザード,牡,5,福永祐一, 56 ,16,2,１, 外,芝1800,良,,(美),宮田敬介,1461,-0.1,,15,15,33.0,510,+16,
,"2021. 8. 1",新潟,3新4,3勝,柳都ＳＨ･3勝,2,2,ホウオウスクラム,牡,6,内田博幸, 54 ,15,14,１, ,ダ1800,良,,(美),奥村武,1513,-0.2,2,2,2,36.4,512,-10,
,"2021. 8. 1",新潟,3新4,1勝,出雲崎特･1勝,4,7,アンドヴァラナウト,牝,3,福永祐一, 52 ,18,1,１, 外,芝2000,良,,(栗),池添学,1582,-0.2,,3,3,34.3,434,-4,
,"2021. 8. 1",新潟,3新4,1勝,１勝ｸﾗｽ,5,9,ノーリス,牡,3,田辺裕信, 54 ,15,1,１, ,ダ1200,良,,(美),手塚貴久,1106,-0.9,,1,1,36.6,530,+10,
,"2021. 8. 1",新潟,3新4,未勝利,未勝利,2,4,シゲルカチョウ,牝,3,酒井学, 54 ,18,2,１, 内,芝1200,良,,(栗),高橋康之,1088,-0.3,,1,1,34.6,484,-8,
,"2021. 8. 1",新潟,3新4,新馬,新馬・牝,7,13,ボンクラージュ,牝,2,津村明秀, 54 ,18,12,１, 外,芝1600,良,,(美),矢野英一,1354,-0.5,,1,1,34.1,434,,
,"2021. 8. 1",新潟,3新4,新馬,新馬,8,10,ルージュスティリア,牝,2,福永祐一, 54 ,10,1,１, 外,芝1800,良,,(栗),藤原英昭,1512,-0.1,,6,6,32.7,466,,
,"2021. 8. 1",新潟,3新4,未勝利,未勝利,6,10,セイウンオードリー,牡,3,内田博幸, 56 ,15,1,１, ,ダ1800,良,,(美),深山雅史,1541,-1.0,6,1,1,38.1,504,+2,
,"2021. 8. 1",新潟,3新4,未勝利,未勝利,3,4,ノーブルグレイス,牝,3,岩田望来, 54 ,15,1,１, ,ダ1200,良,,(栗),宮本博,1116,-0.4,,2,2,37.4,438,+2,
,"2021. 8. 1",新潟,3新4,未勝利,未勝利*,6,11,エシェロン,牡,2,杉原誠人, 54 ,18,1,１, 内,芝1000,良,,(美),斎藤誠,0568,-0.1,,,2,34.0,456,+2,
,"2021. 8. 1",新潟,3新4,未勝利,未勝利*,6,9,ベルクレスタ,牝,2,松山弘平, 54 ,14,1,１, 外,芝1600,良,,(栗),須貝尚介,1356,-0.6,,6,8,33.8,470,+8,
,"2021. 7.31",新潟,3新3,1勝,１勝ｸﾗｽ,4,8,ララクリスティーヌ,牝,3,岩田望来, 52 ,18,3,１, 内,芝1400,良,,(栗),斉藤崇史,1210,-0.0,,4,5,34.5,448,+4,
,"2021. 7.31",新潟,3新3,3勝,佐渡Ｓ･3勝,3,5,アナザーリリック,牝,3,津村明秀, 52 ,17,1,１, 外,芝1800,良,,(美),林徹,1452,-0.4,,14,13,33.2,482,-14,
,"2021. 7.31",新潟,3新3,2勝,月岡温泉･2勝,1,1,ホウオウラスカーズ,牝,3,菅原明良, 52 ,15,1,１, 外,芝1600,良,,(美),高木登,1323,-0.2,,3,3,33.5,450,+2,
,"2021. 7.31",新潟,3新3,2勝,麒麟山特･2勝,3,5,キタノインディ,牡,3,富田暁, 54 ,15,8,１, ,ダ1800,良,,(栗),吉田直弘,1525,-0.0,1,1,1,37.7,462,+4,
,"2021. 7.31",新潟,3新3,ＪＧ３,新潟ジャJG3,7,10,トゥルボー,牡,5,石神深一, 60 ,13,10,１, ,芝3250,良,,(美),小笠倫弘,3290,-0.0,8,3,2,12.9,514,-8,
,"2021. 7.31",新潟,3新3,1勝,１勝ｸﾗｽ,4,6,バーデンヴァイラー,牡,3,福永祐一, 54 ,15,1,１, ,ダ1800,良,,(栗),斉藤崇史,1514,-1.4,1,1,1,38.3,506,+8,
,"2021. 7.31",新潟,3新3,新馬,新馬,2,4,ジャスティンヴェル,牡,2,川田将雅, 54 ,18,5,１, 内,芝1200,良,,(栗),安田隆行,1102,-0.9,,1,1,34.8,476,,
,"2021. 7.31",新潟,3新3,新馬,新馬,5,9,ラニュイエトワール,牡,2,川田将雅, 54 ,17,1,１, 外,芝1600,良,,(美),尾形和幸,1355,-0.1,,3,3,34.3,448,,
,"2021. 7.31",新潟,3新3,未勝利,未勝利,4,8,ギブンアンソート,牝,3,福永祐一, 54 ,18,1,１, 内,芝2200,良,,(栗),斉藤崇史,2122,-0.2,7,5,5,35.2,472,-6,
,"2021. 7.31",新潟,3新3,未勝利,未勝利,4,6,ビーマイセルフ,牝,3,三浦皇成, 54 ,15,2,１, ,ダ1800,良,,(美),萱野浩二,1537,-0.0,8,4,4,38.3,436,+2,
,"2021. 7.31",新潟,3新3,未勝利,未勝利,2,3,ヤマニンサンパ,牡,3,藤懸貴志, 56 ,18,5,１, 外,芝1800,良,,(栗),斉藤崇史,1477,-0.1,,3,3,33.4,460,-2,
,"2021. 7.31",新潟,3新3,未勝利,未勝利*,4,7,エトワールジェンヌ,牝,2,戸崎圭太, 54 ,15,4,１, ,ダ1200,良,,(栗),清水久詞,1121,-0.1,,6,6,37.3,478,-14,
,"2021. 7.25",新潟,3新2,1勝,１勝ｸﾗｽ,2,3,ジャミールフエルテ,セ,5,鮫島克駿, 57 ,18,11,１, 外,芝1600,良,,(栗),大久保龍,1326,-0.1,,9,8,34.4,460,0,
,"2021. 7.25",新潟,3新2,Ｇ３,アイビスG3,7,14,オールアットワンス,牝,3,石川裕紀, 51 ,17,1,１, 内,芝1000,良,,(美),中舘英二,0542,-0.1,,,4,32.0,448,+8,
,"2021. 7.25",新潟,3新2,2勝,糸魚川特･2勝,5,6,ランドオブリバティ,牡,3,Ｍ．デム, 54 ,12,1,１, 外,芝1800,良,,(美),鹿戸雄一,1463,-0.1,,2,2,32.9,474,+12,
,"2021. 7.25",新潟,3新2,2勝,苗場特別･2勝,7,13,キンノマサカリ,牡,4,幸英明, 57 ,15,1,１, ,ダ1800,良,,(栗),鈴木孝志,1518,-0.3,3,3,2,37.3,492,+2,
,"2021. 7.25",新潟,3新2,1勝,１勝ｸﾗｽ,4,6,ジューンクエスト,牡,3,藤岡康太, 54 ,15,3,１, ,ダ1200,良,,(栗),今野貞一,1119,-0.0,,9,9,37.0,458,+10,
,"2021. 7.25",新潟,3新2,未勝利,未勝利,7,14,テーオーソロス,牡,3,藤岡康太, 56 ,18,2,１, 内,芝2000,良,,(栗),宮徹,2003,-0.2,13,13,10,34.8,458,-2,
,"2021. 7.25",新潟,3新2,新馬,新馬,6,12,ファンデル,牝,2,中井裕二, 54 ,18,10,１, 内,芝1400,良,,(栗),杉山佳明,1226,-0.1,,7,5,36.2,456,,
,"2021. 7.25",新潟,3新2,新馬,新馬,8,12,レディバランタイン,牝,2,戸崎圭太, 54 ,13,4,１, 外,芝1800,良,,(美),加藤征弘,1484,-0.2,,1,1,33.7,460,,
,"2021. 7.25",新潟,3新2,未勝利,未勝利,5,8,シグネチャーセル,牡,3,松山弘平, 56 ,15,1,１, ,ダ1800,良,,(栗),小崎憲,1524,-1.3,2,2,2,38.7,488,-4,B
,"2021. 7.25",新潟,3新2,未勝利,未勝利,7,15,ジュノー,牡,3,松山弘平, 56 ,18,7,１, 内,芝1400,良,,(栗),音無秀孝,1209,-0.1,,3,3,35.1,524,0,
,"2021. 7.25",新潟,3新2,未勝利,未勝利,6,10,シャマル,牡,3,川須栄彦, 56 ,15,6,１, ,ダ1200,良,,(栗),松下武士,1110,-0.3,,2,2,36.9,524,+4,B
,"2021. 7.25",新潟,3新2,未勝利,未勝利*,1,1,プルパレイ,牡,2,Ｍ．デム, 54 ,9,2,１, 外,芝1600,良,,(栗),須貝尚介,1333,-0.1,,2,1,34.6,486,-2,
,"2021. 7.24",新潟,3新1,1勝,１勝ｸﾗｽ,3,5,スイーツマジック,牝,3,小林脩斗,49▲,18,2,１, 内,芝1000,良,,(美),佐藤吉勝,0546,-0.3,,,3,32.7,466,-12,
,"2021. 7.24",新潟,3新1,3勝,越後ＳＨ･3勝,1,1,クーファピーカブー,牝,5,鮫島克駿, 52 ,14,6,１, ,ダ1200,良,*,(栗),浅見秀一,1109,-0.2,,2,2,36.9,468,-4,
,"2021. 7.24",新潟,3新1,2勝,豊栄特別･2勝,3,6,グレイイングリーン,牡,3,岩田望来, 54 ,17,1,１, 内,芝1400,良,,(栗),池江泰寿,1204,-0.0,,4,4,34.0,488,+6,
,"2021. 7.24",新潟,3新1,2勝,豊栄特別･2勝,4,8,ヴィジュネル,牡,3,藤岡康太, 54 ,17,3,１, 内,芝1400,良,,(栗),渡辺薫彦,1204,-0.0,,9,8,33.6,476,+16,
,"2021. 7.24",新潟,3新1,1勝,燕特別･1勝,3,5,レイオブウォーター,牡,3,福永祐一, 54 ,17,1,１, 内,芝2400,良,*,(栗),友道康夫,2244,-0.2,3,3,3,34.4,494,+2,
,"2021. 7.24",新潟,3新1,1勝,１勝ｸﾗｽ,7,12,ゴールドレガシー,牡,3,松山弘平, 54 ,15,1,１, ,ダ1800,良,,(栗),平田修,1519,-0.6,3,3,2,37.5,476,-8,B
,"2021. 7.24",新潟,3新1,未勝利,未勝利,1,2,シーニックウェイ,牝,3,浜中俊, 54 ,18,4,１, 外,芝1800,良,,(栗),武幸四郎,1452,-0.3,,8,6,34.1,476,+8,
,"2021. 7.24",新潟,3新1,新馬,新馬,7,13,アネゴハダ,牝,2,幸英明, 54 ,15,4,１, ,ダ1200,良,,(栗),佐々木晶,1131,-0.6,,2,2,36.6,436,,
,"2021. 7.24",新潟,3新1,新馬,新馬,2,3,オタルエバー,牡,2,幸英明, 54 ,18,5,１, 外,芝1600,良,,(栗),中竹和也,1346,-0.7,,1,1,33.5,468,,
,"2021. 7.24",新潟,3新1,未勝利,未勝利,7,12,ヒシカムイ,牡,3,角田大和,53▲,15,1,１, ,ダ1800,良,,(栗),角田晃一,1534,-0.1,7,5,2,38.3,460,0,
,"2021. 7.24",新潟,3新1,未勝利,未勝利,8,15,アポログランツ,牡,3,吉田豊, 56 ,15,1,１, ,ダ1200,良,,(美),中舘英二,1120,-0.0,,2,2,37.6,496,+8,
,"2021. 7.24",新潟,3新1,未勝利,未勝利*,8,9,グランシエロ,牡,2,三浦皇成, 54 ,10,1,１, 外,芝1800,良,,(美),武井亮,1480,-0.5,,8,8,33.6,514,+2,
,"2021. 7.24",新潟,3新1,未勝利,未勝利*,7,13,ジャズブルース,牡,2,福永祐一, 54 ,15,6,１, 内,芝1400,良,,(栗),吉村圭司,1208,-0.1,,4,4,35.0,452,+4,
,"2021. 5.23",新潟,2新6,2勝,火打山特･2勝,2,3,パーティナシティ,牡,5,横山和生, 57 ,15,2,１, ,ダ1200,重,,(栗),高橋義忠,1104,-0.1,,2,2,36.3,502,0,
,"2021. 5.23",新潟,2新6,ｵｰﾌﾟﾝ,韋駄天ＳＨ,3,6,タマモメイトウ,牡,5,津村明秀, 53 ,16,14,１, 内,芝1000,稍,,(栗),藤岡健一,0565,-0.0,,,13,33.4,496,0,
,"2021. 5.23",新潟,2新6,1勝,二王子特･1勝,7,12,ウィスパリンホープ,牝,4,横山和生, 55 ,15,2,１, 外,芝1800,稍,*,(栗),昆貢,1491,-0.0,,15,15,34.9,500,+4,
,"2021. 5.23",新潟,2新6,1勝,１勝ｸﾗｽ,4,5,マサノアッレーグラ,牝,6,江田照男, 55 ,14,4,１, 内,芝1400,稍,,(美),辻哲英,1240,-0.1,,3,3,36.5,518,+8,
,"2021. 5.23",新潟,2新6,1勝,１勝ｸﾗｽ,8,13,コスモオリ,牡,4,秋山稔樹,55△,14,1,１, ,ダ1800,重,,(美),高橋祥泰,1523,-0.1,11,4,4,38.8,458,+2,B
,"2021. 5.23",新潟,2新6,1勝,１勝ｸﾗｽ,6,11,サノノクヒオ,牡,4,菅原明良,56☆,15,1,１, ,ダ1200,重,,(美),清水英克,1110,-0.6,,1,1,37.6,506,+4,
,"2021. 5.23",新潟,2新6,未勝利,未勝利,7,14,タイセイコマンド,牡,3,菅原明良,55☆,16,2,１, 内,芝2200,稍,,(美),青木孝文,2194,-0.0,6,4,3,37.4,474,0,B
,"2021. 5.23",新潟,2新6,未勝利,未勝利・若,6,11,コスモノアゼット,牡,3,鮫島克駿, 56 ,15,1,１, ,ダ1800,重,,(美),田中博康,1531,-0.2,2,2,1,39.7,490,-6,
,"2021. 5.23",新潟,2新6,未勝利,障害未勝利,7,12,ムーンレイカー,牡,6,森一馬, 60 ,14,1,１, ,芝2890,稍,,(栗),池添兼雄,3138,-0.2,3,1,1,13.4,486,-10,
,"2021. 5.23",新潟,2新6,未勝利,未勝利・牝,5,7,トーホウエンジェル,牝,3,中井裕二, 54 ,13,2,１, ,ダ1800,重,,(栗),川村禎彦,1549,-0.5,2,2,2,39.1,464,-4,B
,"2021. 5.23",新潟,2新6,未勝利,未勝利,1,1,ケヴィンズクロス,牡,3,菊沢一樹, 56 ,15,6,１, ,ダ1200,重,,(美),菊沢隆徳,1117,-0.4,,1,1,37.8,500,+4,
,"2021. 5.23",新潟,2新6,未勝利,未勝利・牝,2,2,ルヴァンノワール,牝,3,藤田菜七,52◇,15,1,１, 外,芝1800,稍,,(栗),庄野靖志,1504,-0.1,,3,3,37.3,430,0,
,"2021. 5.22",新潟,2新5,1勝,荒川峡特･1勝,8,10,カラミンサ,牝,5,坂井瑠星, 55 ,10,2,１, 内,芝2400,稍,,(栗),吉岡辰弥,2318,-0.1,1,1,1,37.2,498,+4,
,"2021. 5.22",新潟,2新5,2勝,大日岳特･2勝,1,1,ショウナンバニラ,牝,5,菅原明良, 55 ,16,1,１, 内,芝1200,稍,,(美),武市康男,1106,-0.2,,11,10,35.2,442,-4,
,"2021. 5.22",新潟,2新5,1勝,早苗賞･1勝*,8,8,アイコンテーラー,牝,3,亀田温心, 54 ,9,5,１, 外,芝1800,稍,,(栗),河内洋,1493,-0.3,,2,2,37.5,456,0,
,"2021. 5.22",新潟,2新5,3勝,３勝ｸﾗｽ,3,5,トウカイエトワール,牡,4,横山和生, 57 ,15,2,１, ,ダ1200,重,,(栗),安田隆行,1099,-0.2,,2,2,36.5,496,+2,
,"2021. 5.22",新潟,2新5,1勝,１勝ｸﾗｽ,6,12,サクセスハーモニー,牝,4,菅原明良,54☆,16,2,１, 内,芝1000,稍,,(美),久保田貴,0578,-0.5,,,6,34.3,444,-10,
,"2021. 5.22",新潟,2新5,未勝利,未勝利,5,9,ドンナセレーノ,牝,3,横山和生, 54 ,16,3,１, 外,芝1800,稍,,(栗),安田翔伍,1501,-0.2,,1,1,36.2,406,-4,B
,"2021. 5.22",新潟,2新5,未勝利,未勝利・若,4,6,チャイブテソーロ,牝,3,鮫島克駿, 54 ,15,1,１, ,ダ1200,重,,(美),武市康男,1115,-1.2,,2,1,38.2,472,+4,
,"2021. 5.22",新潟,2新5,未勝利,未勝利,7,13,クインズムーン,牝,3,鮫島克駿, 54 ,16,4,１, 内,芝1200,重,,(美),中川公成,1112,-0.2,,9,11,36.2,456,-2,
,"2021. 5.22",新潟,2新5,ｵｰﾌﾟﾝ,障害・オープ,4,5,ホッコーメヴィウス,セ,5,黒岩悠, 60 ,14,5,１, ,芝3290,重,,(栗),清水久詞,3373,-1.9,3,1,1,13.2,456,+6,
,"2021. 5.22",新潟,2新5,未勝利,未勝利・牝,6,11,サイモンルピナス,牝,3,吉田隼人, 54 ,15,1,１, ,ダ1200,重,,(栗),羽月友彦,1119,-0.1,,2,2,38.6,432,+2,B
,"2021. 5.22",新潟,2新5,未勝利,未勝利,3,4,サンライズボルト,牡,3,西村淳也, 56 ,15,5,１, ,ダ1800,重,,(栗),羽月友彦,1536,-0.1,2,2,2,39.0,470,-4,
,"2021. 5.22",新潟,2新5,未勝利,障害未勝利,3,3,サトノファイター,牡,5,黒岩悠, 60 ,14,12,１, ,芝2890,重,,(栗),高橋亮,3132,-0.2,3,1,1,13.4,482,0,
,"2021. 5.16",新潟,2新4,2勝,中ノ岳Ｈ･2勝,2,3,アルーフクライ,セ,7,西村淳也, 56 ,15,1,１, ,ダ1800,稍,,(美),宗像義忠,1521,-0.0,7,2,2,38.8,476,-8,
,"2021. 5.16",新潟,2新4,3勝,弥彦Ｓ･3勝,5,8,ユニコーンライオン,牡,5,菅原明良, 57 ,14,5,１, 外,芝1800,稍,,(栗),矢作芳人,1480,-0.2,,2,2,34.8,532,+4,
,"2021. 5.16",新潟,2新4,1勝,春日山特･1勝,4,4,アイブランコ,牡,4,菱田裕二, 57 ,9,1,１, 外,芝2000,稍,,(美),中野栄治,2024,-0.3,,7,7,34.4,498,0,
,"2021. 5.16",新潟,2新4,1勝,１勝ｸﾗｽ,6,12,トゥールドマジ,牝,4,丹内祐次, 55 ,16,8,１, 内,芝1000,良,,(美),鈴木慎太,0563,-0.2,,,4,33.6,466,+6,
,"2021. 5.16",新潟,2新4,1勝,１勝ｸﾗｽ,5,5,ベイサイドブルー,牡,4,坂井瑠星, 57 ,12,3,１, ,ダ1800,良,,(栗),矢作芳人,1533,-0.2,1,1,1,39.2,552,+14,
,"2021. 5.16",新潟,2新4,1勝,１勝ｸﾗｽ,8,14,ケイアイマリブ,牡,6,小林凌大,54▲,15,6,１, ,ダ1200,良,,(美),和田正一,1120,-0.1,,2,2,37.5,482,-10,B
,"2021. 5.16",新潟,2新4,未勝利,未勝利・若,1,1,イントゥザワールド,牡,3,藤田菜七,54◇,11,4,１, ,ダ1800,良,,(美),高橋文雅,1550,-0.4,9,8,8,38.9,442,+8,
,"2021. 5.16",新潟,2新4,未勝利,障害未勝利,4,4,バイオレントブロー,セ,6,白浜雄造, 60 ,11,2,１, ,芝2890,良,,(栗),佐々木晶,3102,-0.1,2,2,2,13.2,490,+2,
,"2021. 5.16",新潟,2新4,未勝利,障害未勝利,7,8,ジョーカーワイルド,牡,6,上野翔, 60 ,11,10,１, ,芝2890,良,,(美),浅野洋一,3127,-0.0,3,4,3,13.3,524,+8,
,"2021. 5.16",新潟,2新4,未勝利,未勝利・牝,3,4,ベルゼール,牝,3,永島まな,50★,15,2,１, ,ダ1800,良,,(栗),平田修,1558,-0.3,9,11,12,38.6,440,0,
,"2021. 5.16",新潟,2新4,未勝利,未勝利,1,1,ディベルティール,牡,3,秋山稔樹,53▲,15,2,１, ,ダ1200,良,,(美),田島俊明,1126,-0.1,,1,1,37.4,500,+4,
,"2021. 5.16",新潟,2新4,未勝利,未勝利,6,11,サザンナイツ,牡,3,菅原明良,55☆,16,3,１, 外,芝1600,良,,(美),林徹,1346,-0.1,,8,8,34.3,444,-6,
,"2021. 5.15",新潟,2新3,2勝,胎内川特･2勝,3,3,ヤマニンマヒア,牡,5,津村明秀, 57 ,8,4,１, 外,芝1800,良,,(栗),松永幹夫,1485,-0.1,,4,4,33.4,450,-2,
,"2021. 5.15",新潟,2新3,3勝,八海山Ｓ･3勝,6,10,サダムスキャット,牝,4,川須栄彦, 55 ,15,1,１, ,ダ1200,良,,(栗),中尾秀正,1108,-0.3,,4,5,36.7,466,0,
,"2021. 5.15",新潟,2新3,1勝,わらび賞･1勝,4,6,テイエムマジック,牡,3,藤懸貴志, 56 ,15,1,１, ,ダ1800,良,,(栗),鈴木孝志,1534,-0.1,5,3,3,39.5,510,+2,
,"2021. 5.15",新潟,2新3,1勝,１勝ｸﾗｽ,7,10,アグリューム,牝,5,菅原明良,54☆,12,5,１, 外,芝1600,良,,(美),武井亮,1339,-0.0,,5,5,34.2,472,+14,
,"2021. 5.15",新潟,2新3,1勝,１勝ｸﾗｽ・牝,2,2,タニノヨセミテ,牝,4,横山和生, 55 ,10,2,１, 外,芝2000,良,,(栗),四位洋文,2001,-0.1,,3,3,34.8,414,-2,
,"2021. 5.15",新潟,2新3,1勝,１勝ｸﾗｽ・若,2,3,サクセスリボーン,牡,4,亀田温心,56☆,15,1,１, ,ダ1200,良,,(栗),北出成人,1116,-0.1,,2,2,37.4,500,+6,
,"2021. 5.15",新潟,2新3,未勝利,未勝利,7,14,シンシアハート,牝,3,秋山稔樹,51▲,16,3,１, 内,芝1000,良,*,(美),清水英克,0558,-0.6,,,5,33.1,412,0,
,"2021. 5.15",新潟,2新3,未勝利,未勝利,1,1,ネイチャーシップ,牡,3,藤田菜七,54◇,13,3,１, 内,芝2400,良,,(美),根本康広,2285,-0.1,11,6,4,35.9,458,0,
,"2021. 5.15",新潟,2新3,未勝利,未勝利,6,10,レッドロムルス,牡,3,横山和生, 56 ,15,4,１, ,ダ1200,良,,(栗),安田隆行,1125,-0.1,,4,4,37.5,448,-4,B
,"2021. 5.15",新潟,2新3,未勝利,未勝利・牝,8,15,シンシアリダーリン,牝,3,秋山稔樹,51▲,15,1,１, 内,芝2000,良,,(栗),上村洋行,2029,-0.2,9,8,5,36.6,442,+10,
,"2021. 5.15",新潟,2新3,未勝利,未勝利,4,5,セザンテイオー,牡,3,武士沢友, 56 ,14,5,１, ,ダ1800,良,,(美),浅野洋一,1542,-0.0,9,8,7,38.4,480,0,
,"2021. 5.15",新潟,2新3,未勝利,未勝利・牝,8,14,ゴールデンプルーフ,牝,3,吉田隼人, 54 ,15,1,１, ,ダ1200,良,,(栗),羽月友彦,1126,-0.1,,2,2,38.2,474,+6,
,"2021. 5. 9",新潟,2新2,3勝,三条Ｓ･3勝,7,13,リネンファッション,牝,4,秋山真一, 55 ,15,1,１, ,ダ1800,良,,(栗),坂口智康,1532,-0.2,2,2,2,38.4,450,+2,
,"2021. 5. 9",新潟,2新2,Ｇ３,新潟大賞ＨG3,2,2,サンレイポケット,牡,6,鮫島克駿, 55 ,14,3,１, 外,芝2000,良,,(栗),高橋義忠,1593,-0.0,,11,10,36.5,472,-8,
,"2021. 5. 9",新潟,2新2,2勝,邁進特別･2勝,7,12,オルダージュ,牡,5,菅原明良, 57 ,15,2,１, 内,芝1000,良,*,(美),青木孝文,0561,-0.0,,,5,33.5,492,+8,B
,"2021. 5. 9",新潟,2新2,1勝,１勝ｸﾗｽ,5,7,ブラックデビル,セ,6,小林凌大,54▲,14,8,１, 外,芝1800,良,,(美),中野栄治,1481,-0.2,,9,10,36.5,470,-4,
,"2021. 5. 9",新潟,2新2,1勝,１勝ｸﾗｽ・牝,8,15,マリスドランジュ,牝,4,鮫島克駿, 55 ,15,7,１, ,ダ1200,良,,(栗),宮本博,1125,-0.0,,5,5,38.3,446,-2,
,"2021. 5. 9",新潟,2新2,1勝,１勝ｸﾗｽ,6,12,サトノジヴェルニー,牡,4,坂井瑠星, 57 ,16,1,１, 内,芝1200,良,,(栗),音無秀孝,1107,-0.6,,3,3,36.0,458,+6,
,"2021. 5. 9",新潟,2新2,1勝,１勝ｸﾗｽ,5,9,レッドレビン,牡,4,横山典弘, 57 ,15,1,１, ,ダ1800,良,,(栗),昆貢,1532,-0.2,11,2,2,38.1,512,+2,B
,"2021. 5. 9",新潟,2新2,未勝利,未勝利,6,7,アイコンテーラー,牝,3,亀田温心,53☆,12,9,１, 内,芝2000,良,,(栗),河内洋,2046,-0.3,4,5,5,37.2,456,-12,
,"2021. 5. 9",新潟,2新2,未勝利,障害未勝利,4,5,タイセイソニック,牡,6,蓑島靖典, 60 ,13,1,１, ,芝2890,良,,(美),高橋裕,3122,-0.0,1,1,1,13.3,472,-2,
,"2021. 5. 9",新潟,2新2,未勝利,未勝利,4,6,タイセイマーベル,牡,3,吉田隼人, 56 ,14,2,１, ,ダ1800,良,,(美),池上昌和,1559,-0.0,2,1,1,40.5,482,0,
,"2021. 5. 9",新潟,2新2,未勝利,未勝利,8,14,ワイドモーゼ,牡,3,秋山稔樹,53▲,14,3,１, ,ダ1800,良,,(美),武井亮,1559,-0.0,8,2,2,40.3,484,+4,
,"2021. 5. 9",新潟,2新2,未勝利,未勝利,3,6,リスカム,セ,3,横山典弘, 56 ,16,2,１, 内,芝1400,良,,(栗),昆貢,1243,-0.2,,4,4,37.5,472,+2,
,"2021. 5. 9",新潟,2新2,未勝利,未勝利・牝,6,10,レスプロンディール,牝,3,小林凌大,51▲,15,1,１, ,ダ1800,良,,(栗),西園正都,1551,-0.2,1,1,1,40.9,462,0,
,"2021. 5. 8",新潟,2新1,2勝,五泉特別･2勝,5,7,リーピングリーズン,牝,5,坂井瑠星, 55 ,13,6,１, ,ダ1800,良,,(栗),吉岡辰弥,1522,-0.1,6,5,4,37.7,506,+2,
,"2021. 5. 8",新潟,2新1,OP(L),谷川岳Ｓ(L),2,2,シュリ,牡,5,秋山真一, 57 ,9,1,１, 外,芝1600,良,,(栗),池江泰寿,1339,-0.1,,1,1,34.6,514,0,
,"2021. 5. 8",新潟,2新1,1勝,はやぶさ･1勝,8,15,キモンブラウン,牝,3,嶋田純次, 54 ,16,1,１, 内,芝1000,良,,(美),手塚貴久,0558,-0.1,,,5,33.2,450,-8,
,"2021. 5. 8",新潟,2新1,1勝,１勝ｸﾗｽ,4,7,ジャックオレンジ,セ,4,藤井勘一, 57 ,15,11,１, ,ダ1200,良,,(美),武井亮,1114,-0.2,,3,3,37.1,486,+6,B
,"2021. 5. 8",新潟,2新1,1勝,１勝ｸﾗｽ,6,7,ウシュバテソーロ,牡,4,鮫島克駿, 57 ,11,1,１, 内,芝2200,良,,(美),高木登,2158,-0.5,9,6,4,37.5,520,+2,
,"2021. 5. 8",新潟,2新1,1勝,１勝ｸﾗｽ・牝,3,3,アドマイヤメティス,牝,4,吉田隼人, 55 ,9,1,１, ,ダ1800,良,,(栗),須貝尚介,1539,-0.6,1,1,1,38.4,410,0,
,"2021. 5. 8",新潟,2新1,未勝利,未勝利・若,1,1,キトゥンズマーチ,牝,3,坂井瑠星, 54 ,16,7,１, 外,芝1800,良,,(栗),吉岡辰弥,1493,-0.1,,2,2,34.9,456,0,
,"2021. 5. 8",新潟,2新1,未勝利,未勝利,5,10,アンセーニュ,牝,3,坂井瑠星, 54 ,16,3,１, 内,芝1200,良,,(栗),奥村豊,1108,-0.4,,8,7,35.9,414,+2,
,"2021. 5. 8",新潟,2新1,未勝利,障害未勝利,4,5,アーバンキッド,セ,8,蓑島靖典, 60 ,13,4,１, ,芝2890,良,,(美),武井亮,3123,-0.4,5,3,2,13.3,478,-2,
,"2021. 5. 8",新潟,2新1,未勝利,未勝利,7,13,タツリュウオー,牝,3,亀田温心,53☆,15,6,１, ,ダ1200,良,,(栗),加用正,1122,-0.2,,2,2,37.4,436,+2,
,"2021. 5. 8",新潟,2新1,未勝利,未勝利,4,6,コスモコラッジョ,牡,3,丹内祐次, 56 ,15,3,１, ,ダ1800,良,,(美),堀井雅広,1539,-0.5,1,1,1,39.7,478,-4,
,"2021. 5. 8",新潟,2新1,ｵｰﾌﾟﾝ,障害・オープ,5,8,サーブルオール,牡,8,五十嵐雄, 60 ,14,6,１, ,芝2890,良,*,(美),萩原清,3095,-0.0,1,1,1,13.1,492,+2,
,"2021. 5. 2",新潟,1新8,2勝,魚野川特･2勝,2,2,スーパーフェザー,セ,6,西村淳也, 57 ,10,2,１, 外,芝2000,重,,(栗),渡辺薫彦,2039,-0.1,,3,3,37.9,482,+6,
,"2021. 5. 2",新潟,1新8,ｵｰﾌﾟﾝ,吾妻小富Ｈ,5,8,サトノギャロス,牡,5,津村明秀, 55 ,15,1,１, ,ダ1800,不,,(栗),西園正都,1496,-0.1,12,10,5,36.0,528,-2,
,"2021. 5. 2",新潟,1新8,1勝,しゃくな･1勝,7,14,ドナウエレン,牝,3,斎藤新, 54 ,16,2,１, 内,芝1200,重,,(栗),高野友和,1120,-0.5,,4,4,37.1,470,+6,B
,"2021. 5. 2",新潟,1新8,1勝,１勝ｸﾗｽ,7,12,タピオカ,牝,4,丹内祐次, 55 ,15,2,１, 内,芝1000,重,*,(美),牧光二,0565,-1.0,,,1,33.9,510,+4,
,"2021. 5. 2",新潟,1新8,1勝,１勝ｸﾗｽ,1,1,プロース,牡,5,吉田隼人, 57 ,10,4,１, ,ダ1800,不,,(美),菊川正達,1521,-0.1,1,1,1,38.5,508,-2,B
,"2021. 5. 2",新潟,1新8,1勝,１勝ｸﾗｽ・牝,5,5,サイレントスウープ,牝,4,斎藤新,54☆,11,2,１, 外,芝1800,重,,(栗),安田翔伍,1504,-0.8,,3,3,37.0,464,+2,B
,"2021. 5. 2",新潟,1新8,未勝利,未勝利・若,5,9,サンライズシトラス,牡,3,斎藤新,55☆,15,1,１, ,ダ1800,不,,(栗),羽月友彦,1535,-0.6,2,2,2,38.0,478,+6,
,"2021. 5. 2",新潟,1新8,未勝利,未勝利,6,6,チュウワエンジェル,牝,3,吉田隼人, 54 ,11,3,１, 内,芝2400,重,,(栗),大久保龍,2357,-0.1,1,1,1,37.8,486,-4,
,"2021. 5. 2",新潟,1新8,未勝利,未勝利・牝,4,7,グリモリオ,牝,3,菊沢一樹, 54 ,15,4,１, ,ダ1200,不,,(美),菊沢隆徳,1116,-0.1,,4,3,37.5,492,-2,
,"2021. 5. 2",新潟,1新8,未勝利,未勝利,4,7,シュルレアリスト,牡,3,津村明秀, 56 ,15,2,１, ,ダ1800,不,,(栗),清水久詞,1532,-0.3,1,1,1,39.2,434,-2,
,"2021. 5. 2",新潟,1新8,未勝利,未勝利,1,1,サウンドウイッシュ,牡,3,吉田隼人, 56 ,15,1,１, ,ダ1200,不,,(栗),安達昭夫,1123,-0.0,,3,3,38.7,490,-2,
,"2021. 5. 2",新潟,1新8,未勝利,未勝利・牝,5,9,スクウェアセイル,牝,3,吉田隼人, 54 ,15,3,１, ,ダ1800,不,,(栗),坂口智康,1537,-0.7,1,1,1,39.7,450,+2,
,"2021. 5. 1",新潟,1新7,2勝,咲花特別･2勝,8,12,ゴールドパラディン,牡,4,西村淳也, 57 ,13,2,１, ,ダ1800,稍,,(栗),吉岡辰弥,1510,-0.1,1,1,1,37.0,426,-6,
,"2021. 5. 1",新潟,1新7,3勝,バーデン･3勝,7,13,マイネルアルケミー,牡,5,黛弘人, 57 ,16,5,１, 内,芝1200,稍,,(美),中野栄治,1100,-0.1,,8,6,35.4,480,+4,
,"2021. 5. 1",新潟,1新7,1勝,姫川特別･1勝,3,3,ディアセオリー,牡,4,西村淳也, 57 ,8,2,１, 外,芝2000,稍,,(美),高木登,2011,-0.0,,4,4,35.9,492,-4,
,"2021. 5. 1",新潟,1新7,1勝,１勝ｸﾗｽ,8,11,ララクリュサオル,牡,5,中井裕二, 57 ,11,1,１, ,ダ1200,稍,,(栗),辻野泰之,1105,-0.8,,3,3,35.9,506,0,
,"2021. 5. 1",新潟,1新7,1勝,１勝ｸﾗｽ,6,12,ネバーゴーンアウト,セ,4,永島まな,53★,16,11,１, 内,芝1400,稍,,(美),鹿戸雄一,1229,-0.3,,6,5,35.6,482,-18,
,"2021. 5. 1",新潟,1新7,1勝,１勝ｸﾗｽ,5,5,レッドエランドール,牡,4,西村淳也, 57 ,10,1,１, ,ダ1800,重,,(栗),田中克典,1518,-0.6,1,1,1,37.2,506,-4,B
,"2021. 5. 1",新潟,1新7,未勝利,未勝利,7,13,イクスプロージョン,牡,3,西村淳也, 56 ,16,1,１, 内,芝2000,稍,,(栗),杉山晴紀,2041,-0.1,4,4,4,35.5,466,-4,
,"2021. 5. 1",新潟,1新7,未勝利,未勝利・若,3,5,ラナチャンス,牡,3,菅原明良,55☆,15,2,１, ,ダ1200,重,,(美),高木登,1122,-0.1,,1,1,37.5,474,-2,
,"2021. 5. 1",新潟,1新7,未勝利,未勝利,1,1,フミロア,牝,3,鮫島克駿, 54 ,16,1,１, 内,芝1200,稍,,(美),黒岩陽一,1104,-0.4,,1,1,35.4,438,+4,
,"2021. 5. 1",新潟,1新7,未勝利,未勝利,8,15,ヴォーグマチネ,牡,3,津村明秀, 56 ,15,11,１, ,ダ1800,重,,(美),牧光二,1533,-0.2,3,2,2,38.9,476,0,B
,"2021. 5. 1",新潟,1新7,未勝利,未勝利,3,5,ワンダースキル,牡,3,泉谷楓真,54△,15,5,１, ,ダ1200,重,,(栗),斉藤崇史,1120,-0.0,,1,1,36.9,442,+4,
,"2021. 5. 1",新潟,1新7,未勝利,未勝利・牝,1,1,スマートパルフェ,牝,3,西村淳也, 54 ,15,6,１, ,ダ1800,重,,(栗),小林真也,1525,-1.1,1,1,1,38.3,430,-4,
,"2021. 4.25",新潟,1新6,1勝,尖閣湾特･1勝,5,8,ヤマニンマヒア,牡,5,角田大和, 57 ,14,3,１, 外,芝1800,良,,(栗),松永幹夫,1484,-0.3,,6,6,33.4,452,-4,
,"2021. 4.25",新潟,1新6,2勝,福島放Ｈ･2勝,7,14,ロジーナ,牝,4,菅原明良, 53 ,16,1,１, 内,芝1200,良,,(栗),佐々木晶,1096,-0.2,,6,6,34.7,454,+4,
,"2021. 4.25",新潟,1新6,1勝,雨飾山特･1勝,3,5,ベスビアナイト,セ,4,菅原明良, 57 ,16,1,１, 内,芝2400,良,,(美),国枝栄,2294,-0.0,8,9,7,35.0,488,-2,
,"2021. 4.25",新潟,1新6,1勝,１勝ｸﾗｽ,3,3,グラスデスティーノ,牡,4,津村明秀, 57 ,8,1,１, ,ダ1800,良,,(美),牧光二,1534,-0.6,2,2,1,37.2,484,+4,B
,"2021. 4.25",新潟,1新6,1勝,１勝ｸﾗｽ,4,6,ペイシャリルキス,セ,5,武士沢友, 57 ,15,4,１, ,ダ1200,良,*,(美),本間忍,1118,-0.3,,13,11,36.1,484,0,
,"2021. 4.25",新潟,1新6,1勝,１勝ｸﾗｽ・牝,8,13,スパニッシュアート,牝,4,菊沢一樹, 55 ,13,2,１, ,ダ1800,良,,(美),戸田博文,1542,-0.0,9,8,8,39.0,422,-2,
,"2021. 4.25",新潟,1新6,未勝利,未勝利,2,2,スターオブスパーダ,牡,3,城戸義政, 56 ,15,1,１, ,ダ1200,良,,(栗),荒川義之,1131,-0.0,,1,1,37.7,428,+8,
,"2021. 4.25",新潟,1新6,未勝利,未勝利・若,2,2,ハイラブハンター,牡,3,西谷凜,53▲,13,3,１, ,ダ1800,良,,(栗),谷潔,1542,-0.1,3,2,2,38.9,484,-6,
,"2021. 4.25",新潟,1新6,未勝利,未勝利・牝,6,12,サンタグラシア,牝,3,藤田菜七,52◇,16,4,１, 内,芝2000,良,,(美),鹿戸雄一,2028,-0.2,6,7,4,35.7,410,-2,
,"2021. 4.25",新潟,1新6,未勝利,未勝利,5,9,シュルードアイズ,牡,3,津村明秀, 56 ,15,1,１, ,ダ1800,良,,(美),牧光二,1540,-0.6,8,2,2,38.9,502,+2,
,"2021. 4.25",新潟,1新6,未勝利,未勝利・牝,7,12,パロットビーク,牝,3,角田大和,51▲,15,3,１, ,ダ1200,良,,(栗),松永幹夫,1127,-0.2,,2,2,38.5,462,0,
,"2021. 4.25",新潟,1新6,未勝利,未勝利,3,3,テーオーシリウス,牡,3,泉谷楓真,54△,14,2,１, ,ダ1800,良,,(栗),奥村豊,1546,-0.4,4,4,4,39.6,486,+10,
,"2021. 4.24",新潟,1新5,2勝,白馬岳特･2勝,2,2,ワンダーマンボ,牝,5,横山和生, 55 ,15,6,１, ,ダ1800,良,,(美),久保田貴,1521,-0.6,12,2,2,37.8,474,+4,
,"2021. 4.24",新潟,1新5,Ｇ３,福島牝馬G3,6,11,ディアンドル,牝,5,団野大成, 55 ,16,7,１, 外,芝1800,良,,(栗),奥村豊,1469,-0.0,,1,1,34.2,502,+4,
,"2021. 4.24",新潟,1新5,1勝,栃尾特別･1勝,1,2,ディヴィナシオン,牡,4,川田将雅, 57 ,16,1,１, 内,芝1200,良,,(栗),森秀行,1094,-0.2,,8,9,34.0,450,-2,
,"2021. 4.24",新潟,1新5,1勝,１勝ｸﾗｽ,3,3,トラモント,牡,4,川田将雅, 57 ,9,1,１, ,ダ1800,良,,(美),新開幸一,1532,-0.2,5,5,3,35.9,530,+10,B
,"2021. 4.24",新潟,1新5,1勝,１勝ｸﾗｽ・牝,8,13,クリノクノイチ,牝,6,森裕太朗, 55 ,14,1,１, ,ダ1200,良,,(栗),中尾秀正,1125,-0.2,,8,8,37.1,466,+2,
,"2021. 4.24",新潟,1新5,未勝利,未勝利,7,14,ジューンロールオン,牡,3,富田暁,55☆,16,7,１, 外,芝1800,良,,(栗),武英智,1480,-0.5,,11,11,34.0,464,,
,"2021. 4.24",新潟,1新5,未勝利,未勝利,1,1,マヒオレ,牡,3,吉田隼人, 56 ,15,2,１, ,ダ1200,良,,(栗),坂口智康,1122,-0.6,,2,2,36.9,478,-8,
,"2021. 4.24",新潟,1新5,未勝利,未勝利,5,9,ステラダイヤ,牝,3,吉田隼人, 54 ,16,1,１, 内,芝1200,良,,(美),高柳瑞樹,1099,-0.0,,1,1,36.2,484,0,
,"2021. 4.24",新潟,1新5,未勝利,未勝利・牝,8,15,ハイボールコパ,牝,3,泉谷楓真,52△,15,3,１, ,ダ1800,良,,(栗),渡辺薫彦,1554,-0.3,10,7,7,38.0,444,-6,
,"2021. 4.24",新潟,1新5,未勝利,未勝利,3,4,マルティウス,牡,3,坂井瑠星, 56 ,15,8,１, ,ダ1200,良,,(美),鈴木伸尋,1126,-0.7,,1,1,36.9,450,-6,
,"2021. 4.24",新潟,1新5,未勝利,未勝利,3,3,シーニッククルーズ,牡,3,吉田隼人, 56 ,14,2,１, ,ダ1800,良,,(栗),武幸四郎,1542,-0.3,1,1,1,38.1,496,0,
,"2021. 4.24",新潟,1新5,未勝利,未勝利・牝,5,9,エンピレオ,牝,3,吉田隼人, 54 ,15,4,１, ,ダ1200,良,,(美),菊沢隆徳,1123,-0.7,,1,1,38.1,450,-12,
,"2021. 4.18",新潟,1新4,2勝,角田浜特･2勝,3,4,シンシティ,牝,4,田中健, 55 ,15,1,１, ,ダ1200,不,,(栗),木原一良,1105,-0.4,,1,1,37.6,466,+2,
,"2021. 4.18",新潟,1新4,OP(L),福島民Ｈ(L),1,1,マイネルウィルトス,牡,5,丹内祐次, 54 ,16,5,１, 外,芝2000,不,,(栗),宮徹,2037,-1.8,,4,4,39.3,476,+2,
,"2021. 4.18",新潟,1新4,2勝,奥の細道･2勝,3,3,ワンダーコノシュア,牡,5,坂井瑠星, 57 ,10,9,１, 内,芝2400,不,,(美),斎藤誠,2348,-0.7,1,1,1,39.8,500,0,
,"2021. 4.18",新潟,1新4,1勝,１勝ｸﾗｽ,5,7,ショウナンアニメ,牡,4,鮫島克駿, 57 ,14,2,１, ,ダ1200,不,,(栗),吉村圭司,1110,-0.0,,2,2,37.9,492,+12,
,"2021. 4.18",新潟,1新4,1勝,１勝ｸﾗｽ,7,10,サンロックランド,牡,4,横山和生, 57 ,12,6,１, ,ダ2500,不,*,(美),小野次郎,2419,-0.5,9,2,2,39.5,510,0,
,"2021. 4.18",新潟,1新4,1勝,１勝ｸﾗｽ・牝,5,9,アヴァニイ,牝,4,永野猛蔵,52▲,15,5,１, ,ダ1800,不,,(美),加藤征弘,1545,-0.0,6,6,6,39.0,502,+2,
,"2021. 4.18",新潟,1新4,未勝利,未勝利,5,10,サンライズシューズ,牝,3,西村淳也, 54 ,16,7,１, 内,芝1400,重,,(栗),牧浦充徳,1254,-0.2,,2,2,37.8,458,,
,"2021. 4.18",新潟,1新4,未勝利,未勝利・若,2,2,スマートルシーダ,牡,3,泉谷楓真,54△,15,6,１, ,ダ1800,不,,(栗),音無秀孝,1547,-0.3,8,8,8,38.9,482,-6,
,"2021. 4.18",新潟,1新4,未勝利,未勝利・牝,3,4,セレンゲティ,牝,3,菅原明良,53☆,15,2,１, ,ダ1200,不,,(美),萩原清,1120,-0.0,,7,7,37.5,446,-4,
,"2021. 4.18",新潟,1新4,未勝利,未勝利,5,8,ウォーロード,牡,3,秋山稔樹,53▲,15,7,１, ,ダ1800,不,,(美),和田勇介,1541,-0.1,2,2,2,39.4,478,-4,
,"2021. 4.18",新潟,1新4,未勝利,未勝利,2,3,サトノアポロン,牡,3,藤田菜七,54◇,15,1,１, ,ダ1200,不,,(栗),安田隆行,1120,-0.2,,6,6,38.2,492,+4,
,"2021. 4.18",新潟,1新4,未勝利,未勝利・牝,4,6,アリエノール,牝,3,鮫島克駿, 54 ,15,3,１, ,ダ1800,不,,(美),斎藤誠,1532,-0.8,2,2,2,36.5,426,-4,
,"2021. 4.17",新潟,1新3,1勝,三国特別･1勝,8,15,アトリビュート,牝,4,西村淳也, 55 ,16,1,１, 外,芝1600,重,,(栗),高野友和,1364,-0.0,,2,2,35.0,440,-4,
,"2021. 4.17",新潟,1新3,2勝,ラジオ福･2勝,7,13,マテンロウスパーク,牡,4,横山和生, 57 ,15,2,１, ,ダ1800,重,,(栗),昆貢,1509,-0.2,5,4,4,36.2,510,+6,
,"2021. 4.17",新潟,1新3,1勝,雪うさぎ･1勝,2,3,レイハリア,牝,3,亀田温心, 54 ,15,6,１, 内,芝1200,重,,(美),田島俊明,1106,-0.2,,2,2,35.7,444,0,
,"2021. 4.17",新潟,1新3,1勝,１勝ｸﾗｽ,4,4,タガノキングロード,牡,4,横山和生, 57 ,9,1,１, ,ダ1800,重,,(栗),五十嵐忠,1523,-0.1,1,1,1,37.0,482,-4,
,"2021. 4.17",新潟,1新3,1勝,１勝ｸﾗｽ・牝,4,7,サウンドワイズ,牝,4,亀田温心,54☆,15,1,１, ,ダ1200,重,,(栗),高柳大輔,1111,-0.1,,2,2,35.9,486,+6,
,"2021. 4.17",新潟,1新3,1勝,１勝ｸﾗｽ・若,8,11,クラウンデザイアー,牡,4,古川奈穂,53★,12,3,１, ,ダ1800,稍,,(栗),中竹和也,1531,-0.2,2,2,1,38.4,482,+2,
,"2021. 4.17",新潟,1新3,未勝利,未勝利,4,7,セイウンゴールド,牡,3,勝浦正樹, 56 ,16,2,１, 内,芝2000,稍,,(美),上原博之,2028,-0.1,4,3,3,37.1,470,-12,
,"2021. 4.17",新潟,1新3,未勝利,未勝利,6,11,エイシンリヒト,牡,3,西村淳也, 56 ,15,6,１, ,ダ1800,稍,,(栗),今野貞一,1528,-1.2,1,1,1,39.0,454,+4,
,"2021. 4.17",新潟,1新3,未勝利,未勝利・牝,3,4,レコレータ,牝,3,津村明秀, 54 ,15,2,１, ,ダ1200,稍,,(美),中舘英二,1123,-0.0,,7,7,37.2,474,-4,
,"2021. 4.17",新潟,1新3,未勝利,未勝利,3,4,リオンドール,牡,3,横山和生, 56 ,15,5,１, ,ダ2500,稍,,(美),田村康仁,2454,-0.7,12,1,1,37.6,516,-2,B
,"2021. 4.17",新潟,1新3,未勝利,未勝利,4,7,セイレーン,牝,3,泉谷楓真,52△,15,8,１, ,ダ1200,稍,,(栗),佐々木晶,1126,-0.0,,5,3,37.9,404,+4,
,"2021. 4.17",新潟,1新3,未勝利,未勝利・牝,5,8,ゴールドジャーニー,牝,3,川又賢治, 54 ,15,5,１, ,ダ1800,稍,,(栗),平田修,1576,-0.0,2,2,2,39.6,450,-6,B
,"2021. 4.11",新潟,1新2,2勝,直江津特･2勝,8,12,ジョニーズララバイ,牡,5,菅原明良, 57 ,12,3,１, 内,芝1200,良,,(栗),音無秀孝,1094,-0.0,,4,4,34.6,462,-4,
,"2021. 4.11",新潟,1新2,3勝,やまびＨ･3勝,5,8,スナークスター,セ,5,服部寿希, 56 ,15,12,１, ,ダ1200,良,,(栗),川村禎彦,1111,-0.0,,5,5,35.7,460,-4,
,"2021. 4.11",新潟,1新2,1勝,石打特別･1勝,3,5,トゥルーヴィル,牡,4,亀田温心, 57 ,15,4,１, 外,芝2000,良,,(栗),斉藤崇史,2018,-0.0,,6,6,33.0,460,+4,
,"2021. 4.11",新潟,1新2,1勝,１勝ｸﾗｽ,6,6,メイショウシャガ,牡,4,小沢大仁,54▲,10,2,１, ,ダ1800,良,,(栗),池添兼雄,1538,-0.0,9,7,6,37.9,510,+8,
,"2021. 4.11",新潟,1新2,1勝,１勝ｸﾗｽ・若,4,6,ヘルメット,牝,5,西村淳也, 55 ,15,5,１, ,ダ1200,良,,(栗),岡田稲男,1121,-0.4,,2,2,37.0,522,0,B
,"2021. 4.11",新潟,1新2,1勝,１勝ｸﾗｽ・牝,6,7,ユースフルラヴ,牝,4,津村明秀, 55 ,11,1,１, ,ダ1800,良,,(美),田中博康,1546,-0.4,8,4,4,37.6,432,-2,
,"2021. 4.11",新潟,1新2,未勝利,未勝利,1,1,ミツルハピネス,牝,3,泉谷楓真,52△,16,1,１, 外,芝1800,良,,(栗),南井克巳,1473,-0.9,,8,8,34.0,496,+4,
,"2021. 4.11",新潟,1新2,未勝利,未勝利,6,10,ファントムルージュ,牝,3,菅原明良,53☆,15,5,１, ,ダ1200,良,,(美),萩原清,1129,-0.0,,5,5,37.5,446,-2,
,"2021. 4.11",新潟,1新2,未勝利,未勝利,5,9,コンテナジュニア,牡,3,西村淳也, 56 ,15,1,１, ,ダ1800,良,,(栗),牧浦充徳,1547,-0.5,2,2,2,38.7,518,-2,
,"2021. 4.11",新潟,1新2,未勝利,未勝利,8,15,イディオム,牡,3,津村明秀, 56 ,15,3,１, ,ダ1200,良,,(美),斎藤誠,1123,-0.0,,2,2,37.2,482,+4,
,"2021. 4.11",新潟,1新2,未勝利,未勝利,5,6,テーオーアングル,牡,3,泉谷楓真,54△,13,1,１, ,ダ1800,良,,(栗),宮徹,1547,-0.2,2,2,2,39.1,476,-6,
,"2021. 4.11",新潟,1新2,未勝利,未勝利・牝,5,8,テーオーエルサ,牝,3,川須栄彦, 54 ,15,5,１, ,ダ1200,良,,(栗),梅田智之,1124,-0.3,,3,2,37.9,464,-6,
,"2021. 4.10",新潟,1新1,1勝,平ヶ岳特･1勝,1,1,メイショウゲンセン,牝,4,吉田隼人, 55 ,16,1,１, 内,芝1200,良,,(栗),武幸四郎,1090,-0.6,,1,1,34.4,426,+6,
,"2021. 4.10",新潟,1新1,2勝,福島中央･2勝,3,4,ヴィアメント,セ,4,菅原明良, 57 ,14,5,１, ,ダ1800,良,,(美),鹿戸雄一,1524,-0.1,11,12,13,36.7,478,-16,B
,"2021. 4.10",新潟,1新1,1勝,ひめさゆ･1勝,6,6,ヴェローチェオロ,牡,3,西村淳也, 56 ,7,1,１, 外,芝2000,良,,(栗),須貝尚介,1595,-0.0,,5,3,34.1,464,-2,
,"2021. 4.10",新潟,1新1,1勝,１勝ｸﾗｽ,6,11,バーンパッション,牡,4,津村明秀, 57 ,15,10,１, ,ダ1200,良,,(美),中川公成,1125,-0.7,,8,8,37.4,480,+4,
,"2021. 4.10",新潟,1新1,1勝,１勝ｸﾗｽ,4,4,フィアレスハート,牡,4,吉田隼人, 57 ,13,4,１, ,ダ1800,良,,(美),小手川準,1523,-0.6,2,2,2,38.9,510,0,
,"2021. 4.10",新潟,1新1,1勝,１勝ｸﾗｽ・牝,3,4,オパールシャルム,牝,4,藤田菜七,53◇,15,2,１, ,ダ1200,良,,(美),武藤善則,1124,-0.2,,1,1,38.2,474,+10,
,"2021. 4.10",新潟,1新1,未勝利,未勝利・若,3,4,ピクシーカット,牝,3,藤田菜七,52◇,14,6,１, ,ダ1800,良,,(美),黒岩陽一,1559,-0.1,13,10,10,38.3,470,+8,
,"2021. 4.10",新潟,1新1,未勝利,未勝利,7,13,プラチナムレイアー,牡,3,鮫島克駿, 56 ,16,2,１, 内,芝1200,良,,(栗),吉岡辰弥,1098,-0.2,,1,1,34.9,482,0,
,"2021. 4.10",新潟,1新1,未勝利,未勝利・牝,4,5,レディアリエス,牝,3,鮫島克駿, 54 ,14,1,１, ,ダ1800,良,,(栗),橋口慎介,1564,-0.1,5,4,4,40.0,476,+6,
,"2021. 4.10",新潟,1新1,未勝利,未勝利,8,15,バルネージュ,セ,3,津村明秀, 56 ,15,6,１, ,ダ1200,良,,(美),牧光二,1124,-0.6,,2,2,37.5,506,-6,B
,"2021. 4.10",新潟,1新1,未勝利,未勝利,4,7,プラウドルック,牝,3,鮫島克駿, 54 ,15,1,１, ,ダ1800,良,,(栗),斉藤崇史,1555,-0.0,3,3,3,39.5,444,+4,
,"2021. 4.10",新潟,1新1,未勝利,未勝利・牝,5,9,テオドラ,牝,3,亀田温心,53☆,15,4,１, ,ダ1200,良,,(栗),北出成人,1129,-0.2,,4,4,37.4,466,+10,B
,2020.10.25,新潟,4新6,2勝,鳥屋野Ｈ･2勝,5,8,ベルダーイメル,牡,3,吉田隼人, 55 ,15,1,１, ,ダ1800,重,,(栗),本田優,1508,-0.4,2,2,2,36.6,454,+6,
,2020.10.25,新潟,4新6,OP(L),ルミエー(L),8,18,ヒロイックアゲン,牝,6,荻野極, 54 ,18,2,１, 内,芝1000,重,,(美),加藤和宏,0557,-0.3,,,1,33.6,494,-2,
,2020.10.25,新潟,4新6,1勝,岩船特別･1勝,6,6,アルセスト,牡,3,西村淳也, 54 ,9,3,１, 内,芝2200,重,,(栗),清水久詞,2180,-0.6,1,1,1,36.2,474,-4,
,2020.10.25,新潟,4新6,1勝,１勝ｸﾗｽ,4,4,シンゼンマックス,牡,4,菅原明良,56☆,9,1,１, ,ダ1200,重,,(栗),飯田祐史,1112,-0.0,,2,2,37.5,486,-4,
,2020.10.25,新潟,4新6,1勝,１勝ｸﾗｽ,7,10,モズナガレボシ,牡,3,菅原明良,54☆,12,8,１, 外,芝1800,重,,(栗),荒川義之,1490,-0.2,,9,8,36.1,492,0,
,2020.10.25,新潟,4新6,1勝,１勝ｸﾗｽ・若,2,2,キョウエイパラスト,牡,3,横山武史, 55 ,10,2,１, ,ダ1800,重,,(美),中川公成,1521,-0.1,3,3,3,37.3,510,+10,
,2020.10.25,新潟,4新6,1勝,１勝ｸﾗｽ,7,9,ケイアイピハ,牡,3,菱田裕二, 55 ,11,5,１, ,ダ1200,重,,(美),池上昌和,1108,-0.1,,2,2,36.7,444,+4,
,2020.10.25,新潟,4新6,新馬,新馬・牝,2,3,エコロデイジー,牝,2,高倉稜, 54 ,18,7,１, 外,芝1600,重,*,(栗),牧浦充徳,1398,-0.0,,6,4,35.9,476,,
,2020.10.25,新潟,4新6,未勝利,障害未勝利,3,3,ナンヨーイザヨイ,牡,4,西谷誠, 60 ,14,5,１, ,芝2850,重,,(栗),松永幹夫,3077,-1.0,1,1,1,13.2,478,+8,
,2020.10.25,新潟,4新6,1勝,１勝ｸﾗｽ・牝,1,1,クォリティタイム,牝,3,荻野極, 53 ,9,2,１, ,ダ1800,不,,(栗),高橋義忠,1528,-0.5,3,2,2,38.1,476,+8,
,2020.10.25,新潟,4新6,未勝利,未勝利*,2,2,オリンピックデイ,牡,2,吉田隼人, 55 ,9,1,１, ,ダ1200,不,,(栗),西村真幸,1125,-0.3,,3,3,38.3,484,-2,
,2020.10.25,新潟,4新6,未勝利,未勝利*,6,9,ダブルスナッチ,牝,2,横山武史, 54 ,13,1,１, 内,芝1400,重,,(美),宗像義忠,1242,-0.3,,7,6,37.3,406,+4,
,2020.10.24,新潟,4新5,2勝,柏崎特別･2勝,1,1,ウインレフィナード,牡,4,丸山元気, 57 ,11,3,１, 外,芝1600,重,,(美),畠山吉宏,1376,-0.1,,11,11,35.6,454,+4,
,2020.10.24,新潟,4新5,ｵｰﾌﾟﾝ,新潟牝馬,5,6,ウラヌスチャーム,牝,5,横山武史, 56 ,13,3,１, 内,芝2200,重,,(美),斎藤誠,2153,-1.2,7,1,1,35.6,504,0,
,2020.10.24,新潟,4新5,1勝,十日町特･1勝,6,12,アングルティール,牝,5,鮫島克駿, 55 ,16,2,１, 内,芝1400,重,,(栗),橋口慎介,1236,-0.2,,11,10,36.2,428,-6,B
,2020.10.24,新潟,4新5,1勝,１勝ｸﾗｽ,1,1,キンノマサカリ,牡,3,吉田隼人, 55 ,7,2,１, ,ダ1800,重,,(栗),鈴木孝志,1521,-0.6,3,2,2,37.5,484,+14,
,2020.10.24,新潟,4新5,1勝,１勝ｸﾗｽ,6,12,ワンモアバイト,牝,5,秋山稔樹,52▲,16,8,１, 内,芝1000,重,,(美),武井亮,0572,-0.5,,,9,34.0,440,-12,B
,2020.10.24,新潟,4新5,1勝,１勝ｸﾗｽ,3,3,ハギノアップロード,牡,4,藤岡佑介, 57 ,9,1,１, 外,芝2000,稍,,(栗),松田国英,2048,-0.1,,4,4,35.3,478,0,
,2020.10.24,新潟,4新5,1勝,１勝ｸﾗｽ・若,7,10,スワーヴシャルル,牡,4,横山武史, 57 ,12,1,１, ,ダ1200,重,,(栗),安田隆行,1102,-0.7,,2,2,36.3,470,0,B
,2020.10.24,新潟,4新5,未勝利,未勝利*,7,9,テンカハル,牡,2,藤岡佑介, 55 ,12,1,１, 外,芝1800,稍,,(栗),矢作芳人,1517,-0.0,,9,7,35.3,486,+10,
,2020.10.24,新潟,4新5,ｵｰﾌﾟﾝ,障害・オープ,8,13,スマートボムシェル,牡,8,植野貴也, 61 ,13,5,１, ,芝3250,稍,,(栗),吉田直弘,3341,-0.0,11,7,7,13.2,508,+14,
,2020.10.24,新潟,4新5,未勝利,未勝利・牝*,7,7,プリティインピンク,牝,2,山田敬士,51▲,9,1,１, ,ダ1200,重,,(美),小手川準,1120,-0.4,,1,1,37.0,414,-8,
,2020.10.24,新潟,4新5,未勝利,未勝利*,5,8,アイノファンタジー,牡,2,斎藤新,54☆,14,6,１, ,ダ1800,重,,(美),古賀史生,1552,-0.0,9,3,3,39.1,454,-4,
,2020.10.24,新潟,4新5,未勝利,障害未勝利,6,10,ケンホファヴァルト,牡,7,熊沢重文, 60 ,14,2,１, ,芝2850,稍,,(栗),森秀行,3075,-0.6,4,2,2,13.2,472,-10,
,2020.10.18,新潟,4新4,2勝,妙高特別･2勝,1,1,ガンケン,牡,4,吉田隼人, 57 ,15,2,１, ,ダ1200,良,,(栗),宮本博,1105,-0.8,,4,4,36.3,534,+6,B
,2020.10.18,新潟,4新4,OP(L),信越ＳＨ(L),6,11,ジャンダルム,牡,5,荻野極, 56 ,16,6,１, 内,芝1400,良,*,(栗),池江泰寿,1209,-0.2,,4,3,34.3,500,-2,B
,2020.10.18,新潟,4新4,1勝,稲光特別･1勝,8,11,クルークヴァール,牡,5,鮫島克駿, 57 ,12,2,１, 内,芝1000,良,,(栗),浅見秀一,0551,-0.3,,,1,32.9,458,-20,
,2020.10.18,新潟,4新4,1勝,１勝ｸﾗｽ,4,5,コスモセイリュウ,牡,3,丹内祐次, 55 ,13,3,１, ,ダ1800,良,,(美),中野栄治,1532,-0.3,4,6,3,38.0,498,-10,
,2020.10.18,新潟,4新4,1勝,１勝ｸﾗｽ,6,11,バスクベレー,セ,4,菅原明良,55△,15,1,１, ,ダ1200,良,,(美),黒岩陽一,1114,-0.2,,2,2,37.3,460,+6,
,2020.10.18,新潟,4新4,1勝,１勝ｸﾗｽ・牝,1,1,ケイツーキナ,牝,3,秋山稔樹,50▲,12,11,１, ,ダ1800,良,,(美),大江原哲,1527,-0.6,1,1,1,38.0,468,+6,
,2020.10.18,新潟,4新4,1勝,１勝ｸﾗｽ・若,6,7,アステロイドベルト,牡,3,岩田望来, 55 ,12,1,１, 外,芝2000,良,,(栗),池江泰寿,1596,-0.6,,10,9,34.0,480,0,
,2020.10.18,新潟,4新4,新馬,新馬,8,13,ヘブンリギフト,牡,2,斎藤新,54☆,13,4,１, ,ダ1800,良,,(美),斎藤誠,1560,-0.2,5,4,4,37.2,498,,
,2020.10.18,新潟,4新4,1勝,１勝ｸﾗｽ・牝,6,7,ダイヤクイン,牝,4,吉田隼人, 55 ,12,7,１, ,ダ1200,良,,(栗),羽月友彦,1112,-0.1,,2,2,37.0,488,-2,
,2020.10.18,新潟,4新4,未勝利,未勝利*,8,11,ウインミニヨン,牝,2,津村明秀, 54 ,12,1,１, 外,芝1600,良,,(栗),長谷川浩,1353,-0.1,,12,11,33.9,404,+2,
,2020.10.18,新潟,4新4,未勝利,未勝利*,5,5,サニーオーシャン,牡,2,菱田裕二, 55 ,10,4,１, 内,芝1200,良,,(美),中野栄治,1096,-0.0,,7,5,34.9,452,+4,
,2020.10.18,新潟,4新4,未勝利,未勝利*,3,3,カズカポレイ,牡,2,菱田裕二, 55 ,10,1,１, ,ダ1800,良,,(栗),安田隆行,1542,-1.3,1,1,1,39.6,504,+10,
,2020.10.17,新潟,4新3,1勝,寺泊特別･1勝,8,12,ラキャラントシス,牝,3,藤田菜七, 53 ,12,7,１, 外,芝1600,良,,(美),鈴木伸尋,1354,-0.0,,4,4,33.6,474,-8,
,2020.10.17,新潟,4新3,2勝,飛翼特別･2勝,8,18,ファストアズエバー,牝,4,西田雄一, 55 ,18,1,１, 内,芝1000,良,,(栗),牧浦充徳,0555,-0.1,,,1,33.1,478,+8,
,2020.10.17,新潟,4新3,1勝,粟島特別･1勝,5,6,リメンバーメモリー,牡,3,吉田隼人, 55 ,13,3,１, 外,芝1800,良,,(栗),佐々木晶,1474,-0.3,,7,7,34.6,470,+6,
,2020.10.17,新潟,4新3,1勝,１勝ｸﾗｽ,2,2,プライム,セ,4,吉田隼人, 57 ,14,2,１, ,ダ1200,良,,(栗),坂口智康,1111,-1.0,,1,1,36.9,476,0,
,2020.10.17,新潟,4新3,1勝,１勝ｸﾗｽ・牝,7,11,フジマサリアル,牝,3,柴田善臣, 53 ,14,4,１, 外,芝1800,良,,(美),菊川正達,1479,-0.1,,2,2,35.1,524,+20,
,2020.10.17,新潟,4新3,1勝,１勝ｸﾗｽ・若,5,5,サンレイファイト,牡,4,亀田温心,55△,11,7,１, ,ダ1800,良,,(栗),西橋豊治,1539,-0.3,9,8,8,37.9,466,+2,
,2020.10.17,新潟,4新3,1勝,１勝ｸﾗｽ,8,10,ウインダークローズ,牡,3,丹内祐次, 54 ,11,4,１, ,ダ2500,良,,(栗),梅田智之,2401,-1.5,1,1,1,38.3,482,+14,
,2020.10.17,新潟,4新3,新馬,新馬,8,18,ムーンビード,牝,2,吉田隼人, 54 ,18,1,１, 内,芝1400,良,,(栗),友道康夫,1235,-0.1,,8,8,35.8,462,,
,2020.10.17,新潟,4新3,未勝利,障害未勝利,2,2,キャプテンペリー,セ,7,五十嵐雄, 60 ,11,2,１, ,芝2850,良,,(美),岩戸孝樹,3070,-0.1,3,2,2,13.1,514,+2,
,2020.10.17,新潟,4新3,未勝利,未勝利*,7,13,ヒットガール,牝,2,斎藤新,53☆,15,3,１, ,ダ1200,良,,(栗),松下武士,1129,-0.2,,3,3,38.1,484,-2,
,2020.10.17,新潟,4新3,未勝利,未勝利*,8,11,ホールシバン,牡,2,岩田望来, 55 ,12,2,１, ,ダ1800,良,,(栗),高橋義忠,1547,-0.8,3,3,3,38.9,496,-8,
,2020.10.17,新潟,4新3,未勝利,障害未勝利,7,10,インシュラー,セ,6,五十嵐雄, 60 ,13,2,１, ,芝2850,良,,(美),宗像義忠,3060,-1.3,1,1,1,13.1,456,-14,
,2020.10.11,新潟,4新2,2勝,菅名岳特･2勝,2,2,キッズアガチャー,牡,3,丸田恭介, 55 ,11,4,１, ,ダ1800,良,,(栗),田所秀孝,1522,-0.0,8,5,5,36.8,542,+6,
,2020.10.11,新潟,4新2,3勝,北陸ＳＨ･3勝,6,12,ロードアクア,牡,4,田中健, 55 ,18,6,１, 内,芝1200,良,,(栗),浅見秀一,1087,-0.2,,2,2,34.3,462,+2,
,2020.10.11,新潟,4新2,1勝,松浜特別･1勝,1,1,ルヴェルソー,牝,3,柴田善臣, 53 ,10,1,１, 外,芝2000,良,,(美),田中博康,2006,-0.2,,1,1,34.2,444,0,
,2020.10.11,新潟,4新2,1勝,１勝ｸﾗｽ,6,8,エターナルダイヤ,牡,3,木幡初也, 55 ,13,7,１, ,ダ1200,良,*,(美),宗像義忠,1118,-0.1,,1,1,37.2,486,0,
,2020.10.11,新潟,4新2,1勝,１勝ｸﾗｽ,7,8,サトノマックス,牡,6,岩田望来,56☆,11,5,１, 外,芝1800,良,,(美),堀宣行,1470,-0.0,,9,8,34.1,486,-14,B
,2020.10.11,新潟,4新2,1勝,１勝ｸﾗｽ・若,8,9,ローズベリル,牝,5,藤田菜七,53◇,10,5,１, ,ダ1800,良,,(栗),石坂正,1523,-0.3,2,2,2,37.7,492,-6,B
,2020.10.11,新潟,4新2,未勝利,未勝利*,4,8,セピアノーツ,牝,2,藤田菜七,52◇,18,3,１, 内,芝1000,良,,(美),青木孝文,0557,-0.2,,,1,33.6,472,+10,
,2020.10.11,新潟,4新2,新馬,新馬,2,3,リヴウェル,牡,2,岩田望来,54☆,15,6,１, ,ダ1200,良,,(美),深山雅史,1135,-0.0,,3,3,37.0,500,,
,2020.10.11,新潟,4新2,未勝利,障害未勝利,6,9,ポルトラーノ,セ,4,草野太郎, 60 ,13,1,１, ,芝2850,良,,(美),萩原清,3053,-0.7,3,1,1,13.0,498,-4,
,2020.10.11,新潟,4新2,1勝,１勝ｸﾗｽ,8,10,ダッチマン,セ,3,岩田望来,54☆,11,4,１, ,ダ1800,良,,(栗),音無秀孝,1517,-0.1,3,3,3,37.5,450,0,
,2020.10.11,新潟,4新2,未勝利,未勝利*,8,14,ノアヴィグラス,牝,2,藤田菜七,52◇,15,2,１, ,ダ1200,良,,(美),古賀史生,1125,-0.6,,1,1,37.3,466,+8,
,2020.10.11,新潟,4新2,未勝利,未勝利・牝*,6,11,ストライプ,牝,2,斎藤新,53☆,15,2,１, 内,芝1400,良,,(美),尾形和幸,1219,-0.7,,5,6,36.1,504,+4,
,2020.10.10,新潟,4新1,1勝,朝日岳特･1勝,5,8,シトラスノキセキ,牝,4,水口優也, 55 ,14,7,１, 内,芝1200,良,,(美),加藤征弘,1093,-0.0,,1,1,35.3,442,-4,B
,2020.10.10,新潟,4新1,1勝,朝日岳特･1勝,7,11,バカラクイーン,牝,4,藤田菜七, 55 ,14,4,１, 内,芝1200,良,,(美),武井亮,1093,-0.0,,2,2,35.2,480,+2,
,2020.10.10,新潟,4新1,2勝,魚沼特別･2勝,2,2,コマノウインクル,牡,3,加藤祥太, 55 ,11,2,１, 外,芝2000,良,,(栗),庄野靖志,1597,-0.2,,1,1,34.6,492,+4,B
,2020.10.10,新潟,4新1,1勝,萬代橋特･1勝,4,4,カラミンサ,牝,4,西村淳也, 55 ,11,9,１, 内,芝2400,良,,(栗),吉岡辰弥,2270,-0.1,2,2,2,35.8,496,-14,
,2020.10.10,新潟,4新1,1勝,１勝ｸﾗｽ,4,4,ストームガスト,牡,4,鮫島克駿, 57 ,13,9,１, ,ダ1800,良,,(栗),寺島良,1534,-0.0,1,1,1,37.8,454,-2,
,2020.10.10,新潟,4新1,1勝,１勝ｸﾗｽ,6,8,ヴェンチュラスター,牡,3,藤田菜七,53◇,12,5,１, 外,芝1600,良,,(美),小島茂之,1343,-0.2,,11,11,33.6,426,+6,
,2020.10.10,新潟,4新1,1勝,１勝ｸﾗｽ・牝,8,16,クリッパークラス,牝,4,横山武史, 55 ,16,2,１, 内,芝1000,良,,(美),武市康男,0555,-0.2,,,5,33.2,446,-8,
,2020.10.10,新潟,4新1,1勝,１勝ｸﾗｽ・若,5,8,エスシーミホーク,牡,3,森裕太朗,54☆,15,4,１, ,ダ1200,良,,(栗),西橋豊治,1109,-0.1,,6,6,36.0,480,0,
,2020.10.10,新潟,4新1,未勝利,未勝利*,3,4,ダノンドリーマー,牡,2,岩田望来,54☆,15,1,１, 内,芝2000,良,,(栗),藤原英昭,2013,-0.2,3,3,2,35.8,490,+2,
,2020.10.10,新潟,4新1,ｵｰﾌﾟﾝ,障害・オープ,6,10,マーニ,牡,4,三津谷隼, 60 ,14,2,１, ,芝2850,良,,(栗),鮫島一歩,3053,-0.2,1,1,1,13.0,464,0,
,2020.10.10,新潟,4新1,1勝,１勝ｸﾗｽ・牝,6,9,マルモマリア,牝,5,亀田温心,53△,13,4,１, ,ダ1200,良,,(栗),木原一良,1112,-0.2,,3,3,36.6,484,+2,
,2020.10.10,新潟,4新1,未勝利,未勝利*,5,6,ロードエクレール,牡,2,横山武史, 55 ,13,1,１, ,ダ1800,良,,(美),斎藤誠,1535,-0.3,1,1,1,40.1,470,-4,B
,2020.10.10,新潟,4新1,未勝利,障害未勝利,3,4,モザイク,牡,6,高田潤, 60 ,14,2,１, ,芝2850,良,,(栗),奥村豊,3050,-0.0,6,3,4,13.0,472,+2,
,"2020. 9. 6",新潟,3新8,1勝,雷光特別･1勝,8,18,クイックレス,牝,3,武藤雅, 53 ,18,3,１, 内,芝1000,良,,(美),中舘英二,0550,-0.1,,,5,32.6,448,-2,
,"2020. 9. 6",新潟,3新8,Ｇ３,新潟記念ＨG3,8,17,ブラヴァス,牡,4,福永祐一, 56 ,18,2,１, 外,芝2000,良,,(栗),友道康夫,1599,-0.0,,9,9,32.6,490,-2,
,"2020. 9. 6",新潟,3新8,3勝,古町ＳＨ･3勝,2,2,エムオーグリッタ,牡,6,津村明秀, 55 ,15,5,１, ,ダ1800,良,,(美),古賀慎明,1515,-0.0,5,4,4,37.5,506,+2,B
,"2020. 9. 6",新潟,3新8,2勝,飯豊特別･2勝,3,3,トロワマルス,牝,3,Ｍ．デム, 53 ,13,1,１, 内,芝1200,良,,(美),杉浦宏昭,1094,-0.2,,1,1,34.9,464,-2,
,"2020. 9. 6",新潟,3新8,1勝,１勝ｸﾗｽ,1,1,エドノフェリーチェ,牝,3,津村明秀, 52 ,8,2,１, 内,芝2200,良,,(美),相沢郁,2143,-0.0,8,4,4,35.5,436,-14,B
,"2020. 9. 6",新潟,3新8,1勝,１勝ｸﾗｽ,3,3,シャドウアロング,セ,4,坂井瑠星, 57 ,8,7,１, 内,芝2200,良,,(美),林徹,2143,-0.0,2,2,2,35.9,460,0,
,"2020. 9. 6",新潟,3新8,1勝,１勝ｸﾗｽ,3,3,ヤークトボマー,牡,4,宮崎北斗, 57 ,12,6,１, ,ダ1800,良,,(美),中川公成,1531,-0.1,7,6,5,38.1,472,+6,B
,"2020. 9. 6",新潟,3新8,未勝利,未勝利,2,4,デルニエエトワール,牝,3,池添謙一, 54 ,18,6,１, 外,芝1600,良,,(美),大竹正博,1347,-0.2,,8,8,34.0,484,-4,
,"2020. 9. 6",新潟,3新8,新馬,新馬,8,17,レベランス,牡,2,福永祐一, 54 ,18,2,１, 外,芝1800,良,,(栗),須貝尚介,1497,-0.2,,17,17,33.7,442,,
,"2020. 9. 6",新潟,3新8,未勝利,未勝利,2,2,ジチュダケテソーロ,牡,3,三浦皇成, 56 ,15,2,１, ,ダ1800,良,,(美),加藤士津,1535,-0.0,4,4,3,37.8,496,-4,B
,"2020. 9. 6",新潟,3新8,未勝利,未勝利,8,14,マイルポスト,牡,3,三浦皇成, 56 ,15,2,１, ,ダ1200,良,,(美),小笠倫弘,1121,-0.3,,2,2,36.2,526,-4,B
,"2020. 9. 6",新潟,3新8,未勝利,未勝利*,5,6,フルネーズ,牡,2,ルメール, 54 ,12,3,１, 内,芝2000,良,,(美),小笠倫弘,2039,-0.2,2,2,2,36.7,500,+4,
,"2020. 9. 6",新潟,3新8,未勝利,未勝利*,5,10,レガトゥス,牡,2,ルメール, 54 ,18,1,１, 外,芝1600,良,,(美),木村哲也,1365,-0.0,,7,7,34.0,562,+8,
,"2020. 9. 5",新潟,3新7,1勝,１勝ｸﾗｽ・牝,4,7,レッドヴァール,牝,5,Ｍ．デム, 55 ,16,4,１, 外,芝1800,良,,(美),鹿戸雄一,1474,-0.1,,4,4,34.0,480,-4,
,"2020. 9. 5",新潟,3新7,3勝,長岡Ｓ･3勝,8,16,ワンダープチュック,牡,6,岩田康誠, 57 ,16,7,１, 外,芝1600,良,,(栗),河内洋,1351,-0.1,,2,2,33.5,512,+4,
,"2020. 9. 5",新潟,3新7,2勝,弥彦特別･2勝,8,13,パルティアーモ,牝,4,福永祐一, 55 ,13,1,１, 外,芝2000,良,,(美),池上昌和,2007,-0.4,,10,10,33.4,494,0,
,"2020. 9. 5",新潟,3新7,2勝,両津湾特･2勝,5,9,ギャラクシーソウル,牝,3,斎藤新, 52 ,15,5,１, ,ダ1800,良,,(美),斎藤誠,1509,-0.0,4,4,3,37.1,456,+2,
,"2020. 9. 5",新潟,3新7,1勝,１勝ｸﾗｽ,7,13,ゴールドクロス,牡,5,丸山元気, 57 ,15,6,１, ,ダ1200,良,,(美),小西一男,1123,-0.2,,4,3,37.2,496,+4,
,"2020. 9. 5",新潟,3新7,未勝利,未勝利,7,13,トキメキ,牝,3,木幡巧也, 54 ,18,1,１, 内,芝1400,良,,(美),斎藤誠,1232,-0.8,,6,6,35.8,488,+2,
,"2020. 9. 5",新潟,3新7,未勝利,未勝利,1,2,サクラヴァルール,牡,3,横山典弘, 56 ,18,9,１, 内,芝2000,良,*,(美),尾関知人,2023,-0.0,9,6,6,37.0,472,-1,
,"2020. 9. 5",新潟,3新7,新馬,新馬,7,14,ニシノリース,牝,2,内田博幸, 54 ,18,9,１, 内,芝1400,良,*,(美),土田稔,1245,-0.4,,2,2,36.5,402,,
,"2020. 9. 5",新潟,3新7,ｵｰﾌﾟﾝ,障害・オープ,3,3,コウユーホクト,牡,5,大江原圭, 60 ,10,3,１, ,芝3250,良,,(美),竹内正洋,3365,-0.6,1,1,1,13.3,506,0,
,"2020. 9. 5",新潟,3新7,新馬,新馬,5,9,ジューンクエスト,牡,2,武藤雅, 54 ,15,7,１, ,ダ1200,良,,(栗),今野貞一,1137,-0.0,,2,2,37.7,442,,
,"2020. 9. 5",新潟,3新7,未勝利,未勝利,4,7,スズカゴウケツ,牡,3,菅原明良,54△,15,1,１, ,ダ1800,良,,(美),伊藤圭三,1522,-1.1,2,2,2,38.4,472,-2,B
,"2020. 9. 5",新潟,3新7,未勝利,障害未勝利,8,13,ドゴール,牡,4,小野寺祐, 60 ,14,4,１, ,芝2850,良,,(美),黒岩陽一,3075,-0.4,1,1,1,13.2,464,-10,
,"2020. 8.30",新潟,3新6,1勝,１勝ｸﾗｽ,8,14,オメガエリタージュ,牡,3,Ｍ．デム, 54 ,15,3,１, ,ダ1200,良,,(美),斎藤誠,1117,-0.2,,13,12,36.0,458,+16,
,"2020. 8.30",新潟,3新6,Ｇ３,新潟２歳G3,8,11,ショックアクション,牡,2,戸崎圭太, 54 ,11,2,１, 外,芝1600,良,,(栗),大久保龍,1346,-0.3,,3,5,34.1,490,+2,
,"2020. 8.30",新潟,3新6,OP(L),朱鷺Ｓ(L),7,13,カテドラル,牡,4,福永祐一, 56 ,18,4,１, 内,芝1400,良,,(栗),池添学,1212,-0.0,,14,15,34.8,482,-6,
,"2020. 8.30",新潟,3新6,2勝,五頭連峰･2勝,8,18,ハイアーグラウンド,セ,6,福永祐一, 57 ,18,4,１, 外,芝1600,良,,(美),大和田成,1339,-0.4,,5,5,34.2,508,-8,
,"2020. 8.30",新潟,3新6,1勝,１勝ｸﾗｽ,6,9,ジーマックス,牡,3,北村宏司, 54 ,14,1,１, ,ダ1800,良,,(美),中舘英二,1533,-0.2,2,2,2,38.0,526,0,
,"2020. 8.30",新潟,3新6,1勝,１勝ｸﾗｽ,7,8,フェアリーグルーヴ,牝,3,丸山元気, 52 ,10,5,１, 外,芝2000,良,,(美),高橋文雅,2014,-0.0,,8,8,34.2,440,+2,
,"2020. 8.30",新潟,3新6,未勝利,未勝利,1,2,アッタヴァンティ,牝,3,三浦皇成, 54 ,17,5,１, 内,芝1200,良,,(美),中川公成,1103,-0.1,,10,10,35.6,428,+6,
,"2020. 8.30",新潟,3新6,新馬,新馬,5,10,ブラックラテ,牡,2,岩田康誠, 54 ,18,2,１, 内,芝2000,良,,(栗),梅田智之,2060,-0.3,13,4,2,35.5,478,,
,"2020. 8.30",新潟,3新6,未勝利,未勝利,3,5,ナイトブリーズ,牝,3,宮崎北斗, 54 ,15,7,１, ,ダ1200,良,,(美),萱野浩二,1116,-0.4,,2,2,37.5,490,+6,
,"2020. 8.30",新潟,3新6,未勝利,未勝利*,5,9,クムシラコ,牡,2,嶋田純次, 54 ,15,1,１, 内,芝1000,良,,(美),石毛善彦,0560,-0.0,,,3,33.1,458,0,
,"2020. 8.30",新潟,3新6,未勝利,未勝利・牝,8,14,ティケイプルメリア,牝,3,伊藤工真, 54 ,15,1,１, ,ダ1800,良,,(美),林徹,1545,-0.0,3,3,3,38.3,444,-8,
,"2020. 8.30",新潟,3新6,未勝利,障害未勝利,4,6,ケイブルグラム,セ,7,蓑島靖典, 60 ,14,1,１, ,芝2850,良,*,(美),高橋文雅,3070,-1.8,5,1,1,13.1,502,-6,B
,"2020. 8.29",新潟,3新5,1勝,１勝ｸﾗｽ,4,7,ソスピタ,牝,3,柴田大知, 52 ,18,3,１, 内,芝1400,良,,(美),畠山吉宏,1219,-0.0,,5,5,34.9,442,+8,
,"2020. 8.29",新潟,3新5,OP(L),ＢＳＮＨ(L),4,4,ロードブレス,牡,4,三浦皇成, 55 ,10,2,１, ,ダ1800,良,,(栗),奥村豊,1505,-0.1,2,2,2,36.1,506,+2,
,"2020. 8.29",新潟,3新5,3勝,稲妻Ｓ･3勝,8,11,ボーンスキルフル,牝,5,田辺裕信, 55 ,12,2,１, 内,芝1000,良,,(栗),牧浦充徳,0544,-0.4,,,1,32.5,458,-6,
,"2020. 8.29",新潟,3新5,2勝,岩室温泉･2勝,2,2,サンマルペンダント,牝,6,岡田祥嗣, 55 ,15,9,１, ,ダ1200,良,,(栗),千田輝彦,1105,-0.1,,3,3,36.2,444,-12,
,"2020. 8.29",新潟,3新5,1勝,１勝ｸﾗｽ・牝,5,8,パールデュー,牝,4,丸山元気, 55 ,15,4,１, ,ダ1800,良,,(美),黒岩陽一,1527,-0.1,2,2,2,38.4,516,+2,
,"2020. 8.29",新潟,3新5,未勝利,未勝利,3,6,ミスミルドレッド,牝,3,岩田康誠, 54 ,18,1,１, 外,芝1800,良,,(美),小島茂之,1485,-0.1,,4,3,34.5,446,0,
,"2020. 8.29",新潟,3新5,新馬,新馬・牝,7,15,アナザーリリック,牝,2,津村明秀, 54 ,18,3,１, 外,芝1600,良,,(美),林徹,1362,-0.3,,9,7,34.3,484,,
,"2020. 8.29",新潟,3新5,新馬,新馬,7,15,モメントグスタール,牡,2,菅原明良,52△,18,6,１, 外,芝1600,良,,(美),高木登,1379,-0.2,,4,4,34.2,450,,
,"2020. 8.29",新潟,3新5,未勝利,未勝利,2,3,ペルセウスシチー,牡,3,石橋脩, 56 ,15,5,１, ,ダ1800,良,,(美),池上昌和,1528,-0.8,9,6,3,37.7,464,-2,B
,"2020. 8.29",新潟,3新5,未勝利,未勝利,4,7,メシアン,牝,3,菅原明良,52△,15,2,１, ,ダ1200,良,,(美),和田勇介,1117,-0.3,,2,2,36.9,452,-6,
,"2020. 8.29",新潟,3新5,未勝利,未勝利*,5,7,グレアリングアイ,牡,2,内田博幸, 54 ,13,1,１, 外,芝1800,良,,(美),古賀慎明,1486,-0.1,,8,7,35.9,532,-4,
,"2020. 8.29",新潟,3新5,未勝利,未勝利*,5,9,キープイットシンポ,牝,2,菅原隆一, 54 ,15,2,１, ,ダ1800,良,,(美),小野次郎,1540,-1.0,2,2,2,39.7,450,+6,
,"2020. 8.23",新潟,3新4,1勝,１勝ｸﾗｽ,4,6,ゼヒニオヨバズ,セ,4,江田照男, 57 ,15,6,１, ,ダ1800,良,,(美),松山将樹,1533,-0.0,1,1,1,38.2,528,+4,
,"2020. 8.23",新潟,3新4,ｵｰﾌﾟﾝ,ＮＳＴ賞Ｈ,6,10,ヒロシゲゴールド,牡,5,北村宏司, 56 ,15,1,１, ,ダ1200,良,,(栗),北出成人,1102,-0.1,,1,1,36.1,470,-6,B
,"2020. 8.23",新潟,3新4,2勝,阿賀野川･2勝,5,5,トータルソッカー,牡,6,戸崎圭太, 57 ,12,5,１, 内,芝2200,良,,(美),菊川正達,2139,-0.0,4,4,3,35.6,502,-2,
,"2020. 8.23",新潟,3新4,1勝,閃光特別･1勝,8,15,ウインアイルビータ,牝,4,柴田大知, 55 ,15,2,１, 内,芝1000,良,,(美),田中剛,0549,-0.2,,,2,32.7,482,0,
,"2020. 8.23",新潟,3新4,1勝,１勝ｸﾗｽ,3,3,カンバラ,牝,3,戸崎圭太, 52 ,10,1,１, 内,芝2400,良,,(美),黒岩陽一,2278,-0.7,1,1,1,34.5,482,+6,
,"2020. 8.23",新潟,3新4,未勝利,未勝利,4,7,キョウエイパラスト,牡,3,三浦皇成, 56 ,15,2,１, ,ダ1800,良,,(美),中川公成,1545,-0.3,4,4,4,38.1,500,+2,
,"2020. 8.23",新潟,3新4,新馬,新馬,4,7,フレンドパル,牝,2,江田照男, 54 ,18,3,１, 内,芝1200,良,,(美),深山雅史,1117,-0.0,,1,1,36.3,474,,
,"2020. 8.23",新潟,3新4,新馬,新馬,4,8,ルドヴィクス,牡,2,田辺裕信, 54 ,18,3,１, 外,芝1800,良,,(美),久保田貴,1492,-0.1,,1,1,34.4,500,,
,"2020. 8.23",新潟,3新4,未勝利,未勝利,7,14,アースブレイブ,牡,3,丸田恭介, 56 ,18,8,１, 内,芝2000,良,*,(美),宗像義忠,2029,-0.1,16,9,8,36.5,458,0,
,"2020. 8.23",新潟,3新4,未勝利,未勝利,8,15,タシロ,牡,3,杉原誠人, 56 ,15,10,１, ,ダ1200,良,,(美),的場均,1122,-0.2,,2,2,37.2,524,+2,
,"2020. 8.23",新潟,3新4,未勝利,未勝利*,4,7,テネラメンテ,牝,2,北村宏司, 54 ,18,4,１, 内,芝1400,良,,(美),木村哲也,1233,-0.0,,7,7,36.3,468,+10,
,"2020. 8.23",新潟,3新4,未勝利,未勝利・牝*,7,12,カイトゲニー,牝,2,丸山元気, 54 ,15,3,１, 外,芝1600,良,,(美),和田雄二,1348,-0.4,,2,2,35.3,468,-2,
,"2020. 8.22",新潟,3新3,1勝,１勝ｸﾗｽ,8,11,グルファクシー,牝,4,石橋脩, 55 ,11,7,１, 外,芝1800,良,,(美),堀宣行,1494,-0.0,,6,8,33.0,462,+10,
,"2020. 8.22",新潟,3新3,3勝,日本海Ｓ･3勝,1,1,ソロフレーズ,牡,5,江田照男, 57 ,16,14,１, 内,芝2200,良,*,(美),栗田徹,2136,-0.1,13,16,15,35.2,486,-2,
,"2020. 8.22",新潟,3新3,3勝,清津峡Ｓ･3勝,2,2,ニシオボヌール,セ,8,横山典弘, 57 ,8,5,１, 内,芝1200,良,,(栗),高橋亮,1095,-0.0,,1,1,34.4,500,0,
,"2020. 8.22",新潟,3新3,2勝,瀬波温泉･2勝,2,3,アスターマリンバ,牡,3,戸崎圭太, 54 ,15,1,１, ,ダ1800,良,,(栗),中竹和也,1517,-0.2,2,2,2,37.2,516,-10,
,"2020. 8.22",新潟,3新3,1勝,１勝ｸﾗｽ,7,12,マリノスピカ,牝,4,木幡巧也, 55 ,15,13,１, ,ダ1200,良,,(美),天間昭一,1124,-0.0,,1,1,37.3,484,+20,
,"2020. 8.22",新潟,3新3,未勝利,未勝利,5,9,ベデザンジュ,牝,3,田辺裕信, 54 ,18,1,１, 内,芝2400,良,,(美),久保田貴,2269,-0.5,9,6,3,36.3,436,+10,
,"2020. 8.22",新潟,3新3,未勝利,未勝利,5,10,リーガルバトル,牡,3,三浦皇成, 54 ,18,1,１, 外,芝1600,良,,(美),高橋文雅,1352,-0.0,,6,6,34.7,516,+6,
,"2020. 8.22",新潟,3新3,新馬,新馬,3,4,ゴールドレガシー,牡,2,戸崎圭太, 54 ,15,1,１, ,ダ1800,良,,(栗),平田修,1549,-0.1,13,8,5,38.0,458,,
,"2020. 8.22",新潟,3新3,ｵｰﾌﾟﾝ,障害・オープ,5,5,スマートボムシェル,牡,8,植野貴也, 60 ,11,8,１, ,芝2850,良,,(栗),吉田直弘,3035,-0.0,3,3,3,12.9,502,-4,
,"2020. 8.22",新潟,3新3,未勝利,未勝利*,3,5,スペクタクル,牡,2,武藤雅, 54 ,15,2,１, ,ダ1200,良,,(美),武藤善則,1125,-0.4,,2,2,38.1,484,+2,
,"2020. 8.22",新潟,3新3,未勝利,未勝利・牝,5,8,ミヤビマドンナ,牝,3,田辺裕信, 54 ,15,1,１, ,ダ1800,良,,(美),中舘英二,1547,-0.0,2,2,2,38.6,458,+6,
,"2020. 8.22",新潟,3新3,未勝利,障害未勝利,4,5,メイショウハニー,牝,5,平沢健治, 58 ,14,1,１, ,芝2850,良,,(栗),藤沢則雄,3061,-1.4,5,2,2,13.1,444,-2,
,"2020. 8.16",新潟,3新2,1勝,１勝ｸﾗｽ,2,4,グッドマックス,牝,3,木幡巧也, 52 ,17,3,１, 内,芝1200,良,,(美),堀井雅広,1094,-0.1,,7,6,35.2,448,-6,
,"2020. 8.16",新潟,3新2,Ｇ３,関屋記念G3,8,17,サトノアーサー,牡,6,戸崎圭太, 56 ,18,4,１, 外,芝1600,良,*,(栗),池江泰寿,1331,-0.2,,17,17,33.7,484,+2,
,"2020. 8.16",新潟,3新2,2勝,三面川特･2勝,5,5,クラヴェル,牝,3,横山典弘, 52 ,12,2,１, 外,芝1800,良,,(栗),安田翔伍,1477,-0.2,,4,4,34.2,436,+4,
,"2020. 8.16",新潟,3新2,2勝,浦佐特Ｈ･2勝,5,7,メイショウソテツ,牡,4,横山典弘, 54 ,14,2,１, ,ダ1800,良,,(栗),岡田稲男,1510,-0.4,1,1,1,36.8,506,-8,B
,"2020. 8.16",新潟,3新2,1勝,１勝ｸﾗｽ,8,8,フローズンスタイル,牝,3,藤田菜七,50◇,9,2,１, 外,芝2000,良,*,(美),黒岩陽一,2002,-0.1,,2,2,34.9,446,-2,
,"2020. 8.16",新潟,3新2,1勝,１勝ｸﾗｽ・牝,2,2,ギャラクシーソウル,牝,3,斎藤新,51☆,15,3,１, ,ダ1800,良,,(美),斎藤誠,1527,-0.6,13,3,2,38.0,454,+2,
,"2020. 8.16",新潟,3新2,未勝利,未勝利,8,17,レオハイセンス,牝,3,江田照男, 54 ,18,1,１, 内,芝1000,良,,(美),奥平雅士,0558,-0.2,,,1,33.4,436,-4,
,"2020. 8.16",新潟,3新2,新馬,新馬,1,1,ヴェイルネビュラ,牡,2,福永祐一, 54 ,18,1,１, 外,芝1800,良,,(美),大竹正博,1490,-0.3,,6,6,35.1,486,,
,"2020. 8.16",新潟,3新2,未勝利,未勝利・牝,7,13,ピュアプリンセス,牝,3,木幡育也,53☆,15,2,１, ,ダ1200,稍,,(美),加藤和宏,1119,-0.0,,2,2,37.4,466,0,
,"2020. 8.16",新潟,3新2,未勝利,未勝利*,3,5,ロンギングバース,牡,2,石橋脩, 54 ,18,1,１, 内,芝1200,稍,,(美),竹内正洋,1102,-0.1,,2,2,35.7,450,+2,
,"2020. 8.16",新潟,3新2,未勝利,未勝利,5,7,アンブローニュ,牡,3,北村宏司, 56 ,14,3,１, ,ダ1800,稍,,(美),根本康広,1526,-1.5,2,2,2,37.6,480,+6,
,"2020. 8.16",新潟,3新2,未勝利,障害未勝利,3,3,コウユーホクト,牡,5,大江原圭, 60 ,11,1,１, ,芝2850,稍,,(美),竹内正洋,3063,-0.4,2,1,1,13.1,506,-4,
,"2020. 8.15",新潟,3新1,1勝,１勝ｸﾗｽ,2,2,ブルーノジュネス,牡,3,田中勝春, 54 ,15,1,１, ,ダ1800,良,,(美),宗像義忠,1539,-0.1,3,4,4,37.9,484,+4,B
,"2020. 8.15",新潟,3新1,3勝,上越Ｓ･3勝,1,1,ウルトラマリン,牝,3,横山典弘, 52 ,15,2,１, ,ダ1200,良,,(栗),今野貞一,1100,-0.6,,4,4,36.6,478,+6,
,"2020. 8.15",新潟,3新1,2勝,新発田城･2勝,1,1,アーデンフォレスト,牡,4,岩田望来, 57 ,18,2,１, 内,芝1400,良,,(栗),藤原英昭,1210,-0.0,,6,5,34.8,452,-2,
,"2020. 8.15",新潟,3新1,1勝,村上特別･1勝,1,1,テルツェット,牝,3,三浦皇成, 52 ,17,1,１, 外,芝1600,良,,(美),和田正一,1333,-0.5,,8,9,33.9,428,+12,
,"2020. 8.15",新潟,3新1,1勝,１勝ｸﾗｽ,3,4,カミノホウオー,牡,3,藤田菜七,52◇,15,1,１, ,ダ1200,良,,(美),竹内正洋,1117,-0.2,,3,5,37.0,504,-4,
,"2020. 8.15",新潟,3新1,未勝利,未勝利,8,18,フェルマーテ,牝,3,岩田望来,53☆,18,2,１, 外,芝1800,良,,(美),戸田博文,1481,-0.4,,5,5,35.7,482,-4,
,"2020. 8.15",新潟,3新1,新馬,新馬・牝,1,2,タイガーリリー,牝,2,杉原誠人, 54 ,18,6,１, 内,芝1400,良,,(美),尾関知人,1232,-0.1,,8,8,36.7,444,,
,"2020. 8.15",新潟,3新1,新馬,新馬,5,9,イルーシヴパンサー,牡,2,横山典弘, 54 ,18,1,１, 外,芝1600,良,*,(美),久保田貴,1370,-0.2,,9,7,35.4,456,,
,"2020. 8.15",新潟,3新1,未勝利,未勝利,6,10,アイアムイチリュウ,牡,3,柴田善臣, 56 ,15,1,１, ,ダ1800,良,,(美),奥平雅士,1551,-0.1,3,4,3,40.1,500,0,B
,"2020. 8.15",新潟,3新1,未勝利,未勝利・牝,4,8,ローズパルファン,牝,3,Ｍ．デム, 54 ,18,4,１, 内,芝2000,良,,(美),田中剛,2036,-0.4,3,3,2,36.3,434,+4,
,"2020. 8.15",新潟,3新1,未勝利,未勝利,4,7,エリモグリッター,セ,3,内田博幸, 56 ,15,1,１, ,ダ1200,良,,(美),中野栄治,1116,-0.1,,3,3,37.8,456,0,
,"2020. 8.15",新潟,3新1,未勝利,未勝利*,4,7,スペシャルドラマ,牡,2,戸崎圭太, 54 ,18,2,１, 外,芝1800,良,,(美),宮田敬介,1482,-0.0,,2,2,36.1,488,+2,
,"2020. 8. 9",新潟,2新6,1勝,１勝ｸﾗｽ,4,8,アルピニズム,牡,3,藤田菜七,52◇,18,5,１, 内,芝1400,不,,(美),金成貴史,1215,-0.4,,1,1,36.2,490,+6,
,"2020. 8. 9",新潟,2新6,Ｇ３,レパードG3,1,1,ケンシンコウ,牡,3,丸山元気, 56 ,15,7,１, ,ダ1800,不,,(美),小西一男,1492,-0.4,1,1,1,36.6,478,+2,
,"2020. 8. 9",新潟,2新6,2勝,信濃川Ｈ･2勝,6,9,ターキッシュパレス,牡,3,富田暁, 53 ,14,2,１, 外,芝2000,不,,(栗),昆貢,2018,-0.1,,4,4,36.6,476,+4,
,"2020. 8. 9",新潟,2新6,2勝,驀進特別･2勝,8,18,トーホウレジーナ,牝,6,藤田菜七, 55 ,18,1,１, 内,芝1000,不,,(栗),高橋亮,0566,-0.1,,,1,34.2,498,+6,
,"2020. 8. 9",新潟,2新6,1勝,１勝ｸﾗｽ,2,2,エレヴァテッツァ,牝,3,北村友一, 52 ,13,5,１, 内,芝2200,不,,(栗),松永幹夫,2180,-0.2,3,3,3,35.8,498,+20,
,"2020. 8. 9",新潟,2新6,1勝,１勝ｸﾗｽ,8,15,メモワールミノル,牡,3,菅原明良,52△,15,3,１, ,ダ1200,不,,(美),中舘英二,1101,-0.2,,2,2,36.4,466,0,
,"2020. 8. 9",新潟,2新6,新馬,新馬・牝,5,9,インフィナイト,牝,2,北村友一, 54 ,18,1,１, 外,芝1600,不,,(栗),音無秀孝,1375,-0.4,,2,2,35.0,490,,
,"2020. 8. 9",新潟,2新6,新馬,新馬,8,14,ランドオブリバティ,牡,2,三浦皇成, 54 ,15,3,１, 内,芝2000,不,,(美),鹿戸雄一,2057,-0.0,2,1,2,35.2,466,,
,"2020. 8. 9",新潟,2新6,未勝利,未勝利,3,4,ロイヤルパープル,セ,3,内田博幸, 56 ,15,8,１, ,ダ1800,不,,(美),加藤征弘,1536,-0.0,2,1,1,39.4,496,-4,B
,"2020. 8. 9",新潟,2新6,未勝利,未勝利,2,4,ブラインドデート,牝,3,幸英明, 54 ,18,3,１, 外,芝1600,不,,(栗),斉藤崇史,1360,-0.7,,9,8,34.7,466,0,
,"2020. 8. 9",新潟,2新6,未勝利,未勝利,6,11,クリノナイスガイ,セ,3,鮫島克駿, 56 ,15,8,１, ,ダ1800,不,,(栗),橋田満,1543,-0.1,8,4,4,38.5,466,,
,"2020. 8. 9",新潟,2新6,未勝利,未勝利*,3,5,スウィートブルーム,牝,2,柴田大知, 54 ,18,5,１, 外,芝1800,不,,(美),和田雄二,1493,-1.0,,4,4,36.1,422,0,
,"2020. 8. 8",新潟,2新5,1勝,１勝ｸﾗｽ,7,13,ベルダーイメル,牡,3,泉谷楓真,51▲,15,2,１, ,ダ1800,不,,(栗),本田優,1519,-1.0,2,2,2,36.5,452,0,
,"2020. 8. 8",新潟,2新5,3勝,佐渡Ｓ･3勝,1,1,サトノダムゼル,牝,4,Ｍ．デム, 55 ,18,2,１, 外,芝1800,重,,(美),堀宣行,1477,-0.1,,3,5,35.3,464,+8,
,"2020. 8. 8",新潟,2新5,2勝,高田城特･2勝,2,2,サダムスキャット,牝,3,川須栄彦, 52 ,15,3,１, ,ダ1200,不,,(栗),中尾秀正,1102,-0.1,,3,3,35.7,454,-6,
,"2020. 8. 8",新潟,2新5,ｵｰﾌﾟﾝ,ダリア賞,1,1,ブルーバード,牝,2,柴田大知, 54 ,11,5,１, 内,芝1400,重,,(美),中舘英二,1234,-0.1,,8,7,35.6,416,+2,
,"2020. 8. 8",新潟,2新5,1勝,１勝ｸﾗｽ,3,3,コマノウインクル,牡,3,西村淳也, 54 ,9,2,１, 外,芝1800,重,,(栗),庄野靖志,1494,-0.1,,4,3,35.2,488,+6,
,"2020. 8. 8",新潟,2新5,未勝利,未勝利,1,1,ヤマカツパトリシア,牝,3,斎藤新,53☆,18,3,１, 内,芝2000,稍,,(栗),池添学,2015,-0.1,2,2,2,36.1,444,+4,
,"2020. 8. 8",新潟,2新5,新馬,新馬,8,15,サウンドブレイズ,牡,2,幸英明, 54 ,15,6,１, ,ダ1800,重,,(栗),高柳大輔,1547,-0.0,2,2,2,37.6,490,,
,"2020. 8. 8",新潟,2新5,新馬,新馬,5,9,ストゥーティ,牝,2,福永祐一, 54 ,18,3,１, 外,芝1600,稍,,(栗),奥村豊,1368,-0.0,,3,4,34.9,426,,
,"2020. 8. 8",新潟,2新5,未勝利,未勝利,2,3,ヴェルザスカ,牝,3,和田竜二, 54 ,18,13,１, 内,芝1400,稍,,(栗),今野貞一,1220,-0.0,,8,6,35.7,444,,
,"2020. 8. 8",新潟,2新5,未勝利,未勝利・牝,7,13,ジュールサイクル,牝,3,Ｍ．デム, 54 ,15,3,１, ,ダ1800,重,,(美),田中剛,1517,-0.0,8,5,5,38.5,438,+2,
,"2020. 8. 8",新潟,2新5,未勝利,未勝利,5,9,トロイカ,牡,3,斎藤新,55☆,15,3,１, ,ダ1200,重,,(栗),大久保龍,1111,-0.3,,9,10,35.8,470,-8,B
,"2020. 8. 8",新潟,2新5,未勝利,未勝利*,8,17,ショックアクション,牡,2,福永祐一, 54 ,18,3,１, 外,芝1600,稍,,(栗),大久保龍,1353,-0.7,,4,4,35.0,488,-2,
,"2020. 8. 2",新潟,2新4,2勝,２勝ｸﾗｽ,8,15,アスクジョーダン,セ,8,小崎綾也, 57 ,15,6,１, ,ダ1200,良,,(栗),野中賢二,1113,-0.3,,5,5,36.9,500,-4,
,"2020. 8. 2",新潟,2新4,ｵｰﾌﾟﾝ,関越Ｓ,7,12,ザダル,牡,4,川田将雅, 56 ,14,1,１, 外,芝1800,良,,(美),大竹正博,1453,-0.5,,5,5,32.8,494,+4,
,"2020. 8. 2",新潟,2新4,3勝,柳都Ｓ･3勝,7,13,ブランクエンド,牡,4,川田将雅, 57 ,15,1,１, ,ダ1800,良,,(美),加藤征弘,1507,-0.1,2,2,2,37.3,484,+8,
,"2020. 8. 2",新潟,2新4,1勝,出雲崎特･1勝,5,8,アリストテレス,牡,3,Ｍ．デム, 54 ,15,1,１, 外,芝2000,良,,(栗),音無秀孝,1597,-0.4,,5,5,33.2,466,+12,
,"2020. 8. 2",新潟,2新4,1勝,１勝ｸﾗｽ,6,10,ファイヤーテーラー,牝,3,武藤雅, 52 ,15,1,１, ,ダ1200,良,,(栗),河内洋,1109,-0.0,,1,1,36.7,480,+6,
,"2020. 8. 2",新潟,2新4,1勝,１勝ｸﾗｽ,5,10,チビラーサン,牝,4,木幡育也,54☆,18,9,１, 外,芝1600,良,,(美),中舘英二,1335,-0.0,,13,12,33.1,450,+4,
,"2020. 8. 2",新潟,2新4,新馬,新馬,2,4,デイトンウェイ,牡,2,岩田望来,53☆,18,3,１, 内,芝1200,良,,(栗),野中賢二,1116,-0.0,,4,4,35.1,488,,
,"2020. 8. 2",新潟,2新4,新馬,新馬,7,15,ハヴァス,牡,2,丸山元気, 54 ,18,6,１, 外,芝1600,良,,(栗),橋口慎介,1356,-0.2,,2,2,34.2,454,,
,"2020. 8. 2",新潟,2新4,未勝利,未勝利,3,5,クリノキングボス,牡,3,幸英明, 56 ,15,1,１, ,ダ1800,稍,,(栗),南井克巳,1529,-0.3,7,3,2,37.7,470,-8,B
,"2020. 8. 2",新潟,2新4,未勝利,未勝利,2,4,セルレア,牝,3,菊沢一樹,53☆,18,7,１, 内,芝1000,良,,(美),菊沢隆徳,0552,-0.1,,,4,33.1,452,-8,
,"2020. 8. 2",新潟,2新4,未勝利,未勝利,4,7,サウンドレベッカ,牝,3,川田将雅, 54 ,18,1,１, 外,芝1800,良,,(栗),安達昭夫,1467,-0.2,,6,6,33.8,456,+6,
,"2020. 8. 2",新潟,2新4,未勝利,未勝利*,4,7,ニシノアジャスト,牡,2,幸英明, 54 ,18,2,１, 内,芝1200,良,,(美),小手川準,1101,-0.1,,11,12,34.6,516,-6,
,"2020. 8. 1",新潟,2新3,1勝,１勝ｸﾗｽ,7,15,ヤマニンベリンダ,牝,6,小林脩斗,52▲,18,5,１, 内,芝1000,良,,(美),星野忍,0558,-0.0,,,11,33.3,470,+8,
,"2020. 8. 1",新潟,2新3,3勝,新潟日Ｈ･3勝,1,1,アフランシール,牝,4,川田将雅, 53 ,18,2,１, 内,芝1400,良,,(美),尾関知人,1204,-0.3,,6,6,34.3,490,-6,
,"2020. 8. 1",新潟,2新3,2勝,月岡温泉･2勝,2,3,サトノウィザード,牡,4,福永祐一, 57 ,18,1,１, 外,芝1600,良,,(栗),松田国英,1327,-0.5,,13,13,32.4,482,-8,B
,"2020. 8. 1",新潟,2新3,2勝,麒麟山特･2勝,8,14,ウインネプチューン,牡,5,国分優作, 57 ,15,10,１, ,ダ1800,稍,,(栗),飯田雄三,1513,-0.2,2,3,2,37.3,508,+28,B
,"2020. 8. 1",新潟,2新3,ＪＧ３,新潟ジャJG3,2,2,フォイヤーヴェルク,牡,7,森一馬, 60 ,14,1,１, ,芝3250,稍,,(栗),池江泰寿,3307,-1.0,5,4,3,13.0,456,0,
,"2020. 8. 1",新潟,2新3,1勝,１勝ｸﾗｽ,5,8,アスターマリンバ,牡,3,松若風馬, 54 ,15,1,１, ,ダ1800,稍,,(栗),中竹和也,1521,-0.6,2,2,1,37.5,526,+8,
,"2020. 8. 1",新潟,2新3,未勝利,未勝利,1,1,エールオンレール,牝,3,福永祐一, 54 ,18,6,１, 内,芝2200,稍,,(栗),武英智,2135,-0.1,4,9,9,35.6,460,+6,
,"2020. 8. 1",新潟,2新3,新馬,新馬,6,12,アドマイヤハダル,牡,2,福永祐一, 54 ,16,5,１, 外,芝1800,稍,,(栗),大久保龍,1486,-0.0,,3,2,34.2,472,,
,"2020. 8. 1",新潟,2新3,未勝利,未勝利,4,7,ベラール,牡,3,岩田望来,55☆,15,1,１, ,ダ1200,重,,(栗),武幸四郎,1115,-0.5,,5,3,36.7,480,0,
,"2020. 8. 1",新潟,2新3,未勝利,未勝利,2,2,バロンデッセ,牡,3,和田竜二, 56 ,15,1,１, ,ダ1800,重,,(栗),松田国英,1531,-0.6,5,2,1,38.2,478,-10,
,"2020. 8. 1",新潟,2新3,未勝利,未勝利*,5,9,フォティノース,牝,2,福永祐一, 54 ,17,1,１, 外,芝1600,稍,,(栗),杉山晴紀,1341,-0.0,,5,5,33.4,428,-2,
,"2020. 8. 1",新潟,2新3,未勝利,未勝利*,2,2,クールシャワー,牡,2,藤井勘一, 54 ,15,5,１, ,ダ1200,重,,(栗),清水久詞,1117,-0.0,,1,1,37.8,458,-2,
,"2020. 7.26",新潟,2新2,1勝,１勝ｸﾗｽ,1,1,グランマリアージュ,牝,3,松山弘平, 52 ,15,3,１, ,ダ1200,稍,,(栗),牧浦充徳,1106,-0.3,,1,1,36.4,454,+6,
,"2020. 7.26",新潟,2新2,Ｇ３,アイビスG3,5,9,ジョーカナチャン,牝,5,菱田裕二, 54 ,18,2,１, 内,芝1000,良,,(栗),松下武士,0545,-0.0,,,1,32.8,460,0,
,"2020. 7.26",新潟,2新2,2勝,苗場特別･2勝,8,14,ツブラナヒトミ,牡,5,松山弘平, 57 ,14,2,１, ,ダ1800,稍,,(栗),中竹和也,1512,-0.2,2,2,2,36.4,504,-2,
,"2020. 7.26",新潟,2新2,2勝,糸魚川特･2勝,6,6,レイパパレ,牝,3,川田将雅, 52 ,9,1,１, 外,芝1800,良,,(栗),高野友和,1453,-0.3,,3,3,33.2,430,-6,
,"2020. 7.26",新潟,2新2,1勝,１勝ｸﾗｽ・牝,1,2,シャレード,牝,3,戸崎圭太, 52 ,18,2,１, 外,芝2000,良,,(栗),藤原英昭,1589,-0.0,,12,11,33.7,500,+6,
,"2020. 7.26",新潟,2新2,未勝利,未勝利,2,3,ジンフラッシュ,牡,3,武士沢友, 56 ,15,7,１, ,ダ1800,稍,,(美),小野次郎,1531,-0.7,3,3,3,38.8,484,+6,
,"2020. 7.26",新潟,2新2,新馬,新馬,2,2,サルビア,牝,2,福永祐一, 54 ,15,2,１, 内,芝1400,良,,(栗),鈴木孝志,1223,-0.1,,4,3,34.6,462,,
,"2020. 7.26",新潟,2新2,新馬,新馬,2,2,ドゥラヴェルデ,牡,2,北村宏司, 54 ,13,4,１, 外,芝1800,良,,(美),木村哲也,1495,-0.5,,8,7,33.1,506,,
,"2020. 7.26",新潟,2新2,未勝利,未勝利,6,12,コトブキテティス,牝,3,戸崎圭太, 54 ,18,1,１, 内,芝2000,良,,(美),田島俊明,2007,-0.2,11,5,5,35.7,428,+2,
,"2020. 7.26",新潟,2新2,未勝利,未勝利,8,14,トレッファー,牝,3,松山弘平, 54 ,15,3,１, ,ダ1200,稍,,(栗),本田優,1120,-0.5,,2,2,37.4,422,+2,
,"2020. 7.26",新潟,2新2,未勝利,未勝利,8,18,グラニータ,牝,3,西村淳也, 54 ,18,1,１, 外,芝1600,良,,(栗),今野貞一,1340,-0.3,,3,3,33.6,458,+12,
,"2020. 7.26",新潟,2新2,未勝利,未勝利*,7,12,ファルヴォーレ,牡,2,福永祐一, 54 ,14,3,１, 内,芝1400,良,,(栗),高橋義忠,1221,-0.2,,11,9,35.2,424,-4,
,"2020. 7.25",新潟,2新1,1勝,１勝ｸﾗｽ,3,6,ツルネ,牝,3,吉田豊, 52 ,18,2,１, 外,芝1600,良,,(美),高橋文雅,1338,-0.2,,12,12,32.7,478,+2,
,"2020. 7.25",新潟,2新1,3勝,越後ＳＨ･3勝,2,3,メイショウギガース,牡,6,幸英明, 54 ,15,9,１, ,ダ1200,稍,,(栗),岡田稲男,1099,-0.2,,12,11,35.2,488,+14,B
,"2020. 7.25",新潟,2新1,2勝,豊栄特別･2勝,6,11,ハーフバック,牝,4,高倉稜, 55 ,17,4,１, 内,芝1400,良,,(栗),杉山晴紀,1205,-0.0,,9,8,34.0,466,-6,
,"2020. 7.25",新潟,2新1,1勝,燕特別･1勝,2,4,エンデュミオン,牡,3,秋山真一, 54 ,16,2,１, 内,芝2400,良,,(栗),清水久詞,2246,-0.6,3,3,3,34.7,444,-2,
,"2020. 7.25",新潟,2新1,1勝,１勝ｸﾗｽ,7,12,フレイムウィングス,牡,3,西村淳也, 54 ,15,2,１, ,ダ1800,稍,,(栗),岡田稲男,1518,-0.0,4,3,3,37.7,472,-6,
,"2020. 7.25",新潟,2新1,未勝利,未勝利,4,7,カイザーライン,牡,3,福永祐一, 56 ,18,1,１, 外,芝1800,稍,,(栗),藤原英昭,1459,-0.0,,3,3,34.1,508,-2,
,"2020. 7.25",新潟,2新1,新馬,新馬,1,1,ラストリージョ,牝,2,柴田大知, 54 ,15,8,１, ,ダ1200,稍,,(美),蛯名利弘,1123,-0.3,,5,5,36.7,456,,
,"2020. 7.25",新潟,2新1,新馬,新馬,7,15,リフレイム,牝,2,木幡巧也, 54 ,18,4,１, 外,芝1600,稍,,(美),黒岩陽一,1348,-0.1,,1,1,34.3,490,,
,"2020. 7.25",新潟,2新1,未勝利,未勝利,6,10,ベルダーイメル,牡,3,泉谷楓真,53▲,15,4,１, ,ダ1800,稍,,(栗),本田優,1522,-1.1,2,1,1,37.8,452,0,
,"2020. 7.25",新潟,2新1,未勝利,未勝利,4,6,プレシャスガール,牝,3,斎藤新,53☆,15,6,１, ,ダ1200,稍,,(栗),藤岡健一,1113,-0.4,,1,1,37.7,472,+2,
,"2020. 7.25",新潟,2新1,未勝利,未勝利*,5,6,ワンダフルタウン,牡,2,和田竜二, 54 ,13,1,１, 外,芝1800,稍,,(栗),高橋義忠,1465,-1.3,,4,4,34.0,448,+4,
,"2020. 7.25",新潟,2新1,未勝利,未勝利*,5,9,ピュアエール,牝,2,柴田大知, 54 ,16,3,１, 内,芝1000,稍,*,(美),松永康利,0558,-0.3,,,1,32.8,440,-10,
,"2020. 5.24",新潟,1新6,2勝,火打山特･2勝,7,13,スズカモナミ,牝,6,川又賢治, 55 ,15,6,１, ,ダ1200,良,,(栗),吉村圭司,1118,-0.0,,6,8,36.8,428,-2,
,"2020. 5.24",新潟,1新6,ｵｰﾌﾟﾝ,韋駄天ＳＨ,5,10,ライオンボス,牡,5,鮫島克駿,57.5,16,1,１, 内,芝1000,良,,(美),和田正一,0542,-0.0,,,2,32.1,542,-4,
,"2020. 5.24",新潟,1新6,1勝,二王子特･1勝,8,12,レッドアルマーダ,セ,4,団野大成, 57 ,13,9,１, 外,芝1800,良,,(美),藤沢和雄,1473,-0.3,,3,4,33.2,540,+12,
,"2020. 5.24",新潟,1新6,1勝,１勝ｸﾗｽ,7,12,アヴォンリー,牝,4,川又賢治, 55 ,15,4,１, ,ダ1200,良,,(美),竹内正洋,1110,-0.7,,2,2,36.3,472,-4,
,"2020. 5.24",新潟,1新6,1勝,１勝ｸﾗｽ,7,13,タガノスカイハイ,牡,5,鮫島克駿, 57 ,15,4,１, 内,芝1400,良,,(栗),角田晃一,1227,-0.0,,8,6,34.2,498,-2,
,"2020. 5.24",新潟,1新6,1勝,１勝ｸﾗｽ・若,1,1,トゥルボー,牡,4,鮫島克駿, 57 ,12,2,１, ,ダ1800,良,,(美),小笠倫弘,1527,-0.1,7,7,6,38.2,498,+4,B
,"2020. 5.24",新潟,1新6,未勝利,未勝利,4,8,パーディシャー,牡,3,吉田隼人, 56 ,16,1,１, 内,芝2200,良,,(美),久保田貴,2153,-0.1,6,5,5,36.6,428,0,
,"2020. 5.24",新潟,1新6,未勝利,未勝利・牝,8,15,アドマイヤミモザ,牝,3,吉田隼人, 54 ,16,2,１, 外,芝1800,良,,(栗),友道康夫,1463,-0.0,,4,2,34.8,482,+10,
,"2020. 5.24",新潟,1新6,未勝利,障害未勝利,6,10,ダノンキングダム,牡,6,高田潤, 60 ,14,1,１, ,芝2890,良,,(栗),安田隆行,3065,-2.1,1,1,1,12.9,494,+4,
,"2020. 5.24",新潟,1新6,未勝利,未勝利,4,7,ライトマイファイア,牡,3,岩田望来,55☆,15,3,１, ,ダ1800,良,,(栗),五十嵐忠,1537,-0.3,9,8,8,37.4,500,0,
,"2020. 5.24",新潟,1新6,未勝利,未勝利,3,5,ヤサカパフィー,牝,3,勝浦正樹, 54 ,15,5,１, ,ダ1200,良,,(美),水野貴広,1119,-0.7,,1,1,37.8,478,+6,
,"2020. 5.24",新潟,1新6,未勝利,未勝利,3,5,デトロイトテソーロ,牝,3,菅原明良,52△,16,1,１, 内,芝1200,良,,(美),高木登,1091,-0.4,,1,1,35.2,470,0,
,"2020. 5.23",新潟,1新5,1勝,荒川峡特･1勝,7,8,ロゼフェニックス,牡,5,勝浦正樹, 57 ,11,7,１, 内,芝2400,良,,(美),高橋義博,2280,-0.0,5,5,5,35.3,430,-4,
,"2020. 5.23",新潟,1新5,2勝,大日岳特･2勝,7,14,フォッサマグナ,牡,4,杉原誠人, 57 ,16,1,１, 内,芝1200,良,,(美),藤沢和雄,1089,-0.0,,3,2,34.9,486,+10,
,"2020. 5.23",新潟,1新5,1勝,早苗賞･1勝*,3,4,バビット,牡,3,団野大成, 56 ,14,5,１, 外,芝1800,良,,(栗),浜田多実,1478,-0.0,,1,1,33.8,454,+2,
,"2020. 5.23",新潟,1新5,1勝,１勝ｸﾗｽ,1,1,タピゾー,牡,6,岩田望来,56☆,14,4,１, ,ダ1800,良,,(美),菊川正達,1533,-0.3,2,2,2,38.1,492,-4,B
,"2020. 5.23",新潟,1新5,1勝,１勝ｸﾗｽ,8,15,トーホウレジーナ,牝,6,藤田菜七,53◇,16,2,１, 内,芝1000,良,,(栗),高橋亮,0546,-0.6,,,1,32.5,492,-4,
,"2020. 5.23",新潟,1新5,1勝,１勝ｸﾗｽ・牝,3,5,ハナブショウ,牝,4,岩田望来,54☆,15,1,１, ,ダ1200,良,,(美),相沢郁,1118,-0.3,,3,3,37.3,452,0,
,"2020. 5.23",新潟,1新5,未勝利,未勝利,3,5,プティシュシュ,牝,3,団野大成,53☆,16,1,１, 外,芝1600,良,,(栗),佐々木晶,1356,-0.1,,1,1,34.6,440,0,B
,"2020. 5.23",新潟,1新5,未勝利,未勝利・若,8,15,キングダムウイナー,牡,3,川又賢治, 56 ,15,7,１, ,ダ1800,稍,,(栗),矢作芳人,1545,-0.1,7,5,4,38.7,486,-10,
,"2020. 5.23",新潟,1新5,ｵｰﾌﾟﾝ,障害・オープ,1,1,マイネルアトゥー,牡,7,平沢健治, 61 ,14,3,１, ,芝3290,良,*,(栗),吉田直弘,3345,-0.0,2,1,1,13.0,468,-4,
,"2020. 5.23",新潟,1新5,未勝利,未勝利,5,9,アルカウン,牝,3,藤田菜七,52◇,15,2,１, ,ダ1200,稍,,(美),田村康仁,1126,-0.3,,1,1,37.6,426,+2,
,"2020. 5.23",新潟,1新5,未勝利,未勝利・牝,6,11,ワンダーシエンプロ,牝,3,岩田望来,53☆,15,3,１, ,ダ1800,稍,,(栗),高柳大輔,1537,-0.0,2,2,2,37.7,434,+2,
,"2020. 5.23",新潟,1新5,未勝利,障害未勝利,1,1,マスラオ,セ,6,金子光希, 60 ,14,4,１, ,芝2890,良,,(美),金成貴史,3087,-0.7,4,4,4,13.1,460,+4,
,"2020. 5.17",新潟,1新4,2勝,中ノ岳Ｈ･2勝,5,8,ララメダイユドール,牡,6,中井裕二, 56 ,15,11,１, ,ダ1800,良,,(栗),今野貞一,1525,-0.0,3,2,2,37.1,500,-12,
,"2020. 5.17",新潟,1新4,3勝,八海山Ｓ･3勝,3,5,エルモンストロ,牡,4,岩田望来, 57 ,15,1,１, ,ダ1200,良,,(栗),角居勝彦,1099,-0.2,,5,5,35.8,472,-8,
,"2020. 5.17",新潟,1新4,1勝,胎内川特･1勝,1,1,ハートウォーミング,牝,4,吉田隼人, 55 ,12,3,１, 外,芝2000,良,,(栗),角田晃一,2017,-0.1,,3,3,34.8,468,-2,
,"2020. 5.17",新潟,1新4,1勝,１勝ｸﾗｽ,6,7,ベルジュネス,セ,4,丹内祐次, 57 ,12,3,１, ,ダ1800,良,,(美),畠山吉宏,1537,-0.4,4,4,4,38.3,454,-2,B
,"2020. 5.17",新潟,1新4,1勝,１勝ｸﾗｽ,8,16,コンピレーション,セ,6,西田雄一, 57 ,16,1,１, 内,芝1000,良,,(美),手塚貴久,0560,-0.1,,,4,33.4,478,+6,
,"2020. 5.17",新潟,1新4,1勝,１勝ｸﾗｽ,2,2,シルバークレイン,牝,4,水口優也, 55 ,15,11,１, ,ダ1200,稍,,(栗),羽月友彦,1116,-0.0,,6,6,36.8,454,+4,
,"2020. 5.17",新潟,1新4,未勝利,未勝利・若,6,10,アベックフォルス,牡,3,秋山稔樹,53▲,14,2,１, ,ダ1800,稍,,(美),加藤士津,1539,-0.0,1,1,1,37.8,492,+6,
,"2020. 5.17",新潟,1新4,未勝利,障害未勝利,6,10,クールエイジア,牡,8,伴啓太, 60 ,14,7,１, ,芝2890,稍,,(美),鈴木伸尋,3108,-0.0,8,3,3,13.2,462,-2,
,"2020. 5.17",新潟,1新4,未勝利,障害未勝利,6,10,フォイヤーヴェルク,牡,7,森一馬, 60 ,14,1,１, ,芝2890,稍,,(栗),池江泰寿,3094,-1.3,5,3,3,13.1,456,+2,
,"2020. 5.17",新潟,1新4,未勝利,未勝利・牝,4,6,ユースフルラヴ,牝,3,黛弘人, 54 ,14,4,１, ,ダ1800,稍,,(美),田中博康,1548,-0.4,8,7,7,38.0,414,-4,
,"2020. 5.17",新潟,1新4,未勝利,未勝利,5,8,アルマイナンナ,牝,3,菱田裕二, 54 ,14,4,１, 外,芝1800,稍,,(美),高橋文雅,1487,-0.3,,2,2,35.7,436,+8,
,"2020. 5.17",新潟,1新4,未勝利,未勝利,1,1,タイキスウォード,牡,3,菊沢一樹,55☆,16,1,１, 内,芝1400,稍,,(美),高橋祥泰,1230,-0.6,,1,1,36.4,454,+4,
,"2020. 5.16",新潟,1新3,2勝,赤倉特別･2勝,4,4,ハンターバレー,牡,4,丸田恭介, 57 ,9,3,１, 外,芝2000,良,,(美),宗像義忠,2021,-0.2,,8,8,33.8,492,+6,
,"2020. 5.16",新潟,1新3,3勝,パールＳ･3勝,6,9,アンドラステ,牝,4,岩田望来, 55 ,14,1,１, 外,芝1800,良,,(栗),中内田充,1475,-0.1,,9,8,33.5,466,+8,
,"2020. 5.16",新潟,1新3,1勝,わらび賞･1勝,1,1,ショウナンマリオ,牡,3,吉田隼人, 56 ,15,1,１, ,ダ1800,稍,,(美),加藤士津,1540,-0.4,6,6,6,37.5,470,+4,
,"2020. 5.16",新潟,1新3,1勝,１勝ｸﾗｽ,4,4,ブレーヴユニコーン,牡,4,菱田裕二, 57 ,11,1,１, 内,芝2200,良,,(美),久保田貴,2152,-0.0,5,5,4,35.7,520,-2,
,"2020. 5.16",新潟,1新3,1勝,１勝ｸﾗｽ・若,6,10,ビートマジック,セ,4,団野大成,56☆,15,6,１, ,ダ1200,良,,(美),栗田徹,1117,-0.1,,3,3,37.3,464,-4,
,"2020. 5.16",新潟,1新3,1勝,１勝ｸﾗｽ・牝,4,7,アラゴネーゼ,牝,4,横山武史, 55 ,15,2,１, ,ダ1800,良,,(美),和田正一,1530,-0.1,10,1,1,38.7,484,0,
,"2020. 5.16",新潟,1新3,未勝利,未勝利,7,13,ルドラクシャ,牝,3,杉原誠人, 54 ,16,5,１, 内,芝1000,良,,(美),松山将樹,0558,-0.0,,,2,33.7,444,+4,
,"2020. 5.16",新潟,1新3,未勝利,未勝利,8,15,マイネルコロンブス,牡,3,柴田大知, 56 ,16,13,１, 内,芝2400,良,,(美),清水英克,2301,-0.0,15,12,13,35.7,468,+2,
,"2020. 5.16",新潟,1新3,未勝利,未勝利,7,12,カミノホウオー,牡,3,藤田菜七,54◇,15,1,１, ,ダ1200,良,,(美),竹内正洋,1115,-1.3,,1,1,36.9,508,-10,
,"2020. 5.16",新潟,1新3,未勝利,未勝利・牝,7,13,スターライトジャズ,牝,3,岩田望来,53☆,16,3,１, 内,芝2000,良,,(栗),高橋義忠,2022,-0.2,3,3,3,35.5,450,+14,
,"2020. 5.16",新潟,1新3,未勝利,未勝利,5,8,ヴァンデリオン,牡,3,藤田菜七,54◇,15,1,１, ,ダ1200,良,,(美),根本康広,1119,-0.8,,3,3,37.1,470,-10,
,"2020. 5.16",新潟,1新3,未勝利,未勝利,5,9,ネオボーゲン,牡,3,横山武史, 56 ,15,9,１, ,ダ1800,良,,(美),鈴木伸尋,1561,-0.0,3,5,5,38.1,420,-4,
,"2020. 5.10",新潟,1新2,1勝,五泉特別･1勝,2,4,マイネルアムニス,牡,6,柴田大知, 57 ,16,8,１, 内,芝1200,良,,(美),畠山吉宏,1094,-0.1,,2,2,35.6,508,+2,B
,"2020. 5.10",新潟,1新2,Ｇ３,新潟大賞ＨG3,5,9,トーセンスーリヤ,牡,5,横山和生, 54 ,16,10,１, 外,芝2000,良,,(美),小野次郎,1586,-0.2,,4,4,35.0,482,-6,
,"2020. 5.10",新潟,1新2,2勝,邁進特別･2勝,4,8,ボーンスキルフル,牝,5,蛯名正義, 55 ,16,2,１, 内,芝1000,良,*,(栗),牧浦充徳,0561,-0.0,,,2,33.7,464,+26,
,"2020. 5.10",新潟,1新2,1勝,１勝ｸﾗｽ,7,7,グッドヘルスバイオ,牡,4,団野大成,56☆,10,4,１, ,ダ1800,稍,,(栗),池添学,1530,-0.0,4,3,3,39.0,468,-4,
,"2020. 5.10",新潟,1新2,1勝,１勝ｸﾗｽ・牝,7,11,ウインメルシー,牝,4,柴山雄一, 55 ,13,1,１, 外,芝1600,良,,(美),鈴木伸尋,1339,-0.2,,7,7,34.4,474,+12,
,"2020. 5.10",新潟,1新2,1勝,１勝ｸﾗｽ,7,12,ナイスプリンセス,牝,4,丸田恭介, 55 ,15,1,１, ,ダ1200,稍,,(美),石栗龍彦,1115,-0.0,,9,9,36.6,438,-2,
,"2020. 5.10",新潟,1新2,未勝利,未勝利,8,15,マリノソフィア,牝,3,吉田隼人, 54 ,16,6,１, 外,芝1800,良,,(美),奥平雅士,1475,-0.3,,3,3,34.8,448,-10,
,"2020. 5.10",新潟,1新2,未勝利,未勝利,6,11,クロワドフェール,牝,3,岩田望来,53☆,16,2,１, 内,芝1200,良,,(栗),斉藤崇史,1094,-0.4,,4,4,34.6,442,+12,
,"2020. 5.10",新潟,1新2,未勝利,障害未勝利,8,14,マーニ,牡,4,三津谷隼, 59 ,14,3,１, ,芝2890,良,,(栗),鮫島一歩,3076,-0.6,1,1,1,13.0,452,-8,
,"2020. 5.10",新潟,1新2,未勝利,未勝利,4,7,レーシングマインド,牡,3,鮫島克駿, 56 ,15,1,１, ,ダ1800,稍,,(栗),浅見秀一,1541,-0.0,5,3,3,39.1,460,-2,
,"2020. 5.10",新潟,1新2,未勝利,未勝利,4,6,ジョーフォレスト,牡,3,吉田隼人, 56 ,15,1,１, ,ダ1200,稍,,(栗),清水久詞,1119,-0.6,,2,2,37.8,488,0,
,"2020. 5.10",新潟,1新2,未勝利,未勝利・牝,6,9,セイウンヒロイン,牝,3,黛弘人, 54 ,14,6,１, ,ダ1800,稍,,(美),奥平雅士,1549,-0.2,2,2,2,38.4,498,-2,B
,"2020. 5. 9",新潟,1新1,1勝,春日山特･1勝,7,8,ブルーエクセレンス,牡,4,吉田隼人, 57 ,11,5,１, 外,芝2000,良,,(美),金成貴史,1599,-0.2,,7,7,34.4,482,-2,
,"2020. 5. 9",新潟,1新1,OP(L),谷川岳Ｓ(L),6,11,アストラエンブレム,セ,7,三浦皇成, 57 ,16,1,１, 外,芝1600,良,,(美),小島茂之,1335,-0.0,,6,5,33.2,472,+2,
,"2020. 5. 9",新潟,1新1,1勝,はやぶさ･1勝,5,7,ヴェントヴォーチェ,牡,3,蛯名正義, 56 ,14,1,１, 内,芝1000,良,,(栗),牧浦充徳,0551,-0.3,,,4,32.7,500,+4,
,"2020. 5. 9",新潟,1新1,1勝,１勝ｸﾗｽ,4,5,サトノエメラルド,牡,5,斎藤新,56☆,14,7,１, ,ダ1800,良,,(栗),安田隆行,1533,-0.3,1,1,1,37.8,484,+14,
,"2020. 5. 9",新潟,1新1,1勝,１勝ｸﾗｽ,5,6,ミトロジー,牡,4,三浦皇成, 57 ,13,1,１, 外,芝1800,良,,(美),尾関知人,1468,-0.0,,12,12,33.0,484,0,
,"2020. 5. 9",新潟,1新1,1勝,１勝ｸﾗｽ・牝,8,14,ラヴノット,牝,5,小林凌大,52▲,15,7,１, ,ダ1200,良,,(美),小西一男,1117,-0.1,,2,2,37.2,490,-2,
,"2020. 5. 9",新潟,1新1,未勝利,未勝利・若,6,8,ディープキング,牡,3,岩田望来,55☆,13,1,１, 内,芝2000,良,,(栗),藤原英昭,2012,-0.5,4,6,4,35.5,474,+8,
,"2020. 5. 9",新潟,1新1,未勝利,未勝利,2,2,グランドストローク,牡,3,武藤雅, 56 ,15,5,１, ,ダ1200,良,,(美),水野貴広,1125,-0.4,,4,4,37.8,440,-4,
,"2020. 5. 9",新潟,1新1,ｵｰﾌﾟﾝ,障害・オープ,4,4,ヤマニンシルフ,牡,7,佐久間寛, 60 ,11,6,１, ,芝2890,良,,(栗),千田輝彦,3077,-0.2,5,3,4,13.0,452,-8,
,"2020. 5. 9",新潟,1新1,未勝利,未勝利・牝,6,10,フェールアシュバル,牝,3,団野大成,53☆,15,1,１, ,ダ1200,良,,(栗),佐々木晶,1129,-0.2,,1,1,38.1,482,0,
,"2020. 5. 9",新潟,1新1,未勝利,未勝利,5,9,ナムラタイガー,牡,3,吉田隼人, 56 ,15,1,１, ,ダ1800,良,,(栗),鈴木孝志,1542,-1.3,2,1,1,39.4,516,-2,
,"2020. 5. 9",新潟,1新1,未勝利,障害未勝利,6,9,シャリオヴァルト,セ,7,蓑島靖典, 60 ,14,4,１, ,芝2890,良,,(美),尾関知人,3089,-0.2,4,3,3,13.1,464,+2,
,2019.10.27,新潟,3新6,2勝,鳥屋野Ｈ･2勝,6,10,ラスティユース,牡,4,田中勝春, 54 ,15,7,１, ,ダ1800,重,,(美),松永康利,1527,-0.2,3,2,2,37.7,496,-2,
,2019.10.27,新潟,3新6,OP(L),ルミエー(L),6,12,レジーナフォルテ,牝,5,杉原誠人, 54 ,18,5,１, 内,芝1000,稍,,(美),佐藤吉勝,0564,-0.0,,,6,33.8,494,-2,
,2019.10.27,新潟,3新6,1勝,寺泊特別･1勝,8,13,ノーブルアース,牝,4,蛯名正義, 55 ,13,4,１, 外,芝1600,稍,,(栗),牧浦充徳,1364,-0.1,,12,10,33.8,476,-4,
,2019.10.27,新潟,3新6,1勝,１勝ｸﾗｽ,4,5,ショウナンバビアナ,牝,3,菅原明良,50▲,13,2,１, 外,芝1800,稍,,(美),上原博之,1483,-0.2,,1,1,35.5,478,+2,
,2019.10.27,新潟,3新6,1勝,１勝ｸﾗｽ,8,10,エリンアクトレス,牝,3,津村明秀, 53 ,11,1,１, ,ダ1200,重,,(美),清水英克,1107,-0.0,,2,2,36.4,476,-4,B
,2019.10.27,新潟,3新6,1勝,１勝ｸﾗｽ,5,5,リヴィエラ,牡,3,柴山雄一, 54 ,9,2,１, ,ダ2500,重,,(栗),渡辺薫彦,2410,-0.4,3,2,2,37.2,498,0,B
,2019.10.27,新潟,3新6,1勝,１勝ｸﾗｽ,5,9,ショウナンバニラ,牝,3,菅原明良,50▲,18,9,１, 内,芝1200,稍,,(美),武市康男,1104,-0.0,,18,18,34.0,424,-2,
,2019.10.27,新潟,3新6,新馬,新馬,5,9,ザイラ,牝,2,西村淳也,53☆,18,3,１, 内,芝1400,稍,,(栗),奥村豊,1238,-0.0,,4,4,36.0,482,,
,2019.10.27,新潟,3新6,未勝利,障害未勝利,6,10,ビーハグ,セ,7,山本康志, 60 ,14,1,１, ,芝2850,稍,,(美),松山将樹,3072,-0.0,2,2,2,13.1,476,-6,
,2019.10.27,新潟,3新6,1勝,１勝ｸﾗｽ・若,8,9,デッドアヘッド,牡,3,団野大成,52▲,10,1,１, ,ダ1800,重,,(美),藤沢和雄,1517,-1.0,2,2,1,36.6,478,-8,B
,2019.10.27,新潟,3新6,未勝利,未勝利*,5,8,ハヤブサペコムスメ,牝,2,吉田隼人, 54 ,15,1,１, ,ダ1200,重,,(美),尾形和幸,1119,-0.2,,2,2,37.2,452,+6,
,2019.10.27,新潟,3新6,未勝利,未勝利・牝*,2,2,メルテッドハニー,牝,2,山田敬士,51▲,15,7,１, 内,芝1400,稍,,(美),大江原哲,1229,-0.2,,5,4,36.4,390,-6,
,2019.10.26,新潟,3新5,1勝,松浜特別･1勝,7,7,トーセングラン,牡,3,横山和生, 55 ,8,3,１, 外,芝2000,稍,,(美),田村康仁,2002,-0.2,,3,3,35.1,424,+2,
,2019.10.26,新潟,3新5,2勝,柏崎特別･2勝,6,6,メイショウグロッケ,牝,5,蛯名正義, 55 ,8,5,１, 外,芝1600,稍,,(栗),荒川義之,1342,-0.7,,3,3,35.8,458,+4,
,2019.10.26,新潟,3新5,1勝,萬代橋特･1勝,7,8,ピッツィカート,セ,6,西村淳也, 57 ,10,2,１, 内,芝2400,稍,,(栗),音無秀孝,2290,-0.2,5,5,5,36.1,468,+2,
,2019.10.26,新潟,3新5,1勝,１勝ｸﾗｽ,3,3,レシプロケイト,牡,3,柴山雄一, 55 ,11,4,１, ,ダ1800,重,,(栗),鮫島一歩,1515,-0.2,2,2,1,38.2,502,0,
,2019.10.26,新潟,3新5,1勝,１勝ｸﾗｽ・牝,8,17,ペイシャドリーム,牝,3,的場勇人, 53 ,17,1,１, 内,芝1000,重,,(美),高橋義博,0565,-0.2,,,4,33.6,460,-2,
,2019.10.26,新潟,3新5,1勝,１勝ｸﾗｽ・若,4,6,キョウエイオビエド,牡,4,大塚海渡,54▲,15,9,１, ,ダ1200,不,,(美),勢司和浩,1107,-0.0,,1,1,36.5,478,-6,
,2019.10.26,新潟,3新5,1勝,１勝ｸﾗｽ・牝,4,4,チャチャチャ,牝,3,藤田菜七,50▲,12,1,１, ,ダ1800,不,,(栗),松田国英,1512,-0.4,2,2,1,37.9,436,0,
,2019.10.26,新潟,3新5,未勝利,未勝利*,3,3,プリンスチャーム,牡,2,横山武史,54☆,14,3,１, 内,芝1400,重,,(美),栗田徹,1228,-0.3,,1,1,37.0,442,+2,
,2019.10.26,新潟,3新5,ｵｰﾌﾟﾝ,障害・オープ,3,3,オールマンリバー,牡,7,難波剛健, 60 ,12,2,１, ,芝2850,重,,(栗),五十嵐忠,3056,-0.1,3,3,1,13.0,508,0,
,2019.10.26,新潟,3新5,1勝,１勝ｸﾗｽ,4,7,エアコンヴィーナ,牝,4,藤田菜七,52▲,15,1,１, ,ダ1200,不,,(美),大竹正博,1105,-0.3,,1,1,35.8,452,0,
,2019.10.26,新潟,3新5,未勝利,未勝利*,6,6,アスターマリンバ,牡,2,鮫島克駿, 55 ,11,2,１, ,ダ1800,不,,(栗),中竹和也,1542,-0.3,3,4,3,38.2,520,-6,
,2019.10.26,新潟,3新5,未勝利,障害未勝利,1,1,アサクサゲンキ,セ,4,熊沢重文, 60 ,14,4,１, ,芝2850,重,,(栗),音無秀孝,3072,-0.1,2,1,1,13.1,468,-2,
,2019.10.20,新潟,3新4,2勝,飛翼特Ｈ･2勝,7,15,ブリッジオーヴァー,牝,5,斎藤新, 52 ,18,4,１, 内,芝1000,稍,,(栗),安田翔伍,0554,-0.0,,,8,33.0,470,+6,
,2019.10.20,新潟,3新4,3勝,北陸Ｓ･3勝,1,1,テーオージーニアス,牡,4,川須栄彦, 57 ,15,1,１, ,ダ1200,重,,(栗),梅田智之,1092,-0.3,,4,4,35.1,502,-4,
,2019.10.20,新潟,3新4,1勝,十日町特･1勝,2,3,ハーフバック,牝,3,高倉稜, 53 ,18,6,１, 内,芝1400,稍,*,(栗),杉山晴紀,1226,-0.1,,17,17,34.4,472,+12,
,2019.10.20,新潟,3新4,1勝,１勝ｸﾗｽ,7,9,キングテセウス,牡,3,丸山元気, 55 ,11,1,１, 外,芝1800,稍,,(美),木村哲也,1482,-0.2,,3,2,34.5,502,+10,
,2019.10.20,新潟,3新4,1勝,１勝ｸﾗｽ,8,12,エースロッカー,セ,4,岩部純二, 57 ,13,2,１, ,ダ1200,重,,(美),中川公成,1102,-0.1,,3,3,35.4,488,+2,
,2019.10.20,新潟,3新4,1勝,１勝ｸﾗｽ・若,3,3,ハンターバレー,牡,3,大塚海渡,52▲,10,9,１, 外,芝2000,稍,,(美),宗像義忠,1599,-0.0,,6,6,34.8,478,+2,
,2019.10.20,新潟,3新4,1勝,１勝ｸﾗｽ,2,2,ワンダーコノシュア,牡,3,斎藤新,53△,9,4,１, ,ダ1800,重,,(美),斎藤誠,1506,-0.5,7,4,1,37.6,488,-6,
,2019.10.20,新潟,3新4,新馬,新馬・牝,2,3,ブライティアランド,牝,2,黛弘人, 54 ,15,7,１, 外,芝1600,稍,,(美),武井亮,1388,-0.0,,4,4,33.6,474,,
,2019.10.20,新潟,3新4,未勝利,障害未勝利,7,11,スマートボムシェル,牡,7,平沢健治, 60 ,14,1,１, ,芝2850,稍,,(栗),吉田直弘,3074,-0.4,6,3,3,13.2,504,-4,
,2019.10.20,新潟,3新4,1勝,１勝ｸﾗｽ・牝,4,4,オデュッセイア,牝,4,藤田菜七,52▲,12,2,１, ,ダ1800,重,,(美),新開幸一,1514,-0.3,9,7,7,37.5,478,+18,
,2019.10.20,新潟,3新4,未勝利,未勝利*,6,9,レイテントロアー,牡,2,嘉藤貴行, 55 ,14,2,１, ,ダ1200,重,,(美),田中清隆,1111,-0.6,,2,2,36.3,474,+2,
,2019.10.20,新潟,3新4,未勝利,未勝利*,1,1,ビオグラフィー,牝,2,斎藤新,52△,12,4,１, 外,芝1600,稍,,(栗),藤岡健一,1365,-0.3,,1,1,34.3,462,+10,
,2019.10.19,新潟,3新3,1勝,稲光特別･1勝,6,8,アルミューテン,牝,5,勝浦正樹, 55 ,12,3,１, 内,芝1000,稍,*,(美),南田美知,0565,-0.3,,,1,33.5,496,-6,
,2019.10.19,新潟,3新3,2勝,妙高特別･2勝,6,11,マラードザレコード,セ,5,吉田隼人, 57 ,15,1,１, ,ダ1200,重,,(栗),鈴木孝志,1091,-0.6,,1,1,36.0,462,-2,B
,2019.10.19,新潟,3新3,1勝,岩船特別･1勝,8,10,サンアップルトン,牡,3,柴田善臣, 54 ,11,4,１, 内,芝2200,稍,,(美),中野栄治,2157,-0.5,9,9,8,35.8,466,+2,
,2019.10.19,新潟,3新3,1勝,１勝ｸﾗｽ,2,2,カフェプリンス,牡,3,西村淳也,54☆,9,5,１, ,ダ1800,重,,(美),中舘英二,1510,-0.4,2,2,2,37.2,504,0,
,2019.10.19,新潟,3新3,1勝,１勝ｸﾗｽ・牝,8,16,キャンディストーム,牝,5,勝浦正樹, 55 ,18,9,１, 外,芝1600,稍,,(栗),千田輝彦,1358,-0.0,,11,11,34.7,492,0,
,2019.10.19,新潟,3新3,1勝,１勝ｸﾗｽ・若,6,7,トモジャドット,牡,3,菅原明良,52▲,12,3,１, ,ダ1200,稍,,(美),小笠倫弘,1105,-0.0,,2,2,36.2,532,-4,
,2019.10.19,新潟,3新3,未勝利,未勝利*,4,4,シークレットローザ,牝,2,斎藤新,52△,9,3,１, 外,芝1800,良,,(美),田村康仁,1488,-0.1,,3,3,36.2,460,+2,
,2019.10.19,新潟,3新3,未勝利,未勝利*,1,1,チェアリングソング,牡,2,藤田菜七,52▲,16,3,１, 内,芝1200,良,,(美),青木孝文,1110,-0.1,,3,3,35.7,454,+4,
,2019.10.19,新潟,3新3,ｵｰﾌﾟﾝ,障害・オープ,8,9,ノワールギャルソン,牡,7,江田勇亮, 61 ,10,1,１, ,芝3250,良,,(美),田村康仁,3363,-0.2,1,2,1,13.3,450,-4,
,2019.10.19,新潟,3新3,1勝,１勝ｸﾗｽ,2,2,ソフトポジション,牡,4,西村淳也,56☆,10,7,１, ,ダ1200,稍,,(栗),山内研二,1117,-0.1,,2,1,37.3,470,+4,
,2019.10.19,新潟,3新3,未勝利,未勝利*,5,6,エウロパ,牝,2,菅原明良,51▲,12,1,１, ,ダ1800,稍,,(美),尾形和幸,1545,-0.4,2,2,2,38.4,454,-6,
,2019.10.19,新潟,3新3,未勝利,障害未勝利,7,11,スワーヴポルトス,牡,4,森一馬, 60 ,14,6,１, ,芝2850,良,,(栗),庄野靖志,3072,-0.2,4,4,2,13.1,450,-4,
,"2019.10. 6",新潟,3新2,2勝,菅名岳特･2勝,8,15,グレースゼット,牝,3,川須栄彦, 53 ,15,1,１, ,ダ1800,重,,(栗),宮徹,1501,-0.2,1,1,1,37.8,512,+2,
,"2019.10. 6",新潟,3新2,OP(L),信越ＳＨ(L),1,2,アルーシャ,牝,4,丸山元気, 53 ,17,3,１, 内,芝1400,良,,(美),藤沢和雄,1213,-0.0,,13,11,34.4,438,-4,
,"2019.10. 6",新潟,3新2,1勝,粟島特別･1勝,3,3,エピックスター,セ,4,藤田菜七, 57 ,10,5,１, 外,芝1800,良,,(美),田村康仁,1475,-0.1,,7,7,33.8,442,-2,
,"2019.10. 6",新潟,3新2,1勝,１勝ｸﾗｽ,1,1,トーセングラン,牡,3,横山和生, 55 ,15,8,１, 外,芝2000,良,,(美),田村康仁,2007,-0.0,,2,2,34.2,422,+2,
,"2019.10. 6",新潟,3新2,1勝,１勝ｸﾗｽ,6,6,メメランタン,牡,3,和田翼, 54 ,9,2,１, ,ダ2500,重,,(栗),武幸四郎,2388,-0.4,4,4,3,38.3,532,+16,
,"2019.10. 6",新潟,3新2,1勝,１勝ｸﾗｽ・若,8,14,ケプラー,牡,3,菊沢一樹,54☆,15,6,１, ,ダ1200,重,,(栗),千田輝彦,1109,-0.1,,1,1,36.4,472,-8,
,"2019.10. 6",新潟,3新2,未勝利,未勝利*,8,15,ジュニパーベリー,牝,2,嶋田純次, 54 ,16,1,１, 内,芝1000,稍,,(美),手塚貴久,0557,-0.2,,,5,33.0,458,+4,B
,"2019.10. 6",新潟,3新2,新馬,新馬,5,8,キラービー,牡,2,丸田恭介, 55 ,15,9,１, ,ダ1200,不,,(美),青木孝文,1135,-0.2,,8,7,37.5,430,,
,"2019.10. 6",新潟,3新2,未勝利,障害未勝利,6,9,タイセイアプローズ,牡,7,平沢健治, 60 ,13,1,１, ,芝2850,稍,,(栗),宮本博,3067,-0.9,3,1,1,13.1,478,-10,
,"2019.10. 6",新潟,3新2,1勝,１勝ｸﾗｽ,2,2,フィルストバーン,セ,3,斎藤新,52▲,15,2,１, ,ダ1800,不,,(美),斎藤誠,1509,-0.0,2,1,1,38.1,464,+2,
,"2019.10. 6",新潟,3新2,未勝利,未勝利・牝*,7,12,ゴーゴーチアフル,牝,2,三津谷隼,51▲,14,5,１, ,ダ1200,不,,(栗),中竹和也,1115,-0.2,,3,3,36.6,490,-2,
,"2019.10. 6",新潟,3新2,未勝利,未勝利*,3,3,ワスカランテソーロ,牡,2,柴山雄一, 55 ,12,1,１, 内,芝2000,稍,,(美),畠山吉宏,2028,-0.0,3,3,2,37.0,490,+2,
,"2019.10. 5",新潟,3新1,1勝,飛翔特別･1勝,7,15,ファストアズエバー,牝,3,西田雄一, 53 ,18,1,１, 内,芝1000,良,,(栗),牧浦充徳,0558,-0.1,,,5,33.4,458,+4,
,"2019.10. 5",新潟,3新1,2勝,魚沼特別･2勝,5,5,エリティエール,牝,5,横山武史, 55 ,7,3,１, 外,芝2000,良,*,(美),大竹正博,2019,-0.1,,4,3,32.9,442,-4,
,"2019.10. 5",新潟,3新1,1勝,瓢湖特別･1勝,8,10,ピボットポイント,牡,4,中谷雄太, 57 ,10,9,１, 内,芝2200,良,,(栗),松下武士,2148,-0.2,1,1,1,34.9,478,+18,B
,"2019.10. 5",新潟,3新1,1勝,１勝ｸﾗｽ,8,13,パリテソーロ,牝,3,藤田菜七,50▲,13,2,１, ,ダ1200,稍,,(美),金成貴史,1115,-0.3,,2,2,37.0,430,-8,
,"2019.10. 5",新潟,3新1,1勝,１勝ｸﾗｽ・牝,7,10,シーオブザムーン,牝,3,藤田菜七,50▲,12,2,１, 外,芝2000,稍,,(美),金成貴史,1587,-0.2,,10,10,34.7,462,+2,
,"2019.10. 5",新潟,3新1,1勝,１勝ｸﾗｽ,6,6,キクノフェリックス,牡,5,藤田菜七,54▲,10,2,１, ,ダ1800,稍,,(栗),吉田直弘,1513,-0.6,6,7,8,36.8,484,0,
,"2019.10. 5",新潟,3新1,1勝,１勝ｸﾗｽ・若,3,5,カステヘルミ,牝,3,横山武史,52☆,18,1,１, 内,芝1200,稍,*,(美),岩戸孝樹,1088,-0.2,,1,1,34.8,424,+2,
,"2019.10. 5",新潟,3新1,1勝,１勝ｸﾗｽ・牝,8,13,クリスタルアワード,牝,3,藤田菜七,50▲,14,2,１, ,ダ1200,稍,,(美),伊藤圭三,1118,-0.0,,2,2,37.5,446,-6,
,"2019.10. 5",新潟,3新1,ｵｰﾌﾟﾝ,障害・オープ,7,12,フランドル,セ,6,高田潤, 60 ,14,2,１, ,芝2850,稍,,(栗),藤原英昭,3063,-0.1,4,7,6,13.1,486,0,
,"2019.10. 5",新潟,3新1,未勝利,未勝利*,7,12,イエロージニア,牝,2,斎藤新,51▲,15,4,１, ,ダ1200,重,,(美),斎藤誠,1133,-0.1,,1,1,38.2,434,0,
,"2019.10. 5",新潟,3新1,未勝利,未勝利*,7,12,ショウナンマリオ,牡,2,菅原明良,52▲,14,2,１, ,ダ1800,重,,(美),加藤士津,1530,-0.4,2,4,4,37.6,456,-2,
,"2019.10. 5",新潟,3新1,未勝利,障害未勝利,2,2,サダムドミニック,セ,5,森一馬, 60 ,14,9,１, ,芝2850,稍,,(栗),平田修,3079,-0.1,1,1,1,13.2,450,-6,
,"2019. 9. 1",新潟,2新C,1勝,雷光特別･1勝,8,16,ピカピカ,牝,4,西田雄一, 55 ,18,4,１, 内,芝1000,良,,(美),石毛善彦,0555,-0.0,,,5,33.1,504,+8,
,"2019. 9. 1",新潟,2新C,Ｇ３,新潟記念ＨG3,4,7,ユーキャンスマイル,牡,4,岩田康誠, 57 ,18,2,１, 外,芝2000,良,,(栗),友道康夫,1575,-0.0,,13,12,33.6,496,+4,
,"2019. 9. 1",新潟,2新C,2勝,弥彦特別･2勝,5,5,ウインガナドル,牡,5,津村明秀, 57 ,10,4,１, 外,芝1800,良,*,(美),上原博之,1475,-0.0,,1,1,33.7,468,-4,
,"2019. 9. 1",新潟,2新C,2勝,岩室温泉･2勝,3,5,スズカグラーテ,牝,5,戸崎圭太, 55 ,15,1,１, ,ダ1200,良,,(美),柄崎孝,1100,-0.0,,2,2,36.3,462,-2,B
,"2019. 9. 1",新潟,2新C,1勝,１勝ｸﾗｽ・牝,8,18,メッシーナ,牝,3,戸崎圭太, 52 ,18,1,１, 外,芝1600,良,,(美),萩原清,1362,-0.1,,11,10,32.8,468,+6,
,"2019. 9. 1",新潟,2新C,1勝,１勝ｸﾗｽ,6,10,ロードストライク,牡,3,三浦皇成, 54 ,15,2,１, ,ダ1800,良,,(美),尾形和幸,1527,-0.0,1,1,1,38.5,486,+16,
,"2019. 9. 1",新潟,2新C,未勝利,未勝利,8,17,パラレルキャリア,牝,3,Ｍ．デム, 54 ,18,1,１, 外,芝1600,良,,(美),加藤征弘,1343,-0.0,,3,3,35.2,442,0,
,"2019. 9. 1",新潟,2新C,新馬,新馬,7,15,ロードエクスプレス,牡,2,三浦皇成, 54 ,18,3,１, 内,芝1400,良,,(栗),坂口智康,1231,-0.6,,3,3,35.4,432,,
,"2019. 9. 1",新潟,2新C,未勝利,未勝利,3,5,アペタイザー,牡,3,内田博幸, 56 ,15,1,１, ,ダ1200,稍,*,(美),栗田徹,1116,-0.3,,2,2,37.1,510,0,
,"2019. 9. 1",新潟,2新C,未勝利,未勝利*,3,3,サペラヴィ,牡,2,石橋脩, 54 ,14,3,１, 内,芝2000,良,,(美),相沢郁,2044,-0.0,10,10,9,35.8,470,0,
,"2019. 9. 1",新潟,2新C,未勝利,未勝利,6,10,ロジポルカ,牡,3,内田博幸, 56 ,15,4,１, ,ダ1800,稍,,(美),菊沢隆徳,1543,-0.1,7,5,4,37.6,458,-10,
,"2019. 9. 1",新潟,2新C,未勝利,障害未勝利,6,7,ダノンロッソ,牡,5,熊沢重文, 60 ,12,1,１, ,芝2850,良,,(栗),松田国英,3077,-0.4,6,5,5,13.2,436,-2,
,"2019. 8.31",新潟,2新B,1勝,１勝ｸﾗｽ,1,1,オールデン,牡,5,内田博幸, 57 ,15,5,１, ,ダ1200,稍,,(美),小西一男,1114,-0.4,,5,4,36.7,448,-2,
,"2019. 8.31",新潟,2新B,3勝,長岡Ｓ･3勝,7,9,ロードマイウェイ,牡,3,吉田隼人, 54 ,12,4,１, 外,芝1600,良,,(栗),杉山晴紀,1336,-0.2,,2,3,33.6,462,0,
,"2019. 8.31",新潟,2新B,2勝,飯豊特Ｈ･2勝,8,18,ナランフレグ,牡,3,戸崎圭太, 53 ,18,1,１, 内,芝1200,良,,(美),宗像義忠,1087,-0.2,,12,12,33.8,468,+2,
,"2019. 8.31",新潟,2新B,1勝,糸魚川特･1勝,6,11,パルティアーモ,牝,3,福永祐一, 52 ,15,2,１, 外,芝2000,良,*,(美),池上昌和,1597,-0.1,,10,10,33.9,474,-2,
,"2019. 8.31",新潟,2新B,1勝,１勝ｸﾗｽ・牝,6,11,レイナデルビエント,牝,4,西田雄一, 55 ,15,8,１, ,ダ1800,稍,,(美),武藤善則,1524,-0.2,2,2,1,37.9,476,+14,B
,"2019. 8.31",新潟,2新B,未勝利,未勝利,7,14,トモジャファイブ,牡,3,津村明秀, 56 ,18,1,１, 内,芝1000,良,*,(美),鈴木伸尋,0563,-0.2,,,4,33.3,494,-2,
,"2019. 8.31",新潟,2新B,新馬,新馬,5,9,ラブオナヴィータ,牝,2,吉田豊, 54 ,15,3,１, ,ダ1200,稍,,(美),尾関知人,1137,-0.4,,1,1,37.9,464,,
,"2019. 8.31",新潟,2新B,新馬,新馬,5,8,ミッキーメテオ,牡,2,石橋脩, 54 ,14,2,１, 外,芝1800,良,,(栗),中内田充,1492,-0.2,,2,2,34.5,478,,
,"2019. 8.31",新潟,2新B,未勝利,未勝利,5,9,トーホウボッカ,牡,3,嘉藤貴行, 56 ,15,8,１, ,ダ1800,重,,(美),田中清隆,1540,-0.2,4,4,4,38.6,486,-6,B
,"2019. 8.31",新潟,2新B,未勝利,未勝利,7,14,サトノセシル,牝,3,大野拓弥, 54 ,18,1,１, 内,芝2000,稍,,(美),堀宣行,2021,-0.4,5,4,2,35.0,448,-10,
,"2019. 8.31",新潟,2新B,未勝利,未勝利*,4,5,マイネルアストリア,牡,2,内田博幸, 54 ,13,4,１, ,ダ1800,重,,(美),武市康男,1556,-0.8,2,1,1,40.2,472,-4,
,"2019. 8.31",新潟,2新B,未勝利,未勝利*,6,12,マルターズディオサ,牝,2,田辺裕信, 54 ,18,1,１, 外,芝1600,稍,,(美),手塚貴久,1343,-0.1,,17,13,33.8,440,+4,
,"2019. 8.25",新潟,2新A,1勝,１勝ｸﾗｽ,6,10,ヒイナヅキ,牝,3,Ｍ．デム, 52 ,15,1,１, ,ダ1200,稍,,(美),林徹,1109,-0.5,,1,1,36.4,462,-4,
,"2019. 8.25",新潟,2新A,Ｇ３,新潟２歳G3,3,6,ウーマンズハート,牝,2,藤岡康太, 54 ,16,1,１, 外,芝1600,良,,(栗),西浦勝一,1350,-0.1,,7,7,32.8,456,0,
,"2019. 8.25",新潟,2新A,OP(L),朱鷺Ｓ(L),6,11,ストーミーシー,牡,6,大野拓弥, 56 ,16,4,１, 内,芝1400,良,,(美),斎藤誠,1213,-0.2,,12,12,33.6,538,+4,
,"2019. 8.25",新潟,2新A,2勝,五頭連峰･2勝,8,14,ネリッサ,牝,3,北村宏司, 52 ,14,4,１, 外,芝1600,良,,(美),勢司和浩,1344,-0.2,,10,11,32.9,426,0,
,"2019. 8.25",新潟,2新A,1勝,１勝ｸﾗｽ,3,4,グラマラスライフ,牝,4,木幡育也,53△,15,5,１, ,ダ1800,稍,,(美),田中博康,1529,-0.3,5,4,4,38.2,470,-2,B
,"2019. 8.25",新潟,2新A,1勝,１勝ｸﾗｽ,8,11,ウェディングベール,牝,4,宮崎北斗, 55 ,11,1,１, 内,芝2200,良,,(美),粕谷昌央,2160,-0.0,2,2,2,35.9,452,+8,
,"2019. 8.25",新潟,2新A,未勝利,未勝利,1,1,マーヴェラスクイン,牝,3,内田博幸, 54 ,18,5,１, 内,芝1400,良,,(美),古賀慎明,1218,-0.0,,1,1,36.9,418,+4,
,"2019. 8.25",新潟,2新A,新馬,新馬,5,6,リグージェ,牡,2,丸山元気, 54 ,12,4,１, 外,芝1800,良,,(美),木村哲也,1500,-0.0,,8,8,33.0,468,,
,"2019. 8.25",新潟,2新A,未勝利,未勝利,5,8,セイドアモール,牝,3,野中悠太,53☆,15,1,１, ,ダ1200,重,,(美),武市康男,1111,-0.0,,2,2,36.7,486,+2,
,"2019. 8.25",新潟,2新A,未勝利,未勝利,5,10,デュアライズ,牡,3,Ｍ．デム, 56 ,18,1,１, 内,芝2000,稍,,(美),中舘英二,2016,-0.3,17,10,10,35.6,440,-6,
,"2019. 8.25",新潟,2新A,未勝利,未勝利*,8,13,デルマガーネット,牝,2,菊沢一樹,53☆,14,7,１, 内,芝1000,稍,,(美),堀井雅広,0575,-0.0,,,3,34.3,446,+2,
,"2019. 8.25",新潟,2新A,未勝利,未勝利*,8,14,レムリアンシード,牡,2,武藤雅,53☆,15,2,１, ,ダ1200,重,,(美),武藤善則,1127,-0.3,,2,3,37.8,434,-8,
,"2019. 8.24",新潟,2新9,1勝,１勝ｸﾗｽ,3,3,スピアーノ,牝,4,津村明秀, 55 ,13,1,１, 内,芝1200,良,,(美),池上昌和,1096,-0.2,,7,7,34.4,454,-6,
,"2019. 8.24",新潟,2新9,OP(L),ＢＳＮＨ(L),8,11,アイファーイチオー,牡,5,丸山元気, 53 ,12,8,１, ,ダ1800,稍,,(栗),上村洋行,1507,-0.0,2,2,2,37.4,496,-6,
,"2019. 8.24",新潟,2新9,3勝,稲妻Ｓ･3勝,5,10,クールティアラ,牝,3,津村明秀, 52 ,17,4,１, 内,芝1000,良,,(美),矢野英一,0552,-0.0,,,1,33.1,470,0,B
,"2019. 8.24",新潟,2新9,2勝,瀬波温泉･2勝,1,1,トイガー,牡,3,宮崎北斗, 54 ,12,1,１, ,ダ1800,稍,*,(美),高市圭二,1533,-0.1,2,3,3,37.7,540,-4,
,"2019. 8.24",新潟,2新9,ＪＧ３,新潟ジャJG3,6,6,マイブルーヘブン,牡,5,平沢健治, 60 ,11,3,１, ,芝3250,良,,(栗),高橋義忠,3322,-1.1,5,5,4,13.1,488,+2,
,"2019. 8.24",新潟,2新9,未勝利,未勝利,4,6,ゼヒニオヨバズ,牡,3,江田照男, 56 ,15,6,１, ,ダ1800,稍,,(美),松山将樹,1553,-0.5,1,1,1,39.1,526,-2,B
,"2019. 8.24",新潟,2新9,1勝,１勝ｸﾗｽ,6,10,サトノダムゼル,牝,3,Ｍ．デム, 52 ,14,1,１, 外,芝1800,良,,(美),堀宣行,1461,-0.3,,5,4,33.7,448,-6,
,"2019. 8.24",新潟,2新9,新馬,新馬,3,3,ワンスカイ,牡,2,田辺裕信, 54 ,12,1,１, 内,芝1200,良,,(美),斎藤誠,1116,-0.8,,3,3,35.5,476,,
,"2019. 8.24",新潟,2新9,未勝利,未勝利,3,4,パリテソーロ,牝,3,武藤雅,53☆,15,2,１, ,ダ1200,稍,,(美),金成貴史,1124,-0.5,,2,2,37.9,438,+4,
,"2019. 8.24",新潟,2新9,未勝利,未勝利*,2,2,ゴールデンレシオ,牡,2,Ｍ．デム, 54 ,15,1,１, 外,芝1800,稍,,(美),国枝栄,1482,-0.2,,15,15,34.6,484,-8,
,"2019. 8.24",新潟,2新9,未勝利,未勝利・牝,8,14,グロリアーナ,牝,3,池添謙一, 54 ,15,1,１, ,ダ1800,稍,,(美),木村哲也,1552,-0.8,1,1,1,40.0,514,+4,
,"2019. 8.24",新潟,2新9,未勝利,障害未勝利,7,11,テイエムコンドル,牡,8,五十嵐雄, 60 ,13,1,１, ,芝2850,稍,,(美),石栗龍彦,3077,-0.2,4,2,2,13.2,470,-4,
,"2019. 8.18",新潟,2新8,1勝,１勝ｸﾗｽ,5,9,ガーシュウィン,牡,5,藤田菜七,54▲,18,4,１, 内,芝1000,良,,(美),和田雄二,0551,-0.1,,,1,33.0,490,-8,
,"2019. 8.18",新潟,2新8,ｵｰﾌﾟﾝ,ＮＳＴ賞Ｈ,8,15,ストロベリームーン,牝,5,柴田善臣, 53 ,15,1,１, ,ダ1200,良,,(栗),庄野靖志,1103,-0.2,,4,4,35.9,446,+2,
,"2019. 8.18",新潟,2新8,2勝,阿賀野川･2勝,4,5,ホウオウサーベル,牡,3,蛯名正義, 54 ,13,1,１, 内,芝2200,良,,(美),奥村武,2117,-0.8,5,4,2,34.9,488,+6,
,"2019. 8.18",新潟,2新8,1勝,出雲崎特･1勝,8,8,サトノエルドール,牡,3,田辺裕信, 54 ,8,1,１, 外,芝2000,良,,(美),国枝栄,2000,-0.2,,4,3,33.2,464,+4,
,"2019. 8.18",新潟,2新8,1勝,１勝ｸﾗｽ,6,7,サトノファイター,牡,3,柴田善臣, 54 ,11,3,１, ,ダ1800,良,,(栗),高橋亮,1533,-0.2,2,2,2,37.8,476,+6,
,"2019. 8.18",新潟,2新8,未勝利,未勝利,5,9,メイオール,牝,3,津村明秀, 54 ,18,1,１, 外,芝1800,良,,(美),岩戸孝樹,1470,-0.1,,3,3,34.9,452,0,
,"2019. 8.18",新潟,2新8,新馬,新馬・牝,5,9,ペコリーノロマーノ,牝,2,武藤雅,53☆,18,1,１, 内,芝1400,良,,(美),久保田貴,1232,-0.2,,2,2,35.0,438,,
,"2019. 8.18",新潟,2新8,新馬,新馬,5,10,リネンファッション,牝,2,丸田恭介, 54 ,16,3,１, 外,芝1600,良,,(栗),坂口智康,1379,-0.2,,3,3,33.0,444,,
,"2019. 8.18",新潟,2新8,未勝利,未勝利,6,11,アイアンゾーン,牝,3,柴田大知, 54 ,15,3,１, ,ダ1200,良,,(美),南田美知,1126,-0.2,,2,2,38.0,448,+2,
,"2019. 8.18",新潟,2新8,未勝利,未勝利*,7,13,アルムブラスト,牡,2,三浦皇成, 54 ,18,1,１, 内,芝1400,良,,(美),高橋文雅,1225,-0.3,,3,3,35.6,504,+4,
,"2019. 8.18",新潟,2新8,未勝利,未勝利・牝,6,11,ワンダーマンボ,牝,3,藤田菜七,51▲,15,1,１, ,ダ1800,良,,(美),久保田貴,1550,-0.4,6,4,4,38.8,462,+4,
,"2019. 8.18",新潟,2新8,未勝利,障害未勝利,7,11,クリノサンスーシ,牝,6,北沢伸也, 58 ,14,1,１, ,芝2850,良,,(栗),大根田裕,3053,-0.9,5,3,3,13.0,460,-2,
,"2019. 8.17",新潟,2新7,1勝,１勝ｸﾗｽ,4,7,シュピールカルテ,牝,5,柴田大知, 55 ,15,4,１, ,ダ1200,稍,,(美),加藤士津,1112,-0.0,,1,1,37.3,472,0,B
,"2019. 8.17",新潟,2新7,3勝,日本海Ｓ･3勝,2,2,ゴージャスランチ,牝,4,蛯名正義, 55 ,8,2,１, 内,芝2200,良,,(美),鹿戸雄一,2155,-0.1,1,1,1,34.5,512,+2,
,"2019. 8.17",新潟,2新7,2勝,麒麟山特･2勝,1,1,レッドフレイ,牡,4,北村宏司, 57 ,15,1,１, ,ダ1800,稍,*,(美),木村哲也,1522,-0.1,1,1,1,36.6,466,0,
,"2019. 8.17",新潟,2新7,1勝,新発田城･1勝,8,18,エスタジ,牝,3,Ｍ．デム, 52 ,18,1,１, 内,芝1400,良,,(美),木村哲也,1209,-0.1,,2,2,34.9,434,0,B
,"2019. 8.17",新潟,2新7,1勝,１勝ｸﾗｽ・牝,5,7,シングフォーユー,牝,3,Ｍ．デム, 52 ,13,1,１, 外,芝2000,良,,(美),牧光二,1594,-0.0,,5,5,33.9,462,-2,
,"2019. 8.17",新潟,2新7,未勝利,未勝利,6,10,サウスブルーグラス,牡,3,内田博幸, 56 ,15,3,１, ,ダ1800,稍,,(美),久保田貴,1557,-0.5,3,4,3,40.0,452,+4,
,"2019. 8.17",新潟,2新7,未勝利,未勝利・牝,6,12,バカラクイーン,牝,3,藤田菜七,51▲,18,1,１, 内,芝1000,良,,(美),武井亮,0561,-0.9,,,1,33.7,470,+8,
,"2019. 8.17",新潟,2新7,新馬,新馬,6,6,ショウナンバレリオ,牡,2,津村明秀, 54 ,11,6,１, 内,芝2000,良,,(栗),池添兼雄,2042,-0.2,1,1,1,35.6,462,,
,"2019. 8.17",新潟,2新7,未勝利,未勝利,3,6,マイティウェイ,牡,3,江田照男, 56 ,18,8,１, 内,芝2400,良,,(美),高木登,2294,-0.0,4,6,6,36.0,472,-6,B
,"2019. 8.17",新潟,2新7,未勝利,未勝利,3,4,アララトテソーロ,牡,3,木幡巧也, 56 ,15,4,１, ,ダ1800,稍,,(美),和田雄二,1548,-0.5,3,3,2,39.3,464,-6,
,"2019. 8.17",新潟,2新7,未勝利,未勝利*,4,7,ニシノレオニダス,牡,2,大野拓弥, 54 ,15,7,１, ,ダ1200,稍,,(美),中舘英二,1129,-0.0,,3,3,38.5,504,-2,
,"2019. 8.17",新潟,2新7,未勝利,未勝利・牝*,4,8,エンジェルサークル,牝,2,田辺裕信, 54 ,18,2,１, 外,芝1600,良,,(美),中川公成,1359,-0.6,,9,9,33.9,442,-12,
,"2019. 8.11",新潟,2新6,1勝,１勝ｸﾗｽ・牝,2,3,フジマサアクトレス,牝,6,西田雄一, 55 ,18,6,１, 内,芝1000,良,*,(美),菊川正達,0550,-0.0,,,11,32.5,484,+12,B
,"2019. 8.11",新潟,2新6,Ｇ３,関屋記念G3,7,13,ミッキーグローリー,牡,6,ルメール, 56 ,18,1,１, 外,芝1600,良,*,(美),国枝栄,1321,-0.1,,14,15,32.2,554,0,
,"2019. 8.11",新潟,2新6,3勝,柳都Ｓ･3勝,3,5,ドラゴンカップ,牡,6,Ｍ．デム, 57 ,15,1,１, ,ダ1800,良,,(栗),角居勝彦,1509,-0.1,4,4,4,36.3,458,+2,B
,"2019. 8.11",新潟,2新6,2勝,豊栄特別･2勝,8,18,ウィンドライジズ,牡,5,石橋脩, 57 ,18,6,１, 内,芝1400,良,,(美),牧光二,1211,-0.1,,1,1,35.2,468,-10,
,"2019. 8.11",新潟,2新6,1勝,１勝ｸﾗｽ,3,4,アイアムハヤスギル,牡,3,山田敬士,51▲,15,1,１, ,ダ1200,良,,(美),奥平雅士,1118,-0.4,,1,1,36.9,472,+4,
,"2019. 8.11",新潟,2新6,1勝,１勝ｸﾗｽ・牝,7,10,レトロフィット,牝,3,戸崎圭太, 52 ,13,4,１, ,ダ1800,良,,(美),伊藤圭三,1530,-0.2,4,4,4,37.8,484,-2,
,"2019. 8.11",新潟,2新6,新馬,新馬,5,6,サンクテュエール,牝,2,ルメール, 54 ,12,1,１, 外,芝1600,良,,(美),藤沢和雄,1365,-0.2,,2,2,33.6,442,,
,"2019. 8.11",新潟,2新6,新馬,新馬,7,12,カトゥルスフェリス,牝,2,ルメール, 54 ,14,1,１, 外,芝1800,良,,(美),藤沢和雄,1501,-0.1,,6,6,33.3,436,,
,"2019. 8.11",新潟,2新6,未勝利,未勝利・牝,2,2,スズロザーナ,牝,3,三浦皇成, 54 ,15,1,１, 内,芝2000,良,,(美),高橋裕,1599,-0.3,13,12,13,35.4,428,-2,
,"2019. 8.11",新潟,2新6,未勝利,未勝利,8,14,カシノブレンド,セ,3,西田雄一, 56 ,15,7,１, ,ダ1200,良,,(美),蛯名利弘,1117,-0.3,,4,4,36.8,448,+6,
,"2019. 8.11",新潟,2新6,未勝利,未勝利,4,7,トランスポーター,牡,3,三浦皇成, 56 ,15,1,１, ,ダ1800,良,,(美),戸田博文,1542,-0.2,3,2,2,38.0,494,+4,
,"2019. 8.11",新潟,2新6,未勝利,未勝利*,5,9,コスモカッティーボ,牡,2,柴田大知, 54 ,16,1,１, 内,芝1200,良,*,(美),畠山吉宏,1108,-0.0,,3,3,35.5,448,+6,
,"2019. 8.10",新潟,2新5,2勝,２勝ｸﾗｽ,4,6,エターナルフレイム,セ,5,大野拓弥, 57 ,15,3,１, ,ダ1200,良,*,(美),高木登,1117,-0.5,,2,2,35.8,526,+2,
,"2019. 8.10",新潟,2新5,3勝,新潟日Ｈ･3勝,6,12,ジョイフル,牡,5,川又賢治, 55 ,18,7,１, 内,芝1400,良,,(栗),吉村圭司,1201,-0.0,,13,13,34.0,498,-12,B
,"2019. 8.10",新潟,2新5,2勝,三面川特･2勝,7,12,レッドラフェスタ,牝,4,Ｍ．デム, 55 ,14,2,１, 外,芝1800,良,,(美),尾関知人,1467,-0.1,,3,3,32.8,458,+18,
,"2019. 8.10",新潟,2新5,1勝,村上特別･1勝,4,7,エクセランフィーユ,牝,3,戸崎圭太, 52 ,15,1,１, 外,芝1600,良,,(美),木村哲也,1336,-0.2,,7,8,33.0,410,-6,
,"2019. 8.10",新潟,2新5,1勝,１勝ｸﾗｽ,5,8,フーズサイド,牡,3,武士沢友, 54 ,15,8,１, ,ダ1800,良,,(美),堀井雅広,1539,-0.0,12,14,11,36.4,464,-6,
,"2019. 8.10",新潟,2新5,1勝,１勝ｸﾗｽ,2,2,エフェクトオン,牡,3,田辺裕信, 54 ,8,1,１, 内,芝2400,良,,(美),久保田貴,2286,-0.0,3,3,3,34.2,436,-2,
,"2019. 8.10",新潟,2新5,未勝利,未勝利,3,6,ショウナンハルラ,牝,3,吉田豊, 54 ,18,10,１, 外,芝1800,良,,(美),古賀史生,1477,-0.0,,16,15,33.1,416,+2,
,"2019. 8.10",新潟,2新5,新馬,新馬,2,3,タガノビューティー,牡,2,石橋脩, 54 ,15,8,１, ,ダ1800,良,,(栗),西園正都,1576,-0.3,13,12,7,38.8,500,,
,"2019. 8.10",新潟,2新5,未勝利,未勝利,7,14,マロリン,牝,3,木幡巧也, 54 ,18,5,１, 内,芝1000,良,,(美),武市康男,0555,-0.0,,,8,32.9,468,+4,
,"2019. 8.10",新潟,2新5,未勝利,未勝利*,6,7,ココロノトウダイ,牡,2,丸山元気, 54 ,11,2,１, 外,芝1800,良,,(美),手塚貴久,1479,-0.0,,10,9,33.7,504,-8,
,"2019. 8.10",新潟,2新5,未勝利,未勝利・牝,6,10,ラブイスキア,牝,3,丸山元気, 54 ,15,3,１, ,ダ1800,良,,(美),小西一男,1562,-0.1,2,2,2,38.2,486,-8,
,"2019. 8.10",新潟,2新5,ｵｰﾌﾟﾝ,障害・オープ,6,8,マイネルアトゥー,牡,6,平沢健治, 60 ,12,1,１, ,芝2850,良,,(栗),吉田直弘,3050,-0.0,3,3,3,13.0,468,+6,
,"2019. 8. 4",新潟,2新4,1勝,１勝ｸﾗｽ,6,6,エターナルヴィテス,牡,3,田中勝春, 54 ,9,4,１, 外,芝2000,良,,(美),松山将樹,1598,-0.1,,3,3,33.7,476,+8,
,"2019. 8. 4",新潟,2新4,Ｇ３,レパードG3,4,6,ハヤヤッコ,牡,3,田辺裕信, 56 ,15,10,１, ,ダ1800,良,,(美),国枝栄,1513,-0.0,12,11,9,37.8,466,+2,
,"2019. 8. 4",新潟,2新4,2勝,驀進特別･2勝,7,14,サラドリーム,牝,4,嶋田純次, 55 ,18,2,１, 内,芝1000,良,,(美),手塚貴久,0543,-0.1,,,5,32.3,436,+8,
,"2019. 8. 4",新潟,2新4,1勝,両津湾特･1勝,2,2,ローズテソーロ,牝,3,武藤雅, 52 ,10,6,１, 外,芝1800,良,,(美),金成貴史,1479,-0.3,,9,9,32.2,448,+18,
,"2019. 8. 4",新潟,2新4,1勝,１勝ｸﾗｽ,4,6,サーストンバーラム,牡,3,菊沢一樹,53☆,15,4,１, ,ダ1200,良,,(美),伊藤圭三,1117,-0.5,,3,3,37.1,464,0,
,"2019. 8. 4",新潟,2新4,未勝利,未勝利,8,14,ゴー,牡,3,嘉藤貴行, 56 ,14,6,１, ,ダ1800,良,,(美),伊藤伸一,1553,-0.3,3,2,1,39.7,502,+6,
,"2019. 8. 4",新潟,2新4,新馬,新馬,8,17,トロワマルス,牝,2,大野拓弥, 54 ,18,5,１, 内,芝1400,良,*,(美),杉浦宏昭,1229,-0.3,,4,5,36.2,468,,
,"2019. 8. 4",新潟,2新4,新馬,新馬,1,1,ショコラブリアン,牝,2,田辺裕信, 54 ,16,3,１, 外,芝1600,良,,(美),尾関知人,1357,-0.3,,1,1,33.5,514,,
,"2019. 8. 4",新潟,2新4,未勝利,未勝利,8,17,シュブリーム,牡,3,嘉藤貴行, 56 ,18,6,１, 内,芝2000,良,*,(美),大和田成,2016,-0.1,4,4,5,35.2,464,+4,B
,"2019. 8. 4",新潟,2新4,未勝利,未勝利・牝,4,6,チャンダナ,牝,3,藤田菜七,51▲,15,7,１, ,ダ1200,良,,(美),粕谷昌央,1124,-0.1,,6,5,37.2,466,-2,
,"2019. 8. 4",新潟,2新4,未勝利,未勝利,6,8,ジェイケイエース,牡,3,丸山元気, 56 ,13,1,１, ,ダ1800,良,,(美),松永康利,1539,-0.6,4,2,2,39.0,532,+4,
,"2019. 8. 4",新潟,2新4,未勝利,未勝利*,4,6,カップッチョ,牡,2,江田照男, 54 ,14,10,１, 外,芝1600,良,,(美),高市圭二,1356,-0.0,,2,2,34.5,438,0,
,"2019. 8. 3",新潟,2新3,1勝,１勝ｸﾗｽ,3,6,ネリッサ,牝,3,北村宏司, 52 ,18,4,１, 内,芝1400,良,,(美),勢司和浩,1206,-0.1,,7,7,34.6,426,+8,
,"2019. 8. 3",新潟,2新3,3勝,越後ＳＨ･3勝,8,14,ストロベリームーン,牝,5,Ｍ．デム, 55 ,15,1,１, ,ダ1200,良,,(栗),庄野靖志,1106,-0.1,,3,3,35.9,444,-4,
,"2019. 8. 3",新潟,2新3,2勝,信濃川Ｈ･2勝,6,8,アドマイヤアゼリ,牡,5,戸崎圭太, 55 ,12,3,１, 外,芝2000,良,,(栗),須貝尚介,1587,-0.0,,7,6,34.3,460,+4,
,"2019. 8. 3",新潟,2新3,ｵｰﾌﾟﾝ,ダリア賞,4,4,エレナアヴァンティ,牝,2,内田博幸, 54 ,9,1,１, 内,芝1400,良,,(美),宗像義忠,1221,-0.2,,3,2,34.6,450,-6,
,"2019. 8. 3",新潟,2新3,1勝,１勝ｸﾗｽ,3,3,フラッシングジェム,牝,3,嘉藤貴行, 52 ,14,6,１, ,ダ1800,良,,(美),大和田成,1533,-0.2,7,6,6,37.3,482,+2,
,"2019. 8. 3",新潟,2新3,未勝利,未勝利,8,16,オフウィドゥス,牡,3,丸山元気, 54 ,18,4,１, 外,芝1600,良,,(美),木村哲也,1337,-0.1,,11,10,34.0,526,+10,
,"2019. 8. 3",新潟,2新3,未勝利,未勝利,5,9,ショーテンシ,牝,3,丸山元気, 54 ,15,6,１, ,ダ1200,良,,(美),鈴木伸尋,1123,-0.4,,3,3,37.5,462,-8,
,"2019. 8. 3",新潟,2新3,新馬,新馬・牝,6,12,ウーマンズハート,牝,2,津村明秀, 54 ,16,3,１, 外,芝1600,良,,(栗),西浦勝一,1362,-0.6,,8,8,32.0,456,,
,"2019. 8. 3",新潟,2新3,未勝利,未勝利*,3,6,コスモリモーネ,牡,2,藤田菜七,51▲,18,5,１, 内,芝1000,良,,(美),高橋裕,0560,-0.1,,,2,33.3,482,-2,
,"2019. 8. 3",新潟,2新3,未勝利,未勝利*,6,11,カイアワセ,牝,2,武士沢友, 54 ,15,8,１, 外,芝1800,良,,(美),星野忍,1488,-0.1,,3,3,35.4,432,-6,
,"2019. 8. 3",新潟,2新3,未勝利,未勝利・牝,3,3,ストラトフォード,牝,3,内田博幸, 54 ,14,1,１, ,ダ1800,良,,(美),竹内正洋,1548,-1.2,7,2,2,40.0,480,+4,B
,"2019. 8. 3",新潟,2新3,未勝利,障害未勝利,3,3,シュンクルーズ,牡,7,蓑島靖典, 60 ,14,5,１, ,芝2850,良,*,(美),柄崎孝,3037,-0.0,6,4,4,12.9,456,-8,
,"2019. 7.28",新潟,2新2,1勝,１勝ｸﾗｽ,8,14,セイウンオフロード,牡,3,津村明秀, 54 ,15,7,１, ,ダ1800,良,*,(美),矢野英一,1530,-0.2,13,9,8,36.8,472,-2,B
,"2019. 7.28",新潟,2新2,Ｇ３,アイビスG3,6,11,ライオンボス,牡,4,田辺裕信, 56 ,18,1,１, 内,芝1000,良,,(美),和田正一,0551,-0.1,,,1,33.0,538,0,
,"2019. 7.28",新潟,2新2,2勝,月岡温泉･2勝,3,3,スイープセレリタス,牝,3,戸崎圭太, 52 ,14,1,１, 外,芝1600,良,,(美),藤沢和雄,1329,-0.2,,4,3,34.1,496,+2,
,"2019. 7.28",新潟,2新2,1勝,燕特別･1勝,6,6,ヴァンクールシルク,セ,5,内田博幸, 57 ,10,1,１, 内,芝2200,良,,(美),木村哲也,2135,-0.0,3,2,2,35.9,566,-8,
,"2019. 7.28",新潟,2新2,1勝,１勝ｸﾗｽ,8,15,ランパク,牡,4,川又賢治,56☆,15,2,１, ,ダ1200,良,,(美),高木登,1113,-0.1,,10,10,36.3,494,0,
,"2019. 7.28",新潟,2新2,未勝利,未勝利,2,2,ショウナンバビアナ,牝,3,吉田豊, 54 ,14,3,１, 外,芝1800,良,,(美),上原博之,1460,-0.1,,3,3,34.9,480,-2,
,"2019. 7.28",新潟,2新2,新馬,新馬,7,13,シコウ,牡,2,木幡巧也,53☆,18,3,１, 内,芝1400,良,,(美),牧光二,1230,-0.2,,2,2,36.1,458,,
,"2019. 7.28",新潟,2新2,新馬,新馬,7,12,ドナキアーロ,牝,2,田辺裕信, 54 ,15,6,１, 外,芝1800,良,,(栗),牧浦充徳,1482,-0.2,,3,4,34.6,454,,
,"2019. 7.28",新潟,2新2,未勝利,未勝利・牝,3,5,ナイスプリンセス,牝,3,丸田恭介, 54 ,15,2,１, ,ダ1200,良,,(美),石栗龍彦,1114,-0.0,,4,3,36.8,444,-6,
,"2019. 7.28",新潟,2新2,未勝利,未勝利*,3,3,タイムマシン,牡,2,戸崎圭太, 54 ,10,1,１, 外,芝1600,良,,(美),手塚貴久,1354,-0.1,,8,8,33.8,434,-2,
,"2019. 7.28",新潟,2新2,未勝利,未勝利,8,12,シティーオブスター,牡,3,丸山元気, 56 ,13,3,１, ,ダ1800,良,,(美),矢野英一,1546,-0.7,2,1,1,38.6,496,+16,
,"2019. 7.28",新潟,2新2,未勝利,障害未勝利,7,11,マイネルオフィール,牡,7,平沢健治, 60 ,13,1,１, ,芝2850,良,,(栗),飯田雄三,3050,-1.1,3,2,1,13.0,506,-6,
,"2019. 7.27",新潟,2新1,1勝,１勝ｸﾗｽ,6,12,アビーム,牝,4,戸崎圭太, 55 ,16,2,１, 外,芝1600,良,,(美),加藤征弘,1326,-0.2,,1,1,33.1,466,+6,
,"2019. 7.27",新潟,2新1,3勝,佐渡ＳＨ･3勝,8,13,アクート,牡,6,戸崎圭太, 56 ,13,1,１, 外,芝2000,良,,(美),宗像義忠,1573,-0.2,,9,9,32.9,434,0,
,"2019. 7.27",新潟,2新1,2勝,苗場特Ｈ･2勝,7,13,ジェミニズ,牡,5,丸田恭介, 56 ,15,2,１, ,ダ1800,良,,(美),石栗龍彦,1520,-0.0,9,5,5,37.6,514,-4,
,"2019. 7.27",新潟,2新1,1勝,閃光特別･1勝,4,8,ナランフレグ,牡,3,戸崎圭太, 54 ,18,2,１, 内,芝1000,良,*,(美),宗像義忠,0546,-0.2,,,16,31.7,466,+2,
,"2019. 7.27",新潟,2新1,1勝,１勝ｸﾗｽ・牝,6,10,ヴィルトファン,牝,3,武藤雅,51☆,15,3,１, ,ダ1200,良,,(美),高柳瑞樹,1117,-0.1,,10,10,36.1,508,+6,
,"2019. 7.27",新潟,2新1,未勝利,未勝利,5,6,ビギングローリー,牡,3,野中悠太,54△,13,11,１, 内,芝2200,良,,(美),中川公成,2126,-0.0,12,9,9,36.1,460,-2,B
,"2019. 7.27",新潟,2新1,未勝利,未勝利,7,13,パイオニアバローズ,牡,3,田辺裕信, 56 ,15,3,１, ,ダ1200,良,,(美),木村哲也,1121,-0.0,,3,3,37.3,536,+6,B
,"2019. 7.27",新潟,2新1,新馬,新馬,3,5,スマイルカナ,牝,2,柴田大知, 54 ,18,2,１, 外,芝1600,良,,(美),高橋祥泰,1353,-0.0,,1,1,35.0,414,,
,"2019. 7.27",新潟,2新1,未勝利,未勝利,8,16,リュウグウヒメ,牝,3,藤田菜七,51▲,18,3,１, 内,芝1200,良,,(美),武井亮,1084,-0.1,,2,2,34.7,434,+2,
,"2019. 7.27",新潟,2新1,未勝利,未勝利,4,4,サクセスファイター,牡,3,田辺裕信, 56 ,12,5,１, ,ダ1800,良,,(美),中舘英二,1538,-1.3,1,1,1,37.7,500,-2,
,"2019. 7.27",新潟,2新1,未勝利,未勝利*,5,7,ニシノミンクス,牝,2,内田博幸, 54 ,14,1,１, ,ダ1200,良,,(美),伊藤圭三,1127,-0.4,,2,2,37.9,458,0,
,"2019. 7.27",新潟,2新1,未勝利,未勝利・牝*,7,10,コミカライズ,牝,2,大野拓弥, 54 ,13,4,１, 内,芝1400,良,,(美),和田勇介,1216,-0.0,,2,2,35.8,442,-4,
,"2019. 5.19",新潟,1新8,500万,石打特別500,4,6,ルナステラ,牝,4,中谷雄太, 55 ,15,1,１, 外,芝1800,良,,(栗),石坂正,1469,-0.0,,8,9,33.2,444,+8,
,"2019. 5.19",新潟,1新8,ｵｰﾌﾟﾝ,韋駄天ＳＨ,8,15,ライオンボス,牡,4,鮫島克駿, 53 ,16,1,１, 内,芝1000,良,,(美),和田正一,0539,-0.1,,,1,32.2,538,+4,
,"2019. 5.19",新潟,1新8,500万,荒川峡特500,5,5,ポンデザール,牝,4,丸田恭介, 55 ,9,3,１, 内,芝2400,良,,(美),堀宣行,2290,-0.0,7,7,6,34.4,486,+28,
,"2019. 5.19",新潟,1新8,500万,500万下,4,6,サンタナブルー,牡,7,藤田菜七,54▲,15,7,１, ,ダ1200,良,,(美),和田雄二,1119,-0.4,,12,11,35.6,484,+2,
,"2019. 5.19",新潟,1新8,500万,500万下,1,2,ソールライト,牡,4,西村淳也,55△,16,7,１, 外,芝1600,良,,(美),蛯名利弘,1352,-0.2,,7,5,33.6,494,-4,
,"2019. 5.19",新潟,1新8,500万,500万下,7,13,シゲルポインター,牡,5,丸田恭介, 57 ,15,4,１, ,ダ1800,良,,(美),蛯名利弘,1528,-0.0,2,2,1,37.5,474,-2,
,"2019. 5.19",新潟,1新8,未勝利,未勝利・若,8,14,アシャカマキシン,牡,3,横山武史,55☆,15,1,１, ,ダ1200,良,,(美),鈴木伸尋,1121,-1.5,,1,1,37.6,488,+4,
,"2019. 5.19",新潟,1新8,未勝利,未勝利・牝,4,8,ネガイ,牝,3,丸田恭介, 54 ,16,1,１, 内,芝2000,良,,(美),奥村武,2035,-0.0,11,5,4,35.4,456,-8,
,"2019. 5.19",新潟,1新8,未勝利,障害未勝利,7,11,マイネルアトゥー,牡,6,平沢健治, 60 ,14,4,１, ,芝2890,良,,(栗),吉田直弘,3106,-0.2,2,2,2,13.2,464,+8,
,"2019. 5.19",新潟,1新8,未勝利,未勝利,4,6,トゥルボー,牡,3,勝浦正樹, 56 ,15,3,１, ,ダ1800,良,,(美),小笠倫弘,1560,-0.0,12,8,5,38.1,492,+2,B
,"2019. 5.19",新潟,1新8,未勝利,未勝利・牝,7,13,ファムファタル,牝,3,内田博幸, 54 ,15,1,１, ,ダ1200,良,,(美),栗田徹,1122,-0.1,,2,2,36.8,480,0,
,"2019. 5.19",新潟,1新8,未勝利,未勝利,3,6,ペイシャドリーム,牝,3,的場勇人, 54 ,16,2,１, 内,芝1200,良,,(美),高橋義博,1094,-0.3,,1,1,34.6,454,+6,
,"2019. 5.18",新潟,1新7,500万,飛竜特別500,8,16,キョウワヒラリー,牝,5,中井裕二, 55 ,16,1,１, 内,芝1000,良,,(栗),角田晃一,0551,-0.3,,,1,32.9,500,-2,B
,"2019. 5.18",新潟,1新7,1000万,大日岳特1000,7,14,ビリーバー,牝,4,杉原誠人, 55 ,16,2,１, 内,芝1200,良,,(美),石毛善彦,1097,-0.1,,8,6,33.9,462,+2,
,"2019. 5.18",新潟,1新7,500万,早苗賞500*,2,2,シフルマン,牡,3,吉田隼人, 56 ,9,1,１, 外,芝1800,良,,(栗),中尾秀正,1468,-0.4,,3,3,34.2,492,-10,
,"2019. 5.18",新潟,1新7,500万,500万下・牝,5,8,シスル,牝,4,木幡巧也,54☆,15,3,１, ,ダ1200,良,,(美),新開幸一,1119,-0.5,,1,1,37.2,490,-8,
,"2019. 5.18",新潟,1新7,500万,500万下・若,3,5,エイシンムジカ,牝,5,藤田菜七,52▲,15,1,１, ,ダ1800,良,,(栗),西園正都,1536,-0.3,6,4,4,37.4,482,0,
,"2019. 5.18",新潟,1新7,未勝利,未勝利,5,7,パルティアーモ,牝,3,木幡育也,51▲,13,5,１, 内,芝2200,良,*,(美),池上昌和,2165,-0.5,12,9,7,35.0,476,+2,
,"2019. 5.18",新潟,1新7,未勝利,未勝利,1,2,マイネルセリオン,牡,3,木幡巧也,55☆,16,4,１, 外,芝1800,良,,(美),畠山吉宏,1481,-0.0,,7,4,34.1,450,+6,B
,"2019. 5.18",新潟,1新7,未勝利,未勝利,8,15,ダンツスピリット,牡,3,西村淳也,54△,15,4,１, ,ダ1800,良,,(栗),山内研二,1546,-1.0,3,3,3,37.8,490,0,B
,"2019. 5.18",新潟,1新7,ｵｰﾌﾟﾝ,障害・オープ,4,6,マイブルーヘブン,牡,5,難波剛健, 61 ,14,2,１, ,芝3290,良,,(栗),高橋義忠,3351,-0.6,3,2,2,13.1,486,0,
,"2019. 5.18",新潟,1新7,未勝利,未勝利,6,11,グラウクス,セ,3,斎藤新,53▲,15,1,１, ,ダ1200,良,,(栗),西園正都,1129,-0.4,,2,2,37.9,490,0,
,"2019. 5.18",新潟,1新7,未勝利,未勝利・牝,4,7,アレグレモエティー,牝,3,森裕太朗,53☆,15,4,１, ,ダ1800,良,,(栗),山内研二,1563,-0.0,8,6,6,38.3,446,-6,
,"2019. 5.18",新潟,1新7,未勝利,障害未勝利,4,6,オールマンリバー,牡,7,難波剛健, 60 ,14,2,１, ,芝2890,良,,(栗),五十嵐忠,3087,-0.0,6,3,2,13.1,508,-2,
,"2019. 5.12",新潟,1新6,500万,三条特別500,8,10,ウインハイラント,牡,5,荻野極, 57 ,11,3,１, 外,芝1600,良,,(美),金成貴史,1367,-0.0,,2,2,33.0,452,+2,
,"2019. 5.12",新潟,1新6,1000万,赤倉特別1000,1,1,スリーマキシマム,牡,8,義英真, 57 ,12,5,１, 外,芝1800,良,,(栗),高橋康之,1478,-0.2,,3,3,33.0,518,+2,
,"2019. 5.12",新潟,1新6,500万,胎内川特500,7,7,サンシロウ,牡,5,勝浦正樹, 57 ,9,1,１, 内,芝2200,良,,(美),柄崎孝,2150,-0.0,4,3,2,35.2,488,0,B
,"2019. 5.12",新潟,1新6,500万,500万下・牝,2,2,マリノディアナ,牝,4,勝浦正樹, 55 ,15,6,１, ,ダ1200,良,,(美),水野貴広,1123,-0.0,,4,4,37.3,440,+6,
,"2019. 5.12",新潟,1新6,500万,500万下,6,9,キタサンヴィクター,牡,4,荻野極, 57 ,14,4,１, ,ダ1800,良,,(栗),本田優,1532,-0.0,7,6,6,37.7,508,-8,
,"2019. 5.12",新潟,1新6,500万,500万下・牝,7,14,リュニヴェール,牝,4,柴山雄一, 55 ,16,8,１, 内,芝1400,良,,(栗),浅見秀一,1224,-0.0,,4,3,36.0,462,+6,B
,"2019. 5.12",新潟,1新6,未勝利,未勝利・若,3,3,トラストシンゲン,牡,3,斎藤新,53▲,14,10,１, ,ダ1800,良,,(美),高木登,1548,-0.0,3,2,3,39.5,504,+2,
,"2019. 5.12",新潟,1新6,未勝利,障害未勝利,7,8,カムイ,牡,6,小野寺祐, 60 ,10,4,１, ,芝2890,良,,(美),大和田成,3135,-0.8,3,2,2,13.4,476,+2,
,"2019. 5.12",新潟,1新6,未勝利,障害未勝利,7,8,ローレルヴィクター,牡,5,森一馬, 60 ,10,2,１, ,芝2890,良,,(栗),羽月友彦,3098,-0.4,4,4,4,13.1,474,0,
,"2019. 5.12",新潟,1新6,未勝利,未勝利・牝,7,12,ルプレジール,牝,3,岩田望来,51▲,15,1,１, ,ダ1800,良,,(栗),藤原英昭,1550,-0.1,4,3,1,39.5,480,0,
,"2019. 5.12",新潟,1新6,未勝利,未勝利,5,9,ウインアイルビータ,牝,3,柴山雄一, 54 ,16,1,１, 内,芝1000,良,,(美),田中剛,0557,-0.0,,,3,33.2,470,-2,
,"2019. 5.12",新潟,1新6,未勝利,未勝利,7,13,バスクベレー,牡,3,丸山元気, 56 ,15,3,１, ,ダ1200,良,,(美),黒岩陽一,1120,-0.0,,2,2,37.1,448,+2,
,"2019. 5.11",新潟,1新5,500万,高田城特500,2,2,ルナーランダー,牡,6,菱田裕二, 57 ,9,3,１, 外,芝2000,良,,(栗),岡田稲男,2006,-0.2,,2,2,33.7,506,-4,
,"2019. 5.11",新潟,1新5,1000万,中ノ岳Ｈ1000,3,4,マイネルツァイト,牡,5,丹内祐次, 54 ,15,5,１, ,ダ1800,良,,(美),大和田成,1535,-0.2,3,3,3,36.7,500,-6,
,"2019. 5.11",新潟,1新5,500万,はやぶさ500*,8,16,ナーゲルリング,牝,3,丹内祐次, 54 ,16,7,１, 内,芝1000,良,,(美),伊藤圭三,0552,-0.1,,,4,32.8,450,-6,
,"2019. 5.11",新潟,1新5,500万,500万下,2,3,メジェールスー,牝,4,岩田望来,52▲,16,2,１, 内,芝1200,良,,(栗),藤原英昭,1090,-0.0,,2,2,34.6,462,-6,
,"2019. 5.11",新潟,1新5,500万,500万下・牝,1,1,ヤマイチジャスティ,牝,6,山田敬士,52▲,14,1,１, ,ダ1800,良,,(美),高市圭二,1540,-0.0,7,7,7,38.8,488,-4,
,"2019. 5.11",新潟,1新5,500万,500万下・若,5,8,エターナルフレイム,セ,5,菅原明良,54▲,15,1,１, ,ダ1200,良,,(美),高木登,1120,-0.5,,2,2,37.5,524,+2,
,"2019. 5.11",新潟,1新5,未勝利,未勝利,2,2,エフェクトオン,牡,3,吉田隼人, 56 ,11,3,１, 内,芝2400,良,,(美),久保田貴,2320,-0.1,5,5,5,34.4,436,-6,
,"2019. 5.11",新潟,1新5,未勝利,未勝利,8,11,レッドエンヴィー,牡,3,横山武史,55☆,12,2,１, 内,芝2000,良,,(栗),須貝尚介,2029,-0.1,8,7,6,34.9,478,0,
,"2019. 5.11",新潟,1新5,未勝利,未勝利・牝,6,9,クラヴィーア,牝,3,吉田隼人, 54 ,14,1,１, 外,芝1800,良,,(栗),高野友和,1483,-0.1,,10,11,33.8,454,+2,
,"2019. 5.11",新潟,1新5,未勝利,未勝利,4,4,カセノウィナー,牡,3,丸山元気, 56 ,10,1,１, ,ダ1800,良,,(美),土田稔,1537,-0.9,2,2,2,38.2,482,-6,
,"2019. 5.11",新潟,1新5,未勝利,未勝利・牝,7,13,リトルウィッチ,牝,3,岩田望来,51▲,15,4,１, ,ダ1200,良,,(栗),千田輝彦,1127,-0.8,,1,1,37.6,404,+2,
,"2019. 5.11",新潟,1新5,未勝利,未勝利,7,13,アグリューム,牝,3,津村明秀, 54 ,16,5,１, 外,芝1600,良,,(美),武井亮,1372,-0.0,,9,10,33.1,456,,
,"2019. 5. 5",新潟,1新4,1000万,八海山特1000,6,10,ゲキリン,牡,5,菱田裕二, 57 ,14,10,１, ,ダ1200,良,,(栗),吉村圭司,1113,-0.1,,3,3,36.8,476,+4,
,"2019. 5. 5",新潟,1新4,OP(L),谷川岳Ｓ(L),1,2,ハーレムライン,牝,4,木幡巧也, 54 ,16,14,１, 外,芝1600,良,,(美),田中清隆,1323,-0.2,,6,5,33.2,470,+10,
,"2019. 5. 5",新潟,1新4,500万,二王子特500,3,5,サンライズローリエ,牡,4,丸山元気, 57 ,15,8,１, 外,芝1800,良,,(栗),羽月友彦,1473,-0.1,,7,8,33.3,458,-2,
,"2019. 5. 5",新潟,1新4,500万,500万下,8,15,ノヴァルーナ,牝,5,西村淳也,53△,16,1,１, 内,芝1000,良,,(栗),橋口慎介,0551,-0.2,,,1,33.2,468,+2,
,"2019. 5. 5",新潟,1新4,500万,500万下・若,4,7,ホイールバーニング,牡,6,川又賢治,56☆,15,3,１, ,ダ1200,良,,(栗),牧田和弥,1115,-0.3,,7,8,36.3,530,-8,
,"2019. 5. 5",新潟,1新4,500万,500万下・牝,7,8,カラリエーヴァ,牝,4,宮崎北斗, 55 ,11,2,１, ,ダ1800,良,,(美),中川公成,1536,-0.3,2,2,2,38.5,488,+14,
,"2019. 5. 5",新潟,1新4,未勝利,未勝利,4,5,タマノジュメイラ,牝,3,西村淳也,52△,14,3,１, 内,芝2000,良,,(美),伊藤大士,2017,-0.2,5,5,5,35.1,462,0,
,"2019. 5. 5",新潟,1新4,未勝利,未勝利,8,14,ロイヤルヴィザージ,牝,3,横山和生, 54 ,15,8,１, 内,芝1400,良,,(栗),飯田祐史,1225,-0.0,,7,7,36.0,446,-4,
,"2019. 5. 5",新潟,1新4,未勝利,障害未勝利,4,5,デュアルメジャー,セ,7,草野太郎, 60 ,14,1,１, ,芝2890,良,,(美),黒岩陽一,3073,-0.2,9,5,4,13.0,496,+2,
,"2019. 5. 5",新潟,1新4,未勝利,未勝利,6,11,トレイントレイン,牡,3,横山武史,55☆,15,9,１, ,ダ1800,良,,(美),池上昌和,1547,-0.2,1,1,1,39.1,510,+14,B
,"2019. 5. 5",新潟,1新4,未勝利,未勝利,8,14,ノボオリエンス,牝,3,横山武史,53☆,15,1,１, ,ダ1200,良,,(美),尾関知人,1128,-0.5,,2,2,37.7,468,+2,
,"2019. 5. 5",新潟,1新4,未勝利,未勝利・牝,5,6,モンオール,牝,3,富田暁,53☆,13,1,１, ,ダ1800,良,,(栗),平田修,1548,-0.2,7,3,3,37.5,440,+8,
,"2019. 5. 4",新潟,1新3,500万,五泉特別500,4,8,ベストアクター,セ,5,柴田善臣, 57 ,16,6,１, 内,芝1400,良,,(美),鹿戸雄一,1217,-0.1,,8,8,34.8,444,-10,
,"2019. 5. 4",新潟,1新3,1000万,邁進特Ｈ1000,3,5,ライオンボス,牡,4,鮫島克駿, 53 ,16,15,１, 内,芝1000,良,,(美),和田正一,0541,-0.8,,,1,32.0,534,+4,
,"2019. 5. 4",新潟,1新3,500万,わらび賞500*,6,9,ゲンパチルシファー,牡,3,中井裕二, 56 ,13,2,１, ,ダ1800,良,,(栗),佐々木晶,1536,-0.1,2,2,2,38.7,480,-2,
,"2019. 5. 4",新潟,1新3,500万,500万下・牝,7,9,プロキシマ,牝,5,横山武史,54☆,11,4,１, 外,芝2000,良,,(栗),池江泰寿,1594,-0.0,,10,10,34.2,474,-2,
,"2019. 5. 4",新潟,1新3,500万,500万下,8,9,ジョースターライト,牡,6,中谷雄太, 57 ,9,2,１, ,ダ1800,良,,(栗),松下武士,1539,-0.1,2,3,3,37.3,462,-12,B
,"2019. 5. 4",新潟,1新3,500万,500万下,5,8,プリティマックス,牝,5,横山武史,54☆,15,4,１, ,ダ1200,良,,(美),菊川正達,1119,-0.3,,1,1,36.7,438,-8,
,"2019. 5. 4",新潟,1新3,未勝利,未勝利・若,4,8,ベルキューティ,牝,3,藤田菜七,51▲,16,2,１, 外,芝1800,良,,(美),田村康仁,1475,-0.4,,8,7,34.7,414,-4,
,"2019. 5. 4",新潟,1新3,未勝利,未勝利,3,6,レストンベ,牝,3,菱田裕二, 54 ,16,9,１, 内,芝1200,良,,(美),斎藤誠,1102,-0.1,,8,8,34.8,456,0,
,"2019. 5. 4",新潟,1新3,ｵｰﾌﾟﾝ,障害・オープ,2,2,コウユーヌレエフ,牡,5,森一馬, 60 ,14,3,１, ,芝3290,良,,(栗),斉藤崇史,3353,-1.3,1,1,1,13.1,492,-2,
,"2019. 5. 4",新潟,1新3,未勝利,未勝利,4,6,ケイツーテソーロ,牡,3,横山武史,55☆,15,4,１, ,ダ1200,良,,(美),田中博康,1131,-0.1,,2,2,37.7,498,+6,B
,"2019. 5. 4",新潟,1新3,未勝利,未勝利,2,2,エコロドリーム,牡,3,柴田善臣, 56 ,14,2,１, ,ダ1800,良,,(美),岩戸孝樹,1545,-0.6,7,6,5,38.2,468,-2,
,"2019. 5. 4",新潟,1新3,未勝利,障害未勝利,2,2,テンザワールド,牡,5,西谷誠, 60 ,14,2,１, ,芝2890,良,,(栗),大久保龍,3092,-0.6,1,1,1,13.1,432,-6,
,"2019. 4.29",新潟,1新2,500万,500万下,7,12,コスモビスティー,牡,4,丹内祐次, 57 ,15,2,１, ,ダ1200,稍,,(美),松山将樹,1113,-0.2,,5,5,36.3,478,-2,
,"2019. 4.29",新潟,1新2,Ｇ３,新潟大賞ＨG3,8,15,メールドグラース,牡,4,レーン, 54 ,16,7,１, 外,芝2000,良,,(栗),清水久詞,1586,-0.1,,8,8,33.0,478,+2,B
,"2019. 4.29",新潟,1新2,1000万,火打山特1000,3,4,ワンダーアマービレ,牝,5,長岡禎仁, 55 ,15,6,１, ,ダ1200,稍,,(栗),杉山晴紀,1109,-0.0,,9,9,35.8,452,-2,
,"2019. 4.29",新潟,1新2,500万,湯沢特別500,8,14,ハートイズハート,牡,6,内田博幸, 57 ,14,9,１, 内,芝1200,良,,(美),中野栄治,1097,-0.0,,10,7,34.0,464,0,
,"2019. 4.29",新潟,1新2,500万,500万下,8,10,コロンバスデイ,牝,4,藤田菜七,52▲,11,6,１, 内,芝2400,良,,(美),小笠倫弘,2278,-0.0,6,5,3,35.4,466,+6,
,"2019. 4.29",新潟,1新2,500万,500万下・牝,2,2,クリノヴィクトリア,牝,5,戸崎圭太, 55 ,10,3,１, ,ダ1800,稍,,(美),高市圭二,1530,-0.0,3,4,4,37.2,442,+2,
,"2019. 4.29",新潟,1新2,未勝利,未勝利,7,13,スカイポート,牝,3,菱田裕二, 54 ,15,5,１, 内,芝1000,良,,(美),松永康利,0558,-0.1,,,1,33.4,426,0,
,"2019. 4.29",新潟,1新2,未勝利,未勝利,6,7,エクセランフィーユ,牝,3,ルメール, 54 ,12,1,１, 外,芝1800,良,,(美),木村哲也,1487,-0.2,,5,5,33.5,416,0,
,"2019. 4.29",新潟,1新2,未勝利,障害未勝利,6,10,ダノンシーザー,牡,7,白浜雄造, 60 ,14,4,１, ,芝2890,良,,(栗),安田翔伍,3108,-0.0,5,6,6,13.2,464,-18,
,"2019. 4.29",新潟,1新2,未勝利,未勝利,5,5,ボーイズオブサマー,牡,3,柴田大知, 56 ,12,5,１, ,ダ1800,稍,,(美),天間昭一,1554,-0.0,11,6,8,38.0,500,0,
,"2019. 4.29",新潟,1新2,未勝利,未勝利,3,4,ワールドイズマイン,牝,3,藤田菜七,51▲,15,5,１, ,ダ1200,稍,,(美),金成貴史,1116,-0.2,,3,3,36.9,446,0,
,"2019. 4.29",新潟,1新2,未勝利,未勝利・牝,6,10,トゥーフラッシー,牝,3,戸崎圭太, 54 ,14,1,１, ,ダ1800,稍,,(美),高市圭二,1541,-0.1,5,5,4,38.5,462,-2,
,"2019. 4.27",新潟,1新1,500万,500万下,7,8,ディライトプロミス,牝,4,西村淳也,53△,10,1,１, ,ダ1800,不,,(栗),池添学,1515,-0.3,3,2,2,36.9,460,-4,
,"2019. 4.27",新潟,1新1,1600万,駿風Ｓ1600,7,11,ジョーカナチャン,牝,4,幸英明, 55 ,13,2,１, 内,芝1000,重,,(栗),松下武士,0556,-0.1,,,1,33.3,444,-8,
,"2019. 4.27",新潟,1新1,500万,春日山特500,2,2,エリティエール,牝,5,池添謙一, 55 ,8,2,１, 外,芝2000,重,,(美),大竹正博,2014,-0.0,,6,6,35.1,444,+2,
,"2019. 4.27",新潟,1新1,500万,ゆきつば500*,7,13,タマモメイトウ,牡,3,藤岡康太, 56 ,16,3,１, 内,芝1200,重,,(栗),藤岡健一,1100,-0.3,,13,12,34.5,472,-6,
,"2019. 4.27",新潟,1新1,500万,500万下・若,7,10,ショウナンサリュー,牡,5,鮫島克駿, 57 ,12,2,１, ,ダ1800,不,,(栗),高野友和,1500,-0.5,6,2,2,36.8,492,-6,
,"2019. 4.27",新潟,1新1,500万,500万下・牝,7,9,ナイトスプライト,牝,4,斎藤新,52▲,11,1,１, ,ダ1200,不,,(栗),浅見秀一,1104,-0.0,,7,7,35.6,468,+6,
,"2019. 4.27",新潟,1新1,未勝利,未勝利,2,2,ロードブレス,牡,3,中井裕二, 56 ,11,8,１, 内,芝2200,重,,(栗),奥村豊,2166,-0.1,8,7,7,36.9,496,-4,
,"2019. 4.27",新潟,1新1,未勝利,未勝利,2,4,スコッチリール,牝,3,津村明秀, 54 ,16,4,１, 外,芝1600,重,,(美),林徹,1366,-0.3,,3,3,35.6,448,0,
,"2019. 4.27",新潟,1新1,未勝利,障害未勝利,6,7,タガノエスプレッソ,牡,7,平沢健治, 60 ,11,1,１, ,芝2890,重,,(栗),五十嵐忠,3099,-0.1,2,2,3,13.1,458,-2,
,"2019. 4.27",新潟,1新1,未勝利,未勝利・牝,3,4,エリンアクトレス,牝,3,丹内祐次, 54 ,14,6,１, ,ダ1200,不,,(美),清水英克,1113,-0.2,,2,2,37.1,478,-2,B
,"2019. 4.27",新潟,1新1,未勝利,未勝利,3,3,ダノングリスター,牡,3,岩田康誠, 56 ,12,1,１, ,ダ1800,不,,(栗),寺島良,1516,-0.7,2,1,1,37.3,492,-8,
,"2019. 4.27",新潟,1新1,ｵｰﾌﾟﾝ,障害・オープ,3,3,マイブルーヘブン,牡,5,難波剛健, 60 ,14,3,１, ,芝2890,重,,(栗),高橋義忠,3072,-0.6,4,5,4,13.0,486,+2,
,2018.10.28,新潟,3新6,500万,柏崎特別500,3,6,バルベーラ,牝,4,津村明秀, 55 ,18,10,１, 外,芝1600,重,,(栗),渡辺薫彦,1359,-0.2,,11,11,34.9,426,+2,
,2018.10.28,新潟,3新6,ｵｰﾌﾟﾝ,ルミエーＨ,7,13,ミキノドラマー,牡,5,菊沢一樹, 50 ,18,7,１, 内,芝1000,重,,(美),南田美知,0563,-0.3,,,10,33.4,492,-2,
,2018.10.28,新潟,3新6,500万,松浜特別500,8,15,レッドラフェスタ,牝,3,三浦皇成, 53 ,17,1,１, 外,芝1800,重,,(美),尾関知人,1486,-0.1,,15,15,34.4,446,+20,
,2018.10.28,新潟,3新6,500万,500万下,3,5,カレンガリアード,牡,3,三浦皇成, 55 ,15,2,１, ,ダ1200,不,,(栗),安田翔伍,1099,-1.4,,1,1,36.1,468,+4,
,2018.10.28,新潟,3新6,500万,500万下,7,12,スヴァルナ,牡,3,津村明秀, 55 ,14,2,１, 外,芝2000,稍,,(栗),池江泰寿,2019,-0.1,,11,11,33.9,502,+8,
,2018.10.28,新潟,3新6,500万,500万下・若,6,11,ヴォーガ,牡,4,木幡巧也,56☆,15,2,１, ,ダ1200,重,,(栗),森秀行,1103,-0.0,,3,3,35.9,442,+2,
,2018.10.28,新潟,3新6,500万,500万下,1,1,ギラーミン,セ,3,松田大作, 55 ,12,6,１, ,ダ1800,重,,(栗),松永幹夫,1512,-0.0,1,3,3,37.4,504,-14,
,2018.10.28,新潟,3新6,新馬,新馬,3,5,サーストンバーラム,牡,2,菊沢一樹,53△,15,3,１, ,ダ1200,重,,(美),伊藤圭三,1114,-0.2,,1,1,36.9,450,,
,2018.10.28,新潟,3新6,未勝利,障害未勝利,7,11,ドラゴンストーム,セ,6,五十嵐雄, 60 ,14,6,１, ,芝2850,稍,,(美),藤沢和雄,3075,-0.5,3,2,2,13.2,462,-2,
,2018.10.28,新潟,3新6,500万,500万下・牝,8,10,ケイツーリラ,牝,3,津村明秀, 53 ,11,5,１, ,ダ1800,重,,(美),鈴木伸尋,1537,-0.3,7,2,2,37.2,438,+6,
,2018.10.28,新潟,3新6,未勝利,未勝利*,5,9,アシャカド,牡,2,藤懸貴志, 55 ,15,6,１, ,ダ1200,重,,(栗),斉藤崇史,1112,-0.2,,2,2,36.3,492,-2,
,2018.10.28,新潟,3新6,未勝利,未勝利*,4,5,プライム,牡,2,津村明秀, 55 ,13,2,１, 内,芝1400,稍,,(美),尾関知人,1229,-0.6,,1,1,36.1,486,0,
,2018.10.27,新潟,3新5,500万,飛翔特別500,8,18,アンインジュリー,牝,3,丸田恭介, 53 ,18,12,１, 内,芝1000,稍,,(美),小野次郎,0568,-0.1,,,3,34.0,444,-16,
,2018.10.27,新潟,3新5,1000万,魚沼特別1000,7,11,ミスティックグロウ,牡,3,横山典弘, 55 ,13,1,１, 外,芝1800,稍,,(美),武井亮,1476,-0.0,,7,7,34.2,452,0,
,2018.10.27,新潟,3新5,500万,岩船特別500,8,12,トーセンアイトーン,牡,3,北村友一, 54 ,13,1,１, 内,芝2200,稍,,(栗),藤原英昭,2159,-0.1,9,10,11,35.7,440,0,
,2018.10.27,新潟,3新5,500万,500万下,6,10,メイショウヒボタン,牝,4,西村淳也,52▲,15,2,１, ,ダ1200,稍,,(栗),藤沢則雄,1112,-0.4,,4,4,36.4,456,-6,
,2018.10.27,新潟,3新5,500万,500万下・牝,1,1,ケワロス,牝,3,勝浦正樹, 53 ,18,11,１, 内,芝1400,稍,,(栗),牧浦充徳,1224,-0.1,,2,2,36.2,442,+22,
,2018.10.27,新潟,3新5,500万,500万下・若,2,2,ブルヴェルソン,牡,3,川又賢治,54☆,14,4,１, ,ダ1800,稍,,(栗),高野友和,1553,-0.0,2,2,2,36.8,524,+24,
,2018.10.27,新潟,3新5,500万,500万下,6,11,ユイノシンドバッド,牡,3,長岡禎仁, 54 ,15,5,１, ,ダ2500,稍,,(美),竹内正洋,2432,-0.0,2,2,2,37.8,500,-4,
,2018.10.27,新潟,3新5,未勝利,未勝利*,8,14,キラープレゼンス,牝,2,北村友一, 54 ,14,1,１, 外,芝1800,稍,,(栗),高野友和,1493,-0.5,,10,9,34.7,512,+10,
,2018.10.27,新潟,3新5,ｵｰﾌﾟﾝ,障害・オープ,7,10,リミットブレイク,セ,6,五十嵐雄, 60 ,12,3,１, ,芝2850,良,,(美),尾関知人,3081,-0.0,6,3,3,13.2,524,-2,
,2018.10.27,新潟,3新5,未勝利,未勝利・牝*,7,13,サリーバランセ,牝,2,津村明秀, 54 ,15,2,１, ,ダ1200,稍,,(美),鈴木伸尋,1125,-0.5,,3,3,38.0,464,-8,
,2018.10.27,新潟,3新5,未勝利,未勝利*,1,1,ニシノイタダキ,牡,2,勝浦正樹, 55 ,14,2,１, ,ダ1800,稍,,(美),中舘英二,1582,-0.0,1,1,1,41.1,480,-2,
,2018.10.27,新潟,3新5,未勝利,障害未勝利,6,9,トラスト,牡,4,熊沢重文, 60 ,14,2,１, ,芝2850,良,,(栗),中村均,3049,-1.3,1,1,1,13.0,496,+16,
,2018.10.21,新潟,3新4,500万,十日町特500,7,13,ハトホル,牝,3,菱田裕二, 53 ,18,6,１, 内,芝1400,良,,(美),本間忍,1216,-0.2,,12,11,34.3,456,+16,
,2018.10.21,新潟,3新4,1600万,北陸Ｓ1600,8,12,モズワッショイ,牝,5,藤田菜七, 55 ,12,7,１, ,ダ1200,良,*,(栗),牧浦充徳,1115,-0.1,,2,2,36.3,432,+12,
,2018.10.21,新潟,3新4,500万,浦佐特別500,2,2,ジャーミネイト,牡,4,秋山真一, 57 ,13,6,１, 外,芝2000,良,,(栗),中尾秀正,1597,-0.0,,6,7,34.1,456,-8,
,2018.10.21,新潟,3新4,500万,500万下・牝,6,12,サラドリーム,牝,3,嶋田純次, 53 ,17,1,１, 内,芝1000,良,,(美),手塚貴久,0554,-0.2,,,2,33.1,426,+8,
,2018.10.21,新潟,3新4,500万,500万下・若,6,8,カレイドスコープ,牝,3,菊沢一樹,51△,13,3,１, ,ダ1200,稍,,(美),菊沢隆徳,1117,-0.0,,10,9,36.6,470,0,
,2018.10.21,新潟,3新4,500万,500万下,6,6,グランサム,牡,3,丸山元気, 55 ,8,2,１, ,ダ1800,稍,,(美),古賀慎明,1535,-0.0,2,2,2,37.6,470,-4,B
,2018.10.21,新潟,3新4,500万,500万下,7,10,メイショウミズカゼ,牡,4,秋山真一, 57 ,12,1,１, ,ダ1200,稍,,(栗),飯田祐史,1122,-0.0,,3,3,37.1,474,+2,
,2018.10.21,新潟,3新4,新馬,新馬・牝,7,14,トロシュナ,牝,2,秋山真一, 54 ,18,1,１, 外,芝1600,良,,(美),大竹正博,1358,-0.5,,13,13,33.7,440,,
,2018.10.21,新潟,3新4,未勝利,障害未勝利,5,7,マイブルーヘブン,牡,4,植野貴也, 60 ,14,1,１, ,芝2850,良,,(栗),高橋義忠,3036,-0.1,1,1,1,12.9,480,+12,
,2018.10.21,新潟,3新4,500万,500万下,6,6,マルヨシャバーリー,牡,4,川須栄彦, 57 ,9,1,１, ,ダ1800,稍,,(栗),牧田和弥,1528,-0.1,5,3,2,38.8,486,-6,B
,2018.10.21,新潟,3新4,未勝利,未勝利*,7,12,ロンドンテソーロ,牡,2,吉田隼人, 55 ,14,2,１, ,ダ1200,稍,,(美),武井亮,1122,-0.2,,3,2,36.7,482,+2,
,2018.10.21,新潟,3新4,未勝利,未勝利*,6,12,イベリス,牝,2,秋山真一, 54 ,18,2,１, 内,芝1200,良,,(栗),角田晃一,1105,-0.2,,2,2,35.7,454,+2,
,2018.10.20,新潟,3新3,500万,鳥屋野特500,5,9,トウカイレーヌ,牝,4,鮫島克駿, 55 ,18,3,１, 内,芝1200,稍,,(栗),安田隆行,1092,-0.1,,12,10,34.6,420,-8,
,2018.10.20,新潟,3新3,1000万,飛翼特Ｈ1000,3,6,ジョーカナチャン,牝,3,鮫島克駿, 51 ,18,13,１, 内,芝1000,稍,,(栗),松下武士,0550,-0.0,,,2,32.7,452,+18,
,2018.10.20,新潟,3新3,500万,萬代橋特500,8,11,プリンスオブペスカ,牡,4,丸山元気, 57 ,12,2,１, 内,芝2400,稍,,(栗),松永昌博,2269,-0.0,6,3,2,35.2,466,-6,
,2018.10.20,新潟,3新3,500万,500万下,2,2,キーフラッシュ,牡,3,西村淳也,52▲,11,7,１, ,ダ1800,稍,,(栗),宮徹,1533,-0.3,2,3,4,37.6,482,-2,
,2018.10.20,新潟,3新3,500万,500万下・若,7,11,アーデルワイゼ,牝,3,荻野極,52☆,13,6,１, 外,芝1800,稍,,(栗),池添学,1483,-0.2,,3,3,33.9,454,-4,
,2018.10.20,新潟,3新3,500万,500万下,8,10,ナンベーサン,牡,5,勝浦正樹, 57 ,11,3,１, ,ダ1200,稍,,(美),伊藤大士,1128,-0.0,,3,3,36.4,488,-10,
,2018.10.20,新潟,3新3,500万,500万下・牝,3,3,フィルムフランセ,牝,4,鮫島克駿, 55 ,13,3,１, ,ダ1800,稍,,(栗),牧浦充徳,1545,-0.4,4,5,4,37.9,490,0,
,2018.10.20,新潟,3新3,未勝利,未勝利*,6,7,ジャスティン,牡,2,川又賢治,54☆,11,3,１, 外,芝1600,稍,,(栗),矢作芳人,1356,-0.8,,1,1,34.3,486,0,
,2018.10.20,新潟,3新3,ｵｰﾌﾟﾝ,障害・オープ,3,3,トーヨーピース,牡,4,草野太郎, 60 ,9,4,１, ,芝3250,稍,,(美),土田稔,3334,-0.1,9,6,4,13.1,476,-4,
,2018.10.20,新潟,3新3,500万,500万下・牝,7,12,シャワーブーケ,牝,4,松若風馬, 55 ,14,2,１, ,ダ1200,稍,,(栗),今野貞一,1114,-0.2,,3,2,37.2,482,+2,
,2018.10.20,新潟,3新3,未勝利,未勝利*,2,2,レオンコロナ,牡,2,松若風馬, 55 ,15,1,１, ,ダ1800,稍,,(栗),鈴木孝志,1543,-0.8,1,1,1,37.6,454,0,
,2018.10.20,新潟,3新3,未勝利,障害未勝利,1,1,ヒルノマゼラン,牡,5,西谷誠, 60 ,14,5,１, ,芝2850,稍,,(栗),昆貢,3049,-0.5,1,1,1,13.0,504,+2,
,2018.10.14,新潟,3新2,500万,寺泊特別500,4,8,アバルラータ,牝,4,柴山雄一, 55 ,18,1,１, 外,芝1600,良,,(栗),鮫島一歩,1339,-0.0,,7,8,33.2,452,+6,
,2018.10.14,新潟,3新2,ｵｰﾌﾟﾝ,信越ＳＨ,5,10,スターオブペルシャ,セ,5,杉原誠人, 56 ,18,1,１, 内,芝1400,良,,(美),藤沢和雄,1207,-0.0,,8,8,35.4,512,+10,
,2018.10.14,新潟,3新2,500万,粟島特別500,4,8,メイショウグロッケ,牝,4,藤岡康太, 55 ,18,2,１, 外,芝1800,良,,(栗),荒川義之,1462,-0.0,,7,7,34.0,472,0,
,2018.10.14,新潟,3新2,500万,500万下,4,4,アポロテネシー,牡,3,丸山元気, 55 ,10,1,１, ,ダ1800,稍,,(栗),山内研二,1531,-0.7,2,2,2,37.5,510,+6,
,2018.10.14,新潟,3新2,500万,500万下,5,8,ギャラッド,セ,3,丸山元気, 55 ,15,3,１, 外,芝2000,良,,(美),田村康仁,2006,-0.0,,13,12,32.7,468,0,
,2018.10.14,新潟,3新2,500万,500万下・若,6,9,コスモジョーカー,牡,3,伴啓太, 55 ,14,11,１, ,ダ1200,稍,,(美),和田雄二,1126,-0.1,,2,2,37.9,502,-7,
,2018.10.14,新潟,3新2,500万,500万下,6,7,アルドーレ,牡,3,古川吉洋, 55 ,12,4,１, ,ダ1800,稍,,(栗),昆貢,1529,-0.3,10,3,3,38.0,490,0,
,2018.10.14,新潟,3新2,新馬,新馬,5,10,ハバナウインド,牡,2,鮫島克駿, 55 ,18,2,１, 内,芝1400,良,,(栗),浅見秀一,1229,-0.2,,3,3,35.8,468,,
,2018.10.14,新潟,3新2,500万,500万下,3,4,タマモサザンクロス,牡,4,鮫島克駿, 57 ,15,1,１, ,ダ1200,稍,,(栗),藤沢則雄,1117,-0.2,,8,6,36.8,458,+6,
,2018.10.14,新潟,3新2,未勝利,未勝利*,6,12,テンモントム,牡,2,吉田隼人, 55 ,18,2,１, 内,芝1000,良,*,(美),加藤和宏,0562,-0.1,,,4,33.4,438,+4,B
,2018.10.14,新潟,3新2,未勝利,未勝利*,2,2,アトミックフォース,牡,2,勝浦正樹, 55 ,14,2,１, 内,芝2000,良,,(美),武藤善則,2023,-0.2,3,3,3,36.1,454,+6,
,2018.10.14,新潟,3新2,未勝利,未勝利*,8,15,スマートサヴァラン,牡,2,横山武史,53△,15,11,１, ,ダ1200,稍,,(美),古賀史生,1134,-0.1,,2,2,38.1,450,+2,
,2018.10.13,新潟,3新1,500万,稲光特別500,7,15,サウンドドゥイット,牡,6,松田大作, 57 ,18,13,１, 内,芝1000,良,,(栗),吉田直弘,0553,-0.0,,,3,32.8,452,+4,
,2018.10.13,新潟,3新1,1000万,妙高特別1000,6,10,クイーンズテソーロ,牝,3,木幡巧也, 53 ,15,5,１, ,ダ1200,重,,(美),畠山吉宏,1114,-0.3,,4,4,36.5,458,+6,
,2018.10.13,新潟,3新1,500万,瓢湖特別500,8,12,キューンハイト,牝,4,津村明秀, 55 ,12,4,１, 内,芝2200,良,,(美),宗像義忠,2134,-0.0,7,6,6,34.6,426,+2,
,2018.10.13,新潟,3新1,500万,500万下,6,9,レッドランディーニ,牝,3,川又賢治,52☆,14,1,１, 外,芝1800,良,,(栗),石坂正,1460,-0.2,,12,13,33.6,448,0,
,2018.10.13,新潟,3新1,500万,500万下・若,4,8,コウエイダリア,牝,4,森裕太朗,53△,18,3,１, 内,芝1200,良,,(栗),山内研二,1089,-0.4,,1,1,34.3,504,+2,
,2018.10.13,新潟,3新1,500万,500万下,4,4,サンティーニ,牡,3,丸山元気, 55 ,11,7,１, ,ダ1800,重,,(栗),羽月友彦,1525,-0.0,2,2,2,38.3,496,0,
,2018.10.13,新潟,3新1,500万,500万下,2,2,オワゾードール,牡,3,木幡巧也,53☆,12,3,１, ,ダ2500,重,,(美),久保田貴,2420,-0.0,7,5,5,38.5,474,+14,
,2018.10.13,新潟,3新1,未勝利,未勝利・牝*,1,2,トーセンリスト,牝,2,菊沢一樹,52△,17,4,１, 内,芝1400,良,,(美),菊沢隆徳,1222,-0.1,,9,8,35.3,426,+2,
,2018.10.13,新潟,3新1,未勝利,障害未勝利,1,1,キズナエンドレス,牝,7,五十嵐雄, 58 ,14,5,１, ,芝2850,稍,,(美),宗像義忠,3091,-0.3,7,2,1,13.3,488,+6,
,2018.10.13,新潟,3新1,500万,500万下・牝,7,12,ワンダーアマービレ,牝,4,鮫島克駿, 55 ,15,1,１, ,ダ1200,重,,(栗),杉山晴紀,1111,-0.4,,10,10,36.1,440,-10,
,2018.10.13,新潟,3新1,未勝利,未勝利*,7,8,ノーヴァレンダ,牡,2,北村友一, 55 ,10,1,１, ,ダ1800,重,,(栗),斉藤崇史,1549,-0.6,2,2,2,36.6,528,+4,
,2018.10.13,新潟,3新1,未勝利,障害未勝利,5,8,クリノヴェルサイユ,牝,5,金子光希, 58 ,14,1,１, ,芝2850,稍,,(美),高市圭二,3056,-0.4,5,4,2,13.0,444,+6,
,"2018. 9. 2",新潟,2新C,500万,雷光特別500,8,16,ソレイユフルール,牝,4,丸田恭介, 55 ,18,5,１, 内,芝1000,良,,(美),和田雄二,0548,-0.0,,,1,32.7,476,+6,
,"2018. 9. 2",新潟,2新C,Ｇ３,新潟記念ＨG3,1,1,ブラストワンピース,牡,3,池添謙一, 54 ,13,1,１, 外,芝2000,良,,(美),大竹正博,1575,-0.3,,11,11,33.5,530,-2,
,"2018. 9. 2",新潟,2新C,1000万,飯豊特Ｈ1000,8,14,ブロワ,牝,5,杉原誠人, 51 ,14,10,１, 内,芝1200,良,,(美),大江原哲,1085,-0.3,,1,1,34.1,480,+4,
,"2018. 9. 2",新潟,2新C,500万,両津湾特500,4,7,ドゥラリュール,セ,5,大野拓弥, 57 ,15,3,１, ,ダ1800,稍,,(美),藤原辰雄,1523,-0.2,4,4,3,37.1,474,+6,
,"2018. 9. 2",新潟,2新C,500万,500万下,2,4,ネームユアポイズン,セ,4,池添謙一, 57 ,18,7,１, 内,芝1400,良,*,(美),国枝栄,1219,-0.2,,15,10,33.9,468,+6,
,"2018. 9. 2",新潟,2新C,未勝利,未勝利,7,14,リンディーホップ,牝,3,Ｍ．デム, 54 ,17,1,１, 内,芝2000,良,,(美),金成貴史,2007,-0.5,4,5,4,34.7,454,+2,
,"2018. 9. 2",新潟,2新C,新馬,新馬,7,12,オルトグラフ,牝,2,Ｍ．デム, 54 ,15,1,１, ,ダ1200,重,,(美),池上昌和,1135,-0.2,,3,2,37.2,480,,
,"2018. 9. 2",新潟,2新C,新馬,新馬,8,15,ジャスパージャック,牡,2,Ｍ．デム, 54 ,16,2,１, 外,芝1800,良,,(栗),森秀行,1511,-0.0,,2,2,33.3,522,,
,"2018. 9. 2",新潟,2新C,未勝利,障害未勝利,5,7,スミレタンポポ,牝,6,大庭和弥, 58 ,14,6,１, ,芝2850,稍,,(美),高橋義博,3042,-0.2,2,2,2,12.9,408,-6,
,"2018. 9. 2",新潟,2新C,未勝利,未勝利・牝,7,13,ロマンスガッサン,牝,3,藤田菜七,52△,15,4,１, ,ダ1800,重,,(美),鈴木伸尋,1537,-0.1,4,3,3,38.6,480,0,B
,"2018. 9. 2",新潟,2新C,未勝利,未勝利,6,10,スリーミニオン,牡,3,三浦皇成, 56 ,14,5,１, ,ダ1200,重,,(美),柄崎孝,1115,-0.4,,3,3,37.0,460,+14,B
,"2018. 9. 2",新潟,2新C,未勝利,未勝利*,3,3,ガトン,牡,2,津村明秀, 54 ,13,6,１, 外,芝1600,稍,,(美),相沢郁,1355,-0.0,,1,1,34.5,512,-4,
,"2018. 9. 1",新潟,2新B,500万,500万下,4,7,オーロリンチェ,牝,3,大野拓弥, 53 ,15,1,１, ,ダ1200,重,,(美),高木登,1112,-0.1,,1,1,37.0,482,+2,
,"2018. 9. 1",新潟,2新B,1600万,長岡Ｓ1600,7,9,キョウワゼノビア,牝,5,田中勝春, 55 ,11,8,１, 外,芝1600,重,,(栗),角田晃一,1343,-0.0,,4,4,33.6,480,-6,
,"2018. 9. 1",新潟,2新B,1000万,弥彦特別1000,6,8,ランガディア,牡,4,北村宏司, 57 ,12,3,１, 外,芝1800,重,,(美),木村哲也,1466,-0.2,,5,3,34.8,482,0,
,"2018. 9. 1",新潟,2新B,500万,糸魚川特500,3,3,ニシノアモーレ,牝,4,大野拓弥, 55 ,11,5,１, 外,芝2000,重,,(美),上原博之,1595,-0.1,,6,5,35.1,426,-2,
,"2018. 9. 1",新潟,2新B,500万,500万下・牝,7,12,サラーブ,牝,3,戸崎圭太, 52 ,15,1,１, ,ダ1800,不,,(美),木村哲也,1523,-0.2,5,3,2,37.8,508,-2,
,"2018. 9. 1",新潟,2新B,未勝利,未勝利,5,9,ボナデア,牝,3,宮崎北斗, 54 ,18,1,１, 内,芝1000,重,,(美),中川公成,0564,-0.4,,,1,33.9,496,0,
,"2018. 9. 1",新潟,2新B,未勝利,未勝利,6,11,ダンスメーカー,牡,3,福永祐一, 56 ,15,2,１, ,ダ1800,不,,(美),戸田博文,1526,-1.0,6,5,4,37.6,478,-4,
,"2018. 9. 1",新潟,2新B,新馬,新馬,1,1,ドゴール,牡,2,津村明秀, 54 ,17,4,１, 内,芝1400,重,,(美),黒岩陽一,1228,-0.4,,8,7,35.2,444,,
,"2018. 9. 1",新潟,2新B,未勝利,未勝利,8,18,リリーバレロ,牝,3,石橋脩, 54 ,18,2,１, 外,芝1600,重,,(美),堀宣行,1357,-0.0,,9,12,33.3,454,0,
,"2018. 9. 1",新潟,2新B,未勝利,未勝利,8,15,トモジャスティス,牡,3,大野拓弥, 56 ,15,4,１, ,ダ1200,不,,(美),鈴木伸尋,1116,-0.4,,2,2,37.1,500,+2,
,"2018. 9. 1",新潟,2新B,未勝利,未勝利*,2,2,マイネルエキサイト,牡,2,柴田大知, 54 ,10,3,１, 内,芝2000,重,,(美),黒岩陽一,2042,-0.0,1,1,1,36.1,464,+2,
,"2018. 9. 1",新潟,2新B,未勝利,未勝利*,3,3,グリューネリヒト,牡,2,大野拓弥, 54 ,13,1,１, ,ダ1800,不,,(美),高木登,1548,-0.4,10,3,4,38.0,478,+2,
,"2018. 8.26",新潟,2新A,500万,500万下,8,14,ノーフィアー,牡,4,江田照男, 57 ,15,1,１, ,ダ1200,重,,(美),佐藤吉勝,1115,-0.2,,3,3,37.1,500,-2,
,"2018. 8.26",新潟,2新A,Ｇ３,新潟２歳G3,6,6,ケイデンスコール,牡,2,石橋脩, 54 ,11,1,１, 外,芝1600,稍,,(栗),安田隆行,1355,-0.0,,8,8,33.1,462,+4,
,"2018. 8.26",新潟,2新A,ｵｰﾌﾟﾝ,朱鷺Ｓ,8,14,ワンスインナムーン,牝,5,大野拓弥, 55 ,15,1,１, 内,芝1400,稍,,(美),斎藤誠,1197,-0.2,,1,1,34.8,448,0,
,"2018. 8.26",新潟,2新A,1000万,五頭連峰1000,8,10,リカビトス,牝,4,池添謙一, 55 ,10,3,１, 外,芝1600,稍,,(美),奥村武,1345,-0.0,,8,8,32.8,420,-8,
,"2018. 8.26",新潟,2新A,500万,500万下・牝,5,8,ハヤブサレディゴー,牝,5,三浦皇成, 55 ,15,1,１, ,ダ1200,重,,(美),伊藤圭三,1116,-0.0,,3,3,37.7,496,0,
,"2018. 8.26",新潟,2新A,500万,500万下,8,13,サンデームーティエ,牡,4,柴田大知, 57 ,13,2,１, 内,芝2200,稍,,(美),谷原義明,2143,-0.0,1,2,1,36.5,440,-4,
,"2018. 8.26",新潟,2新A,500万,500万下・牝,2,2,マルーンエンブレム,牝,3,藤田菜七,50△,15,4,１, 外,芝2000,稍,,(美),小島茂之,1591,-0.2,,8,8,34.1,382,0,
,"2018. 8.26",新潟,2新A,新馬,新馬,7,14,ウィンターリリー,牝,2,木幡巧也,53☆,17,3,１, 内,芝1200,稍,*,(美),岩戸孝樹,1111,-0.2,,9,8,34.8,438,,
,"2018. 8.26",新潟,2新A,未勝利,未勝利,6,11,ルソンデュレーヴ,牝,3,池添謙一, 54 ,15,3,１, ,ダ1200,重,,(美),萩原清,1116,-0.0,,2,2,37.4,452,+4,
,"2018. 8.26",新潟,2新A,未勝利,未勝利,5,8,グランサム,牡,3,池添謙一, 56 ,15,2,１, ,ダ1800,重,*,(美),古賀慎明,1537,-0.7,2,2,1,39.5,474,+10,B
,"2018. 8.26",新潟,2新A,未勝利,未勝利*,2,4,グランデメッシ,牡,2,津村明秀, 54 ,18,2,１, 内,芝1000,稍,,(美),畠山吉宏,0577,-0.3,,,3,34.5,488,+4,
,"2018. 8.26",新潟,2新A,未勝利,未勝利*,7,13,キチロクタービン,牡,2,嘉藤貴行, 54 ,15,7,１, ,ダ1200,重,,(美),清水英克,1130,-0.2,,3,2,38.0,458,+4,
,"2018. 8.25",新潟,2新9,500万,500万下,6,12,セイウンリリシイ,牝,3,藤田菜七,50△,18,2,１, 内,芝1200,良,,(美),水野貴広,1082,-0.7,,1,1,34.8,462,0,
,"2018. 8.25",新潟,2新9,ｵｰﾌﾟﾝ,ＢＳＮ賞Ｈ,2,2,サルサディオーネ,牝,4,池添謙一, 51 ,12,3,１, ,ダ1800,良,,(栗),羽月友彦,1518,-0.0,1,1,1,36.7,506,0,B
,"2018. 8.25",新潟,2新9,1600万,稲妻Ｓ1600,5,5,グラミスキャッスル,牝,5,木幡巧也, 55 ,11,6,１, 内,芝1000,良,,(美),尾関知人,0551,-0.0,,,1,32.6,478,+8,
,"2018. 8.25",新潟,2新9,1000万,瀬波温泉1000,8,14,タイキフェルヴール,牡,3,池添謙一, 54 ,15,3,１, ,ダ1800,良,,(栗),牧浦充徳,1513,-0.0,3,2,2,37.7,496,,
,"2018. 8.25",新潟,2新9,ＪＧ３,新潟ジャJG3,6,8,タイセイドリーム,牡,8,平沢健治, 60 ,13,2,１, ,芝3250,良,,(栗),矢作芳人,3314,-0.0,7,5,4,13.0,540,-2,
,"2018. 8.25",新潟,2新9,500万,500万下,5,9,プレシャスリーフ,牡,3,三浦皇成, 54 ,15,1,１, ,ダ1800,良,,(美),高柳瑞樹,1539,-0.6,6,5,3,39.1,452,+4,
,"2018. 8.25",新潟,2新9,未勝利,未勝利,7,15,ゴールデンフィジー,牝,3,木幡巧也,53☆,18,7,１, 外,芝1800,良,,(美),牧光二,1477,-0.0,,11,11,33.5,430,0,
,"2018. 8.25",新潟,2新9,新馬,新馬,7,13,レッドアネモス,牝,2,森泰斗, 54 ,16,1,１, 外,芝1600,良,,(栗),友道康夫,1368,-0.1,,2,2,34.2,472,,
,"2018. 8.25",新潟,2新9,未勝利,障害未勝利,6,10,リノリオ,牡,7,平沢健治, 60 ,14,8,１, ,芝2850,良,,(栗),西園正都,3052,-0.1,2,1,1,13.0,520,0,
,"2018. 8.25",新潟,2新9,未勝利,未勝利,7,12,ユキノアンビシャス,牡,3,木幡育也,53▲,15,1,１, ,ダ1800,良,,(美),新開幸一,1554,-0.4,4,3,3,39.2,486,0,
,"2018. 8.25",新潟,2新9,未勝利,未勝利,5,9,グッドジュエリー,牝,3,丸田恭介, 54 ,18,1,１, 内,芝1200,良,,(美),堀井雅広,1094,-0.1,,13,13,34.8,458,+4,
,"2018. 8.25",新潟,2新9,未勝利,未勝利*,4,5,クィーンユニバンス,牝,2,池添謙一, 54 ,13,1,１, 外,芝1800,良,,(美),田村康仁,1474,-0.2,,2,2,36.9,498,+2,
,"2018. 8.19",新潟,2新8,500万,500万下・牝,7,13,スノードーナツ,牝,4,杉原誠人, 55 ,18,8,１, 内,芝1000,良,*,(美),石毛善彦,0553,-0.0,,,6,32.6,476,0,
,"2018. 8.19",新潟,2新8,ｵｰﾌﾟﾝ,ＮＳＴ賞Ｈ,8,13,サイタスリーレッド,牡,5,津村明秀, 57 ,13,6,１, ,ダ1200,良,,(栗),池添兼雄,1107,-0.3,,1,1,36.3,486,+4,
,"2018. 8.19",新潟,2新8,1000万,阿賀野川1000,2,2,ユーキャンスマイル,牡,3,石橋脩, 54 ,11,2,１, 内,芝2200,良,,(栗),友道康夫,2109,-0.1,4,7,5,34.2,490,+8,
,"2018. 8.19",新潟,2新8,500万,新発田城500,3,3,サトノキングダム,牡,5,石橋脩, 57 ,11,2,１, 外,芝1800,良,,(美),国枝栄,1457,-0.6,,6,5,32.7,472,+2,
,"2018. 8.19",新潟,2新8,500万,500万下,8,14,タイセイヴィクター,セ,5,木幡巧也,56☆,15,12,１, ,ダ1800,良,,(美),林徹,1535,-0.6,1,1,1,38.0,502,0,
,"2018. 8.19",新潟,2新8,未勝利,未勝利・牝,3,4,ライゴッド,牝,3,藤田菜七,52△,15,8,１, ,ダ1200,良,,(美),新開幸一,1123,-0.2,,1,1,37.0,438,-2,
,"2018. 8.19",新潟,2新8,新馬,新馬,8,15,ダノンジャスティス,牡,2,石橋脩, 54 ,16,1,１, 内,芝1400,良,,(栗),中内田充,1240,-0.2,,7,7,34.2,492,,
,"2018. 8.19",新潟,2新8,新馬,新馬・牝,3,4,プロスペリティ,牝,2,石川裕紀, 54 ,14,2,１, 外,芝1600,良,,(美),手塚貴久,1358,-0.1,,4,3,34.3,434,,
,"2018. 8.19",新潟,2新8,未勝利,障害未勝利,4,5,トーヨーピース,牡,4,草野太郎, 60 ,14,3,１, ,芝2850,良,,(美),土田稔,3041,-0.2,8,5,2,12.9,480,+6,
,"2018. 8.19",新潟,2新8,未勝利,未勝利,6,10,トニーハピネス,牝,3,藤田菜七,52△,15,6,１, ,ダ1800,良,*,(美),星野忍,1561,-0.1,1,1,1,40.5,422,+2,
,"2018. 8.19",新潟,2新8,未勝利,未勝利,4,7,アルビオリクス,牡,3,石橋脩, 56 ,15,1,１, 内,芝2400,良,,(美),木村哲也,2271,-0.4,2,2,2,35.7,512,+6,
,"2018. 8.19",新潟,2新8,未勝利,未勝利*,2,4,シャドウセッション,牡,2,内田博幸, 54 ,18,1,１, 内,芝1400,良,,(美),鹿戸雄一,1218,-0.3,,10,10,35.2,502,+6,
,"2018. 8.18",新潟,2新7,500万,500万下,3,5,キャナルストリート,牝,4,福永祐一, 55 ,18,1,１, 内,芝1400,良,,(美),大竹正博,1217,-0.0,,3,3,34.7,462,+8,
,"2018. 8.18",新潟,2新7,500万,500万下,4,7,エスターテ,牝,3,木幡育也,49▲,18,6,１, 内,芝1400,良,,(美),伊藤伸一,1217,-0.0,,5,5,34.6,420,-4,
,"2018. 8.18",新潟,2新7,1600万,日本海Ｓ1600,4,4,ポポカテペトル,牡,4,Ｍ．デム, 57 ,7,1,１, 内,芝2200,良,,(栗),友道康夫,2140,-0.1,4,2,2,34.1,488,+6,
,"2018. 8.18",新潟,2新7,1000万,岩室温泉1000,4,7,ストロベリームーン,牝,4,Ｍ．デム, 55 ,15,1,１, ,ダ1200,稍,,(栗),庄野靖志,1109,-0.2,,3,3,36.1,438,0,
,"2018. 8.18",新潟,2新7,500万,出雲崎特500,5,5,ショウナンラーゼン,牡,3,石橋脩, 54 ,8,4,１, 内,芝2400,良,,(栗),高野友和,2272,-0.2,1,1,1,34.8,470,-4,
,"2018. 8.18",新潟,2新7,500万,500万下,6,10,シャインヴィットゥ,牡,4,田中勝春, 57 ,15,2,１, ,ダ1200,稍,,(美),小野次郎,1122,-0.2,,2,2,37.0,470,0,
,"2018. 8.18",新潟,2新7,未勝利,未勝利・牝,1,2,グラスレガシー,牝,3,的場勇人, 54 ,18,4,１, 内,芝1000,良,,(美),牧光二,0553,-0.1,,,12,32.5,506,-4,
,"2018. 8.18",新潟,2新7,未勝利,未勝利,5,9,カシマフウリン,牝,3,横山和生, 54 ,15,4,１, ,ダ1200,稍,,(美),奥村武,1130,-0.1,,1,2,38.0,478,+4,
,"2018. 8.18",新潟,2新7,新馬,新馬,2,2,ロジャーバローズ,牡,2,戸崎圭太, 54 ,14,1,１, 内,芝2000,良,,(栗),中竹和也,2025,-0.2,5,4,5,35.8,484,,
,"2018. 8.18",新潟,2新7,未勝利,未勝利,5,9,エバーミランダ,牝,3,大野拓弥, 54 ,18,2,１, 内,芝2000,良,,(美),久保田貴,2029,-0.0,4,5,4,35.1,416,+2,
,"2018. 8.18",新潟,2新7,未勝利,未勝利・牝,6,11,アポロプリンセス,牝,3,木幡巧也,53☆,15,4,１, ,ダ1800,稍,,(美),岩戸孝樹,1542,-1.2,2,2,2,39.5,480,+2,B
,"2018. 8.18",新潟,2新7,未勝利,未勝利*,6,10,マイネルバトゥータ,牡,2,宮崎北斗, 54 ,14,1,１, ,ダ1200,稍,,(美),高橋祥泰,1130,-0.5,,1,1,37.1,458,+6,
,"2018. 8.18",新潟,2新7,未勝利,未勝利・牝*,7,8,ミチビキ,牝,2,宮崎北斗, 54 ,11,4,１, 外,芝1600,稍,,(美),蛯名利弘,1366,-0.0,,2,2,34.2,460,+8,
,"2018. 8.12",新潟,2新6,500万,500万下,8,18,ホウオウスクラム,牡,3,大野拓弥, 54 ,18,2,１, 内,芝1000,良,,(美),奥村武,0548,-0.2,,,6,32.5,490,+8,
,"2018. 8.12",新潟,2新6,Ｇ３,関屋記念G3,7,12,プリモシーン,牝,3,北村宏司, 51 ,15,1,１, 外,芝1600,良,,(美),木村哲也,1316,-0.0,,9,8,33.4,488,+10,
,"2018. 8.12",新潟,2新6,1600万,柳都Ｓ1600,4,4,ミッシングリンク,牝,4,戸崎圭太, 55 ,10,1,１, ,ダ1800,良,,(美),斎藤誠,1510,-0.5,3,3,2,37.3,530,+6,
,"2018. 8.12",新潟,2新6,1000万,豊栄特別1000,7,13,アルーシャ,牝,3,北村宏司, 52 ,18,1,１, 内,芝1400,良,,(美),藤沢和雄,1202,-0.0,,2,2,35.3,434,+6,
,"2018. 8.12",新潟,2新6,500万,500万下,7,13,ジュンスターホース,牡,4,Ｍ．デム, 57 ,15,1,１, ,ダ1800,良,,(美),高柳瑞樹,1542,-0.5,7,6,4,36.8,470,0,B
,"2018. 8.12",新潟,2新6,500万,500万下・牝,3,5,ミネット,牝,5,杉原誠人, 55 ,16,5,１, 外,芝1800,良,,(美),藤沢和雄,1488,-0.1,,2,2,32.9,456,+6,B
,"2018. 8.12",新潟,2新6,新馬,新馬,6,11,サルサレイア,牝,2,丸山元気, 54 ,15,2,１, ,ダ1800,良,,(栗),羽月友彦,1571,-0.8,5,2,2,40.2,472,,
,"2018. 8.12",新潟,2新6,新馬,新馬,7,13,アマーティ,牝,2,三浦皇成, 54 ,17,3,１, 外,芝1600,良,,(美),武井亮,1363,-0.2,,9,8,33.3,480,,
,"2018. 8.12",新潟,2新6,未勝利,未勝利,7,14,カヴァル,牡,3,北村宏司, 56 ,18,2,１, 外,芝1800,良,,(美),勢司和浩,1473,-0.0,,11,11,33.1,494,+10,
,"2018. 8.12",新潟,2新6,未勝利,未勝利,6,10,ニシノベイオウルフ,牡,3,田辺裕信, 56 ,15,3,１, ,ダ1800,良,,(美),小桧山悟,1548,-0.0,1,1,1,38.4,476,+8,
,"2018. 8.12",新潟,2新6,未勝利,未勝利,4,6,バットオールソー,牡,3,石橋脩, 56 ,15,3,１, ,ダ1200,良,,(美),大和田成,1128,-0.0,,5,4,37.2,452,0,
,"2018. 8.12",新潟,2新6,未勝利,未勝利*,6,8,トーラスジェミニ,牡,2,木幡育也,51▲,13,9,１, 外,芝1800,良,,(美),小桧山悟,1489,-0.2,,2,2,34.8,458,+2,
,"2018. 8.11",新潟,2新5,500万,500万下,2,2,ミカリーニョ,牝,3,福永祐一, 52 ,14,1,１, 外,芝1600,良,,(美),木村哲也,1332,-0.0,,10,10,33.5,438,-6,
,"2018. 8.11",新潟,2新5,1600万,新潟日Ｈ1600,2,4,アドマイヤリアル,牡,5,田辺裕信, 54 ,18,7,１, 内,芝1400,良,,(栗),梅田智之,1205,-0.1,,1,1,34.5,486,-2,
,"2018. 8.11",新潟,2新5,1000万,麒麟山Ｈ1000,7,13,チュウワウィザード,牡,3,戸崎圭太, 54 ,15,1,１, ,ダ1800,良,,(栗),大久保龍,1537,-0.0,5,4,4,36.9,472,+2,
,"2018. 8.11",新潟,2新5,1000万,三面川特1000,5,6,ディメンシオン,牝,4,福永祐一, 55 ,12,2,１, 外,芝1800,良,,(栗),藤原英昭,1451,-0.0,,5,5,33.5,448,0,
,"2018. 8.11",新潟,2新5,500万,500万下,1,1,ミスティックグロウ,牡,3,横山典弘, 54 ,10,1,１, 外,芝2000,良,,(美),武井亮,1596,-0.5,,8,8,32.4,452,0,
,"2018. 8.11",新潟,2新5,500万,500万下,7,12,クリムゾンバローズ,セ,5,石川裕紀, 57 ,15,2,１, ,ダ1200,良,,(美),尾形和幸,1120,-0.2,,11,11,35.9,510,-4,
,"2018. 8.11",新潟,2新5,未勝利,未勝利,7,13,ブショウ,牡,3,石橋脩, 56 ,18,6,１, 内,芝1000,良,,(美),尾関知人,0554,-0.1,,,2,32.8,480,0,B
,"2018. 8.11",新潟,2新5,新馬,新馬,7,13,ホウオウサーベル,牡,2,Ｍ．デム, 54 ,15,1,１, 外,芝1800,良,,(美),奥村武,1484,-0.6,,3,3,33.8,472,,
,"2018. 8.11",新潟,2新5,ｵｰﾌﾟﾝ,障害・オープ,4,4,ロンギングダンサー,牡,9,五十嵐雄, 60 ,12,2,１, ,芝2850,良,,(美),田村康仁,3042,-0.3,5,5,4,12.9,490,-6,
,"2018. 8.11",新潟,2新5,未勝利,未勝利,8,15,レッドフレイ,牡,3,北村宏司, 56 ,15,3,１, ,ダ1800,良,,(美),木村哲也,1546,-0.5,3,2,2,38.3,470,,
,"2018. 8.11",新潟,2新5,未勝利,未勝利・牝,8,15,ジェイエルノブレス,牝,3,田辺裕信, 54 ,15,1,１, ,ダ1800,良,,(美),小西一男,1560,-0.1,5,4,4,39.7,442,-4,
,"2018. 8.11",新潟,2新5,未勝利,未勝利*,3,5,マーマレードガール,牝,2,宮崎北斗, 54 ,18,2,１, 内,芝1200,良,,(美),中野栄治,1098,-0.0,,1,1,35.3,450,0,
,"2018. 8. 5",新潟,2新4,500万,500万下,7,14,ニシノウララ,牝,3,北村宏司, 52 ,18,4,１, 内,芝1400,良,,(美),伊藤大士,1206,-0.1,,2,2,34.7,446,-4,
,"2018. 8. 5",新潟,2新4,Ｇ３,レパードG3,4,6,グリム,牡,3,内田博幸, 56 ,15,5,１, ,ダ1800,良,,(栗),野中賢二,1520,-0.0,1,1,1,37.8,502,+4,
,"2018. 8. 5",新潟,2新4,1000万,驀進特別1000,5,9,レッドラウダ,牡,5,ルメール, 57 ,16,1,１, 内,芝1000,良,,(栗),音無秀孝,0558,-0.1,,,5,32.9,524,0,B
,"2018. 8. 5",新潟,2新4,500万,燕特別500,1,1,ダブルフラット,牡,3,田辺裕信, 54 ,14,3,１, 内,芝2200,良,,(栗),中竹和也,2108,-0.2,4,4,4,35.0,504,+16,
,"2018. 8. 5",新潟,2新4,500万,500万下,5,7,アメリカンファクト,牡,3,福永祐一, 54 ,14,1,１, ,ダ1200,良,,(美),戸田博文,1107,-0.1,,3,3,37.0,500,+8,B
,"2018. 8. 5",新潟,2新4,500万,500万下・牝,5,8,ミラクルブラッド,牝,3,大野拓弥, 52 ,15,5,１, ,ダ1800,良,,(美),相沢郁,1534,-0.5,11,8,6,39.1,446,+10,B
,"2018. 8. 5",新潟,2新4,新馬,新馬,6,11,ベルスール,牝,2,田辺裕信, 54 ,17,2,１, 内,芝1400,良,,(栗),今野貞一,1222,-0.6,,2,2,35.2,434,,
,"2018. 8. 5",新潟,2新4,新馬,新馬,3,3,ドナアトラエンテ,牝,2,ルメール, 54 ,8,1,１, 外,芝1800,良,,(美),国枝栄,1513,-0.2,,5,5,33.7,418,,
,"2018. 8. 5",新潟,2新4,未勝利,未勝利,6,11,アビーム,牝,3,戸崎圭太, 54 ,18,4,１, 外,芝1600,良,,(美),加藤征弘,1345,-0.4,,1,1,34.1,460,+8,
,"2018. 8. 5",新潟,2新4,未勝利,未勝利,8,15,ラスティユース,牡,3,田中勝春, 56 ,15,1,１, ,ダ1800,良,,(美),松永康利,1556,-0.0,9,8,8,37.8,488,-4,
,"2018. 8. 5",新潟,2新4,未勝利,未勝利,8,14,レッドアネラ,牝,3,大野拓弥, 54 ,15,1,１, ,ダ1200,良,,(美),加藤征弘,1118,-0.7,,1,1,37.2,488,-2,
,"2018. 8. 5",新潟,2新4,未勝利,未勝利*,8,10,ハヤヤッコ,牡,2,ルメール, 54 ,10,1,１, 外,芝1800,良,,(美),国枝栄,1494,-0.6,,3,1,34.2,452,+8,
,"2018. 8. 4",新潟,2新3,500万,500万下,6,11,ゴライアス,牡,3,ルメール, 54 ,15,1,１, ,ダ1800,良,,(美),高木登,1536,-0.9,3,3,3,37.3,494,+4,
,"2018. 8. 4",新潟,2新3,1600万,越後ＳＨ1600,8,14,オールドベイリー,牡,4,中井裕二, 55 ,15,2,１, ,ダ1200,良,,(栗),中内田充,1109,-0.2,,5,4,36.3,468,+4,
,"2018. 8. 4",新潟,2新3,1000万,信濃川Ｈ1000,5,6,グロンディオーズ,牡,3,ルメール, 54 ,12,2,１, 外,芝2000,良,,(美),田村康仁,1583,-0.5,,2,2,33.1,532,+2,
,"2018. 8. 4",新潟,2新3,500万,500万下,5,10,ロシュフォール,牡,3,ルメール, 54 ,18,1,１, 外,芝1800,良,,(美),木村哲也,1460,-0.4,,15,15,32.6,508,+2,
,"2018. 8. 4",新潟,2新3,ｵｰﾌﾟﾝ,ダリア賞,1,1,アウィルアウェイ,牝,2,Ｍ．デム, 54 ,7,1,１, 内,芝1400,良,,(栗),高野友和,1216,-0.3,,5,5,33.4,454,+4,
,"2018. 8. 4",新潟,2新3,未勝利,未勝利・牝,8,15,テトラクォーク,牝,3,石橋脩, 54 ,15,3,１, ,ダ1200,良,,(美),黒岩陽一,1129,-0.2,,3,3,38.3,418,-2,
,"2018. 8. 4",新潟,2新3,未勝利,未勝利,6,11,ウインスラーヴァ,牡,3,藤田菜七,54△,18,8,１, 内,芝2200,良,,(美),上原博之,2130,-0.4,1,1,1,35.2,462,-2,
,"2018. 8. 4",新潟,2新3,新馬,新馬,2,2,サムシングジャスト,牝,2,福永祐一, 54 ,11,3,１, 外,芝1600,良,,(栗),松田国英,1366,-0.1,,3,3,33.5,484,,
,"2018. 8. 4",新潟,2新3,未勝利,障害未勝利,5,8,シシオウ,牡,4,森一馬, 60 ,14,1,１, ,芝2850,良,,(栗),斉藤崇史,3050,-1.0,2,1,1,13.0,484,+2,
,"2018. 8. 4",新潟,2新3,未勝利,未勝利,3,5,カグヤヒメ,牝,3,武士沢友, 54 ,15,2,１, ,ダ1800,良,,(美),高市圭二,1549,-0.4,14,6,5,38.6,476,0,
,"2018. 8. 4",新潟,2新3,未勝利,未勝利*,8,17,クロムウェル,牡,2,山田敬士,51▲,18,2,１, 内,芝1000,良,*,(美),加藤和宏,0566,-0.0,,,3,33.7,410,-4,
,"2018. 8. 4",新潟,2新3,未勝利,未勝利*,5,5,ミディオーサ,牝,2,Ｍ．デム, 54 ,12,1,１, 外,芝1600,良,,(美),堀宣行,1351,-0.3,,3,4,34.3,482,+8,
,"2018. 7.29",新潟,2新2,500万,500万下,5,9,バレッティ,セ,4,Ｍ．デム, 57 ,15,1,１, ,ダ1800,良,,(美),久保田貴,1533,-0.1,2,1,1,37.7,502,+2,
,"2018. 7.29",新潟,2新2,Ｇ３,アイビスG3,8,15,ダイメイプリンセス,牝,5,秋山真一, 54 ,17,1,１, 内,芝1000,良,*,(栗),森田直行,0538,-0.2,,,5,31.8,502,+4,
,"2018. 7.29",新潟,2新2,1000万,苗場特別1000,7,12,アスタースウィング,牡,4,石橋脩, 57 ,15,5,１, ,ダ1200,良,,(栗),中竹和也,1104,-0.2,,2,2,37.1,520,-6,B
,"2018. 7.29",新潟,2新2,500万,村上特別500,8,10,アドマイヤシナイ,牡,4,田辺裕信, 57 ,11,2,１, 外,芝1600,良,,(美),上原博之,1337,-0.0,,2,2,33.3,464,0,
,"2018. 7.29",新潟,2新2,500万,500万下,2,2,モクレレ,牡,4,戸崎圭太, 57 ,11,2,１, 外,芝2000,良,,(美),国枝栄,1573,-0.2,,6,5,33.3,506,+8,
,"2018. 7.29",新潟,2新2,未勝利,未勝利,7,13,ドナプリモ,牝,3,三浦皇成, 54 ,15,3,１, ,ダ1200,良,,(美),高木登,1122,-0.2,,4,4,36.7,454,0,
,"2018. 7.29",新潟,2新2,新馬,新馬・牝,8,17,ビックピクチャー,牝,2,福永祐一, 54 ,18,1,１, 内,芝1400,良,,(栗),藤原英昭,1224,-0.0,,7,7,33.9,390,,
,"2018. 7.29",新潟,2新2,新馬,新馬,7,12,エイカイキャロル,牝,2,戸崎圭太, 54 ,14,1,１, 外,芝1600,良,,(栗),藤原英昭,1370,-0.1,,2,2,33.3,458,,
,"2018. 7.29",新潟,2新2,未勝利,障害未勝利,7,10,アヴニールマルシェ,セ,6,五十嵐雄, 60 ,13,3,１, ,芝2850,良,,(美),藤沢和雄,3030,-0.7,3,3,1,12.8,504,+4,
,"2018. 7.29",新潟,2新2,未勝利,未勝利,1,1,ペイシャエリート,牡,3,石川裕紀, 56 ,14,10,１, ,ダ1800,良,,(美),小笠倫弘,1552,-0.4,1,1,1,39.9,478,+8,B
,"2018. 7.29",新潟,2新2,未勝利,未勝利・牝,7,11,ラヴベローナ,牝,3,Ｍ．デム, 54 ,14,1,１, 内,芝2000,良,,(美),田村康仁,1597,-0.1,7,3,4,34.2,456,0,
,"2018. 7.29",新潟,2新2,未勝利,未勝利*,6,7,ケイデンスコール,牡,2,福永祐一, 54 ,11,1,１, 外,芝1600,良,,(栗),安田隆行,1343,-0.2,,6,6,33.7,458,-6,
,"2018. 7.28",新潟,2新1,500万,500万下,6,11,モルゲンロート,牡,5,嘉藤貴行, 57 ,15,2,１, ,ダ1200,良,,(美),竹内正洋,1111,-0.4,,7,7,36.5,474,0,
,"2018. 7.28",新潟,2新1,1600万,佐渡ＳＨ1600,4,4,グローリーヴェイズ,牡,3,Ｍ．デム, 54 ,10,1,１, 外,芝2000,良,,(美),尾関知人,1566,-0.2,,4,4,34.0,446,-2,
,"2018. 7.28",新潟,2新1,1000万,月岡温泉1000,6,11,ヴゼットジョリー,牝,4,石橋脩, 55 ,15,4,１, 外,芝1600,良,,(栗),中内田充,1333,-0.0,,2,2,32.5,468,-4,
,"2018. 7.28",新潟,2新1,500万,閃光特別500,8,15,ジュリーハーツ,牝,3,津村明秀, 52 ,17,4,１, 内,芝1000,良,,(美),池上昌和,0549,-0.0,,,1,32.8,474,-8,B
,"2018. 7.28",新潟,2新1,500万,500万下・牝,5,9,クイーンズテソーロ,牝,3,木幡巧也,51☆,15,9,１, ,ダ1200,良,,(美),畠山吉宏,1116,-0.1,,2,2,37.8,452,+12,
,"2018. 7.28",新潟,2新1,未勝利,未勝利,2,3,ウェストブルック,牡,3,北村宏司, 56 ,18,1,１, 外,芝1800,良,,(美),藤沢和雄,1465,-0.1,,7,7,34.0,502,-4,
,"2018. 7.28",新潟,2新1,未勝利,未勝利,8,13,ケイツーリラ,牝,3,大野拓弥, 54 ,14,3,１, ,ダ1800,良,,(美),鈴木伸尋,1548,-0.4,10,3,2,38.8,432,+2,
,"2018. 7.28",新潟,2新1,新馬,新馬,3,3,グレイシア,牝,2,田辺裕信, 54 ,13,3,１, 内,芝1400,良,,(美),栗田徹,1216,-1.0,,1,1,35.7,448,,
,"2018. 7.28",新潟,2新1,未勝利,未勝利,8,16,セイウンアカマイ,牝,3,三浦皇成, 54 ,18,3,１, 内,芝1200,良,,(美),上原博之,1090,-0.0,,2,2,34.8,442,-4,
,"2018. 7.28",新潟,2新1,未勝利,未勝利・牝,7,12,リンガスビンゴ,牝,3,内田博幸, 54 ,15,2,１, ,ダ1800,良,,(美),高橋祥泰,1550,-0.1,7,5,4,37.1,508,-2,
,"2018. 7.28",新潟,2新1,未勝利,未勝利*,7,13,ニシノフルバンク,牡,2,田辺裕信, 54 ,15,3,１, ,ダ1200,良,*,(美),伊藤圭三,1136,-0.6,,1,1,37.9,488,-4,B
,"2018. 7.28",新潟,2新1,未勝利,未勝利・牝*,1,1,ナーゲルリング,牝,2,戸崎圭太, 54 ,14,3,１, 内,芝1400,良,,(美),伊藤圭三,1228,-0.1,,1,1,34.8,440,-6,
,"2018. 5.20",新潟,1新8,500万,湯沢特別500,3,5,シュエットヌーベル,牝,4,西田雄一, 55 ,16,11,１, 内,芝1200,稍,,(栗),羽月友彦,1097,-0.1,,5,5,34.6,456,-2,B
,"2018. 5.20",新潟,1新8,ｵｰﾌﾟﾝ,韋駄天ＳＨ,6,11,ダイメイプリンセス,牝,5,秋山真一, 53 ,16,1,１, 内,芝1000,稍,,(栗),森田直行,0549,-0.3,,,7,32.4,496,0,
,"2018. 5.20",新潟,1新8,500万,高田城特500,7,13,アウステルリッツ,牡,4,北村友一, 57 ,15,1,１, 外,芝1800,稍,,(栗),高野友和,1492,-0.2,,12,11,33.2,474,+2,
,"2018. 5.20",新潟,1新8,500万,500万下,8,15,アドラメレク,牡,4,北村友一, 57 ,15,1,１, ,ダ1800,重,,(栗),石坂正,1522,-0.2,6,4,4,38.2,458,-2,
,"2018. 5.20",新潟,1新8,500万,500万下,7,13,ウェーブヒーロー,牡,5,秋山真一, 57 ,16,2,１, 外,芝1600,稍,,(栗),中尾秀正,1355,-0.3,,6,6,33.2,502,-2,
,"2018. 5.20",新潟,1新8,500万,500万下・若,5,8,ラインフィール,牡,5,木幡巧也,56☆,15,1,１, ,ダ1200,重,,(栗),松永昌博,1119,-0.0,,2,1,37.6,502,-6,
,"2018. 5.20",新潟,1新8,未勝利,未勝利,4,8,ジャディード,牡,3,北村友一, 56 ,16,2,１, 内,芝2200,稍,,(美),小島茂之,2158,-0.1,5,4,3,36.8,448,+6,
,"2018. 5.20",新潟,1新8,未勝利,未勝利,3,4,キョウワスピネル,牡,3,横山武史,53▲,15,3,１, ,ダ1800,重,,(美),小野次郎,1540,-0.2,1,1,1,40.8,480,-4,
,"2018. 5.20",新潟,1新8,未勝利,障害未勝利,6,10,ヴェラヴァルスター,牡,6,小野寺祐, 60 ,14,5,１, ,芝2890,稍,,(美),木村哲也,3114,-0.3,7,5,4,13.2,510,-6,
,"2018. 5.20",新潟,1新8,未勝利,未勝利・牝,3,4,ノーブルエイム,牝,3,井上敏樹,53☆,15,15,１, ,ダ1800,重,,(美),斎藤誠,1533,-0.2,1,1,1,38.2,490,+2,
,"2018. 5.20",新潟,1新8,未勝利,未勝利,7,13,エイシンセレブ,牝,3,丸山元気, 54 ,15,3,１, ,ダ1200,重,,(栗),坂口正則,1115,-0.0,,2,2,37.1,450,+4,
,"2018. 5.20",新潟,1新8,未勝利,未勝利,7,14,スリーマグナム,牡,3,木幡巧也,55☆,16,1,１, 内,芝1200,重,,(美),田中剛,1101,-0.3,,2,2,35.6,490,-4,
,"2018. 5.19",新潟,1新7,500万,荒川峡特500,5,9,フォーラウェイ,牡,5,菱田裕二, 57 ,15,1,１, 内,芝2400,重,,(栗),北出成人,2312,-0.1,9,7,6,36.9,444,-4,
,"2018. 5.19",新潟,1新7,1000万,大日岳特1000,1,2,ドウディ,牡,4,丸山元気, 57 ,16,2,１, 内,芝1200,重,,(美),佐藤吉勝,1099,-0.0,,7,7,34.9,482,-6,
,"2018. 5.19",新潟,1新7,500万,早苗賞500*,1,1,ヴォウジラール,牡,3,丸山元気, 56 ,10,2,１, 外,芝1800,重,,(美),尾関知人,1506,-0.0,,7,3,34.9,498,-8,
,"2018. 5.19",新潟,1新7,500万,500万下,5,9,カガヤクミナノユメ,セ,4,川島信二, 57 ,15,4,１, ,ダ1200,重,,(美),小野次郎,1106,-0.2,,7,7,35.8,492,0,
,"2018. 5.19",新潟,1新7,500万,500万下,6,10,キクノフェリックス,牡,4,藤田菜七,54▲,15,3,１, ,ダ1800,重,,(栗),吉田直弘,1523,-0.2,10,10,10,36.5,482,-6,
,"2018. 5.19",新潟,1新7,500万,500万下・牝,8,14,タンゴ,牝,4,丸田恭介, 55 ,15,3,１, ,ダ1200,重,,(美),奥村武,1113,-0.1,,3,3,37.3,506,0,
,"2018. 5.19",新潟,1新7,未勝利,未勝利,7,14,カクカクシカジーカ,牝,3,山田敬士,51▲,16,6,１, 内,芝1000,重,,(美),中野栄治,0573,-0.2,,,1,34.5,404,-6,
,"2018. 5.19",新潟,1新7,未勝利,未勝利,3,4,ファイアプルーフ,牡,3,丸山元気, 56 ,15,5,１, 内,芝2000,重,,(美),根本康広,2045,-0.0,6,5,3,37.6,486,-8,
,"2018. 5.19",新潟,1新7,ｵｰﾌﾟﾝ,障害・オープ,2,2,ビットアレグロ,牡,9,蓑島靖典, 61 ,14,4,１, ,芝3290,重,,(美),松永康利,3388,-0.3,10,7,6,13.3,506,0,
,"2018. 5.19",新潟,1新7,未勝利,未勝利,7,12,クイーンズテソーロ,牝,3,木幡巧也,53☆,14,1,１, ,ダ1200,不,,(美),畠山吉宏,1118,-0.2,,4,4,37.0,440,-6,
,"2018. 5.19",新潟,1新7,未勝利,未勝利・若,2,2,スマートヴォルフ,牡,3,小崎綾也,55☆,15,3,１, ,ダ1800,不,,(栗),石橋守,1545,-0.4,1,1,1,39.9,468,-2,
,"2018. 5.19",新潟,1新7,未勝利,障害未勝利,8,14,サンマルホーム,牡,8,佐久間寛, 60 ,14,9,１, ,芝2890,不,,(栗),山内研二,3155,-0.3,3,1,1,13.5,440,0,
,"2018. 5.13",新潟,1新6,500万,飛竜特別500,5,10,ミキノドラマー,牡,5,三浦皇成, 57 ,16,2,１, 内,芝1000,稍,,(美),南田美知,0553,-0.4,,,10,32.7,492,+10,
,"2018. 5.13",新潟,1新6,1000万,赤倉特別1000,6,7,ダノンキングダム,牡,4,津村明秀, 57 ,11,2,１, 外,芝1800,稍,,(栗),安田隆行,1468,-0.0,,4,4,34.0,488,+6,
,"2018. 5.13",新潟,1新6,500万,胎内川特500,8,10,シャリオヴァルト,セ,5,鮫島克駿, 57 ,10,3,１, 内,芝2200,良,,(美),尾関知人,2164,-0.0,6,5,3,34.2,452,-8,
,"2018. 5.13",新潟,1新6,500万,500万下・牝,6,9,サイモンミラベル,牝,4,丸山元気, 55 ,14,3,１, ,ダ1200,良,,(栗),梅田智之,1119,-0.1,,1,1,37.6,458,0,
,"2018. 5.13",新潟,1新6,500万,500万下・若,8,12,アヴァント,牡,4,川又賢治,54▲,13,3,１, ,ダ1800,良,,(栗),中尾秀正,1536,-0.1,6,2,3,38.2,478,+2,
,"2018. 5.13",新潟,1新6,500万,500万下,1,1,カラル,牡,4,三浦皇成, 57 ,12,1,１, 外,芝2000,良,,(栗),佐々木晶,2002,-0.1,,8,8,34.2,482,-6,
,"2018. 5.13",新潟,1新6,未勝利,未勝利・牝,7,13,ハイエストクイーン,牝,3,富田暁,52△,15,4,１, ,ダ1800,良,,(栗),吉村圭司,1556,-0.0,2,2,3,39.0,462,0,
,"2018. 5.13",新潟,1新6,未勝利,障害未勝利,6,8,キャニオンロード,セ,5,石神深一, 60 ,13,4,１, ,芝2890,良,,(美),古賀慎明,3094,-0.5,1,1,1,13.1,480,-4,
,"2018. 5.13",新潟,1新6,未勝利,障害未勝利,4,6,ミヤコギムレット,セ,4,石神深一, 59 ,14,2,１, ,芝2890,良,,(美),土田稔,3097,-0.1,11,10,7,13.1,472,0,
,"2018. 5.13",新潟,1新6,未勝利,未勝利,5,8,ライナス,牡,3,川須栄彦, 56 ,15,8,１, ,ダ1800,良,,(栗),浜田多実,1545,-0.1,3,4,2,37.5,468,-4,
,"2018. 5.13",新潟,1新6,未勝利,未勝利・牝,6,11,トウケイゴコウ,牝,3,小崎綾也,53☆,15,3,１, ,ダ1200,良,,(栗),飯田祐史,1121,-0.6,,2,1,36.8,426,-4,
,"2018. 5.13",新潟,1新6,未勝利,未勝利,8,16,ミッキーパパイア,牝,3,菊沢一樹,51▲,16,8,１, 内,芝1200,良,,(美),菊沢隆徳,1095,-0.1,,8,7,34.6,466,+4,
,"2018. 5.12",新潟,1新5,500万,石打特別500,5,8,アドヴェントス,牝,5,丸田恭介, 55 ,14,2,１, 外,芝1800,良,,(美),堀宣行,1472,-0.0,,9,9,33.1,474,+16,
,"2018. 5.12",新潟,1新5,1000万,火打山Ｈ1000,8,15,シルバードリーム,牝,5,菊沢一樹, 53 ,15,1,１, ,ダ1200,良,,(栗),加用正,1109,-0.3,,1,1,36.9,478,+6,
,"2018. 5.12",新潟,1新5,500万,はやぶさ500*,3,6,アーヒラ,牝,3,杉原誠人, 54 ,16,11,１, 内,芝1000,良,*,(美),石毛善彦,0556,-0.0,,,3,33.1,430,+2,
,"2018. 5.12",新潟,1新5,500万,500万下,5,8,エイシンナセル,牡,6,川又賢治,54▲,15,6,１, ,ダ1800,良,,(栗),川村禎彦,1522,-0.2,8,6,4,38.4,484,-2,
,"2018. 5.12",新潟,1新5,500万,500万下,2,4,ニシノオウカン,牡,4,杉原誠人, 57 ,16,13,１, 内,芝1400,良,,(美),古賀慎明,1220,-0.0,,1,1,34.8,434,-2,B
,"2018. 5.12",新潟,1新5,500万,500万下,7,11,ストロボフラッシュ,牝,5,菱田裕二, 55 ,14,2,１, ,ダ1200,良,,(美),加藤征弘,1114,-0.3,,3,2,36.5,478,+6,
,"2018. 5.12",新潟,1新5,500万,500万下・牝,3,3,フレグラントブレス,牝,5,北村友一, 55 ,13,1,１, ,ダ1800,良,,(栗),高野友和,1525,-0.6,11,7,5,37.7,488,-2,
,"2018. 5.12",新潟,1新5,未勝利,未勝利,6,8,スズカワークシップ,牡,3,丸山元気, 56 ,13,2,１, 内,芝2400,良,,(栗),橋田満,2281,-0.1,7,5,3,35.8,464,0,
,"2018. 5.12",新潟,1新5,未勝利,未勝利・若,2,3,バレーノロッソ,牡,3,川又賢治,53▲,16,5,１, 外,芝1800,良,,(栗),石坂正,1477,-0.1,,4,4,35.0,500,+18,
,"2018. 5.12",新潟,1新5,未勝利,未勝利・牝,5,10,ホクセンジョウオー,牝,3,菊沢一樹,51▲,16,15,１, 内,芝2000,良,*,(美),松山将樹,2035,-0.2,1,1,1,35.7,466,+6,
,"2018. 5.12",新潟,1新5,未勝利,未勝利,2,2,スマートアイビス,牡,3,富田暁,54△,15,2,１, ,ダ1200,良,,(栗),西園正都,1121,-0.4,,1,1,37.4,500,+4,
,"2018. 5.12",新潟,1新5,未勝利,未勝利,4,7,サイモンサーマル,牡,3,川須栄彦, 56 ,16,7,１, 外,芝1600,良,,(栗),梅田智之,1365,-0.1,,2,2,34.5,500,-2,
,"2018. 5. 6",新潟,1新4,1000万,八海山特1000,5,8,スーパーモリオン,牡,4,津村明秀, 57 ,15,1,１, ,ダ1200,良,,(栗),浅見秀一,1117,-0.0,,9,8,36.9,508,-2,
,"2018. 5. 6",新潟,1新4,Ｇ３,新潟大賞ＨG3,1,1,スズカデヴィアス,牡,7,三浦皇成,56.5,16,5,１, 外,芝2000,良,,(栗),橋田満,2000,-0.1,,8,6,32.8,512,-2,
,"2018. 5. 6",新潟,1新4,500万,三条特別500,7,13,テイケイレーヴ,牝,5,三浦皇成, 55 ,16,3,１, 外,芝1600,良,,(栗),荒川義之,1349,-0.1,,3,3,33.5,526,-10,
,"2018. 5. 6",新潟,1新4,500万,500万下,2,2,チリーシルバー,牝,4,丸山元気, 55 ,15,2,１, ,ダ1200,良,,(美),萩原清,1112,-0.3,,1,1,36.6,500,+4,
,"2018. 5. 6",新潟,1新4,500万,500万下,3,5,ゲンキチハヤブサ,セ,6,和田竜二, 57 ,16,5,１, 内,芝1200,良,,(栗),川村禎彦,1088,-0.2,,1,1,34.8,468,+12,
,"2018. 5. 6",新潟,1新4,500万,500万下・牝,8,15,アルスフェルト,牝,5,勝浦正樹, 55 ,15,2,１, ,ダ1800,良,,(美),尾関知人,1530,-0.6,6,6,6,38.0,466,-8,
,"2018. 5. 6",新潟,1新4,未勝利,未勝利,3,5,サラドリーム,牝,3,嶋田純次, 54 ,16,2,１, 内,芝1000,良,,(美),手塚貴久,0561,-0.1,,,4,33.3,420,+14,
,"2018. 5. 6",新潟,1新4,未勝利,未勝利・牝,3,5,ラヴファンシフル,牝,3,丸田恭介, 54 ,15,1,１, 外,芝1800,良,,(美),奥村武,1474,-0.4,,7,6,34.9,488,+2,
,"2018. 5. 6",新潟,1新4,未勝利,障害未勝利,8,13,シゲルボブキャット,牡,4,植野貴也, 59 ,14,2,１, ,芝2890,良,,(栗),坂口正則,3089,-0.6,2,2,1,13.1,456,-4,
,"2018. 5. 6",新潟,1新4,未勝利,未勝利,8,14,カイトセブン,牡,3,菅原隆一, 56 ,14,5,１, ,ダ1800,良,,(美),南田美知,1548,-0.7,1,1,1,39.1,496,-8,
,"2018. 5. 6",新潟,1新4,未勝利,未勝利,3,5,エースロッカー,牡,3,岩部純二, 56 ,15,5,１, ,ダ1200,良,,(美),中川公成,1123,-0.3,,10,9,36.4,488,+2,
,"2018. 5. 6",新潟,1新4,未勝利,未勝利,5,9,レオステップアップ,牡,3,黛弘人, 56 ,15,2,１, ,ダ1800,良,,(美),奥平雅士,1552,-0.2,2,3,3,37.9,488,-4,
,"2018. 5. 5",新潟,1新3,500万,二王子特500,7,10,サトノルーラー,牡,4,丸田恭介, 57 ,12,6,１, 外,芝1800,良,,(美),国枝栄,1476,-0.0,,6,4,34.8,506,-8,
,"2018. 5. 5",新潟,1新3,1600万,駿風Ｓ1600,5,10,ダイメイプリンセス,牝,5,秋山真一, 55 ,16,5,１, 内,芝1000,良,,(栗),森田直行,0563,-0.4,,,7,33.5,496,0,
,"2018. 5. 5",新潟,1新3,500万,わらび賞500*,8,9,マイネルアンファン,牡,3,宮崎北斗, 56 ,10,3,１, ,ダ1800,稍,,(美),和田正一,1540,-0.4,10,3,1,39.3,496,+6,
,"2018. 5. 5",新潟,1新3,500万,500万下・牝,2,2,アドマイヤアロー,牝,4,川又賢治,52▲,12,3,１, 外,芝2000,良,,(栗),中尾秀正,1596,-0.1,,9,9,36.1,460,+8,
,"2018. 5. 5",新潟,1新3,500万,500万下,7,13,サウンドスタジオ,牡,5,津村明秀, 57 ,15,7,１, ,ダ1800,稍,,(栗),吉田直弘,1542,-0.0,13,12,12,39.3,486,-2,
,"2018. 5. 5",新潟,1新3,500万,500万下・若,4,7,ジオラマ,牡,5,富田暁,55△,15,1,１, ,ダ1200,稍,,(栗),西園正都,1114,-0.0,,2,2,38.3,526,-2,
,"2018. 5. 5",新潟,1新3,未勝利,未勝利,8,14,ルックスマート,牡,3,横山武史,53▲,14,1,１, 内,芝2000,稍,*,(美),小島茂之,2038,-0.3,4,4,4,36.1,474,-4,
,"2018. 5. 5",新潟,1新3,未勝利,未勝利,7,14,リビングマイライフ,牝,3,吉田隼人, 54 ,16,1,１, 内,芝1400,稍,,(美),久保田貴,1224,-0.2,,3,3,36.5,486,0,
,"2018. 5. 5",新潟,1新3,ｵｰﾌﾟﾝ,障害・オープ,6,8,シャインレッド,セ,5,石神深一, 60 ,13,4,１, ,芝3290,稍,,(美),武井亮,3357,-0.7,1,1,1,13.1,508,-4,
,"2018. 5. 5",新潟,1新3,未勝利,未勝利,6,10,ツウカイパイロ,牡,3,川須栄彦, 56 ,15,9,１, ,ダ1200,重,,(栗),千田輝彦,1118,-0.4,,3,2,37.5,500,+4,
,"2018. 5. 5",新潟,1新3,未勝利,未勝利・牝,8,15,クインズオライリー,牝,3,森裕太朗,52△,15,3,１, ,ダ1800,重,,(栗),山内研二,1564,-0.1,4,3,3,40.3,444,-2,
,"2018. 5. 5",新潟,1新3,未勝利,障害未勝利,5,8,クロフネフリート,牡,7,浜野谷憲, 60 ,14,2,１, ,芝2890,稍,,(美),戸田博文,3103,-1.7,1,1,1,13.2,538,-4,
,"2018. 4.29",新潟,1新2,1000万,中ノ岳Ｈ1000,8,15,ビスカリア,牝,6,森泰斗, 54 ,15,3,１, ,ダ1800,良,*,(栗),山内研二,1525,-0.1,11,14,14,36.1,466,+4,
,"2018. 4.29",新潟,1新2,ｵｰﾌﾟﾝ,谷川岳Ｓ,1,1,スターオブペルシャ,セ,5,杉原誠人, 56 ,16,2,１, 外,芝1600,良,,(美),藤沢和雄,1325,-0.3,,9,7,34.5,508,-6,
,"2018. 4.29",新潟,1新2,500万,五泉特別500,2,3,キャナルストリート,牝,4,丸山元気, 55 ,16,3,１, 内,芝1400,良,,(美),大竹正博,1210,-0.0,,2,2,34.6,454,-8,
,"2018. 4.29",新潟,1新2,500万,500万下・牝,5,9,グローリアスクロワ,牝,5,丸山元気, 55 ,15,3,１, ,ダ1200,良,,(美),土田稔,1121,-0.0,,8,7,37.1,454,-2,
,"2018. 4.29",新潟,1新2,500万,500万下,7,10,エイシンクリック,牡,4,丸山元気, 57 ,13,2,１, 内,芝2400,良,,(栗),坂口正則,2251,-0.2,8,7,7,35.7,474,0,
,"2018. 4.29",新潟,1新2,500万,500万下・牝,7,13,トーホウレジーナ,牝,4,岡田祥嗣, 55 ,16,7,１, 内,芝1000,良,,(栗),高橋亮,0555,-0.0,,,1,33.4,468,+4,
,"2018. 4.29",新潟,1新2,未勝利,未勝利,5,8,ヴォルフスブルク,牡,3,横山武史,53▲,15,1,１, ,ダ1200,良,,(美),奥平雅士,1121,-0.1,,2,2,37.0,452,-4,B
,"2018. 4.29",新潟,1新2,未勝利,未勝利,8,14,ロードザナドゥ,牡,3,北村友一, 56 ,15,1,１, 外,芝1800,良,,(栗),橋田満,1479,-0.0,,2,2,33.6,472,-4,
,"2018. 4.29",新潟,1新2,未勝利,障害未勝利,7,7,ジャズファンク,牡,6,平沢健治, 60 ,10,1,１, ,芝2890,良,,(栗),角田晃一,3076,-0.8,1,1,1,13.0,504,+6,
,"2018. 4.29",新潟,1新2,未勝利,未勝利・若,7,13,グローバルビジネス,牡,3,加藤祥太,55☆,15,9,１, ,ダ1800,良,,(栗),浜田多実,1566,-0.1,2,2,2,37.8,486,-6,
,"2018. 4.29",新潟,1新2,未勝利,未勝利・牝,4,6,アポロアミ,牝,3,木幡初也,53☆,15,1,１, ,ダ1200,良,,(美),矢野英一,1127,-0.0,,9,8,37.3,432,-2,
,"2018. 4.29",新潟,1新2,未勝利,未勝利,4,7,コラード,牡,3,富田暁,53▲,15,6,１, ,ダ1800,良,,(栗),木原一良,1546,-0.6,1,1,1,39.1,482,+4,
,"2018. 4.28",新潟,1新1,500万,春日山特500,6,6,モクレレ,牡,4,丸山元気, 57 ,10,2,１, 外,芝2000,良,,(美),国枝栄,2012,-0.0,,7,5,33.4,498,-2,
,"2018. 4.28",新潟,1新1,1000万,邁進特別1000,7,13,スペチアーレ,牝,6,川須栄彦, 55 ,16,1,１, 内,芝1000,良,*,(美),矢野英一,0554,-0.1,,,4,33.0,504,+2,
,"2018. 4.28",新潟,1新1,500万,ゆきつば500*,4,7,カッパツハッチ,牝,3,丸山元気, 54 ,16,6,１, 内,芝1200,良,,(美),矢野英一,1087,-0.2,,1,1,35.1,456,0,
,"2018. 4.28",新潟,1新1,500万,500万下,7,12,マルヨシャバーリー,牡,4,義英真,56☆,14,2,１, ,ダ1800,良,,(栗),牧田和弥,1543,-0.2,14,9,7,38.8,472,-2,B
,"2018. 4.28",新潟,1新1,500万,500万下,5,8,グレートブレス,牡,6,富田暁,54▲,15,9,１, ,ダ1200,良,,(栗),高柳大輔,1117,-0.0,,2,2,37.0,526,+8,
,"2018. 4.28",新潟,1新1,500万,500万下・牝,4,6,クリノヴィクトリア,牝,4,森裕太朗,53△,15,1,１, ,ダ1800,良,,(美),高市圭二,1541,-0.0,2,2,2,37.6,440,+2,
,"2018. 4.28",新潟,1新1,未勝利,未勝利,7,11,バリエンテ,牡,3,丸田恭介, 56 ,13,3,１, 内,芝2200,良,,(栗),河内洋,2153,-0.2,11,5,4,36.6,444,+2,
,"2018. 4.28",新潟,1新1,未勝利,未勝利,7,14,ブラックジルベルト,牡,3,北村友一, 56 ,16,1,１, 外,芝1600,良,,(栗),安田隆行,1353,-0.3,,6,6,34.4,472,+8,
,"2018. 4.28",新潟,1新1,未勝利,障害未勝利,6,9,マテンロウハピネス,牡,6,西谷誠, 60 ,13,2,１, ,芝2890,良,,(栗),昆貢,3109,-0.3,1,1,1,13.2,462,0,
,"2018. 4.28",新潟,1新1,未勝利,未勝利・若,7,12,トラストノブナガ,セ,3,森裕太朗,54△,15,4,１, ,ダ1200,稍,,(栗),羽月友彦,1130,-0.2,,9,8,37.3,428,-4,
,"2018. 4.28",新潟,1新1,未勝利,未勝利・牝,5,6,ブラックイメル,牝,3,横山武史,51▲,12,1,１, ,ダ1800,稍,,(美),小野次郎,1557,-0.2,7,4,3,38.9,470,0,
,"2018. 4.28",新潟,1新1,ｵｰﾌﾟﾝ,障害・オープ,5,8,ビットアレグロ,牡,9,蓑島靖典, 60 ,14,8,１, ,芝2890,良,,(美),松永康利,3069,-0.3,10,9,9,12.9,506,+4,
,2017.10.29,新潟,3新6,500万,柏崎特別500,7,14,ディメンシオン,牝,3,吉田隼人, 53 ,16,2,１, 外,芝1600,重,,(栗),藤原英昭,1356,-0.1,,4,4,35.0,454,-2,
,2017.10.29,新潟,3新6,ｵｰﾌﾟﾝ,ルミエー,8,16,アペルトゥーラ,牡,6,石橋脩, 56 ,18,2,１, 内,芝1000,重,,(美),国枝栄,0558,-0.1,,,9,33.1,504,-4,
,2017.10.29,新潟,3新6,500万,松浜特別500,6,7,ワンダープチュック,牡,3,和田翼, 55 ,11,3,１, 外,芝1800,重,,(栗),河内洋,1480,-0.5,,7,7,34.6,484,-8,
,2017.10.29,新潟,3新6,500万,500万下,7,13,アヴェーヌモン,牡,5,富田暁,54▲,15,8,１, ,ダ1200,不,,(栗),中竹和也,1102,-0.0,,1,1,36.5,538,+2,
,2017.10.29,新潟,3新6,500万,500万下,5,9,ディープウォーリア,牡,3,石橋脩, 55 ,18,1,１, 内,芝1200,重,,(栗),中竹和也,1098,-0.3,,14,13,34.4,456,+4,
,2017.10.29,新潟,3新6,500万,500万下・若,1,1,オールウェイズゼア,牡,3,横山武史,52▲,11,3,１, ,ダ1800,不,,(美),高市圭二,1511,-0.1,4,4,3,38.6,470,+2,
,2017.10.29,新潟,3新6,500万,500万下,8,15,グランアラミス,セ,5,宮崎北斗, 57 ,15,2,１, ,ダ1200,重,,(美),粕谷昌央,1110,-0.3,,3,3,36.2,488,+2,B
,2017.10.29,新潟,3新6,新馬,新馬,6,10,ノーブルアース,牝,2,石橋脩, 54 ,14,3,１, 外,芝1600,重,,(栗),牧浦充徳,1368,-0.9,,3,3,34.3,468,,
,2017.10.29,新潟,3新6,未勝利,障害未勝利,1,1,シャインレッド,セ,4,石神深一, 60 ,14,8,１, ,芝2850,稍,,(美),武井亮,3099,-1.3,1,1,1,13.3,512,-10,
,2017.10.29,新潟,3新6,500万,500万下,6,7,コティニャック,牡,5,丸山元気, 57 ,12,1,１, ,ダ1800,重,,(美),南田美知,1508,-0.6,2,2,2,36.7,532,+6,B
,2017.10.29,新潟,3新6,未勝利,未勝利*,5,8,モアイ,牡,2,吉田隼人, 55 ,15,1,１, ,ダ1200,稍,,(栗),笹田和秀,1123,-0.5,,2,2,37.2,456,+4,
,2017.10.29,新潟,3新6,未勝利,未勝利・牝*,1,1,アプローズ,牝,2,吉田隼人, 54 ,15,4,１, ,ダ1200,稍,,(栗),野中賢二,1128,-0.2,,1,1,37.3,442,+2,
,2017.10.28,新潟,3新5,500万,飛翔特別500,8,16,グラミスキャッスル,牝,4,木幡巧也, 55 ,17,1,１, 内,芝1000,良,,(美),尾関知人,0553,-0.0,,,3,33.0,478,+4,
,2017.10.28,新潟,3新5,1000万,妙高特Ｈ1000,2,2,サザンボルケーノ,牡,3,菊沢一樹, 55 ,15,2,１, ,ダ1200,良,,(栗),加用正,1110,-0.3,,2,2,37.0,496,+10,
,2017.10.28,新潟,3新5,500万,岩船特別500,1,1,トータルソッカー,牡,3,吉田隼人, 54 ,12,1,１, 内,芝2200,良,,(美),尾形充弘,2141,-0.1,2,2,4,34.9,486,+2,
,2017.10.28,新潟,3新5,500万,500万下・牝,5,6,ハナサキ,牝,3,横山武史,50▲,12,1,１, ,ダ1800,良,,(美),小野次郎,1524,-0.0,1,1,1,39.1,460,-2,B
,2017.10.28,新潟,3新5,500万,500万下・若,1,1,ミュートロギア,牡,4,木幡初也,56☆,14,5,１, 外,芝2000,良,,(美),黒岩陽一,2009,-0.1,,1,1,35.0,498,+4,B
,2017.10.28,新潟,3新5,500万,500万下,5,5,ハッスルバッスル,牡,3,吉田隼人, 54 ,12,1,１, ,ダ2500,良,,(美),戸田博文,2398,-1.1,4,3,3,38.6,488,+6,B
,2017.10.28,新潟,3新5,未勝利,未勝利*,8,12,ナラトゥリス,牝,2,菱田裕二, 54 ,13,1,１, 外,芝1800,良,,(美),加藤征弘,1486,-0.3,,5,5,34.3,444,-2,
,2017.10.28,新潟,3新5,未勝利,未勝利*,7,13,モデレイト,牝,2,木幡巧也,53☆,16,10,１, 内,芝1400,良,*,(美),和田正道,1227,-0.2,,2,2,36.0,460,-8,
,2017.10.28,新潟,3新5,ｵｰﾌﾟﾝ,障害・オープ,1,1,マイネルプロンプト,セ,5,森一馬, 60 ,14,4,１, ,芝2850,良,,(栗),坂口正則,3043,-0.0,4,3,2,12.9,482,+18,
,2017.10.28,新潟,3新5,500万,500万下,3,5,トップアドバンス,牡,6,菊沢一樹,54▲,15,14,１, ,ダ1200,良,,(美),勢司和浩,1119,-0.0,,15,15,35.2,482,+12,
,2017.10.28,新潟,3新5,未勝利,未勝利*,1,1,マイネルサリューエ,牡,2,丹内祐次, 55 ,12,1,１, ,ダ1800,良,,(美),上原博之,1554,-0.0,8,5,2,38.2,496,+4,
,2017.10.28,新潟,3新5,未勝利,障害未勝利,6,9,ホーガンブリッジ,牡,3,山本康志, 58 ,14,9,１, ,芝2850,良,,(美),堀井雅広,3063,-0.6,2,2,2,13.1,492,0,
,2017.10.22,新潟,3新4,500万,鳥屋野特500,3,5,ブロワ,牝,4,杉原誠人, 55 ,17,6,１, 内,芝1200,重,,(美),尾関知人,1107,-0.1,,1,1,35.8,470,+2,
,2017.10.22,新潟,3新4,1600万,北陸Ｓ1600,5,9,ドリームドルチェ,牡,5,中谷雄太, 57 ,15,3,１, ,ダ1200,不,,(美),根本康広,1103,-0.0,,7,7,35.5,512,+8,
,2017.10.22,新潟,3新4,500万,浦佐特別500,8,9,ウインテンダネス,牡,4,菱田裕二, 57 ,10,2,１, 外,芝2000,重,,(栗),杉山晴紀,2018,-0.1,,8,6,34.1,500,+8,
,2017.10.22,新潟,3新4,500万,500万下・牝,8,17,ウーマッハ,牝,3,勝浦正樹, 53 ,18,1,１, 内,芝1000,重,,(美),古賀史生,0559,-0.2,,,3,33.2,464,0,
,2017.10.22,新潟,3新4,500万,500万下,6,11,バシレウスライオン,牡,4,中谷雄太, 57 ,15,2,１, ,ダ1200,不,,(栗),矢作芳人,1114,-0.3,,10,7,36.1,472,+2,
,2017.10.22,新潟,3新4,500万,500万下・若,7,10,モズアトラクション,牡,3,富田暁,52▲,13,1,１, ,ダ1800,不,,(栗),松下武士,1505,-0.7,11,10,8,36.6,474,0,
,2017.10.22,新潟,3新4,500万,500万下,1,1,ヨドノビクトリー,牡,3,古川吉洋, 55 ,15,3,１, ,ダ1200,重,,(栗),北出成人,1109,-0.0,,4,4,36.1,482,+2,
,2017.10.22,新潟,3新4,新馬,新馬・牝,6,12,ダイシンステルラ,牝,2,勝浦正樹, 54 ,18,13,１, 内,芝1400,重,,(栗),牧田和弥,1254,-0.2,,9,6,36.8,444,,
,2017.10.22,新潟,3新4,未勝利,障害未勝利,2,2,リミットブレイク,セ,5,五十嵐雄, 60 ,13,2,１, ,芝2850,稍,,(美),尾関知人,3100,-0.4,3,5,3,13.3,520,+6,
,2017.10.22,新潟,3新4,500万,500万下,3,3,アスターゴールド,牡,3,田中健, 55 ,12,4,１, ,ダ1800,稍,,(栗),南井克巳,1510,-0.7,3,4,4,36.5,498,+16,
,2017.10.22,新潟,3新4,未勝利,未勝利*,2,3,カクリョウ,牡,2,和田翼,54☆,15,6,１, ,ダ1200,稍,,(栗),加藤敬二,1129,-0.0,,1,1,37.9,470,-4,
,2017.10.22,新潟,3新4,未勝利,未勝利*,8,14,ロードイヒラニ,牡,2,川須栄彦, 55 ,14,7,１, 外,芝1600,稍,,(栗),千田輝彦,1364,-0.4,,1,1,34.2,462,0,
,2017.10.21,新潟,3新3,500万,十日町特500,7,13,ウインソワレ,牝,5,津村明秀, 55 ,17,3,１, 内,芝1400,良,,(栗),宮本博,1217,-0.3,,1,1,35.0,484,+2,
,2017.10.21,新潟,3新3,1000万,飛翼特Ｈ1000,6,12,ベルモントラハイナ,牝,6,藤田菜七, 51 ,18,10,１, 内,芝1000,良,,(美),和田正道,0551,-0.0,,,4,32.9,482,-6,
,2017.10.21,新潟,3新3,500万,萬代橋特500,4,4,フォイヤーヴェルク,牡,4,石橋脩, 57 ,10,1,１, 内,芝2400,良,,(栗),池江泰寿,2260,-0.0,8,3,3,35.5,440,-4,
,2017.10.21,新潟,3新3,500万,500万下,1,1,モンストルコント,牡,4,菊沢一樹,54▲,10,2,１, ,ダ1800,良,,(栗),本田優,1534,-0.2,3,2,2,36.7,504,+4,
,2017.10.21,新潟,3新3,500万,500万下,6,11,ブリラーレ,牡,3,北村友一, 55 ,15,1,１, 外,芝1800,良,,(栗),斉藤崇史,1467,-0.1,,14,14,33.5,456,+2,
,2017.10.21,新潟,3新3,500万,500万下・若,7,13,ナニスンネン,牡,5,鮫島克駿,56☆,15,1,１, ,ダ1200,良,,(栗),杉山晴紀,1120,-0.2,,6,6,36.2,522,+6,
,2017.10.21,新潟,3新3,500万,500万下・牝,1,1,ティープラズマ,牝,4,城戸義政,54☆,15,14,１, ,ダ1800,良,,(栗),藤岡健一,1528,-0.1,1,1,1,39.1,474,+6,
,2017.10.21,新潟,3新3,未勝利,未勝利*,6,11,キングキングキング,牡,2,勝浦正樹, 55 ,18,1,１, 内,芝1200,良,,(美),国枝栄,1099,-0.5,,7,7,34.8,464,+4,
,2017.10.21,新潟,3新3,ｵｰﾌﾟﾝ,障害・オープ,6,6,ステージジャンプ,牡,7,五十嵐雄, 60 ,11,3,１, ,芝3250,良,,(美),岩戸孝樹,3334,-0.7,3,3,3,13.1,504,-10,
,2017.10.21,新潟,3新3,500万,500万下・牝,6,10,ワシントンレガシー,牝,3,菊沢一樹,50▲,15,1,１, ,ダ1200,良,,(美),戸田博文,1118,-0.1,,2,2,37.6,458,-2,
,2017.10.21,新潟,3新3,未勝利,未勝利*,2,2,タイキフェルヴール,牡,2,北村友一, 55 ,14,1,１, ,ダ1800,良,,(栗),牧浦充徳,1545,-1.4,3,3,4,37.5,480,0,
,2017.10.21,新潟,3新3,未勝利,障害未勝利,8,14,エオヒップス,牡,3,平沢健治, 58 ,14,7,１, ,芝2850,良,,(栗),中村均,3092,-0.3,1,1,1,13.3,504,+4,
,2017.10.15,新潟,3新2,500万,寺泊特別500,6,11,トゥザクラウン,牡,3,鮫島克駿, 55 ,15,3,１, 外,芝1600,良,,(栗),池江泰寿,1328,-0.0,,11,10,33.2,516,+8,
,2017.10.15,新潟,3新2,ｵｰﾌﾟﾝ,信越ＳＨ,6,10,アポロノシンザン,牡,5,津村明秀, 54 ,14,1,１, 内,芝1400,良,,(美),鈴木伸尋,1205,-0.3,,1,1,34.4,484,+6,
,2017.10.15,新潟,3新2,500万,粟島特別500,1,1,エイシンティンクル,牝,4,丸山元気, 55 ,14,1,１, 外,芝1800,良,,(栗),坂口正則,1457,-0.3,,1,1,34.6,502,+8,
,2017.10.15,新潟,3新2,500万,500万下,6,7,ロバストミノル,牡,4,菊沢一樹,54▲,12,1,１, ,ダ1800,稍,,(栗),本田優,1526,-0.0,3,2,2,37.7,498,+4,
,2017.10.15,新潟,3新2,500万,500万下,7,14,ナリタエイト,牡,4,富田暁,54▲,18,1,１, 外,芝2000,良,,(栗),松永昌博,1590,-0.2,,6,5,34.5,466,+2,
,2017.10.15,新潟,3新2,500万,500万下・若,6,11,メイショウグンパイ,牡,4,富田暁,54▲,15,6,１, ,ダ1200,稍,,(栗),南井克巳,1112,-0.0,,2,1,36.9,492,+18,
,2017.10.15,新潟,3新2,500万,500万下,2,3,フェルトベルク,牝,3,木幡育也,50▲,18,4,１, 内,芝1400,良,,(栗),荒川義之,1211,-0.1,,5,5,34.7,434,+24,
,2017.10.15,新潟,3新2,新馬,新馬,5,9,ドゥリアリティ,牝,2,中井裕二, 54 ,15,6,１, ,ダ1200,稍,,(栗),浜田多実,1143,-0.3,,2,2,37.6,448,,
,2017.10.15,新潟,3新2,500万,500万下,8,11,メイショウマトイ,牡,3,菊沢一樹,52▲,11,1,１, ,ダ1800,稍,,(栗),本田優,1524,-0.6,8,5,4,37.3,470,+2,
,2017.10.15,新潟,3新2,未勝利,未勝利*,1,2,アーヒラ,牝,2,岩部純二, 54 ,18,3,１, 内,芝1000,良,,(美),石毛善彦,0561,-0.0,,,4,33.5,430,-2,
,2017.10.15,新潟,3新2,未勝利,未勝利*,6,8,レノヴァール,牡,2,鮫島克駿,54☆,13,2,１, 内,芝2000,良,,(栗),高野友和,2020,-0.2,4,4,4,35.4,496,-8,
,2017.10.15,新潟,3新2,未勝利,未勝利*,6,10,ラフィングマッチ,牡,2,酒井学, 55 ,15,1,１, ,ダ1200,稍,,(栗),北出成人,1132,-0.1,,1,1,38.0,478,+12,
,2017.10.14,新潟,3新1,500万,稲光特別500,5,10,ファイブフォース,牝,3,原田和真, 53 ,18,3,１, 内,芝1000,良,,(美),栗田徹,0550,-0.1,,,2,32.1,486,+18,
,2017.10.14,新潟,3新1,1000万,魚沼特別1000,6,6,ルックトゥワイス,牡,4,北村友一, 57 ,7,1,１, 外,芝2000,良,,(栗),藤原英昭,1586,-0.4,,5,5,33.3,438,+8,
,2017.10.14,新潟,3新1,500万,瓢湖特別500,1,1,プライムセラー,セ,4,石橋脩, 57 ,17,2,１, 内,芝2200,良,,(美),和田正一,2123,-0.0,9,8,9,35.1,504,+8,
,2017.10.14,新潟,3新1,500万,500万下,1,1,エターナルフレイム,牡,3,吉田隼人, 55 ,15,1,１, ,ダ1200,稍,,(美),高木登,1111,-0.0,,3,3,36.8,514,0,
,2017.10.14,新潟,3新1,500万,500万下・若,2,3,ミッキーグローリー,牡,4,杉原誠人, 57 ,16,1,１, 外,芝1800,良,,(美),国枝栄,1461,-0.1,,4,6,33.5,542,0,
,2017.10.14,新潟,3新1,500万,500万下,7,10,マジカルスペル,牡,3,北村友一, 55 ,12,1,１, ,ダ1800,稍,,(栗),藤原英昭,1518,-0.3,3,3,3,36.6,534,+10,
,2017.10.14,新潟,3新1,500万,500万下,7,8,ヤマニンシルフ,牡,4,川又賢治,54▲,10,1,１, ,ダ2500,稍,,(栗),山内研二,2423,-0.6,3,2,1,37.5,454,+6,
,2017.10.14,新潟,3新1,未勝利,未勝利・牝*,2,4,ケワロス,牝,2,菱田裕二, 54 ,16,6,１, 内,芝1400,良,,(栗),牧浦充徳,1221,-0.0,,5,3,35.1,420,-2,
,2017.10.14,新潟,3新1,未勝利,障害未勝利,6,8,マサノハヤテ,牡,3,北沢伸也, 58 ,12,1,１, ,芝2850,良,,(栗),加用正,3069,-0.3,2,1,1,13.1,500,-2,
,2017.10.14,新潟,3新1,500万,500万下・牝,3,5,トップライセンス,牝,4,藤田菜七,52▲,15,3,１, ,ダ1200,稍,,(美),尾関知人,1114,-0.2,,5,6,37.0,488,+4,
,2017.10.14,新潟,3新1,未勝利,未勝利*,8,9,ロージズキング,牡,2,木幡初広, 55 ,10,2,１, ,ダ1800,稍,,(美),牧光二,1569,-0.0,2,2,1,38.4,504,-2,B
,2017.10.14,新潟,3新1,未勝利,障害未勝利,5,8,カタヨクノテンシ,牡,4,黒岩悠, 60 ,14,3,１, ,芝2850,良,,(栗),飯田雄三,3068,-0.0,3,2,1,13.1,502,+2,
,"2017. 9. 3",新潟,2新C,500万,雷光特別500,8,16,クラウンルシフェル,牡,6,大野拓弥, 57 ,18,8,１, 内,芝1000,良,,(美),天間昭一,0552,-0.0,,,2,32.7,492,0,B
,"2017. 9. 3",新潟,2新C,Ｇ３,新潟記念ＨG3,1,1,タツゴウゲキ,牡,5,秋山真一, 55 ,17,6,１, 外,芝2000,良,,(栗),鮫島一歩,1579,-0.0,,2,2,34.6,486,+4,
,"2017. 9. 3",新潟,2新C,1000万,飯豊特Ｈ1000,4,8,メイショウスイヅキ,牝,4,横山典弘, 52 ,17,5,１, 内,芝1200,良,,(栗),本田優,1086,-0.0,,8,8,34.2,466,+2,
,"2017. 9. 3",新潟,2新C,500万,両津湾特500,2,3,スペリオルシチー,牡,3,岩田康誠, 54 ,15,1,１, ,ダ1800,良,,(美),相沢郁,1529,-0.8,3,3,2,37.6,464,+2,
,"2017. 9. 3",新潟,2新C,500万,500万下,1,1,サバイバルポケット,牝,4,丸田恭介, 55 ,18,11,１, 内,芝1400,良,,(美),和田雄二,1213,-0.0,,1,1,35.8,488,+4,
,"2017. 9. 3",新潟,2新C,未勝利,未勝利,7,15,キューンハイト,牝,3,柴田大知, 54 ,18,4,１, 内,芝2000,良,*,(美),高木登,2007,-0.1,12,10,9,35.6,424,-2,
,"2017. 9. 3",新潟,2新C,新馬,新馬,1,1,セイウンスパイ,牡,2,戸崎圭太, 54 ,15,3,１, ,ダ1200,良,,(美),池上昌和,1143,-0.0,,1,1,37.3,500,,
,"2017. 9. 3",新潟,2新C,新馬,新馬,3,5,サンリヴァル,牡,2,Ｍ．デム, 54 ,15,1,１, 外,芝1800,良,,(栗),藤岡健一,1501,-0.0,,3,3,33.4,482,,
,"2017. 9. 3",新潟,2新C,未勝利,障害未勝利,4,5,メドウヒルズ,牡,6,大庭和弥, 60 ,14,1,１, ,芝2850,良,,(美),鹿戸雄一,3065,-0.2,1,1,1,13.1,470,0,
,"2017. 9. 3",新潟,2新C,未勝利,未勝利・牝,3,4,ピンキージョーンズ,牝,3,柴田大知, 54 ,15,1,１, ,ダ1800,良,,(美),清水英克,1546,-0.1,3,3,2,39.0,430,+4,
,"2017. 9. 3",新潟,2新C,未勝利,未勝利,3,5,ヒシデルマー,牡,3,石橋脩, 56 ,15,3,１, ,ダ1200,良,,(美),牧光二,1130,-0.3,,1,1,37.1,524,+2,
,"2017. 9. 3",新潟,2新C,未勝利,未勝利*,2,3,カーボナード,牡,2,岩田康誠, 54 ,18,1,１, 外,芝1600,良,,(美),栗田徹,1353,-0.4,,2,2,34.0,466,+4,
,"2017. 9. 2",新潟,2新B,500万,500万下,6,10,エクスシア,牝,6,木幡育也,52▲,15,6,１, ,ダ1200,良,,(美),大江原哲,1119,-0.2,,2,2,36.5,438,+2,
,"2017. 9. 2",新潟,2新B,1600万,長岡Ｓ1600,2,3,バンゴール,牝,5,田辺裕信, 55 ,15,4,１, 外,芝1600,良,,(美),尾関知人,1339,-0.2,,3,2,33.2,440,+10,
,"2017. 9. 2",新潟,2新B,1000万,弥彦特別1000,7,8,アクート,牡,4,Ｍ．デム, 57 ,11,1,１, 外,芝1800,良,,(美),宗像義忠,1465,-0.2,,11,11,33.0,434,+2,
,"2017. 9. 2",新潟,2新B,500万,燕特別500,1,1,サンシロウ,牡,3,柴田善臣, 54 ,18,8,１, 内,芝2200,良,,(美),柄崎孝,2133,-0.1,6,6,8,35.1,490,-6,
,"2017. 9. 2",新潟,2新B,500万,500万下・牝,1,1,ドゥリーミン,牝,4,木幡育也,52▲,15,7,１, ,ダ1800,良,,(美),大江原哲,1528,-1.3,1,1,1,38.7,462,+6,
,"2017. 9. 2",新潟,2新B,未勝利,未勝利,4,7,マッタナシ,牡,3,西田雄一, 56 ,18,2,１, 内,芝1000,良,,(美),岩戸孝樹,0558,-0.2,,,4,33.1,476,0,
,"2017. 9. 2",新潟,2新B,未勝利,未勝利,3,5,ルックアットミー,牝,3,武藤雅,51▲,18,3,１, 外,芝1600,良,,(美),高橋義博,1350,-0.2,,7,7,33.3,462,+6,
,"2017. 9. 2",新潟,2新B,新馬,新馬,8,16,ランスマン,牡,2,内田博幸, 54 ,18,2,１, 内,芝1400,良,,(美),上原博之,1230,-0.0,,9,8,35.7,550,,
,"2017. 9. 2",新潟,2新B,未勝利,未勝利,3,4,リセンティート,牡,3,武藤雅,53▲,15,10,１, ,ダ1800,良,,(美),尾形和幸,1545,-0.2,7,12,12,38.3,506,+8,
,"2017. 9. 2",新潟,2新B,未勝利,未勝利,8,15,アーガマ,牝,3,大野拓弥, 54 ,15,7,１, ,ダ1200,良,,(美),新開幸一,1130,-0.0,,5,4,37.7,456,+12,
,"2017. 9. 2",新潟,2新B,未勝利,未勝利*,6,7,オウケンムーン,牡,2,北村宏司, 54 ,11,1,１, 内,芝2000,良,,(美),国枝栄,2018,-1.0,3,2,2,35.3,456,-10,
,"2017. 9. 2",新潟,2新B,未勝利,未勝利*,8,14,グラファイト,牡,2,田辺裕信, 54 ,15,7,１, ,ダ1800,良,*,(美),宗像義忠,1566,-0.2,7,7,4,39.8,464,+8,
,"2017. 8.27",新潟,2新A,500万,500万下,8,14,ラブターボ,牝,4,藤田菜七,52▲,15,6,１, ,ダ1200,良,,(美),竹内正洋,1119,-0.3,,1,1,36.6,432,+6,
,"2017. 8.27",新潟,2新A,Ｇ３,新潟２歳G3,5,8,フロンティア,牡,2,岩田康誠, 54 ,15,3,１, 外,芝1600,良,,(栗),中内田充,1346,-0.1,,2,2,32.9,444,-10,
,"2017. 8.27",新潟,2新A,ｵｰﾌﾟﾝ,朱鷺Ｓ,5,5,ワンスインナムーン,牝,4,石橋脩, 54 ,10,1,１, 内,芝1400,良,,(美),斎藤誠,1207,-0.0,,1,1,35.2,452,+6,
,"2017. 8.27",新潟,2新A,1000万,五頭連峰1000,6,11,メイショウオワラ,牝,3,吉田隼人, 52 ,17,7,１, 外,芝1600,良,,(栗),岡田稲男,1345,-0.3,,2,2,32.7,462,+22,
,"2017. 8.27",新潟,2新A,500万,500万下・牝,4,6,ヘルディン,牝,3,武藤雅,49▲,15,4,１, ,ダ1200,良,,(美),土田稔,1117,-0.8,,1,1,37.0,428,-4,
,"2017. 8.27",新潟,2新A,500万,500万下,2,3,フェイズベロシティ,牝,4,北村宏司, 55 ,18,8,１, 外,芝2000,良,,(美),萩原清,2005,-0.0,,5,3,33.4,434,0,
,"2017. 8.27",新潟,2新A,500万,500万下,7,13,レッドマジュール,牝,5,大野拓弥, 55 ,18,2,１, 外,芝1800,良,,(美),手塚貴久,1462,-0.1,,10,10,33.6,456,+6,
,"2017. 8.27",新潟,2新A,新馬,新馬,7,14,ニシノコデマリ,牝,2,武藤雅,51▲,17,3,１, 内,芝1200,良,,(美),松山将樹,1103,-0.2,,2,2,34.8,416,,
,"2017. 8.27",新潟,2新A,未勝利,未勝利,8,14,エターナルフレイム,牡,3,大野拓弥, 56 ,15,3,１, ,ダ1200,稍,,(美),高木登,1119,-0.4,,4,4,37.0,512,+2,
,"2017. 8.27",新潟,2新A,未勝利,未勝利,4,7,オメガドラクロワ,牡,3,岩田康誠, 56 ,15,1,１, ,ダ1800,稍,,(美),堀宣行,1533,-0.3,4,1,1,38.1,446,+4,B
,"2017. 8.27",新潟,2新A,未勝利,未勝利*,3,5,ピカピカ,牝,2,西田雄一, 54 ,18,7,１, 内,芝1000,良,,(美),石毛善彦,0558,-0.2,,,4,33.0,480,+4,
,"2017. 8.27",新潟,2新A,未勝利,未勝利*,2,2,タマモアモーレ,牡,2,武藤雅,51▲,15,4,１, ,ダ1200,稍,,(美),伊藤圭三,1126,-1.0,,2,2,37.0,466,-4,B
,"2017. 8.26",新潟,2新9,500万,500万下,4,7,ワイナルダム,牡,3,宮崎北斗, 54 ,18,13,１, 内,芝1200,稍,,(美),水野貴広,1087,-0.0,,1,1,35.4,452,+14,
,"2017. 8.26",新潟,2新9,ｵｰﾌﾟﾝ,ＢＳＮ賞Ｈ,1,1,トップディーヴォ,牡,5,横山典弘, 55 ,15,6,１, ,ダ1800,重,,(栗),昆貢,1515,-0.1,4,3,3,37.0,488,+2,B
,"2017. 8.26",新潟,2新9,1600万,稲妻Ｓ1600,6,8,アペルトゥーラ,牡,6,石橋脩, 57 ,13,3,１, 内,芝1000,稍,,(美),国枝栄,0561,-0.0,,,8,33.4,508,-2,
,"2017. 8.26",新潟,2新9,1000万,瀬波温泉1000,1,1,スペルマロン,セ,3,岩田康誠, 54 ,15,2,１, ,ダ1800,重,,(美),古賀史生,1523,-0.2,1,1,2,38.2,490,+2,
,"2017. 8.26",新潟,2新9,ＪＧ３,新潟ジャJG3,3,3,グッドスカイ,牝,4,森一馬, 58 ,12,3,１, ,芝3250,稍,*,(栗),松元茂樹,3310,-0.2,3,2,2,13.0,474,+6,
,"2017. 8.26",新潟,2新9,500万,500万下,4,6,パルトネルラーフ,牡,4,大野拓弥, 57 ,15,5,１, ,ダ1800,重,,(美),高木登,1554,-0.0,13,13,9,38.4,502,-4,
,"2017. 8.26",新潟,2新9,未勝利,未勝利,7,14,サルダーナ,牝,3,柴山雄一, 54 ,18,4,１, 外,芝1800,稍,,(美),勢司和浩,1483,-0.2,,8,8,34.7,450,+2,
,"2017. 8.26",新潟,2新9,新馬,新馬,7,13,エントシャイデン,牡,2,蛯名正義, 54 ,18,2,１, 外,芝1600,稍,,(栗),矢作芳人,1361,-0.0,,9,9,33.6,448,,
,"2017. 8.26",新潟,2新9,未勝利,障害未勝利,4,4,ボブキャット,牡,7,草野太郎, 60 ,12,1,１, ,芝2850,稍,,(美),久保田貴,3070,-0.3,1,1,1,13.1,500,+2,
,"2017. 8.26",新潟,2新9,未勝利,未勝利,6,11,サクラレガーロ,牡,3,三浦皇成, 56 ,15,4,１, ,ダ1800,重,,(美),高柳瑞樹,1553,-0.5,1,1,1,39.2,468,+6,
,"2017. 8.26",新潟,2新9,未勝利,未勝利,2,4,ハイヤーアプシス,牝,3,三浦皇成, 54 ,18,3,１, 内,芝1200,重,,(美),鹿戸雄一,1094,-0.1,,9,9,35.2,410,+2,
,"2017. 8.26",新潟,2新9,未勝利,未勝利*,8,12,スターフィールド,牡,2,大野拓弥, 54 ,12,1,１, 外,芝1800,重,,(美),手塚貴久,1490,-0.4,,8,7,34.9,470,-6,
,"2017. 8.20",新潟,2新8,500万,500万下・牝,8,16,ソレイユフルール,牝,3,柴田大知, 52 ,18,2,１, 内,芝1000,良,,(美),和田雄二,0547,-0.3,,,1,32.5,474,-2,
,"2017. 8.20",新潟,2新8,ｵｰﾌﾟﾝ,ＮＳＴ賞Ｈ,6,10,ドラゴンゲート,牡,5,戸崎圭太, 52 ,15,3,１, ,ダ1200,良,,(美),小西一男,1104,-0.5,,1,1,36.3,474,0,
,"2017. 8.20",新潟,2新8,1000万,阿賀野川1000,8,12,ポポカテペトル,牡,3,岩田康誠, 54 ,12,2,１, 内,芝2200,良,,(栗),友道康夫,2117,-0.2,4,3,3,34.8,482,+4,
,"2017. 8.20",新潟,2新8,500万,村上特別500,2,3,ルネイション,牝,4,田辺裕信, 55 ,17,4,１, 外,芝1600,良,,(美),栗田徹,1339,-0.1,,11,11,32.1,438,-2,
,"2017. 8.20",新潟,2新8,500万,500万下,6,9,イストワールファム,牝,3,戸崎圭太, 52 ,13,1,１, 外,芝1800,良,,(美),古賀慎明,1481,-0.2,,9,8,32.7,448,+6,
,"2017. 8.20",新潟,2新8,500万,500万下・牝,8,13,コパノビジン,牝,4,藤田菜七,52▲,14,1,１, ,ダ1800,良,,(美),手塚貴久,1537,-0.8,2,1,1,38.6,462,+4,B
,"2017. 8.20",新潟,2新8,未勝利,未勝利,4,8,ルーラーキング,牡,3,戸崎圭太, 56 ,18,1,１, 内,芝2400,良,,(美),小笠倫弘,2265,-0.3,5,3,5,35.9,458,+4,
,"2017. 8.20",新潟,2新8,新馬,新馬・牝,4,8,ラッキーライラック,牝,2,石橋脩, 54 ,18,2,１, 外,芝1600,良,,(栗),松永幹夫,1364,-0.2,,5,4,33.1,480,,
,"2017. 8.20",新潟,2新8,未勝利,障害未勝利,3,3,ウエスタンレベッカ,牝,7,熊沢重文, 58 ,14,3,１, ,芝2850,良,,(栗),崎山博樹,3029,-0.7,1,1,1,12.8,462,0,
,"2017. 8.20",新潟,2新8,未勝利,未勝利,5,8,ジャストヒーロー,牡,3,岩田康誠, 56 ,15,4,１, ,ダ1800,良,*,(美),柴田政人,1547,-0.1,12,12,9,37.8,460,+6,B
,"2017. 8.20",新潟,2新8,未勝利,未勝利・牝,3,4,ニシノレディー,牝,3,大野拓弥, 54 ,15,8,１, ,ダ1200,良,,(美),高木登,1128,-0.3,,1,1,37.3,440,+8,
,"2017. 8.20",新潟,2新8,未勝利,未勝利*,8,14,アトレヴィード,牝,2,戸崎圭太, 54 ,15,1,１, 内,芝1400,良,,(栗),森田直行,1231,-0.2,,3,2,36.1,436,+4,
,"2017. 8.19",新潟,2新7,500万,500万下,6,10,ケンコンイッテキ,牡,4,三浦皇成, 57 ,15,1,１, ,ダ1200,良,,(美),田島俊明,1113,-0.6,,2,2,36.4,506,-4,
,"2017. 8.19",新潟,2新7,1600万,日本海Ｓ1600,4,4,グランアルマダ,牡,5,石橋脩, 57 ,8,3,１, 内,芝2200,良,,(栗),西園正都,2123,-0.1,1,1,1,34.7,526,0,B
,"2017. 8.19",新潟,2新7,1000万,苗場特別1000,6,11,ディオスコリダー,牡,3,石橋脩, 54 ,15,1,１, ,ダ1200,良,,(栗),高橋義忠,1105,-0.3,,4,4,36.3,492,-2,
,"2017. 8.19",新潟,2新7,500万,出雲崎特500,3,3,コウキチョウサン,牡,4,戸崎圭太, 57 ,13,2,１, 内,芝2400,良,*,(美),和田正一,2279,-0.0,10,13,12,33.4,456,+8,
,"2017. 8.19",新潟,2新7,500万,500万下,4,5,ワイルドカード,牡,3,北村宏司, 54 ,14,3,１, ,ダ1800,良,,(美),木村哲也,1522,-0.1,3,4,3,37.0,546,-10,
,"2017. 8.19",新潟,2新7,未勝利,未勝利・牝,5,9,ラブリイメッセージ,牝,3,津村明秀, 54 ,18,14,１, 内,芝1000,良,,(美),鈴木伸尋,0561,-0.1,,,6,33.0,440,-2,B
,"2017. 8.19",新潟,2新7,新馬,新馬,5,10,マイティーワークス,牝,2,田中勝春, 54 ,18,1,１, 内,芝1400,良,,(美),菊川正達,1228,-0.3,,4,4,35.1,448,,
,"2017. 8.19",新潟,2新7,新馬,新馬,8,12,ノーブルバルカン,牡,2,武藤雅,51▲,12,11,１, 内,芝2000,良,,(美),武藤善則,2040,-0.2,2,2,2,35.1,444,,
,"2017. 8.19",新潟,2新7,未勝利,未勝利・牝,2,3,ペイシャリサ,牝,3,的場勇人, 54 ,15,10,１, ,ダ1800,良,,(美),高橋義博,1559,-0.1,14,12,12,38.8,464,-4,
,"2017. 8.19",新潟,2新7,未勝利,未勝利,4,8,ネオヴィットーリア,牝,3,吉田豊, 54 ,18,8,１, 内,芝2000,良,,(美),古賀史生,2011,-0.2,5,7,6,35.1,458,+2,
,"2017. 8.19",新潟,2新7,未勝利,未勝利,3,5,リモンディ,牡,3,石橋脩, 54 ,15,4,１, ,ダ1200,良,,(美),木村哲也,1116,-0.2,,2,2,36.6,526,-6,
,"2017. 8.19",新潟,2新7,未勝利,未勝利・牝*,3,4,ミュージアムヒル,牝,2,北村宏司, 54 ,14,1,１, 外,芝1600,良,,(美),古賀慎明,1345,-0.5,,7,6,34.5,446,-2,
,"2017. 8.13",新潟,2新6,500万,500万下,3,6,プリティマックス,牝,3,柴田善臣, 52 ,18,3,１, 内,芝1000,良,,(美),菊川正達,0553,-0.1,,,5,32.6,434,+6,
,"2017. 8.13",新潟,2新6,Ｇ３,関屋記念G3,2,3,マルターズアポジー,牡,5,武士沢友, 57 ,16,7,１, 外,芝1600,良,,(美),堀井雅広,1322,-0.2,,1,1,34.3,528,0,
,"2017. 8.13",新潟,2新6,1000万,豊栄特別1000,5,10,ヴェネト,牡,5,吉田隼人, 57 ,18,4,１, 内,芝1400,良,,(栗),藤原英昭,1204,-0.1,,5,4,34.2,456,+2,
,"2017. 8.13",新潟,2新6,1000万,麒麟山Ｈ1000,8,14,コパノアラジン,牡,4,Ｍ．デム, 56 ,15,1,１, ,ダ1800,稍,,(栗),田所秀孝,1521,-0.3,2,2,2,36.5,512,+2,
,"2017. 8.13",新潟,2新6,500万,500万下,7,15,ウィンドライジズ,牡,3,石橋脩, 54 ,18,1,１, 内,芝1400,良,,(美),牧光二,1210,-0.2,,5,5,34.8,456,0,
,"2017. 8.13",新潟,2新6,500万,500万下・牝,4,8,ナムラムラサキ,牝,3,津村明秀, 52 ,17,1,１, 外,芝1800,良,,(美),岩戸孝樹,1465,-0.2,,6,6,33.7,424,+2,
,"2017. 8.13",新潟,2新6,新馬,新馬,5,9,ルヴァンスレーヴ,牡,2,Ｍ．デム, 54 ,15,1,１, ,ダ1800,稍,,(美),萩原清,1548,-1.1,9,1,1,38.5,486,,
,"2017. 8.13",新潟,2新6,新馬,新馬,5,10,クレバーバード,牡,2,柴田善臣, 54 ,18,7,１, 外,芝1600,良,,(栗),清水久詞,1370,-0.0,,2,2,33.7,470,,
,"2017. 8.13",新潟,2新6,未勝利,未勝利,4,6,シャインヴィットゥ,牡,3,武藤雅,53▲,15,1,１, ,ダ1200,稍,,(美),小野次郎,1124,-0.3,,3,3,37.7,468,+2,
,"2017. 8.13",新潟,2新6,未勝利,未勝利,7,15,エリティエール,牝,3,池添謙一, 54 ,18,7,１, 外,芝1800,稍,,(美),大竹正博,1480,-0.0,,13,14,33.4,432,-8,
,"2017. 8.13",新潟,2新6,未勝利,未勝利,5,8,サンシロウ,牡,3,内田博幸, 56 ,15,2,１, ,ダ1800,稍,,(美),柄崎孝,1558,-0.3,4,3,3,40.9,496,+10,
,"2017. 8.13",新潟,2新6,未勝利,未勝利*,7,12,ハーモニーライズ,牡,2,柴田善臣, 54 ,15,2,１, ,ダ1200,稍,,(美),土田稔,1135,-0.1,,1,1,38.6,480,+2,
,"2017. 8.12",新潟,2新5,500万,500万下,8,15,アシャカセルクル,牡,3,吉田隼人, 54 ,15,1,１, ,ダ1200,稍,,(美),小笠倫弘,1121,-0.2,,3,2,37.8,502,-2,
,"2017. 8.12",新潟,2新5,1600万,新潟日Ｈ1600,1,1,アポロノシンザン,牡,5,津村明秀, 55 ,18,4,１, 内,芝1400,稍,,(美),鈴木伸尋,1198,-0.2,,1,1,35.2,478,-4,
,"2017. 8.12",新潟,2新5,1000万,三面川特1000,3,3,レッドアヴァンセ,牝,4,Ｍ．デム, 55 ,12,1,１, 外,芝1800,稍,,(栗),音無秀孝,1461,-0.2,,5,5,33.4,446,-18,
,"2017. 8.12",新潟,2新5,500万,糸魚川特500,4,4,ユニゾンデライト,牡,4,田中勝春, 57 ,11,5,１, 外,芝2000,稍,,(美),小島茂之,1596,-0.2,,1,1,34.2,492,+10,
,"2017. 8.12",新潟,2新5,500万,500万下,6,11,バイタルフォース,セ,5,Ｍ．デム, 57 ,15,1,１, ,ダ1800,稍,,(美),萩原清,1531,-0.5,10,7,7,37.7,508,+2,
,"2017. 8.12",新潟,2新5,未勝利,未勝利,8,18,ヤマニンベルベーヌ,牝,3,菅原隆一, 54 ,18,7,１, 内,芝1000,稍,,(美),中川公成,0560,-0.2,,,5,33.2,466,+4,
,"2017. 8.12",新潟,2新5,未勝利,未勝利,2,2,アーバンイェーガー,牡,3,丸田恭介, 56 ,15,2,１, ,ダ1800,稍,,(美),高橋文雅,1549,-0.4,4,4,3,39.8,506,0,
,"2017. 8.12",新潟,2新5,新馬,新馬,8,14,サクステッド,牡,2,吉田隼人, 54 ,15,7,１, 外,芝1800,稍,,(美),小西一男,1485,-0.3,,5,3,33.9,470,,
,"2017. 8.12",新潟,2新5,未勝利,障害未勝利,3,3,トーアディラン,セ,4,西谷誠, 60 ,14,1,１, ,芝2850,稍,,(美),藤原辰雄,3070,-0.2,3,1,1,13.1,480,+2,
,"2017. 8.12",新潟,2新5,未勝利,未勝利・牝,6,11,スマイルメロディー,牝,3,吉田隼人, 54 ,15,3,１, ,ダ1800,稍,,(美),蛯名利弘,1549,-0.0,5,5,3,39.7,422,-2,
,"2017. 8.12",新潟,2新5,未勝利,未勝利*,2,4,セイウンリリシイ,牝,2,内田博幸, 54 ,16,1,１, 内,芝1200,良,,(美),水野貴広,1098,-0.3,,1,1,35.8,462,-12,
,"2017. 8.12",新潟,2新5,未勝利,未勝利*,5,7,ロードトレジャー,牡,2,Ｍ．デム, 54 ,14,2,１, 外,芝1800,良,,(美),小島茂之,1488,-0.2,,3,3,34.7,470,+6,
,"2017. 8. 6",新潟,2新4,500万,500万下,8,14,コパノディール,牝,4,藤田菜七,52▲,15,11,１, ,ダ1200,良,,(美),尾形充弘,1121,-0.1,,11,10,36.0,442,+10,
,"2017. 8. 6",新潟,2新4,Ｇ３,レパードG3,2,2,ローズプリンスダム,牡,3,木幡巧也, 56 ,15,11,１, ,ダ1800,良,,(美),畠山吉宏,1529,-0.2,6,5,7,37.8,458,-1,
,"2017. 8. 6",新潟,2新4,1000万,驀進特別1000,3,3,アペルトゥーラ,牡,6,石橋脩, 57 ,12,7,１, 内,芝1000,良,,(美),国枝栄,0544,-0.1,,,3,32.1,510,+2,
,"2017. 8. 6",新潟,2新4,500万,月岡温泉500,2,2,アクート,牡,4,ルメール, 57 ,10,3,１, 外,芝1800,良,,(美),宗像義忠,1462,-0.2,,8,7,32.5,432,0,
,"2017. 8. 6",新潟,2新4,500万,500万下,8,9,キークラッカー,牡,4,柴田善臣, 57 ,10,6,１, 内,芝2200,良,,(美),土田稔,2133,-0.9,1,1,1,33.6,518,-6,
,"2017. 8. 6",新潟,2新4,500万,500万下,5,8,ケイツートール,牡,4,西田雄一, 57 ,15,6,１, ,ダ1800,良,,(美),蛯名利弘,1539,-0.0,3,3,5,38.2,500,+10,
,"2017. 8. 6",新潟,2新4,新馬,新馬,7,14,ニシノウララ,牝,2,野中悠太,51▲,17,4,１, 内,芝1400,良,,(美),伊藤大士,1237,-0.3,,2,2,34.9,460,,
,"2017. 8. 6",新潟,2新4,新馬,新馬,5,5,ロックディスタウン,牝,2,ルメール, 54 ,10,1,１, 外,芝1800,良,,(美),二ノ宮敬,1504,-0.1,,5,4,32.5,490,,
,"2017. 8. 6",新潟,2新4,未勝利,未勝利,8,16,グラドゥアーレ,牡,3,ルメール, 56 ,18,2,１, 外,芝1600,良,,(美),小西一男,1343,-0.2,,2,3,33.6,464,-2,
,"2017. 8. 6",新潟,2新4,未勝利,未勝利,7,12,ダウンザライン,牡,3,武豊, 56 ,15,2,１, ,ダ1800,良,,(美),尾形充弘,1546,-1.6,7,3,2,38.2,460,0,B
,"2017. 8. 6",新潟,2新4,未勝利,未勝利・牝,4,6,ハミングパッション,牝,3,石橋脩, 54 ,15,7,１, ,ダ1200,良,,(美),牧光二,1128,-0.3,,1,1,38.4,474,-2,
,"2017. 8. 6",新潟,2新4,未勝利,未勝利*,6,6,ダンツセイケイ,牡,2,ルメール, 54 ,9,1,１, 外,芝1600,良,,(栗),山内研二,1355,-0.3,,1,1,34.3,458,+4,
,"2017. 8. 5",新潟,2新3,500万,500万下,3,4,ディリジェンテ,牝,5,津村明秀, 55 ,15,8,１, 外,芝1600,良,*,(美),木村哲也,1328,-0.0,,3,4,34.1,484,0,B
,"2017. 8. 5",新潟,2新3,1600万,越後ＳＨ1600,2,2,エイシンバランサー,牡,5,岩田康誠, 56 ,15,1,１, ,ダ1200,良,,(栗),西園正都,1117,-0.0,,13,13,36.0,474,-4,B
,"2017. 8. 5",新潟,2新3,1000万,信濃川Ｈ1000,4,5,キセキ,牡,3,Ｍ．デム, 54 ,14,1,１, 外,芝2000,良,,(栗),角居勝彦,1569,-0.2,,12,12,32.9,498,+8,
,"2017. 8. 5",新潟,2新3,ｵｰﾌﾟﾝ,ダリア賞,8,9,タイセイプライド,牡,2,Ｍ．デム, 54 ,9,1,１, 内,芝1400,良,,(栗),西村真幸,1224,-0.3,,2,2,34.7,508,+6,
,"2017. 8. 5",新潟,2新3,500万,500万下・牝,6,10,フクサンローズ,牝,3,戸崎圭太, 52 ,15,2,１, ,ダ1800,良,,(美),小西一男,1539,-0.1,11,11,11,38.1,460,+2,
,"2017. 8. 5",新潟,2新3,未勝利,未勝利,2,4,ブルースカイハーツ,牡,3,武藤雅,53▲,18,3,１, 内,芝2200,良,,(美),手塚貴久,2132,-0.2,4,5,5,34.0,438,-4,
,"2017. 8. 5",新潟,2新3,未勝利,未勝利,7,13,クロースリーニット,牡,3,戸崎圭太, 56 ,15,2,１, ,ダ1200,良,*,(美),二ノ宮敬,1136,-0.1,,1,1,38.9,534,-2,B
,"2017. 8. 5",新潟,2新3,新馬,新馬,1,1,ウラヌスチャーム,牝,2,石橋脩, 54 ,12,4,１, 外,芝1600,良,,(美),斎藤誠,1382,-0.0,,9,11,32.0,498,,
,"2017. 8. 5",新潟,2新3,ｵｰﾌﾟﾝ,障害・オープ,3,3,アムールスキー,牡,6,小野寺祐, 60 ,14,1,１, ,芝2850,良,,(美),小笠倫弘,3031,-0.2,7,2,2,12.8,498,-6,
,"2017. 8. 5",新潟,2新3,未勝利,未勝利,2,2,ヤマニンシレーナ,牝,3,森裕太朗,51▲,15,9,１, ,ダ1800,良,,(美),池上昌弘,1564,-0.0,9,11,11,38.6,456,-2,
,"2017. 8. 5",新潟,2新3,未勝利,未勝利*,2,3,フローラルシトラス,牝,2,藤田菜七,51▲,16,2,１, 内,芝1000,良,,(美),武井亮,0559,-0.5,,,1,33.5,406,-4,
,"2017. 8. 5",新潟,2新3,未勝利,未勝利*,8,10,ロジャージーニアス,牡,2,吉田隼人, 54 ,11,1,１, 外,芝1800,良,,(美),武井亮,1481,-0.3,,4,4,34.3,470,+2,
,"2017. 7.30",新潟,2新2,500万,500万下,8,14,スペルマロン,セ,3,岩田康誠, 54 ,15,4,１, ,ダ1800,良,,(美),古賀史生,1536,-0.2,3,2,3,38.8,488,+4,
,"2017. 7.30",新潟,2新2,Ｇ３,アイビスG3,8,15,ラインミーティア,牡,7,西田雄一, 56 ,16,8,１, 内,芝1000,良,,(美),水野貴広,0542,-0.0,,,11,31.6,470,-2,
,"2017. 7.30",新潟,2新2,1000万,岩室温泉1000,3,4,ストロングトリトン,セ,5,杉原誠人, 57 ,15,4,１, ,ダ1200,良,,(美),鹿戸雄一,1108,-0.0,,4,4,36.2,476,0,
,"2017. 7.30",新潟,2新2,500万,新発田城500,8,18,ベストアクター,牡,3,田中勝春, 54 ,18,3,１, 内,芝1400,良,,(美),鹿戸雄一,1204,-0.0,,11,11,33.9,450,-4,
,"2017. 7.30",新潟,2新2,500万,500万下,2,2,エイプリルミスト,牝,3,戸崎圭太, 52 ,10,1,１, 外,芝2000,良,*,(美),手塚貴久,2005,-0.1,,6,6,33.3,422,+2,
,"2017. 7.30",新潟,2新2,未勝利,未勝利,1,1,ロードコメット,セ,3,菊沢一樹,53▲,15,1,１, ,ダ1200,良,,(美),菊沢隆徳,1136,-0.0,,1,1,38.6,506,+6,
,"2017. 7.30",新潟,2新2,新馬,新馬・牝,4,6,ルリハリ,牝,2,嘉藤貴行, 54 ,15,5,１, 内,芝1400,良,,(美),萱野浩二,1233,-0.2,,4,4,34.7,420,,
,"2017. 7.30",新潟,2新2,新馬,新馬,1,1,オーデットエール,牡,2,戸崎圭太, 54 ,9,1,１, 外,芝1600,良,,(栗),須貝尚介,1361,-0.1,,9,6,34.5,468,,
,"2017. 7.30",新潟,2新2,未勝利,障害未勝利,5,8,プレジールシチー,牡,6,江田勇亮, 60 ,14,3,１, ,芝2850,良,,(美),田村康仁,3069,-0.2,5,2,2,13.1,500,-2,
,"2017. 7.30",新潟,2新2,未勝利,未勝利,1,1,スペリオルシチー,牡,3,岩田康誠, 56 ,15,3,１, ,ダ1800,良,,(美),相沢郁,1538,-1.9,2,3,2,37.8,456,+8,
,"2017. 7.30",新潟,2新2,未勝利,未勝利・牝,6,11,インヘリットデール,牝,3,戸崎圭太, 54 ,17,1,１, 内,芝2000,良,,(栗),高野友和,2013,-0.4,7,3,2,35.2,456,+4,
,"2017. 7.30",新潟,2新2,未勝利,未勝利*,6,11,エングローサー,牡,2,戸崎圭太, 54 ,15,2,１, 外,芝1600,良,,(栗),清水久詞,1358,-0.2,,10,9,34.5,464,+2,
,"2017. 7.29",新潟,2新1,500万,500万下,4,7,ホウオウマリリン,牝,4,丸田恭介, 55 ,15,1,１, ,ダ1200,良,,(美),奥村武,1125,-0.0,,3,4,37.3,410,+2,
,"2017. 7.29",新潟,2新1,1600万,佐渡ＳＨ1600,7,8,ロッカフラベイビー,牝,5,戸崎圭太, 52 ,10,1,１, 外,芝2000,良,*,(美),鹿戸雄一,1581,-0.1,,8,9,33.5,470,+18,
,"2017. 7.29",新潟,2新1,1000万,古町特別1000,8,11,ストーミーシー,牡,4,大野拓弥, 57 ,12,2,１, 外,芝1600,良,,(美),斎藤誠,1337,-0.0,,7,8,32.6,522,+2,
,"2017. 7.29",新潟,2新1,500万,閃光特別500,4,8,アースミステリー,牡,3,津村明秀, 54 ,18,6,１, 内,芝1000,良,*,(美),和田正道,0549,-0.0,,,3,32.7,460,+2,B
,"2017. 7.29",新潟,2新1,500万,500万下・牝,2,3,ペイシャバラード,牝,4,戸崎圭太, 55 ,15,1,１, ,ダ1200,良,,(美),高市圭二,1126,-0.1,,1,1,38.5,454,+2,
,"2017. 7.29",新潟,2新1,未勝利,未勝利,8,17,レローヴ,牝,3,内田博幸, 54 ,18,1,１, 外,芝1800,良,,(美),黒岩陽一,1467,-0.0,,2,2,34.4,490,+4,
,"2017. 7.29",新潟,2新1,未勝利,未勝利,6,10,ディアライゼ,牡,3,石橋脩, 56 ,15,1,１, ,ダ1800,稍,,(美),伊藤圭三,1546,-0.0,1,1,1,40.4,512,+2,
,"2017. 7.29",新潟,2新1,新馬,新馬,4,5,ルッジェーロ,牡,2,戸崎圭太, 54 ,14,1,１, 内,芝1400,良,,(美),鹿戸雄一,1253,-0.2,,3,3,35.3,492,,
,"2017. 7.29",新潟,2新1,未勝利,未勝利,1,2,ブラディーリッパー,牝,3,岩田康誠, 54 ,18,3,１, 内,芝1200,良,,(美),古賀史生,1092,-0.2,,6,5,33.5,488,-12,
,"2017. 7.29",新潟,2新1,未勝利,未勝利・牝,2,3,クリノヴィクトリア,牝,3,戸崎圭太, 54 ,15,3,１, ,ダ1800,稍,,(美),高市圭二,1550,-0.2,4,3,5,38.5,440,+2,
,"2017. 7.29",新潟,2新1,未勝利,未勝利*,7,9,シャインカメリア,牝,2,吉田豊, 54 ,12,1,１, ,ダ1200,稍,,(美),小野次郎,1130,-1.2,,1,1,37.5,470,+6,
,"2017. 7.29",新潟,2新1,未勝利,未勝利・牝*,7,11,マドモアゼル,牝,2,戸崎圭太, 54 ,13,1,１, 内,芝1400,良,,(美),斎藤誠,1228,-0.4,,1,1,35.4,438,-4,
,"2017. 5.21",新潟,1新8,1000万,大日岳特1000,5,8,タマモブリリアン,牝,4,吉田隼人, 55 ,15,7,１, 内,芝1200,良,,(栗),南井克巳,1090,-0.0,,3,3,34.4,468,+4,
,"2017. 5.21",新潟,1新8,ｵｰﾌﾟﾝ,韋駄天ＳＨ,4,8,フィドゥーシア,牝,5,石橋脩, 54 ,16,2,１, 内,芝1000,良,,(栗),松元茂樹,0543,-0.2,,,1,32.1,476,+2,
,"2017. 5.21",新潟,1新8,500万,高田城特500,4,7,ローズクランス,牡,4,津村明秀, 57 ,16,5,１, 外,芝1800,良,,(美),手塚貴久,1459,-0.0,,7,6,34.1,502,-6,
,"2017. 5.21",新潟,1新8,500万,500万下,4,6,ジュガンティーヤ,牡,6,横山和生, 57 ,15,7,１, ,ダ1800,良,,(美),杉浦宏昭,1529,-0.2,3,5,3,37.4,532,-4,B
,"2017. 5.21",新潟,1新8,500万,500万下,7,11,スティルウォーター,牝,4,吉田隼人, 55 ,14,1,１, 内,芝2400,良,,(栗),寺島良,2264,-0.3,12,11,9,35.4,402,+2,
,"2017. 5.21",新潟,1新8,500万,500万下,6,10,ペイシャバラード,牝,4,坂井瑠星,53△,15,4,１, ,ダ1200,良,,(美),高市圭二,1119,-0.3,,1,1,37.0,448,-2,
,"2017. 5.21",新潟,1新8,500万,500万下・牝,7,9,ジャーマンアイリス,牝,4,石橋脩, 55 ,12,5,１, ,ダ1800,良,*,(栗),吉田直弘,1536,-0.3,3,3,3,39.1,470,+4,
,"2017. 5.21",新潟,1新8,未勝利,未勝利,7,13,チェスナットコート,牡,3,坂井瑠星,54△,15,1,１, 外,芝1800,良,,(栗),矢作芳人,1497,-0.0,,11,10,32.9,454,-4,
,"2017. 5.21",新潟,1新8,未勝利,障害未勝利,2,2,ドンアルフォンス,牡,5,白浜雄造, 60 ,14,1,１, ,芝2890,良,,(栗),庄野靖志,3079,-0.3,1,1,1,13.0,472,+6,
,"2017. 5.21",新潟,1新8,未勝利,未勝利・牝,5,9,ルーナデラセーラー,牝,3,菱田裕二, 54 ,15,2,１, ,ダ1800,良,,(美),加藤征弘,1553,-0.0,1,1,1,37.7,472,-2,
,"2017. 5.21",新潟,1新8,未勝利,未勝利・若,6,10,グロワールシチー,牡,3,義英真,55☆,15,1,１, ,ダ1200,良,,(栗),岡田稲男,1123,-0.6,,7,7,36.9,460,+2,
,"2017. 5.21",新潟,1新8,未勝利,未勝利,6,12,ファイブフォース,牝,3,小崎綾也,53☆,16,4,１, 内,芝1200,良,,(美),栗田徹,1093,-0.4,,1,1,35.3,470,+4,
,"2017. 5.20",新潟,1新7,500万,湯沢特別500,3,5,スワーヴラーシド,牡,4,丸田恭介, 57 ,16,1,１, 内,芝1200,良,,(美),大竹正博,1090,-0.1,,14,13,34.2,516,-2,
,"2017. 5.20",新潟,1新7,1000万,火打山特1000,2,3,タガノヴィッター,牡,4,藤岡康太, 57 ,15,1,１, ,ダ1200,良,,(栗),牧浦充徳,1120,-0.0,,7,7,37.0,502,0,
,"2017. 5.20",新潟,1新7,500万,早苗賞500*,5,5,セダブリランテス,牡,3,石川裕紀, 56 ,11,1,１, 外,芝1800,良,,(美),手塚貴久,1479,-0.1,,6,4,33.6,526,+4,
,"2017. 5.20",新潟,1新7,500万,500万下・牝,5,10,サトノオニキス,牝,4,坂井瑠星,53△,16,1,１, 外,芝1600,良,,(栗),矢作芳人,1341,-0.0,,2,2,34.2,426,+8,
,"2017. 5.20",新潟,1新7,500万,500万下・若,4,6,モンストルコント,牡,4,菊沢一樹,54▲,15,8,１, ,ダ1800,良,,(栗),本田優,1551,-0.2,3,3,7,38.6,492,0,
,"2017. 5.20",新潟,1新7,500万,500万下,5,8,ダブルコーク,牡,6,秋山真一, 57 ,15,4,１, ,ダ1200,良,,(美),鹿戸雄一,1120,-0.1,,9,8,36.9,494,+10,
,"2017. 5.20",新潟,1新7,未勝利,未勝利,4,8,ソルティピース,牝,3,勝浦正樹, 54 ,16,2,１, 内,芝1000,良,,(美),中舘英二,0564,-0.0,,,2,33.6,440,-2,
,"2017. 5.20",新潟,1新7,未勝利,未勝利,3,5,フリージングレイン,牡,3,勝浦正樹, 56 ,16,1,１, 内,芝2200,良,,(美),古賀慎明,2165,-0.0,8,9,7,36.5,504,0,
,"2017. 5.20",新潟,1新7,未勝利,障害未勝利,8,13,メリーモナーク,セ,5,北沢伸也, 60 ,14,1,１, ,芝2890,良,,(栗),橋田満,3081,-0.2,2,1,1,13.0,460,-2,
,"2017. 5.20",新潟,1新7,未勝利,未勝利,8,15,ブルベアジュラフ,牡,3,津村明秀, 56 ,15,2,１, ,ダ1800,良,,(栗),川村禎彦,1545,-0.0,3,3,3,39.4,500,+4,
,"2017. 5.20",新潟,1新7,未勝利,未勝利・牝,5,9,メイショウグロッケ,牝,3,津村明秀, 54 ,16,1,１, 内,芝2000,良,,(栗),荒川義之,2034,-0.3,8,5,3,35.4,468,+6,
,"2017. 5.20",新潟,1新7,未勝利,未勝利,8,14,ストロベリームーン,牝,3,加藤祥太,53☆,15,1,１, ,ダ1200,良,,(栗),庄野靖志,1120,-0.9,,2,2,37.5,436,0,
,"2017. 5.14",新潟,1新6,500万,飛竜特別500,7,14,リュウツバメ,牝,7,秋山真一, 55 ,16,6,１, 内,芝1000,良,,(美),和田正道,0559,-0.0,,,8,33.1,550,+6,
,"2017. 5.14",新潟,1新6,1000万,赤倉特Ｈ1000,4,5,エーデルメイシュ,牝,4,津村明秀, 52 ,14,2,１, 外,芝1800,良,,(美),奥村武,1462,-0.6,,2,2,33.9,484,+2,
,"2017. 5.14",新潟,1新6,500万,胎内川特500,4,7,フォーラウェイ,牡,4,酒井学, 57 ,15,12,１, 内,芝2200,良,,(栗),北出成人,2144,-0.3,7,9,8,35.4,458,+18,
,"2017. 5.14",新潟,1新6,500万,500万下,6,10,カブキモノ,牡,4,中井裕二, 57 ,15,5,１, ,ダ1800,稍,,(美),武市康男,1532,-0.7,1,1,1,39.5,500,+2,B
,"2017. 5.14",新潟,1新6,500万,500万下・若,3,6,コートオブアームズ,牡,5,坂井瑠星,55△,16,1,１, 外,芝2000,良,,(栗),角田晃一,2003,-0.1,,14,14,34.9,460,0,B
,"2017. 5.14",新潟,1新6,500万,500万下・牝,8,14,サラマンカ,牝,4,中井裕二, 55 ,15,2,１, ,ダ1200,稍,,(栗),浜田多実,1127,-0.1,,9,7,37.4,508,+2,
,"2017. 5.14",新潟,1新6,未勝利,未勝利,6,11,ウインクリムゾン,牡,3,井上敏樹,54△,16,4,１, 内,芝2000,稍,,(美),高木登,2019,-0.0,10,8,8,35.6,462,0,
,"2017. 5.14",新潟,1新6,未勝利,未勝利,6,12,モレッキ,牡,3,石橋脩, 56 ,16,2,１, 外,芝1600,稍,,(美),斎藤誠,1347,-0.1,,13,11,34.7,492,,
,"2017. 5.14",新潟,1新6,未勝利,障害未勝利,5,6,ステージジャンプ,牡,7,五十嵐雄, 60 ,13,1,１, ,芝2890,稍,,(美),岩戸孝樹,3101,-0.2,1,1,1,13.2,510,+6,
,"2017. 5.14",新潟,1新6,未勝利,未勝利,3,5,シンコーマーチャン,牡,3,丸山元気, 56 ,15,10,１, ,ダ1800,稍,,(美),土田稔,1543,-1.2,1,1,1,40.2,478,-2,B
,"2017. 5.14",新潟,1新6,未勝利,未勝利,2,3,ダブルミステリー,牝,3,小崎綾也,53☆,15,7,１, ,ダ1200,稍,,(栗),本田優,1140,-0.0,,9,8,38.2,438,+4,
,"2017. 5.14",新潟,1新6,未勝利,未勝利・牝,6,10,プティットクルール,牝,3,鮫島克駿,53☆,15,8,１, ,ダ1800,稍,,(栗),宮徹,1561,-0.2,9,9,7,39.2,422,0,
,"2017. 5.13",新潟,1新5,500万,石打特別500,4,8,プリンセスアスク,牝,6,和田翼, 55 ,16,9,１, 外,芝1800,稍,,(栗),河内洋,1478,-0.0,,1,1,35.8,460,-6,
,"2017. 5.13",新潟,1新5,1000万,八海山特1000,1,1,ウインオスカー,牡,4,菱田裕二, 57 ,15,1,１, ,ダ1200,稍,,(栗),飯田雄三,1116,-0.0,,4,3,37.0,506,+10,B
,"2017. 5.13",新潟,1新5,500万,はやぶさ500*,1,1,ウランゲル,牝,3,丹内祐次, 54 ,16,11,１, 内,芝1000,稍,,(美),松永康利,0558,-0.4,,,4,33.3,412,+12,
,"2017. 5.13",新潟,1新5,500万,500万下,1,2,ヴェネト,牡,5,北村友一, 57 ,16,1,１, 内,芝1400,稍,,(栗),藤原英昭,1219,-0.0,,3,4,35.0,454,+2,
,"2017. 5.13",新潟,1新5,500万,500万下,6,11,チェイスダウン,牡,4,古川吉洋, 57 ,15,1,１, ,ダ1200,稍,,(栗),寺島良,1121,-0.1,,9,8,37.2,474,+2,
,"2017. 5.13",新潟,1新5,500万,500万下・牝,3,5,セータコローナ,牝,4,秋山真一, 55 ,15,2,１, ,ダ1800,稍,,(栗),池江泰寿,1549,-0.0,1,1,1,40.3,496,+2,
,"2017. 5.13",新潟,1新5,未勝利,未勝利,1,2,ヴァントシルム,牡,3,秋山真一, 56 ,16,1,１, 内,芝2400,稍,,(栗),須貝尚介,2286,-0.3,10,8,7,35.3,476,-4,
,"2017. 5.13",新潟,1新5,未勝利,未勝利・牝,4,7,レーヌジャルダン,牝,3,津村明秀, 54 ,16,1,１, 外,芝1800,稍,,(美),高柳瑞樹,1488,-0.0,,5,5,35.1,440,-2,
,"2017. 5.13",新潟,1新5,未勝利,障害未勝利,6,6,マックスドリーム,セ,10,平沢健治, 60 ,11,5,１, ,芝2890,稍,,(栗),宮徹,3102,-0.3,7,5,4,13.2,536,-18,
,"2017. 5.13",新潟,1新5,未勝利,未勝利,1,1,セローフォース,牡,3,鮫島克駿,55☆,15,6,１, ,ダ1200,稍,,(栗),池添学,1132,-0.5,,4,3,38.3,502,+6,
,"2017. 5.13",新潟,1新5,未勝利,未勝利・若,6,10,ティーコア,牡,3,鮫島克駿,55☆,15,2,１, ,ダ1800,稍,,(栗),牧田和弥,1557,-0.0,2,2,2,38.5,492,-4,B
,"2017. 5.13",新潟,1新5,ｵｰﾌﾟﾝ,障害・オープ,4,6,ハギノパトリオット,セ,5,熊沢重文, 61 ,14,1,１, ,芝3290,稍,,(栗),松田国英,3359,-0.3,7,3,2,13.1,460,-2,
,"2017. 5. 7",新潟,1新4,1000万,中ノ岳特1000,3,5,イーストオブザサン,牡,4,鮫島克駿, 57 ,15,4,１, ,ダ1800,稍,,(栗),浅見秀一,1538,-0.5,6,7,6,38.3,470,-2,
,"2017. 5. 7",新潟,1新4,Ｇ３,新潟大賞ＨG3,1,2,サンデーウィザード,牡,5,石橋脩, 55 ,16,3,１, 外,芝2000,稍,,(栗),大久保龍,1586,-0.0,,6,6,34.1,450,0,
,"2017. 5. 7",新潟,1新4,500万,荒川峡特500,7,9,フォイヤーヴェルク,牡,4,石橋脩, 57 ,12,1,１, 内,芝2400,稍,,(栗),池江泰寿,2295,-0.2,3,3,3,36.0,438,-10,
,"2017. 5. 7",新潟,1新4,500万,500万下,4,8,トウショウジャイロ,牡,4,秋山真一, 57 ,16,1,１, 内,芝1200,稍,,(栗),角田晃一,1091,-0.2,,2,2,35.3,506,0,
,"2017. 5. 7",新潟,1新4,500万,500万下,4,7,ディープオーパス,牡,4,藤岡康太, 57 ,15,2,１, ,ダ1800,稍,,(栗),藤岡健一,1537,-0.5,1,1,1,39.4,492,-2,B
,"2017. 5. 7",新潟,1新4,500万,500万下,8,15,エイシンパライソ,牡,5,津村明秀, 57 ,15,1,１, ,ダ1200,稍,,(栗),藤岡健一,1116,-0.5,,2,2,37.4,510,+4,B
,"2017. 5. 7",新潟,1新4,未勝利,未勝利,5,10,サンドベージュ,牝,3,藤田菜七,51▲,16,8,１, 内,芝1000,稍,,(美),和田雄二,0570,-0.1,,,1,34.4,450,-4,
,"2017. 5. 7",新潟,1新4,未勝利,未勝利,4,8,サトノグラン,牡,3,坂井瑠星,54△,16,1,１, 外,芝1800,稍,*,(栗),矢作芳人,1484,-0.9,,12,11,34.1,472,-2,
,"2017. 5. 7",新潟,1新4,未勝利,障害未勝利,5,7,メイショウヤギリ,牡,5,平沢健治, 60 ,14,1,１, ,芝2890,重,,(栗),池添学,3108,-1.5,2,1,1,13.2,482,-2,
,"2017. 5. 7",新潟,1新4,未勝利,未勝利,7,8,ミヤジユウダイ,牡,3,鮫島克駿,55☆,11,1,１, ,ダ1800,重,,(栗),川村禎彦,1569,-0.2,6,4,4,39.5,536,+4,
,"2017. 5. 7",新潟,1新4,未勝利,未勝利・牝,6,10,エイドローン,牝,3,秋山真一, 54 ,15,1,１, ,ダ1200,重,,(栗),鈴木孝志,1135,-0.1,,3,3,38.3,476,0,
,"2017. 5. 7",新潟,1新4,未勝利,未勝利,5,5,マサハヤスター,牡,3,和田竜二, 56 ,10,1,１, ,ダ1800,重,,(栗),今野貞一,1563,-0.0,5,5,3,39.3,480,+4,B
,"2017. 5. 6",新潟,1新3,500万,三条特別500,5,9,ホーリーシュラウド,牝,5,藤懸貴志, 55 ,16,12,１, 外,芝1600,重,,(栗),斉藤崇史,1367,-0.0,,15,15,34.9,458,+4,
,"2017. 5. 6",新潟,1新3,1600万,駿風Ｓ1600,8,15,プレイズエターナル,牡,7,石橋脩, 57 ,16,4,１, 内,芝1000,重,,(栗),安田隆行,0564,-0.3,,,9,33.2,492,0,B
,"2017. 5. 6",新潟,1新3,500万,わらび賞500*,3,5,アルムチャレンジ,牡,3,古川吉洋, 56 ,15,7,１, ,ダ1800,重,,(栗),川村禎彦,1540,-0.2,11,7,7,39.1,488,+8,
,"2017. 5. 6",新潟,1新3,500万,500万下,8,15,ピンクブーケ,牝,5,丸山元気, 55 ,15,1,１, 外,芝2000,重,,(美),小西一男,2032,-0.0,,8,8,35.0,498,+6,
,"2017. 5. 6",新潟,1新3,500万,500万下・若,5,8,コパノアラジン,牡,4,藤田菜七,54▲,15,5,１, ,ダ1800,重,,(栗),田所秀孝,1527,-0.7,2,2,1,37.1,512,-8,
,"2017. 5. 6",新潟,1新3,500万,500万下・牝,4,6,ナミノリゴリラ,牝,5,井上敏樹,53△,15,2,１, ,ダ1200,稍,,(美),高橋祥泰,1121,-0.1,,1,1,38.2,478,-2,
,"2017. 5. 6",新潟,1新3,未勝利,未勝利,7,14,コンボルド,牡,3,吉田隼人, 56 ,16,1,１, 内,芝2400,稍,,(美),中川公成,2320,-0.7,2,1,1,36.9,442,0,
,"2017. 5. 6",新潟,1新3,未勝利,未勝利,1,2,ワンオブクインズ,牝,3,木幡初也,52△,16,2,１, 内,芝1400,稍,,(美),谷原義明,1238,-0.0,,1,1,36.6,462,-2,
,"2017. 5. 6",新潟,1新3,未勝利,障害未勝利,4,4,ウインレーベン,牡,6,平沢健治, 60 ,12,1,１, ,芝2890,稍,,(栗),中村均,3103,-0.8,1,1,1,13.2,462,+2,
,"2017. 5. 6",新潟,1新3,未勝利,未勝利,4,7,エイシンブリッツ,牡,3,石橋脩, 56 ,15,5,１, ,ダ1200,稍,,(栗),川村禎彦,1127,-0.3,,1,1,37.9,482,+2,
,"2017. 5. 6",新潟,1新3,未勝利,未勝利・牝,2,2,ジュンテオドーラ,牝,3,藤岡康太, 54 ,14,1,１, ,ダ1800,良,,(栗),友道康夫,1558,-0.2,4,4,3,38.7,450,-6,
,"2017. 5. 6",新潟,1新3,ｵｰﾌﾟﾝ,障害・オープ,3,4,マドリードカフェ,牡,6,熊沢重文, 59 ,14,2,１, ,芝3290,良,,(栗),荒川義之,3355,-0.2,3,4,4,13.1,524,-2,
,"2017. 4.30",新潟,1新2,500万,五泉特別500,4,8,アイリーグレイ,牝,5,丹内祐次, 55 ,16,3,１, 内,芝1400,良,,(美),牧光二,1210,-0.1,,1,1,35.6,470,-4,B
,"2017. 4.30",新潟,1新2,ｵｰﾌﾟﾝ,谷川岳Ｓ,4,6,ウインガニオン,牡,5,坂井瑠星, 56 ,14,12,１, 外,芝1600,良,,(栗),西園正都,1344,-0.0,,1,1,34.5,490,-2,
,"2017. 4.30",新潟,1新2,500万,春日山特500,6,6,ルックトゥワイス,牡,4,北村友一, 57 ,9,2,１, 外,芝2000,良,,(栗),藤原英昭,1586,-1.0,,7,7,35.2,432,+2,
,"2017. 4.30",新潟,1新2,500万,500万下・牝,8,10,アイルーロス,牝,4,丹内祐次, 55 ,10,7,１, ,ダ1800,良,,(美),岩戸孝樹,1567,-0.0,1,1,1,39.4,462,-6,
,"2017. 4.30",新潟,1新2,500万,500万下・若,4,7,カレンコマンドール,セ,4,荻野極,55△,15,12,１, ,ダ1200,良,,(栗),安田隆行,1131,-0.2,,3,3,38.4,464,+2,
,"2017. 4.30",新潟,1新2,500万,500万下・牝,3,4,ヤマニンアタシャン,牝,6,荻野極,53△,15,12,１, 内,芝1000,良,,(栗),西橋豊治,0571,-0.0,,,2,34.4,440,0,
,"2017. 4.30",新潟,1新2,未勝利,未勝利,1,1,アプト,牝,3,伴啓太,52△,16,1,１, 内,芝1200,良,,(美),高柳瑞樹,1102,-0.3,,3,2,36.5,436,-2,
,"2017. 4.30",新潟,1新2,未勝利,未勝利,6,10,ホワイトファング,牡,3,松若風馬, 56 ,15,2,１, ,ダ1200,良,,(美),牧光二,1131,-0.1,,2,2,39.2,476,0,B
,"2017. 4.30",新潟,1新2,未勝利,障害未勝利,5,7,ピースメーカー,牡,6,平沢健治, 60 ,14,1,１, ,芝2890,良,,(栗),宮徹,3099,-0.1,4,3,3,13.1,486,-12,
,"2017. 4.30",新潟,1新2,未勝利,未勝利,7,12,フォースライン,牡,3,北村友一, 56 ,15,1,１, ,ダ1800,良,,(栗),吉田直弘,1555,-0.3,9,3,3,39.5,510,+2,
,"2017. 4.30",新潟,1新2,未勝利,未勝利・牝,8,14,ヘルディン,牝,3,丸山元気, 54 ,15,1,１, ,ダ1200,良,,(美),土田稔,1133,-0.7,,2,1,38.0,420,0,
,"2017. 4.30",新潟,1新2,未勝利,未勝利,7,8,レッドゼノン,牡,3,古川吉洋, 56 ,11,1,１, ,ダ1800,良,,(栗),昆貢,1563,-0.4,3,3,3,38.7,458,-2,B
,"2017. 4.29",新潟,1新1,500万,二王子特500,2,3,ブライトボイス,牡,5,吉田隼人, 57 ,15,2,１, 外,芝1800,良,,(栗),加用正,1463,-0.3,,3,2,34.9,500,-2,
,"2017. 4.29",新潟,1新1,1000万,邁進特Ｈ1000,7,14,ラインミーティア,牡,7,西田雄一, 55 ,16,2,１, 内,芝1000,良,,(美),水野貴広,0545,-0.0,,,13,31.6,472,-8,
,"2017. 4.29",新潟,1新1,500万,ゆきつば500*,8,15,カレン,牝,3,井上敏樹, 54 ,16,12,１, 内,芝1200,良,,(美),金成貴史,1100,-0.1,,12,10,34.0,468,+6,
,"2017. 4.29",新潟,1新1,500万,500万下,8,14,コパノマイケル,牡,4,小崎綾也,56☆,15,1,１, ,ダ1200,稍,,(栗),村山明,1127,-0.5,,2,1,38.1,520,+10,B
,"2017. 4.29",新潟,1新1,500万,500万下,5,8,グランセノーテ,牡,4,石橋脩, 57 ,15,2,１, ,ダ1800,稍,,(栗),鮫島一歩,1553,-1.2,1,1,1,38.7,526,-4,
,"2017. 4.29",新潟,1新1,500万,500万下・牝,3,5,トップライセンス,牝,4,吉田隼人, 55 ,15,2,１, ,ダ1200,稍,,(美),尾関知人,1131,-0.6,,1,1,38.1,488,-4,
,"2017. 4.29",新潟,1新1,未勝利,未勝利,6,10,ミルトプレスト,牡,3,吉田隼人, 56 ,15,6,１, 内,芝2000,良,,(美),佐藤吉勝,2015,-0.0,12,9,9,35.2,496,-4,
,"2017. 4.29",新潟,1新1,未勝利,未勝利,5,9,テーオービクトリー,牝,3,勝浦正樹, 54 ,16,1,１, 外,芝1600,良,,(栗),岡田稲男,1351,-0.2,,10,10,32.7,460,-6,
,"2017. 4.29",新潟,1新1,ｵｰﾌﾟﾝ,障害・オープ,8,14,ツジスーパーサクラ,牝,5,平沢健治, 58 ,14,6,１, ,芝2890,良,,(栗),作田誠二,3077,-0.2,5,3,3,13.0,474,-2,
,"2017. 4.29",新潟,1新1,未勝利,未勝利・若,8,14,バナナボート,牡,3,小崎綾也,55☆,15,1,１, ,ダ1200,稍,,(美),柴田政人,1131,-0.4,,1,1,38.2,418,-4,
,"2017. 4.29",新潟,1新1,未勝利,未勝利・牝,8,15,ショウナンナナイロ,牝,3,坂井瑠星,52△,15,3,１, ,ダ1800,稍,,(栗),高野友和,1568,-0.3,3,3,2,39.9,436,-6,
,"2017. 4.29",新潟,1新1,未勝利,障害未勝利,8,14,メイショウライナー,牡,7,難波剛健, 60 ,14,1,１, ,芝2890,良,,(栗),高橋義忠,3079,-0.1,1,1,1,13.0,476,0,
,2016.10.30,新潟,3新6,500万,松浜特別500,7,8,レーヌドブリエ,牝,4,石川裕紀, 55 ,10,1,１, 外,芝1800,良,*,(栗),矢作芳人,1485,-0.2,,5,7,33.0,436,+2,
,2016.10.30,新潟,3新6,ｵｰﾌﾟﾝ,ルミエー,7,11,ラインスピリット,牡,5,森一馬, 57 ,14,4,１, 内,芝1000,良,,(栗),松永昌博,0549,-0.2,,,1,32.4,442,-2,
,2016.10.30,新潟,3新6,500万,岩船特別500,4,4,デバイスドライバー,牡,4,丸田恭介, 57 ,10,3,１, 内,芝2200,良,,(美),宗像義忠,2154,-0.0,8,9,7,34.7,528,-2,
,2016.10.30,新潟,3新6,500万,500万下,5,8,レアドロップ,牝,3,原田和真,51△,15,3,１, ,ダ1200,稍,*,(美),栗田徹,1117,-0.0,,2,2,36.7,458,+4,
,2016.10.30,新潟,3新6,500万,500万下・若,1,1,ショートストーリー,牡,3,加藤祥太,54☆,13,1,１, ,ダ1800,稍,,(栗),吉村圭司,1523,-1.0,4,3,3,37.9,482,+4,
,2016.10.30,新潟,3新6,500万,500万下,4,8,レッドリーガル,牡,4,吉田隼人, 57 ,18,1,１, 内,芝1200,良,,(栗),笹田和秀,1097,-0.2,,9,7,34.3,474,0,B
,2016.10.30,新潟,3新6,500万,500万下,8,13,ビークイック,牡,3,吉田隼人, 55 ,13,5,１, ,ダ1800,稍,,(美),田中清隆,1534,-0.5,2,2,2,37.9,474,-6,
,2016.10.30,新潟,3新6,新馬,新馬,7,13,ヴィーグリーズ,牡,2,丸田恭介, 55 ,15,11,１, ,ダ1200,稍,*,(美),清水英克,1136,-0.6,,4,4,37.3,464,,
,2016.10.30,新潟,3新6,未勝利,障害未勝利,4,6,ナンヨーケンゴー,セ,6,五十嵐雄, 60 ,14,1,１, ,芝2850,良,,(美),田中剛,3080,-0.1,2,2,2,13.2,488,0,
,2016.10.30,新潟,3新6,500万,500万下・牝,6,9,ラインセイラ,牝,3,横山和生, 53 ,14,7,１, ,ダ1800,稍,,(美),水野貴広,1542,-0.0,13,14,14,37.9,466,+12,
,2016.10.30,新潟,3新6,未勝利,未勝利*,6,11,エテレインミノル,牡,2,石橋脩, 55 ,16,1,１, 外,芝1800,良,,(栗),北出成人,1479,-0.0,,12,13,33.5,478,+2,
,2016.10.30,新潟,3新6,未勝利,未勝利*,4,7,タマモサザンクロス,牡,2,鮫島克駿,54☆,15,3,１, ,ダ1200,稍,,(栗),藤沢則雄,1134,-0.4,,2,2,38.3,444,-4,
,2016.10.29,新潟,3新5,500万,飛翔特別500,3,6,エクシードリミッツ,牝,4,中谷雄太, 55 ,17,2,１, 内,芝1000,稍,,(栗),須貝尚介,0556,-0.1,,,1,33.4,470,-2,
,2016.10.29,新潟,3新5,1000万,魚沼特Ｈ1000,6,12,ハッピーユニバンス,牝,4,北村友一, 52 ,18,2,１, 外,芝1800,稍,,(栗),平田修,1481,-0.0,,12,12,32.9,464,+6,
,2016.10.29,新潟,3新5,500万,柏崎特別500,2,3,ラベンダーメモリー,牝,3,丹内祐次, 53 ,15,7,１, 外,芝1600,稍,,(美),岩戸孝樹,1361,-0.0,,1,1,33.4,440,+2,B
,2016.10.29,新潟,3新5,500万,500万下,2,3,シゲルノマオイ,牡,4,森裕太朗,54▲,15,6,１, ,ダ1200,重,,(栗),柴田光陽,1123,-0.0,,15,14,36.3,490,+2,
,2016.10.29,新潟,3新5,500万,500万下・若,8,13,メイショウミツボシ,牡,4,木幡巧也,55△,13,2,１, 外,芝2000,稍,,(栗),本田優,2025,-0.2,,5,5,34.0,480,0,
,2016.10.29,新潟,3新5,500万,500万下,5,5,ゼンノスサノヲ,牡,5,鮫島克駿,56☆,12,6,１, ,ダ1800,重,,(栗),杉山晴紀,1541,-0.1,9,9,9,38.7,482,+2,
,2016.10.29,新潟,3新5,500万,500万下,1,1,キングルアウ,牡,4,北村友一, 57 ,14,4,１, ,ダ2500,重,,(栗),奥村豊,2432,-0.9,1,1,1,40.1,512,+8,B
,2016.10.29,新潟,3新5,未勝利,未勝利*,7,15,ナイトバナレット,牡,2,中谷雄太, 55 ,18,1,１, 内,芝1400,稍,,(栗),矢作芳人,1242,-0.1,,9,5,35.6,466,+2,
,2016.10.29,新潟,3新5,ｵｰﾌﾟﾝ,障害・オープ,8,13,ラステラ,牝,5,鈴木慶太, 58 ,14,12,１, ,芝2850,稍,,(美),尾形和幸,3063,-0.0,3,2,1,13.1,492,+12,
,2016.10.29,新潟,3新5,500万,500万下,4,6,サノココ,牝,3,津村明秀, 53 ,15,1,１, ,ダ1200,重,,(美),栗田徹,1125,-0.0,,1,1,36.8,496,+6,
,2016.10.29,新潟,3新5,未勝利,未勝利*,4,5,ノーブルサターン,牡,2,鮫島良太, 55 ,14,1,１, ,ダ1800,重,,(栗),牧浦充徳,1565,-0.1,3,2,2,39.1,504,-2,
,2016.10.29,新潟,3新5,未勝利,障害未勝利,3,3,サトノギャラント,牡,7,五十嵐雄, 60 ,14,1,１, ,芝2850,稍,,(美),藤沢和雄,3067,-0.3,1,1,1,13.1,508,+4,
,2016.10.23,新潟,3新4,500万,十日町特500,5,10,ショコラーチ,牝,3,津村明秀, 53 ,18,7,１, 内,芝1400,良,,(美),相沢郁,1226,-0.0,,7,7,34.6,466,+16,
,2016.10.23,新潟,3新4,1600万,北陸Ｓ1600,5,8,スウィープアウェイ,牡,5,木幡初也, 57 ,14,5,１, ,ダ1200,良,,(美),矢野英一,1113,-0.0,,6,6,36.2,474,+2,
,2016.10.23,新潟,3新4,500万,浦佐特別500,4,4,ヤマニンエルフィン,牝,5,津村明秀, 55 ,11,3,１, 外,芝2000,良,,(栗),松下武士,2018,-0.2,,5,5,33.4,486,+18,
,2016.10.23,新潟,3新4,500万,500万下,6,11,イワヌガハナ,セ,4,横山和生, 57 ,15,5,１, ,ダ1200,良,,(美),小野次郎,1128,-0.1,,9,9,36.9,472,0,
,2016.10.23,新潟,3新4,500万,500万下・牝,7,15,スマートグレイス,牝,4,菱田裕二, 55 ,18,1,１, 内,芝1000,良,,(栗),河内洋,0553,-0.3,,,4,32.8,474,-6,
,2016.10.23,新潟,3新4,500万,500万下・若,4,4,ヤマニンシルフ,牡,3,木幡巧也,53△,11,1,１, ,ダ1800,良,,(栗),山内研二,1535,-0.3,10,6,6,37.5,442,+2,
,2016.10.23,新潟,3新4,500万,500万下,7,12,タガノヴィッター,牡,3,加藤祥太,54☆,15,2,１, ,ダ1200,良,,(栗),牧浦充徳,1121,-0.8,,8,7,36.7,510,+12,
,2016.10.23,新潟,3新4,新馬,新馬,7,8,リカビトス,牝,2,吉田隼人, 54 ,11,1,１, 外,芝1600,良,,(美),奥村武,1375,-0.3,,8,7,32.8,416,,
,2016.10.23,新潟,3新4,未勝利,障害未勝利,7,11,スズカプレスト,牡,4,北沢伸也, 60 ,14,2,１, ,芝2850,良,,(栗),橋田満,3090,-0.2,3,3,3,13.3,446,-2,
,2016.10.23,新潟,3新4,500万,500万下,7,7,カルムパシオン,セ,3,勝浦正樹, 55 ,9,5,１, ,ダ1800,良,,(栗),中竹和也,1538,-0.3,1,1,1,37.8,516,+6,
,2016.10.23,新潟,3新4,未勝利,未勝利*,2,2,ゴールドケープ,牝,2,木幡巧也,52△,14,5,１, 外,芝1600,良,,(栗),荒川義之,1371,-0.0,,2,2,33.8,426,+4,
,2016.10.23,新潟,3新4,未勝利,未勝利・牝*,2,2,イナズママンボ,牝,2,吉田隼人, 54 ,15,1,１, ,ダ1200,良,,(栗),松元茂樹,1139,-0.9,,1,1,38.4,448,+2,
,2016.10.22,新潟,3新3,500万,寺泊特別500,5,6,ショウナンサスケ,牡,3,石橋脩, 55 ,13,2,１, 外,芝1600,良,,(美),高橋文雅,1349,-0.2,,3,3,32.7,468,-4,
,2016.10.22,新潟,3新3,1000万,飛翼特Ｈ1000,8,16,アースエンジェル,牝,4,吉田隼人, 53 ,18,2,１, 内,芝1000,良,,(美),田中剛,0547,-0.0,,,4,32.6,448,+8,
,2016.10.22,新潟,3新3,500万,萬代橋特500,8,11,メイショウガーデン,牝,3,国分恭介, 52 ,12,2,１, 内,芝2400,良,,(栗),岡田稲男,2320,-0.0,3,3,3,34.1,524,+8,
,2016.10.22,新潟,3新3,500万,500万下,1,1,タマモセナター,牡,5,和田翼,56☆,10,2,１, ,ダ1800,良,,(栗),佐藤正雄,1541,-0.1,1,1,1,38.1,494,+8,
,2016.10.22,新潟,3新3,500万,500万下,8,16,オブリゲーション,牡,3,中谷雄太, 55 ,17,6,１, 外,芝1800,良,,(栗),奥村豊,1475,-0.1,,10,11,33.6,462,+10,
,2016.10.22,新潟,3新3,500万,500万下・若,2,3,リンガスウーノ,牝,3,伴啓太,51△,15,1,１, ,ダ1200,良,,(美),高橋祥泰,1121,-0.0,,3,3,37.0,486,+2,
,2016.10.22,新潟,3新3,500万,500万下・牝,8,11,ビスカリア,牝,4,木幡巧也,53△,11,1,１, ,ダ1800,良,,(栗),山内研二,1538,-0.1,10,8,8,37.7,460,0,
,2016.10.22,新潟,3新3,未勝利,未勝利*,1,2,ウランゲル,牝,2,丹内祐次, 54 ,17,2,１, 内,芝1200,良,,(美),松永康利,1106,-0.3,,1,1,35.1,408,+2,
,2016.10.22,新潟,3新3,ｵｰﾌﾟﾝ,障害・オープ,8,10,ホーカーテンペスト,セ,7,五十嵐雄, 60 ,10,1,１, ,芝3250,良,,(美),藤沢和雄,3350,-0.8,1,1,1,13.2,510,0,
,2016.10.22,新潟,3新3,500万,500万下・牝,6,10,ケルシャンス,牝,5,吉田隼人, 55 ,15,2,１, ,ダ1200,良,,(美),加藤征弘,1128,-0.2,,10,7,37.0,438,+4,
,2016.10.22,新潟,3新3,未勝利,未勝利*,4,5,リゾネーター,牡,2,木幡巧也,53△,14,2,１, ,ダ1800,良,,(美),牧光二,1550,-0.2,2,2,2,38.4,514,+8,B
,2016.10.22,新潟,3新3,未勝利,障害未勝利,4,5,グッドスカイ,牝,3,森一馬, 56 ,13,6,１, ,芝2850,良,,(栗),松元茂樹,3067,-0.0,6,5,4,13.1,462,+4,
,2016.10.16,新潟,3新2,500万,鳥屋野特500,4,7,トーホウハニー,牝,4,木幡巧也, 55 ,18,3,１, 内,芝1200,良,,(美),田中清隆,1089,-0.0,,5,5,34.1,438,+8,
,2016.10.16,新潟,3新2,ｵｰﾌﾟﾝ,信越ＳＨ,2,4,トウショウドラフタ,牡,3,吉田豊, 54 ,17,1,１, 内,芝1400,良,,(美),萱野浩二,1204,-0.0,,11,11,34.3,472,+2,
,2016.10.16,新潟,3新2,500万,粟島特別500,6,12,クリノラホール,牝,3,北村友一, 53 ,17,2,１, 外,芝1800,良,,(栗),谷潔,1456,-0.0,,9,9,33.5,448,+12,
,2016.10.16,新潟,3新2,500万,500万下,3,3,ナムラヒューマン,牡,4,大野拓弥, 57 ,14,2,１, ,ダ1200,良,,(栗),浜田多実,1114,-0.2,,10,10,35.9,470,+6,
,2016.10.16,新潟,3新2,500万,500万下,7,14,トーアライジン,牡,3,ヴェロン, 55 ,16,5,１, 外,芝2000,良,,(栗),村山明,1596,-1.0,,1,1,34.0,500,+12,
,2016.10.16,新潟,3新2,500万,500万下・若,4,7,リリーヴィクトリー,牡,4,森裕太朗,54▲,15,3,１, ,ダ1200,良,,(栗),池添兼雄,1116,-0.4,,1,1,36.5,498,+2,
,2016.10.16,新潟,3新2,500万,500万下,3,3,サンライズレーヴ,牡,5,義英真,55△,10,2,１, ,ダ1800,良,,(栗),崎山博樹,1532,-0.3,8,7,8,38.1,470,-2,
,2016.10.16,新潟,3新2,新馬,新馬・牝,8,17,ネオフレグランス,牝,2,津村明秀, 54 ,18,7,１, 内,芝1400,良,,(美),中舘英二,1244,-0.1,,13,13,34.8,412,,
,2016.10.16,新潟,3新2,500万,500万下・牝,1,1,メイショウブーケ,牝,5,義英真,53△,9,5,１, ,ダ1800,良,,(栗),西浦勝一,1536,-0.6,9,9,9,37.4,468,-10,B
,2016.10.16,新潟,3新2,未勝利,未勝利*,8,18,サンバダンサー,牝,2,丸田恭介, 54 ,18,8,１, 内,芝1000,良,*,(美),和田正道,0562,-0.6,,,5,33.4,446,+10,
,2016.10.16,新潟,3新2,未勝利,未勝利*,8,11,ウインガナドル,牡,2,津村明秀, 55 ,12,1,１, 内,芝2000,良,,(美),上原博之,2021,-0.5,1,1,1,34.9,462,+4,
,2016.10.16,新潟,3新2,未勝利,未勝利*,8,15,マテラスカイ,牡,2,ヴェロン, 55 ,15,1,１, ,ダ1200,良,,(栗),森秀行,1131,-0.1,,6,5,37.5,500,+2,
,2016.10.15,新潟,3新1,500万,稲光特別500,8,16,イオラニ,セ,5,北村友一, 57 ,18,1,１, 内,芝1000,良,,(美),栗田博憲,0547,-0.6,,,1,32.7,480,+6,B
,2016.10.15,新潟,3新1,1000万,妙高特別1000,4,6,ボンボンキャスト,牝,4,丸田恭介, 55 ,15,1,１, ,ダ1200,良,,(美),大竹正博,1111,-0.2,,3,3,36.7,494,-6,
,2016.10.15,新潟,3新1,500万,瓢湖特別500,3,3,メナスコ,セ,4,川須栄彦, 57 ,13,5,１, 内,芝2200,良,,(栗),藤岡健一,2147,-0.1,12,13,13,33.9,434,0,
,2016.10.15,新潟,3新1,500万,500万下,5,9,アイファープリティ,牝,3,菱田裕二, 53 ,18,3,１, 内,芝1400,良,,(栗),鮫島一歩,1217,-0.2,,1,1,35.0,440,+6,
,2016.10.15,新潟,3新1,500万,500万下・若,8,18,イスズブライト,牡,3,西村太一, 55 ,18,11,１, 外,芝1800,良,,(美),相沢郁,1476,-0.1,,3,3,34.3,488,-10,B
,2016.10.15,新潟,3新1,500万,500万下,3,3,ディグニファイド,牡,4,中谷雄太, 57 ,9,1,１, ,ダ1800,稍,,(栗),斉藤崇史,1526,-0.7,2,2,2,38.0,522,+2,B
,2016.10.15,新潟,3新1,500万,500万下,6,6,ケイブルグラム,牡,3,柴山雄一, 54 ,10,1,１, ,ダ2500,稍,,(美),国枝栄,2422,-0.3,3,2,2,40.2,510,0,B
,2016.10.15,新潟,3新1,未勝利,未勝利・牝*,7,11,ディアドラ,牝,2,加藤祥太,53☆,14,1,１, 内,芝1400,良,,(栗),橋田満,1221,-0.3,,9,7,34.8,472,+10,
,2016.10.15,新潟,3新1,未勝利,障害未勝利,8,13,スマートギア,牡,11,五十嵐雄, 60 ,14,1,１, ,芝2850,良,,(美),岩戸孝樹,3062,-1.2,2,1,1,13.1,468,-6,
,2016.10.15,新潟,3新1,500万,500万下・牝,4,7,アデレードヒル,牝,3,柴山雄一, 53 ,15,1,１, ,ダ1200,稍,,(美),中舘英二,1115,-0.3,,3,3,37.3,474,+6,
,2016.10.15,新潟,3新1,未勝利,未勝利*,5,5,リトルプリンス,牡,2,菱田裕二, 55 ,12,2,１, ,ダ1800,稍,,(栗),山内研二,1566,-0.5,5,6,7,38.4,506,-6,
,2016.10.15,新潟,3新1,未勝利,障害未勝利,4,5,ルートヴィヒコード,牡,4,小坂忠士, 60 ,14,1,１, ,芝2850,良,,(栗),長浜博之,3091,-0.2,7,6,6,13.3,468,0,
,"2016. 9. 4",新潟,2新C,500万,雷光特別500,7,13,ミキノドラマー,牡,3,田辺裕信, 55 ,18,7,１, 内,芝1000,良,,(美),南田美知,0546,-0.0,,,7,32.2,470,-8,
,"2016. 9. 4",新潟,2新C,Ｇ３,新潟記念ＨG3,8,17,アデイインザライフ,牡,5,横山典弘, 55 ,18,2,１, 外,芝2000,良,,(美),萩原清,1575,-0.1,,17,17,32.7,560,0,
,"2016. 9. 4",新潟,2新C,1000万,飯豊特別1000,6,9,ダイワダッチェス,牝,3,戸崎圭太, 53 ,13,2,１, 内,芝1200,良,,(美),菊沢隆徳,1081,-0.2,,6,5,33.4,480,+2,
,"2016. 9. 4",新潟,2新C,500万,両津湾特500,2,2,レッツゴースター,牡,4,柴山雄一, 57 ,15,3,１, ,ダ1800,良,,(美),大和田成,1531,-0.2,2,2,2,39.1,462,+2,
,"2016. 9. 4",新潟,2新C,500万,500万下,5,10,アルジャンテ,牝,3,戸崎圭太, 53 ,18,1,１, 内,芝1400,良,*,(美),尾関知人,1209,-0.3,,9,8,34.6,458,+14,
,"2016. 9. 4",新潟,2新C,未勝利,未勝利,4,7,ウエスタンエスプリ,牡,3,柴田善臣, 56 ,17,3,１, 内,芝2000,良,,(美),柴田政人,2017,-0.0,10,10,7,34.7,492,-8,
,"2016. 9. 4",新潟,2新C,新馬,新馬,6,7,サルタート,牝,2,戸崎圭太, 54 ,11,2,１, ,ダ1200,良,,(美),加藤征弘,1131,-0.4,,2,2,37.2,440,,
,"2016. 9. 4",新潟,2新C,新馬,新馬,6,8,アルジャントゥイユ,牡,2,柴山雄一, 54 ,12,6,１, 外,芝1800,良,,(美),畠山吉宏,1498,-0.0,,11,10,33.8,436,,
,"2016. 9. 4",新潟,2新C,未勝利,障害未勝利,8,13,サダムコーテイ,牡,6,石神深一, 60 ,14,8,１, ,芝2850,良,,(美),本間忍,3047,-0.0,7,8,6,13.0,494,-10,
,"2016. 9. 4",新潟,2新C,未勝利,未勝利・牝,8,14,テンノサクラコ,牝,3,野中悠太,51▲,15,7,１, ,ダ1800,良,,(美),小西一男,1551,-0.0,12,10,9,39.5,484,+4,
,"2016. 9. 4",新潟,2新C,未勝利,未勝利,7,12,シグナリング,牝,3,Ｍ．デム, 54 ,15,1,１, ,ダ1200,良,,(美),小西一男,1117,-0.7,,2,2,37.1,448,0,
,"2016. 9. 4",新潟,2新C,未勝利,未勝利*,7,13,ロジムーン,牡,2,戸崎圭太, 54 ,18,1,１, 外,芝1600,良,,(美),萩原清,1350,-0.5,,6,6,33.8,444,-2,
,"2016. 9. 3",新潟,2新B,500万,500万下,8,15,ウサギノカケアシ,牡,4,武士沢友, 57 ,15,4,１, ,ダ1200,良,,(美),星野忍,1124,-0.0,,14,14,36.0,494,+2,
,"2016. 9. 3",新潟,2新B,1600万,長岡Ｓ1600,3,3,クラウンロゼ,牝,6,田辺裕信, 55 ,9,8,１, 外,芝1600,良,*,(美),天間昭一,1337,-0.0,,1,1,33.5,504,+4,
,"2016. 9. 3",新潟,2新B,1000万,弥彦特別1000,8,13,トーセンデューク,牡,5,内田博幸, 57 ,14,3,１, 外,芝1800,良,,(栗),藤原英昭,1454,-0.3,,6,5,34.4,450,-2,
,"2016. 9. 3",新潟,2新B,500万,燕特別500,3,6,コスモジャーベ,牡,3,津村明秀, 54 ,18,2,１, 内,芝2200,良,,(美),和田雄二,2145,-0.0,14,2,2,35.1,466,-2,
,"2016. 9. 3",新潟,2新B,500万,500万下・牝,6,11,プリンシアコメータ,牝,3,津村明秀, 52 ,15,2,１, ,ダ1800,良,*,(美),矢野英一,1527,-0.1,3,2,2,38.2,462,0,B
,"2016. 9. 3",新潟,2新B,未勝利,未勝利,5,10,メープルパール,牝,3,木幡巧也,51▲,18,1,１, 内,芝1000,良,,(美),和田正一,0555,-0.1,,,1,33.1,424,+4,
,"2016. 9. 3",新潟,2新B,未勝利,未勝利,3,5,ゴールドエフォート,牝,3,Ｍ．デム, 54 ,18,3,１, 外,芝1600,良,,(美),田島俊明,1364,-0.0,,15,15,33.3,444,-4,
,"2016. 9. 3",新潟,2新B,新馬,新馬,8,17,コーラルプリンセス,牝,2,戸崎圭太, 54 ,18,3,１, 内,芝1400,良,,(美),高橋裕,1225,-0.1,,7,6,35.1,500,,
,"2016. 9. 3",新潟,2新B,未勝利,未勝利,5,8,キングドラゴン,牡,3,北村宏司, 56 ,15,2,１, ,ダ1800,良,,(美),藤沢和雄,1548,-0.1,7,9,7,37.8,514,-6,B
,"2016. 9. 3",新潟,2新B,未勝利,未勝利,8,14,リアリゾンルレーヴ,牝,3,戸崎圭太, 54 ,15,1,１, ,ダ1200,良,,(美),池上昌和,1122,-0.2,,2,2,36.7,468,-4,B
,"2016. 9. 3",新潟,2新B,未勝利,未勝利*,3,5,ヴァンクールシルク,牡,2,戸崎圭太, 54 ,16,3,１, 内,芝2000,良,,(美),木村哲也,2031,-0.3,11,2,2,36.2,544,+6,
,"2016. 9. 3",新潟,2新B,未勝利,未勝利*,5,8,ゴールドスカル,牡,2,石川裕紀,53☆,15,5,１, ,ダ1800,良,,(美),武井亮,1554,-0.0,1,1,1,39.6,476,0,
,"2016. 8.28",新潟,2新A,500万,500万下,2,2,パラダイスガーデン,牝,4,木幡巧也,52▲,15,2,１, ,ダ1200,良,,(美),栗田博憲,1121,-0.1,,6,7,36.8,478,-2,
,"2016. 8.28",新潟,2新A,Ｇ３,新潟２歳G3,6,10,ヴゼットジョリー,牝,2,福永祐一, 54 ,15,3,１, 外,芝1600,良,,(栗),中内田充,1343,-0.2,,7,8,33.2,470,+4,
,"2016. 8.28",新潟,2新A,ｵｰﾌﾟﾝ,朱鷺Ｓ,8,9,ペイシャフェリス,牝,5,福永祐一, 54 ,10,7,１, 内,芝1400,良,,(美),高市圭二,1204,-0.1,,2,3,34.5,454,+4,
,"2016. 8.28",新潟,2新A,1000万,五頭連峰1000,5,10,チャンピオンルパン,牡,5,田辺裕信, 57 ,16,3,１, 外,芝1600,良,,(美),勢司和浩,1330,-0.0,,7,9,32.9,490,0,
,"2016. 8.28",新潟,2新A,500万,500万下・牝,7,12,クリプトスコード,牝,3,木幡初也,50△,15,11,１, ,ダ1200,良,*,(美),田島俊明,1120,-0.0,,1,1,37.8,498,+16,
,"2016. 8.28",新潟,2新A,500万,500万下,7,13,スクエアフォールド,セ,3,吉田隼人, 54 ,18,6,１, 外,芝2000,良,,(美),伊藤圭三,1587,-0.3,,7,6,34.9,456,+4,B
,"2016. 8.28",新潟,2新A,500万,500万下,7,14,ストリートキャップ,牡,4,石橋脩, 57 ,18,1,１, 外,芝1800,良,,(美),斎藤誠,1464,-0.1,,3,3,34.8,490,+4,
,"2016. 8.28",新潟,2新A,新馬,新馬,8,18,ダノンハイパワー,牡,2,横山典弘, 54 ,18,1,１, 内,芝1200,良,,(美),菊沢隆徳,1114,-0.0,,3,2,35.6,502,,
,"2016. 8.28",新潟,2新A,未勝利,未勝利,3,5,パーソナルブルー,牡,3,松田大作, 56 ,15,10,１, ,ダ1200,良,,(美),松山将樹,1124,-0.3,,2,2,37.6,464,+2,
,"2016. 8.28",新潟,2新A,未勝利,未勝利,4,7,アルティジャーノ,セ,3,石川裕紀,55☆,15,5,１, ,ダ1800,良,,(美),相沢郁,1553,-0.3,15,13,12,38.3,436,0,
,"2016. 8.28",新潟,2新A,未勝利,未勝利*,7,15,レジーナフォルテ,牝,2,大野拓弥, 54 ,18,6,１, 内,芝1000,良,,(美),佐藤吉勝,0550,-0.9,,,1,33.0,474,-6,
,"2016. 8.28",新潟,2新A,未勝利,未勝利*,8,15,ハングリーベン,牡,2,野中悠太,51▲,15,4,１, ,ダ1200,良,*,(美),武井亮,1134,-0.3,,3,3,37.9,430,+4,
,"2016. 8.27",新潟,2新9,500万,500万下,7,15,タカラジャンヌ,牝,5,菊沢一樹,52▲,18,12,１, 内,芝1200,良,,(美),藤原辰雄,1088,-0.1,,14,13,33.8,430,0,
,"2016. 8.27",新潟,2新9,ｵｰﾌﾟﾝ,ＢＳＮ賞Ｈ,2,2,ピオネロ,牡,5,福永祐一, 55 ,14,1,１, ,ダ1800,良,,(栗),松永幹夫,1511,-0.3,7,4,4,37.2,498,-4,
,"2016. 8.27",新潟,2新9,1600万,稲妻Ｓ1600,1,1,レッドラウダ,牡,3,石川裕紀, 54 ,12,2,１, 内,芝1000,良,,(栗),音無秀孝,0543,-0.0,,,5,31.8,512,+6,
,"2016. 8.27",新潟,2新9,1000万,瀬波温Ｈ1000,4,7,サトノアッシュ,牡,4,石川裕紀, 56 ,15,4,１, ,ダ1800,良,,(栗),中竹和也,1527,-0.0,2,4,2,38.4,488,+4,
,"2016. 8.27",新潟,2新9,ＪＧ３,新潟ジャJG3,6,9,タイセイドリーム,牡,6,植野貴也, 60 ,14,3,１, ,芝3250,良,,(栗),矢作芳人,3299,-0.2,3,4,4,12.9,546,0,
,"2016. 8.27",新潟,2新9,500万,500万下,1,1,スケロク,牡,4,大野拓弥, 57 ,15,9,１, ,ダ1800,良,,(美),松山将樹,1530,-0.6,1,1,1,38.0,496,-2,
,"2016. 8.27",新潟,2新9,未勝利,未勝利,7,15,アフェクテューズ,牡,3,田辺裕信, 56 ,18,3,１, 外,芝1800,良,*,(美),手塚貴久,1476,-0.3,,9,7,34.4,482,+2,B
,"2016. 8.27",新潟,2新9,新馬,新馬,8,18,ルートディレクトリ,牡,2,丸田恭介, 54 ,18,7,１, 外,芝1600,良,,(美),宗像義忠,1370,-0.0,,5,5,33.4,500,,
,"2016. 8.27",新潟,2新9,未勝利,障害未勝利,4,5,グリーティングワン,牡,6,上野翔, 60 ,14,1,１, ,芝2850,良,,(美),柴田政人,3065,-0.5,8,4,1,13.1,444,+4,
,"2016. 8.27",新潟,2新9,未勝利,未勝利,8,14,エレクトロポップ,牡,3,柴山雄一, 56 ,15,3,１, ,ダ1800,稍,,(美),小島太,1552,-0.1,4,2,2,38.2,498,+10,
,"2016. 8.27",新潟,2新9,未勝利,未勝利,5,9,プレイヤード,牡,3,福永祐一, 56 ,18,2,１, 内,芝1200,良,,(美),田中剛,1097,-0.2,,2,2,35.1,512,+2,B
,"2016. 8.27",新潟,2新9,未勝利,未勝利*,7,13,ジュンヴァリアス,牡,2,福永祐一, 54 ,18,1,１, 外,芝1800,良,,(美),畠山吉宏,1491,-0.4,,8,8,33.4,438,+6,
,"2016. 8.21",新潟,2新8,500万,500万下・牝,8,17,グラミスキャッスル,牝,3,木幡巧也,49▲,17,1,１, 内,芝1000,良,,(美),尾関知人,0545,-0.2,,,1,32.5,462,+4,
,"2016. 8.21",新潟,2新8,ｵｰﾌﾟﾝ,ＮＳＴ賞Ｈ,1,1,エイシンローリン,牝,5,津村明秀, 52 ,15,6,１, ,ダ1200,良,,(栗),松永昌博,1104,-0.1,,1,1,36.6,460,0,
,"2016. 8.21",新潟,2新8,1000万,阿賀野川1000,7,13,トーセンバジル,牡,4,内田博幸, 57 ,15,1,１, 内,芝2200,良,,(栗),藤原英昭,2118,-0.1,8,5,5,34.5,480,+2,
,"2016. 8.21",新潟,2新8,500万,村上特別500,7,13,ワンブレスアウェイ,牝,3,戸崎圭太, 52 ,17,1,１, 外,芝1600,良,,(美),古賀慎明,1340,-0.2,,3,3,33.0,482,+12,
,"2016. 8.21",新潟,2新8,500万,500万下,5,9,ダイワスキャンプ,セ,4,田辺裕信, 57 ,16,3,１, 外,芝1800,良,,(美),鹿戸雄一,1457,-0.1,,7,7,34.2,428,+14,
,"2016. 8.21",新潟,2新8,500万,500万下・牝,5,9,メリーウィドウ,牝,5,内田博幸, 55 ,15,1,１, ,ダ1800,良,,(美),尾形充弘,1538,-0.2,5,3,3,38.5,514,0,
,"2016. 8.21",新潟,2新8,未勝利,未勝利,3,6,バンダムザブラッド,牡,3,丸田恭介, 56 ,18,10,１, 内,芝2400,良,,(美),大竹正博,2273,-0.0,14,12,11,35.7,468,+2,
,"2016. 8.21",新潟,2新8,新馬,新馬・牝,7,15,トーホウアイレス,牝,2,柴田善臣, 54 ,18,6,１, 外,芝1600,良,,(美),田中清隆,1370,-0.0,,17,16,33.8,472,,
,"2016. 8.21",新潟,2新8,未勝利,障害未勝利,8,13,ホーカーテンペスト,セ,7,五十嵐雄, 60 ,14,1,１, ,芝2850,良,,(美),藤沢和雄,3036,-1.9,1,1,1,12.9,510,-2,
,"2016. 8.21",新潟,2新8,未勝利,未勝利,7,12,サムライダマシー,牡,3,西田雄一, 56 ,15,5,１, ,ダ1800,良,,(美),蛯名利弘,1548,-0.0,11,7,5,38.9,462,-4,
,"2016. 8.21",新潟,2新8,未勝利,未勝利・牝,7,12,ゴールドフォレスト,牝,3,戸崎圭太, 54 ,15,1,１, ,ダ1200,良,,(美),栗田徹,1106,-0.8,,1,1,36.6,480,+6,
,"2016. 8.21",新潟,2新8,未勝利,未勝利*,5,9,ディバインコード,牡,2,柴田善臣, 54 ,18,1,１, 内,芝1400,良,,(美),栗田博憲,1215,-0.1,,1,1,35.8,474,+10,
,"2016. 8.20",新潟,2新7,500万,500万下,7,13,オメガハイヌーン,牡,4,横山典弘, 57 ,15,1,１, ,ダ1200,良,*,(美),大和田成,1111,-0.2,,5,5,36.2,474,-4,B
,"2016. 8.20",新潟,2新7,1600万,日本海Ｓ1600,6,6,ヴォルシェーブ,牡,5,Ｍ．デム, 57 ,10,1,１, 内,芝2200,良,,(栗),友道康夫,2153,-0.0,5,4,3,33.4,492,+2,
,"2016. 8.20",新潟,2新7,1000万,苗場特別1000,3,4,リバーソウル,牡,5,柴田善臣, 57 ,15,9,１, ,ダ1200,良,,(栗),浅見秀一,1111,-0.0,,7,7,36.1,466,-8,
,"2016. 8.20",新潟,2新7,500万,出雲崎特500,3,3,ステイパーシスト,牡,3,吉田豊, 54 ,11,2,１, 内,芝2400,良,,(美),尾関知人,2265,-0.2,6,5,5,33.8,432,+20,
,"2016. 8.20",新潟,2新7,500万,500万下,6,10,ラジオデイズ,牡,5,戸崎圭太, 57 ,15,1,１, ,ダ1800,良,,(美),古賀慎明,1533,-0.3,5,6,6,38.1,486,+4,
,"2016. 8.20",新潟,2新7,未勝利,未勝利・牝,2,4,クラウンアゲン,牝,3,木幡初也,52△,18,1,１, 内,芝1000,良,,(美),萱野浩二,0549,-0.3,,,2,32.4,420,-4,
,"2016. 8.20",新潟,2新7,新馬,新馬,2,4,ブライトンロック,牡,2,蛯名正義, 54 ,18,2,１, 内,芝1400,良,,(美),田中清隆,1236,-0.4,,8,7,34.3,438,,
,"2016. 8.20",新潟,2新7,新馬,新馬,3,3,マテラレックス,牡,2,Ｍ．デム, 54 ,10,2,１, 内,芝2000,良,,(栗),森秀行,2037,-0.1,3,3,5,35.8,438,,
,"2016. 8.20",新潟,2新7,未勝利,未勝利・牝,4,6,リュイールスター,牝,3,柴田大知, 54 ,15,2,１, ,ダ1800,良,,(美),上原博之,1555,-0.2,4,3,3,39.3,442,0,
,"2016. 8.20",新潟,2新7,未勝利,未勝利,5,9,コスモピクシス,牝,3,柴田大知, 54 ,18,2,１, 内,芝2000,良,,(美),中野栄治,2012,-0.1,12,8,6,34.4,416,+4,
,"2016. 8.20",新潟,2新7,未勝利,未勝利,3,4,ロマンコスモ,セ,3,内田博幸, 56 ,15,4,１, ,ダ1200,良,,(美),松永康利,1125,-0.3,,1,1,37.9,506,0,
,"2016. 8.20",新潟,2新7,未勝利,未勝利・牝*,3,6,ハートオブスワロー,牝,2,木幡初也,52△,18,11,１, 外,芝1600,良,,(美),粕谷昌央,1347,-0.0,,12,12,34.2,420,-2,
,"2016. 8.14",新潟,2新6,500万,500万下,7,13,ウエスタンユーノー,牝,5,菊沢一樹,52▲,18,4,１, 内,芝1000,良,,(美),菊沢隆徳,0552,-0.1,,,2,33.3,484,-4,
,"2016. 8.14",新潟,2新6,Ｇ３,関屋記念G3,8,17,ヤングマンパワー,牡,4,戸崎圭太, 56 ,18,3,１, 外,芝1600,良,,(美),手塚貴久,1318,-0.0,,6,6,33.7,526,+12,
,"2016. 8.14",新潟,2新6,1000万,豊栄特Ｈ1000,8,18,ロワアブソリュー,牡,3,Ｍ．デム, 54 ,18,1,１, 内,芝1400,良,,(栗),須貝尚介,1199,-0.2,,8,8,34.2,506,+6,
,"2016. 8.14",新潟,2新6,1000万,麒麟山特1000,3,5,タマノブリュネット,牝,4,ルメール, 55 ,15,4,１, ,ダ1800,良,,(美),高柳瑞樹,1520,-0.0,6,3,3,37.5,488,+2,
,"2016. 8.14",新潟,2新6,500万,500万下,3,6,アッラサルーテ,牝,3,戸崎圭太, 52 ,18,1,１, 内,芝1400,良,,(美),手塚貴久,1211,-0.2,,1,1,34.7,476,+6,
,"2016. 8.14",新潟,2新6,500万,500万下・牝,6,12,ベアインマインド,牝,3,大野拓弥, 52 ,16,6,１, 外,芝1800,良,,(美),加藤征弘,1475,-0.0,,2,2,33.3,424,+10,
,"2016. 8.14",新潟,2新6,新馬,新馬,3,5,エピカリス,牡,2,ルメール, 54 ,15,1,１, ,ダ1800,良,,(美),萩原清,1544,-1.0,1,1,1,38.3,482,,
,"2016. 8.14",新潟,2新6,新馬,新馬,8,16,シャイニードライヴ,牡,2,木幡巧也,51▲,18,12,１, 外,芝1600,良,,(美),尾形充弘,1362,-0.0,,1,1,34.4,446,,
,"2016. 8.14",新潟,2新6,未勝利,未勝利,8,15,ラピッドライズ,牝,3,石橋脩, 54 ,15,4,１, ,ダ1200,良,,(美),斎藤誠,1126,-0.2,,1,1,37.8,492,0,
,"2016. 8.14",新潟,2新6,未勝利,未勝利,1,2,ルールブリタニア,牝,3,ルメール, 54 ,18,4,１, 外,芝1800,良,,(美),国枝栄,1481,-0.0,,1,1,34.2,452,+10,
,"2016. 8.14",新潟,2新6,未勝利,未勝利,4,7,スフェーン,牡,3,吉田豊, 56 ,15,1,１, ,ダ1800,良,,(美),小西一男,1554,-0.2,3,4,3,37.6,444,0,
,"2016. 8.14",新潟,2新6,未勝利,未勝利*,4,6,ハルクンノテソーロ,牡,2,大野拓弥, 54 ,15,1,１, ,ダ1200,良,,(美),高木登,1123,-0.3,,1,1,38.0,472,-2,
,"2016. 8.13",新潟,2新5,500万,500万下,1,1,ドラゴンゲート,牡,4,田辺裕信, 57 ,15,1,１, ,ダ1200,良,,(美),小西一男,1111,-1.0,,1,1,36.5,476,0,
,"2016. 8.13",新潟,2新5,1600万,新潟日Ｈ1600,7,13,ウインガニオン,牡,4,津村明秀, 55 ,17,6,１, 内,芝1400,良,,(栗),西園正都,1200,-0.4,,1,1,34.1,490,+2,
,"2016. 8.13",新潟,2新5,1000万,三面川特1000,4,4,ワーキングプライド,牝,4,Ｍ．デム, 55 ,13,2,１, 外,芝1800,良,,(栗),岡田稲男,1472,-0.0,,11,11,32.6,502,+2,
,"2016. 8.13",新潟,2新5,500万,糸魚川特500,8,12,ゴールドエッセンス,牝,4,Ｍ．デム, 55 ,12,2,１, 外,芝2000,良,,(栗),斉藤崇史,2007,-0.2,,8,8,32.7,418,-4,
,"2016. 8.13",新潟,2新5,500万,500万下,8,13,モンサンアルナイル,牡,3,木幡巧也,51▲,14,1,１, ,ダ1800,良,,(美),牧光二,1521,-0.2,1,1,1,37.4,512,+2,B
,"2016. 8.13",新潟,2新5,未勝利,未勝利,1,1,オレンジガール,牝,3,木幡初也,51▲,18,9,１, 内,芝1000,良,*,(美),粕谷昌央,0554,-0.0,,,4,32.9,430,0,
,"2016. 8.13",新潟,2新5,未勝利,未勝利,2,3,イデアオブダンディ,牡,3,蛯名正義, 56 ,15,4,１, ,ダ1800,良,,(美),柄崎孝,1543,-0.2,10,7,5,39.4,460,+8,
,"2016. 8.13",新潟,2新5,新馬,新馬,6,10,ニシノアモーレ,牝,2,大野拓弥, 54 ,14,9,１, 外,芝1800,良,,(美),上原博之,1496,-0.7,,11,11,33.9,420,,
,"2016. 8.13",新潟,2新5,未勝利,障害未勝利,3,3,アムールスキー,牡,5,小野寺祐, 60 ,14,5,１, ,芝2850,良,,(美),小笠倫弘,3053,-0.1,8,6,6,13.0,502,+14,
,"2016. 8.13",新潟,2新5,未勝利,未勝利・牝,7,13,アームズレングス,牝,3,大野拓弥, 54 ,15,7,１, ,ダ1800,良,,(美),加藤征弘,1556,-0.2,10,8,8,39.3,486,,
,"2016. 8.13",新潟,2新5,未勝利,未勝利*,5,6,ジェードグリーン,牡,2,石橋脩, 54 ,13,1,１, 外,芝1800,良,,(美),栗田徹,1480,-0.0,,7,7,33.8,458,-6,
,"2016. 8.13",新潟,2新5,未勝利,未勝利*,4,8,ワイナルダム,牡,2,宮崎北斗, 54 ,16,9,１, 内,芝1200,良,,(美),水野貴広,1098,-0.0,,3,4,35.3,438,-16,
,"2016. 8. 7",新潟,2新4,500万,500万下,4,6,クリムゾンバローズ,牡,3,田辺裕信, 54 ,15,1,１, ,ダ1200,良,,(美),尾形和幸,1116,-0.3,,5,4,36.6,508,+8,
,"2016. 8. 7",新潟,2新4,Ｇ３,レパードG3,5,6,グレンツェント,牡,3,戸崎圭太, 56 ,13,2,１, ,ダ1800,良,*,(美),加藤征弘,1506,-0.0,5,4,4,36.6,468,+2,
,"2016. 8. 7",新潟,2新4,1000万,驀進特別1000,8,16,ダンシングワンダー,牝,4,Ｍ．デム, 55 ,18,1,１, 内,芝1000,良,,(栗),中内田充,0541,-0.1,,,9,32.1,462,-8,
,"2016. 8. 7",新潟,2新4,500万,月岡温泉500,4,6,ロッカフェスタ,牡,4,Ｍ．デム, 57 ,15,2,１, 外,芝1800,良,,(美),田村康仁,1468,-0.2,,7,7,33.2,454,+2,
,"2016. 8. 7",新潟,2新4,500万,500万下,4,8,キークラッカー,牡,3,吉田豊, 54 ,16,8,１, 内,芝2200,良,,(美),土田稔,2126,-0.2,1,1,1,35.1,502,+4,
,"2016. 8. 7",新潟,2新4,500万,500万下・牝,7,13,イデアオブクィーン,牝,5,蛯名正義, 55 ,15,5,１, ,ダ1800,良,,(美),中舘英二,1532,-0.0,6,7,5,37.6,426,0,
,"2016. 8. 7",新潟,2新4,新馬,新馬,2,4,チシャーキャット,牝,2,木幡初也,51▲,18,14,１, 内,芝1400,良,,(美),小桧山悟,1227,-0.0,,4,4,36.0,424,,
,"2016. 8. 7",新潟,2新4,新馬,新馬,2,4,ランガディア,牡,2,戸崎圭太, 54 ,18,1,１, 外,芝1800,良,,(美),木村哲也,1500,-0.1,,4,3,34.2,468,,
,"2016. 8. 7",新潟,2新4,未勝利,未勝利,6,11,プルメリアブーケ,牝,3,戸崎圭太, 54 ,18,2,１, 内,芝1200,良,,(美),高橋裕,1088,-0.1,,8,8,34.1,450,-6,
,"2016. 8. 7",新潟,2新4,未勝利,未勝利,5,8,ウェイアップハイ,牝,3,吉田豊, 54 ,15,10,１, ,ダ1800,良,,(美),高橋文雅,1546,-0.1,4,4,4,38.1,458,+8,
,"2016. 8. 7",新潟,2新4,未勝利,未勝利,8,15,アオイソラ,牡,3,内田博幸, 56 ,15,1,１, ,ダ1200,良,,(美),高橋文雅,1122,-0.4,,4,4,37.4,494,+10,
,"2016. 8. 7",新潟,2新4,未勝利,未勝利*,3,5,ジュニエーブル,牡,2,吉田豊, 54 ,15,1,１, 外,芝1600,良,,(美),竹内正洋,1347,-0.3,,2,1,34.3,432,-2,
,"2016. 8. 6",新潟,2新3,500万,500万下,8,15,キータイプ,牡,4,戸崎圭太, 57 ,15,3,１, ,ダ1800,良,,(美),池上昌弘,1528,-0.3,7,3,3,37.5,438,+6,
,"2016. 8. 6",新潟,2新3,1600万,越後ＳＨ1600,3,4,サンレーン,牝,6,石川裕紀, 53 ,15,3,１, ,ダ1200,良,,(栗),西園正都,1111,-0.3,,1,1,36.5,488,-4,
,"2016. 8. 6",新潟,2新3,1000万,信濃川Ｈ1000,4,7,シンボリジャズ,牡,6,木幡巧也, 55 ,17,10,１, 外,芝2000,良,,(美),牧光二,1587,-0.0,,3,2,35.5,492,0,
,"2016. 8. 6",新潟,2新3,500万,500万下,5,10,ヨイミヤ,牝,3,嘉藤貴行, 52 ,18,8,１, 外,芝1600,良,,(美),高橋祥泰,1337,-0.6,,1,1,33.5,412,-4,
,"2016. 8. 6",新潟,2新3,ｵｰﾌﾟﾝ,ダリア賞,3,3,リンクスゼロ,牡,2,Ｍ．デム, 54 ,7,3,１, 内,芝1400,良,,(栗),森秀行,1234,-0.2,,1,1,34.4,460,0,
,"2016. 8. 6",新潟,2新3,未勝利,未勝利・牝,7,13,レアファインド,牝,3,石橋脩, 54 ,15,11,１, ,ダ1200,良,,(美),田村康仁,1127,-0.3,,6,4,37.2,452,+2,
,"2016. 8. 6",新潟,2新3,未勝利,未勝利,3,5,アフィニータ,牝,3,石川裕紀,53☆,18,3,１, 内,芝2000,良,,(美),菊沢隆徳,2013,-0.1,11,10,8,34.4,480,+2,
,"2016. 8. 6",新潟,2新3,新馬,新馬,2,4,サンライズソア,牡,2,Ｍ．デム, 54 ,18,3,１, 外,芝1600,良,,(栗),河内洋,1359,-0.1,,2,2,33.4,506,,
,"2016. 8. 6",新潟,2新3,ｵｰﾌﾟﾝ,障害・オープ,7,8,タイセイドリーム,牡,6,平沢健治, 60 ,11,1,１, ,芝2850,良,,(栗),矢作芳人,3031,-0.0,2,2,2,12.8,546,-2,
,"2016. 8. 6",新潟,2新3,未勝利,未勝利,1,1,ビークイック,牡,3,蛯名正義, 56 ,15,1,１, ,ダ1800,良,,(美),田中清隆,1547,-0.1,1,1,1,38.8,470,+4,
,"2016. 8. 6",新潟,2新3,未勝利,未勝利*,8,14,スノードーナツ,牝,2,岩部純二, 54 ,14,4,１, 内,芝1000,良,,(美),石毛善彦,0563,-0.3,,,1,34.2,454,+2,B
,"2016. 8. 6",新潟,2新3,未勝利,未勝利*,7,9,レジェンドセラー,牡,2,戸崎圭太, 54 ,11,1,１, 外,芝1800,良,,(美),木村哲也,1478,-0.1,,5,5,33.5,512,-2,
,"2016. 7.31",新潟,2新2,500万,500万下,4,7,サマーラヴ,牡,5,木幡初也,54▲,15,7,１, ,ダ1800,良,,(美),小野次郎,1533,-0.3,2,2,2,38.9,450,-4,B
,"2016. 7.31",新潟,2新2,Ｇ３,アイビスG3,4,4,ベルカント,牝,5,Ｍ．デム, 55 ,13,1,１, 内,芝1000,良,,(栗),角田晃一,0541,-0.0,,,2,31.7,490,+4,
,"2016. 7.31",新潟,2新2,1000万,岩室温泉1000,4,7,ドリームドルチェ,牡,4,野中悠太, 57 ,15,2,１, ,ダ1200,良,,(美),根本康広,1109,-0.3,,3,3,36.7,512,-2,
,"2016. 7.31",新潟,2新2,500万,新発田城500,1,1,メンデンホール,牝,3,田中勝春, 52 ,18,15,１, 内,芝1400,良,,(美),小島太,1210,-0.5,,15,15,34.3,482,+20,
,"2016. 7.31",新潟,2新2,500万,500万下,5,6,ネイチャーレット,牡,3,野中悠太,51▲,12,4,１, 外,芝2000,良,,(美),根本康広,2000,-0.1,,8,10,33.6,450,+2,
,"2016. 7.31",新潟,2新2,未勝利,未勝利,8,14,ボルドー,牡,3,的場勇人, 56 ,15,3,１, ,ダ1200,良,*,(美),的場均,1129,-0.1,,3,3,37.5,520,+4,
,"2016. 7.31",新潟,2新2,新馬,新馬・牝,6,12,クイントゥープル,牝,2,柴田大知, 54 ,18,3,１, 内,芝1400,良,,(美),大和田成,1238,-0.1,,8,8,36.3,430,,
,"2016. 7.31",新潟,2新2,新馬,新馬,5,9,グリトニル,牡,2,丸田恭介, 54 ,17,11,１, 外,芝1600,良,,(栗),浅見秀一,1369,-0.2,,15,14,33.4,430,,
,"2016. 7.31",新潟,2新2,未勝利,障害未勝利,4,6,ウインイルソーレ,牡,5,山本康志, 60 ,14,3,１, ,芝2850,良,,(美),高橋祥泰,3055,-0.1,5,3,3,13.0,480,-10,
,"2016. 7.31",新潟,2新2,未勝利,未勝利・牝,8,14,ドゥリーミン,牝,3,野中悠太,51▲,15,13,１, ,ダ1800,良,,(美),大江原哲,1546,-1.0,3,3,2,38.4,462,+4,
,"2016. 7.31",新潟,2新2,未勝利,未勝利,7,7,ベストレート,牝,3,木幡巧也,51▲,10,3,１, 内,芝2200,良,,(美),牧光二,2157,-0.0,3,3,2,34.6,492,0,
,"2016. 7.31",新潟,2新2,未勝利,未勝利*,6,11,セイウングロリアス,牡,2,内田博幸, 54 ,16,1,１, 外,芝1600,良,,(美),武市康男,1358,-0.1,,4,4,33.7,464,0,
,"2016. 7.30",新潟,2新1,500万,500万下,7,12,ストロングトリトン,セ,4,木幡初也,54▲,15,1,１, ,ダ1200,良,,(美),鹿戸雄一,1109,-0.8,,4,2,36.1,468,-10,
,"2016. 7.30",新潟,2新1,1600万,佐渡ＳＨ1600,8,10,エーシンマックス,牡,6,石橋脩, 54 ,10,6,１, 外,芝2000,良,,(栗),西園正都,1591,-0.2,,1,1,34.4,504,+2,
,"2016. 7.30",新潟,2新1,1000万,古町特別1000,6,8,アストラエンブレム,牡,3,Ｍ．デム, 54 ,12,2,１, 外,芝1600,良,,(美),小島茂之,1336,-0.2,,2,2,32.4,454,-2,
,"2016. 7.30",新潟,2新1,500万,閃光特別500,4,8,アースエンジェル,牝,4,Ｍ．デム, 55 ,18,1,１, 内,芝1000,良,,(美),田中剛,0548,-0.1,,,8,32.0,440,+2,
,"2016. 7.30",新潟,2新1,500万,500万下・牝,4,6,ボンボンキャスト,牝,4,丸田恭介, 55 ,15,1,１, ,ダ1200,良,,(美),大竹正博,1112,-0.0,,2,2,37.4,502,+8,
,"2016. 7.30",新潟,2新1,未勝利,未勝利,2,3,プラトリーナ,牝,3,戸崎圭太, 54 ,18,3,１, 外,芝1600,良,,(美),木村哲也,1346,-0.1,,5,4,34.8,394,-10,
,"2016. 7.30",新潟,2新1,未勝利,未勝利,8,12,ネコエルフ,牡,3,内田博幸, 56 ,13,2,１, ,ダ1800,良,,(美),古賀史生,1547,-0.2,3,2,2,38.0,462,+2,
,"2016. 7.30",新潟,2新1,新馬,新馬,1,2,コウソクストレート,牡,2,戸崎圭太, 54 ,18,1,１, 内,芝1400,良,,(美),中舘英二,1224,-0.3,,5,3,35.6,482,,
,"2016. 7.30",新潟,2新1,未勝利,未勝利・牝,6,12,アポロオスカー,牝,3,戸崎圭太, 54 ,18,1,１, 外,芝1800,良,,(美),岩戸孝樹,1461,-0.1,,7,5,34.6,436,-2,
,"2016. 7.30",新潟,2新1,未勝利,未勝利,7,10,サトノティターン,牡,3,石橋脩, 56 ,12,5,１, ,ダ1800,良,,(美),堀宣行,1548,-0.1,11,10,6,37.4,556,,
,"2016. 7.30",新潟,2新1,未勝利,未勝利・牝*,5,10,アズールムーン,牝,2,石橋脩, 54 ,17,2,１, 内,芝1400,良,,(美),斎藤誠,1212,-0.3,,1,1,36.2,500,+10,
,"2016. 7.30",新潟,2新1,未勝利,未勝利*,6,11,スッチェッソ,牝,2,柴田大知, 54 ,15,5,１, ,ダ1200,良,,(美),畠山吉宏,1134,-0.1,,4,5,38.7,432,+2,
