Ｍ,日付(yyyy.mm.dd),場所,開催,クラス名,レース名,枠番,馬番,馬名,性別,年齢,騎手,斤量,頭数,人気,着順,芝(内・外),距離,馬場状態,多頭出し,所属,調教師,走破タイム,着差,2角,3角,4角,上り3F,馬体重,馬体重増減,ブリンカー
,"2025. 9. 7",札幌,2札6,1勝,１勝ｸﾗｽ,2,2,ジュンラトゥール,牡,4,斎藤新, 58 ,14,5,１, ,ダ1700,稍,,(栗),浜田多実,1457,-0.5,14,14,8,37.5,464,+2,B
,"2025. 9. 7",札幌,2札6,ｵｰﾌﾟﾝ,丹頂ＳＨ,6,7,ミステリーウェイ,セ,7,松本大輝, 55 ,12,9,１, ,芝2600,稍,,(栗),小林真也,2448,-0.3,1,1,1,36.4,502,0,
,"2025. 9. 7",札幌,2札6,2勝,ＨＴＢ賞･2勝,7,12,タイキラフター,牡,5,佐々木大, 58 ,14,5,１, ,芝1800,稍,,(美),大竹正博,1496,-0.2,11,10,9,36.1,532,+6,
,"2025. 9. 7",札幌,2札6,2勝,旭川特別･2勝,3,4,トーセンサウダージ,牡,5,古川吉洋, 58 ,14,4,１, ,ダ1700,稍,,(美),杉浦宏昭,1453,-0.3,12,8,3,36.6,528,-2,
,"2025. 9. 7",札幌,2札6,1勝,１勝ｸﾗｽ,8,15,ブルーアイドガール,牝,4,小林美駒,53▲,16,1,１, ,芝1200,稍,,(栗),吉岡辰弥,1100,-0.2,,5,4,35.1,462,+4,
,"2025. 9. 7",札幌,2札6,1勝,１勝ｸﾗｽ・牝,7,11,トゥルブレンツ,牝,5,舟山瑠泉,53▲,13,7,１, ,芝1800,稍,,(栗),小栗実,1508,-0.1,11,4,2,38.2,442,-4,
,"2025. 9. 7",札幌,2札6,1勝,１勝ｸﾗｽ,6,8,サードウインド,牝,3,丹内祐次, 54 ,12,3,１, ,ダ1000,稍,,(美),西田雄一,0589,-0.1,,1,1,35.4,446,+2,
,"2025. 9. 7",札幌,2札6,未勝利,未勝利,5,8,ドゥラエテルノ,牡,3,浜中俊, 57 ,14,3,１, ,ダ1700,稍,,(栗),武幸四郎,1462,-0.0,9,2,2,38.6,472,-4,
,"2025. 9. 7",札幌,2札6,未勝利,未勝利,5,10,グリフォン,牝,3,斎藤新, 55 ,16,6,１, ,芝1200,稍,,(栗),小椋研介,1105,-0.1,,2,2,35.8,424,-2,
,"2025. 9. 7",札幌,2札6,未勝利,未勝利・牝,6,10,カスバートテソーロ,牝,3,丹内祐次, 55 ,14,1,１, ,ダ1700,稍,,(美),畠山吉宏,1459,-0.6,10,1,1,38.2,442,-4,
,"2025. 9. 7",札幌,2札6,未勝利,未勝利*,4,4,アッカン,牡,2,浜中俊, 55 ,10,2,１, ,芝2000,稍,,(美),奥村武,2066,-0.1,2,3,3,36.7,456,+2,
,"2025. 9. 7",札幌,2札6,未勝利,未勝利*,7,7,グロリアスマーチ,牡,2,佐々木大, 55 ,8,1,１, ,芝1500,稍,,(栗),須貝尚介,1322,-0.3,4,4,4,35.9,496,-6,
,"2025. 9. 6",札幌,2札5,1勝,１勝ｸﾗｽ,3,3,メイショウツヨキ,牡,3,横山和生, 55 ,14,7,１, ,ダ1700,良,,(栗),飯田祐史,1465,-0.1,11,7,4,37.6,486,+36,
,"2025. 9. 6",札幌,2札5,Ｇ３,札幌２歳G3,4,4,ショウナンガルフ,牡,2,池添謙一, 55 ,12,1,１, ,芝1800,良,,(栗),須貝尚介,1506,-0.0,9,11,9,35.0,472,-2,
,"2025. 9. 6",札幌,2札5,2勝,札幌スポ･2勝,5,10,サウンドモリアーナ,牝,3,武豊, 54 ,16,4,１, ,芝1200,良,,(栗),武英智,1093,-0.0,,5,6,34.5,442,+2,
,"2025. 9. 6",札幌,2札5,1勝,富良野特･1勝,4,6,ウイントレメンデス,牡,4,横山和生, 58 ,15,2,１, ,芝2000,良,,(栗),長谷川浩,2020,-0.2,8,7,3,35.8,482,-4,
,"2025. 9. 6",札幌,2札5,1勝,１勝ｸﾗｽ・牝,1,1,ルージュミラージュ,牝,3,森田誠也,50▲,14,3,１, ,ダ1700,良,,(栗),武幸四郎,1455,-0.5,3,2,2,39.1,448,-4,
,"2025. 9. 6",札幌,2札5,1勝,１勝ｸﾗｽ,8,14,ダノンミッション,牡,3,佐々木大, 56 ,14,1,１, ,芝1500,良,,(美),堀宣行,1294,-0.1,6,8,6,35.4,468,-4,B
,"2025. 9. 6",札幌,2札5,未勝利,未勝利,1,1,ライラックデューン,牝,3,和田陽希,52▲,14,4,１, ,ダ1700,良,,(栗),緒方努,1467,-0.1,9,10,9,38.8,462,0,
,"2025. 9. 6",札幌,2札5,新馬,新馬,5,5,リリージョワ,牝,2,浜中俊, 55 ,11,1,１, ,芝1500,良,,(栗),武幸四郎,1294,-0.5,4,2,2,35.2,444,,
,"2025. 9. 6",札幌,2札5,未勝利,未勝利,3,6,ラファヴォリット,牝,3,小林美駒,52▲,16,8,１, ,芝2000,良,,(美),黒岩陽一,2024,-0.1,4,3,2,36.6,468,+2,
,"2025. 9. 6",札幌,2札5,未勝利,未勝利,2,2,サツキレジーナ,牝,3,古川吉洋, 55 ,12,3,１, ,ダ1000,良,,(美),石栗龍彦,0589,-0.4,,1,1,35.7,436,+4,
,"2025. 9. 6",札幌,2札5,未勝利,未勝利*,8,11,ラスベガスサイン,牝,2,小林美駒,52▲,11,2,１, ,芝1200,良,,(栗),長谷川浩,1097,-0.9,,1,1,35.0,400,+6,
,"2025. 9. 6",札幌,2札5,未勝利,未勝利*,5,5,リピース,牝,2,小林美駒,52▲,10,1,１, ,ダ1700,良,,(栗),前川恭子,1488,-0.0,1,5,5,38.4,422,-2,
,"2025. 8.31",札幌,2札4,1勝,１勝ｸﾗｽ,8,11,アイオリア,牡,3,横山和生, 55 ,12,3,１, ,ダ1700,稍,,(美),奥村武,1454,-0.1,12,10,7,36.4,520,+2,
,"2025. 8.31",札幌,2札4,3勝,日高Ｓ･3勝,6,9,リラボニート,牝,4,浜中俊, 56 ,13,3,１, ,芝1500,稍,,(栗),須貝尚介,1295,-0.3,4,3,2,35.4,468,+2,
,"2025. 8.31",札幌,2札4,2勝,ＨＢＣＨ･2勝,8,15,ロードマイライフ,牡,4,横山和生, 56 ,16,2,１, ,芝1200,稍,,(栗),杉山晴紀,1096,-0.1,,5,5,34.7,494,-2,B
,"2025. 8.31",札幌,2札4,1勝,北辰特別･1勝,1,1,ボンドロア,牡,3,横山典弘, 55 ,14,7,１, ,芝2600,稍,,(栗),松永幹夫,2428,-0.5,4,4,3,36.4,476,+6,
,"2025. 8.31",札幌,2札4,1勝,１勝ｸﾗｽ・牝,7,11,タイヨウフレア,牝,3,横山武史, 53 ,13,5,１, ,ダ1700,稍,,(美),杉浦宏昭,1451,-0.1,12,11,8,36.1,498,+2,
,"2025. 8.31",札幌,2札4,1勝,１勝ｸﾗｽ,4,5,マイネルフーガ,牡,3,横山武史, 55 ,13,1,１, ,芝1800,稍,,(美),鈴木慎太,1494,-0.1,2,2,1,36.9,488,+10,
,"2025. 8.31",札幌,2札4,未勝利,未勝利,5,8,サトミノエンジェル,牡,3,横山武史, 57 ,14,1,１, ,ダ1700,稍,,(美),鈴木伸尋,1458,-0.6,4,1,1,37.4,524,+10,B
,"2025. 8.31",札幌,2札4,新馬,新馬,7,7,エリプティクカーブ,牡,2,横山武史, 55 ,8,3,１, ,芝1800,稍,,(美),萩原清,1516,-0.2,2,1,1,35.3,468,,
,"2025. 8.31",札幌,2札4,未勝利,未勝利,1,2,エオアリイ,牡,3,舟山瑠泉,54▲,16,2,１, ,芝2000,稍,,(美),田中博康,2028,-0.1,5,4,2,37.4,464,+4,B
,"2025. 8.31",札幌,2札4,未勝利,未勝利,1,1,タイセイアビリティ,牡,3,斎藤新, 57 ,12,2,１, ,ダ1000,稍,*,(栗),小林真也,0586,-0.0,,4,3,34.9,476,0,B
,"2025. 8.31",札幌,2札4,未勝利,未勝利・牝,4,6,ユージュアーナ,牝,3,斎藤新, 55 ,14,2,１, ,ダ1700,稍,,(栗),奥村豊,1462,-0.4,1,1,1,38.8,462,+2,B
,"2025. 8.31",札幌,2札4,未勝利,未勝利*,8,10,ファニーバニー,牝,2,横山武史, 55 ,10,1,１, ,芝1200,稍,,(栗),杉山佳明,1109,-0.1,,2,2,36.0,434,+6,
,"2025. 8.30",札幌,2札3,1勝,１勝ｸﾗｽ,8,16,ムチャスグラシアス,牝,4,佐々木大, 56 ,16,8,１, ,芝1200,稍,,(美),菊川正達,1102,-0.4,,4,3,35.0,450,0,
,"2025. 8.30",札幌,2札3,2勝,札幌日刊･2勝,6,10,ミラージュナイト,牡,3,丹内祐次, 55 ,14,1,１, ,芝2000,稍,,(栗),辻野泰之,2035,-0.4,9,5,3,36.2,486,-6,
,"2025. 8.30",札幌,2札3,2勝,千歳特別･2勝,5,7,ベンヌ,牡,3,横山武史, 55 ,14,1,１, ,ダ1700,重,,(美),久保田貴,1429,-0.4,3,3,2,37.4,508,-2,
,"2025. 8.30",札幌,2札3,ｵｰﾌﾟﾝ,すずらん,2,2,ビッグカレンルーフ,牝,2,石川倭, 55 ,13,5,１, ,芝1200,稍,,[地],米川昇,1107,-0.2,,12,10,35.1,434,-4,
,"2025. 8.30",札幌,2札3,1勝,１勝ｸﾗｽ,6,6,プチブール,牝,4,横山和生, 56 ,11,1,１, ,ダ1700,重,,(美),小西一男,1445,-0.5,10,6,1,36.6,448,+4,
,"2025. 8.30",札幌,2札3,1勝,１勝ｸﾗｽ,6,7,ミニョンマルーン,牝,3,小林美駒,51▲,12,1,１, ,ダ1000,重,,(美),伊藤圭三,0579,-0.1,,2,2,34.6,472,-4,
,"2025. 8.30",札幌,2札3,未勝利,未勝利,1,2,スタードメイソン,牝,3,和田陽希,52▲,16,13,１, ,芝2000,稍,,(栗),藤原英昭,2039,-0.2,10,10,5,37.1,388,-12,
,"2025. 8.30",札幌,2札3,新馬,新馬,8,12,リュウカルネ,牡,2,横山武史, 55 ,13,1,１, ,ダ1700,重,,(美),伊藤圭三,1463,-0.6,2,2,2,37.6,502,,
,"2025. 8.30",札幌,2札3,未勝利,未勝利,6,9,トレヴィ,牝,3,武豊, 55 ,14,1,１, ,芝1500,稍,,(美),木村哲也,1308,-0.0,1,1,1,36.6,458,+14,
,"2025. 8.30",札幌,2札3,未勝利,未勝利,5,8,オロパタジン,牡,3,小林美駒,54▲,14,2,１, ,ダ1700,重,,(美),相沢郁,1451,-0.4,1,1,1,38.6,466,-4,
,"2025. 8.30",札幌,2札3,未勝利,未勝利*,3,3,ノチェセラーダ,牡,2,横山武史, 55 ,7,2,１, ,芝1800,稍,,(栗),杉山佳明,1522,-0.0,6,7,3,36.0,462,-2,
,"2025. 8.30",札幌,2札3,未勝利,未勝利・牝*,7,7,ラスティングスノー,牝,2,横山和生, 55 ,8,2,１, ,芝1500,稍,,(美),池上昌和,1319,-0.3,1,1,1,36.0,464,+8,
,"2025. 8.24",札幌,2札2,2勝,WASJ第４･2勝,1,1,ピンクジン,牝,5,ウィリア, 56 ,14,5,１, ,芝1800,良,,(美),南田美知,1487,-0.1,4,4,4,35.5,446,+8,
,"2025. 8.24",札幌,2札2,Ｇ３,キーンラG3,3,5,パンジャタワー,牡,3,松山弘平, 57 ,16,2,１, ,芝1200,良,,(栗),橋口慎介,1082,-0.1,,8,7,33.9,488,+8,
,"2025. 8.24",札幌,2札2,2勝,WASJ第３･2勝,6,10,ベルギューン,牝,3,ハマーハ, 54 ,14,1,１, ,ダ1700,良,,(栗),牧浦充徳,1455,-0.5,2,2,1,37.3,486,+4,
,"2025. 8.24",札幌,2札2,1勝,ルスツ特･1勝,5,6,コスモアバンサ,牡,5,佐々木大, 58 ,13,8,１, ,芝2000,良,,(美),清水英克,2013,-0.7,1,1,1,36.3,494,+6,
,"2025. 8.24",札幌,2札2,1勝,１勝ｸﾗｽ・牝,8,10,エンプレスフレーム,牝,3,原田和真, 53 ,11,3,１, ,ダ1700,良,,(美),上原博之,1456,-0.7,4,3,3,38.2,446,+6,
,"2025. 8.24",札幌,2札2,1勝,１勝ｸﾗｽ,6,7,タミゼ,牝,4,和田陽希,53▲,11,3,１, ,ダ1000,良,,(栗),平田修,0594,-0.1,,2,2,35.6,488,-2,
,"2025. 8.24",札幌,2札2,未勝利,未勝利,8,16,ユキノエミリオ,牡,3,松岡正海, 57 ,16,5,１, ,芝1200,良,,(美),竹内正洋,1094,-0.1,,6,7,35.6,446,+8,
,"2025. 8.24",札幌,2札2,新馬,新馬,1,1,ミスティックレナン,牡,2,北村友一, 55 ,11,2,１, ,芝2000,良,,(栗),上村洋行,2045,-0.4,1,1,1,35.4,526,,
,"2025. 8.24",札幌,2札2,未勝利,未勝利,6,10,レイデラティエラ,牡,3,坂井瑠星, 57 ,14,7,１, ,芝2600,良,,(栗),小崎憲,2425,-0.2,2,2,1,38.5,464,+4,
,"2025. 8.24",札幌,2札2,未勝利,未勝利,6,10,ジョードリウム,牡,3,丹内祐次, 57 ,14,1,１, ,ダ1700,良,,(栗),清水久詞,1465,-0.3,2,2,1,38.7,504,+2,B
,"2025. 8.24",札幌,2札2,未勝利,未勝利*,6,7,レッドスティンガー,牡,2,横山武史, 55 ,12,1,１, ,芝1500,良,,(美),矢嶋大樹,1298,-0.2,3,3,3,35.4,470,0,
,"2025. 8.24",札幌,2札2,未勝利,未勝利*,5,7,マーゴットサンズ,牝,2,本田正重, 55 ,14,7,１, ,ダ1700,良,,(美),伊坂重信,1471,-1.0,5,4,2,37.9,460,-4,
,"2025. 8.23",札幌,2札1,1勝,ニセコ特･1勝,7,7,アーロンイメル,牡,4,丹内祐次, 58 ,7,2,１, ,ダ1700,稍,,(栗),高橋義忠,1457,-0.8,1,1,1,37.7,496,0,B
,"2025. 8.23",札幌,2札1,3勝,WASJ第２･3勝,3,4,パトリックハンサム,牡,6,ハマーハ, 58 ,14,9,１, ,芝2000,良,,(美),柄崎将寿,2021,-0.1,6,8,7,36.5,472,+2,
,"2025. 8.23",札幌,2札1,2勝,WASJ第１･2勝,8,14,ハートホイップ,牝,6,坂井瑠星, 56 ,14,3,１, ,芝1200,良,,(美),蛯名利弘,1090,-0.0,,2,2,34.9,494,0,
,"2025. 8.23",札幌,2札1,ｵｰﾌﾟﾝ,クローバ,6,6,ストームサンダー,牡,2,バデル, 55 ,9,4,１, ,芝1500,良,,(栗),安達昭夫,1297,-0.6,7,5,5,36.0,454,-2,
,"2025. 8.23",札幌,2札1,1勝,１勝ｸﾗｽ,8,8,ビッグベルーガ,牡,5,ウィリア, 58 ,9,6,１, ,ダ2400,稍,,(栗),牧浦充徳,2346,-0.4,6,1,1,38.3,470,0,
,"2025. 8.23",札幌,2札1,1勝,１勝ｸﾗｽ,3,4,エフォートレス,牡,4,横山和生, 58 ,14,1,１, ,芝1500,稍,,(美),嘉藤貴行,1287,-0.5,8,4,3,35.8,492,+6,
,"2025. 8.23",札幌,2札1,1勝,１勝ｸﾗｽ・牝,6,9,トレミニョン,牝,4,横山和生, 56 ,14,3,１, ,芝1800,稍,,(美),和田勇介,1496,-0.0,4,5,3,35.5,474,-2,
,"2025. 8.23",札幌,2札1,新馬,新馬,4,4,グリオンヴール,牡,2,ルメール, 55 ,9,1,１, ,芝1500,稍,*,(美),宮田敬介,1309,-1.2,5,2,2,35.2,468,,
,"2025. 8.23",札幌,2札1,未勝利,未勝利,5,8,ハイクオリティ,牡,3,ゴンサル, 57 ,14,4,１, ,ダ1700,重,,(栗),今野貞一,1445,-1.0,4,3,2,36.8,476,-4,B
,"2025. 8.23",札幌,2札1,未勝利,未勝利,1,1,グランセゾン,牝,3,佐々木大, 55 ,16,3,１, ,芝2000,稍,,(美),栗田徹,2024,-0.4,5,5,2,35.8,454,-4,
,"2025. 8.23",札幌,2札1,未勝利,未勝利・牝,3,3,レイアポポ,牝,3,丹内祐次, 55 ,12,4,１, ,ダ1000,重,,(美),青木孝文,0587,-0.0,,4,3,35.0,464,0,
,"2025. 8.23",札幌,2札1,未勝利,未勝利*,8,8,ストロベリーツリー,牝,2,バデル, 55 ,8,1,１, ,芝1800,稍,,(栗),中内田充,1502,-0.5,1,1,1,37.0,464,-4,
,"2025. 8.17",札幌,1札8,2勝,阿寒湖特･2勝,5,7,レクスノヴァス,牡,3,横山和生, 55 ,14,1,１, ,芝2600,稍,,(栗),上村洋行,2432,-0.5,3,3,3,36.4,490,-2,
,"2025. 8.17",札幌,1札8,Ｇ２,札幌記念G2,5,9,トップナイフ,牡,5,横山典弘, 58 ,16,10,１, ,芝2000,稍,*,(栗),昆貢,2015,-0.2,11,5,3,36.2,484,-8,
,"2025. 8.17",札幌,1札8,2勝,大通公園･2勝,7,8,カウスリップ,牝,3,横山和生, 54 ,11,2,１, ,ダ1000,稍,,(美),中舘英二,0587,-0.0,,4,3,35.5,544,+14,
,"2025. 8.17",札幌,1札8,1勝,小樽特別･1勝,6,12,ハリウッドメモリー,牝,3,横山和生, 54 ,16,4,１, ,芝1200,稍,,(栗),長谷川浩,1101,-0.2,,9,7,34.5,450,-8,
,"2025. 8.17",札幌,1札8,1勝,１勝ｸﾗｽ,4,4,ディアウス,牡,3,北村友一, 55 ,13,1,１, ,ダ1700,稍,,(栗),吉岡辰弥,1452,-0.1,3,3,2,37.4,460,+8,
,"2025. 8.17",札幌,1札8,1勝,１勝ｸﾗｽ・牝,4,5,ピコローズ,牝,3,佐々木大, 53 ,14,1,１, ,芝1500,稍,,(美),伊藤大士,1299,-0.0,3,3,2,35.4,432,0,
,"2025. 8.17",札幌,1札8,1勝,１勝ｸﾗｽ,3,3,ミルフルール,牝,4,斎藤新, 56 ,12,5,１, ,ダ1000,稍,,(美),伊坂重信,0586,-0.0,,2,2,34.9,488,+6,
,"2025. 8.17",札幌,1札8,新馬,新馬,1,1,ジャスティンシカゴ,牡,2,武豊, 55 ,5,2,１, ,芝1800,稍,,(美),宮田敬介,1526,-0.0,1,1,1,35.6,488,,
,"2025. 8.17",札幌,1札8,未勝利,未勝利,1,1,マナエトレ,牡,3,丹内祐次, 57 ,14,2,１, ,ダ1700,良,,(栗),清水久詞,1468,-1.0,3,3,1,37.7,472,+2,
,"2025. 8.17",札幌,1札8,未勝利,未勝利,2,4,ヒルノレーダン,牝,3,古川吉洋, 55 ,16,3,１, ,芝2000,良,,(栗),昆貢,2024,-0.3,5,4,3,36.6,426,+2,B
,"2025. 8.17",札幌,1札8,未勝利,未勝利,8,11,オオタチ,牡,3,佐々木大, 57 ,12,2,１, ,ダ2400,良,,(美),久保田貴,2372,-0.2,8,5,3,37.8,456,+6,B
,"2025. 8.17",札幌,1札8,未勝利,未勝利*,7,8,ウチュウノセカイ,牡,2,丹内祐次, 55 ,10,4,１, ,芝1200,良,,(美),青木孝文,1101,-0.3,,3,2,34.8,492,0,
,"2025. 8.16",札幌,1札7,1勝,石狩特別･1勝,7,10,ショウナンバルドル,セ,3,池添謙一, 55 ,12,3,１, ,芝1800,良,,(栗),須貝尚介,1488,-0.1,9,7,7,35.0,496,-2,
,"2025. 8.16",札幌,1札7,3勝,報知杯Ｈ･3勝,5,7,コトホドサヨウニ,牡,4,佐々木大, 57 ,14,7,１, ,ダ1700,良,,(栗),奥村豊,1443,-0.3,3,3,2,37.7,508,-6,
,"2025. 8.16",札幌,1札7,2勝,知床特別･2勝,6,9,エスペシャリー,牝,3,横山和生, 54 ,13,2,１, ,芝1200,良,,(栗),四位洋文,1086,-0.0,,2,1,34.1,448,-2,
,"2025. 8.16",札幌,1札7,ｵｰﾌﾟﾝ,コスモス,8,8,アスクエジンバラ,牡,2,キング, 55 ,8,1,１, ,芝1800,良,,(栗),福永祐一,1494,-0.4,2,2,1,35.4,458,+4,
,"2025. 8.16",札幌,1札7,1勝,１勝ｸﾗｽ,5,7,ゼロスネーク,牡,3,藤岡佑介, 55 ,14,1,１, ,ダ1700,良,,(栗),四位洋文,1458,-0.1,3,2,2,38.6,458,0,
,"2025. 8.16",札幌,1札7,1勝,１勝ｸﾗｽ,2,2,ラーシャローム,牡,3,岩田康誠, 55 ,9,8,１, ,芝2600,良,,(美),奥村武,2424,-0.0,5,4,3,35.1,478,+4,B
,"2025. 8.16",札幌,1札7,未勝利,未勝利,6,10,ミスティマウンテン,牡,3,横山武史, 57 ,14,3,１, ,ダ1700,良,,(美),池上昌和,1467,-0.2,5,3,3,38.2,444,+2,B
,"2025. 8.16",札幌,1札7,新馬,新馬,4,4,ナオミライトニング,牝,2,佐々木大, 55 ,11,3,１, ,芝1200,良,,(栗),矢作芳人,1106,-0.2,,4,3,36.0,442,,
,"2025. 8.16",札幌,1札7,未勝利,未勝利,6,10,ワタシマツワ,牝,3,小林美駒,52▲,14,1,１, ,芝1500,良,,(美),竹内正洋,1280,-0.4,1,1,1,35.4,426,+4,
,"2025. 8.16",札幌,1札7,未勝利,未勝利,7,10,ディニトーソ,牡,3,舟山瑠泉,54▲,12,3,１, ,ダ1000,良,,(栗),辻野泰之,0585,-0.8,,4,2,35.1,462,-11,
,"2025. 8.16",札幌,1札7,未勝利,未勝利・牝,8,14,サウンドルーチェ,牝,3,小林美駒,52▲,14,7,１, ,ダ1700,良,,(栗),渡辺薫彦,1463,-0.3,7,5,2,38.3,452,+4,
,"2025. 8.16",札幌,1札7,未勝利,未勝利*,6,6,マイネルシンベリン,牡,2,丹内祐次, 55 ,7,1,１, ,芝1800,良,,(美),武市康男,1488,-0.5,2,2,1,34.8,448,-6,
,"2025. 8.10",札幌,1札6,2勝,ＦビレＨ･2勝,3,4,イムホテプ,牡,3,横山武史, 55 ,14,1,１, ,ダ1700,良,,(美),萩原清,1439,-1.0,1,1,1,37.5,484,+4,
,"2025. 8.10",札幌,1札6,ｵｰﾌﾟﾝ,ＵＨＢ賞,6,11,フィオライア,牝,4,鮫島克駿, 55 ,16,2,１, ,芝1200,良,*,(栗),西園正都,1092,-0.0,,1,1,34.4,466,-6,
,"2025. 8.10",札幌,1札6,2勝,摩周湖特･2勝,5,7,フォルテム,牡,3,横山武史, 55 ,14,2,１, ,芝1500,良,,(美),千葉直人,1287,-0.5,2,2,2,34.6,482,+2,
,"2025. 8.10",札幌,1札6,1勝,１勝ｸﾗｽ,7,7,ミラージュナイト,牡,3,藤岡佑介, 55 ,9,1,１, ,芝2000,良,,(栗),辻野泰之,2010,-0.1,9,9,6,34.1,492,+6,
,"2025. 8.10",札幌,1札6,1勝,１勝ｸﾗｽ,4,4,メイショウタイピン,牡,3,池添謙一, 55 ,9,1,１, ,ダ1700,稍,,(栗),飯田祐史,1462,-0.2,3,2,2,37.1,502,+2,B
,"2025. 8.10",札幌,1札6,1勝,１勝ｸﾗｽ・牝,2,2,キントラダンサー,牝,3,横山和生, 54 ,15,1,１, ,芝1200,良,,(栗),長谷川浩,1087,-0.1,,3,2,34.6,462,-6,
,"2025. 8.10",札幌,1札6,未勝利,未勝利,3,4,アスクデッドヒート,牡,3,古川奈穂,54▲,14,2,１, ,芝2600,良,,(栗),矢作芳人,2430,-0.4,9,7,4,36.4,472,+8,
,"2025. 8.10",札幌,1札6,新馬,新馬・牝,5,6,ドルチェミスト,牝,2,横山武史, 55 ,12,4,１, ,芝1500,良,,(栗),小栗実,1311,-0.1,3,3,3,35.4,436,,
,"2025. 8.10",札幌,1札6,未勝利,未勝利,8,13,マーウォルス,牡,3,キング, 57 ,14,1,１, ,ダ1700,稍,,(栗),茶木太樹,1470,-0.1,7,4,2,39.1,468,+2,
,"2025. 8.10",札幌,1札6,未勝利,未勝利・牝,7,13,アルディスティーノ,牝,3,横山和生, 55 ,16,3,１, ,芝2000,良,,(栗),安田翔伍,2010,-0.5,1,1,1,35.1,474,0,
,"2025. 8.10",札幌,1札6,未勝利,未勝利,5,5,メイショウハボマイ,牡,3,松本大輝,56☆,12,10,１, ,ダ1000,稍,,(栗),本田優,0598,-0.1,,1,1,36.0,462,-8,
,"2025. 8.10",札幌,1札6,未勝利,未勝利*,4,5,チャーリー,牡,2,キング, 55 ,14,5,１, ,ダ1700,稍,,(美),国枝栄,1467,-0.1,3,3,3,38.4,506,-2,
,"2025. 8. 9",札幌,1札5,1勝,厚岸特別･1勝,1,1,ヒシアマン,牡,3,キング, 55 ,11,1,１, ,芝1500,良,,(美),堀宣行,1291,-0.2,3,3,2,34.8,464,+2,
,"2025. 8. 9",札幌,1札5,Ｇ３,エルムＳG3,1,1,ペリエール,牡,5,佐々木大, 57 ,14,5,１, ,ダ1700,稍,,(美),黒岩陽一,1435,-0.4,3,3,3,36.6,486,+2,
,"2025. 8. 9",札幌,1札5,2勝,藻岩山特･2勝,7,9,サクラファレル,牡,3,キング, 55 ,11,1,１, ,芝2000,稍,,(美),堀宣行,2031,-0.3,1,1,1,34.7,510,+4,
,"2025. 8. 9",札幌,1札5,1勝,１勝ｸﾗｽ,3,3,キングスコール,牡,3,藤岡佑介, 55 ,10,1,１, ,芝1800,稍,,(栗),矢作芳人,1479,-0.8,1,1,1,35.3,496,-2,
,"2025. 8. 9",札幌,1札5,1勝,１勝ｸﾗｽ・牝,4,4,ナリタヒカリ,牝,3,武豊, 53 ,11,1,１, ,ダ1700,重,,(栗),荒川義之,1455,-0.2,4,4,3,36.9,430,0,
,"2025. 8. 9",札幌,1札5,1勝,１勝ｸﾗｽ,3,3,ビーマックス,牡,3,小林美駒,53▲,12,1,１, ,ダ1000,重,,(栗),藤野健太,0586,-0.1,,1,1,35.7,504,+2,
,"2025. 8. 9",札幌,1札5,未勝利,未勝利,6,10,アリスメティーク,牝,3,ルメール, 55 ,15,2,１, ,芝2000,稍,,(美),大竹正博,2021,-0.4,6,7,4,35.1,438,-8,
,"2025. 8. 9",札幌,1札5,新馬,新馬,5,6,ヒシアムルーズ,牡,2,キング, 55 ,12,1,１, ,芝1800,稍,,(美),堀宣行,1500,-0.3,2,1,1,36.7,472,,
,"2025. 8. 9",札幌,1札5,未勝利,未勝利,3,4,ドゥマーヴェリック,牡,3,キング, 57 ,14,4,１, ,ダ1700,重,,(美),萩原清,1444,-1.4,2,1,1,37.5,464,0,
,"2025. 8. 9",札幌,1札5,未勝利,未勝利,8,15,ハーフェン,牝,3,ルメール, 55 ,16,1,１, ,芝1200,稍,,(美),新開幸一,1094,-0.2,,7,4,34.6,402,+2,
,"2025. 8. 9",札幌,1札5,未勝利,未勝利・牝,4,5,ミサビスケッツ,牝,3,ルメール, 55 ,14,1,１, ,ダ1700,重,,(美),村田一誠,1452,-0.7,4,4,3,38.4,448,+12,
,"2025. 8. 9",札幌,1札5,未勝利,未勝利*,4,4,ブライトフレア,牡,2,浜中俊, 55 ,12,3,１, ,芝1500,稍,,(栗),佐藤悠太,1301,-0.0,12,12,7,35.3,440,0,B
,"2025. 8. 3",札幌,1札4,1勝,積丹特別･1勝,6,6,アルマデオロ,牡,3,武豊, 55 ,8,1,１, ,芝2600,良,,(栗),清水久詞,2445,-0.2,2,2,2,34.9,496,0,
,"2025. 8. 3",札幌,1札4,Ｇ３,クイーンG3,6,10,アルジーヌ,牝,5,川田将雅, 56 ,14,1,１, ,芝1800,良,,(栗),中内田充,1460,-0.0,6,6,6,34.9,460,+2,
,"2025. 8. 3",札幌,1札4,2勝,苫小牧特･2勝,7,11,エヴァンスウィート,牝,4,鮫島克駿, 56 ,13,1,１, ,芝1200,良,,(栗),友道康夫,1084,-0.0,,8,8,34.1,448,-8,
,"2025. 8. 3",札幌,1札4,2勝,２勝ｸﾗｽ,1,1,メイショウキルギス,牡,4,和田陽希,55▲,10,6,１, ,ダ1000,良,,(栗),高橋亮,0586,-0.6,,1,1,35.7,492,0,
,"2025. 8. 3",札幌,1札4,1勝,１勝ｸﾗｽ・牝,6,6,フェアリーライク,牝,3,武豊, 53 ,11,1,１, ,芝2000,良,,(栗),笹田和秀,2004,-0.0,10,9,6,34.6,478,+22,
,"2025. 8. 3",札幌,1札4,1勝,１勝ｸﾗｽ,5,6,カペルブリュッケ,牡,3,鮫島克駿, 55 ,12,3,１, ,ダ1700,良,,(栗),浜田多実,1458,-0.0,8,6,3,38.1,454,+6,
,"2025. 8. 3",札幌,1札4,未勝利,未勝利,8,13,ウインイザナミ,牝,3,丹内祐次, 55 ,14,1,１, ,芝1500,良,,(美),上原博之,1278,-0.0,7,3,3,36.0,498,-2,
,"2025. 8. 3",札幌,1札4,新馬,新馬,4,4,クレパスキュラー,牡,2,キング, 55 ,8,2,１, ,芝1800,良,,(美),栗田徹,1472,-0.9,3,1,1,35.2,470,,
,"2025. 8. 3",札幌,1札4,未勝利,未勝利,5,8,ザハント,牡,3,横山武史, 57 ,14,1,１, ,ダ1700,良,,(栗),田中克典,1471,-0.5,2,1,1,39.6,488,-2,B
,"2025. 8. 3",札幌,1札4,未勝利,未勝利,8,16,パーフェクトパール,牝,3,佐々木大, 55 ,16,1,１, ,芝2000,良,,(栗),中内田充,2019,-0.3,2,3,2,35.3,486,+4,
,"2025. 8. 3",札幌,1札4,未勝利,未勝利・牝,8,13,レディゴディヴァ,牝,3,鮫島克駿, 55 ,14,3,１, ,ダ1700,良,*,(栗),小崎憲,1466,-0.4,1,1,1,38.3,424,0,
,"2025. 8. 3",札幌,1札4,未勝利,未勝利*,6,8,アンティミスト,牡,2,横山武史, 55 ,12,2,１, ,ダ1000,良,,(美),鈴木伸尋,1005,-0.2,,1,2,37.3,516,-8,
,"2025. 8. 2",札幌,1札3,2勝,大倉山特･2勝,7,11,スマートケープ,牝,5,菱田裕二, 56 ,14,3,１, ,ダ1700,良,,(栗),辻野泰之,1446,-1.2,2,2,2,36.6,512,+10,
,"2025. 8. 2",札幌,1札3,3勝,ＳＴＶＨ･3勝,7,13,エープラス,牝,7,横山武史, 54 ,16,12,１, ,芝2000,良,,(美),池上昌和,2002,-0.1,6,4,3,34.9,492,-8,
,"2025. 8. 2",札幌,1札3,2勝,釧路湿原･2勝,8,13,リラボニート,牝,4,藤岡佑介, 56 ,14,2,１, ,芝1800,良,,(栗),須貝尚介,1471,-0.0,11,9,6,34.8,466,0,
,"2025. 8. 2",札幌,1札3,1勝,１勝ｸﾗｽ,8,9,ルシード,牡,3,浜中俊, 56 ,10,4,１, ,芝1200,良,*,(美),田島俊明,1079,-0.7,,2,2,34.6,508,+2,
,"2025. 8. 2",札幌,1札3,1勝,１勝ｸﾗｽ,7,8,リアライズカミオン,牡,3,キング, 55 ,11,1,１, ,ダ1700,良,,(美),堀宣行,1454,-0.6,3,2,1,37.9,510,-2,
,"2025. 8. 2",札幌,1札3,1勝,１勝ｸﾗｽ,7,7,ハートメテオ,牝,3,鮫島克駿, 53 ,10,1,１, ,芝1800,良,,(栗),笹田和秀,1466,-0.1,3,3,3,34.6,444,+2,
,"2025. 8. 2",札幌,1札3,1勝,１勝ｸﾗｽ・牝,3,3,サウンドモリアーナ,牝,3,武豊, 54 ,7,2,１, ,ダ1000,良,,(栗),武英智,0585,-0.2,,3,3,34.7,440,0,
,"2025. 8. 2",札幌,1札3,新馬,新馬,6,7,ポペット,牝,2,橋木太希,52▲,11,7,１, ,芝1500,良,,(栗),高橋康之,1293,-0.5,6,6,7,33.9,416,,
,"2025. 8. 2",札幌,1札3,未勝利,未勝利,7,14,ロパシック,牝,3,池添謙一, 55 ,16,1,１, ,芝2000,良,,(美),大竹正博,1595,-0.2,5,2,1,35.8,448,-6,
,"2025. 8. 2",札幌,1札3,未勝利,未勝利,2,2,ラルフテソーロ,牡,3,丹内祐次, 57 ,14,1,１, ,ダ1700,良,,(美),伊藤圭三,1470,-0.0,1,1,1,37.5,504,+2,
,"2025. 8. 2",札幌,1札3,未勝利,未勝利,8,11,マカニ,牝,3,小林美駒,52▲,12,4,１, ,ダ1000,良,,(美),尾形和幸,0590,-0.1,,1,1,35.7,464,+4,
,"2025. 8. 2",札幌,1札3,未勝利,未勝利*,4,4,ジャストビート,牝,2,丹内祐次, 55 ,8,3,１, ,芝1800,良,,(栗),安達昭夫,1502,-0.1,4,4,4,35.4,418,+2,
,"2025. 7.27",札幌,1札2,2勝,羊ヶ丘特･2勝,2,2,エリーズダイヤ,牝,5,松岡正海, 56 ,8,3,１, ,芝1500,稍,,(美),戸田博文,1280,-0.2,2,2,2,35.2,490,-2,
,"2025. 7.27",札幌,1札2,OP(L),札幌日経(L),3,3,スティンガーグラス,牡,4,北村友一, 57 ,10,1,１, ,芝2600,稍,,(美),木村哲也,2417,-0.1,7,8,8,35.1,482,0,
,"2025. 7.27",札幌,1札2,3勝,ポプラＳ･3勝,2,2,ラタフォレスト,牡,4,鮫島克駿, 58 ,8,3,１, ,ダ1700,重,*,(美),加藤征弘,1428,-0.5,2,2,2,35.7,512,+2,
,"2025. 7.27",札幌,1札2,1勝,１勝ｸﾗｽ,8,8,フォルテム,牡,3,丹内祐次, 55 ,9,4,１, ,芝1500,稍,,(美),千葉直人,1283,-0.2,1,1,1,35.2,480,0,
,"2025. 7.27",札幌,1札2,1勝,１勝ｸﾗｽ,2,2,コンドゥイア,牝,3,鷲頭虎太,50▲,8,1,１, ,芝1800,稍,,(栗),井上智史,1474,-0.4,2,2,2,35.4,490,+2,
,"2025. 7.27",札幌,1札2,1勝,１勝ｸﾗｽ・牝,6,8,サンキャメロン,牝,4,松本大輝,55☆,13,6,１, ,ダ1700,不,,(美),上原博之,1441,-0.2,9,11,9,37.5,460,0,B
,"2025. 7.27",札幌,1札2,1勝,１勝ｸﾗｽ,8,9,ストラテージュ,牡,3,古川奈穂,52▲,9,4,１, ,ダ1000,不,,(栗),矢作芳人,0581,-0.0,,3,3,34.4,458,-2,B
,"2025. 7.27",札幌,1札2,新馬,新馬,6,6,サンセットゴールド,牡,2,鮫島克駿, 55 ,6,1,１, ,芝1800,重,,(栗),矢作芳人,1535,-0.0,3,3,3,34.4,448,,
,"2025. 7.27",札幌,1札2,未勝利,未勝利,5,5,ヨヒーン,牝,3,鮫島克駿, 55 ,9,2,１, ,芝2000,重,*,(栗),杉山晴紀,2028,-0.7,5,5,4,35.3,460,0,B
,"2025. 7.27",札幌,1札2,未勝利,未勝利,3,3,カフェブーケット,牡,3,横山典弘, 57 ,14,1,１, ,ダ1700,不,,(美),柄崎将寿,1453,-0.0,3,6,3,37.4,480,-4,
,"2025. 7.27",札幌,1札2,未勝利,未勝利,7,11,キャナルクルーズ,牝,3,横山武史, 55 ,14,3,１, ,芝1200,重,,(美),大竹正博,1092,-0.0,,3,3,35.1,436,0,
,"2025. 7.27",札幌,1札2,未勝利,未勝利・牝,3,3,メイショウハマギク,牝,3,小林美駒,52▲,14,9,１, ,ダ1700,不,,(栗),藤岡健一,1452,-0.1,1,1,1,39.0,498,+8,
,"2025. 7.26",札幌,1札1,2勝,桑園特別･2勝,6,10,ワイドブリザード,セ,4,浜中俊, 58 ,14,1,１, ,ダ1700,良,,(栗),佐藤悠太,1452,-0.5,1,1,1,36.5,438,-6,B
,"2025. 7.26",札幌,1札1,3勝,ＴＶｈＨ･3勝,3,3,カルプスペルシュ,牝,3,横山武史, 53 ,12,1,１, ,芝1200,良,,(栗),石坂公一,1074,-0.2,,2,2,33.5,460,-10,
,"2025. 7.26",札幌,1札1,2勝,ライラッ･2勝,5,6,スピードリッチ,牡,4,藤岡佑介, 58 ,13,3,１, ,芝2600,良,,(栗),藤岡健一,2399,-0.3,6,6,2,35.2,480,+6,
,"2025. 7.26",札幌,1札1,1勝,１勝ｸﾗｽ,7,11,ショウナンヤッホー,牡,3,池添謙一, 55 ,13,1,１, ,ダ1700,良,,(美),栗田徹,1455,-0.1,8,6,5,37.6,484,+2,
,"2025. 7.26",札幌,1札1,1勝,１勝ｸﾗｽ,2,2,ショウナンサムデイ,牝,3,池添謙一, 53 ,5,3,１, ,芝2000,良,,(美),奥村武,2002,-0.0,3,2,2,34.3,436,+12,
,"2025. 7.26",札幌,1札1,1勝,１勝ｸﾗｽ,1,1,ラセーヌシュメール,牝,4,佐々木大, 56 ,8,1,１, ,芝1200,良,,(美),杉浦宏昭,1087,-0.2,,4,4,34.0,446,-10,
,"2025. 7.26",札幌,1札1,未勝利,未勝利,7,11,デルマケセラセラ,牝,3,横山典弘, 55 ,14,4,１, ,芝1800,良,,(美),小野次郎,1476,-0.1,5,4,3,35.8,426,-6,
,"2025. 7.26",札幌,1札1,新馬,新馬,8,13,テイエムキハク,牡,2,丹内祐次, 55 ,13,8,１, ,ダ1700,良,*,(美),伊藤圭三,1464,-0.3,4,3,2,38.3,466,,
,"2025. 7.26",札幌,1札1,未勝利,未勝利・牝,5,8,シンヒダカゴールド,牝,3,古川吉洋, 55 ,14,2,１, ,芝1500,良,,(栗),角田晃一,1275,-0.0,1,1,1,35.0,476,-4,
,"2025. 7.26",札幌,1札1,未勝利,未勝利,7,12,ディアウス,牡,3,北村友一, 57 ,14,1,１, ,ダ1700,良,*,(栗),吉岡辰弥,1456,-0.3,1,1,1,38.5,452,+4,
,"2025. 7.26",札幌,1札1,未勝利,未勝利,7,9,エンジェルラダー,牝,3,佐々木大, 55 ,12,1,１, ,ダ1000,良,,(美),木村哲也,0595,-0.0,,2,2,36.0,488,+2,B
,"2025. 7.26",札幌,1札1,未勝利,未勝利*,3,3,ショウナンカリス,牝,2,北村友一, 55 ,12,3,１, ,芝1200,良,,(美),加藤士津,1089,-0.2,,6,5,34.1,408,+4,
,"2024. 9. 1",札幌,2札8,1勝,１勝ｸﾗｽ,4,5,ロードクロンヌ,牡,3,藤岡佑介, 55 ,14,1,１, ,ダ1700,重,,(栗),四位洋文,1448,-0.4,3,3,2,38.1,482,+4,
,"2024. 9. 1",札幌,2札8,ｵｰﾌﾟﾝ,タイランＨ,3,4,ショウナンバシット,牡,4,佐々木大, 57 ,14,2,１, ,芝2600,稍,,(栗),須貝尚介,2415,-0.0,3,4,2,37.6,502,+4,B
,"2024. 9. 1",札幌,2札8,2勝,フィリピ･2勝,2,3,ソリダリティ,牡,5,北村友一, 58 ,15,10,１, ,芝2000,稍,,(栗),西園翔太,2030,-0.1,9,8,8,36.0,512,+2,
,"2024. 9. 1",札幌,2札8,ｵｰﾌﾟﾝ,シンガポ,4,4,カワキタマナレア,牝,2,鮫島克駿, 55 ,10,1,１, ,芝1200,稍,,(栗),杉山佳明,1101,-0.3,,8,7,35.1,416,+10,
,"2024. 9. 1",札幌,2札8,1勝,１勝ｸﾗｽ・牝,1,1,メジャーデビュー,牝,3,丹内祐次, 53 ,14,2,１, ,ダ1700,重,,(美),鈴木慎太,1448,-0.7,1,1,1,37.0,440,+6,
,"2024. 9. 1",札幌,2札8,1勝,１勝ｸﾗｽ,7,11,ガイアメンテ,牡,3,佐々木大, 55 ,14,1,１, ,芝1800,稍,,(栗),須貝尚介,1506,-0.1,13,14,12,34.7,498,+8,
,"2024. 9. 1",札幌,2札8,1勝,１勝ｸﾗｽ,1,1,レザンノワール,牡,3,永野猛蔵, 56 ,16,3,１, ,芝1200,稍,,(美),伊藤圭三,1099,-0.2,,4,3,35.6,462,-4,B
,"2024. 9. 1",札幌,2札8,未勝利,未勝利,5,7,イーブンナウ,牝,3,長浜鴻緒,52▲,14,12,１, ,ダ1700,重,,(栗),田中克典,1467,-0.1,1,3,2,38.0,444,+14,
,"2024. 9. 1",札幌,2札8,未勝利,未勝利,2,4,ブライティアダイヤ,牝,3,永野猛蔵, 55 ,16,9,１, ,芝1200,稍,,(美),稲垣幸雄,1101,-0.0,,8,7,34.9,462,-2,
,"2024. 9. 1",札幌,2札8,未勝利,未勝利,6,12,スウィートリワード,牝,3,浜中俊, 55 ,16,8,１, ,芝1200,稍,,(栗),宮本博,1101,-0.0,,8,9,34.9,458,+2,
,"2024. 9. 1",札幌,2札8,未勝利,未勝利,2,2,サンキャメロン,牝,3,横山武史, 55 ,14,5,１, ,ダ1700,重,,(美),上原博之,1455,-0.1,2,2,1,38.1,458,+8,B
,"2024. 9. 1",札幌,2札8,未勝利,未勝利*,2,2,マハートマーベル,牡,2,高杉吏麒,52▲,12,10,１, ,芝2000,稍,,(栗),西村真幸,2055,-0.2,3,5,5,36.8,458,0,
,"2024. 9. 1",札幌,2札8,未勝利,未勝利*,6,8,ヒシアマン,牡,2,藤岡佑介, 55 ,12,1,１, ,芝1500,稍,,(美),堀宣行,1308,-1.0,4,7,3,35.4,458,+10,
,"2024. 8.31",札幌,2札7,2勝,マレーシ･2勝,8,15,ツインクルトーズ,牝,4,古川吉洋, 56 ,16,3,１, ,芝1200,重,,(美),牧光二,1105,-0.2,,12,7,34.9,510,+2,B
,"2024. 8.31",札幌,2札7,Ｇ３,札幌２歳G3,2,2,マジックサンズ,牡,2,佐々木大, 55 ,12,3,１, ,芝1800,重,,(栗),須貝尚介,1503,-0.0,6,6,2,36.6,500,-2,
,"2024. 8.31",札幌,2札7,3勝,アジア競･3勝,7,11,ドナベティ,牝,3,武豊, 53 ,14,5,１, ,芝1500,重,,(栗),矢作芳人,1300,-0.0,10,10,10,35.4,422,0,
,"2024. 8.31",札幌,2札7,2勝,インディ･2勝,6,9,クラヴィコード,牝,3,横山武史, 53 ,13,8,１, ,ダ1700,重,,(栗),中村直也,1436,-0.2,1,1,1,36.1,490,0,B
,"2024. 8.31",札幌,2札7,1勝,１勝ｸﾗｽ,4,8,ノーブルスカイ,牡,3,鮫島克駿, 55 ,16,5,１, ,芝2000,重,,(栗),高柳大輔,2039,-0.5,1,1,1,36.6,466,-2,
,"2024. 8.31",札幌,2札7,1勝,１勝ｸﾗｽ,2,2,ルージュシュエット,牝,3,古川奈穂,50★,14,2,１, ,ダ1700,重,,(栗),矢作芳人,1441,-0.1,1,1,1,37.4,456,0,
,"2024. 8.31",札幌,2札7,1勝,１勝ｸﾗｽ,8,11,ヴェラリーシャ,牝,3,永野猛蔵, 54 ,12,4,１, ,ダ1000,重,,(美),伊藤圭三,0585,-0.0,,2,2,35.5,484,+2,
,"2024. 8.31",札幌,2札7,新馬,新馬,6,7,ダイシンラー,牡,2,岩田康誠, 55 ,12,4,１, ,芝1500,重,,(栗),梅田智之,1340,-0.0,9,8,6,36.2,494,,
,"2024. 8.31",札幌,2札7,未勝利,未勝利,1,1,マクミランテソーロ,牡,3,丹内祐次, 57 ,14,4,１, ,ダ1700,重,,(美),田中剛,1455,-0.5,1,1,1,37.8,476,0,
,"2024. 8.31",札幌,2札7,未勝利,未勝利,3,6,アラタマフェーヴル,牡,3,北村友一, 57 ,16,5,１, ,芝2000,重,,(栗),浜田多実,2026,-0.7,1,1,2,37.0,486,-4,
,"2024. 8.31",札幌,2札7,未勝利,未勝利*,7,12,アローオブライト,牡,2,藤岡佑介, 55 ,14,3,１, ,ダ1700,重,,(栗),渡辺薫彦,1459,-0.0,7,2,2,37.2,460,-8,
,"2024. 8.31",札幌,2札7,未勝利,未勝利*,6,8,オイランブチ,牝,2,長浜鴻緒,52▲,13,4,１, ,芝1200,重,,(美),的場均,1114,-0.2,,4,5,35.6,432,+2,
,"2024. 8.25",札幌,2札6,2勝,WASJ第４･2勝,7,11,エゾダイモン,牡,4,モレイラ, 58 ,14,3,１, ,芝1800,良,,(栗),武幸四郎,1480,-0.0,11,10,11,34.7,466,-4,
,"2024. 8.25",札幌,2札6,Ｇ３,キーンラG3,5,10,サトノレーヴ,牡,5,レーン, 57 ,16,2,１, ,芝1200,良,,(美),堀宣行,1079,-0.3,,4,3,34.0,548,+16,
,"2024. 8.25",札幌,2札6,2勝,WASJ第３･2勝,4,6,ティアップリオン,牡,6,武豊, 58 ,14,9,１, ,ダ1700,良,*,(美),奥平雅士,1466,-0.0,8,8,5,37.6,488,+2,B
,"2024. 8.25",札幌,2札6,1勝,小樽特別･1勝,7,13,フィオライア,牝,3,坂井瑠星, 54 ,15,1,１, ,芝1200,良,,(栗),西園正都,1082,-0.0,,2,2,34.4,464,+6,
,"2024. 8.25",札幌,2札6,1勝,１勝ｸﾗｽ,7,12,チュウワダンス,牝,5,荻野琢真, 56 ,14,3,１, ,芝1500,良,,(栗),大久保龍,1280,-0.4,14,13,13,34.5,470,-2,
,"2024. 8.25",札幌,2札6,1勝,１勝ｸﾗｽ,7,10,ペプチドシュチク,牡,3,富田暁, 56 ,12,2,１, ,ダ1000,良,,(栗),武英智,0597,-0.2,,4,4,35.5,478,-10,B
,"2024. 8.25",札幌,2札6,未勝利,未勝利,3,5,レイピカケ,牝,3,モレイラ, 55 ,16,2,１, ,芝2000,良,,(栗),野中賢二,2007,-0.2,11,14,11,35.2,450,-2,B
,"2024. 8.25",札幌,2札6,新馬,新馬,7,9,ミッキーマドンナ,牝,2,モレイラ, 55 ,12,1,１, ,芝1800,良,,(美),堀宣行,1503,-0.0,6,5,3,34.6,450,,
,"2024. 8.25",札幌,2札6,未勝利,未勝利・牝,4,6,ローマンレイク,牝,3,ホー, 55 ,14,5,１, ,ダ1700,良,,(栗),松永幹夫,1474,-0.5,6,6,3,37.3,432,0,
,"2024. 8.25",札幌,2札6,未勝利,未勝利,6,8,サベージラヴ,牝,3,小林勝太,53△,12,12,１, ,ダ1000,良,,(美),伊藤圭三,0587,-1.0,,1,1,35.3,458,+2,B
,"2024. 8.25",札幌,2札6,未勝利,未勝利,8,13,プラムダンディ,牡,3,ルメール, 57 ,14,2,１, ,ダ1700,良,,(美),尾形和幸,1473,-0.3,7,6,4,37.4,450,+2,
,"2024. 8.25",札幌,2札6,未勝利,未勝利・牝*,3,3,ウォーターエアリー,牝,2,武豊, 55 ,8,1,１, ,芝1500,良,,(栗),高柳大輔,1303,-0.2,4,4,2,34.3,404,-10,
,"2024. 8.24",札幌,2札5,1勝,ニセコ特･1勝,7,8,ヴァルドルチャ,牡,3,モレイラ, 55 ,10,1,１, ,ダ1700,良,,(美),田中博康,1467,-0.4,2,2,1,38.1,448,+2,
,"2024. 8.24",札幌,2札5,3勝,WASJ第２･3勝,3,3,シュバルツクーゲル,牡,3,ルメール, 56 ,14,1,１, ,芝2000,良,,(美),鹿戸雄一,2001,-0.4,10,10,6,36.4,488,+4,
,"2024. 8.24",札幌,2札5,2勝,WASJ第１･2勝,8,14,クファシル,牡,4,ティータ, 58 ,14,2,１, ,芝1200,良,,(栗),池添学,1089,-0.0,,6,4,34.8,494,-2,
,"2024. 8.24",札幌,2札5,1勝,ルスツ特･1勝,5,7,ヴェローチェエラ,牡,3,川田将雅, 55 ,14,1,１, ,芝2600,良,,(栗),須貝尚介,2420,-0.1,5,6,2,35.9,500,+8,
,"2024. 8.24",札幌,2札5,1勝,１勝ｸﾗｽ・牝,6,8,サウンドアレグリア,牝,3,武豊, 53 ,12,1,１, ,ダ1700,良,,(栗),武英智,1466,-0.2,1,1,1,39.1,502,+6,
,"2024. 8.24",札幌,2札5,1勝,１勝ｸﾗｽ,2,2,ウインアクトゥール,牡,3,ティータ, 55 ,14,5,１, ,芝1800,良,,(美),栗田徹,1483,-0.0,4,4,4,35.6,436,+4,
,"2024. 8.24",札幌,2札5,未勝利,未勝利,8,14,アドマイヤアストラ,牡,3,武豊, 57 ,14,4,１, ,芝1500,良,,(栗),友道康夫,1286,-0.3,2,2,2,35.1,440,+6,
,"2024. 8.24",札幌,2札5,新馬,新馬,6,7,グランジョルノ,牡,2,ルメール, 55 ,12,2,１, ,ダ1700,良,,(美),高柳瑞樹,1500,-0.3,9,8,7,39.0,472,,
,"2024. 8.24",札幌,2札5,未勝利,未勝利,6,10,アイウィル,牡,3,北村友一, 57 ,14,2,１, ,ダ1700,良,,(美),高木登,1471,-0.7,3,3,2,38.8,518,+4,B
,"2024. 8.24",札幌,2札5,未勝利,未勝利・牝,8,12,ミルフルール,牝,3,北村友一, 55 ,12,2,１, ,ダ1000,良,,(美),伊坂重信,0593,-0.9,,1,1,36.0,478,0,
,"2024. 8.24",札幌,2札5,未勝利,未勝利*,2,2,ローレルオーブ,牡,2,ホー, 55 ,9,5,１, ,芝1800,良,,(栗),杉山佳明,1502,-0.0,6,6,6,35.6,448,-8,
,"2024. 8.24",札幌,2札5,未勝利,未勝利*,1,1,ロードヴェルト,牡,2,高杉吏麒,52▲,7,2,１, ,芝1200,良,,(栗),牧浦充徳,1097,-0.0,,4,4,34.3,416,0,
,"2024. 8.18",札幌,2札4,1勝,１勝ｸﾗｽ,6,9,オーバーザドリーム,牡,4,佐々木大, 58 ,14,3,１, ,ダ1700,良,,(栗),清水久詞,1475,-0.5,3,3,1,37.6,468,-6,
,"2024. 8.18",札幌,2札4,Ｇ２,札幌記念G2,8,12,ノースブリッジ,牡,6,岩田康誠, 58 ,12,5,１, ,芝2000,良,,(美),奥村武,1596,-0.3,2,2,2,35.0,502,+1,
,"2024. 8.18",札幌,2札4,2勝,知床特別･2勝,1,1,シカゴスティング,牝,3,川田将雅, 54 ,16,1,１, ,芝1200,良,,(栗),庄野靖志,1083,-0.1,,5,5,34.6,434,+8,
,"2024. 8.18",札幌,2札4,2勝,大通公園･2勝,2,2,リフレクトザムーン,牝,3,小林勝太, 53 ,14,10,１, ,ダ1700,良,,(美),尾形和幸,1462,-0.0,2,2,1,38.5,462,+16,
,"2024. 8.18",札幌,2札4,ｵｰﾌﾟﾝ,クローバ,7,7,ニタモノドウシ,牡,2,川田将雅, 55 ,10,2,１, ,芝1500,良,,(美),高木登,1286,-0.3,4,5,5,34.4,460,-2,
,"2024. 8.18",札幌,2札4,1勝,１勝ｸﾗｽ・牝,2,2,ウインルピナス,牝,4,横山武史, 56 ,13,3,１, ,芝2000,良,,(美),鈴木伸尋,2012,-0.3,1,1,1,35.3,442,+10,
,"2024. 8.18",札幌,2札4,1勝,１勝ｸﾗｽ,8,12,ハイランドリンクス,牝,4,藤岡佑介, 56 ,12,3,１, ,ダ2400,良,,(栗),奥村豊,2363,-0.7,1,1,1,40.0,478,-4,
,"2024. 8.18",札幌,2札4,新馬,新馬,8,8,ショウナンバルドル,牡,2,池添謙一, 55 ,9,1,１, ,芝2000,良,,(栗),須貝尚介,2046,-0.1,5,2,2,36.3,502,,
,"2024. 8.18",札幌,2札4,未勝利,未勝利,3,3,ショウナンガチ,牡,3,池添謙一, 57 ,14,1,１, ,芝2600,良,,(栗),須貝尚介,2407,-0.8,8,7,3,36.5,504,-4,
,"2024. 8.18",札幌,2札4,未勝利,未勝利,1,1,サンマルミッション,牡,3,古川吉洋, 57 ,14,5,１, ,ダ1700,良,,(美),和田勇介,1481,-0.2,14,4,1,39.1,442,0,
,"2024. 8.18",札幌,2札4,未勝利,未勝利,7,9,ハッピーダンス,牝,3,高杉吏麒,52▲,12,1,１, ,ダ1000,良,,(栗),茶木太樹,1000,-0.2,,7,6,35.9,456,-2,B
,"2024. 8.18",札幌,2札4,未勝利,未勝利*,7,7,オーケースマイル,牝,2,武豊, 55 ,9,1,１, ,芝1500,良,,(美),相沢郁,1297,-0.3,1,1,1,36.3,424,+12,
,"2024. 8.17",札幌,2札3,1勝,１勝ｸﾗｽ・牝,8,8,クラヴィコード,牝,3,笹川翼, 53 ,9,4,１, ,ダ1700,良,,(栗),中村直也,1468,-0.9,2,2,1,37.2,490,0,B
,"2024. 8.17",札幌,2札3,2勝,札幌日Ｈ･2勝,2,2,フェミナフォルテ,牝,4,小林勝太, 53 ,14,6,１, ,芝2600,良,,(美),小島茂之,2405,-0.2,8,7,9,35.5,416,0,
,"2024. 8.17",札幌,2札3,1勝,富良野特･1勝,5,6,コスモブッドレア,牡,3,横山武史, 55 ,12,1,１, ,芝2000,良,,(美),小野次郎,2006,-0.2,2,2,2,35.4,484,+4,
,"2024. 8.17",札幌,2札3,1勝,千歳特別･1勝,8,12,ビーナスローズ,牝,5,永野猛蔵, 56 ,13,1,１, ,芝1500,良,,(栗),杉山佳明,1282,-0.2,1,1,1,35.9,442,0,
,"2024. 8.17",札幌,2札3,1勝,１勝ｸﾗｽ,7,10,ブレーザー,牡,3,長浜鴻緒,53▲,12,1,１, ,ダ1000,良,,(美),伊坂重信,0596,-0.3,,4,4,35.9,512,-2,
,"2024. 8.17",札幌,2札3,未勝利,未勝利,1,2,ウイントレメンデス,牡,3,横山武史, 57 ,16,1,１, ,芝2000,良,,(美),鈴木伸尋,2003,-0.6,2,2,2,37.2,484,+2,
,"2024. 8.17",札幌,2札3,未勝利,未勝利,5,7,プルメリアクヒオ,牡,3,長浜鴻緒,54▲,14,1,１, ,ダ1700,良,,(美),深山雅史,1469,-0.1,5,5,3,37.9,454,0,
,"2024. 8.17",札幌,2札3,新馬,新馬,2,2,メリディアンスター,牡,2,笹川翼, 55 ,8,1,１, ,芝1500,良,,(美),加藤征弘,1288,-0.7,1,1,1,35.1,484,,
,"2024. 8.17",札幌,2札3,未勝利,未勝利・牝,3,4,サンダーアリュール,牝,3,丹内祐次, 55 ,14,6,１, ,ダ1700,良,,(美),菊川正達,1466,-0.5,1,1,1,39.0,454,0,
,"2024. 8.17",札幌,2札3,未勝利,未勝利,5,9,グランテレーズ,牝,3,鮫島克駿, 55 ,16,1,１, ,芝1200,良,,(栗),渡辺薫彦,1091,-0.1,,2,2,35.1,446,-2,
,"2024. 8.17",札幌,2札3,未勝利,未勝利*,3,3,ルージュマローネ,牝,2,横山和生, 55 ,14,3,１, ,ダ1700,良,,(美),栗田徹,1480,-0.2,1,1,1,37.8,468,-6,
,"2024. 8.17",札幌,2札3,未勝利,未勝利*,6,6,ショウナンサムデイ,牝,2,池添謙一, 55 ,10,2,１, ,芝1800,良,,(美),奥村武,1503,-0.4,3,3,3,34.5,426,0,
,"2024. 8.11",札幌,2札2,1勝,１勝ｸﾗｽ,6,8,タイセイミッション,牡,3,石川倭, 55 ,12,6,１, ,ダ1700,良,,(美),伊藤圭三,1459,-0.8,6,4,2,38.9,532,+14,B
,"2024. 8.11",札幌,2札2,ｵｰﾌﾟﾝ,ＵＨＢ賞,1,2,プルパレイ,セ,5,武豊, 58 ,16,5,１, ,芝1200,良,,(栗),須貝尚介,1080,-0.1,,3,2,34.4,498,+4,
,"2024. 8.11",札幌,2札2,2勝,藻岩山特･2勝,8,11,パトリックハンサム,牡,5,丹内祐次, 58 ,12,12,１, ,芝2000,良,,(美),菊沢隆徳,1596,-0.0,5,3,2,36.2,468,+4,
,"2024. 8.11",札幌,2札2,2勝,桑園特別･2勝,5,6,ガビーズシスター,牝,3,武豊, 54 ,12,1,１, ,ダ1000,良,,(美),森一誠,0587,-0.4,,5,4,35.5,466,-2,
,"2024. 8.11",札幌,2札2,ｵｰﾌﾟﾝ,コスモス,1,1,アスクシュタイン,牡,2,北村友一, 55 ,7,2,１, ,芝1800,良,,(栗),藤原英昭,1492,-1.1,1,1,1,35.0,488,-4,
,"2024. 8.11",札幌,2札2,1勝,１勝ｸﾗｽ・牝,8,13,ラーンザロープス,牝,3,菱田裕二, 53 ,14,2,１, ,芝1500,良,,(栗),武幸四郎,1275,-0.1,6,5,3,34.6,450,-4,
,"2024. 8.11",札幌,2札2,1勝,１勝ｸﾗｽ,4,5,ダノンスウィッチ,牡,3,武豊, 55 ,13,1,１, ,ダ1700,良,,(栗),音無秀孝,1463,-0.0,3,2,2,38.4,476,+6,
,"2024. 8.11",札幌,2札2,新馬,新馬,8,9,マテンロウサン,牡,2,横山和生, 55 ,9,2,１, ,芝1800,良,,(栗),昆貢,1493,-0.6,5,3,3,35.2,502,,
,"2024. 8.11",札幌,2札2,未勝利,未勝利,4,6,シャーリーゴールド,牝,3,武豊, 55 ,14,2,１, ,芝1500,良,,(栗),須貝尚介,1282,-0.0,3,4,3,35.1,444,0,
,"2024. 8.11",札幌,2札2,未勝利,未勝利,5,7,キングブルー,牡,3,藤岡佑介, 57 ,14,4,１, ,ダ1700,良,,(栗),四位洋文,1461,-0.5,3,2,1,39.0,486,+6,
,"2024. 8.11",札幌,2札2,未勝利,未勝利,7,10,マルチライセンス,セ,3,横山和生, 57 ,12,3,１, ,ダ2400,良,,(美),高柳瑞樹,2380,-0.1,3,1,1,39.7,448,-4,B
,"2024. 8.11",札幌,2札2,未勝利,未勝利*,3,3,モズナナスター,牝,2,鮫島克駿, 55 ,7,1,１, ,芝1200,良,,(栗),矢作芳人,1096,-0.2,,3,3,34.3,446,-8,
,"2024. 8.10",札幌,2札1,1勝,１勝ｸﾗｽ,6,12,ジョーメッドヴィン,牡,3,武豊, 56 ,16,2,１, ,芝1200,良,,(栗),清水久詞,1086,-0.0,,6,6,34.9,502,0,
,"2024. 8.10",札幌,2札1,3勝,報知杯Ｈ･3勝,5,7,カンピオーネ,牡,5,横山武史, 56 ,14,2,１, ,ダ1700,良,,(美),栗田徹,1453,-0.5,9,9,4,37.8,518,+2,
,"2024. 8.10",札幌,2札1,2勝,日高特別･2勝,7,9,オーサムストローク,牡,3,横山武史, 55 ,12,2,１, ,芝1500,良,,(美),伊藤圭三,1280,-0.2,3,3,3,34.8,440,+4,
,"2024. 8.10",札幌,2札1,1勝,石狩特別･1勝,7,10,マイネルブリックス,牡,3,丹内祐次, 55 ,13,4,１, ,芝1800,良,,(美),黒岩陽一,1480,-0.0,5,5,3,36.0,462,+16,
,"2024. 8.10",札幌,2札1,1勝,１勝ｸﾗｽ,6,7,ウインネモフィラ,牝,4,黛弘人, 56 ,11,6,１, ,芝2600,良,,(美),奥平雅士,2414,-0.0,2,2,2,36.7,442,+8,
,"2024. 8.10",札幌,2札1,1勝,１勝ｸﾗｽ,7,10,セリエル,牝,3,大野拓弥, 54 ,12,1,１, ,ダ1000,良,,(美),杉浦宏昭,0594,-0.0,,2,2,36.5,472,+8,
,"2024. 8.10",札幌,2札1,未勝利,未勝利,1,1,スピードリッチ,牡,3,藤岡佑介, 57 ,16,1,１, ,芝2000,良,,(栗),藤岡健一,2007,-0.8,2,2,1,36.1,480,-2,
,"2024. 8.10",札幌,2札1,新馬,新馬・牝,1,1,クリノメイ,牝,2,佐々木大, 55 ,7,2,１, ,芝1500,良,,(栗),須貝尚介,1297,-0.1,3,2,3,34.8,444,,
,"2024. 8.10",札幌,2札1,未勝利,未勝利,1,1,ロードクロンヌ,牡,3,藤岡佑介, 57 ,14,1,１, ,ダ1700,良,,(栗),四位洋文,1461,-0.9,1,1,1,37.8,478,+2,
,"2024. 8.10",札幌,2札1,未勝利,未勝利,8,11,ミスターディジェイ,牡,3,丹内祐次, 57 ,12,2,１, ,ダ1000,良,,(美),清水英克,0599,-0.2,,1,1,36.9,536,-4,B
,"2024. 8.10",札幌,2札1,未勝利,未勝利・牝,8,13,セージグリーン,牝,3,丹内祐次, 55 ,14,3,１, ,ダ1700,良,,(美),菊川正達,1466,-0.6,3,2,2,38.5,480,+4,
,"2024. 8.10",札幌,2札1,未勝利,未勝利*,6,6,テリオスララ,牝,2,鮫島克駿, 55 ,7,1,１, ,芝1800,良,,(美),田島俊明,1494,-0.1,1,1,1,34.9,496,0,
,"2024. 8. 4",札幌,1札6,1勝,１勝ｸﾗｽ・牝,8,15,ヒラボクミニー,牝,3,横山武史, 54 ,16,6,１, ,芝1200,稍,,(美),村田一誠,1094,-0.0,,7,5,35.4,480,+14,
,"2024. 8. 4",札幌,1札6,Ｇ３,エルムＳG3,6,9,ペイシャエス,牡,5,横山和生, 58 ,14,5,１, ,ダ1700,稍,,(美),小西一男,1440,-0.1,3,4,4,36.7,500,0,
,"2024. 8. 4",札幌,1札6,2勝,札幌スポ･2勝,4,8,コナブラック,牡,5,亀田温心, 58 ,16,6,１, ,芝1200,稍,,(栗),清水久詞,1093,-0.0,,4,4,34.7,516,+2,
,"2024. 8. 4",札幌,1札6,2勝,ＨＴＢ賞･2勝,7,11,エリダヌス,牝,4,横山武史, 56 ,14,1,１, ,芝1800,稍,,(美),青木孝文,1492,-0.0,3,3,3,35.9,494,+2,
,"2024. 8. 4",札幌,1札6,1勝,１勝ｸﾗｽ,4,4,ハヤテノフクノスケ,牡,3,鮫島克駿, 55 ,10,1,１, ,芝2000,稍,,(栗),中村直也,2015,-0.5,6,5,3,35.8,514,+2,
,"2024. 8. 4",札幌,1札6,1勝,１勝ｸﾗｽ・牝,5,7,タマモプルメリア,牝,3,高杉吏麒,50▲,13,5,１, ,ダ1700,稍,,(栗),大橋勇樹,1466,-0.3,2,1,1,38.9,458,+8,
,"2024. 8. 4",札幌,1札6,未勝利,未勝利,6,9,テイキットイージー,牡,3,丹内祐次, 57 ,14,4,１, ,芝2600,稍,,(美),萱野浩二,2438,-0.1,3,1,1,37.2,430,-2,
,"2024. 8. 4",札幌,1札6,新馬,新馬,7,7,アルマヴェローチェ,牝,2,横山武史, 55 ,8,2,１, ,芝1800,稍,,(栗),上村洋行,1519,-0.0,1,1,1,36.0,482,,
,"2024. 8. 4",札幌,1札6,未勝利,未勝利,1,1,ソルアマゾン,牡,3,石川倭, 57 ,14,9,１, ,ダ1700,稍,,(栗),小栗実,1475,-0.1,10,3,2,39.7,456,-2,
,"2024. 8. 4",札幌,1札6,未勝利,未勝利,1,1,スプリングデイ,牝,3,黛弘人, 55 ,16,9,１, ,芝1200,稍,,(美),伊藤大士,1101,-0.0,,1,1,35.8,434,0,
,"2024. 8. 4",札幌,1札6,未勝利,未勝利,7,9,キャンドルマス,牡,3,北村友一, 57 ,12,3,１, ,ダ1000,稍,,(栗),小崎憲,0592,-0.3,,3,3,35.9,480,+2,B
,"2024. 8. 4",札幌,1札6,未勝利,未勝利*,6,10,ベルベルコンパス,牡,2,北村友一, 55 ,14,1,１, ,ダ1700,稍,,(栗),小栗実,1475,-0.8,2,2,2,39.3,522,0,
,"2024. 8. 3",札幌,1札5,1勝,１勝ｸﾗｽ,5,7,クォーツァイト,牝,3,斎藤新, 53 ,14,3,１, ,ダ1700,良,,(美),斎藤誠,1453,-0.1,2,2,2,37.7,466,0,
,"2024. 8. 3",札幌,1札5,OP(L),札幌日経(L),6,8,ショウナンバシット,牡,4,佐々木大, 57 ,12,6,１, ,芝2600,良,,(栗),須貝尚介,2389,-0.3,2,2,1,35.4,498,-2,B
,"2024. 8. 3",札幌,1札5,2勝,苫小牧Ｈ･2勝,3,4,ゲットアップ,セ,6,古川吉洋, 55 ,14,7,１, ,ダ1700,良,,(美),牧光二,1451,-0.6,8,3,1,36.4,476,-8,B
,"2024. 8. 3",札幌,1札5,1勝,旭川特別･1勝,1,1,ブルーミンデザイン,牡,3,浜中俊, 55 ,14,2,１, ,芝1500,良,,(栗),宮本博,1285,-0.0,6,6,6,34.3,466,+2,
,"2024. 8. 3",札幌,1札5,1勝,１勝ｸﾗｽ,1,1,ホウオウプロサンゲ,牡,3,菱田裕二, 55 ,13,2,１, ,芝1800,良,,(栗),矢作芳人,1474,-0.4,2,2,2,34.9,482,0,
,"2024. 8. 3",札幌,1札5,1勝,１勝ｸﾗｽ,3,3,セッテイロク,牝,3,高杉吏麒,51▲,11,1,１, ,ダ1000,良,,(美),竹内正洋,0591,-0.2,,1,2,35.7,440,+6,
,"2024. 8. 3",札幌,1札5,未勝利,未勝利,8,15,マイネルバーテクス,牡,3,丹内祐次, 57 ,16,5,１, ,芝2000,良,,(美),水野貴広,2008,-0.0,10,10,8,35.2,492,+8,
,"2024. 8. 3",札幌,1札5,新馬,新馬,8,9,カワキタマナレア,牝,2,鮫島克駿, 55 ,9,3,１, ,芝1200,良,,(栗),杉山佳明,1090,-0.6,,5,5,33.8,406,,
,"2024. 8. 3",札幌,1札5,未勝利,未勝利,4,5,サンカルミア,牡,3,横山武史, 57 ,14,1,１, ,ダ1700,良,,(美),伊坂重信,1465,-0.7,2,2,2,38.1,464,0,B
,"2024. 8. 3",札幌,1札5,未勝利,未勝利・牝,7,14,ソニックドライブ,牝,3,武豊, 55 ,16,1,１, ,芝2000,良,,(栗),田中克典,2008,-0.1,5,4,3,35.4,440,-2,
,"2024. 8. 3",札幌,1札5,未勝利,未勝利,5,8,ロードインフェルノ,牡,3,丹内祐次, 57 ,14,2,１, ,ダ1700,良,,(美),尾形和幸,1473,-0.1,4,4,3,37.8,470,-4,B
,"2024. 8. 3",札幌,1札5,未勝利,未勝利*,6,6,ソロモン,牡,2,佐々木大, 55 ,10,1,１, ,芝1500,良,,(美),堀宣行,1295,-0.0,2,2,2,35.3,524,-6,
,"2024. 7.28",札幌,1札4,2勝,２勝ｸﾗｽ・牝,8,10,エリカサファイア,牝,3,佐々木大, 53 ,10,1,１, ,ダ1700,重,,(美),堀宣行,1428,-0.6,4,4,1,36.4,476,-14,
,"2024. 7.28",札幌,1札4,Ｇ３,クイーンG3,7,12,コガネノソラ,牝,3,丹内祐次, 51 ,14,5,１, ,芝1800,稍,,(美),菊沢隆徳,1474,-0.0,8,6,5,34.8,454,+6,
,"2024. 7.28",札幌,1札4,3勝,ポプラＳ･3勝,8,10,シダー,牝,5,角田大河, 56 ,10,4,１, ,ダ1700,重,,(栗),本田優,1430,-0.3,2,1,1,35.8,496,-16,B
,"2024. 7.28",札幌,1札4,2勝,阿寒湖特･2勝,8,11,アスターブジエ,牡,4,西村淳也, 58 ,12,2,１, ,芝2600,稍,,(栗),中竹和也,2409,-0.1,10,8,6,35.9,468,+6,
,"2024. 7.28",札幌,1札4,1勝,１勝ｸﾗｽ,3,3,ロードトレイル,牡,3,高杉吏麒,52▲,14,2,１, ,芝1200,稍,,(栗),藤岡健一,1096,-0.0,,3,2,35.2,480,+4,
,"2024. 7.28",札幌,1札4,1勝,１勝ｸﾗｽ・牝,7,7,リラボニート,牝,3,浜中俊, 53 ,10,4,１, ,芝1800,稍,,(栗),須貝尚介,1481,-0.1,3,2,2,35.2,470,+12,
,"2024. 7.28",札幌,1札4,1勝,１勝ｸﾗｽ,5,8,ミッキーラッキー,牡,3,ルメール, 55 ,14,1,１, ,ダ1700,不,,(美),堀宣行,1441,-0.3,2,2,1,36.7,552,-16,
,"2024. 7.28",札幌,1札4,新馬,新馬,5,5,ファイアンクランツ,牡,2,佐々木大, 55 ,12,3,１, ,芝1800,重,,(美),堀宣行,1505,-0.2,3,2,1,34.8,442,,
,"2024. 7.28",札幌,1札4,未勝利,未勝利,6,11,フォルテフィオーレ,牡,3,佐々木大, 57 ,15,7,１, ,芝2000,重,,(美),上原佑紀,2020,-0.6,1,1,1,35.6,430,-12,
,"2024. 7.28",札幌,1札4,未勝利,未勝利,7,11,ウインアルドーレ,牡,3,佐々木大, 57 ,14,1,１, ,ダ1700,不,,(栗),西園翔太,1461,-0.1,3,3,2,38.5,476,-6,B
,"2024. 7.28",札幌,1札4,未勝利,未勝利,8,11,テイエムタリスマ,牡,3,古川奈穂,53★,12,1,１, ,ダ1000,不,,(栗),木原一良,0589,-0.1,,2,1,35.5,468,-2,
,"2024. 7.28",札幌,1札4,未勝利,未勝利,6,9,インマイポケット,牝,3,ルメール, 55 ,14,1,１, ,芝1500,重,,(栗),武幸四郎,1301,-0.3,5,3,2,35.5,428,-2,
,"2024. 7.27",札幌,1札3,2勝,２勝ｸﾗｽ,2,2,ジョーローリット,牝,3,角田大河,52☆,12,1,１, ,ダ1000,良,,(栗),中竹和也,0587,-0.2,,1,1,35.7,476,-2,
,"2024. 7.27",札幌,1札3,3勝,ＳＴＶＨ･3勝,4,5,フェアエールング,牝,4,丹内祐次, 53 ,14,7,１, ,芝2000,良,,(美),和田正一,2006,-0.0,4,4,4,34.3,454,-4,
,"2024. 7.27",札幌,1札3,2勝,摩周湖Ｈ･2勝,5,7,エマヌエーレ,牡,4,池添謙一, 55 ,14,8,１, ,芝1500,良,,(栗),平田修,1277,-0.3,3,4,3,34.4,500,0,
,"2024. 7.27",札幌,1札3,1勝,積丹特別･1勝,8,9,ライフセービング,牡,3,鮫島克駿, 55 ,9,2,１, ,芝2600,良,,(栗),宮徹,2423,-0.1,9,6,5,34.9,452,-2,B
,"2024. 7.27",札幌,1札3,1勝,１勝ｸﾗｽ,7,12,オルゴーリオ,牡,3,武豊, 55 ,14,1,１, ,ダ1700,良,,(美),菊沢隆徳,1461,-0.1,5,5,3,37.5,512,+8,
,"2024. 7.27",札幌,1札3,1勝,１勝ｸﾗｽ,1,1,タンゴバイラリン,牡,3,横山和生, 55 ,9,1,１, ,芝2000,良,,(美),栗田徹,2001,-0.1,4,2,1,34.5,506,-8,
,"2024. 7.27",札幌,1札3,1勝,１勝ｸﾗｽ・牝,7,10,ムーム,牝,3,鮫島克駿, 53 ,12,3,１, ,ダ1000,良,,(栗),杉山佳明,0587,-0.7,,2,2,35.5,454,0,B
,"2024. 7.27",札幌,1札3,新馬,新馬,7,12,アルテヴェローチェ,牡,2,武豊, 55 ,14,1,１, ,芝1500,良,,(栗),須貝尚介,1299,-0.0,4,4,4,34.7,448,,
,"2024. 7.27",札幌,1札3,未勝利,未勝利,5,8,ダイタジャスティス,牡,3,小林勝太,55△,14,12,１, ,ダ1700,良,,(美),小野次郎,1467,-0.2,2,2,1,39.1,478,-4,B
,"2024. 7.27",札幌,1札3,未勝利,未勝利,5,10,サルヴィアーノ,牝,3,横山和生, 55 ,16,1,１, ,芝2000,良,,(美),栗田徹,2021,-0.1,2,3,2,35.7,484,-6,
,"2024. 7.27",札幌,1札3,未勝利,未勝利・牝,1,1,グディンナ,牝,3,永野猛蔵, 55 ,14,7,１, ,ダ1700,良,,(栗),牧田和弥,1461,-0.3,3,3,3,38.2,404,-6,
,"2024. 7.27",札幌,1札3,未勝利,未勝利*,8,10,シマサンブラック,牡,2,北村友一, 55 ,10,6,１, ,芝1800,良,,(美),蛯名正義,1497,-0.2,3,3,3,35.3,466,0,
,"2024. 7.21",札幌,1札2,1勝,１勝ｸﾗｽ,2,2,ルージュイストリア,牝,4,大野拓弥, 56 ,14,10,１, ,芝1500,良,*,(美),大竹正博,1273,-0.1,5,7,4,34.6,464,+6,
,"2024. 7.21",札幌,1札2,ｵｰﾌﾟﾝ,しらかばＨ,5,5,ゾンニッヒ,牡,6,武豊, 57 ,11,2,１, ,芝1200,良,,(栗),池江泰寿,1083,-0.0,,10,9,33.5,482,+6,
,"2024. 7.21",札幌,1札2,2勝,大倉山特･2勝,8,8,セクシーブーケ,牝,3,北村友一, 53 ,8,1,１, ,ダ1700,良,,(栗),田中克典,1461,-1.0,4,4,3,37.0,446,0,
,"2024. 7.21",札幌,1札2,2勝,ＨＢＣ賞･2勝,3,3,ナムラローズマリー,牝,3,武豊, 53 ,12,1,１, ,芝1200,良,,(栗),羽月友彦,1088,-0.0,,1,1,34.7,448,-6,
,"2024. 7.21",札幌,1札2,1勝,１勝ｸﾗｽ,5,5,ナイトスラッガー,牡,3,鮫島克駿, 55 ,10,2,１, ,芝2000,良,,(栗),小栗実,2001,-0.0,7,2,2,35.0,518,-4,
,"2024. 7.21",札幌,1札2,1勝,１勝ｸﾗｽ,6,6,ノボリショウリュウ,牡,3,川端海翼,52▲,9,3,１, ,ダ1000,良,,(栗),石橋守,0593,-0.1,,1,1,35.7,456,-2,
,"2024. 7.21",札幌,1札2,未勝利,未勝利,4,8,ファインライン,牡,3,鮫島克駿, 57 ,16,1,１, ,芝2000,良,,(栗),松永幹夫,2003,-0.0,6,6,4,34.8,464,0,
,"2024. 7.21",札幌,1札2,新馬,新馬,5,5,キングスコール,牡,2,藤岡佑介, 55 ,8,2,１, ,芝1800,良,,(栗),矢作芳人,1478,-0.5,2,1,1,34.8,494,,
,"2024. 7.21",札幌,1札2,未勝利,未勝利,4,6,トモジャシャトー,牡,3,長浜鴻緒,54▲,14,1,１, ,ダ1700,良,,(美),小笠倫弘,1475,-0.3,4,4,3,39.3,470,0,B
,"2024. 7.21",札幌,1札2,未勝利,未勝利,1,2,ファイツオン,牡,3,藤岡佑介, 57 ,16,1,１, ,芝1200,良,,(栗),藤岡健一,1082,-0.3,,1,1,34.7,508,-6,B
,"2024. 7.21",札幌,1札2,未勝利,未勝利・牝,6,10,オーロヴェール,牝,3,浜中俊, 55 ,14,3,１, ,ダ1700,良,,(栗),田中克典,1473,-0.9,5,4,1,38.5,480,-2,
,"2024. 7.21",札幌,1札2,未勝利,未勝利*,7,7,ミッドナイトゲイル,牝,2,小林勝太,52▲,7,1,１, ,ダ1000,良,,(栗),小栗実,0596,-0.9,,1,1,36.1,460,+4,
,"2024. 7.20",札幌,1札1,1勝,１勝ｸﾗｽ,6,8,トリグラフ,牡,5,永野猛蔵, 58 ,12,9,１, ,ダ1700,良,,(美),松山将樹,1468,-0.5,10,9,4,39.2,454,-2,B
,"2024. 7.20",札幌,1札1,3勝,ＴＶｈ賞･3勝,8,16,エイシンフェンサー,牝,4,川又賢治, 56 ,16,1,１, ,芝1200,良,,(栗),吉村圭司,1083,-0.1,,6,4,33.9,476,-4,
,"2024. 7.20",札幌,1札1,2勝,釧路湿原･2勝,3,3,ナックイルシーブ,牡,6,大野拓弥, 58 ,13,6,１, ,芝2000,良,,(美),杉浦宏昭,1596,-0.0,5,5,4,35.4,516,0,B
,"2024. 7.20",札幌,1札1,1勝,北辰特別･1勝,5,5,ミヤビブレイブ,牝,4,横山和生, 56 ,10,6,１, ,芝1800,良,,(美),小島茂之,1474,-0.2,10,1,1,35.4,468,-4,
,"2024. 7.20",札幌,1札1,1勝,１勝ｸﾗｽ・牝,8,8,リフレクトザムーン,牝,3,小林勝太,50▲,9,4,１, ,ダ1700,良,,(美),尾形和幸,1465,-0.3,3,2,1,39.1,446,-12,
,"2024. 7.20",札幌,1札1,1勝,１勝ｸﾗｽ,3,3,バシレウスシチー,牡,5,菱田裕二, 58 ,11,4,１, ,芝1200,良,,(栗),岡田稲男,1087,-0.1,,5,4,34.6,446,-6,
,"2024. 7.20",札幌,1札1,未勝利,未勝利,7,12,オメガインペリアル,牡,3,藤岡佑介, 57 ,14,1,１, ,芝1800,良,,(栗),安田翔伍,1487,-0.3,3,4,5,35.1,460,+4,
,"2024. 7.20",札幌,1札1,新馬,新馬,3,4,ナチュラルライズ,牡,2,横山武史, 55 ,14,1,１, ,ダ1700,良,,(美),伊藤圭三,1457,-1.0,4,4,2,36.9,476,,
,"2024. 7.20",札幌,1札1,未勝利,未勝利・牝,5,8,アリーバ,牝,3,浜中俊, 55 ,14,4,１, ,芝1500,良,,(栗),田中克典,1286,-0.0,10,10,4,34.4,424,+6,
,"2024. 7.20",札幌,1札1,未勝利,未勝利,3,4,メイショウソムリエ,牡,3,武豊, 57 ,14,2,１, ,ダ1700,良,,(美),蛯名正義,1469,-0.7,3,3,2,38.5,522,+14,B
,"2024. 7.20",札幌,1札1,未勝利,未勝利,2,2,タミゼ,牝,3,北村友一, 55 ,12,2,１, ,ダ1000,良,,(栗),平田修,0595,-0.5,,3,3,35.5,474,-2,
,"2024. 7.20",札幌,1札1,未勝利,未勝利*,5,5,ポッドベイダー,牡,2,佐々木大, 55 ,5,1,１, ,芝1200,良,,(美),上原佑紀,1088,-0.3,,1,1,33.9,462,-2,
,"2023. 9. 3",札幌,2札8,2勝,２勝ｸﾗｽ,1,1,スマートムーラン,牝,4,武豊, 56 ,14,5,１, ,ダ1700,良,,(栗),大久保龍,1465,-0.1,11,11,8,37.4,468,+2,
,"2023. 9. 3",札幌,2札8,ｵｰﾌﾟﾝ,丹頂ＳＨ,2,2,ジャンカズマ,牡,5,小沢大仁, 51 ,14,12,１, ,芝2600,良,,(栗),小栗実,2418,-0.1,2,2,2,37.4,482,+2,
,"2023. 9. 3",札幌,2札8,2勝,釧路湿原･2勝,3,3,フェアエールング,牝,3,丹内祐次, 53 ,12,1,１, ,芝2000,良,,(美),和田正一,2025,-0.1,4,3,2,36.4,444,+4,
,"2023. 9. 3",札幌,2札8,ｵｰﾌﾟﾝ,すずらん,4,6,ドナベティ,牝,2,武豊, 55 ,14,2,１, ,芝1200,良,*,(栗),矢作芳人,1104,-0.2,,10,8,35.1,424,+2,
,"2023. 9. 3",札幌,2札8,1勝,１勝ｸﾗｽ,4,5,トウキチロウ,牡,3,武豊, 55 ,14,1,１, ,ダ1700,良,,(美),蛯名正義,1460,-0.3,10,9,7,37.3,482,-2,
,"2023. 9. 3",札幌,2札8,1勝,１勝ｸﾗｽ,1,1,ゲンパチムサシ,牡,5,佐々木大,57☆,14,8,１, ,芝1800,良,,(栗),佐々木晶,1502,-0.0,5,5,6,35.2,508,-4,
,"2023. 9. 3",札幌,2札8,1勝,１勝ｸﾗｽ,6,12,トーセントラム,牡,3,古川吉洋, 56 ,16,13,１, ,芝1200,良,,(美),小桧山悟,1096,-0.1,,14,9,34.5,430,-6,
,"2023. 9. 3",札幌,2札8,未勝利,未勝利,5,7,オセアバトルプラン,牡,3,横山武史, 56 ,14,1,１, ,ダ1700,良,,(美),菊川正達,1470,-0.4,2,2,2,38.4,478,+4,
,"2023. 9. 3",札幌,2札8,未勝利,未勝利,1,2,グランツベリー,牝,3,古川奈穂,50★,16,2,１, ,芝1200,良,*,(栗),田中克典,1101,-0.1,,1,1,36.5,446,0,
,"2023. 9. 3",札幌,2札8,未勝利,未勝利,4,6,レオキー,牝,3,斎藤新, 54 ,14,6,１, ,ダ1700,良,,(栗),牧田和弥,1474,-0.1,1,1,1,39.0,480,+2,
,"2023. 9. 3",札幌,2札8,未勝利,未勝利*,3,3,センチュリボンド,牡,2,武豊, 55 ,9,5,１, ,芝2000,良,,(栗),庄野靖志,2044,-0.3,1,1,1,36.7,464,0,
,"2023. 9. 3",札幌,2札8,未勝利,未勝利*,5,5,ラーンザロープス,牝,2,横山典弘, 55 ,11,1,１, ,芝1500,良,,(栗),武幸四郎,1308,-0.1,2,3,3,36.0,442,-4,
,"2023. 9. 2",札幌,2札7,1勝,１勝ｸﾗｽ,8,14,オウギノカナメ,牡,3,横山武史, 55 ,14,2,１, ,ダ1700,稍,,(美),高木登,1466,-0.4,5,4,3,38.0,466,+2,
,"2023. 9. 2",札幌,2札7,Ｇ３,札幌２歳G3,4,4,セットアップ,牡,2,横山武史, 55 ,10,3,１, ,芝1800,稍,,(美),鹿戸雄一,1505,-0.7,1,1,1,36.5,474,+2,
,"2023. 9. 2",札幌,2札7,3勝,日高Ｓ･3勝,3,3,セッタレダスト,牡,4,丹内祐次, 58 ,14,3,１, ,芝1500,稍,,(美),嘉藤貴行,1298,-0.1,1,1,1,37.5,500,-4,
,"2023. 9. 2",札幌,2札7,2勝,知床特別･2勝,4,8,クールムーア,牡,3,丹内祐次, 56 ,16,3,１, ,芝1200,稍,,(美),矢野英一,1101,-0.1,,2,2,35.9,474,0,
,"2023. 9. 2",札幌,2札7,1勝,１勝ｸﾗｽ・牝,4,5,トゥーテイルズ,牝,3,西村淳也, 53 ,14,6,１, ,ダ1700,稍,,(栗),藤原英昭,1467,-0.1,2,2,2,38.6,468,-2,
,"2023. 9. 2",札幌,2札7,1勝,１勝ｸﾗｽ,1,2,シェイクユアハート,牡,3,古川吉洋, 55 ,16,7,１, ,芝2000,稍,,(栗),宮徹,2017,-0.5,5,3,2,37.2,436,-4,
,"2023. 9. 2",札幌,2札7,1勝,１勝ｸﾗｽ,7,9,ダラムキャッスル,牝,3,横山琉人,53☆,12,1,１, ,ダ1000,稍,,(美),斎藤誠,0594,-0.0,,2,2,36.0,518,+2,
,"2023. 9. 2",札幌,2札7,新馬,新馬,6,8,スプリングノヴァ,牝,2,亀田温心, 55 ,13,6,１, ,芝1500,稍,,(栗),鮫島一歩,1320,-0.4,1,1,1,36.1,394,,
,"2023. 9. 2",札幌,2札7,未勝利,未勝利,7,11,オブシディアン,牡,3,富田暁, 56 ,14,8,１, ,ダ1700,稍,,(美),浅野洋一,1468,-0.5,10,4,1,38.8,538,+24,
,"2023. 9. 2",札幌,2札7,未勝利,未勝利,6,12,ドラゴンヘッド,牡,3,横山武史, 56 ,16,3,１, ,芝2000,稍,,(美),武藤善則,2029,-0.0,2,1,1,37.0,446,+2,
,"2023. 9. 2",札幌,2札7,未勝利,未勝利*,4,6,アンジュグルーヴ,牝,2,横山典弘, 55 ,14,1,１, ,ダ1700,稍,,(栗),安田翔伍,1483,-0.1,4,3,3,39.5,468,-4,
,"2023. 9. 2",札幌,2札7,未勝利,未勝利*,5,5,ピューロマジック,牝,2,斎藤新, 55 ,8,1,１, ,芝1200,稍,,(栗),安田隆行,1098,-1.7,,1,1,35.1,448,-12,
,"2023. 8.27",札幌,2札6,2勝,WASJ第４･2勝,5,7,フェステスバント,牝,3,バデル, 54 ,14,7,１, ,芝1800,重,,(栗),藤岡健一,1515,-0.1,2,4,3,36.9,418,-4,
,"2023. 8.27",札幌,2札6,Ｇ３,キーンラG3,7,14,ナムラクレア,牝,4,浜中俊, 55 ,16,1,１, ,芝1200,重,*,(栗),長谷川浩,1099,-0.2,,7,4,35.2,468,0,
,"2023. 8.27",札幌,2札6,2勝,WASJ第３･2勝,8,14,ナチュラルハイ,牡,3,ヴェロン, 56 ,14,2,１, ,ダ1700,重,,(美),黒岩陽一,1442,-0.5,5,2,1,36.4,466,+4,
,"2023. 8.27",札幌,2札6,1勝,勝馬投票･1勝,5,9,イイヒニナル,牝,3,武豊, 54 ,16,6,１, ,芝1200,重,,(栗),千田輝彦,1114,-0.2,,2,2,36.5,394,+8,
,"2023. 8.27",札幌,2札6,1勝,１勝ｸﾗｽ,5,8,セーヌドゥレーヴ,牝,3,松山弘平, 53 ,14,1,１, ,芝1500,重,,(栗),吉岡辰弥,1310,-0.2,5,3,2,36.8,452,-2,
,"2023. 8.27",札幌,2札6,1勝,１勝ｸﾗｽ,4,4,グットフォーチュン,牝,4,小林勝太,53▲,12,7,１, ,ダ1000,良,,(美),鈴木伸尋,0596,-0.2,,2,2,35.9,478,-13,
,"2023. 8.27",札幌,2札6,未勝利,未勝利,1,1,ブラックヴァール,牝,3,横山武史, 54 ,16,1,１, ,芝2000,良,,(美),菊川正達,2027,-0.1,1,1,1,37.3,464,+2,B
,"2023. 8.27",札幌,2札6,新馬,新馬,3,3,ドゥレイクパセージ,牡,2,モレイラ, 55 ,5,2,１, ,芝1800,良,,(美),堀宣行,1530,-0.5,1,1,1,35.3,442,,
,"2023. 8.27",札幌,2札6,未勝利,未勝利・牝,4,5,カフェノワール,牝,3,モレイラ, 54 ,14,3,１, ,ダ1700,良,,(栗),池江泰寿,1470,-0.7,2,1,1,37.1,466,+10,
,"2023. 8.27",札幌,2札6,未勝利,未勝利,5,6,ルソレイユ,牡,3,松岡正海, 56 ,12,1,１, ,ダ1000,良,,(栗),北出成人,0588,-0.7,,2,2,35.2,504,0,B
,"2023. 8.27",札幌,2札6,未勝利,未勝利,5,7,サラサビーザベスト,牡,3,モレイラ, 56 ,14,1,１, ,ダ1700,良,,(美),村田一誠,1474,-0.8,9,6,2,38.2,478,-4,
,"2023. 8.27",札幌,2札6,未勝利,未勝利・牝*,3,3,クイックバイオ,牝,2,川田将雅, 55 ,9,1,１, ,芝1500,良,,(栗),須貝尚介,1299,-0.4,3,1,1,35.5,488,-8,
,"2023. 8.26",札幌,2札5,1勝,ニセコ特･1勝,6,10,メイクザビート,牡,3,吉田隼人, 55 ,14,2,１, ,ダ1700,良,,(栗),西園正都,1460,-0.3,4,2,1,38.0,494,+6,B
,"2023. 8.26",札幌,2札5,3勝,WASJ第２･3勝,5,8,マイネルクリソーラ,牡,4,武豊, 58 ,14,5,１, ,芝2000,良,,(美),中野栄治,2007,-0.4,10,10,6,35.6,446,0,
,"2023. 8.26",札幌,2札5,2勝,WASJ第１･2勝,8,14,ドーバーホーク,牡,3,キング, 56 ,14,1,１, ,芝1200,良,,(美),清水英克,1092,-0.0,,10,7,34.9,480,0,
,"2023. 8.26",札幌,2札5,1勝,ルスツ特･1勝,1,1,ニシノファンフェア,牡,3,川田将雅, 55 ,14,4,１, ,芝2600,良,,(美),和田勇介,2429,-0.0,14,10,2,35.9,474,+12,
,"2023. 8.26",札幌,2札5,1勝,１勝ｸﾗｽ・牝,3,4,タマモタップダンス,牝,4,川田将雅, 56 ,14,1,１, ,ダ1700,良,,(美),伊藤圭三,1454,-0.3,4,5,2,38.2,510,+8,
,"2023. 8.26",札幌,2札5,1勝,１勝ｸﾗｽ,3,3,マンクスホップ,牝,4,角田大和,55☆,14,8,１, ,芝1800,良,,(栗),松永幹夫,1484,-0.0,3,3,2,35.7,446,-8,
,"2023. 8.26",札幌,2札5,未勝利,未勝利,2,2,ルージュアマルフィ,牝,3,ルメール, 54 ,14,4,１, ,芝1500,良,,(美),鹿戸雄一,1292,-0.1,7,8,3,35.7,482,+4,
,"2023. 8.26",札幌,2札5,新馬,新馬,4,5,グランルーチェ,牡,2,浜中俊, 55 ,13,7,１, ,ダ1700,良,,(栗),庄野靖志,1489,-1.0,4,2,2,37.7,458,,
,"2023. 8.26",札幌,2札5,未勝利,未勝利,5,7,ウインドワンピース,牡,3,荻野琢真, 56 ,14,10,１, ,ダ1700,良,,(栗),藤沢則雄,1471,-0.2,10,7,6,38.1,498,-2,
,"2023. 8.26",札幌,2札5,未勝利,未勝利・牝,7,10,エイシンエマーユ,牝,3,モレイラ, 54 ,12,1,１, ,ダ1000,良,,(美),田中剛,0588,-0.3,,1,1,35.3,448,+2,
,"2023. 8.26",札幌,2札5,未勝利,未勝利*,4,4,ヴィクトリアドール,牝,2,北村友一, 55 ,5,1,１, ,芝1800,良,,(栗),奥村豊,1534,-0.0,3,3,2,34.5,512,+2,
,"2023. 8.26",札幌,2札5,未勝利,未勝利*,6,6,アンバーニードル,牡,2,ルメール, 55 ,11,2,１, ,芝1200,良,,(美),加藤征弘,1102,-0.1,,3,3,35.7,476,+6,
,"2023. 8.20",札幌,2札4,1勝,１勝ｸﾗｽ,8,13,メイショウシナノ,牡,3,小沢大仁,54☆,13,2,１, ,ダ1700,稍,,(栗),大橋勇樹,1477,-0.3,3,3,2,37.4,490,+8,
,"2023. 8.20",札幌,2札4,Ｇ２,札幌記念G2,7,13,プログノーシス,牡,5,川田将雅, 58 ,15,2,１, ,芝2000,稍,,(栗),中内田充,2015,-0.7,11,5,2,36.0,476,+2,
,"2023. 8.20",札幌,2札4,2勝,手稲山特･2勝,8,13,ワックスフラワー,牝,3,黛弘人, 54 ,14,8,１, ,芝1200,稍,,(美),深山雅史,1105,-0.1,,3,1,36.1,448,+4,
,"2023. 8.20",札幌,2札4,2勝,大通公園･2勝,5,7,ミラクルティアラ,牝,3,横山武史, 53 ,14,2,１, ,ダ1700,稍,,(栗),加用正,1471,-0.2,1,1,1,37.6,444,+10,
,"2023. 8.20",札幌,2札4,ｵｰﾌﾟﾝ,クローバ,8,8,コスモディナー,牝,2,松岡正海, 55 ,9,4,１, ,芝1500,稍,,(美),伊藤伸一,1328,-0.2,6,5,2,36.6,468,+2,
,"2023. 8.20",札幌,2札4,1勝,１勝ｸﾗｽ・牝,5,10,ワレハウミノコ,牝,3,富田暁, 53 ,16,14,１, ,芝2000,稍,,(栗),武英智,2043,-0.3,15,14,1,36.4,448,-2,
,"2023. 8.20",札幌,2札4,1勝,１勝ｸﾗｽ,4,4,コルサファターレ,牡,3,ルメール, 55 ,12,1,１, ,ダ2400,稍,,(美),中川公成,2375,-0.3,2,3,2,37.9,506,+6,
,"2023. 8.20",札幌,2札4,新馬,新馬,2,2,ウールデュボヌール,牡,2,川田将雅, 55 ,9,2,１, ,芝2000,稍,,(栗),須貝尚介,2083,-0.0,1,2,2,36.5,482,,
,"2023. 8.20",札幌,2札4,未勝利,未勝利,6,10,カナオールウェイズ,牡,3,藤岡佑介, 56 ,14,5,１, ,芝2600,稍,,(栗),藤岡健一,2456,-0.4,6,3,2,37.2,488,-20,B
,"2023. 8.20",札幌,2札4,未勝利,未勝利,7,10,ムジェロ,牡,3,北村友一, 56 ,13,1,１, ,ダ1700,稍,,(栗),藤原英昭,1472,-0.3,13,4,2,37.0,512,-4,B
,"2023. 8.20",札幌,2札4,未勝利,未勝利,6,7,テイエムルンバ,牝,3,佐々木大,53☆,12,2,１, ,ダ1000,稍,,(栗),畑端省吾,0588,-0.2,,1,1,35.3,470,-2,
,"2023. 8.20",札幌,2札4,未勝利,未勝利*,7,8,タイセイレスポンス,牡,2,横山和生, 55 ,11,2,１, ,芝1500,稍,,(栗),安田翔伍,1329,-0.1,2,3,2,37.8,484,-4,
,"2023. 8.19",札幌,2札3,1勝,１勝ｸﾗｽ,5,6,クリーデンス,牝,3,ルメール, 54 ,12,1,１, ,ダ1000,良,,(栗),吉村圭司,0589,-0.1,,1,1,35.4,494,-2,
,"2023. 8.19",札幌,2札3,2勝,札幌日Ｈ･2勝,4,5,ミステリーウェイ,セ,5,池添謙一, 57 ,14,3,１, ,芝2600,良,,(栗),小林真也,2460,-0.1,1,1,1,34.9,490,-4,B
,"2023. 8.19",札幌,2札3,1勝,富良野特･1勝,1,2,ウインスノーライト,牡,3,長岡禎仁, 55 ,16,3,１, ,芝2000,良,,(栗),杉山晴紀,2018,-0.1,1,1,1,35.5,472,0,
,"2023. 8.19",札幌,2札3,1勝,千歳特別･1勝,8,14,ビジュノワール,牝,4,モレイラ, 56 ,14,2,１, ,芝1500,良,,(美),中舘英二,1293,-0.0,1,1,1,35.9,458,+10,
,"2023. 8.19",札幌,2札3,1勝,１勝ｸﾗｽ・牝,1,1,ウィンターダフネ,牝,3,吉田隼人, 53 ,14,1,１, ,ダ1700,良,,(美),国枝栄,1466,-0.3,3,3,2,38.3,476,-2,
,"2023. 8.19",札幌,2札3,未勝利,未勝利,1,2,マテンロウカノン,牝,3,横山和生, 54 ,16,7,１, ,芝2000,良,,(美),萩原清,2024,-0.1,1,1,1,35.9,444,+2,
,"2023. 8.19",札幌,2札3,未勝利,未勝利,8,14,オリンポスカズマ,牡,3,モレイラ, 56 ,14,1,１, ,ダ1700,良,,(栗),平田修,1471,-0.2,4,3,2,37.8,502,+4,B
,"2023. 8.19",札幌,2札3,新馬,新馬,7,8,ラヴスコール,牝,2,横山武史, 55 ,11,1,１, ,芝1500,良,,(美),加藤征弘,1311,-0.1,4,3,4,34.8,420,,
,"2023. 8.19",札幌,2札3,未勝利,未勝利・牝,1,1,ノッテルーナ,牝,3,古川吉洋, 54 ,14,4,１, ,ダ1700,良,,(栗),宮本博,1473,-0.1,13,12,4,37.0,442,-6,
,"2023. 8.19",札幌,2札3,未勝利,未勝利,1,1,サンポーニャ,牝,3,鷲頭虎太,51▲,16,1,１, ,芝1200,良,,(栗),池江泰寿,1094,-0.4,,1,1,35.3,432,+4,
,"2023. 8.19",札幌,2札3,未勝利,未勝利*,3,4,フォーディアライフ,牡,2,吉田隼人, 55 ,14,4,１, ,ダ1700,良,,(栗),武幸四郎,1483,-0.0,1,1,1,38.8,518,+2,
,"2023. 8.19",札幌,2札3,未勝利,未勝利*,8,11,セットアップ,牡,2,横山武史, 55 ,12,1,１, ,芝1800,良,,(美),鹿戸雄一,1485,-0.3,1,1,1,35.6,472,+2,
,"2023. 8.13",札幌,2札2,1勝,１勝ｸﾗｽ,8,13,ダブルジョーク,牡,3,横山典弘, 55 ,13,3,１, ,ダ1700,良,,(栗),昆貢,1470,-0.0,7,5,5,37.9,576,+18,
,"2023. 8.13",札幌,2札2,ｵｰﾌﾟﾝ,ＵＨＢ賞,5,9,シナモンスティック,牝,4,松岡正海, 55 ,15,2,１, ,芝1200,良,,(美),宗像義忠,1082,-0.2,,2,2,33.7,462,-8,
,"2023. 8.13",札幌,2札2,2勝,藻岩山特･2勝,5,5,ハウゼ,牡,3,岩田康誠, 55 ,9,1,１, ,芝2000,良,,(美),田中博康,2021,-0.1,4,3,2,34.1,506,0,
,"2023. 8.13",札幌,2札2,2勝,おおぞら･2勝,7,8,メルシー,牝,4,武豊, 56 ,11,3,１, ,ダ1000,良,,(栗),今野貞一,0588,-0.1,,5,4,35.1,426,-6,
,"2023. 8.13",札幌,2札2,ｵｰﾌﾟﾝ,コスモス,1,1,エコロヴァルツ,牡,2,武豊, 55 ,8,1,１, ,芝1800,良,,(栗),牧浦充徳,1488,-1.0,2,1,1,35.6,478,-4,
,"2023. 8.13",札幌,2札2,1勝,１勝ｸﾗｽ・牝,3,3,ルクスドヌーヴ,牝,3,佐々木大,51△,14,4,１, ,芝1500,良,*,(栗),須貝尚介,1285,-0.1,2,2,2,35.5,446,+4,
,"2023. 8.13",札幌,2札2,1勝,１勝ｸﾗｽ,8,14,ドゥラレジリエント,牡,3,鮫島克駿, 55 ,14,1,１, ,ダ1700,良,,(栗),牧田和弥,1469,-0.6,4,1,1,37.2,504,-10,
,"2023. 8.13",札幌,2札2,新馬,新馬,6,6,アーバンシック,牡,2,横山武史, 55 ,10,1,１, ,芝1800,良,,(美),武井亮,1531,-0.0,5,4,4,34.2,512,,
,"2023. 8.13",札幌,2札2,未勝利,未勝利,6,10,ルカン,牝,3,横山典弘, 54 ,14,6,１, ,芝1500,良,,(栗),安田翔伍,1284,-0.1,1,1,1,35.9,420,+2,B
,"2023. 8.13",札幌,2札2,未勝利,未勝利,5,8,マルモルミエール,牡,3,富田暁, 56 ,14,3,１, ,ダ1700,良,,(栗),木原一良,1476,-0.7,5,4,3,37.6,480,0,
,"2023. 8.13",札幌,2札2,未勝利,未勝利,7,10,スペシャリスト,牝,3,横山琉人,53☆,12,3,１, ,ダ2400,良,,(美),手塚貴久,2383,-0.5,5,6,4,38.2,452,+6,
,"2023. 8.13",札幌,2札2,未勝利,未勝利*,1,1,レイニングキャット,牡,2,丹内祐次, 55 ,7,7,１, ,芝1200,良,,(美),岩戸孝樹,1098,-0.2,,3,4,34.8,478,-12,
,"2023. 8.12",札幌,2札1,1勝,１勝ｸﾗｽ,6,11,ドーバーホーク,牡,3,佐々木大,54△,16,3,１, ,芝1200,良,*,(美),清水英克,1093,-0.2,,6,5,34.6,480,+2,
,"2023. 8.12",札幌,2札1,3勝,報知杯Ｈ･3勝,3,4,ライラボンド,牡,4,小林勝太, 56 ,14,8,１, ,ダ1700,良,,(美),杉浦宏昭,1451,-0.1,11,9,8,36.7,514,-4,
,"2023. 8.12",札幌,2札1,2勝,羊ヶ丘特･2勝,1,1,レイベリング,牡,3,横山武史, 55 ,11,1,１, ,芝1500,良,,(美),鹿戸雄一,1281,-0.1,5,6,6,34.7,472,0,
,"2023. 8.12",札幌,2札1,1勝,石狩特別･1勝,5,5,キングロコマイカイ,牡,4,吉田隼人, 58 ,9,2,１, ,芝1800,良,,(栗),須貝尚介,1498,-0.0,3,3,2,35.4,500,+6,B
,"2023. 8.12",札幌,2札1,1勝,１勝ｸﾗｽ,4,5,ヴィルトブリーゼ,牝,4,柴山雄一, 56 ,13,5,１, ,芝2600,良,,(美),古賀慎明,2418,-0.0,2,2,1,37.1,444,+12,
,"2023. 8.12",札幌,2札1,1勝,１勝ｸﾗｽ,1,1,バサラ,牝,3,小林凌大,52△,12,1,１, ,ダ1000,良,,(美),伊藤圭三,0594,-0.4,,1,1,36.3,444,0,B
,"2023. 8.12",札幌,2札1,未勝利,未勝利,6,12,ピンクジン,牝,3,黛弘人, 54 ,16,2,１, ,芝2000,良,,(美),南田美知,2013,-0.2,11,10,4,36.4,432,+4,
,"2023. 8.12",札幌,2札1,新馬,新馬・牝,1,1,レアリゼアンレーヴ,牝,2,武豊, 55 ,13,1,１, ,芝1500,良,,(栗),須貝尚介,1308,-0.1,3,3,3,35.2,420,,
,"2023. 8.12",札幌,2札1,未勝利,未勝利,5,8,トウキチロウ,牡,3,武豊, 56 ,14,1,１, ,ダ1700,良,,(美),蛯名正義,1464,-0.1,12,7,3,37.6,484,+4,
,"2023. 8.12",札幌,2札1,未勝利,未勝利,8,11,イミュータブル,牡,3,古川奈穂,52★,12,2,１, ,ダ1000,良,,(栗),浜田多実,0598,-0.1,,3,3,36.3,470,-4,
,"2023. 8.12",札幌,2札1,未勝利,未勝利・牝,7,12,オシゲ,牝,3,武豊, 54 ,14,1,１, ,ダ1700,良,,(栗),須貝尚介,1473,-0.1,6,4,2,38.4,486,+6,
,"2023. 8.12",札幌,2札1,未勝利,未勝利*,4,4,フユソウビ,牡,2,丹内祐次, 55 ,9,6,１, ,芝1800,良,,(美),青木孝文,1506,-0.0,9,2,2,36.4,448,+4,
,"2023. 8. 6",札幌,1札6,1勝,１勝ｸﾗｽ・牝,1,2,タリア,牝,3,佐々木大,52△,16,6,１, ,芝1200,重,,(美),矢野英一,1107,-0.4,,1,1,36.2,432,+6,
,"2023. 8. 6",札幌,1札6,Ｇ３,エルムＳG3,4,6,セキフウ,牡,4,武豊, 57 ,14,6,１, ,ダ1700,不,,(栗),武幸四郎,1428,-0.1,13,11,9,35.5,488,-2,
,"2023. 8. 6",札幌,1札6,2勝,札幌スポ･2勝,7,8,シャークスポット,牡,5,鮫島克駿, 58 ,11,6,１, ,芝1200,重,,(栗),高柳大輔,1107,-0.1,,6,5,35.9,464,0,
,"2023. 8. 6",札幌,1札6,2勝,ＨＴＢ賞･2勝,1,1,レイトカンセイオー,牡,4,横山武史, 58 ,11,2,１, ,芝1800,重,,(美),和田勇介,1515,-0.1,3,4,2,36.0,470,-2,
,"2023. 8. 6",札幌,1札6,1勝,１勝ｸﾗｽ,6,10,ナチュラルハイ,牡,3,丹内祐次, 55 ,14,2,１, ,ダ1700,不,,(美),黒岩陽一,1455,-0.2,6,8,7,37.7,462,0,
,"2023. 8. 6",札幌,1札6,1勝,１勝ｸﾗｽ,5,6,サンダビューク,牡,4,石川倭, 58 ,12,11,１, ,ダ1000,不,,(美),蛯名利弘,0593,-0.0,,4,5,35.9,454,-6,
,"2023. 8. 6",札幌,1札6,未勝利,未勝利,7,12,ジーククローネ,牡,3,佐々木大,54△,14,3,１, ,芝2600,重,*,(美),宮田敬介,2483,-0.0,5,6,5,38.3,454,-8,
,"2023. 8. 6",札幌,1札6,新馬,新馬,4,4,ガイアメンテ,牡,2,武豊, 55 ,7,1,１, ,芝1800,重,,(栗),須貝尚介,1524,-0.4,2,2,2,36.8,482,,
,"2023. 8. 6",札幌,1札6,未勝利,未勝利,8,14,メリタテス,牝,3,古川奈穂,50★,14,3,１, ,ダ1700,不,,(栗),矢作芳人,1453,-1.4,1,1,1,38.4,436,+2,
,"2023. 8. 6",札幌,1札6,未勝利,未勝利・牝,3,4,トゥルブレンツ,牝,3,佐々木大,52△,15,1,１, ,芝2000,重,,(栗),小栗実,2056,-0.2,5,4,5,37.9,414,-4,
,"2023. 8. 6",札幌,1札6,未勝利,未勝利,8,13,メイショウシナノ,牡,3,小沢大仁,55☆,14,2,１, ,ダ1700,不,,(栗),大橋勇樹,1458,-0.7,3,2,1,37.4,482,+4,
,"2023. 8. 6",札幌,1札6,未勝利,未勝利*,4,5,レーヴジーニアル,牡,2,武豊, 55 ,14,2,１, ,芝1500,重,,(栗),松永幹夫,1331,-0.1,1,1,1,38.6,474,+2,
,"2023. 8. 5",札幌,1札5,1勝,１勝ｸﾗｽ,1,1,ディヴァージオン,牝,3,小林勝太,50▲,14,11,１, ,芝1500,稍,,(栗),藤岡健一,1309,-0.0,1,1,1,35.3,444,-10,
,"2023. 8. 5",札幌,1札5,OP(L),札幌日経(L),4,6,ブローザホーン,牡,4,岩田康誠, 57 ,14,1,１, ,芝2600,稍,*,(美),中野栄治,2420,-1.0,3,2,1,35.4,422,-6,
,"2023. 8. 5",札幌,1札5,2勝,桑園特Ｈ･2勝,7,12,ローズスター,牡,3,横山武史, 54 ,14,1,１, ,ダ1700,重,,(栗),上村洋行,1444,-0.0,7,8,8,35.9,460,0,
,"2023. 8. 5",札幌,1札5,1勝,利尻特別･1勝,3,3,フェアエールング,牝,3,丹内祐次, 53 ,9,2,１, ,芝2000,稍,,(美),和田正一,2019,-0.4,4,4,2,35.5,440,+6,
,"2023. 8. 5",札幌,1札5,1勝,１勝ｸﾗｽ,7,10,ゴッドファーザー,牡,3,横山和生, 55 ,13,2,１, ,芝1800,稍,,(美),萩原清,1492,-0.4,1,1,1,35.3,508,0,
,"2023. 8. 5",札幌,1札5,1勝,１勝ｸﾗｽ・牝,5,6,スカンジナビア,牝,4,北村友一, 56 ,13,1,１, ,ダ1700,不,,(栗),四位洋文,1445,-0.0,2,2,2,36.8,474,+4,
,"2023. 8. 5",札幌,1札5,未勝利,未勝利,8,15,ホウオウバーナード,牡,3,横山武史, 56 ,16,1,１, ,芝2000,稍,,(美),高柳瑞樹,2035,-0.1,12,12,12,35.2,398,-2,
,"2023. 8. 5",札幌,1札5,新馬,新馬,6,6,アスクアイルビゼア,牡,2,古川奈穂,51★,10,4,１, ,芝1200,稍,,(栗),矢作芳人,1116,-0.0,,1,1,35.8,452,,
,"2023. 8. 5",札幌,1札5,未勝利,未勝利,4,5,ポワンキュルミナン,牡,3,鮫島克駿, 56 ,14,2,１, ,ダ1700,不,,(栗),岡田稲男,1447,-0.5,7,4,1,37.1,416,-12,
,"2023. 8. 5",札幌,1札5,未勝利,未勝利,5,10,マテンロウアネモス,牝,3,鷲頭虎太,51▲,16,3,１, ,芝1200,稍,,(美),久保田貴,1101,-0.1,,3,2,35.0,430,-2,
,"2023. 8. 5",札幌,1札5,未勝利,未勝利,4,4,ダラムキャッスル,牝,3,横山琉人,53☆,12,3,１, ,ダ1000,不,,(美),斎藤誠,0578,-0.6,,1,1,34.8,516,-6,
,"2023. 8. 5",札幌,1札5,未勝利,未勝利*,7,11,バルミーウェザー,牡,2,亀田温心, 55 ,14,2,１, ,ダ1700,不,,(栗),鮫島一歩,1465,-0.9,8,6,5,38.3,452,0,
,"2023. 7.30",札幌,1札4,2勝,２勝ｸﾗｽ・牝,7,12,プレミアムスマイル,牝,4,北村友一, 56 ,14,3,１, ,ダ1700,良,,(栗),池添学,1465,-0.1,2,2,2,37.2,496,0,
,"2023. 7.30",札幌,1札4,Ｇ３,クイーンG3,5,7,ドゥーラ,牝,3,斎藤新, 51 ,14,1,１, ,芝1800,良,,(栗),高橋康之,1467,-0.2,9,9,2,34.5,458,-14,
,"2023. 7.30",札幌,1札4,3勝,ポプラＳ･3勝,6,10,カラフルキューブ,牝,4,鮫島克駿, 56 ,14,4,１, ,ダ1700,良,,(栗),高野友和,1454,-0.0,12,9,6,36.1,476,-4,
,"2023. 7.30",札幌,1札4,2勝,阿寒湖特･2勝,3,4,ナイトインロンドン,牡,3,和田竜二, 55 ,14,1,１, ,芝2600,良,,(美),大竹正博,2394,-0.3,8,8,4,34.9,476,+6,
,"2023. 7.30",札幌,1札4,1勝,１勝ｸﾗｽ,8,11,スクルプトーリス,牝,3,鮫島克駿, 53 ,12,2,１, ,芝1200,良,,(栗),松下武士,1093,-0.1,,2,2,34.6,460,+8,
,"2023. 7.30",札幌,1札4,1勝,１勝ｸﾗｽ・牝,2,2,ココナッツブラウン,牝,3,横山武史, 53 ,13,1,１, ,芝1800,良,,(栗),上村洋行,1476,-0.5,7,8,7,34.2,446,+8,
,"2023. 7.30",札幌,1札4,1勝,１勝ｸﾗｽ,7,10,サンライズグルーヴ,牡,3,富田暁, 55 ,13,4,１, ,ダ1700,良,,(栗),河内洋,1453,-0.8,2,2,1,37.7,506,-4,
,"2023. 7.30",札幌,1札4,新馬,新馬,7,10,パワーホール,牡,2,横山和生, 55 ,12,6,１, ,芝1800,良,,(栗),昆貢,1516,-0.7,1,1,1,34.5,468,,
,"2023. 7.30",札幌,1札4,未勝利,未勝利,6,11,プラニスフェリオ,牡,3,ルメール, 56 ,16,1,１, ,芝2000,良,,(栗),牧浦充徳,2024,-0.0,3,3,3,35.4,494,0,
,"2023. 7.30",札幌,1札4,未勝利,未勝利,4,6,クリノグローリー,牡,3,小林勝太,53▲,14,9,１, ,ダ1700,良,,(栗),谷潔,1481,-0.2,5,5,5,36.7,462,+4,
,"2023. 7.30",札幌,1札4,未勝利,未勝利,5,6,ウェイオブサクセス,牝,3,鷲頭虎太,51▲,12,5,１, ,ダ1000,良,,(栗),野中賢二,0593,-0.6,,2,2,35.8,440,-8,
,"2023. 7.30",札幌,1札4,未勝利,未勝利,4,6,シャイニースイフト,牡,3,横山武史, 56 ,14,1,１, ,芝1500,良,,(美),菊川正達,1278,-0.4,2,2,2,34.7,440,+4,
,"2023. 7.29",札幌,1札3,2勝,２勝ｸﾗｽ,1,1,ユスティニアン,牡,5,松本大輝,57☆,11,5,１, ,ダ1000,良,,(栗),新谷功一,0591,-0.1,,7,5,34.9,442,+2,
,"2023. 7.29",札幌,1札3,3勝,ＳＴＶＨ･3勝,6,12,サンストックトン,牡,4,横山武史, 58 ,16,2,１, ,芝2000,良,,(美),鹿戸雄一,1592,-0.0,9,9,8,34.4,462,-12,
,"2023. 7.29",札幌,1札3,2勝,摩周湖特･2勝,3,3,コレペティトール,牡,3,ルメール, 55 ,8,1,１, ,芝1500,良,,(栗),中竹和也,1285,-0.1,4,4,3,34.1,468,-8,
,"2023. 7.29",札幌,1札3,1勝,積丹特別･1勝,8,13,ゴールデンスナップ,牝,3,浜中俊, 53 ,14,4,１, ,芝2600,良,,(栗),田中克典,2408,-0.0,9,4,3,35.2,458,+4,
,"2023. 7.29",札幌,1札3,1勝,１勝ｸﾗｽ,5,6,サンテックス,牡,3,浜中俊, 55 ,13,1,１, ,ダ1700,良,,(栗),浜田多実,1458,-0.4,3,2,1,36.4,510,-2,
,"2023. 7.29",札幌,1札3,1勝,１勝ｸﾗｽ,4,6,フレーヴァード,牡,3,ルメール, 55 ,15,1,１, ,芝2000,良,,(美),大竹正博,1594,-0.5,7,8,4,34.8,446,+6,
,"2023. 7.29",札幌,1札3,1勝,１勝ｸﾗｽ・牝,8,11,メイショウオトギ,牝,3,池添謙一, 53 ,12,1,１, ,ダ1000,良,,(栗),池添学,0590,-0.2,,1,1,36.0,432,+4,
,"2023. 7.29",札幌,1札3,新馬,新馬,2,2,ギヴイットアゴー,牝,2,横山典弘, 55 ,14,6,１, ,芝1500,良,,(栗),昆貢,1309,-0.0,4,8,7,35.2,462,,
,"2023. 7.29",札幌,1札3,未勝利,未勝利,4,6,ヒルノピレネー,牡,3,松田大作, 56 ,14,5,１, ,ダ1700,良,,(栗),北出成人,1479,-0.3,3,4,3,37.9,436,-2,
,"2023. 7.29",札幌,1札3,未勝利,未勝利,3,5,ウインルピナス,牝,3,横山武史, 54 ,15,1,１, ,芝2000,良,,(美),鈴木伸尋,2019,-0.4,1,1,1,34.6,422,+2,
,"2023. 7.29",札幌,1札3,未勝利,未勝利・牝,8,13,チェイスザウェイ,牝,3,小林凌大,52△,14,7,１, ,ダ1700,良,,(美),伊藤圭三,1469,-0.3,3,2,1,39.0,474,+4,
,"2023. 7.29",札幌,1札3,未勝利,未勝利*,4,4,レガーロデルシエロ,牡,2,ルメール, 55 ,9,1,１, ,芝1800,良,,(美),栗田徹,1487,-0.5,2,2,1,36.1,506,+16,
,"2023. 7.23",札幌,1札2,1勝,１勝ｸﾗｽ,2,2,セフィロ,牝,3,吉田隼人, 53 ,14,1,１, ,芝1500,良,,(美),菊沢隆徳,1285,-0.0,3,3,3,35.2,458,+6,
,"2023. 7.23",札幌,1札2,ｵｰﾌﾟﾝ,しらかばＨ,2,4,シュバルツカイザー,セ,5,池添謙一, 55 ,16,2,１, ,芝1200,良,,(美),大竹正博,1074,-0.0,,5,6,33.3,494,-4,
,"2023. 7.23",札幌,1札2,2勝,大倉山特･2勝,7,12,シルバーブレッド,牡,4,武豊, 58 ,14,9,１, ,ダ1700,良,,(栗),石坂公一,1467,-0.0,8,5,3,36.7,428,+4,
,"2023. 7.23",札幌,1札2,2勝,ＨＢＣ賞･2勝,8,9,エイシンフェンサー,牝,3,川又賢治, 53 ,10,1,１, ,芝1200,良,,(栗),吉村圭司,1082,-0.1,,4,4,33.9,474,-10,
,"2023. 7.23",札幌,1札2,1勝,１勝ｸﾗｽ,8,11,クレバーテースト,セ,4,浜中俊, 58 ,11,5,１, ,芝2000,良,,(栗),武幸四郎,1598,-0.0,1,1,1,34.8,450,+8,
,"2023. 7.23",札幌,1札2,1勝,１勝ｸﾗｽ,8,12,ルクスランページ,牡,4,斎藤新, 58 ,12,10,１, ,ダ1000,良,,(栗),村山明,0597,-0.0,,2,2,35.7,470,-2,B
,"2023. 7.23",札幌,1札2,未勝利,未勝利,5,10,ヤングローゼス,セ,3,ルメール, 56 ,16,1,１, ,芝2000,良,,(美),手塚貴久,2001,-0.6,4,5,3,34.1,502,+10,B
,"2023. 7.23",札幌,1札2,新馬,新馬,5,5,ステレンボッシュ,牝,2,横山武史, 55 ,6,2,１, ,芝1800,良,,(美),国枝栄,1511,-0.3,3,3,3,35.0,456,,
,"2023. 7.23",札幌,1札2,未勝利,未勝利,1,1,ダークモード,牡,3,北村友一, 56 ,14,4,１, ,ダ1700,良,,(栗),藤岡健一,1471,-0.7,12,8,2,37.8,486,-6,
,"2023. 7.23",札幌,1札2,未勝利,未勝利,7,14,ライブリームーラン,牝,3,横山武史, 54 ,16,2,１, ,芝1200,良,,(美),大竹正博,1087,-0.1,,2,2,34.4,502,-4,
,"2023. 7.23",札幌,1札2,未勝利,未勝利・牝,5,7,ロフティーイデアル,牝,3,ルメール, 54 ,14,1,１, ,ダ1700,良,,(美),林徹,1479,-0.2,6,6,2,38.2,464,0,
,"2023. 7.23",札幌,1札2,未勝利,未勝利*,4,4,アルジェンタージョ,牝,2,小林凌大,53△,8,3,１, ,ダ1000,良,,(美),伊藤圭三,1001,-0.4,,1,1,36.1,468,+2,
,"2023. 7.22",札幌,1札1,1勝,１勝ｸﾗｽ,8,13,フォーワンセルフ,牡,4,武豊, 58 ,14,2,１, ,ダ1700,良,,(美),小桧山悟,1463,-0.3,12,12,4,37.6,528,+2,
,"2023. 7.22",札幌,1札1,3勝,ＴＶｈ賞･3勝,7,13,エクセトラ,牡,4,ルメール, 58 ,15,1,１, ,芝1200,良,,(栗),吉村圭司,1075,-0.0,,8,8,33.4,524,-8,
,"2023. 7.22",札幌,1札1,2勝,ライラッ･2勝,6,6,インザオベーション,牝,4,浜中俊, 56 ,9,3,１, ,芝2000,良,,(栗),武幸四郎,2004,-0.1,1,1,1,34.5,476,-8,
,"2023. 7.22",札幌,1札1,1勝,北辰特別･1勝,8,9,レイベリング,牡,3,横山武史, 55 ,9,1,１, ,芝1800,良,,(美),鹿戸雄一,1474,-0.2,5,5,5,34.0,472,0,
,"2023. 7.22",札幌,1札1,1勝,１勝ｸﾗｽ・牝,6,8,マテンロウアイ,牝,4,今村聖奈,53▲,13,5,１, ,ダ1700,良,,(栗),寺島良,1465,-0.2,11,5,2,37.3,524,-12,
,"2023. 7.22",札幌,1札1,1勝,１勝ｸﾗｽ,6,12,デルマヤクシ,牡,5,ルメール, 58 ,16,4,１, ,芝1200,良,,(栗),田中克典,1081,-0.2,,10,10,33.9,456,-4,
,"2023. 7.22",札幌,1札1,未勝利,未勝利,3,3,ガットネロ,牝,3,横山武史, 54 ,14,1,１, ,芝1800,良,,(栗),上村洋行,1477,-0.0,2,2,1,36.2,478,+4,
,"2023. 7.22",札幌,1札1,新馬,新馬,4,4,アセレラシオン,牡,2,鮫島克駿, 55 ,10,3,１, ,ダ1700,良,,(栗),浜田多実,1486,-0.5,5,4,3,38.7,524,,
,"2023. 7.22",札幌,1札1,未勝利,未勝利・牝,6,9,サクセスアイ,牝,3,亀田温心, 54 ,13,8,１, ,芝1500,良,,(栗),北出成人,1277,-0.0,13,10,9,34.3,426,+8,
,"2023. 7.22",札幌,1札1,未勝利,未勝利,7,11,ケイアイメキラ,セ,3,亀田温心, 56 ,14,6,１, ,ダ1700,良,,(栗),村山明,1476,-0.1,10,6,4,38.4,462,+4,
,"2023. 7.22",札幌,1札1,未勝利,未勝利,7,9,クリーデンス,牝,3,ルメール, 54 ,12,1,１, ,ダ1000,良,,(栗),吉村圭司,0587,-0.9,,1,2,35.6,496,+12,
,"2023. 7.22",札幌,1札1,未勝利,未勝利*,5,5,サトミノキラリ,牡,2,横山武史, 55 ,8,1,１, ,芝1200,良,,(美),鈴木伸尋,1095,-0.0,,2,2,34.3,452,-4,
,"2022. 9. 4",札幌,2札8,2勝,２勝ｸﾗｽ,6,9,アンダープロット,牡,4,ルメール, 57 ,14,1,１, ,ダ1700,良,,(美),加藤征弘,1459,-0.1,6,4,2,38.9,502,+2,
,"2022. 9. 4",札幌,2札8,ｵｰﾌﾟﾝ,丹頂ＳＨ,5,5,ボスジラ,牡,6,ルメール, 56 ,11,2,１, ,芝2600,良,,(美),国枝栄,2417,-0.1,4,4,2,36.9,508,+4,B
,"2022. 9. 4",札幌,2札8,2勝,釧路湿原･2勝,6,11,ローゼライト,牝,4,斎藤新, 55 ,15,8,１, ,芝2000,良,,(栗),清水久詞,2022,-0.1,2,2,2,37.0,442,+6,B
,"2022. 9. 4",札幌,2札8,ｵｰﾌﾟﾝ,すずらん,4,5,コスモイグローク,牡,2,丹内祐次, 54 ,14,8,１, ,芝1200,良,*,[地],田中淳司,1104,-0.2,,11,8,35.4,484,+2,
,"2022. 9. 4",札幌,2札8,1勝,１勝ｸﾗｽ,6,9,テーオーバフェット,牡,5,荻野琢真, 57 ,14,9,１, ,ダ1700,良,,(栗),梅田智之,1468,-0.1,9,10,11,37.6,510,-4,
,"2022. 9. 4",札幌,2札8,1勝,１勝ｸﾗｽ,7,11,ポッドヴァイン,牡,3,横山武史, 54 ,14,3,１, ,芝1800,良,,(美),小野次郎,1496,-0.1,8,8,7,35.2,412,0,
,"2022. 9. 4",札幌,2札8,1勝,１勝ｸﾗｽ,5,10,モリノドリーム,牝,3,西塚洸二,50▲,16,5,１, ,芝1200,良,,(美),大江原哲,1094,-0.2,,14,12,34.1,486,+20,
,"2022. 9. 4",札幌,2札8,未勝利,未勝利,6,10,サクラジェンヌ,牝,3,横山武史, 54 ,14,1,１, ,ダ1700,良,,(美),和田勇介,1469,-0.7,2,2,1,39.0,470,-2,
,"2022. 9. 4",札幌,2札8,未勝利,未勝利,6,12,ミッキーチャレンジ,牡,3,川田将雅, 56 ,16,1,１, ,芝1200,良,,(栗),中内田充,1097,-0.7,,7,4,34.5,496,-4,
,"2022. 9. 4",札幌,2札8,未勝利,未勝利,7,11,ゲイングラウンド,牡,3,吉田隼人, 56 ,14,5,１, ,ダ1700,良,,(栗),須貝尚介,1467,-1.1,3,2,2,38.8,524,+26,
,"2022. 9. 4",札幌,2札8,未勝利,未勝利*,6,10,ショーモン,牡,2,横山武史, 54 ,14,1,１, ,芝1500,良,,(栗),橋口慎介,1301,-0.7,2,2,2,36.6,482,-2,
,"2022. 9. 4",札幌,2札8,未勝利,未勝利*,1,1,トップナイフ,牡,2,横山和生, 54 ,8,3,１, ,芝2000,良,,(栗),昆貢,2025,-0.7,1,1,1,36.7,484,-6,
,"2022. 9. 3",札幌,2札7,1勝,１勝ｸﾗｽ,6,10,フームスムート,牡,5,藤岡佑介, 57 ,14,4,１, ,ダ1700,良,,(美),水野貴広,1462,-0.3,4,4,2,38.5,530,-2,B
,"2022. 9. 3",札幌,2札7,Ｇ３,札幌２歳G3,7,12,ドゥーラ,牝,2,斎藤新, 54 ,14,1,１, ,芝1800,良,,(栗),高橋康之,1500,-0.1,5,5,4,35.7,466,+2,
,"2022. 9. 3",札幌,2札7,3勝,日高Ｓ･3勝,3,4,シャイニーロック,牡,6,鮫島克駿, 57 ,14,7,１, ,芝1500,良,,(栗),佐々木晶,1287,-0.2,4,4,2,36.4,506,-2,
,"2022. 9. 3",札幌,2札7,2勝,札幌スポ･2勝,7,14,キミワクイーン,牝,3,横山武史, 53 ,16,2,１, ,芝1200,良,,(美),奥村武,1093,-0.3,,4,3,35.0,440,+10,
,"2022. 9. 3",札幌,2札7,1勝,１勝ｸﾗｽ・牝,3,3,ウインホノカ,牝,6,丹内祐次, 55 ,14,12,１, ,ダ1700,稍,,(美),本間忍,1467,-0.2,10,9,6,38.6,420,-4,
,"2022. 9. 3",札幌,2札7,1勝,１勝ｸﾗｽ,2,3,トラウンシュタイン,牡,4,斎藤新, 57 ,16,7,１, ,芝2000,良,,(栗),奥村豊,2035,-0.0,16,15,6,35.0,448,-4,B
,"2022. 9. 3",札幌,2札7,1勝,１勝ｸﾗｽ,1,1,ユスティニアン,牡,4,黛弘人, 57 ,12,1,１, ,ダ1000,稍,,(栗),新谷功一,0594,-0.1,,3,3,35.5,434,-2,
,"2022. 9. 3",札幌,2札7,新馬,新馬,3,3,サラサハウプリティ,牝,2,菱田裕二, 54 ,13,9,１, ,芝1500,良,,(栗),岡田稲男,1312,-0.1,4,5,4,35.7,442,,
,"2022. 9. 3",札幌,2札7,未勝利,未勝利,3,6,スコールユニバンス,牝,3,ルメール, 54 ,16,4,１, ,芝2000,良,,(栗),矢作芳人,2023,-0.1,5,7,5,36.5,458,+4,
,"2022. 9. 3",札幌,2札7,未勝利,未勝利,4,4,カイザーレオン,牡,3,川田将雅, 56 ,13,1,１, ,ダ1700,稍,,(美),伊坂重信,1468,-0.7,4,2,2,38.7,464,0,B
,"2022. 9. 3",札幌,2札7,未勝利,未勝利*,7,9,ナチュラルリバー,牡,2,藤岡佑介, 54 ,11,3,１, ,ダ1700,稍,,(栗),武英智,1478,-1.3,8,7,3,39.2,468,-2,
,"2022. 9. 3",札幌,2札7,未勝利,未勝利*,7,12,レイフォール,牡,2,丹内祐次, 54 ,14,1,１, ,芝1200,良,,(美),武藤善則,1107,-0.5,,1,1,35.7,464,-2,
,"2022. 8.28",札幌,2札6,2勝,WASJ第４･2勝,4,5,アインゲーブング,牝,4,バシュロ, 56 ,14,8,１, ,芝1800,良,,(美),黒岩陽一,1492,-0.1,2,2,2,35.0,452,+6,
,"2022. 8.28",札幌,2札6,Ｇ３,キーンラG3,4,8,ヴェントヴォーチェ,牡,5,ルメール, 56 ,16,6,１, ,芝1200,良,,(栗),牧浦充徳,1091,-0.1,,10,7,34.0,518,+2,
,"2022. 8.28",札幌,2札6,2勝,WASJ第３･2勝,4,6,メンアットワーク,牡,3,松山弘平, 56 ,14,1,１, ,ダ1700,良,,(美),斎藤誠,1445,-0.4,6,6,5,36.7,454,+4,
,"2022. 8.28",札幌,2札6,1勝,小樽特別･1勝,7,13,ヒルノローザンヌ,牝,3,松山弘平, 52 ,16,1,１, ,芝1200,良,,(栗),西村真幸,1092,-0.2,,8,9,34.6,486,+2,B
,"2022. 8.28",札幌,2札6,1勝,１勝ｸﾗｽ,6,9,アグリ,牡,3,川田将雅, 54 ,14,1,１, ,芝1500,良,,(栗),安田隆行,1296,-0.2,3,3,2,34.6,486,-2,
,"2022. 8.28",札幌,2札6,1勝,１勝ｸﾗｽ,6,8,ミツカネプルート,牝,3,丹内祐次, 52 ,12,8,１, ,ダ1000,良,,(美),清水英克,0592,-0.5,,2,2,35.9,442,+10,
,"2022. 8.28",札幌,2札6,未勝利,未勝利,7,14,ムガ,牝,3,古川吉洋, 54 ,16,6,１, ,芝2000,良,,(栗),大根田裕,2027,-0.3,7,4,2,35.2,466,+6,
,"2022. 8.28",札幌,2札6,新馬,新馬,6,6,フォトンブルー,牡,2,武豊, 54 ,7,3,１, ,芝1800,良,,(栗),武幸四郎,1511,-0.0,4,3,2,34.9,516,,
,"2022. 8.28",札幌,2札6,未勝利,未勝利・牝,8,13,ジューンポンポン,牝,3,横山和生, 54 ,14,1,１, ,ダ1700,良,*,(美),和田勇介,1465,-0.1,11,7,3,37.6,474,+2,
,"2022. 8.28",札幌,2札6,未勝利,未勝利,5,6,メリヴェイユ,牝,3,小林凌大,52△,12,7,１, ,ダ1000,良,,(美),伊藤圭三,1004,-0.1,,1,1,36.6,454,+4,
,"2022. 8.28",札幌,2札6,未勝利,未勝利,6,9,ダノンマイソウル,牡,3,川田将雅, 56 ,14,1,１, ,ダ1700,良,,(栗),矢作芳人,1464,-0.6,5,4,1,37.6,516,-6,
,"2022. 8.28",札幌,2札6,未勝利,未勝利・牝*,4,4,コスモフーレイ,牝,2,丹内祐次, 54 ,8,3,１, ,芝1500,良,,(栗),五十嵐忠,1310,-0.3,7,6,3,36.7,422,-8,
,"2022. 8.27",札幌,2札5,1勝,ニセコ特･1勝,4,5,メイショウジブリ,牡,3,武豊, 54 ,14,1,１, ,ダ1700,良,,(栗),南井克巳,1456,-0.1,1,1,1,37.6,500,+16,
,"2022. 8.27",札幌,2札5,3勝,WASJ第２･3勝,8,13,サクラトゥジュール,牡,5,川田将雅, 58 ,14,3,１, ,芝2000,良,,(美),堀宣行,2006,-0.1,10,10,6,35.6,518,+8,
,"2022. 8.27",札幌,2札5,2勝,WASJ第１･2勝,7,12,メイショウツツジ,牝,4,武豊, 56 ,14,6,１, ,芝1200,良,,(栗),南井克巳,1095,-0.2,,13,13,34.2,446,+18,
,"2022. 8.27",札幌,2札5,1勝,ルスツ特･1勝,2,2,スカイテラス,牡,5,ルメール, 57 ,14,2,１, ,芝2600,良,,(美),和田正一,2425,-0.0,5,6,5,35.6,500,+2,B
,"2022. 8.27",札幌,2札5,1勝,１勝ｸﾗｽ・牝,6,9,ネイリッカ,牝,3,横山武史, 52 ,14,2,１, ,ダ1700,良,,(美),和田勇介,1455,-0.9,1,1,1,37.9,456,+6,
,"2022. 8.27",札幌,2札5,1勝,１勝ｸﾗｽ,3,4,レッドランメルト,牡,3,川田将雅, 54 ,14,1,１, ,芝1800,良,,(美),国枝栄,1484,-0.5,3,3,1,36.1,508,+8,
,"2022. 8.27",札幌,2札5,未勝利,未勝利,5,7,ジャスティンエース,牡,3,福永祐一, 56 ,14,2,１, ,芝1500,良,,(栗),杉山晴紀,1304,-0.0,1,1,1,35.0,464,0,
,"2022. 8.27",札幌,2札5,新馬,新馬,6,6,ペリエール,牡,2,福永祐一, 54 ,7,2,１, ,ダ1700,良,,(美),黒岩陽一,1457,-0.6,3,2,1,36.9,474,,
,"2022. 8.27",札幌,2札5,未勝利,未勝利,4,6,ヤマニンクイッカー,牡,3,柴山雄一, 56 ,14,4,１, ,ダ1700,良,,(美),田島俊明,1466,-0.3,2,3,1,38.2,456,+4,
,"2022. 8.27",札幌,2札5,未勝利,未勝利・牝,6,7,ベジェサ,牝,3,横山和生, 54 ,12,2,１, ,ダ1000,良,*,(栗),飯田祐史,0593,-0.2,,1,1,35.2,494,-2,
,"2022. 8.27",札幌,2札5,未勝利,未勝利*,7,7,バロットボックス,牝,2,菱田裕二, 54 ,8,3,１, ,芝1200,良,,(美),宮田敬介,1104,-0.1,,2,2,35.6,450,-2,
,"2022. 8.27",札幌,2札5,未勝利,未勝利*,5,5,キングズレイン,牡,2,横山武史, 54 ,7,1,１, ,芝1800,良,,(美),手塚貴久,1525,-0.0,3,3,3,34.7,480,+6,
,"2022. 8.21",札幌,2札4,2勝,手稲山特･2勝,2,4,モンファボリ,牝,4,武豊, 55 ,16,1,１, ,芝1200,良,,(栗),須貝尚介,1102,-0.0,,10,8,35.0,460,+2,
,"2022. 8.21",札幌,2札4,Ｇ２,札幌記念G2,2,4,ジャックドール,牡,4,藤岡佑介, 57 ,16,3,１, ,芝2000,良,,(栗),藤岡健一,2012,-0.0,4,3,2,37.3,516,+8,
,"2022. 8.21",札幌,2札4,2勝,大通公園･2勝,7,11,モズマゾク,牡,4,武豊, 57 ,14,7,１, ,ダ1700,良,*,(栗),南井克巳,1450,-0.0,6,6,4,36.9,488,+2,B
,"2022. 8.21",札幌,2札4,ｵｰﾌﾟﾝ,クローバ,4,4,ジョリダム,牝,2,丹内祐次, 54 ,11,8,１, ,芝1500,良,,[地],田中淳司,1316,-0.0,1,1,1,36.5,430,-6,
,"2022. 8.21",札幌,2札4,1勝,１勝ｸﾗｽ・牝,8,14,ヒヅルジョウ,牝,3,菱田裕二, 52 ,14,2,１, ,芝2000,良,,(栗),岡田稲男,2022,-0.4,1,1,1,37.2,476,+6,
,"2022. 8.21",札幌,2札4,1勝,１勝ｸﾗｽ,5,6,スマートセプター,牡,3,吉田隼人, 54 ,13,3,１, ,ダ1700,良,,(栗),須貝尚介,1457,-0.4,1,1,1,38.2,500,-2,
,"2022. 8.21",札幌,2札4,1勝,１勝ｸﾗｽ,1,1,セブンスレター,牡,3,黛弘人, 54 ,12,8,１, ,ダ2400,良,,(美),武井亮,2346,-0.1,2,1,2,39.8,492,-4,
,"2022. 8.21",札幌,2札4,新馬,新馬,4,4,インスタキング,牡,2,武豊, 54 ,6,4,１, ,芝2000,稍,,(美),蛯名正義,2063,-0.1,3,3,2,37.4,492,,
,"2022. 8.21",札幌,2札4,未勝利,未勝利,2,2,ヴィルトブリーゼ,牝,3,柴山雄一, 54 ,14,4,１, ,芝2600,稍,,(美),古賀慎明,2461,-0.0,1,1,1,37.5,434,-6,
,"2022. 8.21",札幌,2札4,未勝利,未勝利,1,1,マイネルキング,牡,3,丹内祐次, 56 ,14,2,１, ,ダ1700,良,,(美),相沢郁,1467,-0.2,1,1,1,38.6,474,-10,
,"2022. 8.21",札幌,2札4,未勝利,未勝利,4,4,バオバブスピリット,牝,3,岩田康誠, 54 ,12,5,１, ,ダ1000,良,,(美),斎藤誠,0590,-0.4,,1,1,35.7,434,-2,
,"2022. 8.21",札幌,2札4,未勝利,未勝利*,3,3,ドンデンガエシ,牡,2,横山武史, 54 ,14,2,１, ,芝1500,稍,,(美),尾関知人,1316,-0.1,5,3,2,37.6,466,+10,
,"2022. 8.20",札幌,2札3,1勝,１勝ｸﾗｽ・牝,1,1,スミ,牝,3,角田大和,50△,8,1,１, ,ダ1700,稍,,(栗),高橋亮,1452,-0.2,2,2,2,38.0,460,+2,
,"2022. 8.20",札幌,2札3,2勝,札幌日Ｈ･2勝,8,13,ディナースタ,牡,3,横山和生, 53 ,14,1,１, ,芝2600,稍,*,(栗),辻野泰之,2444,-0.2,9,1,1,37.9,458,-8,
,"2022. 8.20",札幌,2札3,1勝,富良野特･1勝,7,8,マイネルトルファン,牡,3,丹内祐次, 54 ,11,1,１, ,芝2000,稍,,(美),高木登,2049,-0.0,5,4,3,37.3,492,+2,
,"2022. 8.20",札幌,2札3,1勝,千歳特別･1勝,4,5,モチベーション,牝,3,丹内祐次, 52 ,14,2,１, ,芝1500,稍,,(美),清水英克,1310,-0.2,1,1,1,36.8,438,+4,
,"2022. 8.20",札幌,2札3,1勝,１勝ｸﾗｽ,8,11,ファンタジックラン,牝,3,角田大和,50△,12,3,１, ,ダ1000,稍,,(栗),飯田祐史,0595,-0.0,,2,2,35.7,456,+2,
,"2022. 8.20",札幌,2札3,未勝利,未勝利,5,9,オオキニ,牡,3,藤岡佑介, 56 ,16,3,１, ,芝2000,稍,,(栗),鈴木孝志,2047,-0.7,1,1,1,36.0,442,-2,
,"2022. 8.20",札幌,2札3,未勝利,未勝利,6,10,タマモベローナ,牝,3,大久保友,51▲,14,9,１, ,ダ1700,稍,,(栗),高橋亮,1467,-0.3,2,1,1,38.4,472,-4,
,"2022. 8.20",札幌,2札3,新馬,新馬,5,6,ドルチェモア,牡,2,横山和生, 54 ,12,1,１, ,芝1500,稍,,(栗),須貝尚介,1322,-0.5,1,1,1,35.6,480,,
,"2022. 8.20",札幌,2札3,未勝利,未勝利,2,3,バーニーフォールズ,牝,3,横山武史, 54 ,16,4,１, ,芝1200,稍,,(美),加藤征弘,1100,-0.6,,1,1,35.9,444,-2,
,"2022. 8.20",札幌,2札3,未勝利,未勝利・牝,2,2,エターナルプライド,牝,3,小林凌大,52△,14,6,１, ,ダ1700,稍,,(美),田島俊明,1471,-0.1,7,8,9,38.3,462,-8,B
,"2022. 8.20",札幌,2札3,未勝利,未勝利*,6,7,ドゥラエレーデ,牡,2,池添謙一, 54 ,12,1,１, ,ダ1700,稍,,(栗),池添学,1466,-0.1,2,1,1,37.8,508,+2,
,"2022. 8.20",札幌,2札3,未勝利,未勝利*,3,3,ビキニボーイ,牡,2,浜中俊, 54 ,10,3,１, ,芝1800,稍,,(栗),梅田智之,1543,-0.3,1,1,1,36.3,478,-2,
,"2022. 8.14",札幌,2札2,2勝,２勝ｸﾗｽ,6,7,ムジック,牝,4,角田大和,53△,12,1,１, ,ダ1000,稍,,(栗),高橋亮,0592,-0.1,,2,1,36.4,488,+4,B
,"2022. 8.14",札幌,2札2,ｵｰﾌﾟﾝ,ＵＨＢ賞Ｈ,8,15,ロードマックス,牡,4,鮫島克駿, 55 ,16,4,１, ,芝1200,稍,,(栗),藤原英昭,1092,-0.0,,10,7,34.5,442,-6,
,"2022. 8.14",札幌,2札2,2勝,藻岩山特･2勝,1,1,ドゥラドーレス,牡,3,横山武史, 54 ,13,1,１, ,芝2000,稍,,(美),宮田敬介,2024,-0.4,8,7,7,35.1,494,-4,
,"2022. 8.14",札幌,2札2,1勝,石狩特別･1勝,2,2,サンストックトン,牡,3,横山武史, 54 ,9,1,１, ,芝1800,稍,,(美),鹿戸雄一,1500,-0.7,6,5,4,35.2,460,0,
,"2022. 8.14",札幌,2札2,1勝,１勝ｸﾗｽ,4,5,リアルシング,牡,5,池添謙一, 57 ,13,1,１, ,ダ1700,稍,,(栗),池添兼雄,1461,-0.0,6,6,4,37.9,544,-2,
,"2022. 8.14",札幌,2札2,1勝,１勝ｸﾗｽ・牝,3,3,ルージュエクレール,牝,3,横山武史, 52 ,12,1,１, ,芝1500,稍,,(美),萩原清,1304,-0.0,5,5,5,36.3,424,0,
,"2022. 8.14",札幌,2札2,1勝,１勝ｸﾗｽ,3,3,コスモルーテウス,牡,3,丹内祐次, 54 ,14,4,１, ,ダ1700,稍,,(美),田中博康,1467,-0.0,10,6,5,38.9,458,-4,
,"2022. 8.14",札幌,2札2,新馬,新馬,8,10,アスクメークシェア,牡,2,吉田隼人, 54 ,11,2,１, ,芝1800,稍,,(栗),藤原英昭,1533,-0.0,5,5,5,36.3,484,,
,"2022. 8.14",札幌,2札2,未勝利,未勝利,4,6,ケデシュ,牝,3,横山武史, 54 ,14,1,１, ,芝1500,稍,,(栗),上村洋行,1285,-1.3,1,1,1,36.4,466,+6,
,"2022. 8.14",札幌,2札2,未勝利,未勝利,6,9,タイセイフェイバー,牡,3,丹内祐次, 56 ,14,5,１, ,ダ1700,稍,,(栗),浜田多実,1472,-0.8,2,2,1,38.8,520,-8,
,"2022. 8.14",札幌,2札2,未勝利,未勝利,7,9,ウインアラジン,牡,3,角田大和,54△,12,3,１, ,ダ2400,稍,,(栗),寺島良,2366,-1.9,3,2,1,39.2,474,-6,
,"2022. 8.14",札幌,2札2,未勝利,未勝利*,5,7,キガン,牝,2,小林凌大,52△,13,3,１, ,芝1200,稍,,(美),小島茂之,1105,-0.4,,7,5,35.5,466,-6,
,"2022. 8.13",札幌,2札1,1勝,１勝ｸﾗｽ,8,15,バンデルオーラ,牡,3,浜中俊, 54 ,16,1,１, ,芝1200,稍,,(栗),牧浦充徳,1102,-0.2,,10,10,35.0,470,-14,
,"2022. 8.13",札幌,2札1,3勝,ＴＶｈ賞･3勝,7,11,オセアダイナスティ,牡,4,横山武史, 57 ,14,4,１, ,ダ1700,稍,,(美),加藤征弘,1448,-0.2,1,1,1,36.6,520,+2,
,"2022. 8.13",札幌,2札1,2勝,羊ヶ丘特･2勝,3,3,グレイトオーサー,セ,5,藤岡佑介, 57 ,14,5,１, ,芝1500,良,,(美),堀宣行,1298,-0.0,2,2,2,34.9,494,-20,
,"2022. 8.13",札幌,2札1,ｵｰﾌﾟﾝ,コスモス,8,9,モリアーナ,牝,2,武藤雅, 54 ,9,1,１, ,芝1800,良,,(美),武藤善則,1500,-0.3,2,2,1,36.1,462,+2,
,"2022. 8.13",札幌,2札1,1勝,１勝ｸﾗｽ,8,11,ジェンヌ,牝,3,吉田隼人, 52 ,11,4,１, ,芝2600,良,,(栗),安達昭夫,2422,-0.3,9,8,2,35.8,420,-4,
,"2022. 8.13",札幌,2札1,1勝,１勝ｸﾗｽ,2,2,クローリスノキセキ,牝,4,横山武史, 55 ,11,3,１, ,ダ1000,稍,,(美),西田雄一,0591,-0.4,,4,4,35.6,448,+2,
,"2022. 8.13",札幌,2札1,未勝利,未勝利,8,16,クレバーテースト,セ,3,菱田裕二, 56 ,16,11,１, ,芝2000,良,,(栗),武幸四郎,2036,-0.1,3,1,1,36.9,442,-2,
,"2022. 8.13",札幌,2札1,新馬,新馬・牝,4,5,アースビート,牝,2,小林凌大,52△,14,4,１, ,芝1500,良,,(美),伊藤圭三,1311,-0.0,1,1,1,36.5,442,,
,"2022. 8.13",札幌,2札1,未勝利,未勝利,7,11,ジョーカーブラウン,牡,3,丹内祐次, 56 ,14,1,１, ,ダ1700,重,,(美),松山将樹,1462,-0.4,5,4,2,37.0,518,+2,
,"2022. 8.13",札幌,2札1,未勝利,未勝利,7,10,グラサージュ,牝,3,武豊, 54 ,12,1,１, ,ダ1000,重,,(美),林徹,0594,-0.0,,2,1,36.2,516,0,
,"2022. 8.13",札幌,2札1,未勝利,未勝利・牝,3,4,イモータルフェイム,牝,3,武豊, 54 ,14,2,１, ,ダ1700,重,,(美),鹿戸雄一,1469,-0.5,4,3,3,38.3,466,+12,
,"2022. 8.13",札幌,2札1,未勝利,未勝利*,6,8,トーセンウォルト,牡,2,横山武史, 54 ,12,4,１, ,芝1800,稍,,(美),小桧山悟,1510,-0.3,4,3,2,35.9,454,+4,
,"2022. 8. 7",札幌,1札6,1勝,１勝ｸﾗｽ・牝,8,15,グラスミヤラビ,牝,3,西塚洸二,49▲,16,5,１, ,芝1200,良,,(美),大江原哲,1088,-0.1,,9,7,33.8,486,+6,
,"2022. 8. 7",札幌,1札6,Ｇ３,エルムＳG3,6,9,フルデプスリーダー,牡,5,丹内祐次, 56 ,14,9,１, ,ダ1700,良,*,(美),斎藤誠,1442,-0.1,6,4,3,36.2,490,0,
,"2022. 8. 7",札幌,1札6,2勝,ＨＢＣ賞･2勝,1,1,ショウナンラスボス,牡,4,浜中俊, 57 ,16,8,１, ,芝1200,良,,(美),奥村武,1086,-0.0,,4,3,34.4,466,0,B
,"2022. 8. 7",札幌,1札6,2勝,ライラッ･2勝,7,12,アサケレディ,牝,4,菱田裕二, 55 ,14,5,１, ,芝1800,良,,(栗),大橋勇樹,1479,-0.0,7,5,5,34.9,480,-2,
,"2022. 8. 7",札幌,1札6,1勝,１勝ｸﾗｽ,8,13,マイネルアルザス,牡,3,横山琉人,52△,14,13,１, ,芝2000,良,,(美),菊川正達,2008,-0.1,6,5,4,36.3,462,+4,
,"2022. 8. 7",札幌,1札6,1勝,１勝ｸﾗｽ,7,12,スズカマジェスタ,牡,3,横山和生, 54 ,14,7,１, ,ダ1700,良,,(栗),須貝尚介,1466,-0.2,9,11,9,36.8,432,+4,
,"2022. 8. 7",札幌,1札6,未勝利,未勝利,1,1,ベッラアルバ,牝,3,角田大和,52△,14,4,１, ,芝2600,良,,(栗),中竹和也,2408,-0.2,4,2,2,36.5,462,+6,
,"2022. 8. 7",札幌,1札6,新馬,新馬,4,4,エイトスターズ,牝,2,吉田隼人, 54 ,9,2,１, ,芝1800,良,,(栗),坂口智康,1512,-0.0,2,2,1,35.5,468,,
,"2022. 8. 7",札幌,1札6,未勝利,未勝利,5,8,セイウンガレオン,牡,3,黛弘人, 56 ,14,5,１, ,ダ1700,良,,(美),奥平雅士,1478,-0.6,12,8,3,38.0,528,0,
,"2022. 8. 7",札幌,1札6,未勝利,未勝利・牝,5,10,サトノゼノビア,牝,3,浜中俊, 54 ,16,9,１, ,芝2000,良,,(美),国枝栄,2008,-0.0,12,7,6,35.9,472,-4,B
,"2022. 8. 7",札幌,1札6,未勝利,未勝利,8,12,メルシー,牝,3,武豊, 54 ,12,1,１, ,ダ1000,良,,(栗),今野貞一,0593,-0.2,,2,2,35.4,422,+4,
,"2022. 8. 7",札幌,1札6,未勝利,未勝利*,8,11,サトノミスチーフ,牡,2,富田暁, 54 ,11,1,１, ,ダ1700,良,,(栗),平田修,1492,-1.0,3,3,2,38.7,480,0,
,"2022. 8. 6",札幌,1札5,1勝,１勝ｸﾗｽ,2,2,エープラス,牝,4,斎藤新, 55 ,14,10,１, ,芝1500,良,,(美),池上昌和,1293,-0.0,3,4,3,34.7,482,-6,
,"2022. 8. 6",札幌,1札5,OP(L),札幌日経(L),2,2,ハーツイストワール,牡,6,武豊, 56 ,10,1,１, ,芝2600,良,*,(美),国枝栄,2415,-0.0,3,3,3,35.0,474,-6,
,"2022. 8. 6",札幌,1札5,2勝,桑園特Ｈ･2勝,4,6,クレスコジョケツ,牝,3,鮫島克駿, 52 ,14,1,１, ,ダ1700,良,,(栗),木原一良,1456,-0.2,2,2,1,37.5,478,+4,
,"2022. 8. 6",札幌,1札5,1勝,北辰特別･1勝,8,11,スカイフォール,牡,3,横山和生, 54 ,11,1,１, ,芝1800,良,,(栗),昆貢,1489,-0.6,5,4,4,34.6,474,-8,
,"2022. 8. 6",札幌,1札5,1勝,１勝ｸﾗｽ・牝,2,2,カラフルキューブ,牝,3,藤岡佑介, 52 ,14,2,１, ,ダ1700,良,,(栗),高野友和,1456,-0.2,5,6,3,37.4,462,-4,
,"2022. 8. 6",札幌,1札5,1勝,１勝ｸﾗｽ,7,8,サウンドブライアン,牡,4,池添謙一, 57 ,11,1,１, ,ダ1000,良,,(栗),村山明,0594,-0.1,,5,6,35.3,486,-2,
,"2022. 8. 6",札幌,1札5,未勝利,未勝利,3,6,ダノンフロイデ,牡,3,岩田望来, 56 ,16,1,１, ,芝2000,良,,(栗),藤原英昭,2024,-0.0,7,7,5,35.5,472,+2,
,"2022. 8. 6",札幌,1札5,未勝利,未勝利,4,7,ホウオウユニコーン,牡,3,横山和生, 56 ,16,7,１, ,芝2000,良,,(美),奥村武,2024,-0.0,9,1,1,36.3,460,+2,
,"2022. 8. 6",札幌,1札5,新馬,新馬,8,8,メイクアスナッチ,牝,2,岩田望来, 54 ,8,3,１, ,芝1200,良,,(美),武市康男,1101,-0.0,,2,1,34.0,438,,
,"2022. 8. 6",札幌,1札5,未勝利,未勝利,7,12,バンクロール,牡,3,丸山元気, 56 ,14,3,１, ,ダ1700,良,,(栗),田中克典,1474,-0.2,8,4,2,38.8,452,-12,B
,"2022. 8. 6",札幌,1札5,未勝利,未勝利,5,9,イラーレ,牝,3,武豊, 54 ,16,1,１, ,芝1200,良,,(栗),北出成人,1097,-0.1,,5,5,34.5,432,+6,
,"2022. 8. 6",札幌,1札5,未勝利,未勝利,7,12,グローバルブラッド,牡,3,横山琉人,54△,14,2,１, ,ダ1700,良,,(栗),藤岡健一,1473,-0.3,4,3,3,36.9,486,-10,
,"2022. 8. 6",札幌,1札5,未勝利,未勝利*,7,7,ドゥーラ,牝,2,斎藤新, 54 ,10,3,１, ,芝1800,良,,(栗),高橋康之,1491,-0.3,3,3,2,34.5,464,-12,
,"2022. 7.31",札幌,1札4,2勝,ポプラ特･2勝,5,6,クインズバジル,牝,4,古川吉洋, 55 ,12,9,１, ,ダ1700,良,*,(栗),梅田智之,1462,-0.1,6,4,3,38.3,470,+6,
,"2022. 7.31",札幌,1札4,Ｇ３,クイーンG3,1,1,テルツェット,牝,5,池添謙一, 56 ,14,2,１, ,芝1800,良,,(美),和田正一,1478,-0.0,6,7,7,34.4,436,+4,
,"2022. 7.31",札幌,1札4,2勝,札幌道Ｈ･2勝,7,8,ジネストラ,牝,4,池添謙一, 55 ,10,2,１, ,芝1500,良,,(美),鹿戸雄一,1278,-0.1,3,3,2,34.2,444,+2,
,"2022. 7.31",札幌,1札4,1勝,積丹特別･1勝,8,10,ディナースタ,牡,3,横山和生, 54 ,10,1,１, ,芝2600,良,,(栗),辻野泰之,2412,-0.4,9,2,1,35.8,466,+4,
,"2022. 7.31",札幌,1札4,1勝,１勝ｸﾗｽ,7,12,ミラキュラスライト,牡,3,横山武史, 54 ,14,3,１, ,ダ1700,良,,(美),萩原清,1460,-0.3,5,5,3,37.6,482,0,
,"2022. 7.31",札幌,1札4,1勝,１勝ｸﾗｽ,5,8,ウインチェレステ,牡,4,松岡正海, 57 ,14,7,１, ,芝2000,良,,(美),畠山吉宏,2015,-0.0,1,1,1,36.6,506,-4,B
,"2022. 7.31",札幌,1札4,1勝,１勝ｸﾗｽ・牝,1,1,カネコメシスター,牝,3,斎藤新, 52 ,12,2,１, ,ダ1000,良,,(栗),中尾秀正,0595,-0.3,,6,7,35.7,484,+12,
,"2022. 7.31",札幌,1札4,新馬,新馬,2,2,ウェイビー,牝,2,鮫島克駿, 54 ,6,4,１, ,芝2000,良,,(栗),西村真幸,2034,-0.5,3,3,3,35.4,512,,
,"2022. 7.31",札幌,1札4,未勝利,未勝利,5,7,ブルーロワイヤル,セ,3,角田大和,54△,13,8,１, ,芝2000,良,,(栗),音無秀孝,2019,-0.1,5,2,1,37.3,508,-4,B
,"2022. 7.31",札幌,1札4,未勝利,未勝利,6,9,クインズジョイフル,牝,3,小林凌大,51▲,14,2,１, ,ダ1700,良,,(美),小島茂之,1470,-0.6,13,10,3,37.4,428,-6,
,"2022. 7.31",札幌,1札4,未勝利,未勝利,8,12,ファンタジックラン,牝,3,角田大和,52△,12,5,１, ,ダ1000,良,,(栗),飯田祐史,0596,-0.3,,2,2,36.4,454,-2,
,"2022. 7.31",札幌,1札4,未勝利,未勝利*,6,6,ソアラ,牝,2,斎藤新, 54 ,7,6,１, ,芝1500,良,,(栗),高橋康之,1304,-0.1,1,1,1,36.1,466,-8,
,"2022. 7.30",札幌,1札3,1勝,１勝ｸﾗｽ,1,2,ミズノコキュウ,牝,3,丹内祐次, 52 ,16,3,１, ,芝1200,良,,(美),水野貴広,1090,-0.0,,3,4,34.4,416,+18,
,"2022. 7.30",札幌,1札3,3勝,ＳＴＶ賞･3勝,1,1,フォワードアゲン,セ,5,黛弘人, 57 ,13,12,１, ,芝1800,良,,(美),中野栄治,1475,-0.2,6,6,5,34.5,424,-4,
,"2022. 7.30",札幌,1札3,2勝,阿寒湖特･2勝,1,1,マリノアズラ,牝,4,横山武史, 55 ,14,3,１, ,芝2600,良,,(美),小手川準,2411,-0.5,1,1,1,35.1,472,-4,
,"2022. 7.30",札幌,1札3,2勝,おおぞら･2勝,7,10,テンテキセンセキ,牡,5,武豊, 57 ,12,7,１, ,ダ1000,良,,(栗),松永昌博,0589,-0.1,,6,6,35.1,474,+6,
,"2022. 7.30",札幌,1札3,1勝,１勝ｸﾗｽ・牝,1,1,メモリーサボアール,牝,3,角田大和,50△,13,5,１, ,芝1800,良,,(栗),角田晃一,1484,-0.3,4,4,3,34.3,472,-10,
,"2022. 7.30",札幌,1札3,1勝,１勝ｸﾗｽ,1,1,ジョイス,牡,3,横山武史, 54 ,14,1,１, ,ダ1700,良,,(美),斎藤誠,1458,-0.7,3,3,2,36.5,506,-6,
,"2022. 7.30",札幌,1札3,未勝利,未勝利,7,9,ヒルノロワール,牡,3,古川吉洋, 56 ,12,6,１, ,芝2000,良,,(栗),北出成人,2023,-0.1,9,9,4,35.6,482,0,
,"2022. 7.30",札幌,1札3,新馬,新馬,8,12,ブライトファントム,牡,2,横山和生, 54 ,12,5,１, ,芝1500,良,,(栗),杉山晴紀,1308,-0.0,1,1,1,35.0,496,,
,"2022. 7.30",札幌,1札3,未勝利,未勝利,4,6,レディベル,牝,3,池添謙一, 54 ,14,1,１, ,ダ1700,良,,(栗),矢作芳人,1475,-0.3,4,3,1,39.3,512,+4,
,"2022. 7.30",札幌,1札3,未勝利,未勝利,6,9,ヴァンガーズハート,牡,3,横山武史, 56 ,14,1,１, ,芝1500,良,,(美),鹿戸雄一,1287,-0.1,2,3,3,35.0,518,-2,
,"2022. 7.30",札幌,1札3,未勝利,未勝利・牝,8,13,クインズステラ,牝,3,横山和生, 54 ,14,1,１, ,ダ1700,良,,(美),池上昌和,1467,-0.7,8,7,4,38.0,460,+2,
,"2022. 7.30",札幌,1札3,未勝利,未勝利*,3,3,アネモス,牝,2,池添謙一, 54 ,7,1,１, ,ダ1000,良,*,(栗),北出成人,0596,-1.4,,1,1,35.4,484,-8,
,"2022. 7.24",札幌,1札2,1勝,１勝ｸﾗｽ,8,11,セッタレダスト,牡,3,丹内祐次, 54 ,11,4,１, ,芝1500,良,,(美),嘉藤貴行,1292,-0.6,2,1,1,35.3,492,+4,
,"2022. 7.24",札幌,1札2,3勝,報知杯Ｈ･3勝,7,7,ブラッティーキッド,牡,4,水口優也, 55 ,10,1,１, ,ダ1700,良,,(栗),中尾秀正,1453,-0.4,6,5,4,37.6,500,0,B
,"2022. 7.24",札幌,1札2,2勝,知床特別･2勝,5,5,カルネアサーダ,牝,3,鮫島克駿, 52 ,9,3,１, ,芝1200,良,,(栗),加用正,1092,-0.2,,2,2,35.7,456,-4,
,"2022. 7.24",札幌,1札2,2勝,ＨＴＢ賞･2勝,1,1,マジカルステージ,牝,4,吉田隼人, 55 ,15,4,１, ,芝2000,良,*,(栗),須貝尚介,2024,-0.1,4,4,4,36.3,442,+2,
,"2022. 7.24",札幌,1札2,1勝,１勝ｸﾗｽ,3,3,ヤマニンゼスト,牡,3,鷲頭虎太,51▲,10,2,１, ,芝1800,良,,(栗),千田輝彦,1503,-0.4,8,10,4,35.1,504,+14,
,"2022. 7.24",札幌,1札2,1勝,１勝ｸﾗｽ,6,7,アシタガアルサ,牡,4,吉田隼人, 57 ,12,7,１, ,ダ1700,良,,(美),小笠倫弘,1468,-0.1,8,10,8,38.9,466,+6,B
,"2022. 7.24",札幌,1札2,未勝利,未勝利,2,3,タフトテソーロ,牡,3,鮫島克駿, 56 ,15,2,１, ,芝2000,良,,(美),高木登,2048,-0.4,10,10,10,36.2,468,0,
,"2022. 7.24",札幌,1札2,新馬,新馬,3,3,ドゥアイズ,牝,2,吉田隼人, 54 ,9,5,１, ,芝1800,良,,(栗),庄野靖志,1523,-0.0,4,4,3,35.6,448,,
,"2022. 7.24",札幌,1札2,未勝利,未勝利,6,10,サルサディーバ,牝,3,秋山稔樹,53☆,14,8,１, ,ダ1700,良,,(栗),森田直行,1477,-0.1,2,2,2,39.1,500,-6,
,"2022. 7.24",札幌,1札2,未勝利,未勝利,5,6,キリシマタウン,牡,3,角田大和,54△,12,2,１, ,ダ1000,良,,(美),天間昭一,0597,-0.1,,3,3,36.2,440,-4,
,"2022. 7.24",札幌,1札2,未勝利,未勝利・牝,6,10,マナウス,牝,3,横山武史, 54 ,14,4,１, ,ダ1700,良,,(栗),田中克典,1475,-0.6,5,4,2,39.3,456,0,
,"2022. 7.24",札幌,1札2,未勝利,未勝利*,5,5,イティネラートル,牝,2,横山和生, 54 ,11,2,１, ,芝1200,良,,(栗),長谷川浩,1106,-0.3,,1,1,36.0,404,-4,
,"2022. 7.23",札幌,1札1,1勝,１勝ｸﾗｽ・牝,7,8,クレスコジョケツ,牝,3,鮫島克駿, 52 ,10,1,１, ,ダ1700,稍,,(栗),木原一良,1457,-0.9,1,1,1,36.9,474,+12,
,"2022. 7.23",札幌,1札1,3勝,しらかば･3勝,8,15,ミニオンペール,牝,6,黛弘人, 55 ,15,11,１, ,芝1200,稍,,(美),小手川準,1099,-0.2,,1,1,35.3,470,-8,
,"2022. 7.23",札幌,1札1,2勝,大倉山特･2勝,6,7,モズピンポン,牡,5,横山武史, 57 ,11,1,１, ,ダ1700,稍,*,(栗),矢作芳人,1459,-0.2,2,2,2,38.3,526,-4,
,"2022. 7.23",札幌,1札1,1勝,利尻特別･1勝,7,7,アケルナルスター,牡,3,丹内祐次, 54 ,8,1,１, ,芝2000,稍,,(美),清水英克,2046,-0.2,6,3,4,34.8,460,0,
,"2022. 7.23",札幌,1札1,1勝,１勝ｸﾗｽ,1,1,ドグマ,牡,3,武豊, 54 ,13,1,１, ,芝1200,稍,,(栗),武幸四郎,1099,-0.2,,10,8,34.7,474,-10,
,"2022. 7.23",札幌,1札1,1勝,１勝ｸﾗｽ,7,8,シャスティーナ,牝,4,鮫島克駿, 55 ,10,2,１, ,ダ1000,稍,,(栗),中村直也,0595,-0.0,,2,2,36.0,484,+6,
,"2022. 7.23",札幌,1札1,未勝利,未勝利,5,8,サルサロッサ,牝,3,鮫島克駿, 54 ,14,2,１, ,芝1800,稍,*,(美),高柳瑞樹,1502,-0.5,5,5,2,37.7,452,+6,
,"2022. 7.23",札幌,1札1,新馬,新馬,5,8,ミラーオブマインド,牡,2,横山和生, 54 ,14,3,１, ,ダ1700,稍,,(美),新開幸一,1470,-0.2,5,4,3,37.8,468,,
,"2022. 7.23",札幌,1札1,未勝利,未勝利,6,11,モリノドリーム,牝,3,丸山元気, 54 ,16,10,１, ,芝1200,稍,,(美),大江原哲,1100,-0.2,,5,5,35.4,466,+4,
,"2022. 7.23",札幌,1札1,未勝利,未勝利・牝,7,12,ルージュエクレール,牝,3,横山武史, 54 ,14,2,１, ,芝1500,稍,,(美),萩原清,1294,-0.7,3,3,3,35.7,424,+6,
,"2022. 7.23",札幌,1札1,未勝利,未勝利,3,3,インペリアルライン,セ,3,秋山稔樹,55☆,10,5,１, ,ダ1700,稍,,(美),中舘英二,1470,-0.0,10,5,4,38.1,452,-2,B
,"2022. 7.23",札幌,1札1,未勝利,未勝利*,1,1,アンテロース,牡,2,武豊, 54 ,5,1,１, ,芝1800,稍,,(栗),岡田稲男,1535,-0.1,2,2,2,35.9,436,0,
,"2021. 9. 5",札幌,2札8,2勝,釧路湿原･2勝,6,8,ミスミルドレッド,牝,4,亀田温心, 55 ,13,3,１, ,芝2000,良,,(美),小島茂之,2031,-0.1,10,8,2,36.3,450,+8,
,"2021. 9. 5",札幌,2札8,ｵｰﾌﾟﾝ,丹頂ＳＨ,8,10,カウディーリョ,牡,5,大野拓弥, 55 ,10,1,１, ,芝2600,良,,(美),堀宣行,2443,-0.0,2,2,1,36.1,448,-4,
,"2021. 9. 5",札幌,2札8,ｵｰﾌﾟﾝ,すずらん,6,6,ヴィアドロローサ,牡,2,ルメール, 54 ,9,2,１, ,芝1200,良,,(美),加藤征弘,1110,-0.1,,5,4,35.8,440,-2,
,"2021. 9. 5",札幌,2札8,2勝,２勝ｸﾗｽ,3,3,スカーレットスカイ,牝,3,国分恭介, 52 ,14,2,１, ,ダ1700,稍,,(栗),岡田稲男,1456,-0.7,1,1,1,37.7,480,+12,
,"2021. 9. 5",札幌,2札8,1勝,１勝ｸﾗｽ,6,10,ペドラフォルカ,牝,3,大野拓弥, 52 ,14,3,１, ,芝1800,稍,,(栗),上村洋行,1513,-0.1,1,1,1,36.5,462,+14,
,"2021. 9. 5",札幌,2札8,1勝,１勝ｸﾗｽ,7,12,エクレルシー,牡,3,ルメール, 54 ,14,1,１, ,ダ1700,稍,,(美),栗田徹,1453,-0.6,1,1,1,38.4,488,+2,B
,"2021. 9. 5",札幌,2札8,1勝,１勝ｸﾗｽ,8,16,カシノフォワード,セ,3,秋山稔樹,53△,16,7,１, ,芝1200,稍,,(美),蛯名利弘,1102,-0.3,,2,2,35.1,436,+4,
,"2021. 9. 5",札幌,2札8,未勝利,未勝利,8,14,シルミーヌ,牝,3,丹内祐次, 54 ,14,5,１, ,ダ1700,稍,,(美),田中剛,1463,-0.2,3,4,3,38.0,442,0,
,"2021. 9. 5",札幌,2札8,未勝利,未勝利,5,9,ノックトゥワイス,セ,3,ルメール, 56 ,16,1,１, ,芝1200,稍,,(美),大竹正博,1105,-0.1,,4,4,35.2,486,-4,
,"2021. 9. 5",札幌,2札8,未勝利,未勝利,4,6,イシュタル,牝,3,秋山稔樹,52△,14,5,１, ,ダ1700,稍,,(美),萩原清,1452,-0.3,1,1,1,37.6,528,-6,
,"2021. 9. 5",札幌,2札8,未勝利,未勝利*,5,6,ナバロン,牡,2,菱田裕二, 54 ,13,5,１, ,芝1500,稍,,(栗),杉山佳明,1324,-0.2,1,1,1,36.1,478,-6,
,"2021. 9. 5",札幌,2札8,未勝利,未勝利*,2,2,ジャスティンスカイ,牡,2,ルメール, 54 ,11,1,１, ,芝2000,稍,,(栗),友道康夫,2049,-0.3,4,3,3,36.7,512,0,
,"2021. 9. 4",札幌,2札7,3勝,日高Ｓ･3勝,4,5,ファーストフォリオ,牝,4,ルメール, 55 ,14,2,１, ,芝1500,良,,(栗),須貝尚介,1286,-0.1,8,8,6,35.3,434,-6,
,"2021. 9. 4",札幌,2札7,Ｇ３,札幌２歳G3,8,9,ジオグリフ,牡,2,ルメール, 54 ,10,1,１, ,芝1800,良,,(美),岩戸孝樹,1491,-0.7,9,5,3,36.1,492,+2,
,"2021. 9. 4",札幌,2札7,2勝,札幌スポ･2勝,3,6,ジュビリーヘッド,牡,4,横山和生, 57 ,16,3,１, ,芝1200,良,,(栗),安田隆行,1090,-0.3,,2,2,34.4,474,+2,B
,"2021. 9. 4",札幌,2札7,1勝,１勝ｸﾗｽ,2,2,クロパラントゥ,セ,3,ルメール, 54 ,14,3,１, ,ダ1700,良,,(美),藤沢和雄,1450,-0.5,1,1,1,37.8,508,+2,B
,"2021. 9. 4",札幌,2札7,1勝,１勝ｸﾗｽ,5,9,ペルソナデザイン,セ,5,秋山稔樹,55△,16,10,１, ,芝2000,良,,(美),大竹正博,2012,-0.1,2,2,1,35.6,464,-10,
,"2021. 9. 4",札幌,2札7,1勝,１勝ｸﾗｽ,5,6,ニシノダンテ,牡,6,勝浦正樹, 57 ,12,5,１, ,ダ1000,良,*,(栗),新谷功一,0593,-0.1,,6,5,35.2,512,+2,
,"2021. 9. 4",札幌,2札7,1勝,１勝ｸﾗｽ・牝,6,10,ペイルライダー,牝,3,武豊, 52 ,14,1,１, ,ダ1700,良,,(栗),角田晃一,1465,-0.1,9,8,7,37.6,480,+2,
,"2021. 9. 4",札幌,2札7,新馬,新馬,8,11,ドーブネ,牡,2,武豊, 54 ,12,1,１, ,芝1500,良,,(栗),武幸四郎,1305,-0.3,9,8,5,34.6,464,,
,"2021. 9. 4",札幌,2札7,未勝利,未勝利,1,1,レスペディーザ,牝,3,池添謙一, 54 ,14,5,１, ,ダ1700,良,,(栗),松永幹夫,1465,-1.4,10,1,1,38.1,430,-4,
,"2021. 9. 4",札幌,2札7,未勝利,未勝利,5,9,ヴィトーリア,牡,3,武豊, 56 ,16,5,１, ,芝2000,良,*,(栗),武英智,2015,-0.1,11,11,9,36.3,440,+2,
,"2021. 9. 4",札幌,2札7,未勝利,未勝利*,6,7,コスモルーテウス,牡,2,丹内祐次, 54 ,12,2,１, ,ダ1700,良,,(美),田中博康,1467,-0.1,3,4,2,38.4,448,+6,
,"2021. 9. 4",札幌,2札7,未勝利,未勝利*,8,8,プラソン,牝,2,藤岡佑介, 54 ,9,3,１, ,芝1200,良,,(栗),寺島良,1100,-0.2,,3,3,35.0,430,0,
,"2021. 8.29",札幌,2札6,2勝,支笏湖特･2勝,4,5,ラヴユーライヴ,牝,4,横山武史, 55 ,14,1,１, ,芝1800,良,*,(栗),矢作芳人,1476,-0.2,1,1,1,35.7,438,+10,
,"2021. 8.29",札幌,2札6,Ｇ３,キーンラG3,6,12,レイハリア,牝,3,亀田温心, 51 ,16,3,１, ,芝1200,良,,(美),田島俊明,1091,-0.0,,2,3,34.8,452,+6,
,"2021. 8.29",札幌,2札6,2勝,苫小牧特･2勝,5,7,ショウリノカンパイ,牝,3,黛弘人, 52 ,14,2,１, ,ダ1700,良,,(美),藤原辰雄,1464,-0.1,7,2,1,38.4,472,+6,
,"2021. 8.29",札幌,2札6,1勝,小樽特別･1勝,6,11,ラヴケリー,牝,3,池添謙一, 52 ,16,2,１, ,芝1200,良,,(栗),高柳大輔,1090,-0.0,,12,8,34.4,442,+2,
,"2021. 8.29",札幌,2札6,1勝,１勝ｸﾗｽ,6,9,マルカエイペックス,牝,4,小沢大仁,52▲,14,6,１, ,芝1500,良,,(栗),今野貞一,1283,-0.2,4,3,2,35.4,458,+2,
,"2021. 8.29",札幌,2札6,1勝,１勝ｸﾗｽ,7,9,ヒートライトニング,牝,4,秋山稔樹,53△,12,1,１, ,ダ1000,良,,(美),堀井雅広,0594,-0.4,,2,2,35.7,480,+4,B
,"2021. 8.29",札幌,2札6,未勝利,未勝利,4,6,ブリエヴェール,牡,3,池添謙一, 56 ,14,8,１, ,ダ1700,良,,(美),小笠倫弘,1463,-0.4,1,1,1,38.3,468,+14,
,"2021. 8.29",札幌,2札6,新馬,新馬,8,12,レイトカンセイオー,牡,2,横山武史, 54 ,12,1,１, ,芝1800,良,,(美),和田勇介,1510,-0.1,2,2,1,35.2,444,,
,"2021. 8.29",札幌,2札6,未勝利,未勝利,2,4,エイムトゥルー,牡,3,横山和生, 56 ,16,5,１, ,芝2000,良,,(美),奥村武,2021,-0.2,2,2,2,37.1,516,+2,
,"2021. 8.29",札幌,2札6,未勝利,未勝利・牝,2,2,エルソール,牝,3,泉谷楓真,53☆,14,4,１, ,ダ1700,良,,(栗),池江泰寿,1467,-0.1,6,9,7,37.6,446,+6,
,"2021. 8.29",札幌,2札6,未勝利,未勝利,6,7,スペシャリティ,牝,3,吉田隼人, 54 ,12,2,１, ,ダ1000,良,,(栗),坂口智康,0597,-0.0,,4,4,35.6,414,0,
,"2021. 8.29",札幌,2札6,未勝利,未勝利・牝*,7,9,モチベーション,牝,2,秋山稔樹,52△,12,1,１, ,芝1500,良,,(美),清水英克,1307,-0.1,2,3,4,36.0,434,-2,
,"2021. 8.28",札幌,2札5,1勝,ニセコ特･1勝,4,5,シンヨモギネス,牡,3,菱田裕二, 54 ,14,1,１, ,ダ1700,良,,(美),伊藤圭三,1469,-0.1,7,5,2,37.6,474,+2,B
,"2021. 8.28",札幌,2札5,3勝,オホーツ･3勝,6,10,アンティシペイト,牡,4,横山和生, 57 ,15,1,１, ,芝2000,良,,(美),国枝栄,2014,-0.2,7,9,9,34.7,502,+6,B
,"2021. 8.28",札幌,2札5,2勝,摩周湖Ｈ･2勝,4,6,ミニオンペール,牝,5,黛弘人, 53 ,14,3,１, ,芝1200,良,,(美),小手川準,1097,-0.1,,12,11,33.8,476,+8,
,"2021. 8.28",札幌,2札5,1勝,ルスツ特･1勝,3,3,モンテディオ,牡,3,池添謙一, 54 ,14,2,１, ,芝2600,良,,(栗),四位洋文,2411,-0.3,5,4,1,37.5,478,-4,
,"2021. 8.28",札幌,2札5,1勝,１勝ｸﾗｽ・牝,7,11,ベルゼール,牝,3,団野大成, 52 ,14,2,１, ,ダ1700,良,,(栗),平田修,1467,-0.7,9,9,5,37.7,450,+6,
,"2021. 8.28",札幌,2札5,1勝,１勝ｸﾗｽ,2,2,グレースオブナイル,牝,4,小沢大仁,52▲,14,2,１, ,芝1800,良,,(栗),杉山晴紀,1498,-0.2,1,1,1,35.9,446,0,
,"2021. 8.28",札幌,2札5,未勝利,未勝利,3,4,ブラックハート,牝,3,菱田裕二, 54 ,14,5,１, ,芝1500,良,,(美),松永康利,1290,-0.2,12,11,7,34.7,402,+4,
,"2021. 8.28",札幌,2札5,新馬,新馬,7,7,クリノメガミエース,牝,2,菱田裕二, 54 ,9,7,１, ,ダ1700,良,,(美),本間忍,1503,-1.3,5,1,1,39.9,482,,
,"2021. 8.28",札幌,2札5,未勝利,未勝利,7,11,ホウオウヴォーヌ,牡,3,丹内祐次, 56 ,14,6,１, ,ダ1700,良,,(美),斎藤誠,1479,-0.0,6,4,2,39.9,470,-4,B
,"2021. 8.28",札幌,2札5,未勝利,未勝利・牝,1,1,レイワプリンセス,牝,3,古川吉洋, 54 ,12,6,１, ,ダ1000,良,,(栗),木原一良,0594,-0.1,,1,1,36.3,508,+8,
,"2021. 8.28",札幌,2札5,未勝利,未勝利*,4,4,ジョーブリッランテ,牡,2,横山和生, 54 ,10,2,１, ,芝1200,良,,(栗),清水久詞,1102,-0.1,,4,3,35.7,488,+8,
,"2021. 8.28",札幌,2札5,未勝利,未勝利*,3,3,シンティレーション,牝,2,横山武史, 54 ,8,1,１, ,芝1800,良,,(美),池上昌和,1492,-0.4,1,1,1,35.3,452,-2,
,"2021. 8.22",札幌,2札4,2勝,手稲山特･2勝,7,14,スイートクラウン,牝,3,横山武史, 52 ,16,1,１, ,芝1200,良,,(美),石毛善彦,1090,-0.4,,2,2,34.5,470,+8,
,"2021. 8.22",札幌,2札4,Ｇ２,札幌記念G2,8,13,ソダシ,牝,3,吉田隼人, 52 ,13,2,１, ,芝2000,良,,(栗),須貝尚介,1595,-0.1,2,1,1,35.4,472,0,
,"2021. 8.22",札幌,2札4,2勝,大通公園･2勝,7,12,ロードエクレール,牡,3,横山武史, 54 ,14,7,１, ,ダ1700,良,,(美),斎藤誠,1455,-0.5,2,2,1,38.3,470,+2,
,"2021. 8.22",札幌,2札4,ｵｰﾌﾟﾝ,クローバ,7,9,ラブリイユアアイズ,牝,2,団野大成, 54 ,11,4,１, ,芝1500,良,,(美),黒岩陽一,1291,-0.4,2,1,1,35.1,446,-2,
,"2021. 8.22",札幌,2札4,1勝,１勝ｸﾗｽ・牝,8,11,ファジェス,牝,3,横山和生, 52 ,12,1,１, ,芝2000,良,,(栗),安田隆行,2023,-0.0,11,1,1,34.9,484,+4,
,"2021. 8.22",札幌,2札4,1勝,１勝ｸﾗｽ,8,14,タイキドミニオン,牡,3,川田将雅, 54 ,14,1,１, ,ダ1700,良,,(栗),高野友和,1475,-0.0,2,2,2,37.1,502,-6,
,"2021. 8.22",札幌,2札4,1勝,１勝ｸﾗｽ,6,7,グッドリドゥンス,牡,4,勝浦正樹, 57 ,12,4,１, ,ダ2400,良,,(美),的場均,2355,-0.3,6,6,5,38.4,484,0,
,"2021. 8.22",札幌,2札4,新馬,新馬,4,4,スカイフォール,牡,2,横山典弘, 54 ,9,4,１, ,芝1800,良,,(栗),昆貢,1516,-0.1,3,4,3,35.1,466,,
,"2021. 8.22",札幌,2札4,未勝利,未勝利,5,7,ゲンパチムサシ,牡,3,川田将雅, 56 ,14,2,１, ,芝2600,良,,(栗),佐々木晶,2430,-0.0,8,9,6,35.3,488,-10,
,"2021. 8.22",札幌,2札4,未勝利,未勝利,4,6,ゲットアップ,セ,3,松田大作, 56 ,14,1,１, ,ダ1700,良,,(美),牧光二,1473,-0.0,2,2,1,39.0,476,+4,B
,"2021. 8.22",札幌,2札4,未勝利,未勝利,7,10,アイヴォリーアイ,牝,3,吉田隼人, 54 ,12,3,１, ,ダ1000,良,*,(栗),坂口智康,1001,-0.1,,3,2,36.0,486,+4,
,"2021. 8.22",札幌,2札4,未勝利,未勝利*,2,2,イエヴァンポルッカ,牡,2,坂井瑠星, 54 ,13,3,１, ,芝1500,良,,(美),伊藤圭三,1316,-0.2,11,10,11,34.8,470,+2,
,"2021. 8.21",札幌,2札3,1勝,千歳特別･1勝,3,4,アルママ,牡,5,丹内祐次, 57 ,14,1,１, ,芝1500,良,,(美),畠山吉宏,1293,-0.2,1,1,1,34.6,470,-4,
,"2021. 8.21",札幌,2札3,2勝,札幌日Ｈ･2勝,3,4,エアサージュ,牡,3,池添謙一, 53 ,14,2,１, ,芝2600,良,,(栗),池添学,2410,-0.0,1,1,1,35.3,532,+10,
,"2021. 8.21",札幌,2札3,1勝,富良野特･1勝,4,7,ケルンキングダム,セ,5,国分恭介, 57 ,15,7,１, ,芝2000,良,,(栗),小崎憲,2013,-0.3,7,7,5,35.3,442,-6,
,"2021. 8.21",札幌,2札3,1勝,１勝ｸﾗｽ・牝,5,5,ペプチドヒミコ,牝,4,ルメール, 55 ,12,1,１, ,ダ1700,良,,(栗),武英智,1459,-1.1,8,4,2,37.1,480,+10,
,"2021. 8.21",札幌,2札3,1勝,１勝ｸﾗｽ,5,5,ブーケオブアイリス,牡,3,ルメール, 54 ,12,1,１, ,ダ1000,良,*,(美),杉浦宏昭,0599,-0.0,,8,6,35.3,496,+2,
,"2021. 8.21",札幌,2札3,未勝利,未勝利,5,9,ビューティーウェイ,牝,3,吉田隼人, 54 ,16,1,１, ,芝2000,良,,(栗),須貝尚介,2008,-0.3,13,10,8,36.0,440,-2,
,"2021. 8.21",札幌,2札3,未勝利,未勝利,7,12,キュン,牝,3,横山武史, 54 ,14,2,１, ,ダ1700,良,,(美),戸田博文,1474,-0.4,3,3,2,37.6,454,+4,
,"2021. 8.21",札幌,2札3,新馬,新馬・牝,5,8,ウォーターナビレラ,牝,2,吉田隼人, 54 ,14,6,１, ,芝1500,良,,(栗),武幸四郎,1314,-0.3,1,1,1,34.8,464,,
,"2021. 8.21",札幌,2札3,未勝利,未勝利,8,15,シュアーヴアリア,牝,3,丹内祐次, 54 ,16,2,１, ,芝1200,良,,(美),高橋裕,1097,-0.1,,8,6,34.9,472,+2,B
,"2021. 8.21",札幌,2札3,未勝利,未勝利・牝,4,6,ルージュブラン,牝,3,秋山稔樹,52△,14,6,１, ,ダ1700,良,*,(美),手塚貴久,1473,-0.0,10,3,3,39.3,460,+2,
,"2021. 8.21",札幌,2札3,未勝利,未勝利*,6,6,コースタルテラス,牡,2,ルメール, 54 ,11,1,１, ,ダ1700,良,,(美),手塚貴久,1482,-0.8,3,3,2,39.6,492,+6,
,"2021. 8.21",札幌,2札3,未勝利,未勝利*,7,7,アンビション,牡,2,ルメール, 54 ,8,1,１, ,芝1800,良,,(美),手塚貴久,1496,-0.1,8,7,2,36.4,542,+4,
,"2021. 8.15",札幌,2札2,2勝,藻岩山特･2勝,6,6,ソーヴァリアント,牡,3,横山武史, 54 ,9,1,１, ,芝2000,良,,(美),手塚貴久,2005,-0.6,2,2,1,34.8,506,+4,
,"2021. 8.15",札幌,2札2,ｵｰﾌﾟﾝ,ＵＨＢ賞Ｈ,2,3,アヌラーダプラ,牝,4,横山武史, 53 ,16,1,１, ,芝1200,良,,(美),萩原清,1088,-0.0,,2,2,34.5,484,+8,
,"2021. 8.15",札幌,2札2,1勝,石狩特別･1勝,2,2,プラチナトレジャー,牡,3,ルメール, 54 ,10,1,１, ,芝1800,良,,(美),国枝栄,1490,-0.4,6,7,5,34.9,480,+14,
,"2021. 8.15",札幌,2札2,2勝,２勝ｸﾗｽ,1,1,ゼンノアンジュ,牝,3,団野大成, 52 ,12,6,１, ,ダ1000,良,,(栗),浅見秀一,0580,-0.9,,7,6,34.3,492,+4,
,"2021. 8.15",札幌,2札2,1勝,１勝ｸﾗｽ・牝,7,11,サトノアイ,牝,3,坂井瑠星, 52 ,14,1,１, ,芝1500,良,,(栗),須貝尚介,1287,-0.3,6,5,4,34.5,430,+10,
,"2021. 8.15",札幌,2札2,1勝,１勝ｸﾗｽ,4,5,ピクトルテソーロ,牡,3,横山和生, 54 ,14,3,１, ,ダ1700,良,,(美),田中博康,1459,-0.3,10,2,2,37.5,464,-10,
,"2021. 8.15",札幌,2札2,1勝,１勝ｸﾗｽ,6,8,タマモヒメギミ,牝,3,国分恭介, 52 ,12,1,１, ,ダ1000,良,,(栗),五十嵐忠,0587,-0.4,,2,1,35.2,492,-2,
,"2021. 8.15",札幌,2札2,新馬,新馬,3,3,ホウオウプレミア,牡,2,ルメール, 54 ,7,1,１, ,芝2000,良,,(美),奥村武,2026,-0.1,5,3,2,35.8,482,,
,"2021. 8.15",札幌,2札2,未勝利,未勝利,4,5,アルジェントステラ,牝,3,横山武史, 54 ,14,2,１, ,芝1500,良,*,(美),和田正一,1290,-0.1,7,7,7,34.7,422,+2,
,"2021. 8.15",札幌,2札2,未勝利,未勝利,3,4,ウィリアムバローズ,牡,3,横山武史, 56 ,14,2,１, ,ダ1700,良,,(栗),上村洋行,1452,-0.7,1,1,1,37.4,482,0,B
,"2021. 8.15",札幌,2札2,未勝利,未勝利,7,10,ワセダハーツ,牡,3,横山武史, 56 ,12,3,１, ,ダ2400,良,,(栗),橋口慎介,2368,-0.0,8,2,2,37.9,434,+14,
,"2021. 8.15",札幌,2札2,未勝利,未勝利*,6,6,フリートオブフット,牝,2,横山武史, 54 ,9,2,１, ,芝1200,良,,(美),奥村武,1093,-0.3,,4,4,34.8,438,-4,
,"2021. 8.14",札幌,2札1,2勝,札幌道新･2勝,3,4,ヴァトレニ,セ,3,横山和生, 54 ,14,1,１, ,芝1500,良,,(栗),長谷川浩,1279,-0.4,3,3,2,35.0,448,+8,
,"2021. 8.14",札幌,2札1,3勝,羊蹄山Ｓ･3勝,8,13,ホウオウトゥルース,セ,5,横山和生, 57 ,14,7,１, ,ダ1700,良,,(美),高木登,1439,-0.4,12,6,4,36.1,470,-2,
,"2021. 8.14",札幌,2札1,ｵｰﾌﾟﾝ,コスモス,4,4,トーセンヴァンノ,牡,2,山田敬士, 54 ,6,4,１, ,芝1800,良,,(美),小桧山悟,1493,-0.1,2,2,1,36.3,476,-2,
,"2021. 8.14",札幌,2札1,1勝,１勝ｸﾗｽ,2,3,ディキシークイーン,牝,4,横山典弘, 55 ,16,3,１, ,芝1200,良,,(栗),昆貢,1093,-0.1,,6,6,34.8,488,+2,
,"2021. 8.14",札幌,2札1,1勝,１勝ｸﾗｽ,8,14,メイショウヨシテル,牡,3,池添謙一, 54 ,14,3,１, ,ダ1700,良,,(栗),池添兼雄,1464,-0.2,6,5,3,37.7,472,+8,
,"2021. 8.14",札幌,2札1,1勝,１勝ｸﾗｽ,5,8,コーストライン,牝,3,秋山稔樹,50△,14,1,１, ,芝2600,良,,(美),上原博之,2400,-0.1,7,7,4,35.8,462,-2,B
,"2021. 8.14",札幌,2札1,未勝利,未勝利,4,6,ペドラフォルカ,牝,3,横山武史, 54 ,14,5,１, ,ダ1700,良,,(栗),上村洋行,1472,-0.2,2,2,2,38.7,448,+2,
,"2021. 8.14",札幌,2札1,新馬,新馬,5,5,モンゴリアンキング,牡,2,池添謙一, 54 ,9,1,１, ,芝1500,良,,(栗),安田隆行,1291,-0.1,2,2,1,35.3,474,,
,"2021. 8.14",札幌,2札1,未勝利,未勝利,6,12,カタリーナ,牝,3,藤岡佑介, 54 ,16,2,１, ,芝2000,良,,(栗),松下武士,2014,-0.2,8,8,7,35.4,446,+6,
,"2021. 8.14",札幌,2札1,未勝利,未勝利,8,11,ルーリング,牡,3,小沢大仁,53▲,12,9,１, ,ダ1000,良,,(栗),浅見秀一,0591,-0.5,,8,5,34.9,514,+16,
,"2021. 8.14",札幌,2札1,未勝利,未勝利・牝,6,9,サツキティアラ,牝,3,坂井瑠星, 54 ,14,8,１, ,ダ1700,良,,(美),加藤和宏,1475,-0.1,4,4,2,39.2,466,-2,
,"2021. 8.14",札幌,2札1,未勝利,未勝利*,3,3,レッドラディエンス,牡,2,ルメール, 54 ,6,1,１, ,芝1800,良,,(美),藤沢和雄,1494,-0.3,5,3,3,35.5,476,-8,
,"2021. 6.27",札幌,1札6,2勝,ＨＢＣＨ･2勝,8,15,キーダイヤ,牝,4,横山武史, 53 ,16,10,１, ,芝1200,良,,(栗),藤岡健一,1084,-0.1,,3,3,35.2,442,+4,
,"2021. 6.27",札幌,1札6,OP(L),大沼Ｓ(L),2,2,ダンツキャッスル,牡,5,菱田裕二, 56 ,10,2,１, ,ダ1700,良,,(栗),谷潔,1455,-0.1,8,8,6,37.3,480,-2,B
,"2021. 6.27",札幌,1札6,2勝,ライラッ･2勝,4,4,ココニアル,牝,4,大野拓弥, 55 ,10,2,１, ,芝2000,良,,(美),和田勇介,2000,-0.1,8,8,8,35.9,452,+8,
,"2021. 6.27",札幌,1札6,1勝,１勝ｸﾗｽ,5,8,ヴァトレニ,セ,3,横山和生, 54 ,14,4,１, ,芝1500,良,,(栗),長谷川浩,1273,-0.1,3,3,2,34.6,440,+8,
,"2021. 6.27",札幌,1札6,1勝,１勝ｸﾗｽ・牝,1,1,ペイシャクェーサー,牝,3,秋山稔樹,50△,13,1,１, ,ダ1700,良,,(美),蛯名利弘,1470,-1.0,3,4,3,39.1,478,+6,
,"2021. 6.27",札幌,1札6,1勝,１勝ｸﾗｽ,4,5,グローリアスサルム,牝,3,横山琉人,49▲,14,1,１, ,芝2600,良,,(美),小島茂之,2396,-0.1,13,8,4,35.7,452,+10,
,"2021. 6.27",札幌,1札6,未勝利,未勝利,2,2,マテンロウスタイル,牡,3,横山典弘, 56 ,13,3,１, ,ダ1700,良,,(栗),昆貢,1494,-0.6,5,4,3,40.2,504,0,
,"2021. 6.27",札幌,1札6,新馬,新馬,7,7,ラブリイユアアイズ,牝,2,団野大成, 54 ,10,6,１, ,芝1200,良,,(美),黒岩陽一,1096,-0.2,,2,2,35.7,448,,
,"2021. 6.27",札幌,1札6,未勝利,未勝利,4,6,ケンアンビシャス,牡,3,吉田隼人, 56 ,14,3,１, ,芝1800,良,,(美),久保田貴,1476,-0.0,2,2,2,36.0,472,-2,
,"2021. 6.27",札幌,1札6,未勝利,未勝利,7,10,インワンシティング,牡,3,小沢大仁,53▲,12,8,１, ,ダ1000,良,,(栗),浅見秀一,1002,-0.0,,5,4,36.2,454,+12,
,"2021. 6.27",札幌,1札6,未勝利,未勝利・牝,8,11,ドリームアゲイン,牝,3,藤岡佑介, 54 ,11,2,１, ,ダ1700,良,,(栗),田中克典,1481,-0.8,3,3,2,38.4,460,+14,
,"2021. 6.27",札幌,1札6,未勝利,未勝利,5,9,クレマチステソーロ,牝,3,亀田温心,53☆,16,3,１, ,芝1200,良,,(美),高木登,1084,-0.4,,1,1,34.9,468,0,
,"2021. 6.26",札幌,1札5,2勝,ポプラ特･2勝,8,11,オレンジペコ,牝,4,武豊, 55 ,12,1,１, ,ダ1700,良,,(栗),武英智,1469,-0.2,2,2,1,38.3,484,+6,
,"2021. 6.26",札幌,1札5,ｵｰﾌﾟﾝ,ＴＶｈ賞,8,13,ロードアクア,牡,5,団野大成, 56 ,14,9,１, ,芝1200,良,,(栗),浅見秀一,1078,-0.0,,2,1,34.2,472,+2,
,"2021. 6.26",札幌,1札5,1勝,北辰特別･1勝,3,3,ナリタブレード,牡,4,吉田隼人, 57 ,14,2,１, ,芝1800,良,,(栗),中尾秀正,1474,-0.3,12,10,7,34.1,496,-14,
,"2021. 6.26",札幌,1札5,1勝,１勝ｸﾗｽ,6,11,コスモカッティーボ,牡,4,横山武史, 57 ,15,9,１, ,芝1200,良,,(美),畠山吉宏,1087,-0.2,,2,2,35.0,482,-4,B
,"2021. 6.26",札幌,1札5,1勝,１勝ｸﾗｽ,5,7,ショウリノカンパイ,牝,3,黛弘人, 52 ,14,4,１, ,ダ1700,良,,(美),藤原辰雄,1468,-0.5,6,4,2,38.3,474,+6,
,"2021. 6.26",札幌,1札5,1勝,１勝ｸﾗｽ,6,8,スイートアリエス,牝,3,横山琉人,49▲,12,6,１, ,ダ1000,良,,(美),青木孝文,0590,-0.3,,2,2,35.7,464,+18,
,"2021. 6.26",札幌,1札5,未勝利,未勝利,5,7,ステイブルアスク,牝,3,坂井瑠星, 54 ,13,1,１, ,芝2000,良,,(栗),矢作芳人,2007,-0.3,2,2,2,36.0,418,-2,
,"2021. 6.26",札幌,1札5,新馬,新馬,6,6,キングエルメス,牡,2,坂井瑠星, 54 ,8,2,１, ,芝1200,良,,(栗),矢作芳人,1092,-0.3,,2,1,34.2,480,,
,"2021. 6.26",札幌,1札5,未勝利,未勝利,7,12,ジャンドゥーヤ,牝,3,亀田温心,53☆,14,5,１, ,芝1500,良,,(栗),小林真也,1285,-0.1,8,8,6,34.8,428,0,
,"2021. 6.26",札幌,1札5,未勝利,未勝利,8,10,オーホンブリック,牡,3,川又賢治, 56 ,10,3,１, ,ダ1700,良,,(栗),吉村圭司,1470,-0.6,4,3,2,38.8,498,-2,
,"2021. 6.26",札幌,1札5,未勝利,未勝利・牝,7,10,メイショウエニシア,牝,3,泉谷楓真,52△,12,1,１, ,ダ1000,良,,(栗),本田優,0593,-0.9,,1,1,36.5,430,+2,
,"2021. 6.26",札幌,1札5,未勝利,未勝利*,1,1,リトス,牝,2,亀田温心,53☆,14,2,１, ,芝1200,良,*,(美),高橋裕,1090,-0.6,,1,1,35.1,404,0,
,"2021. 6.20",札幌,1札4,2勝,大雪山特･2勝,2,2,フルデプスリーダー,牡,4,横山武史, 57 ,10,1,１, ,ダ1700,稍,*,(美),斎藤誠,1448,-0.4,2,2,1,37.6,484,-10,
,"2021. 6.20",札幌,1札4,3勝,しらかＨ･3勝,5,10,シャンデリアムーン,牝,5,丹内祐次, 54 ,16,2,１, ,芝1200,良,,(美),斎藤誠,1082,-0.0,,1,1,34.8,464,-4,
,"2021. 6.20",札幌,1札4,1勝,知床特別･1勝,6,6,ウエストンバート,牡,3,横山武史, 54 ,11,1,１, ,芝1800,良,,(栗),吉岡辰弥,1482,-0.1,1,1,1,35.4,528,+6,
,"2021. 6.20",札幌,1札4,1勝,１勝ｸﾗｽ,8,13,ジャカランダレーン,牝,3,藤岡佑介, 52 ,14,2,１, ,芝1500,良,,(栗),中内田充,1283,-0.1,4,4,4,34.3,448,+2,
,"2021. 6.20",札幌,1札4,1勝,１勝ｸﾗｽ,8,11,ヴェノム,牡,3,池添謙一, 54 ,12,1,１, ,ダ1700,稍,,(栗),池添兼雄,1457,-0.1,4,4,2,37.9,522,0,
,"2021. 6.20",札幌,1札4,1勝,１勝ｸﾗｽ・牝,7,9,モンファボリ,牝,3,吉田隼人, 52 ,12,1,１, ,芝1200,良,,(栗),須貝尚介,1085,-0.4,,9,8,33.8,422,-4,
,"2021. 6.20",札幌,1札4,未勝利,未勝利,5,5,エマージングロール,牡,3,横山武史, 56 ,11,2,１, ,ダ1700,稍,,(栗),橋口慎介,1452,-0.7,4,1,1,38.2,494,+8,
,"2021. 6.20",札幌,1札4,新馬,新馬,8,16,グランアプロウソ,牡,2,武豊, 54 ,16,3,１, ,芝1200,稍,,(栗),松永幹夫,1095,-0.2,,2,2,34.6,476,,
,"2021. 6.20",札幌,1札4,未勝利,未勝利,6,6,コーストライン,牝,3,泉谷楓真,52△,11,4,１, ,芝2000,稍,,(美),上原博之,2005,-0.1,7,6,4,35.3,456,-10,B
,"2021. 6.20",札幌,1札4,未勝利,未勝利,8,10,マリノエンブレム,牝,3,丹内祐次, 54 ,11,3,１, ,ダ1000,重,,(美),尾形和幸,0587,-0.0,,3,2,35.5,456,+4,
,"2021. 6.20",札幌,1札4,未勝利,未勝利・牝,5,5,スズカマクフィ,牝,3,藤岡佑介, 54 ,12,1,１, ,ダ1700,重,,(栗),橋田満,1459,-0.4,12,4,3,36.9,422,+2,
,"2021. 6.20",札幌,1札4,未勝利,未勝利,7,14,アゼルスタン,牡,3,藤岡佑介, 56 ,16,1,１, ,芝1200,稍,,(美),堀宣行,1096,-0.0,,16,13,34.6,498,-6,
,"2021. 6.19",札幌,1札3,1勝,礼文特別･1勝,1,1,ジャズエチュード,牝,3,秋山稔樹, 50 ,15,2,１, ,芝1200,良,,(美),黒岩陽一,1076,-0.2,,1,1,33.9,490,-14,
,"2021. 6.19",札幌,1札3,2勝,ＳＴＶ賞･2勝,1,1,シュバルツカイザー,牡,3,大野拓弥, 54 ,10,1,１, ,芝1500,良,,(美),大竹正博,1278,-0.2,3,2,2,34.2,494,-6,
,"2021. 6.19",札幌,1札3,1勝,利尻特別･1勝,2,2,ソーヴァリアント,牡,3,大野拓弥, 54 ,8,1,１, ,芝2000,良,,(美),大竹正博,1598,-1.0,3,2,1,33.0,502,+4,
,"2021. 6.19",札幌,1札3,1勝,１勝ｸﾗｽ,8,10,ポールスター,牡,3,横山和生, 54 ,10,2,１, ,ダ1700,良,,(栗),安田隆行,1464,-0.0,5,4,1,38.5,514,0,
,"2021. 6.19",札幌,1札3,1勝,１勝ｸﾗｽ,4,4,ワルツフォーラン,牝,4,丹内祐次, 55 ,12,11,１, ,ダ1000,良,,(美),小西一男,0590,-0.2,,4,4,35.3,460,-5,B
,"2021. 6.19",札幌,1札3,未勝利,未勝利,4,5,ウインチェレステ,牡,3,横山武史, 56 ,14,1,１, ,芝1800,良,,(美),畠山吉宏,1473,-0.2,1,1,1,34.7,482,+4,
,"2021. 6.19",札幌,1札3,新馬,新馬,7,7,アーリーレッグ,牡,2,横山武史, 54 ,8,1,１, ,ダ1000,良,,(美),伊藤圭三,1015,-0.1,,2,2,36.8,446,,
,"2021. 6.19",札幌,1札3,新馬,新馬・牝,6,7,ポメランチェ,牝,2,藤岡佑介, 54 ,12,3,１, ,芝1200,良,,(栗),牧田和弥,1079,-0.6,,1,1,34.3,392,,
,"2021. 6.19",札幌,1札3,未勝利,未勝利,7,9,ディーエスボンバー,牡,3,菱田裕二, 56 ,12,5,１, ,ダ1700,良,,(栗),岡田稲男,1471,-0.2,5,2,1,38.9,476,-4,
,"2021. 6.19",札幌,1札3,未勝利,未勝利,6,9,エルディアブロ,牡,3,団野大成, 56 ,13,2,１, ,芝2600,良,,(栗),佐々木晶,2408,-0.1,5,4,2,37.0,446,0,B
,"2021. 6.19",札幌,1札3,未勝利,未勝利,7,11,ロンズデーライト,牡,3,吉田隼人, 56 ,13,2,１, ,ダ1700,良,,(栗),池添学,1478,-0.7,1,1,1,38.6,494,-8,
,"2021. 6.19",札幌,1札3,未勝利,未勝利・牝,1,2,ミトグラフィア,牝,3,亀田温心,53☆,16,9,１, ,芝1200,良,,(美),高柳瑞樹,1084,-0.0,,6,5,34.3,408,0,
,"2021. 6.13",札幌,1札2,2勝,桑園特別･2勝,8,9,ペイシャキュウ,牝,5,秋山稔樹, 55 ,10,3,１, ,ダ1700,良,,(美),蛯名利弘,1455,-0.8,7,7,6,37.3,440,0,
,"2021. 6.13",札幌,1札2,Ｇ３,函館スプG3,7,14,ビアンフェ,セ,4,藤岡佑介, 56 ,16,5,１, ,芝1200,良,,(栗),中竹和也,1076,-0.0,,1,1,34.8,560,+12,
,"2021. 6.13",札幌,1札2,1勝,十勝岳特･1勝,8,13,ミスミルドレッド,牝,4,池添謙一, 55 ,13,1,１, ,芝1800,良,,(美),小島茂之,1469,-0.0,6,6,4,34.6,442,+2,
,"2021. 6.13",札幌,1札2,1勝,１勝ｸﾗｽ,6,12,テリーヌ,牝,3,泉谷楓真,50△,16,3,１, ,芝1200,良,,(栗),長谷川浩,1085,-0.0,,9,9,34.6,416,+6,
,"2021. 6.13",札幌,1札2,1勝,１勝ｸﾗｽ,4,6,サトノロイヤル,牡,3,和田竜二, 54 ,14,2,１, ,ダ1700,良,,(栗),南井克巳,1461,-0.4,3,3,3,38.3,492,+4,B
,"2021. 6.13",札幌,1札2,1勝,１勝ｸﾗｽ,4,4,コーリングローリー,牡,4,横山和生, 57 ,12,5,１, ,ダ1000,良,,(美),小野次郎,0597,-0.0,,12,11,35.0,444,0,
,"2021. 6.13",札幌,1札2,未勝利,未勝利,1,1,ハイエログリフ,牝,3,和田竜二, 54 ,13,4,１, ,芝1800,良,,(栗),池添学,1467,-0.3,5,5,2,35.5,434,+10,
,"2021. 6.13",札幌,1札2,新馬,新馬,4,5,トーセンサンダー,牡,2,丹内祐次, 54 ,13,7,１, ,芝1200,良,,(美),杉浦宏昭,1089,-0.0,,2,2,34.6,472,,
,"2021. 6.13",札幌,1札2,未勝利,未勝利・牝,8,11,グッドラベリング,牝,3,池添謙一, 54 ,12,7,１, ,芝2000,良,,(栗),藤岡健一,2003,-0.0,7,8,8,35.8,424,-2,
,"2021. 6.13",札幌,1札2,未勝利,未勝利,5,7,ヴェノム,牡,3,池添謙一, 56 ,14,1,１, ,ダ1700,良,,(栗),池添兼雄,1469,-0.6,5,3,2,38.2,522,0,
,"2021. 6.13",札幌,1札2,未勝利,未勝利,8,12,シャスティーナ,牝,3,田中健, 54 ,12,1,１, ,ダ1000,良,,(栗),浅見秀一,1001,-0.2,,1,1,36.5,466,+4,
,"2021. 6.13",札幌,1札2,未勝利,未勝利,2,2,ヴァトレニ,セ,3,横山和生, 56 ,14,1,１, ,芝1500,良,,(栗),長谷川浩,1280,-0.3,1,2,1,35.1,432,+2,
,"2021. 6.12",札幌,1札1,2勝,ＨＴＢＨ･2勝,1,1,マイエンフェルト,牝,5,川又賢治, 50 ,11,10,１, ,芝1800,良,,(栗),杉山佳明,1469,-0.1,2,4,3,34.4,456,+4,
,"2021. 6.12",札幌,1札1,2勝,大倉山特･2勝,1,1,ブラックダンサー,牝,5,岩田康誠, 55 ,16,6,１, ,芝1200,良,,(栗),高野友和,1086,-0.2,,5,6,34.4,490,0,B
,"2021. 6.12",札幌,1札1,1勝,積丹特別･1勝,2,2,ナックイルシーブ,牡,3,大野拓弥, 53 ,8,2,１, ,芝2600,良,,(美),杉浦宏昭,2462,-0.1,3,4,3,34.0,506,-6,
,"2021. 6.12",札幌,1札1,1勝,１勝ｸﾗｽ,7,11,ゴダイリキ,牡,3,吉田隼人, 54 ,14,1,１, ,ダ1700,良,,(栗),牧浦充徳,1464,-0.1,4,2,1,38.7,492,-6,
,"2021. 6.12",札幌,1札1,1勝,１勝ｸﾗｽ,8,10,ヒューマンコメディ,牝,4,横山和生, 55 ,10,4,１, ,芝2000,良,,(美),水野貴広,1595,-0.0,2,2,2,35.4,486,+10,
,"2021. 6.12",札幌,1札1,1勝,１勝ｸﾗｽ・牝,8,11,アルナージ,牝,3,横山和生, 52 ,12,1,１, ,ダ1000,良,,(栗),昆貢,0594,-0.2,,1,1,36.0,470,+12,
,"2021. 6.12",札幌,1札1,未勝利,未勝利,4,6,メルテミア,牡,3,横山琉人,53▲,14,2,１, ,ダ1700,良,,(栗),鈴木孝志,1485,-0.2,2,2,1,39.2,442,-8,
,"2021. 6.12",札幌,1札1,新馬,新馬,7,11,カイカノキセキ,牝,2,鮫島克駿, 54 ,13,3,１, ,芝1000,良,,(栗),池添学,0569,-0.3,,1,1,33.5,472,,
,"2021. 6.12",札幌,1札1,未勝利,未勝利,2,3,シルキーヴォイス,牡,3,泉谷楓真,54△,15,10,１, ,芝2000,良,,(栗),池江泰寿,2014,-0.0,3,4,4,34.9,480,+10,B
,"2021. 6.12",札幌,1札1,未勝利,未勝利,8,11,エレファンティネ,牝,3,鮫島克駿, 54 ,12,11,１, ,ダ1000,良,,(美),斎藤誠,1001,-0.2,,2,3,36.4,430,-8,
,"2021. 6.12",札幌,1札1,未勝利,未勝利・牝,1,1,ペイルライダー,牝,3,武豊, 54 ,14,1,１, ,ダ1700,良,,(栗),角田晃一,1483,-0.4,10,9,5,37.7,476,+8,
,"2021. 6.12",札幌,1札1,未勝利,未勝利,5,9,ディーバサンライズ,牝,3,秋山稔樹,52△,16,7,１, ,芝1200,良,,(栗),小林真也,1087,-0.1,,4,4,34.6,474,-22,
,"2020. 9. 6",札幌,2札8,2勝,釧路湿原･2勝,8,13,ヴォカツィオーネ,牝,6,丹内祐次, 55 ,13,2,１, ,ダ1700,良,,(栗),田所秀孝,1457,-0.1,9,4,3,37.6,484,+2,
,"2020. 9. 6",札幌,2札8,ｵｰﾌﾟﾝ,丹頂ＳＨ,4,5,ボスジラ,牡,4,横山武史, 55 ,14,1,１, ,芝2600,良,,(美),国枝栄,2387,-0.3,7,6,3,35.9,506,-6,
,"2020. 9. 6",札幌,2札8,ｵｰﾌﾟﾝ,すずらん,1,2,ラストリージョ,牝,2,丹内祐次, 54 ,16,10,１, ,芝1200,良,,(美),蛯名利弘,1101,-0.0,,3,3,35.8,444,-12,
,"2020. 9. 6",札幌,2札8,1勝,１勝ｸﾗｽ,6,9,カズミドリーム,牝,5,菱田裕二, 55 ,14,14,１, ,芝1500,良,,(美),中野栄治,1293,-0.0,13,13,11,34.8,458,-2,
,"2020. 9. 6",札幌,2札8,1勝,１勝ｸﾗｽ,5,8,ゼノヴァース,牡,3,団野大成,53☆,14,6,１, ,ダ1700,良,,(美),藤沢和雄,1443,-2.0,6,2,1,36.8,456,+6,
,"2020. 9. 6",札幌,2札8,1勝,１勝ｸﾗｽ・牝,4,5,イカット,牝,3,横山典弘, 52 ,14,1,１, ,芝1800,良,,(栗),上村洋行,1486,-0.1,6,5,4,35.0,462,+10,
,"2020. 9. 6",札幌,2札8,1勝,１勝ｸﾗｽ,6,12,インザムービー,牝,3,亀田温心,51△,16,2,１, ,芝1200,良,,(栗),牧田和弥,1094,-0.2,,1,1,35.2,482,+2,
,"2020. 9. 6",札幌,2札8,未勝利,未勝利,2,3,アイオープナー,牝,3,丹内祐次, 54 ,16,8,１, ,芝2000,良,,(美),宗像義忠,2019,-0.0,1,1,1,35.9,422,-4,
,"2020. 9. 6",札幌,2札8,未勝利,未勝利,7,11,サンロックランド,牡,3,横山和生, 56 ,14,4,１, ,ダ1700,良,,(美),小野次郎,1470,-0.0,11,9,4,37.8,504,+6,
,"2020. 9. 6",札幌,2札8,未勝利,未勝利,5,5,カーテンコール,牝,3,横山武史, 54 ,12,1,１, ,ダ1000,良,,(栗),高野友和,0588,-0.6,,2,1,35.5,482,+6,
,"2020. 9. 6",札幌,2札8,未勝利,未勝利*,6,12,デルマカンノン,牝,2,藤岡佑介, 54 ,16,2,１, ,芝1200,良,,(栗),五十嵐忠,1107,-0.0,,2,2,36.4,428,-4,
,"2020. 9. 6",札幌,2札8,未勝利,未勝利*,8,16,ミルウ,牝,2,吉田隼人, 54 ,16,2,１, ,芝2000,良,,(栗),友道康夫,2029,-0.4,6,4,2,36.6,438,+8,
,"2020. 9. 5",札幌,2札7,3勝,日高Ｓ･3勝,2,2,クラヴィスオレア,セ,4,ルメール, 57 ,14,2,１, ,芝1500,良,,(美),藤沢和雄,1284,-0.5,1,1,1,34.2,472,+2,B
,"2020. 9. 5",札幌,2札7,Ｇ３,札幌２歳G3,8,13,ソダシ,牝,2,吉田隼人, 54 ,14,2,１, ,芝1800,良,*,(栗),須貝尚介,1482,-0.0,4,3,1,36.7,474,+2,
,"2020. 9. 5",札幌,2札7,2勝,札幌スポ･2勝,7,14,ファーストフォリオ,牝,3,吉田隼人, 53 ,16,3,１, ,芝1200,良,,(栗),須貝尚介,1088,-0.0,,4,3,34.5,448,+10,
,"2020. 9. 5",札幌,2札7,1勝,１勝ｸﾗｽ,5,8,オレンジペコ,牝,3,武豊, 52 ,14,1,１, ,ダ1700,良,,(栗),武英智,1455,-1.0,1,1,1,37.6,478,-2,
,"2020. 9. 5",札幌,2札7,2勝,２勝ｸﾗｽ,1,1,コンダクトレス,牝,5,戸崎圭太, 55 ,16,3,１, ,芝2000,良,,(美),小島茂之,2005,-0.2,2,2,2,35.2,478,+4,
,"2020. 9. 5",札幌,2札7,1勝,１勝ｸﾗｽ,6,12,ファインスティール,牝,4,坂井瑠星, 55 ,16,7,１, ,芝2000,良,,(栗),吉岡辰弥,2004,-0.2,1,1,1,36.4,514,+2,
,"2020. 9. 5",札幌,2札7,1勝,１勝ｸﾗｽ,1,1,パイプライン,セ,3,柴山雄一, 55 ,12,3,１, ,ダ1000,良,,(美),田中剛,0586,-0.0,,2,1,34.9,482,-2,
,"2020. 9. 5",札幌,2札7,新馬,新馬,6,9,シュネルマイスター,牡,2,横山武史, 54 ,14,1,１, ,芝1500,良,,(美),手塚貴久,1305,-0.1,7,4,2,34.7,460,,
,"2020. 9. 5",札幌,2札7,未勝利,未勝利,2,2,トライハード,牝,3,ルメール, 54 ,14,1,１, ,ダ1700,良,,(栗),松田国英,1464,-0.2,1,1,1,38.2,478,+10,
,"2020. 9. 5",札幌,2札7,未勝利,未勝利,3,4,アルヴェント,牝,3,柴山雄一, 54 ,14,8,１, ,ダ1700,良,,(栗),武幸四郎,1458,-0.8,1,1,1,37.0,478,-2,
,"2020. 9. 5",札幌,2札7,未勝利,未勝利,5,9,サトノジヴェルニー,牡,3,武豊, 56 ,16,6,１, ,芝1200,良,,(栗),音無秀孝,1087,-0.5,,2,2,34.2,444,-4,
,"2020. 9. 5",札幌,2札7,未勝利,未勝利*,4,5,レッドソルダード,牡,2,横山武史, 54 ,14,2,１, ,ダ1700,良,,(栗),須貝尚介,1470,-1.0,1,1,1,37.8,470,0,
,"2020. 8.30",札幌,2札6,2勝,支笏湖特･2勝,2,2,アラスカ,牝,4,横山武史, 55 ,11,3,１, ,芝1800,重,,(美),萩原清,1526,-0.1,6,7,6,36.5,406,+4,
,"2020. 8.30",札幌,2札6,Ｇ３,キーンラG3,7,14,エイティーンガール,牝,4,坂井瑠星, 54 ,16,5,１, ,芝1200,重,,(栗),飯田祐史,1106,-0.2,,15,12,34.7,456,-2,
,"2020. 8.30",札幌,2札6,2勝,苫小牧特･2勝,8,13,サクラルーフェン,牡,4,黛弘人, 57 ,13,10,１, ,ダ1700,不,,(美),尾関知人,1433,-0.3,5,4,2,36.9,464,+16,
,"2020. 8.30",札幌,2札6,1勝,小樽特別･1勝,8,15,ヤマニンプレシオサ,牝,3,柴山雄一, 52 ,16,3,１, ,芝1200,重,,(美),星野忍,1112,-0.4,,8,8,36.1,464,-4,
,"2020. 8.30",札幌,2札6,1勝,１勝ｸﾗｽ,7,11,クラシックココア,牝,3,団野大成,49☆,13,2,１, ,芝1500,重,,(栗),安田隆行,1309,-1.1,4,5,1,36.7,486,+10,
,"2020. 8.30",札幌,2札6,1勝,１勝ｸﾗｽ,8,12,ピシュマニエ,牝,3,石川裕紀, 52 ,12,8,１, ,ダ1000,不,,(美),田中清隆,0595,-0.0,,1,1,35.5,464,-2,
,"2020. 8.30",札幌,2札6,未勝利,未勝利,3,3,アースライザー,セ,3,山田敬士,53▲,14,3,１, ,ダ1700,不,,(栗),宮徹,1451,-0.1,2,1,1,38.5,472,0,B
,"2020. 8.30",札幌,2札6,新馬,新馬,7,7,ヴェローチェオロ,牡,2,吉田隼人, 54 ,10,2,１, ,芝1800,重,,(栗),須貝尚介,1554,-0.2,5,4,4,35.6,456,,
,"2020. 8.30",札幌,2札6,未勝利,未勝利,7,14,ララロトリー,セ,3,大庭和弥, 56 ,16,6,１, ,芝2000,重,,(美),粕谷昌央,2058,-0.0,1,1,1,36.9,464,0,
,"2020. 8.30",札幌,2札6,未勝利,未勝利,1,1,セイウンクルーズ,牡,3,勝浦正樹, 56 ,12,3,１, ,ダ2400,不,,(美),武藤善則,2339,-0.0,6,4,2,38.3,524,+6,B
,"2020. 8.30",札幌,2札6,未勝利,未勝利,5,6,サイヤダンサー,牡,3,丹内祐次, 56 ,12,4,１, ,ダ1000,不,,(美),深山雅史,0590,-0.8,,2,2,35.4,458,+10,
,"2020. 8.30",札幌,2札6,未勝利,未勝利*,3,4,フラリオナ,牝,2,吉田隼人, 54 ,14,2,１, ,芝1500,重,,(栗),武幸四郎,1331,-0.0,2,2,1,37.2,412,-2,
,"2020. 8.30",札幌,2札6,未勝利,未勝利*,5,7,ルース,牝,2,池添謙一, 54 ,14,6,１, ,芝1500,重,,(栗),池添兼雄,1331,-0.0,5,4,2,37.0,492,+2,
,"2020. 8.29",札幌,2札5,1勝,ニセコ特･1勝,8,14,ウインドオブホープ,セ,7,勝浦正樹, 57 ,14,5,１, ,ダ1700,良,,(美),石毛善彦,1465,-0.4,3,3,1,37.5,534,+10,
,"2020. 8.29",札幌,2札5,3勝,オホーツ･3勝,3,6,ワセダインブルー,牡,5,大野拓弥, 57 ,16,8,１, ,芝2000,良,,(美),金成貴史,2015,-0.0,11,9,8,35.8,450,+2,
,"2020. 8.29",札幌,2札5,2勝,摩周湖Ｈ･2勝,7,14,シルヴェーヌ,牝,5,勝浦正樹, 52 ,16,10,１, ,芝1200,良,,(美),伊藤伸一,1097,-0.3,,4,4,34.6,460,+2,
,"2020. 8.29",札幌,2札5,1勝,ルスツ特･1勝,6,6,ウインキートス,牝,3,丹内祐次, 52 ,10,3,１, ,芝2600,良,,(美),宗像義忠,2429,-0.5,3,4,4,35.7,462,0,
,"2020. 8.29",札幌,2札5,1勝,１勝ｸﾗｽ・牝,7,12,ウンダモシタン,牝,3,亀田温心,50△,14,4,１, ,ダ1700,良,,(栗),藤沢則雄,1466,-0.0,3,3,2,38.2,458,+2,
,"2020. 8.29",札幌,2札5,1勝,１勝ｸﾗｽ,3,4,ヒナノコバン,牡,3,秋山稔樹,51▲,14,13,１, ,芝1800,良,,(美),本間忍,1490,-0.0,4,2,1,36.9,456,+2,
,"2020. 8.29",札幌,2札5,未勝利,未勝利,6,10,サトノヴィーナス,牝,3,亀田温心,52△,14,4,１, ,芝1500,良,,(栗),平田修,1296,-0.2,4,3,2,36.5,466,+2,B
,"2020. 8.29",札幌,2札5,新馬,新馬,6,9,ピクトルテソーロ,牡,2,大野拓弥, 54 ,14,2,１, ,ダ1700,良,,(美),田中博康,1493,-0.3,3,2,2,39.1,482,,
,"2020. 8.29",札幌,2札5,未勝利,未勝利,6,10,リアルシング,牡,3,池添謙一, 56 ,14,7,１, ,ダ1700,良,,(栗),池添兼雄,1473,-0.2,7,4,3,38.7,526,+4,
,"2020. 8.29",札幌,2札5,未勝利,未勝利・牝,8,11,ヴァルムチェーナ,牝,3,吉田隼人, 54 ,12,5,１, ,ダ1000,良,,(栗),石坂公一,0598,-0.1,,2,2,36.3,440,+4,
,"2020. 8.29",札幌,2札5,未勝利,未勝利*,5,6,マウンテンムスメ,牝,2,坂井瑠星, 54 ,12,3,１, ,芝1200,良,,(美),中野栄治,1103,-0.7,,1,1,36.2,438,-6,
,"2020. 8.29",札幌,2札5,未勝利,未勝利*,1,1,モリノカンナチャン,牝,2,横山和生, 54 ,6,2,１, ,芝1800,良,,(美),大江原哲,1516,-0.2,3,3,4,35.9,432,+6,
,"2020. 8.23",札幌,2札4,2勝,手稲山特･2勝,1,1,メイショウミモザ,牝,3,池添謙一, 52 ,15,2,１, ,芝1200,良,,(栗),池添兼雄,1088,-0.2,,4,2,34.9,452,0,
,"2020. 8.23",札幌,2札4,Ｇ２,札幌記念G2,1,1,ノームコア,牝,5,横山典弘, 55 ,12,2,１, ,芝2000,良,,(美),萩原清,1594,-0.2,6,7,5,34.5,468,+2,
,"2020. 8.23",札幌,2札4,2勝,大通公園･2勝,6,10,シェダル,牡,3,横山武史, 54 ,14,2,１, ,ダ1700,良,,(美),栗田徹,1466,-0.1,6,7,5,38.5,528,-4,
,"2020. 8.23",札幌,2札4,ｵｰﾌﾟﾝ,クローバ,8,13,カイザーノヴァ,牡,2,坂井瑠星, 54 ,14,4,１, ,芝1500,良,,(栗),矢作芳人,1296,-0.0,5,7,5,35.1,452,-10,
,"2020. 8.23",札幌,2札4,1勝,１勝ｸﾗｽ・牝,1,1,ラヴユーライヴ,牝,3,坂井瑠星, 52 ,7,3,１, ,芝2000,良,,(栗),矢作芳人,2004,-0.5,1,1,1,35.6,450,+30,
,"2020. 8.23",札幌,2札4,1勝,１勝ｸﾗｽ,2,2,ヒルノアマランテ,牡,4,横山典弘, 57 ,10,3,１, ,ダ1700,良,,(栗),昆貢,1472,-0.0,3,3,2,37.1,510,-7,
,"2020. 8.23",札幌,2札4,1勝,１勝ｸﾗｽ,3,3,クロカドッグ,牡,3,秋山稔樹,51▲,10,10,１, ,ダ2400,良,,(美),竹内正洋,2354,-0.6,2,1,1,40.2,500,0,
,"2020. 8.23",札幌,2札4,新馬,新馬,6,6,エフフォーリア,牡,2,横山武史, 54 ,7,1,１, ,芝2000,良,,(美),鹿戸雄一,2033,-0.1,3,2,2,35.7,516,,
,"2020. 8.23",札幌,2札4,未勝利,未勝利,7,12,スマイルガール,牝,3,岩田康誠, 54 ,14,7,１, ,芝2600,良,,(栗),宮徹,2439,-0.1,1,1,1,35.7,432,-4,
,"2020. 8.23",札幌,2札4,未勝利,未勝利,3,4,オメガデラックス,セ,3,横山和生, 56 ,14,10,１, ,ダ1700,良,,(栗),安田翔伍,1473,-0.0,10,5,1,37.9,432,+14,
,"2020. 8.23",札幌,2札4,未勝利,未勝利,2,2,パイプライン,セ,3,柴山雄一, 56 ,12,2,１, ,ダ1000,良,,(美),田中剛,0593,-0.7,,2,2,35.5,484,+14,
,"2020. 8.23",札幌,2札4,未勝利,未勝利*,1,1,ククナ,牝,2,ルメール, 54 ,8,1,１, ,芝1500,良,,(美),栗田徹,1308,-0.2,6,6,3,34.4,458,+12,
,"2020. 8.22",札幌,2札3,1勝,千歳特別･1勝,4,4,チェアリングソング,牡,3,坂井瑠星, 54 ,12,5,１, ,芝1200,良,,(美),青木孝文,1091,-0.1,,2,2,34.7,458,+8,
,"2020. 8.22",札幌,2札3,2勝,札幌日Ｈ･2勝,5,5,ゴースト,セ,4,ルメール, 55 ,9,2,１, ,芝2600,良,,(栗),橋口慎介,2400,-0.1,4,3,2,36.4,502,+12,
,"2020. 8.22",札幌,2札3,1勝,富良野特･1勝,6,6,アルテラローザ,牝,4,吉田隼人, 55 ,10,5,１, ,芝2000,良,,(栗),藤原英昭,2009,-0.0,7,8,8,36.1,478,+2,
,"2020. 8.22",札幌,2札3,1勝,１勝ｸﾗｽ・牝,8,9,ペルルドール,牝,3,坂井瑠星, 52 ,9,4,１, ,ダ1700,良,,(栗),矢作芳人,1468,-0.4,3,2,1,38.8,470,+4,
,"2020. 8.22",札幌,2札3,1勝,１勝ｸﾗｽ,8,11,キラットダイヤ,牝,3,吉田隼人, 52 ,12,1,１, ,ダ1000,良,,(美),上原博之,0590,-0.3,,2,2,36.0,466,+8,B
,"2020. 8.22",札幌,2札3,未勝利,未勝利,3,5,ランドアーティスト,セ,3,ルメール, 56 ,16,1,１, ,芝2000,良,,(美),木村哲也,2018,-0.2,8,8,5,36.0,472,+6,
,"2020. 8.22",札幌,2札3,未勝利,未勝利,8,14,マイネルエンカント,牡,3,丹内祐次, 56 ,14,2,１, ,ダ1700,良,,(美),和田勇介,1470,-0.1,7,2,2,38.5,456,+2,
,"2020. 8.22",札幌,2札3,新馬,新馬,6,6,アスカロン,牡,2,ルメール, 54 ,6,1,１, ,芝1200,良,,(栗),森秀行,1109,-0.1,,3,3,35.2,462,,
,"2020. 8.22",札幌,2札3,未勝利,未勝利,6,12,サクセスハーモニー,牝,3,亀田温心,52△,16,10,１, ,芝1200,良,,(美),久保田貴,1094,-0.2,,1,1,35.2,452,+8,
,"2020. 8.22",札幌,2札3,未勝利,未勝利・牝,8,13,ウンダモシタン,牝,3,亀田温心,52△,14,8,１, ,ダ1700,良,,(栗),藤沢則雄,1466,-0.2,1,2,1,38.3,456,+6,
,"2020. 8.22",札幌,2札3,未勝利,未勝利*,2,2,プライムデイ,牡,2,ルメール, 54 ,8,1,１, ,ダ1700,良,,(美),加藤征弘,1470,-3.1,1,1,1,38.5,488,+6,
,"2020. 8.22",札幌,2札3,未勝利,未勝利*,1,1,ヴィゴーレ,牡,2,池添謙一, 54 ,8,3,１, ,芝1800,良,,(栗),松永幹夫,1505,-0.0,7,7,5,35.6,452,+2,
,"2020. 8.16",札幌,2札2,1勝,石狩特別･1勝,7,7,サマーエモーション,牝,3,横山武史, 52 ,10,1,１, ,芝1800,良,,(栗),大久保龍,1488,-0.0,2,2,1,36.3,446,+6,B
,"2020. 8.16",札幌,2札2,ｵｰﾌﾟﾝ,ＵＨＢ賞Ｈ,8,13,ライトオンキュー,牡,5,古川吉洋, 57 ,13,2,１, ,芝1200,良,,(栗),昆貢,1088,-0.3,,5,3,34.4,518,+6,
,"2020. 8.16",札幌,2札2,2勝,藻岩山特･2勝,5,6,シャフトオブライト,牡,5,亀田温心, 57 ,13,9,１, ,芝2000,良,,(栗),北出成人,2019,-0.1,2,2,2,35.6,462,0,
,"2020. 8.16",札幌,2札2,2勝,２勝ｸﾗｽ,7,10,グラナリー,牝,3,池添謙一, 52 ,12,1,１, ,ダ1000,稍,,(栗),池添学,0578,-0.6,,1,1,35.2,512,+4,
,"2020. 8.16",札幌,2札2,1勝,１勝ｸﾗｽ,6,7,タイセイトレンディ,セ,5,菱田裕二, 57 ,11,2,１, ,芝1500,良,,(栗),森田直行,1292,-0.2,2,2,2,35.9,462,+8,
,"2020. 8.16",札幌,2札2,1勝,１勝ｸﾗｽ,6,8,ディーエスプルーフ,牡,3,ルメール, 54 ,12,1,１, ,ダ1700,稍,,(美),伊藤圭三,1451,-0.3,6,6,5,37.4,440,0,B
,"2020. 8.16",札幌,2札2,1勝,１勝ｸﾗｽ,5,6,レディオマジック,牡,3,団野大成,53☆,12,3,１, ,ダ1000,稍,,(栗),佐々木晶,0578,-0.4,,1,1,34.7,472,+8,
,"2020. 8.16",札幌,2札2,新馬,新馬,6,6,キングストンボーイ,牡,2,ルメール, 54 ,6,1,１, ,芝1800,良,,(美),藤沢和雄,1530,-0.0,4,3,3,34.9,492,,
,"2020. 8.16",札幌,2札2,未勝利,未勝利,7,12,ブラックトマホーク,牡,3,横山武史, 56 ,14,2,１, ,ダ1700,重,,(美),高木登,1464,-0.0,8,6,3,38.6,476,+4,
,"2020. 8.16",札幌,2札2,未勝利,未勝利,1,1,ユールファーナ,牝,3,横山武史, 54 ,14,1,１, ,芝1500,良,,(美),和田勇介,1301,-0.0,9,6,6,35.2,424,+10,
,"2020. 8.16",札幌,2札2,未勝利,未勝利・牝,2,2,アドマイヤメティス,牝,3,ルメール, 54 ,14,4,１, ,ダ1700,重,,(栗),須貝尚介,1450,-0.8,5,4,4,37.5,422,+6,
,"2020. 8.16",札幌,2札2,未勝利,未勝利*,8,8,アンチエイジング,牝,2,山田敬士,51▲,8,6,１, ,芝1200,良,,(美),小桧山悟,1109,-0.2,,6,5,36.0,446,-12,
,"2020. 8.15",札幌,2札1,2勝,羊ヶ丘特･2勝,6,8,オースミカテドラル,牡,4,菱田裕二, 57 ,12,4,１, ,芝1500,稍,,(栗),高橋亮,1291,-0.1,7,7,4,34.8,464,+4,
,"2020. 8.15",札幌,2札1,3勝,ＴＶｈ賞･3勝,1,1,ソリストサンダー,牡,5,横山武史, 57 ,14,1,１, ,ダ1700,重,,(栗),高柳大輔,1424,-0.3,9,9,4,35.9,484,+6,
,"2020. 8.15",札幌,2札1,ｵｰﾌﾟﾝ,コスモス,6,6,ウインアグライア,牝,2,横山武史, 54 ,8,2,１, ,芝1800,稍,,(美),和田雄二,1500,-0.1,3,3,3,35.2,460,+12,
,"2020. 8.15",札幌,2札1,1勝,１勝ｸﾗｽ・牝,8,13,キーダイヤ,牝,3,横山武史, 52 ,13,2,１, ,芝1200,稍,,(栗),藤岡健一,1093,-0.3,,1,1,35.6,454,+10,
,"2020. 8.15",札幌,2札1,1勝,１勝ｸﾗｽ,8,8,ヒシエレガンス,牡,3,ルメール, 54 ,8,3,１, ,芝2600,稍,,(美),堀宣行,2424,-0.1,4,3,3,36.2,490,0,
,"2020. 8.15",札幌,2札1,1勝,１勝ｸﾗｽ,6,7,アイファーアクター,牡,4,秋山稔樹,54▲,12,7,１, ,ダ1700,不,,(美),伊藤伸一,1440,-0.0,2,2,2,36.6,482,+10,
,"2020. 8.15",札幌,2札1,未勝利,未勝利,6,11,バルバレスコ,牝,3,横山武史, 54 ,16,1,１, ,芝2000,稍,,(美),宗像義忠,2028,-0.2,1,1,1,37.3,472,+2,
,"2020. 8.15",札幌,2札1,新馬,新馬・牝,5,5,エイボンクリフ,牝,2,ルメール, 54 ,5,1,１, ,芝1500,稍,,(栗),庄野靖志,1315,-0.1,1,1,1,35.3,422,,
,"2020. 8.15",札幌,2札1,未勝利,未勝利,5,6,フィーユレヴーズ,牝,3,横山武史, 54 ,12,1,１, ,ダ1000,不,,(美),斎藤誠,0586,-0.2,,2,2,35.0,450,+6,
,"2020. 8.15",札幌,2札1,未勝利,未勝利,5,7,ニンギルス,牡,3,秋山稔樹,53▲,14,4,１, ,ダ1700,不,,(栗),鈴木孝志,1449,-0.3,7,8,5,37.2,450,+4,
,"2020. 8.15",札幌,2札1,未勝利,未勝利*,7,8,サノカポ,牝,2,秋山稔樹,51▲,10,6,１, ,ダ1000,不,,(美),中野栄治,0594,-0.1,,1,1,35.6,416,+6,
,"2020. 8.15",札幌,2札1,未勝利,未勝利*,4,4,シティレインボー,牡,2,池添謙一, 54 ,6,1,１, ,芝1800,稍,,(栗),池添兼雄,1503,-0.3,3,3,2,36.8,470,-4,
,"2020. 8. 9",札幌,1札6,1勝,１勝ｸﾗｽ,5,9,エイカイマドンナ,牝,5,藤岡佑介, 55 ,16,1,１, ,芝1200,良,,(栗),藤原英昭,1089,-0.0,,3,3,34.7,446,+4,B
,"2020. 8. 9",札幌,1札6,Ｇ３,エルムＳG3,8,13,タイムフライヤー,牡,5,ルメール, 56 ,14,1,１, ,ダ1700,良,,(栗),松田国英,1434,-0.3,7,7,4,35.7,490,+6,
,"2020. 8. 9",札幌,1札6,2勝,ＨＢＣ賞･2勝,1,1,ショウナンマッシブ,牡,6,横山武史, 57 ,12,2,１, ,芝1200,良,,(美),田中剛,1090,-0.0,,7,7,33.5,476,+2,
,"2020. 8. 9",札幌,1札6,2勝,ライラッ･2勝,6,8,レースガーデン,牝,4,水口優也, 55 ,13,2,１, ,芝1800,良,,(栗),池江泰寿,1478,-0.2,4,3,2,34.5,468,+2,
,"2020. 8. 9",札幌,1札6,1勝,１勝ｸﾗｽ,8,8,シャフトオブライト,牡,5,亀田温心,55△,9,3,１, ,芝2000,良,,(栗),北出成人,2008,-0.2,2,3,2,35.1,462,+6,
,"2020. 8. 9",札幌,1札6,1勝,１勝ｸﾗｽ・牝,4,5,ドゥラモット,牝,3,武豊, 52 ,14,1,１, ,ダ1700,良,,(栗),安田隆行,1465,-0.1,7,6,2,38.4,466,+14,
,"2020. 8. 9",札幌,1札6,未勝利,未勝利,4,6,サトノエスペランサ,牡,3,ルメール, 56 ,14,3,１, ,芝2600,良,,(美),堀宣行,2421,-0.0,6,4,5,34.8,512,+4,
,"2020. 8. 9",札幌,1札6,新馬,新馬,1,1,オーソクレース,牡,2,ルメール, 54 ,8,1,１, ,芝1800,良,,(美),久保田貴,1513,-0.3,4,5,4,33.9,472,,
,"2020. 8. 9",札幌,1札6,未勝利,未勝利,2,3,ピュリフィアン,牝,3,秋山稔樹,51▲,16,5,１, ,芝1200,良,*,(栗),松下武士,1087,-0.2,,3,2,34.5,416,+6,
,"2020. 8. 9",札幌,1札6,未勝利,未勝利,6,10,サウンドトラック,牡,3,ルメール, 56 ,14,1,１, ,ダ1700,良,,(美),尾関知人,1472,-0.3,7,6,3,38.6,506,-2,B
,"2020. 8. 9",札幌,1札6,未勝利,未勝利,4,4,サウンドヒーロー,牡,3,吉田隼人, 56 ,12,5,１, ,ダ1000,良,,(栗),吉田直弘,1001,-0.3,,5,5,35.9,442,0,
,"2020. 8. 9",札幌,1札6,未勝利,未勝利・牝*,4,4,ハイプリーステス,牝,2,田辺裕信, 54 ,8,3,１, ,芝1200,良,,(美),星野忍,1094,-0.2,,3,3,34.9,408,+2,
,"2020. 8. 8",札幌,1札5,1勝,１勝ｸﾗｽ・牝,1,1,フィルムフェスト,牝,4,団野大成,54☆,10,6,１, ,芝1500,良,,(美),尾関知人,1280,-0.7,5,5,3,34.1,446,-2,
,"2020. 8. 8",札幌,1札5,OP(L),札幌日経(L),6,10,ポンデザール,牝,5,ルメール, 54 ,14,2,１, ,芝2600,良,,(美),堀宣行,2376,-0.7,5,3,2,35.6,492,-6,
,"2020. 8. 8",札幌,1札5,2勝,桑園特Ｈ･2勝,7,12,フクノグリュック,牡,8,横山和生, 55 ,14,9,１, ,ダ1700,良,,(美),杉浦宏昭,1456,-0.4,11,8,5,36.9,524,-2,B
,"2020. 8. 8",札幌,1札5,1勝,北辰特別･1勝,3,3,アラスカ,牝,4,横山武史, 55 ,9,3,１, ,芝1800,良,,(美),萩原清,1475,-0.6,7,7,3,35.3,402,+4,
,"2020. 8. 8",札幌,1札5,1勝,１勝ｸﾗｽ,7,11,ロンドンデリーエア,牡,3,ルメール, 54 ,14,2,１, ,ダ1700,良,,(栗),武英智,1449,-0.6,2,2,1,37.6,462,+10,
,"2020. 8. 8",札幌,1札5,1勝,１勝ｸﾗｽ,1,1,サザンレインボー,牡,3,池添謙一, 54 ,12,1,１, ,ダ1000,良,,(美),高柳瑞樹,0590,-0.3,,1,1,36.0,552,+14,
,"2020. 8. 8",札幌,1札5,未勝利,未勝利,5,9,ネオストーリー,牡,3,浜中俊, 56 ,16,2,１, ,芝2000,良,,(美),林徹,2019,-0.0,14,9,6,36.5,454,+4,
,"2020. 8. 8",札幌,1札5,新馬,新馬,6,6,テーオーメアリー,牝,2,ルメール, 54 ,9,1,１, ,芝1200,良,,(栗),梅田智之,1099,-0.3,,1,1,35.2,472,,
,"2020. 8. 8",札幌,1札5,未勝利,未勝利・牝,7,11,ラブアンバサダー,牝,3,武豊, 54 ,14,2,１, ,芝1500,良,,(栗),松永幹夫,1290,-0.1,10,10,11,35.3,424,-6,
,"2020. 8. 8",札幌,1札5,未勝利,未勝利,6,9,サトノレガリア,牡,3,横山武史, 56 ,14,1,１, ,ダ1700,良,,(美),萩原清,1473,-0.1,2,2,1,40.2,502,-6,
,"2020. 8. 8",札幌,1札5,未勝利,未勝利*,1,1,ジオルティ,牡,2,加藤祥太, 54 ,8,4,１, ,芝1800,良,,(栗),杉山晴紀,1501,-0.1,4,4,3,36.5,472,-4,
,"2020. 8. 8",札幌,1札5,未勝利,未勝利*,3,3,シンヨモギネス,牡,2,菱田裕二, 54 ,8,4,１, ,ダ1700,良,,(美),伊藤圭三,1490,-1.2,1,1,1,40.6,472,+8,
,"2020. 8. 2",札幌,1札4,2勝,札幌道Ｈ･2勝,3,3,ソウルトレイン,牡,3,武豊, 54 ,14,1,１, ,芝1500,良,,(栗),西村真幸,1281,-0.1,5,6,5,34.3,460,-2,
,"2020. 8. 2",札幌,1札4,Ｇ３,クイーンG3,1,1,レッドアネモス,牝,4,吉田隼人, 55 ,14,11,１, ,芝1800,良,*,(栗),友道康夫,1459,-0.1,7,7,8,35.0,468,0,
,"2020. 8. 2",札幌,1札4,2勝,ポプラ特･2勝,5,7,エスト,牝,4,藤岡佑介, 55 ,14,4,１, ,ダ1700,良,,(栗),安田隆行,1455,-0.1,4,4,3,37.3,470,+6,
,"2020. 8. 2",札幌,1札4,1勝,１勝ｸﾗｽ,8,14,セイユメアカリ,牡,3,団野大成,53☆,14,7,１, ,ダ1700,良,,(美),浅野洋一,1455,-0.7,4,4,2,36.8,442,+2,B
,"2020. 8. 2",札幌,1札4,1勝,積丹特別･1勝,5,5,ビーマイオーシャン,牡,3,団野大成, 54 ,6,1,１, ,芝2600,良,,(栗),音無秀孝,2397,-0.6,3,1,1,36.4,482,+2,B
,"2020. 8. 2",札幌,1札4,1勝,１勝ｸﾗｽ,3,3,シャムロックヒル,牝,3,団野大成,51☆,8,2,１, ,芝2000,良,,(栗),佐々木晶,2012,-0.2,1,1,1,34.7,488,-2,
,"2020. 8. 2",札幌,1札4,1勝,１勝ｸﾗｽ,7,9,ジョイウイン,牡,3,岩田康誠, 54 ,11,3,１, ,ダ1000,良,,(美),牧光二,0591,-0.1,,2,2,35.4,496,+6,
,"2020. 8. 2",札幌,1札4,新馬,新馬,7,7,バニシングポイント,牡,2,ルメール, 54 ,7,1,１, ,芝2000,良,,(美),藤沢和雄,2024,-1.1,1,1,1,35.8,484,,
,"2020. 8. 2",札幌,1札4,未勝利,未勝利,1,1,タイセイレフィーノ,牝,3,菱田裕二, 54 ,16,2,１, ,芝1200,良,,(栗),森田直行,1086,-0.2,,5,3,34.5,468,+4,
,"2020. 8. 2",札幌,1札4,未勝利,未勝利・牝,8,13,ココニアル,牝,3,大野拓弥, 54 ,14,4,１, ,芝2000,良,,(美),和田勇介,2012,-0.2,8,2,2,35.3,436,+2,
,"2020. 8. 2",札幌,1札4,未勝利,未勝利,5,7,アイルビーメジャー,牡,3,和田竜二, 56 ,14,2,１, ,ダ1700,良,,(美),伊藤伸一,1460,-0.2,5,4,4,37.6,458,-8,
,"2020. 8. 2",札幌,1札4,未勝利,未勝利*,5,5,ミカンサン,牝,2,ルメール, 54 ,8,1,１, ,ダ1000,良,,(美),伊藤圭三,0596,-0.1,,4,4,35.5,460,0,
,"2020. 8. 1",札幌,1札3,1勝,１勝ｸﾗｽ,8,11,タイキルークス,牡,3,横山和生, 54 ,12,2,１, ,ダ1700,良,,(美),菊沢隆徳,1457,-0.7,3,2,1,37.8,510,0,
,"2020. 8. 1",札幌,1札3,3勝,ＳＴＶＨ･3勝,5,7,ハナズレジェンド,牡,7,藤岡佑介, 56 ,14,4,１, ,芝1800,良,*,(栗),矢作芳人,1478,-0.1,13,14,14,34.2,458,+4,
,"2020. 8. 1",札幌,1札3,2勝,阿寒湖特･2勝,8,10,アンティシペイト,牡,3,武豊, 54 ,10,1,１, ,芝2600,良,,(美),国枝栄,2401,-0.2,2,2,2,36.3,490,-2,
,"2020. 8. 1",札幌,1札3,1勝,礼文特別･1勝,1,1,ラキ,牝,3,武豊, 52 ,11,1,１, ,芝1200,良,,(栗),小崎憲,1088,-0.1,,7,7,34.5,456,+4,
,"2020. 8. 1",札幌,1札3,2勝,２勝ｸﾗｽ,8,10,ダノンチャンス,セ,6,菱田裕二, 57 ,11,7,１, ,ダ1000,良,,(美),田中博康,0581,-0.1,,3,3,35.3,494,-14,B
,"2020. 8. 1",札幌,1札3,1勝,１勝ｸﾗｽ・牝,4,4,アカイイト,牝,3,横山典弘, 52 ,9,2,１, ,芝1800,良,,(栗),中竹和也,1476,-0.2,4,3,3,34.4,496,+4,
,"2020. 8. 1",札幌,1札3,未勝利,未勝利,2,4,ブルベアカロリー,牡,3,国分恭介, 56 ,16,7,１, ,芝2000,良,,(栗),五十嵐忠,2009,-0.0,12,11,7,36.1,482,+12,B
,"2020. 8. 1",札幌,1札3,新馬,新馬,3,3,オパールムーン,牝,2,横山典弘, 54 ,9,4,１, ,芝1500,良,,(栗),昆貢,1294,-0.0,5,5,6,34.9,424,,
,"2020. 8. 1",札幌,1札3,未勝利,未勝利,8,13,アグードイメル,牡,3,横山和生, 56 ,14,4,１, ,ダ1700,良,*,(美),小野次郎,1461,-0.0,10,9,5,37.5,476,-6,
,"2020. 8. 1",札幌,1札3,未勝利,未勝利,6,8,タマモゼーゼマン,牡,3,松田大作, 56 ,12,4,１, ,ダ1000,良,,(栗),武英智,0590,-0.4,,2,2,35.6,466,0,B
,"2020. 8. 1",札幌,1札3,未勝利,未勝利・牝,5,7,タマモパッション,牝,3,ルメール, 54 ,14,1,１, ,ダ1700,良,,(栗),大橋勇樹,1456,-1.7,6,5,2,37.7,474,-8,
,"2020. 8. 1",札幌,1札3,未勝利,未勝利*,3,3,ジャンカズマ,牡,2,ルメール, 54 ,9,2,１, ,芝1500,良,,(栗),安田翔伍,1296,-0.5,6,4,2,35.0,450,+2,
,"2020. 7.26",札幌,1札2,1勝,１勝ｸﾗｽ,4,4,フェルミスフィア,牝,3,池添謙一, 52 ,11,1,１, ,芝1500,良,,(美),木村哲也,1282,-0.3,6,6,2,35.6,428,-8,
,"2020. 7.26",札幌,1札2,3勝,報知杯Ｈ･3勝,6,9,シネマソングス,牝,5,池添謙一, 52 ,14,4,１, ,ダ1700,良,,(美),小笠倫弘,1450,-0.1,5,3,3,36.1,438,+6,
,"2020. 7.26",札幌,1札2,2勝,知床特別･2勝,5,6,ニシノドレッシー,牝,4,勝浦正樹, 55 ,13,5,１, ,芝1200,良,,(美),的場均,1083,-0.0,,6,6,33.9,440,0,
,"2020. 7.26",札幌,1札2,2勝,ＨＴＢ賞･2勝,7,7,レッドアルマーダ,セ,4,ルメール, 57 ,10,1,１, ,芝2000,良,,(美),藤沢和雄,2013,-0.5,1,2,1,35.1,526,-4,
,"2020. 7.26",札幌,1札2,1勝,１勝ｸﾗｽ・牝,3,3,ビオレイメル,牝,4,亀田温心,53△,8,6,１, ,ダ1700,良,,(栗),本田優,1458,-0.0,4,4,3,37.3,470,-8,
,"2020. 7.26",札幌,1札2,1勝,１勝ｸﾗｽ,4,4,モンブランテソーロ,牡,4,ルメール, 57 ,9,1,１, ,芝1800,良,,(美),田中博康,1479,-0.3,2,2,2,35.1,478,+6,
,"2020. 7.26",札幌,1札2,新馬,新馬,3,3,ショウリノカンパイ,牝,2,田中勝春, 54 ,6,2,１, ,ダ1700,良,,(美),藤原辰雄,1482,-0.9,2,2,2,38.1,466,,
,"2020. 7.26",札幌,1札2,新馬,新馬,1,1,バスラットレオン,牡,2,藤岡佑介, 54 ,7,1,１, ,芝1800,良,,(栗),矢作芳人,1513,-0.4,1,1,1,33.6,462,,
,"2020. 7.26",札幌,1札2,未勝利,未勝利,5,6,シャムロックヒル,牝,3,ルメール, 54 ,12,1,１, ,芝2000,良,,(栗),佐々木晶,2017,-0.0,3,3,2,35.5,490,+2,
,"2020. 7.26",札幌,1札2,未勝利,未勝利,5,7,エイユージャッカル,牡,3,国分恭介, 56 ,14,3,１, ,ダ1700,良,,(栗),岡田稲男,1473,-0.4,8,3,1,38.8,480,-2,
,"2020. 7.26",札幌,1札2,未勝利,未勝利,6,7,ミエノワールド,牡,3,川島信二, 56 ,12,4,１, ,ダ1000,良,,(栗),西園正都,0586,-0.5,,3,3,34.7,490,,
,"2020. 7.26",札幌,1札2,未勝利,未勝利*,4,4,ボイオートス,牡,2,横山武史, 54 ,7,3,１, ,芝1200,良,,(美),金成貴史,1102,-0.0,,4,3,35.3,480,-4,
,"2020. 7.26",札幌,1札2,未勝利,未勝利*,7,7,ラピカズマ,牡,2,池添謙一, 54 ,7,1,１, ,芝1200,良,,(栗),安田隆行,1102,-0.0,,1,1,35.7,464,+4,B
,"2020. 7.25",札幌,1札1,1勝,１勝ｸﾗｽ・牝,3,3,ファーストフォリオ,牝,3,吉田隼人, 52 ,13,3,１, ,芝1200,良,,(栗),須貝尚介,1088,-0.3,,5,5,34.4,438,+10,
,"2020. 7.25",札幌,1札1,3勝,しらかば･3勝,6,11,アスタールビー,牝,4,古川吉洋, 55 ,16,2,１, ,芝1200,良,,(栗),南井克巳,1083,-0.1,,2,2,34.2,446,-4,
,"2020. 7.25",札幌,1札1,2勝,大倉山特･2勝,3,3,ケルティックソード,牡,7,浜中俊, 57 ,11,2,１, ,ダ1700,良,,(栗),新谷功一,1447,-0.2,2,1,1,37.9,488,+2,
,"2020. 7.25",札幌,1札1,1勝,利尻特別･1勝,4,4,マイネルソラス,牡,3,丹内祐次, 54 ,8,2,１, ,芝2000,良,,(美),和田正一,2006,-0.3,5,3,2,34.9,466,+6,
,"2020. 7.25",札幌,1札1,1勝,１勝ｸﾗｽ,8,8,フクノワイルド,牡,4,吉田隼人, 57 ,8,2,１, ,ダ1700,良,,(栗),杉山晴紀,1456,-0.0,1,1,1,36.9,504,+22,
,"2020. 7.25",札幌,1札1,1勝,１勝ｸﾗｽ,7,10,メイショウヒバリ,牝,3,武豊, 52 ,12,1,１, ,ダ1000,良,,(栗),本田優,0582,-0.5,,1,1,34.9,464,+2,
,"2020. 7.25",札幌,1札1,未勝利,未勝利,1,1,ユークレース,牝,3,横山武史, 54 ,15,3,１, ,芝2000,良,,(美),菊沢隆徳,2013,-0.0,1,1,1,35.8,462,-2,
,"2020. 7.25",札幌,1札1,新馬,新馬,2,2,フクノラプラーニュ,牡,2,横山和生, 54 ,6,4,１, ,芝1200,良,,(美),田島俊明,1113,-0.0,,2,2,35.3,478,,
,"2020. 7.25",札幌,1札1,未勝利,未勝利,8,13,エンペラーズパレス,牡,3,水口優也, 56 ,14,10,１, ,ダ1700,良,,(栗),羽月友彦,1463,-0.3,1,1,1,38.2,492,-2,
,"2020. 7.25",札幌,1札1,未勝利,未勝利,2,2,フリークアウト,牝,3,藤岡佑介, 54 ,14,2,１, ,芝1500,良,,(栗),中内田充,1285,-0.3,3,2,4,35.0,448,-2,
,"2020. 7.25",札幌,1札1,未勝利,未勝利・牝,3,4,バトルピアサー,牝,3,川島信二, 54 ,14,1,１, ,ダ1700,良,,(栗),荒川義之,1462,-0.7,1,1,1,39.0,406,-2,
,"2020. 7.25",札幌,1札1,未勝利,未勝利*,6,6,ウインルーア,牝,2,横山武史, 54 ,6,3,１, ,芝1800,良,,(美),青木孝文,1497,-0.3,5,3,3,35.6,438,+4,
,"2019. 9. 1",札幌,2札6,2勝,釧路湿原･2勝,7,12,ライジングドラゴン,牡,4,吉田隼人, 57 ,14,3,１, ,ダ1700,良,,(栗),吉田直弘,1442,-0.2,6,4,2,37.9,446,+2,
,"2019. 9. 1",札幌,2札6,ｵｰﾌﾟﾝ,丹頂ＳＨ,5,8,ポンデザール,牝,4,石川裕紀, 50 ,14,2,１, ,芝2600,良,,(美),堀宣行,2408,-0.6,8,8,5,35.3,492,0,
,"2019. 9. 1",札幌,2札6,ｵｰﾌﾟﾝ,すずらん,1,1,ケープコッド,牝,2,吉田隼人, 54 ,14,1,１, ,芝1200,良,,(美),高柳瑞樹,1107,-0.2,,1,1,36.5,464,+6,
,"2019. 9. 1",札幌,2札6,1勝,１勝ｸﾗｽ,5,8,クリノアリエル,牝,4,松田大作, 55 ,14,2,２, ,芝1800,良,,(栗),武英智,1500,0.0,9,10,6,35.8,416,+10,
,"2019. 9. 1",札幌,2札6,1勝,１勝ｸﾗｽ,3,3,ブラックカード,牡,5,吉田隼人, 57 ,14,2,１, ,ダ1700,良,,(栗),鈴木孝志,1458,-0.2,2,2,2,36.9,464,-6,B
,"2019. 9. 1",札幌,2札6,1勝,１勝ｸﾗｽ,8,16,イーサンパンサー,牡,3,古川吉洋, 54 ,16,1,１, ,芝1200,良,,(栗),昆貢,1097,-0.1,,6,5,34.7,462,+2,
,"2019. 9. 1",札幌,2札6,1勝,１勝ｸﾗｽ,5,6,ゴールデンチョイス,牡,3,菱田裕二, 54 ,12,3,１, ,ダ1000,良,,(美),武藤善則,0588,-0.0,,3,3,35.5,462,-4,B
,"2019. 9. 1",札幌,2札6,未勝利,未勝利,4,5,エスキシータ,牝,3,荻野極, 54 ,14,8,１, ,ダ1700,良,,(栗),藤原英昭,1475,-0.0,6,5,3,38.5,474,+2,
,"2019. 9. 1",札幌,2札6,未勝利,未勝利,5,10,ホウオウエーデル,牡,3,横山武史,55☆,16,5,１, ,芝2000,良,,(美),池上昌和,2032,-0.2,13,13,9,36.5,482,0,
,"2019. 9. 1",札幌,2札6,未勝利,未勝利,5,7,ビービーシャルト,セ,3,荻野極, 56 ,14,6,１, ,ダ1700,良,,(栗),野中賢二,1462,-0.1,5,7,5,37.8,490,+8,
,"2019. 9. 1",札幌,2札6,未勝利,未勝利*,2,2,メイプルプレゼント,牝,2,柴山雄一, 54 ,15,5,１, ,芝1200,良,,(美),高市圭二,1118,-0.0,,2,2,36.7,446,+6,
,"2019. 9. 1",札幌,2札6,未勝利,未勝利*,3,4,ベッラヴォルタ,牝,2,横山武史,53☆,14,1,１, ,芝1500,良,*,(栗),加用正,1317,-0.0,13,9,6,36.2,482,+6,
,"2019. 9. 1",札幌,2札6,未勝利,未勝利*,8,14,イッツアワターン,牝,2,石川裕紀, 54 ,14,2,１, ,芝1500,良,,(美),相沢郁,1317,-0.0,7,7,3,36.3,414,-2,
,"2019. 8.31",札幌,2札5,2勝,日高特別･2勝,1,1,ハウエバー,牡,5,坂井瑠星, 57 ,16,8,１, ,芝2000,稍,,(美),和田正一,2030,-0.0,13,14,12,35.6,420,-4,
,"2019. 8.31",札幌,2札5,Ｇ３,札幌２歳G3,5,6,ブラックホール,牡,2,石川裕紀, 54 ,12,5,１, ,芝1800,稍,,(美),相沢郁,1504,-0.2,7,9,6,36.5,418,-4,
,"2019. 8.31",札幌,2札5,2勝,札幌スポ･2勝,2,3,スリーケープマンボ,セ,4,松田大作, 57 ,16,12,１, ,芝1200,稍,,(栗),武英智,1104,-0.2,,1,1,34.7,488,+4,B
,"2019. 8.31",札幌,2札5,1勝,１勝ｸﾗｽ,6,10,ペプチドバンブー,牡,4,松田大作, 57 ,14,1,１, ,ダ1700,稍,,(栗),武英智,1454,-0.2,5,4,4,36.2,512,+6,B
,"2019. 8.31",札幌,2札5,1勝,１勝ｸﾗｽ,2,4,ブラヴァス,牡,3,武豊, 54 ,16,2,１, ,芝2000,稍,,(栗),友道康夫,2036,-0.3,8,10,6,36.8,484,+16,
,"2019. 8.31",札幌,2札5,1勝,１勝ｸﾗｽ・牝,3,3,タイトロープウィン,牝,3,三浦皇成, 52 ,14,1,１, ,ダ1700,稍,,(美),藤原辰雄,1453,-0.2,7,4,3,37.2,430,+10,
,"2019. 8.31",札幌,2札5,未勝利,未勝利,2,2,マーベラスアゲン,牡,3,団野大成,53▲,14,9,１, ,ダ1700,稍,,(美),加藤和宏,1470,-0.2,7,9,5,37.2,462,-8,
,"2019. 8.31",札幌,2札5,新馬,新馬,7,11,アイスシェルフ,牡,2,丸山元気, 54 ,13,5,１, ,芝1500,稍,,(美),稲垣幸雄,1347,-0.1,2,2,2,35.9,506,,
,"2019. 8.31",札幌,2札5,未勝利,未勝利,3,6,レッドクレオス,牡,3,ルメール, 56 ,16,1,１, ,芝1200,稍,,(美),藤沢和雄,1112,-0.5,,7,7,36.0,470,0,
,"2019. 8.31",札幌,2札5,未勝利,未勝利,8,12,ファロ,牝,3,松田大作, 54 ,12,2,１, ,ダ1000,稍,,(美),和田勇介,0592,-0.6,,2,2,35.2,462,+4,
,"2019. 8.31",札幌,2札5,未勝利,未勝利*,7,12,デルマオニキス,牡,2,横山和生, 54 ,14,9,１, ,ダ1700,稍,,(美),勢司和浩,1477,-0.1,7,8,6,37.3,456,-2,
,"2019. 8.31",札幌,2札5,未勝利,未勝利*,1,2,ミヤマザクラ,牝,2,藤岡佑介, 54 ,16,2,１, ,芝2000,良,,(栗),藤原英昭,2021,-0.8,7,7,2,35.3,452,+4,
,"2019. 8.25",札幌,2札4,2勝,WASJ第４･2勝,7,11,プレシャスブルー,牡,5,川田将雅, 58 ,14,6,１, ,芝1800,稍,,(美),相沢郁,1506,-0.3,6,6,5,35.5,436,-2,
,"2019. 8.25",札幌,2札4,Ｇ３,キーンラG3,7,13,ダノンスマッシュ,牡,4,川田将雅, 57 ,16,1,１, ,芝1200,稍,,(栗),安田隆行,1092,-0.1,,7,6,35.3,478,+6,
,"2019. 8.25",札幌,2札4,2勝,WASJ第３･2勝,6,10,スワーヴアラミス,牡,4,ミシェル, 58 ,14,3,１, ,ダ1700,重,,(栗),須貝尚介,1438,-0.3,3,2,1,37.9,480,-4,
,"2019. 8.25",札幌,2札4,1勝,千歳特別･1勝,6,10,ミモザイエロー,牝,3,川田将雅, 52 ,14,1,１, ,芝1500,稍,,(美),戸田博文,1297,-0.2,7,7,7,35.7,456,-2,
,"2019. 8.25",札幌,2札4,1勝,１勝ｸﾗｽ・牝,6,8,エレクトロニカ,牝,5,武豊, 55 ,13,1,１, ,芝2000,稍,,(栗),須貝尚介,2037,-0.2,5,4,4,38.3,442,-4,
,"2019. 8.25",札幌,2札4,1勝,１勝ｸﾗｽ,5,6,ベアクアウフ,牡,3,三浦皇成, 54 ,12,4,１, ,ダ1000,重,*,(美),清水英克,0589,-0.2,,2,1,35.7,490,+8,
,"2019. 8.25",札幌,2札4,1勝,１勝ｸﾗｽ・牝,1,1,シネマソングス,牝,4,藤岡佑介, 55 ,12,2,１, ,ダ1700,重,,(美),小笠倫弘,1453,-0.2,11,1,1,37.2,430,+2,
,"2019. 8.25",札幌,2札4,新馬,新馬,5,5,コスモカルナック,牡,2,丹内祐次, 54 ,8,4,１, ,芝1200,稍,,(美),菊沢隆徳,1123,-0.4,,1,1,36.1,462,,
,"2019. 8.25",札幌,2札4,未勝利,未勝利,4,6,キモンボーイ,牡,3,藤田菜七,53▲,14,4,１, ,ダ1700,重,,(栗),田所秀孝,1463,-0.0,9,7,4,38.1,494,0,
,"2019. 8.25",札幌,2札4,未勝利,未勝利,7,12,ラヴィアンレーヴ,牡,3,ルメール, 56 ,14,1,１, ,芝2600,稍,,(美),田村康仁,2451,-0.2,2,1,1,38.4,446,+6,
,"2019. 8.25",札幌,2札4,未勝利,未勝利,5,6,ゴールデンチョイス,牡,3,菱田裕二, 56 ,12,1,１, ,ダ1000,重,,(美),武藤善則,0587,-0.3,,2,2,35.7,466,+6,B
,"2019. 8.25",札幌,2札4,未勝利,未勝利*,4,4,アルファウェーブ,牡,2,ルメール, 54 ,8,1,１, ,芝1800,稍,,(美),藤沢和雄,1527,-0.1,5,4,5,37.1,518,+2,
,"2019. 8.24",札幌,2札3,1勝,ニセコ特･1勝,2,2,ホウオウライジン,牡,3,坂井瑠星, 54 ,11,6,１, ,ダ1700,重,,(栗),矢作芳人,1449,-0.0,2,4,2,37.6,476,+10,
,"2019. 8.24",札幌,2札3,3勝,WASJ第２･3勝,7,11,ウインイクシード,牡,5,ティータ, 58 ,14,3,１, ,芝2000,稍,,(美),鈴木伸尋,2024,-0.1,2,2,2,37.4,498,+8,
,"2019. 8.24",札幌,2札3,2勝,WASJ第１･2勝,7,12,アリンナ,牝,5,ルメール, 56 ,14,4,１, ,芝1200,稍,,(美),上原博之,1099,-0.0,,3,3,36.0,436,+4,
,"2019. 8.24",札幌,2札3,1勝,ルスツ特･1勝,8,10,レッドアステル,牝,3,武豊, 52 ,10,1,１, ,芝1800,稍,,(美),国枝栄,1505,-0.3,4,4,2,35.0,440,+32,
,"2019. 8.24",札幌,2札3,1勝,１勝ｸﾗｽ,6,8,エンダウメント,牡,3,吉田隼人, 54 ,12,1,１, ,ダ2400,重,,(栗),角田晃一,2321,-0.0,3,2,2,39.0,502,+2,
,"2019. 8.24",札幌,2札3,1勝,１勝ｸﾗｽ,5,9,マイネルアルケミー,牡,3,三浦皇成, 54 ,16,4,１, ,芝1200,稍,,(美),中野栄治,1097,-0.2,,1,1,35.7,462,0,
,"2019. 8.24",札幌,2札3,未勝利,未勝利,6,11,ストームリッパー,セ,3,川田将雅, 56 ,16,7,１, ,芝2000,稍,,(美),鹿戸雄一,2046,-0.3,3,3,2,36.9,488,+2,B
,"2019. 8.24",札幌,2札3,新馬,新馬,2,2,ヴォルスト,牡,2,ルメール, 54 ,11,1,１, ,ダ1700,不,,(栗),宮本博,1472,-0.0,8,7,4,37.0,484,,
,"2019. 8.24",札幌,2札3,未勝利,未勝利,6,10,クリノイヴァンカ,牝,3,菅原明良,51▲,14,10,１, ,芝1500,稍,,(美),天間昭一,1304,-0.0,7,7,10,36.3,462,+10,
,"2019. 8.24",札幌,2札3,未勝利,未勝利,1,1,マイサンシャイン,牡,3,団野大成,53▲,14,1,１, ,ダ1700,不,,(栗),五十嵐忠,1459,-0.2,1,1,1,39.4,474,0,
,"2019. 8.24",札幌,2札3,未勝利,未勝利*,6,6,ストレガ,牝,2,菅原明良,51▲,9,1,１, ,ダ1000,不,,(美),浅野洋一,0590,-0.5,,2,2,35.6,456,+8,
,"2019. 8.24",札幌,2札3,未勝利,未勝利・牝*,1,1,ヤマカツマーメイド,牝,2,武豊, 54 ,8,1,１, ,芝1500,稍,,(栗),池添兼雄,1310,-0.1,1,2,1,37.8,466,+4,
,"2019. 8.18",札幌,2札2,1勝,小樽特別･1勝,4,7,プリディカメント,牝,4,藤岡佑介, 55 ,16,11,１, ,芝1200,良,,(栗),吉村圭司,1093,-0.1,,14,13,33.8,512,+2,
,"2019. 8.18",札幌,2札2,Ｇ２,札幌記念G2,1,1,ブラストワンピース,牡,4,川田将雅, 57 ,14,3,１, ,芝2000,良,,(美),大竹正博,2001,-0.0,9,8,6,34.9,536,-2,
,"2019. 8.18",札幌,2札2,2勝,大通公園･2勝,8,11,スマートセラヴィー,牡,3,岩田康誠, 54 ,12,3,１, ,ダ1700,良,,(栗),矢作芳人,1453,-0.2,2,2,2,37.2,490,-8,
,"2019. 8.18",札幌,2札2,ｵｰﾌﾟﾝ,クローバ,8,8,オータムレッド,牝,2,ルメール, 54 ,8,1,１, ,芝1500,良,,(美),手塚貴久,1316,-0.1,6,6,5,35.2,436,+12,
,"2019. 8.18",札幌,2札2,2勝,２勝ｸﾗｽ,2,2,タマモコーラス,牝,5,城戸義政, 55 ,12,7,１, ,ダ1000,良,*,(栗),武英智,0582,-0.1,,4,4,35.4,458,-4,
,"2019. 8.18",札幌,2札2,1勝,１勝ｸﾗｽ,7,8,ゴットフルール,牝,3,横山典弘, 52 ,11,2,１, ,芝2600,良,,(栗),武英智,2426,-0.5,5,4,3,37.5,474,+2,
,"2019. 8.18",札幌,2札2,1勝,１勝ｸﾗｽ,4,5,ヴィーグリーズ,牡,5,横山和生, 57 ,14,10,１, ,ダ1700,稍,,(美),清水英克,1461,-0.1,6,5,5,38.8,468,-2,
,"2019. 8.18",札幌,2札2,新馬,新馬,7,9,ホウオウピースフル,牝,2,川田将雅, 54 ,11,4,１, ,芝1800,良,,(美),大竹正博,1541,-0.2,3,3,2,34.9,464,,
,"2019. 8.18",札幌,2札2,未勝利,未勝利,6,9,スリーヴリーグ,牡,3,横山武史,55☆,14,4,１, ,ダ1700,稍,,(美),武藤善則,1466,-0.6,2,2,1,38.3,498,-6,
,"2019. 8.18",札幌,2札2,未勝利,未勝利,3,6,アリスブルー,牝,3,丹内祐次, 54 ,16,3,１, ,芝2000,良,,(美),相沢郁,2033,-0.2,7,5,4,36.7,454,-8,
,"2019. 8.18",札幌,2札2,未勝利,未勝利,5,5,コバルトブルー,牡,3,ルメール, 56 ,11,2,１, ,ダ2400,稍,,(栗),池江泰寿,2376,-0.4,3,6,4,38.0,464,-2,
,"2019. 8.18",札幌,2札2,未勝利,未勝利*,5,5,ヴェスターヴァルト,牡,2,ルメール, 54 ,10,1,１, ,芝1500,良,,(美),加藤征弘,1311,-0.1,1,3,3,36.7,460,-2,
,"2019. 8.17",札幌,2札1,1勝,石狩特別･1勝,6,9,ロザムール,牝,3,松岡正海, 52 ,14,2,１, ,芝1500,良,,(美),上原博之,1284,-0.0,2,2,2,34.7,488,-4,
,"2019. 8.17",札幌,2札1,2勝,札幌日Ｈ･2勝,8,11,ヒーリングマインド,牡,3,池添謙一, 53 ,11,5,１, ,芝2600,良,,(栗),松田国英,2423,-0.0,10,8,7,36.3,476,-2,
,"2019. 8.17",札幌,2札1,1勝,富良野特･1勝,5,5,ハーメティキスト,牡,3,池添謙一, 54 ,12,4,１, ,芝2000,良,,(美),木村哲也,2004,-0.7,3,4,2,35.8,450,0,
,"2019. 8.17",札幌,2札1,1勝,１勝ｸﾗｽ,1,1,ライジングドラゴン,牡,4,吉田隼人, 57 ,14,2,１, ,ダ1700,稍,,(栗),吉田直弘,1440,-0.2,2,5,2,36.3,444,-2,
,"2019. 8.17",札幌,2札1,1勝,１勝ｸﾗｽ,5,5,ダイメイサツキ,牡,3,池添謙一, 54 ,12,3,１, ,ダ1000,稍,,(栗),森田直行,0582,-0.2,,2,2,35.0,502,+6,
,"2019. 8.17",札幌,2札1,未勝利,未勝利,6,11,アセンダント,牝,3,丹内祐次, 54 ,16,1,１, ,芝1200,良,,(美),田島俊明,1100,-0.1,,2,2,36.0,440,+2,
,"2019. 8.17",札幌,2札1,未勝利,未勝利,8,13,ノーリミッツ,牡,3,古川吉洋, 56 ,14,1,１, ,ダ1700,重,,(栗),木原一良,1451,-0.4,5,3,2,37.1,438,+8,
,"2019. 8.17",札幌,2札1,新馬,新馬・牝,2,2,ポレンティア,牝,2,池添謙一, 54 ,9,2,１, ,芝1500,良,,(美),田中博康,1309,-0.5,2,2,2,34.6,488,,
,"2019. 8.17",札幌,2札1,未勝利,未勝利,8,11,ハルワタート,牝,3,横山武史,53☆,12,1,１, ,ダ1000,重,,(美),斎藤誠,0586,-0.1,,3,3,35.2,458,0,
,"2019. 8.17",札幌,2札1,未勝利,未勝利・牝,3,3,ゴーインピース,牝,3,坂井瑠星,53☆,14,1,１, ,ダ1700,重,,(美),手塚貴久,1459,-0.1,6,8,7,37.0,442,+4,
,"2019. 8.17",札幌,2札1,未勝利,未勝利*,1,1,カワキタアジン,牝,2,ルメール, 54 ,10,1,１, ,芝1200,稍,,(栗),杉山晴紀,1105,-0.6,,5,5,34.1,464,+6,
,"2019. 8.17",札幌,2札1,未勝利,未勝利*,7,7,ヒシエレガンス,牡,2,藤岡康太, 54 ,10,2,１, ,芝1800,稍,,(美),堀宣行,1515,-0.0,7,2,2,36.2,476,0,
,"2019. 8.11",札幌,1札6,2勝,報知杯Ｈ･2勝,4,6,ビービーガウディ,牡,5,吉田隼人, 55 ,14,7,１, ,ダ1700,稍,,(美),久保田貴,1442,-0.2,8,8,8,37.0,476,+2,
,"2019. 8.11",札幌,1札6,Ｇ３,エルムＳG3,3,4,モズアトラクション,牡,5,藤岡康太, 56 ,14,2,１, ,ダ1700,稍,,(栗),松下武士,1419,-0.3,10,8,5,36.0,492,-2,
,"2019. 8.11",札幌,1札6,2勝,ＨＴＢ賞･2勝,7,12,カウディーリョ,牡,3,藤岡佑介, 54 ,14,1,１, ,芝2000,良,,(美),堀宣行,2011,-0.0,4,5,3,34.6,448,+8,
,"2019. 8.11",札幌,1札6,1勝,１勝ｸﾗｽ,8,13,フォークテイル,牝,3,池添謙一, 52 ,14,4,１, ,芝1800,良,,(美),中川公成,1486,-0.3,5,5,3,35.1,436,-2,
,"2019. 8.11",札幌,1札6,1勝,１勝ｸﾗｽ,5,9,スリーケープマンボ,セ,4,松田大作, 57 ,16,10,１, ,芝1200,良,,(栗),武英智,1090,-0.2,,3,3,34.8,484,-6,B
,"2019. 8.11",札幌,1札6,1勝,１勝ｸﾗｽ,3,3,アノ,牡,3,武豊, 54 ,14,1,１, ,ダ1700,稍,,(栗),鈴木孝志,1449,-0.1,12,12,12,36.4,444,-4,
,"2019. 8.11",札幌,1札6,1勝,１勝ｸﾗｽ・牝,8,13,ウォーターエデン,牝,3,団野大成,49▲,14,10,１, ,芝1500,良,,(栗),岡田稲男,1292,-0.2,2,2,2,35.0,470,-4,
,"2019. 8.11",札幌,1札6,新馬,新馬,7,9,エカテリンブルク,牡,2,武豊, 54 ,11,1,１, ,芝2000,良,,(栗),友道康夫,2047,-0.0,6,5,3,36.4,510,,
,"2019. 8.11",札幌,1札6,未勝利,未勝利,6,9,ブラックハーデス,牡,3,藤岡佑介, 56 ,14,1,１, ,芝2600,良,,(栗),西浦勝一,2432,-0.2,4,4,1,36.3,436,+4,
,"2019. 8.11",札幌,1札6,未勝利,未勝利,3,3,サーストンネイジュ,牝,3,岩田康誠, 54 ,12,2,１, ,ダ1000,重,,(栗),橋田満,0584,-0.2,,2,2,35.0,454,0,
,"2019. 8.11",札幌,1札6,未勝利,未勝利,3,3,クロランサス,牝,3,横山武史,53☆,14,1,１, ,芝1500,良,,(栗),松永幹夫,1290,-0.3,2,2,1,36.0,406,0,
,"2019. 8.11",札幌,1札6,未勝利,未勝利・牝*,4,4,セイラブミー,牝,2,勝浦正樹, 54 ,10,1,１, ,芝1200,良,,(美),伊藤大士,1107,-0.0,,1,1,35.5,458,0,
,"2019. 8.10",札幌,1札5,1勝,知床特別･1勝,2,2,ムーンライトナイト,牝,4,菱田裕二, 55 ,10,6,１, ,芝2000,稍,,(美),久保田貴,2022,-0.1,5,5,2,35.4,442,-6,
,"2019. 8.10",札幌,1札5,2勝,ＳＴＶ賞･2勝,6,7,ワールドヘリテージ,牡,4,横山典弘, 57 ,12,4,１, ,芝1500,稍,,(美),金成貴史,1287,-0.2,5,5,4,34.7,456,-2,
,"2019. 8.10",札幌,1札5,ｵｰﾌﾟﾝ,コスモス,8,11,ルーチェデラヴィタ,牝,2,池添謙一, 54 ,11,1,１, ,芝1800,稍,,(栗),西村真幸,1505,-0.0,5,5,3,35.3,432,+6,
,"2019. 8.10",札幌,1札5,1勝,１勝ｸﾗｽ・牝,1,1,テイエムソレイユ,牝,4,ルメール, 55 ,13,1,１, ,ダ1700,重,,(栗),安田翔伍,1433,-0.8,12,2,2,35.8,492,-6,B
,"2019. 8.10",札幌,1札5,1勝,１勝ｸﾗｽ,7,10,レノカズマ,牡,4,菅原明良,54▲,12,7,１, ,ダ1000,重,,(美),稲垣幸雄,0580,-0.3,,1,1,34.9,500,+10,
,"2019. 8.10",札幌,1札5,未勝利,未勝利,3,3,ヤップヤップヤップ,牡,3,ルメール, 56 ,12,1,１, ,芝2000,稍,,(美),宗像義忠,2018,-0.9,7,2,1,36.6,438,-4,
,"2019. 8.10",札幌,1札5,未勝利,未勝利,6,9,キタサンチャンドラ,牡,3,加藤祥太, 56 ,14,2,１, ,ダ1700,不,,(栗),梅田智之,1454,-0.2,4,4,5,37.9,454,-4,
,"2019. 8.10",札幌,1札5,新馬,新馬,3,3,ショウリュウハル,牝,2,松岡正海, 54 ,14,1,１, ,芝1500,稍,,(栗),佐々木晶,1308,-0.3,1,1,1,35.6,468,,
,"2019. 8.10",札幌,1札5,未勝利,未勝利・牝,3,5,シシリエンヌ,牝,3,吉田隼人, 54 ,16,10,１, ,芝1200,稍,,(栗),牧浦充徳,1101,-0.0,,3,2,35.3,486,+4,B
,"2019. 8.10",札幌,1札5,未勝利,未勝利,6,10,テーオーポシブル,牡,3,荻野琢真, 56 ,14,4,１, ,ダ1700,不,,(栗),梅田智之,1442,-0.1,3,2,2,35.4,454,-10,
,"2019. 8.10",札幌,1札5,未勝利,未勝利*,4,5,コスミックエナジー,牝,2,藤岡佑介, 54 ,14,1,１, ,芝1800,稍,,(栗),高野友和,1510,-0.1,3,3,2,37.2,438,-2,
,"2019. 8.10",札幌,1札5,未勝利,未勝利*,8,13,ヤウガウ,牡,2,ルメール, 54 ,14,1,１, ,ダ1700,不,,(栗),須貝尚介,1452,-0.3,3,2,1,37.7,456,+4,B
,"2019. 8. 4",札幌,1札4,2勝,ポプラ特･2勝,3,3,サラーブ,牝,4,ルメール, 55 ,12,1,１, ,ダ1700,良,,(美),木村哲也,1435,-0.1,4,3,3,36.5,516,-2,
,"2019. 8. 4",札幌,1札4,ｵｰﾌﾟﾝ,ＵＨＢ賞Ｈ,6,11,リナーテ,牝,5,ルメール, 54 ,16,1,１, ,芝1200,良,,(栗),須貝尚介,1079,-0.2,,9,8,33.4,496,+8,
,"2019. 8. 4",札幌,1札4,2勝,藻岩山Ｈ･2勝,7,10,リープフラウミルヒ,牝,4,丹内祐次, 52 ,13,6,１, ,芝1800,良,,(美),相沢郁,1467,-0.3,5,3,3,34.9,418,-10,
,"2019. 8. 4",札幌,1札4,1勝,１勝ｸﾗｽ,1,1,ヴァリアント,牡,3,ルメール, 54 ,11,2,１, ,芝1200,良,,(栗),西浦勝一,1087,-0.2,,2,2,35.0,468,-2,
,"2019. 8. 4",札幌,1札4,1勝,１勝ｸﾗｽ・牝,8,12,ベイコート,牝,3,石川裕紀, 52 ,12,2,１, ,ダ1700,良,,(栗),高橋義忠,1447,-0.2,4,2,1,36.7,490,-8,
,"2019. 8. 4",札幌,1札4,1勝,１勝ｸﾗｽ,8,8,ボスジラ,牡,3,ルメール, 54 ,9,1,１, ,芝2600,良,,(美),国枝栄,2416,-0.6,2,1,1,35.1,512,+8,
,"2019. 8. 4",札幌,1札4,1勝,１勝ｸﾗｽ,5,5,ダノンチャンス,セ,5,ルメール, 57 ,12,1,１, ,ダ1000,良,,(美),田中博康,0586,-0.0,,2,2,35.4,502,-6,B
,"2019. 8. 4",札幌,1札4,新馬,新馬,5,5,アールクインダム,牝,2,横山武史,53☆,9,3,１, ,芝1800,良,,(美),伊藤大士,1523,-0.1,1,1,1,34.9,470,,
,"2019. 8. 4",札幌,1札4,未勝利,未勝利・牝,6,9,モイ,牝,3,ルメール, 54 ,13,1,１, ,芝2000,良,,(栗),寺島良,2014,-0.1,12,10,8,35.7,384,-4,
,"2019. 8. 4",札幌,1札4,未勝利,未勝利,4,6,スコルピウス,セ,3,菱田裕二, 56 ,14,6,１, ,ダ1700,良,,(栗),武幸四郎,1460,-0.2,11,5,3,38.4,466,+2,B
,"2019. 8. 4",札幌,1札4,未勝利,未勝利,5,5,ブラッディムーン,牝,3,ルメール, 54 ,11,1,１, ,ダ1000,良,,(栗),上村洋行,0589,-0.3,,2,2,35.7,448,+4,
,"2019. 8. 4",札幌,1札4,未勝利,未勝利*,7,10,アブソルティスモ,牡,2,ルメール, 54 ,13,1,１, ,芝1500,良,,(美),藤沢和雄,1306,-0.0,6,6,6,35.4,498,+2,
,"2019. 8. 3",札幌,1札3,2勝,ＨＢＣ賞･2勝,5,10,ホープフルサイン,牡,3,丹内祐次, 54 ,16,11,１, ,芝1200,良,,(美),本間忍,1082,-0.1,,3,3,34.5,480,-8,
,"2019. 8. 3",札幌,1札3,OP(L),札幌日経(L),7,7,カフジプリンス,牡,6,吉田隼人, 56 ,10,3,１, ,芝2600,良,*,(栗),矢作芳人,2407,-0.0,2,8,7,35.1,522,-8,
,"2019. 8. 3",札幌,1札3,2勝,桑園特別･2勝,2,2,ヒデノヴィーナス,牝,3,藤岡康太, 52 ,11,3,１, ,ダ1000,良,,(栗),梅田智之,0580,-0.3,,1,1,35.5,456,+10,
,"2019. 8. 3",札幌,1札3,1勝,１勝ｸﾗｽ,7,7,ルヴォルグ,牡,3,ルメール, 54 ,9,1,１, ,芝2000,良,,(美),藤沢和雄,2024,-0.4,3,3,2,34.8,524,-6,
,"2019. 8. 3",札幌,1札3,1勝,１勝ｸﾗｽ・牝,7,8,ターフェルムジーク,牝,4,古川吉洋, 55 ,11,8,１, ,芝1800,良,,(栗),渡辺薫彦,1480,-0.1,10,10,5,35.4,430,-8,
,"2019. 8. 3",札幌,1札3,1勝,１勝ｸﾗｽ,3,4,スマートセラヴィー,牡,3,ルメール, 54 ,14,2,１, ,ダ1700,良,,(栗),矢作芳人,1455,-0.6,1,2,1,37.6,498,0,
,"2019. 8. 3",札幌,1札3,未勝利,未勝利,4,5,ナミブ,牡,3,菅原明良,53▲,13,3,１, ,芝2000,良,,(美),南田美知,2028,-0.0,6,9,4,35.9,440,-2,
,"2019. 8. 3",札幌,1札3,新馬,新馬,8,14,ヒルノマリブ,牝,2,勝浦正樹, 54 ,14,3,１, ,芝1200,良,,(栗),北出成人,1098,-0.6,,3,3,35.3,486,,
,"2019. 8. 3",札幌,1札3,未勝利,未勝利,4,5,メイショウオトワ,牝,3,菅原明良,51▲,14,6,１, ,ダ1700,良,,(栗),飯田祐史,1466,-0.5,7,4,3,38.7,442,-6,
,"2019. 8. 3",札幌,1札3,未勝利,未勝利,2,4,フクノナルボンヌ,牝,3,横山和生, 54 ,16,2,１, ,芝1200,良,,(美),杉浦宏昭,1091,-0.0,,1,1,35.2,486,+8,
,"2019. 8. 3",札幌,1札3,未勝利,未勝利・牝,8,13,アドマイヤビーナス,牝,3,岩田康誠, 54 ,14,5,１, ,ダ1700,良,,(栗),須貝尚介,1447,-0.6,2,2,2,38.2,466,-8,
,"2019. 8. 3",札幌,1札3,未勝利,未勝利*,3,3,キラットダイヤ,牝,2,団野大成,51▲,8,1,１, ,ダ1000,良,,(美),上原博之,1000,-0.2,,1,1,36.7,456,-4,
,"2019. 7.28",札幌,1札2,2勝,大倉山特･2勝,7,10,シベリウス,牡,6,横山和生, 57 ,12,5,１, ,ダ1700,良,,(美),藤原辰雄,1448,-0.1,9,10,4,36.2,470,-2,B
,"2019. 7.28",札幌,1札2,Ｇ３,クイーンG3,8,13,ミッキーチャーム,牝,4,川田将雅, 56 ,14,1,１, ,芝1800,良,,(栗),中内田充,1470,-0.0,4,4,4,34.0,456,+10,
,"2019. 7.28",札幌,1札2,2勝,道新スポ･2勝,1,1,レッドレグナント,牝,4,池添謙一, 55 ,9,4,１, ,芝1500,良,,(美),大竹正博,1281,-0.1,4,4,3,35.2,478,0,
,"2019. 7.28",札幌,1札2,1勝,１勝ｸﾗｽ,7,9,リフトトゥヘヴン,牡,5,ルメール, 57 ,12,1,１, ,ダ1700,良,,(美),加藤征弘,1445,-0.9,3,2,2,37.0,486,+2,
,"2019. 7.28",札幌,1札2,1勝,北辰特別･1勝,1,1,ウォーターパルフェ,牡,4,武豊, 57 ,7,3,１, ,芝1800,良,,(栗),田所秀孝,1484,-0.0,6,6,5,34.8,478,-2,
,"2019. 7.28",札幌,1札2,1勝,１勝ｸﾗｽ,4,4,クラサーヴィツァ,牝,3,三浦皇成, 52 ,9,2,１, ,芝2000,良,,(美),武井亮,2009,-0.3,6,5,2,35.0,444,-4,
,"2019. 7.28",札幌,1札2,新馬,新馬,8,13,セラン,牝,2,武豊, 54 ,14,1,１, ,ダ1700,良,,(栗),松永幹夫,1487,-0.1,2,2,1,38.1,478,,
,"2019. 7.28",札幌,1札2,新馬,新馬,7,7,レザネフォール,牡,2,三浦皇成, 54 ,9,1,１, ,芝1800,良,,(栗),池江泰寿,1533,-0.0,9,3,2,35.5,444,,
,"2019. 7.28",札幌,1札2,未勝利,未勝利,5,7,スリーカナロアー,牡,3,柴山雄一, 56 ,13,1,１, ,芝1500,良,,(栗),南井克巳,1285,-0.1,4,3,3,34.9,506,-2,
,"2019. 7.28",札幌,1札2,未勝利,未勝利,5,5,ギフトオブアート,牝,3,三浦皇成, 54 ,9,1,１, ,ダ1700,良,,(美),高柳瑞樹,1459,-0.3,6,3,2,38.0,476,-4,
,"2019. 7.28",札幌,1札2,未勝利,未勝利,7,8,ジーガーローレンス,牝,3,菅原明良,51▲,10,5,１, ,ダ1000,良,*,(美),武市康男,0587,-0.2,,2,2,35.6,486,0,B
,"2019. 7.28",札幌,1札2,未勝利,未勝利*,1,1,アメージングサン,牡,2,ルメール, 54 ,7,1,１, ,芝1200,良,,(美),奥村武,1091,-0.8,,1,1,35.2,456,-2,
,"2019. 7.27",札幌,1札1,2勝,阿寒湖特･2勝,1,1,ヒシゲッコウ,牡,3,ルメール, 54 ,9,1,１, ,芝2600,良,,(美),堀宣行,2394,-0.3,8,8,6,35.8,486,+6,
,"2019. 7.27",札幌,1札1,3勝,ＴＶｈＨ･3勝,6,9,ウインシャトレーヌ,牝,5,横山武史, 52 ,14,4,１, ,芝1800,良,,(栗),大久保龍,1464,-0.0,2,2,1,35.4,506,+8,
,"2019. 7.27",札幌,1札1,1勝,羊ヶ丘特･1勝,5,5,カルリーノ,牡,3,岩田康誠, 54 ,10,1,１, ,芝1500,良,,(美),高橋裕,1283,-0.3,7,7,3,34.1,492,-6,
,"2019. 7.27",札幌,1札1,1勝,１勝ｸﾗｽ,3,3,ヨハン,牡,3,古川吉洋, 54 ,10,1,１, ,ダ1700,良,,(栗),高橋康之,1451,-0.2,3,3,4,36.5,432,+2,
,"2019. 7.27",札幌,1札1,1勝,１勝ｸﾗｽ・牝,2,2,マーマレードガール,牝,3,丹内祐次, 52 ,12,3,１, ,芝1200,良,,(美),中野栄治,1085,-0.1,,1,1,34.8,456,-4,
,"2019. 7.27",札幌,1札1,1勝,１勝ｸﾗｽ,7,8,マイネルバトゥータ,牡,3,丹内祐次, 54 ,11,1,１, ,ダ1000,良,,(美),高橋祥泰,0585,-0.1,,2,2,35.5,476,-12,
,"2019. 7.27",札幌,1札1,未勝利,未勝利,8,8,ダイヤレイジング,牝,3,岩田康誠, 54 ,8,5,１, ,ダ1700,良,,(栗),小崎憲,1469,-0.0,1,1,1,40.0,444,-4,
,"2019. 7.27",札幌,1札1,新馬,新馬,1,1,エイリアス,牡,2,柴山雄一, 54 ,10,4,１, ,芝1500,良,,(栗),浅見秀一,1311,-0.0,7,6,5,34.7,466,,
,"2019. 7.27",札幌,1札1,未勝利,未勝利,6,10,プライムシスター,牝,3,岩田康誠, 54 ,14,3,１, ,芝2000,良,,(栗),西村真幸,2022,-0.0,6,6,7,35.3,492,-2,
,"2019. 7.27",札幌,1札1,未勝利,未勝利,2,2,リヴィエラ,牡,3,柴山雄一, 56 ,11,3,１, ,ダ2400,良,,(栗),渡辺薫彦,2346,-0.1,5,5,5,38.1,494,-6,B
,"2019. 7.27",札幌,1札1,未勝利,未勝利・牝,7,7,イエスサンキュー,牝,3,加藤祥太, 54 ,8,4,１, ,ダ1000,良,,(栗),羽月友彦,0592,-0.2,,3,2,35.7,492,+2,
,"2019. 7.27",札幌,1札1,未勝利,未勝利*,1,1,ゴルコンダ,牡,2,ルメール, 54 ,9,1,１, ,芝1800,良,,(美),木村哲也,1483,-1.8,1,1,1,36.5,518,-16,
,"2018. 9. 2",札幌,2札6,1000万,釧路湿原1000,8,13,フォーハンドレッド,牡,4,藤岡康太, 57 ,14,1,１, ,ダ1700,良,,(美),田中博康,1451,-0.3,3,3,1,36.5,476,0,
,"2018. 9. 2",札幌,2札6,ｵｰﾌﾟﾝ,丹頂ＳＨ,8,14,リッジマン,牡,5,松岡正海, 52 ,14,5,１, ,芝2600,良,,(栗),庄野靖志,2426,-0.2,9,4,2,38.0,448,-2,
,"2018. 9. 2",札幌,2札6,ｵｰﾌﾟﾝ,すずらん,3,3,ハッピーアワー,牡,2,秋山真一, 54 ,14,2,１, ,芝1200,良,,(栗),武幸四郎,1106,-0.1,,9,7,35.8,442,0,
,"2018. 9. 2",札幌,2札6,500万,500万下,8,14,バケットリスト,牝,3,菱田裕二, 52 ,14,9,１, ,芝1800,良,,(美),高橋文雅,1499,-0.0,6,2,2,36.4,468,+10,
,"2018. 9. 2",札幌,2札6,500万,500万下,6,9,ファームフェイス,牝,4,岩田康誠, 55 ,14,2,１, ,ダ1700,良,,(栗),笹田和秀,1457,-0.2,5,4,3,37.8,464,-2,
,"2018. 9. 2",札幌,2札6,500万,500万下,8,15,デルタバローズ,牡,3,ルメール, 55 ,16,1,１, ,芝1200,良,,(美),堀宣行,1104,-0.0,,5,4,35.0,494,+2,
,"2018. 9. 2",札幌,2札6,500万,500万下,7,10,トラベリング,牡,3,ルメール, 55 ,12,1,１, ,ダ1000,良,,(栗),高橋亮,0587,-0.2,,2,2,35.5,488,-2,
,"2018. 9. 2",札幌,2札6,未勝利,未勝利,4,7,ターフェルムジーク,牝,3,藤岡佑介, 54 ,16,9,１, ,芝2000,良,,(栗),渡辺薫彦,2037,-0.2,9,7,2,36.7,420,-2,
,"2018. 9. 2",札幌,2札6,未勝利,未勝利,4,6,サトノゲイル,牡,3,藤岡佑介, 56 ,14,2,１, ,ダ1700,良,,(栗),池江泰寿,1472,-0.2,10,10,8,38.3,470,+2,
,"2018. 9. 2",札幌,2札6,未勝利,未勝利,6,8,ダノンチェリー,牝,3,藤岡佑介, 54 ,12,5,１, ,ダ1000,良,,(栗),池江泰寿,0598,-0.2,,5,4,36.3,466,-4,
,"2018. 9. 2",札幌,2札6,未勝利,未勝利*,8,15,ファンシャン,牝,2,柴山雄一, 54 ,15,3,１, ,芝1200,良,,(美),畠山吉宏,1115,-0.2,,1,1,36.2,424,-2,
,"2018. 9. 2",札幌,2札6,未勝利,未勝利*,4,6,ライデンシャフト,牝,2,横山武史,52△,14,1,１, ,芝1500,良,,(美),池上昌和,1310,-1.4,1,1,1,35.2,464,0,
,"2018. 9. 1",札幌,2札5,1000万,日高特別1000,7,14,カリビアンゴールド,牝,4,藤岡康太, 55 ,16,3,１, ,芝2000,良,,(栗),鮫島一歩,2036,-0.2,6,4,2,37.0,460,-6,
,"2018. 9. 1",札幌,2札5,Ｇ３,札幌２歳G3,3,3,ニシノデイジー,牡,2,勝浦正樹, 54 ,14,6,１, ,芝1800,良,,(美),高木登,1501,-0.0,11,8,2,37.0,474,-2,
,"2018. 9. 1",札幌,2札5,1000万,札幌スポ1000,7,14,リナーテ,牝,4,藤岡康太, 55 ,16,5,１, ,芝1200,良,,(栗),須貝尚介,1104,-0.0,,7,7,35.4,480,+2,
,"2018. 9. 1",札幌,2札5,500万,500万下,5,7,フランドル,セ,5,ルメール, 57 ,14,1,１, ,ダ1700,稍,,(栗),藤原英昭,1461,-0.2,5,5,4,37.1,490,+2,B
,"2018. 9. 1",札幌,2札5,500万,500万下,5,9,リュヌルージュ,牝,3,Ｍ．デム, 52 ,16,3,１, ,芝2000,良,,(栗),斉藤崇史,2031,-0.3,4,4,3,36.6,452,+2,
,"2018. 9. 1",札幌,2札5,500万,500万下,5,8,ボードウォーク,牝,3,黛弘人, 52 ,14,1,１, ,ダ1700,稍,,(栗),矢作芳人,1457,-0.4,1,1,1,38.1,446,+4,B
,"2018. 9. 1",札幌,2札5,500万,500万下・牝,4,4,ニシノオリーブ,牝,3,勝浦正樹, 53 ,12,4,１, ,ダ1000,稍,,(美),武藤善則,0591,-0.2,,1,1,36.1,448,+4,
,"2018. 9. 1",札幌,2札5,新馬,新馬,5,5,レースガーデン,牝,2,Ｍ．デム, 54 ,9,1,１, ,芝1500,稍,,(栗),池江泰寿,1316,-0.2,2,3,3,35.9,456,,
,"2018. 9. 1",札幌,2札5,未勝利,未勝利,6,11,デンセツノマジョ,牝,3,横山典弘, 54 ,16,3,１, ,芝1200,稍,,(美),菊沢隆徳,1113,-0.0,,9,9,36.1,460,+4,
,"2018. 9. 1",札幌,2札5,未勝利,未勝利,5,8,エナグリン,牡,3,横山武史,54△,14,3,１, ,ダ1700,重,,(美),伊藤大士,1469,-0.0,9,6,3,38.8,464,+2,
,"2018. 9. 1",札幌,2札5,未勝利,未勝利*,3,6,ヘリオス,牡,2,ルメール, 54 ,16,1,１, ,芝2000,稍,,(栗),友道康夫,2069,-0.1,7,7,6,38.1,466,-6,
,"2018. 9. 1",札幌,2札5,未勝利,未勝利*,7,11,フクノワイルド,牡,2,加藤祥太,53☆,14,4,１, ,ダ1700,重,,(栗),杉山晴紀,1468,-0.1,2,3,3,38.3,480,-8,
,"2018. 8.26",札幌,2札4,1000万,WASJ第４1000,7,11,スマートエレメンツ,牡,4,ルメール, 58 ,14,3,１, ,芝1800,稍,,(美),鹿戸雄一,1503,-0.5,7,5,5,35.6,514,+8,
,"2018. 8.26",札幌,2札4,Ｇ３,キーンラG3,6,11,ナックビーナス,牝,5,モレイラ, 54 ,16,1,１, ,芝1200,稍,,(美),杉浦宏昭,1094,-0.4,,1,1,35.7,522,0,
,"2018. 8.26",札幌,2札4,1000万,WASJ第３1000,8,13,エンクエントロス,牡,6,モレイラ, 58 ,14,2,１, ,ダ1700,重,,(美),黒岩陽一,1449,-0.0,8,1,2,37.3,496,-4,B
,"2018. 8.26",札幌,2札4,500万,千歳特別500,6,8,ライラックカラー,牡,3,ルメール, 54 ,13,2,１, ,芝1500,稍,,(美),藤沢和雄,1303,-0.0,8,9,8,36.1,458,-4,
,"2018. 8.26",札幌,2札4,500万,500万下,7,14,シスターフラッグ,牝,3,Ｍ．デム, 52 ,16,1,１, ,芝2000,稍,,(栗),西村真幸,2042,-0.4,8,7,5,36.3,504,-4,
,"2018. 8.26",札幌,2札4,500万,500万下,5,8,スズカロング,牡,4,藤岡康太, 57 ,14,6,１, ,ダ1700,重,,(栗),橋田満,1457,-0.3,6,5,2,36.9,492,+6,
,"2018. 8.26",札幌,2札4,未勝利,未勝利,3,3,ポンデザール,牝,3,モレイラ, 54 ,14,3,１, ,芝2600,稍,,(美),堀宣行,2462,-0.2,10,11,4,35.8,458,-14,
,"2018. 8.26",札幌,2札4,新馬,新馬,2,2,ナムラボーナス,牡,2,藤岡康太, 54 ,6,2,１, ,芝1200,稍,,(栗),羽月友彦,1148,-0.4,,1,1,36.2,442,,
,"2018. 8.26",札幌,2札4,未勝利,未勝利,1,1,ネオテスタメント,牡,3,加藤祥太,55☆,14,11,１, ,ダ1700,重,,(栗),羽月友彦,1450,-1.1,2,2,1,37.0,448,+8,
,"2018. 8.26",札幌,2札4,未勝利,未勝利,1,1,レッドランサー,牡,3,ルメール, 56 ,12,1,１, ,ダ1000,重,,(栗),中内田充,0594,-0.5,,5,2,35.8,464,+6,
,"2018. 8.26",札幌,2札4,未勝利,未勝利・牝,1,1,アルマアノン,牝,3,岩田康誠, 54 ,14,6,１, ,ダ1700,重,,(栗),佐々木晶,1461,-0.0,8,9,7,37.3,450,+2,
,"2018. 8.26",札幌,2札4,未勝利,未勝利*,2,2,アドマイヤリーブラ,牡,2,モレイラ, 54 ,5,2,１, ,芝1800,稍,,(栗),梅田智之,1534,-0.1,3,3,4,36.0,454,-4,
,"2018. 8.25",札幌,2札3,500万,ニセコ特500,4,5,リアリスト,牡,5,モレイラ, 57 ,14,2,１, ,ダ1700,不,,(美),相沢郁,1438,-0.9,2,1,1,36.5,488,+6,B
,"2018. 8.25",札幌,2札3,1600万,WASJ第２1600,3,3,レッドジェノヴァ,牝,4,ルメール, 56 ,13,1,１, ,芝2000,稍,,(美),小島茂之,2044,-0.3,5,4,3,35.5,486,-6,
,"2018. 8.25",札幌,2札3,1000万,WASJ第１1000,8,14,アイファープリティ,牝,5,武豊, 56 ,14,6,１, ,芝1200,稍,,(栗),鮫島一歩,1111,-0.1,,5,4,35.8,448,0,
,"2018. 8.25",札幌,2札3,500万,積丹特別500,7,10,バリングラ,牡,4,モレイラ, 57 ,12,1,１, ,芝2600,稍,,(美),堀宣行,2455,-0.5,5,5,2,35.9,536,-6,B
,"2018. 8.25",札幌,2札3,500万,500万下,3,3,タンタラスノオカ,牡,5,岩田康誠, 57 ,12,3,１, ,ダ1000,不,,(美),田中清隆,0579,-0.0,,7,5,33.8,516,+20,
,"2018. 8.25",札幌,2札3,500万,500万下・牝,1,1,パッションチカ,牝,4,国分恭介, 55 ,16,5,１, ,芝1200,稍,,(栗),崎山博樹,1109,-0.0,,4,4,35.7,446,+2,
,"2018. 8.25",札幌,2札3,未勝利,未勝利,4,8,サトノオンリーワン,牡,3,モレイラ, 56 ,16,2,１, ,芝2000,稍,,(美),堀宣行,2042,-0.4,8,6,6,36.4,464,-4,
,"2018. 8.25",札幌,2札3,新馬,新馬,6,9,ロークアルルージュ,牡,2,モレイラ, 54 ,13,4,１, ,ダ1700,不,,(美),手塚貴久,1452,-0.5,3,3,2,37.7,544,,
,"2018. 8.25",札幌,2札3,未勝利,未勝利,1,1,ベラソヴラーノ,牝,3,菊沢一樹,52△,14,2,１, ,芝1500,稍,,(栗),宮徹,1319,-0.0,1,1,1,36.0,460,0,
,"2018. 8.25",札幌,2札3,未勝利,未勝利,3,4,アルマトップエンド,牡,3,モレイラ, 56 ,14,1,１, ,ダ1700,不,,(栗),佐々木晶,1445,-0.4,8,4,1,37.0,486,+6,
,"2018. 8.25",札幌,2札3,未勝利,未勝利・牝*,2,2,セントセシリア,牝,2,川島信二, 54 ,7,2,１, ,芝1500,稍,,(栗),矢作芳人,1337,-0.5,4,6,2,35.8,386,-6,
,"2018. 8.25",札幌,2札3,未勝利,未勝利*,1,1,プロトイチバンボシ,牡,2,内田博幸, 54 ,8,3,１, ,ダ1000,不,,(美),浅野洋一,0593,-0.0,,3,3,35.3,472,+2,
,"2018. 8.19",札幌,2札2,500万,小樽特別500,7,13,シュエットヌーベル,牝,4,藤岡康太, 55 ,16,2,１, ,芝1200,稍,,(栗),羽月友彦,1105,-0.1,,12,11,34.8,452,+2,B
,"2018. 8.19",札幌,2札2,Ｇ２,札幌記念G2,1,2,サングレーザー,牡,4,福永祐一, 57 ,16,2,１, ,芝2000,稍,,(栗),浅見秀一,2011,-0.0,7,7,9,36.8,488,+2,
,"2018. 8.19",札幌,2札2,1000万,おおぞら1000,4,4,コパノキッキング,セ,3,藤岡康太, 54 ,12,1,１, ,ダ1000,稍,,(栗),村山明,0576,-0.8,,1,1,34.3,470,-2,
,"2018. 8.19",札幌,2札2,ｵｰﾌﾟﾝ,クローバ,3,3,ウインゼノビア,牝,2,松岡正海, 54 ,13,2,１, ,芝1500,稍,,(美),青木孝文,1322,-0.5,2,1,1,35.8,464,+4,
,"2018. 8.19",札幌,2札2,500万,500万下・牝,5,6,ルヴォワール,牝,4,モレイラ, 55 ,13,1,１, ,芝2000,稍,,(美),手塚貴久,2023,-0.2,10,6,2,35.5,538,+16,
,"2018. 8.19",札幌,2札2,500万,500万下,2,2,スパイスマジック,牡,3,松岡正海, 54 ,14,3,１, ,ダ1700,稍,,(美),杉浦宏昭,1463,-0.2,8,7,4,37.7,466,-8,
,"2018. 8.19",札幌,2札2,500万,500万下,7,9,コマノレジェンド,牝,4,吉田隼人, 55 ,12,1,１, ,ダ1000,稍,,(美),伊藤圭三,0585,-0.2,,1,1,35.1,468,+6,
,"2018. 8.19",札幌,2札2,新馬,新馬,7,12,カウディーリョ,牡,2,モレイラ, 54 ,14,1,１, ,芝1800,稍,,(美),堀宣行,1520,-0.2,3,3,2,34.6,426,,
,"2018. 8.19",札幌,2札2,未勝利,未勝利,1,1,マサノアッレーグラ,牝,3,モレイラ, 54 ,16,1,１, ,芝1200,稍,,(美),大竹正博,1108,-0.0,,1,1,36.2,488,+2,
,"2018. 8.19",札幌,2札2,未勝利,未勝利,4,6,スズカハイライト,牡,3,川島信二, 56 ,14,2,１, ,ダ1700,稍,,(栗),谷潔,1476,-0.1,12,11,7,37.8,442,+2,
,"2018. 8.19",札幌,2札2,未勝利,未勝利,6,8,ワイズワン,牡,3,藤岡康太, 56 ,12,6,１, ,ダ2400,稍,,(栗),橋口慎介,2368,-0.0,6,2,2,39.7,498,+6,B
,"2018. 8.19",札幌,2札2,未勝利,未勝利*,5,5,ラバストーン,牡,2,加藤祥太,53☆,9,9,１, ,芝1500,良,,(美),大江原哲,1325,-0.1,1,1,1,35.8,458,-2,
,"2018. 8.18",札幌,2札1,500万,石狩特別500,5,7,ウインシャトレーヌ,牝,4,モレイラ, 55 ,13,1,１, ,芝1500,良,,(栗),大久保龍,1301,-0.0,5,7,8,35.5,504,+10,
,"2018. 8.18",札幌,2札1,1000万,札幌日Ｈ1000,6,6,ララエクラテール,牡,6,ルメール, 55 ,11,1,１, ,芝2600,良,,(栗),今野貞一,2421,-0.2,10,11,5,36.3,434,+12,
,"2018. 8.18",札幌,2札1,500万,富良野特500,3,3,トーセンスーリヤ,牡,3,四位洋文, 54 ,11,4,１, ,芝1800,良,,(美),小野次郎,1491,-0.2,2,3,2,35.7,466,+2,
,"2018. 8.18",札幌,2札1,500万,500万下・牝,4,4,クルークハイト,牝,4,モレイラ, 55 ,13,2,１, ,ダ1700,稍,,(栗),藤岡健一,1459,-0.2,3,7,2,37.4,466,+4,
,"2018. 8.18",札幌,2札1,500万,500万下,8,11,サトノヴィクトリー,牡,4,モレイラ, 57 ,12,2,１, ,ダ2400,稍,,(美),堀宣行,2358,-0.2,2,6,3,39.0,458,+10,
,"2018. 8.18",札幌,2札1,未勝利,未勝利,8,16,ティイ,牝,3,モレイラ, 54 ,16,2,１, ,芝2000,良,,(美),大竹正博,2035,-0.2,2,2,2,36.5,432,+4,
,"2018. 8.18",札幌,2札1,未勝利,未勝利,2,2,ディナミーデン,牡,3,横山典弘, 56 ,14,1,１, ,ダ1700,稍,,(美),田島俊明,1477,-0.2,3,4,2,39.5,462,+6,
,"2018. 8.18",札幌,2札1,新馬,新馬,6,6,エレナレジーナ,牝,2,藤岡康太, 54 ,8,4,１, ,芝1500,良,,(美),加藤征弘,1328,-0.1,5,5,4,35.1,408,,
,"2018. 8.18",札幌,2札1,未勝利,未勝利,5,5,ミヤジサクラコ,牝,3,城戸義政, 54 ,12,2,１, ,ダ1000,稍,,(栗),鈴木孝志,0595,-0.2,,2,2,36.2,440,0,
,"2018. 8.18",札幌,2札1,未勝利,未勝利・牝,6,9,シネマソングス,牝,3,藤岡佑介, 54 ,14,3,１, ,ダ1700,稍,,(美),小笠倫弘,1466,-0.5,2,2,2,38.3,430,+8,
,"2018. 8.18",札幌,2札1,未勝利,未勝利*,4,4,シェーングランツ,牝,2,ルメール, 54 ,7,1,１, ,芝1800,良,,(美),藤沢和雄,1511,-0.9,6,7,3,36.4,480,-2,
,"2018. 8.18",札幌,2札1,未勝利,未勝利*,3,3,イッツクール,牡,2,松田大作, 54 ,7,1,１, ,芝1200,良,,(栗),武英智,1100,-0.7,,1,1,34.9,440,-4,
,"2018. 8.12",札幌,1札6,1000万,報知杯Ｈ1000,3,4,ディアコンチェルト,牡,6,勝浦正樹, 55 ,14,6,１, ,ダ1700,重,,(美),高木登,1430,-0.5,8,8,4,36.6,460,0,
,"2018. 8.12",札幌,1札6,Ｇ３,エルムＳG3,5,8,ハイランドピーク,牡,4,横山和生, 56 ,14,2,１, ,ダ1700,重,,(美),土田稔,1420,-0.2,3,2,2,36.7,458,-8,
,"2018. 8.12",札幌,1札6,1000万,ＨＴＢ賞1000,4,4,レッドローゼス,牡,4,蛯名正義, 57 ,8,1,１, ,芝2000,良,,(美),国枝栄,2027,-0.2,4,5,4,34.3,476,-4,
,"2018. 8.12",札幌,1札6,500万,500万下,5,6,シンギュラリティ,牡,4,ルメール, 57 ,13,1,１, ,芝1800,良,,(栗),松田国英,1502,-0.1,9,6,3,34.7,484,0,
,"2018. 8.12",札幌,1札6,500万,500万下・牝,5,8,フライングレディ,牝,5,ルメール, 55 ,14,1,１, ,芝1500,良,,(栗),須貝尚介,1287,-0.6,8,10,8,35.4,434,-2,
,"2018. 8.12",札幌,1札6,500万,500万下,4,5,ホッコーライデン,牡,4,松田大作, 57 ,14,1,１, ,ダ1700,重,,(美),松永康利,1430,-0.3,2,2,2,36.6,510,-8,
,"2018. 8.12",札幌,1札6,500万,500万下,7,9,キセキノムスメ,牝,5,横山和生, 55 ,12,9,１, ,ダ1000,重,,(美),小野次郎,0578,-0.2,,4,3,34.1,462,0,
,"2018. 8.12",札幌,1札6,新馬,新馬,7,7,ミリオンドリームズ,牝,2,ルメール, 54 ,10,1,１, ,芝1800,稍,,(美),藤沢和雄,1512,-0.2,5,5,5,35.0,510,,
,"2018. 8.12",札幌,1札6,未勝利,未勝利,3,3,コスモグラトナス,牡,3,丹内祐次, 56 ,14,6,１, ,芝1500,稍,,(美),高橋祥泰,1306,-0.0,2,3,3,36.2,460,0,
,"2018. 8.12",札幌,1札6,未勝利,未勝利・牝,2,4,ディアボレット,牝,3,松岡正海, 54 ,16,3,１, ,芝1200,稍,,(栗),加用正,1102,-0.0,,8,7,35.2,450,0,
,"2018. 8.12",札幌,1札6,未勝利,未勝利,5,8,サミットプッシュ,牡,3,ルメール, 56 ,14,1,１, ,ダ1700,重,,(美),和田雄二,1454,-0.0,11,11,10,36.8,442,-14,
,"2018. 8.12",札幌,1札6,未勝利,未勝利*,4,4,タイドオブハピネス,牡,2,ルメール, 54 ,9,3,１, ,芝1200,稍,,(美),黒岩陽一,1115,-0.0,,7,6,35.8,442,0,
,"2018. 8.11",札幌,1札5,500万,知床特別500,7,7,バイオレントブロー,牡,3,藤岡佑介, 54 ,9,4,１, ,芝2000,稍,,(栗),佐々木晶,2031,-0.0,1,1,1,37.5,478,0,
,"2018. 8.11",札幌,1札5,1000万,ＳＴＶ賞1000,8,13,ハッピーグリン,牡,3,ルメール, 54 ,13,1,１, ,芝1500,稍,,[地],田中淳司,1293,-0.4,9,7,4,34.6,456,+2,
,"2018. 8.11",札幌,1札5,ｵｰﾌﾟﾝ,コスモス,8,9,ナイママ,牡,2,五十嵐冬, 54 ,10,3,１, ,芝1800,稍,,[地],田部和則,1502,-0.2,5,2,2,37.5,436,-10,
,"2018. 8.11",札幌,1札5,500万,500万下,3,3,シンゼンガンプ,牡,6,池添謙一, 57 ,14,4,１, ,ダ1700,不,,(栗),飯田祐史,1439,-0.0,7,7,5,37.6,460,-12,
,"2018. 8.11",札幌,1札5,500万,500万下,8,15,リノワールド,牝,3,松岡正海, 52 ,16,5,１, ,芝1200,稍,,(美),手塚貴久,1103,-0.0,,2,2,35.4,422,-8,
,"2018. 8.11",札幌,1札5,500万,500万下・牝,4,6,サンローレンス,牝,3,丸山元気, 52 ,14,10,１, ,ダ1700,不,,(美),伊藤伸一,1439,-0.0,2,1,1,37.4,448,+8,
,"2018. 8.11",札幌,1札5,未勝利,未勝利,2,3,スズカノロッソ,牡,3,ルメール, 56 ,16,1,１, ,芝2000,稍,,(美),小島茂之,2033,-0.3,12,12,4,36.5,496,-2,
,"2018. 8.11",札幌,1札5,新馬,新馬・牝,5,6,トスアップ,牝,2,藤岡佑介, 54 ,12,4,１, ,芝1500,稍,,(栗),池江泰寿,1308,-0.9,4,4,2,35.6,428,,
,"2018. 8.11",札幌,1札5,未勝利,未勝利,2,2,マコトキッショウ,牡,3,ルメール, 56 ,14,2,１, ,ダ1700,不,,(栗),松田国英,1436,-0.2,1,1,1,37.0,464,-8,
,"2018. 8.11",札幌,1札5,未勝利,未勝利,6,8,キンゲショウ,牝,3,松岡正海, 54 ,12,3,１, ,ダ1000,不,,(美),田中剛,0584,-0.0,,1,1,35.2,450,+4,
,"2018. 8.11",札幌,1札5,未勝利,未勝利*,1,1,トゥアレグ,牡,2,丸山元気, 54 ,8,2,１, ,芝1800,稍,,(栗),大久保龍,1524,-0.3,4,5,5,37.2,424,-4,
,"2018. 8.11",札幌,1札5,未勝利,未勝利*,3,3,チェルシーライオン,牡,2,ルメール, 54 ,14,3,１, ,ダ1700,不,,(栗),矢作芳人,1467,-0.0,3,4,3,39.0,460,-12,
,"2018. 8. 5",札幌,1札4,1000万,藻岩山Ｈ1000,1,1,ミッキーチャーム,牝,3,横山典弘, 52 ,9,1,１, ,芝1800,良,,(栗),中内田充,1465,-0.6,1,1,1,36.2,450,-4,
,"2018. 8. 5",札幌,1札4,ｵｰﾌﾟﾝ,ＵＨＢ賞Ｈ,1,1,クリーンファンキー,牝,5,横山武史, 50 ,10,4,１, ,芝1200,良,,(美),鈴木伸尋,1083,-0.1,,6,5,34.2,494,-4,
,"2018. 8. 5",札幌,1札4,1000万,大倉山特1000,8,14,セイカエドミザカ,牡,5,柴山雄一, 57 ,14,12,１, ,ダ1700,良,*,(美),相沢郁,1455,-0.0,3,2,1,38.1,484,+6,
,"2018. 8. 5",札幌,1札4,500万,500万下,4,6,ゼーゲン,牡,3,モレイラ, 54 ,14,1,１, ,芝2600,良,,(美),堀宣行,2408,-0.3,12,13,8,34.5,442,+8,
,"2018. 8. 5",札幌,1札4,500万,500万下,4,8,ショウナンアエラ,牡,4,モレイラ, 57 ,16,1,１, ,芝1200,良,,(美),奥村武,1089,-0.2,,1,1,35.0,486,+8,B
,"2018. 8. 5",札幌,1札4,500万,500万下・牝,8,11,コンプリートベスト,牝,4,柴山雄一, 55 ,11,3,１, ,ダ1700,良,,(栗),佐々木晶,1453,-0.1,8,4,3,37.4,472,+6,
,"2018. 8. 5",札幌,1札4,500万,500万下,4,4,イルフォーコン,牡,5,丹内祐次, 57 ,12,7,１, ,ダ2400,良,,(美),武市康男,2342,-0.1,7,8,8,37.7,460,-4,
,"2018. 8. 5",札幌,1札4,新馬,新馬,8,10,モンテアーサー,牡,2,モレイラ, 54 ,11,1,１, ,芝1800,良,,(栗),松田国英,1520,-0.2,8,8,5,34.1,478,,
,"2018. 8. 5",札幌,1札4,未勝利,未勝利・牝,2,3,マイキャラット,牝,3,横山武史,52△,16,9,１, ,芝2000,良,,(美),小島茂之,2017,-0.0,2,3,1,36.8,452,-6,
,"2018. 8. 5",札幌,1札4,未勝利,未勝利,7,12,グラウベン,牡,3,加藤祥太,55☆,14,3,１, ,ダ1700,良,,(栗),安田隆行,1475,-0.1,3,2,1,38.0,448,+6,
,"2018. 8. 5",札幌,1札4,未勝利,未勝利,7,9,スキュータム,牡,3,藤岡康太, 56 ,12,2,１, ,ダ1000,良,,(栗),羽月友彦,0597,-0.2,,2,2,35.6,490,0,
,"2018. 8. 5",札幌,1札4,未勝利,未勝利*,6,6,ハクサンタイヨウ,牡,2,勝浦正樹, 54 ,8,5,１, ,芝1500,良,,(美),浅野洋一,1327,-0.0,3,4,2,34.5,466,0,
,"2018. 8. 4",札幌,1札3,1000万,ＨＢＣ賞1000,4,6,カイザーメランジェ,牡,3,モレイラ, 54 ,14,1,１, ,芝1200,良,,(美),中野栄治,1089,-0.2,,6,3,34.6,446,-4,
,"2018. 8. 4",札幌,1札3,ｵｰﾌﾟﾝ,札幌日経,6,10,ヴォージュ,牡,5,藤岡康太, 56 ,14,5,１, ,芝2600,良,,(栗),西村真幸,2404,-0.6,2,1,1,35.5,512,+2,
,"2018. 8. 4",札幌,1札3,500万,十勝岳特500,2,2,スパイクナード,牝,4,小崎綾也, 55 ,12,4,１, ,芝1800,良,,(栗),佐々木晶,1492,-0.0,8,8,8,34.9,436,-8,
,"2018. 8. 4",札幌,1札3,500万,500万下,4,5,フォーハンドレッド,牡,4,モレイラ, 57 ,14,1,１, ,ダ1700,良,,(美),田中博康,1447,-0.8,2,2,1,36.8,476,-4,
,"2018. 8. 4",札幌,1札3,500万,500万下,5,7,マイネルファンロン,牡,3,モレイラ, 54 ,13,1,１, ,芝2000,良,,(美),手塚貴久,2019,-0.7,7,6,2,35.2,460,0,
,"2018. 8. 4",札幌,1札3,500万,500万下,6,8,コパノキッキング,セ,3,藤岡康太, 54 ,12,1,１, ,ダ1000,良,,(栗),村山明,0577,-0.9,,2,1,35.1,472,+10,
,"2018. 8. 4",札幌,1札3,未勝利,未勝利,6,9,リンディスファーン,牡,3,松田大作, 56 ,14,3,１, ,芝2600,良,*,(栗),高橋康之,2415,-0.5,3,2,1,36.6,490,-6,
,"2018. 8. 4",札幌,1札3,新馬,新馬,7,9,アドレ,牝,2,横山典弘, 54 ,12,2,１, ,芝1200,良,,(栗),昆貢,1103,-0.3,,10,7,34.4,442,,
,"2018. 8. 4",札幌,1札3,未勝利,未勝利,5,7,トーセンアリエス,牡,3,菱田裕二, 56 ,14,3,１, ,ダ1700,良,,(美),本間忍,1463,-0.4,9,7,4,37.5,504,-4,
,"2018. 8. 4",札幌,1札3,未勝利,未勝利,5,9,リーゼントアイリス,牝,3,松岡正海, 54 ,16,11,１, ,芝1200,良,,(栗),矢作芳人,1102,-0.1,,2,1,35.9,416,+12,
,"2018. 8. 4",札幌,1札3,未勝利,未勝利・牝,3,3,イザベルローズ,牝,3,モレイラ, 54 ,14,2,１, ,ダ1700,良,,(美),栗田徹,1470,-0.2,5,3,2,39.0,436,-12,
,"2018. 8. 4",札幌,1札3,未勝利,未勝利*,1,1,スマートスリロス,牝,2,モレイラ, 54 ,12,1,１, ,ダ1000,良,,(栗),安田隆行,1001,-0.8,,1,1,36.6,476,-4,
,"2018. 7.29",札幌,1札2,1000万,道新スポ1000,3,3,テラノヴァ,牝,5,モレイラ, 55 ,10,2,１, ,芝1500,良,,(栗),須貝尚介,1283,-0.2,3,2,1,33.7,490,-2,
,"2018. 7.29",札幌,1札2,Ｇ３,クイーンG3,7,9,ディアドラ,牝,4,ルメール, 55 ,11,1,１, ,芝1800,良,,(栗),橋田満,1462,-0.5,9,10,7,33.7,490,,
,"2018. 7.29",札幌,1札2,1000万,ポプラ特1000,4,4,メイショウタチマチ,牝,5,モレイラ, 55 ,12,2,１, ,ダ1700,良,,(栗),河内洋,1442,-1.0,3,3,1,36.5,488,-16,
,"2018. 7.29",札幌,1札2,500万,北辰特別500,3,3,ローリングタワー,牡,4,松岡正海, 57 ,8,7,１, ,芝1800,良,,(美),伊藤伸一,1477,-0.2,1,1,1,34.7,448,+4,
,"2018. 7.29",札幌,1札2,500万,500万下,8,13,シュンノカミ,牡,4,吉田隼人, 57 ,14,4,１, ,ダ1700,良,,(栗),松元茂樹,1459,-0.1,4,3,2,36.9,504,+4,
,"2018. 7.29",札幌,1札2,500万,500万下,4,4,スマートエレメンツ,牡,4,ルメール, 57 ,9,1,１, ,芝2000,良,,(美),鹿戸雄一,2001,-0.1,3,3,2,34.0,506,-10,
,"2018. 7.29",札幌,1札2,新馬,新馬,2,2,リープリングスター,牡,2,ルメール, 54 ,14,1,１, ,ダ1700,良,,(美),木村哲也,1478,-0.0,1,1,2,37.3,532,,
,"2018. 7.29",札幌,1札2,新馬,新馬,8,10,クラージュゲリエ,牡,2,モレイラ, 54 ,10,2,１, ,芝1800,良,,(栗),池江泰寿,1542,-0.3,6,9,7,34.0,468,,
,"2018. 7.29",札幌,1札2,未勝利,未勝利,8,13,サクラユニヴァース,牝,3,モレイラ, 54 ,14,1,１, ,芝1500,良,,(美),高柳瑞樹,1288,-0.4,10,10,5,34.4,454,-8,
,"2018. 7.29",札幌,1札2,未勝利,未勝利,3,4,ハギノアグレッシブ,牡,3,ルメール, 56 ,14,2,１, ,ダ1700,良,,(栗),松田国英,1485,-0.1,11,9,10,38.8,482,+10,B
,"2018. 7.29",札幌,1札2,未勝利,未勝利,7,9,サトノブレイズ,牡,3,丸山元気, 56 ,12,1,１, ,ダ1000,良,,(美),萩原清,0592,-0.4,,2,2,35.2,496,-8,
,"2018. 7.29",札幌,1札2,未勝利,未勝利・牝*,2,2,キタイ,牝,2,岩田康誠, 54 ,8,1,１, ,芝1200,良,,(美),杉浦宏昭,1098,-0.1,,2,2,34.4,500,-2,
,"2018. 7.28",札幌,1札1,1000万,北海道１1000,7,7,レッドジェノヴァ,牝,4,モレイラ, 55 ,10,1,１, ,芝2600,良,,(美),小島茂之,2410,-0.4,3,3,1,34.5,492,0,
,"2018. 7.28",札幌,1札1,1600万,ＴＶｈＨ1600,8,13,スティッフェリオ,牡,4,丸山元気, 56 ,14,2,１, ,芝1800,良,,(栗),音無秀孝,1472,-0.3,2,2,2,34.8,442,-8,
,"2018. 7.28",札幌,1札1,500万,羊ヶ丘特500,2,2,スカルバン,牡,4,吉田隼人, 57 ,14,3,１, ,芝1500,良,,(美),武井亮,1288,-0.0,4,4,2,35.1,508,+4,
,"2018. 7.28",札幌,1札1,500万,500万下,3,3,ティーコア,牡,4,ルメール, 57 ,13,2,１, ,ダ1700,良,,(栗),牧田和弥,1462,-0.0,6,6,3,37.0,504,+2,B
,"2018. 7.28",札幌,1札1,500万,500万下・牝,6,6,トロワゼトワル,牝,3,池添謙一, 52 ,10,1,１, ,芝1200,良,,(栗),安田隆行,1087,-0.2,,3,3,34.5,458,0,
,"2018. 7.28",札幌,1札1,500万,500万下,5,6,フェリシアルチア,牝,4,松岡正海, 55 ,12,8,１, ,ダ1000,良,,(栗),牧田和弥,0592,-0.0,,1,1,35.7,506,+14,
,"2018. 7.28",札幌,1札1,未勝利,未勝利,7,9,フラッシュスタイル,牡,3,蛯名正義, 56 ,12,7,１, ,芝2000,良,,(美),田中清隆,2020,-0.2,9,11,5,35.1,492,-2,
,"2018. 7.28",札幌,1札1,新馬,新馬,8,13,レーヴドカナロア,牝,2,ルメール, 54 ,13,2,１, ,芝1500,良,,(栗),斉藤崇史,1318,-0.1,10,10,5,34.8,434,,
,"2018. 7.28",札幌,1札1,未勝利,未勝利,8,14,ブルレジーナ,牝,3,モレイラ, 54 ,14,2,１, ,ダ1700,良,,(栗),小崎憲,1473,-0.0,4,5,5,38.5,438,-20,
,"2018. 7.28",札幌,1札1,未勝利,未勝利,3,3,イグレット,牝,3,横山武史,52△,10,1,１, ,ダ2400,良,,(栗),松永幹夫,2365,-0.0,3,4,3,38.5,454,+4,B
,"2018. 7.28",札幌,1札1,未勝利,未勝利・牝,3,3,タイセイパルフェ,牝,3,モレイラ, 54 ,12,1,１, ,ダ1000,良,,(美),池上昌和,0599,-0.0,,7,7,35.6,456,-6,
,"2018. 7.28",札幌,1札1,未勝利,未勝利*,1,1,コントラチェック,牝,2,ルメール, 54 ,6,1,１, ,芝1800,良,,(美),藤沢和雄,1501,-1.2,1,1,1,35.2,458,+4,
,"2017. 9. 3",札幌,2札6,1000万,釧路湿原1000,7,12,ヴォカツィオーネ,牝,3,丹内祐次, 52 ,14,11,１, ,ダ1700,良,,(栗),田所秀孝,1458,-0.1,4,4,2,36.9,434,+2,
,"2017. 9. 3",札幌,2札6,ｵｰﾌﾟﾝ,丹頂ＳＨ,7,11,プレストウィック,牡,6,ルメール, 54 ,14,2,１, ,芝2600,良,,(美),武藤善則,2442,-0.0,6,7,4,37.3,526,-2,
,"2017. 9. 3",札幌,2札6,ｵｰﾌﾟﾝ,すずらん,6,10,リュウノユキナ,牡,2,五十嵐冬, 54 ,15,9,１, ,芝1200,良,,[地],桑原義光,1108,-0.3,,7,5,35.9,468,-8,
,"2017. 9. 3",札幌,2札6,500万,500万下,2,2,コーカス,牡,3,吉田隼人, 54 ,14,2,１, ,芝1800,良,,(栗),藤原英昭,1506,-0.0,12,12,11,36.3,504,+4,
,"2017. 9. 3",札幌,2札6,500万,500万下,2,2,キングラディウス,牡,4,丸山元気, 57 ,14,1,１, ,ダ1700,良,,(栗),羽月友彦,1456,-0.4,6,5,4,38.0,466,-6,B
,"2017. 9. 3",札幌,2札6,500万,500万下,2,4,コロラトゥーレ,牝,3,福永祐一, 53 ,16,1,１, ,芝1200,良,,(栗),梅田智之,1106,-0.2,,6,6,35.3,440,+2,
,"2017. 9. 3",札幌,2札6,500万,500万下,8,11,ユキノカトレア,牝,5,古川吉洋, 55 ,12,2,１, ,ダ1000,良,,(栗),坂口正則,0595,-0.2,,2,2,36.1,486,+2,
,"2017. 9. 3",札幌,2札6,未勝利,未勝利,3,6,ブリシンガメン,牝,3,ルメール, 54 ,16,1,１, ,芝2000,良,,(栗),奥村豊,2057,-0.0,4,4,2,36.7,446,0,
,"2017. 9. 3",札幌,2札6,未勝利,未勝利,6,10,ヒミノブリランテ,牡,3,坂井瑠星,55☆,14,7,１, ,ダ1700,良,,(栗),矢作芳人,1479,-0.0,9,6,4,40.0,478,+2,
,"2017. 9. 3",札幌,2札6,未勝利,未勝利,6,8,アイアムエメラルド,牝,3,菱田裕二, 54 ,12,4,１, ,ダ1000,良,*,(美),奥平雅士,0599,-0.0,,2,2,35.7,456,-6,B
,"2017. 9. 3",札幌,2札6,未勝利,未勝利*,5,10,タイセイアベニール,牡,2,ルメール, 54 ,16,1,１, ,芝1200,良,*,(栗),西村真幸,1120,-0.3,,5,4,36.8,458,+4,
,"2017. 9. 3",札幌,2札6,未勝利,未勝利*,8,13,ドラゴンハート,牡,2,木幡初也,53☆,14,1,１, ,芝1500,良,,(美),小西一男,1318,-0.0,9,8,6,37.3,438,-6,
,"2017. 9. 2",札幌,2札5,1000万,日高特別1000,2,3,トリコロールブルー,牡,3,ルメール, 54 ,16,1,１, ,芝2000,良,,(栗),友道康夫,2033,-0.0,7,8,4,36.1,506,+32,
,"2017. 9. 2",札幌,2札5,Ｇ３,札幌２歳G3,7,11,ロックディスタウン,牝,2,ルメール, 54 ,14,1,１, ,芝1800,良,,(美),二ノ宮敬,1514,-0.0,6,6,4,36.1,490,0,
,"2017. 9. 2",札幌,2札5,1000万,札幌スポ1000,7,14,アットザシーサイド,牝,4,四位洋文, 55 ,16,2,１, ,芝1200,良,,(栗),浅見秀一,1091,-0.6,,5,5,34.3,440,-4,
,"2017. 9. 2",札幌,2札5,500万,500万下,3,3,ストロボスコープ,牡,3,ルメール, 54 ,14,1,１, ,ダ1700,良,,(美),藤沢和雄,1457,-0.3,3,3,2,38.7,470,-6,
,"2017. 9. 2",札幌,2札5,500万,500万下,4,7,エルリストン,セ,4,福永祐一, 57 ,16,7,１, ,芝2000,良,,(栗),橋口慎介,2025,-0.3,10,10,2,36.0,474,+6,
,"2017. 9. 2",札幌,2札5,500万,500万下,3,3,セイカエドミザカ,牡,4,ルメール, 57 ,14,3,１, ,ダ1700,良,,(美),相沢郁,1457,-0.2,5,5,2,37.3,488,+6,
,"2017. 9. 2",札幌,2札5,500万,500万下・牝,6,7,ヤマニンアンプリメ,牝,3,国分恭介, 53 ,12,7,１, ,ダ1000,良,,(栗),中村均,0587,-0.1,,3,3,35.2,466,+14,
,"2017. 9. 2",札幌,2札5,新馬,新馬,6,6,スズカフェラリー,牝,2,福永祐一, 54 ,10,2,１, ,芝1500,良,,(栗),橋田満,1329,-0.6,8,8,4,35.1,430,,
,"2017. 9. 2",札幌,2札5,未勝利,未勝利,1,2,パールズベスト,牝,3,福永祐一, 54 ,16,2,１, ,芝1200,良,,(栗),高橋亮,1107,-0.1,,4,4,35.5,450,-4,
,"2017. 9. 2",札幌,2札5,未勝利,未勝利,3,3,メモリーフェイス,牝,3,池添謙一, 54 ,14,1,１, ,ダ1700,良,,(栗),池添兼雄,1465,-0.0,1,1,1,38.0,526,+4,
,"2017. 9. 2",札幌,2札5,未勝利,未勝利*,2,2,マイハートビート,牡,2,ルメール, 54 ,10,3,１, ,芝2000,良,,(栗),高橋義忠,2052,-0.4,7,7,4,36.3,444,-6,
,"2017. 9. 2",札幌,2札5,未勝利,未勝利*,1,1,ハヤブサレジェンド,牡,2,ルメール, 54 ,14,1,１, ,ダ1700,良,,(美),伊藤圭三,1457,-1.3,1,1,1,38.5,494,+2,
,"2017. 8.27",札幌,2札4,1000万,WASJ第４1000,8,13,ルグランフリソン,牡,4,ダシルヴ, 58 ,14,4,１, ,芝1800,良,,(栗),中竹和也,1488,-0.0,5,5,1,36.2,462,-18,
,"2017. 8.27",札幌,2札4,Ｇ３,キーンラG3,6,8,エポワス,セ,9,ルメール, 56 ,13,12,１, ,芝1200,良,,(美),藤沢和雄,1090,-0.0,,12,8,34.4,496,+20,
,"2017. 8.27",札幌,2札4,1000万,WASJ第３1000,7,11,メイショウバッハ,牡,4,モレイラ, 58 ,14,3,１, ,ダ1700,良,,(栗),南井克巳,1459,-0.4,1,1,1,36.5,496,+2,
,"2017. 8.27",札幌,2札4,500万,千歳特別500,8,14,クィーンズベスト,牝,4,武豊, 55 ,14,1,１, ,芝1500,良,,(栗),大久保龍,1290,-0.1,5,8,5,35.8,506,-2,
,"2017. 8.27",札幌,2札4,500万,500万下,4,7,グローブシアター,牡,3,モレイラ, 54 ,16,1,１, ,芝2000,良,,(栗),角居勝彦,2025,-0.4,9,7,5,36.3,442,+16,
,"2017. 8.27",札幌,2札4,500万,500万下,6,8,ユラノト,牡,3,ルメール, 54 ,12,2,１, ,ダ1700,良,,(栗),松田国英,1463,-0.2,6,5,3,37.9,480,-2,
,"2017. 8.27",札幌,2札4,未勝利,未勝利,7,12,ローズシュクレ,牝,3,福永祐一, 54 ,14,10,１, ,芝2600,良,,(栗),小崎憲,2447,-0.4,5,2,1,38.1,438,-8,
,"2017. 8.27",札幌,2札4,新馬,新馬,4,4,ベルーガ,牝,2,モレイラ, 54 ,12,1,１, ,芝1200,良,,(栗),中内田充,1116,-0.7,,7,5,35.4,482,,
,"2017. 8.27",札幌,2札4,未勝利,未勝利,8,14,イーグルバローズ,牡,3,モレイラ, 56 ,14,1,１, ,ダ1700,良,,(美),堀宣行,1447,-2.5,1,1,1,36.8,528,-18,
,"2017. 8.27",札幌,2札4,未勝利,未勝利,1,1,デルマオフクロサン,牝,3,木幡初也,53☆,12,5,１, ,ダ1000,良,,(美),蛯名利弘,0590,-1.2,,1,1,36.1,442,+2,
,"2017. 8.27",札幌,2札4,未勝利,未勝利・牝,4,5,レッドラトナ,牝,3,マカヴォ, 54 ,14,7,１, ,ダ1700,良,,(栗),西園正都,1473,-0.0,3,5,3,38.6,444,+4,
,"2017. 8.27",札幌,2札4,未勝利,未勝利*,5,5,トーセンアンバー,牝,2,横山和生, 54 ,12,2,１, ,芝1800,良,,(美),菊沢隆徳,1515,-0.2,4,3,4,37.1,470,-2,
,"2017. 8.26",札幌,2札3,500万,ニセコ特500,3,3,リヴァイアサン,牡,3,ルメール, 54 ,12,1,１, ,ダ1700,稍,,(美),相沢郁,1449,-0.1,5,5,2,37.8,508,+6,B
,"2017. 8.26",札幌,2札3,1600万,WASJ第２1600,7,12,クロコスミア,牝,4,戸崎圭太, 56 ,14,1,１, ,芝2000,良,,(栗),西浦勝一,2010,-0.5,1,1,1,36.2,416,-2,
,"2017. 8.26",札幌,2札3,1000万,WASJ第１1000,3,4,パラダイスガーデン,牝,5,福永祐一, 56 ,14,4,１, ,芝1200,良,*,(美),粕谷昌央,1104,-0.0,,10,12,34.4,480,-2,
,"2017. 8.26",札幌,2札3,500万,積丹特別500,7,8,エクセレントミスズ,牡,4,国分恭介, 57 ,11,9,１, ,芝2600,良,,(栗),加藤敬二,2448,-0.1,3,2,2,35.8,464,0,
,"2017. 8.26",札幌,2札3,500万,500万下,6,8,キセキノケイフ,牡,4,古川吉洋, 57 ,12,3,１, ,ダ1000,稍,,(栗),杉山晴紀,0590,-0.1,,2,2,35.4,474,+2,
,"2017. 8.26",札幌,2札3,500万,500万下・牝,6,12,クローソー,牝,5,池添謙一, 55 ,16,4,１, ,芝1200,良,,(栗),平田修,1102,-0.3,,8,6,35.1,424,+12,
,"2017. 8.26",札幌,2札3,未勝利,未勝利,3,6,ミナミ,牝,3,戸崎圭太, 54 ,16,6,１, ,芝2000,良,,(美),矢野英一,2027,-0.1,13,12,11,35.6,470,0,
,"2017. 8.26",札幌,2札3,新馬,新馬,1,1,コンダクトレス,牝,2,Ｍ．デム, 54 ,9,3,１, ,ダ1700,稍,,(美),小島茂之,1497,-0.0,4,3,2,39.5,452,,
,"2017. 8.26",札幌,2札3,未勝利,未勝利,8,13,アイアムビューティ,牝,3,四位洋文, 54 ,13,3,１, ,芝1500,良,,(美),奥平雅士,1298,-0.0,7,7,4,35.9,442,+6,
,"2017. 8.26",札幌,2札3,未勝利,未勝利,5,8,メイショウラクエン,牡,3,城戸義政,55☆,14,10,１, ,ダ1700,稍,,(栗),池添兼雄,1464,-0.2,2,2,1,39.4,446,-2,
,"2017. 8.26",札幌,2札3,未勝利,未勝利・牝*,5,8,レッドレグナント,牝,2,モレイラ, 54 ,14,1,１, ,芝1500,良,,(美),大竹正博,1303,-0.7,2,2,1,35.9,464,+2,
,"2017. 8.26",札幌,2札3,未勝利,未勝利*,8,10,ラヴバインド,牝,2,丹内祐次, 54 ,10,5,１, ,ダ1000,稍,,(栗),飯田雄三,1010,-0.0,,2,2,37.2,468,-8,
,"2017. 8.20",札幌,2札2,500万,小樽特別500,3,6,ココファンタジア,牝,4,藤岡康太, 55 ,16,5,１, ,芝1200,良,,(栗),友道康夫,1099,-0.2,,15,13,34.1,474,+6,
,"2017. 8.20",札幌,2札2,Ｇ２,札幌記念G2,1,1,サクラアンプルール,牡,6,蛯名正義, 57 ,13,6,１, ,芝2000,良,,(美),金成貴史,2004,-0.0,7,6,6,35.0,476,+2,
,"2017. 8.20",札幌,2札2,1000万,おおぞら1000,5,5,テイエムチェロキー,牡,3,古川吉洋, 54 ,8,1,１, ,ダ1000,良,,(栗),杉山晴紀,0582,-0.0,,4,4,35.0,470,+2,
,"2017. 8.20",札幌,2札2,ｵｰﾌﾟﾝ,クローバ,4,4,ダブルシャープ,牡,2,石川倭, 54 ,11,6,１, ,芝1500,良,,[地],米川昇,1308,-0.1,7,4,3,35.8,470,-6,
,"2017. 8.20",札幌,2札2,500万,500万下・牝,4,5,メイズオブオナー,牝,3,吉田隼人, 52 ,14,9,１, ,芝2000,良,,(栗),藤原英昭,2021,-0.0,9,11,11,34.9,462,+14,
,"2017. 8.20",札幌,2札2,500万,500万下,6,10,フォギーナイト,牡,3,モレイラ, 54 ,14,1,１, ,ダ1700,良,,(美),堀宣行,1445,-0.7,5,5,3,36.6,484,+2,
,"2017. 8.20",札幌,2札2,500万,500万下,5,6,サルタート,牝,3,菱田裕二, 52 ,12,5,１, ,ダ1000,良,,(美),加藤征弘,0591,-0.0,,3,3,35.4,448,-2,
,"2017. 8.20",札幌,2札2,新馬,新馬,8,9,ルーカス,牡,2,モレイラ, 54 ,9,2,１, ,芝1800,良,,(美),堀宣行,1506,-0.2,7,5,3,34.4,488,,
,"2017. 8.20",札幌,2札2,未勝利,未勝利,1,2,パッションチカ,牝,3,国分恭介, 54 ,16,12,１, ,芝1200,良,,(栗),崎山博樹,1100,-0.0,,5,4,35.0,434,+6,
,"2017. 8.20",札幌,2札2,未勝利,未勝利,8,13,メイショウソリッド,牡,3,モレイラ, 56 ,14,1,１, ,ダ1700,良,,(栗),牧浦充徳,1453,-1.2,1,1,1,38.0,506,+4,
,"2017. 8.20",札幌,2札2,未勝利,未勝利,6,7,サトノヴィクトリー,牡,3,モレイラ, 56 ,12,2,１, ,ダ2400,良,,(美),堀宣行,2365,-0.0,4,3,3,37.2,454,+4,B
,"2017. 8.20",札幌,2札2,未勝利,未勝利*,2,2,ラスエモーショネス,牝,2,ルメール, 54 ,9,2,１, ,芝1500,良,,(栗),高橋義忠,1313,-0.1,1,1,1,35.9,472,+4,
,"2017. 8.19",札幌,2札1,500万,石狩特別500,4,6,スターオブペルシャ,セ,4,ルメール, 57 ,14,2,１, ,芝1500,良,,(美),藤沢和雄,1292,-0.4,4,3,2,35.2,502,-2,
,"2017. 8.19",札幌,2札1,1000万,札幌日Ｈ1000,5,7,リッジマン,牡,4,蛯名正義, 55 ,14,5,１, ,芝2600,良,,(栗),庄野靖志,2409,-0.3,11,7,2,36.2,448,+6,
,"2017. 8.19",札幌,2札1,500万,富良野特500,3,4,ミスズダンディー,牡,5,国分恭介, 57 ,14,9,１, ,芝1800,良,,(栗),加藤敬二,1489,-0.0,8,8,6,37.0,472,-2,
,"2017. 8.19",札幌,2札1,500万,500万下・牝,6,10,タガノアニード,牝,3,横山武史,49▲,14,3,１, ,ダ1700,良,,(栗),角田晃一,1462,-0.3,3,3,1,38.8,472,+2,B
,"2017. 8.19",札幌,2札1,500万,500万下,8,11,スズカロング,牡,3,モレイラ, 54 ,12,1,１, ,ダ2400,良,,(栗),橋田満,2338,-0.9,3,3,3,38.9,474,+2,
,"2017. 8.19",札幌,2札1,未勝利,未勝利,6,11,リリックドラマ,牝,3,国分恭介, 54 ,16,3,１, ,芝2000,良,,(栗),岡田稲男,2034,-0.4,1,1,1,36.6,444,-8,
,"2017. 8.19",札幌,2札1,未勝利,未勝利,4,6,フュージョンロック,牡,3,藤岡康太, 56 ,14,3,１, ,ダ1700,良,,(栗),須貝尚介,1459,-0.8,1,1,1,39.2,474,-6,B
,"2017. 8.19",札幌,2札1,新馬,新馬,4,5,ダノングレース,牝,2,蛯名正義, 54 ,14,2,１, ,芝1500,良,,(美),国枝栄,1305,-0.0,9,9,7,34.8,422,,
,"2017. 8.19",札幌,2札1,未勝利,未勝利,6,7,ノボミリオンヌ,牝,3,内田博幸, 54 ,12,6,１, ,ダ1000,良,,(美),小野次郎,0599,-0.0,,5,5,36.1,442,-2,
,"2017. 8.19",札幌,2札1,未勝利,未勝利・牝,5,7,ペイシャオブワキア,牝,3,モレイラ, 54 ,14,2,１, ,ダ1700,良,,(美),蛯名利弘,1454,-0.0,4,2,2,37.2,456,+2,
,"2017. 8.19",札幌,2札1,未勝利,未勝利*,1,1,リンシャンカイホウ,牡,2,松田大作, 54 ,9,2,１, ,芝1200,良,,(美),田中剛,1101,-0.5,,1,1,35.4,436,-4,
,"2017. 8.19",札幌,2札1,未勝利,未勝利*,2,2,ディバインブリーズ,牡,2,モレイラ, 54 ,8,1,１, ,芝1800,良,,(栗),須貝尚介,1517,-0.2,2,4,4,36.9,486,-2,B
,"2017. 8.13",札幌,1札6,1000万,報知杯Ｈ1000,5,7,ドラゴンシュバリエ,牡,4,岩田康誠, 55 ,14,1,１, ,ダ1700,重,,(栗),角田晃一,1426,-0.1,2,2,2,35.8,502,-6,
,"2017. 8.13",札幌,1札6,Ｇ３,エルムＳG3,2,2,ロンドンタウン,牡,4,岩田康誠, 57 ,14,4,１, ,ダ1700,重,,(栗),牧田和弥,1409,-0.1,4,3,3,35.6,510,-14,
,"2017. 8.13",札幌,1札6,1000万,ＨＴＢ賞1000,7,7,ディアドラ,牝,3,岩田康誠, 52 ,10,2,１, ,芝2000,稍,,(栗),橋田満,2021,-0.0,5,4,4,35.0,466,-12,
,"2017. 8.13",札幌,1札6,500万,500万下,7,11,テリトーリアル,牡,3,岩田康誠, 54 ,14,3,１, ,芝1800,稍,,(栗),西浦勝一,1502,-0.5,2,2,2,35.0,468,-10,
,"2017. 8.13",札幌,1札6,500万,500万下・牝,2,2,デリスモア,牝,3,四位洋文, 52 ,14,2,１, ,芝1500,稍,,(栗),大久保龍,1299,-0.5,9,7,9,35.3,474,+10,
,"2017. 8.13",札幌,1札6,500万,500万下,2,2,ランドハイパワー,牡,4,国分恭介, 57 ,14,9,１, ,ダ1700,重,,(栗),安達昭夫,1427,-0.2,2,1,1,36.7,494,-6,
,"2017. 8.13",札幌,1札6,500万,500万下,7,10,トルシュローズ,牝,4,古川吉洋, 55 ,12,1,１, ,ダ1000,重,,(栗),高橋亮,0578,-0.2,,1,1,34.2,456,-6,
,"2017. 8.13",札幌,1札6,新馬,新馬,7,9,フラットレー,牡,2,ルメール, 54 ,11,1,１, ,芝1800,稍,,(美),藤沢和雄,1523,-0.4,8,8,9,35.9,478,,
,"2017. 8.13",札幌,1札6,未勝利,未勝利,7,11,ソニックアロー,牡,3,岩田康誠, 56 ,14,5,１, ,芝1500,稍,,(栗),浜田多実,1311,-0.2,1,1,1,35.7,524,-6,
,"2017. 8.13",札幌,1札6,未勝利,未勝利・牝,6,11,ユトリチャン,牝,3,横山武史,51▲,16,2,１, ,芝1200,稍,,(美),的場均,1102,-0.2,,1,1,35.7,416,+8,
,"2017. 8.13",札幌,1札6,未勝利,未勝利,5,7,ステイオンザトップ,牡,3,ルメール, 56 ,14,1,１, ,ダ1700,重,,(栗),須貝尚介,1439,-0.2,4,2,2,36.7,460,0,
,"2017. 8.13",札幌,1札6,未勝利,未勝利*,3,3,トランプ,牡,2,三浦皇成, 54 ,9,5,１, ,芝1200,稍,,(美),高橋裕,1111,-0.1,,1,1,36.1,432,-2,
,"2017. 8.12",札幌,1札5,500万,知床特別500,3,3,ローリングタワー,牡,3,三浦皇成, 54 ,12,6,１, ,芝2000,重,,(美),伊藤伸一,2034,-0.2,8,10,1,36.7,438,+2,
,"2017. 8.12",札幌,1札5,1000万,ＳＴＶ賞1000,2,2,ツーエムマイスター,牡,5,池添謙一, 57 ,14,2,１, ,芝1500,重,,(栗),本田優,1302,-0.0,1,1,1,36.3,452,-6,
,"2017. 8.12",札幌,1札5,ｵｰﾌﾟﾝ,コスモス,6,6,ステルヴィオ,牡,2,ルメール, 54 ,11,1,１, ,芝1800,重,,(美),木村哲也,1513,-0.0,8,7,3,35.8,458,-4,
,"2017. 8.12",札幌,1札5,500万,500万下,1,1,ケルティックソード,牡,4,ルメール, 57 ,14,1,１, ,ダ1700,不,,(栗),須貝尚介,1426,-1.5,1,1,1,36.1,484,-6,B
,"2017. 8.12",札幌,1札5,500万,500万下,3,5,ベリースコール,セ,4,菱田裕二, 57 ,16,3,１, ,芝1200,重,,(栗),岩元市三,1109,-0.1,,12,7,35.3,480,-6,
,"2017. 8.12",札幌,1札5,500万,500万下・牝,6,10,アグネッタ,牝,4,三浦皇成, 55 ,14,2,１, ,ダ1700,不,,(栗),羽月友彦,1441,-0.5,2,2,2,37.5,458,-6,B
,"2017. 8.12",札幌,1札5,未勝利,未勝利,4,8,シンデン,牡,3,勝浦正樹, 56 ,16,3,１, ,芝2000,重,,(美),牧光二,2047,-0.0,8,7,5,37.4,480,-6,
,"2017. 8.12",札幌,1札5,新馬,新馬・牝,7,11,ハイヒール,牝,2,藤岡康太, 54 ,14,1,１, ,芝1500,重,,(栗),清水久詞,1325,-0.2,4,3,3,36.8,440,,
,"2017. 8.12",札幌,1札5,未勝利,未勝利,7,12,リンガスネオ,牡,3,四位洋文, 56 ,14,3,１, ,ダ1700,不,,(美),中舘英二,1457,-0.3,1,1,1,38.0,480,-6,B
,"2017. 8.12",札幌,1札5,未勝利,未勝利,6,7,プリモガナドール,牝,3,池添謙一, 54 ,11,1,１, ,ダ1000,重,,(栗),本田優,0580,-0.2,,2,2,34.6,452,-4,
,"2017. 8.12",札幌,1札5,未勝利,未勝利*,5,5,サダムラピュタ,牡,2,池添謙一, 54 ,9,3,１, ,芝1800,稍,,(栗),平田修,1528,-0.2,4,5,3,36.7,464,-8,
,"2017. 8.12",札幌,1札5,未勝利,未勝利*,2,2,サージュミノル,牡,2,坂井瑠星,53☆,14,4,１, ,ダ1700,稍,,(栗),本田優,1449,-0.0,1,1,1,37.9,458,+4,
,"2017. 8. 6",札幌,1札4,1000万,藻岩山Ｈ1000,3,3,ナイトオブナイツ,牡,4,池添謙一, 56 ,12,1,１, ,芝1800,良,,(栗),池添兼雄,1472,-0.4,6,5,3,34.0,452,+6,
,"2017. 8. 6",札幌,1札4,ｵｰﾌﾟﾝ,ＵＨＢ賞Ｈ,2,2,イッテツ,牡,5,藤岡佑介, 54 ,11,3,１, ,芝1200,良,,(美),斎藤誠,1077,-0.0,,2,1,34.0,484,-6,
,"2017. 8. 6",札幌,1札4,1000万,大倉山特1000,7,12,スウィフトレイド,牡,4,ティータ, 57 ,14,2,１, ,ダ1700,良,,(美),堀宣行,1445,-0.0,5,3,2,37.5,516,+12,
,"2017. 8. 6",札幌,1札4,500万,500万下,8,12,コスモピクシス,牝,4,黛弘人, 55 ,13,9,１, ,芝2600,良,,(美),中野栄治,2408,-0.0,10,9,9,34.7,420,-4,
,"2017. 8. 6",札幌,1札4,500万,500万下,8,16,イリスファルコン,牝,3,蛯名正義, 52 ,16,11,１, ,芝1200,良,,(栗),安田隆行,1086,-0.3,,7,6,34.3,416,+10,
,"2017. 8. 6",札幌,1札4,500万,500万下・牝,6,9,ヴォカツィオーネ,牝,3,丹内祐次, 52 ,14,10,１, ,ダ1700,良,,(栗),田所秀孝,1456,-0.2,9,11,7,37.2,432,-1,
,"2017. 8. 6",札幌,1札4,500万,500万下,3,3,ティーラウレア,牡,3,蛯名正義, 54 ,11,3,１, ,ダ2400,良,,(美),伊藤伸一,2357,-0.0,8,3,3,37.3,544,+16,
,"2017. 8. 6",札幌,1札4,新馬,新馬,8,12,ペプチドオーキッド,牡,2,四位洋文, 54 ,13,1,１, ,芝1800,良,,(栗),木原一良,1511,-0.2,2,2,2,35.1,466,,
,"2017. 8. 6",札幌,1札4,未勝利,未勝利・牝,6,11,エレクトロニカ,牝,3,ティータ, 54 ,16,1,１, ,芝2000,良,,(栗),須貝尚介,2010,-0.2,14,12,3,35.1,406,0,
,"2017. 8. 6",札幌,1札4,未勝利,未勝利,5,7,トップゴーイング,牡,3,四位洋文, 56 ,14,1,１, ,ダ1700,良,,(栗),昆貢,1469,-0.2,11,6,3,37.9,502,0,
,"2017. 8. 6",札幌,1札4,未勝利,未勝利,4,4,サンデュランゴ,牝,3,城戸義政,53☆,12,1,１, ,ダ1000,良,,(美),蛯名利弘,0590,-0.5,,1,1,35.6,472,0,
,"2017. 8. 6",札幌,1札4,未勝利,未勝利*,8,10,ファストアプローチ,牡,2,ティータ, 54 ,11,2,１, ,芝1500,良,,(美),藤沢和雄,1293,-0.8,7,5,1,35.6,532,-4,
,"2017. 8. 5",札幌,1札3,1000万,ＨＢＣ賞1000,8,15,ライトフェアリー,牝,5,柴山雄一, 55 ,15,3,１, ,芝1200,良,,(美),石毛善彦,1083,-0.4,,2,2,34.1,484,-8,B
,"2017. 8. 5",札幌,1札3,ｵｰﾌﾟﾝ,札幌日経,7,8,モンドインテロ,牡,5,ルメール, 57 ,10,1,１, ,芝2600,良,,(美),手塚貴久,2406,-0.1,9,8,9,34.9,492,+18,
,"2017. 8. 5",札幌,1札3,500万,十勝岳特500,4,5,タガノアスワド,牝,3,国分恭介, 52 ,14,1,１, ,芝1800,良,,(栗),五十嵐忠,1475,-0.0,5,3,1,35.9,506,+4,
,"2017. 8. 5",札幌,1札3,500万,500万下,4,6,キチロクステージ,牡,4,二本柳壮, 57 ,14,10,１, ,ダ1700,良,,(美),二本柳俊,1446,-0.5,11,8,8,37.2,476,+8,
,"2017. 8. 5",札幌,1札3,500万,500万下,4,7,ロードアルバータ,牡,3,ルメール, 54 ,15,1,１, ,芝2000,良,,(栗),角居勝彦,2003,-0.3,11,12,9,35.3,456,+8,
,"2017. 8. 5",札幌,1札3,500万,500万下,3,3,エムオービーナス,牝,3,木幡初也,51☆,12,10,１, ,ダ1000,良,,(美),鹿戸雄一,0590,-0.1,,2,2,35.4,458,-2,
,"2017. 8. 5",札幌,1札3,未勝利,未勝利,7,12,エール,セ,3,坂井瑠星,55☆,14,2,１, ,芝2600,良,,(栗),矢作芳人,2413,-0.2,2,1,1,36.4,436,+4,B
,"2017. 8. 5",札幌,1札3,新馬,新馬,7,7,サフランブーケ,牝,2,古川吉洋, 54 ,9,2,１, ,芝1200,良,,(栗),北出成人,1099,-0.2,,1,1,35.0,430,,
,"2017. 8. 5",札幌,1札3,未勝利,未勝利,3,4,ユラノト,牡,3,ルメール, 56 ,14,1,１, ,ダ1700,良,,(栗),松田国英,1457,-0.8,3,3,3,38.2,482,-8,
,"2017. 8. 5",札幌,1札3,未勝利,未勝利,7,13,デザートストーム,牡,3,藤岡康太, 56 ,16,5,１, ,芝1200,良,,(栗),西浦勝一,1088,-0.1,,6,5,34.2,444,0,
,"2017. 8. 5",札幌,1札3,未勝利,未勝利・牝,3,3,タガノアニード,牝,3,横山武史,51▲,14,2,１, ,ダ1700,良,,(栗),角田晃一,1463,-0.2,4,4,4,37.9,470,+10,B
,"2017. 8. 5",札幌,1札3,未勝利,未勝利*,6,6,サニーダンサー,牡,2,ルメール, 54 ,8,2,１, ,ダ1000,良,,(美),加藤征弘,0599,-0.2,,2,2,35.7,468,+2,
,"2017. 7.30",札幌,1札2,1000万,道新スポ1000,2,2,サングレーザー,牡,3,福永祐一, 54 ,11,2,１, ,芝1500,良,,(栗),浅見秀一,1297,-0.2,6,7,7,34.1,482,+16,
,"2017. 7.30",札幌,1札2,Ｇ３,クイーンG3,2,2,アエロリット,牝,3,横山典弘, 52 ,13,2,１, ,芝1800,良,,(美),菊沢隆徳,1457,-0.4,1,1,1,35.5,496,+18,
,"2017. 7.30",札幌,1札2,1000万,ポプラ特1000,5,7,レインボーソング,牝,5,川田将雅, 55 ,13,5,１, ,ダ1700,良,,(栗),中内田充,1454,-0.0,3,3,3,36.0,492,+10,
,"2017. 7.30",札幌,1札2,500万,北辰特別500,7,7,マイネルヴンシュ,牡,3,丹内祐次, 54 ,9,3,１, ,芝2000,良,,(美),水野貴広,2003,-0.0,4,3,1,34.6,456,+20,
,"2017. 7.30",札幌,1札2,500万,500万下,4,4,サトノプライム,牡,3,古川吉洋, 54 ,12,2,１, ,ダ1700,良,,(栗),南井克巳,1449,-0.7,10,6,5,37.2,490,-8,
,"2017. 7.30",札幌,1札2,500万,500万下,1,1,メイショウテンシャ,牡,3,池添謙一, 54 ,12,3,１, ,芝1800,良,,(栗),池添兼雄,1473,-0.0,5,6,3,35.0,464,+2,
,"2017. 7.30",札幌,1札2,新馬,新馬,1,1,ハヤブサマカオー,牡,2,ルメール, 54 ,12,1,１, ,ダ1700,良,,(美),伊藤圭三,1473,-1.7,1,1,1,38.8,460,,
,"2017. 7.30",札幌,1札2,新馬,新馬,7,7,レイエンダ,牡,2,ルメール, 54 ,7,1,１, ,芝1800,良,,(美),藤沢和雄,1514,-0.2,7,7,5,34.5,474,,
,"2017. 7.30",札幌,1札2,未勝利,未勝利,4,5,ヤマニンペダラーダ,牡,3,池添謙一, 56 ,14,1,１, ,芝1500,良,,(栗),浅見秀一,1286,-0.2,5,4,3,35.5,460,+4,
,"2017. 7.30",札幌,1札2,未勝利,未勝利,1,1,マスラオ,牡,3,木幡初也,55☆,10,1,１, ,ダ1700,良,,(美),金成貴史,1472,-0.2,4,3,4,38.8,440,-8,
,"2017. 7.30",札幌,1札2,未勝利,未勝利,2,2,バングルバングル,牡,3,丹内祐次, 56 ,12,1,１, ,ダ1000,良,,(美),牧光二,0598,-0.0,,2,1,36.1,492,-2,
,"2017. 7.30",札幌,1札2,未勝利,未勝利・牝*,6,6,ヴーディーズピアス,牝,2,川田将雅, 54 ,6,2,１, ,芝1200,良,,(美),青木孝文,1104,-0.3,,2,1,35.9,464,+2,
,"2017. 7.29",札幌,1札1,1000万,阿寒湖特1000,5,5,ステイパーシスト,牡,4,ルメール, 57 ,8,1,１, ,芝2600,良,,(美),尾関知人,2403,-0.4,7,6,2,35.0,426,-4,
,"2017. 7.29",札幌,1札1,1600万,ＴＶｈＨ1600,6,6,ハッピーユニバンス,牝,5,蛯名正義, 52 ,10,8,１, ,芝1800,良,*,(栗),平田修,1461,-0.2,6,6,4,35.2,466,-10,
,"2017. 7.29",札幌,1札1,500万,羊ヶ丘特500,1,1,ドゥーカ,牡,4,藤岡佑介, 57 ,14,2,１, ,芝1500,良,,(栗),野中賢二,1274,-0.0,4,4,5,34.8,490,+8,
,"2017. 7.29",札幌,1札1,500万,500万下,7,8,バニーテール,牝,3,福永祐一, 52 ,11,3,１, ,ダ1700,良,,(栗),中内田充,1449,-0.6,2,2,1,36.2,476,+8,
,"2017. 7.29",札幌,1札1,500万,500万下・牝,1,1,サルドナ,牝,4,福永祐一, 55 ,14,3,１, ,芝1200,良,,(栗),中内田充,1084,-0.0,,1,1,34.8,490,+12,
,"2017. 7.29",札幌,1札1,500万,500万下,7,9,テイエムチェロキー,牡,3,古川吉洋, 54 ,12,1,１, ,ダ1000,良,*,(栗),杉山晴紀,0584,-0.9,,3,1,35.2,468,+10,
,"2017. 7.29",札幌,1札1,未勝利,未勝利,5,10,ゲイルバローズ,牡,3,ルメール, 56 ,16,1,１, ,芝2000,良,,(栗),藤岡健一,2021,-0.2,7,7,4,35.2,436,+6,
,"2017. 7.29",札幌,1札1,新馬,新馬,8,8,タワーオブロンドン,牡,2,ルメール, 54 ,9,2,１, ,芝1500,良,,(美),藤沢和雄,1304,-0.4,1,1,1,35.3,516,,
,"2017. 7.29",札幌,1札1,未勝利,未勝利,6,8,アシャカリブラ,牡,3,ティータ, 56 ,12,4,１, ,ダ1700,良,,(栗),斉藤崇史,1465,-0.1,3,5,3,37.7,508,-8,B
,"2017. 7.29",札幌,1札1,未勝利,未勝利,3,3,ハイクアウト,牡,3,古川吉洋, 56 ,12,2,１, ,ダ2400,良,,(栗),浜田多実,2355,-0.2,3,4,3,38.1,478,-6,
,"2017. 7.29",札幌,1札1,未勝利,未勝利・牝,7,10,クリノレオノール,牝,3,城戸義政,53☆,12,1,１, ,ダ1000,良,,(美),星野忍,0591,-0.1,,4,4,35.4,434,-4,
,"2017. 7.29",札幌,1札1,未勝利,未勝利*,3,3,リープフラウミルヒ,牝,2,丹内祐次, 54 ,7,2,１, ,芝1800,良,,(美),相沢郁,1494,-0.1,1,1,1,35.3,406,-4,
,"2016. 9. 4",札幌,2札6,1000万,釧路湿原1000,7,11,ドリームキラリ,牡,4,黛弘人, 57 ,13,5,１, ,ダ1700,良,,(栗),矢作芳人,1443,-0.5,1,1,1,36.4,476,+6,
,"2016. 9. 4",札幌,2札6,ｵｰﾌﾟﾝ,丹頂ＳＨ,8,13,ヤマカツライデン,牡,4,池添謙一, 53 ,13,4,１, ,芝2600,良,,(栗),池添兼雄,2411,-0.2,1,1,1,35.8,532,-4,
,"2016. 9. 4",札幌,2札6,ｵｰﾌﾟﾝ,すずらん,7,8,リエノテソーロ,牝,2,吉田隼人, 54 ,10,2,１, ,芝1200,良,,(美),武井亮,1103,-0.2,,3,3,34.9,444,+2,
,"2016. 9. 4",札幌,2札6,500万,500万下,3,5,ヴィンセンツイヤー,セ,5,黛弘人, 57 ,16,8,１, ,芝2000,良,,(美),松山将樹,2018,-0.3,3,4,4,36.2,476,-2,
,"2016. 9. 4",札幌,2札6,500万,500万下,3,3,デジタルフラッシュ,牡,5,ルメール, 57 ,13,2,１, ,ダ1700,良,,(美),杉浦宏昭,1465,-0.0,6,9,7,36.7,448,-10,
,"2016. 9. 4",札幌,2札6,500万,500万下,4,8,シンフォニア,牝,4,四位洋文, 55 ,16,4,１, ,芝1200,良,,(栗),昆貢,1103,-0.0,,14,14,34.1,478,-4,
,"2016. 9. 4",札幌,2札6,500万,500万下,5,6,ロマンチスト,牡,3,菱田裕二, 55 ,12,1,１, ,ダ1000,良,,(栗),浜田多実,0590,-0.2,,1,1,35.3,544,-6,
,"2016. 9. 4",札幌,2札6,未勝利,未勝利,5,10,レッドカルディア,牝,3,菱田裕二, 54 ,16,5,１, ,芝2000,良,,(栗),角居勝彦,2032,-0.1,2,2,1,36.3,458,0,
,"2016. 9. 4",札幌,2札6,未勝利,未勝利,5,6,コアコンピタンス,牡,3,ルメール, 56 ,13,2,１, ,ダ1700,良,,(美),国枝栄,1478,-0.2,1,1,1,37.1,500,-2,B
,"2016. 9. 4",札幌,2札6,未勝利,未勝利,2,2,スワーヴラーシド,牡,3,池添謙一, 56 ,12,1,１, ,ダ1000,良,,(美),大竹正博,0591,-0.1,,3,3,35.1,500,0,
,"2016. 9. 4",札幌,2札6,未勝利,未勝利*,5,8,コロラトゥーレ,牝,2,吉田隼人, 54 ,14,1,１, ,芝1200,良,,(栗),梅田智之,1107,-0.3,,2,2,35.2,428,-6,
,"2016. 9. 4",札幌,2札6,未勝利,未勝利*,6,9,ウィンドライジズ,牡,2,横山和生, 54 ,13,3,１, ,芝1500,良,,(美),牧光二,1312,-0.2,2,2,1,35.5,434,-2,
,"2016. 9. 3",札幌,2札5,1000万,日高特別1000,1,2,ラヴィエベール,牡,3,ルメール, 54 ,16,3,１, ,芝2000,良,,(美),藤沢和雄,2010,-0.3,8,7,4,34.8,496,+2,
,"2016. 9. 3",札幌,2札5,Ｇ３,札幌２歳G3,4,5,トラスト,牡,2,柴田大知, 54 ,13,5,１, ,芝1800,良,,[地],河津裕昭,1499,-0.4,1,1,1,36.0,456,0,
,"2016. 9. 3",札幌,2札5,1000万,札幌スポ1000,5,9,イッテツ,牡,4,武豊, 57 ,16,4,１, ,芝1200,良,,(美),斎藤誠,1094,-0.2,,2,2,34.3,490,+4,
,"2016. 9. 3",札幌,2札5,500万,500万下,6,9,コスモカナディアン,牡,3,柴田大知, 54 ,13,4,１, ,ダ1700,良,,(美),金成貴史,1447,-0.2,5,7,6,36.9,468,+4,
,"2016. 9. 3",札幌,2札5,500万,500万下,5,10,デルマサリーチャン,牝,5,ルメール, 55 ,16,6,１, ,芝2000,良,,(美),堀井雅広,2020,-0.0,5,5,5,35.8,486,+4,
,"2016. 9. 3",札幌,2札5,500万,500万下,4,5,ココ,牝,4,長岡禎仁,54☆,13,3,１, ,ダ1700,良,,(栗),加用正,1455,-0.0,5,3,3,36.3,524,-6,
,"2016. 9. 3",札幌,2札5,500万,500万下・牝,5,5,レディーピンク,牝,6,井上敏樹,53△,12,7,１, ,ダ1000,良,,(美),伊藤正徳,0594,-0.0,,3,4,35.5,450,+2,
,"2016. 9. 3",札幌,2札5,新馬,新馬,7,7,ヤマカツグレース,牝,2,松岡正海, 54 ,10,1,１, ,芝1500,良,,(栗),池添兼雄,1325,-0.1,4,4,2,35.2,454,,
,"2016. 9. 3",札幌,2札5,未勝利,未勝利,8,15,インジャスティス,牡,3,ルメール, 56 ,16,1,１, ,芝1200,良,,(美),藤沢和雄,1106,-0.0,,7,7,34.8,516,-2,
,"2016. 9. 3",札幌,2札5,未勝利,未勝利,2,2,トリプライト,牝,3,丸山元気, 54 ,13,11,１, ,ダ1700,良,,(栗),音無秀孝,1454,-0.2,2,2,1,37.8,460,-4,B
,"2016. 9. 3",札幌,2札5,未勝利,未勝利*,5,8,ユノディエール,牡,2,四位洋文, 54 ,15,3,１, ,芝2000,良,,(栗),岡田稲男,2052,-0.2,5,4,3,35.7,430,-2,
,"2016. 9. 3",札幌,2札5,未勝利,未勝利*,5,7,ララベスラーナ,牝,2,加藤祥太,53☆,13,8,１, ,ダ1700,良,,(栗),高橋義忠,1481,-0.0,3,2,3,38.4,468,0,
,"2016. 8.28",札幌,2札4,1000万,WASJ第４1000,8,13,メイクアップ,牡,5,永森大智, 58 ,14,6,１, ,芝1800,良,,(栗),谷潔,1505,-0.1,6,4,4,34.4,472,-10,
,"2016. 8.28",札幌,2札4,Ｇ３,キーンラG3,8,14,ブランボヌール,牝,3,戸崎圭太, 51 ,14,2,１, ,芝1200,良,,(栗),中竹和也,1085,-0.1,,5,5,34.0,438,+20,
,"2016. 8.28",札幌,2札4,1000万,WASJ第３1000,7,12,クリノハッチャン,牝,5,Ｍ．デム, 56 ,14,5,１, ,芝1200,良,,(美),高市圭二,1095,-0.0,,7,9,34.5,478,+8,
,"2016. 8.28",札幌,2札4,500万,ニセコ特500,5,6,カレンマタドール,セ,5,モレイラ, 57 ,13,1,１, ,ダ1700,良,,(栗),安田隆行,1475,-0.0,2,2,2,36.5,496,-6,B
,"2016. 8.28",札幌,2札4,500万,500万下,1,2,サトノメサイア,牡,4,モレイラ, 57 ,16,1,１, ,芝2000,良,,(美),堀宣行,2021,-0.2,12,12,7,36.0,520,+2,
,"2016. 8.28",札幌,2札4,500万,500万下,8,12,トーセンミッション,牡,4,加藤祥太,56☆,12,6,１, ,ダ1000,良,,(美),菅原泰夫,0590,-0.4,,8,5,35.4,502,-2,B
,"2016. 8.28",札幌,2札4,未勝利,未勝利,6,9,グランドバローズ,牡,3,モレイラ, 56 ,14,1,１, ,芝2600,良,,(美),堀宣行,2440,-0.5,6,7,3,36.4,476,+2,
,"2016. 8.28",札幌,2札4,新馬,新馬,4,4,サリーバットマン,牡,2,勝浦正樹, 54 ,11,8,１, ,ダ1700,良,,(美),鈴木伸尋,1482,-0.4,5,3,3,39.5,496,,
,"2016. 8.28",札幌,2札4,未勝利,未勝利,8,13,マカレア,牝,3,モレイラ, 54 ,14,3,１, ,芝1500,良,,(栗),高野友和,1291,-0.1,2,2,1,36.0,400,0,
,"2016. 8.28",札幌,2札4,未勝利,未勝利,8,13,ライトブリンガー,牡,3,モレイラ, 56 ,13,1,１, ,ダ1700,良,,(栗),佐々木晶,1462,-0.3,6,2,2,38.3,466,-2,B
,"2016. 8.28",札幌,2札4,未勝利,未勝利・牝,8,12,アッキー,牝,3,モレイラ, 54 ,13,2,１, ,ダ1700,良,,(美),高橋文雅,1461,-1.1,2,2,1,37.3,448,+20,
,"2016. 8.28",札幌,2札4,未勝利,未勝利*,1,1,サングレーザー,牡,2,武豊, 54 ,9,2,１, ,芝1800,良,,(栗),浅見秀一,1516,-0.2,7,3,2,35.1,474,0,
,"2016. 8.27",札幌,2札3,1000万,ポプラ特1000,5,7,サクラエンパイア,牡,3,モレイラ, 54 ,13,4,１, ,ダ1700,良,,(美),堀宣行,1446,-0.2,1,1,1,36.6,462,+4,B
,"2016. 8.27",札幌,2札3,1600万,WASJ第２1600,7,12,フェスティヴイェル,牡,5,Ｍ．デム, 58 ,14,11,１, ,芝2000,良,,(美),畠山吉宏,2016,-0.1,2,2,1,36.1,494,-8,
,"2016. 8.27",札幌,2札3,500万,千歳特別500,8,14,ドゥーカ,牡,3,内田博幸, 54 ,14,1,１, ,芝1500,良,,(栗),作田誠二,1291,-0.1,6,4,3,35.8,478,-6,
,"2016. 8.27",札幌,2札3,500万,WASJ第１500,3,3,タケルラムセス,牡,4,岩田康誠, 58 ,14,1,１, ,芝2600,良,,(美),田村康仁,2435,-0.3,8,3,2,36.6,476,0,
,"2016. 8.27",札幌,2札3,500万,500万下,4,5,マイネルプロンプト,セ,4,井上敏樹,55△,13,4,１, ,ダ1700,良,,(栗),坂口正則,1456,-0.0,3,3,3,38.6,464,+14,
,"2016. 8.27",札幌,2札3,500万,500万下・牝,8,15,オフクヒメ,牝,3,荻野琢真, 52 ,16,4,１, ,芝1200,良,,(栗),松下武士,1098,-0.1,,12,9,35.2,458,+14,
,"2016. 8.27",札幌,2札3,未勝利,未勝利,3,6,ミッキーディナシー,牝,3,ルメール, 54 ,16,1,１, ,芝2000,良,,(栗),角居勝彦,2023,-0.5,12,9,6,36.1,402,+4,
,"2016. 8.27",札幌,2札3,新馬,新馬,2,2,リエノテソーロ,牝,2,吉田隼人, 54 ,12,2,１, ,芝1200,良,,(美),武井亮,1103,-0.2,,3,2,35.7,442,,
,"2016. 8.27",札幌,2札3,未勝利,未勝利,2,2,イントゥザターフ,牡,3,内田博幸, 56 ,13,7,１, ,ダ1700,良,,(美),藤原辰雄,1471,-0.1,12,11,7,37.9,470,+4,
,"2016. 8.27",札幌,2札3,未勝利,未勝利,3,3,アッパレドンキ,牝,3,荻野琢真, 54 ,12,9,１, ,ダ1000,良,,(栗),藤原英昭,0594,-0.1,,1,1,36.1,412,-2,
,"2016. 8.27",札幌,2札3,未勝利,未勝利・牝*,3,3,キューバンマンボ,牝,2,吉田隼人, 54 ,9,3,１, ,芝1500,良,,(美),小西一男,1300,-0.3,3,3,3,36.3,430,+4,
,"2016. 8.27",札幌,2札3,未勝利,未勝利*,8,11,ハシルキセキ,牡,2,モレイラ, 54 ,12,2,１, ,ダ1000,良,,(美),伊藤正徳,0591,-0.6,,1,1,35.8,450,0,
,"2016. 8.21",札幌,2札2,500万,小樽特別500,6,10,コスモフレンチ,牡,3,丹内祐次, 54 ,15,2,１, ,芝1200,稍,,(美),岩戸孝樹,1110,-0.1,,5,5,36.3,506,+4,
,"2016. 8.21",札幌,2札2,Ｇ２,札幌記念G2,7,13,ネオリアリズム,牡,5,ルメール, 57 ,16,5,１, ,芝2000,稍,*,(美),堀宣行,2017,-0.3,1,1,1,36.9,496,-18,
,"2016. 8.21",札幌,2札2,1000万,おおぞら1000,8,11,メジャーフォルム,牝,4,加藤祥太, 55 ,12,6,１, ,ダ1000,重,,(美),大江原哲,0575,-0.1,,2,2,34.4,468,+6,
,"2016. 8.21",札幌,2札2,ｵｰﾌﾟﾝ,クローバ,2,2,ブラックオニキス,牝,2,城戸義政, 54 ,8,3,１, ,芝1500,稍,,(美),加藤和宏,1314,-0.2,2,4,3,36.7,408,+4,
,"2016. 8.21",札幌,2札2,500万,500万下・牝,6,8,ウインアキレア,牝,4,モレイラ, 55 ,12,1,１, ,芝2000,稍,,(栗),加用正,2024,-0.1,9,6,4,35.5,456,+2,
,"2016. 8.21",札幌,2札2,500万,500万下,6,9,ハギノスノーボール,牡,3,ルメール, 54 ,13,3,１, ,ダ1700,重,,(栗),松田国英,1444,-0.0,7,5,3,37.6,486,+2,
,"2016. 8.21",札幌,2札2,500万,500万下,7,10,オルフィーク,牝,4,原田和真,53△,12,1,１, ,ダ1000,重,,(美),小桧山悟,0580,-0.8,,1,1,34.8,500,+4,
,"2016. 8.21",札幌,2札2,新馬,新馬,6,7,ディープウォーリア,牡,2,ホワイト, 54 ,11,6,１, ,芝1800,稍,,(栗),中竹和也,1521,-0.3,3,2,1,35.5,464,,
,"2016. 8.21",札幌,2札2,未勝利,未勝利,6,11,ジングルベルロック,牝,3,モレイラ, 54 ,16,1,１, ,芝1200,稍,,(栗),高野友和,1107,-0.0,,1,1,35.9,448,+6,
,"2016. 8.21",札幌,2札2,未勝利,未勝利,7,10,ゴーストバローズ,牡,3,福永祐一, 56 ,13,2,１, ,ダ1700,重,,(美),小島太,1461,-0.2,5,3,1,38.2,448,0,
,"2016. 8.21",札幌,2札2,未勝利,未勝利,3,3,ウィーバービル,牡,3,ルメール, 56 ,12,1,１, ,ダ2400,重,,(美),木村哲也,2334,-0.2,5,3,3,39.0,508,-2,B
,"2016. 8.21",札幌,2札2,未勝利,未勝利*,6,6,ジャコマル,牡,2,横山和生, 54 ,9,5,１, ,芝1500,稍,,(栗),松永幹夫,1311,-0.4,2,2,1,36.5,452,-4,
,"2016. 8.20",札幌,2札1,500万,石狩特別500,5,8,ドルチャーリオ,牡,3,池添謙一, 54 ,14,3,１, ,芝1500,重,,(栗),池添兼雄,1306,-0.1,9,9,8,36.1,446,-2,
,"2016. 8.20",札幌,2札1,1000万,札幌日Ｈ1000,8,12,ウムブルフ,牡,3,モレイラ, 53 ,13,1,１, ,芝2600,重,,(美),堀宣行,2432,-0.8,9,7,1,35.8,458,-6,
,"2016. 8.20",札幌,2札1,500万,富良野特500,4,4,スパーキングジョイ,牡,3,吉田隼人, 54 ,12,4,１, ,芝1800,重,,(栗),藤岡健一,1515,-0.0,8,7,5,36.1,492,+6,
,"2016. 8.20",札幌,2札1,500万,500万下,2,2,ペイシャゴンジセ,牡,5,菱田裕二, 57 ,12,9,１, ,ダ2400,不,,(美),本間忍,2327,-0.4,1,1,1,40.4,482,+2,
,"2016. 8.20",札幌,2札1,500万,500万下・牝,7,10,ベーリングメファ,牝,4,モレイラ, 55 ,13,1,１, ,ダ1700,不,,(栗),牧浦充徳,1439,-0.9,4,4,1,37.2,458,0,
,"2016. 8.20",札幌,2札1,未勝利,未勝利,3,5,コスモレティクルム,牝,3,松岡正海, 54 ,16,9,１, ,芝2000,重,*,(美),田中清隆,2055,-0.1,8,9,6,37.1,438,+2,
,"2016. 8.20",札幌,2札1,未勝利,未勝利,5,7,インテグリティー,牡,3,井上敏樹,54△,13,2,１, ,ダ1700,不,,(栗),高橋義忠,1461,-0.5,2,2,1,37.0,474,-2,
,"2016. 8.20",札幌,2札1,新馬,新馬,8,11,レッドアンシェル,牡,2,福永祐一, 54 ,11,1,１, ,芝1500,稍,,(栗),庄野靖志,1338,-0.7,3,3,2,36.5,432,,
,"2016. 8.20",札幌,2札1,未勝利,未勝利,4,4,ハヤブサレディゴー,牝,3,吉田隼人, 54 ,12,1,１, ,ダ1000,稍,,(美),伊藤圭三,0594,-0.0,,1,1,35.8,482,0,
,"2016. 8.20",札幌,2札1,未勝利,未勝利・牝,8,13,ミスズマンボ,牝,3,城戸義政,52△,13,4,１, ,ダ1700,稍,,(栗),加藤敬二,1481,-0.3,3,3,2,38.1,456,+8,
,"2016. 8.20",札幌,2札1,未勝利,未勝利*,7,9,ビッグディザイア,牡,2,ルメール, 54 ,12,4,１, ,芝1800,良,,(栗),松永幹夫,1518,-0.1,7,7,7,35.5,538,-2,
,"2016. 8.20",札幌,2札1,未勝利,未勝利*,7,10,サクセスムーン,牝,2,長岡禎仁,52△,12,7,１, ,芝1200,良,,(美),上原博之,1099,-0.1,,1,1,35.6,436,-6,
,"2016. 8.14",札幌,1札6,1000万,報知杯Ｈ1000,6,8,ピグマリオン,セ,7,吉田隼人, 55 ,13,3,１, ,ダ1700,良,,(美),加藤征弘,1445,-0.0,6,4,3,37.2,464,-2,
,"2016. 8.14",札幌,1札6,Ｇ３,エルムＳG3,4,4,リッカルド,セ,5,黛弘人, 56 ,12,7,１, ,ダ1700,良,,(美),黒岩陽一,1435,-0.0,6,6,2,35.9,494,+2,
,"2016. 8.14",札幌,1札6,1000万,ＨＴＢ賞1000,6,8,ミッキーロケット,牡,3,池添謙一, 54 ,13,1,１, ,芝2000,良,,(栗),音無秀孝,2024,-0.1,9,7,5,34.0,478,0,
,"2016. 8.14",札幌,1札6,500万,500万下,2,2,ハナズレジェンド,牡,3,モレイラ, 54 ,14,1,１, ,芝1800,良,,(栗),矢作芳人,1482,-0.5,11,11,9,34.2,450,-6,
,"2016. 8.14",札幌,1札6,500万,500万下・牝,3,3,ミッキーグッドネス,牝,3,福永祐一, 52 ,14,1,１, ,芝1500,良,,(栗),安田隆行,1286,-0.2,3,3,4,34.5,410,+6,
,"2016. 8.14",札幌,1札6,500万,500万下,6,8,アメリカンストーム,牡,4,岩田康誠, 57 ,13,3,１, ,ダ1700,良,,(美),相沢郁,1464,-0.2,9,2,2,37.6,550,+4,
,"2016. 8.14",札幌,1札6,500万,500万下,6,8,タンタラスノオカ,牡,3,岩田康誠, 54 ,12,3,１, ,ダ1000,良,,(美),田中清隆,0588,-0.7,,5,4,34.8,478,+10,
,"2016. 8.14",札幌,1札6,新馬,新馬,2,2,コリエドール,牡,2,モレイラ, 54 ,7,1,１, ,芝1800,良,,(美),堀宣行,1528,-0.0,4,4,2,34.9,492,,
,"2016. 8.14",札幌,1札6,未勝利,未勝利,6,10,ラカリフォルニー,牝,3,モレイラ, 54 ,14,2,１, ,芝1500,良,,(美),木村哲也,1294,-0.4,1,1,1,35.4,472,0,
,"2016. 8.14",札幌,1札6,未勝利,未勝利・牝,1,1,ルピナスベル,牝,3,古川吉洋, 54 ,16,2,１, ,芝1200,良,,(栗),松下武士,1106,-0.2,,9,6,35.6,452,+4,
,"2016. 8.14",札幌,1札6,未勝利,未勝利,4,4,アポロリベリオン,牡,3,勝浦正樹, 56 ,13,6,１, ,ダ1700,良,,(美),栗田徹,1485,-0.2,4,4,2,38.6,472,-2,
,"2016. 8.14",札幌,1札6,未勝利,未勝利*,8,16,アポロミッション,牡,2,吉田隼人, 54 ,16,1,１, ,芝1200,良,,(美),堀井雅広,1108,-0.2,,1,1,35.8,458,-4,
,"2016. 8.13",札幌,1札5,500万,知床特別500,6,8,エニグマバリエート,牡,4,福永祐一, 57 ,12,1,１, ,芝2000,良,,(美),戸田博文,2017,-0.1,4,4,3,35.4,484,-8,
,"2016. 8.13",札幌,1札5,1000万,ＳＴＶ賞1000,4,5,ウインムート,牡,3,菱田裕二, 54 ,14,4,１, ,芝1500,良,,(栗),加用正,1288,-0.1,1,1,1,34.6,472,-4,
,"2016. 8.13",札幌,1札5,ｵｰﾌﾟﾝ,コスモス,8,9,サトノアリシア,牝,2,池添謙一, 54 ,10,1,１, ,芝1800,良,,(栗),平田修,1494,-0.0,6,6,2,35.0,458,-6,
,"2016. 8.13",札幌,1札5,500万,500万下,3,3,ドゥラリュール,牡,3,四位洋文, 54 ,13,3,１, ,ダ1700,良,,(美),藤原辰雄,1447,-0.4,6,6,4,36.1,468,0,
,"2016. 8.13",札幌,1札5,500万,500万下,3,5,イッテツ,牡,4,モレイラ, 57 ,16,1,１, ,芝1200,良,,(美),斎藤誠,1085,-0.1,,6,3,34.2,486,+8,
,"2016. 8.13",札幌,1札5,500万,500万下・牝,7,11,レインボーソング,牝,4,菱田裕二, 55 ,13,6,１, ,ダ1700,良,,(栗),中内田充,1458,-0.1,6,3,2,37.3,484,0,
,"2016. 8.13",札幌,1札5,未勝利,未勝利,6,12,アスターサムソン,セ,3,池添謙一, 56 ,16,3,１, ,芝2000,良,,(栗),中竹和也,2017,-0.1,13,10,4,35.9,478,-2,
,"2016. 8.13",札幌,1札5,新馬,新馬・牝,6,6,ヴィーナスフローラ,牝,2,福永祐一, 54 ,11,1,１, ,芝1500,良,,(栗),須貝尚介,1311,-0.2,5,3,3,35.7,480,,
,"2016. 8.13",札幌,1札5,未勝利,未勝利,2,2,トゥルーラヴキッス,牡,3,モレイラ, 56 ,13,4,１, ,ダ1700,良,,(美),藤沢和雄,1455,-0.9,3,4,3,36.1,526,,
,"2016. 8.13",札幌,1札5,未勝利,未勝利,6,7,ジュラーレ,牝,3,坂井瑠星,51▲,12,2,１, ,ダ1000,良,,(栗),日吉正和,0599,-0.1,,10,10,35.2,412,0,
,"2016. 8.13",札幌,1札5,未勝利,未勝利*,4,6,エトルディーニュ,牡,2,原田和真,52△,14,6,１, ,芝1800,良,,(美),小桧山悟,1505,-0.3,2,2,1,35.6,476,0,
,"2016. 8.13",札幌,1札5,未勝利,未勝利*,3,3,ハヤブサナンデダロ,牡,2,吉田隼人, 54 ,13,5,１, ,ダ1700,良,,(美),伊藤圭三,1450,-0.9,1,1,1,37.4,510,+16,
,"2016. 8. 7",札幌,1札4,1000万,藻岩山Ｈ1000,3,3,パリカラノテガミ,牡,5,柴山雄一, 54 ,14,5,１, ,芝1800,良,,(美),清水英克,1479,-0.0,5,7,6,34.3,454,+4,
,"2016. 8. 7",札幌,1札4,ｵｰﾌﾟﾝ,ＵＨＢ賞Ｈ,3,3,クリスマス,牝,5,勝浦正樹, 53 ,14,1,１, ,芝1200,良,,(美),伊藤大士,1080,-0.2,,3,3,34.0,456,+4,
,"2016. 8. 7",札幌,1札4,1000万,大倉山特1000,6,7,シャドウチェイサー,セ,4,ルメール, 57 ,12,2,１, ,ダ1700,良,,(美),藤沢和雄,1444,-0.3,1,1,1,37.4,458,-12,
,"2016. 8. 7",札幌,1札4,500万,500万下,2,2,ウインヴォラーレ,牡,3,松岡正海, 54 ,13,7,１, ,芝2600,良,,(美),手塚貴久,2414,-0.2,1,1,1,35.2,474,+24,
,"2016. 8. 7",札幌,1札4,500万,500万下,2,3,ヴェラヴァルスター,牡,4,ルメール, 57 ,16,1,１, ,芝2000,良,,(美),木村哲也,2009,-0.6,11,10,7,34.6,490,-14,
,"2016. 8. 7",札幌,1札4,500万,500万下,8,12,ウリボー,牡,4,吉田隼人, 57 ,12,10,１, ,ダ1000,良,,(栗),森秀行,0588,-0.1,,7,7,35.1,512,-15,
,"2016. 8. 7",札幌,1札4,500万,500万下・牝,7,11,ロックキャンディ,牝,4,丸山元気, 55 ,13,4,１, ,ダ1700,良,,(美),根本康広,1453,-0.2,12,2,2,36.8,502,+14,
,"2016. 8. 7",札幌,1札4,新馬,新馬,3,3,インヴィクタ,牡,2,ルメール, 54 ,10,1,１, ,芝1800,良,,(栗),友道康夫,1536,-0.0,6,6,2,35.1,464,,
,"2016. 8. 7",札幌,1札4,未勝利,未勝利,2,4,マイネルロタシオン,牡,3,黛弘人, 56 ,16,12,１, ,芝1200,良,,(美),菊沢隆徳,1096,-0.0,,1,1,35.0,480,-2,
,"2016. 8. 7",札幌,1札4,未勝利,未勝利,5,7,ダノングランツ,牡,3,坂井瑠星,53▲,13,6,１, ,ダ1700,良,,(栗),池江泰寿,1463,-0.2,2,1,1,37.3,442,0,
,"2016. 8. 7",札幌,1札4,未勝利,未勝利,3,3,ロイヤルフレア,牝,3,丸山元気, 54 ,12,6,１, ,ダ1000,良,,(美),金成貴史,0592,-0.2,,1,1,35.9,428,+10,
,"2016. 8. 7",札幌,1札4,未勝利,未勝利*,8,10,ブラックオニキス,牝,2,城戸義政,52△,11,7,１, ,芝1500,良,,(美),加藤和宏,1322,-0.2,1,1,1,34.9,404,0,
,"2016. 8. 6",札幌,1札3,1000万,ＨＢＣ賞1000,8,16,クードラパン,牝,3,菱田裕二, 52 ,16,6,１, ,芝1200,良,,(美),久保田貴,1088,-0.0,,3,2,34.9,492,0,
,"2016. 8. 6",札幌,1札3,ｵｰﾌﾟﾝ,札幌日経,7,11,モンドインテロ,牡,4,ルメール, 56 ,14,1,１, ,芝2600,良,,(美),手塚貴久,2398,-0.1,9,8,5,35.2,480,+2,
,"2016. 8. 6",札幌,1札3,500万,十勝岳特500,6,10,ロッカフラベイビー,牝,4,ルメール, 55 ,14,2,１, ,芝1800,良,,(美),鹿戸雄一,1484,-0.4,5,6,3,34.5,454,0,
,"2016. 8. 6",札幌,1札3,500万,500万下,3,3,ケルティックソード,牡,3,坂井瑠星,51▲,13,3,１, ,ダ1700,良,,(栗),須貝尚介,1457,-0.4,3,3,2,37.6,498,0,
,"2016. 8. 6",札幌,1札3,500万,500万下,6,11,オウケンビリーヴ,牝,3,福永祐一, 52 ,16,1,１, ,芝1200,良,,(栗),安田隆行,1089,-0.0,,7,5,34.9,482,+18,
,"2016. 8. 6",札幌,1札3,500万,500万下,5,6,フレンドミラクル,牡,3,松岡正海, 54 ,12,2,１, ,ダ2400,良,,(美),南田美知,2338,-1.0,2,2,1,38.4,454,+2,
,"2016. 8. 6",札幌,1札3,未勝利,未勝利・牝,1,1,ブレイクマイハート,牝,3,松岡正海, 54 ,16,1,１, ,芝2000,良,,(美),国枝栄,2027,-0.1,8,6,3,37.1,444,+10,
,"2016. 8. 6",札幌,1札3,新馬,新馬,3,3,ヴァルツァー,牝,2,長岡禎仁,52△,12,6,１, ,芝1200,良,,(美),小島茂之,1107,-0.3,,1,1,35.0,392,,
,"2016. 8. 6",札幌,1札3,未勝利,未勝利,3,3,ピエナクルーズ,牡,3,古川吉洋, 56 ,13,1,１, ,ダ1700,良,,(栗),飯田祐史,1472,-0.0,7,5,2,38.8,436,-6,
,"2016. 8. 6",札幌,1札3,未勝利,未勝利,2,2,エアワイバーン,牡,3,ルメール, 56 ,11,1,１, ,芝2600,良,,(栗),角居勝彦,2434,-0.2,8,6,5,35.2,536,+12,
,"2016. 8. 6",札幌,1札3,未勝利,未勝利・牝,4,4,ハンナ,牝,3,井上敏樹,52△,13,12,１, ,ダ1700,良,,(美),大江原哲,1472,-0.1,2,2,2,38.2,402,+2,
,"2016. 8. 6",札幌,1札3,未勝利,未勝利*,6,7,ブランオラージュ,牡,2,勝浦正樹, 54 ,12,2,１, ,ダ1000,良,,(美),田村康仁,0595,-0.0,,3,3,35.6,416,0,
,"2016. 7.31",札幌,1札2,1000万,大通特別1000,4,5,コスモカウピリ,牡,5,黛弘人, 57 ,13,7,１, ,ダ1700,良,,(美),高橋祥泰,1454,-0.2,7,7,3,37.3,496,-6,
,"2016. 7.31",札幌,1札2,Ｇ３,クイーンG3,2,2,マコトブリジャール,牝,6,四位洋文, 55 ,13,9,１, ,芝1800,良,,(栗),鮫島一歩,1477,-0.0,4,4,4,33.8,400,-2,
,"2016. 7.31",札幌,1札2,1000万,道新スポ1000,2,2,アールブリュット,牝,4,福永祐一, 55 ,13,3,１, ,芝1500,良,,(美),戸田博文,1285,-0.0,4,6,5,34.3,478,+2,
,"2016. 7.31",札幌,1札2,500万,北辰特別500,1,1,ケンホファヴァルト,牡,3,ルメール, 54 ,8,2,１, ,芝2000,良,,(栗),森秀行,2009,-0.1,1,1,1,34.8,446,-2,
,"2016. 7.31",札幌,1札2,500万,500万下,2,2,ディアドナテロ,牡,4,戸崎圭太, 57 ,13,2,１, ,ダ1700,良,,(美),池上昌弘,1452,-0.4,5,3,2,37.3,482,-8,B
,"2016. 7.31",札幌,1札2,500万,500万下,2,2,ブレイクザポケット,牡,4,三浦皇成, 57 ,11,1,１, ,芝1800,良,,(美),萩原清,1478,-0.3,9,8,3,35.3,430,-4,
,"2016. 7.31",札幌,1札2,新馬,新馬,3,3,ビーチマリカ,牝,2,四位洋文, 54 ,11,1,１, ,ダ1700,稍,,(栗),加用正,1467,-0.8,2,2,1,37.8,466,,
,"2016. 7.31",札幌,1札2,新馬,新馬,3,3,ソウルスターリング,牝,2,ルメール, 54 ,8,1,１, ,芝1800,良,,(美),藤沢和雄,1514,-0.0,5,6,4,34.2,480,,
,"2016. 7.31",札幌,1札2,未勝利,未勝利,1,1,ドルチャーリオ,牡,3,池添謙一, 56 ,13,1,１, ,芝1500,良,,(栗),池添兼雄,1294,-0.2,11,9,7,34.2,448,+2,
,"2016. 7.31",札幌,1札2,未勝利,未勝利,6,6,ロバストミノル,牡,3,松岡正海, 56 ,10,1,１, ,ダ1700,稍,,(栗),本田優,1465,-0.0,3,3,2,37.5,488,-4,
,"2016. 7.31",札幌,1札2,未勝利,未勝利,2,2,アンペラール,牡,3,池添謙一, 56 ,12,1,１, ,ダ1000,稍,,(栗),池添兼雄,0597,-0.1,,2,2,35.7,428,-12,
,"2016. 7.31",札幌,1札2,未勝利,未勝利・牝*,8,8,アンジュデジール,牝,2,四位洋文, 54 ,9,1,１, ,芝1200,良,,(栗),昆貢,1106,-0.2,,3,3,34.7,462,+2,
,"2016. 7.30",札幌,1札1,1000万,阿寒湖特1000,7,11,カフジプリンス,牡,3,福永祐一, 54 ,13,2,１, ,芝2600,良,,(栗),矢作芳人,2393,-0.8,8,8,7,35.1,518,+4,
,"2016. 7.30",札幌,1札1,1600万,ＴＶｈＨ1600,6,6,サンソヴール,牝,5,ティータ, 52 ,10,4,１, ,芝1800,良,,(美),和田正一,1476,-0.1,3,3,2,34.4,448,+10,
,"2016. 7.30",札幌,1札1,500万,羊ヶ丘特500,4,4,ウインムート,牡,3,菱田裕二, 54 ,13,1,１, ,芝1500,良,*,(栗),加用正,1287,-0.1,2,3,3,34.8,476,-8,
,"2016. 7.30",札幌,1札1,500万,500万下,8,13,ドラゴンシュバリエ,牡,3,福永祐一, 54 ,13,1,１, ,ダ1700,稍,,(栗),角田晃一,1449,-0.0,5,3,3,37.1,508,+4,
,"2016. 7.30",札幌,1札1,500万,500万下・牝,8,16,セレッソブランコ,牝,4,坂井瑠星,52▲,16,6,１, ,芝1200,良,,(栗),奥村豊,1088,-0.2,,1,1,34.6,476,+6,
,"2016. 7.30",札幌,1札1,500万,500万下,7,9,ラスパジャサーダス,牝,4,松岡正海, 55 ,12,1,１, ,ダ1000,重,,(美),中舘英二,0584,-0.2,,1,1,35.1,450,+12,
,"2016. 7.30",札幌,1札1,未勝利,未勝利,2,2,ホーリーフルーツ,牝,3,ティータ, 54 ,8,1,１, ,芝2000,良,,(美),堀宣行,2026,-0.5,2,2,1,35.1,474,-2,
,"2016. 7.30",札幌,1札1,新馬,新馬,8,9,ミスパンテール,牝,2,四位洋文, 54 ,9,3,１, ,芝1500,良,,(栗),昆貢,1329,-0.2,7,7,7,34.1,504,,
,"2016. 7.30",札幌,1札1,未勝利,未勝利,6,7,ウインドオブホープ,セ,3,三浦皇成, 56 ,11,6,１, ,ダ1700,重,,(美),鹿戸雄一,1464,-0.2,3,2,1,38.3,514,-14,
,"2016. 7.30",札幌,1札1,未勝利,未勝利,6,6,トウカイハッピー,牡,3,四位洋文, 56 ,11,3,１, ,ダ2400,重,,(栗),野中賢二,2349,-0.1,8,6,5,38.1,490,0,
,"2016. 7.30",札幌,1札1,未勝利,未勝利・牝,3,3,イエロースター,牝,3,三浦皇成, 54 ,12,2,１, ,ダ1000,重,,(美),池上昌弘,0590,-0.5,,1,1,35.5,492,+2,
,"2016. 7.30",札幌,1札1,未勝利,未勝利*,6,6,ニシノキララコ,牝,2,井上敏樹,52△,10,8,１, ,芝1800,良,,(美),萱野浩二,1505,-0.3,5,6,4,35.3,434,-4,
